   21    121663.096      821.9419  /          /       0.0040     1
   25    121585.408      822.4671  /          /       0.0040     2
    5    121547.299      822.7250  /          /       0.0040     3
   -2    121489.404      823.1171  /          /       0.0040     4
   -2    121279.416      824.5422  /          /       0.0040     5
    9    121229.786      824.8798  /          /       0.0040     6
   18    121152.798      825.4040  /          /       0.0040     7
   32    121066.996      825.9889  /          /       0.0040     8
   -2    120868.588      827.3448  /          /       0.0040     9
   -2    120753.401      828.1340  /          /       0.0040    10
   -2    120748.300      828.1690  /          /       0.0040    11
   38    120719.893      828.3639  /          /       0.0040    12
   10    120579.997      829.3250  /          /       0.0040    13
    6    120473.092      830.0609  /          /       0.0040    14
   -1    120425.907      830.3861  /          /       0.0040    15
    6    120347.505      830.9271  /          /       0.0040    16
   -1    120317.217      831.1362  /          /       0.0040    17
   52    120298.412      831.2662  /          /       0.0040    18
   22    120214.587      831.8458  /          /       0.0040    19
   10    120204.003      831.9191  /          /       0.0040    20
   -1    120190.410      832.0131  /          /       0.0040    21
   -1    120168.607      832.1641  /          /       0.0040    22
    6    120101.207      832.6311  /          /       0.0040    23
   22    120020.614      833.1902  /          /       0.0040    24
   22    119979.191      833.4779  /          /       0.0040    25
   -1    119815.412      834.6172  /          /       0.0040    26
   26    119639.698      835.8430  /        bl/       0.0080    27
   -1    119575.010      836.2951  /          /       0.0040    28
   20    119510.889      836.7438  /          /       0.0040    29
   10    119442.497      837.2230  /          /       0.0040    30
    6    119372.789      837.7119  /          /       0.0040    31
   -1    119216.617      838.8092  /          /       0.0040    32
   33    119199.010      838.9331  /          /       0.0040    33
   33    119138.692      839.3579  /         h/       0.0080    34
    6    119122.204      839.4741  /          /       0.0040    35
   -1    119114.403      839.5290  /          /       0.0040    36
   -1    119101.613      839.6192  /          /       0.0040    37
   40    119048.309      839.9951  /          /       0.0040    38
   40    119039.514      840.0572  /          /       0.0040    39
   20    119007.689      840.2818  /          /       0.0040    40
   17    118982.601      840.4590  /          /       0.0040    41
   22    118924.302      840.8710  /        cl/       0.0080    42
   33    118921.606      840.8901  /        cl/       0.0080    43
   13    118903.914      841.0152  /          /       0.0040    44
   20    118845.888      841.4258  /          /       0.0040    45
   29    118817.313      841.6282  /        bl/       0.0080    46
   -1    118796.009      841.7791  /          /       0.0040    47
   10    118766.219      841.9903  /          /       0.0040    48
   -1    118746.504      842.1301  /          /       0.0040    49
   -1    118710.702      842.3840  /          /       0.0040    50
   36    118694.795      842.4969  /          /       0.0040    51
   23    118580.092      843.3119  /        cl/       0.0080    52
   53    118576.406      843.3381  /          /       0.0040    53
   36    118547.714      843.5422  /        bl/       0.0080    54
   23    118499.293      843.8869  /          /       0.0040    55
    7    118483.698      843.9980  /          /       0.0040    56
   46    118427.996      844.3949  /          /       0.0040    57
   11    118372.898      844.7880  /          /       0.0040    58
   16    118333.984      845.0658  /          /       0.0040    59
   23    118310.818      845.2312  /          /       0.0040    60
   19    118243.814      845.7102  /          /       0.0040    61
    7    118174.105      846.2091  /          /       0.0040    62
    7    118124.407      846.5651  /          /       0.0040    63
   11    117997.707      847.4741  /          /       0.0040    64
    0    117962.209      847.7291  /          /       0.0040    65
    0    117863.391      848.4399  /          /       0.0040    66
   23    117833.212      848.6572  /          /       0.0040    67
    0    117824.788      848.7178  /          /       0.0040    68
   30    117674.311      849.8031  /          /       0.0040    69
   30    117661.598      849.8950  /          /       0.0040    70
    0    117645.512      850.0112  /          /       0.0040    71
    0    117638.606      850.0611  /          /       0.0040    72
   23    117625.490      850.1559  /        bl/       0.0080    73
   16    117601.287      850.3308  /          /       0.0040    74
   16    117522.203      850.9030  /          /       0.0040    75
   27    117485.607      851.1681  /          /       0.0040    76
   53    117467.288      851.3008  /          /       0.0040    77
   21    117458.995      851.3609  /          /       0.0040    78
   11    117448.388      851.4378  /          /       0.0040    79
    7    117436.501      851.5240  /          /       0.0040    80
    7    117389.206      851.8671  /          /       0.0040    81
    0    117237.697      852.9680  /          /       0.0040    82
    0    117225.891      853.0539  /          /       0.0040    83
    0    117216.801      853.1200  /          /       0.0040    84
   14    117201.810      853.2291  /          /       0.0040    85
    7    117189.602      853.3180  /          /       0.0040    86
   23    117176.586      853.4128  /          /       0.0040    87
    7    117125.906      853.7821  /          /       0.0040    88
    0    117061.201      854.2540  /          /       0.0040    89
    0    117001.204      854.6921  /          /       0.0040    90
    0    116953.888      855.0378  /          /       0.0040    91
    0    116901.388      855.4218  /          /       0.0040    92
   30    116860.910      855.7181  /          /       0.0040    93
   11    116848.614      855.8082  /          /       0.0040    94
   30    116796.211      856.1922  /          /       0.0040    95
    0    116783.517      856.2852  /          /       0.0040    96
    7    116721.509      856.7401  /         h/       0.0080    97
    0    116709.804      856.8260  /          /       0.0040    98
    0    116673.709      857.0911  /          /       0.0040    99
    0    116657.510      857.2101  /          /       0.0040   100
   17    116638.783      857.3478  /          /       0.0040   101
    0    116602.591      857.6139  /          /       0.0040   102
   21    116587.785      857.7228  /          /       0.0040   103
   20    116400.605      859.1021  /          /       0.0040   104
    1    116373.910      859.2991  /          /       0.0040   105
    1    116341.187      859.5408  /          /       0.0040   106
   12    116315.596      859.7299  /          /       0.0040   107
    7    116285.007      859.9561  /          /       0.0040   108
   12    116236.788      860.3128  /          /       0.0040   109
    8    116208.512      860.5222  /          /       0.0040   110
    8    116181.688      860.7208  /          /       0.0040   111
    1    116102.607      861.3071  /          /       0.0040   112
    1    116076.893      861.4979  /          /       0.0040   113
    8    116071.898      861.5350  /          /       0.0040   114
    1    115978.714      862.2272  /          /       0.0040   115
    8    115951.815      862.4272  /          /       0.0040   116
    8    115898.609      862.8231  /          /       0.0040   117
   12    115857.289      863.1308  /         h/       0.0080   118
    1    115828.005      863.3491  /          /       0.0040   119
   22    115748.616      863.9412  /          /       0.0040   120
    1    115697.896      864.3200  /          /       0.0040   121
    1    115662.810      864.5821  /          /       0.0040   122
    1    115618.988      864.9098  /          /       0.0040   123
   15    115435.419      866.2852  /          /       0.0040   124
    1    115152.418      868.4142  /          /       0.0040   125
    1    115142.390      868.4899  /          /       0.0040   126
   24    115133.385      868.5578  /          /       0.0040   127
    1    114995.687      869.5978  /          /       0.0040   128
    1    114824.688      870.8929  /          /       0.0040   129
    8    114801.488      871.0688  /          /       0.0040   130
   12    114718.499      871.6990  /          /       0.0040   131
    1    114687.816      871.9322  /          /       0.0040   132
   35    114665.209      872.1041  /          /       0.0040   133
    1    114604.106      872.5691  /          /       0.0040   134
    1    114449.316      873.7492  /          /       0.0040   135
    1    114409.800      874.0510  /          /       0.0040   136
    1    114397.213      874.1472  /          /       0.0040   137
    1    114393.812      874.1732  /          /       0.0040   138
    1    114353.516      874.4812  /          /       0.0040   139
    8    114327.509      874.6801  /          /       0.0040   140
    1    114241.420      875.3393  /          /       0.0040   141
    1    114115.507      876.3051  /          /       0.0040   142
    8    114109.003      876.3550  /          /       0.0040   143
   24    113867.312      878.2152  /          /       0.0040   144
    1    113798.114      878.7492  /          /       0.0040   145
   24    113708.598      879.4410  /          /       0.0040   146
    8    113657.011      879.8401  /          /       0.0040   147
   24    113597.219      880.3032  /          /       0.0040   148
   12    113431.294      881.5909  /          /       0.0040   149
    2    113335.504      882.3360  /          /       0.0040   150
   13    113251.587      882.9898  /          /       0.0040   151
   13    113142.902      883.8380  /          /       0.0040   152
   38    113101.984      884.1578  /          /       0.0040   153
   32    112958.715      885.2792  /          /       0.0040   154
    9    112920.994      885.5749  /          /       0.0040   155
    9    112837.117      886.2332  /          /       0.0040   156
   16    112693.813      887.3602  /          /       0.0040   157
    2    112580.012      888.2571  /          /       0.0040   158
    9    112448.499      889.2960  /          /       0.0040   159
    2    112324.707      890.2761  /          /       0.0040   160
   13    111775.912      894.6471  /          /       0.0040   161
    2    111585.709      896.1721  /          /       0.0040   162
   13    110742.098      902.9990  /          /       0.0040   163
    9    110648.104      903.7661  /          /       0.0040   164
    9    110572.222      904.3863  /          /       0.0040   165
    2    110241.086      907.1028  /          /       0.0040   166
   16    109902.905      909.8941  /          /       0.0040   167
    2    109608.284      912.3398  /          /       0.0040   168
   43    109430.117      913.8252  /          /       0.0040   169
    2    109333.213      914.6352  /          /       0.0040   170
    2    108695.299      920.0030  /          /       0.0040   171
   39    107393.716      931.1532  /          /       0.0040   172
   13    107273.590      932.1959  /          /       0.0040   173
    9    107057.900      934.0740  /          /       0.0040   174
   18    106955.301      934.9700  /          /       0.0040   175
   13    106946.604      935.0461  /          /       0.0040   176
   18    106803.814      936.2962  /          /       0.0040   177
   22    104727.711      954.8571  /          /       0.0040   178
   24    103750.696      963.8490  /          /       0.0040   179
    1    103677.315      964.5312  /          /       0.0040   180
   24    103593.320      965.3132  /          /       0.0040   181
    8    103462.798      966.5310  /          /       0.0040   182
    8    103290.822      968.1402  /          /       0.0040   183
   31    103189.595      969.0900  /          /       0.0040   184
   24    103085.889      970.0649  /          /       0.0040   185
   17    103015.588      970.7269  /          /       0.0040   186
    1    102948.626      971.3583  /          /       0.0040   187
   24    102915.086      971.6748  /          /       0.0040   188
    8    102864.998      972.1480  /          /       0.0040   189
    1    102852.814      972.2631  /          /       0.0040   190
   12    102764.382      973.0998  /          /       0.0040   191
    8    102645.081      974.2308  /          /       0.0040   192
   24    102388.100      976.6760  /          /       0.0040   193
   20    102257.008      977.9281  /          /       0.0040   194
   14    102249.392      978.0009  /          /       0.0040   195
    1    102122.303      979.2180  /        **/       0.0080   196
    7    102072.694      979.6939  /          /       0.0040   197
    1    102051.316      979.8992  /          /       0.0040   198
    0    101797.775      982.3397  /          /       0.0040   199
   30    101759.512      982.7091  /          /       0.0040   200
   14    101750.508      982.7961  /          /       0.0040   201
   21    101681.707      983.4611  /          /       0.0040   202
   11    101633.579      983.9268  /          /       0.0040   203
   11    101510.488      985.1199  /          /       0.0040   204
    7    101432.211      985.8801  /          /       0.0040   205
    7    101314.781      987.0228  /          /       0.0040   206
   14    101281.811      987.3441  /          /       0.0040   207
   11    101218.687      987.9599  /          /       0.0040   208
   41    101214.487      988.0009  /          /       0.0040   209
    7    101178.412      988.3531  /          /       0.0040   210
   30    101073.299      989.3810  /          /       0.0040   211
    7    101048.187      989.6269  /          /       0.0040   212
   16    100933.618      990.7502  /          /       0.0040   213
   34    100797.807      992.0851  /          /       0.0040   214
   16    100789.291      992.1689  /          /       0.0040   215
   14    100662.178      993.4218  /          /       0.0040   216
    0    100644.111      993.6001  /          /       0.0040   217
    7    100639.884      993.6418  /          /       0.0040   218
   46    100624.387      993.7949  /          /       0.0040   219
    7    100596.016      994.0752  /          /       0.0040   220
    0    100591.187      994.1229  /        **/       0.0080   221
   11    100565.188      994.3799  /          /       0.0040   222
   18    100548.496      994.5450  /          /       0.0040   223
   42    100543.117      994.5982  /          /       0.0040   224
   11    100464.423      995.3772  /          /       0.0040   225
   16    100450.008      995.5201  /         h/       0.0080   226
    7    100444.885      995.5709  /          /       0.0040   227
    6    100405.920      995.9572  /          /       0.0040   228
   23    100369.279      996.3208  /          /       0.0040   229
   16    100358.791      996.4249  /          /       0.0040   230
   -1    100312.487      996.8849  /        **/       0.0080   231
   22    100296.087      997.0479  /          /       0.0040   232
   -1    100117.419      998.8272  /          /       0.0040   233
   22    100107.007      998.9311  /          /       0.0040   234
   10    100088.289      999.1179  /        **/       0.0080   235
   33    100050.113      999.4991  /          /       0.0040   236
   15     99997.700     1000.0230  /          /       0.0040   237
   10     99964.906     1000.3511  /          /       0.0040   238
   19     99947.514     1000.5251  /          /       0.0040   239
   43     99937.020     1000.6302  /        **/       0.0080   240
   29     99880.422     1001.1972  /        cl/       0.0080   241
   38     99877.725     1001.2242  /        cl/       0.0080   242
   13     99847.417     1001.5282  /          /       0.0040   243
   29     99796.907     1002.0351  /        bl/       0.0080   244
   -1     99728.320     1002.7242  /          /       0.0040   245
   -1     99713.212     1002.8761  /          /       0.0040   246
   22     99675.229     1003.2583  /          /       0.0040   247
   20     99661.226     1003.3993  /          /       0.0040   248
   -1     99575.903     1004.2590  /          /       0.0040   249
    6     99548.773     1004.5327  /          /       0.0040   250
   33     99511.200     1004.9120  /          /       0.0040   251
   10     99474.786     1005.2799  /          /       0.0040   252
   -1     99444.700     1005.5840  /          /       0.0040   253
   15     99435.602     1005.6760  /          /       0.0040   254
   22     99417.705     1005.8571  /        **/       0.0080   255
   10     99381.723     1006.2212  /          /       0.0040   256
   10     99365.725     1006.3832  /          /       0.0040   257
   15     99336.317     1006.6812  /          /       0.0040   258
   10     99321.716     1006.8292  /          /       0.0040   259
   -1     99296.194     1007.0879  /          /       0.0040   260
   18     99271.722     1007.3362  /          /       0.0040   261
   -1     99266.212     1007.3921  /          /       0.0040   262
   36     99259.611     1007.4591  /        **/       0.0080   263
   36     99221.405     1007.8470  /          /       0.0040   264
   29     99184.701     1008.2200  /         h/       0.0080   265
    6     99178.304     1008.2850  /          /       0.0040   266
   10     99153.613     1008.5361  /          /       0.0040   267
   61     99146.176     1008.6118  /          /       0.0040   268
   26     99133.388     1008.7419  /          /       0.0040   269
   -1     99114.109     1008.9381  /          /       0.0040   270
   -1     99105.189     1009.0289  /          /       0.0040   271
   -1     99052.086     1009.5699  /          /       0.0040   272
   -1     99034.407     1009.7501  /          /       0.0040   273
   28     99006.584     1010.0338  /          /       0.0040   274
   28     98994.902     1010.1530  /          /       0.0040   275
   28     98982.282     1010.2818  /          /       0.0040   276
   38     98955.018     1010.5602  /          /       0.0040   277
   21     98920.391     1010.9139  /          /       0.0040   278
   39     98910.797     1011.0120  /          /       0.0040   279
   21     98881.921     1011.3072  /          /       0.0040   280
   37     98832.891     1011.8089  /          /       0.0040   281
   58     98804.384     1012.1008  /          /       0.0040   282
    5     98784.923     1012.3002  /          /       0.0040   283
   -2     98740.088     1012.7599  /          /       0.0040   284
   14     98733.078     1012.8318  /        **/       0.0080   285
   42     98702.824     1013.1422  /          /       0.0040   286
   14     98682.199     1013.3540  /          /       0.0040   287
   44     98671.691     1013.4619  /          /       0.0040   288
   32     98640.716     1013.7802  /          /       0.0040   289
   12     98634.798     1013.8410  /          /       0.0040   290
   44     98599.693     1014.2019  /          /       0.0040   291
   21     98596.884     1014.2308  /        cl/       0.0080   292
   32     98558.886     1014.6219  /          /       0.0040   293
   21     98546.421     1014.7502  /          /       0.0040   294
    9     98540.114     1014.8151  /          /       0.0040   295
    9     98517.701     1015.0460  /          /       0.0040   296
   19     98505.684     1015.1698  /          /       0.0040   297
   32     98495.589     1015.2739  /          /       0.0040   298
   -2     98489.188     1015.3399  /          /       0.0040   299
   14     98476.682     1015.4688  /          /       0.0040   300
    5     98454.382     1015.6988  /          /       0.0040   301
   21     98451.379     1015.7298  /          /       0.0040   302
   28     98446.015     1015.7851  /          /       0.0040   303
   51     98379.595     1016.4709  /          /       0.0040   304
   14     98356.088     1016.7139  /          /       0.0040   305
   21     98329.293     1016.9909  /          /       0.0040   306
   14     98306.094     1017.2309  /          /       0.0040   307
   28     98298.428     1017.3103  /        cl/       0.0080   308
   37     98295.086     1017.3449  /        cl/       0.0080   309
   14     98290.123     1017.3962  /        cl/       0.0080   310
   21     98278.576     1017.5158  /          /       0.0040   311
    5     98246.007     1017.8531  /        **/       0.0080   312
   44     98208.490     1018.2419  /          /       0.0040   313
   14     98195.825     1018.3732  /          /       0.0040   314
   -2     98179.380     1018.5438  /          /       0.0040   315
    9     98146.011     1018.8901  /          /       0.0040   316
   51     98138.505     1018.9680  /          /       0.0040   317
    5     98115.498     1019.2070  /          /       0.0040   318
   44     98105.492     1019.3109  /          /       0.0040   319
   -2     98089.800     1019.4740  /          /       0.0040   320
   39     98084.014     1019.5341  /          /       0.0040   321
   39     98074.698     1019.6310  /        **/       0.0080   322
   -2     98068.177     1019.6988  /          /       0.0040   323
   21     98049.795     1019.8899  /          /       0.0040   324
    5     98040.924     1019.9822  /          /       0.0040   325
   35     98034.209     1020.0521  /          /       0.0040   326
   14     98021.028     1020.1893  /          /       0.0040   327
   14     98015.000     1020.2520  /          /       0.0040   328
   21     97980.708     1020.6091  /          /       0.0040   329
   37     97944.175     1020.9898  /          /       0.0040   330
   17     97939.427     1021.0393  /          /       0.0040   331
   28     97928.803     1021.1500  /          /       0.0040   332
   67     97909.420     1021.3522  /          /       0.0040   333
   25     97887.788     1021.5779  /          /       0.0040   334
   17     97879.520     1021.6642  /          /       0.0040   335
   32     97873.599     1021.7260  /        **/       0.0080   336
   -3     97869.978     1021.7638  /          /       0.0040   337
   14     97860.292     1021.8649  /         h/       0.0080   338
   11     97839.993     1022.0769  /          /       0.0040   339
   11     97833.391     1022.1459  /          /       0.0040   340
   11     97818.525     1022.3012  /          /       0.0040   341
    4     97809.577     1022.3948  /          /       0.0040   342
    4     97793.786     1022.5599  /          /       0.0040   343
   37     97775.016     1022.7562  /          /       0.0040   344
   20     97761.283     1022.8998  /        cl/       0.0080   345
   50     97757.912     1022.9351  /          /       0.0040   346
   20     97730.404     1023.2230  /          /       0.0040   347
   43     97726.105     1023.2680  /          /       0.0040   348
   31     97696.994     1023.5729  /          /       0.0040   349
   13     97687.716     1023.6702  /        cl/       0.0080   350
   27     97658.520     1023.9762  /          /       0.0040   351
   20     97652.809     1024.0361  /          /       0.0040   352
   -3     97644.511     1024.1231  /          /       0.0040   353
   13     97636.214     1024.2101  /          /       0.0040   354
   -3     97626.892     1024.3079  /          /       0.0040   355
   18     97622.111     1024.3581  /          /       0.0040   356
   20     97588.495     1024.7110  /         h/       0.0080   357
   20     97566.303     1024.9440  /         h/       0.0080   358
   36     97547.285     1025.1439  /          /       0.0040   359
   20     97537.827     1025.2433  /          /       0.0040   360
   34     97494.981     1025.6938  /         h/       0.0080   361
   11     97471.106     1025.9451  /          /       0.0040   362
   20     97465.991     1025.9989  /        cl/       0.0080   363
   43     97463.020     1026.0302  /        cl/       0.0080   364
   59     97448.503     1026.1830  /          /       0.0040   365
   43     97442.026     1026.2512  /          /       0.0040   366
    4     97434.281     1026.3328  /          /       0.0040   367
   -3     97426.489     1026.4149  /          /       0.0040   368
   27     97420.597     1026.4770  /          /       0.0040   369
   -3     97398.882     1026.7058  /          /       0.0040   370
    4     97378.389     1026.9219  /          /       0.0040   371
    8     97357.123     1027.1462  /          /       0.0040   372
   34     97349.579     1027.2258  /          /       0.0040   373
   20     97324.720     1027.4882  /         h/       0.0080   374
   43     97317.082     1027.5688  /        bl/       0.0080   375
    4     97273.511     1028.0291  /          /       0.0040   376
   27     97260.773     1028.1637  /        cl/       0.0080   377
   20     97250.079     1028.2768  /          /       0.0040   378
   18     97209.017     1028.7112  /         h/       0.0080   379
   43     97191.090     1028.9009  /          /       0.0040   380
   73     97178.704     1029.0320  /          /       0.0040   381
   31     97166.805     1029.1581  /          /       0.0040   382
   43     97161.706     1029.2121  /          /       0.0040   383
   20     97154.908     1029.2841  /         h/       0.0080   384
   13     97144.615     1029.3931  /          /       0.0040   385
   36     97122.186     1029.6309  /          /       0.0040   386
   50     97114.614     1029.7111  /          /       0.0040   387
   27     97107.626     1029.7852  /          /       0.0040   388
   27     97082.926     1030.0472  /          /       0.0040   389
    8     97075.599     1030.1250  /          /       0.0040   390
   34     97069.195     1030.1929  /          /       0.0040   391
   27     97056.388     1030.3289  /          /       0.0040   392
   27     97040.285     1030.4999  /          /       0.0040   393
   13     97030.830     1030.6003  /          /       0.0040   394
   36     97022.682     1030.6868  /          /       0.0040   395
   54     97007.216     1030.8511  /          /       0.0040   396
   13     96998.489     1030.9439  /          /       0.0040   397
   27     96977.114     1031.1711  /          /       0.0040   398
    4     96965.288     1031.2969  /          /       0.0040   399
    8     96959.376     1031.3598  /          /       0.0040   400
   13     96952.302     1031.4350  /          /       0.0040   401
   54     96942.806     1031.5361  /          /       0.0040   402
   27     96933.504     1031.6350  /          /       0.0040   403
   20     96911.417     1031.8702  /          /       0.0040   404
   56     96891.417     1032.0832  /          /       0.0040   405
    3     96885.413     1032.1471  /          /       0.0040   406
   16     96878.489     1032.2209  /          /       0.0040   407
   20     96871.178     1032.2988  /          /       0.0040   408
   49     96856.995     1032.4500  /          /       0.0040   409
    3     96852.687     1032.4959  /          /       0.0040   410
   39     96824.376     1032.7978  /          /       0.0040   411
    3     96807.588     1032.9769  /          /       0.0040   412
   23     96798.880     1033.0698  /          /       0.0040   413
   26     96786.014     1033.2071  /        cl/       0.0080   414
   36     96783.112     1033.2381  /        cl/       0.0080   415
   30     96774.600     1033.3290  /          /       0.0040   416
   12     96765.702     1033.4240  /          /       0.0040   417
   42     96750.906     1033.5821  /          /       0.0040   418
   19     96744.378     1033.6518  /          /       0.0040   419
   26     96741.720     1033.6802  /          /       0.0040   420
   26     96736.306     1033.7380  /          /       0.0040   421
   12     96731.713     1033.7871  /          /       0.0040   422
   19     96727.991     1033.8269  /          /       0.0040   423
   19     96710.687     1034.0119  /        cl/       0.0080   424
   26     96707.595     1034.0449  /        cl/       0.0080   425
   16     96701.120     1034.1142  /          /       0.0040   426
   42     96680.198     1034.3380  /          /       0.0040   427
   30     96636.631     1034.8043  /          /       0.0040   428
   12     96634.602     1034.8260  /          /       0.0040   429
    7     96624.221     1034.9372  /          /       0.0040   430
    3     96612.488     1035.0629  /          /       0.0040   431
   35     96607.998     1035.1110  /          /       0.0040   432
   19     96594.096     1035.2600  /          /       0.0040   433
   19     96589.222     1035.3122  /          /       0.0040   434
   26     96582.320     1035.3862  /          /       0.0040   435
   19     96566.683     1035.5538  /          /       0.0040   436
   30     96555.393     1035.6749  /          /       0.0040   437
   17     96546.998     1035.7650  /        bl/       0.0080   438
   33     96511.016     1036.1511  /        cl/       0.0080   439
   33     96508.893     1036.1739  /        cl/       0.0080   440
   37     96486.906     1036.4101  /        **/       0.0080   441
   19     96467.092     1036.6229  /          /       0.0040   442
   12     96455.380     1036.7488  /          /       0.0040   443
   23     96448.488     1036.8229  /          /       0.0040   444
   19     96410.425     1037.2322  /          /       0.0040   445
   30     96395.780     1037.3898  /          /       0.0040   446
    3     96391.878     1037.4318  /        **/       0.0080   447
   12     96387.496     1037.4790  /          /       0.0040   448
   26     96377.721     1037.5842  /          /       0.0040   449
   35     96366.693     1037.7029  /        cl/       0.0080   450
   35     96363.420     1037.7382  /        cl/       0.0080   451
   12     96351.913     1037.8621  /          /       0.0040   452
   33     96332.994     1038.0659  /          /       0.0040   453
   56     96321.829     1038.1863  /          /       0.0040   454
   65     96311.915     1038.2931  /          /       0.0040   455
   15     96306.091     1038.3559  /          /       0.0040   456
   19     96297.286     1038.4509  /          /       0.0040   457
    7     96267.412     1038.7731  /          /       0.0040   458
   19     96249.906     1038.9621  /          /       0.0040   459
   12     96243.318     1039.0332  /          /       0.0040   460
   42     96231.923     1039.1562  /        cl/       0.0080   461
   35     96227.883     1039.1998  /        cl/       0.0080   462
   37     96222.979     1039.2528  /        cl/       0.0080   463
   19     96211.202     1039.3800  /          /       0.0040   464
   35     96174.387     1039.7779  /          /       0.0040   465
   19     96159.109     1039.9431  /          /       0.0040   466
   12     96149.117     1040.0512  /          /       0.0040   467
   12     96146.281     1040.0818  /          /       0.0040   468
   35     96140.998     1040.1390  /          /       0.0040   469
   42     96137.204     1040.1800  /          /       0.0040   470
   26     96131.008     1040.2471  /          /       0.0040   471
    7     96118.089     1040.3869  /          /       0.0040   472
   14     96113.478     1040.4368  /          /       0.0040   473
   42     96099.219     1040.5912  /          /       0.0040   474
   35     96094.177     1040.6458  /          /       0.0040   475
   19     96075.408     1040.8491  /          /       0.0040   476
   37     96061.297     1041.0020  /          /       0.0040   477
   42     96048.100     1041.1450  /          /       0.0040   478
   26     96042.582     1041.2048  /          /       0.0040   479
   49     96037.496     1041.2600  /          /       0.0040   480
   55     96019.123     1041.4592  /          /       0.0040   481
   25     96009.576     1041.5628  /          /       0.0040   482
   42     96003.822     1041.6252  /          /       0.0040   483
   42     95993.223     1041.7402  /          /       0.0040   484
   42     95981.089     1041.8719  /          /       0.0040   485
   36     95972.699     1041.9630  /          /       0.0040   486
    6     95966.419     1042.0312  /          /       0.0040   487
   25     95946.284     1042.2498  /          /       0.0040   488
    2     95941.108     1042.3061  /          /       0.0040   489
   41     95925.292     1042.4779  /          /       0.0040   490
   15     95909.383     1042.6509  /          /       0.0040   491
   18     95893.910     1042.8191  /          /       0.0040   492
   64     95880.593     1042.9639  /          /       0.0040   493
   18     95867.182     1043.1098  /          /       0.0040   494
   48     95856.790     1043.2229  /          /       0.0040   495
   11     95850.232     1043.2943  /          /       0.0040   496
   34     95831.224     1043.5012  /          /       0.0040   497
   18     95818.586     1043.6389  /          /       0.0040   498
   57     95804.083     1043.7968  /          /       0.0040   499
   34     95798.916     1043.8531  /          /       0.0040   500
    6     95788.196     1043.9700  /          /       0.0040   501
   57     95782.789     1044.0289  /          /       0.0040   502
    6     95774.704     1044.1170  /          /       0.0040   503
   34     95766.810     1044.2031  /          /       0.0040   504
   34     95763.510     1044.2391  /          /       0.0040   505
   29     95729.695     1044.6079  /          /       0.0040   506
   18     95707.414     1044.8511  /          /       0.0040   507
   29     95702.107     1044.9091  /        **/       0.0080   508
    9     95694.411     1044.9931  /          /       0.0040   509
   -5     95689.296     1045.0490  /          /       0.0040   510
   -5     95677.204     1045.1810  /          /       0.0040   511
   16     95671.086     1045.2479  /          /       0.0040   512
   52     95656.177     1045.4108  /        cl/       0.0080   513
   25     95652.881     1045.4468  /        cl/       0.0080   514
   18     95647.005     1045.5110  /        bl/       0.0080   515
   25     95629.090     1045.7069  /          /       0.0040   516
   11     95623.788     1045.7649  /          /       0.0040   517
   41     95615.286     1045.8579  /          /       0.0040   518
   18     95611.419     1045.9002  /          /       0.0040   519
   29     95601.008     1046.0141  /          /       0.0040   520
   18     95591.982     1046.1128  /          /       0.0040   521
   57     95584.486     1046.1949  /          /       0.0040   522
   -5     95552.695     1046.5430  /          /       0.0040   523
   -5     95548.019     1046.5942  /          /       0.0040   524
   25     95538.377     1046.6998  /          /       0.0040   525
   52     95531.126     1046.7792  /          /       0.0040   526
    6     95516.382     1046.9408  /          /       0.0040   527
   -5     95506.603     1047.0480  /          /       0.0040   528
    6     95501.403     1047.1050  /          /       0.0040   529
   75     95488.717     1047.2441  /          /       0.0040   530
   18     95478.891     1047.3519  /        cl/       0.0080   531
   18     95476.793     1047.3749  /        cl/       0.0080   532
   18     95454.002     1047.6250  /          /       0.0040   533
   -5     95442.418     1047.7522  /          /       0.0040   534
   41     95437.077     1047.8108  /        **/       0.0080   535
   16     95426.782     1047.9238  /          /       0.0040   536
    6     95422.924     1047.9662  /          /       0.0040   537
   14     95408.722     1048.1222  /          /       0.0040   538
   32     95396.619     1048.2552  /          /       0.0040   539
    9     95390.901     1048.3180  /          /       0.0040   540
    6     95382.232     1048.4133  /          /       0.0040   541
   48     95361.321     1048.6432  /        cl/       0.0080   542
   25     95358.701     1048.6720  /      cl**/       0.0080   543
   41     95355.890     1048.7029  /        cl/       0.0080   544
   22     95335.890     1048.9229  /          /       0.0040   545
   11     95333.321     1048.9512  /          /       0.0040   546
   71     95321.084     1049.0858  /          /       0.0040   547
   25     95308.183     1049.2279  /          /       0.0040   548
   41     95287.480     1049.4558  /        **/       0.0080   549
   25     95279.296     1049.5460  /          /       0.0040   550
   -5     95245.898     1049.9140  /          /       0.0040   551
   25     95233.009     1050.0561  /          /       0.0040   552
   37     95228.395     1050.1070  /          /       0.0040   553
   41     95208.804     1050.3230  /          /       0.0040   554
   24     95198.820     1050.4332  /          /       0.0040   555
    5     95184.177     1050.5948  /          /       0.0040   556
   14     95178.996     1050.6520  /          /       0.0040   557
   -6     95168.303     1050.7700  /          /       0.0040   558
   18     95158.229     1050.8813  /        **/       0.0080   559
   11     95151.005     1050.9610  /          /       0.0040   560
   17     95139.078     1051.0928  /          /       0.0040   561
   24     95119.173     1051.3128  /          /       0.0040   562
   11     95116.086     1051.3469  /          /       0.0040   563
   28     95109.200     1051.4230  /          /       0.0040   564
   47     95096.092     1051.5679  /          /       0.0040   565
   31     95081.231     1051.7323  /          /       0.0040   566
   47     95075.818     1051.7922  /          /       0.0040   567
   10     95070.500     1051.8510  /          /       0.0040   568
   28     95063.428     1051.9292  /          /       0.0040   569
   10     95045.010     1052.1331  /        cl/       0.0080   570
   10     95038.792     1052.2019  /        cl/       0.0080   571
    5     95033.381     1052.2618  /          /       0.0040   572
    5     95015.827     1052.4562  /          /       0.0040   573
   40     95005.482     1052.5708  /          /       0.0040   574
   63     94999.884     1052.6329  /          /       0.0040   575
   31     94983.427     1052.8152  /          /       0.0040   576
   40     94979.394     1052.8599  /        cl/       0.0080   577
   40     94964.882     1053.0208  /          /       0.0040   578
   -6     94957.296     1053.1050  /          /       0.0040   579
   -6     94950.801     1053.1770  /          /       0.0040   580
    1     94943.310     1053.2601  /          /       0.0040   581
   31     94935.771     1053.3437  /          /       0.0040   582
   -6     94929.611     1053.4121  /          /       0.0040   583
    5     94917.903     1053.5420  /        **/       0.0080   584
   12     94914.112     1053.5841  /          /       0.0040   585
   54     94887.813     1053.8761  /          /       0.0040   586
   14     94852.996     1054.2630  /          /       0.0040   587
   10     94841.726     1054.3882  /          /       0.0040   588
   35     94836.989     1054.4409  /          /       0.0040   589
   38     94829.414     1054.5251  /        cl/       0.0080   590
   33     94826.477     1054.5578  /        cl/       0.0080   591
   33     94821.507     1054.6131  /          /       0.0040   592
   28     94780.279     1055.0718  /          /       0.0040   593
   51     94773.891     1055.1429  /          /       0.0040   594
   24     94760.030     1055.2973  /          /       0.0040   595
   24     94726.773     1055.6678  /          /       0.0040   596
   24     94709.797     1055.8570  /          /       0.0040   597
   38     94694.289     1056.0299  /          /       0.0040   598
   33     94678.029     1056.2113  /          /       0.0040   599
   24     94668.811     1056.3141  /          /       0.0040   600
   40     94650.523     1056.5182  /          /       0.0040   601
   15     94641.496     1056.6190  /          /       0.0040   602
   17     94623.923     1056.8152  /        **/       0.0080   603
   31     94600.211     1057.0801  /          /       0.0040   604
   47     94586.987     1057.2279  /          /       0.0040   605
   54     94579.623     1057.3102  /          /       0.0040   606
   24     94566.590     1057.4559  /        **/       0.0080   607
   17     94563.523     1057.4902  /        cl/       0.0080   608
   40     94542.894     1057.7210  /          /       0.0040   609
   40     94537.327     1057.7832  /          /       0.0040   610
   17     94528.218     1057.8852  /        cl/       0.0080   611
   10     94526.614     1057.9031  /        cl/       0.0080   612
   24     94516.372     1058.0178  /          /       0.0040   613
    7     94504.578     1058.1498  /          /       0.0040   614
    5     94486.889     1058.3479  /          /       0.0040   615
    5     94482.879     1058.3928  /          /       0.0040   616
   40     94472.410     1058.5101  /          /       0.0040   617
   34     94449.305     1058.7690  /          /       0.0040   618
   17     94433.324     1058.9482  /          /       0.0040   619
   34     94426.769     1059.0217  /          /       0.0040   620
   46     94414.705     1059.1570  /          /       0.0040   621
   40     94406.411     1059.2501  /        cl/       0.0080   622
   53     94403.676     1059.2808  /        cl/       0.0080   623
   33     94392.179     1059.4098  /          /       0.0040   624
   39     94376.397     1059.5870  /        cl/       0.0080   625
   39     94372.486     1059.6309  /        cl/       0.0080   626
   16     94365.091     1059.7139  /          /       0.0040   627
   23     94355.482     1059.8218  /          /       0.0040   628
   16     94346.205     1059.9260  /          /       0.0040   629
   23     94332.783     1060.0769  /          /       0.0040   630
   30     94325.392     1060.1599  /          /       0.0040   631
   27     94317.388     1060.2499  /          /       0.0040   632
   16     94296.394     1060.4859  /          /       0.0040   633
   46     94291.030     1060.5463  /          /       0.0040   634
   23     94274.324     1060.7342  /          /       0.0040   635
   39     94263.406     1060.8571  /          /       0.0040   636
   39     94251.316     1060.9931  /          /       0.0040   637
    9     94246.187     1061.0509  /        cl/       0.0080   638
    9     94244.306     1061.0721  /        cl/       0.0080   639
   27     94240.027     1061.1202  /        cl/       0.0080   640
   27     94236.310     1061.1621  /        cl/       0.0080   641
   46     94221.588     1061.3279  /          /       0.0040   642
    9     94204.614     1061.5191  /          /       0.0040   643
   55     94197.515     1061.5991  /          /       0.0040   644
   16     94189.005     1061.6950  /          /       0.0040   645
    7     94177.019     1061.8302  /          /       0.0040   646
   16     94171.988     1061.8869  /        cl/       0.0080   647
   23     94170.016     1061.9091  /        cl/       0.0080   648
   30     94164.186     1061.9749  /          /       0.0040   649
   37     94153.520     1062.0952  /          /       0.0040   650
   32     94130.403     1062.3560  /        cl/       0.0080   651
   32     94127.208     1062.3921  /        cl/       0.0080   652
   39     94102.314     1062.6731  /          /       0.0040   653
    9     94089.399     1062.8190  /          /       0.0040   654
   16     94081.230     1062.9113  /          /       0.0040   655
   32     94064.186     1063.1039  /          /       0.0040   656
   35     94058.974     1063.1628  /          /       0.0040   657
   39     94050.809     1063.2551  /          /       0.0040   658
   23     94041.373     1063.3618  /          /       0.0040   659
   23     94015.613     1063.6531  /          /       0.0040   660
   16     94007.402     1063.7460  /          /       0.0040   661
   34     93997.504     1063.8580  /        **/       0.0080   662
   23     93991.500     1063.9260  /          /       0.0040   663
    9     93975.974     1064.1018  /        cl/       0.0080   664
   16     93973.726     1064.1272  /        cl/       0.0080   665
   32     93959.423     1064.2892  /          /       0.0040   666
   39     93950.514     1064.3901  /          /       0.0040   667
   30     93940.903     1064.4990  /          /       0.0040   668
   39     93933.309     1064.5851  /          /       0.0040   669
   23     93928.480     1064.6398  /        cl/       0.0080   670
   32     93914.795     1064.7950  /          /       0.0040   671
   16     93907.813     1064.8741  /          /       0.0040   672
   30     93899.283     1064.9709  /          /       0.0040   673
   23     93885.417     1065.1281  /          /       0.0040   674
    0     93876.982     1065.2238  /          /       0.0040   675
   30     93867.522     1065.3312  /          /       0.0040   676
   23     93855.813     1065.4641  /          /       0.0040   677
   36     93850.521     1065.5242  /          /       0.0040   678
   16     93845.087     1065.5859  /          /       0.0040   679
   16     93841.624     1065.6252  /          /       0.0040   680
   27     93827.015     1065.7911  /          /       0.0040   681
   55     93805.622     1066.0342  /          /       0.0040   682
   23     93800.799     1066.0890  /        cl/       0.0080   683
    4     93793.032     1066.1773  /          /       0.0040   684
   23     93789.006     1066.2230  /        **/       0.0040   685
   39     93778.289     1066.3449  /          /       0.0040   686
    4     93767.716     1066.4651  /          /       0.0040   687
   -1     93762.896     1066.5200  /          /       0.0040   688
   22     93758.498     1066.5700  /          /       0.0040   689
   45     93729.827     1066.8962  /          /       0.0040   690
   16     93720.707     1067.0001  /          /       0.0040   691
   22     93714.722     1067.0682  /          /       0.0040   692
   45     93710.421     1067.1172  /          /       0.0040   693
   15     93706.026     1067.1672  /          /       0.0040   694
   29     93684.193     1067.4159  /          /       0.0040   695
   32     93676.573     1067.5028  /          /       0.0040   696
   22     93652.322     1067.7792  /          /       0.0040   697
   15     93646.293     1067.8479  /         h/       0.0080   698
    8     93640.828     1067.9102  /        cl/       0.0080   699
   49     93637.324     1067.9502  /          /       0.0040   700
   15     93631.718     1068.0142  /          /       0.0040   701
   -1     93609.296     1068.2700  /          /       0.0040   702
   45     93598.181     1068.3968  /          /       0.0040   703
   36     93576.797     1068.6410  /          /       0.0040   704
   15     93566.293     1068.7609  /         h/       0.0080   705
    8     93561.113     1068.8201  /        cl/       0.0080   706
   54     93558.313     1068.8521  /        cl/       0.0080   707
   22     93535.911     1069.1081  /          /       0.0040   708
    8     93522.192     1069.2649  /          /       0.0040   709
   33     93511.695     1069.3850  /          /       0.0040   710
   -8     93499.893     1069.5199  /          /       0.0040   711
   38     93490.984     1069.6219  /          /       0.0040   712
   29     93483.289     1069.7099  /          /       0.0040   713
   22     93478.207     1069.7681  /          /       0.0040   714
   54     93468.322     1069.8812  /          /       0.0040   715
   38     93436.479     1070.2458  /          /       0.0040   716
   15     93428.603     1070.3360  /          /       0.0040   717
   33     93417.698     1070.4610  /          /       0.0040   718
   36     93409.589     1070.5539  /          /       0.0040   719
   11     93404.091     1070.6169  /          /       0.0040   720
    3     93392.490     1070.7499  /          /       0.0040   721
   38     93352.109     1071.2131  /          /       0.0040   722
   31     93341.584     1071.3339  /          /       0.0040   723
   49     93333.903     1071.4220  /          /       0.0040   724
   38     93328.225     1071.4872  /          /       0.0040   725
   45     93295.318     1071.8651  /          /       0.0040   726
   15     93286.381     1071.9678  /          /       0.0040   727
   38     93282.799     1072.0090  /          /       0.0040   728
   15     93276.982     1072.0759  /        cl/       0.0080   729
   31     93274.191     1072.1079  /        cl/       0.0080   730
   13     93262.979     1072.2368  /          /       0.0040   731
   22     93253.818     1072.3422  /          /       0.0040   732
    8     93246.608     1072.4251  /          /       0.0040   733
   22     93243.028     1072.4662  /          /       0.0040   734
   38     93237.584     1072.5289  /          /       0.0040   735
   26     93231.400     1072.6000  /          /       0.0040   736
   45     93185.701     1073.1260  /          /       0.0040   737
   10     93169.901     1073.3080  /          /       0.0040   738
   29     93167.113     1073.3401  /          /       0.0040   739
   46     93139.282     1073.6608  /          /       0.0040   740
   -1     93127.114     1073.8011  /          /       0.0040   741
   52     93118.430     1073.9013  /          /       0.0040   742
   16     93106.309     1074.0411  /          /       0.0040   743
   16     93095.027     1074.1712  /          /       0.0040   744
   19     93079.287     1074.3529  /          /       0.0040   745
   16     93068.797     1074.4740  /          /       0.0040   746
   46     93065.225     1074.5152  /          /       0.0040   747
   19     93058.770     1074.5897  /          /       0.0040   748
   36     93051.904     1074.6690  /          /       0.0040   749
   16     93046.984     1074.7259  /          /       0.0040   750
   46     93035.803     1074.8550  /          /       0.0040   751
   -1     93010.521     1075.1472  /          /       0.0040   752
   -1     92984.503     1075.4480  /          /       0.0040   753
   22     92977.225     1075.5322  /        cl/       0.0080   754
   39     92974.394     1075.5650  /        cl/       0.0080   755
   22     92972.586     1075.5859  /        cl/       0.0080   756
    6     92962.110     1075.7071  /          /       0.0040   757
   46     92940.184     1075.9609  /          /       0.0040   758
   16     92924.984     1076.1369  /          /       0.0040   759
   33     92908.723     1076.3252  /          /       0.0040   760
    6     92875.695     1076.7080  /          /       0.0040   761
   22     92868.611     1076.7901  /          /       0.0040   762
   10     92865.090     1076.8309  /          /       0.0040   763
   36     92858.977     1076.9018  /        **/       0.0080   764
   29     92817.594     1077.3819  /          /       0.0040   765
   22     92811.626     1077.4512  /          /       0.0040   766
   33     92801.306     1077.5710  /          /       0.0040   767
    6     92796.818     1077.6232  /          /       0.0040   768
   13     92786.592     1077.7419  /          /       0.0040   769
   36     92783.124     1077.7822  /          /       0.0040   770
   -1     92777.201     1077.8510  /          /       0.0040   771
    6     92766.793     1077.9719  /          /       0.0040   772
    6     92719.998     1078.5160  /          /       0.0040   773
   -1     92706.593     1078.6719  /          /       0.0040   774
   22     92677.294     1079.0129  /          /       0.0040   775
   39     92673.414     1079.0581  /        cl/       0.0080   776
   39     92671.704     1079.0780  /        cl/       0.0080   777
   -1     92660.893     1079.2039  /          /       0.0040   778
   40     92655.396     1079.2680  /          /       0.0040   779
   46     92639.599     1079.4520  /          /       0.0040   780
   22     92618.495     1079.6980  /          /       0.0040   781
   22     92616.002     1079.7270  /          /       0.0040   782
   22     92599.380     1079.9208  /          /       0.0040   783
   10     92597.121     1079.9472  /          /       0.0040   784
    6     92590.979     1080.0188  /          /       0.0040   785
   29     92583.179     1080.1098  /          /       0.0040   786
   39     92576.579     1080.1868  /          /       0.0040   787
   56     92553.275     1080.4588  /          /       0.0040   788
    6     92545.203     1080.5530  /          /       0.0040   789
   17     92524.308     1080.7971  /          /       0.0040   790
   46     92515.681     1080.8978  /          /       0.0040   791
   16     92488.983     1081.2099  /          /       0.0040   792
   16     92485.387     1081.2519  /          /       0.0040   793
   29     92476.490     1081.3559  /          /       0.0040   794
   10     92457.825     1081.5742  /          /       0.0040   795
   22     92443.125     1081.7462  /          /       0.0040   796
   10     92437.917     1081.8072  /          /       0.0040   797
   22     92417.599     1082.0450  /          /       0.0040   798
   29     92413.682     1082.0909  /          /       0.0040   799
   20     92383.427     1082.4452  /          /       0.0040   800
   39     92361.369     1082.7037  /          /       0.0040   801
   20     92351.107     1082.8241  /          /       0.0040   802
   36     92346.229     1082.8813  /          /       0.0040   803
   22     92336.011     1083.0011  /          /       0.0040   804
   -1     92311.806     1083.2851  /          /       0.0040   805
   29     92306.425     1083.3482  /          /       0.0040   806
   22     92302.605     1083.3930  /          /       0.0040   807
   16     92289.403     1083.5480  /        **/       0.0080   808
    6     92276.709     1083.6971  /          /       0.0040   809
   29     92272.434     1083.7473  /          /       0.0040   810
   22     92266.682     1083.8148  /        **/       0.0080   811
   36     92261.486     1083.8759  /          /       0.0040   812
   29     92256.382     1083.9359  /        **/       0.0080   813
   -1     92244.889     1084.0709  /          /       0.0040   814
   29     92237.579     1084.1568  /          /       0.0040   815
   19     92233.580     1084.2038  /          /       0.0040   816
   20     92228.618     1084.2622  /        bl/       0.0080   817
   62     92215.428     1084.4172  /          /       0.0040   818
   22     92176.693     1084.8729  /        **/       0.0080   819
   27     92167.922     1084.9762  /          /       0.0040   820
   20     92156.392     1085.1119  /          /       0.0040   821
   22     92145.832     1085.2363  /          /       0.0040   822
    6     92141.880     1085.2828  /          /       0.0040   823
   -1     92133.618     1085.3801  /          /       0.0040   824
   -1     92128.978     1085.4348  /          /       0.0040   825
   29     92120.808     1085.5311  /          /       0.0040   826
   29     92095.610     1085.8281  /          /       0.0040   827
   36     92088.223     1085.9152  /          /       0.0040   828
    6     92057.298     1086.2800  /          /       0.0040   829
   10     92053.813     1086.3211  /          /       0.0040   830
    6     92048.126     1086.3882  /          /       0.0040   831
   -1     92035.422     1086.5382  /          /       0.0040   832
   22     92030.374     1086.5978  /          /       0.0040   833
   36     92021.710     1086.7001  /          /       0.0040   834
   16     91996.907     1086.9931  /          /       0.0040   835
   -1     91990.993     1087.0629  /          /       0.0040   836
   13     91982.425     1087.1642  /          /       0.0040   837
   13     91974.999     1087.2520  /          /       0.0040   838
   -1     91965.696     1087.3620  /          /       0.0040   839
    6     91960.975     1087.4178  /          /       0.0040   840
    6     91956.990     1087.4649  /          /       0.0040   841
   -1     91948.698     1087.5630  /          /       0.0040   842
   13     91945.490     1087.6009  /          /       0.0040   843
   46     91928.315     1087.8041  /          /       0.0040   844
   42     91901.204     1088.1250  /          /       0.0040   845
   22     91887.788     1088.2839  /          /       0.0040   846
   22     91881.931     1088.3533  /          /       0.0040   847
   29     91863.482     1088.5718  /          /       0.0040   848
   62     91856.116     1088.6591  /          /       0.0040   849
   10     91837.582     1088.8788  /          /       0.0040   850
   33     91833.008     1088.9331  /          /       0.0040   851
   -1     91813.291     1089.1669  /          /       0.0040   852
   20     91801.079     1089.3118  /        **/       0.0080   853
   27     91788.232     1089.4643  /          /       0.0040   854
   29     91779.224     1089.5712  /          /       0.0040   855
   13     91756.230     1089.8443  /        **/       0.0080   856
   -1     91749.782     1089.9208  /          /       0.0040   857
   27     91742.608     1090.0061  /          /       0.0040   858
   22     91712.314     1090.3661  /        **/       0.0080   859
   52     91698.016     1090.5361  /          /       0.0040   860
   39     91690.477     1090.6258  /          /       0.0040   861
   16     91680.977     1090.7388  /          /       0.0040   862
    6     91672.575     1090.8388  /          /       0.0040   863
    6     91669.428     1090.8762  /          /       0.0040   864
    6     91655.088     1091.0469  /          /       0.0040   865
   -1     91650.888     1091.0969  /          /       0.0040   866
    6     91634.411     1091.2931  /        **/       0.0080   867
   33     91622.910     1091.4301  /         h/       0.0080   868
   42     91618.983     1091.4769  /          /       0.0040   869
   33     91612.414     1091.5551  /          /       0.0040   870
   -1     91602.283     1091.6758  /          /       0.0040   871
   10     91576.510     1091.9831  /          /       0.0040   872
    6     91572.405     1092.0320  /          /       0.0040   873
   29     91549.875     1092.3008  /      cl**/       0.0080   874
   29     91547.827     1092.3252  /      cl**/       0.0080   875
   17     91534.784     1092.4809  /          /       0.0040   876
    6     91530.771     1092.5288  /        **/       0.0080   877
   29     91498.825     1092.9102  /          /       0.0040   878
   40     91475.815     1093.1851  /          /       0.0040   879
   43     91470.121     1093.2532  /          /       0.0040   880
   43     91447.711     1093.5211  /          /       0.0040   881
   -1     91441.017     1093.6011  /          /       0.0040   882
   22     91418.524     1093.8702  /          /       0.0040   883
   10     91402.819     1094.0582  /          /       0.0040   884
   43     91386.386     1094.2549  /          /       0.0040   885
   33     91367.094     1094.4859  /          /       0.0040   886
   -1     91354.491     1094.6369  /          /       0.0040   887
   27     91343.622     1094.7672  /          /       0.0040   888
   -1     91338.209     1094.8321  /          /       0.0040   889
   33     91334.386     1094.8779  /          /       0.0040   890
   43     91330.204     1094.9280  /          /       0.0040   891
   27     91290.602     1095.4030  /          /       0.0040   892
   33     91281.421     1095.5132  /          /       0.0040   893
   40     91275.283     1095.5869  /        **/       0.0080   894
   46     91260.377     1095.7658  /          /       0.0040   895
   33     91252.880     1095.8558  /          /       0.0040   896
   39     91234.210     1096.0801  /        bl/       0.0080   897
   46     91230.802     1096.1210  /          /       0.0040   898
   22     91210.320     1096.3672  /         h/       0.0080   899
   29     91180.077     1096.7308  /        **/       0.0080   900
   -1     91161.425     1096.9552  /          /       0.0040   901
   39     91145.404     1097.1480  /          /       0.0040   902
   46     91108.292     1097.5949  /          /       0.0040   903
   -1     91077.411     1097.9671  /          /       0.0040   904
    6     91061.088     1098.1639  /          /       0.0040   905
   29     91054.518     1098.2431  /          /       0.0040   906
   36     91050.121     1098.2962  /          /       0.0040   907
   13     91032.718     1098.5061  /          /       0.0040   908
   36     91027.187     1098.5729  /        **/       0.0080   909
   -1     91013.774     1098.7348  /          /       0.0040   910
   10     90993.390     1098.9809  /          /       0.0040   911
   36     90988.091     1099.0449  /          /       0.0040   912
   19     90959.609     1099.3891  /          /       0.0040   913
   29     90950.011     1099.5051  /          /       0.0040   914
   13     90942.495     1099.5960  /          /       0.0040   915
   52     90925.385     1099.8029  /          /       0.0040   916
   13     90917.831     1099.8943  /          /       0.0040   917
   13     90876.972     1100.3888  /          /       0.0040   918
    6     90866.570     1100.5147  /          /       0.0040   919
   -1     90863.994     1100.5459  /        **/       0.0080   920
   36     90853.503     1100.6730  /          /       0.0040   921
   -1     90781.819     1101.5421  /          /       0.0040   922
   -1     90772.104     1101.6600  /          /       0.0040   923
   46     90764.109     1101.7571  /          /       0.0040   924
   29     90749.115     1101.9391  /          /       0.0040   925
   52     90711.820     1102.3922  /          /       0.0040   926
   29     90698.324     1102.5562  /          /       0.0040   927
   -1     90666.917     1102.9381  /          /       0.0040   928
   59     90658.973     1103.0348  /          /       0.0040   929
   27     90649.502     1103.1500  /          /       0.0040   930
   20     90646.617     1103.1851  /          /       0.0040   931
   16     90632.726     1103.3542  /          /       0.0040   932
   29     90616.400     1103.5530  /         h/       0.0080   933
   22     90612.118     1103.6051  /          /       0.0040   934
   36     90607.609     1103.6601  /          /       0.0040   935
   29     90597.779     1103.7798  /          /       0.0040   936
    6     90565.511     1104.1731  /          /       0.0040   937
   13     90547.803     1104.3890  /          /       0.0040   938
   36     90536.674     1104.5248  /          /       0.0040   939
   22     90520.596     1104.7210  /          /       0.0040   940
   75     90510.598     1104.8430  /          /       0.0040   941
   29     90480.209     1105.2141  /          /       0.0040   942
   43     90466.121     1105.3862  /          /       0.0040   943
    6     90457.477     1105.4918  /          /       0.0040   944
   17     90436.017     1105.7541  /          /       0.0040   945
   52     90419.012     1105.9621  /          /       0.0040   946
   13     90411.005     1106.0600  /          /       0.0040   947
   10     90395.310     1106.2521  /          /       0.0040   948
   33     90390.498     1106.3110  /          /       0.0040   949
   22     90388.027     1106.3412  /        cl/       0.0080   950
   29     90381.368     1106.4227  /          /       0.0040   951
   43     90369.591     1106.5669  /          /       0.0040   952
   10     90354.220     1106.7552  /          /       0.0040   953
    6     90338.488     1106.9479  /          /       0.0040   954
   29     90326.402     1107.0960  /          /       0.0040   955
   46     90290.511     1107.5361  /          /       0.0040   956
   29     90262.401     1107.8810  /        cl/       0.0080   957
   43     90259.975     1107.9108  /        **/       0.0080   958
   36     90252.882     1107.9979  /          /       0.0040   959
   17     90243.325     1108.1152  /          /       0.0040   960
   10     90199.973     1108.6478  /          /       0.0040   961
   29     90194.996     1108.7090  /          /       0.0040   962
   62     90186.204     1108.8170  /          /       0.0040   963
   22     90181.179     1108.8788  /          /       0.0040   964
   29     90170.419     1109.0111  /          /       0.0040   965
   52     90158.626     1109.1562  /          /       0.0040   966
   27     90128.813     1109.5231  /          /       0.0040   967
   16     90106.227     1109.8012  /          /       0.0040   968
   -1     90083.421     1110.0822  /          /       0.0040   969
   33     90076.120     1110.1722  /          /       0.0040   970
   52     90047.903     1110.5200  /          /       0.0040   971
   -1     90036.887     1110.6559  /          /       0.0040   972
   -1     90017.279     1110.8978  /          /       0.0040   973
   -1     90006.179     1111.0348  /          /       0.0040   974
   -1     89999.514     1111.1171  /          /       0.0040   975
   39     89994.904     1111.1740  /          /       0.0040   976
   10     89978.795     1111.3730  /          /       0.0040   977
   22     89970.521     1111.4752  /          /       0.0040   978
   29     89965.372     1111.5388  /          /       0.0040   979
   46     89952.806     1111.6941  /          /       0.0040   980
   36     89946.814     1111.7681  /          /       0.0040   981
   22     89935.990     1111.9019  /          /       0.0040   982
   16     89924.009     1112.0501  /          /       0.0040   983
   22     89914.975     1112.1618  /          /       0.0040   984
   33     89906.394     1112.2679  /          /       0.0040   985
   -1     89895.713     1112.4001  /          /       0.0040   986
   16     89883.689     1112.5489  /          /       0.0040   987
   22     89881.009     1112.5821  /          /       0.0040   988
   22     89850.091     1112.9649  /          /       0.0040   989
   22     89807.801     1113.4890  /          /       0.0040   990
   22     89786.509     1113.7531  /          /       0.0040   991
   29     89748.223     1114.2282  /          /       0.0040   992
   -1     89731.492     1114.4359  /          /       0.0040   993
   33     89719.808     1114.5811  /          /       0.0040   994
   40     89693.186     1114.9119  /          /       0.0040   995
   -1     89657.708     1115.3531  /          /       0.0040   996
   22     89651.603     1115.4290  /          /       0.0040   997
   33     89640.196     1115.5710  /          /       0.0040   998
   27     89627.812     1115.7251  /          /       0.0040   999
   39     89594.585     1116.1389  /          /       0.0040  1000
   10     89584.526     1116.2642  /          /       0.0040  1001
   33     89575.084     1116.3819  /        **/       0.0080  1002
   10     89564.314     1116.5161  /          /       0.0040  1003
   33     89551.094     1116.6809  /          /       0.0040  1004
   10     89507.091     1117.2299  /          /       0.0040  1005
   17     89485.475     1117.4998  /        **/       0.0080  1006
   22     89461.201     1117.8030  /          /       0.0040  1007
   16     89453.112     1117.9041  /          /       0.0040  1008
   29     89447.287     1117.9769  /          /       0.0040  1009
   20     89443.287     1118.0269  /          /       0.0040  1010
   27     89413.829     1118.3952  /          /       0.0040  1011
   33     89404.809     1118.5081  /          /       0.0040  1012
   13     89387.620     1118.7232  /          /       0.0040  1013
   46     89361.195     1119.0540  /         h/       0.0080  1014
   36     89353.292     1119.1529  /          /       0.0040  1015
   36     89346.277     1119.2408  /          /       0.0040  1016
   22     89327.991     1119.4699  /          /       0.0040  1017
   -1     89321.202     1119.5550  /          /       0.0040  1018
   33     89314.725     1119.6362  /        **/       0.0080  1019
    6     89309.798     1119.6980  /          /       0.0040  1020
   -1     89265.219     1120.2572  /          /       0.0040  1021
   13     89261.803     1120.3000  /          /       0.0040  1022
   -1     89248.812     1120.4631  /          /       0.0040  1023
    6     89239.724     1120.5772  /          /       0.0040  1024
   10     89229.393     1120.7069  /          /       0.0040  1025
   16     89196.910     1121.1151  /          /       0.0040  1026
   10     89170.107     1121.4521  /          /       0.0040  1027
   36     89126.177     1122.0048  /          /       0.0040  1028
   19     89095.905     1122.3860  /          /       0.0040  1029
   10     89062.811     1122.8031  /          /       0.0040  1030
   -1     89043.927     1123.0412  /          /       0.0040  1031
    6     89039.017     1123.1031  /          /       0.0040  1032
   10     88995.913     1123.6471  /          /       0.0040  1033
   -1     88991.094     1123.7080  /          /       0.0040  1034
   27     88974.303     1123.9200  /          /       0.0040  1035
   -1     88966.877     1124.0138  /          /       0.0040  1036
   -1     88939.007     1124.3661  /          /       0.0040  1037
   33     88915.118     1124.6681  /          /       0.0040  1038
   -1     88860.830     1125.3552  /          /       0.0040  1039
   16     88853.987     1125.4419  /          /       0.0040  1040
   29     88841.814     1125.5961  /          /       0.0040  1041
   29     88831.626     1125.7252  /          /       0.0040  1042
   16     88818.218     1125.8951  /          /       0.0040  1043
   13     88815.084     1125.9349  /          /       0.0040  1044
   56     88799.832     1126.1283  /         h/       0.0080  1045
   10     88787.706     1126.2821  /          /       0.0040  1046
    6     88760.823     1126.6232  /          /       0.0040  1047
   16     88746.722     1126.8022  /          /       0.0040  1048
    6     88728.789     1127.0299  /          /       0.0040  1049
   13     88722.713     1127.1071  /          /       0.0040  1050
   36     88702.275     1127.3668  /          /       0.0040  1051
   -1     88595.080     1128.7309  /          /       0.0040  1052
   -1     88569.714     1129.0541  /          /       0.0040  1053
   22     88512.410     1129.7851  /          /       0.0040  1054
   10     88504.502     1129.8860  /          /       0.0040  1055
   10     88483.597     1130.1530  /          /       0.0040  1056
   10     88467.173     1130.3628  /          /       0.0040  1057
   -1     88444.392     1130.6539  /          /       0.0040  1058
    6     88436.627     1130.7532  /          /       0.0040  1059
   27     88418.280     1130.9878  /          /       0.0040  1060
   20     88395.207     1131.2831  /          /       0.0040  1061
   22     88373.718     1131.5581  /          /       0.0040  1062
    6     88361.173     1131.7188  /          /       0.0040  1063
   -1     88341.318     1131.9731  /          /       0.0040  1064
   36     88272.876     1132.8508  /          /       0.0040  1065
   29     88240.081     1133.2719  /          /       0.0040  1066
   33     88223.627     1133.4832  /          /       0.0040  1067
   39     88160.234     1134.2983  /          /       0.0040  1068
   13     88147.506     1134.4620  /          /       0.0040  1069
   20     88125.075     1134.7508  /          /       0.0040  1070
   56     88105.410     1135.0041  /          /       0.0040  1071
   22     88084.917     1135.2681  /          /       0.0040  1072
   -1     88054.993     1135.6539  /          /       0.0040  1073
   -1     88040.973     1135.8348  /          /       0.0040  1074
   29     88033.816     1135.9271  /          /       0.0040  1075
   13     87990.688     1136.4839  /          /       0.0040  1076
   -1     87985.496     1136.5510  /          /       0.0040  1077
   20     87979.520     1136.6282  /          /       0.0040  1078
   39     87973.277     1136.7088  /          /       0.0040  1079
   10     87962.198     1136.8520  /          /       0.0040  1080
   29     87935.507     1137.1971  /          /       0.0040  1081
   46     87895.570     1137.7138  /          /       0.0040  1082
   39     87888.208     1137.8091  /          /       0.0040  1083
   33     87882.279     1137.8858  /          /       0.0040  1084
    6     87855.618     1138.2311  /          /       0.0040  1085
   43     87818.511     1138.7121  /          /       0.0040  1086
    6     87810.022     1138.8222  /          /       0.0040  1087
   10     87799.569     1138.9578  /          /       0.0040  1088
   10     87789.385     1139.0899  /          /       0.0040  1089
   -1     87777.420     1139.2451  /          /       0.0040  1090
   22     87743.308     1139.6881  /          /       0.0040  1091
   22     87733.084     1139.8209  /          /       0.0040  1092
   33     87705.907     1140.1741  /          /       0.0040  1093
   52     87687.519     1140.4132  /          /       0.0040  1094
    6     87630.376     1141.1568  /          /       0.0040  1095
   10     87622.299     1141.2620  /          /       0.0040  1096
   -1     87610.229     1141.4192  /          /       0.0040  1097
   13     87606.710     1141.4651  /          /       0.0040  1098
   36     87588.909     1141.6971  /          /       0.0040  1099
   29     87581.397     1141.7950  /          /       0.0040  1100
    6     87575.798     1141.8680  /          /       0.0040  1101
   29     87564.771     1142.0118  /          /       0.0040  1102
   29     87512.799     1142.6900  /          /       0.0040  1103
   22     87505.296     1142.7880  /          /       0.0040  1104
   29     87496.712     1142.9001  /          /       0.0040  1105
    6     87487.521     1143.0202  /          /       0.0040  1106
   -1     87470.394     1143.2440  /          /       0.0040  1107
   39     87462.896     1143.3420  /          /       0.0040  1108
    6     87425.113     1143.8361  /          /       0.0040  1109
   13     87417.401     1143.9370  /          /       0.0040  1110
   -1     87411.900     1144.0090  /          /       0.0040  1111
   22     87357.168     1144.7258  /          /       0.0040  1112
   -1     87319.782     1145.2159  /          /       0.0040  1113
   22     87301.485     1145.4559  /          /       0.0040  1114
   13     87270.007     1145.8690  /          /       0.0040  1115
   -1     87255.479     1146.0598  /          /       0.0040  1116
   13     87233.698     1146.3460  /          /       0.0040  1117
   -1     87214.383     1146.5999  /          /       0.0040  1118
   -1     87209.891     1146.6589  /          /       0.0040  1119
   -1     87205.484     1146.7169  /          /       0.0040  1120
   16     87097.697     1148.1360  /          /       0.0040  1121
   29     87070.614     1148.4931  /         h/       0.0080  1122
   46     87044.617     1148.8361  /          /       0.0040  1123
   22     87033.795     1148.9790  /          /       0.0040  1124
   16     87018.581     1149.1799  /          /       0.0040  1125
   29     86976.191     1149.7399  /          /       0.0040  1126
   33     86959.831     1149.9562  /          /       0.0040  1127
   29     86917.382     1150.5179  /          /       0.0040  1128
    6     86884.296     1150.9560  /          /       0.0040  1129
   22     86845.206     1151.4740  /          /       0.0040  1130
   22     86840.991     1151.5299  /          /       0.0040  1131
   16     86826.806     1151.7181  /          /       0.0040  1132
   10     86815.887     1151.8629  /          /       0.0040  1133
    6     86811.421     1151.9222  /          /       0.0040  1134
   22     86779.410     1152.3471  /          /       0.0040  1135
   16     86670.422     1153.7962  /          /       0.0040  1136
   -1     86648.287     1154.0909  /          /       0.0040  1137
   -1     86615.621     1154.5262  /          /       0.0040  1138
   -1     86602.204     1154.7050  /          /       0.0040  1139
    6     86532.508     1155.6351  /          /       0.0040  1140
   36     86524.117     1155.7471  /          /       0.0040  1141
   10     86514.829     1155.8712  /          /       0.0040  1142
   27     86474.513     1156.4101  /          /       0.0040  1143
   29     86409.591     1157.2789  /          /       0.0040  1144
   36     86362.331     1157.9122  /          /       0.0040  1145
    6     86358.481     1157.9639  /          /       0.0040  1146
   16     86339.222     1158.2222  /         h/       0.0080  1147
   -1     86290.888     1158.8709  /          /       0.0040  1148
   22     86244.296     1159.4970  /          /       0.0040  1149
   29     86220.416     1159.8181  /          /       0.0040  1150
   13     86176.508     1160.4091  /          /       0.0040  1151
   22     86153.629     1160.7172  /          /       0.0040  1152
   10     86145.917     1160.8211  /          /       0.0040  1153
    6     86140.672     1160.8918  /          /       0.0040  1154
   20     86098.520     1161.4602  /          /       0.0040  1155
   19     86093.196     1161.5320  /          /       0.0040  1156
   10     85960.584     1163.3239  /        bl/       0.0080  1157
   13     85925.031     1163.8052  /          /       0.0040  1158
   -1     85862.027     1164.6592  /          /       0.0040  1159
   10     85804.075     1165.4458  /          /       0.0040  1160
   22     85704.198     1166.8040  /          /       0.0040  1161
   22     85535.593     1169.1040  /          /       0.0040  1162
   22     85428.903     1170.5640  /          /       0.0040  1163
   13     85390.769     1171.0868  /          /       0.0040  1164
   33     85263.914     1172.8291  /          /       0.0040  1165
   22     85092.568     1175.1908  /          /       0.0040  1166
   -1     85076.698     1175.4100  /          /       0.0040  1167
   -1     85073.215     1175.4581  /          /       0.0040  1168
   22     85060.198     1175.6380  /          /       0.0040  1169
   16     84994.405     1176.5480  /          /       0.0040  1170
   29     84897.873     1177.8858  /        cl/       0.0080  1171
   16     84896.072     1177.9108  /        cl/       0.0080  1172
   16     84888.786     1178.0119  /          /       0.0040  1173
   36     84879.571     1178.1398  /          /       0.0040  1174
   10     84849.889     1178.5519  /          /       0.0040  1175
   13     84764.508     1179.7390  /          /       0.0040  1176
   13     84761.123     1179.7862  /          /       0.0040  1177
   43     84744.609     1180.0161  /          /       0.0040  1178
   -1     84616.400     1181.8040  /          /       0.0040  1179
    6     84612.976     1181.8518  /          /       0.0040  1180
   10     84602.217     1182.0021  /         h/       0.0080  1181
   17     84571.974     1182.4248  /         h/       0.0080  1182
   27     84555.508     1182.6551  /          /       0.0040  1183
   29     84545.584     1182.7939  /          /       0.0040  1184
   -1     84528.788     1183.0289  /          /       0.0040  1185
   -1     84477.217     1183.7511  /          /       0.0040  1186
   -1     84474.009     1183.7961  /          /       0.0040  1187
   -1     84402.002     1184.8060  /          /       0.0040  1188
    6     84378.582     1185.1349  /          /       0.0040  1189
   -1     84341.079     1185.6619  /          /       0.0040  1190
    6     84233.506     1187.1760  /          /       0.0040  1191
   -1     84216.328     1187.4182  /          /       0.0040  1192
   13     84212.636     1187.4703  /          /       0.0040  1193
   27     84204.210     1187.5891  /          /       0.0040  1194
   10     84131.024     1188.6222  /          /       0.0040  1195
   29     84091.331     1189.1832  /          /       0.0040  1196
   46     84030.585     1190.0429  /          /       0.0040  1197
   22     84024.295     1190.1320  /          /       0.0040  1198
   46     83906.282     1191.8059  /          /       0.0040  1199
   27     83889.307     1192.0470  /          /       0.0040  1200
   -1     83859.408     1192.4720  /          /       0.0040  1201
   10     83836.782     1192.7939  /          /       0.0040  1202
   29     83730.370     1194.3098  /          /       0.0040  1203
   13     83633.585     1195.6919  /          /       0.0040  1204
   -1     83576.195     1196.5130  /          /       0.0040  1205
   22     83549.671     1196.8928  /          /       0.0040  1206
   -1     83542.272     1196.9988  /          /       0.0040  1207
   33     83506.972     1197.5048  /          /       0.0040  1208
   39     83501.101     1197.5890  /          /       0.0040  1209
    6     83496.785     1197.6509  /          /       0.0040  1210
   10     83481.588     1197.8689  /          /       0.0040  1211
   36     83444.675     1198.3988  /          /       0.0040  1212
    6     83438.889     1198.4819  /         h/       0.0080  1213
   16     83328.687     1200.0669  /         h/       0.0080  1214
   20     83323.608     1200.1401  /          /       0.0040  1215
   16     83319.226     1200.2032  /        bl/       0.0080  1216
   16     83315.699     1200.2540  /          /       0.0040  1217
   10     83294.111     1200.5651  /          /       0.0040  1218
   -1     83272.325     1200.8792  /          /       0.0040  1219
   -1     83194.763     1201.9987  /          /       0.0040  1220
   13     83167.773     1202.3888  /          /       0.0040  1221
   16     83162.628     1202.4632  /        bl/       0.0080  1222
    6     83159.031     1202.5152  /          /       0.0040  1223
   -1     83133.193     1202.8890  /          /       0.0040  1224
   -1     83125.718     1202.9971  /          /       0.0040  1225
    6     83121.792     1203.0539  /         h/       0.0080  1226
   22     83118.197     1203.1060  /         h/       0.0080  1227
   -1     83107.129     1203.2662  /          /       0.0040  1228
    6     83094.583     1203.4479  /          /       0.0040  1229
    6     83060.203     1203.9460  /         h/       0.0080  1230
   13     83056.485     1203.9999  /          /       0.0040  1231
   39     83051.099     1204.0780  /          /       0.0040  1232
   13     83021.229     1204.5112  /         h/       0.0080  1233
   29     82987.614     1204.9991  /        bl/       0.0080  1234
   29     82952.383     1205.5109  /         h/       0.0080  1235
    6     82941.094     1205.6750  /         h/       0.0080  1236
   36     82780.577     1208.0128  /        bl/       0.0080  1237
    6     82762.815     1208.2721  /          /       0.0040  1238
    6     82729.767     1208.7548  /        **/       0.0080  1239
    6     82717.219     1208.9381  /         h/       0.0080  1240
    6     82699.914     1209.1911  /          /       0.0040  1241
   29     82639.301     1210.0780  /          /       0.0040  1242
   13     82633.826     1210.1582  /          /       0.0040  1243
   10     82608.305     1210.5320  /          /       0.0040  1244
   10     82568.810     1211.1111  /          /       0.0040  1245
   40     82515.478     1211.8938  /          /       0.0040  1246
   -1     82508.391     1211.9979  /          /       0.0040  1247
    6     82504.629     1212.0532  /          /       0.0040  1248
   -1     82489.804     1212.2710  /          /       0.0040  1249
   -1     82334.205     1214.5620  /          /       0.0040  1250
    6     82237.109     1215.9961  /          /       0.0040  1251
   -1     82165.011     1217.0631  /          /       0.0040  1252
   13     82157.872     1217.1688  /          /       0.0040  1253
   10     82137.331     1217.4732  /          /       0.0040  1254
   36     82125.807     1217.6440  /          /       0.0040  1255
   13     82074.635     1218.4032  /          /       0.0040  1256
    6     82065.896     1218.5330  /          /       0.0040  1257
   29     82020.472     1219.2078  /          /       0.0040  1258
   -1     82000.814     1219.5001  /          /       0.0040  1259
    6     81968.895     1219.9750  /          /       0.0040  1260
   13     81948.481     1220.2789  /          /       0.0040  1261
   -1     81940.487     1220.3979  /          /       0.0040  1262
   -1     81821.484     1222.1729  /          /       0.0040  1263
    6     81818.722     1222.2142  /          /       0.0040  1264
   22     81799.794     1222.4970  /          /       0.0040  1265
   -1     81762.481     1223.0549  /          /       0.0040  1266
   -1     81749.380     1223.2509  /          /       0.0040  1267
   16     81698.331     1224.0152  /          /       0.0040  1268
    6     81428.787     1228.0669  /          /       0.0040  1269
   22     81392.795     1228.6100  /        cl/       0.0080  1270
   29     81318.797     1229.7280  /          /       0.0040  1271
   10     81301.528     1229.9892  /         h/       0.0080  1272
   -1     81171.599     1231.9580  /          /       0.0040  1273
   -1     81087.090     1233.2419  /          /       0.0040  1274
   -1     81065.320     1233.5731  /          /       0.0040  1275
   10     81045.887     1233.8689  /        **/       0.0080  1276
   10     81027.419     1234.1501  /          /       0.0040  1277
   -1     81014.223     1234.3512  /          /       0.0040  1278
   10     81002.217     1234.5341  /          /       0.0040  1279
   -1     80994.686     1234.6489  /          /       0.0040  1280
   -1     80947.482     1235.3689  /          /       0.0040  1281
   29     80931.887     1235.6069  /         h/       0.0080  1282
   -1     80867.168     1236.5958  /          /       0.0040  1283
    6     80777.007     1237.9760  /          /       0.0040  1284
   13     80774.991     1238.0069  /          /       0.0040  1285
   19     80679.829     1239.4672  /          /       0.0040  1286
   16     80578.417     1241.0271  /         h/       0.0080  1287
   -1     80472.087     1242.6669  /          /       0.0040  1288
    6     80342.632     1244.6692  /          /       0.0040  1289
   16     80287.691     1245.5209  /          /       0.0040  1290
   16     80201.476     1246.8598  /         h/       0.0080  1291
   10     80062.435     1249.0252  /          /       0.0040  1292
   22     79987.830     1250.1902  /          /       0.0040  1293
   29     79978.427     1250.3372  /          /       0.0040  1294
   19     79812.481     1252.9369  /        **/       0.0080  1295
   16     79686.680     1254.9149  /          /       0.0040  1296
   10     79670.993     1255.1620  /          /       0.0040  1297
   -1     79651.580     1255.4679  /          /       0.0040  1298
   29     79594.896     1256.3620  /          /       0.0040  1299
   22     79501.688     1257.8349  /         h/       0.0080  1300
   -1     79495.300     1257.9360  /          /       0.0040  1301
    6     79447.035     1258.7002  /          /       0.0040  1302
   -1     79443.629     1258.7542  /          /       0.0040  1303
   13     79437.010     1258.8591  /         h/       0.0080  1304
   13     79381.013     1259.7471  /          /       0.0040  1305
   29     79302.705     1260.9910  /          /       0.0040  1306
   29     79247.402     1261.8710  /          /       0.0040  1307
   -1     79166.525     1263.1602  /          /       0.0040  1308
   29     79159.393     1263.2740  /          /       0.0040  1309
   29     79145.915     1263.4891  /          /       0.0040  1310
   22     79100.096     1264.2210  /          /       0.0040  1311
   16     79029.704     1265.3470  /        **/       0.0080  1312
   29     79009.173     1265.6758  /          /       0.0040  1313
    6     78943.415     1266.7301  /         h/       0.0080  1314
    6     78911.973     1267.2348  /         h/       0.0080  1315
   36     78877.838     1267.7832  /          /       0.0040  1316
   -1     78859.121     1268.0841  /          /       0.0040  1317
    6     78813.434     1268.8192  /          /       0.0040  1318
    6     78787.802     1269.2320  /          /       0.0040  1319
   -1     78780.792     1269.3449  /          /       0.0040  1320
   -1     78771.223     1269.4991  /          /       0.0040  1321
   -1     78626.916     1271.8291  /          /       0.0040  1322
   22     78620.423     1271.9341  /         h/       0.0080  1323
   10     78573.721     1272.6901  /          /       0.0040  1324
   -1     78565.703     1272.8200  /          /       0.0040  1325
   29     78560.704     1272.9010  /          /       0.0040  1326
   16     78532.318     1273.3611  /          /       0.0040  1327
   29     78436.035     1274.9242  /          /       0.0040  1328
   -1     78388.281     1275.7009  /          /       0.0040  1329
   -1     78349.820     1276.3271  /          /       0.0040  1330
    6     78332.326     1276.6122  /         h/       0.0080  1331
    6     78319.770     1276.8168  /         h/       0.0080  1332
   -1     78312.399     1276.9370  /          /       0.0040  1333
   33     78291.001     1277.2860  /          /       0.0040  1334
   39     78274.628     1277.5532  /         h/       0.0080  1335
    6     78264.030     1277.7262  /          /       0.0040  1336
   10     78223.133     1278.3942  /         h/       0.0080  1337
   22     77880.218     1284.0231  /          /       0.0040  1338
   -1     77746.408     1286.2331  /          /       0.0040  1339
   36     77728.473     1286.5298  /         h/       0.0080  1340
   56     77704.002     1286.9350  /          /       0.0040  1341
    6     77655.677     1287.7359  /         h/       0.0080  1342
    6     77579.585     1288.9989  /          /       0.0040  1343
   -1     77530.384     1289.8169  /          /       0.0040  1344
   29     77453.096     1291.1040  /        **/       0.0080  1345
   -1     77395.676     1292.0618  /          /       0.0040  1346
   10     77372.080     1292.4559  /         h/       0.0080  1347
   16     77334.797     1293.0790  /          /       0.0040  1348
   22     77277.189     1294.0429  /          /       0.0040  1349
   10     77273.601     1294.1030  /          /       0.0040  1350
    6     77252.522     1294.4561  /          /       0.0040  1351
    6     77228.419     1294.8601  /          /       0.0040  1352
   33     77191.887     1295.4729  /          /       0.0040  1353
   10     77051.809     1297.8281  /          /       0.0040  1354
   22     77033.365     1298.1388  /         h/       0.0080  1355
    6     77017.281     1298.4099  /          /       0.0040  1356
   46     77004.220     1298.6301  /          /       0.0040  1357
   36     77000.494     1298.6930  /          /       0.0040  1358
    6     76970.869     1299.1928  /          /       0.0040  1359
   22     76958.186     1299.4069  /          /       0.0040  1360
   33     76934.272     1299.8108  /         h/       0.0080  1361
   10     76906.212     1300.2851  /          /       0.0040  1362
   39     76886.589     1300.6169  /          /       0.0040  1363
   22     76763.885     1302.6959  /          /       0.0040  1364
   10     76752.803     1302.8840  /         h/       0.0080  1365
   10     76748.276     1302.9609  /          /       0.0040  1366
    6     76716.480     1303.5009  /          /       0.0040  1367
   -1     76591.791     1305.6229  /          /       0.0040  1368
   -1     76583.105     1305.7710  /          /       0.0040  1369
   -1     76576.008     1305.8920  /          /       0.0040  1370
   -1     76545.072     1306.4198  /          /       0.0040  1371
   29     76498.508     1307.2150  /         h/       0.0080  1372
    6     76438.918     1308.2341  /          /       0.0040  1373
    6     76418.892     1308.5769  /          /       0.0040  1374
    6     76345.720     1309.8311  /         h/       0.0080  1375
   -1     76335.815     1310.0011  /          /       0.0040  1376
    6     76317.995     1310.3070  /          /       0.0040  1377
    6     76283.589     1310.8979  /         h/       0.0080  1378
   -1     76279.285     1310.9719  /         h/       0.0080  1379
   19     76199.998     1312.3360  /          /       0.0040  1380
   16     76139.644     1313.3762  /         h/       0.0080  1381
    6     76130.276     1313.5379  /          /       0.0040  1382
   22     76127.713     1313.5821  /          /       0.0040  1383
   29     76095.619     1314.1361  /          /       0.0040  1384
    6     76070.321     1314.5731  /          /       0.0040  1385
   -1     76011.183     1315.5959  /          /       0.0040  1386
   -1     75972.601     1316.2640  /          /       0.0040  1387
   10     75946.361     1316.7188  /          /       0.0040  1388
   -1     75769.289     1319.7959  /          /       0.0040  1389
   -1     75766.523     1319.8441  /          /       0.0040  1390
   16     75670.430     1321.5202  /          /       0.0040  1391
   -1     75621.443     1322.3762  /          /       0.0040  1392
   39     75494.780     1324.5949  /         h/       0.0080  1393
   13     75462.878     1325.1549  /          /       0.0040  1394
   16     75289.477     1328.2069  /          /       0.0040  1395
   33     75275.588     1328.4519  /          /       0.0040  1396
   -1     75218.575     1329.4588  /          /       0.0040  1397
   40     75132.320     1330.9851  /          /       0.0040  1398
   -1     75103.824     1331.4901  /          /       0.0040  1399
   -1     75054.835     1332.3592  /          /       0.0040  1400
   29     74973.636     1333.8022  /         h/       0.0080  1401
    6     74916.980     1334.8109  /          /       0.0040  1402
   22     74907.316     1334.9831  /          /       0.0040  1403
   46     74898.837     1335.1342  /          /       0.0040  1404
   36     74768.134     1337.4682  /         h/       0.0080  1405
    6     74706.701     1338.5680  /         h/       0.0080  1406
   13     74693.198     1338.8100  /          /       0.0040  1407
   46     74501.277     1342.2589  /          /       0.0040  1408
   22     74468.203     1342.8550  /          /       0.0040  1409
   22     74386.888     1344.3229  /          /       0.0040  1410
   16     74365.806     1344.7040  /          /       0.0040  1411
   52     74344.626     1345.0871  /         w/       0.0080  1412
   46     74339.819     1345.1741  /         h/       0.0080  1413
   33     74230.117     1347.1621  /          /       0.0040  1414
   16     74220.982     1347.3279  /          /       0.0040  1415
   22     74210.790     1347.5129  /          /       0.0040  1416
   16     74125.733     1349.0592  /          /       0.0040  1417
   19     74110.627     1349.3342  /          /       0.0040  1418
   19     74095.031     1349.6182  /          /       0.0040  1419
   -1     74088.333     1349.7402  /          /       0.0040  1420
   29     74064.694     1350.1710  /          /       0.0040  1421
   22     74056.193     1350.3260  /         h/       0.0080  1422
   -1     74024.439     1350.9052  /          /       0.0040  1423
   56     73936.540     1352.5112  /          /       0.0040  1424
   63     73926.389     1352.6969  /          /       0.0040  1425
    6     73910.531     1352.9872  /          /       0.0040  1426
   10     73901.586     1353.1509  /          /       0.0040  1427
   22     73877.011     1353.6011  /         h/       0.0080  1428
    6     73855.406     1353.9970  /          /       0.0040  1429
    6     73810.812     1354.8151  /          /       0.0040  1430
   10     73789.088     1355.2139  /          /       0.0040  1431
   -1     73779.887     1355.3829  /          /       0.0040  1432
    6     73727.008     1356.3551  /         h/       0.0080  1433
   52     73720.042     1356.4832  /         h/       0.0080  1434
    6     73625.077     1358.2329  /          /       0.0040  1435
   33     73583.365     1359.0028  /         h/       0.0080  1436
   10     73579.083     1359.0819  /         h/       0.0080  1437
    6     73431.516     1361.8131  /          /       0.0040  1438
   -1     73415.360     1362.1128  /          /       0.0040  1439
   29     73401.435     1362.3712  /         h/       0.0080  1440
   36     73397.021     1362.4531  /         h/       0.0080  1441
    6     73366.496     1363.0200  /          /       0.0040  1442
   -1     73297.500     1364.3030  /          /       0.0040  1443
    6     73293.244     1364.3822  /          /       0.0040  1444
   -1     73279.124     1364.6451  /          /       0.0040  1445
   52     73185.431     1366.3922  /          /       0.0040  1446
   10     73178.483     1366.5219  /          /       0.0040  1447
   10     73165.686     1366.7609  /          /       0.0040  1448
   16     73113.835     1367.7302  /          /       0.0040  1449
   46     73064.109     1368.6610  /         h/       0.0080  1450
    6     72985.822     1370.1291  /          /       0.0040  1451
   27     72967.612     1370.4711  /          /       0.0040  1452
    6     72927.767     1371.2198  /         h/       0.0080  1453
   46     72917.117     1371.4201  /         h/       0.0080  1454
   10     72879.708     1372.1240  /         h/       0.0080  1455
   22     72783.427     1373.9392  /          /       0.0040  1456
    6     72769.672     1374.1989  /          /       0.0040  1457
   29     72747.487     1374.6179  /         h/       0.0080  1458
   -1     72682.500     1375.8470  /          /       0.0040  1459
   13     72674.832     1375.9922  /          /       0.0040  1460
   20     72672.722     1376.0321  /          /       0.0040  1461
   27     72633.779     1376.7699  /          /       0.0040  1462
   29     72599.227     1377.4251  /          /       0.0040  1463
   27     72569.370     1377.9918  /          /       0.0040  1464
   -1     72548.677     1378.3849  /          /       0.0040  1465
   10     72465.979     1379.9579  /          /       0.0040  1466
   36     72458.161     1380.1068  /         h/       0.0080  1467
   22     72400.331     1381.2092  /          /       0.0040  1468
   46     72387.914     1381.4461  /          /       0.0040  1469
   13     72368.528     1381.8161  /          /       0.0040  1470
    6     72364.876     1381.8859  /          /       0.0040  1471
   -1     72356.535     1382.0452  /          /       0.0040  1472
    6     72348.797     1382.1930  /          /       0.0040  1473
    6     72340.521     1382.3511  /          /       0.0040  1474
    6     72274.805     1383.6080  /          /       0.0040  1475
   56     72272.299     1383.6560  /         h/       0.0080  1476
   22     72264.990     1383.7959  /          /       0.0040  1477
   10     72219.420     1384.6691  /          /       0.0040  1478
   16     72178.236     1385.4592  /         h/       0.0080  1479
   10     72141.591     1386.1629  /          /       0.0040  1480
    6     72090.988     1387.1359  /          /       0.0040  1481
   13     72084.120     1387.2681  /          /       0.0040  1482
   36     72057.792     1387.7750  /          /       0.0040  1483
   -1     72045.901     1388.0040  /          /       0.0040  1484
   -1     72042.316     1388.0731  /          /       0.0040  1485
    6     72025.198     1388.4030  /          /       0.0040  1486
   19     71981.802     1389.2400  /         w/       0.0080  1487
   46     71963.781     1389.5879  /         h/       0.0080  1488
   19     71953.519     1389.7861  /          /       0.0040  1489
   16     71937.832     1390.0892  /          /       0.0040  1490
    6     71926.877     1390.3009  /          /       0.0040  1491
   46     71923.444     1390.3672  /          /       0.0040  1492
   10     71903.023     1390.7621  /          /       0.0040  1493
   -1     71820.136     1392.3672  /          /       0.0040  1494
   10     71805.499     1392.6510  /          /       0.0040  1495
   46     71796.523     1392.8251  /          /       0.0040  1496
   46     71764.218     1393.4521  /          /       0.0040  1497
    6     71760.410     1393.5260  /          /       0.0040  1498
   13     71740.900     1393.9050  /          /       0.0040  1499
   29     71737.872     1393.9638  /          /       0.0040  1500
   29     71719.395     1394.3230  /          /       0.0040  1501
   10     71713.626     1394.4351  /          /       0.0040  1502
    6     71708.227     1394.5401  /          /       0.0040  1503
   40     71705.916     1394.5851  /        **/       0.0080  1504
   29     71699.086     1394.7179  /         h/       0.0080  1505
   22     71695.691     1394.7840  /          /       0.0040  1506
   13     71674.514     1395.1961  /         h/       0.0080  1507
   10     71668.363     1395.3158  /          /       0.0040  1508
   20     71664.910     1395.3830  /          /       0.0040  1509
   16     71650.793     1395.6580  /          /       0.0040  1510
    6     71647.505     1395.7220  /          /       0.0040  1511
   29     71622.002     1396.2190  /          /       0.0040  1512
   39     71610.470     1396.4438  /          /       0.0040  1513
   19     71590.046     1396.8422  /          /       0.0040  1514
   16     71570.325     1397.2271  /          /       0.0040  1515
   29     71564.331     1397.3442  /          /       0.0040  1516
   46     71560.397     1397.4210  /         h/       0.0080  1517
   13     71542.523     1397.7701  /          /       0.0040  1518
    6     71534.902     1397.9190  /          /       0.0040  1519
   36     71499.100     1398.6190  /          /       0.0040  1520
   16     71495.212     1398.6951  /          /       0.0040  1521
   36     71488.617     1398.8241  /          /       0.0040  1522
   16     71472.420     1399.1411  /          /       0.0040  1523
   10     71420.407     1400.1600  /          /       0.0040  1524
   19     71410.268     1400.3588  /         h/       0.0080  1525
   19     71406.428     1400.4341  /          /       0.0040  1526
   29     71397.409     1400.6111  /         h/       0.0080  1527
   46     71368.617     1401.1761  /          /       0.0040  1528
   13     71356.968     1401.4048  /          /       0.0040  1529
   10     71338.181     1401.7739  /          /       0.0040  1530
   33     71325.160     1402.0298  /        cl/       0.0080  1531
   46     71324.288     1402.0469  /        cl/       0.0080  1532
   20     71320.476     1402.1219  /          /       0.0040  1533
   20     71303.387     1402.4579  /          /       0.0040  1534
   10     71296.212     1402.5991  /          /       0.0040  1535
   29     71288.897     1402.7430  /          /       0.0040  1536
   36     71280.570     1402.9069  /          /       0.0040  1537
   46     71267.161     1403.1708  /          /       0.0040  1538
   46     71260.094     1403.3100  /          /       0.0040  1539
   40     71245.477     1403.5979  /          /       0.0040  1540
   13     71231.775     1403.8679  /          /       0.0040  1541
   56     71226.028     1403.9811  /          /       0.0040  1542
   29     71219.898     1404.1020  /          /       0.0040  1543
   56     71187.197     1404.7470  /          /       0.0040  1544
   33     71175.696     1404.9740  /          /       0.0040  1545
   -1     71169.309     1405.1001  /          /       0.0040  1546
    6     71152.399     1405.4340  /          /       0.0040  1547
   39     71146.824     1405.5441  /          /       0.0040  1548
   27     71120.171     1406.0709  /          /       0.0040  1549
   27     71089.318     1406.6811  /          /       0.0040  1550
   16     71062.498     1407.2120  /          /       0.0040  1551
   22     71060.079     1407.2599  /        cl/       0.0080  1552
   22     71058.910     1407.2831  /        cl/       0.0080  1553
   17     71055.423     1407.3521  /          /       0.0040  1554
   33     71048.712     1407.4851  /         h/       0.0080  1555
   10     71044.218     1407.5741  /          /       0.0040  1556
   29     71034.184     1407.7729  /          /       0.0040  1557
    6     71027.576     1407.9039  /          /       0.0040  1558
   22     71011.585     1408.2209  /          /       0.0040  1559
   10     70995.298     1408.5440  /          /       0.0040  1560
   29     70948.201     1409.4790  /          /       0.0040  1561
   10     70945.386     1409.5349  /          /       0.0040  1562
   16     70936.681     1409.7079  /          /       0.0040  1563
   46     70931.997     1409.8010  /         h/       0.0080  1564
   40     70906.699     1410.3040  /          /       0.0040  1565
   22     70895.430     1410.5282  /        bl/       0.0080  1566
   46     70889.265     1410.6508  /          /       0.0040  1567
   22     70884.526     1410.7451  /          /       0.0040  1568
    6     70862.485     1411.1839  /          /       0.0040  1569
   10     70853.034     1411.3722  /        cl/       0.0080  1570
   22     70851.690     1411.3989  /        cl/       0.0080  1571
   46     70834.980     1411.7319  /         h/       0.0080  1572
   29     70830.607     1411.8190  /          /       0.0040  1573
   29     70825.333     1411.9242  /          /       0.0040  1574
   22     70817.173     1412.0869  /          /       0.0040  1575
   29     70806.629     1412.2971  /          /       0.0040  1576
   10     70796.869     1412.4918  /          /       0.0040  1577
   16     70788.694     1412.6550  /         h/       0.0080  1578
   59     70780.180     1412.8249  /          /       0.0040  1579
   10     70759.632     1413.2352  /         h/       0.0080  1580
   16     70753.426     1413.3591  /          /       0.0040  1581
   22     70737.673     1413.6739  /          /       0.0040  1582
   10     70733.071     1413.7658  /          /       0.0040  1583
   39     70714.505     1414.1370  /          /       0.0040  1584
    6     70709.845     1414.2302  /          /       0.0040  1585
   10     70701.706     1414.3930  /          /       0.0040  1586
   56     70633.632     1415.7562  /          /       0.0040  1587
   -1     70627.763     1415.8738  /          /       0.0040  1588
   16     70613.233     1416.1652  /          /       0.0040  1589
   29     70582.631     1416.7792  /          /       0.0040  1590
   29     70567.597     1417.0810  /          /       0.0040  1591
   -1     70548.822     1417.4581  /          /       0.0040  1592
    6     70498.138     1418.4772  /          /       0.0040  1593
   19     70473.842     1418.9662  /          /       0.0040  1594
   22     70421.495     1420.0210  /        cl/       0.0080  1595
   39     70419.011     1420.0711  /         h/       0.0080  1596
   16     70405.980     1420.3339  /          /       0.0040  1597
   27     70383.125     1420.7951  /          /       0.0040  1598
   46     70360.003     1421.2620  /          /       0.0040  1599
   -1     70349.270     1421.4789  /          /       0.0040  1600
   29     70341.495     1421.6360  /          /       0.0040  1601
   22     70336.101     1421.7450  /          /       0.0040  1602
   10     70319.585     1422.0789  /         h/       0.0080  1603
   22     70296.240     1422.5512  /         h/       0.0080  1604
   22     70287.998     1422.7180  /          /       0.0040  1605
    6     70276.887     1422.9429  /          /       0.0040  1606
    6     70268.432     1423.1142  /         h/       0.0080  1607
   13     70264.828     1423.1871  /         h/       0.0080  1608
   10     70254.673     1423.3929  /          /       0.0040  1609
   16     70241.829     1423.6531  /          /       0.0040  1610
   -1     70224.676     1424.0009  /          /       0.0040  1611
    6     70186.517     1424.7751  /          /       0.0040  1612
   46     70122.926     1426.0671  /          /       0.0040  1613
   46     70076.398     1427.0140  /          /       0.0040  1614
   10     70049.537     1427.5612  /          /       0.0040  1615
   29     70042.288     1427.7089  /          /       0.0040  1616
   36     70027.123     1428.0181  /          /       0.0040  1617
   10     69993.563     1428.7028  /          /       0.0040  1618
   -1     69948.312     1429.6271  /          /       0.0040  1619
   56     69922.336     1430.1582  /          /       0.0040  1620
   29     69913.988     1430.3289  /          /       0.0040  1621
   16     69903.521     1430.5431  /          /       0.0040  1622
   10     69884.617     1430.9301  /          /       0.0040  1623
   46     69880.515     1431.0141  /          /       0.0040  1624
   36     69876.178     1431.1029  /          /       0.0040  1625
   29     69869.291     1431.2439  /          /       0.0040  1626
   10     69854.147     1431.5542  /          /       0.0040  1627
   16     69846.499     1431.7110  /         w/       0.0080  1628
   16     69831.676     1432.0149  /         h/       0.0080  1629
   16     69785.086     1432.9709  /         h/       0.0080  1630
   29     69738.116     1433.9361  /          /       0.0040  1631
   22     69730.625     1434.0901  /         h/       0.0080  1632
   29     69725.912     1434.1870  /         h/       0.0080  1633
   16     69708.765     1434.5398  /         h/       0.0080  1634
   36     69704.426     1434.6291  /         h/       0.0080  1635
   36     69693.932     1434.8451  /          /       0.0040  1636
   22     69638.999     1435.9770  /          /       0.0040  1637
   19     69569.812     1437.4051  /          /       0.0040  1638
   -1     69547.274     1437.8709  /          /       0.0040  1639
   39     69539.232     1438.0372  /         h/       0.0080  1640
   29     69515.309     1438.5321  /         h/       0.0080  1641
   16     69506.281     1438.7189  /          /       0.0040  1642
   10     69504.004     1438.7660  /          /       0.0040  1643
    6     69496.321     1438.9251  /          /       0.0040  1644
   22     69472.421     1439.4201  /         h/       0.0080  1645
   46     69466.629     1439.5401  /          /       0.0040  1646
   33     69448.205     1439.9220  /          /       0.0040  1647
   16     69433.169     1440.2338  /          /       0.0040  1648
   22     69409.111     1440.7330  /         h/       0.0080  1649
   -1     69403.773     1440.8439  /         h/       0.0080  1650
   29     69398.765     1440.9478  /         h/       0.0080  1651
   29     69377.577     1441.3879  /          /       0.0040  1652
   19     69361.112     1441.7301  /          /       0.0040  1653
   19     69344.033     1442.0851  /          /       0.0040  1654
   22     69334.187     1442.2899  /          /       0.0040  1655
   16     69312.082     1442.7499  /         h/       0.0080  1656
   10     69306.562     1442.8648  /         h/       0.0080  1657
   -1     69299.824     1443.0051  /          /       0.0040  1658
   59     69277.504     1443.4700  /          /       0.0040  1659
    6     69268.429     1443.6591  /         h/       0.0080  1660
   29     69246.995     1444.1060  /          /       0.0040  1661
    6     69236.206     1444.3310  /          /       0.0040  1662
   39     69225.670     1444.5508  /         h/       0.0080  1663
   10     69202.577     1445.0329  /         h/       0.0080  1664
    6     69190.794     1445.2790  /          /       0.0040  1665
   56     69179.401     1445.5170  /          /       0.0040  1666
   13     69172.605     1445.6590  /          /       0.0040  1667
   39     69164.806     1445.8220  /         h/       0.0080  1668
   -1     69139.026     1446.3611  /          /       0.0040  1669
   10     69094.122     1447.3011  /          /       0.0040  1670
   46     69079.094     1447.6160  /          /       0.0040  1671
   13     69062.531     1447.9632  /          /       0.0040  1672
   46     69052.769     1448.1678  /          /       0.0040  1673
   22     69035.793     1448.5240  /         h/       0.0080  1674
   16     69021.978     1448.8139  /          /       0.0040  1675
   22     68954.046     1450.2412  /         h/       0.0080  1676
   13     68946.363     1450.4028  /          /       0.0040  1677
    6     68941.736     1450.5002  /          /       0.0040  1678
   13     68919.890     1450.9599  /         h/       0.0080  1679
   33     68908.818     1451.1931  /          /       0.0040  1680
   56     68900.990     1451.3580  /         h/       0.0080  1681
   46     68880.814     1451.7831  /          /       0.0040  1682
   20     68870.289     1452.0049  /         h/       0.0080  1683
   59     68853.826     1452.3521  /          /       0.0040  1684
   -1     68847.848     1452.4782  /          /       0.0040  1685
   -1     68843.555     1452.5688  /          /       0.0040  1686
   36     68828.482     1452.8869  /          /       0.0040  1687
   46     68822.469     1453.0138  /         h/       0.0080  1688
   29     68818.677     1453.0939  /         h/       0.0080  1689
   33     68803.938     1453.4052  /          /       0.0040  1690
   27     68797.507     1453.5410  /          /       0.0040  1691
   19     68789.757     1453.7048  /          /       0.0040  1692
   16     68778.911     1453.9340  /          /       0.0040  1693
   36     68774.416     1454.0291  /          /       0.0040  1694
   29     68763.248     1454.2652  /          /       0.0040  1695
   16     68747.322     1454.6021  /          /       0.0080  1696
   16     68739.161     1454.7748  /          /       0.0040  1697
   13     68736.448     1454.8322  /          /       0.0040  1698
   59     68730.562     1454.9568  /        bl/       0.0080  1699
   33     68700.996     1455.5830  /          /       0.0040  1700
    6     68654.243     1456.5742  /          /       0.0040  1701
   -1     68646.520     1456.7381  /          /       0.0040  1702
   -1     68644.212     1456.7871  /          /       0.0040  1703
   36     68636.586     1456.9489  /          /       0.0040  1704
   16     68622.080     1457.2569  /          /       0.0040  1705
   10     68617.373     1457.3569  /         h/       0.0080  1706
   13     68613.791     1457.4330  /         h/       0.0080  1707
   33     68610.075     1457.5119  /          /       0.0040  1708
   22     68597.274     1457.7839  /          /       0.0040  1709
    6     68592.094     1457.8940  /          /       0.0040  1710
   46     68580.992     1458.1300  /          /       0.0040  1711
   22     68577.604     1458.2020  /          /       0.0040  1712
   33     68558.228     1458.6141  /         h/       0.0080  1713
    6     68554.137     1458.7012  /          /       0.0040  1714
   20     68550.845     1458.7712  /          /       0.0040  1715
   -1     68538.537     1459.0332  /          /       0.0040  1716
    6     68528.020     1459.2571  /         h/       0.0080  1717
   46     68524.179     1459.3389  /          /       0.0040  1718
   10     68521.080     1459.4049  /          /       0.0040  1719
   36     68508.439     1459.6742  /          /       0.0040  1720
   36     68490.804     1460.0500  /          /       0.0040  1721
   -1     68482.692     1460.2230  /          /       0.0040  1722
    6     68472.512     1460.4401  /          /       0.0040  1723
    6     68463.512     1460.6321  /          /       0.0040  1724
    6     68436.048     1461.2182  /          /       0.0040  1725
   13     68427.301     1461.4050  /          /       0.0040  1726
   -1     68422.672     1461.5039  /          /       0.0040  1727
   46     68417.419     1461.6161  /         h/       0.0080  1728
   -1     68398.570     1462.0189  /          /       0.0040  1729
   39     68392.202     1462.1550  /          /       0.0040  1730
   29     68372.096     1462.5850  /          /       0.0040  1731
   33     68366.716     1462.7001  /          /       0.0040  1732
   59     68341.813     1463.2331  /          /       0.0040  1733
   52     68337.194     1463.3320  /          /       0.0040  1734
   59     68326.822     1463.5541  /          /       0.0040  1735
   22     68317.398     1463.7560  /          /       0.0040  1736
   46     68314.181     1463.8249  /          /       0.0040  1737
   36     68305.404     1464.0130  /          /       0.0040  1738
   -1     68287.344     1464.4002  /          /       0.0040  1739
   40     68282.598     1464.5020  /         w/       0.0080  1740
   16     68271.407     1464.7420  /        bl/       0.0080  1741
   10     68266.229     1464.8531  /          /       0.0040  1742
   52     68258.406     1465.0210  /          /       0.0040  1743
   52     68253.607     1465.1240  /          /       0.0040  1744
    6     68249.319     1465.2161  /          /       0.0040  1745
    6     68217.520     1465.8991  /          /       0.0040  1746
   -1     68213.574     1465.9839  /          /       0.0040  1747
   -1     68212.310     1466.0110  /          /       0.0040  1748
   -1     68197.931     1466.3201  /          /       0.0040  1749
    6     68167.678     1466.9709  /          /       0.0040  1750
   22     68162.569     1467.0809  /         h/       0.0080  1751
   19     68159.214     1467.1531  /          /       0.0040  1752
   10     68154.842     1467.2472  /          /       0.0040  1753
   13     68147.322     1467.4091  /          /       0.0040  1754
   22     68138.691     1467.5950  /          /       0.0040  1755
   10     68136.318     1467.6461  /          /       0.0040  1756
   46     68133.906     1467.6980  /         h/       0.0080  1757
   29     68109.349     1468.2272  /          /       0.0040  1758
   52     68101.384     1468.3989  /          /       0.0040  1759
   16     68093.310     1468.5731  /         w/       0.0080  1760
   22     68083.769     1468.7789  /          /       0.0040  1761
   40     68078.068     1468.9018  /          /       0.0040  1762
   10     68056.420     1469.3691  /          /       0.0040  1763
   19     68049.839     1469.5112  /          /       0.0040  1764
    6     68043.448     1469.6492  /          /       0.0040  1765
    6     68032.433     1469.8872  /          /       0.0040  1766
   10     68025.123     1470.0451  /         w/       0.0080  1767
   29     68015.129     1470.2611  /        bl/       0.0080  1768
   22     68012.217     1470.3241  /          /       0.0040  1769
   43     67989.982     1470.8049  /          /       0.0040  1770
   10     67985.214     1470.9081  /          /       0.0040  1771
   16     67969.186     1471.2549  /          /       0.0040  1772
   10     67957.029     1471.5181  /          /       0.0040  1773
   33     67945.531     1471.7671  /          /       0.0040  1774
   10     67939.624     1471.8951  /          /       0.0040  1775
    6     67930.080     1472.1019  /          /       0.0040  1776
   -1     67928.225     1472.1421  /          /       0.0040  1777
   29     67919.470     1472.3319  /          /       0.0040  1778
   -1     67913.736     1472.4562  /          /       0.0040  1779
   -1     67888.894     1472.9950  /          /       0.0040  1780
    6     67881.516     1473.1551  /          /       0.0040  1781
    6     67871.892     1473.3640  /          /       0.0040  1782
   13     67855.496     1473.7200  /         h/       0.0080  1783
   52     67850.986     1473.8179  /         w/       0.0080  1784
   46     67842.006     1474.0130  /          /       0.0040  1785
   39     67838.283     1474.0939  /          /       0.0040  1786
   52     67777.720     1475.4111  /          /       0.0040  1787
   29     67773.274     1475.5079  /         h/       0.0080  1788
   22     67770.790     1475.5620  /          /       0.0040  1789
   22     67764.442     1475.7002  /          /       0.0040  1790
   13     67759.811     1475.8010  /          /       0.0040  1791
   52     67738.102     1476.2740  /          /       0.0040  1792
   22     67727.000     1476.5160  /          /       0.0040  1793
    6     67724.706     1476.5660  /          /       0.0040  1794
   33     67712.004     1476.8430  /          /       0.0040  1795
   19     67702.699     1477.0460  /          /       0.0040  1796
   27     67699.809     1477.1090  /          /       0.0040  1797
   10     67681.617     1477.5061  /          /       0.0040  1798
   17     67679.194     1477.5590  /          /       0.0040  1799
   20     67675.020     1477.6501  /          /       0.0040  1800
   29     67660.043     1477.9772  /        bl/       0.0080  1801
   29     67656.801     1478.0480  /          /       0.0040  1802
   46     67653.505     1478.1200  /          /       0.0040  1803
   22     67647.416     1478.2531  /          /       0.0040  1804
   29     67644.175     1478.3239  /          /       0.0040  1805
   22     67639.038     1478.4362  /          /       0.0040  1806
   29     67634.886     1478.5269  /          /       0.0040  1807
   20     67632.820     1478.5721  /          /       0.0040  1808
   10     67630.717     1478.6181  /          /       0.0040  1809
   16     67620.797     1478.8350  /          /       0.0040  1810
    6     67614.434     1478.9741  /          /       0.0040  1811
   29     67609.448     1479.0832  /          /       0.0040  1812
   22     67607.029     1479.1361  /          /       0.0040  1813
    6     67599.533     1479.3002  /          /       0.0040  1814
   22     67588.170     1479.5489  /        bl/       0.0080  1815
   29     67581.496     1479.6950  /          /       0.0040  1816
    6     67574.469     1479.8488  /          /       0.0040  1817
   36     67572.722     1479.8871  /          /       0.0040  1818
   22     67569.711     1479.9531  /          /       0.0040  1819
   22     67563.318     1480.0931  /         h/       0.0080  1820
    6     67543.514     1480.5271  /          /       0.0040  1821
   10     67524.090     1480.9529  /          /       0.0040  1822
   36     67520.341     1481.0352  /          /       0.0040  1823
   16     67516.331     1481.1231  /          /       0.0040  1824
   16     67513.138     1481.1932  /          /       0.0040  1825
   19     67500.296     1481.4750  /          /       0.0040  1826
   -1     67494.192     1481.6090  /          /       0.0040  1827
   10     67489.869     1481.7039  /          /       0.0040  1828
   22     67470.601     1482.1270  /          /       0.0040  1829
   29     67457.402     1482.4170  /          /       0.0040  1830
   -1     67451.435     1482.5481  /          /       0.0040  1831
   22     67449.766     1482.5848  /          /       0.0040  1832
   10     67446.246     1482.6622  /          /       0.0040  1833
   22     67412.700     1483.4000  /          /       0.0040  1834
   20     67409.516     1483.4701  /          /       0.0040  1835
   16     67407.794     1483.5080  /          /       0.0040  1836
   22     67403.703     1483.5980  /          /       0.0040  1837
   19     67393.393     1483.8250  /          /       0.0040  1838
   10     67383.364     1484.0458  /          /       0.0040  1839
   10     67375.871     1484.2109  /          /       0.0040  1840
   56     67371.913     1484.2981  /         w/       0.0080  1841
   39     67355.436     1484.6612  /          /       0.0040  1842
   29     67343.159     1484.9318  /          /       0.0040  1843
   52     67320.800     1485.4250  /          /       0.0040  1844
   16     67270.397     1486.5380  /          /       0.0040  1845
   29     67266.227     1486.6301  /         h/       0.0080  1846
   -1     67257.317     1486.8271  /          /       0.0040  1847
   46     67243.300     1487.1370  /         h/       0.0080  1848
   27     67224.128     1487.5611  /          /       0.0040  1849
   20     67216.812     1487.7230  /          /       0.0040  1850
   29     67211.394     1487.8430  /          /       0.0040  1851
   33     67201.095     1488.0710  /          /       0.0040  1852
   -1     67195.183     1488.2019  /          /       0.0040  1853
   46     67159.891     1488.9840  /         h/       0.0080  1854
   22     67155.879     1489.0729  /         h/       0.0080  1855
   13     67150.728     1489.1871  /         h/       0.0080  1856
   36     67144.785     1489.3189  /          /       0.0040  1857
   52     67133.603     1489.5670  /          /       0.0040  1858
   10     67128.104     1489.6890  /          /       0.0040  1859
   39     67116.926     1489.9371  /         h/       0.0080  1860
   10     67113.470     1490.0139  /         h/       0.0080  1861
    6     67094.688     1490.4310  /          /       0.0040  1862
   39     67091.842     1490.4942  /          /       0.0040  1863
   19     67075.070     1490.8669  /          /       0.0040  1864
   22     67037.020     1491.7131  /         h/       0.0080  1865
   10     67031.772     1491.8299  /          /       0.0040  1866
   46     67008.316     1492.3521  /         w/       0.0080  1867
   40     66984.891     1492.8740  /          /       0.0040  1868
   13     66981.429     1492.9511  /          /       0.0040  1869
   16     66952.782     1493.5899  /          /       0.0040  1870
   22     66948.114     1493.6941  /        cl/       0.0080  1871
   13     66946.777     1493.7239  /        cl/       0.0080  1872
   36     66925.438     1494.2002  /         w/       0.0080  1873
   22     66900.962     1494.7468  /          /       0.0040  1874
   29     66892.131     1494.9442  /         h/       0.0080  1875
    6     66887.524     1495.0471  /         h/       0.0080  1876
   52     66879.792     1495.2200  /          /       0.0040  1877
   19     66867.000     1495.5060  /          /       0.0040  1878
   33     66865.173     1495.5469  /          /       0.0040  1879
   52     66844.970     1495.9989  /          /       0.0040  1880
   29     66833.888     1496.2469  /          /       0.0040  1881
   20     66807.808     1496.8310  /          /       0.0040  1882
   19     66805.619     1496.8801  /          /       0.0040  1883
   10     66784.570     1497.3519  /          /       0.0040  1884
   -1     66767.980     1497.7239  /          /       0.0040  1885
   -1     66736.696     1498.4260  /          /       0.0040  1886
   13     66730.467     1498.5659  /          /       0.0040  1887
    6     66706.164     1499.1118  /          /       0.0040  1888
   10     66685.076     1499.5859  /         h/       0.0080  1889
   39     66677.511     1499.7560  /         w/       0.0080  1890
   39     66663.109     1500.0801  /          /       0.0040  1891
   29     66646.896     1500.4450  /         h/       0.0080  1892
   22     66636.683     1500.6749  /          /       0.0040  1893
   10     66626.639     1500.9012  /         w/       0.0080  1894
   29     66619.846     1501.0542  /          /       0.0040  1895
   22     66592.267     1501.6759  /          /       0.0040  1896
   22     66564.383     1502.3049  /          /       0.0040  1897
   10     66558.617     1502.4351  /          /       0.0040  1898
   22     66547.411     1502.6881  /          /       0.0040  1899
    6     66542.137     1502.8072  /          /       0.0040  1900
   22     66535.067     1502.9668  /          /       0.0040  1901
   46     66514.920     1503.4221  /        cl/       0.0080  1902
   29     66506.734     1503.6071  /          /       0.0040  1903
   20     66485.567     1504.0858  /          /       0.0040  1904
   -1     66477.476     1504.2689  /          /       0.0040  1905
   59     66471.776     1504.3979  /        bl/       0.0080  1906
    6     66460.107     1504.6620  /          /       0.0040  1907
   59     66455.730     1504.7611  /         w/       0.0080  1908
   33     66454.770     1504.7829  /          /       0.0040  1909
   29     66430.667     1505.3289  /         h/       0.0080  1910
   16     66427.125     1505.4091  /          /       0.0040  1911
   56     66416.318     1505.6541  /          /       0.0040  1912
   10     66411.024     1505.7741  /          /       0.0040  1913
    6     66382.324     1506.4251  /          /       0.0040  1914
   -1     66365.590     1506.8050  /          /       0.0040  1915
   10     66363.028     1506.8631  /          /       0.0040  1916
   29     66309.736     1508.0742  /         h/       0.0080  1917
   10     66298.618     1508.3271  /          /       0.0040  1918
   19     66274.895     1508.8670  /         w/       0.0080  1919
    6     66262.239     1509.1552  /        cl/       0.0080  1920
   39     66244.241     1509.5652  /         h/       0.0080  1921
   13     66225.730     1509.9871  /          /       0.0040  1922
   22     66194.788     1510.6930  /         h/       0.0080  1923
   13     66169.332     1511.2741  /          /       0.0040  1924
   22     66138.092     1511.9880  /          /       0.0040  1925
   46     66128.564     1512.2058  /         w/       0.0080  1926
   -1     66109.928     1512.6321  /          /       0.0040  1927
   -1     66107.919     1512.6781  /          /       0.0040  1928
   16     66070.707     1513.5300  /         w/       0.0080  1929
   16     66067.571     1513.6019  /          /       0.0040  1930
   22     66061.284     1513.7459  /         h/       0.0080  1931
   39     66011.269     1514.8929  /        bl/       0.0080  1932
   27     65976.381     1515.6939  /          /       0.0040  1933
   -1     65947.186     1516.3649  /          /       0.0040  1934
   36     65939.881     1516.5329  /         w/       0.0080  1935
   16     65930.311     1516.7530  /          /       0.0040  1936
   46     65904.769     1517.3409  /         h/       0.0080  1937
   22     65900.417     1517.4411  /          /       0.0040  1938
   29     65892.567     1517.6219  /         h/       0.0080  1939
   36     65869.992     1518.1420  /         h/       0.0080  1940
   -1     65866.961     1518.2118  /          /       0.0040  1941
   -1     65859.922     1518.3741  /          /       0.0040  1942
    6     65851.866     1518.5599  /          /       0.0040  1943
    6     65847.734     1518.6551  /          /       0.0040  1944
   13     65834.249     1518.9662  /         h/       0.0080  1945
   46     65822.085     1519.2469  /          /       0.0040  1946
   10     65788.179     1520.0299  /          /       0.0040  1947
   -1     65783.929     1520.1281  /          /       0.0040  1948
   22     65736.017     1521.2361  /          /       0.0040  1949
   10     65728.200     1521.4170  /          /       0.0040  1950
   46     65692.617     1522.2411  /         h/       0.0080  1951
    6     65681.916     1522.4891  /         h/       0.0080  1952
    0     65365.836     1529.8512  /          /       0.0040  1953
   16     65309.493     1531.1710  /          /       0.0040  1954
    0     63721.012     1569.3411  /          /       0.0040  1955
   23     63557.112     1573.3880  /         h/       0.0080  1956
    0     63499.116     1574.8251  /          /       0.0040  1957
    0     63296.907     1579.8560  /          /       0.0040  1958
   11     63286.929     1580.1051  /          /       0.0040  1959
    6     62910.772     1589.5529  /          /       0.0040  1960
   23     62712.746     1594.5722  /          /       0.0040  1961
    0     62314.384     1604.7659  /          /       0.0040  1962
   46     62042.092     1611.8090  /        cl/       0.0080  1963
    6     61938.603     1614.5020  /          /       0.0040  1964
   46     61680.881     1621.2479  /          /       0.0040  1965
    0     61628.642     1622.6222  /          /       0.0040  1966
    0     61539.631     1624.9691  /          /       0.0040  1967
   53     61446.421     1627.4341  /         h/       0.0080  1968
   16     61344.166     1630.1469  /         h/       0.0080  1969
    0     60788.686     1645.0430  /          /       0.0040  1970
   11     60677.151     1648.0668  /          /       0.0040  1971
   59     60635.933     1649.1871  /         w/       0.0080  1972
    6     60483.222     1653.3511  /          /       0.0040  1973
   11     60452.835     1654.1821  /          /       0.0040  1974
    6     60342.525     1657.2061  /          /       0.0040  1975
   11     60205.386     1660.9810  /          /       0.0040  1976
    0     60109.195     1663.6390  /          /       0.0040  1977
   20     60055.406     1665.1290  /          /       0.0040  1978
    0     60019.763     1666.1179  /          /       0.0040  1979
   19     60016.879     1666.1979  /          /       0.0040  1980
   13     59959.375     1667.7959  /          /       0.0040  1981
   30     59829.114     1671.4271  /          /       0.0040  1982
   13     59775.932     1672.9141  /          /       0.0040  1983
    0     59749.187     1673.6629  /          /       0.0040  1984
   13     59734.514     1674.0741  /         h/       0.0080  1985
   11     59652.957     1676.3628  /          /       0.0040  1986
   34     59633.843     1676.9001  /          /       0.0040  1987
   30     59619.126     1677.3141  /         h/       0.0080  1988
    0     59528.340     1679.8721  /          /       0.0040  1989
   20     59494.024     1680.8411  /          /       0.0040  1990
    0     59485.815     1681.0730  /         h/       0.0080  1991
   16     59386.407     1683.8870  /          /       0.0040  1992
    0     59361.875     1684.5829  /          /       0.0040  1993
    6     59346.017     1685.0330  /          /       0.0240  1994
    0     59315.321     1685.9051  /          /       0.0040  1995
    0     59273.832     1687.0851  /          /       0.0040  1996
    6     59178.601     1689.8000  /          /       0.0040  1997
   23     59111.224     1691.7261  /          /       0.0040  1998
   34     59074.909     1692.7660  /          /       0.0040  1999
   46     59012.819     1694.5471  /          /       0.0040  2000
    0     59000.673     1694.8959  /          /       0.0040  2001
   27     58959.516     1696.0791  /          /       0.0040  2002
   11     58908.144     1697.5582  /          /       0.0040  2003
   23     58868.925     1698.6891  /          /       0.0040  2004
   11     58843.739     1699.4161  /          /       0.0040  2005
    0     58819.101     1700.1280  /          /       0.0040  2006
   30     58790.606     1700.9520  /          /       0.0040  2007
    0     58745.223     1702.2661  /          /       0.0040  2008
   39     58626.786     1705.7050  /         h/       0.0080  2009
   23     58591.126     1706.7431  /          /       0.0040  2010
    0     58564.676     1707.5139  /          /       0.0040  2011
   16     58500.841     1709.3771  /         h/       0.0080  2012
    6     58474.781     1710.1389  /          /       0.0040  2013
    6     58431.418     1711.4081  /         h/       0.0080  2014
    0     58409.232     1712.0581  /          /       0.0040  2015
    0     58398.217     1712.3810  /          /       0.0040  2016
   41     58382.297     1712.8480  /         h/       0.0080  2017
   13     58372.106     1713.1470  /          /       0.0040  2018
   16     58293.026     1715.4711  /          /       0.0040  2019
    0     58235.967     1717.1519  /          /       0.0040  2020
   53     58215.010     1717.7700  /          /       0.0040  2021
   13     58141.567     1719.9399  /          /       0.0040  2022
    6     58138.387     1720.0340  /          /       0.0040  2023
   16     58102.308     1721.1020  /         h/       0.0080  2024
    0     58089.788     1721.4730  /          /       0.0040  2025
    0     58078.759     1721.7999  /          /       0.0040  2026
   27     58071.634     1722.0111  /          /       0.0040  2027
    6     58048.643     1722.6932  /          /       0.0040  2028
   23     58016.719     1723.6411  /          /       0.0040  2029
    0     58000.734     1724.1161  /          /       0.0040  2030
   11     57952.432     1725.5531  /        bl/       0.0080  2031
    0     57897.378     1727.1939  /          /       0.0040  2032
    0     57894.454     1727.2812  /          /       0.0040  2033
    0     57860.262     1728.3019  /          /       0.0040  2034
   11     57813.424     1729.7021  /          /       0.0040  2035
    6     57755.325     1731.4421  /          /       0.0040  2036
    6     57752.523     1731.5261  /          /       0.0040  2037
   30     57723.990     1732.3820  /          /       0.0040  2038
    6     57669.166     1734.0289  /          /       0.0040  2039
    0     57611.756     1735.7568  /          /       0.0040  2040
   13     57610.292     1735.8010  /          /       0.0040  2041
   53     57582.253     1736.6462  /          /       0.0040  2042
   16     57578.909     1736.7470  /          /       0.0040  2043
   23     57570.651     1736.9962  /          /       0.0040  2044
   16     57538.324     1737.9721  /         h/       0.0080  2045
   34     57505.275     1738.9709  /          /       0.0040  2046
   53     57476.555     1739.8398  /          /       0.0040  2047
    0     57469.413     1740.0561  /          /       0.0040  2048
    0     57455.711     1740.4710  /          /       0.0040  2049
    0     57419.687     1741.5630  /          /       0.0040  2050
   23     57402.878     1742.0729  /          /       0.0040  2051
    6     57386.375     1742.5739  /          /       0.0040  2052
   59     57359.936     1743.3771  /          /       0.0040  2053
    0     57347.406     1743.7580  /          /       0.0040  2054
   11     57340.867     1743.9569  /          /       0.0040  2055
   13     57320.684     1744.5709  /          /       0.0040  2056
    6     57295.789     1745.3290  /          /       0.0040  2057
   23     57291.025     1745.4741  /         h/       0.0080  2058
   11     57277.734     1745.8791  /          /       0.0040  2059
    0     57266.390     1746.2250  /          /       0.0040  2060
   46     57209.906     1747.9490  /          /       0.0040  2061
   16     57197.436     1748.3301  /          /       0.0040  2062
    6     57170.299     1749.1600  /          /       0.0040  2063
   16     57127.778     1750.4619  /        cl/       0.0080  2064
   16     57126.993     1750.4860  /        cl/       0.0080  2065
   23     57035.402     1753.2970  /          /       0.0040  2066
   53     56993.599     1754.5830  /          /       0.0040  2067
   23     56982.200     1754.9340  /         h/       0.0080  2068
   13     56965.611     1755.4451  /          /       0.0040  2069
   30     56963.113     1755.5220  /          /       0.0040  2070
   19     56876.482     1758.1959  /          /       0.0040  2071
    0     56873.864     1758.2769  /          /       0.0040  2072
   16     56871.470     1758.3509  /          /       0.0040  2073
   23     56841.500     1759.2780  /        cl/       0.0080  2074
   34     56840.207     1759.3180  /          /       0.0040  2075
    0     56820.894     1759.9160  /          /       0.0040  2076
   23     56801.467     1760.5179  /         h/       0.0080  2077
   23     56790.468     1760.8589  /          /       0.0040  2078
    6     56784.237     1761.0521  /          /       0.0040  2079
   30     56764.386     1761.6680  /          /       0.0040  2080
   19     56732.280     1762.6649  /          /       0.0040  2081
    0     56721.333     1763.0051  /          /       0.0040  2082
   30     56717.575     1763.1219  /          /       0.0040  2083
   23     56661.746     1764.8591  /         h/       0.0080  2084
   13     56654.428     1765.0871  /          /       0.0040  2085
    0     56647.625     1765.2991  /          /       0.0040  2086
    6     56639.799     1765.5430  /          /       0.0040  2087
   11     56611.294     1766.4320  /          /       0.0040  2088
   16     56557.436     1768.1141  /          /       0.0040  2089
   23     56545.769     1768.4789  /          /       0.0040  2090
   19     56541.320     1768.6181  /          /       0.0040  2091
   30     56527.070     1769.0639  /          /       0.0040  2092
   46     56516.397     1769.3980  /          /       0.0040  2093
   13     56454.816     1771.3281  /          /       0.0040  2094
   23     56449.880     1771.4830  /          /       0.0040  2095
   27     56447.903     1771.5450  /          /       0.0040  2096
    0     56443.601     1771.6800  /          /       0.0040  2097
   13     56434.742     1771.9581  /          /       0.0040  2098
   11     56429.301     1772.1290  /          /       0.0040  2099
    0     56420.992     1772.3900  /          /       0.0040  2100
   19     56400.843     1773.0231  /          /       0.0040  2101
    0     56361.619     1774.2571  /          /       0.0040  2102
   16     56354.189     1774.4910  /          /       0.0040  2103
   27     56289.985     1776.5150  /         h/       0.0080  2104
   30     56278.448     1776.8791  /          /       0.0040  2105
    6     56260.309     1777.4520  /          /       0.0040  2106
   13     56251.950     1777.7162  /          /       0.0040  2107
    0     56229.622     1778.4221  /          /       0.0040  2108
    0     56219.822     1778.7321  /          /       0.0040  2109
    6     56210.568     1779.0249  /          /       0.0040  2110
   13     56196.822     1779.4601  /          /       0.0040  2111
   23     56173.144     1780.2101  /          /       0.0040  2112
   16     56160.973     1780.5959  /          /       0.0040  2113
   23     56149.398     1780.9630  /        bl/       0.0080  2114
    0     56012.049     1785.3302  /          /       0.0040  2115
   23     55994.643     1785.8851  /          /       0.0040  2116
   42     55986.620     1786.1410  /          /       0.0040  2117
   23     55969.388     1786.6910  /         h/       0.0080  2118
   13     55960.833     1786.9641  /          /       0.0040  2119
   27     55954.888     1787.1540  /          /       0.0040  2120
    0     55939.828     1787.6351  /          /       0.0040  2121
   11     55935.606     1787.7700  /          /       0.0040  2122
    6     55913.967     1788.4619  /          /       0.0040  2123
    0     55893.117     1789.1291  /          /       0.0040  2124
    0     55889.430     1789.2471  /          /       0.0040  2125
   16     55876.664     1789.6559  /          /       0.0040  2126
    0     55867.324     1789.9551  /          /       0.0040  2127
   11     55865.081     1790.0269  /          /       0.0040  2128
    6     55863.705     1790.0710  /          /       0.0040  2129
    6     55826.190     1791.2740  /          /       0.0040  2130
   43     55813.224     1791.6901  /          /       0.0040  2131
   34     55805.502     1791.9380  /          /       0.0040  2132
    0     55800.424     1792.1011  /          /       0.0040  2133
    0     55785.862     1792.5689  /          /       0.0040  2134
   11     55778.852     1792.7942  /          /       0.0040  2135
   23     55772.979     1792.9829  /          /       0.0040  2136
   36     55756.834     1793.5021  /          /       0.0040  2137
   46     55750.835     1793.6951  /          /       0.0040  2138
   36     55742.199     1793.9730  /          /       0.0040  2139
    0     55736.268     1794.1639  /          /       0.0040  2140
   36     55722.290     1794.6140  /         h/       0.0080  2141
   23     55715.829     1794.8221  /          /       0.0040  2142
   23     55689.771     1795.6619  /          /       0.0040  2143
    6     55687.935     1795.7211  /          /       0.0040  2144
    0     55647.965     1797.0109  /          /       0.0040  2145
   30     55645.673     1797.0849  /          /       0.0040  2146
   30     55639.846     1797.2731  /          /       0.0040  2147
   30     55606.619     1798.3471  /          /       0.0040  2148
    0     55572.440     1799.4531  /          /       0.0040  2149
   23     55529.675     1800.8389  /          /       0.0040  2150
   30     55527.727     1800.9021  /          /       0.0040  2151
   46     55519.406     1801.1720  /        **/       0.0080  2152
    0     55495.004     1801.9640  /          /       0.0040  2153
   16     55488.171     1802.1859  /          /       0.0040  2154
   30     55484.904     1802.2920  /          /       0.0040  2155
   30     55480.652     1802.4302  /        bl/       0.0162  2156
   11     55460.037     1803.1001  /        bl/       0.0163  2157
   11     55456.011     1803.2310  /        bl/       0.0163  2158
    6     55450.842     1803.3991  /          /       0.0040  2159
   23     55421.497     1804.3540  /          /       0.0040  2160
   36     55408.572     1804.7749  /          /       0.0040  2161
   16     55386.902     1805.4810  /          /       0.0040  2162
    0     55316.589     1807.7760  /          /       0.0040  2163
   13     55312.396     1807.9130  /          /       0.0040  2164
   34     55306.493     1808.1060  /          /       0.0040  2165
   27     55293.949     1808.5162  /          /       0.0040  2166
   13     55262.177     1809.5559  /          /       0.0040  2167
   11     55229.977     1810.6109  /          /       0.0040  2168
   39     55224.975     1810.7749  /          /       0.0040  2169
   53     55190.869     1811.8939  /         w/       0.0080  2170
   30     55176.217     1812.3751  /          /       0.0040  2171
   36     55117.826     1814.2951  /          /       0.0040  2172
   13     55095.663     1815.0249  /          /       0.0040  2173
   34     55074.537     1815.7211  /          /       0.0040  2174
    6     55051.406     1816.4840  /          /       0.0040  2175
   59     55046.590     1816.6430  /          /       0.0040  2176
    0     55035.079     1817.0229  /          /       0.0040  2177
   19     55025.359     1817.3439  /          /       0.0040  2178
   11     55023.627     1817.4011  /          /       0.0040  2179
   23     55004.566     1818.0309  /        bl/       0.0080  2180
   23     54977.891     1818.9130  /          /       0.0040  2181
   23     54967.432     1819.2591  /          /       0.0040  2182
   27     54966.434     1819.2921  /          /       0.0040  2183
   34     54957.286     1819.5949  /          /       0.0040  2184
   13     54936.119     1820.2960  /          /       0.0040  2185
   39     54919.104     1820.8600  /          /       0.0040  2186
    0     54904.838     1821.3331  /          /       0.0040  2187
   20     54901.286     1821.4510  /          /       0.0040  2188
   13     54891.309     1821.7820  /          /       0.0040  2189
   30     54869.266     1822.5139  /          /       0.0040  2190
    6     54865.472     1822.6399  /          /       0.0040  2191
   34     54837.763     1823.5609  /          /       0.0040  2192
   41     54833.491     1823.7030  /          /       0.0040  2193
   27     54828.918     1823.8551  /          /       0.0040  2194
   11     54825.767     1823.9599  /          /       0.0040  2195
    6     54788.069     1825.2149  /          /       0.0040  2196
    0     54770.756     1825.7919  /          /       0.0040  2197
    6     54764.839     1825.9891  /          /       0.0040  2198
   23     54735.560     1826.9659  /          /       0.0040  2199
   13     54711.835     1827.7581  /          /       0.0040  2200
    6     54703.245     1828.0451  /          /       0.0040  2201
    6     54698.728     1828.1961  /          /       0.0040  2202
    0     54686.977     1828.5889  /          /       0.0040  2203
   16     54679.200     1828.8490  /        bl/       0.0080  2204
   46     54665.328     1829.3131  /         h/       0.0080  2205
   23     54652.513     1829.7420  /         h/       0.0080  2206
   30     54635.522     1830.3111  /          /       0.0040  2207
   46     54627.107     1830.5930  /         h/       0.0080  2208
    0     54623.108     1830.7270  /          /       0.0040  2209
   39     54618.784     1830.8720  /          /       0.0040  2210
   20     54608.638     1831.2121  /          /       0.0040  2211
   13     54607.092     1831.2640  /          /       0.0040  2212
   27     54575.293     1832.3310  /          /       0.0040  2213
    6     54571.274     1832.4659  /          /       0.0040  2214
   46     54551.802     1833.1200  /          /       0.0040  2215
   46     54548.229     1833.2401  /          /       0.0040  2216
   20     54513.797     1834.3980  /          /       0.0040  2217
    0     54489.409     1835.2190  /          /       0.0040  2218
    0     54476.408     1835.6570  /          /       0.0040  2219
    6     54475.247     1835.6961  /          /       0.0040  2220
   19     54452.265     1836.4709  /          /       0.0040  2221
   16     54447.400     1836.6350  /          /       0.0040  2222
   11     54445.323     1836.7051  /          /       0.0040  2223
   11     54439.928     1836.8871  /          /       0.0040  2224
   17     54434.390     1837.0740  /          /       0.0040  2225
    6     54430.983     1837.1889  /          /       0.0040  2226
    0     54427.370     1837.3109  /          /       0.0040  2227
   11     54426.156     1837.3519  /          /       0.0040  2228
   30     54407.435     1837.9841  /          /       0.0040  2229
   39     54401.103     1838.1980  /          /       0.0040  2230
   53     54393.472     1838.4559  /          /       0.0040  2231
    6     54361.209     1839.5470  /          /       0.0040  2232
   11     54343.809     1840.1360  /          /       0.0040  2233
    0     54330.556     1840.5849  /          /       0.0040  2234
   23     54319.666     1840.9539  /        cl/       0.0080  2235
    6     54309.128     1841.3111  /          /       0.0040  2236
    6     54304.644     1841.4631  /          /       0.0040  2237
   17     54303.141     1841.5141  /          /       0.0040  2238
    6     54296.804     1841.7290  /          /       0.0040  2239
    0     54290.998     1841.9260  /          /       0.0081  2240
   16     54281.892     1842.2350  /          /       0.0040  2241
   41     54278.064     1842.3649  /          /       0.0040  2242
   53     54265.575     1842.7889  /        **/       0.0080  2243
   23     54260.829     1842.9501  /          /       0.0040  2244
   23     54248.882     1843.3560  /          /       0.0040  2245
   13     54242.469     1843.5739  /          /       0.0040  2246
   30     54232.583     1843.9100  /          /       0.0040  2247
    0     54212.590     1844.5900  /          /       0.0040  2248
   11     54204.597     1844.8620  /          /       0.0040  2249
    6     54201.983     1844.9509  /          /       0.0040  2250
    0     54174.230     1845.8961  /          /       0.0040  2251
   17     54165.694     1846.1870  /          /       0.0040  2252
   30     54160.091     1846.3780  /          /       0.0040  2253
   36     54146.655     1846.8362  /          /       0.0040  2254
   30     54143.760     1846.9349  /          /       0.0040  2255
   23     54141.438     1847.0141  /          /       0.0040  2256
    6     54136.960     1847.1669  /          /       0.0040  2257
   30     54136.106     1847.1960  /        cl/       0.0080  2258
   23     54132.823     1847.3081  /        bl/       0.0080  2259
   23     54127.670     1847.4839  /          /       0.0040  2260
    6     54107.837     1848.1611  /          /       0.0040  2261
   13     54102.075     1848.3579  /          /       0.0040  2262
    6     54075.188     1849.2770  /          /       0.0040  2263
   23     54072.143     1849.3811  /          /       0.0040  2264
   20     54051.165     1850.0989  /          /       0.0040  2265
    0     53998.854     1851.8912  /          /       0.0040  2266
    6     53983.762     1852.4089  /         h/       0.0080  2267
    6     53981.663     1852.4809  /          /       0.0040  2268
   13     53964.272     1853.0779  /          /       0.0040  2269
   13     53958.158     1853.2879  /          /       0.0040  2270
   13     53957.044     1853.3261  /          /       0.0040  2271
    0     53944.591     1853.7540  /          /       0.0040  2272
   23     53938.650     1853.9582  /         h/       0.0080  2273
   16     53932.170     1854.1809  /        cl/       0.0080  2274
   34     53908.236     1855.0041  /          /       0.0040  2275
   11     53904.959     1855.1169  /          /       0.0040  2276
   23     53893.509     1855.5110  /         h/       0.0080  2277
    6     53890.896     1855.6010  /          /       0.0040  2278
   23     53882.848     1855.8781  /        cl/       0.0080  2279
   23     53877.774     1856.0529  /          /       0.0040  2280
   23     53875.128     1856.1441  /          /       0.0040  2281
    0     53852.297     1856.9310  /          /       0.0040  2282
    0     53849.019     1857.0440  /         h/       0.0080  2283
   23     53844.145     1857.2121  /          /       0.0040  2284
   16     53832.470     1857.6149  /          /       0.0040  2285
   16     53827.371     1857.7909  /         w/       0.0080  2286
   23     53815.580     1858.1979  /          /       0.0040  2287
   16     53784.554     1859.2699  /          /       0.0040  2288
   16     53782.874     1859.3279  /          /       0.0040  2289
   36     53772.719     1859.6791  /         h/       0.0080  2290
   46     53758.613     1860.1670  /        **/       0.0080  2291
   23     53756.012     1860.2570  /          /       0.0040  2292
   34     53738.129     1860.8761  /          /       0.0040  2293
   23     53733.397     1861.0400  /          /       0.0040  2294
   41     53721.073     1861.4669  /          /       0.0040  2295
   13     53704.886     1862.0280  /         h/       0.0080  2296
   46     53675.598     1863.0440  /          /       0.0040  2297
   23     53668.537     1863.2891  /          /       0.0040  2298
   16     53666.872     1863.3469  /          /       0.0040  2299
   30     53665.541     1863.3931  /          /       0.0040  2300
   30     53657.571     1863.6699  /          /       0.0040  2301
   39     53644.010     1864.1410  /        bl/       0.0080  2302
    6     53617.553     1865.0609  /          /       0.0040  2303
   36     53615.306     1865.1390  /          /       0.0040  2304
   30     53612.631     1865.2321  /          /       0.0040  2305
   23     53604.842     1865.5031  /        cl/       0.0080  2306
   23     53604.072     1865.5299  /        cl/       0.0080  2307
   16     53599.239     1865.6981  /          /       0.0040  2308
   13     53595.106     1865.8420  /          /       0.0040  2309
   34     53585.426     1866.1791  /          /       0.0040  2310
    0     53571.103     1866.6780  /          /       0.0040  2311
   16     53563.098     1866.9570  /          /       0.0040  2312
   16     53555.436     1867.2241  /          /       0.0040  2313
   53     53545.663     1867.5649  /          /       0.0040  2314
   16     53533.706     1867.9820  /          /       0.0040  2315
    0     53526.138     1868.2461  /          /       0.0040  2316
    6     53481.572     1869.8029  /          /       0.0040  2317
    0     53465.813     1870.3541  /          /       0.0040  2318
   16     53452.323     1870.8261  /          /       0.0040  2319
   30     53422.286     1871.8780  /          /       0.0040  2320
   53     53397.782     1872.7370  /          /       0.0040  2321
    6     53386.120     1873.1461  /          /       0.0040  2322
   19     53377.913     1873.4341  /          /       0.0040  2323
   16     53376.890     1873.4700  /          /       0.0040  2324
   16     53364.239     1873.9141  /        bl/       0.0080  2325
   30     53361.880     1873.9969  /          /       0.0040  2326
   41     53359.540     1874.0791  /          /       0.0040  2327
   30     53333.876     1874.9809  /          /       0.0040  2328
   30     53324.550     1875.3088  /          /       0.0040  2329
   23     53322.299     1875.3880  /          /       0.0040  2330
   20     53311.895     1875.7540  /          /       0.0040  2331
   30     53289.309     1876.5490  /          /       0.0040  2332
    6     53285.729     1876.6751  /          /       0.0040  2333
   46     53278.406     1876.9330  /        bl/       0.0080  2334
   16     53268.554     1877.2802  /          /       0.0040  2335
   23     53256.813     1877.6940  /          /       0.0040  2336
   30     53235.123     1878.4591  /          /       0.0040  2337
   23     53224.811     1878.8230  /          /       0.0040  2338
   30     53213.139     1879.2351  /          /       0.0040  2339
   16     53204.447     1879.5421  /          /       0.0040  2340
    6     53203.628     1879.5711  /        cl/       0.0080  2341
    0     53200.740     1879.6731  /          /       0.0040  2342
   13     53197.542     1879.7861  /          /       0.0040  2343
   13     53195.877     1879.8449  /          /       0.0040  2344
   23     53175.336     1880.5711  /          /       0.0040  2345
   23     53165.500     1880.9190  /          /       0.0040  2346
   62     53156.882     1881.2240  /          /       0.0040  2347
   30     53134.089     1882.0310  /          /       0.0040  2348
   11     53111.175     1882.8429  /          /       0.0040  2349
    6     53108.665     1882.9319  /          /       0.0040  2350
    0     53106.544     1883.0071  /          /       0.0040  2351
   39     53101.559     1883.1839  /          /       0.0040  2352
    6     53097.865     1883.3149  /          /       0.0040  2353
   39     53088.503     1883.6470  /        cl/       0.0080  2354
   39     53087.009     1883.7000  /        cl/       0.0080  2355
   11     53084.501     1883.7890  /          /       0.0040  2356
    0     53075.598     1884.1050  /          /       0.0040  2357
   23     53074.276     1884.1519  /          /       0.0040  2358
   30     53067.316     1884.3991  /          /       0.0040  2359
   11     53060.168     1884.6529  /          /       0.0040  2360
   16     53049.978     1885.0149  /          /       0.0040  2361
   11     53041.171     1885.3279  /          /       0.0040  2362
   13     53025.956     1885.8689  /          /       0.0040  2363
   11     53023.959     1885.9399  /          /       0.0040  2364
    0     53018.562     1886.1319  /          /       0.0040  2365
   16     53010.690     1886.4120  /          /       0.0040  2366
   19     53008.471     1886.4909  /          /       0.0040  2367
   23     53004.730     1886.6241  /          /       0.0040  2368
   13     53000.012     1886.7920  /          /       0.0040  2369
   23     52989.115     1887.1800  /          /       0.0040  2370
    0     52980.412     1887.4900  /          /       0.0040  2371
   34     52957.851     1888.2941  /          /       0.0040  2372
   41     52919.182     1889.6740  /          /       0.0040  2373
    6     52914.760     1889.8319  /          /       0.0040  2374
    6     52891.440     1890.6651  /          /       0.0040  2375
   53     52886.911     1890.8270  /          /       0.0040  2376
   16     52883.525     1890.9481  /          /       0.0040  2377
    6     52865.044     1891.6091  /          /       0.0040  2378
   13     52852.724     1892.0501  /          /       0.0040  2379
   16     52849.010     1892.1830  /          /       0.0040  2380
    0     52846.693     1892.2660  /          /       0.0040  2381
   41     52839.992     1892.5060  /          /       0.0040  2382
   23     52821.155     1893.1809  /         h/       0.0080  2383
    0     52816.884     1893.3340  /         h/       0.0080  2384
   11     52810.326     1893.5691  /          /       0.0040  2385
    0     52805.249     1893.7511  /          /       0.0040  2386
   11     52802.102     1893.8640  /          /       0.0040  2387
   11     52788.330     1894.3581  /          /       0.0040  2388
    0     52783.817     1894.5201  /          /       0.0040  2389
    6     52779.585     1894.6720  /          /       0.0040  2390
    0     52766.384     1895.1460  /          /       0.0040  2391
    6     52757.249     1895.4741  /          /       0.0040  2392
    0     52734.554     1896.2899  /          /       0.0040  2393
    6     52731.238     1896.4091  /        cl/       0.0080  2394
   17     52730.653     1896.4301  /        cl/       0.0080  2395
    0     52712.532     1897.0821  /          /       0.0040  2396
   16     52686.485     1898.0200  /        **/       0.0080  2397
   43     52681.489     1898.2000  /          /       0.0040  2398
   16     52645.684     1899.4909  /          /       0.0040  2399
    0     52641.912     1899.6271  /          /       0.0040  2400
    0     52616.040     1900.5611  /          /       0.0040  2401
   16     52609.122     1900.8110  /          /       0.0040  2402
   19     52584.114     1901.7150  /          /       0.0040  2403
   13     52576.815     1901.9790  /          /       0.0040  2404
    6     52570.294     1902.2150  /          /       0.0040  2405
   23     52546.315     1903.0830  /        cl/       0.0080  2406
   23     52545.430     1903.1151  /        cl/       0.0080  2407
   41     52538.780     1903.3560  /          /       0.0040  2408
   13     52515.164     1904.2119  /          /       0.0040  2409
    0     52503.776     1904.6249  /          /       0.0040  2410
   11     52497.238     1904.8621  /          /       0.0040  2411
    0     52493.965     1904.9809  /          /       0.0040  2412
   23     52474.488     1905.6880  /          /       0.0040  2413
   30     52470.881     1905.8190  /         h/       0.0080  2414
   36     52464.796     1906.0400  /          /       0.0040  2415
    6     52462.427     1906.1261  /          /       0.0040  2416
   23     52445.263     1906.7499  /        bl/       0.0080  2417
   23     52436.900     1907.0540  /          /       0.0040  2418
   13     52412.109     1907.9560  /          /       0.0040  2419
   57     52376.370     1909.2579  /          /       0.0040  2420
   53     52370.524     1909.4711  /          /       0.0040  2421
   11     52358.899     1909.8950  /          /       0.0040  2422
    0     52353.474     1910.0929  /          /       0.0040  2423
    6     52349.389     1910.2420  /          /       0.0040  2424
   11     52321.755     1911.2509  /          /       0.0040  2425
   30     52283.450     1912.6511  /          /       0.0040  2426
   16     52282.171     1912.6979  /          /       0.0040  2427
   46     52266.159     1913.2839  /        bl/       0.0080  2428
    6     52264.650     1913.3391  /          /       0.0040  2429
    0     52256.923     1913.6220  /          /       0.0040  2430
   42     52247.588     1913.9640  /          /       0.0040  2431
    6     52228.020     1914.6810  /          /       0.0040  2432
    0     52211.247     1915.2961  /          /       0.0040  2433
   39     52189.181     1916.1059  /          /       0.0040  2434
    0     52178.262     1916.5069  /          /       0.0040  2435
   13     52171.890     1916.7410  /          /       0.0040  2436
    0     52159.374     1917.2009  /          /       0.0040  2437
   46     52122.373     1918.5619  /          /       0.0040  2438
   34     52106.077     1919.1619  /          /       0.0040  2439
    0     52093.126     1919.6391  /          /       0.0040  2440
    0     52059.773     1920.8689  /          /       0.0040  2441
   39     52035.556     1921.7629  /          /       0.0040  2442
    6     52033.793     1921.8280  /          /       0.0040  2443
   23     52027.866     1922.0469  /        **/       0.0080  2444
   30     52024.317     1922.1780  /          /       0.0040  2445
    0     52018.475     1922.3939  /          /       0.0040  2446
   11     52016.713     1922.4590  /          /       0.0040  2447
   53     52010.492     1922.6890  /          /       0.0040  2448
    6     51997.915     1923.1540  /          /       0.0040  2449
   57     51992.211     1923.3650  /          /       0.0040  2450
   34     51962.873     1924.4509  /          /       0.0040  2451
   23     51943.088     1925.1840  /          /       0.0040  2452
   11     51932.430     1925.5791  /        bl/       0.0080  2453
   11     51897.263     1926.8839  /          /       0.0040  2454
   57     51891.579     1927.0950  /          /       0.0040  2455
   13     51875.885     1927.6780  /          /       0.0040  2456
   30     51873.300     1927.7740  /          /       0.0040  2457
   30     51872.033     1927.8211  /          /       0.0040  2458
   19     51860.603     1928.2460  /          /       0.0040  2459
   34     51821.368     1929.7059  /          /       0.0040  2460
   30     51815.618     1929.9200  /          /       0.0040  2461
   11     51813.442     1930.0011  /          /       0.0040  2462
   23     51804.104     1930.3490  /          /       0.0040  2463
   36     51791.651     1930.8131  /          /       0.0040  2464
    0     51776.774     1931.3679  /          /       0.0040  2465
   16     51766.826     1931.7391  /          /       0.0160  2466
   16     51754.987     1932.1810  /        bl/       0.0080  2467
   20     51736.484     1932.8720  /          /       0.0040  2468
    0     51719.919     1933.4910  /          /       0.0040  2469
   46     51712.323     1933.7751  /          /       0.0040  2470
   23     51709.917     1933.8650  /          /       0.0240  2471
    0     51671.840     1935.2901  /          /       0.0040  2472
   34     51663.888     1935.5880  /          /       0.0040  2473
    0     51642.890     1936.3750  /          /       0.0040  2474
   11     51640.140     1936.4781  /          /       0.0040  2475
   36     51635.315     1936.6590  /          /       0.0040  2476
   23     51622.839     1937.1271  /          /       0.0040  2477
   30     51606.885     1937.7259  /          /       0.0040  2478
   23     51568.694     1939.1610  /          /       0.0040  2479
   46     51565.023     1939.2990  /          /       0.0040  2480
    6     51525.938     1940.7701  /          /       0.0040  2481
   16     51523.735     1940.8531  /          /       0.0040  2482
    6     51521.694     1940.9300  /          /       0.0040  2483
    6     51513.200     1941.2500  /          /       0.0040  2484
   46     51505.083     1941.5559  /          /       0.0040  2485
    6     51494.922     1941.9391  /          /       0.0040  2486
   34     51460.233     1943.2481  /          /       0.0040  2487
   23     51459.041     1943.2931  /          /       0.0040  2488
   13     51449.593     1943.6500  /          /       0.0040  2489
   20     51444.696     1943.8350  /          /       0.0040  2490
    0     51412.482     1945.0530  /          /       0.0040  2491
    6     51396.810     1945.6460  /          /       0.0040  2492
   43     51376.449     1946.4171  /          /       0.0040  2493
   11     51365.556     1946.8299  /          /       0.0040  2494
    0     51363.706     1946.9000  /          /       0.0040  2495
   23     51360.117     1947.0361  /          /       0.0040  2496
   23     51325.111     1948.3640  /          /       0.0040  2497
   41     51304.260     1949.1559  /          /       0.0040  2498
   46     51288.391     1949.7590  /          /       0.0040  2499
    0     51259.337     1950.8641  /          /       0.0040  2500
   53     51255.294     1951.0180  /        bl/       0.0080  2501
    6     51230.345     1951.9681  /          /       0.0040  2502
    0     51219.141     1952.3951  /          /       0.0040  2503
   16     51194.865     1953.3209  /          /       0.0040  2504
   30     51189.362     1953.5309  /          /       0.0040  2505
    6     51174.666     1954.0919  /          /       0.0040  2506
   36     51171.937     1954.1961  /          /       0.0040  2507
   30     51166.967     1954.3859  /          /       0.0040  2508
   41     51165.161     1954.4549  /         w/       0.0080  2509
   23     51163.067     1954.5349  /          /       0.0040  2510
   11     51143.885     1955.2680  /          /       0.0040  2511
   11     51137.269     1955.5209  /          /       0.0040  2512
   27     51124.950     1955.9921  /          /       0.0040  2513
   16     51107.187     1956.6720  /          /       0.0040  2514
   30     51099.740     1956.9571  /          /       0.0040  2515
   11     51097.602     1957.0390  /          /       0.0040  2516
   17     51096.713     1957.0731  /          /       0.0040  2517
    0     51089.797     1957.3380  /          /       0.0040  2518
   11     51074.921     1957.9081  /          /       0.0040  2519
    0     51072.497     1958.0010  /          /       0.0040  2520
    6     51071.138     1958.0531  /          /       0.0040  2521
   46     51062.429     1958.3871  /          /       0.0040  2522
    6     51054.609     1958.6870  /          /       0.0040  2523
   23     51023.689     1959.8740  /        bl/       0.0080  2524
   34     51021.422     1959.9611  /          /       0.0040  2525
   23     51001.284     1960.7349  /          /       0.0040  2526
   11     50987.500     1961.2650  /          /       0.0040  2527
   53     50970.241     1961.9291  /          /       0.0040  2528
   23     50957.540     1962.4181  /          /       0.0040  2529
   13     50949.001     1962.7470  /          /       0.0040  2530
   46     50932.029     1963.4011  /          /       0.0040  2531
   30     50923.473     1963.7309  /        cl/       0.0080  2532
   46     50922.043     1963.7861  /        cl/       0.0080  2533
    6     50918.804     1963.9110  /          /       0.0040  2534
    6     50917.173     1963.9739  /          /       0.0040  2535
    0     50881.624     1965.3461  /          /       0.0040  2536
   43     50865.478     1965.9699  /          /       0.0040  2537
   36     50859.318     1966.2080  /        **/       0.0080  2538
   11     50851.714     1966.5021  /          /       0.0040  2539
    6     50846.335     1966.7101  /          /       0.0040  2540
    0     50832.818     1967.2331  /          /       0.0040  2541
    0     50829.202     1967.3730  /          /       0.0040  2542
   30     50827.291     1967.4470  /          /       0.0040  2543
   23     50823.129     1967.6081  /          /       0.0040  2544
   36     50807.151     1968.2269  /          /       0.0040  2545
   41     50799.326     1968.5301  /          /       0.0040  2546
   23     50775.131     1969.4681  /          /       0.0040  2547
   30     50770.439     1969.6501  /          /       0.0040  2548
   36     50766.807     1969.7910  /          /       0.0040  2549
    0     50759.078     1970.0909  /          /       0.0040  2550
   43     50746.663     1970.5729  /          /       0.0040  2551
   13     50729.285     1971.2480  /          /       0.0040  2552
   13     50728.282     1971.2869  /          /       0.0040  2553
   53     50719.301     1971.6360  /          /       0.0040  2554
   27     50716.884     1971.7300  /          /       0.0040  2555
    6     50712.178     1971.9129  /          /       0.0040  2556
   34     50704.797     1972.2000  /          /       0.0040  2557
   16     50694.079     1972.6170  /          /       0.0040  2558
   23     50687.910     1972.8570  /          /       0.0040  2559
   23     50674.810     1973.3670  /          /       0.0040  2560
    6     50669.086     1973.5900  /          /       0.0040  2561
   11     50662.434     1973.8491  /          /       0.0040  2562
   11     50622.041     1975.4241  /          /       0.0040  2563
   53     50617.995     1975.5820  /          /       0.0040  2564
   13     50612.873     1975.7819  /          /       0.0040  2565
    6     50611.128     1975.8501  /          /       0.0040  2566
   53     50545.206     1978.4270  /          /       0.0040  2567
   30     50512.908     1979.6920  /          /       0.0040  2568
   16     50511.558     1979.7449  /        bl/       0.0080  2569
   46     50500.180     1980.1910  /         h/       0.0080  2570
   53     50497.729     1980.2871  /          /       0.0040  2571
    6     50482.948     1980.8669  /          /       0.0040  2572
   23     50480.828     1980.9501  /          /       0.0040  2573
   13     50475.989     1981.1400  /          /       0.0040  2574
    6     50468.116     1981.4490  /          /       0.0040  2575
   46     50464.782     1981.5799  /          /       0.0040  2576
    0     50443.194     1982.4280  /          /       0.0040  2577
   16     50441.568     1982.4919  /          /       0.0040  2578
    6     50434.111     1982.7850  /          /       0.0040  2579
   57     50429.125     1982.9811  /          /       0.0040  2580
    6     50426.967     1983.0659  /          /       0.0040  2581
   23     50420.734     1983.3111  /          /       0.0040  2582
   39     50396.877     1984.2499  /          /       0.0040  2583
    6     50394.387     1984.3480  /        cl/       0.0080  2584
   13     50393.575     1984.3800  /          /       0.0040  2585
   30     50385.499     1984.6980  /          /       0.0040  2586
   23     50381.131     1984.8701  /          /       0.0040  2587
    0     50377.247     1985.0231  /          /       0.0040  2588
   16     50352.594     1985.9950  /        **/       0.0080  2589
    6     50313.402     1987.5420  /          /       0.0040  2590
   36     50311.152     1987.6309  /          /       0.0040  2591
   57     50298.294     1988.1390  /          /       0.0040  2592
   23     50295.564     1988.2469  /          /       0.0040  2593
    6     50283.927     1988.7070  /          /       0.0040  2594
   17     50282.333     1988.7701  /          /       0.0040  2595
   57     50268.461     1989.3189  /          /       0.0040  2596
   39     50260.197     1989.6460  /          /       0.0040  2597
   11     50227.048     1990.9591  /          /       0.0040  2598
    0     50224.782     1991.0490  /          /       0.0040  2599
   34     50213.181     1991.5090  /          /       0.0040  2600
   41     50210.329     1991.6221  /          /       0.0040  2601
   17     50204.934     1991.8361  /          /       0.0040  2602
   23     50201.230     1991.9831  /          /       0.0040  2603
   46     50166.905     1993.3460  /        cl/       0.0080  2604
   57     50164.993     1993.4220  /        cl/       0.0080  2605
   30     50149.774     1994.0269  /          /       0.0040  2606
   59     50133.050     1994.6921  /          /       0.0040  2607
    0     50128.930     1994.8561  /          /       0.0040  2608
   46     50119.888     1995.2160  /          /       0.0040  2609
   23     50100.478     1995.9889  /          /       0.0040  2610
   16     50099.622     1996.0230  /        cl/       0.0080  2611
   11     50089.586     1996.4230  /          /       0.0040  2612
   34     50082.262     1996.7149  /          /       0.0040  2613
   30     50052.251     1997.9121  /          /       0.0040  2614
   59     50048.444     1998.0641  /          /       0.0040  2615
    0     50042.510     1998.3010  /          /       0.0040  2616
   23     50035.076     1998.5979  /          /       0.0040  2617
   34     50027.391     1998.9050  /          /       0.0040  2618
   46     50005.124     1999.7951  /          /       0.0040  2619
   34     50002.447     1999.9021  /          /       0.0040  2620
   59     49997.100     1999.4681  /        **/       0.0080  2621
   30     49988.450     1999.8141  /          /       0.0040  2622
   53     49985.328     1999.9390  /          /       0.0040  2623
    6     49980.407     2000.1360  /          /       0.0040  2624
   16     49973.789     2000.4009  /          /       0.0040  2625
   36     49964.001     2000.7928  /          /       0.0040  2626
   23     49961.328     2000.8999  /          /       0.0040  2627
    0     49954.069     2001.1907  /          /       0.0040  2628
    6     49942.668     2001.6476  /          /       0.0040  2629
   23     49925.088     2002.3525  /          /       0.0040  2630
   30     49902.491     2003.2594  /          /       0.0040  2631
   23     49889.841     2003.7674  /          /       0.0040  2632
   34     49854.997     2005.1681  /          /       0.0040  2633
   23     49848.662     2005.4229  /          /       0.0040  2634
   34     49836.411     2005.9160  /          /       0.0040  2635
    0     49831.495     2006.1139  /          /       0.0040  2636
   30     49807.296     2007.0887  /          /       0.0040  2637
   23     49799.162     2007.4166  /          /       0.0040  2638
   36     49773.360     2008.4574  /          /       0.0040  2639
   36     49771.622     2008.5275  /        **/       0.0080  2640
   16     49764.438     2008.8175  /          /       0.0040  2641
   36     49761.668     2008.9293  /          /       0.0040  2642
   43     49753.596     2009.2553  /          /       0.0040  2643
   43     49742.851     2009.6894  /          /       0.0040  2644
   30     49734.021     2010.0463  /          /       0.0040  2645
    0     49726.306     2010.3582  /        **/       0.0080  2646
   11     49716.911     2010.7381  /          /       0.0040  2647
   46     49711.843     2010.9431  /          /       0.0040  2648
   34     49679.667     2012.2458  /          /       0.0040  2649
   46     49676.727     2012.3649  /          /       0.0040  2650
   16     49654.974     2013.2466  /          /       0.0040  2651
    6     49642.447     2013.7547  /          /       0.0040  2652
   46     49629.120     2014.2955  /          /       0.0040  2653
   46     49622.520     2014.5635  /          /       0.0040  2654
   30     49621.216     2014.6164  /          /       0.0040  2655
   53     49615.777     2014.8373  /          /       0.0040  2656
   46     49613.238     2014.9404  /          /       0.0040  2657
    0     49591.786     2015.8122  /          /       0.0040  2658
    6     49587.506     2015.9862  /          /       0.0040  2659
   46     49585.688     2016.0601  /          /       0.0040  2660
   34     49560.278     2017.0939  /          /       0.0040  2661
   23     49544.564     2017.7337  /          /       0.0040  2662
    0     49541.442     2017.8609  /          /       0.0040  2663
   23     49485.892     2020.1264  /          /       0.0040  2664
    0     49474.362     2020.5972  /          /       0.0040  2665
   39     49467.138     2020.8924  /          /       0.0040  2666
    0     49455.322     2021.3753  /          /       0.0040  2667
   11     49446.934     2021.7182  /          /       0.0040  2668
   42     49437.258     2022.1140  /          /       0.0040  2669
   53     49431.414     2022.3531  /          /       0.0040  2670
   23     49422.009     2022.7380  /          /       0.0040  2671
   23     49410.824     2023.1959  /          /       0.0040  2672
   42     49399.839     2023.6459  /          /       0.0040  2673
   59     49393.934     2023.8878  /          /       0.0040  2674
   30     49393.130     2023.9208  /        cl/       0.0080  2675
    6     49387.301     2024.1597  /          /       0.0040  2676
   46     49383.836     2024.3017  /          /       0.0040  2677
   34     49375.499     2024.6436  /          /       0.0040  2678
   34     49358.173     2025.3544  /        cl/       0.0080  2679
   23     49341.438     2026.0414  /          /       0.0040  2680
   23     49335.259     2026.2952  /          /       0.0040  2681
   57     49331.508     2026.4493  /          /       0.0040  2682
   36     49329.272     2026.5412  /          /       0.0040  2683
   11     49326.324     2026.6623  /          /       0.0040  2684
   36     49304.584     2027.5561  /          /       0.0040  2685
   46     49290.706     2028.1270  /          /       0.0040  2686
   16     49287.162     2028.2729  /          /       0.0040  2687
    6     49286.361     2028.3058  /          /       0.0040  2688
   57     49280.699     2028.5389  /          /       0.0040  2689
   30     49272.246     2028.8870  /          /       0.0040  2690
    6     49268.510     2029.0408  /          /       0.0040  2691
   19     49265.598     2029.1608  /          /       0.0040  2692
    6     49261.496     2029.3298  /          /       0.0040  2693
   46     49257.905     2029.4777  /          /       0.0040  2694
   23     49230.622     2030.6026  /          /       0.0040  2695
   59     49225.801     2030.8015  /          /       0.0040  2696
    0     49223.305     2030.9045  /          /       0.0040  2697
   59     49215.870     2031.2113  /          /       0.0040  2698
   69     49209.767     2031.4633  /          /       0.0040  2699
   59     49206.473     2031.5993  /          /       0.0040  2700
   53     49200.977     2031.8263  /          /       0.0040  2701
   46     49188.027     2032.3613  /          /       0.0040  2702
   39     49185.272     2032.4751  /          /       0.0040  2703
   53     49183.385     2032.5531  /        **/       0.0080  2704
   36     49176.827     2032.8242  /          /       0.0040  2705
   23     49171.001     2033.0651  /          /       0.0040  2706
   76     49165.416     2033.2961  /          /       0.0040  2707
   19     49159.712     2033.5320  /          /       0.0040  2708
    0     49157.200     2033.6360  /          /       0.0040  2709
   46     49142.608     2034.2399  /          /       0.0040  2710
   23     49134.980     2034.5558  /          /       0.0040  2711
   46     49114.440     2035.4067  /          /       0.0040  2712
    0     49113.427     2035.4487  /          /       0.0040  2713
   30     49105.904     2035.7606  /        cl/       0.0080  2714
   11     49077.877     2036.9233  /          /       0.0040  2715
    0     49058.903     2037.7112  /          /       0.0040  2716
    0     49051.299     2038.0272  /          /       0.0040  2717
   53     49034.487     2038.7260  /          /       0.0040  2718
    6     48973.395     2041.2696  /          /       0.0040  2719
   59     48956.826     2041.9605  /          /       0.0040  2720
   39     48945.161     2042.4473  /          /       0.0040  2721
   62     48929.112     2043.1173  /          /       0.0040  2722
    0     48922.003     2043.4142  /          /       0.0040  2723
   23     48907.267     2044.0300  /          /       0.0040  2724
   53     48888.637     2044.8090  /          /       0.0040  2725
    6     48886.274     2044.9079  /          /       0.0040  2726
   23     48877.909     2045.2579  /          /       0.0040  2727
   23     48866.538     2045.7339  /          /       0.0040  2728
   30     48859.328     2046.0358  /          /       0.0040  2729
   23     48857.847     2046.0978  /          /       0.0040  2730
   42     48853.815     2046.2667  /          /       0.0040  2731
    6     48847.014     2046.5516  /          /       0.0040  2732
    0     48844.081     2046.6746  /          /       0.0040  2733
   43     48843.175     2046.7125  /          /       0.0040  2734
   30     48833.181     2047.1315  /          /       0.0040  2735
   46     48824.597     2047.4914  /          /       0.0040  2736
   23     48817.995     2047.7683  /          /       0.0040  2737
    0     48813.109     2047.9733  /          /       0.0040  2738
   46     48809.106     2048.1413  /          /       0.0040  2739
   59     48807.510     2048.2083  /          /       0.0040  2740
   30     48789.435     2048.9672  /          /       0.0040  2741
   30     48779.630     2049.3791  /          /       0.0040  2742
   53     48766.523     2049.9300  /          /       0.0040  2743
   59     48761.175     2050.1549  /          /       0.0040  2744
   23     48758.819     2050.2540  /          /       0.0040  2745
   30     48757.439     2050.3120  /          /       0.0040  2746
   53     48739.213     2051.0788  /          /       0.0040  2747
   46     48733.227     2051.3308  /          /       0.0040  2748
    0     48731.876     2051.3877  /          /       0.0040  2749
   23     48731.092     2051.4207  /          /       0.0040  2750
   11     48729.831     2051.4738  /          /       0.0040  2751
   11     48728.239     2051.5408  /          /       0.0040  2752
    6     48722.637     2051.7767  /          /       0.0040  2753
   76     48710.320     2052.2956  /        **/       0.0080  2754
   69     48696.610     2052.8735  /          /       0.0040  2755
   23     48689.878     2053.1573  /          /       0.0040  2756
   53     48681.509     2053.5103  /          /       0.0040  2757
   69     48673.428     2053.8513  /          /       0.0040  2758
   39     48671.348     2053.9391  /          /       0.0040  2759
   46     48630.420     2055.6680  /          /       0.0040  2760
   34     48628.456     2055.7510  /          /       0.0040  2761
   34     48625.241     2055.8869  /          /       0.0040  2762
   16     48619.900     2056.1128  /          /       0.0040  2763
   23     48613.495     2056.3838  /          /       0.0040  2764
   46     48601.398     2056.8957  /          /       0.0480  2765
   16     48588.738     2057.4317  /          /       0.0040  2766
   23     48582.107     2057.7125  /          /       0.0040  2767
   34     48575.215     2058.0045  /          /       0.0040  2768
   41     48572.079     2058.1374  /          /       0.0040  2769
   83     48561.488     2058.5863  /          /       0.0040  2770
   23     48546.255     2059.2324  /          /       0.0040  2771
    0     48542.416     2059.3952  /          /       0.0040  2772
   34     48530.285     2059.9101  /          /       0.0040  2773
   23     48528.706     2059.9771  /          /       0.0040  2774
   30     48526.115     2060.0871  /          /       0.0040  2775
   43     48510.225     2060.7620  /          /       0.0040  2776
   53     48485.861     2061.7977  /        **/       0.0080  2777
   53     48476.155     2062.2106  /          /       0.0040  2778
   13     48469.314     2062.5017  /          /       0.0040  2779
   11     48461.870     2062.8185  /          /       0.0040  2780
    0     48459.192     2062.9325  /          /       0.0040  2781
    6     48455.128     2063.1056  /          /       0.0040  2782
   16     48450.410     2063.3065  /          /       0.0040  2783
   23     48445.482     2063.5164  /          /       0.0040  2784
    6     48442.783     2063.6314  /          /       0.0040  2785
   69     48432.340     2064.0764  /          /       0.0040  2786
   16     48422.000     2064.5172  /          /       0.0040  2787
   57     48405.172     2065.2350  /          /       0.0040  2788
   23     48396.386     2065.6100  /          /       0.0040  2789
   53     48378.498     2066.3739  /          /       0.0040  2790
   53     48362.633     2067.0518  /          /       0.0040  2791
   53     48349.797     2067.6007  /          /       0.0040  2792
   34     48342.830     2067.8987  /          /       0.0040  2793
   39     48326.501     2068.5975  /          /       0.0040  2794
   59     48308.199     2069.3813  /          /       0.0040  2795
   39     48301.292     2069.6773  /          /       0.0040  2796
   53     48294.035     2069.9883  /          /       0.0040  2797
   39     48291.264     2070.1071  /          /       0.0040  2798
   16     48273.427     2070.8721  /          /       0.0040  2799
   43     48262.760     2071.3299  /          /       0.0040  2800
   59     48250.112     2071.8729  /          /       0.0040  2801
   27     48249.040     2071.9189  /          /       0.0040  2802
   23     48241.919     2072.2248  /          /       0.0040  2803
   11     48234.266     2072.5536  /          /       0.0040  2804
   53     48228.517     2072.8007  /          /       0.0040  2805
   30     48222.077     2073.0776  /          /       0.0040  2806
   16     48196.230     2074.1895  /          /       0.0040  2807
   62     48175.427     2075.0853  /          /       0.0040  2808
   57     48169.767     2075.3291  /          /       0.0040  2809
   46     48161.249     2075.6962  /          /       0.0040  2810
   11     48157.840     2075.8432  /          /       0.0040  2811
   53     48150.048     2076.1792  /          /       0.0040  2812
   11     48138.557     2076.6748  /          /       0.0040  2813
   36     48135.934     2076.7880  /          /       0.0040  2814
   41     48133.760     2076.8818  /          /       0.0040  2815
   11     48113.330     2077.7638  /          /       0.0040  2816
   30     48111.875     2077.8266  /          /       0.0040  2817
   30     48108.265     2077.9826  /          /       0.0040  2818
    0     48099.586     2078.3576  /          /       0.0040  2819
   57     48089.845     2078.7786  /          /       0.0040  2820
   46     48088.555     2078.8344  /          /       0.0040  2821
   34     48070.449     2079.6175  /          /       0.0040  2822
    0     48056.914     2080.2033  /          /       0.0040  2823
    6     48035.629     2081.1252  /          /       0.0040  2824
   11     48015.681     2081.9899  /          /       0.0040  2825
   11     48012.063     2082.1468  /          /       0.0040  2826
    6     48010.472     2082.2158  /          /       0.0040  2827
   59     48004.844     2082.4599  /          /       0.0040  2828
    0     47998.188     2082.7487  /          /       0.0040  2829
    0     47996.070     2082.8407  /          /       0.0040  2830
   41     47976.724     2083.6807  /          /       0.0040  2831
   11     47968.553     2084.0356  /        **/       0.0080  2832
   23     47962.689     2084.2905  /          /       0.0040  2833
    6     47958.225     2084.4845  /          /       0.0040  2834
   34     47955.974     2084.5823  /          /       0.0040  2835
   23     47922.282     2086.0481  /          /       0.0040  2836
   13     47911.078     2086.5360  /          /       0.0040  2837
   13     47908.783     2086.6360  /          /       0.0040  2838
   13     47906.786     2086.7230  /          /       0.0040  2839
   16     47891.759     2087.3778  /          /       0.0040  2840
   59     47884.786     2087.6818  /          /       0.0040  2841
   23     47878.227     2087.9678  /          /       0.0040  2842
   23     47875.089     2088.1047  /          /       0.0040  2843
    6     47873.279     2088.1837  /          /       0.0040  2844
   16     47862.784     2088.6416  /          /       0.0040  2845
   23     47858.960     2088.8085  /          /       0.0040  2846
    0     47852.749     2089.0796  /          /       0.0040  2847
   30     47843.388     2089.4884  /          /       0.0040  2848
   46     47818.567     2090.5732  /          /       0.0040  2849
   83     47814.609     2090.7462  /          /       0.0040  2850
   30     47806.679     2091.0931  /          /       0.0040  2851
   34     47805.122     2091.1612  /          /       0.0040  2852
   23     47789.519     2091.8440  /          /       0.0040  2853
   36     47768.630     2092.7589  /          /       0.0040  2854
   16     47757.569     2093.2437  /          /       0.0040  2855
   83     47751.959     2093.4896  /          /       0.0040  2856
   59     47740.081     2094.0105  /          /       0.0040  2857
   30     47733.769     2094.2875  /          /       0.0040  2858
   59     47698.634     2095.8303  /          /       0.0040  2859
   17     47692.016     2096.1212  /          /       0.0040  2860
   53     47690.993     2096.1662  /          /       0.0040  2861
   16     47689.675     2096.2241  /          /       0.0040  2862
   16     47687.513     2096.3191  /          /       0.0040  2863
   16     47685.468     2096.4091  /          /       0.0040  2864
   36     47683.532     2096.4942  /          /       0.0040  2865
   46     47681.849     2096.5682  /          /       0.0040  2866
   30     47680.714     2096.6181  /          /       0.0040  2867
   62     47675.509     2096.8470  /          /       0.0040  2868
   69     47673.508     2096.9351  /          /       0.0040  2869
   46     47668.848     2097.1401  /          /       0.0040  2870
   16     47658.196     2097.6089  /          /       0.0040  2871
   46     47652.565     2097.8568  /          /       0.0040  2872
   30     47643.934     2098.2368  /          /       0.0040  2873
   11     47642.323     2098.3078  /          /       0.0040  2874
   53     47632.611     2098.7357  /          /       0.0040  2875
   39     47624.560     2099.0905  /          /       0.0040  2876
   16     47620.225     2099.2816  /          /       0.0040  2877
    6     47581.637     2100.9843  /          /       0.0040  2878
   46     47578.766     2101.1111  /          /       0.0040  2879
   23     47576.522     2101.2102  /          /       0.0040  2880
   11     47562.606     2101.8251  /          /       0.0040  2881
   30     47553.219     2102.2400  /          /       0.0040  2882
   11     47540.830     2102.7879  /          /       0.0040  2883
    0     47440.171     2107.2502  /          /       0.0030  2884
    0     47385.540     2109.6800  /          /       0.0030  2885
   18     47379.900     2109.9311  /          /       0.0030  2886
    0     47348.290     2111.3399  /          /       0.0030  2887
    0     47315.771     2112.7911  /          /       0.0030  2888
    0     47267.390     2114.9540  /          /       0.0030  2889
    0     47252.290     2115.6299  /          /       0.0030  2890
    0     47232.440     2116.5191  /          /       0.0030  2891
    7     47104.490     2122.2689  /          /       0.0030  2892
   14     47102.290     2122.3680  /          /       0.0030  2893
   14     47046.880     2124.8680  /          /       0.0030  2894
   14     47033.221     2125.4851  /          /       0.0030  2895
   11     46924.770     2130.3981  /          /       0.0030  2896
    0     46919.310     2130.6460  /        **/       0.0070  2897
    7     46802.990     2135.9419  /          /       0.0030  2898
   18     46798.280     2136.1569  /          /       0.0030  2899
   19     46788.400     2136.6081  /          /       0.0030  2900
   19     46786.650     2136.6880  /          /       0.0030  2901
    0     46716.101     2139.9151  /          /       0.0030  2902
   11     46715.340     2139.9500  /          /       0.0030  2903
    0     46703.689     2140.4839  /          /       0.0030  2904
    0     46700.911     2140.6112  /          /       0.0030  2905
   22     46680.680     2141.5390  /         w/       0.0070  2906
   19     46672.091     2141.9332  /         w/       0.0070  2907
    0     46658.220     2142.5700  /          /       0.0030  2908
   22     46651.690     2142.8700  /         w/       0.0070  2909
    0     46646.811     2143.0941  /          /       0.0030  2910
    0     46600.281     2145.2342  /          /       0.0030  2911
   16     46562.350     2146.9820  /          /       0.0030  2912
    0     46558.401     2147.1641  /          /       0.0030  2913
   23     46537.210     2148.1419  /         w/       0.0070  2914
    0     46535.890     2148.2029  /          /       0.0030  2915
   14     46497.060     2149.9971  /          /       0.0030  2916
   14     46447.510     2152.2909  /          /       0.0030  2917
   11     46390.590     2154.9320  /          /       0.0030  2918
   16     46377.031     2155.5621  /          /       0.0030  2919
   21     46233.560     2162.2520  /          /       0.0030  2920
    7     46225.881     2162.6112  /         w/       0.0070  2921
   21     46221.549     2162.8139  /         w/       0.0070  2922
   11     46206.250     2163.5301  /          /       0.0030  2923
   16     46172.450     2165.1140  /          /       0.0030  2924
    0     46162.900     2165.5620  /          /       0.0030  2925
    7     46144.191     2166.4401  /          /       0.0030  2926
   14     46115.031     2167.8102  /          /       0.0030  2927
    0     46087.651     2169.0982  /          /       0.0030  2928
   11     46054.070     2170.6800  /          /       0.0030  2929
   14     46043.611     2171.1731  /          /       0.0030  2930
    0     46024.090     2172.0941  /         w/       0.0070  2931
    0     46022.141     2172.1861  /          /       0.0030  2932
    7     46018.840     2172.3419  /          /       0.0030  2933
   16     45994.321     2173.5001  /          /       0.0057  2934
    0     45966.410     2174.8200  /          /       0.0030  2935
    0     45964.870     2174.8929  /          /       0.0030  2936
    0     45945.601     2175.8051  /          /       0.0030  2937
   11     45927.220     2176.6760  /          /       0.0030  2938
   18     45909.481     2177.5171  /          /       0.0030  2939
    0     45863.849     2179.6839  /         w/       0.0070  2940
    0     45861.029     2179.8179  /          /       0.0030  2941
    0     45840.400     2180.7990  /          /       0.0030  2942
    0     45832.831     2181.1592  /          /       0.0030  2943
   22     45831.611     2181.2172  /         w/       0.0070  2944
   18     45827.601     2181.4081  /          /       0.0030  2945
   18     45760.860     2184.5900  /         w/       0.0070  2946
   14     45754.301     2184.9032  /          /       0.0030  2947
    0     45718.759     2186.6019  /          /       0.0030  2948
   18     45705.231     2187.2492  /       w**/       0.0070  2949
   16     45696.081     2187.6872  /          /       0.0030  2950
   16     45649.850     2189.9030  /          /       0.0030  2951
   21     45641.240     2190.3161  /         w/       0.0070  2952
    0     45629.221     2190.8931  /          /       0.0030  2953
    0     45626.890     2191.0051  /          /       0.0030  2954
    7     45624.890     2191.1011  /          /       0.0030  2955
    0     45604.999     2192.0569  /          /       0.0030  2956
   18     45601.420     2192.2289  /          /       0.0030  2957
   21     45575.411     2193.4801  /          /       0.0030  2958
    0     45568.020     2193.8359  /          /       0.0030  2959
   21     45565.550     2193.9549  /         w/       0.0070  2960
   23     45559.690     2194.2371  /         w/       0.0070  2961
    0     45558.070     2194.3151  /          /       0.0030  2962
   18     45556.930     2194.3700  /         w/       0.0070  2963
   19     45556.290     2194.4009  /         w/       0.0070  2964
    0     45546.591     2194.8682  /          /       0.0030  2965
    0     45532.841     2195.5311  /          /       0.0030  2966
   22     45530.021     2195.6671  /         w/       0.0070  2967
    7     45514.081     2196.4361  /          /       0.0030  2968
   19     45507.060     2196.7750  /          /       0.0030  2969
   23     45497.160     2197.2531  /       w**/       0.0070  2970
    0     45492.501     2197.4782  /          /       0.0030  2971
   11     45486.420     2197.7720  /          /       0.0030  2972
   16     45448.270     2199.6170  /          /       0.0030  2973
   19     45405.730     2201.6780  /         w/       0.0490  2974
   11     45386.311     2202.6201  /        **/       0.0070  2975
    0     45368.041     2203.5072  /          /       0.0030  2976
   16     45364.521     2203.6782  /          /       0.0030  2977
   21     45351.789     2204.2969  /          /       0.0030  2978
   21     45350.551     2204.3571  /          /       0.0030  2979
    0     45334.941     2205.1162  /          /       0.0030  2980
    7     45331.880     2205.2651  /         w/       0.0070  2981
   23     45327.501     2205.4782  /         w/       0.0070  2982
    7     45322.671     2205.7132  /          /       0.0030  2983
    7     45317.769     2205.9519  /        **/       0.0070  2984
    0     45316.390     2206.0190  /          /       0.0030  2985
   18     45314.420     2206.1149  /          /       0.0030  2986
   23     45311.460     2206.2590  /         w/       0.0070  2987
   21     45306.269     2206.5118  /         w/       0.0070  2988
    0     45301.629     2206.7379  /          /       0.0030  2989
    0     45299.120     2206.8601  /          /       0.0030  2990
   22     45294.260     2207.0969  /          /       0.0030  2991
   16     45293.419     2207.1379  /         w/       0.0070  2992
    7     45268.701     2208.3432  /          /       0.0030  2993
    0     45266.060     2208.4720  /          /       0.0030  2994
    0     45263.661     2208.5891  /          /       0.0030  2995
   11     45262.310     2208.6550  /          /       0.0030  2996
   18     45256.490     2208.9391  /          /       0.0030  2997
    0     45235.521     2209.9632  /          /       0.0030  2998
    0     45207.520     2211.3321  /          /       0.0030  2999
   18     45201.800     2211.6120  /          /       0.0030  3000
    0     45179.820     2212.6880  /          /       0.0030  3001
    0     45168.780     2213.2289  /        **/       0.0070  3002
    0     45159.310     2213.6931  /          /       0.0030  3003
   16     45156.351     2213.8382  /          /       0.0030  3004
    7     45151.440     2214.0790  /          /       0.0030  3005
    7     45149.709     2214.1639  /          /       0.0030  3006
    0     45148.621     2214.2172  /          /       0.0030  3007
    7     45145.321     2214.3791  /          /       0.0030  3008
   23     45143.919     2214.4479  /         w/       0.0070  3009
    7     45142.470     2214.5190  /          /       0.0030  3010
    0     45139.210     2214.6789  /          /       0.0030  3011
    0     45132.300     2215.0180  /          /       0.0030  3012
   23     45127.611     2215.2482  /         w/       0.0070  3013
    0     45122.910     2215.4790  /          /       0.0030  3014
    0     45117.599     2215.7398  /          /       0.0030  3015
    0     45106.500     2216.2851  /          /       0.0030  3016
   21     45101.961     2216.5082  /         w/       0.0070  3017
    0     45096.651     2216.7692  /          /       0.0030  3018
    0     45094.191     2216.8901  /          /       0.0030  3019
   23     45089.491     2217.1212  /       w**/       0.0070  3020
    0     45088.050     2217.1921  /          /       0.0030  3021
    0     45084.719     2217.3559  /          /       0.0030  3022
   22     45083.331     2217.4242  /          /       0.0030  3023
   18     45062.830     2218.4331  /         w/       0.0070  3024
    0     45061.021     2218.5222  /          /       0.0030  3025
    0     45050.060     2219.0620  /          /       0.0030  3026
    0     45022.410     2220.4249  /          /       0.0030  3027
    0     45009.500     2221.0619  /          /       0.0030  3028
   19     45001.860     2221.4390  /         w/       0.0070  3029
   14     44984.670     2222.2880  /          /       0.0030  3030
   21     44980.259     2222.5059  /         w/       0.0070  3031
    0     44975.561     2222.7381  /          /       0.0030  3032
   16     44970.240     2223.0011  /          /       0.0030  3033
   16     44968.180     2223.1030  /          /       0.0030  3034
   23     44965.530     2223.2340  /         w/       0.0070  3035
   16     44960.840     2223.4659  /         w/       0.0070  3036
   18     44960.090     2223.5030  /         w/       0.0070  3037
   16     44957.060     2223.6529  /          /       0.0030  3038
   19     44945.171     2224.2412  /          /       0.0030  3039
    7     44936.910     2224.6501  /          /       0.0030  3040
   18     44932.309     2224.8779  /         w/       0.0070  3041
   19     44931.680     2224.9091  /         w/       0.0070  3042
   19     44926.751     2225.1532  /          /       0.0030  3043
    0     44917.710     2225.6011  /          /       0.0030  3044
    0     44916.781     2225.6472  /         w/       0.0070  3045
   18     44914.869     2225.7419  /          /       0.0030  3046
   21     44909.660     2226.0001  /         w/       0.0070  3047
   18     44908.731     2226.0461  /          /       0.0030  3048
   11     44906.491     2226.1572  /       w**/       0.0070  3049
   19     44905.810     2226.1910  /          /       0.0030  3050
   18     44898.269     2226.5649  /          /       0.0030  3051
   19     44894.231     2226.7652  /          /       0.0030  3052
   11     44885.449     2227.2009  /          /       0.0030  3053
   19     44877.850     2227.5781  /          /       0.0030  3054
    0     44871.161     2227.9102  /          /       0.0030  3055
   18     44862.141     2228.3582  /          /       0.0030  3056
   18     44856.329     2228.6469  /         w/       0.0070  3057
   19     44855.400     2228.6931  /         w/       0.0070  3058
   18     44841.980     2229.3601  /          /       0.0030  3059
    0     44840.839     2229.4169  /         w/       0.0070  3060
    0     44831.389     2229.8868  /          /       0.0030  3061
   18     44826.761     2230.1171  /          /       0.0030  3062
   23     44822.120     2230.3480  /         w/       0.0070  3063
   18     44817.420     2230.5819  /          /       0.0030  3064
    0     44812.740     2230.8149  /          /       0.0030  3065
    0     44808.120     2231.0449  /          /       0.0030  3066
   18     44804.781     2231.2112  /          /       0.0030  3067
   19     44798.921     2231.5031  /          /       0.0030  3068
   19     44790.831     2231.9062  /          /       0.0030  3069
    7     44784.591     2232.2172  /          /       0.0030  3070
   18     44778.600     2232.5159  /         w/       0.0070  3071
   18     44764.120     2233.2381  /          /       0.0030  3072
    7     44752.160     2233.8350  /          /       0.0030  3073
   18     44740.841     2234.4002  /          /       0.0030  3074
    0     44734.100     2234.7369  /          /       0.0030  3075
   18     44728.371     2235.0232  /          /       0.0030  3076
    0     44725.251     2235.1791  /          /       0.0030  3077
    0     44712.530     2235.8151  /          /       0.0030  3078
    0     44708.291     2236.0271  /          /       0.0030  3079
   19     44699.580     2236.4629  /          /       0.0030  3080
   11     44696.460     2236.6190  /          /       0.0030  3081
    0     44690.329     2236.9259  /          /       0.0030  3082
   23     44683.659     2237.2599  /         w/       0.0070  3083
    0     44680.880     2237.3990  /          /       0.0030  3084
    0     44678.921     2237.4971  /          /       0.0030  3085
    0     44677.549     2237.5659  /          /       0.0030  3086
   21     44669.360     2237.9761  /          /       0.0030  3087
   18     44667.269     2238.0809  /          /       0.0030  3088
   18     44657.710     2238.5600  /         w/       0.0070  3089
    0     44652.541     2238.8191  /         w/       0.0070  3090
    7     44650.990     2238.8969  /          /       0.0030  3091
   23     44647.800     2239.0569  /          /       0.0030  3092
    0     44645.281     2239.1832  /          /       0.0030  3093
    7     44643.011     2239.2971  /          /       0.0030  3094
   23     44640.660     2239.4151  /          /       0.0030  3095
    0     44636.019     2239.6479  /          /       0.0030  3096
   16     44616.619     2240.6218  /          /       0.0030  3097
   18     44613.810     2240.7629  /          /       0.0030  3098
    7     44609.310     2240.9890  /          /       0.0030  3099
   11     44604.551     2241.2281  /          /       0.0030  3100
   11     44600.910     2241.4111  /         w/       0.0070  3101
   11     44600.159     2241.4488  /          /       0.0030  3102
    0     44598.309     2241.5418  /          /       0.0030  3103
    0     44594.961     2241.7101  /          /       0.0030  3104
   21     44590.330     2241.9430  /          /       0.0030  3105
   18     44589.411     2241.9892  /          /       0.0030  3106
   23     44586.191     2242.1511  /         w/       0.0070  3107
   14     44580.941     2242.4152  /         w/       0.0070  3108
   22     44580.130     2242.4560  /       w**/       0.0070  3109
    0     44575.480     2242.6899  /          /       0.0030  3110
    0     44570.630     2242.9340  /         w/       0.0070  3111
    0     44559.681     2243.4852  /         w/       0.0574  3112
   19     44541.420     2244.4050  /         w/       0.0070  3113
   19     44540.470     2244.4529  /         w/       0.0070  3114
    0     44534.691     2244.7442  /          /       0.0030  3115
   18     44529.911     2244.9852  /          /       0.0030  3116
   11     44528.529     2245.0549  /          /       0.0030  3117
   16     44525.850     2245.1899  /          /       0.0030  3118
    0     44517.221     2245.6252  /          /       0.0030  3119
    7     44516.291     2245.6721  /          /       0.0030  3120
   19     44514.530     2245.7610  /          /       0.0030  3121
    0     44509.731     2246.0031  /          /       0.0030  3122
   21     44507.950     2246.0930  /          /       0.0030  3123
    7     44495.271     2246.7331  /          /       0.0030  3124
    0     44494.081     2246.7932  /         w/       0.0070  3125
   19     44492.640     2246.8660  /         w/       0.0070  3126
   16     44489.929     2247.0029  /          /       0.0030  3127
    0     44487.131     2247.1442  /          /       0.0030  3128
    0     44475.991     2247.7071  /          /       0.0030  3129
   21     44456.810     2248.6770  /          /       0.0030  3130
    7     44453.789     2248.8298  /          /       0.0030  3131
    0     44452.141     2248.9132  /          /       0.0030  3132
   21     44450.070     2249.0180  /          /       0.0030  3133
   21     44447.520     2249.1470  /          /       0.0030  3134
   21     44437.150     2249.6719  /          /       0.0030  3135
   19     44435.729     2249.7439  /          /       0.0030  3136
   22     44428.540     2250.1080  /          /       0.0030  3137
   21     44402.160     2251.4449  /          /       0.0030  3138
   22     44400.110     2251.5489  /          /       0.0030  3139
   18     44387.199     2252.2039  /          /       0.0030  3140
   21     44384.380     2252.3469  /          /       0.0030  3141
   19     44374.270     2252.8601  /          /       0.0030  3142
   16     44371.041     2253.0241  /          /       0.0030  3143
   16     44368.819     2253.1369  /          /       0.0030  3144
   16     44367.320     2253.2131  /          /       0.0030  3145
    7     44363.110     2253.4269  /          /       0.0030  3146
    0     44356.100     2253.7831  /          /       0.0030  3147
   21     44346.659     2254.2629  /          /       0.0030  3148
    0     44344.670     2254.3640  /          /       0.0030  3149
    0     44342.111     2254.4942  /          /       0.0030  3150
   19     44331.420     2255.0379  /          /       0.0030  3151
   18     44330.810     2255.0689  /          /       0.0030  3152
    7     44324.030     2255.4139  /          /       0.0030  3153
   21     44318.171     2255.7121  /         w/       0.0070  3154
   21     44317.170     2255.7631  /         w/       0.0070  3155
    0     44314.109     2255.9189  /          /       0.0030  3156
    0     44309.371     2256.1602  /          /       0.0030  3157
    0     44305.900     2256.3369  /          /       0.0030  3158
   16     44301.440     2256.5641  /          /       0.0030  3159
   16     44300.321     2256.6211  /          /       0.0030  3160
    0     44298.320     2256.7230  /          /       0.0030  3161
    0     44289.080     2257.1939  /          /       0.0030  3162
   16     44286.171     2257.3422  /         w/       0.0070  3163
   21     44284.450     2257.4299  /          /       0.0030  3164
   14     44282.171     2257.5461  /          /       0.0030  3165
    7     44258.220     2258.7679  /          /       0.0030  3166
    7     44247.071     2259.3371  /          /       0.0030  3167
    0     44245.549     2259.4149  /          /       0.0030  3168
    7     44242.080     2259.5920  /          /       0.0030  3169
   11     44240.551     2259.6701  /          /       0.0030  3170
    0     44224.800     2260.4750  /          /       0.0030  3171
    0     44221.220     2260.6580  /          /       0.0030  3172
    0     44218.851     2260.7792  /          /       0.0030  3173
   19     44214.451     2261.0042  /          /       0.0030  3174
   22     44212.070     2261.1259  /          /       0.0030  3175
   18     44205.620     2261.4559  /          /       0.0030  3176
   18     44204.170     2261.5301  /          /       0.0030  3177
   18     44190.491     2262.2302  /          /       0.0030  3178
    0     44187.919     2262.3619  /          /       0.0030  3179
   21     44177.530     2262.8939  /          /       0.0030  3180
    7     44166.540     2263.4571  /          /       0.0030  3181
    0     44155.480     2264.0241  /          /       0.0030  3182
   18     44146.359     2264.4919  /          /       0.0030  3183
    0     44134.040     2265.1240  /          /       0.0030  3184
   18     44132.110     2265.2231  /          /       0.0030  3185
   16     44122.940     2265.6939  /          /       0.0030  3186
   16     44116.009     2266.0499  /          /       0.0030  3187
   16     44114.251     2266.1402  /          /       0.0030  3188
    0     44110.520     2266.3319  /          /       0.0030  3189
   21     44104.430     2266.6449  /          /       0.0030  3190
    0     44095.050     2267.1271  /          /       0.0030  3191
    0     44093.380     2267.2130  /          /       0.0030  3192
    0     44091.550     2267.3071  /          /       0.0030  3193
    0     44085.680     2267.6090  /          /       0.0030  3194
   16     44083.851     2267.7031  /          /       0.0030  3195
   16     44081.031     2267.8482  /          /       0.0030  3196
    0     44075.380     2268.1390  /          /       0.0030  3197
    0     44073.240     2268.2491  /          /       0.0030  3198
    0     44047.070     2269.5969  /          /       0.0030  3199
    0     44034.770     2270.2309  /          /       0.0030  3200
   22     44030.190     2270.4671  /          /       0.0030  3201
   21     44027.281     2270.6171  /         w/       0.0070  3202
   22     44026.120     2270.6770  /          /       0.0030  3203
   21     44022.459     2270.8658  /          /       0.0030  3204
   22     44010.090     2271.5041  /          /       0.0030  3205
    0     44003.370     2271.8510  /          /       0.0030  3206
   18     44000.930     2271.9770  /          /       0.0030  3207
   22     43999.261     2272.0632  /        **/       0.0070  3208
   22     43988.059     2272.6419  /          /       0.0030  3209
    0     43978.631     2273.1291  /          /       0.0030  3210
   22     43977.431     2273.1912  /          /       0.0030  3211
    0     43974.399     2273.3479  /          /       0.0030  3212
   18     43970.411     2273.5541  /          /       0.0030  3213
   22     43965.171     2273.8251  /         w/       0.0070  3214
   16     43956.550     2274.2711  /          /       0.0030  3215
    0     43943.391     2274.9522  /          /       0.0030  3216
   11     43940.670     2275.0931  /          /       0.0030  3217
    0     43924.840     2275.9131  /          /       0.0030  3218
   14     43919.960     2276.1660  /          /       0.0030  3219
    0     43912.610     2276.5470  /          /       0.0030  3220
   14     43905.419     2276.9199  /          /       0.0030  3221
   21     43903.581     2277.0152  /          /       0.0030  3222
   16     43896.161     2277.4002  /          /       0.0030  3223
   16     43892.429     2277.5938  /        **/       0.0070  3224
    0     43885.891     2277.9332  /          /       0.0030  3225
    0     43882.771     2278.0951  /          /       0.0030  3226
   18     43878.690     2278.3070  /          /       0.0030  3227
   19     43874.280     2278.5361  /         w/       0.0070  3228
   18     43870.430     2278.7360  /          /       0.0030  3229
   19     43862.401     2279.1532  /          /       0.0030  3230
   19     43860.790     2279.2369  /          /       0.0030  3231
    0     43857.321     2279.4172  /          /       0.0030  3232
    7     43854.301     2279.5742  /          /       0.0030  3233
    0     43851.769     2279.7058  /          /       0.0030  3234
    0     43843.170     2280.1530  /          /       0.0030  3235
   18     43834.619     2280.5978  /          /       0.0030  3236
    0     43828.430     2280.9199  /          /       0.0030  3237
   19     43821.130     2281.2999  /          /       0.0030  3238
   22     43816.480     2281.5420  /          /       0.0030  3239
   19     43767.839     2284.0778  /          /       0.0030  3240
   23     43757.550     2284.6150  /         w/       0.0070  3241
    0     43751.381     2284.9371  /          /       0.0030  3242
   18     43743.519     2285.3478  /          /       0.0030  3243
    0     43740.701     2285.4951  /          /       0.0030  3244
    0     43737.121     2285.6822  /          /       0.0030  3245
   18     43728.531     2286.1312  /          /       0.0030  3246
   19     43720.921     2286.5292  /          /       0.0030  3247
   19     43718.781     2286.6411  /          /       0.0030  3248
   21     43714.960     2286.8410  /          /       0.0030  3249
    0     43707.521     2287.2302  /          /       0.0030  3250
   16     43704.010     2287.4140  /          /       0.0030  3251
    7     43702.330     2287.5019  /          /       0.0030  3252
   11     43700.249     2287.6109  /          /       0.0030  3253
    0     43696.730     2287.7951  /          /       0.0030  3254
   22     43690.319     2288.1309  /          /       0.0030  3255
   16     43684.701     2288.4251  /        **/       0.0070  3256
    7     43683.480     2288.4891  /         w/       0.0070  3257
   16     43669.131     2289.2411  /          /       0.0030  3258
   16     43656.300     2289.9140  /          /       0.0030  3259
   16     43654.530     2290.0069  /          /       0.0030  3260
   22     43650.070     2290.2409  /          /       0.0030  3261
    0     43647.111     2290.3962  /          /       0.0030  3262
    0     43640.810     2290.7269  /          /       0.0030  3263
   16     43631.820     2291.1989  /          /       0.0030  3264
    0     43630.600     2291.2630  /         w/       0.0070  3265
    0     43620.890     2291.7731  /          /       0.0030  3266
   21     43615.390     2292.0621  /          /       0.0030  3267
   21     43606.909     2292.5079  /         w/       0.0070  3268
   21     43605.959     2292.5579  /         w/       0.0070  3269
   21     43599.320     2292.9070  /          /       0.0030  3270
    0     43594.569     2293.1569  /          /       0.0030  3271
    0     43591.011     2293.3441  /          /       0.0030  3272
    0     43588.430     2293.4799  /          /       0.0030  3273
   19     43586.601     2293.5761  /          /       0.0030  3274
   16     43577.350     2294.0631  /          /       0.0030  3275
    0     43573.460     2294.2679  /          /       0.0030  3276
    0     43570.950     2294.4001  /          /       0.0030  3277
   21     43568.841     2294.5112  /          /       0.0030  3278
   22     43567.131     2294.6012  /         w/       0.0070  3279
   21     43564.689     2294.7299  /          /       0.0030  3280
   21     43562.259     2294.8579  /          /       0.0030  3281
   22     43560.740     2294.9379  /        **/       0.0070  3282
   19     43552.639     2295.3648  /          /       0.0030  3283
   14     43543.320     2295.8561  /          /       0.0030  3284
    7     43530.339     2296.5408  /          /       0.0030  3285
    0     43514.669     2297.3679  /          /       0.0030  3286
    0     43513.890     2297.4090  /          /       0.0030  3287
   21     43511.750     2297.5220  /          /       0.0030  3288
   16     43510.290     2297.5991  /          /       0.0030  3289
   21     43506.201     2297.8151  /          /       0.0030  3290
   11     43504.211     2297.9202  /          /       0.0030  3291
    0     43496.040     2298.3519  /          /       0.0030  3292
   21     43493.141     2298.5051  /         w/       0.0070  3293
   18     43491.669     2298.5829  /          /       0.0030  3294
   18     43487.470     2298.8049  /          /       0.0030  3295
   18     43484.931     2298.9391  /          /       0.0030  3296
    0     43480.719     2299.1618  /          /       0.0030  3297
   18     43474.681     2299.4812  /          /       0.0030  3298
    0     43472.431     2299.6002  /          /       0.0030  3299
    0     43469.129     2299.7749  /          /       0.0030  3300
   14     43458.510     2300.3369  /          /       0.0030  3301
   22     43453.030     2300.6270  /         w/       0.0070  3302
   22     43444.400     2301.0841  /         w/       0.0070  3303
    0     43422.780     2302.2299  /          /       0.0030  3304
    0     43420.329     2302.3599  /          /       0.0030  3305
    0     43416.990     2302.5369  /          /       0.0030  3306
   19     43415.879     2302.5959  /          /       0.0030  3307
   16     43410.161     2302.8992  /         w/       0.0070  3308
   16     43409.130     2302.9539  /         w/       0.0070  3309
    0     43407.470     2303.0420  /          /       0.0030  3310
   19     43405.980     2303.1210  /          /       0.0541  3311
    7     43399.780     2303.4501  /         w/       0.0070  3312
   18     43398.650     2303.5101  /          /       0.0030  3313
   16     43397.220     2303.5860  /         w/       0.0070  3314
   18     43395.671     2303.6682  /         w/       0.0070  3315
   22     43393.881     2303.7632  /         w/       0.0070  3316
   19     43391.890     2303.8689  /          /       0.0030  3317
   18     43385.639     2304.2009  /          /       0.0030  3318
    7     43381.740     2304.4080  /          /       0.0030  3319
   21     43369.731     2305.0462  /          /       0.0030  3320
   21     43368.380     2305.1180  /          /       0.0030  3321
    0     43364.991     2305.2981  /          /       0.0030  3322
   11     43359.631     2305.5831  /          /       0.0030  3323
   11     43340.591     2306.5961  /          /       0.0030  3324
   22     43334.241     2306.9341  /          /       0.0030  3325
    0     43331.729     2307.0679  /          /       0.0030  3326
    7     43329.941     2307.1631  /          /       0.0030  3327
    7     43327.800     2307.2771  /          /       0.0030  3328
   18     43325.791     2307.3841  /          /       0.0030  3329
   23     43321.961     2307.5881  /          /       0.0030  3330
   23     43318.620     2307.7661  /          /       0.0030  3331
    0     43315.940     2307.9089  /          /       0.0030  3332
   18     43314.100     2308.0069  /          /       0.0030  3333
   11     43313.389     2308.0448  /         w/       0.0070  3334
    7     43309.670     2308.2430  /          /       0.0030  3335
   23     43306.559     2308.4089  /          /       0.0030  3336
   16     43301.660     2308.6701  /          /       0.0030  3337
    0     43298.980     2308.8130  /          /       0.0030  3338
    0     43295.601     2308.9932  /          /       0.0030  3339
   22     43293.639     2309.0978  /       w**/       0.0070  3340
   19     43291.160     2309.2301  /          /       0.0030  3341
    0     43288.239     2309.3859  /          /       0.0030  3342
    0     43284.940     2309.5619  /          /       0.0030  3343
    7     43277.761     2309.9451  /          /       0.0030  3344
    0     43274.351     2310.1271  /          /       0.0030  3345
   11     43272.089     2310.2479  /          /       0.0030  3346
   14     43266.789     2310.5309  /          /       0.0030  3347
    0     43262.389     2310.7659  /          /       0.0030  3348
    0     43257.741     2311.0142  /          /       0.0030  3349
    0     43254.790     2311.1719  /         w/       0.0070  3350
   23     43252.619     2311.2879  /          /       0.0030  3351
   23     43249.739     2311.4419  /          /       0.0030  3352
   18     43239.221     2312.0042  /          /       0.0030  3353
    0     43222.621     2312.8922  /          /       0.0030  3354
   18     43220.459     2313.0079  /          /       0.0030  3355
   18     43217.951     2313.1421  /          /       0.0030  3356
   19     43214.929     2313.3039  /          /       0.0030  3357
   18     43208.299     2313.6589  /          /       0.0030  3358
   18     43204.521     2313.8612  /          /       0.0030  3359
   11     43202.360     2313.9770  /          /       0.0030  3360
   11     43200.881     2314.0562  /          /       0.0030  3361
   23     43198.609     2314.1779  /          /       0.0030  3362
    7     43194.950     2314.3740  /          /       0.0030  3363
    0     43189.441     2314.6692  /          /       0.0030  3364
    0     43187.801     2314.7571  /          /       0.0030  3365
    0     43183.660     2314.9791  /          /       0.0030  3366
    0     43178.160     2315.2740  /          /       0.0030  3367
   23     43174.781     2315.4552  /         w/       0.0070  3368
    7     43168.840     2315.7739  /          /       0.0030  3369
    7     43166.841     2315.8812  /          /       0.0030  3370
    0     43152.630     2316.6439  /          /       0.0030  3371
   19     43148.211     2316.8812  /          /       0.0030  3372
    0     43144.620     2317.0740  /          /       0.0030  3373
   22     43142.291     2317.1991  /          /       0.0030  3374
   16     43134.400     2317.6231  /          /       0.0030  3375
   16     43126.199     2318.0638  /          /       0.0030  3376
   23     43124.540     2318.1530  /          /       0.0030  3377
   23     43120.611     2318.3642  /          /       0.0030  3378
   23     43115.481     2318.6401  /        **/       0.0030  3379
   23     43112.210     2318.8160  /          /       0.0030  3380
   23     43109.291     2318.9731  /          /       0.0030  3381
    0     43105.949     2319.1529  /          /       0.0030  3382
   11     43103.400     2319.2900  /         w/       0.0070  3383
   23     43101.300     2319.4030  /       w**/       0.0070  3384
   11     43088.000     2320.1190  /          /       0.0030  3385
   11     43086.070     2320.2230  /          /       0.0030  3386
   23     43082.670     2320.4061  /        **/       0.0070  3387
    7     43073.390     2320.9061  /          /       0.0030  3388
    0     43065.671     2321.3221  /          /       0.0030  3389
   16     43060.889     2321.5799  /          /       0.0030  3390
    7     43059.180     2321.6721  /          /       0.0030  3391
   16     43058.349     2321.7169  /          /       0.0030  3392
   18     43053.230     2321.9929  /          /       0.0030  3393
   21     43043.370     2322.5249  /          /       0.0030  3394
   11     43029.211     2323.2892  /          /       0.0030  3395
    0     43027.920     2323.3589  /          /       0.0030  3396
    0     43025.451     2323.4922  /          /       0.0030  3397
   19     43007.949     2324.4379  /          /       0.0030  3398
   18     43006.410     2324.5211  /          /       0.0030  3399
    0     43001.120     2324.8070  /          /       0.0030  3400
    7     42997.259     2325.0158  /          /       0.0030  3401
   14     42990.801     2325.3651  /         w/       0.0070  3402
    0     42983.949     2325.7358  /         w/       0.0070  3403
   22     42982.210     2325.8299  /          /       0.0030  3404
   18     42977.720     2326.0729  /          /       0.0030  3405
   19     42976.681     2326.1292  /          /       0.0030  3406
    0     42975.430     2326.1969  /         w/       0.0070  3407
   21     42973.269     2326.3139  /          /       0.0030  3408
    0     42966.380     2326.6869  /          /       0.0030  3409
    0     42964.719     2326.7769  /          /       0.0030  3410
   16     42940.741     2328.0762  /          /       0.0030  3411
   19     42934.031     2328.4401  /          /       0.0030  3412
   23     42931.891     2328.5562  /         w/       0.0070  3413
   19     42929.519     2328.6849  /          /       0.0030  3414
   18     42927.250     2328.8080  /          /       0.0030  3415
   18     42924.359     2328.9648  /          /       0.0030  3416
    0     42922.829     2329.0478  /          /       0.0030  3417
   16     42921.889     2329.0989  /          /       0.0030  3418
   22     42920.210     2329.1900  /          /       0.0030  3419
   22     42916.509     2329.3909  /          /       0.0030  3420
    7     42915.310     2329.4559  /          /       0.0030  3421
   19     42913.249     2329.5678  /          /       0.0030  3422
   18     42898.051     2330.3932  /          /       0.0030  3423
   16     42891.190     2330.7660  /          /       0.0030  3424
   14     42871.620     2331.8301  /          /       0.0030  3425
    0     42866.121     2332.1292  /          /       0.0030  3426
   16     42861.680     2332.3709  /          /       0.0030  3427
   16     42859.750     2332.4759  /          /       0.0030  3428
   16     42857.729     2332.5859  /          /       0.0030  3429
   11     42841.620     2333.4631  /          /       0.0030  3430
   16     42839.821     2333.5611  /          /       0.0030  3431
   16     42836.791     2333.7261  /          /       0.0030  3432
    7     42820.151     2334.6331  /          /       0.0030  3433
    0     42819.400     2334.6741  /         c/       0.0070  3434
   18     42797.421     2335.8732  /          /       0.0030  3435
    7     42795.520     2335.9769  /          /       0.0030  3436
   23     42792.700     2336.1309  /         w/       0.0070  3437
    7     42778.231     2336.9211  /          /       0.0030  3438
    7     42775.709     2337.0589  /          /       0.0030  3439
    7     42771.390     2337.2949  /          /       0.0030  3440
   22     42769.359     2337.4059  /          /       0.0030  3441
   22     42768.150     2337.4720  /          /       0.0030  3442
   11     42755.110     2338.1850  /          /       0.0030  3443
    0     42750.901     2338.4152  /          /       0.0030  3444
   11     42747.430     2338.6051  /          /       0.0030  3445
    7     42741.549     2338.9269  /          /       0.0030  3446
   11     42736.540     2339.2010  /          /       0.0030  3447
    0     42733.451     2339.3701  /          /       0.0030  3448
   22     42727.861     2339.6762  /        **/       0.0070  3449
   19     42726.260     2339.7639  /          /       0.0030  3450
   11     42724.780     2339.8450  /         w/       0.0070  3451
    7     42710.651     2340.6191  /          /       0.0030  3452
   14     42698.630     2341.2781  /          /       0.0030  3453
    7     42691.320     2341.6790  /          /       0.0030  3454
    0     42678.510     2342.3819  /          /       0.0030  3455
   16     42664.120     2343.1720  /         w/       0.0070  3456
   11     42640.469     2344.4718  /          /       0.0030  3457
   11     42635.281     2344.7571  /          /       0.0030  3458
   14     42630.849     2345.0009  /          /       0.0030  3459
   11     42616.451     2345.7932  /          /       0.0030  3460
    7     42614.769     2345.8858  /          /       0.0030  3461
   16     42599.891     2346.7052  /         w/       0.0070  3462
    7     42588.351     2347.3411  /          /       0.0030  3463
    7     42564.361     2348.6642  /          /       0.0030  3464
   14     42562.151     2348.7862  /         w/       0.0070  3465
    7     42546.850     2349.6310  /          /       0.0030  3466
   18     42539.171     2350.0551  /          /       0.0030  3467
    7     42500.471     2352.1952  /         w/       0.0070  3468
   12     42494.061     2352.5501  /         w/       0.0070  3469
   10     42481.750     2353.2319  /         w/       0.0070  3470
   10     42479.780     2353.3410  /          /       0.0030  3471
   18     42473.359     2353.6968  /         w/       0.0070  3472
    7     42471.480     2353.8010  /          /       0.0030  3473
    3     42465.580     2354.1280  /          /       0.0030  3474
    7     42462.151     2354.3181  /          /       0.0030  3475
   10     42460.311     2354.4202  /          /       0.0030  3476
   12     42451.621     2354.9022  /         w/       0.0070  3477
   14     42450.901     2354.9421  /         w/       0.0070  3478
    7     42449.100     2355.0420  /          /       0.0030  3479
    3     42445.151     2355.2612  /          /       0.0030  3480
   10     42430.330     2356.0839  /          /       0.0030  3481
    7     42427.770     2356.2261  /          /       0.0030  3482
    7     42410.671     2357.1762  /          /       0.0030  3483
   13     42405.819     2357.4459  /          /       0.0030  3484
    8     42404.110     2357.5409  /          /       0.0030  3485
    8     42402.560     2357.6271  /          /       0.0030  3486
   10     42383.721     2358.6751  /          /       0.0030  3487
   10     42381.890     2358.7770  /          /       0.0030  3488
   13     42372.851     2359.2802  /          /       0.0030  3489
   15     42370.970     2359.3850  /          /       0.0030  3490
    4     42365.999     2359.6618  /          /       0.0030  3491
    4     42364.849     2359.7259  /          /       0.0030  3492
   13     42354.690     2360.2919  /        **/       0.0070  3493
   13     42351.030     2360.4959  /          /       0.0030  3494
    8     42347.851     2360.6731  /          /       0.0030  3495
   13     42345.829     2360.7859  /          /       0.0030  3496
   15     42340.359     2361.0909  /          /       0.0030  3497
   13     42329.389     2361.7028  /          /       0.0030  3498
   15     42323.760     2362.0170  /          /       0.0030  3499
   -3     42321.571     2362.1392  /         w/       0.0070  3500
   11     42319.999     2362.2269  /          /       0.0030  3501
    4     42318.381     2362.3172  /          /       0.0030  3502
   -3     42308.480     2362.8701  /          /       0.0030  3503
   -3     42292.961     2363.7372  /         c/       0.0070  3504
   -3     42292.461     2363.7652  /         w/       0.0070  3505
   17     42283.360     2364.2740  /          /       0.0030  3506
   18     42279.281     2364.5021  /          /       0.0030  3507
   15     42269.399     2365.0549  /          /       0.0030  3508
   17     42268.501     2365.1052  /          /       0.0030  3509
   20     42261.160     2365.5160  /          /       0.0030  3510
   18     42256.160     2365.7960  /          /       0.0030  3511
   -3     42238.411     2366.7902  /          /       0.0030  3512
    8     42225.800     2367.4971  /          /       0.0030  3513
   11     42224.680     2367.5599  /          /       0.0030  3514
   -3     42221.341     2367.7471  /          /       0.0030  3515
   13     42219.970     2367.8240  /        **/       0.0070  3516
   15     42212.430     2368.2470  /          /       0.0030  3517
   14     42210.220     2368.3710  /          /       0.0030  3518
   15     42206.409     2368.5849  /          /       0.0030  3519
   20     42203.001     2368.7762  /          /       0.0030  3520
   20     42197.570     2369.0811  /          /       0.0030  3521
    4     42193.370     2369.3169  /          /       0.0030  3522
    4     42190.219     2369.4939  /          /       0.0030  3523
   15     42183.681     2369.8611  /          /       0.0030  3524
   15     42180.781     2370.0241  /          /       0.0030  3525
   11     42178.201     2370.1691  /          /       0.0030  3526
   17     42162.940     2371.0270  /          /       0.0030  3527
   20     42157.430     2371.3369  /        **/       0.0070  3528
    9     42154.640     2371.4939  /          /       0.0030  3529
    5     42146.890     2371.9300  /          /       0.0030  3530
   12     42144.970     2372.0381  /          /       0.0030  3531
   20     42143.351     2372.1292  /          /       0.0030  3532
   17     42123.360     2373.2551  /          /       0.0030  3533
   12     42117.349     2373.5938  /          /       0.0030  3534
   12     42109.891     2374.0142  /          /       0.0030  3535
   16     42102.800     2374.4141  /          /       0.0030  3536
   14     42081.941     2375.5911  /          /       0.0030  3537
   14     42077.761     2375.8271  /          /       0.0030  3538
   12     42074.291     2376.0231  /         w/       0.0070  3539
   19     42072.879     2376.1028  /          /       0.0030  3540
    9     42064.871     2376.5552  /        **/       0.0070  3541
   12     42058.150     2376.9350  /          /       0.0030  3542
   12     42056.891     2377.0062  /          /       0.0030  3543
   14     42056.029     2377.0549  /          /       0.0030  3544
   18     42045.450     2377.6531  /          /       0.0030  3545
   21     42038.181     2378.0642  /         w/       0.0070  3546
    5     42035.110     2378.2380  /          /       0.0030  3547
   14     42030.441     2378.5022  /         w/       0.0070  3548
    9     42026.431     2378.7291  /         w/       0.0070  3549
   16     42023.999     2378.8668  /         w/       0.0070  3550
   21     42022.121     2378.9731  /         w/       0.0070  3551
   12     42019.350     2379.1300  /          /       0.0030  3552
    9     42017.651     2379.2262  /          /       0.0030  3553
   -2     42015.820     2379.3299  /          /       0.0030  3554
   14     42010.521     2379.6301  /          /       0.0030  3555
   12     42003.090     2380.0511  /          /       0.0030  3556
    9     41985.540     2381.0460  /          /       0.0030  3557
    5     41978.509     2381.4449  /          /       0.0030  3558
   -2     41966.860     2382.1060  /         w/       0.0070  3559
   18     41965.061     2382.2081  /          /       0.0030  3560
   16     41958.370     2382.5880  /          /       0.0030  3561
   12     41954.939     2382.7829  /          /       0.0030  3562
    9     41951.489     2382.9788  /          /       0.0030  3563
   15     41927.540     2384.3401  /          /       0.0030  3564
   12     41924.660     2384.5039  /          /       0.0030  3565
   15     41920.210     2384.7571  /          /       0.0030  3566
   17     41884.731     2386.7773  /          /       0.0030  3567
   15     41881.930     2386.9369  /          /       0.0030  3568
   18     41877.190     2387.2071  /          /       0.0030  3569
   10     41873.311     2387.4282  /          /       0.0030  3570
   13     41848.480     2388.8449  /          /       0.0030  3571
   -1     41845.450     2389.0179  /          /       0.0030  3572
   15     41840.001     2389.3291  /          /       0.0030  3573
   13     41837.480     2389.4731  /          /       0.0030  3574
   13     41830.791     2389.8552  /          /       0.0030  3575
   17     41826.719     2390.0879  /          /       0.0030  3576
    6     41823.289     2390.2839  /          /       0.0030  3577
   15     41818.950     2390.5319  /          /       0.0030  3578
   17     41816.831     2390.6531  /          /       0.0030  3579
   15     41802.479     2391.4739  /          /       0.0030  3580
   17     41777.340     2392.9131  /          /       0.0030  3581
   13     41762.999     2393.7348  /          /       0.0030  3582
   19     41757.971     2394.0231  /          /       0.0030  3583
   13     41757.259     2394.0639  /          /       0.0030  3584
   15     41747.021     2394.6511  /          /       0.0030  3585
   17     41744.219     2394.8118  /         w/       0.0070  3586
   22     41733.201     2395.4441  /          /       0.0030  3587
   20     41707.909     2396.8969  /          /       0.0030  3588
   17     41691.451     2397.8431  /          /       0.0030  3589
   21     41687.680     2398.0601  /          /       0.0030  3590
   -1     41669.509     2399.1059  /          /       0.0030  3591
   22     41659.241     2399.6972  /          /       0.0030  3592
   -1     41656.120     2399.8770  /          /       0.0030  3593
   13     41643.940     2400.5790  /          /       0.0030  3594
   20     41641.891     2400.6971  /          /       0.0030  3595
   19     41639.411     2400.8401  /          /       0.0030  3596
   -1     41614.699     2402.2659  /          /       0.0030  3597
   17     41610.071     2402.5331  /          /       0.0030  3598
    0     41564.269     2405.1808  /          /       0.0030  3599
   23     41557.669     2405.5628  /         w/       0.0070  3600
    7     41553.241     2405.8192  /          /       0.0030  3601
   19     41544.319     2406.3359  /          /       0.0030  3602
   18     41537.981     2406.7031  /          /       0.0030  3603
   14     41534.581     2406.9001  /          /       0.0030  3604
    0     41531.941     2407.0531  /          /       0.0030  3605
   19     41530.220     2407.1529  /          /       0.0030  3606
    0     41526.029     2407.3959  /          /       0.0030  3607
    0     41514.579     2408.0599  /          /       0.0030  3608
    0     41514.010     2408.0929  /          /       0.0030  3609
   23     41512.370     2408.1880  /          /       0.0030  3610
    0     41495.260     2409.1811  /          /       0.0030  3611
   23     41484.570     2409.8020  /          /       0.0030  3612
    7     41475.949     2410.3029  /          /       0.0030  3613
    7     41473.799     2410.4278  /         w/       0.0070  3614
    0     41464.269     2410.9819  /          /       0.0030  3615
   14     41457.251     2411.3901  /          /       0.0030  3616
    0     41455.879     2411.4699  /          /       0.0030  3617
    0     41448.160     2411.9190  /          /       0.0030  3618
   16     41446.719     2412.0029  /          /       0.0030  3619
    0     41443.009     2412.2188  /          /       0.0030  3620
   23     41439.949     2412.3969  /          /       0.0030  3621
   19     41423.771     2413.3392  /          /       0.0030  3622
   19     41414.901     2413.8561  /          /       0.0030  3623
    0     41411.950     2414.0281  /          /       0.0030  3624
   18     41403.190     2414.5389  /          /       0.0030  3625
   14     41386.719     2415.4999  /          /       0.0030  3626
   14     41382.791     2415.7292  /          /       0.0030  3627
    0     41369.130     2416.5270  /          /       0.0030  3628
   11     41367.060     2416.6479  /          /       0.0030  3629
   23     41349.211     2417.6912  /          /       0.0030  3630
   23     41327.691     2418.9502  /          /       0.0030  3631
   18     41305.859     2420.2288  /          /       0.0030  3632
    0     41298.589     2420.6549  /          /       0.0030  3633
    0     41296.540     2420.7750  /          /       0.0030  3634
   21     41290.021     2421.1572  /          /       0.0030  3635
   16     41279.950     2421.7480  /          /       0.0030  3636
    0     41273.440     2422.1300  /          /       0.0030  3637
    0     41271.391     2422.2502  /          /       0.0030  3638
   16     41262.721     2422.7592  /          /       0.0030  3639
   18     41260.611     2422.8831  /         w/       0.0070  3640
   20     41255.741     2423.1692  /          /       0.0030  3641
   11     41250.929     2423.4519  /          /       0.0030  3642
   11     41246.709     2423.6998  /          /       0.0030  3643
    0     41242.949     2423.9208  /          /       0.0030  3644
    0     41242.381     2423.9542  /          /       0.0030  3645
   16     41240.870     2424.0430  /          /       0.0030  3646
    7     41235.951     2424.3322  /          /       0.0030  3647
   16     41232.249     2424.5499  /          /       0.0030  3648
   18     41230.681     2424.6421  /          /       0.0030  3649
   18     41227.961     2424.8021  /         w/       0.0070  3650
   11     41224.089     2425.0298  /          /       0.0030  3651
    7     41217.359     2425.4258  /          /       0.0030  3652
    0     41213.890     2425.6300  /          /       0.0030  3653
    0     41210.919     2425.8049  /          /       0.0030  3654
   23     41205.241     2426.1392  /          /       0.0030  3655
    7     41202.081     2426.3253  /          /       0.0030  3656
   23     41193.159     2426.8508  /          /       0.0030  3657
    0     41163.811     2428.5812  /          /       0.0030  3658
    0     41148.380     2429.4920  /          /       0.0030  3659
    0     41147.191     2429.5622  /          /       0.0030  3660
    0     41145.199     2429.6798  /          /       0.0030  3661
   11     41136.101     2430.2172  /          /       0.0030  3662
   23     41134.411     2430.3171  /         w/       0.0070  3663
   21     41118.460     2431.2599  /          /       0.0030  3664
   22     41110.800     2431.7130  /          /       0.0030  3665
    7     41103.480     2432.1461  /          /       0.0030  3666
   20     41094.491     2432.6781  /          /       0.0030  3667
   11     41086.659     2433.1419  /          /       0.0030  3668
    0     41078.601     2433.6192  /          /       0.0030  3669
   24     41069.170     2434.1781  /         w/       0.0070  3670
   24     41065.649     2434.3868  /          /       0.0030  3671
   18     41059.640     2434.7431  /          /       0.0030  3672
   11     41048.531     2435.4021  /          /       0.0030  3673
    7     41042.230     2435.7760  /          /       0.0030  3674
   24     41040.021     2435.9071  /          /       0.0030  3675
   24     41023.489     2436.8888  /          /       0.0030  3676
   21     41020.540     2437.0640  /          /       0.0030  3677
   12     41012.511     2437.5412  /          /       0.0030  3678
   17     41010.630     2437.6530  /          /       0.0030  3679
   17     40999.110     2438.3380  /          /       0.0030  3680
   24     40994.250     2438.6271  /          /       0.0030  3681
   23     40975.820     2439.7240  /          /       0.0030  3682
    1     40970.881     2440.0181  /          /       0.0030  3683
   14     40965.591     2440.3332  /          /       0.0030  3684
   20     40953.931     2441.0281  /          /       0.0030  3685
   14     40951.870     2441.1509  /          /       0.0030  3686
   12     40948.361     2441.3601  /          /       0.0030  3687
   21     40943.631     2441.6422  /          /       0.0030  3688
    1     40939.999     2441.8588  /          /       0.0030  3689
    1     40932.119     2442.3289  /          /       0.0030  3690
    1     40925.950     2442.6971  /          /       0.0030  3691
   20     40921.341     2442.9723  /          /       0.0030  3692
    1     40902.291     2444.1101  /          /       0.0030  3693
   14     40901.359     2444.1658  /          /       0.0030  3694
   23     40889.311     2444.8861  /         w/       0.0070  3695
   24     40888.529     2444.9328  /         w/       0.0070  3696
   24     40879.280     2445.4860  /          /       0.0030  3697
    1     40871.341     2445.9611  /         w/       0.0070  3698
   17     40869.590     2446.0659  /          /       0.0030  3699
   24     40857.830     2446.7700  /          /       0.0030  3700
   21     40845.660     2447.4991  /          /       0.0030  3701
   24     40834.681     2448.1571  /          /       0.0030  3702
    1     40810.030     2449.6360  /          /       0.0030  3703
   14     40805.500     2449.9080  /        **/       0.0070  3704
    1     40803.631     2450.0202  /        **/       0.0070  3705
    1     40801.189     2450.1669  /          /       0.0030  3706
   20     40799.221     2450.2851  /          /       0.0030  3707
   17     40790.200     2450.8270  /          /       0.0030  3708
    8     40780.981     2451.3811  /          /       0.0030  3709
    1     40780.050     2451.4371  /         w/       0.0070  3710
   19     40773.181     2451.8501  /          /       0.0030  3711
   24     40770.309     2452.0228  /          /       0.0030  3712
    1     40767.711     2452.1791  /        **/       0.0070  3713
   24     40757.241     2452.8091  /         w/       0.0070  3714
   24     40756.591     2452.8482  /         w/       0.0070  3715
    1     40750.461     2453.2172  /          /       0.0030  3716
    1     40749.131     2453.2973  /          /       0.0030  3717
   17     40741.111     2453.7802  /          /       0.0030  3718
   24     40727.521     2454.5991  /          /       0.0030  3719
   24     40723.859     2454.8198  /          /       0.0030  3720
   12     40719.541     2455.0801  /         w/       0.0070  3721
   19     40718.911     2455.1181  /         w/       0.0070  3722
    8     40715.050     2455.3510  /          /       0.0030  3723
    8     40708.731     2455.7321  /          /       0.0030  3724
    1     40705.731     2455.9131  /          /       0.0030  3725
   12     40704.471     2455.9892  /          /       0.0030  3726
    1     40696.401     2456.4762  /          /       0.0030  3727
    1     40692.099     2456.7359  /          /       0.0030  3728
   19     40672.231     2457.9361  /          /       0.0030  3729
    1     40667.151     2458.2432  /          /       0.0030  3730
   21     40649.541     2459.3082  /          /       0.0030  3731
   20     40647.921     2459.4062  /          /       0.0030  3732
   24     40641.879     2459.7719  /         w/       0.0070  3733
   20     40640.689     2459.8439  /          /       0.0030  3734
   19     40639.549     2459.9129  /          /       0.0030  3735
   12     40638.390     2459.9831  /          /       0.0030  3736
   19     40627.771     2460.6261  /          /       0.0030  3737
   24     40626.239     2460.7189  /         w/       0.0070  3738
   24     40602.211     2462.1752  /          /       0.0030  3739
    1     40598.881     2462.3772  /          /       0.0030  3740
    1     40596.541     2462.5191  /          /       0.0030  3741
   24     40590.349     2462.8948  /          /       0.0030  3742
   21     40583.751     2463.2952  /          /       0.0030  3743
    1     40575.489     2463.7969  /          /       0.0030  3744
   14     40567.631     2464.2741  /          /       0.0030  3745
    1     40561.510     2464.6460  /          /       0.0030  3746
    1     40556.870     2464.9280  /          /       0.0030  3747
    7     40551.210     2465.2721  /          /       0.0030  3748
    7     40547.181     2465.5171  /          /       0.0030  3749
   18     40540.689     2465.9119  /          /       0.0030  3750
   20     40536.250     2466.1820  /          /       0.0030  3751
   20     40535.560     2466.2240  /         w/       0.0070  3752
    7     40531.071     2466.4971  /          /       0.0030  3753
   18     40527.490     2466.7151  /        **/       0.0070  3754
    1     40518.229     2467.2789  /          /       0.0030  3755
   22     40515.520     2467.4439  /         w/       0.0070  3756
    7     40512.281     2467.6412  /         w/       0.0070  3757
   22     40508.609     2467.8649  /          /       0.0030  3758
   17     40504.589     2468.1098  /         w/       0.0070  3759
   24     40503.160     2468.1969  /          /       0.0030  3760
    7     40497.549     2468.5389  /          /       0.0030  3761
    0     40496.040     2468.6309  /          /       0.0030  3762
   24     40490.529     2468.9669  /          /       0.0030  3763
   18     40484.951     2469.3071  /          /       0.0030  3764
    0     40476.939     2469.7959  /          /       0.0030  3765
   18     40457.579     2470.9779  /          /       0.0030  3766
   21     40454.730     2471.1519  /          /       0.0030  3767
   17     40434.701     2472.3761  /          /       0.0030  3768
    7     40424.351     2473.0091  /          /       0.0030  3769
   23     40417.620     2473.4210  /         w/       0.0070  3770
    0     40407.020     2474.0699  /          /       0.0030  3771
    0     40402.939     2474.3198  /          /       0.0104  3772
   11     40396.501     2474.7142  /          /       0.0030  3773
   21     40391.070     2475.0470  /        **/       0.0070  3774
   16     40386.240     2475.3430  /          /       0.0030  3775
    0     40383.090     2475.5361  /         w/       0.0070  3776
    7     40380.549     2475.6919  /          /       0.0030  3777
    0     40376.401     2475.9462  /          /       0.0030  3778
   16     40374.480     2476.0640  /         w/       0.0070  3779
   16     40371.300     2476.2591  /         w/       0.0070  3780
   22     40356.310     2477.1789  /          /       0.0030  3781
    0     40354.741     2477.2753  /          /       0.0030  3782
    0     40346.631     2477.7732  /          /       0.0030  3783
    0     40339.210     2478.2291  /         w/       0.0070  3784
   23     40337.661     2478.3243  /         w/       0.0070  3785
    7     40333.940     2478.5529  /          /       0.0030  3786
    7     40332.211     2478.6592  /          /       0.0030  3787
   16     40322.049     2479.2839  /          /       0.0030  3788
   23     40310.780     2479.9770  /          /       0.0030  3789
   16     40306.670     2480.2299  /         w/       0.0070  3790
   16     40306.379     2480.2478  /         w/       0.0070  3791
   11     40303.760     2480.4090  /         w/       0.0070  3792
   22     40302.491     2480.4871  /          /       0.0030  3793
   22     40299.149     2480.6929  /          /       0.0030  3794
   23     40293.751     2481.0252  /          /       0.0030  3795
    0     40283.009     2481.6869  /          /       0.0030  3796
   22     40281.660     2481.7700  /          /       0.0030  3797
    0     40278.090     2481.9900  /         w/       0.0070  3798
    0     40276.370     2482.0960  /          /       0.0030  3799
   18     40274.810     2482.1921  /          /       0.0030  3800
    0     40273.331     2482.2833  /          /       0.0030  3801
   20     40271.699     2482.3839  /        **/       0.0070  3802
   18     40270.591     2482.4522  /          /       0.0030  3803
    0     40268.569     2482.5768  /          /       0.0030  3804
   16     40266.540     2482.7019  /         w/       0.0070  3805
   14     40260.249     2483.0899  /          /       0.0030  3806
   18     40257.831     2483.2391  /          /       0.0030  3807
   23     40256.761     2483.3051  /          /       0.0030  3808
   16     40253.780     2483.4890  /         w/       0.0070  3809
   11     40247.620     2483.8691  /          /       0.0030  3810
   23     40245.691     2483.9882  /          /       0.0030  3811
   11     40242.210     2484.2031  /          /       0.0030  3812
   23     40235.750     2484.6019  /         w/       0.0070  3813
    0     40234.130     2484.7020  /          /       0.0030  3814
   22     40231.299     2484.8768  /          /       0.0030  3815
    0     40228.400     2485.0559  /          /       0.0030  3816
   23     40226.780     2485.1560  /         w/       0.0070  3817
   22     40204.669     2486.5228  /          /       0.0030  3818
   16     40199.349     2486.8519  /          /       0.0030  3819
   16     40194.630     2487.1439  /          /       0.0030  3820
    0     40192.159     2487.2968  /          /       0.0030  3821
   18     40191.491     2487.3382  /          /       0.0030  3822
   21     40186.779     2487.6298  /          /       0.0030  3823
   18     40184.839     2487.7499  /          /       0.0030  3824
    7     40180.831     2487.9981  /          /       0.0030  3825
   11     40177.360     2488.2131  /          /       0.0030  3826
   11     40175.150     2488.3500  /         w/       0.0070  3827
   11     40172.939     2488.4869  /         w/       0.0070  3828
   21     40170.630     2488.6300  /         w/       0.0070  3829
   23     40169.191     2488.7191  /         w/       0.0070  3830
   16     40163.209     2489.0898  /          /       0.0030  3831
    7     40160.690     2489.2460  /          /       0.0030  3832
   16     40150.610     2489.8709  /         w/       0.0070  3833
   22     40145.400     2490.1941  /          /       0.0030  3834
    0     40138.569     2490.6179  /         w/       0.0070  3835
    0     40131.010     2491.0871  /          /       0.0030  3836
    7     40128.591     2491.2372  /          /       0.0030  3837
   18     40127.160     2491.3261  /          /       0.0030  3838
    0     40122.441     2491.6191  /          /       0.0030  3839
   23     40116.741     2491.9732  /          /       0.0030  3840
   18     40110.740     2492.3460  /          /       0.0030  3841
   18     40106.731     2492.5952  /          /       0.0030  3842
    7     40104.011     2492.7643  /          /       0.0030  3843
   18     40101.711     2492.9072  /          /       0.0030  3844
   21     40091.810     2493.5229  /          /       0.0030  3845
   18     40089.201     2493.6852  /          /       0.0030  3846
    0     40084.171     2493.9982  /          /       0.0030  3847
   23     40080.941     2494.1991  /         w/       0.0070  3848
    0     40079.080     2494.3150  /          /       0.0030  3849
    0     40075.850     2494.5160  /          /       0.0030  3850
   11     40074.931     2494.5732  /          /       0.0030  3851
   11     40070.401     2494.8553  /          /       0.0030  3852
    7     40065.281     2495.1741  /          /       0.0030  3853
   11     40064.160     2495.2439  /         w/       0.0070  3854
   23     40062.089     2495.3729  /         w/       0.0070  3855
   23     40059.920     2495.5080  /         w/       0.0070  3856
    7     40058.700     2495.5840  /          /       0.0030  3857
   19     40053.081     2495.9342  /          /       0.0030  3858
    0     40048.571     2496.2153  /          /       0.0030  3859
    0     40047.279     2496.2958  /          /       0.0030  3860
    7     40033.691     2497.1431  /          /       0.0030  3861
    7     40032.140     2497.2399  /          /       0.0030  3862
    0     40025.051     2497.6822  /          /       0.0030  3863
    0     40022.410     2497.8471  /          /       0.0030  3864
    0     40018.421     2498.0961  /          /       0.0030  3865
   22     40017.041     2498.1822  /         w/       0.0070  3866
    0     40015.201     2498.2971  /        **/       0.0070  3867
   16     40008.171     2498.7361  /          /       0.0030  3868
    0     40004.921     2498.9391  /          /       0.0030  3869
   16     40000.200     2499.2341  /          /       0.0030  3870
   19     39994.410     2499.5959  /          /       0.0030  3871
   17     39992.970     2499.6859  /          /       0.0030  3872
   23     39988.459     2499.9679  /          /       0.0030  3873
    0     39983.820     2500.2580  /          /       0.0030  3874
   13     39981.721     2500.3893  /          /       0.0030  3875
   11     39980.651     2500.4562  /         w/       0.0070  3876
    0     39974.481     2500.8422  /          /       0.0030  3877
   16     39972.310     2500.9780  /          /       0.0030  3878
   -1     39964.579     2501.4618  /          /       0.0030  3879
   -1     39960.649     2501.7079  /         w/       0.0070  3880
   -1     39956.510     2501.9670  /         w/       0.0070  3881
    6     39955.631     2502.0221  /          /       0.0030  3882
   -1     39953.860     2502.1330  /          /       0.0030  3883
   16     39947.589     2502.5258  /         w/       0.0070  3884
   19     39946.310     2502.6059  /         w/       0.0070  3885
   17     39945.541     2502.6541  /          /       0.0030  3886
   -1     39942.860     2502.8221  /          /       0.0030  3887
   20     39941.471     2502.9091  /          /       0.0030  3888
   20     39939.830     2503.0120  /          /       0.0030  3889
   -1     39937.481     2503.1592  /          /       0.0030  3890
   -1     39936.369     2503.2289  /          /       0.0030  3891
   15     39933.781     2503.3912  /          /       0.0030  3892
   15     39932.631     2503.4633  /         w/       0.0070  3893
   10     39931.489     2503.5349  /          /       0.0030  3894
   15     39930.191     2503.6162  /          /       0.0030  3895
    6     39924.169     2503.9939  /          /       0.0030  3896
    6     39917.569     2504.4079  /        *r/       0.0314  3897
    6     39915.431     2504.5421  /          /       0.0030  3898
   10     39910.651     2504.8421  /          /       0.0030  3899
   -1     39908.839     2504.9558  /          /       0.0030  3900
   -1     39903.869     2505.2678  /          /       0.0030  3901
   -1     39902.431     2505.3581  /          /       0.0030  3902
   10     39892.621     2505.9743  /          /       0.0030  3903
   -1     39884.559     2506.4808  /          /       0.0030  3904
   -1     39871.861     2507.2791  /          /       0.0030  3905
   -1     39870.891     2507.3401  /          /       0.0030  3906
   15     39851.121     2508.5841  /         w/       0.0070  3907
   15     39850.630     2508.6150  /          /       0.0030  3908
   13     39849.569     2508.6818  /          /       0.0030  3909
   -1     39843.591     2509.0582  /          /       0.0030  3910
   19     39840.659     2509.2429  /          /       0.0030  3911
   19     39827.181     2510.0921  /          /       0.0030  3912
   -1     39826.390     2510.1420  /         w/       0.0070  3913
   19     39823.231     2510.3411  /          /       0.0030  3914
   19     39821.881     2510.4262  /          /       0.0030  3915
    6     39818.950     2510.6110  /          /       0.0030  3916
   21     39810.971     2511.1142  /         w/       0.0070  3917
   20     39808.261     2511.2852  /          /       0.0030  3918
   -1     39800.849     2511.7529  /          /       0.0030  3919
   -1     39790.440     2512.4100  /         w/       0.0070  3920
   13     39787.271     2512.6101  /          /       0.0030  3921
   13     39785.512     2512.7212  /          /       0.0030  3922
   15     39772.349     2513.5529  /          /       0.0030  3923
   -1     39768.831     2513.7752  /          /       0.0030  3924
   -1     39765.431     2513.9902  /         w/       0.0070  3925
   -1     39763.011     2514.1432  /          /       0.0030  3926
    6     39757.970     2514.4620  /          /       0.0030  3927
   18     39751.030     2514.9010  /        **/       0.0070  3928
   18     39748.751     2515.0452  /          /       0.0030  3929
   18     39741.770     2515.4870  /          /       0.0030  3930
   13     39731.961     2516.1081  /          /       0.0030  3931
   -1     39728.349     2516.3369  /          /       0.0030  3932
   -1     39719.050     2516.9260  /         d/       0.0070  3933
   21     39710.701     2517.4552  /         w/       0.0070  3934
   19     39709.760     2517.5149  /          /       0.0030  3935
   -1     39703.431     2517.9162  /          /       0.0030  3936
   -1     39696.970     2518.3261  /          /       0.0030  3937
   -1     39689.781     2518.7823  /         w/       0.0070  3938
   -1     39688.479     2518.8649  /         w/       0.0070  3939
   21     39684.619     2519.1099  /         d/       0.0070  3940
    5     39682.069     2519.2718  /          /       0.0030  3941
   19     39671.910     2519.9170  /          /       0.0030  3942
   15     39668.920     2520.1069  /          /       0.0030  3943
    5     39660.181     2520.6622  /          /       0.0030  3944
   12     39659.100     2520.7310  /          /       0.0030  3945
   16     39658.220     2520.7869  /          /       0.0030  3946
   18     39654.539     2521.0209  /          /       0.0030  3947
   -2     39644.221     2521.6771  /          /       0.0030  3948
    5     39638.470     2522.0430  /          /       0.0030  3949
   -2     39624.861     2522.9092  /          /       0.0030  3950
   14     39622.131     2523.0831  /          /       0.0030  3951
    9     39613.480     2523.6341  /          /       0.0030  3952
   16     39611.110     2523.7851  /         w/       0.0070  3953
   16     39601.210     2524.4161  /          /       0.0030  3954
   14     39595.929     2524.7528  /          /       0.0030  3955
   19     39590.121     2525.1232  /         w/       0.0070  3956
   -2     39566.420     2526.6359  /          /       0.0030  3957
   -2     39551.811     2527.5692  /         w/       0.0070  3958
    9     39545.851     2527.9502  /          /       0.0030  3959
    9     39542.581     2528.1592  /          /       0.0030  3960
    5     39539.910     2528.3300  /          /       0.0030  3961
   17     39533.731     2528.7252  /          /       0.0030  3962
   12     39533.280     2528.7541  /          /       0.0030  3963
   20     39527.719     2529.1098  /         d/       0.0070  3964
    5     39522.719     2529.4298  /          /       0.0030  3965
   12     39518.091     2529.7261  /          /       0.0030  3966
   14     39517.439     2529.7678  /          /       0.0030  3967
   20     39506.569     2530.4639  /         w/       0.0070  3968
   12     39503.589     2530.6548  /          /       0.0030  3969
   -2     39498.700     2530.9681  /          /       0.0030  3970
   -2     39496.050     2531.1379  /          /       0.0030  3971
   20     39493.130     2531.3250  /         w/       0.0070  3972
   16     39488.329     2531.6328  /          /       0.0030  3973
   17     39483.771     2531.9251  /          /       0.0030  3974
    9     39480.761     2532.1181  /          /       0.0030  3975
    9     39472.379     2532.6559  /          /       0.0030  3976
   20     39456.842     2533.6532  /         w/       0.0070  3977
   19     39452.939     2533.9039  /         w/       0.0070  3978
   15     39447.471     2534.2552  /         w/       0.0070  3979
   14     39441.791     2534.6201  /         w/       0.0070  3980
   19     39439.630     2534.7590  /         w/       0.0070  3981
   11     39435.831     2535.0032  /          /       0.0030  3982
   17     39421.189     2535.9449  /         w/       0.0070  3983
   11     39419.850     2536.0310  /         w/       0.0070  3984
   17     39410.261     2536.6481  /          /       0.0030  3985
   18     39408.740     2536.7460  /          /       0.0030  3986
    4     39403.259     2537.0989  /          /       0.0030  3987
    8     39395.260     2537.6141  /          /       0.0030  3988
   19     39383.651     2538.3621  /       w**/       0.0070  3989
   15     39380.739     2538.5498  /          /       0.0030  3990
    4     39368.270     2539.3539  /          /       0.0030  3991
   13     39361.990     2539.7591  /          /       0.0030  3992
   18     39360.951     2539.8261  /         w/       0.0070  3993
   11     39358.720     2539.9701  /          /       0.0030  3994
   19     39353.440     2540.3109  /          /       0.0030  3995
   14     39348.651     2540.6201  /          /       0.0030  3996
    7     39346.961     2540.7292  /          /       0.0030  3997
   21     39341.530     2541.0800  /         w/       0.0070  3998
    0     39339.149     2541.2338  /          /       0.0030  3999
    0     39337.320     2541.3520  /         w/       0.0070  4000
    0     39322.529     2542.3079  /          /       0.0030  4001
    0     39315.661     2542.7521  /          /       0.0030  4002
    0     39307.281     2543.2942  /         w/       0.0070  4003
   18     39303.220     2543.5570  /          /       0.0030  4004
    0     39301.879     2543.6438  /          /       0.0030  4005
    7     39289.362     2544.4542  /          /       0.0030  4006
    0     39287.960     2544.5450  /         w/       0.0070  4007
   11     39282.601     2544.8922  /          /       0.0030  4008
   11     39282.159     2544.9208  /         w/       0.0070  4009
   16     39271.971     2545.5811  /          /       0.0030  4010
   22     39268.750     2545.7899  /         w/       0.0070  4011
   16     39267.160     2545.8930  /          /       0.0030  4012
   21     39262.592     2546.1892  /          /       0.0030  4013
   11     39253.791     2546.7601  /          /       0.0030  4014
   22     39236.479     2547.8839  /         w/       0.0070  4015
    0     39229.780     2548.3190  /          /       0.0030  4016
    7     39225.451     2548.6002  /          /       0.0030  4017
    0     39224.651     2548.6522  /          /       0.0030  4018
    0     39211.131     2549.5311  /          /       0.0030  4019
   14     39201.739     2550.1419  /         w/       0.0070  4020
   11     39198.789     2550.3338  /          /       0.0030  4021
   11     39196.699     2550.4698  /          /       0.0030  4022
   16     39193.451     2550.6812  /          /       0.0030  4023
   16     39186.280     2551.1480  /          /       0.0030  4024
   16     39185.759     2551.1819  /          /       0.0030  4025
   22     39183.949     2551.2998  /         w/       0.0070  4026
   22     39180.581     2551.5191  /         w/       0.0070  4027
   19     39175.040     2551.8800  /          /       0.0030  4028
    0     39172.630     2552.0370  /          /       0.0030  4029
   14     39171.450     2552.1139  /          /       0.0030  4030
    7     39169.209     2552.2599  /          /       0.0030  4031
   16     39168.041     2552.3361  /          /       0.0030  4032
   16     39152.961     2553.3192  /          /       0.0030  4033
   11     39152.030     2553.3799  /          /       0.0030  4034
    0     39149.511     2553.5442  /          /       0.0030  4035
    0     39138.661     2554.2521  /         w/       0.0070  4036
    0     39128.981     2554.8841  /          /       0.0030  4037
    0     39127.529     2554.9789  /          /       0.0030  4038
    0     39124.970     2555.1460  /         w/       0.0070  4039
    7     39124.099     2555.2029  /         w/       0.0070  4040
   19     39121.800     2555.3531  /        **/       0.0070  4041
   22     39116.441     2555.7032  /         w/       0.0070  4042
   14     39108.689     2556.2098  /          /       0.0030  4043
   18     39104.619     2556.4758  /          /       0.0030  4044
   18     39102.641     2556.6052  /          /       0.0030  4045
   14     39099.461     2556.8131  /          /       0.0030  4046
    0     39093.421     2557.2082  /          /       0.0030  4047
   11     39091.669     2557.3228  /          /       0.0030  4048
    0     39082.601     2557.9162  /          /       0.0030  4049
   14     39073.120     2558.5369  /          /       0.0030  4050
   16     39071.010     2558.6751  /          /       0.0030  4051
   22     39066.140     2558.9941  /         w/       0.0070  4052
    7     39061.820     2559.2771  /          /       0.0030  4053
    0     39052.850     2559.8650  /          /       0.0030  4054
    0     39051.992     2559.9212  /          /       0.0030  4055
   16     39043.850     2560.4551  /          /       0.0030  4056
    0     39030.922     2561.3032  /       w**/       0.0070  4057
   14     39029.009     2561.4288  /          /       0.0030  4058
   18     39023.761     2561.7733  /          /       0.0030  4059
   19     38997.871     2563.4741  /          /       0.0030  4060
    7     38991.331     2563.9041  /          /       0.0030  4061
    7     38989.231     2564.0422  /          /       0.0030  4062
   14     38982.131     2564.5092  /          /       0.0030  4063
    0     38974.659     2565.0009  /          /       0.0030  4064
    0     38969.419     2565.3458  /         w/       0.0070  4065
   21     38966.590     2565.5321  /          /       0.0030  4066
    0     38964.119     2565.6948  /          /       0.0030  4067
    0     38962.581     2565.7961  /          /       0.0030  4068
    7     38940.380     2567.2590  /          /       0.0030  4069
   19     38930.811     2567.8901  /          /       0.0030  4070
   18     38924.509     2568.3058  /        **/       0.0070  4071
    0     38913.419     2569.0378  /          /       0.0030  4072
   18     38912.081     2569.1262  /          /       0.0030  4073
   22     38910.919     2569.2029  /         w/       0.0070  4074
    0     38908.510     2569.3620  /          /       0.0030  4075
   14     38896.280     2570.1699  /          /       0.0030  4076
   14     38891.409     2570.4918  /          /       0.0030  4077
   22     38884.570     2570.9440  /       w**/       0.0070  4078
    0     38882.559     2571.0769  /          /       0.0030  4079
    7     38873.019     2571.7080  /         w/       0.0070  4080
   21     38871.310     2571.8210  /          /       0.0030  4081
    0     38867.489     2572.0739  /          /       0.0030  4082
    7     38866.231     2572.1571  /         w/       0.0070  4083
   19     38859.721     2572.5881  /          /       0.0030  4084
   14     38858.060     2572.6980  /          /       0.0030  4085
    7     38854.221     2572.9522  /         w/       0.0070  4086
   11     38842.360     2573.7380  /          /       0.0030  4087
    0     38838.841     2573.9712  /          /       0.0030  4088
    7     38825.751     2574.8391  /          /       0.0030  4089
   19     38824.579     2574.9168  /         w/       0.0070  4090
    0     38818.470     2575.3220  /          /       0.0030  4091
    0     38809.592     2575.9112  /          /       0.0030  4092
    0     38806.611     2576.1091  /          /       0.0030  4093
    0     38801.791     2576.4291  /         w/       0.0070  4094
    7     38798.612     2576.6402  /          /       0.0030  4095
   11     38794.370     2576.9220  /         w/       0.0070  4096
    7     38780.161     2577.8662  /         w/       0.0070  4097
    0     38770.690     2578.4960  /          /       0.0030  4098
    7     38768.120     2578.6669  /          /       0.0030  4099
   22     38766.510     2578.7740  /         w/       0.0070  4100
    7     38761.640     2579.0981  /          /       0.0030  4101
    0     38757.239     2579.3909  /          /       0.0030  4102
   22     38748.360     2579.9820  /         w/       0.0070  4103
   11     38746.751     2580.0892  /          /       0.0030  4104
    7     38738.870     2580.6141  /          /       0.0030  4105
    7     38734.790     2580.8859  /         w/       0.0070  4106
    0     38726.389     2581.4458  /       w**/       0.0070  4107
   14     38717.701     2582.0251  /          /       0.0030  4108
   16     38716.051     2582.1352  /         w/       0.0070  4109
   16     38714.131     2582.2633  /          /       0.0030  4110
    0     38707.402     2582.7122  /          /       0.0030  4111
   11     38701.860     2583.0821  /         w/       0.0070  4112
    0     38697.669     2583.3618  /          /       0.0030  4113
    0     38683.411     2584.3141  /          /       0.0030  4114
   18     38677.470     2584.7110  /         w/       0.0070  4115
   11     38676.649     2584.7659  /          /       0.0030  4116
   14     38667.749     2585.3609  /         w/       0.0070  4117
   11     38663.860     2585.6209  /         w/       0.0070  4118
   16     38662.841     2585.6891  /          /       0.0030  4119
    0     38657.370     2586.0551  /          /       0.0030  4120
    0     38653.740     2586.2979  /          /       0.0030  4121
    7     38652.361     2586.3902  /          /       0.0030  4122
    0     38647.311     2586.7282  /         w/       0.0070  4123
    0     38645.880     2586.8240  /         w/       0.0070  4124
   16     38640.321     2587.1962  /          /       0.0030  4125
   30     38632.661     2587.7092  /         w/       0.0070  4126
   22     38631.069     2587.8158  /          /       0.0030  4127
    7     38618.752     2588.6412  /          /       0.0030  4128
    0     38617.070     2588.7540  /          /       0.0030  4129
   18     38609.390     2589.2690  /          /       0.0030  4130
   16     38606.679     2589.4508  /          /       0.0030  4131
    7     38604.691     2589.5841  /          /       0.0030  4132
   14     38599.981     2589.9001  /        **/       0.0070  4133
    0     38598.341     2590.0102  /          /       0.0030  4134
   11     38594.799     2590.2479  /          /       0.0030  4135
   22     38593.160     2590.3579  /         w/       0.0070  4136
   11     38580.021     2591.2402  /         w/       0.0070  4137
   18     38570.050     2591.9101  /          /       0.0030  4138
    7     38562.401     2592.4242  /          /       0.0030  4139
   16     38556.339     2592.8318  /          /       0.0030  4140
    0     38546.660     2593.4829  /          /       0.0030  4141
    0     38545.369     2593.5698  /          /       0.0030  4142
   18     38539.451     2593.9681  /          /       0.0030  4143
   14     38536.911     2594.1391  /          /       0.0030  4144
   14     38532.602     2594.4292  /          /       0.0030  4145
   22     38519.690     2595.2989  /         w/       0.0070  4146
    0     38517.479     2595.4479  /         w/       0.0070  4147
    0     38509.910     2595.9581  /          /       0.0030  4148
   22     38496.789     2596.8429  /         w/       0.0070  4149
    0     38482.781     2597.7882  /          /       0.0030  4150
   14     38479.159     2598.0328  /          /       0.0030  4151
   14     38471.810     2598.5291  /          /       0.0030  4152
    0     38469.960     2598.6541  /          /       0.0030  4153
    0     38466.081     2598.9161  /          /       0.0030  4154
    0     38450.639     2599.9599  /         w/       0.0070  4155
   18     38435.960     2600.9529  /          /       0.0030  4156
    0     38425.769     2601.6428  /         w/       0.0070  4157
   11     38421.541     2601.9291  /         w/       0.0070  4158
    0     38417.189     2602.2239  /          /       0.0030  4159
    7     38413.910     2602.4460  /       w**/       0.0070  4160
   14     38411.400     2602.6161  /          /       0.0030  4161
   14     38410.310     2602.6899  /          /       0.0030  4162
    0     38401.852     2603.2632  /          /       0.0030  4163
    7     38401.011     2603.3202  /          /       0.0030  4164
    7     38397.639     2603.5489  /          /       0.0030  4165
   18     38396.209     2603.6458  /          /       0.0030  4166
   11     38384.250     2604.4571  /          /       0.0030  4167
   18     38355.860     2606.3849  /         c/       0.0290  4168
   16     38353.949     2606.5148  /          /       0.0030  4169
    7     38350.269     2606.7649  /          /       0.0030  4170
   16     38333.609     2607.8979  /         w/       0.0070  4171
   18     38328.509     2608.2450  /          /       0.0030  4172
   11     38323.940     2608.5559  /         w/       0.0070  4173
   19     38318.151     2608.9500  /        **/       0.0070  4174
   14     38313.891     2609.2401  /          /       0.0030  4175
   18     38301.740     2610.0680  /          /       0.0030  4176
   21     38297.589     2610.3509  /         w/       0.0070  4177
    7     38288.521     2610.9691  /          /       0.0030  4178
   19     38285.620     2611.1670  /          /       0.0030  4179
   11     38283.230     2611.3300  /          /       0.0030  4180
   11     38282.279     2611.3949  /          /       0.0030  4181
    0     38280.341     2611.5271  /          /       0.0030  4182
   14     38259.760     2612.9320  /          /       0.0030  4183
   11     38253.242     2613.3772  /          /       0.0030  4184
    7     38249.019     2613.6658  /         w/       0.0070  4185
   11     38244.670     2613.9630  /         w/       0.0070  4186
   22     38236.141     2614.5461  /         w/       0.0070  4187
   22     38220.221     2615.6353  /         w/       0.0070  4188
    0     38214.209     2616.0468  /          /       0.0030  4189
   11     38211.989     2616.1988  /          /       0.0030  4190
    0     38203.221     2616.7992  /          /       0.0030  4191
   14     38201.720     2616.9021  /          /       0.0030  4192
   21     38193.069     2617.4949  /          /       0.0030  4193
   11     38189.491     2617.7401  /          /       0.0030  4194
   18     38183.611     2618.1432  /          /       0.0030  4195
    0     38179.389     2618.4328  /          /       0.0030  4196
    7     38174.311     2618.7811  /          /       0.0030  4197
    7     38172.710     2618.8910  /          /       0.0030  4198
    0     38168.760     2619.1620  /          /       0.0030  4199
    0     38164.609     2619.4469  /         c/       0.0290  4200
   11     38160.831     2619.7062  /          /       0.0030  4201
    0     38157.351     2619.9452  /          /       0.0030  4202
    7     38152.371     2620.2872  /         w/       0.0070  4203
    0     38139.361     2621.1810  /          /       0.0030  4204
   16     38132.231     2621.6712  /          /       0.0030  4205
    7     38127.461     2621.9992  /          /       0.0030  4206
   16     38120.939     2622.4478  /          /       0.0030  4207
    0     38116.780     2622.7340  /         w/       0.0070  4208
   19     38098.159     2624.0159  /          /       0.0030  4209
    0     38089.331     2624.6242  /         w/       0.0070  4210
   37     38085.282     2624.9032  /         w/       0.0070  4211
   19     38080.321     2625.2452  /          /       0.0030  4212
   16     38072.840     2625.7611  /          /       0.0030  4213
    0     38069.141     2626.0162  /          /       0.0030  4214
    7     38066.331     2626.2101  /          /       0.0030  4215
   16     38055.781     2626.9382  /          /       0.0030  4216
    0     38052.918     2627.1358  /          /       0.0030  4217
   16     38038.628     2628.1228  /          /       0.0030  4218
    0     38031.249     2628.6328  /          /       0.0030  4219
   19     38025.720     2629.0150  /          /       0.0030  4220
    7     38024.650     2629.0890  /          /       0.0030  4221
   19     38019.961     2629.4132  /          /       0.0030  4222
    0     38012.661     2629.9182  /         w/       0.0070  4223
    0     38006.279     2630.3599  /         w/       0.0070  4224
    0     38000.570     2630.7551  /          /       0.0030  4225
   14     37993.959     2631.2128  /         c/       0.0290  4226
    0     37992.559     2631.3098  /         c/       0.0290  4227
   11     37968.419     2632.9829  /         c/       0.0290  4228
   16     37943.571     2634.7072  /         w/       0.0070  4229
   11     37914.821     2636.7052  /          /       0.0030  4230
   11     37911.171     2636.9591  /          /       0.0030  4231
    0     37906.559     2637.2799  /         d/       0.0070  4232
    0     37883.549     2638.8819  /          /       0.0030  4233
    7     37871.762     2639.7032  /          /       0.0030  4234
   14     37870.330     2639.8030  /          /       0.0030  4235
   21     37868.881     2639.9041  /          /       0.0030  4236
   14     37863.349     2640.2898  /         w/       0.0070  4237
    0     37842.491     2641.7451  /          /       0.0030  4238
   11     37841.049     2641.8458  /        **/       0.0070  4239
   11     37833.689     2642.3598  /          /       0.0030  4240
   18     37827.571     2642.7872  /          /       0.0030  4241
    7     37804.600     2644.3931  /         c/       0.0290  4242
   30     37801.429     2644.6149  /         w/       0.0070  4243
    0     37795.711     2645.0150  /          /       0.0030  4244
   11     37793.610     2645.1621  /         w/       0.0070  4245
   22     37770.692     2646.7672  /         w/       0.0070  4246
    0     37767.100     2647.0189  /          /       0.0030  4247
   18     37762.479     2647.3429  /          /       0.0030  4248
    0     37752.199     2648.0638  /          /       0.0030  4249
    7     37749.330     2648.2650  /          /       0.0030  4250
   21     37739.470     2648.9570  /         w/       0.0070  4251
    0     37732.449     2649.4499  /          /       0.0030  4252
    7     37726.692     2649.8542  /         d/       0.0070  4253
    0     37723.820     2650.0560  /          /       0.0030  4254
   16     37721.700     2650.2049  /          /       0.0030  4255
    0     37718.651     2650.4192  /          /       0.0030  4256
    0     37715.010     2650.6751  /          /       0.0030  4257
    0     37682.911     2652.9331  /         w/       0.0070  4258
    0     37675.259     2653.4719  /          /       0.0030  4259
   11     37673.470     2653.5980  /          /       0.0030  4260
    0     37641.311     2655.8652  /          /       0.0030  4261
   19     37638.509     2656.0629  /          /       0.0030  4262
   14     37628.081     2656.7991  /          /       0.0030  4263
   30     37626.990     2656.8761  /         w/       0.0070  4264
    0     37622.249     2657.2109  /         c/       0.0070  4265
    0     37619.541     2657.4022  /          /       0.0030  4266
    7     37607.811     2658.2311  /          /       0.0030  4267
    7     37589.179     2659.5488  /          /       0.0030  4268
    0     37585.009     2659.8439  /          /       0.0030  4269
    7     37577.099     2660.4038  /          /       0.0030  4270
    0     37570.501     2660.8711  /          /       0.0030  4271
    7     37568.680     2661.0000  /          /       0.0030  4272
   14     37563.781     2661.3471  /          /       0.0030  4273
    7     37547.039     2662.5339  /          /       0.0030  4274
   11     37534.619     2663.4149  /          /       0.0030  4275
   22     37524.799     2664.1120  /         w/       0.0070  4276
   16     37512.462     2664.9882  /          /       0.0030  4277
    0     37509.340     2665.2100  /         w/       0.0070  4278
   14     37501.729     2665.7509  /          /       0.0030  4279
    0     37498.111     2666.0082  /          /       0.0030  4280
    7     37495.160     2666.2180  /          /       0.0030  4281
   30     37476.941     2667.5142  /         w/       0.0070  4282
   16     37472.829     2667.8070  /          /       0.0030  4283
    0     37468.759     2668.0968  /          /       0.0030  4284
   16     37467.380     2668.1950  /          /       0.0030  4285
   14     37454.019     2669.1468  /          /       0.0030  4286
   18     37452.851     2669.2301  /        **/       0.0070  4287
   14     37428.890     2670.9390  /          /       0.0030  4288
    0     37422.559     2671.3908  /          /       0.0030  4289
   16     37418.492     2671.6812  /          /       0.0030  4290
    7     37413.329     2672.0499  /          /       0.0030  4291
   16     37408.809     2672.3728  /          /       0.0030  4292
   21     37405.262     2672.6262  /         w/       0.0070  4293
   18     37404.189     2672.7029  /          /       0.0030  4294
   16     37399.261     2673.0551  /          /       0.0123  4295
   16     37375.311     2674.7681  /          /       0.0030  4296
    7     37374.710     2674.8111  /          /       0.0030  4297
   16     37365.100     2675.4991  /        **/       0.0070  4298
   14     37348.449     2676.6920  /          /       0.0030  4299
    0     37340.109     2677.2898  /         w/       0.0070  4300
   18     37336.771     2677.5292  /         c/       0.0290  4301
   11     37321.709     2678.6098  /          /       0.0030  4302
   42     37309.759     2679.4678  /         w/       0.0070  4303
    0     37297.230     2680.3680  /          /       0.0030  4304
    0     37290.539     2680.8489  /          /       0.0030  4305
   16     37288.421     2681.0012  /          /       0.0030  4306
    7     37286.351     2681.1501  /          /       0.0030  4307
   14     37266.211     2682.5991  /          /       0.0030  4308
   19     37262.531     2682.8641  /          /       0.0030  4309
    0     37260.869     2682.9838  /          /       0.0030  4310
   11     37258.938     2683.1228  /          /       0.0030  4311
   11     37256.741     2683.2810  /          /       0.0030  4312
    0     37255.061     2683.4021  /          /       0.0030  4313
   14     37252.869     2683.5600  /          /       0.0030  4314
   22     37244.669     2684.1508  /         w/       0.0070  4315
   21     37243.181     2684.2581  /         c/       0.0290  4316
   11     37237.701     2684.6531  /          /       0.0030  4317
   18     37228.562     2685.3122  /         c/       0.0290  4318
   18     37223.229     2685.6969  /          /       0.0030  4319
   22     37214.099     2686.3559  /         w/       0.0070  4320
   11     37212.729     2686.4548  /          /       0.0030  4321
   16     37206.892     2686.8763  /          /       0.0030  4322
   21     37201.679     2687.2528  /          /       0.0030  4323
    0     37198.171     2687.5062  /         w/       0.0070  4324
   18     37191.600     2687.9811  /        *v/       0.0070  4325
   19     37188.762     2688.1862  /          /       0.0030  4326
   16     37179.999     2688.8198  /          /       0.0030  4327
   21     37179.389     2688.8639  /          /       0.0030  4328
   14     37146.342     2691.2562  /          /       0.0030  4329
   16     37144.429     2691.3948  /          /       0.0030  4330
    0     37142.799     2691.5129  /          /       0.0030  4331
   18     37136.190     2691.9920  /        *v/       0.0362  4332
   14     37125.860     2692.7410  /          /       0.0030  4333
   11     37093.420     2695.0961  /          /       0.0030  4334
    7     37086.500     2695.5990  /          /       0.0030  4335
    7     37085.910     2695.6419  /          /       0.0030  4336
    0     37068.211     2696.9291  /          /       0.0030  4337
    0     37051.000     2698.1819  /         c/       0.0070  4338
    7     37037.919     2699.1349  /         w/       0.0070  4339
   16     37035.651     2699.3002  /        *r/       0.0073  4340
   14     37017.811     2700.6012  /          /       0.0030  4341
    0     37014.781     2700.8222  /         w/       0.0070  4342
    0     37006.729     2701.4099  /          /       0.0030  4343
   14     36998.250     2702.0290  /          /       0.0030  4344
   18     36995.419     2702.2358  /          /       0.0030  4345
   18     36987.450     2702.8181  /          /       0.0030  4346
    7     36982.829     2703.1558  /          /       0.0030  4347
   18     36977.520     2703.5439  /          /       0.0030  4348
    7     36972.188     2703.9338  /         w/       0.0070  4349
   16     36967.199     2704.2988  /          /       0.0030  4350
    0     36965.771     2704.4032  /          /       0.0030  4351
   18     36954.039     2705.2619  /         d/       0.0070  4352
   14     36948.630     2705.6579  /          /       0.0030  4353
    7     36947.469     2705.7429  /        *r/       0.0366  4354
   16     36935.620     2706.6110  /          /       0.0030  4355
    0     36931.419     2706.9189  /          /       0.0030  4356
    0     36929.729     2707.0428  /          /       0.0030  4357
    7     36924.559     2707.4218  /          /       0.0030  4358
   22     36914.561     2708.1552  /         c/       0.0290  4359
    0     36907.680     2708.6601  /          /       0.0030  4360
    7     36895.801     2709.5322  /         c/       0.0290  4361
   14     36893.132     2709.7282  /          /       0.0030  4362
   11     36887.621     2710.1331  /         c/       0.0290  4363
   37     36885.350     2710.3000  /         w/       0.0070  4364
   22     36879.292     2710.7452  /         w/       0.0070  4365
   14     36875.869     2710.9968  /         w/       0.0280  4366
   11     36875.759     2711.0049  /         c/       0.0140  4367
    7     36868.400     2711.5461  /          /       0.0030  4368
   16     36866.251     2711.7041  /          /       0.0030  4369
   22     36863.209     2711.9279  /         w/       0.0070  4370
    0     36859.781     2712.1802  /          /       0.0030  4371
    7     36857.010     2712.3841  /          /       0.0030  4372
   16     36855.380     2712.5040  /          /       0.0030  4373
   14     36833.560     2714.1110  /        **/       0.0070  4374
    0     36815.279     2715.4588  /          /       0.0030  4375
   16     36808.701     2715.9441  /          /       0.0030  4376
   11     36773.880     2718.5160  /         c/       0.0070  4377
   30     36772.011     2718.6541  /         w/       0.0070  4378
   21     36770.649     2718.7548  /         w/       0.0070  4379
   11     36768.820     2718.8901  /         w/       0.0070  4380
   16     36752.641     2720.0870  /          /       0.0030  4381
   19     36751.509     2720.1708  /          /       0.0030  4382
    0     36748.291     2720.4090  /         w/       0.0070  4383
   11     36744.510     2720.6890  /          /       0.0030  4384
   21     36739.270     2721.0771  /         w/       0.0070  4385
   22     36724.641     2722.1610  /         w/       0.0070  4386
   11     36704.482     2723.6562  /          /       0.0030  4387
   46     36699.448     2724.0298  /         w/       0.0070  4388
    7     36680.810     2725.4140  /          /       0.0030  4389
   16     36673.381     2725.9661  /          /       0.0030  4390
   18     36667.319     2726.4168  /        *r/       0.0074  4391
   22     36659.421     2727.0042  /         w/       0.0070  4392
    0     36647.542     2727.8882  /         w/       0.0070  4393
    0     36641.621     2728.3291  /          /       0.0030  4394
   21     36638.939     2728.5288  /         w/       0.0070  4395
   22     36630.130     2729.1850  /         w/       0.0070  4396
   19     36622.962     2729.7192  /          /       0.0030  4397
   11     36615.720     2730.2591  /          /       0.0030  4398
    0     36613.538     2730.4218  /          /       0.0030  4399
    0     36601.310     2731.3341  /          /       0.0030  4400
    0     36599.719     2731.4528  /          /       0.0030  4401
   19     36583.482     2732.6652  /          /       0.0030  4402
    0     36579.641     2732.9521  /         w/       0.0070  4403
   22     36575.240     2733.2810  /         w/       0.0070  4404
   11     36569.020     2733.7459  /          /       0.0030  4405
    0     36567.938     2733.8268  /         w/       0.0070  4406
   21     36560.700     2734.3681  /          /       0.0030  4407
   21     36546.881     2735.4020  /          /       0.0030  4408
    7     36543.541     2735.6521  /          /       0.0030  4409
    0     36537.062     2736.1372  /         w/       0.0070  4410
   18     36504.260     2738.5960  /          /       0.0030  4411
    0     36468.760     2741.2620  /         w/       0.0070  4412
   14     36463.440     2741.6619  /          /       0.0030  4413
   19     36454.799     2742.3118  /          /       0.0030  4414
    0     36440.260     2743.4060  /          /       0.0030  4415
   22     36437.750     2743.5950  /         w/       0.0070  4416
   22     36436.620     2743.6801  /          /       0.0030  4417
   14     36424.540     2744.5901  /          /       0.0030  4418
   16     36417.909     2745.0898  /         c/       0.0290  4419
   14     36411.221     2745.5941  /         c/       0.0290  4420
   19     36402.539     2746.2489  /          /       0.0030  4421
   11     36323.159     2752.2509  /          /       0.0030  4422
   16     36321.611     2752.3682  /          /       0.0030  4423
   16     36316.372     2752.7652  /         d/       0.0070  4424
   11     36302.211     2753.8391  /         d/       0.0070  4425
   11     36287.310     2754.9700  /         w/       0.0070  4426
    0     36279.859     2755.5358  /          /       0.0030  4427
    7     36277.710     2755.6991  /          /       0.0030  4428
   21     36258.899     2757.1288  /         c/       0.0290  4429
   18     36245.341     2758.1602  /         c/       0.0290  4430
    7     36230.189     2759.3138  /          /       0.0030  4431
   21     36219.302     2760.1432  /         c/       0.0290  4432
   22     36213.089     2760.6168  /         w/       0.0070  4433
   11     36205.321     2761.2091  /          /       0.0030  4434
   16     36194.929     2762.0019  /          /       0.0030  4435
   18     36193.290     2762.1270  /         d/       0.0070  4436
   22     36190.449     2762.3439  /          /       0.0030  4437
    0     36151.070     2765.3530  /         w/       0.0070  4438
   19     36150.119     2765.4258  /          /       0.0030  4439
    7     36145.609     2765.7708  /          /       0.0030  4440
   18     36144.470     2765.8580  /          /       0.0030  4441
   22     36136.472     2766.4702  /         w/       0.0070  4442
   11     36131.120     2766.8800  /          /       0.0030  4443
    7     36116.569     2767.9948  /          /       0.0030  4444
   16     36093.172     2769.7892  /         c/       0.0290  4445
   14     36087.311     2770.2391  /          /       0.0030  4446
   22     36058.679     2772.4389  /          /       0.0030  4447
   14     36029.191     2774.7081  /          /       0.0030  4448
   18     36028.078     2774.7938  /          /       0.0030  4449
   14     36022.678     2775.2098  /          /       0.0030  4450
   14     36012.699     2775.9788  /          /       0.0030  4451
   14     36008.300     2776.3180  /          /       0.0030  4452
    0     36002.970     2776.7290  /         c/       0.0290  4453
   19     36001.169     2776.8679  /         c/       0.0290  4454
    7     35995.710     2777.2891  /          /       0.0030  4455
    7     35989.062     2777.8022  /          /       0.0030  4456
    7     35985.659     2778.0649  /          /       0.0030  4457
   11     35980.631     2778.4531  /         c/       0.0290  4458
   16     35972.569     2779.0758  /         d/       0.0070  4459
   16     35969.770     2779.2921  /        *r/       0.0386  4460
    7     35925.179     2782.7420  /          /       0.0030  4461
    7     35924.092     2782.8262  /          /       0.0030  4462
    0     35906.960     2784.1540  /          /       0.0030  4463
   19     35870.630     2786.9739  /          /       0.0030  4464
   22     35794.499     2792.9018  /         w/       0.0070  4465
    0     35788.702     2793.3542  /          /       0.0030  4466
   22     35765.379     2795.1759  /        *v/       0.0070  4467
    7     35739.999     2797.1609  /         w/       0.0070  4468
    0     35730.251     2797.9241  /         c/       0.0290  4469
   19     35677.781     2802.0391  /          /       0.0030  4470
   22     35671.789     2802.5098  /        *r/       0.0079  4471
   11     35664.409     2803.0898  /          /       0.0030  4472
    7     35646.450     2804.5021  /          /       0.0030  4473
   19     35631.711     2805.6622  /        **/       0.0070  4474
   14     35602.110     2807.9951  /          /       0.0030  4475
   18     35598.158     2808.3068  /          /       0.0030  4476
    0     35553.240     2811.8550  /          /       0.0030  4477
   22     35544.971     2812.5092  /        *v/       0.0070  4478
    0     35529.438     2813.7388  /          /       0.0030  4479
    0     35523.060     2814.2440  /         w/       0.0070  4480
   18     35514.982     2814.8842  /          /       0.0030  4481
    0     35488.081     2817.0181  /         w/       0.0070  4482
    7     35462.072     2819.0843  /         w/       0.0070  4483
    7     35458.830     2819.3420  /         w/       0.0070  4484
    0     35436.320     2821.1330  /         w/       0.0070  4485
   22     35414.802     2822.8472  /        *v/       0.0070  4486
   11     35410.629     2823.1799  /         c/       0.0290  4487
    0     35394.480     2824.4681  /         w/       0.0070  4488
   19     35378.149     2825.7719  /          /       0.0030  4489
    7     35361.808     2827.0778  /         w/       0.0070  4490
   11     35355.990     2827.5430  /         w/       0.0070  4491
   11     35354.429     2827.6679  /          /       0.0030  4492
   22     35350.462     2827.9852  /        *v/       0.0070  4493
   11     35338.109     2828.9738  /          /       0.0030  4494
    7     35327.769     2829.8019  /         c/       0.0290  4495
    7     35310.971     2831.1481  /          /       0.0030  4496
    7     35266.469     2834.7209  /         d/       0.0070  4497
   11     35261.801     2835.0962  /          /       0.0030  4498
   16     35260.698     2835.1848  /          /       0.0030  4499
    0     35250.628     2835.9948  /          /       0.0030  4500
   22     35233.570     2837.3679  /        *v/       0.0070  4501
    7     35226.358     2837.9488  /        *r/       0.0403  4502
   19     35220.001     2838.4611  /        *r/       0.0081  4503
   16     35206.620     2839.5400  /         c/       0.0070  4504
    7     35193.658     2840.5858  /          /       0.0030  4505
   21     35188.811     2840.9771  /        *v/       0.0070  4506
    0     35181.591     2841.5602  /          /       0.0030  4507
   21     35178.350     2841.8220  /          /       0.0030  4508
   30     35176.901     2841.9390  /        *r/       0.0081  4509
    0     35158.730     2843.4079  /         w/       0.0070  4510
    7     35150.321     2844.0882  /          /       0.0030  4511
    0     35102.461     2847.9661  /          /       0.0030  4512
    0     35101.440     2848.0489  /          /       0.0030  4513
   19     35096.179     2848.4759  /          /       0.0030  4514
    7     35094.429     2848.6179  /         w/       0.0070  4515
   16     35077.692     2849.9772  /        *r/       0.0081  4516
    7     35074.972     2850.1982  /         c/       0.0070  4517
    0     35066.080     2850.9210  /         w/       0.0070  4518
   18     35059.131     2851.4861  /        *r/       0.0081  4519
   11     35047.999     2852.3918  /          /       0.0030  4520
   11     35037.459     2853.2499  /        *r/       0.0407  4521
    0     35009.922     2855.4943  /          /       0.0030  4522
   11     34984.788     2857.5458  /          /       0.0030  4523
   14     34982.900     2857.7000  /          /       0.0030  4524
    7     34974.299     2858.4029  /         d/       0.0070  4525
    0     34966.601     2859.0322  /         w/       0.0070  4526
   11     34954.351     2860.0342  /          /       0.0030  4527
   16     34952.130     2860.2159  /         c/       0.0070  4528
   19     34940.539     2861.1648  /        *r/       0.0082  4529
   22     34931.880     2861.8741  /        *v/       0.0070  4530
    0     34926.912     2862.2812  /        *v/       0.0410  4531
   19     34911.499     2863.5449  /        *r/       0.0410  4532
   14     34908.131     2863.8212  /        *r/       0.0082  4533
   16     34895.999     2864.8169  /          /       0.0030  4534
   11     34887.812     2865.4892  /          /       0.0030  4535
   14     34883.480     2865.8451  /        *v/       0.0070  4536
   19     34861.890     2867.6200  /         c/       0.0290  4537
   16     34854.539     2868.2248  /        *v/       0.0411  4538
    7     34839.560     2869.4580  /         c/       0.0070  4539
   22     34832.712     2870.0222  /        *r/       0.0082  4540
    0     34826.018     2870.5738  /          /       0.0030  4541
   14     34759.770     2876.0451  /          /       0.0030  4542
    0     34757.549     2876.2289  /         w/       0.0070  4543
   19     34756.389     2876.3249  /          /       0.0030  4544
    0     34733.420     2878.2271  /         w/       0.0070  4545
   21     34715.619     2879.7030  /         w/       0.0070  4546
   14     34708.241     2880.3152  /        *v/       0.0070  4547
    0     34703.252     2880.7293  /         c/       0.0070  4548
   14     34700.302     2880.9742  /         w/       0.0070  4549
   19     34686.978     2882.0809  /        *v/       0.0070  4550
   19     34682.341     2882.4662  /          /       0.0030  4551
   21     34680.512     2882.6182  /          /       0.0030  4552
   18     34671.700     2883.3509  /        *v/       0.0070  4553
   18     34651.870     2885.0010  /        *r/       0.0083  4554
   16     34636.540     2886.2780  /         w/       0.0070  4555
   14     34629.602     2886.8563  /         c/       0.0070  4556
    7     34626.979     2887.0749  /        *r/       0.0083  4557
   18     34625.158     2887.2268  /          /       0.0030  4558
   11     34614.139     2888.1459  /          /       0.0030  4559
   18     34605.418     2888.8738  /        *v/       0.0070  4560
   16     34601.309     2889.2169  /          /       0.0030  4561
    0     34596.961     2889.5800  /          /       0.0030  4562
    7     34581.859     2890.8420  /         w/       0.0070  4563
    7     34559.300     2892.7291  /         w/       0.0070  4564
   22     34554.832     2893.1031  /         w/       0.0070  4565
   11     34553.841     2893.1861  /          /       0.0030  4566
    7     34524.440     2895.6501  /          /       0.0030  4567
   11     34521.009     2895.9379  /          /       0.0030  4568
   11     34506.188     2897.1818  /          /       0.0030  4569
   14     34500.780     2897.6359  /          /       0.0030  4570
    0     34489.221     2898.6071  /         w/       0.0070  4571
   14     34477.612     2899.5832  /          /       0.0030  4572
    7     34476.889     2899.6440  /          /       0.0030  4573
   16     34474.521     2899.8432  /          /       0.0030  4574
   16     34466.799     2900.4929  /          /       0.0030  4575
    7     34463.291     2900.7881  /         w/       0.0070  4576
   18     34458.258     2901.2118  /          /       0.0030  4577
   18     34430.570     2903.5450  /          /       0.0030  4578
    7     34406.941     2905.5391  /          /       0.0030  4579
    7     34406.491     2905.5771  /        **/       0.0030  4580
   16     34404.230     2905.7681  /        *r/       0.0084  4581
   16     34400.528     2906.0808  /          /       0.0030  4582
    0     34398.501     2906.2521  /          /       0.0030  4583
   19     34396.560     2906.4161  /          /       0.0030  4584
    7     34395.482     2906.5072  /         w/       0.0070  4585
   14     34376.181     2908.1391  /          /       0.0030  4586
   16     34370.748     2908.5988  /          /       0.0030  4587
    0     34369.952     2908.6662  /         w/       0.0070  4588
   11     34366.350     2908.9711  /          /       0.0030  4589
   16     34360.811     2909.4400  /        *v/       0.0423  4590
   18     34359.441     2909.5560  /          /       0.0030  4591
   11     34357.361     2909.7322  /         d/       0.0070  4592
   21     34351.401     2910.2371  /          /       0.0030  4593
   16     34350.058     2910.3509  /         d/       0.0070  4594
   42     34346.978     2910.6118  /        *v/       0.0070  4595
    0     34343.660     2910.8931  /          /       0.0030  4596
   18     34341.679     2911.0610  /         w/       0.0070  4597
   19     34339.920     2911.2101  /          /       0.0030  4598
   18     34337.951     2911.3770  /         w/       0.0070  4599
   39     34333.319     2911.7698  /        *v/       0.0070  4600
   18     34308.399     2913.8849  /          /       0.0030  4601
   23     34305.360     2914.1431  /        *v/       0.0070  4602
   46     34301.289     2914.4889  /        *r/       0.0085  4603
   18     34284.841     2915.8872  /          /       0.0030  4604
   22     34281.362     2916.1831  /         w/       0.0070  4605
    7     34235.742     2920.0692  /         c/       0.0070  4606
   19     34218.449     2921.5450  /          /       0.0030  4607
   16     34185.602     2924.3523  /          /       0.0030  4608
    7     34181.991     2924.6612  /        *v/       0.0070  4609
   19     34161.519     2926.4139  /        *v/       0.0070  4610
    7     34157.722     2926.7393  /         w/       0.0070  4611
   19     34156.279     2926.8629  /          /       0.0030  4612
   18     34154.701     2926.9981  /         w/       0.0070  4613
    7     34149.602     2927.4352  /         w/       0.0070  4614
    0     34144.121     2927.9052  /          /       0.0030  4615
   14     34141.500     2928.1299  /         c/       0.0070  4616
   11     34140.391     2928.2251  /          /       0.0030  4617
   14     34139.960     2928.2620  /          /       0.0030  4618
   30     34131.521     2928.9861  /        *v/       0.0070  4619
    0     34123.191     2929.7011  /         w/       0.0070  4620
   39     34117.472     2930.1922  /        *v/       0.0070  4621
   11     34114.939     2930.4098  /         c/       0.0070  4622
   19     34113.739     2930.5129  /          /       0.0030  4623
   11     34094.498     2932.1668  /          /       0.0030  4624
    0     34090.869     2932.4789  /         w/       0.0070  4625
    0     34075.202     2933.8273  /          /       0.0030  4626
   18     34058.860     2935.2350  /          /       0.0030  4627
   30     34056.932     2935.4012  /        *r/       0.0086  4628
   19     34046.681     2936.2851  /        *r/       0.0086  4629
   11     34042.649     2936.6328  /        *r/       0.0431  4630
    7     34038.322     2937.0062  /         w/       0.0070  4631
   16     34035.992     2937.2072  /          /       0.0030  4632
   14     34002.921     2940.0641  /         c/       0.0070  4633
   19     33993.301     2940.8961  /        *v/       0.0070  4634
   42     33975.618     2942.4268  /        *v/       0.0070  4635
   11     33974.589     2942.5160  /          /       0.0030  4636
   22     33972.140     2942.7281  /         w/       0.0070  4637
   16     33971.149     2942.8139  /         w/       0.0070  4638
   14     33963.032     2943.5173  /          /       0.0030  4639
    7     33962.599     2943.5548  /          /       0.0030  4640
   11     33952.550     2944.4261  /          /       0.0030  4641
   14     33935.690     2945.8890  /          /       0.0030  4642
    7     33934.582     2945.9852  /         w/       0.0070  4643
   21     33933.538     2946.0758  /         w/       0.0070  4644
   21     33932.398     2946.1748  /        *r/       0.0087  4645
   18     33926.018     2946.7289  /          /       0.0030  4646
   11     33914.070     2947.7670  /         c/       0.0070  4647
   22     33884.669     2950.3249  /         c/       0.0290  4648
    0     33882.809     2950.4868  /          /       0.0030  4649
   14     33874.001     2951.2541  /        *v/       0.0436  4650
   22     33870.501     2951.5590  /        *r/       0.0087  4651
   18     33862.599     2952.2478  /        *r/       0.0087  4652
   22     33857.770     2952.6689  /       w**/       0.0070  4653
   42     33847.280     2953.5841  /        *v/       0.0070  4654
   45     33837.979     2954.3959  /         w/       0.0070  4655
   14     33833.292     2954.8052  /         w/       0.0070  4656
   11     33829.230     2955.1601  /          /       0.0030  4657
   16     33820.179     2955.9510  /          /       0.0030  4658
    0     33818.098     2956.1329  /          /       0.0030  4659
    0     33816.252     2956.2942  /          /       0.0030  4660
   14     33814.860     2956.4159  /          /       0.0030  4661
   30     33811.419     2956.7168  /          /       0.0030  4662
   11     33783.742     2959.1392  /          /       0.0030  4663
   21     33777.149     2959.7168  /         w/       0.0070  4664
   16     33772.320     2960.1400  /          /       0.0030  4665
   11     33766.832     2960.6212  /         w/       0.0070  4666
   34     33763.118     2960.9468  /        *r/       0.0088  4667
   22     33758.180     2961.3800  /         w/       0.0070  4668
    7     33740.691     2962.9150  /         w/       0.0070  4669
    7     33739.360     2963.0319  /          /       0.0030  4670
   30     33735.281     2963.3902  /        *v/       0.0070  4671
   11     33730.571     2963.8040  /          /       0.0030  4672
   21     33724.780     2964.3130  /         w/       0.0070  4673
   19     33722.470     2964.5160  /         w/       0.0070  4674
   45     33718.692     2964.8482  /        *v/       0.0070  4675
   22     33709.658     2965.6428  /         w/       0.0070  4676
   18     33687.450     2967.5979  /          /       0.0030  4677
   47     33673.438     2968.8329  /        *v/       0.0071  4678
   40     33666.870     2969.4121  /        *v/       0.0071  4679
   34     33663.289     2969.7280  /        *r/       0.0088  4680
   15     33660.341     2969.9881  /          /       0.0030  4681
   16     33650.981     2970.8142  /         c/       0.0290  4682
   17     33645.140     2971.3300  /         w/       0.0070  4683
    8     33631.251     2972.5571  /         c/       0.0070  4684
   17     33629.489     2972.7129  /         c/       0.0290  4685
   19     33616.768     2973.8378  /         w/       0.0070  4686
   19     33604.630     2974.9120  /        *r/       0.0089  4687
   18     33602.551     2975.0961  /          /       0.0030  4688
   27     33594.182     2975.8373  /        *r/       0.0089  4689
   34     33588.430     2976.3469  /        *v/       0.0071  4690
   47     33582.640     2976.8601  /        *r/       0.0089  4691
   47     33580.361     2977.0621  /        *v/       0.0071  4692
   19     33559.562     2978.9073  /        *v/       0.0071  4693
   16     33555.351     2979.2811  /         w/       0.0070  4694
   15     33554.482     2979.3583  /          /       0.0030  4695
   18     33549.562     2979.7952  /         c/       0.0290  4696
   59     33541.211     2980.5372  /        *v/       0.0071  4697
   13     33540.698     2980.5828  /        *r/       0.0089  4698
   15     33533.741     2981.2012  /        *r/       0.0445  4699
   19     33530.078     2981.5268  /        *v/       0.0071  4700
   43     33528.649     2981.6539  /        *r/       0.0089  4701
   19     33522.108     2982.2357  /        *r/       0.0089  4702
   47     33520.081     2982.4161  /         c/       0.0290  4703
   16     33515.430     2982.8300  /          /       0.0030  4704
   19     33510.631     2983.2572  /        *v/       0.0071  4705
   34     33506.109     2983.6598  /        *v/       0.0071  4706
   19     33501.999     2984.0259  /        *v/       0.0071  4707
    8     33499.000     2984.2930  /          /       0.0030  4708
   13     33492.348     2984.8858  /         c/       0.0070  4709
   13     33491.888     2984.9268  /         c/       0.0070  4710
   15     33487.230     2985.3420  /         w/       0.0070  4711
   59     33481.891     2985.8180  /        *v/       0.0071  4712
   19     33467.949     2987.0619  /         w/       0.0070  4713
    8     33446.910     2988.9409  /         w/       0.0070  4714
   27     33445.188     2989.0948  /         w/       0.0070  4715
    4     33421.418     2991.2208  /          /       0.0030  4716
   27     33417.350     2991.5850  /        *v/       0.0072  4717
   18     33415.561     2991.7451  /          /       0.0030  4718
   11     33401.329     2993.0200  /          /       0.0030  4719
   27     33388.152     2994.2012  /        *v/       0.0072  4720
   17     33381.758     2994.7748  /          /       0.0030  4721
   19     33373.562     2995.5103  /         w/       0.0070  4722
   19     33372.108     2995.6408  /         w/       0.0070  4723
   11     33371.059     2995.7350  /          /       0.0030  4724
    8     33370.032     2995.8272  /          /       0.0030  4725
   -3     33367.519     2996.0528  /          /       0.0030  4726
   47     33355.681     2997.1161  /        *v/       0.0072  4727
   17     33350.062     2997.6211  /          /       0.0030  4728
   19     33341.910     2998.3541  /          /       0.0030  4729
   40     33337.051     2998.7911  /        *r/       0.0090  4730
   47     33318.510     3000.4599  /        *r/       0.0090  4731
   11     33313.880     3000.8770  /          /       0.0030  4732
   15     33311.171     3001.1210  /         w/       0.0070  4733
   11     33309.792     3001.2453  /          /       0.0030  4734
   27     33307.210     3001.4779  /         w/       0.0070  4735
   -3     33302.592     3001.8942  /          /       0.0030  4736
    4     33300.241     3002.1061  /         w/       0.0070  4737
   19     33295.571     3002.5272  /         w/       0.0070  4738
   20     33292.049     3002.8449  /         c/       0.0070  4739
   47     33288.080     3003.2029  /        *v/       0.0072  4740
   19     33283.028     3003.6588  /        *v/       0.0072  4741
   20     33279.228     3004.0018  /        *r/       0.0090  4742
   19     33275.859     3004.3059  /        *v/       0.0451  4743
   27     33269.312     3004.8972  /        *r/       0.0090  4744
   38     33251.919     3006.4690  /        *r/       0.0090  4745
   34     33241.008     3007.4559  /        *r/       0.0090  4746
   47     33234.551     3008.0402  /        *v/       0.0072  4747
   20     33207.650     3010.4771  /         c/       0.0290  4748
   47     33206.161     3010.6121  /        *r/       0.0091  4749
   27     33198.772     3011.2822  /        *v/       0.0073  4750
   11     33192.889     3011.8159  /        *v/       0.0073  4751
   20     33185.849     3012.4548  /        *r/       0.0091  4752
   27     33177.531     3013.2101  /        *v/       0.0073  4753
   34     33177.002     3013.2582  /         c/       0.0290  4754
   19     33171.772     3013.7333  /         w/       0.0070  4755
   42     33162.180     3014.6050  /        *v/       0.0073  4756
   15     33158.770     3014.9151  /         d/       0.0070  4757
   43     33156.361     3015.1341  /        *r/       0.0091  4758
   42     33143.998     3016.2588  /        *v/       0.0073  4759
   27     33117.188     3018.7008  /        *v/       0.0948  4760
   27     33108.249     3019.5158  /        *r/       0.0091  4761
   14     33087.690     3021.3921  /          /       0.0030  4762
   40     33083.530     3021.7720  /        *v/       0.0073  4763
   14     33081.999     3021.9118  /          /       0.0030  4764
    4     33072.029     3022.8229  /         w/       0.0070  4765
   32     33056.150     3024.2750  /        *r/       0.0091  4766
   -2     33052.338     3024.6238  /          /       0.0030  4767
   40     33045.368     3025.2618  /        *v/       0.0073  4768
    4     33044.230     3025.3660  /         d/       0.0070  4769
    4     33040.759     3025.6838  /        *v/       0.0073  4770
   17     33039.449     3025.8038  /         w/       0.0070  4771
    9     33034.871     3026.2231  /          /       0.0030  4772
   -2     33030.190     3026.6520  /          /       0.0030  4773
    9     33025.640     3027.0690  /         w/       0.0070  4774
    5     33025.259     3027.1039  /          /       0.0030  4775
   28     33021.148     3027.4808  /        *v/       0.0073  4776
    5     33015.739     3027.9768  /         w/       0.0070  4777
   44     33000.490     3029.3761  /        *r/       0.0092  4778
   16     32993.739     3029.9960  /          /       0.0030  4779
    5     32985.890     3030.7170  /         c/       0.0290  4780
   -2     32981.252     3031.1432  /         d/       0.0070  4781
    9     32974.650     3031.7501  /          /       0.0030  4782
   20     32973.218     3031.8818  /         w/       0.0070  4783
   20     32959.988     3033.0988  /        *r/       0.0092  4784
   44     32957.702     3033.3092  /        *r/       0.0092  4785
   20     32948.632     3034.1442  /        *v/       0.0074  4786
   43     32947.518     3034.2468  /        *r/       0.0092  4787
   21     32947.149     3034.2808  /        bl/       0.0070  4788
    9     32926.181     3036.2132  /          /       0.0030  4789
   19     32918.592     3036.9132  /          /       0.0030  4790
    5     32910.978     3037.6158  /          /       0.0030  4791
   17     32888.630     3039.6799  /          /       0.0030  4792
   40     32884.982     3040.0172  /          /       0.0030  4793
   39     32875.022     3040.9382  /         c/       0.0290  4794
   39     32865.912     3041.7812  /        *r/       0.0093  4795
   44     32859.769     3042.3498  /        *v/       0.0074  4796
   12     32852.640     3043.0100  /         w/       0.0070  4797
   20     32846.292     3043.5982  /         w/       0.0070  4798
   -2     32844.439     3043.7699  /          /       0.0030  4799
   17     32840.131     3044.1692  /          /       0.0030  4800
    5     32835.710     3044.5791  /         c/       0.0070  4801
    9     32832.602     3044.8673  /         c/       0.0070  4802
   44     32822.419     3045.8120  /        *r/       0.0093  4803
   40     32809.808     3046.9827  /        *r/       0.0093  4804
   12     32806.640     3047.2770  /          /       0.0030  4805
   14     32801.290     3047.7740  /          /       0.0030  4806
    9     32801.129     3047.7890  /          /       0.0030  4807
   19     32798.102     3048.0703  /        *v/       0.0074  4808
   19     32777.159     3050.0179  /        *r/       0.0465  4809
   46     32774.098     3050.3028  /        *r/       0.0093  4810
    5     32766.402     3051.0193  /         w/       0.0070  4811
   19     32742.902     3053.2091  /          /       0.0030  4812
   19     32742.219     3053.2728  /          /       0.0030  4813
   12     32740.050     3053.4751  /          /       0.0030  4814
   -2     32735.529     3053.8968  /          /       0.0030  4815
   14     32723.539     3055.0158  /          /       0.0030  4816
   40     32720.508     3055.2988  /        *v/       0.0075  4817
   17     32712.142     3056.0802  /         w/       0.0070  4818
   17     32697.168     3057.4799  /          /       0.0030  4819
   -2     32695.148     3057.6688  /          /       0.0030  4820
   -2     32688.452     3058.2951  /          /       0.0030  4821
   -2     32687.408     3058.3928  /          /       0.0030  4822
   48     32681.979     3058.9009  /        *r/       0.0094  4823
   18     32658.929     3061.0599  /         w/       0.0070  4824
   20     32656.611     3061.2772  /        *v/       0.0075  4825
   20     32636.349     3063.1778  /         c/       0.0290  4826
   18     32631.459     3063.6369  /         c/       0.0070  4827
   -2     32629.251     3063.8442  /          /       0.0030  4828
   48     32598.760     3066.7100  /        *r/       0.0094  4829
   12     32592.701     3067.2802  /          /       0.0030  4830
   20     32580.989     3068.3828  /         c/       0.0290  4831
   20     32573.929     3069.0479  /         c/       0.0070  4832
   20     32572.760     3069.1580  /         d/       0.0070  4833
   19     32571.138     3069.3109  /        *r/       0.0094  4834
   12     32568.060     3069.6010  /          /       0.0030  4835
   19     32565.079     3069.8820  /        *r/       0.0471  4836
   12     32561.718     3070.1989  /        *r/       0.0094  4837
   20     32556.690     3070.6730  /         c/       0.0070  4838
   18     32546.240     3071.6590  /         d/       0.0070  4839
   20     32530.388     3073.1559  /        *r/       0.0094  4840
   -2     32509.040     3075.1740  /          /       0.0030  4841
   18     32500.711     3075.9621  /        *r/       0.0095  4842
   19     32497.860     3076.2320  /         w/       0.0070  4843
   41     32471.969     3078.6849  /        *v/       0.0076  4844
   20     32468.232     3079.0393  /        *r/       0.0095  4845
   48     32455.968     3080.2028  /        *r/       0.0095  4846
   20     32436.262     3082.0742  /         c/       0.0070  4847
    9     32435.441     3082.1522  /          /       0.0030  4848
   19     32426.792     3082.9743  /          /       0.0030  4849
   18     32426.090     3083.0410  /         d/       0.0070  4850
   20     32422.779     3083.3559  /         w/       0.0070  4851
   19     32414.851     3084.1100  /        *v/       0.0076  4852
   12     32405.639     3084.9868  /          /       0.0030  4853
   -2     32382.670     3087.1751  /        *r/       0.0381  4854
    9     32374.291     3087.9741  /          /       0.0030  4855
   20     32370.831     3088.3042  /         w/       0.0070  4856
   12     32362.910     3089.0601  /          /       0.0030  4857
   16     32346.670     3090.6110  /          /       0.0030  4858
   16     32338.131     3091.4272  /          /       0.0030  4859
    9     32334.701     3091.7551  /          /       0.0030  4860
   18     32332.590     3091.9570  /          /       0.0030  4861
   15     32326.278     3092.5607  /          /       0.0030  4862
    9     32324.719     3092.7099  /          /       0.0030  4863
   -1     32305.652     3094.5353  /          /       0.0030  4864
   15     32294.918     3095.5639  /        *r/       0.0383  4865
   21     32275.231     3097.4522  /        *v/       0.0077  4866
   10     32264.589     3098.4739  /        *v/       0.0077  4867
   12     32243.579     3100.4929  /          /       0.0030  4868
   18     32237.590     3101.0689  /        *r/       0.0096  4869
   18     32206.992     3104.0152  /          /       0.0030  4870
   13     32197.440     3104.9361  /          /       0.0030  4871
   19     32161.251     3108.4300  /         w/       0.0070  4872
   18     32156.552     3108.8843  /        *r/       0.0097  4873
   13     32108.312     3113.5553  /          /       0.0030  4874
   20     32105.409     3113.8368  /        *v/       0.0388  4875
   18     32069.610     3117.3129  /        *r/       0.0097  4876
   20     32052.951     3118.9331  /         w/       0.0070  4877
   18     32027.321     3121.4292  /        *v/       0.0078  4878
   21     32024.708     3121.6839  /          /       0.0030  4879
   18     32014.841     3122.6460  /        *v/       0.0078  4880
   22     32010.882     3123.0322  /         c/       0.0290  4881
   21     31945.148     3129.4588  /        *v/       0.0078  4882
   15     31903.789     3133.5159  /          /       0.0030  4883
   22     31877.702     3136.0803  /         c/       0.0290  4884
   22     31855.908     3138.2259  /         c/       0.0290  4885
   17     31852.040     3138.6070  /          /       0.0030  4886
   17     31828.401     3140.9381  /          /       0.0030  4887
   19     31802.089     3143.5369  /        *v/       0.0079  4888
   29     31799.630     3143.7800  /         w/       0.0070  4889
   29     31766.660     3147.0430  /        *r/       0.0099  4890
   21     31758.232     3147.8782  /        *v/       0.0079  4891
   21     31734.798     3150.2028  /        *r/       0.0496  4892
   21     31699.022     3153.7583  /         w/       0.0070  4893
   20     31691.309     3154.5259  /         w/       0.0070  4894
   17     31664.759     3157.1710  /          /       0.0030  4895
   22     31636.661     3159.9751  /         c/       0.0290  4896
   29     31635.250     3160.1160  /        *v/       0.0080  4897
   19     31623.101     3161.3301  /        *r/       0.0100  4898
   10     31597.678     3163.8738  /        *r/       0.0100  4899
   17     31564.079     3167.2418  /        *r/       0.0100  4900
   13     31558.080     3167.8439  /        *v/       0.0914  4901
   22     31535.172     3170.1452  /         c/       0.0290  4902
   -1     31527.070     3170.9599  /          /       0.0030  4903
   -1     31526.003     3171.0672  /          /       0.0030  4904
   10     31520.469     3171.6239  /          /       0.0030  4905
   -1     31513.860     3172.2891  /          /       0.0030  4906
   -1     31512.918     3172.3839  /          /       0.0030  4907
   33     31507.278     3172.9518  /        *v/       0.0081  4908
    6     31478.921     3175.8102  /          /       0.0030  4909
   16     31468.758     3176.8359  /        *r/       0.0101  4910
   19     31455.371     3178.1880  /        *v/       0.0081  4911
   21     31445.538     3179.1818  /         d/       0.0070  4912
    6     31418.559     3181.9119  /          /       0.0030  4913
   17     31398.871     3183.9071  /         c/       0.0290  4914
   16     31391.652     3184.6393  /         c/       0.0290  4915
   19     31391.379     3184.6670  /        *r/       0.0659  4916
    0     31319.530     3191.9731  /        *v/       0.0082  4917
   11     31288.712     3195.1172  /         c/       0.0070  4918
   19     31280.970     3195.9080  /        *v/       0.0082  4919
   16     31248.010     3199.2791  /        *r/       0.0102  4920
   14     31246.282     3199.4561  /        *r/       0.0102  4921
    7     31243.950     3199.6949  /          /       0.0030  4922
    7     31240.259     3200.0729  /          /       0.0030  4923
   14     31237.809     3200.3239  /        *v/       0.0082  4924
    7     31177.370     3206.5281  /         c/       0.0290  4925
   14     31157.559     3208.5670  /        *v/       0.0082  4926
   14     31156.628     3208.6629  /         c/       0.0290  4927
    0     31149.579     3209.3890  /          /       0.0030  4928
    0     31147.580     3209.5950  /         w/       0.0070  4929
   11     31056.781     3218.9791  /        *v/       0.0083  4930
   30     31019.509     3222.8470  /         d/       0.0070  4931
    7     31015.822     3223.2302  /          /       0.0030  4932
    0     30982.559     3226.6908  /        *v/       0.0083  4933
   30     30959.672     3229.0762  /        *r/       0.0104  4934
   11     30879.979     3237.4099  /        *r/       0.0105  4935
    7     30803.772     3245.4193  /          /       0.0030  4936
   14     30793.801     3246.4702  /          /       0.0030  4937
   39     30775.641     3248.3860  /         w/       0.0070  4938
   14     30704.430     3255.9200  /        *r/       0.0106  4939
   16     30689.961     3257.4551  /        *v/       0.0085  4940
    7     30684.581     3258.0262  /        *r/       0.0106  4941
    0     30661.969     3260.4290  /          /       0.0030  4942
   11     30652.888     3261.3949  /          /       0.0030  4943
   18     30644.198     3262.3198  /        *v/       0.0085  4944
   18     30631.472     3263.6752  /        *v/       0.0085  4945
    7     30627.328     3264.1168  /          /       0.0030  4946
    7     30624.569     3264.4109  /        bl/       0.0070  4947
   30     30623.548     3264.5198  /        *v/       0.0085  4948
   11     30611.102     3265.8471  /        *r/       0.0107  4949
   11     30566.451     3270.6180  /        *r/       0.0535  4950
    0     30553.028     3272.0549  /          /       0.0030  4951
    7     30525.219     3275.0359  /        *r/       0.0107  4952
    0     30514.960     3276.1370  /         w/       0.0070  4953
    0     30511.618     3276.4958  /          /       0.0030  4954
   45     30470.511     3280.9162  /        *v/       0.0086  4955
    7     30454.968     3282.5908  /         w/       0.0070  4956
    7     30411.840     3287.2460  /        *r/       0.0108  4957
   11     30408.789     3287.5759  /          /       0.0030  4958
    0     30380.612     3290.6251  /         c/       0.0070  4959
   45     30362.548     3292.5829  /        *r/       0.0108  4960
   16     30353.320     3293.5840  /        *v/       0.0087  4961
   14     30350.552     3293.8843  /        *r/       0.0109  4962
   16     30341.462     3294.8712  /        *r/       0.0109  4963
   45     30330.199     3296.0948  /        *v/       0.0087  4964
   16     30297.272     3299.6771  /          /       0.0030  4965
   34     30271.439     3302.4930  /         w/       0.0070  4966
   16     30265.209     3303.1729  /          /       0.0030  4967
    0     30260.050     3303.7360  /         c/       0.0290  4968
    0     30251.600     3304.6589  /         c/       0.0290  4969
   46     30238.092     3306.1352  /        *r/       0.0109  4970
   14     30200.570     3310.2430  /          /       0.0030  4971
    0     30164.931     3314.1541  /          /       0.0030  4972
    7     30163.291     3314.3342  /          /       0.0030  4973
    0     30147.858     3316.0309  /         c/       0.0070  4974
   21     30134.010     3317.5549  /        *r/       0.0110  4975
    0     30126.309     3318.4029  /         c/       0.0070  4976
   14     30108.770     3320.3360  /        *v/       0.0088  4977
   11     30108.262     3320.3921  /        *r/       0.0110  4978
   18     30091.851     3322.2030  /        *v/       0.0088  4979
   14     30090.140     3322.3919  /          /       0.0030  4980
   14     30088.580     3322.5641  /          /       0.0030  4981
    7     30074.390     3324.1319  /          /       0.0030  4982
    0     30067.579     3324.8849  /         w/       0.0070  4983
   30     30044.050     3327.4889  /        *v/       0.0089  4984
    7     30040.737     3327.8558  /          /       0.0030  4985
   20     30031.801     3328.8461  /        *v/       0.0089  4986
   18     30004.969     3331.8230  /        *v/       0.0089  4987
   41     29992.051     3333.2581  /        *v/       0.0089  4988
   12     29960.479     3336.7708  /          /       0.0030  4989
   12     29953.232     3337.5781  /          /       0.0030  4990
   12     29951.198     3337.8048  /         w/       0.0070  4991
   20     29936.262     3339.4702  /        *v/       0.0089  4992
   46     29926.300     3340.5819  /        *v/       0.0089  4993
   63     29918.669     3341.4339  /        *v/       0.0089  4994
   43     29916.449     3341.6819  /        *v/       0.0089  4995
   35     29914.011     3341.9542  /          /       0.0030  4996
   35     29911.792     3342.2022  /        *r/       0.0112  4997
   12     29901.649     3343.3359  /          /       0.0030  4998
   14     29890.750     3344.5550  /          /       0.0030  4999
   43     29883.333     3345.3852  /        *v/       0.0090  5000
   43     29882.833     3345.4412  /        *r/       0.0112  5001
   20     29880.780     3345.6710  /          /       0.0030  5002
   18     29874.040     3346.4259  /         w/       0.0070  5003
    1     29850.740     3349.0380  /          /       0.0030  5004
   19     29839.809     3350.2649  /          /       0.0030  5005
   12     29837.288     3350.5479  /          /       0.0030  5006
   40     29832.640     3351.0700  /         w/       0.0070  5007
   17     29811.087     3353.4928  /          /       0.0030  5008
   40     29807.770     3353.8660  /        *v/       0.0090  5009
   56     29798.459     3354.9140  /        *v/       0.0090  5010
   20     29793.032     3355.5252  /          /       0.0030  5011
   63     29774.950     3357.5630  /        *r/       0.0113  5012
   35     29770.340     3358.0830  /        *r/       0.0113  5013
   17     29765.909     3358.5829  /        *r/       0.0113  5014
   63     29758.543     3359.4142  /        *r/       0.0113  5015
   12     29753.592     3359.9732  /        *v/       0.0090  5016
   17     29751.963     3360.1572  /          /       0.0030  5017
    1     29749.803     3360.4012  /         w/       0.0070  5018
   17     29745.398     3360.8988  /          /       0.0030  5019
   20     29726.118     3363.0788  /          /       0.0030  5020
   19     29725.817     3363.1128  /          /       0.0030  5021
   21     29724.603     3363.2502  /          /       0.0030  5022
   20     29724.400     3363.2731  /          /       0.0030  5023
   19     29716.131     3364.2091  /        *r/       0.0113  5024
   47     29713.359     3364.5229  /        *r/       0.0113  5025
   40     29710.222     3364.8782  /          /       0.0030  5026
   17     29708.009     3365.1289  /          /       0.0030  5027
   40     29702.050     3365.8040  /        *v/       0.0091  5028
   54     29688.412     3367.3502  /        *v/       0.0091  5029
   63     29686.369     3367.5819  /        *v/       0.0091  5030
   17     29679.708     3368.3378  /          /       0.0030  5031
   20     29660.468     3370.5228  /          /       0.0030  5032
   47     29648.142     3371.9241  /        *r/       0.0114  5033
    8     29640.582     3372.7842  /          /       0.0030  5034
   12     29637.219     3373.1669  /          /       0.0030  5035
    1     29609.447     3376.3308  /          /       0.0030  5036
   47     29602.342     3377.1412  /        *v/       0.0091  5037
   17     29595.061     3377.9721  /         c/       0.0290  5038
   40     29584.911     3379.1311  /        *v/       0.0091  5039
   51     29575.441     3380.2131  /        *v/       0.0091  5040
   17     29569.328     3380.9119  /         c/       0.0070  5041
   51     29566.292     3381.2591  /        *v/       0.0091  5042
   17     29564.883     3381.4202  /        *r/       0.0114  5043
   58     29561.198     3381.8418  /        *v/       0.0092  5044
   17     29544.608     3383.7408  /         c/       0.0070  5045
    1     29533.601     3385.0020  /         c/       0.0070  5046
    1     29519.952     3386.5671  /          /       0.0030  5047
   19     29514.531     3387.1891  /        *v/       0.0092  5048
    1     29508.609     3387.8689  /          /       0.0030  5049
   47     29480.692     3391.0772  /        *v/       0.0092  5050
   70     29453.439     3394.2150  /         w/       0.0070  5051
    8     29447.289     3394.9239  /          /       0.0030  5052
   65     29437.360     3396.0690  /         d/       0.0070  5053
   58     29432.541     3396.6251  /        *v/       0.0092  5054
   58     29425.341     3397.4562  /        *r/       0.0115  5055
   36     29422.478     3397.7868  /        *v/       0.0092  5056
    1     29415.550     3398.5871  /         w/       0.0070  5057
   12     29410.188     3399.2068  /        *v/       0.0092  5058
   20     29405.160     3399.7880  /          /       0.0030  5059
   40     29377.672     3402.9692  /        *r/       0.0116  5060
   20     29294.708     3412.6069  /        *r/       0.0116  5061
   19     29294.209     3412.6650  /          /       0.0030  5062
   63     29289.531     3413.2101  /         c/       0.0290  5063
    1     29283.431     3413.9211  /         c/       0.0070  5064
    8     29280.241     3414.2931  /         w/       0.0070  5065
   58     29272.878     3415.1519  /        *v/       0.0093  5066
   20     29268.061     3415.7140  /          /       0.0030  5067
   20     29262.279     3416.3889  /         w/       0.0070  5068
    8     29251.850     3417.6070  /          /       0.0030  5069
   22     29239.608     3419.0379  /          /       0.0030  5070
   51     29230.778     3420.0708  /        *v/       0.0094  5071
   58     29212.402     3422.2222  /        *r/       0.0117  5072
   17     29179.193     3426.1172  /          /       0.0030  5073
   40     29177.918     3426.2669  /         c/       0.0290  5074
   63     29171.522     3427.0182  /        *r/       0.0117  5075
   15     29164.258     3427.8718  /         c/       0.0070  5076
    8     29151.128     3429.4158  /        *r/       0.0118  5077
   19     29144.232     3430.2272  /        *r/       0.0118  5078
   58     29092.238     3436.3579  /        *r/       0.0118  5079
   51     29056.178     3440.6228  /        *r/       0.0118  5080
   40     29016.833     3445.2882  /        *r/       0.0119  5081
   17     28982.311     3449.3921  /          /       0.0030  5082
   35     28952.641     3452.9271  /        *r/       0.0119  5083
   43     28943.220     3454.0510  /        *v/       0.0095  5084
    1     28873.162     3462.4322  /        *r/       0.0120  5085
    1     28870.929     3462.7000  /        *r/       0.0120  5086
   31     28774.448     3474.3108  /        *r/       0.0121  5087
   15     28767.907     3475.1008  /        *v/       0.0097  5088
   19     28744.182     3477.9692  /          /       0.0030  5089
    1     28718.489     3481.0809  /        *v/       0.0606  5090
   15     28701.018     3483.1999  /          /       0.0030  5091
   15     28659.387     3488.2598  /          /       0.0030  5092
   15     28658.990     3488.3081  /          /       0.0030  5093
   15     28654.973     3488.7972  /          /       0.0030  5094
   15     28612.001     3494.0371  /          /       0.0030  5095
   15     28611.439     3494.1058  /          /       0.0030  5096
   15     28599.497     3495.5648  /         c/       0.0290  5097
    1     28596.222     3495.9651  /         c/       0.0290  5098
   21     28568.863     3499.3132  /          /       0.0030  5099
   28     28508.822     3506.6831  /         d/       0.0070  5100
    8     28504.369     3507.2309  /          /       0.0030  5101
   12     28488.848     3509.1418  /        *r/       0.0123  5102
   31     28477.568     3510.5318  /        *v/       0.0099  5103
    8     28470.828     3511.3628  /          /       0.0030  5104
   15     28461.553     3512.5072  /         w/       0.0070  5105
    1     28434.460     3515.8540  /        *r/       0.0124  5106
    8     28420.992     3517.5202  /          /       0.0030  5107
   35     28384.561     3522.0350  /        *r/       0.0124  5108
   35     28379.728     3522.6348  /        *r/       0.0124  5109
    8     28369.628     3523.8889  /          /       0.0030  5110
   31     28339.123     3527.6822  /        **/       0.0070  5111
   28     28338.392     3527.7732  /          /       0.0030  5112
   23     28322.700     3529.7279  /        *r/       0.0125  5113
    8     28304.783     3531.9622  /         w/       0.0070  5114
    8     28302.363     3532.2642  /        *v/       0.0100  5115
    1     28277.883     3535.3222  /         c/       0.0070  5116
    1     28243.980     3539.5660  /          /       0.0030  5117
   30     28216.718     3542.9859  /         d/       0.0070  5118
    1     28208.173     3544.0592  /          /       0.0030  5119
   14     28207.712     3544.1171  /          /       0.0030  5120
   18     28192.232     3546.0632  /        *r/       0.0126  5121
   12     28177.151     3547.9611  /          /       0.0030  5122
    0     28086.332     3559.4341  /          /       0.0030  5123
    7     28085.749     3559.5079  /          /       0.0030  5124
    7     28084.999     3559.6030  /          /       0.0030  5125
   33     28058.072     3563.0192  /        *v/       0.0102  5126
   34     28047.162     3564.4052  /        *r/       0.0127  5127
   22     28035.838     3565.8449  /        *v/       0.0102  5128
    0     28019.712     3567.8972  /         c/       0.0290  5129
    7     28015.622     3568.4181  /          /       0.0030  5130
    0     28002.102     3570.1411  /          /       0.0030  5131
    0     27990.500     3571.6210  /          /       0.0030  5132
    7     27967.532     3574.5542  /        **/       0.0070  5133
   22     27950.081     3576.7861  /          /       0.0030  5134
   21     27945.783     3577.3362  /        *v/       0.0102  5135
   20     27941.231     3577.9190  /        *v/       0.0102  5136
   22     27888.650     3584.6650  /          /       0.0030  5137
   21     27848.051     3589.8911  /        *r/       0.0129  5138
   34     27836.784     3591.3442  /         c/       0.0290  5139
   14     27835.460     3591.5150  /          /       0.0030  5140
    7     27807.750     3595.0940  /          /       0.0030  5141
    7     27766.278     3600.4638  /          /       0.0030  5142
   20     27760.662     3601.1922  /          /       0.0030  5143
   20     27744.278     3603.3189  /          /       0.0030  5144
   14     27715.441     3607.0681  /        *r/       0.0130  5145
    0     27683.040     3611.2900  /          /       0.0030  5146
    0     27665.802     3613.5402  /          /       0.0030  5147
    0     27664.059     3613.7679  /          /       0.0030  5148
    0     27663.422     3613.8511  /          /       0.0030  5149
    0     27659.728     3614.3338  /        *v/       0.0105  5150
    0     27637.399     3617.2539  /          /       0.0030  5151
    0     27604.989     3621.5009  /          /       0.0030  5152
    0     27594.481     3622.8801  /          /       0.0030  5153
    0     27544.803     3629.4142  /        **/       0.0070  5154
   14     27509.017     3634.1358  /         c/       0.0070  5155
   22     27508.802     3634.1642  /         d/       0.0070  5156
    7     27501.432     3635.1381  /          /       0.0030  5157
   18     27446.761     3642.3791  /          /       0.0030  5158
   22     27443.332     3642.8342  /         d/       0.0070  5159
    0     27440.789     3643.1719  /        *v/       0.0106  5160
   22     27431.013     3644.4702  /        *r/       0.0133  5161
    0     27423.730     3645.4381  /          /       0.0030  5162
    0     27399.033     3648.7242  /          /       0.0030  5163
   14     27389.111     3650.0460  /          /       0.0030  5164
    0     27380.320     3651.2180  /          /       0.0030  5165
   22     27368.628     3652.7778  /          /       0.0030  5166
   52     27362.619     3653.5800  /          /       0.0030  5167
   21     27357.528     3654.2599  /          /       0.0030  5168
   21     27351.480     3655.0680  /          /       0.0030  5169
   11     27350.838     3655.1538  /         d/       0.0070  5170
   14     27350.513     3655.1972  /          /       0.0030  5171
    0     27333.099     3657.5260  /          /       0.0030  5172
    0     27327.010     3658.3410  /          /       0.0030  5173
   11     27322.358     3658.9639  /          /       0.0030  5174
    7     27312.152     3660.3312  /         c/       0.0070  5175
   23     27298.589     3662.1499  /          /       0.0030  5176
    7     27267.660     3666.3039  /        *v/       0.0108  5177
    0     27265.561     3666.5861  /          /       0.0030  5178
   14     27260.163     3667.3122  /         d/       0.0070  5179
    7     27257.911     3667.6151  /          /       0.0030  5180
    7     27241.831     3669.7801  /          /       0.0030  5181
    7     27237.388     3670.3788  /          /       0.0030  5182
   21     27220.832     3672.6112  /          /       0.0030  5183
   14     27208.707     3674.2478  /        *r/       0.0135  5184
    0     27203.441     3674.9591  /          /       0.0030  5185
   16     27197.737     3675.7298  /          /       0.0030  5186
    0     27187.262     3677.1461  /          /       0.0030  5187
   34     27179.820     3678.1530  /        *r/       0.0135  5188
   34     27174.780     3678.8351  /          /       0.0030  5189
   11     27163.478     3680.3659  /        *r/       0.0135  5190
    0     27160.497     3680.7698  /          /       0.0030  5191
    0     27157.810     3681.1340  /          /       0.0030  5192
    0     27150.988     3682.0589  /          /       0.0030  5193
   11     27146.337     3682.6898  /          /       0.0030  5194
   14     27138.560     3683.7451  /          /       0.0030  5195
    0     27129.922     3684.9181  /          /       0.0030  5196
    7     27118.547     3686.4638  /         c/       0.0070  5197
   22     27116.361     3686.7610  /         d/       0.0070  5198
    0     27109.581     3687.6831  /          /       0.0030  5199
    7     27105.061     3688.2980  /          /       0.0030  5200
    0     27097.187     3689.3698  /         d/       0.0070  5201
    0     27094.034     3689.7992  /          /       0.0030  5202
   23     27085.381     3690.9780  /         d/       0.0070  5203
    0     27076.393     3692.2032  /          /       0.0030  5204
    0     27075.081     3692.3821  /          /       0.0030  5205
    6     27073.233     3692.6342  /          /       0.0030  5206
    6     27059.919     3694.4510  /          /       0.0030  5207
   13     27059.467     3694.5128  /          /       0.0030  5208
    6     27057.019     3694.8470  /          /       0.0030  5209
    6     27009.870     3701.2970  /         w/       0.0070  5210
   -1     26982.650     3705.0310  /          /       0.0030  5211
   -1     26979.039     3705.5269  /          /       0.0030  5212
   -1     26976.061     3705.9360  /          /       0.0030  5213
   21     26953.479     3709.0409  /        *r/       0.0138  5214
    6     26937.833     3711.1952  /         c/       0.0070  5215
   10     26898.124     3716.6742  /         w/       0.0070  5216
   -1     26890.131     3717.7790  /          /       0.0030  5217
   -1     26822.501     3727.1531  /         w/       0.0070  5218
   -1     26784.121     3732.4941  /         w/       0.0070  5219
   10     26756.772     3736.3092  /         c/       0.0290  5220
    6     26740.278     3738.6139  /          /       0.0030  5221
   19     26730.248     3740.0169  /          /       0.0030  5222
   13     26705.058     3743.5448  /         w/       0.0070  5223
    6     26693.504     3745.1652  /          /       0.0030  5224
    6     26645.843     3751.8642  /          /       0.0030  5225
   13     26633.024     3753.6702  /          /       0.0030  5226
   -1     26597.802     3758.6411  /         w/       0.0070  5227
    6     26581.203     3760.9882  /          /       0.0030  5228
    6     26579.974     3761.1622  /         d/       0.0070  5229
   17     26569.020     3762.7129  /          /       0.0030  5230
   -1     26564.310     3763.3800  /         c/       0.0290  5231
   13     26529.699     3768.2899  /          /       0.0030  5232
   13     26525.960     3768.8210  /          /       0.0030  5233
   18     26507.730     3771.4130  /         w/       0.0070  5234
   -1     26491.173     3773.7702  /          /       0.0030  5235
   10     26487.082     3774.3531  /          /       0.0030  5236
    6     26451.103     3779.4872  /         d/       0.0070  5237
   21     26422.387     3783.5948  /         w/       0.0070  5238
   12     26415.333     3784.6052  /          /       0.0030  5239
   15     26409.089     3785.5000  /         d/       0.0070  5240
   17     26332.547     3796.5038  /         w/       0.0070  5241
   -1     26314.727     3799.0748  /          /       0.0030  5242
   -1     26311.532     3799.5361  /          /       0.0030  5243
   -1     26290.679     3802.5499  /         d/       0.0070  5244
   12     26285.901     3803.2411  /        *r/       0.0145  5245
   10     26261.631     3806.7560  /        *r/       0.0145  5246
   -1     26252.941     3808.0161  /          /       0.0157  5247
   22     26247.400     3808.8200  /          /       0.0030  5248
   12     26221.570     3812.5720  /        *r/       0.0145  5249
    6     26211.108     3814.0939  /          /       0.0030  5250
   40     26189.409     3817.2540  /          /       0.0030  5251
   19     26172.562     3819.7112  /          /       0.0030  5252
   18     26163.578     3821.0229  /          /       0.0030  5253
   19     26157.983     3821.8402  /          /       0.0030  5254
   -1     26152.888     3822.5848  /          /       0.0030  5255
   21     26130.812     3825.8142  /        *r/       0.0146  5256
    6     26036.588     3839.6599  /          /       0.0030  5257
    6     26009.931     3843.5951  /          /       0.0030  5258
    6     26008.111     3843.8641  /         d/       0.0070  5259
   15     26000.069     3845.0530  /         d/       0.0070  5260
   26     25916.540     3857.4460  /          /       0.0030  5261
   17     25911.147     3858.2488  /          /       0.0030  5262
   12     25895.212     3860.6231  /         w/       0.0070  5263
   40     25887.328     3861.7989  /        *r/       0.0746  5264
   17     25876.023     3863.4862  /        *v/       0.0747  5265
    6     25860.101     3865.8650  /          /       0.0030  5266
   -1     25853.828     3866.8029  /          /       0.0030  5267
   -1     25843.213     3868.3912  /          /       0.0030  5268
    6     25823.409     3871.3580  /          /       0.0030  5269
   -1     25795.563     3875.5372  /         w/       0.0070  5270
   10     25787.779     3876.7070  /          /       0.0030  5271
   10     25787.288     3876.7809  /          /       0.0030  5272
   -1     25780.370     3877.8211  /          /       0.0030  5273
    6     25774.278     3878.7378  /          /       0.0030  5274
    6     25766.227     3879.9498  /          /       0.0030  5275
   10     25763.821     3880.3121  /          /       0.0030  5276
    6     25757.330     3881.2900  /         w/       0.0070  5277
   -1     25755.464     3881.5712  /          /       0.0030  5278
    6     25743.767     3883.3348  /          /       0.0030  5279
    6     25739.148     3884.0318  /         d/       0.0070  5280
   22     25732.984     3884.9622  /          /       0.0030  5281
   10     25714.272     3887.7892  /          /       0.0030  5282
   19     25691.768     3891.1948  /        *r/       0.0151  5283
    6     25657.663     3896.3672  /         c/       0.0070  5284
   18     25640.338     3898.9999  /          /       0.0030  5285
   22     25598.708     3905.3409  /          /       0.0030  5286
   -1     25574.767     3908.9968  /         c/       0.0070  5287
   12     25555.970     3911.8720  /          /       0.0030  5288
   19     25548.669     3912.9899  /        *v/       0.0766  5289
   17     25495.789     3921.1059  /          /       0.0030  5290
    6     25460.279     3926.5749  /          /       0.0030  5291
    6     25448.023     3928.4661  /         w/       0.0070  5292
   26     25429.659     3931.3030  /          /       0.0030  5293
   -1     25420.620     3932.7010  /         c/       0.0070  5294
   19     25414.508     3933.6468  /          /       0.0030  5295
   -1     25409.838     3934.3698  /         c/       0.0070  5296
   10     25340.663     3945.1101  /          /       0.0030  5297
   19     25318.869     3948.5059  /         c/       0.0290  5298
    6     25239.804     3960.8752  /         c/       0.0070  5299
   -1     25216.339     3964.5610  /          /       0.0030  5300
   17     25193.214     3968.2002  /        *v/       0.0788  5301
   12     25155.623     3974.1302  /          /       0.0030  5302
   19     25132.138     3977.8439  /          /       0.0030  5303
   29     25124.102     3979.1162  /          /       0.0030  5304
   12     25117.551     3980.1541  /          /       0.0030  5305
   49     25115.280     3980.5140  /          /       0.0030  5306
   17     25103.832     3982.3292  /          /       0.0030  5307
   10     25095.490     3983.6530  /        *v/       0.0794  5308
    6     25094.968     3983.7359  /          /       0.0030  5309
   10     25082.633     3985.6951  /        *v/       0.0795  5310
   12     25044.191     3991.8131  /        *r/       0.0797  5311
   12     25042.949     3992.0110  /        *r/       0.0797  5312
   12     25006.280     3997.8650  /          /       0.0030  5313
   52     24991.690     4000.1990  /          /       0.0192  5314
   19     24986.919     4000.9629  /          /       0.0030  5315
   -1     24982.729     4001.6339  /          /       0.0030  5316
    6     24981.979     4001.7540  /          /       0.0030  5317
    6     24933.307     4009.5659  /         w/       0.0070  5318
   10     24925.047     4010.8948  /        *r/       0.0805  5319
   22     24913.503     4012.7532  /          /       0.0030  5320
   -1     24906.598     4013.8658  /          /       0.0030  5321
    6     24894.949     4015.7440  /         w/       0.0070  5322
   44     24878.723     4018.3632  /          /       0.0030  5323
   17     24866.922     4020.2701  /          /       0.0030  5324
   12     24815.611     4028.5830  /         d/       0.0070  5325
   51     24809.322     4029.6042  /          /       0.0030  5326
   12     24803.938     4030.4789  /         c/       0.0070  5327
   18     24792.521     4032.3351  /          /       0.0030  5328
   -1     24784.272     4033.6771  /          /       0.0030  5329
   15     24780.169     4034.3450  /          /       0.0030  5330
   12     24760.119     4037.6120  /        *r/       0.0815  5331
   18     24719.229     4044.2910  /          /       0.0030  5332
   19     24686.439     4049.6630  /          /       0.0030  5333
    6     24671.372     4052.1362  /          /       0.0030  5334
    6     24670.642     4052.2561  /          /       0.0030  5335
   17     24669.189     4052.4949  /          /       0.0030  5336
   18     24593.417     4064.9808  /        *r/       0.0826  5337
   -1     24586.527     4066.1199  /        *v/       0.0827  5338
   -1     24576.367     4067.8009  /         c/       0.0070  5339
    6     24540.050     4073.8210  /          /       0.0030  5340
    6     24539.694     4073.8802  /          /       0.0030  5341
   12     24498.063     4080.8032  /        *v/       0.0133  5342
   17     24496.713     4081.0282  /          /       0.0030  5343
   18     24496.461     4081.0701  /          /       0.0030  5344
   15     24489.399     4082.2470  /          /       0.0030  5345
   26     24487.157     4082.6208  /          /       0.0030  5346
   -1     24482.257     4083.4379  /          /       0.0030  5347
   -1     24477.101     4084.2981  /          /       0.0030  5348
   19     24458.292     4087.4391  /          /       0.0030  5349
   18     24417.839     4094.2109  /          /       0.0030  5350
   18     24414.070     4094.8430  /          /       0.0030  5351
   15     24407.841     4095.8880  /         d/       0.0070  5352
   -1     24368.421     4102.5140  /          /       0.0030  5353
   19     24365.417     4103.0198  /          /       0.0030  5354
   15     24364.922     4103.1031  /        *r/       0.0168  5355
   15     24350.620     4105.5130  /         d/       0.0070  5356
   12     24337.223     4107.7731  /          /       0.0030  5357
    6     24329.761     4109.0330  /          /       0.0030  5358
   29     24307.111     4112.8620  /          /       0.0030  5359
   17     24301.450     4113.8200  /          /       0.0030  5360
    6     24267.454     4119.5832  /          /       0.0030  5361
   33     24259.977     4120.8528  /         d/       0.0070  5362
   -1     24229.831     4125.9800  /          /       0.0030  5363
   19     24195.251     4131.8770  /          /       0.0030  5364
   18     24187.582     4133.1871  /         d/       0.0070  5365
    6     24171.991     4135.8531  /          /       0.0030  5366
   10     24170.173     4136.1642  /         d/       0.0070  5367
   17     24165.242     4137.0081  /         d/       0.0070  5368
   44     24133.421     4142.4631  /          /       0.0030  5369
   46     24121.693     4144.4772  /          /       0.0030  5370
   17     24111.571     4146.2171  /         d/       0.0070  5371
   10     24111.152     4146.2891  /          /       0.0030  5372
   12     24110.722     4146.3631  /          /       0.0030  5373
   19     24110.240     4146.4460  /         d/       0.0070  5374
   22     24107.717     4146.8799  /         w/       0.0070  5375
   19     24106.787     4147.0399  /         d/       0.0070  5376
   44     24102.079     4147.8500  /          /       0.0030  5377
   10     24100.173     4148.1781  /          /       0.0030  5378
   17     24098.959     4148.3870  /          /       0.0030  5379
   26     24092.413     4149.5142  /          /       0.0030  5380
   10     24087.701     4150.3260  /          /       0.0030  5381
   17     24087.289     4150.3969  /          /       0.0030  5382
   22     24083.812     4150.9961  /          /       0.0030  5383
   19     24075.148     4152.4899  /          /       0.0030  5384
   31     24071.938     4153.0438  /          /       0.0030  5385
   29     24070.870     4153.2280  /          /       0.0030  5386
   10     24062.323     4154.7032  /         w/       0.0070  5387
    6     24058.451     4155.3720  /          /       0.0030  5388
   29     24053.831     4156.1701  /         w/       0.0070  5389
    6     24039.481     4158.6511  /          /       0.0030  5390
   12     24031.981     4159.9490  /         w/       0.0070  5391
   17     24026.273     4160.9372  /         w/       0.0070  5392
   15     24025.317     4161.1028  /          /       0.0030  5393
   19     24002.272     4165.0981  /         w/       0.0070  5394
   19     23997.468     4165.9319  /          /       0.0030  5395
   10     23994.293     4166.4832  /          /       0.0030  5396
   21     23990.817     4167.0868  /         w/       0.0070  5397
   44     23961.720     4172.1470  /          /       0.0030  5398
   17     23953.544     4173.5712  /         w/       0.0070  5399
    6     23948.271     4174.4901  /          /       0.0030  5400
    6     23947.123     4174.6902  /          /       0.0030  5401
   -1     23946.642     4174.7741  /          /       0.0030  5402
   -1     23938.719     4176.1559  /          /       0.0030  5403
    6     23934.747     4176.8489  /          /       0.0030  5404
   10     23933.291     4177.1031  /         d/       0.0070  5405
   10     23929.048     4177.8438  /         d/       0.0070  5406
   31     23927.694     4178.0802  /          /       0.0030  5407
   10     23922.924     4178.9132  /         d/       0.0070  5408
   49     23918.027     4179.7688  /          /       0.0030  5409
   21     23914.919     4180.3120  /          /       0.0030  5410
   31     23911.864     4180.8462  /          /       0.0030  5411
   18     23905.552     4181.9501  /          /       0.0030  5412
   19     23898.409     4183.2000  /          /       0.0141  5413
   29     23897.672     4183.3291  /          /       0.0030  5414
   -1     23895.221     4183.7581  /          /       0.0030  5415
   51     23892.834     4184.1762  /          /       0.0184  5416
   -1     23891.692     4184.3761  /          /       0.0030  5417
   15     23888.777     4184.8868  /          /       0.0030  5418
   -1     23875.837     4187.1548  /         c/       0.0070  5419
   31     23865.600     4188.9510  /          /       0.0030  5420
   -1     23864.203     4189.1962  /          /       0.0030  5421
   15     23858.959     4190.1169  /          /       0.0030  5422
   26     23856.829     4190.4910  /         d/       0.0070  5423
   21     23856.111     4190.6171  /          /       0.0030  5424
   53     23819.773     4197.0102  /          /       0.0030  5425
    6     23816.449     4197.5960  /          /       0.0030  5426
   18     23812.490     4198.2940  /          /       0.0030  5427
    6     23806.552     4199.3411  /         w/       0.0070  5428
   10     23794.783     4201.4182  /          /       0.0030  5429
   -1     23792.921     4201.7470  /          /       0.0030  5430
   -1     23792.497     4201.8218  /          /       0.0030  5431
   29     23789.909     4202.2789  /          /       0.0030  5432
   26     23788.307     4202.5619  /          /       0.0030  5433
   10     23787.083     4202.7782  /         d/       0.0070  5434
   19     23785.308     4203.0919  /          /       0.0030  5435
   26     23781.387     4203.7848  /          /       0.0030  5436
   31     23780.047     4204.0218  /          /       0.0030  5437
   31     23777.562     4204.4611  /          /       0.0030  5438
   19     23774.904     4204.9312  /         d/       0.0070  5439
   22     23773.163     4205.2392  /          /       0.0030  5440
   -1     23767.783     4206.1911  /          /       0.0030  5441
   15     23754.569     4208.5309  /         d/       0.0070  5442
   15     23750.539     4209.2450  /          /       0.0030  5443
   26     23749.140     4209.4930  /          /       0.0030  5444
   -1     23746.984     4209.8752  /          /       0.0030  5445
   -1     23746.583     4209.9462  /          /       0.0030  5446
   12     23738.452     4211.3882  /          /       0.0030  5447
   10     23733.197     4212.3208  /         w/       0.0070  5448
    6     23732.036     4212.5268  /         w/       0.0070  5449
   15     23720.931     4214.4990  /         c/       0.0070  5450
   12     23697.674     4218.6352  /         w/       0.0070  5451
   10     23696.073     4218.9202  /         d/       0.0070  5452
   12     23694.872     4219.1341  /         w/       0.0070  5453
   46     23693.109     4219.4480  /          /       0.0030  5454
   17     23665.599     4224.3530  /          /       0.0030  5455
   33     23661.180     4225.1420  /          /       0.0030  5456
   18     23651.802     4226.8172  /         d/       0.0070  5457
   33     23643.878     4228.2339  /          /       0.0030  5458
   29     23637.750     4229.3300  /          /       0.0030  5459
   33     23636.868     4229.4879  /          /       0.0030  5460
   17     23635.549     4229.7239  /         d/       0.0070  5461
   12     23627.477     4231.1689  /          /       0.0030  5462
   51     23625.887     4231.4538  /          /       0.0030  5463
   -1     23623.837     4231.8209  /          /       0.0030  5464
   18     23619.622     4232.5761  /         d/       0.0070  5465
   31     23607.084     4234.8242  /          /       0.0030  5466
   10     23593.977     4237.1768  /          /       0.0030  5467
    6     23580.759     4239.5519  /          /       0.0030  5468
   19     23574.659     4240.6489  /          /       0.0030  5469
   31     23570.962     4241.3141  /          /       0.0030  5470
    6     23569.929     4241.4999  /          /       0.0030  5471
   29     23565.761     4242.2501  /          /       0.0030  5472
   12     23557.738     4243.6949  /          /       0.0030  5473
   33     23553.226     4244.5078  /          /       0.0030  5474
   15     23550.433     4245.0112  /          /       0.0030  5475
   26     23547.721     4245.5001  /          /       0.0030  5476
   22     23546.541     4245.7130  /         w/       0.0070  5477
   22     23544.611     4246.0610  /         d/       0.0070  5478
   19     23540.081     4246.8781  /         w/       0.0070  5479
   33     23539.189     4247.0390  /          /       0.0030  5480
   19     23533.748     4248.0209  /          /       0.0108  5481
   22     23532.833     4248.1862  /         d/       0.0070  5482
   15     23531.332     4248.4571  /          /       0.0030  5483
   15     23529.311     4248.8221  /          /       0.0030  5484
   33     23526.726     4249.2888  /          /       0.0030  5485
   33     23525.807     4249.4548  /          /       0.0030  5486
   18     23523.033     4249.9561  /         w/       0.0070  5487
   22     23521.910     4250.1590  /         w/       0.0070  5488
   36     23521.134     4250.2992  /          /       0.0030  5489
    6     23520.067     4250.4919  /          /       0.0030  5490
   21     23510.327     4252.2529  /          /       0.0030  5491
   31     23484.551     4256.9201  /          /       0.0030  5492
   29     23480.652     4257.6271  /         d/       0.0070  5493
   21     23475.459     4258.5689  /          /       0.0030  5494
   18     23471.309     4259.3219  /          /       0.0030  5495
   18     23470.818     4259.4109  /          /       0.0030  5496
   15     23464.642     4260.5321  /          /       0.0030  5497
   21     23462.936     4260.8418  /          /       0.0030  5498
   12     23453.997     4262.4658  /         w/       0.0070  5499
   29     23438.083     4265.3601  /          /       0.0030  5500
   17     23433.897     4266.1219  /          /       0.0030  5501
   21     23431.877     4266.4898  /          /       0.0030  5502
   29     23428.294     4267.1422  /          /       0.0030  5503
   15     23426.153     4267.5322  /          /       0.0030  5504
   29     23424.228     4267.8829  /          /       0.0030  5505
   22     23419.098     4268.8179  /          /       0.0030  5506
   29     23413.707     4269.8008  /          /       0.0030  5507
   17     23412.274     4270.0622  /          /       0.0030  5508
    6     23401.883     4271.9582  /          /       0.0030  5509
   33     23396.868     4272.8739  /         w/       0.0070  5510
   15     23391.491     4273.8561  /          /       0.0030  5511
   12     23391.016     4273.9428  /          /       0.0030  5512
    6     23388.552     4274.3931  /          /       0.0030  5513
   33     23386.179     4274.8269  /          /       0.0030  5514
   19     23385.397     4274.9698  /          /       0.0030  5515
   51     23384.839     4275.0719  /          /       0.0030  5516
   22     23380.157     4275.9279  /         w/       0.0070  5517
   17     23379.550     4276.0390  /          /       0.0030  5518
   21     23375.253     4276.8251  /         w/       0.0070  5519
   22     23369.669     4277.8470  /         w/       0.0070  5520
   15     23365.031     4278.6961  /        *v/       0.0916  5521
   17     23363.491     4278.9781  /         d/       0.0070  5522
   15     23361.969     4279.2569  /          /       0.0030  5523
   19     23359.441     4279.7201  /         d/       0.0070  5524
   12     23351.583     4281.1602  /          /       0.0030  5525
   21     23350.133     4281.4262  /         w/       0.0070  5526
   17     23346.763     4282.0442  /          /       0.0030  5527
   18     23345.334     4282.3062  /          /       0.0030  5528
   22     23342.289     4282.8649  /          /       0.0030  5529
   36     23333.822     4284.4191  /          /       0.0030  5530
    6     23332.263     4284.7052  /          /       0.0030  5531
   46     23323.462     4286.3221  /          /       0.0030  5532
   22     23322.708     4286.4608  /          /       0.0030  5533
   33     23319.138     4287.1169  /          /       0.0030  5534
   12     23315.754     4287.7392  /          /       0.0030  5535
   15     23314.397     4287.9888  /          /       0.0030  5536
   12     23312.672     4288.3061  /          /       0.0030  5537
   22     23311.932     4288.4421  /         w/       0.0070  5538
   22     23310.168     4288.7668  /          /       0.0030  5539
   19     23304.988     4289.7199  /          /       0.0030  5540
   12     23302.810     4290.1210  /          /       0.0030  5541
   21     23300.290     4290.5850  /         d/       0.0070  5542
   33     23293.238     4291.8839  /          /       0.0030  5543
   33     23292.066     4292.0998  /          /       0.0030  5544
   19     23281.418     4294.0629  /         w/       0.0070  5545
   17     23280.533     4294.2262  /         w/       0.0070  5546
   21     23273.777     4295.4728  /          /       0.0030  5547
   19     23265.847     4296.9368  /          /       0.0030  5548
   12     23263.227     4297.4208  /          /       0.0030  5549
   17     23262.771     4297.5051  /          /       0.0030  5550
   21     23259.572     4298.0961  /          /       0.0030  5551
   44     23258.610     4298.2740  /          /       0.0030  5552
   19     23257.781     4298.4271  /          /       0.0030  5553
   15     23249.954     4299.8742  /          /       0.0030  5554
   -1     23248.354     4300.1702  /          /       0.0030  5555
   17     23245.062     4300.7791  /          /       0.0030  5556
   44     23239.908     4301.7329  /          /       0.0030  5557
   19     23238.817     4301.9349  /          /       0.0030  5558
   -1     23238.028     4302.0809  /          /       0.0030  5559
   33     23232.973     4303.0171  /          /       0.0089  5560
    6     23227.997     4303.9388  /          /       0.0030  5561
   21     23227.402     4304.0491  /          /       0.0030  5562
   19     23225.184     4304.4602  /         c/       0.0070  5563
   17     23223.372     4304.7961  /          /       0.0030  5564
   12     23221.834     4305.0812  /          /       0.0030  5565
   21     23219.521     4305.5100  /         w/       0.0070  5566
   15     23214.119     4306.5119  /         d/       0.0070  5567
   21     23211.607     4306.9779  /         w/       0.0070  5568
   21     23202.089     4308.7449  /         w/       0.0070  5569
   21     23185.709     4311.7889  /         w/       0.0070  5570
   10     23183.761     4312.1511  /          /       0.0030  5571
   12     23171.919     4314.3549  /          /       0.0030  5572
   -1     23166.528     4315.3589  /          /       0.0030  5573
   44     23161.247     4316.3429  /          /       0.0030  5574
   10     23159.551     4316.6590  /         w/       0.0070  5575
   12     23154.439     4317.6120  /         w/       0.0070  5576
   10     23145.561     4319.2681  /          /       0.0030  5577
   10     23142.648     4319.8119  /          /       0.0030  5578
   15     23138.292     4320.6251  /         w/       0.0070  5579
   12     23137.559     4320.7620  /         d/       0.0070  5580
   18     23134.689     4321.2980  /          /       0.0030  5581
   10     23133.919     4321.4419  /          /       0.0030  5582
    6     23133.448     4321.5299  /          /       0.0030  5583
   -1     23133.057     4321.6029  /          /       0.0030  5584
   33     23129.299     4322.3050  /          /       0.0030  5585
   22     23124.277     4323.2438  /         w/       0.0070  5586
   31     23122.333     4323.6072  /          /       0.0030  5587
   12     23117.651     4324.4830  /         w/       0.0070  5588
    6     23116.299     4324.7359  /          /       0.0030  5589
   12     23115.679     4324.8519  /          /       0.0030  5590
   31     23112.328     4325.4789  /          /       0.0030  5591
    6     23111.243     4325.6821  /         w/       0.0070  5592
   12     23110.093     4325.8972  /          /       0.0030  5593
   15     23102.309     4327.3549  /          /       0.0030  5594
   21     23098.540     4328.0610  /          /       0.0030  5595
   12     23095.989     4328.5390  /         c/       0.0070  5596
    6     23092.532     4329.1871  /         w/       0.0070  5597
   33     23085.162     4330.5691  /          /       0.0030  5598
   10     23083.643     4330.8541  /          /       0.0030  5599
   15     23082.919     4330.9899  /          /       0.0030  5600
   12     23081.779     4331.2039  /          /       0.0030  5601
   29     23079.982     4331.5411  /          /       0.0030  5602
   12     23076.450     4332.2040  /          /       0.0030  5603
   21     23063.179     4334.6969  /         w/       0.1190  5604
   10     23034.844     4340.0292  /          /       0.0030  5605
   17     23033.747     4340.2358  /          /       0.0030  5606
   31     23026.673     4341.5692  /          /       0.0030  5607
   17     23023.546     4342.1588  /          /       0.0030  5608
   15     23010.281     4344.6621  /         w/       0.0070  5609
   18     23007.581     4345.1720  /          /       0.0030  5610
   31     23001.361     4346.3470  /          /       0.0030  5611
   12     22999.260     4346.7440  /          /       0.0030  5612
   21     22994.537     4347.6369  /          /       0.0030  5613
   21     22992.293     4348.0612  /          /       0.0030  5614
    6     22989.243     4348.6381  /          /       0.0030  5615
   29     22986.157     4349.2219  /          /       0.0030  5616
   12     22981.702     4350.0651  /          /       0.0030  5617
   15     22976.019     4351.1410  /         w/       0.0070  5618
   19     22970.681     4352.1521  /          /       0.0030  5619
   15     22965.732     4353.0901  /          /       0.0030  5620
   19     22960.199     4354.1390  /          /       0.0030  5621
   40     22959.467     4354.2779  /          /       0.0030  5622
   12     22957.842     4354.5861  /         w/       0.0070  5623
   22     22952.613     4355.5782  /          /       0.0182  5624
   -1     22950.284     4356.0202  /          /       0.0030  5625
   33     22947.878     4356.4769  /          /       0.0030  5626
   15     22945.839     4356.8640  /         d/       0.0070  5627
   18     22944.522     4357.1141  /          /       0.0030  5628
   12     22941.294     4357.7272  /          /       0.0030  5629
   18     22940.152     4357.9441  /          /       0.0030  5630
   17     22937.852     4358.3811  /         d/       0.0070  5631
   12     22931.423     4359.6031  /          /       0.0030  5632
   17     22916.737     4362.3969  /         w/       0.0070  5633
    6     22910.188     4363.6439  /          /       0.0030  5634
   10     22907.652     4364.1271  /         c/       0.0070  5635
   15     22906.251     4364.3940  /          /       0.0030  5636
   17     22905.611     4364.5160  /          /       0.0030  5637
   21     22890.941     4367.3131  /          /       0.0030  5638
   18     22889.228     4367.6399  /         d/       0.0070  5639
   19     22878.940     4369.6040  /          /       0.0030  5640
    6     22876.008     4370.1639  /         w/       0.0070  5641
   10     22874.449     4370.4619  /          /       0.0030  5642
    6     22873.727     4370.5998  /         w/       0.0070  5643
   21     22866.267     4372.0258  /          /       0.0030  5644
   -1     22858.137     4373.5808  /          /       0.0030  5645
   17     22855.419     4374.1009  /          /       0.0030  5646
   18     22853.134     4374.5382  /          /       0.0030  5647
   29     22836.383     4377.7471  /          /       0.0030  5648
   12     22835.111     4377.9910  /          /       0.0030  5649
   19     22829.901     4378.9901  /          /       0.0030  5650
   44     22825.574     4379.8202  /          /       0.0134  5651
   12     22822.189     4380.4699  /          /       0.0030  5652
   10     22820.980     4380.7020  /         w/       0.0070  5653
   10     22819.843     4380.9202  /         w/       0.0070  5654
   44     22816.990     4381.4680  /          /       0.0030  5655
   18     22816.376     4381.5858  /          /       0.0030  5656
   10     22814.637     4381.9198  /         c/       0.0070  5657
   -1     22800.972     4384.5461  /          /       0.0030  5658
   10     22800.427     4384.6509  /          /       0.0030  5659
   15     22791.907     4386.2899  /          /       0.0030  5660
   21     22790.810     4386.5010  /          /       0.0133  5661
   21     22790.499     4386.5609  /          /       0.0030  5662
   18     22789.023     4386.8451  /          /       0.0030  5663
   15     22786.390     4387.3520  /         d/       0.0070  5664
   15     22780.299     4388.5250  /         w/       0.0070  5665
    6     22779.329     4388.7120  /          /       0.0030  5666
   10     22778.872     4388.8001  /         w/       0.0070  5667
   10     22777.300     4389.1030  /         d/       0.0070  5668
   12     22775.831     4389.3860  /          /       0.0030  5669
   15     22775.188     4389.5099  /          /       0.0030  5670
   19     22773.897     4389.7588  /        *r/       0.0193  5671
   33     22764.697     4391.5328  /         w/       0.0070  5672
   15     22727.631     4398.6950  /         w/       0.0070  5673
   29     22717.993     4400.5612  /          /       0.0030  5674
   17     22715.837     4400.9789  /          /       0.0030  5675
   12     22715.367     4401.0699  /          /       0.0030  5676
    6     22709.980     4402.1140  /          /       0.0030  5677
   10     22709.391     4402.2281  /          /       0.0030  5678
   18     22708.122     4402.4741  /         w/       0.0070  5679
   18     22706.013     4402.8831  /         w/       0.0070  5680
   10     22705.244     4403.0322  /         w/       0.0070  5681
    6     22703.209     4403.4269  /         w/       0.0070  5682
   12     22700.698     4403.9139  /         w/       0.0070  5683
   10     22699.372     4404.1711  /          /       0.0030  5684
   -1     22698.667     4404.3079  /          /       0.0030  5685
   46     22696.617     4404.7058  /          /       0.0030  5686
   40     22695.580     4404.9070  /         w/       0.0070  5687
   17     22689.610     4406.0660  /          /       0.0030  5688
   15     22688.411     4406.2990  /          /       0.0030  5689
   15     22686.398     4406.6899  /          /       0.0144  5690
   12     22686.167     4406.7348  /          /       0.0030  5691
   10     22685.950     4406.7770  /          /       0.0030  5692
   10     22685.233     4406.9162  /          /       0.0163  5693
   18     22684.713     4407.0172  /         w/       0.0070  5694
   18     22682.208     4407.5039  /         w/       0.0070  5695
   18     22680.186     4407.8968  /          /       0.0030  5696
   15     22677.483     4408.4222  /          /       0.0030  5697
    6     22665.347     4410.7828  /          /       0.0030  5698
   19     22660.783     4411.6712  /         w/       0.0070  5699
   12     22653.251     4413.1380  /          /       0.0030  5700
   -1     22645.406     4414.6668  /         w/       0.0070  5701
   15     22639.374     4415.8432  /          /       0.0030  5702
   15     22638.553     4416.0032  /          /       0.0030  5703
   -1     22637.187     4416.2698  /         w/       0.0070  5704
   18     22634.612     4416.7721  /          /       0.0030  5705
   10     22633.537     4416.9819  /         w/       0.0070  5706
   12     22631.723     4417.3361  /         d/       0.0070  5707
   -1     22630.662     4417.5431  /         d/       0.0070  5708
   15     22626.868     4418.2839  /         w/       0.0070  5709
   17     22624.149     4418.8149  /         w/       0.0070  5710
   46     22612.430     4421.1050  /          /       0.0030  5711
   18     22601.767     4423.1908  /          /       0.0030  5712
   15     22597.254     4424.0742  /         w/       0.0070  5713
   10     22595.917     4424.3359  /         d/       0.0070  5714
   19     22587.427     4425.9989  /          /       0.0030  5715
   19     22584.323     4426.6072  /         w/       0.0070  5716
   12     22583.417     4426.7849  /         w/       0.0070  5717
   18     22577.098     4428.0239  /         d/       0.0070  5718
   17     22568.311     4429.7480  /          /       0.0030  5719
   15     22566.069     4430.1880  /          /       0.0030  5720
   -1     22561.960     4430.9950  /          /       0.0030  5721
   21     22560.422     4431.2971  /         w/       0.0070  5722
    6     22559.399     4431.4980  /          /       0.0030  5723
   46     22557.628     4431.8459  /          /       0.0030  5724
   12     22554.249     4432.5099  /         w/       0.0070  5725
   29     22551.333     4433.0831  /         w/       0.0070  5726
   33     22549.059     4433.5300  /          /       0.0030  5727
   19     22548.307     4433.6779  /          /       0.0030  5728
   -1     22545.988     4434.1339  /          /       0.0030  5729
   -1     22545.652     4434.2001  /          /       0.0030  5730
   21     22542.567     4434.8069  /          /       0.0030  5731
   10     22540.731     4435.1681  /         d/       0.0070  5732
   15     22535.539     4436.1900  /          /       0.0030  5733
   10     22534.000     4436.4930  /          /       0.0030  5734
   19     22531.080     4437.0680  /          /       0.0030  5735
   21     22527.703     4437.7331  /         w/       0.0070  5736
   17     22524.460     4438.3720  /          /       0.0030  5737
   21     22523.003     4438.6592  /         w/       0.0070  5738
    6     22521.299     4438.9950  /         w/       0.0070  5739
   13     22513.256     4440.5808  /         h/       0.0070  5740
   14     22512.809     4440.6690  /          /       0.0030  5741
   25     22491.901     4444.7971  /          /       0.0030  5742
    9     22490.758     4445.0229  /          /       0.0030  5743
   23     22487.029     4445.7600  /          /       0.0030  5744
   11     22486.190     4445.9260  /          /       0.0030  5745
   13     22479.400     4447.2690  /          /       0.0030  5746
   43     22476.059     4447.9300  /         w/       0.0070  5747
   45     22464.912     4450.1371  /         w/       0.0070  5748
   41     22460.551     4451.0011  /         w/       0.0070  5749
   13     22446.224     4453.8422  /         w/       0.0070  5750
   23     22441.968     4454.6869  /          /       0.0030  5751
   13     22434.630     4456.1440  /         w/       0.0070  5752
   20     22433.753     4456.3181  /          /       0.0030  5753
   15     22433.029     4456.4619  /         w/       0.0070  5754
   14     22429.919     4457.0799  /         w/       0.0070  5755
   27     22427.327     4457.5949  /          /       0.0030  5756
    4     22422.729     4458.5090  /          /       0.0030  5757
   14     22419.587     4459.1339  /          /       0.0030  5758
   14     22419.210     4459.2090  /          /       0.0030  5759
    4     22416.510     4459.7460  /          /       0.0030  5760
   11     22416.008     4459.8459  /          /       0.0030  5761
   14     22413.978     4460.2499  /         w/       0.0070  5762
   25     22412.470     4460.5500  /          /       0.0030  5763
   41     22410.113     4461.0191  /          /       0.0030  5764
   46     22406.121     4461.8140  /          /       0.0030  5765
   25     22402.506     4462.5338  /          /       0.0030  5766
   20     22401.186     4462.7968  /          /       0.0030  5767
   11     22397.969     4463.4379  /         w/       0.0070  5768
    4     22395.961     4463.8381  /         c/       0.0070  5769
   38     22389.811     4465.0641  /          /       0.0030  5770
   11     22386.973     4465.6302  /         w/       0.0070  5771
   11     22373.187     4468.3819  /          /       0.0030  5772
    7     22372.691     4468.4810  /          /       0.0030  5773
   34     22369.177     4469.1829  /          /       0.0030  5774
   23     22343.744     4474.2702  /         w/       0.0070  5775
    9     22332.733     4476.4762  /         d/       0.0070  5776
   13     22323.343     4478.3592  /          /       0.0132  5777
    4     22320.119     4479.0060  /          /       0.0030  5778
   13     22306.812     4481.6781  /         w/       0.0070  5779
   15     22303.761     4482.2911  /         w/       0.0070  5780
   11     22300.947     4482.8568  /         w/       0.0070  5781
    4     22284.611     4486.1430  /         w/       0.0070  5782
   13     22278.697     4487.3339  /          /       0.0030  5783
   15     22275.917     4487.8939  /          /       0.0030  5784
   14     22270.299     4489.0260  /         w/       0.0070  5785
   11     22268.121     4489.4651  /         w/       0.0070  5786
   11     22267.448     4489.6009  /         w/       0.0070  5787
    4     22266.643     4489.7631  /          /       0.0030  5788
    7     22265.343     4490.0252  /         w/       0.0070  5789
   13     22263.003     4490.4972  /          /       0.0030  5790
   38     22260.242     4491.0541  /          /       0.0030  5791
    4     22259.237     4491.2569  /          /       0.0030  5792
   23     22216.760     4499.8440  /          /       0.0030  5793
   23     22215.951     4500.0080  /          /       0.0030  5794
   50     22214.454     4500.3112  /         w/       0.0070  5795
   15     22211.849     4500.8390  /         w/       0.0070  5796
    4     22210.587     4501.0948  /          /       0.0030  5797
   13     22205.741     4502.0771  /          /       0.0030  5798
   13     22194.729     4504.3109  /         c/       0.0070  5799
   15     22192.382     4504.7871  /          /       0.0030  5800
   15     22172.862     4508.7531  /          /       0.0030  5801
   14     22149.993     4513.4082  /         w/       0.0070  5802
    0     22120.789     4519.3670  /          /       0.0030  5803
    9     22092.543     4525.1452  /         w/       0.0070  5804
   25     22083.911     4526.9140  /          /       0.0030  5805
    7     22061.961     4531.4180  /          /       0.0030  5806
   25     22043.903     4535.1301  /         w/       0.0070  5807
   27     22024.838     4539.0559  /          /       0.0030  5808
    4     22020.389     4539.9730  /         w/       0.0070  5809
   11     22017.852     4540.4961  /          /       0.0030  5810
    9     21985.097     4547.2609  /          /       0.0030  5811
   14     21982.501     4547.7980  /          /       0.0030  5812
    4     21977.803     4548.7701  /          /       0.0179  5813
   15     21976.861     4548.9651  /         w/       0.0070  5814
   11     21976.229     4549.0959  /          /       0.0030  5815
    7     21963.713     4551.6882  /          /       0.0030  5816
   -7     21963.251     4551.7840  /          /       0.0030  5817
    4     21962.923     4551.8521  /          /       0.0030  5818
   -7     21949.551     4554.6251  /         w/       0.0070  5819
    0     21948.722     4554.7971  /          /       0.0030  5820
   15     21946.713     4555.2141  /         w/       0.0070  5821
   -7     21945.571     4555.4511  /         w/       0.0070  5822
    7     21944.286     4555.7178  /          /       0.0030  5823
   14     21873.242     4570.5151  /          /       0.0030  5824
   11     21872.734     4570.6212  /          /       0.0030  5825
   13     21872.002     4570.7741  /          /       0.0188  5826
    7     21863.958     4572.4559  /          /       0.0030  5827
    0     21863.188     4572.6169  /          /       0.0030  5828
    9     21862.351     4572.7920  /          /       0.0030  5829
   -7     21857.561     4573.7941  /          /       0.0030  5830
   -7     21848.733     4575.6421  /         w/       0.0070  5831
    0     21847.197     4575.9639  /          /       0.0030  5832
   34     21838.052     4577.8801  /          /       0.0030  5833
   13     21831.723     4579.2072  /         w/       0.0070  5834
    0     21813.884     4582.9522  /         w/       0.0070  5835
    0     21812.304     4583.2842  /          /       0.0030  5836
   15     21811.658     4583.4199  /          /       0.0030  5837
   14     21804.982     4584.8231  /          /       0.0030  5838
   -7     21794.714     4586.9832  /         w/       0.0070  5839
    0     21793.441     4587.2511  /          /       0.0030  5840
    7     21792.439     4587.4620  /          /       0.0030  5841
   14     21777.723     4590.5621  /          /       0.0030  5842
   -7     21774.257     4591.2928  /         w/       0.0070  5843
   -7     21773.896     4591.3688  /         w/       0.0070  5844
    9     21762.572     4593.7581  /          /       0.0030  5845
   11     21760.904     4594.1102  /          /       0.0030  5846
   11     21755.804     4595.1872  /          /       0.0030  5847
   13     21745.101     4597.4490  /          /       0.0030  5848
   23     21728.961     4600.8640  /          /       0.0030  5849
   15     21718.538     4603.0719  /          /       0.0030  5850
   15     21718.103     4603.1641  /          /       0.0030  5851
    4     21703.959     4606.1640  /         w/       0.0070  5852
    9     21687.941     4609.5660  /          /       0.0030  5853
   54     21676.391     4612.0221  /         w/       0.0070  5854
   14     21663.892     4614.6831  /          /       0.0030  5855
   57     21614.703     4625.1851  /         w/       0.0070  5856
    4     21573.484     4634.0222  /          /       0.0030  5857
   -7     21548.193     4639.4611  /          /       0.0030  5858
   -7     21546.578     4639.8089  /          /       0.0030  5859
   27     21535.147     4642.2719  /         w/       0.0070  5860
   27     21525.580     4644.3350  /          /       0.0030  5861
   27     21512.092     4647.2471  /         w/       0.0070  5862
   13     21505.743     4648.6191  /         w/       0.0070  5863
   15     21496.541     4650.6091  /        *v/       0.0173  5864
   20     21486.802     4652.7171  /          /       0.0067  5865
   41     21480.144     4654.1592  /          /       0.0030  5866
   15     21447.989     4661.1369  /         w/       0.0070  5867
   15     21433.918     4664.1969  /          /       0.0030  5868
    0     21412.759     4668.8059  /         d/       0.0070  5869
   14     21343.041     4684.0570  /          /       0.0030  5870
   15     21338.644     4685.0222  /          /       0.0030  5871
    0     21336.059     4685.5899  /          /       0.0030  5872
   -7     21317.604     4689.6462  /          /       0.0030  5873
    4     21306.801     4692.0240  /          /       0.0030  5874
   -7     21273.933     4699.2732  /          /       0.0030  5875
    0     21273.147     4699.4469  /          /       0.0030  5876
    0     21269.051     4700.3520  /          /       0.0030  5877
   11     21248.401     4704.9200  /          /       0.0030  5878
    7     21244.627     4705.7559  /         w/       0.0070  5879
   15     21243.150     4706.0830  /          /       0.0133  5880
   20     21221.767     4710.8249  /         w/       0.0070  5881
    7     21211.203     4713.1711  /          /       0.0030  5882
   57     21208.823     4713.7001  /         w/       0.0070  5883
   15     21196.867     4716.3589  /         w/       0.0070  5884
    4     21186.310     4718.7090  /          /       0.0030  5885
    7     21166.887     4723.0389  /          /       0.0030  5886
   14     21159.558     4724.6749  /         w/       0.0210  5887
   50     21155.627     4725.5529  /         w/       0.0070  5888
    0     21149.763     4726.8631  /          /       0.0030  5889
   34     21148.328     4727.1839  /          /       0.0030  5890
   49     21143.733     4728.2111  /          /       0.0030  5891
   23     21136.859     4729.7489  /         w/       0.0070  5892
    4     21077.580     4743.0510  /        *v/       0.0180  5893
   50     21059.559     4747.1099  /          /       0.0030  5894
   30     21052.508     4748.6999  /          /       0.0142  5895
    0     21048.783     4749.5401  /         w/       0.0070  5896
   -7     21011.154     4758.0462  /        *v/       0.1132  5897
   -7     20985.888     4763.7749  /          /       0.0030  5898
   -7     20981.127     4764.8559  /          /       0.0030  5899
   -7     20979.193     4765.2951  /          /       0.0030  5900
   -7     20978.920     4765.3570  /          /       0.0030  5901
    0     20972.099     4766.9070  /          /       0.0030  5902
    4     20971.748     4766.9869  /          /       0.0030  5903
   -7     20967.353     4767.9861  /          /       0.0030  5904
   50     20950.477     4771.8269  /         w/       0.0070  5905
   -7     20947.320     4772.5460  /          /       0.0030  5906
   54     20935.261     4775.2950  /         w/       0.0070  5907
    0     20923.934     4777.8802  /         w/       0.0070  5908
    4     20897.907     4783.8309  /          /       0.0030  5909
    4     20866.004     4791.1452  /         d/       0.0070  5910
   -7     20848.572     4795.1511  /          /       0.0030  5911
   -7     20833.407     4798.6418  /         w/       0.0070  5912
    0     20819.153     4801.9271  /         w/       0.0070  5913
    0     20814.438     4803.0149  /          /       0.0030  5914
    9     20812.640     4803.4300  /          /       0.0030  5915
   15     20804.484     4805.3131  /         w/       0.0070  5916
   14     20791.832     4808.2371  /         d/       0.0070  5917
   -7     20783.343     4810.2011  /          /       0.0030  5918
   14     20754.629     4816.8560  /         w/       0.0070  5919
   -7     20737.662     4820.7971  /         w/       0.0070  5920
   -7     20733.358     4821.7979  /         w/       0.0070  5921
   -7     20710.173     4827.1961  /          /       0.0030  5922
    0     20686.663     4832.6821  /         c/       0.0290  5923
   38     20632.711     4845.3191  /          /       0.0030  5924
   57     20581.456     4857.3858  /          /       0.0030  5925
   34     20553.000     4864.1110  /          /       0.0030  5926
   34     20549.139     4865.0250  /          /       0.0030  5927
    4     20543.674     4866.3192  /          /       0.0030  5928
    4     20524.999     4870.7470  /         w/       0.0070  5929
   -7     20472.779     4883.1710  /          /       0.0030  5930
   11     20443.106     4890.2589  /          /       0.0030  5931
   38     20357.514     4910.8201  /          /       0.0030  5932
   37     20315.667     4920.9358  /          /       0.0030  5933
    0     20311.457     4921.9558  /         w/       0.0070  5934
   -7     20288.693     4927.4781  /          /       0.0030  5935
   37     20281.951     4929.1161  /          /       0.0030  5936
   34     20136.837     4964.6379  /          /       0.0030  5937
    0     20123.322     4967.9721  /          /       0.0030  5938
    0     19872.490     5030.6790  /         d/       0.0070  5939
    0     19719.229     5069.7789  /          /       0.0030  5940
   36     19694.119     5076.2430  /          /       0.0030  5941
   16     19648.394     5088.0562  /          /       0.0030  5942
   -7     19643.848     5089.2339  /          /       0.0030  5943
   15     19593.037     5102.4319  /          /       0.0030  5944
   -7     19581.044     5105.5572  /          /       0.0030  5945
   16     19499.021     5127.0340  /          /       0.0030  5946
   20     19493.037     5128.6079  /          /       0.0030  5947
    4     19403.651     5152.2340  /          /       0.0030  5948
    9     19353.138     5165.6819  /          /       0.0030  5949
   20     19348.909     5166.8110  /          /       0.0030  5950
   27     19319.359     5174.7140  /        **/       0.0070  5951
    4     19317.424     5175.2322  /         d/       0.0070  5952
   16     19257.609     5191.3070  /         w/       0.0070  5953
    0     19251.264     5193.0181  /          /       0.0030  5954
   15     19211.000     5203.9020  /          /       0.0030  5955
   43     19194.004     5208.5101  /          /       0.0030  5956
   16     19076.806     5240.5089  /          /       0.0030  5957
   -7     19064.477     5243.8979  /          /       0.0030  5958
   -7     19060.980     5244.8600  /          /       0.0030  5959
   11     19006.406     5259.9199  /          /       0.0030  5960
   43     19000.056     5261.6779  /          /       0.0030  5961
    4     18998.019     5262.2420  /          /       0.0030  5962
   62     18990.077     5264.4429  /          /       0.0030  5963
   16     18988.284     5264.9401  /          /       0.0030  5964
    7     18925.226     5282.4828  /          /       0.0030  5965
   11     18921.128     5283.6269  /         w/       0.0070  5966
   66     18917.297     5284.6969  /          /       0.0030  5967
    4     18909.447     5286.8909  /          /       0.0030  5968
   16     18883.711     5294.0961  /          /       0.0030  5969
    7     18870.620     5297.7690  /          /       0.0030  5970
   66     18862.701     5299.9930  /          /       0.0030  5971
    7     18798.281     5318.1560  /          /       0.0030  5972
   16     18768.160     5326.6910  /          /       0.0030  5973
    4     18746.034     5332.9782  /          /       0.0030  5974
   66     18721.332     5340.0151  /          /       0.0030  5975
    9     18687.820     5349.5910  /          /       0.0030  5976
    7     18645.834     5361.6371  /          /       0.0030  5977
   13     18625.961     5367.3580  /          /       0.0030  5978
   -7     18623.254     5368.1381  /          /       0.0030  5979
   11     18621.666     5368.5959  /          /       0.0030  5980
   11     18547.494     5390.0652  /          /       0.0030  5981
   14     18504.030     5402.7260  /          /       0.0030  5982
    9     18478.707     5410.1299  /         w/       0.0070  5983
   -7     18476.583     5410.7521  /        *v/       0.1464  5984
   -7     18464.128     5414.4019  /          /       0.0030  5985
   -7     18462.593     5414.8521  /          /       0.0030  5986
    4     18448.644     5418.9461  /          /       0.0030  5987
   39     18418.890     5427.7000  /          /       0.0030  5988
   16     18408.818     5430.6699  /          /       0.0030  5989
   32     18345.657     5449.3669  /          /       0.0030  5990
    0     18329.313     5454.2261  /          /       0.0030  5991
    0     18328.877     5454.3559  /          /       0.0030  5992
    0     18303.952     5461.7831  /         w/       0.0070  5993
   23     18302.562     5462.1981  /          /       0.0030  5994
   23     18260.553     5474.7641  /          /       0.0130  5995
   14     18241.541     5480.4701  /          /       0.0030  5996
   -7     18204.743     5491.5481  /         c/       0.0070  5997
   -7     18171.713     5501.5301  /          /       0.0030  5998
   14     18167.278     5502.8730  /          /       0.0030  5999
    9     18148.269     5508.6370  /          /       0.0030  6000
    4     18144.254     5509.8561  /          /       0.0030  6001
   20     18142.687     5510.3319  /          /       0.0030  6002
   -7     18128.028     5514.7879  /          /       0.0030  6003
   -7     18106.345     5521.3922  /          /       0.0030  6004
   30     18063.384     5534.5241  /          /       0.0030  6005
   23     18042.233     5541.0121  /          /       0.0030  6006
   37     18011.137     5550.5789  /          /       0.0143  6007
    7     18001.368     5553.5909  /          /       0.0030  6008
    0     17998.464     5554.4871  /          /       0.0030  6009
    4     17996.054     5555.2311  /          /       0.0030  6010
   14     17989.590     5557.2270  /          /       0.0030  6011
   16     17981.915     5559.5991  /          /       0.0030  6012
   16     17979.680     5560.2900  /         w/       0.0070  6013
   15     17967.240     5564.1400  /         w/       0.0070  6014
   34     17965.841     5564.5731  /          /       0.0030  6015
   14     17961.752     5565.8401  /          /       0.0030  6016
   -7     17944.636     5571.1489  /          /       0.0030  6017
    7     17938.759     5572.9740  /          /       0.0030  6018
   15     17936.098     5573.8009  /          /       0.0030  6019
   16     17933.241     5574.6890  /         w/       0.0070  6020
   -7     17929.645     5575.8071  /          /       0.0030  6021
    9     17929.124     5575.9691  /          /       0.0030  6022
   15     17917.694     5579.5261  /          /       0.0030  6023
    7     17912.252     5581.2211  /          /       0.0030  6024
   39     17910.603     5581.7351  /          /       0.0030  6025
    7     17887.671     5588.8910  /          /       0.0030  6026
   15     17881.679     5590.7639  /          /       0.0030  6027
   23     17870.404     5594.2911  /          /       0.0030  6028
   11     17868.610     5594.8530  /         d/       0.0070  6029
   14     17859.793     5597.6151  /          /       0.0030  6030
   15     17857.515     5598.3291  /         w/       0.0070  6031
   11     17848.489     5601.1600  /          /       0.0030  6032
   15     17837.623     5604.5721  /          /       0.0030  6033
   15     17810.202     5613.2011  /         w/       0.0070  6034
   -7     17792.664     5618.7341  /          /       0.0030  6035
   16     17778.002     5623.3681  /          /       0.0030  6036
   14     17769.072     5626.1941  /          /       0.0269  6037
   15     17725.561     5640.0050  /         w/       0.0070  6038
    9     17711.564     5644.4621  /          /       0.0030  6039
   43     17704.234     5646.7991  /          /       0.0174  6040
   -7     17701.582     5647.6451  /          /       0.0030  6041
    7     17693.033     5650.3741  /          /       0.0030  6042
   37     17627.017     5671.5359  /          /       0.0030  6043
    0     17606.205     5678.2401  /         d/       0.0070  6044
   15     17594.276     5682.0899  /          /       0.0030  6045
    4     17580.943     5686.3991  /          /       0.0030  6046
   -7     17545.692     5697.8240  /          /       0.0030  6047
    0     17519.252     5706.4231  /         w/       0.0070  6048
    9     17490.799     5715.7060  /         d/       0.0070  6049
    0     17475.643     5720.6631  /          /       0.0030  6050
   -7     17474.565     5721.0161  /          /       0.0030  6051
    4     17461.492     5725.2991  /          /       0.0030  6052
    9     17428.738     5736.0589  /         w/       0.0070  6053
   -7     17425.144     5737.2421  /          /       0.0030  6054
    9     17424.616     5737.4159  /          /       0.0030  6055
   -7     17414.366     5740.7929  /          /       0.0030  6056
    0     17371.187     5755.0629  /          /       0.0030  6057
   23     17367.131     5756.4070  /          /       0.0030  6058
    7     17352.508     5761.2579  /          /       0.0030  6059
   20     17347.392     5762.9571  /          /       0.0030  6060
    4     17345.312     5763.6481  /          /       0.0030  6061
   57     17340.444     5765.2661  /          /       0.0030  6062
   -7     17331.444     5768.2601  /         w/       0.0070  6063
   13     17317.919     5772.7650  /         w/       0.0070  6064
   14     17316.977     5773.0789  /          /       0.0030  6065
   20     17314.281     5773.9780  /          /       0.0030  6066
   14     17311.561     5774.8850  /          /       0.0030  6067
   -7     17307.524     5776.2321  /          /       0.0030  6068
   14     17258.658     5792.5869  /         d/       0.0070  6069
   -7     17256.412     5793.3411  /          /       0.0030  6070
   -7     17242.439     5798.0360  /          /       0.0030  6071
    0     17235.406     5800.4019  /          /       0.0030  6072
    0     17195.128     5813.9889  /          /       0.0030  6073
    0     17192.709     5814.8070  /          /       0.0030  6074
   16     17177.312     5820.0191  /         w/       0.0070  6075
   -7     17172.408     5821.6810  /          /       0.0030  6076
   -7     17146.020     5830.6410  /          /       0.0030  6077
   -7     17144.676     5831.0979  /          /       0.0030  6078
    9     17119.712     5839.6010  /         d/       0.0070  6079
   11     17118.340     5840.0690  /          /       0.0030  6080
   66     17105.617     5844.4129  /          /       0.0030  6081
   20     17097.001     5847.3580  /         w/       0.0070  6082
    7     17093.406     5848.5879  /          /       0.0030  6083
    7     17092.158     5849.0149  /         d/       0.0070  6084
    4     17090.528     5849.5729  /          /       0.0030  6085
   13     17086.324     5851.0121  /          /       0.0030  6086
   23     17082.789     5852.2230  /          /       0.0147  6087
   30     17077.434     5854.0581  /         w/       0.0070  6088
   14     17075.383     5854.7611  /          /       0.0030  6089
   20     17048.469     5864.0040  /         w/       0.0070  6090
   20     17031.322     5869.9080  /         w/       0.0070  6091
   11     17023.712     5872.5320  /          /       0.0030  6092
    0     17021.923     5873.1491  /          /       0.0030  6093
   -7     17019.541     5873.9710  /          /       0.0030  6094
    4     17018.948     5874.1759  /          /       0.0030  6095
   27     17006.999     5878.3030  /          /       0.0134  6096
    4     16996.243     5882.0231  /          /       0.0030  6097
   14     16993.730     5882.8930  /         w/       0.0070  6098
    0     16990.530     5884.0010  /          /       0.0030  6099
   14     16988.997     5884.5319  /          /       0.0030  6100
   16     16986.737     5885.3149  /          /       0.0030  6101
   15     16983.954     5886.2791  /          /       0.0030  6102
   32     16976.070     5889.0130  /          /       0.0030  6103
   -7     16970.493     5890.9481  /          /       0.0030  6104
   15     16965.283     5892.7571  /         w/       0.0070  6105
    4     16959.749     5894.6800  /          /       0.0030  6106
   37     16957.549     5895.4450  /          /       0.0030  6107
   -7     16914.138     5910.5759  /         w/       0.0070  6108
   14     16906.652     5913.1931  /         w/       0.0070  6109
   13     16904.197     5914.0519  /          /       0.0030  6110
   32     16867.189     5927.0280  /          /       0.0030  6111
   30     16852.708     5932.1209  /          /       0.0084  6112
   37     16843.202     5935.4690  /          /       0.0030  6113
    7     16841.587     5936.0379  /          /       0.0030  6114
   14     16822.761     5942.6810  /          /       0.0030  6115
    9     16816.479     5944.9010  /          /       0.0030  6116
   46     16807.766     5947.9829  /          /       0.0030  6117
   11     16793.674     5952.9741  /          /       0.0030  6118
    9     16793.178     5953.1499  /          /       0.0030  6119
    9     16791.987     5953.5719  /          /       0.0030  6120
    7     16786.898     5955.3769  /          /       0.0030  6121
   82     16784.995     5956.0521  /         w/       0.0070  6122
    9     16778.018     5958.5289  /          /       0.0030  6123
   11     16774.555     5959.7591  /          /       0.0030  6124
    0     16772.546     5960.4729  /          /       0.0030  6125
   15     16768.436     5961.9339  /          /       0.0030  6126
   32     16767.336     5962.3249  /          /       0.0030  6127
   -7     16764.383     5963.3751  /          /       0.0030  6128
   15     16745.197     5970.2079  /          /       0.0030  6129
   14     16744.768     5970.3609  /          /       0.0030  6130
   13     16734.363     5974.0731  /          /       0.0030  6131
    9     16722.828     5978.1939  /          /       0.0030  6132
    4     16699.269     5986.6280  /          /       0.0030  6133
   -7     16681.900     5992.8610  /          /       0.0030  6134
   11     16679.409     5993.7560  /          /       0.0030  6135
    7     16673.384     5995.9221  /          /       0.0030  6136
   61     16664.985     5998.9441  /         w/       0.0070  6137
    7     16632.748     6010.5709  /          /       0.0030  6138
   -7     16628.137     6012.2379  /          /       0.0030  6139
   11     16606.360     6020.1220  /          /       0.0030  6140
   15     16593.387     6024.8289  /          /       0.0030  6141
   16     16569.397     6033.5519  /         w/       0.0070  6142
   -7     16547.664     6041.4761  /          /       0.0030  6143
   15     16533.467     6046.6639  /          /       0.0030  6144
   66     16516.141     6053.0070  /         w/       0.0070  6145
    0     16477.921     6067.0470  /          /       0.0030  6146
   -7     16468.974     6070.3431  /         w/       0.0070  6147
   61     16466.959     6071.0860  /          /       0.0030  6148
   -7     16432.948     6083.6510  /          /       0.0030  6149
    0     16423.821     6087.0320  /          /       0.0030  6150
   11     16423.457     6087.1669  /          /       0.0030  6151
   16     16422.531     6087.5100  /          /       0.0030  6152
   84     16415.773     6090.0161  /         w/       0.0070  6153
    4     16414.100     6090.6370  /         w/       0.0070  6154
    9     16408.960     6092.5450  /          /       0.0030  6155
   37     16390.529     6099.3960  /        *r/       0.0372  6156
   37     16340.773     6117.9681  /          /       0.0030  6157
   15     16308.780     6129.9700  /          /       0.0030  6158
   -7     16306.317     6130.8959  /          /       0.0030  6159
    0     16288.840     6137.4740  /          /       0.0030  6160
    9     16286.454     6138.3731  /         w/       0.0070  6161
   13     16279.506     6140.9929  /          /       0.0030  6162
    9     16252.651     6151.1400  /          /       0.0030  6163
   78     16228.632     6160.2441  /          /       0.0030  6164
   66     16226.051     6161.2240  /         w/       0.0070  6165
    4     16221.886     6162.8059  /          /       0.0030  6166
   -7     16198.873     6171.5611  /         w/       0.0070  6167
   -7     16189.189     6175.2530  /          /       0.0030  6168
    4     16180.942     6178.4001  /         d/       0.0070  6169
   -7     16178.062     6179.5001  /          /       0.0030  6170
   15     16155.062     6188.2980  /          /       0.0030  6171
    7     16142.650     6193.0560  /          /       0.0030  6172
   39     16137.447     6195.0529  /          /       0.0030  6173
   69     16135.949     6195.6280  /          /       0.0030  6174
    9     16132.012     6197.1401  /         d/       0.0070  6175
    7     16129.232     6198.2081  /          /       0.0030  6176
   -7     16126.948     6199.0860  /          /       0.0030  6177
   15     16106.023     6207.1401  /         w/       0.0070  6178
   -7     16105.063     6207.5101  /          /       0.0030  6179
   27     16091.698     6212.6659  /          /       0.0126  6180
   -7     16065.386     6222.8409  /          /       0.0030  6181
    7     16062.320     6224.0290  /         w/       0.0070  6182
    9     16059.267     6225.2119  /         w/       0.0070  6183
    7     16049.880     6228.8530  /          /       0.0030  6184
    9     16044.270     6231.0310  /         w/       0.0070  6185
    7     16041.217     6232.2169  /         w/       0.0070  6186
    9     16036.353     6234.1071  /          /       0.0030  6187
   30     16028.782     6237.0520  /          /       0.0030  6188
   37     16028.096     6237.3189  /          /       0.0030  6189
    4     16023.970     6238.9250  /         w/       0.0070  6190
   -7     16019.618     6240.6199  /         w/       0.0070  6191
   14     16016.958     6241.6560  /         w/       0.0070  6192
   -7     16007.802     6245.2261  /         w/       0.0070  6193
    0     16001.069     6247.8540  /          /       0.0030  6194
    0     15995.158     6250.1630  /         w/       0.0070  6195
   15     15981.486     6255.5099  /         w/       0.0070  6196
    0     15977.042     6257.2501  /          /       0.0030  6197
   15     15972.991     6258.8370  /          /       0.0030  6198
    7     15970.033     6259.9961  /          /       0.0030  6199
   11     15941.576     6271.1709  /          /       0.0030  6200
    0     15935.701     6273.4830  /         w/       0.0070  6201
   -7     15910.376     6283.4689  /         w/       0.0070  6202
   15     15894.275     6289.8341  /         w/       0.0070  6203
    9     15874.523     6297.6601  /          /       0.0198  6204
    0     15870.061     6299.4310  /          /       0.0030  6205
   46     15842.573     6310.3611  /          /       0.0030  6206
    0     15824.653     6317.5071  /         w/       0.0070  6207
    4     15800.692     6327.0871  /          /       0.0030  6208
   16     15796.808     6328.6429  /          /       0.0030  6209
   14     15791.057     6330.9479  /         w/       0.0070  6210
   15     15783.530     6333.9670  /         w/       0.0070  6211
   13     15736.252     6352.9970  /          /       0.0030  6212
   39     15714.850     6361.6490  /          /       0.0030  6213
    4     15663.887     6382.3469  /          /       0.0030  6214
   20     15655.096     6385.9309  /         w/       0.0560  6215
   37     15587.923     6413.4501  /          /       0.0030  6216
   13     15573.720     6419.2990  /          /       0.0030  6217
   -7     15556.018     6426.6040  /         w/       0.0070  6218
   50     15549.599     6429.2570  /          /       0.0030  6219
   32     15525.516     6439.2299  /          /       0.0030  6220
   50     15512.238     6444.7419  /          /       0.0030  6221
    7     15505.047     6447.7309  /          /       0.0030  6222
    9     15504.946     6447.7729  /          /       0.0030  6223
    0     15493.580     6452.5030  /         w/       0.0070  6224
   -7     15487.270     6455.1320  /          /       0.0030  6225
   11     15486.224     6455.5681  /          /       0.0030  6226
   23     15474.150     6460.6050  /          /       0.0124  6227
   -7     15471.258     6461.8129  /          /       0.0030  6228
   13     15458.218     6467.2639  /          /       0.0030  6229
   -7     15401.909     6490.9080  /          /       0.0030  6230
   57     15380.276     6500.0379  /          /       0.0030  6231
   50     15376.843     6501.4891  /        **/       0.0070  6232
   16     15375.053     6502.2461  /          /       0.0093  6233
   -7     15373.871     6502.7460  /          /       0.0030  6234
   16     15348.399     6513.5380  /          /       0.0030  6235
   -7     15346.002     6514.5551  /          /       0.0030  6236
   27     15271.590     6546.2980  /          /       0.0131  6237
   -7     15228.603     6564.7771  /          /       0.0030  6238
   46     15195.910     6578.9010  /          /       0.0030  6239
   34     15193.282     6580.0390  /          /       0.0030  6240
   -7     15189.588     6581.6390  /          /       0.0030  6241
   13     15162.027     6593.6029  /          /       0.0030  6242
   -7     15140.005     6603.1941  /         w/       0.0070  6243
   39     15109.652     6616.4590  /          /       0.0030  6244
   27     15090.573     6624.8241  /          /       0.0030  6245
   30     15084.366     6627.5499  /          /       0.0456  6246
    7     15080.528     6629.2369  /          /       0.0030  6247
   -7     15047.726     6643.6879  /          /       0.0030  6248
   16     15001.002     6664.3811  /         w/       0.0070  6249
   -7     14997.607     6665.8899  /        *r/       0.2222  6250
   -7     14985.757     6671.1609  /         w/       0.0070  6251
   16     14984.746     6671.6109  /          /       0.0030  6252
    0     14984.294     6671.8121  /          /       0.0030  6253
   -7     14959.707     6682.7779  /          /       0.0030  6254
   32     14938.553     6692.2411  /         w/       0.0070  6255
    0     14912.542     6703.9140  /          /       0.0030  6256
   57     14906.336     6706.7049  /          /       0.0030  6257
   -7     14905.358     6707.1450  /          /       0.0030  6258
    4     14900.104     6709.5101  /          /       0.0030  6259
   32     14885.670     6716.0160  /          /       0.0030  6260
   23     14879.963     6718.5921  /         w/       0.0070  6261
   -7     14869.548     6723.2980  /          /       0.0030  6262
   39     14859.980     6727.6270  /          /       0.0030  6263
   15     14833.110     6739.8140  /         w/       0.0070  6264
    7     14819.633     6745.9431  /          /       0.0030  6265
   23     14800.570     6754.6320  /         w/       0.0070  6266
   -7     14755.108     6775.4440  /          /       0.0030  6267
   30     14708.052     6797.1210  /         w/       0.0070  6268
   -7     14686.519     6807.0870  /          /       0.0030  6269
   30     14666.332     6816.4561  /         d/       0.0070  6270
   46     14641.612     6827.9650  /          /       0.0030  6271
   39     14584.655     6854.6299  /          /       0.0030  6272
   46     14578.974     6857.3011  /          /       0.0030  6273
    7     14564.890     6863.9320  /          /       0.0030  6274
   62     14558.805     6866.8011  /          /       0.0030  6275
    7     14552.744     6869.6611  /          /       0.0030  6276
   34     14550.670     6870.6400  /          /       0.0030  6277
   -7     14530.997     6879.9419  /          /       0.0030  6278
    7     14528.339     6881.2010  /          /       0.0030  6279
   62     14490.732     6899.0591  /          /       0.0030  6280
   55     14481.364     6903.5221  /          /       0.0030  6281
   20     14473.490     6907.2780  /         w/       0.0070  6282
   82     14467.487     6910.1439  /          /       0.0030  6283
   20     14461.422     6913.0420  /          /       0.0030  6284
    9     14456.186     6915.5459  /          /       0.0030  6285
   36     14437.956     6924.2779  /         w/       0.0070  6286
   23     14437.564     6924.4661  /          /       0.0030  6287
   43     14416.568     6934.5510  /         w/       0.0070  6288
   29     14380.898     6951.7510  /          /       0.0030  6289
   25     14343.621     6969.8180  /          /       0.0030  6290
   55     14341.261     6970.9650  /          /       0.0030  6291
   25     14334.269     6974.3650  /          /       0.0054  6292
    9     14333.519     6974.7300  /          /       0.0030  6293
    9     14332.722     6975.1180  /          /       0.0030  6294
   39     14323.046     6979.8299  /          /       0.0030  6295
   25     14243.090     7019.0130  /         w/       0.0070  6296
   23     14225.963     7027.4631  /          /       0.0030  6297
   78     14220.044     7030.3881  /          /       0.0030  6298
   23     14214.123     7033.3171  /          /       0.0030  6299
    9     14208.173     7036.2621  /          /       0.0030  6300
    9     14174.851     7052.8030  /          /       0.0030  6301
   36     14171.010     7054.7150  /         w/       0.0070  6302
   25     14162.211     7059.0980  /          /       0.0030  6303
   23     14133.052     7073.6620  /          /       0.0070  6304
   39     14129.954     7075.2131  /          /       0.0030  6305
   77     14127.149     7076.6180  /          /       0.0030  6306
   23     14121.280     7079.5590  /          /       0.0030  6307
   39     14112.441     7083.9930  /          /       0.0030  6308
   29     14105.936     7087.2599  /          /       0.0030  6309
   20     14077.102     7101.7770  /          /       0.0030  6310
   55     14055.823     7112.5281  /          /       0.0030  6311
   20     14018.069     7131.6840  /          /       0.0158  6312
   25     14005.752     7137.9560  /          /       0.0030  6313
   39     13951.642     7165.6400  /         w/       0.0070  6314
    9     13947.551     7167.7420  /          /       0.0030  6315
    9     13928.961     7177.3080  /          /       0.0030  6316
   27     13920.224     7181.8131  /         w/       0.0070  6317
    9     13900.250     7192.1330  /        *r/       0.2587  6318
    9     13876.301     7204.5460  /          /       0.0030  6319
    9     13862.372     7211.7850  /          /       0.0030  6320
    9     13845.579     7220.5320  /         w/       0.0070  6321
   48     13824.341     7231.6250  /          /       0.0205  6322
   25     13815.868     7236.0600  /          /       0.0030  6323
   39     13811.663     7238.2631  /         w/       0.0070  6324
   48     13807.953     7240.2081  /          /       0.0030  6325
   39     13765.919     7262.3160  /         w/       0.0070  6326
   29     13741.723     7275.1031  /         w/       0.0070  6327
    9     13722.217     7285.4449  /        *r/       0.2655  6328
   23     13716.662     7288.3950  /         w/       0.0070  6329
   30     13648.046     7325.0379  /          /       0.0030  6330
   43     13618.942     7340.6920  /         w/       0.0070  6331
   52     13613.363     7343.7001  /          /       0.0030  6332
   32     13611.820     7344.5330  /          /       0.0030  6333
   46     13602.160     7349.7490  /          /       0.0030  6334
   50     13600.572     7350.6070  /         w/       0.0070  6335
   20     13595.345     7353.4331  /          /       0.0030  6336
   23     13595.214     7353.5041  /          /       0.0304  6337
   39     13591.497     7355.5149  /         w/       0.0070  6338
    9     13574.985     7364.4621  /          /       0.0030  6339
   16     13564.849     7369.9650  /         w/       0.0070  6340
   32     13541.112     7382.8840  /          /       0.0071  6341
   23     13539.141     7383.9590  /          /       0.0030  6342
   27     13513.720     7397.8490  /          /       0.0030  6343
   31     13510.999     7399.3390  /         w/       0.0070  6344
    9     13467.260     7423.3710  /          /       0.0030  6345
   69     13461.631     7426.4750  /          /       0.0030  6346
   76     13456.959     7429.0530  /          /       0.0030  6347
    9     13456.063     7429.5481  /          /       0.0030  6348
    9     13451.376     7432.1369  /          /       0.0030  6349
   20     13426.873     7445.7000  /         w/       0.0070  6350
    9     13413.642     7453.0440  /          /       0.0030  6351
   16     13409.339     7455.4360  /         w/       0.0070  6352
   25     13406.334     7457.1071  /          /       0.0189  6353
   32     13394.650     7463.6120  /          /       0.0169  6354
   39     13394.022     7463.9620  /          /       0.0030  6355
    9     13367.090     7479.0000  /         w/       0.0070  6356
   48     13352.099     7487.3970  /          /       0.0030  6357
   46     13341.759     7493.2000  /          /       0.0030  6358
    9     13332.704     7498.2891  /          /       0.0030  6359
   31     13322.806     7503.8599  /          /       0.0030  6360
    9     13318.337     7506.3779  /         h/       0.0070  6361
   39     13309.838     7511.1710  /          /       0.0030  6362
   27     13305.923     7513.3811  /        ch/       0.0070  6363
   30     13303.687     7514.6439  /          /       0.0030  6364
   27     13300.483     7516.4541  /        *r/       0.2826  6365
   16     13287.559     7523.7650  /          /       0.0030  6366
   20     13284.289     7525.6170  /         w/       0.0224  6367
   55     13278.121     7529.1130  /          /       0.0030  6368
    9     13277.232     7529.6170  /        ch/       0.0070  6369
   31     13272.230     7532.4550  /          /       0.0030  6370
   20     13250.988     7544.5300  /          /       0.0214  6371
   39     13242.789     7549.2010  /         w/       0.0245  6372
   25     13241.843     7549.7401  /          /       0.0190  6373
   31     13217.840     7563.4500  /         w/       0.0350  6374
   16     13182.428     7583.7680  /          /       0.0030  6375
   20     13177.209     7586.7720  /          /       0.0060  6376
   43     13173.968     7588.6380  /         w/       0.0070  6377
    9     13172.806     7589.3079  /          /       0.0030  6378
   50     13160.490     7596.4100  /          /       0.0030  6379
    9     13153.299     7600.5630  /          /       0.0030  6380
    9     13115.467     7622.4870  /          /       0.0030  6381
   39     13110.057     7625.6329  /         w/       0.0070  6382
   32     13093.856     7635.0679  /          /       0.0030  6383
    9     13087.801     7638.6000  /          /       0.0030  6384
   27     13081.022     7642.5590  /          /       0.0127  6385
   39     13071.126     7648.3449  /         w/       0.0070  6386
   16     13050.043     7660.7011  /        ch/       0.0070  6387
   20     13044.120     7664.1800  /          /       0.0030  6388
   39     13033.111     7670.6540  /         w/       0.0245  6389
   46     13026.332     7674.6460  /         w/       0.0070  6390
   20     13015.597     7680.9759  /        ch/       0.0070  6391
    9     13013.490     7682.2190  /          /       0.0030  6392
    9     13013.047     7682.4809  /          /       0.0030  6393
   31     13010.688     7683.8740  /        ch/       0.0070  6394
   31     13005.183     7687.1261  /        ch/       0.0070  6395
    9     12994.150     7693.6530  /        ch/       0.0070  6396
   29     12988.183     7697.1880  /        ch/       0.0070  6397
   29     12985.531     7698.7600  /          /       0.0030  6398
    9     12978.809     7702.7470  /          /       0.0030  6399
    9     12972.829     7706.2980  /        ch/       0.0070  6400
   23     12948.299     7720.8970  /        ch/       0.0070  6401
   23     12943.515     7723.7511  /          /       0.0030  6402
   27     12942.778     7724.1910  /          /       0.0030  6403
   16     12938.292     7726.8690  /        ch/       0.0070  6404
    9     12936.271     7728.0760  /          /       0.0030  6405
   23     12925.891     7734.2820  /        ch/       0.0070  6406
   31     12924.061     7735.3770  /        ch/       0.0070  6407
   16     12923.261     7735.8560  /        ch/       0.0070  6408
   29     12916.606     7739.8419  /        ch/       0.0070  6409
   55     12912.447     7742.3349  /          /       0.0030  6410
   48     12907.016     7745.5929  /         w/       0.0070  6411
   16     12906.191     7746.0880  /         w/       0.0070  6412
    9     12897.865     7751.0879  /          /       0.0030  6413
   55     12892.506     7754.3099  /          /       0.0030  6414
   39     12890.561     7755.4800  /         w/       0.0350  6415
   20     12888.012     7757.0140  /        ch/       0.0070  6416
    9     12882.324     7760.4391  /        ch/       0.0070  6417
    9     12881.351     7761.0250  /        ch/       0.0070  6418
   20     12879.986     7761.8479  /          /       0.0030  6419
    9     12876.682     7763.8390  /        ch/       0.0070  6420
   29     12872.372     7766.4390  /        ch/       0.0070  6421
    9     12870.690     7767.4540  /          /       0.0030  6422
   25     12869.541     7768.1470  /        ch/       0.0070  6423
    9     12852.014     7778.7411  /          /       0.0030  6424
   31     12849.705     7780.1391  /        ch/       0.0070  6425
   73     12846.657     7781.9849  /          /       0.0030  6426
    9     12841.304     7785.2291  /          /       0.0030  6427
   23     12840.313     7785.8300  /          /       0.0030  6428
   23     12835.520     7788.7370  /          /       0.0030  6429
    9     12831.723     7791.0420  /        ch/       0.0070  6430
   30     12826.295     7794.3391  /        ch/       0.0070  6431
   16     12811.548     7803.3110  /          /       0.0030  6432
   16     12807.494     7805.7811  /        ch/       0.0070  6433
   27     12803.052     7808.4890  /        ch/       0.0070  6434
   30     12802.187     7809.0169  /          /       0.0030  6435
   25     12801.262     7809.5810  /        ch/       0.0070  6436
   30     12800.880     7809.8140  /        ch/       0.0070  6437
   27     12798.827     7811.0669  /        ch/       0.0070  6438
   29     12796.273     7812.6260  /        ch/       0.0070  6439
   46     12792.818     7814.7360  /         w/       0.0070  6440
   25     12789.031     7817.0500  /        ch/       0.0070  6441
   27     12786.175     7818.7961  /        ch/       0.0070  6442
   31     12783.091     7820.6820  /        ch/       0.0070  6443
   30     12781.315     7821.7691  /        ch/       0.0070  6444
   31     12780.513     7822.2600  /         w/       0.0070  6445
    9     12778.634     7823.4101  /          /       0.0030  6446
   31     12777.022     7824.3970  /        ch/       0.0070  6447
   25     12775.311     7825.4450  /        ch/       0.0070  6448
    9     12772.985     7826.8701  /          /       0.0030  6449
   31     12772.052     7827.4420  /         w/       0.0070  6450
   30     12743.574     7844.9341  /        ch/       0.0070  6451
   29     12741.160     7846.4200  /        ch/       0.0070  6452
   23     12740.598     7846.7660  /        ch/       0.0070  6453
   29     12731.063     7852.6431  /        ch/       0.0070  6454
   23     12728.914     7853.9691  /          /       0.0030  6455
   20     12728.771     7854.0570  /          /       0.0030  6456
   30     12727.378     7854.9170  /        ch/       0.0070  6457
   20     12716.908     7861.3840  /        ch/       0.0070  6458
   66     12709.221     7866.1390  /         w/       0.0070  6459
    9     12699.474     7872.1761  /         w/       0.0070  6460
   20     12692.394     7876.5671  /        ch/       0.0070  6461
   25     12691.528     7877.1050  /        ch/       0.0070  6462
    9     12685.151     7881.0650  /          /       0.0030  6463
   62     12673.810     7888.1170  /          /       0.0030  6464
   16     12665.525     7893.2771  /        ch/       0.0070  6465
   53     12659.410     7897.0900  /          /       0.0127  6466
   25     12658.442     7897.6940  /        ch/       0.0070  6467
   20     12644.039     7906.6900  /        ch/       0.0070  6468
   25     12634.349     7912.7540  /        ch/       0.0070  6469
   62     12632.356     7914.0029  /          /       0.0030  6470
   25     12622.443     7920.2180  /        ch/       0.0070  6471
   39     12617.750     7923.1640  /          /       0.0030  6472
   20     12614.617     7925.1319  /          /       0.0030  6473
   23     12609.220     7928.5240  /        ch/       0.0070  6474
   32     12608.641     7928.8880  /         w/       0.0070  6475
   23     12596.460     7936.5550  /        ch/       0.0070  6476
   23     12593.139     7938.6480  /        *v/       0.3152  6477
    9     12587.720     7942.0660  /        *r/       0.3155  6478
   16     12586.624     7942.7571  /          /       0.0030  6479
   32     12582.629     7945.2790  /         w/       0.0070  6480
    9     12578.066     7948.1619  /          /       0.0030  6481
   32     12564.025     7957.0439  /         w/       0.0224  6482
    9     12561.032     7958.9400  /         w/       0.0070  6483
   20     12559.360     7960.0000  /          /       0.0030  6484
   62     12539.278     7972.7480  /         w/       0.0070  6485
   16     12531.300     7977.8240  /        ch/       0.0070  6486
   23     12516.334     7987.3631  /        ch/       0.0070  6487
   31     12501.556     7996.8049  /         w/       0.0070  6488
    9     12499.263     7998.2720  /          /       0.0030  6489
   48     12494.776     8001.1439  /          /       0.0030  6490
   20     12493.193     8002.1580  /          /       0.0030  6491
   20     12480.523     8010.2820  /          /       0.0030  6492
    9     12473.526     8014.7749  /          /       0.0030  6493
   20     12436.693     8038.5120  /          /       0.0030  6494
   20     12426.524     8045.0901  /          /       0.0030  6495
   25     12407.099     8057.6860  /        ch/       0.0070  6496
   23     12391.054     8068.1201  /          /       0.0030  6497
   29     12389.600     8069.0670  /          /       0.0030  6498
   25     12389.434     8069.1751  /          /       0.0030  6499
    9     12348.020     8096.2380  /          /       0.0030  6500
    9     12345.696     8097.7619  /          /       0.0030  6501
    9     12342.998     8099.5320  /          /       0.0030  6502
   73     12337.862     8102.9040  /          /       0.0030  6503
   16     12336.671     8103.6860  /          /       0.0030  6504
    9     12332.721     8106.2820  /          /       0.0030  6505
   29     12326.220     8110.5570  /          /       0.0030  6506
   30     12319.013     8115.3020  /          /       0.0030  6507
   48     12312.588     8119.5370  /          /       0.0030  6508
   53     12293.366     8132.2329  /          /       0.0162  6509
    9     12292.660     8132.7000  /          /       0.0030  6510
   39     12284.136     8138.3429  /          /       0.0030  6511
   30     12240.522     8167.3410  /          /       0.0030  6512
   23     12236.800     8169.8250  /          /       0.0030  6513
   25     12227.951     8175.7370  /        ch/       0.0070  6514
   30     12227.726     8175.8879  /          /       0.0030  6515
   25     12209.626     8188.0079  /          /       0.0030  6516
   31     12208.570     8188.7160  /          /       0.0333  6517
   29     12199.002     8195.1390  /         w/       0.0630  6518
    9     12181.284     8207.0591  /          /       0.0030  6519
    9     12172.332     8213.0950  /          /       0.0030  6520
    9     12160.760     8220.9100  /         w/       0.0070  6521
    9     12154.314     8225.2701  /          /       0.0030  6522
   43     12139.473     8235.3260  /         w/       0.0070  6523
   48     12125.396     8244.8869  /         w/       0.0070  6524
   20     12117.534     8250.2361  /          /       0.0030  6525
    9     12112.214     8253.8601  /         w/       0.0070  6526
   30     12100.361     8261.9450  /         w/       0.0070  6527
    9     12082.874     8273.9021  /          /       0.0030  6528
   25     12047.353     8298.2980  /         d/       0.0070  6529
    9     12046.213     8299.0830  /        ch/       0.0644  6530
   20     12004.667     8327.8050  /          /       0.0030  6531
    9     11981.180     8344.1300  /          /       0.0030  6532
    9     11966.800     8354.1570  /          /       0.0141  6533
   23     11960.063     8358.8630  /          /       0.0030  6534
    9     11956.920     8361.0600  /        *r/       0.0699  6535
   31     11942.768     8370.9680  /         w/       0.0070  6536
   25     11934.868     8376.5090  /          /       0.0030  6537
   27     11915.489     8390.1320  /          /       0.0030  6538
   25     11899.133     8401.6650  /         w/       0.0070  6539
   27     11891.835     8406.8211  /          /       0.0030  6540
   31     11890.657     8407.6540  /          /       0.0030  6541
   31     11890.167     8408.0000  /          /       0.0160  6542
   39     11888.616     8409.0969  /          /       0.0030  6543
   16     11874.230     8419.2850  /          /       0.0030  6544
   16     11866.683     8424.6400  /          /       0.0030  6545
   16     11860.125     8429.2981  /          /       0.0030  6546
   20     11842.940     8441.5300  /          /       0.0030  6547
   25     11840.793     8443.0600  /         d/       0.0280  6548
    9     11835.598     8446.7660  /          /       0.0030  6549
   16     11831.808     8449.4720  /          /       0.0030  6550
   29     11830.734     8450.2391  /          /       0.0030  6551
    9     11793.530     8476.8960  /          /       0.0030  6552
    9     11782.057     8485.1510  /          /       0.0030  6553
    9     11779.343     8487.1060  /          /       0.0030  6554
    9     11777.630     8488.3400  /        *v/       0.3604  6555
    9     11772.962     8491.7060  /          /       0.0030  6556
   39     11768.416     8494.9860  /         w/       0.0070  6557
   25     11765.623     8497.0030  /          /       0.0030  6558
    9     11753.892     8505.4830  /          /       0.0163  6559
   16     11752.958     8506.1590  /          /       0.0030  6560
   23     11749.721     8508.5030  /          /       0.0030  6561
    9     11747.737     8509.9400  /          /       0.0030  6562
   20     11747.594     8510.0431  /          /       0.0258  6563
   31     11734.556     8519.4989  /          /       0.0030  6564
    9     11711.630     8536.1760  /          /       0.0030  6565
   27     11710.216     8537.2069  /          /       0.0030  6566
    9     11698.632     8545.6600  /          /       0.0030  6567
    9     11695.041     8548.2840  /          /       0.0210  6568
   16     11680.538     8558.8980  /          /       0.0160  6569
    9     11680.153     8559.1800  /          /       0.0030  6570
   23     11672.134     8565.0610  /          /       0.0030  6571
   46     11668.638     8567.6270  /         w/       0.0070  6572
    9     11632.816     8594.0099  /          /       0.0030  6573
   31     11631.218     8595.1910  /          /       0.0030  6574
   23     11628.409     8597.2670  /         w/       0.0070  6575
   23     11625.221     8599.6250  /          /       0.0030  6576
   78     11621.015     8602.7371  /         w/       0.0070  6577
   16     11618.410     8604.6660  /          /       0.0030  6578
    9     11593.963     8622.8100  /          /       0.0030  6579
    9     11562.677     8646.1410  /        ch/       0.0070  6580
    9     11558.893     8648.9720  /          /       0.0030  6581
   29     11531.213     8669.7330  /          /       0.0030  6582
   16     11523.359     8675.6420  /         w/       0.0700  6583
   30     11522.136     8676.5630  /          /       0.0030  6584
    9     11516.438     8680.8560  /          /       0.0030  6585
    9     11513.796     8682.8479  /        ch/       0.0070  6586
    9     11511.395     8684.6591  /          /       0.0030  6587
   55     11502.227     8691.5810  /          /       0.0098  6588
    9     11488.462     8701.9950  /          /       0.0030  6589
   30     11477.773     8710.0990  /        *r/       0.0759  6590
    9     11476.092     8711.3750  /        ch/       0.4000  6591
   31     11473.005     8713.7191  /          /       0.0030  6592
    9     11470.472     8715.6430  /        ch/       0.0070  6593
    9     11439.047     8739.5870  /          /       0.0030  6594
    9     11429.233     8747.0910  /          /       0.0030  6595
    9     11407.790     8763.5330  /          /       0.0030  6596
   55     11397.581     8771.3830  /          /       0.0467  6597
   62     11291.162     8854.0530  /          /       0.0030  6598
   25     11280.661     8862.2950  /          /       0.0030  6599
   41     11250.349     8886.1730  /          /       0.0134  6600
   32     11237.553     8896.2920  /          /       0.0030  6601
   39     11221.904     8908.6980  /          /       0.0189  6602
   32     11174.038     8946.8600  /          /       0.0030  6603
   32     11156.714     8960.7530  /          /       0.0030  6604
   32     11088.018     9016.2690  /          /       0.0030  6605
   32     11064.270     9035.6220  /          /       0.0030  6606
   32     11055.926     9042.4410  /          /       0.0030  6607
   25     11025.295     9067.5629  /          /       0.0030  6608
   32     11013.342     9077.4040  /          /       0.0030  6609
   36     11003.532     9085.4970  /          /       0.0349  6610
   25     10986.913     9099.2400  /          /       0.0030  6611
   48     10986.015     9099.9841  /          /       0.0124  6612
   25     10958.382     9122.9310  /          /       0.0030  6613
   48     10947.620     9131.8990  /          /       0.0030  6614
   32     10922.525     9152.8801  /          /       0.0211  6615
   32     10893.339     9177.4030  /          /       0.0030  6616
   25     10851.424     9212.8520  /          /       0.0030  6617
   46     10840.284     9222.3200  /          /       0.0030  6618
   25     10834.136     9227.5530  /          /       0.0030  6619
   25     10800.473     9256.3140  /          /       0.0030  6620
   48     10789.694     9265.5610  /         w/       0.0070  6621
   36     10766.024     9285.9320  /          /       0.0121  6622
   36     10741.829     9306.8480  /          /       0.0030  6623
   25     10729.408     9317.6220  /          /       0.0030  6624
   41     10726.051     9320.5380  /          /       0.0030  6625
   48     10710.201     9334.3320  /          /       0.0030  6626
   25     10686.567     9354.9750  /          /       0.0030  6627
   25     10682.643     9358.4120  /          /       0.0030  6628
   25     10676.106     9364.1420  /          /       0.0030  6629
   25     10665.315     9373.6159  /          /       0.0030  6630
   45     10660.966     9377.4400  /          /       0.0143  6631
   25     10657.464     9380.5220  /          /       0.0030  6632
   25     10653.209     9384.2680  /          /       0.0030  6633
   45     10648.336     9388.5630  /          /       0.0030  6634
   25     10606.754     9425.3690  /          /       0.0030  6635
   36     10599.811     9431.5430  /          /       0.0030  6636
   25     10594.081     9436.6440  /          /       0.0030  6637
   36     10583.321     9446.2380  /          /       0.0192  6638
   32     10573.669     9454.8610  /          /       0.0262  6639
   25     10541.274     9483.9180  /          /       0.0030  6640
   25     10516.296     9506.4440  /          /       0.0030  6641
   25     10511.988     9510.3400  /          /       0.0030  6642
   32     10491.488     9528.9230  /          /       0.0030  6643
   45     10468.588     9549.7670  /          /       0.0030  6644
   39     10435.830     9579.7440  /          /       0.0030  6645
   25     10371.267     9639.3800  /          /       0.0030  6646
   32     10356.817     9652.8290  /          /       0.0030  6647
   25     10319.252     9687.9680  /          /       0.0030  6648
   25     10305.003     9701.3640  /         w/       0.0070  6649
   25     10282.650     9722.4530  /          /       0.0030  6650
   25     10276.171     9728.5830  /          /       0.0200  6651
   25     10273.946     9730.6900  /          /       0.0531  6652
   25     10255.939     9747.7750  /          /       0.0030  6653
   25     10221.752     9780.3770  /          /       0.0175  6654
   43     10198.186     9802.9770  /          /       0.0030  6655
   45     10194.660     9806.3680  /          /       0.0194  6656
   36     10121.861     9876.8980  /          /       0.0030  6657
   36     10101.406     9896.8980  /          /       0.0030  6658
   25     10095.669     9902.5220  /          /       0.0030  6659
   32     10063.319     9934.3560  /          /       0.0395  6660
   25     10022.193     9975.1210  /          /       0.0133  6661
   55     10006.109     9991.1560  /         w/       0.0070  6662
   55      9966.266    10031.0980  /          /       0.0030  6663
   55      9839.499    10160.3340  /          /       0.0030  6664
   55      9764.259    10238.6260  /          /       0.0217  6665
   55      9704.584    10301.5850  /          /       0.0272  6666
   55      9682.960    10324.5910  /          /       0.0320  6667
   55      9328.777    10716.5830  /          /       0.0030  6668
