121547.082   0.383      1361.914          059003.000059   059003.000538          1.0000  cm-1
121279.199   0.381      684.679           059003.000047   059003.000525 P        0.0000  cm-1
121229.569   0.381      2056.103          059003.000057   059003.000533          1.0000  cm-1
121152.582   0.381      4805.048          059003.000041   059003.000512 P        0.0000  cm-1
121152.582   0.381      4805.048          059003.000061   059003.000610 P        0.0000  cm-1
121152.582   0.381      4805.048          059003.000048   059003.000601 P        0.0000  cm-1
121152.582   0.381      4805.048          059003.000049   059003.000528          1.0000  cm-1
121152.582   0.381      4805.048          059003.000061   059003.000609 P        0.0000  cm-1
121066.780   0.380      20628.731         059003.000046   059003.000522          1.0000  cm-1
120868.372   0.379      690.370           059003.000042   059003.000517          1.0000  cm-1
120868.372   0.379      690.370           059003.000051   059003.000597 P        0.0000  cm-1
120748.340   0.378      692.032           059003.000041   059003.000510          1.0000  cm-1
120719.932   0.378      34621.188         059003.000041   059003.000509          1.0000  cm-1
120719.932   0.378      34621.188         059003.000042   059003.000514 P        0.0000  cm-1
120580.036   0.377      2083.059          059003.000049   059003.000523          1.0000  cm-1
120473.131   0.376      1391.651          059003.000049   059003.000522          1.0000  cm-1
120425.947   0.376      696.475           059003.000059   059003.000530          1.0000  cm-1
120425.947   0.376      696.475           059003.000048   059003.000429 P        0.0000  cm-1
120347.545   0.376      1395.105          059003.000062   059003.000534 P        0.0000  cm-1
120298.451   0.375      139645.434        059003.000053   059003.000526 P        0.0000  cm-1
120298.451   0.375      139645.434        059003.000042   059003.000511          1.0000  cm-1
120214.626   0.375      6993.779          059003.000042   059003.000509          1.0000  cm-1
120204.043   0.375      2098.569          059003.000064   059003.000535          1.0000  cm-1
120190.449   0.375      699.710           059003.000041   059003.000504          0.7556  cm-1
120190.449   0.375      699.710           059003.000053   059003.000525          0.2444  cm-1
120168.646   0.374      700.009           059003.000064   059003.000534          1.0000  cm-1
120101.246   0.374      1401.865          059003.000064   059003.000533          1.0000  cm-1
119979.230   0.373      7026.027          059003.000066   059003.000537          1.0000  cm-1
119815.451   0.372      704.840           059003.000080   059003.000682          1.0000  cm-1
119639.737   1.256      10608.530         059003.000056   059003.000604 P        0.0000  cm-1
119575.049   0.371      708.115           059003.000040   059003.000577 P        0.0000  cm-1
119575.049   0.371      708.115           059003.000082   059003.000682          1.0000  cm-1
119510.928   0.370      5671.896          059003.000045   059003.000514          1.0000  cm-1
119442.536   0.370      2129.747          059003.000045   059003.000512          1.0000  cm-1
119372.828   0.370      1421.722          059003.000057   059003.000527          1.0000  cm-1
119138.730   0.662      21420.864         059003.000046   059003.000512 P        0.0000  cm-1
119138.730   0.662      21420.864         059003.000072   059003.000536          1.0000  cm-1
119138.730   0.662      21420.864         059003.000069   059003.000535 P        0.0000  cm-1
119114.441   0.368      714.357           059003.000066   059003.000531          1.0000  cm-1
119101.652   0.368      714.529           059003.000069   059003.000534          1.0000  cm-1
119048.348   0.368      42914.907         059003.000070   059003.000534 P        0.0000  cm-1
119048.348   0.368      42914.907         059003.000049   059003.000518          1.0000  cm-1
119039.553   0.368      42922.022         059003.000066   059003.000530          1.0000  cm-1
119007.727   0.367      5726.368          059003.000061   059003.000606 P        0.0000  cm-1
119007.727   0.367      5726.368          059003.000045   059003.000509          1.0000  cm-1
118982.640   0.367      4296.804          059003.000048   059003.000666 P        0.0000  cm-1
118982.640   0.367      4296.804          059003.000070   059003.000533          1.0000  cm-1
118982.640   0.367      4296.804          059003.000048   059003.000582 P        0.0000  cm-1
118921.645   0.398      21508.650         059003.000057   059003.000523          1.0000  cm-1
118817.352   1.239      14367.137         059003.000057   059003.000522 P        0.0000  cm-1
118817.352   1.239      14367.137         059003.000045   059003.000507 P        0.0000  cm-1
118796.047   0.366      718.643           059003.000053   059003.000520          1.0000  cm-1
118766.257   0.366      2157.128          059003.000049   059003.000517          1.0000  cm-1
118746.542   0.366      719.307           059003.000045   059003.000506 P        0.0000  cm-1
118746.542   0.366      719.307           059003.000072   059003.000535 P        0.0000  cm-1
118710.741   0.366      719.787           059003.000072   059003.000534          1.0000  cm-1
118694.833   0.366      28800.010         059003.000050   059003.000517          1.0000  cm-1
118580.130   0.396      7215.354          059003.000062   059003.000529          1.0000  cm-1
118580.130   0.396      7215.354          059003.000047   059003.000637 P        0.0000  cm-1
118576.445   0.365      144316.930        059003.000059   059003.000524          1.0000  cm-1
118547.753   1.234      28878.724         059003.000047   059003.000510          0.3263  cm-1
118547.753   1.234      28878.724         059003.000050   059003.000514          0.6737  cm-1
118499.331   0.364      7226.147          059003.000059   059003.000523          1.0000  cm-1
118428.034   0.364      72356.573         059003.000071   059003.000532          1.0000  cm-1
118334.022   0.363      3624.088          059003.000072   059003.000531          1.0000  cm-1
118310.856   0.363      7251.258          059003.000071   059003.000530          1.0000  cm-1
118243.852   0.363      5082.113          059003.000064   059003.000527          1.0000  cm-1
118174.143   0.363      1453.882          059003.000039   059003.000574 P        0.0000  cm-1
118124.445   0.362      1455.199          059003.000050   059003.000511          1.0000  cm-1
117863.429   0.361      731.047           059003.000053   059003.000512 P        0.0000  cm-1
117833.250   0.361      7314.445          059003.000062   059003.000521          1.0000  cm-1
117661.636   0.359      14673.972         059003.000055   059003.000582 P        0.0000  cm-1
117661.636   0.359      14673.972         059003.000079   059003.000537          1.0000  cm-1
117645.550   0.360      733.909           059003.000054   059003.000515 P        0.0000  cm-1
117645.550   0.360      733.909           059003.000054   059003.000516 P        0.0000  cm-1
117638.551   0.360      734.000           059003.000055   059003.000580          1.0000  cm-1
117625.528   1.216      7341.717          059003.000050   059003.000505 P        0.0000  cm-1
117625.528   1.216      7341.717          059003.000049   059003.000424          1.0000  cm-1
117601.325   0.359      3672.443          059003.000079   059003.000536          1.0000  cm-1
117485.644   0.359      11040.010         059003.000054   059003.000512          1.0000  cm-1
117459.033   0.358      5890.784          059003.000053   059003.000510          0.7818  cm-1
117459.033   0.358      5890.784          059003.000097   059003.000682          0.2182  cm-1
117389.243   0.358      1474.515          059003.000057   059003.000518          1.0000  cm-1
117189.640   0.357      1479.700          059003.000066   059003.000524          1.0000  cm-1
117176.624   0.356      7400.187          059003.000069   059003.000527          1.0000  cm-1
117125.943   0.356      1481.349          059003.000050   059003.000501          0.5200  cm-1
117125.943   0.356      1481.349          059003.000070   059003.000527          0.4800  cm-1
116954.126   0.355      742.894           059003.000057   059003.000514 P        0.0000  cm-1
116796.449   0.354      14898.396         059003.000079   059003.000531          1.0000  cm-1
116783.754   0.354      745.082           059003.000072   059003.000527          1.0000  cm-1
116710.041   0.354      746.026           059003.000035   059003.000570 P        0.0000  cm-1
116673.946   0.353      746.487           059003.000070   059003.000523          1.0000  cm-1
116657.747   0.353      746.694           059003.000032   059003.000650 P        0.0000  cm-1
116657.747   0.353      746.694           059003.000063   059003.000519          1.0000  cm-1
116639.020   0.353      3734.666          059003.000105   059003.000682          1.0000  cm-1
116588.021   0.353      5980.667          059003.000069   059003.000521          1.0000  cm-1
116588.021   0.353      5980.667          059003.000084   059003.000533 P        0.0000  cm-1
116400.841   0.352      5249.731          059003.000068   059003.000428 P        0.0000  cm-1
116374.146   0.352      750.300           059003.000060   059003.000512          1.0000  cm-1
116077.127   0.350      754.042           059003.000108   059003.000682          1.0000  cm-1
116072.133   0.350      1508.210          059003.000051   059003.000639 P        0.0000  cm-1
115978.948   0.349      755.271           059003.000064   059003.000517          1.0000  cm-1
115952.049   0.349      1511.215          059003.000063   059003.000516          1.0000  cm-1
115898.843   0.350      1512.543          059003.000054   059003.000500          1.0000  cm-1
115857.522   0.635      2270.359          059003.000043   059003.000573 P        0.0000  cm-1
115828.239   0.348      757.151           059003.000064   059003.000514          1.0000  cm-1
115698.129   0.348      758.765           059003.000052   059003.000576 P        0.0000  cm-1
115698.129   0.348      758.765           059003.000088   059003.000535          1.0000  cm-1
115663.043   0.347      759.199           059003.000091   059003.000536 P        0.0000  cm-1
115663.043   0.347      759.199           059003.000088   059003.000534          1.0000  cm-1
115663.043   0.347      759.199           059003.000059   059003.000422 P        0.0000  cm-1
115435.651   0.346      3048.000          059003.000068   059003.000588 P        0.0000  cm-1
115435.651   0.346      3048.000          059003.000068   059003.000587 P        0.0000  cm-1
115142.621   0.344      765.575           059003.000070   059003.000518          1.0000  cm-1
114995.917   0.344      767.349           059003.000073   059003.000519          0.6932  cm-1
114995.917   0.344      767.349           059003.000032   059003.000655 P        0.0000  cm-1
114995.917   0.344      767.349           059003.000099   059003.000536          0.3068  cm-1
114824.918   0.343      769.405           059003.000083   059003.000526          1.0000  cm-1
114688.045   0.342      771.040           059003.000079   059003.000522          1.0000  cm-1
114665.438   0.342      23139.260         059003.000063   059003.000503 P        0.0000  cm-1
114665.438   0.342      23139.260         059003.000115   059003.000682 P        0.0000  cm-1
114604.335   0.341      772.035           059003.000067   059003.000510          1.0000  cm-1
114410.028   0.340      774.331           059003.000064   059003.000501          1.0000  cm-1
114353.743   0.340      774.993           059003.000045   059003.000499 P        0.0000  cm-1
114353.743   0.340      774.993           059003.000085   059003.000526          1.0000  cm-1
114353.743   0.340      774.993           059003.000062   059003.000500 P        0.0000  cm-1
114115.734   0.338      777.772           059003.000087   059003.000529          1.0000  cm-1
113867.538   0.337      7806.367          059003.000047   059003.000499 P        0.0000  cm-1
113867.538   0.337      7806.367          059003.000072   059003.000509 P        0.0000  cm-1
113798.340   0.337      781.429           059003.000087   059003.000525 P        0.0000  cm-1
113708.823   0.336      7824.508          059003.000046   059003.000418 P        0.0000  cm-1
113657.236   0.336      1566.075          059003.000106   059003.000535          1.0000  cm-1
113597.443   0.336      7837.153          059003.000077   059003.000585 P        0.0000  cm-1
113431.518   0.335      2356.757          059003.000091   059003.000528          1.0000  cm-1
113431.518   0.335      2356.757          059003.000110   059003.000614 P        0.0000  cm-1
113335.727   0.334      786.658           059003.000072   059003.000504 P        0.0000  cm-1
113251.810   0.333      2362.779          059003.000075   059003.000509 P        0.0000  cm-1
113102.206   0.333      31569.967         059003.000113   059003.000538          1.0000  cm-1
112958.937   0.332      15816.445         059003.000096   059003.000528          1.0000  cm-1
112921.216   0.332      1582.469          059003.000113   059003.000537          1.0000  cm-1
112837.338   0.331      1584.295          059003.000096   059003.000527          1.0000  cm-1
112448.857   0.700      1592.636          059003.000116   059003.000621          1.0000  cm-1
111776.265   0.327      2409.885          059003.000058   059003.000572 P        0.0000  cm-1
110572.568   0.318      1629.900          059003.000096   059003.000517          1.0000  cm-1
110241.429   0.316      817.954           059003.000063   059003.000417          1.0000  cm-1
109903.247   0.315      3283.699          059003.000091   059003.000424          1.0000  cm-1
109608.624   0.313      823.431           059003.000091   059003.000502          1.0000  cm-1
109430.456   0.312      49494.562         059003.000096   059003.000424          1.0000  cm-1
109333.551   0.314      825.701           059003.000058   059003.000570          1.0000  cm-1
108695.633   0.308      830.690           059003.000073   059003.000418          1.0000  cm-1
107394.042   0.301      33583.991         059003.000113   059003.000425          1.0000  cm-1
107273.916   0.300      2520.992          059003.000114   059003.000507 P        0.0000  cm-1
107273.916   0.300      2520.992          059003.000080   059003.000418          1.0000  cm-1
107058.224   0.299      1683.206          059003.000130   059003.000525 P        0.0000  cm-1
107058.224   0.299      1683.206          059003.000080   059003.000415          1.0000  cm-1
107058.224   0.299      1683.206          059003.000040   059003.000650 P        0.0000  cm-1
106804.136   0.298      4215.167          059003.000113   059003.000502          1.0000  cm-1
104728.021   0.287      6814.231          059003.000042   059003.000401 P        0.0000  cm-1
104728.021   0.287      6814.231          059003.000041   059003.000396          1.0000  cm-1
104728.021   0.287      6814.231          059003.000098   059003.000497 P        0.0000  cm-1
103751.000   0.281      8539.259          059003.000046   059003.000406          1.0000  cm-1
103677.619   0.281      854.033           059003.000039   059003.000564 P        0.0000  cm-1
103677.619   0.281      854.033           059003.000135   059003.000520          1.0000  cm-1
103677.619   0.281      854.033           059003.000131   059003.000508 P        0.0000  cm-1
103593.623   0.281      8541.450          059003.000106   059003.000416          1.0000  cm-1
103462.775   0.280      1708.599          059003.000052   059003.000650 P        0.0000  cm-1
103462.775   0.280      1708.599          059003.000041   059003.000388          1.0000  cm-1
103462.775   0.280      1708.599          059003.000063   059003.000494 P        0.0000  cm-1
103290.798   0.279      1708.929          059003.000064   059003.000413          1.0000  cm-1
103189.572   0.278      17090.818         059003.000160   059003.000682 P        0.0000  cm-1
103189.572   0.278      17090.818         059003.000064   059003.000412          1.0000  cm-1
103085.865   0.278      8546.035          059003.000041   059003.000385 P        0.0000  cm-1
103085.865   0.278      8546.035          059003.000050   059003.000406          1.0000  cm-1
103015.565   0.278      4273.183          059003.000045   059003.000396          1.0000  cm-1
102948.603   0.277      854.661           059003.000045   059003.000482          1.0000  cm-1
102915.062   0.277      8546.711          059003.000046   059003.000399          1.0000  cm-1
102864.975   0.277      1709.365          059003.000112   059003.000498 P        0.0000  cm-1
102864.975   0.277      1709.365          059003.000132   059003.000507          1.0000  cm-1
102852.790   0.277      854.685           059003.000064   059003.000409 P        0.0000  cm-1
102852.790   0.277      854.685           059003.000046   059003.000628          1.0000  cm-1
102852.790   0.277      854.685           059003.000053   059003.000489 P        0.0000  cm-1
102764.359   0.276      2564.082          059003.000045   059003.000394          1.0000  cm-1
102645.058   0.276      1709.375          059003.000132   059003.000505          1.0000  cm-1
102645.058   0.276      1709.375          059003.000150   059003.000535 P        0.0000  cm-1
102388.077   0.274      8545.982          059003.000046   059003.000393          1.0000  cm-1
102256.985   0.274      5981.590          059003.000154   059003.000537 P        0.0000  cm-1
102256.985   0.274      5981.590          059003.000114   059003.000415 P        0.0000  cm-1
102256.985   0.274      5981.590          059003.000064   059003.000408          0.8317  cm-1
102256.985   0.274      5981.590          059003.000135   059003.000508          0.1683  cm-1
102249.370   0.274      3418.029          059003.000050   059003.000399          1.0000  cm-1
102122.280   0.317      854.397           059003.000069   059003.000412          0.9195  cm-1
102122.280   0.317      854.397           059003.000115   059003.000418          0.0805  cm-1
102072.671   0.274      1708.694          059003.000069   059003.000411 P        0.0000  cm-1
102072.671   0.274      1708.694          059003.000054   059003.000486          1.0000  cm-1
102072.671   0.274      1708.694          059003.000070   059003.000412 P        0.0000  cm-1
102051.293   0.273      854.324           059003.000135   059003.000506 P        0.0000  cm-1
102051.293   0.273      854.324           059003.000042   059003.000378          1.0000  cm-1
101797.752   0.271      853.999           059003.000050   059003.000394          1.0000  cm-1
101759.489   0.271      17078.809         059003.000070   059003.000410          1.0000  cm-1
101750.485   0.271      3415.706          059003.000045   059003.000388          1.0000  cm-1
101681.684   0.271      6830.519          059003.000072   059003.000411          0.2395  cm-1
101681.684   0.271      6830.519          059003.000047   059003.000391          0.7605  cm-1
101510.466   0.270      2560.511          059003.000053   059003.000397          0.5780  cm-1
101510.466   0.270      2560.511          059003.000073   059003.000411          0.4220  cm-1
101432.189   0.269      1706.691          059003.000031   059003.000327          1.0000  cm-1
101314.759   0.269      1706.178          059003.000119   059003.000417          1.0000  cm-1
101281.789   0.269      3412.051          059003.000047   059003.000640          1.0000  cm-1
101218.664   0.268      2558.586          059003.000031   059003.000326          0.2245  cm-1
101218.664   0.268      2558.586          059003.000046   059003.000476          0.7755  cm-1
101214.464   0.268      51171.104         059003.000046   059003.000630          0.1131  cm-1
101214.464   0.268      51171.104         059003.000119   059003.000415          0.8869  cm-1
101178.390   0.268      1705.525          059003.000033   059003.000342          1.0000  cm-1
101073.276   0.268      17049.787         059003.000046   059003.000385          1.0000  cm-1
101048.164   0.267      1704.843          059003.000041   059003.000468          1.0000  cm-1
100933.595   0.267      4260.489          059003.000041   059003.000370          1.0000  cm-1
100797.785   0.266      25550.566         059003.000072   059003.000408          0.8108  cm-1
100797.785   0.266      25550.566         059003.000062   059003.000487          0.1892  cm-1
100789.268   0.266      4258.293          059003.000001   059003.000317          1.0000  cm-1
100662.156   0.265      3404.970          059003.000057   059003.000399          1.0000  cm-1
100644.089   0.265      851.181           059003.000060   059003.000403          0.2785  cm-1
100644.089   0.265      851.181           059003.000064   059003.000488          0.7215  cm-1
100639.862   0.265      1702.333          059003.000046   059003.000381          1.0000  cm-1
100624.365   0.265      85111.331         059003.000001   059003.000316 P        0.0000  cm-1
100624.365   0.265      85111.331         059003.000049   059003.000476 P        0.0000  cm-1
100624.365   0.265      85111.331         059003.000047   059003.000382          1.0000  cm-1
100595.993   0.265      1702.030          059003.000033   059003.000339          1.0000  cm-1
100591.165   0.317      850.998           059003.000053   059003.000391          0.9204  cm-1
100591.165   0.317      850.998           059003.000032   059003.000332          0.0796  cm-1
100565.166   0.265      2552.719          059003.000033   059003.000338          0.9013  cm-1
100565.166   0.265      2552.719          059003.000076   059003.000493          0.0987  cm-1
100548.474   0.500      5105.080          059003.000050   059003.000630          0.6651  cm-1
100548.474   0.500      5105.080          059003.000046   059003.000379          0.3349  cm-1
100543.095   0.265      59557.918         059003.000046   059003.000378          1.0000  cm-1
100543.095   0.265      59557.918         059003.000042   059003.000468 P        0.0000  cm-1
100464.401   0.264      2551.619          059003.000046   059003.000377          1.0000  cm-1
100449.986   0.524      4252.429          059003.000068   059003.000672 P        0.0000  cm-1
100449.986   0.524      4252.429          059003.000032   059003.000331          0.1321  cm-1
100449.986   0.524      4252.429          059003.000070   059003.000634          0.8679  cm-1
100444.863   0.500      1700.933          059003.000041   059003.000365          0.1863  cm-1
100444.863   0.500      1700.933          059003.000047   059003.000472          0.8137  cm-1
100444.863   0.500      1700.933          059003.000060   059003.000484 P        0.0000  cm-1
100405.898   0.265      1700.638          059003.000062   059003.000405          1.0000  cm-1
100369.257   0.264      8501.775          059003.000064   059003.000406          1.0000  cm-1
100358.769   0.264      4250.683          059003.000046   059003.000471          1.0000  cm-1
100312.465   0.317      849.954           059003.000042   059003.000369          0.8507  cm-1
100312.465   0.317      849.954           059003.000041   059003.000364          0.1493  cm-1
100296.065   0.264      8498.882          059003.000166   059003.000538          1.0000  cm-1
100117.545   0.263      849.143           059003.000080   059003.000493          1.0000  cm-1
100107.133   0.263      8490.975          059003.000072   059003.000634 P        0.0000  cm-1
100107.133   0.263      8490.975          059003.000063   059003.000404          1.0000  cm-1
100107.133   0.263      8490.975          059003.000145   059003.000520 P        0.0000  cm-1
100088.415   0.317      2547.047          059003.000032   059003.000328          0.1579  cm-1
100088.415   0.317      2547.047          059003.000080   059003.000411          0.8421  cm-1
100088.415   0.317      2547.047          059003.000177   059003.000682 P        0.0000  cm-1
99997.826    0.262      4243.059          059003.000082   059003.000413          1.0000  cm-1
99997.826    0.262      4243.059          059003.000067   059003.000489 P        0.0000  cm-1
99997.826    0.262      4243.059          059003.000161   059003.000535 P        0.0000  cm-1
99965.032    0.262      2545.386          059003.000154   059003.000528          1.0000  cm-1
99965.032    0.262      2545.386          059003.000142   059003.000637 P        0.0000  cm-1
99947.639    0.262      5938.671          059003.000049   059003.000378 P        0.0000  cm-1
99947.639    0.262      5938.671          059003.000060   059003.000396          1.0000  cm-1
99937.145    0.318      67866.635         059003.000054   059003.000389          0.8428  cm-1
99937.145    0.318      67866.635         059003.000046   059003.000375          0.1572  cm-1
99880.547    0.290      16961.341         059003.000060   059003.000482 P        0.0000  cm-1
99880.547    0.290      16961.341         059003.000079   059003.000410          1.0000  cm-1
99877.850    0.290      42402.711         059003.000082   059003.000493 P        0.0000  cm-1
99877.850    0.290      42402.711         059003.000050   059003.000378          1.0000  cm-1
99847.542    0.261      3391.637          059003.000126   059003.000418 P        0.0000  cm-1
99847.542    0.261      3391.637          059003.000082   059003.000411          1.0000  cm-1
99797.032    0.902      16953.286         059003.000083   059003.000493 P        0.0000  cm-1
99797.032    0.902      16953.286         059003.000050   059003.000377          0.4590  cm-1
99797.032    0.902      16953.286         059003.000041   059003.000360          0.5410  cm-1
99797.032    0.902      16953.286         059003.000153   059003.000526 P        0.0000  cm-1
99713.337    0.261      847.248           059003.000059   059003.000393          1.0000  cm-1
99675.354    0.261      8470.552          059003.000084   059003.000412          1.0000  cm-1
99675.354    0.261      8470.552          059003.000155   059003.000525 P        0.0000  cm-1
99661.351    0.260      6775.868          059003.000126   059003.000416          1.0000  cm-1
99576.028    0.260      846.538           059003.000069   059003.000488          1.0000  cm-1
99548.897    0.260      1692.788          059003.000031   059003.000318          1.0000  cm-1
99511.325    0.261      25385.766         059003.000062   059003.000396          1.0000  cm-1
99474.911    0.260      2537.982          059003.000063   059003.000483          1.0000  cm-1
99444.825    0.260      845.828           059003.000062   059003.000482          1.0000  cm-1
99435.726    0.259      4228.891          059003.000141   059003.000638 P        0.0000  cm-1
99435.726    0.259      4228.891          059003.000063   059003.000397          1.0000  cm-1
99417.830    0.317      8456.786          059003.000042   059003.000361          0.2139  cm-1
99417.830    0.317      8456.786          059003.000060   059003.000392          0.7861  cm-1
99381.848    0.259      2536.430          059003.000063   059003.000398          1.0000  cm-1
99365.849    0.260      2536.159          059003.000054   059003.000474          1.0000  cm-1
99336.441    0.259      4226.093          059003.000145   059003.000516 P        0.0000  cm-1
99336.441    0.259      4226.093          059003.000045   059003.000468          1.0000  cm-1
99321.840    0.260      2535.404          059003.000062   059003.000480          1.0000  cm-1
99296.318    0.259      844.987           059003.000081   059003.000492 P        0.0000  cm-1
99296.318    0.259      844.987           059003.000045   059003.000467          1.0000  cm-1
99271.845    0.258      5913.915          059003.000050   059003.000375          1.0000  cm-1
99266.336    0.258      844.813           059003.000064   059003.000482          1.0000  cm-1
99259.735    0.318      33790.962         059003.000079   059003.000408          0.1409  cm-1
99259.735    0.318      33790.962         059003.000062   059003.000394          0.8591  cm-1
99221.529    0.258      33781.946         059003.000045   059003.000370          1.0000  cm-1
99184.825    0.516      16886.592         059003.000130   059003.000417          0.4858  cm-1
99184.825    0.516      16886.592         059003.000141   059003.000501 P        0.0000  cm-1
99184.825    0.516      16886.592         059003.000072   059003.000488          0.5142  cm-1
99178.428    0.258      1688.582          059003.000072   059003.000407          1.0000  cm-1
99153.736    0.259      2532.426          059003.000054   059003.000382          1.0000  cm-1
99146.300    0.258      422048.509        059003.000041   059003.000359          1.0000  cm-1
99146.300    0.258      422048.509        059003.000087   059003.000494 P        0.0000  cm-1
99114.233    0.258      843.901           059003.000073   059003.000489          1.0000  cm-1
99105.313    0.258      843.847           059003.000172   059003.000536 P        0.0000  cm-1
99105.313    0.258      843.847           059003.000045   059003.000369          1.0000  cm-1
99105.313    0.258      843.847           059003.000083   059003.000492 P        0.0000  cm-1
99105.313    0.258      843.847           059003.000144   059003.000637 P        0.0000  cm-1
99034.531    0.257      843.407           059003.000046   059003.000468          1.0000  cm-1
99006.707    0.257      16864.631         059003.000064   059003.000393          1.0000  cm-1
98995.026    0.257      16863.150         059003.000046   059003.000467          1.0000  cm-1
98982.405    0.258      16861.544         059003.000054   059003.000381 P        0.0000  cm-1
98982.405    0.258      16861.544         059003.000062   059003.000392 P        0.0000  cm-1
98982.405    0.258      16861.544         059003.000539   059003.000491 P        0.0000  cm-1
98955.141    0.257      42145.139         059003.000059   059003.000390          1.0000  cm-1
98920.514    0.257      8426.793          059003.000046   059003.000370          1.0000  cm-1
98910.920    0.500      50557.016         059003.000070   059003.000403          0.5110  cm-1
98910.920    0.500      50557.016         059003.000072   059003.000406          0.4890  cm-1
98882.044    0.257      8424.283          059003.000041   059003.000459          1.0000  cm-1
98882.044    0.257      8424.283          059003.000174   059003.000613 P        0.0000  cm-1
98833.014    0.256      42105.229         059003.000063   059003.000392          1.0000  cm-1
98804.507    0.256      336765.717        059003.000046   059003.000369          1.0000  cm-1
98785.046    0.256      1683.567          059003.000088   059003.000413          1.0000  cm-1
98740.211    0.257      841.480           059003.000046   059003.000367          1.0000  cm-1
98733.201    0.317      4207.159          059003.000131   059003.000418          0.0404  cm-1
98733.201    0.317      4207.159          059003.000045   059003.000365          0.9596  cm-1
98702.947    0.256      67297.931         059003.000059   059003.000387 P        0.0000  cm-1
98702.947    0.256      67297.931         059003.000080   059003.000635 P        0.0000  cm-1
98702.947    0.256      67297.931         059003.000070   059003.000400          1.0000  cm-1
98682.321    0.256      4205.408          059003.000060   059003.000388          1.0000  cm-1
98671.813    0.256      84100.873         059003.000041   059003.000458          1.0000  cm-1
98640.838    0.255      25223.779         059003.000124   059003.000570 P        0.0000  cm-1
98640.838    0.255      25223.779         059003.000042   059003.000359          1.0000  cm-1
98634.920    0.255      3363.005          059003.000088   059003.000411          1.0000  cm-1
98634.920    0.255      3363.005          059003.000085   059003.000492 P        0.0000  cm-1
98599.816    0.255      84050.368         059003.000146   059003.000637 P        0.0000  cm-1
98599.816    0.255      84050.368         059003.000045   059003.000364          1.0000  cm-1
98597.006    0.284      8404.838          059003.000103   059003.000680 P        0.0000  cm-1
98597.006    0.284      8404.838          059003.000073   059003.000405          1.0000  cm-1
98559.008    0.255      25206.394         059003.000057   059003.000383          1.0000  cm-1
98546.543    0.255      8401.237          059003.000131   059003.000416          0.8983  cm-1
98546.543    0.255      8401.237          059003.000075   059003.000487          0.1017  cm-1
98540.236    0.255      2520.235          059003.000035   059003.000560 P        0.0000  cm-1
98540.236    0.255      2520.235          059003.000173   059003.000534 P        0.0000  cm-1
98540.236    0.255      2520.235          059003.000059   059003.000630          1.0000  cm-1
98517.823    0.255      2519.750          059003.000131   059003.000415          0.1757  cm-1
98517.823    0.255      2519.750          059003.000067   059003.000482          0.8243  cm-1
98505.806    0.255      6718.637          059003.000045   059003.000464          1.0000  cm-1
98495.711    0.255      25192.689         059003.000041   059003.000357          1.0000  cm-1
98489.310    0.255      839.710           059003.000097   059003.000496          1.0000  cm-1
98476.804    0.255      4198.092          059003.000066   059003.000481          1.0000  cm-1
98454.504    0.254      1678.910          059003.000066   059003.000479          1.0000  cm-1
98451.501    0.254      8394.328          059003.000060   059003.000476          1.0000  cm-1
98446.137    0.254      16787.865         059003.000073   059003.000404          1.0000  cm-1
98379.716    0.254      167779.925        059003.000072   059003.000401 P        0.0000  cm-1
98379.716    0.254      167779.925        059003.000049   059003.000372          1.0000  cm-1
98356.209    0.254      4193.615          059003.000144   059003.000503          1.0000  cm-1
98329.415    0.254      8385.203          059003.000050   059003.000467          1.0000  cm-1
98306.215    0.254      4191.719          059003.000060   059003.000385          1.0000  cm-1
98298.549    0.282      16765.703         059003.000046   059003.000364          1.0000  cm-1
98298.549    0.282      16765.703         059003.000099   059003.000496 P        0.0000  cm-1
98295.207    0.282      41912.979         059003.000057   059003.000379          1.0000  cm-1
98290.245    0.282      4191.108          059003.000153   059003.000520 P        0.0000  cm-1
98290.245    0.282      4191.108          059003.000057   059003.000378          1.0000  cm-1
98278.697    0.254      8381.330          059003.000045   059003.000463          1.0000  cm-1
98246.129    0.318      1675.763          059003.000047   059003.000365          0.0590  cm-1
98246.129    0.318      1675.763          059003.000062   059003.000388          0.9410  cm-1
98208.611    0.253      83758.975         059003.000073   059003.000401          1.0000  cm-1
98195.946    0.253      4187.453          059003.000073   059003.000484 P        0.0000  cm-1
98195.946    0.253      4187.453          059003.000161   059003.000529 P        0.0000  cm-1
98179.501    0.253      837.361           059003.000047   059003.000466          1.0000  cm-1
98146.132    0.254      2511.293          059003.000049   059003.000367          1.0000  cm-1
98138.625    0.253      167407.611        059003.000095   059003.000494 P        0.0000  cm-1
98138.625    0.253      167407.611        059003.000050   059003.000369          1.0000  cm-1
98138.625    0.253      167407.611        059003.000076   059003.000489 P        0.0000  cm-1
98138.625    0.253      167407.611        059003.000059   059003.000383 P        0.0000  cm-1
98115.619    0.253      1673.709          059003.000063   059003.000640          1.0000  cm-1
98105.613    0.253      83677.460         059003.000057   059003.000471          1.0000  cm-1
98105.613    0.253      83677.460         059003.000539   059003.000485 P        0.0000  cm-1
98089.920    0.500      836.649           059003.000093   059003.000413          0.6449  cm-1
98089.920    0.500      836.649           059003.000136   059003.000652 P        0.0000  cm-1
98089.920    0.500      836.649           059003.000069   059003.000481          0.3551  cm-1
98084.135    0.253      50196.125         059003.000045   059003.000360          1.0000  cm-1
98084.135    0.253      50196.125         059003.000035   059003.000625 P        0.0000  cm-1
98074.819    0.317      50191.619         059003.000069   059003.000480 P        0.0000  cm-1
98074.819    0.317      50191.619         059003.000041   059003.000353          0.1596  cm-1
98074.819    0.317      50191.619         059003.000050   059003.000367          0.2863  cm-1
98074.819    0.317      50191.619         059003.000072   059003.000399          0.5541  cm-1
98068.298    0.500      836.474           059003.000064   059003.000388          1.0000  cm-1
98049.915    0.252      8363.254          059003.000145   059003.000503 P        0.0000  cm-1
98049.915    0.252      8363.254          059003.000095   059003.000495          1.0000  cm-1
98041.045    0.252      1672.507          059003.000074   059003.000485          1.0000  cm-1
98034.330    0.252      33447.947         059003.000041   059003.000352          1.0000  cm-1
98021.148    0.252      4180.456          059003.000097   059003.000494          1.0000  cm-1
98015.121    0.500      4180.209          059003.000148   059003.000506 P        0.0000  cm-1
98015.121    0.500      4180.209          059003.000070   059003.000479          0.4688  cm-1
98015.121    0.500      4180.209          059003.000062   059003.000476          0.4083  cm-1
98015.121    0.500      4180.209          059003.000069   059003.000394          0.1229  cm-1
97980.829    0.252      8357.601          059003.000057   059003.000469          1.0000  cm-1
97944.296    0.252      41772.871         059003.000091   059003.000410          1.0000  cm-1
97939.548    0.252      5847.925          059003.000093   059003.000411 P        0.0000  cm-1
97939.548    0.252      5847.925          059003.000069   059003.000393          1.0000  cm-1
97928.924    0.252      16706.586         059003.000078   059003.000491          1.0000  cm-1
97909.540    0.252      835167.154        059003.000046   059003.000361          1.0000  cm-1
97887.909    0.252      12524.780         059003.000070   059003.000393          1.0000  cm-1
97879.640    0.252      5844.409          059003.000095   059003.000493          0.7912  cm-1
97879.640    0.252      5844.409          059003.000146   059003.000638          0.2088  cm-1
97879.640    0.252      5844.409          059003.000161   059003.000525 P        0.0000  cm-1
97873.720    0.317      25045.967         059003.000059   059003.000379          0.6921  cm-1
97873.720    0.317      25045.967         059003.000072   059003.000396          0.0717  cm-1
97873.720    0.317      25045.967         059003.000178   059003.000537 P        0.0000  cm-1
97873.720    0.317      25045.967         059003.000060   059003.000381          0.2362  cm-1
97870.099    0.253      834.835           059003.000078   059003.000490          0.1509  cm-1
97870.099    0.253      834.835           059003.000062   059003.000385          0.8491  cm-1
97860.412    0.508      4173.765          059003.000060   059003.000472 P        0.0000  cm-1
97860.412    0.508      4173.765          059003.000154   059003.000518          1.0000  cm-1
97840.113    0.251      3338.322          059003.000073   059003.000628          1.0000  cm-1
97840.113    0.251      3338.322          059003.000078   059003.000489 P        0.0000  cm-1
97833.511    0.251      3338.097          059003.000064   059003.000630          1.0000  cm-1
97818.645    0.253      3337.588          059003.000062   059003.000474          1.0000  cm-1
97809.697    0.251      1668.641          059003.000063   059003.000386          1.0000  cm-1
97793.906    0.251      1668.370          059003.000060   059003.000380          1.0000  cm-1
97793.906    0.251      1668.370          059003.000150   059003.000510 P        0.0000  cm-1
97775.136    0.251      41701.147         059003.000060   059003.000378 P        0.0000  cm-1
97775.136    0.251      41701.147         059003.000073   059003.000397          1.0000  cm-1
97761.403    0.279      8339.041          059003.000097   059003.000493          1.0000  cm-1
97758.032    0.251      166774.967        059003.000053   059003.000468          0.1751  cm-1
97758.032    0.251      166774.967        059003.000042   059003.000354          0.5735  cm-1
97758.032    0.251      166774.967        059003.000049   059003.000465          0.2515  cm-1
97730.523    0.251      8336.355          059003.000097   059003.000411          1.0000  cm-1
97726.225    0.251      83359.795         059003.000071   059003.000479          1.0000  cm-1
97697.114    0.251      25000.285         059003.000060   059003.000377          0.7664  cm-1
97697.114    0.251      25000.285         059003.000072   059003.000481          0.2336  cm-1
97687.836    0.500      4166.306          059003.000099   059003.000413          0.5915  cm-1
97687.836    0.500      4166.306          059003.000109   059003.000567 P        0.0000  cm-1
97687.836    0.500      4166.306          059003.000050   059003.000465          0.4085  cm-1
97658.640    0.251      16660.063         059003.000081   059003.000491          1.0000  cm-1
97658.640    0.251      16660.063         059003.000135   059003.000499 P        0.0000  cm-1
97652.929    0.250      8329.525          059003.000093   059003.000409          1.0000  cm-1
97644.631    0.250      832.879           059003.000053   059003.000370          1.0000  cm-1
97636.334    0.500      4164.025          059003.000073   059003.000482          1.0000  cm-1
97627.012    0.250      832.722           059003.000100   059003.000495          0.2288  cm-1
97627.012    0.250      832.722           059003.000067   059003.000624          0.7712  cm-1
97622.231    0.250      6661.433          059003.000072   059003.000394          1.0000  cm-1
97588.615    0.500      8323.776          059003.000080   059003.000488          0.2532  cm-1
97588.615    0.500      8323.776          059003.000145   059003.000500 P        0.0000  cm-1
97588.615    0.500      8323.776          059003.000063   059003.000384          0.7468  cm-1
97588.615    0.500      8323.776          059003.000148   059003.000503 P        0.0000  cm-1
97566.423    0.500      8321.774          059003.000066   059003.000390 P        0.0000  cm-1
97566.423    0.500      8321.774          059003.000099   059003.000493          0.1934  cm-1
97566.423    0.500      8321.774          059003.000081   059003.000489 P        0.0000  cm-1
97566.423    0.500      8321.774          059003.000080   059003.000487          0.8066  cm-1
97566.423    0.500      8321.774          059003.000110   059003.000680 P        0.0000  cm-1
97547.454    0.250      41600.255         059003.000072   059003.000393          1.0000  cm-1
97537.996    0.250      8319.191          059003.000099   059003.000411          1.0000  cm-1
97495.150    0.505      33261.103         059003.000053   059003.000368          1.0000  cm-1
97495.150    0.505      33261.103         059003.000156   059003.000515 P        0.0000  cm-1
97471.275    0.500      3325.231          059003.000096   059003.000410          0.8558  cm-1
97471.275    0.500      3325.231          059003.000087   059003.000635          0.0332  cm-1
97471.275    0.500      3325.231          059003.000076   059003.000404          0.1109  cm-1
97466.159    0.278      8312.606          059003.000060   059003.000469 P        0.0000  cm-1
97466.159    0.278      8312.606          059003.000083   059003.000491          1.0000  cm-1
97463.188    0.278      83123.315         059003.000067   059003.000389          1.0000  cm-1
97448.672    0.249      415549.392        059003.000041   059003.000349          1.0000  cm-1
97448.672    0.249      415549.392        059003.000161   059003.000521 P        0.0000  cm-1
97448.672    0.249      415549.392        059003.000096   059003.000409 P        0.0000  cm-1
97442.194    0.249      83103.870         059003.000049   059003.000362          1.0000  cm-1
97442.194    0.249      83103.870         059003.000081   059003.000487 P        0.0000  cm-1
97434.450    0.249      1661.933          059003.000045   059003.000359          1.0000  cm-1
97434.450    0.249      1661.933          059003.000074   059003.000398 P        0.0000  cm-1
97426.658    0.250      830.894           059003.000154   059003.000514          0.5210  cm-1
97426.658    0.250      830.894           059003.000062   059003.000472          0.4790  cm-1
97420.766    0.249      16616.787         059003.000177   059003.000535 P        0.0000  cm-1
97420.766    0.249      16616.787         059003.000053   059003.000366          1.0000  cm-1
97420.766    0.249      16616.787         059003.000540   059003.000490 P        0.0000  cm-1
97399.051    0.249      830.636           059003.000156   059003.000514          1.0000  cm-1
97399.051    0.249      830.636           059003.000054   059003.000373 P        0.0000  cm-1
97399.051    0.249      830.636           059003.000136   059003.000572 P        0.0000  cm-1
97378.558    0.251      1660.888          059003.000054   059003.000468          1.0000  cm-1
97357.291    0.250      2490.731          059003.000134   059003.000415 P        0.0000  cm-1
97357.291    0.250      2490.731          059003.000062   059003.000380          1.0000  cm-1
97349.748    0.249      33206.890         059003.000082   059003.000488          1.0000  cm-1
97324.888    0.505      8299.364          059003.000082   059003.000487          0.4841  cm-1
97324.888    0.505      8299.364          059003.000166   059003.000524          0.1991  cm-1
97324.888    0.505      8299.364          059003.000091   059003.000408          0.3168  cm-1
97317.250    0.864      82986.374         059003.000136   059003.000419 P        0.0000  cm-1
97317.250    0.864      82986.374         059003.000066   059003.000387          0.7014  cm-1
97317.250    0.864      82986.374         059003.000049   059003.000361          0.2986  cm-1
97317.250    0.864      82986.374         059003.000168   059003.000526 P        0.0000  cm-1
97317.250    0.864      82986.374         059003.000135   059003.000418 P        0.0000  cm-1
97273.679    0.249      1658.894          059003.000102   059003.000495          1.0000  cm-1
97260.941    0.278      16586.486         059003.000539   059003.000478 P        0.0000  cm-1
97260.941    0.278      16586.486         059003.000059   059003.000375 P        0.0000  cm-1
97260.941    0.278      16586.486         059003.000062   059003.000377          1.0000  cm-1
97250.247    0.249      8292.212          059003.000088   059003.000635          0.1053  cm-1
97250.247    0.249      8292.212          059003.000099   059003.000409          0.5208  cm-1
97250.247    0.249      8292.212          059003.000083   059003.000487          0.3739  cm-1
97209.185    0.504      6630.585          059003.000104   059003.000494 P        0.0000  cm-1
97209.185    0.504      6630.585          059003.000151   059003.000504 P        0.0000  cm-1
97209.185    0.504      6630.585          059003.000063   059003.000380          1.0000  cm-1
97191.258    0.500      82864.824         059003.000075   059003.000482          0.3246  cm-1
97191.258    0.500      82864.824         059003.000059   059003.000374          0.6754  cm-1
97191.258    0.500      82864.824         059003.000035   059003.000555 P        0.0000  cm-1
97191.258    0.500      82864.824         059003.000049   059003.000360 P        0.0000  cm-1
97178.872    0.248      1657054.170       059003.000042   059003.000351          1.0000  cm-1
97166.973    0.248      24852.312         059003.000064   059003.000379          1.0000  cm-1
97161.874    0.248      82836.033         059003.000064   059003.000378          1.0000  cm-1
97161.874    0.248      82836.033         059003.000036   059003.000346 P        0.0000  cm-1
97155.076    0.503      8282.935          059003.000150   059003.000623 P        0.0000  cm-1
97155.076    0.503      8282.935          059003.000053   059003.000365          0.4179  cm-1
97155.076    0.503      8282.935          059003.000066   059003.000630          0.5821  cm-1
97144.783    0.248      4140.960          059003.000035   059003.000554 P        0.0000  cm-1
97144.783    0.248      4140.960          059003.000069   059003.000389          1.0000  cm-1
97122.353    0.248      41398.522         059003.000084   059003.000407 P        0.0000  cm-1
97122.353    0.248      41398.522         059003.000104   059003.000495          1.0000  cm-1
97114.782    0.249      165579.078        059003.000054   059003.000368          1.0000  cm-1
97107.793    0.248      16556.520         059003.000108   059003.000496          1.0000  cm-1
97083.093    0.248      16551.602         059003.000064   059003.000377          1.0000  cm-1
97075.766    0.248      2482.521          059003.000078   059003.000402          1.0000  cm-1
97075.766    0.248      2482.521          059003.000150   059003.000503 P        0.0000  cm-1
97075.766    0.248      2482.521          059003.000151   059003.000638 P        0.0000  cm-1
97069.362    0.248      33097.714         059003.000075   059003.000480          1.0000  cm-1
97056.555    0.248      16546.291         059003.000093   059003.000408          1.0000  cm-1
97040.452    0.249      16543.055         059003.000054   059003.000366          1.0000  cm-1
97030.997    0.248      4135.287          059003.000067   059003.000386          0.1119  cm-1
97030.997    0.248      4135.287          059003.000149   059003.000500 P        0.0000  cm-1
97030.997    0.248      4135.287          059003.000062   059003.000469          0.8881  cm-1
97022.849    0.500      41348.763         059003.000080   059003.000404          0.4928  cm-1
97022.849    0.500      41348.763         059003.000053   059003.000364          0.5072  cm-1
97007.383    0.247      248045.655        059003.000154   059003.000511 P        0.0000  cm-1
97007.383    0.247      248045.655        059003.000075   059003.000394          1.0000  cm-1
96977.281    0.247      16530.261         059003.000083   059003.000486          0.5503  cm-1
96977.281    0.247      16530.261         059003.000064   059003.000471          0.4497  cm-1
96965.455    0.247      1652.785          059003.000098   059003.000492 P        0.0000  cm-1
96959.543    0.247      2478.996          059003.000045   059003.000458          1.0000  cm-1
96959.543    0.247      2478.996          059003.000043   059003.000671 P        0.0000  cm-1
96952.469    0.247      4131.298          059003.000104   059003.000493          1.0000  cm-1
96942.973    0.500      247848.722        059003.000042   059003.000349          0.9296  cm-1
96942.973    0.500      247848.722        059003.000155   059003.000510 P        0.0000  cm-1
96942.973    0.500      247848.722        059003.000105   059003.000493          0.0704  cm-1
96933.671    0.247      16521.339         059003.000064   059003.000470          0.1693  cm-1
96933.671    0.247      16521.339         059003.000178   059003.000530 P        0.0000  cm-1
96933.671    0.247      16521.339         059003.000082   059003.000405          0.8307  cm-1
96911.584    0.247      8258.396          059003.000105   059003.000411          1.0000  cm-1
96911.584    0.247      8258.396          059003.000172   059003.000529 P        0.0000  cm-1
96891.584    0.247      330253.134        059003.000067   059003.000474          1.0000  cm-1
96885.580    0.247      1651.141          059003.000106   059003.000494          1.0000  cm-1
96878.655    0.247      5778.492          059003.000070   059003.000387          1.0000  cm-1
96871.345    0.247      8254.228          059003.000167   059003.000521 P        0.0000  cm-1
96871.345    0.247      8254.228          059003.000153   059003.000508          1.0000  cm-1
96857.162    0.247      165055.043        059003.000047   059003.000462          1.0000  cm-1
96852.854    0.246      1650.461          059003.000064   059003.000469          1.0000  cm-1
96824.542    0.246      57745.393         059003.000079   059003.000400          1.0000  cm-1
96807.754    0.246      1649.516          059003.000169   059003.000677 P        0.0000  cm-1
96799.046    0.246      12369.992         059003.000086   059003.000491          0.1762  cm-1
96799.046    0.246      12369.992         059003.000076   059003.000397          0.8238  cm-1
96799.046    0.246      12369.992         059003.000039   059003.000348 P        0.0000  cm-1
96786.181    0.275      16490.609         059003.000080   059003.000401          1.0000  cm-1
96786.181    0.275      16490.609         059003.000103   059003.000566 P        0.0000  cm-1
96783.278    0.275      41224.989         059003.000045   059003.000357          0.7214  cm-1
96783.278    0.275      41224.989         059003.000082   059003.000404          0.0232  cm-1
96783.278    0.275      41224.989         059003.000081   059003.000485          0.0448  cm-1
96783.278    0.275      41224.989         059003.000539   059003.000477          0.2106  cm-1
96774.766    0.500      24732.292         059003.000054   059003.000365          0.2801  cm-1
96774.766    0.500      24732.292         059003.000080   059003.000484          0.7199  cm-1
96774.766    0.500      24732.292         059003.000173   059003.000529 P        0.0000  cm-1
96765.868    0.246      4121.577          059003.000069   059003.000630          1.0000  cm-1
96751.072    0.246      82415.839         059003.000072   059003.000389 P        0.0000  cm-1
96751.072    0.246      82415.839         059003.000172   059003.000527 P        0.0000  cm-1
96751.072    0.246      82415.839         059003.000066   059003.000383          1.0000  cm-1
96744.544    0.246      8240.890          059003.000076   059003.000398          0.2056  cm-1
96744.544    0.246      8240.890          059003.000106   059003.000413          0.6471  cm-1
96744.544    0.246      8240.890          059003.000073   059003.000624          0.1473  cm-1
96741.887    0.246      16481.213         059003.000057   059003.000467          0.9010  cm-1
96741.887    0.246      16481.213         059003.000086   059003.000490          0.0990  cm-1
96736.472    0.246      16480.059         059003.000082   059003.000403          1.0000  cm-1
96731.880    0.246      4119.770          059003.000111   059003.000496          1.0000  cm-1
96728.157    0.246      8239.143          059003.000075   059003.000392 P        0.0000  cm-1
96728.157    0.246      8239.143          059003.000154   059003.000507          0.8361  cm-1
96728.157    0.246      8239.143          059003.000047   059003.000460          0.1639  cm-1
96710.854    1.000      8237.292          059003.000070   059003.000630 P        0.0000  cm-1
96710.854    1.000      8237.292          059003.000084   059003.000405 P        0.0000  cm-1
96710.854    1.000      8237.292          059003.000054   059003.000466          0.7494  cm-1
96710.854    1.000      8237.292          059003.000086   059003.000489          0.2506  cm-1
96707.761    0.274      16473.922         059003.000083   059003.000404          1.0000  cm-1
96701.286    0.246      5765.387          059003.000053   059003.000463          1.0000  cm-1
96701.286    0.246      5765.387          059003.000174   059003.000603 P        0.0000  cm-1
96701.286    0.246      5765.387          059003.000156   059003.000507 P        0.0000  cm-1
96680.364    0.246      82340.174         059003.000067   059003.000382          1.0000  cm-1
96680.364    0.246      82340.174         059003.000174   059003.000602 P        0.0000  cm-1
96636.797    0.246      24687.919         059003.000156   059003.000506          1.0000  cm-1
96634.768    0.245      4114.543          059003.000091   059003.000634          1.0000  cm-1
96624.387    0.245      2468.387          059003.000540   059003.000402 P        0.0000  cm-1
96624.387    0.245      2468.387          059003.000106   059003.000493 P        0.0000  cm-1
96624.387    0.245      2468.387          059003.000069   059003.000385          1.0000  cm-1
96612.653    0.245      1645.336          059003.000083   059003.000402          0.8911  cm-1
96612.653    0.245      1645.336          059003.000158   059003.000637          0.1089  cm-1
96608.164    0.245      41130.948         059003.000072   059003.000388          1.0000  cm-1
96608.164    0.245      41130.948         059003.000036   059003.000344 P        0.0000  cm-1
96594.262    0.245      8224.671          059003.000106   059003.000411          1.0000  cm-1
96589.388    0.245      8224.137          059003.000083   059003.000485 P        0.0000  cm-1
96589.388    0.245      8224.137          059003.000071   059003.000387          1.0000  cm-1
96582.486    0.245      16446.762         059003.000158   059003.000510 P        0.0000  cm-1
96566.849    0.245      8221.664          059003.000074   059003.000391          1.0000  cm-1
96555.558    0.245      24661.264         059003.000093   059003.000635          0.1054  cm-1
96555.558    0.245      24661.264         059003.000064   059003.000375          0.8946  cm-1
96547.164    0.852      6575.597          059003.000057   059003.000369 P        0.0000  cm-1
96547.164    0.852      6575.597          059003.000054   059003.000464          0.7611  cm-1
96547.164    0.852      6575.597          059003.000082   059003.000401          0.2389  cm-1
96511.181    0.273      32862.052         059003.000138   059003.000498          1.0000  cm-1
96509.059    0.273      32861.109         059003.000067   059003.000381 P        0.0000  cm-1
96509.059    0.273      32861.109         059003.000154   059003.000505          1.0000  cm-1
96509.059    0.273      32861.109         059003.000085   059003.000486 P        0.0000  cm-1
96487.072    0.318      49276.980         059003.000118   059003.000679 P        0.0000  cm-1
96487.072    0.318      49276.980         059003.000066   059003.000379          0.1921  cm-1
96487.072    0.318      49276.980         059003.000057   059003.000367          0.8079  cm-1
96467.258    0.245      8210.616          059003.000050   059003.000359          1.0000  cm-1
96455.545    0.245      4104.652          059003.000074   059003.000624 P        0.0000  cm-1
96455.545    0.245      4104.652          059003.000173   059003.000525 P        0.0000  cm-1
96455.545    0.245      4104.652          059003.000073   059003.000640 P        0.0000  cm-1
96448.653    0.245      12312.796         059003.000047   059003.000358          1.0000  cm-1
96410.590    0.244      8204.243          059003.000137   059003.000414          1.0000  cm-1
96395.945    0.244      24607.755         059003.000154   059003.000504          1.0000  cm-1
96392.044    0.317      1640.429          059003.000068   059003.000564 P        0.0000  cm-1
96392.044    0.317      1640.429          059003.000078   059003.000395          0.4383  cm-1
96392.044    0.317      1640.429          059003.000080   059003.000483          0.5617  cm-1
96387.661    0.244      4100.823          059003.000085   059003.000405          1.0000  cm-1
96377.886    0.244      16401.070         059003.000108   059003.000493 P        0.0000  cm-1
96377.886    0.244      16401.070         059003.000072   059003.000476          1.0000  cm-1
96366.858    0.273      40996.401         059003.000156   059003.000504          0.9240  cm-1
96366.858    0.273      40996.401         059003.000093   059003.000634          0.0760  cm-1
96363.585    0.273      40994.536         059003.000037   059003.000555 P        0.0000  cm-1
96363.585    0.273      40994.536         059003.000045   059003.000353          1.0000  cm-1
96352.078    0.244      4098.797          059003.000080   059003.000397          1.0000  cm-1
96333.159    0.244      32781.722         059003.000067   059003.000377 P        0.0000  cm-1
96333.159    0.244      32781.722         059003.000087   059003.000487          1.0000  cm-1
96321.994    0.244      327765.999        059003.000045   059003.000352          1.0000  cm-1
96321.994    0.244      327765.999        059003.000054   059003.000463 P        0.0000  cm-1
96312.080    0.244      819301.089        059003.000038   059003.000556 P        0.0000  cm-1
96312.080    0.244      819301.089        059003.000070   059003.000383          1.0000  cm-1
96312.080    0.244      819301.089        059003.000086   059003.000486 P        0.0000  cm-1
96306.256    0.500      5734.639          059003.000171   059003.000523 P        0.0000  cm-1
96306.256    0.500      5734.639          059003.000106   059003.000409          0.2452  cm-1
96306.256    0.500      5734.639          059003.000155   059003.000623          0.7548  cm-1
96297.451    0.244      8191.327          059003.000080   059003.000398 P        0.0000  cm-1
96297.451    0.244      8191.327          059003.000066   059003.000471          0.4415  cm-1
96297.451    0.244      8191.327          059003.000047   059003.000357          0.5585  cm-1
96267.577    0.244      2456.362          059003.000060   059003.000468          0.8018  cm-1
96267.577    0.244      2456.362          059003.000081   059003.000483          0.1982  cm-1
96250.071    0.244      8185.842          059003.000046   059003.000354          1.0000  cm-1
96243.483    0.244      4092.538          059003.000105   059003.000492 P        0.0000  cm-1
96243.483    0.244      4092.538          059003.000160   059003.000515          0.6913  cm-1
96243.483    0.244      4092.538          059003.000160   059003.000516          0.3087  cm-1
96232.087    0.272      81837.489         059003.000156   059003.000638 P        0.0000  cm-1
96232.087    0.272      81837.489         059003.000072   059003.000385          1.0000  cm-1
96228.047    0.272      40916.388         059003.000176   059003.000526 P        0.0000  cm-1
96228.047    0.272      40916.388         059003.000081   059003.000397          0.1222  cm-1
96228.047    0.272      40916.388         059003.000060   059003.000467          0.8778  cm-1
96228.047    0.272      40916.388         059003.000175   059003.000525 P        0.0000  cm-1
96223.143    0.272      49096.232         059003.000155   059003.000503          0.2340  cm-1
96223.143    0.272      49096.232         059003.000037   059003.000345 P        0.0000  cm-1
96223.143    0.272      49096.232         059003.000047   059003.000355          0.7660  cm-1
96211.366    0.243      8181.329          059003.000078   059003.000478          1.0000  cm-1
96174.551    0.243      40885.042         059003.000081   059003.000398          1.0000  cm-1
96174.551    0.243      40885.042         059003.000163   059003.000519 P        0.0000  cm-1
96159.273    0.243      8175.207          059003.000079   059003.000481          1.0000  cm-1
96149.281    0.243      4087.013          059003.000073   059003.000386          1.0000  cm-1
96146.446    0.243      4086.846          059003.000079   059003.000480          1.0000  cm-1
96141.162    0.243      40865.332         059003.000165   059003.000519 P        0.0000  cm-1
96141.162    0.243      40865.332         059003.000154   059003.000502          1.0000  cm-1
96137.368    0.243      81726.171         059003.000075   059003.000389          0.5056  cm-1
96137.368    0.243      81726.171         059003.000079   059003.000479          0.1137  cm-1
96137.368    0.243      81726.171         059003.000088   059003.000488          0.3807  cm-1
96131.172    0.243      16343.765         059003.000088   059003.000407          1.0000  cm-1
96113.643    0.243      4901.881          059003.000088   059003.000487 P        0.0000  cm-1
96099.383    0.243      81681.028         059003.000069   059003.000379          1.0000  cm-1
96099.383    0.243      81681.028         059003.000057   059003.000465 P        0.0000  cm-1
96094.341    0.243      40837.507         059003.000069   059003.000378          1.0000  cm-1
96094.341    0.243      40837.507         059003.000174   059003.000677 P        0.0000  cm-1
96075.572    0.243      8165.258          059003.000083   059003.000483          1.0000  cm-1
96061.461    0.243      48981.404         059003.000046   059003.000353          0.2284  cm-1
96061.461    0.243      48981.404         059003.000108   059003.000409          0.4188  cm-1
96061.461    0.243      48981.404         059003.000087   059003.000486          0.3528  cm-1
96048.264    0.243      81619.822         059003.000070   059003.000379          1.0000  cm-1
96042.746    0.243      16322.637         059003.000070   059003.000378          1.0000  cm-1
96037.660    0.243      163214.120        059003.000060   059003.000369          1.0000  cm-1
96019.287    0.243      326339.579        059003.000084   059003.000399          1.0000  cm-1
96009.739    0.243      16314.670         059003.000154   059003.000501          1.0000  cm-1
96009.739    0.243      16314.670         059003.000073   059003.000474 P        0.0000  cm-1
96009.739    0.243      16314.670         059003.000079   059003.000393 P        0.0000  cm-1
96003.985    0.242      81566.384         059003.000060   059003.000368          0.8641  cm-1
96003.985    0.242      81566.384         059003.000111   059003.000493          0.1359  cm-1
95993.386    0.242      81553.535         059003.000039   059003.000669 P        0.0000  cm-1
95993.386    0.242      81553.535         059003.000075   059003.000388          1.0000  cm-1
95993.386    0.242      81553.535         059003.000050   059003.000458 P        0.0000  cm-1
95981.253    0.242      81538.797         059003.000083   059003.000398          0.0819  cm-1
95981.253    0.242      81538.797         059003.000156   059003.000501          0.9181  cm-1
95972.862    0.242      48917.153         059003.000111   059003.000411          0.4014  cm-1
95972.862    0.242      48917.153         059003.000082   059003.000482          0.5986  cm-1
95966.582    0.242      2445.628          059003.000034   059003.000545 P        0.0000  cm-1
95946.447    0.242      16299.272         059003.000086   059003.000402          0.6649  cm-1
95946.447    0.242      16299.272         059003.000158   059003.000623          0.3351  cm-1
95941.272    0.242      1629.801          059003.000540   059003.000395 P        0.0000  cm-1
95941.272    0.242      1629.801          059003.000087   059003.000405          1.0000  cm-1
95925.456    0.242      81470.648         059003.000138   059003.000414          1.0000  cm-1
95909.547    0.242      5701.577          059003.000069   059003.000471          1.0000  cm-1
95894.073    0.242      8143.204          059003.000539   059003.000475          1.0000  cm-1
95880.756    0.242      814156.035        059003.000049   059003.000356          1.0000  cm-1
95867.345    0.242      8139.901          059003.000069   059003.000470          1.0000  cm-1
95867.345    0.242      8139.901          059003.000118   059003.000680 P        0.0000  cm-1
95856.954    0.242      162772.259        059003.000053   059003.000359          1.0000  cm-1
95850.395    0.242      4068.899          059003.000082   059003.000480          1.0000  cm-1
95831.388    0.243      40677.173         059003.000062   059003.000468          1.0000  cm-1
95831.388    0.243      40677.173         059003.000074   059003.000475 P        0.0000  cm-1
95818.749    0.242      8133.858          059003.000084   059003.000396          1.0000  cm-1
95804.246    0.241      406602.299        059003.000066   059003.000374          1.0000  cm-1
95799.079    0.241      40656.996         059003.000072   059003.000381          1.0000  cm-1
95788.359    0.241      2439.017          059003.000082   059003.000394          1.0000  cm-1
95782.952    0.241      406468.854        059003.000057   059003.000362          1.0000  cm-1
95774.867    0.241      2438.508          059003.000153   059003.000500 P        0.0000  cm-1
95774.867    0.241      2438.508          059003.000045   059003.000350          1.0000  cm-1
95766.973    0.241      40636.842         059003.000053   059003.000462          1.0000  cm-1
95763.673    0.241      40634.764         059003.000155   059003.000500          0.6128  cm-1
95763.673    0.241      40634.764         059003.000075   059003.000476          0.3872  cm-1
95729.857    0.241      24368.049         059003.000078   059003.000477          1.0000  cm-1
95707.577    0.241      8119.857          059003.000072   059003.000379          1.0000  cm-1
95702.270    0.317      24357.547         059003.000091   059003.000407 P        0.0000  cm-1
95702.270    0.317      24357.547         059003.000072   059003.000378 P        0.0000  cm-1
95702.270    0.317      24357.547         059003.000063   059003.000373          1.0000  cm-1
95694.574    0.241      3247.281          059003.000115   059003.000496          1.0000  cm-1
95671.249    0.241      6492.182          059003.000046   059003.000351          1.0000  cm-1
95656.340    0.269      243399.615        059003.000103   059003.000681 P        0.0000  cm-1
95656.340    0.269      243399.615        059003.000057   059003.000361          0.3616  cm-1
95656.340    0.269      243399.615        059003.000049   059003.000354          0.6384  cm-1
95653.043    0.269      16225.796         059003.000064   059003.000468          1.0000  cm-1
95647.167    0.838      8112.145          059003.000112   059003.000495          1.0000  cm-1
95629.253    0.241      16219.687         059003.000084   059003.000480          1.0000  cm-1
95623.950    0.241      4054.581          059003.000072   059003.000377          1.0000  cm-1
95615.449    0.241      81080.661         059003.000539   059003.000473          1.0000  cm-1
95611.582    0.241      8107.567          059003.000063   059003.000371          1.0000  cm-1
95601.170    0.242      24318.670         059003.000062   059003.000369          1.0000  cm-1
95592.145    0.241      8105.057          059003.000053   059003.000459          0.2262  cm-1
95592.145    0.241      8105.057          059003.000160   059003.000508          0.7738  cm-1
95584.649    0.240      405204.310        059003.000060   059003.000465 P        0.0000  cm-1
95584.649    0.240      405204.310        059003.000050   059003.000354          1.0000  cm-1
95552.804    0.240      809.996           059003.000087   059003.000401          0.8667  cm-1
95552.804    0.240      809.996           059003.000161   059003.000512          0.1333  cm-1
95552.804    0.240      809.996           059003.000074   059003.000473 P        0.0000  cm-1
95548.181    0.240      809.935           059003.000073   059003.000380          1.0000  cm-1
95538.540    0.240      16196.185         059003.000064   059003.000370          0.5096  cm-1
95538.540    0.240      16196.185         059003.000089   059003.000486          0.4904  cm-1
95538.540    0.240      16196.185         059003.000039   059003.000346 P        0.0000  cm-1
95531.289    0.240      242914.380        059003.000060   059003.000364          1.0000  cm-1
95531.289    0.240      242914.380        059003.000057   059003.000360 P        0.0000  cm-1
95516.544    0.240      2428.565          059003.000072   059003.000471 P        0.0000  cm-1
95501.565    0.240      2427.977          059003.000035   059003.000547 P        0.0000  cm-1
95488.879    0.240      2427476.756       059003.000059   059003.000363          1.0000  cm-1
95488.879    0.240      2427476.756       059003.000069   059003.000375 P        0.0000  cm-1
95479.053    0.268      8090.297          059003.000076   059003.000640          0.6708  cm-1
95479.053    0.268      8090.297          059003.000112   059003.000493          0.3292  cm-1
95476.955    0.269      8090.020          059003.000054   059003.000359          1.0000  cm-1
95476.955    0.269      8090.020          059003.000124   059003.000679 P        0.0000  cm-1
95454.164    0.240      8087.014          059003.000095   059003.000489          1.0000  cm-1
95442.580    0.240      808.548           059003.000093   059003.000488          1.0000  cm-1
95437.239    0.500      80847.742         059003.000060   059003.000464 P        0.0000  cm-1
95437.239    0.500      80847.742         059003.000114   059003.000413          0.6434  cm-1
95437.239    0.500      80847.742         059003.000070   059003.000375          0.0543  cm-1
95437.239    0.500      80847.742         059003.000165   059003.000515 P        0.0000  cm-1
95437.239    0.500      80847.742         059003.000093   059003.000407          0.1752  cm-1
95437.239    0.500      80847.742         059003.000165   059003.000516 P        0.0000  cm-1
95437.239    0.500      80847.742         059003.000091   059003.000406          0.1271  cm-1
95437.239    0.500      80847.742         059003.000046   059003.000349 P        0.0000  cm-1
95437.239    0.500      80847.742         059003.000166   059003.000517 P        0.0000  cm-1
95426.944    0.240      6466.727          059003.000049   059003.000352          0.0402  cm-1
95426.944    0.240      6466.727          059003.000085   059003.000482          0.9598  cm-1
95423.085    0.240      2424.869          059003.000092   059003.000678 P        0.0000  cm-1
95423.085    0.240      2424.869          059003.000064   059003.000369          1.0000  cm-1
95408.884    0.240      5656.706          059003.000086   059003.000483          1.0000  cm-1
95396.781    0.240      32317.589         059003.000050   059003.000353          1.0000  cm-1
95396.781    0.240      32317.589         059003.000036   059003.000547 P        0.0000  cm-1
95382.394    0.239      2423.243          059003.000053   059003.000458          1.0000  cm-1
95361.483    0.268      161493.585        059003.000059   059003.000362          1.0000  cm-1
95358.862    0.318      16148.656         059003.000040   059003.000347 P        0.0000  cm-1
95358.862    0.318      16148.656         059003.000064   059003.000367          0.9626  cm-1
95358.862    0.318      16148.656         059003.000053   059003.000358          0.0374  cm-1
95356.052    0.268      80739.512         059003.000050   059003.000352          1.0000  cm-1
95336.052    0.239      12106.897         059003.000114   059003.000412          1.0000  cm-1
95336.052    0.239      12106.897         059003.000097   059003.000489 P        0.0000  cm-1
95333.482    0.239      4035.459          059003.000088   059003.000401          1.0000  cm-1
95321.245    0.239      1613854.077       059003.000080   059003.000624 P        0.0000  cm-1
95321.245    0.239      1613854.077       059003.000088   059003.000484 P        0.0000  cm-1
95321.245    0.239      1613854.077       059003.000071   059003.000376          1.0000  cm-1
95321.245    0.239      1613854.077       059003.000039   059003.000345 P        0.0000  cm-1
95308.345    0.239      16135.059         059003.000081   059003.000391          1.0000  cm-1
95287.641    0.317      80647.282         059003.000047   059003.000350          0.9207  cm-1
95287.641    0.317      80647.282         059003.000114   059003.000411          0.0793  cm-1
95279.457    0.239      16127.237         059003.000540   059003.000477          1.0000  cm-1
95233.171    0.239      16114.634         059003.000097   059003.000488          1.0000  cm-1
95228.557    0.240      56396.806         059003.000169   059003.000586 P        0.0000  cm-1
95228.557    0.240      56396.806         059003.000062   059003.000365          1.0000  cm-1
95208.966    0.239      80540.046         059003.000097   059003.000487          1.0000  cm-1
95198.982    0.239      16105.270         059003.000036   059003.000545 P        0.0000  cm-1
95198.982    0.239      16105.270         059003.000172   059003.000520          1.0000  cm-1
95198.982    0.239      16105.270         059003.000081   059003.000624 P        0.0000  cm-1
95184.339    0.238      2415.187          059003.000087   059003.000628          1.0000  cm-1
95184.339    0.238      2415.187          059003.000075   059003.000381 P        0.0000  cm-1
95179.158    0.238      5634.936          059003.000169   059003.000581 P        0.0000  cm-1
95179.158    0.238      5634.936          059003.000078   059003.000640          1.0000  cm-1
95168.465    0.238      804.844           059003.000093   059003.000406          1.0000  cm-1
95158.391    0.317      8047.045          059003.000087   059003.000483 P        0.0000  cm-1
95158.391    0.317      8047.045          059003.000080   059003.000389          1.0000  cm-1
95151.167    0.238      4023.023          059003.000089   059003.000485          1.0000  cm-1
95139.240    0.240      8044.396          059003.000142   059003.000498 P        0.0000  cm-1
95139.240    0.240      8044.396          059003.000113   059003.000410 P        0.0000  cm-1
95139.240    0.240      8044.396          059003.000167   059003.000515          0.8786  cm-1
95139.240    0.240      8044.396          059003.000167   059003.000516          0.1214  cm-1
95119.335    0.238      16083.271         059003.000087   059003.000397          1.0000  cm-1
95119.335    0.238      16083.271         059003.000161   059003.000509 P        0.0000  cm-1
95116.248    0.238      4020.603          059003.000083   059003.000391          1.0000  cm-1
95109.361    0.238      24120.748         059003.000098   059003.000487          1.0000  cm-1
95096.253    0.238      160768.481        059003.000091   059003.000403 P        0.0000  cm-1
95096.253    0.238      160768.481        059003.000072   059003.000375          1.0000  cm-1
95096.253    0.238      160768.481        059003.000062   059003.000364 P        0.0000  cm-1
95081.393    0.238      32145.403         059003.000086   059003.000478          1.0000  cm-1
95075.979    0.238      160711.886        059003.000049   059003.000351 P        0.0000  cm-1
95075.979    0.238      160711.886        059003.000071   059003.000374          1.0000  cm-1
95070.661    0.238      4017.425          059003.000079   059003.000388          1.0000  cm-1
95063.589    0.238      24101.582         059003.000100   059003.000490          1.0000  cm-1
95063.589    0.238      24101.582         059003.000161   059003.000508 P        0.0000  cm-1
95045.171    0.267      4015.639          059003.000167   059003.000514          1.0000  cm-1
95038.953    0.500      4015.202          059003.000099   059003.000488          0.4969  cm-1
95038.953    0.500      4015.202          059003.000160   059003.000623          0.5031  cm-1
95033.543    0.500      2408.893          059003.000099   059003.000407          0.8347  cm-1
95033.543    0.500      2408.893          059003.000080   059003.000640          0.1653  cm-1
95015.988    0.238      2408.152          059003.000060   059003.000360          1.0000  cm-1
95015.988    0.238      2408.152          059003.000099   059003.000487 P        0.0000  cm-1
95005.643    0.238      80257.127         059003.000083   059003.000624          0.1564  cm-1
95005.643    0.238      80257.127         059003.000050   059003.000351          0.8436  cm-1
95000.046    0.238      802492.192        059003.000079   059003.000387          0.8900  cm-1
95000.046    0.238      802492.192        059003.000114   059003.000409          0.1100  cm-1
94983.588    0.238      32090.374         059003.000052   059003.000673 P        0.0000  cm-1
94983.588    0.238      32090.374         059003.000160   059003.000638          1.0000  cm-1
94979.555    0.267      80220.221         059003.000087   059003.000482          0.4979  cm-1
94979.555    0.267      80220.221         059003.000054   059003.000358          0.5021  cm-1
94965.043    0.500      80199.631         059003.000115   059003.000493          0.4901  cm-1
94965.043    0.500      80199.631         059003.000088   059003.000628          0.0257  cm-1
94965.043    0.500      80199.631         059003.000108   059003.000635          0.0577  cm-1
94965.043    0.500      80199.631         059003.000085   059003.000392          0.4265  cm-1
94965.043    0.500      80199.631         059003.000096   059003.000406 P        0.0000  cm-1
94957.457    0.238      801.889           059003.000160   059003.000503          1.0000  cm-1
94950.962    0.238      801.796           059003.000076   059003.000384          1.0000  cm-1
94935.932    0.500      32063.280         059003.000097   059003.000486          0.3749  cm-1
94935.932    0.500      32063.280         059003.000115   059003.000411          0.6251  cm-1
94929.772    0.237      801.494           059003.000163   059003.000637          1.0000  cm-1
94918.064    0.317      2403.981          059003.000082   059003.000389          0.9022  cm-1
94918.064    0.317      2403.981          059003.000064   059003.000364          0.0978  cm-1
94914.273    0.237      4807.636          059003.000141   059003.000416 P        0.0000  cm-1
94887.974    0.237      320358.289        059003.000091   059003.000400          1.0000  cm-1
94853.156    0.237      5602.762          059003.000124   059003.000680 P        0.0000  cm-1
94853.156    0.237      5602.762          059003.000063   059003.000464          1.0000  cm-1
94841.887    0.237      4001.159          059003.000078   059003.000475          0.6871  cm-1
94841.887    0.237      4001.159          059003.000049   059003.000349          0.3129  cm-1
94837.150    0.237      48009.801         059003.000098   059003.000486          1.0000  cm-1
94837.150    0.237      48009.801         059003.000055   059003.000668 P        0.0000  cm-1
94837.150    0.237      48009.801         059003.000079   059003.000630 P        0.0000  cm-1
94829.575    0.265      64004.300         059003.000124   059003.000567 P        0.0000  cm-1
94829.575    0.265      64004.300         059003.000093   059003.000403          1.0000  cm-1
94826.637    0.266      40000.561         059003.000101   059003.000491 P        0.0000  cm-1
94826.637    0.266      40000.561         059003.000088   059003.000396          0.2029  cm-1
94826.637    0.266      40000.561         059003.000054   059003.000357          0.7971  cm-1
94821.668    0.237      39996.961         059003.000076   059003.000382          1.0000  cm-1
94780.439    0.237      23980.199         059003.000112   059003.000492          1.0000  cm-1
94774.052    0.237      239774.047        059003.000062   059003.000463 P        0.0000  cm-1
94774.052    0.237      239774.047        059003.000082   059003.000388          1.0000  cm-1
94760.190    0.237      15980.888         059003.000120   059003.000496 P        0.0000  cm-1
94760.190    0.237      15980.888         059003.000088   059003.000482          1.0000  cm-1
94726.933    0.236      15971.143         059003.000080   059003.000386          1.0000  cm-1
94709.958    0.236      15966.151         059003.000102   059003.000490          1.0000  cm-1
94694.449    0.236      63846.324         059003.000079   059003.000385          1.0000  cm-1
94678.189    0.500      39891.947         059003.000066   059003.000367          0.3228  cm-1
94678.189    0.500      39891.947         059003.000102   059003.000489          0.6772  cm-1
94678.189    0.500      39891.947         059003.000037   059003.000547 P        0.0000  cm-1
94668.971    0.236      15954.052         059003.000164   059003.000507          1.0000  cm-1
94668.971    0.236      15954.052         059003.000095   059003.000485 P        0.0000  cm-1
94650.683    1.254      79743.153         059003.000078   059003.000384          1.0000  cm-1
94650.683    1.254      79743.153         059003.000085   059003.000391 P        0.0000  cm-1
94641.656    0.236      6378.380          059003.000076   059003.000472          1.0000  cm-1
94641.656    0.236      6378.380          059003.000067   059003.000368 P        0.0000  cm-1
94624.083    0.317      7970.361          059003.000099   059003.000405          0.9195  cm-1
94624.083    0.317      7970.361          059003.000096   059003.000403          0.0805  cm-1
94600.371    0.236      31867.295         059003.000086   059003.000477          0.1055  cm-1
94600.371    0.236      31867.295         059003.000091   059003.000399          0.8945  cm-1
94600.371    0.236      31867.295         059003.000167   059003.000637 P        0.0000  cm-1
94587.147    0.236      159296.920        059003.000166   059003.000425          0.9030  cm-1
94587.147    0.236      159296.920        059003.000040   059003.000345 P        0.0000  cm-1
94587.147    0.236      159296.920        059003.000080   059003.000474          0.0970  cm-1
94579.783    0.237      318549.725        059003.000165   059003.000506 P        0.0000  cm-1
94579.783    0.237      318549.725        059003.000062   059003.000360          1.0000  cm-1
94566.750    0.317      15923.577         059003.000098   059003.000404          0.9427  cm-1
94566.750    0.317      15923.577         059003.000067   059003.000366          0.0573  cm-1
94566.750    0.317      15923.577         059003.000118   059003.000670 P        0.0000  cm-1
94563.683    0.264      7961.328          059003.000078   059003.000473          1.0000  cm-1
94543.054    0.236      79582.263         059003.000082   059003.000476          0.7712  cm-1
94543.054    0.236      79582.263         059003.000089   059003.000398          0.2288  cm-1
94543.054    0.236      79582.263         059003.000167   059003.000509 P        0.0000  cm-1
94537.487    0.236      79573.877         059003.000123   059003.000496          0.6631  cm-1
94537.487    0.236      79573.877         059003.000095   059003.000484          0.3369  cm-1
94528.378    0.264      7956.014          059003.000064   059003.000361          1.0000  cm-1
94526.773    0.500      3977.886          059003.000104   059003.000489          1.0000  cm-1
94516.532    0.235      15908.451         059003.000087   059003.000392          0.0435  cm-1
94516.532    0.235      15908.451         059003.000105   059003.000489          0.9565  cm-1
94504.737    0.235      3180.977          059003.000080   059003.000384          1.0000  cm-1
94487.048    0.236      2384.928          059003.000172   059003.000517          0.2848  cm-1
94487.048    0.236      2384.928          059003.000167   059003.000508          0.3659  cm-1
94487.048    0.236      2384.928          059003.000174   059003.000666 P        0.0000  cm-1
94487.048    0.236      2384.928          059003.000082   059003.000386          0.3492  cm-1
94472.570    0.500      79475.625         059003.000099   059003.000404 P        0.0000  cm-1
94472.570    0.500      79475.625         059003.000070   059003.000372          0.0689  cm-1
94472.570    0.500      79475.625         059003.000098   059003.000402          0.5624  cm-1
94472.570    0.500      79475.625         059003.000069   059003.000370          0.3687  cm-1
94449.464    0.235      47664.269         059003.000098   059003.000485          0.1150  cm-1
94449.464    0.235      47664.269         059003.000086   059003.000391 P        0.0000  cm-1
94449.464    0.235      47664.269         059003.000164   059003.000505          0.8850  cm-1
94433.483    0.235      7941.606          059003.000079   059003.000383          1.0000  cm-1
94426.928    0.235      47643.621         059003.000161   059003.000503 P        0.0000  cm-1
94426.928    0.235      47643.621         059003.000099   059003.000403          1.0000  cm-1
94414.864    0.500      158775.139        059003.000097   059003.000484 P        0.0000  cm-1
94414.864    0.500      158775.139        059003.000096   059003.000400          0.4870  cm-1
94414.864    0.500      158775.139        059003.000105   059003.000488          0.5130  cm-1
94406.570    0.264      79374.857         059003.000166   059003.000422          0.2346  cm-1
94406.570    0.264      79374.857         059003.000054   059003.000353          0.7654  cm-1
94403.835    0.263      317482.650        059003.000114   059003.000408          1.0000  cm-1
94392.338    0.235      39676.506         059003.000144   059003.000499 P        0.0000  cm-1
94392.338    0.235      39676.506         059003.000540   059003.000475          1.0000  cm-1
94392.338    0.235      39676.506         059003.000039   059003.000548 P        0.0000  cm-1
94376.556    0.263      79328.739         059003.000164   059003.000424          1.0000  cm-1
94376.556    0.263      79328.739         059003.000080   059003.000382 P        0.0000  cm-1
94372.645    0.263      79322.717         059003.000085   059003.000389          1.0000  cm-1
94365.250    0.235      7931.132          059003.000060   059003.000359          0.1295  cm-1
94365.250    0.235      7931.132          059003.000166   059003.000505          0.8705  cm-1
94355.641    0.235      15859.299         059003.000069   059003.000369          1.0000  cm-1
94346.364    0.236      7928.216          059003.000082   059003.000474          0.1171  cm-1
94346.364    0.236      7928.216          059003.000167   059003.000507          0.8829  cm-1
94332.942    0.235      15852.280         059003.000093   059003.000399          1.0000  cm-1
94325.550    0.234      31699.979         059003.000184   059003.000682 P        0.0000  cm-1
94317.547    0.235      23771.261         059003.000098   059003.000484          1.0000  cm-1
94296.553    0.234      7920.492          059003.000088   059003.000392          1.0000  cm-1
94291.189    0.236      158393.137        059003.000166   059003.000424 P        0.0000  cm-1
94291.189    0.236      158393.137        059003.000069   059003.000367          1.0000  cm-1
94274.482    0.234      15834.106         059003.000119   059003.000493          1.0000  cm-1
94263.565    0.234      79153.483         059003.000163   059003.000623          1.0000  cm-1
94251.475    0.234      79134.576         059003.000081   059003.000382          1.0000  cm-1
94246.346    0.263      3956.327          059003.000085   059003.000640 P        0.0000  cm-1
94246.346    0.263      3956.327          059003.000100   059003.000485          1.0000  cm-1
94244.465    0.262      3956.180          059003.000119   059003.000411          1.0000  cm-1
94240.186    0.264      23735.069         059003.000038   059003.000544 P        0.0000  cm-1
94240.186    0.264      23735.069         059003.000070   059003.000367          1.0000  cm-1
94236.469    0.262      23733.321         059003.000099   059003.000401          1.0000  cm-1
94236.469    0.262      23733.321         059003.000067   059003.000466 P        0.0000  cm-1
94221.747    0.234      158175.924        059003.000091   059003.000481 P        0.0000  cm-1
94221.747    0.234      158175.924        059003.000057   059003.000356          1.0000  cm-1
94221.747    0.234      158175.924        059003.000121   059003.000494 P        0.0000  cm-1
94204.773    0.234      3953.063          059003.000080   059003.000381          1.0000  cm-1
94197.673    0.234      395250.414        059003.000173   059003.000514 P        0.0000  cm-1
94197.673    0.234      395250.414        059003.000053   059003.000350          1.0000  cm-1
94189.164    0.234      7903.666          059003.000083   059003.000384          1.0000  cm-1
94177.198    0.234      3160.710          059003.000084   059003.000385          0.8592  cm-1
94177.198    0.234      3160.710          059003.000165   059003.000638          0.1408  cm-1
94170.174    0.262      15801.334         059003.000079   059003.000379          1.0000  cm-1
94164.345    0.234      31598.978         059003.000079   059003.000378          1.0000  cm-1
94153.679    0.234      63184.442         059003.000072   059003.000467          0.1163  cm-1
94153.679    0.234      63184.442         059003.000095   059003.000483          0.8837  cm-1
94153.679    0.234      63184.442         059003.000120   059003.000413 P        0.0000  cm-1
94130.561    0.262      39471.930         059003.000173   059003.000512 P        0.0000  cm-1
94130.561    0.262      39471.930         059003.000121   059003.000495          1.0000  cm-1
94127.367    0.500      39469.391         059003.000104   059003.000486          0.4485  cm-1
94127.367    0.500      39469.391         059003.000096   059003.000399          0.2390  cm-1
94127.367    0.500      39469.391         059003.000084   059003.000474 P        0.0000  cm-1
94127.367    0.500      39469.391         059003.000080   059003.000380          0.3125  cm-1
94102.472    0.234      78899.131         059003.000066   059003.000363          1.0000  cm-1
94102.472    0.234      78899.131         059003.000060   059003.000459 P        0.0000  cm-1
94089.557    0.233      3943.926          059003.000087   059003.000624          1.0000  cm-1
94081.342    0.500      7886.545          059003.000055   059003.000671          0.5003  cm-1
94081.342    0.500      7886.545          059003.000164   059003.000502          0.4997  cm-1
94081.342    0.500      7886.545          059003.000107   059003.000565 P        0.0000  cm-1
94081.342    0.500      7886.545          059003.000072   059003.000370 P        0.0000  cm-1
94064.344    0.233      39419.078         059003.000093   059003.000482 P        0.0000  cm-1
94064.344    0.233      39419.078         059003.000175   059003.000516          1.0000  cm-1
94059.132    0.233      55180.860         059003.000095   059003.000398          0.0633  cm-1
94059.132    0.233      55180.860         059003.000083   059003.000382          0.9367  cm-1
94050.967    0.233      78816.695         059003.000120   059003.000412          1.0000  cm-1
94050.967    0.233      78816.695         059003.000086   059003.000640 P        0.0000  cm-1
94041.531    0.233      15760.307         059003.000073   059003.000373          1.0000  cm-1
94015.771    0.233      15752.011         059003.000143   059003.000414          1.0000  cm-1
94007.560    0.233      7874.680          059003.000095   059003.000395          1.0000  cm-1
93997.662    0.317      47238.487         059003.000105   059003.000405          0.0365  cm-1
93997.662    0.317      47238.487         059003.000166   059003.000502          0.9261  cm-1
93997.662    0.317      47238.487         059003.000057   059003.000354          0.0374  cm-1
93976.132    0.261      3934.798          059003.000066   059003.000362 P        0.0000  cm-1
93973.883    0.261      7869.231          059003.000145   059003.000498 P        0.0000  cm-1
93973.883    0.261      7869.231          059003.000101   059003.000402 P        0.0000  cm-1
93959.581    0.500      39334.551         059003.000121   059003.000493          0.4579  cm-1
93959.581    0.500      39334.551         059003.000144   059003.000497          0.5421  cm-1
93950.672    0.233      78654.624         059003.000101   059003.000485          0.6049  cm-1
93950.672    0.233      78654.624         059003.000164   059003.000501          0.3951  cm-1
93941.061    0.233      31455.594         059003.000097   059003.000398          0.8622  cm-1
93941.061    0.233      31455.594         059003.000085   059003.000386          0.1378  cm-1
93933.467    0.233      78626.616         059003.000103   059003.000675 P        0.0000  cm-1
93933.467    0.233      78626.616         059003.000167   059003.000623 P        0.0000  cm-1
93933.467    0.233      78626.616         059003.000144   059003.000417          1.0000  cm-1
93928.637    0.261      15723.749         059003.000044   059003.000625 P        0.0000  cm-1
93928.637    0.261      15723.749         059003.000062   059003.000359 P        0.0000  cm-1
93928.637    0.261      15723.749         059003.000123   059003.000413          1.0000  cm-1
93914.953    0.233      39298.204         059003.000102   059003.000402          1.0000  cm-1
93907.971    0.233      7858.500          059003.000177   059003.000520 P        0.0000  cm-1
93907.971    0.233      7858.500          059003.000073   059003.000370          1.0000  cm-1
93899.441    0.234      31428.419         059003.000072   059003.000367          1.0000  cm-1
93885.574    0.233      15709.667         059003.000082   059003.000380          1.0000  cm-1
93867.680    0.232      31407.586         059003.000099   059003.000628 P        0.0000  cm-1
93867.680    0.232      31407.586         059003.000082   059003.000378          1.0000  cm-1
93867.680    0.232      31407.586         059003.000043   059003.000669 P        0.0000  cm-1
93855.970    0.232      15699.942         059003.000097   059003.000482          1.0000  cm-1
93855.970    0.232      15699.942         059003.000079   059003.000469 P        0.0000  cm-1
93850.678    0.232      62792.802         059003.000167   059003.000503 P        0.0000  cm-1
93850.678    0.232      62792.802         059003.000070   059003.000465 P        0.0000  cm-1
93850.678    0.232      62792.802         059003.000108   059003.000488          0.8402  cm-1
93850.678    0.232      62792.802         059003.000069   059003.000364          0.1598  cm-1
93845.244    0.232      7848.205          059003.000108   059003.000407          1.0000  cm-1
93845.244    0.232      7848.205          059003.000177   059003.000519 P        0.0000  cm-1
93841.781    0.232      7847.635          059003.000098   059003.000398          1.0000  cm-1
93827.172    0.232      23535.673         059003.000089   059003.000477          0.6161  cm-1
93827.172    0.232      23535.673         059003.000108   059003.000487          0.3839  cm-1
93805.779    0.232      392084.359        059003.000093   059003.000393          1.0000  cm-1
93805.779    0.232      392084.359        059003.000039   059003.000341 P        0.0000  cm-1
93800.957    0.260      15681.777         059003.000085   059003.000474          1.0000  cm-1
93800.957    0.260      15681.777         059003.000059   059003.000356 P        0.0000  cm-1
93800.957    0.260      15681.777         059003.000087   059003.000640 P        0.0000  cm-1
93789.163    0.317      15677.867         059003.000082   059003.000377          0.5235  cm-1
93789.163    0.317      15677.867         059003.000098   059003.000395          0.4765  cm-1
93778.446    0.232      78371.543         059003.000172   059003.000508          0.3226  cm-1
93778.446    0.232      78371.543         059003.000123   059003.000411          0.6774  cm-1
93767.873    0.232      2350.619          059003.000057   059003.000352          1.0000  cm-1
93763.053    0.232      1566.919          059003.000104   059003.000402          1.0000  cm-1
93758.655    0.232      15667.726         059003.000073   059003.000368          1.0000  cm-1
93758.655    0.232      15667.726         059003.000036   059003.000334 P        0.0000  cm-1
93729.984    0.232      156581.604        059003.000099   059003.000396          1.0000  cm-1
93720.864    0.232      7827.555          059003.000163   059003.000500          1.0000  cm-1
93714.879    0.232      15653.108         059003.000118   059003.000684 P        0.0000  cm-1
93714.879    0.232      15653.108         059003.000060   059003.000357 P        0.0000  cm-1
93714.879    0.232      15653.108         059003.000120   059003.000409          1.0000  cm-1
93714.879    0.232      15653.108         059003.000114   059003.000634 P        0.0000  cm-1
93706.183    0.232      7825.097          059003.000088   059003.000389          1.0000  cm-1
93684.349    0.232      31285.734         059003.000073   059003.000366          1.0000  cm-1
93676.730    0.232      39100.762         059003.000089   059003.000391          1.0000  cm-1
93676.730    0.232      39100.762         059003.000096   059003.000394 P        0.0000  cm-1
93652.478    0.231      15632.136         059003.000084   059003.000379          1.0000  cm-1
93646.449    0.483      7815.050          059003.000084   059003.000378 P        0.0000  cm-1
93646.449    0.483      7815.050          059003.000171   059003.000425          1.0000  cm-1
93640.985    0.260      3907.064          059003.000173   059003.000508          0.8129  cm-1
93640.985    0.260      3907.064          059003.000082   059003.000470          0.1871  cm-1
93637.481    0.231      234406.074        059003.000172   059003.000507          1.0000  cm-1
93609.453    0.231      1561.758          059003.000105   059003.000401 P        0.0000  cm-1
93609.453    0.231      1561.758          059003.000104   059003.000484 P        0.0000  cm-1
93598.337    0.231      156138.115        059003.000105   059003.000484          1.0000  cm-1
93576.954    0.500      62426.165         059003.000075   059003.000468 P        0.0000  cm-1
93576.954    0.500      62426.165         059003.000111   059003.000489          1.0000  cm-1
93576.954    0.500      62426.165         059003.000119   059003.000492 P        0.0000  cm-1
93576.954    0.500      62426.165         059003.000059   059003.000354 P        0.0000  cm-1
93576.954    0.500      62426.165         059003.000172   059003.000506 P        0.0000  cm-1
93566.450    0.483      7801.482          059003.000084   059003.000377 P        0.0000  cm-1
93566.450    0.483      7801.482          059003.000089   059003.000624          1.0000  cm-1
93561.270    0.259      3900.299          059003.000088   059003.000388          0.2724  cm-1
93561.270    0.259      3900.299          059003.000063   059003.000460          0.7276  cm-1
93558.469    0.259      390006.045        059003.000082   059003.000469 P        0.0000  cm-1
93558.469    0.259      390006.045        059003.000079   059003.000375          1.0000  cm-1
93536.067    0.231      15592.589         059003.000070   059003.000362          1.0000  cm-1
93522.348    0.231      3896.973          059003.000086   059003.000384          1.0000  cm-1
93511.851    0.231      46752.879         059003.000095   059003.000392          1.0000  cm-1
93511.851    0.231      46752.879         059003.000072   059003.000465 P        0.0000  cm-1
93500.049    0.231      779.012           059003.000173   059003.000507          1.0000  cm-1
93491.140    0.231      77885.894         059003.000123   059003.000409          1.0000  cm-1
93483.445    0.231      31149.063         059003.000106   059003.000403          1.0000  cm-1
93478.363    0.231      15572.781         059003.000099   059003.000394          1.0000  cm-1
93468.478    0.231      389234.371        059003.000171   059003.000422          1.0000  cm-1
93436.635    0.230      77791.868         059003.000173   059003.000506          0.5549  cm-1
93436.635    0.230      77791.868         059003.000058   059003.000671 P        0.0000  cm-1
93436.635    0.230      77791.868         059003.000101   059003.000483          0.4451  cm-1
93428.759    0.230      7777.823          059003.000146   059003.000417          1.0000  cm-1
93417.853    0.230      46655.598         059003.000085   059003.000381 P        0.0000  cm-1
93417.853    0.230      46655.598         059003.000057   059003.000351          0.0406  cm-1
93417.853    0.230      46655.598         059003.000172   059003.000505          0.9594  cm-1
93409.745    0.230      62196.207         059003.000070   059003.000361          1.0000  cm-1
93409.745    0.230      62196.207         059003.000085   059003.000472 P        0.0000  cm-1
93404.247    0.230      5441.500          059003.000100   059003.000478          1.0000  cm-1
93392.646    0.230      2331.466          059003.000097   059003.000392          1.0000  cm-1
93392.646    0.230      2331.466          059003.000167   059003.000500 P        0.0000  cm-1
93352.265    0.230      77645.134         059003.000073   059003.000466 P        0.0000  cm-1
93352.265    0.230      77645.134         059003.000171   059003.000424          1.0000  cm-1
93341.740    0.230      38813.364         059003.000101   059003.000398          0.4744  cm-1
93341.740    0.230      38813.364         059003.000147   059003.000497          0.5256  cm-1
93334.059    0.230      232839.844        059003.000069   059003.000360          1.0000  cm-1
93328.380    0.230      77603.333         059003.000146   059003.000415          1.0000  cm-1
93295.473    0.230      155091.099        059003.000060   059003.000353          1.0000  cm-1
93286.537    0.230      7752.982          059003.000073   059003.000364          1.0000  cm-1
93282.955    0.230      77523.511         059003.000102   059003.000398 P        0.0000  cm-1
93282.955    0.230      77523.511         059003.000070   059003.000360 P        0.0000  cm-1
93282.955    0.230      77523.511         059003.000063   059003.000358          1.0000  cm-1
93277.138    0.258      7751.326          059003.000148   059003.000418 P        0.0000  cm-1
93277.138    0.258      7751.326          059003.000064   059003.000458 P        0.0000  cm-1
93277.138    0.258      7751.326          059003.000089   059003.000640 P        0.0000  cm-1
93274.347    0.258      38754.169         059003.000035   059003.000329 P        0.0000  cm-1
93274.347    0.258      38754.169         059003.000088   059003.000386          1.0000  cm-1
93274.347    0.258      38754.169         059003.000125   059003.000494 P        0.0000  cm-1
93263.135    0.230      6199.084          059003.000121   059003.000492          1.0000  cm-1
93253.973    0.230      15494.473         059003.000060   059003.000352          1.0000  cm-1
93246.763    0.230      3872.981          059003.000071   059003.000362          1.0000  cm-1
93243.183    0.230      15490.656         059003.000085   059003.000377          1.0000  cm-1
93237.739    0.229      77443.642         059003.000108   059003.000403          1.0000  cm-1
93231.556    0.229      23229.806         059003.000102   059003.000395          1.0000  cm-1
93185.856    0.229      154702.971        059003.000104   059003.000397          0.5175  cm-1
93185.856    0.229      154702.971        059003.000088   059003.000385          0.4825  cm-1
93170.056    0.229      2319.699          059003.000036   059003.000329 P        0.0000  cm-1
93170.056    0.229      2319.699          059003.000172   059003.000638          1.0000  cm-1
93167.268    0.229      15463.667         059003.000173   059003.000504          1.0000  cm-1
93139.437    0.229      77268.571         059003.000177   059003.000515          0.8053  cm-1
93139.437    0.229      77268.571         059003.000177   059003.000516          0.1947  cm-1
93127.269    0.229      772.468           059003.000098   059003.000477          1.0000  cm-1
93118.585    0.229      154462.366        059003.000120   059003.000408          1.0000  cm-1
93095.182    0.229      3859.456          059003.000149   059003.000497 P        0.0000  cm-1
93095.182    0.229      3859.456          059003.000085   059003.000470          1.0000  cm-1
93079.441    0.229      5401.253          059003.000104   059003.000395          1.0000  cm-1
93068.952    0.229      3857.092          059003.000149   059003.000417 P        0.0000  cm-1
93068.952    0.229      3857.092          059003.000072   059003.000361          1.0000  cm-1
93065.380    0.229      77135.385         059003.000076   059003.000373          0.7444  cm-1
93065.380    0.229      77135.385         059003.000074   059003.000466          0.2556  cm-1
93058.925    0.229      5398.661          059003.000111   059003.000405          1.0000  cm-1
93052.059    0.229      30844.524         059003.000112   059003.000489          1.0000  cm-1
93047.139    0.229      3855.120          059003.000108   059003.000401          1.0000  cm-1
93035.958    0.500      77082.163         059003.000105   059003.000482          0.5142  cm-1
93035.958    0.500      77082.163         059003.000037   059003.000334 P        0.0000  cm-1
93035.958    0.500      77082.163         059003.000044   059003.000555 P        0.0000  cm-1
93035.958    0.500      77082.163         059003.000108   059003.000484          0.4858  cm-1
93035.958    0.500      77082.163         059003.000181   059003.000536 P        0.0000  cm-1
93010.586    0.228      770.363           059003.000093   059003.000389          1.0000  cm-1
92977.289    0.256      7697.568          059003.000177   059003.000512          1.0000  cm-1
92977.289    0.256      7697.568          059003.000075   059003.000365 P        0.0000  cm-1
92974.459    0.256      38485.258         059003.000098   059003.000391 P        0.0000  cm-1
92974.459    0.256      38485.258         059003.000076   059003.000371          1.0000  cm-1
92972.650    0.256      7696.722          059003.000087   059003.000381          1.0000  cm-1
92962.174    0.228      1538.962          059003.000087   059003.000472          1.0000  cm-1
92940.248    0.228      76907.986         059003.000089   059003.000475          1.0000  cm-1
92925.048    0.228      3844.006          059003.000171   059003.000501          0.0762  cm-1
92925.048    0.228      3844.006          059003.000112   059003.000487          0.0475  cm-1
92925.048    0.228      3844.006          059003.000118   059003.000681 P        0.0000  cm-1
92925.048    0.228      3844.006          059003.000106   059003.000628          0.8763  cm-1
92908.787    0.228      23055.082         059003.000111   059003.000404          1.0000  cm-1
92868.675    0.228      7677.640          059003.000051   059003.000560 P        0.0000  cm-1
92868.675    0.228      7677.640          059003.000064   059003.000354          1.0000  cm-1
92865.154    0.228      2303.097          059003.000098   059003.000624          1.0000  cm-1
92859.042    0.318      30703.444         059003.000119   059003.000635 P        0.0000  cm-1
92859.042    0.318      30703.444         059003.000175   059003.000623          0.0473  cm-1
92859.042    0.318      30703.444         059003.000106   059003.000397          0.0339  cm-1
92859.042    0.318      30703.444         059003.000062   059003.000353          0.9188  cm-1
92859.042    0.318      30703.444         059003.000043   059003.000344 P        0.0000  cm-1
92817.658    0.229      15336.395         059003.000062   059003.000352          1.0000  cm-1
92811.690    0.228      7667.089          059003.000126   059003.000413          1.0000  cm-1
92801.370    0.227      22995.515         059003.000097   059003.000389          1.0000  cm-1
92796.882    0.227      1532.867          059003.000035   059003.000327          0.1676  cm-1
92796.882    0.227      1532.867          059003.000087   059003.000377          0.8324  cm-1
92786.656    0.227      3064.973          059003.000127   059003.000494 P        0.0000  cm-1
92786.656    0.227      3064.973          059003.000106   059003.000396          1.0000  cm-1
92783.188    0.227      30647.151         059003.000114   059003.000407          0.6123  cm-1
92783.188    0.227      30647.151         059003.000076   059003.000368          0.3877  cm-1
92777.265    0.227      766.068           059003.000175   059003.000503          1.0000  cm-1
92777.265    0.227      766.068           059003.000043   059003.000343 P        0.0000  cm-1
92766.941    0.227      1531.749          059003.000150   059003.000418          1.0000  cm-1
92766.941    0.227      1531.749          059003.000078   059003.000373 P        0.0000  cm-1
92720.062    0.227      1529.997          059003.000106   059003.000482          1.0000  cm-1
92706.657    0.227      764.747           059003.000060   059003.000350          1.0000  cm-1
92677.358    0.227      7641.958          059003.000150   059003.000497 P        0.0000  cm-1
92673.478    0.255      38206.136         059003.000078   059003.000371 P        0.0000  cm-1
92673.478    0.255      38206.136         059003.000048   059003.000625 P        0.0000  cm-1
92673.478    0.255      38206.136         059003.000088   059003.000380          1.0000  cm-1
92671.768    0.255      38204.524         059003.000111   059003.000401          1.0000  cm-1
92660.957    0.500      763.887           059003.000126   059003.000411          0.4974  cm-1
92660.957    0.500      763.887           059003.000089   059003.000473          0.2558  cm-1
92660.957    0.500      763.887           059003.000096   059003.000388          0.0366  cm-1
92660.957    0.500      763.887           059003.000111   059003.000484          0.2101  cm-1
92655.460    0.227      45826.963         059003.000088   059003.000378          1.0000  cm-1
92639.663    0.227      76348.410         059003.000064   059003.000352          1.0000  cm-1
92639.663    0.227      76348.410         059003.000181   059003.000535 P        0.0000  cm-1
92618.559    0.227      7630.844          059003.000080   059003.000373          0.7929  cm-1
92618.559    0.227      7630.844          059003.000120   059003.000635          0.2071  cm-1
92616.066    0.227      7630.371          059003.000079   059003.000467 P        0.0000  cm-1
92616.066    0.227      7630.371          059003.000152   059003.000497          1.0000  cm-1
92599.444    0.227      7627.215          059003.000177   059003.000637 P        0.0000  cm-1
92599.444    0.227      7627.215          059003.000080   059003.000468          1.0000  cm-1
92597.185    0.226      2288.036          059003.000106   059003.000480          1.0000  cm-1
92591.043    0.226      1525.124          059003.000096   059003.000387          1.0000  cm-1
92583.242    0.226      15248.269         059003.000035   059003.000326 P        0.0000  cm-1
92583.242    0.226      15248.269         059003.000104   059003.000392          1.0000  cm-1
92576.643    0.226      38114.388         059003.000088   059003.000377          1.0000  cm-1
92576.643    0.226      38114.388         059003.000098   059003.000640 P        0.0000  cm-1
92553.635    0.228      228553.010        059003.000068   059003.000668 P        0.0000  cm-1
92553.635    0.228      228553.010        059003.000151   059003.000416          1.0000  cm-1
92545.267    0.226      1523.378          059003.000173   059003.000500          1.0000  cm-1
92524.621    0.228      4567.737          059003.000151   059003.000415          0.8859  cm-1
92524.621    0.228      4567.737          059003.000040   059003.000338          0.1141  cm-1
92515.745    0.226      76112.413         059003.000114   059003.000406          1.0000  cm-1
92489.047    0.226      3803.058          059003.000095   059003.000386          1.0000  cm-1
92485.451    0.226      3802.712          059003.000080   059003.000370          1.0000  cm-1
92476.554    0.226      15207.426         059003.000044   059003.000343 P        0.0000  cm-1
92476.554    0.226      15207.426         059003.000101   059003.000391          1.0000  cm-1
92476.554    0.226      15207.426         059003.000037   059003.000330 P        0.0000  cm-1
92457.889    0.226      2280.035          059003.000095   059003.000475          1.0000  cm-1
92443.189    0.226      7597.280          059003.000076   059003.000365          1.0000  cm-1
92437.981    0.226      2278.882          059003.000115   059003.000488          1.0000  cm-1
92417.663    0.226      7592.343          059003.000102   059003.000391          0.8827  cm-1
92417.663    0.226      7592.343          059003.000104   059003.000477          0.1173  cm-1
92413.746    0.226      15183.168         059003.000066   059003.000356          0.0346  cm-1
92413.746    0.226      15183.168         059003.000115   059003.000487          0.9654  cm-1
92383.491    0.226      6068.570          059003.000112   059003.000404          1.0000  cm-1
92361.433    0.227      37907.105         059003.000079   059003.000367          1.0000  cm-1
92351.170    0.225      6063.537          059003.000108   059003.000480          0.8508  cm-1
92351.170    0.225      6063.537          059003.000152   059003.000414          0.1492  cm-1
92346.293    0.225      30313.878         059003.000088   059003.000469 P        0.0000  cm-1
92346.293    0.225      30313.878         059003.000178   059003.000425          1.0000  cm-1
92336.074    0.225      7576.475          059003.000043   059003.000549 P        0.0000  cm-1
92336.074    0.225      7576.475          059003.000080   059003.000368          1.0000  cm-1
92311.870    0.225      757.174           059003.000048   059003.000669 P        0.0000  cm-1
92306.488    0.225      15141.375         059003.000131   059003.000496          1.0000  cm-1
92302.668    0.225      7569.939          059003.000111   059003.000628 P        0.0000  cm-1
92302.668    0.225      7569.939          059003.000083   059003.000373          1.0000  cm-1
92289.466    0.317      3783.675          059003.000064   059003.000351          0.6804  cm-1
92289.466    0.317      3783.675          059003.000108   059003.000394          0.1269  cm-1
92289.466    0.317      3783.675          059003.000112   059003.000402          0.1927  cm-1
92276.773    0.225      1512.971          059003.000111   059003.000483          1.0000  cm-1
92272.497    0.225      15128.034         059003.000153   059003.000499          1.0000  cm-1
92266.746    0.317      7562.886          059003.000095   059003.000384          0.6337  cm-1
92266.746    0.317      7562.886          059003.000112   059003.000485          0.1495  cm-1
92266.746    0.317      7562.886          059003.000043   059003.000548 P        0.0000  cm-1
92266.746    0.317      7562.886          059003.000104   059003.000391          0.2168  cm-1
92261.550    0.225      30247.455         059003.000080   059003.000366          1.0000  cm-1
92261.550    0.225      30247.455         059003.000155   059003.000499 P        0.0000  cm-1
92256.446    0.317      15121.718         059003.000106   059003.000392          0.6861  cm-1
92256.446    0.317      15121.718         059003.000105   059003.000391          0.3139  cm-1
92244.952    0.225      755.859           059003.000082   059003.000370          1.0000  cm-1
92237.642    0.225      15114.306         059003.000111   059003.000397          1.0000  cm-1
92233.643    0.225      5289.455          059003.000099   059003.000476          0.2472  cm-1
92233.643    0.225      5289.455          059003.000091   059003.000379          0.7528  cm-1
92228.681    0.788      6044.307          059003.000062   059003.000349 P        0.0000  cm-1
92228.681    0.788      6044.307          059003.000097   059003.000474          0.4137  cm-1
92228.681    0.788      6044.307          059003.000091   059003.000378          0.5863  cm-1
92228.681    0.788      6044.307          059003.000540   059003.000371 P        0.0000  cm-1
92215.492    0.225      377638.904        059003.000076   059003.000464 P        0.0000  cm-1
92215.492    0.225      377638.904        059003.000178   059003.000423          1.0000  cm-1
92176.756    0.317      7545.104          059003.000099   059003.000386          0.6867  cm-1
92176.756    0.317      7545.104          059003.000114   059003.000403          0.3133  cm-1
92167.985    0.225      11315.043         059003.000129   059003.000412          1.0000  cm-1
92167.985    0.225      11315.043         059003.000178   059003.000422 P        0.0000  cm-1
92156.455    0.224      6032.856          059003.000104   059003.000624          1.0000  cm-1
92145.896    0.224      7538.969          059003.000105   059003.000624          0.8422  cm-1
92145.896    0.224      7538.969          059003.000130   059003.000493          0.1578  cm-1
92141.943    0.224      1507.636          059003.000115   059003.000486          1.0000  cm-1
92133.681    0.224      753.653           059003.000112   059003.000484          0.6953  cm-1
92133.681    0.224      753.653           059003.000039   059003.000334          0.3047  cm-1
92129.041    0.224      753.561           059003.000082   059003.000369          1.0000  cm-1
92120.872    0.224      15067.959         059003.000063   059003.000350 P        0.0000  cm-1
92120.872    0.224      15067.959         059003.000073   059003.000359          1.0000  cm-1
92095.673    0.224      15057.886         059003.000082   059003.000368          1.0000  cm-1
92088.286    0.224      30109.856         059003.000099   059003.000385          1.0000  cm-1
92057.361    0.224      1504.252          059003.000093   059003.000381          1.0000  cm-1
92053.876    0.224      2256.168          059003.000064   059003.000349          1.0000  cm-1
92048.189    0.224      1503.884          059003.000098   059003.000384          1.0000  cm-1
92035.485    0.224      751.686           059003.000100   059003.000475          1.0000  cm-1
92030.437    0.224      7515.845          059003.000073   059003.000462          1.0000  cm-1
92021.773    0.224      30056.397         059003.000115   059003.000405          1.0000  cm-1
91996.970    0.224      3754.546          059003.000080   059003.000365          1.0000  cm-1
91991.056    0.224      750.790           059003.000051   059003.000558 P        0.0000  cm-1
91982.488    0.224      3002.465          059003.000105   059003.000389          1.0000  cm-1
91975.062    0.224      3001.864          059003.000070   059003.000356          1.0000  cm-1
91975.062    0.224      3001.864          059003.000169   059003.000420 P        0.0000  cm-1
91965.759    0.224      750.278           059003.000093   059003.000379          1.0000  cm-1
91961.038    0.224      1500.364          059003.000093   059003.000378          1.0000  cm-1
91957.053    0.223      1500.202          059003.000095   059003.000472          1.0000  cm-1
91945.553    0.224      2999.470          059003.000083   059003.000366          1.0000  cm-1
91928.378    0.223      74951.834         059003.000153   059003.000418          1.0000  cm-1
91901.267    0.223      52427.619         059003.000122   059003.000672 P        0.0000  cm-1
91901.267    0.223      52427.619         059003.000158   059003.000499          1.0000  cm-1
91887.851    0.223      7486.921          059003.000095   059003.000380          1.0000  cm-1
91881.994    0.223      7485.724          059003.000093   059003.000377          1.0000  cm-1
91863.545    0.223      14963.900         059003.000080   059003.000364          1.0000  cm-1
91856.179    0.223      374022.073        059003.000105   059003.000640 P        0.0000  cm-1
91856.179    0.223      374022.073        059003.000073   059003.000459 P        0.0000  cm-1
91856.179    0.223      374022.073        059003.000129   059003.000410          1.0000  cm-1
91856.179    0.223      374022.073        059003.000048   059003.000346 P        0.0000  cm-1
91837.645    0.223      2242.992          059003.000153   059003.000497 P        0.0000  cm-1
91837.645    0.223      2242.992          059003.000131   059003.000494          1.0000  cm-1
91837.645    0.223      2242.992          059003.000097   059003.000472 P        0.0000  cm-1
91833.071    0.223      22427.104         059003.000085   059003.000373          1.0000  cm-1
91833.071    0.223      22427.104         059003.000129   059003.000409 P        0.0000  cm-1
91813.354    0.223      747.165           059003.000085   059003.000468          0.9685  cm-1
91813.354    0.223      747.165           059003.000153   059003.000417          0.0315  cm-1
91801.141    0.317      5975.307          059003.000069   059003.000354          0.0958  cm-1
91801.141    0.317      5975.307          059003.000155   059003.000417          0.9042  cm-1
91788.295    0.223      11199.729         059003.000158   059003.000498          1.0000  cm-1
91779.287    0.223      14929.254         059003.000048   059003.000555 P        0.0000  cm-1
91779.287    0.223      14929.254         059003.000128   059003.000492          1.0000  cm-1
91756.293    0.317      2983.950          059003.000100   059003.000473 P        0.0000  cm-1
91756.293    0.317      2983.950          059003.000082   059003.000365          0.3436  cm-1
91756.293    0.317      2983.950          059003.000178   059003.000502          0.4852  cm-1
91756.293    0.317      2983.950          059003.000096   059003.000378          0.1712  cm-1
91756.293    0.317      2983.950          059003.000179   059003.000526 P        0.0000  cm-1
91749.845    0.223      745.854           059003.000070   059003.000354          1.0000  cm-1
91742.671    0.223      11185.583         059003.000074   059003.000462          1.0000  cm-1
91712.377    0.317      7450.770          059003.000153   059003.000415 P        0.0000  cm-1
91712.377    0.317      7450.770          059003.000112   059003.000397          1.0000  cm-1
91712.377    0.317      7450.770          059003.000156   059003.000416 P        0.0000  cm-1
91698.079    0.222      148955.951        059003.000051   059003.000557 P        0.0000  cm-1
91698.079    0.222      148955.951        059003.000131   059003.000413          1.0000  cm-1
91681.040    0.222      3722.125          059003.000102   059003.000475          0.2385  cm-1
91681.040    0.222      3722.125          059003.000083   059003.000365          0.7615  cm-1
91681.040    0.222      3722.125          059003.000114   059003.000399 P        0.0000  cm-1
91672.637    0.222      1488.500          059003.000097   059003.000377          1.0000  cm-1
91669.490    0.222      1488.368          059003.000098   059003.000380          1.0000  cm-1
91655.151    0.222      1487.770          059003.000099   059003.000381          1.0000  cm-1
91650.951    0.222      743.797           059003.000093   059003.000469 P        0.0000  cm-1
91634.474    0.500      1486.905          059003.000086   059003.000373 P        0.0000  cm-1
91634.474    0.500      1486.905          059003.000132   059003.000496          0.2668  cm-1
91634.474    0.500      1486.905          059003.000111   059003.000392          0.1133  cm-1
91634.474    0.500      1486.905          059003.000115   059003.000401          0.6199  cm-1
91622.972    0.472      22296.348         059003.000121   059003.000491 P        0.0000  cm-1
91622.972    0.472      22296.348         059003.000082   059003.000364          0.6445  cm-1
91622.972    0.472      22296.348         059003.000115   059003.000484 P        0.0000  cm-1
91622.972    0.472      22296.348         059003.000073   059003.000358          0.3555  cm-1
91622.972    0.472      22296.348         059003.000091   059003.000375 P        0.0000  cm-1
91619.046    0.222      52019.052         059003.000074   059003.000461          1.0000  cm-1
91612.477    0.222      22289.748         059003.000069   059003.000353 P        0.0000  cm-1
91612.477    0.222      22289.748         059003.000074   059003.000460          1.0000  cm-1
91602.345    0.222      742.779           059003.000159   059003.000498          1.0000  cm-1
91576.573    0.222      2226.712          059003.000131   059003.000493 P        0.0000  cm-1
91576.573    0.222      2226.712          059003.000099   059003.000380          1.0000  cm-1
91572.467    0.222      1484.302          059003.000039   059003.000330 P        0.0000  cm-1
91572.467    0.222      1484.302          059003.000069   059003.000352          1.0000  cm-1
91549.937    0.317      14833.520         059003.000105   059003.000386 P        0.0000  cm-1
91549.937    0.317      14833.520         059003.000085   059003.000368          0.8951  cm-1
91549.937    0.317      14833.520         059003.000101   059003.000384          0.1049  cm-1
91547.889    0.317      14832.656         059003.000131   059003.000411          1.0000  cm-1
91547.889    0.317      14832.656         059003.000039   059003.000329 P        0.0000  cm-1
91534.846    0.222      4448.144          059003.000121   059003.000489          1.0000  cm-1
91530.834    0.500      1482.545          059003.000180   059003.000526          0.0804  cm-1
91530.834    0.500      1482.545          059003.000157   059003.000414 P        0.0000  cm-1
91530.834    0.500      1482.545          059003.000079   059003.000361          0.5474  cm-1
91530.834    0.500      1482.545          059003.000082   059003.000464          0.1773  cm-1
91530.834    0.500      1482.545          059003.000104   059003.000475          0.1949  cm-1
91498.887    0.221      14811.928         059003.000120   059003.000407          1.0000  cm-1
91475.877    0.221      44406.484         059003.000085   059003.000366          1.0000  cm-1
91470.183    0.221      59198.966         059003.000073   059003.000357          1.0000  cm-1
91447.773    0.221      59160.819         059003.000130   059003.000492          1.0000  cm-1
91441.079    0.221      739.368           059003.000158   059003.000417          1.0000  cm-1
91418.587    0.221      7388.877          059003.000108   059003.000389          0.1572  cm-1
91418.587    0.221      7388.877          059003.000113   059003.000481          0.8428  cm-1
91402.881    0.221      2215.656          059003.000102   059003.000473          0.3816  cm-1
91402.881    0.221      2215.656          059003.000084   059003.000364          0.6184  cm-1
91386.449    0.221      59056.029         059003.000087   059003.000373          1.0000  cm-1
91367.156    0.221      22133.602         059003.000087   059003.000468          1.0000  cm-1
91354.554    0.221      737.516           059003.000093   059003.000375          1.0000  cm-1
91343.684    0.221      11059.238         059003.000067   059003.000350          1.0000  cm-1
91338.271    0.221      737.166           059003.000104   059003.000384          1.0000  cm-1
91334.449    0.221      22112.515         059003.000074   059003.000358          1.0000  cm-1
91330.266    0.221      58959.504         059003.000119   059003.000405          1.0000  cm-1
91330.266    0.221      58959.504         059003.000105   059003.000384 P        0.0000  cm-1
91290.664    0.220      11042.094         059003.000106   059003.000476          1.0000  cm-1
91290.664    0.220      11042.094         059003.000114   059003.000480 P        0.0000  cm-1
91281.484    0.500      22078.234         059003.000159   059003.000497          0.7597  cm-1
91281.484    0.500      22078.234         059003.000123   059003.000488          0.2403  cm-1
91281.484    0.500      22078.234         059003.000086   059003.000366 P        0.0000  cm-1
91275.345    0.317      44148.500         059003.000108   059003.000388          0.2144  cm-1
91275.345    0.317      44148.500         059003.000123   059003.000407          0.7856  cm-1
91260.439    0.220      73548.557         059003.000131   059003.000409          1.0000  cm-1
91252.942    0.220      22059.692         059003.000087   059003.000370          1.0000  cm-1
91234.272    0.774      36745.896         059003.000129   059003.000408          0.2588  cm-1
91234.272    0.774      36745.896         059003.000106   059003.000386          0.7412  cm-1
91230.864    0.220      73484.390         059003.000120   059003.000406          1.0000  cm-1
91210.382    0.500      7343.985          059003.000085   059003.000365          0.5360  cm-1
91210.382    0.500      7343.985          059003.000104   059003.000382          0.4640  cm-1
91180.139    0.317      14674.787         059003.000072   059003.000352          0.3529  cm-1
91180.139    0.317      14674.787         059003.000119   059003.000404          0.6471  cm-1
91145.466    0.220      36649.070         059003.000115   059003.000398 P        0.0000  cm-1
91145.466    0.220      36649.070         059003.000106   059003.000385          1.0000  cm-1
91145.466    0.220      36649.070         059003.000085   059003.000466 P        0.0000  cm-1
91108.354    0.220      73216.756         059003.000074   059003.000355          0.8725  cm-1
91108.354    0.220      73216.756         059003.000082   059003.000360          0.1275  cm-1
91108.354    0.220      73216.756         059003.000088   059003.000467 P        0.0000  cm-1
91077.473    0.219      731.488           059003.000085   059003.000364          1.0000  cm-1
91061.150    0.219      1462.257          059003.000115   059003.000482          1.0000  cm-1
91054.580    0.219      14619.671         059003.000076   059003.000462          1.0000  cm-1
91050.183    0.219      29235.460         059003.000073   059003.000353          1.0000  cm-1
91032.780    0.219      2922.008          059003.000088   059003.000370          1.0000  cm-1
91027.249    0.317      29215.185         059003.000105   059003.000381 P        0.0000  cm-1
91027.249    0.317      29215.185         059003.000104   059003.000472 P        0.0000  cm-1
91027.249    0.317      29215.185         059003.000132   059003.000413          0.8879  cm-1
91027.249    0.317      29215.185         059003.000075   059003.000357          0.1121  cm-1
91013.836    0.219      730.083           059003.000084   059003.000361          1.0000  cm-1
90993.452    0.219      2188.892          059003.000160   059003.000499          1.0000  cm-1
90988.153    0.219      29180.527         059003.000108   059003.000386          1.0000  cm-1
90959.670    0.219      5102.161          059003.000051   059003.000343 P        0.0000  cm-1
90959.670    0.219      5102.161          059003.000104   059003.000380          1.0000  cm-1
90950.073    0.219      14573.328         059003.000105   059003.000380          1.0000  cm-1
90942.557    0.219      2913.996          059003.000112   059003.000477          0.0610  cm-1
90942.557    0.219      2913.996          059003.000119   059003.000401          0.9390  cm-1
90925.447    0.219      145623.460        059003.000132   059003.000412          1.0000  cm-1
90925.447    0.219      145623.460        059003.000076   059003.000460 P        0.0000  cm-1
90925.447    0.219      145623.460        059003.000127   059003.000634 P        0.0000  cm-1
90917.893    0.219      2911.794          059003.000111   059003.000640          1.0000  cm-1
90917.893    0.219      2911.794          059003.000088   059003.000369 P        0.0000  cm-1
90876.706    0.219      2908.137          059003.000132   059003.000411          1.0000  cm-1
90866.303    0.219      1453.602          059003.000121   059003.000404          1.0000  cm-1
90866.303    0.219      1453.602          059003.000124   059003.000565 P        0.0000  cm-1
90863.727    0.317      726.743           059003.000123   059003.000405          0.0946  cm-1
90863.727    0.317      726.743           059003.000089   059003.000373          0.9054  cm-1
90863.727    0.317      726.743           059003.000048   059003.000550 P        0.0000  cm-1
90853.237    0.219      29060.310         059003.000105   059003.000377          1.0000  cm-1
90781.553    0.218      724.893           059003.000048   059003.000549 P        0.0000  cm-1
90771.838    0.218      724.673           059003.000089   059003.000371 P        0.0000  cm-1
90771.838    0.218      724.673           059003.000121   059003.000402          1.0000  cm-1
90763.844    0.218      72449.215         059003.000087   059003.000365          1.0000  cm-1
90763.844    0.218      72449.215         059003.000051   059003.000553 P        0.0000  cm-1
90748.849    0.218      14483.051         059003.000121   059003.000485          1.0000  cm-1
90711.555    0.218      144661.199        059003.000106   059003.000381          1.0000  cm-1
90697.905    0.218      14459.980         059003.000080   059003.000359          0.6328  cm-1
90697.905    0.218      14459.980         059003.000087   059003.000466 P        0.0000  cm-1
90697.905    0.218      14459.980         059003.000133   059003.000412          0.3672  cm-1
90666.651    0.218      722.283           059003.000123   059003.000403          1.0000  cm-1
90658.708    0.218      288840.732        059003.000091   059003.000372          1.0000  cm-1
90649.237    0.218      10828.282         059003.000160   059003.000418          1.0000  cm-1
90649.237    0.218      10828.282         059003.000133   059003.000411 P        0.0000  cm-1
90646.351    0.218      5774.556          059003.000076   059003.000358          1.0000  cm-1
90632.461    0.218      3607.509          059003.000106   059003.000380          1.0000  cm-1
90616.135    0.467      14422.557         059003.000121   059003.000484          0.3494  cm-1
90616.135    0.467      14422.557         059003.000106   059003.000378          0.6506  cm-1
90611.853    0.217      7210.297          059003.000111   059003.000386          1.0000  cm-1
90607.344    0.217      28837.052         059003.000080   059003.000462          0.3433  cm-1
90607.344    0.217      28837.052         059003.000075   059003.000353          0.6567  cm-1
90597.514    0.217      14414.015         059003.000115   059003.000392          1.0000  cm-1
90565.246    0.217      1439.918          059003.000075   059003.000352          1.0000  cm-1
90547.538    0.217      2878.205          059003.000119   059003.000483          1.0000  cm-1
90536.409    0.217      28771.783         059003.000087   059003.000464 P        0.0000  cm-1
90536.409    0.217      28771.783         059003.000106   059003.000377          1.0000  cm-1
90520.331    0.217      7189.234          059003.000181   059003.000525          1.0000  cm-1
90520.331    0.217      7189.234          059003.000182   059003.000525 P        0.0000  cm-1
90510.334    0.217      1437384.648       059003.000113   059003.000390          1.0000  cm-1
90465.857    0.217      57412.966         059003.000108   059003.000381          1.0000  cm-1
90465.857    0.217      57412.966         059003.000123   059003.000484 P        0.0000  cm-1
90465.857    0.217      57412.966         059003.000161   059003.000499 P        0.0000  cm-1
90457.213    0.217      1434.923          059003.000082   059003.000359          1.0000  cm-1
90418.748    0.217      143313.343        059003.000134   059003.000493 P        0.0000  cm-1
90418.748    0.217      143313.343        059003.000135   059003.000494          1.0000  cm-1
90410.741    0.216      2865.521          059003.000088   059003.000364          1.0000  cm-1
90395.046    0.216      2148.042          059003.000120   059003.000399          1.0000  cm-1
90390.234    0.216      21477.050         059003.000111   059003.000384          1.0000  cm-1
90387.763    0.245      7158.440          059003.000106   059003.000470          0.1285  cm-1
90387.763    0.245      7158.440          059003.000134   059003.000411 P        0.0000  cm-1
90387.763    0.245      7158.440          059003.000108   059003.000380          0.8715  cm-1
90381.104    0.216      14313.768         059003.000095   059003.000373          1.0000  cm-1
90369.327    0.216      57233.045         059003.000119   059003.000482          1.0000  cm-1
90369.327    0.216      57233.045         059003.000108   059003.000378 P        0.0000  cm-1
90353.957    0.216      2145.160          059003.000081   059003.000460          1.0000  cm-1
90338.225    0.216      1429.369          059003.000093   059003.000370          1.0000  cm-1
90290.248    0.216      71355.743         059003.000108   059003.000377          0.8147  cm-1
90290.248    0.216      71355.743         059003.000095   059003.000371          0.1853  cm-1
90262.138    0.244      14257.899         059003.000097   059003.000373          1.0000  cm-1
90259.712    0.317      57027.016         059003.000111   059003.000382 P        0.0000  cm-1
90259.712    0.317      57027.016         059003.000113   059003.000387          1.0000  cm-1
90252.619    0.216      28506.812         059003.000179   059003.000520          1.0000  cm-1
90243.062    0.216      4274.667          059003.000097   059003.000468          1.0000  cm-1
90199.711    0.216      2134.255          059003.000080   059003.000358          1.0000  cm-1
90194.733    0.216      14226.006         059003.000121   059003.000397          0.5978  cm-1
90194.733    0.216      14226.006         059003.000120   059003.000396          0.4022  cm-1
90194.733    0.216      14226.006         059003.000082   059003.000459 P        0.0000  cm-1
90185.942    0.216      355545.851        059003.000165   059003.000499 P        0.0000  cm-1
90185.942    0.216      355545.851        059003.000096   059003.000372          1.0000  cm-1
90180.916    0.215      7109.724          059003.000035   059003.000541 P        0.0000  cm-1
90180.916    0.215      7109.724          059003.000540   059003.000461 P        0.0000  cm-1
90170.156    0.215      14214.335         059003.000115   059003.000624          1.0000  cm-1
90158.364    0.215      142087.266        059003.000126   059003.000407          0.8342  cm-1
90158.364    0.215      142087.266        059003.000135   059003.000493          0.1658  cm-1
90158.364    0.215      142087.266        059003.000093   059003.000367 P        0.0000  cm-1
90128.550    0.215      10645.894         059003.000097   059003.000370          0.7896  cm-1
90128.550    0.215      10645.894         059003.000135   059003.000411          0.2104  cm-1
90128.550    0.215      10645.894         059003.000120   059003.000482 P        0.0000  cm-1
90105.965    0.215      3545.936          059003.000163   059003.000498          1.0000  cm-1
90083.159    0.215      708.642           059003.000128   059003.000490          1.0000  cm-1
90075.858    0.215      21254.013         059003.000036   059003.000541 P        0.0000  cm-1
90075.858    0.215      21254.013         059003.000081   059003.000358          1.0000  cm-1
90047.642    0.215      141558.143        059003.000080   059003.000357          1.0000  cm-1
90036.626    0.215      707.526           059003.000091   059003.000465          1.0000  cm-1
90017.018    0.215      707.055           059003.000075   059003.000350          0.1395  cm-1
90017.018    0.215      707.055           059003.000120   059003.000481          0.2121  cm-1
90017.018    0.215      707.055           059003.000096   059003.000369          0.6484  cm-1
90005.918    0.215      706.788           059003.000115   059003.000389          1.0000  cm-1
90005.918    0.215      706.788           059003.000161   059003.000417 P        0.0000  cm-1
90005.918    0.215      706.788           059003.000120   059003.000480 P        0.0000  cm-1
89999.252    0.215      706.627           059003.000127   059003.000488 P        0.0000  cm-1
89994.307    0.215      35325.809         059003.000058   059003.000557 P        0.0000  cm-1
89994.307    0.215      35325.809         059003.000127   059003.000407          1.0000  cm-1
89978.534    0.214      2118.383          059003.000097   059003.000368          1.0000  cm-1
89970.260    0.215      7059.281          059003.000123   059003.000396          1.0000  cm-1
89965.111    0.215      14116.075         059003.000180   059003.000519          1.0000  cm-1
89952.545    0.216      70550.009         059003.000096   059003.000367          1.0000  cm-1
89935.729    0.214      7050.933          059003.000174   059003.000652 P        0.0000  cm-1
89935.729    0.214      7050.933          059003.000099   059003.000370          1.0000  cm-1
89923.748    0.214      3524.015          059003.000081   059003.000357          1.0000  cm-1
89914.714    0.214      7045.841          059003.000111   059003.000377          1.0000  cm-1
89906.133    0.214      21131.280         059003.000119   059003.000392          1.0000  cm-1
89906.133    0.214      21131.280         059003.000097   059003.000366 P        0.0000  cm-1
89906.133    0.214      21131.280         059003.000161   059003.000415 P        0.0000  cm-1
89895.452    0.214      704.117           059003.000088   059003.000360          1.0000  cm-1
89895.452    0.214      704.117           059003.000048   059003.000545 P        0.0000  cm-1
89883.428    0.214      3519.123          059003.000083   059003.000358          1.0000  cm-1
89880.749    0.214      7037.595          059003.000115   059003.000640          1.0000  cm-1
89880.749    0.214      7037.595          059003.000169   059003.000419 P        0.0000  cm-1
89849.830    0.214      7030.070          059003.000081   059003.000355          1.0000  cm-1
89807.541    0.214      7019.748          059003.000082   059003.000357          1.0000  cm-1
89786.249    0.214      7014.539          059003.000124   059003.000655 P        0.0000  cm-1
89786.249    0.214      7014.539          059003.000114   059003.000474 P        0.0000  cm-1
89786.249    0.214      7014.539          059003.000099   059003.000368          1.0000  cm-1
89786.249    0.214      7014.539          059003.000044   059003.000543 P        0.0000  cm-1
89786.249    0.214      7014.539          059003.000163   059003.000497 P        0.0000  cm-1
89747.963    0.214      14010.301         059003.000126   059003.000405          1.0000  cm-1
89731.232    0.214      700.104           059003.000083   059003.000357          1.0000  cm-1
89719.549    0.213      20994.497         059003.000130   059003.000489          1.0000  cm-1
89719.549    0.213      20994.497         059003.000123   059003.000394 P        0.0000  cm-1
89692.927    0.213      41949.645         059003.000113   059003.000383          1.0000  cm-1
89692.927    0.213      41949.645         059003.000095   059003.000466 P        0.0000  cm-1
89657.449    0.213      698.285           059003.000083   059003.000355          1.0000  cm-1
89651.344    0.213      6981.338          059003.000128   059003.000486 P        0.0000  cm-1
89651.344    0.213      6981.338          059003.000184   059003.000526          1.0000  cm-1
89639.936    0.213      20935.545         059003.000097   059003.000365          1.0000  cm-1
89627.553    0.213      10463.172         059003.000080   059003.000353          1.0000  cm-1
89627.553    0.213      10463.172         059003.000165   059003.000415 P        0.0000  cm-1
89594.326    0.213      34836.023         059003.000091   059003.000361          1.0000  cm-1
89583.931    0.214      2089.411          059003.000127   059003.000405          1.0000  cm-1
89574.825    0.317      20887.071         059003.000115   059003.000386          1.0000  cm-1
89574.825    0.317      20887.071         059003.000097   059003.000466 P        0.0000  cm-1
89564.055    0.213      2087.903          059003.000096   059003.000465          1.0000  cm-1
89550.835    0.213      20869.152         059003.000126   059003.000403          1.0000  cm-1
89506.832    0.212      2083.620          059003.000097   059003.000364          1.0000  cm-1
89485.216    0.317      4163.996          059003.000112   059003.000380          0.0410  cm-1
89485.216    0.317      4163.996          059003.000076   059003.000350          0.9590  cm-1
89485.216    0.317      4163.996          059003.000179   059003.000515 P        0.0000  cm-1
89460.943    0.212      6933.909          059003.000037   059003.000314 P        0.0000  cm-1
89460.943    0.212      6933.909          059003.000135   059003.000492          1.0000  cm-1
89460.943    0.212      6933.909          059003.000055   059003.000549 P        0.0000  cm-1
89452.853    0.212      3465.940          059003.000104   059003.000373          1.0000  cm-1
89447.029    0.212      13860.835         059003.000043   059003.000330 P        0.0000  cm-1
89447.029    0.212      13860.835         059003.000099   059003.000365          1.0000  cm-1
89443.029    0.212      5543.530          059003.000105   059003.000373          1.0000  cm-1
89413.571    0.212      10383.009         059003.000085   059003.000358          1.0000  cm-1
89413.571    0.212      10383.009         059003.000097   059003.000464 P        0.0000  cm-1
89404.551    0.212      20759.205         059003.000114   059003.000381          1.0000  cm-1
89404.551    0.212      20759.205         059003.000039   059003.000320 P        0.0000  cm-1
89387.100    0.212      2766.161          059003.000082   059003.000353          0.2203  cm-1
89387.100    0.212      2766.161          059003.000127   059003.000403          0.7797  cm-1
89360.938    0.460      69087.333         059003.000104   059003.000371          0.6970  cm-1
89360.938    0.460      69087.333         059003.000052   059003.000340 P        0.0000  cm-1
89360.938    0.460      69087.333         059003.000126   059003.000401          0.3030  cm-1
89360.938    0.460      69087.333         059003.000168   059003.000497 P        0.0000  cm-1
89353.035    0.212      27626.944         059003.000084   059003.000354          0.1092  cm-1
89353.035    0.212      27626.944         059003.000115   059003.000384          0.8908  cm-1
89346.019    0.212      27619.848         059003.000082   059003.000352          1.0000  cm-1
89327.734    0.212      6900.334          059003.000167   059003.000415 P        0.0000  cm-1
89327.734    0.212      6900.334          059003.000093   059003.000361          1.0000  cm-1
89320.945    0.212      689.861           059003.000179   059003.000512 P        0.0000  cm-1
89320.945    0.212      689.861           059003.000130   059003.000486          1.0000  cm-1
89314.468    0.317      20690.918         059003.000119   059003.000389          0.4635  cm-1
89314.468    0.317      20690.918         059003.000099   059003.000364          0.5365  cm-1
89314.468    0.317      20690.918         059003.000125   059003.000628 P        0.0000  cm-1
89314.468    0.317      20690.918         059003.000114   059003.000379 P        0.0000  cm-1
89314.468    0.317      20690.918         059003.000098   059003.000464 P        0.0000  cm-1
89309.540    0.211      1379.145          059003.000105   059003.000370          1.0000  cm-1
89264.920    0.211      688.440           059003.000128   059003.000485          0.8992  cm-1
89264.920    0.211      688.440           059003.000133   059003.000635          0.1008  cm-1
89261.546    0.211      2753.413          059003.000085   059003.000357          1.0000  cm-1
89248.555    0.211      688.022           059003.000096   059003.000362          1.0000  cm-1
89248.555    0.211      688.022           059003.000125   059003.000397 P        0.0000  cm-1
89248.555    0.211      688.022           059003.000102   059003.000366 P        0.0000  cm-1
89239.467    0.211      1375.582          059003.000113   059003.000471          1.0000  cm-1
89229.136    0.211      2062.583          059003.000114   059003.000377          1.0000  cm-1
89196.317    0.212      3433.491          059003.000127   059003.000401          1.0000  cm-1
89169.850    0.211      2058.037          059003.000104   059003.000368          1.0000  cm-1
89125.921    0.211      27395.425         059003.000181   059003.000520          0.3708  cm-1
89125.921    0.211      27395.425         059003.000084   059003.000352          0.6292  cm-1
89095.649    0.211      4788.750          059003.000104   059003.000366          1.0000  cm-1
89062.556    0.211      2049.763          059003.000181   059003.000519          1.0000  cm-1
89062.556    0.211      2049.763          059003.000182   059003.000519 P        0.0000  cm-1
89043.671    0.210      682.767           059003.000131   059003.000407          0.8402  cm-1
89043.671    0.210      682.767           059003.000173   059003.000499          0.1598  cm-1
89043.671    0.210      682.767           059003.000115   059003.000472 P        0.0000  cm-1
89038.762    0.210      1365.280          059003.000080   059003.000350          1.0000  cm-1
88995.657    0.210      2044.573          059003.000096   059003.000360          1.0000  cm-1
88990.838    0.210      681.399           059003.000126   059003.000628 P        0.0000  cm-1
88990.838    0.210      681.399           059003.000086   059003.000355          1.0000  cm-1
88990.838    0.210      681.399           059003.000087   059003.000458 P        0.0000  cm-1
88974.047    0.210      10214.454         059003.000101   059003.000466 P        0.0000  cm-1
88974.047    0.210      10214.454         059003.000115   059003.000380          1.0000  cm-1
88966.622    0.210      680.771           059003.000087   059003.000358          1.0000  cm-1
88914.863    0.210      20382.724         059003.000179   059003.000510 P        0.0000  cm-1
88914.863    0.210      20382.724         059003.000081   059003.000350          1.0000  cm-1
88860.458    0.210      678.007           059003.000108   059003.000468          1.0000  cm-1
88853.615    0.210      3389.138          059003.000126   059003.000396          1.0000  cm-1
88841.442    0.210      13550.177         059003.000085   059003.000353          1.0000  cm-1
88831.254    0.500      13544.838         059003.000179   059003.000508          0.2836  cm-1
88831.254    0.500      13544.838         059003.000104   059003.000365          0.7164  cm-1
88817.846    0.209      3384.452          059003.000113   059003.000375          1.0000  cm-1
88814.712    0.209      2707.232          059003.000052   059003.000337 P        0.0000  cm-1
88814.712    0.209      2707.232          059003.000087   059003.000357          0.8713  cm-1
88814.712    0.209      2707.232          059003.000134   059003.000634 P        0.0000  cm-1
88814.712    0.209      2707.232          059003.000175   059003.000499          0.1287  cm-1
88799.461    0.457      202922.310        059003.000130   059003.000484 P        0.0000  cm-1
88799.461    0.457      202922.310        059003.000129   059003.000400          0.5051  cm-1
88799.461    0.457      202922.310        059003.000099   059003.000360          0.4949  cm-1
88799.461    0.457      202922.310        059003.000082   059003.000350 P        0.0000  cm-1
88787.335    0.209      2028.267          059003.000126   059003.000482          1.0000  cm-1
88760.451    0.209      1350.763          059003.000082   059003.000349          1.0000  cm-1
88746.351    0.209      3375.051          059003.000108   059003.000370          0.6395  cm-1
88746.351    0.209      3375.051          059003.000113   059003.000374          0.3605  cm-1
88728.418    0.209      1349.075          059003.000115   059003.000470 P        0.0000  cm-1
88728.418    0.209      1349.075          059003.000170   059003.000414 P        0.0000  cm-1
88728.418    0.209      1349.075          059003.000089   059003.000461          1.0000  cm-1
88722.342    0.209      2697.507          059003.000083   059003.000350          0.7978  cm-1
88722.342    0.209      2697.507          059003.000089   059003.000460          0.2022  cm-1
88701.904    0.209      26953.477         059003.000114   059003.000375          1.0000  cm-1
88701.904    0.209      26953.477         059003.000175   059003.000498 P        0.0000  cm-1
88594.711    0.208      670.993           059003.000088   059003.000357          0.4384  cm-1
88594.711    0.208      670.993           059003.000176   059003.000498          0.5616  cm-1
88594.711    0.208      670.993           059003.000105   059003.000464 P        0.0000  cm-1
88569.345    0.208      670.317           059003.000121   059003.000386          1.0000  cm-1
88512.041    0.208      6687.863          059003.000129   059003.000399          0.7304  cm-1
88512.041    0.208      6687.863          059003.000173   059003.000416          0.2696  cm-1
88504.133    0.208      2005.724          059003.000111   059003.000373          1.0000  cm-1
88504.133    0.208      2005.724          059003.000106   059003.000365 P        0.0000  cm-1
88483.228    0.208      2004.043          059003.000131   059003.000404          0.5629  cm-1
88483.228    0.208      2004.043          059003.000173   059003.000415          0.4371  cm-1
88444.023    0.208      666.962           059003.000089   059003.000358          1.0000  cm-1
88436.258    0.208      1333.506          059003.000131   059003.000403          1.0000  cm-1
88417.912    0.208      9993.890          059003.000130   059003.000483          0.2209  cm-1
88417.912    0.208      9993.890          059003.000123   059003.000386          0.7791  cm-1
88394.839    0.208      5325.101          059003.000087   059003.000353          1.0000  cm-1
88373.350    0.208      6650.578          059003.000132   059003.000407          1.0000  cm-1
88360.805    0.207      1329.438          059003.000119   059003.000381          1.0000  cm-1
88340.951    0.207      664.182           059003.000097   059003.000359          1.0000  cm-1
88272.509    0.207      26493.050         059003.000176   059003.000497 P        0.0000  cm-1
88272.509    0.207      26493.050         059003.000130   059003.000395          1.0000  cm-1
88239.714    0.207      13228.684         059003.000095   059003.000460          1.0000  cm-1
88223.260    0.207      19829.580         059003.000179   059003.000638          1.0000  cm-1
88223.260    0.207      19829.580         059003.000058   059003.000342 P        0.0000  cm-1
88159.867    0.207      32962.740         059003.000091   059003.000356          1.0000  cm-1
88159.867    0.207      32962.740         059003.000127   059003.000392 P        0.0000  cm-1
88147.140    0.207      2635.626          059003.000184   059003.000520 P        0.0000  cm-1
88147.140    0.207      2635.626          059003.000111   059003.000366          1.0000  cm-1
88124.709    0.206      5266.334          059003.000108   059003.000364          1.0000  cm-1
88105.044    0.206      197325.670        059003.000132   059003.000406          1.0000  cm-1
88084.552    0.206      6571.893          059003.000184   059003.000519          1.0000  cm-1
88054.628    0.206      656.366           059003.000180   059003.000623          1.0000  cm-1
88054.628    0.206      656.366           059003.000125   059003.000389 P        0.0000  cm-1
88040.608    0.208      655.980           059003.000058   059003.000340          1.0000  cm-1
88033.451    0.206      13115.650         059003.000185   059003.000526          1.0000  cm-1
87990.323    0.206      2618.367          059003.000061   059003.000342          1.0000  cm-1
87985.131    0.206      654.448           059003.000129   059003.000393          1.0000  cm-1
87979.155    0.206      5234.264          059003.000112   059003.000373          1.0000  cm-1
87972.912    0.206      32705.514         059003.000180   059003.000503          1.0000  cm-1
87961.834    0.206      1961.411          059003.000095   059003.000358          1.0000  cm-1
87935.143    0.206      13061.279         059003.000040   059003.000315 P        0.0000  cm-1
87935.143    0.206      13061.279         059003.000091   059003.000354          1.0000  cm-1
87895.206    0.205      65195.501         059003.000123   059003.000381          1.0000  cm-1
87887.844    0.205      32587.516         059003.000177   059003.000499 P        0.0000  cm-1
87887.844    0.205      32587.516         059003.000112   059003.000371          1.0000  cm-1
87881.915    0.205      19547.561         059003.000111   059003.000365          1.0000  cm-1
87855.254    0.205      1301.686          059003.000106   059003.000360          1.0000  cm-1
87855.254    0.205      1301.686          059003.000113   059003.000372 P        0.0000  cm-1
87818.148    0.205      51984.637         059003.000181   059003.000637          1.0000  cm-1
87818.148    0.205      51984.637         059003.000100   059003.000460 P        0.0000  cm-1
87818.148    0.205      51984.637         059003.000182   059003.000637 P        0.0000  cm-1
87809.659    0.205      1299.142          059003.000095   059003.000357          1.0000  cm-1
87799.205    0.205      1947.836          059003.000114   059003.000468          0.4887  cm-1
87799.205    0.205      1947.836          059003.000123   059003.000378          0.5113  cm-1
87799.205    0.205      1947.836          059003.000188   059003.000535 P        0.0000  cm-1
87789.022    0.205      1946.982          059003.000181   059003.000510          1.0000  cm-1
87789.022    0.205      1946.982          059003.000182   059003.000510 P        0.0000  cm-1
87777.039    0.205      648.659           059003.000043   059003.000322          0.2175  cm-1
87777.039    0.205      648.659           059003.000130   059003.000392          0.7825  cm-1
87777.039    0.205      648.659           059003.000177   059003.000498 P        0.0000  cm-1
87742.945    0.205      6477.033          059003.000098   059003.000358          1.0000  cm-1
87732.721    0.205      6474.165          059003.000126   059003.000389          0.3441  cm-1
87732.721    0.205      6474.165          059003.000135   059003.000489          0.6559  cm-1
87705.545    0.205      19399.596         059003.000091   059003.000352          0.0816  cm-1
87705.545    0.205      19399.596         059003.000181   059003.000508          0.9184  cm-1
87687.157    0.205      129227.221        059003.000096   059003.000356          1.0000  cm-1
87630.014    0.204      1289.051          059003.000135   059003.000488          0.2305  cm-1
87630.014    0.204      1289.051          059003.000051   059003.000330          0.7695  cm-1
87621.938    0.204      1932.893          059003.000125   059003.000386 P        0.0000  cm-1
87621.938    0.204      1932.893          059003.000112   059003.000366          1.0000  cm-1
87621.938    0.204      1932.893          059003.000113   059003.000367 P        0.0000  cm-1
87609.868    0.205      643.957           059003.000130   059003.000477          0.3134  cm-1
87609.868    0.205      643.957           059003.000058   059003.000338          0.6866  cm-1
87609.868    0.205      643.957           059003.000108   059003.000360 P        0.0000  cm-1
87606.348    0.204      2575.429          059003.000135   059003.000487          1.0000  cm-1
87588.547    0.204      25734.149         059003.000126   059003.000388          1.0000  cm-1
87581.036    0.204      12862.823         059003.000186   059003.000525          1.0000  cm-1
87575.437    0.204      1285.965          059003.000132   059003.000401          1.0000  cm-1
87564.410    0.204      12853.406         059003.000181   059003.000507          1.0000  cm-1
87512.438    0.204      12823.913         059003.000174   059003.000683 P        0.0000  cm-1
87512.438    0.204      12823.913         059003.000180   059003.000500          1.0000  cm-1
87504.935    0.205      6409.824          059003.000114   059003.000367          1.0000  cm-1
87487.160    0.204      1280.954          059003.000131   059003.000394 P        0.0000  cm-1
87470.034    0.204      639.989           059003.000102   059003.000461          1.0000  cm-1
87462.536    0.204      31988.783         059003.000102   059003.000460 P        0.0000  cm-1
87462.536    0.204      31988.783         059003.000096   059003.000354          1.0000  cm-1
87424.417    0.500      1277.396          059003.000127   059003.000388          1.0000  cm-1
87424.417    0.500      1277.396          059003.000068   059003.000553 P        0.0000  cm-1
87417.041    0.203      2553.911          059003.000120   059003.000375          1.0000  cm-1
87356.808    0.203      6367.543          059003.000126   059003.000476 P        0.0000  cm-1
87356.808    0.203      6367.543          059003.000112   059003.000365          1.0000  cm-1
87356.808    0.203      6367.543          059003.000091   059003.000351 P        0.0000  cm-1
87301.126    0.203      6351.560          059003.000126   059003.000386          1.0000  cm-1
87269.648    0.203      2537.002          059003.000097   059003.000353          0.1508  cm-1
87269.648    0.203      2537.002          059003.000125   059003.000382 P        0.0000  cm-1
87269.648    0.203      2537.002          059003.000132   059003.000399          0.8492  cm-1
87255.120    0.203      633.832           059003.000052   059003.000331          1.0000  cm-1
87233.340    0.203      2532.816          059003.000096   059003.000352          1.0000  cm-1
87214.024    0.202      632.646           059003.000135   059003.000405          1.0000  cm-1
87209.532    0.202      632.517           059003.000131   059003.000392          1.0000  cm-1
87205.125    0.202      632.389           059003.000106   059003.000359          1.0000  cm-1
87097.213    0.202      3146.330          059003.000181   059003.000638          1.0000  cm-1
87070.130    0.449      12569.569         059003.000181   059003.000503          1.0000  cm-1
87070.130    0.449      12569.569         059003.000182   059003.000503 P        0.0000  cm-1
87070.130    0.449      12569.569         059003.000132   059003.000396 P        0.0000  cm-1
87044.133    0.202      62772.143         059003.000113   059003.000363          1.0000  cm-1
87033.312    0.202      6274.060          059003.000104   059003.000358          1.0000  cm-1
87033.312    0.202      6274.060          059003.000141   059003.000408 P        0.0000  cm-1
87018.098    0.202      3134.811          059003.000101   059003.000355          1.0000  cm-1
86975.708    0.201      12514.482         059003.000129   059003.000387          1.0000  cm-1
86959.349    0.201      18757.365         059003.000102   059003.000355          0.4354  cm-1
86959.349    0.201      18757.365         059003.000108   059003.000359          0.5646  cm-1
86916.900    0.201      12480.037         059003.000113   059003.000362          1.0000  cm-1
86883.815    0.202      1246.061          059003.000044   059003.000319          1.0000  cm-1
86883.815    0.202      1246.061          059003.000096   059003.000351 P        0.0000  cm-1
86844.725    0.201      6218.811          059003.000115   059003.000365          1.0000  cm-1
86840.510    0.201      6217.570          059003.000133   059003.000396 P        0.0000  cm-1
86840.510    0.201      6217.570          059003.000184   059003.000637          1.0000  cm-1
86826.326    0.201      3106.696          059003.000135   059003.000401          1.0000  cm-1
86815.407    0.201      1863.052          059003.000129   059003.000476          1.0000  cm-1
86815.407    0.201      1863.052          059003.000135   059003.000484 P        0.0000  cm-1
86810.941    0.201      1241.772          059003.000129   059003.000630 P        0.0000  cm-1
86810.941    0.201      1241.772          059003.000184   059003.000510          1.0000  cm-1
86778.930    0.200      6199.412          059003.000051   059003.000325 P        0.0000  cm-1
86778.930    0.200      6199.412          059003.000126   059003.000381          1.0000  cm-1
86778.930    0.200      6199.412          059003.000115   059003.000466 P        0.0000  cm-1
86669.943    0.200      3083.569          059003.000129   059003.000385          1.0000  cm-1
86647.808    0.200      616.056           059003.000146   059003.000494          0.3848  cm-1
86647.808    0.200      616.056           059003.000096   059003.000349          0.6152  cm-1
86614.807    0.201      615.084           059003.000127   059003.000381          1.0000  cm-1
86601.725    0.200      614.685           059003.000044   059003.000317          1.0000  cm-1
86532.040    0.200      1225.210          059003.000130   059003.000384          0.9132  cm-1
86532.040    0.200      1225.210          059003.000141   059003.000635          0.0868  cm-1
86523.640    0.199      24494.176         059003.000184   059003.000506          1.0000  cm-1
86514.351    0.199      1836.230          059003.000133   059003.000393 P        0.0000  cm-1
86514.351    0.199      1836.230          059003.000120   059003.000468          1.0000  cm-1
86514.351    0.199      1836.230          059003.000134   059003.000482 P        0.0000  cm-1
86474.036    0.199      9163.041          059003.000120   059003.000467 P        0.0000  cm-1
86474.036    0.199      9163.041          059003.000131   059003.000388          1.0000  cm-1
86409.115    0.199      12178.413         059003.000129   059003.000383          1.0000  cm-1
86358.005    0.199      1214.765          059003.000146   059003.000411          1.0000  cm-1
86338.746    0.445      3034.009          059003.000150   059003.000496 P        0.0000  cm-1
86338.746    0.445      3034.009          059003.000135   059003.000398          1.0000  cm-1
86290.413    0.198      605.342           059003.000127   059003.000470 P        0.0000  cm-1
86290.413    0.198      605.342           059003.000123   059003.000468          1.0000  cm-1
86290.413    0.198      605.342           059003.000149   059003.000494 P        0.0000  cm-1
86243.822    0.198      6039.325          059003.000131   059003.000476          1.0000  cm-1
86219.942    0.200      12064.174         059003.000120   059003.000367          1.0000  cm-1
86176.034    0.198      2407.504          059003.000123   059003.000370          1.0000  cm-1
86153.155    0.198      6011.804          059003.000119   059003.000365          0.6640  cm-1
86153.155    0.198      6011.804          059003.000130   059003.000380          0.3360  cm-1
86145.443    0.198      1802.837          059003.000129   059003.000379          1.0000  cm-1
86145.443    0.198      1802.837          059003.000068   059003.000544 P        0.0000  cm-1
86140.199    0.198      1201.572          059003.000129   059003.000378          1.0000  cm-1
86098.047    0.198      4796.018          059003.000131   059003.000385          1.0000  cm-1
86092.723    0.198      4195.379          059003.000106   059003.000352 P        0.0000  cm-1
86092.723    0.198      4195.379          059003.000184   059003.000503          1.0000  cm-1
86092.723    0.198      4195.379          059003.000148   059003.000411 P        0.0000  cm-1
85960.113    0.702      1785.852          059003.000107   059003.000671 P        0.0000  cm-1
85924.560    0.199      2376.770          059003.000058   059003.000330 P        0.0000  cm-1
85862.027    0.197      592.254           059003.000105   059003.000350          1.0000  cm-1
85804.075    0.500      1771.402          059003.000148   059003.000409 P        0.0000  cm-1
85804.075    0.500      1771.402          059003.000132   059003.000388          1.0000  cm-1
85804.075    0.500      1771.402          059003.000110   059003.000562 P        0.0000  cm-1
85704.494    0.198      5873.770          059003.000151   059003.000413          1.0000  cm-1
85076.323    0.193      567.680           059003.000052   059003.000320          1.0000  cm-1
85072.840    0.193      567.569           059003.000135   059003.000640          1.0000  cm-1
85059.823    0.193      5671.557          059003.000126   059003.000370          1.0000  cm-1
84994.031    0.193      2825.312          059003.000132   059003.000381          1.0000  cm-1
84897.500    0.221      11239.645         059003.000132   059003.000378          1.0000  cm-1
84895.699    0.221      2809.623          059003.000115   059003.000357          1.0000  cm-1
84895.699    0.221      2809.623          059003.000127   059003.000370 P        0.0000  cm-1
84879.198    0.192      22455.883         059003.000143   059003.000491 P        0.0000  cm-1
84879.198    0.192      22455.883         059003.000186   059003.000637          1.0000  cm-1
84849.516    0.192      1681.342          059003.000068   059003.000334 P        0.0000  cm-1
84849.516    0.192      1681.342          059003.000186   059003.000510          1.0000  cm-1
84764.136    0.192      2230.840          059003.000119   059003.000462          1.0000  cm-1
84760.751    0.192      2230.405          059003.000155   059003.000493 P        0.0000  cm-1
84760.751    0.192      2230.405          059003.000156   059003.000412          1.0000  cm-1
84744.237    0.202      44565.663         059003.000046   059003.000456 P        0.0000  cm-1
84615.596    0.193      552.943           059003.000051   059003.000314 P        0.0000  cm-1
84615.596    0.193      552.943           059003.000139   059003.000479          1.0000  cm-1
84612.605    0.191      1105.665          059003.000120   059003.000359          1.0000  cm-1
84571.603    0.437      3309.051          059003.000158   059003.000495 P        0.0000  cm-1
84571.603    0.437      3309.051          059003.000126   059003.000365          1.0000  cm-1
84571.603    0.437      3309.051          059003.000129   059003.000372 P        0.0000  cm-1
84571.603    0.437      3309.051          059003.000056   059003.000322 P        0.0000  cm-1
84555.138    0.191      8264.646          059003.000130   059003.000371          1.0000  cm-1
84545.214    0.191      11013.111         059003.000135   059003.000384          1.0000  cm-1
84476.847    0.191      548.442           059003.000154   059003.000410          1.0000  cm-1
84401.605    0.500      546.002           059003.000129   059003.000369          0.3108  cm-1
84401.605    0.500      546.002           059003.000055   059003.000320          0.3101  cm-1
84401.605    0.500      546.002           059003.000158   059003.000493          0.3791  cm-1
84340.711    0.190      544.021           059003.000144   059003.000487          1.0000  cm-1
84233.138    0.190      1081.030          059003.000179   059003.000499          1.0000  cm-1
84215.960    0.190      539.954           059003.000103   059003.000560          1.0000  cm-1
84212.269    0.190      2159.334          059003.000186   059003.000623          1.0000  cm-1
84203.843    0.190      8093.374          059003.000119   059003.000357          1.0000  cm-1
84130.657    0.189      1611.493          059003.000186   059003.000503          1.0000  cm-1
84023.930    0.189      5336.647          059003.000130   059003.000365          1.0000  cm-1
83888.942    0.188      7938.350          059003.000179   059003.000418          1.0000  cm-1
83836.418    0.188      1582.473          059003.000146   059003.000487          1.0000  cm-1
83730.007    0.188      10479.475         059003.000169   059003.000680 P        0.0000  cm-1
83730.007    0.188      10479.475         059003.000120   059003.000354          1.0000  cm-1
83633.223    0.187      2083.067          059003.000129   059003.000362          1.0000  cm-1
83575.833    0.187      518.861           059003.000180   059003.000497          1.0000  cm-1
83549.310    0.187      5179.798          059003.000180   059003.000417          0.7540  cm-1
83549.310    0.187      5179.798          059003.000193   059003.000603 P        0.0000  cm-1
83549.310    0.187      5179.798          059003.000139   059003.000388 P        0.0000  cm-1
83549.310    0.187      5179.798          059003.000144   059003.000484          0.2460  cm-1
83541.911    0.187      517.734           059003.000120   059003.000353          1.0000  cm-1
83506.611    0.187      15496.788         059003.000129   059003.000361          1.0000  cm-1
83500.739    0.187      25818.210         059003.000120   059003.000352          1.0000  cm-1
83496.424    0.190      1032.441          059003.000103   059003.000347          1.0000  cm-1
83444.314    0.187      20579.399         059003.000146   059003.000405          1.0000  cm-1
83328.616    0.431      2553.073          059003.000125   059003.000459 P        0.0000  cm-1
83328.616    0.431      2553.073          059003.000156   059003.000635 P        0.0000  cm-1
83323.538    0.186      4083.558          059003.000131   059003.000364          1.0000  cm-1
83318.764    0.669      2551.492          059003.000139   059003.000476          0.9035  cm-1
83318.764    0.669      2551.492          059003.000123   059003.000353          0.0965  cm-1
83315.195    0.501      2550.902          059003.000139   059003.000630          1.0000  cm-1
83294.040    0.186      1528.376          059003.000146   059003.000404          1.0000  cm-1
83272.254    0.186      508.730           059003.000126   059003.000359          1.0000  cm-1
83194.692    0.186      506.133           059003.000119   059003.000350          1.0000  cm-1
83167.702    0.188      2020.914          059003.000110   059003.000348          1.0000  cm-1
83167.702    0.188      2020.914          059003.000154   059003.000634 P        0.0000  cm-1
83162.558    0.666      2525.280          059003.000144   059003.000483 P        0.0000  cm-1
83162.558    0.666      2525.280          059003.000133   059003.000468 P        0.0000  cm-1
83162.558    0.666      2525.280          059003.000143   059003.000478 P        0.0000  cm-1
83158.961    0.185      1009.871          059003.000132   059003.000369          1.0000  cm-1
83121.303    0.431      1007.372          059003.000152   059003.000489 P        0.0000  cm-1
83121.303    0.431      1007.372          059003.000133   059003.000467          1.0000  cm-1
83118.127    0.431      5035.654          059003.000125   059003.000458 P        0.0000  cm-1
83118.127    0.431      5035.654          059003.000167   059003.000496          1.0000  cm-1
83118.127    0.431      5035.654          059003.000077   059003.000543 P        0.0000  cm-1
83107.059    0.185      503.194           059003.000181   059003.000499          1.0000  cm-1
83107.059    0.185      503.194           059003.000182   059003.000499 P        0.0000  cm-1
83094.513    0.187      1005.545          059003.000125   059003.000358 P        0.0000  cm-1
83094.513    0.187      1005.545          059003.000132   059003.000367          1.0000  cm-1
83060.132    0.430      1003.236          059003.000150   059003.000487 P        0.0000  cm-1
83056.574    0.186      2005.972          059003.000151   059003.000488          0.5387  cm-1
83056.574    0.186      2005.972          059003.000146   059003.000401          0.4613  cm-1
83051.324    0.187      25065.594         059003.000151   059003.000407          1.0000  cm-1
83021.159    0.430      2001.231          059003.000058   059003.000315 P        0.0000  cm-1
83021.159    0.430      2001.231          059003.000144   059003.000395          1.0000  cm-1
82987.544    0.664      9983.539          059003.000140   059003.000640 P        0.0000  cm-1
82987.544    0.664      9983.539          059003.000141   059003.000389 P        0.0000  cm-1
82941.024    0.430      995.222           059003.000125   059003.000357 P        0.0000  cm-1
82941.024    0.430      995.222           059003.000193   059003.000677          1.0000  cm-1
82780.507    0.662      19687.862         059003.000148   059003.000484 P        0.0000  cm-1
82762.745    0.184      983.193           059003.000181   059003.000418          1.0000  cm-1
82729.697    0.317      980.959           059003.000164   059003.000412          0.9723  cm-1
82729.697    0.317      980.959           059003.000123   059003.000350          0.0277  cm-1
82717.149    0.429      980.110           059003.000163   059003.000493 P        0.0000  cm-1
82639.231    0.183      9748.369          059003.000151   059003.000405 P        0.0000  cm-1
82639.231    0.183      9748.369          059003.000135   059003.000468 P        0.0000  cm-1
82633.756    0.183      1948.932          059003.000183   059003.000497 P        0.0000  cm-1
82633.756    0.183      1948.932          059003.000127   059003.000458 P        0.0000  cm-1
82608.348    0.183      1459.106          059003.000141   059003.000630          1.0000  cm-1
82568.741    0.183      1455.091          059003.000146   059003.000398          1.0000  cm-1
82508.322    0.184      482.981           059003.000167   059003.000413          1.0000  cm-1
82504.560    0.183      965.707           059003.000130   059003.000460          1.0000  cm-1
82504.560    0.183      965.707           059003.000188   059003.000505 P        0.0000  cm-1
82490.030    0.185      482.350           059003.000151   059003.000404          1.0000  cm-1
82334.136    0.500      477.063           059003.000107   059003.000555 P        0.0000  cm-1
82334.136    0.500      477.063           059003.000157   059003.000490 P        0.0000  cm-1
82334.136    0.500      477.063           059003.000155   059003.000489          0.3288  cm-1
82334.136    0.500      477.063           059003.000139   059003.000469 P        0.0000  cm-1
82334.136    0.500      477.063           059003.000166   059003.000410          0.6712  cm-1
82334.136    0.500      477.063           059003.000128   059003.000355 P        0.0000  cm-1
82334.136    0.500      477.063           059003.000132   059003.000463 P        0.0000  cm-1
82237.040    0.182      947.514           059003.000154   059003.000407          1.0000  cm-1
82157.803    0.181      1884.226          059003.000131   059003.000359          1.0000  cm-1
82137.262    0.181      1411.068          059003.000132   059003.000360          1.0000  cm-1
82125.738    0.181      18798.512         059003.000189   059003.000502 P        0.0000  cm-1
82074.566    0.181      1872.866          059003.000130   059003.000357          1.0000  cm-1
82065.827    0.181      935.836           059003.000136   059003.000563 P        0.0000  cm-1
82065.827    0.181      935.836           059003.000158   059003.000491          1.0000  cm-1
82020.403    0.500      9327.340          059003.000163   059003.000492          0.2494  cm-1
82020.403    0.500      9327.340          059003.000146   059003.000392          0.7506  cm-1
82020.403    0.500      9327.340          059003.000137   059003.000371 P        0.0000  cm-1
82000.745    0.181      465.695           059003.000130   059003.000355          1.0000  cm-1
81968.826    0.181      929.209           059003.000154   059003.000406          1.0000  cm-1
81948.413    0.181      1855.628          059003.000103   059003.000550          0.7517  cm-1
81948.413    0.181      1855.628          059003.000153   059003.000486          0.2483  cm-1
81940.419    0.180      463.634           059003.000156   059003.000406          1.0000  cm-1
81821.416    0.180      459.563           059003.000159   059003.000490          1.0000  cm-1
81818.949    0.182      918.936           059003.000151   059003.000397          1.0000  cm-1
81799.726    0.180      4588.200          059003.000172   059003.000413          1.0000  cm-1
81698.263    0.179      2276.722          059003.000172   059003.000412          1.0000  cm-1
81698.263    0.179      2276.722          059003.000064   059003.000457 P        0.0000  cm-1
81429.080    0.178      892.193           059003.000146   059003.000389          0.7556  cm-1
81429.080    0.178      892.193           059003.000153   059003.000484          0.2444  cm-1
81393.087    0.208      4448.601          059003.000171   059003.000410          1.0000  cm-1
81301.819    0.423      1325.172          059003.000146   059003.000640 P        0.0000  cm-1
81087.380    0.177      434.349           059003.000131   059003.000353          1.0000  cm-1
81065.609    0.177      433.600           059003.000130   059003.000350          1.0000  cm-1
81046.176    0.317      1298.795          059003.000153   059003.000483          0.4910  cm-1
81046.176    0.317      1298.795          059003.000131   059003.000352          0.5090  cm-1
81027.709    0.177      1296.888          059003.000118   059003.000625          1.0000  cm-1
81014.512    0.177      431.842           059003.000152   059003.000477          1.0000  cm-1
81002.506    0.177      1294.286          059003.000110   059003.000552          1.0000  cm-1
80994.975    0.177      431.169           059003.000155   059003.000397          1.0000  cm-1
80932.176    0.421      8580.156          059003.000154   059003.000396 P        0.0000  cm-1
80867.456    0.176      426.780           059003.000153   059003.000482          1.0000  cm-1
80775.279    0.176      1694.423          059003.000146   059003.000384          1.0000  cm-1
80680.115    0.175      2942.299          059003.000154   059003.000394 P        0.0000  cm-1
80680.115    0.175      2942.299          059003.000107   059003.000341          1.0000  cm-1
80578.703    0.424      2084.179          059003.000070   059003.000457          0.8472  cm-1
80578.703    0.424      2084.179          059003.000156   059003.000393          0.1528  cm-1
80472.372    0.174      413.174           059003.000124   059003.000560          1.0000  cm-1
80342.916    0.174      817.433           059003.000159   059003.000395          1.0000  cm-1
80287.975    0.185      2034.125          059003.000046   059003.000312          1.0000  cm-1
80062.717    0.173      1197.220          059003.000092   059003.000329          1.0000  cm-1
79812.669    0.317      2733.372          059003.000153   059003.000389          0.3887  cm-1
79812.669    0.317      2733.372          059003.000185   059003.000414          0.0450  cm-1
79812.669    0.317      2733.372          059003.000136   059003.000668          0.5664  cm-1
79686.868    0.171      1930.813          059003.000153   059003.000640          1.0000  cm-1
79671.477    0.174      1156.873          059003.000151   059003.000381          1.0000  cm-1
79651.768    0.171      384.958           059003.000162   059003.000485          1.0000  cm-1
79595.083    0.182      7660.283          059003.000124   059003.000558 P        0.0000  cm-1
79595.083    0.182      7660.283          059003.000041   059003.000308          1.0000  cm-1
79495.783    0.173      379.601           059003.000151   059003.000377          1.0000  cm-1
79447.222    0.171      755.895           059003.000103   059003.000333          1.0000  cm-1
79443.816    0.171      377.831           059003.000167   059003.000405 P        0.0000  cm-1
79443.816    0.171      377.831           059003.000169   059003.000678 P        0.0000  cm-1
79437.197    0.415      1510.417          059003.000154   059003.000476 P        0.0000  cm-1
79381.200    0.170      1502.750          059003.000153   059003.000386          1.0000  cm-1
79302.891    0.170      7460.176          059003.000141   059003.000361 P        0.0000  cm-1
79302.891    0.170      7460.176          059003.000144   059003.000371          1.0000  cm-1
79302.891    0.170      7460.176          059003.000124   059003.000557 P        0.0000  cm-1
79247.588    0.172      7422.371          059003.000167   059003.000403          1.0000  cm-1
79159.579    0.170      7362.258          059003.000153   059003.000384          1.0000  cm-1
79146.100    0.169      7353.057          059003.000172   059003.000407          1.0000  cm-1
79029.889    0.500      1818.449          059003.000154   059003.000383          0.8245  cm-1
79029.889    0.500      1818.449          059003.000153   059003.000382          0.0538  cm-1
79029.889    0.500      1818.449          059003.000157   059003.000473          0.1217  cm-1
79009.357    0.169      7259.806          059003.000158   059003.000386          0.1534  cm-1
79009.357    0.169      7259.806          059003.000107   059003.000334          0.3672  cm-1
79009.357    0.169      7259.806          059003.000173   059003.000407          0.4794  cm-1
78878.022    0.168      14340.814         059003.000172   059003.000406          1.0000  cm-1
78859.305    0.168      357.884           059003.000153   059003.000381          1.0000  cm-1
78813.618    0.168      712.663           059003.000176   059003.000490          1.0000  cm-1
78787.986    0.168      710.922           059003.000158   059003.000384          1.0000  cm-1
78787.986    0.168      710.922           059003.000122   059003.000551 P        0.0000  cm-1
78780.976    0.168      355.223           059003.000176   059003.000489          0.3361  cm-1
78780.976    0.168      355.223           059003.000165   059003.000482 P        0.0000  cm-1
78780.976    0.168      355.223           059003.000153   059003.000380          0.6639  cm-1
78771.407    0.168      354.898           059003.000144   059003.000365          1.0000  cm-1
78627.099    0.167      350.005           059003.000122   059003.000549          1.0000  cm-1
78620.606    0.414      3497.853          059003.000164   059003.000394 P        0.0000  cm-1
78620.606    0.414      3497.853          059003.000063   059003.000313 P        0.0000  cm-1
78573.904    0.167      1044.614          059003.000090   059003.000322          1.0000  cm-1
78565.886    0.167      347.933           059003.000168   059003.000483          1.0000  cm-1
78560.886    0.167      6955.283          059003.000109   059003.000333          1.0000  cm-1
78560.886    0.167      6955.283          059003.000642   059003.000414 P        0.0000  cm-1
78532.501    0.167      1734.021          059003.000146   059003.000366          1.0000  cm-1
78532.501    0.167      1734.021          059003.000092   059003.000542 P        0.0000  cm-1
78436.217    0.178      6871.035          059003.000046   059003.000310          1.0000  cm-1
78349.877    0.166      340.644           059003.000198   059003.000617 P        0.0000  cm-1
78349.877    0.166      340.644           059003.000163   059003.000392          1.0000  cm-1
78349.877    0.166      340.644           059003.000139   059003.000354 P        0.0000  cm-1
78332.087    0.411      680.110           059003.000145   059003.000364          1.0000  cm-1
78319.828    0.411      679.264           059003.000165   059003.000392 P        0.0000  cm-1
78312.457    0.167      339.384           059003.000094   059003.000542          1.0000  cm-1
77880.275    0.165      3248.996          059003.000160   059003.000384          1.0000  cm-1
77728.530    0.408      12793.922         059003.000165   059003.000389 P        0.0000  cm-1
77704.058    0.164      95710.551         059003.000173   059003.000396          0.1202  cm-1
77704.058    0.164      95710.551         059003.000166   059003.000390          0.8798  cm-1
77579.641    0.163      629.821           059003.000143   059003.000461 P        0.0000  cm-1
77579.641    0.163      629.821           059003.000160   059003.000381          1.0000  cm-1
77579.641    0.163      629.821           059003.000074   059003.000644 P        0.0000  cm-1
77530.440    0.163      313.283           059003.000124   059003.000342          1.0000  cm-1
77453.152    0.317      6214.619          059003.000166   059003.000387          0.9593  cm-1
77453.152    0.317      6214.619          059003.000173   059003.000394          0.0407  cm-1
77395.732    0.174      308.838           059003.000047   059003.000308          1.0000  cm-1
77372.136    0.407      924.185           059003.000164   059003.000630 P        0.0000  cm-1
77334.853    0.163      1534.177          059003.000176   059003.000395          1.0000  cm-1
77277.245    0.174      3049.432          059003.000042   059003.000307          1.0000  cm-1
77273.657    0.162      914.476           059003.000153   059003.000373          1.0000  cm-1
77273.657    0.162      914.476           059003.000041   059003.000306 P        0.0000  cm-1
77252.577    0.162      608.268           059003.000144   059003.000460          1.0000  cm-1
77191.943    0.162      9064.418          059003.000154   059003.000372          1.0000  cm-1
77191.943    0.162      9064.418          059003.000088   059003.000457 P        0.0000  cm-1
77051.849    0.161      892.715           059003.000117   059003.000543          0.9605  cm-1
77051.849    0.161      892.715           059003.000161   059003.000381          0.0395  cm-1
76970.924    0.161      589.874           059003.000164   059003.000383          1.0000  cm-1
76958.242    0.163      2945.248          059003.000154   059003.000367          1.0000  cm-1
76958.242    0.163      2945.248          059003.000073   059003.000313 P        0.0000  cm-1
76906.203    0.173      878.512           059003.000064   059003.000312          1.0000  cm-1
76886.580    0.161      14610.048         059003.000166   059003.000383          1.0000  cm-1
76763.876    0.160      2882.313          059003.000091   059003.000457 P        0.0000  cm-1
76763.876    0.160      2882.313          059003.000171   059003.000390          1.0000  cm-1
76763.876    0.160      2882.313          059003.000165   059003.000472 P        0.0000  cm-1
76748.267    0.160      863.182           059003.000144   059003.000355          1.0000  cm-1
76716.471    0.160      573.404           059003.000159   059003.000373          1.0000  cm-1
76591.782    0.160      282.692           059003.000078   059003.000644          1.0000  cm-1
76591.782    0.160      282.692           059003.000168   059003.000473 P        0.0000  cm-1
76583.096    0.160      282.413           059003.000173   059003.000389          1.0000  cm-1
76575.999    0.160      282.186           059003.000172   059003.000388          1.0000  cm-1
76545.063    0.160      281.194           059003.000158   059003.000366          1.0000  cm-1
76498.499    0.406      5594.074          059003.000124   059003.000335 P        0.0000  cm-1
76498.499    0.406      5594.074          059003.000093   059003.000457 P        0.0000  cm-1
76438.909    0.159      555.600           059003.000173   059003.000388          1.0000  cm-1
76438.909    0.159      555.600           059003.000148   059003.000459 P        0.0000  cm-1
76418.883    0.160      554.323           059003.000053   059003.000309          1.0000  cm-1
76345.720    0.403      549.663           059003.000172   059003.000476          0.8918  cm-1
76345.720    0.403      549.663           059003.000149   059003.000459          0.1082  cm-1
76335.806    0.159      274.517           059003.000181   059003.000496          1.0000  cm-1
76335.806    0.159      274.517           059003.000204   059003.000617 P        0.0000  cm-1
76317.986    0.159      547.901           059003.000146   059003.000357          1.0000  cm-1
76279.276    0.403      272.722           059003.000195   059003.000586 P        0.0000  cm-1
76279.276    0.403      272.722           059003.000158   059003.000365          1.0000  cm-1
76199.989    0.158      1891.479          059003.000172   059003.000385          1.0000  cm-1
76139.635    0.403      1341.528          059003.000197   059003.000594 P        0.0000  cm-1
76130.267    0.158      536.020           059003.000147   059003.000355          1.0000  cm-1
76127.705    0.158      2679.294          059003.000154   059003.000361          1.0000  cm-1
76095.610    0.158      5338.367          059003.000164   059003.000375          1.0000  cm-1
76070.313    0.170      532.245           059003.000045   059003.000307          1.0000  cm-1
76070.313    0.170      532.245           059003.000167   059003.000469 P        0.0000  cm-1
76011.174    0.158      264.265           059003.000173   059003.000474 P        0.0000  cm-1
76011.174    0.158      264.265           059003.000166   059003.000375          1.0000  cm-1
75972.592    0.157      263.055           059003.000156   059003.000360          1.0000  cm-1
75946.352    0.157      786.702           059003.000171   059003.000383          1.0000  cm-1
75769.280    0.169      256.715           059003.000046   059003.000307          1.0000  cm-1
75766.514    0.157      256.629           059003.000172   059003.000381          1.0000  cm-1
75670.421    0.156      1268.264          059003.000172   059003.000378          1.0000  cm-1
75621.434    0.156      252.140           059003.000430   059003.000549          1.0000  cm-1
75494.772    0.400      12412.269         059003.000171   059003.000471 P        0.0000  cm-1
75462.719    0.156      989.072           059003.000178   059003.000390          0.9003  cm-1
75462.719    0.156      989.072           059003.000086   059003.000644          0.0997  cm-1
75289.318    0.155      1209.908          059003.000181   059003.000409          1.0000  cm-1
75275.430    0.167      7246.803          059003.000073   059003.000312          1.0000  cm-1
75275.430    0.167      7246.803          059003.000047   059003.000658 P        0.0000  cm-1
75218.417    0.307      239.833           059003.000163   059003.000373 P        0.0000  cm-1
75218.417    0.307      239.833           059003.000083   059003.000313          1.0000  cm-1
75132.163    0.154      14233.751         059003.000164   059003.000372          1.0000  cm-1
75103.666    0.166      236.371           059003.000050   059003.000307          1.0000  cm-1
75054.678    0.166      234.900           059003.000064   059003.000310          1.0000  cm-1
75054.678    0.166      234.900           059003.000212   059003.000617 P        0.0000  cm-1
74973.479    0.398      4649.378          059003.000212   059003.000607 P        0.0000  cm-1
74907.159    0.154      2304.911          059003.000539   059003.000659          1.0000  cm-1
74898.681    0.156      23023.874         059003.000164   059003.000367          1.0000  cm-1
74706.545    0.398      449.102           059003.000159   059003.000462 P        0.0000  cm-1
74706.545    0.398      449.102           059003.000230   059003.000622 P        0.0000  cm-1
74693.042    0.153      896.614           059003.000154   059003.000356          1.0000  cm-1
74468.048    0.152      2175.744          059003.000154   059003.000354          1.0000  cm-1
74365.652    0.151      1073.041          059003.000136   059003.000548          1.0000  cm-1
74344.471    0.317      42799.394         059003.000053   059003.000629 P        0.0000  cm-1
74344.471    0.317      42799.394         059003.000205   059003.000661 P        0.0000  cm-1
74344.471    0.317      42799.394         059003.000063   059003.000309 P        0.0000  cm-1
74339.665    0.396      21385.835         059003.000165   059003.000464 P        0.0000  cm-1
74339.665    0.396      21385.835         059003.000170   059003.000371 P        0.0000  cm-1
74229.963    0.164      6321.160          059003.000063   059003.000308          1.0000  cm-1
74210.636    0.151      2101.520          059003.000156   059003.000352          1.0000  cm-1
74110.474    0.151      1451.063          059003.000165   059003.000463 P        0.0000  cm-1
74110.474    0.151      1451.063          059003.000166   059003.000362          1.0000  cm-1
74094.878    0.152      1447.960          059003.000073   059003.000311          1.0000  cm-1
74088.171    0.151      206.661           059003.000097   059003.000644          0.9360  cm-1
74088.171    0.151      206.661           059003.000199   059003.000428          0.0640  cm-1
74088.171    0.151      206.661           059003.000046   059003.000305 P        0.0000  cm-1
74055.962    0.395      2057.493          059003.000217   059003.000618 P        0.0000  cm-1
74024.208    0.150      204.850           059003.000173   059003.000468          1.0000  cm-1
73936.310    0.163      60711.238         059003.000070   059003.000310          1.0000  cm-1
73910.300    0.150      403.280           059003.000206   059003.000599 P        0.0000  cm-1
73910.300    0.150      403.280           059003.000173   059003.000370          1.0000  cm-1
73876.781    0.395      2006.994          059003.000206   059003.000593 P        0.0000  cm-1
73876.781    0.395      2006.994          059003.000206   059003.000592 P        0.0000  cm-1
73855.176    0.150      400.189           059003.000078   059003.000659          1.0000  cm-1
73810.582    0.150      397.697           059003.000431   059003.000619 P        0.0000  cm-1
73788.858    0.150      594.728           059003.000179   059003.000405          1.0000  cm-1
73726.779    0.394      393.033           059003.000078   059003.000646 P        0.0000  cm-1
73726.779    0.394      393.033           059003.000201   059003.000428 P        0.0000  cm-1
73624.848    0.149      387.395           059003.000156   059003.000349          1.0000  cm-1
73583.137    0.394      5776.481          059003.000081   059003.000659 P        0.0000  cm-1
73583.137    0.394      5776.481          059003.000197   059003.000663 P        0.0000  cm-1
73583.137    0.394      5776.481          059003.000080   059003.000646 P        0.0000  cm-1
73578.854    0.394      577.295           059003.000221   059003.000618 P        0.0000  cm-1
73578.854    0.394      577.295           059003.000124   059003.000323          1.0000  cm-1
73431.289    0.148      376.795           059003.000102   059003.000644          1.0000  cm-1
73415.133    0.148      187.958           059003.000180   059003.000404          1.0000  cm-1
73401.208    0.393      3751.601          059003.000179   059003.000401          1.0000  cm-1
73396.794    0.393      7498.411          059003.000207   059003.000602 P        0.0000  cm-1
73297.274    0.151      184.769           059003.000180   059003.000485 P        0.0000  cm-1
73297.274    0.151      184.769           059003.000171   059003.000363          0.7285  cm-1
73297.274    0.151      184.769           059003.000095   059003.000313          0.2715  cm-1
73293.017    0.148      369.309           059003.000430   059003.000334          1.0000  cm-1
73278.898    0.148      184.274           059003.000104   059003.000644          1.0000  cm-1
73178.257    0.160      544.728           059003.000097   059003.000313          1.0000  cm-1
73165.460    0.147      543.702           059003.000180   059003.000484          0.1201  cm-1
73165.460    0.147      543.702           059003.000041   059003.000676          0.8799  cm-1
73063.884    0.392      17853.284         059003.000209   059003.000603 P        0.0000  cm-1
73063.884    0.392      17853.284         059003.000124   059003.000320 P        0.0000  cm-1
73063.884    0.392      17853.284         059003.000209   059003.000600 P        0.0000  cm-1
72985.597    0.160      352.929           059003.000063   059003.000627 P        0.0000  cm-1
72985.597    0.160      352.929           059003.000099   059003.000313          1.0000  cm-1
72967.387    0.147      2639.779          059003.000179   059003.000397          1.0000  cm-1
72967.387    0.147      2639.779          059003.000173   059003.000463 P        0.0000  cm-1
72927.543    0.392      349.877           059003.000186   059003.000494          1.0000  cm-1
72879.484    0.391      521.042           059003.000223   059003.000612 P        0.0000  cm-1
72783.204    0.146      1711.738          059003.000047   059003.000660 P        0.0000  cm-1
72783.204    0.146      1711.738          059003.000180   059003.000483          1.0000  cm-1
72783.204    0.146      1711.738          059003.000168   059003.000462 P        0.0000  cm-1
72682.295    0.147      168.566           059003.000073   059003.000309          1.0000  cm-1
72674.627    0.151      673.474           059003.000226   059003.000614 P        0.0000  cm-1
72672.517    0.147      1346.514          059003.000080   059003.000311          1.0000  cm-1
72633.574    0.146      2509.714          059003.000202   059003.000664 P        0.0000  cm-1
72633.574    0.146      2509.714          059003.000164   059003.000356          1.0000  cm-1
72599.022    0.145      3328.590          059003.000086   059003.000646          1.0000  cm-1
72569.166    0.158      2485.005          059003.000073   059003.000308          1.0000  cm-1
72548.473    0.146      165.140           059003.000166   059003.000356          0.1057  cm-1
72548.473    0.146      165.140           059003.000081   059003.000311          0.8943  cm-1
72465.775    0.145      489.121           059003.000119   059003.000456 P        0.0000  cm-1
72465.775    0.145      489.121           059003.000181   059003.000403          1.0000  cm-1
72465.775    0.145      489.121           059003.000047   059003.000303 P        0.0000  cm-1
72457.957    0.390      6513.705          059003.000203   059003.000664 P        0.0000  cm-1
72400.127    0.158      1613.839          059003.000088   059003.000312          1.0000  cm-1
72387.711    0.158      16107.162         059003.000064   059003.000307          1.0000  cm-1
72368.324    0.307      642.339           059003.000104   059003.000313          1.0000  cm-1
72364.673    0.145      320.986           059003.000202   059003.000666 P        0.0000  cm-1
72364.673    0.145      320.986           059003.000179   059003.000392          1.0000  cm-1
72356.304    0.146      160.284           059003.000183   059003.000485 P        0.0000  cm-1
72356.304    0.146      160.284           059003.000201   059003.000636          0.2477  cm-1
72356.304    0.146      160.284           059003.000083   059003.000311          0.7523  cm-1
72356.304    0.146      160.284           059003.000214   059003.000596 P        0.0000  cm-1
72348.594    0.144      320.180           059003.000087   059003.000646          1.0000  cm-1
72340.392    0.146      319.765           059003.000202   059003.000580 P        0.0000  cm-1
72340.392    0.146      319.765           059003.000041   059003.000656          1.0000  cm-1
72340.392    0.146      319.765           059003.000214   059003.000593 P        0.0000  cm-1
72340.392    0.146      319.765           059003.000214   059003.000592 P        0.0000  cm-1
72274.602    0.144      316.483           059003.000210   059003.000429 P        0.0000  cm-1
72274.602    0.144      316.483           059003.000181   059003.000401          1.0000  cm-1
72272.096    0.394      47453.662         059003.000049   059003.000454 P        0.0000  cm-1
72264.668    0.146      1579.969          059003.000211   059003.000677          1.0000  cm-1
72219.217    0.144      470.595           059003.000124   059003.000314 P        0.0000  cm-1
72219.217    0.144      470.595           059003.000073   059003.000626          1.0000  cm-1
72219.217    0.144      470.595           059003.000216   059003.000602 P        0.0000  cm-1
72178.034    0.389      779.229           059003.000164   059003.000352 P        0.0000  cm-1
72141.388    0.144      464.825           059003.000180   059003.000392          1.0000  cm-1
72057.591    0.157      6115.409          059003.000079   059003.000310          1.0000  cm-1
72045.560    0.147      152.595           059003.000218   059003.000661          1.0000  cm-1
72042.114    0.157      152.507           059003.000106   059003.000313          1.0000  cm-1
71953.318    0.143      1052.427          059003.000089   059003.000659          1.0000  cm-1
71937.630    0.143      749.834           059003.000179   059003.000624          1.0000  cm-1
71805.299    0.143      440.348           059003.000112   059003.000644          1.0000  cm-1
71805.299    0.143      440.348           059003.000184   059003.000486 P        0.0000  cm-1
71796.322    0.156      14656.796         059003.000108   059003.000313          1.0000  cm-1
71764.018    0.142      14579.691         059003.000203   059003.000663 P        0.0000  cm-1
71760.015    0.147      291.412           059003.000195   059003.000574          1.0000  cm-1
71719.099    0.145      2894.615          059003.000194   059003.000652          1.0000  cm-1
71713.426    0.142      433.782           059003.000180   059003.000624          1.0000  cm-1
71713.426    0.142      433.782           059003.000218   059003.000596 P        0.0000  cm-1
71705.716    0.323      8664.658          059003.000219   059003.000597 P        0.0000  cm-1
71705.716    0.323      8664.658          059003.000076   059003.000309          0.0759  cm-1
71705.716    0.323      8664.658          059003.000219   059003.000596 P        0.0000  cm-1
71705.716    0.323      8664.658          059003.000093   059003.000312          0.9241  cm-1
71698.886    0.388      2884.982          059003.000218   059003.000593 P        0.0000  cm-1
71698.886    0.388      2884.982          059003.000176   059003.000462 P        0.0000  cm-1
71695.634    0.143      1441.687          059003.000183   059003.000395          1.0000  cm-1
71674.314    0.388      574.670           059003.000175   059003.000460 P        0.0000  cm-1
71650.406    0.147      715.536           059003.000197   059003.000577          1.0000  cm-1
71647.305    0.142      286.059           059003.000179   059003.000640          1.0000  cm-1
71610.178    0.145      7107.888          059003.000196   059003.000639          1.0000  cm-1
71569.932    0.147      706.079           059003.000195   059003.000573          1.0000  cm-1
71564.263    0.145      2821.511          059003.000041   059003.000299          1.0000  cm-1
71534.704    0.142      280.775           059003.000184   059003.000404          1.0000  cm-1
71498.809    0.145      5582.134          059003.000196   059003.000648          1.0000  cm-1
71495.013    0.142      697.315           059003.000188   059003.000496 P        0.0000  cm-1
71488.419    0.142      5572.383          059003.000236   059003.000619 P        0.0000  cm-1
71472.221    0.142      694.667           059003.000173   059003.000357          1.0000  cm-1
71472.221    0.142      694.667           059003.000234   059003.000617 P        0.0000  cm-1
71420.289    0.155      413.188           059003.000111   059003.000313          1.0000  cm-1
71406.310    0.143      961.846           059003.000078   059003.000309          1.0000  cm-1
71397.291    0.387      2743.973          059003.000175   059003.000358 P        0.0000  cm-1
71368.311    0.146      13653.603         059003.000197   059003.000576          1.0000  cm-1
71356.662    0.146      545.074           059003.000197   059003.000639          1.0000  cm-1
71338.063    0.258      407.513           059003.000042   059003.000448          1.0000  cm-1
71324.894    0.175      4066.179          059003.000073   059003.000627          0.1667  cm-1
71324.894    0.175      4066.179          059003.000206   059003.000663          0.8333  cm-1
71323.976    0.176      13551.935         059003.000221   059003.000602 P        0.0000  cm-1
71323.976    0.176      13551.935         059003.000195   059003.000649          1.0000  cm-1
71320.358    0.154      1083.457          059003.000060   059003.000305          0.2899  cm-1
71320.358    0.154      1083.457          059003.000069   059003.000307          0.7101  cm-1
71303.268    0.154      1080.332          059003.000099   059003.000312          1.0000  cm-1
71295.998    0.143      404.633           059003.000194   059003.000651          1.0000  cm-1
71288.779    0.141      2694.215          059003.000176   059003.000358 P        0.0000  cm-1
71280.258    0.145      5380.835          059003.000195   059003.000651          1.0000  cm-1
71266.866    0.146      13421.546         059003.000207   059003.000589 P        0.0000  cm-1
71266.866    0.146      13421.546         059003.000206   059003.000662          1.0000  cm-1
71259.976    0.142      13405.464         059003.000080   059003.000309          1.0000  cm-1
71259.976    0.142      13405.464         059003.000207   059003.000588 P        0.0000  cm-1
71245.171    0.145      8023.343          059003.000197   059003.000648          1.0000  cm-1
71219.780    0.142      2662.841          059003.000088   059003.000311          1.0000  cm-1
71175.578    0.141      3964.278          059003.000218   059003.000677 P        0.0000  cm-1
71175.578    0.141      3964.278          059003.000430   059003.000542 P        0.0000  cm-1
71169.192    0.140      131.999           059003.000175   059003.000355 P        0.0000  cm-1
71169.192    0.140      131.999           059003.000219   059003.000677 P        0.0000  cm-1
71152.149    0.144      263.235           059003.000203   059003.000426          1.0000  cm-1
71146.706    0.154      6574.605          059003.000080   059003.000308          1.0000  cm-1
71120.054    0.140      1963.398          059003.000179   059003.000384          1.0000  cm-1
71062.381    0.140      648.013           059003.000176   059003.000355 P        0.0000  cm-1
71062.381    0.140      648.013           059003.000430   059003.000322          1.0000  cm-1
71059.869    0.174      1295.486          059003.000067   059003.000657 P        0.0000  cm-1
71059.869    0.174      1295.486          059003.000196   059003.000421          1.0000  cm-1
71058.924    0.174      1295.226          059003.000257   059003.000622 P        0.0000  cm-1
71058.924    0.174      1295.226          059003.000042   059003.000299          1.0000  cm-1
71048.594    0.389      3878.855          059003.000100   059003.000659          0.4104  cm-1
71048.594    0.389      3878.855          059003.000066   059003.000455          0.5896  cm-1
71044.072    0.142      387.585           059003.000216   059003.000428          1.0000  cm-1
71033.974    0.143      2579.433          059003.000196   059003.000420          1.0000  cm-1
71033.974    0.143      2579.433          059003.000183   059003.000477 P        0.0000  cm-1
71027.363    0.145      257.649           059003.000194   059003.000572          1.0000  cm-1
71011.305    0.145      1284.694          059003.000195   059003.000572          0.4260  cm-1
71011.305    0.145      1284.694          059003.000218   059003.000429          0.5740  cm-1
71011.305    0.145      1284.694          059003.000173   059003.000352 P        0.0000  cm-1
70995.181    0.156      384.324           059003.000054   059003.000303          1.0000  cm-1
70947.988    0.142      2541.330          059003.000194   059003.000419          1.0000  cm-1
70945.156    0.143      381.013           059003.000205   059003.000427          1.0000  cm-1
70936.564    0.153      634.062           059003.000047   059003.000450          1.0000  cm-1
70931.686    0.387      12670.926         059003.000195   059003.000419          1.0000  cm-1
70931.686    0.387      12670.926         059003.000050   059003.000452 P        0.0000  cm-1
70906.582    0.153      7569.162          059003.000082   059003.000308          1.0000  cm-1
70895.313    0.534      1259.052          059003.000180   059003.000384 P        0.0000  cm-1
70895.313    0.534      1259.052          059003.000112   059003.000313          1.0000  cm-1
70889.105    0.142      12576.999         059003.000220   059003.000429          1.0000  cm-1
70884.409    0.155      1256.661          059003.000188   059003.000413 P        0.0000  cm-1
70884.409    0.155      1256.661          059003.000062   059003.000305          1.0000  cm-1
70884.409    0.155      1256.661          059003.000126   059003.000456 P        0.0000  cm-1
70852.891    0.172      374.930           059003.000207   059003.000636          1.0000  cm-1
70851.477    0.173      1249.474          059003.000194   059003.000571          1.0000  cm-1
70834.703    0.386      12458.259         059003.000195   059003.000571          0.5739  cm-1
70834.703    0.386      12458.259         059003.000210   059003.000666 P        0.0000  cm-1
70834.703    0.386      12458.259         059003.000205   059003.000426          0.4261  cm-1
70834.703    0.386      12458.259         059003.000210   059003.000582 P        0.0000  cm-1
70830.491    0.153      2489.745          059003.000083   059003.000308          1.0000  cm-1
70825.040    0.145      2487.446          059003.000206   059003.000427          1.0000  cm-1
70806.325    0.144      2479.301          059003.000197   059003.000421          1.0000  cm-1
70796.753    0.139      371.259           059003.000080   059003.000626          1.0000  cm-1
70779.875    0.144      49356.221         059003.000197   059003.000420          1.0000  cm-1
70759.541    0.389      368.836           059003.000041   059003.000296          0.1758  cm-1
70759.541    0.389      368.836           059003.000070   059003.000306          0.8242  cm-1
70753.309    0.139      614.055           059003.000101   059003.000659          1.0000  cm-1
70737.447    0.141      1224.705          059003.000221   059003.000677          1.0000  cm-1
70732.955    0.139      367.113           059003.000222   059003.000603 P        0.0000  cm-1
70714.212    0.144      6098.537          059003.000206   059003.000426          1.0000  cm-1
70714.212    0.144      6098.537          059003.000190   059003.000495 P        0.0000  cm-1
70633.516    0.139      36070.645         059003.000223   059003.000593 P        0.0000  cm-1
70633.516    0.139      36070.645         059003.000241   059003.000617 P        0.0000  cm-1
70627.585    0.139      120.110           059003.000045   059003.000656          0.1227  cm-1
70627.585    0.139      120.110           059003.000217   059003.000428          0.8773  cm-1
70613.117    0.152      599.000           059003.000057   059003.000454          1.0000  cm-1
70582.515    0.152      2382.973          059003.000060   059003.000304          1.0000  cm-1
70567.481    0.138      2376.588          059003.000102   059003.000646          1.0000  cm-1
70548.707    0.152      118.431           059003.000088   059003.000310          1.0000  cm-1
70497.904    0.140      234.722           059003.000209   059003.000636          1.0000  cm-1
70473.726    0.140      817.948           059003.000085   059003.000309          1.0000  cm-1
70418.830    0.386      5785.054          059003.000199   059003.000639          0.5072  cm-1
70418.830    0.386      5785.054          059003.000072   059003.000306          0.4928  cm-1
70405.865    0.138      577.145           059003.000105   059003.000646          1.0000  cm-1
70383.009    0.151      1724.294          059003.000115   059003.000313          1.0000  cm-1
70383.009    0.151      1724.294          059003.000245   059003.000618 P        0.0000  cm-1
70359.888    0.151      11447.240         059003.000085   059003.000308 P        0.0000  cm-1
70359.888    0.151      11447.240         059003.000191   059003.000494 P        0.0000  cm-1
70359.888    0.151      11447.240         059003.000106   059003.000312          1.0000  cm-1
70349.155    0.138      114.250           059003.000076   059003.000627          1.0000  cm-1
70349.155    0.138      114.250           059003.000227   059003.000606 P        0.0000  cm-1
70319.470    0.388      340.906           059003.000053   059003.000452          1.0000  cm-1
70319.470    0.388      340.906           059003.000177   059003.000357 P        0.0000  cm-1
70296.125    0.384      1131.535          059003.000246   059003.000614 P        0.0000  cm-1
70296.125    0.384      1131.535          059003.000246   059003.000613 P        0.0000  cm-1
70287.884    0.138      1129.837          059003.000227   059003.000599 P        0.0000  cm-1
70287.884    0.138      1129.837          059003.000227   059003.000598 P        0.0000  cm-1
70287.884    0.138      1129.837          059003.000121   059003.000644          1.0000  cm-1
70276.772    0.139      225.510           059003.000214   059003.000590 P        0.0000  cm-1
70276.772    0.139      225.510           059003.000086   059003.000309          1.0000  cm-1
70276.772    0.139      225.510           059003.000213   059003.000666 P        0.0000  cm-1
70268.317    0.388      225.162           059003.000191   059003.000495 P        0.0000  cm-1
70268.317    0.388      225.162           059003.000072   059003.000455          1.0000  cm-1
70264.714    0.383      450.028           059003.000246   059003.000607 P        0.0000  cm-1
70254.928    0.143      336.896           059003.000042   059003.000296 P        0.0000  cm-1
70254.928    0.143      336.896           059003.000053   059003.000451          1.0000  cm-1
70254.928    0.143      336.896           059003.000213   059003.000581 P        0.0000  cm-1
70241.714    0.137      560.176           059003.000186   059003.000489          1.0000  cm-1
70224.561    0.137      111.684           059003.000539   059003.000658          1.0000  cm-1
70186.363    0.300      221.810           059003.000214   059003.000580 P        0.0000  cm-1
70186.363    0.300      221.810           059003.000185   059003.000486          0.1271  cm-1
70186.363    0.300      221.810           059003.000212   059003.000663          0.2607  cm-1
70186.363    0.300      221.810           059003.000214   059003.000579 P        0.0000  cm-1
70186.363    0.300      221.810           059003.000430   059003.000317          0.6122  cm-1
70186.363    0.300      221.810           059003.000228   059003.000604 P        0.0000  cm-1
70122.833    0.139      10961.457         059003.000099   059003.000311          1.0000  cm-1
70076.304    0.137      10867.599         059003.000181   059003.000474 P        0.0000  cm-1
70049.444    0.137      324.409           059003.000078   059003.000627          1.0000  cm-1
70027.030    0.138      4307.492          059003.000087   059003.000309          1.0000  cm-1
69993.470    0.137      321.051           059003.000653   059003.000619 P        0.0000  cm-1
69993.470    0.137      321.051           059003.000182   059003.000384 P        0.0000  cm-1
69913.895    0.150      2108.759          059003.000087   059003.000308          1.0000  cm-1
69903.428    0.136      526.157           059003.000080   059003.000627          1.0000  cm-1
69884.524    0.150      314.576           059003.000060   059003.000303          1.0000  cm-1
69884.524    0.150      314.576           059003.000250   059003.000617 P        0.0000  cm-1
69876.085    0.136      4187.706          059003.000053   059003.000676          1.0000  cm-1
69869.161    0.136      2091.145          059003.000047   059003.000665          0.7203  cm-1
69869.161    0.136      2091.145          059003.000199   059003.000421          0.2797  cm-1
69854.054    0.150      312.780           059003.000093   059003.000310          1.0000  cm-1
69854.054    0.150      312.780           059003.000230   059003.000599 P        0.0000  cm-1
69854.054    0.150      312.780           059003.000237   059003.000661 P        0.0000  cm-1
69846.406    0.323      520.549           059003.000202   059003.000632 P        0.0000  cm-1
69846.406    0.323      520.549           059003.000053   059003.000450          1.0000  cm-1
69831.478    0.382      519.098           059003.000184   059003.000624 P        0.0000  cm-1
69831.478    0.382      519.098           059003.000219   059003.000664          1.0000  cm-1
69831.478    0.382      519.098           059003.000046   059003.000448 P        0.0000  cm-1
69784.994    0.382      514.551           059003.000233   059003.000604 P        0.0000  cm-1
69784.994    0.382      514.551           059003.000231   059003.000600 P        0.0000  cm-1
69738.023    0.149      2039.970          059003.000111   059003.000312          1.0000  cm-1
69730.532    0.382      1018.536          059003.000214   059003.000662 P        0.0000  cm-1
69693.839    0.143      4045.816          059003.000088   059003.000308          0.5730  cm-1
69693.839    0.143      4045.816          059003.000181   059003.000381          0.4270  cm-1
69638.906    0.149      1000.909          059003.000069   059003.000305          1.0000  cm-1
69547.050    0.139      98.345            059003.000237   059003.000601 P        0.0000  cm-1
69547.050    0.139      98.345            059003.000203   059003.000576          1.0000  cm-1
69539.140    0.381      4909.654          059003.000219   059003.000581 P        0.0000  cm-1
69539.140    0.381      4909.654          059003.000049   059003.000301 P        0.0000  cm-1
69539.140    0.381      4909.654          059003.000219   059003.000580 P        0.0000  cm-1
69539.140    0.381      4909.654          059003.000219   059003.000579 P        0.0000  cm-1
69515.217    0.381      1954.827          059003.000197   059003.000574 P        0.0000  cm-1
69506.189    0.137      487.856           059003.000237   059003.000593 P        0.0000  cm-1
69506.189    0.137      487.856           059003.000104   059003.000311          1.0000  cm-1
69503.913    0.137      292.585           059003.000089   059003.000309          1.0000  cm-1
69503.913    0.137      292.585           059003.000234   059003.000661 P        0.0000  cm-1
69496.229    0.137      194.767           059003.000105   059003.000311          0.6257  cm-1
69496.229    0.137      194.767           059003.000054   059003.000676          0.3743  cm-1
69472.330    0.381      969.347           059003.000076   059003.000658          1.0000  cm-1
69466.537    0.143      9682.610          059003.000111   059003.000646          0.4745  cm-1
69466.537    0.143      9682.610          059003.000054   059003.000450          0.5255  cm-1
69448.113    0.150      2894.434          059003.000220   059003.000666 P        0.0000  cm-1
69448.113    0.150      2894.434          059003.000062   059003.000303          1.0000  cm-1
69433.077    0.149      481.001           059003.000132   059003.000457          1.0000  cm-1
69409.019    0.381      957.516           059003.000431   059003.000588 P        0.0000  cm-1
69409.019    0.381      957.516           059003.000431   059003.000587 P        0.0000  cm-1
69403.681    0.381      95.652            059003.000191   059003.000492 P        0.0000  cm-1
69398.673    0.381      1911.183          059003.000235   059003.000600 P        0.0000  cm-1
69377.486    0.148      1903.314          059003.000121   059003.000313          1.0000  cm-1
69343.941    0.134      661.814           059003.000088   059003.000626          1.0000  cm-1
69334.095    0.138      943.632           059003.000080   059003.000307          0.0719  cm-1
69334.095    0.138      943.632           059003.000169   059003.000348          0.9281  cm-1
69334.095    0.138      943.632           059003.000236   059003.000604 P        0.0000  cm-1
69299.732    0.148      93.731            059003.000063   059003.000303          1.0000  cm-1
69268.235    0.380      186.310           059003.000215   059003.000427          1.0000  cm-1
69246.904    0.148      1855.266          059003.000072   059003.000305          1.0000  cm-1
69246.904    0.148      1855.266          059003.000236   059003.000603 P        0.0000  cm-1
69236.114    0.136      185.133           059003.000041   059003.000445          1.0000  cm-1
69225.578    0.382      4618.730          059003.000123   059003.000313          0.3154  cm-1
69225.578    0.382      4618.730          059003.000047   059003.000298          0.6846  cm-1
69225.578    0.382      4618.730          059003.000236   059003.000602 P        0.0000  cm-1
69225.578    0.382      4618.730          059003.000198   059003.000573 P        0.0000  cm-1
69202.486    0.380      275.865           059003.000254   059003.000619 P        0.0000  cm-1
69202.486    0.380      275.865           059003.000076   059003.000657 P        0.0000  cm-1
69190.703    0.134      183.482           059003.000185   059003.000398 P        0.0000  cm-1
69179.310    0.135      27460.445         059003.000106   059003.000311          1.0000  cm-1
69172.514    0.134      365.647           059003.000078   059003.000658          1.0000  cm-1
69172.514    0.134      365.647           059003.000234   059003.000596 P        0.0000  cm-1
69164.715    0.437      4563.546          059003.000050   059003.000448          1.0000  cm-1
69164.715    0.437      4563.546          059003.000202   059003.000421 P        0.0000  cm-1
69138.936    0.134      90.806            059003.000185   059003.000395          1.0000  cm-1
69138.936    0.134      90.806            059003.000219   059003.000663 P        0.0000  cm-1
69094.032    0.148      269.999           059003.000220   059003.000636 P        0.0000  cm-1
69094.032    0.148      269.999           059003.000082   059003.000307          1.0000  cm-1
69079.003    0.134      8973.080          059003.000197   059003.000649 P        0.0000  cm-1
69062.492    0.156      357.740           059003.000081   059003.000629          1.0000  cm-1
69052.678    0.147      8926.110          059003.000114   059003.000312          1.0000  cm-1
69035.702    0.380      889.590           059003.000197   059003.000651 P        0.0000  cm-1
69021.887    0.135      443.568           059003.000095   059003.000309          1.0000  cm-1
68946.391    0.156      349.514           059003.000082   059003.000629          1.0000  cm-1
68941.712    0.133      174.594           059003.000112   059003.000646          1.0000  cm-1
68941.712    0.133      174.594           059003.000186   059003.000483 P        0.0000  cm-1
68919.865    0.379      347.656           059003.000086   059003.000627          0.1755  cm-1
68919.865    0.379      347.656           059003.000180   059003.000371          0.8245  cm-1
68908.794    0.147      2601.608          059003.000095   059003.000308          1.0000  cm-1
68900.966    0.382      25975.031         059003.000097   059003.000309 P        0.0000  cm-1
68900.966    0.382      25975.031         059003.000081   059003.000658 P        0.0000  cm-1
68900.966    0.382      25975.031         059003.000186   059003.000397 P        0.0000  cm-1
68900.966    0.382      25975.031         059003.000078   059003.000657          0.4445  cm-1
68900.966    0.382      25975.031         059003.000069   059003.000304          0.5555  cm-1
68880.790    0.147      8623.140          059003.000079   059003.000306          1.0000  cm-1
68870.253    0.386      688.385           059003.000133   059003.000456          0.1345  cm-1
68870.253    0.386      688.385           059003.000083   059003.000629          0.8655  cm-1
68847.824    0.133      85.658            059003.000186   059003.000398          1.0000  cm-1
68843.708    0.137      85.584            059003.000046   059003.000297          1.0000  cm-1
68843.708    0.137      85.584            059003.000196   059003.000571 P        0.0000  cm-1
68828.457    0.147      3412.901          059003.000060   059003.000452          1.0000  cm-1
68822.444    0.379      8521.850          059003.000256   059003.000612 P        0.0000  cm-1
68822.444    0.379      8521.850          059003.000256   059003.000611 P        0.0000  cm-1
68818.545    0.380      1703.059          059003.000237   059003.000429          1.0000  cm-1
68803.914    0.133      2546.952          059003.000128   059003.000644          1.0000  cm-1
68789.733    0.147      592.578           059003.000054   059003.000302 P        0.0000  cm-1
68789.733    0.147      592.578           059003.000097   059003.000308          1.0000  cm-1
68778.872    0.133      422.337           059003.000053   059003.000665          0.8719  cm-1
68778.872    0.133      422.337           059003.000221   059003.000636          0.1281  cm-1
68774.276    0.135      3375.601          059003.000223   059003.000664          1.0000  cm-1
68763.593    0.138      1683.965          059003.000229   059003.000428 P        0.0000  cm-1
68763.593    0.138      1683.965          059003.000060   059003.000451          1.0000  cm-1
68763.593    0.138      1683.965          059003.000240   059003.000604 P        0.0000  cm-1
68747.444    0.136      419.626           059003.000046   059003.000296          1.0000  cm-1
68730.538    0.514      33455.396         059003.000042   059003.000633 P        0.0000  cm-1
68730.538    0.514      33455.396         059003.000079   059003.000455          1.0000  cm-1
68700.972    0.146      2494.027          059003.000239   059003.000597 P        0.0000  cm-1
68700.972    0.146      2494.027          059003.000115   059003.000312          1.0000  cm-1
68654.179    0.133      164.682           059003.000240   059003.000602          1.0000  cm-1
68654.179    0.133      164.682           059003.000180   059003.000366 P        0.0000  cm-1
68646.356    0.136      82.210            059003.000218   059003.000427          1.0000  cm-1
68636.561    0.132      3281.699          059003.000184   059003.000380 P        0.0000  cm-1
68613.767    0.378      326.633           059003.000179   059003.000365 P        0.0000  cm-1
68610.140    0.146      2447.875          059003.000134   059003.000456          1.0000  cm-1
68597.250    0.146      813.807           059003.000099   059003.000308          1.0000  cm-1
68592.012    0.132      162.588           059003.000231   059003.000428          1.0000  cm-1
68577.449    0.135      810.509           059003.000199   059003.000574          1.0000  cm-1
68558.204    0.379      2421.806          059003.000095   059003.000626          0.3198  cm-1
68558.204    0.379      2421.806          059003.000111   059003.000311          0.6802  cm-1
68554.113    0.253      161.317           059003.000053   059003.000448          1.0000  cm-1
68527.858    0.379      160.447           059003.000169   059003.000669 P        0.0000  cm-1
68527.858    0.379      160.447           059003.000244   059003.000661          0.9066  cm-1
68527.858    0.379      160.447           059003.000219   059003.000426          0.0934  cm-1
68520.942    0.139      240.324           059003.000206   059003.000420          0.6387  cm-1
68520.942    0.139      240.324           059003.000067   059003.000303          0.3613  cm-1
68508.415    0.146      3195.921          059003.000072   059003.000304          0.1295  cm-1
68508.415    0.146      3195.921          059003.000106   059003.000310          0.8705  cm-1
68490.780    0.132      3184.232          059003.000224   059003.000582 P        0.0000  cm-1
68482.668    0.132      79.472            059003.000223   059003.000581 P        0.0000  cm-1
68472.489    0.132      158.607           059003.000130   059003.000644          1.0000  cm-1
68436.024    0.132      157.406           059003.000225   059003.000580 P        0.0000  cm-1
68427.277    0.131      314.237           059003.000136   059003.000541 P        0.0000  cm-1
68417.395    0.383      7839.715          059003.000257   059003.000612 P        0.0000  cm-1
68417.395    0.383      7839.715          059003.000257   059003.000611 P        0.0000  cm-1
68417.395    0.383      7839.715          059003.000069   059003.000454          1.0000  cm-1
68398.546    0.134      78.089            059003.000054   059003.000665          1.0000  cm-1
68392.178    0.147      3899.230          059003.000184   059003.000470 P        0.0000  cm-1
68392.178    0.147      3899.230          059003.000062   059003.000452          1.0000  cm-1
68366.692    0.145      2327.073          059003.000070   059003.000454          1.0000  cm-1
68337.170    0.145      15417.918         059003.000073   059003.000304          1.0000  cm-1
68326.798    0.133      30768.635         059003.000062   059003.000451 P        0.0000  cm-1
68317.252    0.133      767.691           059003.000241   059003.000593 P        0.0000  cm-1
68317.252    0.133      767.691           059003.000210   059003.000632          1.0000  cm-1
68317.252    0.133      767.691           059003.000241   059003.000592 P        0.0000  cm-1
68282.574    0.317      4572.477          059003.000242   059003.000598 P        0.0000  cm-1
68271.260    0.506      380.140           059003.000200   059003.000652          1.0000  cm-1
68258.382    0.131      15163.880         059003.000226   059003.000578 P        0.0000  cm-1
68253.434    0.132      15148.496         059003.000226   059003.000579 P        0.0000  cm-1
68253.434    0.132      15148.496         059003.000212   059003.000577          1.0000  cm-1
68253.434    0.132      15148.496         059003.000242   059003.000594 P        0.0000  cm-1
68249.471    0.135      151.348           059003.000242   059003.000592 P        0.0000  cm-1
68249.471    0.135      151.348           059003.000049   059003.000297          1.0000  cm-1
68213.550    0.504      75.103            059003.000185   059003.000624 P        0.0000  cm-1
68213.550    0.504      75.103            059003.000064   059003.000452          1.0000  cm-1
68213.550    0.504      75.103            059003.000084   059003.000455 P        0.0000  cm-1
68197.907    0.131      74.854            059003.000244   059003.000597 P        0.0000  cm-1
68162.440    0.378      742.929           059003.000239   059003.000677          1.0000  cm-1
68162.440    0.378      742.929           059003.000180   059003.000464 P        0.0000  cm-1
68159.080    0.132      519.679           059003.000201   059003.000652          1.0000  cm-1
68147.298    0.131      296.208           059003.000089   059003.000627          1.0000  cm-1
68138.544    0.133      739.158           059003.000224   059003.000636 P        0.0000  cm-1
68138.544    0.133      739.158           059003.000200   059003.000573          1.0000  cm-1
68133.883    0.377      7384.036          059003.000186   059003.000477 P        0.0000  cm-1
68133.883    0.377      7384.036          059003.000227   059003.000584 P        0.0000  cm-1
68109.325    0.145      1469.081          059003.000126   059003.000313          1.0000  cm-1
68101.361    0.145      14665.810         059003.000087   059003.000307          1.0000  cm-1
68101.361    0.145      14665.810         059003.000227   059003.000579 P        0.0000  cm-1
68093.137    0.317      366.012           059003.000247   059003.000600 P        0.0000  cm-1
68093.137    0.317      366.012           059003.000212   059003.000632          1.0000  cm-1
68093.137    0.317      366.012           059003.000104   059003.000309 P        0.0000  cm-1
68083.745    0.132      730.531           059003.000105   059003.000309 P        0.0000  cm-1
68049.759    0.131      507.664           059003.000236   059003.000428          1.0000  cm-1
68043.424    0.130      144.848           059003.000086   059003.000658          1.0000  cm-1
68032.410    0.132      144.505           059003.000246   059003.000594 P        0.0000  cm-1
68032.410    0.132      144.505           059003.000112   059003.000311          1.0000  cm-1
68025.100    0.323      216.418           059003.000247   059003.000596 P        0.0000  cm-1
68025.100    0.323      216.418           059003.000072   059003.000454          1.0000  cm-1
68015.105    0.507      1439.685          059003.000182   059003.000371 P        0.0000  cm-1
68015.105    0.507      1439.685          059003.000053   059003.000446          1.0000  cm-1
67969.162    0.130      356.373           059003.000085   059003.000657          1.0000  cm-1
67957.005    0.130      213.263           059003.000073   059003.000660          1.0000  cm-1
67945.172    0.145      2127.334          059003.000127   059003.000313          1.0000  cm-1
67945.172    0.145      2127.334          059003.000228   059003.000589 P        0.0000  cm-1
67919.298    0.131      1410.241          059003.000213   059003.000577          1.0000  cm-1
67913.713    0.134      70.424            059003.000054   059003.000300 P        0.0000  cm-1
67913.713    0.134      70.424            059003.000174   059003.000347          1.0000  cm-1
67881.493    0.144      139.867           059003.000088   059003.000307          1.0000  cm-1
67871.725    0.131      139.575           059003.000202   059003.000574          0.9629  cm-1
67871.725    0.131      139.575           059003.000186   059003.000624          0.0371  cm-1
67855.314    0.378      278.155           059003.000169   059003.000345 P        0.0000  cm-1
67855.314    0.378      278.155           059003.000226   059003.000663          0.0829  cm-1
67855.314    0.378      278.155           059003.000214   059003.000577          0.9171  cm-1
67855.314    0.378      278.155           059003.000258   059003.000618 P        0.0000  cm-1
67850.962    0.318      13894.088         059003.000258   059003.000617 P        0.0000  cm-1
67838.259    0.130      3463.918          059003.000653   059003.000604 P        0.0000  cm-1
67773.217    0.376      1366.019          059003.000229   059003.000586 P        0.0000  cm-1
67773.217    0.376      1366.019          059003.000229   059003.000585 P        0.0000  cm-1
67773.217    0.376      1366.019          059003.000086   059003.000657 P        0.0000  cm-1
67770.733    0.144      682.638           059003.000063   059003.000450          1.0000  cm-1
67770.733    0.144      682.638           059003.000248   059003.000597 P        0.0000  cm-1
67764.283    0.131      681.689           059003.000191   059003.000491 P        0.0000  cm-1
67764.283    0.131      681.689           059003.000251   059003.000661          1.0000  cm-1
67759.605    0.130      272.399           059003.000213   059003.000632          1.0000  cm-1
67738.045    0.129      13555.195         059003.000119   059003.000646          1.0000  cm-1
67711.947    0.129      2021.645          059003.000183   059003.000366 P        0.0000  cm-1
67702.488    0.135      470.752           059003.000227   059003.000663          1.0000  cm-1
67702.488    0.135      470.752           059003.000243   059003.000677 P        0.0000  cm-1
67681.410    0.130      200.816           059003.000202   059003.000573          1.0000  cm-1
67674.861    0.129      534.730           059003.000215   059003.000632          1.0000  cm-1
67674.861    0.129      534.730           059003.000191   059003.000489 P        0.0000  cm-1
67659.872    0.501      1332.411          059003.000205   059003.000575          1.0000  cm-1
67659.872    0.501      1332.411          059003.000249   059003.000600 P        0.0000  cm-1
67659.872    0.501      1332.411          059003.000244   059003.000677 P        0.0000  cm-1
67653.448    0.143      6652.436          059003.000106   059003.000308          1.0000  cm-1
67653.448    0.143      6652.436          059003.000080   059003.000305 P        0.0000  cm-1
67647.250    0.132      664.349           059003.000237   059003.000664          1.0000  cm-1
67643.965    0.135      1327.746          059003.000227   059003.000662          1.0000  cm-1
67638.981    0.143      663.119           059003.000073   059003.000303          1.0000  cm-1
67634.829    0.146      1325.020          059003.000054   059003.000446          1.0000  cm-1
67632.641    0.131      529.766           059003.000250   059003.000602 P        0.0000  cm-1
67632.641    0.131      529.766           059003.000210   059003.000421          1.0000  cm-1
67630.660    0.129      198.570           059003.000241   059003.000429 P        0.0000  cm-1
67630.660    0.129      198.570           059003.000104   059003.000626          1.0000  cm-1
67620.740    0.129      330.223           059003.000232   059003.000589 P        0.0000  cm-1
67620.740    0.129      330.223           059003.000105   059003.000626          1.0000  cm-1
67614.377    0.129      131.903           059003.000232   059003.000588 P        0.0000  cm-1
67609.391    0.129      1317.575          059003.000250   059003.000601 P        0.0000  cm-1
67606.850    0.131      658.434           059003.000210   059003.000420          1.0000  cm-1
67588.113    0.500      655.684           059003.000185   059003.000475 P        0.0000  cm-1
67588.113    0.500      655.684           059003.000232   059003.000585 P        0.0000  cm-1
67581.323    0.132      1309.426          059003.000186   059003.000640 P        0.0000  cm-1
67581.323    0.132      1309.426          059003.000223   059003.000427          1.0000  cm-1
67574.306    0.131      130.738           059003.000231   059003.000666 P        0.0000  cm-1
67574.306    0.131      130.738           059003.000239   059003.000428          1.0000  cm-1
67572.505    0.134      2613.750          059003.000231   059003.000582 P        0.0000  cm-1
67572.505    0.134      2613.750          059003.000214   059003.000576          1.0000  cm-1
67563.261    0.703      652.072           059003.000130   059003.000313          1.0000  cm-1
67563.261    0.703      652.072           059003.000060   059003.000656 P        0.0000  cm-1
67543.457    0.143      129.841           059003.000123   059003.000312          1.0000  cm-1
67524.033    0.130      193.919           059003.000045   059003.000445          1.0000  cm-1
67520.284    0.130      2583.431          059003.000115   059003.000311          1.0000  cm-1
67500.116    0.130      450.081           059003.000200   059003.000419          1.0000  cm-1
67500.116    0.130      450.081           059003.000251   059003.000600 P        0.0000  cm-1
67494.008    0.130      64.210            059003.000252   059003.000661          0.4075  cm-1
67494.008    0.130      64.210            059003.000244   059003.000429          0.5925  cm-1
67489.714    0.129      192.443           059003.000247   059003.000677          1.0000  cm-1
67489.714    0.129      192.443           059003.000259   059003.000618 P        0.0000  cm-1
67470.429    0.131      638.715           059003.000223   059003.000426          1.0000  cm-1
67457.226    0.131      1273.658          059003.000059   059003.000301 P        0.0000  cm-1
67457.226    0.131      1273.658          059003.000211   059003.000421          1.0000  cm-1
67449.549    0.133      635.740           059003.000214   059003.000648          1.0000  cm-1
67446.189    0.128      190.571           059003.000047   059003.000293 P        0.0000  cm-1
67446.189    0.128      190.571           059003.000098   059003.000627          1.0000  cm-1
67412.644    0.143      630.469           059003.000082   059003.000305          1.0000  cm-1
67409.310    0.129      504.014           059003.000212   059003.000421          1.0000  cm-1
67407.737    0.143      314.887           059003.000108   059003.000308          1.0000  cm-1
67403.523    0.130      629.194           059003.000200   059003.000571          1.0000  cm-1
67393.268    0.129      439.414           059003.000229   059003.000636          1.0000  cm-1
67383.158    0.128      187.895           059003.000212   059003.000420          1.0000  cm-1
67383.158    0.128      187.895           059003.000260   059003.000619 P        0.0000  cm-1
67375.701    0.132      187.578           059003.000245   059003.000429 P        0.0000  cm-1
67375.701    0.132      187.578           059003.000205   059003.000574          1.0000  cm-1
67371.857    0.323      18741.082         059003.000088   059003.000306          1.0000  cm-1
67355.241    0.129      3111.918          059003.000226   059003.000427          1.0000  cm-1
67355.241    0.129      3111.918          059003.000190   059003.000402 P        0.0000  cm-1
67342.985    0.131      1241.319          059003.000246   059003.000429          1.0000  cm-1
67270.340    0.128      305.254           059003.000089   059003.000658          1.0000  cm-1
67257.129    0.131      60.869            059003.000182   059003.000464 P        0.0000  cm-1
67257.129    0.131      60.869            059003.000203   059003.000649          1.0000  cm-1
67243.244    0.375      6067.555          059003.000186   059003.000475 P        0.0000  cm-1
67243.244    0.375      6067.555          059003.000226   059003.000426 P        0.0000  cm-1
67243.244    0.375      6067.555          059003.000169   059003.000553 P        0.0000  cm-1
67224.072    0.128      906.166           059003.000642   059003.000477 P        0.0000  cm-1
67224.072    0.128      906.166           059003.000046   059003.000633          1.0000  cm-1
67216.682    0.128      482.483           059003.000255   059003.000661          1.0000  cm-1
67211.338    0.128      1204.716          059003.000253   059003.000603 P        0.0000  cm-1
67201.039    0.142      1802.830          059003.000114   059003.000310          1.0000  cm-1
67195.126    0.504      60.013            059003.000075   059003.000303          1.0000  cm-1
67150.672    0.374      237.623           059003.000252   059003.000594 P        0.0000  cm-1
67144.729    0.129      2372.991          059003.000111   059003.000309          1.0000  cm-1
67128.048    0.127      177.294           059003.000188   059003.000399 P        0.0000  cm-1
67116.870    0.374      2947.328          059003.000647   059003.000619 P        0.0000  cm-1
67116.870    0.374      2947.328          059003.000189   059003.000399 P        0.0000  cm-1
67113.352    0.375      176.699           059003.000433   059003.000428          0.8733  cm-1
67113.352    0.375      176.699           059003.000243   059003.000428          0.1267  cm-1
67094.675    0.128      117.292           059003.000063   059003.000302          1.0000  cm-1
67091.632    0.133      2930.370          059003.000227   059003.000426          1.0000  cm-1
67074.865    0.128      408.670           059003.000213   059003.000421          1.0000  cm-1
67036.964    0.375      578.709           059003.000047   059003.000445          1.0000  cm-1
67031.716    0.142      173.402           059003.000111   059003.000308          1.0000  cm-1
67031.716    0.142      173.402           059003.000181   059003.000463 P        0.0000  cm-1
67008.372    0.319      5748.775          059003.000042   059003.000289          1.0000  cm-1
67008.372    0.319      5748.775          059003.000234   059003.000578 P        0.0000  cm-1
67008.372    0.319      5748.775          059003.000234   059003.000581 P        0.0000  cm-1
66984.675    0.132      3430.584          059003.000214   059003.000420          1.0000  cm-1
66981.373    0.127      228.522           059003.000076   059003.000660          1.0000  cm-1
66952.648    0.128      283.757           059003.000245   059003.000428          1.0000  cm-1
66952.648    0.128      283.757           059003.000255   059003.000600 P        0.0000  cm-1
66948.058    0.160      566.899           059003.000095   059003.000629 P        0.0000  cm-1
66946.616    0.160      226.689           059003.000101   059003.000627          0.3000  cm-1
66946.616    0.160      226.689           059003.000202   059003.000571          0.7000  cm-1
66925.382    0.317      2255.654          059003.000188   059003.000396 P        0.0000  cm-1
66925.382    0.317      2255.654          059003.000256   059003.000661 P        0.0000  cm-1
66925.382    0.317      2255.654          059003.000186   059003.000382 P        0.0000  cm-1
66900.807    0.127      560.703           059003.000247   059003.000428          1.0000  cm-1
66892.076    0.374      1119.097          059003.000264   059003.000617 P        0.0000  cm-1
66887.469    0.374      111.789           059003.000265   059003.000619 P        0.0000  cm-1
66887.469    0.374      111.789           059003.000191   059003.000485 P        0.0000  cm-1
66887.469    0.374      111.789           059003.000102   059003.000627 P        0.0000  cm-1
66887.469    0.374      111.789           059003.000255   059003.000597 P        0.0000  cm-1
66879.736    0.127      11158.740         059003.000265   059003.000618 P        0.0000  cm-1
66866.944    0.141      389.389           059003.000085   059003.000305          1.0000  cm-1
66864.985    0.130      1668.096          059003.000203   059003.000419          1.0000  cm-1
66833.739    0.128      1103.941          059003.000235   059003.000636          1.0000  cm-1
66807.612    0.130      438.881           059003.000218   059003.000648          1.0000  cm-1
66805.563    0.126      383.823           059003.000174   059003.000344 P        0.0000  cm-1
66784.514    0.141      163.683           059003.000099   059003.000307          1.0000  cm-1
66767.790    0.130      54.348            059003.000435   059003.000428 P        0.0000  cm-1
66767.790    0.130      54.348            059003.000230   059003.000427          1.0000  cm-1
66736.641    0.126      53.948            059003.000104   059003.000627          1.0000  cm-1
66730.311    0.128      215.476           059003.000251   059003.000429          1.0000  cm-1
66730.311    0.128      215.476           059003.000098   059003.000629 P        0.0000  cm-1
66677.417    0.323      2659.884          059003.000236   059003.000636 P        0.0000  cm-1
66677.417    0.323      2659.884          059003.000093   059003.000306          1.0000  cm-1
66677.417    0.323      2659.884          059003.000188   059003.000394 P        0.0000  cm-1
66663.015    0.140      2650.806          059003.000076   059003.000303          0.9627  cm-1
66663.015    0.140      2650.806          059003.000179   059003.000357          0.0373  cm-1
66646.801    0.373      1056.244          059003.000208   059003.000652 P        0.0000  cm-1
66636.641    0.149      526.841           059003.000099   059003.000629          1.0000  cm-1
66626.545    0.384      157.675           059003.000205   059003.000572 P        0.0000  cm-1
66626.545    0.384      157.675           059003.000062   059003.000448          1.0000  cm-1
66626.545    0.384      157.675           059003.000252   059003.000677 P        0.0000  cm-1
66619.752    0.127      1049.465          059003.000112   059003.000309          1.0000  cm-1
66592.183    0.126      521.292           059003.000063   059003.000449          1.0000  cm-1
66558.523    0.126      155.135           059003.000050   059003.000633          1.0000  cm-1
66547.204    0.129      515.730           059003.000205   059003.000419          1.0000  cm-1
66534.973    0.125      514.207           059003.000080   059003.000660          1.0000  cm-1
66534.973    0.125      514.207           059003.000239   059003.000581 P        0.0000  cm-1
66514.826    0.160      5117.271          059003.000240   059003.000588 P        0.0000  cm-1
66514.826    0.160      5117.271          059003.000121   059003.000311          1.0000  cm-1
66514.826    0.160      5117.271          059003.000240   059003.000587 P        0.0000  cm-1
66506.640    0.140      1021.444          059003.000112   059003.000308          1.0000  cm-1
66485.473    0.125      406.503           059003.000135   059003.000644          1.0000  cm-1
66477.475    0.126      50.714            059003.000125   059003.000646          1.0000  cm-1
66471.795    0.494      20257.808         059003.000204   059003.000571 P        0.0000  cm-1
66471.795    0.494      20257.808         059003.000141   059003.000457          1.0000  cm-1
66471.795    0.494      20257.808         059003.000096   059003.000306 P        0.0000  cm-1
66459.908    0.126      101.005           059003.000252   059003.000429          1.0000  cm-1
66454.568    0.128      1513.121          059003.000237   059003.000427          1.0000  cm-1
66454.568    0.128      1513.121          059003.000084   059003.000304 P        0.0000  cm-1
66427.032    0.140      250.510           059003.000126   059003.000312          1.0000  cm-1
66410.930    0.125      149.722           059003.000081   059003.000660          1.0000  cm-1
66365.497    0.125      49.361            059003.000174   059003.000550          0.3258  cm-1
66365.497    0.125      49.361            059003.000100   059003.000658          0.2802  cm-1
66365.497    0.125      49.361            059003.000180   059003.000355          0.3940  cm-1
66365.497    0.125      49.361            059003.000243   059003.000664 P        0.0000  cm-1
66362.935    0.127      147.990           059003.000123   059003.000311          1.0000  cm-1
66309.643    0.372      973.896           059003.000169   059003.000547 P        0.0000  cm-1
66298.524    0.125      145.689           059003.000098   059003.000657          1.0000  cm-1
66274.802    0.323      337.978           059003.000099   059003.000306          1.0000  cm-1
66262.145    0.504      96.267            059003.000127   059003.000312 P        0.0000  cm-1
66244.148    0.372      2396.093          059003.000179   059003.000353 P        0.0000  cm-1
66194.695    0.372      473.440           059003.000067   059003.000656 P        0.0000  cm-1
66169.370    0.128      188.194           059003.000064   059003.000299          1.0000  cm-1
66169.370    0.128      188.194           059003.000241   059003.000578 P        0.0000  cm-1
66169.370    0.128      188.194           059003.000059   059003.000297 P        0.0000  cm-1
66138.112    0.139      466.876           059003.000141   059003.000456          1.0000  cm-1
66128.559    0.321      4657.789          059003.000046   059003.000291          0.4088  cm-1
66128.559    0.321      4657.789          059003.000085   059003.000304          0.5912  cm-1
66128.559    0.321      4657.789          059003.000242   059003.000584 P        0.0000  cm-1
66109.835    0.139      46.364            059003.000073   059003.000450          1.0000  cm-1
66107.826    0.126      46.341            059003.000211   059003.000652 P        0.0000  cm-1
66107.826    0.126      46.341            059003.000115   059003.000309          1.0000  cm-1
66070.792    0.319      229.579           059003.000066   059003.000301          0.9371  cm-1
66070.792    0.319      229.579           059003.000101   059003.000658          0.0629  cm-1
66067.479    0.124      229.400           059003.000213   059003.000575 P        0.0000  cm-1
66067.479    0.124      229.400           059003.000128   059003.000659          1.0000  cm-1
66011.213    0.489      2262.126          059003.000102   059003.000658          0.3027  cm-1
66011.213    0.489      2262.126          059003.000105   059003.000629          0.6973  cm-1
66011.213    0.489      2262.126          059003.000190   059003.000477 P        0.0000  cm-1
65976.289    0.139      672.759           059003.000082   059003.000303          1.0000  cm-1
65947.093    0.125      44.525            059003.000053   059003.000445          1.0000  cm-1
65939.789    0.321      1777.727          059003.000128   059003.000646          0.3915  cm-1
65939.789    0.321      1777.727          059003.000063   059003.000446          0.6085  cm-1
65930.108    0.125      221.684           059003.000221   059003.000421          1.0000  cm-1
65904.677    0.371      4405.373          059003.000210   059003.000649 P        0.0000  cm-1
65904.677    0.371      4405.373          059003.000246   059003.000583 P        0.0000  cm-1
65900.325    0.138      440.056           059003.000083   059003.000303          1.0000  cm-1
65892.475    0.371      878.379           059003.000256   059003.000429 P        0.0000  cm-1
65859.830    0.123      43.560            059003.000104   059003.000658          1.0000  cm-1
65851.774    0.124      86.943            059003.000047   059003.000290          1.0000  cm-1
65847.779    0.124      86.853            059003.000041   059003.000282          1.0000  cm-1
65847.779    0.124      86.853            059003.000200   059003.000683 P        0.0000  cm-1
65834.157    0.376      173.116           059003.000134   059003.000313 P        0.0000  cm-1
65821.993    0.138      4314.620          059003.000074   059003.000450          1.0000  cm-1
65788.087    0.123      128.334           059003.000111   059003.000627          1.0000  cm-1
65783.891    0.125      42.732            059003.000042   059003.000284          0.6649  cm-1
65783.891    0.125      42.732            059003.000213   059003.000574          0.3351  cm-1
65735.925    0.123      422.158           059003.000130   059003.000659          1.0000  cm-1
65692.526    0.376      4175.208          059003.000106   059003.000629 P        0.0000  cm-1
65692.526    0.376      4175.208          059003.000123   059003.000310          1.0000  cm-1
65681.825    0.376      83.277            059003.000087   059003.000304          1.0000  cm-1
65681.825    0.376      83.277            059003.000212   059003.000649 P        0.0000  cm-1
65366.083    0.125      2292.540          059003.000064   059003.000296          1.0000  cm-1
63721.108    0.133      2086.900          059003.000126   059003.000308          1.0000  cm-1
63556.872    0.371      20668.966         059003.000127   059003.000308          1.0000  cm-1
63297.002    0.132      2035.325          059003.000154   059003.000457          1.0000  cm-1
63297.002    0.132      2035.325          059003.000268   059003.000661 P        0.0000  cm-1
63287.024    0.118      6102.355          059003.000130   059003.000309          1.0000  cm-1
62910.866    0.115      3977.785          059003.000119   059003.000657 P        0.0000  cm-1
62712.839    0.116      19652.761         059003.000647   059003.000587 P        0.0000  cm-1
62712.839    0.116      19652.761         059003.000135   059003.000311          1.0000  cm-1
62314.475    0.113      1918.172          059003.000086   059003.000643          1.0000  cm-1
61938.778    0.300      3748.476          059003.000169   059003.000320 P        0.0000  cm-1
61938.778    0.300      3748.476          059003.000150   059003.000644          1.0000  cm-1
61681.083    0.405      184438.861        059003.000088   059003.000300 P        0.0000  cm-1
61681.083    0.405      184438.861        059003.000141   059003.000312          1.0000  cm-1
61681.083    0.405      184438.861        059003.000069   059003.000291 P        0.0000  cm-1
61628.948    0.119      1838.366          059003.000070   059003.000291          1.0000  cm-1
61539.317    0.129      1828.127          059003.000255   059003.000421 P        0.0000  cm-1
61539.317    0.129      1828.127          059003.000148   059003.000313          1.0000  cm-1
61446.600    0.366      363486.791        059003.000134   059003.000308          1.0000  cm-1
61446.600    0.366      363486.791        059003.000149   059003.000313 P        0.0000  cm-1
61344.082    0.361      9028.691          059003.000085   059003.000295 P        0.0000  cm-1
61344.082    0.361      9028.691          059003.000188   059003.000359 P        0.0000  cm-1
61344.082    0.361      9028.691          059003.000096   059003.000301          0.0327  cm-1
61344.082    0.361      9028.691          059003.000272   059003.000600 P        0.0000  cm-1
61344.082    0.361      9028.691          059003.000042   059003.000437          0.2452  cm-1
61344.082    0.361      9028.691          059003.000078   059003.000293 P        0.0000  cm-1
61344.082    0.361      9028.691          059003.000142   059003.000659          0.6551  cm-1
61344.082    0.361      9028.691          059003.000123   059003.000305          0.0670  cm-1
60788.774    0.109      1742.845          059003.000080   059003.000633 P        0.0000  cm-1
60677.238    0.108      5191.043          059003.000433   059003.000571 P        0.0000  cm-1
60677.238    0.108      5191.043          059003.000243   059003.000571 P        0.0000  cm-1
60677.238    0.108      5191.043          059003.000063   059003.000283          1.0000  cm-1
60677.238    0.108      5191.043          059003.000189   059003.000356 P        0.0000  cm-1
60636.020    0.317      690296.125        059003.000438   059003.000602 P        0.0000  cm-1
60636.020    0.317      690296.125        059003.000100   059003.000643 P        0.0000  cm-1
60636.020    0.317      690296.125        059003.000244   059003.000571 P        0.0000  cm-1
60483.308    0.108      3417.446          059003.000144   059003.000659          1.0000  cm-1
60453.059    0.109      5116.041          059003.000064   059003.000282          1.0000  cm-1
60342.621    0.108      3386.237          059003.000104   059003.000449          1.0000  cm-1
60205.472    0.504      5033.928          059003.000248   059003.000571 P        0.0000  cm-1
60205.472    0.504      5033.928          059003.000172   059003.000457          1.0000  cm-1
60205.472    0.504      5033.928          059003.000258   059003.000421 P        0.0000  cm-1
60109.370    0.110      1667.395          059003.000080   059003.000292          1.0000  cm-1
60055.824    0.112      13291.942         059003.000096   059003.000297          1.0000  cm-1
60020.005    0.107      1657.587          059003.000441   059003.000592 P        0.0000  cm-1
60020.005    0.107      1657.587          059003.000101   059003.000298          1.0000  cm-1
60017.295    0.108      11600.901         059003.000070   059003.000443          1.0000  cm-1
60017.295    0.108      11600.901         059003.000271   059003.000588 P        0.0000  cm-1
59959.762    0.111      6603.924          059003.000096   059003.000296          1.0000  cm-1
59959.762    0.111      6603.924          059003.000105   059003.000300 P        0.0000  cm-1
59829.467    0.504      32735.503         059003.000275   059003.000428 P        0.0000  cm-1
59829.467    0.504      32735.503         059003.000141   059003.000310          1.0000  cm-1
59829.467    0.504      32735.503         059003.000069   059003.000284 P        0.0000  cm-1
59776.328    0.110      6523.971          059003.000070   059003.000284          1.0000  cm-1
59749.426    0.107      1628.089          059003.000079   059003.000291 P        0.0000  cm-1
59749.426    0.107      1628.089          059003.000078   059003.000290          1.0000  cm-1
59749.426    0.107      1628.089          059003.000278   059003.000603 P        0.0000  cm-1
59734.753    0.363      6505.987          059003.000173   059003.000456          1.0000  cm-1
59634.170    0.504      48467.818         059003.000134   059003.000307          1.0000  cm-1
59634.170    0.504      48467.818         059003.000262   059003.000421 P        0.0000  cm-1
59619.442    0.357      32280.063         059003.000149   059003.000659          1.0000  cm-1
59494.319    0.106      12804.098         059003.000198   059003.000681 P        0.0000  cm-1
59494.319    0.106      12804.098         059003.000073   059003.000285          1.0000  cm-1
59486.182    0.366      1599.629          059003.000134   059003.000629          0.9254  cm-1
59486.182    0.366      1599.629          059003.000121   059003.000453          0.0746  cm-1
59386.225    0.124      7944.761          059003.000196   059003.000650 P        0.0000  cm-1
59386.225    0.124      7944.761          059003.000133   059003.000306          1.0000  cm-1
59361.951    0.111      1586.323          059003.000106   059003.000446 P        0.0000  cm-1
59361.951    0.111      1586.323          059003.000214   059003.000679          1.0000  cm-1
59346.336    0.307      3169.249          059003.000150   059003.000312          1.0000  cm-1
59315.611    0.107      1581.339          059003.000076   059003.000288          1.0000  cm-1
59274.068    0.105      1576.904          059003.000098   059003.000294 P        0.0000  cm-1
59178.891    0.105      3133.498          059003.000111   059003.000654          1.0000  cm-1
59178.891    0.105      3133.498          059003.000225   059003.000569 P        0.0000  cm-1
59111.551    0.307      15595.835         059003.000131   059003.000305 P        0.0000  cm-1
59111.551    0.307      15595.835         059003.000125   059003.000303          1.0000  cm-1
59111.551    0.307      15595.835         059003.000272   059003.000581 P        0.0000  cm-1
59075.227    0.104      46671.853         059003.000150   059003.000646          1.0000  cm-1
59075.227    0.104      46671.853         059003.000120   059003.000452 P        0.0000  cm-1
59013.220    0.201      154914.821        059003.000165   059003.000644          0.5009  cm-1
59013.220    0.201      154914.821        059003.000113   059003.000301          0.4991  cm-1
59013.220    0.201      154914.821        059003.000152   059003.000646 P        0.0000  cm-1
59001.038    0.108      1547.863          059003.000111   059003.000299          1.0000  cm-1
58959.770    0.104      23152.656         059003.000095   059003.000293          1.0000  cm-1
58869.084    0.104      15339.525         059003.000112   059003.000449          1.0000  cm-1
58843.736    0.113      4593.902          059003.000227   059003.000569          1.0000  cm-1
58843.736    0.113      4593.902          059003.000119   059003.000450 P        0.0000  cm-1
58819.396    0.108      1528.709          059003.000279   059003.000603 P        0.0000  cm-1
58819.396    0.108      1528.709          059003.000045   059003.000267 P        0.0000  cm-1
58819.396    0.108      1528.709          059003.000106   059003.000296          1.0000  cm-1
58790.756    0.121      30514.273         059003.000126   059003.000303          1.0000  cm-1
58745.446    0.106      1520.950          059003.000041   059003.000262          0.3674  cm-1
58745.446    0.106      1520.950          059003.000081   059003.000288          0.6326  cm-1
58626.599    0.361      75427.649         059003.000225   059003.000568 P        0.0000  cm-1
58626.599    0.361      75427.649         059003.000127   059003.000303          1.0000  cm-1
58591.356    0.105      15048.305         059003.000073   059003.000281          1.0000  cm-1
58564.844    0.104      1502.072          059003.000104   059003.000294          1.0000  cm-1
58564.844    0.104      1502.072          059003.000203   059003.000684 P        0.0000  cm-1
58474.951    0.103      2985.436          059003.000112   059003.000447          1.0000  cm-1
58431.538    0.355      2976.432          059003.000258   059003.000651 P        0.0000  cm-1
58431.538    0.355      2976.432          059003.000097   059003.000633 P        0.0000  cm-1
58431.538    0.355      2976.432          059003.000142   059003.000626          0.0901  cm-1
58431.538    0.355      2976.432          059003.000097   059003.000445          0.9099  cm-1
58409.246    0.110      1485.916          059003.000230   059003.000569          1.0000  cm-1
58409.246    0.110      1485.916          059003.000200   059003.000681 P        0.0000  cm-1
58398.364    0.102      1484.774          059003.000267   059003.000639 P        0.0000  cm-1
58382.047    0.361      88987.503         059003.000042   059003.000263 P        0.0000  cm-1
58382.047    0.361      88987.503         059003.000161   059003.000313          1.0000  cm-1
58293.209    0.106      7369.476          059003.000064   059003.000441          0.5464  cm-1
58293.209    0.106      7369.476          059003.000227   059003.000568          0.4536  cm-1
58236.113    0.102      1468.011          059003.000153   059003.000646          1.0000  cm-1
58214.738    0.504      293170.663        059003.000246   059003.000570 P        0.0000  cm-1
58214.738    0.504      293170.663        059003.000539   059003.000280 P        0.0000  cm-1
58214.738    0.504      293170.663        059003.000112   059003.000446 P        0.0000  cm-1
58214.738    0.504      293170.663        059003.000133   059003.000305          1.0000  cm-1
58141.733    0.103      5833.213          059003.000115   059003.000654          0.8119  cm-1
58141.733    0.103      5833.213          059003.000199   059003.000672          0.1881  cm-1
58138.745    0.104      2915.954          059003.000151   059003.000311          0.3103  cm-1
58138.745    0.104      2915.954          059003.000079   059003.000443          0.6897  cm-1
58102.599    0.703      7271.377          059003.000165   059003.000313          1.0000  cm-1
58102.599    0.703      7271.377          059003.000054   059003.000436 P        0.0000  cm-1
58102.599    0.703      7271.377          059003.000080   059003.000286 P        0.0000  cm-1
58102.599    0.703      7271.377          059003.000218   059003.000680 P        0.0000  cm-1
58071.838    0.103      21766.988         059003.000080   059003.000285          1.0000  cm-1
58016.865    0.157      14455.144         059003.000111   059003.000295          1.0000  cm-1
57952.652    0.504      4316.855          059003.000134   059003.000305          1.0000  cm-1
57952.652    0.504      4316.855          059003.000202   059003.000681 P        0.0000  cm-1
57897.666    0.105      1433.344          059003.000079   059003.000284          1.0000  cm-1
57894.584    0.101      1433.046          059003.000441   059003.000583 P        0.0000  cm-1
57860.480    0.103      1429.569          059003.000082   059003.000286          1.0000  cm-1
57860.480    0.103      1429.569          059003.000282   059003.000592 P        0.0000  cm-1
57813.771    0.109      4274.440          059003.000091   059003.000291          1.0000  cm-1
57755.513    0.102      2837.851          059003.000083   059003.000285          1.0000  cm-1
57752.743    0.104      2837.284          059003.000276   059003.000426 P        0.0000  cm-1
57752.743    0.104      2837.284          059003.000097   059003.000292          1.0000  cm-1
57752.743    0.104      2837.284          059003.000283   059003.000603 P        0.0000  cm-1
57724.297    0.106      28315.101         059003.000113   059003.000297          1.0000  cm-1
57669.665    0.108      2820.434          059003.000126   059003.000451          1.0000  cm-1
57669.665    0.108      2820.434          059003.000042   059003.000258 P        0.0000  cm-1
57611.978    0.500      1404.430          059003.000066   059003.000441 P        0.0000  cm-1
57611.978    0.500      1404.430          059003.000088   059003.000289 P        0.0000  cm-1
57611.978    0.500      1404.430          059003.000105   059003.000633 P        0.0000  cm-1
57611.978    0.500      1404.430          059003.000125   059003.000676          1.0000  cm-1
57611.978    0.500      1404.430          059003.000105   059003.000445 P        0.0000  cm-1
57610.290    0.105      5617.128          059003.000199   059003.000565          0.7400  cm-1
57610.290    0.105      5617.128          059003.000225   059003.000679          0.2600  cm-1
57582.475    0.504      280292.051        059003.000125   059003.000450          1.0000  cm-1
57582.475    0.504      280292.051        059003.000123   059003.000656 P        0.0000  cm-1
57570.445    0.120      14002.934         059003.000127   059003.000452          1.0000  cm-1
57570.445    0.120      14002.934         059003.000281   059003.000677 P        0.0000  cm-1
57538.142    0.354      6985.225          059003.000142   059003.000627          1.0000  cm-1
57505.438    0.106      41811.839         059003.000127   059003.000451          1.0000  cm-1
57476.265    0.120      278169.757        059003.000133   059003.000304          1.0000  cm-1
57469.354    0.107      1390.133          059003.000197   059003.000655          1.0000  cm-1
57469.354    0.107      1390.133          059003.000441   059003.000663 P        0.0000  cm-1
57455.977    0.101      1388.761          059003.000205   059003.000681 P        0.0000  cm-1
57455.977    0.101      1388.761          059003.000079   059003.000282          1.0000  cm-1
57419.825    0.101      1385.157          059003.000215   059003.000670          0.4068  cm-1
57419.825    0.101      1385.157          059003.000045   059003.000264          0.5932  cm-1
57419.825    0.101      1385.157          059003.000284   059003.000593 P        0.0000  cm-1
57403.114    0.103      13834.768         059003.000063   059003.000275          1.0000  cm-1
57359.631    0.120      551675.767        059003.000139   059003.000306          1.0000  cm-1
57341.212    0.108      4131.863          059003.000096   059003.000291          1.0000  cm-1
57295.917    0.100      2745.595          059003.000106   059003.000633          1.0000  cm-1
57291.153    0.353      13723.237         059003.000119   059003.000300 P        0.0000  cm-1
57291.153    0.353      13723.237         059003.000126   059003.000676          0.6769  cm-1
57291.153    0.353      13723.237         059003.000540   059003.000283          0.3231  cm-1
57277.862    0.100      4113.005          059003.000083   059003.000283          1.0000  cm-1
57266.222    0.101      1369.874          059003.000145   059003.000626          1.0000  cm-1
57209.601    0.120      136426.443        059003.000139   059003.000455          1.0000  cm-1
57197.577    0.101      6815.138          059003.000063   059003.000273          1.0000  cm-1
57170.504    0.102      2720.677          059003.000149   059003.000309          1.0000  cm-1
57127.061    0.136      6780.262          059003.000264   059003.000419 P        0.0000  cm-1
57127.061    0.136      6780.262          059003.000127   059003.000676          1.0000  cm-1
56993.248    0.504      268578.907        059003.000205   059003.000650 P        0.0000  cm-1
56993.248    0.504      268578.907        059003.000133   059003.000454          1.0000  cm-1
56993.248    0.504      268578.907        059003.000067   059003.000438 P        0.0000  cm-1
56993.248    0.504      268578.907        059003.000060   059003.000436 P        0.0000  cm-1
56993.248    0.504      268578.907        059003.000213   059003.000566 P        0.0000  cm-1
56982.396    0.352      13417.732         059003.000140   059003.000658          1.0000  cm-1
56982.396    0.352      13417.732         059003.000281   059003.000428 P        0.0000  cm-1
56965.548    0.102      5360.569          059003.000225   059003.000567          1.0000  cm-1
56963.041    0.099      26797.936         059003.000204   059003.000672          1.0000  cm-1
56876.677    0.103      9319.782          059003.000046   059003.000263          1.0000  cm-1
56873.754    0.106      1331.141          059003.000206   059003.000650          1.0000  cm-1
56841.433    0.139      13279.732         059003.000230   059003.000679          1.0000  cm-1
56840.165    0.102      39835.402         059003.000242   059003.000569          1.0000  cm-1
56820.962    0.360      1325.958          059003.000069   059003.000439 P        0.0000  cm-1
56820.962    0.360      1325.958          059003.000142   059003.000629          1.0000  cm-1
56801.131    0.353      13240.604         059003.000445   059003.000619 P        0.0000  cm-1
56801.131    0.353      13240.604         059003.000148   059003.000626          1.0000  cm-1
56790.429    0.099      13229.863         059003.000633   059003.000618 P        0.0000  cm-1
56790.429    0.099      13229.863         059003.000219   059003.000670          1.0000  cm-1
56784.166    0.102      2644.756          059003.000226   059003.000567          1.0000  cm-1
56732.412    0.103      9221.185          059003.000046   059003.000262          0.4721  cm-1
56732.412    0.103      9221.185          059003.000074   059003.000278          0.3586  cm-1
56732.412    0.103      9221.185          059003.000134   059003.000454          0.1693  cm-1
56721.400    0.098      1316.246          059003.000047   059003.000647          1.0000  cm-1
56661.502    0.352      13104.511         059003.000142   059003.000658          1.0000  cm-1
56654.364    0.101      5238.962          059003.000213   059003.000684          0.8848  cm-1
56654.364    0.101      5238.962          059003.000154   059003.000310          0.1152  cm-1
56647.779    0.100      1309.080          059003.000088   059003.000286          1.0000  cm-1
56647.779    0.100      1309.080          059003.000101   059003.000290 P        0.0000  cm-1
56639.949    0.504      2616.640          059003.000150   059003.000308          1.0000  cm-1
56639.949    0.504      2616.640          059003.000286   059003.000677 P        0.0000  cm-1
56611.361    0.098      3916.665          059003.000086   059003.000283          1.0000  cm-1
56557.523    0.098      6501.695          059003.000112   059003.000293          1.0000  cm-1
56527.189    0.099      25948.063         059003.000080   059003.000279          1.0000  cm-1
56516.553    0.307      129637.199        059003.000134   059003.000303          1.0000  cm-1
56516.553    0.307      129637.199        059003.000099   059003.000289 P        0.0000  cm-1
56516.553    0.307      129637.199        059003.000125   059003.000665 P        0.0000  cm-1
56454.981    0.099      5161.724          059003.000047   059003.000260 P        0.0000  cm-1
56454.981    0.099      5161.724          059003.000064   059003.000437          1.0000  cm-1
56429.458    0.116      3863.921          059003.000072   059003.000439          1.0000  cm-1
56421.203    0.116      1287.174          059003.000210   059003.000681 P        0.0000  cm-1
56421.203    0.116      1287.174          059003.000165   059003.000312          1.0000  cm-1
56361.685    0.100      1281.467          059003.000257   059003.000570          1.0000  cm-1
56290.208    0.352      19118.995         059003.000041   059003.000251 P        0.0000  cm-1
56290.208    0.352      19118.995         059003.000125   059003.000448          0.0359  cm-1
56290.208    0.352      19118.995         059003.000150   059003.000626          0.2882  cm-1
56290.208    0.352      19118.995         059003.000242   059003.000568          0.6759  cm-1
56278.611    0.101      25469.908         059003.000219   059003.000566          1.0000  cm-1
56252.218    0.099      5083.845          059003.000279   059003.000636 P        0.0000  cm-1
56252.218    0.099      5083.845          059003.000063   059003.000271          1.0000  cm-1
56229.741    0.098      1268.828          059003.000202   059003.000675          1.0000  cm-1
56219.956    0.102      1267.892          059003.000230   059003.000680          1.0000  cm-1
56210.945    0.100      2534.017          059003.000050   059003.000263          0.7483  cm-1
56210.945    0.100      2534.017          059003.000083   059003.000279          0.2517  cm-1
56196.956    0.105      5062.789          059003.000289   059003.000594 P        0.0000  cm-1
56196.956    0.105      5062.789          059003.000230   059003.000567          1.0000  cm-1
56173.412    0.097      12634.399         059003.000146   059003.000627          1.0000  cm-1
56161.241    0.237      6311.402          059003.000046   059003.000258          1.0000  cm-1
56149.811    0.413      12611.782         059003.000165   059003.000646          1.0000  cm-1
56149.811    0.413      12611.782         059003.000277   059003.000632 P        0.0000  cm-1
56149.811    0.413      12611.782         059003.000276   059003.000576 P        0.0000  cm-1
56149.811    0.413      12611.782         059003.000112   059003.000445 P        0.0000  cm-1
56012.185    0.100      1248.138          059003.000199   059003.000667          1.0000  cm-1
55994.998    0.100      12464.909         059003.000111   059003.000292          1.0000  cm-1
55969.654    0.412      12441.027         059003.000126   059003.000448          1.0000  cm-1
55961.248    0.101      4973.177          059003.000091   059003.000284          0.9315  cm-1
55961.248    0.101      4973.177          059003.000144   059003.000629          0.0685  cm-1
55955.235    0.098      18640.989         059003.000041   059003.000248          1.0000  cm-1
55939.988    0.097      1241.310          059003.000219   059003.000684          1.0000  cm-1
55939.988    0.097      1241.310          059003.000439   059003.000577 P        0.0000  cm-1
55935.953    0.099      3722.736          059003.000087   059003.000281          1.0000  cm-1
55914.233    0.098      2477.741          059003.000153   059003.000309          1.0000  cm-1
55914.233    0.098      2477.741          059003.000291   059003.000661 P        0.0000  cm-1
55893.475    0.109      1236.905          059003.000063   059003.000270          1.0000  cm-1
55889.764    0.103      1236.557          059003.000073   059003.000277          1.0000  cm-1
55867.598    0.097      1234.476          059003.000128   059003.000449          1.0000  cm-1
55863.821    0.097      2468.270          059003.000213   059003.000681          1.0000  cm-1
55826.305    0.097      2461.214          059003.000202   059003.000655          1.0000  cm-1
55813.566    0.096      98351.117         059003.000149   059003.000627          1.0000  cm-1
55805.431    0.545      36859.914         059003.000267   059003.000572 P        0.0000  cm-1
55805.431    0.545      36859.914         059003.000177   059003.000313 P        0.0000  cm-1
55805.431    0.545      36859.914         059003.000127   059003.000448          1.0000  cm-1
55805.431    0.545      36859.914         059003.000145   059003.000307 P        0.0000  cm-1
55800.688    0.096      1228.187          059003.000153   059003.000308 P        0.0000  cm-1
55800.688    0.096      1228.187          059003.000144   059003.000658          1.0000  cm-1
55786.227    0.099      1226.820          059003.000042   059003.000251          1.0000  cm-1
55779.014    0.096      3678.489          059003.000215   059003.000681          1.0000  cm-1
55756.958    0.097      48963.950         059003.000204   059003.000675          1.0000  cm-1
55751.191    0.115      122353.664        059003.000060   059003.000267 P        0.0000  cm-1
55751.191    0.115      122353.664        059003.000125   059003.000446          1.0000  cm-1
55742.570    0.099      48909.109         059003.000073   059003.000275          1.0000  cm-1
55722.135    0.356      48834.559         059003.000290   059003.000602 P        0.0000  cm-1
55722.135    0.356      48834.559         059003.000258   059003.000570 P        0.0000  cm-1
55722.135    0.356      48834.559         059003.000133   059003.000452          1.0000  cm-1
55716.173    0.098      12202.594         059003.000088   059003.000281          1.0000  cm-1
55690.165    0.100      12178.230         059003.000126   059003.000299          1.0000  cm-1
55688.251    0.097      2435.303          059003.000073   059003.000274          1.0000  cm-1
55648.096    0.100      1213.920          059003.000203   059003.000655          1.0000  cm-1
55646.014    0.097      24274.114         059003.000439   059003.000639 P        0.0000  cm-1
55646.014    0.097      24274.114         059003.000041   059003.000245          1.0000  cm-1
55572.814    0.102      1206.884          059003.000106   059003.000289          1.0000  cm-1
55529.979    0.095      12029.107         059003.000144   059003.000657          1.0000  cm-1
55528.173    0.100      24054.597         059003.000041   059003.000244          1.0000  cm-1
55519.645    0.317      120195.748        059003.000091   059003.000282          0.6227  cm-1
55519.645    0.317      120195.748        059003.000161   059003.000311          0.3773  cm-1
55519.645    0.317      120195.748        059003.000170   059003.000659 P        0.0000  cm-1
55495.307    0.098      1199.694          059003.000050   059003.000258 P        0.0000  cm-1
55488.631    0.099      5995.304          059003.000096   059003.000284          1.0000  cm-1
55485.278    0.095      23975.160         059003.000041   059003.000243          1.0000  cm-1
55481.067    0.414      23967.279         059003.000141   059003.000305          1.0000  cm-1
55481.067    0.414      23967.279         059003.000193   059003.000560 P        0.0000  cm-1
55460.429    0.414      3589.364          059003.000054   059003.000264 P        0.0000  cm-1
55460.429    0.414      3589.364          059003.000134   059003.000452          1.0000  cm-1
55456.366    0.417      3588.246          059003.000295   059003.000619 P        0.0000  cm-1
55456.366    0.417      3588.246          059003.000146   059003.000629          1.0000  cm-1
55456.366    0.417      3588.246          059003.000053   059003.000262 P        0.0000  cm-1
55456.366    0.417      3588.246          059003.000074   059003.000275 P        0.0000  cm-1
55451.145    0.095      2391.207          059003.000153   059003.000626          1.0000  cm-1
55421.800    0.097      11928.898         059003.000073   059003.000272          1.0000  cm-1
55387.302    0.097      5948.473          059003.000069   059003.000437          1.0000  cm-1
55316.788    0.095      1183.215          059003.000215   059003.000650          1.0000  cm-1
55312.711    0.096      4731.315          059003.000539   059003.000273          1.0000  cm-1
55306.645    0.096      35468.568         059003.000202   059003.000667          1.0000  cm-1
55294.302    0.096      17716.981         059003.000087   059003.000279          1.0000  cm-1
55294.302    0.096      17716.981         059003.000540   059003.000278 P        0.0000  cm-1
55262.500    0.095      4712.852          059003.000215   059003.000672 P        0.0000  cm-1
55262.500    0.095      4712.852          059003.000078   059003.000440          0.6886  cm-1
55262.500    0.095      4712.852          059003.000089   059003.000280          0.3114  cm-1
55224.979    0.500      58739.991         059003.000145   059003.000657          1.0000  cm-1
55190.818    0.328      234335.090        059003.000296   059003.000612 P        0.0000  cm-1
55190.818    0.328      234335.090        059003.000042   059003.000247 P        0.0000  cm-1
55190.818    0.328      234335.090        059003.000296   059003.000611 P        0.0000  cm-1
55190.818    0.328      234335.090        059003.000148   059003.000629          1.0000  cm-1
55176.386    0.098      23406.691         059003.000225   059003.000566          1.0000  cm-1
55118.208    0.095      46599.961         059003.000046   059003.000256          1.0000  cm-1
55095.962    0.095      4651.909          059003.000297   059003.000611 P        0.0000  cm-1
55095.962    0.095      4651.909          059003.000439   059003.000421 P        0.0000  cm-1
55051.587    0.099      2317.892          059003.000246   059003.000679          1.0000  cm-1
55051.587    0.099      2317.892          059003.000443   059003.000583 P        0.0000  cm-1
55047.025    0.095      463403.014        059003.000096   059003.000282          1.0000  cm-1
55035.334    0.097      1157.460          059003.000220   059003.000681          1.0000  cm-1
55025.658    0.094      8096.037          059003.000146   059003.000657          1.0000  cm-1
55025.658    0.094      8096.037          059003.000443   059003.000579 P        0.0000  cm-1
55024.031    0.098      3469.258          059003.000193   059003.000625 P        0.0000  cm-1
55024.031    0.098      3469.258          059003.000041   059003.000239          1.0000  cm-1
55004.864    0.407      11546.872         059003.000263   059003.000570 P        0.0000  cm-1
55004.864    0.407      11546.872         059003.000130   059003.000298 P        0.0000  cm-1
54978.189    0.096      11522.658         059003.000075   059003.000272 P        0.0000  cm-1
54966.732    0.094      17268.399         059003.000062   059003.000266          0.5337  cm-1
54966.732    0.094      17268.399         059003.000139   059003.000454          0.4663  cm-1
54957.673    0.098      34511.914         059003.000115   059003.000292          1.0000  cm-1
54936.493    0.400      4593.917          059003.000149   059003.000658          1.0000  cm-1
54936.493    0.400      4593.917          059003.000104   059003.000286 P        0.0000  cm-1
54919.414    0.101      57346.944         059003.000198   059003.000564          1.0000  cm-1
54905.135    0.094      1145.648          059003.000104   059003.000285 P        0.0000  cm-1
54905.135    0.094      1145.648          059003.000175   059003.000659          1.0000  cm-1
54901.464    0.097      9162.616          059003.000211   059003.000678          1.0000  cm-1
54891.697    0.113      4577.700          059003.000079   059003.000439          1.0000  cm-1
54869.563    0.104      22848.667         059003.000054   059003.000259          1.0000  cm-1
54837.928    0.094      34187.709         059003.000225   059003.000684          1.0000  cm-1
54833.647    0.094      68352.301         059003.000204   059003.000667          1.0000  cm-1
54828.811    0.115      17081.891         059003.000148   059003.000306          1.0000  cm-1
54826.136    0.094      3415.526          059003.000046   059003.000255          1.0000  cm-1
54788.416    0.099      2270.227          059003.000064   059003.000266          1.0000  cm-1
54771.154    0.094      1133.556          059003.000089   059003.000279          1.0000  cm-1
54712.234    0.094      4513.055          059003.000076   059003.000274          1.0000  cm-1
54712.234    0.094      4513.055          059003.000098   059003.000281 P        0.0000  cm-1
54703.590    0.093      2254.987          059003.000120   059003.000633          1.0000  cm-1
54698.951    0.096      2254.177          059003.000210   059003.000675          1.0000  cm-1
54698.951    0.096      2254.177          059003.000282   059003.000426 P        0.0000  cm-1
54687.216    0.094      1126.035          059003.000219   059003.000650          1.0000  cm-1
54679.681    0.412      5626.692          059003.000217   059003.000672 P        0.0000  cm-1
54679.681    0.412      5626.692          059003.000150   059003.000629          1.0000  cm-1
54679.681    0.412      5626.692          059003.000286   059003.000636 P        0.0000  cm-1
54665.751    0.348      112409.617        059003.000149   059003.000657          1.0000  cm-1
54665.751    0.348      112409.617        059003.000441   059003.000420 P        0.0000  cm-1
54653.205    0.359      11229.492         059003.000151   059003.000629          1.0000  cm-1
54635.866    0.096      22428.591         059003.000047   059003.000254          1.0000  cm-1
54627.342    0.349      112067.729        059003.000242   059003.000567          1.0000  cm-1
54627.342    0.349      112067.729        059003.000443   059003.000663 P        0.0000  cm-1
54623.580    0.098      1120.320          059003.000057   059003.000263          1.0000  cm-1
54619.210    0.096      55996.680         059003.000099   059003.000281          1.0000  cm-1
54607.523    0.095      4475.557          059003.000106   059003.000286          1.0000  cm-1
54575.768    0.097      16740.774         059003.000131   059003.000299          1.0000  cm-1
54552.269    0.098      111395.787        059003.000041   059003.000234          1.0000  cm-1
54548.678    0.094      111363.957        059003.000046   059003.000252          1.0000  cm-1
54514.140    0.095      8884.600          059003.000445   059003.000601 P        0.0000  cm-1
54489.654    0.097      1108.407          059003.000128   059003.000295 P        0.0000  cm-1
54489.654    0.097      1108.407          059003.000128   059003.000641 P        0.0000  cm-1
54489.654    0.097      1108.407          059003.000445   059003.000597 P        0.0000  cm-1
54489.654    0.097      1108.407          059003.000437   059003.000572          1.0000  cm-1
54475.440    0.093      2214.298          059003.000212   059003.000675          1.0000  cm-1
54452.690    0.094      7735.768          059003.000050   059003.000256          1.0000  cm-1
54447.742    0.095      5523.391          059003.000082   059003.000438          1.0000  cm-1
54445.665    0.095      3313.482          059003.000076   059003.000272          1.0000  cm-1
54440.446    0.099      3312.047          059003.000129   059003.000297          1.0000  cm-1
54434.629    0.400      6621.149          059003.000215   059003.000678          1.0000  cm-1
54427.712    0.093      1102.903          059003.000104   059003.000283          1.0000  cm-1
54407.642    0.101      22022.742         059003.000230   059003.000566          1.0000  cm-1
54407.642    0.101      22022.742         059003.000246   059003.000567 P        0.0000  cm-1
54401.553    0.101      55028.835         059003.000079   059003.000276          1.0000  cm-1
54393.906    0.095      219980.279        059003.000041   059003.000235          1.0000  cm-1
54361.637    0.094      2194.098          059003.000108   059003.000286          1.0000  cm-1
54344.296    0.097      3286.537          059003.000129   059003.000296          1.0000  cm-1
54320.114    0.133      10933.820         059003.000080   059003.000275          1.0000  cm-1
54303.481    0.095      6551.551          059003.000074   059003.000271          1.0000  cm-1
54297.145    0.105      2182.734          059003.000069   059003.000268          1.0000  cm-1
54291.634    0.115      1090.855          059003.000151   059003.000306          1.0000  cm-1
54278.506    0.095      65382.996         059003.000046   059003.000251          1.0000  cm-1
54265.984    0.318      217723.497        059003.000119   059003.000292 P        0.0000  cm-1
54265.984    0.318      217723.497        059003.000080   059003.000274          0.7235  cm-1
54265.984    0.318      217723.497        059003.000114   059003.000289          0.2765  cm-1
54261.183    0.094      10882.000         059003.000078   059003.000273          1.0000  cm-1
54249.233    0.094      10871.494         059003.000070   059003.000269          0.8754  cm-1
54249.233    0.094      10871.494         059003.000150   059003.000657          0.1246  cm-1
54242.890    0.094      4346.343          059003.000045   059003.000248          1.0000  cm-1
54233.015    0.105      21714.341         059003.000073   059003.000270          1.0000  cm-1
54212.929    0.095      1083.961          059003.000257   059003.000568 P        0.0000  cm-1
54202.431    0.096      2166.061          059003.000221   059003.000672 P        0.0000  cm-1
54202.431    0.096      2166.061          059003.000041   059003.000237          1.0000  cm-1
54160.430    0.093      21587.174         059003.000050   059003.000255 P        0.0000  cm-1
54160.430    0.093      21587.174         059003.000272   059003.000651 P        0.0000  cm-1
54146.993    0.094      43127.294         059003.000088   059003.000442          1.0000  cm-1
54141.628    0.093      10777.258         059003.000081   059003.000274 P        0.0000  cm-1
54141.628    0.093      10777.258         059003.000213   059003.000675          1.0000  cm-1
54137.179    0.093      2154.668          059003.000208   059003.000667          1.0000  cm-1
54133.166    0.405      10769.722         059003.000086   059003.000440          0.1849  cm-1
54133.166    0.405      10769.722         059003.000181   059003.000457          0.8151  cm-1
54133.166    0.405      10769.722         059003.000448   059003.000614 P        0.0000  cm-1
54133.166    0.405      10769.722         059003.000448   059003.000613 P        0.0000  cm-1
54128.009    0.092      10765.216         059003.000293   059003.000602 P        0.0000  cm-1
54102.308    0.096      4297.139          059003.000219   059003.000565          1.0000  cm-1
54075.526    0.092      2143.875          059003.000267   059003.000683 P        0.0000  cm-1
54072.331    0.093      10716.719         059003.000212   059003.000655          1.0000  cm-1
54051.389    0.093      8558.742          059003.000135   059003.000302          1.0000  cm-1
53999.036    0.094      1065.289          059003.000080   059003.000272          1.0000  cm-1
53983.944    0.347      2127.955          059003.000111   059003.000286 P        0.0000  cm-1
53983.944    0.347      2127.955          059003.000045   059003.000247 P        0.0000  cm-1
53981.777    0.099      2127.590          059003.000277   059003.000573          1.0000  cm-1
53958.340    0.111      4247.016          059003.000156   059003.000307          1.0000  cm-1
53956.833    0.364      4246.630          059003.000111   059003.000285          0.0539  cm-1
53956.833    0.364      4246.630          059003.000133   059003.000448          0.9461  cm-1
53944.865    0.105      1060.577          059003.000074   059003.000270          1.0000  cm-1
53932.423    0.131      5297.500          059003.000047   059003.000249          0.0959  cm-1
53932.423    0.131      5297.500          059003.000135   059003.000656          0.9041  cm-1
53908.418    0.094      31722.790         059003.000072   059003.000269          1.0000  cm-1
53905.141    0.104      3171.428          059003.000072   059003.000268          1.0000  cm-1
53905.141    0.104      3171.428          059003.000132   059003.000299 P        0.0000  cm-1
53893.690    0.348      10561.514         059003.000438   059003.000652 P        0.0000  cm-1
53891.004    0.092      2111.851          059003.000272   059003.000572 P        0.0000  cm-1
53891.004    0.092      2111.851          059003.000255   059003.000679          1.0000  cm-1
53883.127    0.130      10552.291         059003.000087   059003.000440          0.1008  cm-1
53883.127    0.130      10552.291         059003.000050   059003.000252          0.8992  cm-1
53883.127    0.130      10552.291         059003.000540   059003.000674 P        0.0000  cm-1
53875.309    0.094      10545.614         059003.000081   059003.000272          1.0000  cm-1
53852.465    0.091      1052.588          059003.000177   059003.000646          0.8336  cm-1
53852.465    0.091      1052.588          059003.000217   059003.000678          0.1664  cm-1
53849.200    0.351      1052.305          059003.000268   059003.000683 P        0.0000  cm-1
53844.326    0.094      10518.843         059003.000047   059003.000653 P        0.0000  cm-1
53844.326    0.094      10518.843         059003.000269   059003.000683          1.0000  cm-1
53827.696    0.318      5252.182          059003.000155   059003.000629 P        0.0000  cm-1
53827.696    0.318      5252.182          059003.000165   059003.000309          1.0000  cm-1
53815.903    0.096      10494.194         059003.000045   059003.000244          1.0000  cm-1
53784.628    0.095      5233.728          059003.000239   059003.000670          1.0000  cm-1
53784.628    0.095      5233.728          059003.000633   059003.000429 P        0.0000  cm-1
53783.055    0.091      5233.005          059003.000063   059003.000265          1.0000  cm-1
53773.019    0.348      41829.073         059003.000045   059003.000243          0.3571  cm-1
53773.019    0.348      41829.073         059003.000131   059003.000296          0.6429  cm-1
53773.019    0.348      41829.073         059003.000076   059003.000436 P        0.0000  cm-1
53758.793    0.319      104451.309        059003.000082   059003.000272 P        0.0000  cm-1
53758.793    0.319      104451.309        059003.000060   059003.000259          1.0000  cm-1
53758.793    0.319      104451.309        059003.000130   059003.000294 P        0.0000  cm-1
53756.193    0.091      10442.894         059003.000237   059003.000684 P        0.0000  cm-1
53756.193    0.091      10442.894         059003.000047   059003.000248 P        0.0000  cm-1
53738.161    0.092      31282.561         059003.000213   059003.000655          1.0000  cm-1
53733.577    0.104      10423.454         059003.000073   059003.000268          1.0000  cm-1
53721.253    0.097      62477.209         059003.000201   059003.000564 P        0.0000  cm-1
53721.253    0.097      62477.209         059003.000069   059003.000266          1.0000  cm-1
53675.859    0.094      103738.596        059003.000106   059003.000281          1.0000  cm-1
53668.717    0.091      10367.810         059003.000155   059003.000658          1.0000  cm-1
53665.838    0.096      20730.488         059003.000046   059003.000246          1.0000  cm-1
53657.347    0.504      20716.836         059003.000135   059003.000665 P        0.0000  cm-1
53657.347    0.504      20716.836         059003.000148   059003.000305          1.0000  cm-1
53643.792    0.399      51734.054         059003.000161   059003.000626          1.0000  cm-1
53643.792    0.399      51734.054         059003.000289   059003.000663 P        0.0000  cm-1
53615.486    0.093      41289.062         059003.000294   059003.000603 P        0.0000  cm-1
53615.486    0.093      41289.062         059003.000076   059003.000271          1.0000  cm-1
53612.912    0.094      20639.959         059003.000050   059003.000251          1.0000  cm-1
53599.336    0.092      5154.270          059003.000256   059003.000679          1.0000  cm-1
53585.474    0.092      30890.242         059003.000225   059003.000650          1.0000  cm-1
53571.334    0.092      1028.453          059003.000101   059003.000279          1.0000  cm-1
53563.277    0.110      5138.851          059003.000224   059003.000672 P        0.0000  cm-1
53563.277    0.110      5138.851          059003.000172   059003.000310          1.0000  cm-1
53555.614    0.091      5135.585          059003.000128   059003.000293 P        0.0000  cm-1
53555.614    0.091      5135.585          059003.000063   059003.000647          1.0000  cm-1
53545.842    0.093      205256.877        059003.000053   059003.000254          1.0000  cm-1
53545.842    0.093      205256.877        059003.000276   059003.000572 P        0.0000  cm-1
53533.992    0.095      5126.330          059003.000085   059003.000275          1.0000  cm-1
53465.992    0.090      1019.495          059003.000440   059003.000652 P        0.0000  cm-1
53465.992    0.090      1019.495          059003.000276   059003.000419 P        0.0000  cm-1
53452.502    0.093      5091.750          059003.000093   059003.000442          1.0000  cm-1
53398.134    0.092      202745.889        059003.000113   059003.000443          1.0000  cm-1
53398.134    0.092      202745.889        059003.000155   059003.000657 P        0.0000  cm-1
53378.091    0.090      7084.344          059003.000046   059003.000241          1.0000  cm-1
53376.918    0.094      5059.813          059003.000202   059003.000564          1.0000  cm-1
53364.499    0.397      5054.467          059003.000165   059003.000626          0.5699  cm-1
53364.499    0.397      5054.467          059003.000126   059003.000633          0.4301  cm-1
53362.058    0.093      20213.884         059003.000445   059003.000428 P        0.0000  cm-1
53362.058    0.093      20213.884         059003.000126   059003.000445          1.0000  cm-1
53359.894    0.092      60629.795         059003.000091   059003.000441          0.9128  cm-1
53359.894    0.092      60629.795         059003.000095   059003.000278          0.0872  cm-1
53334.090    0.094      20166.603         059003.000198   059003.000563          0.4279  cm-1
53334.090    0.094      20166.603         059003.000135   059003.000654          0.5721  cm-1
53324.648    0.092      20150.871         059003.000080   059003.000436 P        0.0000  cm-1
53324.648    0.092      20150.871         059003.000063   059003.000261          1.0000  cm-1
53322.329    0.101      10073.538         059003.000062   059003.000259          1.0000  cm-1
53312.031    0.094      8051.814          059003.000045   059003.000239          1.0000  cm-1
53289.340    0.091      20091.485         059003.000063   059003.000260          1.0000  cm-1
53285.820    0.091      2008.546          059003.000047   059003.000243          0.1260  cm-1
53285.820    0.091      2008.546          059003.000047   059003.000433          0.8740  cm-1
53278.436    0.396      100365.661        059003.000142   059003.000453 P        0.0000  cm-1
53278.436    0.396      100365.661        059003.000160   059003.000627          1.0000  cm-1
53268.584    0.090      5014.139          059003.000057   059003.000257          1.0000  cm-1
53256.935    0.103      10018.405         059003.000076   059003.000270          1.0000  cm-1
53235.153    0.092      20000.363         059003.000088   059003.000438          1.0000  cm-1
53224.861    0.091      9991.523          059003.000130   059003.000293          1.0000  cm-1
53213.169    0.092      19963.458         059003.000085   059003.000272          1.0000  cm-1
53203.657    0.129      1994.750          059003.000086   059003.000674          1.0000  cm-1
53200.769    0.090      997.133           059003.000081   059003.000436          1.0000  cm-1
53197.747    0.096      3987.459          059003.000132   059003.000297          1.0000  cm-1
53197.747    0.096      3987.459          059003.000127   059003.000445 P        0.0000  cm-1
53195.906    0.090      3986.901          059003.000257   059003.000679          1.0000  cm-1
53175.427    0.092      9950.043          059003.000135   059003.000300          1.0000  cm-1
53165.530    0.096      9941.808          059003.000054   059003.000254          1.0000  cm-1
53157.068    0.094      496729.777        059003.000113   059003.000284          1.0000  cm-1
53134.118    0.095      19831.067         059003.000269   059003.000570          1.0000  cm-1
53134.118    0.095      19831.067         059003.000215   059003.000667 P        0.0000  cm-1
53111.106    0.091      2968.917          059003.000247   059003.000670          1.0000  cm-1
53101.734    0.095      49441.823         059003.000132   059003.000296          1.0000  cm-1
53088.600    0.128      49387.359         059003.000041   059003.000224          1.0000  cm-1
53087.146    0.131      49381.128         059003.000087   059003.000275          1.0000  cm-1
53084.531    0.090      2962.240          059003.000082   059003.000436          1.0000  cm-1
53084.531    0.090      2962.240          059003.000292   059003.000589 P        0.0000  cm-1
53075.743    0.094      986.671           059003.000041   059003.000223          1.0000  cm-1
53075.743    0.094      986.671           059003.000292   059003.000587 P        0.0000  cm-1
53067.346    0.093      19719.619         059003.000167   059003.000626          1.0000  cm-1
53060.197    0.090      2956.156          059003.000179   059003.000644          1.0000  cm-1
53050.007    0.092      4922.684          059003.000292   059003.000586 P        0.0000  cm-1
53050.007    0.092      4922.684          059003.000099   059003.000442          1.0000  cm-1
53050.007    0.092      4922.684          059003.000292   059003.000585 P        0.0000  cm-1
53041.357    0.094      2951.411          059003.000114   059003.000284          1.0000  cm-1
53025.985    0.092      3930.152          059003.000438   059003.000571 P        0.0000  cm-1
53023.883    0.090      2947.116          059003.000219   059003.000655          1.0000  cm-1
53018.689    0.090      981.923           059003.000050   059003.000247          1.0000  cm-1
53010.825    0.093      4906.344          059003.000046   059003.000239          1.0000  cm-1
53008.501    0.089      6867.592          059003.000083   059003.000436          1.0000  cm-1
53004.527    0.090      9807.737          059003.000125   059003.000292 P        0.0000  cm-1
53004.527    0.090      9807.737          059003.000067   059003.000265          0.2152  cm-1
53004.527    0.090      9807.737          059003.000145   059003.000660          0.7848  cm-1
53000.159    0.094      3921.527          059003.000137   059003.000449 P        0.0000  cm-1
53000.159    0.094      3921.527          059003.000050   059003.000246          1.0000  cm-1
52989.257    0.110      9794.769          059003.000296   059003.000601 P        0.0000  cm-1
52989.257    0.110      9794.769          059003.000141   059003.000452          1.0000  cm-1
52980.553    0.096      978.755           059003.000120   059003.000289          1.0000  cm-1
52957.880    0.235      29306.499         059003.000062   059003.000258          1.0000  cm-1
52918.808    0.111      58420.842         059003.000115   059003.000285 P        0.0000  cm-1
52918.808    0.111      58420.842         059003.000047   059003.000240 P        0.0000  cm-1
52918.808    0.111      58420.842         059003.000148   059003.000304          1.0000  cm-1
52914.843    0.093      1946.630          059003.000054   059003.000253          1.0000  cm-1
52887.133    0.091      194202.482        059003.000096   059003.000441          1.0000  cm-1
52865.137    0.090      1938.414          059003.000540   059003.000271          0.2361  cm-1
52865.137    0.090      1938.414          059003.000057   059003.000256          0.7639  cm-1
52852.753    0.092      3872.761          059003.000083   059003.000271          1.0000  cm-1
52852.753    0.092      3872.761          059003.000159   059003.000657 P        0.0000  cm-1
52849.181    0.094      4839.420          059003.000442   059003.000573 P        0.0000  cm-1
52849.181    0.094      4839.420          059003.000050   059003.000244          1.0000  cm-1
52846.722    0.089      967.693           059003.000059   059003.000257          1.0000  cm-1
52840.144    0.095      58028.418         059003.000045   059003.000234          1.0000  cm-1
52821.184    0.351      9655.881          059003.000184   059003.000456          1.0000  cm-1
52816.779    0.347      965.236           059003.000229   059003.000672 P        0.0000  cm-1
52816.779    0.347      965.236           059003.000230   059003.000650          1.0000  cm-1
52810.447    0.102      2894.089          059003.000080   059003.000270          1.0000  cm-1
52810.447    0.102      2894.089          059003.000676   059003.000613 P        0.0000  cm-1
52805.278    0.089      964.279           059003.000146   059003.000660          1.0000  cm-1
52788.359    0.089      2888.660          059003.000137   059003.000643          1.0000  cm-1
52783.846    0.089      962.516           059003.000049   059003.000241          1.0000  cm-1
52779.614    0.234      1924.335          059003.000064   059003.000258          1.0000  cm-1
52766.413    0.091      961.083           059003.000087   059003.000272          1.0000  cm-1
52757.180    0.091      1920.665          059003.000437   059003.000683          1.0000  cm-1
52734.515    0.089      958.470           059003.000224   059003.000678          1.0000  cm-1
52730.741    0.132      5748.901          059003.000142   059003.000451          1.0000  cm-1
52712.561    0.089      956.665           059003.000050   059003.000241          1.0000  cm-1
52686.241    0.323      4772.659          059003.000093   059003.000439 P        0.0000  cm-1
52686.241    0.323      4772.659          059003.000194   059003.000671 P        0.0000  cm-1
52686.241    0.323      4772.659          059003.000081   059003.000270          0.0598  cm-1
52686.241    0.323      4772.659          059003.000145   059003.000303          0.9402  cm-1
52681.610    0.091      76329.840         059003.000045   059003.000235          1.0000  cm-1
52645.655    0.089      4755.980          059003.000231   059003.000672          1.0000  cm-1
52641.941    0.091      950.888           059003.000101   059003.000278          1.0000  cm-1
52615.945    0.094      948.777           059003.000234   059003.000681          1.0000  cm-1
52609.149    0.089      4741.062          059003.000539   059003.000645          1.0000  cm-1
52570.436    0.093      1890.099          059003.000042   059003.000223          1.0000  cm-1
52546.342    0.129      9430.992          059003.000088   059003.000272          1.0000  cm-1
52546.342    0.129      9430.992          059003.000067   059003.000261 P        0.0000  cm-1
52545.457    0.127      9430.273          059003.000074   059003.000645          1.0000  cm-1
52538.873    0.090      56549.214         059003.000046   059003.000234          0.5305  cm-1
52538.873    0.090      56549.214         059003.000085   059003.000436          0.4695  cm-1
52515.201    0.089      3762.276          059003.000138   059003.000449          1.0000  cm-1
52515.201    0.089      3762.276          059003.000291   059003.000427 P        0.0000  cm-1
52503.803    0.088      939.645           059003.000163   059003.000627 P        0.0000  cm-1
52503.803    0.088      939.645           059003.000237   059003.000650 P        0.0000  cm-1
52497.135    0.095      2817.344          059003.000199   059003.000563          1.0000  cm-1
52494.084    0.102      938.849           059003.000083   059003.000270          1.0000  cm-1
52494.084    0.102      938.849           059003.000451   059003.000619 P        0.0000  cm-1
52471.045    0.346      18739.571         059003.000165   059003.000627          0.4912  cm-1
52471.045    0.346      18739.571         059003.000054   059003.000250          0.5088  cm-1
52471.045    0.346      18739.571         059003.000446   059003.000602 P        0.0000  cm-1
52464.931    0.097      37459.431         059003.000091   059003.000276          1.0000  cm-1
52462.511    0.093      1872.588          059003.000054   059003.000249          1.0000  cm-1
52445.368    0.392      9349.049          059003.000446   059003.000601 P        0.0000  cm-1
52445.368    0.392      9349.049          059003.000149   059003.000660          1.0000  cm-1
52412.189    0.089      3728.901          059003.000111   059003.000279          1.0000  cm-1
52376.525    0.093      278802.397        059003.000070   059003.000263          1.0000  cm-1
52370.551    0.091      185774.005        059003.000633   059003.000586 P        0.0000  cm-1
52370.551    0.091      185774.005        059003.000079   059003.000269          1.0000  cm-1
52370.551    0.091      185774.005        059003.000223   059003.000675 P        0.0000  cm-1
52358.940    0.090      2783.800          059003.000089   059003.000273          1.0000  cm-1
52349.473    0.090      1854.335          059003.000047   059003.000236          1.0000  cm-1
52349.473    0.090      1854.335          059003.000298   059003.000602 P        0.0000  cm-1
52349.473    0.090      1854.335          059003.000176   059003.000309 P        0.0000  cm-1
52321.472    0.504      2774.832          059003.000633   059003.000578 P        0.0000  cm-1
52321.472    0.504      2774.832          059003.000445   059003.000581 P        0.0000  cm-1
52321.472    0.504      2774.832          059003.000142   059003.000450          1.0000  cm-1
52321.472    0.504      2774.832          059003.000633   059003.000581 P        0.0000  cm-1
52321.472    0.504      2774.832          059003.000093   059003.000277 P        0.0000  cm-1
52321.472    0.504      2774.832          059003.000633   059003.000580 P        0.0000  cm-1
52283.583    0.091      18437.334         059003.000069   059003.000262          1.0000  cm-1
52266.186    0.391      92047.955         059003.000063   059003.000631          1.0000  cm-1
52257.037    0.090      919.739           059003.000119   059003.000286          1.0000  cm-1
52247.615    0.090      64329.367         059003.000131   059003.000445          1.0000  cm-1
52228.105    0.089      1834.848          059003.000119   059003.000285          1.0000  cm-1
52228.105    0.089      1834.848          059003.000299   059003.000600 P        0.0000  cm-1
52211.274    0.090      916.082           059003.000442   059003.000419 P        0.0000  cm-1
52189.317    0.092      45715.910         059003.000046   059003.000237          1.0000  cm-1
52171.917    0.149      3651.750          059003.000135   059003.000295          1.0000  cm-1
52159.401    0.090      911.939           059003.000272   059003.000683          1.0000  cm-1
52122.400    0.088      90898.967         059003.000073   059003.000265          1.0000  cm-1
52106.189    0.090      27230.778         059003.000106   059003.000442 P        0.0000  cm-1
52106.189    0.090      27230.778         059003.000073   059003.000264          1.0000  cm-1
52035.711    0.093      45104.571         059003.000072   059003.000263          1.0000  cm-1
52032.920    0.228      1803.903          059003.000161   059003.000629          1.0000  cm-1
52027.961    0.317      9014.819          059003.000150   059003.000660          0.4274  cm-1
52027.961    0.317      9014.819          059003.000054   059003.000247          0.0374  cm-1
52027.961    0.317      9014.819          059003.000095   059003.000274          0.5351  cm-1
52024.436    0.101      18024.011         059003.000085   059003.000270          1.0000  cm-1
52018.607    0.088      900.738           059003.000041   059003.000219          1.0000  cm-1
52018.607    0.088      900.738           059003.000295   059003.000428 P        0.0000  cm-1
52016.821    0.090      2701.794          059003.000115   059003.000281          1.0000  cm-1
52010.659    0.093      180021.081        059003.000041   059003.000218          1.0000  cm-1
51992.345    0.096      269597.513        059003.000096   059003.000276          1.0000  cm-1
51992.345    0.096      269597.513        059003.000445   059003.000636 P        0.0000  cm-1
51963.007    0.091      26890.169         059003.000097   059003.000275          1.0000  cm-1
51943.159    0.089      8947.766          059003.000121   059003.000286          1.0000  cm-1
51932.057    0.390      2681.807          059003.000182   059003.000644          1.0000  cm-1
51897.291    0.088      2673.492          059003.000047   059003.000233          1.0000  cm-1
51891.669    0.090      267214.961        059003.000072   059003.000262          1.0000  cm-1
51876.004    0.093      3557.926          059003.000046   059003.000230          1.0000  cm-1
51873.408    0.093      17785.565         059003.000050   059003.000234          1.0000  cm-1
51872.018    0.087      17783.572         059003.000088   059003.000436          1.0000  cm-1
51860.587    0.090      6217.959          059003.000108   059003.000442          1.0000  cm-1
51821.398    0.088      26555.970         059003.000047   059003.000232          1.0000  cm-1
51815.673    0.091      17694.960         059003.000449   059003.000602 P        0.0000  cm-1
51815.673    0.091      17694.960         059003.000054   059003.000243          1.0000  cm-1
51815.673    0.091      17694.960         059003.000054   059003.000433 P        0.0000  cm-1
51813.319    0.096      2653.732          059003.000665   059003.000604 P        0.0000  cm-1
51813.319    0.096      2653.732          059003.000276   059003.000683          1.0000  cm-1
51804.143    0.087      8838.452          059003.000060   059003.000253          1.0000  cm-1
51791.614    0.089      35314.780         059003.000202   059003.000563          0.4573  cm-1
51791.614    0.089      35314.780         059003.000123   059003.000286          0.5427  cm-1
51776.758    0.087      881.705           059003.000241   059003.000681          1.0000  cm-1
51766.922    0.401      4404.631          059003.000083   059003.000267          1.0000  cm-1
51755.157    0.394      4400.001          059003.000120   059003.000284          0.2781  cm-1
51755.157    0.394      4400.001          059003.000165   059003.000629          0.7219  cm-1
51736.552    0.088      7028.434          059003.000064   059003.000256          1.0000  cm-1
51720.009    0.090      877.261           059003.000073   059003.000262          1.0000  cm-1
51712.307    0.233      87666.805         059003.000069   059003.000258          1.0000  cm-1
51709.985    0.107      8764.803          059003.000150   059003.000303          1.0000  cm-1
51671.426    0.109      873.513           059003.000161   059003.000306          1.0000  cm-1
51663.942    0.088      26186.815         059003.000073   059003.000261          1.0000  cm-1
51640.236    0.094      2613.140          059003.000244   059003.000681 P        0.0000  cm-1
51640.236    0.094      2613.140          059003.000126   059003.000289          1.0000  cm-1
51635.369    0.088      34826.865         059003.000047   059003.000229          1.0000  cm-1
51622.896    0.090      8697.023          059003.000062   059003.000255          1.0000  cm-1
51622.896    0.090      8697.023          059003.000299   059003.000677 P        0.0000  cm-1
51622.896    0.090      8697.023          059003.000137   059003.000641 P        0.0000  cm-1
51606.869    0.086      17369.274         059003.000074   059003.000647          1.0000  cm-1
51568.556    0.095      8655.028          059003.000234   059003.000565          1.0000  cm-1
51565.081    0.093      86521.843         059003.000145   059003.000451          1.0000  cm-1
51525.923    0.087      1724.389          059003.000100   059003.000674          1.0000  cm-1
51523.828    0.090      4310.122          059003.000282   059003.000575 P        0.0000  cm-1
51523.828    0.090      4310.122          059003.000050   059003.000237          1.0000  cm-1
51521.679    0.089      1723.733          059003.000104   059003.000438          1.0000  cm-1
51513.252    0.090      1722.421          059003.000073   059003.000259          0.3612  cm-1
51513.252    0.090      1722.421          059003.000042   059003.000219          0.6388  cm-1
51505.207    0.092      86058.370         059003.000042   059003.000218          1.0000  cm-1
51494.907    0.093      1719.599          059003.000082   059003.000266          1.0000  cm-1
51460.218    0.086      25713.751         059003.000066   059003.000257          1.0000  cm-1
51460.218    0.086      25713.751         059003.000222   059003.000667 P        0.0000  cm-1
51449.578    0.089      3425.223          059003.000099   059003.000272          1.0000  cm-1
51444.754    0.087      6847.429          059003.000064   059003.000255          1.0000  cm-1
51412.584    0.091      853.451           059003.000057   059003.000246          1.0000  cm-1
51396.690    0.087      1704.495          059003.000252   059003.000684          1.0000  cm-1
51376.501    0.086      68054.800         059003.000045   059003.000224          1.0000  cm-1
51376.501    0.086      68054.800         059003.000074   059003.000261 P        0.0000  cm-1
51365.911    0.094      2549.549          059003.000146   059003.000451          1.0000  cm-1
51363.806    0.090      849.708           059003.000101   059003.000275 P        0.0000  cm-1
51363.806    0.090      849.708           059003.000045   059003.000223          1.0000  cm-1
51363.806    0.090      849.708           059003.000262   059003.000680 P        0.0000  cm-1
51363.806    0.090      849.708           059003.000303   059003.000618 P        0.0000  cm-1
51360.230    0.090      8494.329          059003.000060   059003.000250          1.0000  cm-1
51360.230    0.090      8494.329          059003.000303   059003.000617 P        0.0000  cm-1
51325.177    0.089      8467.526          059003.000119   059003.000281          1.0000  cm-1
51304.393    0.087      50709.500         059003.000041   059003.000213          1.0000  cm-1
51304.393    0.087      50709.500         059003.000289   059003.000648 P        0.0000  cm-1
51288.513    0.087      84394.619         059003.000046   059003.000226          1.0000  cm-1
51288.513    0.087      84394.619         059003.000238   059003.000565 P        0.0000  cm-1
51259.414    0.088      841.729           059003.000053   059003.000236          1.0000  cm-1
51255.004    0.386      168284.254        059003.000142   059003.000665          1.0000  cm-1
51255.004    0.386      168284.254        059003.000093   059003.000437 P        0.0000  cm-1
51255.004    0.386      168284.254        059003.000140   059003.000643 P        0.0000  cm-1
51230.366    0.086      1679.042          059003.000101   059003.000674          1.0000  cm-1
51219.216    0.086      838.668           059003.000263   059003.000680 P        0.0000  cm-1
51219.216    0.086      838.668           059003.000063   059003.000253          1.0000  cm-1
51194.886    0.088      4184.112          059003.000106   059003.000438          1.0000  cm-1
51189.382    0.086      16728.085         059003.000153   059003.000660          1.0000  cm-1
51174.768    0.088      1670.577          059003.000060   059003.000248          1.0000  cm-1
51171.958    0.086      33403.247         059003.000102   059003.000674          1.0000  cm-1
51167.094    0.086      16694.081         059003.000064   059003.000252          1.0000  cm-1
51167.094    0.086      16694.081         059003.000433   059003.000672 P        0.0000  cm-1
51167.094    0.086      16694.081         059003.000243   059003.000672 P        0.0000  cm-1
51164.778    0.324      50074.020         059003.000256   059003.000566 P        0.0000  cm-1
51164.778    0.324      50074.020         059003.000148   059003.000452          1.0000  cm-1
51163.143    0.093      8344.081          059003.000054   059003.000238          1.0000  cm-1
51144.013    0.090      2498.861          059003.000454   059003.000617 P        0.0000  cm-1
51144.013    0.090      2498.861          059003.000105   059003.000275          1.0000  cm-1
51137.290    0.086      2497.357          059003.000138   059003.000295 P        0.0000  cm-1
51137.290    0.086      2497.357          059003.000138   059003.000641          1.0000  cm-1
51124.971    0.086      12472.791         059003.000057   059003.000241          1.0000  cm-1
51107.333    0.086      4150.876          059003.000046   059003.000225          0.9524  cm-1
51107.333    0.086      4150.876          059003.000540   059003.000645          0.0476  cm-1
51099.727    0.092      16592.240         059003.000148   059003.000451          1.0000  cm-1
51099.727    0.092      16592.240         059003.000104   059003.000274 P        0.0000  cm-1
51097.735    0.093      2488.351          059003.000129   059003.000289          1.0000  cm-1
51096.708    0.096      4976.299          059003.000239   059003.000565          0.5936  cm-1
51096.708    0.096      4976.299          059003.000108   059003.000439          0.4064  cm-1
51089.870    0.086      828.860           059003.000123   059003.000282 P        0.0000  cm-1
51089.870    0.086      828.860           059003.000105   059003.000274          1.0000  cm-1
51089.870    0.086      828.860           059003.000134   059003.000633 P        0.0000  cm-1
51089.870    0.086      828.860           059003.000296   059003.000664 P        0.0000  cm-1
51075.043    0.092      2483.210          059003.000062   059003.000251          1.0000  cm-1
51075.043    0.092      2483.210          059003.000152   059003.000453 P        0.0000  cm-1
51072.518    0.085      827.554           059003.000454   059003.000611 P        0.0000  cm-1
51072.518    0.085      827.554           059003.000069   059003.000257          1.0000  cm-1
51071.309    0.241      1654.902          059003.000140   059003.000447          1.0000  cm-1
51071.309    0.241      1654.902          059003.000075   059003.000259 P        0.0000  cm-1
51062.565    0.090      82679.349         059003.000046   059003.000223          1.0000  cm-1
51062.565    0.090      82679.349         059003.000641   059003.000589 P        0.0000  cm-1
51062.565    0.090      82679.349         059003.000295   059003.000589 P        0.0000  cm-1
51062.565    0.090      82679.349         059003.000454   059003.000607 P        0.0000  cm-1
51054.722    0.099      1652.407          059003.000089   059003.000270          1.0000  cm-1
51054.722    0.099      1652.407          059003.000295   059003.000588 P        0.0000  cm-1
51054.722    0.099      1652.407          059003.000660   059003.000619 P        0.0000  cm-1
51023.524    0.390      8238.730          059003.000181   059003.000313          0.4813  cm-1
51023.524    0.390      8238.730          059003.000182   059003.000313          0.5187  cm-1
51021.442    0.085      24711.067         059003.000070   059003.000257          1.0000  cm-1
51001.331    0.086      8221.865          059003.000111   059003.000440          1.0000  cm-1
50987.521    0.085      2463.450          059003.000283   059003.000652 P        0.0000  cm-1
50987.521    0.085      2463.450          059003.000146   059003.000676          1.0000  cm-1
50970.411    0.086      163970.652        059003.000041   059003.000212          1.0000  cm-1
50957.561    0.088      8188.997          059003.000146   059003.000450 P        0.0000  cm-1
50957.561    0.088      8188.997          059003.000112   059003.000278          1.0000  cm-1
50949.022    0.088      3273.036          059003.000085   059003.000266          0.1519  cm-1
50949.022    0.088      3273.036          059003.000108   059003.000438          0.8481  cm-1
50932.178    0.086      81698.626         059003.000140   059003.000298          1.0000  cm-1
50923.622    0.130      16326.903         059003.000062   059003.000250          1.0000  cm-1
50922.182    0.127      81623.797         059003.000041   059003.000211          1.0000  cm-1
50922.182    0.127      81623.797         059003.000291   059003.000632 P        0.0000  cm-1
50918.825    0.085      1631.991          059003.000076   059003.000647          1.0000  cm-1
50917.292    0.086      1631.746          059003.000060   059003.000247          1.0000  cm-1
50865.576    0.087      64960.543         059003.000060   059003.000245          1.0000  cm-1
50865.576    0.087      64960.543         059003.000289   059003.000421 P        0.0000  cm-1
50859.420    0.318      32461.872         059003.000123   059003.000281          1.0000  cm-1
50859.420    0.318      32461.872         059003.000155   059003.000303 P        0.0000  cm-1
50859.420    0.318      32461.872         059003.000088   059003.000268 P        0.0000  cm-1
50851.833    0.087      2432.938          059003.000106   059003.000276 P        0.0000  cm-1
50851.833    0.087      2432.938          059003.000099   059003.000437          1.0000  cm-1
50846.355    0.085      1621.155          059003.000656   059003.000677 P        0.0000  cm-1
50846.355    0.085      1621.155          059003.000078   059003.000265          1.0000  cm-1
50832.839    0.087      809.570           059003.000104   059003.000272          1.0000  cm-1
50829.223    0.085      809.300           059003.000135   059003.000633          1.0000  cm-1
50827.229    0.086      16183.149         059003.000256   059003.000684          1.0000  cm-1
50823.150    0.087      8088.473          059003.000105   059003.000272          1.0000  cm-1
50807.215    0.086      32306.281         059003.000053   059003.000233          1.0000  cm-1
50799.346    0.087      48424.468         059003.000296   059003.000578 P        0.0000  cm-1
50799.346    0.087      48424.468         059003.000114   059003.000442          1.0000  cm-1
50799.346    0.087      48424.468         059003.000239   059003.000678 P        0.0000  cm-1
50799.346    0.087      48424.468         059003.000291   059003.000576 P        0.0000  cm-1
50775.164    0.085      8052.748          059003.000063   059003.000250          0.0975  cm-1
50775.164    0.085      8052.748          059003.000099   059003.000436          0.9025  cm-1
50770.568    0.086      16098.521         059003.000059   059003.000242          1.0000  cm-1
50770.568    0.086      16098.521         059003.000142   059003.000300 P        0.0000  cm-1
50766.884    0.086      32186.245         059003.000063   059003.000249          1.0000  cm-1
50759.099    0.106      804.082           059003.000173   059003.000307          1.0000  cm-1
50746.806    0.088      64252.818         059003.000041   059003.000210          1.0000  cm-1
50746.806    0.088      64252.818         059003.000450   059003.000604 P        0.0000  cm-1
50729.306    0.088      3207.484          059003.000241   059003.000565          1.0000  cm-1
50728.371    0.092      3207.186          059003.000108   059003.000277          1.0000  cm-1
50719.381    0.089      160226.155        059003.000047   059003.000432          1.0000  cm-1
50716.962    0.086      12014.275         059003.000053   059003.000231          1.0000  cm-1
50712.198    0.087      1601.206          059003.000098   059003.000271          1.0000  cm-1
50704.888    0.085      24001.686         059003.000060   059003.000243          1.0000  cm-1
50694.238    0.085      3996.313          059003.000049   059003.000226          1.0000  cm-1
50688.000    0.086      7988.062          059003.000229   059003.000667 P        0.0000  cm-1
50688.000    0.086      7988.062          059003.000076   059003.000261          1.0000  cm-1
50674.918    0.087      7978.372          059003.000126   059003.000286          1.0000  cm-1
50669.189    0.086      1594.828          059003.000069   059003.000256          1.0000  cm-1
50621.966    0.088      2381.823          059003.000208   059003.000563          0.2149  cm-1
50621.966    0.088      2381.823          059003.000217   059003.000564          0.7851  cm-1
50618.093    0.085      158728.523        059003.000070   059003.000256          1.0000  cm-1
50612.797    0.108      3173.060          059003.000238   059003.000675 P        0.0000  cm-1
50612.797    0.108      3173.060          059003.000439   059003.000570          1.0000  cm-1
50612.797    0.108      3173.060          059003.000304   059003.000614 P        0.0000  cm-1
50612.797    0.108      3173.060          059003.000304   059003.000613 P        0.0000  cm-1
50610.897    0.086      1586.273          059003.000173   059003.000629 P        0.0000  cm-1
50610.897    0.086      1586.273          059003.000060   059003.000241          0.2109  cm-1
50610.897    0.086      1586.273          059003.000142   059003.000298          0.7891  cm-1
50545.289    0.086      157657.435        059003.000446   059003.000664 P        0.0000  cm-1
50545.289    0.086      157657.435        059003.000281   059003.000571 P        0.0000  cm-1
50545.289    0.086      157657.435        059003.000053   059003.000229          1.0000  cm-1
50513.053    0.085      15718.351         059003.000049   059003.000225          1.0000  cm-1
50511.445    0.383      3929.093          059003.000250   059003.000672          1.0000  cm-1
50511.445    0.383      3929.093          059003.000127   059003.000286 P        0.0000  cm-1
50511.445    0.383      3929.093          059003.000285   059003.000652 P        0.0000  cm-1
50499.797    0.349      78498.493         059003.000161   059003.000305          1.0000  cm-1
50499.797    0.349      78498.493         059003.000158   059003.000303 P        0.0000  cm-1
50497.871    0.090      156961.074        059003.000079   059003.000263          1.0000  cm-1
50483.179    0.094      1567.446          059003.000132   059003.000291          1.0000  cm-1
50480.941    0.088      7835.680          059003.000062   059003.000247          1.0000  cm-1
50480.941    0.088      7835.680          059003.000145   059003.000302 P        0.0000  cm-1
50476.030    0.085      3132.856          059003.000112   059003.000440          1.0000  cm-1
50468.234    0.090      1565.276          059003.000049   059003.000223          0.8979  cm-1
50468.234    0.090      1565.276          059003.000179   059003.000312          0.1021  cm-1
50464.946    0.085      78239.432         059003.000042   059003.000212          1.0000  cm-1
50464.946    0.085      78239.432         059003.000063   059003.000435 P        0.0000  cm-1
50443.294    0.086      780.817           059003.000082   059003.000264          1.0000  cm-1
50441.713    0.085      3903.490          059003.000128   059003.000444 P        0.0000  cm-1
50441.713    0.085      3903.490          059003.000246   059003.000565 P        0.0000  cm-1
50441.713    0.085      3903.490          059003.000050   059003.000225          1.0000  cm-1
50434.125    0.087      1560.307          059003.000091   059003.000269          1.0000  cm-1
50429.218    0.089      233936.941        059003.000062   059003.000245          1.0000  cm-1
50427.025    0.089      1559.265          059003.000054   059003.000233          1.0000  cm-1
50427.025    0.089      1559.265          059003.000197   059003.000671 P        0.0000  cm-1
50420.791    0.088      7791.776          059003.000045   059003.000220          1.0000  cm-1
50397.007    0.089      38871.929         059003.000050   059003.000223          1.0000  cm-1
50397.007    0.089      38871.929         059003.000296   059003.000663 P        0.0000  cm-1
50394.402    0.124      1554.514          059003.000144   059003.000665          1.0000  cm-1
50393.590    0.084      3108.792          059003.000143   059003.000643          1.0000  cm-1
50385.633    0.085      15532.200         059003.000041   059003.000208          1.0000  cm-1
50385.633    0.085      15532.200         059003.000195   059003.000348 P        0.0000  cm-1
50381.146    0.084      7762.920          059003.000539   059003.000631          1.0000  cm-1
50377.334    0.084      776.009           059003.000069   059003.000255          1.0000  cm-1
50352.611    0.317      3871.083          059003.000098   059003.000270 P        0.0000  cm-1
50352.611    0.317      3871.083          059003.000078   059003.000260          1.0000  cm-1
50352.611    0.317      3871.083          059003.000111   059003.000277 P        0.0000  cm-1
50311.309    0.092      30848.330         059003.000062   059003.000244          1.0000  cm-1
50298.449    0.089      231082.872        059003.000045   059003.000218          1.0000  cm-1
50295.579    0.084      7700.784          059003.000244   059003.000678 P        0.0000  cm-1
50284.024    0.087      1538.471          059003.000064   059003.000246          0.6842  cm-1
50284.024    0.087      1538.471          059003.000144   059003.000449          0.3158  cm-1
50282.348    0.090      4614.721          059003.000088   059003.000266          1.0000  cm-1
50268.546    0.087      230434.890        059003.000062   059003.000243          1.0000  cm-1
50260.211    0.086      38375.930         059003.000108   059003.000272          1.0000  cm-1
50213.196    0.086      22923.698         059003.000101   059003.000271          1.0000  cm-1
50210.427    0.300      45835.055         059003.000143   059003.000447 P        0.0000  cm-1
50210.427    0.300      45835.055         059003.000291   059003.000420 P        0.0000  cm-1
50210.427    0.300      45835.055         059003.000150   059003.000676          1.0000  cm-1
50210.427    0.300      45835.055         059003.000298   059003.000588 P        0.0000  cm-1
50210.427    0.300      45835.055         059003.000298   059003.000587 P        0.0000  cm-1
50205.056    0.088      4581.172          059003.000111   059003.000275          1.0000  cm-1
50201.372    0.089      7632.615          059003.000082   059003.000263          1.0000  cm-1
50166.919    0.125      76078.983         059003.000093   059003.000269          1.0000  cm-1
50165.076    0.127      228195.688        059003.000054   059003.000229          1.0000  cm-1
50149.877    0.088      15191.159         059003.000135   059003.000292          1.0000  cm-1
50133.206    0.089      303342.592        059003.000064   059003.000244          1.0000  cm-1
50128.944    0.084      758.061           059003.000235   059003.000667 P        0.0000  cm-1
50119.963    0.085      75741.164         059003.000063   059003.000243          0.0623  cm-1
50119.963    0.085      75741.164         059003.000063   059003.000433          0.9377  cm-1
50100.492    0.084      7560.196          059003.000180   059003.000659          1.0000  cm-1
50100.492    0.084      7560.196          059003.000452   059003.000593 P        0.0000  cm-1
50099.742    0.124      3779.791          059003.000069   059003.000252          1.0000  cm-1
50089.304    0.085      2265.717          059003.000145   059003.000665          1.0000  cm-1
50082.279    0.084      22641.437         059003.000081   059003.000260          1.0000  cm-1
50052.322    0.087      15051.345         059003.000060   059003.000238          1.0000  cm-1
50048.564    0.084      300918.042        059003.000070   059003.000252          1.0000  cm-1
50035.181    0.105      7513.400          059003.000114   059003.000439          1.0000  cm-1
50027.415    0.085      22523.735         059003.000047   059003.000431          1.0000  cm-1
50005.244    0.084      74920.244         059003.000046   059003.000219          1.0000  cm-1
50002.461    0.086      22470.348         059003.000104   059003.000271          1.0000  cm-1
49997.360    0.319      299452.170        059003.000300   059003.000666 P        0.0000  cm-1
49997.360    0.319      299452.170        059003.000046   059003.000218          1.0000  cm-1
49997.360    0.319      299452.170        059003.000067   059003.000250 P        0.0000  cm-1
49997.360    0.319      299452.170        059003.000064   059003.000241 P        0.0000  cm-1
49997.360    0.319      299452.170        059003.000299   059003.000578 P        0.0000  cm-1
49997.360    0.319      299452.170        059003.000300   059003.000582 P        0.0000  cm-1
49988.626    0.084      14960.280         059003.000067   059003.000249          1.0000  cm-1
49985.521    0.084      149558.324        059003.000072   059003.000255          1.0000  cm-1
49980.612    0.089      1494.882          059003.000084   059003.000263          0.8337  cm-1
49980.612    0.089      1494.882          059003.000250   059003.000565          0.1663  cm-1
49974.018    0.084      3734.850          059003.000236   059003.000667          0.1445  cm-1
49974.018    0.084      3734.850          059003.000126   059003.000282          0.8555  cm-1
49964.147    0.084      29850.938         059003.000115   059003.000440          1.0000  cm-1
49961.448    0.086      7460.833          059003.000096   059003.000269          1.0000  cm-1
49954.189    0.097      745.567           059003.000097   059003.000268          1.0000  cm-1
49942.787    0.083      1489.513          059003.000195   059003.000625 P        0.0000  cm-1
49925.277    0.085      7435.080          059003.000083   059003.000261          1.0000  cm-1
49902.612    0.084      14838.097         059003.000540   059003.000260          1.0000  cm-1
49889.962    0.084      7410.082          059003.000146   059003.000665 P        0.0000  cm-1
49889.962    0.084      7410.082          059003.000083   059003.000260          1.0000  cm-1
49889.962    0.084      7410.082          059003.000144   059003.000447 P        0.0000  cm-1
49855.228    0.090      22156.256         059003.000132   059003.000289          1.0000  cm-1
49848.781    0.089      7380.940          059003.000442   059003.000570          1.0000  cm-1
49836.636    0.086      22116.848         059003.000084   059003.000262          1.0000  cm-1
49831.614    0.083      736.881           059003.000106   059003.000436          1.0000  cm-1
49807.521    0.090      14703.463         059003.000062   059003.000239          1.0000  cm-1
49799.349    0.083      7345.997          059003.000053   059003.000224          1.0000  cm-1
49773.549    0.083      29311.280         059003.000053   059003.000222          1.0000  cm-1
49771.839    0.318      29306.386         059003.000060   059003.000234          0.4251  cm-1
49771.839    0.318      29306.386         059003.000047   059003.000217          0.5749  cm-1
49764.556    0.085      3660.771          059003.000448   059003.000586 P        0.0000  cm-1
49764.556    0.085      3660.771          059003.000099   059003.000269          1.0000  cm-1
49761.583    0.101      29278.371         059003.000099   059003.000268          0.4866  cm-1
49761.583    0.101      29278.371         059003.000161   059003.000304          0.5134  cm-1
49753.755    0.084      58511.320         059003.000063   059003.000240          1.0000  cm-1
49743.051    0.086      58450.898         059003.000126   059003.000281          1.0000  cm-1
49726.537    0.318      729.474           059003.000097   059003.000267          1.0000  cm-1
49726.537    0.318      729.474           059003.000080   059003.000258 P        0.0000  cm-1
49717.030    0.083      2186.444          059003.000086   059003.000265          1.0000  cm-1
49717.030    0.083      2186.444          059003.000448   059003.000578 P        0.0000  cm-1
49712.075    0.089      72845.903         059003.000041   059003.000205          1.0000  cm-1
49679.893    0.087      21786.118         059003.000112   059003.000275          1.0000  cm-1
49676.948    0.083      72599.803         059003.000264   059003.000670 P        0.0000  cm-1
49676.948    0.083      72599.803         059003.000045   059003.000215          1.0000  cm-1
49676.948    0.083      72599.803         059003.000449   059003.000588 P        0.0000  cm-1
49655.092    0.083      3622.380          059003.000089   059003.000645          1.0000  cm-1
49642.566    0.083      1447.201          059003.000451   059003.000677 P        0.0000  cm-1
49642.566    0.083      1447.201          059003.000285   059003.000571 P        0.0000  cm-1
49629.344    0.086      72266.937         059003.000076   059003.000631 P        0.0000  cm-1
49629.344    0.086      72266.937         059003.000064   059003.000239          1.0000  cm-1
49622.773    0.089      72220.859         059003.000057   059003.000230          1.0000  cm-1
49621.334    0.083      14442.350         059003.000130   059003.000283          1.0000  cm-1
49615.951    0.090      144347.597        059003.000062   059003.000238          1.0000  cm-1
49613.449    0.085      72156.083         059003.000286   059003.000571 P        0.0000  cm-1
49613.449    0.085      72156.083         059003.000060   059003.000235          1.0000  cm-1
49591.981    0.093      720.065           059003.000045   059003.000213          0.5196  cm-1
49591.981    0.093      720.065           059003.000160   059003.000303          0.4804  cm-1
49587.624    0.089      1439.534          059003.000093   059003.000266          1.0000  cm-1
49585.806    0.082      71964.032         059003.000108   059003.000436          1.0000  cm-1
49585.806    0.082      71964.032         059003.000145   059003.000299 P        0.0000  cm-1
49560.483    0.084      21536.150         059003.000131   059003.000286          1.0000  cm-1
49544.789    0.091      7167.791          059003.000114   059003.000276          1.0000  cm-1
49486.009    0.231      7127.085          059003.000082   059003.000258          1.0000  cm-1
49486.009    0.231      7127.085          059003.000654   059003.000636 P        0.0000  cm-1
49474.493    0.084      711.910           059003.000112   059003.000273          1.0000  cm-1
49467.279    0.083      35570.514         059003.000063   059003.000238          0.4232  cm-1
49467.279    0.083      35570.514         059003.000087   059003.000265          0.5768  cm-1
49455.509    0.084      710.593           059003.000085   059003.000261          1.0000  cm-1
49437.477    0.085      49654.128         059003.000072   059003.000251          1.0000  cm-1
49437.477    0.085      49654.128         059003.000301   059003.000583 P        0.0000  cm-1
49431.669    0.083      141788.221        059003.000129   059003.000282          1.0000  cm-1
49422.235    0.086      7082.919          059003.000125   059003.000279 P        0.0000  cm-1
49422.235    0.086      7082.919          059003.000060   059003.000237          1.0000  cm-1
49411.047    0.083      7075.202          059003.000049   059003.000219          1.0000  cm-1
49399.553    0.545      49473.397         059003.000148   059003.000448          1.0000  cm-1
49394.183    0.088      282542.364        059003.000041   059003.000203          1.0000  cm-1
49393.317    0.126      14126.009         059003.000054   059003.000222          1.0000  cm-1
49384.061    0.083      70566.030         059003.000066   059003.000242          1.0000  cm-1
49375.718    0.083      21152.590         059003.000046   059003.000215          1.0000  cm-1
49358.658    0.128      21116.831         059003.000151   059003.000656          1.0000  cm-1
49341.615    0.083      7027.442          059003.000153   059003.000450 P        0.0000  cm-1
49341.615    0.083      7027.442          059003.000181   059003.000312 P        0.0000  cm-1
49341.615    0.083      7027.442          059003.000067   059003.000243          0.1125  cm-1
49341.615    0.083      7027.442          059003.000067   059003.000433          0.8875  cm-1
49335.499    0.091      7023.199          059003.000062   059003.000234          1.0000  cm-1
49331.764    0.088      210618.691        059003.000050   059003.000218          1.0000  cm-1
49329.388    0.082      28076.350         059003.000078   059003.000631          1.0000  cm-1
49326.618    0.091      2105.119          059003.000042   059003.000206          1.0000  cm-1
49304.700    0.090      28008.610         059003.000085   059003.000259          1.0000  cm-1
49290.971    0.083      69926.427         059003.000046   059003.000213          1.0000  cm-1
49287.278    0.085      3495.108          059003.000179   059003.000311          1.0000  cm-1
49286.574    0.084      1397.933          059003.000111   059003.000437          1.0000  cm-1
49280.368    0.406      209573.700        059003.000255   059003.000565 P        0.0000  cm-1
49280.368    0.406      209573.700        059003.000189   059003.000457          1.0000  cm-1
49280.368    0.406      209573.700        059003.000161   059003.000454 P        0.0000  cm-1
49272.388    0.083      13960.010         059003.000119   059003.000440          0.9258  cm-1
49272.388    0.083      13960.010         059003.000147   059003.000447          0.0742  cm-1
49268.626    0.082      1395.490          059003.000656   059003.000586 P        0.0000  cm-1
49265.815    0.085      4882.820          059003.000073   059003.000251          1.0000  cm-1
49265.815    0.085      4882.820          059003.000084   059003.000258 P        0.0000  cm-1
49258.170    0.083      69701.961         059003.000045   059003.000212          1.0000  cm-1
49230.824    0.084      6951.559          059003.000088   059003.000264          1.0000  cm-1
49225.975    0.083      277930.721        059003.000060   059003.000231          1.0000  cm-1
49223.423    0.083      694.656           059003.000086   059003.000260          1.0000  cm-1
49216.135    0.083      277659.712        059003.000041   059003.000202          1.0000  cm-1
49210.001    0.085      693733.117        059003.000045   059003.000211          1.0000  cm-1
49210.001    0.085      693733.117        059003.000111   059003.000436 P        0.0000  cm-1
49206.703    0.088      277403.437        059003.000042   059003.000205          1.0000  cm-1
49201.227    0.088      138626.804        059003.000059   059003.000230          1.0000  cm-1
49188.296    0.091      69225.187         059003.000057   059003.000227          1.0000  cm-1
49185.388    0.088      34603.215         059003.000167   059003.000304 P        0.0000  cm-1
49185.388    0.088      34603.215         059003.000099   059003.000266          1.0000  cm-1
49183.566    0.317      138387.159        059003.000042   059003.000204          0.1154  cm-1
49183.566    0.317      138387.159        059003.000063   059003.000236          0.8846  cm-1
49183.566    0.317      138387.159        059003.000302   059003.000589 P        0.0000  cm-1
49177.036    0.087      27659.580         059003.000062   059003.000235          1.0000  cm-1
49171.117    0.082      6910.931          059003.000257   059003.000650          1.0000  cm-1
49165.649    0.087      1381426.473       059003.000070   059003.000246          1.0000  cm-1
49159.938    0.085      4832.278          059003.000053   059003.000221          1.0000  cm-1
49159.938    0.085      4832.278          059003.000665   059003.000636 P        0.0000  cm-1
49157.438    0.087      690.155           059003.000064   059003.000234          1.0000  cm-1
49142.724    0.082      68916.325         059003.000079   059003.000257          1.0000  cm-1
49135.095    0.094      6886.453          059003.000163   059003.000660          0.1460  cm-1
49135.095    0.094      6886.453          059003.000105   059003.000268          0.8540  cm-1
49114.683    0.086      68725.176         059003.000073   059003.000250          1.0000  cm-1
49113.626    0.082      687.183           059003.000115   059003.000274 P        0.0000  cm-1
49113.626    0.082      687.183           059003.000150   059003.000665          1.0000  cm-1
49106.076    0.123      13733.463         059003.000073   059003.000249          1.0000  cm-1
49077.992    0.103      2054.326          059003.000173   059003.000305          1.0000  cm-1
49059.018    0.081      683.492           059003.000081   059003.000631          1.0000  cm-1
49051.414    0.081      682.978           059003.000152   059003.000665          1.0000  cm-1
49034.724    0.085      136368.654        059003.000045   059003.000210          1.0000  cm-1
48957.025    0.100      270645.535        059003.000046   059003.000212          0.1508  cm-1
48957.025    0.100      270645.535        059003.000188   059003.000456          0.8492  cm-1
48945.384    0.082      33791.518         059003.000070   059003.000242          1.0000  cm-1
48929.300    0.083      337376.695        059003.000073   059003.000248          0.9019  cm-1
48929.300    0.083      337376.695        059003.000069   059003.000241          0.0981  cm-1
48907.493    0.086      6732.890          059003.000105   059003.000267          1.0000  cm-1
48888.883    0.087      134408.340        059003.000150   059003.000448 P        0.0000  cm-1
48888.883    0.087      134408.340        059003.000042   059003.000203          1.0000  cm-1
48886.466    0.081      1343.767          059003.000149   059003.000298          1.0000  cm-1
48878.023    0.081      6713.241          059003.000070   059003.000241          1.0000  cm-1
48866.652    0.081      6705.639          059003.000083   059003.000631          1.0000  cm-1
48859.580    0.082      13401.643         059003.000131   059003.000282          1.0000  cm-1
48857.961    0.089      6699.832          059003.000087   059003.000259          1.0000  cm-1
48854.060    0.082      46879.976         059003.000057   059003.000225          1.0000  cm-1
48847.128    0.084      1338.520          059003.000115   059003.000272          1.0000  cm-1
48844.196    0.084      669.064           059003.000088   059003.000262 P        0.0000  cm-1
48844.196    0.084      669.064           059003.000119   059003.000438          1.0000  cm-1
48844.196    0.084      669.064           059003.000454   059003.000596 P        0.0000  cm-1
48843.388    0.082      53520.289         059003.000053   059003.000220 P        0.0000  cm-1
48843.388    0.082      53520.289         059003.000072   059003.000247          1.0000  cm-1
48833.295    0.084      13366.736         059003.000657   059003.000619 P        0.0000  cm-1
48833.295    0.084      13366.736         059003.000076   059003.000254          1.0000  cm-1
48824.828    0.086      66776.440         059003.000247   059003.000667 P        0.0000  cm-1
48824.828    0.086      66776.440         059003.000455   059003.000609 P        0.0000  cm-1
48824.828    0.086      66776.440         059003.000289   059003.000572 P        0.0000  cm-1
48824.828    0.086      66776.440         059003.000072   059003.000246          1.0000  cm-1
48824.828    0.086      66776.440         059003.000657   059003.000618 P        0.0000  cm-1
48818.108    0.095      6673.243          059003.000455   059003.000608 P        0.0000  cm-1
48818.108    0.095      6673.243          059003.000074   059003.000249 P        0.0000  cm-1
48818.108    0.095      6673.243          059003.000106   059003.000268          1.0000  cm-1
48813.223    0.102      666.999           059003.000448   059003.000427 P        0.0000  cm-1
48809.336    0.086      66673.219         059003.000057   059003.000223          1.0000  cm-1
48809.336    0.086      66673.219         059003.000660   059003.000600 P        0.0000  cm-1
48807.732    0.085      266650.349        059003.000064   059003.000237          1.0000  cm-1
48789.606    0.085      13308.455         059003.000062   059003.000231          1.0000  cm-1
48779.829    0.088      13295.412         059003.000054   059003.000221          1.0000  cm-1
48766.765    0.090      132779.898        059003.000059   059003.000227          1.0000  cm-1
48766.765    0.090      132779.898        059003.000149   059003.000446 P        0.0000  cm-1
48761.424    0.089      265417.706        059003.000049   059003.000214          1.0000  cm-1
48759.031    0.084      6633.878          059003.000041   059003.000200          1.0000  cm-1
48759.031    0.084      6633.878          059003.000282   059003.000683 P        0.0000  cm-1
48759.031    0.084      6633.878          059003.000229   059003.000564 P        0.0000  cm-1
48739.385    0.082      132417.318        059003.000079   059003.000256          1.0000  cm-1
48733.437    0.084      66168.959         059003.000046   059003.000210          1.0000  cm-1
48731.224    0.082      6615.480          059003.000063   059003.000233          1.0000  cm-1
48729.919    0.081      1984.393          059003.000074   059003.000653          1.0000  cm-1
48728.328    0.081      1984.077          059003.000152   059003.000643          1.0000  cm-1
48722.844    0.085      1321.975          059003.000047   059003.000211          1.0000  cm-1
48710.548    0.317      1320343.467       059003.000042   059003.000202          0.7870  cm-1
48710.548    0.317      1320343.467       059003.000050   059003.000215          0.2130  cm-1
48710.548    0.317      1320343.467       059003.000168   059003.000660 P        0.0000  cm-1
48696.848    0.082      659264.284        059003.000049   059003.000213          1.0000  cm-1
48690.127    0.088      6588.190          059003.000050   059003.000214          1.0000  cm-1
48681.679    0.081      131653.123        059003.000053   059003.000217          1.0000  cm-1
48673.644    0.082      657731.554        059003.000072   059003.000244          0.3558  cm-1
48673.644    0.082      657731.554        059003.000045   059003.000208          0.6442  cm-1
48671.564    0.085      32879.706         059003.000073   059003.000247 P        0.0000  cm-1
48671.564    0.085      32879.706         059003.000075   059003.000250          1.0000  cm-1
48630.665    0.085      65489.354         059003.000132   059003.000284          1.0000  cm-1
48628.625    0.084      19642.922         059003.000150   059003.000300 P        0.0000  cm-1
48628.625    0.084      19642.922         059003.000131   059003.000281          1.0000  cm-1
48625.478    0.082      19636.567         059003.000084   059003.000257 P        0.0000  cm-1
48625.478    0.082      19636.567         059003.000050   059003.000213          1.0000  cm-1
48625.478    0.082      19636.567         059003.000266   059003.000670 P        0.0000  cm-1
48620.066    0.083      3271.002          059003.000073   059003.000245          1.0000  cm-1
48613.721    0.082      6537.787          059003.000059   059003.000226          1.0000  cm-1
48601.843    0.089      65298.250         059003.000151   059003.000300          1.0000  cm-1
48601.843    0.089      65298.250         059003.000145   059003.000295 P        0.0000  cm-1
48582.621    0.091      6517.141          059003.000076   059003.000253 P        0.0000  cm-1
48582.621    0.091      6517.141          059003.000151   059003.000299          1.0000  cm-1
48575.303    0.083      19537.839         059003.000108   059003.000269          1.0000  cm-1
48572.167    0.095      39063.320         059003.000108   059003.000268          1.0000  cm-1
48561.690    0.085      2601439.924       059003.000069   059003.000239          0.6031  cm-1
48561.690    0.085      2601439.924       059003.000091   059003.000263          0.3969  cm-1
48546.412    0.082      6493.606          059003.000153   059003.000656          0.9171  cm-1
48546.412    0.082      6493.606          059003.000152   059003.000447          0.0829  cm-1
48530.491    0.084      19449.419         059003.000047   059003.000209          1.0000  cm-1
48530.491    0.084      19449.419         059003.000121   059003.000438 P        0.0000  cm-1
48528.794    0.083      6482.105          059003.000112   059003.000271          1.0000  cm-1
48526.294    0.102      12960.816         059003.000123   059003.000439          1.0000  cm-1
48510.444    0.085      51760.048         059003.000041   059003.000199          1.0000  cm-1
48486.029    0.318      129081.516        059003.000167   059003.000303 P        0.0000  cm-1
48486.029    0.318      129081.516        059003.000075   059003.000248          0.8579  cm-1
48486.029    0.318      129081.516        059003.000089   059003.000261          0.1421  cm-1
48476.350    0.085      128954.711        059003.000172   059003.000304 P        0.0000  cm-1
48476.350    0.085      128954.711        059003.000119   059003.000275          1.0000  cm-1
48469.470    0.082      2577.308          059003.000063   059003.000229          1.0000  cm-1
48461.958    0.080      1931.524          059003.000095   059003.000265          1.0000  cm-1
48459.350    0.081      643.666           059003.000539   059003.000434 P        0.0000  cm-1
48459.350    0.081      643.666           059003.000073   059003.000243          1.0000  cm-1
48459.350    0.081      643.666           059003.000073   059003.000433 P        0.0000  cm-1
48455.215    0.080      1286.803          059003.000101   059003.000645          1.0000  cm-1
48450.499    0.081      3215.469          059003.000089   059003.000260          1.0000  cm-1
48445.655    0.082      6427.725          059003.000095   059003.000264          1.0000  cm-1
48442.954    0.081      1285.193          059003.000082   059003.000256          1.0000  cm-1
48442.954    0.081      1285.193          059003.000676   059003.000586 P        0.0000  cm-1
48442.954    0.081      1285.193          059003.000676   059003.000585 P        0.0000  cm-1
48432.558    0.081      641916.259        059003.000059   059003.000225          1.0000  cm-1
48422.140    0.081      3206.215          059003.000262   059003.000681 P        0.0000  cm-1
48422.140    0.081      3206.215          059003.000119   059003.000274          1.0000  cm-1
48405.316    0.082      192044.508        059003.000067   059003.000236          1.0000  cm-1
48396.474    0.080      6395.773          059003.000102   059003.000645          1.0000  cm-1
48378.585    0.083      127683.077        059003.000123   059003.000438          1.0000  cm-1
48362.869    0.081      127477.195        059003.000049   059003.000212          1.0000  cm-1
48362.869    0.081      127477.195        059003.000304   059003.000597 P        0.0000  cm-1
48350.049    0.091      127310.773        059003.000154   059003.000301          0.7734  cm-1
48350.049    0.091      127310.773        059003.000150   059003.000446          0.2266  cm-1
48342.917    0.080      19083.074         059003.000097   059003.000265          1.0000  cm-1
48326.674    0.082      31752.264         059003.000097   059003.000264          1.0000  cm-1
48308.354    0.080      253544.602        059003.000060   059003.000224          1.0000  cm-1
48301.460    0.085      31670.758         059003.000054   059003.000217          1.0000  cm-1
48294.235    0.085      126589.274        059003.000158   059003.000302          0.1758  cm-1
48294.235    0.085      126589.274        059003.000093   059003.000263          0.8242  cm-1
48294.235    0.085      126589.274        059003.000195   059003.000553 P        0.0000  cm-1
48294.235    0.085      126589.274        059003.000143   059003.000293 P        0.0000  cm-1
48291.500    0.081      31638.370         059003.000050   059003.000212          1.0000  cm-1
48273.514    0.230      3158.081          059003.000088   059003.000258          1.0000  cm-1
48262.847    0.083      50474.269         059003.000081   059003.000254          1.0000  cm-1
48262.847    0.083      50474.269         059003.000155   059003.000665 P        0.0000  cm-1
48250.292    0.082      252045.350        059003.000067   059003.000235          1.0000  cm-1
48249.127    0.080      9450.665          059003.000115   059003.000437 P        0.0000  cm-1
48242.005    0.087      6295.857          059003.000106   059003.000266          1.0000  cm-1
48242.005    0.087      6295.857          059003.000307   059003.000617 P        0.0000  cm-1
48234.353    0.080      1887.279          059003.000095   059003.000647          1.0000  cm-1
48228.703    0.081      125744.655        059003.000139   059003.000291 P        0.0000  cm-1
48228.703    0.081      125744.655        059003.000075   059003.000247          1.0000  cm-1
48222.247    0.081      12566.182         059003.000084   059003.000256          1.0000  cm-1
48196.317    0.094      3133.242          059003.000111   059003.000268          1.0000  cm-1
48175.540    0.082      312656.761        059003.000047   059003.000207          1.0000  cm-1
48169.956    0.082      187485.215        059003.000112   059003.000270 P        0.0000  cm-1
48169.956    0.082      187485.215        059003.000072   059003.000239          0.6337  cm-1
48169.956    0.082      187485.215        059003.000079   059003.000252          0.3663  cm-1
48161.332    0.082      62440.483         059003.000181   059003.000311          1.0000  cm-1
48157.992    0.088      1872.559          059003.000123   059003.000277          1.0000  cm-1
48150.237    0.083      124737.502        059003.000093   059003.000262          1.0000  cm-1
48138.768    0.084      1868.856          059003.000076   059003.000250          1.0000  cm-1
48136.072    0.080      24911.371         059003.000080   059003.000253          1.0000  cm-1
48133.929    0.082      37358.713         059003.000099   059003.000264          1.0000  cm-1
48113.414    0.090      1864.018          059003.000266   059003.000566          1.0000  cm-1
48112.016    0.081      12424.929         059003.000135   059003.000285          1.0000  cm-1
48108.399    0.081      12420.317         059003.000159   059003.000302          0.1866  cm-1
48108.399    0.081      12420.317         059003.000121   059003.000274          0.8134  cm-1
48099.772    0.080      620.462           059003.000053   059003.000215          1.0000  cm-1
48090.051    0.086      185952.080        059003.000069   059003.000234          1.0000  cm-1
48088.765    0.085      61975.797         059003.000096   059003.000263          1.0000  cm-1
48070.532    0.082      18558.115         059003.000083   059003.000254          1.0000  cm-1
48035.820    0.089      1232.776          059003.000123   059003.000276          1.0000  cm-1
48035.820    0.089      1232.776          059003.000451   059003.000582 P        0.0000  cm-1
48015.764    0.080      1845.361          059003.000075   059003.000243 P        0.0000  cm-1
48015.764    0.080      1845.361          059003.000098   059003.000647 P        0.0000  cm-1
48015.764    0.080      1845.361          059003.000451   059003.000581 P        0.0000  cm-1
48012.200    0.080      1844.672          059003.000081   059003.000253          1.0000  cm-1
48005.058    0.084      245773.011        059003.000042   059003.000199          1.0000  cm-1
47998.377    0.083      614.010           059003.000073   059003.000239          1.0000  cm-1
47996.153    0.086      613.876           059003.000108   059003.000266          1.0000  cm-1
47996.153    0.086      613.876           059003.000194   059003.000548 P        0.0000  cm-1
47976.947    0.080      36758.985         059003.000045   059003.000204          1.0000  cm-1
47968.723    0.318      1836.397          059003.000111   059003.000267          0.7796  cm-1
47968.723    0.318      1836.397          059003.000095   059003.000260          0.2204  cm-1
47956.057    0.082      18340.086         059003.000128   059003.000278          1.0000  cm-1
47922.365    0.079      6092.070          059003.000075   059003.000241          1.0000  cm-1
47911.078    0.080      2434.000          059003.000256   059003.000655          1.0000  cm-1
47908.865    0.079      2433.420          059003.000157   059003.000643          1.0000  cm-1
47907.006    0.080      2432.917          059003.000064   059003.000226          1.0000  cm-1
47891.969    0.085      3036.409          059003.000099   059003.000263          1.0000  cm-1
47884.897    0.086      242737.020        059003.000054   059003.000216          1.0000  cm-1
47884.897    0.086      242737.020        059003.000097   059003.000261 P        0.0000  cm-1
47875.226    0.083      6062.319          059003.000138   059003.000288          1.0000  cm-1
47875.226    0.083      6062.319          059003.000179   059003.000309 P        0.0000  cm-1
47873.467    0.080      1212.236          059003.000082   059003.000252          1.0000  cm-1
47862.924    0.080      3027.288          059003.000067   059003.000231          1.0000  cm-1
47859.158    0.087      6052.172          059003.000062   059003.000223          1.0000  cm-1
47852.831    0.088      604.827           059003.000095   059003.000259          1.0000  cm-1
47843.572    0.083      12084.769         059003.000080   059003.000251          1.0000  cm-1
47818.826    0.088      60268.030         059003.000046   059003.000206          1.0000  cm-1
47814.825    0.086      2409728.332       059003.000066   059003.000230          1.0000  cm-1
47806.817    0.083      12038.698         059003.000073   059003.000238          1.0000  cm-1
47805.245    0.080      18055.120         059003.000074   059003.000240          1.0000  cm-1
47789.662    0.082      6008.599          059003.000153   059003.000300          1.0000  cm-1
47757.673    0.080      2994.307          059003.000155   059003.000447          1.0000  cm-1
47752.147    0.080      2394043.829       059003.000057   059003.000219          1.0000  cm-1
47740.283    0.084      239107.698        059003.000069   059003.000237          0.4906  cm-1
47740.283    0.084      239107.698        059003.000156   059003.000299          0.5094  cm-1
47733.851    0.088      11947.507         059003.000097   059003.000259          1.0000  cm-1
47698.830    0.085      238074.205        059003.000046   059003.000205          1.0000  cm-1
47692.225    0.084      3568.641          059003.000080   059003.000250          1.0000  cm-1
47691.144    0.080      118941.981        059003.000067   059003.000229          1.0000  cm-1
47691.144    0.080      118941.981        059003.000305   059003.000600 P        0.0000  cm-1
47689.757    0.082      2973.139          059003.000123   059003.000272          1.0000  cm-1
47687.594    0.082      2972.467          059003.000254   059003.000667          1.0000  cm-1
47685.550    0.079      2971.831          059003.000627   059003.000619 P        0.0000  cm-1
47685.550    0.079      2971.831          059003.000102   059003.000265          1.0000  cm-1
47683.670    0.080      23769.829         059003.000080   059003.000249          1.0000  cm-1
47683.670    0.080      23769.829         059003.000451   059003.000636 P        0.0000  cm-1
47683.670    0.080      23769.829         059003.000255   059003.000667 P        0.0000  cm-1
47682.062    0.085      59414.103         059003.000045   059003.000203          1.0000  cm-1
47680.911    0.084      11881.409         059003.000064   059003.000223          1.0000  cm-1
47675.730    0.080      296873.396        059003.000046   059003.000204          1.0000  cm-1
47673.577    0.084      593622.459        059003.000041   059003.000198          1.0000  cm-1
47669.040    0.082      59333.279         059003.000060   059003.000221          1.0000  cm-1
47658.370    0.094      2963.355          059003.000304   059003.000429 P        0.0000  cm-1
47658.370    0.094      2963.355          059003.000115   059003.000270          1.0000  cm-1
47652.752    0.080      59232.147         059003.000084   059003.000252          1.0000  cm-1
47644.094    0.081      11835.717         059003.000076   059003.000245          1.0000  cm-1
47632.811    0.083      118216.708        059003.000053   059003.000211          1.0000  cm-1
47624.642    0.082      29529.227         059003.000130   059003.000278          1.0000  cm-1
47624.642    0.082      29529.227         059003.000305   059003.000597 P        0.0000  cm-1
47620.307    0.086      2951.580          059003.000111   059003.000266          1.0000  cm-1
47581.719    0.090      1175.856          059003.000259   059003.000565          1.0000  cm-1
47578.847    0.230      58775.079         059003.000093   059003.000258          1.0000  cm-1
47576.658    0.080      5876.121          059003.000158   059003.000654          1.0000  cm-1
47562.688    0.087      1760.258          059003.000152   059003.000295          0.2627  cm-1
47562.688    0.087      1760.258          059003.000152   059003.000641          0.4538  cm-1
47562.688    0.087      1760.258          059003.000144   059003.000445          0.2835  cm-1
47553.361    0.083      11723.471         059003.000063   059003.000432          1.0000  cm-1
47540.859    0.087      1756.229          059003.000099   059003.000259          1.0000  cm-1
47440.261    0.056      509385.903        059003.000053   059003.000209          1.0000  cm-1
47380.008    0.201      2610490.631       059003.000046   059003.000203 P        0.0000  cm-1
47380.008    0.201      2610490.631       059003.000066   059003.000227          1.0000  cm-1
47348.374    0.056      401121.012        059003.000072   059003.000237          1.0000  cm-1
47315.850    0.055      369339.765        059003.000276   059003.000680 P        0.0000  cm-1
47315.850    0.055      369339.765        059003.000120   059003.000437          1.0000  cm-1
47267.418    0.054      327303.332        059003.000160   059003.000656 P        0.0000  cm-1
47252.380    0.222      315342.200        059003.000210   059003.000671 P        0.0000  cm-1
47252.380    0.222      315342.200        059003.000054   059003.000211          1.0000  cm-1
47232.526    0.060      300386.499        059003.000062   059003.000221          1.0000  cm-1
47104.577    0.056      443395.186        059003.000049   059003.000205          1.0000  cm-1
47102.401    0.057      882297.518        059003.000057   059003.000214          1.0000  cm-1
47046.972    0.055      777548.159        059003.000045   059003.000200          1.0000  cm-1
47033.308    0.056      754047.198        059003.000050   059003.000205          1.0000  cm-1
46924.846    0.054      446112.061        059003.000633   059003.000571 P        0.0000  cm-1
46924.846    0.054      446112.061        059003.000075   059003.000235          1.0000  cm-1
46919.375    0.054      146983.114        059003.000067   059003.000222          1.0000  cm-1
46919.375    0.054      146983.114        059003.000126   059003.000276 P        0.0000  cm-1
46803.061    0.054      230975.471        059003.000091   059003.000256          1.0000  cm-1
46798.375    0.055      686380.428        059003.000045   059003.000199          1.0000  cm-1
46788.479    0.054      785045.615        059003.000084   059003.000247          1.0000  cm-1
46788.479    0.054      785045.615        059003.000070   059003.000226 P        0.0000  cm-1
46786.746    0.056      782298.552        059003.000049   059003.000203          1.0000  cm-1
46716.190    0.059      97266.101         059003.000054   059003.000208          1.0000  cm-1
46715.436    0.055      291369.152        059003.000050   059003.000203          1.0000  cm-1
46703.794    0.053      94964.698         059003.000057   059003.000212          1.0000  cm-1
46700.968    0.054      94458.889         059003.000454   059003.000666 P        0.0000  cm-1
46700.968    0.054      94458.889         059003.000086   059003.000249          1.0000  cm-1
46680.791    0.058      817883.890        059003.000059   059003.000214          1.0000  cm-1
46680.791    0.058      817883.890        059003.000454   059003.000578 P        0.0000  cm-1
46672.176    0.056      625846.161        059003.000047   059003.000201          1.0000  cm-1
46658.316    0.053      87096.366         059003.000069   059003.000225          1.0000  cm-1
46651.797    0.058      774313.615        059003.000071   059003.000227          1.0000  cm-1
46600.214    0.053      78225.920         059003.000138   059003.000283          1.0000  cm-1
46562.342    0.055      365184.648        059003.000303   059003.000636 P        0.0000  cm-1
46562.342    0.055      365184.648        059003.000070   059003.000223          1.0000  cm-1
46558.388    0.054      72522.376         059003.000108   059003.000262          1.0000  cm-1
46537.220    0.055      698398.441        059003.000075   059003.000231 P        0.0000  cm-1
46537.220    0.055      698398.441        059003.000050   059003.000202          1.0000  cm-1
46535.865    0.053      69676.989         059003.000448   059003.000421 P        0.0000  cm-1
46535.865    0.053      69676.989         059003.000093   059003.000256          1.0000  cm-1
46497.061    0.054      260399.304        059003.000305   059003.000428 P        0.0000  cm-1
46497.061    0.054      260399.304        059003.000046   059003.000199          1.0000  cm-1
46497.061    0.054      260399.304        059003.000202   059003.000348 P        0.0000  cm-1
46447.514    0.053      239248.081        059003.000072   059003.000226          1.0000  cm-1
46447.514    0.053      239248.081        059003.000437   059003.000566 P        0.0000  cm-1
46390.576    0.054      163243.569        059003.000088   059003.000251          1.0000  cm-1
46377.020    0.056      266125.529        059003.000129   059003.000276          1.0000  cm-1
46233.548    0.053      340398.702        059003.000091   059003.000252          1.0000  cm-1
46233.548    0.053      340398.702        059003.000106   059003.000258 P        0.0000  cm-1
46225.815    0.073      84129.042         059003.000120   059003.000268          1.0000  cm-1
46221.543    0.056      334353.273        059003.000072   059003.000223          1.0000  cm-1
46206.282    0.056      122575.161        059003.000166   059003.000301          1.0000  cm-1
46172.437    0.122      194462.723        059003.000062   059003.000215          1.0000  cm-1
46162.872    0.401      38361.292         059003.000167   059003.000656          1.0000  cm-1
46162.872    0.401      38361.292         059003.000133   059003.000442 P        0.0000  cm-1
46144.153    0.054      74699.925         059003.000082   059003.000238          1.0000  cm-1
46115.019    0.054      143392.253        059003.000084   059003.000239          1.0000  cm-1
46087.662    0.057      34515.623         059003.000062   059003.000213          1.0000  cm-1
46054.046    0.053      98932.310         059003.000086   059003.000433 P        0.0000  cm-1
46054.046    0.053      98932.310         059003.000088   059003.000248          1.0000  cm-1
46043.589    0.053      130075.232        059003.000112   059003.000264          1.0000  cm-1
46024.008    0.053      31687.648         059003.000138   059003.000280          1.0000  cm-1
46024.008    0.053      31687.648         059003.000204   059003.000348 P        0.0000  cm-1
46018.774    0.052      62938.880         059003.000076   059003.000232          1.0000  cm-1
45994.284    0.120      152397.428        059003.000064   059003.000215          1.0000  cm-1
45966.384    0.053      29408.342         059003.000060   059003.000210          1.0000  cm-1
45966.384    0.053      29408.342         059003.000093   059003.000252 P        0.0000  cm-1
45964.821    0.053      29350.881         059003.000087   059003.000245          1.0000  cm-1
45945.560    0.053      28646.307         059003.000080   059003.000235          1.0000  cm-1
45927.167    0.055      83993.885         059003.000131   059003.000277          1.0000  cm-1
45909.469    0.052      164360.128        059003.000064   059003.000213          1.0000  cm-1
45863.824    0.055      25927.971         059003.000082   059003.000234          1.0000  cm-1
45861.038    0.055      25841.464         059003.000045   059003.000197          1.0000  cm-1
45840.322    0.052      25222.239         059003.000155   059003.000293          1.0000  cm-1
45832.778    0.052      25000.931         059003.000261   059003.000667 P        0.0000  cm-1
45832.778    0.052      25000.931         059003.000076   059003.000229          1.0000  cm-1
45831.590    0.055      224690.020        059003.000050   059003.000199          1.0000  cm-1
45827.554    0.052      149098.877        059003.000067   059003.000217          1.0000  cm-1
45760.826    0.053      138263.619        059003.000096   059003.000252          1.0000  cm-1
45754.269    0.053      91512.281         059003.000291   059003.000570 P        0.0000  cm-1
45754.269    0.053      91512.281         059003.000080   059003.000237          1.0000  cm-1
45718.695    0.051      22012.795         059003.000078   059003.000232          1.0000  cm-1
45705.191    0.052      130186.465        059003.000062   059003.000211 P        0.0000  cm-1
45705.191    0.052      130186.465        059003.000082   059003.000235          1.0000  cm-1
45696.045    0.053      107444.808        059003.000093   059003.000251          1.0000  cm-1
45649.762    0.061      102423.591        059003.000120   059003.000266          1.0000  cm-1
45641.261    0.055      162453.217        059003.000114   059003.000263          1.0000  cm-1
45629.223    0.052      20062.543         059003.000083   059003.000235          1.0000  cm-1
45626.918    0.053      20015.812         059003.000088   059003.000244          1.0000  cm-1
45624.892    0.061      39951.728         059003.000132   059003.000439          1.0000  cm-1
45604.985    0.151      19586.084         059003.000060   059003.000208 P        0.0000  cm-1
45604.985    0.151      19586.084         059003.000074   059003.000432          1.0000  cm-1
45601.410    0.052      117104.253        059003.000112   059003.000261          1.0000  cm-1
45575.442    0.051      152247.050        059003.000064   059003.000212          1.0000  cm-1
45565.596    0.056      150817.090        059003.000057   059003.000206          1.0000  cm-1
45559.742    0.056      187473.788        059003.000046   059003.000197          1.0000  cm-1
45558.055    0.051      18718.605         059003.000080   059003.000231          1.0000  cm-1
45556.946    0.054      112190.384        059003.000063   059003.000211          1.0000  cm-1
45556.299    0.053      130809.434        059003.000069   059003.000219          1.0000  cm-1
45546.623    0.058      18516.999         059003.000054   059003.000202          1.0000  cm-1
45532.831    0.051      18280.738         059003.000138   059003.000279 P        0.0000  cm-1
45532.831    0.051      18280.738         059003.000078   059003.000229          1.0000  cm-1
45530.038    0.059      164096.793        059003.000062   059003.000210          1.0000  cm-1
45514.092    0.052      35934.695         059003.000082   059003.000237          1.0000  cm-1
45507.015    0.080      124968.574        059003.000160   059003.000295          1.0000  cm-1
45507.015    0.080      124968.574        059003.000305   059003.000586 P        0.0000  cm-1
45497.178    0.053      176932.620        059003.000079   059003.000230          0.5549  cm-1
45497.178    0.053      176932.620        059003.000114   059003.000262          0.4451  cm-1
45492.456    0.081      17619.175         059003.000310   059003.000607 P        0.0000  cm-1
45486.427    0.052      52570.132         059003.000097   059003.000251          1.0000  cm-1
45448.248    0.051      84723.220         059003.000081   059003.000232          1.0000  cm-1
45405.717    0.059      114395.704        059003.000167   059003.000300          1.0000  cm-1
45386.307    0.052      48244.184         059003.000167   059003.000299          0.1867  cm-1
45386.307    0.052      48244.184         059003.000080   059003.000229          0.8133  cm-1
45386.307    0.052      48244.184         059003.000451   059003.000639 P        0.0000  cm-1
45364.608    0.052      78993.690         059003.000063   059003.000209          1.0000  cm-1
45351.879    0.052      125106.684        059003.000064   059003.000210          1.0000  cm-1
45351.879    0.052      125106.684        059003.000130   059003.000436 P        0.0000  cm-1
45350.637    0.053      124983.278        059003.000091   059003.000246          1.0000  cm-1
45335.033    0.230      15431.287         059003.000097   059003.000250          1.0000  cm-1
45331.929    0.052      30788.606         059003.000083   059003.000233          1.0000  cm-1
45327.627    0.055      153417.103        059003.000041   059003.000195          1.0000  cm-1
45317.848    0.052      30452.445         059003.000085   059003.000234          0.6729  cm-1
45317.848    0.052      30452.445         059003.000082   059003.000231          0.3271  cm-1
45316.454    0.051      15210.006         059003.000173   059003.000656          1.0000  cm-1
45314.475    0.051      91121.440         059003.000085   059003.000236          1.0000  cm-1
45311.536    0.054      151523.535        059003.000041   059003.000194          1.0000  cm-1
45306.343    0.054      120737.284        059003.000046   059003.000196          1.0000  cm-1
45294.368    0.054      134594.052        059003.000066   059003.000214          1.0000  cm-1
45294.368    0.054      134594.052        059003.000304   059003.000427 P        0.0000  cm-1
45293.502    0.054      74726.969         059003.000099   059003.000251 P        0.0000  cm-1
45293.502    0.054      74726.969         059003.000084   059003.000237          1.0000  cm-1
45268.727    0.050      29343.603         059003.000095   059003.000248 P        0.0000  cm-1
45268.727    0.050      29343.603         059003.000540   059003.000232 P        0.0000  cm-1
45266.184    0.055      14643.237         059003.000171   059003.000301          1.0000  cm-1
45262.372    0.051      43808.668         059003.000266   059003.000675 P        0.0000  cm-1
45262.372    0.051      43808.668         059003.000081   059003.000229          1.0000  cm-1
45256.552    0.054      87244.633         059003.000132   059003.000277          1.0000  cm-1
45235.613    0.052      14321.900         059003.000098   059003.000250          1.0000  cm-1
45207.568    0.051      14041.342         059003.000175   059003.000302          1.0000  cm-1
45201.883    0.058      83913.710         059003.000054   059003.000201          1.0000  cm-1
45179.867    0.051      13776.393         059003.000143   059003.000444          1.0000  cm-1
45168.867    0.056      13674.156         059003.000062   059003.000208          0.9728  cm-1
45168.867    0.056      13674.156         059003.000128   059003.000270          0.0272  cm-1
45159.384    0.051      13587.956         059003.000085   059003.000235          1.0000  cm-1
45159.384    0.051      13587.956         059003.000161   059003.000296 P        0.0000  cm-1
45156.413    0.051      67806.464         059003.000072   059003.000218          0.3811  cm-1
45156.413    0.051      67806.464         059003.000135   059003.000440          0.6189  cm-1
45151.495    0.052      27034.677         059003.000087   059003.000238          1.0000  cm-1
45149.777    0.051      27003.869         059003.000097   059003.000248          1.0000  cm-1
45145.401    0.052      26926.140         059003.000115   059003.000262          1.0000  cm-1
45144.037    0.056      134507.205        059003.000059   059003.000206          1.0000  cm-1
45144.037    0.056      134507.205        059003.000095   059003.000435 P        0.0000  cm-1
45142.562    0.052      26875.954         059003.000099   059003.000250          1.0000  cm-1
45127.705    0.054      133090.976        059003.000057   059003.000203          1.0000  cm-1
45122.990    0.052      13268.984         059003.000088   059003.000239          1.0000  cm-1
45117.654    0.051      13224.043         059003.000086   059003.000236          1.0000  cm-1
45106.526    0.050      13131.399         059003.000170   059003.000643          1.0000  cm-1
45102.037    0.052      104751.983        059003.000093   059003.000247          1.0000  cm-1
45089.581    0.058      129927.068        059003.000054   059003.000200          1.0000  cm-1
45089.581    0.058      129927.068        059003.000115   059003.000261 P        0.0000  cm-1
45088.114    0.051      12981.139         059003.000175   059003.000656          1.0000  cm-1
45083.418    0.052      116490.972        059003.000093   059003.000246          1.0000  cm-1
45062.897    0.052      76698.551         059003.000091   059003.000241          0.4876  cm-1
45062.897    0.052      76698.551         059003.000079   059003.000227          0.5124  cm-1
45061.083    0.050      12769.200         059003.000076   059003.000222          1.0000  cm-1
45050.128    0.051      12685.949         059003.000098   059003.000248          1.0000  cm-1
45009.539    0.051      12390.836         059003.000063   059003.000207          1.0000  cm-1
45001.977    0.054      86362.255         059003.000164   059003.000297          1.0000  cm-1
44984.768    0.052      48879.404         059003.000073   059003.000218          1.0000  cm-1
44980.342    0.053      97521.762         059003.000075   059003.000221          1.0000  cm-1
44980.342    0.053      97521.762         059003.000084   059003.000230 P        0.0000  cm-1
44968.262    0.052      60550.923         059003.000085   059003.000237          1.0000  cm-1
44965.653    0.055      120928.446        059003.000049   059003.000197          1.0000  cm-1
44960.144    0.051      72344.941         059003.000105   059003.000253          1.0000  cm-1
44957.127    0.051      60189.676         059003.000172   059003.000448 P        0.0000  cm-1
44957.127    0.051      60189.676         059003.000099   059003.000248          1.0000  cm-1
44945.207    0.069      83735.272         059003.000073   059003.000217          0.2597  cm-1
44945.207    0.069      83735.272         059003.000540   059003.000228          0.7403  cm-1
44936.939    0.070      23820.878         059003.000203   059003.000554 P        0.0000  cm-1
44932.411    0.054      71291.595         059003.000093   059003.000244          1.0000  cm-1
44931.753    0.101      83146.359         059003.000060   059003.000205          0.5256  cm-1
44931.753    0.101      83146.359         059003.000088   059003.000238          0.4744  cm-1
44926.832    0.050      82934.520         059003.000069   059003.000215          1.0000  cm-1
44917.830    0.053      11792.941         059003.000166   059003.000297          1.0000  cm-1
44916.840    0.053      11787.349         059003.000076   059003.000432          1.0000  cm-1
44916.840    0.053      11787.349         059003.000311   059003.000619 P        0.0000  cm-1
44914.919    0.050      70655.274         059003.000089   059003.000240          1.0000  cm-1
44909.760    0.052      93958.471         059003.000079   059003.000226          1.0000  cm-1
44908.831    0.050      70435.759         059003.000060   059003.000204          1.0000  cm-1
44906.548    0.053      35178.118         059003.000069   059003.000214          0.7782  cm-1
44906.548    0.053      35178.118         059003.000133   059003.000276          0.2218  cm-1
44905.913    0.052      82054.131         059003.000164   059003.000296          1.0000  cm-1
44898.335    0.050      70066.927         059003.000106   059003.000255          1.0000  cm-1
44894.356    0.053      81580.685         059003.000050   059003.000197          1.0000  cm-1
44885.478    0.070      34811.925         059003.000126   059003.000268          1.0000  cm-1
44877.939    0.052      80926.738         059003.000096   059003.000246          1.0000  cm-1
44871.253    0.052      11523.562         059003.000087   059003.000234          1.0000  cm-1
44862.191    0.050      68842.842         059003.000085   059003.000233          1.0000  cm-1
44856.358    0.051      68652.955         059003.000437   059003.000650 P        0.0000  cm-1
44856.358    0.051      68652.955         059003.000119   059003.000265          1.0000  cm-1
44855.511    0.054      80059.899         059003.000070   059003.000214          1.0000  cm-1
44842.085    0.050      68192.194         059003.000069   059003.000213          1.0000  cm-1
44840.910    0.300      11359.339         059003.000203   059003.000345 P        0.0000  cm-1
44840.910    0.300      11359.339         059003.000054   059003.000199          0.0952  cm-1
44840.910    0.300      11359.339         059003.000097   059003.000245          0.9048  cm-1
44840.910    0.300      11359.339         059003.000119   059003.000264 P        0.0000  cm-1
44822.248    0.054      112621.826        059003.000042   059003.000195          1.0000  cm-1
44808.148    0.080      11191.563         059003.000448   059003.000649 P        0.0000  cm-1
44804.809    0.049      67049.859         059003.000098   059003.000434          1.0000  cm-1
44798.980    0.050      78022.669         059003.000095   059003.000243 P        0.0000  cm-1
44798.980    0.050      78022.669         059003.000095   059003.000433          1.0000  cm-1
44790.936    0.050      77747.001         059003.000070   059003.000213          1.0000  cm-1
44784.619    0.049      22153.438         059003.000131   059003.000436          1.0000  cm-1
44778.689    0.053      66289.365         059003.000200   059003.000551 P        0.0000  cm-1
44778.689    0.053      66289.365         059003.000067   059003.000211          1.0000  cm-1
44764.195    0.051      65883.663         059003.000448   059003.000651 P        0.0000  cm-1
44764.195    0.051      65883.663         059003.000153   059003.000292          1.0000  cm-1
44752.234    0.051      21852.108         059003.000155   059003.000292          1.0000  cm-1
44740.909    0.050      65252.918         059003.000098   059003.000245          1.0000  cm-1
44728.467    0.050      64925.724         059003.000079   059003.000225          1.0000  cm-1
44728.467    0.050      64925.724         059003.000135   059003.000438 P        0.0000  cm-1
44725.279    0.049      10807.499         059003.000206   059003.000557 P        0.0000  cm-1
44712.606    0.050      10753.429         059003.000087   059003.000235          1.0000  cm-1
44699.658    0.050      74897.540         059003.000099   059003.000247          1.0000  cm-1
44690.357    0.200      10662.007         059003.000143   059003.000283          1.0000  cm-1
44690.357    0.200      10662.007         059003.000656   059003.000652 P        0.0000  cm-1
44683.747    0.053      106352.578        059003.000079   059003.000223          1.0000  cm-1
44680.969    0.052      10624.209         059003.000099   059003.000246          1.0000  cm-1
44677.645    0.051      10611.042         059003.000172   059003.000299          1.0000  cm-1
44669.417    0.050      84632.103         059003.000102   059003.000249          1.0000  cm-1
44667.349    0.051      63425.469         059003.000105   059003.000251          1.0000  cm-1
44657.795    0.053      63205.652         059003.000126   059003.000267          1.0000  cm-1
44657.795    0.053      63205.652         059003.000096   059003.000242 P        0.0000  cm-1
44657.795    0.053      63205.652         059003.000233   059003.000668 P        0.0000  cm-1
44652.606    0.195      10514.735         059003.000108   059003.000255          1.0000  cm-1
44651.081    0.052      21017.817         059003.000088   059003.000234          1.0000  cm-1
44647.868    0.050      104969.781        059003.000099   059003.000245          1.0000  cm-1
44645.411    0.054      10487.610         059003.000134   059003.000276          1.0000  cm-1
44643.067    0.049      20958.404         059003.000106   059003.000253          1.0000  cm-1
44640.736    0.052      104705.356        059003.000050   059003.000196          1.0000  cm-1
44616.678    0.051      51920.360         059003.000078   059003.000432          1.0000  cm-1
44613.906    0.052      62245.341         059003.000060   059003.000203          1.0000  cm-1
44609.338    0.054      20717.119         059003.000441   059003.000566 P        0.0000  cm-1
44604.576    0.049      31026.415         059003.000147   059003.000287          1.0000  cm-1
44600.938    0.051      30989.038         059003.000100   059003.000434          1.0000  cm-1
44600.222    0.050      30981.358         059003.000085   059003.000229          1.0000  cm-1
44598.342    0.049      10320.830         059003.000299   059003.000571 P        0.0000  cm-1
44598.342    0.049      10320.830         059003.000176   059003.000449          1.0000  cm-1
44590.358    0.049      82351.687         059003.000096   059003.000241          1.0000  cm-1
44589.462    0.049      61745.358         059003.000086   059003.000232          1.0000  cm-1
44586.279    0.052      102801.855        059003.000067   059003.000209          1.0000  cm-1
44580.969    0.051      41051.494         059003.000102   059003.000653          1.0000  cm-1
44580.190    0.049      92341.933         059003.000098   059003.000243          0.1427  cm-1
44580.190    0.049      92341.933         059003.000098   059003.000433          0.8573  cm-1
44570.114    0.071      10229.384         059003.000302   059003.000652 P        0.0000  cm-1
44570.114    0.071      10229.384         059003.000145   059003.000286          1.0000  cm-1
44559.740    0.052      10194.558         059003.000173   059003.000300          1.0000  cm-1
44541.520    0.053      70966.939         059003.000075   059003.000218          1.0000  cm-1
44541.520    0.053      70966.939         059003.000145   059003.000285 P        0.0000  cm-1
44540.565    0.053      70946.773         059003.000173   059003.000299          1.0000  cm-1
44534.772    0.049      10117.857         059003.000072   059003.000215          1.0000  cm-1
44530.012    0.051      60621.713         059003.000099   059003.000244          1.0000  cm-1
44528.572    0.050      30298.587         059003.000073   059003.000216          1.0000  cm-1
44528.572    0.050      30298.587         059003.000626   059003.000602 P        0.0000  cm-1
44525.943    0.051      50458.152         059003.000121   059003.000264 P        0.0000  cm-1
44525.943    0.051      50458.152         059003.000104   059003.000250          1.0000  cm-1
44517.278    0.049      10066.485         059003.000104   059003.000249          1.0000  cm-1
44516.380    0.051      20127.600         059003.000081   059003.000224          0.1223  cm-1
44516.380    0.051      20127.600         059003.000105   059003.000250          0.8777  cm-1
44514.640    0.052      70411.127         059003.000072   059003.000214          1.0000  cm-1
44508.055    0.049      80319.663         059003.000069   059003.000212          1.0000  cm-1
44495.357    0.057      20008.982         059003.000448   059003.000572 P        0.0000  cm-1
44495.357    0.057      20008.982         059003.000062   059003.000205          1.0000  cm-1
44493.526    0.243      10001.211         059003.000127   059003.000267          1.0000  cm-1
44492.715    0.051      69980.739         059003.000088   059003.000235          1.0000  cm-1
44489.985    0.049      49949.140         059003.000175   059003.000654          1.0000  cm-1
44487.195    0.049      9982.211          059003.000099   059003.000243          1.0000  cm-1
44476.028    0.049      9952.328          059003.000183   059003.000658 P        0.0000  cm-1
44476.028    0.049      9952.328          059003.000162   059003.000294          1.0000  cm-1
44456.915    0.049      79220.050         059003.000070   059003.000212          1.0000  cm-1
44453.871    0.050      19789.689         059003.000119   059003.000262          1.0000  cm-1
44450.174    0.049      79083.847         059003.000072   059003.000213          1.0000  cm-1
44447.605    0.050      79032.836         059003.000076   059003.000221          1.0000  cm-1
44437.271    0.053      78828.268         059003.000455   059003.000578 P        0.0000  cm-1
44437.271    0.053      78828.268         059003.000064   059003.000206          1.0000  cm-1
44435.837    0.049      68950.533         059003.000060   059003.000202          1.0000  cm-1
44428.625    0.051      88494.673         059003.000093   059003.000239          1.0000  cm-1
44402.190    0.049      78171.727         059003.000113   059003.000257          1.0000  cm-1
44400.175    0.049      87901.695         059003.000082   059003.000224          1.0000  cm-1
44387.289    0.051      58429.872         059003.000082   059003.000223          1.0000  cm-1
44384.403    0.051      77857.525         059003.000053   059003.000198          1.0000  cm-1
44374.345    0.050      67973.999         059003.000123   059003.000264          1.0000  cm-1
44371.116    0.050      48518.855         059003.000146   059003.000286          1.0000  cm-1
44368.850    0.049      48495.625         059003.000144   059003.000283          1.0000  cm-1
44368.850    0.049      48495.625         059003.000197   059003.000336 P        0.0000  cm-1
44367.350    0.049      48480.012         059003.000102   059003.000435          1.0000  cm-1
44363.192    0.049      19374.585         059003.000073   059003.000215          1.0000  cm-1
44356.196    0.051      9672.986          059003.000120   059003.000263          1.0000  cm-1
44346.801    0.053      77232.746         059003.000154   059003.000291          1.0000  cm-1
44344.729    0.049      9650.167          059003.000089   059003.000236          1.0000  cm-1
44342.171    0.049      9645.144          059003.000146   059003.000285          1.0000  cm-1
44331.460    0.049      67371.495         059003.000163   059003.000294          1.0000  cm-1
44331.460    0.049      67371.495         059003.000175   059003.000300 P        0.0000  cm-1
44330.882    0.049      57740.028         059003.000105   059003.000248          1.0000  cm-1
44324.095    0.049      19221.091         059003.000083   059003.000224          1.0000  cm-1
44324.095    0.049      19221.091         059003.000215   059003.000348 P        0.0000  cm-1
44318.312    0.055      76797.316         059003.000156   059003.000291          1.0000  cm-1
44317.259    0.053      76782.581         059003.000064   059003.000205          1.0000  cm-1
44314.139    0.079      9592.216          059003.000181   059003.000306 P        0.0000  cm-1
44309.401    0.059      9583.622          059003.000126   059003.000266          1.0000  cm-1
44305.957    0.049      9577.392          059003.000168   059003.000295 P        0.0000  cm-1
44305.957    0.049      9577.392          059003.000135   059003.000274          1.0000  cm-1
44305.957    0.049      9577.392          059003.000168   059003.000641 P        0.0000  cm-1
44305.957    0.049      9577.392          059003.000101   059003.000434 P        0.0000  cm-1
44301.527    0.050      47847.350         059003.000088   059003.000237          1.0000  cm-1
44300.379    0.050      47837.475         059003.000152   059003.000288          1.0000  cm-1
44298.387    0.049      9563.981          059003.000083   059003.000222          1.0000  cm-1
44286.201    0.050      47715.144         059003.000114   059003.000257          1.0000  cm-1
44284.543    0.050      76320.912         059003.000069   059003.000210          1.0000  cm-1
44282.223    0.049      38145.101         059003.000306   059003.000579 P        0.0000  cm-1
44282.223    0.049      38145.101         059003.000177   059003.000302          1.0000  cm-1
44247.101    0.056      18960.098         059003.000627   059003.000428 P        0.0000  cm-1
44247.101    0.056      18960.098         059003.000119   059003.000259          0.5492  cm-1
44247.101    0.056      18960.098         059003.000102   059003.000434          0.4508  cm-1
44245.579    0.049      9477.733          059003.000155   059003.000290          1.0000  cm-1
44242.172    0.049      18944.978         059003.000067   059003.000208          1.0000  cm-1
44240.602    0.049      28410.581         059003.000074   059003.000216 P        0.0000  cm-1
44240.602    0.049      28410.581         059003.000147   059003.000444          1.0000  cm-1
44224.835    0.049      9447.130          059003.000076   059003.000431          1.0000  cm-1
44218.935    0.050      9438.691          059003.000097   059003.000239          1.0000  cm-1
44214.481    0.049      66027.802         059003.000157   059003.000290          1.0000  cm-1
44212.154    0.050      84863.249         059003.000120   059003.000262          1.0000  cm-1
44205.649    0.048      56522.677         059003.000105   059003.000435          1.0000  cm-1
44205.649    0.048      56522.677         059003.000183   059003.000657 P        0.0000  cm-1
44204.211    0.049      56510.950         059003.000272   059003.000672 P        0.0000  cm-1
44204.211    0.049      56510.950         059003.000176   059003.000447          1.0000  cm-1
44190.571    0.049      56402.786         059003.000132   059003.000437          1.0000  cm-1
44177.628    0.056      75072.637         059003.000199   059003.000547 P        0.0000  cm-1
44177.628    0.056      75072.637         059003.000062   059003.000203          1.0000  cm-1
44166.620    0.050      18741.421         059003.000084   059003.000223          0.6637  cm-1
44166.620    0.050      18741.421         059003.000540   059003.000432          0.3363  cm-1
44146.418    0.050      56084.339         059003.000095   059003.000238          1.0000  cm-1
44134.070    0.400      9333.925          059003.000190   059003.000659          1.0000  cm-1
44134.070    0.400      9333.925          059003.000658   059003.000585 P        0.0000  cm-1
44132.206    0.051      55991.206         059003.000123   059003.000263          1.0000  cm-1
44116.116    0.049      46576.253         059003.000072   059003.000212          1.0000  cm-1
44114.288    0.048      46567.473         059003.000143   059003.000280          1.0000  cm-1
44110.607    0.050      9309.806          059003.000130   059003.000267          1.0000  cm-1
44104.511    0.050      74431.163         059003.000148   059003.000286 P        0.0000  cm-1
44104.511    0.050      74431.163         059003.000108   059003.000251          1.0000  cm-1
44095.080    0.048      9295.059          059003.000104   059003.000434          1.0000  cm-1
44093.410    0.048      9293.518          059003.000199   059003.000340 P        0.0000  cm-1
44085.649    0.060      9286.549          059003.000211   059003.000347          1.0000  cm-1
44083.916    0.049      46424.623         059003.000121   059003.000261          1.0000  cm-1
44083.916    0.049      46424.623         059003.000309   059003.000600 P        0.0000  cm-1
44081.092    0.049      46412.221         059003.000101   059003.000433          1.0000  cm-1
44073.321    0.049      9275.738          059003.000105   059003.000247          1.0000  cm-1
44034.810    0.079      9245.741          059003.000455   059003.000663 P        0.0000  cm-1
44030.279    0.050      83182.584         059003.000208   059003.000556 P        0.0000  cm-1
44030.279    0.050      83182.584         059003.000053   059003.000196          1.0000  cm-1
44027.350    0.051      73923.942         059003.000097   059003.000238          1.0000  cm-1
44026.215    0.050      83157.266         059003.000099   059003.000239          1.0000  cm-1
44022.531    0.049      73897.710         059003.000102   059003.000433          1.0000  cm-1
44022.531    0.049      73897.710         059003.000105   059003.000245 P        0.0000  cm-1
44010.152    0.049      83062.414         059003.000100   059003.000240          1.0000  cm-1
44001.028    0.049      55341.099         059003.000080   059003.000221          1.0000  cm-1
43999.372    0.051      83002.666         059003.000629   059003.000588 P        0.0000  cm-1
43999.372    0.051      83002.666         059003.000062   059003.000202          0.3123  cm-1
43999.372    0.051      83002.666         059003.000064   059003.000203          0.6877  cm-1
43999.372    0.051      83002.666         059003.000656   059003.000572 P        0.0000  cm-1
43988.154    0.050      82944.488         059003.000123   059003.000262          1.0000  cm-1
43978.735    0.049      9210.927          059003.000060   059003.000200          1.0000  cm-1
43977.562    0.051      82892.655         059003.000171   059003.000297          1.0000  cm-1
43970.542    0.051      55240.132         059003.000172   059003.000297          1.0000  cm-1
43965.308    0.054      82836.887         059003.000178   059003.000301          1.0000  cm-1
43956.654    0.051      46000.125         059003.000093   059003.000234          1.0000  cm-1
43943.473    0.049      9194.252          059003.000144   059003.000281          1.0000  cm-1
43940.711    0.048      27579.375         059003.000170   059003.000641          1.0000  cm-1
43924.886    0.049      9187.015          059003.000078   059003.000431          1.0000  cm-1
43920.053    0.048      36741.133         059003.000075   059003.000215          1.0000  cm-1
43912.595    0.052      9182.810          059003.000203   059003.000548 P        0.0000  cm-1
43912.595    0.052      9182.810          059003.000276   059003.000650          1.0000  cm-1
43905.470    0.048      36722.181         059003.000168   059003.000294          1.0000  cm-1
43903.695    0.050      73439.925         059003.000105   059003.000244          1.0000  cm-1
43903.695    0.050      73439.925         059003.000261   059003.000564 P        0.0000  cm-1
43896.262    0.049      45889.264         059003.000073   059003.000211          1.0000  cm-1
43892.518    0.049      45884.191         059003.000072   059003.000210          0.6449  cm-1
43892.518    0.049      45884.191         059003.000089   059003.000233          0.3551  cm-1
43885.931    0.048      9175.158          059003.000158   059003.000290          1.0000  cm-1
43882.854    0.048      9174.399          059003.000114   059003.000256          1.0000  cm-1
43882.854    0.048      9174.399          059003.000119   059003.000258 P        0.0000  cm-1
43878.728    0.048      55040.697         059003.000152   059003.000287          1.0000  cm-1
43874.396    0.052      64207.333         059003.000172   059003.000296          1.0000  cm-1
43870.503    0.048      55030.030         059003.000104   059003.000243          0.2726  cm-1
43870.503    0.048      55030.030         059003.000104   059003.000433          0.7274  cm-1
43862.470    0.049      64190.897         059003.000095   059003.000236          1.0000  cm-1
43860.861    0.048      64188.882         059003.000105   059003.000243          0.0777  cm-1
43860.861    0.048      64188.882         059003.000105   059003.000433          0.9223  cm-1
43854.376    0.048      18337.508         059003.000085   059003.000224          1.0000  cm-1
43834.688    0.049      54997.014         059003.000099   059003.000238          1.0000  cm-1
43828.506    0.048      9165.574          059003.000085   059003.000222          1.0000  cm-1
43821.247    0.048      64155.034         059003.000064   059003.000202          1.0000  cm-1
43816.522    0.048      82482.447         059003.000201   059003.000547          0.2739  cm-1
43816.522    0.048      82482.447         059003.000089   059003.000232          0.7261  cm-1
43767.859    0.048      64155.518         059003.000108   059003.000248          1.0000  cm-1
43757.619    0.053      91659.192         059003.000066   059003.000206          1.0000  cm-1
43751.358    0.048      9166.551          059003.000147   059003.000283          1.0000  cm-1
43743.526    0.048      55004.950         059003.000097   059003.000236          1.0000  cm-1
43737.174    0.050      9168.368          059003.000173   059003.000296          1.0000  cm-1
43728.561    0.049      55018.189         059003.000111   059003.000251          1.0000  cm-1
43720.962    0.049      64197.165         059003.000073   059003.000210          1.0000  cm-1
43718.816    0.051      64199.946         059003.000154   059003.000289          1.0000  cm-1
43714.959    0.048      73377.255         059003.000101   059003.000240          1.0000  cm-1
43714.959    0.048      73377.255         059003.000303   059003.000421 P        0.0000  cm-1
43707.547    0.048      9173.687          059003.000095   059003.000235          1.0000  cm-1
43704.048    0.049      45872.272         059003.000073   059003.000209          1.0000  cm-1
43702.235    0.058      18349.663         059003.000218   059003.000348          1.0000  cm-1
43700.227    0.048      27525.922         059003.000159   059003.000290          1.0000  cm-1
43690.355    0.051      82599.434         059003.000156   059003.000289          1.0000  cm-1
43684.712    0.049      45895.880         059003.000083   059003.000221          0.3125  cm-1
43684.712    0.049      45895.880         059003.000080   059003.000220          0.6875  cm-1
43669.150    0.048      45917.965         059003.000078   059003.000217          1.0000  cm-1
43656.299    0.048      45938.166         059003.000102   059003.000240          1.0000  cm-1
43654.513    0.048      45941.094         059003.000081   059003.000431          1.0000  cm-1
43650.095    0.056      82707.513         059003.000054   059003.000196          1.0000  cm-1
43647.089    0.047      9190.745          059003.000209   059003.000555 P        0.0000  cm-1
43640.787    0.121      9192.983          059003.000120   059003.000258          1.0000  cm-1
43631.834    0.048      45981.605         059003.000086   059003.000222          1.0000  cm-1
43630.613    0.049      9196.787          059003.000089   059003.000229          1.0000  cm-1
43615.468    0.051      73622.830         059003.000045   059003.000195          1.0000  cm-1
43606.943    0.051      73651.531         059003.000093   059003.000237          1.0000  cm-1
43605.944    0.049      73654.819         059003.000137   059003.000273          1.0000  cm-1
43605.944    0.049      73654.819         059003.000235   059003.000671 P        0.0000  cm-1
43605.944    0.049      73654.819         059003.000291   059003.000568 P        0.0000  cm-1
43599.347    0.049      73678.193         059003.000045   059003.000194          1.0000  cm-1
43594.547    0.140      9211.918          059003.000125   059003.000265 P        0.0000  cm-1
43594.547    0.140      9211.918          059003.000205   059003.000548 P        0.0000  cm-1
43594.547    0.140      9211.918          059003.000220   059003.000560 P        0.0000  cm-1
43594.547    0.140      9211.918          059003.000150   059003.000286          1.0000  cm-1
43591.026    0.047      9213.554          059003.000114   059003.000255          1.0000  cm-1
43588.455    0.048      9214.756          059003.000097   059003.000235          1.0000  cm-1
43586.652    0.050      64509.304         059003.000106   059003.000244          1.0000  cm-1
43577.394    0.049      46100.303         059003.000111   059003.000250          1.0000  cm-1
43568.848    0.048      73794.359         059003.000111   059003.000249          1.0000  cm-1
43567.306    0.053      83026.460         059003.000151   059003.000286          1.0000  cm-1
43564.695    0.048      73811.284         059003.000177   059003.000654          1.0000  cm-1
43562.309    0.050      73821.311         059003.000080   059003.000218          1.0000  cm-1
43560.763    0.049      83056.079         059003.000091   059003.000230          0.4944  cm-1
43560.763    0.049      83056.079         059003.000081   059003.000220          0.5056  cm-1
43552.632    0.048      64629.134         059003.000076   059003.000216          1.0000  cm-1
43543.356    0.050      36951.226         059003.000131   059003.000267          1.0000  cm-1
43530.256    0.055      18490.270         059003.000211   059003.000346          1.0000  cm-1
43514.668    0.048      9254.378          059003.000152   059003.000444          1.0000  cm-1
43511.756    0.049      74049.174         059003.000155   059003.000288          1.0000  cm-1
43510.319    0.047      46285.183         059003.000108   059003.000247          1.0000  cm-1
43506.236    0.048      74076.398         059003.000063   059003.000201          1.0000  cm-1
43504.210    0.047      27782.348         059003.000104   059003.000240          1.0000  cm-1
43504.210    0.047      27782.348         059003.000202   059003.000341 P        0.0000  cm-1
43496.046    0.047      9265.916          059003.000112   059003.000253          1.0000  cm-1
43493.119    0.074      74142.106         059003.000089   059003.000228          1.0000  cm-1
43491.708    0.050      55612.238         059003.000108   059003.000246          1.0000  cm-1
43487.478    0.049      55628.510         059003.000086   059003.000432          1.0000  cm-1
43484.955    0.049      55638.429         059003.000160   059003.000292          1.0000  cm-1
43480.725    0.049      9275.837          059003.000157   059003.000288          1.0000  cm-1
43474.664    0.048      55679.115         059003.000540   059003.000431          1.0000  cm-1
43458.528    0.048      37163.564         059003.000108   059003.000245          1.0000  cm-1
43453.069    0.050      83652.511         059003.000075   059003.000211          1.0000  cm-1
43453.069    0.050      83652.511         059003.000198   059003.000543 P        0.0000  cm-1
43444.401    0.050      83707.670         059003.000082   059003.000220          1.0000  cm-1
43422.817    0.078      9316.693          059003.000455   059003.000426 P        0.0000  cm-1
43417.027    0.121      9321.050          059003.000123   059003.000258          1.0000  cm-1
43415.977    0.048      65253.241         059003.000074   059003.000209          1.0000  cm-1
43410.220    0.049      46631.250         059003.000095   059003.000233          1.0000  cm-1
43409.105    0.071      46635.205         059003.000211   059003.000554          1.0000  cm-1
43407.542    0.047      9328.317          059003.000087   059003.000224          1.0000  cm-1
43406.049    0.048      65306.259         059003.000177   059003.000300          1.0000  cm-1
43399.872    0.050      18668.556         059003.000105   059003.000239          1.0000  cm-1
43398.729    0.047      56010.966         059003.000081   059003.000217          1.0000  cm-1
43397.313    0.050      46681.404         059003.000097   059003.000237          1.0000  cm-1
43395.756    0.049      56024.980         059003.000099   059003.000235          1.0000  cm-1
43393.982    0.050      84050.151         059003.000063   059003.000200          1.0000  cm-1
43391.969    0.048      65383.348         059003.000111   059003.000248          1.0000  cm-1
43385.580    0.051      56072.692         059003.000197   059003.000333          1.0000  cm-1
43381.814    0.047      18697.151         059003.000087   059003.000222          1.0000  cm-1
43369.859    0.051      74866.628         059003.000069   059003.000206          1.0000  cm-1
43368.439    0.049      74875.497         059003.000083   059003.000220          1.0000  cm-1
43365.028    0.047      9362.228          059003.000135   059003.000436          1.0000  cm-1
43359.729    0.047      28100.016         059003.000073   059003.000208          1.0000  cm-1
43340.701    0.049      28148.212         059003.000108   059003.000244          1.0000  cm-1
43334.301    0.047      84493.709         059003.000095   059003.000232          1.0000  cm-1
43330.032    0.047      18783.817         059003.000082   059003.000219          1.0000  cm-1
43327.837    0.078      18787.534         059003.000175   059003.000295          1.0000  cm-1
43325.786    0.049      56373.103         059003.000138   059003.000275          0.2123  cm-1
43325.786    0.049      56373.103         059003.000203   059003.000341          0.7877  cm-1
43322.070    0.049      93988.643         059003.000082   059003.000218          1.0000  cm-1
43318.749    0.051      94017.968         059003.000070   059003.000206          1.0000  cm-1
43314.237    0.050      56434.708         059003.000046   059003.000195          1.0000  cm-1
43313.480    0.049      28219.241         059003.000114   059003.000252          1.0000  cm-1
43313.480    0.049      28219.241         059003.000211   059003.000345 P        0.0000  cm-1
43306.693    0.051      94124.853         059003.000057   059003.000197          1.0000  cm-1
43301.724    0.047      47084.353         059003.000144   059003.000279          1.0000  cm-1
43293.745    0.051      84816.934         059003.000062   059003.000199          0.2815  cm-1
43293.745    0.051      84816.934         059003.000093   059003.000230          0.7185  cm-1
43291.219    0.047      65984.465         059003.000097   059003.000233          1.0000  cm-1
43288.227    0.049      9429.009          059003.000194   059003.000321          1.0000  cm-1
43277.860    0.048      18877.221         059003.000075   059003.000210          1.0000  cm-1
43274.387    0.078      9441.758          059003.000310   059003.000596 P        0.0000  cm-1
43272.026    0.050      28331.552         059003.000195   059003.000321          1.0000  cm-1
43266.826    0.047      37795.097         059003.000111   059003.000435          1.0000  cm-1
43266.826    0.047      37795.097         059003.000184   059003.000657 P        0.0000  cm-1
43257.822    0.048      9457.239          059003.000126   059003.000264          1.0000  cm-1
43252.671    0.048      94620.623         059003.000078   059003.000216          1.0000  cm-1
43249.834    0.049      94647.848         059003.000069   059003.000205          1.0000  cm-1
43239.295    0.047      56848.713         059003.000115   059003.000255          1.0000  cm-1
43220.496    0.046      56957.063         059003.000176   059003.000641          1.0000  cm-1
43218.016    0.048      56971.673         059003.000104   059003.000238          1.0000  cm-1
43215.023    0.048      66487.523         059003.000085   059003.000221          1.0000  cm-1
43208.365    0.048      57028.135         059003.000105   059003.000238          1.0000  cm-1
43204.614    0.048      57050.345         059003.000099   059003.000237          1.0000  cm-1
43202.342    0.048      28531.538         059003.000239   059003.000673          1.0000  cm-1
43200.947    0.047      28535.900         059003.000097   059003.000231          1.0000  cm-1
43198.705    0.049      95142.025         059003.000070   059003.000205          1.0000  cm-1
43194.986    0.058      19035.623         059003.000131   059003.000266          1.0000  cm-1
43178.149    0.049      9534.479          059003.000196   059003.000331          1.0000  cm-1
43174.865    0.049      95378.541         059003.000147   059003.000280          0.2410  cm-1
43174.865    0.049      95378.541         059003.000088   059003.000223          0.7590  cm-1
43168.828    0.049      19087.609         059003.000196   059003.000330          1.0000  cm-1
43166.849    0.048      19091.621         059003.000238   059003.000671          1.0000  cm-1
43148.283    0.047      66952.266         059003.000095   059003.000229          1.0000  cm-1
43144.686    0.047      9568.253          059003.000101   059003.000236          1.0000  cm-1
43142.279    0.049      86135.571         059003.000196   059003.000329          1.0000  cm-1
43134.487    0.047      47893.264         059003.000111   059003.000247          1.0000  cm-1
43126.315    0.051      47935.155         059003.000091   059003.000227          1.0000  cm-1
43124.590    0.047      95887.290         059003.000539   059003.000207          1.0000  cm-1
43120.655    0.047      95927.544         059003.000138   059003.000273          1.0000  cm-1
43115.566    0.047      95980.196         059003.000064   059003.000199          0.5645  cm-1
43115.566    0.047      95980.196         059003.000098   059003.000232          0.4355  cm-1
43112.296    0.049      96013.807         059003.000047   059003.000194          1.0000  cm-1
43109.381    0.047      96043.843         059003.000084   059003.000219          1.0000  cm-1
43109.381    0.047      96043.843         059003.000274   059003.000678 P        0.0000  cm-1
43106.000    0.180      9607.825          059003.000080   059003.000216          1.0000  cm-1
43103.437    0.052      28831.357         059003.000132   059003.000269          1.0000  cm-1
43101.409    0.049      96126.182         059003.000084   059003.000218          1.0000  cm-1
43101.409    0.049      96126.182         059003.000098   059003.000231 P        0.0000  cm-1
43088.106    0.049      28879.092         059003.000096   059003.000230          1.0000  cm-1
43086.135    0.047      28885.088         059003.000102   059003.000236          1.0000  cm-1
43082.754    0.048      96318.847         059003.000106   059003.000239          0.4631  cm-1
43082.754    0.048      96318.847         059003.000111   059003.000245          0.5369  cm-1
43073.368    0.049      19283.024         059003.000205   059003.000342          1.0000  cm-1
43060.940    0.047      48272.521         059003.000074   059003.000207          1.0000  cm-1
43059.215    0.046      19312.564         059003.000157   059003.000287          1.0000  cm-1
43058.386    0.050      48285.734         059003.000167   059003.000445          0.4039  cm-1
43058.386    0.050      48285.734         059003.000128   059003.000265          0.5961  cm-1
43043.440    0.180      77381.961         059003.000112   059003.000249          0.7787  cm-1
43043.440    0.180      77381.961         059003.000114   059003.000251          0.2213  cm-1
43043.440    0.180      77381.961         059003.000299   059003.000683 P        0.0000  cm-1
43043.440    0.180      77381.961         059003.000452   059003.000649 P        0.0000  cm-1
43029.291    0.047      29062.502         059003.000097   059003.000229          1.0000  cm-1
43025.495    0.046      9691.419          059003.000121   059003.000631          1.0000  cm-1
43025.495    0.046      9691.419          059003.000152   059003.000283 P        0.0000  cm-1
43007.935    0.049      67967.587         059003.000205   059003.000341          1.0000  cm-1
43001.164    0.046      9716.764          059003.000120   059003.000257          1.0000  cm-1
42997.231    0.060      19441.563         059003.000218   059003.000347          1.0000  cm-1
42997.231    0.060      19441.563         059003.000676   059003.000571 P        0.0000  cm-1
42990.845    0.079      38909.986         059003.000304   059003.000420 P        0.0000  cm-1
42984.021    0.048      9734.613          059003.000115   059003.000253          1.0000  cm-1
42982.268    0.047      87627.762         059003.000081   059003.000216          1.0000  cm-1
42977.855    0.050      58446.450         059003.000072   059003.000206          1.0000  cm-1
42976.807    0.050      68195.063         059003.000211   059003.000344 P        0.0000  cm-1
42976.807    0.050      68195.063         059003.000192   059003.000659 P        0.0000  cm-1
42976.807    0.050      68195.063         059003.000079   059003.000214          1.0000  cm-1
42975.419    0.049      9743.449          059003.000239   059003.000671          1.0000  cm-1
42973.384    0.047      77965.495         059003.000091   059003.000226          1.0000  cm-1
42966.452    0.048      9752.817          059003.000159   059003.000288          1.0000  cm-1
42964.836    0.049      9754.533          059003.000111   059003.000244          1.0000  cm-1
42940.838    0.046      48896.136         059003.000080   059003.000215          1.0000  cm-1
42934.104    0.047      68502.711         059003.000104   059003.000236          1.0000  cm-1
42932.003    0.050      97882.898         059003.000069   059003.000203          1.0000  cm-1
42929.598    0.047      68534.992         059003.000098   059003.000229          1.0000  cm-1
42927.304    0.046      58758.177         059003.000175   059003.000294          1.0000  cm-1
42924.432    0.047      58775.861         059003.000197   059003.000331 P        0.0000  cm-1
42924.432    0.047      58775.861         059003.000105   059003.000236          1.0000  cm-1
42921.968    0.046      48992.461         059003.000111   059003.000243          0.7111  cm-1
42921.968    0.046      48992.461         059003.000111   059003.000433          0.2889  cm-1
42920.315    0.048      88201.806         059003.000076   059003.000211          1.0000  cm-1
42916.615    0.046      88235.651         059003.000075   059003.000208          1.0000  cm-1
42915.257    0.050      19610.357         059003.000197   059003.000330          1.0000  cm-1
42913.243    0.054      68650.879         059003.000194   059003.000319          1.0000  cm-1
42898.061    0.052      58935.680         059003.000218   059003.000669          0.3338  cm-1
42898.061    0.052      58935.680         059003.000216   059003.000346          0.6662  cm-1
42891.263    0.048      49147.493         059003.000106   059003.000238          1.0000  cm-1
42871.719    0.048      39395.909         059003.000126   059003.000262          1.0000  cm-1
42866.388    0.050      9854.404          059003.000151   059003.000282          1.0000  cm-1
42861.709    0.047      49293.862         059003.000216   059003.000556          1.0000  cm-1
42857.832    0.049      49313.224         059003.000072   059003.000205          1.0000  cm-1
42841.664    0.046      29634.935         059003.000202   059003.000337 P        0.0000  cm-1
42839.792    0.049      49400.246         059003.000218   059003.000558          1.0000  cm-1
42836.889    0.048      49414.838         059003.000439   059003.000565 P        0.0000  cm-1
42836.889    0.048      49414.838         059003.000108   059003.000239          1.0000  cm-1
42820.204    0.046      19797.708         059003.000176   059003.000294          1.0000  cm-1
42797.491    0.046      59520.799         059003.000146   059003.000279          1.0000  cm-1
42795.569    0.047      19843.779         059003.000086   059003.000431          1.0000  cm-1
42795.569    0.047      19843.779         059003.000451   059003.000572 P        0.0000  cm-1
42792.840    0.051      99244.876         059003.000060   059003.000197          1.0000  cm-1
42778.206    0.048      19875.365         059003.000203   059003.000338          1.0000  cm-1
42775.731    0.048      19879.916         059003.000220   059003.000669          1.0000  cm-1
42771.342    0.050      19887.679         059003.000206   059003.000340          1.0000  cm-1
42769.451    0.047      89510.906         059003.000105   059003.000235          1.0000  cm-1
42768.250    0.047      89520.626         059003.000087   059003.000221          1.0000  cm-1
42755.198    0.047      29874.807         059003.000153   059003.000286          1.0000  cm-1
42750.944    0.046      9961.947          059003.000142   059003.000440          1.0000  cm-1
42747.533    0.048      29894.887         059003.000091   059003.000223          1.0000  cm-1
42741.593    0.046      19940.074         059003.000112   059003.000435          1.0000  cm-1
42736.625    0.046      29922.971         059003.000310   059003.000677 P        0.0000  cm-1
42736.625    0.046      29922.971         059003.000085   059003.000217          1.0000  cm-1
42727.963    0.047      89835.040         059003.000067   059003.000201          0.7156  cm-1
42727.963    0.047      89835.040         059003.000076   059003.000209          0.2844  cm-1
42726.333    0.046      69881.110         059003.000153   059003.000285          1.0000  cm-1
42710.738    0.047      19991.861         059003.000130   059003.000264          1.0000  cm-1
42698.600    0.048      40022.532         059003.000244   059003.000673          1.0000  cm-1
42691.415    0.047      20022.853         059003.000115   059003.000251          1.0000  cm-1
42664.123    0.049      50161.163         059003.000196   059003.000327          1.0000  cm-1
42664.123    0.049      50161.163         059003.000141   059003.000439 P        0.0000  cm-1
42635.526    0.050      30158.744         059003.000151   059003.000281          1.0000  cm-1
42630.851    0.048      40223.837         059003.000194   059003.000317          1.0000  cm-1
42630.851    0.048      40223.837         059003.000210   059003.000549 P        0.0000  cm-1
42616.525    0.046      30196.786         059003.000101   059003.000232          1.0000  cm-1
42614.719    0.049      20133.390         059003.000195   059003.000317          1.0000  cm-1
42614.719    0.049      20133.390         059003.000134   059003.000269 P        0.0000  cm-1
42599.977    0.048      50380.888         059003.000128   059003.000261          1.0000  cm-1
42588.401    0.073      20166.448         059003.000291   059003.000679 P        0.0000  cm-1
42588.401    0.073      20166.448         059003.000100   059003.000228          1.0000  cm-1
42564.413    0.250      20193.938         059003.000128   059003.000260          1.0000  cm-1
42562.105    0.051      40392.689         059003.000197   059003.000328          1.0000  cm-1
42546.828    0.048      30318.600         059003.000218   059003.000557          1.0000  cm-1
42539.269    0.048      90990.232         059003.000060   059003.000196          1.0000  cm-1
42500.566    0.048      30381.438         059003.000096   059003.000226          0.8888  cm-1
42500.566    0.048      30381.438         059003.000127   059003.000259          0.1112  cm-1
42494.192    0.049      50648.102         059003.000154   059003.000284          1.0000  cm-1
42481.822    0.047      40536.290         059003.000104   059003.000233          1.0000  cm-1
42481.822    0.047      40536.290         059003.000217   059003.000346 P        0.0000  cm-1
42479.883    0.046      40538.991         059003.000084   059003.000215          1.0000  cm-1
42473.475    0.049      91231.891         059003.000129   059003.000263          1.0000  cm-1
42471.457    0.048      30412.437         059003.000244   059003.000671          1.0000  cm-1
42465.711    0.048      20278.614         059003.000156   059003.000284          1.0000  cm-1
42462.201    0.045      30420.976         059003.000251   059003.000668 P        0.0000  cm-1
42460.303    0.048      40563.435         059003.000205   059003.000338          1.0000  cm-1
42451.694    0.048      50716.248         059003.000087   059003.000220          1.0000  cm-1
42450.862    0.050      60860.630         059003.000196   059003.000326          0.2243  cm-1
42450.862    0.050      60860.630         059003.000195   059003.000316          0.7757  cm-1
42449.158    0.045      30431.711         059003.000152   059003.000280          1.0000  cm-1
42449.158    0.045      30431.711         059003.000114   059003.000247 P        0.0000  cm-1
42449.158    0.045      30431.711         059003.000282   059003.000566 P        0.0000  cm-1
42445.159    0.045      20289.784         059003.000217   059003.000556          1.0000  cm-1
42430.441    0.048      40592.809         059003.000101   059003.000229 P        0.0000  cm-1
42430.441    0.048      40592.809         059003.000114   059003.000246          1.0000  cm-1
42427.881    0.047      30446.127         059003.000078   059003.000209          1.0000  cm-1
42410.624    0.049      30454.792         059003.000197   059003.000327          1.0000  cm-1
42405.893    0.045      50761.283         059003.000104   059003.000232          1.0000  cm-1
42405.893    0.045      50761.283         059003.000217   059003.000555 P        0.0000  cm-1
42404.160    0.077      30457.415         059003.000181   059003.000304 P        0.0000  cm-1
42402.611    0.077      30457.977         059003.000177   059003.000295          1.0000  cm-1
42402.611    0.077      30457.977         059003.000095   059003.000224 P        0.0000  cm-1
42383.839    0.046      40617.360         059003.000134   059003.000267          0.1708  cm-1
42383.839    0.046      40617.360         059003.000076   059003.000208          0.8292  cm-1
42383.839    0.046      40617.360         059003.000158   059003.000286 P        0.0000  cm-1
42381.970    0.046      40617.775         059003.000105   059003.000231          1.0000  cm-1
42372.915    0.046      50773.999         059003.000076   059003.000207          1.0000  cm-1
42370.929    0.049      60929.045         059003.000206   059003.000339          1.0000  cm-1
42365.977    0.048      20309.788         059003.000218   059003.000555          1.0000  cm-1
42365.977    0.048      20309.788         059003.000303   059003.000652 P        0.0000  cm-1
42364.963    0.048      20309.790         059003.000108   059003.000234          1.0000  cm-1
42354.774    0.046      50773.566         059003.000158   059003.000285          0.6603  cm-1
42354.774    0.046      50773.566         059003.000115   059003.000248          0.3397  cm-1
42351.080    0.045      50772.821         059003.000172   059003.000633          1.0000  cm-1
42347.901    0.046      30463.195         059003.000162   059003.000290          1.0000  cm-1
42345.821    0.048      50771.376         059003.000205   059003.000337          1.0000  cm-1
42340.318    0.049      60923.237         059003.000206   059003.000338          1.0000  cm-1
42329.511    0.048      50763.794         059003.000087   059003.000218          1.0000  cm-1
42320.064    0.046      40605.901         059003.000085   059003.000216          1.0000  cm-1
42318.383    0.048      20302.446         059003.000196   059003.000325          1.0000  cm-1
42308.523    0.048      10149.479         059003.000063   059003.000198          1.0000  cm-1
42293.011    0.153      10146.040         059003.000101   059003.000228          1.0000  cm-1
42292.539    0.047      10145.915         059003.000119   059003.000253          1.0000  cm-1
42283.439    0.045      71004.330         059003.000097   059003.000224          0.8984  cm-1
42283.439    0.045      71004.330         059003.000220   059003.000556          0.1016  cm-1
42279.404    0.048      81138.268         059003.000114   059003.000244          1.0000  cm-1
42269.448    0.047      60834.834         059003.000111   059003.000238          0.6143  cm-1
42269.448    0.047      60834.834         059003.000196   059003.000324          0.3857  cm-1
42268.586    0.046      70971.845         059003.000130   059003.000261          1.0000  cm-1
42261.266    0.047      101362.370        059003.000106   059003.000237          1.0000  cm-1
42256.109    0.048      81074.802         059003.000195   059003.000315          1.0000  cm-1
42225.759    0.049      30362.466         059003.000206   059003.000337          1.0000  cm-1
42224.657    0.052      40481.014         059003.000218   059003.000345          1.0000  cm-1
42220.088    0.045      50589.049         059003.000075   059003.000204          0.8857  cm-1
42220.088    0.045      50589.049         059003.000104   059003.000229          0.1143  cm-1
42212.480    0.050      60682.274         059003.000173   059003.000445          1.0000  cm-1
42210.305    0.045      50562.340         059003.000105   059003.000229          1.0000  cm-1
42206.507    0.046      60661.656         059003.000108   059003.000235          1.0000  cm-1
42203.162    0.050      101082.657        059003.000166   059003.000291          1.0000  cm-1
42197.523    0.049      101049.645        059003.000197   059003.000326          1.0000  cm-1
42190.346    0.045      20200.606         059003.000073   059003.000202          1.0000  cm-1
42183.765    0.045      60575.817         059003.000098   059003.000224          1.0000  cm-1
42180.851    0.045      60563.942         059003.000159   059003.000444          1.0000  cm-1
42178.347    0.049      40368.800         059003.000064   059003.000197          1.0000  cm-1
42162.940    0.053      70567.267         059003.000194   059003.000314          1.0000  cm-1
42157.540    0.046      90690.884         059003.000083   059003.000211          0.5272  cm-1
42157.540    0.046      90690.884         059003.000081   059003.000209          0.4728  cm-1
42154.742    0.045      30223.655         059003.000085   059003.000215          1.0000  cm-1
42146.839    0.055      20136.457         059003.000195   059003.000314          1.0000  cm-1
42143.445    0.046      90587.292         059003.000131   059003.000264          1.0000  cm-1
42123.407    0.046      70331.997         059003.000086   059003.000216          1.0000  cm-1
42117.390    0.120      40166.892         059003.000263   059003.000563 P        0.0000  cm-1
42117.390    0.120      40166.892         059003.000130   059003.000259 P        0.0000  cm-1
42117.390    0.120      40166.892         059003.000088   059003.000219          0.3284  cm-1
42117.390    0.120      40166.892         059003.000207   059003.000545          0.6716  cm-1
42109.832    0.049      40137.684         059003.000206   059003.000336          1.0000  cm-1
42102.881    0.053      60163.482         059003.000062   059003.000196          1.0000  cm-1
42082.011    0.045      50024.104         059003.000123   059003.000255          1.0000  cm-1
42077.853    0.047      50000.437         059003.000099   059003.000223          1.0000  cm-1
42072.925    0.045      79955.656         059003.000442   059003.000565 P        0.0000  cm-1
42072.925    0.045      79955.656         059003.000078   059003.000207          1.0000  cm-1
42064.818    0.048      29954.945         059003.000106   059003.000231          0.0900  cm-1
42064.818    0.048      29954.945         059003.000197   059003.000325          0.9100  cm-1
42058.245    0.046      39907.193         059003.000082   059003.000210          1.0000  cm-1
42056.874    0.047      39900.967         059003.000194   059003.000541          1.0000  cm-1
42056.002    0.047      49870.861         059003.000223   059003.000559          1.0000  cm-1
42045.523    0.046      69725.289         059003.000115   059003.000245          1.0000  cm-1
42038.314    0.049      99512.297         059003.000053   059003.000195          1.0000  cm-1
42035.142    0.058      19894.259         059003.000134   059003.000266 P        0.0000  cm-1
42035.142    0.058      19894.259         059003.000180   059003.000453          1.0000  cm-1
42030.494    0.046      49704.048         059003.000112   059003.000240          1.0000  cm-1
42024.102    0.046      59591.510         059003.000156   059003.000282          1.0000  cm-1
42022.202    0.048      99292.886         059003.000053   059003.000194          1.0000  cm-1
42017.683    0.078      29768.885         059003.000454   059003.000573 P        0.0000  cm-1
42015.755    0.048      9920.341          059003.000197   059003.000324          1.0000  cm-1
42003.066    0.052      39606.715         059003.000221   059003.000346          1.0000  cm-1
41985.601    0.045      29623.946         059003.000111   059003.000236          1.0000  cm-1
41978.569    0.045      19726.788         059003.000121   059003.000253          1.0000  cm-1
41966.835    0.047      9844.205          059003.000221   059003.000556          1.0000  cm-1
41965.153    0.046      68888.269         059003.000083   059003.000209          1.0000  cm-1
41958.341    0.048      58978.764         059003.000209   059003.000547          1.0000  cm-1
41958.341    0.048      58978.764         059003.000152   059003.000279 P        0.0000  cm-1
41954.971    0.044      39295.470         059003.000142   059003.000275 P        0.0000  cm-1
41951.454    0.046      29453.544         059003.000199   059003.000329          1.0000  cm-1
41927.646    0.047      48872.019         059003.000115   059003.000244          1.0000  cm-1
41924.740    0.047      39075.925         059003.000064   059003.000196          1.0000  cm-1
41920.151    0.049      48802.613         059003.000206   059003.000335          1.0000  cm-1
41884.800    0.044      58136.561         059003.000115   059003.000243          1.0000  cm-1
41884.800    0.044      58136.561         059003.000115   059003.000433 P        0.0000  cm-1
41881.905    0.068      48417.672         059003.000221   059003.000554          1.0000  cm-1
41877.222    0.044      67714.321         059003.000158   059003.000283          1.0000  cm-1
41873.358    0.046      28995.459         059003.000087   059003.000216          1.0000  cm-1
41848.578    0.047      38440.061         059003.000119   059003.000250          1.0000  cm-1
41845.539    0.045      9603.065          059003.000073   059003.000201          1.0000  cm-1
41840.062    0.045      47952.221         059003.000119   059003.000249          1.0000  cm-1
41837.575    0.046      38338.215         059003.000084   059003.000210          1.0000  cm-1
41830.823    0.044      38275.028         059003.000111   059003.000235 P        0.0000  cm-1
41826.779    0.044      57354.149         059003.000123   059003.000253          1.0000  cm-1
41823.363    0.046      19101.518         059003.000230   059003.000348 P        0.0000  cm-1
41823.363    0.046      19101.518         059003.000153   059003.000281          1.0000  cm-1
41823.363    0.046      19101.518         059003.000216   059003.000549 P        0.0000  cm-1
41819.011    0.045      47701.056         059003.000108   059003.000231          1.0000  cm-1
41819.011    0.045      47701.056         059003.000455   059003.000576 P        0.0000  cm-1
41802.525    0.045      47496.336         059003.000081   059003.000207          1.0000  cm-1
41777.372    0.045      56603.893         059003.000168   059003.000290          1.0000  cm-1
41763.088    0.046      37580.894         059003.000095   059003.000221          1.0000  cm-1
41758.055    0.046      65669.609         059003.000120   059003.000251          1.0000  cm-1
41757.346    0.046      37517.610         059003.000131   059003.000262          1.0000  cm-1
41747.129    0.045      46753.705         059003.000075   059003.000202          1.0000  cm-1
41744.280    0.047      56056.803         059003.000112   059003.000238          1.0000  cm-1
41733.296    0.045      93111.626         059003.000073   059003.000200          1.0000  cm-1
41707.988    0.044      73888.588         059003.000087   059003.000215          0.9500  cm-1
41707.988    0.044      73888.588         059003.000251   059003.000671          0.0500  cm-1
41691.482    0.044      55112.193         059003.000159   059003.000283          1.0000  cm-1
41687.773    0.046      82561.894         059003.000085   059003.000211          1.0000  cm-1
41659.329    0.048      90819.298         059003.000164   059003.000289          1.0000  cm-1
41656.218    0.046      9071.612          059003.000072   059003.000199          1.0000  cm-1
41644.027    0.045      36123.407         059003.000097   059003.000221          1.0000  cm-1
41641.970    0.053      72191.333         059003.000054   059003.000194          1.0000  cm-1
41639.497    0.046      63108.455         059003.000111   059003.000237          1.0000  cm-1
41614.669    0.045      8929.785          059003.000209   059003.000544          1.0000  cm-1
41610.115    0.045      53480.234         059003.000083   059003.000207          1.0000  cm-1
41557.756    0.046      87197.487         059003.000074   059003.000201          1.0000  cm-1
41544.406    0.045      60677.057         059003.000098   059003.000221          1.0000  cm-1
41538.011    0.044      51859.996         059003.000119   059003.000435 P        0.0000  cm-1
41534.677    0.046      34519.746         059003.000121   059003.000250          1.0000  cm-1
41534.677    0.046      34519.746         059003.000304   059003.000573 P        0.0000  cm-1
41530.243    0.046      60288.666         059003.000067   059003.000198          1.0000  cm-1
41526.088    0.044      8595.982          059003.000121   059003.000249          1.0000  cm-1
41514.640    0.046      8549.944          059003.000101   059003.000432          1.0000  cm-1
41512.463    0.045      85409.853         059003.000085   059003.000210          1.0000  cm-1
41495.351    0.045      8470.779          059003.000085   059003.000209          1.0000  cm-1
41484.667    0.046      84261.767         059003.000073   059003.000199          1.0000  cm-1
41476.024    0.045      16779.606         059003.000160   059003.000286          1.0000  cm-1
41473.814    0.105      16761.349         059003.000104   059003.000224          0.5128  cm-1
41473.814    0.105      16761.349         059003.000199   059003.000327          0.4872  cm-1
41464.334    0.044      8339.945          059003.000105   059003.000224          1.0000  cm-1
41455.940    0.046      8303.725          059003.000102   059003.000432          1.0000  cm-1
41448.226    0.044      8270.103          059003.000104   059003.000222          1.0000  cm-1
41446.771    0.045      41318.982         059003.000095   059003.000220          1.0000  cm-1
41443.068    0.044      8247.510          059003.000111   059003.000231          1.0000  cm-1
41440.071    0.048      82340.323         059003.000079   059003.000206          1.0000  cm-1
41423.855    0.045      57134.210         059003.000115   059003.000239          1.0000  cm-1
41415.002    0.046      56854.260         059003.000253   059003.000671 P        0.0000  cm-1
41415.002    0.046      56854.260         059003.000093   059003.000218          1.0000  cm-1
41403.296    0.044      48412.114         059003.000088   059003.000213          1.0000  cm-1
41386.723    0.080      31970.424         059003.000255   059003.000673          0.7703  cm-1
41386.723    0.080      31970.424         059003.000146   059003.000440          0.2297  cm-1
41386.723    0.080      31970.424         059003.000438   059003.000667 P        0.0000  cm-1
41382.887    0.046      31897.129         059003.000123   059003.000250          1.0000  cm-1
41369.103    0.058      7910.031          059003.000221   059003.000343          1.0000  cm-1
41367.017    0.046      23700.669         059003.000218   059003.000549          1.0000  cm-1
41349.283    0.044      78149.044         059003.000121   059003.000248          1.0000  cm-1
41327.743    0.045      77102.578         059003.000097   059003.000220          1.0000  cm-1
41327.743    0.045      77102.578         059003.000224   059003.000556 P        0.0000  cm-1
41305.935    0.045      45613.003         059003.000175   059003.000292          1.0000  cm-1
41298.680    0.045      7565.757          059003.000086   059003.000209          1.0000  cm-1
41296.497    0.046      7555.456          059003.000218   059003.000548          1.0000  cm-1
41290.114    0.045      60180.647         059003.000075   059003.000200          1.0000  cm-1
41279.932    0.046      37357.357         059003.000196   059003.000321          1.0000  cm-1
41271.456    0.044      7427.741          059003.000111   059003.000229          1.0000  cm-1
41262.862    0.049      36915.831         059003.000171   059003.000291          1.0000  cm-1
41260.560    0.161      44233.649         059003.000197   059003.000323          0.4507  cm-1
41260.560    0.161      44233.649         059003.000199   059003.000326          0.5493  cm-1
41255.882    0.049      51429.570         059003.000172   059003.000291          1.0000  cm-1
41255.882    0.049      51429.570         059003.000226   059003.000557 P        0.0000  cm-1
41246.680    0.046      21900.400         059003.000205   059003.000333          1.0000  cm-1
41242.411    0.066      7277.536          059003.000224   059003.000554 P        0.0000  cm-1
41240.961    0.045      36348.153         059003.000087   059003.000211          1.0000  cm-1
41240.961    0.045      36348.153         059003.000080   059003.000204 P        0.0000  cm-1
41236.032    0.046      14487.686         059003.000119   059003.000244          1.0000  cm-1
41232.286    0.045      36121.907         059003.000115   059003.000238          1.0000  cm-1
41230.754    0.046      43296.727         059003.000132   059003.000263          1.0000  cm-1
41230.754    0.046      43296.727         059003.000455   059003.000420 P        0.0000  cm-1
41227.990    0.046      43210.663         059003.000098   059003.000220          1.0000  cm-1
41224.096    0.043      21543.956         059003.000121   059003.000435          1.0000  cm-1
41217.421    0.044      14291.275         059003.000096   059003.000219          1.0000  cm-1
41210.934    0.044      7111.357          059003.000143   059003.000273          1.0000  cm-1
41205.321    0.046      70810.198         059003.000097   059003.000218          1.0000  cm-1
41202.012    0.044      14128.190         059003.000212   059003.000338          1.0000  cm-1
41193.199    0.044      70161.326         059003.000119   059003.000243          0.2618  cm-1
41193.199    0.044      70161.326         059003.000119   059003.000433          0.7382  cm-1
41163.869    0.043      6856.693          059003.000120   059003.000247          1.0000  cm-1
41147.234    0.043      6765.318          059003.000106   059003.000224          1.0000  cm-1
41147.234    0.043      6765.318          059003.000307   059003.000639 P        0.0000  cm-1
41145.226    0.046      6754.315          059003.000120   059003.000246          0.2257  cm-1
41145.226    0.046      6754.315          059003.000198   059003.000322          0.7743  cm-1
41134.478    0.047      66945.522         059003.000644   059003.000618 P        0.0000  cm-1
41134.478    0.047      66945.522         059003.000106   059003.000223          1.0000  cm-1
41118.467    0.043      52845.230         059003.000129   059003.000257          1.0000  cm-1
41110.904    0.047      59064.710         059003.000069   059003.000197          1.0000  cm-1
41110.904    0.047      59064.710         059003.000310   059003.000578 P        0.0000  cm-1
41103.420    0.046      13043.233         059003.000203   059003.000331          1.0000  cm-1
41094.554    0.045      45296.579         059003.000144   059003.000275          1.0000  cm-1
41086.721    0.045      19279.946         059003.000132   059003.000262          1.0000  cm-1
41078.541    0.045      6380.943          059003.000180   059003.000450 P        0.0000  cm-1
41078.541    0.045      6380.943          059003.000199   059003.000324          1.0000  cm-1
41069.255    0.045      63272.877         059003.000088   059003.000212          1.0000  cm-1
41065.719    0.045      63072.085         059003.000087   059003.000210          1.0000  cm-1
41059.745    0.047      37637.371         059003.000070   059003.000197          1.0000  cm-1
41048.599    0.044      18627.832         059003.000087   059003.000209          1.0000  cm-1
41040.069    0.044      61604.049         059003.000121   059003.000245          1.0000  cm-1
41023.555    0.046      60651.325         059003.000082   059003.000205          1.0000  cm-1
41020.602    0.043      48384.762         059003.000099   059003.000219          1.0000  cm-1
41012.591    0.046      18004.933         059003.000099   059003.000218          1.0000  cm-1
41010.580    0.046      29953.745         059003.000221   059003.000550          1.0000  cm-1
40999.070    0.045      29619.626         059003.000196   059003.000320          1.0000  cm-1
40994.331    0.045      58956.877         059003.000442   059003.000655 P        0.0000  cm-1
40994.331    0.045      58956.877         059003.000120   059003.000244          1.0000  cm-1
40975.904    0.043      52095.222         059003.000304   059003.000572 P        0.0000  cm-1
40975.904    0.043      52095.222         059003.000091   059003.000213          1.0000  cm-1
40965.636    0.043      22914.585         059003.000126   059003.000255          1.0000  cm-1
40953.994    0.045      39623.267         059003.000114   059003.000237          1.0000  cm-1
40951.940    0.046      22593.624         059003.000115   059003.000234          1.0000  cm-1
40948.397    0.044      16883.595         059003.000115   059003.000236          1.0000  cm-1
40943.652    0.043      44801.308         059003.000086   059003.000207          1.0000  cm-1
40940.057    0.043      5578.881          059003.000123   059003.000247          1.0000  cm-1
40932.150    0.043      5532.686          059003.000112   059003.000232          1.0000  cm-1
40925.965    0.045      5496.497          059003.000198   059003.000321          1.0000  cm-1
40921.409    0.045      38286.136         059003.000123   059003.000246          1.0000  cm-1
40902.284    0.043      5357.573          059003.000231   059003.000669          0.4737  cm-1
40902.284    0.043      5357.573          059003.000137   059003.000645          0.5263  cm-1
40901.401    0.043      21408.394         059003.000108   059003.000224          1.0000  cm-1
40889.325    0.045      47531.736         059003.000144   059003.000273          1.0000  cm-1
40888.596    0.046      52767.113         059003.000108   059003.000223          1.0000  cm-1
40879.322    0.043      52223.622         059003.000121   059003.000243          0.7015  cm-1
40879.322    0.043      52223.622         059003.000121   059003.000433          0.2985  cm-1
40869.654    0.044      25827.116         059003.000076   059003.000201          1.0000  cm-1
40857.837    0.043      50963.500         059003.000282   059003.000650 P        0.0000  cm-1
40857.837    0.043      50963.500         059003.000221   059003.000548 P        0.0000  cm-1
40857.837    0.043      50963.500         059003.000120   059003.000241          1.0000  cm-1
40845.731    0.044      40199.292         059003.000088   059003.000210          1.0000  cm-1
40834.745    0.044      49605.143         059003.000104   059003.000221          1.0000  cm-1
40810.043    0.043      4816.190          059003.000158   059003.000279          1.0000  cm-1
40805.417    0.052      19158.862         059003.000206   059003.000332          0.3763  cm-1
40805.417    0.052      19158.862         059003.000237   059003.000347          0.6237  cm-1
40803.520    0.046      3032.662          059003.000142   059003.000271          0.1947  cm-1
40803.520    0.046      3032.662          059003.000214   059003.000338          0.8053  cm-1
40801.040    0.044      3035.520          059003.000127   059003.000255          1.0000  cm-1
40799.207    0.043      21264.759         059003.000304   059003.000571 P        0.0000  cm-1
40799.207    0.043      21264.759         059003.000204   059003.000330 P        0.0000  cm-1
40799.207    0.043      21264.759         059003.000175   059003.000290          1.0000  cm-1
40789.695    0.357      15241.818         059003.000216   059003.000544 P        0.0000  cm-1
40789.695    0.357      15241.818         059003.000145   059003.000275          1.0000  cm-1
40789.695    0.357      15241.818         059003.000314   059003.000682 P        0.0000  cm-1
40780.919    0.045      6118.237          059003.000196   059003.000318          1.0000  cm-1
40780.037    0.044      3060.203          059003.000084   059003.000204 P        0.0000  cm-1
40773.249    0.046      18409.214         059003.000093   059003.000214          1.0000  cm-1
40773.249    0.046      18409.214         059003.000204   059003.000329 P        0.0000  cm-1
40770.368    0.045      30715.432         059003.000123   059003.000244          1.0000  cm-1
40767.759    0.043      3074.564          059003.000080   059003.000202          0.9033  cm-1
40767.759    0.043      3074.564          059003.000202   059003.000327          0.0967  cm-1
40757.290    0.045      30867.219         059003.000076   059003.000200          1.0000  cm-1
40756.646    0.047      30874.751         059003.000113   059003.000230          1.0000  cm-1
40749.132    0.044      3096.120          059003.000097   059003.000216          1.0000  cm-1
40741.033    0.043      15526.991         059003.000208   059003.000543          0.5644  cm-1
40741.033    0.043      15526.991         059003.000203   059003.000328          0.4356  cm-1
40727.543    0.042      31210.837         059003.000184   059003.000303 P        0.0000  cm-1
40727.543    0.042      31210.837         059003.000123   059003.000243          1.0000  cm-1
40723.889    0.043      31253.015         059003.000135   059003.000264          1.0000  cm-1
40718.994    0.048      18785.972         059003.000072   059003.000197          1.0000  cm-1
40715.079    0.043      6270.867          059003.000129   059003.000256          1.0000  cm-1
40708.794    0.043      6285.377          059003.000093   059003.000213          1.0000  cm-1
40705.785    0.045      3146.129          059003.000082   059003.000203          1.0000  cm-1
40704.519    0.043      9442.720          059003.000087   059003.000208          1.0000  cm-1
40692.086    0.043      3161.730          059003.000176   059003.000290          1.0000  cm-1
40692.086    0.043      3161.730          059003.000148   059003.000438 P        0.0000  cm-1
40672.247    0.043      19106.235         059003.000163   059003.000285          1.0000  cm-1
40667.137    0.042      3190.142          059003.000642   059003.000658          1.0000  cm-1
40649.542    0.044      25680.658         059003.000098   059003.000216          1.0000  cm-1
40649.542    0.044      25680.658         059003.000181   059003.000452 P        0.0000  cm-1
40647.882    0.045      22483.381         059003.000073   059003.000198          0.6151  cm-1
40647.882    0.045      22483.381         059003.000237   059003.000558          0.3849  cm-1
40641.942    0.044      32187.272         059003.000091   059003.000212          1.0000  cm-1
40640.745    0.045      22540.476         059003.000114   059003.000230          1.0000  cm-1
40627.815    0.046      19407.572         059003.000172   059003.000289          1.0000  cm-1
40626.247    0.044      32363.137         059003.000179   059003.000302          1.0000  cm-1
40602.254    0.044      32631.702         059003.000115   059003.000237          1.0000  cm-1
40598.868    0.047      3266.876          059003.000149   059003.000438 P        0.0000  cm-1
40590.391    0.044      32763.539         059003.000146   059003.000275          1.0000  cm-1
40583.791    0.042      26269.313         059003.000097   059003.000215          1.0000  cm-1
40583.791    0.042      26269.313         059003.000182   059003.000451 P        0.0000  cm-1
40567.700    0.046      13205.833         059003.000096   059003.000214          1.0000  cm-1
40551.204    0.051      6638.963          059003.000198   059003.000319          1.0000  cm-1
40547.256    0.045      6647.777          059003.000152   059003.000440          0.1271  cm-1
40547.256    0.045      6647.777          059003.000060   059003.000195          0.8729  cm-1
40540.705    0.044      19985.844         059003.000119   059003.000238          1.0000  cm-1
40536.264    0.043      23350.671         059003.000146   059003.000274          1.0000  cm-1
40531.107    0.044      6682.884          059003.000060   059003.000194          1.0000  cm-1
40527.554    0.043      20071.973         059003.000192   059003.000309 P        0.0000  cm-1
40527.554    0.043      20071.973         059003.000082   059003.000202          1.0000  cm-1
40527.554    0.043      20071.973         059003.000197   059003.000318 P        0.0000  cm-1
40518.238    0.044      3355.358          059003.000104   059003.000220          1.0000  cm-1
40515.506    0.119      30224.573         059003.000132   059003.000258          1.0000  cm-1
40508.618    0.044      30291.645         059003.000105   059003.000220          1.0000  cm-1
40503.223    0.043      33716.011         059003.000096   059003.000213          1.0000  cm-1
40496.048    0.042      3379.242          059003.000115   059003.000233          1.0000  cm-1
40490.573    0.045      33851.397         059003.000173   059003.000289          0.7492  cm-1
40490.573    0.045      33851.397         059003.000120   059003.000239          0.2508  cm-1
40485.005    0.045      20346.584         059003.000316   059003.000682 P        0.0000  cm-1
40485.005    0.045      20346.584         059003.000084   059003.000203          1.0000  cm-1
40476.981    0.044      3399.629          059003.000147   059003.000275          1.0000  cm-1
40454.788    0.042      27385.033         059003.000085   059003.000204          1.0000  cm-1
40434.768    0.044      17220.626         059003.000164   059003.000284          1.0000  cm-1
40417.659    0.045      34618.784         059003.000126   059003.000251          1.0000  cm-1
40403.001    0.140      3477.023          059003.000180   059003.000302          1.0000  cm-1
40391.162    0.043      27913.497         059003.000134   059003.000259          0.0930  cm-1
40391.162    0.043      27913.497         059003.000099   059003.000215          0.9070  cm-1
40386.352    0.045      17470.583         059003.000105   059003.000218          1.0000  cm-1
40380.635    0.044      6999.818          059003.000177   059003.000292          1.0000  cm-1
40376.374    0.045      3504.120          059003.000203   059003.000326          1.0000  cm-1
40374.597    0.146      17530.340         059003.000093   059003.000212          1.0000  cm-1
40371.352    0.048      17546.436         059003.000167   059003.000286          0.5760  cm-1
40371.352    0.048      17546.436         059003.000224   059003.000550          0.4240  cm-1
40356.392    0.042      31719.521         059003.000234   059003.000669 P        0.0000  cm-1
40356.392    0.042      31719.521         059003.000104   059003.000217          1.0000  cm-1
40354.726    0.044      3525.964          059003.000237   059003.000557          1.0000  cm-1
40346.713    0.042      3534.079          059003.000105   059003.000217          1.0000  cm-1
40339.251    0.043      3541.472          059003.000162   059003.000283          1.0000  cm-1
40337.756    0.045      35430.110         059003.000135   059003.000262          1.0000  cm-1
40322.169    0.046      17792.259         059003.000113   059003.000227          1.0000  cm-1
40322.169    0.046      17792.259         059003.000317   059003.000682 P        0.0000  cm-1
40310.884    0.043      35695.116         059003.000080   059003.000200          1.0000  cm-1
40306.787    0.043      17867.639         059003.000084   059003.000202          1.0000  cm-1
40306.496    0.043      17869.057         059003.000099   059003.000213          1.0000  cm-1
40302.468    0.044      32198.406         059003.000210   059003.000334          1.0000  cm-1
40299.246    0.043      32227.654         059003.000081   059003.000201          1.0000  cm-1
40293.839    0.044      35860.860         059003.000073   059003.000196          1.0000  cm-1
40283.049    0.042      3596.454          059003.000034   059003.000642 P        0.0000  cm-1
40281.736    0.043      32379.764         059003.000135   059003.000261          1.0000  cm-1
40271.746    0.042      25251.074         059003.000147   059003.000273          1.0000  cm-1
40271.746    0.042      25251.074         059003.000205   059003.000327 P        0.0000  cm-1
40270.631    0.042      21650.126         059003.000221   059003.000341 P        0.0000  cm-1
40268.616    0.044      3610.283          059003.000198   059003.000317          1.0000  cm-1
40266.641    0.151      18061.084         059003.000123   059003.000239          0.4302  cm-1
40266.641    0.151      18061.084         059003.000126   059003.000250          0.5698  cm-1
40260.353    0.045      14472.776         059003.000119   059003.000234          1.0000  cm-1
40257.891    0.042      21722.915         059003.000168   059003.000444          1.0000  cm-1
40256.830    0.042      36214.986         059003.000170   059003.000287 P        0.0000  cm-1
40256.830    0.042      36214.986         059003.000119   059003.000236          1.0000  cm-1
40253.209    0.076      18121.580         059003.000127   059003.000251          1.0000  cm-1
40245.660    0.042      36319.344         059003.000226   059003.000552          1.0000  cm-1
40242.214    0.042      10905.601         059003.000243   059003.000560          1.0000  cm-1
40235.851    0.045      36412.417         059003.000095   059003.000211          1.0000  cm-1
40234.205    0.042      3642.752          059003.000115   059003.000229          1.0000  cm-1
40231.279    0.044      32808.495         059003.000223   059003.000548          1.0000  cm-1
40226.849    0.045      36495.859         059003.000121   059003.000238          1.0000  cm-1
40204.650    0.043      33029.421         059003.000182   059003.000676 P        0.0000  cm-1
40204.650    0.043      33029.421         059003.000075   059003.000198          0.0429  cm-1
40204.650    0.043      33029.421         059003.000211   059003.000543          0.9571  cm-1
40199.316    0.044      18373.921         059003.000244   059003.000560          1.0000  cm-1
40194.656    0.042      18395.353         059003.000203   059003.000324          0.2032  cm-1
40194.656    0.042      18395.353         059003.000163   059003.000283          0.7968  cm-1
40191.553    0.043      22091.476         059003.000106   059003.000220          1.0000  cm-1
40186.883    0.043      29489.341         059003.000081   059003.000200          1.0000  cm-1
40184.806    0.053      22127.488         059003.000244   059003.000348          1.0000  cm-1
40175.086    0.095      11089.815         059003.000238   059003.000347          0.5157  cm-1
40175.086    0.095      11089.815         059003.000182   059003.000450          0.4843  cm-1
40170.683    0.043      29605.099         059003.000089   059003.000207          1.0000  cm-1
40169.305    0.130      37019.182         059003.000096   059003.000212          0.4958  cm-1
40169.305    0.130      37019.182         059003.000113   059003.000226          0.5042  cm-1
40163.277    0.042      18536.138         059003.000318   059003.000682 P        0.0000  cm-1
40163.277    0.042      18536.138         059003.000130   059003.000253          1.0000  cm-1
40150.664    0.147      18591.651         059003.000093   059003.000210 P        0.0000  cm-1
40150.664    0.147      18591.651         059003.000101   059003.000216          1.0000  cm-1
40145.495    0.042      33505.998         059003.000129   059003.000252          1.0000  cm-1
40145.495    0.042      33505.998         059003.000272   059003.000564 P        0.0000  cm-1
40131.050    0.056      3735.383          059003.000135   059003.000259          1.0000  cm-1
40128.575    0.066      7474.937          059003.000237   059003.000554          1.0000  cm-1
40127.139    0.043      22432.203         059003.000211   059003.000334          1.0000  cm-1
40116.842    0.043      37476.274         059003.000097   059003.000211          1.0000  cm-1
40110.880    0.051      22516.401         059003.000062   059003.000195          1.0000  cm-1
40106.828    0.043      22536.782         059003.000311   059003.000636 P        0.0000  cm-1
40106.828    0.043      22536.782         059003.000083   059003.000201          1.0000  cm-1
40104.148    0.046      7516.856          059003.000075   059003.000197          1.0000  cm-1
40101.799    0.043      22562.203         059003.000119   059003.000235          1.0000  cm-1
40091.864    0.043      30149.365         059003.000102   059003.000216          1.0000  cm-1
40089.173    0.044      22625.077         059003.000199   059003.000321          1.0000  cm-1
40081.023    0.044      37777.022         059003.000126   059003.000248          1.0000  cm-1
40075.861    0.151      3781.903          059003.000208   059003.000329 P        0.0000  cm-1
40075.861    0.151      3781.903          059003.000238   059003.000669          1.0000  cm-1
40075.000    0.043      11347.976         059003.000123   059003.000238          1.0000  cm-1
40070.505    0.043      11359.130         059003.000082   059003.000200          1.0000  cm-1
40065.349    0.043      7581.122          059003.000175   059003.000288          1.0000  cm-1
40064.164    0.043      11374.424         059003.000261   059003.000668          1.0000  cm-1
40062.196    0.045      37931.591         059003.000080   059003.000199          1.0000  cm-1
40059.899    0.045      37949.205         059003.000201   059003.000542          0.4807  cm-1
40059.899    0.045      37949.205         059003.000200   059003.000322          0.5193  cm-1
40058.685    0.046      7591.819          059003.000235   059003.000346          0.3892  cm-1
40058.685    0.046      7591.819          059003.000205   059003.000326          0.6108  cm-1
40053.192    0.042      26603.156         059003.000114   059003.000226          1.0000  cm-1
40048.559    0.101      3804.078          059003.000196   059003.000541          0.6817  cm-1
40048.559    0.101      3804.078          059003.000246   059003.000560          0.3183  cm-1
40047.246    0.044      3805.115          059003.000218   059003.000337          1.0000  cm-1
40033.670    0.053      7631.872          059003.000246   059003.000348          1.0000  cm-1
40022.400    0.041      3824.811          059003.000235   059003.000556 P        0.0000  cm-1
40018.474    0.044      3827.926          059003.000120   059003.000234          1.0000  cm-1
40017.092    0.044      34461.002         059003.000098   059003.000211          1.0000  cm-1
40015.140    0.051      3830.431          059003.000161   059003.000281 P        0.0000  cm-1
40015.140    0.051      3830.431          059003.000247   059003.000348          1.0000  cm-1
40008.106    0.043      19179.359         059003.000262   059003.000668          1.0000  cm-1
40004.911    0.041      3838.374          059003.000234   059003.000557 P        0.0000  cm-1
40000.225    0.041      19209.965         059003.000112   059003.000224          1.0000  cm-1
39994.463    0.043      26924.859         059003.000083   059003.000200          1.0000  cm-1
39993.030    0.042      23085.013         059003.000164   059003.000282          1.0000  cm-1
39988.372    0.042      38509.175         059003.000212   059003.000333          1.0000  cm-1
39983.764    0.055      3854.413          059003.000229   059003.000343          0.4572  cm-1
39983.764    0.055      3854.413          059003.000239   059003.000347          0.5428  cm-1
39981.752    0.073      15423.956         059003.000085   059003.000202          0.0819  cm-1
39981.752    0.073      15423.956         059003.000188   059003.000307          0.9181  cm-1
39974.507    0.041      3861.398          059003.000112   059003.000222          1.0000  cm-1
39972.377    0.042      19315.057         059003.000099   059003.000212          1.0000  cm-1
39964.569    0.076      3868.726          059003.000455   059003.000574 P        0.0000  cm-1
39961.036    0.105      3871.612          059003.000150   059003.000277          1.0000  cm-1
39953.850    0.041      3876.567          059003.000128   059003.000653 P        0.0000  cm-1
39947.522    0.043      19405.554         059003.000201   059003.000322          1.0000  cm-1
39946.349    0.045      27174.235         059003.000063   059003.000194          1.0000  cm-1
39945.553    0.043      23295.526         059003.000108   059003.000220          1.0000  cm-1
39945.553    0.043      23295.526         059003.000320   059003.000682 P        0.0000  cm-1
39942.879    0.042      3884.515          059003.000121   059003.000236          1.0000  cm-1
39941.524    0.043      31084.095         059003.000097   059003.000210          1.0000  cm-1
39939.834    0.042      31093.496         059003.000104   059003.000216          1.0000  cm-1
39937.423    0.065      3888.365          059003.000235   059003.000554          1.0000  cm-1
39933.959    0.048      19454.997         059003.000151   059003.000277          1.0000  cm-1
39932.722    0.046      19459.077         059003.000064   059003.000195          1.0000  cm-1
39931.407    0.044      11677.876         059003.000218   059003.000336          1.0000  cm-1
39930.196    0.042      19467.719         059003.000105   059003.000216          1.0000  cm-1
39924.220    0.043      7795.576          059003.000097   059003.000209 P        0.0000  cm-1
39924.220    0.043      7795.576          059003.000099   059003.000211          1.0000  cm-1
39910.697    0.043      11721.611         059003.000119   059003.000237          1.0000  cm-1
39908.857    0.041      3908.454          059003.000179   059003.000654          1.0000  cm-1
39903.830    0.049      3911.868          059003.000236   059003.000346          1.0000  cm-1
39902.448    0.042      3912.852          059003.000160   059003.000279          1.0000  cm-1
39892.711    0.042      11758.549         059003.000231   059003.000344 P        0.0000  cm-1
39892.711    0.042      11758.549         059003.000154   059003.000441          1.0000  cm-1
39884.494    0.043      3924.932          059003.000239   059003.000669          1.0000  cm-1
39871.918    0.041      3933.345          059003.000114   059003.000225          1.0000  cm-1
39870.779    0.042      3933.982          059003.000145   059003.000437          1.0000  cm-1
39851.148    0.042      19733.900         059003.000131   059003.000255          1.0000  cm-1
39850.668    0.044      19735.466         059003.000075   059003.000196          1.0000  cm-1
39840.585    0.042      27673.877         059003.000200   059003.000321          1.0000  cm-1
39827.230    0.043      27732.663         059003.000114   059003.000223          1.0000  cm-1
39827.230    0.043      27732.663         059003.000657   059003.000652 P        0.0000  cm-1
39826.325    0.044      3962.297          059003.000239   059003.000558          1.0000  cm-1
39823.293    0.044      27749.672         059003.000108   059003.000218          1.0000  cm-1
39821.939    0.043      27755.460         059003.000082   059003.000199          1.0000  cm-1
39811.020    0.045      35745.205         059003.000088   059003.000205          1.0000  cm-1
39808.184    0.043      31786.544         059003.000313   059003.000600 P        0.0000  cm-1
39808.184    0.043      31786.544         059003.000199   059003.000320          1.0000  cm-1
39800.846    0.051      3977.737          059003.000198   059003.000314          1.0000  cm-1
39787.225    0.043      15942.802         059003.000229   059003.000553          1.0000  cm-1
39785.470    0.041      15946.879         059003.000433   059003.000625          1.0000  cm-1
39785.470    0.041      15946.879         059003.000243   059003.000625 P        0.0000  cm-1
39772.297    0.042      19971.267         059003.000248   059003.000560          1.0000  cm-1
39768.856    0.200      3996.239          059003.000163   059003.000281          0.8346  cm-1
39768.856    0.200      3996.239          059003.000168   059003.000283          0.1654  cm-1
39763.008    0.041      3999.499          059003.000162   059003.000280          1.0000  cm-1
39750.964    0.043      28042.761         059003.000152   059003.000275          0.0595  cm-1
39750.964    0.043      28042.761         059003.000210   059003.000331          0.9405  cm-1
39748.804    0.043      28051.453         059003.000099   059003.000210          1.0000  cm-1
39741.697    0.043      28077.863         059003.000210   059003.000330          1.0000  cm-1
39728.282    0.042      4018.245          059003.000201   059003.000321          1.0000  cm-1
39718.523    0.204      4023.077          059003.000130   059003.000250 P        0.0000  cm-1
39718.523    0.204      4023.077          059003.000142   059003.000267          1.0000  cm-1
39710.721    0.042      36246.098         059003.000130   059003.000249          1.0000  cm-1
39709.690    0.043      32222.570         059003.000223   059003.000342          1.0000  cm-1
39703.386    0.043      4031.004          059003.000229   059003.000551          1.0000  cm-1
39696.988    0.041      4034.214          059003.000152   059003.000274          1.0000  cm-1
39688.483    0.043      4038.369          059003.000095   059003.000207          1.0000  cm-1
39684.609    0.189      36362.108         059003.000180   059003.000654 P        0.0000  cm-1
39684.609    0.189      36362.108         059003.000626   059003.000639 P        0.0000  cm-1
39671.899    0.043      32370.174         059003.000076   059003.000198          0.8980  cm-1
39671.899    0.043      32370.174         059003.000146   059003.000437          0.1020  cm-1
39671.899    0.043      32370.174         059003.000184   059003.000452 P        0.0000  cm-1
39668.966    0.043      20238.344         059003.000120   059003.000237          1.0000  cm-1
39660.119    0.041      8103.401          059003.000215   059003.000334          1.0000  cm-1
39658.968    0.042      16208.776         059003.000127   059003.000247          1.0000  cm-1
39658.140    0.044      24315.569         059003.000230   059003.000552          1.0000  cm-1
39654.453    0.041      28379.838         059003.000213   059003.000333          1.0000  cm-1
39644.151    0.043      4058.866          059003.000223   059003.000341          1.0000  cm-1
39624.803    0.042      4067.211          059003.000222   059003.000547 P        0.0000  cm-1
39624.803    0.042      4067.211          059003.000245   059003.000625          1.0000  cm-1
39622.069    0.042      20341.788         059003.000130   059003.000653 P        0.0000  cm-1
39622.069    0.042      20341.788         059003.000264   059003.000668          1.0000  cm-1
39611.130    0.042      24437.439         059003.000126   059003.000243          1.0000  cm-1
39601.260    0.043      24461.320         059003.000084   059003.000199          1.0000  cm-1
39595.939    0.041      20394.844         059003.000131   059003.000253          1.0000  cm-1
39590.036    0.044      32649.798         059003.000199   059003.000318          1.0000  cm-1
39590.036    0.044      32649.798         059003.000214   059003.000333 P        0.0000  cm-1
39566.341    0.042      4090.068          059003.000211   059003.000330          1.0000  cm-1
39545.841    0.041      12291.795         059003.000152   059003.000273          1.0000  cm-1
39542.599    0.041      12295.104         059003.000119   059003.000229          1.0000  cm-1
39539.831    0.042      8198.522          059003.000211   059003.000329          1.0000  cm-1
39533.756    0.042      28709.077         059003.000130   059003.000248          1.0000  cm-1
39533.208    0.043      16405.775         059003.000239   059003.000557          1.0000  cm-1
39527.637    0.188      36929.148         059003.000455   059003.000649 P        0.0000  cm-1
39527.637    0.188      36929.148         059003.000223   059003.000340          0.7107  cm-1
39527.637    0.188      36929.148         059003.000212   059003.000331          0.2893  cm-1
39522.665    0.053      8209.649          059003.000243   059003.000347          1.0000  cm-1
39517.996    0.041      16425.074         059003.000212   059003.000330          1.0000  cm-1
39517.401    0.042      20532.350         059003.000232   059003.000551          0.8515  cm-1
39517.401    0.042      20532.350         059003.000126   059003.000241          0.1485  cm-1
39517.401    0.042      20532.350         059003.000241   059003.000669 P        0.0000  cm-1
39506.563    0.042      36987.873         059003.000180   059003.000447          1.0000  cm-1
39503.663    0.045      16442.579         059003.000091   059003.000206          1.0000  cm-1
39498.654    0.066      4112.069          059003.000238   059003.000554          1.0000  cm-1
39493.181    0.045      37022.944         059003.000088   059003.000203          1.0000  cm-1
39493.181    0.045      37022.944         059003.000150   059003.000272 P        0.0000  cm-1
39488.358    0.051      24690.032         059003.000154   059003.000439          0.9268  cm-1
39488.358    0.051      24690.032         059003.000115   059003.000224          0.0732  cm-1
39483.682    0.041      28813.814         059003.000226   059003.000342          1.0000  cm-1
39480.689    0.042      12351.224         059003.000262   059003.000673          1.0000  cm-1
39480.689    0.042      12351.224         059003.000098   059003.000208 P        0.0000  cm-1
39472.405    0.041      12357.882         059003.000132   059003.000256          1.0000  cm-1
39472.405    0.041      12357.882         059003.000188   059003.000306 P        0.0000  cm-1
39456.758    0.046      37108.852         059003.000438   059003.000564 P        0.0000  cm-1
39456.758    0.046      37108.852         059003.000263   059003.000562          1.0000  cm-1
39452.861    0.044      37117.322         059003.000246   059003.000559          1.0000  cm-1
39447.515    0.043      24752.625         059003.000106   059003.000215          0.5672  cm-1
39447.515    0.043      24752.625         059003.000111   059003.000218          0.4328  cm-1
39439.545    0.044      37145.078         059003.000203   059003.000323          1.0000  cm-1
39439.545    0.044      37145.078         059003.000167   059003.000281 P        0.0000  cm-1
39435.762    0.042      16512.302         059003.000251   059003.000560          1.0000  cm-1
39421.120    0.052      28918.275         059003.000251   059003.000348          1.0000  cm-1
39410.324    0.043      28933.424         059003.000171   059003.000284          1.0000  cm-1
39408.723    0.040      33069.095         059003.000130   059003.000435          1.0000  cm-1
39403.310    0.042      8269.326          059003.000172   059003.000284          0.8896  cm-1
39403.310    0.042      8269.326          059003.000224   059003.000545          0.1104  cm-1
39395.274    0.041      12408.303         059003.000128   059003.000433          1.0000  cm-1
39383.685    0.043      37242.549         059003.000091   059003.000205          0.9516  cm-1
39383.685    0.043      37242.549         059003.000202   059003.000321          0.0484  cm-1
39380.753    0.041      24831.174         059003.000181   059003.000656          0.9422  cm-1
39380.753    0.041      24831.174         059003.000244   059003.000669          0.0578  cm-1
39361.933    0.053      20706.574         059003.000245   059003.000347          1.0000  cm-1
39360.991    0.043      33131.662         059003.000112   059003.000221          1.0000  cm-1
39353.365    0.048      28997.180         059003.000201   059003.000319          1.0000  cm-1
39348.558    0.043      16572.226         059003.000296   059003.000680          1.0000  cm-1
39341.449    0.043      33151.232         059003.000200   059003.000318          1.0000  cm-1
39322.439    0.043      4145.885          059003.000244   059003.000558          1.0000  cm-1
39322.439    0.043      4145.885          059003.000188   059003.000455 P        0.0000  cm-1
39315.586    0.041      4146.500          059003.000248   059003.000625          1.0000  cm-1
39307.268    0.073      4147.178          059003.000104   059003.000211          0.6334  cm-1
39307.268    0.073      4147.178          059003.000239   059003.000554          0.3666  cm-1
39307.268    0.073      4147.178          059003.000312   059003.000586 P        0.0000  cm-1
39303.230    0.042      24884.870         059003.000285   059003.000678          0.1191  cm-1
39303.230    0.042      24884.870         059003.000131   059003.000251          0.8809  cm-1
39301.775    0.041      4147.573          059003.000226   059003.000340          1.0000  cm-1
39268.634    0.045      37343.392         059003.000214   059003.000332          1.0000  cm-1
39267.188    0.042      20746.577         059003.000102   059003.000209          1.0000  cm-1
39262.620    0.043      33195.535         059003.000629   059003.000573 P        0.0000  cm-1
39262.620    0.043      33195.535         059003.000129   059003.000246          1.0000  cm-1
39253.704    0.042      12448.854         059003.000262   059003.000671          1.0000  cm-1
39236.538    0.046      37347.339         059003.000093   059003.000206          1.0000  cm-1
39229.687    0.043      4149.645          059003.000246   059003.000669          1.0000  cm-1
39225.412    0.043      8299.159          059003.000080   059003.000198          1.0000  cm-1
39224.659    0.041      4149.565          059003.000130   059003.000245          1.0000  cm-1
39211.047    0.040      4149.207          059003.000239   059003.000345 P        0.0000  cm-1
39211.047    0.040      4149.207          059003.000247   059003.000669          1.0000  cm-1
39201.760    0.041      16595.338         059003.000108   059003.000215          1.0000  cm-1
39198.757    0.074      12446.089         059003.000184   059003.000450 P        0.0000  cm-1
39193.342    0.041      20742.103         059003.000213   059003.000331          1.0000  cm-1
39183.850    0.046      37330.632         059003.000067   059003.000195          0.0708  cm-1
39183.850    0.046      37330.632         059003.000213   059003.000330 P        0.0000  cm-1
39183.850    0.046      37330.632         059003.000227   059003.000546          0.9292  cm-1
39180.586    0.041      37328.580         059003.000132   059003.000255          1.0000  cm-1
39174.952    0.042      29030.513         059003.000237   059003.000549          1.0000  cm-1
39172.619    0.041      4147.029          059003.000176   059003.000444          1.0000  cm-1
39171.357    0.043      16587.742         059003.000246   059003.000558          1.0000  cm-1
39168.058    0.042      20733.275         059003.000067   059003.000194          1.0000  cm-1
39152.878    0.040      20726.262         059003.000247   059003.000558          1.0000  cm-1
39152.063    0.042      12435.471         059003.000131   059003.000250          1.0000  cm-1
39138.599    0.042      4143.678          059003.000249   059003.000625          1.0000  cm-1
39128.866    0.044      4142.477          059003.000214   059003.000331          1.0000  cm-1
39127.524    0.040      4142.287          059003.000163   059003.000279          1.0000  cm-1
39121.709    0.043      28990.607         059003.000153   059003.000277 P        0.0000  cm-1
39121.709    0.043      28990.607         059003.000205   059003.000323          1.0000  cm-1
39116.467    0.044      37266.826         059003.000093   059003.000205          1.0000  cm-1
39108.604    0.040      16558.417         059003.000215   059003.000331          1.0000  cm-1
39104.531    0.042      24833.823         059003.000237   059003.000548          1.0000  cm-1
39102.532    0.040      24831.932         059003.000202   059003.000320          1.0000  cm-1
39099.376    0.040      16552.557         059003.000215   059003.000330          1.0000  cm-1
39093.461    0.040      4137.126          059003.000093   059003.000204          1.0000  cm-1
39091.672    0.044      12410.474         059003.000156   059003.000277          1.0000  cm-1
39082.501    0.040      4135.205          059003.000225   059003.000339          1.0000  cm-1
39073.058    0.043      16533.639         059003.000199   059003.000315 P        0.0000  cm-1
39073.058    0.043      16533.639         059003.000236   059003.000553          1.0000  cm-1
39073.058    0.043      16533.639         059003.000215   059003.000329 P        0.0000  cm-1
39070.921    0.041      20664.980         059003.000201   059003.000317          1.0000  cm-1
39070.921    0.041      20664.980         059003.000659   059003.000636 P        0.0000  cm-1
39066.060    0.044      37188.187         059003.000235   059003.000550          1.0000  cm-1
39066.060    0.044      37188.187         059003.000306   059003.000572 P        0.0000  cm-1
39061.727    0.042      8262.265          059003.000211   059003.000327          1.0000  cm-1
39052.776    0.053      4129.219          059003.000248   059003.000347          1.0000  cm-1
39051.892    0.040      4129.030          059003.000225   059003.000338          1.0000  cm-1
39030.981    0.045      4124.144          059003.000096   059003.000206          1.0000  cm-1
39030.981    0.045      4124.144          059003.000034   059003.000185 P        0.0000  cm-1
39028.997    0.040      16494.698         059003.000128   059003.000240          1.0000  cm-1
39028.997    0.040      16494.698         059003.000106   059003.000212 P        0.0000  cm-1
39028.997    0.040      16494.698         059003.000440   059003.000564 P        0.0000  cm-1
39023.729    0.040      24734.191         059003.000210   059003.000326 P        0.0000  cm-1
38997.894    0.045      28808.040         059003.000154   059003.000276          1.0000  cm-1
38991.313    0.041      8227.119          059003.000111   059003.000216          1.0000  cm-1
38989.170    0.042      8225.895          059003.000236   059003.000551          1.0000  cm-1
38982.040    0.042      16443.354         059003.000223   059003.000337          1.0000  cm-1
38974.627    0.040      4108.556          059003.000153   059003.000275 P        0.0000  cm-1
38969.442    0.046      4106.916          059003.000156   059003.000276          1.0000  cm-1
38966.600    0.041      32848.140         059003.000131   059003.000248          1.0000  cm-1
38964.019    0.049      4105.225          059003.000199   059003.000314          1.0000  cm-1
38962.604    0.042      4104.728          059003.000155   059003.000275          1.0000  cm-1
38940.294    0.084      8194.500          059003.000219   059003.000333          1.0000  cm-1
38930.779    0.040      28656.951         059003.000433   059003.000556 P        0.0000  cm-1
38930.779    0.040      28656.951         059003.000243   059003.000556 P        0.0000  cm-1
38924.409    0.043      24549.319         059003.000244   059003.000346 P        0.0000  cm-1
38924.409    0.043      24549.319         059003.000203   059003.000320          1.0000  cm-1
38913.339    0.041      4087.399          059003.000235   059003.000548          1.0000  cm-1
38912.063    0.040      24521.330         059003.000102   059003.000207          1.0000  cm-1
38910.946    0.044      36777.988         059003.000096   059003.000205          1.0000  cm-1
38910.946    0.044      36777.988         059003.000204   059003.000321 P        0.0000  cm-1
38908.505    0.040      4085.515          059003.000155   059003.000274          1.0000  cm-1
38896.178    0.043      16322.797         059003.000230   059003.000342          1.0000  cm-1
38891.322    0.041      16314.933         059003.000433   059003.000555          0.2419  cm-1
38891.322    0.041      16314.933         059003.000243   059003.000555 P        0.0000  cm-1
38891.322    0.041      16314.933         059003.000210   059003.000325          0.7581  cm-1
38884.568    0.042      36683.339         059003.000082   059003.000197          0.6158  cm-1
38884.568    0.042      36683.339         059003.000202   059003.000318          0.3842  cm-1
38882.569    0.040      4075.091          059003.000112   059003.000217          1.0000  cm-1
38872.950    0.194      8142.128          059003.000255   059003.000348          1.0000  cm-1
38871.326    0.042      32562.652         059003.000080   059003.000196          1.0000  cm-1
38867.395    0.052      4068.682          059003.000264   059003.000671          0.1718  cm-1
38867.395    0.052      4068.682          059003.000250   059003.000347          0.8282  cm-1
38866.139    0.043      8136.269          059003.000223   059003.000336          1.0000  cm-1
38859.638    0.040      28456.928         059003.000247   059003.000557          1.0000  cm-1
38857.975    0.042      16258.153         059003.000144   059003.000267          0.1167  cm-1
38857.975    0.042      16258.153         059003.000088   059003.000200 P        0.0000  cm-1
38857.975    0.042      16258.153         059003.000199   059003.000541          0.8833  cm-1
38842.265    0.041      12172.239         059003.000210   059003.000324          1.0000  cm-1
38825.771    0.085      8099.136          059003.000111   059003.000215          1.0000  cm-1
38825.771    0.085      8099.136          059003.000234   059003.000549 P        0.0000  cm-1
38825.771    0.085      8099.136          059003.000307   059003.000651 P        0.0000  cm-1
38824.557    0.041      28343.020         059003.000200   059003.000315          0.4457  cm-1
38824.557    0.041      28343.020         059003.000173   059003.000282          0.5543  cm-1
38818.438    0.039      4046.030          059003.000150   059003.000436 P        0.0000  cm-1
38806.538    0.048      4040.138          059003.000245   059003.000346          1.0000  cm-1
38798.647    0.042      8072.147          059003.000093   059003.000203          1.0000  cm-1
38794.283    0.056      12101.666         059003.000239   059003.000343          1.0000  cm-1
38794.283    0.056      12101.666         059003.000127   059003.000238 P        0.0000  cm-1
38780.108    0.041      8052.844          059003.000240   059003.000344          1.0000  cm-1
38770.655    0.100      4021.318          059003.000104   059003.000208          0.1609  cm-1
38770.655    0.100      4021.318          059003.000119   059003.000222          0.2719  cm-1
38770.655    0.100      4021.318          059003.000245   059003.000556          0.5672  cm-1
38768.053    0.041      8039.831          059003.000250   059003.000669          0.7742  cm-1
38768.053    0.041      8039.831          059003.000120   059003.000226          0.2258  cm-1
38766.396    0.044      36171.299         059003.000214   059003.000328          1.0000  cm-1
38757.214    0.040      4013.896          059003.000155   059003.000273          1.0000  cm-1
38748.249    0.045      36079.967         059003.000227   059003.000339          1.0000  cm-1
38746.719    0.073      12023.903         059003.000179   059003.000295          1.0000  cm-1
38734.819    0.042      8002.114          059003.000108   059003.000211          1.0000  cm-1
38726.350    0.040      3996.108          059003.000001   059003.000165          0.1509  cm-1
38726.350    0.040      3996.108          059003.000157   059003.000273          0.8270  cm-1
38726.350    0.040      3996.108          059003.000202   059003.000317          0.0221  cm-1
38717.590    0.044      15963.627         059003.000227   059003.000338          1.0000  cm-1
38715.961    0.065      19949.548         059003.000251   059003.000347          0.3676  cm-1
38715.961    0.065      19949.548         059003.000211   059003.000325          0.6324  cm-1
38714.158    0.042      19943.728         059003.000230   059003.000340 P        0.0000  cm-1
38714.158    0.042      19943.728         059003.000099   059003.000205          1.0000  cm-1
38707.296    0.047      3984.633          059003.000244   059003.000345          1.0000  cm-1
38701.828    0.195      11943.626         059003.000168   059003.000279 P        0.0000  cm-1
38697.658    0.040      3978.596          059003.000130   059003.000240          1.0000  cm-1
38683.379    0.039      3969.564          059003.000176   059003.000283          1.0000  cm-1
38677.381    0.042      23794.413         059003.000221   059003.000543          1.0000  cm-1
38676.558    0.042      11895.610         059003.000223   059003.000335          1.0000  cm-1
38667.640    0.041      15837.547         059003.000212   059003.000325          1.0000  cm-1
38663.925    0.045      11870.453         059003.000084   059003.000197          1.0000  cm-1
38657.369    0.040      3952.495          059003.000131   059003.000245          0.8711  cm-1
38657.369    0.040      3952.495          059003.000229   059003.000545          0.1289  cm-1
38653.708    0.044      3950.056          059003.000153   059003.000272          1.0000  cm-1
38652.269    0.065      7898.253          059003.000246   059003.000554          1.0000  cm-1
38647.279    0.069      3945.703          059003.000228   059003.000544          1.0000  cm-1
38640.218    0.040      19704.596         059003.000226   059003.000336          1.0000  cm-1
38632.681    0.042      78712.325         059003.000132   059003.000251          1.0000  cm-1
38631.085    0.042      35410.554         059003.000082   059003.000196          1.0000  cm-1
38618.643    0.040      7851.651          059003.000212   059003.000324          1.0000  cm-1
38616.986    0.041      3924.628          059003.000251   059003.000669          1.0000  cm-1
38609.294    0.041      23514.715         059003.000088   059003.000199 P        0.0000  cm-1
38609.294    0.041      23514.715         059003.000200   059003.000541          1.0000  cm-1
38606.588    0.042      19585.799         059003.000289   059003.000565 P        0.0000  cm-1
38606.588    0.042      19585.799         059003.000205   059003.000320          1.0000  cm-1
38604.727    0.042      7831.436          059003.000181   059003.000299          1.0000  cm-1
38599.906    0.041      15649.141         059003.000152   059003.000271          0.2346  cm-1
38599.906    0.041      15649.141         059003.000221   059003.000334          0.7654  cm-1
38594.715    0.039      11725.444         059003.000215   059003.000327          1.0000  cm-1
38593.196    0.043      35165.446         059003.000096   059003.000203          1.0000  cm-1
38569.964    0.039      23339.533         059003.000252   059003.000559          1.0000  cm-1
38562.293    0.039      7768.112          059003.000202   059003.000316          1.0000  cm-1
38556.247    0.047      19396.818         059003.000307   059003.000572 P        0.0000  cm-1
38556.247    0.047      19396.818         059003.000246   059003.000345          1.0000  cm-1
38546.628    0.039      3871.792          059003.000435   059003.000555          1.0000  cm-1
38545.270    0.042      3870.775          059003.000299   059003.000680          1.0000  cm-1
38545.270    0.042      3870.775          059003.000442   059003.000564 P        0.0000  cm-1
38539.492    0.042      23196.539         059003.000131   059003.000244          1.0000  cm-1
38536.879    0.054      15456.272         059003.000185   059003.000453          1.0000  cm-1
38532.592    0.041      15442.490         059003.000115   059003.000220          1.0000  cm-1
38519.706    0.041      34651.663         059003.000126   059003.000235          1.0000  cm-1
38519.706    0.041      34651.663         059003.000314   059003.000536 P        0.0000  cm-1
38517.391    0.042      3848.381          059003.000237   059003.000341          1.0000  cm-1
38509.843    0.040      3842.166          059003.000229   059003.000544          1.0000  cm-1
38496.747    0.084      34481.290         059003.000201   059003.000541          0.4983  cm-1
38496.747    0.084      34481.290         059003.000131   059003.000243          0.5017  cm-1
38482.785    0.039      3819.414          059003.000121   059003.000224          1.0000  cm-1
38479.073    0.039      15265.279         059003.000219   059003.000331          1.0000  cm-1
38471.779    0.039      15240.013         059003.000031   059003.000173 P        0.0000  cm-1
38469.874    0.039      3808.404          059003.000219   059003.000330          1.0000  cm-1
38466.064    0.040      3805.041          059003.000112   059003.000216          1.0000  cm-1
38450.537    0.040      3791.505          059003.000226   059003.000335          1.0000  cm-1
38435.927    0.041      22670.524         059003.000239   059003.000550 P        0.0000  cm-1
38425.809    0.300      3769.214          059003.000135   059003.000254 P        0.0000  cm-1
38425.809    0.300      3769.214          059003.000183   059003.000298          1.0000  cm-1
38421.466    0.041      11296.093         059003.000248   059003.000555          1.0000  cm-1
38417.211    0.041      3761.384          059003.000159   059003.000275          1.0000  cm-1
38413.857    0.039      7516.747          059003.000134   059003.000252          0.0817  cm-1
38413.857    0.039      7516.747          059003.000433   059003.000344          0.9183  cm-1
38413.857    0.039      7516.747          059003.000243   059003.000344 P        0.0000  cm-1
38411.349    0.040      15024.248         059003.000204   059003.000318          0.4732  cm-1
38411.349    0.040      15024.248         059003.000130   059003.000238          0.5268  cm-1
38410.339    0.042      15020.222         059003.000084   059003.000196          0.4339  cm-1
38410.339    0.042      15020.222         059003.000115   059003.000218          0.5661  cm-1
38410.339    0.042      15020.222         059003.000315   059003.000536 P        0.0000  cm-1
38401.736    0.043      3747.212          059003.000214   059003.000326          1.0000  cm-1
38400.922    0.041      7492.859          059003.000237   059003.000340          1.0000  cm-1
38397.613    0.039      7486.561          059003.000158   059003.000273          1.0000  cm-1
38396.244    0.042      22451.652         059003.000099   059003.000203          1.0000  cm-1
38384.150    0.042      11192.019         059003.000203   059003.000316          1.0000  cm-1
38355.256    0.152      22220.298         059003.000312   059003.000427 P        0.0000  cm-1
38355.256    0.152      22220.298         059003.000220   059003.000330 P        0.0000  cm-1
38355.256    0.152      22220.298         059003.000127   059003.000235          1.0000  cm-1
38353.974    0.042      18507.597         059003.000146   059003.000267          1.0000  cm-1
38350.327    0.040      7395.843          059003.000178   059003.000443          1.0000  cm-1
38333.509    0.101      18407.378         059003.000213   059003.000325          0.8092  cm-1
38333.509    0.101      18407.378         059003.000433   059003.000343          0.1908  cm-1
38333.509    0.101      18407.378         059003.000243   059003.000343 P        0.0000  cm-1
38328.533    0.041      22058.345         059003.000126   059003.000237          1.0000  cm-1
38323.883    0.040      11015.444         059003.000232   059003.000544          1.0000  cm-1
38318.177    0.041      25661.935         059003.000123   059003.000223          1.0000  cm-1
38318.177    0.041      25661.935         059003.000148   059003.000269 P        0.0000  cm-1
38313.789    0.042      14646.745         059003.000230   059003.000339          1.0000  cm-1
38301.807    0.043      21895.910         059003.000073   059003.000195          1.0000  cm-1
38297.477    0.045      29160.510         059003.000227   059003.000335          1.0000  cm-1
38288.434    0.039      7271.432          059003.000252   059003.000558          1.0000  cm-1
38285.637    0.041      25428.971         059003.000073   059003.000194          1.0000  cm-1
38283.128    0.042      10890.685         059003.000230   059003.000338          1.0000  cm-1
38283.128    0.042      10890.685         059003.000239   059003.000548 P        0.0000  cm-1
38282.247    0.044      10887.719         059003.000158   059003.000272          1.0000  cm-1
38280.266    0.045      3627.222          059003.000248   059003.000345          1.0000  cm-1
38280.266    0.045      3627.222          059003.000327   059003.000682 P        0.0000  cm-1
38253.169    0.040      10796.010         059003.000204   059003.000317 P        0.0000  cm-1
38253.169    0.040      10796.010         059003.000245   059003.000344          1.0000  cm-1
38248.933    0.040      7188.329          059003.000215   059003.000325          1.0000  cm-1
38244.608    0.040      10768.527         059003.000249   059003.000555          1.0000  cm-1
38236.191    0.044      32222.985         059003.000113   059003.000214          1.0000  cm-1
38236.191    0.044      32222.985         059003.000250   059003.000555 P        0.0000  cm-1
38220.107    0.044      32067.368         059003.000214   059003.000324          1.0000  cm-1
38214.115    0.039      3556.456          059003.000316   059003.000536 P        0.0000  cm-1
38214.115    0.039      3556.456          059003.000276   059003.000563 P        0.0000  cm-1
38214.115    0.039      3556.456          059003.000208   059003.000321          1.0000  cm-1
38211.963    0.039      10662.051         059003.000159   059003.000273          1.0000  cm-1
38201.627    0.042      14170.739         059003.000209   059003.000542          1.0000  cm-1
38193.037    0.053      28264.568         059003.000186   059003.000453          1.0000  cm-1
38189.390    0.042      10587.231         059003.000203   059003.000315          1.0000  cm-1
38189.390    0.042      10587.231         059003.000434   059003.000344 P        0.0000  cm-1
38183.642    0.040      21134.957         059003.000111   059003.000210          1.0000  cm-1
38172.637    0.053      7020.423          059003.000245   059003.000343          1.0000  cm-1
38168.658    0.042      3505.739          059003.000230   059003.000337          1.0000  cm-1
38164.043    0.157      3501.025          059003.000127   059003.000237          1.0000  cm-1
38160.747    0.048      10490.172         059003.000251   059003.000346          1.0000  cm-1
38157.376    0.040      3492.751          059003.000119   059003.000221          1.0000  cm-1
38152.262    0.040      6974.102          059003.000202   059003.000541          1.0000  cm-1
38139.299    0.041      3472.068          059003.000236   059003.000547          1.0000  cm-1
38132.229    0.039      17319.021         059003.000126   059003.000231          1.0000  cm-1
38127.458    0.039      6916.507          059003.000130   059003.000236          1.0000  cm-1
38120.856    0.053      17253.181         059003.000247   059003.000343          1.0000  cm-1
38116.693    0.040      3445.763          059003.000219   059003.000328          1.0000  cm-1
38098.079    0.040      23966.513         059003.000235   059003.000545          1.0000  cm-1
38089.238    0.041      3413.281          059003.000314   059003.000534 P        0.0000  cm-1
38089.238    0.041      3413.281          059003.000204   059003.000316 P        0.0000  cm-1
38089.238    0.041      3413.281          059003.000209   059003.000322          1.0000  cm-1
38085.297    0.042      136337.728        059003.000085   059003.000196          1.0000  cm-1
38080.221    0.049      23817.508         059003.000203   059003.000314          1.0000  cm-1
38072.872    0.040      16967.536         059003.000095   059003.000200          1.0000  cm-1
38069.104    0.038      3389.045          059003.000435   059003.000344          0.8773  cm-1
38069.104    0.038      3389.045          059003.000255   059003.000669          0.1227  cm-1
38066.240    0.042      6771.298          059003.000205   059003.000316          1.0000  cm-1
38066.240    0.042      6771.298          059003.000097   059003.000201 P        0.0000  cm-1
38055.812    0.039      16864.258         059003.000153   059003.000437          0.5249  cm-1
38055.812    0.039      16864.258         059003.000114   059003.000213          0.4751  cm-1
38052.817    0.121      3369.366          059003.000433   059003.000551 P        0.0000  cm-1
38052.817    0.121      3369.366          059003.000243   059003.000551 P        0.0000  cm-1
38052.817    0.121      3369.366          059003.000230   059003.000336          1.0000  cm-1
38038.647    0.115      16759.413         059003.000221   059003.000330 P        0.0000  cm-1
38038.647    0.115      16759.413         059003.000132   059003.000247          1.0000  cm-1
38038.647    0.115      16759.413         059003.000224   059003.000543 P        0.0000  cm-1
38025.738    0.039      23351.803         059003.000156   059003.000437          1.0000  cm-1
38019.990    0.041      23301.870         059003.000132   059003.000246          1.0000  cm-1
38012.572    0.041      3319.765          059003.000221   059003.000329          1.0000  cm-1
38000.495    0.039      3304.660          059003.000256   059003.000559          1.0000  cm-1
37994.378    0.159      13185.449         059003.000268   059003.000668 P        0.0000  cm-1
37994.378    0.159      13185.449         059003.000149   059003.000267          1.0000  cm-1
37992.820    0.158      3294.601          059003.000087   059003.000198          0.4105  cm-1
37992.820    0.158      3294.601          059003.000134   059003.000250          0.5895  cm-1
37967.740    0.149      9792.150          059003.000127   059003.000231          1.0000  cm-1
37943.493    0.046      16161.175         059003.000251   059003.000345          1.0000  cm-1
37914.863    0.040      9584.928          059003.000093   059003.000199          1.0000  cm-1
37906.533    0.205      3184.183          059003.000184   059003.000448          1.0000  cm-1
37883.575    0.040      3153.929          059003.000135   059003.000251          1.0000  cm-1
37871.677    0.041      6276.646          059003.000205   059003.000315          1.0000  cm-1
37871.677    0.041      6276.646          059003.000438   059003.000563 P        0.0000  cm-1
37870.304    0.050      12545.691         059003.000167   059003.000442          1.0000  cm-1
37868.928    0.041      25075.980         059003.000132   059003.000244          1.0000  cm-1
37863.251    0.077      12508.562         059003.000212   059003.000323          0.3607  cm-1
37863.251    0.077      12508.562         059003.000248   059003.000343 P        0.0000  cm-1
37863.251    0.077      12508.562         059003.000230   059003.000335          0.6393  cm-1
37842.509    0.041      3099.264          059003.000160   059003.000277          0.4239  cm-1
37842.509    0.041      3099.264          059003.000075   059003.000194          0.5761  cm-1
37841.041    0.040      9291.985          059003.000142   059003.000260          0.0232  cm-1
37841.041    0.040      9291.985          059003.000119   059003.000220          0.9768  cm-1
37833.724    0.040      9262.306          059003.000112   059003.000211          1.0000  cm-1
37804.723    0.146      6096.176          059003.000184   059003.000654          0.7108  cm-1
37804.723    0.146      6096.176          059003.000150   059003.000268          0.2892  cm-1
37801.479    0.042      60875.509         059003.000329   059003.000682 P        0.0000  cm-1
37801.479    0.042      60875.509         059003.000181   059003.000296          1.0000  cm-1
37795.656    0.039      3035.986          059003.000236   059003.000544          1.0000  cm-1
37795.656    0.039      3035.986          059003.000305   059003.000570 P        0.0000  cm-1
37770.724    0.042      27015.692         059003.000106   059003.000205          1.0000  cm-1
37767.045    0.038      2996.806          059003.000249   059003.000344          1.0000  cm-1
37767.045    0.038      2996.806          059003.000331   059003.000682 P        0.0000  cm-1
37762.395    0.048      17942.676         059003.000205   059003.000314          1.0000  cm-1
37762.395    0.048      17942.676         059003.000247   059003.000550 P        0.0000  cm-1
37752.118    0.038      2976.265          059003.000219   059003.000326          1.0000  cm-1
37739.388    0.041      23669.192         059003.000237   059003.000336          1.0000  cm-1
37739.388    0.041      23669.192         059003.000148   059003.000266 P        0.0000  cm-1
37732.423    0.038      2948.906          059003.000135   059003.000250 P        0.0000  cm-1
37732.423    0.038      2948.906          059003.000132   059003.000241          1.0000  cm-1
37726.666    0.175      5881.804          059003.000142   059003.000259 P        0.0000  cm-1
37723.823    0.038      2936.905          059003.000439   059003.000563 P        0.0000  cm-1
37723.823    0.038      2936.905          059003.000135   059003.000249          1.0000  cm-1
37721.751    0.038      14669.760         059003.000114   059003.000212          1.0000  cm-1
37718.698    0.041      2929.703          059003.000119   059003.000218          1.0000  cm-1
37718.698    0.041      2929.703          059003.000316   059003.000533 P        0.0000  cm-1
37714.923    0.038      2924.625          059003.000208   059003.000318          1.0000  cm-1
37682.075    0.170      2879.649          059003.000161   059003.000439          1.0000  cm-1
37675.246    0.038      2868.877          059003.000130   059003.000233          1.0000  cm-1
37675.246    0.038      2868.877          059003.000320   059003.000536 P        0.0000  cm-1
37673.379    0.044      8599.066          059003.000252   059003.000345          1.0000  cm-1
37641.285    0.039      2820.865          059003.000112   059003.000209          0.5563  cm-1
37641.285    0.039      2820.865          059003.000160   059003.000274          0.2319  cm-1
37641.285    0.039      2820.865          059003.000133   059003.000244          0.2118  cm-1
37638.521    0.041      19718.209         059003.000087   059003.000196          1.0000  cm-1
37627.984    0.041      11208.246         059003.000246   059003.000548          1.0000  cm-1
37627.022    0.041      56010.199         059003.000184   059003.000299          1.0000  cm-1
37621.195    0.152      2793.759          059003.000139   059003.000257          1.0000  cm-1
37619.424    0.046      2789.900          059003.000219   059003.000325          0.7934  cm-1
37619.424    0.046      2789.900          059003.000182   059003.000295          0.2066  cm-1
37607.775    0.037      5546.324          059003.000158   059003.000436          1.0000  cm-1
37589.153    0.038      5493.011          059003.000180   059003.000293          1.0000  cm-1
37585.003    0.038      2740.529          059003.000130   059003.000231          1.0000  cm-1
37577.164    0.092      5458.359          059003.000150   059003.000267          1.0000  cm-1
37570.410    0.038      2719.702          059003.000219   059003.000324          1.0000  cm-1
37568.644    0.037      5434.170          059003.000143   059003.000647          1.0000  cm-1
37563.808    0.041      10840.159         059003.000131   059003.000234          1.0000  cm-1
37547.045    0.039      5371.855          059003.000135   059003.000248          1.0000  cm-1
37534.505    0.040      8004.014          059003.000161   059003.000438          0.1463  cm-1
37534.505    0.040      8004.014          059003.000221   059003.000327          0.8537  cm-1
37524.822    0.042      23884.329         059003.000108   059003.000205          1.0000  cm-1
37512.493    0.040      13179.809         059003.000099   059003.000199          1.0000  cm-1
37509.729    0.292      2631.441          059003.000125   059003.000222          1.0000  cm-1
37501.766    0.038      10481.652         059003.000108   059003.000204          1.0000  cm-1
37498.138    0.039      2615.167          059003.000318   059003.000535 P        0.0000  cm-1
37498.138    0.039      2615.167          059003.000114   059003.000210          1.0000  cm-1
37495.063    0.046      5221.774          059003.000270   059003.000668 P        0.0000  cm-1
37495.063    0.046      5221.774          059003.000209   059003.000319          1.0000  cm-1
37476.978    0.042      51688.747         059003.000120   059003.000218          1.0000  cm-1
37472.863    0.041      12892.309         059003.000129   059003.000230          1.0000  cm-1
37468.723    0.037      2572.544          059003.000633   059003.000650 P        0.0000  cm-1
37467.401    0.039      12852.696         059003.000101   059003.000201          1.0000  cm-1
37452.877    0.042      15296.406         059003.000155   059003.000270          0.3035  cm-1
37452.877    0.042      15296.406         059003.000106   059003.000203          0.6965  cm-1
37428.901    0.050      10057.984         059003.000164   059003.000439          1.0000  cm-1
37422.481    0.038      2505.266          059003.000248   059003.000549          1.0000  cm-1
37418.504    0.040      12496.671         059003.000088   059003.000196          1.0000  cm-1
37413.329    0.038      4983.608          059003.000130   059003.000229          1.0000  cm-1
37408.830    0.039      12426.043         059003.000102   059003.000201          1.0000  cm-1
37405.274    0.040      19840.264         059003.000131   059003.000235          1.0000  cm-1
37404.154    0.037      14870.807         059003.000179   059003.000633          1.0000  cm-1
37399.225    0.037      12356.375         059003.000222   059003.000329 P        0.0000  cm-1
37375.316    0.039      12181.531         059003.000123   059003.000220          1.0000  cm-1
37374.694    0.181      4870.859          059003.000160   059003.000272          1.0000  cm-1
37365.125    0.037      12106.967         059003.000121   059003.000217          1.0000  cm-1
37365.125    0.037      12106.967         059003.000132   059003.000239 P        0.0000  cm-1
37348.356    0.038      9588.283          059003.000212   059003.000320          1.0000  cm-1
37336.911    0.301      14280.072         059003.000134   059003.000243          0.6862  cm-1
37336.911    0.301      14280.072         059003.000226   059003.000332          0.3138  cm-1
37321.753    0.039      7074.037          059003.000115   059003.000211          1.0000  cm-1
37309.791    0.041      163839.375        059003.000076   059003.000194          1.0000  cm-1
37297.275    0.037      2322.273          059003.000112   059003.000208          1.0000  cm-1
37290.536    0.038      2312.509          059003.000168   059003.000440          1.0000  cm-1
37288.405    0.043      11547.096         059003.000163   059003.000438          1.0000  cm-1
37286.348    0.038      4612.796          059003.000112   059003.000207          1.0000  cm-1
37266.194    0.040      9108.118          059003.000186   059003.000676 P        0.0000  cm-1
37266.194    0.040      9108.118          059003.000159   059003.000271 P        0.0000  cm-1
37262.529    0.039      15901.661         059003.000119   059003.000216          1.0000  cm-1
37260.906    0.038      2269.244          059003.000123   059003.000219          1.0000  cm-1
37258.922    0.043      6799.295          059003.000311   059003.000421 P        0.0000  cm-1
37256.781    0.038      6789.689          059003.000104   059003.000201          1.0000  cm-1
37252.925    0.040      9030.364          059003.000123   059003.000218          1.0000  cm-1
37244.749    0.043      20210.855         059003.000320   059003.000534 P        0.0000  cm-1
37244.749    0.043      20210.855         059003.000091   059003.000197          1.0000  cm-1
37244.749    0.043      20210.855         059003.000299   059003.000670 P        0.0000  cm-1
37244.749    0.043      20210.855         059003.000313   059003.000636 P        0.0000  cm-1
37243.373    0.143      17947.876         059003.000134   059003.000241          1.0000  cm-1
37237.725    0.038      6706.530          059003.000135   059003.000245          1.0000  cm-1
37228.742    0.147      13333.304         059003.000150   059003.000266          1.0000  cm-1
37214.138    0.040      19810.813         059003.000334   059003.000682 P        0.0000  cm-1
37214.138    0.040      19810.813         059003.000131   059003.000237          1.0000  cm-1
37212.651    0.039      6597.634          059003.000209   059003.000317          1.0000  cm-1
37206.943    0.040      10953.690         059003.000108   059003.000203          1.0000  cm-1
37201.767    0.046      17465.389         059003.000126   059003.000223          0.5112  cm-1
37201.767    0.046      17465.389         059003.000151   059003.000266          0.4888  cm-1
37198.093    0.038      2178.087          059003.000208   059003.000315          1.0000  cm-1
37198.093    0.038      2178.087          059003.000296   059003.000684 P        0.0000  cm-1
37191.584    0.063      13011.364         059003.000161   059003.000276          1.0000  cm-1
37188.688    0.039      15151.132         059003.000221   059003.000325          1.0000  cm-1
37179.926    0.037      10758.787         059003.000242   059003.000546          1.0000  cm-1
37179.373    0.043      17207.002         059003.000180   059003.000445          1.0000  cm-1
37146.388    0.039      8412.527          059003.000115   059003.000210          1.0000  cm-1
37144.476    0.038      10501.870         059003.000104   059003.000200          1.0000  cm-1
37125.916    0.037      8294.564          059003.000111   059003.000204          1.0000  cm-1
37093.452    0.045      6081.323          059003.000158   059003.000270          1.0000  cm-1
37086.483    0.037      4034.421          059003.000137   059003.000653          1.0000  cm-1
37085.841    0.039      4032.733          059003.000251   059003.000549          1.0000  cm-1
37067.964    0.075      1991.109          059003.000189   059003.000454          1.0000  cm-1
37050.353    0.147      1966.623          059003.000127   059003.000224          1.0000  cm-1
37037.891    0.600      3896.129          059003.000246   059003.000341 P        0.0000  cm-1
37037.891    0.600      3896.129          059003.000129   059003.000227          0.5268  cm-1
37037.891    0.600      3896.129          059003.000253   059003.000553 P        0.0000  cm-1
37037.891    0.600      3896.129          059003.000127   059003.000223          0.4732  cm-1
37035.613    0.066      9724.258          059003.000165   059003.000277          1.0000  cm-1
37017.803    0.037      7678.509          059003.000131   059003.000231          1.0000  cm-1
37014.676    0.038      1915.353          059003.000225   059003.000328          1.0000  cm-1
37006.656    0.037      1904.005          059003.000433   059003.000545          0.1365  cm-1
37006.656    0.037      1904.005          059003.000243   059003.000545          0.8635  cm-1
36998.212    0.037      7568.304          059003.000321   059003.000535 P        0.0000  cm-1
36987.405    0.040      11261.482         059003.000095   059003.000198          1.0000  cm-1
36982.729    0.037      3740.873          059003.000208   059003.000541          1.0000  cm-1
36977.579    0.041      11178.023         059003.000093   059003.000197          1.0000  cm-1
36972.124    0.056      3711.099          059003.000629   059003.000683          1.0000  cm-1
36967.161    0.042      9242.903          059003.000154   059003.000269          1.0000  cm-1
36967.161    0.042      9242.903          059003.000262   059003.000348 P        0.0000  cm-1
36965.734    0.062      1846.589          059003.000153   059003.000268          1.0000  cm-1
36954.045    0.164      10981.447         059003.000146   059003.000264          1.0000  cm-1
36954.045    0.164      10981.447         059003.000253   059003.000551 P        0.0000  cm-1
36948.606    0.038      7290.877          059003.000121   059003.000216          1.0000  cm-1
36935.582    0.062      9023.351          059003.000156   059003.000268          1.0000  cm-1
36931.382    0.036      1798.855          059003.000162   059003.000674          1.0000  cm-1
36929.638    0.037      1796.516          059003.000215   059003.000320          1.0000  cm-1
36924.460    0.040      3578.742          059003.000246   059003.000340          1.0000  cm-1
36914.788    0.500      15980.220         059003.000141   059003.000257          1.0000  cm-1
36907.690    0.045      1766.110          059003.000159   059003.000270          1.0000  cm-1
36896.119    0.150      3499.604          059003.000125   059003.000221          0.8089  cm-1
36896.119    0.150      3499.604          059003.000224   059003.000327          0.1911  cm-1
36893.158    0.040      6984.577          059003.000132   059003.000234          1.0000  cm-1
36888.176    0.202      5215.806          059003.000165   059003.000275          1.0000  cm-1
36885.383    0.038      69419.901         059003.000129   059003.000226          1.0000  cm-1
36879.354    0.042      15545.028         059003.000080   059003.000195          1.0000  cm-1
36876.206    0.062      6890.232          059003.000134   059003.000239          1.0000  cm-1
36875.722    0.142      5167.226          059003.000253   059003.000550 P        0.0000  cm-1
36868.356    0.040      3424.779          059003.000097   059003.000198          1.0000  cm-1
36866.241    0.037      8547.337          059003.000163   059003.000274          1.0000  cm-1
36863.221    0.040      15348.015         059003.000080   059003.000194          1.0000  cm-1
36859.750    0.037      1700.682          059003.000162   059003.000273          1.0000  cm-1
36856.973    0.036      3393.850          059003.000147   059003.000265          1.0000  cm-1
36855.395    0.037      8473.579          059003.000120   059003.000215          1.0000  cm-1
36833.577    0.500      6661.005          059003.000120   059003.000214 P        0.0000  cm-1
36833.577    0.500      6661.005          059003.000165   059003.000274          0.7255  cm-1
36833.577    0.500      6661.005          059003.000226   059003.000328          0.2745  cm-1
36833.577    0.500      6661.005          059003.000258   059003.000347 P        0.0000  cm-1
36833.577    0.500      6661.005          059003.000032   059003.000171 P        0.0000  cm-1
36815.187    0.037      1640.719          059003.000219   059003.000323          1.0000  cm-1
36808.763    0.038      8159.632          059003.000171   059003.000441          1.0000  cm-1
36773.842    0.157      4757.103          059003.000455   059003.000570          1.0000  cm-1
36772.070    0.042      31664.711         059003.000096   059003.000197          1.0000  cm-1
36770.688    0.038      12651.517         059003.000120   059003.000213          1.0000  cm-1
36768.776    0.040      4737.090          059003.000098   059003.000198          1.0000  cm-1
36752.603    0.036      7788.877          059003.000137   059003.000434          1.0000  cm-1
36748.184    0.041      1552.082          059003.000644   059003.000589 P        0.0000  cm-1
36748.184    0.041      1552.082          059003.000230   059003.000332          1.0000  cm-1
36744.417    0.037      4641.422          059003.000242   059003.000339          1.0000  cm-1
36739.282    0.040      12322.430         059003.000081   059003.000194          1.0000  cm-1
36724.649    0.040      13691.556         059003.000179   059003.000292          1.0000  cm-1
36704.444    0.038      4485.737          059003.000431   059003.000542 P        0.0000  cm-1
36699.503    0.042      148877.580        059003.000113   059003.000206          1.0000  cm-1
36667.301    0.066      8686.648          059003.000130   059003.000224          1.0000  cm-1
36659.446    0.040      12939.996         059003.000129   059003.000223          1.0000  cm-1
36647.932    0.050      1422.800          059003.000183   059003.000293          1.0000  cm-1
36641.622    0.036      1415.362          059003.000130   059003.000222          1.0000  cm-1
36638.957    0.040      11295.991         059003.000082   059003.000195          0.7093  cm-1
36638.957    0.040      11295.991         059003.000209   059003.000541          0.2907  cm-1
36630.156    0.039      12608.826         059003.000119   059003.000211          1.0000  cm-1
36622.976    0.039      9744.314          059003.000082   059003.000194          1.0000  cm-1
36615.741    0.048      4149.138          059003.000457   059003.000592 P        0.0000  cm-1
36615.741    0.048      4149.138          059003.000167   059003.000276          1.0000  cm-1
36613.426    0.037      1380.340          059003.000212   059003.000315          1.0000  cm-1
36601.275    0.036      1365.223          059003.000138   059003.000653          1.0000  cm-1
36599.683    0.042      1363.261          059003.000163   059003.000272          1.0000  cm-1
36583.538    0.041      9403.292          059003.000114   059003.000206          1.0000  cm-1
36579.958    0.138      1338.634          059003.000125   059003.000220          1.0000  cm-1
36579.958    0.138      1338.634          059003.000250   059003.000341 P        0.0000  cm-1
36575.278    0.040      11999.388         059003.000126   059003.000221          0.5811  cm-1
36575.278    0.040      11999.388         059003.000099   059003.000197          0.4189  cm-1
36569.052    0.039      3977.088          059003.000106   059003.000199          1.0000  cm-1
36567.958    0.039      1324.383          059003.000146   059003.000262          1.0000  cm-1
36560.687    0.037      10524.851         059003.000186   059003.000302          1.0000  cm-1
36546.895    0.039      10391.456         059003.000083   059003.000194          1.0000  cm-1
36546.895    0.039      10391.456         059003.000123   059003.000213 P        0.0000  cm-1
36543.561    0.038      2589.837          059003.000132   059003.000237          1.0000  cm-1
36537.026    0.037      1287.151          059003.000248   059003.000545 P        0.0000  cm-1
36504.148    0.045      7489.174          059003.000212   059003.000314          1.0000  cm-1
36468.656    0.140      1206.745          059003.000226   059003.000326          0.1908  cm-1
36468.656    0.140      1206.745          059003.000259   059003.000347 P        0.0000  cm-1
36468.656    0.140      1206.745          059003.000656   059003.000670 P        0.0000  cm-1
36468.656    0.140      1206.745          059003.000225   059003.000324          0.8092  cm-1
36463.463    0.039      4802.391          059003.000114   059003.000205          1.0000  cm-1
36454.827    0.038      8334.545          059003.000119   059003.000210          1.0000  cm-1
36454.827    0.038      8334.545          059003.000309   059003.000571 P        0.0000  cm-1
36440.252    0.036      1174.012          059003.000114   059003.000204 P        0.0000  cm-1
36440.252    0.036      1174.012          059003.000168   059003.000274          1.0000  cm-1
36437.776    0.039      10540.372         059003.000119   059003.000209          1.0000  cm-1
36436.662    0.036      10528.803         059003.000120   059003.000212          1.0000  cm-1
36436.662    0.036      10528.803         059003.000034   059003.000182 P        0.0000  cm-1
36424.534    0.038      4624.669          059003.000135   059003.000238          1.0000  cm-1
36418.290    0.147      5743.422          059003.000084   059003.000195          0.1720  cm-1
36418.290    0.147      5743.422          059003.000125   059003.000217          0.8280  cm-1
36410.656    0.154      4564.661          059003.000127   059003.000221          1.0000  cm-1
36402.509    0.036      7920.121          059003.000185   059003.000449          1.0000  cm-1
36323.188    0.038      3134.257          059003.000108   059003.000199          1.0000  cm-1
36323.188    0.038      3134.257          059003.000314   059003.000529 P        0.0000  cm-1
36321.621    0.039      5215.508          059003.000336   059003.000682 P        0.0000  cm-1
36321.621    0.039      5215.508          059003.000099   059003.000196          1.0000  cm-1
36316.205    0.500      5187.623          059003.000121   059003.000211          0.1400  cm-1
36316.205    0.500      5187.623          059003.000133   059003.000237          0.8600  cm-1
36301.397    0.170      3067.615          059003.000148   059003.000262          1.0000  cm-1
36287.201    0.037      3020.723          059003.000226   059003.000324          1.0000  cm-1
36277.672    0.049      1993.827          059003.000258   059003.000346 P        0.0000  cm-1
36258.962    0.154      7820.009          059003.000237   059003.000329 P        0.0000  cm-1
36258.962    0.154      7820.009          059003.000126   059003.000220          1.0000  cm-1
36245.731    0.151      5781.917          059003.000134   059003.000235          1.0000  cm-1
36245.731    0.151      5781.917          059003.000247   059003.000336 P        0.0000  cm-1
36230.220    0.039      1896.633          059003.000132   059003.000230          1.0000  cm-1
36219.700    0.501      7499.119          059003.000541   059003.000526 P        0.0000  cm-1
36219.700    0.501      7499.119          059003.000141   059003.000255          1.0000  cm-1
36219.700    0.501      7499.119          059003.000238   059003.000334 P        0.0000  cm-1
36213.114    0.039      8380.699          059003.000315   059003.000529 P        0.0000  cm-1
36213.114    0.039      8380.699          059003.000120   059003.000210          1.0000  cm-1
36205.297    0.036      2770.415          059003.000337   059003.000682 P        0.0000  cm-1
36205.297    0.036      2770.415          059003.000176   059003.000440          1.0000  cm-1
36194.891    0.035      4566.048          059003.000215   059003.000315 P        0.0000  cm-1
36193.295    0.300      5469.583          059003.000150   059003.000265          1.0000  cm-1
36190.411    0.035      8179.262          059003.000185   059003.000643          1.0000  cm-1
36150.277    0.041      6088.386          059003.000151   059003.000264          1.0000  cm-1
36150.277    0.041      6088.386          059003.000437   059003.000671 P        0.0000  cm-1
36145.639    0.039      1730.942          059003.000114   059003.000203          1.0000  cm-1
36144.487    0.036      5186.326          059003.000126   059003.000219          1.0000  cm-1
36136.506    0.040      7711.226          059003.000126   059003.000218          1.0000  cm-1
36131.082    0.035      2555.255          059003.000152   059003.000265          1.0000  cm-1
36093.564    0.157      4082.383          059003.000119   059003.000208          0.2302  cm-1
36093.564    0.157      4082.383          059003.000085   059003.000195          0.7698  cm-1
36087.346    0.038      3244.453          059003.000131   059003.000223          1.0000  cm-1
36058.659    0.036      7067.167          059003.000186   059003.000449          1.0000  cm-1
36029.202    0.040      3036.649          059003.000172   059003.000277          1.0000  cm-1
36028.111    0.037      4549.138          059003.000130   059003.000221          1.0000  cm-1
36022.654    0.035      3013.922          059003.000157   059003.000645          1.0000  cm-1
36012.674    0.035      2979.313          059003.000432   059003.000542 P        0.0000  cm-1
36012.674    0.035      2979.313          059003.000257   059003.000552          1.0000  cm-1
36008.287    0.036      2964.142          059003.000327   059003.000536 P        0.0000  cm-1
36008.287    0.036      2964.142          059003.000185   059003.000447          1.0000  cm-1
36002.276    0.165      736.457           059003.000133   059003.000230          1.0000  cm-1
36001.429    0.152      5144.402          059003.000125   059003.000216          1.0000  cm-1
36001.429    0.152      5144.402          059003.000149   059003.000259 P        0.0000  cm-1
35995.686    0.035      1460.503          059003.000170   059003.000674          1.0000  cm-1
35989.100    0.037      1449.196          059003.000123   059003.000210          1.0000  cm-1
35985.628    0.037      1443.433          059003.000135   059003.000235          0.4734  cm-1
35985.628    0.037      1443.433          059003.000275   059003.000668          0.5266  cm-1
35980.065    0.148      2152.416          059003.000127   059003.000219          1.0000  cm-1
35972.443    0.500      3553.507          059003.000324   059003.000534 P        0.0000  cm-1
35972.443    0.500      3553.507          059003.000127   059003.000218          1.0000  cm-1
35972.443    0.500      3553.507          059003.000217   059003.000317 P        0.0000  cm-1
35969.746    0.066      3541.806          059003.000165   059003.000437          1.0000  cm-1
35925.179    0.035      1343.539          059003.000325   059003.000534 P        0.0000  cm-1
35925.179    0.035      1343.539          059003.000163   059003.000436          1.0000  cm-1
35924.099    0.036      1341.786          059003.000170   059003.000273          1.0000  cm-1
35907.015    0.041      657.194           059003.000324   059003.000533 P        0.0000  cm-1
35907.015    0.041      657.194           059003.000172   059003.000276          1.0000  cm-1
35870.630    0.041      4401.457          059003.000177   059003.000442          1.0000  cm-1
35794.555    0.038      5148.115          059003.000135   059003.000237          1.0000  cm-1
35794.555    0.038      5148.115          059003.000326   059003.000534 P        0.0000  cm-1
35765.379    0.063      4961.552          059003.000139   059003.000246          1.0000  cm-1
35729.324    0.516      526.992           059003.000224   059003.000322          0.0281  cm-1
35729.324    0.516      526.992           059003.000148   059003.000258          0.9719  cm-1
35671.789    0.066      9347.370          059003.000167   059003.000437 P        0.0000  cm-1
35671.789    0.066      9347.370          059003.000141   059003.000251          1.0000  cm-1
35664.420    0.035      3132.427          059003.000186   059003.000447          1.0000  cm-1
35646.551    0.039      2115.430          059003.000087   059003.000195          1.0000  cm-1
35646.551    0.039      2115.430          059003.000317   059003.000526 P        0.0000  cm-1
35631.808    0.040      7482.565          059003.000106   059003.000197          1.0000  cm-1
35631.808    0.040      7482.565          059003.000231   059003.000325 P        0.0000  cm-1
35602.140    0.035      4366.815          059003.000129   059003.000219          1.0000  cm-1
35598.163    0.035      6568.597          059003.000135   059003.000231          1.0000  cm-1
35553.159    0.042      1129.948          059003.000276   059003.000562          1.0000  cm-1
35544.946    0.063      10228.491         059003.000139   059003.000242          1.0000  cm-1
35544.946    0.063      10228.491         059003.000341   059003.000682 P        0.0000  cm-1
35529.414    0.057      1148.868          059003.000266   059003.000348          1.0000  cm-1
35515.010    0.035      6962.725          059003.000126   059003.000215          1.0000  cm-1
35462.075    0.036      2406.911          059003.000175   059003.000274          1.0000  cm-1
35458.863    0.039      2412.242          059003.000160   059003.000267          1.0000  cm-1
35414.777    0.063      11183.944         059003.000133   059003.000226          1.0000  cm-1
35410.822    0.185      3738.470          059003.000163   059003.000270          1.0000  cm-1
35410.822    0.185      3738.470          059003.000088   059003.000194 P        0.0000  cm-1
35378.213    0.500      8914.942          059003.000252   059003.000336 P        0.0000  cm-1
35378.213    0.500      8914.942          059003.000318   059003.000525 P        0.0000  cm-1
35378.213    0.500      8914.942          059003.000227   059003.000323 P        0.0000  cm-1
35378.213    0.500      8914.942          059003.000165   059003.000270          0.5453  cm-1
35378.213    0.500      8914.942          059003.000106   059003.000196          0.4547  cm-1
35361.784    0.035      2574.962          059003.000626   059003.000683          1.0000  cm-1
35361.784    0.035      2574.962          059003.000328   059003.000533 P        0.0000  cm-1
35354.404    0.034      3881.381          059003.000153   059003.000265          1.0000  cm-1
35350.437    0.063      11674.755         059003.000127   059003.000215          1.0000  cm-1
35338.128    0.036      3923.453          059003.000140   059003.000435 P        0.0000  cm-1
35338.128    0.036      3923.453          059003.000153   059003.000264          1.0000  cm-1
35327.315    0.157      2633.493          059003.000142   059003.000250          1.0000  cm-1
35310.928    0.037      2662.648          059003.000277   059003.000673          0.6084  cm-1
35310.928    0.037      2662.648          059003.000175   059003.000273          0.3916  cm-1
35265.958    0.153      2740.740          059003.000127   059003.000213          1.0000  cm-1
35261.844    0.037      4123.503          059003.000114   059003.000199          1.0000  cm-1
35260.702    0.036      6877.389          059003.000180   059003.000288          1.0000  cm-1
35250.604    0.034      1384.416          059003.000257   059003.000342          1.0000  cm-1
35233.545    0.063      12596.647         059003.000133   059003.000225          1.0000  cm-1
35219.998    0.087      9882.527          059003.000150   059003.000258          1.0000  cm-1
35206.595    0.504      7119.187          059003.000276   059003.000671 P        0.0000  cm-1
35206.595    0.504      7119.187          059003.000454   059003.000567          1.0000  cm-1
35193.933    0.115      2871.117          059003.000125   059003.000210          1.0000  cm-1
35188.787    0.063      11519.636         059003.000133   059003.000223          1.0000  cm-1
35178.384    0.038      11595.722         059003.000120   059003.000205          1.0000  cm-1
35176.876    0.066      29015.708         059003.000125   059003.000209          1.0000  cm-1
35158.769    0.037      1467.389          059003.000115   059003.000200          1.0000  cm-1
35150.302    0.035      2950.209          059003.000642   059003.000449          1.0000  cm-1
35102.431    0.034      1519.403          059003.000255   059003.000336          1.0000  cm-1
35101.448    0.035      1520.356          059003.000331   059003.000535 P        0.0000  cm-1
35096.264    0.035      10676.858         059003.000126   059003.000212          1.0000  cm-1
35094.503    0.038      3053.800          059003.000333   059003.000537 P        0.0000  cm-1
35094.503    0.038      3053.800          059003.000154   059003.000263          1.0000  cm-1
35077.700    0.066      7712.900          059003.000141   059003.000247          1.0000  cm-1
35077.700    0.066      7712.900          059003.000191   059003.000451 P        0.0000  cm-1
35074.980    0.142      3090.270          059003.000330   059003.000534 P        0.0000  cm-1
35066.088    0.035      1553.503          059003.000331   059003.000534 P        0.0000  cm-1
35066.088    0.035      1553.503          059003.000156   059003.000263 P        0.0000  cm-1
35059.139    0.066      9360.340          059003.000141   059003.000246          1.0000  cm-1
35048.068    0.036      4711.749          059003.000126   059003.000211          1.0000  cm-1
34984.844    0.043      4892.900          059003.000168   059003.000270          1.0000  cm-1
34982.908    0.034      6531.144          059003.000158   059003.000265          1.0000  cm-1
34966.654    0.036      1648.528          059003.000158   059003.000264          1.0000  cm-1
34954.418    0.038      4981.208          059003.000123   059003.000205          1.0000  cm-1
34952.454    0.159      8312.801          059003.000129   059003.000214          0.5314  cm-1
34952.454    0.159      8312.801          059003.000153   059003.000262          0.4686  cm-1
34940.588    0.067      11716.850         059003.000134   059003.000224          1.0000  cm-1
34931.889    0.063      15140.513         059003.000261   059003.000553 P        0.0000  cm-1
34931.889    0.063      15140.513         059003.000127   059003.000212          1.0000  cm-1
34926.920    0.063      1687.133          059003.000323   059003.000528 P        0.0000  cm-1
34911.545    0.069      11915.574         059003.000192   059003.000453          1.0000  cm-1
34908.206    0.068      6822.120          059003.000141   059003.000244          1.0000  cm-1
34896.043    0.035      8587.290          059003.000153   059003.000261          1.0000  cm-1
34887.897    0.035      5176.579          059003.000129   059003.000213          1.0000  cm-1
34883.488    0.063      6919.203          059003.000127   059003.000211          1.0000  cm-1
34883.488    0.063      6919.203          059003.000260   059003.000551 P        0.0000  cm-1
34861.599    0.551      12258.190         059003.000438   059003.000671 P        0.0000  cm-1
34861.599    0.551      12258.190         059003.000448   059003.000650          0.4305  cm-1
34861.599    0.551      12258.190         059003.000145   059003.000255          0.5695  cm-1
34861.599    0.551      12258.190         059003.000631   059003.000545 P        0.0000  cm-1
34861.599    0.551      12258.190         059003.000120   059003.000203 P        0.0000  cm-1
34832.720    0.066      16021.887         059003.000125   059003.000208          1.0000  cm-1
34832.720    0.066      16021.887         059003.000142   059003.000245 P        0.0000  cm-1
34826.077    0.035      1786.896          059003.000173   059003.000437          1.0000  cm-1
34757.557    0.072      1855.816          059003.000457   059003.000664          1.0000  cm-1
34757.557    0.072      1855.816          059003.000251   059003.000334 P        0.0000  cm-1
34756.444    0.037      12998.940         059003.000111   059003.000196          1.0000  cm-1
34733.428    0.051      1880.316          059003.000155   059003.000259          1.0000  cm-1
34715.672    0.036      15187.658         059003.000179   059003.000286          1.0000  cm-1
34715.672    0.036      15187.658         059003.000439   059003.000671 P        0.0000  cm-1
34708.249    0.063      7623.971          059003.000127   059003.000210          1.0000  cm-1
34703.260    0.142      1911.093          059003.000223   059003.000316 P        0.0000  cm-1
34686.986    0.063      13494.318         059003.000148   059003.000256          1.0000  cm-1
34686.986    0.063      13494.318         059003.000187   059003.000665 P        0.0000  cm-1
34686.986    0.063      13494.318         059003.000179   059003.000285 P        0.0000  cm-1
34682.426    0.034      13527.616         059003.000120   059003.000202          1.0000  cm-1
34680.555    0.034      15475.154         059003.000135   059003.000224          1.0000  cm-1
34671.659    0.063      11660.679         059003.000142   059003.000243          0.3906  cm-1
34671.659    0.063      11660.679         059003.000142   059003.000433          0.6094  cm-1
34651.878    0.066      11783.159         059003.000165   059003.000267          1.0000  cm-1
34636.615    0.038      9898.411          059003.000123   059003.000203          1.0000  cm-1
34629.610    0.155      7947.415          059003.000305   059003.000679          1.0000  cm-1
34626.987    0.066      3979.134          059003.000140   059003.000240          1.0000  cm-1
34625.215    0.036      11948.707         059003.000095   059003.000194          1.0000  cm-1
34625.215    0.036      11948.707         059003.000455   059003.000568 P        0.0000  cm-1
34614.147    0.033      6008.587          059003.000152   059003.000631          1.0000  cm-1
34605.426    0.063      12071.434         059003.000145   059003.000253          1.0000  cm-1
34605.426    0.063      12071.434         059003.000333   059003.000534 P        0.0000  cm-1
34581.867    0.065      4072.771          059003.000167   059003.000268          1.0000  cm-1
34581.867    0.065      4072.771          059003.000161   059003.000266 P        0.0000  cm-1
34554.897    0.039      18580.995         059003.000181   059003.000289          1.0000  cm-1
34553.926    0.034      6196.767          059003.000129   059003.000212          1.0000  cm-1
34524.484    0.035      4192.659          059003.000158   059003.000261          1.0000  cm-1
34521.017    0.033      6299.769          059003.000175   059003.000436          1.0000  cm-1
34506.245    0.036      6346.376          059003.000097   059003.000194          1.0000  cm-1
34500.849    0.036      8484.533          059003.000130   059003.000211          1.0000  cm-1
34489.230    0.035      2133.270          059003.000158   059003.000260          1.0000  cm-1
34474.548    0.075      10743.609         059003.000306   059003.000568          1.0000  cm-1
34466.891    0.036      10784.232         059003.000144   059003.000250          1.0000  cm-1
34463.348    0.035      4321.077          059003.000180   059003.000285          1.0000  cm-1
34463.348    0.035      4321.077          059003.000457   059003.000579 P        0.0000  cm-1
34458.314    0.034      12995.026         059003.000123   059003.000202 P        0.0000  cm-1
34458.314    0.034      12995.026         059003.000144   059003.000249          1.0000  cm-1
34406.967    0.200      4439.942          059003.000257   059003.000336          1.0000  cm-1
34406.967    0.200      4439.942          059003.000264   059003.000551 P        0.0000  cm-1
34406.556    0.034      4440.893          059003.000098   059003.000194          0.4829  cm-1
34406.556    0.034      4440.893          059003.000146   059003.000253          0.5171  cm-1
34404.314    0.068      11114.174         059003.000141   059003.000239          1.0000  cm-1
34400.607    0.034      11133.736         059003.000131   059003.000215          1.0000  cm-1
34398.527    0.042      2228.890          059003.000223   059003.000314 P        0.0000  cm-1
34395.265    0.060      4464.162          059003.000148   059003.000255          1.0000  cm-1
34369.978    0.034      2259.083          059003.000144   059003.000653 P        0.0000  cm-1
34360.837    0.063      11343.794         059003.000187   059003.000654          1.0000  cm-1
34359.521    0.034      13621.254         059003.000132   059003.000219          1.0000  cm-1
34357.388    0.142      6817.230          059003.000143   059003.000434 P        0.0000  cm-1
34357.388    0.142      6817.230          059003.000182   059003.000288 P        0.0000  cm-1
34351.499    0.037      18229.770         059003.000132   059003.000218          1.0000  cm-1
34350.085    0.155      11400.713         059003.000156   059003.000258 P        0.0000  cm-1
34350.085    0.155      11400.713         059003.000312   059003.000649 P        0.0000  cm-1
34350.085    0.155      11400.713         059003.000452   059003.000684          1.0000  cm-1
34346.948    0.065      159838.309        059003.000127   059003.000208          1.0000  cm-1
34337.977    0.034      13757.798         059003.000245   059003.000327 P        0.0000  cm-1
34333.278    0.066      114893.647        059003.000189   059003.000301          1.0000  cm-1
34308.486    0.035      13945.674         059003.000130   059003.000209          1.0000  cm-1
34305.387    0.063      23274.998         059003.000222   059003.000541 P        0.0000  cm-1
34305.387    0.063      23274.998         059003.000142   059003.000240          1.0000  cm-1
34301.315    0.066      233181.468        059003.000335   059003.000537 P        0.0000  cm-1
34301.315    0.066      233181.468        059003.000134   059003.000221          1.0000  cm-1
34284.881    0.034      14095.495         059003.000128   059003.000207          1.0000  cm-1
34281.430    0.035      21176.441         059003.000144   059003.000248          1.0000  cm-1
34218.543    0.036      16937.261         059003.000119   059003.000199          1.0000  cm-1
34218.543    0.036      16937.261         059003.000231   059003.000319 P        0.0000  cm-1
34185.642    0.033      12271.907         059003.000297   059003.000655 P        0.0000  cm-1
34182.031    0.063      4916.402          059003.000187   059003.000447          1.0000  cm-1
34161.515    0.065      17358.928         059003.000145   059003.000250          1.0000  cm-1
34157.762    0.034      4967.719          059003.000325   059003.000529 P        0.0000  cm-1
34156.319    0.033      17397.687         059003.000144   059003.000435 P        0.0000  cm-1
34149.837    0.039      4984.874          059003.000151   059003.000256          1.0000  cm-1
34144.161    0.071      2498.224          059003.000303   059003.000670          1.0000  cm-1
34141.539    0.155      10003.967         059003.000446   059003.000675          1.0000  cm-1
34140.000    0.033      10010.468         059003.000148   059003.000253          1.0000  cm-1
34131.560    0.063      50230.446         059003.000133   059003.000219          1.0000  cm-1
34117.512    0.063      126316.783        059003.000148   059003.000252          1.0000  cm-1
34113.831    0.035      17711.885         059003.000146   059003.000251          1.0000  cm-1
34090.919    0.034      2554.344          059003.000268   059003.000558 P        0.0000  cm-1
34090.919    0.034      2554.344          059003.000185   059003.000293          1.0000  cm-1
34075.242    0.033      2570.810          059003.000160   059003.000265          1.0000  cm-1
34058.944    0.034      15527.759         059003.000160   059003.000264          1.0000  cm-1
34056.971    0.066      51799.631         059003.000140   059003.000236          1.0000  cm-1
34046.720    0.066      18205.063         059003.000149   059003.000253          1.0000  cm-1
34042.688    0.066      7814.835          059003.000187   059003.000298 P        0.0000  cm-1
34042.688    0.066      7814.835          059003.000188   059003.000448          1.0000  cm-1
34036.031    0.033      13059.555         059003.000144   059003.000434          1.0000  cm-1
34002.960    0.142      10585.758         059003.000676   059003.000681          1.0000  cm-1
33993.340    0.063      18595.196         059003.000191   059003.000302          1.0000  cm-1
33975.658    0.063      187238.546        059003.000139   059003.000230          1.0000  cm-1
33972.220    0.035      24106.014         059003.000144   059003.000245          1.0000  cm-1
33962.704    0.036      5376.680          059003.000146   059003.000250          1.0000  cm-1
33952.590    0.050      8096.233          059003.000259   059003.000545 P        0.0000  cm-1
33935.729    0.033      10864.664         059003.000252   059003.000331 P        0.0000  cm-1
33935.729    0.033      10864.664         059003.000337   059003.000536 P        0.0000  cm-1
33934.842    0.045      5434.619          059003.000190   059003.000449          1.0000  cm-1
33933.639    0.036      21747.087         059003.000131   059003.000211          1.0000  cm-1
33932.437    0.066      21756.495         059003.000554   059003.000682 P        0.0000  cm-1
33932.437    0.066      21756.495         059003.000141   059003.000234          1.0000  cm-1
33885.069    0.145      24917.276         059003.000150   059003.000255          1.0000  cm-1
33885.069    0.145      24917.276         059003.000267   059003.000556 P        0.0000  cm-1
33874.033    0.063      11117.943         059003.000191   059003.000656          1.0000  cm-1
33870.532    0.066      25047.512         059003.000134   059003.000219          1.0000  cm-1
33862.690    0.068      16746.661         059003.000134   059003.000218          1.0000  cm-1
33862.690    0.068      16746.661         059003.000300   059003.000675 P        0.0000  cm-1
33857.991    0.037      25164.229         059003.000151   059003.000255          1.0000  cm-1
33857.991    0.037      25164.229         059003.000262   059003.000340 P        0.0000  cm-1
33847.312    0.063      196467.976        059003.000148   059003.000251          1.0000  cm-1
33838.069    0.037      253450.633        059003.000126   059003.000205          1.0000  cm-1
33820.211    0.033      14170.588         059003.000338   059003.000536 P        0.0000  cm-1
33818.130    0.102      2836.217          059003.000152   059003.000254          1.0000  cm-1
33814.963    0.033      11357.932         059003.000126   059003.000204          1.0000  cm-1
33811.483    0.033      56859.005         059003.000335   059003.000534 P        0.0000  cm-1
33811.483    0.033      56859.005         059003.000144   059003.000243          0.2274  cm-1
33811.483    0.033      56859.005         059003.000144   059003.000433          0.7726  cm-1
33811.483    0.033      56859.005         059003.000346   059003.000682 P        0.0000  cm-1
33783.773    0.032      8612.210          059003.000179   059003.000281 P        0.0000  cm-1
33777.222    0.035      23018.630         059003.000146   059003.000248          1.0000  cm-1
33772.352    0.032      14410.748         059003.000642   059003.000641          1.0000  cm-1
33766.884    0.034      8662.867          059003.000238   059003.000321 P        0.0000  cm-1
33766.884    0.034      8662.867          059003.000320   059003.000520 P        0.0000  cm-1
33766.884    0.034      8662.867          059003.000143   059003.000240          1.0000  cm-1
33763.203    0.068      86739.614         059003.000188   059003.000299          1.0000  cm-1
33758.274    0.036      26066.101         059003.000131   059003.000210          1.0000  cm-1
33739.391    0.032      5829.796          059003.000154   059003.000257          1.0000  cm-1
33735.313    0.063      58378.606         059003.000142   059003.000236          1.0000  cm-1
33724.833    0.036      23434.340         059003.000135   059003.000220          1.0000  cm-1
33722.502    0.300      20520.972         059003.000190   059003.000643          1.0000  cm-1
33718.723    0.063      264175.708        059003.000145   059003.000247          1.0000  cm-1
33709.772    0.038      26497.437         059003.000132   059003.000214          1.0000  cm-1
33673.470    0.063      446925.408        059003.000127   059003.000205          1.0000  cm-1
33666.902    0.063      238869.602        059003.000145   059003.000245          1.0000  cm-1
33663.321    0.066      119573.439        059003.000125   059003.000202          1.0000  cm-1
33650.553    0.146      21008.528         059003.000127   059003.000204          1.0000  cm-1
33645.248    0.034      24054.730         059003.000132   059003.000213          1.0000  cm-1
33629.845    0.145      24174.823         059003.000150   059003.000253          1.0000  cm-1
33616.835    0.034      27305.957         059003.000160   059003.000261          1.0000  cm-1
33604.647    0.066      27409.783         059003.000140   059003.000233          1.0000  cm-1
33602.640    0.403      24380.021         059003.000149   059003.000250          0.6908  cm-1
33602.640    0.403      24380.021         059003.000151   059003.000253          0.0211  cm-1
33602.640    0.403      24380.021         059003.000135   059003.000218 P        0.0000  cm-1
33602.640    0.403      24380.021         059003.000448   059003.000675          0.2591  cm-1
33602.640    0.403      24380.021         059003.000191   059003.000665          0.0291  cm-1
33594.234    0.066      61108.425         059003.000149   059003.000249          1.0000  cm-1
33588.446    0.063      122434.028        059003.000182   059003.000286          1.0000  cm-1
33582.715    0.068      459945.444        059003.000141   059003.000237          1.0000  cm-1
33580.378    0.063      460266.971        059003.000142   059003.000235          1.0000  cm-1
33580.378    0.063      460266.971        059003.000151   059003.000252 P        0.0000  cm-1
33559.579    0.063      27791.285         059003.000182   059003.000285          1.0000  cm-1
33559.579    0.063      27791.285         059003.000452   059003.000681 P        0.0000  cm-1
33554.499    0.033      18555.920         059003.000336   059003.000533 P        0.0000  cm-1
33549.217    0.159      24777.828         059003.000145   059003.000244          1.0000  cm-1
33541.228    0.063      1552486.475       059003.000139   059003.000227          1.0000  cm-1
33541.228    0.063      1552486.475       059003.000337   059003.000535 P        0.0000  cm-1
33540.715    0.066      15527.241         059003.000190   059003.000447          1.0000  cm-1
33533.806    0.067      18671.273         059003.000229   059003.000541 P        0.0000  cm-1
33533.806    0.067      18671.273         059003.000183   059003.000444          1.0000  cm-1
33530.095    0.063      28037.316         059003.000161   059003.000264          1.0000  cm-1
33528.711    0.067      311657.417        059003.000140   059003.000232          1.0000  cm-1
33522.125    0.066      28103.324         059003.000183   059003.000285          1.0000  cm-1
33520.363    0.235      468667.934        059003.000126   059003.000203          0.4254  cm-1
33520.363    0.235      468667.934        059003.000146   059003.000247          0.5746  cm-1
33510.648    0.063      28197.985         059003.000148   059003.000248          1.0000  cm-1
33506.119    0.063      125489.615        059003.000145   059003.000243          0.0505  cm-1
33506.119    0.063      125489.615        059003.000337   059003.000534 P        0.0000  cm-1
33506.119    0.063      125489.615        059003.000145   059003.000433          0.9495  cm-1
33506.119    0.063      125489.615        059003.000149   059003.000653 P        0.0000  cm-1
33502.016    0.063      28268.885         059003.000133   059003.000215          1.0000  cm-1
33491.135    0.151      15750.886         059003.000324   059003.000522 P        0.0000  cm-1
33491.135    0.151      15750.886         059003.000191   059003.000449          1.0000  cm-1
33481.907    0.063      1579611.909       059003.000133   059003.000214          1.0000  cm-1
33468.006    0.034      28545.953         059003.000146   059003.000245          1.0000  cm-1
33446.926    0.075      9571.677          059003.000310   059003.000570          1.0000  cm-1
33445.226    0.033      63841.759         059003.000144   059003.000240          1.0000  cm-1
33445.226    0.033      63841.759         059003.000316   059003.000514 P        0.0000  cm-1
33421.435    0.033      6426.143          059003.000321   059003.000519 P        0.0000  cm-1
33417.366    0.063      64332.773         059003.000149   059003.000248 P        0.0000  cm-1
33417.366    0.063      64332.773         059003.000133   059003.000213          1.0000  cm-1
33417.366    0.063      64332.773         059003.000454   059003.000566 P        0.0000  cm-1
33415.669    0.038      25745.638         059003.000129   059003.000206          1.0000  cm-1
33415.669    0.038      25745.638         059003.000546   059003.000537 P        0.0000  cm-1
33401.346    0.032      12922.461         059003.000190   059003.000298          1.0000  cm-1
33388.169    0.063      64840.521         059003.000139   059003.000226          1.0000  cm-1
33381.768    0.036      22732.745         059003.000119   059003.000198          1.0000  cm-1
33373.579    0.033      29291.122         059003.000317   059003.000516 P        0.0000  cm-1
33372.135    0.033      29302.326         059003.000642   059003.000294          1.0000  cm-1
33370.098    0.035      9772.769          059003.000106   059003.000194          1.0000  cm-1
33355.698    0.063      490471.350        059003.000127   059003.000203          1.0000  cm-1
33355.698    0.063      490471.350        059003.000633   059003.000564 P        0.0000  cm-1
33355.698    0.063      490471.350        059003.000669   059003.000682 P        0.0000  cm-1
33350.151    0.036      22921.976         059003.000146   059003.000244          1.0000  cm-1
33342.004    0.033      29533.000         059003.000126   059003.000202          1.0000  cm-1
33337.068    0.066      229987.027        059003.000186   059003.000445 P        0.0000  cm-1
33337.068    0.066      229987.027        059003.000150   059003.000251          1.0000  cm-1
33318.548    0.066      495151.561        059003.000125   059003.000201          1.0000  cm-1
33311.286    0.033      19842.556         059003.000040   059003.000181 P        0.0000  cm-1
33311.286    0.033      19842.556         059003.000132   059003.000212          1.0000  cm-1
33310.035    0.039      13232.928         059003.000151   059003.000251          1.0000  cm-1
33310.035    0.039      13232.928         059003.000326   059003.000522 P        0.0000  cm-1
33307.281    0.033      66207.285         059003.000330   059003.000529 P        0.0000  cm-1
33307.281    0.033      66207.285         059003.000146   059003.000243          0.3205  cm-1
33307.281    0.033      66207.285         059003.000146   059003.000433          0.6795  cm-1
33300.279    0.033      6632.203          059003.000163   059003.000265          1.0000  cm-1
33300.279    0.033      6632.203          059003.000331   059003.000529 P        0.0000  cm-1
33295.668    0.037      29879.395         059003.000129   059003.000205          1.0000  cm-1
33292.269    0.143      33228.157         059003.000339   059003.000533 P        0.0000  cm-1
33292.269    0.143      33228.157         059003.000149   059003.000435          1.0000  cm-1
33288.118    0.063      498908.535        059003.000161   059003.000263          1.0000  cm-1
33283.066    0.063      29971.534         059003.000142   059003.000233          1.0000  cm-1
33279.266    0.066      33332.564         059003.000326   059003.000521 P        0.0000  cm-1
33279.266    0.066      33332.564         059003.000192   059003.000302          1.0000  cm-1
33275.897    0.063      30023.875         059003.000191   059003.000654          1.0000  cm-1
33269.350    0.066      66825.502         059003.000137   059003.000431 P        0.0000  cm-1
33269.350    0.066      66825.502         059003.000141   059003.000230          1.0000  cm-1
33269.350    0.066      66825.502         059003.000342   059003.000537 P        0.0000  cm-1
33251.958    0.066      201313.100        059003.000165   059003.000264          1.0000  cm-1
33241.047    0.066      134555.447        059003.000134   059003.000215          1.0000  cm-1
33234.590    0.063      505347.979        059003.000436   059003.000347 P        0.0000  cm-1
33234.590    0.063      505347.979        059003.000148   059003.000246          1.0000  cm-1
33206.996    0.502      33899.990         059003.000252   059003.000326 P        0.0000  cm-1
33206.996    0.502      33899.990         059003.000342   059003.000536 P        0.0000  cm-1
33206.996    0.502      33899.990         059003.000142   059003.000232          0.1991  cm-1
33206.996    0.502      33899.990         059003.000139   059003.000225          0.8009  cm-1
33206.996    0.502      33899.990         059003.000140   059003.000228 P        0.0000  cm-1
33206.255    0.068      508672.686        059003.000125   059003.000200          1.0000  cm-1
33198.810    0.064      67936.987         059003.000448   059003.000655          0.1111  cm-1
33198.810    0.064      67936.987         059003.000187   059003.000295          0.8889  cm-1
33192.927    0.063      13605.459         059003.000142   059003.000231          1.0000  cm-1
33185.887    0.066      34067.438         059003.000150   059003.000250          1.0000  cm-1
33177.569    0.063      68261.281         059003.000127   059003.000202          1.0000  cm-1
33177.369    0.148      136538.599        059003.000150   059003.000249          1.0000  cm-1
33162.218    0.063      308216.558        059003.000139   059003.000223          1.0000  cm-1
33158.964    0.133      20563.076         059003.000144   059003.000238          0.3311  cm-1
33158.964    0.133      20563.076         059003.000151   059003.000250          0.6689  cm-1
33158.964    0.133      20563.076         059003.000437   059003.000347 P        0.0000  cm-1
33156.399    0.066      342897.789        059003.000134   059003.000213          1.0000  cm-1
33144.036    0.063      309433.981        059003.000255   059003.000327 P        0.0000  cm-1
33144.036    0.063      309433.981        059003.000161   059003.000262          1.0000  cm-1
33117.226    0.063      69155.198         059003.000191   059003.000300          1.0000  cm-1
33108.286    0.066      69284.093         059003.000149   059003.000245          1.0000  cm-1
33108.286    0.066      69284.093         059003.000451   059003.000672 P        0.0000  cm-1
33087.791    0.034      17394.247         059003.000132   059003.000210          1.0000  cm-1
33083.514    0.064      243724.800        059003.000148   059003.000244          0.3991  cm-1
33083.514    0.064      243724.800        059003.000133   059003.000212          0.6009  cm-1
33081.852    0.034      17414.300         059003.000182   059003.000283          1.0000  cm-1
33056.129    0.066      105024.932        059003.000188   059003.000297          1.0000  cm-1
33052.317    0.032      3503.447          059003.000328   059003.000523          1.0000  cm-1
33052.317    0.032      3503.447          059003.000263   059003.000336 P        0.0000  cm-1
33045.347    0.063      245574.581        059003.000145   059003.000239          1.0000  cm-1
33044.283    0.300      7017.966          059003.000153   059003.000255 P        0.0000  cm-1
33044.283    0.300      7017.966          059003.000189   059003.000297 P        0.0000  cm-1
33044.283    0.300      7017.966          059003.000183   059003.000283          1.0000  cm-1
33044.283    0.300      7017.966          059003.000452   059003.000672 P        0.0000  cm-1
33040.738    0.063      7022.681          059003.000148   059003.000243          1.0000  cm-1
33039.524    0.038      24585.600         059003.000120   059003.000197          1.0000  cm-1
33034.916    0.035      10545.968         059003.000164   059003.000263          1.0000  cm-1
33025.238    0.032      7043.556          059003.000316   059003.000511          1.0000  cm-1
33021.127    0.063      70490.429         059003.000142   059003.000229          1.0000  cm-1
33015.749    0.033      7056.231          059003.000338   059003.000531          0.1643  cm-1
33015.749    0.033      7056.231          059003.000156   059003.000255          0.8357  cm-1
33000.470    0.066      353814.901        059003.000332   059003.000527 P        0.0000  cm-1
33000.470    0.066      353814.901        059003.000437   059003.000558 P        0.0000  cm-1
33000.470    0.066      353814.901        059003.000150   059003.000248          1.0000  cm-1
32993.719    0.032      21255.268         059003.000625   059003.000682 P        0.0000  cm-1
32985.869    0.147      7095.239          059003.000455   059003.000680 P        0.0000  cm-1
32985.869    0.147      7095.239          059003.000314   059003.000506 P        0.0000  cm-1
32985.869    0.147      7095.239          059003.000339   059003.000531 P        0.0000  cm-1
32981.228    0.300      3550.600          059003.000135   059003.000215          0.5626  cm-1
32981.228    0.300      3550.600          059003.000068   059003.000192          0.4374  cm-1
32974.630    0.031      10664.454         059003.000235   059003.000541 P        0.0000  cm-1
32973.391    0.038      32001.569         059003.000151   059003.000248          1.0000  cm-1
32959.967    0.066      32076.792         059003.000340   059003.000534 P        0.0000  cm-1
32959.967    0.066      32076.792         059003.000188   059003.000296          1.0000  cm-1
32957.681    0.066      356552.100        059003.000191   059003.000298 P        0.0000  cm-1
32957.681    0.066      356552.100        059003.000125   059003.000199          1.0000  cm-1
32948.611    0.063      32140.554         059003.000189   059003.000296          1.0000  cm-1
32948.611    0.063      32140.554         059003.000307   059003.000679 P        0.0000  cm-1
32947.497    0.066      321467.676        059003.000149   059003.000243 P        0.0000  cm-1
32947.497    0.066      321467.676        059003.000149   059003.000433          1.0000  cm-1
32946.920    0.101      35720.920         059003.000148   059003.000241          1.0000  cm-1
32918.598    0.032      28716.078         059003.000180   059003.000279          1.0000  cm-1
32910.957    0.032      7188.127          059003.000339   059003.000530          1.0000  cm-1
32910.957    0.032      7188.127          059003.000547   059003.000535 P        0.0000  cm-1
32888.680    0.032      25250.449         059003.000181   059003.000282          1.0000  cm-1
32885.025    0.033      252652.461        059003.000126   059003.000200          1.0000  cm-1
32875.196    0.143      216902.793        059003.000150   059003.000435          0.9632  cm-1
32875.196    0.143      216902.793        059003.000144   059003.000236          0.0368  cm-1
32875.196    0.143      216902.793        059003.000258   059003.000334 P        0.0000  cm-1
32875.196    0.143      216902.793        059003.000168   059003.000265 P        0.0000  cm-1
32865.891    0.066      217213.518        059003.000165   059003.000262          1.0000  cm-1
32859.748    0.063      362368.556        059003.000133   059003.000210          1.0000  cm-1
32846.326    0.035      32680.682         059003.000146   059003.000239          1.0000  cm-1
32844.418    0.032      3632.208          059003.000341   059003.000534 P        0.0000  cm-1
32835.690    0.146      7273.979          059003.000306   059003.000680 P        0.0000  cm-1
32835.690    0.146      7273.979          059003.000320   059003.000512 P        0.0000  cm-1
32835.690    0.146      7273.979          059003.000317   059003.000637 P        0.0000  cm-1
32822.399    0.066      364416.842        059003.000134   059003.000212          1.0000  cm-1
32822.399    0.066      364416.842        059003.000323   059003.000518 P        0.0000  cm-1
32809.787    0.066      255560.718        059003.000165   059003.000261          1.0000  cm-1
32806.620    0.032      14610.131         059003.000163   059003.000260          1.0000  cm-1
32801.270    0.032      18276.645         059003.000333   059003.000528 P        0.0000  cm-1
32798.082    0.063      29255.886         059003.000255   059003.000325 P        0.0000  cm-1
32798.082    0.063      29255.886         059003.000187   059003.000294          1.0000  cm-1
32777.186    0.066      29341.542         059003.000342   059003.000534 P        0.0000  cm-1
32777.186    0.066      29341.542         059003.000075   059003.000193 P        0.0000  cm-1
32777.186    0.066      29341.542         059003.000192   059003.000449          1.0000  cm-1
32774.124    0.066      440307.805        059003.000134   059003.000211          1.0000  cm-1
32766.483    0.033      7346.143          059003.000154   059003.000252          1.0000  cm-1
32743.022    0.032      29476.287         059003.000150   059003.000247          1.0000  cm-1
32743.022    0.032      29476.287         059003.000541   059003.000623 P        0.0000  cm-1
32723.624    0.035      18468.418         059003.000131   059003.000205          1.0000  cm-1
32720.535    0.063      258656.356        059003.000127   059003.000200          1.0000  cm-1
32712.234    0.043      25892.587         059003.000167   059003.000263          1.0000  cm-1
32697.408    0.039      25939.934         059003.000151   059003.000246          1.0000  cm-1
32697.408    0.039      25939.934         059003.000269   059003.000550 P        0.0000  cm-1
32688.478    0.031      3709.567          059003.000541   059003.000638 P        0.0000  cm-1
32687.434    0.032      3710.025          059003.000450   059003.000678 P        0.0000  cm-1
32687.434    0.032      3710.025          059003.000552   059003.000538          1.0000  cm-1
32687.434    0.032      3710.025          059003.000548   059003.000536 P        0.0000  cm-1
32682.005    0.066      556859.752        059003.000316   059003.000506 P        0.0000  cm-1
32682.005    0.066      556859.752        059003.000141   059003.000226          1.0000  cm-1
32659.001    0.035      26055.618         059003.000165   059003.000259 P        0.0000  cm-1
32659.001    0.035      26055.618         059003.000186   059003.000292          1.0000  cm-1
32656.638    0.063      33508.782         059003.000182   059003.000281          1.0000  cm-1
32636.682    0.155      33583.329         059003.000314   059003.000623 P        0.0000  cm-1
32636.682    0.155      33583.329         059003.000126   059003.000199          1.0000  cm-1
32598.786    0.066      561904.690        059003.000134   059003.000210          1.0000  cm-1
32592.727    0.031      14993.107         059003.000546   059003.000532          1.0000  cm-1
32581.293    0.146      33772.848         059003.000314   059003.000638 P        0.0000  cm-1
32581.293    0.146      33772.848         059003.000149   059003.000240          1.0000  cm-1
32581.293    0.146      33772.848         059003.000148   059003.000239 P        0.0000  cm-1
32573.549    0.161      33795.513         059003.000145   059003.000234          1.0000  cm-1
32573.549    0.161      33795.513         059003.000161   059003.000258 P        0.0000  cm-1
32573.374    0.149      33799.232         059003.000150   059003.000244          1.0000  cm-1
32573.374    0.149      33799.232         059003.000244   059003.000318 P        0.0000  cm-1
32571.165    0.066      30048.336         059003.000140   059003.000222          1.0000  cm-1
32568.140    0.042      15028.487         059003.000167   059003.000262          1.0000  cm-1
32565.105    0.066      30065.281         059003.000192   059003.000643          1.0000  cm-1
32561.749    0.066      15037.292         059003.000123   059003.000196          0.0920  cm-1
32561.749    0.066      15037.292         059003.000192   059003.000654          0.5179  cm-1
32561.749    0.066      15037.292         059003.000330   059003.000521          0.3902  cm-1
32556.716    0.142      33849.418         059003.000190   059003.000641          1.0000  cm-1
32556.716    0.142      33849.418         059003.000274   059003.000625 P        0.0000  cm-1
32546.492    0.129      26351.964         059003.000151   059003.000244          1.0000  cm-1
32530.414    0.066      33927.705         059003.000150   059003.000243 P        0.0000  cm-1
32530.414    0.066      33927.705         059003.000150   059003.000433          1.0000  cm-1
32500.727    0.066      26452.426         059003.000141   059003.000225          1.0000  cm-1
32497.928    0.034      30238.105         059003.000153   059003.000251          1.0000  cm-1
32497.928    0.034      30238.105         059003.000322   059003.000516 P        0.0000  cm-1
32471.985    0.063      265100.385        059003.000315   059003.000638 P        0.0000  cm-1
32471.985    0.063      265100.385        059003.000260   059003.000543 P        0.0000  cm-1
32471.985    0.063      265100.385        059003.000127   059003.000199          1.0000  cm-1
32468.248    0.066      34093.538         059003.000183   059003.000280          1.0000  cm-1
32468.248    0.066      34093.538         059003.000152   059003.000433 P        0.0000  cm-1
32455.984    0.066      568717.508        059003.000141   059003.000223          1.0000  cm-1
32426.808    0.031      30390.198         059003.000140   059003.000432          1.0000  cm-1
32422.817    0.032      34197.568         059003.000318   059003.000507 P        0.0000  cm-1
32422.817    0.032      34197.568         059003.000144   059003.000233          1.0000  cm-1
32414.866    0.063      30412.631         059003.000145   059003.000235          1.0000  cm-1
32405.722    0.035      15214.659         059003.000131   059003.000203          1.0000  cm-1
32382.686    0.066      3808.572          059003.000192   059003.000447 P        0.0000  cm-1
32382.686    0.066      3808.572          059003.000281   059003.000671 P        0.0000  cm-1
32374.370    0.035      11430.772         059003.000146   059003.000234          1.0000  cm-1
32370.876    0.033      34298.431         059003.000146   059003.000236          1.0000  cm-1
32362.926    0.033      15249.827         059003.000270   059003.000553 P        0.0000  cm-1
32346.752    0.034      22892.496         059003.000144   059003.000232 P        0.0000  cm-1
32346.752    0.034      22892.496         059003.000153   059003.000250          1.0000  cm-1
32346.752    0.034      22892.496         059003.000320   059003.000508 P        0.0000  cm-1
32338.176    0.032      22901.324         059003.000153   059003.000249          1.0000  cm-1
32334.782    0.034      11452.386         059003.000155   059003.000250          1.0000  cm-1
32332.635    0.031      26724.675         059003.000144   059003.000231          1.0000  cm-1
32326.322    0.032      19094.163         059003.000155   059003.000249          1.0000  cm-1
32305.668    0.070      3821.948          059003.000312   059003.000683          1.0000  cm-1
32294.968    0.066      19117.172         059003.000149   059003.000238          0.4918  cm-1
32294.968    0.066      19117.172         059003.000165   059003.000258          0.5082  cm-1
32275.247    0.063      34433.264         059003.000142   059003.000224          1.0000  cm-1
32264.604    0.063      11481.392         059003.000187   059003.000293          1.0000  cm-1
32243.651    0.031      15317.021         059003.000192   059003.000298          1.0000  cm-1
32237.587    0.066      26808.569         059003.000155   059003.000653 P        0.0000  cm-1
32237.587    0.066      26808.569         059003.000134   059003.000208          1.0000  cm-1
32206.989    0.031      26824.712         059003.000157   059003.000653          1.0000  cm-1
32161.290    0.033      30673.063         059003.000153   059003.000248          1.0000  cm-1
32156.555    0.066      26839.717         059003.000190   059003.000294          1.0000  cm-1
32156.555    0.066      26839.717         059003.000267   059003.000547 P        0.0000  cm-1
32108.354    0.032      15337.449         059003.000173   059003.000264          1.0000  cm-1
32105.368    0.350      30674.473         059003.000142   059003.000432          0.2962  cm-1
32105.368    0.350      30674.473         059003.000139   059003.000219          0.7038  cm-1
32105.368    0.350      30674.473         059003.000550   059003.000534 P        0.0000  cm-1
32069.607    0.066      26831.633         059003.000150   059003.000239          1.0000  cm-1
32053.007    0.035      30657.353         059003.000132   059003.000205          1.0000  cm-1
32027.319    0.063      26812.190         059003.000145   059003.000231          1.0000  cm-1
32027.319    0.063      26812.190         059003.000251   059003.000320 P        0.0000  cm-1
32027.319    0.063      26812.190         059003.000316   059003.000501 P        0.0000  cm-1
32024.762    0.033      34470.844         059003.000146   059003.000237          1.0000  cm-1
32024.762    0.033      34470.844         059003.000441   059003.000348 P        0.0000  cm-1
32014.838    0.063      26804.516         059003.000182   059003.000279          1.0000  cm-1
32011.194    0.149      38288.427         059003.000149   059003.000236          1.0000  cm-1
32011.194    0.149      38288.427         059003.000318   059003.000623 P        0.0000  cm-1
31945.145    0.063      34387.090         059003.000133   059003.000206          1.0000  cm-1
31903.834    0.031      19069.721         059003.000153   059003.000247          1.0000  cm-1
31878.025    0.156      38089.268         059003.000158   059003.000653 P        0.0000  cm-1
31878.025    0.156      38089.268         059003.000150   059003.000238          1.0000  cm-1
31856.080    0.149      38043.215         059003.000149   059003.000235          0.7613  cm-1
31856.080    0.149      38043.215         059003.000145   059003.000229          0.2387  cm-1
31856.080    0.149      38043.215         059003.000336   059003.000529 P        0.0000  cm-1
31852.075    0.032      22820.789         059003.000153   059003.000245          1.0000  cm-1
31828.425    0.031      22787.844         059003.000146   059003.000231          1.0000  cm-1
31802.084    0.063      26539.428         059003.000133   059003.000204          1.0000  cm-1
31802.084    0.063      26539.428         059003.000250   059003.000317 P        0.0000  cm-1
31799.618    0.035      75813.998         059003.000126   059003.000198          1.0000  cm-1
31766.703    0.067      75631.423         059003.000125   059003.000196          1.0000  cm-1
31766.703    0.067      75631.423         059003.000160   059003.000255 P        0.0000  cm-1
31758.226    0.063      34011.922         059003.000266   059003.000336 P        0.0000  cm-1
31758.226    0.063      34011.922         059003.000148   059003.000237          1.0000  cm-1
31758.226    0.063      34011.922         059003.000345   059003.000536 P        0.0000  cm-1
31734.792    0.066      33947.556         059003.000140   059003.000431          1.0000  cm-1
31699.114    0.036      33841.998         059003.000126   059003.000197          1.0000  cm-1
31691.336    0.031      30060.525         059003.000153   059003.000243          0.2804  cm-1
31691.336    0.031      30060.525         059003.000153   059003.000433          0.7196  cm-1
31664.754    0.120      22488.476         059003.000442   059003.000348 P        0.0000  cm-1
31664.754    0.120      22488.476         059003.000158   059003.000435          1.0000  cm-1
31636.185    0.503      37374.642         059003.000142   059003.000221          1.0000  cm-1
31635.154    0.068      74738.314         059003.000127   059003.000198          1.0000  cm-1
31635.154    0.068      74738.314         059003.000324   059003.000514 P        0.0000  cm-1
31623.096    0.066      26124.920         059003.000329   059003.000520 P        0.0000  cm-1
31623.096    0.066      26124.920         059003.000190   059003.000293          1.0000  cm-1
31604.534    0.142      14898.445         059003.000436   059003.000549 P        0.0000  cm-1
31597.726    0.068      11165.303         059003.000150   059003.000234          1.0000  cm-1
31597.726    0.068      11165.303         059003.000330   059003.000520 P        0.0000  cm-1
31564.073    0.066      22244.075         059003.000134   059003.000205          1.0000  cm-1
31558.074    0.063      14818.739         059003.000149   059003.000233 P        0.0000  cm-1
31534.819    0.166      36942.858         059003.000306   059003.000670 P        0.0000  cm-1
31534.819    0.166      36942.858         059003.000127   059003.000197          1.0000  cm-1
31520.463    0.030      11062.243         059003.000328   059003.000518 P        0.0000  cm-1
31507.272    0.063      110433.560        059003.000133   059003.000203          1.0000  cm-1
31479.176    0.032      7334.343          059003.000140   059003.000217          1.0000  cm-1
31479.176    0.032      7334.343          059003.000255   059003.000320 P        0.0000  cm-1
31479.176    0.032      7334.343          059003.000159   059003.000435 P        0.0000  cm-1
31468.753    0.066      18310.181         059003.000149   059003.000231          1.0000  cm-1
31468.753    0.066      18310.181         059003.000318   059003.000500 P        0.0000  cm-1
31455.364    0.063      25586.139         059003.000139   059003.000214          1.0000  cm-1
31445.580    0.120      32850.327         059003.000126   059003.000196          1.0000  cm-1
31418.581    0.032      7271.263          059003.000186   059003.000288          1.0000  cm-1
31399.272    0.163      21748.857         059003.000192   059003.000295          0.2093  cm-1
31399.272    0.163      21748.857         059003.000192   059003.000641          0.4115  cm-1
31399.272    0.163      21748.857         059003.000141   059003.000219          0.3791  cm-1
31399.272    0.163      21748.857         059003.000323   059003.000424 P        0.0000  cm-1
31391.647    0.142      18103.885         059003.000139   059003.000213 P        0.0000  cm-1
31391.374    0.066      25344.366         059003.000141   059003.000218 P        0.0000  cm-1
31319.525    0.063      3578.609          059003.000158   059003.000243 P        0.0000  cm-1
31319.525    0.063      3578.609          059003.000158   059003.000433 P        0.0000  cm-1
31319.525    0.063      3578.609          059003.000277   059003.000345 P        0.0000  cm-1
31319.525    0.063      3578.609          059003.000142   059003.000220          1.0000  cm-1
31288.706    0.156      10678.719         059003.000304   059003.000672          0.3110  cm-1
31288.706    0.156      10678.719         059003.000446   059003.000564          0.6890  cm-1
31288.706    0.156      10678.719         059003.000172   059003.000258 P        0.0000  cm-1
31280.964    0.063      24882.881         059003.000127   059003.000196          1.0000  cm-1
31280.964    0.063      24882.881         059003.000135   059003.000204 P        0.0000  cm-1
31248.005    0.066      17667.632         059003.000150   059003.000237          1.0000  cm-1
31246.275    0.066      14129.589         059003.000134   059003.000203          1.0000  cm-1
31243.943    0.030      7061.743          059003.000544   059003.000526 P        0.0000  cm-1
31243.943    0.030      7061.743          059003.000642   059003.000290          1.0000  cm-1
31240.253    0.033      7056.902          059003.000438   059003.000555 P        0.0000  cm-1
31240.253    0.033      7056.902          059003.000327   059003.000514 P        0.0000  cm-1
31237.803    0.063      14107.357         059003.000328   059003.000517 P        0.0000  cm-1
31237.803    0.063      14107.357         059003.000262   059003.000327 P        0.0000  cm-1
31237.803    0.063      14107.357         059003.000161   059003.000255          1.0000  cm-1
31176.900    0.505      6971.901          059003.000269   059003.000336 P        0.0000  cm-1
31176.900    0.505      6971.901          059003.000187   059003.000292          1.0000  cm-1
31157.554    0.063      13888.340         059003.000142   059003.000217          1.0000  cm-1
31157.064    0.166      13885.711         059003.000129   059003.000197          1.0000  cm-1
31147.574    0.040      3465.016          059003.000346   059003.000535 P        0.0000  cm-1
31056.781    0.063      10194.527         059003.000139   059003.000212          1.0000  cm-1
31019.559    0.116      67389.506         059003.000119   059003.000194          1.0000  cm-1
31019.559    0.116      67389.506         059003.000332   059003.000518 P        0.0000  cm-1
31015.780    0.030      6733.194          059003.000043   059003.000180          1.0000  cm-1
30982.558    0.063      3340.331          059003.000161   059003.000253          1.0000  cm-1
30959.672    0.066      66438.922         059003.000442   059003.000347 P        0.0000  cm-1
30959.672    0.066      66438.922         059003.000165   059003.000255          1.0000  cm-1
30879.979    0.066      9768.082          059003.000150   059003.000229          1.0000  cm-1
30793.902    0.034      12726.590         059003.000120   059003.000195          1.0000  cm-1
30793.902    0.034      12726.590         059003.000327   059003.000637 P        0.0000  cm-1
30775.697    0.032      158279.570        059003.000144   059003.000221          1.0000  cm-1
30704.415    0.066      12405.805         059003.000165   059003.000253          1.0000  cm-1
30689.946    0.063      15440.996         059003.000669   059003.000535 P        0.0000  cm-1
30689.946    0.063      15440.996         059003.000326   059003.000506 P        0.0000  cm-1
30689.946    0.063      15440.996         059003.000161   059003.000251          1.0000  cm-1
30684.567    0.066      6166.509          059003.000141   059003.000213          1.0000  cm-1
30661.992    0.038      3062.363          059003.000167   059003.000255          1.0000  cm-1
30644.183    0.063      18274.973         059003.000148   059003.000224          1.0000  cm-1
30631.457    0.063      18203.566         059003.000148   059003.000223          1.0000  cm-1
30631.457    0.063      18203.566         059003.000557   059003.000531 P        0.0000  cm-1
30627.344    0.032      6060.083          059003.000147   059003.000432          1.0000  cm-1
30624.605    0.030      6054.902          059003.000546   059003.000524 P        0.0000  cm-1
30624.605    0.030      6054.902          059003.000160   059003.000247          1.0000  cm-1
30623.533    0.063      60529.832         059003.000133   059003.000199          1.0000  cm-1
30623.533    0.063      60529.832         059003.000313   059003.000683 P        0.0000  cm-1
30611.086    0.066      9044.323          059003.000134   059003.000200          1.0000  cm-1
30566.435    0.066      8917.106          059003.000183   059003.000440          1.0000  cm-1
30553.019    0.030      2959.513          059003.000144   059003.000431          1.0000  cm-1
30553.019    0.030      2959.513          059003.000325   059003.000504 P        0.0000  cm-1
30525.204    0.066      5865.455          059003.000149   059003.000222          1.0000  cm-1
30525.204    0.066      5865.455          059003.000665   059003.000564 P        0.0000  cm-1
30470.448    0.065      259152.999        059003.000145   059003.000221          1.0000  cm-1
30455.017    0.033      5728.445          059003.000160   059003.000244          1.0000  cm-1
30411.816    0.066      5643.264          059003.000160   059003.000243 P        0.0000  cm-1
30411.816    0.066      5643.264          059003.000160   059003.000433 P        0.0000  cm-1
30411.816    0.066      5643.264          059003.000165   059003.000251          1.0000  cm-1
30408.821    0.032      8455.813          059003.000153   059003.000237          1.0000  cm-1
30380.910    0.156      2790.566          059003.000149   059003.000432          1.0000  cm-1
30362.524    0.066      249526.589        059003.000048   059003.000181 P        0.0000  cm-1
30362.524    0.066      249526.589        059003.000134   059003.000199          1.0000  cm-1
30353.296    0.063      13816.376         059003.000161   059003.000248          1.0000  cm-1
30350.529    0.066      11042.006         059003.000141   059003.000212          1.0000  cm-1
30341.438    0.066      13756.899         059003.000188   059003.000291          1.0000  cm-1
30330.174    0.063      246605.370        059003.000341   059003.000521 P        0.0000  cm-1
30330.174    0.063      246605.370        059003.000189   059003.000291          1.0000  cm-1
30330.174    0.063      246605.370        059003.000456   059003.000574 P        0.0000  cm-1
30297.289    0.029      13534.306         059003.000144   059003.000217          1.0000  cm-1
30271.472    0.031      80421.409         059003.000146   059003.000221          1.0000  cm-1
30265.185    0.029      13371.971         059003.000560   059003.000536 P        0.0000  cm-1
30265.185    0.029      13371.971         059003.000671   059003.000682 P        0.0000  cm-1
30265.185    0.029      13371.971         059003.000333   059003.000514 P        0.0000  cm-1
30260.667    0.159      2669.159          059003.000165   059003.000250          1.0000  cm-1
30260.667    0.159      2669.159          059003.000330   059003.000510 P        0.0000  cm-1
30252.049    0.148      2660.575          059003.000165   059003.000249          1.0000  cm-1
30238.068    0.066      264683.983        059003.000140   059003.000209          1.0000  cm-1
30200.576    0.029      10434.348         059003.000155   059003.000231          1.0000  cm-1
30164.907    0.028      2572.141          059003.000037   059003.000177          1.0000  cm-1
30134.025    0.067      20323.572         059003.000150   059003.000224          1.0000  cm-1
30126.841    0.155      2532.545          059003.000141   059003.000210          1.0000  cm-1
30108.751    0.063      10058.149         059003.000142   059003.000211          1.0000  cm-1
30108.282    0.067      7542.044          059003.000150   059003.000222          1.0000  cm-1
30091.831    0.063      14982.914         059003.000191   059003.000292          1.0000  cm-1
30091.831    0.063      14982.914         059003.000552   059003.000527 P        0.0000  cm-1
30088.559    0.028      9975.166          059003.000642   059003.000287          1.0000  cm-1
30074.959    0.196      4958.402          059003.000165   059003.000248          1.0000  cm-1
30067.559    0.029      2472.197          059003.000036   059003.000176          1.0000  cm-1
30044.030    0.063      48959.812         059003.000272   059003.000545 P        0.0000  cm-1
30044.030    0.063      48959.812         059003.000161   059003.000245          1.0000  cm-1
30040.753    0.029      4889.166          059003.000153   059003.000229          1.0000  cm-1
30031.781    0.063      17047.707         059003.000145   059003.000218          1.0000  cm-1
30004.950    0.063      14446.642         059003.000148   059003.000221          1.0000  cm-1
29992.032    0.063      143668.774        059003.000276   059003.000342 P        0.0000  cm-1
29992.032    0.063      143668.774        059003.000145   059003.000217          1.0000  cm-1
29960.459    0.028      7085.992          059003.000036   059003.000175          1.0000  cm-1
29953.250    0.029      7063.635          059003.000172   059003.000255          1.0000  cm-1
29951.233    0.032      7057.360          059003.000160   059003.000239          1.0000  cm-1
29936.242    0.063      16359.691         059003.000187   059003.000288          1.0000  cm-1
29926.280    0.063      209417.488        059003.000276   059003.000341 P        0.0000  cm-1
29926.280    0.063      209417.488        059003.000161   059003.000244          1.0000  cm-1
29926.280    0.063      209417.488        059003.000258   059003.000318 P        0.0000  cm-1
29918.650    0.063      1159511.296       059003.000139   059003.000206          1.0000  cm-1
29916.429    0.063      162171.960        059003.000142   059003.000209          1.0000  cm-1
29914.089    0.034      69427.182         059003.000132   059003.000197          1.0000  cm-1
29911.772    0.066      69358.798         059003.000149   059003.000221          1.0000  cm-1
29883.313    0.063      159792.956        059003.000161   059003.000243          1.0000  cm-1
29882.813    0.066      159757.059        059003.000140   059003.000207          1.0000  cm-1
29880.775    0.030      15960.976         059003.000144   059003.000216          1.0000  cm-1
29850.733    0.041      2249.369          059003.000348   059003.000534 P        0.0000  cm-1
29837.282    0.028      6706.829          059003.000035   059003.000173          1.0000  cm-1
29837.282    0.028      6706.829          059003.000560   059003.000534 P        0.0000  cm-1
29832.705    0.033      111542.891        059003.000146   059003.000218          1.0000  cm-1
29807.763    0.063      110273.266        059003.000182   059003.000275          1.0000  cm-1
29798.453    0.063      548993.138        059003.000139   059003.000205          1.0000  cm-1
29793.067    0.029      15333.096         059003.000146   059003.000217          1.0000  cm-1
29774.943    0.066      1086019.239       059003.000125   059003.000195          1.0000  cm-1
29770.333    0.066      65020.537         059003.000442   059003.000343 P        0.0000  cm-1
29770.333    0.066      65020.537         059003.000183   059003.000275          1.0000  cm-1
29770.333    0.066      65020.537         059003.000343   059003.000526 P        0.0000  cm-1
29765.902    0.066      10814.241         059003.000165   059003.000245          1.0000  cm-1
29758.536    0.066      1077683.589       059003.000125   059003.000194          1.0000  cm-1
29753.586    0.063      6451.028          059003.000182   059003.000274          1.0000  cm-1
29749.796    0.029      2146.498          059003.000034   059003.000168          1.0000  cm-1
29745.414    0.029      10710.157         059003.000159   059003.000233          1.0000  cm-1
29725.810    0.035      12733.211         059003.000269   059003.000330 P        0.0000  cm-1
29724.617    0.029      16967.783         059003.000642   059003.000444          1.0000  cm-1
29716.124    0.066      12674.451         059003.000552   059003.000524 P        0.0000  cm-1
29716.124    0.066      12674.451         059003.000180   059003.000436 P        0.0000  cm-1
29716.124    0.066      12674.451         059003.000183   059003.000274          1.0000  cm-1
29713.352    0.066      210960.833        059003.000188   059003.000289          1.0000  cm-1
29710.215    0.029      105322.013        059003.000332   059003.000422 P        0.0000  cm-1
29708.002    0.028      10521.029         059003.000065   059003.000185          1.0000  cm-1
29702.043    0.063      104909.655        059003.000330   059003.000504 P        0.0000  cm-1
29702.043    0.063      104909.655        059003.000268   059003.000329 P        0.0000  cm-1
29702.043    0.063      104909.655        059003.000189   059003.000289          1.0000  cm-1
29688.405    0.063      416889.748        059003.000344   059003.000526 P        0.0000  cm-1
29688.405    0.063      416889.748        059003.000148   059003.000220          1.0000  cm-1
29686.362    0.063      1041195.962       059003.000133   059003.000197          1.0000  cm-1
29679.743    0.028      10378.445         059003.000147   059003.000217          1.0000  cm-1
29679.743    0.028      10378.445         059003.000304   059003.000655 P        0.0000  cm-1
29660.509    0.032      14394.544         059003.000132   059003.000196          1.0000  cm-1
29648.135    0.066      204400.974        059003.000165   059003.000244          1.0000  cm-1
29637.244    0.029      6099.243          059003.000163   059003.000243          0.2111  cm-1
29637.244    0.029      6099.243          059003.000163   059003.000433          0.7889  cm-1
29602.342    0.063      199830.649        059003.000182   059003.000273          1.0000  cm-1
29595.345    0.155      9955.354          059003.000149   059003.000220          1.0000  cm-1
29595.345    0.155      9955.354          059003.000329   059003.000638 P        0.0000  cm-1
29595.345    0.155      9955.354          059003.000332   059003.000424 P        0.0000  cm-1
29584.911    0.063      99049.927         059003.000327   059003.000500 P        0.0000  cm-1
29584.911    0.063      99049.927         059003.000191   059003.000290          1.0000  cm-1
29575.441    0.063      295742.529        059003.000145   059003.000216          1.0000  cm-1
29569.329    0.142      9827.846          059003.000330   059003.000638 P        0.0000  cm-1
29566.292    0.063      294385.065        059003.000148   059003.000218          1.0000  cm-1
29564.924    0.067      9805.875          059003.000333   059003.000507 P        0.0000  cm-1
29564.924    0.067      9805.875          059003.000183   059003.000273          1.0000  cm-1
29561.198    0.063      587260.487        059003.000345   059003.000529 P        0.0000  cm-1
29561.198    0.063      587260.487        059003.000259   059003.000318 P        0.0000  cm-1
29561.198    0.063      587260.487        059003.000142   059003.000207          1.0000  cm-1
29533.478    0.237      1930.352          059003.000629   059003.000681          1.0000  cm-1
29533.478    0.237      1930.352          059003.000552   059003.000522 P        0.0000  cm-1
29520.003    0.038      1916.959          059003.000167   059003.000247          1.0000  cm-1
29514.532    0.063      11469.896         059003.000187   059003.000287          1.0000  cm-1
29480.692    0.063      187863.145        059003.000139   059003.000203          1.0000  cm-1
29453.540    0.034      1852204.927       059003.000126   059003.000195          1.0000  cm-1
29453.540    0.034      1852204.927       059003.000339   059003.000518 P        0.0000  cm-1
29437.410    0.105      1102010.658       059003.000126   059003.000194          1.0000  cm-1
29432.541    0.063      549613.002        059003.000306   059003.000650 P        0.0000  cm-1
29432.541    0.063      549613.002        059003.000133   059003.000196          1.0000  cm-1
29432.541    0.063      549613.002        059003.000336   059003.000517 P        0.0000  cm-1
29425.342    0.066      547535.760        059003.000179   059003.000270 P        0.0000  cm-1
29425.342    0.066      547535.760        059003.000134   059003.000197          1.0000  cm-1
29422.478    0.063      63782.882         059003.000161   059003.000239          1.0000  cm-1
29415.572    0.029      1815.720          059003.000162   059003.000240          1.0000  cm-1
29410.158    0.065      5431.742          059003.000145   059003.000215          1.0000  cm-1
29405.233    0.030      12640.379         059003.000172   059003.000251          1.0000  cm-1
29377.693    0.066      88977.823         059003.000192   059003.000292          1.0000  cm-1
29294.729    0.066      11910.522         059003.000153   059003.000224 P        0.0000  cm-1
29294.729    0.066      11910.522         059003.000190   059003.000288          1.0000  cm-1
29289.220    0.164      848343.607        059003.000127   059003.000195          1.0000  cm-1
29283.452    0.142      1691.022          059003.000282   059003.000559 P        0.0000  cm-1
29283.452    0.142      1691.022          059003.000155   059003.000224 P        0.0000  cm-1
29280.321    0.032      3376.124          059003.000336   059003.000514 P        0.0000  cm-1
29280.321    0.032      3376.124          059003.000154   059003.000223          1.0000  cm-1
29272.899    0.063      504372.612        059003.000127   059003.000194          1.0000  cm-1
29272.899    0.063      504372.612        059003.000333   059003.000424 P        0.0000  cm-1
29268.133    0.030      11737.506         059003.000173   059003.000251          1.0000  cm-1
29262.300    0.028      11700.134         059003.000039   059003.000177          1.0000  cm-1
29251.930    0.031      3323.677          059003.000156   059003.000223          1.0000  cm-1
29239.629    0.028      13204.758         059003.000037   059003.000175          1.0000  cm-1
29239.629    0.028      13204.758         059003.000557   059003.000529 P        0.0000  cm-1
29230.798    0.063      246376.198        059003.000161   059003.000238          1.0000  cm-1
29212.423    0.066      487723.785        059003.000336   059003.000512 P        0.0000  cm-1
29212.423    0.066      487723.785        059003.000141   059003.000206          1.0000  cm-1
29212.423    0.066      487723.785        059003.000555   059003.000526 P        0.0000  cm-1
29179.213    0.028      7978.399          059003.000034   059003.000162          1.0000  cm-1
29178.237    0.155      79726.601         059003.000286   059003.000560 P        0.0000  cm-1
29178.237    0.155      79726.601         059003.000150   059003.000220          1.0000  cm-1
29171.590    0.067      794388.685        059003.000556   059003.000526 P        0.0000  cm-1
29171.590    0.067      794388.685        059003.000134   059003.000196          1.0000  cm-1
29164.278    0.528      6329.022          059003.000337   059003.000514 P        0.0000  cm-1
29164.278    0.528      6329.022          059003.000448   059003.000563          1.0000  cm-1
29151.148    0.066      3141.008          059003.000151   059003.000220          1.0000  cm-1
29144.318    0.068      9386.111          059003.000165   059003.000239          1.0000  cm-1
29092.250    0.066      455517.123        059003.000141   059003.000205          1.0000  cm-1
29056.189    0.170      223045.039        059003.000144   059003.000209 P        0.0000  cm-1
29056.189    0.170      223045.039        059003.000150   059003.000218          1.0000  cm-1
29016.871    0.066      72655.788         059003.000546   059003.000518 P        0.0000  cm-1
29016.871    0.066      72655.788         059003.000149   059003.000216          1.0000  cm-1
28982.322    0.027      7118.973          059003.000036   059003.000168          1.0000  cm-1
28952.652    0.066      41966.470         059003.000165   059003.000238          1.0000  cm-1
28943.231    0.063      97371.999         059003.000145   059003.000211          1.0000  cm-1
28873.172    0.066      1333.487          059003.000190   059003.000287          1.0000  cm-1
28870.978    0.067      1331.679          059003.000192   059003.000290          1.0000  cm-1
28870.978    0.067      1331.679          059003.000342   059003.000518 P        0.0000  cm-1
28774.432    0.066      25100.892         059003.000141   059003.000203          1.0000  cm-1
28774.432    0.066      25100.892         059003.000439   059003.000337 P        0.0000  cm-1
28767.892    0.063      4999.831          059003.000145   059003.000210          1.0000  cm-1
28744.228    0.030      7389.737          059003.000146   059003.000211          1.0000  cm-1
28718.473    0.063      1211.974          059003.000554   059003.000521 P        0.0000  cm-1
28718.473    0.063      1211.974          059003.000189   059003.000443          1.0000  cm-1
28701.017    0.028      4794.947          059003.000144   059003.000207          1.0000  cm-1
28658.982    0.027      4669.216          059003.000642   059003.000280          1.0000  cm-1
28654.986    0.039      4657.317          059003.000167   059003.000238          1.0000  cm-1
28599.745    0.152      4495.228          059003.000150   059003.000216          1.0000  cm-1
28596.206    0.142      1121.446          059003.000341   059003.000515 P        0.0000  cm-1
28596.206    0.142      1121.446          059003.000341   059003.000516 P        0.0000  cm-1
28596.206    0.142      1121.446          059003.000141   059003.000202          1.0000  cm-1
28568.910    0.030      8814.944          059003.000146   059003.000210          1.0000  cm-1
28508.827    0.250      15896.658         059003.000190   059003.000444          1.0000  cm-1
28504.427    0.031      2113.407          059003.000349   059003.000612 P        0.0000  cm-1
28504.427    0.031      2113.407          059003.000173   059003.000244          1.0000  cm-1
28488.832    0.066      3138.124          059003.000188   059003.000284          1.0000  cm-1
28488.832    0.066      3138.124          059003.000350   059003.000613 P        0.0000  cm-1
28477.524    0.063      20766.868         059003.000148   059003.000211          0.1927  cm-1
28477.524    0.063      20766.868         059003.000189   059003.000284          0.8073  cm-1
28470.813    0.027      2067.528          059003.000176   059003.000435          1.0000  cm-1
28461.574    0.028      4109.947          059003.000173   059003.000243          1.0000  cm-1
28434.445    0.066      1009.316          059003.000341   059003.000512 P        0.0000  cm-1
28434.445    0.066      1009.316          059003.000150   059003.000215          1.0000  cm-1
28420.982    0.028      2000.748          059003.000155   059003.000431          1.0000  cm-1
28384.545    0.066      29294.685         059003.000149   059003.000211          1.0000  cm-1
28379.712    0.066      29200.631         059003.000140   059003.000201          1.0000  cm-1
28339.130    0.030      18946.401         059003.000131   059003.000195          0.0627  cm-1
28339.130    0.030      18946.401         059003.000153   059003.000220          0.9373  cm-1
28338.372    0.072      14202.850         059003.000307   059003.000565          1.0000  cm-1
28322.679    0.066      8432.508          059003.000131   059003.000194 P        0.0000  cm-1
28322.679    0.066      8432.508          059003.000151   059003.000213 P        0.0000  cm-1
28322.679    0.066      8432.508          059003.000165   059003.000237          1.0000  cm-1
28304.762    0.027      1851.460          059003.000106   059003.000193          1.0000  cm-1
28302.342    0.063      1848.446          059003.000148   059003.000210          1.0000  cm-1
28216.775    0.097      17442.837         059003.000153   059003.000218          0.7863  cm-1
28216.775    0.097      17442.837         059003.000165   059003.000233          0.2137  cm-1
28207.753    0.027      3467.220          059003.000146   059003.000208          1.0000  cm-1
28192.212    0.066      5146.165          059003.000149   059003.000209          1.0000  cm-1
28177.173    0.027      2546.680          059003.000153   059003.000217          1.0000  cm-1
28084.979    0.026      1593.429          059003.000187   059003.000280          1.0000  cm-1
28084.979    0.026      1593.429          059003.000348   059003.000529 P        0.0000  cm-1
28058.052    0.063      19549.554         059003.000142   059003.000201          1.0000  cm-1
28058.052    0.063      19549.554         059003.000341   059003.000637 P        0.0000  cm-1
28047.142    0.066      23282.362         059003.000188   059003.000282          1.0000  cm-1
28035.818    0.063      6929.922          059003.000189   059003.000282          1.0000  cm-1
28019.692    0.142      761.392           059003.000190   059003.000283          1.0000  cm-1
28019.692    0.142      761.392           059003.000338   059003.000504 P        0.0000  cm-1
28015.637    0.027      1518.448          059003.000160   059003.000224          1.0000  cm-1
27990.480    0.034      746.022           059003.000438   059003.000543 P        0.0000  cm-1
27967.605    0.030      1468.252          059003.000158   059003.000220          0.1386  cm-1
27967.605    0.030      1468.252          059003.000150   059003.000211          0.8614  cm-1
27950.130    0.031      6526.767          059003.000166   059003.000230          1.0000  cm-1
27945.763    0.063      5784.091          059003.000142   059003.000200          1.0000  cm-1
27941.211    0.063      5044.925          059003.000352   059003.000614 P        0.0000  cm-1
27941.211    0.063      5044.925          059003.000148   059003.000208          1.0000  cm-1
27941.211    0.063      5044.925          059003.000352   059003.000613 P        0.0000  cm-1
27888.630    0.026      6250.573          059003.000077   059003.000186          1.0000  cm-1
27848.082    0.067      5398.855          059003.000149   059003.000208          1.0000  cm-1
27848.082    0.067      5398.855          059003.000548   059003.000512 P        0.0000  cm-1
27837.008    0.148      20084.722         059003.000149   059003.000207          1.0000  cm-1
27835.440    0.026      2675.452          059003.000037   059003.000163          1.0000  cm-1
27807.730    0.026      1311.677          059003.000056   059003.000180          1.0000  cm-1
27766.258    0.027      1273.538          059003.000673   059003.000536 P        0.0000  cm-1
27760.657    0.028      4439.580          059003.000153   059003.000216          1.0000  cm-1
27760.657    0.028      4439.580          059003.000281   059003.000549 P        0.0000  cm-1
27744.258    0.026      4388.003          059003.000038   059003.000163          1.0000  cm-1
27715.421    0.066      2456.311          059003.000192   059003.000287          1.0000  cm-1
27683.021    0.026      600.002           059003.000111   059003.000193          1.0000  cm-1
27665.846    0.031      592.635           059003.000172   059003.000234          1.0000  cm-1
27664.039    0.027      591.895           059003.000317   059003.000417 P        0.0000  cm-1
27663.402    0.068      591.625           059003.000307   059003.000675 P        0.0000  cm-1
27659.708    0.063      590.059           059003.000139   059003.000197          1.0000  cm-1
27604.970    0.027      567.309           059003.000556   059003.000519 P        0.0000  cm-1
27544.803    0.026      543.243           059003.000156   059003.000214          0.0432  cm-1
27544.803    0.026      543.243           059003.000077   059003.000185          0.9568  cm-1
27509.013    0.155      2117.583          059003.000310   059003.000684          1.0000  cm-1
27508.875    0.091      4763.822          059003.000154   059003.000213          1.0000  cm-1
27446.829    0.027      3036.637          059003.000164   059003.000226          1.0000  cm-1
27446.829    0.027      3036.637          059003.000342   059003.000424 P        0.0000  cm-1
27443.561    0.092      4543.674          059003.000190   059003.000280          1.0000  cm-1
27440.726    0.065      503.925           059003.000548   059003.000510 P        0.0000  cm-1
27440.726    0.065      503.925           059003.000133   059003.000195          1.0000  cm-1
27431.062    0.067      4503.361          059003.000150   059003.000208          1.0000  cm-1
27423.727    0.030      497.744           059003.000547   059003.000623 P        0.0000  cm-1
27399.029    0.072      488.926           059003.000452   059003.000563          1.0000  cm-1
27389.121    0.028      1941.704          059003.000358   059003.000619 P        0.0000  cm-1
27389.121    0.028      1941.704          059003.000158   059003.000216          1.0000  cm-1
27380.316    0.026      482.346           059003.000358   059003.000618 P        0.0000  cm-1
27380.316    0.026      482.346           059003.000001   059003.000120          1.0000  cm-1
27368.624    0.034      4304.515          059003.000547   059003.000638 P        0.0000  cm-1
27368.624    0.034      4304.515          059003.000348   059003.000522 P        0.0000  cm-1
27362.687    0.027      85716.500         059003.000166   059003.000226          1.0000  cm-1
27357.538    0.027      3795.601          059003.000548   059003.000508 P        0.0000  cm-1
27357.538    0.027      3795.601          059003.000152   059003.000207          1.0000  cm-1
27351.476    0.026      3779.009          059003.000192   059003.000444          1.0000  cm-1
27350.582    0.030      1888.182          059003.000177   059003.000244          1.0000  cm-1
27322.354    0.026      1387.547          059003.000560   059003.000521 P        0.0000  cm-1
27322.354    0.026      1387.547          059003.000031   059003.000126          1.0000  cm-1
27312.148    0.142      918.217           059003.000034   059003.000157          1.0000  cm-1
27298.629    0.028      4546.193          059003.000179   059003.000264          1.0000  cm-1
27298.629    0.028      4546.193          059003.000285   059003.000343 P        0.0000  cm-1
27298.629    0.028      4546.193          059003.000546   059003.000502 P        0.0000  cm-1
27267.655    0.063      889.092           059003.000148   059003.000205          1.0000  cm-1
27265.625    0.027      443.871           059003.000164   059003.000225          1.0000  cm-1
27260.159    0.163      1768.555          059003.000550   059003.000509 P        0.0000  cm-1
27260.159    0.163      1768.555          059003.000307   059003.000655          1.0000  cm-1
27257.827    0.030      882.837           059003.000284   059003.000552          1.0000  cm-1
27237.391    0.033      869.810           059003.000186   059003.000438          1.0000  cm-1
27237.391    0.033      869.810           059003.000145   059003.000202 P        0.0000  cm-1
27220.895    0.030      3437.778          059003.000164   059003.000223          1.0000  cm-1
27208.710    0.066      1703.866          059003.000165   059003.000224          1.0000  cm-1
27203.459    0.028      424.346           059003.000159   059003.000216          1.0000  cm-1
27197.798    0.028      2112.986          059003.000144   059003.000201          1.0000  cm-1
27187.265    0.027      419.405           059003.000320   059003.000415 P        0.0000  cm-1
27179.823    0.066      12514.586         059003.000134   059003.000195          1.0000  cm-1
27174.861    0.027      12469.041         059003.000154   059003.000212          1.0000  cm-1
27163.481    0.066      1236.750          059003.000134   059003.000194          1.0000  cm-1
27157.813    0.026      410.564           059003.000112   059003.000193          1.0000  cm-1
27150.903    0.027      408.543           059003.000342   059003.000502 P        0.0000  cm-1
27150.903    0.027      408.543           059003.000065   059003.000183          0.7448  cm-1
27150.903    0.027      408.543           059003.000191   059003.000281          0.2552  cm-1
27146.417    0.026      1221.515          059003.000156   059003.000212          1.0000  cm-1
27138.564    0.026      1619.556          059003.000456   059003.000570 P        0.0000  cm-1
27138.564    0.026      1619.556          059003.000001   059003.000119          1.0000  cm-1
27116.425    0.089      3586.007          059003.000155   059003.000211          1.0000  cm-1
27094.036    0.026      392.073           059003.000041   059003.000174          1.0000  cm-1
27085.447    0.089      3896.317          059003.000144   059003.000200          1.0000  cm-1
27076.396    0.027      387.113           059003.000545   059003.000500 P        0.0000  cm-1
27075.128    0.027      386.747           059003.000180   059003.000264          1.0000  cm-1
27059.945    0.029      765.084           059003.000160   059003.000220          1.0000  cm-1
27059.470    0.026      1529.668          059003.000036   059003.000159          1.0000  cm-1
27057.023    0.068      763.486           059003.000308   059003.000672          1.0000  cm-1
27009.942    0.031      738.000           059003.000171   059003.000230          1.0000  cm-1
26982.683    0.026      361.851           059003.000173   059003.000231          1.0000  cm-1
26979.042    0.027      360.914           059003.000552   059003.000425          1.0000  cm-1
26953.482    0.066      3189.200          059003.000141   059003.000197          1.0000  cm-1
26938.165    0.309      700.809           059003.000160   059003.000218          1.0000  cm-1
26938.165    0.309      700.809           059003.000282   059003.000342 P        0.0000  cm-1
26898.151    0.039      1021.775          059003.000167   059003.000223          1.0000  cm-1
26822.469    0.056      322.733           059003.000184   059003.000268 P        0.0000  cm-1
26757.020    0.153      924.187           059003.000552   059003.000505 P        0.0000  cm-1
26757.020    0.153      924.187           059003.000158   059003.000211          1.0000  cm-1
26740.247    0.068      609.002           059003.000307   059003.000667 P        0.0000  cm-1
26730.427    0.035      2116.510          059003.000550   059003.000504 P        0.0000  cm-1
26730.427    0.035      2116.510          059003.000151   059003.000205          1.0000  cm-1
26693.529    0.027      589.315           059003.000146   059003.000201          1.0000  cm-1
26645.812    0.025      570.015           059003.000115   059003.000193          1.0000  cm-1
26633.027    0.027      1129.902          059003.000180   059003.000261          1.0000  cm-1
26597.771    0.026      275.656           059003.000180   059003.000260          1.0000  cm-1
26597.771    0.026      275.656           059003.000557   059003.000512 P        0.0000  cm-1
26581.235    0.028      545.022           059003.000146   059003.000200          1.0000  cm-1
26580.003    0.085      544.560           059003.000147   059003.000201          0.1499  cm-1
26580.003    0.085      544.560           059003.000155   059003.000208          0.8501  cm-1
26569.376    0.042      1621.380          059003.000550   059003.000503 P        0.0000  cm-1
26569.376    0.042      1621.380          059003.000165   059003.000221          1.0000  cm-1
26569.376    0.042      1621.380          059003.000155   059003.000207 P        0.0000  cm-1
26564.555    0.152      269.355           059003.000158   059003.000209          1.0000  cm-1
26529.620    0.036      1052.101          059003.000040   059003.000167          1.0000  cm-1
26525.935    0.072      1049.410          059003.000308   059003.000565          1.0000  cm-1
26507.705    0.068      1813.717          059003.000312   059003.000670          1.0000  cm-1
26491.148    0.031      256.194           059003.000551   059003.000503 P        0.0000  cm-1
26491.148    0.031      256.194           059003.000445   059003.000560 P        0.0000  cm-1
26487.057    0.025      766.444           059003.000439   059003.000326 P        0.0000  cm-1
26422.434    0.027      2200.849          059003.000171   059003.000226          1.0000  cm-1
26415.380    0.026      973.528           059003.000172   059003.000226          1.0000  cm-1
26415.380    0.026      973.528           059003.000291   059003.000557 P        0.0000  cm-1
26408.932    0.086      1211.819          059003.000161   059003.000218          1.0000  cm-1
26332.590    0.029      1381.916          059003.000146   059003.000199          1.0000  cm-1
26332.590    0.029      1381.916          059003.000556   059003.000510 P        0.0000  cm-1
26314.702    0.025      227.629           059003.000148   059003.000200          1.0000  cm-1
26314.702    0.025      227.629           059003.000669   059003.000514 P        0.0000  cm-1
26285.877    0.066      893.456           059003.000192   059003.000280          1.0000  cm-1
26261.606    0.066      659.570           059003.000548   059003.000500 P        0.0000  cm-1
26261.606    0.066      659.570           059003.000150   059003.000202          1.0000  cm-1
26253.014    0.029      218.619           059003.000165   059003.000220          1.0000  cm-1
26247.376    0.025      2178.350          059003.000038   059003.000159          1.0000  cm-1
26221.546    0.066      856.921           059003.000149   059003.000200          1.0000  cm-1
26211.042    0.025      425.587           059003.000343   059003.000503 P        0.0000  cm-1
26211.042    0.025      425.587           059003.000043   059003.000175          1.0000  cm-1
26189.445    0.029      12591.409         059003.000172   059003.000223          1.0000  cm-1
26172.582    0.027      1660.927          059003.000181   059003.000264          1.0000  cm-1
26163.608    0.026      1445.042          059003.000164   059003.000219          1.0000  cm-1
26163.608    0.026      1445.042          059003.000557   059003.000509 P        0.0000  cm-1
26157.959    0.025      1645.631          059003.000039   059003.000160          1.0000  cm-1
26152.863    0.025      205.042           059003.000037   059003.000158          1.0000  cm-1
26130.788    0.066      1819.867          059003.000344   059003.000503 P        0.0000  cm-1
26130.788    0.066      1819.867          059003.000165   059003.000218          1.0000  cm-1
26036.669    0.032      554.691           059003.000154   059003.000206          1.0000  cm-1
26008.193    0.084      540.365           059003.000346   059003.000506 P        0.0000  cm-1
26008.193    0.084      540.365           059003.000156   059003.000206          1.0000  cm-1
26000.053    0.083      1341.000          059003.000144   059003.000198          1.0000  cm-1
25916.588    0.030      3729.043          059003.000154   059003.000205          1.0000  cm-1
25895.274    0.026      975.512           059003.000153   059003.000204          1.0000  cm-1
25887.318    0.066      14529.533         059003.000188   059003.000441          1.0000  cm-1
25875.947    0.065      1438.315          059003.000345   059003.000623 P        0.0000  cm-1
25875.947    0.065      1438.315          059003.000189   059003.000441          1.0000  cm-1
25860.090    0.056      472.667           059003.000554   059003.000504 P        0.0000  cm-1
25795.401    0.030      223.191           059003.000035   059003.000151          1.0000  cm-1
25787.278    0.025      664.713           059003.000161   059003.000215          1.0000  cm-1
25780.361    0.056      220.228           059003.000554   059003.000623 P        0.0000  cm-1
25732.974    0.025      2112.901          059003.000038   059003.000157          1.0000  cm-1
25691.757    0.066      1631.015          059003.000183   059003.000261          1.0000  cm-1
25657.653    0.155      395.969           059003.000466   059003.000619 P        0.0000  cm-1
25657.653    0.155      395.969           059003.000312   059003.000684          1.0000  cm-1
25657.653    0.155      395.969           059003.000177   059003.000229 P        0.0000  cm-1
25657.653    0.155      395.969           059003.000347   059003.000508 P        0.0000  cm-1
25640.329    0.025      1365.509          059003.000121   059003.000193          1.0000  cm-1
25598.780    0.029      1882.905          059003.000154   059003.000203          1.0000  cm-1
25574.771    0.142      184.524           059003.000180   059003.000631 P        0.0000  cm-1
25555.975    0.090      726.531           059003.000150   059003.000199          1.0000  cm-1
25495.787    0.029      1036.518          059003.000146   059003.000198          1.0000  cm-1
25495.787    0.029      1036.518          059003.000560   059003.000514 P        0.0000  cm-1
25460.283    0.027      335.544           059003.000355   059003.000604 P        0.0000  cm-1
25448.027    0.026      332.190           059003.000354   059003.000594          1.0000  cm-1
25429.746    0.031      2454.349          059003.000166   059003.000214          1.0000  cm-1
25414.512    0.028      1292.953          059003.000562   059003.000528 P        0.0000  cm-1
25409.842    0.142      161.008           059003.000001   059003.000111          1.0000  cm-1
25340.666    0.024      456.881           059003.000145   059003.000196          1.0000  cm-1
25340.666    0.024      456.881           059003.000558   059003.000504 P        0.0000  cm-1
25318.874    0.142      1197.409          059003.000051   059003.000177          1.0000  cm-1
25239.808    0.142      281.324           059003.000368   059003.000617 P        0.0000  cm-1
25216.344    0.041      138.126           059003.000445   059003.000346 P        0.0000  cm-1
25193.218    0.064      814.118           059003.000555   059003.000500 P        0.0000  cm-1
25155.627    0.024      527.370           059003.000092   059003.000185          1.0000  cm-1
25132.197    0.025      1036.126          059003.000172   059003.000219          1.0000  cm-1
25124.179    0.029      2574.647          059003.000172   059003.000218          1.0000  cm-1
25124.179    0.029      2574.647          059003.000369   059003.000607 P        0.0000  cm-1
25117.555    0.025      512.394           059003.000330   059003.000417 P        0.0000  cm-1
25115.361    0.025      19181.955         059003.000164   059003.000212          1.0000  cm-1
25103.837    0.042      760.709           059003.000347   059003.000623 P        0.0000  cm-1
25094.972    0.059      251.892           059003.000445   059003.000554 P        0.0000  cm-1
25044.195    0.066      485.137           059003.000329   059003.000415 P        0.0000  cm-1
25042.954    0.066      484.693           059003.000668   059003.000529 P        0.0000  cm-1
25006.310    0.025      471.834           059003.000348   059003.000509 P        0.0000  cm-1
25006.310    0.025      471.834           059003.000179   059003.000255          1.0000  cm-1
24991.682    0.120      23342.504         059003.000560   059003.000509 P        0.0000  cm-1
24991.682    0.120      23342.504         059003.000035   059003.000146          1.0000  cm-1
24986.983    0.029      930.472           059003.000173   059003.000218          1.0000  cm-1
24933.300    0.025      223.817           059003.000044   059003.000168 P        0.0000  cm-1
24913.496    0.024      1103.428          059003.000038   059003.000152          1.0000  cm-1
24906.590    0.071      109.804           059003.000305   059003.000563          1.0000  cm-1
24894.942    0.025      217.809           059003.000047   059003.000174          1.0000  cm-1
24878.715    0.024      9690.155          059003.000039   059003.000153          1.0000  cm-1
24866.915    0.070      640.694           059003.000312   059003.000681 P        0.0000  cm-1
24866.915    0.070      640.694           059003.000165   059003.000210          1.0000  cm-1
24809.315    0.024      18469.139         059003.000033   059003.000129          1.0000  cm-1
24803.931    0.142      408.913           059003.000559   059003.000502 P        0.0000  cm-1
24792.666    0.026      710.035           059003.000167   059003.000212 P        0.0000  cm-1
24792.666    0.026      710.035           059003.000035   059003.000145          1.0000  cm-1
24719.222    0.140      675.814           059003.000150   059003.000198          1.0000  cm-1
24719.222    0.140      675.814           059003.000175   059003.000217 P        0.0000  cm-1
24686.499    0.028      755.780           059003.000156   059003.000199          1.0000  cm-1
24671.379    0.047      187.086           059003.000162   059003.000207          1.0000  cm-1
24670.635    0.024      186.997           059003.000182   059003.000631          1.0000  cm-1
24669.181    0.024      560.457           059003.000284   059003.000333 P        0.0000  cm-1
24576.360    0.142      87.998            059003.000333   059003.000416 P        0.0000  cm-1
24498.102    0.063      335.248           059003.000142   059003.000194          1.0000  cm-1
24489.520    0.030      416.844           059003.000171   059003.000214          1.0000  cm-1
24487.196    0.024      1248.823          059003.000032   059003.000120          1.0000  cm-1
24482.296    0.024      83.007            059003.000172   059003.000214 P        0.0000  cm-1
24477.140    0.039      82.747            059003.000348   059003.000504 P        0.0000  cm-1
24458.383    0.027      654.477           059003.000179   059003.000251          1.0000  cm-1
24417.954    0.025      558.980           059003.000172   059003.000213          1.0000  cm-1
24365.508    0.024      619.495           059003.000173   059003.000215          1.0000  cm-1
24365.006    0.067      387.073           059003.000150   059003.000196          1.0000  cm-1
24350.658    0.095      383.888           059003.000312   059003.000672          1.0000  cm-1
24329.799    0.024      151.730           059003.000560   059003.000638 P        0.0000  cm-1
24307.214    0.028      1497.910          059003.000179   059003.000250          1.0000  cm-1
24301.488    0.025      447.941           059003.000560   059003.000503 P        0.0000  cm-1
24259.967    0.072      2188.469          059003.000055   059003.000177          1.0000  cm-1
24195.303    0.026      563.399           059003.000176   059003.000216          1.0000  cm-1
24187.620    0.070      490.957           059003.000038   059003.000147          1.0000  cm-1
24172.071    0.025      139.116           059003.000181   059003.000256          1.0000  cm-1
24170.211    0.071      208.474           059003.000374   059003.000621          1.0000  cm-1
24165.285    0.070      415.863           059003.000037   059003.000146          0.5576  cm-1
24165.285    0.070      415.863           059003.000051   059003.000173          0.4424  cm-1
24133.463    0.025      6134.956          059003.000349   059003.000583          1.0000  cm-1
24121.777    0.025      8130.464          059003.000179   059003.000248          1.0000  cm-1
24111.613    0.070      404.412           059003.000349   059003.000578          1.0000  cm-1
24110.282    0.070      538.848           059003.000161   059003.000205          0.8508  cm-1
24110.282    0.070      538.848           059003.000349   059003.000581          0.1492  cm-1
24107.760    0.026      672.691           059003.000374   059003.000616 P        0.0000  cm-1
24107.760    0.026      672.691           059003.000349   059003.000580          1.0000  cm-1
24106.829    0.070      537.896           059003.000349   059003.000579          1.0000  cm-1
24106.829    0.070      537.896           059003.000443   059003.000332 P        0.0000  cm-1
24102.121    0.025      6036.794          059003.000374   059003.000615          1.0000  cm-1
24092.455    0.025      1001.194          059003.000350   059003.000582          1.0000  cm-1
24092.455    0.025      1001.194          059003.000348   059003.000501 P        0.0000  cm-1
24087.331    0.024      399.438           059003.000161   059003.000204          1.0000  cm-1
24083.931    0.024      664.561           059003.000172   059003.000212          1.0000  cm-1
24083.931    0.024      664.561           059003.000180   059003.000250 P        0.0000  cm-1
24075.219    0.025      529.331           059003.000180   059003.000249          1.0000  cm-1
24071.979    0.025      1651.493          059003.000350   059003.000581          1.0000  cm-1
24070.912    0.024      1320.487          059003.000445   059003.000548 P        0.0000  cm-1
24070.912    0.024      1320.487          059003.000374   059003.000610          1.0000  cm-1
24062.365    0.024      197.227           059003.000374   059003.000608          1.0000  cm-1
24039.480    0.024      130.003           059003.000039   059003.000150          1.0000  cm-1
24031.981    0.024      259.047           059003.000043   059003.000160          1.0000  cm-1
24025.359    0.045      322.753           059003.000375   059003.000614          1.0000  cm-1
24002.314    0.026      510.654           059003.000375   059003.000611          1.0000  cm-1
23997.510    0.024      509.473           059003.000375   059003.000609          1.0000  cm-1
23990.859    0.024      571.328           059003.000375   059003.000608          1.0000  cm-1
23961.762    0.026      5634.786          059003.000351   059003.000590          1.0000  cm-1
23953.585    0.024      374.211           059003.000360   059003.000601          1.0000  cm-1
23946.763    0.024      62.167            059003.000173   059003.000212          1.0000  cm-1
23929.091    0.069      184.984           059003.000360   059003.000597          1.0000  cm-1
23927.738    0.024      1540.569          059003.000360   059003.000596          1.0000  cm-1
23922.968    0.069      184.462           059003.000282   059003.000326 P        0.0000  cm-1
23918.071    0.026      9202.376          059003.000376   059003.000620          1.0000  cm-1
23914.963    0.024      551.357           059003.000360   059003.000594          1.0000  cm-1
23911.908    0.025      1529.406          059003.000360   059003.000592          1.0000  cm-1
23898.515    0.027      486.422           059003.000173   059003.000211          1.0000  cm-1
23897.716    0.026      1215.648          059003.000351   059003.000583          1.0000  cm-1
23892.969    0.031      10916.916         059003.000166   059003.000206          1.0000  cm-1
23875.881    0.142      60.188            059003.000351   059003.000578          1.0000  cm-1
23875.881    0.142      60.188            059003.000359   059003.000429 P        0.0000  cm-1
23875.881    0.142      60.188            059003.000182   059003.000254 P        0.0000  cm-1
23864.298    0.024      59.877            059003.000179   059003.000247          1.0000  cm-1
23859.003    0.024      298.693           059003.000673   059003.000520 P        0.0000  cm-1
23859.003    0.024      298.693           059003.000107   059003.000186          1.0000  cm-1
23856.873    0.069      895.237           059003.000164   059003.000205 P        0.0000  cm-1
23856.873    0.069      895.237           059003.000376   059003.000615          1.0000  cm-1
23819.817    0.025      14094.346         059003.000361   059003.000599          1.0000  cm-1
23819.817    0.025      14094.346         059003.000312   059003.000565 P        0.0000  cm-1
23812.574    0.025      409.802           059003.000179   059003.000245          1.0000  cm-1
23792.541    0.023      58.047            059003.000161   059003.000203          1.0000  cm-1
23789.953    0.025      1159.683          059003.000282   059003.000325 P        0.0000  cm-1
23789.953    0.025      1159.683          059003.000361   059003.000595          1.0000  cm-1
23788.351    0.023      869.176           059003.000361   059003.000594          1.0000  cm-1
23785.352    0.025      462.976           059003.000361   059003.000592          1.0000  cm-1
23780.090    0.024      1443.611          059003.000336   059003.000418 P        0.0000  cm-1
23777.702    0.030      1442.111          059003.000154   059003.000197          1.0000  cm-1
23773.205    0.023      575.787           059003.000180   059003.000435          1.0000  cm-1
23754.611    0.069      285.687           059003.000362   059003.000606          1.0000  cm-1
23749.279    0.030      855.154           059003.000156   059003.000197          1.0000  cm-1
23694.914    0.025      223.130           059003.000470   059003.000617          1.0000  cm-1
23693.151    0.026      6689.270          059003.000362   059003.000599 P        0.0000  cm-1
23693.151    0.026      6689.270          059003.000362   059003.000598          1.0000  cm-1
23665.641    0.026      330.910           059003.000399   059003.000622          1.0000  cm-1
23661.221    0.023      1651.751          059003.000037   059003.000144          1.0000  cm-1
23651.856    0.067      384.033           059003.000001   059003.000097          0.6619  cm-1
23651.856    0.067      384.033           059003.000179   059003.000243          0.1765  cm-1
23651.856    0.067      384.033           059003.000179   059003.000433          0.1616  cm-1
23643.919    0.023      1640.927          059003.000052   059003.000172          1.0000  cm-1
23637.841    0.027      1091.431          059003.000144   059003.000194          1.0000  cm-1
23636.910    0.023      1636.604          059003.000052   059003.000171          1.0000  cm-1
23635.590    0.067      327.159           059003.000031   059003.000108          1.0000  cm-1
23627.519    0.026      217.449           059003.000363   059003.000606 P        0.0000  cm-1
23625.928    0.026      9779.433          059003.000363   059003.000605          1.0000  cm-1
23623.723    0.026      54.289            059003.000182   059003.000253          1.0000  cm-1
23623.723    0.026      54.289            059003.000470   059003.000612 P        0.0000  cm-1
23580.800    0.034      106.886           059003.000048   059003.000167          1.0000  cm-1
23580.800    0.034      106.886           059003.000471   059003.000611 P        0.0000  cm-1
23574.700    0.024      426.616           059003.000545   059003.000499 P        0.0000  cm-1
23569.970    0.023      106.475           059003.000038   059003.000144          0.3641  cm-1
23569.970    0.023      106.475           059003.000471   059003.000607          0.6359  cm-1
23565.803    0.026      1063.183          059003.000363   059003.000599 P        0.0000  cm-1
23565.803    0.026      1063.183          059003.000363   059003.000598          1.0000  cm-1
23557.705    0.025      212.037           059003.000118   059003.000188          1.0000  cm-1
23550.437    0.024      264.371           059003.000377   059003.000618          1.0000  cm-1
23547.725    0.026      792.366           059003.000352   059003.000583          1.0000  cm-1
23546.544    0.026      528.028           059003.000377   059003.000617          0.7252  cm-1
23546.544    0.026      528.028           059003.000352   059003.000666          0.2748  cm-1
23539.261    0.028      1580.062          059003.000164   059003.000203          1.0000  cm-1
23533.752    0.023      420.562           059003.000192   059003.000274          1.0000  cm-1
23529.315    0.060      262.453           059003.000039   059003.000148          1.0000  cm-1
23525.859    0.028      1572.837          059003.000352   059003.000578 P        0.0000  cm-1
23525.859    0.028      1572.837          059003.000153   059003.000196          1.0000  cm-1
23521.957    0.026      523.585           059003.000312   059003.000678 P        0.0000  cm-1
23521.957    0.026      523.585           059003.000352   059003.000580          0.7270  cm-1
23521.957    0.026      523.585           059003.000036   059003.000142          0.2730  cm-1
23521.138    0.024      2093.790          059003.000352   059003.000579          1.0000  cm-1
23484.555    0.024      1292.774          059003.000353   059003.000578          1.0000  cm-1
23480.656    0.067      1032.903          059003.000353   059003.000580          1.0000  cm-1
23475.463    0.024      464.022           059003.000377   059003.000612          1.0000  cm-1
23462.940    0.026      462.154           059003.000380   059003.000619          1.0000  cm-1
23454.001    0.025      204.817           059003.000192   059003.000674 P        0.0000  cm-1
23454.001    0.025      204.817           059003.000380   059003.000618          1.0000  cm-1
23438.086    0.023      1018.972          059003.000364   059003.000601          1.0000  cm-1
23428.330    0.024      1015.880          059003.000180   059003.000243          0.1709  cm-1
23428.330    0.024      1015.880          059003.000180   059003.000433          0.8291  cm-1
23424.232    0.041      1014.607          059003.000300   059003.000347 P        0.0000  cm-1
23419.102    0.033      506.506           059003.000378   059003.000614          0.4169  cm-1
23419.102    0.033      506.506           059003.000378   059003.000613          0.5831  cm-1
23413.710    0.023      1011.348          059003.000364   059003.000597          1.0000  cm-1
23412.277    0.023      303.272           059003.000364   059003.000596          1.0000  cm-1
23401.887    0.031      100.774           059003.000311   059003.000667 P        0.0000  cm-1
23396.872    0.024      1509.343          059003.000364   059003.000593          1.0000  cm-1
23396.872    0.024      1509.343          059003.000378   059003.000612 P        0.0000  cm-1
23391.503    0.023      251.155           059003.000379   059003.000612          1.0000  cm-1
23391.028    0.025      200.896           059003.000379   059003.000611          1.0000  cm-1
23391.028    0.025      200.896           059003.000304   059003.000668 P        0.0000  cm-1
23391.028    0.025      200.896           059003.000360   059003.000677 P        0.0000  cm-1
23386.190    0.023      1504.562          059003.000379   059003.000609          1.0000  cm-1
23385.409    0.024      401.124           059003.000378   059003.000607          1.0000  cm-1
23384.850    0.023      9023.805          059003.000061   059003.000178          1.0000  cm-1
23380.169    0.024      500.633           059003.000379   059003.000607          1.0000  cm-1
23379.562    0.023      300.327           059003.000379   059003.000608          1.0000  cm-1
23375.264    0.024      449.925           059003.000381   059003.000618          1.0000  cm-1
23363.503    0.066      298.930           059003.000338   059003.000416 P        0.0000  cm-1
23362.042    0.024      249.000           059003.000173   059003.000208          1.0000  cm-1
23359.453    0.066      398.111           059003.000465   059003.000596 P        0.0000  cm-1
23351.595    0.067      198.610           059003.000456   059003.000680          1.0000  cm-1
23350.144    0.025      446.690           059003.000365   059003.000603          1.0000  cm-1
23346.774    0.025      297.510           059003.000365   059003.000600          1.0000  cm-1
23346.774    0.025      297.510           059003.000341   059003.000499 P        0.0000  cm-1
23346.774    0.025      297.510           059003.000454   059003.000673 P        0.0000  cm-1
23333.627    0.030      1976.230          059003.000040   059003.000151          1.0000  cm-1
23332.327    0.026      98.769            059003.000181   059003.000251          1.0000  cm-1
23332.327    0.026      98.769            059003.000668   059003.000520 P        0.0000  cm-1
23323.474    0.024      5911.768          059003.000354   059003.000584          1.0000  cm-1
23322.719    0.031      492.545           059003.000381   059003.000614          0.3509  cm-1
23322.719    0.031      492.545           059003.000381   059003.000613          0.6491  cm-1
23319.150    0.034      1476.196          059003.000051   059003.000167          1.0000  cm-1
23319.150    0.034      1476.196          059003.000295   059003.000344 P        0.0000  cm-1
23310.179    0.027      490.870           059003.000562   059003.000518 P        0.0000  cm-1
23305.000    0.023      392.149           059003.000365   059003.000601          1.0000  cm-1
23300.301    0.065      440.615           059003.000381   059003.000612          1.0000  cm-1
23293.250    0.026      1465.972          059003.000354   059003.000580 P        0.0000  cm-1
23292.078    0.024      1465.519          059003.000354   059003.000579          1.0000  cm-1
23280.545    0.024      292.221           059003.000365   059003.000597          1.0000  cm-1
23265.859    0.027      388.159           059003.000547   059003.000498 P        0.0000  cm-1
23262.783    0.023      290.892           059003.000039   059003.000146          1.0000  cm-1
23257.793    0.023      387.367           059003.000131   059003.000193 P        0.0000  cm-1
23248.365    0.023      48.307            059003.000038   059003.000143          1.0000  cm-1
23238.040    0.023      48.184            059003.000369   059003.000661 P        0.0000  cm-1
23233.028    0.025      1443.729          059003.000186   059003.000264          1.0000  cm-1
23225.195    0.157      384.269           059003.000360   059003.000429 P        0.0000  cm-1
23225.195    0.157      384.269           059003.000307   059003.000563          1.0000  cm-1
23223.383    0.024      288.076           059003.000671   059003.000514 P        0.0000  cm-1
23221.872    0.023      191.980           059003.000655   059003.000682 P        0.0000  cm-1
23214.157    0.066      239.535           059003.000382   059003.000619 P        0.0000  cm-1
23211.646    0.026      430.906           059003.000177   059003.000215 P        0.0000  cm-1
23211.646    0.026      430.906           059003.000355   059003.000587          1.0000  cm-1
23202.126    0.024      429.946           059003.000665   059003.000625 P        0.0000  cm-1
23202.126    0.024      429.946           059003.000032   059003.000114          1.0000  cm-1
23185.747    0.026      428.330           059003.000355   059003.000585          1.0000  cm-1
23171.957    0.026      189.780           059003.000366   059003.000604          1.0000  cm-1
23161.285    0.025      4260.028          059003.000383   059003.000616          0.3393  cm-1
23161.285    0.025      4260.028          059003.000356   059003.000591          0.6607  cm-1
23154.477    0.024      189.055           059003.000671   059003.000512 P        0.0000  cm-1
23138.330    0.024      235.506           059003.000357   059003.000588          1.0000  cm-1
23134.763    0.025      329.460           059003.000185   059003.000261          1.0000  cm-1
23133.957    0.023      141.174           059003.000183   059003.000249          1.0000  cm-1
23124.285    0.024      469.642           059003.000043   059003.000158          0.7039  cm-1
23124.285    0.024      469.642           059003.000383   059003.000610          0.2961  cm-1
23122.371    0.023      1173.637          059003.000370   059003.000661 P        0.0000  cm-1
23122.371    0.023      1173.637          059003.000383   059003.000609          1.0000  cm-1
23116.336    0.023      93.776            059003.000383   059003.000607          1.0000  cm-1
23115.716    0.023      187.528           059003.000383   059003.000608          1.0000  cm-1
23112.366    0.026      1171.256          059003.000357   059003.000586          1.0000  cm-1
23112.366    0.026      1171.256          059003.000446   059003.000556 P        0.0000  cm-1
23110.131    0.023      187.317           059003.000056   059003.000176          1.0000  cm-1
23098.577    0.024      420.498           059003.000356   059003.000584          1.0000  cm-1
23085.200    0.024      1398.030          059003.000357   059003.000666          1.0000  cm-1
23085.200    0.024      1398.030          059003.000366   059003.000603 P        0.0000  cm-1
23083.680    0.040      139.762           059003.000384   059003.000619          1.0000  cm-1
23083.680    0.040      139.762           059003.000357   059003.000582 P        0.0000  cm-1
23082.957    0.023      232.905           059003.000182   059003.000653          1.0000  cm-1
23081.816    0.026      186.284           059003.000366   059003.000600 P        0.0000  cm-1
23063.217    0.026      417.683           059003.000039   059003.000145 P        0.0000  cm-1
23063.217    0.026      417.683           059003.000366   059003.000602          0.8330  cm-1
23063.217    0.026      417.683           059003.000357   059003.000581          0.1670  cm-1
23033.785    0.027      276.998           059003.000547   059003.000418 P        0.0000  cm-1
23026.711    0.055      1152.758          059003.000562   059003.000517 P        0.0000  cm-1
23026.711    0.055      1152.758          059003.000446   059003.000554 P        0.0000  cm-1
23023.584    0.024      276.515           059003.000163   059003.000201 P        0.0000  cm-1
23023.584    0.024      276.515           059003.000544   059003.000414 P        0.0000  cm-1
23010.335    0.023      229.920           059003.000044   059003.000159          1.0000  cm-1
23007.634    0.025      321.745           059003.000368   059003.000600          1.0000  cm-1
23001.414    0.024      1147.931          059003.000341   059003.000418 P        0.0000  cm-1
22999.343    0.027      183.607           059003.000179   059003.000238          1.0000  cm-1
22994.448    0.027      412.805           059003.000182   059003.000248          1.0000  cm-1
22992.347    0.023      412.658           059003.000298   059003.000556 P        0.0000  cm-1
22989.296    0.034      91.658            059003.000367   059003.000599          0.7852  cm-1
22989.296    0.034      91.658            059003.000474   059003.000617 P        0.0000  cm-1
22989.296    0.034      91.658            059003.000368   059003.000602          0.2148  cm-1
22986.211    0.024      916.136           059003.000358   059003.000588          1.0000  cm-1
22970.735    0.036      365.589           059003.000367   059003.000596          1.0000  cm-1
22965.785    0.023      228.325           059003.000368   059003.000601          1.0000  cm-1
22960.253    0.026      365.023           059003.000358   059003.000586          1.0000  cm-1
22959.521    0.037      2737.379          059003.000367   059003.000595          1.0000  cm-1
22957.895    0.036      182.449           059003.000295   059003.000551 P        0.0000  cm-1
22957.895    0.036      182.449           059003.000367   059003.000594          1.0000  cm-1
22952.758    0.031      455.778           059003.000171   059003.000206          1.0000  cm-1
22945.893    0.063      227.670           059003.000172   059003.000206 P        0.0000  cm-1
22944.575    0.027      318.679           059003.000547   059003.000497 P        0.0000  cm-1
22941.347    0.023      182.020           059003.000368   059003.000597          1.0000  cm-1
22940.205    0.035      318.485           059003.000474   059003.000614 P        0.0000  cm-1
22940.205    0.035      318.485           059003.000474   059003.000613 P        0.0000  cm-1
22937.905    0.064      272.901           059003.000385   059003.000617          1.0000  cm-1
22931.476    0.024      181.774           059003.000340   059003.000416 P        0.0000  cm-1
22931.476    0.024      181.774           059003.000358   059003.000582          1.0000  cm-1
22931.476    0.024      181.774           059003.000446   059003.000345 P        0.0000  cm-1
22907.705    0.142      135.907           059003.000369   059003.000597          0.8521  cm-1
22907.705    0.142      135.907           059003.000458   059003.000582          0.1479  cm-1
22906.304    0.023      226.472           059003.000369   059003.000596          1.0000  cm-1
22905.663    0.026      271.744           059003.000371   059003.000604          1.0000  cm-1
22890.994    0.023      406.882           059003.000369   059003.000593          1.0000  cm-1
22889.281    0.074      316.399           059003.000385   059003.000614          1.0000  cm-1
22889.281    0.074      316.399           059003.000385   059003.000613 P        0.0000  cm-1
22879.131    0.027      361.162           059003.000165   059003.000200          1.0000  cm-1
22876.061    0.026      90.260            059003.000562   059003.000514 P        0.0000  cm-1
22876.061    0.026      90.260            059003.000545   059003.000414 P        0.0000  cm-1
22874.501    0.023      135.366           059003.000364   059003.000677 P        0.0000  cm-1
22866.319    0.026      405.724           059003.000385   059003.000611          1.0000  cm-1
22858.189    0.025      45.040            059003.000370   059003.000600          1.0000  cm-1
22855.460    0.024      270.164           059003.000385   059003.000607          1.0000  cm-1
22853.175    0.024      315.115           059003.000386   059003.000618          1.0000  cm-1
22835.151    0.024      179.734           059003.000354   059003.000662 P        0.0000  cm-1
22829.942    0.026      359.284           059003.000406   059003.000622          1.0000  cm-1
22825.673    0.028      4040.264          059003.000172   059003.000205          1.0000  cm-1
22822.229    0.023      179.510           059003.000465   059003.000677 P        0.0000  cm-1
22817.031    0.026      4037.017          059003.000675   059003.000682 P        0.0000  cm-1
22817.031    0.026      4037.017          059003.000372   059003.000606          1.0000  cm-1
22816.417    0.023      313.973           059003.000291   059003.000333 P        0.0000  cm-1
22816.417    0.023      313.973           059003.000370   059003.000601          1.0000  cm-1
22814.678    0.142      134.538           059003.000341   059003.000416 P        0.0000  cm-1
22814.678    0.142      134.538           059003.000373   059003.000604          1.0000  cm-1
22801.013    0.050      44.792            059003.000037   059003.000142          1.0000  cm-1
22800.468    0.024      134.369           059003.000386   059003.000613          1.0000  cm-1
22791.948    0.023      223.789           059003.000370   059003.000597          1.0000  cm-1
22790.887    0.025      402.784           059003.000186   059003.000261          1.0000  cm-1
22790.540    0.023      402.774           059003.000370   059003.000596          1.0000  cm-1
22789.063    0.033      313.231           059003.000563   059003.000529 P        0.0000  cm-1
22786.431    0.063      223.689           059003.000341   059003.000415 P        0.0000  cm-1
22775.900    0.027      178.803           059003.000180   059003.000238          1.0000  cm-1
22775.229    0.023      223.493           059003.000370   059003.000593          1.0000  cm-1
22773.937    0.066      357.554           059003.000149   059003.000194          1.0000  cm-1
22764.696    0.024      1339.922          059003.000043   059003.000155          1.0000  cm-1
22727.672    0.026      222.787           059003.000373   059003.000603          1.0000  cm-1
22715.871    0.025      267.171           059003.000460   059003.000589          1.0000  cm-1
22715.431    0.025      178.110           059003.000090   059003.000182 P        0.0000  cm-1
22715.431    0.025      178.110           059003.000179   059003.000236          1.0000  cm-1
22710.014    0.023      89.030            059003.000476   059003.000607          1.0000  cm-1
22710.014    0.023      89.030            059003.000364   059003.000429 P        0.0000  cm-1
22709.426    0.028      133.542           059003.000054   059003.000169          0.2940  cm-1
22709.426    0.028      133.542           059003.000461   059003.000589          0.7060  cm-1
22708.156    0.024      311.577           059003.000460   059003.000588          1.0000  cm-1
22706.047    0.026      311.545           059003.000373   059003.000602          1.0000  cm-1
22703.243    0.023      89.001            059003.000467   059003.000594          1.0000  cm-1
22700.732    0.023      177.981           059003.000467   059003.000593          1.0000  cm-1
22698.702    0.023      44.491            059003.000459   059003.000666 P        0.0000  cm-1
22696.651    0.023      5338.421          059003.000052   059003.000166          1.0000  cm-1
22688.503    0.028      222.355           059003.000549   059003.000499 P        0.0000  cm-1
22688.503    0.028      222.355           059003.000173   059003.000205          1.0000  cm-1
22686.473    0.025      222.337           059003.000181   059003.000245          1.0000  cm-1
22685.268    0.023      133.396           059003.000182   059003.000245          1.0000  cm-1
22677.518    0.024      222.259           059003.000468   059003.000597          1.0000  cm-1
22665.453    0.024      88.866            059003.000173   059003.000204          1.0000  cm-1
22665.453    0.024      88.866            059003.000671   059003.000508 P        0.0000  cm-1
22660.817    0.024      355.413           059003.000468   059003.000593          1.0000  cm-1
22634.646    0.023      310.779           059003.000654   059003.000555 P        0.0000  cm-1
22630.844    0.062      44.394            059003.000122   059003.000187          1.0000  cm-1
22630.844    0.062      44.394            059003.000165   059003.000199 P        0.0000  cm-1
22612.464    0.023      5325.792          059003.000052   059003.000164          1.0000  cm-1
22577.151    0.062      310.627           059003.000462   059003.000587          1.0000  cm-1
22577.151    0.062      310.627           059003.000673   059003.000511 P        0.0000  cm-1
22577.151    0.062      310.627           059003.000365   059003.000429 P        0.0000  cm-1
22568.363    0.023      266.264           059003.000656   059003.000669 P        0.0000  cm-1
22562.012    0.024      44.380            059003.000668   059003.000516 P        0.0000  cm-1
22562.012    0.024      44.380            059003.000676   059003.000560 P        0.0000  cm-1
22562.012    0.024      44.380            059003.000388   059003.000617          1.0000  cm-1
22560.476    0.026      399.422           059003.000387   059003.000611          0.9728  cm-1
22560.476    0.026      399.422           059003.000179   059003.000235          0.0272  cm-1
22557.681    0.024      5325.792          059003.000387   059003.000610          1.0000  cm-1
22551.385    0.026      887.702           059003.000462   059003.000585          1.0000  cm-1
22549.112    0.024      1331.596          059003.000387   059003.000608          1.0000  cm-1
22545.704    0.023      44.389            059003.000124   059003.000188          1.0000  cm-1
22527.755    0.023      399.643           059003.000001   059003.000087          1.0000  cm-1
22524.513    0.023      266.449           059003.000182   059003.000243          0.3555  cm-1
22524.513    0.023      266.449           059003.000182   059003.000433          0.6445  cm-1
22524.513    0.023      266.449           059003.000671   059003.000507 P        0.0000  cm-1
22523.055    0.024      399.689           059003.000462   059003.000582          1.0000  cm-1
22513.309    0.045      310.953           059003.000388   059003.000614          1.0000  cm-1
22513.309    0.045      310.953           059003.000388   059003.000613 P        0.0000  cm-1
22491.983    0.024      1111.353          059003.000180   059003.000236          1.0000  cm-1
22490.811    0.023      222.281           059003.000388   059003.000612          1.0000  cm-1
22487.082    0.023      889.254           059003.000183   059003.000433          1.0000  cm-1
22479.452    0.023      311.339           059003.000388   059003.000607          1.0000  cm-1
22476.111    0.023      6672.543          059003.000048   059003.000160          1.0000  cm-1
22464.964    0.023      8011.296          059003.000044   059003.000155          1.0000  cm-1
22460.604    0.037      5342.048          059003.000671   059003.000506 P        0.0000  cm-1
22460.604    0.037      5342.048          059003.000058   059003.000173          1.0000  cm-1
22446.276    0.023      311.864           059003.000031   059003.000099          1.0000  cm-1
22434.700    0.023      312.082           059003.000359   059003.000666          1.0000  cm-1
22433.100    0.023      401.289           059003.000359   059003.000582          0.6585  cm-1
22433.100    0.023      401.289           059003.000034   059003.000137          0.3415  cm-1
22416.078    0.027      267.831           059003.000551   059003.000498 P        0.0000  cm-1
22414.048    0.023      357.160           059003.000359   059003.000578          1.0000  cm-1
22412.540    0.023      1116.246          059003.000359   059003.000581          1.0000  cm-1
22410.183    0.024      5358.898          059003.000359   059003.000580          1.0000  cm-1
22406.191    0.025      8934.137          059003.000390   059003.000621          1.0000  cm-1
22402.577    0.023      1117.073          059003.000368   059003.000677 P        0.0000  cm-1
22401.257    0.023      670.311           059003.000668   059003.000512 P        0.0000  cm-1
22389.882    0.023      4025.506          059003.000056   059003.000170          1.0000  cm-1
22373.257    0.026      268.749           059003.000562   059003.000509 P        0.0000  cm-1
22372.971    0.065      179.174           059003.000150   059003.000195          1.0000  cm-1
22369.304    0.026      2688.457          059003.000179   059003.000237          1.0000  cm-1
22369.304    0.026      2688.457          059003.000389   059003.000614 P        0.0000  cm-1
22369.304    0.026      2688.457          059003.000369   059003.000677 P        0.0000  cm-1
22369.304    0.026      2688.457          059003.000389   059003.000613 P        0.0000  cm-1
22343.814    0.026      898.351           059003.000390   059003.000616          1.0000  cm-1
22332.871    0.066      224.846           059003.000167   059003.000199          1.0000  cm-1
22323.413    0.037      315.106           059003.000058   059003.000172          1.0000  cm-1
22306.882    0.024      315.702           059003.000390   059003.000610 P        0.0000  cm-1
22266.712    0.025      135.992           059003.000624   059003.000619          1.0000  cm-1
22263.095    0.023      317.474           059003.000179   059003.000233          1.0000  cm-1
22260.264    0.035      4083.360          059003.000055   059003.000167          1.0000  cm-1
22214.523    0.023      13704.332         059003.000051   059003.000160          1.0000  cm-1
22194.930    0.146      320.802           059003.000184   059003.000249          1.0000  cm-1
22192.529    0.024      412.623           059003.000173   059003.000202          1.0000  cm-1
22192.529    0.024      412.623           059003.000671   059003.000504 P        0.0000  cm-1
22172.916    0.023      414.024           059003.000179   059003.000231          1.0000  cm-1
22120.908    0.024      92.920            059003.000183   059003.000240          1.0000  cm-1
22083.935    0.022      1170.556          059003.000061   059003.000171          1.0000  cm-1
22043.927    0.023      1181.307          059003.000031   059003.000093          1.0000  cm-1
22024.862    0.022      1424.135          059003.000056   059003.000168          1.0000  cm-1
22024.862    0.022      1424.135          059003.000296   059003.000342 P        0.0000  cm-1
22017.918    0.024      285.322           059003.000184   059003.000248          1.0000  cm-1
21985.122    0.027      239.787           059003.000553   059003.000417 P        0.0000  cm-1
21977.827    0.022      144.153           059003.000068   059003.000177          1.0000  cm-1
21963.761    0.023      192.945           059003.000673   059003.000504 P        0.0000  cm-1
21963.761    0.023      192.945           059003.000180   059003.000232          1.0000  cm-1
21949.605    0.024      48.428            059003.000180   059003.000231          1.0000  cm-1
21873.295    0.026      396.441           059003.000181   059003.000238          1.0000  cm-1
21872.026    0.022      347.024           059003.000182   059003.000238          1.0000  cm-1
21863.982    0.024      198.815           059003.000374   059003.000599 P        0.0000  cm-1
21857.570    0.034      49.808            059003.000281   059003.000314 P        0.0000  cm-1
21847.207    0.023      99.958            059003.000642   059003.000260          1.0000  cm-1
21838.061    0.022      3007.942          059003.000135   059003.000193          1.0000  cm-1
21831.732    0.032      351.681           059003.000345   059003.000499 P        0.0000  cm-1
21813.892    0.033      101.101           059003.000343   059003.000497 P        0.0000  cm-1
21813.892    0.033      101.101           059003.000368   059003.000428 P        0.0000  cm-1
21811.666    0.022      455.312           059003.000633   059003.000334 P        0.0000  cm-1
21811.666    0.022      455.312           059003.000090   059003.000180          1.0000  cm-1
21793.792    0.083      101.838           059003.000165   059003.000198          1.0000  cm-1
21792.448    0.024      203.749           059003.000375   059003.000599          1.0000  cm-1
21777.745    0.023      409.690           059003.000180   059003.000229          0.3933  cm-1
21777.745    0.023      409.690           059003.000392   059003.000613          0.6067  cm-1
21773.905    0.023      51.284            059003.000375   059003.000596 P        0.0000  cm-1
21762.580    0.024      257.504           059003.000626   059003.000563 P        0.0000  cm-1
21762.580    0.024      257.504           059003.000375   059003.000595          1.0000  cm-1
21762.580    0.024      257.504           059003.000360   059003.000581 P        0.0000  cm-1
21760.912    0.022      309.198           059003.000375   059003.000594 P        0.0000  cm-1
21755.812    0.022      309.795           059003.000001   059003.000084          1.0000  cm-1
21728.969    0.022      1043.410          059003.000063   059003.000174          1.0000  cm-1
21718.209    0.030      471.557           059003.000164   059003.000197          1.0000  cm-1
21718.209    0.030      471.557           059003.000161   059003.000196 P        0.0000  cm-1
21687.949    0.043      265.207           059003.000343   059003.000415 P        0.0000  cm-1
21676.400    0.023      23983.902         059003.000044   059003.000152          1.0000  cm-1
21663.901    0.022      428.643           059003.000361   059003.000584          1.0000  cm-1
21614.711    0.044      32851.023         059003.000058   059003.000167          1.0000  cm-1
21548.202    0.025      56.491            059003.000394   059003.000617 P        0.0000  cm-1
21546.587    0.023      56.536            059003.000393   059003.000609          1.0000  cm-1
21535.155    0.023      1705.645          059003.000001   059003.000082          1.0000  cm-1
21525.589    0.022      1713.785          059003.000033   059003.000113          1.0000  cm-1
21512.101    0.023      1725.475          059003.000176   059003.000201 P        0.0000  cm-1
21512.101    0.023      1725.475          059003.000065   059003.000176          1.0000  cm-1
21505.801    0.027      403.915           059003.000155   059003.000194          1.0000  cm-1
21496.566    0.063      521.779           059003.000043   059003.000149          1.0000  cm-1
21486.894    0.026      874.038           059003.000173   059003.000199          1.0000  cm-1
21486.894    0.026      874.038           059003.000345   059003.000418 P        0.0000  cm-1
21480.169    0.022      7016.702          059003.000117   059003.000185          1.0000  cm-1
21448.013    0.023      535.366           059003.000103   059003.000181          1.0000  cm-1
21433.942    0.022      539.500           059003.000092   059003.000179          1.0000  cm-1
21412.783    0.087      121.309           059003.000308   059003.000563          1.0000  cm-1
21412.783    0.087      121.309           059003.000479   059003.000607 P        0.0000  cm-1
21343.065    0.025      505.329           059003.000395   059003.000619 P        0.0000  cm-1
21338.668    0.022      570.005           059003.000038   059003.000138          1.0000  cm-1
21273.171    0.022      131.943           059003.000187   059003.000260          1.0000  cm-1
21269.075    0.022      132.291           059003.000346   059003.000418 P        0.0000  cm-1
21269.075    0.022      132.291           059003.000364   059003.000666          1.0000  cm-1
21248.425    0.022      402.238           059003.000364   059003.000578          1.0000  cm-1
21244.651    0.024      268.825           059003.000364   059003.000580 P        0.0000  cm-1
21243.230    0.026      605.444           059003.000181   059003.000237          1.0000  cm-1
21243.230    0.026      605.444           059003.000315   059003.000494 P        0.0000  cm-1
21221.791    0.022      1023.537          059003.000035   059003.000135          1.0000  cm-1
21211.227    0.022      274.896           059003.000676   059003.000555 P        0.0000  cm-1
21208.846    0.022      41301.134         059003.000048   059003.000155          1.0000  cm-1
21196.887    0.022      624.597           059003.000483   059003.000619 P        0.0000  cm-1
21196.887    0.022      624.597           059003.000048   059003.000153          0.9026  cm-1
21196.887    0.022      624.597           059003.000044   059003.000149          0.0974  cm-1
21159.586    0.022      569.837           059003.000068   059003.000176          1.0000  cm-1
21155.607    0.025      21428.591         059003.000055   059003.000160          1.0000  cm-1
21149.791    0.022      143.456           059003.000379   059003.000594 P        0.0000  cm-1
21148.356    0.022      4308.089          059003.000122   059003.000186          1.0000  cm-1
21143.761    0.022      19450.353         059003.000061   059003.000166          1.0000  cm-1
21136.845    0.023      1447.918          059003.000043   059003.000146          1.0000  cm-1
21077.608    0.063      226.930           059003.000563   059003.000520 P        0.0000  cm-1
21077.608    0.063      226.930           059003.000189   059003.000263          1.0000  cm-1
21059.586    0.022      23007.539         059003.000061   059003.000164          1.0000  cm-1
21052.535    0.022      3084.404          059003.000068   059003.000175          1.0000  cm-1
20971.775    0.022      246.742           059003.000040   059003.000141          1.0000  cm-1
20971.775    0.022      246.742           059003.000382   059003.000603 P        0.0000  cm-1
20950.504    0.022      25114.014         059003.000655   059003.000536 P        0.0000  cm-1
20950.504    0.022      25114.014         059003.000044   059003.000147          1.0000  cm-1
20947.347    0.022      83.935            059003.000294   059003.000543 P        0.0000  cm-1
20935.288    0.022      38156.787         059003.000051   059003.000153          1.0000  cm-1
20923.961    0.023      171.227           059003.000366   059003.000588          1.0000  cm-1
20897.934    0.022      262.671           059003.000366   059003.000586 P        0.0000  cm-1
20897.934    0.022      262.671           059003.000190   059003.000647          1.0000  cm-1
20866.031    0.082      270.158           059003.000457   059003.000684          1.0000  cm-1
20848.600    0.022      91.472            059003.000466   059003.000636 P        0.0000  cm-1
20833.433    0.035      92.739            059003.000367   059003.000584          1.0000  cm-1
20814.465    0.024      188.739           059003.000668   059003.000500 P        0.0000  cm-1
20814.465    0.024      188.739           059003.000484   059003.000619 P        0.0000  cm-1
20804.510    0.022      857.208           059003.000122   059003.000185          1.0000  cm-1
20804.510    0.022      857.208           059003.000289   059003.000320 P        0.0000  cm-1
20791.859    0.052      771.035           059003.000065   059003.000170          1.0000  cm-1
20754.622    0.022      798.832           059003.000032   059003.000096          1.0000  cm-1
20737.654    0.022      101.511           059003.000475   059003.000604 P        0.0000  cm-1
20737.654    0.022      101.511           059003.000369   059003.000579          1.0000  cm-1
20733.350    0.023      101.939           059003.000676   059003.000344 P        0.0000  cm-1
20733.350    0.023      101.939           059003.000400   059003.000610          1.0000  cm-1
20687.097    0.166      213.567           059003.000172   059003.000197          1.0000  cm-1
20632.662    0.022      10158.823         059003.000043   059003.000144          1.0000  cm-1
20581.448    0.022      71523.928         059003.000052   059003.000156          1.0000  cm-1
20552.993    0.022      7378.222          059003.000052   059003.000154          1.0000  cm-1
20549.131    0.022      33978.905         059003.000032   059003.000093          1.0000  cm-1
20543.666    0.022      1691.314          059003.000472   059003.000677 P        0.0000  cm-1
20472.771    0.022      531.873           059003.000035   059003.000132          1.0000  cm-1
20443.099    0.022      3114.660          059003.000368   059003.000636 P        0.0000  cm-1
20357.506    0.022      43571.702         059003.000031   059003.000084          1.0000  cm-1
20315.659    0.022      37437.938         059003.000001   059003.000075          1.0000  cm-1
20311.449    0.024      932.764           059003.000640   059003.000600 P        0.0000  cm-1
20281.944    0.022      36431.072         059003.000032   059003.000091          1.0000  cm-1
20136.825    0.022      24319.088         059003.000031   059003.000082          1.0000  cm-1
20123.159    0.027      801.949           059003.000051   059003.000151          1.0000  cm-1
19872.479    0.047      658.197           059003.000565   059003.000536 P        0.0000  cm-1
19872.479    0.047      658.197           059003.000001   059003.000073          1.0000  cm-1
19694.105    0.022      20077.863         059003.000118   059003.000184          1.0000  cm-1
19648.381    0.021      2770.136          059003.000068   059003.000163          1.0000  cm-1
19643.834    0.033      276.059           059003.000319   059003.000492 P        0.0000  cm-1
19581.030    0.021      263.255           059003.000048   059003.000146          1.0000  cm-1
19581.030    0.021      263.255           059003.000389   059003.000677 P        0.0000  cm-1
19493.024    0.021      3696.816          059003.000039   059003.000135          1.0000  cm-1
19493.024    0.021      3696.816          059003.000564   059003.000520 P        0.0000  cm-1
19353.124    0.021      1111.298          059003.000073   059003.000169          1.0000  cm-1
19348.895    0.021      3323.595          059003.000077   059003.000176          1.0000  cm-1
19319.345    0.021      6505.356          059003.000051   059003.000146          1.0000  cm-1
19319.345    0.021      6505.356          059003.000189   059003.000256 P        0.0000  cm-1
19193.991    0.021      29712.270         059003.000304   059003.000557 P        0.0000  cm-1
19193.991    0.021      29712.270         059003.000033   059003.000096          1.0000  cm-1
19076.793    0.021      1822.858          059003.000048   059003.000144          1.0000  cm-1
19064.264    0.030      180.715           059003.000482   059003.000597 P        0.0000  cm-1
19064.264    0.030      180.715           059003.000055   059003.000151          1.0000  cm-1
19000.043    0.021      25915.971         059003.000061   059003.000154          1.0000  cm-1
19000.043    0.021      25915.971         059003.000378   059003.000580 P        0.0000  cm-1
18998.007    0.022      517.587           059003.000396   059003.000597 P        0.0000  cm-1
18990.064    0.021      171581.798        059003.000634   059003.000611 P        0.0000  cm-1
18990.064    0.021      171581.798        059003.000001   059003.000067          1.0000  cm-1
18988.271    0.022      1713.688          059003.000392   059003.000677 P        0.0000  cm-1
18925.213    0.022      656.335           059003.000397   059003.000597 P        0.0000  cm-1
18917.284    0.021      244793.167        059003.000031   059003.000075          1.0000  cm-1
18883.699    0.026      1594.987          059003.000356   059003.000575          1.0000  cm-1
18862.689    0.021      235859.530        059003.000032   059003.000084          1.0000  cm-1
18798.268    0.021      602.247           059003.000036   059003.000128          1.0000  cm-1
18768.148    0.021      1475.636          059003.000056   059003.000152          1.0000  cm-1
18768.148    0.021      1475.636          059003.000473   059003.000587 P        0.0000  cm-1
18721.319    0.021      214579.886        059003.000033   059003.000091          1.0000  cm-1
18687.808    0.021      699.674           059003.000456   059003.000675 P        0.0000  cm-1
18687.808    0.021      699.674           059003.000035   059003.000126          1.0000  cm-1
18645.822    0.021      544.607           059003.000080   059003.000174          1.0000  cm-1
18645.822    0.021      544.607           059003.000541   059003.000487 P        0.0000  cm-1
18625.948    0.022      940.856           059003.000384   059003.000582 P        0.0000  cm-1
18503.996    0.021      994.672           059003.000065   059003.000159          1.0000  cm-1
18503.996    0.021      994.672           059003.000484   059003.000597 P        0.0000  cm-1
18464.093    0.024      121.259           059003.000475   059003.000585 P        0.0000  cm-1
18448.610    0.022      360.280           059003.000315   059003.000407 P        0.0000  cm-1
18418.704    0.039      11789.673         059003.000058   059003.000151          1.0000  cm-1
18418.704    0.039      11789.673         059003.000485   059003.000602 P        0.0000  cm-1
18408.783    0.021      1171.657          059003.000037   059003.000130          1.0000  cm-1
18345.623    0.021      5636.119          059003.000032   059003.000079          1.0000  cm-1
18328.904    0.022      223.163           059003.000180   059003.000208          1.0000  cm-1
18304.019    0.028      219.835           059003.000173   059003.000195          1.0000  cm-1
18302.528    0.021      2196.511          059003.000031   059003.000072          1.0000  cm-1
18260.472    0.024      2142.053          059003.000055   059003.000146          1.0000  cm-1
18241.508    0.021      847.218           059003.000001   059003.000064          1.0000  cm-1
18148.236    0.021      501.440           059003.000656   059003.000330 P        0.0000  cm-1
18148.236    0.021      501.440           059003.000459   059003.000652          1.0000  cm-1
18142.654    0.021      1499.492          059003.000430   059003.000186          1.0000  cm-1
18127.995    0.022      99.128            059003.000405   059003.000601 P        0.0000  cm-1
18063.353    0.032      3822.210          059003.000001   059003.000062          1.0000  cm-1
18063.353    0.032      3822.210          059003.000324   059003.000408 P        0.0000  cm-1
18042.202    0.021      1888.577          059003.000056   059003.000147          1.0000  cm-1
18011.052    0.022      7424.771          059003.000040   059003.000132          1.0000  cm-1
18001.338    0.024      369.240           059003.000389   059003.000586 P        0.0000  cm-1
17996.023    0.021      276.119           059003.000370   059003.000639          1.0000  cm-1
17989.559    0.021      733.703           059003.000378   059003.000426 P        0.0000  cm-1
17989.559    0.021      733.703           059003.000065   059003.000157          1.0000  cm-1
17981.884    0.021      913.272           059003.000117   059003.000180          1.0000  cm-1
17979.650    0.021      912.153           059003.000458   059003.000649          1.0000  cm-1
17965.811    0.021      5431.656          059003.000068   059003.000158          1.0000  cm-1
17961.721    0.021      722.607           059003.000031   059003.000070          1.0000  cm-1
17961.721    0.021      722.607           059003.000182   059003.000211 P        0.0000  cm-1
17944.606    0.022      89.490            059003.000406   059003.000593 P        0.0000  cm-1
17936.068    0.021      801.693           059003.000458   059003.000651          1.0000  cm-1
17933.210    0.025      889.396           059003.000467   059003.000576          1.0000  cm-1
17929.093    0.021      443.711           059003.000630   059003.000663          1.0000  cm-1
17910.573    0.021      8786.310          059003.000031   059003.000069          1.0000  cm-1
17881.648    0.022      778.663           059003.000468   059003.000639          1.0000  cm-1
17881.648    0.022      778.663           059003.000326   059003.000408 P        0.0000  cm-1
17870.374    0.021      1720.059          059003.000630   059003.000662          1.0000  cm-1
17868.579    0.046      515.528           059003.000564   059003.000506 P        0.0000  cm-1
17859.762    0.021      684.181           059003.000085   059003.000174          1.0000  cm-1
17837.593    0.021      760.802           059003.000624   059003.000586 P        0.0000  cm-1
17837.593    0.021      760.802           059003.000077   059003.000163          1.0000  cm-1
17837.593    0.021      760.802           059003.000624   059003.000585 P        0.0000  cm-1
17810.172    0.021      750.027           059003.000467   059003.000648          1.0000  cm-1
17777.972    0.021      819.668           059003.000092   059003.000177          1.0000  cm-1
17777.972    0.021      819.668           059003.000487   059003.000600 P        0.0000  cm-1
17777.972    0.021      819.668           059003.000334   059003.000494 P        0.0000  cm-1
17769.071    0.021      652.750           059003.000182   059003.000209 P        0.0000  cm-1
17725.559    0.021      718.359           059003.000459   059003.000651          1.0000  cm-1
17711.562    0.022      396.304           059003.000488   059003.000601 P        0.0000  cm-1
17711.562    0.022      396.304           059003.000487   059003.000597 P        0.0000  cm-1
17704.232    0.021      11845.769         059003.000409   059003.000612 P        0.0000  cm-1
17704.232    0.021      11845.769         059003.000124   059003.000181          1.0000  cm-1
17704.232    0.021      11845.769         059003.000409   059003.000611 P        0.0000  cm-1
17693.031    0.021      314.135           059003.000409   059003.000607 P        0.0000  cm-1
17693.031    0.021      314.135           059003.000407   059003.000597 P        0.0000  cm-1
17693.031    0.021      314.135           059003.000077   059003.000162          1.0000  cm-1
17627.015    0.021      6083.182          059003.000001   059003.000060          1.0000  cm-1
17606.203    0.037      150.567           059003.000068   059003.000155          1.0000  cm-1
17606.203    0.037      150.567           059003.000684   059003.000534 P        0.0000  cm-1
17594.274    0.021      673.708           059003.000068   059003.000153          1.0000  cm-1
17490.797    0.037      356.693           059003.000458   059003.000571          1.0000  cm-1
17461.491    0.021      211.204           059003.000493   059003.000618 P        0.0000  cm-1
17461.491    0.021      211.204           059003.000359   059003.000651          1.0000  cm-1
17428.741    0.021      346.916           059003.000630   059003.000427          1.0000  cm-1
17425.147    0.021      69.273            059003.000476   059003.000427          1.0000  cm-1
17425.147    0.021      69.273            059003.000182   059003.000208 P        0.0000  cm-1
17424.619    0.021      346.286           059003.000056   059003.000144          1.0000  cm-1
17414.369    0.022      68.946            059003.000321   059003.000487          1.0000  cm-1
17371.190    0.021      135.336           059003.000318   059003.000404 P        0.0000  cm-1
17371.190    0.021      135.336           059003.000467   059003.000421          1.0000  cm-1
17367.092    0.021      1351.008          059003.000043   059003.000135          1.0000  cm-1
17347.394    0.021      1004.779          059003.000035   059003.000120          1.0000  cm-1
17347.394    0.021      1004.779          059003.000391   059003.000636 P        0.0000  cm-1
17345.315    0.021      200.779           059003.000467   059003.000420          1.0000  cm-1
17340.393    0.021      40073.325         059003.000040   059003.000131          1.0000  cm-1
17331.446    0.072      66.536            059003.000468   059003.000421          1.0000  cm-1
17317.922    0.021      463.127           059003.000630   059003.000426          1.0000  cm-1
17314.283    0.021      990.912           059003.000476   059003.000426          0.2002  cm-1
17314.283    0.021      990.912           059003.000036   059003.000121          0.7998  cm-1
17311.564    0.021      527.889           059003.000480   059003.000664          1.0000  cm-1
17235.409    0.021      127.947           059003.000300   059003.000322 P        0.0000  cm-1
17195.130    0.022      125.936           059003.000477   059003.000636 P        0.0000  cm-1
17195.130    0.022      125.936           059003.000322   059003.000487          1.0000  cm-1
17192.712    0.031      125.818           059003.000359   059003.000572          1.0000  cm-1
17172.411    0.022      62.419            059003.000487   059003.000677 P        0.0000  cm-1
17144.679    0.021      61.764            059003.000672   059003.000529 P        0.0000  cm-1
17144.679    0.021      61.764            059003.000085   059003.000169          1.0000  cm-1
17119.714    0.036      305.956           059003.000478   059003.000587 P        0.0000  cm-1
17119.714    0.036      305.956           059003.000350   059003.000683 P        0.0000  cm-1
17105.619    0.021      91310.797         059003.000394   059003.000583 P        0.0000  cm-1
17105.619    0.021      91310.797         059003.000035   059003.000119          1.0000  cm-1
17097.004    0.025      910.233           059003.000463   059003.000574          1.0000  cm-1
17093.411    0.021      242.411           059003.000634   059003.000661          1.0000  cm-1
17090.533    0.021      181.618           059003.000650   059003.000529 P        0.0000  cm-1
17082.794    0.021      1207.394          059003.000122   059003.000179          1.0000  cm-1
17082.794    0.021      1207.394          059003.000394   059003.000581 P        0.0000  cm-1
17077.439    0.022      2410.126          059003.000315   059003.000482 P        0.0000  cm-1
17021.928    0.021      118.166           059003.000480   059003.000578 P        0.0000  cm-1
17018.890    0.021      177.066           059003.000191   059003.000243          0.4598  cm-1
17018.890    0.021      177.066           059003.000191   059003.000433          0.5402  cm-1
17007.004    0.023      1763.399          059003.000465   059003.000575          0.6721  cm-1
17007.004    0.023      1763.399          059003.000090   059003.000175          0.3279  cm-1
16983.959    0.021      524.895           059003.000628   059003.000664          1.0000  cm-1
16976.075    0.024      2908.374          059003.000405   059003.000428 P        0.0000  cm-1
16976.075    0.024      2908.374          059003.000469   059003.000577          1.0000  cm-1
16976.075    0.024      2908.374          059003.000564   059003.000500 P        0.0000  cm-1
16959.754    0.021      173.558           059003.000092   059003.000176          1.0000  cm-1
16957.554    0.021      4624.843          059003.000136   059003.000186          1.0000  cm-1
16914.143    0.024      57.002            059003.000395   059003.000585 P        0.0000  cm-1
16906.657    0.024      454.935           059003.000463   059003.000573          1.0000  cm-1
16904.202    0.021      397.759           059003.000635   059003.000661          1.0000  cm-1
16852.713    0.021      2237.006          059003.000092   059003.000175          1.0000  cm-1
16852.713    0.021      2237.006          059003.000668   059003.000417 P        0.0000  cm-1
16843.207    0.021      4461.223          059003.000031   059003.000064          1.0000  cm-1
16816.484    0.021      276.628           059003.000469   059003.000632          1.0000  cm-1
16807.771    0.021      11037.069         059003.000032   059003.000072          1.0000  cm-1
16807.771    0.021      11037.069         059003.000397   059003.000586 P        0.0000  cm-1
16793.679    0.022      329.770           059003.000667   059003.000515 P        0.0000  cm-1
16793.679    0.022      329.770           059003.000667   059003.000516 P        0.0000  cm-1
16793.679    0.022      329.770           059003.000483   059003.000587 P        0.0000  cm-1
16784.990    0.021      383780.333        059003.000033   059003.000079          1.0000  cm-1
16768.378    0.021      491.136           059003.000040   059003.000129          1.0000  cm-1
16768.378    0.021      491.136           059003.000483   059003.000586 P        0.0000  cm-1
16767.332    0.023      2727.694          059003.000483   059003.000585 P        0.0000  cm-1
16745.193    0.021      487.994           059003.000037   059003.000123          1.0000  cm-1
16734.359    0.021      378.437           059003.000470   059003.000632          1.0000  cm-1
16722.823    0.024      269.477           059003.000465   059003.000574          1.0000  cm-1
16679.405    0.024      319.735           059003.000464   059003.000573          1.0000  cm-1
16664.980    0.032      47786.146         059003.000031   059003.000062          1.0000  cm-1
16632.744    0.021      210.709           059003.000667   059003.000512 P        0.0000  cm-1
16628.132    0.021      52.619            059003.000681   059003.000529 P        0.0000  cm-1
16628.132    0.021      52.619            059003.000337   059003.000413 P        0.0000  cm-1
16628.132    0.021      52.619            059003.000479   059003.000663          1.0000  cm-1
16628.132    0.021      52.619            059003.000484   059003.000664 P        0.0000  cm-1
16606.356    0.021      314.093           059003.000481   059003.000663          1.0000  cm-1
16593.382    0.021      469.730           059003.000037   059003.000121          1.0000  cm-1
16569.393    0.022      519.104           059003.000479   059003.000662          0.5872  cm-1
16569.393    0.022      519.104           059003.000471   059003.000576          0.4128  cm-1
16547.660    0.021      51.664            059003.000481   059003.000662          1.0000  cm-1
16533.463    0.022      463.570           059003.000395   059003.000636 P        0.0000  cm-1
16516.137    0.034      76982.971         059003.000001   059003.000054          1.0000  cm-1
16477.917    0.021      101.862           059003.000337   059003.000411 P        0.0000  cm-1
16477.917    0.021      101.862           059003.000088   059003.000169          1.0000  cm-1
16468.970    0.033      50.843            059003.000319   059003.000395 P        0.0000  cm-1
16466.954    0.021      45741.149         059003.000032   059003.000070          1.0000  cm-1
16432.948    0.023      50.504            059003.000400   059003.000591 P        0.0000  cm-1
16423.456    0.025      302.509           059003.000542   059003.000485 P        0.0000  cm-1
16415.773    0.021      453150.346        059003.000185   059003.000217 P        0.0000  cm-1
16415.773    0.021      453150.346        059003.000032   059003.000069          1.0000  cm-1
16414.099    0.021      151.006           059003.000035   059003.000115          1.0000  cm-1
16408.959    0.022      251.452           059003.000320   059003.000396 P        0.0000  cm-1
16390.528    0.066      4010.674          059003.000040   059003.000127          1.0000  cm-1
16340.772    0.021      3979.118          059003.000077   059003.000159          1.0000  cm-1
16308.779    0.021      445.572           059003.000036   059003.000115          1.0000  cm-1
16306.316    0.022      49.491            059003.000336   059003.000409 P        0.0000  cm-1
16288.839    0.021      98.746            059003.000097   059003.000174          1.0000  cm-1
16286.453    0.021      246.787           059003.000472   059003.000639          0.5054  cm-1
16286.453    0.021      246.787           059003.000465   059003.000649          0.4946  cm-1
16279.505    0.021      345.186           059003.000446   059003.000315 P        0.0000  cm-1
16279.505    0.021      345.186           059003.000037   059003.000119          1.0000  cm-1
16279.505    0.021      345.186           059003.000485   059003.000588 P        0.0000  cm-1
16252.650    0.023      245.728           059003.000485   059003.000585 P        0.0000  cm-1
16228.631    0.021      245036.006        059003.000031   059003.000060          1.0000  cm-1
16225.996    0.021      73489.376         059003.000040   059003.000126          1.0000  cm-1
16225.996    0.021      73489.376         059003.000667   059003.000510 P        0.0000  cm-1
16198.872    0.022      48.850            059003.000678   059003.000519 P        0.0000  cm-1
16189.188    0.021      48.802            059003.000098   059003.000174          1.0000  cm-1
16180.942    0.031      146.286           059003.000430   059003.000184          1.0000  cm-1
16180.942    0.031      146.286           059003.000394   059003.000427 P        0.0000  cm-1
16180.942    0.031      146.286           059003.000655   059003.000514 P        0.0000  cm-1
16155.068    0.021      437.808           059003.000077   059003.000158          1.0000  cm-1
16142.657    0.022      194.374           059003.000667   059003.000508 P        0.0000  cm-1
16137.453    0.021      4857.257          059003.000547   059003.000494 P        0.0000  cm-1
16137.453    0.021      4857.257          059003.000107   059003.000177          1.0000  cm-1
16135.956    0.021      97133.278         059003.000404   059003.000586 P        0.0000  cm-1
16135.956    0.021      97133.278         059003.000001   059003.000053          1.0000  cm-1
16135.956    0.021      97133.278         059003.000404   059003.000585 P        0.0000  cm-1
16132.018    0.031      242.756           059003.000314   059003.000389 P        0.0000  cm-1
16132.018    0.031      242.756           059003.000469   059003.000421          1.0000  cm-1
16106.029    0.021      436.106           059003.000341   059003.000494 P        0.0000  cm-1
16106.029    0.021      436.106           059003.000469   059003.000420          0.3062  cm-1
16106.029    0.021      436.106           059003.000481   059003.000427          0.6938  cm-1
16091.704    0.021      1452.270          059003.000068   059003.000147          1.0000  cm-1
16062.326    0.021      193.293           059003.000035   059003.000114          1.0000  cm-1
16059.273    0.021      241.576           059003.000408   059003.000594 P        0.0000  cm-1
16059.273    0.021      241.576           059003.000634   059003.000429          1.0000  cm-1
16049.886    0.021      193.166           059003.000470   059003.000421          1.0000  cm-1
16041.223    0.021      193.084           059003.000464   059003.000419          1.0000  cm-1
16028.788    0.021      1929.762          059003.000090   059003.000168          1.0000  cm-1
16028.788    0.021      1929.762          059003.000474   059003.000632 P        0.0000  cm-1
16028.102    0.021      3859.411          059003.000032   059003.000066          1.0000  cm-1
16023.976    0.021      144.703           059003.000470   059003.000420          1.0000  cm-1
16019.556    0.026      48.226            059003.000299   059003.000315          1.0000  cm-1
16016.965    0.021      385.767           059003.000479   059003.000426          1.0000  cm-1
16007.809    0.021      48.205            059003.000480   059003.000426          1.0000  cm-1
15995.164    0.021      96.369            059003.000481   059003.000426          1.0000  cm-1
15995.164    0.021      96.369            059003.000630   059003.000577 P        0.0000  cm-1
15981.492    0.021      433.497           059003.000322   059003.000397 P        0.0000  cm-1
15981.492    0.021      433.497           059003.000471   059003.000420          1.0000  cm-1
15972.997    0.032      433.410           059003.000319   059003.000392 P        0.0000  cm-1
15910.314    0.036      48.126            059003.000299   059003.000314          1.0000  cm-1
15894.281    0.021      433.162           059003.000474   059003.000639 P        0.0000  cm-1
15894.281    0.021      433.162           059003.000465   059003.000419          1.0000  cm-1
15894.281    0.021      433.162           059003.000323   059003.000396 P        0.0000  cm-1
15874.516    0.020      240.701           059003.000092   059003.000168          1.0000  cm-1
15870.053    0.020      96.287            059003.000675   059003.000516 P        0.0000  cm-1
15870.053    0.020      96.287            059003.000635   059003.000429          1.0000  cm-1
15842.566    0.020      9634.696          059003.000039   059003.000123          1.0000  cm-1
15796.801    0.020      482.550           059003.000378   059003.000420 P        0.0000  cm-1
15796.801    0.020      482.550           059003.000036   059003.000112          1.0000  cm-1
15791.049    0.021      386.145           059003.000628   059003.000427          1.0000  cm-1
15783.523    0.021      434.576           059003.000466   059003.000571          1.0000  cm-1
15783.523    0.021      434.576           059003.000474   059003.000648 P        0.0000  cm-1
15736.244    0.020      338.979           059003.000472   059003.000421          1.0000  cm-1
15714.843    0.020      4850.335          059003.000031   059003.000057          1.0000  cm-1
15655.089    0.021      731.551           059003.000094   059003.000168          1.0000  cm-1
15587.918    0.020      3932.814          059003.000037   059003.000115          1.0000  cm-1
15573.715    0.020      344.787           059003.000097   059003.000169          1.0000  cm-1
15556.013    0.022      49.380            059003.000382   059003.000421          1.0000  cm-1
15549.594    0.020      14828.158         059003.000407   059003.000583 P        0.0000  cm-1
15549.594    0.020      14828.158         059003.000051   059003.000135          1.0000  cm-1
15525.511    0.020      2480.604          059003.000330   059003.000487 P        0.0000  cm-1
15525.511    0.020      2480.604          059003.000001   059003.000050          1.0000  cm-1
15512.233    0.020      14915.929         059003.000306   059003.000342 P        0.0000  cm-1
15512.233    0.020      14915.929         059003.000103   059003.000173          1.0000  cm-1
15504.941    0.020      248.903           059003.000065   059003.000143          1.0000  cm-1
15493.575    0.022      99.756            059003.000489   059003.000588 P        0.0000  cm-1
15493.575    0.022      99.756            059003.000678   059003.000515 P        0.0000  cm-1
15493.575    0.022      99.756            059003.000678   059003.000516 P        0.0000  cm-1
15487.264    0.022      49.934            059003.000342   059003.000410          1.0000  cm-1
15486.266    0.026      299.657           059003.000179   059003.000196          1.0000  cm-1
15474.145    0.020      1001.037          059003.000068   059003.000144          1.0000  cm-1
15471.252    0.022      50.078            059003.000412   059003.000661 P        0.0000  cm-1
15458.212    0.020      351.408           059003.000090   059003.000162          1.0000  cm-1
15401.904    0.023      50.780            059003.000491   059003.000587 P        0.0000  cm-1
15380.229    0.021      30614.040         059003.000043   059003.000130          1.0000  cm-1
15380.229    0.021      30614.040         059003.000650   059003.000520 P        0.0000  cm-1
15376.838    0.020      15318.970         059003.000545   059003.000492 P        0.0000  cm-1
15376.838    0.020      15318.970         059003.000039   059003.000119          0.7080  cm-1
15376.838    0.020      15318.970         059003.000035   059003.000111          0.2920  cm-1
15376.838    0.020      15318.970         059003.000491   059003.000585 P        0.0000  cm-1
15375.048    0.020      510.841           059003.000103   059003.000172          1.0000  cm-1
15348.394    0.020      514.054           059003.000032   059003.000064          1.0000  cm-1
15271.585    0.020      1573.258          059003.000036   059003.000111          1.0000  cm-1
15228.594    0.022      53.098            059003.000548   059003.000411 P        0.0000  cm-1
15228.594    0.022      53.098            059003.000493   059003.000603 P        0.0000  cm-1
15195.901    0.021      10726.886         059003.000033   059003.000071          1.0000  cm-1
15195.901    0.021      10726.886         059003.000565   059003.000515 P        0.0000  cm-1
15195.901    0.021      10726.886         059003.000565   059003.000516 P        0.0000  cm-1
15193.273    0.020      3220.744          059003.000056   059003.000138          1.0000  cm-1
15189.580    0.021      53.742            059003.000411   059003.000597 P        0.0000  cm-1
15189.580    0.021      53.742            059003.000549   059003.000493 P        0.0000  cm-1
15139.996    0.022      54.633            059003.000412   059003.000596 P        0.0000  cm-1
15109.589    0.021      5522.022          059003.000040   059003.000123          1.0000  cm-1
15109.589    0.021      5522.022          059003.000541   059003.000377 P        0.0000  cm-1
15090.565    0.020      1668.179          059003.000034   059003.000104          1.0000  cm-1
15084.358    0.075      2229.373          059003.000094   059003.000162          1.0000  cm-1
15080.519    0.020      223.258           059003.000044   059003.000130          1.0000  cm-1
15080.519    0.020      223.258           059003.000455   059003.000339 P        0.0000  cm-1
15000.994    0.021      576.009           059003.000035   059003.000108          1.0000  cm-1
14997.598    0.066      57.683            059003.000043   059003.000127          1.0000  cm-1
14997.598    0.066      57.683            059003.000491   059003.000636 P        0.0000  cm-1
14984.738    0.020      579.973           059003.000038   059003.000112          1.0000  cm-1
14938.545    0.021      2959.257          059003.000034   059003.000102          1.0000  cm-1
14938.545    0.021      2959.257          059003.000409   059003.000677 P        0.0000  cm-1
14906.328    0.020      36041.921         059003.000033   059003.000070          1.0000  cm-1
14905.350    0.067      60.097            059003.000307   059003.000547 P        0.0000  cm-1
14900.096    0.021      180.740           059003.000494   059003.000597 P        0.0000  cm-1
14885.618    0.021      3033.144          059003.000040   059003.000120          1.0000  cm-1
14879.965    0.021      1216.605          059003.000034   059003.000101          1.0000  cm-1
14859.981    0.020      6142.891          059003.000001   059003.000046          1.0000  cm-1
14833.070    0.021      560.390           059003.000679   059003.000534 P        0.0000  cm-1
14833.070    0.021      560.390           059003.000043   059003.000126          1.0000  cm-1
14819.649    0.022      250.797           059003.000185   059003.000207          1.0000  cm-1
14800.572    0.021      1266.584          059003.000051   059003.000132          1.0000  cm-1
14755.109    0.020      64.913            059003.000035   059003.000106          1.0000  cm-1
14708.053    0.021      2667.208          059003.000309   059003.000556 P        0.0000  cm-1
14708.053    0.021      2667.208          059003.000056   059003.000137          1.0000  cm-1
14666.334    0.036      2734.541          059003.000103   059003.000167          1.0000  cm-1
14641.613    0.020      13883.178         059003.000032   059003.000059          1.0000  cm-1
14584.657    0.021      7200.669          059003.000034   059003.000100          1.0000  cm-1
14584.657    0.021      7200.669          059003.000675   059003.000503 P        0.0000  cm-1
14578.976    0.021      14455.691         059003.000332   059003.000400 P        0.0000  cm-1
14578.976    0.021      14455.691         059003.000116   059003.000178          1.0000  cm-1
14558.806    0.020      73263.711         059003.000001   059003.000045          1.0000  cm-1
14550.675    0.020      4420.217          059003.000037   059003.000111          1.0000  cm-1
14531.002    0.020      36.069            059003.000111   059003.000174          1.0000  cm-1
14490.689    0.023      34480.933         059003.000055   059003.000135          1.0000  cm-1
14481.369    0.020      17065.387         059003.000109   059003.000171          1.0000  cm-1
14467.492    0.020      235373.669        059003.000033   059003.000066          1.0000  cm-1
14456.191    0.022      166.119           059003.000635   059003.000586 P        0.0000  cm-1
14456.191    0.022      166.119           059003.000380   059003.000652 P        0.0000  cm-1
14456.191    0.022      166.119           059003.000318   059003.000378 P        0.0000  cm-1
14456.191    0.022      166.119           059003.000493   059003.000429 P        0.0000  cm-1
14437.961    0.020      2444.757          059003.000035   059003.000105          1.0000  cm-1
14437.568    0.020      651.671           059003.000106   059003.000169          1.0000  cm-1
14416.572    0.020      4783.740          059003.000052   059003.000132          1.0000  cm-1
14380.903    0.020      1077.468          059003.000034   059003.000098          1.0000  cm-1
14343.625    0.020      742.863           059003.000103   059003.000164          1.0000  cm-1
14341.265    0.020      14824.787         059003.000110   059003.000172          1.0000  cm-1
14341.265    0.020      14824.787         059003.000328   059003.000394 P        0.0000  cm-1
14334.274    0.020      736.477           059003.000320   059003.000381 P        0.0000  cm-1
14334.274    0.020      736.477           059003.000110   059003.000171          1.0000  cm-1
14333.524    0.020      147.194           059003.000039   059003.000114          1.0000  cm-1
14333.524    0.020      147.194           059003.000452   059003.000317 P        0.0000  cm-1
14332.726    0.020      147.087           059003.000036   059003.000105          1.0000  cm-1
14323.051    0.020      2915.920          059003.000380   059003.000573 P        0.0000  cm-1
14323.051    0.020      2915.920          059003.000036   059003.000104          1.0000  cm-1
14243.088    0.021      680.466           059003.000320   059003.000379 P        0.0000  cm-1
14243.088    0.021      680.466           059003.000041   059003.000118          1.0000  cm-1
14225.962    0.066      536.891           059003.000304   059003.000324 P        0.0000  cm-1
14220.043    0.020      133592.308        059003.000032   059003.000057          1.0000  cm-1
14214.121    0.021      531.878           059003.000327   059003.000392 P        0.0000  cm-1
14174.850    0.020      129.036           059003.000037   059003.000108          1.0000  cm-1
14171.008    0.020      1930.031          059003.000036   059003.000102          1.0000  cm-1
14162.209    0.020      639.198           059003.000034   059003.000095          1.0000  cm-1
14133.051    0.031      500.816           059003.000453   059003.000319 P        0.0000  cm-1
14129.953    0.020      2498.678          059003.000051   059003.000131          1.0000  cm-1
14129.953    0.020      2498.678          059003.000377   059003.000651 P        0.0000  cm-1
14127.147    0.020      112221.786        059003.000031   059003.000050          1.0000  cm-1
14127.147    0.020      112221.786        059003.000684   059003.000520 P        0.0000  cm-1
14112.440    0.020      2468.825          059003.000036   059003.000101          1.0000  cm-1
14105.935    0.020      860.310           059003.000090   059003.000159          1.0000  cm-1
14077.100    0.020      361.806           059003.000430   059003.000179          1.0000  cm-1
14077.100    0.020      361.806           059003.000384   059003.000652 P        0.0000  cm-1
14055.822    0.020      11899.890         059003.000031   059003.000049          1.0000  cm-1
14055.822    0.020      11899.890         059003.000681   059003.000514 P        0.0000  cm-1
14018.068    0.020      349.024           059003.000136   059003.000181          1.0000  cm-1
14018.068    0.020      349.024           059003.000324   059003.000389 P        0.0000  cm-1
14005.751    0.020      577.620           059003.000112   059003.000174          1.0000  cm-1
13951.640    0.020      2244.120          059003.000092   059003.000159          1.0000  cm-1
13928.977    0.020      110.941           059003.000037   059003.000106          1.0000  cm-1
13920.239    0.020      662.838           059003.000090   059003.000158          1.0000  cm-1
13862.388    0.025      107.627           059003.000474   059003.000573 P        0.0000  cm-1
13845.595    0.020      106.880           059003.000657   059003.000334 P        0.0000  cm-1
13824.356    0.020      5299.242          059003.000325   059003.000388 P        0.0000  cm-1
13824.356    0.020      5299.242          059003.000451   059003.000541 P        0.0000  cm-1
13824.356    0.020      5299.242          059003.000048   059003.000130          1.0000  cm-1
13824.356    0.020      5299.242          059003.000322   059003.000472 P        0.0000  cm-1
13815.883    0.020      528.213           059003.000568   059003.000534 P        0.0000  cm-1
13815.883    0.020      528.213           059003.000111   059003.000169          1.0000  cm-1
13811.678    0.020      2109.514          059003.000035   059003.000099          1.0000  cm-1
13807.968    0.020      5266.512          059003.000672   059003.000506 P        0.0000  cm-1
13807.968    0.020      5266.512          059003.000107   059003.000163          1.0000  cm-1
13765.934    0.020      2075.820          059003.000092   059003.000158          1.0000  cm-1
13741.691    0.023      720.950           059003.000055   059003.000132          1.0000  cm-1
13722.232    0.066      102.395           059003.000386   059003.000573 P        0.0000  cm-1
13716.636    0.021      408.925           059003.000043   059003.000123          1.0000  cm-1
13648.061    0.020      803.758           059003.000039   059003.000111          1.0000  cm-1
13618.957    0.020      2995.771          059003.000035   059003.000097          1.0000  cm-1
13613.378    0.020      6982.566          059003.000036   059003.000098          1.0000  cm-1
13611.835    0.020      997.215           059003.000334   059003.000482 P        0.0000  cm-1
13611.835    0.020      997.215           059003.000037   059003.000105          1.0000  cm-1
13602.174    0.020      3981.695          059003.000037   059003.000104          1.0000  cm-1
13600.533    0.021      5970.824          059003.000040   059003.000114          1.0000  cm-1
13595.229    0.020      397.675           059003.000065   059003.000138          1.0000  cm-1
13591.512    0.020      1987.088          059003.000090   059003.000157          1.0000  cm-1
13564.822    0.021      197.857           059003.000385   059003.000649 P        0.0000  cm-1
13564.822    0.021      197.857           059003.000043   059003.000121          1.0000  cm-1
13541.127    0.020      986.015           059003.000109   059003.000166          1.0000  cm-1
13513.714    0.020      589.700           059003.000036   059003.000097          1.0000  cm-1
13510.992    0.020      884.296           059003.000038   059003.000104          1.0000  cm-1
13461.624    0.020      39139.511         059003.000031   059003.000046          1.0000  cm-1
13456.953    0.020      78256.380         059003.000109   059003.000164          1.0000  cm-1
13426.866    0.020      293.038           059003.000122   059003.000177          1.0000  cm-1
13413.636    0.020      97.639            059003.000323   059003.000469          1.0000  cm-1
13409.332    0.020      195.259           059003.000035   059003.000093          1.0000  cm-1
13406.327    0.020      488.116           059003.000092   059003.000155          1.0000  cm-1
13394.643    0.020      976.058           059003.000036   059003.000095          1.0000  cm-1
13394.015    0.020      1952.102          059003.000110   059003.000166          1.0000  cm-1
13367.084    0.021      97.605            059003.000337   059003.000403          1.0000  cm-1
13352.093    0.020      4881.435          059003.000001   059003.000042          1.0000  cm-1
13341.753    0.020      3906.181          059003.000541   059003.000366 P        0.0000  cm-1
13341.753    0.020      3906.181          059003.000077   059003.000143          1.0000  cm-1
13332.682    0.021      97.684            059003.000409   059003.000666 P        0.0000  cm-1
13318.315    0.021      97.742            059003.000341   059003.000488          1.0000  cm-1
13309.816    0.020      1955.667          059003.000409   059003.000581 P        0.0000  cm-1
13309.816    0.020      1955.667          059003.000110   059003.000164          1.0000  cm-1
13309.816    0.020      1955.667          059003.000314   059003.000368 P        0.0000  cm-1
13303.665    0.032      782.533           059003.000474   059003.000572 P        0.0000  cm-1
13300.461    0.066      587.010           059003.000038   059003.000101          1.0000  cm-1
13284.267    0.020      293.818           059003.000117   059003.000176          1.0000  cm-1
13284.267    0.020      293.818           059003.000493   059003.000664 P        0.0000  cm-1
13278.099    0.021      9798.376          059003.000116   059003.000171          1.0000  cm-1
13277.210    0.020      97.990            059003.000048   059003.000126          1.0000  cm-1
13277.210    0.020      97.990            059003.000670   059003.000520 P        0.0000  cm-1
13272.207    0.020      882.259           059003.000039   059003.000108          1.0000  cm-1
13250.924    0.021      294.635           059003.000043   059003.000119          1.0000  cm-1
13242.766    0.020      1965.810          059003.000068   059003.000138          1.0000  cm-1
13241.821    0.020      491.499           059003.000046   059003.000124          1.0000  cm-1
13241.821    0.020      491.499           059003.000660   059003.000319 P        0.0000  cm-1
13217.818    0.021      887.033           059003.000094   059003.000157          1.0000  cm-1
13177.187    0.020      297.264           059003.000117   059003.000175          1.0000  cm-1
13177.187    0.020      297.264           059003.000406   059003.000576 P        0.0000  cm-1
13173.946    0.020      2974.045          059003.000052   059003.000129          1.0000  cm-1
13172.783    0.021      99.152            059003.000385   059003.000419 P        0.0000  cm-1
13160.468    0.020      5960.264          059003.000031   059003.000045          1.0000  cm-1
13115.444    0.020      100.103           059003.000136   059003.000180          1.0000  cm-1
13110.033    0.020      2004.079          059003.000065   059003.000137          1.0000  cm-1
13080.998    0.020      604.670           059003.000033   059003.000059          1.0000  cm-1
13071.055    0.023      2019.732          059003.000543   059003.000392 P        0.0000  cm-1
13071.055    0.023      2019.732          059003.000055   059003.000131          1.0000  cm-1
13044.097    0.021      304.761           059003.000338   059003.000400          1.0000  cm-1
13033.088    0.020      2036.904          059003.000544   059003.000402 P        0.0000  cm-1
13033.088    0.020      2036.904          059003.000107   059003.000160          1.0000  cm-1
13026.308    0.020      4080.319          059003.000039   059003.000106          1.0000  cm-1
13015.573    0.020      306.815           059003.000051   059003.000126          1.0000  cm-1
13015.573    0.020      306.815           059003.000493   059003.000666 P        0.0000  cm-1
13013.467    0.021      102.324           059003.000564   059003.000417 P        0.0000  cm-1
13013.467    0.021      102.324           059003.000339   059003.000400          1.0000  cm-1
13013.024    0.021      102.335           059003.000493   059003.000582 P        0.0000  cm-1
13010.665    0.020      921.553           059003.000541   059003.000466          1.0000  cm-1
13010.665    0.020      921.553           059003.000544   059003.000485 P        0.0000  cm-1
13005.160    0.020      922.811           059003.000325   059003.000472          1.0000  cm-1
13005.160    0.020      922.811           059003.000038   059003.000100 P        0.0000  cm-1
13005.160    0.020      922.811           059003.000408   059003.000427 P        0.0000  cm-1
12994.127    0.020      102.821           059003.000567   059003.000522 P        0.0000  cm-1
12994.127    0.020      102.821           059003.000175   059003.000193          1.0000  cm-1
12985.520    0.020      721.345           059003.000037   059003.000099          1.0000  cm-1
12978.799    0.021      103.231           059003.000342   059003.000406          1.0000  cm-1
12972.818    0.020      103.395           059003.000324   059003.000379          1.0000  cm-1
12943.504    0.020      416.922           059003.000541   059003.000364 P        0.0000  cm-1
12942.767    0.021      625.513           059003.000681   059003.000623 P        0.0000  cm-1
12936.261    0.021      104.445           059003.000325   059003.000380          1.0000  cm-1
12925.880    0.032      419.034           059003.000566   059003.000514 P        0.0000  cm-1
12924.051    0.020      943.329           059003.000336   059003.000628          1.0000  cm-1
12916.595    0.030      735.310           059003.000672   059003.000500 P        0.0000  cm-1
12916.595    0.030      735.310           059003.000345   059003.000635          1.0000  cm-1
12912.436    0.020      10517.398         059003.000036   059003.000089          1.0000  cm-1
12907.005    0.020      5267.250          059003.000679   059003.000527 P        0.0000  cm-1
12907.005    0.020      5267.250          059003.000034   059003.000086          1.0000  cm-1
12906.180    0.023      210.742           059003.000495   059003.000589 P        0.0000  cm-1
12897.855    0.022      105.637           059003.000495   059003.000588 P        0.0000  cm-1
12897.855    0.022      105.637           059003.000495   059003.000587 P        0.0000  cm-1
12892.496    0.020      10581.068         059003.000037   059003.000098          1.0000  cm-1
12890.550    0.033      2117.482          059003.000314   059003.000465          1.0000  cm-1
12888.001    0.020      317.873           059003.000681   059003.000638 P        0.0000  cm-1
12882.313    0.020      106.145           059003.000326   059003.000381 P        0.0000  cm-1
12876.672    0.031      106.333           059003.000388   059003.000572 P        0.0000  cm-1
12870.679    0.021      106.535           059003.000495   059003.000585 P        0.0000  cm-1
12870.679    0.021      106.535           059003.000337   059003.000399          1.0000  cm-1
12870.679    0.021      106.535           059003.000413   059003.000580 P        0.0000  cm-1
12869.531    0.022      532.869           059003.000413   059003.000579 P        0.0000  cm-1
12849.694    0.020      965.326           059003.000541   059003.000464          1.0000  cm-1
12846.646    0.020      64419.451         059003.000001   059003.000041          1.0000  cm-1
12831.723    0.022      107.899           059003.000334   059003.000391 P        0.0000  cm-1
12807.494    0.022      217.587           059003.000494   059003.000588 P        0.0000  cm-1
12803.053    0.020      653.765           059003.000077   059003.000142 P        0.0000  cm-1
12802.187    0.020      871.949           059003.000119   059003.000174          1.0000  cm-1
12802.187    0.020      871.949           059003.000558   059003.000408 P        0.0000  cm-1
12801.262    0.020      545.144           059003.000038   059003.000098          1.0000  cm-1
12798.827    0.020      654.728           059003.000335   059003.000481          1.0000  cm-1
12792.818    0.020      4374.059          059003.000037   059003.000097          1.0000  cm-1
12786.175    0.020      657.650           059003.000335   059003.000480          1.0000  cm-1
12786.175    0.020      657.650           059003.000407   059003.000648 P        0.0000  cm-1
12786.175    0.020      657.650           059003.000336   059003.000396 P        0.0000  cm-1
12783.092    0.020      987.555           059003.000324   059003.000471          1.0000  cm-1
12781.315    0.020      878.382           059003.000494   059003.000586 P        0.0000  cm-1
12781.315    0.020      878.382           059003.000315   059003.000465          1.0000  cm-1
12781.315    0.020      878.382           059003.000494   059003.000585 P        0.0000  cm-1
12780.513    0.021      988.462           059003.000118   059003.000173          1.0000  cm-1
12778.634    0.020      109.903           059003.000115   059003.000169          1.0000  cm-1
12777.022    0.020      989.696           059003.000335   059003.000479          1.0000  cm-1
12775.311    0.020      550.169           059003.000627   059003.000543 P        0.0000  cm-1
12775.311    0.020      550.169           059003.000555   059003.000635          1.0000  cm-1
12772.052    0.020      991.464           059003.000090   059003.000152          1.0000  cm-1
12743.574    0.033      890.524           059003.000314   059003.000464          1.0000  cm-1
12743.574    0.033      890.524           059003.000330   059003.000476 P        0.0000  cm-1
12740.599    0.020      445.755           059003.000324   059003.000470          1.0000  cm-1
12731.064    0.022      782.856           059003.000405   059003.000420 P        0.0000  cm-1
12731.064    0.022      782.856           059003.000548   059003.000488 P        0.0000  cm-1
12731.064    0.022      782.856           059003.000545   059003.000484 P        0.0000  cm-1
12727.378    0.030      895.934           059003.000345   059003.000634          1.0000  cm-1
12709.216    0.020      33830.254         059003.000039   059003.000105          1.0000  cm-1
12699.469    0.032      113.191           059003.000392   059003.000573 P        0.0000  cm-1
12699.469    0.032      113.191           059003.000346   059003.000635          1.0000  cm-1
12692.389    0.025      340.508           059003.000551   059003.000491 P        0.0000  cm-1
12691.523    0.020      567.705           059003.000325   059003.000470          1.0000  cm-1
12673.805    0.020      22866.607         059003.000037   059003.000095          1.0000  cm-1
12659.405    0.020      9199.148          059003.000033   059003.000057          1.0000  cm-1
12659.405    0.020      9199.148          059003.000327   059003.000472 P        0.0000  cm-1
12658.437    0.020      575.169           059003.000324   059003.000469          1.0000  cm-1
12644.034    0.023      347.107           059003.000396   059003.000575 P        0.0000  cm-1
12644.034    0.023      347.107           059003.000543   059003.000624 P        0.0000  cm-1
12634.344    0.020      580.791           059003.000315   059003.000464          1.0000  cm-1
12632.351    0.020      23250.511         059003.000032   059003.000050          1.0000  cm-1
12622.438    0.020      583.626           059003.000541   059003.000463          1.0000  cm-1
12617.745    0.020      2339.014          059003.000092   059003.000152          1.0000  cm-1
12609.215    0.040      469.454           059003.000325   059003.000469 P        0.0000  cm-1
12609.215    0.040      469.454           059003.000336   059003.000481          1.0000  cm-1
12608.636    0.020      1173.917          059003.000122   059003.000176          1.0000  cm-1
12596.455    0.020      471.953           059003.000336   059003.000480          1.0000  cm-1
12586.620    0.020      236.951           059003.000316   059003.000465          1.0000  cm-1
12582.624    0.020      1186.748          059003.000038   059003.000095          1.0000  cm-1
12578.061    0.021      118.904           059003.000546   059003.000400 P        0.0000  cm-1
12564.021    0.020      1196.136          059003.000117   059003.000170          1.0000  cm-1
12561.027    0.020      119.766           059003.000032   059003.000049          1.0000  cm-1
12559.313    0.020      359.555           059003.000319   059003.000368 P        0.0000  cm-1
12559.313    0.020      359.555           059003.000043   059003.000115          1.0000  cm-1
12539.219    0.021      24177.826         059003.000040   059003.000108          1.0000  cm-1
12516.344    0.033      488.393           059003.000314   059003.000463          1.0000  cm-1
12501.565    0.020      1106.012          059003.000684   059003.000506 P        0.0000  cm-1
12501.565    0.020      1106.012          059003.000122   059003.000175          1.0000  cm-1
12499.272    0.020      123.014           059003.000320   059003.000369          1.0000  cm-1
12494.786    0.020      6162.851          059003.000035   059003.000087          1.0000  cm-1
12493.202    0.020      370.029           059003.000337   059003.000481 P        0.0000  cm-1
12480.532    0.020      372.105           059003.000337   059003.000480 P        0.0000  cm-1
12436.702    0.020      379.451           059003.000317   059003.000466          1.0000  cm-1
12426.534    0.020      381.190           059003.000482   059003.000574 P        0.0000  cm-1
12426.534    0.020      381.190           059003.000328   059003.000379          1.0000  cm-1
12407.108    0.020      640.915           059003.000315   059003.000463          1.0000  cm-1
12391.063    0.020      516.477           059003.000063   059003.000430          1.0000  cm-1
12389.609    0.020      904.431           059003.000036   059003.000087 P        0.0000  cm-1
12348.030    0.020      131.678           059003.000545   059003.000483 P        0.0000  cm-1
12348.030    0.020      131.678           059003.000339   059003.000481          1.0000  cm-1
12345.706    0.020      131.818           059003.000670   059003.000512 P        0.0000  cm-1
12345.706    0.020      131.818           059003.000684   059003.000505 P        0.0000  cm-1
12345.706    0.020      131.818           059003.000327   059003.000470          1.0000  cm-1
12337.871    0.020      79374.883         059003.000116   059003.000166          1.0000  cm-1
12336.681    0.021      264.727           059003.000395   059003.000652 P        0.0000  cm-1
12332.730    0.021      132.603           059003.000344   059003.000491 P        0.0000  cm-1
12326.229    0.020      930.993           059003.000339   059003.000479          1.0000  cm-1
12319.022    0.021      1067.514          059003.000679   059003.000521 P        0.0000  cm-1
12312.597    0.020      6691.659          059003.000103   059003.000156          1.0000  cm-1
12293.321    0.021      10801.537         059003.000040   059003.000106          1.0000  cm-1
12292.669    0.020      135.063           059003.000090   059003.000149 P        0.0000  cm-1
12284.145    0.020      2711.852          059003.000496   059003.000582 P        0.0000  cm-1
12284.145    0.020      2711.852          059003.000103   059003.000154          1.0000  cm-1
12284.145    0.020      2711.852          059003.000398   059003.000652 P        0.0000  cm-1
12240.531    0.020      1106.667          059003.000034   059003.000083          1.0000  cm-1
12236.809    0.020      554.278           059003.000328   059003.000471          1.0000  cm-1
12227.960    0.020      695.660           059003.000034   059003.000540          1.0000  cm-1
12208.584    0.020      1263.329          059003.000068   059003.000135          1.0000  cm-1
12199.016    0.020      986.887           059003.000117   059003.000168          1.0000  cm-1
12181.298    0.020      142.125           059003.000329   059003.000472          1.0000  cm-1
12172.345    0.020      142.704           059003.000056   059003.000130 P        0.0000  cm-1
12160.774    0.020      143.453           059003.000048   059003.000123          1.0000  cm-1
12154.328    0.031      143.871           059003.000319   059003.000466          1.0000  cm-1
12139.487    0.020      4345.085          059003.000036   059003.000086          1.0000  cm-1
12125.410    0.020      7287.669          059003.000107   059003.000158          1.0000  cm-1
12117.548    0.020      438.799           059003.000318   059003.000464          1.0000  cm-1
12112.228    0.020      146.614           059003.000547   059003.000397 P        0.0000  cm-1
12112.228    0.020      146.614           059003.000329   059003.000380 P        0.0000  cm-1
12112.228    0.020      146.614           059003.000558   059003.000634          0.6372  cm-1
12112.228    0.020      146.614           059003.000328   059003.000469          0.3628  cm-1
12100.375    0.020      1179.104          059003.000571   059003.000682 P        0.0000  cm-1
12100.375    0.020      1179.104          059003.000038   059003.000089          1.0000  cm-1
12100.375    0.020      1179.104          059003.000481   059003.000649 P        0.0000  cm-1
12082.888    0.020      148.531           059003.000039   059003.000099 P        0.0000  cm-1
12047.324    0.018      754.269           059003.000043   059003.000112          1.0000  cm-1
12046.227    0.030      150.928           059003.000320   059003.000465          0.2920  cm-1
12046.227    0.030      150.928           059003.000090   059003.000147          0.7080  cm-1
12004.680    0.020      460.906           059003.000419   059003.000682 P        0.0000  cm-1
11966.813    0.020      156.084           059003.000032   059003.000046          1.0000  cm-1
11956.951    0.066      156.718           059003.000055   059003.000126 P        0.0000  cm-1
11942.799    0.020      1418.605          059003.000036   059003.000085          1.0000  cm-1
11942.799    0.020      1418.605          059003.000342   059003.000396 P        0.0000  cm-1
11934.899    0.020      790.629           059003.000340   059003.000480          1.0000  cm-1
11915.520    0.020      956.113           059003.000073   059003.000136          1.0000  cm-1
11915.520    0.020      956.113           059003.000548   059003.000484 P        0.0000  cm-1
11899.164    0.020      801.891           059003.000051   059003.000123          1.0000  cm-1
11891.866    0.020      964.999           059003.000092   059003.000147          1.0000  cm-1
11890.688    0.020      1448.158          059003.000568   059003.000527 P        0.0000  cm-1
11890.688    0.020      1448.158          059003.000546   059003.000479          1.0000  cm-1
11890.199    0.020      1448.432          059003.000318   059003.000463 P        0.0000  cm-1
11890.199    0.020      1448.432          059003.000039   059003.000097          1.0000  cm-1
11888.647    0.020      3220.664          059003.000037   059003.000088          1.0000  cm-1
11874.261    0.020      323.845           059003.000331   059003.000471 P        0.0000  cm-1
11866.713    0.020      324.772           059003.000333   059003.000383 P        0.0000  cm-1
11860.156    0.021      325.573           059003.000413   059003.000426 P        0.0000  cm-1
11842.970    0.021      491.481           059003.000344   059003.000486 P        0.0000  cm-1
11840.824    0.017      819.781           059003.000305   059003.000317 P        0.0000  cm-1
11840.824    0.017      819.781           059003.000056   059003.000128          1.0000  cm-1
11831.839    0.020      328.988           059003.000331   059003.000470          1.0000  cm-1
11830.765    0.020      1151.906          059003.000559   059003.000634          1.0000  cm-1
11779.373    0.020      167.548           059003.000321   059003.000466          1.0000  cm-1
11777.661    0.063      167.645           059003.000541   059003.000359 P        0.0000  cm-1
11777.661    0.063      167.645           059003.000635   059003.000639 P        0.0000  cm-1
11777.661    0.063      167.645           059003.000034   059003.000078          1.0000  cm-1
11772.982    0.020      167.908           059003.000117   059003.000163          1.0000  cm-1
11768.437    0.020      3363.267          059003.000124   059003.000173          1.0000  cm-1
11765.643    0.020      841.597           059003.000342   059003.000481          1.0000  cm-1
11753.913    0.020      168.969           059003.000107   059003.000153          1.0000  cm-1
11752.979    0.020      338.041           059003.000342   059003.000480          1.0000  cm-1
11749.741    0.020      676.793           059003.000331   059003.000469          1.0000  cm-1
11747.614    0.020      507.943           059003.000044   059003.000112          1.0000  cm-1
11734.576    0.020      1530.179          059003.000332   059003.000471          1.0000  cm-1
11710.236    0.020      1027.816          059003.000455   059003.000323 P        0.0000  cm-1
11710.236    0.020      1027.816          059003.000335   059003.000388          1.0000  cm-1
11698.652    0.032      171.897           059003.000362   059003.000568 P        0.0000  cm-1
11695.061    0.020      172.079           059003.000048   059003.000119          1.0000  cm-1
11680.558    0.020      345.604           059003.000039   059003.000093          1.0000  cm-1
11672.154    0.020      692.852           059003.000320   059003.000463          1.0000  cm-1
11668.658    0.020      6935.281          059003.000037   059003.000087          1.0000  cm-1
11668.658    0.020      6935.281          059003.000570   059003.000534 P        0.0000  cm-1
11631.237    0.020      1576.077          059003.000124   059003.000172          1.0000  cm-1
11628.429    0.020      700.978           059003.000117   059003.000162          1.0000  cm-1
11621.035    0.020      175569.587        059003.000061   059003.000129          1.0000  cm-1
11618.430    0.020      351.365           059003.000321   059003.000464          1.0000  cm-1
11593.970    0.020      176.710           059003.000334   059003.000472          1.0000  cm-1
11562.684    0.020      177.927           059003.000315   059003.000359          1.0000  cm-1
11558.900    0.020      178.066           059003.000548   059003.000628          1.0000  cm-1
11558.900    0.020      178.066           059003.000404   059003.000652 P        0.0000  cm-1
11531.220    0.020      1253.235          059003.000396   059003.000419 P        0.0000  cm-1
11531.220    0.020      1253.235          059003.000323   059003.000465          1.0000  cm-1
11523.366    0.020      358.581           059003.000122   059003.000168          1.0000  cm-1
11522.101    0.020      1434.639          059003.000043   059003.000111          1.0000  cm-1
11516.445    0.020      179.510           059003.000543   059003.000472          1.0000  cm-1
11513.803    0.030      179.593           059003.000541   059003.000459          1.0000  cm-1
11511.402    0.020      179.667           059003.000041   059003.000103 P        0.0000  cm-1
11502.234    0.020      17994.223         059003.000035   059003.000082          1.0000  cm-1
11488.469    0.020      180.335           059003.000549   059003.000628          1.0000  cm-1
11477.780    0.066      1444.970          059003.000341   059003.000392 P        0.0000  cm-1
11477.780    0.066      1444.970          059003.000320   059003.000360 P        0.0000  cm-1
11477.780    0.066      1444.970          059003.000034   059003.000076          1.0000  cm-1
11476.099    0.020      180.665           059003.000335   059003.000630          1.0000  cm-1
11476.099    0.020      180.665           059003.000058   059003.000127 P        0.0000  cm-1
11473.012    0.020      1626.696          059003.000628   059003.000572 P        0.0000  cm-1
11473.012    0.020      1626.696          059003.000036   059003.000083          1.0000  cm-1
11470.327    0.026      180.808           059003.000103   059003.000151          1.0000  cm-1
11439.054    0.036      181.523           059003.000348   059003.000635          1.0000  cm-1
11407.790    0.032      182.088           059003.000314   059003.000459          1.0000  cm-1
11397.581    0.080      18223.952         059003.000109   059003.000154          1.0000  cm-1
11291.162    0.020      36557.418         059003.000052   059003.000120          1.0000  cm-1
11291.162    0.020      36557.418         059003.000554   059003.000405 P        0.0000  cm-1
11280.661    0.020      913.669           059003.000036   059003.000081          1.0000  cm-1
11250.349    0.020      4561.671          059003.000110   059003.000154          1.0000  cm-1
11237.553    0.020      1823.027          059003.000326   059003.000467          1.0000  cm-1
11221.904    0.020      3641.200          059003.000037   059003.000085          1.0000  cm-1
11174.038    0.020      1810.257          059003.000337   059003.000476          1.0000  cm-1
11156.713    0.020      1805.412          059003.000036   059003.000080          1.0000  cm-1
11088.018    0.020      1780.348          059003.000315   059003.000458          1.0000  cm-1
11064.269    0.021      1769.490          059003.000327   059003.000468          1.0000  cm-1
11055.925    0.020      1765.408          059003.000338   059003.000630          1.0000  cm-1
11055.925    0.020      1765.408          059003.000556   059003.000404 P        0.0000  cm-1
11025.295    0.020      874.614           059003.000339   059003.000630          1.0000  cm-1
11025.295    0.020      874.614           059003.000401   059003.000419 P        0.0000  cm-1
11003.532    0.020      2604.898          059003.000552   059003.000481          0.4203  cm-1
11003.532    0.020      2604.898          059003.000048   059003.000115          0.5797  cm-1
11003.532    0.020      2604.898          059003.000340   059003.000389 P        0.0000  cm-1
10986.913    0.030      863.162           059003.000345   059003.000484 P        0.0000  cm-1
10986.014    0.020      8628.762          059003.000039   059003.000088          1.0000  cm-1
10958.381    0.021      853.711           059003.000683   059003.000534 P        0.0000  cm-1
10947.566    0.020      8499.411          059003.000040   059003.000093          1.0000  cm-1
10922.524    0.032      1681.440          059003.000124   059003.000167          1.0000  cm-1
10893.338    0.020      1658.501          059003.000308   059003.000330 P        0.0000  cm-1
10893.338    0.020      1658.501          059003.000316   059003.000458          1.0000  cm-1
10840.235    0.023      6451.337          059003.000055   059003.000123          1.0000  cm-1
10834.136    0.020      803.611           059003.000403   059003.000419 P        0.0000  cm-1
10834.136    0.020      803.611           059003.000327   059003.000369          1.0000  cm-1
10800.472    0.020      787.683           059003.000327   059003.000368          1.0000  cm-1
10800.472    0.020      787.683           059003.000544   059003.000475 P        0.0000  cm-1
10800.472    0.020      787.683           059003.000491   059003.000652 P        0.0000  cm-1
10789.693    0.020      7823.856          059003.000034   059003.000074          1.0000  cm-1
10766.027    0.020      2311.295          059003.000039   059003.000087          1.0000  cm-1
10741.832    0.020      2273.314          059003.000051   059003.000115          1.0000  cm-1
10729.412    0.020      751.106           059003.000317   059003.000458          1.0000  cm-1
10726.055    0.020      3746.430          059003.000034   059003.000539          1.0000  cm-1
10710.204    0.020      7405.865          059003.000036   059003.000076          1.0000  cm-1
10686.571    0.021      727.305           059003.000671   059003.000413          1.0000  cm-1
10682.646    0.020      725.064           059003.000328   059003.000369          1.0000  cm-1
10676.109    0.020      721.312           059003.000037   059003.000082          1.0000  cm-1
10660.970    0.020      4987.650          059003.000038   059003.000083          1.0000  cm-1
10657.467    0.031      710.468           059003.000319   059003.000459          1.0000  cm-1
10653.213    0.020      707.966           059003.000338   059003.000383          1.0000  cm-1
10648.339    0.020      4935.600          059003.000038   059003.000540          1.0000  cm-1
10606.757    0.021      679.999           059003.000342   059003.000387          1.0000  cm-1
10599.814    0.020      2027.180          059003.000124   059003.000164          1.0000  cm-1
10583.283    0.020      1996.475          059003.000043   059003.000105          1.0000  cm-1
10573.631    0.020      1318.893          059003.000043   059003.000104          1.0000  cm-1
10573.631    0.020      1318.893          059003.000054   059003.000118 P        0.0000  cm-1
10541.277    0.020      638.891           059003.000326   059003.000364          0.4940  cm-1
10541.277    0.020      638.891           059003.000668   059003.000496          0.5060  cm-1
10516.293    0.021      622.797           059003.000669   059003.000403          1.0000  cm-1
10511.985    0.020      620.002           059003.000341   059003.000476          1.0000  cm-1
10491.485    0.020      1213.274          059003.000679   059003.000514 P        0.0000  cm-1
10491.485    0.020      1213.274          059003.000048   059003.000112          1.0000  cm-1
10468.585    0.020      4141.166          059003.000038   059003.000081          1.0000  cm-1
10435.827    0.020      2279.684          059003.000037   059003.000080          1.0000  cm-1
10371.264    0.021      526.939           059003.000557   059003.000399          1.0000  cm-1
10356.814    0.020      1034.634          059003.000412   059003.000576 P        0.0000  cm-1
10356.814    0.020      1034.634          059003.000056   059003.000121          1.0000  cm-1
10319.249    0.020      492.379           059003.000039   059003.000085          1.0000  cm-1
10305.000    0.021      482.965           059003.000560   059003.000407          1.0000  cm-1
10282.648    0.020      468.267           059003.000035   059003.000075          1.0000  cm-1
10282.648    0.020      468.267           059003.000321   059003.000459 P        0.0000  cm-1
10282.648    0.020      468.267           059003.000411   059003.000648 P        0.0000  cm-1
10276.168    0.020      464.025           059003.000675   059003.000418 P        0.0000  cm-1
10276.168    0.020      464.025           059003.000117   059003.000159          1.0000  cm-1
10273.943    0.020      462.571           059003.000351   059003.000684 P        0.0000  cm-1
10273.943    0.020      462.571           059003.000044   059003.000104          1.0000  cm-1
10255.936    0.034      450.842           059003.000331   059003.000367          1.0000  cm-1
10221.749    0.020      428.815           059003.000068   059003.000130          1.0000  cm-1
10198.184    0.020      2483.066          059003.000335   059003.000375 P        0.0000  cm-1
10198.184    0.020      2483.066          059003.000038   059003.000078          1.0000  cm-1
10194.657    0.035      2881.344          059003.000680   059003.000505 P        0.0000  cm-1
10194.657    0.035      2881.344          059003.000058   059003.000123          1.0000  cm-1
10121.861    0.020      1100.470          059003.000044   059003.000102          1.0000  cm-1
10095.670    0.021      351.286           059003.000552   059003.000390          1.0000  cm-1
10063.319    0.020      665.144           059003.000322   059003.000459 P        0.0000  cm-1
10063.319    0.020      665.144           059003.000044   059003.000101          1.0000  cm-1
10022.193    0.020      309.596           059003.000036   059003.000074          1.0000  cm-1
10022.193    0.020      309.596           059003.000673   059003.000409 P        0.0000  cm-1
10022.193    0.020      309.596           059003.000489   059003.000571 P        0.0000  cm-1
10006.109    0.020      6017.423          059003.000052   059003.000114          1.0000  cm-1
10006.109    0.020      6017.423          059003.000311   059003.000543 P        0.0000  cm-1
9966.266     0.020      5598.400          059003.000048   059003.000111          1.0000  cm-1
9839.499     0.020      4397.580          059003.000035   059003.000073          1.0000  cm-1
9764.218     0.020      3783.514          059003.000043   059003.000097          1.0000  cm-1
9704.585     0.020      3348.640          059003.000051   059003.000111          1.0000  cm-1
9682.912     0.023      3202.218          059003.000678   059003.000415 P        0.0000  cm-1
9682.912     0.023      3202.218          059003.000055   059003.000115          1.0000  cm-1
9328.777     0.020      1549.768          059003.000051   059003.000108          1.0000  cm-1
