shift,level_id,is_new_level,n_chance_lines,E_input,E_final,dE
-11.3,059003.000001,0,4,0.0,0.0,0.0
-11.3,059003.000031,0,1,1398.34,1398.7223,0.3823
-11.3,059003.000032,0,5,2893.14,2892.4459,-0.6941
-11.3,059003.000033,0,4,4453.76,4452.2991,-1.4609
-11.3,059003.000034,0,7,9370.66,9374.2496,3.5896
-11.3,059003.000035,0,4,10032.92,10032.4081,-0.5119
-11.3,059003.000036,0,8,10138.18,10138.6109,0.4309
-11.3,059003.000037,0,4,10859.06,10857.9812,-1.0788
-11.3,059003.000038,0,5,10950.24,10945.7461,-4.4939
-11.3,059003.000039,0,3,11761.69,11763.9564,2.2664
-11.3,059003.000040,0,3,12494.63,12494.1662,-0.4638
-11.3,059003.000043,0,6,13887.6,13889.3903,1.7903
-11.3,059003.000044,0,3,14187.35,14188.6732,1.3232
-11.3,059003.000048,0,4,15443.48,15442.912,-0.568
-11.3,059003.000051,0,3,15705.13,15705.4959,0.3659
-11.3,059003.000052,0,3,16089.14,16089.7452,0.6052
-11.3,059003.000055,0,2,16763.98,16763.8299,-0.1501
-11.3,059003.000056,0,2,17095.63,17093.8126,-1.8174
-11.3,059003.000058,0,3,17409.58,17410.8059,1.2259
-11.3,059003.000061,0,2,17642.06,17640.9576,-1.1024
-11.3,059003.000065,0,3,18693.65,18687.8133,-5.8367
-11.3,059003.000068,0,1,19046.09,19045.9333,-0.1567
-11.3,059003.000077,0,3,20856.86,20858.2193,1.3593
-11.3,059003.000090,0,4,23091.7,23093.7576,2.0576
-11.3,059003.000092,0,5,23245.99,23242.3387,-3.6513
-11.3,059003.000094,0,3,23465.43,23469.1994,3.7694
-11.3,059003.000103,0,4,24357.98,24357.4709,-0.5091
-11.3,059003.000107,0,3,24886.51,24884.7373,-1.7727
-11.3,059003.000109,0,1,25244.61,25239.9675,-4.6425
-11.3,059003.000110,0,4,25391.75,25391.014,-0.736
-11.3,059003.000116,0,1,26447.88,26442.1533,-5.7267
-11.3,059003.000117,0,2,26921.49,26921.4136,-0.0764
-11.3,059003.000118,0,4,26979.66,26976.8361,-2.8239
-11.3,059003.000122,0,4,27597.13,27595.0569,-2.0731
-11.3,059003.000124,0,3,28101.77,28103.6789,1.9089
-11.3,059003.000430,0,2,30602.83,30602.3642,-0.4658
-11.3,059003.000136,0,1,31787.93,31787.7966,-0.1334
-11.3,059003.000169,0,4,39225.6,39225.5181,-0.0819
-11.3,059003.000174,0,4,39940.72,39940.5893,-0.1307
-11.3,059003.000193,0,1,53092.8,53093.6989,0.8989
-11.3,059003.000194,0,5,58158.08,58158.6779,0.5979
-11.3,059003.000195,0,10,58174.15,58174.2956,0.1456
-11.3,059003.000196,0,5,60166.2,60165.4949,-0.7051
-11.3,059003.000197,0,8,60419.73,60419.6659,-0.0641
-11.3,059003.000198,0,5,60520.32,60521.6494,1.3294
-11.3,059003.000199,0,9,61357.04,61355.8939,-1.1461
-11.3,059003.000200,0,6,61605.66,61603.5142,-2.1458
-11.3,059003.000201,0,4,61717.98,61717.4518,-0.5282
-11.3,059003.000202,0,3,62062.63,62060.9261,-1.7039
-11.3,059003.000203,0,5,62240.83,62241.6752,0.8452
-11.3,059003.000204,0,4,62535.62,62536.0478,0.4278
-11.3,059003.000205,0,7,62558.67,62559.1156,0.4456
-11.3,059003.000206,0,7,62678.7,62678.9761,0.2761
-11.3,059003.000207,0,4,63221.28,63219.4566,-1.8234
-11.3,059003.000208,0,10,63232.14,63230.1175,-2.0225
-11.3,059003.000209,0,5,63576.27,63575.9429,-0.3271
-11.3,059003.000210,0,4,63593.35,63592.7142,-0.6358
-11.3,059003.000211,0,7,63768.66,63767.377,-1.283
-11.3,059003.000212,0,9,63816.91,63818.7907,1.8807
-11.3,059003.000213,0,3,64150.94,64151.4286,0.4886
-11.3,059003.000214,0,6,64215.45,64216.1367,0.6867
-11.3,059003.000215,0,6,64235.61,64234.2098,-1.4002
-11.3,059003.000216,0,5,64401.03,64401.5496,0.5196
-11.3,059003.000217,0,5,64817.53,64817.2239,-0.3061
-11.3,059003.000218,0,7,64857.15,64856.9508,-0.1992
-11.3,059003.000219,0,6,64865.15,64865.4128,0.2628
-11.3,059003.000220,0,9,64979.55,64977.7658,-1.7842
-11.3,059003.000431,1,3,65073.26,65069.6232,-3.6368
-11.3,059003.000221,0,6,65295.9,65296.5881,0.6881
-11.3,059003.000432,1,5,65765.17,65763.0584,-2.1116
-11.3,059003.000222,0,3,65909.44,65908.3418,-1.0982
-11.3,059003.000223,0,3,65922.42,65925.5319,3.1119
-11.3,059003.000224,0,7,65935.25,65937.8891,2.6391
-11.3,059003.000225,0,5,65967.15,65970.0208,2.8708
-11.3,059003.000226,0,5,66148.4,66149.3009,0.9009
-11.3,059003.000227,0,2,66301.35,66303.5692,2.2192
-11.3,059003.000228,0,2,66324.84,66323.8415,-0.9985
-11.3,059003.000229,0,9,66681.14,66682.2785,1.1385
-11.3,059003.000230,0,5,66735.88,66737.2817,1.4017
-11.3,059003.000231,0,5,66852.87,66852.3787,-0.4913
-11.3,059003.000232,0,2,66867.09,66866.814,-0.276
-11.3,059003.000233,0,2,66943.04,66942.2453,-0.7947
-11.3,059003.000234,0,5,67049.18,67049.8405,0.6605
-11.3,059003.000235,0,4,67240.35,67237.9673,-2.3827
-11.3,059003.000236,0,3,67395.32,67392.5635,-2.7565
-11.3,059003.000237,0,13,67398.79,67397.6389,-1.1511
-11.3,059003.000238,0,3,67679.21,67678.3081,-0.9019
-11.3,059003.000239,0,7,67870.76,67872.602,1.842
-11.3,059003.000240,0,4,67965.47,67964.9361,-0.5339
-11.3,059003.000241,0,4,68238.12,68240.673,2.553
-11.3,059003.000242,0,3,68305.1,68306.1021,1.0021
-11.3,059003.000433,1,3,68331.68,68331.5002,-0.1798
-11.3,059003.000243,0,7,68331.75,68330.877,-0.873
-11.3,059003.000244,0,5,68374.54,68375.2927,0.7527
-11.3,059003.000245,0,4,68492.43,68490.1527,-2.2773
-11.3,059003.000246,0,6,68525.62,68522.5647,-3.0553
-11.3,059003.000247,0,5,68544.19,68544.8345,0.6445
-11.3,059003.000434,1,4,68556.35,68556.9698,0.6198
-11.3,059003.000435,1,3,68676.55,68674.9407,-1.6093
-11.3,059003.000248,0,5,68801.67,68799.2945,-2.3755
-11.3,059003.000249,0,5,68978.55,68977.8272,-0.7228
-11.3,059003.000250,0,7,68987.07,68990.7079,3.6379
-11.3,059003.000251,0,5,69138.28,69137.2756,-1.0044
-11.3,059003.000252,0,5,69408.51,69406.8552,-1.6548
-11.3,059003.000253,0,6,69431.0,69430.6487,-0.3513
-11.3,059003.000254,0,3,69681.6,69683.4204,1.8204
-11.3,059003.000255,0,5,69686.26,69683.8742,-2.3858
-11.3,059003.000256,0,6,69978.08,69977.184,-0.896
-11.3,059003.000257,0,5,70381.48,70384.3045,2.8245
-11.3,059003.000258,0,4,71021.1,71022.2941,1.1941
-11.3,059003.000259,0,2,71385.6,71383.3728,-2.2272
-11.3,059003.000260,0,2,71501.0,71497.1015,-3.8985
-11.3,059003.000261,0,4,71536.38,71535.5231,-0.8569
-11.3,059003.000262,0,5,71592.34,71593.6363,1.2963
-11.3,059003.000263,0,5,71736.45,71725.8749,-10.5751
-11.3,059003.000264,0,2,71978.52,71978.827,0.307
-11.3,059003.000265,0,2,71994.81,71995.6534,0.8434
-11.3,059003.000266,0,5,73029.9,73027.7687,-2.1313
-11.3,059003.000267,0,5,73378.42,73378.9716,0.5516
-11.3,059003.000268,0,4,73606.17,73607.0507,0.8807
-11.3,059003.000269,0,3,73609.1,73614.4114,5.3114
-11.3,059003.000270,0,3,74105.2,74099.9024,-5.2976
-11.3,059003.000436,1,4,74619.63,74621.1991,1.5691
-11.3,059003.000271,0,2,74463.7,74461.9571,-1.7429
-11.3,059003.000437,1,3,74696.2,74695.8957,-0.3043
-11.3,059003.000272,0,3,75294.0,75294.888,0.888
-11.3,059003.000273,0,4,75409.58,75408.3164,-1.2636
-11.3,059003.000274,0,4,75560.75,75562.1029,1.3529
-11.3,059003.000275,0,5,75614.81,75616.3742,1.5642
-11.3,059003.000276,0,4,75640.0,75645.2233,5.2233
-11.3,059003.000277,0,4,75762.23,75762.2565,0.0265
-11.3,059003.000438,1,3,75982.8,75983.951,1.151
-11.3,059003.000439,1,2,76130.52,76125.2826,-5.2374
-11.3,059003.000440,1,5,76411.04,76410.1568,-0.8832
-11.3,059003.000441,1,1,76534.72,76535.307,0.587
-11.3,059003.000278,0,1,76892.4,76889.7107,-2.6893
-11.3,059003.000442,1,3,76894.56,76896.0667,1.5067
-11.3,059003.000279,0,3,77822.0,77822.8958,0.8958
-11.3,059003.000280,0,3,78312.91,78309.8598,-3.0502
-11.3,059003.000281,0,1,78463.6,78461.0967,-2.5033
-11.3,059003.000282,0,5,78694.57,78696.1408,1.5708
-11.3,059003.000283,0,4,78889.14,78888.5969,-0.5431
-11.3,059003.000284,0,3,79136.23,79139.0033,2.7733
-11.3,059003.000285,0,1,79366.65,79365.1028,-1.5472
-11.3,059003.000443,1,2,79377.15,79376.9027,-0.2473
-11.3,059003.000444,1,2,79378.38,79379.8235,1.4435
-11.3,059003.000286,0,3,79395.55,79392.821,-2.729
-11.3,059003.000287,0,2,79742.36,79743.2996,0.9396
-11.3,059003.000288,0,3,80164.04,80165.0891,1.0491
-11.3,059003.000289,0,3,80360.82,80361.8598,1.0398
-11.3,059003.000290,0,2,80897.85,80897.0169,-0.8331
-11.3,059003.000291,0,2,80988.76,80986.6877,-2.0723
-11.3,059003.000292,0,1,81404.52,81402.2951,-2.2249
-11.3,059003.000445,1,2,82082.7,82083.0432,0.3432
-11.3,059003.000293,0,3,82492.4,82493.1465,0.7465
-11.3,059003.000294,0,2,83025.91,83027.5597,1.6497
-11.3,059003.000295,0,4,83426.55,83423.0609,-3.4891
-11.3,059003.000296,0,3,83607.32,83608.7869,1.4669
-11.3,059003.000297,0,4,83703.43,83701.2419,-2.1881
-11.3,059003.000446,1,2,84150.65,84147.8773,-2.7727
-11.3,059003.000447,1,2,84270.44,84265.734,-4.706
-11.3,059003.000298,0,4,84409.93,84408.1625,-1.7675
-11.3,059003.000299,0,2,84410.63,84410.625,-0.005
-11.3,059003.000300,0,3,84430.98,84429.1878,-1.7922
-11.3,059003.000448,1,1,84690.2,84689.6605,-0.5395
-11.3,059003.000449,1,3,84804.11,84799.5389,-4.5711
-11.3,059003.000301,0,2,84992.04,84992.6241,0.5841
-11.3,059003.000302,0,2,85306.1,85304.0348,-2.0652
-11.3,059003.000450,1,2,85981.65,85979.6328,-2.0172
-11.3,059003.000451,1,2,86390.45,86390.7258,0.2758
-11.3,059003.000452,1,3,86455.75,86452.6156,-3.1344
-11.3,059003.000453,1,0,86938.55,86938.55,0.0
-11.3,059003.000303,0,3,87511.6,87513.2689,1.6689
-11.3,059003.000454,1,3,87726.9,87729.2937,2.3937
-11.3,059003.000304,0,2,88210.1,88213.2889,3.1889
-11.3,059003.000305,0,3,88948.6,88946.3662,-2.2338
-11.3,059003.000455,1,3,89969.42,89968.3366,-1.0834
-11.3,059003.000306,0,5,90119.8,90116.8858,-2.9142
-11.3,059003.000307,0,3,90629.2,90630.5539,1.3539
-11.3,059003.000308,0,2,92441.7,92439.1015,-2.5985
-11.3,059003.000309,0,3,92554.8,92554.5048,-0.2952
-11.3,059003.000310,0,1,93296.5,93297.178,0.678
-11.3,059003.000311,0,4,93967.4,93966.1718,-1.2282
-11.3,059003.000312,0,7,95147.9,95151.6144,3.7144
-11.3,059003.000313,0,4,96830.5,96832.5338,2.0338
-11.3,059003.000456,1,2,99681.9,99678.8184,-3.0816
-11.3,059003.000457,1,3,99938.5,99939.6874,1.1874
-11.3,059003.000349,0,4,110295.2,110296.5071,1.3071
-11.3,059003.000350,0,2,110333.55,110334.1519,0.6019
-11.3,059003.000351,0,3,110530.96,110534.4974,3.5374
-11.3,059003.000352,0,4,110880.92,110880.7678,-0.1522
-11.3,059003.000353,0,3,110922.18,110922.1864,0.0064
-11.3,059003.000354,0,2,111109.95,111108.6169,-1.3331
-11.3,059003.000355,0,2,111268.6,111268.5102,-0.0898
-11.3,059003.000356,0,1,111334.87,111334.3061,-0.5639
-11.3,059003.000357,0,3,111342.43,111337.433,-4.997
-11.3,059003.000358,0,3,111494.56,111491.2073,-3.3527
-11.3,059003.000458,1,1,111518.34,111517.005,-1.335
-11.3,059003.000459,1,1,111728.91,111725.0618,-3.8482
-11.3,059003.000460,1,4,111772.91,111775.3412,2.4312
-11.3,059003.000461,1,0,111779.59,111779.59,0.0
-11.3,059003.000462,1,6,111902.78,111902.9158,0.1358
-11.3,059003.000359,0,6,111992.97,111995.2363,2.2663
-11.3,059003.000360,0,3,112643.09,112643.8257,0.7357
-11.3,059003.000361,0,4,112769.67,112769.8176,0.1476
-11.3,059003.000463,1,4,112837.43,112835.9178,-1.5122
-11.3,059003.000362,0,2,112896.3,112896.7309,0.4309
-11.3,059003.000363,0,0,113023.5,113023.5,0.0
-11.3,059003.000464,1,3,113064.69,113061.2604,-3.4296
-11.3,059003.000364,0,5,113158.53,113158.3451,-0.1849
-11.3,059003.000465,1,5,113211.64,113210.8822,-0.7578
-11.3,059003.000466,1,3,113225.66,113226.2688,0.6088
-11.3,059003.000365,0,10,113291.67,113289.5023,-2.1677
-11.3,059003.000366,0,5,113556.8,113555.5704,-1.2296
-11.3,059003.000367,0,7,113600.13,113596.9763,-3.1537
-11.3,059003.000368,0,5,113630.9,113628.7248,-2.1752
-11.3,059003.000369,0,7,113664.57,113661.2328,-3.3372
-11.3,059003.000370,0,6,113780.27,113782.0343,1.7643
-11.3,059003.000371,0,5,113825.5,113825.2299,-0.2701
-11.3,059003.000372,0,3,113833.9,113834.3798,0.4798
-11.3,059003.000467,1,4,113854.85,113852.8963,-1.9537
-11.3,059003.000468,1,6,113894.44,113890.1342,-4.3058
-11.3,059003.000373,0,2,113914.16,113914.2878,0.1278
-11.3,059003.000374,0,2,114725.6,114722.2953,-3.3047
-11.3,059003.000375,0,4,114797.12,114793.0788,-4.0412
-11.3,059003.000376,0,0,114970.95,114970.95,0.0
-11.3,059003.000469,1,3,115094.1,115094.1252,0.0252
-11.3,059003.000470,1,5,115176.16,115171.4391,-4.7209
-11.3,059003.000471,1,4,115218.75,115218.9568,0.2068
-11.3,059003.000377,0,6,115324.47,115328.3677,3.8977
-11.3,059003.000378,0,6,115403.34,115406.7037,3.3637
-11.3,059003.000379,0,6,115408.39,115411.3728,2.9828
-11.3,059003.000380,0,5,115420.8,115422.7225,1.9225
-11.3,059003.000472,1,4,115489.74,115489.4452,-0.2948
-11.3,059003.000381,0,3,115499.67,115501.1762,1.5062
-11.3,059003.000382,0,5,115670.0,115669.4033,-0.5967
-11.3,059003.000383,0,3,115672.26,115674.1434,1.8834
-11.3,059003.000473,1,1,115712.03,115710.1476,-1.8824
-11.3,059003.000384,0,5,115800.17,115802.0982,1.9282
-11.3,059003.000474,1,1,115881.55,115880.9605,-0.5895
-11.3,059003.000385,0,2,115933.14,115935.3686,2.2286
-11.3,059003.000475,1,4,115990.73,115989.847,-0.883
-11.3,059003.000386,0,4,116021.78,116024.4599,2.6799
-11.3,059003.000476,1,5,116078.6,116081.1631,2.5631
-11.3,059003.000387,0,2,116238.71,116237.0305,-1.6795
-11.3,059003.000388,0,8,116309.14,116307.4551,-1.6849
-11.3,059003.000389,0,5,116453.2,116453.545,0.345
-11.3,059003.000390,0,0,116489.75,116489.75,0.0
-11.3,059003.000391,0,2,116727.1,116725.3196,-1.7804
-11.3,059003.000477,1,3,116777.55,116773.0427,-4.5073
-11.3,059003.000392,0,4,117044.6,117042.5561,-2.0439
-11.3,059003.000393,0,2,117248.2,117249.2497,1.0497
-11.3,059003.000394,0,4,117323.1,117323.581,0.481
-11.3,059003.000478,1,1,117359.3,117354.5684,-4.7316
-11.3,059003.000479,1,3,117376.01,117376.7868,0.7768
-11.3,059003.000480,1,4,117385.1,117389.3131,4.2131
-11.3,059003.000481,1,5,117397.8,117397.8803,0.0803
-11.3,059003.000482,1,6,117507.88,117507.8039,-0.0761
-11.3,059003.000395,0,3,117540.5,117543.5523,3.0523
-11.3,059003.000396,0,3,117574.5,117572.1598,-2.3402
-11.3,059003.000483,1,4,117592.2,117588.8705,-3.3295
-11.3,059003.000397,0,4,117647.2,117648.7099,1.5099
-11.3,059003.000398,0,7,117686.4,117685.8958,-0.5042
-11.3,059003.000399,0,3,117775.3,117774.6989,-0.6011
-11.3,059003.000400,0,2,118063.0,118062.7194,-0.2806
-11.3,059003.000484,1,8,118069.2,118068.2841,-0.9159
-11.3,059003.000401,0,5,118081.1,118081.6192,0.5192
-11.3,059003.000402,0,5,118201.4,118198.2442,-3.1558
-11.3,059003.000485,1,4,118224.13,118221.2989,-2.8311
-11.3,059003.000403,0,4,118271.6,118266.7027,-4.8973
-11.3,059003.000404,0,5,118318.6,118314.9201,-3.6799
-11.3,059003.000405,0,4,118468.8,118469.7079,0.9079
-11.3,059003.000486,1,4,118588.65,118591.2636,2.6136
-11.3,059003.000406,0,2,118610.9,118614.0263,3.1263
-11.3,059003.000487,1,4,118860.77,118857.9539,-2.8161
-11.3,059003.000407,0,3,118879.3,118881.5339,2.2339
-11.3,059003.000488,1,4,118885.4,118886.3809,0.9809
-11.3,059003.000489,1,3,118987.0,118985.0221,-1.9779
-11.3,059003.000490,1,0,119019.05,119019.05,0.0
-11.3,059003.000491,1,4,119077.25,119076.0258,-1.2242
-11.3,059003.000408,0,3,120498.7,120500.4674,1.7674
-11.3,059003.000492,1,4,120715.55,120711.3776,-4.1724
-11.3,059003.000409,0,4,121095.2,121095.5614,0.3614
-11.3,059003.000410,0,0,121119.2,121119.2,0.0
-11.3,059003.000411,0,3,121382.6,121381.8677,-0.7323
-11.3,059003.000493,1,5,121411.77,121414.2966,2.5266
-11.3,059003.000412,0,1,121431.2,121430.6455,-0.5545
-11.3,059003.000413,0,3,121532.5,121531.4892,-1.0108
-11.3,059003.000494,1,2,121580.9,121579.0513,-1.8487
-11.3,059003.000495,1,1,121582.6,121582.0504,-0.5496
-11.3,059003.000496,1,4,122141.46,122139.3292,-2.1308
-11.3,059003.000414,0,1,128214.2,128211.9335,-2.2665
-11.3,059003.000415,0,0,128352.8,128352.8,-0.0
-11.3,059003.000416,0,1,128381.6,128382.1859,0.5859
-11.3,059003.000417,0,4,128453.2,128454.8912,1.6912
-11.3,059003.000497,1,3,128479.6,128479.5485,-0.0515
-11.3,059003.000418,0,3,128568.6,128567.2955,-1.3045
-11.3,059003.000498,1,2,128800.05,128800.8422,0.7922
-11.3,059003.000499,1,0,128912.95,128912.95,0.0
-11.3,059003.000500,1,1,132415.6,132416.2006,0.6006
-11.3,059003.000501,1,3,132651.7,132652.1474,0.4474
-11.3,059003.000502,1,4,132783.0,132781.1749,-1.8251
-11.3,059003.000503,1,3,132958.22,132958.4473,0.2273
-11.3,059003.000504,1,1,133037.3,133038.8069,1.5069
-11.3,059003.000505,1,2,133150.95,133153.2624,2.3124
-11.3,059003.000422,0,1,133194.3,133190.2416,-4.0584
-11.3,059003.000423,0,1,133242.3,133243.8332,1.5332
-11.3,059003.000506,1,0,133306.9,133305.3235,-1.5765
-11.3,059003.000424,0,1,133352.2,133352.863,0.663
-11.3,059003.000507,1,3,133370.49,133370.8321,0.3421
-11.3,059003.000425,0,0,133373.0,133373.0,0.0
-11.3,059003.000508,1,3,133511.58,133513.3822,1.8022
-11.3,059003.000509,1,1,133566.52,133567.8136,1.2936
-11.3,059003.000510,1,2,133594.97,133595.6474,0.6774
-11.3,059003.000511,1,0,133650.5,133650.5,0.0
-11.3,059003.000512,1,1,134001.32,134001.9671,0.6471
-11.3,059003.000513,1,1,134007.65,134007.0359,-0.6141
-11.3,059003.000514,1,1,134069.5,134069.4567,-0.0433
-11.3,059003.000515,1,4,134163.18,134153.4025,-9.7775
-11.3,059003.000516,1,3,134163.33,134152.3859,-10.9441
-11.3,059003.000517,1,3,134220.3,134223.6496,3.3496
-11.3,059003.000518,1,0,134375.6,134375.6,0.0
-11.3,059003.000519,1,1,134868.82,134869.3768,0.5568
-11.3,059003.000520,1,2,134932.15,134929.3112,-2.8388
-11.3,059003.000521,1,0,135896.6,135893.6005,-2.9995
-11.3,059003.000522,1,1,135927.0,135927.2981,0.2981
-11.3,059003.000523,1,0,136034.02,136034.02,0.0
-11.3,059003.000524,1,1,136111.0,136112.8784,1.8784
-11.3,059003.000525,1,0,136326.7,136328.1617,1.4617
-11.3,059003.000526,1,2,136435.34,136436.5594,1.2194
-11.3,059003.000527,1,1,136485.6,136486.9315,1.3315
-11.3,059003.000528,1,0,136606.4,136606.4,0.0
-11.3,059003.000529,1,2,136643.4,136644.1867,0.7867
-11.3,059003.000530,1,0,137960.61,137960.61,0.0
-11.3,059003.000531,1,1,138034.95,138036.486,1.536
-11.3,059003.000532,1,0,138077.8,138077.8,0.0
-11.3,059003.000533,1,0,138342.75,138342.75,0.0
-11.3,059003.000534,1,2,138410.5,138411.8064,1.3064
-11.3,059003.000535,1,0,138445.3,138445.3,0.0
-11.3,059003.000536,1,2,138839.85,138839.3892,-0.4608
-11.3,059003.000537,1,1,138900.4,138903.4342,3.0342
-11.3,059003.000538,1,1,139081.4,139079.671,-1.729
-11.3,059003.000041,0,5,12846.66,12847.3856,0.7256
-11.3,059003.000042,0,6,13352.1,13355.1325,3.0325
-11.3,059003.000045,0,8,14558.82,14559.6309,0.8109
-11.3,059003.000046,0,5,14859.96,14862.3262,2.3662
-11.3,059003.000047,0,6,15045.8,15045.3174,-0.4826
-11.3,059003.000049,0,5,15454.16,15454.7067,0.5467
-11.3,059003.000050,0,9,15525.5,15525.1826,-0.3174
-11.3,059003.000053,0,7,16135.97,16137.001,1.031
-11.3,059003.000054,0,4,16516.15,16516.1151,-0.0349
-11.3,059003.000057,0,7,17113.19,17114.8095,1.6195
-11.3,059003.000059,0,3,17534.76,17534.8551,0.0951
-11.3,059003.000060,0,5,17627.0,17628.6885,1.6885
-11.3,059003.000062,0,9,18063.36,18061.4519,-1.9081
-11.3,059003.000063,0,12,18211.76,18211.6697,-0.0903
-11.3,059003.000064,0,11,18241.54,18242.8467,1.3067
-11.3,059003.000066,0,5,18921.24,18922.3683,1.1283
-11.3,059003.000067,0,4,18990.08,18992.2001,2.1201
-11.3,059003.000069,0,16,19308.93,19308.6296,-0.3004
-11.3,059003.000070,0,6,19360.1,19361.7989,1.6989
-11.3,059003.000071,0,0,19649.67,19649.67,0.0
-11.3,059003.000072,0,11,19700.9,19701.5483,0.6483
-11.3,059003.000073,0,7,19872.43,19871.7301,-0.6999
-11.3,059003.000539,1,4,20096.73,20092.3576,-4.3724
-11.3,059003.000074,0,2,20160.36,20163.4223,3.0623
-11.3,059003.000075,0,6,20315.65,20314.2593,-1.3907
-11.3,059003.000076,0,10,20848.39,20853.3613,4.9713
-11.3,059003.000078,0,4,21148.43,21152.6058,4.1758
-11.3,059003.000079,0,6,21238.78,21240.4235,1.6435
-11.3,059003.000080,0,9,21294.89,21294.2614,-0.6286
-11.3,059003.000081,0,10,21418.84,21418.1245,-0.7155
-11.3,059003.000082,0,9,21535.17,21535.2671,0.0971
-11.3,059003.000540,1,3,21598.58,21599.7572,1.1772
-11.3,059003.000083,0,9,21611.19,21615.7732,4.5832
-11.3,059003.000084,0,7,21755.84,21756.0501,0.2101
-11.3,059003.000085,0,9,22080.94,22081.2134,0.2734
-11.3,059003.000086,0,4,22277.66,22275.3961,-2.2639
-11.3,059003.000087,0,12,22527.7,22527.2669,-0.4331
-11.3,059003.000088,0,8,22747.69,22748.4822,0.7922
-11.3,059003.000089,0,8,23050.61,23046.6549,-3.9551
-11.3,059003.000091,0,4,23175.09,23175.0971,0.0071
-11.3,059003.000093,0,14,23442.25,23443.6797,1.4297
-11.3,059003.000095,0,8,23532.86,23531.8334,-1.0266
-11.3,059003.000096,0,7,23647.77,23651.9868,4.2168
-11.3,059003.000097,0,8,23651.88,23651.7943,-0.0857
-11.3,059003.000098,0,10,23751.57,23746.2414,-5.3286
-11.3,059003.000099,0,12,23844.58,23844.8223,0.2423
-11.3,059003.000100,0,4,23955.37,23953.4786,-1.8914
-11.3,059003.000101,0,7,24250.62,24248.603,-2.017
-11.3,059003.000102,0,7,24309.2,24310.195,0.995
-11.3,059003.000104,0,12,24461.24,24460.0294,-1.2106
-11.3,059003.000105,0,11,24470.9,24472.1716,1.2716
-11.3,059003.000106,0,11,24788.02,24787.3983,-0.6217
-11.3,059003.000108,0,9,25033.91,25034.4086,0.4986
-11.3,059003.000111,0,8,25409.74,25409.3028,-0.4372
-11.3,059003.000112,0,4,25934.98,25933.6154,-1.3646
-11.3,059003.000113,0,2,25979.34,25979.694,0.354
-11.3,059003.000114,0,14,26095.23,26100.6362,5.4062
-11.3,059003.000115,0,6,26446.97,26444.9458,-2.0242
-11.3,059003.000119,0,10,27138.55,27137.0983,-1.4517
-11.3,059003.000120,0,8,27380.31,27382.9717,2.6617
-11.3,059003.000121,0,6,27452.45,27453.0641,0.6141
-11.3,059003.000123,0,8,27604.26,27603.9494,-0.3106
-11.3,059003.000125,0,3,28399.43,28400.3038,0.8738
-11.3,059003.000126,0,10,28720.71,28720.5218,-0.1882
-11.3,059003.000127,0,5,28885.14,28887.6738,2.5338
-11.3,059003.000128,0,7,28936.46,28932.4578,-4.0022
-11.3,059003.000129,0,8,29263.08,29260.8759,-2.2041
-11.3,059003.000130,0,9,29267.86,29263.7913,-4.0687
-11.3,059003.000131,0,9,29835.09,29836.0894,0.9994
-11.3,059003.000132,0,9,30505.72,30504.8001,-0.9199
-11.3,059003.000133,0,5,30733.53,30732.5744,-0.9556
-11.3,059003.000134,0,5,30994.55,30995.2147,0.6647
-11.3,059003.000135,0,7,31254.71,31256.266,1.556
-11.3,059003.000137,0,2,31803.7,31804.9387,1.2387
-11.3,059003.000138,0,4,32288.92,32288.335,-0.585
-11.3,059003.000139,0,3,32760.11,32759.2777,-0.8323
-11.3,059003.000140,0,3,33338.37,33338.916,0.546
-11.3,059003.000141,0,4,33466.41,33464.0118,-2.3982
-11.3,059003.000142,0,3,33659.99,33658.6254,-1.3646
-11.3,059003.000143,0,1,34198.61,34194.0182,-4.5918
-11.3,059003.000144,0,9,34520.27,34515.2337,-5.0363
-11.3,059003.000145,0,5,34825.49,34824.1622,-1.3278
-11.3,059003.000146,0,7,35024.49,35026.424,1.934
-11.3,059003.000147,0,6,35137.82,35138.0488,0.2288
-11.3,059003.000148,0,6,35291.0,35287.1772,-3.8228
-11.3,059003.000149,0,7,35384.17,35383.6028,-0.5672
-11.3,059003.000150,0,11,35801.12,35801.3911,0.2711
-11.3,059003.000151,0,8,35828.46,35826.8919,-1.5681
-11.3,059003.000152,0,3,35863.74,35865.4679,1.7279
-11.3,059003.000153,0,4,36640.38,36639.0634,-1.3166
-11.3,059003.000154,0,7,36642.13,36642.7381,0.6081
-11.3,059003.000155,0,11,36652.29,36652.7967,0.5067
-11.3,059003.000156,0,9,36670.57,36672.3859,1.8159
-11.3,059003.000157,0,2,36683.21,36677.8219,-5.3881
-11.3,059003.000158,0,10,37011.92,37012.9135,0.9935
-11.3,059003.000159,0,4,37197.64,37200.9096,3.2696
-11.3,059003.000160,0,12,37919.58,37917.5555,-2.0245
-11.3,059003.000161,0,10,38448.38,38448.3853,0.0053
-11.3,059003.000162,0,4,38549.9,38548.4837,-1.4163
-11.3,059003.000163,0,4,38694.51,38695.4031,0.8931
-11.3,059003.000164,0,11,38701.59,38702.5216,0.9316
-11.3,059003.000165,0,6,38726.5,38727.9538,1.4538
-11.3,059003.000166,0,5,38785.76,38785.9854,0.2254
-11.3,059003.000167,0,7,39024.27,39012.8538,-11.4162
-11.3,059003.000168,0,5,39120.4,39118.8103,-1.5897
-11.3,059003.000170,0,3,39485.48,39483.7588,-1.7212
-11.3,059003.000171,0,4,39725.99,39723.3348,-2.6552
-11.3,059003.000172,0,9,39732.99,39734.0639,1.0739
-11.3,059003.000173,0,7,39870.17,39871.7162,1.5462
-11.3,059003.000175,0,13,40098.66,40098.2002,-0.4598
-11.3,059003.000176,0,7,40205.74,40201.5207,-4.2193
-11.3,059003.000177,0,3,41023.98,41023.6969,-0.2831
-11.3,059003.000178,0,3,41026.87,41026.5157,-0.3543
-11.3,059003.000179,0,10,44679.98,44677.1373,-2.8427
-11.3,059003.000180,0,11,44903.42,44901.8816,-1.5384
-11.3,059003.000181,0,6,45805.95,45806.4152,0.4652
-11.3,059003.000182,0,2,45807.1,45807.2804,0.1804
-11.3,059003.000183,0,3,45844.65,45845.0167,0.3667
-11.3,059003.000184,0,6,46783.64,46783.3706,-0.2694
-11.3,059003.000185,0,6,48401.64,48401.2665,-0.3735
-11.3,059003.000186,0,9,48745.48,48741.7798,-3.7002
-11.3,059003.000187,0,4,50227.79,50229.2107,1.4207
-11.3,059003.000188,0,3,50647.35,50648.7607,1.4107
-11.3,059003.000189,0,5,50658.72,50660.7637,2.0437
-11.3,059003.000190,0,2,50869.3,50869.898,0.598
-11.3,059003.000191,0,6,51312.8,51311.8996,-0.9004
-11.3,059003.000192,0,0,52026.9,52026.9,0.0
-11.3,059003.000541,1,4,100214.99,100213.0023,-1.9877
-11.3,059003.000314,0,2,100321.12,100320.4548,-0.6652
-11.3,059003.000315,0,5,100430.29,100431.4614,1.1714
-11.3,059003.000316,0,2,100625.04,100625.7217,0.6817
-11.3,059003.000317,0,2,100788.95,100787.8629,-1.0871
-11.3,059003.000318,0,3,100947.18,100944.8874,-2.2926
-11.3,059003.000319,0,3,101071.43,101076.8114,5.3814
-11.3,059003.000320,0,2,101165.33,101163.6676,-1.6624
-11.3,059003.000321,0,5,101446.27,101444.1133,-2.1567
-11.3,059003.000322,0,3,101665.58,101664.7764,-0.8036
-11.3,059003.000323,0,2,101680.38,101679.6785,-0.7015
-11.3,059003.000542,1,4,101778.0,101776.5956,-1.4044
-11.3,059003.000324,0,3,102435.67,102434.9718,-0.6982
-11.3,059003.000325,0,4,102484.66,102487.6987,3.0387
-11.3,059003.000326,0,3,102617.24,102616.6058,-0.6342
-11.3,059003.000327,0,1,102830.43,102828.6891,-1.7409
-11.3,059003.000328,0,3,102981.94,102985.9695,4.0295
-11.3,059003.000329,0,4,103308.53,103309.8064,1.2764
-11.3,059003.000330,0,4,103335.06,103335.0067,-0.0533
-11.3,059003.000331,0,4,103344.35,103339.7996,-4.5504
-11.3,059003.000332,0,2,103484.19,103482.6625,-1.5275
-11.3,059003.000333,0,3,103805.38,103802.3889,-2.9911
-11.3,059003.000334,0,7,103895.83,103894.773,-1.057
-11.3,059003.000543,1,2,103973.35,103970.9849,-2.3651
-11.3,059003.000335,0,5,104598.99,104597.6206,-1.3694
-11.3,059003.000336,0,4,104788.68,104791.8379,3.1579
-11.3,059003.000337,0,3,104904.55,104906.0155,1.4655
-11.3,059003.000338,0,2,105019.06,105018.127,-0.933
-11.3,059003.000339,0,3,105049.72,105051.4092,1.6892
-11.3,059003.000544,1,2,105191.13,105189.2956,-1.8344
-11.3,059003.000545,1,2,105338.51,105338.294,-0.216
-11.3,059003.000340,0,4,105450.18,105446.2802,-3.8998
-11.3,059003.000546,1,2,105485.3,105488.9613,3.6613
-11.3,059003.000547,1,3,105534.64,105535.4441,0.8041
-11.3,059003.000341,0,3,105566.62,105565.0003,-1.6197
-11.3,059003.000342,0,2,105632.16,105636.2337,4.0737
-11.3,059003.000548,1,3,106153.75,106155.4665,1.7165
-11.3,059003.000549,1,2,106224.22,106225.0036,0.7836
-11.3,059003.000550,1,1,106306.51,106307.1382,0.6282
-11.3,059003.000551,1,2,106384.65,106384.0489,-0.6011
-11.3,059003.000552,1,5,106394.09,106395.8229,1.7329
-11.3,059003.000553,1,3,106468.42,106465.958,-2.462
-11.3,059003.000343,0,4,106665.07,106668.1192,3.0492
-11.3,059003.000344,0,2,106745.65,106746.544,0.894
-11.3,059003.000345,0,2,107081.94,107083.5322,1.5922
-11.3,059003.000554,1,3,107177.8,107176.7427,-1.0573
-11.3,059003.000555,1,5,107223.2,107224.0555,0.8555
-11.3,059003.000556,1,3,107262.71,107259.824,-2.886
-11.3,059003.000346,0,3,107299.07,107297.3493,-1.7207
-11.3,059003.000557,1,3,107403.91,107404.8863,0.9763
-11.3,059003.000558,1,4,107697.07,107697.1625,0.0925
-11.3,059003.000347,0,1,107854.46,107854.837,0.377
-11.3,059003.000559,1,2,107978.56,107978.35,-0.21
-11.3,059003.000348,0,5,108559.4,108558.5785,-0.8215
-11.3,059003.000560,1,6,108574.0,108573.5816,-0.4184
-11.3,059003.000561,1,2,111039.75,111037.1,-2.65
-11.3,059003.000562,1,3,111193.29,111187.0803,-6.2097
-11.3,059003.000563,1,3,113854.23,113852.3765,-1.8535
-11.3,059003.000564,1,2,115439.45,115440.8519,1.4019
-11.3,059003.000565,1,2,119225.52,119228.0075,2.4875
-11.3,059003.000566,1,4,121143.3,121148.4747,5.1747
-11.3,059003.000567,1,4,122932.6,122938.2972,5.6972
-11.3,059003.000568,1,1,124594.4,124594.8069,0.4069
-11.3,059003.000569,1,1,125145.1,125145.8475,0.7475
-11.3,059003.000570,1,2,126743.3,126747.3575,4.0575
-11.3,059003.000571,1,2,129009.15,129005.8923,-3.2577
-11.3,059003.000419,0,2,129106.1,129104.1245,-1.9755
-11.3,059003.000572,1,1,129454.45,129452.7544,-1.6956
-11.3,059003.000573,1,3,129744.09,129747.2461,3.1561
-11.3,059003.000574,1,3,129934.5,129933.9443,-0.5557
-11.3,059003.000575,1,2,130218.64,130218.5297,-0.1103
-11.3,059003.000420,0,5,131200.3,131195.8342,-4.4658
-11.3,059003.000421,0,1,131226.3,131222.4586,-3.8414
-11.3,059003.000576,1,2,131788.15,131786.2327,-1.9173
-11.3,059003.000577,1,2,131980.0,131980.2093,0.2093
-11.3,059003.000426,0,2,133393.2,133394.2861,1.0861
-11.3,059003.000427,0,2,133503.9,133504.9824,1.0824
-11.3,059003.000578,1,3,134394.16,134395.4429,1.2829
-11.3,059003.000579,1,2,134402.02,134402.3046,0.2846
-11.3,059003.000580,1,1,134402.83,134406.6659,3.8359
-11.3,059003.000581,1,2,134405.44,134406.6651,1.2251
-11.3,059003.000582,1,3,134425.98,134425.701,-0.279
-11.3,059003.000583,1,1,134428.63,134428.7492,0.1192
-11.3,059003.000584,1,2,134433.41,134434.2486,0.8386
-11.3,059003.000585,1,0,134454.31,134454.31,0.0
-11.3,059003.000586,1,3,134454.76,134450.9331,-3.8269
-11.3,059003.000587,1,2,134480.15,134479.0436,-1.1064
-11.3,059003.000588,1,2,134480.72,134480.0465,-0.6735
-11.3,059003.000589,1,2,134488.7,134487.4954,-1.2046
-11.3,059003.000590,1,2,134492.68,134490.3133,-2.3667
-11.3,059003.000591,1,0,134496.12,134496.12,0.0
-11.3,059003.000428,0,3,135445.2,135444.5676,-0.6324
-11.3,059003.000429,0,3,135868.8,135867.1428,-1.6572
-11.3,059003.000592,1,4,136554.97,136551.4397,-3.5303
-11.3,059003.000593,1,2,136555.45,136556.252,0.802
-11.3,059003.000594,1,3,136557.98,136555.5543,-2.4257
-11.3,059003.000595,1,2,136559.59,136556.298,-3.292
-11.3,059003.000596,1,3,136570.81,136567.2989,-3.5111
-11.3,059003.000597,1,3,136572.21,136571.1996,-1.0104
-11.3,059003.000598,1,0,136589.34,136589.34,0.0
-11.3,059003.000599,1,2,136589.44,136587.2124,-2.2276
-11.3,059003.000600,1,3,136596.37,136593.8167,-2.5533
-11.3,059003.000601,1,2,136596.63,136594.1459,-2.4841
-11.3,059003.000602,1,3,136620.17,136618.8345,-1.3355
-11.3,059003.000603,1,3,136641.8,136640.1731,-1.6269
-11.3,059003.000604,1,1,136641.9,136640.2597,-1.6403
-11.3,059003.000605,1,0,136649.4,136649.4,0.0
-11.3,059003.000606,1,2,136650.9,136653.0878,2.1878
-11.3,059003.000607,1,3,138783.5,138782.2888,-1.2112
-11.3,059003.000608,1,3,138787.95,138786.144,-1.806
-11.3,059003.000609,1,1,138794.58,138795.9007,1.3207
-11.3,059003.000610,1,1,138796.56,138794.8073,-1.7527
-11.3,059003.000611,1,1,138799.39,138802.0156,2.6256
-11.3,059003.000612,1,1,138799.91,138802.5479,2.6379
-11.3,059003.000613,1,4,138822.38,138823.6967,1.3167
-11.3,059003.000614,1,3,138822.4,138827.2993,4.8993
-11.3,059003.000615,1,0,138827.78,138827.78,0.0
-11.3,059003.000616,1,2,138833.55,138834.7623,1.2123
-11.3,059003.000617,1,2,138849.86,138850.2856,0.4256
-11.3,059003.000618,1,3,138874.91,138875.2745,0.3645
-11.3,059003.000619,1,4,138883.81,138886.8813,3.0713
-11.3,059003.000620,1,0,138888.98,138888.98,0.0
-11.3,059003.000621,1,0,138895.87,138895.87,0.0
-11.3,059003.000622,1,3,141328.85,141330.3617,1.5117
-9.7,059003.000001,0,4,0.0,0.0,0.0
-9.7,059003.000031,0,1,1398.34,1399.3664,1.0264
-9.7,059003.000032,0,4,2893.14,2893.4276,0.2876
-9.7,059003.000033,0,3,4453.76,4445.0476,-8.7124
-9.7,059003.000034,0,4,9370.66,9369.8521,-0.8079
-9.7,059003.000035,0,7,10032.92,10030.4279,-2.4921
-9.7,059003.000036,0,2,10138.18,10137.76,-0.42
-9.7,059003.000037,0,4,10859.06,10858.1599,-0.9001
-9.7,059003.000038,0,7,10950.24,10949.187,-1.053
-9.7,059003.000039,0,3,11761.69,11766.0526,4.3626
-9.7,059003.000040,0,4,12494.63,12493.6663,-0.9637
-9.7,059003.000043,0,5,13887.6,13887.8906,0.2906
-9.7,059003.000044,0,2,14187.35,14187.845,0.495
-9.7,059003.000048,0,5,15443.48,15440.8785,-2.6015
-9.7,059003.000051,0,3,15705.13,15702.8059,-2.3241
-9.7,059003.000052,0,2,16089.14,16089.2576,0.1176
-9.7,059003.000055,0,4,16763.98,16768.3679,4.3879
-9.7,059003.000056,0,3,17095.63,17097.1959,1.5659
-9.7,059003.000058,0,2,17409.58,17408.7542,-0.8258
-9.7,059003.000061,0,3,17642.06,17640.4694,-1.5906
-9.7,059003.000065,0,5,18693.65,18690.7829,-2.8671
-9.7,059003.000068,0,4,19046.09,19049.4645,3.3745
-9.7,059003.000077,0,4,20856.86,20860.5568,3.6968
-9.7,059003.000090,0,4,23091.7,23090.8704,-0.8296
-9.7,059003.000092,0,3,23245.99,23249.2401,3.2501
-9.7,059003.000094,0,3,23465.43,23471.5435,6.1135
-9.7,059003.000103,0,4,24357.98,24359.0893,1.1093
-9.7,059003.000107,0,2,24886.51,24874.1457,-12.3643
-9.7,059003.000109,0,1,25244.61,25242.1158,-2.4942
-9.7,059003.000110,0,3,25391.75,25389.2248,-2.5252
-9.7,059003.000116,0,0,26447.88,26447.88,0.0
-9.7,059003.000117,0,2,26921.49,26925.9143,4.4243
-9.7,059003.000118,0,4,26979.66,26977.6196,-2.0404
-9.7,059003.000122,0,4,27597.13,27595.7959,-1.3341
-9.7,059003.000124,0,3,28101.77,28105.2745,3.5045
-9.7,059003.000430,0,7,30602.83,30607.2668,4.4368
-9.7,059003.000136,0,2,31787.93,31784.591,-3.339
-9.7,059003.000169,0,4,39225.6,39225.3222,-0.2778
-9.7,059003.000174,0,4,39940.72,39940.1416,-0.5784
-9.7,059003.000193,0,2,53092.8,53088.4035,-4.3965
-9.7,059003.000194,0,5,58158.08,58156.4103,-1.6697
-9.7,059003.000195,0,8,58174.15,58174.2292,0.0792
-9.7,059003.000196,0,5,60166.2,60166.8747,0.6747
-9.7,059003.000197,0,4,60419.73,60420.6191,0.8891
-9.7,059003.000198,0,3,60520.32,60520.8082,0.4882
-9.7,059003.000199,0,4,61357.04,61355.9759,-1.0641
-9.7,059003.000200,0,6,61605.66,61604.6215,-1.0385
-9.7,059003.000201,0,6,61717.98,61717.1917,-0.7883
-9.7,059003.000202,0,2,62062.63,62061.9373,-0.6927
-9.7,059003.000203,0,10,62240.83,62241.4187,0.5887
-9.7,059003.000204,0,6,62535.62,62537.0269,1.4069
-9.7,059003.000205,0,6,62558.67,62559.3241,0.6541
-9.7,059003.000206,0,6,62678.7,62679.1737,0.4737
-9.7,059003.000207,0,3,63221.28,63222.2685,0.9885
-9.7,059003.000208,0,10,63232.14,63233.3849,1.2449
-9.7,059003.000209,0,4,63576.27,63573.0493,-3.2207
-9.7,059003.000210,0,4,63593.35,63594.7186,1.3686
-9.7,059003.000211,0,4,63768.66,63769.0385,0.3785
-9.7,059003.000212,0,4,63816.91,63816.7147,-0.1953
-9.7,059003.000213,0,6,64150.94,64148.6338,-2.3062
-9.7,059003.000214,0,5,64215.45,64213.5521,-1.8979
-9.7,059003.000215,0,4,64235.61,64237.241,1.631
-9.7,059003.000216,0,9,64401.03,64398.9588,-2.0712
-9.7,059003.000217,0,4,64817.53,64817.312,-0.218
-9.7,059003.000218,0,13,64857.15,64856.4425,-0.7075
-9.7,059003.000219,0,10,64865.15,64865.6822,0.5322
-9.7,059003.000220,0,8,64979.55,64980.5525,1.0025
-9.7,059003.000431,1,2,65073.26,65072.9832,-0.2768
-9.7,059003.000221,0,6,65295.9,65297.9738,2.0738
-9.7,059003.000432,1,3,65765.17,65766.0162,0.8462
-9.7,059003.000222,0,3,65909.44,65908.5438,-0.8962
-9.7,059003.000223,0,5,65922.42,65922.2507,-0.1693
-9.7,059003.000224,0,4,65935.25,65935.5368,0.2868
-9.7,059003.000225,0,5,65967.15,65960.8872,-6.2628
-9.7,059003.000226,0,5,66148.4,66142.2462,-6.1538
-9.7,059003.000227,0,4,66301.35,66298.7115,-2.6385
-9.7,059003.000228,0,3,66324.84,66324.7242,-0.1158
-9.7,059003.000229,0,6,66681.14,66679.5479,-1.5921
-9.7,059003.000230,0,6,66735.88,66733.9801,-1.8999
-9.7,059003.000231,0,7,66852.87,66853.7312,0.8612
-9.7,059003.000232,0,5,66867.09,66867.4137,0.3237
-9.7,059003.000233,0,6,66943.04,66940.934,-2.106
-9.7,059003.000234,0,5,67049.18,67050.0197,0.8397
-9.7,059003.000235,0,7,67240.35,67237.1876,-3.1624
-9.7,059003.000236,0,4,67395.32,67395.6876,0.3676
-9.7,059003.000237,0,8,67398.79,67398.1218,-0.6682
-9.7,059003.000238,0,2,67679.21,67677.385,-1.825
-9.7,059003.000239,0,8,67870.76,67872.6731,1.9131
-9.7,059003.000240,0,3,67965.47,67966.1805,0.7105
-9.7,059003.000241,0,4,68238.12,68237.9968,-0.1232
-9.7,059003.000242,0,2,68305.1,68305.8492,0.7492
-9.7,059003.000433,1,5,68331.68,68330.5892,-1.0908
-9.7,059003.000243,0,6,68331.75,68331.2816,-0.4684
-9.7,059003.000244,0,4,68374.54,68374.322,-0.218
-9.7,059003.000245,0,7,68492.43,68495.1293,2.6993
-9.7,059003.000246,0,5,68525.62,68525.5904,-0.0296
-9.7,059003.000247,0,7,68544.19,68542.1232,-2.0668
-9.7,059003.000434,1,2,68556.35,68557.9105,1.5605
-9.7,059003.000435,1,5,68676.55,68675.5733,-0.9767
-9.7,059003.000248,0,7,68801.67,68800.8303,-0.8397
-9.7,059003.000249,0,11,68978.55,68977.3278,-1.2222
-9.7,059003.000250,0,5,68987.07,68987.6701,0.6001
-9.7,059003.000251,0,5,69138.28,69138.531,0.251
-9.7,059003.000252,0,9,69408.51,69408.5966,0.0866
-9.7,059003.000253,0,4,69431.0,69429.6126,-1.3874
-9.7,059003.000254,0,4,69681.6,69682.0077,0.4077
-9.7,059003.000255,0,2,69686.26,69685.1818,-1.0782
-9.7,059003.000256,0,4,69978.08,69975.9941,-2.0859
-9.7,059003.000257,0,3,70381.48,70379.2836,-2.1964
-9.7,059003.000258,0,2,71021.1,71021.0649,-0.0351
-9.7,059003.000259,0,3,71385.6,71386.9801,1.3801
-9.7,059003.000260,0,4,71501.0,71499.4677,-1.5323
-9.7,059003.000261,0,4,71536.38,71539.1238,2.7438
-9.7,059003.000262,0,6,71592.34,71591.9037,-0.4363
-9.7,059003.000263,0,5,71736.45,71725.7604,-10.6896
-9.7,059003.000264,0,4,71978.52,71978.0896,-0.4304
-9.7,059003.000265,0,4,71994.81,71991.2071,-3.6029
-9.7,059003.000266,0,5,73029.9,73028.5032,-1.3968
-9.7,059003.000267,0,6,73378.42,73376.5417,-1.8783
-9.7,059003.000268,0,2,73606.17,73604.9445,-1.2255
-9.7,059003.000269,0,4,73609.1,73609.5337,0.4337
-9.7,059003.000270,0,3,74105.2,74104.1233,-1.0767
-9.7,059003.000436,1,3,74619.63,74618.3561,-1.2739
-9.7,059003.000271,0,2,74463.7,74462.2129,-1.4871
-9.7,059003.000437,1,4,74696.2,74698.5107,2.3107
-9.7,059003.000272,0,4,75294.0,75295.6278,1.6278
-9.7,059003.000273,0,3,75409.58,75407.6321,-1.9479
-9.7,059003.000274,0,5,75560.75,75556.8687,-3.8813
-9.7,059003.000275,0,3,75614.81,75615.7911,0.9811
-9.7,059003.000276,0,5,75640.0,75645.7033,5.7033
-9.7,059003.000277,0,4,75762.23,75761.2405,-0.9895
-9.7,059003.000438,1,2,75982.8,75982.8451,0.0451
-9.7,059003.000439,1,4,76130.52,76132.1579,1.6379
-9.7,059003.000440,1,2,76411.04,76412.3551,1.3151
-9.7,059003.000441,1,3,76534.72,76535.0597,0.3397
-9.7,059003.000278,0,0,76892.4,76892.3876,-0.0124
-9.7,059003.000442,1,2,76894.56,76895.4818,0.9218
-9.7,059003.000279,0,3,77822.0,77819.7547,-2.2453
-9.7,059003.000280,0,5,78312.91,78314.839,1.929
-9.7,059003.000281,0,4,78463.6,78462.9592,-0.6408
-9.7,059003.000282,0,4,78694.57,78697.5983,3.0283
-9.7,059003.000283,0,2,78889.14,78887.9749,-1.1651
-9.7,059003.000284,0,3,79136.23,79136.4217,0.1917
-9.7,059003.000285,0,4,79366.65,79369.9433,3.2933
-9.7,059003.000443,1,1,79377.15,79375.8375,-1.3125
-9.7,059003.000444,1,2,79378.38,79379.345,0.965
-9.7,059003.000286,0,2,79395.55,79396.2653,0.7153
-9.7,059003.000287,0,2,79742.36,79744.2381,1.8781
-9.7,059003.000288,0,3,80164.04,80165.9328,1.8928
-9.7,059003.000289,0,2,80360.82,80361.5516,0.7316
-9.7,059003.000290,0,2,80897.85,80899.8575,2.0075
-9.7,059003.000291,0,3,80988.76,80988.3598,-0.4002
-9.7,059003.000292,0,2,81404.52,81401.3875,-3.1325
-9.7,059003.000445,1,2,82082.7,82082.1269,-0.5731
-9.7,059003.000293,0,3,82492.4,82496.355,3.955
-9.7,059003.000294,0,3,83025.91,83028.2569,2.3469
-9.7,059003.000295,0,2,83426.55,83429.3184,2.7684
-9.7,059003.000296,0,5,83607.32,83608.8274,1.5074
-9.7,059003.000297,0,2,83703.43,83701.534,-1.896
-9.7,059003.000446,1,2,84150.65,84147.9269,-2.7231
-9.7,059003.000447,1,3,84270.44,84274.1356,3.6956
-9.7,059003.000298,0,2,84409.93,84407.139,-2.791
-9.7,059003.000299,0,1,84410.63,84412.37,1.74
-9.7,059003.000300,0,3,84430.98,84432.3369,1.3569
-9.7,059003.000448,1,5,84690.2,84691.8846,1.6846
-9.7,059003.000449,1,3,84804.11,84803.8516,-0.2584
-9.7,059003.000301,0,3,84992.04,84995.2059,3.1659
-9.7,059003.000302,0,3,85306.1,85305.1271,-0.9729
-9.7,059003.000450,1,3,85981.65,85978.4534,-3.1966
-9.7,059003.000451,1,3,86390.45,86391.5827,1.1327
-9.7,059003.000452,1,4,86455.75,86453.7848,-1.9652
-9.7,059003.000453,1,3,86938.55,86937.669,-0.881
-9.7,059003.000303,0,3,87511.6,87513.6525,2.0525
-9.7,059003.000454,1,2,87726.9,87727.6104,0.7104
-9.7,059003.000304,0,3,88210.1,88214.0812,3.9812
-9.7,059003.000305,0,3,88948.6,88948.8688,0.2688
-9.7,059003.000455,1,3,89969.42,89970.6602,1.2402
-9.7,059003.000306,0,5,90119.8,90117.1259,-2.6741
-9.7,059003.000307,0,2,90629.2,90629.0898,-0.1102
-9.7,059003.000308,0,2,92441.7,92442.0935,0.3935
-9.7,059003.000309,0,4,92554.8,92557.3283,2.5283
-9.7,059003.000310,0,2,93296.5,93297.3109,0.8109
-9.7,059003.000311,0,5,93967.4,93968.2788,0.8788
-9.7,059003.000312,0,3,95147.9,95152.8224,4.9224
-9.7,059003.000313,0,3,96830.5,96829.2735,-1.2265
-9.7,059003.000456,1,3,99681.9,99680.8344,-1.0656
-9.7,059003.000457,1,2,99938.5,99937.3155,-1.1845
-9.7,059003.000349,0,2,110295.2,110297.6564,2.4564
-9.7,059003.000350,0,2,110333.55,110334.0548,0.5048
-9.7,059003.000351,0,2,110530.96,110530.8664,-0.0936
-9.7,059003.000352,0,4,110880.92,110880.9995,0.0795
-9.7,059003.000353,0,6,110922.18,110925.6939,3.5139
-9.7,059003.000354,0,4,111109.95,111109.436,-0.514
-9.7,059003.000355,0,2,111268.6,111267.6513,-0.9487
-9.7,059003.000356,0,4,111334.87,111333.1615,-1.7085
-9.7,059003.000357,0,5,111342.43,111343.0078,0.5778
-9.7,059003.000358,0,5,111494.56,111494.7446,0.1846
-9.7,059003.000458,1,2,111518.34,111527.8132,9.4732
-9.7,059003.000459,1,1,111728.91,111727.6813,-1.2287
-9.7,059003.000460,1,6,111772.91,111770.436,-2.474
-9.7,059003.000461,1,1,111779.59,111779.5056,-0.0844
-9.7,059003.000462,1,5,111902.78,111902.0577,-0.7223
-9.7,059003.000359,0,4,111992.97,111995.1377,2.1677
-9.7,059003.000360,0,4,112643.09,112642.2566,-0.8334
-9.7,059003.000361,0,3,112769.67,112773.067,3.397
-9.7,059003.000463,1,7,112837.43,112842.6163,5.1863
-9.7,059003.000362,0,6,112896.3,112902.2462,5.9462
-9.7,059003.000363,0,2,113023.5,113019.1617,-4.3383
-9.7,059003.000464,1,5,113064.69,113056.3585,-8.3315
-9.7,059003.000364,0,4,113158.53,113160.7721,2.2421
-9.7,059003.000465,1,5,113211.64,113211.1485,-0.4915
-9.7,059003.000466,1,2,113225.66,113229.5828,3.9228
-9.7,059003.000365,0,8,113291.67,113292.1022,0.4322
-9.7,059003.000366,0,5,113556.8,113557.6491,0.8491
-9.7,059003.000367,0,7,113600.13,113599.1397,-0.9903
-9.7,059003.000368,0,6,113630.9,113630.5455,-0.3545
-9.7,059003.000369,0,4,113664.57,113669.6619,5.0919
-9.7,059003.000370,0,5,113780.27,113780.1562,-0.1138
-9.7,059003.000371,0,3,113825.5,113824.4879,-1.0121
-9.7,059003.000372,0,3,113833.9,113829.6203,-4.2797
-9.7,059003.000467,1,4,113854.85,113859.5842,4.7342
-9.7,059003.000468,1,6,113894.44,113900.7961,6.3561
-9.7,059003.000373,0,1,113914.16,113914.442,0.282
-9.7,059003.000374,0,3,114725.6,114730.227,4.627
-9.7,059003.000375,0,9,114797.12,114801.4393,4.3193
-9.7,059003.000376,0,1,114970.95,114970.9864,0.0364
-9.7,059003.000469,1,2,115094.1,115095.8722,1.7722
-9.7,059003.000470,1,7,115176.16,115176.0098,-0.1502
-9.7,059003.000471,1,8,115218.75,115219.9992,1.2492
-9.7,059003.000377,0,3,115324.47,115324.0814,-0.3886
-9.7,059003.000378,0,3,115403.34,115402.5183,-0.8217
-9.7,059003.000379,0,7,115408.39,115410.3977,2.0077
-9.7,059003.000380,0,7,115420.8,115422.152,1.352
-9.7,059003.000472,1,8,115489.74,115489.456,-0.284
-9.7,059003.000381,0,5,115499.67,115502.1165,2.4465
-9.7,059003.000382,0,3,115670.0,115671.2398,1.2398
-9.7,059003.000383,0,2,115672.26,115673.1793,0.9193
-9.7,059003.000473,1,1,115712.03,115711.4638,-0.5662
-9.7,059003.000384,0,3,115800.17,115797.4612,-2.7088
-9.7,059003.000474,1,2,115881.55,115882.9627,1.4127
-9.7,059003.000385,0,3,115933.14,115938.0914,4.9514
-9.7,059003.000475,1,5,115990.73,115990.278,-0.452
-9.7,059003.000386,0,4,116021.78,116019.7524,-2.0276
-9.7,059003.000476,1,2,116078.6,116078.0589,-0.5411
-9.7,059003.000387,0,3,116238.71,116237.0149,-1.6951
-9.7,059003.000388,0,7,116309.14,116310.1159,0.9759
-9.7,059003.000389,0,6,116453.2,116452.0693,-1.1307
-9.7,059003.000390,0,4,116489.75,116485.2533,-4.4967
-9.7,059003.000391,0,4,116727.1,116725.656,-1.444
-9.7,059003.000477,1,2,116777.55,116775.1297,-2.4203
-9.7,059003.000392,0,6,117044.6,117046.2641,1.6641
-9.7,059003.000393,0,3,117248.2,117245.7933,-2.4067
-9.7,059003.000394,0,1,117323.1,117317.4729,-5.6271
-9.7,059003.000478,1,1,117359.3,117361.1867,1.8867
-9.7,059003.000479,1,7,117376.01,117371.849,-4.161
-9.7,059003.000480,1,4,117385.1,117384.4658,-0.6342
-9.7,059003.000481,1,3,117397.8,117397.1965,-0.6035
-9.7,059003.000482,1,3,117507.88,117510.9853,3.1053
-9.7,059003.000395,0,2,117540.5,117541.6771,1.1771
-9.7,059003.000396,0,2,117574.5,117575.5334,1.0334
-9.7,059003.000483,1,5,117592.2,117592.5993,0.3993
-9.7,059003.000397,0,2,117647.2,117646.0524,-1.1476
-9.7,059003.000398,0,5,117686.4,117688.4721,2.0721
-9.7,059003.000399,0,1,117775.3,117775.4543,0.1543
-9.7,059003.000400,0,6,118063.0,118064.4002,1.4002
-9.7,059003.000484,1,4,118069.2,118066.5864,-2.6136
-9.7,059003.000401,0,4,118081.1,118080.7126,-0.3874
-9.7,059003.000402,0,4,118201.4,118200.9555,-0.4445
-9.7,059003.000485,1,4,118224.13,118224.1408,0.0108
-9.7,059003.000403,0,2,118271.6,118273.4267,1.8267
-9.7,059003.000404,0,5,118318.6,118318.8141,0.2141
-9.7,059003.000405,0,3,118468.8,118469.2708,0.4708
-9.7,059003.000486,1,2,118588.65,118582.0716,-6.5784
-9.7,059003.000406,0,3,118610.9,118612.9904,2.0904
-9.7,059003.000487,1,3,118860.77,118861.1954,0.4254
-9.7,059003.000407,0,6,118879.3,118879.8125,0.5125
-9.7,059003.000488,1,5,118885.4,118887.8833,2.4833
-9.7,059003.000489,1,3,118987.0,118988.2081,1.2081
-9.7,059003.000490,1,1,119019.05,119018.6047,-0.4453
-9.7,059003.000491,1,4,119077.25,119077.7982,0.5482
-9.7,059003.000408,0,1,120498.7,120497.9365,-0.7635
-9.7,059003.000492,1,4,120715.55,120716.8069,1.2569
-9.7,059003.000409,0,8,121095.2,121085.839,-9.361
-9.7,059003.000410,0,1,121119.2,121117.4871,-1.7129
-9.7,059003.000411,0,2,121382.6,121382.7215,0.1215
-9.7,059003.000493,1,4,121411.77,121409.6965,-2.0735
-9.7,059003.000412,0,2,121431.2,121429.3653,-1.8347
-9.7,059003.000413,0,4,121532.5,121527.4888,-5.0112
-9.7,059003.000494,1,2,121580.9,121581.893,0.993
-9.7,059003.000495,1,1,121582.6,121581.2634,-1.3366
-9.7,059003.000496,1,5,122141.46,122141.5574,0.0974
-9.7,059003.000414,0,1,128214.2,128213.935,-0.265
-9.7,059003.000415,0,0,128352.8,128352.8,0.0
-9.7,059003.000416,0,0,128381.6,128381.6,0.0
-9.7,059003.000417,0,0,128453.2,128453.2,0.0
-9.7,059003.000497,1,2,128479.6,128480.5828,0.9828
-9.7,059003.000418,0,1,128568.6,128568.6166,0.0166
-9.7,059003.000498,1,0,128800.05,128800.05,0.0
-9.7,059003.000499,1,1,128912.95,128914.0351,1.0851
-9.7,059003.000500,1,1,132415.6,132418.1835,2.5835
-9.7,059003.000501,1,3,132651.7,132651.433,-0.267
-9.7,059003.000502,1,3,132783.0,132789.9715,6.9715
-9.7,059003.000503,1,3,132958.22,132959.8973,1.6773
-9.7,059003.000504,1,2,133037.3,133035.7263,-1.5737
-9.7,059003.000505,1,1,133150.95,133151.5484,0.5984
-9.7,059003.000422,0,1,133194.3,133191.6552,-2.6448
-9.7,059003.000423,0,0,133242.3,133242.3,0.0
-9.7,059003.000506,1,2,133306.9,133309.5541,2.6541
-9.7,059003.000424,0,1,133352.2,133354.2765,2.0765
-9.7,059003.000507,1,3,133370.49,133368.8798,-1.6102
-9.7,059003.000425,0,1,133373.0,133373.8371,0.8371
-9.7,059003.000508,1,3,133511.58,133510.9444,-0.6356
-9.7,059003.000509,1,1,133566.52,133567.5719,1.0519
-9.7,059003.000510,1,3,133594.97,133595.9325,0.9625
-9.7,059003.000511,1,1,133650.5,133649.5603,-0.9397
-9.7,059003.000512,1,0,134001.32,134001.32,0.0
-9.7,059003.000513,1,0,134007.65,134007.65,0.0
-9.7,059003.000514,1,4,134069.5,134066.8376,-2.6624
-9.7,059003.000515,1,0,134163.18,134163.18,0.0
-9.7,059003.000516,1,0,134163.33,134163.33,0.0
-9.7,059003.000517,1,2,134220.3,134222.3815,2.0815
-9.7,059003.000518,1,1,134375.6,134378.7462,3.1462
-9.7,059003.000519,1,0,134868.82,134868.82,0.0
-9.7,059003.000520,1,3,134932.15,134932.8412,0.6912
-9.7,059003.000521,1,0,135896.6,135896.6,0.0
-9.7,059003.000522,1,0,135927.0,135924.9172,-2.0828
-9.7,059003.000523,1,0,136034.02,136034.02,0.0
-9.7,059003.000524,1,1,136111.0,136114.6944,3.6944
-9.7,059003.000525,1,1,136326.7,136328.0414,1.3414
-9.7,059003.000526,1,1,136435.34,136434.7631,-0.5769
-9.7,059003.000527,1,0,136485.6,136485.6,0.0
-9.7,059003.000528,1,1,136606.4,136607.0168,0.6168
-9.7,059003.000529,1,1,136643.4,136645.8202,2.4202
-9.7,059003.000530,1,0,137960.61,137960.61,0.0
-9.7,059003.000531,1,2,138034.95,138029.2058,-5.7442
-9.7,059003.000532,1,0,138077.8,138077.8,0.0
-9.7,059003.000533,1,0,138342.75,138342.75,0.0
-9.7,059003.000534,1,1,138410.5,138410.7919,0.2919
-9.7,059003.000535,1,1,138445.3,138443.6097,-1.6903
-9.7,059003.000536,1,1,138839.85,138841.0199,1.1699
-9.7,059003.000537,1,3,138900.4,138888.4869,-11.9131
-9.7,059003.000538,1,3,139081.4,139083.0569,1.6569
-9.7,059003.000041,0,6,12846.66,12846.038,-0.622
-9.7,059003.000042,0,3,13352.1,13353.0782,0.9782
-9.7,059003.000045,0,5,14558.82,14558.8852,0.0652
-9.7,059003.000046,0,5,14859.96,14860.1549,0.1949
-9.7,059003.000047,0,4,15045.8,15043.2456,-2.5544
-9.7,059003.000049,0,2,15454.16,15452.8651,-1.2949
-9.7,059003.000050,0,8,15525.5,15525.3178,-0.1822
-9.7,059003.000053,0,7,16135.97,16143.4745,7.5045
-9.7,059003.000054,0,11,16516.15,16516.471,0.321
-9.7,059003.000057,0,6,17113.19,17113.4738,0.2838
-9.7,059003.000059,0,5,17534.76,17532.3787,-2.3813
-9.7,059003.000060,0,7,17627.0,17627.0392,0.0392
-9.7,059003.000062,0,7,18063.36,18063.1844,-0.1756
-9.7,059003.000063,0,8,18211.76,18209.8673,-1.8927
-9.7,059003.000064,0,8,18241.54,18242.3743,0.8343
-9.7,059003.000066,0,5,18921.24,18920.0803,-1.1597
-9.7,059003.000067,0,6,18990.08,18990.3519,0.2719
-9.7,059003.000069,0,8,19308.93,19310.1569,1.2269
-9.7,059003.000070,0,11,19360.1,19361.2231,1.1231
-9.7,059003.000071,0,3,19649.67,19650.2181,0.5481
-9.7,059003.000072,0,15,19700.9,19701.6319,0.7319
-9.7,059003.000073,0,7,19872.43,19874.0768,1.6468
-9.7,059003.000539,1,4,20096.73,20097.3758,0.6458
-9.7,059003.000074,0,5,20160.36,20160.6248,0.2648
-9.7,059003.000075,0,9,20315.65,20315.8431,0.1931
-9.7,059003.000076,0,9,20848.39,20848.6146,0.2246
-9.7,059003.000078,0,4,21148.43,21146.326,-2.104
-9.7,059003.000079,0,4,21238.78,21236.7785,-2.0015
-9.7,059003.000080,0,11,21294.89,21296.2491,1.3591
-9.7,059003.000081,0,6,21418.84,21419.7216,0.8816
-9.7,059003.000082,0,6,21535.17,21535.0275,-0.1425
-9.7,059003.000540,1,2,21598.58,21596.951,-1.629
-9.7,059003.000083,0,10,21611.19,21609.6337,-1.5563
-9.7,059003.000084,0,7,21755.84,21752.8494,-2.9906
-9.7,059003.000085,0,9,22080.94,22079.3998,-1.5402
-9.7,059003.000086,0,4,22277.66,22276.7626,-0.8974
-9.7,059003.000087,0,5,22527.7,22526.7258,-0.9742
-9.7,059003.000088,0,9,22747.69,22748.1126,0.4226
-9.7,059003.000089,0,6,23050.61,23051.6977,1.0877
-9.7,059003.000091,0,8,23175.09,23176.2484,1.1584
-9.7,059003.000093,0,8,23442.25,23442.3481,0.0981
-9.7,059003.000095,0,10,23532.86,23533.6106,0.7506
-9.7,059003.000096,0,9,23647.77,23646.3479,-1.4221
-9.7,059003.000097,0,10,23651.88,23651.5096,-0.3704
-9.7,059003.000098,0,15,23751.57,23750.9702,-0.5998
-9.7,059003.000099,0,11,23844.58,23845.0273,0.4473
-9.7,059003.000100,0,5,23955.37,23952.985,-2.385
-9.7,059003.000101,0,10,24250.62,24249.3352,-1.2848
-9.7,059003.000102,0,6,24309.2,24308.2533,-0.9467
-9.7,059003.000104,0,10,24461.24,24460.787,-0.453
-9.7,059003.000105,0,15,24470.9,24472.2739,1.3739
-9.7,059003.000106,0,11,24788.02,24789.4282,1.4082
-9.7,059003.000108,0,9,25033.91,25034.4734,0.5634
-9.7,059003.000111,0,10,25409.74,25409.4034,-0.3366
-9.7,059003.000112,0,6,25934.98,25934.4259,-0.5541
-9.7,059003.000113,0,6,25979.34,25976.182,-3.158
-9.7,059003.000114,0,7,26095.23,26095.7853,0.5553
-9.7,059003.000115,0,11,26446.97,26444.5307,-2.4393
-9.7,059003.000119,0,6,27138.55,27137.2994,-1.2506
-9.7,059003.000120,0,10,27380.31,27380.1958,-0.1142
-9.7,059003.000121,0,8,27452.45,27453.1751,0.7251
-9.7,059003.000123,0,10,27604.26,27603.509,-0.751
-9.7,059003.000125,0,5,28399.43,28400.5543,1.1243
-9.7,059003.000126,0,14,28720.71,28718.7326,-1.9774
-9.7,059003.000127,0,4,28885.14,28886.3579,1.2179
-9.7,059003.000128,0,7,28936.46,28937.0251,0.5651
-9.7,059003.000129,0,6,29263.08,29261.9858,-1.0942
-9.7,059003.000130,0,5,29267.86,29268.7801,0.9201
-9.7,059003.000131,0,11,29835.09,29835.7983,0.7083
-9.7,059003.000132,0,8,30505.72,30504.7564,-0.9636
-9.7,059003.000133,0,5,30733.53,30730.9087,-2.6213
-9.7,059003.000134,0,7,30994.55,30992.5031,-2.0469
-9.7,059003.000135,0,9,31254.71,31249.3928,-5.3172
-9.7,059003.000137,0,2,31803.7,31796.5494,-7.1506
-9.7,059003.000138,0,3,32288.92,32289.9035,0.9835
-9.7,059003.000139,0,3,32760.11,32758.936,-1.174
-9.7,059003.000140,0,4,33338.37,33340.501,2.131
-9.7,059003.000141,0,4,33466.41,33465.0916,-1.3184
-9.7,059003.000142,0,6,33659.99,33658.6166,-1.3734
-9.7,059003.000143,0,2,34198.61,34202.9616,4.3516
-9.7,059003.000144,0,8,34520.27,34520.2008,-0.0692
-9.7,059003.000145,0,7,34825.49,34825.4515,-0.0385
-9.7,059003.000146,0,7,35024.49,35026.3508,1.8608
-9.7,059003.000147,0,4,35137.82,35134.6834,-3.1366
-9.7,059003.000148,0,6,35291.0,35288.7988,-2.2012
-9.7,059003.000149,0,3,35384.17,35384.4674,0.2974
-9.7,059003.000150,0,7,35801.12,35801.1155,-0.0045
-9.7,059003.000151,0,10,35828.46,35828.7082,0.2482
-9.7,059003.000152,0,7,35863.74,35862.5078,-1.2322
-9.7,059003.000153,0,10,36640.38,36641.9464,1.5664
-9.7,059003.000154,0,11,36642.13,36642.0451,-0.0849
-9.7,059003.000155,0,7,36652.29,36653.1797,0.8897
-9.7,059003.000156,0,7,36670.57,36668.401,-2.169
-9.7,059003.000157,0,3,36683.21,36679.5504,-3.6596
-9.7,059003.000158,0,8,37011.92,37013.315,1.395
-9.7,059003.000159,0,3,37197.64,37198.8642,1.2242
-9.7,059003.000160,0,4,37919.58,37917.3569,-2.2231
-9.7,059003.000161,0,11,38448.38,38447.7903,-0.5897
-9.7,059003.000162,0,4,38549.9,38552.4237,2.5237
-9.7,059003.000163,0,5,38694.51,38698.2703,3.7603
-9.7,059003.000164,0,6,38701.59,38702.3288,0.7388
-9.7,059003.000165,0,8,38726.5,38726.8179,0.3179
-9.7,059003.000166,0,11,38785.76,38783.3263,-2.4337
-9.7,059003.000167,0,8,39024.27,39025.3474,1.0774
-9.7,059003.000168,0,3,39120.4,39125.7247,5.3247
-9.7,059003.000170,0,5,39485.48,39485.4499,-0.0301
-9.7,059003.000171,0,9,39725.99,39723.1483,-2.8417
-9.7,059003.000172,0,11,39732.99,39732.6453,-0.3447
-9.7,059003.000173,0,9,39870.17,39874.9183,4.7483
-9.7,059003.000175,0,5,40098.66,40100.7152,2.0552
-9.7,059003.000176,0,4,40205.74,40206.6724,0.9324
-9.7,059003.000177,0,4,41023.98,41024.8677,0.8877
-9.7,059003.000178,0,3,41026.87,41027.5673,0.6973
-9.7,059003.000179,0,8,44679.98,44679.4948,-0.4852
-9.7,059003.000180,0,9,44903.42,44903.0751,-0.3449
-9.7,059003.000181,0,9,45805.95,45806.1257,0.1757
-9.7,059003.000182,0,4,45807.1,45809.1911,2.0911
-9.7,059003.000183,0,2,45844.65,45840.6903,-3.9597
-9.7,059003.000184,0,9,46783.64,46786.7547,3.1147
-9.7,059003.000185,0,8,48401.64,48400.5418,-1.0982
-9.7,059003.000186,0,7,48745.48,48745.8263,0.3463
-9.7,059003.000187,0,5,50227.79,50231.226,3.436
-9.7,059003.000188,0,4,50647.35,50649.7499,2.3999
-9.7,059003.000189,0,5,50658.72,50661.0913,2.3713
-9.7,059003.000190,0,3,50869.3,50868.2645,-1.0355
-9.7,059003.000191,0,3,51312.8,51312.1241,-0.6759
-9.7,059003.000192,0,6,52026.9,52031.5115,4.6115
-9.7,059003.000541,1,4,100214.99,100214.0218,-0.9682
-9.7,059003.000314,0,3,100321.12,100322.9883,1.8683
-9.7,059003.000315,0,1,100430.29,100422.0193,-8.2707
-9.7,059003.000316,0,3,100625.04,100624.3891,-0.6509
-9.7,059003.000317,0,3,100788.95,100787.3516,-1.5984
-9.7,059003.000318,0,2,100947.18,100948.5367,1.3567
-9.7,059003.000319,0,3,101071.43,101069.7519,-1.6781
-9.7,059003.000320,0,4,101165.33,101172.1625,6.8325
-9.7,059003.000321,0,4,101446.27,101445.752,-0.518
-9.7,059003.000322,0,5,101665.58,101658.2726,-7.3074
-9.7,059003.000323,0,3,101680.38,101684.4048,4.0248
-9.7,059003.000542,1,3,101778.0,101777.7071,-0.2929
-9.7,059003.000324,0,3,102435.67,102440.0467,4.3767
-9.7,059003.000325,0,3,102484.66,102483.5596,-1.1004
-9.7,059003.000326,0,6,102617.24,102615.0884,-2.1516
-9.7,059003.000327,0,3,102830.43,102830.125,-0.305
-9.7,059003.000328,0,3,102981.94,102983.4052,1.4652
-9.7,059003.000329,0,3,103308.53,103311.4103,2.8803
-9.7,059003.000330,0,5,103335.06,103335.2449,0.1849
-9.7,059003.000331,0,4,103344.35,103342.7699,-1.5801
-9.7,059003.000332,0,4,103484.19,103495.1432,10.9532
-9.7,059003.000333,0,3,103805.38,103805.4612,0.0812
-9.7,059003.000334,0,3,103895.83,103898.876,3.046
-9.7,059003.000543,1,3,103973.35,103972.912,-0.438
-9.7,059003.000335,0,3,104598.99,104595.3508,-3.6392
-9.7,059003.000336,0,1,104788.68,104789.1469,0.4669
-9.7,059003.000337,0,4,104904.55,104903.8033,-0.7467
-9.7,059003.000338,0,4,105019.06,105024.0472,4.9872
-9.7,059003.000339,0,3,105049.72,105048.83,-0.89
-9.7,059003.000544,1,2,105191.13,105191.321,0.191
-9.7,059003.000545,1,3,105338.51,105340.6,2.09
-9.7,059003.000340,0,3,105450.18,105451.4042,1.2242
-9.7,059003.000546,1,3,105485.3,105482.4189,-2.8811
-9.7,059003.000547,1,4,105534.64,105535.846,1.206
-9.7,059003.000341,0,3,105566.62,105567.1959,0.5759
-9.7,059003.000342,0,4,105632.16,105628.5408,-3.6192
-9.7,059003.000548,1,3,106153.75,106152.3105,-1.4395
-9.7,059003.000549,1,1,106224.22,106226.0792,1.8592
-9.7,059003.000550,1,3,106306.51,106308.8194,2.3094
-9.7,059003.000551,1,3,106384.65,106385.2283,0.5783
-9.7,059003.000552,1,3,106394.09,106393.5476,-0.5424
-9.7,059003.000553,1,3,106468.42,106468.7401,0.3201
-9.7,059003.000343,0,3,106665.07,106664.7382,-0.3318
-9.7,059003.000344,0,3,106745.65,106745.2314,-0.4186
-9.7,059003.000345,0,1,107081.94,107083.3708,1.4308
-9.7,059003.000554,1,3,107177.8,107178.8441,1.0441
-9.7,059003.000555,1,3,107223.2,107222.3966,-0.8034
-9.7,059003.000556,1,1,107262.71,107260.8791,-1.8309
-9.7,059003.000346,0,6,107299.07,107298.935,-0.135
-9.7,059003.000557,1,3,107403.91,107403.3461,-0.5639
-9.7,059003.000558,1,3,107697.07,107696.5998,-0.4702
-9.7,059003.000347,0,5,107854.46,107854.8055,0.3455
-9.7,059003.000559,1,1,107978.56,107978.4307,-0.1293
-9.7,059003.000348,0,4,108559.4,108559.3724,-0.0276
-9.7,059003.000560,1,4,108574.0,108576.5726,2.5726
-9.7,059003.000561,1,3,111039.75,111031.6945,-8.0555
-9.7,059003.000562,1,2,111193.29,111189.1286,-4.1614
-9.7,059003.000563,1,3,113854.23,113852.3721,-1.8579
-9.7,059003.000564,1,3,115439.45,115438.8081,-0.6419
-9.7,059003.000565,1,3,119225.52,119230.8254,5.3054
-9.7,059003.000566,1,3,121143.3,121144.0247,0.7247
-9.7,059003.000567,1,0,122932.6,122932.6,0.0
-9.7,059003.000568,1,0,124594.4,124594.4,-0.0
-9.7,059003.000569,1,0,125145.1,125145.1,0.0
-9.7,059003.000570,1,2,126743.3,126744.3458,1.0458
-9.7,059003.000571,1,3,129009.15,129016.6912,7.5412
-9.7,059003.000419,0,3,129106.1,129112.4088,6.3088
-9.7,059003.000572,1,4,129454.45,129461.0666,6.6166
-9.7,059003.000573,1,1,129744.09,129748.0496,3.9596
-9.7,059003.000574,1,3,129934.5,129935.7958,1.2958
-9.7,059003.000575,1,2,130218.64,130217.5117,-1.1283
-9.7,059003.000420,0,5,131200.3,131205.3959,5.0959
-9.7,059003.000421,0,1,131226.3,131225.5772,-0.7228
-9.7,059003.000576,1,2,131788.15,131787.9854,-0.1646
-9.7,059003.000577,1,2,131980.0,131978.7349,-1.2651
-9.7,059003.000426,0,2,133393.2,133390.9362,-2.2638
-9.7,059003.000427,0,1,133503.9,133501.7142,-2.1858
-9.7,059003.000578,1,3,134394.16,134396.996,2.836
-9.7,059003.000579,1,2,134402.02,134402.5878,0.5678
-9.7,059003.000580,1,2,134402.83,134404.6829,1.8529
-9.7,059003.000581,1,2,134405.44,134408.167,2.727
-9.7,059003.000582,1,2,134425.98,134426.3484,0.3684
-9.7,059003.000583,1,1,134428.63,134429.0376,0.4076
-9.7,059003.000584,1,2,134433.41,134433.5563,0.1463
-9.7,059003.000585,1,1,134454.31,134454.3174,0.0074
-9.7,059003.000586,1,3,134454.76,134455.7146,0.9546
-9.7,059003.000587,1,3,134480.15,134479.7851,-0.3649
-9.7,059003.000588,1,2,134480.72,134478.7966,-1.9234
-9.7,059003.000589,1,2,134488.7,134488.3205,-0.3795
-9.7,059003.000590,1,3,134492.68,134489.9507,-2.7293
-9.7,059003.000591,1,1,134496.12,134495.3805,-0.7395
-9.7,059003.000428,0,5,135445.2,135444.8337,-0.3663
-9.7,059003.000429,0,4,135868.8,135866.1546,-2.6454
-9.7,059003.000592,1,3,136554.97,136558.1338,3.1638
-9.7,059003.000593,1,2,136555.45,136559.3764,3.9264
-9.7,059003.000594,1,5,136557.98,136565.6616,7.6816
-9.7,059003.000595,1,2,136559.59,136565.5774,5.9874
-9.7,059003.000596,1,4,136570.81,136571.1404,0.3304
-9.7,059003.000597,1,3,136572.21,136579.3682,7.1582
-9.7,059003.000598,1,2,136589.34,136590.2204,0.8804
-9.7,059003.000599,1,2,136589.44,136588.6831,-0.7569
-9.7,059003.000600,1,2,136596.37,136596.7992,0.4292
-9.7,059003.000601,1,2,136596.63,136597.9784,1.3484
-9.7,059003.000602,1,2,136620.17,136620.1092,-0.0608
-9.7,059003.000603,1,3,136641.8,136644.3826,2.5826
-9.7,059003.000604,1,1,136641.9,136640.4807,-1.4193
-9.7,059003.000605,1,1,136649.4,136645.0106,-4.3894
-9.7,059003.000606,1,1,136650.9,136649.8214,-1.0786
-9.7,059003.000607,1,2,138783.5,138784.2961,0.7961
-9.7,059003.000608,1,3,138787.95,138789.2366,1.2866
-9.7,059003.000609,1,2,138794.58,138795.6375,1.0575
-9.7,059003.000610,1,2,138796.56,138795.6749,-0.8851
-9.7,059003.000611,1,2,138799.39,138802.8071,3.4171
-9.7,059003.000612,1,3,138799.91,138802.5831,2.6731
-9.7,059003.000613,1,5,138822.38,138824.7081,2.3281
-9.7,059003.000614,1,3,138822.4,138823.5475,1.1475
-9.7,059003.000615,1,1,138827.78,138828.2445,0.4645
-9.7,059003.000616,1,1,138833.55,138838.043,4.493
-9.7,059003.000617,1,1,138849.86,138851.8576,1.9976
-9.7,059003.000618,1,2,138874.91,138875.3902,0.4802
-9.7,059003.000619,1,4,138883.81,138883.7615,-0.0485
-9.7,059003.000620,1,1,138888.98,138888.98,0.0
-9.7,059003.000621,1,1,138895.87,138895.1407,-0.7293
-9.7,059003.000622,1,2,141328.85,141328.4906,-0.3594
-8.3,059003.000001,0,4,0.0,0.0,0.0
-8.3,059003.000031,0,3,1398.34,1399.7384,1.3984
-8.3,059003.000032,0,4,2893.14,2893.4765,0.3365
-8.3,059003.000033,0,3,4453.76,4454.8905,1.1305
-8.3,059003.000034,0,4,9370.66,9370.261,-0.399
-8.3,059003.000035,0,4,10032.92,10031.431,-1.489
-8.3,059003.000036,0,2,10138.18,10136.8909,-1.2891
-8.3,059003.000037,0,4,10859.06,10859.9755,0.9155
-8.3,059003.000038,0,7,10950.24,10948.3373,-1.9027
-8.3,059003.000039,0,2,11761.69,11762.8973,1.2073
-8.3,059003.000040,0,6,12494.63,12497.8564,3.2264
-8.3,059003.000043,0,5,13887.6,13887.1441,-0.4559
-8.3,059003.000044,0,1,14187.35,14186.961,-0.389
-8.3,059003.000048,0,3,15443.48,15436.5839,-6.8961
-8.3,059003.000051,0,2,15705.13,15707.7607,2.6307
-8.3,059003.000052,0,3,16089.14,16093.4219,4.2819
-8.3,059003.000055,0,3,16763.98,16757.4774,-6.5026
-8.3,059003.000056,0,7,17095.63,17101.4583,5.8283
-8.3,059003.000058,0,3,17409.58,17410.7213,1.1413
-8.3,059003.000061,0,3,17642.06,17644.6385,2.5785
-8.3,059003.000065,0,3,18693.65,18694.8957,1.2457
-8.3,059003.000068,0,2,19046.09,19045.8281,-0.2619
-8.3,059003.000077,0,2,20856.86,20854.0185,-2.8415
-8.3,059003.000090,0,5,23091.7,23093.3029,1.6029
-8.3,059003.000092,0,5,23245.99,23244.5555,-1.4345
-8.3,059003.000094,0,3,23465.43,23463.7057,-1.7243
-8.3,059003.000103,0,4,24357.98,24359.3107,1.3307
-8.3,059003.000107,0,2,24886.51,24886.9384,0.4284
-8.3,059003.000109,0,1,25244.61,25244.1985,-0.4115
-8.3,059003.000110,0,2,25391.75,25391.4411,-0.3089
-8.3,059003.000116,0,0,26447.88,26447.88,0.0
-8.3,059003.000117,0,3,26921.49,26921.4449,-0.0451
-8.3,059003.000118,0,3,26979.66,26977.98,-1.68
-8.3,059003.000122,0,4,27597.13,27598.8979,1.7679
-8.3,059003.000124,0,4,28101.77,28102.9698,1.1998
-8.3,059003.000430,0,4,30602.83,30602.9868,0.1568
-8.3,059003.000136,0,4,31787.93,31791.5794,3.6494
-8.3,059003.000169,0,13,39225.6,39221.7516,-3.8484
-8.3,059003.000174,0,2,39940.72,39941.7791,1.0591
-8.3,059003.000193,0,3,53092.8,53087.9602,-4.8398
-8.3,059003.000194,0,6,58158.08,58157.1082,-0.9718
-8.3,059003.000195,0,7,58174.15,58175.1774,1.0274
-8.3,059003.000196,0,3,60166.2,60166.5433,0.3433
-8.3,059003.000197,0,4,60419.73,60418.0678,-1.6622
-8.3,059003.000198,0,4,60520.32,60519.3523,-0.9677
-8.3,059003.000199,0,8,61357.04,61354.6795,-2.3605
-8.3,059003.000200,0,7,61605.66,61605.2752,-0.3848
-8.3,059003.000201,0,4,61717.98,61718.3946,0.4146
-8.3,059003.000202,0,5,62062.63,62061.788,-0.842
-8.3,059003.000203,0,4,62240.83,62240.8685,0.0385
-8.3,059003.000204,0,6,62535.62,62538.44,2.82
-8.3,059003.000205,0,5,62558.67,62559.5566,0.8866
-8.3,059003.000206,0,5,62678.7,62676.8093,-1.8907
-8.3,059003.000207,0,5,63221.28,63222.0698,0.7898
-8.3,059003.000208,0,6,63232.14,63230.7427,-1.3973
-8.3,059003.000209,0,6,63576.27,63574.5408,-1.7292
-8.3,059003.000210,0,8,63593.35,63591.2164,-2.1336
-8.3,059003.000211,0,5,63768.66,63769.3575,0.6975
-8.3,059003.000212,0,6,63816.91,63816.8149,-0.0951
-8.3,059003.000213,0,5,64150.94,64153.6041,2.6641
-8.3,059003.000214,0,3,64215.45,64213.5026,-1.9474
-8.3,059003.000215,0,8,64235.61,64235.1352,-0.4748
-8.3,059003.000216,0,3,64401.03,64400.1385,-0.8915
-8.3,059003.000217,0,3,64817.53,64818.6872,1.1572
-8.3,059003.000218,0,6,64857.15,64856.5357,-0.6143
-8.3,059003.000219,0,6,64865.15,64863.7754,-1.3746
-8.3,059003.000220,0,4,64979.55,64979.9634,0.4134
-8.3,059003.000431,1,3,65073.26,65071.2656,-1.9944
-8.3,059003.000221,0,5,65295.9,65295.3108,-0.5892
-8.3,059003.000432,1,3,65765.17,65766.7669,1.5969
-8.3,059003.000222,0,3,65909.44,65907.0883,-2.3517
-8.3,059003.000223,0,5,65922.42,65920.8556,-1.5644
-8.3,059003.000224,0,5,65935.25,65936.0205,0.7705
-8.3,059003.000225,0,5,65967.15,65968.0275,0.8775
-8.3,059003.000226,0,5,66148.4,66150.1794,1.7794
-8.3,059003.000227,0,4,66301.35,66305.3748,4.0248
-8.3,059003.000228,0,3,66324.84,66325.129,0.289
-8.3,059003.000229,0,6,66681.14,66684.592,3.452
-8.3,059003.000230,0,4,66735.88,66733.769,-2.111
-8.3,059003.000231,0,3,66852.87,66856.1284,3.2584
-8.3,059003.000232,0,3,66867.09,66869.4495,2.3595
-8.3,059003.000233,0,3,66943.04,66943.1264,0.0864
-8.3,059003.000234,0,4,67049.18,67050.9444,1.7644
-8.3,059003.000235,0,6,67240.35,67240.9665,0.6165
-8.3,059003.000236,0,3,67395.32,67396.3594,1.0394
-8.3,059003.000237,0,11,67398.79,67398.3789,-0.4111
-8.3,059003.000238,0,4,67679.21,67678.08,-1.13
-8.3,059003.000239,0,10,67870.76,67874.0803,3.3203
-8.3,059003.000240,0,4,67965.47,67969.6827,4.2127
-8.3,059003.000241,0,2,68238.12,68237.5545,-0.5655
-8.3,059003.000242,0,3,68305.1,68304.8804,-0.2196
-8.3,059003.000433,1,5,68331.68,68331.2941,-0.3859
-8.3,059003.000243,0,4,68331.75,68333.6548,1.9048
-8.3,059003.000244,0,6,68374.54,68373.2197,-1.3203
-8.3,059003.000245,0,6,68492.43,68489.2615,-3.1685
-8.3,059003.000246,0,4,68525.62,68524.8984,-0.7216
-8.3,059003.000247,0,5,68544.19,68545.6362,1.4462
-8.3,059003.000434,1,2,68556.35,68558.4791,2.1291
-8.3,059003.000435,1,5,68676.55,68678.5855,2.0355
-8.3,059003.000248,0,2,68801.67,68801.0388,-0.6312
-8.3,059003.000249,0,7,68978.55,68978.647,0.097
-8.3,059003.000250,0,8,68987.07,68981.317,-5.753
-8.3,059003.000251,0,10,69138.28,69136.4373,-1.8427
-8.3,059003.000252,0,6,69408.51,69413.4889,4.9789
-8.3,059003.000253,0,3,69431.0,69432.9289,1.9289
-8.3,059003.000254,0,1,69681.6,69681.2281,-0.3719
-8.3,059003.000255,0,3,69686.26,69686.3166,0.0566
-8.3,059003.000256,0,7,69978.08,69980.5397,2.4597
-8.3,059003.000257,0,5,70381.48,70379.4158,-2.0642
-8.3,059003.000258,0,2,71021.1,71020.7718,-0.3282
-8.3,059003.000259,0,2,71385.6,71384.3982,-1.2018
-8.3,059003.000260,0,2,71501.0,71497.2533,-3.7467
-8.3,059003.000261,0,3,71536.38,71535.6648,-0.7152
-8.3,059003.000262,0,4,71592.34,71592.1826,-0.1574
-8.3,059003.000263,0,3,71736.45,71736.8202,0.3702
-8.3,059003.000264,0,4,71978.52,71979.7608,1.2408
-8.3,059003.000265,0,3,71994.81,71994.0122,-0.7978
-8.3,059003.000266,0,4,73029.9,73029.3927,-0.5073
-8.3,059003.000267,0,3,73378.42,73378.4664,0.0464
-8.3,059003.000268,0,3,73606.17,73603.1478,-3.0222
-8.3,059003.000269,0,5,73609.1,73611.0409,1.9409
-8.3,059003.000270,0,3,74105.2,74105.3011,0.1011
-8.3,059003.000436,1,5,74619.63,74619.4569,-0.1731
-8.3,059003.000271,0,3,74463.7,74465.5036,1.8036
-8.3,059003.000437,1,5,74696.2,74700.5983,4.3983
-8.3,059003.000272,0,3,75294.0,75294.0823,0.0823
-8.3,059003.000273,0,3,75409.58,75407.8921,-1.6879
-8.3,059003.000274,0,5,75560.75,75558.8678,-1.8822
-8.3,059003.000275,0,4,75614.81,75612.5792,-2.2308
-8.3,059003.000276,0,4,75640.0,75639.8636,-0.1364
-8.3,059003.000277,0,5,75762.23,75761.3205,-0.9095
-8.3,059003.000438,1,3,75982.8,75980.1946,-2.6054
-8.3,059003.000439,1,5,76130.52,76126.8448,-3.6752
-8.3,059003.000440,1,3,76411.04,76410.1276,-0.9124
-8.3,059003.000441,1,2,76534.72,76533.6589,-1.0611
-8.3,059003.000278,0,3,76892.4,76890.3565,-2.0435
-8.3,059003.000442,1,2,76894.56,76899.0332,4.4732
-8.3,059003.000279,0,4,77822.0,77824.3927,2.3927
-8.3,059003.000280,0,3,78312.91,78306.4555,-6.4545
-8.3,059003.000281,0,3,78463.6,78463.1396,-0.4604
-8.3,059003.000282,0,3,78694.57,78692.3557,-2.2143
-8.3,059003.000283,0,3,78889.14,78887.4185,-1.7215
-8.3,059003.000284,0,3,79136.23,79136.4241,0.1941
-8.3,059003.000285,0,1,79366.65,79367.7377,1.0877
-8.3,059003.000443,1,2,79377.15,79380.6191,3.4691
-8.3,059003.000444,1,2,79378.38,79379.9447,1.5647
-8.3,059003.000286,0,3,79395.55,79392.528,-3.022
-8.3,059003.000287,0,2,79742.36,79740.5163,-1.8437
-8.3,059003.000288,0,3,80164.04,80162.9596,-1.0804
-8.3,059003.000289,0,3,80360.82,80364.8603,4.0403
-8.3,059003.000290,0,3,80897.85,80900.2824,2.4324
-8.3,059003.000291,0,4,80988.76,80991.9337,3.1737
-8.3,059003.000292,0,4,81404.52,81397.5043,-7.0157
-8.3,059003.000445,1,3,82082.7,82082.1766,-0.5234
-8.3,059003.000293,0,3,82492.4,82495.791,3.391
-8.3,059003.000294,0,2,83025.91,83027.4888,1.5788
-8.3,059003.000295,0,2,83426.55,83428.8341,2.2841
-8.3,059003.000296,0,2,83607.32,83607.5745,0.2545
-8.3,059003.000297,0,2,83703.43,83702.848,-0.582
-8.3,059003.000446,1,3,84150.65,84147.3373,-3.3127
-8.3,059003.000447,1,1,84270.44,84273.4775,3.0375
-8.3,059003.000298,0,2,84409.93,84409.1693,-0.7607
-8.3,059003.000299,0,3,84410.63,84409.3422,-1.2878
-8.3,059003.000300,0,1,84430.98,84431.5679,0.5879
-8.3,059003.000448,1,3,84690.2,84689.6417,-0.5583
-8.3,059003.000449,1,3,84804.11,84801.8883,-2.2217
-8.3,059003.000301,0,2,84992.04,84996.3965,4.3565
-8.3,059003.000302,0,4,85306.1,85302.6029,-3.4971
-8.3,059003.000450,1,3,85981.65,85983.612,1.962
-8.3,059003.000451,1,2,86390.45,86384.1028,-6.3472
-8.3,059003.000452,1,3,86455.75,86456.2717,0.5217
-8.3,059003.000453,1,1,86938.55,86937.9165,-0.6335
-8.3,059003.000303,0,2,87511.6,87507.3075,-4.2925
-8.3,059003.000454,1,2,87726.9,87728.5606,1.6606
-8.3,059003.000304,0,3,88210.1,88211.8956,1.7956
-8.3,059003.000305,0,4,88948.6,88947.7789,-0.8211
-8.3,059003.000455,1,3,89969.42,89969.4186,-0.0014
-8.3,059003.000306,0,3,90119.8,90120.3382,0.5382
-8.3,059003.000307,0,3,90629.2,90630.2487,1.0487
-8.3,059003.000308,0,3,92441.7,92441.868,0.168
-8.3,059003.000309,0,4,92554.8,92550.4023,-4.3977
-8.3,059003.000310,0,2,93296.5,93285.5347,-10.9653
-8.3,059003.000311,0,4,93967.4,93969.1226,1.7226
-8.3,059003.000312,0,4,95147.9,95150.2213,2.3213
-8.3,059003.000313,0,2,96830.5,96832.2178,1.7178
-8.3,059003.000456,1,2,99681.9,99682.7066,0.8066
-8.3,059003.000457,1,2,99938.5,99938.7921,0.2921
-8.3,059003.000349,0,4,110295.2,110299.7229,4.5229
-8.3,059003.000350,0,3,110333.55,110335.0567,1.5067
-8.3,059003.000351,0,3,110530.96,110531.2662,0.3062
-8.3,059003.000352,0,5,110880.92,110881.1908,0.2708
-8.3,059003.000353,0,5,110922.18,110922.7915,0.6115
-8.3,059003.000354,0,2,111109.95,111109.7873,-0.1627
-8.3,059003.000355,0,2,111268.6,111269.1579,0.5579
-8.3,059003.000356,0,2,111334.87,111333.8655,-1.0045
-8.3,059003.000357,0,4,111342.43,111344.0187,1.5887
-8.3,059003.000358,0,3,111494.56,111495.0741,0.5141
-8.3,059003.000458,1,3,111518.34,111520.4179,2.0779
-8.3,059003.000459,1,3,111728.91,111727.7542,-1.1558
-8.3,059003.000460,1,3,111772.91,111773.7427,0.8327
-8.3,059003.000461,1,2,111779.59,111782.6644,3.0744
-8.3,059003.000462,1,3,111902.78,111905.2588,2.4788
-8.3,059003.000359,0,6,111992.97,111993.2702,0.3002
-8.3,059003.000360,0,2,112643.09,112644.4727,1.3827
-8.3,059003.000361,0,5,112769.67,112769.8573,0.1873
-8.3,059003.000463,1,4,112837.43,112834.0953,-3.3347
-8.3,059003.000362,0,3,112896.3,112899.041,2.741
-8.3,059003.000363,0,1,113023.5,113024.437,0.937
-8.3,059003.000464,1,4,113064.69,113064.8106,0.1206
-8.3,059003.000364,0,5,113158.53,113159.0359,0.5059
-8.3,059003.000465,1,3,113211.64,113213.2421,1.6021
-8.3,059003.000466,1,3,113225.66,113219.6973,-5.9627
-8.3,059003.000365,0,5,113291.67,113298.7722,7.1022
-8.3,059003.000366,0,4,113556.8,113556.8041,0.0041
-8.3,059003.000367,0,5,113600.13,113604.4395,4.3095
-8.3,059003.000368,0,6,113630.9,113629.5223,-1.3777
-8.3,059003.000369,0,6,113664.57,113661.7872,-2.7828
-8.3,059003.000370,0,7,113780.27,113783.5476,3.2776
-8.3,059003.000371,0,4,113825.5,113827.1351,1.6351
-8.3,059003.000372,0,4,113833.9,113836.388,2.488
-8.3,059003.000467,1,2,113854.85,113853.4658,-1.3842
-8.3,059003.000468,1,2,113894.44,113894.9469,0.5069
-8.3,059003.000373,0,4,113914.16,113913.4201,-0.7399
-8.3,059003.000374,0,0,114725.6,114725.6,0.0
-8.3,059003.000375,0,2,114797.12,114799.0782,1.9582
-8.3,059003.000376,0,0,114970.95,114970.95,0.0
-8.3,059003.000469,1,3,115094.1,115092.7518,-1.3482
-8.3,059003.000470,1,2,115176.16,115174.4761,-1.6839
-8.3,059003.000471,1,4,115218.75,115215.7396,-3.0104
-8.3,059003.000377,0,4,115324.47,115323.7869,-0.6831
-8.3,059003.000378,0,4,115403.34,115407.9846,4.6446
-8.3,059003.000379,0,4,115408.39,115407.953,-0.437
-8.3,059003.000380,0,6,115420.8,115418.5606,-2.2394
-8.3,059003.000472,1,3,115489.74,115488.4925,-1.2475
-8.3,059003.000381,0,5,115499.67,115501.914,2.244
-8.3,059003.000382,0,3,115670.0,115667.5197,-2.4803
-8.3,059003.000383,0,6,115672.26,115675.1618,2.9018
-8.3,059003.000473,1,1,115712.03,115711.4574,-0.5726
-8.3,059003.000384,0,5,115800.17,115798.5781,-1.5919
-8.3,059003.000474,1,2,115881.55,115885.6767,4.1267
-8.3,059003.000385,0,9,115933.14,115935.3868,2.2468
-8.3,059003.000475,1,4,115990.73,115994.5157,3.7857
-8.3,059003.000386,0,5,116021.78,116019.5113,-2.2687
-8.3,059003.000476,1,4,116078.6,116079.9166,1.3166
-8.3,059003.000387,0,2,116238.71,116242.3257,3.6157
-8.3,059003.000388,0,5,116309.14,116301.9304,-7.2096
-8.3,059003.000389,0,3,116453.2,116449.7889,-3.4111
-8.3,059003.000390,0,0,116489.75,116489.75,0.0
-8.3,059003.000391,0,4,116727.1,116725.7553,-1.3447
-8.3,059003.000477,1,3,116777.55,116775.8142,-1.7358
-8.3,059003.000392,0,3,117044.6,117042.6759,-1.9241
-8.3,059003.000393,0,1,117248.2,117251.0238,2.8238
-8.3,059003.000394,0,5,117323.1,117324.4338,1.3338
-8.3,059003.000478,1,1,117359.3,117361.1803,1.8803
-8.3,059003.000479,1,4,117376.01,117376.477,0.467
-8.3,059003.000480,1,7,117385.1,117378.7627,-6.3373
-8.3,059003.000481,1,2,117397.8,117398.7614,0.9614
-8.3,059003.000482,1,5,117507.88,117516.5517,8.6717
-8.3,059003.000395,0,2,117540.5,117540.1839,-0.3161
-8.3,059003.000396,0,3,117574.5,117573.843,-0.657
-8.3,059003.000483,1,7,117592.2,117588.53,-3.67
-8.3,059003.000397,0,3,117647.2,117648.1037,0.9037
-8.3,059003.000398,0,7,117686.4,117687.9218,1.5218
-8.3,059003.000399,0,1,117775.3,117776.4735,1.1735
-8.3,059003.000400,0,6,118063.0,118066.0618,3.0618
-8.3,059003.000484,1,5,118069.2,118071.451,2.251
-8.3,059003.000401,0,2,118081.1,118079.6295,-1.4705
-8.3,059003.000402,0,1,118201.4,118200.6792,-0.7208
-8.3,059003.000485,1,4,118224.13,118223.9578,-0.1722
-8.3,059003.000403,0,6,118271.6,118271.6068,0.0068
-8.3,059003.000404,0,6,118318.6,118318.534,-0.066
-8.3,059003.000405,0,4,118468.8,118470.2125,1.4125
-8.3,059003.000486,1,2,118588.65,118584.2835,-4.3665
-8.3,059003.000406,0,3,118610.9,118612.1994,1.2994
-8.3,059003.000487,1,4,118860.77,118860.1368,-0.6332
-8.3,059003.000407,0,7,118879.3,118875.5833,-3.7167
-8.3,059003.000488,1,4,118885.4,118885.7592,0.3592
-8.3,059003.000489,1,2,118987.0,118985.5933,-1.4067
-8.3,059003.000490,1,1,119019.05,119017.6994,-1.3506
-8.3,059003.000491,1,3,119077.25,119077.694,0.444
-8.3,059003.000408,0,4,120498.7,120497.9584,-0.7416
-8.3,059003.000492,1,5,120715.55,120716.4066,0.8566
-8.3,059003.000409,0,3,121095.2,121093.5708,-1.6292
-8.3,059003.000410,0,1,121119.2,121122.7375,3.5375
-8.3,059003.000411,0,3,121382.6,121380.5019,-2.0981
-8.3,059003.000493,1,4,121411.77,121411.6201,-0.1499
-8.3,059003.000412,0,5,121431.2,121426.4794,-4.7206
-8.3,059003.000413,0,2,121532.5,121536.2621,3.7621
-8.3,059003.000494,1,5,121580.9,121578.8327,-2.0673
-8.3,059003.000495,1,1,121582.6,121583.2552,0.6552
-8.3,059003.000496,1,4,122141.46,122143.1666,1.7066
-8.3,059003.000414,0,0,128214.2,128215.5268,1.3268
-8.3,059003.000415,0,4,128352.8,128349.6923,-3.1077
-8.3,059003.000416,0,0,128381.6,128381.6,0.0
-8.3,059003.000417,0,2,128453.2,128455.4929,2.2929
-8.3,059003.000497,1,2,128479.6,128479.4645,-0.1355
-8.3,059003.000418,0,2,128568.6,128569.9079,1.3079
-8.3,059003.000498,1,1,128800.05,128797.1295,-2.9205
-8.3,059003.000499,1,0,128912.95,128914.1981,1.2481
-8.3,059003.000500,1,1,132415.6,132416.2997,0.6997
-8.3,059003.000501,1,1,132651.7,132652.5559,0.8559
-8.3,059003.000502,1,2,132783.0,132785.4292,2.4292
-8.3,059003.000503,1,3,132958.22,132956.4703,-1.7497
-8.3,059003.000504,1,1,133037.3,133035.1549,-2.1451
-8.3,059003.000505,1,4,133150.95,133148.3908,-2.5592
-8.3,059003.000422,0,1,133194.3,133196.2213,1.9213
-8.3,059003.000423,0,0,133242.3,133242.3,0.0
-8.3,059003.000506,1,4,133306.9,133299.4564,-7.4436
-8.3,059003.000424,0,1,133352.2,133352.3575,0.1575
-8.3,059003.000507,1,5,133370.49,133372.7662,2.2762
-8.3,059003.000425,0,1,133373.0,133372.9613,-0.0387
-8.3,059003.000508,1,4,133511.58,133514.3971,2.8171
-8.3,059003.000509,1,2,133566.52,133564.5372,-1.9828
-8.3,059003.000510,1,2,133594.97,133597.089,2.119
-8.3,059003.000511,1,1,133650.5,133651.6505,1.1505
-8.3,059003.000512,1,3,134001.32,134004.4405,3.1205
-8.3,059003.000513,1,0,134007.65,134007.65,0.0
-8.3,059003.000514,1,4,134069.5,134069.7483,0.2483
-8.3,059003.000515,1,3,134163.18,134158.4248,-4.7552
-8.3,059003.000516,1,5,134163.33,134158.745,-4.585
-8.3,059003.000517,1,3,134220.3,134226.0647,5.7647
-8.3,059003.000518,1,0,134375.6,134375.6,0.0
-8.3,059003.000519,1,4,134868.82,134860.424,-8.396
-8.3,059003.000520,1,4,134932.15,134925.5861,-6.5639
-8.3,059003.000521,1,1,135896.6,135894.2411,-2.3589
-8.3,059003.000522,1,1,135927.0,135927.9407,0.9407
-8.3,059003.000523,1,0,136034.02,136034.02,0.0
-8.3,059003.000524,1,2,136111.0,136114.1487,3.1487
-8.3,059003.000525,1,3,136326.7,136323.7167,-2.9833
-8.3,059003.000526,1,3,136435.34,136434.082,-1.258
-8.3,059003.000527,1,0,136485.6,136485.6,0.0
-8.3,059003.000528,1,1,136606.4,136606.0526,-0.3474
-8.3,059003.000529,1,4,136643.4,136634.549,-8.851
-8.3,059003.000530,1,0,137960.61,137960.61,0.0
-8.3,059003.000531,1,1,138034.95,138035.4334,0.4834
-8.3,059003.000532,1,0,138077.8,138077.8,0.0
-8.3,059003.000533,1,0,138342.75,138342.75,0.0
-8.3,059003.000534,1,0,138410.5,138410.5,0.0
-8.3,059003.000535,1,1,138445.3,138449.6309,4.3309
-8.3,059003.000536,1,0,138839.85,138838.702,-1.148
-8.3,059003.000537,1,0,138900.4,138900.4,0.0
-8.3,059003.000538,1,0,139081.4,139081.4,0.0
-8.3,059003.000041,0,9,12846.66,12846.7293,0.0693
-8.3,059003.000042,0,9,13352.1,13358.794,6.694
-8.3,059003.000045,0,8,14558.82,14559.7572,0.9372
-8.3,059003.000046,0,8,14859.96,14861.6182,1.6582
-8.3,059003.000047,0,6,15045.8,15046.1648,0.3648
-8.3,059003.000049,0,4,15454.16,15454.5359,0.3759
-8.3,059003.000050,0,8,15525.5,15529.2149,3.7149
-8.3,059003.000053,0,6,16135.97,16137.7094,1.7394
-8.3,059003.000054,0,7,16516.15,16516.921,0.771
-8.3,059003.000057,0,2,17113.19,17112.1162,-1.0738
-8.3,059003.000059,0,4,17534.76,17535.3775,0.6175
-8.3,059003.000060,0,6,17627.0,17626.6477,-0.3523
-8.3,059003.000062,0,11,18063.36,18061.0372,-2.3228
-8.3,059003.000063,0,7,18211.76,18211.9135,0.1535
-8.3,059003.000064,0,5,18241.54,18244.1601,2.6201
-8.3,059003.000066,0,5,18921.24,18921.5294,0.2894
-8.3,059003.000067,0,6,18990.08,18990.1758,0.0958
-8.3,059003.000069,0,6,19308.93,19309.1328,0.2028
-8.3,059003.000070,0,7,19360.1,19358.6633,-1.4367
-8.3,059003.000071,0,0,19649.67,19649.67,0.0
-8.3,059003.000072,0,6,19700.9,19700.6746,-0.2254
-8.3,059003.000073,0,11,19872.43,19872.3776,-0.0524
-8.3,059003.000539,1,3,20096.73,20095.9696,-0.7604
-8.3,059003.000074,0,5,20160.36,20161.7239,1.3639
-8.3,059003.000075,0,6,20315.65,20314.5573,-1.0927
-8.3,059003.000076,0,9,20848.39,20850.4227,2.0327
-8.3,059003.000078,0,5,21148.43,21148.4769,0.0469
-8.3,059003.000079,0,9,21238.78,21238.7483,-0.0317
-8.3,059003.000080,0,6,21294.89,21296.8266,1.9366
-8.3,059003.000081,0,6,21418.84,21419.1028,0.2628
-8.3,059003.000082,0,9,21535.17,21538.2503,3.0803
-8.3,059003.000540,1,2,21598.58,21597.5008,-1.0792
-8.3,059003.000083,0,9,21611.19,21609.464,-1.726
-8.3,059003.000084,0,5,21755.84,21754.2785,-1.5615
-8.3,059003.000085,0,7,22080.94,22084.0211,3.0811
-8.3,059003.000086,0,5,22277.66,22278.5649,0.9049
-8.3,059003.000087,0,9,22527.7,22527.2267,-0.4733
-8.3,059003.000088,0,12,22747.69,22752.1363,4.4463
-8.3,059003.000089,0,6,23050.61,23048.6369,-1.9731
-8.3,059003.000091,0,4,23175.09,23176.1261,1.0361
-8.3,059003.000093,0,7,23442.25,23447.9378,5.6878
-8.3,059003.000095,0,8,23532.86,23532.9753,0.1153
-8.3,059003.000096,0,6,23647.77,23647.8271,0.0571
-8.3,059003.000097,0,6,23651.88,23653.8495,1.9695
-8.3,059003.000098,0,9,23751.57,23751.5622,-0.0078
-8.3,059003.000099,0,8,23844.58,23845.8217,1.2417
-8.3,059003.000100,0,3,23955.37,23955.4998,0.1298
-8.3,059003.000101,0,5,24250.62,24249.8727,-0.7473
-8.3,059003.000102,0,7,24309.2,24310.9051,1.7051
-8.3,059003.000104,0,5,24461.24,24461.3113,0.0713
-8.3,059003.000105,0,8,24470.9,24471.4214,0.5214
-8.3,059003.000106,0,8,24788.02,24790.0734,2.0534
-8.3,059003.000108,0,5,25033.91,25021.8781,-12.0319
-8.3,059003.000111,0,12,25409.74,25410.057,0.317
-8.3,059003.000112,0,7,25934.98,25935.6049,0.6249
-8.3,059003.000113,0,4,25979.34,25981.7209,2.3809
-8.3,059003.000114,0,11,26095.23,26101.3804,6.1504
-8.3,059003.000115,0,7,26446.97,26445.6616,-1.3084
-8.3,059003.000119,0,13,27138.55,27138.5075,-0.0425
-8.3,059003.000120,0,10,27380.31,27381.641,1.331
-8.3,059003.000121,0,5,27452.45,27449.9744,-2.4756
-8.3,059003.000123,0,11,27604.26,27600.6054,-3.6546
-8.3,059003.000125,0,3,28399.43,28402.547,3.117
-8.3,059003.000126,0,10,28720.71,28718.0649,-2.6451
-8.3,059003.000127,0,10,28885.14,28884.3479,-0.7921
-8.3,059003.000128,0,6,28936.46,28936.0964,-0.3636
-8.3,059003.000129,0,7,29263.08,29267.5557,4.4757
-8.3,059003.000130,0,9,29267.86,29274.4414,6.5814
-8.3,059003.000131,0,12,29835.09,29836.9702,1.8802
-8.3,059003.000132,0,8,30505.72,30505.7794,0.0594
-8.3,059003.000133,0,5,30733.53,30733.3043,-0.2257
-8.3,059003.000134,0,4,30994.55,30994.8799,0.3299
-8.3,059003.000135,0,8,31254.71,31258.162,3.452
-8.3,059003.000137,0,2,31803.7,31802.0638,-1.6362
-8.3,059003.000138,0,5,32288.92,32289.0737,0.1537
-8.3,059003.000139,0,5,32760.11,32760.5726,0.4626
-8.3,059003.000140,0,4,33338.37,33339.6421,1.2721
-8.3,059003.000141,0,5,33466.41,33468.453,2.043
-8.3,059003.000142,0,3,33659.99,33659.0853,-0.9047
-8.3,059003.000143,0,2,34198.61,34197.8181,-0.7919
-8.3,059003.000144,0,8,34520.27,34519.5568,-0.7132
-8.3,059003.000145,0,4,34825.49,34826.1601,0.6701
-8.3,059003.000146,0,7,35024.49,35023.7612,-0.7288
-8.3,059003.000147,0,3,35137.82,35135.3917,-2.4283
-8.3,059003.000148,0,9,35291.0,35290.1131,-0.8869
-8.3,059003.000149,0,4,35384.17,35385.3132,1.1432
-8.3,059003.000150,0,7,35801.12,35801.9029,0.7829
-8.3,059003.000151,0,10,35828.46,35827.572,-0.888
-8.3,059003.000152,0,3,35863.74,35860.2979,-3.4421
-8.3,059003.000153,0,6,36640.38,36642.1206,1.7406
-8.3,059003.000154,0,10,36642.13,36643.8242,1.6942
-8.3,059003.000155,0,10,36652.29,36649.8958,-2.3942
-8.3,059003.000156,0,11,36670.57,36670.0285,-0.5415
-8.3,059003.000157,0,3,36683.21,36679.5695,-3.6405
-8.3,059003.000158,0,10,37011.92,37013.9672,2.0472
-8.3,059003.000159,0,4,37197.64,37197.4432,-0.1968
-8.3,059003.000160,0,6,37919.58,37922.7642,3.1842
-8.3,059003.000161,0,7,38448.38,38447.8221,-0.5579
-8.3,059003.000162,0,5,38549.9,38545.9689,-3.9311
-8.3,059003.000163,0,4,38694.51,38694.4991,-0.0109
-8.3,059003.000164,0,8,38701.59,38701.4326,-0.1574
-8.3,059003.000165,0,7,38726.5,38723.5154,-2.9846
-8.3,059003.000166,0,10,38785.76,38789.8161,4.0561
-8.3,059003.000167,0,11,39024.27,39017.1282,-7.1418
-8.3,059003.000168,0,3,39120.4,39119.3041,-1.0959
-8.3,059003.000170,0,5,39485.48,39491.1985,5.7185
-8.3,059003.000171,0,12,39725.99,39728.9396,2.9496
-8.3,059003.000172,0,11,39732.99,39732.7141,-0.2759
-8.3,059003.000173,0,12,39870.17,39869.238,-0.932
-8.3,059003.000175,0,5,40098.66,40096.8502,-1.8098
-8.3,059003.000176,0,4,40205.74,40200.7058,-5.0342
-8.3,059003.000177,0,4,41023.98,41026.4723,2.4923
-8.3,059003.000178,0,2,41026.87,41027.3482,0.4782
-8.3,059003.000179,0,12,44679.98,44681.1559,1.1759
-8.3,059003.000180,0,14,44903.42,44901.5165,-1.9035
-8.3,059003.000181,0,11,45805.95,45805.8395,-0.1105
-8.3,059003.000182,0,5,45807.1,45807.9657,0.8657
-8.3,059003.000183,0,5,45844.65,45844.3307,-0.3193
-8.3,059003.000184,0,7,46783.64,46783.876,0.236
-8.3,059003.000185,0,5,48401.64,48403.2327,1.5927
-8.3,059003.000186,0,11,48745.48,48742.995,-2.485
-8.3,059003.000187,0,8,50227.79,50229.0666,1.2766
-8.3,059003.000188,0,3,50647.35,50648.8133,1.4633
-8.3,059003.000189,0,4,50658.72,50662.8496,4.1296
-8.3,059003.000190,0,4,50869.3,50867.931,-1.369
-8.3,059003.000191,0,3,51312.8,51311.1603,-1.6397
-8.3,059003.000192,0,3,52026.9,52030.7955,3.8955
-8.3,059003.000541,1,5,100214.99,100213.9184,-1.0716
-8.3,059003.000314,0,4,100321.12,100328.263,7.143
-8.3,059003.000315,0,3,100430.29,100428.0489,-2.2411
-8.3,059003.000316,0,3,100625.04,100625.0794,0.0394
-8.3,059003.000317,0,0,100788.95,100791.5263,2.5763
-8.3,059003.000318,0,2,100947.18,100950.5534,3.3734
-8.3,059003.000319,0,3,101071.43,101070.7404,-0.6896
-8.3,059003.000320,0,3,101165.33,101162.2413,-3.0887
-8.3,059003.000321,0,5,101446.27,101446.566,0.296
-8.3,059003.000322,0,3,101665.58,101665.3201,-0.2599
-8.3,059003.000323,0,4,101680.38,101680.1341,-0.2459
-8.3,059003.000542,1,4,101778.0,101776.0307,-1.9693
-8.3,059003.000324,0,3,102435.67,102432.5336,-3.1364
-8.3,059003.000325,0,4,102484.66,102483.3021,-1.3579
-8.3,059003.000326,0,3,102617.24,102614.1626,-3.0774
-8.3,059003.000327,0,4,102830.43,102827.0362,-3.3938
-8.3,059003.000328,0,3,102981.94,102983.518,1.578
-8.3,059003.000329,0,3,103308.53,103309.1654,0.6354
-8.3,059003.000330,0,3,103335.06,103332.8209,-2.2391
-8.3,059003.000331,0,2,103344.35,103345.8155,1.4655
-8.3,059003.000332,0,1,103484.19,103484.527,0.337
-8.3,059003.000333,0,4,103805.38,103801.6017,-3.7783
-8.3,059003.000334,0,3,103895.83,103893.7632,-2.0668
-8.3,059003.000543,1,2,103973.35,103967.9808,-5.3692
-8.3,059003.000335,0,4,104598.99,104598.6021,-0.3879
-8.3,059003.000336,0,2,104788.68,104785.7975,-2.8825
-8.3,059003.000337,0,3,104904.55,104904.7881,0.2381
-8.3,059003.000338,0,1,105019.06,105018.1464,-0.9136
-8.3,059003.000339,0,2,105049.72,105048.1055,-1.6145
-8.3,059003.000544,1,2,105191.13,105189.8264,-1.3036
-8.3,059003.000545,1,2,105338.51,105339.1513,0.6413
-8.3,059003.000340,0,6,105450.18,105452.1976,2.0176
-8.3,059003.000546,1,2,105485.3,105485.4125,0.1125
-8.3,059003.000547,1,3,105534.64,105537.1595,2.5195
-8.3,059003.000341,0,5,105566.62,105567.825,1.205
-8.3,059003.000342,0,6,105632.16,105634.1015,1.9415
-8.3,059003.000548,1,3,106153.75,106156.3085,2.5585
-8.3,059003.000549,1,2,106224.22,106221.5575,-2.6625
-8.3,059003.000550,1,2,106306.51,106304.1218,-2.3882
-8.3,059003.000551,1,5,106384.65,106385.9667,1.3167
-8.3,059003.000552,1,4,106394.09,106393.7172,-0.3728
-8.3,059003.000553,1,3,106468.42,106470.3337,1.9137
-8.3,059003.000343,0,4,106665.07,106664.4962,-0.5738
-8.3,059003.000344,0,3,106745.65,106740.5064,-5.1436
-8.3,059003.000345,0,2,107081.94,107082.5305,0.5905
-8.3,059003.000554,1,4,107177.8,107177.5254,-0.2746
-8.3,059003.000555,1,5,107223.2,107226.1961,2.9961
-8.3,059003.000556,1,2,107262.71,107263.3432,0.6332
-8.3,059003.000346,0,4,107299.07,107303.1162,4.0462
-8.3,059003.000557,1,3,107403.91,107404.9667,1.0567
-8.3,059003.000558,1,3,107697.07,107695.9827,-1.0873
-8.3,059003.000347,0,3,107854.46,107855.6749,1.2149
-8.3,059003.000559,1,2,107978.56,107978.6921,0.1321
-8.3,059003.000348,0,5,108559.4,108557.1709,-2.2291
-8.3,059003.000560,1,3,108574.0,108574.2617,0.2617
-8.3,059003.000561,1,2,111039.75,111036.1039,-3.6461
-8.3,059003.000562,1,0,111193.29,111197.4806,4.1906
-8.3,059003.000563,1,3,113854.23,113854.9506,0.7206
-8.3,059003.000564,1,3,115439.45,115440.1288,0.6788
-8.3,059003.000565,1,2,119225.52,119229.6181,4.0981
-8.3,059003.000566,1,3,121143.3,121141.6925,-1.6075
-8.3,059003.000567,1,4,122932.6,122931.8868,-0.7132
-8.3,059003.000568,1,1,124594.4,124595.3477,0.9477
-8.3,059003.000569,1,0,125145.1,125145.1,0.0
-8.3,059003.000570,1,3,126743.3,126739.5835,-3.7165
-8.3,059003.000571,1,2,129009.15,129003.8846,-5.2654
-8.3,059003.000419,0,3,129106.1,129106.3918,0.2918
-8.3,059003.000572,1,2,129454.45,129456.7564,2.3064
-8.3,059003.000573,1,4,129744.09,129738.4101,-5.6799
-8.3,059003.000574,1,4,129934.5,129933.8946,-0.6054
-8.3,059003.000575,1,1,130218.64,130219.5388,0.8988
-8.3,059003.000420,0,2,131200.3,131200.3454,0.0454
-8.3,059003.000421,0,4,131226.3,131227.1019,0.8019
-8.3,059003.000576,1,3,131788.15,131787.0217,-1.1283
-8.3,059003.000577,1,2,131980.0,131981.9939,1.9939
-8.3,059003.000426,0,2,133393.2,133392.1428,-1.0572
-8.3,059003.000427,0,4,133503.9,133502.4734,-1.4266
-8.3,059003.000578,1,4,134394.16,134395.1357,0.9757
-8.3,059003.000579,1,3,134402.02,134402.1384,0.1184
-8.3,059003.000580,1,4,134402.83,134404.2307,1.4007
-8.3,059003.000581,1,2,134405.44,134404.5619,-0.8781
-8.3,059003.000582,1,3,134425.98,134426.9315,0.9515
-8.3,059003.000583,1,1,134428.63,134428.518,-0.112
-8.3,059003.000584,1,1,134433.41,134432.2399,-1.1701
-8.3,059003.000585,1,1,134454.31,134456.3578,2.0478
-8.3,059003.000586,1,1,134454.76,134454.5726,-0.1874
-8.3,059003.000587,1,3,134480.15,134480.3771,0.2271
-8.3,059003.000588,1,4,134480.72,134481.2818,0.5618
-8.3,059003.000589,1,1,134488.7,134489.7317,1.0317
-8.3,059003.000590,1,1,134492.68,134492.0937,-0.5863
-8.3,059003.000591,1,0,134496.12,134496.12,0.0
-8.3,059003.000428,0,4,135445.2,135446.5661,1.3661
-8.3,059003.000429,0,2,135868.8,135865.0204,-3.7796
-8.3,059003.000592,1,3,136554.97,136556.3398,1.3698
-8.3,059003.000593,1,3,136555.45,136554.5406,-0.9094
-8.3,059003.000594,1,2,136557.98,136559.0975,1.1175
-8.3,059003.000595,1,1,136559.59,136561.8712,2.2812
-8.3,059003.000596,1,1,136570.81,136570.9202,0.1102
-8.3,059003.000597,1,1,136572.21,136571.5062,-0.7038
-8.3,059003.000598,1,2,136589.34,136590.7958,1.4558
-8.3,059003.000599,1,1,136589.44,136590.6766,1.2366
-8.3,059003.000600,1,2,136596.37,136605.0898,8.7198
-8.3,059003.000601,1,1,136596.63,136597.2416,0.6116
-8.3,059003.000602,1,2,136620.17,136620.4838,0.3138
-8.3,059003.000603,1,1,136641.8,136642.0556,0.2556
-8.3,059003.000604,1,2,136641.9,136641.0255,-0.8745
-8.3,059003.000605,1,0,136649.4,136649.4,0.0
-8.3,059003.000606,1,1,136650.9,136653.662,2.762
-8.3,059003.000607,1,3,138783.5,138785.0698,1.5698
-8.3,059003.000608,1,3,138787.95,138791.1385,3.1885
-8.3,059003.000609,1,2,138794.58,138796.069,1.489
-8.3,059003.000610,1,2,138796.56,138800.0115,3.4515
-8.3,059003.000611,1,3,138799.39,138801.539,2.149
-8.3,059003.000612,1,1,138799.91,138798.6024,-1.3076
-8.3,059003.000613,1,5,138822.38,138825.8477,3.4677
-8.3,059003.000614,1,2,138822.4,138818.0601,-4.3399
-8.3,059003.000615,1,0,138827.78,138827.78,0.0
-8.3,059003.000616,1,1,138833.55,138838.7808,5.2308
-8.3,059003.000617,1,3,138849.86,138858.0006,8.1406
-8.3,059003.000618,1,4,138874.91,138873.1956,-1.7144
-8.3,059003.000619,1,2,138883.81,138881.5713,-2.2387
-8.3,059003.000620,1,0,138888.98,138888.98,0.0
-8.3,059003.000621,1,0,138895.87,138895.87,0.0
-8.3,059003.000622,1,2,141328.85,141331.5371,2.6871
-6.9,059003.000001,0,3,0.0,0.0,0.0
-6.9,059003.000031,0,2,1398.34,1398.1584,-0.1816
-6.9,059003.000032,0,8,2893.14,2895.9254,2.7854
-6.9,059003.000033,0,2,4453.76,4451.424,-2.336
-6.9,059003.000034,0,4,9370.66,9367.4796,-3.1804
-6.9,059003.000035,0,9,10032.92,10037.8728,4.9528
-6.9,059003.000036,0,3,10138.18,10135.33,-2.85
-6.9,059003.000037,0,3,10859.06,10862.3064,3.2464
-6.9,059003.000038,0,6,10950.24,10946.8138,-3.4262
-6.9,059003.000039,0,3,11761.69,11762.037,0.347
-6.9,059003.000040,0,4,12494.63,12492.79,-1.84
-6.9,059003.000043,0,3,13887.6,13886.9473,-0.6527
-6.9,059003.000044,0,5,14187.35,14186.8247,-0.5253
-6.9,059003.000048,0,2,15443.48,15446.131,2.651
-6.9,059003.000051,0,3,15705.13,15704.7145,-0.4155
-6.9,059003.000052,0,2,16089.14,16083.9614,-5.1786
-6.9,059003.000055,0,3,16763.98,16761.6427,-2.3373
-6.9,059003.000056,0,5,17095.63,17095.1177,-0.5123
-6.9,059003.000058,0,3,17409.58,17414.8774,5.2974
-6.9,059003.000061,0,1,17642.06,17638.9816,-3.0784
-6.9,059003.000065,0,3,18693.65,18693.0786,-0.5714
-6.9,059003.000068,0,4,19046.09,19043.3058,-2.7842
-6.9,059003.000077,0,6,20856.86,20855.9712,-0.8888
-6.9,059003.000090,0,5,23091.7,23088.5025,-3.1975
-6.9,059003.000092,0,2,23245.99,23244.7426,-1.2474
-6.9,059003.000094,0,2,23465.43,23466.9771,1.5471
-6.9,059003.000103,0,4,24357.98,24360.4601,2.4801
-6.9,059003.000107,0,2,24886.51,24885.9115,-0.5985
-6.9,059003.000109,0,1,25244.61,25240.7925,-3.8175
-6.9,059003.000110,0,1,25391.75,25390.8327,-0.9173
-6.9,059003.000116,0,0,26447.88,26447.88,0.0
-6.9,059003.000117,0,3,26921.49,26922.4781,0.9881
-6.9,059003.000118,0,4,26979.66,26978.5837,-1.0763
-6.9,059003.000122,0,4,27597.13,27595.4368,-1.6932
-6.9,059003.000124,0,2,28101.77,28100.0671,-1.7029
-6.9,059003.000430,0,4,30602.83,30600.1719,-2.6581
-6.9,059003.000136,0,3,31787.93,31788.4555,0.5255
-6.9,059003.000169,0,3,39225.6,39226.5165,0.9165
-6.9,059003.000174,0,4,39940.72,39938.4439,-2.2761
-6.9,059003.000193,0,2,53092.8,53094.4802,1.6802
-6.9,059003.000194,0,4,58158.08,58156.1837,-1.8963
-6.9,059003.000195,0,4,58174.15,58173.7394,-0.4106
-6.9,059003.000196,0,4,60166.2,60165.7437,-0.4563
-6.9,059003.000197,0,6,60419.73,60419.1225,-0.6075
-6.9,059003.000198,0,7,60520.32,60522.7302,2.4102
-6.9,059003.000199,0,6,61357.04,61354.9792,-2.0608
-6.9,059003.000200,0,4,61605.66,61608.5537,2.8937
-6.9,059003.000201,0,6,61717.98,61717.0837,-0.8963
-6.9,059003.000202,0,3,62062.63,62062.0515,-0.5785
-6.9,059003.000203,0,7,62240.83,62240.7173,-0.1127
-6.9,059003.000204,0,7,62535.62,62532.6308,-2.9892
-6.9,059003.000205,0,5,62558.67,62560.5691,1.8991
-6.9,059003.000206,0,4,62678.7,62675.7859,-2.9141
-6.9,059003.000207,0,6,63221.28,63224.2679,2.9879
-6.9,059003.000208,0,5,63232.14,63233.5073,1.3673
-6.9,059003.000209,0,4,63576.27,63576.0472,-0.2228
-6.9,059003.000210,0,6,63593.35,63589.7088,-3.6412
-6.9,059003.000211,0,6,63768.66,63767.0762,-1.5838
-6.9,059003.000212,0,5,63816.91,63816.6775,-0.2325
-6.9,059003.000213,0,5,64150.94,64150.9223,-0.0177
-6.9,059003.000214,0,5,64215.45,64218.2713,2.8213
-6.9,059003.000215,0,5,64235.61,64240.7856,5.1756
-6.9,059003.000216,0,4,64401.03,64403.0167,1.9867
-6.9,059003.000217,0,5,64817.53,64817.2466,-0.2834
-6.9,059003.000218,0,7,64857.15,64857.6316,0.4816
-6.9,059003.000219,0,8,64865.15,64865.5914,0.4414
-6.9,059003.000220,0,2,64979.55,64983.6163,4.0663
-6.9,059003.000431,1,2,65073.26,65075.6057,2.3457
-6.9,059003.000221,0,8,65295.9,65295.4015,-0.4985
-6.9,059003.000432,1,4,65765.17,65768.9422,3.7722
-6.9,059003.000222,0,4,65909.44,65910.6048,1.1648
-6.9,059003.000223,0,7,65922.42,65923.2869,0.8669
-6.9,059003.000224,0,7,65935.25,65938.6251,3.3751
-6.9,059003.000225,0,4,65967.15,65965.1242,-2.0258
-6.9,059003.000226,0,5,66148.4,66145.6347,-2.7653
-6.9,059003.000227,0,3,66301.35,66303.0335,1.6835
-6.9,059003.000228,0,2,66324.84,66327.2817,2.4417
-6.9,059003.000229,0,3,66681.14,66683.7322,2.5922
-6.9,059003.000230,0,6,66735.88,66734.2917,-1.5883
-6.9,059003.000231,0,5,66852.87,66851.9705,-0.8995
-6.9,059003.000232,0,2,66867.09,66871.6183,4.5283
-6.9,059003.000233,0,2,66943.04,66941.8209,-1.2191
-6.9,059003.000234,0,7,67049.18,67048.6581,-0.5219
-6.9,059003.000235,0,5,67240.35,67238.2098,-2.1402
-6.9,059003.000236,0,3,67395.32,67394.159,-1.161
-6.9,059003.000237,0,7,67398.79,67398.645,-0.145
-6.9,059003.000238,0,3,67679.21,67679.7441,0.5341
-6.9,059003.000239,0,7,67870.76,67871.3212,0.5612
-6.9,059003.000240,0,2,67965.47,67965.7958,0.3258
-6.9,059003.000241,0,4,68238.12,68239.226,1.106
-6.9,059003.000242,0,2,68305.1,68304.8067,-0.2933
-6.9,059003.000433,1,4,68331.68,68329.0692,-2.6108
-6.9,059003.000243,0,3,68331.75,68330.762,-0.988
-6.9,059003.000244,0,6,68374.54,68375.7655,1.2255
-6.9,059003.000245,0,4,68492.43,68492.835,0.405
-6.9,059003.000246,0,8,68525.62,68521.8495,-3.7705
-6.9,059003.000247,0,5,68544.19,68542.9331,-1.2569
-6.9,059003.000434,1,4,68556.35,68558.7804,2.4304
-6.9,059003.000435,1,3,68676.55,68675.6787,-0.8713
-6.9,059003.000248,0,5,68801.67,68800.9958,-0.6742
-6.9,059003.000249,0,6,68978.55,68979.285,0.735
-6.9,059003.000250,0,6,68987.07,68986.1474,-0.9226
-6.9,059003.000251,0,4,69138.28,69137.4022,-0.8778
-6.9,059003.000252,0,4,69408.51,69410.5267,2.0167
-6.9,059003.000253,0,4,69431.0,69431.0081,0.0081
-6.9,059003.000254,0,1,69681.6,69682.1172,0.5172
-6.9,059003.000255,0,5,69686.26,69687.2853,1.0253
-6.9,059003.000256,0,6,69978.08,69978.0881,0.0081
-6.9,059003.000257,0,3,70381.48,70379.6887,-1.7913
-6.9,059003.000258,0,4,71021.1,71018.8585,-2.2415
-6.9,059003.000259,0,4,71385.6,71387.0854,1.4854
-6.9,059003.000260,0,2,71501.0,71501.321,0.321
-6.9,059003.000261,0,4,71536.38,71538.6306,2.2506
-6.9,059003.000262,0,6,71592.34,71598.8234,6.4834
-6.9,059003.000263,0,4,71736.45,71732.2729,-4.1771
-6.9,059003.000264,0,2,71978.52,71976.9969,-1.5231
-6.9,059003.000265,0,2,71994.81,71995.1776,0.3676
-6.9,059003.000266,0,3,73029.9,73027.1853,-2.7147
-6.9,059003.000267,0,2,73378.42,73381.8012,3.3812
-6.9,059003.000268,0,2,73606.17,73611.4002,5.2302
-6.9,059003.000269,0,3,73609.1,73609.5188,0.4188
-6.9,059003.000270,0,3,74105.2,74104.4965,-0.7035
-6.9,059003.000436,1,5,74619.63,74618.1892,-1.4408
-6.9,059003.000271,0,3,74463.7,74462.3072,-1.3928
-6.9,059003.000437,1,5,74696.2,74696.462,0.262
-6.9,059003.000272,0,3,75294.0,75293.3676,-0.6324
-6.9,059003.000273,0,3,75409.58,75411.2907,1.7107
-6.9,059003.000274,0,4,75560.75,75561.555,0.805
-6.9,059003.000275,0,2,75614.81,75614.2645,-0.5455
-6.9,059003.000276,0,3,75640.0,75641.7434,1.7434
-6.9,059003.000277,0,4,75762.23,75764.6872,2.4572
-6.9,059003.000438,1,4,75982.8,75981.5349,-1.2651
-6.9,059003.000439,1,4,76130.52,76127.9981,-2.5219
-6.9,059003.000440,1,4,76411.04,76403.9736,-7.0664
-6.9,059003.000441,1,2,76534.72,76533.0996,-1.6204
-6.9,059003.000278,0,2,76892.4,76893.9269,1.5269
-6.9,059003.000442,1,3,76894.56,76889.7029,-4.8571
-6.9,059003.000279,0,2,77822.0,77822.1474,0.1474
-6.9,059003.000280,0,3,78312.91,78310.3359,-2.5741
-6.9,059003.000281,0,5,78463.6,78462.8312,-0.7688
-6.9,059003.000282,0,6,78694.57,78693.4703,-1.0997
-6.9,059003.000283,0,2,78889.14,78888.238,-0.902
-6.9,059003.000284,0,3,79136.23,79135.5477,-0.6823
-6.9,059003.000285,0,4,79366.65,79368.7151,2.0651
-6.9,059003.000443,1,4,79377.15,79375.9033,-1.2467
-6.9,059003.000444,1,2,79378.38,79377.8194,-0.5606
-6.9,059003.000286,0,3,79395.55,79395.1497,-0.4003
-6.9,059003.000287,0,2,79742.36,79740.9756,-1.3844
-6.9,059003.000288,0,4,80164.04,80159.0982,-4.9418
-6.9,059003.000289,0,3,80360.82,80359.7678,-1.0522
-6.9,059003.000290,0,3,80897.85,80898.84,0.99
-6.9,059003.000291,0,3,80988.76,80987.3288,-1.4312
-6.9,059003.000292,0,4,81404.52,81402.0196,-2.5004
-6.9,059003.000445,1,2,82082.7,82082.2852,-0.4148
-6.9,059003.000293,0,2,82492.4,82490.9512,-1.4488
-6.9,059003.000294,0,3,83025.91,83027.6697,1.7597
-6.9,059003.000295,0,3,83426.55,83425.4149,-1.1351
-6.9,059003.000296,0,3,83607.32,83611.433,4.113
-6.9,059003.000297,0,2,83703.43,83702.722,-0.708
-6.9,059003.000446,1,4,84150.65,84152.6663,2.0163
-6.9,059003.000447,1,4,84270.44,84264.8828,-5.5572
-6.9,059003.000298,0,2,84409.93,84406.7783,-3.1517
-6.9,059003.000299,0,2,84410.63,84412.5128,1.8828
-6.9,059003.000300,0,3,84430.98,84435.3924,4.4124
-6.9,059003.000448,1,2,84690.2,84689.2697,-0.9303
-6.9,059003.000449,1,3,84804.11,84805.521,1.411
-6.9,059003.000301,0,3,84992.04,84986.3216,-5.7184
-6.9,059003.000302,0,3,85306.1,85303.5124,-2.5876
-6.9,059003.000450,1,4,85981.65,85982.3759,0.7259
-6.9,059003.000451,1,2,86390.45,86398.4665,8.0165
-6.9,059003.000452,1,2,86455.75,86460.7599,5.0099
-6.9,059003.000453,1,3,86938.55,86939.8105,1.2605
-6.9,059003.000303,0,2,87511.6,87511.9644,0.3644
-6.9,059003.000454,1,3,87726.9,87727.0315,0.1315
-6.9,059003.000304,0,4,88210.1,88210.3876,0.2876
-6.9,059003.000305,0,3,88948.6,88953.1986,4.5986
-6.9,059003.000455,1,3,89969.42,89972.5384,3.1184
-6.9,059003.000306,0,2,90119.8,90121.5488,1.7488
-6.9,059003.000307,0,5,90629.2,90629.1759,-0.0241
-6.9,059003.000308,0,5,92441.7,92436.2341,-5.4659
-6.9,059003.000309,0,5,92554.8,92549.7324,-5.0676
-6.9,059003.000310,0,3,93296.5,93292.1923,-4.3077
-6.9,059003.000311,0,3,93967.4,93964.8997,-2.5003
-6.9,059003.000312,0,5,95147.9,95146.9714,-0.9286
-6.9,059003.000313,0,3,96830.5,96827.3306,-3.1694
-6.9,059003.000456,1,2,99681.9,99681.7999,-0.1001
-6.9,059003.000457,1,3,99938.5,99939.1224,0.6224
-6.9,059003.000349,0,2,110295.2,110295.256,0.056
-6.9,059003.000350,0,4,110333.55,110329.1385,-4.4115
-6.9,059003.000351,0,1,110530.96,110528.7437,-2.2163
-6.9,059003.000352,0,4,110880.92,110881.0688,0.1488
-6.9,059003.000353,0,2,110922.18,110920.554,-1.626
-6.9,059003.000354,0,2,111109.95,111110.3862,0.4362
-6.9,059003.000355,0,3,111268.6,111265.7191,-2.8809
-6.9,059003.000356,0,4,111334.87,111338.7344,3.8644
-6.9,059003.000357,0,6,111342.43,111341.6288,-0.8012
-6.9,059003.000358,0,1,111494.56,111494.8967,0.3367
-6.9,059003.000458,1,4,111518.34,111517.8175,-0.5225
-6.9,059003.000459,1,3,111728.91,111731.0607,2.1507
-6.9,059003.000460,1,1,111772.91,111771.8226,-1.0874
-6.9,059003.000461,1,2,111779.59,111779.9734,0.3834
-6.9,059003.000462,1,6,111902.78,111899.882,-2.898
-6.9,059003.000359,0,8,111992.97,111995.0815,2.1115
-6.9,059003.000360,0,4,112643.09,112644.527,1.437
-6.9,059003.000361,0,6,112769.67,112769.9006,0.2306
-6.9,059003.000463,1,4,112837.43,112838.9447,1.5147
-6.9,059003.000362,0,4,112896.3,112899.4626,3.1626
-6.9,059003.000363,0,3,113023.5,113016.7018,-6.7982
-6.9,059003.000464,1,5,113064.69,113065.0547,0.3647
-6.9,059003.000364,0,4,113158.53,113156.9271,-1.6029
-6.9,059003.000465,1,7,113211.64,113206.1471,-5.4929
-6.9,059003.000466,1,2,113225.66,113225.95,0.29
-6.9,059003.000365,0,14,113291.67,113287.3567,-4.3133
-6.9,059003.000366,0,3,113556.8,113556.1634,-0.6366
-6.9,059003.000367,0,3,113600.13,113599.5826,-0.5474
-6.9,059003.000368,0,6,113630.9,113628.1456,-2.7544
-6.9,059003.000369,0,7,113664.57,113668.9995,4.4295
-6.9,059003.000370,0,3,113780.27,113780.7698,0.4998
-6.9,059003.000371,0,3,113825.5,113826.4511,0.9511
-6.9,059003.000372,0,2,113833.9,113829.453,-4.447
-6.9,059003.000467,1,9,113854.85,113860.6767,5.8267
-6.9,059003.000468,1,5,113894.44,113894.3063,-0.1337
-6.9,059003.000373,0,9,113914.16,113910.4196,-3.7404
-6.9,059003.000374,0,3,114725.6,114725.4793,-0.1207
-6.9,059003.000375,0,2,114797.12,114796.5475,-0.5725
-6.9,059003.000376,0,0,114970.95,114970.95,0.0
-6.9,059003.000469,1,3,115094.1,115093.5211,-0.5789
-6.9,059003.000470,1,3,115176.16,115175.5466,-0.6134
-6.9,059003.000471,1,3,115218.75,115218.0401,-0.7099
-6.9,059003.000377,0,6,115324.47,115327.8014,3.3314
-6.9,059003.000378,0,4,115403.34,115405.9919,2.6519
-6.9,059003.000379,0,6,115408.39,115410.7684,2.3784
-6.9,059003.000380,0,4,115420.8,115417.8888,-2.9112
-6.9,059003.000472,1,5,115489.74,115489.2748,-0.4652
-6.9,059003.000381,0,7,115499.67,115494.8338,-4.8362
-6.9,059003.000382,0,4,115670.0,115668.8303,-1.1697
-6.9,059003.000383,0,4,115672.26,115673.7125,1.4525
-6.9,059003.000473,1,2,115712.03,115713.5223,1.4923
-6.9,059003.000384,0,4,115800.17,115804.8031,4.6331
-6.9,059003.000474,1,2,115881.55,115886.693,5.143
-6.9,059003.000385,0,2,115933.14,115934.4067,1.2667
-6.9,059003.000475,1,2,115990.73,115994.8198,4.0898
-6.9,059003.000386,0,4,116021.78,116030.7354,8.9554
-6.9,059003.000476,1,7,116078.6,116080.3218,1.7218
-6.9,059003.000387,0,3,116238.71,116240.6216,1.9116
-6.9,059003.000388,0,8,116309.14,116303.7742,-5.3658
-6.9,059003.000389,0,5,116453.2,116451.7273,-1.4727
-6.9,059003.000390,0,4,116489.75,116482.938,-6.812
-6.9,059003.000391,0,5,116727.1,116729.237,2.137
-6.9,059003.000477,1,2,116777.55,116778.6269,1.0769
-6.9,059003.000392,0,3,117044.6,117043.9149,-0.6851
-6.9,059003.000393,0,4,117248.2,117247.936,-0.264
-6.9,059003.000394,0,3,117323.1,117323.2089,0.1089
-6.9,059003.000478,1,0,117359.3,117359.3,0.0
-6.9,059003.000479,1,4,117376.01,117375.2358,-0.7742
-6.9,059003.000480,1,5,117385.1,117382.2343,-2.8657
-6.9,059003.000481,1,4,117397.8,117398.0442,0.2442
-6.9,059003.000482,1,3,117507.88,117508.1382,0.2582
-6.9,059003.000395,0,3,117540.5,117537.6675,-2.8325
-6.9,059003.000396,0,3,117574.5,117582.6345,8.1345
-6.9,059003.000483,1,3,117592.2,117591.7893,-0.4107
-6.9,059003.000397,0,4,117647.2,117648.8014,1.6014
-6.9,059003.000398,0,4,117686.4,117688.0258,1.6258
-6.9,059003.000399,0,2,117775.3,117774.43,-0.87
-6.9,059003.000400,0,3,118063.0,118069.7908,6.7908
-6.9,059003.000484,1,5,118069.2,118072.3084,3.1084
-6.9,059003.000401,0,5,118081.1,118077.2894,-3.8106
-6.9,059003.000402,0,3,118201.4,118202.2158,0.8158
-6.9,059003.000485,1,4,118224.13,118224.1691,0.0391
-6.9,059003.000403,0,1,118271.6,118271.1899,-0.4101
-6.9,059003.000404,0,2,118318.6,118313.4672,-5.1328
-6.9,059003.000405,0,6,118468.8,118464.9746,-3.8254
-6.9,059003.000486,1,5,118588.65,118585.8538,-2.7962
-6.9,059003.000406,0,3,118610.9,118608.0066,-2.8934
-6.9,059003.000487,1,4,118860.77,118863.1721,2.4021
-6.9,059003.000407,0,4,118879.3,118875.6525,-3.6475
-6.9,059003.000488,1,3,118885.4,118882.3626,-3.0374
-6.9,059003.000489,1,3,118987.0,118983.8702,-3.1298
-6.9,059003.000490,1,2,119019.05,119021.5379,2.4879
-6.9,059003.000491,1,4,119077.25,119078.2548,1.0048
-6.9,059003.000408,0,4,120498.7,120494.8112,-3.8888
-6.9,059003.000492,1,2,120715.55,120717.1536,1.6036
-6.9,059003.000409,0,5,121095.2,121097.4598,2.2598
-6.9,059003.000410,0,1,121119.2,121112.3521,-6.8479
-6.9,059003.000411,0,3,121382.6,121380.8765,-1.7235
-6.9,059003.000493,1,5,121411.77,121414.3718,2.6018
-6.9,059003.000412,0,5,121431.2,121428.9323,-2.2677
-6.9,059003.000413,0,4,121532.5,121528.632,-3.868
-6.9,059003.000494,1,3,121580.9,121578.8281,-2.0719
-6.9,059003.000495,1,4,121582.6,121577.0557,-5.5443
-6.9,059003.000496,1,4,122141.46,122138.7364,-2.7236
-6.9,059003.000414,0,0,128214.2,128214.2,0.0
-6.9,059003.000415,0,6,128352.8,128346.4659,-6.3341
-6.9,059003.000416,0,5,128381.6,128374.944,-6.656
-6.9,059003.000417,0,1,128453.2,128454.6308,1.4308
-6.9,059003.000497,1,0,128479.6,128479.6,0.0
-6.9,059003.000418,0,4,128568.6,128569.4589,0.8589
-6.9,059003.000498,1,1,128800.05,128800.6206,0.5706
-6.9,059003.000499,1,2,128912.95,128912.4646,-0.4854
-6.9,059003.000500,1,2,132415.6,132418.5232,2.9232
-6.9,059003.000501,1,2,132651.7,132653.2252,1.5252
-6.9,059003.000502,1,2,132783.0,132782.6908,-0.3092
-6.9,059003.000503,1,2,132958.22,132958.6023,0.3823
-6.9,059003.000504,1,1,133037.3,133038.8437,1.5437
-6.9,059003.000505,1,3,133150.95,133155.2956,4.3456
-6.9,059003.000422,0,1,133194.3,133195.9318,1.6318
-6.9,059003.000423,0,0,133242.3,133242.3,0.0
-6.9,059003.000506,1,2,133306.9,133307.8824,0.9824
-6.9,059003.000424,0,1,133352.2,133349.4427,-2.7573
-6.9,059003.000507,1,5,133370.49,133366.979,-3.511
-6.9,059003.000425,0,2,133373.0,133369.9209,-3.0791
-6.9,059003.000508,1,4,133511.58,133513.5432,1.9632
-6.9,059003.000509,1,0,133566.52,133566.52,0.0
-6.9,059003.000510,1,2,133594.97,133595.6545,0.6845
-6.9,059003.000511,1,1,133650.5,133649.7134,-0.7866
-6.9,059003.000512,1,2,134001.32,134000.0388,-1.2812
-6.9,059003.000513,1,2,134007.65,133999.4292,-8.2208
-6.9,059003.000514,1,4,134069.5,134070.4408,0.9408
-6.9,059003.000515,1,2,134163.18,134160.7089,-2.4711
-6.9,059003.000516,1,4,134163.33,134160.6258,-2.7042
-6.9,059003.000517,1,2,134220.3,134219.3013,-0.9987
-6.9,059003.000518,1,0,134375.6,134375.6,0.0
-6.9,059003.000519,1,0,134868.82,134868.6659,-0.1541
-6.9,059003.000520,1,2,134932.15,134934.7843,2.6343
-6.9,059003.000521,1,0,135896.6,135896.6,0.0
-6.9,059003.000522,1,1,135927.0,135926.9954,-0.0046
-6.9,059003.000523,1,0,136034.02,136034.02,0.0
-6.9,059003.000524,1,2,136111.0,136117.8998,6.8998
-6.9,059003.000525,1,4,136326.7,136327.2205,0.5205
-6.9,059003.000526,1,3,136435.34,136434.2181,-1.1219
-6.9,059003.000527,1,0,136485.6,136485.6,0.0
-6.9,059003.000528,1,1,136606.4,136603.1379,-3.2621
-6.9,059003.000529,1,3,136643.4,136639.4039,-3.9961
-6.9,059003.000530,1,0,137960.61,137960.61,0.0
-6.9,059003.000531,1,2,138034.95,138041.1546,6.2046
-6.9,059003.000532,1,0,138077.8,138077.8,0.0
-6.9,059003.000533,1,0,138342.75,138342.75,0.0
-6.9,059003.000534,1,0,138410.5,138410.5,0.0
-6.9,059003.000535,1,1,138445.3,138446.7168,1.4168
-6.9,059003.000536,1,2,138839.85,138838.7334,-1.1166
-6.9,059003.000537,1,0,138900.4,138900.4,0.0
-6.9,059003.000538,1,1,139081.4,139082.4185,1.0185
-6.9,059003.000041,0,7,12846.66,12848.1842,1.5242
-6.9,059003.000042,0,4,13352.1,13351.3215,-0.7785
-6.9,059003.000045,0,9,14558.82,14562.0463,3.2263
-6.9,059003.000046,0,9,14859.96,14860.2364,0.2764
-6.9,059003.000047,0,4,15045.8,15044.131,-1.669
-6.9,059003.000049,0,4,15454.16,15453.0563,-1.1037
-6.9,059003.000050,0,7,15525.5,15523.3767,-2.1233
-6.9,059003.000053,0,6,16135.97,16133.582,-2.388
-6.9,059003.000054,0,6,16516.15,16517.4621,1.3121
-6.9,059003.000057,0,4,17113.19,17110.0497,-3.1403
-6.9,059003.000059,0,5,17534.76,17530.6357,-4.1243
-6.9,059003.000060,0,7,17627.0,17624.6652,-2.3348
-6.9,059003.000062,0,13,18063.36,18063.8811,0.5211
-6.9,059003.000063,0,3,18211.76,18212.2489,0.4889
-6.9,059003.000064,0,9,18241.54,18237.4253,-4.1147
-6.9,059003.000066,0,6,18921.24,18925.3781,4.1381
-6.9,059003.000067,0,6,18990.08,18987.2971,-2.7829
-6.9,059003.000069,0,4,19308.93,19308.9512,0.0212
-6.9,059003.000070,0,11,19360.1,19362.9368,2.8368
-6.9,059003.000071,0,3,19649.67,19651.6965,2.0265
-6.9,059003.000072,0,8,19700.9,19700.5897,-0.3103
-6.9,059003.000073,0,4,19872.43,19870.4716,-1.9584
-6.9,059003.000539,1,3,20096.73,20096.6625,-0.0675
-6.9,059003.000074,0,2,20160.36,20161.0522,0.6922
-6.9,059003.000075,0,3,20315.65,20313.6228,-2.0272
-6.9,059003.000076,0,12,20848.39,20849.0416,0.6516
-6.9,059003.000078,0,4,21148.43,21153.7253,5.2953
-6.9,059003.000079,0,6,21238.78,21234.6832,-4.0968
-6.9,059003.000080,0,11,21294.89,21294.6545,-0.2355
-6.9,059003.000081,0,6,21418.84,21420.8021,1.9621
-6.9,059003.000082,0,9,21535.17,21538.048,2.878
-6.9,059003.000540,1,3,21598.58,21597.3786,-1.2014
-6.9,059003.000083,0,9,21611.19,21616.022,4.832
-6.9,059003.000084,0,2,21755.84,21755.6693,-0.1707
-6.9,059003.000085,0,8,22080.94,22079.707,-1.233
-6.9,059003.000086,0,6,22277.66,22277.1865,-0.4735
-6.9,059003.000087,0,16,22527.7,22530.9765,3.2765
-6.9,059003.000088,0,11,22747.69,22747.8754,0.1854
-6.9,059003.000089,0,7,23050.61,23053.0398,2.4298
-6.9,059003.000091,0,7,23175.09,23172.4573,-2.6327
-6.9,059003.000093,0,13,23442.25,23444.2713,2.0213
-6.9,059003.000095,0,6,23532.86,23531.3649,-1.4951
-6.9,059003.000096,0,2,23647.77,23643.6528,-4.1172
-6.9,059003.000097,0,12,23651.88,23654.2527,2.3727
-6.9,059003.000098,0,10,23751.57,23751.4631,-0.1069
-6.9,059003.000099,0,11,23844.58,23846.8403,2.2603
-6.9,059003.000100,0,4,23955.37,23956.3189,0.9489
-6.9,059003.000101,0,4,24250.62,24249.7342,-0.8858
-6.9,059003.000102,0,5,24309.2,24307.0346,-2.1654
-6.9,059003.000104,0,9,24461.24,24462.6161,1.3761
-6.9,059003.000105,0,10,24470.9,24470.1748,-0.7252
-6.9,059003.000106,0,10,24788.02,24788.1951,0.1751
-6.9,059003.000108,0,7,25033.91,25033.2585,-0.6515
-6.9,059003.000111,0,11,25409.74,25411.2564,1.5164
-6.9,059003.000112,0,9,25934.98,25933.8139,-1.1661
-6.9,059003.000113,0,3,25979.34,25979.658,0.318
-6.9,059003.000114,0,9,26095.23,26099.2542,4.0242
-6.9,059003.000115,0,16,26446.97,26452.5743,5.6043
-6.9,059003.000119,0,12,27138.55,27137.8618,-0.6882
-6.9,059003.000120,0,10,27380.31,27383.4787,3.1687
-6.9,059003.000121,0,6,27452.45,27451.7657,-0.6843
-6.9,059003.000123,0,15,27604.26,27606.1654,1.9054
-6.9,059003.000125,0,3,28399.43,28399.5809,0.1509
-6.9,059003.000126,0,10,28720.71,28721.4299,0.7199
-6.9,059003.000127,0,6,28885.14,28883.5393,-1.6007
-6.9,059003.000128,0,4,28936.46,28935.0282,-1.4318
-6.9,059003.000129,0,3,29263.08,29259.4895,-3.5905
-6.9,059003.000130,0,5,29267.86,29269.5035,1.6435
-6.9,059003.000131,0,8,29835.09,29834.5006,-0.5894
-6.9,059003.000132,0,8,30505.72,30504.0964,-1.6236
-6.9,059003.000133,0,4,30733.53,30736.4849,2.9549
-6.9,059003.000134,0,4,30994.55,30998.3261,3.7761
-6.9,059003.000135,0,7,31254.71,31254.1785,-0.5315
-6.9,059003.000137,0,2,31803.7,31796.2485,-7.4515
-6.9,059003.000138,0,5,32288.92,32288.1103,-0.8097
-6.9,059003.000139,0,4,32760.11,32758.4941,-1.6159
-6.9,059003.000140,0,6,33338.37,33340.4566,2.0866
-6.9,059003.000141,0,5,33466.41,33465.0829,-1.3271
-6.9,059003.000142,0,3,33659.99,33657.6079,-2.3821
-6.9,059003.000143,0,3,34198.61,34201.1715,2.5615
-6.9,059003.000144,0,6,34520.27,34520.6279,0.3579
-6.9,059003.000145,0,9,34825.49,34818.16,-7.33
-6.9,059003.000146,0,4,35024.49,35028.4274,3.9374
-6.9,059003.000147,0,6,35137.82,35136.6369,-1.1831
-6.9,059003.000148,0,5,35291.0,35295.6403,4.6403
-6.9,059003.000149,0,7,35384.17,35380.057,-4.113
-6.9,059003.000150,0,4,35801.12,35800.7871,-0.3329
-6.9,059003.000151,0,14,35828.46,35828.7387,0.2787
-6.9,059003.000152,0,3,35863.74,35862.9009,-0.8391
-6.9,059003.000153,0,13,36640.38,36642.6666,2.2866
-6.9,059003.000154,0,11,36642.13,36637.7012,-4.4288
-6.9,059003.000155,0,8,36652.29,36651.4832,-0.8068
-6.9,059003.000156,0,7,36670.57,36672.568,1.998
-6.9,059003.000157,0,4,36683.21,36682.2108,-0.9992
-6.9,059003.000158,0,5,37011.92,37010.5659,-1.3541
-6.9,059003.000159,0,3,37197.64,37198.2281,0.5881
-6.9,059003.000160,0,10,37919.58,37918.3112,-1.2688
-6.9,059003.000161,0,7,38448.38,38443.5389,-4.8411
-6.9,059003.000162,0,4,38549.9,38550.6509,0.7509
-6.9,059003.000163,0,4,38694.51,38697.6029,3.0929
-6.9,059003.000164,0,7,38701.59,38699.9218,-1.6682
-6.9,059003.000165,0,10,38726.5,38724.6329,-1.8671
-6.9,059003.000166,0,6,38785.76,38783.9207,-1.8393
-6.9,059003.000167,0,7,39024.27,39021.3345,-2.9355
-6.9,059003.000168,0,1,39120.4,39123.9644,3.5644
-6.9,059003.000170,0,3,39485.48,39484.2179,-1.2621
-6.9,059003.000171,0,11,39725.99,39724.6255,-1.3645
-6.9,059003.000172,0,14,39732.99,39732.3746,-0.6154
-6.9,059003.000173,0,11,39870.17,39869.5636,-0.6064
-6.9,059003.000175,0,9,40098.66,40100.5479,1.8879
-6.9,059003.000176,0,8,40205.74,40203.1537,-2.5863
-6.9,059003.000177,0,8,41023.98,41021.6481,-2.3319
-6.9,059003.000178,0,3,41026.87,41027.7094,0.8394
-6.9,059003.000179,0,7,44679.98,44679.0639,-0.9161
-6.9,059003.000180,0,7,44903.42,44902.2867,-1.1333
-6.9,059003.000181,0,8,45805.95,45809.2919,3.3419
-6.9,059003.000182,0,7,45807.1,45806.5543,-0.5457
-6.9,059003.000183,0,7,45844.65,45844.0559,-0.5941
-6.9,059003.000184,0,8,46783.64,46782.4611,-1.1789
-6.9,059003.000185,0,9,48401.64,48401.1687,-0.4713
-6.9,059003.000186,0,7,48745.48,48745.0864,-0.3936
-6.9,059003.000187,0,7,50227.79,50227.9231,0.1331
-6.9,059003.000188,0,2,50647.35,50647.1021,-0.2479
-6.9,059003.000189,0,6,50658.72,50658.6233,-0.0967
-6.9,059003.000190,0,3,50869.3,50870.4724,1.1724
-6.9,059003.000191,0,4,51312.8,51307.0307,-5.7693
-6.9,059003.000192,0,7,52026.9,52027.1895,0.2895
-6.9,059003.000541,1,2,100214.99,100215.827,0.837
-6.9,059003.000314,0,4,100321.12,100321.4335,0.3135
-6.9,059003.000315,0,4,100430.29,100427.9196,-2.3704
-6.9,059003.000316,0,3,100625.04,100626.4236,1.3836
-6.9,059003.000317,0,3,100788.95,100792.4577,3.5077
-6.9,059003.000318,0,3,100947.18,100948.5662,1.3862
-6.9,059003.000319,0,3,101071.43,101072.6459,1.2159
-6.9,059003.000320,0,2,101165.33,101165.6918,0.3618
-6.9,059003.000321,0,4,101446.27,101446.734,0.464
-6.9,059003.000322,0,4,101665.58,101664.164,-1.416
-6.9,059003.000323,0,1,101680.38,101681.8338,1.4538
-6.9,059003.000542,1,3,101778.0,101776.1669,-1.8331
-6.9,059003.000324,0,3,102435.67,102438.3453,2.6753
-6.9,059003.000325,0,4,102484.66,102482.6843,-1.9757
-6.9,059003.000326,0,2,102617.24,102619.97,2.73
-6.9,059003.000327,0,3,102830.43,102834.4265,3.9965
-6.9,059003.000328,0,2,102981.94,102980.9752,-0.9648
-6.9,059003.000329,0,3,103308.53,103307.1247,-1.4053
-6.9,059003.000330,0,3,103335.06,103330.036,-5.024
-6.9,059003.000331,0,4,103344.35,103334.7962,-9.5538
-6.9,059003.000332,0,2,103484.19,103483.2845,-0.9055
-6.9,059003.000333,0,5,103805.38,103804.1375,-1.2425
-6.9,059003.000334,0,4,103895.83,103893.6703,-2.1597
-6.9,059003.000543,1,2,103973.35,103974.0384,0.6884
-6.9,059003.000335,0,5,104598.99,104599.0456,0.0556
-6.9,059003.000336,0,4,104788.68,104787.1804,-1.4996
-6.9,059003.000337,0,4,104904.55,104905.6853,1.1353
-6.9,059003.000338,0,3,105019.06,105020.0063,0.9463
-6.9,059003.000339,0,3,105049.72,105049.4153,-0.3047
-6.9,059003.000544,1,2,105191.13,105193.2534,2.1234
-6.9,059003.000545,1,2,105338.51,105346.4812,7.9712
-6.9,059003.000340,0,5,105450.18,105446.367,-3.813
-6.9,059003.000546,1,1,105485.3,105486.6684,1.3684
-6.9,059003.000547,1,3,105534.64,105536.7746,2.1346
-6.9,059003.000341,0,3,105566.62,105570.926,4.306
-6.9,059003.000342,0,3,105632.16,105631.9822,-0.1778
-6.9,059003.000548,1,4,106153.75,106150.4794,-3.2706
-6.9,059003.000549,1,2,106224.22,106223.9244,-0.2956
-6.9,059003.000550,1,2,106306.51,106304.5625,-1.9475
-6.9,059003.000551,1,2,106384.65,106385.4995,0.8495
-6.9,059003.000552,1,4,106394.09,106394.1705,0.0805
-6.9,059003.000553,1,3,106468.42,106467.2055,-1.2145
-6.9,059003.000343,0,3,106665.07,106663.2504,-1.8196
-6.9,059003.000344,0,2,106745.65,106745.6981,0.0481
-6.9,059003.000345,0,4,107081.94,107080.2863,-1.6537
-6.9,059003.000554,1,3,107177.8,107177.2414,-0.5586
-6.9,059003.000555,1,2,107223.2,107221.4677,-1.7323
-6.9,059003.000556,1,3,107262.71,107262.1345,-0.5755
-6.9,059003.000346,0,4,107299.07,107298.8829,-0.1871
-6.9,059003.000557,1,3,107403.91,107403.9245,0.0145
-6.9,059003.000558,1,3,107697.07,107695.1902,-1.8798
-6.9,059003.000347,0,5,107854.46,107851.7916,-2.6684
-6.9,059003.000559,1,1,107978.56,107981.0213,2.4613
-6.9,059003.000348,0,3,108559.4,108560.9802,1.5802
-6.9,059003.000560,1,4,108574.0,108573.5367,-0.4633
-6.9,059003.000561,1,2,111039.75,111041.0379,1.2879
-6.9,059003.000562,1,0,111193.29,111193.1652,-0.1248
-6.9,059003.000563,1,3,113854.23,113852.8964,-1.3336
-6.9,059003.000564,1,0,115439.45,115439.45,0.0
-6.9,059003.000565,1,3,119225.52,119223.5513,-1.9687
-6.9,059003.000566,1,4,121143.3,121143.427,0.127
-6.9,059003.000567,1,2,122932.6,122937.8972,5.2972
-6.9,059003.000568,1,1,124594.4,124594.2961,-0.1039
-6.9,059003.000569,1,1,125145.1,125142.539,-2.561
-6.9,059003.000570,1,3,126743.3,126737.6387,-5.6613
-6.9,059003.000571,1,4,129009.15,129010.1064,0.9564
-6.9,059003.000419,0,2,129106.1,129105.1938,-0.9062
-6.9,059003.000572,1,5,129454.45,129449.6811,-4.7689
-6.9,059003.000573,1,4,129744.09,129746.9105,2.8205
-6.9,059003.000574,1,3,129934.5,129935.2173,0.7173
-6.9,059003.000575,1,2,130218.64,130218.7887,0.1487
-6.9,059003.000420,0,3,131200.3,131199.0232,-1.2768
-6.9,059003.000421,0,2,131226.3,131227.9152,1.6152
-6.9,059003.000576,1,3,131788.15,131785.8901,-2.2599
-6.9,059003.000577,1,2,131980.0,131983.7067,3.7067
-6.9,059003.000426,0,2,133393.2,133392.2991,-0.9009
-6.9,059003.000427,0,3,133503.9,133502.2813,-1.6187
-6.9,059003.000578,1,2,134394.16,134394.3025,0.1425
-6.9,059003.000579,1,3,134402.02,134399.9261,-2.0939
-6.9,059003.000580,1,2,134402.83,134406.4018,3.5718
-6.9,059003.000581,1,2,134405.44,134404.6735,-0.7665
-6.9,059003.000582,1,2,134425.98,134421.2003,-4.7797
-6.9,059003.000583,1,2,134428.63,134427.3953,-1.2347
-6.9,059003.000584,1,2,134433.41,134430.3768,-3.0332
-6.9,059003.000585,1,1,134454.31,134454.9417,0.6317
-6.9,059003.000586,1,2,134454.76,134452.3808,-2.3792
-6.9,059003.000587,1,2,134480.15,134478.328,-1.822
-6.9,059003.000588,1,3,134480.72,134480.2901,-0.4299
-6.9,059003.000589,1,2,134488.7,134488.9088,0.2088
-6.9,059003.000590,1,2,134492.68,134492.9348,0.2548
-6.9,059003.000591,1,0,134496.12,134496.12,0.0
-6.9,059003.000428,0,3,135445.2,135445.3551,0.1551
-6.9,059003.000429,0,3,135868.8,135871.0889,2.2889
-6.9,059003.000592,1,2,136554.97,136555.3121,0.3421
-6.9,059003.000593,1,4,136555.45,136552.5935,-2.8565
-6.9,059003.000594,1,3,136557.98,136563.6137,5.6337
-6.9,059003.000595,1,3,136559.59,136558.1344,-1.4556
-6.9,059003.000596,1,2,136570.81,136572.3274,1.5174
-6.9,059003.000597,1,3,136572.21,136569.1249,-3.0851
-6.9,059003.000598,1,3,136589.34,136590.5583,1.2183
-6.9,059003.000599,1,3,136589.44,136587.2499,-2.1901
-6.9,059003.000600,1,2,136596.37,136593.1292,-3.2408
-6.9,059003.000601,1,3,136596.63,136594.843,-1.787
-6.9,059003.000602,1,2,136620.17,136620.5145,0.3445
-6.9,059003.000603,1,2,136641.8,136639.8845,-1.9155
-6.9,059003.000604,1,2,136641.9,136641.7479,-0.1521
-6.9,059003.000605,1,1,136649.4,136647.552,-1.848
-6.9,059003.000606,1,1,136650.9,136648.127,-2.773
-6.9,059003.000607,1,3,138783.5,138787.6286,4.1286
-6.9,059003.000608,1,3,138787.95,138789.2144,1.2644
-6.9,059003.000609,1,2,138794.58,138796.1364,1.5564
-6.9,059003.000610,1,2,138796.56,138799.8285,3.2685
-6.9,059003.000611,1,2,138799.39,138801.9948,2.6048
-6.9,059003.000612,1,2,138799.91,138801.0182,1.1082
-6.9,059003.000613,1,2,138822.38,138823.2913,0.9113
-6.9,059003.000614,1,2,138822.4,138830.1954,7.7954
-6.9,059003.000615,1,1,138827.78,138826.2968,-1.4832
-6.9,059003.000616,1,1,138833.55,138835.4883,1.9383
-6.9,059003.000617,1,3,138849.86,138853.7345,3.8745
-6.9,059003.000618,1,5,138874.91,138879.4519,4.5419
-6.9,059003.000619,1,3,138883.81,138881.777,-2.033
-6.9,059003.000620,1,0,138888.98,138888.98,0.0
-6.9,059003.000621,1,1,138895.87,138895.6254,-0.2446
-6.9,059003.000622,1,3,141328.85,141328.7373,-0.1127
6.9,059003.000001,0,0,0.0,0.0,0.0
6.9,059003.000031,0,1,1398.34,1399.2922,0.9522
6.9,059003.000032,0,4,2893.14,2892.05,-1.09
6.9,059003.000033,0,2,4453.76,4454.09,0.33
6.9,059003.000034,0,11,9370.66,9364.0233,-6.6367
6.9,059003.000035,0,4,10032.92,10033.7951,0.8751
6.9,059003.000036,0,6,10138.18,10140.2475,2.0675
6.9,059003.000037,0,4,10859.06,10859.4469,0.3869
6.9,059003.000038,0,5,10950.24,10948.6017,-1.6383
6.9,059003.000039,0,3,11761.69,11760.0896,-1.6004
6.9,059003.000040,0,2,12494.63,12495.0907,0.4607
6.9,059003.000043,0,4,13887.6,13885.3388,-2.2612
6.9,059003.000044,0,3,14187.35,14187.242,-0.108
6.9,059003.000048,0,5,15443.48,15443.1243,-0.3557
6.9,059003.000051,0,3,15705.13,15705.6165,0.4865
6.9,059003.000052,0,3,16089.14,16091.5543,2.4143
6.9,059003.000055,0,2,16763.98,16763.3103,-0.6697
6.9,059003.000056,0,3,17095.63,17098.0197,2.3897
6.9,059003.000058,0,3,17409.58,17410.7439,1.1639
6.9,059003.000061,0,3,17642.06,17644.3404,2.2804
6.9,059003.000065,0,0,18693.65,18693.65,0.0
6.9,059003.000068,0,1,19046.09,19045.5331,-0.5569
6.9,059003.000077,0,1,20856.86,20854.9055,-1.9545
6.9,059003.000090,0,1,23091.7,23088.6431,-3.0569
6.9,059003.000092,0,3,23245.99,23245.8354,-0.1546
6.9,059003.000094,0,1,23465.43,23466.385,0.955
6.9,059003.000103,0,2,24357.98,24357.1186,-0.8614
6.9,059003.000107,0,3,24886.51,24886.0881,-0.4219
6.9,059003.000109,0,0,25244.61,25244.61,0.0
6.9,059003.000110,0,3,25391.75,25389.2451,-2.5049
6.9,059003.000116,0,0,26447.88,26447.88,0.0
6.9,059003.000117,0,2,26921.49,26918.8001,-2.6899
6.9,059003.000118,0,1,26979.66,26980.8583,1.1983
6.9,059003.000122,0,3,27597.13,27598.4979,1.3679
6.9,059003.000124,0,2,28101.77,28100.4154,-1.3546
6.9,059003.000430,0,3,30602.83,30600.7357,-2.0943
6.9,059003.000136,0,2,31787.93,31785.8752,-2.0548
6.9,059003.000169,0,4,39225.6,39225.9308,0.3308
6.9,059003.000174,0,1,39940.72,39940.8567,0.1367
6.9,059003.000193,0,3,53092.8,53092.0638,-0.7362
6.9,059003.000194,0,6,58158.08,58159.1141,1.0341
6.9,059003.000195,0,5,58174.15,58176.2173,2.0673
6.9,059003.000196,0,5,60166.2,60164.3923,-1.8077
6.9,059003.000197,0,8,60419.73,60419.3669,-0.3631
6.9,059003.000198,0,6,60520.32,60523.3133,2.9933
6.9,059003.000199,0,5,61357.04,61357.5746,0.5346
6.9,059003.000200,0,7,61605.66,61606.699,1.039
6.9,059003.000201,0,5,61717.98,61720.0639,2.0839
6.9,059003.000202,0,4,62062.63,62061.1243,-1.5057
6.9,059003.000203,0,7,62240.83,62239.7574,-1.0726
6.9,059003.000204,0,6,62535.62,62535.8246,0.2046
6.9,059003.000205,0,8,62558.67,62559.3923,0.7223
6.9,059003.000206,0,6,62678.7,62678.358,-0.342
6.9,059003.000207,0,5,63221.28,63221.3375,0.0575
6.9,059003.000208,0,6,63232.14,63232.4784,0.3384
6.9,059003.000209,0,5,63576.27,63579.0484,2.7784
6.9,059003.000210,0,4,63593.35,63594.1201,0.7701
6.9,059003.000211,0,8,63768.66,63768.6974,0.0374
6.9,059003.000212,0,5,63816.91,63817.1748,0.2648
6.9,059003.000213,0,3,64150.94,64151.8583,0.9183
6.9,059003.000214,0,4,64215.45,64215.0797,-0.3703
6.9,059003.000215,0,7,64235.61,64234.849,-0.761
6.9,059003.000216,0,7,64401.03,64399.8202,-1.2098
6.9,059003.000217,0,3,64817.53,64815.6255,-1.9045
6.9,059003.000218,0,9,64857.15,64855.7402,-1.4098
6.9,059003.000219,0,7,64865.15,64865.0914,-0.0586
6.9,059003.000220,0,3,64979.55,64979.1068,-0.4432
6.9,059003.000431,1,4,65073.26,65073.9643,0.7043
6.9,059003.000221,0,5,65295.9,65295.8915,-0.0085
6.9,059003.000432,1,3,65765.17,65765.0283,-0.1417
6.9,059003.000222,0,4,65909.44,65910.7554,1.3154
6.9,059003.000223,0,7,65922.42,65923.2172,0.7972
6.9,059003.000224,0,6,65935.25,65934.3134,-0.9366
6.9,059003.000225,0,4,65967.15,65966.1245,-1.0255
6.9,059003.000226,0,6,66148.4,66148.2004,-0.1996
6.9,059003.000227,0,2,66301.35,66299.9347,-1.4153
6.9,059003.000228,0,3,66324.84,66330.1093,5.2693
6.9,059003.000229,0,6,66681.14,66680.8393,-0.3007
6.9,059003.000230,0,5,66735.88,66736.2237,0.3437
6.9,059003.000231,0,6,66852.87,66851.7204,-1.1496
6.9,059003.000232,0,3,66867.09,66867.8983,0.8083
6.9,059003.000233,0,5,66943.04,66944.125,1.085
6.9,059003.000234,0,5,67049.18,67049.0268,-0.1532
6.9,059003.000235,0,6,67240.35,67242.0217,1.6717
6.9,059003.000236,0,6,67395.32,67394.4631,-0.8569
6.9,059003.000237,0,7,67398.79,67399.6043,0.8143
6.9,059003.000238,0,6,67679.21,67680.0271,0.8171
6.9,059003.000239,0,4,67870.76,67869.846,-0.914
6.9,059003.000240,0,3,67965.47,67967.7981,2.3281
6.9,059003.000241,0,1,68238.12,68237.7386,-0.3814
6.9,059003.000242,0,3,68305.1,68304.333,-0.767
6.9,059003.000433,1,5,68331.68,68331.6194,-0.0606
6.9,059003.000243,0,6,68331.75,68330.9837,-0.7663
6.9,059003.000244,0,7,68374.54,68374.0163,-0.5237
6.9,059003.000245,0,4,68492.43,68492.9992,0.5692
6.9,059003.000246,0,5,68525.62,68526.524,0.904
6.9,059003.000247,0,6,68544.19,68543.7736,-0.4164
6.9,059003.000434,1,2,68556.35,68557.8963,1.5463
6.9,059003.000435,1,3,68676.55,68674.3061,-2.2439
6.9,059003.000248,0,5,68801.67,68802.9468,1.2768
6.9,059003.000249,0,6,68978.55,68977.0665,-1.4835
6.9,059003.000250,0,2,68987.07,68988.0001,0.9301
6.9,059003.000251,0,7,69138.28,69138.1562,-0.1238
6.9,059003.000252,0,8,69408.51,69408.596,0.086
6.9,059003.000253,0,4,69431.0,69430.2479,-0.7521
6.9,059003.000254,0,2,69681.6,69679.9313,-1.6687
6.9,059003.000255,0,5,69686.26,69686.5359,0.2759
6.9,059003.000256,0,4,69978.08,69977.5356,-0.5444
6.9,059003.000257,0,3,70381.48,70381.4579,-0.0221
6.9,059003.000258,0,2,71021.1,71020.6491,-0.4509
6.9,059003.000259,0,3,71385.6,71383.4812,-2.1188
6.9,059003.000260,0,4,71501.0,71498.2513,-2.7487
6.9,059003.000261,0,1,71536.38,71536.5508,0.1708
6.9,059003.000262,0,4,71592.34,71590.9963,-1.3437
6.9,059003.000263,0,5,71736.45,71736.4853,0.0353
6.9,059003.000264,0,4,71978.52,71978.2211,-0.2989
6.9,059003.000265,0,4,71994.81,71999.0755,4.2655
6.9,059003.000266,0,3,73029.9,73029.4851,-0.4149
6.9,059003.000267,0,3,73378.42,73379.2925,0.8725
6.9,059003.000268,0,5,73606.17,73606.7951,0.6251
6.9,059003.000269,0,3,73609.1,73609.2767,0.1767
6.9,059003.000270,0,3,74105.2,74103.5197,-1.6803
6.9,059003.000436,1,2,74619.63,74617.3203,-2.3097
6.9,059003.000271,0,3,74463.7,74463.6658,-0.0342
6.9,059003.000437,1,2,74696.2,74696.2786,0.0786
6.9,059003.000272,0,3,75294.0,75295.8513,1.8513
6.9,059003.000273,0,5,75409.58,75410.3477,0.7677
6.9,059003.000274,0,5,75560.75,75559.386,-1.364
6.9,059003.000275,0,4,75614.81,75613.83,-0.98
6.9,059003.000276,0,4,75640.0,75639.5208,-0.4792
6.9,059003.000277,0,5,75762.23,75764.6109,2.3809
6.9,059003.000438,1,5,75982.8,75981.0386,-1.7614
6.9,059003.000439,1,4,76130.52,76129.7158,-0.8042
6.9,059003.000440,1,3,76411.04,76409.3043,-1.7357
6.9,059003.000441,1,2,76534.72,76532.7815,-1.9385
6.9,059003.000278,0,3,76892.4,76891.9431,-0.4569
6.9,059003.000442,1,4,76894.56,76895.1534,0.5934
6.9,059003.000279,0,3,77822.0,77821.8114,-0.1886
6.9,059003.000280,0,3,78312.91,78313.1321,0.2221
6.9,059003.000281,0,3,78463.6,78464.2323,0.6323
6.9,059003.000282,0,2,78694.57,78693.5385,-1.0315
6.9,059003.000283,0,2,78889.14,78887.0601,-2.0799
6.9,059003.000284,0,3,79136.23,79136.1374,-0.0926
6.9,059003.000285,0,2,79366.65,79367.5394,0.8894
6.9,059003.000443,1,1,79377.15,79377.0608,-0.0892
6.9,059003.000444,1,0,79378.38,79378.38,0.0
6.9,059003.000286,0,4,79395.55,79395.4943,-0.0557
6.9,059003.000287,0,1,79742.36,79742.3811,0.0211
6.9,059003.000288,0,3,80164.04,80164.5523,0.5123
6.9,059003.000289,0,1,80360.82,80359.8585,-0.9615
6.9,059003.000290,0,4,80897.85,80895.8464,-2.0036
6.9,059003.000291,0,4,80988.76,80988.463,-0.297
6.9,059003.000292,0,5,81404.52,81405.821,1.301
6.9,059003.000445,1,1,82082.7,82082.0916,-0.6084
6.9,059003.000293,0,2,82492.4,82492.2837,-0.1163
6.9,059003.000294,0,3,83025.91,83026.589,0.679
6.9,059003.000295,0,1,83426.55,83426.5615,0.0115
6.9,059003.000296,0,5,83607.32,83605.3991,-1.9209
6.9,059003.000297,0,4,83703.43,83703.4273,-0.0027
6.9,059003.000446,1,3,84150.65,84153.7402,3.0902
6.9,059003.000447,1,3,84270.44,84266.144,-4.296
6.9,059003.000298,0,2,84409.93,84403.6738,-6.2562
6.9,059003.000299,0,3,84410.63,84409.6935,-0.9365
6.9,059003.000300,0,2,84430.98,84431.7456,0.7656
6.9,059003.000448,1,1,84690.2,84691.6154,1.4154
6.9,059003.000449,1,0,84804.11,84804.11,0.0
6.9,059003.000301,0,2,84992.04,84991.0559,-0.9841
6.9,059003.000302,0,2,85306.1,85304.0557,-2.0443
6.9,059003.000450,1,4,85981.65,85984.7602,3.1102
6.9,059003.000451,1,3,86390.45,86388.3076,-2.1424
6.9,059003.000452,1,4,86455.75,86455.6429,-0.1071
6.9,059003.000453,1,2,86938.55,86936.5667,-1.9833
6.9,059003.000303,0,3,87511.6,87511.5535,-0.0465
6.9,059003.000454,1,0,87726.9,87726.9,0.0
6.9,059003.000304,0,2,88210.1,88210.3542,0.2542
6.9,059003.000305,0,4,88948.6,88950.495,1.895
6.9,059003.000455,1,1,89969.42,89967.4407,-1.9793
6.9,059003.000306,0,4,90119.8,90120.5444,0.7444
6.9,059003.000307,0,2,90629.2,90631.301,2.101
6.9,059003.000308,0,2,92441.7,92441.7591,0.0591
6.9,059003.000309,0,4,92554.8,92551.4304,-3.3696
6.9,059003.000310,0,2,93296.5,93295.9018,-0.5982
6.9,059003.000311,0,5,93967.4,93966.9648,-0.4352
6.9,059003.000312,0,3,95147.9,95148.5409,0.6409
6.9,059003.000313,0,5,96830.5,96832.7101,2.2101
6.9,059003.000456,1,3,99681.9,99683.249,1.349
6.9,059003.000457,1,2,99938.5,99939.8601,1.3601
6.9,059003.000349,0,3,110295.2,110294.442,-0.758
6.9,059003.000350,0,7,110333.55,110335.721,2.171
6.9,059003.000351,0,3,110530.96,110532.2003,1.2403
6.9,059003.000352,0,2,110880.92,110880.9014,-0.0186
6.9,059003.000353,0,5,110922.18,110919.1571,-3.0229
6.9,059003.000354,0,5,111109.95,111109.1426,-0.8074
6.9,059003.000355,0,3,111268.6,111263.5293,-5.0707
6.9,059003.000356,0,3,111334.87,111334.8862,0.0162
6.9,059003.000357,0,4,111342.43,111342.6395,0.2095
6.9,059003.000358,0,4,111494.56,111494.8051,0.2451
6.9,059003.000458,1,2,111518.34,111518.8246,0.4846
6.9,059003.000459,1,1,111728.91,111728.5807,-0.3293
6.9,059003.000460,1,5,111772.91,111772.7484,-0.1616
6.9,059003.000461,1,3,111779.59,111780.2867,0.6967
6.9,059003.000462,1,3,111902.78,111901.6409,-1.1391
6.9,059003.000359,0,3,111992.97,111992.1047,-0.8653
6.9,059003.000360,0,4,112643.09,112642.9383,-0.1517
6.9,059003.000361,0,5,112769.67,112771.7274,2.0574
6.9,059003.000463,1,2,112837.43,112836.8922,-0.5378
6.9,059003.000362,0,2,112896.3,112895.2141,-1.0859
6.9,059003.000363,0,2,113023.5,113025.0375,1.5375
6.9,059003.000464,1,5,113064.69,113068.3805,3.6905
6.9,059003.000364,0,7,113158.53,113155.4109,-3.1191
6.9,059003.000465,1,3,113211.64,113209.1624,-2.4776
6.9,059003.000466,1,4,113225.66,113224.3422,-1.3178
6.9,059003.000365,0,7,113291.67,113292.9115,1.2415
6.9,059003.000366,0,3,113556.8,113556.5007,-0.2993
6.9,059003.000367,0,3,113600.13,113600.6947,0.5647
6.9,059003.000368,0,4,113630.9,113631.2515,0.3515
6.9,059003.000369,0,4,113664.57,113665.3356,0.7656
6.9,059003.000370,0,5,113780.27,113780.0859,-0.1841
6.9,059003.000371,0,3,113825.5,113823.6677,-1.8323
6.9,059003.000372,0,0,113833.9,113833.9,0.0
6.9,059003.000467,1,8,113854.85,113857.284,2.434
6.9,059003.000468,1,5,113894.44,113892.4507,-1.9893
6.9,059003.000373,0,5,113914.16,113911.8219,-2.3381
6.9,059003.000374,0,3,114725.6,114728.071,2.471
6.9,059003.000375,0,5,114797.12,114797.389,0.269
6.9,059003.000376,0,0,114970.95,114970.95,0.0
6.9,059003.000469,1,3,115094.1,115096.5124,2.4124
6.9,059003.000470,1,7,115176.16,115179.1567,2.9967
6.9,059003.000471,1,2,115218.75,115219.4419,0.6919
6.9,059003.000377,0,6,115324.47,115324.7348,0.2648
6.9,059003.000378,0,6,115403.34,115403.3721,0.0321
6.9,059003.000379,0,8,115408.39,115411.605,3.215
6.9,059003.000380,0,3,115420.8,115420.338,-0.462
6.9,059003.000472,1,2,115489.74,115487.2051,-2.5349
6.9,059003.000381,0,4,115499.67,115501.2385,1.5685
6.9,059003.000382,0,3,115670.0,115671.6739,1.6739
6.9,059003.000383,0,5,115672.26,115674.6905,2.4305
6.9,059003.000473,1,0,115712.03,115712.03,0.0
6.9,059003.000384,0,3,115800.17,115799.9955,-0.1745
6.9,059003.000474,1,5,115881.55,115882.464,0.914
6.9,059003.000385,0,6,115933.14,115934.5874,1.4474
6.9,059003.000475,1,5,115990.73,115989.5356,-1.1944
6.9,059003.000386,0,3,116021.78,116025.1297,3.3497
6.9,059003.000476,1,9,116078.6,116079.0482,0.4482
6.9,059003.000387,0,6,116238.71,116238.7143,0.0043
6.9,059003.000388,0,3,116309.14,116310.776,1.636
6.9,059003.000389,0,4,116453.2,116453.3429,0.1429
6.9,059003.000390,0,0,116489.75,116489.75,0.0
6.9,059003.000391,0,1,116727.1,116726.4634,-0.6366
6.9,059003.000477,1,3,116777.55,116774.0297,-3.5203
6.9,059003.000392,0,6,117044.6,117044.7378,0.1378
6.9,059003.000393,0,3,117248.2,117246.5607,-1.6393
6.9,059003.000394,0,3,117323.1,117322.9514,-0.1486
6.9,059003.000478,1,0,117359.3,117359.3,0.0
6.9,059003.000479,1,2,117376.01,117377.6109,1.6009
6.9,059003.000480,1,2,117385.1,117385.4479,0.3479
6.9,059003.000481,1,3,117397.8,117395.0751,-2.7249
6.9,059003.000482,1,2,117507.88,117510.2368,2.3568
6.9,059003.000395,0,4,117540.5,117536.6524,-3.8476
6.9,059003.000396,0,3,117574.5,117574.2894,-0.2106
6.9,059003.000483,1,5,117592.2,117590.3417,-1.8583
6.9,059003.000397,0,7,117647.2,117644.8592,-2.3408
6.9,059003.000398,0,4,117686.4,117687.3851,0.9851
6.9,059003.000399,0,3,117775.3,117773.9868,-1.3132
6.9,059003.000400,0,2,118063.0,118062.1369,-0.8631
6.9,059003.000484,1,7,118069.2,118067.4558,-1.7442
6.9,059003.000401,0,3,118081.1,118079.8247,-1.2753
6.9,059003.000402,0,4,118201.4,118200.9337,-0.4663
6.9,059003.000485,1,3,118224.13,118226.0655,1.9355
6.9,059003.000403,0,5,118271.6,118272.5859,0.9859
6.9,059003.000404,0,2,118318.6,118317.6194,-0.9806
6.9,059003.000405,0,6,118468.8,118467.6151,-1.1849
6.9,059003.000486,1,3,118588.65,118588.9882,0.3382
6.9,059003.000406,0,3,118610.9,118611.7309,0.8309
6.9,059003.000487,1,3,118860.77,118857.511,-3.259
6.9,059003.000407,0,4,118879.3,118881.4888,2.1888
6.9,059003.000488,1,6,118885.4,118887.0959,1.6959
6.9,059003.000489,1,8,118987.0,118992.1994,5.1994
6.9,059003.000490,1,0,119019.05,119019.1701,0.1201
6.9,059003.000491,1,4,119077.25,119076.68,-0.57
6.9,059003.000408,0,4,120498.7,120497.2533,-1.4467
6.9,059003.000492,1,3,120715.55,120714.7583,-0.7917
6.9,059003.000409,0,4,121095.2,121094.0463,-1.1537
6.9,059003.000410,0,3,121119.2,121121.8132,2.6132
6.9,059003.000411,0,5,121382.6,121384.0295,1.4295
6.9,059003.000493,1,4,121411.77,121409.873,-1.897
6.9,059003.000412,0,4,121431.2,121428.5372,-2.6628
6.9,059003.000413,0,4,121532.5,121530.8399,-1.6601
6.9,059003.000494,1,2,121580.9,121580.2123,-0.6877
6.9,059003.000495,1,2,121582.6,121583.2767,0.6767
6.9,059003.000496,1,2,122141.46,122141.3458,-0.1142
6.9,059003.000414,0,2,128214.2,128215.5792,1.3792
6.9,059003.000415,0,2,128352.8,128354.3997,1.5997
6.9,059003.000416,0,2,128381.6,128380.4342,-1.1658
6.9,059003.000417,0,2,128453.2,128449.8435,-3.3565
6.9,059003.000497,1,1,128479.6,128477.6843,-1.9157
6.9,059003.000418,0,0,128568.6,128568.6,0.0
6.9,059003.000498,1,0,128800.05,128801.0006,0.9506
6.9,059003.000499,1,1,128912.95,128914.18,1.23
6.9,059003.000500,1,4,132415.6,132414.8666,-0.7334
6.9,059003.000501,1,1,132651.7,132651.301,-0.399
6.9,059003.000502,1,3,132783.0,132783.5741,0.5741
6.9,059003.000503,1,1,132958.22,132958.8292,0.6092
6.9,059003.000504,1,1,133037.3,133035.7185,-1.5815
6.9,059003.000505,1,0,133150.95,133150.95,0.0
6.9,059003.000422,0,0,133194.3,133194.3,0.0
6.9,059003.000423,0,0,133242.3,133242.3,0.0
6.9,059003.000506,1,3,133306.9,133306.8079,-0.0921
6.9,059003.000424,0,0,133352.2,133352.2,0.0
6.9,059003.000507,1,1,133370.49,133369.8975,-0.5925
6.9,059003.000425,0,1,133373.0,133373.6683,0.6683
6.9,059003.000508,1,1,133511.58,133510.4284,-1.1516
6.9,059003.000509,1,0,133566.52,133566.52,0.0
6.9,059003.000510,1,0,133594.97,133594.97,0.0
6.9,059003.000511,1,0,133650.5,133650.5,0.0
6.9,059003.000512,1,2,134001.32,134001.9927,0.6727
6.9,059003.000513,1,1,134007.65,134007.1496,-0.5004
6.9,059003.000514,1,1,134069.5,134070.38,0.88
6.9,059003.000515,1,1,134163.18,134161.3345,-1.8455
6.9,059003.000516,1,3,134163.33,134164.1291,0.7991
6.9,059003.000517,1,0,134220.3,134220.9847,0.6847
6.9,059003.000518,1,1,134375.6,134375.4778,-0.1222
6.9,059003.000519,1,0,134868.82,134868.82,0.0
6.9,059003.000520,1,0,134932.15,134932.15,0.0
6.9,059003.000521,1,2,135896.6,135895.1595,-1.4405
6.9,059003.000522,1,0,135927.0,135927.0,0.0
6.9,059003.000523,1,2,136034.02,136033.4589,-0.5611
6.9,059003.000524,1,1,136111.0,136110.5611,-0.4389
6.9,059003.000525,1,2,136326.7,136322.0117,-4.6883
6.9,059003.000526,1,1,136435.34,136435.1281,-0.2119
6.9,059003.000527,1,0,136485.6,136485.6,0.0
6.9,059003.000528,1,0,136606.4,136606.4,0.0
6.9,059003.000529,1,3,136643.4,136644.8569,1.4569
6.9,059003.000530,1,0,137960.61,137960.61,0.0
6.9,059003.000531,1,0,138034.95,138034.95,0.0
6.9,059003.000532,1,0,138077.8,138077.8,0.0
6.9,059003.000533,1,0,138342.75,138342.75,0.0
6.9,059003.000534,1,0,138410.5,138410.5,0.0
6.9,059003.000535,1,1,138445.3,138444.3784,-0.9216
6.9,059003.000536,1,1,138839.85,138839.4521,-0.3979
6.9,059003.000537,1,0,138900.4,138900.4,0.0
6.9,059003.000538,1,0,139081.4,139081.4,0.0
6.9,059003.000041,0,4,12846.66,12846.709,0.049
6.9,059003.000042,0,4,13352.1,13352.1162,0.0162
6.9,059003.000045,0,10,14558.82,14561.0714,2.2514
6.9,059003.000046,0,7,14859.96,14859.0127,-0.9473
6.9,059003.000047,0,4,15045.8,15045.2189,-0.5811
6.9,059003.000049,0,2,15454.16,15455.4062,1.2462
6.9,059003.000050,0,2,15525.5,15524.1346,-1.3654
6.9,059003.000053,0,5,16135.97,16136.1147,0.1447
6.9,059003.000054,0,5,16516.15,16515.8289,-0.3211
6.9,059003.000057,0,6,17113.19,17113.4646,0.2746
6.9,059003.000059,0,6,17534.76,17532.1166,-2.6434
6.9,059003.000060,0,8,17627.0,17625.8358,-1.1642
6.9,059003.000062,0,6,18063.36,18064.629,1.269
6.9,059003.000063,0,8,18211.76,18212.4418,0.6818
6.9,059003.000064,0,11,18241.54,18241.596,0.056
6.9,059003.000066,0,5,18921.24,18922.92,1.68
6.9,059003.000067,0,3,18990.08,18990.3937,0.3137
6.9,059003.000069,0,9,19308.93,19308.4213,-0.5087
6.9,059003.000070,0,10,19360.1,19360.2497,0.1497
6.9,059003.000071,0,2,19649.67,19650.367,0.697
6.9,059003.000072,0,11,19700.9,19701.75,0.85
6.9,059003.000073,0,14,19872.43,19871.9486,-0.4814
6.9,059003.000539,1,2,20096.73,20096.9745,0.2445
6.9,059003.000074,0,4,20160.36,20160.6121,0.2521
6.9,059003.000075,0,9,20315.65,20314.0102,-1.6398
6.9,059003.000076,0,5,20848.39,20849.1567,0.7667
6.9,059003.000078,0,3,21148.43,21150.2617,1.8317
6.9,059003.000079,0,8,21238.78,21239.7873,1.0073
6.9,059003.000080,0,9,21294.89,21295.0772,0.1872
6.9,059003.000081,0,9,21418.84,21416.9656,-1.8744
6.9,059003.000082,0,12,21535.17,21536.0903,0.9203
6.9,059003.000540,1,4,21598.58,21598.649,0.069
6.9,059003.000083,0,10,21611.19,21611.4438,0.2538
6.9,059003.000084,0,7,21755.84,21755.8564,0.0164
6.9,059003.000085,0,12,22080.94,22082.0139,1.0739
6.9,059003.000086,0,9,22277.66,22275.7737,-1.8863
6.9,059003.000087,0,9,22527.7,22528.7927,1.0927
6.9,059003.000088,0,13,22747.69,22749.2329,1.5429
6.9,059003.000089,0,8,23050.61,23051.2274,0.6174
6.9,059003.000091,0,8,23175.09,23174.8001,-0.2899
6.9,059003.000093,0,5,23442.25,23442.6228,0.3728
6.9,059003.000095,0,14,23532.86,23533.2454,0.3854
6.9,059003.000096,0,8,23647.77,23648.6485,0.8785
6.9,059003.000097,0,11,23651.88,23652.5146,0.6346
6.9,059003.000098,0,8,23751.57,23749.3055,-2.2645
6.9,059003.000099,0,7,23844.58,23845.1601,0.5801
6.9,059003.000100,0,3,23955.37,23955.5839,0.2139
6.9,059003.000101,0,8,24250.62,24253.0832,2.4632
6.9,059003.000102,0,5,24309.2,24309.3535,0.1535
6.9,059003.000104,0,10,24461.24,24461.4988,0.2588
6.9,059003.000105,0,9,24470.9,24468.5499,-2.3501
6.9,059003.000106,0,10,24788.02,24787.8181,-0.2019
6.9,059003.000108,0,10,25033.91,25034.4379,0.5279
6.9,059003.000111,0,7,25409.74,25408.678,-1.062
6.9,059003.000112,0,5,25934.98,25936.0765,1.0965
6.9,059003.000113,0,5,25979.34,25978.9317,-0.4083
6.9,059003.000114,0,11,26095.23,26097.3361,2.1061
6.9,059003.000115,0,13,26446.97,26446.9347,-0.0353
6.9,059003.000119,0,7,27138.55,27137.6841,-0.8659
6.9,059003.000120,0,8,27380.31,27378.5756,-1.7344
6.9,059003.000121,0,7,27452.45,27454.6856,2.2356
6.9,059003.000123,0,8,27604.26,27604.3457,0.0857
6.9,059003.000125,0,4,28399.43,28399.5094,0.0794
6.9,059003.000126,0,6,28720.71,28722.2527,1.5427
6.9,059003.000127,0,6,28885.14,28885.3256,0.1856
6.9,059003.000128,0,4,28936.46,28936.7269,0.2669
6.9,059003.000129,0,6,29263.08,29261.9287,-1.1513
6.9,059003.000130,0,9,29267.86,29265.8905,-1.9695
6.9,059003.000131,0,11,29835.09,29833.8028,-1.2872
6.9,059003.000132,0,10,30505.72,30505.4409,-0.2791
6.9,059003.000133,0,7,30733.53,30733.6261,0.0961
6.9,059003.000134,0,6,30994.55,30994.4863,-0.0637
6.9,059003.000135,0,7,31254.71,31254.1353,-0.5747
6.9,059003.000137,0,3,31803.7,31804.0624,0.3624
6.9,059003.000138,0,3,32288.92,32287.6851,-1.2349
6.9,059003.000139,0,5,32760.11,32759.7732,-0.3368
6.9,059003.000140,0,5,33338.37,33335.7402,-2.6298
6.9,059003.000141,0,5,33466.41,33466.8447,0.4347
6.9,059003.000142,0,3,33659.99,33659.2001,-0.7899
6.9,059003.000143,0,3,34198.61,34200.5976,1.9876
6.9,059003.000144,0,4,34520.27,34519.2801,-0.9899
6.9,059003.000145,0,11,34825.49,34825.7504,0.2604
6.9,059003.000146,0,6,35024.49,35024.7831,0.2931
6.9,059003.000147,0,5,35137.82,35137.1719,-0.6481
6.9,059003.000148,0,4,35291.0,35291.0087,0.0087
6.9,059003.000149,0,6,35384.17,35387.3658,3.1958
6.9,059003.000150,0,8,35801.12,35801.8713,0.7513
6.9,059003.000151,0,10,35828.46,35826.479,-1.981
6.9,059003.000152,0,3,35863.74,35861.9928,-1.7472
6.9,059003.000153,0,8,36640.38,36640.5981,0.2181
6.9,059003.000154,0,8,36642.13,36641.3222,-0.8078
6.9,059003.000155,0,7,36652.29,36652.2194,-0.0706
6.9,059003.000156,0,3,36670.57,36671.7024,1.1324
6.9,059003.000157,0,3,36683.21,36684.7953,1.5853
6.9,059003.000158,0,7,37011.92,37010.5236,-1.3964
6.9,059003.000159,0,6,37197.64,37195.5022,-2.1378
6.9,059003.000160,0,9,37919.58,37918.5477,-1.0323
6.9,059003.000161,0,5,38448.38,38447.5545,-0.8255
6.9,059003.000162,0,4,38549.9,38548.2577,-1.6423
6.9,059003.000163,0,6,38694.51,38693.4164,-1.0936
6.9,059003.000164,0,6,38701.59,38700.22,-1.37
6.9,059003.000165,0,7,38726.5,38723.9757,-2.5243
6.9,059003.000166,0,5,38785.76,38788.0585,2.2985
6.9,059003.000167,0,4,39024.27,39024.688,0.418
6.9,059003.000168,0,6,39120.4,39122.7979,2.3979
6.9,059003.000170,0,2,39485.48,39485.0596,-0.4204
6.9,059003.000171,0,10,39725.99,39725.9401,-0.0499
6.9,059003.000172,0,5,39732.99,39731.2798,-1.7102
6.9,059003.000173,0,5,39870.17,39868.7821,-1.3879
6.9,059003.000175,0,7,40098.66,40100.1703,1.5103
6.9,059003.000176,0,4,40205.74,40204.0683,-1.6717
6.9,059003.000177,0,5,41023.98,41022.2194,-1.7606
6.9,059003.000178,0,2,41026.87,41026.4951,-0.3749
6.9,059003.000179,0,11,44679.98,44680.7907,0.8107
6.9,059003.000180,0,14,44903.42,44900.525,-2.895
6.9,059003.000181,0,8,45805.95,45807.7282,1.7782
6.9,059003.000182,0,5,45807.1,45809.2051,2.1051
6.9,059003.000183,0,4,45844.65,45845.2721,0.6221
6.9,059003.000184,0,5,46783.64,46785.2466,1.6066
6.9,059003.000185,0,3,48401.64,48400.3003,-1.3397
6.9,059003.000186,0,11,48745.48,48750.3214,4.8414
6.9,059003.000187,0,1,50227.79,50228.2501,0.4601
6.9,059003.000188,0,9,50647.35,50649.8952,2.5452
6.9,059003.000189,0,2,50658.72,50658.6436,-0.0764
6.9,059003.000190,0,2,50869.3,50868.741,-0.559
6.9,059003.000191,0,2,51312.8,51313.6885,0.8885
6.9,059003.000192,0,3,52026.9,52027.5547,0.6547
6.9,059003.000541,1,4,100214.99,100212.2427,-2.7473
6.9,059003.000314,0,3,100321.12,100320.8996,-0.2204
6.9,059003.000315,0,2,100430.29,100426.3117,-3.9783
6.9,059003.000316,0,2,100625.04,100624.1988,-0.8412
6.9,059003.000317,0,3,100788.95,100788.7728,-0.1772
6.9,059003.000318,0,2,100947.18,100947.2585,0.0785
6.9,059003.000319,0,1,101071.43,101073.9252,2.4952
6.9,059003.000320,0,4,101165.33,101165.2373,-0.0927
6.9,059003.000321,0,4,101446.27,101443.0701,-3.1999
6.9,059003.000322,0,4,101665.58,101667.9506,2.3706
6.9,059003.000323,0,2,101680.38,101680.1261,-0.2539
6.9,059003.000542,1,1,101778.0,101778.3954,0.3954
6.9,059003.000324,0,2,102435.67,102435.5155,-0.1545
6.9,059003.000325,0,5,102484.66,102487.5475,2.8875
6.9,059003.000326,0,3,102617.24,102616.0855,-1.1545
6.9,059003.000327,0,4,102830.43,102829.2576,-1.1724
6.9,059003.000328,0,2,102981.94,102982.3298,0.3898
6.9,059003.000329,0,1,103308.53,103307.9734,-0.5566
6.9,059003.000330,0,3,103335.06,103336.6557,1.5957
6.9,059003.000331,0,2,103344.35,103344.2777,-0.0723
6.9,059003.000332,0,1,103484.19,103484.5712,0.3812
6.9,059003.000333,0,1,103805.38,103805.7963,0.4163
6.9,059003.000334,0,4,103895.83,103896.2672,0.4372
6.9,059003.000543,1,1,103973.35,103974.9468,1.5968
6.9,059003.000335,0,3,104598.99,104599.1433,0.1533
6.9,059003.000336,0,4,104788.68,104788.267,-0.413
6.9,059003.000337,0,2,104904.55,104904.9846,0.4346
6.9,059003.000338,0,2,105019.06,105018.0257,-1.0343
6.9,059003.000339,0,3,105049.72,105050.211,0.491
6.9,059003.000544,1,1,105191.13,105193.9166,2.7866
6.9,059003.000545,1,4,105338.51,105337.8967,-0.6133
6.9,059003.000340,0,1,105450.18,105449.3689,-0.8111
6.9,059003.000546,1,0,105485.3,105485.3,0.0
6.9,059003.000547,1,2,105534.64,105537.4405,2.8005
6.9,059003.000341,0,3,105566.62,105567.3636,0.7436
6.9,059003.000342,0,4,105632.16,105632.0037,-0.1563
6.9,059003.000548,1,3,106153.75,106152.9841,-0.7659
6.9,059003.000549,1,3,106224.22,106224.0682,-0.1518
6.9,059003.000550,1,3,106306.51,106306.6627,0.1527
6.9,059003.000551,1,4,106384.65,106384.6289,-0.0211
6.9,059003.000552,1,5,106394.09,106390.9397,-3.1503
6.9,059003.000553,1,2,106468.42,106466.7689,-1.6511
6.9,059003.000343,0,2,106665.07,106662.7901,-2.2799
6.9,059003.000344,0,2,106745.65,106746.9248,1.2748
6.9,059003.000345,0,1,107081.94,107080.9782,-0.9618
6.9,059003.000554,1,3,107177.8,107175.6597,-2.1403
6.9,059003.000555,1,2,107223.2,107223.9051,0.7051
6.9,059003.000556,1,3,107262.71,107261.5408,-1.1692
6.9,059003.000346,0,5,107299.07,107297.7091,-1.3609
6.9,059003.000557,1,2,107403.91,107404.8278,0.9178
6.9,059003.000558,1,3,107697.07,107697.7756,0.7056
6.9,059003.000347,0,2,107854.46,107855.9637,1.5037
6.9,059003.000559,1,3,107978.56,107978.1059,-0.4541
6.9,059003.000348,0,4,108559.4,108559.4355,0.0355
6.9,059003.000560,1,3,108574.0,108573.004,-0.996
6.9,059003.000561,1,1,111039.75,111039.6873,-0.0627
6.9,059003.000562,1,2,111193.29,111191.1792,-2.1108
6.9,059003.000563,1,4,113854.23,113852.3351,-1.8949
6.9,059003.000564,1,3,115439.45,115441.7797,2.3297
6.9,059003.000565,1,2,119225.52,119226.9376,1.4176
6.9,059003.000566,1,1,121143.3,121143.6269,0.3269
6.9,059003.000567,1,0,122932.6,122932.6,0.0
6.9,059003.000568,1,1,124594.4,124594.2434,-0.1566
6.9,059003.000569,1,0,125145.1,125145.1,0.0
6.9,059003.000570,1,3,126743.3,126743.1609,-0.1391
6.9,059003.000571,1,1,129009.15,129010.9814,1.8314
6.9,059003.000419,0,4,129106.1,129106.6677,0.5677
6.9,059003.000572,1,4,129454.45,129455.3698,0.9198
6.9,059003.000573,1,1,129744.09,129743.0446,-1.0454
6.9,059003.000574,1,2,129934.5,129934.3191,-0.1809
6.9,059003.000575,1,2,130218.64,130219.8995,1.2595
6.9,059003.000420,0,3,131200.3,131203.0136,2.7136
6.9,059003.000421,0,5,131226.3,131230.3561,4.0561
6.9,059003.000576,1,3,131788.15,131793.2955,5.1455
6.9,059003.000577,1,0,131980.0,131980.0,0.0
6.9,059003.000426,0,2,133393.2,133393.4168,0.2168
6.9,059003.000427,0,2,133503.9,133503.8576,-0.0424
6.9,059003.000578,1,1,134394.16,134393.755,-0.405
6.9,059003.000579,1,1,134402.02,134401.5145,-0.5055
6.9,059003.000580,1,3,134402.83,134401.5134,-1.3166
6.9,059003.000581,1,1,134405.44,134404.9444,-0.4956
6.9,059003.000582,1,1,134425.98,134426.433,0.453
6.9,059003.000583,1,2,134428.63,134427.8779,-0.7521
6.9,059003.000584,1,2,134433.41,134434.3211,0.9111
6.9,059003.000585,1,3,134454.31,134454.1918,-0.1182
6.9,059003.000586,1,3,134454.76,134454.2739,-0.4861
6.9,059003.000587,1,0,134480.15,134480.15,0.0
6.9,059003.000588,1,1,134480.72,134480.3465,-0.3735
6.9,059003.000589,1,2,134488.7,134487.7753,-0.9247
6.9,059003.000590,1,1,134492.68,134492.6441,-0.0359
6.9,059003.000591,1,1,134496.12,134496.2256,0.1056
6.9,059003.000428,0,4,135445.2,135443.8075,-1.3925
6.9,059003.000429,0,4,135868.8,135870.3974,1.5974
6.9,059003.000592,1,2,136554.97,136555.4348,0.4648
6.9,059003.000593,1,2,136555.45,136552.598,-2.852
6.9,059003.000594,1,2,136557.98,136561.6591,3.6791
6.9,059003.000595,1,2,136559.59,136560.0605,0.4705
6.9,059003.000596,1,3,136570.81,136573.3662,2.5562
6.9,059003.000597,1,3,136572.21,136573.5811,1.3711
6.9,059003.000598,1,1,136589.34,136589.6755,0.3355
6.9,059003.000599,1,1,136589.44,136591.1171,1.6771
6.9,059003.000600,1,2,136596.37,136596.2068,-0.1632
6.9,059003.000601,1,1,136596.63,136596.4804,-0.1496
6.9,059003.000602,1,3,136620.17,136619.8231,-0.3469
6.9,059003.000603,1,4,136641.8,136645.1794,3.3794
6.9,059003.000604,1,1,136641.9,136639.851,-2.049
6.9,059003.000605,1,0,136649.4,136649.4,0.0
6.9,059003.000606,1,0,136650.9,136650.9,0.0
6.9,059003.000607,1,2,138783.5,138783.8987,0.3987
6.9,059003.000608,1,2,138787.95,138788.1799,0.2299
6.9,059003.000609,1,3,138794.58,138793.9201,-0.6599
6.9,059003.000610,1,3,138796.56,138797.2698,0.7098
6.9,059003.000611,1,3,138799.39,138801.7696,2.3796
6.9,059003.000612,1,3,138799.91,138801.3267,1.4167
6.9,059003.000613,1,4,138822.38,138823.9365,1.5565
6.9,059003.000614,1,2,138822.4,138822.5404,0.1404
6.9,059003.000615,1,0,138827.78,138827.78,0.0
6.9,059003.000616,1,1,138833.55,138836.0299,2.4799
6.9,059003.000617,1,4,138849.86,138851.6775,1.8175
6.9,059003.000618,1,2,138874.91,138876.2502,1.3402
6.9,059003.000619,1,3,138883.81,138883.3568,-0.4532
6.9,059003.000620,1,0,138888.98,138888.98,0.0
6.9,059003.000621,1,0,138895.87,138895.87,0.0
6.9,059003.000622,1,4,141328.85,141328.6093,-0.2407
8.3,059003.000001,0,3,0.0,0.0,0.0
8.3,059003.000031,0,2,1398.34,1398.1849,-0.1551
8.3,059003.000032,0,0,2893.14,2893.14,0.0
8.3,059003.000033,0,1,4453.76,4453.5562,-0.2038
8.3,059003.000034,0,10,9370.66,9380.1832,9.5232
8.3,059003.000035,0,3,10032.92,10032.1993,-0.7207
8.3,059003.000036,0,4,10138.18,10137.4446,-0.7354
8.3,059003.000037,0,4,10859.06,10860.2036,1.1436
8.3,059003.000038,0,5,10950.24,10947.2035,-3.0365
8.3,059003.000039,0,4,11761.69,11759.8977,-1.7923
8.3,059003.000040,0,6,12494.63,12493.1115,-1.5185
8.3,059003.000043,0,4,13887.6,13887.8451,0.2451
8.3,059003.000044,0,3,14187.35,14193.2911,5.9411
8.3,059003.000048,0,3,15443.48,15441.7653,-1.7147
8.3,059003.000051,0,5,15705.13,15705.4289,0.2989
8.3,059003.000052,0,4,16089.14,16092.2992,3.1592
8.3,059003.000055,0,2,16763.98,16764.7813,0.8013
8.3,059003.000056,0,4,17095.63,17091.6704,-3.9596
8.3,059003.000058,0,2,17409.58,17408.7946,-0.7854
8.3,059003.000061,0,4,17642.06,17645.8265,3.7665
8.3,059003.000065,0,3,18693.65,18692.2649,-1.3851
8.3,059003.000068,0,3,19046.09,19046.7852,0.6952
8.3,059003.000077,0,5,20856.86,20853.8844,-2.9756
8.3,059003.000090,0,3,23091.7,23088.7014,-2.9986
8.3,059003.000092,0,3,23245.99,23245.2426,-0.7474
8.3,059003.000094,0,1,23465.43,23472.4271,6.9971
8.3,059003.000103,0,4,24357.98,24351.766,-6.214
8.3,059003.000107,0,4,24886.51,24886.6552,0.1452
8.3,059003.000109,0,1,25244.61,25247.9027,3.2927
8.3,059003.000110,0,3,25391.75,25398.3469,6.5969
8.3,059003.000116,0,1,26447.88,26449.1631,1.2831
8.3,059003.000117,0,4,26921.49,26921.6992,0.2092
8.3,059003.000118,0,3,26979.66,26977.1251,-2.5349
8.3,059003.000122,0,5,27597.13,27593.6129,-3.5171
8.3,059003.000124,0,3,28101.77,28102.6367,0.8667
8.3,059003.000430,0,3,30602.83,30601.7255,-1.1045
8.3,059003.000136,0,0,31787.93,31787.93,0.0
8.3,059003.000169,0,3,39225.6,39224.2851,-1.3149
8.3,059003.000174,0,3,39940.72,39940.1547,-0.5653
8.3,059003.000193,0,3,53092.8,53090.6256,-2.1744
8.3,059003.000194,0,4,58158.08,58156.6926,-1.3874
8.3,059003.000195,0,7,58174.15,58174.5006,0.3506
8.3,059003.000196,0,4,60166.2,60164.753,-1.447
8.3,059003.000197,0,7,60419.73,60418.9757,-0.7543
8.3,059003.000198,0,6,60520.32,60520.5533,0.2333
8.3,059003.000199,0,6,61357.04,61356.2489,-0.7911
8.3,059003.000200,0,5,61605.66,61605.6281,-0.0319
8.3,059003.000201,0,3,61717.98,61717.1098,-0.8702
8.3,059003.000202,0,5,62062.63,62063.0658,0.4358
8.3,059003.000203,0,9,62240.83,62239.259,-1.571
8.3,059003.000204,0,5,62535.62,62536.897,1.277
8.3,059003.000205,0,12,62558.67,62560.8505,2.1805
8.3,059003.000206,0,6,62678.7,62682.5131,3.8131
8.3,059003.000207,0,7,63221.28,63221.034,-0.246
8.3,059003.000208,0,8,63232.14,63232.22,0.08
8.3,059003.000209,0,4,63576.27,63574.882,-1.388
8.3,059003.000210,0,6,63593.35,63594.4626,1.1126
8.3,059003.000211,0,5,63768.66,63768.8414,0.1814
8.3,059003.000212,0,4,63816.91,63815.3438,-1.5662
8.3,059003.000213,0,3,64150.94,64153.9072,2.9672
8.3,059003.000214,0,5,64215.45,64219.6751,4.2251
8.3,059003.000215,0,8,64235.61,64235.6503,0.0403
8.3,059003.000216,0,8,64401.03,64400.3149,-0.7151
8.3,059003.000217,0,7,64817.53,64816.8124,-0.7176
8.3,059003.000218,0,5,64857.15,64858.0427,0.8927
8.3,059003.000219,0,8,64865.15,64865.1269,-0.0231
8.3,059003.000220,0,4,64979.55,64979.6103,0.0603
8.3,059003.000431,1,4,65073.26,65076.3446,3.0846
8.3,059003.000221,0,3,65295.9,65297.0891,1.1891
8.3,059003.000432,1,5,65765.17,65762.0223,-3.1477
8.3,059003.000222,0,6,65909.44,65908.9992,-0.4408
8.3,059003.000223,0,8,65922.42,65923.259,0.839
8.3,059003.000224,0,4,65935.25,65934.1706,-1.0794
8.3,059003.000225,0,6,65967.15,65968.0329,0.8829
8.3,059003.000226,0,5,66148.4,66149.0908,0.6908
8.3,059003.000227,0,4,66301.35,66301.3524,0.0024
8.3,059003.000228,0,2,66324.84,66319.69,-5.15
8.3,059003.000229,0,5,66681.14,66681.0789,-0.0611
8.3,059003.000230,0,7,66735.88,66738.7934,2.9134
8.3,059003.000231,0,4,66852.87,66851.7338,-1.1362
8.3,059003.000232,0,5,66867.09,66870.8719,3.7819
8.3,059003.000233,0,4,66943.04,66943.4401,0.4001
8.3,059003.000234,0,5,67049.18,67048.77,-0.41
8.3,059003.000235,0,6,67240.35,67237.9975,-2.3525
8.3,059003.000236,0,7,67395.32,67394.6559,-0.6641
8.3,059003.000237,0,8,67398.79,67397.7941,-0.9959
8.3,059003.000238,0,4,67679.21,67680.1489,0.9389
8.3,059003.000239,0,6,67870.76,67870.8221,0.0621
8.3,059003.000240,0,2,67965.47,67965.1956,-0.2744
8.3,059003.000241,0,3,68238.12,68236.5457,-1.5743
8.3,059003.000242,0,4,68305.1,68306.6258,1.5258
8.3,059003.000433,1,5,68331.68,68329.3755,-2.3045
8.3,059003.000243,0,6,68331.75,68331.4392,-0.3108
8.3,059003.000244,0,7,68374.54,68373.1461,-1.3939
8.3,059003.000245,0,7,68492.43,68490.9384,-1.4916
8.3,059003.000246,0,3,68525.62,68525.1587,-0.4613
8.3,059003.000247,0,7,68544.19,68542.3512,-1.8388
8.3,059003.000434,1,2,68556.35,68556.9723,0.6223
8.3,059003.000435,1,3,68676.55,68676.9542,0.4042
8.3,059003.000248,0,4,68801.67,68802.3985,0.7285
8.3,059003.000249,0,5,68978.55,68977.6594,-0.8906
8.3,059003.000250,0,5,68987.07,68988.1425,1.0725
8.3,059003.000251,0,8,69138.28,69141.2496,2.9696
8.3,059003.000252,0,6,69408.51,69407.2025,-1.3075
8.3,059003.000253,0,3,69431.0,69430.1827,-0.8173
8.3,059003.000254,0,3,69681.6,69681.2904,-0.3096
8.3,059003.000255,0,6,69686.26,69684.0812,-2.1788
8.3,059003.000256,0,5,69978.08,69975.6445,-2.4355
8.3,059003.000257,0,3,70381.48,70383.03,1.55
8.3,059003.000258,0,4,71021.1,71020.4062,-0.6938
8.3,059003.000259,0,2,71385.6,71385.1999,-0.4001
8.3,059003.000260,0,4,71501.0,71499.9093,-1.0907
8.3,059003.000261,0,3,71536.38,71536.0766,-0.3034
8.3,059003.000262,0,3,71592.34,71592.7613,0.4213
8.3,059003.000263,0,6,71736.45,71739.6984,3.2484
8.3,059003.000264,0,4,71978.52,71979.4123,0.8923
8.3,059003.000265,0,7,71994.81,72003.6143,8.8043
8.3,059003.000266,0,3,73029.9,73031.8347,1.9347
8.3,059003.000267,0,4,73378.42,73378.2572,-0.1628
8.3,059003.000268,0,3,73606.17,73606.4056,0.2356
8.3,059003.000269,0,3,73609.1,73606.4799,-2.6201
8.3,059003.000270,0,2,74105.2,74104.3967,-0.8033
8.3,059003.000436,1,4,74619.63,74622.0032,2.3732
8.3,059003.000271,0,2,74463.7,74464.9642,1.2642
8.3,059003.000437,1,2,74696.2,74696.7492,0.5492
8.3,059003.000272,0,4,75294.0,75293.2466,-0.7534
8.3,059003.000273,0,4,75409.58,75410.8928,1.3128
8.3,059003.000274,0,4,75560.75,75562.0128,1.2628
8.3,059003.000275,0,5,75614.81,75616.108,1.298
8.3,059003.000276,0,4,75640.0,75637.5718,-2.4282
8.3,059003.000277,0,4,75762.23,75759.8614,-2.3686
8.3,059003.000438,1,4,75982.8,75981.1859,-1.6141
8.3,059003.000439,1,2,76130.52,76130.6791,0.1591
8.3,059003.000440,1,3,76411.04,76413.3473,2.3073
8.3,059003.000441,1,4,76534.72,76536.6083,1.8883
8.3,059003.000278,0,2,76892.4,76893.2427,0.8427
8.3,059003.000442,1,3,76894.56,76897.1601,2.6001
8.3,059003.000279,0,4,77822.0,77822.1943,0.1943
8.3,059003.000280,0,2,78312.91,78312.2456,-0.6644
8.3,059003.000281,0,5,78463.6,78463.9797,0.3797
8.3,059003.000282,0,2,78694.57,78692.6485,-1.9215
8.3,059003.000283,0,3,78889.14,78893.0562,3.9162
8.3,059003.000284,0,4,79136.23,79139.3879,3.1579
8.3,059003.000285,0,4,79366.65,79365.8823,-0.7677
8.3,059003.000443,1,1,79377.15,79379.1107,1.9607
8.3,059003.000444,1,4,79378.38,79382.1208,3.7408
8.3,059003.000286,0,3,79395.55,79399.0085,3.4585
8.3,059003.000287,0,1,79742.36,79741.3599,-1.0001
8.3,059003.000288,0,4,80164.04,80163.2084,-0.8316
8.3,059003.000289,0,2,80360.82,80362.8395,2.0195
8.3,059003.000290,0,3,80897.85,80899.4555,1.6055
8.3,059003.000291,0,6,80988.76,80995.1541,6.3941
8.3,059003.000292,0,2,81404.52,81407.0799,2.5599
8.3,059003.000445,1,1,82082.7,82082.4651,-0.2349
8.3,059003.000293,0,1,82492.4,82492.7294,0.3294
8.3,059003.000294,0,3,83025.91,83022.1162,-3.7938
8.3,059003.000295,0,2,83426.55,83425.0949,-1.4551
8.3,059003.000296,0,4,83607.32,83604.4662,-2.8538
8.3,059003.000297,0,2,83703.43,83708.4492,5.0192
8.3,059003.000446,1,2,84150.65,84150.9662,0.3162
8.3,059003.000447,1,2,84270.44,84268.9212,-1.5188
8.3,059003.000298,0,3,84409.93,84406.8958,-3.0342
8.3,059003.000299,0,2,84410.63,84410.6988,0.0688
8.3,059003.000300,0,2,84430.98,84430.2024,-0.7776
8.3,059003.000448,1,4,84690.2,84686.2076,-3.9924
8.3,059003.000449,1,2,84804.11,84805.6213,1.5113
8.3,059003.000301,0,3,84992.04,84998.5554,6.5154
8.3,059003.000302,0,2,85306.1,85305.2637,-0.8363
8.3,059003.000450,1,0,85981.65,85981.65,0.0
8.3,059003.000451,1,2,86390.45,86389.3004,-1.1496
8.3,059003.000452,1,3,86455.75,86453.3723,-2.3777
8.3,059003.000453,1,2,86938.55,86935.0087,-3.5413
8.3,059003.000303,0,4,87511.6,87513.041,1.441
8.3,059003.000454,1,1,87726.9,87728.8326,1.9326
8.3,059003.000304,0,2,88210.1,88209.0055,-1.0945
8.3,059003.000305,0,2,88948.6,88953.9269,5.3269
8.3,059003.000455,1,1,89969.42,89970.387,0.967
8.3,059003.000306,0,2,90119.8,90121.1127,1.3127
8.3,059003.000307,0,3,90629.2,90629.3389,0.1389
8.3,059003.000308,0,3,92441.7,92439.814,-1.886
8.3,059003.000309,0,2,92554.8,92554.2529,-0.5471
8.3,059003.000310,0,2,93296.5,93300.9299,4.4299
8.3,059003.000311,0,7,93967.4,93969.3139,1.9139
8.3,059003.000312,0,4,95147.9,95149.0694,1.1694
8.3,059003.000313,0,3,96830.5,96827.5148,-2.9852
8.3,059003.000456,1,2,99681.9,99684.748,2.848
8.3,059003.000457,1,3,99938.5,99941.1615,2.6615
8.3,059003.000349,0,5,110295.2,110295.2955,0.0955
8.3,059003.000350,0,4,110333.55,110334.4638,0.9138
8.3,059003.000351,0,5,110530.96,110528.1991,-2.7609
8.3,059003.000352,0,5,110880.92,110880.6484,-0.2716
8.3,059003.000353,0,4,110922.18,110922.8643,0.6843
8.3,059003.000354,0,3,111109.95,111107.6678,-2.2822
8.3,059003.000355,0,4,111268.6,111267.0331,-1.5669
8.3,059003.000356,0,2,111334.87,111336.2388,1.3688
8.3,059003.000357,0,4,111342.43,111343.2795,0.8495
8.3,059003.000358,0,5,111494.56,111493.7145,-0.8455
8.3,059003.000458,1,3,111518.34,111519.5418,1.2018
8.3,059003.000459,1,1,111728.91,111729.2997,0.3897
8.3,059003.000460,1,4,111772.91,111769.0804,-3.8296
8.3,059003.000461,1,2,111779.59,111779.1224,-0.4676
8.3,059003.000462,1,6,111902.78,111901.4244,-1.3556
8.3,059003.000359,0,3,111992.97,111994.2824,1.3124
8.3,059003.000360,0,6,112643.09,112640.5458,-2.5442
8.3,059003.000361,0,7,112769.67,112768.288,-1.382
8.3,059003.000463,1,1,112837.43,112837.4478,0.0178
8.3,059003.000362,0,3,112896.3,112896.606,0.306
8.3,059003.000363,0,2,113023.5,113028.5376,5.0376
8.3,059003.000464,1,4,113064.69,113064.1345,-0.5555
8.3,059003.000364,0,7,113158.53,113159.1035,0.5735
8.3,059003.000465,1,5,113211.64,113211.0757,-0.5643
8.3,059003.000466,1,2,113225.66,113223.6287,-2.0313
8.3,059003.000365,0,6,113291.67,113287.8619,-3.8081
8.3,059003.000366,0,8,113556.8,113555.5358,-1.2642
8.3,059003.000367,0,4,113600.13,113599.2345,-0.8955
8.3,059003.000368,0,3,113630.9,113628.2183,-2.6817
8.3,059003.000369,0,3,113664.57,113666.0139,1.4439
8.3,059003.000370,0,7,113780.27,113779.177,-1.093
8.3,059003.000371,0,1,113825.5,113824.1357,-1.3643
8.3,059003.000372,0,4,113833.9,113835.2738,1.3738
8.3,059003.000467,1,7,113854.85,113853.0101,-1.8399
8.3,059003.000468,1,2,113894.44,113892.9832,-1.4568
8.3,059003.000373,0,9,113914.16,113920.8763,6.7163
8.3,059003.000374,0,3,114725.6,114723.3908,-2.2092
8.3,059003.000375,0,5,114797.12,114797.6537,0.5337
8.3,059003.000376,0,0,114970.95,114970.95,0.0
8.3,059003.000469,1,3,115094.1,115093.7447,-0.3553
8.3,059003.000470,1,4,115176.16,115175.8328,-0.3272
8.3,059003.000471,1,6,115218.75,115220.536,1.786
8.3,059003.000377,0,5,115324.47,115325.205,0.735
8.3,059003.000378,0,6,115403.34,115404.2598,0.9198
8.3,059003.000379,0,5,115408.39,115407.9687,-0.4213
8.3,059003.000380,0,2,115420.8,115421.2414,0.4414
8.3,059003.000472,1,4,115489.74,115488.3479,-1.3921
8.3,059003.000381,0,9,115499.67,115498.3654,-1.3046
8.3,059003.000382,0,4,115670.0,115671.4003,1.4003
8.3,059003.000383,0,5,115672.26,115671.747,-0.513
8.3,059003.000473,1,0,115712.03,115712.03,0.0
8.3,059003.000384,0,4,115800.17,115797.271,-2.899
8.3,059003.000474,1,6,115881.55,115881.8748,0.3248
8.3,059003.000385,0,8,115933.14,115933.8045,0.6645
8.3,059003.000475,1,5,115990.73,115999.1725,8.4425
8.3,059003.000386,0,3,116021.78,116020.8251,-0.9549
8.3,059003.000476,1,5,116078.6,116077.5266,-1.0734
8.3,059003.000387,0,7,116238.71,116241.5018,2.7918
8.3,059003.000388,0,3,116309.14,116307.4348,-1.7052
8.3,059003.000389,0,5,116453.2,116452.9929,-0.2071
8.3,059003.000390,0,2,116489.75,116490.6688,0.9188
8.3,059003.000391,0,4,116727.1,116723.7341,-3.3659
8.3,059003.000477,1,1,116777.55,116776.7095,-0.8405
8.3,059003.000392,0,4,117044.6,117044.4091,-0.1909
8.3,059003.000393,0,4,117248.2,117250.2701,2.0701
8.3,059003.000394,0,3,117323.1,117323.8554,0.7554
8.3,059003.000478,1,3,117359.3,117357.3274,-1.9726
8.3,059003.000479,1,2,117376.01,117375.292,-0.718
8.3,059003.000480,1,5,117385.1,117385.1025,0.0025
8.3,059003.000481,1,6,117397.8,117399.2769,1.4769
8.3,059003.000482,1,7,117507.88,117505.9264,-1.9536
8.3,059003.000395,0,4,117540.5,117549.5714,9.0714
8.3,059003.000396,0,3,117574.5,117573.4565,-1.0435
8.3,059003.000483,1,2,117592.2,117592.7319,0.5319
8.3,059003.000397,0,5,117647.2,117648.3164,1.1164
8.3,059003.000398,0,3,117686.4,117684.88,-1.52
8.3,059003.000399,0,4,117775.3,117775.6724,0.3724
8.3,059003.000400,0,2,118063.0,118064.4275,1.4275
8.3,059003.000484,1,4,118069.2,118070.3281,1.1281
8.3,059003.000401,0,5,118081.1,118078.693,-2.407
8.3,059003.000402,0,6,118201.4,118206.8017,5.4017
8.3,059003.000485,1,4,118224.13,118227.4568,3.3268
8.3,059003.000403,0,3,118271.6,118270.073,-1.527
8.3,059003.000404,0,3,118318.6,118320.3035,1.7035
8.3,059003.000405,0,5,118468.8,118466.0399,-2.7601
8.3,059003.000486,1,4,118588.65,118587.5459,-1.1041
8.3,059003.000406,0,2,118610.9,118612.2291,1.3291
8.3,059003.000487,1,3,118860.77,118859.1766,-1.5934
8.3,059003.000407,0,4,118879.3,118886.28,6.98
8.3,059003.000488,1,4,118885.4,118888.5558,3.1558
8.3,059003.000489,1,7,118987.0,118984.9034,-2.0966
8.3,059003.000490,1,3,119019.05,119024.3039,5.2539
8.3,059003.000491,1,2,119077.25,119078.9606,1.7106
8.3,059003.000408,0,4,120498.7,120499.1576,0.4576
8.3,059003.000492,1,4,120715.55,120715.6517,0.1017
8.3,059003.000409,0,3,121095.2,121095.9588,0.7588
8.3,059003.000410,0,3,121119.2,121124.4232,5.2232
8.3,059003.000411,0,5,121382.6,121385.3499,2.7499
8.3,059003.000493,1,4,121411.77,121413.2158,1.4458
8.3,059003.000412,0,4,121431.2,121431.016,-0.184
8.3,059003.000413,0,5,121532.5,121532.3946,-0.1054
8.3,059003.000494,1,1,121580.9,121580.6517,-0.2483
8.3,059003.000495,1,2,121582.6,121582.7561,0.1561
8.3,059003.000496,1,6,122141.46,122139.9984,-1.4616
8.3,059003.000414,0,3,128214.2,128215.3376,1.1376
8.3,059003.000415,0,0,128352.8,128352.8,0.0
8.3,059003.000416,0,1,128381.6,128380.5583,-1.0417
8.3,059003.000417,0,2,128453.2,128452.5245,-0.6755
8.3,059003.000497,1,4,128479.6,128481.3631,1.7631
8.3,059003.000418,0,1,128568.6,128567.7676,-0.8324
8.3,059003.000498,1,1,128800.05,128800.0125,-0.0375
8.3,059003.000499,1,1,128912.95,128912.4813,-0.4687
8.3,059003.000500,1,3,132415.6,132415.3974,-0.2026
8.3,059003.000501,1,2,132651.7,132649.1913,-2.5087
8.3,059003.000502,1,3,132783.0,132789.5055,6.5055
8.3,059003.000503,1,4,132958.22,132955.2117,-3.0083
8.3,059003.000504,1,2,133037.3,133040.0461,2.7461
8.3,059003.000505,1,3,133150.95,133153.0678,2.1178
8.3,059003.000422,0,0,133194.3,133194.3,0.0
8.3,059003.000423,0,0,133242.3,133242.3,0.0
8.3,059003.000506,1,4,133306.9,133307.5069,0.6069
8.3,059003.000424,0,2,133352.2,133345.6796,-6.5204
8.3,059003.000507,1,1,133370.49,133371.3127,0.8227
8.3,059003.000425,0,3,133373.0,133378.9249,5.9249
8.3,059003.000508,1,1,133511.58,133512.1644,0.5844
8.3,059003.000509,1,1,133566.52,133565.1377,-1.3823
8.3,059003.000510,1,0,133594.97,133594.97,0.0
8.3,059003.000511,1,0,133650.5,133650.5,0.0
8.3,059003.000512,1,2,134001.32,134003.5831,2.2631
8.3,059003.000513,1,1,134007.65,134007.9512,0.3012
8.3,059003.000514,1,1,134069.5,134071.9178,2.4178
8.3,059003.000515,1,1,134163.18,134163.5631,0.3831
8.3,059003.000516,1,2,134163.33,134165.9392,2.6092
8.3,059003.000517,1,3,134220.3,134219.5294,-0.7706
8.3,059003.000518,1,1,134375.6,134373.588,-2.012
8.3,059003.000519,1,0,134868.82,134868.82,0.0
8.3,059003.000520,1,2,134932.15,134928.7845,-3.3655
8.3,059003.000521,1,2,135896.6,135897.2022,0.6022
8.3,059003.000522,1,0,135927.0,135927.0,0.0
8.3,059003.000523,1,1,136034.02,136037.0403,3.0203
8.3,059003.000524,1,1,136111.0,136115.7138,4.7138
8.3,059003.000525,1,1,136326.7,136327.2212,0.5212
8.3,059003.000526,1,0,136435.34,136435.34,0.0
8.3,059003.000527,1,0,136485.6,136485.6,0.0
8.3,059003.000528,1,1,136606.4,136606.9916,0.5916
8.3,059003.000529,1,1,136643.4,136644.8489,1.4489
8.3,059003.000530,1,0,137960.61,137960.61,0.0
8.3,059003.000531,1,0,138034.95,138034.95,0.0
8.3,059003.000532,1,0,138077.8,138077.8,0.0
8.3,059003.000533,1,0,138342.75,138342.75,0.0
8.3,059003.000534,1,0,138410.5,138410.5,0.0
8.3,059003.000535,1,2,138445.3,138442.6709,-2.6291
8.3,059003.000536,1,1,138839.85,138841.3682,1.5182
8.3,059003.000537,1,0,138900.4,138900.4,0.0
8.3,059003.000538,1,1,139081.4,139082.9054,1.5054
8.3,059003.000041,0,4,12846.66,12845.5321,-1.1279
8.3,059003.000042,0,5,13352.1,13352.8342,0.7342
8.3,059003.000045,0,7,14558.82,14558.9707,0.1507
8.3,059003.000046,0,9,14859.96,14859.6963,-0.2637
8.3,059003.000047,0,5,15045.8,15046.7174,0.9174
8.3,059003.000049,0,4,15454.16,15453.7117,-0.4483
8.3,059003.000050,0,8,15525.5,15525.4516,-0.0484
8.3,059003.000053,0,6,16135.97,16137.2179,1.2479
8.3,059003.000054,0,7,16516.15,16516.6573,0.5073
8.3,059003.000057,0,6,17113.19,17114.6363,1.4463
8.3,059003.000059,0,3,17534.76,17539.2865,4.5265
8.3,059003.000060,0,11,17627.0,17626.3021,-0.6979
8.3,059003.000062,0,11,18063.36,18064.482,1.122
8.3,059003.000063,0,8,18211.76,18210.9264,-0.8336
8.3,059003.000064,0,12,18241.54,18243.0236,1.4836
8.3,059003.000066,0,5,18921.24,18922.8181,1.5781
8.3,059003.000067,0,4,18990.08,18989.0993,-0.9807
8.3,059003.000069,0,8,19308.93,19310.714,1.784
8.3,059003.000070,0,10,19360.1,19362.1354,2.0354
8.3,059003.000071,0,2,19649.67,19651.4613,1.7913
8.3,059003.000072,0,11,19700.9,19701.8251,0.9251
8.3,059003.000073,0,12,19872.43,19871.4875,-0.9425
8.3,059003.000539,1,5,20096.73,20098.6832,1.9532
8.3,059003.000074,0,4,20160.36,20154.5011,-5.8589
8.3,059003.000075,0,7,20315.65,20316.7023,1.0523
8.3,059003.000076,0,7,20848.39,20847.7657,-0.6243
8.3,059003.000078,0,7,21148.43,21142.3744,-6.0556
8.3,059003.000079,0,5,21238.78,21238.0444,-0.7356
8.3,059003.000080,0,8,21294.89,21294.6855,-0.2045
8.3,059003.000081,0,6,21418.84,21417.9481,-0.8919
8.3,059003.000082,0,9,21535.17,21533.8218,-1.3482
8.3,059003.000540,1,5,21598.58,21598.1096,-0.4704
8.3,059003.000083,0,8,21611.19,21616.2128,5.0228
8.3,059003.000084,0,9,21755.84,21755.4848,-0.3552
8.3,059003.000085,0,13,22080.94,22080.6131,-0.3269
8.3,059003.000086,0,6,22277.66,22279.0361,1.3761
8.3,059003.000087,0,10,22527.7,22527.5458,-0.1542
8.3,059003.000088,0,9,22747.69,22747.0037,-0.6863
8.3,059003.000089,0,8,23050.61,23048.9655,-1.6445
8.3,059003.000091,0,13,23175.09,23177.5173,2.4273
8.3,059003.000093,0,5,23442.25,23440.3308,-1.9192
8.3,059003.000095,0,15,23532.86,23533.5689,0.7089
8.3,059003.000096,0,6,23647.77,23645.8636,-1.9064
8.3,059003.000097,0,15,23651.88,23652.3208,0.4408
8.3,059003.000098,0,5,23751.57,23750.8899,-0.6801
8.3,059003.000099,0,6,23844.58,23844.3662,-0.2138
8.3,059003.000100,0,4,23955.37,23955.9539,0.5839
8.3,059003.000101,0,5,24250.62,24248.4627,-2.1573
8.3,059003.000102,0,5,24309.2,24307.9543,-1.2457
8.3,059003.000104,0,11,24461.24,24460.523,-0.717
8.3,059003.000105,0,16,24470.9,24469.8405,-1.0595
8.3,059003.000106,0,7,24788.02,24788.73,0.71
8.3,059003.000108,0,7,25033.91,25034.954,1.044
8.3,059003.000111,0,14,25409.74,25409.9356,0.1956
8.3,059003.000112,0,5,25934.98,25936.1465,1.1665
8.3,059003.000113,0,3,25979.34,25980.0314,0.6914
8.3,059003.000114,0,5,26095.23,26092.9228,-2.3072
8.3,059003.000115,0,13,26446.97,26447.6857,0.7157
8.3,059003.000119,0,11,27138.55,27139.8874,1.3374
8.3,059003.000120,0,9,27380.31,27381.36,1.05
8.3,059003.000121,0,3,27452.45,27453.2689,0.8189
8.3,059003.000123,0,10,27604.26,27604.3833,0.1233
8.3,059003.000125,0,3,28399.43,28398.8572,-0.5728
8.3,059003.000126,0,10,28720.71,28721.9772,1.2672
8.3,059003.000127,0,6,28885.14,28886.5357,1.3957
8.3,059003.000128,0,5,28936.46,28935.5697,-0.8903
8.3,059003.000129,0,8,29263.08,29265.7945,2.7145
8.3,059003.000130,0,8,29267.86,29265.927,-1.933
8.3,059003.000131,0,10,29835.09,29835.0121,-0.0779
8.3,059003.000132,0,5,30505.72,30502.7816,-2.9384
8.3,059003.000133,0,4,30733.53,30733.245,-0.285
8.3,059003.000134,0,7,30994.55,30994.1119,-0.4381
8.3,059003.000135,0,10,31254.71,31254.4432,-0.2668
8.3,059003.000137,0,2,31803.7,31804.0839,0.3839
8.3,059003.000138,0,5,32288.92,32295.899,6.979
8.3,059003.000139,0,3,32760.11,32760.2762,0.1662
8.3,059003.000140,0,3,33338.37,33336.7513,-1.6187
8.3,059003.000141,0,5,33466.41,33468.7563,2.3463
8.3,059003.000142,0,5,33659.99,33658.9924,-0.9976
8.3,059003.000143,0,6,34198.61,34194.2419,-4.3681
8.3,059003.000144,0,6,34520.27,34520.9242,0.6542
8.3,059003.000145,0,9,34825.49,34824.727,-0.763
8.3,059003.000146,0,11,35024.49,35023.5569,-0.9331
8.3,059003.000147,0,5,35137.82,35142.1674,4.3474
8.3,059003.000148,0,8,35291.0,35291.1932,0.1932
8.3,059003.000149,0,4,35384.17,35383.6467,-0.5233
8.3,059003.000150,0,10,35801.12,35800.2614,-0.8586
8.3,059003.000151,0,7,35828.46,35825.9128,-2.5472
8.3,059003.000152,0,5,35863.74,35862.1561,-1.5839
8.3,059003.000153,0,10,36640.38,36642.695,2.315
8.3,059003.000154,0,11,36642.13,36644.2021,2.0721
8.3,059003.000155,0,5,36652.29,36649.3671,-2.9229
8.3,059003.000156,0,13,36670.57,36668.5166,-2.0534
8.3,059003.000157,0,4,36683.21,36682.48,-0.73
8.3,059003.000158,0,7,37011.92,37012.4882,0.5682
8.3,059003.000159,0,9,37197.64,37202.9436,5.3036
8.3,059003.000160,0,4,37919.58,37921.4212,1.8412
8.3,059003.000161,0,9,38448.38,38446.9559,-1.4241
8.3,059003.000162,0,4,38549.9,38555.2183,5.3183
8.3,059003.000163,0,5,38694.51,38698.9638,4.4538
8.3,059003.000164,0,16,38701.59,38694.2015,-7.3885
8.3,059003.000165,0,4,38726.5,38727.4379,0.9379
8.3,059003.000166,0,8,38785.76,38789.1151,3.3551
8.3,059003.000167,0,7,39024.27,39024.8259,0.5559
8.3,059003.000168,0,4,39120.4,39118.3507,-2.0493
8.3,059003.000170,0,3,39485.48,39485.4393,-0.0407
8.3,059003.000171,0,10,39725.99,39729.6928,3.7028
8.3,059003.000172,0,12,39732.99,39736.1485,3.1585
8.3,059003.000173,0,8,39870.17,39867.7558,-2.4142
8.3,059003.000175,0,7,40098.66,40095.1114,-3.5486
8.3,059003.000176,0,3,40205.74,40211.1173,5.3773
8.3,059003.000177,0,6,41023.98,41024.1917,0.2117
8.3,059003.000178,0,4,41026.87,41033.6816,6.8116
8.3,059003.000179,0,8,44679.98,44677.2883,-2.6917
8.3,059003.000180,0,12,44903.42,44901.9511,-1.4689
8.3,059003.000181,0,8,45805.95,45804.8894,-1.0606
8.3,059003.000182,0,8,45807.1,45807.9158,0.8158
8.3,059003.000183,0,3,45844.65,45846.4626,1.8126
8.3,059003.000184,0,5,46783.64,46785.1033,1.4633
8.3,059003.000185,0,7,48401.64,48402.7389,1.0989
8.3,059003.000186,0,5,48745.48,48743.1232,-2.3568
8.3,059003.000187,0,3,50227.79,50229.8183,2.0283
8.3,059003.000188,0,8,50647.35,50646.5491,-0.8009
8.3,059003.000189,0,8,50658.72,50652.322,-6.398
8.3,059003.000190,0,6,50869.3,50864.739,-4.561
8.3,059003.000191,0,8,51312.8,51310.2053,-2.5947
8.3,059003.000192,0,5,52026.9,52024.401,-2.499
8.3,059003.000541,1,4,100214.99,100214.5315,-0.4585
8.3,059003.000314,0,3,100321.12,100321.4141,0.2941
8.3,059003.000315,0,2,100430.29,100430.7233,0.4333
8.3,059003.000316,0,2,100625.04,100624.808,-0.232
8.3,059003.000317,0,1,100788.95,100788.8044,-0.1456
8.3,059003.000318,0,2,100947.18,100946.8429,-0.3371
8.3,059003.000319,0,2,101071.43,101069.541,-1.889
8.3,059003.000320,0,2,101165.33,101167.6969,2.3669
8.3,059003.000321,0,2,101446.27,101444.4471,-1.8229
8.3,059003.000322,0,5,101665.58,101665.1109,-0.4691
8.3,059003.000323,0,1,101680.38,101680.6394,0.2594
8.3,059003.000542,1,2,101778.0,101776.2814,-1.7186
8.3,059003.000324,0,4,102435.67,102436.9201,1.2501
8.3,059003.000325,0,5,102484.66,102485.8994,1.2394
8.3,059003.000326,0,4,102617.24,102617.8513,0.6113
8.3,059003.000327,0,3,102830.43,102831.3686,0.9386
8.3,059003.000328,0,2,102981.94,102984.5103,2.5703
8.3,059003.000329,0,1,103308.53,103307.7163,-0.8137
8.3,059003.000330,0,5,103335.06,103335.7243,0.6643
8.3,059003.000331,0,4,103344.35,103343.4095,-0.9405
8.3,059003.000332,0,0,103484.19,103484.19,0.0
8.3,059003.000333,0,4,103805.38,103804.7824,-0.5976
8.3,059003.000334,0,1,103895.83,103896.5138,0.6838
8.3,059003.000543,1,3,103973.35,103968.6528,-4.6972
8.3,059003.000335,0,3,104598.99,104598.1672,-0.8228
8.3,059003.000336,0,4,104788.68,104788.5626,-0.1174
8.3,059003.000337,0,3,104904.55,104904.4721,-0.0779
8.3,059003.000338,0,2,105019.06,105018.9715,-0.0885
8.3,059003.000339,0,2,105049.72,105047.9788,-1.7412
8.3,059003.000544,1,2,105191.13,105193.1423,2.0123
8.3,059003.000545,1,4,105338.51,105339.1763,0.6663
8.3,059003.000340,0,3,105450.18,105449.7962,-0.3838
8.3,059003.000546,1,1,105485.3,105484.6926,-0.6074
8.3,059003.000547,1,2,105534.64,105534.9778,0.3378
8.3,059003.000341,0,3,105566.62,105566.9525,0.3325
8.3,059003.000342,0,2,105632.16,105633.3909,1.2309
8.3,059003.000548,1,2,106153.75,106154.6605,0.9105
8.3,059003.000549,1,4,106224.22,106221.3104,-2.9096
8.3,059003.000550,1,3,106306.51,106308.052,1.542
8.3,059003.000551,1,4,106384.65,106382.8997,-1.7503
8.3,059003.000552,1,5,106394.09,106394.5683,0.4783
8.3,059003.000553,1,3,106468.42,106469.18,0.76
8.3,059003.000343,0,3,106665.07,106664.7152,-0.3548
8.3,059003.000344,0,1,106745.65,106743.9085,-1.7415
8.3,059003.000345,0,1,107081.94,107081.481,-0.459
8.3,059003.000554,1,2,107177.8,107178.3755,0.5755
8.3,059003.000555,1,3,107223.2,107222.2202,-0.9798
8.3,059003.000556,1,2,107262.71,107263.0505,0.3405
8.3,059003.000346,0,2,107299.07,107299.4397,0.3697
8.3,059003.000557,1,1,107403.91,107403.7014,-0.2086
8.3,059003.000558,1,3,107697.07,107696.0238,-1.0462
8.3,059003.000347,0,3,107854.46,107853.9812,-0.4788
8.3,059003.000559,1,3,107978.56,107977.9036,-0.6564
8.3,059003.000348,0,7,108559.4,108558.7266,-0.6734
8.3,059003.000560,1,4,108574.0,108572.979,-1.021
8.3,059003.000561,1,4,111039.75,111037.1694,-2.5806
8.3,059003.000562,1,3,111193.29,111190.4222,-2.8678
8.3,059003.000563,1,2,113854.23,113857.1668,2.9368
8.3,059003.000564,1,2,115439.45,115440.0771,0.6271
8.3,059003.000565,1,1,119225.52,119224.8113,-0.7087
8.3,059003.000566,1,2,121143.3,121144.6788,1.3788
8.3,059003.000567,1,1,122932.6,122933.7099,1.1099
8.3,059003.000568,1,2,124594.4,124592.9054,-1.4946
8.3,059003.000569,1,1,125145.1,125145.3101,0.2101
8.3,059003.000570,1,2,126743.3,126742.9038,-0.3962
8.3,059003.000571,1,2,129009.15,129008.1354,-1.0146
8.3,059003.000419,0,4,129106.1,129108.7865,2.6865
8.3,059003.000572,1,4,129454.45,129454.8764,0.4264
8.3,059003.000573,1,2,129744.09,129742.9423,-1.1477
8.3,059003.000574,1,0,129934.5,129934.5,0.0
8.3,059003.000575,1,2,130218.64,130216.6546,-1.9854
8.3,059003.000420,0,3,131200.3,131201.8336,1.5336
8.3,059003.000421,0,4,131226.3,131225.3521,-0.9479
8.3,059003.000576,1,2,131788.15,131790.4344,2.2844
8.3,059003.000577,1,4,131980.0,131978.2696,-1.7304
8.3,059003.000426,0,6,133393.2,133394.4745,1.2745
8.3,059003.000427,0,3,133503.9,133506.5789,2.6789
8.3,059003.000578,1,2,134394.16,134394.1047,-0.0553
8.3,059003.000579,1,1,134402.02,134402.5549,0.5349
8.3,059003.000580,1,3,134402.83,134403.7695,0.9395
8.3,059003.000581,1,2,134405.44,134405.0886,-0.3514
8.3,059003.000582,1,0,134425.98,134425.98,0.0
8.3,059003.000583,1,2,134428.63,134428.1637,-0.4663
8.3,059003.000584,1,2,134433.41,134431.7211,-1.6889
8.3,059003.000585,1,1,134454.31,134455.3763,1.0663
8.3,059003.000586,1,2,134454.76,134453.8907,-0.8693
8.3,059003.000587,1,0,134480.15,134480.15,0.0
8.3,059003.000588,1,3,134480.72,134478.0407,-2.6793
8.3,059003.000589,1,3,134488.7,134486.7926,-1.9074
8.3,059003.000590,1,2,134492.68,134490.1933,-2.4867
8.3,059003.000591,1,0,134496.12,134496.12,0.0
8.3,059003.000428,0,4,135445.2,135445.3434,0.1434
8.3,059003.000429,0,1,135868.8,135869.606,0.806
8.3,059003.000592,1,2,136554.97,136554.2594,-0.7106
8.3,059003.000593,1,2,136555.45,136554.533,-0.917
8.3,059003.000594,1,1,136557.98,136556.6347,-1.3453
8.3,059003.000595,1,2,136559.59,136557.8912,-1.6988
8.3,059003.000596,1,3,136570.81,136569.3976,-1.4124
8.3,059003.000597,1,3,136572.21,136567.9163,-4.2937
8.3,059003.000598,1,1,136589.34,136590.064,0.724
8.3,059003.000599,1,2,136589.44,136589.1625,-0.2775
8.3,059003.000600,1,2,136596.37,136594.4989,-1.8711
8.3,059003.000601,1,2,136596.63,136595.5973,-1.0327
8.3,059003.000602,1,3,136620.17,136618.8256,-1.3444
8.3,059003.000603,1,3,136641.8,136638.4728,-3.3272
8.3,059003.000604,1,1,136641.9,136640.2861,-1.6139
8.3,059003.000605,1,0,136649.4,136649.4,0.0
8.3,059003.000606,1,1,136650.9,136651.4892,0.5892
8.3,059003.000607,1,3,138783.5,138782.2331,-1.2669
8.3,059003.000608,1,2,138787.95,138790.1408,2.1908
8.3,059003.000609,1,4,138794.58,138795.7596,1.1796
8.3,059003.000610,1,1,138796.56,138798.1092,1.5492
8.3,059003.000611,1,2,138799.39,138800.2435,0.8535
8.3,059003.000612,1,3,138799.91,138798.7448,-1.1652
8.3,059003.000613,1,4,138822.38,138821.0343,-1.3457
8.3,059003.000614,1,3,138822.4,138821.0458,-1.3542
8.3,059003.000615,1,0,138827.78,138827.78,0.0
8.3,059003.000616,1,3,138833.55,138834.3044,0.7544
8.3,059003.000617,1,3,138849.86,138849.7354,-0.1246
8.3,059003.000618,1,1,138874.91,138875.2706,0.3606
8.3,059003.000619,1,3,138883.81,138882.0402,-1.7698
8.3,059003.000620,1,0,138888.98,138888.98,0.0
8.3,059003.000621,1,3,138895.87,138896.9364,1.0664
8.3,059003.000622,1,5,141328.85,141330.5083,1.6583
9.7,059003.000001,0,2,0.0,0.0,0.0
9.7,059003.000031,0,3,1398.34,1398.9731,0.6331
9.7,059003.000032,0,6,2893.14,2888.957,-4.183
9.7,059003.000033,0,4,4453.76,4453.3455,-0.4145
9.7,059003.000034,0,5,9370.66,9371.2554,0.5954
9.7,059003.000035,0,4,10032.92,10033.4344,0.5144
9.7,059003.000036,0,8,10138.18,10134.3136,-3.8664
9.7,059003.000037,0,6,10859.06,10861.1953,2.1353
9.7,059003.000038,0,2,10950.24,10952.6895,2.4495
9.7,059003.000039,0,4,11761.69,11763.4654,1.7754
9.7,059003.000040,0,3,12494.63,12495.0363,0.4063
9.7,059003.000043,0,4,13887.6,13888.8355,1.2355
9.7,059003.000044,0,2,14187.35,14184.3623,-2.9877
9.7,059003.000048,0,5,15443.48,15443.0519,-0.4281
9.7,059003.000051,0,6,15705.13,15705.5313,0.4013
9.7,059003.000052,0,3,16089.14,16087.2508,-1.8892
9.7,059003.000055,0,5,16763.98,16763.2303,-0.7497
9.7,059003.000056,0,4,17095.63,17093.5179,-2.1121
9.7,059003.000058,0,3,17409.58,17408.6934,-0.8866
9.7,059003.000061,0,2,17642.06,17640.8717,-1.1883
9.7,059003.000065,0,1,18693.65,18696.1978,2.5478
9.7,059003.000068,0,2,19046.09,19046.3701,0.2801
9.7,059003.000077,0,6,20856.86,20846.5302,-10.3298
9.7,059003.000090,0,2,23091.7,23094.4111,2.7111
9.7,059003.000092,0,3,23245.99,23249.6631,3.6731
9.7,059003.000094,0,1,23465.43,23465.0861,-0.3439
9.7,059003.000103,0,1,24357.98,24355.4814,-2.4986
9.7,059003.000107,0,2,24886.51,24884.0689,-2.4411
9.7,059003.000109,0,0,25244.61,25244.61,0.0
9.7,059003.000110,0,2,25391.75,25388.284,-3.466
9.7,059003.000116,0,0,26447.88,26447.88,0.0
9.7,059003.000117,0,3,26921.49,26921.1491,-0.3409
9.7,059003.000118,0,2,26979.66,26981.13,1.47
9.7,059003.000122,0,4,27597.13,27599.6644,2.5344
9.7,059003.000124,0,2,28101.77,28101.1244,-0.6456
9.7,059003.000430,0,3,30602.83,30604.5179,1.6879
9.7,059003.000136,0,2,31787.93,31786.3514,-1.5786
9.7,059003.000169,0,4,39225.6,39227.1252,1.5252
9.7,059003.000174,0,3,39940.72,39940.5662,-0.1538
9.7,059003.000193,0,0,53092.8,53092.8,0.0
9.7,059003.000194,0,6,58158.08,58156.4674,-1.6126
9.7,059003.000195,0,4,58174.15,58173.0061,-1.1439
9.7,059003.000196,0,5,60166.2,60166.8268,0.6268
9.7,059003.000197,0,5,60419.73,60416.0981,-3.6319
9.7,059003.000198,0,6,60520.32,60522.0606,1.7406
9.7,059003.000199,0,10,61357.04,61356.1964,-0.8436
9.7,059003.000200,0,7,61605.66,61605.3598,-0.3002
9.7,059003.000201,0,4,61717.98,61720.2176,2.2376
9.7,059003.000202,0,8,62062.63,62062.4922,-0.1378
9.7,059003.000203,0,7,62240.83,62239.7199,-1.1101
9.7,059003.000204,0,4,62535.62,62535.1344,-0.4856
9.7,059003.000205,0,3,62558.67,62556.5103,-2.1597
9.7,059003.000206,0,5,62678.7,62676.4145,-2.2855
9.7,059003.000207,0,5,63221.28,63232.3474,11.0674
9.7,059003.000208,0,9,63232.14,63230.6046,-1.5354
9.7,059003.000209,0,3,63576.27,63573.8093,-2.4607
9.7,059003.000210,0,6,63593.35,63595.3583,2.0083
9.7,059003.000211,0,9,63768.66,63768.538,-0.122
9.7,059003.000212,0,6,63816.91,63815.0361,-1.8739
9.7,059003.000213,0,3,64150.94,64154.5887,3.6487
9.7,059003.000214,0,6,64215.45,64213.6268,-1.8232
9.7,059003.000215,0,8,64235.61,64236.0994,0.4894
9.7,059003.000216,0,6,64401.03,64401.3259,0.2959
9.7,059003.000217,0,3,64817.53,64817.3155,-0.2145
9.7,059003.000218,0,7,64857.15,64857.7293,0.5793
9.7,059003.000219,0,6,64865.15,64863.7947,-1.3553
9.7,059003.000220,0,4,64979.55,64979.3631,-0.1869
9.7,059003.000431,1,2,65073.26,65074.055,0.795
9.7,059003.000221,0,5,65295.9,65293.3065,-2.5935
9.7,059003.000432,1,4,65765.17,65761.0623,-4.1077
9.7,059003.000222,0,3,65909.44,65908.8143,-0.6257
9.7,059003.000223,0,6,65922.42,65921.5329,-0.8871
9.7,059003.000224,0,5,65935.25,65938.5064,3.2564
9.7,059003.000225,0,4,65967.15,65964.6479,-2.5021
9.7,059003.000226,0,5,66148.4,66146.5631,-1.8369
9.7,059003.000227,0,4,66301.35,66300.4422,-0.9078
9.7,059003.000228,0,2,66324.84,66326.1736,1.3336
9.7,059003.000229,0,4,66681.14,66680.552,-0.588
9.7,059003.000230,0,6,66735.88,66737.6627,1.7827
9.7,059003.000231,0,5,66852.87,66851.8219,-1.0481
9.7,059003.000232,0,3,66867.09,66866.8184,-0.2716
9.7,059003.000233,0,3,66943.04,66944.5883,1.5483
9.7,059003.000234,0,2,67049.18,67050.8188,1.6388
9.7,059003.000235,0,5,67240.35,67241.8758,1.5258
9.7,059003.000236,0,10,67395.32,67395.1675,-0.1525
9.7,059003.000237,0,7,67398.79,67398.0829,-0.7071
9.7,059003.000238,0,6,67679.21,67678.9514,-0.2586
9.7,059003.000239,0,5,67870.76,67870.213,-0.547
9.7,059003.000240,0,3,67965.47,67962.3696,-3.1004
9.7,059003.000241,0,4,68238.12,68239.6973,1.5773
9.7,059003.000242,0,3,68305.1,68302.879,-2.221
9.7,059003.000433,1,3,68331.68,68335.6205,3.9405
9.7,059003.000243,0,3,68331.75,68330.4901,-1.2599
9.7,059003.000244,0,3,68374.54,68373.4637,-1.0763
9.7,059003.000245,0,5,68492.43,68492.5445,0.1145
9.7,059003.000246,0,3,68525.62,68524.0778,-1.5422
9.7,059003.000247,0,4,68544.19,68542.6166,-1.5734
9.7,059003.000434,1,4,68556.35,68553.8639,-2.4861
9.7,059003.000435,1,4,68676.55,68674.7177,-1.8323
9.7,059003.000248,0,4,68801.67,68795.8634,-5.8066
9.7,059003.000249,0,3,68978.55,68978.7863,0.2363
9.7,059003.000250,0,4,68987.07,68987.5539,0.4839
9.7,059003.000251,0,5,69138.28,69137.8296,-0.4504
9.7,059003.000252,0,6,69408.51,69407.3906,-1.1194
9.7,059003.000253,0,3,69431.0,69432.0186,1.0186
9.7,059003.000254,0,1,69681.6,69679.0183,-2.5817
9.7,059003.000255,0,4,69686.26,69687.2436,0.9836
9.7,059003.000256,0,4,69978.08,69977.4584,-0.6216
9.7,059003.000257,0,5,70381.48,70381.0222,-0.4578
9.7,059003.000258,0,3,71021.1,71020.1059,-0.9941
9.7,059003.000259,0,3,71385.6,71386.3052,0.7052
9.7,059003.000260,0,5,71501.0,71507.996,6.996
9.7,059003.000261,0,2,71536.38,71538.2546,1.8746
9.7,059003.000262,0,3,71592.34,71591.8641,-0.4759
9.7,059003.000263,0,5,71736.45,71735.2012,-1.2488
9.7,059003.000264,0,2,71978.52,71975.3115,-3.2085
9.7,059003.000265,0,2,71994.81,71993.4776,-1.3324
9.7,059003.000266,0,3,73029.9,73031.4609,1.5609
9.7,059003.000267,0,3,73378.42,73381.0778,2.6578
9.7,059003.000268,0,5,73606.17,73603.9989,-2.1711
9.7,059003.000269,0,3,73609.1,73609.1288,0.0288
9.7,059003.000270,0,2,74105.2,74105.1556,-0.0444
9.7,059003.000436,1,3,74619.63,74618.4469,-1.1831
9.7,059003.000271,0,2,74463.7,74462.2023,-1.4977
9.7,059003.000437,1,2,74696.2,74696.4684,0.2684
9.7,059003.000272,0,3,75294.0,75298.7368,4.7368
9.7,059003.000273,0,3,75409.58,75407.8657,-1.7143
9.7,059003.000274,0,3,75560.75,75560.5381,-0.2119
9.7,059003.000275,0,3,75614.81,75613.8917,-0.9183
9.7,059003.000276,0,5,75640.0,75640.7023,0.7023
9.7,059003.000277,0,3,75762.23,75759.0744,-3.1556
9.7,059003.000438,1,4,75982.8,75981.5837,-1.2163
9.7,059003.000439,1,3,76130.52,76129.0413,-1.4787
9.7,059003.000440,1,2,76411.04,76407.6465,-3.3935
9.7,059003.000441,1,4,76534.72,76534.8858,0.1658
9.7,059003.000278,0,4,76892.4,76893.0497,0.6497
9.7,059003.000442,1,3,76894.56,76896.1134,1.5534
9.7,059003.000279,0,2,77822.0,77822.4005,0.4005
9.7,059003.000280,0,2,78312.91,78313.788,0.878
9.7,059003.000281,0,2,78463.6,78466.5678,2.9678
9.7,059003.000282,0,2,78694.57,78690.9443,-3.6257
9.7,059003.000283,0,2,78889.14,78889.0303,-0.1097
9.7,059003.000284,0,3,79136.23,79132.7259,-3.5041
9.7,059003.000285,0,3,79366.65,79366.2312,-0.4188
9.7,059003.000443,1,0,79377.15,79377.15,0.0
9.7,059003.000444,1,3,79378.38,79378.4281,0.0481
9.7,059003.000286,0,3,79395.55,79392.713,-2.837
9.7,059003.000287,0,3,79742.36,79748.1737,5.8137
9.7,059003.000288,0,1,80164.04,80162.5422,-1.4978
9.7,059003.000289,0,2,80360.82,80360.9028,0.0828
9.7,059003.000290,0,3,80897.85,80897.0091,-0.8409
9.7,059003.000291,0,1,80988.76,80986.6921,-2.0679
9.7,059003.000292,0,3,81404.52,81408.7309,4.2109
9.7,059003.000445,1,2,82082.7,82083.5261,0.8261
9.7,059003.000293,0,3,82492.4,82488.1435,-4.2565
9.7,059003.000294,0,3,83025.91,83027.3612,1.4512
9.7,059003.000295,0,3,83426.55,83428.9355,2.3855
9.7,059003.000296,0,4,83607.32,83606.2156,-1.1044
9.7,059003.000297,0,2,83703.43,83703.7025,0.2725
9.7,059003.000446,1,4,84150.65,84151.2429,0.5929
9.7,059003.000447,1,4,84270.44,84269.9918,-0.4482
9.7,059003.000298,0,5,84409.93,84413.5773,3.6473
9.7,059003.000299,0,3,84410.63,84406.3326,-4.2974
9.7,059003.000300,0,2,84430.98,84433.3947,2.4147
9.7,059003.000448,1,2,84690.2,84685.1577,-5.0423
9.7,059003.000449,1,3,84804.11,84804.5726,0.4626
9.7,059003.000301,0,2,84992.04,84991.8329,-0.2071
9.7,059003.000302,0,2,85306.1,85312.575,6.475
9.7,059003.000450,1,1,85981.65,85975.8072,-5.8428
9.7,059003.000451,1,3,86390.45,86392.5498,2.0998
9.7,059003.000452,1,3,86455.75,86454.857,-0.893
9.7,059003.000453,1,2,86938.55,86935.3577,-3.1923
9.7,059003.000303,0,1,87511.6,87509.7683,-1.8317
9.7,059003.000454,1,3,87726.9,87725.026,-1.874
9.7,059003.000304,0,4,88210.1,88210.1763,0.0763
9.7,059003.000305,0,3,88948.6,88949.4839,0.8839
9.7,059003.000455,1,2,89969.42,89970.2687,0.8487
9.7,059003.000306,0,6,90119.8,90128.3923,8.5923
9.7,059003.000307,0,2,90629.2,90630.3051,1.1051
9.7,059003.000308,0,2,92441.7,92439.0003,-2.6997
9.7,059003.000309,0,2,92554.8,92560.7484,5.9484
9.7,059003.000310,0,4,93296.5,93299.521,3.021
9.7,059003.000311,0,3,93967.4,93959.6064,-7.7936
9.7,059003.000312,0,2,95147.9,95147.1033,-0.7967
9.7,059003.000313,0,4,96830.5,96829.5216,-0.9784
9.7,059003.000456,1,2,99681.9,99680.615,-1.285
9.7,059003.000457,1,2,99938.5,99938.0674,-0.4326
9.7,059003.000349,0,5,110295.2,110292.256,-2.944
9.7,059003.000350,0,2,110333.55,110331.4766,-2.0734
9.7,059003.000351,0,3,110530.96,110531.1943,0.2343
9.7,059003.000352,0,4,110880.92,110878.1171,-2.8029
9.7,059003.000353,0,6,110922.18,110920.0589,-2.1211
9.7,059003.000354,0,4,111109.95,111110.2006,0.2506
9.7,059003.000355,0,1,111268.6,111266.7032,-1.8968
9.7,059003.000356,0,4,111334.87,111337.7174,2.8474
9.7,059003.000357,0,1,111342.43,111340.7722,-1.6578
9.7,059003.000358,0,2,111494.56,111492.7859,-1.7741
9.7,059003.000458,1,3,111518.34,111516.6144,-1.7256
9.7,059003.000459,1,1,111728.91,111727.2556,-1.6544
9.7,059003.000460,1,3,111772.91,111771.5757,-1.3343
9.7,059003.000461,1,1,111779.59,111778.21,-1.38
9.7,059003.000462,1,7,111902.78,111900.4811,-2.2989
9.7,059003.000359,0,2,111992.97,111989.7996,-3.1704
9.7,059003.000360,0,2,112643.09,112639.8323,-3.2577
9.7,059003.000361,0,8,112769.67,112765.3532,-4.3168
9.7,059003.000463,1,2,112837.43,112837.0286,-0.4014
9.7,059003.000362,0,2,112896.3,112891.1122,-5.1878
9.7,059003.000363,0,3,113023.5,113021.5442,-1.9558
9.7,059003.000464,1,4,113064.69,113061.808,-2.882
9.7,059003.000364,0,8,113158.53,113158.6842,0.1542
9.7,059003.000465,1,5,113211.64,113212.0944,0.4544
9.7,059003.000466,1,2,113225.66,113225.3098,-0.3502
9.7,059003.000365,0,5,113291.67,113293.0059,1.3359
9.7,059003.000366,0,6,113556.8,113558.8235,2.0235
9.7,059003.000367,0,4,113600.13,113596.2561,-3.8739
9.7,059003.000368,0,6,113630.9,113629.7471,-1.1529
9.7,059003.000369,0,6,113664.57,113666.3325,1.7625
9.7,059003.000370,0,3,113780.27,113781.8475,1.5775
9.7,059003.000371,0,2,113825.5,113824.9072,-0.5928
9.7,059003.000372,0,1,113833.9,113836.3686,2.4686
9.7,059003.000467,1,8,113854.85,113852.7649,-2.0851
9.7,059003.000468,1,4,113894.44,113893.1676,-1.2724
9.7,059003.000373,0,8,113914.16,113917.2926,3.1326
9.7,059003.000374,0,2,114725.6,114724.4108,-1.1892
9.7,059003.000375,0,6,114797.12,114796.7927,-0.3273
9.7,059003.000376,0,0,114970.95,114970.95,0.0
9.7,059003.000469,1,3,115094.1,115094.8344,0.7344
9.7,059003.000470,1,2,115176.16,115176.2388,0.0788
9.7,059003.000471,1,5,115218.75,115217.9561,-0.7939
9.7,059003.000377,0,9,115324.47,115325.7299,1.2599
9.7,059003.000378,0,3,115403.34,115404.4426,1.1026
9.7,059003.000379,0,5,115408.39,115408.1188,-0.2712
9.7,059003.000380,0,6,115420.8,115421.4195,0.6195
9.7,059003.000472,1,2,115489.74,115491.1053,1.3653
9.7,059003.000381,0,7,115499.67,115498.023,-1.647
9.7,059003.000382,0,3,115670.0,115666.7955,-3.2045
9.7,059003.000383,0,6,115672.26,115675.3775,3.1175
9.7,059003.000473,1,1,115712.03,115712.4067,0.3767
9.7,059003.000384,0,5,115800.17,115801.1487,0.9787
9.7,059003.000474,1,5,115881.55,115881.8379,0.2879
9.7,059003.000385,0,4,115933.14,115932.1377,-1.0023
9.7,059003.000475,1,6,115990.73,115986.4442,-4.2858
9.7,059003.000386,0,4,116021.78,116021.9504,0.1704
9.7,059003.000476,1,7,116078.6,116079.68,1.08
9.7,059003.000387,0,6,116238.71,116240.7494,2.0394
9.7,059003.000388,0,2,116309.14,116307.8449,-1.2951
9.7,059003.000389,0,6,116453.2,116453.8217,0.6217
9.7,059003.000390,0,3,116489.75,116486.317,-3.433
9.7,059003.000391,0,4,116727.1,116721.3161,-5.7839
9.7,059003.000477,1,4,116777.55,116779.8535,2.3035
9.7,059003.000392,0,6,117044.6,117039.5722,-5.0278
9.7,059003.000393,0,3,117248.2,117250.2659,2.0659
9.7,059003.000394,0,3,117323.1,117326.1344,3.0344
9.7,059003.000478,1,3,117359.3,117356.3174,-2.9826
9.7,059003.000479,1,4,117376.01,117377.6612,1.6512
9.7,059003.000480,1,4,117385.1,117387.8464,2.7464
9.7,059003.000481,1,3,117397.8,117398.2417,0.4417
9.7,059003.000482,1,5,117507.88,117507.1486,-0.7314
9.7,059003.000395,0,3,117540.5,117542.0788,1.5788
9.7,059003.000396,0,4,117574.5,117576.2947,1.7947
9.7,059003.000483,1,6,117592.2,117586.8137,-5.3863
9.7,059003.000397,0,4,117647.2,117649.3847,2.1847
9.7,059003.000398,0,4,117686.4,117688.2473,1.8473
9.7,059003.000399,0,3,117775.3,117776.5302,1.2302
9.7,059003.000400,0,2,118063.0,118063.3559,0.3559
9.7,059003.000484,1,5,118069.2,118067.8236,-1.3764
9.7,059003.000401,0,5,118081.1,118080.9458,-0.1542
9.7,059003.000402,0,4,118201.4,118200.366,-1.034
9.7,059003.000485,1,4,118224.13,118229.3823,5.2523
9.7,059003.000403,0,3,118271.6,118271.8881,0.2881
9.7,059003.000404,0,3,118318.6,118323.4537,4.8537
9.7,059003.000405,0,5,118468.8,118467.8155,-0.9845
9.7,059003.000486,1,5,118588.65,118590.0402,1.3902
9.7,059003.000406,0,2,118610.9,118611.7471,0.8471
9.7,059003.000487,1,4,118860.77,118861.5418,0.7718
9.7,059003.000407,0,2,118879.3,118877.5737,-1.7263
9.7,059003.000488,1,5,118885.4,118885.1669,-0.2331
9.7,059003.000489,1,4,118987.0,118985.9922,-1.0078
9.7,059003.000490,1,2,119019.05,119019.4582,0.4082
9.7,059003.000491,1,1,119077.25,119076.3871,-0.8629
9.7,059003.000408,0,5,120498.7,120497.0326,-1.6674
9.7,059003.000492,1,4,120715.55,120716.1554,0.6054
9.7,059003.000409,0,5,121095.2,121095.2729,0.0729
9.7,059003.000410,0,2,121119.2,121120.5048,1.3048
9.7,059003.000411,0,5,121382.6,121381.5353,-1.0647
9.7,059003.000493,1,4,121411.77,121411.2936,-0.4764
9.7,059003.000412,0,3,121431.2,121431.1038,-0.0962
9.7,059003.000413,0,4,121532.5,121531.1757,-1.3243
9.7,059003.000494,1,2,121580.9,121581.3809,0.4809
9.7,059003.000495,1,5,121582.6,121589.3313,6.7313
9.7,059003.000496,1,4,122141.46,122141.3115,-0.1485
9.7,059003.000414,0,1,128214.2,128216.58,2.38
9.7,059003.000415,0,0,128352.8,128351.903,-0.897
9.7,059003.000416,0,0,128381.6,128381.6,0.0
9.7,059003.000417,0,2,128453.2,128454.1016,0.9016
9.7,059003.000497,1,3,128479.6,128480.1958,0.5958
9.7,059003.000418,0,1,128568.6,128570.6691,2.0691
9.7,059003.000498,1,2,128800.05,128800.2207,0.1707
9.7,059003.000499,1,3,128912.95,128911.4358,-1.5142
9.7,059003.000500,1,3,132415.6,132417.4886,1.8886
9.7,059003.000501,1,2,132651.7,132649.2434,-2.4566
9.7,059003.000502,1,2,132783.0,132778.7476,-4.2524
9.7,059003.000503,1,2,132958.22,132964.28,6.06
9.7,059003.000504,1,2,133037.3,133038.2601,0.9601
9.7,059003.000505,1,0,133150.95,133150.95,0.0
9.7,059003.000422,0,0,133194.3,133194.3,0.0
9.7,059003.000423,0,0,133242.3,133242.3,0.0
9.7,059003.000506,1,4,133306.9,133306.25,-0.65
9.7,059003.000424,0,4,133352.2,133348.1359,-4.0641
9.7,059003.000507,1,1,133370.49,133371.4994,1.0094
9.7,059003.000425,0,1,133373.0,133371.4721,-1.5279
9.7,059003.000508,1,2,133511.58,133517.3271,5.7471
9.7,059003.000509,1,2,133566.52,133562.8613,-3.6587
9.7,059003.000510,1,3,133594.97,133587.3801,-7.5899
9.7,059003.000511,1,1,133650.5,133649.7676,-0.7324
9.7,059003.000512,1,2,134001.32,133998.7343,-2.5857
9.7,059003.000513,1,0,134007.65,134007.65,0.0
9.7,059003.000514,1,1,134069.5,134067.6706,-1.8294
9.7,059003.000515,1,1,134163.18,134165.0056,1.8256
9.7,059003.000516,1,2,134163.33,134171.2433,7.9133
9.7,059003.000517,1,3,134220.3,134214.8869,-5.4131
9.7,059003.000518,1,0,134375.6,134375.6,0.0
9.7,059003.000519,1,0,134868.82,134868.82,0.0
9.7,059003.000520,1,2,134932.15,134932.1703,0.0203
9.7,059003.000521,1,2,135896.6,135895.3969,-1.2031
9.7,059003.000522,1,0,135927.0,135927.3292,0.3292
9.7,059003.000523,1,2,136034.02,136030.9871,-3.0329
9.7,059003.000524,1,0,136111.0,136111.0,0.0
9.7,059003.000525,1,1,136326.7,136327.7298,1.0298
9.7,059003.000526,1,4,136435.34,136440.9756,5.6356
9.7,059003.000527,1,0,136485.6,136485.6,0.0
9.7,059003.000528,1,1,136606.4,136604.646,-1.754
9.7,059003.000529,1,0,136643.4,136643.4,0.0
9.7,059003.000530,1,0,137960.61,137960.61,0.0
9.7,059003.000531,1,1,138034.95,138033.938,-1.012
9.7,059003.000532,1,0,138077.8,138077.8,0.0
9.7,059003.000533,1,0,138342.75,138342.75,0.0
9.7,059003.000534,1,0,138410.5,138410.5,0.0
9.7,059003.000535,1,1,138445.3,138447.2984,1.9984
9.7,059003.000536,1,1,138839.85,138840.3323,0.4823
9.7,059003.000537,1,0,138900.4,138899.7885,-0.6115
9.7,059003.000538,1,1,139081.4,139076.3854,-5.0146
9.7,059003.000041,0,4,12846.66,12845.1828,-1.4772
9.7,059003.000042,0,3,13352.1,13351.455,-0.645
9.7,059003.000045,0,6,14558.82,14558.2628,-0.5572
9.7,059003.000046,0,4,14859.96,14858.7197,-1.2403
9.7,059003.000047,0,2,15045.8,15044.7664,-1.0336
9.7,059003.000049,0,4,15454.16,15449.2293,-4.9307
9.7,059003.000050,0,8,15525.5,15521.1085,-4.3915
9.7,059003.000053,0,5,16135.97,16138.6315,2.6615
9.7,059003.000054,0,7,16516.15,16516.7,0.55
9.7,059003.000057,0,10,17113.19,17107.0838,-6.1062
9.7,059003.000059,0,3,17534.76,17534.1807,-0.5793
9.7,059003.000060,0,9,17627.0,17625.5204,-1.4796
9.7,059003.000062,0,9,18063.36,18061.592,-1.768
9.7,059003.000063,0,5,18211.76,18212.3331,0.5731
9.7,059003.000064,0,10,18241.54,18239.1071,-2.4329
9.7,059003.000066,0,4,18921.24,18922.6247,1.3847
9.7,059003.000067,0,4,18990.08,18989.1556,-0.9244
9.7,059003.000069,0,9,19308.93,19308.1165,-0.8135
9.7,059003.000070,0,10,19360.1,19360.2251,0.1251
9.7,059003.000071,0,1,19649.67,19648.7294,-0.9406
9.7,059003.000072,0,7,19700.9,19701.2196,0.3196
9.7,059003.000073,0,12,19872.43,19872.9211,0.4911
9.7,059003.000539,1,6,20096.73,20101.6986,4.9686
9.7,059003.000074,0,3,20160.36,20164.4375,4.0775
9.7,059003.000075,0,6,20315.65,20315.4673,-0.1827
9.7,059003.000076,0,6,20848.39,20848.12,-0.27
9.7,059003.000078,0,3,21148.43,21153.9175,5.4875
9.7,059003.000079,0,5,21238.78,21237.5936,-1.1864
9.7,059003.000080,0,11,21294.89,21293.2826,-1.6074
9.7,059003.000081,0,10,21418.84,21418.3787,-0.4613
9.7,059003.000082,0,9,21535.17,21536.2105,1.0405
9.7,059003.000540,1,4,21598.58,21595.5809,-2.9991
9.7,059003.000083,0,8,21611.19,21610.7253,-0.4647
9.7,059003.000084,0,8,21755.84,21754.7681,-1.0719
9.7,059003.000085,0,12,22080.94,22078.8811,-2.0589
9.7,059003.000086,0,7,22277.66,22278.8899,1.2299
9.7,059003.000087,0,6,22527.7,22528.0354,0.3354
9.7,059003.000088,0,12,22747.69,22745.1248,-2.5652
9.7,059003.000089,0,5,23050.61,23051.0517,0.4417
9.7,059003.000091,0,8,23175.09,23175.3797,0.2897
9.7,059003.000093,0,8,23442.25,23442.3185,0.0685
9.7,059003.000095,0,5,23532.86,23538.0356,5.1756
9.7,059003.000096,0,4,23647.77,23645.1244,-2.6456
9.7,059003.000097,0,7,23651.88,23651.3774,-0.5026
9.7,059003.000098,0,4,23751.57,23746.1657,-5.4043
9.7,059003.000099,0,6,23844.58,23849.7029,5.1229
9.7,059003.000100,0,5,23955.37,23953.2086,-2.1614
9.7,059003.000101,0,9,24250.62,24249.9492,-0.6708
9.7,059003.000102,0,6,24309.2,24306.2229,-2.9771
9.7,059003.000104,0,8,24461.24,24461.4805,0.2405
9.7,059003.000105,0,6,24470.9,24472.1477,1.2477
9.7,059003.000106,0,9,24788.02,24788.8579,0.8379
9.7,059003.000108,0,8,25033.91,25032.5181,-1.3919
9.7,059003.000111,0,12,25409.74,25409.9317,0.1917
9.7,059003.000112,0,14,25934.98,25928.6179,-6.3621
9.7,059003.000113,0,3,25979.34,25975.0806,-4.2594
9.7,059003.000114,0,5,26095.23,26096.2241,0.9941
9.7,059003.000115,0,14,26446.97,26444.6352,-2.3348
9.7,059003.000119,0,11,27138.55,27134.5547,-3.9953
9.7,059003.000120,0,8,27380.31,27379.6838,-0.6262
9.7,059003.000121,0,3,27452.45,27457.4188,4.9688
9.7,059003.000123,0,11,27604.26,27607.0662,2.8062
9.7,059003.000125,0,4,28399.43,28397.2181,-2.2119
9.7,059003.000126,0,12,28720.71,28725.933,5.223
9.7,059003.000127,0,6,28885.14,28885.1492,0.0092
9.7,059003.000128,0,3,28936.46,28933.9517,-2.5083
9.7,059003.000129,0,5,29263.08,29265.3339,2.2539
9.7,059003.000130,0,6,29267.86,29268.6196,0.7596
9.7,059003.000131,0,7,29835.09,29836.5211,1.4311
9.7,059003.000132,0,8,30505.72,30506.1769,0.4569
9.7,059003.000133,0,3,30733.53,30733.1753,-0.3547
9.7,059003.000134,0,8,30994.55,30995.8127,1.2627
9.7,059003.000135,0,11,31254.71,31254.2974,-0.4126
9.7,059003.000137,0,3,31803.7,31803.7163,0.0163
9.7,059003.000138,0,3,32288.92,32285.4625,-3.4575
9.7,059003.000139,0,5,32760.11,32763.4659,3.3559
9.7,059003.000140,0,5,33338.37,33341.7977,3.4277
9.7,059003.000141,0,6,33466.41,33463.7063,-2.7037
9.7,059003.000142,0,2,33659.99,33664.5137,4.5237
9.7,059003.000143,0,4,34198.61,34199.4778,0.8678
9.7,059003.000144,0,4,34520.27,34519.2705,-0.9995
9.7,059003.000145,0,6,34825.49,34824.8222,-0.6678
9.7,059003.000146,0,7,35024.49,35025.0581,0.5681
9.7,059003.000147,0,5,35137.82,35141.9116,4.0916
9.7,059003.000148,0,7,35291.0,35288.821,-2.179
9.7,059003.000149,0,7,35384.17,35384.5702,0.4002
9.7,059003.000150,0,4,35801.12,35800.8398,-0.2802
9.7,059003.000151,0,6,35828.46,35827.255,-1.205
9.7,059003.000152,0,3,35863.74,35868.012,4.272
9.7,059003.000153,0,9,36640.38,36639.9544,-0.4256
9.7,059003.000154,0,8,36642.13,36640.6537,-1.4763
9.7,059003.000155,0,10,36652.29,36656.8027,4.5127
9.7,059003.000156,0,10,36670.57,36666.779,-3.791
9.7,059003.000157,0,2,36683.21,36677.4947,-5.7153
9.7,059003.000158,0,9,37011.92,37011.3019,-0.6181
9.7,059003.000159,0,5,37197.64,37197.0028,-0.6372
9.7,059003.000160,0,5,37919.58,37923.8525,4.2725
9.7,059003.000161,0,6,38448.38,38446.6964,-1.6836
9.7,059003.000162,0,3,38549.9,38549.2596,-0.6404
9.7,059003.000163,0,9,38694.51,38693.8446,-0.6654
9.7,059003.000164,0,9,38701.59,38698.7006,-2.8894
9.7,059003.000165,0,4,38726.5,38730.6225,4.1225
9.7,059003.000166,0,7,38785.76,38785.3694,-0.3906
9.7,059003.000167,0,7,39024.27,39024.5893,0.3193
9.7,059003.000168,0,7,39120.4,39121.0701,0.6701
9.7,059003.000170,0,2,39485.48,39490.2083,4.7283
9.7,059003.000171,0,3,39725.99,39725.4412,-0.5488
9.7,059003.000172,0,9,39732.99,39739.2446,6.2546
9.7,059003.000173,0,7,39870.17,39870.8156,0.6456
9.7,059003.000175,0,7,40098.66,40102.5575,3.8975
9.7,059003.000176,0,3,40205.74,40205.828,0.088
9.7,059003.000177,0,5,41023.98,41023.0062,-0.9738
9.7,059003.000178,0,6,41026.87,41025.7615,-1.1085
9.7,059003.000179,0,10,44679.98,44678.3772,-1.6028
9.7,059003.000180,0,12,44903.42,44901.6948,-1.7252
9.7,059003.000181,0,5,45805.95,45801.8029,-4.1471
9.7,059003.000182,0,4,45807.1,45806.9051,-0.1949
9.7,059003.000183,0,4,45844.65,45842.8281,-1.8219
9.7,059003.000184,0,6,46783.64,46779.3504,-4.2896
9.7,059003.000185,0,6,48401.64,48403.021,1.381
9.7,059003.000186,0,11,48745.48,48742.2319,-3.2481
9.7,059003.000187,0,5,50227.79,50224.3655,-3.4245
9.7,059003.000188,0,6,50647.35,50649.0536,1.7036
9.7,059003.000189,0,4,50658.72,50659.1028,0.3828
9.7,059003.000190,0,2,50869.3,50870.3882,1.0882
9.7,059003.000191,0,3,51312.8,51310.4427,-2.3573
9.7,059003.000192,0,9,52026.9,52029.5293,2.6293
9.7,059003.000541,1,4,100214.99,100212.7122,-2.2778
9.7,059003.000314,0,4,100321.12,100321.045,-0.075
9.7,059003.000315,0,2,100430.29,100430.3428,0.0528
9.7,059003.000316,0,2,100625.04,100624.3289,-0.7111
9.7,059003.000317,0,2,100788.95,100789.0841,0.1341
9.7,059003.000318,0,5,100947.18,100945.1964,-1.9836
9.7,059003.000319,0,2,101071.43,101072.278,0.848
9.7,059003.000320,0,3,101165.33,101163.8336,-1.4964
9.7,059003.000321,0,3,101446.27,101447.7081,1.4381
9.7,059003.000322,0,4,101665.58,101666.2064,0.6264
9.7,059003.000323,0,1,101680.38,101680.2581,-0.1219
9.7,059003.000542,1,5,101778.0,101776.5633,-1.4367
9.7,059003.000324,0,4,102435.67,102435.2737,-0.3963
9.7,059003.000325,0,3,102484.66,102484.2902,-0.3698
9.7,059003.000326,0,1,102617.24,102618.6044,1.3644
9.7,059003.000327,0,5,102830.43,102829.7255,-0.7045
9.7,059003.000328,0,6,102981.94,102980.5279,-1.4121
9.7,059003.000329,0,4,103308.53,103309.0736,0.5436
9.7,059003.000330,0,6,103335.06,103337.3971,2.3371
9.7,059003.000331,0,6,103344.35,103345.2968,0.9468
9.7,059003.000332,0,1,103484.19,103483.688,-0.502
9.7,059003.000333,0,5,103805.38,103804.4753,-0.9047
9.7,059003.000334,0,3,103895.83,103892.8942,-2.9358
9.7,059003.000543,1,2,103973.35,103970.4602,-2.8898
9.7,059003.000335,0,7,104598.99,104599.5131,0.5231
9.7,059003.000336,0,5,104788.68,104789.3128,0.6328
9.7,059003.000337,0,3,104904.55,104903.2551,-1.2949
9.7,059003.000338,0,2,105019.06,105019.9411,0.8811
9.7,059003.000339,0,3,105049.72,105048.9505,-0.7695
9.7,059003.000544,1,2,105191.13,105190.3629,-0.7671
9.7,059003.000545,1,5,105338.51,105340.9247,2.4147
9.7,059003.000340,0,2,105450.18,105449.7504,-0.4296
9.7,059003.000546,1,1,105485.3,105485.1823,-0.1177
9.7,059003.000547,1,4,105534.64,105532.4634,-2.1766
9.7,059003.000341,0,3,105566.62,105565.3409,-1.2791
9.7,059003.000342,0,2,105632.16,105631.2382,-0.9218
9.7,059003.000548,1,2,106153.75,106154.5685,0.8185
9.7,059003.000549,1,4,106224.22,106225.6787,1.4587
9.7,059003.000550,1,3,106306.51,106304.305,-2.205
9.7,059003.000551,1,3,106384.65,106386.9917,2.3417
9.7,059003.000552,1,4,106394.09,106391.6887,-2.4013
9.7,059003.000553,1,3,106468.42,106466.6458,-1.7742
9.7,059003.000343,0,3,106665.07,106670.9746,5.9046
9.7,059003.000344,0,2,106745.65,106742.8615,-2.7885
9.7,059003.000345,0,1,107081.94,107080.5789,-1.3611
9.7,059003.000554,1,1,107177.8,107178.1967,0.3967
9.7,059003.000555,1,3,107223.2,107221.2856,-1.9144
9.7,059003.000556,1,3,107262.71,107268.4183,5.7083
9.7,059003.000346,0,1,107299.07,107299.2622,0.1922
9.7,059003.000557,1,1,107403.91,107402.6319,-1.2781
9.7,059003.000558,1,2,107697.07,107697.4732,0.4032
9.7,059003.000347,0,7,107854.46,107849.4957,-4.9643
9.7,059003.000559,1,2,107978.56,107979.5387,0.9787
9.7,059003.000348,0,4,108559.4,108556.1861,-3.2139
9.7,059003.000560,1,5,108574.0,108570.6858,-3.3142
9.7,059003.000561,1,2,111039.75,111040.89,1.14
9.7,059003.000562,1,1,111193.29,111192.3722,-0.9178
9.7,059003.000563,1,4,113854.23,113854.1239,-0.1061
9.7,059003.000564,1,3,115439.45,115441.7076,2.2576
9.7,059003.000565,1,3,119225.52,119226.7421,1.2221
9.7,059003.000566,1,2,121143.3,121144.6644,1.3644
9.7,059003.000567,1,0,122932.6,122932.6,0.0
9.7,059003.000568,1,1,124594.4,124596.3506,1.9506
9.7,059003.000569,1,1,125145.1,125145.5794,0.4794
9.7,059003.000570,1,2,126743.3,126739.5054,-3.7946
9.7,059003.000571,1,1,129009.15,129007.2089,-1.9411
9.7,059003.000419,0,4,129106.1,129104.0863,-2.0137
9.7,059003.000572,1,4,129454.45,129455.4358,0.9858
9.7,059003.000573,1,1,129744.09,129744.8918,0.8018
9.7,059003.000574,1,1,129934.5,129933.0524,-1.4476
9.7,059003.000575,1,2,130218.64,130218.0372,-0.6028
9.7,059003.000420,0,3,131200.3,131200.6473,0.3473
9.7,059003.000421,0,2,131226.3,131227.1565,0.8565
9.7,059003.000576,1,2,131788.15,131786.4349,-1.7151
9.7,059003.000577,1,3,131980.0,131979.9789,-0.0211
9.7,059003.000426,0,4,133393.2,133395.1276,1.9276
9.7,059003.000427,0,2,133503.9,133503.7468,-0.1532
9.7,059003.000578,1,3,134394.16,134392.6353,-1.5247
9.7,059003.000579,1,2,134402.02,134401.0731,-0.9469
9.7,059003.000580,1,4,134402.83,134400.6394,-2.1906
9.7,059003.000581,1,3,134405.44,134402.0526,-3.3874
9.7,059003.000582,1,1,134425.98,134424.9886,-0.9914
9.7,059003.000583,1,1,134428.63,134429.6709,1.0409
9.7,059003.000584,1,3,134433.41,134432.5792,-0.8308
9.7,059003.000585,1,2,134454.31,134452.7483,-1.5617
9.7,059003.000586,1,4,134454.76,134452.7809,-1.9791
9.7,059003.000587,1,2,134480.15,134478.4918,-1.6582
9.7,059003.000588,1,2,134480.72,134478.4985,-2.2215
9.7,059003.000589,1,3,134488.7,134487.2823,-1.4177
9.7,059003.000590,1,2,134492.68,134494.4785,1.7985
9.7,059003.000591,1,1,134496.12,134492.979,-3.141
9.7,059003.000428,0,3,135445.2,135445.995,0.795
9.7,059003.000429,0,1,135868.8,135869.2258,0.4258
9.7,059003.000592,1,2,136554.97,136552.6152,-2.3548
9.7,059003.000593,1,2,136555.45,136554.6303,-0.8197
9.7,059003.000594,1,3,136557.98,136555.0726,-2.9074
9.7,059003.000595,1,2,136559.59,136556.3729,-3.2171
9.7,059003.000596,1,3,136570.81,136568.1771,-2.6329
9.7,059003.000597,1,2,136572.21,136570.8732,-1.3368
9.7,059003.000598,1,1,136589.34,136588.9823,-0.3577
9.7,059003.000599,1,2,136589.44,136587.5906,-1.8494
9.7,059003.000600,1,1,136596.37,136597.2891,0.9191
9.7,059003.000601,1,2,136596.63,136596.6675,0.0375
9.7,059003.000602,1,3,136620.17,136621.1508,0.9808
9.7,059003.000603,1,3,136641.8,136644.989,3.189
9.7,059003.000604,1,0,136641.9,136641.9,0.0
9.7,059003.000605,1,1,136649.4,136650.8662,1.4662
9.7,059003.000606,1,1,136650.9,136647.3955,-3.5045
9.7,059003.000607,1,2,138783.5,138783.6165,0.1165
9.7,059003.000608,1,1,138787.95,138785.9886,-1.9614
9.7,059003.000609,1,5,138794.58,138797.3728,2.7928
9.7,059003.000610,1,3,138796.56,138796.4346,-0.1254
9.7,059003.000611,1,3,138799.39,138797.2604,-2.1296
9.7,059003.000612,1,3,138799.91,138799.9311,0.0211
9.7,059003.000613,1,3,138822.38,138822.139,-0.241
9.7,059003.000614,1,2,138822.4,138822.2701,-0.1299
9.7,059003.000615,1,1,138827.78,138826.5239,-1.2561
9.7,059003.000616,1,1,138833.55,138833.8666,0.3166
9.7,059003.000617,1,3,138849.86,138851.5375,1.6775
9.7,059003.000618,1,2,138874.91,138876.4652,1.5552
9.7,059003.000619,1,2,138883.81,138881.0024,-2.8076
9.7,059003.000620,1,0,138888.98,138888.98,0.0
9.7,059003.000621,1,0,138895.87,138895.87,0.0
9.7,059003.000622,1,5,141328.85,141330.8388,1.9888
11.3,059003.000001,0,0,0.0,0.0,0.0
11.3,059003.000031,0,3,1398.34,1394.6231,-3.7169
11.3,059003.000032,0,4,2893.14,2893.2183,0.0783
11.3,059003.000033,0,1,4453.76,4453.5588,-0.2012
11.3,059003.000034,0,5,9370.66,9375.475,4.815
11.3,059003.000035,0,5,10032.92,10033.8017,0.8817
11.3,059003.000036,0,2,10138.18,10137.9442,-0.2358
11.3,059003.000037,0,3,10859.06,10856.1201,-2.9399
11.3,059003.000038,0,4,10950.24,10949.9942,-0.2458
11.3,059003.000039,0,6,11761.69,11762.8652,1.1752
11.3,059003.000040,0,3,12494.63,12492.2146,-2.4154
11.3,059003.000043,0,1,13887.6,13887.2349,-0.3651
11.3,059003.000044,0,3,14187.35,14188.5735,1.2235
11.3,059003.000048,0,5,15443.48,15444.2551,0.7751
11.3,059003.000051,0,4,15705.13,15704.9874,-0.1426
11.3,059003.000052,0,3,16089.14,16089.6597,0.5197
11.3,059003.000055,0,5,16763.98,16763.5765,-0.4035
11.3,059003.000056,0,3,17095.63,17093.2997,-2.3303
11.3,059003.000058,0,2,17409.58,17410.8446,1.2646
11.3,059003.000061,0,3,17642.06,17640.1144,-1.9456
11.3,059003.000065,0,2,18693.65,18693.8168,0.1668
11.3,059003.000068,0,2,19046.09,19049.66,3.57
11.3,059003.000077,0,2,20856.86,20854.5175,-2.3425
11.3,059003.000090,0,1,23091.7,23094.7786,3.0786
11.3,059003.000092,0,4,23245.99,23249.0739,3.0839
11.3,059003.000094,0,2,23465.43,23467.0994,1.6694
11.3,059003.000103,0,4,24357.98,24358.691,0.711
11.3,059003.000107,0,1,24886.51,24886.7855,0.2755
11.3,059003.000109,0,0,25244.61,25244.61,0.0
11.3,059003.000110,0,3,25391.75,25392.6377,0.8877
11.3,059003.000116,0,1,26447.88,26443.4544,-4.4256
11.3,059003.000117,0,4,26921.49,26922.3375,0.8475
11.3,059003.000118,0,3,26979.66,26975.7579,-3.9021
11.3,059003.000122,0,5,27597.13,27591.4116,-5.7184
11.3,059003.000124,0,3,28101.77,28102.7845,1.0145
11.3,059003.000430,0,1,30602.83,30602.4643,-0.3657
11.3,059003.000136,0,2,31787.93,31786.8609,-1.0691
11.3,059003.000169,0,4,39225.6,39225.4376,-0.1624
11.3,059003.000174,0,4,39940.72,39939.198,-1.522
11.3,059003.000193,0,2,53092.8,53092.0757,-0.7243
11.3,059003.000194,0,6,58158.08,58157.7502,-0.3298
11.3,059003.000195,0,6,58174.15,58173.3876,-0.7624
11.3,059003.000196,0,4,60166.2,60165.829,-0.371
11.3,059003.000197,0,7,60419.73,60422.5338,2.8038
11.3,059003.000198,0,5,60520.32,60520.1967,-0.1233
11.3,059003.000199,0,8,61357.04,61356.871,-0.169
11.3,059003.000200,0,6,61605.66,61606.8569,1.1969
11.3,059003.000201,0,8,61717.98,61717.6151,-0.3649
11.3,059003.000202,0,6,62062.63,62061.5317,-1.0983
11.3,059003.000203,0,5,62240.83,62241.004,0.174
11.3,059003.000204,0,4,62535.62,62534.7467,-0.8733
11.3,059003.000205,0,7,62558.67,62558.5989,-0.0711
11.3,059003.000206,0,4,62678.7,62679.5667,0.8667
11.3,059003.000207,0,5,63221.28,63221.359,0.079
11.3,059003.000208,0,11,63232.14,63232.4943,0.3543
11.3,059003.000209,0,7,63576.27,63573.4602,-2.8098
11.3,059003.000210,0,4,63593.35,63591.7567,-1.5933
11.3,059003.000211,0,11,63768.66,63768.3697,-0.2903
11.3,059003.000212,0,3,63816.91,63817.8462,0.9362
11.3,059003.000213,0,5,64150.94,64151.7271,0.7871
11.3,059003.000214,0,5,64215.45,64216.2354,0.7854
11.3,059003.000215,0,4,64235.61,64233.8436,-1.7664
11.3,059003.000216,0,5,64401.03,64408.0747,7.0447
11.3,059003.000217,0,5,64817.53,64816.3,-1.23
11.3,059003.000218,0,4,64857.15,64856.203,-0.947
11.3,059003.000219,0,5,64865.15,64866.8576,1.7076
11.3,059003.000220,0,4,64979.55,64979.2307,-0.3193
11.3,059003.000431,1,3,65073.26,65075.4899,2.2299
11.3,059003.000221,0,5,65295.9,65294.2398,-1.6602
11.3,059003.000432,1,4,65765.17,65765.5009,0.3309
11.3,059003.000222,0,3,65909.44,65910.2723,0.8323
11.3,059003.000223,0,5,65922.42,65922.7633,0.3433
11.3,059003.000224,0,6,65935.25,65936.4334,1.1834
11.3,059003.000225,0,3,65967.15,65967.8312,0.6812
11.3,059003.000226,0,6,66148.4,66147.9687,-0.4313
11.3,059003.000227,0,2,66301.35,66300.0669,-1.2831
11.3,059003.000228,0,3,66324.84,66323.7358,-1.1042
11.3,059003.000229,0,9,66681.14,66677.0947,-4.0453
11.3,059003.000230,0,3,66735.88,66734.7125,-1.1675
11.3,059003.000231,0,4,66852.87,66858.811,5.941
11.3,059003.000232,0,4,66867.09,66866.2401,-0.8499
11.3,059003.000233,0,3,66943.04,66947.9532,4.9132
11.3,059003.000234,0,6,67049.18,67047.8425,-1.3375
11.3,059003.000235,0,6,67240.35,67239.9708,-0.3792
11.3,059003.000236,0,4,67395.32,67393.9029,-1.4171
11.3,059003.000237,0,9,67398.79,67398.7322,-0.0578
11.3,059003.000238,0,4,67679.21,67679.1722,-0.0378
11.3,059003.000239,0,6,67870.76,67872.591,1.831
11.3,059003.000240,0,5,67965.47,67965.443,-0.027
11.3,059003.000241,0,5,68238.12,68239.7281,1.6081
11.3,059003.000242,0,2,68305.1,68306.5575,1.4575
11.3,059003.000433,1,4,68331.68,68331.4273,-0.2527
11.3,059003.000243,0,5,68331.75,68330.7949,-0.9551
11.3,059003.000244,0,6,68374.54,68374.6133,0.0733
11.3,059003.000245,0,5,68492.43,68492.2303,-0.1997
11.3,059003.000246,0,5,68525.62,68524.2276,-1.3924
11.3,059003.000247,0,4,68544.19,68545.513,1.323
11.3,059003.000434,1,2,68556.35,68556.7255,0.3755
11.3,059003.000435,1,4,68676.55,68675.3863,-1.1637
11.3,059003.000248,0,7,68801.67,68802.32,0.65
11.3,059003.000249,0,8,68978.55,68976.8106,-1.7394
11.3,059003.000250,0,5,68987.07,68989.9511,2.8811
11.3,059003.000251,0,9,69138.28,69147.6852,9.4052
11.3,059003.000252,0,3,69408.51,69409.5926,1.0826
11.3,059003.000253,0,4,69431.0,69431.8131,0.8131
11.3,059003.000254,0,3,69681.6,69680.1725,-1.4275
11.3,059003.000255,0,5,69686.26,69687.1159,0.8559
11.3,059003.000256,0,4,69978.08,69978.6189,0.5389
11.3,059003.000257,0,1,70381.48,70378.6502,-2.8298
11.3,059003.000258,0,5,71021.1,71023.7834,2.6834
11.3,059003.000259,0,3,71385.6,71384.8359,-0.7641
11.3,059003.000260,0,2,71501.0,71503.1648,2.1648
11.3,059003.000261,0,1,71536.38,71535.6322,-0.7478
11.3,059003.000262,0,2,71592.34,71590.1845,-2.1555
11.3,059003.000263,0,5,71736.45,71735.6015,-0.8485
11.3,059003.000264,0,5,71978.52,71980.9095,2.3895
11.3,059003.000265,0,4,71994.81,71991.1895,-3.6205
11.3,059003.000266,0,4,73029.9,73032.7689,2.8689
11.3,059003.000267,0,3,73378.42,73379.1913,0.7713
11.3,059003.000268,0,3,73606.17,73602.3573,-3.8127
11.3,059003.000269,0,2,73609.1,73609.2124,0.1124
11.3,059003.000270,0,3,74105.2,74104.5531,-0.6469
11.3,059003.000436,1,2,74619.63,74617.4407,-2.1893
11.3,059003.000271,0,2,74463.7,74464.0847,0.3847
11.3,059003.000437,1,3,74696.2,74695.7304,-0.4696
11.3,059003.000272,0,4,75294.0,75294.852,0.852
11.3,059003.000273,0,4,75409.58,75413.0589,3.4789
11.3,059003.000274,0,5,75560.75,75562.6726,1.9226
11.3,059003.000275,0,2,75614.81,75613.3905,-1.4195
11.3,059003.000276,0,3,75640.0,75642.2666,2.2666
11.3,059003.000277,0,3,75762.23,75762.5873,0.3573
11.3,059003.000438,1,3,75982.8,75982.2923,-0.5077
11.3,059003.000439,1,3,76130.52,76131.5866,1.0666
11.3,059003.000440,1,3,76411.04,76412.3676,1.3276
11.3,059003.000441,1,2,76534.72,76535.925,1.205
11.3,059003.000278,0,1,76892.4,76895.4719,3.0719
11.3,059003.000442,1,3,76894.56,76892.9772,-1.5828
11.3,059003.000279,0,3,77822.0,77822.5681,0.5681
11.3,059003.000280,0,3,78312.91,78314.6677,1.7577
11.3,059003.000281,0,5,78463.6,78464.2427,0.6427
11.3,059003.000282,0,5,78694.57,78695.8261,1.2561
11.3,059003.000283,0,3,78889.14,78889.0472,-0.0928
11.3,059003.000284,0,2,79136.23,79133.6283,-2.6017
11.3,059003.000285,0,3,79366.65,79369.6384,2.9884
11.3,059003.000443,1,1,79377.15,79376.754,-0.396
11.3,059003.000444,1,2,79378.38,79375.7146,-2.6654
11.3,059003.000286,0,4,79395.55,79395.3884,-0.1616
11.3,059003.000287,0,1,79742.36,79741.9055,-0.4545
11.3,059003.000288,0,4,80164.04,80164.7067,0.6667
11.3,059003.000289,0,3,80360.82,80360.1421,-0.6779
11.3,059003.000290,0,4,80897.85,80900.1612,2.3112
11.3,059003.000291,0,3,80988.76,80989.2072,0.4472
11.3,059003.000292,0,3,81404.52,81399.1049,-5.4151
11.3,059003.000445,1,4,82082.7,82081.3569,-1.3431
11.3,059003.000293,0,2,82492.4,82491.6058,-0.7942
11.3,059003.000294,0,3,83025.91,83026.4044,0.4944
11.3,059003.000295,0,3,83426.55,83427.2414,0.6914
11.3,059003.000296,0,4,83607.32,83608.2168,0.8968
11.3,059003.000297,0,3,83703.43,83703.1776,-0.2524
11.3,059003.000446,1,3,84150.65,84148.2349,-2.4151
11.3,059003.000447,1,2,84270.44,84269.2495,-1.1905
11.3,059003.000298,0,3,84409.93,84410.7262,0.7962
11.3,059003.000299,0,2,84410.63,84408.2829,-2.3471
11.3,059003.000300,0,3,84430.98,84437.0395,6.0595
11.3,059003.000448,1,4,84690.2,84692.3387,2.1387
11.3,059003.000449,1,2,84804.11,84808.8359,4.7259
11.3,059003.000301,0,3,84992.04,84994.7537,2.7137
11.3,059003.000302,0,3,85306.1,85318.0448,11.9448
11.3,059003.000450,1,3,85981.65,85980.6782,-0.9718
11.3,059003.000451,1,2,86390.45,86388.458,-1.992
11.3,059003.000452,1,3,86455.75,86455.9893,0.2393
11.3,059003.000453,1,4,86938.55,86937.7682,-0.7818
11.3,059003.000303,0,0,87511.6,87511.6,0.0
11.3,059003.000454,1,1,87726.9,87730.2191,3.3191
11.3,059003.000304,0,3,88210.1,88210.2624,0.1624
11.3,059003.000305,0,2,88948.6,88948.6683,0.0683
11.3,059003.000455,1,2,89969.42,89969.6431,0.2231
11.3,059003.000306,0,3,90119.8,90121.8725,2.0725
11.3,059003.000307,0,2,90629.2,90627.4793,-1.7207
11.3,059003.000308,0,4,92441.7,92439.8413,-1.8587
11.3,059003.000309,0,3,92554.8,92551.1596,-3.6404
11.3,059003.000310,0,1,93296.5,93297.1617,0.6617
11.3,059003.000311,0,3,93967.4,93964.9998,-2.4002
11.3,059003.000312,0,2,95147.9,95146.6869,-1.2131
11.3,059003.000313,0,4,96830.5,96830.3635,-0.1365
11.3,059003.000456,1,3,99681.9,99681.3396,-0.5604
11.3,059003.000457,1,2,99938.5,99935.7689,-2.7311
11.3,059003.000349,0,3,110295.2,110295.4075,0.2075
11.3,059003.000350,0,4,110333.55,110332.2624,-1.2876
11.3,059003.000351,0,3,110530.96,110525.4069,-5.5531
11.3,059003.000352,0,7,110880.92,110880.3151,-0.6049
11.3,059003.000353,0,6,110922.18,110920.2113,-1.9687
11.3,059003.000354,0,2,111109.95,111109.2237,-0.7263
11.3,059003.000355,0,3,111268.6,111267.1001,-1.4999
11.3,059003.000356,0,2,111334.87,111335.4663,0.5963
11.3,059003.000357,0,1,111342.43,111340.927,-1.503
11.3,059003.000358,0,4,111494.56,111495.3443,0.7843
11.3,059003.000458,1,1,111518.34,111518.5268,0.1868
11.3,059003.000459,1,0,111728.91,111728.91,0.0
11.3,059003.000460,1,1,111772.91,111773.8291,0.9191
11.3,059003.000461,1,3,111779.59,111778.3687,-1.2213
11.3,059003.000462,1,6,111902.78,111903.1206,0.3406
11.3,059003.000359,0,6,111992.97,111993.2682,0.2982
11.3,059003.000360,0,4,112643.09,112641.5566,-1.5334
11.3,059003.000361,0,5,112769.67,112770.4148,0.7448
11.3,059003.000463,1,4,112837.43,112835.4657,-1.9643
11.3,059003.000362,0,6,112896.3,112906.5876,10.2876
11.3,059003.000363,0,4,113023.5,113029.8128,6.3128
11.3,059003.000464,1,2,113064.69,113067.5501,2.8601
11.3,059003.000364,0,6,113158.53,113157.3939,-1.1361
11.3,059003.000465,1,6,113211.64,113222.5119,10.8719
11.3,059003.000466,1,1,113225.66,113225.2653,-0.3947
11.3,059003.000365,0,9,113291.67,113290.9226,-0.7474
11.3,059003.000366,0,5,113556.8,113556.9984,0.1984
11.3,059003.000367,0,5,113600.13,113602.5872,2.4572
11.3,059003.000368,0,5,113630.9,113629.949,-0.951
11.3,059003.000369,0,3,113664.57,113668.9212,4.3512
11.3,059003.000370,0,6,113780.27,113780.4019,0.1319
11.3,059003.000371,0,4,113825.5,113825.1751,-0.3249
11.3,059003.000372,0,2,113833.9,113830.405,-3.495
11.3,059003.000467,1,3,113854.85,113852.9056,-1.9444
11.3,059003.000468,1,7,113894.44,113894.3822,-0.0578
11.3,059003.000373,0,2,113914.16,113913.3793,-0.7807
11.3,059003.000374,0,2,114725.6,114723.5117,-2.0883
11.3,059003.000375,0,1,114797.12,114795.8207,-1.2993
11.3,059003.000376,0,2,114970.95,114968.849,-2.101
11.3,059003.000469,1,4,115094.1,115091.3263,-2.7737
11.3,059003.000470,1,5,115176.16,115176.1812,0.0212
11.3,059003.000471,1,5,115218.75,115217.1689,-1.5811
11.3,059003.000377,0,9,115324.47,115323.5892,-0.8808
11.3,059003.000378,0,4,115403.34,115403.43,0.09
11.3,059003.000379,0,6,115408.39,115407.439,-0.951
11.3,059003.000380,0,5,115420.8,115420.5539,-0.2461
11.3,059003.000472,1,2,115489.74,115491.4506,1.7106
11.3,059003.000381,0,5,115499.67,115498.6174,-1.0526
11.3,059003.000382,0,4,115670.0,115671.2766,1.2766
11.3,059003.000383,0,6,115672.26,115669.6331,-2.6269
11.3,059003.000473,1,1,115712.03,115709.2838,-2.7462
11.3,059003.000384,0,13,115800.17,115809.9027,9.7327
11.3,059003.000474,1,4,115881.55,115882.6156,1.0656
11.3,059003.000385,0,6,115933.14,115931.6397,-1.5003
11.3,059003.000475,1,6,115990.73,115991.4587,0.7287
11.3,059003.000386,0,4,116021.78,116020.0559,-1.7241
11.3,059003.000476,1,7,116078.6,116079.4538,0.8538
11.3,059003.000387,0,7,116238.71,116237.0068,-1.7032
11.3,059003.000388,0,4,116309.14,116308.8944,-0.2456
11.3,059003.000389,0,3,116453.2,116454.2553,1.0553
11.3,059003.000390,0,3,116489.75,116482.457,-7.293
11.3,059003.000391,0,5,116727.1,116732.7613,5.6613
11.3,059003.000477,1,2,116777.55,116780.5275,2.9775
11.3,059003.000392,0,6,117044.6,117048.1807,3.5807
11.3,059003.000393,0,5,117248.2,117247.4426,-0.7574
11.3,059003.000394,0,5,117323.1,117323.077,-0.023
11.3,059003.000478,1,3,117359.3,117358.3264,-0.9736
11.3,059003.000479,1,2,117376.01,117375.168,-0.842
11.3,059003.000480,1,6,117385.1,117381.9754,-3.1246
11.3,059003.000481,1,6,117397.8,117396.4634,-1.3366
11.3,059003.000482,1,2,117507.88,117508.7405,0.8605
11.3,059003.000395,0,4,117540.5,117539.1291,-1.3709
11.3,059003.000396,0,4,117574.5,117575.7397,1.2397
11.3,059003.000483,1,5,117592.2,117589.0549,-3.1451
11.3,059003.000397,0,5,117647.2,117643.3255,-3.8745
11.3,059003.000398,0,5,117686.4,117680.5886,-5.8114
11.3,059003.000399,0,6,117775.3,117773.6864,-1.6136
11.3,059003.000400,0,3,118063.0,118058.7399,-4.2601
11.3,059003.000484,1,7,118069.2,118074.248,5.048
11.3,059003.000401,0,2,118081.1,118086.057,4.957
11.3,059003.000402,0,5,118201.4,118203.0742,1.6742
11.3,059003.000485,1,2,118224.13,118221.9201,-2.2099
11.3,059003.000403,0,1,118271.6,118272.2564,0.6564
11.3,059003.000404,0,6,118318.6,118315.1354,-3.4646
11.3,059003.000405,0,6,118468.8,118469.4212,0.6212
11.3,059003.000486,1,9,118588.65,118590.6514,2.0014
11.3,059003.000406,0,4,118610.9,118612.3001,1.4001
11.3,059003.000487,1,3,118860.77,118865.0864,4.3164
11.3,059003.000407,0,4,118879.3,118879.7303,0.4303
11.3,059003.000488,1,5,118885.4,118888.4587,3.0587
11.3,059003.000489,1,6,118987.0,118986.9903,-0.0097
11.3,059003.000490,1,1,119019.05,119018.5728,-0.4772
11.3,059003.000491,1,3,119077.25,119076.1875,-1.0625
11.3,059003.000408,0,5,120498.7,120499.0239,0.3239
11.3,059003.000492,1,4,120715.55,120715.6462,0.0962
11.3,059003.000409,0,5,121095.2,121098.6675,3.4675
11.3,059003.000410,0,0,121119.2,121119.2,0.0
11.3,059003.000411,0,4,121382.6,121383.0571,0.4571
11.3,059003.000493,1,5,121411.77,121411.3371,-0.4329
11.3,059003.000412,0,1,121431.2,121427.4254,-3.7746
11.3,059003.000413,0,6,121532.5,121530.6401,-1.8599
11.3,059003.000494,1,3,121580.9,121578.9916,-1.9084
11.3,059003.000495,1,0,121582.6,121582.6,0.0
11.3,059003.000496,1,3,122141.46,122141.1275,-0.3325
11.3,059003.000414,0,4,128214.2,128211.5692,-2.6308
11.3,059003.000415,0,1,128352.8,128355.2244,2.4244
11.3,059003.000416,0,2,128381.6,128382.9764,1.3764
11.3,059003.000417,0,2,128453.2,128454.0751,0.8751
11.3,059003.000497,1,1,128479.6,128486.6378,7.0378
11.3,059003.000418,0,0,128568.6,128568.6,0.0
11.3,059003.000498,1,1,128800.05,128800.3693,0.3193
11.3,059003.000499,1,4,128912.95,128908.5615,-4.3885
11.3,059003.000500,1,2,132415.6,132419.7596,4.1596
11.3,059003.000501,1,0,132651.7,132651.7,0.0
11.3,059003.000502,1,3,132783.0,132784.7628,1.7628
11.3,059003.000503,1,3,132958.22,132955.3441,-2.8759
11.3,059003.000504,1,0,133037.3,133037.3,0.0
11.3,059003.000505,1,0,133150.95,133150.95,0.0
11.3,059003.000422,0,0,133194.3,133194.3,0.0
11.3,059003.000423,0,0,133242.3,133242.3,0.0
11.3,059003.000506,1,4,133306.9,133305.6586,-1.2414
11.3,059003.000424,0,1,133352.2,133347.5805,-4.6195
11.3,059003.000507,1,1,133370.49,133370.9211,0.4311
11.3,059003.000425,0,0,133373.0,133373.0,0.0
11.3,059003.000508,1,3,133511.58,133506.8206,-4.7594
11.3,059003.000509,1,2,133566.52,133564.4517,-2.0683
11.3,059003.000510,1,2,133594.97,133593.1151,-1.8549
11.3,059003.000511,1,0,133650.5,133650.5,0.0
11.3,059003.000512,1,3,134001.32,134002.8684,1.5484
11.3,059003.000513,1,1,134007.65,134007.6247,-0.0253
11.3,059003.000514,1,2,134069.5,134068.7072,-0.7928
11.3,059003.000515,1,2,134163.18,134166.4826,3.3026
11.3,059003.000516,1,2,134163.33,134163.36,0.03
11.3,059003.000517,1,3,134220.3,134218.924,-1.376
11.3,059003.000518,1,2,134375.6,134380.298,4.698
11.3,059003.000519,1,0,134868.82,134868.82,0.0
11.3,059003.000520,1,1,134932.15,134932.7129,0.5629
11.3,059003.000521,1,2,135896.6,135898.1922,1.5922
11.3,059003.000522,1,1,135927.0,135925.9776,-1.0224
11.3,059003.000523,1,1,136034.02,136033.574,-0.446
11.3,059003.000524,1,0,136111.0,136111.0,0.0
11.3,059003.000525,1,2,136326.7,136322.4089,-4.2911
11.3,059003.000526,1,2,136435.34,136437.317,1.977
11.3,059003.000527,1,0,136485.6,136485.6,0.0
11.3,059003.000528,1,1,136606.4,136606.0453,-0.3547
11.3,059003.000529,1,0,136643.4,136643.4,0.0
11.3,059003.000530,1,0,137960.61,137960.61,0.0
11.3,059003.000531,1,3,138034.95,138033.8973,-1.0527
11.3,059003.000532,1,0,138077.8,138077.8,0.0
11.3,059003.000533,1,0,138342.75,138342.75,0.0
11.3,059003.000534,1,0,138410.5,138410.5,0.0
11.3,059003.000535,1,0,138445.3,138445.3,0.0
11.3,059003.000536,1,0,138839.85,138839.85,0.0
11.3,059003.000537,1,0,138900.4,138900.4,0.0
11.3,059003.000538,1,1,139081.4,139074.6013,-6.7987
11.3,059003.000041,0,3,12846.66,12844.9689,-1.6911
11.3,059003.000042,0,3,13352.1,13348.6913,-3.4087
11.3,059003.000045,0,6,14558.82,14557.3517,-1.4683
11.3,059003.000046,0,6,14859.96,14860.3673,0.4073
11.3,059003.000047,0,3,15045.8,15044.3548,-1.4452
11.3,059003.000049,0,4,15454.16,15448.802,-5.358
11.3,059003.000050,0,6,15525.5,15526.9533,1.4533
11.3,059003.000053,0,7,16135.97,16134.978,-0.992
11.3,059003.000054,0,5,16516.15,16514.7661,-1.3839
11.3,059003.000057,0,8,17113.19,17112.1529,-1.0371
11.3,059003.000059,0,6,17534.76,17535.9844,1.2244
11.3,059003.000060,0,13,17627.0,17625.2178,-1.7822
11.3,059003.000062,0,12,18063.36,18062.2033,-1.1567
11.3,059003.000063,0,9,18211.76,18209.7915,-1.9685
11.3,059003.000064,0,12,18241.54,18241.2809,-0.2591
11.3,059003.000066,0,5,18921.24,18921.4798,0.2398
11.3,059003.000067,0,6,18990.08,18990.6757,0.5957
11.3,059003.000069,0,6,19308.93,19308.5669,-0.3631
11.3,059003.000070,0,5,19360.1,19362.8794,2.7794
11.3,059003.000071,0,3,19649.67,19649.0145,-0.6555
11.3,059003.000072,0,9,19700.9,19699.3342,-1.5658
11.3,059003.000073,0,11,19872.43,19876.4318,4.0018
11.3,059003.000539,1,4,20096.73,20096.9758,0.2458
11.3,059003.000074,0,5,20160.36,20162.0613,1.7013
11.3,059003.000075,0,8,20315.65,20316.9526,1.3026
11.3,059003.000076,0,6,20848.39,20848.5387,0.1487
11.3,059003.000078,0,7,21148.43,21151.7427,3.3127
11.3,059003.000079,0,5,21238.78,21238.6224,-0.1576
11.3,059003.000080,0,10,21294.89,21296.4501,1.5601
11.3,059003.000081,0,12,21418.84,21418.9154,0.0754
11.3,059003.000082,0,6,21535.17,21538.4349,3.2649
11.3,059003.000540,1,5,21598.58,21599.9719,1.3919
11.3,059003.000083,0,8,21611.19,21614.5025,3.3125
11.3,059003.000084,0,6,21755.84,21756.7314,0.8914
11.3,059003.000085,0,13,22080.94,22079.1682,-1.7718
11.3,059003.000086,0,4,22277.66,22279.2822,1.6222
11.3,059003.000087,0,7,22527.7,22529.088,1.388
11.3,059003.000088,0,11,22747.69,22744.5748,-3.1152
11.3,059003.000089,0,5,23050.61,23049.874,-0.736
11.3,059003.000091,0,7,23175.09,23174.788,-0.302
11.3,059003.000093,0,11,23442.25,23443.9924,1.7424
11.3,059003.000095,0,12,23532.86,23532.9412,0.0812
11.3,059003.000096,0,4,23647.77,23650.0822,2.3122
11.3,059003.000097,0,10,23651.88,23648.3956,-3.4844
11.3,059003.000098,0,9,23751.57,23749.8332,-1.7368
11.3,059003.000099,0,10,23844.58,23840.2627,-4.3173
11.3,059003.000100,0,3,23955.37,23954.8558,-0.5142
11.3,059003.000101,0,6,24250.62,24248.8541,-1.7659
11.3,059003.000102,0,7,24309.2,24307.2674,-1.9326
11.3,059003.000104,0,13,24461.24,24459.6686,-1.5714
11.3,059003.000105,0,6,24470.9,24470.3349,-0.5651
11.3,059003.000106,0,11,24788.02,24787.6526,-0.3674
11.3,059003.000108,0,11,25033.91,25035.2906,1.3806
11.3,059003.000111,0,9,25409.74,25408.7139,-1.0261
11.3,059003.000112,0,12,25934.98,25934.4322,-0.5478
11.3,059003.000113,0,3,25979.34,25984.506,5.166
11.3,059003.000114,0,7,26095.23,26094.9912,-0.2388
11.3,059003.000115,0,5,26446.97,26445.696,-1.274
11.3,059003.000119,0,7,27138.55,27138.1395,-0.4105
11.3,059003.000120,0,7,27380.31,27381.6303,1.3203
11.3,059003.000121,0,9,27452.45,27451.4801,-0.9699
11.3,059003.000123,0,13,27604.26,27604.9042,0.6442
11.3,059003.000125,0,4,28399.43,28398.8951,-0.5349
11.3,059003.000126,0,7,28720.71,28722.65,1.94
11.3,059003.000127,0,5,28885.14,28889.0958,3.9558
11.3,059003.000128,0,3,28936.46,28933.3858,-3.0742
11.3,059003.000129,0,3,29263.08,29261.4512,-1.6288
11.3,059003.000130,0,9,29267.86,29265.3391,-2.5209
11.3,059003.000131,0,10,29835.09,29837.5621,2.4721
11.3,059003.000132,0,13,30505.72,30506.8075,1.0875
11.3,059003.000133,0,7,30733.53,30734.3752,0.8452
11.3,059003.000134,0,8,30994.55,30994.9987,0.4487
11.3,059003.000135,0,12,31254.71,31256.2563,1.5463
11.3,059003.000137,0,2,31803.7,31806.3572,2.6572
11.3,059003.000138,0,4,32288.92,32292.4225,3.5025
11.3,059003.000139,0,4,32760.11,32760.3612,0.2512
11.3,059003.000140,0,5,33338.37,33339.4278,1.0578
11.3,059003.000141,0,7,33466.41,33464.7865,-1.6235
11.3,059003.000142,0,3,33659.99,33659.3106,-0.6794
11.3,059003.000143,0,2,34198.61,34198.7152,0.1052
11.3,059003.000144,0,5,34520.27,34518.9828,-1.2872
11.3,059003.000145,0,9,34825.49,34825.3159,-0.1741
11.3,059003.000146,0,8,35024.49,35024.1032,-0.3868
11.3,059003.000147,0,3,35137.82,35139.7534,1.9334
11.3,059003.000148,0,7,35291.0,35292.5496,1.5496
11.3,059003.000149,0,5,35384.17,35384.4719,0.3019
11.3,059003.000150,0,6,35801.12,35798.7209,-2.3991
11.3,059003.000151,0,7,35828.46,35830.9613,2.5013
11.3,059003.000152,0,4,35863.74,35863.4767,-0.2633
11.3,059003.000153,0,11,36640.38,36641.8707,1.4907
11.3,059003.000154,0,5,36642.13,36641.49,-0.64
11.3,059003.000155,0,4,36652.29,36654.3952,2.1052
11.3,059003.000156,0,8,36670.57,36668.7434,-1.8266
11.3,059003.000157,0,3,36683.21,36684.1103,0.9003
11.3,059003.000158,0,5,37011.92,37003.7479,-8.1721
11.3,059003.000159,0,10,37197.64,37200.0552,2.4152
11.3,059003.000160,0,8,37919.58,37918.5552,-1.0248
11.3,059003.000161,0,9,38448.38,38448.3059,-0.0741
11.3,059003.000162,0,1,38549.9,38548.5019,-1.3981
11.3,059003.000163,0,6,38694.51,38690.7329,-3.7771
11.3,059003.000164,0,6,38701.59,38702.7126,1.1226
11.3,059003.000165,0,8,38726.5,38724.3827,-2.1173
11.3,059003.000166,0,7,38785.76,38785.1688,-0.5912
11.3,059003.000167,0,6,39024.27,39025.434,1.164
11.3,059003.000168,0,5,39120.4,39119.1505,-1.2495
11.3,059003.000170,0,3,39485.48,39486.2356,0.7556
11.3,059003.000171,0,13,39725.99,39726.9836,0.9936
11.3,059003.000172,0,7,39732.99,39732.4953,-0.4947
11.3,059003.000173,0,10,39870.17,39867.0433,-3.1267
11.3,059003.000175,0,8,40098.66,40101.9666,3.3066
11.3,059003.000176,0,9,40205.74,40210.7909,5.0509
11.3,059003.000177,0,8,41023.98,41028.4565,4.4765
11.3,059003.000178,0,1,41026.87,41026.9032,0.0332
11.3,059003.000179,0,12,44679.98,44678.0881,-1.8919
11.3,059003.000180,0,14,44903.42,44903.2185,-0.2015
11.3,059003.000181,0,10,45805.95,45803.9115,-2.0385
11.3,059003.000182,0,8,45807.1,45806.0092,-1.0908
11.3,059003.000183,0,5,45844.65,45847.7966,3.1466
11.3,059003.000184,0,5,46783.64,46786.5752,2.9352
11.3,059003.000185,0,4,48401.64,48399.075,-2.565
11.3,059003.000186,0,8,48745.48,48746.0479,0.5679
11.3,059003.000187,0,3,50227.79,50226.8095,-0.9805
11.3,059003.000188,0,6,50647.35,50648.2562,0.9062
11.3,059003.000189,0,4,50658.72,50660.0568,1.3368
11.3,059003.000190,0,3,50869.3,50872.3562,3.0562
11.3,059003.000191,0,4,51312.8,51313.4185,0.6185
11.3,059003.000192,0,12,52026.9,52031.2948,4.3948
11.3,059003.000541,1,4,100214.99,100214.9465,-0.0435
11.3,059003.000314,0,4,100321.12,100324.917,3.797
11.3,059003.000315,0,2,100430.29,100432.578,2.288
11.3,059003.000316,0,1,100625.04,100625.68,0.64
11.3,059003.000317,0,5,100788.95,100790.7879,1.8379
11.3,059003.000318,0,3,100947.18,100946.86,-0.32
11.3,059003.000319,0,2,101071.43,101072.1723,0.7423
11.3,059003.000320,0,4,101165.33,101164.4286,-0.9014
11.3,059003.000321,0,1,101446.27,101446.3173,0.0473
11.3,059003.000322,0,5,101665.58,101665.2179,-0.3621
11.3,059003.000323,0,2,101680.38,101680.5454,0.1654
11.3,059003.000542,1,4,101778.0,101777.6721,-0.3279
11.3,059003.000324,0,4,102435.67,102433.8161,-1.8539
11.3,059003.000325,0,5,102484.66,102485.9988,1.3388
11.3,059003.000326,0,4,102617.24,102612.0859,-5.1541
11.3,059003.000327,0,2,102830.43,102828.2624,-2.1676
11.3,059003.000328,0,2,102981.94,102981.5154,-0.4246
11.3,059003.000329,0,3,103308.53,103307.8191,-0.7109
11.3,059003.000330,0,1,103335.06,103334.1473,-0.9127
11.3,059003.000331,0,4,103344.35,103345.4739,1.1239
11.3,059003.000332,0,3,103484.19,103481.0384,-3.1516
11.3,059003.000333,0,3,103805.38,103806.2325,0.8525
11.3,059003.000334,0,2,103895.83,103896.5194,0.6894
11.3,059003.000543,1,2,103973.35,103974.3749,1.0249
11.3,059003.000335,0,5,104598.99,104597.691,-1.299
11.3,059003.000336,0,2,104788.68,104787.4933,-1.1867
11.3,059003.000337,0,2,104904.55,104904.6439,0.0939
11.3,059003.000338,0,2,105019.06,105020.8664,1.8064
11.3,059003.000339,0,1,105049.72,105048.4921,-1.2279
11.3,059003.000544,1,1,105191.13,105191.4311,0.3011
11.3,059003.000545,1,2,105338.51,105339.9947,1.4847
11.3,059003.000340,0,2,105450.18,105451.6508,1.4708
11.3,059003.000546,1,1,105485.3,105486.4077,1.1077
11.3,059003.000547,1,2,105534.64,105531.1956,-3.4444
11.3,059003.000341,0,3,105566.62,105569.7549,3.1349
11.3,059003.000342,0,4,105632.16,105631.6248,-0.5352
11.3,059003.000548,1,4,106153.75,106152.7851,-0.9649
11.3,059003.000549,1,6,106224.22,106227.1096,2.8896
11.3,059003.000550,1,3,106306.51,106304.2568,-2.2532
11.3,059003.000551,1,3,106384.65,106385.2911,0.6411
11.3,059003.000552,1,4,106394.09,106398.2503,4.1603
11.3,059003.000553,1,2,106468.42,106466.003,-2.417
11.3,059003.000343,0,3,106665.07,106672.6005,7.5305
11.3,059003.000344,0,2,106745.65,106744.821,-0.829
11.3,059003.000345,0,3,107081.94,107083.5519,1.6119
11.3,059003.000554,1,2,107177.8,107178.189,0.389
11.3,059003.000555,1,5,107223.2,107225.0555,1.8555
11.3,059003.000556,1,4,107262.71,107260.7569,-1.9531
11.3,059003.000346,0,3,107299.07,107299.2539,0.1839
11.3,059003.000557,1,2,107403.91,107405.5705,1.6605
11.3,059003.000558,1,3,107697.07,107698.8501,1.7801
11.3,059003.000347,0,3,107854.46,107853.0052,-1.4548
11.3,059003.000559,1,3,107978.56,107977.244,-1.316
11.3,059003.000348,0,5,108559.4,108558.0903,-1.3097
11.3,059003.000560,1,3,108574.0,108573.6752,-0.3248
11.3,059003.000561,1,3,111039.75,111036.2396,-3.5104
11.3,059003.000562,1,2,111193.29,111194.3736,1.0836
11.3,059003.000563,1,3,113854.23,113854.8973,0.6673
11.3,059003.000564,1,3,115439.45,115440.45,1.0
11.3,059003.000565,1,3,119225.52,119225.9258,0.4058
11.3,059003.000566,1,3,121143.3,121143.9216,0.6216
11.3,059003.000567,1,2,122932.6,122935.1775,2.5775
11.3,059003.000568,1,3,124594.4,124596.5667,2.1667
11.3,059003.000569,1,1,125145.1,125144.2292,-0.8708
11.3,059003.000570,1,1,126743.3,126746.711,3.411
11.3,059003.000571,1,0,129009.15,129009.15,0.0
11.3,059003.000419,0,2,129106.1,129103.8723,-2.2277
11.3,059003.000572,1,3,129454.45,129455.6878,1.2378
11.3,059003.000573,1,0,129744.09,129744.09,0.0
11.3,059003.000574,1,3,129934.5,129933.0823,-1.4177
11.3,059003.000575,1,2,130218.64,130230.0548,11.4148
11.3,059003.000420,0,2,131200.3,131198.5026,-1.7974
11.3,059003.000421,0,1,131226.3,131223.8346,-2.4654
11.3,059003.000576,1,1,131788.15,131784.5266,-3.6234
11.3,059003.000577,1,2,131980.0,131978.6808,-1.3192
11.3,059003.000426,0,3,133393.2,133394.3317,1.1317
11.3,059003.000427,0,3,133503.9,133499.3378,-4.5622
11.3,059003.000578,1,3,134394.16,134394.4098,0.2498
11.3,059003.000579,1,2,134402.02,134401.9423,-0.0777
11.3,059003.000580,1,2,134402.83,134402.3672,-0.4628
11.3,059003.000581,1,3,134405.44,134405.835,0.395
11.3,059003.000582,1,3,134425.98,134427.2944,1.3144
11.3,059003.000583,1,2,134428.63,134428.3998,-0.2302
11.3,059003.000584,1,2,134433.41,134429.6862,-3.7238
11.3,059003.000585,1,2,134454.31,134454.7993,0.4893
11.3,059003.000586,1,3,134454.76,134454.5355,-0.2245
11.3,059003.000587,1,2,134480.15,134480.4896,0.3396
11.3,059003.000588,1,1,134480.72,134480.4901,-0.2299
11.3,059003.000589,1,3,134488.7,134488.3375,-0.3625
11.3,059003.000590,1,1,134492.68,134490.2507,-2.4293
11.3,059003.000591,1,0,134496.12,134496.12,0.0
11.3,059003.000428,0,3,135445.2,135443.5318,-1.6682
11.3,059003.000429,0,2,135868.8,135869.7908,0.9908
11.3,059003.000592,1,2,136554.97,136558.4091,3.4391
11.3,059003.000593,1,2,136555.45,136554.875,-0.575
11.3,059003.000594,1,1,136557.98,136558.4084,0.4284
11.3,059003.000595,1,3,136559.59,136561.7639,2.1739
11.3,059003.000596,1,2,136570.81,136571.03,0.22
11.3,059003.000597,1,2,136572.21,136570.5763,-1.6337
11.3,059003.000598,1,1,136589.34,136591.5462,2.2062
11.3,059003.000599,1,1,136589.44,136589.9065,0.4665
11.3,059003.000600,1,1,136596.37,136595.4608,-0.9092
11.3,059003.000601,1,3,136596.63,136594.8266,-1.8034
11.3,059003.000602,1,4,136620.17,136622.9267,2.7567
11.3,059003.000603,1,3,136641.8,136640.5186,-1.2814
11.3,059003.000604,1,1,136641.9,136644.7487,2.8487
11.3,059003.000605,1,1,136649.4,136648.1964,-1.2036
11.3,059003.000606,1,2,136650.9,136656.3406,5.4406
11.3,059003.000607,1,2,138783.5,138784.3955,0.8955
11.3,059003.000608,1,1,138787.95,138786.207,-1.743
11.3,059003.000609,1,2,138794.58,138793.2617,-1.3183
11.3,059003.000610,1,3,138796.56,138796.6127,0.0527
11.3,059003.000611,1,2,138799.39,138798.3252,-1.0648
11.3,059003.000612,1,2,138799.91,138799.5344,-0.3756
11.3,059003.000613,1,3,138822.38,138820.3936,-1.9864
11.3,059003.000614,1,2,138822.4,138821.8751,-0.5249
11.3,059003.000615,1,1,138827.78,138817.1002,-10.6798
11.3,059003.000616,1,2,138833.55,138826.4939,-7.0561
11.3,059003.000617,1,2,138849.86,138848.5871,-1.2729
11.3,059003.000618,1,2,138874.91,138873.3836,-1.5264
11.3,059003.000619,1,2,138883.81,138885.8455,2.0355
11.3,059003.000620,1,0,138888.98,138888.98,0.0
11.3,059003.000621,1,2,138895.87,138894.9422,-0.9278
11.3,059003.000622,1,4,141328.85,141329.6111,0.7611
