shift,level_id,is_new_level,n_chance_lines,E_input,E_final,dE
-11.3,059003.000001,0,1,0.0,0.0,0.0
-11.3,059003.000031,0,1,1398.34,1398.5511,0.2111
-11.3,059003.000032,0,0,2893.14,2893.14,0.0
-11.3,059003.000033,0,0,4453.76,4453.0933,-0.6667
-11.3,059003.000034,0,5,9370.66,9370.3987,-0.2613
-11.3,059003.000035,0,4,10032.92,10033.039,0.119
-11.3,059003.000036,0,4,10138.18,10137.9116,-0.2684
-11.3,059003.000037,0,5,10859.06,10859.0538,-0.0062
-11.3,059003.000038,0,5,10950.24,10950.9175,0.6775
-11.3,059003.000039,0,9,11761.69,11761.6534,-0.0366
-11.3,059003.000040,0,7,12494.63,12494.578,-0.052
-11.3,059003.000043,0,5,13887.6,13887.3226,-0.2774
-11.3,059003.000044,0,7,14187.35,14187.2346,-0.1154
-11.3,059003.000048,0,5,15443.48,15443.2358,-0.2442
-11.3,059003.000051,0,3,15705.13,15705.1319,0.0019
-11.3,059003.000052,0,2,16089.14,16089.3498,0.2098
-11.3,059003.000055,0,3,16763.98,16763.9129,-0.0671
-11.3,059003.000056,0,0,17095.63,17095.63,0.0
-11.3,059003.000058,0,6,17409.58,17408.4491,-1.1309
-11.3,059003.000061,0,6,17642.06,17643.5161,1.4561
-11.3,059003.000065,0,1,18693.65,18693.8616,0.2116
-11.3,059003.000068,0,2,19046.09,19045.923,-0.167
-11.3,059003.000077,0,2,20856.86,20856.9653,0.1053
-11.3,059003.000090,0,0,23091.7,23091.7,0.0
-11.3,059003.000092,0,0,23245.99,23245.99,0.0
-11.3,059003.000094,0,0,23465.43,23465.43,0.0
-11.3,059003.000103,0,4,24357.98,24357.6776,-0.3024
-11.3,059003.000107,0,1,24886.51,24885.9964,-0.5136
-11.3,059003.000109,0,1,25244.61,25244.2807,-0.3293
-11.3,059003.000110,0,2,25391.75,25391.2257,-0.5243
-11.3,059003.000116,0,0,26447.88,26447.88,0.0
-11.3,059003.000117,0,0,26921.49,26921.49,0.0
-11.3,059003.000118,0,3,26979.66,26980.8915,1.2315
-11.3,059003.000122,0,3,27597.13,27597.0378,-0.0922
-11.3,059003.000124,0,4,28101.77,28102.1394,0.3694
-11.3,059003.000430,0,0,30602.83,30602.83,0.0
-11.3,059003.000136,0,2,31787.93,31787.609,-0.321
-11.3,059003.000169,0,6,39225.6,39225.607,0.007
-11.3,059003.000174,0,7,39940.72,39940.6835,-0.0365
-11.3,059003.000193,0,4,53092.8,53092.9294,0.1294
-11.3,059003.000194,0,6,58158.08,58157.9794,-0.1006
-11.3,059003.000195,0,6,58174.15,58174.2998,0.1498
-11.3,059003.000196,0,10,60166.2,60166.253,0.053
-11.3,059003.000197,0,4,60419.73,60419.5851,-0.1449
-11.3,059003.000198,0,7,60520.32,60520.095,-0.225
-11.3,059003.000199,0,9,61357.04,61357.0387,-0.0013
-11.3,059003.000200,0,8,61605.66,61605.7639,0.1039
-11.3,059003.000201,0,6,61717.98,61718.1039,0.1239
-11.3,059003.000202,0,6,62062.63,62062.356,-0.274
-11.3,059003.000203,0,3,62240.83,62240.5788,-0.2512
-11.3,059003.000204,0,7,62535.62,62535.3473,-0.2727
-11.3,059003.000205,0,5,62558.67,62558.7818,0.1118
-11.3,059003.000206,0,4,62678.7,62678.8083,0.1083
-11.3,059003.000207,0,5,63221.28,63221.4357,0.1557
-11.3,059003.000208,0,6,63232.14,63232.3025,0.1625
-11.3,059003.000209,0,5,63576.27,63576.2015,-0.0685
-11.3,059003.000210,0,6,63593.35,63593.2161,-0.1339
-11.3,059003.000211,0,9,63768.66,63768.5509,-0.1091
-11.3,059003.000212,0,11,63816.91,63816.9748,0.0648
-11.3,059003.000213,0,6,64150.94,64150.849,-0.091
-11.3,059003.000214,0,5,64215.45,64215.3226,-0.1274
-11.3,059003.000215,0,3,64235.61,64235.4573,-0.1527
-11.3,059003.000216,0,6,64401.03,64401.2689,0.2389
-11.3,059003.000217,0,2,64817.53,64817.483,-0.047
-11.3,059003.000218,0,7,64857.15,64857.2096,0.0596
-11.3,059003.000219,0,7,64865.15,64865.1655,0.0155
-11.3,059003.000220,0,4,64979.55,64979.4221,-0.1279
-11.3,059003.000431,1,2,65073.26,65073.2577,-0.0023
-11.3,059003.000221,0,6,65295.9,65295.8786,-0.0214
-11.3,059003.000432,1,5,65765.17,65765.2869,0.1169
-11.3,059003.000222,0,5,65909.44,65909.4331,-0.0069
-11.3,059003.000223,0,4,65922.42,65922.1081,-0.3119
-11.3,059003.000224,0,5,65935.25,65935.2411,-0.0089
-11.3,059003.000225,0,4,65967.15,65967.5269,0.3769
-11.3,059003.000226,0,4,66148.4,66147.9016,-0.4984
-11.3,059003.000227,0,6,66301.35,66301.4946,0.1446
-11.3,059003.000228,0,1,66324.84,66324.7018,-0.1382
-11.3,059003.000229,0,4,66681.14,66681.0265,-0.1135
-11.3,059003.000230,0,4,66735.88,66735.1826,-0.6974
-11.3,059003.000231,0,8,66852.87,66853.099,0.229
-11.3,059003.000232,0,9,66867.09,66867.1204,0.0304
-11.3,059003.000233,0,2,66943.04,66943.2188,0.1788
-11.3,059003.000234,0,4,67049.18,67048.9682,-0.2118
-11.3,059003.000235,0,8,67240.35,67240.4552,0.1052
-11.3,059003.000236,0,4,67395.32,67395.2531,-0.0669
-11.3,059003.000237,0,5,67398.79,67398.3722,-0.4178
-11.3,059003.000238,0,3,67679.21,67679.4142,0.2042
-11.3,059003.000239,0,8,67870.76,67871.225,0.465
-11.3,059003.000240,0,1,67965.47,67965.525,0.055
-11.3,059003.000241,0,2,68238.12,68237.8973,-0.2227
-11.3,059003.000242,0,3,68305.1,68304.4591,-0.6409
-11.3,059003.000433,1,1,68331.68,68331.5603,-0.1197
-11.3,059003.000243,0,2,68331.75,68331.6349,-0.1151
-11.3,059003.000244,0,7,68374.54,68374.7392,0.1992
-11.3,059003.000245,0,9,68492.43,68492.5175,0.0875
-11.3,059003.000246,0,11,68525.62,68525.6685,0.0485
-11.3,059003.000247,0,5,68544.19,68544.0896,-0.1004
-11.3,059003.000434,1,5,68556.35,68556.6091,0.2591
-11.3,059003.000435,1,9,68676.55,68676.4205,-0.1295
-11.3,059003.000248,0,4,68801.67,68801.9488,0.2788
-11.3,059003.000249,0,7,68978.55,68978.549,-0.001
-11.3,059003.000250,0,8,68987.07,68987.0962,0.0262
-11.3,059003.000251,0,2,69138.28,69138.2751,-0.0049
-11.3,059003.000252,0,6,69408.51,69407.8493,-0.6607
-11.3,059003.000253,0,4,69431.0,69430.8308,-0.1692
-11.3,059003.000254,0,4,69681.6,69681.8051,0.2051
-11.3,059003.000255,0,7,69686.26,69686.3237,0.0637
-11.3,059003.000256,0,3,69978.08,69978.1872,0.1072
-11.3,059003.000257,0,3,70381.48,70381.7444,0.2644
-11.3,059003.000258,0,3,71021.1,71021.2321,0.1321
-11.3,059003.000259,0,5,71385.6,71385.7401,0.1401
-11.3,059003.000260,0,2,71501.0,71501.004,0.004
-11.3,059003.000261,0,5,71536.38,71536.4743,0.0943
-11.3,059003.000262,0,4,71592.34,71592.0207,-0.3193
-11.3,059003.000263,0,8,71736.45,71736.563,0.113
-11.3,059003.000264,0,3,71978.52,71978.3714,-0.1486
-11.3,059003.000265,0,7,71994.81,71994.3829,-0.4271
-11.3,059003.000266,0,2,73029.9,73030.0463,0.1463
-11.3,059003.000267,0,4,73378.42,73378.616,0.196
-11.3,059003.000268,0,7,73606.17,73606.4029,0.2329
-11.3,059003.000269,0,1,73609.1,73609.0425,-0.0575
-11.3,059003.000270,0,8,74105.2,74105.032,-0.168
-11.3,059003.000436,1,6,74619.63,74619.3489,-0.2811
-11.3,059003.000271,0,7,74463.7,74464.0498,0.3498
-11.3,059003.000437,1,5,74696.2,74695.9817,-0.2183
-11.3,059003.000272,0,6,75294.0,75294.1343,0.1343
-11.3,059003.000273,0,5,75409.58,75409.7122,0.1322
-11.3,059003.000274,0,2,75560.75,75560.4895,-0.2605
-11.3,059003.000275,0,3,75614.81,75614.6045,-0.2055
-11.3,059003.000276,0,7,75640.0,75639.1911,-0.8089
-11.3,059003.000277,0,7,75762.23,75762.1479,-0.0821
-11.3,059003.000438,1,2,75982.8,75982.8246,0.0246
-11.3,059003.000439,1,5,76130.52,76130.5473,0.0273
-11.3,059003.000440,1,4,76411.04,76411.1303,0.0903
-11.3,059003.000441,1,3,76534.72,76534.6421,-0.0779
-11.3,059003.000278,0,3,76892.4,76892.3509,-0.0491
-11.3,059003.000442,1,6,76894.56,76894.5673,0.0073
-11.3,059003.000279,0,3,77822.0,77821.5432,-0.4568
-11.3,059003.000280,0,2,78312.91,78312.9449,0.0349
-11.3,059003.000281,0,5,78463.6,78463.5666,-0.0334
-11.3,059003.000282,0,9,78694.57,78694.4003,-0.1697
-11.3,059003.000283,0,4,78889.14,78889.3016,0.1616
-11.3,059003.000284,0,1,79136.23,79136.0324,-0.1976
-11.3,059003.000285,0,7,79366.65,79366.8719,0.2219
-11.3,059003.000443,1,1,79377.15,79377.3207,0.1707
-11.3,059003.000444,1,2,79378.38,79378.197,-0.183
-11.3,059003.000286,0,6,79395.55,79395.9263,0.3763
-11.3,059003.000287,0,0,79742.36,79742.36,0.0
-11.3,059003.000288,0,3,80164.04,80164.1717,0.1317
-11.3,059003.000289,0,2,80360.82,80360.5824,-0.2376
-11.3,059003.000290,0,4,80897.85,80897.8982,0.0482
-11.3,059003.000291,0,4,80988.76,80988.5185,-0.2415
-11.3,059003.000292,0,6,81404.52,81403.9841,-0.5359
-11.3,059003.000445,1,3,82082.7,82082.6085,-0.0915
-11.3,059003.000293,0,3,82492.4,82492.6587,0.2587
-11.3,059003.000294,0,2,83025.91,83025.9946,0.0846
-11.3,059003.000295,0,7,83426.55,83426.3646,-0.1854
-11.3,059003.000296,0,5,83607.32,83607.3139,-0.0061
-11.3,059003.000297,0,4,83703.43,83703.4319,0.0019
-11.3,059003.000446,1,5,84150.65,84150.4537,-0.1963
-11.3,059003.000447,1,4,84270.44,84270.3246,-0.1154
-11.3,059003.000298,0,2,84409.93,84410.2092,0.2792
-11.3,059003.000299,0,4,84410.63,84410.5149,-0.1151
-11.3,059003.000300,0,7,84430.98,84430.8764,-0.1036
-11.3,059003.000448,1,5,84690.2,84690.2818,0.0818
-11.3,059003.000449,1,2,84804.11,84803.802,-0.308
-11.3,059003.000301,0,0,84992.04,84992.04,0.0
-11.3,059003.000302,0,3,85306.1,85306.218,0.118
-11.3,059003.000450,1,2,85981.65,85981.3806,-0.2694
-11.3,059003.000451,1,5,86390.45,86390.4644,0.0144
-11.3,059003.000452,1,5,86455.75,86455.4469,-0.3031
-11.3,059003.000453,1,0,86938.55,86938.55,0.0
-11.3,059003.000303,0,3,87511.6,87512.6976,1.0976
-11.3,059003.000454,1,4,87726.9,87726.6021,-0.2979
-11.3,059003.000304,0,3,88210.1,88210.0921,-0.0079
-11.3,059003.000305,0,5,88948.6,88948.3678,-0.2322
-11.3,059003.000455,1,8,89969.42,89969.2878,-0.1322
-11.3,059003.000306,0,4,90119.8,90119.6064,-0.1936
-11.3,059003.000307,0,4,90629.2,90629.2749,0.0749
-11.3,059003.000308,0,6,92441.7,92441.491,-0.209
-11.3,059003.000309,0,4,92554.8,92554.7777,-0.0223
-11.3,059003.000310,0,2,93296.5,93296.5892,0.0892
-11.3,059003.000311,0,8,93967.4,93967.3043,-0.0957
-11.3,059003.000312,0,2,95147.9,95148.1226,0.2226
-11.3,059003.000313,0,7,96830.5,96830.6692,0.1692
-11.3,059003.000456,1,5,99681.9,99681.6662,-0.2338
-11.3,059003.000457,1,3,99938.5,99938.4554,-0.0446
-11.3,059003.000349,0,5,110295.2,110295.4482,0.2482
-11.3,059003.000350,0,5,110333.55,110333.5191,-0.0309
-11.3,059003.000351,0,7,110530.96,110532.33,1.37
-11.3,059003.000352,0,6,110880.92,110880.3584,-0.5616
-11.3,059003.000353,0,6,110922.18,110922.8372,0.6572
-11.3,059003.000354,0,4,111109.95,111110.4026,0.4526
-11.3,059003.000355,0,1,111268.6,111269.3178,0.7178
-11.3,059003.000356,0,1,111334.87,111335.1805,0.3105
-11.3,059003.000357,0,5,111342.43,111341.5808,-0.8492
-11.3,059003.000358,0,7,111494.56,111494.6819,0.1219
-11.3,059003.000458,1,3,111518.34,111518.3348,-0.0052
-11.3,059003.000459,1,6,111728.91,111728.1638,-0.7462
-11.3,059003.000460,1,5,111772.91,111773.3599,0.4499
-11.3,059003.000461,1,2,111779.59,111779.9132,0.3232
-11.3,059003.000462,1,3,111902.78,111902.5387,-0.2413
-11.3,059003.000359,0,7,111992.97,111993.2174,0.2474
-11.3,059003.000360,0,4,112643.09,112642.1936,-0.8964
-11.3,059003.000361,0,3,112769.67,112769.3566,-0.3134
-11.3,059003.000463,1,6,112837.43,112838.0763,0.6463
-11.3,059003.000362,0,1,112896.3,112896.0746,-0.2254
-11.3,059003.000363,0,0,113023.5,113023.5,0.0
-11.3,059003.000464,1,3,113064.69,113064.9928,0.3028
-11.3,059003.000364,0,3,113158.53,113158.494,-0.036
-11.3,059003.000465,1,6,113211.64,113211.8077,0.1677
-11.3,059003.000466,1,7,113225.66,113225.2484,-0.4116
-11.3,059003.000365,0,5,113291.67,113291.7032,0.0332
-11.3,059003.000366,0,6,113556.8,113556.6347,-0.1653
-11.3,059003.000367,0,4,113600.13,113600.2739,0.1439
-11.3,059003.000368,0,2,113630.9,113631.1262,0.2262
-11.3,059003.000369,0,9,113664.57,113663.769,-0.801
-11.3,059003.000370,0,7,113780.27,113780.4744,0.2044
-11.3,059003.000371,0,4,113825.5,113825.5315,0.0315
-11.3,059003.000372,0,1,113833.9,113834.3979,0.4979
-11.3,059003.000467,1,3,113854.85,113855.24,0.39
-11.3,059003.000468,1,3,113894.44,113894.499,0.059
-11.3,059003.000373,0,8,113914.16,113914.4402,0.2802
-11.3,059003.000374,0,0,114725.6,114725.6,0.0
-11.3,059003.000375,0,6,114797.12,114796.7672,-0.3528
-11.3,059003.000376,0,0,114970.95,114970.95,0.0
-11.3,059003.000469,1,3,115094.1,115094.2972,0.1972
-11.3,059003.000470,1,4,115176.16,115175.5793,-0.5807
-11.3,059003.000471,1,3,115218.75,115218.7934,0.0434
-11.3,059003.000377,0,7,115324.47,115324.5519,0.0819
-11.3,059003.000378,0,6,115403.34,115403.3481,0.0081
-11.3,059003.000379,0,3,115408.39,115408.7882,0.3982
-11.3,059003.000380,0,4,115420.8,115421.008,0.208
-11.3,059003.000472,1,7,115489.74,115489.7667,0.0267
-11.3,059003.000381,0,5,115499.67,115499.593,-0.077
-11.3,059003.000382,0,6,115670.0,115670.3119,0.3119
-11.3,059003.000383,0,1,115672.26,115672.3792,0.1192
-11.3,059003.000473,1,1,115712.03,115712.5744,0.5444
-11.3,059003.000384,0,8,115800.17,115799.7628,-0.4072
-11.3,059003.000474,1,3,115881.55,115881.4982,-0.0518
-11.3,059003.000385,0,8,115933.14,115933.6932,0.5532
-11.3,059003.000475,1,3,115990.73,115989.622,-1.108
-11.3,059003.000386,0,3,116021.78,116022.2787,0.4987
-11.3,059003.000476,1,7,116078.6,116079.4717,0.8717
-11.3,059003.000387,0,1,116238.71,116238.6243,-0.0857
-11.3,059003.000388,0,6,116309.14,116308.1198,-1.0202
-11.3,059003.000389,0,7,116453.2,116453.4164,0.2164
-11.3,059003.000390,0,0,116489.75,116489.75,0.0
-11.3,059003.000391,0,6,116727.1,116726.6609,-0.4391
-11.3,059003.000477,1,4,116777.55,116777.3531,-0.1969
-11.3,059003.000392,0,4,117044.6,117044.3481,-0.2519
-11.3,059003.000393,0,1,117248.2,117248.261,0.061
-11.3,059003.000394,0,5,117323.1,117323.1285,0.0285
-11.3,059003.000478,1,3,117359.3,117359.2676,-0.0324
-11.3,059003.000479,1,1,117376.01,117375.7637,-0.2463
-11.3,059003.000480,1,3,117385.1,117384.3741,-0.7259
-11.3,059003.000481,1,6,117397.8,117398.6281,0.8281
-11.3,059003.000482,1,9,117507.88,117508.1414,0.2614
-11.3,059003.000395,0,5,117540.5,117540.6391,0.1391
-11.3,059003.000396,0,0,117574.5,117574.5,0.0
-11.3,059003.000483,1,11,117592.2,117592.3509,0.1509
-11.3,059003.000397,0,7,117647.2,117647.3402,0.1402
-11.3,059003.000398,0,5,117686.4,117686.3819,-0.0181
-11.3,059003.000399,0,2,117775.3,117775.3349,0.0349
-11.3,059003.000400,0,3,118063.0,118063.0926,0.0926
-11.3,059003.000484,1,12,118069.2,118069.4662,0.2662
-11.3,059003.000401,0,5,118081.1,118080.9974,-0.1026
-11.3,059003.000402,0,4,118201.4,118200.611,-0.789
-11.3,059003.000485,1,8,118224.13,118223.3186,-0.8114
-11.3,059003.000403,0,3,118271.6,118271.9185,0.3185
-11.3,059003.000404,0,6,118318.6,118318.972,0.372
-11.3,059003.000405,0,3,118468.8,118468.7035,-0.0965
-11.3,059003.000486,1,7,118588.65,118588.2449,-0.4051
-11.3,059003.000406,0,4,118610.9,118610.3381,-0.5619
-11.3,059003.000487,1,6,118860.77,118859.6862,-1.0838
-11.3,059003.000407,0,7,118879.3,118878.8768,-0.4232
-11.3,059003.000488,1,5,118885.4,118884.9092,-0.4908
-11.3,059003.000489,1,6,118987.0,118987.6736,0.6736
-11.3,059003.000490,1,6,119019.05,119020.1074,1.0574
-11.3,059003.000491,1,4,119077.25,119076.2598,-0.9902
-11.3,059003.000408,0,3,120498.7,120498.6344,-0.0656
-11.3,059003.000492,1,5,120715.55,120715.9597,0.4097
-11.3,059003.000409,0,3,121095.2,121095.2147,0.0147
-11.3,059003.000410,0,0,121119.2,121119.2,0.0
-11.3,059003.000411,0,2,121382.6,121381.9446,-0.6554
-11.3,059003.000493,1,4,121411.77,121412.5484,0.7784
-11.3,059003.000412,0,2,121431.2,121428.2842,-2.9158
-11.3,059003.000413,0,6,121532.5,121531.0478,-1.4522
-11.3,059003.000494,1,6,121580.9,121580.2375,-0.6625
-11.3,059003.000495,1,4,121582.6,121580.9461,-1.6539
-11.3,059003.000496,1,3,122141.46,122141.3719,-0.0881
-11.3,059003.000414,0,3,128214.2,128214.5646,0.3646
-11.3,059003.000415,0,3,128352.8,128352.4288,-0.3712
-11.3,059003.000416,0,4,128381.6,128382.2058,0.6058
-11.3,059003.000417,0,8,128453.2,128454.1859,0.9859
-11.3,059003.000497,1,4,128479.6,128479.3205,-0.2795
-11.3,059003.000418,0,2,128568.6,128568.1325,-0.4675
-11.3,059003.000498,1,5,128800.05,128800.1076,0.0576
-11.3,059003.000499,1,5,128912.95,128912.0492,-0.9008
-11.3,059003.000500,1,5,132415.6,132415.7869,0.1869
-11.3,059003.000501,1,2,132651.7,132651.8763,0.1763
-11.3,059003.000502,1,0,132783.0,132783.0,0.0
-11.3,059003.000503,1,3,132958.22,132957.9723,-0.2477
-11.3,059003.000504,1,4,133037.3,133036.8402,-0.4598
-11.3,059003.000505,1,4,133150.95,133150.6319,-0.3181
-11.3,059003.000422,0,0,133194.3,133194.3,0.0
-11.3,059003.000423,0,0,133242.3,133242.3,0.0
-11.3,059003.000506,1,3,133306.9,133307.2804,0.3804
-11.3,059003.000424,0,2,133352.2,133351.4449,-0.7551
-11.3,059003.000507,1,4,133370.49,133370.2549,-0.2351
-11.3,059003.000425,0,0,133373.0,133373.0,0.0
-11.3,059003.000508,1,5,133511.58,133511.5492,-0.0308
-11.3,059003.000509,1,4,133566.52,133566.7302,0.2102
-11.3,059003.000510,1,5,133594.97,133594.6643,-0.3057
-11.3,059003.000511,1,3,133650.5,133650.6011,0.1011
-11.3,059003.000512,1,2,134001.32,134001.2615,-0.0585
-11.3,059003.000513,1,2,134007.65,134007.8102,0.1602
-11.3,059003.000514,1,2,134069.5,134069.1583,-0.3417
-11.3,059003.000515,1,2,134163.18,134164.0278,0.8478
-11.3,059003.000516,1,3,134163.33,134162.6678,-0.6622
-11.3,059003.000517,1,2,134220.3,134220.1117,-0.1883
-11.3,059003.000518,1,1,134375.6,134375.4687,-0.1313
-11.3,059003.000519,1,3,134868.82,134869.2891,0.4691
-11.3,059003.000520,1,5,134932.15,134931.5996,-0.5504
-11.3,059003.000521,1,0,135896.6,135896.8177,0.2177
-11.3,059003.000522,1,3,135927.0,135925.7326,-1.2674
-11.3,059003.000523,1,2,136034.02,136035.0471,1.0271
-11.3,059003.000524,1,2,136111.0,136110.4633,-0.5367
-11.3,059003.000525,1,5,136326.7,136325.7345,-0.9655
-11.3,059003.000526,1,6,136435.34,136436.2314,0.8914
-11.3,059003.000527,1,1,136485.6,136485.7044,0.1044
-11.3,059003.000528,1,2,136606.4,136607.8505,1.4505
-11.3,059003.000529,1,6,136643.4,136644.1456,0.7456
-11.3,059003.000530,1,2,137960.61,137960.218,-0.392
-11.3,059003.000531,1,1,138034.95,138034.8439,-0.1061
-11.3,059003.000532,1,0,138077.8,138077.8,0.0
-11.3,059003.000533,1,0,138342.75,138342.75,0.0
-11.3,059003.000534,1,3,138410.5,138410.3839,-0.1161
-11.3,059003.000535,1,3,138445.3,138444.8685,-0.4315
-11.3,059003.000536,1,1,138839.85,138838.7941,-1.0559
-11.3,059003.000537,1,2,138900.4,138900.1932,-0.2068
-11.3,059003.000538,1,3,139081.4,139080.7641,-0.6359
-11.3,059003.000041,0,9,12846.66,12846.678,0.018
-11.3,059003.000042,0,4,13352.1,13352.3361,0.2361
-11.3,059003.000045,0,7,14558.82,14558.8552,0.0352
-11.3,059003.000046,0,8,14859.96,14859.837,-0.123
-11.3,059003.000047,0,7,15045.8,15045.3832,-0.4168
-11.3,059003.000049,0,4,15454.16,15453.5886,-0.5714
-11.3,059003.000050,0,11,15525.5,15525.7381,0.2381
-11.3,059003.000053,0,9,16135.97,16136.0738,0.1038
-11.3,059003.000054,0,8,16516.15,16516.0722,-0.0778
-11.3,059003.000057,0,6,17113.19,17113.9845,0.7945
-11.3,059003.000059,0,3,17534.76,17534.7399,-0.0201
-11.3,059003.000060,0,11,17627.0,17627.0104,0.0104
-11.3,059003.000062,0,10,18063.36,18063.1717,-0.1883
-11.3,059003.000063,0,10,18211.76,18211.8209,0.0609
-11.3,059003.000064,0,10,18241.54,18241.4247,-0.1153
-11.3,059003.000066,0,8,18921.24,18920.4302,-0.8098
-11.3,059003.000067,0,10,18990.08,18990.2477,0.1677
-11.3,059003.000069,0,11,19308.93,19308.8705,-0.0595
-11.3,059003.000070,0,7,19360.1,19360.1763,0.0763
-11.3,059003.000071,0,1,19649.67,19649.5673,-0.1027
-11.3,059003.000072,0,11,19700.9,19700.793,-0.107
-11.3,059003.000073,0,6,19872.43,19872.8423,0.4123
-11.3,059003.000539,1,1,20096.73,20097.0568,0.3268
-11.3,059003.000074,0,6,20160.36,20160.0831,-0.2769
-11.3,059003.000075,0,12,20315.65,20315.6552,0.0052
-11.3,059003.000076,0,8,20848.39,20847.8573,-0.5327
-11.3,059003.000078,0,8,21148.43,21148.1281,-0.3019
-11.3,059003.000079,0,12,21238.78,21237.9469,-0.8331
-11.3,059003.000080,0,15,21294.89,21295.0159,0.1259
-11.3,059003.000081,0,12,21418.84,21418.8522,0.0122
-11.3,059003.000082,0,14,21535.17,21535.3247,0.1547
-11.3,059003.000540,1,5,21598.58,21599.6203,1.0403
-11.3,059003.000083,0,12,21611.19,21610.7907,-0.3993
-11.3,059003.000084,0,13,21755.84,21755.8623,0.0223
-11.3,059003.000085,0,13,22080.94,22080.6724,-0.2676
-11.3,059003.000086,0,3,22277.66,22277.4871,-0.1729
-11.3,059003.000087,0,10,22527.7,22527.8431,0.1431
-11.3,059003.000088,0,9,22747.69,22747.4866,-0.2034
-11.3,059003.000089,0,8,23050.61,23050.4604,-0.1496
-11.3,059003.000091,0,6,23175.09,23175.1756,0.0856
-11.3,059003.000093,0,10,23442.25,23442.0375,-0.2125
-11.3,059003.000095,0,13,23532.86,23532.9452,0.0852
-11.3,059003.000096,0,4,23647.77,23647.846,0.076
-11.3,059003.000097,0,15,23651.88,23651.9397,0.0597
-11.3,059003.000098,0,12,23751.57,23751.6042,0.0342
-11.3,059003.000099,0,12,23844.58,23844.4637,-0.1163
-11.3,059003.000100,0,5,23955.37,23955.6129,0.2429
-11.3,059003.000101,0,10,24250.62,24250.583,-0.037
-11.3,059003.000102,0,4,24309.2,24308.9759,-0.2241
-11.3,059003.000104,0,8,24461.24,24461.3278,0.0878
-11.3,059003.000105,0,15,24470.9,24471.0831,0.1831
-11.3,059003.000106,0,9,24788.02,24787.9761,-0.0439
-11.3,059003.000108,0,13,25033.91,25033.8571,-0.0529
-11.3,059003.000111,0,8,25409.74,25409.9412,0.2012
-11.3,059003.000112,0,14,25934.98,25935.0509,0.0709
-11.3,059003.000113,0,3,25979.34,25978.8415,-0.4985
-11.3,059003.000114,0,10,26095.23,26095.0974,-0.1326
-11.3,059003.000115,0,11,26446.97,26446.9726,0.0026
-11.3,059003.000119,0,8,27138.55,27138.0492,-0.5008
-11.3,059003.000120,0,11,27380.31,27380.5066,0.1966
-11.3,059003.000121,0,13,27452.45,27452.6841,0.2341
-11.3,059003.000123,0,11,27604.26,27604.1423,-0.1177
-11.3,059003.000125,0,8,28399.43,28399.5007,0.0707
-11.3,059003.000126,0,9,28720.71,28720.5259,-0.1841
-11.3,059003.000127,0,9,28885.14,28884.9862,-0.1538
-11.3,059003.000128,0,9,28936.46,28936.5906,0.1306
-11.3,059003.000129,0,6,29263.08,29263.2723,0.1923
-11.3,059003.000130,0,8,29267.86,29267.782,-0.078
-11.3,059003.000131,0,7,29835.09,29835.0233,-0.0667
-11.3,059003.000132,0,8,30505.72,30505.7261,0.0061
-11.3,059003.000133,0,8,30733.53,30733.4672,-0.0628
-11.3,059003.000134,0,17,30994.55,30994.4912,-0.0588
-11.3,059003.000135,0,6,31254.71,31254.6549,-0.0551
-11.3,059003.000137,0,3,31803.7,31803.4357,-0.2643
-11.3,059003.000138,0,6,32288.92,32289.321,0.401
-11.3,059003.000139,0,3,32760.11,32760.0413,-0.0687
-11.3,059003.000140,0,4,33338.37,33337.9874,-0.3826
-11.3,059003.000141,0,4,33466.41,33466.0904,-0.3196
-11.3,059003.000142,0,4,33659.99,33659.7857,-0.2043
-11.3,059003.000143,0,2,34198.61,34198.9786,0.3686
-11.3,059003.000144,0,6,34520.27,34519.9088,-0.3612
-11.3,059003.000145,0,9,34825.49,34825.6795,0.1895
-11.3,059003.000146,0,10,35024.49,35024.3505,-0.1395
-11.3,059003.000147,0,5,35137.82,35138.0113,0.1913
-11.3,059003.000148,0,11,35291.0,35291.1633,0.1633
-11.3,059003.000149,0,7,35384.17,35383.6974,-0.4726
-11.3,059003.000150,0,5,35801.12,35801.1345,0.0145
-11.3,059003.000151,0,8,35828.46,35828.6146,0.1546
-11.3,059003.000152,0,7,35863.74,35863.8755,0.1355
-11.3,059003.000153,0,4,36640.38,36640.5357,0.1557
-11.3,059003.000154,0,8,36642.13,36642.0767,-0.0533
-11.3,059003.000155,0,16,36652.29,36652.3268,0.0368
-11.3,059003.000156,0,14,36670.57,36670.6036,0.0336
-11.3,059003.000157,0,0,36683.21,36683.21,0.0
-11.3,059003.000158,0,7,37011.92,37012.1769,0.2569
-11.3,059003.000159,0,4,37197.64,37197.7598,0.1198
-11.3,059003.000160,0,3,37919.58,37919.5001,-0.0799
-11.3,059003.000161,0,10,38448.38,38448.3887,0.0087
-11.3,059003.000162,0,2,38549.9,38550.1683,0.2683
-11.3,059003.000163,0,9,38694.51,38694.1547,-0.3553
-11.3,059003.000164,0,5,38701.59,38701.8635,0.2735
-11.3,059003.000165,0,9,38726.5,38726.4142,-0.0858
-11.3,059003.000166,0,7,38785.76,38785.7606,0.0006
-11.3,059003.000167,0,7,39024.27,39024.3248,0.0548
-11.3,059003.000168,0,3,39120.4,39120.6201,0.2201
-11.3,059003.000170,0,3,39485.48,39485.4126,-0.0674
-11.3,059003.000171,0,5,39725.99,39725.7651,-0.2249
-11.3,059003.000172,0,9,39732.99,39732.9996,0.0096
-11.3,059003.000173,0,13,39870.17,39870.1823,0.0123
-11.3,059003.000175,0,4,40098.66,40098.8169,0.1569
-11.3,059003.000176,0,5,40205.74,40205.547,-0.193
-11.3,059003.000177,0,8,41023.98,41024.1721,0.1921
-11.3,059003.000178,0,1,41026.87,41026.7344,-0.1356
-11.3,059003.000179,0,11,44679.98,44680.4275,0.4475
-11.3,059003.000180,0,4,44903.42,44903.6576,0.2376
-11.3,059003.000181,0,14,45805.95,45805.9294,-0.0206
-11.3,059003.000182,0,5,45807.1,45807.1997,0.0997
-11.3,059003.000183,0,6,45844.65,45845.6717,1.0217
-11.3,059003.000184,0,4,46783.64,46783.5316,-0.1084
-11.3,059003.000185,0,6,48401.64,48401.4799,-0.1601
-11.3,059003.000186,0,8,48745.48,48745.263,-0.217
-11.3,059003.000187,0,8,50227.79,50227.5535,-0.2365
-11.3,059003.000188,0,5,50647.35,50647.0209,-0.3291
-11.3,059003.000189,0,9,50658.72,50658.5551,-0.1649
-11.3,059003.000190,0,2,50869.3,50868.7155,-0.5845
-11.3,059003.000191,0,2,51312.8,51312.7659,-0.0341
-11.3,059003.000192,0,1,52026.9,52026.8776,-0.0224
-11.3,059003.000541,1,7,100214.99,100215.0264,0.0364
-11.3,059003.000314,0,5,100321.12,100320.9485,-0.1715
-11.3,059003.000315,0,5,100430.29,100430.6486,0.3586
-11.3,059003.000316,0,2,100625.04,100625.1575,0.1175
-11.3,059003.000317,0,3,100788.95,100788.8189,-0.1311
-11.3,059003.000318,0,10,100947.18,100946.9655,-0.2145
-11.3,059003.000319,0,2,101071.43,101071.4128,-0.0172
-11.3,059003.000320,0,3,101165.33,101164.8785,-0.4515
-11.3,059003.000321,0,5,101446.27,101445.6375,-0.6325
-11.3,059003.000322,0,6,101665.58,101665.3249,-0.2551
-11.3,059003.000323,0,1,101680.38,101680.1876,-0.1924
-11.3,059003.000542,1,5,101778.0,101777.1446,-0.8554
-11.3,059003.000324,0,3,102435.67,102435.4377,-0.2323
-11.3,059003.000325,0,4,102484.66,102484.6573,-0.0027
-11.3,059003.000326,0,6,102617.24,102617.1221,-0.1179
-11.3,059003.000327,0,6,102830.43,102830.3677,-0.0623
-11.3,059003.000328,0,2,102981.94,102981.9146,-0.0254
-11.3,059003.000329,0,2,103308.53,103308.6618,0.1318
-11.3,059003.000330,0,5,103335.06,103336.2518,1.1918
-11.3,059003.000331,0,1,103344.35,103344.3941,0.0441
-11.3,059003.000332,0,0,103484.19,103484.19,0.0
-11.3,059003.000333,0,1,103805.38,103805.505,0.125
-11.3,059003.000334,0,3,103895.83,103895.8452,0.0152
-11.3,059003.000543,1,1,103973.35,103973.4917,0.1417
-11.3,059003.000335,0,0,104598.99,104598.99,0.0
-11.3,059003.000336,0,2,104788.68,104788.7642,0.0842
-11.3,059003.000337,0,2,104904.55,104904.6212,0.0712
-11.3,059003.000338,0,2,105019.06,105018.9764,-0.0836
-11.3,059003.000339,0,3,105049.72,105049.6454,-0.0746
-11.3,059003.000544,1,3,105191.13,105191.0209,-0.1091
-11.3,059003.000545,1,5,105338.51,105338.6024,0.0924
-11.3,059003.000340,0,5,105450.18,105450.133,-0.047
-11.3,059003.000546,1,1,105485.3,105484.7594,-0.5406
-11.3,059003.000547,1,8,105534.64,105535.1806,0.5406
-11.3,059003.000341,0,2,105566.62,105566.5235,-0.0965
-11.3,059003.000342,0,6,105632.16,105632.2403,0.0803
-11.3,059003.000548,1,2,106153.75,106153.8111,0.0611
-11.3,059003.000549,1,6,106224.22,106223.9793,-0.2407
-11.3,059003.000550,1,4,106306.51,106305.9969,-0.5131
-11.3,059003.000551,1,6,106384.65,106384.3617,-0.2883
-11.3,059003.000552,1,3,106394.09,106394.2142,0.1242
-11.3,059003.000553,1,0,106468.42,106468.42,-0.0
-11.3,059003.000343,0,9,106665.07,106665.0193,-0.0507
-11.3,059003.000344,0,5,106745.65,106745.4893,-0.1607
-11.3,059003.000345,0,4,107081.94,107082.1992,0.2592
-11.3,059003.000554,1,7,107177.8,107177.523,-0.277
-11.3,059003.000555,1,3,107223.2,107223.0684,-0.1316
-11.3,059003.000556,1,3,107262.71,107262.835,0.125
-11.3,059003.000346,0,2,107299.07,107298.0938,-0.9762
-11.3,059003.000557,1,4,107403.91,107403.3079,-0.6021
-11.3,059003.000558,1,4,107697.07,107697.156,0.086
-11.3,059003.000347,0,6,107854.46,107854.6398,0.1798
-11.3,059003.000559,1,0,107978.56,107979.2654,0.7054
-11.3,059003.000348,0,7,108559.4,108558.8224,-0.5776
-11.3,059003.000560,1,5,108574.0,108574.0726,0.0726
-11.3,059003.000561,1,2,111039.75,111038.4417,-1.3083
-11.3,059003.000562,1,6,111193.29,111193.5645,0.2745
-11.3,059003.000563,1,3,113854.23,113854.0825,-0.1475
-11.3,059003.000564,1,4,115439.45,115439.4827,0.0327
-11.3,059003.000565,1,7,119225.52,119225.4876,-0.0324
-11.3,059003.000566,1,8,121143.3,121143.0202,-0.2798
-11.3,059003.000567,1,3,122932.6,122932.6379,0.0379
-11.3,059003.000568,1,4,124594.4,124594.4338,0.0338
-11.3,059003.000569,1,0,125145.1,125145.1,0.0
-11.3,059003.000570,1,2,126743.3,126742.7715,-0.5285
-11.3,059003.000571,1,6,129009.15,129009.0154,-0.1346
-11.3,059003.000419,0,3,129106.1,129106.1831,0.0831
-11.3,059003.000572,1,7,129454.45,129454.9135,0.4635
-11.3,059003.000573,1,5,129744.09,129744.1664,0.0764
-11.3,059003.000574,1,3,129934.5,129934.0386,-0.4614
-11.3,059003.000575,1,0,130218.64,130218.64,0.0
-11.3,059003.000420,0,1,131200.3,131199.886,-0.414
-11.3,059003.000421,0,5,131226.3,131226.0889,-0.2111
-11.3,059003.000576,1,0,131788.15,131788.15,0.0
-11.3,059003.000577,1,4,131980.0,131980.0396,0.0396
-11.3,059003.000426,0,0,133393.2,133393.2,0.0
-11.3,059003.000427,0,7,133503.9,133503.6686,-0.2314
-11.3,059003.000578,1,4,134394.16,134394.3874,0.2274
-11.3,059003.000579,1,5,134402.02,134401.0993,-0.9207
-11.3,059003.000580,1,5,134402.83,134402.3559,-0.4741
-11.3,059003.000581,1,9,134405.44,134405.0463,-0.3937
-11.3,059003.000582,1,6,134425.98,134426.1763,0.1963
-11.3,059003.000583,1,5,134428.63,134428.7935,0.1635
-11.3,059003.000584,1,0,134433.41,134433.41,0.0
-11.3,059003.000585,1,5,134454.31,134454.6429,0.3329
-11.3,059003.000586,1,5,134454.76,134454.5714,-0.1886
-11.3,059003.000587,1,1,134480.15,134479.693,-0.457
-11.3,059003.000588,1,3,134480.72,134481.1215,0.4015
-11.3,059003.000589,1,3,134488.7,134488.4977,-0.2023
-11.3,059003.000590,1,2,134492.68,134492.699,0.019
-11.3,059003.000591,1,0,134496.12,134496.12,0.0
-11.3,059003.000428,0,2,135445.2,135445.3952,0.1952
-11.3,059003.000429,0,5,135868.8,135867.3374,-1.4626
-11.3,059003.000592,1,1,136554.97,136556.518,1.548
-11.3,059003.000593,1,1,136555.45,136555.7161,0.2661
-11.3,059003.000594,1,5,136557.98,136558.2576,0.2776
-11.3,059003.000595,1,3,136559.59,136559.364,-0.226
-11.3,059003.000596,1,4,136570.81,136570.87,0.06
-11.3,059003.000597,1,4,136572.21,136572.449,0.239
-11.3,059003.000598,1,0,136589.34,136589.34,0.0
-11.3,059003.000599,1,0,136589.44,136589.44,0.0
-11.3,059003.000600,1,4,136596.37,136596.4574,0.0874
-11.3,059003.000601,1,4,136596.63,136596.4707,-0.1593
-11.3,059003.000602,1,3,136620.17,136620.0838,-0.0862
-11.3,059003.000603,1,5,136641.8,136641.8113,0.0113
-11.3,059003.000604,1,4,136641.9,136642.0313,0.1313
-11.3,059003.000605,1,0,136649.4,136649.4,0.0
-11.3,059003.000606,1,0,136650.9,136650.9,0.0
-11.3,059003.000607,1,4,138783.5,138783.5391,0.0391
-11.3,059003.000608,1,4,138787.95,138787.7459,-0.2041
-11.3,059003.000609,1,0,138794.58,138794.58,0.0
-11.3,059003.000610,1,0,138796.56,138796.56,0.0
-11.3,059003.000611,1,4,138799.39,138799.3713,-0.0187
-11.3,059003.000612,1,5,138799.91,138800.3787,0.4687
-11.3,059003.000613,1,4,138822.38,138822.8171,0.4371
-11.3,059003.000614,1,2,138822.4,138822.7836,0.3836
-11.3,059003.000615,1,0,138827.78,138827.78,0.0
-11.3,059003.000616,1,0,138833.55,138833.55,0.0
-11.3,059003.000617,1,5,138849.86,138850.2609,0.4009
-11.3,059003.000618,1,6,138874.91,138874.7288,-0.1812
-11.3,059003.000619,1,6,138883.81,138884.1769,0.3669
-11.3,059003.000620,1,0,138888.98,138888.98,0.0
-11.3,059003.000621,1,0,138895.87,138895.87,0.0
-11.3,059003.000622,1,1,141328.85,141328.85,0.0
-9.7,059003.000001,0,3,0.0,0.0,0.0
-9.7,059003.000031,0,1,1398.34,1398.6833,0.3433
-9.7,059003.000032,0,3,2893.14,2893.2061,0.0661
-9.7,059003.000033,0,1,4453.76,4453.5494,-0.2106
-9.7,059003.000034,0,2,9370.66,9369.8035,-0.8565
-9.7,059003.000035,0,4,10032.92,10032.5355,-0.3845
-9.7,059003.000036,0,4,10138.18,10138.0097,-0.1703
-9.7,059003.000037,0,5,10859.06,10858.8318,-0.2282
-9.7,059003.000038,0,7,10950.24,10950.1963,-0.0437
-9.7,059003.000039,0,10,11761.69,11760.9951,-0.6949
-9.7,059003.000040,0,3,12494.63,12495.2296,0.5996
-9.7,059003.000043,0,7,13887.6,13887.7459,0.1459
-9.7,059003.000044,0,5,14187.35,14187.2239,-0.1261
-9.7,059003.000048,0,0,15443.48,15443.3146,-0.1654
-9.7,059003.000051,0,4,15705.13,15704.4131,-0.7169
-9.7,059003.000052,0,3,16089.14,16089.2156,0.0756
-9.7,059003.000055,0,6,16763.98,16764.4811,0.5011
-9.7,059003.000056,0,2,17095.63,17095.1599,-0.4701
-9.7,059003.000058,0,5,17409.58,17409.4271,-0.1529
-9.7,059003.000061,0,6,17642.06,17642.3759,0.3159
-9.7,059003.000065,0,1,18693.65,18692.8374,-0.8126
-9.7,059003.000068,0,1,19046.09,19046.8763,0.7863
-9.7,059003.000077,0,3,20856.86,20857.1255,0.2655
-9.7,059003.000090,0,0,23091.7,23091.7,0.0
-9.7,059003.000092,0,2,23245.99,23246.4012,0.4112
-9.7,059003.000094,0,0,23465.43,23465.43,0.0
-9.7,059003.000103,0,4,24357.98,24358.3514,0.3714
-9.7,059003.000107,0,1,24886.51,24886.573,0.063
-9.7,059003.000109,0,4,25244.61,25245.1082,0.4982
-9.7,059003.000110,0,0,25391.75,25391.75,0.0
-9.7,059003.000116,0,0,26447.88,26447.88,0.0
-9.7,059003.000117,0,1,26921.49,26921.2685,-0.2215
-9.7,059003.000118,0,3,26979.66,26979.6424,-0.0176
-9.7,059003.000122,0,2,27597.13,27596.7435,-0.3865
-9.7,059003.000124,0,5,28101.77,28100.4995,-1.2705
-9.7,059003.000430,0,1,30602.83,30603.1442,0.3142
-9.7,059003.000136,0,0,31787.93,31787.93,0.0
-9.7,059003.000169,0,3,39225.6,39224.9023,-0.6977
-9.7,059003.000174,0,3,39940.72,39940.7733,0.0533
-9.7,059003.000193,0,2,53092.8,53092.6898,-0.1102
-9.7,059003.000194,0,6,58158.08,58158.1453,0.0653
-9.7,059003.000195,0,8,58174.15,58174.3446,0.1946
-9.7,059003.000196,0,8,60166.2,60166.1276,-0.0724
-9.7,059003.000197,0,9,60419.73,60419.3987,-0.3313
-9.7,059003.000198,0,5,60520.32,60520.5452,0.2252
-9.7,059003.000199,0,5,61357.04,61356.9298,-0.1102
-9.7,059003.000200,0,6,61605.66,61605.5743,-0.0857
-9.7,059003.000201,0,7,61717.98,61717.919,-0.061
-9.7,059003.000202,0,8,62062.63,62062.6783,0.0483
-9.7,059003.000203,0,9,62240.83,62240.7625,-0.0675
-9.7,059003.000204,0,9,62535.62,62535.1571,-0.4629
-9.7,059003.000205,0,4,62558.67,62558.6248,-0.0452
-9.7,059003.000206,0,7,62678.7,62678.3363,-0.3637
-9.7,059003.000207,0,1,63221.28,63221.1607,-0.1193
-9.7,059003.000208,0,6,63232.14,63232.1597,0.0197
-9.7,059003.000209,0,7,63576.27,63576.7869,0.5169
-9.7,059003.000210,0,5,63593.35,63593.6326,0.2826
-9.7,059003.000211,0,8,63768.66,63768.5279,-0.1321
-9.7,059003.000212,0,7,63816.91,63816.9734,0.0634
-9.7,059003.000213,0,4,64150.94,64150.7603,-0.1797
-9.7,059003.000214,0,4,64215.45,64215.278,-0.172
-9.7,059003.000215,0,7,64235.61,64235.3289,-0.2811
-9.7,059003.000216,0,8,64401.03,64401.0353,0.0053
-9.7,059003.000217,0,3,64817.53,64817.4811,-0.0489
-9.7,059003.000218,0,11,64857.15,64857.1761,0.0261
-9.7,059003.000219,0,9,64865.15,64865.2357,0.0857
-9.7,059003.000220,0,4,64979.55,64979.3304,-0.2196
-9.7,059003.000431,1,2,65073.26,65073.3287,0.0687
-9.7,059003.000221,0,8,65295.9,65295.8688,-0.0312
-9.7,059003.000432,1,6,65765.17,65764.8608,-0.3092
-9.7,059003.000222,0,7,65909.44,65909.4107,-0.0293
-9.7,059003.000223,0,3,65922.42,65922.495,0.075
-9.7,059003.000224,0,7,65935.25,65935.2758,0.0258
-9.7,059003.000225,0,1,65967.15,65967.0723,-0.0777
-9.7,059003.000226,0,7,66148.4,66148.883,0.483
-9.7,059003.000227,0,6,66301.35,66301.9954,0.6454
-9.7,059003.000228,0,0,66324.84,66324.84,0.0
-9.7,059003.000229,0,4,66681.14,66681.2448,0.1048
-9.7,059003.000230,0,9,66735.88,66735.9317,0.0517
-9.7,059003.000231,0,8,66852.87,66852.5592,-0.3108
-9.7,059003.000232,0,3,66867.09,66866.8894,-0.2006
-9.7,059003.000233,0,4,66943.04,66942.9416,-0.0984
-9.7,059003.000234,0,7,67049.18,67048.9125,-0.2675
-9.7,059003.000235,0,6,67240.35,67240.5133,0.1633
-9.7,059003.000236,0,9,67395.32,67395.2193,-0.1007
-9.7,059003.000237,0,5,67398.79,67398.851,0.061
-9.7,059003.000238,0,5,67679.21,67679.1598,-0.0502
-9.7,059003.000239,0,8,67870.76,67870.5745,-0.1855
-9.7,059003.000240,0,5,67965.47,67965.581,0.111
-9.7,059003.000241,0,5,68238.12,68238.091,-0.029
-9.7,059003.000242,0,3,68305.1,68305.8167,0.7167
-9.7,059003.000433,1,7,68331.68,68331.4802,-0.1998
-9.7,059003.000243,0,4,68331.75,68331.7087,-0.0413
-9.7,059003.000244,0,5,68374.54,68374.6309,0.0909
-9.7,059003.000245,0,5,68492.43,68492.5155,0.0855
-9.7,059003.000246,0,7,68525.62,68525.0901,-0.5299
-9.7,059003.000247,0,7,68544.19,68544.1346,-0.0554
-9.7,059003.000434,1,2,68556.35,68556.6386,0.2886
-9.7,059003.000435,1,8,68676.55,68676.7291,0.1791
-9.7,059003.000248,0,0,68801.67,68801.67,0.0
-9.7,059003.000249,0,6,68978.55,68978.3322,-0.2178
-9.7,059003.000250,0,5,68987.07,68987.0288,-0.0412
-9.7,059003.000251,0,9,69138.28,69137.7598,-0.5202
-9.7,059003.000252,0,9,69408.51,69408.4293,-0.0807
-9.7,059003.000253,0,7,69431.0,69430.9993,-0.0007
-9.7,059003.000254,0,11,69681.6,69681.7744,0.1744
-9.7,059003.000255,0,11,69686.26,69686.3649,0.1049
-9.7,059003.000256,0,8,69978.08,69978.0438,-0.0362
-9.7,059003.000257,0,7,70381.48,70381.2627,-0.2173
-9.7,059003.000258,0,4,71021.1,71021.3768,0.2768
-9.7,059003.000259,0,7,71385.6,71385.6799,0.0799
-9.7,059003.000260,0,1,71501.0,71501.1086,0.1086
-9.7,059003.000261,0,5,71536.38,71536.1079,-0.2721
-9.7,059003.000262,0,6,71592.34,71592.4509,0.1109
-9.7,059003.000263,0,4,71736.45,71736.2292,-0.2208
-9.7,059003.000264,0,3,71978.52,71978.6092,0.0892
-9.7,059003.000265,0,3,71994.81,71994.7882,-0.0218
-9.7,059003.000266,0,6,73029.9,73029.7363,-0.1637
-9.7,059003.000267,0,6,73378.42,73378.1564,-0.2636
-9.7,059003.000268,0,6,73606.17,73606.0914,-0.0786
-9.7,059003.000269,0,6,73609.1,73608.1714,-0.9286
-9.7,059003.000270,0,4,74105.2,74105.058,-0.142
-9.7,059003.000436,1,4,74619.63,74620.034,0.404
-9.7,059003.000271,0,2,74463.7,74463.2301,-0.4699
-9.7,059003.000437,1,3,74696.2,74696.0885,-0.1115
-9.7,059003.000272,0,6,75294.0,75293.8624,-0.1376
-9.7,059003.000273,0,1,75409.58,75409.6324,0.0524
-9.7,059003.000274,0,4,75560.75,75560.8666,0.1166
-9.7,059003.000275,0,5,75614.81,75614.7069,-0.1031
-9.7,059003.000276,0,6,75640.0,75639.8487,-0.1513
-9.7,059003.000277,0,5,75762.23,75762.0647,-0.1653
-9.7,059003.000438,1,7,75982.8,75982.6977,-0.1023
-9.7,059003.000439,1,5,76130.52,76130.3179,-0.2021
-9.7,059003.000440,1,10,76411.04,76411.0315,-0.0085
-9.7,059003.000441,1,4,76534.72,76534.7981,0.0781
-9.7,059003.000278,0,2,76892.4,76892.4749,0.0749
-9.7,059003.000442,1,6,76894.56,76894.5903,0.0303
-9.7,059003.000279,0,6,77822.0,77821.9112,-0.0888
-9.7,059003.000280,0,3,78312.91,78313.2942,0.3842
-9.7,059003.000281,0,5,78463.6,78463.5118,-0.0882
-9.7,059003.000282,0,5,78694.57,78694.614,0.044
-9.7,059003.000283,0,3,78889.14,78888.9759,-0.1641
-9.7,059003.000284,0,3,79136.23,79136.3057,0.0757
-9.7,059003.000285,0,6,79366.65,79366.8699,0.2199
-9.7,059003.000443,1,0,79377.15,79377.15,0.0
-9.7,059003.000444,1,0,79378.38,79378.38,0.0
-9.7,059003.000286,0,4,79395.55,79395.5992,0.0492
-9.7,059003.000287,0,3,79742.36,79742.4623,0.1023
-9.7,059003.000288,0,3,80164.04,80163.9335,-0.1065
-9.7,059003.000289,0,9,80360.82,80360.8447,0.0247
-9.7,059003.000290,0,2,80897.85,80898.209,0.359
-9.7,059003.000291,0,5,80988.76,80987.8294,-0.9306
-9.7,059003.000292,0,5,81404.52,81404.4647,-0.0553
-9.7,059003.000445,1,5,82082.7,82082.8161,0.1161
-9.7,059003.000293,0,4,82492.4,82492.1421,-0.2579
-9.7,059003.000294,0,4,83025.91,83025.6298,-0.2802
-9.7,059003.000295,0,3,83426.55,83426.2451,-0.3049
-9.7,059003.000296,0,8,83607.32,83607.1876,-0.1324
-9.7,059003.000297,0,2,83703.43,83703.412,-0.018
-9.7,059003.000446,1,5,84150.65,84150.6008,-0.0492
-9.7,059003.000447,1,4,84270.44,84270.6928,0.2528
-9.7,059003.000298,0,5,84409.93,84409.5824,-0.3476
-9.7,059003.000299,0,3,84410.63,84410.4619,-0.1681
-9.7,059003.000300,0,7,84430.98,84431.0701,0.0901
-9.7,059003.000448,1,3,84690.2,84690.0951,-0.1049
-9.7,059003.000449,1,4,84804.11,84804.3692,0.2592
-9.7,059003.000301,0,4,84992.04,84991.7595,-0.2805
-9.7,059003.000302,0,4,85306.1,85305.9148,-0.1852
-9.7,059003.000450,1,3,85981.65,85981.1166,-0.5334
-9.7,059003.000451,1,5,86390.45,86390.4585,0.0085
-9.7,059003.000452,1,6,86455.75,86456.2132,0.4632
-9.7,059003.000453,1,4,86938.55,86938.8814,0.3314
-9.7,059003.000303,0,3,87511.6,87511.5553,-0.0447
-9.7,059003.000454,1,3,87726.9,87726.4663,-0.4337
-9.7,059003.000304,0,11,88210.1,88210.315,0.215
-9.7,059003.000305,0,7,88948.6,88948.5767,-0.0233
-9.7,059003.000455,1,2,89969.42,89969.3913,-0.0287
-9.7,059003.000306,0,5,90119.8,90119.7652,-0.0348
-9.7,059003.000307,0,5,90629.2,90629.2085,0.0085
-9.7,059003.000308,0,4,92441.7,92441.7125,0.0125
-9.7,059003.000309,0,6,92554.8,92555.2043,0.4043
-9.7,059003.000310,0,6,93296.5,93296.7293,0.2293
-9.7,059003.000311,0,5,93967.4,93967.3859,-0.0141
-9.7,059003.000312,0,7,95147.9,95147.974,0.074
-9.7,059003.000313,0,2,96830.5,96830.8544,0.3544
-9.7,059003.000456,1,7,99681.9,99682.6185,0.7185
-9.7,059003.000457,1,4,99938.5,99939.1531,0.6531
-9.7,059003.000349,0,2,110295.2,110295.3481,0.1481
-9.7,059003.000350,0,2,110333.55,110333.2213,-0.3287
-9.7,059003.000351,0,5,110530.96,110531.7579,0.7979
-9.7,059003.000352,0,8,110880.92,110881.1965,0.2765
-9.7,059003.000353,0,6,110922.18,110922.4866,0.3066
-9.7,059003.000354,0,3,111109.95,111109.8692,-0.0808
-9.7,059003.000355,0,7,111268.6,111267.9758,-0.6242
-9.7,059003.000356,0,2,111334.87,111335.2718,0.4018
-9.7,059003.000357,0,10,111342.43,111341.8708,-0.5592
-9.7,059003.000358,0,3,111494.56,111494.9001,0.3401
-9.7,059003.000458,1,2,111518.34,111518.7249,0.3849
-9.7,059003.000459,1,4,111728.91,111729.0652,0.1552
-9.7,059003.000460,1,7,111772.91,111771.9215,-0.9885
-9.7,059003.000461,1,1,111779.59,111780.615,1.025
-9.7,059003.000462,1,11,111902.78,111902.3877,-0.3923
-9.7,059003.000359,0,6,111992.97,111993.0917,0.1217
-9.7,059003.000360,0,4,112643.09,112643.5761,0.4861
-9.7,059003.000361,0,5,112769.67,112770.36,0.69
-9.7,059003.000463,1,6,112837.43,112837.3474,-0.0826
-9.7,059003.000362,0,1,112896.3,112896.8215,0.5215
-9.7,059003.000363,0,1,113023.5,113023.5728,0.0728
-9.7,059003.000464,1,8,113064.69,113064.6525,-0.0375
-9.7,059003.000364,0,6,113158.53,113157.7895,-0.7405
-9.7,059003.000465,1,4,113211.64,113211.7671,0.1271
-9.7,059003.000466,1,3,113225.66,113225.4441,-0.2159
-9.7,059003.000365,0,8,113291.67,113291.7144,0.0444
-9.7,059003.000366,0,6,113556.8,113557.0977,0.2977
-9.7,059003.000367,0,5,113600.13,113600.0393,-0.0907
-9.7,059003.000368,0,10,113630.9,113631.1822,0.2822
-9.7,059003.000369,0,10,113664.57,113664.9446,0.3746
-9.7,059003.000370,0,8,113780.27,113780.0786,-0.1914
-9.7,059003.000371,0,3,113825.5,113825.7464,0.2464
-9.7,059003.000372,0,1,113833.9,113834.6418,0.7418
-9.7,059003.000467,1,8,113854.85,113855.1637,0.3137
-9.7,059003.000468,1,6,113894.44,113894.6355,0.1955
-9.7,059003.000373,0,6,113914.16,113913.5155,-0.6445
-9.7,059003.000374,0,0,114725.6,114725.6,0.0
-9.7,059003.000375,0,5,114797.12,114798.0259,0.9059
-9.7,059003.000376,0,0,114970.95,114970.95,0.0
-9.7,059003.000469,1,6,115094.1,115093.7053,-0.3947
-9.7,059003.000470,1,4,115176.16,115176.3897,0.2297
-9.7,059003.000471,1,8,115218.75,115218.7478,-0.0022
-9.7,059003.000377,0,6,115324.47,115324.4888,0.0188
-9.7,059003.000378,0,5,115403.34,115402.4969,-0.8431
-9.7,059003.000379,0,4,115408.39,115407.7532,-0.6368
-9.7,059003.000380,0,6,115420.8,115420.7799,-0.0201
-9.7,059003.000472,1,17,115489.74,115489.6213,-0.1187
-9.7,059003.000381,0,7,115499.67,115499.8859,0.2159
-9.7,059003.000382,0,5,115670.0,115668.5401,-1.4599
-9.7,059003.000383,0,1,115672.26,115672.146,-0.114
-9.7,059003.000473,1,2,115712.03,115713.4671,1.4371
-9.7,059003.000384,0,7,115800.17,115799.9392,-0.2308
-9.7,059003.000474,1,9,115881.55,115881.2296,-0.3204
-9.7,059003.000385,0,5,115933.14,115932.422,-0.718
-9.7,059003.000475,1,3,115990.73,115990.4526,-0.2774
-9.7,059003.000386,0,9,116021.78,116021.0172,-0.7628
-9.7,059003.000476,1,5,116078.6,116078.4096,-0.1904
-9.7,059003.000387,0,3,116238.71,116237.2877,-1.4223
-9.7,059003.000388,0,8,116309.14,116308.7598,-0.3802
-9.7,059003.000389,0,8,116453.2,116453.3248,0.1248
-9.7,059003.000390,0,0,116489.75,116489.75,0.0
-9.7,059003.000391,0,7,116727.1,116727.1653,0.0653
-9.7,059003.000477,1,2,116777.55,116777.5388,-0.0112
-9.7,059003.000392,0,5,117044.6,117044.2124,-0.3876
-9.7,059003.000393,0,6,117248.2,117247.0601,-1.1399
-9.7,059003.000394,0,6,117323.1,117322.8914,-0.2086
-9.7,059003.000478,1,3,117359.3,117359.0846,-0.2154
-9.7,059003.000479,1,1,117376.01,117375.188,-0.822
-9.7,059003.000480,1,3,117385.1,117384.8922,-0.2078
-9.7,059003.000481,1,6,117397.8,117400.8699,3.0699
-9.7,059003.000482,1,7,117507.88,117507.579,-0.301
-9.7,059003.000395,0,5,117540.5,117541.1563,0.6563
-9.7,059003.000396,0,4,117574.5,117575.3535,0.8535
-9.7,059003.000483,1,5,117592.2,117592.4873,0.2873
-9.7,059003.000397,0,4,117647.2,117647.09,-0.11
-9.7,059003.000398,0,3,117686.4,117686.0304,-0.3696
-9.7,059003.000399,0,3,117775.3,117775.6681,0.3681
-9.7,059003.000400,0,1,118063.0,118063.3197,0.3197
-9.7,059003.000484,1,6,118069.2,118068.2573,-0.9427
-9.7,059003.000401,0,3,118081.1,118080.7902,-0.3098
-9.7,059003.000402,0,6,118201.4,118199.9305,-1.4695
-9.7,059003.000485,1,9,118224.13,118224.9825,0.8525
-9.7,059003.000403,0,10,118271.6,118269.9465,-1.6535
-9.7,059003.000404,0,7,118318.6,118319.6273,1.0273
-9.7,059003.000405,0,9,118468.8,118468.4823,-0.3177
-9.7,059003.000486,1,3,118588.65,118587.9777,-0.6723
-9.7,059003.000406,0,5,118610.9,118611.5964,0.6964
-9.7,059003.000487,1,7,118860.77,118860.3863,-0.3837
-9.7,059003.000407,0,4,118879.3,118879.464,0.164
-9.7,059003.000488,1,3,118885.4,118885.5261,0.1261
-9.7,059003.000489,1,10,118987.0,118987.6643,0.6643
-9.7,059003.000490,1,2,119019.05,119018.6116,-0.4384
-9.7,059003.000491,1,8,119077.25,119077.0365,-0.2135
-9.7,059003.000408,0,2,120498.7,120498.2508,-0.4492
-9.7,059003.000492,1,6,120715.55,120715.7744,0.2244
-9.7,059003.000409,0,7,121095.2,121094.3421,-0.8579
-9.7,059003.000410,0,1,121119.2,121117.7482,-1.4518
-9.7,059003.000411,0,3,121382.6,121382.0767,-0.5233
-9.7,059003.000493,1,4,121411.77,121411.1501,-0.6199
-9.7,059003.000412,0,4,121431.2,121429.6014,-1.5986
-9.7,059003.000413,0,6,121532.5,121532.7555,0.2555
-9.7,059003.000494,1,4,121580.9,121581.3732,0.4732
-9.7,059003.000495,1,4,121582.6,121582.0219,-0.5781
-9.7,059003.000496,1,3,122141.46,122141.3528,-0.1072
-9.7,059003.000414,0,4,128214.2,128214.2798,0.0798
-9.7,059003.000415,0,3,128352.8,128352.2931,-0.5069
-9.7,059003.000416,0,5,128381.6,128382.2086,0.6086
-9.7,059003.000417,0,3,128453.2,128453.6959,0.4959
-9.7,059003.000497,1,6,128479.6,128479.4653,-0.1347
-9.7,059003.000418,0,4,128568.6,128568.5958,-0.0042
-9.7,059003.000498,1,5,128800.05,128800.7256,0.6756
-9.7,059003.000499,1,6,128912.95,128913.6048,0.6548
-9.7,059003.000500,1,2,132415.6,132414.4438,-1.1562
-9.7,059003.000501,1,2,132651.7,132651.6216,-0.0784
-9.7,059003.000502,1,2,132783.0,132783.1673,0.1673
-9.7,059003.000503,1,2,132958.22,132957.4847,-0.7353
-9.7,059003.000504,1,5,133037.3,133038.2957,0.9957
-9.7,059003.000505,1,4,133150.95,133152.6514,1.7014
-9.7,059003.000422,0,1,133194.3,133194.6475,0.3475
-9.7,059003.000423,0,0,133242.3,133242.3,0.0
-9.7,059003.000506,1,2,133306.9,133306.5868,-0.3132
-9.7,059003.000424,0,2,133352.2,133352.0555,-0.1445
-9.7,059003.000507,1,6,133370.49,133370.1648,-0.3252
-9.7,059003.000425,0,0,133373.0,133373.0,0.0
-9.7,059003.000508,1,4,133511.58,133511.2328,-0.3472
-9.7,059003.000509,1,2,133566.52,133566.0727,-0.4473
-9.7,059003.000510,1,4,133594.97,133595.7226,0.7526
-9.7,059003.000511,1,0,133650.5,133650.5,0.0
-9.7,059003.000512,1,5,134001.32,133999.4828,-1.8372
-9.7,059003.000513,1,0,134007.65,134007.65,0.0
-9.7,059003.000514,1,3,134069.5,134068.9857,-0.5143
-9.7,059003.000515,1,3,134163.18,134163.2745,0.0945
-9.7,059003.000516,1,3,134163.33,134164.3246,0.9946
-9.7,059003.000517,1,1,134220.3,134220.8127,0.5127
-9.7,059003.000518,1,0,134375.6,134375.6,0.0
-9.7,059003.000519,1,3,134868.82,134869.3728,0.5528
-9.7,059003.000520,1,4,134932.15,134932.2979,0.1479
-9.7,059003.000521,1,0,135896.6,135896.6,0.0
-9.7,059003.000522,1,3,135927.0,135927.3408,0.3408
-9.7,059003.000523,1,1,136034.02,136036.6016,2.5816
-9.7,059003.000524,1,0,136111.0,136111.0,0.0
-9.7,059003.000525,1,4,136326.7,136326.6793,-0.0207
-9.7,059003.000526,1,4,136435.34,136435.6208,0.2808
-9.7,059003.000527,1,0,136485.6,136485.6,0.0
-9.7,059003.000528,1,0,136606.4,136606.4,0.0
-9.7,059003.000529,1,3,136643.4,136643.3863,-0.0137
-9.7,059003.000530,1,2,137960.61,137960.9794,0.3694
-9.7,059003.000531,1,3,138034.95,138034.7388,-0.2112
-9.7,059003.000532,1,0,138077.8,138077.8,0.0
-9.7,059003.000533,1,2,138342.75,138342.5481,-0.2019
-9.7,059003.000534,1,4,138410.5,138410.3822,-0.1178
-9.7,059003.000535,1,4,138445.3,138445.4683,0.1683
-9.7,059003.000536,1,1,138839.85,138840.8238,0.9738
-9.7,059003.000537,1,1,138900.4,138899.6931,-0.7069
-9.7,059003.000538,1,4,139081.4,139082.4612,1.0612
-9.7,059003.000041,0,14,12846.66,12846.6411,-0.0189
-9.7,059003.000042,0,7,13352.1,13352.4796,0.3796
-9.7,059003.000045,0,6,14558.82,14558.4649,-0.3551
-9.7,059003.000046,0,8,14859.96,14859.2084,-0.7516
-9.7,059003.000047,0,12,15045.8,15045.4122,-0.3878
-9.7,059003.000049,0,5,15454.16,15453.8455,-0.3145
-9.7,059003.000050,0,11,15525.5,15525.4032,-0.0968
-9.7,059003.000053,0,10,16135.97,16135.912,-0.058
-9.7,059003.000054,0,12,16516.15,16516.185,0.035
-9.7,059003.000057,0,7,17113.19,17112.6282,-0.5618
-9.7,059003.000059,0,6,17534.76,17534.1286,-0.6314
-9.7,059003.000060,0,15,17627.0,17627.1749,0.1749
-9.7,059003.000062,0,10,18063.36,18063.0928,-0.2672
-9.7,059003.000063,0,15,18211.76,18211.8907,0.1307
-9.7,059003.000064,0,8,18241.54,18241.1836,-0.3564
-9.7,059003.000066,0,7,18921.24,18922.4285,1.1885
-9.7,059003.000067,0,12,18990.08,18989.9548,-0.1252
-9.7,059003.000069,0,10,19308.93,19308.851,-0.079
-9.7,059003.000070,0,15,19360.1,19360.0171,-0.0829
-9.7,059003.000071,0,2,19649.67,19649.8309,0.1609
-9.7,059003.000072,0,10,19700.9,19700.6157,-0.2843
-9.7,059003.000073,0,11,19872.43,19872.1498,-0.2802
-9.7,059003.000539,1,3,20096.73,20097.055,0.325
-9.7,059003.000074,0,11,20160.36,20160.3273,-0.0327
-9.7,059003.000075,0,14,20315.65,20315.1289,-0.5211
-9.7,059003.000076,0,12,20848.39,20848.3741,-0.0159
-9.7,059003.000078,0,7,21148.43,21148.3724,-0.0576
-9.7,059003.000079,0,11,21238.78,21238.6066,-0.1734
-9.7,059003.000080,0,17,21294.89,21294.8019,-0.0881
-9.7,059003.000081,0,5,21418.84,21419.0495,0.2095
-9.7,059003.000082,0,13,21535.17,21534.8665,-0.3035
-9.7,059003.000540,1,4,21598.58,21597.0419,-1.5381
-9.7,059003.000083,0,14,21611.19,21611.0397,-0.1503
-9.7,059003.000084,0,9,21755.84,21755.5521,-0.2879
-9.7,059003.000085,0,12,22080.94,22080.8578,-0.0822
-9.7,059003.000086,0,4,22277.66,22277.299,-0.361
-9.7,059003.000087,0,7,22527.7,22527.5606,-0.1394
-9.7,059003.000088,0,19,22747.69,22747.9164,0.2264
-9.7,059003.000089,0,9,23050.61,23050.9829,0.3729
-9.7,059003.000091,0,10,23175.09,23175.0291,-0.0609
-9.7,059003.000093,0,8,23442.25,23442.2248,-0.0252
-9.7,059003.000095,0,13,23532.86,23533.0704,0.2104
-9.7,059003.000096,0,8,23647.77,23647.6299,-0.1401
-9.7,059003.000097,0,13,23651.88,23651.808,-0.072
-9.7,059003.000098,0,15,23751.57,23751.5966,0.0266
-9.7,059003.000099,0,18,23844.58,23844.4949,-0.0851
-9.7,059003.000100,0,2,23955.37,23955.6092,0.2392
-9.7,059003.000101,0,11,24250.62,24250.7181,0.0981
-9.7,059003.000102,0,6,24309.2,24309.0756,-0.1244
-9.7,059003.000104,0,14,24461.24,24461.4327,0.1927
-9.7,059003.000105,0,36,24470.9,24470.8818,-0.0182
-9.7,059003.000106,0,11,24788.02,24788.045,0.025
-9.7,059003.000108,0,15,25033.91,25033.7034,-0.2066
-9.7,059003.000111,0,8,25409.74,25409.4524,-0.2876
-9.7,059003.000112,0,6,25934.98,25934.805,-0.175
-9.7,059003.000113,0,5,25979.34,25979.4926,0.1526
-9.7,059003.000114,0,11,26095.23,26095.1425,-0.0875
-9.7,059003.000115,0,13,26446.97,26446.737,-0.233
-9.7,059003.000119,0,10,27138.55,27138.385,-0.165
-9.7,059003.000120,0,10,27380.31,27379.9665,-0.3435
-9.7,059003.000121,0,11,27452.45,27452.4412,-0.0088
-9.7,059003.000123,0,7,27604.26,27604.3209,0.0609
-9.7,059003.000125,0,7,28399.43,28399.5163,0.0863
-9.7,059003.000126,0,8,28720.71,28720.4845,-0.2255
-9.7,059003.000127,0,6,28885.14,28885.6556,0.5156
-9.7,059003.000128,0,5,28936.46,28937.4091,0.9491
-9.7,059003.000129,0,6,29263.08,29263.2787,0.1987
-9.7,059003.000130,0,9,29267.86,29267.8575,-0.0025
-9.7,059003.000131,0,4,29835.09,29834.8935,-0.1965
-9.7,059003.000132,0,11,30505.72,30505.6652,-0.0548
-9.7,059003.000133,0,13,30733.53,30733.4416,-0.0884
-9.7,059003.000134,0,15,30994.55,30994.9349,0.3849
-9.7,059003.000135,0,11,31254.71,31254.4729,-0.2371
-9.7,059003.000137,0,4,31803.7,31803.3518,-0.3482
-9.7,059003.000138,0,6,32288.92,32288.6268,-0.2932
-9.7,059003.000139,0,3,32760.11,32759.284,-0.826
-9.7,059003.000140,0,7,33338.37,33338.1077,-0.2623
-9.7,059003.000141,0,7,33466.41,33466.3971,-0.0129
-9.7,059003.000142,0,6,33659.99,33660.1968,0.2068
-9.7,059003.000143,0,4,34198.61,34198.1211,-0.4889
-9.7,059003.000144,0,8,34520.27,34520.3133,0.0433
-9.7,059003.000145,0,13,34825.49,34825.7424,0.2524
-9.7,059003.000146,0,6,35024.49,35024.2285,-0.2615
-9.7,059003.000147,0,3,35137.82,35137.8311,0.0111
-9.7,059003.000148,0,15,35291.0,35291.1057,0.1057
-9.7,059003.000149,0,3,35384.17,35384.0075,-0.1625
-9.7,059003.000150,0,9,35801.12,35801.1605,0.0405
-9.7,059003.000151,0,6,35828.46,35828.4548,-0.0052
-9.7,059003.000152,0,3,35863.74,35863.9622,0.2222
-9.7,059003.000153,0,8,36640.38,36640.0235,-0.3565
-9.7,059003.000154,0,10,36642.13,36642.0177,-0.1123
-9.7,059003.000155,0,7,36652.29,36651.9197,-0.3703
-9.7,059003.000156,0,11,36670.57,36670.2943,-0.2757
-9.7,059003.000157,0,2,36683.21,36683.5844,0.3744
-9.7,059003.000158,0,7,37011.92,37012.004,0.084
-9.7,059003.000159,0,5,37197.64,37198.1229,0.4829
-9.7,059003.000160,0,9,37919.58,37919.5652,-0.0148
-9.7,059003.000161,0,9,38448.38,38448.1704,-0.2096
-9.7,059003.000162,0,1,38549.9,38550.0809,0.1809
-9.7,059003.000163,0,6,38694.51,38694.6919,0.1819
-9.7,059003.000164,0,6,38701.59,38701.2311,-0.3589
-9.7,059003.000165,0,8,38726.5,38727.0356,0.5356
-9.7,059003.000166,0,6,38785.76,38785.5288,-0.2312
-9.7,059003.000167,0,5,39024.27,39024.5086,0.2386
-9.7,059003.000168,0,6,39120.4,39120.1388,-0.2612
-9.7,059003.000170,0,1,39485.48,39485.6226,0.1426
-9.7,059003.000171,0,8,39725.99,39726.1406,0.1506
-9.7,059003.000172,0,11,39732.99,39732.9916,0.0016
-9.7,059003.000173,0,9,39870.17,39869.9656,-0.2044
-9.7,059003.000175,0,7,40098.66,40098.6891,0.0291
-9.7,059003.000176,0,6,40205.74,40206.3112,0.5712
-9.7,059003.000177,0,7,41023.98,41024.1864,0.2064
-9.7,059003.000178,0,2,41026.87,41025.5923,-1.2777
-9.7,059003.000179,0,11,44679.98,44679.1982,-0.7818
-9.7,059003.000180,0,8,44903.42,44903.0994,-0.3206
-9.7,059003.000181,0,9,45805.95,45805.8217,-0.1283
-9.7,059003.000182,0,5,45807.1,45807.2965,0.1965
-9.7,059003.000183,0,5,45844.65,45844.7424,0.0924
-9.7,059003.000184,0,7,46783.64,46783.8514,0.2114
-9.7,059003.000185,0,5,48401.64,48401.9296,0.2896
-9.7,059003.000186,0,8,48745.48,48745.3803,-0.0997
-9.7,059003.000187,0,3,50227.79,50228.4539,0.6639
-9.7,059003.000188,0,8,50647.35,50646.888,-0.462
-9.7,059003.000189,0,5,50658.72,50659.1105,0.3905
-9.7,059003.000190,0,5,50869.3,50869.2024,-0.0976
-9.7,059003.000191,0,6,51312.8,51312.7227,-0.0773
-9.7,059003.000192,0,2,52026.9,52027.1566,0.2566
-9.7,059003.000541,1,6,100214.99,100214.7138,-0.2762
-9.7,059003.000314,0,5,100321.12,100321.1542,0.0342
-9.7,059003.000315,0,1,100430.29,100430.235,-0.055
-9.7,059003.000316,0,6,100625.04,100625.0067,-0.0333
-9.7,059003.000317,0,8,100788.95,100788.8681,-0.0819
-9.7,059003.000318,0,6,100947.18,100947.1944,0.0144
-9.7,059003.000319,0,4,101071.43,101071.2694,-0.1606
-9.7,059003.000320,0,2,101165.33,101164.8138,-0.5162
-9.7,059003.000321,0,5,101446.27,101446.478,0.208
-9.7,059003.000322,0,4,101665.58,101665.3935,-0.1865
-9.7,059003.000323,0,3,101680.38,101680.8315,0.4515
-9.7,059003.000542,1,5,101778.0,101777.7204,-0.2796
-9.7,059003.000324,0,5,102435.67,102435.6303,-0.0397
-9.7,059003.000325,0,4,102484.66,102484.801,0.141
-9.7,059003.000326,0,10,102617.24,102617.2801,0.0401
-9.7,059003.000327,0,1,102830.43,102830.3199,-0.1101
-9.7,059003.000328,0,2,102981.94,102981.807,-0.133
-9.7,059003.000329,0,2,103308.53,103308.3003,-0.2297
-9.7,059003.000330,0,3,103335.06,103334.9719,-0.0881
-9.7,059003.000331,0,3,103344.35,103344.237,-0.113
-9.7,059003.000332,0,0,103484.19,103484.19,0.0
-9.7,059003.000333,0,2,103805.38,103805.3698,-0.0102
-9.7,059003.000334,0,6,103895.83,103895.5616,-0.2684
-9.7,059003.000543,1,5,103973.35,103973.3402,-0.0098
-9.7,059003.000335,0,1,104598.99,104598.9879,-0.0021
-9.7,059003.000336,0,4,104788.68,104788.3875,-0.2925
-9.7,059003.000337,0,7,104904.55,104904.9156,0.3656
-9.7,059003.000338,0,5,105019.06,105018.7502,-0.3098
-9.7,059003.000339,0,5,105049.72,105050.0699,0.3499
-9.7,059003.000544,1,9,105191.13,105190.8051,-0.3249
-9.7,059003.000545,1,4,105338.51,105338.6105,0.1005
-9.7,059003.000340,0,7,105450.18,105449.7149,-0.4651
-9.7,059003.000546,1,1,105485.3,105485.3,0.0
-9.7,059003.000547,1,1,105534.64,105534.5088,-0.1312
-9.7,059003.000341,0,4,105566.62,105566.3315,-0.2885
-9.7,059003.000342,0,3,105632.16,105632.27,0.11
-9.7,059003.000548,1,1,106153.75,106154.755,1.005
-9.7,059003.000549,1,7,106224.22,106224.3793,0.1593
-9.7,059003.000550,1,5,106306.51,106306.405,-0.105
-9.7,059003.000551,1,5,106384.65,106382.7633,-1.8867
-9.7,059003.000552,1,2,106394.09,106394.2456,0.1556
-9.7,059003.000553,1,4,106468.42,106468.1004,-0.3196
-9.7,059003.000343,0,5,106665.07,106664.752,-0.318
-9.7,059003.000344,0,2,106745.65,106745.2929,-0.3571
-9.7,059003.000345,0,8,107081.94,107081.7664,-0.1736
-9.7,059003.000554,1,3,107177.8,107177.769,-0.031
-9.7,059003.000555,1,4,107223.2,107223.3995,0.1995
-9.7,059003.000556,1,5,107262.71,107262.9775,0.2675
-9.7,059003.000346,0,9,107299.07,107299.0321,-0.0379
-9.7,059003.000557,1,3,107403.91,107403.4403,-0.4697
-9.7,059003.000558,1,5,107697.07,107697.1425,0.0725
-9.7,059003.000347,0,5,107854.46,107854.3234,-0.1366
-9.7,059003.000559,1,1,107978.56,107978.7503,0.1903
-9.7,059003.000348,0,7,108559.4,108559.5121,0.1121
-9.7,059003.000560,1,3,108574.0,108574.2662,0.2662
-9.7,059003.000561,1,3,111039.75,111039.6002,-0.1498
-9.7,059003.000562,1,4,111193.29,111193.1674,-0.1226
-9.7,059003.000563,1,7,113854.23,113854.2246,-0.0054
-9.7,059003.000564,1,4,115439.45,115439.1471,-0.3029
-9.7,059003.000565,1,4,119225.52,119225.5687,0.0487
-9.7,059003.000566,1,10,121143.3,121143.065,-0.235
-9.7,059003.000567,1,4,122932.6,122932.4526,-0.1474
-9.7,059003.000568,1,2,124594.4,124594.3839,-0.0161
-9.7,059003.000569,1,1,125145.1,125144.998,-0.102
-9.7,059003.000570,1,4,126743.3,126743.0462,-0.2538
-9.7,059003.000571,1,4,129009.15,129009.2742,0.1242
-9.7,059003.000419,0,0,129106.1,129106.1,0.0
-9.7,059003.000572,1,7,129454.45,129454.4612,0.0112
-9.7,059003.000573,1,7,129744.09,129744.2652,0.1752
-9.7,059003.000574,1,6,129934.5,129934.4545,-0.0455
-9.7,059003.000575,1,1,130218.64,130218.2973,-0.3427
-9.7,059003.000420,0,2,131200.3,131200.6572,0.3572
-9.7,059003.000421,0,4,131226.3,131226.569,0.269
-9.7,059003.000576,1,1,131788.15,131788.476,0.326
-9.7,059003.000577,1,5,131980.0,131980.3734,0.3734
-9.7,059003.000426,0,0,133393.2,133393.2,0.0
-9.7,059003.000427,0,2,133503.9,133503.9142,0.0142
-9.7,059003.000578,1,6,134394.16,134394.5251,0.3651
-9.7,059003.000579,1,5,134402.02,134401.4293,-0.5907
-9.7,059003.000580,1,6,134402.83,134402.979,0.149
-9.7,059003.000581,1,6,134405.44,134405.4869,0.0469
-9.7,059003.000582,1,8,134425.98,134426.4901,0.5101
-9.7,059003.000583,1,4,134428.63,134428.964,0.334
-9.7,059003.000584,1,1,134433.41,134434.2092,0.7992
-9.7,059003.000585,1,3,134454.31,134454.0856,-0.2244
-9.7,059003.000586,1,3,134454.76,134454.893,0.133
-9.7,059003.000587,1,4,134480.15,134480.1132,-0.0368
-9.7,059003.000588,1,5,134480.72,134480.2158,-0.5042
-9.7,059003.000589,1,1,134488.7,134489.1136,0.4136
-9.7,059003.000590,1,2,134492.68,134493.5815,0.9015
-9.7,059003.000591,1,0,134496.12,134496.12,0.0
-9.7,059003.000428,0,5,135445.2,135445.2228,0.0228
-9.7,059003.000429,0,4,135868.8,135868.8728,0.0728
-9.7,059003.000592,1,3,136554.97,136554.3868,-0.5832
-9.7,059003.000593,1,6,136555.45,136555.4426,-0.0074
-9.7,059003.000594,1,5,136557.98,136558.2786,0.2986
-9.7,059003.000595,1,2,136559.59,136560.6879,1.0979
-9.7,059003.000596,1,7,136570.81,136570.433,-0.377
-9.7,059003.000597,1,6,136572.21,136571.9757,-0.2343
-9.7,059003.000598,1,0,136589.34,136589.34,0.0
-9.7,059003.000599,1,0,136589.44,136589.44,0.0
-9.7,059003.000600,1,1,136596.37,136596.411,0.041
-9.7,059003.000601,1,3,136596.63,136596.7018,0.0718
-9.7,059003.000602,1,8,136620.17,136619.9352,-0.2348
-9.7,059003.000603,1,3,136641.8,136642.0682,0.2682
-9.7,059003.000604,1,2,136641.9,136642.115,0.215
-9.7,059003.000605,1,0,136649.4,136649.4,0.0
-9.7,059003.000606,1,0,136650.9,136650.9,0.0
-9.7,059003.000607,1,2,138783.5,138783.4983,-0.0017
-9.7,059003.000608,1,1,138787.95,138788.0093,0.0593
-9.7,059003.000609,1,3,138794.58,138794.2436,-0.3364
-9.7,059003.000610,1,0,138796.56,138796.56,0.0
-9.7,059003.000611,1,4,138799.39,138798.7324,-0.6576
-9.7,059003.000612,1,7,138799.91,138799.9359,0.0259
-9.7,059003.000613,1,7,138822.38,138822.4493,0.0693
-9.7,059003.000614,1,6,138822.4,138822.4649,0.0649
-9.7,059003.000615,1,0,138827.78,138827.78,0.0
-9.7,059003.000616,1,1,138833.55,138832.627,-0.923
-9.7,059003.000617,1,2,138849.86,138849.1893,-0.6707
-9.7,059003.000618,1,2,138874.91,138874.2508,-0.6592
-9.7,059003.000619,1,3,138883.81,138884.018,0.208
-9.7,059003.000620,1,0,138888.98,138888.98,0.0
-9.7,059003.000621,1,0,138895.87,138895.87,0.0
-9.7,059003.000622,1,2,141328.85,141329.524,0.674
-8.3,059003.000001,0,6,0.0,0.0,0.0
-8.3,059003.000031,0,2,1398.34,1398.5661,0.2261
-8.3,059003.000032,0,0,2893.14,2893.14,0.0
-8.3,059003.000033,0,0,4453.76,4453.76,0.0
-8.3,059003.000034,0,2,9370.66,9370.8599,0.1999
-8.3,059003.000035,0,5,10032.92,10033.8869,0.9669
-8.3,059003.000036,0,6,10138.18,10138.6538,0.4738
-8.3,059003.000037,0,6,10859.06,10859.0428,-0.0172
-8.3,059003.000038,0,5,10950.24,10949.5103,-0.7297
-8.3,059003.000039,0,3,11761.69,11761.609,-0.081
-8.3,059003.000040,0,5,12494.63,12494.8147,0.1847
-8.3,059003.000043,0,7,13887.6,13886.5025,-1.0975
-8.3,059003.000044,0,3,14187.35,14188.7532,1.4032
-8.3,059003.000048,0,6,15443.48,15443.7359,0.2559
-8.3,059003.000051,0,3,15705.13,15704.6557,-0.4743
-8.3,059003.000052,0,9,16089.14,16090.9016,1.7616
-8.3,059003.000055,0,9,16763.98,16763.364,-0.616
-8.3,059003.000056,0,3,17095.63,17096.0279,0.3979
-8.3,059003.000058,0,5,17409.58,17409.8385,0.2585
-8.3,059003.000061,0,7,17642.06,17641.4572,-0.6028
-8.3,059003.000065,0,1,18693.65,18693.0985,-0.5515
-8.3,059003.000068,0,3,19046.09,19046.298,0.208
-8.3,059003.000077,0,1,20856.86,20856.6803,-0.1797
-8.3,059003.000090,0,2,23091.7,23091.7803,0.0803
-8.3,059003.000092,0,1,23245.99,23244.6523,-1.3377
-8.3,059003.000094,0,0,23465.43,23465.43,0.0
-8.3,059003.000103,0,5,24357.98,24359.3495,1.3695
-8.3,059003.000107,0,1,24886.51,24885.7635,-0.7465
-8.3,059003.000109,0,3,25244.61,25244.8278,0.2178
-8.3,059003.000110,0,1,25391.75,25391.939,0.189
-8.3,059003.000116,0,0,26447.88,26447.88,0.0
-8.3,059003.000117,0,0,26921.49,26921.49,0.0
-8.3,059003.000118,0,5,26979.66,26980.7048,1.0448
-8.3,059003.000122,0,2,27597.13,27597.1174,-0.0126
-8.3,059003.000124,0,3,28101.77,28100.2013,-1.5687
-8.3,059003.000430,0,1,30602.83,30602.7945,-0.0355
-8.3,059003.000136,0,1,31787.93,31788.1166,0.1866
-8.3,059003.000169,0,5,39225.6,39226.3168,0.7168
-8.3,059003.000174,0,2,39940.72,39941.5985,0.8785
-8.3,059003.000193,0,6,53092.8,53092.75,-0.05
-8.3,059003.000194,0,5,58158.08,58158.0649,-0.0151
-8.3,059003.000195,0,5,58174.15,58174.0855,-0.0645
-8.3,059003.000196,0,6,60166.2,60166.2796,0.0796
-8.3,059003.000197,0,8,60419.73,60419.8367,0.1067
-8.3,059003.000198,0,5,60520.32,60520.5582,0.2382
-8.3,059003.000199,0,6,61357.04,61357.0795,0.0395
-8.3,059003.000200,0,6,61605.66,61605.5103,-0.1497
-8.3,059003.000201,0,6,61717.98,61718.1169,0.1369
-8.3,059003.000202,0,7,62062.63,62062.6403,0.0103
-8.3,059003.000203,0,7,62240.83,62241.1574,0.3274
-8.3,059003.000204,0,10,62535.62,62535.5228,-0.0972
-8.3,059003.000205,0,4,62558.67,62558.7461,0.0761
-8.3,059003.000206,0,5,62678.7,62678.3068,-0.3932
-8.3,059003.000207,0,5,63221.28,63221.4547,0.1747
-8.3,059003.000208,0,4,63232.14,63232.0901,-0.0499
-8.3,059003.000209,0,4,63576.27,63576.4535,0.1835
-8.3,059003.000210,0,7,63593.35,63593.1287,-0.2213
-8.3,059003.000211,0,6,63768.66,63768.6403,-0.0197
-8.3,059003.000212,0,3,63816.91,63816.8146,-0.0954
-8.3,059003.000213,0,10,64150.94,64151.0014,0.0614
-8.3,059003.000214,0,7,64215.45,64215.4298,-0.0202
-8.3,059003.000215,0,9,64235.61,64235.6548,0.0448
-8.3,059003.000216,0,5,64401.03,64400.9547,-0.0753
-8.3,059003.000217,0,6,64817.53,64817.4184,-0.1116
-8.3,059003.000218,0,15,64857.15,64857.0418,-0.1082
-8.3,059003.000219,0,10,64865.15,64865.5092,0.3592
-8.3,059003.000220,0,11,64979.55,64979.761,0.211
-8.3,059003.000431,1,2,65073.26,65073.1207,-0.1393
-8.3,059003.000221,0,8,65295.9,65295.3467,-0.5533
-8.3,059003.000432,1,4,65765.17,65765.338,0.168
-8.3,059003.000222,0,6,65909.44,65909.4308,-0.0092
-8.3,059003.000223,0,4,65922.42,65922.3346,-0.0854
-8.3,059003.000224,0,11,65935.25,65935.1616,-0.0884
-8.3,059003.000225,0,2,65967.15,65966.9241,-0.2259
-8.3,059003.000226,0,6,66148.4,66148.6446,0.2446
-8.3,059003.000227,0,7,66301.35,66301.6878,0.3378
-8.3,059003.000228,0,1,66324.84,66324.8743,0.0343
-8.3,059003.000229,0,1,66681.14,66681.2368,0.0968
-8.3,059003.000230,0,6,66735.88,66736.3853,0.5053
-8.3,059003.000231,0,5,66852.87,66853.0553,0.1853
-8.3,059003.000232,0,4,66867.09,66866.9578,-0.1322
-8.3,059003.000233,0,4,66943.04,66943.035,-0.005
-8.3,059003.000234,0,10,67049.18,67049.2377,0.0577
-8.3,059003.000235,0,12,67240.35,67240.2395,-0.1105
-8.3,059003.000236,0,3,67395.32,67395.4018,0.0818
-8.3,059003.000237,0,8,67398.79,67398.943,0.153
-8.3,059003.000238,0,9,67679.21,67679.267,0.057
-8.3,059003.000239,0,5,67870.76,67870.8336,0.0736
-8.3,059003.000240,0,3,67965.47,67965.1721,-0.2979
-8.3,059003.000241,0,8,68238.12,68238.3004,0.1804
-8.3,059003.000242,0,4,68305.1,68306.1617,1.0617
-8.3,059003.000433,1,3,68331.68,68331.6808,0.0008
-8.3,059003.000243,0,3,68331.75,68331.7138,-0.0362
-8.3,059003.000244,0,7,68374.54,68374.3863,-0.1537
-8.3,059003.000245,0,7,68492.43,68492.6127,0.1827
-8.3,059003.000246,0,3,68525.62,68525.5871,-0.0329
-8.3,059003.000247,0,9,68544.19,68544.3243,0.1343
-8.3,059003.000434,1,9,68556.35,68556.0537,-0.2963
-8.3,059003.000435,1,5,68676.55,68676.5942,0.0442
-8.3,059003.000248,0,11,68801.67,68801.7422,0.0722
-8.3,059003.000249,0,14,68978.55,68978.6034,0.0534
-8.3,059003.000250,0,4,68987.07,68987.0182,-0.0518
-8.3,059003.000251,0,4,69138.28,69138.3007,0.0207
-8.3,059003.000252,0,7,69408.51,69408.9631,0.4531
-8.3,059003.000253,0,4,69431.0,69431.1597,0.1597
-8.3,059003.000254,0,3,69681.6,69681.5308,-0.0692
-8.3,059003.000255,0,7,69686.26,69686.3727,0.1127
-8.3,059003.000256,0,3,69978.08,69978.3558,0.2758
-8.3,059003.000257,0,1,70381.48,70381.5684,0.0884
-8.3,059003.000258,0,6,71021.1,71021.0759,-0.0241
-8.3,059003.000259,0,4,71385.6,71385.6401,0.0401
-8.3,059003.000260,0,3,71501.0,71500.83,-0.17
-8.3,059003.000261,0,5,71536.38,71536.539,0.159
-8.3,059003.000262,0,3,71592.34,71592.0827,-0.2573
-8.3,059003.000263,0,9,71736.45,71736.1433,-0.3067
-8.3,059003.000264,0,3,71978.52,71978.764,0.244
-8.3,059003.000265,0,5,71994.81,71994.8498,0.0398
-8.3,059003.000266,0,6,73029.9,73029.8849,-0.0151
-8.3,059003.000267,0,6,73378.42,73378.7356,0.3156
-8.3,059003.000268,0,2,73606.17,73606.0112,-0.1588
-8.3,059003.000269,0,4,73609.1,73609.8283,0.7283
-8.3,059003.000270,0,2,74105.2,74105.1378,-0.0622
-8.3,059003.000436,1,2,74619.63,74619.6768,0.0468
-8.3,059003.000271,0,2,74463.7,74463.7692,0.0692
-8.3,059003.000437,1,2,74696.2,74695.874,-0.326
-8.3,059003.000272,0,5,75294.0,75294.147,0.147
-8.3,059003.000273,0,6,75409.58,75409.3881,-0.1919
-8.3,059003.000274,0,8,75560.75,75560.4836,-0.2664
-8.3,059003.000275,0,9,75614.81,75614.9903,0.1803
-8.3,059003.000276,0,4,75640.0,75640.0955,0.0955
-8.3,059003.000277,0,7,75762.23,75763.3416,1.1116
-8.3,059003.000438,1,3,75982.8,75982.6492,-0.1508
-8.3,059003.000439,1,4,76130.52,76130.5342,0.0142
-8.3,059003.000440,1,3,76411.04,76411.0519,0.0119
-8.3,059003.000441,1,3,76534.72,76534.307,-0.413
-8.3,059003.000278,0,4,76892.4,76892.546,0.146
-8.3,059003.000442,1,4,76894.56,76894.8526,0.2926
-8.3,059003.000279,0,6,77822.0,77821.6793,-0.3207
-8.3,059003.000280,0,0,78312.91,78312.91,0.0
-8.3,059003.000281,0,4,78463.6,78463.6126,0.0126
-8.3,059003.000282,0,5,78694.57,78694.8579,0.2879
-8.3,059003.000283,0,4,78889.14,78888.8709,-0.2691
-8.3,059003.000284,0,3,79136.23,79136.4704,0.2404
-8.3,059003.000285,0,6,79366.65,79366.2581,-0.3919
-8.3,059003.000443,1,2,79377.15,79377.5156,0.3656
-8.3,059003.000444,1,1,79378.38,79378.2703,-0.1097
-8.3,059003.000286,0,2,79395.55,79395.1374,-0.4126
-8.3,059003.000287,0,0,79742.36,79742.36,0.0
-8.3,059003.000288,0,4,80164.04,80164.1833,0.1433
-8.3,059003.000289,0,7,80360.82,80360.7925,-0.0275
-8.3,059003.000290,0,5,80897.85,80898.2343,0.3843
-8.3,059003.000291,0,3,80988.76,80989.0435,0.2835
-8.3,059003.000292,0,4,81404.52,81404.2302,-0.2898
-8.3,059003.000445,1,3,82082.7,82082.7554,0.0554
-8.3,059003.000293,0,1,82492.4,82492.7035,0.3035
-8.3,059003.000294,0,3,83025.91,83026.2826,0.3726
-8.3,059003.000295,0,6,83426.55,83426.5376,-0.0124
-8.3,059003.000296,0,0,83607.32,83607.2912,-0.0288
-8.3,059003.000297,0,3,83703.43,83703.782,0.352
-8.3,059003.000446,1,5,84150.65,84150.5572,-0.0928
-8.3,059003.000447,1,3,84270.44,84270.3769,-0.0631
-8.3,059003.000298,0,4,84409.93,84410.0978,0.1678
-8.3,059003.000299,0,2,84410.63,84410.1516,-0.4784
-8.3,059003.000300,0,5,84430.98,84430.8165,-0.1635
-8.3,059003.000448,1,6,84690.2,84690.1008,-0.0992
-8.3,059003.000449,1,4,84804.11,84804.1554,0.0454
-8.3,059003.000301,0,1,84992.04,84992.604,0.564
-8.3,059003.000302,0,5,85306.1,85306.0976,-0.0024
-8.3,059003.000450,1,6,85981.65,85981.442,-0.208
-8.3,059003.000451,1,0,86390.45,86390.45,0.0
-8.3,059003.000452,1,10,86455.75,86455.6361,-0.1139
-8.3,059003.000453,1,2,86938.55,86938.4132,-0.1368
-8.3,059003.000303,0,4,87511.6,87511.5208,-0.0792
-8.3,059003.000454,1,4,87726.9,87727.0989,0.1989
-8.3,059003.000304,0,2,88210.1,88209.5713,-0.5287
-8.3,059003.000305,0,5,88948.6,88948.6931,0.0931
-8.3,059003.000455,1,5,89969.42,89969.7241,0.3041
-8.3,059003.000306,0,7,90119.8,90119.7114,-0.0886
-8.3,059003.000307,0,8,90629.2,90629.2208,0.0208
-8.3,059003.000308,0,5,92441.7,92441.7908,0.0908
-8.3,059003.000309,0,5,92554.8,92554.5981,-0.2019
-8.3,059003.000310,0,1,93296.5,93297.0562,0.5562
-8.3,059003.000311,0,7,93967.4,93967.6202,0.2202
-8.3,059003.000312,0,6,95147.9,95147.6351,-0.2649
-8.3,059003.000313,0,1,96830.5,96830.367,-0.133
-8.3,059003.000456,1,0,99681.9,99681.9,0.0
-8.3,059003.000457,1,1,99938.5,99938.5975,0.0975
-8.3,059003.000349,0,2,110295.2,110295.9209,0.7209
-8.3,059003.000350,0,3,110333.55,110333.227,-0.323
-8.3,059003.000351,0,5,110530.96,110531.677,0.717
-8.3,059003.000352,0,8,110880.92,110880.9615,0.0415
-8.3,059003.000353,0,7,110922.18,110922.2861,0.1061
-8.3,059003.000354,0,5,111109.95,111109.6512,-0.2988
-8.3,059003.000355,0,7,111268.6,111268.527,-0.073
-8.3,059003.000356,0,1,111334.87,111334.5246,-0.3454
-8.3,059003.000357,0,8,111342.43,111343.0144,0.5844
-8.3,059003.000358,0,5,111494.56,111493.8167,-0.7433
-8.3,059003.000458,1,4,111518.34,111518.4951,0.1551
-8.3,059003.000459,1,5,111728.91,111729.017,0.107
-8.3,059003.000460,1,4,111772.91,111772.5075,-0.4025
-8.3,059003.000461,1,2,111779.59,111778.6299,-0.9601
-8.3,059003.000462,1,10,111902.78,111902.9646,0.1846
-8.3,059003.000359,0,10,111992.97,111992.9473,-0.0227
-8.3,059003.000360,0,5,112643.09,112642.5448,-0.5452
-8.3,059003.000361,0,5,112769.67,112770.3952,0.7252
-8.3,059003.000463,1,4,112837.43,112837.8272,0.3972
-8.3,059003.000362,0,1,112896.3,112896.8956,0.5956
-8.3,059003.000363,0,0,113023.5,113023.5,0.0
-8.3,059003.000464,1,6,113064.69,113065.81,1.12
-8.3,059003.000364,0,4,113158.53,113158.373,-0.157
-8.3,059003.000465,1,4,113211.64,113210.3676,-1.2724
-8.3,059003.000466,1,2,113225.66,113225.9676,0.3076
-8.3,059003.000365,0,7,113291.67,113292.1036,0.4336
-8.3,059003.000366,0,5,113556.8,113556.4443,-0.3557
-8.3,059003.000367,0,5,113600.13,113599.8611,-0.2689
-8.3,059003.000368,0,4,113630.9,113630.3899,-0.5101
-8.3,059003.000369,0,7,113664.57,113665.4713,0.9013
-8.3,059003.000370,0,4,113780.27,113780.9225,0.6525
-8.3,059003.000371,0,5,113825.5,113824.0512,-1.4488
-8.3,059003.000372,0,1,113833.9,113834.9789,1.0789
-8.3,059003.000467,1,1,113854.85,113855.5343,0.6843
-8.3,059003.000468,1,2,113894.44,113894.2164,-0.2236
-8.3,059003.000373,0,8,113914.16,113914.3831,0.2231
-8.3,059003.000374,0,3,114725.6,114725.8856,0.2856
-8.3,059003.000375,0,2,114797.12,114797.5791,0.4591
-8.3,059003.000376,0,1,114970.95,114970.8791,-0.0709
-8.3,059003.000469,1,6,115094.1,115094.0915,-0.0085
-8.3,059003.000470,1,5,115176.16,115176.1172,-0.0428
-8.3,059003.000471,1,6,115218.75,115219.8081,1.0581
-8.3,059003.000377,0,4,115324.47,115324.3988,-0.0712
-8.3,059003.000378,0,6,115403.34,115404.1433,0.8033
-8.3,059003.000379,0,4,115408.39,115408.7123,0.3223
-8.3,059003.000380,0,3,115420.8,115420.7635,-0.0365
-8.3,059003.000472,1,8,115489.74,115489.9194,0.1794
-8.3,059003.000381,0,4,115499.67,115501.1545,1.4845
-8.3,059003.000382,0,3,115670.0,115670.0142,0.0142
-8.3,059003.000383,0,2,115672.26,115670.6242,-1.6358
-8.3,059003.000473,1,3,115712.03,115712.3272,0.2972
-8.3,059003.000384,0,6,115800.17,115800.4506,0.2806
-8.3,059003.000474,1,6,115881.55,115881.755,0.205
-8.3,059003.000385,0,5,115933.14,115934.1278,0.9878
-8.3,059003.000475,1,4,115990.73,115990.5562,-0.1738
-8.3,059003.000386,0,7,116021.78,116022.2167,0.4367
-8.3,059003.000476,1,4,116078.6,116080.0986,1.4986
-8.3,059003.000387,0,4,116238.71,116238.5441,-0.1659
-8.3,059003.000388,0,6,116309.14,116310.221,1.081
-8.3,059003.000389,0,10,116453.2,116453.0096,-0.1904
-8.3,059003.000390,0,1,116489.75,116489.536,-0.214
-8.3,059003.000391,0,5,116727.1,116726.9328,-0.1672
-8.3,059003.000477,1,4,116777.55,116777.7486,0.1986
-8.3,059003.000392,0,5,117044.6,117044.6202,0.0202
-8.3,059003.000393,0,5,117248.2,117248.7214,0.5214
-8.3,059003.000394,0,4,117323.1,117323.5459,0.4459
-8.3,059003.000478,1,3,117359.3,117359.6349,0.3349
-8.3,059003.000479,1,1,117376.01,117376.8414,0.8314
-8.3,059003.000480,1,3,117385.1,117386.6382,1.5382
-8.3,059003.000481,1,2,117397.8,117397.908,0.108
-8.3,059003.000482,1,6,117507.88,117508.5123,0.6323
-8.3,059003.000395,0,4,117540.5,117539.8579,-0.6421
-8.3,059003.000396,0,4,117574.5,117574.8444,0.3444
-8.3,059003.000483,1,5,117592.2,117592.5617,0.3617
-8.3,059003.000397,0,4,117647.2,117648.0945,0.8945
-8.3,059003.000398,0,5,117686.4,117685.4321,-0.9679
-8.3,059003.000399,0,3,117775.3,117777.2588,1.9588
-8.3,059003.000400,0,2,118063.0,118063.1343,0.1343
-8.3,059003.000484,1,6,118069.2,118069.4428,0.2428
-8.3,059003.000401,0,5,118081.1,118080.5309,-0.5691
-8.3,059003.000402,0,6,118201.4,118201.281,-0.119
-8.3,059003.000485,1,6,118224.13,118223.9865,-0.1435
-8.3,059003.000403,0,9,118271.6,118271.1631,-0.4369
-8.3,059003.000404,0,8,118318.6,118318.0731,-0.5269
-8.3,059003.000405,0,6,118468.8,118469.1369,0.3369
-8.3,059003.000486,1,5,118588.65,118587.5919,-1.0581
-8.3,059003.000406,0,2,118610.9,118611.1047,0.2047
-8.3,059003.000487,1,6,118860.77,118860.5635,-0.2065
-8.3,059003.000407,0,4,118879.3,118880.9192,1.6192
-8.3,059003.000488,1,4,118885.4,118886.1591,0.7591
-8.3,059003.000489,1,3,118987.0,118985.9231,-1.0769
-8.3,059003.000490,1,2,119019.05,119018.5766,-0.4734
-8.3,059003.000491,1,6,119077.25,119076.9433,-0.3067
-8.3,059003.000408,0,2,120498.7,120499.2048,0.5048
-8.3,059003.000492,1,7,120715.55,120715.746,0.196
-8.3,059003.000409,0,6,121095.2,121095.8042,0.6042
-8.3,059003.000410,0,2,121119.2,121118.0572,-1.1428
-8.3,059003.000411,0,4,121382.6,121381.2937,-1.3063
-8.3,059003.000493,1,5,121411.77,121411.9764,0.2064
-8.3,059003.000412,0,4,121431.2,121431.2876,0.0876
-8.3,059003.000413,0,4,121532.5,121532.2025,-0.2975
-8.3,059003.000494,1,2,121580.9,121579.7038,-1.1962
-8.3,059003.000495,1,4,121582.6,121582.5374,-0.0626
-8.3,059003.000496,1,4,122141.46,122141.6982,0.2382
-8.3,059003.000414,0,3,128214.2,128214.2998,0.0998
-8.3,059003.000415,0,2,128352.8,128352.9453,0.1453
-8.3,059003.000416,0,1,128381.6,128381.0608,-0.5392
-8.3,059003.000417,0,7,128453.2,128452.4582,-0.7418
-8.3,059003.000497,1,6,128479.6,128480.1727,0.5727
-8.3,059003.000418,0,3,128568.6,128568.6307,0.0307
-8.3,059003.000498,1,4,128800.05,128799.4831,-0.5669
-8.3,059003.000499,1,3,128912.95,128912.9165,-0.0335
-8.3,059003.000500,1,4,132415.6,132415.4067,-0.1933
-8.3,059003.000501,1,4,132651.7,132651.2877,-0.4123
-8.3,059003.000502,1,4,132783.0,132783.3759,0.3759
-8.3,059003.000503,1,4,132958.22,132957.7561,-0.4639
-8.3,059003.000504,1,5,133037.3,133038.2299,0.9299
-8.3,059003.000505,1,3,133150.95,133149.7958,-1.1542
-8.3,059003.000422,0,0,133194.3,133194.3,0.0
-8.3,059003.000423,0,0,133242.3,133242.3,0.0
-8.3,059003.000506,1,2,133306.9,133307.1934,0.2934
-8.3,059003.000424,0,1,133352.2,133352.5683,0.3683
-8.3,059003.000507,1,7,133370.49,133370.4666,-0.0234
-8.3,059003.000425,0,0,133373.0,133373.0,0.0
-8.3,059003.000508,1,3,133511.58,133511.5767,-0.0033
-8.3,059003.000509,1,3,133566.52,133567.449,0.929
-8.3,059003.000510,1,2,133594.97,133595.0772,0.1072
-8.3,059003.000511,1,1,133650.5,133649.7204,-0.7796
-8.3,059003.000512,1,6,134001.32,134001.5581,0.2381
-8.3,059003.000513,1,4,134007.65,134006.3155,-1.3345
-8.3,059003.000514,1,3,134069.5,134070.72,1.22
-8.3,059003.000515,1,1,134163.18,134162.1652,-1.0148
-8.3,059003.000516,1,2,134163.33,134162.3795,-0.9505
-8.3,059003.000517,1,3,134220.3,134220.2641,-0.0359
-8.3,059003.000518,1,3,134375.6,134373.1883,-2.4117
-8.3,059003.000519,1,4,134868.82,134869.7349,0.9149
-8.3,059003.000520,1,2,134932.15,134931.6177,-0.5323
-8.3,059003.000521,1,2,135896.6,135895.5819,-1.0181
-8.3,059003.000522,1,0,135927.0,135927.0,0.0
-8.3,059003.000523,1,1,136034.02,136034.3968,0.3768
-8.3,059003.000524,1,1,136111.0,136110.2913,-0.7087
-8.3,059003.000525,1,5,136326.7,136326.0593,-0.6407
-8.3,059003.000526,1,4,136435.34,136437.0814,1.7414
-8.3,059003.000527,1,0,136485.6,136485.6,0.0
-8.3,059003.000528,1,0,136606.4,136606.4,0.0
-8.3,059003.000529,1,4,136643.4,136643.2818,-0.1182
-8.3,059003.000530,1,2,137960.61,137962.5219,1.9119
-8.3,059003.000531,1,3,138034.95,138036.4624,1.5124
-8.3,059003.000532,1,0,138077.8,138077.8,0.0
-8.3,059003.000533,1,0,138342.75,138342.75,0.0
-8.3,059003.000534,1,1,138410.5,138411.7798,1.2798
-8.3,059003.000535,1,4,138445.3,138445.02,-0.28
-8.3,059003.000536,1,1,138839.85,138839.9314,0.0814
-8.3,059003.000537,1,1,138900.4,138900.0938,-0.3062
-8.3,059003.000538,1,3,139081.4,139083.1004,1.7004
-8.3,059003.000041,0,6,12846.66,12846.9579,0.2979
-8.3,059003.000042,0,8,13352.1,13352.1461,0.0461
-8.3,059003.000045,0,7,14558.82,14558.8939,0.0739
-8.3,059003.000046,0,6,14859.96,14860.1936,0.2336
-8.3,059003.000047,0,8,15045.8,15045.753,-0.047
-8.3,059003.000049,0,4,15454.16,15454.6127,0.4527
-8.3,059003.000050,0,8,15525.5,15525.5966,0.0966
-8.3,059003.000053,0,18,16135.97,16135.8373,-0.1327
-8.3,059003.000054,0,12,16516.15,16515.6185,-0.5315
-8.3,059003.000057,0,6,17113.19,17112.9284,-0.2616
-8.3,059003.000059,0,6,17534.76,17532.8635,-1.8965
-8.3,059003.000060,0,5,17627.0,17626.9253,-0.0747
-8.3,059003.000062,0,14,18063.36,18063.2909,-0.0691
-8.3,059003.000063,0,18,18211.76,18211.7508,-0.0092
-8.3,059003.000064,0,11,18241.54,18241.456,-0.084
-8.3,059003.000066,0,7,18921.24,18922.553,1.313
-8.3,059003.000067,0,14,18990.08,18989.8715,-0.2085
-8.3,059003.000069,0,11,19308.93,19309.0394,0.1094
-8.3,059003.000070,0,14,19360.1,19360.4,0.3
-8.3,059003.000071,0,2,19649.67,19648.8728,-0.7972
-8.3,059003.000072,0,10,19700.9,19700.9188,0.0188
-8.3,059003.000073,0,11,19872.43,19872.4161,-0.0139
-8.3,059003.000539,1,4,20096.73,20096.6641,-0.0659
-8.3,059003.000074,0,4,20160.36,20160.1315,-0.2285
-8.3,059003.000075,0,11,20315.65,20315.2019,-0.4481
-8.3,059003.000076,0,15,20848.39,20848.3098,-0.0802
-8.3,059003.000078,0,10,21148.43,21147.8653,-0.5647
-8.3,059003.000079,0,8,21238.78,21238.8602,0.0802
-8.3,059003.000080,0,9,21294.89,21295.0018,0.1118
-8.3,059003.000081,0,11,21418.84,21418.7151,-0.1249
-8.3,059003.000082,0,14,21535.17,21535.3828,0.2128
-8.3,059003.000540,1,2,21598.58,21597.389,-1.191
-8.3,059003.000083,0,8,21611.19,21610.7523,-0.4377
-8.3,059003.000084,0,10,21755.84,21755.9572,0.1172
-8.3,059003.000085,0,10,22080.94,22081.0309,0.0909
-8.3,059003.000086,0,7,22277.66,22277.8892,0.2292
-8.3,059003.000087,0,12,22527.7,22527.6421,-0.0579
-8.3,059003.000088,0,9,22747.69,22747.7547,0.0647
-8.3,059003.000089,0,8,23050.61,23050.3209,-0.2891
-8.3,059003.000091,0,11,23175.09,23175.2694,0.1794
-8.3,059003.000093,0,14,23442.25,23442.1328,-0.1172
-8.3,059003.000095,0,18,23532.86,23532.7599,-0.1001
-8.3,059003.000096,0,5,23647.77,23647.6967,-0.0733
-8.3,059003.000097,0,14,23651.88,23652.0041,0.1241
-8.3,059003.000098,0,13,23751.57,23751.5876,0.0176
-8.3,059003.000099,0,19,23844.58,23844.3947,-0.1853
-8.3,059003.000100,0,2,23955.37,23955.0337,-0.3363
-8.3,059003.000101,0,6,24250.62,24250.2211,-0.3989
-8.3,059003.000102,0,8,24309.2,24309.3677,0.1677
-8.3,059003.000104,0,13,24461.24,24461.2849,0.0449
-8.3,059003.000105,0,12,24470.9,24470.9986,0.0986
-8.3,059003.000106,0,13,24788.02,24788.1249,0.1049
-8.3,059003.000108,0,10,25033.91,25034.1445,0.2345
-8.3,059003.000111,0,9,25409.74,25410.2796,0.5396
-8.3,059003.000112,0,12,25934.98,25935.2548,0.2748
-8.3,059003.000113,0,3,25979.34,25979.0855,-0.2545
-8.3,059003.000114,0,7,26095.23,26095.3733,0.1433
-8.3,059003.000115,0,10,26446.97,26446.8848,-0.0852
-8.3,059003.000119,0,12,27138.55,27138.6679,0.1179
-8.3,059003.000120,0,7,27380.31,27380.7876,0.4776
-8.3,059003.000121,0,8,27452.45,27452.6353,0.1853
-8.3,059003.000123,0,7,27604.26,27604.3078,0.0478
-8.3,059003.000125,0,7,28399.43,28399.7054,0.2754
-8.3,059003.000126,0,11,28720.71,28720.8699,0.1599
-8.3,059003.000127,0,8,28885.14,28885.1228,-0.0172
-8.3,059003.000128,0,6,28936.46,28935.8123,-0.6477
-8.3,059003.000129,0,7,29263.08,29263.3064,0.2264
-8.3,059003.000130,0,5,29267.86,29267.461,-0.399
-8.3,059003.000131,0,6,29835.09,29835.2032,0.1132
-8.3,059003.000132,0,7,30505.72,30505.9059,0.1859
-8.3,059003.000133,0,11,30733.53,30733.8559,0.3259
-8.3,059003.000134,0,7,30994.55,30994.7616,0.2116
-8.3,059003.000135,0,8,31254.71,31255.3797,0.6697
-8.3,059003.000137,0,6,31803.7,31804.1968,0.4968
-8.3,059003.000138,0,4,32288.92,32289.0086,0.0886
-8.3,059003.000139,0,4,32760.11,32760.3011,0.1911
-8.3,059003.000140,0,7,33338.37,33337.374,-0.996
-8.3,059003.000141,0,8,33466.41,33466.184,-0.226
-8.3,059003.000142,0,6,33659.99,33659.7135,-0.2765
-8.3,059003.000143,0,2,34198.61,34198.739,0.129
-8.3,059003.000144,0,5,34520.27,34520.2732,0.0032
-8.3,059003.000145,0,8,34825.49,34825.439,-0.051
-8.3,059003.000146,0,10,35024.49,35024.5526,0.0626
-8.3,059003.000147,0,5,35137.82,35137.8059,-0.0141
-8.3,059003.000148,0,10,35291.0,35290.8498,-0.1502
-8.3,059003.000149,0,7,35384.17,35383.95,-0.22
-8.3,059003.000150,0,7,35801.12,35801.4148,0.2948
-8.3,059003.000151,0,11,35828.46,35828.8018,0.3418
-8.3,059003.000152,0,3,35863.74,35863.337,-0.403
-8.3,059003.000153,0,2,36640.38,36639.8729,-0.5071
-8.3,059003.000154,0,7,36642.13,36642.4283,0.2983
-8.3,059003.000155,0,6,36652.29,36651.1766,-1.1134
-8.3,059003.000156,0,6,36670.57,36670.7539,0.1839
-8.3,059003.000157,0,3,36683.21,36683.1054,-0.1046
-8.3,059003.000158,0,13,37011.92,37012.4415,0.5215
-8.3,059003.000159,0,4,37197.64,37197.6131,-0.0269
-8.3,059003.000160,0,11,37919.58,37919.3203,-0.2597
-8.3,059003.000161,0,11,38448.38,38448.3535,-0.0265
-8.3,059003.000162,0,0,38549.9,38549.9,0.0
-8.3,059003.000163,0,8,38694.51,38694.0451,-0.4649
-8.3,059003.000164,0,9,38701.59,38700.7244,-0.8656
-8.3,059003.000165,0,14,38726.5,38726.6042,0.1042
-8.3,059003.000166,0,5,38785.76,38785.8105,0.0505
-8.3,059003.000167,0,6,39024.27,39023.948,-0.322
-8.3,059003.000168,0,6,39120.4,39120.0306,-0.3694
-8.3,059003.000170,0,0,39485.48,39485.48,0.0
-8.3,059003.000171,0,4,39725.99,39726.7129,0.7229
-8.3,059003.000172,0,10,39732.99,39733.4592,0.4692
-8.3,059003.000173,0,8,39870.17,39869.7282,-0.4418
-8.3,059003.000175,0,8,40098.66,40097.5537,-1.1063
-8.3,059003.000176,0,5,40205.74,40205.3739,-0.3661
-8.3,059003.000177,0,9,41023.98,41024.3285,0.3485
-8.3,059003.000178,0,1,41026.87,41026.87,-0.0
-8.3,059003.000179,0,10,44679.98,44679.9856,0.0056
-8.3,059003.000180,0,5,44903.42,44903.3732,-0.0468
-8.3,059003.000181,0,7,45805.95,45806.1312,0.1812
-8.3,059003.000182,0,5,45807.1,45807.1852,0.0852
-8.3,059003.000183,0,7,45844.65,45844.3865,-0.2635
-8.3,059003.000184,0,13,46783.64,46783.5791,-0.0609
-8.3,059003.000185,0,5,48401.64,48400.9294,-0.7106
-8.3,059003.000186,0,9,48745.48,48745.3672,-0.1128
-8.3,059003.000187,0,4,50227.79,50227.3709,-0.4191
-8.3,059003.000188,0,3,50647.35,50646.757,-0.593
-8.3,059003.000189,0,5,50658.72,50658.7595,0.0395
-8.3,059003.000190,0,1,50869.3,50868.8357,-0.4643
-8.3,059003.000191,0,3,51312.8,51311.7549,-1.0451
-8.3,059003.000192,0,5,52026.9,52026.6831,-0.2169
-8.3,059003.000541,1,4,100214.99,100214.9615,-0.0285
-8.3,059003.000314,0,6,100321.12,100321.0941,-0.0259
-8.3,059003.000315,0,7,100430.29,100429.9669,-0.3231
-8.3,059003.000316,0,2,100625.04,100625.1497,0.1097
-8.3,059003.000317,0,4,100788.95,100789.383,0.433
-8.3,059003.000318,0,7,100947.18,100947.2125,0.0325
-8.3,059003.000319,0,3,101071.43,101070.7178,-0.7122
-8.3,059003.000320,0,4,101165.33,101165.1325,-0.1975
-8.3,059003.000321,0,7,101446.27,101446.184,-0.086
-8.3,059003.000322,0,2,101665.58,101665.143,-0.437
-8.3,059003.000323,0,3,101680.38,101680.2711,-0.1089
-8.3,059003.000542,1,2,101778.0,101778.6463,0.6463
-8.3,059003.000324,0,9,102435.67,102435.4484,-0.2216
-8.3,059003.000325,0,2,102484.66,102484.6419,-0.0181
-8.3,059003.000326,0,5,102617.24,102617.2049,-0.0351
-8.3,059003.000327,0,6,102830.43,102830.6416,0.2116
-8.3,059003.000328,0,1,102981.94,102981.9889,0.0489
-8.3,059003.000329,0,7,103308.53,103308.2028,-0.3272
-8.3,059003.000330,0,0,103335.06,103335.06,0.0
-8.3,059003.000331,0,1,103344.35,103344.4407,0.0907
-8.3,059003.000332,0,0,103484.19,103484.19,0.0
-8.3,059003.000333,0,1,103805.38,103805.4179,0.0379
-8.3,059003.000334,0,9,103895.83,103895.6179,-0.2121
-8.3,059003.000543,1,3,103973.35,103971.9812,-1.3688
-8.3,059003.000335,0,3,104598.99,104599.4518,0.4618
-8.3,059003.000336,0,5,104788.68,104788.8616,0.1816
-8.3,059003.000337,0,5,104904.55,104904.6525,0.1025
-8.3,059003.000338,0,3,105019.06,105019.1103,0.0503
-8.3,059003.000339,0,5,105049.72,105049.3714,-0.3486
-8.3,059003.000544,1,6,105191.13,105191.6289,0.4989
-8.3,059003.000545,1,1,105338.51,105339.1577,0.6477
-8.3,059003.000340,0,4,105450.18,105450.0633,-0.1167
-8.3,059003.000546,1,0,105485.3,105485.3,0.0
-8.3,059003.000547,1,5,105534.64,105535.0379,0.3979
-8.3,059003.000341,0,3,105566.62,105566.6104,-0.0096
-8.3,059003.000342,0,3,105632.16,105632.5347,0.3747
-8.3,059003.000548,1,4,106153.75,106153.741,-0.009
-8.3,059003.000549,1,3,106224.22,106223.9664,-0.2536
-8.3,059003.000550,1,5,106306.51,106306.2507,-0.2593
-8.3,059003.000551,1,5,106384.65,106383.9735,-0.6765
-8.3,059003.000552,1,3,106394.09,106394.1486,0.0586
-8.3,059003.000553,1,8,106468.42,106468.4134,-0.0066
-8.3,059003.000343,0,6,106665.07,106665.5463,0.4763
-8.3,059003.000344,0,9,106745.65,106745.8225,0.1725
-8.3,059003.000345,0,4,107081.94,107081.9542,0.0142
-8.3,059003.000554,1,4,107177.8,107177.8605,0.0605
-8.3,059003.000555,1,1,107223.2,107223.1832,-0.0168
-8.3,059003.000556,1,2,107262.71,107263.1825,0.4725
-8.3,059003.000346,0,9,107299.07,107298.7832,-0.2868
-8.3,059003.000557,1,2,107403.91,107404.1062,0.1962
-8.3,059003.000558,1,3,107697.07,107697.3509,0.2809
-8.3,059003.000347,0,7,107854.46,107854.3955,-0.0645
-8.3,059003.000559,1,2,107978.56,107978.9705,0.4105
-8.3,059003.000348,0,2,108559.4,108559.415,0.015
-8.3,059003.000560,1,0,108574.0,108574.0,0.0
-8.3,059003.000561,1,2,111039.75,111039.6098,-0.1402
-8.3,059003.000562,1,3,111193.29,111191.8957,-1.3943
-8.3,059003.000563,1,6,113854.23,113854.4514,0.2214
-8.3,059003.000564,1,7,115439.45,115439.5991,0.1491
-8.3,059003.000565,1,5,119225.52,119225.6225,0.1025
-8.3,059003.000566,1,8,121143.3,121143.9975,0.6975
-8.3,059003.000567,1,6,122932.6,122933.3185,0.7185
-8.3,059003.000568,1,2,124594.4,124594.5736,0.1736
-8.3,059003.000569,1,0,125145.1,125145.1,0.0
-8.3,059003.000570,1,2,126743.3,126743.4558,0.1558
-8.3,059003.000571,1,5,129009.15,129008.7743,-0.3757
-8.3,059003.000419,0,1,129106.1,129106.7036,0.6036
-8.3,059003.000572,1,5,129454.45,129454.7187,0.2687
-8.3,059003.000573,1,3,129744.09,129744.0395,-0.0505
-8.3,059003.000574,1,4,129934.5,129934.6471,0.1471
-8.3,059003.000575,1,0,130218.64,130218.64,0.0
-8.3,059003.000420,0,3,131200.3,131200.1321,-0.1679
-8.3,059003.000421,0,2,131226.3,131226.8569,0.5569
-8.3,059003.000576,1,1,131788.15,131788.6255,0.4755
-8.3,059003.000577,1,5,131980.0,131980.7936,0.7936
-8.3,059003.000426,0,2,133393.2,133393.7023,0.5023
-8.3,059003.000427,0,3,133503.9,133503.8576,-0.0424
-8.3,059003.000578,1,6,134394.16,134393.7899,-0.3701
-8.3,059003.000579,1,4,134402.02,134402.4252,0.4052
-8.3,059003.000580,1,7,134402.83,134403.0118,0.1818
-8.3,059003.000581,1,6,134405.44,134405.5134,0.0734
-8.3,059003.000582,1,4,134425.98,134426.1739,0.1939
-8.3,059003.000583,1,3,134428.63,134428.7538,0.1238
-8.3,059003.000584,1,0,134433.41,134433.41,0.0
-8.3,059003.000585,1,4,134454.31,134454.9649,0.6549
-8.3,059003.000586,1,4,134454.76,134454.7668,0.0068
-8.3,059003.000587,1,0,134480.15,134480.15,0.0
-8.3,059003.000588,1,1,134480.72,134480.9985,0.2785
-8.3,059003.000589,1,4,134488.7,134489.2406,0.5406
-8.3,059003.000590,1,4,134492.68,134492.373,-0.307
-8.3,059003.000591,1,0,134496.12,134496.12,0.0
-8.3,059003.000428,0,3,135445.2,135445.3883,0.1883
-8.3,059003.000429,0,7,135868.8,135868.8272,0.0272
-8.3,059003.000592,1,5,136554.97,136555.8304,0.8604
-8.3,059003.000593,1,8,136555.45,136555.6415,0.1915
-8.3,059003.000594,1,4,136557.98,136559.2791,1.2991
-8.3,059003.000595,1,3,136559.59,136558.9471,-0.6429
-8.3,059003.000596,1,5,136570.81,136570.6323,-0.1777
-8.3,059003.000597,1,5,136572.21,136571.6582,-0.5518
-8.3,059003.000598,1,2,136589.34,136589.5898,0.2498
-8.3,059003.000599,1,2,136589.44,136589.5898,0.1498
-8.3,059003.000600,1,4,136596.37,136596.5804,0.2104
-8.3,059003.000601,1,6,136596.63,136596.6633,0.0333
-8.3,059003.000602,1,4,136620.17,136620.5098,0.3398
-8.3,059003.000603,1,4,136641.8,136641.4093,-0.3907
-8.3,059003.000604,1,2,136641.9,136640.7859,-1.1141
-8.3,059003.000605,1,0,136649.4,136649.4,0.0
-8.3,059003.000606,1,0,136650.9,136650.9,0.0
-8.3,059003.000607,1,3,138783.5,138783.5726,0.0726
-8.3,059003.000608,1,1,138787.95,138787.8721,-0.0779
-8.3,059003.000609,1,1,138794.58,138794.6052,0.0252
-8.3,059003.000610,1,0,138796.56,138796.56,0.0
-8.3,059003.000611,1,6,138799.39,138799.8841,0.4941
-8.3,059003.000612,1,7,138799.91,138800.745,0.835
-8.3,059003.000613,1,3,138822.38,138822.0941,-0.2859
-8.3,059003.000614,1,4,138822.4,138822.7449,0.3449
-8.3,059003.000615,1,1,138827.78,138827.8255,0.0455
-8.3,059003.000616,1,1,138833.55,138833.7466,0.1966
-8.3,059003.000617,1,4,138849.86,138849.838,-0.022
-8.3,059003.000618,1,7,138874.91,138874.6252,-0.2848
-8.3,059003.000619,1,5,138883.81,138883.7715,-0.0385
-8.3,059003.000620,1,0,138888.98,138888.98,0.0
-8.3,059003.000621,1,1,138895.87,138895.87,0.0
-8.3,059003.000622,1,0,141328.85,141328.85,0.0
-6.9,059003.000001,0,1,0.0,0.0,0.0
-6.9,059003.000031,0,2,1398.34,1398.8848,0.5448
-6.9,059003.000032,0,2,2893.14,2893.717,0.577
-6.9,059003.000033,0,0,4453.76,4453.76,0.0
-6.9,059003.000034,0,1,9370.66,9371.1182,0.4582
-6.9,059003.000035,0,6,10032.92,10033.2582,0.3382
-6.9,059003.000036,0,4,10138.18,10139.8836,1.7036
-6.9,059003.000037,0,7,10859.06,10859.0047,-0.0553
-6.9,059003.000038,0,2,10950.24,10949.2594,-0.9806
-6.9,059003.000039,0,3,11761.69,11760.8216,-0.8684
-6.9,059003.000040,0,3,12494.63,12494.5089,-0.1211
-6.9,059003.000043,0,7,13887.6,13888.512,0.912
-6.9,059003.000044,0,3,14187.35,14187.2664,-0.0836
-6.9,059003.000048,0,3,15443.48,15443.1783,-0.3017
-6.9,059003.000051,0,6,15705.13,15705.2099,0.0799
-6.9,059003.000052,0,8,16089.14,16089.4091,0.2691
-6.9,059003.000055,0,7,16763.98,16764.0769,0.0969
-6.9,059003.000056,0,3,17095.63,17096.1259,0.4959
-6.9,059003.000058,0,5,17409.58,17408.4253,-1.1547
-6.9,059003.000061,0,6,17642.06,17641.8974,-0.1626
-6.9,059003.000065,0,1,18693.65,18693.664,0.014
-6.9,059003.000068,0,4,19046.09,19046.6236,0.5336
-6.9,059003.000077,0,2,20856.86,20857.042,0.182
-6.9,059003.000090,0,0,23091.7,23091.7,0.0
-6.9,059003.000092,0,2,23245.99,23245.6498,-0.3402
-6.9,059003.000094,0,2,23465.43,23465.0541,-0.3759
-6.9,059003.000103,0,4,24357.98,24357.9774,-0.0026
-6.9,059003.000107,0,2,24886.51,24886.7445,0.2345
-6.9,059003.000109,0,2,25244.61,25243.5663,-1.0437
-6.9,059003.000110,0,2,25391.75,25392.2867,0.5367
-6.9,059003.000116,0,0,26447.88,26447.88,0.0
-6.9,059003.000117,0,0,26921.49,26921.49,0.0
-6.9,059003.000118,0,7,26979.66,26979.5652,-0.0948
-6.9,059003.000122,0,2,27597.13,27597.0418,-0.0882
-6.9,059003.000124,0,3,28101.77,28102.5169,0.7469
-6.9,059003.000430,0,0,30602.83,30602.83,0.0
-6.9,059003.000136,0,3,31787.93,31788.0255,0.0955
-6.9,059003.000169,0,2,39225.6,39225.4131,-0.1869
-6.9,059003.000174,0,2,39940.72,39941.2227,0.5027
-6.9,059003.000193,0,3,53092.8,53092.5424,-0.2576
-6.9,059003.000194,0,6,58158.08,58157.8604,-0.2196
-6.9,059003.000195,0,6,58174.15,58174.0955,-0.0545
-6.9,059003.000196,0,5,60166.2,60165.8076,-0.3924
-6.9,059003.000197,0,6,60419.73,60419.5858,-0.1442
-6.9,059003.000198,0,4,60520.32,60520.514,0.194
-6.9,059003.000199,0,6,61357.04,61357.0773,0.0373
-6.9,059003.000200,0,5,61605.66,61605.7018,0.0418
-6.9,059003.000201,0,5,61717.98,61717.9098,-0.0702
-6.9,059003.000202,0,12,62062.63,62062.6431,0.0131
-6.9,059003.000203,0,5,62240.83,62240.916,0.086
-6.9,059003.000204,0,11,62535.62,62535.6769,0.0569
-6.9,059003.000205,0,5,62558.67,62558.3614,-0.3086
-6.9,059003.000206,0,8,62678.7,62678.6109,-0.0891
-6.9,059003.000207,0,3,63221.28,63220.9329,-0.3471
-6.9,059003.000208,0,6,63232.14,63232.0635,-0.0765
-6.9,059003.000209,0,5,63576.27,63576.1525,-0.1175
-6.9,059003.000210,0,11,63593.35,63593.1847,-0.1653
-6.9,059003.000211,0,9,63768.66,63768.7023,0.0423
-6.9,059003.000212,0,8,63816.91,63816.9811,0.0711
-6.9,059003.000213,0,4,64150.94,64150.8315,-0.1085
-6.9,059003.000214,0,8,64215.45,64215.11,-0.34
-6.9,059003.000215,0,3,64235.61,64235.417,-0.193
-6.9,059003.000216,0,5,64401.03,64400.7156,-0.3144
-6.9,059003.000217,0,6,64817.53,64817.1802,-0.3498
-6.9,059003.000218,0,10,64857.15,64857.4046,0.2546
-6.9,059003.000219,0,14,64865.15,64865.1596,0.0096
-6.9,059003.000220,0,9,64979.55,64979.653,0.103
-6.9,059003.000431,1,0,65073.26,65073.26,0.0
-6.9,059003.000221,0,10,65295.9,65295.9872,0.0872
-6.9,059003.000432,1,4,65765.17,65765.1502,-0.0198
-6.9,059003.000222,0,6,65909.44,65908.7372,-0.7028
-6.9,059003.000223,0,8,65922.42,65922.3207,-0.0993
-6.9,059003.000224,0,3,65935.25,65935.4252,0.1752
-6.9,059003.000225,0,2,65967.15,65967.2407,0.0907
-6.9,059003.000226,0,4,66148.4,66148.3076,-0.0924
-6.9,059003.000227,0,5,66301.35,66301.0587,-0.2913
-6.9,059003.000228,0,2,66324.84,66324.5477,-0.2923
-6.9,059003.000229,0,3,66681.14,66680.9626,-0.1774
-6.9,059003.000230,0,4,66735.88,66735.796,-0.084
-6.9,059003.000231,0,3,66852.87,66852.7187,-0.1513
-6.9,059003.000232,0,7,66867.09,66866.8951,-0.1949
-6.9,059003.000233,0,8,66943.04,66942.62,-0.42
-6.9,059003.000234,0,12,67049.18,67048.9499,-0.2301
-6.9,059003.000235,0,7,67240.35,67240.2242,-0.1258
-6.9,059003.000236,0,8,67395.32,67395.9217,0.6017
-6.9,059003.000237,0,13,67398.79,67398.3498,-0.4402
-6.9,059003.000238,0,5,67679.21,67679.0793,-0.1307
-6.9,059003.000239,0,14,67870.76,67870.6926,-0.0674
-6.9,059003.000240,0,3,67965.47,67965.7883,0.3183
-6.9,059003.000241,0,8,68238.12,68238.1651,0.0451
-6.9,059003.000242,0,3,68305.1,68304.8564,-0.2436
-6.9,059003.000433,1,4,68331.68,68332.0472,0.3672
-6.9,059003.000243,0,8,68331.75,68331.9038,0.1538
-6.9,059003.000244,0,3,68374.54,68374.5199,-0.0201
-6.9,059003.000245,0,10,68492.43,68492.3008,-0.1292
-6.9,059003.000246,0,7,68525.62,68525.2197,-0.4003
-6.9,059003.000247,0,4,68544.19,68543.8531,-0.3369
-6.9,059003.000434,1,6,68556.35,68556.2206,-0.1294
-6.9,059003.000435,1,10,68676.55,68676.5479,-0.0021
-6.9,059003.000248,0,5,68801.67,68801.4628,-0.2072
-6.9,059003.000249,0,5,68978.55,68978.4352,-0.1148
-6.9,059003.000250,0,8,68987.07,68987.4232,0.3532
-6.9,059003.000251,0,5,69138.28,69138.3769,0.0969
-6.9,059003.000252,0,6,69408.51,69408.2957,-0.2143
-6.9,059003.000253,0,7,69431.0,69431.094,0.094
-6.9,059003.000254,0,4,69681.6,69681.285,-0.315
-6.9,059003.000255,0,7,69686.26,69685.8387,-0.4213
-6.9,059003.000256,0,5,69978.08,69977.9216,-0.1584
-6.9,059003.000257,0,4,70381.48,70381.2084,-0.2716
-6.9,059003.000258,0,14,71021.1,71020.9773,-0.1227
-6.9,059003.000259,0,7,71385.6,71385.6431,0.0431
-6.9,059003.000260,0,1,71501.0,71499.8981,-1.1019
-6.9,059003.000261,0,6,71536.38,71535.968,-0.412
-6.9,059003.000262,0,6,71592.34,71592.0905,-0.2495
-6.9,059003.000263,0,5,71736.45,71736.3717,-0.0783
-6.9,059003.000264,0,6,71978.52,71978.7723,0.2523
-6.9,059003.000265,0,7,71994.81,71994.8178,0.0078
-6.9,059003.000266,0,5,73029.9,73029.8888,-0.0112
-6.9,059003.000267,0,2,73378.42,73378.3905,-0.0295
-6.9,059003.000268,0,8,73606.17,73606.4549,0.2849
-6.9,059003.000269,0,2,73609.1,73608.9715,-0.1285
-6.9,059003.000270,0,5,74105.2,74105.3321,0.1321
-6.9,059003.000436,1,3,74619.63,74619.7797,0.1497
-6.9,059003.000271,0,4,74463.7,74463.7687,0.0687
-6.9,059003.000437,1,6,74696.2,74696.1984,-0.0016
-6.9,059003.000272,0,5,75294.0,75293.9049,-0.0951
-6.9,059003.000273,0,4,75409.58,75409.5665,-0.0135
-6.9,059003.000274,0,4,75560.75,75560.6277,-0.1223
-6.9,059003.000275,0,7,75614.81,75614.9285,0.1185
-6.9,059003.000276,0,4,75640.0,75639.9226,-0.0774
-6.9,059003.000277,0,5,75762.23,75761.7755,-0.4545
-6.9,059003.000438,1,6,75982.8,75982.5887,-0.2113
-6.9,059003.000439,1,4,76130.52,76130.3705,-0.1495
-6.9,059003.000440,1,5,76411.04,76410.8067,-0.2333
-6.9,059003.000441,1,2,76534.72,76534.6264,-0.0936
-6.9,059003.000278,0,7,76892.4,76892.4704,0.0704
-6.9,059003.000442,1,7,76894.56,76894.7426,0.1826
-6.9,059003.000279,0,3,77822.0,77822.3198,0.3198
-6.9,059003.000280,0,1,78312.91,78313.1781,0.2681
-6.9,059003.000281,0,6,78463.6,78463.4932,-0.1068
-6.9,059003.000282,0,7,78694.57,78694.3747,-0.1953
-6.9,059003.000283,0,1,78889.14,78889.4817,0.3417
-6.9,059003.000284,0,4,79136.23,79136.1617,-0.0683
-6.9,059003.000285,0,3,79366.65,79366.8802,0.2302
-6.9,059003.000443,1,7,79377.15,79377.2614,0.1114
-6.9,059003.000444,1,2,79378.38,79378.9326,0.5526
-6.9,059003.000286,0,3,79395.55,79395.3303,-0.2197
-6.9,059003.000287,0,0,79742.36,79742.36,0.0
-6.9,059003.000288,0,3,80164.04,80163.9658,-0.0742
-6.9,059003.000289,0,4,80360.82,80360.9431,0.1231
-6.9,059003.000290,0,5,80897.85,80897.9294,0.0794
-6.9,059003.000291,0,4,80988.76,80988.6106,-0.1494
-6.9,059003.000292,0,5,81404.52,81404.2761,-0.2439
-6.9,059003.000445,1,2,82082.7,82082.385,-0.315
-6.9,059003.000293,0,2,82492.4,82492.3107,-0.0893
-6.9,059003.000294,0,3,83025.91,83025.858,-0.052
-6.9,059003.000295,0,5,83426.55,83426.6421,0.0921
-6.9,059003.000296,0,1,83607.32,83607.4553,0.1353
-6.9,059003.000297,0,4,83703.43,83703.3737,-0.0563
-6.9,059003.000446,1,6,84150.65,84150.3717,-0.2783
-6.9,059003.000447,1,0,84270.44,84270.5295,0.0895
-6.9,059003.000298,0,3,84409.93,84410.6535,0.7235
-6.9,059003.000299,0,6,84410.63,84410.721,0.091
-6.9,059003.000300,0,4,84430.98,84430.6654,-0.3146
-6.9,059003.000448,1,8,84690.2,84690.0982,-0.1018
-6.9,059003.000449,1,1,84804.11,84803.9118,-0.1982
-6.9,059003.000301,0,1,84992.04,84992.2493,0.2093
-6.9,059003.000302,0,2,85306.1,85305.813,-0.287
-6.9,059003.000450,1,4,85981.65,85981.332,-0.318
-6.9,059003.000451,1,2,86390.45,86390.2073,-0.2427
-6.9,059003.000452,1,5,86455.75,86456.0966,0.3466
-6.9,059003.000453,1,0,86938.55,86938.55,0.0
-6.9,059003.000303,0,4,87511.6,87511.528,-0.072
-6.9,059003.000454,1,4,87726.9,87726.7637,-0.1363
-6.9,059003.000304,0,0,88210.1,88210.0965,-0.0035
-6.9,059003.000305,0,4,88948.6,88948.783,0.183
-6.9,059003.000455,1,5,89969.42,89970.1429,0.7229
-6.9,059003.000306,0,5,90119.8,90119.5701,-0.2299
-6.9,059003.000307,0,4,90629.2,90628.7463,-0.4537
-6.9,059003.000308,0,5,92441.7,92442.212,0.512
-6.9,059003.000309,0,5,92554.8,92554.717,-0.083
-6.9,059003.000310,0,4,93296.5,93296.6609,0.1609
-6.9,059003.000311,0,1,93967.4,93967.4189,0.0189
-6.9,059003.000312,0,6,95147.9,95147.3484,-0.5516
-6.9,059003.000313,0,3,96830.5,96830.624,0.124
-6.9,059003.000456,1,6,99681.9,99681.7405,-0.1595
-6.9,059003.000457,1,4,99938.5,99938.0728,-0.4272
-6.9,059003.000349,0,5,110295.2,110294.9963,-0.2037
-6.9,059003.000350,0,5,110333.55,110333.4605,-0.0895
-6.9,059003.000351,0,3,110530.96,110529.0176,-1.9424
-6.9,059003.000352,0,4,110880.92,110881.3924,0.4724
-6.9,059003.000353,0,4,110922.18,110922.0874,-0.0926
-6.9,059003.000354,0,3,111109.95,111109.6894,-0.2606
-6.9,059003.000355,0,4,111268.6,111268.463,-0.137
-6.9,059003.000356,0,1,111334.87,111335.2393,0.3693
-6.9,059003.000357,0,3,111342.43,111343.0214,0.5914
-6.9,059003.000358,0,6,111494.56,111495.1936,0.6336
-6.9,059003.000458,1,3,111518.34,111518.172,-0.168
-6.9,059003.000459,1,3,111728.91,111728.2947,-0.6153
-6.9,059003.000460,1,7,111772.91,111772.6867,-0.2233
-6.9,059003.000461,1,3,111779.59,111779.1616,-0.4284
-6.9,059003.000462,1,5,111902.78,111902.9549,0.1749
-6.9,059003.000359,0,7,111992.97,111993.1453,0.1753
-6.9,059003.000360,0,5,112643.09,112643.645,0.555
-6.9,059003.000361,0,5,112769.67,112769.7429,0.0729
-6.9,059003.000463,1,8,112837.43,112837.4217,-0.0083
-6.9,059003.000362,0,2,112896.3,112896.4864,0.1864
-6.9,059003.000363,0,0,113023.5,113023.5,0.0
-6.9,059003.000464,1,4,113064.69,113064.2381,-0.4519
-6.9,059003.000364,0,7,113158.53,113158.6843,0.1543
-6.9,059003.000465,1,5,113211.64,113211.9187,0.2787
-6.9,059003.000466,1,8,113225.66,113224.675,-0.985
-6.9,059003.000365,0,12,113291.67,113291.3004,-0.3696
-6.9,059003.000366,0,5,113556.8,113557.0298,0.2298
-6.9,059003.000367,0,4,113600.13,113598.2845,-1.8455
-6.9,059003.000368,0,5,113630.9,113631.5782,0.6782
-6.9,059003.000369,0,4,113664.57,113664.319,-0.251
-6.9,059003.000370,0,5,113780.27,113779.4463,-0.8237
-6.9,059003.000371,0,5,113825.5,113825.5986,0.0986
-6.9,059003.000372,0,4,113833.9,113833.3509,-0.5491
-6.9,059003.000467,1,2,113854.85,113855.1484,0.2984
-6.9,059003.000468,1,4,113894.44,113893.4827,-0.9573
-6.9,059003.000373,0,3,113914.16,113913.2615,-0.8985
-6.9,059003.000374,0,3,114725.6,114724.5659,-1.0341
-6.9,059003.000375,0,1,114797.12,114797.3449,0.2249
-6.9,059003.000376,0,0,114970.95,114970.95,0.0
-6.9,059003.000469,1,3,115094.1,115094.3595,0.2595
-6.9,059003.000470,1,5,115176.16,115175.7904,-0.3696
-6.9,059003.000471,1,3,115218.75,115219.5729,0.8229
-6.9,059003.000377,0,4,115324.47,115324.2526,-0.2174
-6.9,059003.000378,0,5,115403.34,115403.4066,0.0666
-6.9,059003.000379,0,4,115408.39,115409.4169,1.0269
-6.9,059003.000380,0,4,115420.8,115420.6958,-0.1042
-6.9,059003.000472,1,9,115489.74,115490.0076,0.2676
-6.9,059003.000381,0,2,115499.67,115499.5851,-0.0849
-6.9,059003.000382,0,9,115670.0,115670.0126,0.0126
-6.9,059003.000383,0,3,115672.26,115673.0824,0.8224
-6.9,059003.000473,1,1,115712.03,115712.4119,0.3819
-6.9,059003.000384,0,3,115800.17,115799.4197,-0.7503
-6.9,059003.000474,1,5,115881.55,115882.9553,1.4053
-6.9,059003.000385,0,8,115933.14,115933.1597,0.0197
-6.9,059003.000475,1,2,115990.73,115990.9055,0.1755
-6.9,059003.000386,0,6,116021.78,116021.5789,-0.2011
-6.9,059003.000476,1,4,116078.6,116079.2447,0.6447
-6.9,059003.000387,0,6,116238.71,116238.6891,-0.0209
-6.9,059003.000388,0,6,116309.14,116308.8658,-0.2742
-6.9,059003.000389,0,8,116453.2,116453.5979,0.3979
-6.9,059003.000390,0,0,116489.75,116489.75,0.0
-6.9,059003.000391,0,5,116727.1,116727.5956,0.4956
-6.9,059003.000477,1,1,116777.55,116777.5563,0.0063
-6.9,059003.000392,0,4,117044.6,117044.5958,-0.0042
-6.9,059003.000393,0,3,117248.2,117246.3641,-1.8359
-6.9,059003.000394,0,2,117323.1,117322.7692,-0.3308
-6.9,059003.000478,1,5,117359.3,117358.5025,-0.7975
-6.9,059003.000479,1,5,117376.01,117373.1538,-2.8562
-6.9,059003.000480,1,3,117385.1,117384.5901,-0.5099
-6.9,059003.000481,1,1,117397.8,117395.5963,-2.2037
-6.9,059003.000482,1,6,117507.88,117507.3124,-0.5676
-6.9,059003.000395,0,3,117540.5,117540.1827,-0.3173
-6.9,059003.000396,0,3,117574.5,117574.8654,0.3654
-6.9,059003.000483,1,6,117592.2,117592.9021,0.7021
-6.9,059003.000397,0,6,117647.2,117647.4415,0.2415
-6.9,059003.000398,0,6,117686.4,117685.8185,-0.5815
-6.9,059003.000399,0,1,117775.3,117776.8956,1.5956
-6.9,059003.000400,0,0,118063.0,118063.0,0.0
-6.9,059003.000484,1,5,118069.2,118069.0451,-0.1549
-6.9,059003.000401,0,6,118081.1,118081.6109,0.5109
-6.9,059003.000402,0,4,118201.4,118201.9249,0.5249
-6.9,059003.000485,1,2,118224.13,118224.6313,0.5013
-6.9,059003.000403,0,8,118271.6,118272.3119,0.7119
-6.9,059003.000404,0,8,118318.6,118319.0667,0.4667
-6.9,059003.000405,0,5,118468.8,118468.2369,-0.5631
-6.9,059003.000486,1,5,118588.65,118588.8668,0.2168
-6.9,059003.000406,0,2,118610.9,118610.4392,-0.4608
-6.9,059003.000487,1,6,118860.77,118860.3838,-0.3862
-6.9,059003.000407,0,10,118879.3,118878.0292,-1.2708
-6.9,059003.000488,1,3,118885.4,118885.3039,-0.0961
-6.9,059003.000489,1,4,118987.0,118987.391,0.391
-6.9,059003.000490,1,3,119019.05,119018.5396,-0.5104
-6.9,059003.000491,1,5,119077.25,119077.265,0.015
-6.9,059003.000408,0,4,120498.7,120498.2223,-0.4777
-6.9,059003.000492,1,3,120715.55,120716.3279,0.7779
-6.9,059003.000409,0,0,121095.2,121095.2,0.0
-6.9,059003.000410,0,1,121119.2,121119.4631,0.2631
-6.9,059003.000411,0,6,121382.6,121382.6843,0.0843
-6.9,059003.000493,1,2,121411.77,121411.7911,0.0211
-6.9,059003.000412,0,3,121431.2,121432.3674,1.1674
-6.9,059003.000413,0,5,121532.5,121532.752,0.252
-6.9,059003.000494,1,3,121580.9,121580.4609,-0.4391
-6.9,059003.000495,1,4,121582.6,121584.0855,1.4855
-6.9,059003.000496,1,5,122141.46,122140.9707,-0.4893
-6.9,059003.000414,0,2,128214.2,128215.4926,1.2926
-6.9,059003.000415,0,3,128352.8,128352.8942,0.0942
-6.9,059003.000416,0,1,128381.6,128382.2896,0.6896
-6.9,059003.000417,0,7,128453.2,128453.486,0.286
-6.9,059003.000497,1,3,128479.6,128481.0407,1.4407
-6.9,059003.000418,0,4,128568.6,128567.9747,-0.6253
-6.9,059003.000498,1,3,128800.05,128800.9531,0.9031
-6.9,059003.000499,1,5,128912.95,128912.6558,-0.2942
-6.9,059003.000500,1,6,132415.6,132414.8006,-0.7994
-6.9,059003.000501,1,2,132651.7,132651.4038,-0.2962
-6.9,059003.000502,1,2,132783.0,132782.0026,-0.9974
-6.9,059003.000503,1,4,132958.22,132958.0799,-0.1401
-6.9,059003.000504,1,4,133037.3,133035.2724,-2.0276
-6.9,059003.000505,1,3,133150.95,133150.7939,-0.1561
-6.9,059003.000422,0,1,133194.3,133195.2812,0.9812
-6.9,059003.000423,0,0,133242.3,133242.3,0.0
-6.9,059003.000506,1,3,133306.9,133307.0129,0.1129
-6.9,059003.000424,0,3,133352.2,133351.2472,-0.9528
-6.9,059003.000507,1,6,133370.49,133372.2385,1.7485
-6.9,059003.000425,0,0,133373.0,133373.0,0.0
-6.9,059003.000508,1,3,133511.58,133511.082,-0.498
-6.9,059003.000509,1,2,133566.52,133566.3062,-0.2138
-6.9,059003.000510,1,1,133594.97,133594.1094,-0.8606
-6.9,059003.000511,1,0,133650.5,133650.5,0.0
-6.9,059003.000512,1,5,134001.32,134000.6338,-0.6862
-6.9,059003.000513,1,5,134007.65,134007.5031,-0.1469
-6.9,059003.000514,1,7,134069.5,134069.0402,-0.4598
-6.9,059003.000515,1,3,134163.18,134162.5172,-0.6628
-6.9,059003.000516,1,5,134163.33,134163.3844,0.0544
-6.9,059003.000517,1,1,134220.3,134220.4857,0.1857
-6.9,059003.000518,1,2,134375.6,134375.2675,-0.3325
-6.9,059003.000519,1,5,134868.82,134867.5235,-1.2965
-6.9,059003.000520,1,3,134932.15,134932.2306,0.0806
-6.9,059003.000521,1,3,135896.6,135896.792,0.192
-6.9,059003.000522,1,0,135927.0,135927.0,0.0
-6.9,059003.000523,1,1,136034.02,136033.4034,-0.6166
-6.9,059003.000524,1,2,136111.0,136108.786,-2.214
-6.9,059003.000525,1,7,136326.7,136327.1175,0.4175
-6.9,059003.000526,1,1,136435.34,136435.6219,0.2819
-6.9,059003.000527,1,2,136485.6,136482.8075,-2.7925
-6.9,059003.000528,1,1,136606.4,136606.6457,0.2457
-6.9,059003.000529,1,3,136643.4,136644.8487,1.4487
-6.9,059003.000530,1,0,137960.61,137960.61,0.0
-6.9,059003.000531,1,2,138034.95,138034.6459,-0.3041
-6.9,059003.000532,1,0,138077.8,138077.8,0.0
-6.9,059003.000533,1,2,138342.75,138342.8295,0.0795
-6.9,059003.000534,1,0,138410.5,138410.5,0.0
-6.9,059003.000535,1,3,138445.3,138445.9039,0.6039
-6.9,059003.000536,1,0,138839.85,138839.85,0.0
-6.9,059003.000537,1,1,138900.4,138900.337,-0.063
-6.9,059003.000538,1,0,139081.4,139081.4,0.0
-6.9,059003.000041,0,15,12846.66,12847.6079,0.9479
-6.9,059003.000042,0,3,13352.1,13351.8352,-0.2648
-6.9,059003.000045,0,10,14558.82,14558.6036,-0.2164
-6.9,059003.000046,0,12,14859.96,14859.0699,-0.8901
-6.9,059003.000047,0,6,15045.8,15045.8021,0.0021
-6.9,059003.000049,0,1,15454.16,15454.3053,0.1453
-6.9,059003.000050,0,12,15525.5,15526.7875,1.2875
-6.9,059003.000053,0,7,16135.97,16136.175,0.205
-6.9,059003.000054,0,10,16516.15,16515.9233,-0.2267
-6.9,059003.000057,0,6,17113.19,17112.918,-0.272
-6.9,059003.000059,0,5,17534.76,17534.0659,-0.6941
-6.9,059003.000060,0,12,17627.0,17627.1098,0.1098
-6.9,059003.000062,0,11,18063.36,18063.4118,0.0518
-6.9,059003.000063,0,11,18211.76,18211.6461,-0.1139
-6.9,059003.000064,0,13,18241.54,18241.1624,-0.3776
-6.9,059003.000066,0,5,18921.24,18921.6084,0.3684
-6.9,059003.000067,0,12,18990.08,18989.9683,-0.1117
-6.9,059003.000069,0,11,19308.93,19308.8258,-0.1042
-6.9,059003.000070,0,12,19360.1,19359.7145,-0.3855
-6.9,059003.000071,0,5,19649.67,19649.7655,0.0955
-6.9,059003.000072,0,9,19700.9,19700.9243,0.0243
-6.9,059003.000073,0,10,19872.43,19871.989,-0.441
-6.9,059003.000539,1,3,20096.73,20095.524,-1.206
-6.9,059003.000074,0,6,20160.36,20160.2355,-0.1245
-6.9,059003.000075,0,10,20315.65,20315.7408,0.0908
-6.9,059003.000076,0,10,20848.39,20848.3833,-0.0067
-6.9,059003.000078,0,5,21148.43,21148.3654,-0.0646
-6.9,059003.000079,0,12,21238.78,21238.815,0.035
-6.9,059003.000080,0,8,21294.89,21294.9534,0.0634
-6.9,059003.000081,0,10,21418.84,21418.5937,-0.2463
-6.9,059003.000082,0,13,21535.17,21535.0373,-0.1327
-6.9,059003.000540,1,5,21598.58,21598.745,0.165
-6.9,059003.000083,0,5,21611.19,21611.5049,0.3149
-6.9,059003.000084,0,9,21755.84,21755.4913,-0.3487
-6.9,059003.000085,0,10,22080.94,22081.0451,0.1051
-6.9,059003.000086,0,7,22277.66,22277.2233,-0.4367
-6.9,059003.000087,0,10,22527.7,22527.3659,-0.3341
-6.9,059003.000088,0,7,22747.69,22747.8222,0.1322
-6.9,059003.000089,0,7,23050.61,23050.4985,-0.1115
-6.9,059003.000091,0,2,23175.09,23175.1425,0.0525
-6.9,059003.000093,0,11,23442.25,23441.8835,-0.3665
-6.9,059003.000095,0,9,23532.86,23532.4363,-0.4237
-6.9,059003.000096,0,9,23647.77,23647.979,0.209
-6.9,059003.000097,0,15,23651.88,23651.971,0.091
-6.9,059003.000098,0,8,23751.57,23751.4585,-0.1115
-6.9,059003.000099,0,13,23844.58,23844.6279,0.0479
-6.9,059003.000100,0,5,23955.37,23955.2285,-0.1415
-6.9,059003.000101,0,6,24250.62,24249.5019,-1.1181
-6.9,059003.000102,0,5,24309.2,24309.3585,0.1585
-6.9,059003.000104,0,10,24461.24,24461.2583,0.0183
-6.9,059003.000105,0,14,24470.9,24470.8391,-0.0609
-6.9,059003.000106,0,11,24788.02,24787.8926,-0.1274
-6.9,059003.000108,0,10,25033.91,25033.7433,-0.1667
-6.9,059003.000111,0,11,25409.74,25409.7278,-0.0122
-6.9,059003.000112,0,13,25934.98,25934.8349,-0.1451
-6.9,059003.000113,0,5,25979.34,25977.3636,-1.9764
-6.9,059003.000114,0,6,26095.23,26095.3762,0.1462
-6.9,059003.000115,0,11,26446.97,26447.0806,0.1106
-6.9,059003.000119,0,12,27138.55,27138.5053,-0.0447
-6.9,059003.000120,0,10,27380.31,27380.1543,-0.1557
-6.9,059003.000121,0,5,27452.45,27452.4608,0.0108
-6.9,059003.000123,0,13,27604.26,27604.3842,0.1242
-6.9,059003.000125,0,9,28399.43,28399.3672,-0.0628
-6.9,059003.000126,0,6,28720.71,28720.9496,0.2396
-6.9,059003.000127,0,12,28885.14,28884.9904,-0.1496
-6.9,059003.000128,0,6,28936.46,28936.749,0.289
-6.9,059003.000129,0,8,29263.08,29262.8811,-0.1989
-6.9,059003.000130,0,8,29267.86,29267.7956,-0.0644
-6.9,059003.000131,0,12,29835.09,29834.7461,-0.3439
-6.9,059003.000132,0,6,30505.72,30505.69,-0.03
-6.9,059003.000133,0,9,30733.53,30732.6626,-0.8674
-6.9,059003.000134,0,8,30994.55,30994.1402,-0.4098
-6.9,059003.000135,0,8,31254.71,31254.5656,-0.1444
-6.9,059003.000137,0,2,31803.7,31804.2011,0.5011
-6.9,059003.000138,0,5,32288.92,32288.9236,0.0036
-6.9,059003.000139,0,2,32760.11,32760.0308,-0.0792
-6.9,059003.000140,0,2,33338.37,33338.475,0.105
-6.9,059003.000141,0,10,33466.41,33466.0326,-0.3774
-6.9,059003.000142,0,8,33659.99,33660.1108,0.1208
-6.9,059003.000143,0,3,34198.61,34197.9388,-0.6712
-6.9,059003.000144,0,5,34520.27,34520.7057,0.4357
-6.9,059003.000145,0,6,34825.49,34825.0627,-0.4273
-6.9,059003.000146,0,12,35024.49,35024.4777,-0.0123
-6.9,059003.000147,0,2,35137.82,35138.239,0.419
-6.9,059003.000148,0,9,35291.0,35291.0597,0.0597
-6.9,059003.000149,0,8,35384.17,35384.3192,0.1492
-6.9,059003.000150,0,4,35801.12,35801.4645,0.3445
-6.9,059003.000151,0,8,35828.46,35828.8478,0.3878
-6.9,059003.000152,0,0,35863.74,35862.8051,-0.9349
-6.9,059003.000153,0,15,36640.38,36639.8808,-0.4992
-6.9,059003.000154,0,9,36642.13,36642.6117,0.4817
-6.9,059003.000155,0,8,36652.29,36652.2596,-0.0304
-6.9,059003.000156,0,7,36670.57,36670.6345,0.0645
-6.9,059003.000157,0,1,36683.21,36682.2381,-0.9719
-6.9,059003.000158,0,6,37011.92,37011.9471,0.0271
-6.9,059003.000159,0,6,37197.64,37197.5658,-0.0742
-6.9,059003.000160,0,11,37919.58,37919.4925,-0.0875
-6.9,059003.000161,0,9,38448.38,38448.6642,0.2842
-6.9,059003.000162,0,3,38549.9,38550.2086,0.3086
-6.9,059003.000163,0,5,38694.51,38693.8708,-0.6392
-6.9,059003.000164,0,3,38701.59,38701.0603,-0.5297
-6.9,059003.000165,0,7,38726.5,38726.5564,0.0564
-6.9,059003.000166,0,5,38785.76,38785.2839,-0.4761
-6.9,059003.000167,0,13,39024.27,39024.1568,-0.1132
-6.9,059003.000168,0,4,39120.4,39120.1292,-0.2708
-6.9,059003.000170,0,3,39485.48,39485.1871,-0.2929
-6.9,059003.000171,0,6,39725.99,39723.9741,-2.0159
-6.9,059003.000172,0,16,39732.99,39732.826,-0.164
-6.9,059003.000173,0,10,39870.17,39870.2995,0.1295
-6.9,059003.000175,0,4,40098.66,40098.7379,0.0779
-6.9,059003.000176,0,5,40205.74,40205.9168,0.1768
-6.9,059003.000177,0,7,41023.98,41024.1256,0.1456
-6.9,059003.000178,0,1,41026.87,41027.0146,0.1446
-6.9,059003.000179,0,7,44679.98,44679.3567,-0.6233
-6.9,059003.000180,0,6,44903.42,44903.3998,-0.0202
-6.9,059003.000181,0,8,45805.95,45805.899,-0.051
-6.9,059003.000182,0,6,45807.1,45807.4312,0.3312
-6.9,059003.000183,0,6,45844.65,45845.1277,0.4777
-6.9,059003.000184,0,13,46783.64,46783.3626,-0.2774
-6.9,059003.000185,0,2,48401.64,48401.5489,-0.0911
-6.9,059003.000186,0,12,48745.48,48745.7677,0.2877
-6.9,059003.000187,0,5,50227.79,50227.8202,0.0302
-6.9,059003.000188,0,3,50647.35,50647.1688,-0.1812
-6.9,059003.000189,0,3,50658.72,50658.3693,-0.3507
-6.9,059003.000190,0,1,50869.3,50869.572,0.272
-6.9,059003.000191,0,1,51312.8,51313.3747,0.5747
-6.9,059003.000192,0,2,52026.9,52027.4474,0.5474
-6.9,059003.000541,1,5,100214.99,100215.8569,0.8669
-6.9,059003.000314,0,3,100321.12,100321.3167,0.1967
-6.9,059003.000315,0,6,100430.29,100430.5803,0.2903
-6.9,059003.000316,0,5,100625.04,100625.7843,0.7443
-6.9,059003.000317,0,5,100788.95,100788.9667,0.0167
-6.9,059003.000318,0,3,100947.18,100947.1521,-0.0279
-6.9,059003.000319,0,4,101071.43,101071.1764,-0.2536
-6.9,059003.000320,0,3,101165.33,101165.2548,-0.0752
-6.9,059003.000321,0,6,101446.27,101446.308,0.038
-6.9,059003.000322,0,4,101665.58,101665.6505,0.0705
-6.9,059003.000323,0,1,101680.38,101680.4113,0.0313
-6.9,059003.000542,1,3,101778.0,101777.9005,-0.0995
-6.9,059003.000324,0,4,102435.67,102435.7343,0.0643
-6.9,059003.000325,0,4,102484.66,102484.4227,-0.2373
-6.9,059003.000326,0,11,102617.24,102617.2533,0.0133
-6.9,059003.000327,0,6,102830.43,102830.5052,0.0752
-6.9,059003.000328,0,2,102981.94,102981.5495,-0.3905
-6.9,059003.000329,0,4,103308.53,103308.5455,0.0155
-6.9,059003.000330,0,3,103335.06,103335.0685,0.0085
-6.9,059003.000331,0,3,103344.35,103344.2591,-0.0909
-6.9,059003.000332,0,0,103484.19,103484.19,0.0
-6.9,059003.000333,0,0,103805.38,103805.38,0.0
-6.9,059003.000334,0,9,103895.83,103895.7924,-0.0376
-6.9,059003.000543,1,5,103973.35,103973.5186,0.1686
-6.9,059003.000335,0,3,104598.99,104598.847,-0.143
-6.9,059003.000336,0,2,104788.68,104788.6234,-0.0566
-6.9,059003.000337,0,11,104904.55,104904.627,0.077
-6.9,059003.000338,0,4,105019.06,105019.0158,-0.0442
-6.9,059003.000339,0,7,105049.72,105049.4675,-0.2525
-6.9,059003.000544,1,3,105191.13,105190.9441,-0.1859
-6.9,059003.000545,1,4,105338.51,105338.7968,0.2868
-6.9,059003.000340,0,7,105450.18,105449.7621,-0.4179
-6.9,059003.000546,1,0,105485.3,105485.3,0.0
-6.9,059003.000547,1,1,105534.64,105534.8579,0.2179
-6.9,059003.000341,0,6,105566.62,105567.0009,0.3809
-6.9,059003.000342,0,2,105632.16,105631.9821,-0.1779
-6.9,059003.000548,1,3,106153.75,106153.8873,0.1373
-6.9,059003.000549,1,4,106224.22,106223.9092,-0.3108
-6.9,059003.000550,1,7,106306.51,106306.44,-0.07
-6.9,059003.000551,1,7,106384.65,106384.6895,0.0395
-6.9,059003.000552,1,0,106394.09,106394.09,0.0
-6.9,059003.000553,1,7,106468.42,106468.0391,-0.3809
-6.9,059003.000343,0,10,106665.07,106664.7736,-0.2964
-6.9,059003.000344,0,7,106745.65,106745.8912,0.2412
-6.9,059003.000345,0,5,107081.94,107081.3058,-0.6342
-6.9,059003.000554,1,6,107177.8,107177.691,-0.109
-6.9,059003.000555,1,1,107223.2,107223.3558,0.1558
-6.9,059003.000556,1,4,107262.71,107262.926,0.216
-6.9,059003.000346,0,10,107299.07,107299.6447,0.5747
-6.9,059003.000557,1,3,107403.91,107403.7062,-0.2038
-6.9,059003.000558,1,3,107697.07,107696.8084,-0.2616
-6.9,059003.000347,0,4,107854.46,107854.5707,0.1107
-6.9,059003.000559,1,0,107978.56,107978.56,0.0
-6.9,059003.000348,0,2,108559.4,108558.8471,-0.5529
-6.9,059003.000560,1,6,108574.0,108573.9891,-0.0109
-6.9,059003.000561,1,1,111039.75,111039.8052,0.0552
-6.9,059003.000562,1,1,111193.29,111193.3101,0.0201
-6.9,059003.000563,1,6,113854.23,113854.6183,0.3883
-6.9,059003.000564,1,9,115439.45,115439.4654,0.0154
-6.9,059003.000565,1,5,119225.52,119225.4537,-0.0663
-6.9,059003.000566,1,5,121143.3,121143.0397,-0.2603
-6.9,059003.000567,1,3,122932.6,122932.6217,0.0217
-6.9,059003.000568,1,2,124594.4,124594.577,0.177
-6.9,059003.000569,1,1,125145.1,125145.064,-0.036
-6.9,059003.000570,1,3,126743.3,126743.2814,-0.0186
-6.9,059003.000571,1,6,129009.15,129008.8296,-0.3204
-6.9,059003.000419,0,4,129106.1,129105.4423,-0.6577
-6.9,059003.000572,1,9,129454.45,129454.2266,-0.2234
-6.9,059003.000573,1,3,129744.09,129743.848,-0.242
-6.9,059003.000574,1,2,129934.5,129934.8359,0.3359
-6.9,059003.000575,1,1,130218.64,130217.9197,-0.7203
-6.9,059003.000420,0,2,131200.3,131199.6997,-0.6003
-6.9,059003.000421,0,2,131226.3,131226.0869,-0.2131
-6.9,059003.000576,1,2,131788.15,131787.8971,-0.2529
-6.9,059003.000577,1,2,131980.0,131981.2751,1.2751
-6.9,059003.000426,0,0,133393.2,133393.2,0.0
-6.9,059003.000427,0,7,133503.9,133503.8195,-0.0805
-6.9,059003.000578,1,4,134394.16,134393.2252,-0.9348
-6.9,059003.000579,1,3,134402.02,134402.8589,0.8389
-6.9,059003.000580,1,6,134402.83,134402.9131,0.0831
-6.9,059003.000581,1,4,134405.44,134405.8239,0.3839
-6.9,059003.000582,1,8,134425.98,134425.905,-0.075
-6.9,059003.000583,1,2,134428.63,134428.7278,0.0978
-6.9,059003.000584,1,3,134433.41,134432.8621,-0.5479
-6.9,059003.000585,1,7,134454.31,134453.7733,-0.5367
-6.9,059003.000586,1,5,134454.76,134454.6549,-0.1051
-6.9,059003.000587,1,4,134480.15,134480.3843,0.2343
-6.9,059003.000588,1,3,134480.72,134480.7622,0.0422
-6.9,059003.000589,1,2,134488.7,134489.2009,0.5009
-6.9,059003.000590,1,3,134492.68,134492.0871,-0.5929
-6.9,059003.000591,1,1,134496.12,134495.9074,-0.2126
-6.9,059003.000428,0,7,135445.2,135445.291,0.091
-6.9,059003.000429,0,6,135868.8,135868.3996,-0.4004
-6.9,059003.000592,1,3,136554.97,136555.1857,0.2157
-6.9,059003.000593,1,5,136555.45,136555.3391,-0.1109
-6.9,059003.000594,1,4,136557.98,136557.1155,-0.8645
-6.9,059003.000595,1,2,136559.59,136559.0893,-0.5007
-6.9,059003.000596,1,6,136570.81,136571.4931,0.6831
-6.9,059003.000597,1,5,136572.21,136572.0514,-0.1586
-6.9,059003.000598,1,2,136589.34,136590.1168,0.7768
-6.9,059003.000599,1,2,136589.44,136590.3999,0.9599
-6.9,059003.000600,1,4,136596.37,136596.4293,0.0593
-6.9,059003.000601,1,7,136596.63,136596.3319,-0.2981
-6.9,059003.000602,1,5,136620.17,136620.5185,0.3485
-6.9,059003.000603,1,7,136641.8,136641.092,-0.708
-6.9,059003.000604,1,4,136641.9,136642.6577,0.7577
-6.9,059003.000605,1,0,136649.4,136649.4,0.0
-6.9,059003.000606,1,0,136650.9,136650.9,0.0
-6.9,059003.000607,1,1,138783.5,138783.148,-0.352
-6.9,059003.000608,1,4,138787.95,138787.9131,-0.0369
-6.9,059003.000609,1,0,138794.58,138794.58,0.0
-6.9,059003.000610,1,1,138796.56,138796.094,-0.466
-6.9,059003.000611,1,4,138799.39,138799.4317,0.0417
-6.9,059003.000612,1,5,138799.91,138799.9861,0.0761
-6.9,059003.000613,1,6,138822.38,138822.6598,0.2798
-6.9,059003.000614,1,3,138822.4,138822.5823,0.1823
-6.9,059003.000615,1,0,138827.78,138827.78,0.0
-6.9,059003.000616,1,2,138833.55,138833.5562,0.0062
-6.9,059003.000617,1,4,138849.86,138849.7894,-0.0706
-6.9,059003.000618,1,10,138874.91,138875.0908,0.1808
-6.9,059003.000619,1,7,138883.81,138884.3312,0.5212
-6.9,059003.000620,1,0,138888.98,138888.98,0.0
-6.9,059003.000621,1,0,138895.87,138895.87,0.0
-6.9,059003.000622,1,1,141328.85,141328.7992,-0.0508
6.9,059003.000001,0,1,0.0,0.0,0.0
6.9,059003.000031,0,1,1398.34,1399.03,0.69
6.9,059003.000032,0,4,2893.14,2892.2436,-0.8964
6.9,059003.000033,0,0,4453.76,4453.76,0.0
6.9,059003.000034,0,1,9370.66,9369.2373,-1.4227
6.9,059003.000035,0,6,10032.92,10033.1333,0.2133
6.9,059003.000036,0,5,10138.18,10137.1131,-1.0669
6.9,059003.000037,0,7,10859.06,10859.1273,0.0673
6.9,059003.000038,0,4,10950.24,10950.306,0.066
6.9,059003.000039,0,7,11761.69,11761.9629,0.2729
6.9,059003.000040,0,10,12494.63,12494.5533,-0.0767
6.9,059003.000043,0,4,13887.6,13887.4143,-0.1857
6.9,059003.000044,0,5,14187.35,14187.88,0.53
6.9,059003.000048,0,4,15443.48,15444.1497,0.6697
6.9,059003.000051,0,2,15705.13,15705.1296,-0.0004
6.9,059003.000052,0,7,16089.14,16090.0248,0.8848
6.9,059003.000055,0,6,16763.98,16764.4177,0.4377
6.9,059003.000056,0,2,17095.63,17095.7785,0.1485
6.9,059003.000058,0,4,17409.58,17409.6714,0.0914
6.9,059003.000061,0,3,17642.06,17642.7692,0.7092
6.9,059003.000065,0,0,18693.65,18693.65,0.0
6.9,059003.000068,0,2,19046.09,19046.8152,0.7252
6.9,059003.000077,0,0,20856.86,20856.86,0.0
6.9,059003.000090,0,1,23091.7,23091.7578,0.0578
6.9,059003.000092,0,1,23245.99,23245.6917,-0.2983
6.9,059003.000094,0,0,23465.43,23465.43,0.0
6.9,059003.000103,0,1,24357.98,24357.4715,-0.5085
6.9,059003.000107,0,1,24886.51,24885.8535,-0.6565
6.9,059003.000109,0,1,25244.61,25244.2917,-0.3183
6.9,059003.000110,0,2,25391.75,25391.92,0.17
6.9,059003.000116,0,1,26447.88,26448.6965,0.8165
6.9,059003.000117,0,0,26921.49,26921.49,0.0
6.9,059003.000118,0,2,26979.66,26979.8548,0.1948
6.9,059003.000122,0,4,27597.13,27596.8187,-0.3113
6.9,059003.000124,0,3,28101.77,28101.0387,-0.7313
6.9,059003.000430,0,1,30602.83,30603.2171,0.3871
6.9,059003.000136,0,3,31787.93,31788.5926,0.6626
6.9,059003.000169,0,5,39225.6,39225.3425,-0.2575
6.9,059003.000174,0,4,39940.72,39940.7188,-0.0012
6.9,059003.000193,0,8,53092.8,53092.789,-0.011
6.9,059003.000194,0,2,58158.08,58158.0941,0.0141
6.9,059003.000195,0,3,58174.15,58174.0303,-0.1197
6.9,059003.000196,0,7,60166.2,60165.8351,-0.3649
6.9,059003.000197,0,3,60419.73,60419.551,-0.179
6.9,059003.000198,0,0,60520.32,60520.32,0.0
6.9,059003.000199,0,7,61357.04,61357.1233,0.0833
6.9,059003.000200,0,8,61605.66,61605.6403,-0.0197
6.9,059003.000201,0,4,61717.98,61717.9192,-0.0608
6.9,059003.000202,0,13,62062.63,62062.4615,-0.1685
6.9,059003.000203,0,9,62240.83,62240.6954,-0.1346
6.9,059003.000204,0,7,62535.62,62535.4106,-0.2094
6.9,059003.000205,0,7,62558.67,62558.4552,-0.2148
6.9,059003.000206,0,6,62678.7,62678.771,0.071
6.9,059003.000207,0,2,63221.28,63221.2157,-0.0643
6.9,059003.000208,0,7,63232.14,63232.1641,0.0241
6.9,059003.000209,0,5,63576.27,63576.0257,-0.2443
6.9,059003.000210,0,4,63593.35,63593.2329,-0.1171
6.9,059003.000211,0,5,63768.66,63768.5051,-0.1549
6.9,059003.000212,0,6,63816.91,63816.027,-0.883
6.9,059003.000213,0,7,64150.94,64150.664,-0.276
6.9,059003.000214,0,4,64215.45,64215.1666,-0.2834
6.9,059003.000215,0,7,64235.61,64235.7661,0.1561
6.9,059003.000216,0,7,64401.03,64400.8599,-0.1701
6.9,059003.000217,0,5,64817.53,64817.3825,-0.1475
6.9,059003.000218,0,7,64857.15,64856.9231,-0.2269
6.9,059003.000219,0,5,64865.15,64864.753,-0.397
6.9,059003.000220,0,4,64979.55,64979.247,-0.303
6.9,059003.000431,1,5,65073.26,65073.2644,0.0044
6.9,059003.000221,0,5,65295.9,65295.8446,-0.0554
6.9,059003.000432,1,6,65765.17,65765.1969,0.0269
6.9,059003.000222,0,5,65909.44,65909.3236,-0.1164
6.9,059003.000223,0,4,65922.42,65922.5943,0.1743
6.9,059003.000224,0,12,65935.25,65935.1472,-0.1028
6.9,059003.000225,0,7,65967.15,65967.0674,-0.0826
6.9,059003.000226,0,6,66148.4,66148.2449,-0.1551
6.9,059003.000227,0,1,66301.35,66301.2462,-0.1038
6.9,059003.000228,0,0,66324.84,66324.84,0.0
6.9,059003.000229,0,7,66681.14,66680.8424,-0.2976
6.9,059003.000230,0,10,66735.88,66735.6759,-0.2041
6.9,059003.000231,0,5,66852.87,66852.973,0.103
6.9,059003.000232,0,5,66867.09,66867.9012,0.8112
6.9,059003.000233,0,5,66943.04,66942.8477,-0.1923
6.9,059003.000234,0,10,67049.18,67049.2128,0.0328
6.9,059003.000235,0,6,67240.35,67240.5705,0.2205
6.9,059003.000236,0,8,67395.32,67395.3767,0.0567
6.9,059003.000237,0,9,67398.79,67398.7285,-0.0615
6.9,059003.000238,0,6,67679.21,67679.0417,-0.1683
6.9,059003.000239,0,4,67870.76,67870.8707,0.1107
6.9,059003.000240,0,1,67965.47,67965.2354,-0.2346
6.9,059003.000241,0,5,68238.12,68238.1368,0.0168
6.9,059003.000242,0,0,68305.1,68305.1,0.0
6.9,059003.000433,1,3,68331.68,68331.4693,-0.2107
6.9,059003.000243,0,6,68331.75,68331.4017,-0.3483
6.9,059003.000244,0,5,68374.54,68374.5109,-0.0291
6.9,059003.000245,0,10,68492.43,68492.1547,-0.2753
6.9,059003.000246,0,6,68525.62,68525.6858,0.0658
6.9,059003.000247,0,8,68544.19,68544.1894,-0.0006
6.9,059003.000434,1,4,68556.35,68556.5713,0.2213
6.9,059003.000435,1,4,68676.55,68676.3914,-0.1586
6.9,059003.000248,0,5,68801.67,68801.7125,0.0425
6.9,059003.000249,0,8,68978.55,68978.1718,-0.3782
6.9,059003.000250,0,4,68987.07,68987.0465,-0.0235
6.9,059003.000251,0,4,69138.28,69138.3565,0.0765
6.9,059003.000252,0,8,69408.51,69408.3256,-0.1844
6.9,059003.000253,0,4,69431.0,69431.0487,0.0487
6.9,059003.000254,0,6,69681.6,69681.5688,-0.0312
6.9,059003.000255,0,7,69686.26,69686.2344,-0.0256
6.9,059003.000256,0,5,69978.08,69977.9568,-0.1232
6.9,059003.000257,0,2,70381.48,70381.099,-0.381
6.9,059003.000258,0,7,71021.1,71021.0809,-0.0191
6.9,059003.000259,0,4,71385.6,71385.8123,0.2123
6.9,059003.000260,0,2,71501.0,71500.9685,-0.0315
6.9,059003.000261,0,5,71536.38,71536.3351,-0.0449
6.9,059003.000262,0,4,71592.34,71592.1018,-0.2382
6.9,059003.000263,0,7,71736.45,71736.3267,-0.1233
6.9,059003.000264,0,7,71978.52,71978.5305,0.0105
6.9,059003.000265,0,3,71994.81,71994.778,-0.032
6.9,059003.000266,0,6,73029.9,73029.8033,-0.0967
6.9,059003.000267,0,3,73378.42,73378.239,-0.181
6.9,059003.000268,0,8,73606.17,73605.6938,-0.4762
6.9,059003.000269,0,7,73609.1,73608.906,-0.194
6.9,059003.000270,0,3,74105.2,74104.8823,-0.3177
6.9,059003.000436,1,3,74619.63,74619.4796,-0.1504
6.9,059003.000271,0,7,74463.7,74463.5351,-0.1649
6.9,059003.000437,1,2,74696.2,74696.2212,0.0212
6.9,059003.000272,0,5,75294.0,75293.9489,-0.0511
6.9,059003.000273,0,5,75409.58,75409.1643,-0.4157
6.9,059003.000274,0,5,75560.75,75560.5331,-0.2169
6.9,059003.000275,0,10,75614.81,75614.9154,0.1054
6.9,059003.000276,0,5,75640.0,75640.0512,0.0512
6.9,059003.000277,0,3,75762.23,75762.293,0.063
6.9,059003.000438,1,9,75982.8,75982.9857,0.1857
6.9,059003.000439,1,6,76130.52,76130.6051,0.0851
6.9,059003.000440,1,5,76411.04,76411.2032,0.1632
6.9,059003.000441,1,5,76534.72,76535.4337,0.7137
6.9,059003.000278,0,4,76892.4,76892.2146,-0.1854
6.9,059003.000442,1,3,76894.56,76894.3492,-0.2108
6.9,059003.000279,0,3,77822.0,77822.2415,0.2415
6.9,059003.000280,0,0,78312.91,78312.91,0.0
6.9,059003.000281,0,5,78463.6,78463.6069,0.0069
6.9,059003.000282,0,3,78694.57,78694.0236,-0.5464
6.9,059003.000283,0,2,78889.14,78889.1071,-0.0329
6.9,059003.000284,0,2,79136.23,79136.1646,-0.0654
6.9,059003.000285,0,3,79366.65,79366.7216,0.0716
6.9,059003.000443,1,4,79377.15,79377.1317,-0.0183
6.9,059003.000444,1,0,79378.38,79378.38,0.0
6.9,059003.000286,0,5,79395.55,79395.4145,-0.1355
6.9,059003.000287,0,4,79742.36,79743.1845,0.8245
6.9,059003.000288,0,4,80164.04,80163.7744,-0.2656
6.9,059003.000289,0,8,80360.82,80360.9665,0.1465
6.9,059003.000290,0,5,80897.85,80897.5308,-0.3192
6.9,059003.000291,0,5,80988.76,80988.6007,-0.1593
6.9,059003.000292,0,0,81404.52,81404.52,0.0
6.9,059003.000445,1,5,82082.7,82082.1653,-0.5347
6.9,059003.000293,0,3,82492.4,82492.4077,0.0077
6.9,059003.000294,0,5,83025.91,83025.2845,-0.6255
6.9,059003.000295,0,6,83426.55,83426.4542,-0.0958
6.9,059003.000296,0,6,83607.32,83607.2662,-0.0538
6.9,059003.000297,0,2,83703.43,83703.3165,-0.1135
6.9,059003.000446,1,3,84150.65,84150.7687,0.1187
6.9,059003.000447,1,2,84270.44,84270.1644,-0.2756
6.9,059003.000298,0,3,84409.93,84409.7585,-0.1715
6.9,059003.000299,0,3,84410.63,84410.3449,-0.2851
6.9,059003.000300,0,7,84430.98,84430.8155,-0.1645
6.9,059003.000448,1,4,84690.2,84690.1108,-0.0892
6.9,059003.000449,1,4,84804.11,84804.4742,0.3642
6.9,059003.000301,0,4,84992.04,84991.829,-0.211
6.9,059003.000302,0,4,85306.1,85306.8479,0.7479
6.9,059003.000450,1,1,85981.65,85981.746,0.096
6.9,059003.000451,1,6,86390.45,86390.2255,-0.2245
6.9,059003.000452,1,5,86455.75,86456.51,0.76
6.9,059003.000453,1,0,86938.55,86938.55,0.0
6.9,059003.000303,0,3,87511.6,87511.6226,0.0226
6.9,059003.000454,1,4,87726.9,87726.6856,-0.2144
6.9,059003.000304,0,2,88210.1,88210.1067,0.0067
6.9,059003.000305,0,5,88948.6,88948.535,-0.065
6.9,059003.000455,1,2,89969.42,89969.0795,-0.3405
6.9,059003.000306,0,3,90119.8,90120.0124,0.2124
6.9,059003.000307,0,3,90629.2,90629.2156,0.0156
6.9,059003.000308,0,0,92441.7,92441.7,0.0
6.9,059003.000309,0,10,92554.8,92554.7702,-0.0298
6.9,059003.000310,0,6,93296.5,93296.5777,0.0777
6.9,059003.000311,0,8,93967.4,93967.3644,-0.0356
6.9,059003.000312,0,5,95147.9,95147.5658,-0.3342
6.9,059003.000313,0,0,96830.5,96830.5,0.0
6.9,059003.000456,1,6,99681.9,99682.1619,0.2619
6.9,059003.000457,1,2,99938.5,99938.7615,0.2615
6.9,059003.000349,0,6,110295.2,110295.4463,0.2463
6.9,059003.000350,0,2,110333.55,110333.5769,0.0269
6.9,059003.000351,0,3,110530.96,110531.1838,0.2238
6.9,059003.000352,0,1,110880.92,110880.5274,-0.3926
6.9,059003.000353,0,5,110922.18,110921.8725,-0.3075
6.9,059003.000354,0,4,111109.95,111109.6432,-0.3068
6.9,059003.000355,0,3,111268.6,111269.2357,0.6357
6.9,059003.000356,0,0,111334.87,111334.87,0.0
6.9,059003.000357,0,5,111342.43,111342.7327,0.3027
6.9,059003.000358,0,4,111494.56,111494.3506,-0.2094
6.9,059003.000458,1,3,111518.34,111517.8163,-0.5237
6.9,059003.000459,1,5,111728.91,111727.8088,-1.1012
6.9,059003.000460,1,3,111772.91,111772.7876,-0.1224
6.9,059003.000461,1,3,111779.59,111779.7843,0.1943
6.9,059003.000462,1,5,111902.78,111902.9569,0.1769
6.9,059003.000359,0,5,111992.97,111992.5448,-0.4252
6.9,059003.000360,0,3,112643.09,112643.2545,0.1645
6.9,059003.000361,0,5,112769.67,112769.8984,0.2284
6.9,059003.000463,1,6,112837.43,112836.4445,-0.9855
6.9,059003.000362,0,3,112896.3,112896.7595,0.4595
6.9,059003.000363,0,2,113023.5,113023.4535,-0.0465
6.9,059003.000464,1,0,113064.69,113064.69,0.0
6.9,059003.000364,0,9,113158.53,113157.6377,-0.8923
6.9,059003.000465,1,7,113211.64,113212.0498,0.4098
6.9,059003.000466,1,4,113225.66,113225.714,0.054
6.9,059003.000365,0,5,113291.67,113290.7825,-0.8875
6.9,059003.000366,0,9,113556.8,113557.2412,0.4412
6.9,059003.000367,0,7,113600.13,113599.355,-0.775
6.9,059003.000368,0,6,113630.9,113630.4669,-0.4331
6.9,059003.000369,0,4,113664.57,113663.4272,-1.1428
6.9,059003.000370,0,5,113780.27,113780.1828,-0.0872
6.9,059003.000371,0,0,113825.5,113825.5,0.0
6.9,059003.000372,0,1,113833.9,113833.3229,-0.5771
6.9,059003.000467,1,4,113854.85,113854.1962,-0.6538
6.9,059003.000468,1,3,113894.44,113894.6062,0.1662
6.9,059003.000373,0,5,113914.16,113915.0905,0.9305
6.9,059003.000374,0,0,114725.6,114725.6,0.0
6.9,059003.000375,0,3,114797.12,114796.8818,-0.2382
6.9,059003.000376,0,1,114970.95,114970.943,-0.007
6.9,059003.000469,1,4,115094.1,115092.9997,-1.1003
6.9,059003.000470,1,4,115176.16,115176.5204,0.3604
6.9,059003.000471,1,0,115218.75,115218.75,0.0
6.9,059003.000377,0,3,115324.47,115323.8667,-0.6033
6.9,059003.000378,0,7,115403.34,115402.5991,-0.7409
6.9,059003.000379,0,17,115408.39,115409.9805,1.5905
6.9,059003.000380,0,9,115420.8,115421.0037,0.2037
6.9,059003.000472,1,4,115489.74,115490.7374,0.9974
6.9,059003.000381,0,8,115499.67,115499.1184,-0.5516
6.9,059003.000382,0,3,115670.0,115670.0668,0.0668
6.9,059003.000383,0,4,115672.26,115672.4707,0.2107
6.9,059003.000473,1,1,115712.03,115712.8232,0.7932
6.9,059003.000384,0,6,115800.17,115799.9014,-0.2686
6.9,059003.000474,1,9,115881.55,115881.3436,-0.2064
6.9,059003.000385,0,4,115933.14,115933.2988,0.1588
6.9,059003.000475,1,4,115990.73,115990.0116,-0.7184
6.9,059003.000386,0,3,116021.78,116020.9205,-0.8595
6.9,059003.000476,1,5,116078.6,116078.2562,-0.3438
6.9,059003.000387,0,6,116238.71,116238.6968,-0.0132
6.9,059003.000388,0,8,116309.14,116309.1085,-0.0315
6.9,059003.000389,0,8,116453.2,116452.9439,-0.2561
6.9,059003.000390,0,0,116489.75,116489.75,0.0
6.9,059003.000391,0,4,116727.1,116727.2965,0.1965
6.9,059003.000477,1,3,116777.55,116777.8071,0.2571
6.9,059003.000392,0,7,117044.6,117044.299,-0.301
6.9,059003.000393,0,1,117248.2,117247.5958,-0.6042
6.9,059003.000394,0,3,117323.1,117322.6049,-0.4951
6.9,059003.000478,1,0,117359.3,117359.3,0.0
6.9,059003.000479,1,1,117376.01,117376.7993,0.7893
6.9,059003.000480,1,5,117385.1,117386.4004,1.3004
6.9,059003.000481,1,0,117397.8,117397.8,0.0
6.9,059003.000482,1,6,117507.88,117508.6054,0.7254
6.9,059003.000395,0,3,117540.5,117540.4475,-0.0525
6.9,059003.000396,0,3,117574.5,117575.2621,0.7621
6.9,059003.000483,1,10,117592.2,117592.3062,0.1062
6.9,059003.000397,0,5,117647.2,117647.4165,0.2165
6.9,059003.000398,0,9,117686.4,117686.746,0.346
6.9,059003.000399,0,7,117775.3,117774.6442,-0.6558
6.9,059003.000400,0,4,118063.0,118061.6123,-1.3877
6.9,059003.000484,1,7,118069.2,118068.6492,-0.5508
6.9,059003.000401,0,7,118081.1,118082.0645,0.9645
6.9,059003.000402,0,5,118201.4,118201.4158,0.0158
6.9,059003.000485,1,5,118224.13,118224.3144,0.1844
6.9,059003.000403,0,6,118271.6,118271.7167,0.1167
6.9,059003.000404,0,4,118318.6,118318.8451,0.2451
6.9,059003.000405,0,10,118468.8,118468.7949,-0.0051
6.9,059003.000486,1,10,118588.65,118588.0072,-0.6428
6.9,059003.000406,0,3,118610.9,118610.918,0.018
6.9,059003.000487,1,5,118860.77,118860.2846,-0.4854
6.9,059003.000407,0,3,118879.3,118879.338,0.038
6.9,059003.000488,1,11,118885.4,118886.0301,0.6301
6.9,059003.000489,1,3,118987.0,118986.3465,-0.6535
6.9,059003.000490,1,3,119019.05,119020.1447,1.0947
6.9,059003.000491,1,6,119077.25,119078.1439,0.8939
6.9,059003.000408,0,5,120498.7,120497.3047,-1.3953
6.9,059003.000492,1,6,120715.55,120714.8907,-0.6593
6.9,059003.000409,0,6,121095.2,121094.7048,-0.4952
6.9,059003.000410,0,4,121119.2,121121.3262,2.1262
6.9,059003.000411,0,7,121382.6,121383.0686,0.4686
6.9,059003.000493,1,6,121411.77,121411.6843,-0.0857
6.9,059003.000412,0,1,121431.2,121431.2414,0.0414
6.9,059003.000413,0,3,121532.5,121532.7771,0.2771
6.9,059003.000494,1,5,121580.9,121581.0323,0.1323
6.9,059003.000495,1,6,121582.6,121583.1202,0.5202
6.9,059003.000496,1,2,122141.46,122141.4357,-0.0243
6.9,059003.000414,0,3,128214.2,128214.1198,-0.0802
6.9,059003.000415,0,4,128352.8,128352.6918,-0.1082
6.9,059003.000416,0,7,128381.6,128381.9696,0.3696
6.9,059003.000417,0,5,128453.2,128453.1943,-0.0057
6.9,059003.000497,1,1,128479.6,128479.8823,0.2823
6.9,059003.000418,0,2,128568.6,128569.1635,0.5635
6.9,059003.000498,1,2,128800.05,128800.8074,0.7574
6.9,059003.000499,1,8,128912.95,128913.3998,0.4498
6.9,059003.000500,1,7,132415.6,132415.5763,-0.0237
6.9,059003.000501,1,4,132651.7,132650.4915,-1.2085
6.9,059003.000502,1,3,132783.0,132783.0388,0.0388
6.9,059003.000503,1,3,132958.22,132959.4968,1.2768
6.9,059003.000504,1,1,133037.3,133036.475,-0.825
6.9,059003.000505,1,1,133150.95,133150.6077,-0.3423
6.9,059003.000422,0,0,133194.3,133194.3,0.0
6.9,059003.000423,0,0,133242.3,133242.3,0.0
6.9,059003.000506,1,5,133306.9,133307.1557,0.2557
6.9,059003.000424,0,0,133352.2,133352.2,0.0
6.9,059003.000507,1,4,133370.49,133371.463,0.973
6.9,059003.000425,0,1,133373.0,133373.7383,0.7383
6.9,059003.000508,1,3,133511.58,133511.563,-0.017
6.9,059003.000509,1,1,133566.52,133566.614,0.094
6.9,059003.000510,1,0,133594.97,133594.97,0.0
6.9,059003.000511,1,0,133650.5,133650.5,0.0
6.9,059003.000512,1,4,134001.32,134000.8012,-0.5188
6.9,059003.000513,1,6,134007.65,134007.846,0.196
6.9,059003.000514,1,4,134069.5,134069.6185,0.1185
6.9,059003.000515,1,2,134163.18,134162.5308,-0.6492
6.9,059003.000516,1,2,134163.33,134163.7341,0.4041
6.9,059003.000517,1,2,134220.3,134220.1696,-0.1304
6.9,059003.000518,1,3,134375.6,134374.6586,-0.9414
6.9,059003.000519,1,4,134868.82,134868.5528,-0.2672
6.9,059003.000520,1,1,134932.15,134931.1841,-0.9659
6.9,059003.000521,1,4,135896.6,135896.3104,-0.2896
6.9,059003.000522,1,0,135927.0,135927.0,0.0
6.9,059003.000523,1,2,136034.02,136033.3642,-0.6558
6.9,059003.000524,1,3,136111.0,136110.6345,-0.3655
6.9,059003.000525,1,0,136326.7,136326.7,0.0
6.9,059003.000526,1,3,136435.34,136435.5733,0.2333
6.9,059003.000527,1,0,136485.6,136485.6,0.0
6.9,059003.000528,1,0,136606.4,136606.4,0.0
6.9,059003.000529,1,4,136643.4,136643.8107,0.4107
6.9,059003.000530,1,0,137960.61,137960.61,0.0
6.9,059003.000531,1,2,138034.95,138034.9961,0.0461
6.9,059003.000532,1,0,138077.8,138077.8,0.0
6.9,059003.000533,1,2,138342.75,138342.4132,-0.3368
6.9,059003.000534,1,1,138410.5,138409.8561,-0.6439
6.9,059003.000535,1,6,138445.3,138445.3385,0.0385
6.9,059003.000536,1,2,138839.85,138838.6393,-1.2107
6.9,059003.000537,1,2,138900.4,138900.3557,-0.0443
6.9,059003.000538,1,0,139081.4,139081.4,0.0
6.9,059003.000041,0,10,12846.66,12846.46,-0.2
6.9,059003.000042,0,5,13352.1,13351.9221,-0.1779
6.9,059003.000045,0,8,14558.82,14558.7599,-0.0601
6.9,059003.000046,0,7,14859.96,14859.6019,-0.3581
6.9,059003.000047,0,6,15045.8,15045.3879,-0.4121
6.9,059003.000049,0,7,15454.16,15453.9594,-0.2006
6.9,059003.000050,0,8,15525.5,15523.8722,-1.6278
6.9,059003.000053,0,8,16135.97,16135.9818,0.0118
6.9,059003.000054,0,6,16516.15,16516.4152,0.2652
6.9,059003.000057,0,6,17113.19,17113.0733,-0.1167
6.9,059003.000059,0,3,17534.76,17534.2267,-0.5333
6.9,059003.000060,0,13,17627.0,17627.0194,0.0194
6.9,059003.000062,0,10,18063.36,18063.3741,0.0141
6.9,059003.000063,0,7,18211.76,18211.7391,-0.0209
6.9,059003.000064,0,12,18241.54,18241.5635,0.0235
6.9,059003.000066,0,4,18921.24,18921.5462,0.3062
6.9,059003.000067,0,15,18990.08,18989.9546,-0.1254
6.9,059003.000069,0,14,19308.93,19308.5704,-0.3596
6.9,059003.000070,0,11,19360.1,19359.9414,-0.1586
6.9,059003.000071,0,3,19649.67,19649.404,-0.266
6.9,059003.000072,0,12,19700.9,19700.8154,-0.0846
6.9,059003.000073,0,9,19872.43,19871.8759,-0.5541
6.9,059003.000539,1,1,20096.73,20096.4598,-0.2702
6.9,059003.000074,0,8,20160.36,20160.0133,-0.3467
6.9,059003.000075,0,17,20315.65,20315.3145,-0.3355
6.9,059003.000076,0,10,20848.39,20848.3149,-0.0751
6.9,059003.000078,0,6,21148.43,21148.4679,0.0379
6.9,059003.000079,0,8,21238.78,21238.8914,0.1114
6.9,059003.000080,0,11,21294.89,21294.8226,-0.0674
6.9,059003.000081,0,13,21418.84,21418.5492,-0.2908
6.9,059003.000082,0,12,21535.17,21535.3323,0.1623
6.9,059003.000540,1,2,21598.58,21600.3226,1.7426
6.9,059003.000083,0,10,21611.19,21611.1194,-0.0706
6.9,059003.000084,0,15,21755.84,21755.5305,-0.3095
6.9,059003.000085,0,16,22080.94,22080.6482,-0.2918
6.9,059003.000086,0,4,22277.66,22277.5587,-0.1013
6.9,059003.000087,0,10,22527.7,22527.7378,0.0378
6.9,059003.000088,0,16,22747.69,22747.0214,-0.6686
6.9,059003.000089,0,9,23050.61,23050.5275,-0.0825
6.9,059003.000091,0,8,23175.09,23174.9645,-0.1255
6.9,059003.000093,0,14,23442.25,23442.1014,-0.1486
6.9,059003.000095,0,10,23532.86,23532.784,-0.076
6.9,059003.000096,0,11,23647.77,23648.0746,0.3046
6.9,059003.000097,0,11,23651.88,23651.8529,-0.0271
6.9,059003.000098,0,7,23751.57,23751.1453,-0.4247
6.9,059003.000099,0,17,23844.58,23844.5718,-0.0082
6.9,059003.000100,0,5,23955.37,23954.4165,-0.9535
6.9,059003.000101,0,7,24250.62,24251.3424,0.7224
6.9,059003.000102,0,5,24309.2,24309.1176,-0.0824
6.9,059003.000104,0,10,24461.24,24461.2467,0.0067
6.9,059003.000105,0,15,24470.9,24470.9492,0.0492
6.9,059003.000106,0,12,24788.02,24788.1263,0.1063
6.9,059003.000108,0,9,25033.91,25033.8503,-0.0597
6.9,059003.000111,0,7,25409.74,25409.53,-0.21
6.9,059003.000112,0,10,25934.98,25935.0695,0.0895
6.9,059003.000113,0,3,25979.34,25979.4528,0.1128
6.9,059003.000114,0,9,26095.23,26095.2923,0.0623
6.9,059003.000115,0,15,26446.97,26447.1476,0.1776
6.9,059003.000119,0,7,27138.55,27138.6637,0.1137
6.9,059003.000120,0,10,27380.31,27380.1202,-0.1898
6.9,059003.000121,0,9,27452.45,27452.1382,-0.3118
6.9,059003.000123,0,11,27604.26,27604.2774,0.0174
6.9,059003.000125,0,9,28399.43,28399.4466,0.0166
6.9,059003.000126,0,7,28720.71,28720.9873,0.2773
6.9,059003.000127,0,4,28885.14,28884.9143,-0.2257
6.9,059003.000128,0,4,28936.46,28936.9716,0.5116
6.9,059003.000129,0,4,29263.08,29262.7587,-0.3213
6.9,059003.000130,0,8,29267.86,29267.8275,-0.0325
6.9,059003.000131,0,12,29835.09,29835.0361,-0.0539
6.9,059003.000132,0,10,30505.72,30505.5504,-0.1696
6.9,059003.000133,0,9,30733.53,30733.6451,0.1151
6.9,059003.000134,0,6,30994.55,30994.626,0.076
6.9,059003.000135,0,5,31254.71,31254.6134,-0.0966
6.9,059003.000137,0,1,31803.7,31803.3539,-0.3461
6.9,059003.000138,0,7,32288.92,32289.1895,0.2695
6.9,059003.000139,0,6,32760.11,32760.0621,-0.0479
6.9,059003.000140,0,5,33338.37,33338.6075,0.2375
6.9,059003.000141,0,6,33466.41,33466.2512,-0.1588
6.9,059003.000142,0,10,33659.99,33660.2822,0.2922
6.9,059003.000143,0,1,34198.61,34198.5479,-0.0621
6.9,059003.000144,0,8,34520.27,34520.492,0.222
6.9,059003.000145,0,8,34825.49,34825.3203,-0.1697
6.9,059003.000146,0,9,35024.49,35024.2525,-0.2375
6.9,059003.000147,0,4,35137.82,35137.9795,0.1595
6.9,059003.000148,0,9,35291.0,35291.1272,0.1272
6.9,059003.000149,0,5,35384.17,35383.847,-0.323
6.9,059003.000150,0,10,35801.12,35800.8384,-0.2816
6.9,059003.000151,0,10,35828.46,35828.1729,-0.2871
6.9,059003.000152,0,7,35863.74,35863.803,0.063
6.9,059003.000153,0,11,36640.38,36640.2001,-0.1799
6.9,059003.000154,0,3,36642.13,36642.0787,-0.0513
6.9,059003.000155,0,7,36652.29,36652.6589,0.3689
6.9,059003.000156,0,9,36670.57,36670.5643,-0.0057
6.9,059003.000157,0,1,36683.21,36683.0547,-0.1553
6.9,059003.000158,0,10,37011.92,37011.9617,0.0417
6.9,059003.000159,0,6,37197.64,37197.6995,0.0595
6.9,059003.000160,0,7,37919.58,37918.5924,-0.9876
6.9,059003.000161,0,17,38448.38,38448.4837,0.1037
6.9,059003.000162,0,3,38549.9,38549.6622,-0.2378
6.9,059003.000163,0,5,38694.51,38694.3158,-0.1942
6.9,059003.000164,0,3,38701.59,38701.6988,0.1088
6.9,059003.000165,0,3,38726.5,38726.349,-0.151
6.9,059003.000166,0,8,38785.76,38786.5268,0.7668
6.9,059003.000167,0,7,39024.27,39024.5208,0.2508
6.9,059003.000168,0,5,39120.4,39120.5305,0.1305
6.9,059003.000170,0,3,39485.48,39486.0849,0.6049
6.9,059003.000171,0,13,39725.99,39726.01,0.02
6.9,059003.000172,0,6,39732.99,39732.6994,-0.2906
6.9,059003.000173,0,6,39870.17,39870.0793,-0.0907
6.9,059003.000175,0,7,40098.66,40098.1688,-0.4912
6.9,059003.000176,0,1,40205.74,40206.378,0.638
6.9,059003.000177,0,11,41023.98,41024.0744,0.0944
6.9,059003.000178,0,1,41026.87,41026.3569,-0.5131
6.9,059003.000179,0,12,44679.98,44679.845,-0.135
6.9,059003.000180,0,7,44903.42,44903.64,0.22
6.9,059003.000181,0,9,45805.95,45805.8354,-0.1146
6.9,059003.000182,0,9,45807.1,45806.8403,-0.2597
6.9,059003.000183,0,3,45844.65,45844.633,-0.017
6.9,059003.000184,0,4,46783.64,46783.8282,0.1882
6.9,059003.000185,0,6,48401.64,48401.5231,-0.1169
6.9,059003.000186,0,6,48745.48,48744.8184,-0.6616
6.9,059003.000187,0,5,50227.79,50227.8704,0.0804
6.9,059003.000188,0,3,50647.35,50647.2156,-0.1344
6.9,059003.000189,0,5,50658.72,50658.818,0.098
6.9,059003.000190,0,2,50869.3,50869.5077,0.2077
6.9,059003.000191,0,4,51312.8,51311.9407,-0.8593
6.9,059003.000192,0,3,52026.9,52026.7204,-0.1796
6.9,059003.000541,1,8,100214.99,100215.3719,0.3819
6.9,059003.000314,0,3,100321.12,100320.859,-0.261
6.9,059003.000315,0,7,100430.29,100430.6458,0.3558
6.9,059003.000316,0,3,100625.04,100625.6902,0.6502
6.9,059003.000317,0,5,100788.95,100788.7637,-0.1863
6.9,059003.000318,0,4,100947.18,100946.5778,-0.6022
6.9,059003.000319,0,2,101071.43,101072.5115,1.0815
6.9,059003.000320,0,2,101165.33,101165.3373,0.0073
6.9,059003.000321,0,2,101446.27,101446.1955,-0.0745
6.9,059003.000322,0,4,101665.58,101665.5401,-0.0399
6.9,059003.000323,0,4,101680.38,101680.3523,-0.0277
6.9,059003.000542,1,4,101778.0,101777.8389,-0.1611
6.9,059003.000324,0,3,102435.67,102435.7184,0.0484
6.9,059003.000325,0,5,102484.66,102484.6227,-0.0373
6.9,059003.000326,0,7,102617.24,102617.1839,-0.0561
6.9,059003.000327,0,6,102830.43,102829.7359,-0.6941
6.9,059003.000328,0,3,102981.94,102981.5264,-0.4136
6.9,059003.000329,0,4,103308.53,103308.6815,0.1515
6.9,059003.000330,0,5,103335.06,103334.3185,-0.7415
6.9,059003.000331,0,6,103344.35,103343.8825,-0.4675
6.9,059003.000332,0,1,103484.19,103484.2042,0.0142
6.9,059003.000333,0,1,103805.38,103805.2645,-0.1155
6.9,059003.000334,0,2,103895.83,103895.8918,0.0618
6.9,059003.000543,1,6,103973.35,103973.3048,-0.0452
6.9,059003.000335,0,3,104598.99,104598.9884,-0.0016
6.9,059003.000336,0,4,104788.68,104788.5252,-0.1548
6.9,059003.000337,0,4,104904.55,104904.4851,-0.0649
6.9,059003.000338,0,4,105019.06,105018.9691,-0.0909
6.9,059003.000339,0,0,105049.72,105049.72,0.0
6.9,059003.000544,1,2,105191.13,105191.1085,-0.0215
6.9,059003.000545,1,2,105338.51,105338.5114,0.0014
6.9,059003.000340,0,7,105450.18,105449.9802,-0.1998
6.9,059003.000546,1,1,105485.3,105485.3,0.0
6.9,059003.000547,1,7,105534.64,105534.5001,-0.1399
6.9,059003.000341,0,5,105566.62,105566.4628,-0.1572
6.9,059003.000342,0,1,105632.16,105632.1869,0.0269
6.9,059003.000548,1,6,106153.75,106153.8388,0.0888
6.9,059003.000549,1,8,106224.22,106224.1587,-0.0613
6.9,059003.000550,1,5,106306.51,106307.2461,0.7361
6.9,059003.000551,1,4,106384.65,106384.4208,-0.2292
6.9,059003.000552,1,2,106394.09,106393.5124,-0.5776
6.9,059003.000553,1,2,106468.42,106468.2598,-0.1602
6.9,059003.000343,0,4,106665.07,106663.9181,-1.1519
6.9,059003.000344,0,4,106745.65,106745.7163,0.0663
6.9,059003.000345,0,5,107081.94,107081.5904,-0.3496
6.9,059003.000554,1,6,107177.8,107177.6854,-0.1146
6.9,059003.000555,1,4,107223.2,107223.0982,-0.1018
6.9,059003.000556,1,3,107262.71,107262.7169,0.0069
6.9,059003.000346,0,7,107299.07,107298.9597,-0.1103
6.9,059003.000557,1,3,107403.91,107403.8971,-0.0129
6.9,059003.000558,1,2,107697.07,107697.0644,-0.0056
6.9,059003.000347,0,4,107854.46,107853.9998,-0.4602
6.9,059003.000559,1,5,107978.56,107978.4591,-0.1009
6.9,059003.000348,0,4,108559.4,108559.281,-0.119
6.9,059003.000560,1,6,108574.0,108574.0137,0.0137
6.9,059003.000561,1,1,111039.75,111039.7511,0.0011
6.9,059003.000562,1,2,111193.29,111193.1539,-0.1361
6.9,059003.000563,1,5,113854.23,113854.4294,0.1994
6.9,059003.000564,1,7,115439.45,115439.3083,-0.1417
6.9,059003.000565,1,6,119225.52,119225.5367,0.0167
6.9,059003.000566,1,5,121143.3,121143.1858,-0.1142
6.9,059003.000567,1,3,122932.6,122932.6082,0.0082
6.9,059003.000568,1,2,124594.4,124594.8208,0.4208
6.9,059003.000569,1,2,125145.1,125144.8868,-0.2132
6.9,059003.000570,1,2,126743.3,126742.8308,-0.4692
6.9,059003.000571,1,6,129009.15,129008.4074,-0.7426
6.9,059003.000419,0,5,129106.1,129106.0763,-0.0237
6.9,059003.000572,1,8,129454.45,129454.578,0.128
6.9,059003.000573,1,8,129744.09,129744.1268,0.0368
6.9,059003.000574,1,4,129934.5,129935.179,0.679
6.9,059003.000575,1,3,130218.64,130218.8194,0.1794
6.9,059003.000420,0,3,131200.3,131200.3802,0.0802
6.9,059003.000421,0,1,131226.3,131226.0975,-0.2025
6.9,059003.000576,1,2,131788.15,131788.2313,0.0813
6.9,059003.000577,1,0,131980.0,131980.0,0.0
6.9,059003.000426,0,2,133393.2,133392.7359,-0.4641
6.9,059003.000427,0,4,133503.9,133503.9244,0.0244
6.9,059003.000578,1,1,134394.16,134393.7171,-0.4429
6.9,059003.000579,1,5,134402.02,134402.5202,0.5002
6.9,059003.000580,1,8,134402.83,134402.6683,-0.1617
6.9,059003.000581,1,7,134405.44,134405.5655,0.1255
6.9,059003.000582,1,7,134425.98,134426.0828,0.1028
6.9,059003.000583,1,1,134428.63,134428.7095,0.0795
6.9,059003.000584,1,1,134433.41,134433.1858,-0.2242
6.9,059003.000585,1,3,134454.31,134454.0507,-0.2593
6.9,059003.000586,1,4,134454.76,134454.7303,-0.0297
6.9,059003.000587,1,1,134480.15,134479.8027,-0.3473
6.9,059003.000588,1,1,134480.72,134480.5847,-0.1353
6.9,059003.000589,1,4,134488.7,134489.2128,0.5128
6.9,059003.000590,1,3,134492.68,134492.3329,-0.3471
6.9,059003.000591,1,0,134496.12,134496.12,0.0
6.9,059003.000428,0,6,135445.2,135445.4812,0.2812
6.9,059003.000429,0,6,135868.8,135868.9965,0.1965
6.9,059003.000592,1,2,136554.97,136555.4621,0.4921
6.9,059003.000593,1,3,136555.45,136555.3098,-0.1402
6.9,059003.000594,1,5,136557.98,136558.1848,0.2048
6.9,059003.000595,1,1,136559.59,136558.8681,-0.7219
6.9,059003.000596,1,6,136570.81,136570.6317,-0.1783
6.9,059003.000597,1,7,136572.21,136571.9372,-0.2728
6.9,059003.000598,1,0,136589.34,136589.34,0.0
6.9,059003.000599,1,1,136589.44,136589.0745,-0.3655
6.9,059003.000600,1,8,136596.37,136596.4168,0.0468
6.9,059003.000601,1,4,136596.63,136596.7961,0.1661
6.9,059003.000602,1,4,136620.17,136619.9971,-0.1729
6.9,059003.000603,1,5,136641.8,136641.3062,-0.4938
6.9,059003.000604,1,2,136641.9,136641.8624,-0.0376
6.9,059003.000605,1,0,136649.4,136649.4,0.0
6.9,059003.000606,1,1,136650.9,136651.1183,0.2183
6.9,059003.000607,1,1,138783.5,138783.2828,-0.2172
6.9,059003.000608,1,1,138787.95,138788.4774,0.5274
6.9,059003.000609,1,2,138794.58,138793.8122,-0.7678
6.9,059003.000610,1,1,138796.56,138796.5803,0.0203
6.9,059003.000611,1,2,138799.39,138799.3848,-0.0052
6.9,059003.000612,1,2,138799.91,138799.5889,-0.3211
6.9,059003.000613,1,5,138822.38,138821.7725,-0.6075
6.9,059003.000614,1,2,138822.4,138821.8764,-0.5236
6.9,059003.000615,1,0,138827.78,138827.78,0.0
6.9,059003.000616,1,1,138833.55,138833.8101,0.2601
6.9,059003.000617,1,5,138849.86,138850.0091,0.1491
6.9,059003.000618,1,2,138874.91,138874.5735,-0.3365
6.9,059003.000619,1,6,138883.81,138884.0671,0.2571
6.9,059003.000620,1,0,138888.98,138888.98,0.0
6.9,059003.000621,1,1,138895.87,138895.87,0.0
6.9,059003.000622,1,4,141328.85,141328.0845,-0.7655
8.3,059003.000001,0,2,0.0,0.0,0.0
8.3,059003.000031,0,1,1398.34,1397.5153,-0.8247
8.3,059003.000032,0,3,2893.14,2892.9028,-0.2372
8.3,059003.000033,0,0,4453.76,4453.76,0.0
8.3,059003.000034,0,1,9370.66,9370.6067,-0.0533
8.3,059003.000035,0,7,10032.92,10032.8896,-0.0304
8.3,059003.000036,0,6,10138.18,10137.8864,-0.2936
8.3,059003.000037,0,6,10859.06,10859.1141,0.0541
8.3,059003.000038,0,3,10950.24,10948.6043,-1.6357
8.3,059003.000039,0,4,11761.69,11761.7291,0.0391
8.3,059003.000040,0,7,12494.63,12494.5111,-0.1189
8.3,059003.000043,0,3,13887.6,13887.2392,-0.3608
8.3,059003.000044,0,4,14187.35,14187.9576,0.6076
8.3,059003.000048,0,3,15443.48,15443.9618,0.4818
8.3,059003.000051,0,5,15705.13,15705.2266,0.0966
8.3,059003.000052,0,6,16089.14,16088.9646,-0.1754
8.3,059003.000055,0,8,16763.98,16762.9395,-1.0405
8.3,059003.000056,0,2,17095.63,17096.7993,1.1693
8.3,059003.000058,0,4,17409.58,17409.4584,-0.1216
8.3,059003.000061,0,3,17642.06,17640.866,-1.194
8.3,059003.000065,0,0,18693.65,18693.65,0.0
8.3,059003.000068,0,1,19046.09,19046.6631,0.5731
8.3,059003.000077,0,2,20856.86,20858.6545,1.7945
8.3,059003.000090,0,1,23091.7,23091.3889,-0.3111
8.3,059003.000092,0,2,23245.99,23245.9423,-0.0477
8.3,059003.000094,0,1,23465.43,23465.0012,-0.4288
8.3,059003.000103,0,3,24357.98,24357.1095,-0.8705
8.3,059003.000107,0,1,24886.51,24886.5136,0.0036
8.3,059003.000109,0,2,25244.61,25244.9775,0.3675
8.3,059003.000110,0,4,25391.75,25391.5461,-0.2039
8.3,059003.000116,0,0,26447.88,26447.2965,-0.5835
8.3,059003.000117,0,0,26921.49,26921.49,0.0
8.3,059003.000118,0,2,26979.66,26979.8027,0.1427
8.3,059003.000122,0,0,27597.13,27597.13,0.0
8.3,059003.000124,0,3,28101.77,28102.6033,0.8333
8.3,059003.000430,0,1,30602.83,30603.041,0.211
8.3,059003.000136,0,3,31787.93,31787.7862,-0.1438
8.3,059003.000169,0,5,39225.6,39225.3116,-0.2884
8.3,059003.000174,0,3,39940.72,39941.2586,0.5386
8.3,059003.000193,0,6,53092.8,53092.8167,0.0167
8.3,059003.000194,0,7,58158.08,58158.1755,0.0955
8.3,059003.000195,0,6,58174.15,58174.2233,0.0733
8.3,059003.000196,0,6,60166.2,60166.3819,0.1819
8.3,059003.000197,0,7,60419.73,60419.7504,0.0204
8.3,059003.000198,0,7,60520.32,60520.275,-0.045
8.3,059003.000199,0,5,61357.04,61356.9513,-0.0887
8.3,059003.000200,0,12,61605.66,61605.5437,-0.1163
8.3,059003.000201,0,4,61717.98,61718.1264,0.1464
8.3,059003.000202,0,5,62062.63,62062.4818,-0.1482
8.3,059003.000203,0,10,62240.83,62240.7173,-0.1127
8.3,059003.000204,0,6,62535.62,62535.6777,0.0577
8.3,059003.000205,0,11,62558.67,62558.7371,0.0671
8.3,059003.000206,0,9,62678.7,62678.7161,0.0161
8.3,059003.000207,0,2,63221.28,63221.3547,0.0747
8.3,059003.000208,0,4,63232.14,63232.167,0.027
8.3,059003.000209,0,5,63576.27,63575.998,-0.272
8.3,059003.000210,0,6,63593.35,63593.1904,-0.1596
8.3,059003.000211,0,9,63768.66,63768.4559,-0.2041
8.3,059003.000212,0,7,63816.91,63816.9363,0.0263
8.3,059003.000213,0,1,64150.94,64150.6648,-0.2752
8.3,059003.000214,0,6,64215.45,64215.4644,0.0144
8.3,059003.000215,0,6,64235.61,64235.3282,-0.2818
8.3,059003.000216,0,2,64401.03,64400.9615,-0.0685
8.3,059003.000217,0,8,64817.53,64817.6509,0.1209
8.3,059003.000218,0,12,64857.15,64857.0131,-0.1369
8.3,059003.000219,0,21,64865.15,64865.2242,0.0742
8.3,059003.000220,0,12,64979.55,64979.4704,-0.0796
8.3,059003.000431,1,4,65073.26,65073.6106,0.3506
8.3,059003.000221,0,8,65295.9,65295.8833,-0.0167
8.3,059003.000432,1,4,65765.17,65765.1818,0.0118
8.3,059003.000222,0,4,65909.44,65909.4392,-0.0008
8.3,059003.000223,0,10,65922.42,65922.4815,0.0615
8.3,059003.000224,0,6,65935.25,65935.3872,0.1372
8.3,059003.000225,0,6,65967.15,65967.266,0.116
8.3,059003.000226,0,5,66148.4,66148.3939,-0.0061
8.3,059003.000227,0,4,66301.35,66301.305,-0.045
8.3,059003.000228,0,2,66324.84,66324.6611,-0.1789
8.3,059003.000229,0,7,66681.14,66681.3248,0.1848
8.3,059003.000230,0,0,66735.88,66735.88,0.0
8.3,059003.000231,0,4,66852.87,66852.5091,-0.3609
8.3,059003.000232,0,4,66867.09,66866.9527,-0.1373
8.3,059003.000233,0,4,66943.04,66942.917,-0.123
8.3,059003.000234,0,7,67049.18,67049.2316,0.0516
8.3,059003.000235,0,6,67240.35,67240.2368,-0.1132
8.3,059003.000236,0,6,67395.32,67395.5098,0.1898
8.3,059003.000237,0,7,67398.79,67398.8577,0.0677
8.3,059003.000238,0,6,67679.21,67679.2789,0.0689
8.3,059003.000239,0,5,67870.76,67870.6664,-0.0936
8.3,059003.000240,0,13,67965.47,67965.4844,0.0144
8.3,059003.000241,0,3,68238.12,68237.8629,-0.2571
8.3,059003.000242,0,4,68305.1,68305.5975,0.4975
8.3,059003.000433,1,4,68331.68,68331.9189,0.2389
8.3,059003.000243,0,7,68331.75,68331.9149,0.1649
8.3,059003.000244,0,8,68374.54,68374.4478,-0.0922
8.3,059003.000245,0,13,68492.43,68492.2832,-0.1468
8.3,059003.000246,0,7,68525.62,68525.4637,-0.1563
8.3,059003.000247,0,11,68544.19,68544.4466,0.2566
8.3,059003.000434,1,9,68556.35,68555.8836,-0.4664
8.3,059003.000435,1,6,68676.55,68676.5368,-0.0132
8.3,059003.000248,0,2,68801.67,68801.7174,0.0474
8.3,059003.000249,0,6,68978.55,68978.5839,0.0339
8.3,059003.000250,0,16,68987.07,68986.9512,-0.1188
8.3,059003.000251,0,9,69138.28,69138.4445,0.1645
8.3,059003.000252,0,5,69408.51,69408.4054,-0.1046
8.3,059003.000253,0,6,69431.0,69430.868,-0.132
8.3,059003.000254,0,4,69681.6,69681.5114,-0.0886
8.3,059003.000255,0,6,69686.26,69686.1736,-0.0864
8.3,059003.000256,0,6,69978.08,69978.2867,0.2067
8.3,059003.000257,0,6,70381.48,70380.7734,-0.7066
8.3,059003.000258,0,13,71021.1,71021.2734,0.1734
8.3,059003.000259,0,12,71385.6,71385.6541,0.0541
8.3,059003.000260,0,4,71501.0,71500.8337,-0.1663
8.3,059003.000261,0,3,71536.38,71536.4806,0.1006
8.3,059003.000262,0,5,71592.34,71591.9968,-0.3432
8.3,059003.000263,0,3,71736.45,71736.3363,-0.1137
8.3,059003.000264,0,11,71978.52,71978.6415,0.1215
8.3,059003.000265,0,2,71994.81,71994.7617,-0.0483
8.3,059003.000266,0,7,73029.9,73029.7391,-0.1609
8.3,059003.000267,0,3,73378.42,73378.2774,-0.1426
8.3,059003.000268,0,7,73606.17,73606.6951,0.5251
8.3,059003.000269,0,6,73609.1,73609.0129,-0.0871
8.3,059003.000270,0,1,74105.2,74105.1034,-0.0966
8.3,059003.000436,1,8,74619.63,74619.2138,-0.4162
8.3,059003.000271,0,3,74463.7,74463.9119,0.2119
8.3,059003.000437,1,2,74696.2,74696.1803,-0.0197
8.3,059003.000272,0,4,75294.0,75293.875,-0.125
8.3,059003.000273,0,3,75409.58,75409.3819,-0.1981
8.3,059003.000274,0,6,75560.75,75560.7134,-0.0366
8.3,059003.000275,0,5,75614.81,75614.7626,-0.0474
8.3,059003.000276,0,2,75640.0,75640.1664,0.1664
8.3,059003.000277,0,3,75762.23,75762.3012,0.0712
8.3,059003.000438,1,6,75982.8,75982.6836,-0.1164
8.3,059003.000439,1,3,76130.52,76130.217,-0.303
8.3,059003.000440,1,4,76411.04,76410.6604,-0.3796
8.3,059003.000441,1,6,76534.72,76534.7117,-0.0083
8.3,059003.000278,0,3,76892.4,76892.2542,-0.1458
8.3,059003.000442,1,5,76894.56,76894.6078,0.0478
8.3,059003.000279,0,4,77822.0,77822.0607,0.0607
8.3,059003.000280,0,2,78312.91,78313.0657,0.1557
8.3,059003.000281,0,9,78463.6,78463.1612,-0.4388
8.3,059003.000282,0,3,78694.57,78694.4992,-0.0708
8.3,059003.000283,0,3,78889.14,78889.2504,0.1104
8.3,059003.000284,0,2,79136.23,79136.1172,-0.1128
8.3,059003.000285,0,3,79366.65,79366.5256,-0.1244
8.3,059003.000443,1,1,79377.15,79377.0849,-0.0651
8.3,059003.000444,1,1,79378.38,79378.2852,-0.0948
8.3,059003.000286,0,6,79395.55,79395.6441,0.0941
8.3,059003.000287,0,2,79742.36,79742.524,0.164
8.3,059003.000288,0,4,80164.04,80164.0728,0.0328
8.3,059003.000289,0,5,80360.82,80361.0399,0.2199
8.3,059003.000290,0,3,80897.85,80898.8206,0.9706
8.3,059003.000291,0,1,80988.76,80988.6068,-0.1532
8.3,059003.000292,0,8,81404.52,81404.5884,0.0684
8.3,059003.000445,1,3,82082.7,82082.9055,0.2055
8.3,059003.000293,0,1,82492.4,82492.0115,-0.3885
8.3,059003.000294,0,4,83025.91,83026.5389,0.6289
8.3,059003.000295,0,4,83426.55,83426.3581,-0.1919
8.3,059003.000296,0,6,83607.32,83606.9384,-0.3816
8.3,059003.000297,0,3,83703.43,83703.2835,-0.1465
8.3,059003.000446,1,7,84150.65,84150.2346,-0.4154
8.3,059003.000447,1,4,84270.44,84270.4472,0.0072
8.3,059003.000298,0,3,84409.93,84411.8104,1.8804
8.3,059003.000299,0,5,84410.63,84410.4615,-0.1685
8.3,059003.000300,0,6,84430.98,84431.0466,0.0666
8.3,059003.000448,1,3,84690.2,84690.0576,-0.1424
8.3,059003.000449,1,0,84804.11,84804.11,0.0
8.3,059003.000301,0,1,84992.04,84991.318,-0.722
8.3,059003.000302,0,2,85306.1,85306.5283,0.4283
8.3,059003.000450,1,1,85981.65,85981.6468,-0.0032
8.3,059003.000451,1,2,86390.45,86390.2948,-0.1552
8.3,059003.000452,1,1,86455.75,86455.6825,-0.0675
8.3,059003.000453,1,2,86938.55,86938.0939,-0.4561
8.3,059003.000303,0,7,87511.6,87511.4883,-0.1117
8.3,059003.000454,1,3,87726.9,87726.7662,-0.1338
8.3,059003.000304,0,7,88210.1,88210.1748,0.0748
8.3,059003.000305,0,4,88948.6,88948.6081,0.0081
8.3,059003.000455,1,5,89969.42,89968.9303,-0.4897
8.3,059003.000306,0,3,90119.8,90119.9315,0.1315
8.3,059003.000307,0,3,90629.2,90628.7503,-0.4497
8.3,059003.000308,0,5,92441.7,92441.6693,-0.0307
8.3,059003.000309,0,8,92554.8,92555.1871,0.3871
8.3,059003.000310,0,3,93296.5,93296.5658,0.0658
8.3,059003.000311,0,2,93967.4,93967.2525,-0.1475
8.3,059003.000312,0,2,95147.9,95147.5093,-0.3907
8.3,059003.000313,0,3,96830.5,96830.2277,-0.2723
8.3,059003.000456,1,3,99681.9,99681.9962,0.0962
8.3,059003.000457,1,2,99938.5,99939.792,1.292
8.3,059003.000349,0,3,110295.2,110295.8167,0.6167
8.3,059003.000350,0,4,110333.55,110333.3424,-0.2076
8.3,059003.000351,0,4,110530.96,110529.8539,-1.1061
8.3,059003.000352,0,2,110880.92,110880.5802,-0.3398
8.3,059003.000353,0,5,110922.18,110921.1219,-1.0581
8.3,059003.000354,0,5,111109.95,111109.9613,0.0113
8.3,059003.000355,0,2,111268.6,111268.5724,-0.0276
8.3,059003.000356,0,2,111334.87,111334.1544,-0.7156
8.3,059003.000357,0,7,111342.43,111342.1748,-0.2552
8.3,059003.000358,0,4,111494.56,111495.6861,1.1261
8.3,059003.000458,1,4,111518.34,111519.1268,0.7868
8.3,059003.000459,1,5,111728.91,111728.8656,-0.0444
8.3,059003.000460,1,3,111772.91,111771.8514,-1.0586
8.3,059003.000461,1,1,111779.59,111779.4823,-0.1077
8.3,059003.000462,1,3,111902.78,111902.5744,-0.2056
8.3,059003.000359,0,4,111992.97,111992.9383,-0.0317
8.3,059003.000360,0,4,112643.09,112642.769,-0.321
8.3,059003.000361,0,4,112769.67,112769.6406,-0.0294
8.3,059003.000463,1,5,112837.43,112837.5329,0.1029
8.3,059003.000362,0,2,112896.3,112895.6734,-0.6266
8.3,059003.000363,0,2,113023.5,113023.7893,0.2893
8.3,059003.000464,1,3,113064.69,113065.1058,0.4158
8.3,059003.000364,0,7,113158.53,113158.719,0.189
8.3,059003.000465,1,1,113211.64,113210.9096,-0.7304
8.3,059003.000466,1,6,113225.66,113225.829,0.169
8.3,059003.000365,0,6,113291.67,113292.2639,0.5939
8.3,059003.000366,0,8,113556.8,113556.0572,-0.7428
8.3,059003.000367,0,4,113600.13,113600.2547,0.1247
8.3,059003.000368,0,6,113630.9,113631.5324,0.6324
8.3,059003.000369,0,5,113664.57,113664.8476,0.2776
8.3,059003.000370,0,7,113780.27,113779.9905,-0.2795
8.3,059003.000371,0,3,113825.5,113825.629,0.129
8.3,059003.000372,0,3,113833.9,113833.8316,-0.0684
8.3,059003.000467,1,4,113854.85,113855.5134,0.6634
8.3,059003.000468,1,2,113894.44,113894.3236,-0.1164
8.3,059003.000373,0,5,113914.16,113915.0534,0.8934
8.3,059003.000374,0,0,114725.6,114725.6,0.0
8.3,059003.000375,0,4,114797.12,114796.869,-0.251
8.3,059003.000376,0,0,114970.95,114970.95,0.0
8.3,059003.000469,1,5,115094.1,115094.4231,0.3231
8.3,059003.000470,1,3,115176.16,115176.774,0.614
8.3,059003.000471,1,4,115218.75,115219.1761,0.4261
8.3,059003.000377,0,6,115324.47,115324.4843,0.0143
8.3,059003.000378,0,7,115403.34,115403.5597,0.2197
8.3,059003.000379,0,3,115408.39,115407.3698,-1.0202
8.3,059003.000380,0,6,115420.8,115420.402,-0.398
8.3,059003.000472,1,3,115489.74,115489.7091,-0.0309
8.3,059003.000381,0,8,115499.67,115499.3462,-0.3238
8.3,059003.000382,0,7,115670.0,115669.8671,-0.1329
8.3,059003.000383,0,4,115672.26,115673.6671,1.4071
8.3,059003.000473,1,0,115712.03,115712.2464,0.2164
8.3,059003.000384,0,8,115800.17,115799.9084,-0.2616
8.3,059003.000474,1,7,115881.55,115882.025,0.475
8.3,059003.000385,0,5,115933.14,115932.6533,-0.4867
8.3,059003.000475,1,5,115990.73,115991.563,0.833
8.3,059003.000386,0,5,116021.78,116021.7272,-0.0528
8.3,059003.000476,1,7,116078.6,116078.1393,-0.4607
8.3,059003.000387,0,3,116238.71,116239.1263,0.4163
8.3,059003.000388,0,3,116309.14,116308.8287,-0.3113
8.3,059003.000389,0,7,116453.2,116454.3585,1.1585
8.3,059003.000390,0,0,116489.75,116489.75,0.0
8.3,059003.000391,0,4,116727.1,116728.4283,1.3283
8.3,059003.000477,1,6,116777.55,116775.8307,-1.7193
8.3,059003.000392,0,3,117044.6,117045.2522,0.6522
8.3,059003.000393,0,5,117248.2,117248.6299,0.4299
8.3,059003.000394,0,2,117323.1,117322.5227,-0.5773
8.3,059003.000478,1,1,117359.3,117359.6322,0.3322
8.3,059003.000479,1,1,117376.01,117376.049,0.039
8.3,059003.000480,1,6,117385.1,117384.6283,-0.4717
8.3,059003.000481,1,3,117397.8,117397.4225,-0.3775
8.3,059003.000482,1,8,117507.88,117507.8455,-0.0345
8.3,059003.000395,0,5,117540.5,117540.2033,-0.2967
8.3,059003.000396,0,6,117574.5,117574.2126,-0.2874
8.3,059003.000483,1,7,117592.2,117592.8222,0.6222
8.3,059003.000397,0,10,117647.2,117646.8549,-0.3451
8.3,059003.000398,0,7,117686.4,117686.2934,-0.1066
8.3,059003.000399,0,6,117775.3,117775.7959,0.4959
8.3,059003.000400,0,3,118063.0,118063.1837,0.1837
8.3,059003.000484,1,7,118069.2,118069.787,0.587
8.3,059003.000401,0,5,118081.1,118080.3927,-0.7073
8.3,059003.000402,0,5,118201.4,118201.5567,0.1567
8.3,059003.000485,1,0,118224.13,118223.672,-0.458
8.3,059003.000403,0,7,118271.6,118271.7219,0.1219
8.3,059003.000404,0,5,118318.6,118318.1641,-0.4359
8.3,059003.000405,0,4,118468.8,118468.7305,-0.0695
8.3,059003.000486,1,10,118588.65,118588.2843,-0.3657
8.3,059003.000406,0,2,118610.9,118610.9135,0.0135
8.3,059003.000487,1,6,118860.77,118859.9738,-0.7962
8.3,059003.000407,0,2,118879.3,118879.4106,0.1106
8.3,059003.000488,1,7,118885.4,118886.1251,0.7251
8.3,059003.000489,1,2,118987.0,118987.2314,0.2314
8.3,059003.000490,1,3,119019.05,119018.3663,-0.6837
8.3,059003.000491,1,1,119077.25,119076.6111,-0.6389
8.3,059003.000408,0,4,120498.7,120498.6104,-0.0896
8.3,059003.000492,1,6,120715.55,120714.8349,-0.7151
8.3,059003.000409,0,8,121095.2,121094.8926,-0.3074
8.3,059003.000410,0,3,121119.2,121118.9315,-0.2685
8.3,059003.000411,0,1,121382.6,121383.0767,0.4767
8.3,059003.000493,1,8,121411.77,121411.8077,0.0377
8.3,059003.000412,0,4,121431.2,121430.471,-0.729
8.3,059003.000413,0,4,121532.5,121532.7846,0.2846
8.3,059003.000494,1,3,121580.9,121580.1461,-0.7539
8.3,059003.000495,1,8,121582.6,121582.315,-0.285
8.3,059003.000496,1,6,122141.46,122141.1814,-0.2786
8.3,059003.000414,0,3,128214.2,128214.804,0.604
8.3,059003.000415,0,4,128352.8,128351.8797,-0.9203
8.3,059003.000416,0,4,128381.6,128380.695,-0.905
8.3,059003.000417,0,2,128453.2,128453.0485,-0.1515
8.3,059003.000497,1,5,128479.6,128479.4137,-0.1863
8.3,059003.000418,0,4,128568.6,128568.3198,-0.2802
8.3,059003.000498,1,3,128800.05,128799.6824,-0.3676
8.3,059003.000499,1,1,128912.95,128912.2241,-0.7259
8.3,059003.000500,1,8,132415.6,132416.9018,1.3018
8.3,059003.000501,1,3,132651.7,132650.9453,-0.7547
8.3,059003.000502,1,0,132783.0,132783.0,0.0
8.3,059003.000503,1,4,132958.22,132957.6295,-0.5905
8.3,059003.000504,1,2,133037.3,133037.35,0.05
8.3,059003.000505,1,5,133150.95,133150.6635,-0.2865
8.3,059003.000422,0,0,133194.3,133194.3,0.0
8.3,059003.000423,0,0,133242.3,133242.3,0.0
8.3,059003.000506,1,6,133306.9,133306.7033,-0.1967
8.3,059003.000424,0,2,133352.2,133351.1401,-1.0599
8.3,059003.000507,1,1,133370.49,133370.6131,0.1231
8.3,059003.000425,0,1,133373.0,133373.8886,0.8886
8.3,059003.000508,1,2,133511.58,133512.9116,1.3316
8.3,059003.000509,1,1,133566.52,133566.2742,-0.2458
8.3,059003.000510,1,3,133594.97,133594.5746,-0.3954
8.3,059003.000511,1,2,133650.5,133649.9474,-0.5526
8.3,059003.000512,1,3,134001.32,134001.4682,0.1482
8.3,059003.000513,1,6,134007.65,134007.8823,0.2323
8.3,059003.000514,1,4,134069.5,134067.4732,-2.0268
8.3,059003.000515,1,3,134163.18,134163.5802,0.4002
8.3,059003.000516,1,1,134163.33,134163.1777,-0.1523
8.3,059003.000517,1,1,134220.3,134220.4477,0.1477
8.3,059003.000518,1,2,134375.6,134376.5032,0.9032
8.3,059003.000519,1,5,134868.82,134870.5506,1.7306
8.3,059003.000520,1,3,134932.15,134932.111,-0.039
8.3,059003.000521,1,3,135896.6,135897.1463,0.5463
8.3,059003.000522,1,0,135927.0,135927.0,0.0
8.3,059003.000523,1,2,136034.02,136034.3008,0.2808
8.3,059003.000524,1,3,136111.0,136110.844,-0.156
8.3,059003.000525,1,5,136326.7,136326.6028,-0.0972
8.3,059003.000526,1,3,136435.34,136434.2637,-1.0763
8.3,059003.000527,1,0,136485.6,136485.5265,-0.0735
8.3,059003.000528,1,3,136606.4,136605.14,-1.26
8.3,059003.000529,1,6,136643.4,136643.5635,0.1635
8.3,059003.000530,1,0,137960.61,137960.61,0.0
8.3,059003.000531,1,0,138034.95,138034.95,0.0
8.3,059003.000532,1,0,138077.8,138077.8,0.0
8.3,059003.000533,1,2,138342.75,138342.8482,0.0982
8.3,059003.000534,1,1,138410.5,138409.7002,-0.7998
8.3,059003.000535,1,5,138445.3,138445.6204,0.3204
8.3,059003.000536,1,1,138839.85,138840.0903,0.2403
8.3,059003.000537,1,3,138900.4,138900.5861,0.1861
8.3,059003.000538,1,0,139081.4,139081.4,0.0
8.3,059003.000041,0,8,12846.66,12846.5528,-0.1072
8.3,059003.000042,0,3,13352.1,13351.7869,-0.3131
8.3,059003.000045,0,16,14558.82,14558.8586,0.0386
8.3,059003.000046,0,11,14859.96,14859.5455,-0.4145
8.3,059003.000047,0,8,15045.8,15045.9394,0.1394
8.3,059003.000049,0,7,15454.16,15453.3676,-0.7924
8.3,059003.000050,0,5,15525.5,15525.5527,0.0527
8.3,059003.000053,0,10,16135.97,16135.5951,-0.3749
8.3,059003.000054,0,12,16516.15,16516.272,0.122
8.3,059003.000057,0,5,17113.19,17113.3678,0.1778
8.3,059003.000059,0,2,17534.76,17535.074,0.314
8.3,059003.000060,0,16,17627.0,17626.7733,-0.2267
8.3,059003.000062,0,16,18063.36,18063.3233,-0.0367
8.3,059003.000063,0,12,18211.76,18211.6822,-0.0778
8.3,059003.000064,0,12,18241.54,18241.0948,-0.4452
8.3,059003.000066,0,7,18921.24,18921.7339,0.4939
8.3,059003.000067,0,14,18990.08,18989.9805,-0.0995
8.3,059003.000069,0,4,19308.93,19308.88,-0.05
8.3,059003.000070,0,13,19360.1,19360.1509,0.0509
8.3,059003.000071,0,1,19649.67,19649.7039,0.0339
8.3,059003.000072,0,9,19700.9,19700.8903,-0.0097
8.3,059003.000073,0,16,19872.43,19872.3826,-0.0474
8.3,059003.000539,1,0,20096.73,20096.73,0.0
8.3,059003.000074,0,2,20160.36,20160.2242,-0.1358
8.3,059003.000075,0,12,20315.65,20315.5231,-0.1269
8.3,059003.000076,0,10,20848.39,20848.169,-0.221
8.3,059003.000078,0,4,21148.43,21148.9852,0.5552
8.3,059003.000079,0,8,21238.78,21238.8422,0.0622
8.3,059003.000080,0,14,21294.89,21294.7016,-0.1884
8.3,059003.000081,0,9,21418.84,21418.5297,-0.3103
8.3,059003.000082,0,14,21535.17,21535.2563,0.0863
8.3,059003.000540,1,2,21598.58,21599.1953,0.6153
8.3,059003.000083,0,9,21611.19,21610.8876,-0.3024
8.3,059003.000084,0,17,21755.84,21755.5198,-0.3202
8.3,059003.000085,0,17,22080.94,22081.0541,0.1141
8.3,059003.000086,0,9,22277.66,22277.6794,0.0194
8.3,059003.000087,0,9,22527.7,22527.1771,-0.5229
8.3,059003.000088,0,6,22747.69,22747.5283,-0.1617
8.3,059003.000089,0,4,23050.61,23050.6485,0.0385
8.3,059003.000091,0,11,23175.09,23176.1311,1.0411
8.3,059003.000093,0,17,23442.25,23441.9831,-0.2669
8.3,059003.000095,0,13,23532.86,23532.875,0.015
8.3,059003.000096,0,10,23647.77,23647.4554,-0.3146
8.3,059003.000097,0,5,23651.88,23651.5421,-0.3379
8.3,059003.000098,0,9,23751.57,23751.5235,-0.0465
8.3,059003.000099,0,9,23844.58,23844.495,-0.085
8.3,059003.000100,0,5,23955.37,23955.415,0.045
8.3,059003.000101,0,8,24250.62,24250.6654,0.0454
8.3,059003.000102,0,7,24309.2,24310.1452,0.9452
8.3,059003.000104,0,14,24461.24,24461.1799,-0.0601
8.3,059003.000105,0,8,24470.9,24470.739,-0.161
8.3,059003.000106,0,17,24788.02,24787.9643,-0.0557
8.3,059003.000108,0,9,25033.91,25033.6761,-0.2339
8.3,059003.000111,0,14,25409.74,25409.8593,0.1193
8.3,059003.000112,0,9,25934.98,25935.0545,0.0745
8.3,059003.000113,0,3,25979.34,25979.8586,0.5186
8.3,059003.000114,0,13,26095.23,26095.2505,0.0205
8.3,059003.000115,0,15,26446.97,26446.8951,-0.0749
8.3,059003.000119,0,12,27138.55,27138.4664,-0.0836
8.3,059003.000120,0,8,27380.31,27380.2589,-0.0511
8.3,059003.000121,0,10,27452.45,27452.5142,0.0642
8.3,059003.000123,0,19,27604.26,27604.0288,-0.2312
8.3,059003.000125,0,8,28399.43,28399.4129,-0.0171
8.3,059003.000126,0,6,28720.71,28720.5425,-0.1675
8.3,059003.000127,0,8,28885.14,28885.0522,-0.0878
8.3,059003.000128,0,7,28936.46,28936.5845,0.1245
8.3,059003.000129,0,4,29263.08,29262.9684,-0.1116
8.3,059003.000130,0,9,29267.86,29267.7761,-0.0839
8.3,059003.000131,0,4,29835.09,29834.9706,-0.1194
8.3,059003.000132,0,3,30505.72,30506.1939,0.4739
8.3,059003.000133,0,8,30733.53,30733.6479,0.1179
8.3,059003.000134,0,11,30994.55,30994.5044,-0.0456
8.3,059003.000135,0,12,31254.71,31254.8764,0.1664
8.3,059003.000137,0,1,31803.7,31804.0544,0.3544
8.3,059003.000138,0,10,32288.92,32288.9007,-0.0193
8.3,059003.000139,0,8,32760.11,32760.167,0.057
8.3,059003.000140,0,4,33338.37,33338.581,0.211
8.3,059003.000141,0,3,33466.41,33466.3193,-0.0907
8.3,059003.000142,0,9,33659.99,33659.7721,-0.2179
8.3,059003.000143,0,5,34198.61,34199.0014,0.3914
8.3,059003.000144,0,10,34520.27,34520.3697,0.0997
8.3,059003.000145,0,9,34825.49,34825.456,-0.034
8.3,059003.000146,0,4,35024.49,35024.0578,-0.4322
8.3,059003.000147,0,5,35137.82,35137.919,0.099
8.3,059003.000148,0,11,35291.0,35291.1639,0.1639
8.3,059003.000149,0,8,35384.17,35384.3668,0.1968
8.3,059003.000150,0,12,35801.12,35801.2977,0.1777
8.3,059003.000151,0,10,35828.46,35828.4783,0.0183
8.3,059003.000152,0,5,35863.74,35863.7847,0.0447
8.3,059003.000153,0,8,36640.38,36640.5466,0.1666
8.3,059003.000154,0,8,36642.13,36641.8887,-0.2413
8.3,059003.000155,0,7,36652.29,36652.1004,-0.1896
8.3,059003.000156,0,5,36670.57,36670.3583,-0.2117
8.3,059003.000157,0,5,36683.21,36683.3615,0.1515
8.3,059003.000158,0,10,37011.92,37011.8389,-0.0811
8.3,059003.000159,0,7,37197.64,37195.5177,-2.1223
8.3,059003.000160,0,8,37919.58,37919.5675,-0.0125
8.3,059003.000161,0,10,38448.38,38448.2011,-0.1789
8.3,059003.000162,0,0,38549.9,38549.9,0.0
8.3,059003.000163,0,8,38694.51,38694.4577,-0.0523
8.3,059003.000164,0,9,38701.59,38701.3327,-0.2573
8.3,059003.000165,0,10,38726.5,38727.1511,0.6511
8.3,059003.000166,0,6,38785.76,38785.3655,-0.3945
8.3,059003.000167,0,5,39024.27,39024.3575,0.0875
8.3,059003.000168,0,2,39120.4,39120.8385,0.4385
8.3,059003.000170,0,1,39485.48,39485.6901,0.2101
8.3,059003.000171,0,7,39725.99,39724.7604,-1.2296
8.3,059003.000172,0,8,39732.99,39732.8196,-0.1704
8.3,059003.000173,0,15,39870.17,39870.0989,-0.0711
8.3,059003.000175,0,7,40098.66,40098.7217,0.0617
8.3,059003.000176,0,1,40205.74,40205.7289,-0.0111
8.3,059003.000177,0,10,41023.98,41024.0461,0.0661
8.3,059003.000178,0,0,41026.87,41026.87,0.0
8.3,059003.000179,0,7,44679.98,44680.4387,0.4587
8.3,059003.000180,0,8,44903.42,44903.4062,-0.0138
8.3,059003.000181,0,12,45805.95,45805.7046,-0.2454
8.3,059003.000182,0,7,45807.1,45807.0193,-0.0807
8.3,059003.000183,0,3,45844.65,45844.3776,-0.2724
8.3,059003.000184,0,9,46783.64,46783.5519,-0.0881
8.3,059003.000185,0,4,48401.64,48402.6682,1.0282
8.3,059003.000186,0,3,48745.48,48745.1532,-0.3268
8.3,059003.000187,0,2,50227.79,50228.5,0.71
8.3,059003.000188,0,3,50647.35,50648.1396,0.7896
8.3,059003.000189,0,7,50658.72,50658.7474,0.0274
8.3,059003.000190,0,2,50869.3,50868.8238,-0.4762
8.3,059003.000191,0,4,51312.8,51312.3438,-0.4562
8.3,059003.000192,0,3,52026.9,52026.8634,-0.0366
8.3,059003.000541,1,5,100214.99,100215.0297,0.0397
8.3,059003.000314,0,5,100321.12,100321.114,-0.006
8.3,059003.000315,0,1,100430.29,100430.3857,0.0957
8.3,059003.000316,0,1,100625.04,100624.8652,-0.1748
8.3,059003.000317,0,5,100788.95,100788.8656,-0.0844
8.3,059003.000318,0,4,100947.18,100947.246,0.066
8.3,059003.000319,0,2,101071.43,101071.3618,-0.0682
8.3,059003.000320,0,3,101165.33,101165.3239,-0.0061
8.3,059003.000321,0,6,101446.27,101446.3205,0.0505
8.3,059003.000322,0,4,101665.58,101665.3922,-0.1878
8.3,059003.000323,0,4,101680.38,101679.7516,-0.6284
8.3,059003.000542,1,3,101778.0,101777.6117,-0.3883
8.3,059003.000324,0,6,102435.67,102435.7831,0.1131
8.3,059003.000325,0,7,102484.66,102484.8857,0.2257
8.3,059003.000326,0,6,102617.24,102617.1855,-0.0545
8.3,059003.000327,0,4,102830.43,102830.2657,-0.1643
8.3,059003.000328,0,5,102981.94,102981.7709,-0.1691
8.3,059003.000329,0,3,103308.53,103308.7573,0.2273
8.3,059003.000330,0,7,103335.06,103335.2527,0.1927
8.3,059003.000331,0,4,103344.35,103344.1937,-0.1563
8.3,059003.000332,0,0,103484.19,103484.19,0.0
8.3,059003.000333,0,2,103805.38,103805.4618,0.0818
8.3,059003.000334,0,4,103895.83,103895.2026,-0.6274
8.3,059003.000543,1,5,103973.35,103974.1145,0.7645
8.3,059003.000335,0,3,104598.99,104598.4377,-0.5523
8.3,059003.000336,0,5,104788.68,104788.8925,0.2125
8.3,059003.000337,0,4,104904.55,104903.4239,-1.1261
8.3,059003.000338,0,8,105019.06,105018.3848,-0.6752
8.3,059003.000339,0,1,105049.72,105049.7003,-0.0197
8.3,059003.000544,1,2,105191.13,105191.0236,-0.1064
8.3,059003.000545,1,4,105338.51,105338.0554,-0.4546
8.3,059003.000340,0,5,105450.18,105449.9272,-0.2528
8.3,059003.000546,1,0,105485.3,105485.3,0.0
8.3,059003.000547,1,3,105534.64,105534.7174,0.0774
8.3,059003.000341,0,2,105566.62,105566.6662,0.0462
8.3,059003.000342,0,2,105632.16,105632.1392,-0.0208
8.3,059003.000548,1,5,106153.75,106153.9562,0.2062
8.3,059003.000549,1,6,106224.22,106224.4052,0.1852
8.3,059003.000550,1,4,106306.51,106305.7671,-0.7429
8.3,059003.000551,1,2,106384.65,106383.762,-0.888
8.3,059003.000552,1,3,106394.09,106394.5356,0.4456
8.3,059003.000553,1,6,106468.42,106468.0377,-0.3823
8.3,059003.000343,0,2,106665.07,106665.1923,0.1223
8.3,059003.000344,0,5,106745.65,106745.2811,-0.3689
8.3,059003.000345,0,5,107081.94,107082.7948,0.8548
8.3,059003.000554,1,6,107177.8,107178.0096,0.2096
8.3,059003.000555,1,4,107223.2,107222.9881,-0.2119
8.3,059003.000556,1,3,107262.71,107263.7395,1.0295
8.3,059003.000346,0,4,107299.07,107299.1894,0.1194
8.3,059003.000557,1,4,107403.91,107403.876,-0.034
8.3,059003.000558,1,5,107697.07,107697.0501,-0.0199
8.3,059003.000347,0,5,107854.46,107853.9738,-0.4862
8.3,059003.000559,1,6,107978.56,107979.1076,0.5476
8.3,059003.000348,0,6,108559.4,108558.8354,-0.5646
8.3,059003.000560,1,3,108574.0,108573.0248,-0.9752
8.3,059003.000561,1,4,111039.75,111039.8807,0.1307
8.3,059003.000562,1,3,111193.29,111192.8115,-0.4785
8.3,059003.000563,1,8,113854.23,113854.3147,0.0847
8.3,059003.000564,1,5,115439.45,115439.5026,0.0526
8.3,059003.000565,1,8,119225.52,119225.8105,0.2905
8.3,059003.000566,1,3,121143.3,121143.463,0.163
8.3,059003.000567,1,1,122932.6,122932.4103,-0.1897
8.3,059003.000568,1,4,124594.4,124593.6449,-0.7551
8.3,059003.000569,1,1,125145.1,125144.4094,-0.6906
8.3,059003.000570,1,1,126743.3,126742.9254,-0.3746
8.3,059003.000571,1,7,129009.15,129009.1067,-0.0433
8.3,059003.000419,0,3,129106.1,129106.1099,0.0099
8.3,059003.000572,1,4,129454.45,129454.4317,-0.0183
8.3,059003.000573,1,6,129744.09,129744.4751,0.3851
8.3,059003.000574,1,3,129934.5,129934.4763,-0.0237
8.3,059003.000575,1,2,130218.64,130218.2032,-0.4368
8.3,059003.000420,0,0,131200.3,131200.3,0.0
8.3,059003.000421,0,5,131226.3,131226.4436,0.1436
8.3,059003.000576,1,2,131788.15,131788.2253,0.0753
8.3,059003.000577,1,2,131980.0,131979.9969,-0.0031
8.3,059003.000426,0,4,133393.2,133393.2835,0.0835
8.3,059003.000427,0,2,133503.9,133504.2137,0.3137
8.3,059003.000578,1,1,134394.16,134393.686,-0.474
8.3,059003.000579,1,5,134402.02,134403.1247,1.1047
8.3,059003.000580,1,5,134402.83,134403.0765,0.2465
8.3,059003.000581,1,10,134405.44,134404.8903,-0.5497
8.3,059003.000582,1,4,134425.98,134426.317,0.337
8.3,059003.000583,1,4,134428.63,134428.424,-0.206
8.3,059003.000584,1,1,134433.41,134432.6826,-0.7274
8.3,059003.000585,1,5,134454.31,134454.2012,-0.1088
8.3,059003.000586,1,7,134454.76,134454.2699,-0.4901
8.3,059003.000587,1,5,134480.15,134480.28,0.13
8.3,059003.000588,1,5,134480.72,134480.6778,-0.0422
8.3,059003.000589,1,5,134488.7,134488.4803,-0.2197
8.3,059003.000590,1,2,134492.68,134492.4808,-0.1992
8.3,059003.000591,1,0,134496.12,134496.12,0.0
8.3,059003.000428,0,7,135445.2,135445.2692,0.0692
8.3,059003.000429,0,6,135868.8,135868.8729,0.0729
8.3,059003.000592,1,2,136554.97,136553.0768,-1.8932
8.3,059003.000593,1,4,136555.45,136555.9678,0.5178
8.3,059003.000594,1,5,136557.98,136557.9915,0.0115
8.3,059003.000595,1,0,136559.59,136559.59,0.0
8.3,059003.000596,1,4,136570.81,136570.7153,-0.0947
8.3,059003.000597,1,5,136572.21,136572.2566,0.0466
8.3,059003.000598,1,0,136589.34,136589.34,0.0
8.3,059003.000599,1,0,136589.44,136589.44,0.0
8.3,059003.000600,1,3,136596.37,136596.3152,-0.0548
8.3,059003.000601,1,4,136596.63,136596.4575,-0.1725
8.3,059003.000602,1,5,136620.17,136620.32,0.15
8.3,059003.000603,1,3,136641.8,136641.6157,-0.1843
8.3,059003.000604,1,1,136641.9,136641.8655,-0.0345
8.3,059003.000605,1,0,136649.4,136649.4,0.0
8.3,059003.000606,1,2,136650.9,136651.0953,0.1953
8.3,059003.000607,1,1,138783.5,138783.5233,0.0233
8.3,059003.000608,1,3,138787.95,138787.8679,-0.0821
8.3,059003.000609,1,3,138794.58,138795.2199,0.6399
8.3,059003.000610,1,0,138796.56,138796.56,0.0
8.3,059003.000611,1,5,138799.39,138799.6081,0.2181
8.3,059003.000612,1,5,138799.91,138800.4124,0.5024
8.3,059003.000613,1,7,138822.38,138822.0422,-0.3378
8.3,059003.000614,1,7,138822.4,138822.0413,-0.3587
8.3,059003.000615,1,1,138827.78,138827.6522,-0.1278
8.3,059003.000616,1,0,138833.55,138833.55,0.0
8.3,059003.000617,1,4,138849.86,138849.871,0.011
8.3,059003.000618,1,4,138874.91,138874.5881,-0.3219
8.3,059003.000619,1,7,138883.81,138883.5061,-0.3039
8.3,059003.000620,1,0,138888.98,138888.98,0.0
8.3,059003.000621,1,0,138895.87,138895.87,0.0
8.3,059003.000622,1,2,141328.85,141330.1453,1.2953
9.7,059003.000001,0,4,0.0,0.0,0.0
9.7,059003.000031,0,2,1398.34,1398.5104,0.1704
9.7,059003.000032,0,2,2893.14,2893.4933,0.3533
9.7,059003.000033,0,2,4453.76,4454.2464,0.4864
9.7,059003.000034,0,4,9370.66,9371.0999,0.4399
9.7,059003.000035,0,3,10032.92,10032.827,-0.093
9.7,059003.000036,0,3,10138.18,10137.7518,-0.4282
9.7,059003.000037,0,5,10859.06,10858.5861,-0.4739
9.7,059003.000038,0,1,10950.24,10950.2087,-0.0313
9.7,059003.000039,0,6,11761.69,11762.2602,0.5702
9.7,059003.000040,0,7,12494.63,12494.7678,0.1378
9.7,059003.000043,0,8,13887.6,13887.6129,0.0129
9.7,059003.000044,0,4,14187.35,14187.343,-0.007
9.7,059003.000048,0,6,15443.48,15444.3359,0.8559
9.7,059003.000051,0,8,15705.13,15705.7775,0.6475
9.7,059003.000052,0,6,16089.14,16087.9154,-1.2246
9.7,059003.000055,0,4,16763.98,16763.9909,0.0109
9.7,059003.000056,0,1,17095.63,17095.5162,-0.1138
9.7,059003.000058,0,7,17409.58,17409.3021,-0.2779
9.7,059003.000061,0,6,17642.06,17642.9859,0.9259
9.7,059003.000065,0,0,18693.65,18693.65,0.0
9.7,059003.000068,0,2,19046.09,19046.0132,-0.0768
9.7,059003.000077,0,2,20856.86,20856.5293,-0.3307
9.7,059003.000090,0,2,23091.7,23091.1784,-0.5216
9.7,059003.000092,0,1,23245.99,23245.9219,-0.0681
9.7,059003.000094,0,1,23465.43,23465.4255,-0.0045
9.7,059003.000103,0,5,24357.98,24359.5342,1.5542
9.7,059003.000107,0,0,24886.51,24886.51,0.0
9.7,059003.000109,0,1,25244.61,25243.7038,-0.9062
9.7,059003.000110,0,4,25391.75,25390.909,-0.841
9.7,059003.000116,0,0,26447.88,26447.88,0.0
9.7,059003.000117,0,1,26921.49,26921.3556,-0.1344
9.7,059003.000118,0,6,26979.66,26979.8851,0.2251
9.7,059003.000122,0,0,27597.13,27597.13,0.0
9.7,059003.000124,0,2,28101.77,28101.1458,-0.6242
9.7,059003.000430,0,0,30602.83,30602.83,0.0
9.7,059003.000136,0,2,31787.93,31788.0498,0.1198
9.7,059003.000169,0,3,39225.6,39225.5928,-0.0072
9.7,059003.000174,0,3,39940.72,39940.8721,0.1521
9.7,059003.000193,0,4,53092.8,53093.1957,0.3957
9.7,059003.000194,0,5,58158.08,58158.1859,0.1059
9.7,059003.000195,0,5,58174.15,58174.3623,0.2123
9.7,059003.000196,0,5,60166.2,60166.3463,0.1463
9.7,059003.000197,0,4,60419.73,60419.68,-0.05
9.7,059003.000198,0,6,60520.32,60520.2739,-0.0461
9.7,059003.000199,0,3,61357.04,61356.788,-0.252
9.7,059003.000200,0,7,61605.66,61605.942,0.282
9.7,059003.000201,0,3,61717.98,61718.387,0.407
9.7,059003.000202,0,4,62062.63,62062.6654,0.0354
9.7,059003.000203,0,11,62240.83,62240.8812,0.0512
9.7,059003.000204,0,5,62535.62,62535.6396,0.0196
9.7,059003.000205,0,5,62558.67,62558.1927,-0.4773
9.7,059003.000206,0,5,62678.7,62678.6923,-0.0077
9.7,059003.000207,0,1,63221.28,63221.3066,0.0266
9.7,059003.000208,0,5,63232.14,63232.0927,-0.0473
9.7,059003.000209,0,6,63576.27,63576.0964,-0.1736
9.7,059003.000210,0,7,63593.35,63593.6201,0.2701
9.7,059003.000211,0,11,63768.66,63768.7668,0.1068
9.7,059003.000212,0,10,63816.91,63817.0836,0.1736
9.7,059003.000213,0,6,64150.94,64150.9316,-0.0084
9.7,059003.000214,0,4,64215.45,64215.387,-0.063
9.7,059003.000215,0,6,64235.61,64235.5797,-0.0303
9.7,059003.000216,0,9,64401.03,64401.0967,0.0667
9.7,059003.000217,0,8,64817.53,64817.5607,0.0307
9.7,059003.000218,0,8,64857.15,64857.1165,-0.0335
9.7,059003.000219,0,3,64865.15,64865.2201,0.0701
9.7,059003.000220,0,3,64979.55,64979.5917,0.0417
9.7,059003.000431,1,0,65073.26,65073.26,0.0
9.7,059003.000221,0,8,65295.9,65296.022,0.122
9.7,059003.000432,1,1,65765.17,65765.2478,0.0778
9.7,059003.000222,0,3,65909.44,65909.2954,-0.1446
9.7,059003.000223,0,3,65922.42,65922.6047,0.1847
9.7,059003.000224,0,3,65935.25,65935.2824,0.0324
9.7,059003.000225,0,3,65967.15,65967.4155,0.2655
9.7,059003.000226,0,6,66148.4,66148.4562,0.0562
9.7,059003.000227,0,0,66301.35,66301.35,0.0
9.7,059003.000228,0,2,66324.84,66325.3252,0.4852
9.7,059003.000229,0,7,66681.14,66681.1974,0.0574
9.7,059003.000230,0,9,66735.88,66735.1527,-0.7273
9.7,059003.000231,0,5,66852.87,66852.9098,0.0398
9.7,059003.000232,0,3,66867.09,66867.3839,0.2939
9.7,059003.000233,0,3,66943.04,66943.1026,0.0626
9.7,059003.000234,0,4,67049.18,67049.059,-0.121
9.7,059003.000235,0,4,67240.35,67240.3023,-0.0477
9.7,059003.000236,0,6,67395.32,67395.3158,-0.0042
9.7,059003.000237,0,3,67398.79,67399.2688,0.4788
9.7,059003.000238,0,8,67679.21,67679.2428,0.0328
9.7,059003.000239,0,6,67870.76,67871.3088,0.5488
9.7,059003.000240,0,4,67965.47,67965.6571,0.1871
9.7,059003.000241,0,8,68238.12,68238.374,0.254
9.7,059003.000242,0,1,68305.1,68305.0419,-0.0581
9.7,059003.000433,1,5,68331.68,68331.8503,0.1703
9.7,059003.000243,0,7,68331.75,68332.0433,0.2933
9.7,059003.000244,0,9,68374.54,68374.6002,0.0602
9.7,059003.000245,0,9,68492.43,68492.5894,0.1594
9.7,059003.000246,0,8,68525.62,68525.5996,-0.0204
9.7,059003.000247,0,10,68544.19,68544.4055,0.2155
9.7,059003.000434,1,3,68556.35,68556.7264,0.3764
9.7,059003.000435,1,8,68676.55,68676.2744,-0.2756
9.7,059003.000248,0,6,68801.67,68801.7299,0.0599
9.7,059003.000249,0,5,68978.55,68978.4582,-0.0918
9.7,059003.000250,0,8,68987.07,68987.143,0.073
9.7,059003.000251,0,9,69138.28,69138.3316,0.0516
9.7,059003.000252,0,9,69408.51,69408.8782,0.3682
9.7,059003.000253,0,10,69431.0,69430.9955,-0.0045
9.7,059003.000254,0,6,69681.6,69681.5839,-0.0161
9.7,059003.000255,0,7,69686.26,69686.1213,-0.1387
9.7,059003.000256,0,5,69978.08,69978.1684,0.0884
9.7,059003.000257,0,2,70381.48,70381.2534,-0.2266
9.7,059003.000258,0,6,71021.1,71021.0191,-0.0809
9.7,059003.000259,0,6,71385.6,71385.3573,-0.2427
9.7,059003.000260,0,6,71501.0,71500.8125,-0.1875
9.7,059003.000261,0,2,71536.38,71536.1234,-0.2566
9.7,059003.000262,0,6,71592.34,71592.6228,0.2828
9.7,059003.000263,0,7,71736.45,71736.4164,-0.0336
9.7,059003.000264,0,7,71978.52,71978.6195,0.0995
9.7,059003.000265,0,3,71994.81,71995.1125,0.3025
9.7,059003.000266,0,8,73029.9,73029.6816,-0.2184
9.7,059003.000267,0,2,73378.42,73378.3877,-0.0323
9.7,059003.000268,0,3,73606.17,73606.1143,-0.0557
9.7,059003.000269,0,8,73609.1,73609.2715,0.1715
9.7,059003.000270,0,7,74105.2,74105.2222,0.0222
9.7,059003.000436,1,5,74619.63,74619.7707,0.1407
9.7,059003.000271,0,4,74463.7,74463.7829,0.0829
9.7,059003.000437,1,4,74696.2,74696.1978,-0.0022
9.7,059003.000272,0,6,75294.0,75294.1321,0.1321
9.7,059003.000273,0,6,75409.58,75409.761,0.181
9.7,059003.000274,0,8,75560.75,75560.9911,0.2411
9.7,059003.000275,0,5,75614.81,75614.8221,0.0121
9.7,059003.000276,0,8,75640.0,75640.1033,0.1033
9.7,059003.000277,0,5,75762.23,75762.2825,0.0525
9.7,059003.000438,1,6,75982.8,75982.5525,-0.2475
9.7,059003.000439,1,2,76130.52,76130.8774,0.3574
9.7,059003.000440,1,1,76411.04,76411.044,0.004
9.7,059003.000441,1,3,76534.72,76533.8016,-0.9184
9.7,059003.000278,0,4,76892.4,76892.4466,0.0466
9.7,059003.000442,1,4,76894.56,76894.5745,0.0145
9.7,059003.000279,0,5,77822.0,77822.0119,0.0119
9.7,059003.000280,0,0,78312.91,78312.91,0.0
9.7,059003.000281,0,6,78463.6,78463.6157,0.0157
9.7,059003.000282,0,7,78694.57,78694.3589,-0.2111
9.7,059003.000283,0,4,78889.14,78889.0479,-0.0921
9.7,059003.000284,0,2,79136.23,79136.2377,0.0077
9.7,059003.000285,0,4,79366.65,79366.6859,0.0359
9.7,059003.000443,1,1,79377.15,79377.75,0.6
9.7,059003.000444,1,1,79378.38,79378.3004,-0.0796
9.7,059003.000286,0,3,79395.55,79394.8226,-0.7274
9.7,059003.000287,0,4,79742.36,79742.8223,0.4623
9.7,059003.000288,0,5,80164.04,80163.8127,-0.2273
9.7,059003.000289,0,2,80360.82,80360.7858,-0.0342
9.7,059003.000290,0,1,80897.85,80897.9042,0.0542
9.7,059003.000291,0,1,80988.76,80988.6403,-0.1197
9.7,059003.000292,0,7,81404.52,81404.1261,-0.3939
9.7,059003.000445,1,5,82082.7,82082.5718,-0.1282
9.7,059003.000293,0,4,82492.4,82492.7651,0.3651
9.7,059003.000294,0,4,83025.91,83026.0872,0.1772
9.7,059003.000295,0,8,83426.55,83426.6207,0.0707
9.7,059003.000296,0,4,83607.32,83607.2207,-0.0993
9.7,059003.000297,0,6,83703.43,83703.4524,0.0224
9.7,059003.000446,1,3,84150.65,84150.7794,0.1294
9.7,059003.000447,1,1,84270.44,84270.5964,0.1564
9.7,059003.000298,0,0,84409.93,84409.93,0.0
9.7,059003.000299,0,7,84410.63,84410.3999,-0.2301
9.7,059003.000300,0,5,84430.98,84430.637,-0.343
9.7,059003.000448,1,5,84690.2,84689.8528,-0.3472
9.7,059003.000449,1,1,84804.11,84804.0451,-0.0649
9.7,059003.000301,0,2,84992.04,84991.9385,-0.1015
9.7,059003.000302,0,2,85306.1,85305.5632,-0.5368
9.7,059003.000450,1,5,85981.65,85981.3263,-0.3237
9.7,059003.000451,1,6,86390.45,86390.784,0.334
9.7,059003.000452,1,6,86455.75,86455.385,-0.365
9.7,059003.000453,1,3,86938.55,86938.376,-0.174
9.7,059003.000303,0,1,87511.6,87511.499,-0.101
9.7,059003.000454,1,4,87726.9,87726.9615,0.0615
9.7,059003.000304,0,6,88210.1,88210.1074,0.0074
9.7,059003.000305,0,5,88948.6,88948.46,-0.14
9.7,059003.000455,1,4,89969.42,89969.7502,0.3302
9.7,059003.000306,0,3,90119.8,90120.0944,0.2944
9.7,059003.000307,0,3,90629.2,90629.2994,0.0994
9.7,059003.000308,0,4,92441.7,92442.096,0.396
9.7,059003.000309,0,7,92554.8,92554.6797,-0.1203
9.7,059003.000310,0,4,93296.5,93296.578,0.078
9.7,059003.000311,0,4,93967.4,93967.1262,-0.2738
9.7,059003.000312,0,8,95147.9,95146.8971,-1.0029
9.7,059003.000313,0,4,96830.5,96830.1037,-0.3963
9.7,059003.000456,1,2,99681.9,99682.0256,0.1256
9.7,059003.000457,1,5,99938.5,99938.8611,0.3611
9.7,059003.000349,0,7,110295.2,110295.5329,0.3329
9.7,059003.000350,0,6,110333.55,110333.4451,-0.1049
9.7,059003.000351,0,3,110530.96,110531.3839,0.4239
9.7,059003.000352,0,2,110880.92,110881.1226,0.2026
9.7,059003.000353,0,8,110922.18,110922.3569,0.1769
9.7,059003.000354,0,3,111109.95,111109.8555,-0.0945
9.7,059003.000355,0,4,111268.6,111268.4207,-0.1793
9.7,059003.000356,0,5,111334.87,111335.9145,1.0445
9.7,059003.000357,0,6,111342.43,111342.0347,-0.3953
9.7,059003.000358,0,7,111494.56,111494.4435,-0.1165
9.7,059003.000458,1,6,111518.34,111518.0057,-0.3343
9.7,059003.000459,1,3,111728.91,111728.282,-0.628
9.7,059003.000460,1,6,111772.91,111772.3734,-0.5366
9.7,059003.000461,1,1,111779.59,111780.4457,0.8557
9.7,059003.000462,1,6,111902.78,111902.1971,-0.5829
9.7,059003.000359,0,4,111992.97,111992.4091,-0.5609
9.7,059003.000360,0,5,112643.09,112643.1671,0.0771
9.7,059003.000361,0,5,112769.67,112769.2872,-0.3828
9.7,059003.000463,1,4,112837.43,112836.8791,-0.5509
9.7,059003.000362,0,0,112896.3,112896.3,0.0
9.7,059003.000363,0,2,113023.5,113023.2163,-0.2837
9.7,059003.000464,1,3,113064.69,113064.1415,-0.5485
9.7,059003.000364,0,7,113158.53,113159.1975,0.6675
9.7,059003.000465,1,1,113211.64,113211.8837,0.2437
9.7,059003.000466,1,5,113225.66,113226.476,0.816
9.7,059003.000365,0,6,113291.67,113291.8511,0.1811
9.7,059003.000366,0,6,113556.8,113556.8726,0.0726
9.7,059003.000367,0,3,113600.13,113599.6277,-0.5023
9.7,059003.000368,0,4,113630.9,113629.9465,-0.9535
9.7,059003.000369,0,4,113664.57,113665.1959,0.6259
9.7,059003.000370,0,9,113780.27,113781.21,0.94
9.7,059003.000371,0,2,113825.5,113826.5338,1.0338
9.7,059003.000372,0,2,113833.9,113834.3722,0.4722
9.7,059003.000467,1,2,113854.85,113855.0668,0.2168
9.7,059003.000468,1,4,113894.44,113894.1599,-0.2801
9.7,059003.000373,0,7,113914.16,113913.8838,-0.2762
9.7,059003.000374,0,0,114725.6,114725.6,0.0
9.7,059003.000375,0,6,114797.12,114797.7372,0.6172
9.7,059003.000376,0,0,114970.95,114970.95,0.0
9.7,059003.000469,1,3,115094.1,115093.1741,-0.9259
9.7,059003.000470,1,5,115176.16,115177.0568,0.8968
9.7,059003.000471,1,4,115218.75,115218.937,0.187
9.7,059003.000377,0,7,115324.47,115324.8253,0.3553
9.7,059003.000378,0,6,115403.34,115403.9688,0.6288
9.7,059003.000379,0,7,115408.39,115407.7125,-0.6775
9.7,059003.000380,0,8,115420.8,115420.4373,-0.3627
9.7,059003.000472,1,6,115489.74,115489.3332,-0.4068
9.7,059003.000381,0,8,115499.67,115499.8224,0.1524
9.7,059003.000382,0,6,115670.0,115669.5837,-0.4163
9.7,059003.000383,0,2,115672.26,115672.6034,0.3434
9.7,059003.000473,1,1,115712.03,115710.8949,-1.1351
9.7,059003.000384,0,9,115800.17,115801.1575,0.9875
9.7,059003.000474,1,3,115881.55,115880.7863,-0.7637
9.7,059003.000385,0,5,115933.14,115933.1071,-0.0329
9.7,059003.000475,1,3,115990.73,115991.7517,1.0217
9.7,059003.000386,0,9,116021.78,116021.3999,-0.3801
9.7,059003.000476,1,7,116078.6,116078.6894,0.0894
9.7,059003.000387,0,1,116238.71,116238.7294,0.0194
9.7,059003.000388,0,3,116309.14,116307.9594,-1.1806
9.7,059003.000389,0,8,116453.2,116452.9092,-0.2908
9.7,059003.000390,0,2,116489.75,116488.2157,-1.5343
9.7,059003.000391,0,4,116727.1,116727.4696,0.3696
9.7,059003.000477,1,9,116777.55,116777.3032,-0.2468
9.7,059003.000392,0,4,117044.6,117044.3842,-0.2158
9.7,059003.000393,0,3,117248.2,117248.4699,0.2699
9.7,059003.000394,0,2,117323.1,117323.9353,0.8353
9.7,059003.000478,1,2,117359.3,117358.6637,-0.6363
9.7,059003.000479,1,1,117376.01,117376.758,0.748
9.7,059003.000480,1,5,117385.1,117385.48,0.38
9.7,059003.000481,1,5,117397.8,117397.6691,-0.1309
9.7,059003.000482,1,8,117507.88,117508.4662,0.5862
9.7,059003.000395,0,5,117540.5,117540.3465,-0.1535
9.7,059003.000396,0,6,117574.5,117574.838,0.338
9.7,059003.000483,1,4,117592.2,117592.2015,0.0015
9.7,059003.000397,0,9,117647.2,117647.2795,0.0795
9.7,059003.000398,0,5,117686.4,117687.1777,0.7777
9.7,059003.000399,0,4,117775.3,117774.1173,-1.1827
9.7,059003.000400,0,2,118063.0,118064.0875,1.0875
9.7,059003.000484,1,6,118069.2,118069.1583,-0.0417
9.7,059003.000401,0,9,118081.1,118080.3572,-0.7428
9.7,059003.000402,0,5,118201.4,118201.894,0.494
9.7,059003.000485,1,4,118224.13,118222.6236,-1.5064
9.7,059003.000403,0,4,118271.6,118271.2735,-0.3265
9.7,059003.000404,0,3,118318.6,118318.7868,0.1868
9.7,059003.000405,0,6,118468.8,118468.5976,-0.2024
9.7,059003.000486,1,8,118588.65,118588.7909,0.1409
9.7,059003.000406,0,2,118610.9,118609.899,-1.001
9.7,059003.000487,1,6,118860.77,118860.5447,-0.2253
9.7,059003.000407,0,2,118879.3,118879.2443,-0.0557
9.7,059003.000488,1,3,118885.4,118884.3097,-1.0903
9.7,059003.000489,1,8,118987.0,118987.3316,0.3316
9.7,059003.000490,1,4,119019.05,119018.354,-0.696
9.7,059003.000491,1,1,119077.25,119077.5738,0.3238
9.7,059003.000408,0,1,120498.7,120497.9907,-0.7093
9.7,059003.000492,1,6,120715.55,120716.0312,0.4812
9.7,059003.000409,0,6,121095.2,121095.5591,0.3591
9.7,059003.000410,0,2,121119.2,121120.7187,1.5187
9.7,059003.000411,0,2,121382.6,121381.9997,-0.6003
9.7,059003.000493,1,8,121411.77,121411.8679,0.0979
9.7,059003.000412,0,4,121431.2,121431.6977,0.4977
9.7,059003.000413,0,5,121532.5,121531.5213,-0.9787
9.7,059003.000494,1,3,121580.9,121580.0817,-0.8183
9.7,059003.000495,1,6,121582.6,121583.5071,0.9071
9.7,059003.000496,1,7,122141.46,122141.4737,0.0137
9.7,059003.000414,0,3,128214.2,128214.4658,0.2658
9.7,059003.000415,0,6,128352.8,128353.4656,0.6656
9.7,059003.000416,0,3,128381.6,128382.1069,0.5069
9.7,059003.000417,0,5,128453.2,128452.0947,-1.1053
9.7,059003.000497,1,4,128479.6,128481.1949,1.5949
9.7,059003.000418,0,3,128568.6,128568.435,-0.165
9.7,059003.000498,1,5,128800.05,128800.4446,0.3946
9.7,059003.000499,1,0,128912.95,128913.5347,0.5847
9.7,059003.000500,1,3,132415.6,132416.1668,0.5668
9.7,059003.000501,1,4,132651.7,132651.5049,-0.1951
9.7,059003.000502,1,1,132783.0,132783.0211,0.0211
9.7,059003.000503,1,4,132958.22,132959.2148,0.9948
9.7,059003.000504,1,1,133037.3,133037.6536,0.3536
9.7,059003.000505,1,1,133150.95,133151.2069,0.2569
9.7,059003.000422,0,2,133194.3,133195.8729,1.5729
9.7,059003.000423,0,0,133242.3,133242.3,0.0
9.7,059003.000506,1,8,133306.9,133308.3872,1.4872
9.7,059003.000424,0,2,133352.2,133352.6899,0.4899
9.7,059003.000507,1,1,133370.49,133370.9667,0.4767
9.7,059003.000425,0,3,133373.0,133375.432,2.432
9.7,059003.000508,1,6,133511.58,133510.9429,-0.6371
9.7,059003.000509,1,4,133566.52,133566.2992,-0.2208
9.7,059003.000510,1,4,133594.97,133594.6939,-0.2761
9.7,059003.000511,1,3,133650.5,133651.1106,0.6106
9.7,059003.000512,1,0,134001.32,134001.32,0.0
9.7,059003.000513,1,5,134007.65,134006.2781,-1.3719
9.7,059003.000514,1,6,134069.5,134068.7545,-0.7455
9.7,059003.000515,1,3,134163.18,134160.5041,-2.6759
9.7,059003.000516,1,0,134163.33,134163.33,0.0
9.7,059003.000517,1,6,134220.3,134218.1381,-2.1619
9.7,059003.000518,1,0,134375.6,134375.6,0.0
9.7,059003.000519,1,2,134868.82,134868.8107,-0.0093
9.7,059003.000520,1,1,134932.15,134931.584,-0.566
9.7,059003.000521,1,6,135896.6,135897.1866,0.5866
9.7,059003.000522,1,1,135927.0,135927.1878,0.1878
9.7,059003.000523,1,3,136034.02,136033.7495,-0.2705
9.7,059003.000524,1,2,136111.0,136112.9406,1.9406
9.7,059003.000525,1,5,136326.7,136327.7236,1.0236
9.7,059003.000526,1,7,136435.34,136434.4792,-0.8608
9.7,059003.000527,1,2,136485.6,136483.4133,-2.1867
9.7,059003.000528,1,2,136606.4,136606.7625,0.3625
9.7,059003.000529,1,6,136643.4,136643.6493,0.2493
9.7,059003.000530,1,0,137960.61,137960.61,0.0
9.7,059003.000531,1,0,138034.95,138034.95,0.0
9.7,059003.000532,1,0,138077.8,138077.8,0.0
9.7,059003.000533,1,0,138342.75,138342.75,0.0
9.7,059003.000534,1,2,138410.5,138410.2389,-0.2611
9.7,059003.000535,1,4,138445.3,138446.508,1.208
9.7,059003.000536,1,2,138839.85,138839.9177,0.0677
9.7,059003.000537,1,3,138900.4,138902.147,1.747
9.7,059003.000538,1,0,139081.4,139081.4,0.0
9.7,059003.000041,0,3,12846.66,12846.6206,-0.0394
9.7,059003.000042,0,5,13352.1,13352.4413,0.3413
9.7,059003.000045,0,11,14558.82,14558.7253,-0.0947
9.7,059003.000046,0,6,14859.96,14860.1217,0.1617
9.7,059003.000047,0,7,15045.8,15044.8612,-0.9388
9.7,059003.000049,0,5,15454.16,15454.6673,0.5073
9.7,059003.000050,0,7,15525.5,15525.8579,0.3579
9.7,059003.000053,0,6,16135.97,16136.0489,0.0789
9.7,059003.000054,0,9,16516.15,16516.4739,0.3239
9.7,059003.000057,0,8,17113.19,17113.6272,0.4372
9.7,059003.000059,0,7,17534.76,17537.4136,2.6536
9.7,059003.000060,0,16,17627.0,17626.9169,-0.0831
9.7,059003.000062,0,13,18063.36,18063.6638,0.3038
9.7,059003.000063,0,14,18211.76,18211.6053,-0.1547
9.7,059003.000064,0,11,18241.54,18241.5291,-0.0109
9.7,059003.000066,0,7,18921.24,18921.0429,-0.1971
9.7,059003.000067,0,7,18990.08,18989.9739,-0.1061
9.7,059003.000069,0,11,19308.93,19308.9355,0.0055
9.7,059003.000070,0,12,19360.1,19360.5598,0.4598
9.7,059003.000071,0,1,19649.67,19650.1396,0.4696
9.7,059003.000072,0,12,19700.9,19701.2612,0.3612
9.7,059003.000073,0,13,19872.43,19872.1943,-0.2357
9.7,059003.000539,1,5,20096.73,20097.0024,0.2724
9.7,059003.000074,0,4,20160.36,20160.0611,-0.2989
9.7,059003.000075,0,13,20315.65,20315.6807,0.0307
9.7,059003.000076,0,9,20848.39,20848.0633,-0.3267
9.7,059003.000078,0,4,21148.43,21147.4265,-1.0035
9.7,059003.000079,0,7,21238.78,21238.7799,-0.0001
9.7,059003.000080,0,10,21294.89,21294.831,-0.059
9.7,059003.000081,0,14,21418.84,21418.8773,0.0373
9.7,059003.000082,0,10,21535.17,21534.9327,-0.2373
9.7,059003.000540,1,2,21598.58,21598.7171,0.1371
9.7,059003.000083,0,7,21611.19,21611.4822,0.2922
9.7,059003.000084,0,11,21755.84,21755.2125,-0.6275
9.7,059003.000085,0,12,22080.94,22080.9143,-0.0257
9.7,059003.000086,0,8,22277.66,22277.4851,-0.1749
9.7,059003.000087,0,11,22527.7,22528.0962,0.3962
9.7,059003.000088,0,10,22747.69,22747.8216,0.1316
9.7,059003.000089,0,7,23050.61,23050.6359,0.0259
9.7,059003.000091,0,7,23175.09,23175.2391,0.1491
9.7,059003.000093,0,9,23442.25,23441.577,-0.673
9.7,059003.000095,0,10,23532.86,23532.7351,-0.1249
9.7,059003.000096,0,5,23647.77,23647.8346,0.0646
9.7,059003.000097,0,13,23651.88,23652.384,0.504
9.7,059003.000098,0,12,23751.57,23751.7673,0.1973
9.7,059003.000099,0,10,23844.58,23844.3568,-0.2232
9.7,059003.000100,0,3,23955.37,23955.5541,0.1841
9.7,059003.000101,0,8,24250.62,24250.7747,0.1547
9.7,059003.000102,0,5,24309.2,24309.5046,0.3046
9.7,059003.000104,0,31,24461.24,24461.2736,0.0336
9.7,059003.000105,0,9,24470.9,24470.9831,0.0831
9.7,059003.000106,0,14,24788.02,24788.2147,0.1947
9.7,059003.000108,0,8,25033.91,25034.0966,0.1866
9.7,059003.000111,0,13,25409.74,25409.8995,0.1595
9.7,059003.000112,0,9,25934.98,25934.7771,-0.2029
9.7,059003.000113,0,5,25979.34,25979.8702,0.5302
9.7,059003.000114,0,10,26095.23,26095.1692,-0.0608
9.7,059003.000115,0,9,26446.97,26446.7112,-0.2588
9.7,059003.000119,0,9,27138.55,27138.5031,-0.0469
9.7,059003.000120,0,13,27380.31,27380.2943,-0.0157
9.7,059003.000121,0,12,27452.45,27452.6372,0.1872
9.7,059003.000123,0,10,27604.26,27604.2601,0.0001
9.7,059003.000125,0,5,28399.43,28399.4639,0.0339
9.7,059003.000126,0,11,28720.71,28720.6614,-0.0486
9.7,059003.000127,0,9,28885.14,28885.0848,-0.0552
9.7,059003.000128,0,5,28936.46,28936.1547,-0.3053
9.7,059003.000129,0,6,29263.08,29262.7319,-0.3481
9.7,059003.000130,0,6,29267.86,29267.6795,-0.1805
9.7,059003.000131,0,10,29835.09,29835.3424,0.2524
9.7,059003.000132,0,9,30505.72,30505.8355,0.1155
9.7,059003.000133,0,6,30733.53,30733.4509,-0.0791
9.7,059003.000134,0,4,30994.55,30994.3365,-0.2135
9.7,059003.000135,0,14,31254.71,31254.7281,0.0181
9.7,059003.000137,0,1,31803.7,31803.1702,-0.5298
9.7,059003.000138,0,7,32288.92,32288.4439,-0.4761
9.7,059003.000139,0,11,32760.11,32760.1478,0.0378
9.7,059003.000140,0,6,33338.37,33338.8538,0.4838
9.7,059003.000141,0,5,33466.41,33466.8798,0.4698
9.7,059003.000142,0,8,33659.99,33660.1938,0.2038
9.7,059003.000143,0,4,34198.61,34198.4373,-0.1727
9.7,059003.000144,0,11,34520.27,34520.3014,0.0314
9.7,059003.000145,0,11,34825.49,34825.0916,-0.3984
9.7,059003.000146,0,9,35024.49,35024.5073,0.0173
9.7,059003.000147,0,7,35137.82,35138.1478,0.3278
9.7,059003.000148,0,9,35291.0,35291.2411,0.2411
9.7,059003.000149,0,6,35384.17,35384.1126,-0.0574
9.7,059003.000150,0,10,35801.12,35800.7014,-0.4186
9.7,059003.000151,0,12,35828.46,35828.444,-0.016
9.7,059003.000152,0,3,35863.74,35863.6874,-0.0526
9.7,059003.000153,0,8,36640.38,36640.5649,0.1849
9.7,059003.000154,0,7,36642.13,36642.3127,0.1827
9.7,059003.000155,0,12,36652.29,36651.6761,-0.6139
9.7,059003.000156,0,7,36670.57,36670.807,0.237
9.7,059003.000157,0,2,36683.21,36683.3961,0.1861
9.7,059003.000158,0,7,37011.92,37011.8479,-0.0721
9.7,059003.000159,0,5,37197.64,37197.3422,-0.2978
9.7,059003.000160,0,10,37919.58,37919.7088,0.1288
9.7,059003.000161,0,16,38448.38,38448.3308,-0.0492
9.7,059003.000162,0,0,38549.9,38549.9,0.0
9.7,059003.000163,0,8,38694.51,38694.2892,-0.2208
9.7,059003.000164,0,9,38701.59,38701.4641,-0.1259
9.7,059003.000165,0,8,38726.5,38726.6269,0.1269
9.7,059003.000166,0,7,38785.76,38786.0254,0.2654
9.7,059003.000167,0,7,39024.27,39024.5207,0.2507
9.7,059003.000168,0,5,39120.4,39120.2354,-0.1646
9.7,059003.000170,0,1,39485.48,39485.5018,0.0218
9.7,059003.000171,0,7,39725.99,39725.7454,-0.2446
9.7,059003.000172,0,11,39732.99,39733.1582,0.1682
9.7,059003.000173,0,13,39870.17,39870.2829,0.1129
9.7,059003.000175,0,8,40098.66,40097.885,-0.775
9.7,059003.000176,0,6,40205.74,40206.4146,0.6746
9.7,059003.000177,0,11,41023.98,41023.8127,-0.1673
9.7,059003.000178,0,4,41026.87,41029.7807,2.9107
9.7,059003.000179,0,4,44679.98,44680.0737,0.0937
9.7,059003.000180,0,4,44903.42,44903.8397,0.4197
9.7,059003.000181,0,9,45805.95,45805.9193,-0.0307
9.7,059003.000182,0,7,45807.1,45807.3433,0.2433
9.7,059003.000183,0,8,45844.65,45844.4762,-0.1738
9.7,059003.000184,0,12,46783.64,46784.1008,0.4608
9.7,059003.000185,0,1,48401.64,48401.681,0.041
9.7,059003.000186,0,5,48745.48,48745.5438,0.0638
9.7,059003.000187,0,2,50227.79,50227.7971,0.0071
9.7,059003.000188,0,11,50647.35,50647.2911,-0.0589
9.7,059003.000189,0,1,50658.72,50658.7668,0.0468
9.7,059003.000190,0,4,50869.3,50869.9428,0.6428
9.7,059003.000191,0,6,51312.8,51312.7633,-0.0367
9.7,059003.000192,0,6,52026.9,52026.5457,-0.3543
9.7,059003.000541,1,6,100214.99,100215.1063,0.1163
9.7,059003.000314,0,6,100321.12,100321.1789,0.0589
9.7,059003.000315,0,4,100430.29,100429.9512,-0.3388
9.7,059003.000316,0,6,100625.04,100625.6639,0.6239
9.7,059003.000317,0,4,100788.95,100788.8281,-0.1219
9.7,059003.000318,0,2,100947.18,100947.1851,0.0051
9.7,059003.000319,0,2,101071.43,101071.2844,-0.1456
9.7,059003.000320,0,0,101165.33,101165.33,0.0
9.7,059003.000321,0,6,101446.27,101446.4519,0.1819
9.7,059003.000322,0,4,101665.58,101666.1031,0.5231
9.7,059003.000323,0,3,101680.38,101680.3043,-0.0757
9.7,059003.000542,1,3,101778.0,101778.3506,0.3506
9.7,059003.000324,0,4,102435.67,102433.926,-1.744
9.7,059003.000325,0,5,102484.66,102484.703,0.043
9.7,059003.000326,0,7,102617.24,102617.2467,0.0067
9.7,059003.000327,0,3,102830.43,102830.4712,0.0412
9.7,059003.000328,0,3,102981.94,102981.8771,-0.0629
9.7,059003.000329,0,2,103308.53,103309.6338,1.1038
9.7,059003.000330,0,3,103335.06,103335.0518,-0.0082
9.7,059003.000331,0,5,103344.35,103344.5635,0.2135
9.7,059003.000332,0,2,103484.19,103484.1229,-0.0671
9.7,059003.000333,0,2,103805.38,103806.2966,0.9166
9.7,059003.000334,0,5,103895.83,103895.8059,-0.0241
9.7,059003.000543,1,4,103973.35,103973.4606,0.1106
9.7,059003.000335,0,3,104598.99,104598.4144,-0.5756
9.7,059003.000336,0,3,104788.68,104787.8745,-0.8055
9.7,059003.000337,0,8,104904.55,104904.9151,0.3651
9.7,059003.000338,0,8,105019.06,105018.7825,-0.2775
9.7,059003.000339,0,0,105049.72,105049.72,0.0
9.7,059003.000544,1,7,105191.13,105190.9613,-0.1687
9.7,059003.000545,1,4,105338.51,105338.1307,-0.3793
9.7,059003.000340,0,3,105450.18,105450.0844,-0.0956
9.7,059003.000546,1,0,105485.3,105485.3,0.0
9.7,059003.000547,1,5,105534.64,105535.0334,0.3934
9.7,059003.000341,0,9,105566.62,105566.4688,-0.1512
9.7,059003.000342,0,3,105632.16,105632.2992,0.1392
9.7,059003.000548,1,6,106153.75,106154.5809,0.8309
9.7,059003.000549,1,3,106224.22,106224.1689,-0.0511
9.7,059003.000550,1,8,106306.51,106306.5002,-0.0098
9.7,059003.000551,1,4,106384.65,106384.6232,-0.0268
9.7,059003.000552,1,2,106394.09,106393.9074,-0.1826
9.7,059003.000553,1,2,106468.42,106467.6909,-0.7291
9.7,059003.000343,0,6,106665.07,106665.3849,0.3149
9.7,059003.000344,0,3,106745.65,106745.4123,-0.2377
9.7,059003.000345,0,5,107081.94,107081.9781,0.0381
9.7,059003.000554,1,2,107177.8,107178.1558,0.3558
9.7,059003.000555,1,4,107223.2,107222.8584,-0.3416
9.7,059003.000556,1,3,107262.71,107262.7847,0.0747
9.7,059003.000346,0,3,107299.07,107299.0437,-0.0263
9.7,059003.000557,1,3,107403.91,107403.7138,-0.1962
9.7,059003.000558,1,3,107697.07,107697.8926,0.8226
9.7,059003.000347,0,4,107854.46,107854.5646,0.1046
9.7,059003.000559,1,5,107978.56,107979.904,1.344
9.7,059003.000348,0,4,108559.4,108559.483,0.083
9.7,059003.000560,1,4,108574.0,108573.6861,-0.3139
9.7,059003.000561,1,3,111039.75,111039.6441,-0.1059
9.7,059003.000562,1,2,111193.29,111193.5973,0.3073
9.7,059003.000563,1,7,113854.23,113854.6173,0.3873
9.7,059003.000564,1,4,115439.45,115439.5415,0.0915
9.7,059003.000565,1,6,119225.52,119225.8666,0.3466
9.7,059003.000566,1,5,121143.3,121143.672,0.372
9.7,059003.000567,1,2,122932.6,122932.6007,0.0007
9.7,059003.000568,1,4,124594.4,124594.9705,0.5705
9.7,059003.000569,1,1,125145.1,125144.8993,-0.2007
9.7,059003.000570,1,2,126743.3,126743.1229,-0.1771
9.7,059003.000571,1,7,129009.15,129008.9681,-0.1819
9.7,059003.000419,0,5,129106.1,129107.2782,1.1782
9.7,059003.000572,1,2,129454.45,129455.2208,0.7708
9.7,059003.000573,1,5,129744.09,129744.0764,-0.0136
9.7,059003.000574,1,5,129934.5,129934.2232,-0.2768
9.7,059003.000575,1,1,130218.64,130218.9956,0.3556
9.7,059003.000420,0,3,131200.3,131199.5284,-0.7716
9.7,059003.000421,0,5,131226.3,131226.2271,-0.0729
9.7,059003.000576,1,4,131788.15,131788.5374,0.3874
9.7,059003.000577,1,2,131980.0,131980.8459,0.8459
9.7,059003.000426,0,1,133393.2,133391.7483,-1.4517
9.7,059003.000427,0,2,133503.9,133503.9339,0.0339
9.7,059003.000578,1,1,134394.16,134393.8893,-0.2707
9.7,059003.000579,1,4,134402.02,134402.0943,0.0743
9.7,059003.000580,1,6,134402.83,134401.9542,-0.8758
9.7,059003.000581,1,8,134405.44,134405.3997,-0.0403
9.7,059003.000582,1,4,134425.98,134426.0401,0.0601
9.7,059003.000583,1,4,134428.63,134429.2573,0.6273
9.7,059003.000584,1,1,134433.41,134431.5994,-1.8106
9.7,059003.000585,1,4,134454.31,134455.243,0.933
9.7,059003.000586,1,8,134454.76,134455.089,0.329
9.7,059003.000587,1,3,134480.15,134480.2092,0.0592
9.7,059003.000588,1,3,134480.72,134478.6606,-2.0594
9.7,059003.000589,1,4,134488.7,134488.0771,-0.6229
9.7,059003.000590,1,2,134492.68,134493.5756,0.8956
9.7,059003.000591,1,0,134496.12,134496.12,0.0
9.7,059003.000428,0,4,135445.2,135444.9815,-0.2185
9.7,059003.000429,0,4,135868.8,135868.9385,0.1385
9.7,059003.000592,1,2,136554.97,136556.6171,1.6471
9.7,059003.000593,1,2,136555.45,136555.8287,0.3787
9.7,059003.000594,1,2,136557.98,136558.1737,0.1937
9.7,059003.000595,1,1,136559.59,136559.7463,0.1563
9.7,059003.000596,1,5,136570.81,136570.7801,-0.0299
9.7,059003.000597,1,3,136572.21,136572.2022,-0.0078
9.7,059003.000598,1,0,136589.34,136589.34,0.0
9.7,059003.000599,1,2,136589.44,136589.9705,0.5305
9.7,059003.000600,1,7,136596.37,136596.5021,0.1321
9.7,059003.000601,1,7,136596.63,136596.5272,-0.1028
9.7,059003.000602,1,2,136620.17,136619.5487,-0.6213
9.7,059003.000603,1,4,136641.8,136641.0067,-0.7933
9.7,059003.000604,1,3,136641.9,136641.577,-0.323
9.7,059003.000605,1,0,136649.4,136649.4,0.0
9.7,059003.000606,1,0,136650.9,136650.9,0.0
9.7,059003.000607,1,1,138783.5,138782.4439,-1.0561
9.7,059003.000608,1,2,138787.95,138787.6487,-0.3013
9.7,059003.000609,1,2,138794.58,138794.6319,0.0519
9.7,059003.000610,1,2,138796.56,138796.737,0.177
9.7,059003.000611,1,1,138799.39,138800.4191,1.0291
9.7,059003.000612,1,2,138799.91,138799.7911,-0.1189
9.7,059003.000613,1,5,138822.38,138821.9305,-0.4495
9.7,059003.000614,1,4,138822.4,138822.6138,0.2138
9.7,059003.000615,1,0,138827.78,138827.78,0.0
9.7,059003.000616,1,0,138833.55,138833.55,0.0
9.7,059003.000617,1,5,138849.86,138849.5856,-0.2744
9.7,059003.000618,1,7,138874.91,138874.6098,-0.3002
9.7,059003.000619,1,4,138883.81,138883.3351,-0.4749
9.7,059003.000620,1,0,138888.98,138888.98,0.0
9.7,059003.000621,1,1,138895.87,138895.8844,0.0144
9.7,059003.000622,1,0,141328.85,141328.85,0.0
11.3,059003.000001,0,3,0.0,0.0,0.0
11.3,059003.000031,0,4,1398.34,1398.6938,0.3538
11.3,059003.000032,0,2,2893.14,2892.5769,-0.5631
11.3,059003.000033,0,0,4453.76,4453.8878,0.1278
11.3,059003.000034,0,0,9370.66,9370.66,0.0
11.3,059003.000035,0,7,10032.92,10032.8849,-0.0351
11.3,059003.000036,0,2,10138.18,10138.1993,0.0193
11.3,059003.000037,0,8,10859.06,10859.4937,0.4337
11.3,059003.000038,0,3,10950.24,10950.5838,0.3438
11.3,059003.000039,0,8,11761.69,11761.8597,0.1697
11.3,059003.000040,0,5,12494.63,12495.0766,0.4466
11.3,059003.000043,0,4,13887.6,13886.7092,-0.8908
11.3,059003.000044,0,2,14187.35,14187.3082,-0.0418
11.3,059003.000048,0,5,15443.48,15443.6321,0.1521
11.3,059003.000051,0,4,15705.13,15704.9948,-0.1352
11.3,059003.000052,0,2,16089.14,16090.3149,1.1749
11.3,059003.000055,0,6,16763.98,16765.3559,1.3759
11.3,059003.000056,0,0,17095.63,17095.63,0.0
11.3,059003.000058,0,5,17409.58,17405.0948,-4.4852
11.3,059003.000061,0,6,17642.06,17640.5656,-1.4944
11.3,059003.000065,0,0,18693.65,18693.65,0.0
11.3,059003.000068,0,2,19046.09,19046.2341,0.1441
11.3,059003.000077,0,0,20856.86,20856.86,0.0
11.3,059003.000090,0,1,23091.7,23091.8341,0.1341
11.3,059003.000092,0,1,23245.99,23245.9789,-0.0111
11.3,059003.000094,0,2,23465.43,23465.1325,-0.2975
11.3,059003.000103,0,5,24357.98,24357.8747,-0.1053
11.3,059003.000107,0,0,24886.51,24886.51,0.0
11.3,059003.000109,0,1,25244.61,25245.8367,1.2267
11.3,059003.000110,0,4,25391.75,25391.9982,0.2482
11.3,059003.000116,0,0,26447.88,26447.88,0.0
11.3,059003.000117,0,1,26921.49,26922.3055,0.8155
11.3,059003.000118,0,3,26979.66,26979.1646,-0.4954
11.3,059003.000122,0,3,27597.13,27598.5023,1.3723
11.3,059003.000124,0,3,28101.77,28101.8069,0.0369
11.3,059003.000430,0,1,30602.83,30603.4788,0.6488
11.3,059003.000136,0,5,31787.93,31787.901,-0.029
11.3,059003.000169,0,4,39225.6,39225.1586,-0.4414
11.3,059003.000174,0,5,39940.72,39940.7762,0.0562
11.3,059003.000193,0,7,53092.8,53092.8614,0.0614
11.3,059003.000194,0,8,58158.08,58158.276,0.196
11.3,059003.000195,0,7,58174.15,58174.1938,0.0438
11.3,059003.000196,0,9,60166.2,60165.8523,-0.3477
11.3,059003.000197,0,6,60419.73,60419.7738,0.0438
11.3,059003.000198,0,6,60520.32,60520.4282,0.1082
11.3,059003.000199,0,9,61357.04,61356.7983,-0.2417
11.3,059003.000200,0,3,61605.66,61605.7783,0.1183
11.3,059003.000201,0,3,61717.98,61717.921,-0.059
11.3,059003.000202,0,11,62062.63,62062.8332,0.2032
11.3,059003.000203,0,7,62240.83,62241.0028,0.1728
11.3,059003.000204,0,2,62535.62,62535.506,-0.114
11.3,059003.000205,0,11,62558.67,62558.6453,-0.0247
11.3,059003.000206,0,5,62678.7,62678.3844,-0.3156
11.3,059003.000207,0,7,63221.28,63220.9283,-0.3517
11.3,059003.000208,0,3,63232.14,63232.255,0.115
11.3,059003.000209,0,2,63576.27,63576.2874,0.0174
11.3,059003.000210,0,11,63593.35,63593.62,0.27
11.3,059003.000211,0,6,63768.66,63768.6602,0.0002
11.3,059003.000212,0,3,63816.91,63817.1833,0.2733
11.3,059003.000213,0,5,64150.94,64150.5231,-0.4169
11.3,059003.000214,0,2,64215.45,64215.3229,-0.1271
11.3,059003.000215,0,5,64235.61,64235.6653,0.0553
11.3,059003.000216,0,13,64401.03,64401.006,-0.024
11.3,059003.000217,0,4,64817.53,64817.6358,0.1058
11.3,059003.000218,0,4,64857.15,64857.2927,0.1427
11.3,059003.000219,0,6,64865.15,64865.3527,0.2027
11.3,059003.000220,0,5,64979.55,64979.6665,0.1165
11.3,059003.000431,1,3,65073.26,65073.0258,-0.2342
11.3,059003.000221,0,6,65295.9,65295.8911,-0.0089
11.3,059003.000432,1,2,65765.17,65765.2888,0.1188
11.3,059003.000222,0,8,65909.44,65908.7061,-0.7339
11.3,059003.000223,0,4,65922.42,65922.3412,-0.0788
11.3,059003.000224,0,9,65935.25,65935.5712,0.3212
11.3,059003.000225,0,2,65967.15,65966.8358,-0.3142
11.3,059003.000226,0,5,66148.4,66148.4952,0.0952
11.3,059003.000227,0,5,66301.35,66300.9794,-0.3706
11.3,059003.000228,0,0,66324.84,66324.84,0.0
11.3,059003.000229,0,7,66681.14,66681.6064,0.4664
11.3,059003.000230,0,5,66735.88,66736.3962,0.5162
11.3,059003.000231,0,8,66852.87,66852.7966,-0.0734
11.3,059003.000232,0,3,66867.09,66866.9917,-0.0983
11.3,059003.000233,0,6,66943.04,66943.0665,0.0265
11.3,059003.000234,0,7,67049.18,67049.3877,0.2077
11.3,059003.000235,0,8,67240.35,67240.4781,0.1281
11.3,059003.000236,0,8,67395.32,67395.2603,-0.0597
11.3,059003.000237,0,8,67398.79,67398.5632,-0.2268
11.3,059003.000238,0,4,67679.21,67679.0215,-0.1885
11.3,059003.000239,0,5,67870.76,67870.6144,-0.1456
11.3,059003.000240,0,9,67965.47,67965.7201,0.2501
11.3,059003.000241,0,7,68238.12,68238.0427,-0.0773
11.3,059003.000242,0,7,68305.1,68305.6958,0.5958
11.3,059003.000433,1,5,68331.68,68331.5885,-0.0915
11.3,059003.000243,0,7,68331.75,68331.8953,0.1453
11.3,059003.000244,0,4,68374.54,68374.6608,0.1208
11.3,059003.000245,0,9,68492.43,68492.2196,-0.2104
11.3,059003.000246,0,6,68525.62,68525.8059,0.1859
11.3,059003.000247,0,8,68544.19,68544.2152,0.0252
11.3,059003.000434,1,2,68556.35,68556.2303,-0.1197
11.3,059003.000435,1,4,68676.55,68676.4779,-0.0721
11.3,059003.000248,0,7,68801.67,68801.6495,-0.0205
11.3,059003.000249,0,10,68978.55,68978.3409,-0.2091
11.3,059003.000250,0,9,68987.07,68986.8826,-0.1874
11.3,059003.000251,0,7,69138.28,69138.1926,-0.0874
11.3,059003.000252,0,7,69408.51,69408.5619,0.0519
11.3,059003.000253,0,9,69431.0,69431.3147,0.3147
11.3,059003.000254,0,4,69681.6,69681.4452,-0.1548
11.3,059003.000255,0,6,69686.26,69686.4407,0.1807
11.3,059003.000256,0,3,69978.08,69978.1376,0.0576
11.3,059003.000257,0,6,70381.48,70381.0541,-0.4259
11.3,059003.000258,0,9,71021.1,71021.0659,-0.0341
11.3,059003.000259,0,3,71385.6,71385.2646,-0.3354
11.3,059003.000260,0,3,71501.0,71501.1784,0.1784
11.3,059003.000261,0,4,71536.38,71536.6141,0.2341
11.3,059003.000262,0,7,71592.34,71592.2879,-0.0521
11.3,059003.000263,0,7,71736.45,71736.3504,-0.0996
11.3,059003.000264,0,4,71978.52,71978.8893,0.3693
11.3,059003.000265,0,4,71994.81,71994.9077,0.0977
11.3,059003.000266,0,7,73029.9,73029.9495,0.0495
11.3,059003.000267,0,1,73378.42,73378.3581,-0.0619
11.3,059003.000268,0,5,73606.17,73606.4297,0.2597
11.3,059003.000269,0,5,73609.1,73609.0588,-0.0412
11.3,059003.000270,0,3,74105.2,74105.8268,0.6268
11.3,059003.000436,1,6,74619.63,74619.4725,-0.1575
11.3,059003.000271,0,4,74463.7,74463.6526,-0.0474
11.3,059003.000437,1,5,74696.2,74696.3877,0.1877
11.3,059003.000272,0,3,75294.0,75294.135,0.135
11.3,059003.000273,0,4,75409.58,75409.2995,-0.2805
11.3,059003.000274,0,5,75560.75,75560.7457,-0.0043
11.3,059003.000275,0,4,75614.81,75614.5584,-0.2516
11.3,059003.000276,0,2,75640.0,75640.1373,0.1373
11.3,059003.000277,0,5,75762.23,75762.8326,0.6026
11.3,059003.000438,1,3,75982.8,75982.5615,-0.2385
11.3,059003.000439,1,2,76130.52,76130.3394,-0.1806
11.3,059003.000440,1,4,76411.04,76410.9278,-0.1122
11.3,059003.000441,1,1,76534.72,76534.7931,0.0731
11.3,059003.000278,0,4,76892.4,76893.1994,0.7994
11.3,059003.000442,1,2,76894.56,76894.4828,-0.0772
11.3,059003.000279,0,8,77822.0,77822.1668,0.1668
11.3,059003.000280,0,2,78312.91,78312.9095,-0.0005
11.3,059003.000281,0,7,78463.6,78463.7165,0.1165
11.3,059003.000282,0,5,78694.57,78694.707,0.137
11.3,059003.000283,0,5,78889.14,78888.8822,-0.2578
11.3,059003.000284,0,3,79136.23,79136.3985,0.1685
11.3,059003.000285,0,5,79366.65,79366.7047,0.0547
11.3,059003.000443,1,0,79377.15,79377.15,0.0
11.3,059003.000444,1,1,79378.38,79378.7015,0.3215
11.3,059003.000286,0,4,79395.55,79395.3529,-0.1971
11.3,059003.000287,0,3,79742.36,79742.7347,0.3747
11.3,059003.000288,0,6,80164.04,80164.1597,0.1197
11.3,059003.000289,0,3,80360.82,80360.8339,0.0139
11.3,059003.000290,0,6,80897.85,80897.513,-0.337
11.3,059003.000291,0,3,80988.76,80988.9584,0.1984
11.3,059003.000292,0,3,81404.52,81404.4119,-0.1081
11.3,059003.000445,1,4,82082.7,82082.625,-0.075
11.3,059003.000293,0,3,82492.4,82491.6187,-0.7813
11.3,059003.000294,0,2,83025.91,83026.2332,0.3232
11.3,059003.000295,0,4,83426.55,83426.4899,-0.0601
11.3,059003.000296,0,6,83607.32,83607.3191,-0.0009
11.3,059003.000297,0,5,83703.43,83703.692,0.262
11.3,059003.000446,1,4,84150.65,84151.32,0.67
11.3,059003.000447,1,3,84270.44,84271.4631,1.0231
11.3,059003.000298,0,0,84409.93,84409.93,0.0
11.3,059003.000299,0,10,84410.63,84410.4016,-0.2284
11.3,059003.000300,0,2,84430.98,84430.5247,-0.4553
11.3,059003.000448,1,2,84690.2,84690.2964,0.0964
11.3,059003.000449,1,3,84804.11,84804.0252,-0.0848
11.3,059003.000301,0,3,84992.04,84992.9517,0.9117
11.3,059003.000302,0,3,85306.1,85306.0302,-0.0698
11.3,059003.000450,1,4,85981.65,85981.5469,-0.1031
11.3,059003.000451,1,5,86390.45,86390.3081,-0.1419
11.3,059003.000452,1,8,86455.75,86455.6711,-0.0789
11.3,059003.000453,1,2,86938.55,86937.4144,-1.1356
11.3,059003.000303,0,4,87511.6,87511.6594,0.0594
11.3,059003.000454,1,8,87726.9,87726.9446,0.0446
11.3,059003.000304,0,1,88210.1,88210.6281,0.5281
11.3,059003.000305,0,4,88948.6,88948.328,-0.272
11.3,059003.000455,1,5,89969.42,89969.0947,-0.3253
11.3,059003.000306,0,3,90119.8,90119.816,0.016
11.3,059003.000307,0,3,90629.2,90629.4119,0.2119
11.3,059003.000308,0,4,92441.7,92441.4287,-0.2713
11.3,059003.000309,0,6,92554.8,92554.9371,0.1371
11.3,059003.000310,0,5,93296.5,93296.3914,-0.1086
11.3,059003.000311,0,3,93967.4,93967.1828,-0.2172
11.3,059003.000312,0,6,95147.9,95148.24,0.34
11.3,059003.000313,0,3,96830.5,96830.9725,0.4725
11.3,059003.000456,1,4,99681.9,99681.7073,-0.1927
11.3,059003.000457,1,2,99938.5,99939.3741,0.8741
11.3,059003.000349,0,6,110295.2,110295.0923,-0.1077
11.3,059003.000350,0,5,110333.55,110333.5173,-0.0327
11.3,059003.000351,0,3,110530.96,110530.9325,-0.0275
11.3,059003.000352,0,5,110880.92,110881.2508,0.3308
11.3,059003.000353,0,4,110922.18,110921.2681,-0.9119
11.3,059003.000354,0,4,111109.95,111110.1562,0.2062
11.3,059003.000355,0,4,111268.6,111267.964,-0.636
11.3,059003.000356,0,3,111334.87,111334.0388,-0.8312
11.3,059003.000357,0,5,111342.43,111343.2491,0.8191
11.3,059003.000358,0,7,111494.56,111495.6157,1.0557
11.3,059003.000458,1,2,111518.34,111517.3422,-0.9978
11.3,059003.000459,1,5,111728.91,111729.1966,0.2866
11.3,059003.000460,1,4,111772.91,111773.5825,0.6725
11.3,059003.000461,1,1,111779.59,111780.2955,0.7055
11.3,059003.000462,1,6,111902.78,111902.7621,-0.0179
11.3,059003.000359,0,6,111992.97,111992.8618,-0.1082
11.3,059003.000360,0,8,112643.09,112644.133,1.043
11.3,059003.000361,0,7,112769.67,112769.3892,-0.2808
11.3,059003.000463,1,3,112837.43,112837.0799,-0.3501
11.3,059003.000362,0,0,112896.3,112896.3,0.0
11.3,059003.000363,0,1,113023.5,113023.9824,0.4824
11.3,059003.000464,1,4,113064.69,113065.2802,0.5902
11.3,059003.000364,0,4,113158.53,113158.895,0.365
11.3,059003.000465,1,4,113211.64,113210.5141,-1.1259
11.3,059003.000466,1,5,113225.66,113225.6726,0.0126
11.3,059003.000365,0,7,113291.67,113291.6439,-0.0261
11.3,059003.000366,0,6,113556.8,113556.4485,-0.3515
11.3,059003.000367,0,4,113600.13,113599.7431,-0.3869
11.3,059003.000368,0,4,113630.9,113631.2792,0.3792
11.3,059003.000369,0,5,113664.57,113666.8357,2.2657
11.3,059003.000370,0,6,113780.27,113779.8286,-0.4414
11.3,059003.000371,0,2,113825.5,113825.8697,0.3697
11.3,059003.000372,0,4,113833.9,113833.5706,-0.3294
11.3,059003.000467,1,6,113854.85,113854.7948,-0.0552
11.3,059003.000468,1,5,113894.44,113894.6453,0.2053
11.3,059003.000373,0,6,113914.16,113913.6555,-0.5045
11.3,059003.000374,0,1,114725.6,114724.9086,-0.6914
11.3,059003.000375,0,6,114797.12,114796.7202,-0.3998
11.3,059003.000376,0,0,114970.95,114970.95,0.0
11.3,059003.000469,1,3,115094.1,115094.0777,-0.0223
11.3,059003.000470,1,7,115176.16,115176.3841,0.2241
11.3,059003.000471,1,4,115218.75,115219.3877,0.6377
11.3,059003.000377,0,7,115324.47,115323.5678,-0.9022
11.3,059003.000378,0,4,115403.34,115403.6354,0.2954
11.3,059003.000379,0,6,115408.39,115408.8808,0.4908
11.3,059003.000380,0,6,115420.8,115420.5803,-0.2197
11.3,059003.000472,1,7,115489.74,115490.1055,0.3655
11.3,059003.000381,0,8,115499.67,115499.5636,-0.1064
11.3,059003.000382,0,2,115670.0,115669.316,-0.684
11.3,059003.000383,0,2,115672.26,115672.2198,-0.0402
11.3,059003.000473,1,1,115712.03,115711.9425,-0.0875
11.3,059003.000384,0,6,115800.17,115800.2616,0.0916
11.3,059003.000474,1,4,115881.55,115881.0608,-0.4892
11.3,059003.000385,0,6,115933.14,115933.6209,0.4809
11.3,059003.000475,1,5,115990.73,115990.6567,-0.0733
11.3,059003.000386,0,9,116021.78,116021.6983,-0.0817
11.3,059003.000476,1,7,116078.6,116079.0581,0.4581
11.3,059003.000387,0,2,116238.71,116238.5579,-0.1521
11.3,059003.000388,0,4,116309.14,116309.637,0.497
11.3,059003.000389,0,7,116453.2,116453.1516,-0.0484
11.3,059003.000390,0,1,116489.75,116489.6358,-0.1142
11.3,059003.000391,0,6,116727.1,116727.3735,0.2735
11.3,059003.000477,1,6,116777.55,116777.8262,0.2762
11.3,059003.000392,0,6,117044.6,117044.4024,-0.1976
11.3,059003.000393,0,4,117248.2,117248.2515,0.0515
11.3,059003.000394,0,3,117323.1,117323.61,0.51
11.3,059003.000478,1,5,117359.3,117359.168,-0.132
11.3,059003.000479,1,2,117376.01,117376.192,0.182
11.3,059003.000480,1,2,117385.1,117385.1168,0.0168
11.3,059003.000481,1,4,117397.8,117397.844,0.044
11.3,059003.000482,1,7,117507.88,117508.1155,0.2355
11.3,059003.000395,0,3,117540.5,117541.1568,0.6568
11.3,059003.000396,0,6,117574.5,117574.1192,-0.3808
11.3,059003.000483,1,8,117592.2,117591.5356,-0.6644
11.3,059003.000397,0,7,117647.2,117646.3352,-0.8648
11.3,059003.000398,0,3,117686.4,117685.6911,-0.7089
11.3,059003.000399,0,2,117775.3,117774.084,-1.216
11.3,059003.000400,0,1,118063.0,118062.4991,-0.5009
11.3,059003.000484,1,5,118069.2,118068.4998,-0.7002
11.3,059003.000401,0,7,118081.1,118081.9096,0.8096
11.3,059003.000402,0,4,118201.4,118201.4255,0.0255
11.3,059003.000485,1,5,118224.13,118224.3283,0.1983
11.3,059003.000403,0,6,118271.6,118270.6942,-0.9058
11.3,059003.000404,0,5,118318.6,118317.5786,-1.0214
11.3,059003.000405,0,7,118468.8,118468.4902,-0.3098
11.3,059003.000486,1,9,118588.65,118588.1993,-0.4507
11.3,059003.000406,0,2,118610.9,118611.5797,0.6797
11.3,059003.000487,1,8,118860.77,118861.5858,0.8158
11.3,059003.000407,0,2,118879.3,118879.337,0.037
11.3,059003.000488,1,2,118885.4,118885.7881,0.3881
11.3,059003.000489,1,8,118987.0,118986.8354,-0.1646
11.3,059003.000490,1,4,119019.05,119020.2495,1.1995
11.3,059003.000491,1,8,119077.25,119076.4657,-0.7843
11.3,059003.000408,0,4,120498.7,120498.7454,0.0454
11.3,059003.000492,1,5,120715.55,120715.4043,-0.1457
11.3,059003.000409,0,1,121095.2,121095.4416,0.2416
11.3,059003.000410,0,0,121119.2,121117.8861,-1.3139
11.3,059003.000411,0,3,121382.6,121383.7562,1.1562
11.3,059003.000493,1,10,121411.77,121412.4293,0.6593
11.3,059003.000412,0,4,121431.2,121431.0882,-0.1118
11.3,059003.000413,0,8,121532.5,121532.7029,0.2029
11.3,059003.000494,1,7,121580.9,121580.8485,-0.0515
11.3,059003.000495,1,4,121582.6,121582.1214,-0.4786
11.3,059003.000496,1,6,122141.46,122140.6644,-0.7956
11.3,059003.000414,0,2,128214.2,128213.9302,-0.2698
11.3,059003.000415,0,1,128352.8,128352.2239,-0.5761
11.3,059003.000416,0,5,128381.6,128381.3523,-0.2477
11.3,059003.000417,0,3,128453.2,128452.8013,-0.3987
11.3,059003.000497,1,0,128479.6,128479.6,0.0
11.3,059003.000418,0,3,128568.6,128570.0553,1.4553
11.3,059003.000498,1,3,128800.05,128799.7552,-0.2948
11.3,059003.000499,1,3,128912.95,128912.9451,-0.0049
11.3,059003.000500,1,3,132415.6,132415.3983,-0.2017
11.3,059003.000501,1,3,132651.7,132652.9191,1.2191
11.3,059003.000502,1,0,132783.0,132783.0,0.0
11.3,059003.000503,1,4,132958.22,132958.2315,0.0115
11.3,059003.000504,1,1,133037.3,133037.2566,-0.0434
11.3,059003.000505,1,0,133150.95,133150.95,0.0
11.3,059003.000422,0,0,133194.3,133194.3,0.0
11.3,059003.000423,0,0,133242.3,133242.3,0.0
11.3,059003.000506,1,5,133306.9,133306.5219,-0.3781
11.3,059003.000424,0,0,133352.2,133352.2,0.0
11.3,059003.000507,1,6,133370.49,133369.937,-0.553
11.3,059003.000425,0,2,133373.0,133374.2086,1.2086
11.3,059003.000508,1,5,133511.58,133511.1283,-0.4517
11.3,059003.000509,1,5,133566.52,133566.0797,-0.4403
11.3,059003.000510,1,3,133594.97,133595.2893,0.3193
11.3,059003.000511,1,1,133650.5,133651.4911,0.9911
11.3,059003.000512,1,5,134001.32,134000.8558,-0.4642
11.3,059003.000513,1,5,134007.65,134007.7988,0.1488
11.3,059003.000514,1,3,134069.5,134069.6862,0.1862
11.3,059003.000515,1,4,134163.18,134161.501,-1.679
11.3,059003.000516,1,3,134163.33,134162.1462,-1.1838
11.3,059003.000517,1,6,134220.3,134219.8323,-0.4677
11.3,059003.000518,1,1,134375.6,134375.4687,-0.1313
11.3,059003.000519,1,1,134868.82,134868.4899,-0.3301
11.3,059003.000520,1,2,134932.15,134931.0694,-1.0806
11.3,059003.000521,1,0,135896.6,135896.6,0.0
11.3,059003.000522,1,1,135927.0,135927.0739,0.0739
11.3,059003.000523,1,3,136034.02,136035.3779,1.3579
11.3,059003.000524,1,0,136111.0,136111.0,0.0
11.3,059003.000525,1,3,136326.7,136326.7113,0.0113
11.3,059003.000526,1,5,136435.34,136435.4792,0.1392
11.3,059003.000527,1,4,136485.6,136485.7353,0.1353
11.3,059003.000528,1,2,136606.4,136606.8284,0.4284
11.3,059003.000529,1,2,136643.4,136642.9719,-0.4281
11.3,059003.000530,1,0,137960.61,137960.61,0.0
11.3,059003.000531,1,6,138034.95,138034.4014,-0.5486
11.3,059003.000532,1,0,138077.8,138077.8,0.0
11.3,059003.000533,1,0,138342.75,138342.75,0.0
11.3,059003.000534,1,1,138410.5,138411.0359,0.5359
11.3,059003.000535,1,4,138445.3,138445.0853,-0.2147
11.3,059003.000536,1,0,138839.85,138839.85,0.0
11.3,059003.000537,1,0,138900.4,138900.4,0.0
11.3,059003.000538,1,0,139081.4,139081.4,0.0
11.3,059003.000041,0,4,12846.66,12845.8594,-0.8006
11.3,059003.000042,0,6,13352.1,13350.9772,-1.1228
11.3,059003.000045,0,12,14558.82,14558.7783,-0.0417
11.3,059003.000046,0,12,14859.96,14859.7718,-0.1882
11.3,059003.000047,0,6,15045.8,15045.7172,-0.0828
11.3,059003.000049,0,5,15454.16,15454.2702,0.1102
11.3,059003.000050,0,8,15525.5,15525.4779,-0.0221
11.3,059003.000053,0,6,16135.97,16135.7757,-0.1943
11.3,059003.000054,0,7,16516.15,16516.5706,0.4206
11.3,059003.000057,0,11,17113.19,17112.8833,-0.3067
11.3,059003.000059,0,7,17534.76,17535.2833,0.5233
11.3,059003.000060,0,14,17627.0,17627.2612,0.2612
11.3,059003.000062,0,4,18063.36,18063.1495,-0.2105
11.3,059003.000063,0,11,18211.76,18211.7498,-0.0102
11.3,059003.000064,0,14,18241.54,18241.4631,-0.0769
11.3,059003.000066,0,4,18921.24,18921.692,0.452
11.3,059003.000067,0,11,18990.08,18990.6951,0.6151
11.3,059003.000069,0,13,19308.93,19308.6799,-0.2501
11.3,059003.000070,0,5,19360.1,19360.2223,0.1223
11.3,059003.000071,0,4,19649.67,19650.1814,0.5114
11.3,059003.000072,0,19,19700.9,19700.6891,-0.2109
11.3,059003.000073,0,14,19872.43,19872.5065,0.0765
11.3,059003.000539,1,7,20096.73,20097.4675,0.7375
11.3,059003.000074,0,5,20160.36,20160.0478,-0.3122
11.3,059003.000075,0,14,20315.65,20315.7279,0.0779
11.3,059003.000076,0,8,20848.39,20848.3593,-0.0307
11.3,059003.000078,0,4,21148.43,21148.4795,0.0495
11.3,059003.000079,0,9,21238.78,21238.9449,0.1649
11.3,059003.000080,0,10,21294.89,21294.8628,-0.0272
11.3,059003.000081,0,7,21418.84,21418.4869,-0.3531
11.3,059003.000082,0,16,21535.17,21535.3691,0.1991
11.3,059003.000540,1,5,21598.58,21598.5768,-0.0032
11.3,059003.000083,0,12,21611.19,21611.4302,0.2402
11.3,059003.000084,0,11,21755.84,21755.5541,-0.2859
11.3,059003.000085,0,11,22080.94,22080.9901,0.0501
11.3,059003.000086,0,9,22277.66,22277.4873,-0.1727
11.3,059003.000087,0,11,22527.7,22527.6114,-0.0886
11.3,059003.000088,0,9,22747.69,22747.6699,-0.0201
11.3,059003.000089,0,6,23050.61,23051.403,0.793
11.3,059003.000091,0,9,23175.09,23175.5603,0.4703
11.3,059003.000093,0,10,23442.25,23442.1325,-0.1175
11.3,059003.000095,0,15,23532.86,23532.8456,-0.0144
11.3,059003.000096,0,8,23647.77,23648.2429,0.4729
11.3,059003.000097,0,14,23651.88,23652.1081,0.2281
11.3,059003.000098,0,9,23751.57,23751.4115,-0.1585
11.3,059003.000099,0,13,23844.58,23844.6129,0.0329
11.3,059003.000100,0,5,23955.37,23955.1478,-0.2222
11.3,059003.000101,0,7,24250.62,24250.4411,-0.1789
11.3,059003.000102,0,5,24309.2,24309.1203,-0.0797
11.3,059003.000104,0,15,24461.24,24461.0935,-0.1465
11.3,059003.000105,0,9,24470.9,24470.8321,-0.0679
11.3,059003.000106,0,11,24788.02,24787.9187,-0.1013
11.3,059003.000108,0,10,25033.91,25034.5764,0.6664
11.3,059003.000111,0,14,25409.74,25409.8969,0.1569
11.3,059003.000112,0,10,25934.98,25935.037,0.057
11.3,059003.000113,0,5,25979.34,25978.8873,-0.4527
11.3,059003.000114,0,7,26095.23,26094.8845,-0.3455
11.3,059003.000115,0,11,26446.97,26447.0047,0.0347
11.3,059003.000119,0,15,27138.55,27138.0715,-0.4785
11.3,059003.000120,0,11,27380.31,27379.9111,-0.3989
11.3,059003.000121,0,8,27452.45,27452.458,0.008
11.3,059003.000123,0,3,27604.26,27604.3129,0.0529
11.3,059003.000125,0,14,28399.43,28399.3561,-0.0739
11.3,059003.000126,0,10,28720.71,28720.5485,-0.1615
11.3,059003.000127,0,8,28885.14,28884.9881,-0.1519
11.3,059003.000128,0,5,28936.46,28936.6463,0.1863
11.3,059003.000129,0,8,29263.08,29263.4928,0.4128
11.3,059003.000130,0,10,29267.86,29267.2049,-0.6551
11.3,059003.000131,0,6,29835.09,29835.2399,0.1499
11.3,059003.000132,0,13,30505.72,30505.8783,0.1583
11.3,059003.000133,0,8,30733.53,30733.4544,-0.0756
11.3,059003.000134,0,10,30994.55,30994.6546,0.1046
11.3,059003.000135,0,5,31254.71,31254.7214,0.0114
11.3,059003.000137,0,5,31803.7,31803.4173,-0.2827
11.3,059003.000138,0,3,32288.92,32288.7286,-0.1914
11.3,059003.000139,0,6,32760.11,32760.419,0.309
11.3,059003.000140,0,4,33338.37,33338.2803,-0.0897
11.3,059003.000141,0,9,33466.41,33466.5314,0.1214
11.3,059003.000142,0,12,33659.99,33659.8171,-0.1729
11.3,059003.000143,0,4,34198.61,34198.622,0.012
11.3,059003.000144,0,7,34520.27,34519.6914,-0.5786
11.3,059003.000145,0,11,34825.49,34825.5703,0.0803
11.3,059003.000146,0,11,35024.49,35024.6048,0.1148
11.3,059003.000147,0,6,35137.82,35137.8326,0.0126
11.3,059003.000148,0,6,35291.0,35290.6699,-0.3301
11.3,059003.000149,0,3,35384.17,35384.3627,0.1927
11.3,059003.000150,0,9,35801.12,35801.5496,0.4296
11.3,059003.000151,0,6,35828.46,35828.4594,-0.0006
11.3,059003.000152,0,4,35863.74,35863.7755,0.0355
11.3,059003.000153,0,11,36640.38,36640.246,-0.134
11.3,059003.000154,0,5,36642.13,36642.4073,0.2773
11.3,059003.000155,0,5,36652.29,36652.2986,0.0086
11.3,059003.000156,0,10,36670.57,36670.7054,0.1354
11.3,059003.000157,0,4,36683.21,36682.0161,-1.1939
11.3,059003.000158,0,4,37011.92,37011.2073,-0.7127
11.3,059003.000159,0,6,37197.64,37198.5471,0.9071
11.3,059003.000160,0,7,37919.58,37919.5343,-0.0457
11.3,059003.000161,0,8,38448.38,38448.3803,0.0003
11.3,059003.000162,0,1,38549.9,38549.5924,-0.3076
11.3,059003.000163,0,5,38694.51,38694.4564,-0.0536
11.3,059003.000164,0,7,38701.59,38701.7457,0.1557
11.3,059003.000165,0,11,38726.5,38726.5494,0.0494
11.3,059003.000166,0,8,38785.76,38785.8827,0.1227
11.3,059003.000167,0,14,39024.27,39024.3075,0.0375
11.3,059003.000168,0,4,39120.4,39119.4213,-0.9787
11.3,059003.000170,0,3,39485.48,39485.73,0.25
11.3,059003.000171,0,4,39725.99,39725.5331,-0.4569
11.3,059003.000172,0,11,39732.99,39732.9686,-0.0214
11.3,059003.000173,0,7,39870.17,39870.5625,0.3925
11.3,059003.000175,0,10,40098.66,40098.4248,-0.2352
11.3,059003.000176,0,5,40205.74,40205.8622,0.1222
11.3,059003.000177,0,7,41023.98,41023.4957,-0.4843
11.3,059003.000178,0,2,41026.87,41026.745,-0.125
11.3,059003.000179,0,9,44679.98,44680.1142,0.1342
11.3,059003.000180,0,6,44903.42,44902.2212,-1.1988
11.3,059003.000181,0,7,45805.95,45805.8818,-0.0682
11.3,059003.000182,0,8,45807.1,45807.0404,-0.0596
11.3,059003.000183,0,5,45844.65,45844.7064,0.0564
11.3,059003.000184,0,15,46783.64,46783.4956,-0.1444
11.3,059003.000185,0,4,48401.64,48401.5812,-0.0588
11.3,059003.000186,0,6,48745.48,48745.5786,0.0986
11.3,059003.000187,0,6,50227.79,50227.804,0.014
11.3,059003.000188,0,10,50647.35,50647.4705,0.1205
11.3,059003.000189,0,7,50658.72,50658.7598,0.0398
11.3,059003.000190,0,4,50869.3,50869.4118,0.1118
11.3,059003.000191,0,2,51312.8,51312.9938,0.1938
11.3,059003.000192,0,7,52026.9,52027.5374,0.6374
11.3,059003.000541,1,3,100214.99,100214.4675,-0.5225
11.3,059003.000314,0,2,100321.12,100320.3086,-0.8114
11.3,059003.000315,0,4,100430.29,100430.3628,0.0728
11.3,059003.000316,0,1,100625.04,100625.1247,0.0847
11.3,059003.000317,0,1,100788.95,100788.7554,-0.1946
11.3,059003.000318,0,2,100947.18,100947.1095,-0.0705
11.3,059003.000319,0,2,101071.43,101071.5018,0.0718
11.3,059003.000320,0,2,101165.33,101165.3659,0.0359
11.3,059003.000321,0,2,101446.27,101446.3641,0.0941
11.3,059003.000322,0,7,101665.58,101665.6169,0.0369
11.3,059003.000323,0,0,101680.38,101680.38,0.0
11.3,059003.000542,1,3,101778.0,101777.5648,-0.4352
11.3,059003.000324,0,2,102435.67,102436.3129,0.6429
11.3,059003.000325,0,5,102484.66,102484.8662,0.2062
11.3,059003.000326,0,5,102617.24,102617.1673,-0.0727
11.3,059003.000327,0,4,102830.43,102830.7722,0.3422
11.3,059003.000328,0,2,102981.94,102983.3179,1.3779
11.3,059003.000329,0,10,103308.53,103308.5611,0.0311
11.3,059003.000330,0,4,103335.06,103335.0411,-0.0189
11.3,059003.000331,0,4,103344.35,103343.9996,-0.3504
11.3,059003.000332,0,1,103484.19,103484.19,0.0
11.3,059003.000333,0,4,103805.38,103805.5452,0.1652
11.3,059003.000334,0,3,103895.83,103895.6856,-0.1444
11.3,059003.000543,1,4,103973.35,103972.1792,-1.1708
11.3,059003.000335,0,1,104598.99,104599.5892,0.5992
11.3,059003.000336,0,0,104788.68,104788.68,0.0
11.3,059003.000337,0,7,104904.55,104905.0525,0.5025
11.3,059003.000338,0,5,105019.06,105019.0682,0.0082
11.3,059003.000339,0,2,105049.72,105049.8728,0.1528
11.3,059003.000544,1,3,105191.13,105190.8544,-0.2756
11.3,059003.000545,1,5,105338.51,105338.624,0.114
11.3,059003.000340,0,6,105450.18,105450.3523,0.1723
11.3,059003.000546,1,0,105485.3,105485.3,0.0
11.3,059003.000547,1,4,105534.64,105534.0562,-0.5838
11.3,059003.000341,0,7,105566.62,105566.612,-0.008
11.3,059003.000342,0,3,105632.16,105632.1914,0.0314
11.3,059003.000548,1,8,106153.75,106154.1019,0.3519
11.3,059003.000549,1,2,106224.22,106224.1768,-0.0432
11.3,059003.000550,1,5,106306.51,106308.1188,1.6088
11.3,059003.000551,1,3,106384.65,106384.8584,0.2084
11.3,059003.000552,1,2,106394.09,106393.6471,-0.4429
11.3,059003.000553,1,4,106468.42,106468.3663,-0.0537
11.3,059003.000343,0,8,106665.07,106664.9411,-0.1289
11.3,059003.000344,0,4,106745.65,106746.0864,0.4364
11.3,059003.000345,0,4,107081.94,107082.0425,0.1025
11.3,059003.000554,1,4,107177.8,107177.5636,-0.2364
11.3,059003.000555,1,5,107223.2,107223.2554,0.0554
11.3,059003.000556,1,5,107262.71,107262.3789,-0.3311
11.3,059003.000346,0,3,107299.07,107298.9482,-0.1218
11.3,059003.000557,1,4,107403.91,107404.106,0.196
11.3,059003.000558,1,2,107697.07,107696.8526,-0.2174
11.3,059003.000347,0,5,107854.46,107854.025,-0.435
11.3,059003.000559,1,3,107978.56,107978.7709,0.2109
11.3,059003.000348,0,5,108559.4,108559.5073,0.1073
11.3,059003.000560,1,7,108574.0,108573.9507,-0.0493
11.3,059003.000561,1,6,111039.75,111039.2798,-0.4702
11.3,059003.000562,1,0,111193.29,111193.29,0.0
11.3,059003.000563,1,6,113854.23,113854.0327,-0.1973
11.3,059003.000564,1,4,115439.45,115439.2494,-0.2006
11.3,059003.000565,1,7,119225.52,119225.4071,-0.1129
11.3,059003.000566,1,5,121143.3,121143.266,-0.034
11.3,059003.000567,1,0,122932.6,122932.6,0.0
11.3,059003.000568,1,5,124594.4,124594.4095,0.0095
11.3,059003.000569,1,0,125145.1,125145.1,0.0
11.3,059003.000570,1,3,126743.3,126743.2912,-0.0088
11.3,059003.000571,1,5,129009.15,129010.7809,1.6309
11.3,059003.000419,0,4,129106.1,129106.0681,-0.0319
11.3,059003.000572,1,1,129454.45,129454.6563,0.2063
11.3,059003.000573,1,5,129744.09,129743.8476,-0.2424
11.3,059003.000574,1,4,129934.5,129934.2479,-0.2521
11.3,059003.000575,1,0,130218.64,130218.64,0.0
11.3,059003.000420,0,6,131200.3,131199.9405,-0.3595
11.3,059003.000421,0,5,131226.3,131225.7111,-0.5889
11.3,059003.000576,1,1,131788.15,131788.0418,-0.1082
11.3,059003.000577,1,4,131980.0,131979.0283,-0.9717
11.3,059003.000426,0,3,133393.2,133394.6684,1.4684
11.3,059003.000427,0,3,133503.9,133504.0655,0.1655
11.3,059003.000578,1,3,134394.16,134394.095,-0.065
11.3,059003.000579,1,1,134402.02,134401.9894,-0.0306
11.3,059003.000580,1,7,134402.83,134402.875,0.045
11.3,059003.000581,1,4,134405.44,134405.3484,-0.0916
11.3,059003.000582,1,5,134425.98,134425.2274,-0.7526
11.3,059003.000583,1,4,134428.63,134429.6874,1.0574
11.3,059003.000584,1,2,134433.41,134435.5537,2.1437
11.3,059003.000585,1,4,134454.31,134454.499,0.189
11.3,059003.000586,1,4,134454.76,134454.7932,0.0332
11.3,059003.000587,1,4,134480.15,134480.1275,-0.0225
11.3,059003.000588,1,7,134480.72,134481.1718,0.4518
11.3,059003.000589,1,2,134488.7,134488.6669,-0.0331
11.3,059003.000590,1,0,134492.68,134491.4,-1.28
11.3,059003.000591,1,0,134496.12,134496.12,0.0
11.3,059003.000428,0,5,135445.2,135445.0736,-0.1264
11.3,059003.000429,0,6,135868.8,135869.7622,0.9622
11.3,059003.000592,1,3,136554.97,136555.0481,0.0781
11.3,059003.000593,1,3,136555.45,136555.5923,0.1423
11.3,059003.000594,1,3,136557.98,136555.7051,-2.2749
11.3,059003.000595,1,0,136559.59,136559.59,0.0
11.3,059003.000596,1,3,136570.81,136570.592,-0.218
11.3,059003.000597,1,3,136572.21,136572.6412,0.4312
11.3,059003.000598,1,2,136589.34,136588.9992,-0.3408
11.3,059003.000599,1,2,136589.44,136588.9992,-0.4408
11.3,059003.000600,1,6,136596.37,136596.4296,0.0596
11.3,059003.000601,1,8,136596.63,136595.9652,-0.6648
11.3,059003.000602,1,2,136620.17,136620.2456,0.0756
11.3,059003.000603,1,2,136641.8,136641.6428,-0.1572
11.3,059003.000604,1,3,136641.9,136641.304,-0.596
11.3,059003.000605,1,0,136649.4,136649.4,0.0
11.3,059003.000606,1,1,136650.9,136650.8725,-0.0275
11.3,059003.000607,1,3,138783.5,138785.272,1.772
11.3,059003.000608,1,2,138787.95,138788.8011,0.8511
11.3,059003.000609,1,0,138794.58,138794.58,0.0
11.3,059003.000610,1,0,138796.56,138796.56,0.0
11.3,059003.000611,1,1,138799.39,138799.4024,0.0124
11.3,059003.000612,1,6,138799.91,138800.338,0.428
11.3,059003.000613,1,7,138822.38,138822.3874,0.0074
11.3,059003.000614,1,6,138822.4,138822.7978,0.3978
11.3,059003.000615,1,0,138827.78,138827.78,0.0
11.3,059003.000616,1,0,138833.55,138833.55,0.0
11.3,059003.000617,1,4,138849.86,138849.6303,-0.2297
11.3,059003.000618,1,8,138874.91,138874.9583,0.0483
11.3,059003.000619,1,3,138883.81,138883.7738,-0.0362
11.3,059003.000620,1,0,138888.98,138888.98,0.0
11.3,059003.000621,1,0,138895.87,138895.87,0.0
11.3,059003.000622,1,2,141328.85,141329.035,0.185
