missing-gA policy: impute
Tested (new*) levels: 209 of 594 (supported by more new than old identifications in the baseline run)
============================================================
classify_lines.py — Spectral Line Classification for Pr III
DECOY RUN: shadow copies of the new levels displaced by +-11.3 cm^-1
============================================================
Step 1: Reading energy levels...
  Read 593 energy levels.
    059003.000623  E = 132958.1760 cm^-1, J = 7/2, parity o
  Added 1 level(s) found since the level list was published, from new_levels.csv.
  Energies overridden for 8 level(s) from revised_level_energies.csv:
    059003.000424  133352.2000 -> 133078.0900 (-274.1100 cm^-1)
    059003.000503  132958.2200 -> 132876.5700 (-81.6500 cm^-1)
    059003.000518  134375.6000 -> 134502.4500 (+126.8500 cm^-1)
    059003.000565  119225.5200 -> 118967.3776 (-258.1424 cm^-1)
    059003.000577  131980.0000 -> 132070.1563 (+90.1563 cm^-1)
    059003.000600  136596.3700 -> 136638.4947 (+42.1247 cm^-1)
    059003.000607  138783.5000 -> 138788.5820 (+5.0820 cm^-1)
    059003.000622  141328.8500 -> 141440.8418 (+111.9918 cm^-1)
Step 2: Reading calculated transitions...
  Read 30206 calculated transitions.
  Read 95 further calculated transitions from icalc_new.xlsx (Icalc recomputed from gA with C = 269.98, kT = 12233.1 cm^-1).
  Added 209 decoy levels (displaced by +-11.3 cm^-1) and 42904 decoy Icalc entries.
Step 3: Reading observed spectral lines...
  Transitions absent from Icalc.xlsx are imputed with gA = 175.8 s^-1 (cutoff 1000 s^-1), u_ln = 1.7383,
    through Icalc = 269.98 * gA * (rwn/1e8) * exp(-Eup/12233.1).
  Read 6667 observed lines.
Step 4: Generating all possible transitions...
  Generated 51643 possible transitions.
  2055 of them are absent from Icalc.xlsx and were given an imputed intensity.
Step 5 cycle 1:
Step 5.1: Matching observed lines to transitions & grading...
  Matching complete.
Step 5.2: Resolving conflicts...
  Max number of conflicting assignments: 3
  Total number of conflicting assignments: 256
Step 5.3: Weeding assignments (iterative)...
  Baseline: Step1=8440, Step2=181, Step3=189, Accepted=4981
  Iteration 1: Step1=8440, Step2=181, Step3=189, Accepted=4981
  Iteration 1: 0 changes (+0 accepted, -0 rejected)
  Converged after 1 iteration(s).
Weeding complete. Decisions made: 8440 in Step1, 181 in Step2, 189 in Step3
  Total number of accepted assignments: 4981
  Accepted assignments: 4981, max energy change in optimization: 105.303529 cm^-1
Step 5 cycle 2:
Step 5.1: Matching observed lines to transitions & grading...
  Matching complete.
Step 5.2: Resolving conflicts...
  Max number of conflicting assignments: 73
  Total number of conflicting assignments: 793
Step 5.3: Weeding assignments (iterative)...
  Baseline: Step1=10990, Step2=253, Step3=252, Accepted=5285
  Iteration 1: Step1=11013, Step2=244, Step3=238, Accepted=5279
  Iteration 1: 6 changes (+0 accepted, -6 rejected)
  Iteration 2: Step1=11013, Step2=244, Step3=238, Accepted=5279
  Iteration 2: 0 changes (+0 accepted, -0 rejected)
  Converged after 2 iteration(s).
Weeding complete. Decisions made: 11013 in Step1, 244 in Step2, 238 in Step3
  Total number of accepted assignments: 5279
  Accepted assignments: 5279, max energy change in optimization: 26.618158 cm^-1
Step 5 cycle 3:
Step 5.1: Matching observed lines to transitions & grading...
  Matching complete.
Step 5.2: Resolving conflicts...
  Max number of conflicting assignments: 59
  Total number of conflicting assignments: 632
Step 5.3: Weeding assignments (iterative)...
  Baseline: Step1=10603, Step2=227, Step3=213, Accepted=5295
  Iteration 1: Step1=10609, Step2=224, Step3=210, Accepted=5298
  Iteration 1: 5 changes (+4 accepted, -1 rejected)
  Iteration 2: Step1=10609, Step2=224, Step3=210, Accepted=5298
  Iteration 2: 0 changes (+0 accepted, -0 rejected)
  Converged after 2 iteration(s).
Weeding complete. Decisions made: 10609 in Step1, 224 in Step2, 210 in Step3
  Total number of accepted assignments: 5298
  Blacklisted 31 transition(s) oscillating between cycles.
  Accepted assignments: 5298, max energy change in optimization: 70.074104 cm^-1
Step 5 cycle 4:
Step 5.1: Matching observed lines to transitions & grading...
  Matching complete.
Step 5.2: Resolving conflicts...
  Max number of conflicting assignments: 28
  Total number of conflicting assignments: 546
Step 5.3: Weeding assignments (iterative)...
  Baseline: Step1=10306, Step2=220, Step3=226, Accepted=5276
  Iteration 1: Step1=10317, Step2=213, Step3=222, Accepted=5276
  Iteration 1: 2 changes (+1 accepted, -1 rejected)
  Iteration 2: Step1=10317, Step2=213, Step3=222, Accepted=5276
  Iteration 2: 0 changes (+0 accepted, -0 rejected)
  Converged after 2 iteration(s).
  Blacklisted 31 oscillating transition(s) (cumulative).
Weeding complete. Decisions made: 10317 in Step1, 213 in Step2, 222 in Step3
  Total number of accepted assignments: 5276
  Blacklisted 20 transition(s) oscillating between cycles.
  Accepted assignments: 5276, max energy change in optimization: 39.923782 cm^-1
Step 5 cycle 5:
Step 5.1: Matching observed lines to transitions & grading...
  Matching complete.
Step 5.2: Resolving conflicts...
  Max number of conflicting assignments: 4
  Total number of conflicting assignments: 492
Step 5.3: Weeding assignments (iterative)...
  Baseline: Step1=10133, Step2=203, Step3=245, Accepted=5250
  Iteration 1: Step1=10143, Step2=198, Step3=240, Accepted=5251
  Iteration 1: 1 changes (+1 accepted, -0 rejected)
  Iteration 2: Step1=10143, Step2=198, Step3=240, Accepted=5251
  Iteration 2: 0 changes (+0 accepted, -0 rejected)
  Converged after 2 iteration(s).
  Blacklisted 51 oscillating transition(s) (cumulative).
Weeding complete. Decisions made: 10143 in Step1, 198 in Step2, 240 in Step3
  Total number of accepted assignments: 5251
  Blacklisted 8 transition(s) oscillating between cycles.
  Accepted assignments: 5251, max energy change in optimization: 32.103604 cm^-1
Step 5 cycle 6:
Step 5.1: Matching observed lines to transitions & grading...
  Matching complete.
Step 5.2: Resolving conflicts...
  Max number of conflicting assignments: 4
  Total number of conflicting assignments: 494
Step 5.3: Weeding assignments (iterative)...
  Baseline: Step1=10047, Step2=206, Step3=248, Accepted=5248
  Iteration 1: Step1=10059, Step2=200, Step3=242, Accepted=5247
  Iteration 1: 1 changes (+0 accepted, -1 rejected)
  Iteration 2: Step1=10059, Step2=200, Step3=242, Accepted=5247
  Iteration 2: 0 changes (+0 accepted, -0 rejected)
  Converged after 2 iteration(s).
  Blacklisted 59 oscillating transition(s) (cumulative).
Weeding complete. Decisions made: 10059 in Step1, 200 in Step2, 242 in Step3
  Total number of accepted assignments: 5247
  Blacklisted 3 transition(s) oscillating between cycles.
  Accepted assignments: 5247, max energy change in optimization: 0.570492 cm^-1
Step 5 cycle 7:
Step 5.1: Matching observed lines to transitions & grading...
  Matching complete.
Step 5.2: Resolving conflicts...
  Max number of conflicting assignments: 4
  Total number of conflicting assignments: 492
Step 5.3: Weeding assignments (iterative)...
  Baseline: Step1=10046, Step2=205, Step3=248, Accepted=5246
  Iteration 1: Step1=10056, Step2=199, Step3=244, Accepted=5246
  Iteration 1: 0 changes (+0 accepted, -0 rejected)
  Converged after 1 iteration(s).
  Blacklisted 62 oscillating transition(s) (cumulative).
Weeding complete. Decisions made: 10056 in Step1, 199 in Step2, 244 in Step3
  Total number of accepted assignments: 5246
  Blacklisted 1 transition(s) oscillating between cycles.
  Accepted assignments: 5246, max energy change in optimization: 0.480344 cm^-1
Step 5 cycle 8:
Step 5.1: Matching observed lines to transitions & grading...
  Matching complete.
Step 5.2: Resolving conflicts...
  Max number of conflicting assignments: 4
  Total number of conflicting assignments: 493
Step 5.3: Weeding assignments (iterative)...
  Baseline: Step1=10043, Step2=202, Step3=248, Accepted=5251
  Iteration 1: Step1=10054, Step2=196, Step3=243, Accepted=5250
  Iteration 1: 1 changes (+0 accepted, -1 rejected)
  Iteration 2: Step1=10054, Step2=196, Step3=243, Accepted=5250
  Iteration 2: 0 changes (+0 accepted, -0 rejected)
  Converged after 2 iteration(s).
  Blacklisted 63 oscillating transition(s) (cumulative).
Weeding complete. Decisions made: 10054 in Step1, 196 in Step2, 243 in Step3
  Total number of accepted assignments: 5250
  Accepted assignments: 5250, max energy change in optimization: 0.758030 cm^-1
Step 5 cycle 9:
Step 5.1: Matching observed lines to transitions & grading...
  Matching complete.
Step 5.2: Resolving conflicts...
  Max number of conflicting assignments: 4
  Total number of conflicting assignments: 502
Step 5.3: Weeding assignments (iterative)...
  Baseline: Step1=10050, Step2=206, Step3=248, Accepted=5253
  Iteration 1: Step1=10061, Step2=200, Step3=243, Accepted=5252
  Iteration 1: 1 changes (+0 accepted, -1 rejected)
  Iteration 2: Step1=10061, Step2=200, Step3=243, Accepted=5252
  Iteration 2: 0 changes (+0 accepted, -0 rejected)
  Converged after 2 iteration(s).
  Blacklisted 63 oscillating transition(s) (cumulative).
Weeding complete. Decisions made: 10061 in Step1, 200 in Step2, 243 in Step3
  Total number of accepted assignments: 5252
  Accepted assignments: 5252, max energy change in optimization: 1.747972 cm^-1
Step 5 cycle 10:
Step 5.1: Matching observed lines to transitions & grading...
  Matching complete.
Step 5.2: Resolving conflicts...
  Max number of conflicting assignments: 4
  Total number of conflicting assignments: 490
Step 5.3: Weeding assignments (iterative)...
  Baseline: Step1=10035, Step2=208, Step3=248, Accepted=5256
  Iteration 1: Step1=10046, Step2=202, Step3=243, Accepted=5255
  Iteration 1: 1 changes (+0 accepted, -1 rejected)
  Iteration 2: Step1=10046, Step2=202, Step3=243, Accepted=5255
  Iteration 2: 0 changes (+0 accepted, -0 rejected)
  Converged after 2 iteration(s).
  Blacklisted 63 oscillating transition(s) (cumulative).
Weeding complete. Decisions made: 10046 in Step1, 202 in Step2, 243 in Step3
  Total number of accepted assignments: 5255
  Accepted assignments: 5255, max energy change in optimization: 0.347175 cm^-1
Step 5 cycle 11:
Step 5.1: Matching observed lines to transitions & grading...
  Matching complete.
Step 5.2: Resolving conflicts...
  Max number of conflicting assignments: 4
  Total number of conflicting assignments: 490
Step 5.3: Weeding assignments (iterative)...
  Baseline: Step1=10037, Step2=206, Step3=248, Accepted=5255
  Iteration 1: Step1=10048, Step2=200, Step3=243, Accepted=5254
  Iteration 1: 1 changes (+0 accepted, -1 rejected)
  Iteration 2: Step1=10048, Step2=200, Step3=243, Accepted=5254
  Iteration 2: 0 changes (+0 accepted, -0 rejected)
  Converged after 2 iteration(s).
  Blacklisted 63 oscillating transition(s) (cumulative).
Weeding complete. Decisions made: 10048 in Step1, 200 in Step2, 243 in Step3
  Total number of accepted assignments: 5254
  Accepted assignments: 5254, max energy change in optimization: 0.329956 cm^-1
Step 5 cycle 12:
Step 5.1: Matching observed lines to transitions & grading...
  Matching complete.
Step 5.2: Resolving conflicts...
  Max number of conflicting assignments: 4
  Total number of conflicting assignments: 490
Step 5.3: Weeding assignments (iterative)...
  Baseline: Step1=10038, Step2=205, Step3=247, Accepted=5256
  Iteration 1: Step1=10049, Step2=199, Step3=242, Accepted=5255
  Iteration 1: 1 changes (+0 accepted, -1 rejected)
  Iteration 2: Step1=10049, Step2=199, Step3=242, Accepted=5255
  Iteration 2: 0 changes (+0 accepted, -0 rejected)
  Converged after 2 iteration(s).
  Blacklisted 63 oscillating transition(s) (cumulative).
Weeding complete. Decisions made: 10049 in Step1, 199 in Step2, 242 in Step3
  Total number of accepted assignments: 5255
  Accepted assignments: 5255, max energy change in optimization: 0.588035 cm^-1
Step 5 cycle 13:
Step 5.1: Matching observed lines to transitions & grading...
  Matching complete.
Step 5.2: Resolving conflicts...
  Max number of conflicting assignments: 4
  Total number of conflicting assignments: 491
Step 5.3: Weeding assignments (iterative)...
  Baseline: Step1=10035, Step2=204, Step3=247, Accepted=5255
  Iteration 1: Step1=10046, Step2=198, Step3=242, Accepted=5253
  Iteration 1: 2 changes (+0 accepted, -2 rejected)
  Iteration 2: Step1=10046, Step2=198, Step3=242, Accepted=5253
  Iteration 2: 0 changes (+0 accepted, -0 rejected)
  Converged after 2 iteration(s).
  Blacklisted 63 oscillating transition(s) (cumulative).
Weeding complete. Decisions made: 10046 in Step1, 198 in Step2, 242 in Step3
  Total number of accepted assignments: 5253
  Accepted assignments: 5253, max energy change in optimization: 0.100638 cm^-1
Step 5 cycle 14:
Step 5.1: Matching observed lines to transitions & grading...
  Matching complete.
Step 5.2: Resolving conflicts...
  Max number of conflicting assignments: 4
  Total number of conflicting assignments: 491
Step 5.3: Weeding assignments (iterative)...
  Baseline: Step1=10034, Step2=205, Step3=247, Accepted=5254
  Iteration 1: Step1=10045, Step2=199, Step3=242, Accepted=5253
  Iteration 1: 1 changes (+0 accepted, -1 rejected)
  Iteration 2: Step1=10045, Step2=199, Step3=242, Accepted=5253
  Iteration 2: 0 changes (+0 accepted, -0 rejected)
  Converged after 2 iteration(s).
  Blacklisted 63 oscillating transition(s) (cumulative).
Weeding complete. Decisions made: 10045 in Step1, 199 in Step2, 242 in Step3
  Total number of accepted assignments: 5253
  Accepted assignments: 5253, max energy change in optimization: 0.220154 cm^-1
Step 5 cycle 15:
Step 5.1: Matching observed lines to transitions & grading...
  Matching complete.
Step 5.2: Resolving conflicts...
  Max number of conflicting assignments: 4
  Total number of conflicting assignments: 491
Step 5.3: Weeding assignments (iterative)...
  Baseline: Step1=10037, Step2=204, Step3=247, Accepted=5255
  Iteration 1: Step1=10048, Step2=198, Step3=242, Accepted=5254
  Iteration 1: 1 changes (+0 accepted, -1 rejected)
  Iteration 2: Step1=10048, Step2=198, Step3=242, Accepted=5254
  Iteration 2: 0 changes (+0 accepted, -0 rejected)
  Converged after 2 iteration(s).
  Blacklisted 63 oscillating transition(s) (cumulative).
Weeding complete. Decisions made: 10048 in Step1, 198 in Step2, 242 in Step3
  Total number of accepted assignments: 5254
  Accepted assignments: 5254, max energy change in optimization: 0.062845 cm^-1
Step 5 cycle 16:
Step 5.1: Matching observed lines to transitions & grading...
  Matching complete.
Step 5.2: Resolving conflicts...
  Max number of conflicting assignments: 4
  Total number of conflicting assignments: 491
Step 5.3: Weeding assignments (iterative)...
  Baseline: Step1=10038, Step2=204, Step3=247, Accepted=5255
  Iteration 1: Step1=10049, Step2=198, Step3=242, Accepted=5254
  Iteration 1: 1 changes (+0 accepted, -1 rejected)
  Iteration 2: Step1=10049, Step2=198, Step3=242, Accepted=5254
  Iteration 2: 0 changes (+0 accepted, -0 rejected)
  Converged after 2 iteration(s).
  Blacklisted 63 oscillating transition(s) (cumulative).
Weeding complete. Decisions made: 10049 in Step1, 198 in Step2, 242 in Step3
  Total number of accepted assignments: 5254
  Accepted assignments: 5254, max energy change in optimization: 0.000000 cm^-1
  Building output...
============================================================
Done.
============================================================

DELTA -11.3 cm^-1 (0.3 min): real accepted=4848 (-91 vs baseline), accepted decoy lines=406, decoys with >=1 line: 154 of 209
  real levels with changed support: 177 of 594

============================================================
classify_lines.py — Spectral Line Classification for Pr III
DECOY RUN: shadow copies of the new levels displaced by +-9.7 cm^-1
============================================================
Step 1: Reading energy levels...
  Read 593 energy levels.
    059003.000623  E = 132958.1760 cm^-1, J = 7/2, parity o
  Added 1 level(s) found since the level list was published, from new_levels.csv.
  Energies overridden for 8 level(s) from revised_level_energies.csv:
    059003.000424  133352.2000 -> 133078.0900 (-274.1100 cm^-1)
    059003.000503  132958.2200 -> 132876.5700 (-81.6500 cm^-1)
    059003.000518  134375.6000 -> 134502.4500 (+126.8500 cm^-1)
    059003.000565  119225.5200 -> 118967.3776 (-258.1424 cm^-1)
    059003.000577  131980.0000 -> 132070.1563 (+90.1563 cm^-1)
    059003.000600  136596.3700 -> 136638.4947 (+42.1247 cm^-1)
    059003.000607  138783.5000 -> 138788.5820 (+5.0820 cm^-1)
    059003.000622  141328.8500 -> 141440.8418 (+111.9918 cm^-1)
Step 2: Reading calculated transitions...
  Read 30206 calculated transitions.
  Read 95 further calculated transitions from icalc_new.xlsx (Icalc recomputed from gA with C = 269.98, kT = 12233.1 cm^-1).
  Added 209 decoy levels (displaced by +-9.7 cm^-1) and 42904 decoy Icalc entries.
Step 3: Reading observed spectral lines...
  Read 6667 observed lines.
Step 4: Generating all possible transitions...
  Generated 51643 possible transitions.
  2055 of them are absent from Icalc.xlsx and were given an imputed intensity.
Step 5 cycle 1:
Step 5.1: Matching observed lines to transitions & grading...
  Matching complete.
Step 5.2: Resolving conflicts...
  Max number of conflicting assignments: 3
  Total number of conflicting assignments: 252
Step 5.3: Weeding assignments (iterative)...
  Baseline: Step1=8423, Step2=180, Step3=188, Accepted=4953
  Iteration 1: Step1=8423, Step2=180, Step3=188, Accepted=4953
  Iteration 1: 0 changes (+0 accepted, -0 rejected)
  Converged after 1 iteration(s).
Weeding complete. Decisions made: 8423 in Step1, 180 in Step2, 188 in Step3
  Total number of accepted assignments: 4953
  Accepted assignments: 4953, max energy change in optimization: 65.458802 cm^-1
Step 5 cycle 2:
Step 5.1: Matching observed lines to transitions & grading...
  Matching complete.
Step 5.2: Resolving conflicts...
  Max number of conflicting assignments: 72
  Total number of conflicting assignments: 754
Step 5.3: Weeding assignments (iterative)...
  Baseline: Step1=10986, Step2=232, Step3=250, Accepted=5295
  Iteration 1: Step1=11006, Step2=228, Step3=234, Accepted=5290
  Iteration 1: 5 changes (+0 accepted, -5 rejected)
  Iteration 2: Step1=11006, Step2=228, Step3=234, Accepted=5290
  Iteration 2: 0 changes (+0 accepted, -0 rejected)
  Converged after 2 iteration(s).
Weeding complete. Decisions made: 11006 in Step1, 228 in Step2, 234 in Step3
  Total number of accepted assignments: 5290
  Accepted assignments: 5290, max energy change in optimization: 10.660805 cm^-1
Step 5 cycle 3:
Step 5.1: Matching observed lines to transitions & grading...
  Matching complete.
Step 5.2: Resolving conflicts...
  Max number of conflicting assignments: 12
  Total number of conflicting assignments: 651
Step 5.3: Weeding assignments (iterative)...
  Baseline: Step1=10717, Step2=224, Step3=224, Accepted=5288
  Iteration 1: Step1=10686, Step2=225, Step3=254, Accepted=5290
  Iteration 1: 2 changes (+2 accepted, -0 rejected)
  Iteration 2: Step1=10686, Step2=225, Step3=254, Accepted=5290
  Iteration 2: 0 changes (+0 accepted, -0 rejected)
  Converged after 2 iteration(s).
Weeding complete. Decisions made: 10686 in Step1, 225 in Step2, 254 in Step3
  Total number of accepted assignments: 5290
  Blacklisted 25 transition(s) oscillating between cycles.
  Accepted assignments: 5290, max energy change in optimization: 74.853024 cm^-1
Step 5 cycle 4:
Step 5.1: Matching observed lines to transitions & grading...
  Matching complete.
Step 5.2: Resolving conflicts...
  Max number of conflicting assignments: 41
  Total number of conflicting assignments: 576
Step 5.3: Weeding assignments (iterative)...
  Baseline: Step1=10384, Step2=218, Step3=252, Accepted=5281
  Iteration 1: Step1=10415, Step2=210, Step3=229, Accepted=5282
  Iteration 1: 1 changes (+1 accepted, -0 rejected)
  Iteration 2: Step1=10415, Step2=210, Step3=229, Accepted=5282
  Iteration 2: 0 changes (+0 accepted, -0 rejected)
  Converged after 2 iteration(s).
  Blacklisted 25 oscillating transition(s) (cumulative).
Weeding complete. Decisions made: 10415 in Step1, 210 in Step2, 229 in Step3
  Total number of accepted assignments: 5282
  Blacklisted 20 transition(s) oscillating between cycles.
  Accepted assignments: 5282, max energy change in optimization: 99.260021 cm^-1
Step 5 cycle 5:
Step 5.1: Matching observed lines to transitions & grading...
  Matching complete.
Step 5.2: Resolving conflicts...
  Max number of conflicting assignments: 19
  Total number of conflicting assignments: 540
Step 5.3: Weeding assignments (iterative)...
  Baseline: Step1=10211, Step2=215, Step3=261, Accepted=5263
  Iteration 1: Step1=10213, Step2=214, Step3=260, Accepted=5263
  Iteration 1: 0 changes (+0 accepted, -0 rejected)
  Converged after 1 iteration(s).
  Blacklisted 45 oscillating transition(s) (cumulative).
Weeding complete. Decisions made: 10213 in Step1, 214 in Step2, 260 in Step3
  Total number of accepted assignments: 5263
  Blacklisted 3 transition(s) oscillating between cycles.
  Accepted assignments: 5263, max energy change in optimization: 9.170147 cm^-1
Step 5 cycle 6:
Step 5.1: Matching observed lines to transitions & grading...
  Matching complete.
Step 5.2: Resolving conflicts...
  Max number of conflicting assignments: 4
  Total number of conflicting assignments: 504
Step 5.3: Weeding assignments (iterative)...
  Baseline: Step1=10126, Step2=210, Step3=272, Accepted=5248
  Iteration 1: Step1=10133, Step2=206, Step3=269, Accepted=5248
  Iteration 1: 0 changes (+0 accepted, -0 rejected)
  Converged after 1 iteration(s).
  Blacklisted 48 oscillating transition(s) (cumulative).
Weeding complete. Decisions made: 10133 in Step1, 206 in Step2, 269 in Step3
  Total number of accepted assignments: 5248
  Blacklisted 6 transition(s) oscillating between cycles.
  Accepted assignments: 5248, max energy change in optimization: 14.618323 cm^-1
Step 5 cycle 7:
Step 5.1: Matching observed lines to transitions & grading...
  Matching complete.
Step 5.2: Resolving conflicts...
  Max number of conflicting assignments: 4
  Total number of conflicting assignments: 500
Step 5.3: Weeding assignments (iterative)...
  Baseline: Step1=10088, Step2=201, Step3=269, Accepted=5245
  Iteration 1: Step1=10107, Step2=198, Step3=253, Accepted=5245
  Iteration 1: 0 changes (+0 accepted, -0 rejected)
  Converged after 1 iteration(s).
  Blacklisted 54 oscillating transition(s) (cumulative).
Weeding complete. Decisions made: 10107 in Step1, 198 in Step2, 253 in Step3
  Total number of accepted assignments: 5245
  Blacklisted 5 transition(s) oscillating between cycles.
  Accepted assignments: 5245, max energy change in optimization: 0.213810 cm^-1
Step 5 cycle 8:
Step 5.1: Matching observed lines to transitions & grading...
  Matching complete.
Step 5.2: Resolving conflicts...
  Max number of conflicting assignments: 4
  Total number of conflicting assignments: 501
Step 5.3: Weeding assignments (iterative)...
  Baseline: Step1=10098, Step2=204, Step3=260, Accepted=5238
  Iteration 1: Step1=10107, Step2=201, Step3=254, Accepted=5238
  Iteration 1: 0 changes (+0 accepted, -0 rejected)
  Converged after 1 iteration(s).
  Blacklisted 59 oscillating transition(s) (cumulative).
Weeding complete. Decisions made: 10107 in Step1, 201 in Step2, 254 in Step3
  Total number of accepted assignments: 5238
  Accepted assignments: 5238, max energy change in optimization: 0.049177 cm^-1
Step 5 cycle 9:
Step 5.1: Matching observed lines to transitions & grading...
  Matching complete.
Step 5.2: Resolving conflicts...
  Max number of conflicting assignments: 4
  Total number of conflicting assignments: 498
Step 5.3: Weeding assignments (iterative)...
  Baseline: Step1=10091, Step2=207, Step3=259, Accepted=5239
  Iteration 1: Step1=10099, Step2=204, Step3=254, Accepted=5239
  Iteration 1: 0 changes (+0 accepted, -0 rejected)
  Converged after 1 iteration(s).
  Blacklisted 59 oscillating transition(s) (cumulative).
Weeding complete. Decisions made: 10099 in Step1, 204 in Step2, 254 in Step3
  Total number of accepted assignments: 5239
  Accepted assignments: 5239, max energy change in optimization: 0.117031 cm^-1
Step 5 cycle 10:
Step 5.1: Matching observed lines to transitions & grading...
  Matching complete.
Step 5.2: Resolving conflicts...
  Max number of conflicting assignments: 4
  Total number of conflicting assignments: 498
Step 5.3: Weeding assignments (iterative)...
  Baseline: Step1=10092, Step2=207, Step3=259, Accepted=5237
  Iteration 1: Step1=10100, Step2=204, Step3=254, Accepted=5237
  Iteration 1: 0 changes (+0 accepted, -0 rejected)
  Converged after 1 iteration(s).
  Blacklisted 59 oscillating transition(s) (cumulative).
Weeding complete. Decisions made: 10100 in Step1, 204 in Step2, 254 in Step3
  Total number of accepted assignments: 5237
  Accepted assignments: 5237, max energy change in optimization: 0.008569 cm^-1
Step 5 cycle 11:
Step 5.1: Matching observed lines to transitions & grading...
  Matching complete.
Step 5.2: Resolving conflicts...
  Max number of conflicting assignments: 4
  Total number of conflicting assignments: 497
Step 5.3: Weeding assignments (iterative)...
  Baseline: Step1=10092, Step2=209, Step3=258, Accepted=5238
  Iteration 1: Step1=10100, Step2=206, Step3=253, Accepted=5238
  Iteration 1: 0 changes (+0 accepted, -0 rejected)
  Converged after 1 iteration(s).
  Blacklisted 59 oscillating transition(s) (cumulative).
Weeding complete. Decisions made: 10100 in Step1, 206 in Step2, 253 in Step3
  Total number of accepted assignments: 5238
  Blacklisted 1 transition(s) oscillating between cycles.
  Accepted assignments: 5238, max energy change in optimization: 0.044780 cm^-1
Step 5 cycle 12:
Step 5.1: Matching observed lines to transitions & grading...
  Matching complete.
Step 5.2: Resolving conflicts...
  Max number of conflicting assignments: 4
  Total number of conflicting assignments: 498
Step 5.3: Weeding assignments (iterative)...
  Baseline: Step1=10090, Step2=209, Step3=260, Accepted=5235
  Iteration 1: Step1=10098, Step2=206, Step3=255, Accepted=5235
  Iteration 1: 0 changes (+0 accepted, -0 rejected)
  Converged after 1 iteration(s).
  Blacklisted 60 oscillating transition(s) (cumulative).
Weeding complete. Decisions made: 10098 in Step1, 206 in Step2, 255 in Step3
  Total number of accepted assignments: 5235
  Accepted assignments: 5235, max energy change in optimization: 0.132593 cm^-1
Step 5 cycle 13:
Step 5.1: Matching observed lines to transitions & grading...
  Matching complete.
Step 5.2: Resolving conflicts...
  Max number of conflicting assignments: 4
  Total number of conflicting assignments: 498
Step 5.3: Weeding assignments (iterative)...
  Baseline: Step1=10088, Step2=208, Step3=258, Accepted=5238
  Iteration 1: Step1=10096, Step2=205, Step3=253, Accepted=5238
  Iteration 1: 0 changes (+0 accepted, -0 rejected)
  Converged after 1 iteration(s).
  Blacklisted 60 oscillating transition(s) (cumulative).
Weeding complete. Decisions made: 10096 in Step1, 205 in Step2, 253 in Step3
  Total number of accepted assignments: 5238
  Accepted assignments: 5238, max energy change in optimization: 0.062720 cm^-1
Step 5 cycle 14:
Step 5.1: Matching observed lines to transitions & grading...
  Matching complete.
Step 5.2: Resolving conflicts...
  Max number of conflicting assignments: 4
  Total number of conflicting assignments: 499
Step 5.3: Weeding assignments (iterative)...
  Baseline: Step1=10088, Step2=208, Step3=258, Accepted=5237
  Iteration 1: Step1=10096, Step2=205, Step3=253, Accepted=5237
  Iteration 1: 0 changes (+0 accepted, -0 rejected)
  Converged after 1 iteration(s).
  Blacklisted 60 oscillating transition(s) (cumulative).
Weeding complete. Decisions made: 10096 in Step1, 205 in Step2, 253 in Step3
  Total number of accepted assignments: 5237
  Accepted assignments: 5237, max energy change in optimization: 0.001252 cm^-1
Step 5 cycle 15:
Step 5.1: Matching observed lines to transitions & grading...
  Matching complete.
Step 5.2: Resolving conflicts...
  Max number of conflicting assignments: 4
  Total number of conflicting assignments: 498
Step 5.3: Weeding assignments (iterative)...
  Baseline: Step1=10088, Step2=208, Step3=258, Accepted=5238
  Iteration 1: Step1=10096, Step2=205, Step3=253, Accepted=5238
  Iteration 1: 0 changes (+0 accepted, -0 rejected)
  Converged after 1 iteration(s).
  Blacklisted 60 oscillating transition(s) (cumulative).
Weeding complete. Decisions made: 10096 in Step1, 205 in Step2, 253 in Step3
  Total number of accepted assignments: 5238
  Accepted assignments: 5238, max energy change in optimization: 0.001252 cm^-1
Step 5 cycle 16:
Step 5.1: Matching observed lines to transitions & grading...
  Matching complete.
Step 5.2: Resolving conflicts...
  Max number of conflicting assignments: 4
  Total number of conflicting assignments: 499
Step 5.3: Weeding assignments (iterative)...
  Baseline: Step1=10088, Step2=208, Step3=258, Accepted=5237
  Iteration 1: Step1=10096, Step2=205, Step3=253, Accepted=5237
  Iteration 1: 0 changes (+0 accepted, -0 rejected)
  Converged after 1 iteration(s).
  Blacklisted 60 oscillating transition(s) (cumulative).
Weeding complete. Decisions made: 10096 in Step1, 205 in Step2, 253 in Step3
  Total number of accepted assignments: 5237
  Accepted assignments: 5237, max energy change in optimization: 0.001252 cm^-1
Step 5 cycle 17:
Step 5.1: Matching observed lines to transitions & grading...
  Matching complete.
Step 5.2: Resolving conflicts...
  Max number of conflicting assignments: 4
  Total number of conflicting assignments: 498
Step 5.3: Weeding assignments (iterative)...
  Baseline: Step1=10088, Step2=208, Step3=258, Accepted=5238
  Iteration 1: Step1=10096, Step2=205, Step3=253, Accepted=5238
  Iteration 1: 0 changes (+0 accepted, -0 rejected)
  Converged after 1 iteration(s).
  Blacklisted 60 oscillating transition(s) (cumulative).
Weeding complete. Decisions made: 10096 in Step1, 205 in Step2, 253 in Step3
  Total number of accepted assignments: 5238
  Accepted assignments: 5238, max energy change in optimization: 0.001252 cm^-1
Step 5 cycle 18:
Step 5.1: Matching observed lines to transitions & grading...
  Matching complete.
Step 5.2: Resolving conflicts...
  Max number of conflicting assignments: 4
  Total number of conflicting assignments: 499
Step 5.3: Weeding assignments (iterative)...
  Baseline: Step1=10088, Step2=208, Step3=258, Accepted=5237
  Iteration 1: Step1=10096, Step2=205, Step3=253, Accepted=5237
  Iteration 1: 0 changes (+0 accepted, -0 rejected)
  Converged after 1 iteration(s).
  Blacklisted 60 oscillating transition(s) (cumulative).
Weeding complete. Decisions made: 10096 in Step1, 205 in Step2, 253 in Step3
  Total number of accepted assignments: 5237
  Accepted assignments: 5237, max energy change in optimization: 0.001252 cm^-1
Step 5 cycle 19:
Step 5.1: Matching observed lines to transitions & grading...
  Matching complete.
Step 5.2: Resolving conflicts...
  Max number of conflicting assignments: 4
  Total number of conflicting assignments: 498
Step 5.3: Weeding assignments (iterative)...
  Baseline: Step1=10088, Step2=208, Step3=258, Accepted=5238
  Iteration 1: Step1=10096, Step2=205, Step3=253, Accepted=5238
  Iteration 1: 0 changes (+0 accepted, -0 rejected)
  Converged after 1 iteration(s).
  Blacklisted 60 oscillating transition(s) (cumulative).
Weeding complete. Decisions made: 10096 in Step1, 205 in Step2, 253 in Step3
  Total number of accepted assignments: 5238
  Accepted assignments: 5238, max energy change in optimization: 0.001252 cm^-1
Step 5 cycle 20:
Step 5.1: Matching observed lines to transitions & grading...
  Matching complete.
Step 5.2: Resolving conflicts...
  Max number of conflicting assignments: 4
  Total number of conflicting assignments: 499
Step 5.3: Weeding assignments (iterative)...
  Baseline: Step1=10088, Step2=208, Step3=258, Accepted=5237
  Iteration 1: Step1=10096, Step2=205, Step3=253, Accepted=5237
  Iteration 1: 0 changes (+0 accepted, -0 rejected)
  Converged after 1 iteration(s).
  Blacklisted 60 oscillating transition(s) (cumulative).
Weeding complete. Decisions made: 10096 in Step1, 205 in Step2, 253 in Step3
  Total number of accepted assignments: 5237
  Accepted assignments: 5237, max energy change in optimization: 0.001252 cm^-1
  Building output...
============================================================
Done.
============================================================

DELTA -9.7 cm^-1 (0.3 min): real accepted=4854 (-85 vs baseline), accepted decoy lines=383, decoys with >=1 line: 160 of 209
  real levels with changed support: 207 of 594

============================================================
classify_lines.py — Spectral Line Classification for Pr III
DECOY RUN: shadow copies of the new levels displaced by +-8.3 cm^-1
============================================================
Step 1: Reading energy levels...
  Read 593 energy levels.
    059003.000623  E = 132958.1760 cm^-1, J = 7/2, parity o
  Added 1 level(s) found since the level list was published, from new_levels.csv.
  Energies overridden for 8 level(s) from revised_level_energies.csv:
    059003.000424  133352.2000 -> 133078.0900 (-274.1100 cm^-1)
    059003.000503  132958.2200 -> 132876.5700 (-81.6500 cm^-1)
    059003.000518  134375.6000 -> 134502.4500 (+126.8500 cm^-1)
    059003.000565  119225.5200 -> 118967.3776 (-258.1424 cm^-1)
    059003.000577  131980.0000 -> 132070.1563 (+90.1563 cm^-1)
    059003.000600  136596.3700 -> 136638.4947 (+42.1247 cm^-1)
    059003.000607  138783.5000 -> 138788.5820 (+5.0820 cm^-1)
    059003.000622  141328.8500 -> 141440.8418 (+111.9918 cm^-1)
Step 2: Reading calculated transitions...
  Read 30206 calculated transitions.
  Read 95 further calculated transitions from icalc_new.xlsx (Icalc recomputed from gA with C = 269.98, kT = 12233.1 cm^-1).
  Added 209 decoy levels (displaced by +-8.3 cm^-1) and 42904 decoy Icalc entries.
Step 3: Reading observed spectral lines...
  Read 6667 observed lines.
Step 4: Generating all possible transitions...
  Generated 51643 possible transitions.
  2055 of them are absent from Icalc.xlsx and were given an imputed intensity.
Step 5 cycle 1:
Step 5.1: Matching observed lines to transitions & grading...
  Matching complete.
Step 5.2: Resolving conflicts...
  Max number of conflicting assignments: 3
  Total number of conflicting assignments: 253
Step 5.3: Weeding assignments (iterative)...
  Baseline: Step1=8424, Step2=177, Step3=173, Accepted=4922
  Iteration 1: Step1=8424, Step2=177, Step3=173, Accepted=4922
  Iteration 1: 0 changes (+0 accepted, -0 rejected)
  Converged after 1 iteration(s).
Weeding complete. Decisions made: 8424 in Step1, 177 in Step2, 173 in Step3
  Total number of accepted assignments: 4922
  Accepted assignments: 4922, max energy change in optimization: 45.521240 cm^-1
Step 5 cycle 2:
Step 5.1: Matching observed lines to transitions & grading...
  Matching complete.
Step 5.2: Resolving conflicts...
  Max number of conflicting assignments: 69
  Total number of conflicting assignments: 743
Step 5.3: Weeding assignments (iterative)...
  Baseline: Step1=10910, Step2=230, Step3=235, Accepted=5247
  Iteration 1: Step1=10931, Step2=224, Step3=220, Accepted=5242
  Iteration 1: 7 changes (+1 accepted, -6 rejected)
  Iteration 2: Step1=10931, Step2=224, Step3=220, Accepted=5242
  Iteration 2: 0 changes (+0 accepted, -0 rejected)
  Converged after 2 iteration(s).
Weeding complete. Decisions made: 10931 in Step1, 224 in Step2, 220 in Step3
  Total number of accepted assignments: 5242
  Accepted assignments: 5242, max energy change in optimization: 2.546440 cm^-1
Step 5 cycle 3:
Step 5.1: Matching observed lines to transitions & grading...
  Matching complete.
Step 5.2: Resolving conflicts...
  Max number of conflicting assignments: 53
  Total number of conflicting assignments: 632
Step 5.3: Weeding assignments (iterative)...
  Baseline: Step1=10591, Step2=202, Step3=215, Accepted=5228
  Iteration 1: Step1=10587, Step2=203, Step3=218, Accepted=5226
  Iteration 1: 4 changes (+1 accepted, -3 rejected)
  Iteration 2: Step1=10587, Step2=203, Step3=218, Accepted=5226
  Iteration 2: 0 changes (+0 accepted, -0 rejected)
  Converged after 2 iteration(s).
Weeding complete. Decisions made: 10587 in Step1, 203 in Step2, 218 in Step3
  Total number of accepted assignments: 5226
  Blacklisted 23 transition(s) oscillating between cycles.
  Accepted assignments: 5226, max energy change in optimization: 17.127101 cm^-1
Step 5 cycle 4:
Step 5.1: Matching observed lines to transitions & grading...
  Matching complete.
Step 5.2: Resolving conflicts...
  Max number of conflicting assignments: 46
  Total number of conflicting assignments: 555
Step 5.3: Weeding assignments (iterative)...
  Baseline: Step1=10295, Step2=202, Step3=239, Accepted=5211
  Iteration 1: Step1=10296, Step2=196, Step3=244, Accepted=5211
  Iteration 1: 4 changes (+2 accepted, -2 rejected)
  Iteration 2: Step1=10296, Step2=196, Step3=244, Accepted=5211
  Iteration 2: 0 changes (+0 accepted, -0 rejected)
  Converged after 2 iteration(s).
  Blacklisted 23 oscillating transition(s) (cumulative).
Weeding complete. Decisions made: 10296 in Step1, 196 in Step2, 244 in Step3
  Total number of accepted assignments: 5211
  Blacklisted 25 transition(s) oscillating between cycles.
  Accepted assignments: 5211, max energy change in optimization: 12.290472 cm^-1
Step 5 cycle 5:
Step 5.1: Matching observed lines to transitions & grading...
  Matching complete.
Step 5.2: Resolving conflicts...
  Max number of conflicting assignments: 46
  Total number of conflicting assignments: 527
Step 5.3: Weeding assignments (iterative)...
  Baseline: Step1=10111, Step2=203, Step3=256, Accepted=5206
  Iteration 1: Step1=10120, Step2=199, Step3=251, Accepted=5203
  Iteration 1: 3 changes (+0 accepted, -3 rejected)
  Iteration 2: Step1=10120, Step2=199, Step3=251, Accepted=5203
  Iteration 2: 0 changes (+0 accepted, -0 rejected)
  Converged after 2 iteration(s).
  Blacklisted 48 oscillating transition(s) (cumulative).
Weeding complete. Decisions made: 10120 in Step1, 199 in Step2, 251 in Step3
  Total number of accepted assignments: 5203
  Blacklisted 11 transition(s) oscillating between cycles.
  Accepted assignments: 5203, max energy change in optimization: 5.452303 cm^-1
Step 5 cycle 6:
Step 5.1: Matching observed lines to transitions & grading...
  Matching complete.
Step 5.2: Resolving conflicts...
  Max number of conflicting assignments: 40
  Total number of conflicting assignments: 533
Step 5.3: Weeding assignments (iterative)...
  Baseline: Step1=10118, Step2=199, Step3=263, Accepted=5201
  Iteration 1: Step1=10130, Step2=195, Step3=255, Accepted=5200
  Iteration 1: 1 changes (+0 accepted, -1 rejected)
  Iteration 2: Step1=10130, Step2=195, Step3=255, Accepted=5200
  Iteration 2: 0 changes (+0 accepted, -0 rejected)
  Converged after 2 iteration(s).
  Blacklisted 59 oscillating transition(s) (cumulative).
Weeding complete. Decisions made: 10130 in Step1, 195 in Step2, 255 in Step3
  Total number of accepted assignments: 5200
  Blacklisted 1 transition(s) oscillating between cycles.
  Accepted assignments: 5200, max energy change in optimization: 48.105583 cm^-1
Step 5 cycle 7:
Step 5.1: Matching observed lines to transitions & grading...
  Matching complete.
Step 5.2: Resolving conflicts...
  Max number of conflicting assignments: 40
  Total number of conflicting assignments: 545
Step 5.3: Weeding assignments (iterative)...
  Baseline: Step1=10139, Step2=195, Step3=257, Accepted=5199
  Iteration 1: Step1=10144, Step2=191, Step3=256, Accepted=5198
  Iteration 1: 1 changes (+0 accepted, -1 rejected)
  Iteration 2: Step1=10144, Step2=191, Step3=256, Accepted=5198
  Iteration 2: 0 changes (+0 accepted, -0 rejected)
  Converged after 2 iteration(s).
  Blacklisted 60 oscillating transition(s) (cumulative).
Weeding complete. Decisions made: 10144 in Step1, 191 in Step2, 256 in Step3
  Total number of accepted assignments: 5198
  Blacklisted 1 transition(s) oscillating between cycles.
  Accepted assignments: 5198, max energy change in optimization: 33.720932 cm^-1
Step 5 cycle 8:
Step 5.1: Matching observed lines to transitions & grading...
  Matching complete.
Step 5.2: Resolving conflicts...
  Max number of conflicting assignments: 26
  Total number of conflicting assignments: 540
Step 5.3: Weeding assignments (iterative)...
  Baseline: Step1=10114, Step2=189, Step3=258, Accepted=5198
  Iteration 1: Step1=10121, Step2=186, Step3=254, Accepted=5197
  Iteration 1: 1 changes (+0 accepted, -1 rejected)
  Iteration 2: Step1=10121, Step2=186, Step3=254, Accepted=5197
  Iteration 2: 0 changes (+0 accepted, -0 rejected)
  Converged after 2 iteration(s).
  Blacklisted 61 oscillating transition(s) (cumulative).
Weeding complete. Decisions made: 10121 in Step1, 186 in Step2, 254 in Step3
  Total number of accepted assignments: 5197
  Blacklisted 2 transition(s) oscillating between cycles.
  Accepted assignments: 5197, max energy change in optimization: 33.137357 cm^-1
Step 5 cycle 9:
Step 5.1: Matching observed lines to transitions & grading...
  Matching complete.
Step 5.2: Resolving conflicts...
  Max number of conflicting assignments: 13
  Total number of conflicting assignments: 533
Step 5.3: Weeding assignments (iterative)...
  Baseline: Step1=10115, Step2=191, Step3=258, Accepted=5190
  Iteration 1: Step1=10121, Step2=187, Step3=256, Accepted=5189
  Iteration 1: 1 changes (+0 accepted, -1 rejected)
  Iteration 2: Step1=10121, Step2=187, Step3=256, Accepted=5189
  Iteration 2: 0 changes (+0 accepted, -0 rejected)
  Converged after 2 iteration(s).
  Blacklisted 63 oscillating transition(s) (cumulative).
Weeding complete. Decisions made: 10121 in Step1, 187 in Step2, 256 in Step3
  Total number of accepted assignments: 5189
  Blacklisted 1 transition(s) oscillating between cycles.
  Accepted assignments: 5189, max energy change in optimization: 53.848246 cm^-1
Step 5 cycle 10:
Step 5.1: Matching observed lines to transitions & grading...
  Matching complete.
Step 5.2: Resolving conflicts...
  Max number of conflicting assignments: 52
  Total number of conflicting assignments: 544
Step 5.3: Weeding assignments (iterative)...
  Baseline: Step1=10109, Step2=188, Step3=258, Accepted=5193
  Iteration 1: Step1=10115, Step2=184, Step3=256, Accepted=5192
  Iteration 1: 1 changes (+0 accepted, -1 rejected)
  Iteration 2: Step1=10115, Step2=184, Step3=256, Accepted=5192
  Iteration 2: 0 changes (+0 accepted, -0 rejected)
  Converged after 2 iteration(s).
  Blacklisted 64 oscillating transition(s) (cumulative).
Weeding complete. Decisions made: 10115 in Step1, 184 in Step2, 256 in Step3
  Total number of accepted assignments: 5192
  Accepted assignments: 5192, max energy change in optimization: 11.273491 cm^-1
Step 5 cycle 11:
Step 5.1: Matching observed lines to transitions & grading...
  Matching complete.
Step 5.2: Resolving conflicts...
  Max number of conflicting assignments: 4
  Total number of conflicting assignments: 509
Step 5.3: Weeding assignments (iterative)...
  Baseline: Step1=10081, Step2=185, Step3=257, Accepted=5190
  Iteration 1: Step1=10088, Step2=180, Step3=255, Accepted=5189
  Iteration 1: 1 changes (+0 accepted, -1 rejected)
  Iteration 2: Step1=10088, Step2=180, Step3=255, Accepted=5189
  Iteration 2: 0 changes (+0 accepted, -0 rejected)
  Converged after 2 iteration(s).
  Blacklisted 64 oscillating transition(s) (cumulative).
Weeding complete. Decisions made: 10088 in Step1, 180 in Step2, 255 in Step3
  Total number of accepted assignments: 5189
  Accepted assignments: 5189, max energy change in optimization: 12.876558 cm^-1
Step 5 cycle 12:
Step 5.1: Matching observed lines to transitions & grading...
  Matching complete.
Step 5.2: Resolving conflicts...
  Max number of conflicting assignments: 4
  Total number of conflicting assignments: 508
Step 5.3: Weeding assignments (iterative)...
  Baseline: Step1=10079, Step2=184, Step3=257, Accepted=5190
  Iteration 1: Step1=10085, Step2=180, Step3=255, Accepted=5189
  Iteration 1: 1 changes (+0 accepted, -1 rejected)
  Iteration 2: Step1=10085, Step2=180, Step3=255, Accepted=5189
  Iteration 2: 0 changes (+0 accepted, -0 rejected)
  Converged after 2 iteration(s).
  Blacklisted 64 oscillating transition(s) (cumulative).
Weeding complete. Decisions made: 10085 in Step1, 180 in Step2, 255 in Step3
  Total number of accepted assignments: 5189
  Accepted assignments: 5189, max energy change in optimization: 0.000000 cm^-1
  Building output...
============================================================
Done.
============================================================

DELTA -8.3 cm^-1 (0.3 min): real accepted=4859 (-80 vs baseline), accepted decoy lines=330, decoys with >=1 line: 137 of 209
  real levels with changed support: 184 of 594

============================================================
classify_lines.py — Spectral Line Classification for Pr III
DECOY RUN: shadow copies of the new levels displaced by +-6.9 cm^-1
============================================================
Step 1: Reading energy levels...
  Read 593 energy levels.
    059003.000623  E = 132958.1760 cm^-1, J = 7/2, parity o
  Added 1 level(s) found since the level list was published, from new_levels.csv.
  Energies overridden for 8 level(s) from revised_level_energies.csv:
    059003.000424  133352.2000 -> 133078.0900 (-274.1100 cm^-1)
    059003.000503  132958.2200 -> 132876.5700 (-81.6500 cm^-1)
    059003.000518  134375.6000 -> 134502.4500 (+126.8500 cm^-1)
    059003.000565  119225.5200 -> 118967.3776 (-258.1424 cm^-1)
    059003.000577  131980.0000 -> 132070.1563 (+90.1563 cm^-1)
    059003.000600  136596.3700 -> 136638.4947 (+42.1247 cm^-1)
    059003.000607  138783.5000 -> 138788.5820 (+5.0820 cm^-1)
    059003.000622  141328.8500 -> 141440.8418 (+111.9918 cm^-1)
Step 2: Reading calculated transitions...
  Read 30206 calculated transitions.
  Read 95 further calculated transitions from icalc_new.xlsx (Icalc recomputed from gA with C = 269.98, kT = 12233.1 cm^-1).
  Added 209 decoy levels (displaced by +-6.9 cm^-1) and 42904 decoy Icalc entries.
Step 3: Reading observed spectral lines...
  Read 6667 observed lines.
Step 4: Generating all possible transitions...
  Generated 51643 possible transitions.
  2055 of them are absent from Icalc.xlsx and were given an imputed intensity.
Step 5 cycle 1:
Step 5.1: Matching observed lines to transitions & grading...
  Matching complete.
Step 5.2: Resolving conflicts...
  Max number of conflicting assignments: 3
  Total number of conflicting assignments: 256
Step 5.3: Weeding assignments (iterative)...
  Baseline: Step1=8474, Step2=181, Step3=199, Accepted=4931
  Iteration 1: Step1=8474, Step2=181, Step3=199, Accepted=4931
  Iteration 1: 0 changes (+0 accepted, -0 rejected)
  Converged after 1 iteration(s).
Weeding complete. Decisions made: 8474 in Step1, 181 in Step2, 199 in Step3
  Total number of accepted assignments: 4931
  Accepted assignments: 4931, max energy change in optimization: 77.752115 cm^-1
Step 5 cycle 2:
Step 5.1: Matching observed lines to transitions & grading...
  Matching complete.
Step 5.2: Resolving conflicts...
  Max number of conflicting assignments: 72
  Total number of conflicting assignments: 733
Step 5.3: Weeding assignments (iterative)...
  Baseline: Step1=10872, Step2=246, Step3=246, Accepted=5260
  Iteration 1: Step1=10894, Step2=238, Step3=232, Accepted=5255
  Iteration 1: 5 changes (+0 accepted, -5 rejected)
  Iteration 2: Step1=10894, Step2=238, Step3=232, Accepted=5255
  Iteration 2: 0 changes (+0 accepted, -0 rejected)
  Converged after 2 iteration(s).
Weeding complete. Decisions made: 10894 in Step1, 238 in Step2, 232 in Step3
  Total number of accepted assignments: 5255
  Accepted assignments: 5255, max energy change in optimization: 31.067539 cm^-1
Step 5 cycle 3:
Step 5.1: Matching observed lines to transitions & grading...
  Matching complete.
Step 5.2: Resolving conflicts...
  Max number of conflicting assignments: 40
  Total number of conflicting assignments: 666
Step 5.3: Weeding assignments (iterative)...
  Baseline: Step1=10636, Step2=222, Step3=229, Accepted=5256
  Iteration 1: Step1=10635, Step2=217, Step3=235, Accepted=5256
  Iteration 1: 4 changes (+2 accepted, -2 rejected)
  Iteration 2: Step1=10635, Step2=217, Step3=235, Accepted=5256
  Iteration 2: 0 changes (+0 accepted, -0 rejected)
  Converged after 2 iteration(s).
Weeding complete. Decisions made: 10635 in Step1, 217 in Step2, 235 in Step3
  Total number of accepted assignments: 5256
  Blacklisted 34 transition(s) oscillating between cycles.
  Accepted assignments: 5256, max energy change in optimization: 48.187427 cm^-1
Step 5 cycle 4:
Step 5.1: Matching observed lines to transitions & grading...
  Matching complete.
Step 5.2: Resolving conflicts...
  Max number of conflicting assignments: 42
  Total number of conflicting assignments: 622
Step 5.3: Weeding assignments (iterative)...
  Baseline: Step1=10481, Step2=210, Step3=261, Accepted=5228
  Iteration 1: Step1=10462, Step2=212, Step3=278, Accepted=5232
  Iteration 1: 6 changes (+5 accepted, -1 rejected)
  Iteration 2: Step1=10462, Step2=212, Step3=278, Accepted=5232
  Iteration 2: 0 changes (+0 accepted, -0 rejected)
  Converged after 2 iteration(s).
  Blacklisted 34 oscillating transition(s) (cumulative).
Weeding complete. Decisions made: 10462 in Step1, 212 in Step2, 278 in Step3
  Total number of accepted assignments: 5232
  Blacklisted 33 transition(s) oscillating between cycles.
  Accepted assignments: 5232, max energy change in optimization: 62.032428 cm^-1
Step 5 cycle 5:
Step 5.1: Matching observed lines to transitions & grading...
  Matching complete.
Step 5.2: Resolving conflicts...
  Max number of conflicting assignments: 16
  Total number of conflicting assignments: 560
Step 5.3: Weeding assignments (iterative)...
  Baseline: Step1=10315, Step2=217, Step3=285, Accepted=5199
  Iteration 1: Step1=10338, Step2=211, Step3=268, Accepted=5197
  Iteration 1: 4 changes (+1 accepted, -3 rejected)
  Iteration 2: Step1=10338, Step2=211, Step3=268, Accepted=5197
  Iteration 2: 0 changes (+0 accepted, -0 rejected)
  Converged after 2 iteration(s).
  Blacklisted 67 oscillating transition(s) (cumulative).
Weeding complete. Decisions made: 10338 in Step1, 211 in Step2, 268 in Step3
  Total number of accepted assignments: 5197
  Blacklisted 30 transition(s) oscillating between cycles.
  Accepted assignments: 5197, max energy change in optimization: 1.762069 cm^-1
Step 5 cycle 6:
Step 5.1: Matching observed lines to transitions & grading...
  Matching complete.
Step 5.2: Resolving conflicts...
  Max number of conflicting assignments: 23
  Total number of conflicting assignments: 558
Step 5.3: Weeding assignments (iterative)...
  Baseline: Step1=10240, Step2=197, Step3=310, Accepted=5184
  Iteration 1: Step1=10243, Step2=193, Step3=311, Accepted=5183
  Iteration 1: 1 changes (+0 accepted, -1 rejected)
  Iteration 2: Step1=10243, Step2=193, Step3=311, Accepted=5183
  Iteration 2: 0 changes (+0 accepted, -0 rejected)
  Converged after 2 iteration(s).
  Blacklisted 97 oscillating transition(s) (cumulative).
Weeding complete. Decisions made: 10243 in Step1, 193 in Step2, 311 in Step3
  Total number of accepted assignments: 5183
  Blacklisted 1 transition(s) oscillating between cycles.
  Accepted assignments: 5183, max energy change in optimization: 48.908330 cm^-1
Step 5 cycle 7:
Step 5.1: Matching observed lines to transitions & grading...
  Matching complete.
Step 5.2: Resolving conflicts...
  Max number of conflicting assignments: 4
  Total number of conflicting assignments: 517
Step 5.3: Weeding assignments (iterative)...
  Baseline: Step1=10177, Step2=194, Step3=302, Accepted=5186
  Iteration 1: Step1=10182, Step2=192, Step3=299, Accepted=5185
  Iteration 1: 1 changes (+0 accepted, -1 rejected)
  Iteration 2: Step1=10182, Step2=192, Step3=299, Accepted=5185
  Iteration 2: 0 changes (+0 accepted, -0 rejected)
  Converged after 2 iteration(s).
  Blacklisted 98 oscillating transition(s) (cumulative).
Weeding complete. Decisions made: 10182 in Step1, 192 in Step2, 299 in Step3
  Total number of accepted assignments: 5185
  Blacklisted 8 transition(s) oscillating between cycles.
  Accepted assignments: 5185, max energy change in optimization: 5.851788 cm^-1
Step 5 cycle 8:
Step 5.1: Matching observed lines to transitions & grading...
  Matching complete.
Step 5.2: Resolving conflicts...
  Max number of conflicting assignments: 4
  Total number of conflicting assignments: 513
Step 5.3: Weeding assignments (iterative)...
  Baseline: Step1=10154, Step2=187, Step3=311, Accepted=5175
  Iteration 1: Step1=10159, Step2=185, Step3=308, Accepted=5175
  Iteration 1: 0 changes (+0 accepted, -0 rejected)
  Converged after 1 iteration(s).
  Blacklisted 106 oscillating transition(s) (cumulative).
Weeding complete. Decisions made: 10159 in Step1, 185 in Step2, 308 in Step3
  Total number of accepted assignments: 5175
  Accepted assignments: 5175, max energy change in optimization: 0.240024 cm^-1
Step 5 cycle 9:
Step 5.1: Matching observed lines to transitions & grading...
  Matching complete.
Step 5.2: Resolving conflicts...
  Max number of conflicting assignments: 4
  Total number of conflicting assignments: 514
Step 5.3: Weeding assignments (iterative)...
  Baseline: Step1=10159, Step2=189, Step3=305, Accepted=5176
  Iteration 1: Step1=10164, Step2=187, Step3=302, Accepted=5176
  Iteration 1: 0 changes (+0 accepted, -0 rejected)
  Converged after 1 iteration(s).
  Blacklisted 106 oscillating transition(s) (cumulative).
Weeding complete. Decisions made: 10164 in Step1, 187 in Step2, 302 in Step3
  Total number of accepted assignments: 5176
  Blacklisted 2 transition(s) oscillating between cycles.
  Accepted assignments: 5176, max energy change in optimization: 0.573496 cm^-1
Step 5 cycle 10:
Step 5.1: Matching observed lines to transitions & grading...
  Matching complete.
Step 5.2: Resolving conflicts...
  Max number of conflicting assignments: 4
  Total number of conflicting assignments: 512
Step 5.3: Weeding assignments (iterative)...
  Baseline: Step1=10151, Step2=186, Step3=309, Accepted=5174
  Iteration 1: Step1=10156, Step2=184, Step3=306, Accepted=5174
  Iteration 1: 0 changes (+0 accepted, -0 rejected)
  Converged after 1 iteration(s).
  Blacklisted 108 oscillating transition(s) (cumulative).
Weeding complete. Decisions made: 10156 in Step1, 184 in Step2, 306 in Step3
  Total number of accepted assignments: 5174
  Accepted assignments: 5174, max energy change in optimization: 0.173255 cm^-1
Step 5 cycle 11:
Step 5.1: Matching observed lines to transitions & grading...
  Matching complete.
Step 5.2: Resolving conflicts...
  Max number of conflicting assignments: 4
  Total number of conflicting assignments: 512
Step 5.3: Weeding assignments (iterative)...
  Baseline: Step1=10153, Step2=186, Step3=308, Accepted=5174
  Iteration 1: Step1=10158, Step2=184, Step3=305, Accepted=5174
  Iteration 1: 0 changes (+0 accepted, -0 rejected)
  Converged after 1 iteration(s).
  Blacklisted 108 oscillating transition(s) (cumulative).
Weeding complete. Decisions made: 10158 in Step1, 184 in Step2, 305 in Step3
  Total number of accepted assignments: 5174
  Accepted assignments: 5174, max energy change in optimization: 0.000000 cm^-1
  Building output...
============================================================
Done.
============================================================

DELTA -6.9 cm^-1 (0.2 min): real accepted=4825 (-114 vs baseline), accepted decoy lines=349, decoys with >=1 line: 140 of 209
  real levels with changed support: 219 of 594

============================================================
classify_lines.py — Spectral Line Classification for Pr III
DECOY RUN: shadow copies of the new levels displaced by +-6.9 cm^-1
============================================================
Step 1: Reading energy levels...
  Read 593 energy levels.
    059003.000623  E = 132958.1760 cm^-1, J = 7/2, parity o
  Added 1 level(s) found since the level list was published, from new_levels.csv.
  Energies overridden for 8 level(s) from revised_level_energies.csv:
    059003.000424  133352.2000 -> 133078.0900 (-274.1100 cm^-1)
    059003.000503  132958.2200 -> 132876.5700 (-81.6500 cm^-1)
    059003.000518  134375.6000 -> 134502.4500 (+126.8500 cm^-1)
    059003.000565  119225.5200 -> 118967.3776 (-258.1424 cm^-1)
    059003.000577  131980.0000 -> 132070.1563 (+90.1563 cm^-1)
    059003.000600  136596.3700 -> 136638.4947 (+42.1247 cm^-1)
    059003.000607  138783.5000 -> 138788.5820 (+5.0820 cm^-1)
    059003.000622  141328.8500 -> 141440.8418 (+111.9918 cm^-1)
Step 2: Reading calculated transitions...
  Read 30206 calculated transitions.
  Read 95 further calculated transitions from icalc_new.xlsx (Icalc recomputed from gA with C = 269.98, kT = 12233.1 cm^-1).
  Added 209 decoy levels (displaced by +-6.9 cm^-1) and 42904 decoy Icalc entries.
Step 3: Reading observed spectral lines...
  Read 6667 observed lines.
Step 4: Generating all possible transitions...
  Generated 51642 possible transitions.
  2055 of them are absent from Icalc.xlsx and were given an imputed intensity.
Step 5 cycle 1:
Step 5.1: Matching observed lines to transitions & grading...
  Matching complete.
Step 5.2: Resolving conflicts...
  Max number of conflicting assignments: 3
  Total number of conflicting assignments: 252
Step 5.3: Weeding assignments (iterative)...
  Baseline: Step1=8441, Step2=194, Step3=194, Accepted=4943
  Iteration 1: Step1=8441, Step2=194, Step3=194, Accepted=4943
  Iteration 1: 0 changes (+0 accepted, -0 rejected)
  Converged after 1 iteration(s).
Weeding complete. Decisions made: 8441 in Step1, 194 in Step2, 194 in Step3
  Total number of accepted assignments: 4943
  Accepted assignments: 4943, max energy change in optimization: 77.752155 cm^-1
Step 5 cycle 2:
Step 5.1: Matching observed lines to transitions & grading...
  Matching complete.
Step 5.2: Resolving conflicts...
  Max number of conflicting assignments: 72
  Total number of conflicting assignments: 743
Step 5.3: Weeding assignments (iterative)...
  Baseline: Step1=11021, Step2=241, Step3=245, Accepted=5277
  Iteration 1: Step1=11045, Step2=233, Step3=229, Accepted=5273
  Iteration 1: 4 changes (+0 accepted, -4 rejected)
  Iteration 2: Step1=11045, Step2=233, Step3=229, Accepted=5273
  Iteration 2: 0 changes (+0 accepted, -0 rejected)
  Converged after 2 iteration(s).
Weeding complete. Decisions made: 11045 in Step1, 233 in Step2, 229 in Step3
  Total number of accepted assignments: 5273
  Accepted assignments: 5273, max energy change in optimization: 30.886785 cm^-1
Step 5 cycle 3:
Step 5.1: Matching observed lines to transitions & grading...
  Matching complete.
Step 5.2: Resolving conflicts...
  Max number of conflicting assignments: 39
  Total number of conflicting assignments: 683
Step 5.3: Weeding assignments (iterative)...
  Baseline: Step1=10783, Step2=238, Step3=211, Accepted=5265
  Iteration 1: Step1=10778, Step2=236, Step3=218, Accepted=5263
  Iteration 1: 4 changes (+1 accepted, -3 rejected)
  Iteration 2: Step1=10778, Step2=236, Step3=218, Accepted=5263
  Iteration 2: 0 changes (+0 accepted, -0 rejected)
  Converged after 2 iteration(s).
Weeding complete. Decisions made: 10778 in Step1, 236 in Step2, 218 in Step3
  Total number of accepted assignments: 5263
  Blacklisted 30 transition(s) oscillating between cycles.
  Accepted assignments: 5263, max energy change in optimization: 47.765543 cm^-1
Step 5 cycle 4:
Step 5.1: Matching observed lines to transitions & grading...
  Matching complete.
Step 5.2: Resolving conflicts...
  Max number of conflicting assignments: 41
  Total number of conflicting assignments: 547
Step 5.3: Weeding assignments (iterative)...
  Baseline: Step1=10359, Step2=217, Step3=251, Accepted=5241
  Iteration 1: Step1=10382, Step2=205, Step3=240, Accepted=5240
  Iteration 1: 3 changes (+1 accepted, -2 rejected)
  Iteration 2: Step1=10382, Step2=205, Step3=240, Accepted=5240
  Iteration 2: 0 changes (+0 accepted, -0 rejected)
  Converged after 2 iteration(s).
  Blacklisted 30 oscillating transition(s) (cumulative).
Weeding complete. Decisions made: 10382 in Step1, 205 in Step2, 240 in Step3
  Total number of accepted assignments: 5240
  Blacklisted 40 transition(s) oscillating between cycles.
  Accepted assignments: 5240, max energy change in optimization: 66.929339 cm^-1
Step 5 cycle 5:
Step 5.1: Matching observed lines to transitions & grading...
  Matching complete.
Step 5.2: Resolving conflicts...
  Max number of conflicting assignments: 15
  Total number of conflicting assignments: 486
Step 5.3: Weeding assignments (iterative)...
  Baseline: Step1=10224, Step2=195, Step3=256, Accepted=5218
  Iteration 1: Step1=10237, Step2=189, Step3=249, Accepted=5215
  Iteration 1: 3 changes (+0 accepted, -3 rejected)
  Iteration 2: Step1=10237, Step2=189, Step3=249, Accepted=5215
  Iteration 2: 0 changes (+0 accepted, -0 rejected)
  Converged after 2 iteration(s).
  Blacklisted 70 oscillating transition(s) (cumulative).
Weeding complete. Decisions made: 10237 in Step1, 189 in Step2, 249 in Step3
  Total number of accepted assignments: 5215
  Blacklisted 21 transition(s) oscillating between cycles.
  Accepted assignments: 5215, max energy change in optimization: 15.047604 cm^-1
Step 5 cycle 6:
Step 5.1: Matching observed lines to transitions & grading...
  Matching complete.
Step 5.2: Resolving conflicts...
  Max number of conflicting assignments: 31
  Total number of conflicting assignments: 466
Step 5.3: Weeding assignments (iterative)...
  Baseline: Step1=10158, Step2=195, Step3=260, Accepted=5219
  Iteration 1: Step1=10168, Step2=188, Step3=257, Accepted=5216
  Iteration 1: 3 changes (+0 accepted, -3 rejected)
  Iteration 2: Step1=10168, Step2=188, Step3=257, Accepted=5216
  Iteration 2: 0 changes (+0 accepted, -0 rejected)
  Converged after 2 iteration(s).
  Blacklisted 91 oscillating transition(s) (cumulative).
Weeding complete. Decisions made: 10168 in Step1, 188 in Step2, 257 in Step3
  Total number of accepted assignments: 5216
  Blacklisted 6 transition(s) oscillating between cycles.
  Accepted assignments: 5216, max energy change in optimization: 18.373266 cm^-1
Step 5 cycle 7:
Step 5.1: Matching observed lines to transitions & grading...
  Matching complete.
Step 5.2: Resolving conflicts...
  Max number of conflicting assignments: 5
  Total number of conflicting assignments: 425
Step 5.3: Weeding assignments (iterative)...
  Baseline: Step1=10080, Step2=191, Step3=260, Accepted=5210
  Iteration 1: Step1=10093, Step2=184, Step3=254, Accepted=5209
  Iteration 1: 3 changes (+1 accepted, -2 rejected)
  Iteration 2: Step1=10093, Step2=184, Step3=254, Accepted=5209
  Iteration 2: 0 changes (+0 accepted, -0 rejected)
  Converged after 2 iteration(s).
  Blacklisted 97 oscillating transition(s) (cumulative).
Weeding complete. Decisions made: 10093 in Step1, 184 in Step2, 254 in Step3
  Total number of accepted assignments: 5209
  Blacklisted 2 transition(s) oscillating between cycles.
  Accepted assignments: 5209, max energy change in optimization: 17.266400 cm^-1
Step 5 cycle 8:
Step 5.1: Matching observed lines to transitions & grading...
  Matching complete.
Step 5.2: Resolving conflicts...
  Max number of conflicting assignments: 5
  Total number of conflicting assignments: 429
Step 5.3: Weeding assignments (iterative)...
  Baseline: Step1=10065, Step2=188, Step3=264, Accepted=5202
  Iteration 1: Step1=10075, Step2=181, Step3=261, Accepted=5199
  Iteration 1: 3 changes (+0 accepted, -3 rejected)
  Iteration 2: Step1=10075, Step2=181, Step3=261, Accepted=5199
  Iteration 2: 0 changes (+0 accepted, -0 rejected)
  Converged after 2 iteration(s).
  Blacklisted 99 oscillating transition(s) (cumulative).
Weeding complete. Decisions made: 10075 in Step1, 181 in Step2, 261 in Step3
  Total number of accepted assignments: 5199
  Accepted assignments: 5199, max energy change in optimization: 0.539422 cm^-1
Step 5 cycle 9:
Step 5.1: Matching observed lines to transitions & grading...
  Matching complete.
Step 5.2: Resolving conflicts...
  Max number of conflicting assignments: 5
  Total number of conflicting assignments: 428
Step 5.3: Weeding assignments (iterative)...
  Baseline: Step1=10068, Step2=185, Step3=265, Accepted=5201
  Iteration 1: Step1=10079, Step2=178, Step3=261, Accepted=5199
  Iteration 1: 2 changes (+0 accepted, -2 rejected)
  Iteration 2: Step1=10079, Step2=178, Step3=261, Accepted=5199
  Iteration 2: 0 changes (+0 accepted, -0 rejected)
  Converged after 2 iteration(s).
  Blacklisted 99 oscillating transition(s) (cumulative).
Weeding complete. Decisions made: 10079 in Step1, 178 in Step2, 261 in Step3
  Total number of accepted assignments: 5199
  Accepted assignments: 5199, max energy change in optimization: 0.000000 cm^-1
  Building output...
============================================================
Done.
============================================================

DELTA +6.9 cm^-1 (0.2 min): real accepted=4867 (-72 vs baseline), accepted decoy lines=332, decoys with >=1 line: 144 of 209
  real levels with changed support: 167 of 594

============================================================
classify_lines.py — Spectral Line Classification for Pr III
DECOY RUN: shadow copies of the new levels displaced by +-8.3 cm^-1
============================================================
Step 1: Reading energy levels...
  Read 593 energy levels.
    059003.000623  E = 132958.1760 cm^-1, J = 7/2, parity o
  Added 1 level(s) found since the level list was published, from new_levels.csv.
  Energies overridden for 8 level(s) from revised_level_energies.csv:
    059003.000424  133352.2000 -> 133078.0900 (-274.1100 cm^-1)
    059003.000503  132958.2200 -> 132876.5700 (-81.6500 cm^-1)
    059003.000518  134375.6000 -> 134502.4500 (+126.8500 cm^-1)
    059003.000565  119225.5200 -> 118967.3776 (-258.1424 cm^-1)
    059003.000577  131980.0000 -> 132070.1563 (+90.1563 cm^-1)
    059003.000600  136596.3700 -> 136638.4947 (+42.1247 cm^-1)
    059003.000607  138783.5000 -> 138788.5820 (+5.0820 cm^-1)
    059003.000622  141328.8500 -> 141440.8418 (+111.9918 cm^-1)
Step 2: Reading calculated transitions...
  Read 30206 calculated transitions.
  Read 95 further calculated transitions from icalc_new.xlsx (Icalc recomputed from gA with C = 269.98, kT = 12233.1 cm^-1).
  Added 209 decoy levels (displaced by +-8.3 cm^-1) and 42904 decoy Icalc entries.
Step 3: Reading observed spectral lines...
  Read 6667 observed lines.
Step 4: Generating all possible transitions...
  Generated 51642 possible transitions.
  2055 of them are absent from Icalc.xlsx and were given an imputed intensity.
Step 5 cycle 1:
Step 5.1: Matching observed lines to transitions & grading...
  Matching complete.
Step 5.2: Resolving conflicts...
  Max number of conflicting assignments: 3
  Total number of conflicting assignments: 259
Step 5.3: Weeding assignments (iterative)...
  Baseline: Step1=8423, Step2=178, Step3=186, Accepted=4946
  Iteration 1: Step1=8423, Step2=178, Step3=186, Accepted=4946
  Iteration 1: 0 changes (+0 accepted, -0 rejected)
  Converged after 1 iteration(s).
Weeding complete. Decisions made: 8423 in Step1, 178 in Step2, 186 in Step3
  Total number of accepted assignments: 4946
  Accepted assignments: 4946, max energy change in optimization: 82.096834 cm^-1
Step 5 cycle 2:
Step 5.1: Matching observed lines to transitions & grading...
  Matching complete.
Step 5.2: Resolving conflicts...
  Max number of conflicting assignments: 72
  Total number of conflicting assignments: 747
Step 5.3: Weeding assignments (iterative)...
  Baseline: Step1=11037, Step2=244, Step3=256, Accepted=5293
  Iteration 1: Step1=11055, Step2=242, Step3=240, Accepted=5286
  Iteration 1: 7 changes (+0 accepted, -7 rejected)
  Iteration 2: Step1=11055, Step2=242, Step3=240, Accepted=5286
  Iteration 2: 0 changes (+0 accepted, -0 rejected)
  Converged after 2 iteration(s).
Weeding complete. Decisions made: 11055 in Step1, 242 in Step2, 240 in Step3
  Total number of accepted assignments: 5286
  Accepted assignments: 5286, max energy change in optimization: 31.420725 cm^-1
Step 5 cycle 3:
Step 5.1: Matching observed lines to transitions & grading...
  Matching complete.
Step 5.2: Resolving conflicts...
  Max number of conflicting assignments: 45
  Total number of conflicting assignments: 601
Step 5.3: Weeding assignments (iterative)...
  Baseline: Step1=10640, Step2=223, Step3=234, Accepted=5266
  Iteration 1: Step1=10645, Step2=223, Step3=229, Accepted=5266
  Iteration 1: 2 changes (+1 accepted, -1 rejected)
  Iteration 2: Step1=10645, Step2=223, Step3=229, Accepted=5266
  Iteration 2: 0 changes (+0 accepted, -0 rejected)
  Converged after 2 iteration(s).
Weeding complete. Decisions made: 10645 in Step1, 223 in Step2, 229 in Step3
  Total number of accepted assignments: 5266
  Blacklisted 29 transition(s) oscillating between cycles.
  Accepted assignments: 5266, max energy change in optimization: 26.271748 cm^-1
Step 5 cycle 4:
Step 5.1: Matching observed lines to transitions & grading...
  Matching complete.
Step 5.2: Resolving conflicts...
  Max number of conflicting assignments: 57
  Total number of conflicting assignments: 581
Step 5.3: Weeding assignments (iterative)...
  Baseline: Step1=10476, Step2=217, Step3=238, Accepted=5262
  Iteration 1: Step1=10479, Step2=215, Step3=237, Accepted=5261
  Iteration 1: 3 changes (+1 accepted, -2 rejected)
  Iteration 2: Step1=10479, Step2=215, Step3=237, Accepted=5261
  Iteration 2: 0 changes (+0 accepted, -0 rejected)
  Converged after 2 iteration(s).
  Blacklisted 29 oscillating transition(s) (cumulative).
Weeding complete. Decisions made: 10479 in Step1, 215 in Step2, 237 in Step3
  Total number of accepted assignments: 5261
  Blacklisted 24 transition(s) oscillating between cycles.
  Accepted assignments: 5261, max energy change in optimization: 56.242965 cm^-1
Step 5 cycle 5:
Step 5.1: Matching observed lines to transitions & grading...
  Matching complete.
Step 5.2: Resolving conflicts...
  Max number of conflicting assignments: 21
  Total number of conflicting assignments: 541
Step 5.3: Weeding assignments (iterative)...
  Baseline: Step1=10316, Step2=199, Step3=239, Accepted=5241
  Iteration 1: Step1=10321, Step2=198, Step3=235, Accepted=5239
  Iteration 1: 2 changes (+0 accepted, -2 rejected)
  Iteration 2: Step1=10321, Step2=198, Step3=235, Accepted=5239
  Iteration 2: 0 changes (+0 accepted, -0 rejected)
  Converged after 2 iteration(s).
  Blacklisted 53 oscillating transition(s) (cumulative).
Weeding complete. Decisions made: 10321 in Step1, 198 in Step2, 235 in Step3
  Total number of accepted assignments: 5239
  Blacklisted 4 transition(s) oscillating between cycles.
  Accepted assignments: 5239, max energy change in optimization: 25.934254 cm^-1
Step 5 cycle 6:
Step 5.1: Matching observed lines to transitions & grading...
  Matching complete.
Step 5.2: Resolving conflicts...
  Max number of conflicting assignments: 12
  Total number of conflicting assignments: 543
Step 5.3: Weeding assignments (iterative)...
  Baseline: Step1=10300, Step2=199, Step3=243, Accepted=5241
  Iteration 1: Step1=10305, Step2=198, Step3=239, Accepted=5241
  Iteration 1: 2 changes (+1 accepted, -1 rejected)
  Iteration 2: Step1=10305, Step2=198, Step3=239, Accepted=5241
  Iteration 2: 0 changes (+0 accepted, -0 rejected)
  Converged after 2 iteration(s).
  Blacklisted 57 oscillating transition(s) (cumulative).
Weeding complete. Decisions made: 10305 in Step1, 198 in Step2, 239 in Step3
  Total number of accepted assignments: 5241
  Blacklisted 2 transition(s) oscillating between cycles.
  Accepted assignments: 5241, max energy change in optimization: 52.054592 cm^-1
Step 5 cycle 7:
Step 5.1: Matching observed lines to transitions & grading...
  Matching complete.
Step 5.2: Resolving conflicts...
  Max number of conflicting assignments: 4
  Total number of conflicting assignments: 506
Step 5.3: Weeding assignments (iterative)...
  Baseline: Step1=10216, Step2=195, Step3=246, Accepted=5235
  Iteration 1: Step1=10221, Step2=194, Step3=242, Accepted=5233
  Iteration 1: 2 changes (+0 accepted, -2 rejected)
  Iteration 2: Step1=10221, Step2=194, Step3=242, Accepted=5233
  Iteration 2: 0 changes (+0 accepted, -0 rejected)
  Converged after 2 iteration(s).
  Blacklisted 59 oscillating transition(s) (cumulative).
Weeding complete. Decisions made: 10221 in Step1, 194 in Step2, 242 in Step3
  Total number of accepted assignments: 5233
  Accepted assignments: 5233, max energy change in optimization: 0.538997 cm^-1
Step 5 cycle 8:
Step 5.1: Matching observed lines to transitions & grading...
  Matching complete.
Step 5.2: Resolving conflicts...
  Max number of conflicting assignments: 4
  Total number of conflicting assignments: 508
Step 5.3: Weeding assignments (iterative)...
  Baseline: Step1=10223, Step2=195, Step3=245, Accepted=5236
  Iteration 1: Step1=10228, Step2=194, Step3=241, Accepted=5235
  Iteration 1: 1 changes (+0 accepted, -1 rejected)
  Iteration 2: Step1=10228, Step2=194, Step3=241, Accepted=5235
  Iteration 2: 0 changes (+0 accepted, -0 rejected)
  Converged after 2 iteration(s).
  Blacklisted 59 oscillating transition(s) (cumulative).
Weeding complete. Decisions made: 10228 in Step1, 194 in Step2, 241 in Step3
  Total number of accepted assignments: 5235
  Accepted assignments: 5235, max energy change in optimization: 0.149509 cm^-1
Step 5 cycle 9:
Step 5.1: Matching observed lines to transitions & grading...
  Matching complete.
Step 5.2: Resolving conflicts...
  Max number of conflicting assignments: 4
  Total number of conflicting assignments: 506
Step 5.3: Weeding assignments (iterative)...
  Baseline: Step1=10208, Step2=195, Step3=247, Accepted=5232
  Iteration 1: Step1=10213, Step2=194, Step3=243, Accepted=5231
  Iteration 1: 1 changes (+0 accepted, -1 rejected)
  Iteration 2: Step1=10213, Step2=194, Step3=243, Accepted=5231
  Iteration 2: 0 changes (+0 accepted, -0 rejected)
  Converged after 2 iteration(s).
  Blacklisted 59 oscillating transition(s) (cumulative).
Weeding complete. Decisions made: 10213 in Step1, 194 in Step2, 243 in Step3
  Total number of accepted assignments: 5231
  Blacklisted 3 transition(s) oscillating between cycles.
  Accepted assignments: 5231, max energy change in optimization: 0.121778 cm^-1
Step 5 cycle 10:
Step 5.1: Matching observed lines to transitions & grading...
  Matching complete.
Step 5.2: Resolving conflicts...
  Max number of conflicting assignments: 4
  Total number of conflicting assignments: 505
Step 5.3: Weeding assignments (iterative)...
  Baseline: Step1=10197, Step2=195, Step3=249, Accepted=5234
  Iteration 1: Step1=10202, Step2=194, Step3=245, Accepted=5233
  Iteration 1: 1 changes (+0 accepted, -1 rejected)
  Iteration 2: Step1=10202, Step2=194, Step3=245, Accepted=5233
  Iteration 2: 0 changes (+0 accepted, -0 rejected)
  Converged after 2 iteration(s).
  Blacklisted 62 oscillating transition(s) (cumulative).
Weeding complete. Decisions made: 10202 in Step1, 194 in Step2, 245 in Step3
  Total number of accepted assignments: 5233
  Blacklisted 2 transition(s) oscillating between cycles.
  Accepted assignments: 5233, max energy change in optimization: 0.129441 cm^-1
Step 5 cycle 11:
Step 5.1: Matching observed lines to transitions & grading...
  Matching complete.
Step 5.2: Resolving conflicts...
  Max number of conflicting assignments: 4
  Total number of conflicting assignments: 505
Step 5.3: Weeding assignments (iterative)...
  Baseline: Step1=10197, Step2=195, Step3=251, Accepted=5232
  Iteration 1: Step1=10202, Step2=194, Step3=247, Accepted=5231
  Iteration 1: 1 changes (+0 accepted, -1 rejected)
  Iteration 2: Step1=10202, Step2=194, Step3=247, Accepted=5231
  Iteration 2: 0 changes (+0 accepted, -0 rejected)
  Converged after 2 iteration(s).
  Blacklisted 64 oscillating transition(s) (cumulative).
Weeding complete. Decisions made: 10202 in Step1, 194 in Step2, 247 in Step3
  Total number of accepted assignments: 5231
  Accepted assignments: 5231, max energy change in optimization: 0.129441 cm^-1
Step 5 cycle 12:
Step 5.1: Matching observed lines to transitions & grading...
  Matching complete.
Step 5.2: Resolving conflicts...
  Max number of conflicting assignments: 4
  Total number of conflicting assignments: 505
Step 5.3: Weeding assignments (iterative)...
  Baseline: Step1=10196, Step2=194, Step3=251, Accepted=5232
  Iteration 1: Step1=10201, Step2=193, Step3=247, Accepted=5231
  Iteration 1: 1 changes (+0 accepted, -1 rejected)
  Iteration 2: Step1=10201, Step2=193, Step3=247, Accepted=5231
  Iteration 2: 0 changes (+0 accepted, -0 rejected)
  Converged after 2 iteration(s).
  Blacklisted 64 oscillating transition(s) (cumulative).
Weeding complete. Decisions made: 10201 in Step1, 193 in Step2, 247 in Step3
  Total number of accepted assignments: 5231
  Accepted assignments: 5231, max energy change in optimization: 0.000000 cm^-1
  Building output...
============================================================
Done.
============================================================

DELTA +8.3 cm^-1 (0.2 min): real accepted=4874 (-65 vs baseline), accepted decoy lines=357, decoys with >=1 line: 139 of 209
  real levels with changed support: 175 of 594

============================================================
classify_lines.py — Spectral Line Classification for Pr III
DECOY RUN: shadow copies of the new levels displaced by +-9.7 cm^-1
============================================================
Step 1: Reading energy levels...
  Read 593 energy levels.
    059003.000623  E = 132958.1760 cm^-1, J = 7/2, parity o
  Added 1 level(s) found since the level list was published, from new_levels.csv.
  Energies overridden for 8 level(s) from revised_level_energies.csv:
    059003.000424  133352.2000 -> 133078.0900 (-274.1100 cm^-1)
    059003.000503  132958.2200 -> 132876.5700 (-81.6500 cm^-1)
    059003.000518  134375.6000 -> 134502.4500 (+126.8500 cm^-1)
    059003.000565  119225.5200 -> 118967.3776 (-258.1424 cm^-1)
    059003.000577  131980.0000 -> 132070.1563 (+90.1563 cm^-1)
    059003.000600  136596.3700 -> 136638.4947 (+42.1247 cm^-1)
    059003.000607  138783.5000 -> 138788.5820 (+5.0820 cm^-1)
    059003.000622  141328.8500 -> 141440.8418 (+111.9918 cm^-1)
Step 2: Reading calculated transitions...
  Read 30206 calculated transitions.
  Read 95 further calculated transitions from icalc_new.xlsx (Icalc recomputed from gA with C = 269.98, kT = 12233.1 cm^-1).
  Added 209 decoy levels (displaced by +-9.7 cm^-1) and 42904 decoy Icalc entries.
Step 3: Reading observed spectral lines...
  Read 6667 observed lines.
Step 4: Generating all possible transitions...
  Generated 51640 possible transitions.
  2055 of them are absent from Icalc.xlsx and were given an imputed intensity.
Step 5 cycle 1:
Step 5.1: Matching observed lines to transitions & grading...
  Matching complete.
Step 5.2: Resolving conflicts...
  Max number of conflicting assignments: 3
  Total number of conflicting assignments: 267
Step 5.3: Weeding assignments (iterative)...
  Baseline: Step1=8474, Step2=175, Step3=190, Accepted=4944
  Iteration 1: Step1=8474, Step2=175, Step3=190, Accepted=4944
  Iteration 1: 0 changes (+0 accepted, -0 rejected)
  Converged after 1 iteration(s).
Weeding complete. Decisions made: 8474 in Step1, 175 in Step2, 190 in Step3
  Total number of accepted assignments: 4944
  Accepted assignments: 4944, max energy change in optimization: 77.752071 cm^-1
Step 5 cycle 2:
Step 5.1: Matching observed lines to transitions & grading...
  Matching complete.
Step 5.2: Resolving conflicts...
  Max number of conflicting assignments: 72
  Total number of conflicting assignments: 949
Step 5.3: Weeding assignments (iterative)...
  Baseline: Step1=11163, Step2=240, Step3=261, Accepted=5301
  Iteration 1: Step1=11182, Step2=238, Step3=244, Accepted=5297
  Iteration 1: 4 changes (+0 accepted, -4 rejected)
  Iteration 2: Step1=11182, Step2=238, Step3=244, Accepted=5297
  Iteration 2: 0 changes (+0 accepted, -0 rejected)
  Converged after 2 iteration(s).
Weeding complete. Decisions made: 11182 in Step1, 238 in Step2, 244 in Step3
  Total number of accepted assignments: 5297
  Accepted assignments: 5297, max energy change in optimization: 30.916810 cm^-1
Step 5 cycle 3:
Step 5.1: Matching observed lines to transitions & grading...
  Matching complete.
Step 5.2: Resolving conflicts...
  Max number of conflicting assignments: 40
  Total number of conflicting assignments: 748
Step 5.3: Weeding assignments (iterative)...
  Baseline: Step1=10866, Step2=228, Step3=238, Accepted=5244
  Iteration 1: Step1=10837, Step2=225, Step3=270, Accepted=5245
  Iteration 1: 3 changes (+2 accepted, -1 rejected)
  Iteration 2: Step1=10837, Step2=225, Step3=270, Accepted=5245
  Iteration 2: 0 changes (+0 accepted, -0 rejected)
  Converged after 2 iteration(s).
Weeding complete. Decisions made: 10837 in Step1, 225 in Step2, 270 in Step3
  Total number of accepted assignments: 5245
  Blacklisted 34 transition(s) oscillating between cycles.
  Accepted assignments: 5245, max energy change in optimization: 38.420600 cm^-1
Step 5 cycle 4:
Step 5.1: Matching observed lines to transitions & grading...
  Matching complete.
Step 5.2: Resolving conflicts...
  Max number of conflicting assignments: 41
  Total number of conflicting assignments: 711
Step 5.3: Weeding assignments (iterative)...
  Baseline: Step1=10665, Step2=215, Step3=279, Accepted=5242
  Iteration 1: Step1=10681, Step2=213, Step3=265, Accepted=5242
  Iteration 1: 2 changes (+1 accepted, -1 rejected)
  Iteration 2: Step1=10681, Step2=213, Step3=265, Accepted=5242
  Iteration 2: 0 changes (+0 accepted, -0 rejected)
  Converged after 2 iteration(s).
  Blacklisted 34 oscillating transition(s) (cumulative).
Weeding complete. Decisions made: 10681 in Step1, 213 in Step2, 265 in Step3
  Total number of accepted assignments: 5242
  Blacklisted 67 transition(s) oscillating between cycles.
  Accepted assignments: 5242, max energy change in optimization: 51.553795 cm^-1
Step 5 cycle 5:
Step 5.1: Matching observed lines to transitions & grading...
  Matching complete.
Step 5.2: Resolving conflicts...
  Max number of conflicting assignments: 25
  Total number of conflicting assignments: 606
Step 5.3: Weeding assignments (iterative)...
  Baseline: Step1=10613, Step2=213, Step3=339, Accepted=5213
  Iteration 1: Step1=10579, Step2=219, Step3=367, Accepted=5214
  Iteration 1: 3 changes (+2 accepted, -1 rejected)
  Iteration 2: Step1=10579, Step2=219, Step3=367, Accepted=5214
  Iteration 2: 0 changes (+0 accepted, -0 rejected)
  Converged after 2 iteration(s).
  Blacklisted 101 oscillating transition(s) (cumulative).
Weeding complete. Decisions made: 10579 in Step1, 219 in Step2, 367 in Step3
  Total number of accepted assignments: 5214
  Blacklisted 22 transition(s) oscillating between cycles.
  Accepted assignments: 5214, max energy change in optimization: 19.325367 cm^-1
Step 5 cycle 6:
Step 5.1: Matching observed lines to transitions & grading...
  Matching complete.
Step 5.2: Resolving conflicts...
  Max number of conflicting assignments: 6
  Total number of conflicting assignments: 536
Step 5.3: Weeding assignments (iterative)...
  Baseline: Step1=10332, Step2=212, Step3=380, Accepted=5176
  Iteration 1: Step1=10344, Step2=210, Step3=370, Accepted=5176
  Iteration 1: 2 changes (+1 accepted, -1 rejected)
  Iteration 2: Step1=10344, Step2=210, Step3=370, Accepted=5176
  Iteration 2: 0 changes (+0 accepted, -0 rejected)
  Converged after 2 iteration(s).
  Blacklisted 123 oscillating transition(s) (cumulative).
Weeding complete. Decisions made: 10344 in Step1, 210 in Step2, 370 in Step3
  Total number of accepted assignments: 5176
  Blacklisted 27 transition(s) oscillating between cycles.
  Accepted assignments: 5176, max energy change in optimization: 56.052586 cm^-1
Step 5 cycle 7:
Step 5.1: Matching observed lines to transitions & grading...
  Matching complete.
Step 5.2: Resolving conflicts...
  Max number of conflicting assignments: 4
  Total number of conflicting assignments: 500
Step 5.3: Weeding assignments (iterative)...
  Baseline: Step1=10166, Step2=211, Step3=374, Accepted=5157
  Iteration 1: Step1=10173, Step2=208, Step3=370, Accepted=5158
  Iteration 1: 1 changes (+1 accepted, -0 rejected)
  Iteration 2: Step1=10173, Step2=208, Step3=370, Accepted=5158
  Iteration 2: 0 changes (+0 accepted, -0 rejected)
  Converged after 2 iteration(s).
  Blacklisted 150 oscillating transition(s) (cumulative).
Weeding complete. Decisions made: 10173 in Step1, 208 in Step2, 370 in Step3
  Total number of accepted assignments: 5158
  Blacklisted 12 transition(s) oscillating between cycles.
  Accepted assignments: 5158, max energy change in optimization: 0.541690 cm^-1
Step 5 cycle 8:
Step 5.1: Matching observed lines to transitions & grading...
  Matching complete.
Step 5.2: Resolving conflicts...
  Max number of conflicting assignments: 4
  Total number of conflicting assignments: 476
Step 5.3: Weeding assignments (iterative)...
  Baseline: Step1=10041, Step2=203, Step3=377, Accepted=5157
  Iteration 1: Step1=10052, Step2=197, Step3=372, Accepted=5156
  Iteration 1: 1 changes (+0 accepted, -1 rejected)
  Iteration 2: Step1=10052, Step2=197, Step3=372, Accepted=5156
  Iteration 2: 0 changes (+0 accepted, -0 rejected)
  Converged after 2 iteration(s).
  Blacklisted 162 oscillating transition(s) (cumulative).
Weeding complete. Decisions made: 10052 in Step1, 197 in Step2, 372 in Step3
  Total number of accepted assignments: 5156
  Blacklisted 7 transition(s) oscillating between cycles.
  Accepted assignments: 5156, max energy change in optimization: 0.192646 cm^-1
Step 5 cycle 9:
Step 5.1: Matching observed lines to transitions & grading...
  Matching complete.
Step 5.2: Resolving conflicts...
  Max number of conflicting assignments: 4
  Total number of conflicting assignments: 472
Step 5.3: Weeding assignments (iterative)...
  Baseline: Step1=10014, Step2=193, Step3=375, Accepted=5149
  Iteration 1: Step1=10022, Step2=188, Step3=372, Accepted=5149
  Iteration 1: 0 changes (+0 accepted, -0 rejected)
  Converged after 1 iteration(s).
  Blacklisted 169 oscillating transition(s) (cumulative).
Weeding complete. Decisions made: 10022 in Step1, 188 in Step2, 372 in Step3
  Total number of accepted assignments: 5149
  Blacklisted 1 transition(s) oscillating between cycles.
  Accepted assignments: 5149, max energy change in optimization: 0.425987 cm^-1
Step 5 cycle 10:
Step 5.1: Matching observed lines to transitions & grading...
  Matching complete.
Step 5.2: Resolving conflicts...
  Max number of conflicting assignments: 4
  Total number of conflicting assignments: 474
Step 5.3: Weeding assignments (iterative)...
  Baseline: Step1=10022, Step2=189, Step3=379, Accepted=5147
  Iteration 1: Step1=10027, Step2=186, Step3=377, Accepted=5147
  Iteration 1: 0 changes (+0 accepted, -0 rejected)
  Converged after 1 iteration(s).
  Blacklisted 170 oscillating transition(s) (cumulative).
Weeding complete. Decisions made: 10027 in Step1, 186 in Step2, 377 in Step3
  Total number of accepted assignments: 5147
  Blacklisted 1 transition(s) oscillating between cycles.
  Accepted assignments: 5147, max energy change in optimization: 0.014693 cm^-1
Step 5 cycle 11:
Step 5.1: Matching observed lines to transitions & grading...
  Matching complete.
Step 5.2: Resolving conflicts...
  Max number of conflicting assignments: 4
  Total number of conflicting assignments: 473
Step 5.3: Weeding assignments (iterative)...
  Baseline: Step1=10019, Step2=189, Step3=381, Accepted=5147
  Iteration 1: Step1=10026, Step2=186, Step3=377, Accepted=5147
  Iteration 1: 0 changes (+0 accepted, -0 rejected)
  Converged after 1 iteration(s).
  Blacklisted 171 oscillating transition(s) (cumulative).
Weeding complete. Decisions made: 10026 in Step1, 186 in Step2, 377 in Step3
  Total number of accepted assignments: 5147
  Accepted assignments: 5147, max energy change in optimization: 0.000000 cm^-1
  Building output...
============================================================
Done.
============================================================

DELTA +9.7 cm^-1 (0.2 min): real accepted=4775 (-164 vs baseline), accepted decoy lines=372, decoys with >=1 line: 144 of 209
  real levels with changed support: 262 of 594

============================================================
classify_lines.py — Spectral Line Classification for Pr III
DECOY RUN: shadow copies of the new levels displaced by +-11.3 cm^-1
============================================================
Step 1: Reading energy levels...
  Read 593 energy levels.
    059003.000623  E = 132958.1760 cm^-1, J = 7/2, parity o
  Added 1 level(s) found since the level list was published, from new_levels.csv.
  Energies overridden for 8 level(s) from revised_level_energies.csv:
    059003.000424  133352.2000 -> 133078.0900 (-274.1100 cm^-1)
    059003.000503  132958.2200 -> 132876.5700 (-81.6500 cm^-1)
    059003.000518  134375.6000 -> 134502.4500 (+126.8500 cm^-1)
    059003.000565  119225.5200 -> 118967.3776 (-258.1424 cm^-1)
    059003.000577  131980.0000 -> 132070.1563 (+90.1563 cm^-1)
    059003.000600  136596.3700 -> 136638.4947 (+42.1247 cm^-1)
    059003.000607  138783.5000 -> 138788.5820 (+5.0820 cm^-1)
    059003.000622  141328.8500 -> 141440.8418 (+111.9918 cm^-1)
Step 2: Reading calculated transitions...
  Read 30206 calculated transitions.
  Read 95 further calculated transitions from icalc_new.xlsx (Icalc recomputed from gA with C = 269.98, kT = 12233.1 cm^-1).
  Added 209 decoy levels (displaced by +-11.3 cm^-1) and 42904 decoy Icalc entries.
Step 3: Reading observed spectral lines...
  Read 6667 observed lines.
Step 4: Generating all possible transitions...
  Generated 51640 possible transitions.
  2055 of them are absent from Icalc.xlsx and were given an imputed intensity.
Step 5 cycle 1:
Step 5.1: Matching observed lines to transitions & grading...
  Matching complete.
Step 5.2: Resolving conflicts...
  Max number of conflicting assignments: 3
  Total number of conflicting assignments: 253
Step 5.3: Weeding assignments (iterative)...
  Baseline: Step1=8433, Step2=171, Step3=195, Accepted=4941
  Iteration 1: Step1=8433, Step2=171, Step3=195, Accepted=4941
  Iteration 1: 0 changes (+0 accepted, -0 rejected)
  Converged after 1 iteration(s).
Weeding complete. Decisions made: 8433 in Step1, 171 in Step2, 195 in Step3
  Total number of accepted assignments: 4941
  Accepted assignments: 4941, max energy change in optimization: 77.752045 cm^-1
Step 5 cycle 2:
Step 5.1: Matching observed lines to transitions & grading...
  Matching complete.
Step 5.2: Resolving conflicts...
  Max number of conflicting assignments: 72
  Total number of conflicting assignments: 780
Step 5.3: Weeding assignments (iterative)...
  Baseline: Step1=11115, Step2=243, Step3=254, Accepted=5308
  Iteration 1: Step1=11138, Step2=236, Step3=238, Accepted=5300
  Iteration 1: 8 changes (+0 accepted, -8 rejected)
  Iteration 2: Step1=11138, Step2=236, Step3=238, Accepted=5300
  Iteration 2: 0 changes (+0 accepted, -0 rejected)
  Converged after 2 iteration(s).
Weeding complete. Decisions made: 11138 in Step1, 236 in Step2, 238 in Step3
  Total number of accepted assignments: 5300
  Accepted assignments: 5300, max energy change in optimization: 33.622856 cm^-1
Step 5 cycle 3:
Step 5.1: Matching observed lines to transitions & grading...
  Matching complete.
Step 5.2: Resolving conflicts...
  Max number of conflicting assignments: 89
  Total number of conflicting assignments: 708
Step 5.3: Weeding assignments (iterative)...
  Baseline: Step1=10647, Step2=229, Step3=226, Accepted=5271
  Iteration 1: Step1=10642, Step2=224, Step3=236, Accepted=5273
  Iteration 1: 4 changes (+3 accepted, -1 rejected)
  Iteration 2: Step1=10642, Step2=224, Step3=236, Accepted=5273
  Iteration 2: 0 changes (+0 accepted, -0 rejected)
  Converged after 2 iteration(s).
Weeding complete. Decisions made: 10642 in Step1, 224 in Step2, 236 in Step3
  Total number of accepted assignments: 5273
  Blacklisted 35 transition(s) oscillating between cycles.
  Accepted assignments: 5273, max energy change in optimization: 35.838561 cm^-1
Step 5 cycle 4:
Step 5.1: Matching observed lines to transitions & grading...
  Matching complete.
Step 5.2: Resolving conflicts...
  Max number of conflicting assignments: 39
  Total number of conflicting assignments: 603
Step 5.3: Weeding assignments (iterative)...
  Baseline: Step1=10380, Step2=209, Step3=249, Accepted=5259
  Iteration 1: Step1=10394, Step2=204, Step3=240, Accepted=5258
  Iteration 1: 3 changes (+1 accepted, -2 rejected)
  Iteration 2: Step1=10394, Step2=204, Step3=240, Accepted=5258
  Iteration 2: 0 changes (+0 accepted, -0 rejected)
  Converged after 2 iteration(s).
  Blacklisted 35 oscillating transition(s) (cumulative).
Weeding complete. Decisions made: 10394 in Step1, 204 in Step2, 240 in Step3
  Total number of accepted assignments: 5258
  Blacklisted 29 transition(s) oscillating between cycles.
  Accepted assignments: 5258, max energy change in optimization: 52.594282 cm^-1
Step 5 cycle 5:
Step 5.1: Matching observed lines to transitions & grading...
  Matching complete.
Step 5.2: Resolving conflicts...
  Max number of conflicting assignments: 21
  Total number of conflicting assignments: 572
Step 5.3: Weeding assignments (iterative)...
  Baseline: Step1=10274, Step2=197, Step3=245, Accepted=5229
  Iteration 1: Step1=10274, Step2=194, Step3=248, Accepted=5228
  Iteration 1: 3 changes (+1 accepted, -2 rejected)
  Iteration 2: Step1=10274, Step2=194, Step3=248, Accepted=5228
  Iteration 2: 0 changes (+0 accepted, -0 rejected)
  Converged after 2 iteration(s).
  Blacklisted 64 oscillating transition(s) (cumulative).
Weeding complete. Decisions made: 10274 in Step1, 194 in Step2, 248 in Step3
  Total number of accepted assignments: 5228
  Blacklisted 14 transition(s) oscillating between cycles.
  Accepted assignments: 5228, max energy change in optimization: 12.842006 cm^-1
Step 5 cycle 6:
Step 5.1: Matching observed lines to transitions & grading...
  Matching complete.
Step 5.2: Resolving conflicts...
  Max number of conflicting assignments: 8
  Total number of conflicting assignments: 527
Step 5.3: Weeding assignments (iterative)...
  Baseline: Step1=10195, Step2=200, Step3=273, Accepted=5215
  Iteration 1: Step1=10199, Step2=197, Step3=272, Accepted=5217
  Iteration 1: 2 changes (+2 accepted, -0 rejected)
  Iteration 2: Step1=10199, Step2=197, Step3=272, Accepted=5217
  Iteration 2: 0 changes (+0 accepted, -0 rejected)
  Converged after 2 iteration(s).
  Blacklisted 78 oscillating transition(s) (cumulative).
Weeding complete. Decisions made: 10199 in Step1, 197 in Step2, 272 in Step3
  Total number of accepted assignments: 5217
  Blacklisted 6 transition(s) oscillating between cycles.
  Accepted assignments: 5217, max energy change in optimization: 23.204155 cm^-1
Step 5 cycle 7:
Step 5.1: Matching observed lines to transitions & grading...
  Matching complete.
Step 5.2: Resolving conflicts...
  Max number of conflicting assignments: 38
  Total number of conflicting assignments: 529
Step 5.3: Weeding assignments (iterative)...
  Baseline: Step1=10151, Step2=204, Step3=282, Accepted=5219
  Iteration 1: Step1=10157, Step2=201, Step3=279, Accepted=5218
  Iteration 1: 1 changes (+0 accepted, -1 rejected)
  Iteration 2: Step1=10157, Step2=201, Step3=279, Accepted=5218
  Iteration 2: 0 changes (+0 accepted, -0 rejected)
  Converged after 2 iteration(s).
  Blacklisted 84 oscillating transition(s) (cumulative).
Weeding complete. Decisions made: 10157 in Step1, 201 in Step2, 279 in Step3
  Total number of accepted assignments: 5218
  Accepted assignments: 5218, max energy change in optimization: 17.225436 cm^-1
Step 5 cycle 8:
Step 5.1: Matching observed lines to transitions & grading...
  Matching complete.
Step 5.2: Resolving conflicts...
  Max number of conflicting assignments: 6
  Total number of conflicting assignments: 498
Step 5.3: Weeding assignments (iterative)...
  Baseline: Step1=10133, Step2=197, Step3=281, Accepted=5214
  Iteration 1: Step1=10144, Step2=194, Step3=273, Accepted=5214
  Iteration 1: 0 changes (+0 accepted, -0 rejected)
  Converged after 1 iteration(s).
  Blacklisted 84 oscillating transition(s) (cumulative).
Weeding complete. Decisions made: 10144 in Step1, 194 in Step2, 273 in Step3
  Total number of accepted assignments: 5214
  Blacklisted 3 transition(s) oscillating between cycles.
  Accepted assignments: 5214, max energy change in optimization: 22.644351 cm^-1
Step 5 cycle 9:
Step 5.1: Matching observed lines to transitions & grading...
  Matching complete.
Step 5.2: Resolving conflicts...
  Max number of conflicting assignments: 4
  Total number of conflicting assignments: 480
Step 5.3: Weeding assignments (iterative)...
  Baseline: Step1=10058, Step2=193, Step3=276, Accepted=5200
  Iteration 1: Step1=10064, Step2=190, Step3=273, Accepted=5200
  Iteration 1: 0 changes (+0 accepted, -0 rejected)
  Converged after 1 iteration(s).
  Blacklisted 87 oscillating transition(s) (cumulative).
Weeding complete. Decisions made: 10064 in Step1, 190 in Step2, 273 in Step3
  Total number of accepted assignments: 5200
  Accepted assignments: 5200, max energy change in optimization: 0.103972 cm^-1
Step 5 cycle 10:
Step 5.1: Matching observed lines to transitions & grading...
  Matching complete.
Step 5.2: Resolving conflicts...
  Max number of conflicting assignments: 4
  Total number of conflicting assignments: 491
Step 5.3: Weeding assignments (iterative)...
  Baseline: Step1=10084, Step2=192, Step3=280, Accepted=5198
  Iteration 1: Step1=10092, Step2=189, Step3=275, Accepted=5198
  Iteration 1: 0 changes (+0 accepted, -0 rejected)
  Converged after 1 iteration(s).
  Blacklisted 87 oscillating transition(s) (cumulative).
Weeding complete. Decisions made: 10092 in Step1, 189 in Step2, 275 in Step3
  Total number of accepted assignments: 5198
  Accepted assignments: 5198, max energy change in optimization: 0.831660 cm^-1
Step 5 cycle 11:
Step 5.1: Matching observed lines to transitions & grading...
  Matching complete.
Step 5.2: Resolving conflicts...
  Max number of conflicting assignments: 4
  Total number of conflicting assignments: 474
Step 5.3: Weeding assignments (iterative)...
  Baseline: Step1=10053, Step2=190, Step3=278, Accepted=5196
  Iteration 1: Step1=10060, Step2=187, Step3=274, Accepted=5196
  Iteration 1: 0 changes (+0 accepted, -0 rejected)
  Converged after 1 iteration(s).
  Blacklisted 87 oscillating transition(s) (cumulative).
Weeding complete. Decisions made: 10060 in Step1, 187 in Step2, 274 in Step3
  Total number of accepted assignments: 5196
  Accepted assignments: 5196, max energy change in optimization: 0.170170 cm^-1
Step 5 cycle 12:
Step 5.1: Matching observed lines to transitions & grading...
  Matching complete.
Step 5.2: Resolving conflicts...
  Max number of conflicting assignments: 4
  Total number of conflicting assignments: 473
Step 5.3: Weeding assignments (iterative)...
  Baseline: Step1=10050, Step2=189, Step3=277, Accepted=5196
  Iteration 1: Step1=10057, Step2=186, Step3=273, Accepted=5196
  Iteration 1: 0 changes (+0 accepted, -0 rejected)
  Converged after 1 iteration(s).
  Blacklisted 87 oscillating transition(s) (cumulative).
Weeding complete. Decisions made: 10057 in Step1, 186 in Step2, 273 in Step3
  Total number of accepted assignments: 5196
  Accepted assignments: 5196, max energy change in optimization: 0.000000 cm^-1
  Building output...
============================================================
Done.
============================================================

DELTA +11.3 cm^-1 (0.3 min): real accepted=4828 (-111 vs baseline), accepted decoy lines=368, decoys with >=1 line: 143 of 209
  real levels with changed support: 220 of 594

============================================================
IN-SITU DECOY SUMMARY
============================================================
8 runs x 209 decoys = 1672 decoy trials

Accepted decoy lines per run: mean = 362.1, range = 330..406
Mean decoys per run with at least n accepted lines (= expected false new-level confirmations at support >= n, any dE):
  n >= 1: 145.12 of 209
  n >= 2: 106.38 of 209
  n >= 3:  64.88 of 209
  n >= 4:  38.25 of 209
  n >= 5:  22.38 of 209
  n >= 6:  12.62 of 209
  n >= 7:   6.12 of 209
  n >= 8:   3.50 of 209

Perturbation of the real result by the decoy competition: mean accepted real assignments 4841.2 (baseline 4939); real levels with changed support: 201.4 of 594 per run

Written: F:\UMD\AI\as-ai\LineClass\decoy_mc_levels.csv (+ .xlsx twin)
Written: F:\UMD\AI\as-ai\LineClass\decoy_mc_real_levels.csv (+ .xlsx twin)
Written: F:\UMD\AI\as-ai\LineClass\decoy_mc_lines.csv (+ .xlsx twin)
Written: F:\UMD\AI\as-ai\LineClass\decoy_mc_summary.csv (+ .xlsx twin)

Run level_shifts.py for the criterion tables and the per-level spurious probabilities.
