==============================================================================
IDEN2 row 906   exit 0
==============================================================================
IDEN2 row 906  f5d6s~1F2F  J = 2.5  FOUND
  this row IS a level of the run: 059003.000646, which holds 94876.486 cm^-1
  its 13 accepted lines are released for the search, so the position it holds now is scanned on the same footing as every other: it does not have to compete with itself for its own lines
  calculated at 94239.8 cm^-1; levels of f5d6s turn out to be 248.1 cm^-1 from where the calculation puts them (rms)
  94 calculated transitions to levels that HAVE been found, 25 of which could have been recorded at the calculated position
  scanned 93495.6 - 94984.0 cm^-1 in steps of 0.020
  1 positions where ln R > 0: 1 firm, 0 weak, 0 no support

        E  ln_R  ln_R_J  look      dE     z  n_obs  n_match  n_poor  n_miss  n_free  free_gain  top_share  ln_J verdict
94876.469 8.150   8.150 8.150 636.669 2.567     27       10       0      17       8     12.385      0.141 2.071    firm

  --unknown 906 --at E lists the transitions at any one of these energies.
  A position here is conditional on the rest of the level list, exactly as an alternate position is: the lines it takes are lines its neighbours could take instead.

==============================================================================
IDEN2 row 986   exit 0
==============================================================================
IDEN2 row 986  f5d2 ~3P4D  J = 1.5  not found
  calculated at 75159.9 cm^-1; levels of f5d2 turn out to be 226.4 cm^-1 from where the calculation puts them (rms)
  68 calculated transitions to levels that HAVE been found, 24 of which could have been recorded at the calculated position
  scanned 74480.8 - 75839.0 cm^-1 in steps of 0.020
  no position in the window where ln R > 0.  The best the window offers is -4.00 at 75749.441 cm^-1, which is not a candidate: the recorded lines are no more likely with a level there than with none.
  A position just outside the window is not seen: --unknown 986 --at E scores any energy, and --window-sigmas widens the search.

==============================================================================
IDEN2 row 951   exit 0
==============================================================================
IDEN2 row 951  f5d2 ~3P2F  J = 2.5  not found
  calculated at 83140.8 cm^-1; levels of f5d2 turn out to be 226.4 cm^-1 from where the calculation puts them (rms)
  97 calculated transitions to levels that HAVE been found, 21 of which could have been recorded at the calculated position
  scanned 82461.7 - 83819.9 cm^-1 in steps of 0.020
  1 positions where ln R > 0: 0 firm, 1 weak, 0 no support

        E  ln_R  ln_R_J  look       dE      z  n_obs  n_match  n_poor  n_miss  n_free  free_gain  top_share  ln_J verdict
82633.521 1.148   1.148 1.148 -507.279 -2.241     20        4       1      15       4     12.742      0.420 5.524    weak

  --unknown 951 --at E lists the transitions at any one of these energies.
  A position here is conditional on the rest of the level list, exactly as an alternate position is: the lines it takes are lines its neighbours could take instead.

==============================================================================
IDEN2 row 924   exit 0
==============================================================================
IDEN2 row 924  f5d6s~1D2D  J = 2.5  not found
  calculated at 88538.4 cm^-1; levels of f5d6s turn out to be 248.1 cm^-1 from where the calculation puts them (rms)
  94 calculated transitions to levels that HAVE been found, 24 of which could have been recorded at the calculated position
  scanned 87794.2 - 89282.6 cm^-1 in steps of 0.020
  1 positions where ln R > 0: 1 firm, 0 weak, 0 no support

        E   ln_R  ln_R_J   look       dE      z  n_obs  n_match  n_poor  n_miss  n_free  free_gain  top_share  ln_J verdict
87829.749 12.101  12.101 12.101 -708.651 -2.857     22        7       3      12       7     20.629      0.205 0.258    firm

  --unknown 924 --at E lists the transitions at any one of these energies.
  A position here is conditional on the rest of the level list, exactly as an alternate position is: the lines it takes are lines its neighbours could take instead.

==============================================================================
IDEN2 row 998   exit 0
==============================================================================
IDEN2 row 998  f5d2 ~3P2D  J = 1.5  FOUND
  this row IS a level of the run: 059003.000647, which holds 71767.193 cm^-1
  its 7 accepted lines are released for the search, so the position it holds now is scanned on the same footing as every other: it does not have to compete with itself for its own lines
  calculated at 72363.6 cm^-1; levels of f5d2 turn out to be 226.4 cm^-1 from where the calculation puts them (rms)
  67 calculated transitions to levels that HAVE been found, 22 of which could have been recorded at the calculated position
  scanned 71684.5 - 73042.7 cm^-1 in steps of 0.020
  1 positions where ln R > 0: 1 firm, 0 weak, 0 no support

        E  ln_R  ln_R_J  look       dE      z  n_obs  n_match  n_poor  n_miss  n_free  free_gain  top_share  ln_J verdict
71767.221 9.434   9.434 9.434 -596.379 -2.635     20        6       1      13       6     20.403      0.259 2.111    firm

  --unknown 998 --at E lists the transitions at any one of these energies.
  A position here is conditional on the rest of the level list, exactly as an alternate position is: the lines it takes are lines its neighbours could take instead.

==============================================================================
IDEN2 row 691   exit 0
==============================================================================
IDEN2 row 691  f27p ~3F4G  J = 4.5  not found
  calculated at 118596.3 cm^-1; levels of f27p turn out to be 42.3 cm^-1 from where the calculation puts them (rms)
  122 calculated transitions to levels that HAVE been found, 30 of which could have been recorded at the calculated position
  scanned 118469.4 - 118723.2 cm^-1 in steps of 0.020
  no position in the window where ln R > 0.  The best the window offers is -4.45 at 118634.191 cm^-1, which is not a candidate: the recorded lines are no more likely with a level there than with none.
  A position just outside the window is not seen: --unknown 691 --at E scores any energy, and --window-sigmas widens the search.

==============================================================================
IDEN2 row 919   exit 0
==============================================================================
IDEN2 row 919  f5d6s~3D4D  J = 2.5  not found
  calculated at 90091.7 cm^-1; levels of f5d6s turn out to be 248.1 cm^-1 from where the calculation puts them (rms)
  97 calculated transitions to levels that HAVE been found, 23 of which could have been recorded at the calculated position
  scanned 89347.5 - 90835.9 cm^-1 in steps of 0.020
  1 positions where ln R > 0: 0 firm, 1 weak, 0 no support

        E  ln_R  ln_R_J  look      dE      z  n_obs  n_match  n_poor  n_miss  n_free  free_gain  top_share  ln_J verdict
90050.029 2.600   2.600 2.600 -41.671 -0.168     23        7       2      14       4     11.099      0.209 1.824    weak

  --unknown 919 --at E lists the transitions at any one of these energies.
  A position here is conditional on the rest of the level list, exactly as an alternate position is: the lines it takes are lines its neighbours could take instead.

==============================================================================
IDEN2 row 513   exit 0
==============================================================================
IDEN2 row 513  f27d _3H4G  J = 3.5  not found
  calculated at 130272.1 cm^-1; levels of f27d turn out to be 113.1 cm^-1 from where the calculation puts them (rms)
  166 calculated transitions to levels that HAVE been found, 17 of which could have been recorded at the calculated position
  scanned 129932.7 - 130611.5 cm^-1 in steps of 0.020
  2 positions where ln R > 0: 0 firm, 2 weak, 0 no support

         E  ln_R  ln_R_J   look       dE      z  n_obs  n_match  n_poor  n_miss  n_free  free_gain  top_share  ln_J verdict
130096.086 3.501   3.501  2.808 -176.014 -1.556     17        6       1      10       5     12.936      0.299 0.000    weak
130242.046 0.747  -5.772 -6.465  -30.054 -0.266     17        3       4      10       3     11.890      0.392 6.519    weak

  --unknown 513 --at E lists the transitions at any one of these energies.
  A position here is conditional on the rest of the level list, exactly as an alternate position is: the lines it takes are lines its neighbours could take instead.

==============================================================================
IDEN2 row 499   exit 0
==============================================================================
IDEN2 row 499  f27d _3H4I  J = 5.5  FOUND
  this row IS a level of the run: 059003.000648, which holds 131665.062 cm^-1
  its 5 accepted lines are released for the search, so the position it holds now is scanned on the same footing as every other: it does not have to compete with itself for its own lines
  calculated at 131826.4 cm^-1; levels of f27d turn out to be 113.1 cm^-1 from where the calculation puts them (rms)
  132 calculated transitions to levels that HAVE been found, 18 of which could have been recorded at the calculated position
  scanned 131487.0 - 132165.8 cm^-1 in steps of 0.020
  2 positions where ln R > 0: 1 firm, 1 weak, 0 no support

         E  ln_R  ln_R_J   look       dE      z  n_obs  n_match  n_poor  n_miss  n_free  free_gain  top_share  ln_J verdict
131665.066 4.411   4.411  3.718 -161.334 -1.426     18        5       0      13       5     15.469      0.393 0.685    firm
131752.266 0.535  -0.093 -0.787  -74.134 -0.655     18        5       0      13       5     13.533      0.342 1.313    weak

  --unknown 499 --at E lists the transitions at any one of these energies.
  A position here is conditional on the rest of the level list, exactly as an alternate position is: the lines it takes are lines its neighbours could take instead.

==============================================================================
IDEN2 row 994   exit 0
==============================================================================
IDEN2 row 994  f5d2 ~3F2D  J = 1.5  not found
  calculated at 73369.9 cm^-1; levels of f5d2 turn out to be 226.4 cm^-1 from where the calculation puts them (rms)
  64 calculated transitions to levels that HAVE been found, 17 of which could have been recorded at the calculated position
  scanned 72690.8 - 74049.0 cm^-1 in steps of 0.020
  no position in the window where ln R > 0.  The best the window offers is -2.48 at 73390.781 cm^-1, which is not a candidate: the recorded lines are no more likely with a level there than with none.
  A position just outside the window is not seen: --unknown 994 --at E scores any energy, and --window-sigmas widens the search.

==============================================================================
IDEN2 row 491   exit 0
==============================================================================
IDEN2 row 491  f27d _3H4G  J = 4.5  not found
  calculated at 132226.2 cm^-1; levels of f27d turn out to be 113.1 cm^-1 from where the calculation puts them (rms)
  158 calculated transitions to levels that HAVE been found, 19 of which could have been recorded at the calculated position
  scanned 131886.8 - 132565.6 cm^-1 in steps of 0.020
  no position in the window where ln R > 0.  The best the window offers is -1.43 at 132090.326 cm^-1, which is not a candidate: the recorded lines are no more likely with a level there than with none.
  A position just outside the window is not seen: --unknown 491 --at E scores any energy, and --window-sigmas widens the search.

==============================================================================
IDEN2 row 522   exit 0
==============================================================================
IDEN2 row 522  f27d _3H4K  J = 5.5  FOUND
  this row IS a level of the run: 059003.000649, which holds 129498.092 cm^-1
  it is itself one of the questionable levels, so its assignments have already been freed for every level in this run of the search, this one included
  calculated at 129628.2 cm^-1; levels of f27d turn out to be 113.1 cm^-1 from where the calculation puts them (rms)
  121 calculated transitions to levels that HAVE been found, 12 of which could have been recorded at the calculated position
  scanned 129288.8 - 129967.6 cm^-1 in steps of 0.020
  2 positions where ln R > 0: 1 firm, 1 weak, 0 no support

         E  ln_R  ln_R_J  look       dE      z  n_obs  n_match  n_poor  n_miss  n_free  free_gain  top_share  ln_J verdict
129498.086 8.484   8.484 7.791 -130.114 -1.150     11        4       0       7       4     15.393      0.316 0.413    firm
129662.626 4.007   2.096 1.403   34.426  0.304     12        4       1       7       3      9.946      0.418 2.324    weak

  --unknown 522 --at E lists the transitions at any one of these energies.
  A position here is conditional on the rest of the level list, exactly as an alternate position is: the lines it takes are lines its neighbours could take instead.

==============================================================================
IDEN2 row 705   exit 0
==============================================================================
IDEN2 row 705  f27p ~3F2G  J = 3.5  not found
  calculated at 118086.9 cm^-1; levels of f27p turn out to be 42.3 cm^-1 from where the calculation puts them (rms)
  122 calculated transitions to levels that HAVE been found, 27 of which could have been recorded at the calculated position
  scanned 117960.0 - 118213.8 cm^-1 in steps of 0.020
  no position in the window where ln R > 0.  The best the window offers is -5.17 at 117982.551 cm^-1, which is not a candidate: the recorded lines are no more likely with a level there than with none.
  A position just outside the window is not seen: --unknown 705 --at E scores any energy, and --window-sigmas widens the search.

==============================================================================
IDEN2 row 987   exit 0
==============================================================================
IDEN2 row 987  f5d2 ~3P4F  J = 2.5  not found
  calculated at 74670.6 cm^-1; levels of f5d2 turn out to be 226.4 cm^-1 from where the calculation puts them (rms)
  99 calculated transitions to levels that HAVE been found, 26 of which could have been recorded at the calculated position
  scanned 73991.5 - 75349.7 cm^-1 in steps of 0.020
  1 positions where ln R > 0: 0 firm, 1 weak, 0 no support

        E  ln_R  ln_R_J  look       dE      z  n_obs  n_match  n_poor  n_miss  n_free  free_gain  top_share  ln_J verdict
74456.621 1.570   1.570 1.570 -213.979 -0.945     26        6       4      16       4     19.264      0.329 6.832    weak

  --unknown 987 --at E lists the transitions at any one of these energies.
  A position here is conditional on the rest of the level list, exactly as an alternate position is: the lines it takes are lines its neighbours could take instead.

==============================================================================
IDEN2 row 501   exit 0
==============================================================================
IDEN2 row 501  f28s _3H4H  J = 5.5  not found
  calculated at 131319.4 cm^-1; levels of f28s turn out to be 79.6 cm^-1 from where the calculation puts them (rms)
  129 calculated transitions to levels that HAVE been found, 24 of which could have been recorded at the calculated position
  scanned 131080.5 - 131558.3 cm^-1 in steps of 0.020
  no position in the window where ln R > 0.  The best the window offers is -1.34 at 131226.191 cm^-1, which is not a candidate: the recorded lines are no more likely with a level there than with none.
  A position just outside the window is not seen: --unknown 501 --at E scores any energy, and --window-sigmas widens the search.

==============================================================================
IDEN2 row 675   exit 0
==============================================================================
IDEN2 row 675  f27p ~3F4G  J = 4.5  not found
  calculated at 119248.3 cm^-1; levels of f27p turn out to be 42.3 cm^-1 from where the calculation puts them (rms)
  125 calculated transitions to levels that HAVE been found, 22 of which could have been recorded at the calculated position
  scanned 119121.4 - 119375.2 cm^-1 in steps of 0.020
  no position in the window where ln R > 0.  The best the window offers is -3.66 at 119204.371 cm^-1, which is not a candidate: the recorded lines are no more likely with a level there than with none.
  A position just outside the window is not seen: --unknown 675 --at E scores any energy, and --window-sigmas widens the search.

==============================================================================
IDEN2 row 442   exit 0
==============================================================================
IDEN2 row 442  fd6p _1H2I  J = 5.5  not found
  calculated at 134118.1 cm^-1; levels of fd6p turn out to be 394.0 cm^-1 from where the calculation puts them (rms)
  128 calculated transitions to levels that HAVE been found, 18 of which could have been recorded at the calculated position
  scanned 132936.2 - 135300.0 cm^-1 in steps of 0.020
  4 positions where ln R > 0: 0 firm, 4 weak, 0 no support

         E  ln_R  ln_R_J   look       dE      z  n_obs  n_match  n_poor  n_miss  n_free  free_gain  top_share  ln_J verdict
133790.144 2.563   1.382 -0.005 -327.956 -0.832     17        5       0      12       4     13.410      0.434 2.893    weak
134081.424 2.259   1.198 -0.188  -36.676 -0.093     18        5       2      11       5     14.553      0.262 2.773    weak
133854.864 0.516   0.516 -0.870 -263.236 -0.668     17        3       4      10       2      3.151      0.488 1.713    weak
134104.884 1.195   0.080 -1.306  -13.216 -0.034     18        4       3      11       3     12.533      0.375 2.827    weak

  --unknown 442 --at E lists the transitions at any one of these energies.
  A position here is conditional on the rest of the level list, exactly as an alternate position is: the lines it takes are lines its neighbours could take instead.

==============================================================================
IDEN2 row 932   exit 0
==============================================================================
IDEN2 row 932  f5d6s~3H4H  J = 3.5  not found
  calculated at 86015.9 cm^-1; levels of f5d6s turn out to be 248.1 cm^-1 from where the calculation puts them (rms)
  115 calculated transitions to levels that HAVE been found, 18 of which could have been recorded at the calculated position
  scanned 85271.7 - 86760.1 cm^-1 in steps of 0.020
  no position in the window where ln R > 0.  The best the window offers is -0.25 at 86011.989 cm^-1, which is not a candidate: the recorded lines are no more likely with a level there than with none.
  A position just outside the window is not seen: --unknown 932 --at E scores any energy, and --window-sigmas widens the search.

==============================================================================
IDEN2 row 439   exit 0
==============================================================================
IDEN2 row 439  f27d _3H2I  J = 6.5  not found
  calculated at 134204.5 cm^-1; levels of f27d turn out to be 113.1 cm^-1 from where the calculation puts them (rms)
  84 calculated transitions to levels that HAVE been found, 16 of which could have been recorded at the calculated position
  scanned 133865.1 - 134543.9 cm^-1 in steps of 0.020
  3 positions where ln R > 0: 0 firm, 3 weak, 0 no support

         E  ln_R  ln_R_J   look       dE      z  n_obs  n_match  n_poor  n_miss  n_free  free_gain  top_share  ln_J verdict
134061.186 1.939   1.939  0.841 -143.314 -1.267     16        6       1       9       3     11.006      0.470 1.111    weak
134004.066 1.494  -1.642 -2.740 -200.434 -1.772     16        5       2       9       3     12.789      0.404 4.247    weak
134165.066 1.464  -2.045 -3.143  -39.434 -0.349     16        3       3      10       3     13.863      0.511 4.620    weak

  --unknown 439 --at E lists the transitions at any one of these energies.
  A position here is conditional on the rest of the level list, exactly as an alternate position is: the lines it takes are lines its neighbours could take instead.

==============================================================================
IDEN2 row 372   exit 0
==============================================================================
IDEN2 row 372  f28s _3F2F  J = 3.5  not found
  calculated at 136082.5 cm^-1; levels of f28s turn out to be 79.6 cm^-1 from where the calculation puts them (rms)
  156 calculated transitions to levels that HAVE been found, 15 of which could have been recorded at the calculated position
  scanned 135843.6 - 136321.4 cm^-1 in steps of 0.020
  1 positions where ln R > 0: 0 firm, 0 weak, 1 no support

         E  ln_R  ln_R_J  look      dE     z  n_obs  n_match  n_poor  n_miss  n_free  free_gain  top_share  ln_J    verdict
136251.151 0.025   0.025 0.025 168.651 2.118     15        4       3       8       1      6.274      0.715 1.280 no support

  --unknown 372 --at E lists the transitions at any one of these energies.
  Every one of them rests on one line or on none that is free, which is what a scan of 478 cm^-1 finds when there is nothing there.
  A position here is conditional on the rest of the level list, exactly as an alternate position is: the lines it takes are lines its neighbours could take instead.

==============================================================================
IDEN2 row 710   exit 0
==============================================================================
IDEN2 row 710  f27p ~3F4F  J = 2.5  not found
  calculated at 117972.7 cm^-1; levels of f27p turn out to be 42.3 cm^-1 from where the calculation puts them (rms)
  99 calculated transitions to levels that HAVE been found, 18 of which could have been recorded at the calculated position
  scanned 117845.8 - 118099.6 cm^-1 in steps of 0.020
  1 positions where ln R > 0: 0 firm, 1 weak, 0 no support

         E  ln_R  ln_R_J  look      dE      z  n_obs  n_match  n_poor  n_miss  n_free  free_gain  top_share  ln_J verdict
117947.711 0.106   0.106 0.106 -24.989 -0.591     18        6       2      10       2      7.593      0.515 0.162    weak

  --unknown 710 --at E lists the transitions at any one of these energies.
  A position here is conditional on the rest of the level list, exactly as an alternate position is: the lines it takes are lines its neighbours could take instead.

==============================================================================
IDEN2 row 375   exit 0
==============================================================================
IDEN2 row 375  5d3  _4F4F  J = 2.5  not found
  calculated at 135976.6 cm^-1; levels of 5d3 turn out to be 139.9 cm^-1 from where the calculation puts them (rms)
  137 calculated transitions to levels that HAVE been found, 15 of which could have been recorded at the calculated position
  scanned 135556.8 - 136396.4 cm^-1 in steps of 0.020
  no position in the window where ln R > 0.  The best the window offers is -3.39 at 136304.088 cm^-1, which is not a candidate: the recorded lines are no more likely with a level there than with none.
  A position just outside the window is not seen: --unknown 375 --at E scores any energy, and --window-sigmas widens the search.

==============================================================================
IDEN2 row 672   exit 0
==============================================================================
IDEN2 row 672  fd6p _1G2H  J = 5.5  FOUND
  this row IS a level of the run: 059003.000650, which holds 119552.400 cm^-1
  its 7 accepted lines are released for the search, so the position it holds now is scanned on the same footing as every other: it does not have to compete with itself for its own lines
  calculated at 119339.6 cm^-1; levels of fd6p turn out to be 394.0 cm^-1 from where the calculation puts them (rms)
  110 calculated transitions to levels that HAVE been found, 14 of which could have been recorded at the calculated position
  scanned 118157.7 - 120521.5 cm^-1 in steps of 0.020
  1 positions where ln R > 0: 1 firm, 0 weak, 0 no support

         E   ln_R  ln_R_J   look      dE     z  n_obs  n_match  n_poor  n_miss  n_free  free_gain  top_share  ln_J verdict
119552.404 11.126  11.126 11.126 212.804 0.540     15        7       1       7       6     16.771      0.253 0.000    firm

  --unknown 672 --at E lists the transitions at any one of these energies.
  A position here is conditional on the rest of the level list, exactly as an alternate position is: the lines it takes are lines its neighbours could take instead.

==============================================================================
IDEN2 row 488   exit 0
==============================================================================
IDEN2 row 488  f27d _3H2G  J = 3.5  not found
  calculated at 132460.5 cm^-1; levels of f27d turn out to be 113.1 cm^-1 from where the calculation puts them (rms)
  159 calculated transitions to levels that HAVE been found, 13 of which could have been recorded at the calculated position
  scanned 132121.1 - 132799.9 cm^-1 in steps of 0.020
  2 positions where ln R > 0: 0 firm, 2 weak, 0 no support

         E  ln_R  ln_R_J   look      dE      z  n_obs  n_match  n_poor  n_miss  n_free  free_gain  top_share  ln_J verdict
132507.606 2.135   2.135  1.442  47.106  0.416     13        4       1       8       4     10.496      0.450 0.000    weak
132390.706 1.596   0.193 -0.500 -69.794 -0.617     13        3       3       7       3      7.625      0.318 1.403    weak

  --unknown 488 --at E lists the transitions at any one of these energies.
  A position here is conditional on the rest of the level list, exactly as an alternate position is: the lines it takes are lines its neighbours could take instead.

==============================================================================
IDEN2 row 521   exit 0
==============================================================================
IDEN2 row 521  f27d _3H4H  J = 3.5  not found
  calculated at 129738.7 cm^-1; levels of f27d turn out to be 113.1 cm^-1 from where the calculation puts them (rms)
  160 calculated transitions to levels that HAVE been found, 12 of which could have been recorded at the calculated position
  scanned 129399.3 - 130078.1 cm^-1 in steps of 0.020
  4 positions where ln R > 0: 0 firm, 4 weak, 0 no support

         E  ln_R  ln_R_J   look      dE      z  n_obs  n_match  n_poor  n_miss  n_free  free_gain  top_share  ln_J verdict
129877.146 5.658   4.218  2.831 138.446  1.224     12        4       1       7       4     13.515      0.446 1.440    weak
129646.566 3.162   3.162  1.775 -92.134 -0.814     12        4       1       7       2      9.935      0.540 0.000    weak
129744.146 2.810  -0.130 -1.516   5.446  0.048     12        4       2       6       4     11.814      0.413 2.940    weak
129856.706 0.520  -0.976 -2.362 118.006  1.043     12        3       1       8       3     10.747      0.472 1.496    weak

  --unknown 521 --at E lists the transitions at any one of these energies.
  A position here is conditional on the rest of the level list, exactly as an alternate position is: the lines it takes are lines its neighbours could take instead.

==============================================================================
IDEN2 row 825   exit 0
==============================================================================
IDEN2 row 825  f26d _3F2F  J = 3.5  not found
  calculated at 108201.7 cm^-1; levels of f26d turn out to be 60.4 cm^-1 from where the calculation puts them (rms)
  169 calculated transitions to levels that HAVE been found, 18 of which could have been recorded at the calculated position
  scanned 108020.4 - 108383.0 cm^-1 in steps of 0.020
  no position in the window where ln R > 0.  The best the window offers is -2.63 at 108258.504 cm^-1, which is not a candidate: the recorded lines are no more likely with a level there than with none.
  A position just outside the window is not seen: --unknown 825 --at E scores any energy, and --window-sigmas widens the search.

==============================================================================
IDEN2 row 632   exit 0
==============================================================================
IDEN2 row 632  f25f ~1G2D  J = 2.5  not found
  calculated at 121757.4 cm^-1; levels of f25f turn out to be 106.1 cm^-1 from where the calculation puts them (rms)
  95 calculated transitions to levels that HAVE been found, 21 of which could have been recorded at the calculated position
  scanned 121439.0 - 122075.8 cm^-1 in steps of 0.020
  no position in the window where ln R > 0.  The best the window offers is -3.16 at 121726.379 cm^-1, which is not a candidate: the recorded lines are no more likely with a level there than with none.
  A position just outside the window is not seen: --unknown 632 --at E scores any energy, and --window-sigmas widens the search.

==============================================================================
IDEN2 row 944   exit 0
==============================================================================
IDEN2 row 944  f5d2 ~1G2D  J = 2.5  not found
  calculated at 84315.7 cm^-1; levels of f5d2 turn out to be 226.4 cm^-1 from where the calculation puts them (rms)
  95 calculated transitions to levels that HAVE been found, 22 of which could have been recorded at the calculated position
  scanned 83636.6 - 84994.8 cm^-1 in steps of 0.020
  3 positions where ln R > 0: 1 firm, 2 weak, 0 no support

        E   ln_R  ln_R_J   look       dE      z  n_obs  n_match  n_poor  n_miss  n_free  free_gain  top_share  ln_J verdict
84588.601 17.791  17.791 16.693  272.901  1.206     20        8       2      10       7     25.716      0.232 0.000    firm
83748.761  0.907  -0.748 -1.847 -566.939 -2.505     19        4       2      13       2      9.197      0.455 1.654    weak
83719.621  0.048  -1.619 -2.717 -596.079 -2.633     19        4       0      15       2      6.483      0.362 1.667    weak

  --unknown 944 --at E lists the transitions at any one of these energies.
  A position here is conditional on the rest of the level list, exactly as an alternate position is: the lines it takes are lines its neighbours could take instead.

==============================================================================
IDEN2 row 315   exit 0
==============================================================================
IDEN2 row 315  5d3  _4F4F  J = 3.5  not found
  calculated at 137284.3 cm^-1; levels of 5d3 turn out to be 139.9 cm^-1 from where the calculation puts them (rms)
  162 calculated transitions to levels that HAVE been found, 15 of which could have been recorded at the calculated position
  scanned 136864.5 - 137704.1 cm^-1 in steps of 0.020
  1 positions where ln R > 0: 0 firm, 1 weak, 0 no support

         E  ln_R  ln_R_J  look       dE      z  n_obs  n_match  n_poor  n_miss  n_free  free_gain  top_share  ln_J verdict
137068.188 1.085   1.085 1.085 -216.112 -1.544     15        6       1       8       5     11.087      0.278 0.000    weak

  --unknown 315 --at E lists the transitions at any one of these energies.
  A position here is conditional on the rest of the level list, exactly as an alternate position is: the lines it takes are lines its neighbours could take instead.

==============================================================================
IDEN2 row 449   exit 0
==============================================================================
IDEN2 row 449  fd6p _1H2I  J = 5.5  not found
  calculated at 133993.0 cm^-1; levels of fd6p turn out to be 394.0 cm^-1 from where the calculation puts them (rms)
  129 calculated transitions to levels that HAVE been found, 18 of which could have been recorded at the calculated position
  scanned 132811.1 - 135174.9 cm^-1 in steps of 0.020
  6 positions where ln R > 0: 0 firm, 6 weak, 0 no support

         E  ln_R  ln_R_J   look       dE      z  n_obs  n_match  n_poor  n_miss  n_free  free_gain  top_share  ln_J verdict
133745.964 1.950   1.950  0.159 -247.036 -0.627     17        4       0      13       4     10.491      0.306 0.199    weak
134696.644 0.696  -0.714 -2.506  703.644  1.786     16        4       1      11       4      8.671      0.436 1.610    weak
133790.144 1.267  -1.185 -2.976 -202.856 -0.515     17        4       0      13       4     12.368      0.503 2.651    weak
134081.424 0.818  -1.550 -3.342   88.424  0.224     18        4       2      12       4     12.678      0.321 2.567    weak
133966.264 0.390  -3.124 -4.916  -26.736 -0.068     18        3       2      13       3     11.850      0.475 3.713    weak
133265.784 0.480  -3.600 -5.392 -727.216 -1.846     20        3       2      15       2      8.187      0.350 4.280    weak

  --unknown 449 --at E lists the transitions at any one of these energies.
  A position here is conditional on the rest of the level list, exactly as an alternate position is: the lines it takes are lines its neighbours could take instead.

==============================================================================
IDEN2 row 432   exit 0
==============================================================================
IDEN2 row 432  f27d _3H4G  J = 5.5  not found
  calculated at 134353.1 cm^-1; levels of f27d turn out to be 113.1 cm^-1 from where the calculation puts them (rms)
  128 calculated transitions to levels that HAVE been found, 14 of which could have been recorded at the calculated position
  scanned 134013.7 - 134692.5 cm^-1 in steps of 0.020
  1 positions where ln R > 0: 0 firm, 1 weak, 0 no support

         E  ln_R  ln_R_J  look       dE      z  n_obs  n_match  n_poor  n_miss  n_free  free_gain  top_share  ln_J verdict
134249.126 1.356   1.356 1.356 -103.974 -0.919     14        4       2       8       4     10.228      0.380 0.263    weak

  --unknown 432 --at E lists the transitions at any one of these energies.
  A position here is conditional on the rest of the level list, exactly as an alternate position is: the lines it takes are lines its neighbours could take instead.

==============================================================================
IDEN2 row 1010   exit 0
==============================================================================
IDEN2 row 1010  f5d2 ~3P2D  J = 2.5  not found
  calculated at 70304.2 cm^-1; levels of f5d2 turn out to be 226.4 cm^-1 from where the calculation puts them (rms)
  100 calculated transitions to levels that HAVE been found, 16 of which could have been recorded at the calculated position
  scanned 69625.1 - 70983.3 cm^-1 in steps of 0.020
  2 positions where ln R > 0: 0 firm, 2 weak, 0 no support

        E  ln_R  ln_R_J   look       dE      z  n_obs  n_match  n_poor  n_miss  n_free  free_gain  top_share  ln_J verdict
70490.601 0.172   0.172 -0.521  186.401  0.823     15        4       0      11       3      9.654      0.529 0.160    weak
70200.001 0.558  -3.177 -3.870 -104.199 -0.460     16        4       1      11       3      8.512      0.444 3.894    weak

  --unknown 1010 --at E lists the transitions at any one of these energies.
  A position here is conditional on the rest of the level list, exactly as an alternate position is: the lines it takes are lines its neighbours could take instead.

==============================================================================
IDEN2 row 523   exit 0
==============================================================================
IDEN2 row 523  f27d _3H4I  J = 4.5  FOUND
  this row IS a level of the run: 059003.000651, which holds 129454.484 cm^-1
  its 5 accepted lines are released for the search, so the position it holds now is scanned on the same footing as every other: it does not have to compete with itself for its own lines
  calculated at 129564.0 cm^-1; levels of f27d turn out to be 113.1 cm^-1 from where the calculation puts them (rms)
  159 calculated transitions to levels that HAVE been found, 13 of which could have been recorded at the calculated position
  scanned 129224.6 - 129903.4 cm^-1 in steps of 0.020
  5 positions where ln R > 0: 1 firm, 4 weak, 0 no support

         E   ln_R  ln_R_J   look       dE      z  n_obs  n_match  n_poor  n_miss  n_free  free_gain  top_share  ln_J verdict
129454.486 12.889  12.889 11.280 -109.514 -0.968     13        5       1       7       5     20.895      0.286 0.000    firm
129744.126  2.713   2.713  1.103  180.126  1.592     13        5       0       8       5     11.818      0.480 0.000    weak
129498.066  2.064   0.207 -1.402  -65.934 -0.583     13        3       0      10       3     11.914      0.425 1.857    weak
129877.146  0.787  -2.851 -4.461  313.146  2.768     13        3       2       8       3     10.225      0.590 3.639    weak
129662.626  1.886  -3.208 -4.817   98.626  0.872     13        3       3       7       3      9.318      0.499 5.094    weak

  --unknown 523 --at E lists the transitions at any one of these energies.
  A position here is conditional on the rest of the level list, exactly as an alternate position is: the lines it takes are lines its neighbours could take instead.

==============================================================================
IDEN2 row 937   exit 0
==============================================================================
IDEN2 row 937  f5d6s~3F4F  J = 2.5  not found
  calculated at 84871.5 cm^-1; levels of f5d6s turn out to be 248.1 cm^-1 from where the calculation puts them (rms)
  93 calculated transitions to levels that HAVE been found, 13 of which could have been recorded at the calculated position
  scanned 84127.3 - 85615.7 cm^-1 in steps of 0.020
  2 positions where ln R > 0: 1 firm, 1 weak, 0 no support

        E  ln_R  ln_R_J   look       dE      z  n_obs  n_match  n_poor  n_miss  n_free  free_gain  top_share  ln_J verdict
84914.829 6.823   6.823  6.129   43.329  0.175     13        7       1       5       5     12.304      0.297 0.000    firm
84753.749 1.136  -0.576 -1.269 -117.751 -0.475     14        4       0      10       4     10.135      0.383 1.712    weak

  --unknown 937 --at E lists the transitions at any one of these energies.
  A position here is conditional on the rest of the level list, exactly as an alternate position is: the lines it takes are lines its neighbours could take instead.

==============================================================================
IDEN2 row 447   exit 0
==============================================================================
IDEN2 row 447  f27d _3H4H  J = 6.5  not found
  calculated at 134001.6 cm^-1; levels of f27d turn out to be 113.1 cm^-1 from where the calculation puts them (rms)
  82 calculated transitions to levels that HAVE been found, 16 of which could have been recorded at the calculated position
  scanned 133662.2 - 134341.0 cm^-1 in steps of 0.020
  5 positions where ln R > 0: 0 firm, 5 weak, 0 no support

         E  ln_R  ln_R_J   look      dE      z  n_obs  n_match  n_poor  n_miss  n_free  free_gain  top_share  ln_J verdict
133945.386 8.802   6.163  4.554 -56.214 -0.497     15        3       3       9       3     12.272      0.438 4.380    weak
134004.086 4.203   1.618  0.008   2.486  0.022     16        4       4       8       3      8.829      0.227 4.326    weak
133936.106 1.180   1.180 -0.429 -65.494 -0.579     15        5       2       8       4     10.752      0.496 1.742    weak
133948.986 1.478  -0.793 -2.402 -52.614 -0.465     15        3       1      11       3     12.084      0.554 4.012    weak
134223.266 0.066  -0.896 -2.505 221.666  1.959     16        4       0      12       3     10.406      0.565 2.703    weak

  --unknown 447 --at E lists the transitions at any one of these energies.
  A position here is conditional on the rest of the level list, exactly as an alternate position is: the lines it takes are lines its neighbours could take instead.

==============================================================================
IDEN2 row 389   exit 0
==============================================================================
IDEN2 row 389  f27d _3H2F  J = 3.5  not found
  calculated at 135213.6 cm^-1; levels of f27d turn out to be 113.1 cm^-1 from where the calculation puts them (rms)
  162 calculated transitions to levels that HAVE been found, 12 of which could have been recorded at the calculated position
  scanned 134874.2 - 135553.0 cm^-1 in steps of 0.020
  2 positions where ln R > 0: 0 firm, 1 weak, 1 no support

         E  ln_R  ln_R_J   look       dE      z  n_obs  n_match  n_poor  n_miss  n_free  free_gain  top_share  ln_J    verdict
135414.246 0.695   0.110 -0.583  200.646  1.774     13        3       2       8       2     10.188      0.549 1.867       weak
135065.166 0.143   0.143 -0.550 -148.434 -1.312     15        3       3       9       3      9.104      0.626 1.282 no support

  --unknown 389 --at E lists the transitions at any one of these energies.
  A position here is conditional on the rest of the level list, exactly as an alternate position is: the lines it takes are lines its neighbours could take instead.

==============================================================================
IDEN2 row 856   exit 0
==============================================================================
IDEN2 row 856  f26d _3F4G  J = 2.5  not found
  calculated at 105790.1 cm^-1; levels of f26d turn out to be 60.4 cm^-1 from where the calculation puts them (rms)
  138 calculated transitions to levels that HAVE been found, 14 of which could have been recorded at the calculated position
  scanned 105608.8 - 105971.4 cm^-1 in steps of 0.020
  3 positions where ln R > 0: 0 firm, 3 weak, 0 no support

         E  ln_R  ln_R_J   look       dE      z  n_obs  n_match  n_poor  n_miss  n_free  free_gain  top_share  ln_J verdict
105721.304 2.917   2.523  1.425  -68.796 -1.139     14        4       2       8       3     12.126      0.388 2.810    weak
105676.704 0.192   0.184 -0.915 -113.396 -1.877     13        2       0      11       2      9.748      0.589 2.424    weak
105668.904 0.162   0.162 -0.936 -121.196 -2.006     13        2       0      11       2      9.558      0.596 2.416    weak

  --unknown 856 --at E lists the transitions at any one of these energies.
  A position here is conditional on the rest of the level list, exactly as an alternate position is: the lines it takes are lines its neighbours could take instead.

==============================================================================
IDEN2 row 319   exit 0
==============================================================================
IDEN2 row 319  f27d _3F2H  J = 5.5  not found
  calculated at 136995.0 cm^-1; levels of f27d turn out to be 113.1 cm^-1 from where the calculation puts them (rms)
  123 calculated transitions to levels that HAVE been found, 12 of which could have been recorded at the calculated position
  scanned 136655.6 - 137334.4 cm^-1 in steps of 0.020
  7 positions where ln R > 0: 1 firm, 5 weak, 1 no support

         E   ln_R  ln_R_J   look       dE      z  n_obs  n_match  n_poor  n_miss  n_free  free_gain  top_share  ln_J    verdict
136902.686 11.345  11.345  9.399  -92.314 -0.816     12        6       2       4       5     15.533      0.328 0.000       firm
136791.686  5.556   5.556  3.610 -203.314 -1.797     12        5       0       7       2      7.376      0.430 0.000       weak
136989.026  3.350   3.350  1.404   -5.974 -0.053     12        4       2       6       4      9.667      0.398 0.000       weak
136680.406  0.644   0.644 -1.302 -314.594 -2.781     12        4       0       8       4      8.471      0.330 0.000       weak
136773.046  1.928  -0.033 -1.979 -221.954 -1.962     12        3       0       9       3      9.230      0.572 1.961       weak
137116.826  0.054  -2.430 -4.376  121.826  1.077     12        2       2       8       2      9.976      0.500 2.485       weak
136865.686  4.203   3.664  1.718 -129.314 -1.143     12        4       1       7       3     10.564      0.615 0.539 no support

  --unknown 319 --at E lists the transitions at any one of these energies.
  A position here is conditional on the rest of the level list, exactly as an alternate position is: the lines it takes are lines its neighbours could take instead.

==============================================================================
IDEN2 row 329   exit 0
==============================================================================
IDEN2 row 329  f27d _3F4G  J = 5.5  not found
  calculated at 136692.4 cm^-1; levels of f27d turn out to be 113.1 cm^-1 from where the calculation puts them (rms)
  126 calculated transitions to levels that HAVE been found, 10 of which could have been recorded at the calculated position
  scanned 136353.0 - 137031.8 cm^-1 in steps of 0.020
  4 positions where ln R > 0: 0 firm, 4 weak, 0 no support

         E  ln_R  ln_R_J   look       dE      z  n_obs  n_match  n_poor  n_miss  n_free  free_gain  top_share  ln_J verdict
136779.766 2.182   2.182  0.796   87.366  0.772     10        4       2       4       2      7.194      0.537 0.000    weak
136576.626 2.704   1.927  0.541 -115.774 -1.023     10        3       1       6       3     10.424      0.501 0.777    weak
136482.666 2.175   1.389  0.002 -209.734 -1.854     12        3       3       6       3     10.184      0.574 0.787    weak
136831.206 0.865  -2.253 -3.639  138.806  1.227     10        2       0       8       2      7.692      0.544 3.118    weak

  --unknown 329 --at E lists the transitions at any one of these energies.
  A position here is conditional on the rest of the level list, exactly as an alternate position is: the lines it takes are lines its neighbours could take instead.

==============================================================================
IDEN2 row 446   exit 0
==============================================================================
IDEN2 row 446  f27d _3H4I  J = 7.5  not found
  calculated at 134002.0 cm^-1; levels of f27d turn out to be 113.1 cm^-1 from where the calculation puts them (rms)
  43 calculated transitions to levels that HAVE been found, 10 of which could have been recorded at the calculated position
  scanned 133662.6 - 134341.4 cm^-1 in steps of 0.020
  9 positions where ln R > 0: 1 firm, 5 weak, 3 no support

         E   ln_R  ln_R_J   look      dE      z  n_obs  n_match  n_poor  n_miss  n_free  free_gain  top_share  ln_J    verdict
133945.386 13.537  13.537 11.340 -56.614 -0.500      9        4       2       3       4     17.323      0.417 0.000       firm
134004.086  8.326   8.326  6.129   2.086  0.018     10        4       2       4       3     10.155      0.518 0.000       weak
134165.066  1.588  -0.535 -2.732 163.066  1.441     10        3       0       7       3     11.499      0.418 2.123       weak
134139.566  0.887  -1.339 -3.536 137.566  1.216     10        3       0       7       2      8.309      0.489 2.226       weak
134076.366  2.071  -1.418 -3.615  74.366  0.657     10        3       1       6       2      7.957      0.558 3.488       weak
134239.306  0.402  -3.031 -5.228 237.306  2.098      9        3       0       6       3      8.754      0.558 3.433       weak
134075.186  0.340  -1.228 -3.426  73.186  0.647     10        3       0       7       3      6.422      0.711 1.568 no support
134143.266  4.340  -1.351 -3.548 141.266  1.249     10        2       1       7       2     11.385      0.624 5.691 no support
133982.286  0.374  -2.306 -4.503 -19.714 -0.174      9        2       2       5       2      7.769      0.780 2.681 no support

  --unknown 446 --at E lists the transitions at any one of these energies.
  A position here is conditional on the rest of the level list, exactly as an alternate position is: the lines it takes are lines its neighbours could take instead.

==============================================================================
IDEN2 row 500   exit 0
==============================================================================
IDEN2 row 500  fd6p _1H2H  J = 4.5  not found
  calculated at 131498.1 cm^-1; levels of fd6p turn out to be 394.0 cm^-1 from where the calculation puts them (rms)
  161 calculated transitions to levels that HAVE been found, 18 of which could have been recorded at the calculated position
  scanned 130316.2 - 132680.0 cm^-1 in steps of 0.020
  4 positions where ln R > 0: 1 firm, 3 weak, 0 no support

         E  ln_R  ln_R_J   look        dE      z  n_obs  n_match  n_poor  n_miss  n_free  free_gain  top_share  ln_J verdict
130461.204 6.792   6.792  5.406 -1036.896 -2.632     16        5       1      10       4      9.390      0.301 1.427    firm
131130.424 2.152   1.107 -0.279  -367.676 -0.933     17        2       1      14       2     10.739      0.413 2.472    weak
132163.184 0.867   0.137 -1.250   665.084  1.688     19        5       1      13       3      9.596      0.503 2.157    weak
131425.504 0.547  -0.544 -1.930   -72.596 -0.184     18        4       2      12       3     10.358      0.511 2.518    weak

  --unknown 500 --at E lists the transitions at any one of these energies.
  A position here is conditional on the rest of the level list, exactly as an alternate position is: the lines it takes are lines its neighbours could take instead.

==============================================================================
IDEN2 row 670   exit 0
==============================================================================
IDEN2 row 670  f27p ~3F4F  J = 3.5  not found
  calculated at 119376.3 cm^-1; levels of f27p turn out to be 42.3 cm^-1 from where the calculation puts them (rms)
  117 calculated transitions to levels that HAVE been found, 18 of which could have been recorded at the calculated position
  scanned 119249.4 - 119503.2 cm^-1 in steps of 0.020
  2 positions where ln R > 0: 0 firm, 2 weak, 0 no support

         E  ln_R  ln_R_J   look      dE      z  n_obs  n_match  n_poor  n_miss  n_free  free_gain  top_share  ln_J verdict
119299.431 0.035   0.035 -0.658 -76.869 -1.817     18        5       1      12       2      9.025      0.468 0.000    weak
119468.131 0.563  -0.953 -1.646  91.831  2.171     18        5       1      12       2      9.080      0.435 1.515    weak

  --unknown 670 --at E lists the transitions at any one of these energies.
  A position here is conditional on the rest of the level list, exactly as an alternate position is: the lines it takes are lines its neighbours could take instead.

==============================================================================
IDEN2 row 711   exit 0
==============================================================================
IDEN2 row 711  fd6p _3H4I  J = 5.5  not found
  calculated at 117932.1 cm^-1; levels of fd6p turn out to be 394.0 cm^-1 from where the calculation puts them (rms)
  107 calculated transitions to levels that HAVE been found, 21 of which could have been recorded at the calculated position
  scanned 116750.2 - 119114.0 cm^-1 in steps of 0.020
  3 positions where ln R > 0: 1 firm, 2 weak, 0 no support

         E   ln_R  ln_R_J   look       dE      z  n_obs  n_match  n_poor  n_miss  n_free  free_gain  top_share  ln_J verdict
117889.024 17.867  17.867 16.769  -43.076 -0.109     21        9       1      11       7     24.386      0.191 0.000    firm
117710.584  2.355   1.290  0.191 -221.516 -0.562     21        4       3      14       4     13.169      0.344 1.065    weak
118292.444  1.857   1.006 -0.092  360.344  0.915     21        5       2      14       4      8.267      0.279 0.850    weak

  --unknown 711 --at E lists the transitions at any one of these energies.
  A position here is conditional on the rest of the level list, exactly as an alternate position is: the lines it takes are lines its neighbours could take instead.

==============================================================================
IDEN2 row 421   exit 0
==============================================================================
IDEN2 row 421  f27d _3H4F  J = 4.5  not found
  calculated at 134464.0 cm^-1; levels of f27d turn out to be 113.1 cm^-1 from where the calculation puts them (rms)
  157 calculated transitions to levels that HAVE been found, 15 of which could have been recorded at the calculated position
  scanned 134124.6 - 134803.4 cm^-1 in steps of 0.020
  1 positions where ln R > 0: 1 firm, 0 weak, 0 no support

         E  ln_R  ln_R_J  look      dE     z  n_obs  n_match  n_poor  n_miss  n_free  free_gain  top_share  ln_J verdict
134696.626 4.966   4.966 4.966 232.626 2.056     15        5       1       9       5     14.650      0.304 1.308    firm

  --unknown 421 --at E lists the transitions at any one of these energies.
  A position here is conditional on the rest of the level list, exactly as an alternate position is: the lines it takes are lines its neighbours could take instead.

==============================================================================
IDEN2 row 316   exit 0
==============================================================================
IDEN2 row 316  fd6p _1H2G  J = 3.5  not found
  calculated at 137240.9 cm^-1; levels of fd6p turn out to be 394.0 cm^-1 from where the calculation puts them (rms)
  162 calculated transitions to levels that HAVE been found, 15 of which could have been recorded at the calculated position
  scanned 136059.0 - 138422.8 cm^-1 in steps of 0.020
  7 positions where ln R > 0: 0 firm, 7 weak, 0 no support

         E  ln_R  ln_R_J   look       dE      z  n_obs  n_match  n_poor  n_miss  n_free  free_gain  top_share  ln_J verdict
137068.164 3.246   3.246  1.300 -172.736 -0.438     15        6       0       9       5     11.776      0.250 0.000    weak
136271.304 1.765   1.765 -0.181 -969.596 -2.461     14        5       3       6       3      8.800      0.315 0.000    weak
136529.524 1.045   1.045 -0.901 -711.376 -1.806     14        4       4       6       4      9.668      0.261 0.000    weak
136468.124 0.773   0.773 -1.173 -772.776 -1.962     14        5       2       7       3      7.214      0.307 0.000    weak
137755.504 0.600   0.600 -1.346  514.604  1.306     15        5       0      10       3      5.431      0.254 0.000    weak
136288.644 0.307   0.307 -1.638 -952.256 -2.417     14        5       1       8       4      8.640      0.336 0.000    weak
136882.484 2.156  -2.231 -4.177 -358.416 -0.910     14        3       3       8       3      6.433      0.210 4.387    weak

  --unknown 316 --at E lists the transitions at any one of these energies.
  A position here is conditional on the rest of the level list, exactly as an alternate position is: the lines it takes are lines its neighbours could take instead.

==============================================================================
IDEN2 row 406   exit 0
==============================================================================
IDEN2 row 406  f27d _3H2G  J = 4.5  not found
  calculated at 134714.8 cm^-1; levels of f27d turn out to be 113.1 cm^-1 from where the calculation puts them (rms)
  155 calculated transitions to levels that HAVE been found, 13 of which could have been recorded at the calculated position
  scanned 134375.4 - 135054.2 cm^-1 in steps of 0.020
  2 positions where ln R > 0: 1 firm, 1 weak, 0 no support

         E   ln_R  ln_R_J   look       dE      z  n_obs  n_match  n_poor  n_miss  n_free  free_gain  top_share  ln_J verdict
134696.626 11.978  11.978 11.285  -18.174 -0.161     13        5       0       8       5     18.865      0.313 0.000    firm
134503.406  1.842   0.056 -0.637 -211.394 -1.869     13        3       1       9       3     11.298      0.466 1.786    weak

  --unknown 406 --at E lists the transitions at any one of these energies.
  A position here is conditional on the rest of the level list, exactly as an alternate position is: the lines it takes are lines its neighbours could take instead.

==============================================================================
IDEN2 row 492   exit 0
==============================================================================
IDEN2 row 492  f27d _3H4G  J = 3.5  not found
  calculated at 132136.0 cm^-1; levels of f27d turn out to be 113.1 cm^-1 from where the calculation puts them (rms)
  163 calculated transitions to levels that HAVE been found, 13 of which could have been recorded at the calculated position
  scanned 131796.6 - 132475.4 cm^-1 in steps of 0.020
  2 positions where ln R > 0: 0 firm, 2 weak, 0 no support

         E  ln_R  ln_R_J   look       dE      z  n_obs  n_match  n_poor  n_miss  n_free  free_gain  top_share  ln_J verdict
131830.846 2.321   2.321  1.628 -305.154 -2.698     13        5       0       8       3      8.513      0.371 0.000    weak
132244.486 0.528  -0.404 -1.097  108.486  0.959     12        3       0       9       3     10.064      0.540 0.932    weak

  --unknown 492 --at E lists the transitions at any one of these energies.
  A position here is conditional on the rest of the level list, exactly as an alternate position is: the lines it takes are lines its neighbours could take instead.

==============================================================================
IDEN2 row 834   exit 0
==============================================================================
IDEN2 row 834  f26d _3F2F  J = 2.5  not found
  calculated at 107743.5 cm^-1; levels of f26d turn out to be 60.4 cm^-1 from where the calculation puts them (rms)
  141 calculated transitions to levels that HAVE been found, 13 of which could have been recorded at the calculated position
  scanned 107562.2 - 107924.8 cm^-1 in steps of 0.020
  no position in the window where ln R > 0.  The best the window offers is -0.56 at 107680.364 cm^-1, which is not a candidate: the recorded lines are no more likely with a level there than with none.
  A position just outside the window is not seen: --unknown 834 --at E scores any energy, and --window-sigmas widens the search.

==============================================================================
IDEN2 row 392   exit 0
==============================================================================
IDEN2 row 392  f27d _3F4G  J = 3.5  not found
  calculated at 135131.5 cm^-1; levels of f27d turn out to be 113.1 cm^-1 from where the calculation puts them (rms)
  166 calculated transitions to levels that HAVE been found, 12 of which could have been recorded at the calculated position
  scanned 134792.1 - 135470.9 cm^-1 in steps of 0.020
  1 positions where ln R > 0: 0 firm, 1 weak, 0 no support

         E  ln_R  ln_R_J  look      dE     z  n_obs  n_match  n_poor  n_miss  n_free  free_gain  top_share  ln_J verdict
135414.246 1.100   1.100 1.100 282.746 2.499     13        3       2       8       2     10.640      0.556 3.205    weak

  --unknown 392 --at E lists the transitions at any one of these energies.
  A position here is conditional on the rest of the level list, exactly as an alternate position is: the lines it takes are lines its neighbours could take instead.

==============================================================================
IDEN2 row 799   exit 0
==============================================================================
IDEN2 row 799  f26d _1G2F  J = 3.5  not found
  calculated at 111465.9 cm^-1; levels of f26d turn out to be 60.4 cm^-1 from where the calculation puts them (rms)
  140 calculated transitions to levels that HAVE been found, 11 of which could have been recorded at the calculated position
  scanned 111284.6 - 111647.2 cm^-1 in steps of 0.020
  1 positions where ln R > 0: 0 firm, 1 weak, 0 no support

         E  ln_R  ln_R_J  look      dE     z  n_obs  n_match  n_poor  n_miss  n_free  free_gain  top_share  ln_J verdict
111600.544 7.970   7.970 7.970 134.644 2.229     11        6       1       4       3     11.348      0.318 0.000    weak

  --unknown 799 --at E lists the transitions at any one of these energies.
  A position here is conditional on the rest of the level list, exactly as an alternate position is: the lines it takes are lines its neighbours could take instead.

==============================================================================
IDEN2 row 443   exit 0
==============================================================================
IDEN2 row 443  f26f ~3H2G  J = 3.5  not found
  calculated at 134099.0 cm^-1; levels of f26f turn out to be 45.4 cm^-1 from where the calculation puts them (rms)
  100 calculated transitions to levels that HAVE been found, 13 of which could have been recorded at the calculated position
  scanned 133962.7 - 134235.3 cm^-1 in steps of 0.020
  3 positions where ln R > 0: 0 firm, 3 weak, 0 no support

         E  ln_R  ln_R_J   look       dE      z  n_obs  n_match  n_poor  n_miss  n_free  free_gain  top_share  ln_J verdict
134195.730 1.668   1.341  0.243   96.730  2.129     13        2       3       8       2      7.761      0.536 0.430    weak
133964.290 1.432   1.184  0.085 -134.710 -2.964     12        3       3       6       3      8.088      0.421 0.352    weak
134163.050 0.331   0.331 -0.768   64.050  1.409     13        4       2       7       4      6.423      0.366 0.103    weak

  --unknown 443 --at E lists the transitions at any one of these energies.
  A position here is conditional on the rest of the level list, exactly as an alternate position is: the lines it takes are lines its neighbours could take instead.

==============================================================================
IDEN2 row 345   exit 0
==============================================================================
IDEN2 row 345  f25g _3H4H  J = 3.5  not found
  calculated at 136591.4 cm^-1; levels of f25g turn out to be 23.8 cm^-1 from where the calculation puts them (rms)
  163 calculated transitions to levels that HAVE been found, 9 of which could have been recorded at the calculated position
  scanned 136519.9 - 136662.9 cm^-1 in steps of 0.020
  4 positions where ln R > 0: 0 firm, 3 weak, 1 no support

         E  ln_R  ln_R_J   look     dE     z  n_obs  n_match  n_poor  n_miss  n_free  free_gain  top_share  ln_J    verdict
136638.507 3.391   1.685  0.299 47.107 1.976      9        2       2       5       2      7.367      0.394 2.020       weak
136620.187 1.221   1.211 -0.176 28.787 1.207      9        3       1       5       2      6.348      0.458 0.324       weak
136623.227 2.277   0.852 -0.535 31.827 1.335      9        2       2       5       2      9.570      0.516 1.740       weak
136657.627 0.939   0.939 -0.447 66.227 2.777      9        2       2       5       2      7.188      0.770 0.314 no support

  --unknown 345 --at E lists the transitions at any one of these energies.
  A position here is conditional on the rest of the level list, exactly as an alternate position is: the lines it takes are lines its neighbours could take instead.

==============================================================================
IDEN2 row 518   exit 0
==============================================================================
IDEN2 row 518  f27d _3H4G  J = 2.5  FOUND
  this row IS a level of the run: 059003.000652, which holds 129877.147 cm^-1
  it is itself one of the questionable levels, so its assignments have already been freed for every level in this run of the search, this one included
  calculated at 130042.0 cm^-1; levels of f27d turn out to be 113.1 cm^-1 from where the calculation puts them (rms)
  142 calculated transitions to levels that HAVE been found, 10 of which could have been recorded at the calculated position
  scanned 129702.6 - 130381.4 cm^-1 in steps of 0.020
  8 positions where ln R > 0: 0 firm, 3 weak, 5 no support

         E  ln_R  ln_R_J   look       dE      z  n_obs  n_match  n_poor  n_miss  n_free  free_gain  top_share  ln_J    verdict
129877.146 7.410   7.410  5.331 -164.854 -1.457     10        4       2       4       4     13.177      0.451 0.240       weak
129856.906 3.775   3.769  1.689 -185.094 -1.636     10        3       1       6       3     10.512      0.533 0.247       weak
130242.046 3.242   3.148  1.069  200.046  1.768     11        4       2       5       4      9.069      0.371 0.334       weak
130000.246 0.741  -0.375 -2.454  -41.754 -0.369     10        3       0       7       2      8.093      0.649 1.356 no support
129832.046 0.162  -0.394 -2.473 -209.954 -1.856     10        3       2       5       3      7.948      0.747 0.796 no support
130354.846 0.330  -0.680 -2.759  312.846  2.765     11        2       1       8       2      8.809      0.696 1.250 no support
129771.106 0.267  -1.232 -3.312 -270.894 -2.395     10        2       0       8       2      9.547      0.645 1.740 no support
129896.146 0.569  -2.996 -5.076 -145.854 -1.289     10        3       1       6       2      9.255      0.634 3.806 no support

  --unknown 518 --at E lists the transitions at any one of these energies.
  A position here is conditional on the rest of the level list, exactly as an alternate position is: the lines it takes are lines its neighbours could take instead.

==============================================================================
IDEN2 row 269   exit 0
==============================================================================
IDEN2 row 269  f28s _1G2G  J = 4.5  not found
  calculated at 139026.9 cm^-1; levels of f28s turn out to be 79.6 cm^-1 from where the calculation puts them (rms)
  146 calculated transitions to levels that HAVE been found, 9 of which could have been recorded at the calculated position
  scanned 138788.0 - 139265.8 cm^-1 in steps of 0.020
  2 positions where ln R > 0: 0 firm, 1 weak, 1 no support

         E  ln_R  ln_R_J   look      dE     z  n_obs  n_match  n_poor  n_miss  n_free  free_gain  top_share  ln_J    verdict
139249.271 3.004   3.004  2.311 222.371 2.792      9        4       0       5       4      7.777      0.409 0.000       weak
139112.211 0.138   0.138 -0.555  85.311 1.071      9        2       3       4       1      3.692      0.676 0.000 no support

  --unknown 269 --at E lists the transitions at any one of these energies.
  A position here is conditional on the rest of the level list, exactly as an alternate position is: the lines it takes are lines its neighbours could take instead.

==============================================================================
IDEN2 row 418   exit 0
==============================================================================
IDEN2 row 418  f27d _3H2K  J = 7.5  not found
  calculated at 134489.3 cm^-1; levels of f27d turn out to be 113.1 cm^-1 from where the calculation puts them (rms)
  43 calculated transitions to levels that HAVE been found, 9 of which could have been recorded at the calculated position
  scanned 134149.9 - 134828.7 cm^-1 in steps of 0.020
  8 positions where ln R > 0: 0 firm, 3 weak, 5 no support

         E  ln_R  ln_R_J   look       dE      z  n_obs  n_match  n_poor  n_miss  n_free  free_gain  top_share  ln_J    verdict
134475.166 6.017   6.017  3.937  -14.134 -0.125      9        4       0       5       2      9.407      0.551 0.000       weak
134491.146 4.855   2.502  0.423    1.846  0.016      9        3       2       4       3     12.848      0.443 2.353       weak
134249.146 0.778   0.778 -1.302 -240.154 -2.123      9        4       0       5       3      6.262      0.414 0.000       weak
134384.466 1.227   0.625 -1.454 -104.834 -0.927      9        3       1       5       1      5.992      0.687 0.602 no support
134488.246 1.300  -1.055 -3.134   -1.054 -0.009      9        3       0       6       2      9.308      0.611 2.354 no support
134821.026 1.358  -1.537 -3.616  331.726  2.932      9        2       1       6       2     10.538      0.610 2.895 no support
134419.426 0.945  -1.630 -3.710  -69.874 -0.618      9        3       0       6       3      9.081      0.606 2.575 no support
134165.066 0.057  -2.477 -4.557 -324.234 -2.866      9        2       1       6       2      8.737      0.830 2.534 no support

  --unknown 418 --at E lists the transitions at any one of these energies.
  A position here is conditional on the rest of the level list, exactly as an alternate position is: the lines it takes are lines its neighbours could take instead.

==============================================================================
IDEN2 row 611   exit 0
==============================================================================
IDEN2 row 611  f27p ~1G2H  J = 5.5  not found
  calculated at 122933.4 cm^-1; levels of f27p turn out to be 42.3 cm^-1 from where the calculation puts them (rms)
  103 calculated transitions to levels that HAVE been found, 10 of which could have been recorded at the calculated position
  scanned 122806.5 - 123060.3 cm^-1 in steps of 0.020
  3 positions where ln R > 0: 0 firm, 1 weak, 2 no support

         E  ln_R  ln_R_J   look       dE      z  n_obs  n_match  n_poor  n_miss  n_free  free_gain  top_share  ln_J    verdict
122903.411 7.271   7.271  6.172  -29.989 -0.709     10        4       1       5       3     10.796      0.547 0.000       weak
122821.691 1.091   0.378 -0.721 -111.709 -2.641     11        2       4       5       1      5.135      0.812 0.713 no support
123059.891 0.506   0.002 -1.096  126.491  2.991     10        2       2       6       2      6.983      0.726 0.504 no support

  --unknown 611 --at E lists the transitions at any one of these energies.
  A position here is conditional on the rest of the level list, exactly as an alternate position is: the lines it takes are lines its neighbours could take instead.

==============================================================================
IDEN2 row 445   exit 0
==============================================================================
IDEN2 row 445  f28s _3F4F  J = 1.5  not found
  calculated at 134076.9 cm^-1; levels of f28s turn out to be 79.6 cm^-1 from where the calculation puts them (rms)
  87 calculated transitions to levels that HAVE been found, 10 of which could have been recorded at the calculated position
  scanned 133838.0 - 134315.8 cm^-1 in steps of 0.020
  1 positions where ln R > 0: 0 firm, 1 weak, 0 no support

         E  ln_R  ln_R_J  look      dE     z  n_obs  n_match  n_poor  n_miss  n_free  free_gain  top_share  ln_J verdict
134187.851 0.433   0.433 0.433 110.951 1.393     10        2       2       6       2      5.349      0.426 3.365    weak

  --unknown 445 --at E lists the transitions at any one of these energies.
  A position here is conditional on the rest of the level list, exactly as an alternate position is: the lines it takes are lines its neighbours could take instead.

==============================================================================
IDEN2 row 735   exit 0
==============================================================================
IDEN2 row 735  f25f ~3F4P  J = 0.5  not found
  calculated at 116804.7 cm^-1; levels of f25f turn out to be 106.1 cm^-1 from where the calculation puts them (rms)
  32 calculated transitions to levels that HAVE been found, 10 of which could have been recorded at the calculated position
  scanned 116486.3 - 117123.1 cm^-1 in steps of 0.020
  5 positions where ln R > 0: 0 firm, 3 weak, 2 no support

         E  ln_R  ln_R_J   look      dE      z  n_obs  n_match  n_poor  n_miss  n_free  free_gain  top_share  ln_J    verdict
116927.759 6.272   6.272  4.662 123.059  1.159     10        6       0       4       2      8.076      0.450 0.000       weak
117114.959 2.087   1.885  0.275 310.259  2.923     10        3       3       4       2      5.890      0.390 0.202       weak
116877.959 1.658   1.658  0.048  73.259  0.690     10        4       0       6       2      5.601      0.470 0.000       weak
116726.979 1.678  -0.493 -2.103 -77.721 -0.732     10        3       2       5       1      3.840      0.511 2.172 no support
117094.839 0.719  -0.967 -2.577 290.139  2.734     10        2       2       6       1      5.308      0.834 1.686 no support

  --unknown 735 --at E lists the transitions at any one of these energies.
  A position here is conditional on the rest of the level list, exactly as an alternate position is: the lines it takes are lines its neighbours could take instead.

==============================================================================
IDEN2 row 692   exit 0
==============================================================================
IDEN2 row 692  f27p ~3F4D  J = 3.5  not found
  calculated at 118504.2 cm^-1; levels of f27p turn out to be 42.3 cm^-1 from where the calculation puts them (rms)
  120 calculated transitions to levels that HAVE been found, 20 of which could have been recorded at the calculated position
  scanned 118377.3 - 118631.1 cm^-1 in steps of 0.020
  2 positions where ln R > 0: 0 firm, 2 weak, 0 no support

         E  ln_R  ln_R_J   look       dE      z  n_obs  n_match  n_poor  n_miss  n_free  free_gain  top_share  ln_J verdict
118393.991 3.248   3.248  2.555 -110.209 -2.606     20        5       4      11       2     10.204      0.492 0.497    weak
118609.891 0.634  -0.305 -0.998  105.691  2.499     20        4       6      10       2      8.677      0.537 1.436    weak

  --unknown 692 --at E lists the transitions at any one of these energies.
  A position here is conditional on the rest of the level list, exactly as an alternate position is: the lines it takes are lines its neighbours could take instead.

==============================================================================
IDEN2 row 716   exit 0
==============================================================================
IDEN2 row 716  f27p ~3F4G  J = 3.5  not found
  calculated at 117761.0 cm^-1; levels of f27p turn out to be 42.3 cm^-1 from where the calculation puts them (rms)
  119 calculated transitions to levels that HAVE been found, 15 of which could have been recorded at the calculated position
  scanned 117634.1 - 117887.9 cm^-1 in steps of 0.020
  no position in the window where ln R > 0.  The best the window offers is -3.77 at 117665.511 cm^-1, which is not a candidate: the recorded lines are no more likely with a level there than with none.
  A position just outside the window is not seen: --unknown 716 --at E scores any energy, and --window-sigmas widens the search.

==============================================================================
IDEN2 row 936   exit 0
==============================================================================
IDEN2 row 936  f5d2 ~3P2F  J = 3.5  not found
  calculated at 84887.0 cm^-1; levels of f5d2 turn out to be 226.4 cm^-1 from where the calculation puts them (rms)
  120 calculated transitions to levels that HAVE been found, 17 of which could have been recorded at the calculated position
  scanned 84207.9 - 85566.1 cm^-1 in steps of 0.020
  5 positions where ln R > 0: 1 firm, 4 weak, 0 no support

        E   ln_R  ln_R_J   look       dE      z  n_obs  n_match  n_poor  n_miss  n_free  free_gain  top_share  ln_J verdict
85186.701 17.706  17.706 16.096  299.701  1.324     16        7       1       8       5     18.007      0.245 0.000    firm
84429.981  3.543   3.543  1.933 -457.019 -2.019     16        7       0       9       2      4.073      0.355 0.000    weak
84588.581  4.250  -0.306 -1.916 -298.419 -1.318     17        4       0      13       3      9.169      0.270 4.556    weak
84293.061  0.894  -0.792 -2.401 -593.939 -2.624     16        3       2      11       2      8.651      0.386 1.686    weak
84872.141  0.183  -1.512 -3.122  -14.859 -0.066     17        3       3      11       2      8.867      0.574 1.695    weak

  --unknown 936 --at E lists the transitions at any one of these energies.
  A position here is conditional on the rest of the level list, exactly as an alternate position is: the lines it takes are lines its neighbours could take instead.

==============================================================================
IDEN2 row 713   exit 0
==============================================================================
IDEN2 row 713  f27p ~3F4D  J = 2.5  not found
  calculated at 117888.6 cm^-1; levels of f27p turn out to be 42.3 cm^-1 from where the calculation puts them (rms)
  96 calculated transitions to levels that HAVE been found, 16 of which could have been recorded at the calculated position
  scanned 117761.7 - 118015.5 cm^-1 in steps of 0.020
  no position in the window where ln R > 0.  The best the window offers is -1.32 at 117886.771 cm^-1, which is not a candidate: the recorded lines are no more likely with a level there than with none.
  A position just outside the window is not seen: --unknown 713 --at E scores any energy, and --window-sigmas widens the search.

==============================================================================
IDEN2 row 558   exit 0
==============================================================================
IDEN2 row 558  fd6p _3G2H  J = 4.5  not found
  calculated at 126138.2 cm^-1; levels of fd6p turn out to be 394.0 cm^-1 from where the calculation puts them (rms)
  172 calculated transitions to levels that HAVE been found, 13 of which could have been recorded at the calculated position
  scanned 124956.3 - 127320.1 cm^-1 in steps of 0.020
  3 positions where ln R > 0: 0 firm, 3 weak, 0 no support

         E  ln_R  ln_R_J   look       dE      z  n_obs  n_match  n_poor  n_miss  n_free  free_gain  top_share  ln_J verdict
125181.604 1.199   0.914 -0.184 -956.596 -2.428     14        4       1       9       4      9.178      0.328 2.015    weak
126802.244 0.830   0.830 -0.269  664.044  1.686     13        5       3       5       3      7.636      0.306 1.731    weak
125273.544 0.801   0.540 -0.558 -864.656 -2.195     14        3       2       9       3      8.920      0.495 1.991    weak

  --unknown 558 --at E lists the transitions at any one of these energies.
  A position here is conditional on the rest of the level list, exactly as an alternate position is: the lines it takes are lines its neighbours could take instead.

==============================================================================
IDEN2 row 915   exit 0
==============================================================================
IDEN2 row 915  f5d6s~1D2D  J = 1.5  not found
  calculated at 91039.2 cm^-1; levels of f5d6s turn out to be 248.1 cm^-1 from where the calculation puts them (rms)
  64 calculated transitions to levels that HAVE been found, 16 of which could have been recorded at the calculated position
  scanned 90295.0 - 91783.4 cm^-1 in steps of 0.020
  4 positions where ln R > 0: 1 firm, 3 weak, 0 no support

        E   ln_R  ln_R_J   look       dE      z  n_obs  n_match  n_poor  n_miss  n_free  free_gain  top_share  ln_J verdict
90321.009 11.762  11.762 10.376 -718.191 -2.895     17        7       3       7       5     12.061      0.198 0.000    firm
91417.129  2.079   1.066 -0.321  377.929  1.524     16        4       1      11       3      9.113      0.365 1.014    weak
90980.489  0.514  -0.348 -1.735  -58.711 -0.237     16        3       0      13       3      7.752      0.321 0.863    weak
91212.689  0.245  -3.843 -5.229  173.489  0.699     16        3       1      12       3      9.519      0.585 4.088    weak

  --unknown 915 --at E lists the transitions at any one of these energies.
  A position here is conditional on the rest of the level list, exactly as an alternate position is: the lines it takes are lines its neighbours could take instead.

==============================================================================
IDEN2 row 317   exit 0
==============================================================================
IDEN2 row 317  f27d _3F2G  J = 4.5  not found
  calculated at 137083.5 cm^-1; levels of f27d turn out to be 113.1 cm^-1 from where the calculation puts them (rms)
  158 calculated transitions to levels that HAVE been found, 14 of which could have been recorded at the calculated position
  scanned 136744.1 - 137422.9 cm^-1 in steps of 0.020
  7 positions where ln R > 0: 0 firm, 5 weak, 2 no support

         E  ln_R  ln_R_J   look       dE      z  n_obs  n_match  n_poor  n_miss  n_free  free_gain  top_share  ln_J    verdict
136902.686 9.420   9.420  7.474 -180.814 -1.598     15        6       3       6       3      9.043      0.376 0.000       weak
136791.686 8.502   8.502  6.556 -291.814 -2.580     14        6       0       8       3     10.975      0.369 0.000       weak
136773.046 3.387   2.517  0.571 -310.454 -2.744     14        4       3       7       3     10.944      0.499 0.870       weak
137083.706 2.253   2.096  0.150    0.206  0.002     14        6       3       5       3      7.376      0.428 0.157       weak
136989.026 1.949  -0.555 -2.501  -94.474 -0.835     14        3       4       7       3      8.575      0.497 2.504       weak
137084.826 0.284  -0.800 -2.746    1.326  0.012     14        4       3       7       2      7.596      0.698 1.084 no support
136865.686 1.001  -1.545 -3.491 -217.814 -1.925     15        5       2       8       4      8.135      0.657 2.546 no support

  --unknown 317 --at E lists the transitions at any one of these energies.
  A position here is conditional on the rest of the level list, exactly as an alternate position is: the lines it takes are lines its neighbours could take instead.

==============================================================================
IDEN2 row 299   exit 0
==============================================================================
IDEN2 row 299  5d3  _4F4F  J = 4.5  not found
  calculated at 138572.7 cm^-1; levels of 5d3 turn out to be 139.9 cm^-1 from where the calculation puts them (rms)
  142 calculated transitions to levels that HAVE been found, 12 of which could have been recorded at the calculated position
  scanned 138152.9 - 138992.5 cm^-1 in steps of 0.020
  no position in the window where ln R > 0.  The best the window offers is -1.09 at 138708.228 cm^-1, which is not a candidate: the recorded lines are no more likely with a level there than with none.
  A position just outside the window is not seen: --unknown 299 --at E scores any energy, and --window-sigmas widens the search.

==============================================================================
IDEN2 row 381   exit 0
==============================================================================
IDEN2 row 381  f28s _3F2F  J = 2.5  not found
  calculated at 135576.6 cm^-1; levels of f28s turn out to be 79.6 cm^-1 from where the calculation puts them (rms)
  137 calculated transitions to levels that HAVE been found, 14 of which could have been recorded at the calculated position
  scanned 135337.7 - 135815.5 cm^-1 in steps of 0.020
  no position in the window where ln R > 0.  The best the window offers is -0.67 at 135481.931 cm^-1, which is not a candidate: the recorded lines are no more likely with a level there than with none.
  A position just outside the window is not seen: --unknown 381 --at E scores any energy, and --window-sigmas widens the search.

==============================================================================
IDEN2 row 1014   exit 0
==============================================================================
IDEN2 row 1014  f5d2 ~3F4P  J = 1.5  FOUND
  this row IS a level of the run: 059003.000653, which holds 68890.203 cm^-1
  its 6 accepted lines are released for the search, so the position it holds now is scanned on the same footing as every other: it does not have to compete with itself for its own lines
  calculated at 69366.4 cm^-1; levels of f5d2 turn out to be 226.4 cm^-1 from where the calculation puts them (rms)
  67 calculated transitions to levels that HAVE been found, 16 of which could have been recorded at the calculated position
  scanned 68687.3 - 70045.5 cm^-1 in steps of 0.020
  12 positions where ln R > 0: 1 firm, 9 weak, 2 no support

        E   ln_R  ln_R_J   look       dE      z  n_obs  n_match  n_poor  n_miss  n_free  free_gain  top_share  ln_J    verdict
68890.201 16.586  16.586 14.101 -476.199 -2.104     13        6       1       6       5     22.471      0.220 0.016       firm
69117.301  4.055   3.337  0.852 -249.099 -1.100     15        5       1       9       3      8.314      0.439 0.734       weak
68892.281  2.791   2.539  0.054 -474.119 -2.095     13        3       0      10       3     10.008      0.551 0.268       weak
69026.661  1.524   0.667 -1.818 -339.739 -1.501     14        2       2      10       2      8.910      0.574 0.873       weak
68751.661  3.594   0.457 -2.028 -614.739 -2.716     13        4       0       9       3     10.264      0.396 3.153       weak
68936.441  1.824   0.393 -2.092 -429.959 -1.899     13        2       1      10       2     10.144      0.530 1.447       weak
68899.641  0.143  -0.443 -2.927 -466.759 -2.062     13        4       0       9       2      4.930      0.519 0.602       weak
68799.121  1.032  -2.215 -4.700 -567.279 -2.506     13        2       0      11       2     10.693      0.517 3.263       weak
69277.941  0.234  -3.137 -5.622  -88.459 -0.391     17        3       1      13       2     10.378      0.550 3.387       weak
69560.341  1.285  -3.471 -5.956  193.941  0.857     16        3       1      12       3     12.072      0.476 4.772       weak
68833.801  2.324   1.709 -0.776 -532.599 -2.353     13        3       0      10       1      5.917      0.691 0.631 no support
68757.681  0.230  -2.987 -5.471 -608.719 -2.689     13        2       3       8       1      3.259      0.453 3.233 no support

  --unknown 1014 --at E lists the transitions at any one of these energies.
  A position here is conditional on the rest of the level list, exactly as an alternate position is: the lines it takes are lines its neighbours could take instead.

==============================================================================
IDEN2 row 824   exit 0
==============================================================================
IDEN2 row 824  f26d _3F2D  J = 2.5  not found
  calculated at 108488.4 cm^-1; levels of f26d turn out to be 60.4 cm^-1 from where the calculation puts them (rms)
  143 calculated transitions to levels that HAVE been found, 15 of which could have been recorded at the calculated position
  scanned 108307.1 - 108669.7 cm^-1 in steps of 0.020
  1 positions where ln R > 0: 0 firm, 1 weak, 0 no support

         E  ln_R  ln_R_J  look      dE     z  n_obs  n_match  n_poor  n_miss  n_free  free_gain  top_share  ln_J verdict
108592.024 1.923   1.923 1.923 103.624 1.715     14        5       0       9       3      9.066      0.441 0.000    weak

  --unknown 824 --at E lists the transitions at any one of these energies.
  A position here is conditional on the rest of the level list, exactly as an alternate position is: the lines it takes are lines its neighbours could take instead.

==============================================================================
IDEN2 row 803   exit 0
==============================================================================
IDEN2 row 803  f26d _1G2H  J = 4.5  not found
  calculated at 111244.7 cm^-1; levels of f26d turn out to be 60.4 cm^-1 from where the calculation puts them (rms)
  149 calculated transitions to levels that HAVE been found, 14 of which could have been recorded at the calculated position
  scanned 111063.4 - 111426.0 cm^-1 in steps of 0.020
  1 positions where ln R > 0: 0 firm, 0 weak, 1 no support

         E  ln_R  ln_R_J  look    dE     z  n_obs  n_match  n_poor  n_miss  n_free  free_gain  top_share  ln_J    verdict
111250.504 0.364   0.364 0.364 5.804 0.096     14        3       0      11       1      4.153      0.470 2.053 no support

  --unknown 803 --at E lists the transitions at any one of these energies.
  Every one of them rests on one line or on none that is free, which is what a scan of 363 cm^-1 finds when there is nothing there.
  A position here is conditional on the rest of the level list, exactly as an alternate position is: the lines it takes are lines its neighbours could take instead.

==============================================================================
IDEN2 row 658   exit 0
==============================================================================
IDEN2 row 658  fd6p _3H4I  J = 5.5  not found
  calculated at 120416.4 cm^-1; levels of fd6p turn out to be 394.0 cm^-1 from where the calculation puts them (rms)
  118 calculated transitions to levels that HAVE been found, 14 of which could have been recorded at the calculated position
  scanned 119234.5 - 121598.3 cm^-1 in steps of 0.020
  10 positions where ln R > 0: 0 firm, 10 weak, 0 no support

         E  ln_R  ln_R_J   look       dE      z  n_obs  n_match  n_poor  n_miss  n_free  free_gain  top_share  ln_J verdict
120805.384 3.537   2.707  0.404  388.984  0.987     14        4       3       7       3      7.631      0.332 0.893    weak
120505.104 2.791   2.309  0.006   88.704  0.225     14        5       0       9       2      7.646      0.410 0.545    weak
119629.984 0.961   0.961 -1.342 -786.416 -1.996     16        4       1      11       3      9.257      0.440 0.063    weak
119635.684 0.993   0.344 -1.958 -780.716 -1.982     16        4       0      12       3      7.562      0.439 0.712    weak
121406.464 0.463  -0.305 -2.608  990.064  2.513     14        3       1      10       2      7.711      0.516 0.831    weak
120273.664 0.543  -0.339 -2.642 -142.736 -0.362     15        3       1      11       3      7.859      0.413 0.946    weak
121143.384 0.263  -0.342 -2.644  726.984  1.845     14        3       1      10       2      5.405      0.360 0.667    weak
121062.744 1.344  -0.514 -2.816  646.344  1.641     14        2       1      11       2      7.453      0.355 1.921    weak
120036.784 0.050  -1.767 -4.069 -379.616 -0.964     15        2       1      12       2      7.803      0.392 1.880    weak
120886.184 0.191  -3.553 -5.855  469.784  1.192     14        2       0      12       2      5.977      0.495 3.807    weak

  --unknown 658 --at E lists the transitions at any one of these energies.
  A position here is conditional on the rest of the level list, exactly as an alternate position is: the lines it takes are lines its neighbours could take instead.

==============================================================================
IDEN2 row 318   exit 0
==============================================================================
IDEN2 row 318  f27d _3F2F  J = 3.5  not found
  calculated at 137023.4 cm^-1; levels of f27d turn out to be 113.1 cm^-1 from where the calculation puts them (rms)
  162 calculated transitions to levels that HAVE been found, 12 of which could have been recorded at the calculated position
  scanned 136684.0 - 137362.8 cm^-1 in steps of 0.020
  6 positions where ln R > 0: 0 firm, 5 weak, 1 no support

         E  ln_R  ln_R_J   look       dE      z  n_obs  n_match  n_poor  n_miss  n_free  free_gain  top_share  ln_J    verdict
136758.846 4.482   4.482  2.690 -264.554 -2.339     13        6       1       6       5      9.610      0.290 0.000       weak
137068.126 2.023   2.023  0.232   44.726  0.395     11        4       0       7       4      8.356      0.377 0.000       weak
136814.246 1.020   1.020 -0.772 -209.154 -1.849     13        5       2       6       4      7.444      0.278 0.000       weak
136791.666 1.074   0.599 -1.193 -231.734 -2.048     13        3       1       9       2      6.853      0.425 0.475       weak
136902.686 0.173  -0.278 -2.070 -120.714 -1.067     13        3       4       6       2      6.112      0.442 0.451       weak
136771.046 0.883   0.883 -0.909 -252.354 -2.231     13        5       0       8       2      6.879      0.606 0.000 no support

  --unknown 318 --at E lists the transitions at any one of these energies.
  A position here is conditional on the rest of the level list, exactly as an alternate position is: the lines it takes are lines its neighbours could take instead.

==============================================================================
IDEN2 row 321   exit 0
==============================================================================
IDEN2 row 321  f27d _3F4D  J = 3.5  not found
  calculated at 136881.7 cm^-1; levels of f27d turn out to be 113.1 cm^-1 from where the calculation puts them (rms)
  156 calculated transitions to levels that HAVE been found, 12 of which could have been recorded at the calculated position
  scanned 136542.3 - 137221.1 cm^-1 in steps of 0.020
  5 positions where ln R > 0: 1 firm, 2 weak, 2 no support

         E  ln_R  ln_R_J   look       dE      z  n_obs  n_match  n_poor  n_miss  n_free  free_gain  top_share  ln_J    verdict
136902.706 6.574   6.574  4.965   21.006  0.186     12        7       1       4       4     10.184      0.351 0.000       firm
136882.506 0.424  -0.368 -1.978    0.806  0.007     12        2       4       6       2      6.174      0.449 0.792       weak
136773.046 1.096  -1.283 -2.893 -108.654 -0.960     12        3       3       6       3      9.113      0.503 2.380       weak
136771.046 1.046   1.046 -0.563 -110.654 -0.978     12        5       0       7       2      7.496      0.602 0.000 no support
136653.366 0.080   0.080 -1.530 -228.334 -2.018     12        3       1       8       1      1.088      0.686 0.000 no support

  --unknown 321 --at E lists the transitions at any one of these energies.
  A position here is conditional on the rest of the level list, exactly as an alternate position is: the lines it takes are lines its neighbours could take instead.

==============================================================================
IDEN2 row 903   exit 0
==============================================================================
IDEN2 row 903  f5d6s~3D2D  J = 1.5  not found
  calculated at 95551.5 cm^-1; levels of f5d6s turn out to be 248.1 cm^-1 from where the calculation puts them (rms)
  64 calculated transitions to levels that HAVE been found, 12 of which could have been recorded at the calculated position
  scanned 94807.3 - 96295.7 cm^-1 in steps of 0.020
  6 positions where ln R > 0: 1 firm, 2 weak, 3 no support

        E   ln_R  ln_R_J   look       dE      z  n_obs  n_match  n_poor  n_miss  n_free  free_gain  top_share  ln_J    verdict
95003.909 26.766  26.766 24.974 -547.591 -2.207     13        9       1       3       9     30.655      0.188 0.000       firm
95198.889  1.134   0.454 -1.338 -352.611 -1.421     13        3       3       7       2      6.075      0.363 0.679       weak
95577.549  0.094  -3.142 -4.934   26.049  0.105     12        3       3       6       3      8.045      0.447 3.236       weak
95945.169  0.708   0.708 -1.084  393.669  1.587     11        3       1       7       1      3.810      0.573 0.000 no support
96132.969  0.667  -2.343 -4.135  581.469  2.344     11        2       2       7       1      1.544      0.434 3.010 no support
96204.189  0.142  -2.435 -4.227  652.689  2.631     11        1       2       8       1      3.562      0.537 2.577 no support

  --unknown 903 --at E lists the transitions at any one of these energies.
  A position here is conditional on the rest of the level list, exactly as an alternate position is: the lines it takes are lines its neighbours could take instead.

==============================================================================
IDEN2 row 252   exit 0
==============================================================================
IDEN2 row 252  f27d _1G2H  J = 4.5  not found
  calculated at 139805.3 cm^-1; levels of f27d turn out to be 113.1 cm^-1 from where the calculation puts them (rms)
  160 calculated transitions to levels that HAVE been found, 11 of which could have been recorded at the calculated position
  scanned 139465.9 - 140144.7 cm^-1 in steps of 0.020
  3 positions where ln R > 0: 0 firm, 3 weak, 0 no support

         E  ln_R  ln_R_J   look      dE     z  n_obs  n_match  n_poor  n_miss  n_free  free_gain  top_share  ln_J verdict
139996.726 1.822   1.822  0.723 191.426 1.692     11        2       0       9       2      5.790      0.345 0.000    weak
140019.686 1.266   1.266  0.168 214.386 1.895     11        2       1       8       2      7.173      0.513 0.000    weak
139953.946 0.368   0.192 -0.906 148.646 1.314     11        5       1       5       3      5.765      0.454 0.175    weak

  --unknown 252 --at E lists the transitions at any one of these energies.
  A position here is conditional on the rest of the level list, exactly as an alternate position is: the lines it takes are lines its neighbours could take instead.

==============================================================================
IDEN2 row 621   exit 0
==============================================================================
IDEN2 row 621  f25f ~1G2D  J = 1.5  not found
  calculated at 122593.3 cm^-1; levels of f25f turn out to be 106.1 cm^-1 from where the calculation puts them (rms)
  66 calculated transitions to levels that HAVE been found, 11 of which could have been recorded at the calculated position
  scanned 122274.9 - 122911.7 cm^-1 in steps of 0.020
  1 positions where ln R > 0: 0 firm, 1 weak, 0 no support

         E  ln_R  ln_R_J  look     dE     z  n_obs  n_match  n_poor  n_miss  n_free  free_gain  top_share  ln_J verdict
122646.959 3.855   3.855 3.855 53.659 0.506     11        3       1       7       2     10.003      0.500 0.606    weak

  --unknown 621 --at E lists the transitions at any one of these energies.
  A position here is conditional on the rest of the level list, exactly as an alternate position is: the lines it takes are lines its neighbours could take instead.

==============================================================================
IDEN2 row 339   exit 0
==============================================================================
IDEN2 row 339  f27d _3F2F  J = 2.5  not found
  calculated at 136605.7 cm^-1; levels of f27d turn out to be 113.1 cm^-1 from where the calculation puts them (rms)
  142 calculated transitions to levels that HAVE been found, 10 of which could have been recorded at the calculated position
  scanned 136266.3 - 136945.1 cm^-1 in steps of 0.020
  7 positions where ln R > 0: 0 firm, 7 weak, 0 no support

         E  ln_R  ln_R_J   look       dE      z  n_obs  n_match  n_poor  n_miss  n_free  free_gain  top_share  ln_J verdict
136619.426 0.552   0.502 -1.444   13.726  0.121     10        3       1       6       2      4.570      0.456 0.218    weak
136548.786 0.624   0.138 -1.808  -56.914 -0.503     10        3       2       5       2      6.217      0.485 0.654    weak
136874.366 0.033   0.033 -1.913  268.666  2.375      9        3       0       6       2      5.708      0.483 0.168    weak
136613.546 0.676  -0.032 -1.978    7.846  0.069     10        3       1       6       3      6.907      0.518 0.876    weak
136468.406 0.059  -0.694 -2.640 -137.294 -1.214     10        3       1       6       3      5.902      0.476 0.921    weak
136919.206 0.316  -2.204 -4.150  313.506  2.771      9        3       2       4       3      6.943      0.491 2.688    weak
136602.046 0.010  -2.866 -4.812   -3.654 -0.032     10        3       1       6       2      5.230      0.446 3.044    weak

  --unknown 339 --at E lists the transitions at any one of these energies.
  A position here is conditional on the rest of the level list, exactly as an alternate position is: the lines it takes are lines its neighbours could take instead.

==============================================================================
IDEN2 row 376   exit 0
==============================================================================
IDEN2 row 376  fd6p _1H2I  J = 6.5  not found
  calculated at 135975.5 cm^-1; levels of fd6p turn out to be 394.0 cm^-1 from where the calculation puts them (rms)
  86 calculated transitions to levels that HAVE been found, 8 of which could have been recorded at the calculated position
  scanned 134793.6 - 137157.4 cm^-1 in steps of 0.020
  11 positions where ln R > 0: 0 firm, 8 weak, 3 no support

         E  ln_R  ln_R_J   look        dE      z  n_obs  n_match  n_poor  n_miss  n_free  free_gain  top_share  ln_J    verdict
134872.284 5.431   5.069  2.671 -1103.216 -2.800     10        3       0       7       3      5.887      0.442 0.362       weak
135537.064 4.891   4.891  2.493  -438.436 -1.113      9        5       0       4       2      6.329      0.431 0.000       weak
136763.644 0.908   0.908 -1.490   788.144  2.001      9        4       2       3       2      4.582      0.395 0.000       weak
135242.304 0.847   0.847 -1.551  -733.196 -1.861     10        3       1       6       2      6.847      0.542 0.000       weak
135811.924 1.347   0.348 -2.050  -163.576 -0.415      7        2       1       4       2      7.943      0.559 0.999       weak
135300.964 1.344  -0.256 -2.654  -674.536 -1.712     10        3       1       6       2      7.846      0.593 1.600       weak
136216.424 0.269  -1.244 -3.642   240.924  0.612      9        3       0       6       2      5.241      0.432 1.513       weak
136218.724 0.014  -2.375 -4.773   243.224  0.617      9        2       0       7       2      6.320      0.481 2.389       weak
135915.324 0.867   0.867 -1.530   -60.176 -0.153      8        4       1       3       1      3.355      0.490 0.000 no support
135819.364 1.213   0.215 -2.183  -156.136 -0.396      7        2       0       5       2      7.209      0.615 0.998 no support
134949.284 1.040  -0.594 -2.992 -1026.216 -2.605     10        2       3       5       1      1.389      0.664 1.634 no support

  --unknown 376 --at E lists the transitions at any one of these energies.
  A position here is conditional on the rest of the level list, exactly as an alternate position is: the lines it takes are lines its neighbours could take instead.

==============================================================================
IDEN2 row 506   exit 0
==============================================================================
IDEN2 row 506  f27d _3H4F  J = 2.5  not found
  calculated at 130935.4 cm^-1; levels of f27d turn out to be 113.1 cm^-1 from where the calculation puts them (rms)
  140 calculated transitions to levels that HAVE been found, 8 of which could have been recorded at the calculated position
  scanned 130596.0 - 131274.8 cm^-1 in steps of 0.020
  7 positions where ln R > 0: 0 firm, 1 weak, 6 no support

         E  ln_R  ln_R_J   look       dE      z  n_obs  n_match  n_poor  n_miss  n_free  free_gain  top_share  ln_J    verdict
131121.146 1.465   1.465 -0.481  185.746  1.642      8        3       0       5       3      7.518      0.410 0.000       weak
130939.886 0.715   0.715 -1.231    4.486  0.040      8        3       0       5       1      5.178      0.787 0.000 no support
131003.486 0.167   0.167 -1.778   68.086  0.602      8        2       1       5       2      6.486      0.846 0.000 no support
131222.086 1.090  -0.574 -2.520  286.686  2.534      8        2       2       4       1      3.824      0.569 1.664 no support
130935.126 0.047  -0.584 -2.530   -0.274 -0.002      8        2       0       6       2      7.465      0.767 0.631 no support
130766.306 1.095  -1.076 -3.022 -169.094 -1.495      8        1       0       7       1      6.354      0.663 2.170 no support
131063.186 0.585  -1.464 -3.410  127.786  1.130      8        1       1       6       1      5.854      0.654 2.049 no support

  --unknown 506 --at E lists the transitions at any one of these energies.
  A position here is conditional on the rest of the level list, exactly as an alternate position is: the lines it takes are lines its neighbours could take instead.

==============================================================================
IDEN2 row 408   exit 0
==============================================================================
IDEN2 row 408  f27d _3F4H  J = 3.5  not found
  calculated at 134679.5 cm^-1; levels of f27d turn out to be 113.1 cm^-1 from where the calculation puts them (rms)
  155 calculated transitions to levels that HAVE been found, 8 of which could have been recorded at the calculated position
  scanned 134340.1 - 135018.9 cm^-1 in steps of 0.020
  5 positions where ln R > 0: 0 firm, 3 weak, 2 no support

         E  ln_R  ln_R_J   look       dE      z  n_obs  n_match  n_poor  n_miss  n_free  free_gain  top_share  ln_J    verdict
134393.146 2.170   2.170  0.560 -286.354 -2.531      9        3       2       4       3      7.589      0.357 0.000       weak
134665.706 0.637   0.637 -0.972  -13.794 -0.122      8        2       1       5       2      6.781      0.485 0.000       weak
134986.586 0.560   0.560 -1.049  307.086  2.715      7        2       1       4       2      3.939      0.349 0.000       weak
134465.666 2.299   2.299  0.689 -213.834 -1.890      9        2       1       6       1      3.242      0.393 0.000 no support
134487.586 0.871  -1.056 -2.665 -191.914 -1.696      9        1       3       5       1      3.428      0.478 1.927 no support

  --unknown 408 --at E lists the transitions at any one of these energies.
  A position here is conditional on the rest of the level list, exactly as an alternate position is: the lines it takes are lines its neighbours could take instead.

==============================================================================
IDEN2 row 484   exit 0
==============================================================================
IDEN2 row 484  f27d _3H2F  J = 2.5  not found
  calculated at 132788.5 cm^-1; levels of f27d turn out to be 113.1 cm^-1 from where the calculation puts them (rms)
  141 calculated transitions to levels that HAVE been found, 6 of which could have been recorded at the calculated position
  scanned 132449.1 - 133127.9 cm^-1 in steps of 0.020
  7 positions where ln R > 0: 0 firm, 5 weak, 2 no support

         E  ln_R  ln_R_J   look       dE      z  n_obs  n_match  n_poor  n_miss  n_free  free_gain  top_share  ln_J    verdict
132538.286 3.176   3.176  1.230 -250.214 -2.212      6        3       0       3       3      8.218      0.590 0.000       weak
132566.246 1.148   1.148 -0.798 -222.254 -1.965      6        3       0       3       2      4.922      0.569 0.000       weak
132905.446 1.494   0.815 -1.131  116.946  1.034      6        2       0       4       2      8.123      0.591 0.679       weak
132539.246 0.103  -0.465 -2.411 -249.254 -2.203      6        2       0       4       2      5.338      0.480 0.568       weak
132940.146 0.205  -0.502 -2.448  151.646  1.341      7        2       1       4       2      4.709      0.457 0.707       weak
132455.086 1.006   1.006 -0.940 -333.414 -2.947      7        3       1       3       2      6.719      0.713 0.000 no support
132667.106 0.594   0.319 -1.627 -121.394 -1.073      6        2       1       3       1      5.097      0.734 0.276 no support

  --unknown 484 --at E lists the transitions at any one of these energies.
  A position here is conditional on the rest of the level list, exactly as an alternate position is: the lines it takes are lines its neighbours could take instead.

==============================================================================
IDEN2 row 258   exit 0
==============================================================================
IDEN2 row 258  f25g _3F4F  J = 3.5  not found
  calculated at 139544.3 cm^-1; levels of f25g turn out to be 23.8 cm^-1 from where the calculation puts them (rms)
  149 calculated transitions to levels that HAVE been found, 7 of which could have been recorded at the calculated position
  scanned 139472.8 - 139615.8 cm^-1 in steps of 0.020
  8 positions where ln R > 0: 0 firm, 6 weak, 2 no support

         E  ln_R  ln_R_J   look      dE      z  n_obs  n_match  n_poor  n_miss  n_free  free_gain  top_share  ln_J    verdict
139580.187 4.595   4.595  2.515  35.887  1.505      7        3       0       4       2      8.668      0.529 0.000       weak
139585.427 2.122   2.122  0.042  41.127  1.725      7        3       0       4       3      6.228      0.492 0.000       weak
139587.207 1.661   1.423 -0.656  42.907  1.799      7        2       0       5       2      6.435      0.575 0.238       weak
139598.887 1.615   0.817 -1.263  54.587  2.289      7        2       0       5       2      7.507      0.554 0.798       weak
139491.627 1.162   0.585 -1.494 -52.673 -2.209      7        3       0       4       2      6.437      0.584 0.577       weak
139538.627 0.649   0.081 -1.998  -5.673 -0.238      7        2       0       5       2      6.865      0.524 0.568       weak
139521.067 1.039   0.770 -1.310 -23.233 -0.974      7        2       0       5       2      7.295      0.693 0.270 no support
139479.327 1.152  -2.393 -4.473 -64.973 -2.725      7        2       1       4       2      6.718      0.717 3.545 no support

  --unknown 258 --at E lists the transitions at any one of these energies.
  A position here is conditional on the rest of the level list, exactly as an alternate position is: the lines it takes are lines its neighbours could take instead.

==============================================================================
IDEN2 row 489   exit 0
==============================================================================
IDEN2 row 489  f25f ~3P4G  J = 2.5  not found
  calculated at 132356.8 cm^-1; levels of f25f turn out to be 106.1 cm^-1 from where the calculation puts them (rms)
  84 calculated transitions to levels that HAVE been found, 8 of which could have been recorded at the calculated position
  scanned 132038.4 - 132675.2 cm^-1 in steps of 0.020
  3 positions where ln R > 0: 0 firm, 0 weak, 3 no support

         E  ln_R  ln_R_J   look       dE      z  n_obs  n_match  n_poor  n_miss  n_free  free_gain  top_share  ln_J    verdict
132260.619 3.872   3.872  2.773  -96.181 -0.906      8        4       2       2       1      3.313      0.505 0.000 no support
132373.919 0.819   0.517 -0.582   17.119  0.161      8        2       1       5       0      0.000      0.698 0.303 no support
132089.919 0.074  -1.677 -2.775 -266.881 -2.514      8        2       3       3       1      2.360      0.485 1.751 no support

  --unknown 489 --at E lists the transitions at any one of these energies.
  Every one of them rests on one line or on none that is free, which is what a scan of 637 cm^-1 finds when there is nothing there.
  A position here is conditional on the rest of the level list, exactly as an alternate position is: the lines it takes are lines its neighbours could take instead.

==============================================================================
IDEN2 row 402   exit 0
==============================================================================
IDEN2 row 402  5d3  _4F4F  J = 1.5  not found
  calculated at 134848.3 cm^-1; levels of 5d3 turn out to be 139.9 cm^-1 from where the calculation puts them (rms)
  97 calculated transitions to levels that HAVE been found, 6 of which could have been recorded at the calculated position
  scanned 134428.5 - 135268.1 cm^-1 in steps of 0.020
  6 positions where ln R > 0: 0 firm, 5 weak, 1 no support

         E  ln_R  ln_R_J   look       dE      z  n_obs  n_match  n_poor  n_miss  n_free  free_gain  top_share  ln_J    verdict
134546.088 2.161   2.161  0.370 -302.212 -2.160      8        3       2       3       2      6.596      0.479 0.000       weak
134645.828 1.717   1.717 -0.075 -202.472 -1.447      8        3       0       5       2      4.022      0.450 0.000       weak
135081.928 1.445   0.449 -1.343  233.628  1.670      6        3       0       3       3      5.870      0.375 0.996       weak
135076.948 1.470   0.417 -1.375  228.648  1.634      6        2       2       2       2      5.465      0.457 1.053       weak
134543.588 1.605   0.351 -1.441 -304.712 -2.178      8        2       3       3       2      7.617      0.594 1.254       weak
135237.308 0.504  -0.093 -1.885  389.008  2.780      6        2       1       3       1      2.941      0.567 0.598 no support

  --unknown 402 --at E lists the transitions at any one of these energies.
  A position here is conditional on the rest of the level list, exactly as an alternate position is: the lines it takes are lines its neighbours could take instead.

==============================================================================
IDEN2 row 209   exit 0
==============================================================================
IDEN2 row 209  f25g _3F4G  J = 5.5  not found
  calculated at 140979.5 cm^-1; levels of f25g turn out to be 23.8 cm^-1 from where the calculation puts them (rms)
  129 calculated transitions to levels that HAVE been found, 7 of which could have been recorded at the calculated position
  scanned 140908.0 - 141051.0 cm^-1 in steps of 0.020
  2 positions where ln R > 0: 0 firm, 1 weak, 1 no support

         E  ln_R  ln_R_J   look      dE      z  n_obs  n_match  n_poor  n_miss  n_free  free_gain  top_share  ln_J    verdict
140917.047 4.205   2.016  1.323 -62.453 -2.619      7        3       1       3       3      7.481      0.416 3.132       weak
141034.927 0.382   0.382 -0.311  55.427  2.325      7        2       0       5       2      6.600      0.716 0.943 no support

  --unknown 209 --at E lists the transitions at any one of these energies.
  A position here is conditional on the rest of the level list, exactly as an alternate position is: the lines it takes are lines its neighbours could take instead.

==============================================================================
IDEN2 row 212   exit 0
==============================================================================
IDEN2 row 212  f25g _3F4I  J = 6.5  not found
  calculated at 140972.0 cm^-1; levels of f25g turn out to be 23.8 cm^-1 from where the calculation puts them (rms)
  79 calculated transitions to levels that HAVE been found, 9 of which could have been recorded at the calculated position
  scanned 140900.5 - 141043.5 cm^-1 in steps of 0.020
  9 positions where ln R > 0: 0 firm, 6 weak, 3 no support

         E  ln_R  ln_R_J   look      dE      z  n_obs  n_match  n_poor  n_miss  n_free  free_gain  top_share  ln_J    verdict
140998.587 3.033   1.951 -0.247  26.587  1.115      9        3       0       6       3      8.269      0.396 1.082       weak
140917.027 1.413   0.724 -1.473 -54.973 -2.305      9        3       0       6       3      4.965      0.518 0.688       weak
140929.687 2.473   0.490 -1.707 -42.313 -1.775      9        2       1       6       2      6.799      0.453 1.983       weak
140905.147 1.472   0.354 -1.844 -66.853 -2.804      9        2       0       7       2      8.286      0.595 1.119       weak
140977.647 0.255  -0.425 -2.623   5.647  0.237      9        3       0       6       3      7.082      0.525 0.680       weak
140917.887 0.439  -1.550 -3.747 -54.113 -2.269      9        2       1       6       2      7.677      0.547 1.989       weak
140942.847 0.181   0.181 -2.016 -29.153 -1.223      9        3       0       6       2      5.173      0.748 0.000 no support
140960.047 0.052  -0.625 -2.823 -11.953 -0.501      9        2       1       6       1      4.273      0.991 0.677 no support
140924.887 0.044  -0.642 -2.839 -47.113 -1.976      9        3       0       6       2      4.945      0.724 0.686 no support

  --unknown 212 --at E lists the transitions at any one of these energies.
  A position here is conditional on the rest of the level list, exactly as an alternate position is: the lines it takes are lines its neighbours could take instead.

==============================================================================
IDEN2 row 254   exit 0
==============================================================================
IDEN2 row 254  f25g _3F2I  J = 5.5  not found
  calculated at 139570.6 cm^-1; levels of f25g turn out to be 23.8 cm^-1 from where the calculation puts them (rms)
  110 calculated transitions to levels that HAVE been found, 8 of which could have been recorded at the calculated position
  scanned 139499.1 - 139642.1 cm^-1 in steps of 0.020
  no position in the window where ln R > 0.  The best the window offers is -0.16 at 139547.207 cm^-1, which is not a candidate: the recorded lines are no more likely with a level there than with none.
  A position just outside the window is not seen: --unknown 254 --at E scores any energy, and --window-sigmas widens the search.

==============================================================================
IDEN2 row 324   exit 0
==============================================================================
IDEN2 row 324  f27d _3F4H  J = 6.5  not found
  calculated at 136778.0 cm^-1; levels of f27d turn out to be 113.1 cm^-1 from where the calculation puts them (rms)
  85 calculated transitions to levels that HAVE been found, 6 of which could have been recorded at the calculated position
  scanned 136438.6 - 137117.4 cm^-1 in steps of 0.020
  16 positions where ln R > 0: 0 firm, 3 weak, 13 no support

         E  ln_R  ln_R_J   look       dE      z  n_obs  n_match  n_poor  n_miss  n_free  free_gain  top_share  ln_J    verdict
136783.866 2.394   1.994 -0.779    5.866  0.052      6        2       2       2       2      7.268      0.568 0.400       weak
136831.206 0.997   0.997 -1.776   53.206  0.470      6        2       0       4       2      5.972      0.527 0.000       weak
137106.346 0.197  -0.095 -2.867  328.346  2.903      6        2       0       4       2      5.644      0.581 0.292       weak
136632.046 2.805   1.525 -1.247 -145.954 -1.290      6        2       1       3       2      8.655      0.620 1.280 no support
137067.946 1.099   0.512 -2.260  289.946  2.563      6        2       1       3       2      6.739      0.779 0.587 no support
136603.686 0.724   0.476 -2.297 -174.314 -1.541      6        2       1       3       2      5.158      0.777 0.248 no support
136525.786 1.596   0.324 -2.449 -252.214 -2.230      6        3       0       3       2      7.940      0.729 1.272 no support
136541.906 1.556   0.288 -2.484 -236.094 -2.087      6        3       1       2       3      6.624      0.639 1.267 no support
136779.766 0.072   0.072 -2.701    1.766  0.016      6        3       0       3       1      1.414      0.405 0.000 no support
136986.586 0.331  -0.484 -3.256  208.586  1.844      6        2       0       4       1      5.086      0.794 0.815 no support
136902.686 0.185  -0.666 -3.439  124.686  1.102      6        2       1       3       2      5.175      0.765 0.851 no support
136857.746 1.914  -0.792 -3.565   79.746  0.705      6        1       2       3       1      5.422      0.802 2.706 no support
137069.586 0.197  -1.319 -4.092  291.586  2.578      6        3       1       2       1      4.698      0.839 1.517 no support
136809.226 0.002  -2.188 -4.960   31.226  0.276      6        2       0       4       2      6.490      0.822 2.189 no support
136576.626 0.161  -2.725 -5.497 -201.374 -1.780      6        1       1       4       1      7.549      0.967 2.886 no support
136676.466 0.093  -2.728 -5.501 -101.534 -0.898      6        1       2       3       1      7.208      1.000 2.821 no support

  --unknown 324 --at E lists the transitions at any one of these energies.
  A position here is conditional on the rest of the level list, exactly as an alternate position is: the lines it takes are lines its neighbours could take instead.

==============================================================================
IDEN2 row 495   exit 0
==============================================================================
IDEN2 row 495  f27d _3H4K  J = 7.5  not found
  calculated at 132069.6 cm^-1; levels of f27d turn out to be 113.1 cm^-1 from where the calculation puts them (rms)
  45 calculated transitions to levels that HAVE been found, 6 of which could have been recorded at the calculated position
  scanned 131730.2 - 132409.0 cm^-1 in steps of 0.020
  12 positions where ln R > 0: 0 firm, 5 weak, 7 no support

         E  ln_R  ln_R_J   look       dE      z  n_obs  n_match  n_poor  n_miss  n_free  free_gain  top_share  ln_J    verdict
132205.426 5.471   5.471  2.986  135.826  1.201      6        2       0       4       2      9.664      0.573 0.000       weak
131993.246 4.872   4.872  2.387  -76.354 -0.675      6        2       0       4       2      9.191      0.535 0.000       weak
132053.506 3.908   3.452  0.967  -16.094 -0.142      6        2       0       4       2      4.071      0.560 0.456       weak
132349.426 1.948   1.939 -0.546  279.826  2.474      6        2       0       4       2      6.639      0.527 0.008       weak
132250.006 3.541   1.857 -0.628  180.406  1.595      6        2       0       4       2     10.284      0.511 1.683       weak
131825.046 2.660   2.660  0.175 -244.554 -2.162      5        2       0       3       2      6.041      0.831 0.000 no support
131859.606 1.147   1.147 -1.338 -209.994 -1.856      6        2       0       4       2      5.931      0.740 0.000 no support
132231.166 0.002  -0.405 -2.890  161.566  1.428      6        2       0       4       2      5.308      0.991 0.406 no support
132397.406 0.685  -1.484 -3.969  327.806  2.898      6        2       0       4       2      7.920      0.680 2.169 no support
132041.166 1.007  -1.625 -4.110  -28.434 -0.251      6        2       0       4       2      8.950      0.625 2.632 no support
131986.026 1.254  -2.011 -4.496  -83.574 -0.739      6        1       1       4       1      7.796      0.992 3.265 no support
132378.046 1.319  -2.386 -4.871  308.446  2.727      6        1       1       4       1      3.394      0.522 3.705 no support

  --unknown 495 --at E lists the transitions at any one of these energies.
  A position here is conditional on the rest of the level list, exactly as an alternate position is: the lines it takes are lines its neighbours could take instead.

