wn_obs,char,class,low_id,upp_id,S_low,S_upp,kappa,delta_cm-1,u_delta,wn_cg
121547.299,,plain,059003.000059,059003.000538,+0.0000,+0.0000,0.961,+0.0000,1.3617,121547.2990
121152.798,,plain,059003.000049,059003.000528,+0.0000,+0.0000,0.961,+0.0000,1.1922,121152.7980
120868.588,,plain,059003.000042,059003.000517,+0.0000,+0.0000,0.961,+0.0000,1.0228,120868.5880
120748.300,,plain,059003.000041,059003.000510,+0.0000,+0.0000,0.961,+0.0000,0.6848,120748.3000
120579.997,,plain,059003.000049,059003.000523,+0.0000,+0.0000,0.961,+0.0000,1.1922,120579.9970
120425.907,,plain,059003.000059,059003.000530,+0.0000,+0.0000,0.961,+0.0000,1.3617,120425.9070
120298.412,,plain,059003.000042,059003.000511,+0.0000,+0.0000,0.961,+0.0000,1.0228,120298.4120
120190.410,,plain,059003.000041,059003.000504,+0.0000,+0.0000,0.961,+0.0000,0.8536,120190.4100
120168.607,,plain,059003.000064,059003.000534,+0.0000,+0.0000,0.961,+0.0000,0.9344,120168.6070
119510.889,,plain,059003.000045,059003.000514,+0.0000,+0.0000,0.961,+0.0000,0.8536,119510.8890
119442.497,,plain,059003.000045,059003.000512,+0.0000,+0.0000,0.961,+0.0000,0.7645,119442.4970
119372.789,,plain,059003.000057,059003.000527,+0.0000,+0.0000,0.961,+0.0000,1.1042,119372.7890
119138.692,h,plain,059003.000072,059003.000536,+0.0000,+0.0000,0.961,+0.0000,0.9344,119138.6920
119114.403,,plain,059003.000066,059003.000531,+0.0000,+0.0000,0.961,+0.0000,1.1922,119114.4030
119101.613,,plain,059003.000069,059003.000534,+0.0000,+0.0000,0.961,+0.0000,0.9344,119101.6130
119039.514,,plain,059003.000066,059003.000530,+0.0000,+0.0000,0.961,+0.0000,1.3617,119039.5140
118921.606,cl,plain,059003.000057,059003.000523,+0.0000,+0.0000,0.961,+0.0000,1.1922,118921.6060
118796.009,,plain,059003.000053,059003.000520,+0.0000,+0.0000,0.961,+0.0000,0.6848,118796.0090
118766.219,,plain,059003.000049,059003.000517,+0.0000,+0.0000,0.961,+0.0000,1.1042,118766.2190
118710.702,,plain,059003.000072,059003.000534,+0.0000,+0.0000,0.961,+0.0000,0.9344,118710.7020
118694.795,,plain,059003.000050,059003.000517,+0.0000,+0.0000,0.961,+0.0000,1.0228,118694.7950
118580.092,cl,plain,059003.000062,059003.000529,+0.0000,+0.0000,0.961,+0.0000,0.7645,118580.0920
118547.714,bl,plain,059003.000047,059003.000510,+0.0000,+0.0000,0.961,+0.0000,0.5167,118547.7140
118499.293,,plain,059003.000059,059003.000523,+0.0000,+0.0000,0.961,+0.0000,1.2741,118499.2930
118427.996,,plain,059003.000071,059003.000532,+0.0000,+0.0000,0.961,+0.0000,1.5313,118427.9960
118333.984,,plain,059003.000072,059003.000531,+0.0000,+0.0000,0.961,+0.0000,1.0228,118333.9840
118310.818,,plain,059003.000071,059003.000530,+0.0000,+0.0000,0.961,+0.0000,1.4440,118310.8180
118243.814,,plain,059003.000064,059003.000527,+0.0000,+0.0000,0.961,+0.0000,1.0228,118243.8140
118124.407,,plain,059003.000050,059003.000511,+0.0000,+0.0000,0.961,+0.0000,1.0228,118124.4070
117645.512,,plain,059003.000054,059003.000516,+0.0000,+0.0000,0.961,+0.0000,0.5946,117645.5120
117638.606,,plain,059003.000055,059003.000580,+0.0000,+0.0000,0.961,+0.0000,0.8536,117638.6060
117625.490,bl,plain,059003.000049,059003.000424,+0.0000,+0.0000,0.961,+0.0000,1.1922,117625.4900
117485.607,,plain,059003.000054,059003.000512,+0.0000,+0.0000,0.961,+0.0000,0.6848,117485.6070
117458.995,,plain,059003.000053,059003.000510,+0.0000,+0.0000,0.961,+0.0000,0.5946,117458.9950
117176.586,,plain,059003.000069,059003.000527,+0.0000,+0.0000,0.961,+0.0000,1.0228,117176.5860
117125.906,,plain,059003.000050,059003.000501,+0.0000,+0.0000,0.961,+0.0000,1.0228,117125.9060
116796.211,,plain,059003.000079,059003.000531,+0.0000,+0.0000,0.961,+0.0000,1.1042,116796.2110
116783.517,,plain,059003.000072,059003.000527,+0.0000,+0.0000,0.961,+0.0000,1.0228,116783.5170
116673.709,,plain,059003.000070,059003.000523,+0.0000,+0.0000,0.961,+0.0000,1.1922,116673.7090
116657.510,,plain,059003.000063,059003.000519,+0.0000,+0.0000,0.961,+0.0000,0.5167,116657.5100
116373.910,,plain,059003.000060,059003.000512,+0.0000,+0.0000,0.961,+0.0000,0.7645,116373.9100
115978.714,,plain,059003.000064,059003.000517,+0.0000,+0.0000,0.961,+0.0000,1.0228,115978.7140
115951.815,,plain,059003.000063,059003.000516,+0.0000,+0.0000,0.961,+0.0000,0.5167,115951.8150
115898.609,,plain,059003.000054,059003.000500,+0.0000,+0.0000,0.961,+0.0000,0.5946,115898.6090
115828.005,,plain,059003.000064,059003.000514,+0.0000,+0.0000,0.961,+0.0000,0.9344,115828.0050
114995.687,,plain,059003.000073,059003.000519,+0.0000,+0.0000,0.961,+0.0000,0.5946,114995.6870
114824.688,,plain,059003.000083,059003.000526,+0.0000,+0.0000,0.961,+0.0000,0.4247,114824.6880
114604.106,,plain,059003.000067,059003.000510,+0.0000,+0.0000,0.961,+0.0000,0.5946,114604.1060
114409.800,,plain,059003.000064,059003.000501,+0.0000,+0.0000,0.961,+0.0000,1.0228,114409.8000
114353.516,,plain,059003.000085,059003.000526,+0.0000,+0.0000,0.961,+0.0000,0.5167,114353.5160
113431.294,,plain,059003.000091,059003.000528,+0.0000,+0.0000,0.961,+0.0000,1.1922,113431.2940
113101.984,,plain,059003.000113,059003.000538,+0.0000,+0.0000,0.961,+0.0000,1.3617,113101.9840
112958.715,,plain,059003.000096,059003.000528,+0.0000,+0.0000,0.961,+0.0000,1.1922,112958.7150
112837.117,,plain,059003.000096,059003.000527,+0.0000,+0.0000,0.961,+0.0000,1.1042,112837.1170
112448.499,,plain,059003.000116,059003.000621,+0.0000,+0.0000,0.961,+0.0000,1.5313,112448.4990
110572.222,,plain,059003.000096,059003.000517,+0.0000,+0.0000,0.961,+0.0000,1.1042,110572.2220
110241.086,,plain,059003.000063,059003.000417,+0.0000,+0.0000,0.961,+0.0000,0.5167,110241.0860
109902.905,,plain,059003.000091,059003.000424,+0.0000,+0.0000,0.961,+0.0000,1.1922,109902.9050
109608.284,,plain,059003.000091,059003.000502,+0.0000,+0.0000,0.961,+0.0000,1.1922,109608.2840
109430.117,,plain,059003.000096,059003.000424,+0.0000,+0.0000,0.961,+0.0000,1.1922,109430.1170
109333.213,,plain,059003.000058,059003.000570,+0.0000,+0.0000,0.961,+0.0000,0.9344,109333.2130
108695.299,,plain,059003.000073,059003.000418,+0.0000,+0.0000,0.961,+0.0000,0.6848,108695.2990
107393.716,,plain,059003.000113,059003.000425,+0.0000,+0.0000,0.961,+0.0000,1.3617,107393.7160
107273.590,,plain,059003.000080,059003.000418,+0.0000,+0.0000,0.961,+0.0000,0.6848,107273.5900
107057.900,,plain,059003.000080,059003.000415,+0.0000,+0.0000,0.961,+0.0000,0.6848,107057.9000
106803.814,,plain,059003.000113,059003.000502,+0.0000,+0.0000,0.961,+0.0000,1.2741,106803.8140
104727.711,,plain,059003.000041,059003.000396,+0.0000,+0.0000,0.961,+0.0000,0.8536,104727.7110
103750.696,,plain,059003.000046,059003.000406,+0.0000,+0.0000,0.961,+0.0000,1.0228,103750.6960
103677.315,,plain,059003.000135,059003.000520,+0.0000,+0.0000,0.961,+0.0000,0.6848,103677.3150
103593.320,,plain,059003.000106,059003.000416,+0.0000,+0.0000,0.961,+0.0000,0.8536,103593.3200
103462.798,,plain,059003.000041,059003.000388,+0.0000,+0.0000,0.961,+0.0000,0.8536,103462.7980
103290.822,,plain,059003.000064,059003.000413,+0.0000,+0.0000,0.961,+0.0000,0.9344,103290.8220
103189.595,,plain,059003.000064,059003.000412,+0.0000,+0.0000,0.961,+0.0000,1.0228,103189.5950
103085.889,,plain,059003.000050,059003.000406,+0.0000,+0.0000,0.961,+0.0000,1.0228,103085.8890
103015.588,,plain,059003.000045,059003.000396,+0.0000,+0.0000,0.961,+0.0000,0.8536,103015.5880
102948.626,,plain,059003.000045,059003.000482,+0.0000,+0.0000,0.961,+0.0000,0.7645,102948.6260
102915.086,,plain,059003.000046,059003.000399,+0.0000,+0.0000,0.961,+0.0000,1.0228,102915.0860
102864.998,,plain,059003.000132,059003.000507,+0.0000,+0.0000,0.961,+0.0000,0.9344,102864.9980
102852.814,,plain,059003.000064,059003.000409,+0.0000,+0.0000,0.961,+0.0000,0.9344,102852.8140
102764.382,,plain,059003.000045,059003.000394,+0.0000,+0.0000,0.961,+0.0000,0.8536,102764.3820
102645.081,,plain,059003.000132,059003.000505,+0.0000,+0.0000,0.961,+0.0000,1.0228,102645.0810
102388.100,,plain,059003.000046,059003.000393,+0.0000,+0.0000,0.961,+0.0000,1.0228,102388.1000
102257.008,,plain,059003.000064,059003.000408,+0.0000,+0.0000,0.961,+0.0000,1.0228,102257.0080
102249.392,,plain,059003.000050,059003.000399,+0.0000,+0.0000,0.961,+0.0000,1.0228,102249.3920
102122.303,**,plain,059003.000069,059003.000412,+0.0000,+0.0000,0.961,+0.0000,1.0228,102122.3030
102072.694,,plain,059003.000054,059003.000486,+0.0000,+0.0000,0.961,+0.0000,0.5167,102072.6940
102051.316,,plain,059003.000042,059003.000378,+0.0000,+0.0000,0.961,+0.0000,0.9344,102051.3160
101797.775,,plain,059003.000050,059003.000394,+0.0000,+0.0000,0.961,+0.0000,0.9344,101797.7750
101759.512,,plain,059003.000070,059003.000410,+0.0000,+0.0000,0.961,+0.0000,1.1922,101759.5120
101750.508,,plain,059003.000045,059003.000388,+0.0000,+0.0000,0.961,+0.0000,0.8536,101750.5080
101681.707,,plain,059003.000072,059003.000411,+0.0000,+0.0000,0.961,+0.0000,0.8536,101681.7070
101510.488,,plain,059003.000053,059003.000397,+0.0000,+0.0000,0.961,+0.0000,0.5946,101510.4880
101432.211,,plain,059003.000031,059003.000327,+0.0000,+0.0000,0.961,+0.0000,0.8536,101432.2110
101314.781,,plain,059003.000119,059003.000417,+0.0000,+0.0000,0.961,+0.0000,0.5946,101314.7810
101218.687,,plain,059003.000031,059003.000326,+0.0000,+0.0000,0.961,+0.0000,0.9344,101218.6870
101214.487,,plain,059003.000119,059003.000415,+0.0000,+0.0000,0.961,+0.0000,0.6848,101214.4870
101178.412,,plain,059003.000033,059003.000342,+0.0000,+0.0000,0.961,+0.0000,1.1922,101178.4120
101073.299,,plain,059003.000046,059003.000385,+0.0000,+0.0000,0.961,+0.0000,0.9344,101073.2990
101048.187,,plain,059003.000041,059003.000468,+0.0000,+0.0000,0.961,+0.0000,0.7645,101048.1870
100933.618,,plain,059003.000041,059003.000370,+0.0000,+0.0000,0.961,+0.0000,0.7645,100933.6180
100797.807,,plain,059003.000072,059003.000408,+0.0000,+0.0000,0.961,+0.0000,1.0228,100797.8070
100789.291,,plain,059003.000001,059003.000317,+0.0000,+0.0000,0.961,+0.0000,0.6848,100789.2910
100662.178,,plain,059003.000057,059003.000399,+0.0000,+0.0000,0.961,+0.0000,1.1042,100662.1780
100644.111,,plain,059003.000060,059003.000403,+0.0000,+0.0000,0.961,+0.0000,0.8536,100644.1110
100639.884,,plain,059003.000046,059003.000381,+0.0000,+0.0000,0.961,+0.0000,0.8536,100639.8840
100624.387,,plain,059003.000047,059003.000382,+0.0000,+0.0000,0.961,+0.0000,0.5167,100624.3870
100596.016,,plain,059003.000033,059003.000339,+0.0000,+0.0000,0.961,+0.0000,1.2741,100596.0160
100591.187,**,plain,059003.000053,059003.000391,+0.0000,+0.0000,0.961,+0.0000,0.5167,100591.1870
100565.188,,plain,059003.000033,059003.000338,+0.0000,+0.0000,0.961,+0.0000,1.1922,100565.1880
100548.496,,plain,059003.000046,059003.000379,+0.0000,+0.0000,0.961,+0.0000,1.0228,100548.4960
100543.117,,plain,059003.000046,059003.000378,+0.0000,+0.0000,0.961,+0.0000,0.9344,100543.1170
100464.423,,plain,059003.000046,059003.000377,+0.0000,+0.0000,0.961,+0.0000,0.8536,100464.4230
100450.008,h,plain,059003.000032,059003.000331,+0.0000,+0.0000,0.961,+0.0000,1.0228,100450.0080
100444.885,,plain,059003.000041,059003.000365,+0.0000,+0.0000,0.961,+0.0000,0.6848,100444.8850
100405.920,,plain,059003.000062,059003.000405,+0.0000,+0.0000,0.961,+0.0000,0.7645,100405.9200
100369.279,,plain,059003.000064,059003.000406,+0.0000,+0.0000,0.961,+0.0000,1.0228,100369.2790
100358.791,,plain,059003.000046,059003.000471,+0.0000,+0.0000,0.961,+0.0000,1.0228,100358.7910
100312.487,**,plain,059003.000042,059003.000369,+0.0000,+0.0000,0.961,+0.0000,0.9344,100312.4870
100296.087,,plain,059003.000166,059003.000538,+0.0000,+0.0000,0.961,+0.0000,1.3617,100296.0870
100117.419,,plain,059003.000080,059003.000493,+0.0000,+0.0000,0.961,+0.0000,0.5946,100117.4190
100107.007,,plain,059003.000063,059003.000404,+0.0000,+0.0000,0.961,+0.0000,0.5167,100107.0070
100088.289,**,plain,059003.000032,059003.000328,+0.0000,+0.0000,0.961,+0.0000,1.1042,100088.2890
99997.700,,plain,059003.000082,059003.000413,+0.0000,+0.0000,0.961,+0.0000,0.8536,99997.7000
99947.514,,plain,059003.000060,059003.000396,+0.0000,+0.0000,0.961,+0.0000,0.8536,99947.5140
99937.020,**,plain,059003.000046,059003.000375,+0.0000,+0.0000,0.961,+0.0000,1.0228,99937.0200
99880.422,cl,plain,059003.000079,059003.000410,+0.0000,+0.0000,0.961,+0.0000,1.1922,99880.4220
99877.725,cl,plain,059003.000050,059003.000378,+0.0000,+0.0000,0.961,+0.0000,0.9344,99877.7250
99847.417,,plain,059003.000082,059003.000411,+0.0000,+0.0000,0.961,+0.0000,0.7645,99847.4170
99796.907,bl,plain,059003.000050,059003.000377,+0.0000,+0.0000,0.961,+0.0000,0.8536,99796.9070
99713.212,,plain,059003.000059,059003.000393,+0.0000,+0.0000,0.961,+0.0000,1.1922,99713.2120
99675.229,,plain,059003.000084,059003.000412,+0.0000,+0.0000,0.961,+0.0000,1.0228,99675.2290
99661.226,,plain,059003.000126,059003.000416,+0.0000,+0.0000,0.961,+0.0000,0.8536,99661.2260
99575.903,,plain,059003.000069,059003.000488,+0.0000,+0.0000,0.961,+0.0000,0.8536,99575.9030
99548.773,,plain,059003.000031,059003.000318,+0.0000,+0.0000,0.961,+0.0000,0.8536,99548.7730
99511.200,,plain,059003.000062,059003.000396,+0.0000,+0.0000,0.961,+0.0000,0.8536,99511.2000
99474.786,,plain,059003.000063,059003.000483,+0.0000,+0.0000,0.961,+0.0000,0.4247,99474.7860
99444.700,,plain,059003.000062,059003.000482,+0.0000,+0.0000,0.961,+0.0000,0.7645,99444.7000
99435.602,,plain,059003.000063,059003.000397,+0.0000,+0.0000,0.961,+0.0000,0.5167,99435.6020
99417.705,**,plain,059003.000042,059003.000361,+0.0000,+0.0000,0.961,+0.0000,1.0228,99417.7050
99381.723,,plain,059003.000063,059003.000398,+0.0000,+0.0000,0.961,+0.0000,0.4247,99381.7230
99336.317,,plain,059003.000045,059003.000468,+0.0000,+0.0000,0.961,+0.0000,0.7645,99336.3170
99321.716,,plain,059003.000062,059003.000480,+0.0000,+0.0000,0.961,+0.0000,0.8536,99321.7160
99296.194,,plain,059003.000045,059003.000467,+0.0000,+0.0000,0.961,+0.0000,0.8536,99296.1940
99271.722,,plain,059003.000050,059003.000375,+0.0000,+0.0000,0.961,+0.0000,1.0228,99271.7220
99266.212,,plain,059003.000064,059003.000482,+0.0000,+0.0000,0.961,+0.0000,0.8536,99266.2120
99259.611,**,plain,059003.000079,059003.000408,+0.0000,+0.0000,0.961,+0.0000,1.1042,99259.6110
99221.405,,plain,059003.000045,059003.000370,+0.0000,+0.0000,0.961,+0.0000,0.7645,99221.4050
99184.701,h,plain,059003.000130,059003.000417,+0.0000,+0.0000,0.961,+0.0000,0.5167,99184.7010
99178.304,,plain,059003.000072,059003.000407,+0.0000,+0.0000,0.961,+0.0000,0.9344,99178.3040
99153.613,,plain,059003.000054,059003.000382,+0.0000,+0.0000,0.961,+0.0000,0.5946,99153.6130
99146.176,,plain,059003.000041,059003.000359,+0.0000,+0.0000,0.961,+0.0000,0.7645,99146.1760
99114.109,,plain,059003.000073,059003.000489,+0.0000,+0.0000,0.961,+0.0000,0.5167,99114.1090
99105.189,,plain,059003.000045,059003.000369,+0.0000,+0.0000,0.961,+0.0000,0.8536,99105.1890
99052.086,,plain,059003.000087,059003.000494,+0.0000,+0.0000,0.961,+0.0000,0.5946,99052.0860
99034.407,,plain,059003.000046,059003.000468,+0.0000,+0.0000,0.961,+0.0000,0.8536,99034.4070
99006.584,,plain,059003.000064,059003.000393,+0.0000,+0.0000,0.961,+0.0000,1.0228,99006.5840
98994.902,,plain,059003.000046,059003.000467,+0.0000,+0.0000,0.961,+0.0000,0.9344,98994.9020
98955.018,,plain,059003.000059,059003.000390,+0.0000,+0.0000,0.961,+0.0000,1.3617,98955.0180
98920.391,,plain,059003.000046,059003.000370,+0.0000,+0.0000,0.961,+0.0000,0.8536,98920.3910
98910.797,,plain,059003.000070,059003.000403,+0.0000,+0.0000,0.961,+0.0000,1.0228,98910.7970
98881.921,,plain,059003.000041,059003.000459,+0.0000,+0.0000,0.961,+0.0000,0.6848,98881.9210
98832.891,,plain,059003.000063,059003.000392,+0.0000,+0.0000,0.961,+0.0000,0.5167,98832.8910
98804.384,,plain,059003.000046,059003.000369,+0.0000,+0.0000,0.961,+0.0000,0.9344,98804.3840
98784.923,,plain,059003.000088,059003.000413,+0.0000,+0.0000,0.961,+0.0000,0.8536,98784.9230
98740.088,,plain,059003.000046,059003.000367,+0.0000,+0.0000,0.961,+0.0000,1.0228,98740.0880
98733.078,**,plain,059003.000131,059003.000418,+0.0000,+0.0000,0.961,+0.0000,0.7645,98733.0780
98702.824,,plain,059003.000070,059003.000400,+0.0000,+0.0000,0.961,+0.0000,1.1922,98702.8240
98682.199,,plain,059003.000060,059003.000388,+0.0000,+0.0000,0.961,+0.0000,0.8536,98682.1990
98671.691,,plain,059003.000041,059003.000458,+0.0000,+0.0000,0.961,+0.0000,0.7645,98671.6910
98640.716,,plain,059003.000042,059003.000359,+0.0000,+0.0000,0.961,+0.0000,0.8536,98640.7160
98634.798,,plain,059003.000088,059003.000411,+0.0000,+0.0000,0.961,+0.0000,0.7645,98634.7980
98599.693,,plain,059003.000045,059003.000364,+0.0000,+0.0000,0.961,+0.0000,0.7645,98599.6930
98596.884,cl,plain,059003.000073,059003.000405,+0.0000,+0.0000,0.961,+0.0000,0.6848,98596.8840
98558.886,,plain,059003.000057,059003.000383,+0.0000,+0.0000,0.961,+0.0000,1.1922,98558.8860
98546.421,,plain,059003.000075,059003.000487,+0.0000,+0.0000,0.961,+0.0000,0.6848,98546.4210
98517.701,,plain,059003.000067,059003.000482,+0.0000,+0.0000,0.961,+0.0000,0.6848,98517.7010
98505.684,,plain,059003.000045,059003.000464,+0.0000,+0.0000,0.961,+0.0000,0.6848,98505.6840
98495.589,,plain,059003.000041,059003.000357,+0.0000,+0.0000,0.961,+0.0000,0.6848,98495.5890
98489.188,,plain,059003.000097,059003.000496,+0.0000,+0.0000,0.961,+0.0000,0.6848,98489.1880
98476.682,,plain,059003.000066,059003.000481,+0.0000,+0.0000,0.961,+0.0000,1.1922,98476.6820
98454.382,,plain,059003.000066,059003.000479,+0.0000,+0.0000,0.961,+0.0000,1.2741,98454.3820
98451.379,,plain,059003.000060,059003.000476,+0.0000,+0.0000,0.961,+0.0000,0.8536,98451.3790
98446.015,,plain,059003.000073,059003.000404,+0.0000,+0.0000,0.961,+0.0000,0.5946,98446.0150
98379.595,,plain,059003.000049,059003.000372,+0.0000,+0.0000,0.961,+0.0000,1.1922,98379.5950
98356.088,,plain,059003.000144,059003.000503,+0.0000,+0.0000,0.961,+0.0000,0.5167,98356.0880
98329.293,,plain,059003.000050,059003.000467,+0.0000,+0.0000,0.961,+0.0000,0.9344,98329.2930
98306.094,,plain,059003.000060,059003.000385,+0.0000,+0.0000,0.961,+0.0000,0.8536,98306.0940
98298.428,cl,plain,059003.000046,059003.000364,+0.0000,+0.0000,0.961,+0.0000,0.8536,98298.4280
98295.086,cl,plain,059003.000057,059003.000379,+0.0000,+0.0000,0.961,+0.0000,1.1042,98295.0860
98290.123,cl,plain,059003.000153,059003.000520,+0.0000,+0.0000,0.961,+0.0000,0.6848,98290.1230
98278.576,,plain,059003.000045,059003.000463,+0.0000,+0.0000,0.961,+0.0000,0.7645,98278.5760
98246.007,**,plain,059003.000047,059003.000365,+0.0000,+0.0000,0.961,+0.0000,0.5167,98246.0070
98208.490,,plain,059003.000073,059003.000401,+0.0000,+0.0000,0.961,+0.0000,0.6848,98208.4900
98195.825,,plain,059003.000073,059003.000484,+0.0000,+0.0000,0.961,+0.0000,0.5946,98195.8250
98179.380,,plain,059003.000047,059003.000466,+0.0000,+0.0000,0.961,+0.0000,0.4247,98179.3800
98146.011,,plain,059003.000049,059003.000367,+0.0000,+0.0000,0.961,+0.0000,1.1042,98146.0110
98138.505,,plain,059003.000050,059003.000369,+0.0000,+0.0000,0.961,+0.0000,0.9344,98138.5050
98105.492,,plain,059003.000057,059003.000471,+0.0000,+0.0000,0.961,+0.0000,1.1042,98105.4920
98089.800,,plain,059003.000093,059003.000413,+0.0000,+0.0000,0.961,+0.0000,0.9344,98089.8000
98084.014,,plain,059003.000045,059003.000360,+0.0000,+0.0000,0.961,+0.0000,0.8536,98084.0140
98074.698,**,plain,059003.000041,059003.000353,+0.0000,+0.0000,0.961,+0.0000,0.7645,98074.6980
98068.177,,plain,059003.000064,059003.000388,+0.0000,+0.0000,0.961,+0.0000,0.9344,98068.1770
98049.795,,plain,059003.000095,059003.000495,+0.0000,+0.0000,0.961,+0.0000,0.3502,98049.7950
98040.924,,plain,059003.000074,059003.000485,+0.0000,+0.0000,0.961,+0.0000,0.2548,98040.9240
98034.209,,plain,059003.000041,059003.000352,+0.0000,+0.0000,0.961,+0.0000,0.8536,98034.2090
98015.000,,plain,059003.000070,059003.000479,+0.0000,+0.0000,0.961,+0.0000,1.1922,98015.0000
97980.708,,plain,059003.000057,059003.000469,+0.0000,+0.0000,0.961,+0.0000,1.0228,97980.7080
97944.175,,plain,059003.000091,059003.000410,+0.0000,+0.0000,0.961,+0.0000,1.1922,97944.1750
97939.427,,plain,059003.000069,059003.000393,+0.0000,+0.0000,0.961,+0.0000,1.0228,97939.4270
97928.803,,plain,059003.000078,059003.000491,+0.0000,+0.0000,0.961,+0.0000,0.2548,97928.8030
97909.420,,plain,059003.000046,059003.000361,+0.0000,+0.0000,0.961,+0.0000,1.0228,97909.4200
97887.788,,plain,059003.000070,059003.000393,+0.0000,+0.0000,0.961,+0.0000,1.1042,97887.7880
97879.520,,plain,059003.000095,059003.000493,+0.0000,+0.0000,0.961,+0.0000,0.5167,97879.5200
97873.599,**,plain,059003.000059,059003.000379,+0.0000,+0.0000,0.961,+0.0000,1.1922,97873.5990
97869.978,,plain,059003.000078,059003.000490,+0.0000,+0.0000,0.961,+0.0000,0.1899,97869.9780
97860.292,h,plain,059003.000154,059003.000518,+0.0000,+0.0000,0.961,+0.0000,1.1922,97860.2920
97809.577,,plain,059003.000063,059003.000386,+0.0000,+0.0000,0.961,+0.0000,0.5167,97809.5770
97793.786,,plain,059003.000060,059003.000380,+0.0000,+0.0000,0.961,+0.0000,0.6848,97793.7860
97775.016,,plain,059003.000073,059003.000397,+0.0000,+0.0000,0.961,+0.0000,0.5946,97775.0160
97761.283,cl,plain,059003.000097,059003.000493,+0.0000,+0.0000,0.961,+0.0000,0.5946,97761.2830
97757.912,,plain,059003.000053,059003.000468,+0.0000,+0.0000,0.961,+0.0000,0.6848,97757.9120
97730.404,,plain,059003.000097,059003.000411,+0.0000,+0.0000,0.961,+0.0000,0.6848,97730.4040
97726.105,,plain,059003.000071,059003.000479,+0.0000,+0.0000,0.961,+0.0000,1.3617,97726.1050
97696.994,,plain,059003.000060,059003.000377,+0.0000,+0.0000,0.961,+0.0000,0.7645,97696.9940
97687.716,cl,plain,059003.000099,059003.000413,+0.0000,+0.0000,0.961,+0.0000,0.8536,97687.7160
97652.809,,plain,059003.000093,059003.000409,+0.0000,+0.0000,0.961,+0.0000,0.9344,97652.8090
97644.511,,plain,059003.000053,059003.000370,+0.0000,+0.0000,0.961,+0.0000,0.6848,97644.5110
97636.214,,plain,059003.000073,059003.000482,+0.0000,+0.0000,0.961,+0.0000,0.6848,97636.2140
97626.892,,plain,059003.000100,059003.000495,+0.0000,+0.0000,0.961,+0.0000,0.1899,97626.8920
97622.111,,plain,059003.000072,059003.000394,+0.0000,+0.0000,0.961,+0.0000,0.9344,97622.1110
97588.495,h,plain,059003.000080,059003.000488,+0.0000,+0.0000,0.961,+0.0000,0.6848,97588.4950
97566.303,h,plain,059003.000099,059003.000493,+0.0000,+0.0000,0.961,+0.0000,0.6848,97566.3030
97547.285,,plain,059003.000072,059003.000393,+0.0000,+0.0000,0.961,+0.0000,1.0228,97547.2850
97537.827,,plain,059003.000099,059003.000411,+0.0000,+0.0000,0.961,+0.0000,0.7645,97537.8270
97494.981,h,plain,059003.000053,059003.000368,+0.0000,+0.0000,0.961,+0.0000,0.5946,97494.9810
97471.106,,plain,059003.000096,059003.000410,+0.0000,+0.0000,0.961,+0.0000,1.1922,97471.1060
97465.991,cl,plain,059003.000083,059003.000491,+0.0000,+0.0000,0.961,+0.0000,0.3502,97465.9910
97463.020,cl,plain,059003.000067,059003.000389,+0.0000,+0.0000,0.961,+0.0000,0.6848,97463.0200
97448.503,,plain,059003.000041,059003.000349,+0.0000,+0.0000,0.961,+0.0000,0.8536,97448.5030
97442.026,,plain,059003.000049,059003.000362,+0.0000,+0.0000,0.961,+0.0000,1.1922,97442.0260
97434.281,,plain,059003.000045,059003.000359,+0.0000,+0.0000,0.961,+0.0000,0.7645,97434.2810
97426.489,,plain,059003.000062,059003.000472,+0.0000,+0.0000,0.961,+0.0000,0.6848,97426.4890
97420.597,,plain,059003.000053,059003.000366,+0.0000,+0.0000,0.961,+0.0000,0.5167,97420.5970
97378.389,,plain,059003.000054,059003.000468,+0.0000,+0.0000,0.961,+0.0000,0.6848,97378.3890
97357.123,,plain,059003.000062,059003.000380,+0.0000,+0.0000,0.961,+0.0000,0.6848,97357.1230
97349.579,,plain,059003.000082,059003.000488,+0.0000,+0.0000,0.961,+0.0000,0.7645,97349.5790
97324.720,h,plain,059003.000082,059003.000487,+0.0000,+0.0000,0.961,+0.0000,0.6848,97324.7200
97317.082,bl,plain,059003.000066,059003.000387,+0.0000,+0.0000,0.961,+0.0000,1.2741,97317.0820
97273.511,,plain,059003.000102,059003.000495,+0.0000,+0.0000,0.961,+0.0000,0.2548,97273.5110
97260.773,cl,plain,059003.000062,059003.000377,+0.0000,+0.0000,0.961,+0.0000,0.7645,97260.7730
97250.079,,plain,059003.000099,059003.000409,+0.0000,+0.0000,0.961,+0.0000,0.8536,97250.0790
97209.017,h,plain,059003.000063,059003.000380,+0.0000,+0.0000,0.961,+0.0000,0.5167,97209.0170
97191.090,,plain,059003.000059,059003.000374,+0.0000,+0.0000,0.961,+0.0000,1.3617,97191.0900
97178.704,,plain,059003.000042,059003.000351,+0.0000,+0.0000,0.961,+0.0000,1.0228,97178.7040
97166.805,,plain,059003.000064,059003.000379,+0.0000,+0.0000,0.961,+0.0000,1.0228,97166.8050
97161.706,,plain,059003.000064,059003.000378,+0.0000,+0.0000,0.961,+0.0000,0.9344,97161.7060
97154.908,h,plain,059003.000053,059003.000365,+0.0000,+0.0000,0.961,+0.0000,0.5946,97154.9080
97144.615,,plain,059003.000069,059003.000389,+0.0000,+0.0000,0.961,+0.0000,0.8536,97144.6150
97122.186,,plain,059003.000104,059003.000495,+0.0000,+0.0000,0.961,+0.0000,0.3502,97122.1860
97114.614,,plain,059003.000054,059003.000368,+0.0000,+0.0000,0.961,+0.0000,0.5946,97114.6140
97107.626,,plain,059003.000108,059003.000496,+0.0000,+0.0000,0.961,+0.0000,0.7645,97107.6260
97082.926,,plain,059003.000064,059003.000377,+0.0000,+0.0000,0.961,+0.0000,0.8536,97082.9260
97075.599,,plain,059003.000078,059003.000402,+0.0000,+0.0000,0.961,+0.0000,0.2548,97075.5990
97069.195,,plain,059003.000075,059003.000480,+0.0000,+0.0000,0.961,+0.0000,0.8536,97069.1950
97040.285,,plain,059003.000054,059003.000366,+0.0000,+0.0000,0.961,+0.0000,0.5167,97040.2850
97030.830,,plain,059003.000067,059003.000386,+0.0000,+0.0000,0.961,+0.0000,0.5946,97030.8300
97022.682,,plain,059003.000053,059003.000364,+0.0000,+0.0000,0.961,+0.0000,0.6848,97022.6820
97007.216,,plain,059003.000075,059003.000394,+0.0000,+0.0000,0.961,+0.0000,0.8536,97007.2160
96977.114,,plain,059003.000083,059003.000486,+0.0000,+0.0000,0.961,+0.0000,0.4247,96977.1140
96959.376,,plain,059003.000045,059003.000458,+0.0000,+0.0000,0.961,+0.0000,0.7645,96959.3760
96952.302,,plain,059003.000104,059003.000493,+0.0000,+0.0000,0.961,+0.0000,0.5167,96952.3020
96942.806,,plain,059003.000042,059003.000349,+0.0000,+0.0000,0.961,+0.0000,0.9344,96942.8060
96933.504,,plain,059003.000064,059003.000470,+0.0000,+0.0000,0.961,+0.0000,0.8536,96933.5040
96911.417,,plain,059003.000105,059003.000411,+0.0000,+0.0000,0.961,+0.0000,0.6848,96911.4170
96878.489,,plain,059003.000070,059003.000387,+0.0000,+0.0000,0.961,+0.0000,1.1922,96878.4890
96871.178,,plain,059003.000153,059003.000508,+0.0000,+0.0000,0.961,+0.0000,0.6848,96871.1780
96856.995,,plain,059003.000047,059003.000462,+0.0000,+0.0000,0.961,+0.0000,0.4247,96856.9950
96852.687,,plain,059003.000064,059003.000469,+0.0000,+0.0000,0.961,+0.0000,0.9344,96852.6870
96824.376,,plain,059003.000079,059003.000400,+0.0000,+0.0000,0.961,+0.0000,1.1922,96824.3760
96798.880,,plain,059003.000076,059003.000397,+0.0000,+0.0000,0.961,+0.0000,0.5167,96798.8800
96786.014,cl,plain,059003.000080,059003.000401,+0.0000,+0.0000,0.961,+0.0000,0.6848,96786.0140
96783.112,cl,plain,059003.000045,059003.000357,+0.0000,+0.0000,0.961,+0.0000,0.6848,96783.1120
96774.600,,plain,059003.000054,059003.000365,+0.0000,+0.0000,0.961,+0.0000,0.5946,96774.6000
96750.906,,plain,059003.000066,059003.000383,+0.0000,+0.0000,0.961,+0.0000,1.2741,96750.9060
96744.378,,plain,059003.000076,059003.000398,+0.0000,+0.0000,0.961,+0.0000,0.4247,96744.3780
96741.720,,plain,059003.000057,059003.000467,+0.0000,+0.0000,0.961,+0.0000,1.0228,96741.7200
96736.306,,plain,059003.000082,059003.000403,+0.0000,+0.0000,0.961,+0.0000,0.8536,96736.3060
96731.713,,plain,059003.000111,059003.000496,+0.0000,+0.0000,0.961,+0.0000,0.6848,96731.7130
96727.991,,plain,059003.000154,059003.000507,+0.0000,+0.0000,0.961,+0.0000,1.0228,96727.9910
96710.687,cl,plain,059003.000086,059003.000489,+0.0000,+0.0000,0.961,+0.0000,0.3502,96710.6870
96707.595,cl,plain,059003.000083,059003.000404,+0.0000,+0.0000,0.961,+0.0000,0.5167,96707.5950
96701.120,,plain,059003.000053,059003.000463,+0.0000,+0.0000,0.961,+0.0000,0.6848,96701.1200
96680.198,,plain,059003.000539,059003.000477,+0.0000,+0.0000,0.961,+0.0000,0.1899,96680.1980
96624.221,,plain,059003.000069,059003.000385,+0.0000,+0.0000,0.961,+0.0000,0.9344,96624.2210
96612.488,,plain,059003.000083,059003.000402,+0.0000,+0.0000,0.961,+0.0000,0.3502,96612.4880
96607.998,,plain,059003.000072,059003.000388,+0.0000,+0.0000,0.961,+0.0000,0.9344,96607.9980
96594.096,,plain,059003.000106,059003.000411,+0.0000,+0.0000,0.961,+0.0000,0.7645,96594.0960
96589.222,,plain,059003.000071,059003.000387,+0.0000,+0.0000,0.961,+0.0000,1.3617,96589.2220
96566.683,,plain,059003.000074,059003.000391,+0.0000,+0.0000,0.961,+0.0000,0.3502,96566.6830
96555.393,,plain,059003.000064,059003.000375,+0.0000,+0.0000,0.961,+0.0000,1.0228,96555.3930
96546.998,bl,plain,059003.000054,059003.000464,+0.0000,+0.0000,0.961,+0.0000,0.5946,96546.9980
96511.016,cl,plain,059003.000138,059003.000498,+0.0000,+0.0000,0.961,+0.0000,0.3502,96511.0160
96508.893,cl,plain,059003.000154,059003.000505,+0.0000,+0.0000,0.961,+0.0000,1.1042,96508.8930
96486.906,**,plain,059003.000066,059003.000379,+0.0000,+0.0000,0.961,+0.0000,1.1922,96486.9060
96467.092,,plain,059003.000050,059003.000359,+0.0000,+0.0000,0.961,+0.0000,0.8536,96467.0920
96448.488,,plain,059003.000047,059003.000358,+0.0000,+0.0000,0.961,+0.0000,0.4247,96448.4880
96391.878,**,plain,059003.000078,059003.000395,+0.0000,+0.0000,0.961,+0.0000,0.2548,96391.8780
96387.496,,plain,059003.000085,059003.000405,+0.0000,+0.0000,0.961,+0.0000,0.6848,96387.4960
96377.721,,plain,059003.000108,059003.000493,+0.0000,+0.0000,0.961,+0.0000,0.6848,96377.7210
96366.693,cl,plain,059003.000156,059003.000504,+0.0000,+0.0000,0.961,+0.0000,0.9344,96366.6930
96363.420,cl,plain,059003.000045,059003.000353,+0.0000,+0.0000,0.961,+0.0000,0.7645,96363.4200
96351.913,,plain,059003.000080,059003.000397,+0.0000,+0.0000,0.961,+0.0000,0.5946,96351.9130
96332.994,,plain,059003.000087,059003.000487,+0.0000,+0.0000,0.961,+0.0000,0.5946,96332.9940
96321.829,,plain,059003.000045,059003.000352,+0.0000,+0.0000,0.961,+0.0000,0.8536,96321.8290
96311.915,,plain,059003.000070,059003.000383,+0.0000,+0.0000,0.961,+0.0000,1.1922,96311.9150
96306.091,,plain,059003.000106,059003.000409,+0.0000,+0.0000,0.961,+0.0000,0.8536,96306.0910
96297.286,,plain,059003.000066,059003.000471,+0.0000,+0.0000,0.961,+0.0000,1.1922,96297.2860
96267.412,,plain,059003.000060,059003.000468,+0.0000,+0.0000,0.961,+0.0000,0.7645,96267.4120
96249.906,,plain,059003.000046,059003.000354,+0.0000,+0.0000,0.961,+0.0000,1.0228,96249.9060
96231.923,cl,plain,059003.000072,059003.000385,+0.0000,+0.0000,0.961,+0.0000,0.9344,96231.9230
96227.883,cl,plain,059003.000081,059003.000397,+0.0000,+0.0000,0.961,+0.0000,0.5167,96227.8830
96222.979,cl,plain,059003.000155,059003.000503,+0.0000,+0.0000,0.961,+0.0000,0.5167,96222.9790
96174.387,,plain,059003.000081,059003.000398,+0.0000,+0.0000,0.961,+0.0000,0.4247,96174.3870
96159.109,,plain,059003.000079,059003.000481,+0.0000,+0.0000,0.961,+0.0000,1.1042,96159.1090
96149.117,,plain,059003.000073,059003.000386,+0.0000,+0.0000,0.961,+0.0000,0.5946,96149.1170
96146.281,,plain,059003.000079,059003.000480,+0.0000,+0.0000,0.961,+0.0000,1.0228,96146.2810
96137.204,,plain,059003.000075,059003.000389,+0.0000,+0.0000,0.961,+0.0000,0.7645,96137.2040
96131.008,,plain,059003.000088,059003.000407,+0.0000,+0.0000,0.961,+0.0000,0.8536,96131.0080
96099.219,,plain,059003.000069,059003.000379,+0.0000,+0.0000,0.961,+0.0000,1.0228,96099.2190
96094.177,,plain,059003.000069,059003.000378,+0.0000,+0.0000,0.961,+0.0000,0.9344,96094.1770
96075.408,,plain,059003.000083,059003.000483,+0.0000,+0.0000,0.961,+0.0000,0.4247,96075.4080
96061.297,,plain,059003.000046,059003.000353,+0.0000,+0.0000,0.961,+0.0000,0.8536,96061.2970
96048.100,,plain,059003.000070,059003.000379,+0.0000,+0.0000,0.961,+0.0000,1.1042,96048.1000
96042.582,,plain,059003.000070,059003.000378,+0.0000,+0.0000,0.961,+0.0000,1.0228,96042.5820
96037.496,,plain,059003.000060,059003.000369,+0.0000,+0.0000,0.961,+0.0000,0.8536,96037.4960
96019.123,,plain,059003.000084,059003.000399,+0.0000,+0.0000,0.961,+0.0000,1.0228,96019.1230
96003.822,,plain,059003.000060,059003.000368,+0.0000,+0.0000,0.961,+0.0000,0.6848,96003.8220
95993.223,,plain,059003.000075,059003.000388,+0.0000,+0.0000,0.961,+0.0000,0.8536,95993.2230
95981.089,,plain,059003.000083,059003.000398,+0.0000,+0.0000,0.961,+0.0000,0.4247,95981.0890
95972.699,,plain,059003.000111,059003.000411,+0.0000,+0.0000,0.961,+0.0000,0.6848,95972.6990
95946.284,,plain,059003.000086,059003.000402,+0.0000,+0.0000,0.961,+0.0000,0.2548,95946.2840
95941.108,,plain,059003.000087,059003.000405,+0.0000,+0.0000,0.961,+0.0000,0.6848,95941.1080
95909.383,,plain,059003.000069,059003.000471,+0.0000,+0.0000,0.961,+0.0000,1.0228,95909.3830
95893.910,,plain,059003.000539,059003.000475,+0.0000,+0.0000,0.961,+0.0000,0.1899,95893.9100
95880.593,,plain,059003.000049,059003.000356,+0.0000,+0.0000,0.961,+0.0000,1.1922,95880.5930
95867.182,,plain,059003.000069,059003.000470,+0.0000,+0.0000,0.961,+0.0000,0.8536,95867.1820
95856.790,,plain,059003.000053,059003.000359,+0.0000,+0.0000,0.961,+0.0000,0.6848,95856.7900
95850.232,,plain,059003.000082,059003.000480,+0.0000,+0.0000,0.961,+0.0000,0.8536,95850.2320
95831.224,,plain,059003.000062,059003.000468,+0.0000,+0.0000,0.961,+0.0000,0.7645,95831.2240
95818.586,,plain,059003.000084,059003.000396,+0.0000,+0.0000,0.961,+0.0000,0.9344,95818.5860
95804.083,,plain,059003.000066,059003.000374,+0.0000,+0.0000,0.961,+0.0000,1.3617,95804.0830
95798.916,,plain,059003.000072,059003.000381,+0.0000,+0.0000,0.961,+0.0000,0.8536,95798.9160
95788.196,,plain,059003.000082,059003.000394,+0.0000,+0.0000,0.961,+0.0000,0.8536,95788.1960
95782.789,,plain,059003.000057,059003.000362,+0.0000,+0.0000,0.961,+0.0000,1.1922,95782.7890
95774.704,,plain,059003.000045,059003.000350,+0.0000,+0.0000,0.961,+0.0000,0.6848,95774.7040
95766.810,,plain,059003.000053,059003.000462,+0.0000,+0.0000,0.961,+0.0000,0.5167,95766.8100
95763.510,,plain,059003.000155,059003.000500,+0.0000,+0.0000,0.961,+0.0000,0.5167,95763.5100
95707.414,,plain,059003.000072,059003.000379,+0.0000,+0.0000,0.961,+0.0000,1.0228,95707.4140
95702.107,**,plain,059003.000063,059003.000373,+0.0000,+0.0000,0.961,+0.0000,0.4247,95702.1070
95694.411,,plain,059003.000115,059003.000496,+0.0000,+0.0000,0.961,+0.0000,0.6848,95694.4110
95671.086,,plain,059003.000046,059003.000351,+0.0000,+0.0000,0.961,+0.0000,1.0228,95671.0860
95656.177,cl,plain,059003.000057,059003.000361,+0.0000,+0.0000,0.961,+0.0000,1.1042,95656.1770
95652.881,cl,plain,059003.000064,059003.000468,+0.0000,+0.0000,0.961,+0.0000,0.8536,95652.8810
95647.005,bl,plain,059003.000112,059003.000495,+0.0000,+0.0000,0.961,+0.0000,0.3502,95647.0050
95629.090,,plain,059003.000084,059003.000480,+0.0000,+0.0000,0.961,+0.0000,0.9344,95629.0900
95623.788,,plain,059003.000072,059003.000377,+0.0000,+0.0000,0.961,+0.0000,0.8536,95623.7880
95611.419,,plain,059003.000063,059003.000371,+0.0000,+0.0000,0.961,+0.0000,0.3502,95611.4190
95601.008,,plain,059003.000062,059003.000369,+0.0000,+0.0000,0.961,+0.0000,0.8536,95601.0080
95591.982,,plain,059003.000053,059003.000459,+0.0000,+0.0000,0.961,+0.0000,0.5946,95591.9820
95584.486,,plain,059003.000050,059003.000354,+0.0000,+0.0000,0.961,+0.0000,1.0228,95584.4860
95552.695,,plain,059003.000087,059003.000401,+0.0000,+0.0000,0.961,+0.0000,0.6848,95552.6950
95548.019,,plain,059003.000073,059003.000380,+0.0000,+0.0000,0.961,+0.0000,0.5946,95548.0190
95538.377,,plain,059003.000064,059003.000370,+0.0000,+0.0000,0.961,+0.0000,0.8536,95538.3770
95531.126,,plain,059003.000060,059003.000364,+0.0000,+0.0000,0.961,+0.0000,0.7645,95531.1260
95488.717,,plain,059003.000059,059003.000363,+0.0000,+0.0000,0.961,+0.0000,1.3617,95488.7170
95476.793,cl,plain,059003.000054,059003.000359,+0.0000,+0.0000,0.961,+0.0000,0.6848,95476.7930
95454.002,,plain,059003.000095,059003.000489,+0.0000,+0.0000,0.961,+0.0000,0.4247,95454.0020
95442.418,,plain,059003.000093,059003.000488,+0.0000,+0.0000,0.961,+0.0000,0.8536,95442.4180
95437.077,**,plain,059003.000114,059003.000413,+0.0000,+0.0000,0.961,+0.0000,0.9344,95437.0770
95426.782,,plain,059003.000085,059003.000482,+0.0000,+0.0000,0.961,+0.0000,0.6848,95426.7820
95422.924,,plain,059003.000064,059003.000369,+0.0000,+0.0000,0.961,+0.0000,0.9344,95422.9240
95408.722,,plain,059003.000086,059003.000483,+0.0000,+0.0000,0.961,+0.0000,0.3502,95408.7220
95396.619,,plain,059003.000050,059003.000353,+0.0000,+0.0000,0.961,+0.0000,0.8536,95396.6190
95382.232,,plain,059003.000053,059003.000458,+0.0000,+0.0000,0.961,+0.0000,0.6848,95382.2320
95361.321,cl,plain,059003.000059,059003.000362,+0.0000,+0.0000,0.961,+0.0000,1.2741,95361.3210
95358.701,cl**,plain,059003.000064,059003.000367,+0.0000,+0.0000,0.961,+0.0000,1.0228,95358.7010
95355.890,cl,plain,059003.000050,059003.000352,+0.0000,+0.0000,0.961,+0.0000,0.9344,95355.8900
95335.890,,plain,059003.000114,059003.000412,+0.0000,+0.0000,0.961,+0.0000,1.0228,95335.8900
95333.321,,plain,059003.000088,059003.000401,+0.0000,+0.0000,0.961,+0.0000,0.7645,95333.3210
95321.084,,plain,059003.000071,059003.000376,+0.0000,+0.0000,0.961,+0.0000,1.5313,95321.0840
95308.183,,plain,059003.000081,059003.000391,+0.0000,+0.0000,0.961,+0.0000,0.4247,95308.1830
95287.480,**,plain,059003.000047,059003.000350,+0.0000,+0.0000,0.961,+0.0000,0.5167,95287.4800
95233.009,,plain,059003.000097,059003.000488,+0.0000,+0.0000,0.961,+0.0000,0.6848,95233.0090
95228.395,,plain,059003.000062,059003.000365,+0.0000,+0.0000,0.961,+0.0000,0.6848,95228.3950
95208.804,,plain,059003.000097,059003.000487,+0.0000,+0.0000,0.961,+0.0000,0.5946,95208.8040
95198.820,,plain,059003.000172,059003.000520,+0.0000,+0.0000,0.961,+0.0000,0.8536,95198.8200
95184.177,,plain,059003.000075,059003.000381,+0.0000,+0.0000,0.961,+0.0000,0.7645,95184.1770
95168.303,,plain,059003.000093,059003.000406,+0.0000,+0.0000,0.961,+0.0000,1.0228,95168.3030
95158.229,**,plain,059003.000080,059003.000389,+0.0000,+0.0000,0.961,+0.0000,0.6848,95158.2290
95151.005,,plain,059003.000089,059003.000485,+0.0000,+0.0000,0.961,+0.0000,0.2548,95151.0050
95119.173,,plain,059003.000087,059003.000397,+0.0000,+0.0000,0.961,+0.0000,0.5946,95119.1730
95116.086,,plain,059003.000083,059003.000391,+0.0000,+0.0000,0.961,+0.0000,0.4247,95116.0860
95109.200,,plain,059003.000098,059003.000487,+0.0000,+0.0000,0.961,+0.0000,0.5167,95109.2000
95096.092,,plain,059003.000072,059003.000375,+0.0000,+0.0000,0.961,+0.0000,1.0228,95096.0920
95075.818,,plain,059003.000071,059003.000374,+0.0000,+0.0000,0.961,+0.0000,1.4440,95075.8180
95070.500,,plain,059003.000079,059003.000388,+0.0000,+0.0000,0.961,+0.0000,1.0228,95070.5000
95063.428,,plain,059003.000100,059003.000490,+0.0000,+0.0000,0.961,+0.0000,0.0849,95063.4280
95045.010,cl,plain,059003.000167,059003.000514,+0.0000,+0.0000,0.961,+0.0000,0.8536,95045.0100
95038.792,cl,plain,059003.000099,059003.000488,+0.0000,+0.0000,0.961,+0.0000,0.7645,95038.7920
95033.381,,plain,059003.000099,059003.000407,+0.0000,+0.0000,0.961,+0.0000,0.8536,95033.3810
95015.827,,plain,059003.000060,059003.000360,+0.0000,+0.0000,0.961,+0.0000,0.8536,95015.8270
95005.482,,plain,059003.000050,059003.000351,+0.0000,+0.0000,0.961,+0.0000,1.0228,95005.4820
94999.884,,plain,059003.000079,059003.000387,+0.0000,+0.0000,0.961,+0.0000,1.1922,94999.8840
94979.394,cl,plain,059003.000087,059003.000482,+0.0000,+0.0000,0.961,+0.0000,0.6848,94979.3940
94964.882,,plain,059003.000115,059003.000493,+0.0000,+0.0000,0.961,+0.0000,0.5946,94964.8820
94957.296,,plain,059003.000160,059003.000503,+0.0000,+0.0000,0.961,+0.0000,0.5946,94957.2960
94950.801,,plain,059003.000076,059003.000384,+0.0000,+0.0000,0.961,+0.0000,0.4247,94950.8010
94935.771,,plain,059003.000097,059003.000486,+0.0000,+0.0000,0.961,+0.0000,0.5167,94935.7710
94917.903,**,plain,059003.000082,059003.000389,+0.0000,+0.0000,0.961,+0.0000,0.7645,94917.9030
94887.813,,plain,059003.000091,059003.000400,+0.0000,+0.0000,0.961,+0.0000,1.1922,94887.8130
94852.996,,plain,059003.000063,059003.000464,+0.0000,+0.0000,0.961,+0.0000,0.5167,94852.9960
94841.726,,plain,059003.000078,059003.000475,+0.0000,+0.0000,0.961,+0.0000,0.2548,94841.7260
94836.989,,plain,059003.000098,059003.000486,+0.0000,+0.0000,0.961,+0.0000,0.4247,94836.9890
94829.414,cl,plain,059003.000093,059003.000403,+0.0000,+0.0000,0.961,+0.0000,0.9344,94829.4140
94826.477,cl,plain,059003.000088,059003.000396,+0.0000,+0.0000,0.961,+0.0000,0.8536,94826.4770
94821.507,,plain,059003.000076,059003.000382,+0.0000,+0.0000,0.961,+0.0000,0.5167,94821.5070
94780.279,,plain,059003.000112,059003.000492,+0.0000,+0.0000,0.961,+0.0000,0.4247,94780.2790
94773.891,,plain,059003.000082,059003.000388,+0.0000,+0.0000,0.961,+0.0000,0.8536,94773.8910
94760.030,,plain,059003.000088,059003.000482,+0.0000,+0.0000,0.961,+0.0000,0.7645,94760.0300
94726.773,,plain,059003.000080,059003.000386,+0.0000,+0.0000,0.961,+0.0000,0.5946,94726.7730
94709.797,,plain,059003.000102,059003.000490,+0.0000,+0.0000,0.961,+0.0000,0.1899,94709.7970
94694.289,,plain,059003.000079,059003.000385,+0.0000,+0.0000,0.961,+0.0000,1.0228,94694.2890
94678.029,,plain,059003.000066,059003.000367,+0.0000,+0.0000,0.961,+0.0000,1.1922,94678.0290
94668.811,,plain,059003.000164,059003.000507,+0.0000,+0.0000,0.961,+0.0000,1.0228,94668.8110
94650.523,,plain,059003.000078,059003.000384,+0.0000,+0.0000,0.961,+0.0000,0.3502,94650.5230
94641.496,,plain,059003.000076,059003.000472,+0.0000,+0.0000,0.961,+0.0000,0.5167,94641.4960
94623.923,**,plain,059003.000099,059003.000405,+0.0000,+0.0000,0.961,+0.0000,0.7645,94623.9230
94600.211,,plain,059003.000091,059003.000399,+0.0000,+0.0000,0.961,+0.0000,1.1042,94600.2110
94586.987,,plain,059003.000166,059003.000425,+0.0000,+0.0000,0.961,+0.0000,1.3617,94586.9870
94579.623,,plain,059003.000062,059003.000360,+0.0000,+0.0000,0.961,+0.0000,0.8536,94579.6230
94566.590,**,plain,059003.000098,059003.000404,+0.0000,+0.0000,0.961,+0.0000,0.5167,94566.5900
94542.894,,plain,059003.000082,059003.000476,+0.0000,+0.0000,0.961,+0.0000,0.8536,94542.8940
94537.327,,plain,059003.000123,059003.000496,+0.0000,+0.0000,0.961,+0.0000,0.7645,94537.3270
94528.218,cl,plain,059003.000064,059003.000361,+0.0000,+0.0000,0.961,+0.0000,1.0228,94528.2180
94526.614,cl,plain,059003.000104,059003.000489,+0.0000,+0.0000,0.961,+0.0000,0.4247,94526.6140
94516.372,,plain,059003.000087,059003.000392,+0.0000,+0.0000,0.961,+0.0000,0.5946,94516.3720
94504.578,,plain,059003.000080,059003.000384,+0.0000,+0.0000,0.961,+0.0000,0.5167,94504.5780
94486.889,,plain,059003.000167,059003.000508,+0.0000,+0.0000,0.961,+0.0000,0.7645,94486.8890
94472.410,,plain,059003.000098,059003.000402,+0.0000,+0.0000,0.961,+0.0000,0.3502,94472.4100
94449.305,,plain,059003.000098,059003.000485,+0.0000,+0.0000,0.961,+0.0000,0.3502,94449.3050
94433.324,,plain,059003.000079,059003.000383,+0.0000,+0.0000,0.961,+0.0000,1.1922,94433.3240
94426.769,,plain,059003.000099,059003.000403,+0.0000,+0.0000,0.961,+0.0000,0.8536,94426.7690
94414.705,,plain,059003.000096,059003.000400,+0.0000,+0.0000,0.961,+0.0000,1.1922,94414.7050
94406.411,cl,plain,059003.000054,059003.000353,+0.0000,+0.0000,0.961,+0.0000,0.6848,94406.4110
94403.676,cl,plain,059003.000114,059003.000408,+0.0000,+0.0000,0.961,+0.0000,1.0228,94403.6760
94392.179,,plain,059003.000540,059003.000475,+0.0000,+0.0000,0.961,+0.0000,0.1899,94392.1790
94376.397,cl,plain,059003.000164,059003.000424,+0.0000,+0.0000,0.961,+0.0000,1.1922,94376.3970
94372.486,cl,plain,059003.000085,059003.000389,+0.0000,+0.0000,0.961,+0.0000,0.6848,94372.4860
94365.091,,plain,059003.000060,059003.000359,+0.0000,+0.0000,0.961,+0.0000,0.7645,94365.0910
94355.482,,plain,059003.000069,059003.000369,+0.0000,+0.0000,0.961,+0.0000,0.9344,94355.4820
94346.205,,plain,059003.000167,059003.000507,+0.0000,+0.0000,0.961,+0.0000,0.8536,94346.2050
94332.783,,plain,059003.000093,059003.000399,+0.0000,+0.0000,0.961,+0.0000,1.0228,94332.7830
94317.388,,plain,059003.000098,059003.000484,+0.0000,+0.0000,0.961,+0.0000,0.5167,94317.3880
94296.394,,plain,059003.000088,059003.000392,+0.0000,+0.0000,0.961,+0.0000,0.6848,94296.3940
94291.030,,plain,059003.000069,059003.000367,+0.0000,+0.0000,0.961,+0.0000,1.0228,94291.0300
94274.324,,plain,059003.000119,059003.000493,+0.0000,+0.0000,0.961,+0.0000,0.5946,94274.3240
94251.316,,plain,059003.000081,059003.000382,+0.0000,+0.0000,0.961,+0.0000,0.5167,94251.3160
94244.306,cl,plain,059003.000119,059003.000411,+0.0000,+0.0000,0.961,+0.0000,0.6848,94244.3060
94240.027,cl,plain,059003.000070,059003.000367,+0.0000,+0.0000,0.961,+0.0000,1.1042,94240.0270
94236.310,cl,plain,059003.000099,059003.000401,+0.0000,+0.0000,0.961,+0.0000,0.7645,94236.3100
94221.588,,plain,059003.000057,059003.000356,+0.0000,+0.0000,0.961,+0.0000,1.1922,94221.5880
94204.614,,plain,059003.000080,059003.000381,+0.0000,+0.0000,0.961,+0.0000,0.6848,94204.6140
94197.515,,plain,059003.000053,059003.000350,+0.0000,+0.0000,0.961,+0.0000,0.5946,94197.5150
94189.005,,plain,059003.000083,059003.000384,+0.0000,+0.0000,0.961,+0.0000,0.4247,94189.0050
94177.019,,plain,059003.000084,059003.000385,+0.0000,+0.0000,0.961,+0.0000,0.9344,94177.0190
94170.016,cl,plain,059003.000079,059003.000379,+0.0000,+0.0000,0.961,+0.0000,1.1042,94170.0160
94164.186,,plain,059003.000079,059003.000378,+0.0000,+0.0000,0.961,+0.0000,1.0228,94164.1860
94153.520,,plain,059003.000072,059003.000467,+0.0000,+0.0000,0.961,+0.0000,0.9344,94153.5200
94130.403,cl,plain,059003.000121,059003.000495,+0.0000,+0.0000,0.961,+0.0000,0.3502,94130.4030
94127.208,cl,plain,059003.000121,059003.000494,+0.0000,+0.0000,0.961,+0.0000,0.5167,94127.2080
94102.314,,plain,059003.000066,059003.000363,+0.0000,+0.0000,0.961,+0.0000,1.3617,94102.3140
94058.974,,plain,059003.000095,059003.000398,+0.0000,+0.0000,0.961,+0.0000,0.4247,94058.9740
94050.809,,plain,059003.000120,059003.000412,+0.0000,+0.0000,0.961,+0.0000,1.0228,94050.8090
94041.373,,plain,059003.000073,059003.000373,+0.0000,+0.0000,0.961,+0.0000,0.5167,94041.3730
94007.402,,plain,059003.000095,059003.000395,+0.0000,+0.0000,0.961,+0.0000,0.3502,94007.4020
93997.504,**,plain,059003.000105,059003.000405,+0.0000,+0.0000,0.961,+0.0000,0.6848,93997.5040
93975.974,cl,plain,059003.000123,059003.000494,+0.0000,+0.0000,0.961,+0.0000,0.6848,93975.9740
93959.423,,plain,059003.000121,059003.000493,+0.0000,+0.0000,0.961,+0.0000,0.5167,93959.4230
93950.514,,plain,059003.000101,059003.000485,+0.0000,+0.0000,0.961,+0.0000,0.2548,93950.5140
93940.903,,plain,059003.000097,059003.000398,+0.0000,+0.0000,0.961,+0.0000,0.5167,93940.9030
93933.309,,plain,059003.000144,059003.000417,+0.0000,+0.0000,0.961,+0.0000,0.5167,93933.3090
93928.480,cl,plain,059003.000123,059003.000413,+0.0000,+0.0000,0.961,+0.0000,0.8536,93928.4800
93914.795,,plain,059003.000102,059003.000402,+0.0000,+0.0000,0.961,+0.0000,0.2548,93914.7950
93907.813,,plain,059003.000073,059003.000370,+0.0000,+0.0000,0.961,+0.0000,0.6848,93907.8130
93899.283,,plain,059003.000072,059003.000367,+0.0000,+0.0000,0.961,+0.0000,1.0228,93899.2830
93885.417,,plain,059003.000082,059003.000380,+0.0000,+0.0000,0.961,+0.0000,0.6848,93885.4170
93867.522,,plain,059003.000082,059003.000378,+0.0000,+0.0000,0.961,+0.0000,0.8536,93867.5220
93855.813,,plain,059003.000097,059003.000482,+0.0000,+0.0000,0.961,+0.0000,0.6848,93855.8130
93850.521,,plain,059003.000108,059003.000488,+0.0000,+0.0000,0.961,+0.0000,0.7645,93850.5210
93845.087,,plain,059003.000108,059003.000407,+0.0000,+0.0000,0.961,+0.0000,0.8536,93845.0870
93841.624,,plain,059003.000098,059003.000398,+0.0000,+0.0000,0.961,+0.0000,0.4247,93841.6240
93827.015,,plain,059003.000108,059003.000487,+0.0000,+0.0000,0.961,+0.0000,0.6848,93827.0150
93805.622,,plain,059003.000093,059003.000393,+0.0000,+0.0000,0.961,+0.0000,1.0228,93805.6220
93800.799,cl,plain,059003.000085,059003.000474,+0.0000,+0.0000,0.961,+0.0000,0.6848,93800.7990
93789.006,**,plain,059003.000082,059003.000377,+0.0000,+0.0000,0.961,+0.0000,0.7645,93789.0060
93778.289,,plain,059003.000172,059003.000508,+0.0000,+0.0000,0.961,+0.0000,0.8536,93778.2890
93767.716,,plain,059003.000057,059003.000352,+0.0000,+0.0000,0.961,+0.0000,1.0228,93767.7160
93762.896,,plain,059003.000104,059003.000402,+0.0000,+0.0000,0.961,+0.0000,0.3502,93762.8960
93758.498,,plain,059003.000073,059003.000368,+0.0000,+0.0000,0.961,+0.0000,0.5946,93758.4980
93729.827,,plain,059003.000099,059003.000396,+0.0000,+0.0000,0.961,+0.0000,0.8536,93729.8270
93720.707,,plain,059003.000163,059003.000500,+0.0000,+0.0000,0.961,+0.0000,0.5167,93720.7070
93714.722,,plain,059003.000120,059003.000409,+0.0000,+0.0000,0.961,+0.0000,0.9344,93714.7220
93706.026,,plain,059003.000088,059003.000389,+0.0000,+0.0000,0.961,+0.0000,0.7645,93706.0260
93684.193,,plain,059003.000073,059003.000366,+0.0000,+0.0000,0.961,+0.0000,0.5167,93684.1930
93676.573,,plain,059003.000089,059003.000391,+0.0000,+0.0000,0.961,+0.0000,0.3502,93676.5730
93652.322,,plain,059003.000084,059003.000379,+0.0000,+0.0000,0.961,+0.0000,1.0228,93652.3220
93646.293,h,plain,059003.000171,059003.000425,+0.0000,+0.0000,0.961,+0.0000,1.3617,93646.2930
93640.828,cl,plain,059003.000173,059003.000508,+0.0000,+0.0000,0.961,+0.0000,0.7645,93640.8280
93637.324,,plain,059003.000172,059003.000507,+0.0000,+0.0000,0.961,+0.0000,0.9344,93637.3240
93609.296,,plain,059003.000105,059003.000401,+0.0000,+0.0000,0.961,+0.0000,0.6848,93609.2960
93598.181,,plain,059003.000105,059003.000484,+0.0000,+0.0000,0.961,+0.0000,0.5946,93598.1810
93561.113,cl,plain,059003.000088,059003.000388,+0.0000,+0.0000,0.961,+0.0000,0.8536,93561.1130
93558.313,cl,plain,059003.000079,059003.000375,+0.0000,+0.0000,0.961,+0.0000,1.1042,93558.3130
93535.911,,plain,059003.000070,059003.000362,+0.0000,+0.0000,0.961,+0.0000,1.1922,93535.9110
93522.192,,plain,059003.000086,059003.000384,+0.0000,+0.0000,0.961,+0.0000,0.3502,93522.1920
93511.695,,plain,059003.000095,059003.000392,+0.0000,+0.0000,0.961,+0.0000,0.5167,93511.6950
93499.893,,plain,059003.000173,059003.000507,+0.0000,+0.0000,0.961,+0.0000,0.8536,93499.8930
93490.984,,plain,059003.000123,059003.000409,+0.0000,+0.0000,0.961,+0.0000,0.8536,93490.9840
93483.289,,plain,059003.000106,059003.000403,+0.0000,+0.0000,0.961,+0.0000,0.8536,93483.2890
93478.207,,plain,059003.000099,059003.000394,+0.0000,+0.0000,0.961,+0.0000,0.8536,93478.2070
93436.479,,plain,059003.000101,059003.000483,+0.0000,+0.0000,0.961,+0.0000,0.3502,93436.4790
93428.603,,plain,059003.000146,059003.000417,+0.0000,+0.0000,0.961,+0.0000,0.5946,93428.6030
93417.698,,plain,059003.000057,059003.000351,+0.0000,+0.0000,0.961,+0.0000,1.1042,93417.6980
93409.589,,plain,059003.000070,059003.000361,+0.0000,+0.0000,0.961,+0.0000,1.1042,93409.5890
93392.490,,plain,059003.000097,059003.000392,+0.0000,+0.0000,0.961,+0.0000,0.5946,93392.4900
93341.584,,plain,059003.000101,059003.000398,+0.0000,+0.0000,0.961,+0.0000,0.3502,93341.5840
93333.903,,plain,059003.000069,059003.000360,+0.0000,+0.0000,0.961,+0.0000,0.9344,93333.9030
93295.318,,plain,059003.000060,059003.000353,+0.0000,+0.0000,0.961,+0.0000,0.7645,93295.3180
93286.381,,plain,059003.000073,059003.000364,+0.0000,+0.0000,0.961,+0.0000,0.6848,93286.3810
93282.799,,plain,059003.000063,059003.000358,+0.0000,+0.0000,0.961,+0.0000,0.4247,93282.7990
93276.982,cl,plain,059003.000148,059003.000418,+1.0665,+0.0000,0.961,-1.0249,0.5419,93278.0069
93274.191,cl,plain,059003.000088,059003.000386,+0.0000,+0.0000,0.961,+0.0000,0.6848,93274.1910
93262.979,,plain,059003.000121,059003.000492,+0.0000,+0.0000,0.961,+0.0000,0.4247,93262.9790
93253.818,,plain,059003.000060,059003.000352,+0.0000,+0.0000,0.961,+0.0000,0.8536,93253.8180
93246.608,,plain,059003.000071,059003.000362,+0.0000,+0.0000,0.961,+0.0000,1.3617,93246.6080
93243.028,,plain,059003.000085,059003.000377,+0.0000,+0.0000,0.961,+0.0000,0.6848,93243.0280
93237.584,,plain,059003.000108,059003.000403,+0.0000,+0.0000,0.961,+0.0000,0.8536,93237.5840
93231.400,,plain,059003.000102,059003.000395,+0.0000,+0.0000,0.961,+0.0000,0.2548,93231.4000
93185.701,,plain,059003.000104,059003.000397,+0.0000,+0.0000,0.961,+0.0000,0.5167,93185.7010
93169.901,,plain,059003.000036,059003.000329,+0.0000,+0.0000,0.961,+0.0000,0.5167,93169.9010
93095.027,,plain,059003.000085,059003.000470,+0.0000,+0.0000,0.961,+0.0000,0.6848,93095.0270
93079.287,,plain,059003.000104,059003.000395,+0.0000,+0.0000,0.961,+0.0000,0.3502,93079.2870
93068.797,,plain,059003.000072,059003.000361,+0.0000,+0.0000,0.961,+0.0000,1.0228,93068.7970
93065.225,,plain,059003.000076,059003.000373,+0.0000,+0.0000,0.961,+0.0000,0.4247,93065.2250
93058.770,,plain,059003.000111,059003.000405,+0.0000,+0.0000,0.961,+0.0000,0.6848,93058.7700
93051.904,,plain,059003.000112,059003.000489,+0.0000,+0.0000,0.961,+0.0000,0.4247,93051.9040
93046.984,,plain,059003.000108,059003.000401,+0.0000,+0.0000,0.961,+0.0000,0.7645,93046.9840
93035.803,,plain,059003.000108,059003.000484,+0.0000,+0.0000,0.961,+0.0000,0.6848,93035.8030
93010.521,,plain,059003.000093,059003.000389,+0.0000,+0.0000,0.961,+0.0000,0.8536,93010.5210
92974.394,cl,plain,059003.000076,059003.000371,+0.0000,+0.0000,0.961,+0.0000,0.3502,92974.3940
92972.586,cl,plain,059003.000087,059003.000381,+0.0000,+0.0000,0.961,+0.0000,0.6848,92972.5860
92962.110,,plain,059003.000087,059003.000472,+0.0000,+0.0000,0.961,+0.0000,0.5946,92962.1100
92924.984,,plain,059003.000112,059003.000487,+0.0000,+0.0000,0.961,+0.0000,0.5167,92924.9840
92908.723,,plain,059003.000111,059003.000404,+0.0000,+0.0000,0.961,+0.0000,0.5946,92908.7230
92868.611,,plain,059003.000064,059003.000354,+0.0000,+0.0000,0.961,+0.0000,1.0228,92868.6110
92817.594,,plain,059003.000062,059003.000352,+0.0000,+0.0000,0.961,+0.0000,0.8536,92817.5940
92811.626,,plain,059003.000126,059003.000413,+0.0000,+0.0000,0.961,+0.0000,0.8536,92811.6260
92801.306,,plain,059003.000097,059003.000389,+0.0000,+0.0000,0.961,+0.0000,0.6848,92801.3060
92796.818,,plain,059003.000035,059003.000327,+0.0000,+0.0000,0.961,+0.0000,0.7645,92796.8180
92786.592,,plain,059003.000106,059003.000396,+0.0000,+0.0000,0.961,+0.0000,0.8536,92786.5920
92783.124,,plain,059003.000114,059003.000407,+0.0000,+0.0000,0.961,+0.0000,0.9344,92783.1240
92777.201,,plain,059003.000175,059003.000503,+0.0000,+0.0000,0.961,+0.0000,0.5167,92777.2010
92766.793,,plain,059003.000150,059003.000418,-0.2879,+0.0000,0.961,+0.2766,0.5413,92766.5164
92719.998,,plain,059003.000106,059003.000482,+0.0000,+0.0000,0.961,+0.0000,0.7645,92719.9980
92706.593,,plain,059003.000060,059003.000350,+0.0000,+0.0000,0.961,+0.0000,0.6848,92706.5930
92673.414,cl,plain,059003.000088,059003.000380,+0.0000,+0.0000,0.961,+0.0000,0.6848,92673.4140
92671.704,cl,plain,059003.000111,059003.000401,+0.0000,+0.0000,0.961,+0.0000,0.6848,92671.7040
92660.893,,plain,059003.000126,059003.000411,+0.0000,+0.0000,0.961,+0.0000,0.7645,92660.8930
92655.396,,plain,059003.000088,059003.000378,+0.0000,+0.0000,0.961,+0.0000,0.8536,92655.3960
92639.599,,plain,059003.000064,059003.000352,+0.0000,+0.0000,0.961,+0.0000,0.9344,92639.5990
92618.495,,plain,059003.000080,059003.000373,+0.0000,+0.0000,0.961,+0.0000,0.5167,92618.4950
92599.380,,plain,059003.000080,059003.000468,+0.0000,+0.0000,0.961,+0.0000,0.6848,92599.3800
92597.121,,plain,059003.000106,059003.000480,+0.0000,+0.0000,0.961,+0.0000,0.8536,92597.1210
92590.979,,plain,059003.000096,059003.000387,+0.0000,+0.0000,0.961,+0.0000,1.1922,92590.9790
92583.179,,plain,059003.000104,059003.000392,+0.0000,+0.0000,0.961,+0.0000,0.5167,92583.1790
92576.579,,plain,059003.000088,059003.000377,+0.0000,+0.0000,0.961,+0.0000,0.7645,92576.5790
92524.308,,plain,059003.000040,059003.000338,+0.0000,+0.0000,0.961,+0.0000,1.0228,92524.3080
92515.681,,plain,059003.000114,059003.000406,+0.0000,+0.0000,0.961,+0.0000,1.0228,92515.6810
92488.983,,plain,059003.000095,059003.000386,+0.0000,+0.0000,0.961,+0.0000,0.5167,92488.9830
92485.387,,plain,059003.000080,059003.000370,+0.0000,+0.0000,0.961,+0.0000,0.6848,92485.3870
92476.490,,plain,059003.000101,059003.000391,+0.0000,+0.0000,0.961,+0.0000,0.3502,92476.4900
92457.825,,plain,059003.000095,059003.000475,+0.0000,+0.0000,0.961,+0.0000,0.3502,92457.8250
92443.125,,plain,059003.000076,059003.000365,+0.0000,+0.0000,0.961,+0.0000,0.5167,92443.1250
92437.917,,plain,059003.000115,059003.000488,+0.0000,+0.0000,0.961,+0.0000,0.6848,92437.9170
92417.599,,plain,059003.000102,059003.000391,+0.0000,+0.0000,0.961,+0.0000,0.3502,92417.5990
92413.682,,plain,059003.000066,059003.000356,+0.0000,+0.0000,0.961,+0.0000,1.2741,92413.6820
92383.427,,plain,059003.000112,059003.000404,+0.0000,+0.0000,0.961,+0.0000,0.5167,92383.4270
92361.369,,plain,059003.000079,059003.000367,+0.0000,+0.0000,0.961,+0.0000,1.1042,92361.3690
92351.107,,plain,059003.000108,059003.000480,+0.0000,+0.0000,0.961,+0.0000,0.8536,92351.1070
92346.229,,plain,059003.000178,059003.000425,+0.0000,+0.0000,0.961,+0.0000,1.4440,92346.2290
92336.011,,plain,059003.000080,059003.000368,+0.0000,+0.0000,0.961,+0.0000,0.5946,92336.0110
92306.425,,plain,059003.000131,059003.000496,+0.0000,+0.0000,0.961,+0.0000,0.7645,92306.4250
92302.605,,plain,059003.000083,059003.000373,+0.0000,+0.0000,0.961,+0.0000,0.4247,92302.6050
92289.403,**,plain,059003.000064,059003.000351,+0.0000,+0.0000,0.961,+0.0000,1.0228,92289.4030
92276.709,,plain,059003.000111,059003.000483,+0.0000,+0.0000,0.961,+0.0000,0.5167,92276.7090
92272.434,,plain,059003.000153,059003.000499,+0.0000,+0.0000,0.961,+0.0000,0.5946,92272.4340
92266.682,**,plain,059003.000095,059003.000384,+0.0000,+0.0000,0.961,+0.0000,0.4247,92266.6820
92261.486,,plain,059003.000080,059003.000366,+0.0000,+0.0000,0.961,+0.0000,0.5167,92261.4860
92256.382,**,plain,059003.000106,059003.000392,+0.0000,+0.0000,0.961,+0.0000,0.6848,92256.3820
92244.889,,plain,059003.000082,059003.000370,+0.0000,+0.0000,0.961,+0.0000,0.7645,92244.8890
92237.579,,plain,059003.000111,059003.000397,+0.0000,+0.0000,0.961,+0.0000,0.5946,92237.5790
92233.580,,plain,059003.000099,059003.000476,+0.0000,+0.0000,0.961,+0.0000,0.8536,92233.5800
92228.618,bl,plain,059003.000097,059003.000474,+0.0000,+0.0000,0.961,+0.0000,0.6848,92228.6180
92176.693,**,plain,059003.000099,059003.000386,+0.0000,+0.0000,0.961,+0.0000,0.6848,92176.6930
92167.922,,plain,059003.000129,059003.000412,+0.0000,+0.0000,0.961,+0.0000,1.1042,92167.9220
92145.832,,plain,059003.000130,059003.000493,+0.0000,+0.0000,0.961,+0.0000,0.5167,92145.8320
92141.880,,plain,059003.000115,059003.000486,+0.0000,+0.0000,0.961,+0.0000,0.5167,92141.8800
92133.618,,plain,059003.000039,059003.000334,+0.0000,+0.0000,0.961,+0.0000,0.6848,92133.6180
92128.978,,plain,059003.000082,059003.000369,+0.0000,+0.0000,0.961,+0.0000,0.8536,92128.9780
92120.808,,plain,059003.000073,059003.000359,+0.0000,+0.0000,0.961,+0.0000,0.6848,92120.8080
92095.610,,plain,059003.000082,059003.000368,+0.0000,+0.0000,0.961,+0.0000,0.6848,92095.6100
92088.223,,plain,059003.000099,059003.000385,+0.0000,+0.0000,0.961,+0.0000,0.8536,92088.2230
92057.298,,plain,059003.000093,059003.000381,+0.0000,+0.0000,0.961,+0.0000,0.8536,92057.2980
92053.813,,plain,059003.000064,059003.000349,+0.0000,+0.0000,0.961,+0.0000,0.9344,92053.8130
92048.126,,plain,059003.000098,059003.000384,+0.0000,+0.0000,0.961,+0.0000,0.4247,92048.1260
92035.422,,plain,059003.000100,059003.000475,+0.0000,+0.0000,0.961,+0.0000,0.1899,92035.4220
92030.374,,plain,059003.000073,059003.000462,+0.0000,+0.0000,0.961,+0.0000,0.5167,92030.3740
92021.710,,plain,059003.000115,059003.000405,+0.0000,+0.0000,0.961,+0.0000,0.6848,92021.7100
91996.907,,plain,059003.000080,059003.000365,+0.0000,+0.0000,0.961,+0.0000,0.5946,91996.9070
91982.425,,plain,059003.000105,059003.000389,+0.0000,+0.0000,0.961,+0.0000,0.6848,91982.4250
91974.999,,plain,059003.000070,059003.000356,+0.0000,+0.0000,0.961,+0.0000,1.1922,91974.9990
91965.696,,plain,059003.000093,059003.000379,+0.0000,+0.0000,0.961,+0.0000,1.0228,91965.6960
91960.975,,plain,059003.000093,059003.000378,+0.0000,+0.0000,0.961,+0.0000,0.9344,91960.9750
91956.990,,plain,059003.000095,059003.000472,+0.0000,+0.0000,0.961,+0.0000,0.5167,91956.9900
91945.490,,plain,059003.000083,059003.000366,+0.0000,+0.0000,0.961,+0.0000,0.4247,91945.4900
91928.315,,plain,059003.000153,059003.000418,+0.0000,+0.0000,0.961,+0.0000,0.6848,91928.3150
91901.204,,plain,059003.000158,059003.000499,+0.0000,+0.0000,0.961,+0.0000,0.5167,91901.2040
91887.788,,plain,059003.000095,059003.000380,+0.0000,+0.0000,0.961,+0.0000,0.5167,91887.7880
91881.931,,plain,059003.000093,059003.000377,+0.0000,+0.0000,0.961,+0.0000,0.8536,91881.9310
91863.482,,plain,059003.000080,059003.000364,+0.0000,+0.0000,0.961,+0.0000,0.6848,91863.4820
91856.116,,plain,059003.000129,059003.000410,+0.0000,+0.0000,0.961,+0.0000,1.1922,91856.1160
91837.582,,plain,059003.000097,059003.000472,+0.0000,+0.0000,0.961,+0.0000,0.5946,91837.5820
91833.008,,plain,059003.000085,059003.000373,+0.0000,+0.0000,0.961,+0.0000,0.5167,91833.0080
91813.291,,plain,059003.000085,059003.000468,+0.0000,+0.0000,0.961,+0.0000,0.6848,91813.2910
91801.079,**,plain,059003.000069,059003.000354,+0.0000,+0.0000,0.961,+0.0000,1.0228,91801.0790
91779.224,,plain,059003.000128,059003.000492,+0.0000,+0.0000,0.961,+0.0000,0.3502,91779.2240
91756.230,**,plain,059003.000082,059003.000365,+0.0000,+0.0000,0.961,+0.0000,0.6848,91756.2300
91749.782,,plain,059003.000070,059003.000354,+0.0000,+0.0000,0.961,+0.0000,1.1042,91749.7820
91742.608,,plain,059003.000074,059003.000462,+0.0000,+0.0000,0.961,+0.0000,0.3502,91742.6080
91712.314,**,plain,059003.000112,059003.000397,+0.0000,+0.0000,0.961,+0.0000,0.5167,91712.3140
91698.016,,plain,059003.000131,059003.000413,+0.0000,+0.0000,0.961,+0.0000,0.8536,91698.0160
91680.977,,plain,059003.000102,059003.000475,+0.0000,+0.0000,0.961,+0.0000,0.2548,91680.9770
91672.575,,plain,059003.000097,059003.000377,+0.0000,+0.0000,0.961,+0.0000,0.6848,91672.5750
91669.428,,plain,059003.000098,059003.000380,+0.0000,+0.0000,0.961,+0.0000,0.5167,91669.4280
91655.088,,plain,059003.000099,059003.000381,+0.0000,+0.0000,0.961,+0.0000,0.7645,91655.0880
91634.411,**,plain,059003.000132,059003.000496,+0.0000,+0.0000,0.961,+0.0000,0.8536,91634.4110
91622.910,h,plain,059003.000121,059003.000491,+0.0000,+0.0000,0.961,+0.0000,0.3502,91622.9100
91618.983,,plain,059003.000074,059003.000461,+0.0000,+0.0000,0.961,+0.0000,0.1899,91618.9830
91612.414,,plain,059003.000074,059003.000460,+0.0000,+0.0000,0.961,+0.0000,0.2548,91612.4140
91576.510,,plain,059003.000099,059003.000380,+0.0000,+0.0000,0.961,+0.0000,0.6848,91576.5100
91572.405,,plain,059003.000069,059003.000352,+0.0000,+0.0000,0.961,+0.0000,0.9344,91572.4050
91549.875,cl**,plain,059003.000085,059003.000368,+0.0000,+0.0000,0.961,+0.0000,0.5946,91549.8750
91547.827,cl**,plain,059003.000131,059003.000411,+0.0000,+0.0000,0.961,+0.0000,0.7645,91547.8270
91534.784,,plain,059003.000121,059003.000489,+0.0000,+0.0000,0.961,+0.0000,0.4247,91534.7840
91530.771,**,plain,059003.000079,059003.000361,+0.0000,+0.0000,0.961,+0.0000,1.1042,91530.7710
91498.825,,plain,059003.000120,059003.000407,+0.0000,+0.0000,0.961,+0.0000,0.9344,91498.8250
91475.815,,plain,059003.000085,059003.000366,+0.0000,+0.0000,0.961,+0.0000,0.5167,91475.8150
91470.121,,plain,059003.000073,059003.000357,+0.0000,+0.0000,0.961,+0.0000,0.5946,91470.1210
91447.711,,plain,059003.000130,059003.000492,+0.0000,+0.0000,0.961,+0.0000,0.4247,91447.7110
91441.017,,plain,059003.000158,059003.000417,+0.0000,+0.0000,0.961,+0.0000,0.5167,91441.0170
91418.524,,plain,059003.000108,059003.000389,+0.0000,+0.0000,0.961,+0.0000,0.7645,91418.5240
91402.819,,plain,059003.000084,059003.000364,+0.0000,+0.0000,0.961,+0.0000,0.8536,91402.8190
91386.386,,plain,059003.000087,059003.000373,+0.0000,+0.0000,0.961,+0.0000,0.5167,91386.3860
91367.094,,plain,059003.000087,059003.000468,+0.0000,+0.0000,0.961,+0.0000,0.6848,91367.0940
91354.491,,plain,059003.000093,059003.000375,+0.0000,+0.0000,0.961,+0.0000,1.0228,91354.4910
91343.622,,plain,059003.000067,059003.000350,+0.0000,+0.0000,0.961,+0.0000,0.5946,91343.6220
91338.209,,plain,059003.000104,059003.000384,+0.0000,+0.0000,0.961,+0.0000,0.4247,91338.2090
91334.386,,plain,059003.000074,059003.000358,+0.0000,+0.0000,0.961,+0.0000,0.3502,91334.3860
91330.204,,plain,059003.000119,059003.000405,+0.0000,+0.0000,0.961,+0.0000,0.6848,91330.2040
91290.602,,plain,059003.000106,059003.000476,+0.0000,+0.0000,0.961,+0.0000,0.8536,91290.6020
91281.421,,plain,059003.000123,059003.000488,+0.0000,+0.0000,0.961,+0.0000,0.7645,91281.4210
91275.283,**,plain,059003.000108,059003.000388,+0.0000,+0.0000,0.961,+0.0000,0.8536,91275.2830
91260.377,,plain,059003.000131,059003.000409,+0.0000,+0.0000,0.961,+0.0000,0.8536,91260.3770
91252.880,,plain,059003.000087,059003.000370,+0.0000,+0.0000,0.961,+0.0000,0.6848,91252.8800
91234.210,bl,plain,059003.000129,059003.000408,+0.0000,+0.0000,0.961,+0.0000,1.1042,91234.2100
91230.802,,plain,059003.000120,059003.000406,+0.0000,+0.0000,0.961,+0.0000,1.0228,91230.8020
91210.320,h,plain,059003.000085,059003.000365,+0.0000,+0.0000,0.961,+0.0000,0.5946,91210.3200
91180.077,**,plain,059003.000072,059003.000352,+0.0000,+0.0000,0.961,+0.0000,0.9344,91180.0770
91145.404,,plain,059003.000106,059003.000385,+0.0000,+0.0000,0.961,+0.0000,0.8536,91145.4040
91108.292,,plain,059003.000074,059003.000355,+0.0000,+0.0000,0.961,+0.0000,0.2548,91108.2920
91077.411,,plain,059003.000085,059003.000364,+0.0000,+0.0000,0.961,+0.0000,0.6848,91077.4110
91061.088,,plain,059003.000115,059003.000482,+0.0000,+0.0000,0.961,+0.0000,0.6848,91061.0880
91054.518,,plain,059003.000076,059003.000462,+0.0000,+0.0000,0.961,+0.0000,0.4247,91054.5180
91050.121,,plain,059003.000073,059003.000353,+0.0000,+0.0000,0.961,+0.0000,0.6848,91050.1210
91032.718,,plain,059003.000088,059003.000370,+0.0000,+0.0000,0.961,+0.0000,0.7645,91032.7180
91027.187,**,plain,059003.000132,059003.000413,+0.0000,+0.0000,0.961,+0.0000,0.9344,91027.1870
91013.774,,plain,059003.000084,059003.000361,+0.0000,+0.0000,0.961,+0.0000,1.0228,91013.7740
90993.390,,plain,059003.000160,059003.000499,+0.0000,+0.0000,0.961,+0.0000,0.5946,90993.3900
90988.091,,plain,059003.000108,059003.000386,+0.0000,+0.0000,0.961,+0.0000,0.6848,90988.0910
90959.609,,plain,059003.000104,059003.000380,+0.0000,+0.0000,0.961,+0.0000,0.5167,90959.6090
90950.011,,plain,059003.000105,059003.000380,+0.0000,+0.0000,0.961,+0.0000,0.5946,90950.0110
90942.495,,plain,059003.000119,059003.000401,+0.0000,+0.0000,0.961,+0.0000,0.6848,90942.4950
90925.385,,plain,059003.000132,059003.000412,+0.0000,+0.0000,0.961,+0.0000,1.0228,90925.3850
90876.972,,plain,059003.000132,059003.000411,+0.0000,+0.0000,0.961,+0.0000,0.8536,90876.9720
90866.570,,plain,059003.000121,059003.000404,+0.0000,+0.0000,0.961,+0.0000,0.5167,90866.5700
90863.994,**,plain,059003.000123,059003.000405,+0.0000,+0.0000,0.961,+0.0000,0.7645,90863.9940
90853.503,,plain,059003.000105,059003.000377,+0.0000,+0.0000,0.961,+0.0000,0.6848,90853.5030
90772.104,,plain,059003.000121,059003.000402,+0.0000,+0.0000,0.961,+0.0000,0.3502,90772.1040
90764.109,,plain,059003.000087,059003.000365,+0.0000,+0.0000,0.961,+0.0000,0.5946,90764.1090
90749.115,,plain,059003.000121,059003.000485,+0.0000,+0.0000,0.961,+0.0000,0.3502,90749.1150
90711.820,,plain,059003.000106,059003.000381,+0.0000,+0.0000,0.961,+0.0000,0.7645,90711.8200
90698.324,,plain,059003.000080,059003.000359,+0.0000,+0.0000,0.961,+0.0000,0.6848,90698.3240
90666.917,,plain,059003.000123,059003.000403,+0.0000,+0.0000,0.961,+0.0000,0.8536,90666.9170
90658.973,,plain,059003.000091,059003.000372,+0.0000,+0.0000,0.961,+0.0000,1.1922,90658.9730
90649.502,,plain,059003.000160,059003.000418,+0.0000,+0.0000,0.961,+0.0000,0.6848,90649.5020
90646.617,,plain,059003.000076,059003.000358,+0.0000,+0.0000,0.961,+0.0000,0.4247,90646.6170
90632.726,,plain,059003.000106,059003.000380,+0.0000,+0.0000,0.961,+0.0000,0.6848,90632.7260
90616.400,h,plain,059003.000121,059003.000484,+0.0000,+0.0000,0.961,+0.0000,0.5167,90616.4000
90612.118,,plain,059003.000111,059003.000386,+0.0000,+0.0000,0.961,+0.0000,0.5946,90612.1180
90607.609,,plain,059003.000080,059003.000462,+0.0000,+0.0000,0.961,+0.0000,0.5167,90607.6090
90597.779,,plain,059003.000115,059003.000392,+0.0000,+0.0000,0.961,+0.0000,0.5946,90597.7790
90565.511,,plain,059003.000075,059003.000352,+0.0000,+0.0000,0.961,+0.0000,0.8536,90565.5110
90547.803,,plain,059003.000119,059003.000483,+0.0000,+0.0000,0.961,+0.0000,0.5167,90547.8030
90536.674,,plain,059003.000106,059003.000377,+0.0000,+0.0000,0.961,+0.0000,0.7645,90536.6740
90510.598,,plain,059003.000113,059003.000390,+0.0000,+0.0000,0.961,+0.0000,1.3617,90510.5980
90466.121,,plain,059003.000108,059003.000381,+0.0000,+0.0000,0.961,+0.0000,0.7645,90466.1210
90457.477,,plain,059003.000082,059003.000359,+0.0000,+0.0000,0.961,+0.0000,0.7645,90457.4770
90411.005,,plain,059003.000088,059003.000364,+0.0000,+0.0000,0.961,+0.0000,0.7645,90411.0050
90395.310,,plain,059003.000120,059003.000399,+0.0000,+0.0000,0.961,+0.0000,1.0228,90395.3100
90390.498,,plain,059003.000111,059003.000384,+0.0000,+0.0000,0.961,+0.0000,0.5167,90390.4980
90388.027,cl,plain,059003.000106,059003.000470,+0.0000,+0.0000,0.961,+0.0000,0.7645,90388.0270
90381.368,,plain,059003.000095,059003.000373,+0.0000,+0.0000,0.961,+0.0000,0.4247,90381.3680
90369.591,,plain,059003.000119,059003.000482,+0.0000,+0.0000,0.961,+0.0000,0.6848,90369.5910
90354.220,,plain,059003.000081,059003.000460,+0.0000,+0.0000,0.961,+0.0000,0.3502,90354.2200
90338.488,,plain,059003.000093,059003.000370,+0.0000,+0.0000,0.961,+0.0000,0.8536,90338.4880
90290.511,,plain,059003.000108,059003.000377,+0.0000,+0.0000,0.961,+0.0000,0.7645,90290.5110
90262.401,cl,plain,059003.000097,059003.000373,+0.0000,+0.0000,0.961,+0.0000,0.5167,90262.4010
90259.975,**,plain,059003.000113,059003.000387,+0.0000,+0.0000,0.961,+0.0000,1.2741,90259.9750
90243.325,,plain,059003.000097,059003.000468,+0.0000,+0.0000,0.961,+0.0000,0.6848,90243.3250
90199.973,,plain,059003.000080,059003.000358,+0.0000,+0.0000,0.961,+0.0000,0.5167,90199.9730
90194.996,,plain,059003.000121,059003.000397,+0.0000,+0.0000,0.961,+0.0000,0.5167,90194.9960
90186.204,,plain,059003.000096,059003.000372,+0.0000,+0.0000,0.961,+0.0000,1.1922,90186.2040
90158.626,,plain,059003.000126,059003.000407,+0.0000,+0.0000,0.961,+0.0000,0.8536,90158.6260
90128.813,,plain,059003.000097,059003.000370,+0.0000,+0.0000,0.961,+0.0000,0.6848,90128.8130
90083.421,,plain,059003.000128,059003.000490,+0.0000,+0.0000,0.961,+0.0000,0.1899,90083.4210
90076.120,,plain,059003.000081,059003.000358,+0.0000,+0.0000,0.961,+0.0000,0.4247,90076.1200
90047.903,,plain,059003.000080,059003.000357,+0.0000,+0.0000,0.961,+0.0000,0.5946,90047.9030
90036.887,,plain,059003.000091,059003.000465,+0.0000,+0.0000,0.961,+0.0000,1.0228,90036.8870
90017.279,,plain,059003.000075,059003.000350,+0.0000,+0.0000,0.961,+0.0000,0.6848,90017.2790
90006.179,,plain,059003.000115,059003.000389,+0.0000,+0.0000,0.961,+0.0000,0.6848,90006.1790
89999.514,,plain,059003.000127,059003.000488,+1.0913,+0.0000,0.961,-1.0487,0.5424,90000.5627
89994.904,,plain,059003.000127,059003.000407,+1.0913,+0.0000,0.961,-1.0487,0.6622,89995.9527
89978.795,,plain,059003.000097,059003.000368,+0.0000,+0.0000,0.961,+0.0000,0.5946,89978.7950
89970.521,,plain,059003.000123,059003.000396,+0.0000,+0.0000,0.961,+0.0000,0.8536,89970.5210
89952.806,,plain,059003.000096,059003.000367,+0.0000,+0.0000,0.961,+0.0000,1.1042,89952.8060
89935.990,,plain,059003.000099,059003.000370,+0.0000,+0.0000,0.961,+0.0000,0.7645,89935.9900
89924.009,,plain,059003.000081,059003.000357,+0.0000,+0.0000,0.961,+0.0000,0.5167,89924.0090
89914.975,,plain,059003.000111,059003.000377,+0.0000,+0.0000,0.961,+0.0000,0.6848,89914.9750
89906.394,,plain,059003.000119,059003.000392,+0.0000,+0.0000,0.961,+0.0000,0.5946,89906.3940
89895.713,,plain,059003.000088,059003.000360,+0.0000,+0.0000,0.961,+0.0000,0.8536,89895.7130
89883.689,,plain,059003.000083,059003.000358,+0.0000,+0.0000,0.961,+0.0000,0.4247,89883.6890
89850.091,,plain,059003.000081,059003.000355,+0.0000,+0.0000,0.961,+0.0000,0.3502,89850.0910
89807.801,,plain,059003.000082,059003.000357,+0.0000,+0.0000,0.961,+0.0000,0.6848,89807.8010
89786.509,,plain,059003.000099,059003.000368,+0.0000,+0.0000,0.961,+0.0000,0.6848,89786.5090
89748.223,,plain,059003.000126,059003.000405,+0.0000,+0.0000,0.961,+0.0000,0.7645,89748.2230
89731.492,,plain,059003.000083,059003.000357,+0.0000,+0.0000,0.961,+0.0000,0.5167,89731.4920
89719.808,,plain,059003.000130,059003.000489,+0.0000,+0.0000,0.961,+0.0000,0.4247,89719.8080
89693.186,,plain,059003.000113,059003.000383,+0.0000,+0.0000,0.961,+0.0000,1.2741,89693.1860
89657.708,,plain,059003.000083,059003.000355,+0.0000,+0.0000,0.961,+0.0000,0.3502,89657.7080
89640.196,,plain,059003.000097,059003.000365,+0.0000,+0.0000,0.961,+0.0000,0.5946,89640.1960
89627.812,,plain,059003.000080,059003.000353,+0.0000,+0.0000,0.961,+0.0000,0.6848,89627.8120
89594.585,,plain,059003.000091,059003.000361,+0.0000,+0.0000,0.961,+0.0000,1.1042,89594.5850
89584.526,,plain,059003.000127,059003.000405,+1.0913,+0.0000,0.961,-1.0487,0.5424,89585.5747
89575.084,**,plain,059003.000115,059003.000386,+0.0000,+0.0000,0.961,+0.0000,0.5946,89575.0840
89564.314,,plain,059003.000096,059003.000465,+0.0000,+0.0000,0.961,+0.0000,1.0228,89564.3140
89551.094,,plain,059003.000126,059003.000403,+0.0000,+0.0000,0.961,+0.0000,0.8536,89551.0940
89507.091,,plain,059003.000097,059003.000364,+0.0000,+0.0000,0.961,+0.0000,0.6848,89507.0910
89485.475,**,plain,059003.000112,059003.000380,+0.0000,+0.0000,0.961,+0.0000,0.5167,89485.4750
89461.201,,plain,059003.000135,059003.000492,+0.0000,+0.0000,0.961,+0.0000,0.5167,89461.2010
89453.112,,plain,059003.000104,059003.000373,+0.0000,+0.0000,0.961,+0.0000,0.4247,89453.1120
89447.287,,plain,059003.000099,059003.000365,+0.0000,+0.0000,0.961,+0.0000,0.6848,89447.2870
89443.287,,plain,059003.000105,059003.000373,+0.0000,+0.0000,0.961,+0.0000,0.5167,89443.2870
89413.829,,plain,059003.000085,059003.000358,+0.0000,+0.0000,0.961,+0.0000,0.5167,89413.8290
89404.809,,plain,059003.000114,059003.000381,+0.0000,+0.0000,0.961,+0.0000,0.8536,89404.8090
89387.620,,plain,059003.000082,059003.000353,+0.0000,+0.0000,0.961,+0.0000,0.7645,89387.6200
89361.195,h,plain,059003.000104,059003.000371,+0.0000,+0.0000,0.961,+0.0000,0.3502,89361.1950
89353.292,,plain,059003.000084,059003.000354,+0.0000,+0.0000,0.961,+0.0000,1.0228,89353.2920
89346.277,,plain,059003.000082,059003.000352,+0.0000,+0.0000,0.961,+0.0000,0.8536,89346.2770
89327.991,,plain,059003.000093,059003.000361,+0.0000,+0.0000,0.961,+0.0000,1.0228,89327.9910
89321.202,,plain,059003.000130,059003.000486,+0.0000,+0.0000,0.961,+0.0000,0.4247,89321.2020
89314.725,**,plain,059003.000119,059003.000389,+0.0000,+0.0000,0.961,+0.0000,0.6848,89314.7250
89309.798,,plain,059003.000105,059003.000370,+0.0000,+0.0000,0.961,+0.0000,0.6848,89309.7980
89265.219,,plain,059003.000128,059003.000485,+0.0000,+0.0000,0.961,+0.0000,0.2548,89265.2190
89261.803,,plain,059003.000085,059003.000357,+0.0000,+0.0000,0.961,+0.0000,0.5946,89261.8030
89248.812,,plain,059003.000096,059003.000362,+0.0000,+0.0000,0.961,+0.0000,1.1922,89248.8120
89239.724,,plain,059003.000113,059003.000471,+0.0000,+0.0000,0.961,+0.0000,1.1922,89239.7240
89229.393,,plain,059003.000114,059003.000377,+0.0000,+0.0000,0.961,+0.0000,0.8536,89229.3930
89170.107,,plain,059003.000104,059003.000368,+0.0000,+0.0000,0.961,+0.0000,0.5167,89170.1070
89095.905,,plain,059003.000104,059003.000366,+0.0000,+0.0000,0.961,+0.0000,0.4247,89095.9050
89043.927,,plain,059003.000131,059003.000407,+0.0000,+0.0000,0.961,+0.0000,0.8536,89043.9270
89039.017,,plain,059003.000080,059003.000350,+0.0000,+0.0000,0.961,+0.0000,0.5946,89039.0170
88995.913,,plain,059003.000096,059003.000360,+0.0000,+0.0000,0.961,+0.0000,1.0228,88995.9130
88991.094,,plain,059003.000086,059003.000355,+0.0000,+0.0000,0.961,+0.0000,0.2548,88991.0940
88974.303,,plain,059003.000115,059003.000380,+0.0000,+0.0000,0.961,+0.0000,0.5946,88974.3030
88966.877,,plain,059003.000087,059003.000358,+0.0000,+0.0000,0.961,+0.0000,0.5167,88966.8770
88915.118,,plain,059003.000081,059003.000350,+0.0000,+0.0000,0.961,+0.0000,0.5167,88915.1180
88860.830,,plain,059003.000108,059003.000468,+0.0000,+0.0000,0.961,+0.0000,0.7645,88860.8300
88853.987,,plain,059003.000126,059003.000396,+0.0000,+0.0000,0.961,+0.0000,0.8536,88853.9870
88841.814,,plain,059003.000085,059003.000353,+0.0000,+0.0000,0.961,+0.0000,0.6848,88841.8140
88818.218,,plain,059003.000113,059003.000375,+0.0000,+0.0000,0.961,+0.0000,1.1922,88818.2180
88815.084,,plain,059003.000087,059003.000357,+0.0000,+0.0000,0.961,+0.0000,0.5946,88815.0840
88799.832,h,plain,059003.000129,059003.000400,+0.0000,+0.0000,0.961,+0.0000,1.1922,88799.8320
88787.706,,plain,059003.000126,059003.000482,+0.0000,+0.0000,0.961,+0.0000,0.7645,88787.7060
88760.823,,plain,059003.000082,059003.000349,+0.0000,+0.0000,0.961,+0.0000,0.8536,88760.8230
88746.722,,plain,059003.000108,059003.000370,+0.0000,+0.0000,0.961,+0.0000,0.7645,88746.7220
88728.789,,plain,059003.000089,059003.000461,+0.0000,+0.0000,0.961,+0.0000,0.1899,88728.7890
88722.713,,plain,059003.000083,059003.000350,+0.0000,+0.0000,0.961,+0.0000,0.5167,88722.7130
88702.275,,plain,059003.000114,059003.000375,+0.0000,+0.0000,0.961,+0.0000,1.0228,88702.2750
88595.080,,plain,059003.000088,059003.000357,+0.0000,+0.0000,0.961,+0.0000,0.6848,88595.0800
88569.714,,plain,059003.000121,059003.000386,+0.0000,+0.0000,0.961,+0.0000,0.5167,88569.7140
88512.410,,plain,059003.000129,059003.000399,+0.0000,+0.0000,0.961,+0.0000,1.1042,88512.4100
88504.502,,plain,059003.000111,059003.000373,+0.0000,+0.0000,0.961,+0.0000,0.5167,88504.5020
88483.597,,plain,059003.000131,059003.000404,+0.0000,+0.0000,0.961,+0.0000,0.6848,88483.5970
88444.392,,plain,059003.000089,059003.000358,+0.0000,+0.0000,0.961,+0.0000,0.3502,88444.3920
88436.627,,plain,059003.000131,059003.000403,+0.0000,+0.0000,0.961,+0.0000,0.8536,88436.6270
88418.280,,plain,059003.000130,059003.000483,+0.0000,+0.0000,0.961,+0.0000,0.4247,88418.2800
88395.207,,plain,059003.000087,059003.000353,+0.0000,+0.0000,0.961,+0.0000,0.6848,88395.2070
88373.718,,plain,059003.000132,059003.000407,+0.0000,+0.0000,0.961,+0.0000,0.9344,88373.7180
88361.173,,plain,059003.000119,059003.000381,+0.0000,+0.0000,0.961,+0.0000,0.6848,88361.1730
88341.318,,plain,059003.000097,059003.000359,+0.0000,+0.0000,0.961,+0.0000,0.6848,88341.3180
88272.876,,plain,059003.000130,059003.000395,+0.0000,+0.0000,0.961,+0.0000,0.3502,88272.8760
88240.081,,plain,059003.000095,059003.000460,+0.0000,+0.0000,0.961,+0.0000,0.3502,88240.0810
88160.234,,plain,059003.000091,059003.000356,+0.0000,+0.0000,0.961,+0.0000,1.1922,88160.2340
88147.506,,plain,059003.000111,059003.000366,+0.0000,+0.0000,0.961,+0.0000,0.5167,88147.5060
88125.075,,plain,059003.000108,059003.000364,+0.0000,+0.0000,0.961,+0.0000,0.7645,88125.0750
88105.410,,plain,059003.000132,059003.000406,+0.0000,+0.0000,0.961,+0.0000,1.0228,88105.4100
88040.973,,plain,059003.000058,059003.000340,+0.0000,+0.0000,0.961,+0.0000,0.9344,88040.9730
87990.688,,plain,059003.000061,059003.000342,+0.0000,+0.0000,0.961,+0.0000,1.1922,87990.6880
87985.496,,plain,059003.000129,059003.000393,+0.0000,+0.0000,0.961,+0.0000,1.1042,87985.4960
87979.520,,plain,059003.000112,059003.000373,+0.0000,+0.0000,0.961,+0.0000,0.4247,87979.5200
87973.277,,plain,059003.000180,059003.000503,+0.0000,+0.0000,0.961,+0.0000,0.5167,87973.2770
87962.198,,plain,059003.000095,059003.000358,+0.0000,+0.0000,0.961,+0.0000,0.4247,87962.1980
87935.507,,plain,059003.000091,059003.000354,+0.0000,+0.0000,0.961,+0.0000,1.1042,87935.5070
87895.570,,plain,059003.000123,059003.000381,+0.0000,+0.0000,0.961,+0.0000,0.7645,87895.5700
87888.208,,plain,059003.000112,059003.000371,+0.0000,+0.0000,0.961,+0.0000,0.3502,87888.2080
87882.279,,plain,059003.000111,059003.000365,+0.0000,+0.0000,0.961,+0.0000,0.5946,87882.2790
87855.618,,plain,059003.000106,059003.000360,+0.0000,+0.0000,0.961,+0.0000,0.8536,87855.6180
87810.022,,plain,059003.000095,059003.000357,+0.0000,+0.0000,0.961,+0.0000,0.5167,87810.0220
87799.569,,plain,059003.000114,059003.000468,+0.0000,+0.0000,0.961,+0.0000,0.8536,87799.5690
87789.385,,plain,059003.000181,059003.000510,+0.0000,+0.0000,0.961,+0.0000,0.6848,87789.3850
87777.420,,plain,059003.000043,059003.000322,+0.0000,+0.0000,0.961,+0.0000,0.5167,87777.4200
87743.308,,plain,059003.000098,059003.000358,+0.0000,+0.0000,0.961,+0.0000,0.4247,87743.3080
87733.084,,plain,059003.000126,059003.000389,+0.0000,+0.0000,0.961,+0.0000,0.7645,87733.0840
87705.907,,plain,059003.000091,059003.000352,+0.0000,+0.0000,0.961,+0.0000,1.0228,87705.9070
87687.519,,plain,059003.000096,059003.000356,+0.0000,+0.0000,0.961,+0.0000,1.1922,87687.5190
87630.376,,plain,059003.000135,059003.000488,+0.0000,+0.0000,0.961,+0.0000,0.6848,87630.3760
87622.299,,plain,059003.000112,059003.000366,+0.0000,+0.0000,0.961,+0.0000,0.4247,87622.2990
87610.229,,plain,059003.000058,059003.000338,+0.0000,+0.0000,0.961,+0.0000,1.0228,87610.2290
87606.710,,plain,059003.000135,059003.000487,+0.0000,+0.0000,0.961,+0.0000,0.5946,87606.7100
87588.909,,plain,059003.000126,059003.000388,+0.0000,+0.0000,0.961,+0.0000,0.8536,87588.9090
87575.798,,plain,059003.000132,059003.000401,+0.0000,+0.0000,0.961,+0.0000,0.8536,87575.7980
87564.771,,plain,059003.000181,059003.000507,+0.0000,+0.0000,0.961,+0.0000,0.8536,87564.7710
87505.296,,plain,059003.000114,059003.000367,+0.0000,+0.0000,0.961,+0.0000,1.0228,87505.2960
87487.521,,plain,059003.000131,059003.000394,+0.0000,+0.0000,0.961,+0.0000,0.8536,87487.5210
87470.394,,plain,059003.000102,059003.000461,+0.0000,+0.0000,0.961,+0.0000,0.1899,87470.3940
87462.896,,plain,059003.000096,059003.000354,+0.0000,+0.0000,0.961,+0.0000,1.1042,87462.8960
87417.401,,plain,059003.000120,059003.000375,+0.0000,+0.0000,0.961,+0.0000,1.0228,87417.4010
87357.168,,plain,059003.000126,059003.000476,+0.0000,+0.0000,0.961,+0.0000,0.8536,87357.1680
87301.485,,plain,059003.000126,059003.000386,+0.0000,+0.0000,0.961,+0.0000,0.6848,87301.4850
87270.007,,plain,059003.000097,059003.000353,+0.0000,+0.0000,0.961,+0.0000,0.6848,87270.0070
87255.479,,plain,059003.000052,059003.000331,+0.0000,+0.0000,0.961,+0.0000,1.0228,87255.4790
87233.698,,plain,059003.000096,059003.000352,+0.0000,+0.0000,0.961,+0.0000,1.0228,87233.6980
87214.383,,plain,059003.000135,059003.000405,+0.0000,+0.0000,0.961,+0.0000,0.6848,87214.3830
87209.891,,plain,059003.000131,059003.000392,+0.0000,+0.0000,0.961,+0.0000,0.6848,87209.8910
87205.484,,plain,059003.000106,059003.000359,+0.0000,+0.0000,0.961,+0.0000,0.7645,87205.4840
87070.614,h,plain,059003.000181,059003.000503,+0.0000,+0.0000,0.961,+0.0000,0.6848,87070.6140
87044.617,,plain,059003.000113,059003.000363,+0.0000,+0.0000,0.961,+0.0000,1.3617,87044.6170
87033.795,,plain,059003.000104,059003.000358,+0.0000,+0.0000,0.961,+0.0000,0.4247,87033.7950
87018.581,,plain,059003.000101,059003.000355,+0.0000,+0.0000,0.961,+0.0000,0.2548,87018.5810
86976.191,,plain,059003.000129,059003.000387,+0.0000,+0.0000,0.961,+0.0000,1.1922,86976.1910
86959.831,,plain,059003.000102,059003.000355,+0.0000,+0.0000,0.961,+0.0000,0.2548,86959.8310
86917.382,,plain,059003.000113,059003.000362,+0.0000,+0.0000,0.961,+0.0000,1.2741,86917.3820
86884.296,,plain,059003.000044,059003.000319,+0.0000,+0.0000,0.961,+0.0000,0.4247,86884.2960
86845.206,,plain,059003.000115,059003.000365,+0.0000,+0.0000,0.961,+0.0000,0.5946,86845.2060
86826.806,,plain,059003.000135,059003.000401,+0.0000,+0.0000,0.961,+0.0000,0.6848,86826.8060
86815.887,,plain,059003.000129,059003.000476,+0.0000,+0.0000,0.961,+0.0000,1.0228,86815.8870
86779.410,,plain,059003.000126,059003.000381,+0.0000,+0.0000,0.961,+0.0000,0.7645,86779.4100
86670.422,,plain,059003.000129,059003.000385,+0.0000,+0.0000,0.961,+0.0000,1.0228,86670.4220
86648.287,,plain,059003.000096,059003.000349,+0.0000,+0.0000,0.961,+0.0000,1.0228,86648.2870
86602.204,,plain,059003.000044,059003.000317,+0.0000,+0.0000,0.961,+0.0000,0.5167,86602.2040
86532.508,,plain,059003.000130,059003.000384,+0.0000,+0.0000,0.961,+0.0000,0.4247,86532.5080
86514.829,,plain,059003.000120,059003.000468,+0.0000,+0.0000,0.961,+0.0000,0.8536,86514.8290
86474.513,,plain,059003.000131,059003.000388,+0.0000,+0.0000,0.961,+0.0000,0.8536,86474.5130
86409.591,,plain,059003.000129,059003.000383,+0.0000,+0.0000,0.961,+0.0000,1.1922,86409.5910
86358.481,,plain,059003.000146,059003.000411,+0.0000,+0.0000,0.961,+0.0000,0.6848,86358.4810
86339.222,h,plain,059003.000150,059003.000496,-0.2879,+0.0000,0.961,+0.2766,0.5413,86338.9454
86290.888,,plain,059003.000123,059003.000468,+0.0000,+0.0000,0.961,+0.0000,0.7645,86290.8880
86244.296,,plain,059003.000131,059003.000476,+0.0000,+0.0000,0.961,+0.0000,0.8536,86244.2960
86220.416,,plain,059003.000120,059003.000367,+0.0000,+0.0000,0.961,+0.0000,1.0228,86220.4160
86176.508,,plain,059003.000123,059003.000370,+0.0000,+0.0000,0.961,+0.0000,0.7645,86176.5080
86153.629,,plain,059003.000119,059003.000365,+0.0000,+0.0000,0.961,+0.0000,0.5946,86153.6290
86145.917,,plain,059003.000129,059003.000379,+0.0000,+0.0000,0.961,+0.0000,1.1042,86145.9170
86140.672,,plain,059003.000129,059003.000378,+0.0000,+0.0000,0.961,+0.0000,1.0228,86140.6720
86098.520,,plain,059003.000131,059003.000385,+0.0000,+0.0000,0.961,+0.0000,0.8536,86098.5200
86093.196,,plain,059003.000184,059003.000503,+0.0000,+0.0000,0.961,+0.0000,0.5946,86093.1960
85925.031,,plain,059003.000058,059003.000330,+0.0000,+0.0000,0.961,+0.0000,0.8536,85925.0310
85862.027,,plain,059003.000105,059003.000350,+0.0000,+0.0000,0.961,+0.0000,0.5946,85862.0270
85804.075,,plain,059003.000132,059003.000388,+0.0000,+0.0000,0.961,+0.0000,0.9344,85804.0750
85704.198,,plain,059003.000151,059003.000413,+0.0000,+0.0000,0.961,+0.0000,0.8536,85704.1980
85076.698,,plain,059003.000052,059003.000320,+0.0000,+0.0000,0.961,+0.0000,1.0228,85076.6980
85060.198,,plain,059003.000126,059003.000370,+0.0000,+0.0000,0.961,+0.0000,0.7645,85060.1980
84994.405,,plain,059003.000132,059003.000381,+0.0000,+0.0000,0.961,+0.0000,0.8536,84994.4050
84897.873,cl,plain,059003.000132,059003.000378,+0.0000,+0.0000,0.961,+0.0000,0.9344,84897.8730
84896.072,cl,plain,059003.000115,059003.000357,+0.0000,+0.0000,0.961,+0.0000,0.5946,84896.0720
84764.508,,plain,059003.000119,059003.000462,+0.0000,+0.0000,0.961,+0.0000,0.5167,84764.5080
84761.123,,plain,059003.000156,059003.000412,+0.0000,+0.0000,0.961,+0.0000,1.0228,84761.1230
84616.400,,plain,059003.000139,059003.000479,+1.1375,+0.0000,0.961,-1.0931,0.9022,84617.4931
84612.976,,plain,059003.000120,059003.000359,+0.0000,+0.0000,0.961,+0.0000,0.8536,84612.9760
84571.974,h,plain,059003.000126,059003.000365,+0.0000,+0.0000,0.961,+0.0000,0.6848,84571.9740
84555.508,,plain,059003.000130,059003.000371,+0.0000,+0.0000,0.961,+0.0000,0.3502,84555.5080
84545.584,,plain,059003.000135,059003.000384,+0.0000,+0.0000,0.961,+0.0000,0.5167,84545.5840
84477.217,,plain,059003.000154,059003.000410,+0.0000,+0.0000,0.961,+0.0000,1.1922,84477.2170
84402.002,,plain,059003.000129,059003.000369,+0.0000,+0.0000,0.961,+0.0000,1.0228,84402.0020
84341.079,,plain,059003.000144,059003.000487,+0.0000,+0.0000,0.961,+0.0000,0.5167,84341.0790
84233.506,,plain,059003.000179,059003.000499,+0.0000,+0.0000,0.961,+0.0000,0.5946,84233.5060
84216.328,,plain,059003.000103,059003.000560,+0.0000,+0.0000,0.961,+0.0000,0.8536,84216.3280
84204.210,,plain,059003.000119,059003.000357,+0.0000,+0.0000,0.961,+0.0000,0.5946,84204.2100
84131.024,,plain,059003.000186,059003.000503,+0.0000,+0.0000,0.961,+0.0000,0.5167,84131.0240
84024.295,,plain,059003.000130,059003.000365,+0.0000,+0.0000,0.961,+0.0000,0.5167,84024.2950
83889.307,,plain,059003.000179,059003.000418,+0.0000,+0.0000,0.961,+0.0000,0.6848,83889.3070
83836.782,,plain,059003.000146,059003.000487,+0.0000,+0.0000,0.961,+0.0000,0.5946,83836.7820
83730.370,,plain,059003.000120,059003.000354,+0.0000,+0.0000,0.961,+0.0000,1.0228,83730.3700
83633.585,,plain,059003.000129,059003.000362,+0.0000,+0.0000,0.961,+0.0000,1.1922,83633.5850
83549.671,,plain,059003.000144,059003.000484,+0.0000,+0.0000,0.961,+0.0000,0.5167,83549.6710
83542.272,,plain,059003.000120,059003.000353,+0.0000,+0.0000,0.961,+0.0000,0.8536,83542.2720
83506.972,,plain,059003.000129,059003.000361,+0.0000,+0.0000,0.961,+0.0000,1.1042,83506.9720
83501.101,,plain,059003.000120,059003.000352,+0.0000,+0.0000,0.961,+0.0000,0.9344,83501.1010
83496.785,,plain,059003.000103,059003.000347,+0.0000,+0.0000,0.961,+0.0000,0.8536,83496.7850
83444.675,,plain,059003.000146,059003.000405,+0.0000,+0.0000,0.961,+0.0000,0.6848,83444.6750
83323.608,,plain,059003.000131,059003.000364,+0.0000,+0.0000,0.961,+0.0000,0.7645,83323.6080
83319.226,bl,plain,059003.000139,059003.000476,+1.1375,+0.0000,0.961,-1.0931,0.6624,83320.3191
83294.111,,plain,059003.000146,059003.000404,+0.0000,+0.0000,0.961,+0.0000,0.5946,83294.1110
83272.325,,plain,059003.000126,059003.000359,+0.0000,+0.0000,0.961,+0.0000,0.7645,83272.3250
83194.763,,plain,059003.000119,059003.000350,+0.0000,+0.0000,0.961,+0.0000,0.5946,83194.7630
83167.773,,plain,059003.000110,059003.000348,+0.0000,+0.0000,0.961,+0.0000,1.0228,83167.7730
83159.031,,plain,059003.000132,059003.000369,+0.0000,+0.0000,0.961,+0.0000,0.9344,83159.0310
83121.792,h,plain,059003.000133,059003.000467,+1.1220,+0.0000,0.961,-1.0782,0.6624,83122.8702
83118.197,h,plain,059003.000167,059003.000496,+0.0000,+0.0000,0.961,+0.0000,0.7645,83118.1970
83094.583,,plain,059003.000132,059003.000367,+0.0000,+0.0000,0.961,+0.0000,1.0228,83094.5830
83056.485,,plain,059003.000151,059003.000488,+0.0000,+0.0000,0.961,+0.0000,0.7645,83056.4850
83051.099,,plain,059003.000151,059003.000407,+0.0000,+0.0000,0.961,+0.0000,0.8536,83051.0990
83021.229,h,plain,059003.000144,059003.000395,+0.0000,+0.0000,0.961,+0.0000,0.3502,83021.2290
82762.815,,plain,059003.000181,059003.000418,+0.0000,+0.0000,0.961,+0.0000,0.7645,82762.8150
82729.767,**,plain,059003.000164,059003.000412,+0.0000,+0.0000,0.961,+0.0000,1.1042,82729.7670
82568.810,,plain,059003.000146,059003.000398,+0.0000,+0.0000,0.961,+0.0000,0.5167,82568.8100
82508.391,,plain,059003.000167,059003.000413,+0.0000,+0.0000,0.961,+0.0000,0.8536,82508.3910
82504.629,,plain,059003.000130,059003.000460,+0.0000,+0.0000,0.961,+0.0000,0.3502,82504.6290
82489.804,,plain,059003.000151,059003.000404,+0.0000,+0.0000,0.961,+0.0000,0.6848,82489.8040
82334.205,,plain,059003.000155,059003.000489,+0.0000,+0.0000,0.961,+0.0000,0.4247,82334.2050
82237.109,,plain,059003.000154,059003.000407,+0.0000,+0.0000,0.961,+0.0000,1.0228,82237.1090
82157.872,,plain,059003.000131,059003.000359,+0.0000,+0.0000,0.961,+0.0000,0.7645,82157.8720
82137.331,,plain,059003.000132,059003.000360,+0.0000,+0.0000,0.961,+0.0000,0.9344,82137.3310
82074.635,,plain,059003.000130,059003.000357,+0.0000,+0.0000,0.961,+0.0000,0.5167,82074.6350
82020.472,,plain,059003.000146,059003.000392,+0.0000,+0.0000,0.961,+0.0000,0.5946,82020.4720
82000.814,,plain,059003.000130,059003.000355,+0.0000,+0.0000,0.961,+0.0000,0.3502,82000.8140
81968.895,,plain,059003.000154,059003.000406,+0.0000,+0.0000,0.961,+0.0000,1.1042,81968.8950
81948.481,,plain,059003.000103,059003.000550,+0.0000,+0.0000,0.961,+0.0000,0.8536,81948.4810
81940.487,,plain,059003.000156,059003.000406,+0.0000,+0.0000,0.961,+0.0000,1.0228,81940.4870
81818.722,,plain,059003.000151,059003.000397,+0.0000,+0.0000,0.961,+0.0000,0.6848,81818.7220
81799.794,,plain,059003.000172,059003.000413,+0.0000,+0.0000,0.961,+0.0000,0.9344,81799.7940
81698.331,,plain,059003.000172,059003.000412,+0.0000,+0.0000,0.961,+0.0000,1.0228,81698.3310
81428.787,,plain,059003.000146,059003.000389,+0.0000,+0.0000,0.961,+0.0000,0.6848,81428.7870
81392.795,cl,plain,059003.000171,059003.000410,+0.0000,+0.0000,0.961,+0.0000,1.2741,81392.7950
81087.090,,plain,059003.000131,059003.000353,+0.0000,+0.0000,0.961,+0.0000,0.7645,81087.0900
81065.320,,plain,059003.000130,059003.000350,+0.0000,+0.0000,0.961,+0.0000,0.5167,81065.3200
81045.887,**,plain,059003.000153,059003.000483,+0.0000,+0.0000,0.961,+0.0000,0.5167,81045.8870
81002.217,,plain,059003.000110,059003.000552,+0.0000,+0.0000,0.961,+0.0000,1.1922,81002.2170
80994.686,,plain,059003.000155,059003.000397,+0.0000,+0.0000,0.961,+0.0000,0.5167,80994.6860
80867.168,,plain,059003.000153,059003.000482,+0.0000,+0.0000,0.961,+0.0000,0.6848,80867.1680
80774.991,,plain,059003.000146,059003.000384,+0.0000,+0.0000,0.961,+0.0000,0.5167,80774.9910
80679.829,,plain,059003.000107,059003.000341,+0.0000,+0.0000,0.961,+0.0000,0.6848,80679.8290
80578.417,h,plain,059003.000070,059003.000457,+0.0000,+0.0000,0.961,+0.0000,1.0228,80578.4170
80472.087,,plain,059003.000124,059003.000560,+0.0000,+0.0000,0.961,+0.0000,0.8536,80472.0870
80342.632,,plain,059003.000159,059003.000395,+0.0000,+0.0000,0.961,+0.0000,0.2548,80342.6320
80287.691,,plain,059003.000046,059003.000312,+0.0000,+0.0000,0.961,+0.0000,0.8536,80287.6910
80062.435,,plain,059003.000092,059003.000329,+0.0000,+0.0000,0.961,+0.0000,0.5167,80062.4350
79812.481,**,plain,059003.000153,059003.000389,+0.0000,+0.0000,0.961,+0.0000,0.6848,79812.4810
79670.993,,plain,059003.000151,059003.000381,+0.0000,+0.0000,0.961,+0.0000,0.7645,79670.9930
79594.896,,plain,059003.000041,059003.000308,+0.0000,+0.0000,0.961,+0.0000,0.6848,79594.8960
79495.300,,plain,059003.000151,059003.000377,+0.0000,+0.0000,0.961,+0.0000,0.7645,79495.3000
79447.035,,plain,059003.000103,059003.000333,+0.0000,+0.0000,0.961,+0.0000,1.0228,79447.0350
79381.013,,plain,059003.000153,059003.000386,+0.0000,+0.0000,0.961,+0.0000,0.5946,79381.0130
79302.705,,plain,059003.000144,059003.000371,+0.0000,+0.0000,0.961,+0.0000,0.3502,79302.7050
79247.402,,plain,059003.000167,059003.000403,+0.0000,+0.0000,0.961,+0.0000,0.8536,79247.4020
79159.393,,plain,059003.000153,059003.000384,+0.0000,+0.0000,0.961,+0.0000,0.5167,79159.3930
79145.915,,plain,059003.000172,059003.000407,+0.0000,+0.0000,0.961,+0.0000,0.9344,79145.9150
79029.704,**,plain,059003.000154,059003.000383,+0.0000,+0.0000,0.961,+0.0000,1.1922,79029.7040
79009.173,,plain,059003.000158,059003.000386,+0.0000,+0.0000,0.961,+0.0000,0.5167,79009.1730
78877.838,,plain,059003.000172,059003.000406,+0.0000,+0.0000,0.961,+0.0000,1.0228,78877.8380
78859.121,,plain,059003.000153,059003.000381,+0.0000,+0.0000,0.961,+0.0000,0.6848,78859.1210
78787.802,,plain,059003.000158,059003.000384,+0.0000,+0.0000,0.961,+0.0000,0.4247,78787.8020
78780.792,,plain,059003.000176,059003.000489,+0.0000,+0.0000,0.961,+0.0000,0.3502,78780.7920
78771.223,,plain,059003.000144,059003.000365,+0.0000,+0.0000,0.961,+0.0000,0.5167,78771.2230
78626.916,,plain,059003.000122,059003.000549,+0.0000,+0.0000,0.961,+0.0000,0.5167,78626.9160
78573.721,,plain,059003.000090,059003.000322,+0.0000,+0.0000,0.961,+0.0000,0.3502,78573.7210
78565.703,,plain,059003.000168,059003.000483,+0.0000,+0.0000,0.961,+0.0000,0.3502,78565.7030
78560.704,,plain,059003.000109,059003.000333,+0.0000,+0.0000,0.961,+0.0000,1.1922,78560.7040
78532.318,,plain,059003.000146,059003.000366,+0.0000,+0.0000,0.961,+0.0000,0.5167,78532.3180
78436.035,,plain,059003.000046,059003.000310,+0.0000,+0.0000,0.961,+0.0000,0.9344,78436.0350
78349.820,,plain,059003.000163,059003.000392,+0.0000,+0.0000,0.961,+0.0000,0.5167,78349.8200
78332.326,h,plain,059003.000145,059003.000364,+0.8698,+0.0000,0.961,-0.8358,0.5413,78333.1618
78312.399,,plain,059003.000094,059003.000542,+0.0000,+0.0000,0.961,+0.0000,0.1899,78312.3990
77880.218,,plain,059003.000160,059003.000384,+0.0000,+0.0000,0.961,+0.0000,0.5167,77880.2180
77704.002,,plain,059003.000173,059003.000396,+0.0000,+0.0000,0.961,+0.0000,0.8536,77704.0020
77579.585,,plain,059003.000160,059003.000381,+0.0000,+0.0000,0.961,+0.0000,0.6848,77579.5850
77530.384,,plain,059003.000124,059003.000342,+0.0000,+0.0000,0.961,+0.0000,1.0228,77530.3840
77453.096,**,plain,059003.000166,059003.000387,+0.0000,+0.0000,0.961,+0.0000,1.2741,77453.0960
77395.676,,plain,059003.000047,059003.000308,+0.0000,+0.0000,0.961,+0.0000,0.5167,77395.6760
77334.797,,plain,059003.000176,059003.000395,+0.0000,+0.0000,0.961,+0.0000,0.2548,77334.7970
77277.189,,plain,059003.000042,059003.000307,+0.0000,+0.0000,0.961,+0.0000,0.8536,77277.1890
77273.601,,plain,059003.000153,059003.000373,+0.0000,+0.0000,0.961,+0.0000,0.5167,77273.6010
77252.522,,plain,059003.000144,059003.000460,+0.0000,+0.0000,0.961,+0.0000,0.3502,77252.5220
77191.887,,plain,059003.000154,059003.000372,+0.0000,+0.0000,0.961,+0.0000,1.1922,77191.8870
77051.809,,plain,059003.000117,059003.000543,+0.0000,+0.0000,0.961,+0.0000,0.3502,77051.8090
76970.869,,plain,059003.000164,059003.000383,+0.0000,+0.0000,0.961,+0.0000,1.1922,76970.8690
76958.186,,plain,059003.000154,059003.000367,+0.0000,+0.0000,0.961,+0.0000,1.1042,76958.1860
76906.212,,plain,059003.000064,059003.000312,+0.0000,+0.0000,0.961,+0.0000,0.8536,76906.2120
76886.589,,plain,059003.000166,059003.000383,+0.0000,+0.0000,0.961,+0.0000,1.2741,76886.5890
76763.885,,plain,059003.000171,059003.000390,+0.0000,+0.0000,0.961,+0.0000,1.3617,76763.8850
76748.276,,plain,059003.000144,059003.000355,+0.0000,+0.0000,0.961,+0.0000,0.3502,76748.2760
76716.480,,plain,059003.000159,059003.000373,+0.0000,+0.0000,0.961,+0.0000,0.3502,76716.4800
76583.105,,plain,059003.000173,059003.000389,+0.0000,+0.0000,0.961,+0.0000,0.7645,76583.1050
76576.008,,plain,059003.000172,059003.000388,+0.0000,+0.0000,0.961,+0.0000,0.9344,76576.0080
76545.072,,plain,059003.000158,059003.000366,+0.0000,+0.0000,0.961,+0.0000,0.4247,76545.0720
76438.918,,plain,059003.000173,059003.000388,+0.0000,+0.0000,0.961,+0.0000,0.8536,76438.9180
76418.892,,plain,059003.000053,059003.000309,+0.0000,+0.0000,0.961,+0.0000,0.5167,76418.8920
76345.720,h,plain,059003.000172,059003.000476,+0.0000,+0.0000,0.961,+0.0000,0.9344,76345.7200
76317.995,,plain,059003.000146,059003.000357,+0.0000,+0.0000,0.961,+0.0000,0.5946,76317.9950
76279.285,h,plain,059003.000158,059003.000365,+0.0000,+0.0000,0.961,+0.0000,0.5167,76279.2850
76199.998,,plain,059003.000172,059003.000385,+0.0000,+0.0000,0.961,+0.0000,0.9344,76199.9980
76130.276,,plain,059003.000147,059003.000355,+0.0000,+0.0000,0.961,+0.0000,0.2548,76130.2760
76127.713,,plain,059003.000154,059003.000361,+0.0000,+0.0000,0.961,+0.0000,1.1042,76127.7130
76095.619,,plain,059003.000164,059003.000375,+0.0000,+0.0000,0.961,+0.0000,1.1042,76095.6190
76070.321,,plain,059003.000045,059003.000307,+0.0000,+0.0000,0.961,+0.0000,0.7645,76070.3210
76011.183,,plain,059003.000166,059003.000375,+0.0000,+0.0000,0.961,+0.0000,1.1922,76011.1830
75972.601,,plain,059003.000156,059003.000360,+0.0000,+0.0000,0.961,+0.0000,0.9344,75972.6010
75946.361,,plain,059003.000171,059003.000383,+0.0000,+0.0000,0.961,+0.0000,1.2741,75946.3610
75769.289,,plain,059003.000046,059003.000307,+0.0000,+0.0000,0.961,+0.0000,0.8536,75769.2890
75766.523,,plain,059003.000172,059003.000381,+0.0000,+0.0000,0.961,+0.0000,0.8536,75766.5230
75670.430,,plain,059003.000172,059003.000378,+0.0000,+0.0000,0.961,+0.0000,0.9344,75670.4300
75621.443,,plain,059003.000430,059003.000549,+0.0000,+0.0000,0.961,+0.0000,0.5167,75621.4430
75462.878,,plain,059003.000178,059003.000390,+0.0000,+0.0000,0.961,+0.0000,1.4440,75462.8780
75275.588,,plain,059003.000073,059003.000312,+0.0000,+0.0000,0.961,+0.0000,0.6848,75275.5880
75132.320,,plain,059003.000164,059003.000372,+0.0000,+0.0000,0.961,+0.0000,1.1922,75132.3200
75103.824,,plain,059003.000050,059003.000307,+0.0000,+0.0000,0.961,+0.0000,0.8536,75103.8240
75054.835,,plain,059003.000064,059003.000310,+0.0000,+0.0000,0.961,+0.0000,0.9344,75054.8350
74898.837,,plain,059003.000164,059003.000367,+0.0000,+0.0000,0.961,+0.0000,1.1042,74898.8370
74693.198,,plain,059003.000154,059003.000356,+0.0000,+0.0000,0.961,+0.0000,1.1922,74693.1980
74468.203,,plain,059003.000154,059003.000354,+0.0000,+0.0000,0.961,+0.0000,1.1042,74468.2030
74365.806,,plain,059003.000136,059003.000548,+0.0000,+0.0000,0.961,+0.0000,0.6848,74365.8060
74230.117,,plain,059003.000063,059003.000308,+0.0000,+0.0000,0.961,+0.0000,0.5167,74230.1170
74210.790,,plain,059003.000156,059003.000352,+0.0000,+0.0000,0.961,+0.0000,0.9344,74210.7900
74110.627,,plain,059003.000166,059003.000362,+0.0000,+0.0000,0.961,+0.0000,1.2741,74110.6270
74095.031,,plain,059003.000073,059003.000311,+0.0000,+0.0000,0.961,+0.0000,0.5946,74095.0310
74088.333,,plain,059003.000199,059003.000428,+0.3532,+0.0000,0.961,-0.3395,0.4256,74088.6725
74024.439,,plain,059003.000173,059003.000468,+0.0000,+0.0000,0.961,+0.0000,0.7645,74024.4390
73936.540,,plain,059003.000070,059003.000310,+0.0000,+0.0000,0.961,+0.0000,1.0228,73936.5400
73910.531,,plain,059003.000173,059003.000370,+0.0000,+0.0000,0.961,+0.0000,0.7645,73910.5310
73789.088,,plain,059003.000179,059003.000405,+0.0000,+0.0000,0.961,+0.0000,0.6848,73789.0880
73625.077,,plain,059003.000156,059003.000349,+0.0000,+0.0000,0.961,+0.0000,0.9344,73625.0770
73579.083,h,plain,059003.000124,059003.000323,+0.0000,+0.0000,0.961,+0.0000,1.0228,73579.0830
73415.360,,plain,059003.000180,059003.000404,+0.0000,+0.0000,0.961,+0.0000,0.5167,73415.3600
73401.435,h,plain,059003.000179,059003.000401,+0.0000,+0.0000,0.961,+0.0000,0.6848,73401.4350
73297.500,,plain,059003.000171,059003.000363,+0.0000,+0.0000,0.961,+0.0000,1.3617,73297.5000
73293.244,,plain,059003.000430,059003.000334,+0.0000,+0.0000,0.961,+0.0000,0.5167,73293.2440
73178.483,,plain,059003.000097,059003.000313,+0.0000,+0.0000,0.961,+0.0000,0.5946,73178.4830
72985.822,,plain,059003.000099,059003.000313,+0.0000,+0.0000,0.961,+0.0000,0.6848,72985.8220
72967.612,,plain,059003.000179,059003.000397,+0.0000,+0.0000,0.961,+0.0000,0.5946,72967.6120
72682.500,,plain,059003.000073,059003.000309,+0.0000,+0.0000,0.961,+0.0000,0.5167,72682.5000
72672.722,,plain,059003.000080,059003.000311,+0.0000,+0.0000,0.961,+0.0000,0.5946,72672.7220
72633.779,,plain,059003.000164,059003.000356,+0.0000,+0.0000,0.961,+0.0000,1.1922,72633.7790
72569.370,,plain,059003.000073,059003.000308,+0.0000,+0.0000,0.961,+0.0000,0.5946,72569.3700
72548.677,,plain,059003.000166,059003.000356,+0.0000,+0.0000,0.961,+0.0000,1.2741,72548.6770
72465.979,,plain,059003.000181,059003.000403,+0.0000,+0.0000,0.961,+0.0000,0.8536,72465.9790
72400.331,,plain,059003.000088,059003.000312,+0.0000,+0.0000,0.961,+0.0000,0.7645,72400.3310
72387.914,,plain,059003.000064,059003.000307,+0.0000,+0.0000,0.961,+0.0000,0.8536,72387.9140
72364.876,,plain,059003.000179,059003.000392,+0.0000,+0.0000,0.961,+0.0000,0.5946,72364.8760
72356.535,,plain,059003.000083,059003.000311,+0.0000,+0.0000,0.961,+0.0000,0.5167,72356.5350
72274.805,,plain,059003.000181,059003.000401,+0.0000,+0.0000,0.961,+0.0000,0.7645,72274.8050
72141.591,,plain,059003.000180,059003.000392,+0.0000,+0.0000,0.961,+0.0000,0.5167,72141.5910
72057.792,,plain,059003.000079,059003.000310,+0.0000,+0.0000,0.961,+0.0000,1.0228,72057.7920
72042.316,,plain,059003.000106,059003.000313,+0.0000,+0.0000,0.961,+0.0000,0.6848,72042.3160
71796.523,,plain,059003.000108,059003.000313,+0.0000,+0.0000,0.961,+0.0000,0.6848,71796.5230
71760.410,,plain,059003.000195,059003.000574,+0.5254,+0.0000,0.961,-0.5049,0.6664,71760.9149
71705.916,**,plain,059003.000076,059003.000309,+0.0000,+0.0000,0.961,+0.0000,0.4247,71705.9160
71695.691,,plain,059003.000183,059003.000395,-0.3551,+0.0000,0.961,+0.3413,0.1808,71695.3497
71650.793,,plain,059003.000197,059003.000577,+0.5074,+0.0000,0.961,-0.4876,0.7863,71651.2806
71570.325,,plain,059003.000195,059003.000573,+0.5254,+0.0000,0.961,-0.5049,0.5475,71570.8299
71564.331,,plain,059003.000041,059003.000299,+0.0000,+0.3532,0.961,+0.3395,0.5454,71563.9915
71534.902,,plain,059003.000184,059003.000404,+0.0000,+0.0000,0.961,+0.0000,0.5946,71534.9020
71472.420,,plain,059003.000173,059003.000357,+0.0000,+0.0000,0.961,+0.0000,0.6848,71472.4200
71420.407,,plain,059003.000111,059003.000313,+0.0000,+0.0000,0.961,+0.0000,0.5946,71420.4070
71406.428,,plain,059003.000078,059003.000309,+0.0000,+0.0000,0.961,+0.0000,0.3502,71406.4280
71368.617,,plain,059003.000197,059003.000576,+0.5074,+0.0000,0.961,-0.4876,0.7863,71369.1046
71338.181,,plain,059003.000042,059003.000448,+0.0000,+0.0000,0.961,+0.0000,0.8536,71338.1810
71320.476,,plain,059003.000069,059003.000307,+0.0000,+0.0000,0.961,+0.0000,0.8536,71320.4760
71303.387,,plain,059003.000099,059003.000312,+0.0000,+0.0000,0.961,+0.0000,0.7645,71303.3870
71296.212,,plain,059003.000194,059003.000572,+0.2590,+0.0000,0.961,-0.2489,0.5451,71296.4609
71280.570,,plain,059003.000195,059003.000572,+0.5254,+0.0000,0.961,-0.5049,0.5475,71281.0749
71260.094,,plain,059003.000080,059003.000309,+0.0000,+0.0000,0.961,+0.0000,0.5167,71260.0940
71219.898,,plain,059003.000088,059003.000311,+0.0000,+0.0000,0.961,+0.0000,0.6848,71219.8980
71152.399,,plain,059003.000203,059003.000426,+0.3561,+0.0000,0.961,-0.3422,0.7847,71152.7412
71146.824,,plain,059003.000080,059003.000308,+0.0000,+0.0000,0.961,+0.0000,0.5946,71146.8240
71120.171,,plain,059003.000179,059003.000384,+0.0000,+0.0000,0.961,+0.0000,0.5167,71120.1710
71062.498,,plain,059003.000430,059003.000322,+0.0000,+0.0000,0.961,+0.0000,0.4247,71062.4980
71060.079,cl,plain,059003.000196,059003.000421,+0.2509,+0.0000,0.961,-0.2411,0.5460,71060.3201
71058.910,cl,plain,059003.000042,059003.000299,+0.0000,+0.3532,0.961,+0.3395,0.6647,71058.5705
71048.712,h,plain,059003.000066,059003.000455,+0.0000,+0.0000,0.961,+0.0000,1.1922,71048.7120
71044.218,,plain,059003.000216,059003.000428,+0.0769,+0.0000,0.961,-0.0739,0.4240,71044.2919
71034.184,,plain,059003.000196,059003.000420,+0.2509,+0.0000,0.961,-0.2411,0.6651,71034.4251
71011.585,,plain,059003.000218,059003.000429,+0.3780,+0.0000,0.961,-0.3633,0.5463,71011.9483
70995.298,,plain,059003.000054,059003.000303,+0.0000,+0.0000,0.961,+0.0000,0.5946,70995.2980
70948.201,,plain,059003.000194,059003.000419,+0.2590,+0.0000,0.961,-0.2489,0.5451,70948.4499
70945.386,,plain,059003.000205,059003.000427,+0.3066,+0.0000,0.961,-0.2947,0.6656,70945.6807
70936.681,,plain,059003.000047,059003.000450,+0.0000,+0.0000,0.961,+0.0000,0.4247,70936.6810
70931.997,h,plain,059003.000195,059003.000419,+0.5254,+0.0000,0.961,-0.5049,0.5475,70932.5019
70906.699,,plain,059003.000082,059003.000308,+0.0000,+0.0000,0.961,+0.0000,0.6848,70906.6990
70895.430,bl,plain,059003.000112,059003.000313,+0.0000,+0.0000,0.961,+0.0000,0.5167,70895.4300
70889.265,,plain,059003.000220,059003.000429,+0.1164,+0.0000,0.961,-0.1118,0.5445,70889.3768
70884.526,,plain,059003.000062,059003.000305,+0.0000,+0.0000,0.961,+0.0000,0.7645,70884.5260
70851.690,cl,plain,059003.000194,059003.000571,+0.2590,+0.0000,0.961,-0.2489,0.4262,70851.9389
70834.980,h,plain,059003.000195,059003.000571,+0.5254,+0.0000,0.961,-0.5049,0.4293,70835.4849
70830.607,,plain,059003.000083,059003.000308,+0.0000,+0.0000,0.961,+0.0000,0.5167,70830.6070
70825.333,,plain,059003.000206,059003.000427,+0.4794,+0.0000,0.961,-0.4607,0.6680,70825.7937
70806.629,,plain,059003.000197,059003.000421,+0.5074,+0.0000,0.961,-0.4876,0.5485,70807.1166
70780.180,,plain,059003.000197,059003.000420,+0.5074,+0.0000,0.961,-0.4876,0.6672,70780.6676
70759.632,h,plain,059003.000041,059003.000296,+0.0000,+0.3946,0.961,+0.3792,0.5458,70759.2528
70714.505,,plain,059003.000206,059003.000426,+0.4794,+0.0000,0.961,-0.4607,0.7870,70714.9657
70627.763,,plain,059003.000217,059003.000428,+0.0000,+0.0000,0.961,+0.0000,0.5167,70627.7630
70613.233,,plain,059003.000057,059003.000454,+0.0000,+0.0000,0.961,+0.0000,1.0228,70613.2330
70582.631,,plain,059003.000060,059003.000304,+0.0000,+0.0000,0.961,+0.0000,0.7645,70582.6310
70548.822,,plain,059003.000088,059003.000310,+0.0000,+0.0000,0.961,+0.0000,0.8536,70548.8220
70473.842,,plain,059003.000085,059003.000309,+0.0000,+0.0000,0.961,+0.0000,0.5167,70473.8420
70419.011,h,plain,059003.000072,059003.000306,+0.0000,+0.0000,0.961,+0.0000,0.9344,70419.0110
70383.125,,plain,059003.000115,059003.000313,+0.0000,+0.0000,0.961,+0.0000,0.5946,70383.1250
70360.003,,plain,059003.000106,059003.000312,+0.0000,+0.0000,0.961,+0.0000,0.7645,70360.0030
70319.585,h,plain,059003.000053,059003.000452,+0.0000,+0.0000,0.961,+0.0000,0.6848,70319.5850
70276.887,,plain,059003.000086,059003.000309,+0.0000,+0.0000,0.961,+0.0000,0.3502,70276.8870
70268.432,h,plain,059003.000072,059003.000455,+0.0000,+0.0000,0.961,+0.0000,1.0228,70268.4320
70254.673,,plain,059003.000042,059003.000296,+0.0000,+0.3946,0.961,+0.3792,0.6650,70254.2938
70186.517,,plain,059003.000430,059003.000317,+0.0000,+0.0000,0.961,+0.0000,0.5167,70186.5170
70122.926,,plain,059003.000099,059003.000311,+0.0000,+0.0000,0.961,+0.0000,0.6848,70122.9260
70027.123,,plain,059003.000087,059003.000309,+0.0000,+0.0000,0.961,+0.0000,0.5167,70027.1230
69993.563,,plain,059003.000182,059003.000384,+0.9344,+0.0000,0.961,-0.8979,0.3011,69994.4609
69913.988,,plain,059003.000087,059003.000308,+0.0000,+0.0000,0.961,+0.0000,0.5946,69913.9880
69884.617,,plain,059003.000060,059003.000303,+0.0000,+0.0000,0.961,+0.0000,0.6848,69884.6170
69869.291,,plain,059003.000199,059003.000421,+0.3532,+0.0000,0.961,-0.3395,0.5446,69869.6305
69854.147,,plain,059003.000093,059003.000310,+0.0000,+0.0000,0.961,+0.0000,0.9344,69854.1470
69846.499,w,plain,059003.000053,059003.000450,+0.0000,+0.0000,0.961,+0.0000,0.5167,69846.4990
69738.116,,plain,059003.000111,059003.000312,+0.0000,+0.0000,0.961,+0.0000,0.6848,69738.1160
69693.932,,plain,059003.000088,059003.000308,+0.0000,+0.0000,0.961,+0.0000,0.6848,69693.9320
69638.999,,plain,059003.000069,059003.000305,+0.0000,+0.0000,0.961,+0.0000,0.8536,69638.9990
69547.274,,plain,059003.000203,059003.000576,+0.3561,+0.0000,0.961,-0.3422,0.7847,69547.6162
69506.281,,plain,059003.000104,059003.000311,+0.0000,+0.0000,0.961,+0.0000,0.5167,69506.2810
69504.004,,plain,059003.000089,059003.000309,+0.0000,+0.0000,0.961,+0.0000,0.3502,69504.0040
69496.321,,plain,059003.000105,059003.000311,+0.0000,+0.0000,0.961,+0.0000,0.5946,69496.3210
69466.629,,plain,059003.000054,059003.000450,+0.0000,+0.0000,0.961,+0.0000,0.5167,69466.6290
69448.205,,plain,059003.000062,059003.000303,+0.0000,+0.0000,0.961,+0.0000,0.6848,69448.2050
69433.169,,plain,059003.000132,059003.000457,+0.0000,+0.0000,0.961,+0.0000,0.9344,69433.1690
69377.577,,plain,059003.000121,059003.000313,+0.0000,+0.0000,0.961,+0.0000,0.5167,69377.5770
69334.187,,plain,059003.000080,059003.000307,+0.0000,+0.0000,0.961,+0.0000,0.6848,69334.1870
69299.824,,plain,059003.000063,059003.000303,+0.0000,+0.0000,0.961,+0.0000,0.5167,69299.8240
69268.429,h,plain,059003.000215,059003.000427,+0.3195,+0.0000,0.961,-0.3070,0.8462,69268.7360
69246.995,,plain,059003.000072,059003.000305,+0.0000,+0.0000,0.961,+0.0000,0.8536,69246.9950
69236.206,,plain,059003.000041,059003.000445,+0.0000,+0.0000,0.961,+0.0000,0.6848,69236.2060
69225.670,h,plain,059003.000123,059003.000313,+0.0000,+0.0000,0.961,+0.0000,0.6848,69225.6700
69179.401,,plain,059003.000106,059003.000311,+0.0000,+0.0000,0.961,+0.0000,0.6848,69179.4010
69164.806,h,plain,059003.000050,059003.000448,+0.0000,+0.0000,0.961,+0.0000,0.8536,69164.8060
69139.026,,plain,059003.000185,059003.000395,+0.0000,+0.0000,0.961,+0.0000,0.2548,69139.0260
69094.122,,plain,059003.000082,059003.000307,+0.0000,+0.0000,0.961,+0.0000,0.7645,69094.1220
69052.769,,plain,059003.000114,059003.000312,+0.0000,+0.0000,0.961,+0.0000,0.8536,69052.7690
69035.793,h,plain,059003.000197,059003.000572,+0.5074,+0.0000,0.961,-0.4876,0.5485,69036.2806
69021.978,,plain,059003.000095,059003.000309,+0.0000,+0.0000,0.961,+0.0000,0.4247,69021.9780
68919.890,h,plain,059003.000180,059003.000371,+0.0000,+0.0000,0.961,+0.0000,0.3502,68919.8900
68908.818,,plain,059003.000095,059003.000308,+0.0000,+0.0000,0.961,+0.0000,0.5167,68908.8180
68900.990,h,plain,059003.000069,059003.000304,+0.0000,+0.0000,0.961,+0.0000,0.8536,68900.9900
68880.814,,plain,059003.000079,059003.000306,+0.0000,+0.0000,0.961,+0.0000,1.0228,68880.8140
68870.289,h,plain,059003.000133,059003.000456,+1.1220,+0.0000,0.961,-1.0782,0.5427,68871.3672
68843.555,,plain,059003.000046,059003.000297,+0.0000,+0.4761,0.961,+0.4576,0.6665,68843.0974
68828.482,,plain,059003.000060,059003.000452,+0.0000,+0.0000,0.961,+0.0000,0.7645,68828.4820
68818.677,h,plain,059003.000237,059003.000429,+0.2936,+0.0000,0.961,-0.2822,0.5446,68818.9592
68789.757,,plain,059003.000097,059003.000308,+0.0000,+0.0000,0.961,+0.0000,0.5946,68789.7570
68763.248,,plain,059003.000060,059003.000451,+0.0000,+0.0000,0.961,+0.0000,0.6848,68763.2480
68747.322,,plain,059003.000046,059003.000296,+0.0000,+0.3946,0.961,+0.3792,0.6650,68746.9428
68730.562,bl,plain,059003.000079,059003.000455,+0.0000,+0.0000,0.961,+0.0000,1.1042,68730.5620
68700.996,,plain,059003.000115,059003.000312,+0.0000,+0.0000,0.961,+0.0000,0.6848,68700.9960
68654.243,,plain,059003.000240,059003.000602,+0.1099,+0.0000,0.961,-0.1056,0.3020,68654.3486
68646.520,,plain,059003.000218,059003.000427,+0.3780,+0.0000,0.961,-0.3633,0.6654,68646.8833
68610.075,,plain,059003.000134,059003.000456,-0.2318,+0.0000,0.961,+0.2227,0.5421,68609.8523
68597.274,,plain,059003.000099,059003.000308,+0.0000,+0.0000,0.961,+0.0000,0.6848,68597.2740
68592.094,,plain,059003.000231,059003.000428,+0.0000,+0.0000,0.961,+0.0000,0.5946,68592.0940
68577.604,,plain,059003.000199,059003.000574,+0.3532,+0.0000,0.961,-0.3395,0.6640,68577.9435
68558.228,h,plain,059003.000111,059003.000311,+0.0000,+0.0000,0.961,+0.0000,0.5946,68558.2280
68554.137,,plain,059003.000053,059003.000448,+0.0000,+0.0000,0.961,+0.0000,0.6848,68554.1370
68528.020,h,plain,059003.000219,059003.000426,+0.4455,+0.0000,0.961,-0.4281,1.0161,68528.4481
68521.080,,plain,059003.000206,059003.000420,+0.4794,+0.0000,0.961,-0.4607,0.6680,68521.5407
68508.439,,plain,059003.000106,059003.000310,+0.0000,+0.0000,0.961,+0.0000,0.8536,68508.4390
68417.419,h,plain,059003.000069,059003.000454,+0.0000,+0.0000,0.961,+0.0000,0.9344,68417.4190
68392.202,,plain,059003.000062,059003.000452,+0.0000,+0.0000,0.961,+0.0000,0.7645,68392.2020
68366.716,,plain,059003.000070,059003.000454,+0.0000,+0.0000,0.961,+0.0000,1.0228,68366.7160
68337.194,,plain,059003.000073,059003.000304,+0.0000,+0.0000,0.961,+0.0000,0.6848,68337.1940
68253.607,,plain,059003.000212,059003.000577,+0.4290,+0.0000,0.961,-0.4123,1.0068,68254.0193
68249.319,,plain,059003.000049,059003.000297,+0.0000,+0.4761,0.961,+0.4576,0.7857,68248.8614
68213.574,,plain,059003.000064,059003.000452,+0.0000,+0.0000,0.961,+0.0000,0.8536,68213.5740
68138.691,,plain,059003.000200,059003.000573,+0.3334,+0.0000,0.961,-0.3204,0.5431,68139.0114
68109.349,,plain,059003.000126,059003.000313,+0.0000,+0.0000,0.961,+0.0000,0.6848,68109.3490
68101.384,,plain,059003.000087,059003.000307,+0.0000,+0.0000,0.961,+0.0000,0.6848,68101.3840
68093.310,w,plain,059003.000104,059003.000309,+0.0000,+0.0000,0.961,+0.0000,0.4247,68093.3100
68083.769,,plain,059003.000105,059003.000309,+0.0000,+0.0000,0.961,+0.0000,0.5167,68083.7690
68049.839,,plain,059003.000236,059003.000428,+0.0000,+0.0000,0.961,+0.0000,0.5167,68049.8390
68032.433,,plain,059003.000112,059003.000311,+0.0000,+0.0000,0.961,+0.0000,0.5167,68032.4330
68025.123,w,plain,059003.000072,059003.000454,+0.0000,+0.0000,0.961,+0.0000,0.9344,68025.1230
68015.129,bl,plain,059003.000053,059003.000446,+0.0000,+0.0000,0.961,+0.0000,0.5946,68015.1290
67945.531,,plain,059003.000127,059003.000313,+1.0913,+0.0000,0.961,-1.0487,0.4228,67946.5797
67919.470,,plain,059003.000213,059003.000577,+0.0000,+0.0000,0.961,+0.0000,1.0228,67919.4700
67913.736,,plain,059003.000174,059003.000347,+0.0000,+0.0000,0.961,+0.0000,0.6848,67913.7360
67881.516,,plain,059003.000088,059003.000307,+0.0000,+0.0000,0.961,+0.0000,0.7645,67881.5160
67871.892,,plain,059003.000202,059003.000574,+0.0000,+0.0000,0.961,+0.0000,0.8536,67871.8920
67855.496,h,plain,059003.000214,059003.000577,+0.4323,+0.0000,0.961,-0.4154,0.7861,67855.9114
67770.790,,plain,059003.000063,059003.000450,+0.0000,+0.0000,0.961,+0.0000,0.4247,67770.7900
67681.617,,plain,059003.000202,059003.000573,+0.0000,+0.0000,0.961,+0.0000,0.7645,67681.6170
67660.043,bl,plain,059003.000205,059003.000575,+0.3066,+0.0000,0.961,-0.2947,0.7850,67660.3377
67653.505,,plain,059003.000106,059003.000308,+0.0000,+0.0000,0.961,+0.0000,0.6848,67653.5050
67639.038,,plain,059003.000073,059003.000303,+0.0000,+0.0000,0.961,+0.0000,0.5946,67639.0380
67632.820,,plain,059003.000210,059003.000421,+0.3296,+0.0000,0.961,-0.3168,0.5441,67633.1368
67630.717,,plain,059003.000241,059003.000429,+0.0000,+0.0000,0.961,+0.0000,0.8536,67630.7170
67607.029,,plain,059003.000210,059003.000420,+0.3296,+0.0000,0.961,-0.3168,0.6636,67607.3458
67581.496,,plain,059003.000223,059003.000427,+0.0000,+0.0000,0.961,+0.0000,0.6645,67581.4960
67574.469,,plain,059003.000239,059003.000428,+0.2858,+0.0000,0.961,-0.2746,0.4254,67574.7436
67572.722,,plain,059003.000214,059003.000576,+0.4323,+0.0000,0.961,-0.4154,0.7861,67573.1374
67563.318,h,plain,059003.000130,059003.000313,+0.0000,+0.0000,0.961,+0.0000,0.5167,67563.3180
67543.514,,plain,059003.000123,059003.000312,+0.0000,+0.0000,0.961,+0.0000,0.7645,67543.5140
67524.090,,plain,059003.000045,059003.000445,+0.0000,+0.0000,0.961,+0.0000,0.6848,67524.0900
67520.341,,plain,059003.000115,059003.000311,+0.0000,+0.0000,0.961,+0.0000,0.5946,67520.3410
67500.296,,plain,059003.000200,059003.000419,+0.3334,+0.0000,0.961,-0.3204,0.5431,67500.6164
67494.192,,plain,059003.000244,059003.000429,+0.3836,+0.0000,0.961,-0.3687,0.5457,67494.5607
67470.601,,plain,059003.000223,059003.000426,+0.0000,+0.0000,0.961,+0.0000,0.7841,67470.6010
67457.402,,plain,059003.000211,059003.000421,+0.3211,+0.0000,0.961,-0.3086,0.5442,67457.7106
67446.246,,plain,059003.000047,059003.000293,+0.0000,+0.0000,0.961,+0.0000,0.3502,67446.2460
67412.700,,plain,059003.000082,059003.000305,+0.0000,+0.0000,0.961,+0.0000,0.7645,67412.7000
67409.516,,plain,059003.000212,059003.000421,+0.4290,+0.0000,0.961,-0.4123,0.8344,67409.9283
67407.794,,plain,059003.000108,059003.000308,+0.0000,+0.0000,0.961,+0.0000,0.6848,67407.7940
67403.703,,plain,059003.000200,059003.000571,+0.3334,+0.0000,0.961,-0.3204,0.4237,67404.0234
67383.364,,plain,059003.000212,059003.000420,+0.4290,+0.0000,0.961,-0.4123,0.9168,67383.7763
67375.871,,plain,059003.000205,059003.000574,+0.3066,+0.0000,0.961,-0.2947,0.6656,67376.1657
67371.913,w,plain,059003.000088,059003.000306,+0.0000,+0.0000,0.961,+0.0000,0.8536,67371.9130
67355.436,,plain,059003.000226,059003.000427,+0.4095,+0.0000,0.961,-0.3935,0.9521,67355.8295
67343.159,,plain,059003.000246,059003.000429,+0.3176,+0.0000,0.961,-0.3052,0.5460,67343.4642
67201.095,,plain,059003.000114,059003.000310,+0.0000,+0.0000,0.961,+0.0000,0.9344,67201.0950
67144.785,,plain,059003.000111,059003.000309,+0.0000,+0.0000,0.961,+0.0000,0.5167,67144.7850
67113.470,h,plain,059003.000433,059003.000428,+0.1625,+0.0000,0.961,-0.1562,0.4220,67113.6262
67094.688,,plain,059003.000063,059003.000302,+0.0000,+0.1150,0.961,+0.1105,0.3026,67094.5775
67091.842,,plain,059003.000227,059003.000426,+0.4144,+0.0000,0.961,-0.3982,0.7871,67092.2402
67075.070,,plain,059003.000213,059003.000421,+0.0000,+0.0000,0.961,+0.0000,0.8536,67075.0700
67037.020,h,plain,059003.000047,059003.000445,+0.0000,+0.0000,0.961,+0.0000,0.5167,67037.0200
67031.772,,plain,059003.000111,059003.000308,+0.0000,+0.0000,0.961,+0.0000,0.5946,67031.7720
67008.316,w,plain,059003.000042,059003.000289,+0.0000,+0.3025,0.961,+0.2907,0.6670,67008.0253
66984.891,,plain,059003.000214,059003.000420,+0.4323,+0.0000,0.961,-0.4154,0.6669,66985.3064
66952.782,,plain,059003.000245,059003.000428,+0.2117,+0.0000,0.961,-0.2035,0.4231,66952.9855
66946.777,cl,plain,059003.000202,059003.000571,+0.0000,+0.0000,0.961,+0.0000,0.6848,66946.7770
66900.962,,plain,059003.000247,059003.000428,+0.0000,+0.0000,0.961,+0.0000,0.6848,66900.9620
66867.000,,plain,059003.000085,059003.000305,+0.0000,+0.0000,0.961,+0.0000,0.6848,66867.0000
66865.173,,plain,059003.000203,059003.000419,+0.3561,+0.0000,0.961,-0.3422,0.5462,66865.5152
66784.570,,plain,059003.000099,059003.000307,+0.0000,+0.0000,0.961,+0.0000,0.7645,66784.5700
66767.980,,plain,059003.000230,059003.000427,+0.3624,+0.0000,0.961,-0.3482,0.6659,66768.3282
66730.467,,plain,059003.000251,059003.000429,+0.2734,+0.0000,0.961,-0.2627,0.5438,66730.7297
66677.511,w,plain,059003.000093,059003.000306,+0.0000,+0.0000,0.961,+0.0000,0.9344,66677.5110
66663.109,,plain,059003.000076,059003.000303,+0.0000,+0.0000,0.961,+0.0000,0.5167,66663.1090
66626.639,w,plain,059003.000062,059003.000448,+0.0000,+0.0000,0.961,+0.0000,0.7645,66626.6390
66619.846,,plain,059003.000112,059003.000309,+0.0000,+0.0000,0.961,+0.0000,0.4247,66619.8460
66592.267,,plain,059003.000063,059003.000449,+0.0000,+0.0000,0.961,+0.0000,0.3502,66592.2670
66547.411,,plain,059003.000205,059003.000419,+0.3066,+0.0000,0.961,-0.2947,0.5466,66547.7057
66514.920,cl,plain,059003.000121,059003.000311,+0.0000,+0.0000,0.961,+0.0000,0.5167,66514.9200
66506.734,,plain,059003.000112,059003.000308,+0.0000,+0.0000,0.961,+0.0000,0.5167,66506.7340
66471.776,bl,plain,059003.000141,059003.000457,-0.3053,+0.0000,0.961,+0.2933,0.6621,66471.4827
66460.107,,plain,059003.000252,059003.000429,+0.0000,+0.0000,0.961,+0.0000,0.8536,66460.1070
66454.770,,plain,059003.000237,059003.000427,+0.2936,+0.0000,0.961,-0.2822,0.6640,66455.0522
66427.125,,plain,059003.000126,059003.000312,+0.0000,+0.0000,0.961,+0.0000,0.7645,66427.1250
66365.590,,plain,059003.000174,059003.000550,+0.0000,+0.0000,0.961,+0.0000,0.6848,66365.5900
66363.028,,plain,059003.000123,059003.000311,+0.0000,+0.0000,0.961,+0.0000,0.6848,66363.0280
66274.895,w,plain,059003.000099,059003.000306,+0.0000,+0.0000,0.961,+0.0000,0.8536,66274.8950
66262.239,cl,plain,059003.000127,059003.000312,+1.0913,+0.0000,0.961,-1.0487,0.5424,66263.2877
66169.332,,plain,059003.000064,059003.000299,+0.0000,+0.3532,0.961,+0.3395,0.6647,66168.9925
66138.092,,plain,059003.000141,059003.000456,-0.3053,+0.0000,0.961,+0.2933,0.5422,66137.7987
66128.564,w,plain,059003.000085,059003.000304,+0.0000,+0.0000,0.961,+0.0000,0.6848,66128.5640
66109.928,,plain,059003.000073,059003.000450,+0.0000,+0.0000,0.961,+0.0000,0.5167,66109.9280
66107.919,,plain,059003.000115,059003.000309,+0.0000,+0.0000,0.961,+0.0000,0.5167,66107.9190
66070.707,w,plain,059003.000066,059003.000301,+0.0000,+0.5100,0.961,+0.4901,0.9068,66070.2169
66067.571,,plain,059003.000213,059003.000575,+0.0000,+0.0000,0.961,+0.0000,1.0228,66067.5710
65976.381,,plain,059003.000082,059003.000303,+0.0000,+0.0000,0.961,+0.0000,0.6848,65976.3810
65947.186,,plain,059003.000053,059003.000445,+0.0000,+0.0000,0.961,+0.0000,0.5946,65947.1860
65939.881,w,plain,059003.000063,059003.000446,+0.0000,+0.0000,0.961,+0.0000,0.5167,65939.8810
65930.311,,plain,059003.000221,059003.000421,+0.2984,+0.0000,0.961,-0.2867,0.5434,65930.5977
65900.417,,plain,059003.000083,059003.000303,+0.0000,+0.0000,0.961,+0.0000,0.5167,65900.4170
65851.866,,plain,059003.000047,059003.000290,+0.0000,-0.0004,0.961,-0.0004,0.3027,65851.8664
65847.734,,plain,059003.000041,059003.000282,+0.0000,+0.0000,0.961,+0.0000,0.8536,65847.7340
65822.085,,plain,059003.000074,059003.000450,+0.0000,+0.0000,0.961,+0.0000,0.3502,65822.0850
65783.929,,plain,059003.000042,059003.000284,+0.0000,+0.0000,0.961,+0.0000,1.0228,65783.9290
65692.617,h,plain,059003.000123,059003.000310,+0.0000,+0.0000,0.961,+0.0000,0.8536,65692.6170
65681.916,h,plain,059003.000087,059003.000304,+0.0000,+0.0000,0.961,+0.0000,0.6848,65681.9160
65365.836,,plain,059003.000064,059003.000296,+0.0000,+0.3946,0.961,+0.3792,0.6650,65365.4568
63721.012,,plain,059003.000126,059003.000308,+0.0000,+0.0000,0.961,+0.0000,0.6848,63721.0120
63557.112,h,plain,059003.000127,059003.000308,+1.0913,+0.0000,0.961,-1.0487,0.4228,63558.1607
63296.907,,plain,059003.000154,059003.000457,+0.0000,+0.0000,0.961,+0.0000,1.0228,63296.9070
63286.929,,plain,059003.000130,059003.000309,+0.0000,+0.0000,0.961,+0.0000,0.4247,63286.9290
62712.746,,plain,059003.000135,059003.000311,+0.0000,+0.0000,0.961,+0.0000,0.5946,62712.7460
61680.881,,plain,059003.000141,059003.000312,-0.3053,+0.0000,0.961,+0.2933,0.5422,61680.5877
61628.642,,plain,059003.000070,059003.000291,+0.0000,+0.5850,0.961,+0.5622,0.7878,61628.0798
61539.631,,plain,059003.000148,059003.000313,+1.0665,+0.0000,0.961,-1.0249,0.4221,61540.6559
61446.421,h,plain,059003.000134,059003.000308,-0.2318,+0.0000,0.961,+0.2227,0.4225,61446.1983
61344.166,h,plain,059003.000096,059003.000301,+0.0000,+0.5100,0.961,+0.4901,0.7876,61343.6759
60677.151,,plain,059003.000063,059003.000283,+0.0000,+0.0000,0.961,+0.0000,0.3502,60677.1510
60452.835,,plain,059003.000064,059003.000282,+0.0000,+0.0000,0.961,+0.0000,0.9344,60452.8350
60205.386,,plain,059003.000172,059003.000457,+0.0000,+0.0000,0.961,+0.0000,0.9344,60205.3860
60055.406,,plain,059003.000096,059003.000297,+0.0000,+0.4761,0.961,+0.4576,0.7857,60054.9484
60019.763,,plain,059003.000101,059003.000298,+0.0000,+0.0000,0.961,+0.0000,0.2548,60019.7630
60016.879,,plain,059003.000070,059003.000443,+0.0000,+0.0000,0.961,+0.0000,1.1922,60016.8790
59959.375,,plain,059003.000096,059003.000296,+0.0000,+0.3946,0.961,+0.3792,0.7845,59958.9958
59775.932,,plain,059003.000070,059003.000284,+0.0000,+0.0000,0.961,+0.0000,1.1042,59775.9320
59749.187,,plain,059003.000078,059003.000290,+0.0000,-0.0004,0.961,-0.0004,0.1842,59749.1874
59734.514,h,plain,059003.000173,059003.000456,+0.0000,+0.0000,0.961,+0.0000,0.7645,59734.5140
59494.024,,plain,059003.000073,059003.000285,+0.0000,+0.1569,0.961,+0.1508,0.4221,59493.8732
59485.815,h,plain,059003.000121,059003.000453,+0.0000,+0.0000,0.961,+0.0000,0.3502,59485.8150
59386.407,,plain,059003.000133,059003.000306,+1.1220,+0.0000,0.961,-1.0782,0.6624,59387.4852
59346.017,,plain,059003.000150,059003.000312,-0.2879,+0.0000,0.961,+0.2766,0.5413,59345.7404
59315.321,,plain,059003.000076,059003.000288,+0.0000,+0.1481,0.961,+0.1423,0.3064,59315.1787
59012.819,,plain,059003.000113,059003.000301,+0.0000,+0.5100,0.961,+0.4901,0.9068,59012.3289
59000.673,,plain,059003.000111,059003.000299,+0.0000,+0.3532,0.961,+0.3395,0.4267,59000.3335
58959.516,,plain,059003.000095,059003.000293,+0.0000,+0.0000,0.961,+0.0000,0.3502,58959.5160
58868.925,,plain,059003.000112,059003.000449,+0.0000,+0.0000,0.961,+0.0000,0.3502,58868.9250
58819.101,,plain,059003.000106,059003.000296,+0.0000,+0.3946,0.961,+0.3792,0.5458,58818.7218
58790.606,,plain,059003.000126,059003.000303,+0.0000,+0.0000,0.961,+0.0000,0.6848,58790.6060
58745.223,,plain,059003.000081,059003.000288,+0.0000,+0.1481,0.961,+0.1423,0.3064,58745.0807
58626.786,h,plain,059003.000127,059003.000303,+1.0913,+0.0000,0.961,-1.0487,0.4228,58627.8347
58591.126,,plain,059003.000073,059003.000281,+0.0000,+0.2196,0.961,+0.2111,0.4242,58590.9149
58564.676,,plain,059003.000104,059003.000294,+0.0000,+0.0525,0.961,+0.0505,0.3020,58564.6255
58474.781,,plain,059003.000112,059003.000447,+0.0000,+0.0589,0.961,+0.0566,0.3021,58474.7244
58431.418,h,plain,059003.000097,059003.000445,+0.0000,+0.0000,0.961,+0.0000,0.5946,58431.4180
58382.297,h,plain,059003.000161,059003.000313,+1.0597,+0.0000,0.961,-1.0184,0.4220,58383.3154
58293.026,,plain,059003.000064,059003.000441,+0.0000,+0.4940,0.961,+0.4747,0.9691,58292.5513
58215.010,,plain,059003.000133,059003.000305,+1.1220,+0.0000,0.961,-1.0782,0.5427,58216.0882
58138.387,,plain,059003.000079,059003.000443,+0.0000,+0.0000,0.961,+0.0000,1.1922,58138.3870
58071.634,,plain,059003.000080,059003.000285,+0.0000,+0.1569,0.961,+0.1508,0.4221,58071.4832
58016.719,,plain,059003.000111,059003.000295,+0.0000,+0.0000,0.961,+0.0000,0.5167,58016.7190
57897.378,,plain,059003.000079,059003.000284,+0.0000,+0.0000,0.961,+0.0000,1.1042,57897.3780
57860.262,,plain,059003.000082,059003.000286,+0.0000,+0.0000,0.961,+0.0000,0.6848,57860.2620
57813.424,,plain,059003.000091,059003.000291,+0.0000,+0.5850,0.961,+0.5622,0.7878,57812.8618
57755.325,,plain,059003.000083,059003.000285,+0.0000,+0.1569,0.961,+0.1508,0.3027,57755.1742
57752.523,,plain,059003.000097,059003.000292,+0.0000,+0.2413,0.961,+0.2318,0.4258,57752.2912
57723.990,,plain,059003.000113,059003.000297,+0.0000,+0.4761,0.961,+0.4576,0.9052,57723.5324
57669.166,,plain,059003.000042,059003.000258,+0.0000,+0.0000,0.961,+0.0000,0.8536,57669.1660
57610.292,,plain,059003.000199,059003.000565,+0.3532,+0.0000,0.961,-0.3395,0.5446,57610.6315
57582.253,,plain,059003.000125,059003.000450,-0.2406,+0.0000,0.961,+0.2312,0.3031,57582.0218
57570.651,,plain,059003.000127,059003.000452,+1.0913,+0.0000,0.961,-1.0487,0.5424,57571.6997
57505.275,,plain,059003.000127,059003.000451,+1.0913,+0.0000,0.961,-1.0487,0.4228,57506.3237
57476.555,,plain,059003.000133,059003.000304,+1.1220,+0.0000,0.961,-1.0782,0.5427,57477.6332
57455.711,,plain,059003.000079,059003.000282,+0.0000,+0.0000,0.961,+0.0000,1.0228,57455.7110
57419.687,,plain,059003.000045,059003.000264,+0.0000,+0.2310,0.961,+0.2220,0.5425,57419.4650
57402.878,,plain,059003.000063,059003.000275,+0.0000,+0.2900,0.961,+0.2787,0.3079,57402.5993
57359.936,,plain,059003.000139,059003.000306,+1.1375,+0.0000,0.961,-1.0931,0.6624,57361.0291
57340.867,,plain,059003.000096,059003.000291,+0.0000,+0.5850,0.961,+0.5622,0.7878,57340.3048
57277.734,,plain,059003.000083,059003.000283,+0.0000,+0.0000,0.961,+0.0000,0.3502,57277.7340
57170.299,,plain,059003.000149,059003.000309,-0.2675,+0.0000,0.961,+0.2571,0.3011,57170.0419
56993.599,,plain,059003.000133,059003.000454,+1.1220,+0.0000,0.961,-1.0782,0.6624,56994.6772
56876.482,,plain,059003.000046,059003.000263,+0.0000,+0.3451,0.961,+0.3317,0.6653,56876.1503
56732.280,,plain,059003.000046,059003.000262,+0.0000,+0.2858,0.961,+0.2746,0.6635,56732.0054
56654.428,,plain,059003.000154,059003.000310,+0.0000,+0.0000,0.961,+0.0000,1.0228,56654.4280
56647.625,,plain,059003.000088,059003.000286,+0.0000,+0.0000,0.961,+0.0000,0.6848,56647.6250
56611.294,,plain,059003.000086,059003.000283,+0.0000,+0.0000,0.961,+0.0000,0.2548,56611.2940
56557.436,,plain,059003.000112,059003.000293,+0.0000,+0.0000,0.961,+0.0000,0.3502,56557.4360
56527.070,,plain,059003.000080,059003.000279,+0.0000,+0.0000,0.961,+0.0000,0.5167,56527.0700
56454.816,,plain,059003.000064,059003.000437,+0.0000,+0.0000,0.961,+0.0000,0.8536,56454.8160
56429.301,,plain,059003.000072,059003.000439,+0.0000,+0.0000,0.961,+0.0000,0.9344,56429.3010
56420.992,,plain,059003.000165,059003.000312,-0.3421,+0.0000,0.961,+0.3288,0.5416,56420.6632
56361.619,,plain,059003.000257,059003.000570,+0.0000,+0.0000,0.961,+0.0000,1.0228,56361.6190
56289.985,h,plain,059003.000125,059003.000448,-0.2406,+0.0000,0.961,+0.2312,0.5421,56289.7538
56278.448,,plain,059003.000219,059003.000566,+0.4455,+0.0000,0.961,-0.4281,0.9269,56278.8761
56251.950,,plain,059003.000063,059003.000271,+0.0000,+0.0000,0.961,+0.0000,0.3502,56251.9500
56210.568,,plain,059003.000050,059003.000263,+0.0000,+0.3451,0.961,+0.3317,0.6653,56210.2363
56160.973,,plain,059003.000046,059003.000258,+0.0000,+0.0000,0.961,+0.0000,0.8536,56160.9730
55994.643,,plain,059003.000111,059003.000292,+0.0000,+0.2413,0.961,+0.2318,0.4258,55994.4112
55969.388,h,plain,059003.000126,059003.000448,+0.0000,+0.0000,0.961,+0.0000,0.7645,55969.3880
55960.833,,plain,059003.000091,059003.000284,+0.0000,+0.0000,0.961,+0.0000,1.1042,55960.8330
55954.888,,plain,059003.000041,059003.000248,+0.0000,+0.0000,0.961,+0.0000,0.5425,55954.8880
55935.606,,plain,059003.000087,059003.000281,+0.0000,+0.2196,0.961,+0.2111,0.4242,55935.3949
55913.967,,plain,059003.000153,059003.000309,+0.0000,+0.0000,0.961,+0.0000,0.5167,55913.9670
55893.117,,plain,059003.000063,059003.000270,+0.0000,+0.0000,0.961,+0.0000,0.4247,55893.1170
55889.430,,plain,059003.000073,059003.000277,+0.0000,+0.0000,0.961,+0.0000,0.6848,55889.4300
55805.502,,plain,059003.000127,059003.000448,+1.0913,+0.0000,0.961,-1.0487,0.5424,55806.5507
55785.862,,plain,059003.000042,059003.000251,+0.0000,+0.2734,0.961,+0.2627,0.6634,55785.5993
55742.199,,plain,059003.000073,059003.000275,+0.0000,+0.2900,0.961,+0.2787,0.4259,55741.9203
55722.290,h,plain,059003.000133,059003.000452,+1.1220,+0.0000,0.961,-1.0782,0.5427,55723.3682
55715.829,,plain,059003.000088,059003.000281,+0.0000,+0.2196,0.961,+0.2111,0.5435,55715.6179
55689.771,,plain,059003.000126,059003.000299,+0.0000,+0.3532,0.961,+0.3395,0.5454,55689.4315
55645.673,,plain,059003.000041,059003.000245,+0.0000,+0.2117,0.961,+0.2035,0.5426,55645.4695
55527.727,,plain,059003.000041,059003.000244,+0.0000,+0.3836,0.961,+0.3687,0.5457,55527.3583
55519.406,**,plain,059003.000091,059003.000282,+0.0000,+0.0000,0.961,+0.0000,1.0228,55519.4060
55488.171,,plain,059003.000096,059003.000284,+0.0000,+0.0000,0.961,+0.0000,1.1042,55488.1710
55484.904,,plain,059003.000041,059003.000243,+0.0000,+0.0000,0.961,+0.0000,0.6848,55484.9040
55480.652,bl,plain,059003.000141,059003.000305,-0.3053,+0.0000,0.961,+0.2933,0.5422,55480.3587
55460.037,bl,plain,059003.000134,059003.000452,-0.2318,+0.0000,0.961,+0.2227,0.5421,55459.8143
55421.497,,plain,059003.000073,059003.000272,+0.0000,+0.0000,0.961,+0.0000,0.5946,55421.4970
55293.949,,plain,059003.000087,059003.000279,+0.0000,+0.0000,0.961,+0.0000,0.5167,55293.9490
55262.177,,plain,059003.000089,059003.000280,+0.0000,+0.0374,0.961,+0.0359,0.1807,55262.1411
55176.217,,plain,059003.000225,059003.000566,+0.4095,+0.0000,0.961,-0.3935,0.9521,55176.6105
55117.826,,plain,059003.000046,059003.000256,+0.0000,+0.0000,0.961,+0.0000,0.9344,55117.8260
55046.590,,plain,059003.000096,059003.000282,+0.0000,+0.0000,0.961,+0.0000,1.0228,55046.5900
54966.434,,plain,059003.000139,059003.000454,+1.1375,+0.0000,0.961,-1.0931,0.6624,54967.5271
54957.286,,plain,059003.000115,059003.000292,+0.0000,+0.2413,0.961,+0.2318,0.4258,54957.0542
54869.266,,plain,059003.000054,059003.000259,+0.0000,+0.0000,0.961,+0.0000,0.5946,54869.2660
54828.918,,plain,059003.000148,059003.000306,+1.0665,+0.0000,0.961,-1.0249,0.6618,54829.9429
54788.069,,plain,059003.000064,059003.000266,+0.0000,+0.0000,0.961,+0.0000,0.8536,54788.0690
54635.522,,plain,059003.000047,059003.000254,+0.0000,+0.0000,0.961,+0.0000,0.4247,54635.5220
54627.107,h,plain,059003.000242,059003.000567,+0.0000,+0.0000,0.961,+0.0000,1.1922,54627.1070
54623.108,,plain,059003.000057,059003.000263,+0.0000,+0.3451,0.961,+0.3317,0.7847,54622.7763
54618.784,,plain,059003.000099,059003.000281,+0.0000,+0.2196,0.961,+0.2111,0.5435,54618.5729
54575.293,,plain,059003.000131,059003.000299,+0.0000,+0.3532,0.961,+0.3395,0.5454,54574.9535
54551.802,,plain,059003.000041,059003.000234,+0.0000,+0.0000,0.961,+0.0000,0.7645,54551.8020
54548.229,,plain,059003.000046,059003.000252,+0.0000,+0.0000,0.961,+0.0000,0.9344,54548.2290
54452.265,,plain,059003.000050,059003.000256,+0.0000,+0.0000,0.961,+0.0000,0.9344,54452.2650
54447.400,,plain,059003.000082,059003.000438,+0.0000,+0.0000,0.961,+0.0000,0.6848,54447.4000
54445.323,,plain,059003.000076,059003.000272,+0.0000,+0.0000,0.961,+0.0000,0.5167,54445.3230
54407.435,,plain,059003.000230,059003.000566,+0.3624,+0.0000,0.961,-0.3482,0.6659,54407.7832
54401.103,,plain,059003.000079,059003.000276,+0.0000,+0.0000,0.961,+0.0000,1.0228,54401.1030
54393.472,,plain,059003.000041,059003.000235,+0.0000,+0.0000,0.961,+0.0000,0.6848,54393.4720
54319.666,cl,plain,059003.000080,059003.000275,+0.0000,+0.2900,0.961,+0.2787,0.4259,54319.3873
54303.141,,plain,059003.000074,059003.000271,+0.0000,+0.0000,0.961,+0.0000,0.2548,54303.1410
54296.804,,plain,059003.000069,059003.000268,+0.0000,+0.0000,0.961,+0.0000,0.8536,54296.8040
54290.998,,plain,059003.000151,059003.000306,+0.0000,+0.0000,0.961,+0.0000,0.8536,54290.9980
54278.064,,plain,059003.000046,059003.000251,+0.0000,+0.2734,0.961,+0.2627,0.6634,54277.8013
54265.575,**,plain,059003.000080,059003.000274,+0.0000,+0.0000,0.961,+0.0000,0.5167,54265.5750
54260.829,,plain,059003.000078,059003.000273,+0.0000,+0.0364,0.961,+0.0350,0.1850,54260.7940
54248.882,,plain,059003.000070,059003.000269,+0.0000,+0.0000,0.961,+0.0000,1.0228,54248.8820
54232.583,,plain,059003.000073,059003.000270,+0.0000,+0.0000,0.961,+0.0000,0.5167,54232.5830
54146.655,,plain,059003.000088,059003.000442,+0.0000,+0.0000,0.961,+0.0000,0.7645,54146.6550
54132.823,bl,plain,059003.000086,059003.000440,+0.0000,+0.0000,0.961,+0.0000,0.3502,54132.8230
54102.075,,plain,059003.000219,059003.000565,+0.4455,+0.0000,0.961,-0.4281,0.8455,54102.5031
54051.165,,plain,059003.000135,059003.000302,+0.0000,+0.1150,0.961,+0.1105,0.4221,54051.0545
53998.854,,plain,059003.000080,059003.000272,+0.0000,+0.0000,0.961,+0.0000,0.5946,53998.8540
53981.663,,plain,059003.000277,059003.000573,+0.0000,+0.0000,0.961,+0.0000,0.7645,53981.6630
53957.044,,plain,059003.000111,059003.000285,+0.0000,+0.1569,0.961,+0.1508,0.4221,53956.8932
53944.591,,plain,059003.000074,059003.000270,+0.0000,+0.0000,0.961,+0.0000,0.3502,53944.5910
53908.236,,plain,059003.000072,059003.000269,+0.0000,+0.0000,0.961,+0.0000,0.9344,53908.2360
53904.959,,plain,059003.000072,059003.000268,+0.0000,+0.0000,0.961,+0.0000,0.8536,53904.9590
53882.848,cl,plain,059003.000087,059003.000440,+0.0000,+0.0000,0.961,+0.0000,0.5167,53882.8480
53875.128,,plain,059003.000081,059003.000272,+0.0000,+0.0000,0.961,+0.0000,0.5167,53875.1280
53827.371,w,plain,059003.000165,059003.000309,-0.3421,+0.0000,0.961,+0.3288,0.3021,53827.0422
53815.580,,plain,059003.000045,059003.000244,+0.0000,+0.3836,0.961,+0.3687,0.5457,53815.2113
53782.874,,plain,059003.000063,059003.000265,+0.0000,+0.0000,0.961,+0.0000,0.4247,53782.8740
53772.719,h,plain,059003.000045,059003.000243,+0.0000,+0.0000,0.961,+0.0000,0.6848,53772.7190
53758.613,**,plain,059003.000060,059003.000259,+0.0000,+0.0000,0.961,+0.0000,0.6848,53758.6130
53756.012,,plain,059003.000047,059003.000248,+0.0000,+0.0000,0.961,+0.0000,0.3039,53756.0120
53733.397,,plain,059003.000073,059003.000268,+0.0000,+0.0000,0.961,+0.0000,0.6848,53733.3970
53721.073,,plain,059003.000069,059003.000266,+0.0000,+0.0000,0.961,+0.0000,0.8536,53721.0730
53675.598,,plain,059003.000106,059003.000281,+0.0000,+0.2196,0.961,+0.2111,0.5435,53675.3869
53665.541,,plain,059003.000046,059003.000246,+0.0000,+0.3176,0.961,+0.3052,0.6651,53665.2358
53657.571,,plain,059003.000148,059003.000305,+1.0665,+0.0000,0.961,-1.0249,0.5419,53658.5959
53615.306,,plain,059003.000076,059003.000271,+0.0000,+0.0000,0.961,+0.0000,0.3502,53615.3060
53612.631,,plain,059003.000050,059003.000251,+0.0000,+0.2734,0.961,+0.2627,0.6634,53612.3683
53571.103,,plain,059003.000101,059003.000279,+0.0000,+0.0000,0.961,+0.0000,0.3502,53571.1030
53545.663,,plain,059003.000053,059003.000254,+0.0000,+0.0000,0.961,+0.0000,0.5167,53545.6630
53533.706,,plain,059003.000085,059003.000275,+0.0000,+0.2900,0.961,+0.2787,0.4259,53533.4273
53452.323,,plain,059003.000093,059003.000442,+0.0000,+0.0000,0.961,+0.0000,0.8536,53452.3230
53397.782,,plain,059003.000113,059003.000443,+0.0000,+0.0000,0.961,+0.0000,1.2741,53397.7820
53377.913,,plain,059003.000046,059003.000241,+0.0000,+0.0000,0.961,+0.0000,0.9344,53377.9130
53361.880,,plain,059003.000126,059003.000445,+0.0000,+0.0000,0.961,+0.0000,0.6848,53361.8800
53359.540,,plain,059003.000091,059003.000441,+0.0000,+0.4940,0.961,+0.4747,1.0547,53359.0653
53333.876,,plain,059003.000198,059003.000563,+0.0000,+0.0000,0.961,+0.0000,0.6848,53333.8760
53324.550,,plain,059003.000063,059003.000261,+0.0000,+0.1869,0.961,+0.1796,0.3038,53324.3704
53322.299,,plain,059003.000062,059003.000259,+0.0000,+0.0000,0.961,+0.0000,0.6848,53322.2990
53311.895,,plain,059003.000045,059003.000239,+0.0000,+0.2858,0.961,+0.2746,0.5445,53311.6204
53289.309,,plain,059003.000063,059003.000260,+0.0000,+0.0000,0.961,+0.0000,0.3502,53289.3090
53285.729,,plain,059003.000047,059003.000243,+0.0000,+0.0000,0.961,+0.0000,0.5167,53285.7290
53268.554,,plain,059003.000057,059003.000257,+0.0000,+0.0000,0.961,+0.0000,1.1042,53268.5540
53256.813,,plain,059003.000076,059003.000270,+0.0000,+0.0000,0.961,+0.0000,0.4247,53256.8130
53235.123,,plain,059003.000088,059003.000438,+0.0000,+0.0000,0.961,+0.0000,0.6848,53235.1230
53224.811,,plain,059003.000130,059003.000293,+0.0000,+0.0000,0.961,+0.0000,0.3502,53224.8110
53213.139,,plain,059003.000085,059003.000272,+0.0000,+0.0000,0.961,+0.0000,0.5946,53213.1390
53200.740,,plain,059003.000081,059003.000436,+0.0000,+0.0000,0.961,+0.0000,0.5167,53200.7400
53197.542,,plain,059003.000132,059003.000297,+0.0000,+0.4761,0.961,+0.4576,0.6665,53197.0844
53165.500,,plain,059003.000054,059003.000254,+0.0000,+0.0000,0.961,+0.0000,0.5167,53165.5000
53156.882,,plain,059003.000113,059003.000284,+0.0000,+0.0000,0.961,+0.0000,1.1922,53156.8820
53101.559,,plain,059003.000132,059003.000296,+0.0000,+0.3946,0.961,+0.3792,0.6650,53101.1798
53088.503,cl,plain,059003.000041,059003.000224,+0.0000,+0.0000,0.961,+0.0000,0.6848,53088.5030
53087.009,cl,plain,059003.000087,059003.000275,+0.0000,+0.2900,0.961,+0.2787,0.4259,53086.7303
53084.501,,plain,059003.000082,059003.000436,+0.0000,+0.0000,0.961,+0.0000,0.6848,53084.5010
53075.598,,plain,059003.000041,059003.000223,+0.0000,+0.0000,0.961,+0.0000,0.5453,53075.5980
53049.978,,plain,059003.000099,059003.000442,+0.0000,+0.0000,0.961,+0.0000,0.7645,53049.9780
53041.171,,plain,059003.000114,059003.000284,+0.0000,+0.0000,0.961,+0.0000,1.0228,53041.1710
53018.562,,plain,059003.000050,059003.000247,+0.0000,+0.0000,0.961,+0.0000,0.8536,53018.5620
53010.690,,plain,059003.000046,059003.000239,+0.0000,+0.2858,0.961,+0.2746,0.6639,53010.4154
53008.471,,plain,059003.000083,059003.000436,+0.0000,+0.0000,0.961,+0.0000,0.5167,53008.4710
53004.730,,plain,059003.000067,059003.000265,+0.0000,+0.0000,0.961,+0.0000,0.5167,53004.7300
53000.012,,plain,059003.000050,059003.000246,+0.0000,+0.3176,0.961,+0.3052,0.6651,52999.7068
52980.412,,plain,059003.000120,059003.000289,+0.0000,+0.3025,0.961,+0.2907,0.6670,52980.1213
52957.851,,plain,059003.000062,059003.000258,+0.0000,+0.0000,0.961,+0.0000,0.7645,52957.8510
52914.760,,plain,059003.000054,059003.000253,+0.0000,+0.0000,0.961,+0.0000,0.5946,52914.7600
52886.911,,plain,059003.000096,059003.000441,+0.0000,+0.4940,0.961,+0.4747,1.0547,52886.4363
52865.044,,plain,059003.000540,059003.000271,+0.0000,+0.0000,0.961,+0.0000,0.1899,52865.0440
52852.724,,plain,059003.000083,059003.000271,+0.0000,+0.0000,0.961,+0.0000,0.3502,52852.7240
52849.010,,plain,059003.000050,059003.000244,+0.0000,+0.3836,0.961,+0.3687,0.6649,52848.6413
52846.693,,plain,059003.000059,059003.000257,+0.0000,+0.0000,0.961,+0.0000,1.1922,52846.6930
52839.992,,plain,059003.000045,059003.000234,+0.0000,+0.0000,0.961,+0.0000,0.7645,52839.9920
52821.155,h,plain,059003.000184,059003.000456,+0.0000,+0.0000,0.961,+0.0000,0.6848,52821.1550
52810.326,,plain,059003.000080,059003.000270,+0.0000,+0.0000,0.961,+0.0000,0.5167,52810.3260
52783.817,,plain,059003.000049,059003.000241,+0.0000,+0.0000,0.961,+0.0000,1.0228,52783.8170
52779.585,,plain,059003.000064,059003.000258,+0.0000,+0.0000,0.961,+0.0000,0.8536,52779.5850
52766.384,,plain,059003.000087,059003.000272,+0.0000,+0.0000,0.961,+0.0000,0.5946,52766.3840
52730.653,cl,plain,059003.000142,059003.000451,+0.8663,+0.0000,0.961,-0.8325,0.4212,52731.4855
52712.532,,plain,059003.000050,059003.000241,+0.0000,+0.0000,0.961,+0.0000,0.9344,52712.5320
52686.485,**,plain,059003.000081,059003.000270,+0.0000,+0.0000,0.961,+0.0000,0.4247,52686.4850
52681.489,,plain,059003.000045,059003.000235,+0.0000,+0.0000,0.961,+0.0000,0.6848,52681.4890
52641.912,,plain,059003.000101,059003.000278,+0.0000,+0.0000,0.961,+0.0000,0.2548,52641.9120
52570.294,,plain,059003.000042,059003.000223,+0.0000,+0.0000,0.961,+0.0000,0.6645,52570.2940
52546.315,cl,plain,059003.000088,059003.000272,+0.0000,+0.0000,0.961,+0.0000,0.6848,52546.3150
52538.780,,plain,059003.000046,059003.000234,+0.0000,+0.0000,0.961,+0.0000,0.8536,52538.7800
52515.164,,plain,059003.000138,059003.000449,+0.0000,+0.0000,0.961,+0.0000,0.2548,52515.1640
52497.238,,plain,059003.000199,059003.000563,+0.3532,+0.0000,0.961,-0.3395,0.5446,52497.5775
52493.965,,plain,059003.000083,059003.000270,+0.0000,+0.0000,0.961,+0.0000,0.4247,52493.9650
52470.881,h,plain,059003.000054,059003.000250,+0.0000,+0.0000,0.961,+0.0000,0.5946,52470.8810
52464.796,,plain,059003.000091,059003.000276,+0.0000,+0.0000,0.961,+0.0000,1.0228,52464.7960
52462.427,,plain,059003.000054,059003.000249,+0.0000,+0.1525,0.961,+0.1466,0.4221,52462.2804
52412.109,,plain,059003.000111,059003.000279,+0.0000,+0.0000,0.961,+0.0000,0.5167,52412.1090
52376.370,,plain,059003.000070,059003.000263,+0.0000,+0.3451,0.961,+0.3317,0.7847,52376.0383
52370.524,,plain,059003.000079,059003.000269,+0.0000,+0.0000,0.961,+0.0000,1.0228,52370.5240
52358.899,,plain,059003.000089,059003.000273,+0.0000,+0.0364,0.961,+0.0350,0.1850,52358.8640
52349.389,,plain,059003.000047,059003.000236,+0.0000,+0.0000,0.961,+0.0000,0.4247,52349.3890
52283.450,,plain,059003.000069,059003.000262,+0.0000,+0.2858,0.961,+0.2746,0.6635,52283.1754
52256.923,,plain,059003.000119,059003.000286,+0.0000,+0.0000,0.961,+0.0000,0.5946,52256.9230
52247.588,,plain,059003.000131,059003.000445,+0.0000,+0.0000,0.961,+0.0000,0.6848,52247.5880
52228.020,,plain,059003.000119,059003.000285,+0.0000,+0.1569,0.961,+0.1508,0.4221,52227.8692
52189.181,,plain,059003.000046,059003.000237,+0.0000,+0.2936,0.961,+0.2822,0.6640,52188.8988
52171.890,,plain,059003.000135,059003.000295,+0.0000,+0.0000,0.961,+0.0000,0.5167,52171.8900
52122.373,,plain,059003.000073,059003.000265,+0.0000,+0.0000,0.961,+0.0000,0.5167,52122.3730
52106.077,,plain,059003.000073,059003.000264,+0.0000,+0.2310,0.961,+0.2220,0.4230,52105.8550
52035.556,,plain,059003.000072,059003.000263,+0.0000,+0.3451,0.961,+0.3317,0.6653,52035.2243
52027.866,**,plain,059003.000054,059003.000247,+0.0000,+0.0000,0.961,+0.0000,0.6848,52027.8660
52024.317,,plain,059003.000085,059003.000270,+0.0000,+0.0000,0.961,+0.0000,0.5167,52024.3170
52018.475,,plain,059003.000041,059003.000219,+0.0000,+0.4455,0.961,+0.4281,0.8455,52018.0469
52016.713,,plain,059003.000115,059003.000281,+0.0000,+0.2196,0.961,+0.2111,0.4242,52016.5019
52010.492,,plain,059003.000041,059003.000218,+0.0000,+0.3780,0.961,+0.3633,0.5463,52010.1287
51992.211,,plain,059003.000096,059003.000276,+0.0000,+0.0000,0.961,+0.0000,1.0228,51992.2110
51962.873,,plain,059003.000097,059003.000275,+0.0000,+0.2900,0.961,+0.2787,0.4259,51962.5943
51943.088,,plain,059003.000121,059003.000286,+0.0000,+0.0000,0.961,+0.0000,0.5167,51943.0880
51897.263,,plain,059003.000047,059003.000233,+0.0000,-0.2887,0.961,-0.2775,0.3013,51897.5405
51891.579,,plain,059003.000072,059003.000262,+0.0000,+0.2858,0.961,+0.2746,0.6635,51891.3044
51875.885,,plain,059003.000046,059003.000230,+0.0000,+0.3624,0.961,+0.3482,0.6659,51875.5368
51873.300,,plain,059003.000050,059003.000234,+0.0000,+0.0000,0.961,+0.0000,0.8536,51873.3000
51872.033,,plain,059003.000088,059003.000436,+0.0000,+0.0000,0.961,+0.0000,0.6848,51872.0330
51860.603,,plain,059003.000108,059003.000442,+0.0000,+0.0000,0.961,+0.0000,0.7645,51860.6030
51821.368,,plain,059003.000047,059003.000232,+0.0000,+0.1234,0.961,+0.1186,0.3011,51821.2494
51815.618,,plain,059003.000054,059003.000243,+0.0000,+0.0000,0.961,+0.0000,0.5946,51815.6180
51804.104,,plain,059003.000060,059003.000253,+0.0000,+0.0000,0.961,+0.0000,0.6848,51804.1040
51791.651,,plain,059003.000202,059003.000563,+0.0000,+0.0000,0.961,+0.0000,0.7645,51791.6510
51766.826,,plain,059003.000083,059003.000267,+0.0000,+0.0000,0.961,+0.0000,0.5167,51766.8260
51736.484,,plain,059003.000064,059003.000256,+0.0000,+0.0000,0.961,+0.0000,0.9344,51736.4840
51719.919,,plain,059003.000073,059003.000262,+0.0000,+0.2858,0.961,+0.2746,0.4248,51719.6444
51712.323,,plain,059003.000069,059003.000258,+0.0000,+0.0000,0.961,+0.0000,0.8536,51712.3230
51709.917,,plain,059003.000150,059003.000303,-0.2879,+0.0000,0.961,+0.2766,0.4214,51709.6404
51663.888,,plain,059003.000073,059003.000261,+0.0000,+0.1869,0.961,+0.1796,0.4229,51663.7084
51640.140,,plain,059003.000126,059003.000289,+0.0000,+0.3025,0.961,+0.2907,0.5482,51639.8493
51635.315,,plain,059003.000047,059003.000229,+0.0000,+0.1856,0.961,+0.1784,0.3027,51635.1366
51622.839,,plain,059003.000062,059003.000255,+0.0000,+0.0000,0.961,+0.0000,0.7645,51622.8390
51568.694,,plain,059003.000234,059003.000565,+0.0000,+0.0000,0.961,+0.0000,0.7645,51568.6940
51523.735,,plain,059003.000050,059003.000237,+0.0000,+0.2936,0.961,+0.2822,0.6640,51523.4528
51521.694,,plain,059003.000104,059003.000438,+0.0000,+0.0000,0.961,+0.0000,0.5167,51521.6940
51513.200,,plain,059003.000073,059003.000259,+0.0000,+0.0000,0.961,+0.0000,0.5946,51513.2000
51505.083,,plain,059003.000042,059003.000218,+0.0000,+0.3780,0.961,+0.3633,0.6654,51504.7197
51494.922,,plain,059003.000082,059003.000266,+0.0000,+0.0000,0.961,+0.0000,0.7645,51494.9220
51460.233,,plain,059003.000066,059003.000257,+0.0000,+0.0000,0.961,+0.0000,1.1922,51460.2330
51449.593,,plain,059003.000099,059003.000272,+0.0000,+0.0000,0.961,+0.0000,0.6848,51449.5930
51444.696,,plain,059003.000064,059003.000255,+0.0000,+0.0000,0.961,+0.0000,0.8536,51444.6960
51412.482,,plain,059003.000057,059003.000246,+0.0000,+0.3176,0.961,+0.3052,0.7846,51412.1768
51376.449,,plain,059003.000045,059003.000224,+0.0000,+0.0000,0.961,+0.0000,0.6848,51376.4490
51363.706,,plain,059003.000045,059003.000223,+0.0000,+0.0000,0.961,+0.0000,0.5453,51363.7060
51360.117,,plain,059003.000060,059003.000250,+0.0000,+0.0000,0.961,+0.0000,0.6848,51360.1170
51325.111,,plain,059003.000119,059003.000281,+0.0000,+0.2196,0.961,+0.2111,0.4242,51324.8999
51304.260,,plain,059003.000041,059003.000213,+0.0000,+0.0000,0.961,+0.0000,0.8536,51304.2600
51288.391,,plain,059003.000046,059003.000226,+0.0000,+0.4095,0.961,+0.3935,0.9521,51287.9975
51259.337,,plain,059003.000053,059003.000236,+0.0000,+0.0000,0.961,+0.0000,0.5167,51259.3370
51219.141,,plain,059003.000063,059003.000253,+0.0000,+0.0000,0.961,+0.0000,0.5167,51219.1410
51194.865,,plain,059003.000106,059003.000438,+0.0000,+0.0000,0.961,+0.0000,0.6848,51194.8650
51174.666,,plain,059003.000060,059003.000248,+0.0000,+0.0000,0.961,+0.0000,0.5425,51174.6660
51166.967,,plain,059003.000064,059003.000252,+0.0000,+0.0000,0.961,+0.0000,0.9344,51166.9670
51165.161,w,plain,059003.000148,059003.000452,+1.0665,+0.0000,0.961,-1.0249,0.5419,51166.1859
51163.067,,plain,059003.000054,059003.000238,+0.0000,+0.1514,0.961,+0.1455,0.4258,51162.9215
51143.885,,plain,059003.000105,059003.000275,+0.0000,+0.2900,0.961,+0.2787,0.4259,51143.6063
51124.950,,plain,059003.000057,059003.000241,+0.0000,+0.0000,0.961,+0.0000,1.0228,51124.9500
51107.187,,plain,059003.000046,059003.000225,+0.0000,+0.4095,0.961,+0.3935,0.9521,51106.7935
51097.602,,plain,059003.000129,059003.000289,+0.0000,+0.3025,0.961,+0.2907,0.7861,51097.3113
51096.713,,plain,059003.000239,059003.000565,+0.2858,+0.0000,0.961,-0.2746,0.5445,51096.9876
51089.797,,plain,059003.000105,059003.000274,+0.0000,+0.0000,0.961,+0.0000,0.5167,51089.7970
51074.921,,plain,059003.000062,059003.000251,+0.0000,+0.2734,0.961,+0.2627,0.5438,51074.6583
51072.497,,plain,059003.000069,059003.000257,+0.0000,+0.0000,0.961,+0.0000,1.0228,51072.4970
51062.429,,plain,059003.000046,059003.000223,+0.0000,+0.0000,0.961,+0.0000,0.6645,51062.4290
51054.609,,plain,059003.000089,059003.000270,+0.0000,+0.0000,0.961,+0.0000,0.3502,51054.6090
51023.689,bl,plain,059003.000181,059003.000313,+0.0000,+0.0000,0.961,+0.0000,0.6848,51023.6890
51021.422,,plain,059003.000070,059003.000257,+0.0000,+0.0000,0.961,+0.0000,1.1042,51021.4220
51001.284,,plain,059003.000111,059003.000440,+0.0000,+0.0000,0.961,+0.0000,0.5167,51001.2840
50970.241,,plain,059003.000041,059003.000212,+0.0000,+0.4290,0.961,+0.4123,0.8344,50969.8287
50957.540,,plain,059003.000112,059003.000278,+0.0000,+0.0000,0.961,+0.0000,0.3502,50957.5400
50949.001,,plain,059003.000085,059003.000266,+0.0000,+0.0000,0.961,+0.0000,0.6848,50949.0010
50932.029,,plain,059003.000140,059003.000298,-0.3098,+0.0000,0.961,+0.2977,0.1812,50931.7313
50923.473,cl,plain,059003.000062,059003.000250,+0.0000,+0.0000,0.961,+0.0000,0.6848,50923.4730
50922.043,cl,plain,059003.000041,059003.000211,+0.0000,+0.3211,0.961,+0.3086,0.5442,50921.7344
50917.173,,plain,059003.000060,059003.000247,+0.0000,+0.0000,0.961,+0.0000,0.7645,50917.1730
50865.478,,plain,059003.000060,059003.000245,+0.0000,+0.2117,0.961,+0.2035,0.5426,50865.2745
50859.318,**,plain,059003.000123,059003.000281,+0.0000,+0.2196,0.961,+0.2111,0.5435,50859.1069
50851.714,,plain,059003.000099,059003.000437,+0.0000,+0.0000,0.961,+0.0000,0.7645,50851.7140
50846.335,,plain,059003.000078,059003.000265,+0.0000,+0.0000,0.961,+0.0000,0.3502,50846.3350
50832.818,,plain,059003.000104,059003.000272,+0.0000,+0.0000,0.961,+0.0000,0.5167,50832.8180
50823.129,,plain,059003.000105,059003.000272,+0.0000,+0.0000,0.961,+0.0000,0.5946,50823.1290
50807.151,,plain,059003.000053,059003.000233,+0.0000,-0.2887,0.961,-0.2775,0.4211,50807.4285
50799.326,,plain,059003.000114,059003.000442,+0.0000,+0.0000,0.961,+0.0000,0.8536,50799.3260
50775.131,,plain,059003.000063,059003.000250,+0.0000,+0.0000,0.961,+0.0000,0.5167,50775.1310
50770.439,,plain,059003.000059,059003.000242,+0.0000,+0.0000,0.961,+0.0000,1.2741,50770.4390
50766.807,,plain,059003.000063,059003.000249,+0.0000,+0.1525,0.961,+0.1466,0.3026,50766.6604
50759.078,,plain,059003.000173,059003.000307,+0.0000,+0.0000,0.961,+0.0000,0.7645,50759.0780
50746.663,,plain,059003.000041,059003.000210,+0.0000,+0.3296,0.961,+0.3168,0.5441,50746.3462
50729.285,,plain,059003.000241,059003.000565,+0.0000,+0.0000,0.961,+0.0000,0.8536,50729.2850
50728.282,,plain,059003.000108,059003.000277,+0.0000,+0.0000,0.961,+0.0000,0.7645,50728.2820
50719.301,,plain,059003.000047,059003.000432,+0.0000,+0.0000,0.961,+0.0000,0.3502,50719.3010
50716.884,,plain,059003.000053,059003.000231,+0.0000,+0.0000,0.961,+0.0000,0.5946,50716.8840
50712.178,,plain,059003.000098,059003.000271,+0.0000,+0.0000,0.961,+0.0000,0.3502,50712.1780
50704.797,,plain,059003.000060,059003.000243,+0.0000,+0.0000,0.961,+0.0000,0.6848,50704.7970
50694.079,,plain,059003.000049,059003.000226,+0.0000,+0.4095,0.961,+0.3935,1.0391,50693.6855
50687.910,,plain,059003.000076,059003.000261,+0.0000,+0.1869,0.961,+0.1796,0.3038,50687.7304
50674.810,,plain,059003.000126,059003.000286,+0.0000,+0.0000,0.961,+0.0000,0.6848,50674.8100
50669.086,,plain,059003.000069,059003.000256,+0.0000,+0.0000,0.961,+0.0000,0.9344,50669.0860
50622.041,,plain,059003.000208,059003.000563,+0.0000,+0.0000,0.961,+0.0000,0.6848,50622.0410
50617.995,,plain,059003.000070,059003.000256,+0.0000,+0.0000,0.961,+0.0000,1.0228,50617.9950
50611.128,,plain,059003.000060,059003.000241,+0.0000,+0.0000,0.961,+0.0000,0.8536,50611.1280
50545.206,,plain,059003.000053,059003.000229,+0.0000,+0.1856,0.961,+0.1784,0.4221,50545.0276
50512.908,,plain,059003.000049,059003.000225,+0.0000,+0.4095,0.961,+0.3935,1.0391,50512.5145
50500.180,h,plain,059003.000161,059003.000305,+1.0597,+0.0000,0.961,-1.0184,0.5418,50501.1984
50497.729,,plain,059003.000079,059003.000263,+0.0000,+0.3451,0.961,+0.3317,0.7847,50497.3973
50482.948,,plain,059003.000132,059003.000291,+0.0000,+0.5850,0.961,+0.5622,0.6690,50482.3858
50480.828,,plain,059003.000062,059003.000247,+0.0000,+0.0000,0.961,+0.0000,0.7645,50480.8280
50475.989,,plain,059003.000112,059003.000440,+0.0000,+0.0000,0.961,+0.0000,0.4247,50475.9890
50468.116,,plain,059003.000049,059003.000223,+0.0000,+0.0000,0.961,+0.0000,0.7841,50468.1160
50464.782,,plain,059003.000042,059003.000212,+0.0000,+0.4290,0.961,+0.4123,0.9168,50464.3697
50443.194,,plain,059003.000082,059003.000264,+0.0000,+0.2310,0.961,+0.2220,0.5425,50442.9720
50441.568,,plain,059003.000050,059003.000225,+0.0000,+0.4095,0.961,+0.3935,0.9521,50441.1745
50434.111,,plain,059003.000091,059003.000269,+0.0000,+0.0000,0.961,+0.0000,1.0228,50434.1110
50429.125,,plain,059003.000062,059003.000245,+0.0000,+0.2117,0.961,+0.2035,0.5426,50428.9215
50426.967,,plain,059003.000054,059003.000233,+0.0000,-0.2887,0.961,-0.2775,0.4211,50427.2445
50420.734,,plain,059003.000045,059003.000220,+0.0000,+0.1164,0.961,+0.1118,0.5445,50420.6222
50396.877,,plain,059003.000050,059003.000223,+0.0000,+0.0000,0.961,+0.0000,0.6645,50396.8770
50385.499,,plain,059003.000041,059003.000208,+0.0000,+0.0000,0.961,+0.0000,0.6848,50385.4990
50377.247,,plain,059003.000069,059003.000255,+0.0000,+0.0000,0.961,+0.0000,0.8536,50377.2470
50352.594,**,plain,059003.000078,059003.000260,+0.0000,+0.0000,0.961,+0.0000,0.2548,50352.5940
50311.152,,plain,059003.000062,059003.000244,+0.0000,+0.3836,0.961,+0.3687,0.5457,50310.7833
50298.294,,plain,059003.000045,059003.000218,+0.0000,+0.3780,0.961,+0.3633,0.5463,50297.9307
50283.927,,plain,059003.000064,059003.000246,+0.0000,+0.3176,0.961,+0.3052,0.6651,50283.6218
50282.333,,plain,059003.000088,059003.000266,+0.0000,+0.0000,0.961,+0.0000,0.7645,50282.3330
50268.461,,plain,059003.000062,059003.000243,+0.0000,+0.0000,0.961,+0.0000,0.6848,50268.4610
50260.197,,plain,059003.000108,059003.000272,+0.0000,+0.0000,0.961,+0.0000,0.6848,50260.1970
50213.181,,plain,059003.000101,059003.000271,+0.0000,+0.0000,0.961,+0.0000,0.2548,50213.1810
50204.934,,plain,059003.000111,059003.000275,+0.0000,+0.2900,0.961,+0.2787,0.4259,50204.6553
50201.230,,plain,059003.000082,059003.000263,+0.0000,+0.3451,0.961,+0.3317,0.5462,50200.8983
50166.905,cl,plain,059003.000093,059003.000269,+0.0000,+0.0000,0.961,+0.0000,0.9344,50166.9050
50164.993,cl,plain,059003.000054,059003.000229,+0.0000,+0.1856,0.961,+0.1784,0.4221,50164.8146
50149.774,,plain,059003.000135,059003.000292,+0.0000,+0.2413,0.961,+0.2318,0.4258,50149.5422
50133.050,,plain,059003.000064,059003.000244,+0.0000,+0.3836,0.961,+0.3687,0.6649,50132.6813
50119.888,,plain,059003.000063,059003.000243,+0.0000,+0.0000,0.961,+0.0000,0.5167,50119.8880
50099.622,cl,plain,059003.000069,059003.000252,+0.0000,+0.0000,0.961,+0.0000,0.9344,50099.6220
50082.262,,plain,059003.000081,059003.000260,+0.0000,+0.0000,0.961,+0.0000,0.3502,50082.2620
50052.251,,plain,059003.000060,059003.000238,+0.0000,+0.1514,0.961,+0.1455,0.5447,50052.1055
50048.444,,plain,059003.000070,059003.000252,+0.0000,+0.0000,0.961,+0.0000,1.0228,50048.4440
50035.076,,plain,059003.000114,059003.000439,+0.0000,+0.0000,0.961,+0.0000,0.9344,50035.0760
50027.391,,plain,059003.000047,059003.000431,+0.0000,+0.0000,0.961,+0.0000,0.3502,50027.3910
50005.124,,plain,059003.000046,059003.000219,+0.0000,+0.4455,0.961,+0.4281,0.9269,50004.6959
50002.447,,plain,059003.000104,059003.000271,+0.0000,+0.0000,0.961,+0.0000,0.3502,50002.4470
49997.100,**,plain,059003.000046,059003.000218,+0.0000,+0.3780,0.961,+0.3633,0.6654,49996.7367
49988.450,,plain,059003.000067,059003.000249,+0.0000,+0.1525,0.961,+0.1466,0.4221,49988.3034
49985.328,,plain,059003.000072,059003.000255,+0.0000,+0.0000,0.961,+0.0000,0.8536,49985.3280
49980.407,,plain,059003.000084,059003.000263,+0.0000,+0.3451,0.961,+0.3317,0.6653,49980.0753
49973.789,,plain,059003.000126,059003.000282,+0.0000,+0.0000,0.961,+0.0000,0.8536,49973.7890
49964.001,,plain,059003.000115,059003.000440,+0.0000,+0.0000,0.961,+0.0000,0.5167,49964.0010
49961.328,,plain,059003.000096,059003.000269,+0.0000,+0.0000,0.961,+0.0000,1.0228,49961.3280
49954.069,,plain,059003.000097,059003.000268,+0.0000,+0.0000,0.961,+0.0000,0.6848,49954.0690
49925.088,,plain,059003.000083,059003.000261,+0.0000,+0.1869,0.961,+0.1796,0.3038,49924.9084
49902.491,,plain,059003.000540,059003.000260,+0.0000,+0.0000,0.961,+0.0000,0.1899,49902.4910
49889.841,,plain,059003.000083,059003.000260,+0.0000,+0.0000,0.961,+0.0000,0.3502,49889.8410
49854.997,,plain,059003.000132,059003.000289,+0.0000,+0.3025,0.961,+0.2907,0.6670,49854.7063
49836.411,,plain,059003.000084,059003.000262,+0.0000,+0.2858,0.961,+0.2746,0.6635,49836.1364
49831.495,,plain,059003.000106,059003.000436,+0.0000,+0.0000,0.961,+0.0000,0.6848,49831.4950
49807.296,,plain,059003.000062,059003.000239,+0.0000,+0.2858,0.961,+0.2746,0.5445,49807.0214
49799.162,,plain,059003.000053,059003.000224,+0.0000,+0.0000,0.961,+0.0000,0.5946,49799.1620
49773.360,,plain,059003.000053,059003.000222,+0.0000,+0.0000,0.961,+0.0000,0.5167,49773.3600
49771.622,**,plain,059003.000060,059003.000234,+0.0000,+0.0000,0.961,+0.0000,0.7645,49771.6220
49764.438,,plain,059003.000099,059003.000269,+0.0000,+0.0000,0.961,+0.0000,0.8536,49764.4380
49761.668,,plain,059003.000099,059003.000268,+0.0000,+0.0000,0.961,+0.0000,0.7645,49761.6680
49753.596,,plain,059003.000063,059003.000240,+0.0000,+0.1099,0.961,+0.1056,0.3020,49753.4904
49742.851,,plain,059003.000126,059003.000281,+0.0000,+0.2196,0.961,+0.2111,0.5435,49742.6399
49726.306,**,plain,059003.000097,059003.000267,+0.0000,+0.0000,0.961,+0.0000,0.5946,49726.3060
49716.911,,plain,059003.000086,059003.000265,+0.0000,+0.0000,0.961,+0.0000,0.3502,49716.9110
49711.843,,plain,059003.000041,059003.000205,+0.0000,+0.3066,0.961,+0.2947,0.5466,49711.5483
49679.667,,plain,059003.000112,059003.000275,+0.0000,+0.2900,0.961,+0.2787,0.3079,49679.3883
49676.727,,plain,059003.000045,059003.000215,+0.0000,+0.3195,0.961,+0.3070,0.7561,49676.4200
49629.120,,plain,059003.000064,059003.000239,+0.0000,+0.2858,0.961,+0.2746,0.6639,49628.8454
49622.520,,plain,059003.000057,059003.000230,+0.0000,+0.3624,0.961,+0.3482,0.7852,49622.1718
49621.216,,plain,059003.000130,059003.000283,+0.0000,+0.0000,0.961,+0.0000,0.3502,49621.2160
49615.777,,plain,059003.000062,059003.000238,+0.0000,+0.1514,0.961,+0.1455,0.5447,49615.6315
49613.238,,plain,059003.000060,059003.000235,+0.0000,+0.0000,0.961,+0.0000,0.6848,49613.2380
49591.786,,plain,059003.000045,059003.000213,+0.0000,+0.0000,0.961,+0.0000,0.8536,49591.7860
49587.506,,plain,059003.000093,059003.000266,+0.0000,+0.0000,0.961,+0.0000,0.8536,49587.5060
49585.688,,plain,059003.000108,059003.000436,+0.0000,+0.0000,0.961,+0.0000,0.6848,49585.6880
49560.278,,plain,059003.000131,059003.000286,+0.0000,+0.0000,0.961,+0.0000,0.6848,49560.2780
49544.564,,plain,059003.000114,059003.000276,+0.0000,+0.0000,0.961,+0.0000,0.9344,49544.5640
49485.892,,plain,059003.000082,059003.000258,+0.0000,+0.0000,0.961,+0.0000,0.7645,49485.8920
49474.362,,plain,059003.000112,059003.000273,+0.0000,+0.0364,0.961,+0.0350,0.3032,49474.3270
49467.138,,plain,059003.000063,059003.000238,+0.0000,+0.1514,0.961,+0.1455,0.3078,49466.9925
49455.322,,plain,059003.000085,059003.000261,+0.0000,+0.1869,0.961,+0.1796,0.4229,49455.1424
49437.258,,plain,059003.000072,059003.000251,+0.0000,+0.2734,0.961,+0.2627,0.6634,49436.9953
49431.414,,plain,059003.000129,059003.000282,+0.0000,+0.0000,0.961,+0.0000,1.0228,49431.4140
49422.009,,plain,059003.000060,059003.000237,+0.0000,+0.2936,0.961,+0.2822,0.5446,49421.7268
49410.824,,plain,059003.000049,059003.000219,+0.0000,+0.4455,0.961,+0.4281,1.0161,49410.3959
49393.934,,plain,059003.000041,059003.000203,+0.0000,+0.3561,0.961,+0.3422,0.5462,49393.5918
49393.130,cl,plain,059003.000054,059003.000222,+0.0000,+0.0000,0.961,+0.0000,0.5167,49393.1300
49383.836,,plain,059003.000066,059003.000242,+0.0000,+0.0000,0.961,+0.0000,1.2741,49383.8360
49375.499,,plain,059003.000046,059003.000215,+0.0000,+0.3195,0.961,+0.3070,0.8462,49375.1920
49341.438,,plain,059003.000067,059003.000243,+0.0000,+0.0000,0.961,+0.0000,0.5946,49341.4380
49335.259,,plain,059003.000062,059003.000234,+0.0000,+0.0000,0.961,+0.0000,0.7645,49335.2590
49331.508,,plain,059003.000050,059003.000218,+0.0000,+0.3780,0.961,+0.3633,0.6654,49331.1447
49326.324,,plain,059003.000042,059003.000206,+0.0000,+0.4794,0.961,+0.4607,0.6680,49325.8633
49304.584,,plain,059003.000085,059003.000259,+0.0000,+0.0000,0.961,+0.0000,0.5946,49304.5840
49290.706,,plain,059003.000046,059003.000213,+0.0000,+0.0000,0.961,+0.0000,0.9344,49290.7060
49287.162,,plain,059003.000179,059003.000311,+0.0000,+0.0000,0.961,+0.0000,0.5946,49287.1620
49286.361,,plain,059003.000111,059003.000437,+0.0000,+0.0000,0.961,+0.0000,0.6848,49286.3610
49272.246,,plain,059003.000119,059003.000440,+0.0000,+0.0000,0.961,+0.0000,0.5167,49272.2460
49265.598,,plain,059003.000073,059003.000251,+0.0000,+0.2734,0.961,+0.2627,0.4246,49265.3353
49257.905,,plain,059003.000045,059003.000212,+0.0000,+0.4290,0.961,+0.4123,0.8344,49257.4927
49230.622,,plain,059003.000088,059003.000264,+0.0000,+0.2310,0.961,+0.2220,0.5425,49230.4000
49225.801,,plain,059003.000060,059003.000231,+0.0000,+0.0000,0.961,+0.0000,0.6848,49225.8010
49223.305,,plain,059003.000086,059003.000260,+0.0000,+0.0000,0.961,+0.0000,0.2548,49223.3050
49215.870,,plain,059003.000041,059003.000202,+0.0000,+0.0000,0.961,+0.0000,0.7645,49215.8700
49209.767,,plain,059003.000045,059003.000211,+0.0000,+0.3211,0.961,+0.3086,0.5442,49209.4584
49206.473,,plain,059003.000042,059003.000205,+0.0000,+0.3066,0.961,+0.2947,0.6656,49206.1783
49200.977,,plain,059003.000059,059003.000230,+0.0000,+0.3624,0.961,+0.3482,0.9047,49200.6288
49188.027,,plain,059003.000057,059003.000227,+0.0000,+0.4144,0.961,+0.3982,0.7871,49187.6288
49185.272,,plain,059003.000099,059003.000266,+0.0000,+0.0000,0.961,+0.0000,0.7645,49185.2720
49183.385,**,plain,059003.000063,059003.000236,+0.0000,+0.0000,0.961,+0.0000,0.4247,49183.3850
49176.827,,plain,059003.000062,059003.000235,+0.0000,+0.0000,0.961,+0.0000,0.6848,49176.8270
49165.416,,plain,059003.000070,059003.000246,+0.0000,+0.3176,0.961,+0.3052,0.7846,49165.1108
49159.712,,plain,059003.000053,059003.000221,+0.0000,+0.2984,0.961,+0.2867,0.4241,49159.4253
49157.200,,plain,059003.000064,059003.000234,+0.0000,+0.0000,0.961,+0.0000,0.8536,49157.2000
49142.608,,plain,059003.000079,059003.000257,+0.0000,+0.0000,0.961,+0.0000,1.1042,49142.6080
49134.980,,plain,059003.000105,059003.000268,+0.0000,+0.0000,0.961,+0.0000,0.6848,49134.9800
49114.440,,plain,059003.000073,059003.000250,+0.0000,+0.0000,0.961,+0.0000,0.5946,49114.4400
49105.904,cl,plain,059003.000073,059003.000249,+0.0000,+0.1525,0.961,+0.1466,0.4221,49105.7574
49034.487,,plain,059003.000045,059003.000210,+0.0000,+0.3296,0.961,+0.3168,0.5441,49034.1702
48956.826,,plain,059003.000046,059003.000212,+0.0000,+0.4290,0.961,+0.4123,0.9168,48956.4137
48945.161,,plain,059003.000070,059003.000242,+0.0000,+0.0000,0.961,+0.0000,1.1922,48945.1610
48929.112,,plain,059003.000073,059003.000248,+0.0000,+0.0000,0.961,+0.0000,0.4230,48929.1120
48907.267,,plain,059003.000105,059003.000267,+0.0000,+0.0000,0.961,+0.0000,0.5946,48907.2670
48888.637,,plain,059003.000042,059003.000203,+0.0000,+0.3561,0.961,+0.3422,0.6653,48888.2948
48886.274,,plain,059003.000149,059003.000298,-0.2675,+0.0000,0.961,+0.2571,0.1814,48886.0169
48877.909,,plain,059003.000070,059003.000241,+0.0000,+0.0000,0.961,+0.0000,1.0228,48877.9090
48859.328,,plain,059003.000131,059003.000282,+0.0000,+0.0000,0.961,+0.0000,0.8536,48859.3280
48857.847,,plain,059003.000087,059003.000259,+0.0000,+0.0000,0.961,+0.0000,0.5946,48857.8470
48853.815,,plain,059003.000057,059003.000225,+0.0000,+0.4095,0.961,+0.3935,1.0391,48853.4215
48847.014,,plain,059003.000115,059003.000272,+0.0000,+0.0000,0.961,+0.0000,0.5946,48847.0140
48844.081,,plain,059003.000119,059003.000438,+0.0000,+0.0000,0.961,+0.0000,0.5946,48844.0810
48843.175,,plain,059003.000072,059003.000247,+0.0000,+0.0000,0.961,+0.0000,0.8536,48843.1750
48833.181,,plain,059003.000076,059003.000254,+0.0000,+0.0000,0.961,+0.0000,0.4247,48833.1810
48824.597,,plain,059003.000072,059003.000246,+0.0000,+0.3176,0.961,+0.3052,0.6651,48824.2918
48817.995,,plain,059003.000106,059003.000268,+0.0000,+0.0000,0.961,+0.0000,0.7645,48817.9950
48809.106,,plain,059003.000057,059003.000223,+0.0000,+0.0000,0.961,+0.0000,0.7841,48809.1060
48807.510,,plain,059003.000064,059003.000237,+0.0000,+0.2936,0.961,+0.2822,0.6640,48807.2278
48789.435,,plain,059003.000062,059003.000231,+0.0000,+0.0000,0.961,+0.0000,0.6848,48789.4350
48779.630,,plain,059003.000054,059003.000221,+0.0000,+0.2984,0.961,+0.2867,0.4241,48779.3433
48766.523,,plain,059003.000059,059003.000227,+0.0000,+0.4144,0.961,+0.3982,0.9064,48766.1248
48761.175,,plain,059003.000049,059003.000214,+0.0000,+0.4323,0.961,+0.4154,0.7861,48760.7596
48758.819,,plain,059003.000041,059003.000200,+0.0000,+0.3334,0.961,+0.3204,0.5431,48758.4986
48739.213,,plain,059003.000079,059003.000256,+0.0000,+0.0000,0.961,+0.0000,1.0228,48739.2130
48733.227,,plain,059003.000046,059003.000210,+0.0000,+0.3296,0.961,+0.3168,0.6636,48732.9102
48731.092,,plain,059003.000063,059003.000233,+0.0000,-0.2887,0.961,-0.2775,0.3013,48731.3695
48722.637,,plain,059003.000047,059003.000211,+0.0000,+0.3211,0.961,+0.3086,0.3067,48722.3284
48710.320,**,plain,059003.000042,059003.000202,+0.0000,+0.0000,0.961,+0.0000,0.8536,48710.3200
48696.610,,plain,059003.000049,059003.000213,+0.0000,+0.0000,0.961,+0.0000,1.0228,48696.6100
48689.878,,plain,059003.000050,059003.000214,+0.0000,+0.4323,0.961,+0.4154,0.6669,48689.4626
48681.509,,plain,059003.000053,059003.000217,+0.0000,+0.0000,0.961,+0.0000,0.5167,48681.5090
48673.428,,plain,059003.000072,059003.000244,+0.0000,+0.3836,0.961,+0.3687,0.6649,48673.0593
48671.348,,plain,059003.000075,059003.000250,+0.0000,+0.0000,0.961,+0.0000,0.6848,48671.3480
48630.420,,plain,059003.000132,059003.000284,+0.0000,+0.0000,0.961,+0.0000,1.0228,48630.4200
48628.456,,plain,059003.000131,059003.000281,+0.0000,+0.2196,0.961,+0.2111,0.5435,48628.2449
48625.241,,plain,059003.000050,059003.000213,+0.0000,+0.0000,0.961,+0.0000,0.9344,48625.2410
48619.900,,plain,059003.000073,059003.000245,+0.0000,+0.2117,0.961,+0.2035,0.4231,48619.6965
48613.495,,plain,059003.000059,059003.000226,+0.0000,+0.4095,0.961,+0.3935,1.1321,48613.1015
48601.398,,plain,059003.000151,059003.000300,+0.0000,+0.1663,0.961,+0.1598,0.5433,48601.2382
48582.107,,plain,059003.000151,059003.000299,+0.0000,+0.3532,0.961,+0.3395,0.5454,48581.7675
48575.215,,plain,059003.000108,059003.000269,+0.0000,+0.0000,0.961,+0.0000,0.8536,48575.2150
48572.079,,plain,059003.000108,059003.000268,+0.0000,+0.0000,0.961,+0.0000,0.7645,48572.0790
48561.488,,plain,059003.000069,059003.000239,+0.0000,+0.2858,0.961,+0.2746,0.6639,48561.2134
48546.255,,plain,059003.000152,059003.000447,+0.0000,+0.0589,0.961,+0.0566,0.1832,48546.1984
48530.285,,plain,059003.000047,059003.000209,+0.0000,+0.3181,0.961,+0.3057,0.3058,48529.9793
48528.706,,plain,059003.000112,059003.000271,+0.0000,+0.0000,0.961,+0.0000,0.3502,48528.7060
48526.115,,plain,059003.000123,059003.000439,+0.0000,+0.0000,0.961,+0.0000,0.8536,48526.1150
48510.225,,plain,059003.000041,059003.000199,+0.0000,+0.3532,0.961,+0.3395,0.5446,48509.8855
48485.861,**,plain,059003.000075,059003.000248,+0.0000,+0.0000,0.961,+0.0000,0.5425,48485.8610
48476.155,,plain,059003.000119,059003.000275,+0.0000,+0.2900,0.961,+0.2787,0.4259,48475.8763
48469.314,,plain,059003.000063,059003.000229,+0.0000,+0.1856,0.961,+0.1784,0.3027,48469.1356
48461.870,,plain,059003.000095,059003.000265,+0.0000,+0.0000,0.961,+0.0000,0.4247,48461.8700
48459.192,,plain,059003.000073,059003.000243,+0.0000,+0.0000,0.961,+0.0000,0.5946,48459.1920
48450.410,,plain,059003.000089,059003.000260,+0.0000,+0.0000,0.961,+0.0000,0.2548,48450.4100
48445.482,,plain,059003.000095,059003.000264,+0.0000,+0.2310,0.961,+0.2220,0.3039,48445.2600
48442.783,,plain,059003.000082,059003.000256,+0.0000,+0.0000,0.961,+0.0000,0.8536,48442.7830
48432.340,,plain,059003.000059,059003.000225,+0.0000,+0.4095,0.961,+0.3935,1.1321,48431.9465
48422.000,,plain,059003.000119,059003.000274,+0.0000,+0.0000,0.961,+0.0000,0.5167,48422.0000
48405.172,,plain,059003.000067,059003.000236,+0.0000,+0.0000,0.961,+0.0000,0.5167,48405.1720
48378.498,,plain,059003.000123,059003.000438,+0.0000,+0.0000,0.961,+0.0000,0.6848,48378.4980
48362.633,,plain,059003.000049,059003.000212,+0.0000,+0.4290,0.961,+0.4123,1.0068,48362.2207
48349.797,,plain,059003.000154,059003.000301,+0.0000,+0.5100,0.961,+0.4901,0.7876,48349.3069
48342.830,,plain,059003.000097,059003.000265,+0.0000,+0.0000,0.961,+0.0000,0.5167,48342.8300
48326.501,,plain,059003.000097,059003.000264,+0.0000,+0.2310,0.961,+0.2220,0.4230,48326.2790
48308.199,,plain,059003.000060,059003.000224,+0.0000,+0.0000,0.961,+0.0000,0.6848,48308.1990
48301.292,,plain,059003.000054,059003.000217,+0.0000,+0.0000,0.961,+0.0000,0.5167,48301.2920
48294.035,,plain,059003.000158,059003.000302,+0.0000,+0.1150,0.961,+0.1105,0.3026,48293.9245
48291.264,,plain,059003.000050,059003.000212,+0.0000,+0.4290,0.961,+0.4123,0.9168,48290.8517
48273.427,,plain,059003.000088,059003.000258,+0.0000,+0.0000,0.961,+0.0000,0.7645,48273.4270
48262.760,,plain,059003.000081,059003.000254,+0.0000,+0.0000,0.961,+0.0000,0.4247,48262.7600
48250.112,,plain,059003.000067,059003.000235,+0.0000,+0.0000,0.961,+0.0000,0.5946,48250.1120
48241.919,,plain,059003.000106,059003.000266,+0.0000,+0.0000,0.961,+0.0000,0.7645,48241.9190
48228.517,,plain,059003.000075,059003.000247,+0.0000,+0.0000,0.961,+0.0000,0.7645,48228.5170
48222.077,,plain,059003.000084,059003.000256,+0.0000,+0.0000,0.961,+0.0000,0.9344,48222.0770
48196.230,,plain,059003.000111,059003.000268,+0.0000,+0.0000,0.961,+0.0000,0.6848,48196.2300
48175.427,,plain,059003.000047,059003.000207,+0.0000,+0.0720,0.961,+0.0692,0.3034,48175.3578
48169.767,,plain,059003.000072,059003.000239,+0.0000,+0.2858,0.961,+0.2746,0.6639,48169.4924
48161.249,,plain,059003.000181,059003.000311,+0.0000,+0.0000,0.961,+0.0000,0.6848,48161.2490
48157.840,,plain,059003.000123,059003.000277,+0.0000,+0.0000,0.961,+0.0000,0.7645,48157.8400
48150.048,,plain,059003.000093,059003.000262,+0.0000,+0.2858,0.961,+0.2746,0.6635,48149.7734
48138.557,,plain,059003.000076,059003.000250,+0.0000,+0.0000,0.961,+0.0000,0.5167,48138.5570
48135.934,,plain,059003.000080,059003.000253,+0.0000,+0.0000,0.961,+0.0000,0.5946,48135.9340
48133.760,,plain,059003.000099,059003.000264,+0.0000,+0.2310,0.961,+0.2220,0.5425,48133.5380
48111.875,,plain,059003.000135,059003.000285,+0.0000,+0.1569,0.961,+0.1508,0.4221,48111.7242
48108.265,,plain,059003.000159,059003.000302,+0.0000,+0.1150,0.961,+0.1105,0.1840,48108.1545
48099.586,,plain,059003.000053,059003.000215,+0.0000,+0.3195,0.961,+0.3070,0.6755,48099.2790
48089.845,,plain,059003.000069,059003.000234,+0.0000,+0.0000,0.961,+0.0000,0.8536,48089.8450
48088.555,,plain,059003.000096,059003.000263,+0.0000,+0.3451,0.961,+0.3317,0.7847,48088.2233
48070.449,,plain,059003.000083,059003.000254,+0.0000,+0.0000,0.961,+0.0000,0.4247,48070.4490
48035.629,,plain,059003.000123,059003.000276,+0.0000,+0.0000,0.961,+0.0000,0.8536,48035.6290
48012.063,,plain,059003.000081,059003.000253,+0.0000,+0.0000,0.961,+0.0000,0.5167,48012.0630
48004.844,,plain,059003.000042,059003.000199,+0.0000,+0.3532,0.961,+0.3395,0.6640,48004.5045
47998.188,,plain,059003.000073,059003.000239,+0.0000,+0.2858,0.961,+0.2746,0.4254,47997.9134
47996.070,,plain,059003.000108,059003.000266,+0.0000,+0.0000,0.961,+0.0000,0.7645,47996.0700
47976.724,,plain,059003.000045,059003.000204,+0.0000,+0.0000,0.961,+0.0000,0.7645,47976.7240
47968.553,**,plain,059003.000111,059003.000267,+0.0000,+0.0000,0.961,+0.0000,0.5946,47968.5530
47922.282,,plain,059003.000075,059003.000241,+0.0000,+0.0000,0.961,+0.0000,0.8536,47922.2820
47906.786,,plain,059003.000064,059003.000226,+0.0000,+0.4095,0.961,+0.3935,0.9521,47906.3925
47891.759,,plain,059003.000099,059003.000263,+0.0000,+0.3451,0.961,+0.3317,0.5462,47891.4273
47884.786,,plain,059003.000054,059003.000216,+0.0000,+0.0769,0.961,+0.0739,0.4240,47884.7121
47875.089,,plain,059003.000138,059003.000288,+0.0000,+0.1481,0.961,+0.1423,0.1901,47874.9467
47873.279,,plain,059003.000082,059003.000252,+0.0000,+0.0000,0.961,+0.0000,0.8536,47873.2790
47862.784,,plain,059003.000067,059003.000231,+0.0000,+0.0000,0.961,+0.0000,0.5946,47862.7840
47858.960,,plain,059003.000062,059003.000223,+0.0000,+0.0000,0.961,+0.0000,0.5453,47858.9600
47852.749,,plain,059003.000095,059003.000259,+0.0000,+0.0000,0.961,+0.0000,0.5167,47852.7490
47843.388,,plain,059003.000080,059003.000251,+0.0000,+0.2734,0.961,+0.2627,0.4246,47843.1253
47818.567,,plain,059003.000046,059003.000206,+0.0000,+0.4794,0.961,+0.4607,0.6680,47818.1063
47814.609,,plain,059003.000066,059003.000230,+0.0000,+0.3624,0.961,+0.3482,0.9047,47814.2608
47806.679,,plain,059003.000073,059003.000238,+0.0000,+0.1514,0.961,+0.1455,0.4258,47806.5335
47805.122,,plain,059003.000074,059003.000240,+0.0000,+0.1099,0.961,+0.1056,0.1830,47805.0164
47757.569,,plain,059003.000155,059003.000447,+0.0000,+0.0589,0.961,+0.0566,0.3021,47757.5124
47751.959,,plain,059003.000057,059003.000219,+0.0000,+0.4455,0.961,+0.4281,1.0161,47751.5309
47740.081,,plain,059003.000069,059003.000237,+0.0000,+0.2936,0.961,+0.2822,0.6640,47739.7988
47733.769,,plain,059003.000097,059003.000259,+0.0000,+0.0000,0.961,+0.0000,0.5946,47733.7690
47698.634,,plain,059003.000046,059003.000205,+0.0000,+0.3066,0.961,+0.2947,0.6656,47698.3393
47692.016,,plain,059003.000080,059003.000250,+0.0000,+0.0000,0.961,+0.0000,0.5946,47692.0160
47690.993,,plain,059003.000067,059003.000229,+0.0000,+0.1856,0.961,+0.1784,0.4221,47690.8146
47689.675,,plain,059003.000123,059003.000272,+0.0000,+0.0000,0.961,+0.0000,0.6848,47689.6750
47685.468,,plain,059003.000102,059003.000265,+0.0000,+0.0000,0.961,+0.0000,0.3502,47685.4680
47683.532,,plain,059003.000080,059003.000249,+0.0000,+0.1525,0.961,+0.1466,0.4221,47683.3854
47681.849,,plain,059003.000045,059003.000203,+0.0000,+0.3561,0.961,+0.3422,0.5462,47681.5068
47680.714,,plain,059003.000064,059003.000223,+0.0000,+0.0000,0.961,+0.0000,0.6645,47680.7140
47675.509,,plain,059003.000046,059003.000204,+0.0000,+0.0000,0.961,+0.0000,0.8536,47675.5090
47673.508,,plain,059003.000041,059003.000198,+0.0000,+0.0000,0.961,+0.0000,0.6848,47673.5080
47668.848,,plain,059003.000060,059003.000221,+0.0000,+0.2984,0.961,+0.2867,0.5434,47668.5613
47658.196,,plain,059003.000115,059003.000270,+0.0000,+0.0000,0.961,+0.0000,0.5167,47658.1960
47652.565,,plain,059003.000084,059003.000252,+0.0000,+0.0000,0.961,+0.0000,0.9344,47652.5650
47643.934,,plain,059003.000076,059003.000245,+0.0000,+0.2117,0.961,+0.2035,0.3040,47643.7305
47632.611,,plain,059003.000053,059003.000211,+0.0000,+0.3211,0.961,+0.3086,0.4250,47632.3024
47620.225,,plain,059003.000111,059003.000266,+0.0000,+0.0000,0.961,+0.0000,0.6848,47620.2250
47578.766,,plain,059003.000093,059003.000258,+0.0000,+0.0000,0.961,+0.0000,0.8536,47578.7660
47562.606,,plain,059003.000152,059003.000295,+0.0000,+0.0000,0.961,+0.0000,0.3502,47562.6060
47553.219,,plain,059003.000063,059003.000432,+0.0000,+0.0000,0.961,+0.0000,0.3502,47553.2190
47540.830,,plain,059003.000099,059003.000259,+0.0000,+0.0000,0.961,+0.0000,0.6848,47540.8300
47440.171,,plain,059003.000053,059003.000209,+0.0000,+0.3181,0.961,+0.3057,0.4244,47439.8653
47379.900,,plain,059003.000066,059003.000227,+0.0000,+0.4144,0.961,+0.3982,0.9064,47379.5018
47348.290,,plain,059003.000072,059003.000237,+0.0000,+0.2936,0.961,+0.2822,0.6640,47348.0078
47315.771,,plain,059003.000120,059003.000437,+0.0000,+0.0000,0.961,+0.0000,0.8536,47315.7710
47232.440,,plain,059003.000062,059003.000221,+0.0000,+0.2984,0.961,+0.2867,0.5434,47232.1533
47104.490,,plain,059003.000049,059003.000205,+0.0000,+0.3066,0.961,+0.2947,0.7850,47104.1953
47102.290,,plain,059003.000057,059003.000214,+0.0000,+0.4323,0.961,+0.4154,0.7861,47101.8746
47046.880,,plain,059003.000045,059003.000200,+0.0000,+0.3334,0.961,+0.3204,0.5431,47046.5596
47033.221,,plain,059003.000050,059003.000205,+0.0000,+0.3066,0.961,+0.2947,0.6656,47032.9263
46924.770,,plain,059003.000075,059003.000235,+0.0000,+0.0000,0.961,+0.0000,0.6848,46924.7700
46919.310,**,plain,059003.000067,059003.000222,+0.0000,+0.0000,0.961,+0.0000,0.5167,46919.3100
46802.990,,plain,059003.000091,059003.000256,+0.0000,+0.0000,0.961,+0.0000,1.0228,46802.9900
46798.280,,plain,059003.000045,059003.000199,+0.0000,+0.3532,0.961,+0.3395,0.5446,46797.9405
46788.400,,plain,059003.000084,059003.000247,+0.0000,+0.0000,0.961,+0.0000,0.8536,46788.4000
46786.650,,plain,059003.000049,059003.000203,+0.0000,+0.3561,0.961,+0.3422,0.7847,46786.3078
46716.101,,plain,059003.000054,059003.000208,+0.0000,+0.0000,0.961,+0.0000,0.5946,46716.1010
46715.340,,plain,059003.000050,059003.000203,+0.0000,+0.3561,0.961,+0.3422,0.6653,46714.9978
46703.689,,plain,059003.000057,059003.000212,+0.0000,+0.4290,0.961,+0.4123,1.0068,46703.2767
46700.911,,plain,059003.000086,059003.000249,+0.0000,+0.1525,0.961,+0.1466,0.1840,46700.7644
46680.680,w,plain,059003.000059,059003.000214,+0.0000,+0.4323,0.961,+0.4154,0.9055,46680.2646
46672.091,w,plain,059003.000047,059003.000201,+0.0000,+0.2994,0.961,+0.2877,0.3042,46671.8033
46658.220,,plain,059003.000069,059003.000225,+0.0000,+0.4095,0.961,+0.3935,0.9521,46657.8265
46651.690,w,plain,059003.000071,059003.000227,+0.0000,+0.4144,0.961,+0.3982,1.0259,46651.2918
46600.281,,plain,059003.000138,059003.000283,+0.0000,+0.0000,0.961,+0.0000,0.2548,46600.2810
46562.350,,plain,059003.000070,059003.000223,+0.0000,+0.0000,0.961,+0.0000,0.7841,46562.3500
46558.401,,plain,059003.000108,059003.000262,+0.0000,+0.2858,0.961,+0.2746,0.5440,46558.1264
46537.210,w,plain,059003.000050,059003.000202,+0.0000,+0.0000,0.961,+0.0000,0.8536,46537.2100
46535.890,,plain,059003.000093,059003.000256,+0.0000,+0.0000,0.961,+0.0000,0.9344,46535.8900
46497.060,,plain,059003.000046,059003.000199,+0.0000,+0.3532,0.961,+0.3395,0.6640,46496.7205
46447.510,,plain,059003.000072,059003.000226,+0.0000,+0.4095,0.961,+0.3935,0.9521,46447.1165
46390.590,,plain,059003.000088,059003.000251,+0.0000,+0.2734,0.961,+0.2627,0.5438,46390.3273
46377.031,,plain,059003.000129,059003.000276,+0.0000,+0.0000,0.961,+0.0000,1.0228,46377.0310
46233.560,,plain,059003.000091,059003.000252,+0.0000,+0.0000,0.961,+0.0000,1.0228,46233.5600
46225.881,w,plain,059003.000120,059003.000268,+0.0000,+0.0000,0.961,+0.0000,0.8536,46225.8810
46221.549,w,plain,059003.000072,059003.000223,+0.0000,+0.0000,0.961,+0.0000,0.6645,46221.5490
46144.191,,plain,059003.000082,059003.000238,+0.0000,+0.1514,0.961,+0.1455,0.5447,46144.0455
46115.031,,plain,059003.000084,059003.000239,+0.0000,+0.2858,0.961,+0.2746,0.6639,46114.7564
46087.651,,plain,059003.000062,059003.000213,+0.0000,+0.0000,0.961,+0.0000,0.8536,46087.6510
46054.070,,plain,059003.000088,059003.000248,+0.0000,+0.0000,0.961,+0.0000,0.5425,46054.0700
46043.611,,plain,059003.000112,059003.000264,+0.0000,+0.2310,0.961,+0.2220,0.3039,46043.3890
46024.090,w,plain,059003.000138,059003.000280,+0.0000,+0.0374,0.961,+0.0359,0.1807,46024.0541
46018.840,,plain,059003.000076,059003.000232,+0.0000,+0.1234,0.961,+0.1186,0.3011,46018.7214
45994.321,,plain,059003.000064,059003.000215,+0.0000,+0.3195,0.961,+0.3070,0.8462,45994.0140
45966.410,,plain,059003.000060,059003.000210,+0.0000,+0.3296,0.961,+0.3168,0.5441,45966.0932
45964.870,,plain,059003.000087,059003.000245,+0.0000,+0.2117,0.961,+0.2035,0.4231,45964.6665
45945.601,,plain,059003.000080,059003.000235,+0.0000,+0.0000,0.961,+0.0000,0.5946,45945.6010
45927.220,,plain,059003.000131,059003.000277,+0.0000,+0.0000,0.961,+0.0000,0.7645,45927.2200
45909.481,,plain,059003.000064,059003.000213,+0.0000,+0.0000,0.961,+0.0000,0.9344,45909.4810
45863.849,w,plain,059003.000082,059003.000234,+0.0000,+0.0000,0.961,+0.0000,0.7645,45863.8490
45861.029,,plain,059003.000045,059003.000197,+0.0000,+0.5074,0.961,+0.4876,0.5485,45860.5414
45840.400,,plain,059003.000155,059003.000293,+0.0000,+0.0000,0.961,+0.0000,0.3502,45840.4000
45832.831,,plain,059003.000076,059003.000229,+0.0000,+0.1856,0.961,+0.1784,0.3027,45832.6526
45831.611,w,plain,059003.000050,059003.000199,+0.0000,+0.3532,0.961,+0.3395,0.6640,45831.2715
45827.601,,plain,059003.000067,059003.000217,+0.0000,+0.0000,0.961,+0.0000,0.5167,45827.6010
45760.860,w,plain,059003.000096,059003.000252,+0.0000,+0.0000,0.961,+0.0000,1.0228,45760.8600
45754.301,,plain,059003.000080,059003.000237,+0.0000,+0.2936,0.961,+0.2822,0.4256,45754.0188
45718.759,,plain,059003.000078,059003.000232,+0.0000,+0.1234,0.961,+0.1186,0.1815,45718.6404
45705.231,w**,plain,059003.000082,059003.000235,+0.0000,+0.0000,0.961,+0.0000,0.6848,45705.2310
45696.081,,plain,059003.000093,059003.000251,+0.0000,+0.2734,0.961,+0.2627,0.6634,45695.8183
45641.240,w,plain,059003.000114,059003.000263,+0.0000,+0.3451,0.961,+0.3317,0.6653,45640.9083
45629.221,,plain,059003.000083,059003.000235,+0.0000,+0.0000,0.961,+0.0000,0.5167,45629.2210
45626.890,,plain,059003.000088,059003.000244,+0.0000,+0.3836,0.961,+0.3687,0.5457,45626.5213
45624.890,,plain,059003.000132,059003.000439,+0.0000,+0.0000,0.961,+0.0000,0.9344,45624.8900
45601.420,,plain,059003.000112,059003.000261,+0.0000,+0.1869,0.961,+0.1796,0.3038,45601.2404
45575.411,,plain,059003.000064,059003.000212,+0.0000,+0.4290,0.961,+0.4123,0.9168,45574.9987
45565.550,w,plain,059003.000057,059003.000206,+0.0000,+0.4794,0.961,+0.4607,0.7870,45565.0893
45559.690,w,plain,059003.000046,059003.000197,+0.0000,+0.5074,0.961,+0.4876,0.6672,45559.2024
45558.070,,plain,059003.000080,059003.000231,+0.0000,+0.0000,0.961,+0.0000,0.5946,45558.0700
45556.930,w,plain,059003.000063,059003.000211,+0.0000,+0.3211,0.961,+0.3086,0.3067,45556.6214
45556.290,w,plain,059003.000069,059003.000219,+0.0000,+0.4455,0.961,+0.4281,0.9269,45555.8619
45546.591,,plain,059003.000054,059003.000202,+0.0000,+0.0000,0.961,+0.0000,0.6848,45546.5910
45532.841,,plain,059003.000078,059003.000229,+0.0000,+0.1856,0.961,+0.1784,0.1841,45532.6626
45530.021,w,plain,059003.000062,059003.000210,+0.0000,+0.3296,0.961,+0.3168,0.5441,45529.7042
45514.081,,plain,059003.000082,059003.000237,+0.0000,+0.2936,0.961,+0.2822,0.5446,45513.7988
45507.060,,plain,059003.000160,059003.000295,+0.0000,+0.0000,0.961,+0.0000,0.5167,45507.0600
45497.160,w**,plain,059003.000114,059003.000262,+0.0000,+0.2858,0.961,+0.2746,0.6635,45496.8854
45486.420,,plain,059003.000097,059003.000251,+0.0000,+0.2734,0.961,+0.2627,0.4246,45486.1573
45448.270,,plain,059003.000081,059003.000232,+0.0000,+0.1234,0.961,+0.1186,0.3011,45448.1514
45405.730,w,plain,059003.000167,059003.000300,+0.0000,+0.1663,0.961,+0.1598,0.5433,45405.5702
45386.311,**,plain,059003.000167,059003.000299,+0.0000,+0.3532,0.961,+0.3395,0.5454,45385.9715
45364.521,,plain,059003.000063,059003.000209,+0.0000,+0.3181,0.961,+0.3057,0.3058,45364.2153
45351.789,,plain,059003.000064,059003.000210,+0.0000,+0.3296,0.961,+0.3168,0.6636,45351.4722
45350.551,,plain,059003.000091,059003.000246,+0.0000,+0.3176,0.961,+0.3052,0.7846,45350.2458
45331.880,w,plain,059003.000083,059003.000233,+0.0000,-0.2887,0.961,-0.2775,0.3013,45332.1575
45327.501,w,plain,059003.000041,059003.000195,+0.0000,+0.5254,0.961,+0.5049,0.5475,45326.9961
45317.769,**,plain,059003.000085,059003.000234,+0.0000,+0.0000,0.961,+0.0000,0.6848,45317.7690
45314.420,,plain,059003.000085,059003.000236,+0.0000,+0.0000,0.961,+0.0000,0.5167,45314.4200
45311.460,w,plain,059003.000041,059003.000194,+0.0000,+0.2590,0.961,+0.2489,0.5451,45311.2111
45306.269,w,plain,059003.000046,059003.000196,+0.0000,+0.2509,0.961,+0.2411,0.6651,45306.0279
45294.260,,plain,059003.000066,059003.000214,+0.0000,+0.4323,0.961,+0.4154,0.9055,45293.8446
45293.419,w,plain,059003.000084,059003.000237,+0.0000,+0.2936,0.961,+0.2822,0.6640,45293.1368
45262.310,,plain,059003.000081,059003.000229,+0.0000,+0.1856,0.961,+0.1784,0.3027,45262.1316
45256.490,,plain,059003.000132,059003.000277,+0.0000,+0.0000,0.961,+0.0000,0.8536,45256.4900
45235.521,,plain,059003.000098,059003.000250,+0.0000,+0.0000,0.961,+0.0000,0.5167,45235.5210
45207.520,,plain,059003.000175,059003.000302,+0.0000,+0.1150,0.961,+0.1105,0.3026,45207.4095
45201.800,,plain,059003.000054,059003.000201,+0.0000,+0.2994,0.961,+0.2877,0.4232,45201.5123
45179.820,,plain,059003.000143,059003.000444,+0.0000,+0.1093,0.961,+0.1050,0.0729,45179.7150
45168.780,**,plain,059003.000128,059003.000270,+0.0000,+0.0000,0.961,+0.0000,0.3502,45168.7800
45159.310,,plain,059003.000085,059003.000235,+0.0000,+0.0000,0.961,+0.0000,0.5946,45159.3100
45156.351,,plain,059003.000135,059003.000440,+0.0000,+0.0000,0.961,+0.0000,0.5167,45156.3510
45151.440,,plain,059003.000087,059003.000238,+0.0000,+0.1514,0.961,+0.1455,0.4258,45151.2945
45149.709,,plain,059003.000097,059003.000248,+0.0000,+0.0000,0.961,+0.0000,0.4230,45149.7090
45145.321,,plain,059003.000115,059003.000262,+0.0000,+0.2858,0.961,+0.2746,0.4248,45145.0464
45143.919,w,plain,059003.000059,059003.000206,+0.0000,+0.4794,0.961,+0.4607,0.9063,45143.4583
45142.470,,plain,059003.000099,059003.000250,+0.0000,+0.0000,0.961,+0.0000,0.6848,45142.4700
45127.611,w,plain,059003.000057,059003.000203,+0.0000,+0.3561,0.961,+0.3422,0.7847,45127.2688
45122.910,,plain,059003.000088,059003.000239,+0.0000,+0.2858,0.961,+0.2746,0.5445,45122.6354
45117.599,,plain,059003.000086,059003.000236,+0.0000,+0.0000,0.961,+0.0000,0.3502,45117.5990
45101.961,w,plain,059003.000093,059003.000247,+0.0000,+0.0000,0.961,+0.0000,0.8536,45101.9610
45089.491,w**,plain,059003.000054,059003.000200,+0.0000,+0.3334,0.961,+0.3204,0.4237,45089.1706
45083.331,,plain,059003.000093,059003.000246,+0.0000,+0.3176,0.961,+0.3052,0.6651,45083.0258
45062.830,w,plain,059003.000091,059003.000241,+0.0000,+0.0000,0.961,+0.0000,1.0228,45062.8300
45061.021,,plain,059003.000076,059003.000222,+0.0000,+0.0000,0.961,+0.0000,0.4247,45061.0210
45050.060,,plain,059003.000098,059003.000248,+0.0000,+0.0000,0.961,+0.0000,0.3039,45050.0600
45009.500,,plain,059003.000063,059003.000207,+0.0000,+0.0720,0.961,+0.0692,0.3034,45009.4308
45001.860,w,plain,059003.000164,059003.000297,+0.0000,+0.4761,0.961,+0.4576,0.7857,45001.4024
44984.670,,plain,059003.000073,059003.000218,+0.0000,+0.3780,0.961,+0.3633,0.4278,44984.3067
44980.259,w,plain,059003.000075,059003.000221,+0.0000,+0.2984,0.961,+0.2867,0.5434,44979.9723
44968.180,,plain,059003.000085,059003.000237,+0.0000,+0.2936,0.961,+0.2822,0.4256,44967.8978
44965.530,w,plain,059003.000049,059003.000197,+0.0000,+0.5074,0.961,+0.4876,0.7863,44965.0424
44960.090,w,plain,059003.000105,059003.000253,+0.0000,+0.0000,0.961,+0.0000,0.5946,44960.0900
44957.060,,plain,059003.000099,059003.000248,+0.0000,+0.0000,0.961,+0.0000,0.5425,44957.0600
44945.171,,plain,059003.000073,059003.000217,+0.0000,+0.0000,0.961,+0.0000,0.5167,44945.1710
44932.309,w,plain,059003.000093,059003.000244,+0.0000,+0.3836,0.961,+0.3687,0.6649,44931.9403
44931.680,w,plain,059003.000060,059003.000205,+0.0000,+0.3066,0.961,+0.2947,0.5466,44931.3853
44926.751,,plain,059003.000069,059003.000215,+0.0000,+0.3195,0.961,+0.3070,0.8462,44926.4440
44917.710,,plain,059003.000166,059003.000297,+0.0000,+0.4761,0.961,+0.4576,0.9052,44917.2524
44916.781,w,plain,059003.000076,059003.000432,+0.0000,+0.0000,0.961,+0.0000,0.3502,44916.7810
44914.869,,plain,059003.000089,059003.000240,+0.0000,+0.1099,0.961,+0.1056,0.1830,44914.7634
44909.660,w,plain,059003.000079,059003.000226,+0.0000,+0.4095,0.961,+0.3935,1.0391,44909.2665
44908.731,,plain,059003.000060,059003.000204,+0.0000,+0.0000,0.961,+0.0000,0.7645,44908.7310
44906.491,w**,plain,059003.000069,059003.000214,+0.0000,+0.4323,0.961,+0.4154,0.6669,44906.0756
44905.810,,plain,059003.000164,059003.000296,+0.0000,+0.3946,0.961,+0.3792,0.7845,44905.4308
44898.269,,plain,059003.000106,059003.000255,+0.0000,+0.0000,0.961,+0.0000,0.7645,44898.2690
44894.231,,plain,059003.000050,059003.000197,+0.0000,+0.5074,0.961,+0.4876,0.6672,44893.7434
44885.449,,plain,059003.000126,059003.000268,+0.0000,+0.0000,0.961,+0.0000,0.7645,44885.4490
44877.850,,plain,059003.000096,059003.000246,+0.0000,+0.3176,0.961,+0.3052,0.7846,44877.5448
44871.161,,plain,059003.000087,059003.000234,+0.0000,+0.0000,0.961,+0.0000,0.6848,44871.1610
44862.141,,plain,059003.000085,059003.000233,+0.0000,-0.2887,0.961,-0.2775,0.4211,44862.4185
44856.329,w,plain,059003.000119,059003.000265,+0.0000,+0.0000,0.961,+0.0000,0.5167,44856.3290
44855.400,w,plain,059003.000070,059003.000214,+0.0000,+0.4323,0.961,+0.4154,0.7861,44854.9846
44841.980,,plain,059003.000069,059003.000213,+0.0000,+0.0000,0.961,+0.0000,0.9344,44841.9800
44840.839,w,plain,059003.000054,059003.000199,+0.0000,+0.3532,0.961,+0.3395,0.4256,44840.4995
44822.120,w,plain,059003.000042,059003.000195,+0.0000,+0.5254,0.961,+0.5049,0.6664,44821.6151
44804.781,,plain,059003.000098,059003.000434,+0.0000,+0.0000,0.961,+0.0000,0.3502,44804.7810
44798.921,,plain,059003.000095,059003.000433,+0.0000,+0.1625,0.961,+0.1562,0.3025,44798.7648
44790.831,,plain,059003.000070,059003.000213,+0.0000,+0.0000,0.961,+0.0000,1.0228,44790.8310
44784.591,,plain,059003.000131,059003.000436,+0.0000,+0.0000,0.961,+0.0000,0.6848,44784.5910
44778.600,w,plain,059003.000067,059003.000211,+0.0000,+0.3211,0.961,+0.3086,0.4250,44778.2914
44764.120,,plain,059003.000153,059003.000292,+0.0000,+0.2413,0.961,+0.2318,0.4258,44763.8882
44752.160,,plain,059003.000155,059003.000292,+0.0000,+0.2413,0.961,+0.2318,0.3078,44751.9282
44740.841,,plain,059003.000098,059003.000245,+0.0000,+0.2117,0.961,+0.2035,0.3040,44740.6375
44728.371,,plain,059003.000079,059003.000225,+0.0000,+0.4095,0.961,+0.3935,1.0391,44727.9775
44712.530,,plain,059003.000087,059003.000235,+0.0000,+0.0000,0.961,+0.0000,0.5946,44712.5300
44699.580,,plain,059003.000099,059003.000247,+0.0000,+0.0000,0.961,+0.0000,0.7645,44699.5800
44683.659,w,plain,059003.000079,059003.000223,+0.0000,+0.0000,0.961,+0.0000,0.7841,44683.6590
44680.880,,plain,059003.000099,059003.000246,+0.0000,+0.3176,0.961,+0.3052,0.5460,44680.5748
44677.549,,plain,059003.000172,059003.000299,+0.0000,+0.3532,0.961,+0.3395,0.6647,44677.2095
44669.360,,plain,059003.000102,059003.000249,+0.0000,+0.1525,0.961,+0.1466,0.1840,44669.2134
44667.269,,plain,059003.000105,059003.000251,+0.0000,+0.2734,0.961,+0.2627,0.4246,44667.0063
44657.710,w,plain,059003.000126,059003.000267,+0.0000,+0.0000,0.961,+0.0000,0.6848,44657.7100
44652.541,w,plain,059003.000108,059003.000255,+0.0000,+0.0000,0.961,+0.0000,0.7645,44652.5410
44650.990,,plain,059003.000088,059003.000234,+0.0000,+0.0000,0.961,+0.0000,0.7645,44650.9900
44647.800,,plain,059003.000099,059003.000245,+0.0000,+0.2117,0.961,+0.2035,0.5426,44647.5965
44645.281,,plain,059003.000134,059003.000276,-0.2318,+0.0000,0.961,+0.2227,0.6620,44645.0583
44643.011,,plain,059003.000106,059003.000253,+0.0000,+0.0000,0.961,+0.0000,0.6848,44643.0110
44640.660,,plain,059003.000050,059003.000196,+0.0000,+0.2509,0.961,+0.2411,0.6651,44640.4189
44616.619,,plain,059003.000078,059003.000432,+0.0000,+0.0000,0.961,+0.0000,0.2548,44616.6190
44613.810,,plain,059003.000060,059003.000203,+0.0000,+0.3561,0.961,+0.3422,0.5462,44613.4678
44604.551,,plain,059003.000147,059003.000287,+0.0000,-0.0105,0.961,-0.0101,0.1803,44604.5611
44600.910,w,plain,059003.000100,059003.000434,+0.0000,+0.0000,0.961,+0.0000,0.1899,44600.9100
44600.159,,plain,059003.000085,059003.000229,+0.0000,+0.1856,0.961,+0.1784,0.4221,44599.9806
44598.309,,plain,059003.000176,059003.000449,+0.0000,+0.0000,0.961,+0.0000,0.2548,44598.3090
44590.330,,plain,059003.000096,059003.000241,+0.0000,+0.0000,0.961,+0.0000,1.0228,44590.3300
44589.411,,plain,059003.000086,059003.000232,+0.0000,+0.1234,0.961,+0.1186,0.1815,44589.2924
44586.191,w,plain,059003.000067,059003.000209,+0.0000,+0.3181,0.961,+0.3057,0.4244,44585.8853
44580.130,w**,plain,059003.000098,059003.000243,+0.0000,+0.0000,0.961,+0.0000,0.5167,44580.1300
44559.681,w,plain,059003.000173,059003.000300,+0.0000,+0.1663,0.961,+0.1598,0.5433,44559.5212
44541.420,w,plain,059003.000075,059003.000218,+0.0000,+0.3780,0.961,+0.3633,0.5463,44541.0567
44540.470,w,plain,059003.000173,059003.000299,+0.0000,+0.3532,0.961,+0.3395,0.5454,44540.1305
44534.691,,plain,059003.000072,059003.000215,+0.0000,+0.3195,0.961,+0.3070,0.8462,44534.3840
44529.911,,plain,059003.000099,059003.000244,+0.0000,+0.3836,0.961,+0.3687,0.5457,44529.5423
44528.529,,plain,059003.000073,059003.000216,+0.0000,+0.0769,0.961,+0.0739,0.4240,44528.4551
44525.850,,plain,059003.000104,059003.000250,+0.0000,+0.0000,0.961,+0.0000,0.5167,44525.8500
44517.221,,plain,059003.000104,059003.000249,+0.0000,+0.1525,0.961,+0.1466,0.3026,44517.0744
44516.291,,plain,059003.000081,059003.000224,+0.0000,+0.0000,0.961,+0.0000,0.5167,44516.2910
44514.530,,plain,059003.000072,059003.000214,+0.0000,+0.4323,0.961,+0.4154,0.6669,44514.1146
44507.950,,plain,059003.000069,059003.000212,+0.0000,+0.4290,0.961,+0.4123,0.9168,44507.5377
44495.271,,plain,059003.000062,059003.000205,+0.0000,+0.3066,0.961,+0.2947,0.5466,44494.9763
44492.640,w,plain,059003.000088,059003.000235,+0.0000,+0.0000,0.961,+0.0000,0.6848,44492.6400
44487.131,,plain,059003.000099,059003.000243,+0.0000,+0.0000,0.961,+0.0000,0.6848,44487.1310
44475.991,,plain,059003.000162,059003.000294,+0.0000,+0.0525,0.961,+0.0505,0.0681,44475.9405
44456.810,,plain,059003.000070,059003.000212,+0.0000,+0.4290,0.961,+0.4123,1.0068,44456.3977
44453.789,,plain,059003.000119,059003.000262,+0.0000,+0.2858,0.961,+0.2746,0.4248,44453.5144
44450.070,,plain,059003.000072,059003.000213,+0.0000,+0.0000,0.961,+0.0000,0.9344,44450.0700
44447.520,,plain,059003.000076,059003.000221,+0.0000,+0.2984,0.961,+0.2867,0.3054,44447.2333
44437.150,,plain,059003.000064,059003.000206,+0.0000,+0.4794,0.961,+0.4607,0.6680,44436.6893
44435.729,,plain,059003.000060,059003.000202,+0.0000,+0.0000,0.961,+0.0000,0.7645,44435.7290
44428.540,,plain,059003.000093,059003.000239,+0.0000,+0.2858,0.961,+0.2746,0.6639,44428.2654
44402.160,,plain,059003.000113,059003.000257,+0.0000,+0.0000,0.961,+0.0000,1.1922,44402.1600
44400.110,,plain,059003.000082,059003.000224,+0.0000,+0.0000,0.961,+0.0000,0.6848,44400.1100
44387.199,,plain,059003.000082,059003.000223,+0.0000,+0.0000,0.961,+0.0000,0.5453,44387.1990
44384.380,,plain,059003.000053,059003.000198,+0.0000,+0.0000,0.961,+0.0000,0.5946,44384.3800
44374.270,,plain,059003.000123,059003.000264,+0.0000,+0.2310,0.961,+0.2220,0.5425,44374.0480
44371.041,,plain,059003.000146,059003.000286,+0.0000,+0.0000,0.961,+0.0000,0.5946,44371.0410
44368.819,,plain,059003.000144,059003.000283,+0.0000,+0.0000,0.961,+0.0000,0.3502,44368.8190
44367.320,,plain,059003.000102,059003.000435,+0.0000,+0.0000,0.961,+0.0000,0.3502,44367.3200
44363.110,,plain,059003.000073,059003.000215,+0.0000,+0.3195,0.961,+0.3070,0.6755,44362.8030
44356.100,,plain,059003.000120,059003.000263,+0.0000,+0.3451,0.961,+0.3317,0.6653,44355.7683
44346.659,,plain,059003.000154,059003.000291,+0.0000,+0.5850,0.961,+0.5622,0.7878,44346.0968
44344.670,,plain,059003.000089,059003.000236,+0.0000,+0.0000,0.961,+0.0000,0.3502,44344.6700
44342.111,,plain,059003.000146,059003.000285,+0.0000,+0.1569,0.961,+0.1508,0.4221,44341.9602
44331.420,,plain,059003.000163,059003.000294,+0.0000,+0.0525,0.961,+0.0505,0.3020,44331.3695
44330.810,,plain,059003.000105,059003.000248,+0.0000,+0.0000,0.961,+0.0000,0.4230,44330.8100
44324.030,,plain,059003.000083,059003.000224,+0.0000,+0.0000,0.961,+0.0000,0.5167,44324.0300
44318.171,w,plain,059003.000156,059003.000291,+0.0000,+0.5850,0.961,+0.5622,0.6690,44317.6088
44317.170,w,plain,059003.000064,059003.000205,+0.0000,+0.3066,0.961,+0.2947,0.6656,44316.8753
44309.371,,plain,059003.000126,059003.000266,+0.0000,+0.0000,0.961,+0.0000,0.7645,44309.3710
44305.900,,plain,059003.000135,059003.000274,+0.0000,+0.0000,0.961,+0.0000,0.5167,44305.9000
44301.440,,plain,059003.000088,059003.000237,+0.0000,+0.2936,0.961,+0.2822,0.5446,44301.1578
44300.321,,plain,059003.000152,059003.000288,+0.0000,+0.1481,0.961,+0.1423,0.1901,44300.1787
44298.320,,plain,059003.000083,059003.000222,+0.0000,+0.0000,0.961,+0.0000,0.4247,44298.3200
44286.171,w,plain,059003.000114,059003.000257,+0.0000,+0.0000,0.961,+0.0000,1.0228,44286.1710
44284.450,,plain,059003.000069,059003.000210,+0.0000,+0.3296,0.961,+0.3168,0.6636,44284.1332
44282.171,,plain,059003.000177,059003.000302,+0.0000,+0.1150,0.961,+0.1105,0.4221,44282.0605
44247.071,,plain,059003.000102,059003.000434,+0.0000,+0.0000,0.961,+0.0000,0.2548,44247.0710
44245.549,,plain,059003.000155,059003.000290,+0.0000,-0.0004,0.961,-0.0004,0.3027,44245.5494
44242.080,,plain,059003.000067,059003.000208,+0.0000,+0.0000,0.961,+0.0000,0.5946,44242.0800
44240.551,,plain,059003.000147,059003.000444,+0.0000,+0.1093,0.961,+0.1050,0.1849,44240.4460
44224.800,,plain,059003.000076,059003.000431,+0.0000,+0.0000,0.961,+0.0000,0.3502,44224.8000
44218.851,,plain,059003.000097,059003.000239,+0.0000,+0.2858,0.961,+0.2746,0.4254,44218.5764
44214.451,,plain,059003.000157,059003.000290,+0.0000,-0.0004,0.961,-0.0004,0.0712,44214.4514
44212.070,,plain,059003.000120,059003.000262,+0.0000,+0.2858,0.961,+0.2746,0.6635,44211.7954
44205.620,,plain,059003.000105,059003.000435,+0.0000,+0.0000,0.961,+0.0000,0.5167,44205.6200
44204.170,,plain,059003.000176,059003.000447,+0.0000,+0.0589,0.961,+0.0566,0.1832,44204.1134
44190.491,,plain,059003.000132,059003.000437,+0.0000,+0.0000,0.961,+0.0000,0.8536,44190.4910
44177.530,,plain,059003.000062,059003.000203,+0.0000,+0.3561,0.961,+0.3422,0.5462,44177.1878
44166.540,,plain,059003.000084,059003.000223,+0.0000,+0.0000,0.961,+0.0000,0.6645,44166.5400
44146.359,,plain,059003.000095,059003.000238,+0.0000,+0.1514,0.961,+0.1455,0.3078,44146.2135
44132.110,,plain,059003.000123,059003.000263,+0.0000,+0.3451,0.961,+0.3317,0.5462,44131.7783
44116.009,,plain,059003.000072,059003.000212,+0.0000,+0.4290,0.961,+0.4123,0.9168,44115.5967
44114.251,,plain,059003.000143,059003.000280,+0.0000,+0.0374,0.961,+0.0359,0.0617,44114.2151
44110.520,,plain,059003.000130,059003.000267,+0.0000,+0.0000,0.961,+0.0000,0.5167,44110.5200
44104.430,,plain,059003.000108,059003.000251,+0.0000,+0.2734,0.961,+0.2627,0.5438,44104.1673
44095.050,,plain,059003.000104,059003.000434,+0.0000,+0.0000,0.961,+0.0000,0.3502,44095.0500
44085.680,,plain,059003.000211,059003.000347,+0.3211,+0.0000,0.961,-0.3086,0.5442,44085.9886
44083.851,,plain,059003.000121,059003.000261,+0.0000,+0.1869,0.961,+0.1796,0.3038,44083.6714
44081.031,,plain,059003.000101,059003.000433,+0.0000,+0.1625,0.961,+0.1562,0.1839,44080.8748
44073.240,,plain,059003.000105,059003.000247,+0.0000,+0.0000,0.961,+0.0000,0.6848,44073.2400
44047.070,,plain,059003.000086,059003.000228,+0.0000,+0.0000,0.961,+0.0000,0.1899,44047.0700
44030.190,,plain,059003.000053,059003.000196,+0.0000,+0.2509,0.961,+0.2411,0.4274,44029.9489
44027.281,w,plain,059003.000097,059003.000238,+0.0000,+0.1514,0.961,+0.1455,0.4258,44027.1355
44026.120,,plain,059003.000099,059003.000239,+0.0000,+0.2858,0.961,+0.2746,0.5445,44025.8454
44022.459,,plain,059003.000102,059003.000433,+0.0000,+0.1625,0.961,+0.1562,0.1839,44022.3028
44010.090,,plain,059003.000100,059003.000240,+0.0000,+0.1099,0.961,+0.1056,0.0679,44009.9844
44000.930,,plain,059003.000080,059003.000221,+0.0000,+0.2984,0.961,+0.2867,0.4241,44000.6433
43999.261,**,plain,059003.000062,059003.000202,+0.0000,+0.0000,0.961,+0.0000,0.7645,43999.2610
43988.059,,plain,059003.000123,059003.000262,+0.0000,+0.2858,0.961,+0.2746,0.5440,43987.7844
43978.631,,plain,059003.000060,059003.000200,+0.0000,+0.3334,0.961,+0.3204,0.5431,43978.3106
43965.171,w,plain,059003.000178,059003.000301,+0.0000,+0.5100,0.961,+0.4901,1.0262,43964.6809
43956.550,,plain,059003.000093,059003.000234,+0.0000,+0.0000,0.961,+0.0000,0.8536,43956.5500
43943.391,,plain,059003.000144,059003.000281,+0.0000,+0.2196,0.961,+0.2111,0.3056,43943.1799
43924.840,,plain,059003.000078,059003.000431,+0.0000,+0.0000,0.961,+0.0000,0.2548,43924.8400
43919.960,,plain,059003.000075,059003.000215,+0.0000,+0.3195,0.961,+0.3070,0.7561,43919.6530
43905.419,,plain,059003.000168,059003.000294,+0.0000,+0.0525,0.961,+0.0505,0.1830,43905.3685
43903.581,,plain,059003.000105,059003.000244,+0.0000,+0.3836,0.961,+0.3687,0.4270,43903.2123
43896.161,,plain,059003.000073,059003.000211,+0.0000,+0.3211,0.961,+0.3086,0.4250,43895.8524
43892.429,**,plain,059003.000072,059003.000210,+0.0000,+0.3296,0.961,+0.3168,0.6636,43892.1122
43885.891,,plain,059003.000158,059003.000290,+0.0000,-0.0004,0.961,-0.0004,0.3027,43885.8914
43882.771,,plain,059003.000114,059003.000256,+0.0000,+0.0000,0.961,+0.0000,0.9344,43882.7710
43874.280,w,plain,059003.000172,059003.000296,+0.0000,+0.3946,0.961,+0.3792,0.6650,43873.9008
43870.430,,plain,059003.000104,059003.000243,+0.0000,+0.0000,0.961,+0.0000,0.5167,43870.4300
43862.401,,plain,059003.000095,059003.000236,+0.0000,+0.0000,0.961,+0.0000,0.4247,43862.4010
43860.790,,plain,059003.000105,059003.000243,+0.0000,+0.0000,0.961,+0.0000,0.5946,43860.7900
43854.301,,plain,059003.000085,059003.000224,+0.0000,+0.0000,0.961,+0.0000,0.5946,43854.3010
43834.619,,plain,059003.000099,059003.000238,+0.0000,+0.1514,0.961,+0.1455,0.5447,43834.4735
43828.430,,plain,059003.000085,059003.000222,+0.0000,+0.0000,0.961,+0.0000,0.5167,43828.4300
43821.130,,plain,059003.000064,059003.000202,+0.0000,+0.0000,0.961,+0.0000,0.8536,43821.1300
43816.480,,plain,059003.000089,059003.000232,+0.0000,+0.1234,0.961,+0.1186,0.1815,43816.3614
43767.839,,plain,059003.000108,059003.000248,+0.0000,+0.0000,0.961,+0.0000,0.5425,43767.8390
43757.550,w,plain,059003.000066,059003.000206,+0.0000,+0.4794,0.961,+0.4607,0.9063,43757.0893
43751.381,,plain,059003.000147,059003.000283,+0.0000,+0.0000,0.961,+0.0000,0.2548,43751.3810
43743.519,,plain,059003.000097,059003.000236,+0.0000,+0.0000,0.961,+0.0000,0.5167,43743.5190
43728.531,,plain,059003.000111,059003.000251,+0.0000,+0.2734,0.961,+0.2627,0.4246,43728.2683
43720.921,,plain,059003.000073,059003.000210,+0.0000,+0.3296,0.961,+0.3168,0.4250,43720.6042
43718.781,,plain,059003.000154,059003.000289,+0.0000,+0.3025,0.961,+0.2907,0.7861,43718.4903
43714.960,,plain,059003.000101,059003.000240,+0.0000,+0.1099,0.961,+0.1056,0.1830,43714.8544
43707.521,,plain,059003.000095,059003.000235,+0.0000,+0.0000,0.961,+0.0000,0.5167,43707.5210
43702.330,,plain,059003.000218,059003.000348,+0.3780,+0.0000,0.961,-0.3633,0.6654,43702.6933
43700.249,,plain,059003.000159,059003.000290,+0.0000,-0.0004,0.961,-0.0004,0.1842,43700.2494
43690.319,,plain,059003.000156,059003.000289,+0.0000,+0.3025,0.961,+0.2907,0.6670,43690.0283
43684.701,**,plain,059003.000083,059003.000221,+0.0000,+0.2984,0.961,+0.2867,0.3054,43684.4143
43669.131,,plain,059003.000078,059003.000217,+0.0000,+0.0000,0.961,+0.0000,0.3502,43669.1310
43656.300,,plain,059003.000102,059003.000240,+0.0000,+0.1099,0.961,+0.1056,0.1830,43656.1944
43654.530,,plain,059003.000081,059003.000431,+0.0000,+0.0000,0.961,+0.0000,0.3502,43654.5300
43650.070,,plain,059003.000054,059003.000196,+0.0000,+0.2509,0.961,+0.2411,0.4274,43649.8289
43640.810,,plain,059003.000120,059003.000258,+0.0000,+0.0000,0.961,+0.0000,0.8536,43640.8100
43631.820,,plain,059003.000086,059003.000222,+0.0000,+0.0000,0.961,+0.0000,0.3502,43631.8200
43630.600,w,plain,059003.000089,059003.000229,+0.0000,+0.1856,0.961,+0.1784,0.1841,43630.4216
43615.390,,plain,059003.000045,059003.000195,+0.0000,+0.5254,0.961,+0.5049,0.5475,43614.8851
43606.909,w,plain,059003.000093,059003.000237,+0.0000,+0.2936,0.961,+0.2822,0.6640,43606.6268
43605.959,w,plain,059003.000137,059003.000273,+0.0000,+0.0364,0.961,+0.0350,0.0732,43605.9240
43599.320,,plain,059003.000045,059003.000194,+0.0000,+0.2590,0.961,+0.2489,0.5451,43599.0711
43594.569,,plain,059003.000150,059003.000286,-0.2879,+0.0000,0.961,+0.2766,0.4214,43594.2924
43591.011,,plain,059003.000114,059003.000255,+0.0000,+0.0000,0.961,+0.0000,0.8536,43591.0110
43588.430,,plain,059003.000097,059003.000235,+0.0000,+0.0000,0.961,+0.0000,0.5946,43588.4300
43586.601,,plain,059003.000106,059003.000244,+0.0000,+0.3836,0.961,+0.3687,0.5457,43586.2323
43577.350,,plain,059003.000111,059003.000250,+0.0000,+0.0000,0.961,+0.0000,0.5946,43577.3500
43568.841,,plain,059003.000111,059003.000249,+0.0000,+0.1525,0.961,+0.1466,0.4221,43568.6944
43567.131,w,plain,059003.000151,059003.000286,+0.0000,+0.0000,0.961,+0.0000,0.6848,43567.1310
43562.259,,plain,059003.000080,059003.000218,+0.0000,+0.3780,0.961,+0.3633,0.4278,43561.8957
43560.740,**,plain,059003.000091,059003.000230,+0.0000,+0.3624,0.961,+0.3482,0.7852,43560.3918
43552.639,,plain,059003.000076,059003.000216,+0.0000,+0.0769,0.961,+0.0739,0.3052,43552.5651
43543.320,,plain,059003.000131,059003.000267,+0.0000,+0.0000,0.961,+0.0000,0.6848,43543.3200
43530.339,,plain,059003.000211,059003.000346,+0.3211,+0.0000,0.961,-0.3086,0.4250,43530.6476
43514.669,,plain,059003.000152,059003.000444,+0.0000,+0.1093,0.961,+0.1050,0.1849,43514.5640
43511.750,,plain,059003.000155,059003.000288,+0.0000,+0.1481,0.961,+0.1423,0.3064,43511.6077
43510.290,,plain,059003.000108,059003.000247,+0.0000,+0.0000,0.961,+0.0000,0.7645,43510.2900
43506.201,,plain,059003.000063,059003.000201,+0.0000,+0.2994,0.961,+0.2877,0.3042,43505.9133
43504.211,,plain,059003.000104,059003.000240,+0.0000,+0.1099,0.961,+0.1056,0.3020,43504.1054
43496.040,,plain,059003.000112,059003.000253,+0.0000,+0.0000,0.961,+0.0000,0.5167,43496.0400
43491.669,,plain,059003.000108,059003.000246,+0.0000,+0.3176,0.961,+0.3052,0.5460,43491.3638
43487.470,,plain,059003.000086,059003.000432,+0.0000,+0.0000,0.961,+0.0000,0.2548,43487.4700
43484.931,,plain,059003.000160,059003.000292,+0.0000,+0.2413,0.961,+0.2318,0.4258,43484.6992
43480.719,,plain,059003.000157,059003.000288,+0.0000,+0.1481,0.961,+0.1423,0.0853,43480.5767
43474.681,,plain,059003.000540,059003.000431,+0.0000,+0.0000,0.961,+0.0000,0.1899,43474.6810
43458.510,,plain,059003.000108,059003.000245,+0.0000,+0.2117,0.961,+0.2035,0.5426,43458.3065
43453.030,w,plain,059003.000075,059003.000211,+0.0000,+0.3211,0.961,+0.3086,0.5442,43452.7214
43444.400,w,plain,059003.000082,059003.000220,+0.0000,+0.1164,0.961,+0.1118,0.5445,43444.2882
43416.990,,plain,059003.000123,059003.000258,+0.0000,+0.0000,0.961,+0.0000,0.7645,43416.9900
43415.879,,plain,059003.000074,059003.000209,+0.0000,+0.3181,0.961,+0.3057,0.1892,43415.5733
43410.161,w,plain,059003.000095,059003.000233,+0.0000,-0.2887,0.961,-0.2775,0.3013,43410.4385
43409.130,w,plain,059003.000211,059003.000554,+0.3211,+0.0000,0.961,-0.3086,0.5442,43409.4386
43407.470,,plain,059003.000087,059003.000224,+0.0000,+0.0000,0.961,+0.0000,0.5946,43407.4700
43405.980,,plain,059003.000177,059003.000300,+0.0000,+0.1663,0.961,+0.1598,0.4240,43405.8202
43399.780,w,plain,059003.000105,059003.000239,+0.0000,+0.2858,0.961,+0.2746,0.4254,43399.5054
43398.650,,plain,059003.000081,059003.000217,+0.0000,+0.0000,0.961,+0.0000,0.4247,43398.6500
43397.220,w,plain,059003.000097,059003.000237,+0.0000,+0.2936,0.961,+0.2822,0.4256,43396.9378
43395.671,w,plain,059003.000099,059003.000235,+0.0000,+0.0000,0.961,+0.0000,0.6848,43395.6710
43393.881,w,plain,059003.000063,059003.000200,+0.0000,+0.3334,0.961,+0.3204,0.3048,43393.5606
43391.890,,plain,059003.000111,059003.000248,+0.0000,+0.0000,0.961,+0.0000,0.4230,43391.8900
43385.639,,plain,059003.000197,059003.000333,+0.5074,+0.0000,0.961,-0.4876,0.7863,43386.1266
43381.740,,plain,059003.000087,059003.000222,+0.0000,+0.0000,0.961,+0.0000,0.5167,43381.7400
43369.731,,plain,059003.000069,059003.000206,+0.0000,+0.4794,0.961,+0.4607,0.6680,43369.2703
43368.380,,plain,059003.000083,059003.000220,+0.0000,+0.1164,0.961,+0.1118,0.3074,43368.2682
43364.991,,plain,059003.000135,059003.000436,+0.0000,+0.0000,0.961,+0.0000,0.5946,43364.9910
43340.591,,plain,059003.000108,059003.000244,+0.0000,+0.3836,0.961,+0.3687,0.5457,43340.2223
43334.241,,plain,059003.000095,059003.000232,+0.0000,+0.1234,0.961,+0.1186,0.3011,43334.1224
43329.941,,plain,059003.000082,059003.000219,+0.0000,+0.4455,0.961,+0.4281,0.8455,43329.5129
43327.800,,plain,059003.000175,059003.000295,+0.0000,+0.0000,0.961,+0.0000,0.4247,43327.8000
43325.791,,plain,059003.000138,059003.000275,+0.0000,+0.2900,0.961,+0.2787,0.1926,43325.5123
43321.961,,plain,059003.000082,059003.000218,+0.0000,+0.3780,0.961,+0.3633,0.5463,43321.5977
43318.620,,plain,059003.000070,059003.000206,+0.0000,+0.4794,0.961,+0.4607,0.7870,43318.1593
43314.100,,plain,059003.000046,059003.000195,+0.0000,+0.5254,0.961,+0.5049,0.6664,43313.5951
43313.389,w,plain,059003.000114,059003.000252,+0.0000,+0.0000,0.961,+0.0000,0.9344,43313.3890
43306.559,,plain,059003.000057,059003.000197,+0.0000,+0.5074,0.961,+0.4876,0.7863,43306.0714
43301.660,,plain,059003.000144,059003.000279,+0.0000,+0.0000,0.961,+0.0000,0.4247,43301.6600
43293.639,w**,plain,059003.000062,059003.000199,+0.0000,+0.3532,0.961,+0.3395,0.5446,43293.2995
43291.160,,plain,059003.000097,059003.000233,+0.0000,-0.2887,0.961,-0.2775,0.4211,43291.4375
43288.239,,plain,059003.000194,059003.000321,+0.2590,+0.0000,0.961,-0.2489,0.4262,43288.4879
43277.761,,plain,059003.000075,059003.000210,+0.0000,+0.3296,0.961,+0.3168,0.5441,43277.4442
43274.351,,plain,059003.000089,059003.000228,+0.0000,+0.0000,0.961,+0.0000,0.1899,43274.3510
43272.089,,plain,059003.000195,059003.000321,+0.5254,+0.0000,0.961,-0.5049,0.4293,43272.5939
43266.789,,plain,059003.000111,059003.000435,+0.0000,+0.0000,0.961,+0.0000,0.5167,43266.7890
43257.741,,plain,059003.000126,059003.000264,+0.0000,+0.2310,0.961,+0.2220,0.5425,43257.5190
43252.619,,plain,059003.000078,059003.000216,+0.0000,+0.0769,0.961,+0.0739,0.1883,43252.5451
43249.739,,plain,059003.000069,059003.000205,+0.0000,+0.3066,0.961,+0.2947,0.6656,43249.4443
43239.221,,plain,059003.000115,059003.000255,+0.0000,+0.0000,0.961,+0.0000,0.6848,43239.2210
43217.951,,plain,059003.000104,059003.000238,+0.0000,+0.1514,0.961,+0.1455,0.3078,43217.8055
43214.929,,plain,059003.000085,059003.000221,+0.0000,+0.2984,0.961,+0.2867,0.4241,43214.6423
43208.299,,plain,059003.000105,059003.000238,+0.0000,+0.1514,0.961,+0.1455,0.4258,43208.1535
43204.521,,plain,059003.000099,059003.000237,+0.0000,+0.2936,0.961,+0.2822,0.5446,43204.2388
43200.881,,plain,059003.000097,059003.000231,+0.0000,+0.0000,0.961,+0.0000,0.5946,43200.8810
43198.609,,plain,059003.000070,059003.000205,+0.0000,+0.3066,0.961,+0.2947,0.7850,43198.3143
43194.950,,plain,059003.000131,059003.000266,+0.0000,+0.0000,0.961,+0.0000,0.7645,43194.9500
43178.160,,plain,059003.000196,059003.000331,+0.2509,+0.0000,0.961,-0.2411,0.6651,43178.4011
43174.781,w,plain,059003.000147,059003.000280,+0.0000,+0.0374,0.961,+0.0359,0.1807,43174.7451
43168.840,,plain,059003.000196,059003.000330,+0.2509,+0.0000,0.961,-0.2411,0.5460,43169.0811
43148.211,,plain,059003.000095,059003.000229,+0.0000,+0.1856,0.961,+0.1784,0.3027,43148.0326
43144.620,,plain,059003.000101,059003.000236,+0.0000,+0.0000,0.961,+0.0000,0.3502,43144.6200
43142.291,,plain,059003.000196,059003.000329,+0.2509,+0.0000,0.961,-0.2411,0.4274,43142.5321
43134.400,,plain,059003.000111,059003.000247,+0.0000,+0.0000,0.961,+0.0000,0.6848,43134.4000
43126.199,,plain,059003.000091,059003.000227,+0.0000,+0.4144,0.961,+0.3982,0.7871,43125.8008
43124.540,,plain,059003.000539,059003.000207,+0.0000,+0.0720,0.961,+0.0692,0.0740,43124.4708
43120.611,,plain,059003.000138,059003.000273,+0.0000,+0.0364,0.961,+0.0350,0.1850,43120.5760
43115.481,**,plain,059003.000098,059003.000232,+0.0000,+0.1234,0.961,+0.1186,0.3011,43115.3624
43112.210,,plain,059003.000047,059003.000194,+0.0000,+0.2590,0.961,+0.2489,0.3083,43111.9611
43109.291,,plain,059003.000084,059003.000219,+0.0000,+0.4455,0.961,+0.4281,0.9269,43108.8629
43103.400,w,plain,059003.000132,059003.000269,+0.0000,+0.0000,0.961,+0.0000,0.9344,43103.4000
43101.300,w**,plain,059003.000084,059003.000218,+0.0000,+0.3780,0.961,+0.3633,0.6654,43100.9367
43088.000,,plain,059003.000096,059003.000230,+0.0000,+0.3624,0.961,+0.3482,0.7852,43087.6518
43086.070,,plain,059003.000102,059003.000236,+0.0000,+0.0000,0.961,+0.0000,0.3502,43086.0700
43082.670,**,plain,059003.000106,059003.000239,+0.0000,+0.2858,0.961,+0.2746,0.5445,43082.3954
43073.390,,plain,059003.000205,059003.000342,+0.3066,+0.0000,0.961,-0.2947,0.7850,43073.6847
43060.889,,plain,059003.000074,059003.000207,+0.0000,+0.0720,0.961,+0.0692,0.1853,43060.8198
43058.349,,plain,059003.000167,059003.000445,+0.0000,+0.0000,0.961,+0.0000,0.6848,43058.3490
43029.211,,plain,059003.000097,059003.000229,+0.0000,+0.1856,0.961,+0.1784,0.4221,43029.0326
43025.451,,plain,059003.000152,059003.000283,+0.0000,+0.0000,0.961,+0.0000,0.2548,43025.4510
43007.949,,plain,059003.000205,059003.000341,+0.3066,+0.0000,0.961,-0.2947,0.5466,43008.2437
43001.120,,plain,059003.000120,059003.000257,+0.0000,+0.0000,0.961,+0.0000,1.0228,43001.1200
42997.259,,plain,059003.000218,059003.000347,+0.3780,+0.0000,0.961,-0.3633,0.5463,42997.6223
42983.949,w,plain,059003.000115,059003.000253,+0.0000,+0.0000,0.961,+0.0000,0.5946,42983.9490
42982.210,,plain,059003.000081,059003.000216,+0.0000,+0.0769,0.961,+0.0739,0.3052,42982.1361
42977.720,,plain,059003.000072,059003.000206,+0.0000,+0.4794,0.961,+0.4607,0.6680,42977.2593
42976.681,,plain,059003.000079,059003.000214,+0.0000,+0.4323,0.961,+0.4154,0.7861,42976.2656
42973.269,,plain,059003.000091,059003.000226,+0.0000,+0.4095,0.961,+0.3935,1.0391,42972.8755
42966.380,,plain,059003.000159,059003.000288,+0.0000,+0.1481,0.961,+0.1423,0.1901,42966.2377
42964.719,,plain,059003.000111,059003.000244,+0.0000,+0.3836,0.961,+0.3687,0.4270,42964.3503
42940.741,,plain,059003.000080,059003.000215,+0.0000,+0.3195,0.961,+0.3070,0.6755,42940.4340
42934.031,,plain,059003.000104,059003.000236,+0.0000,+0.0000,0.961,+0.0000,0.4247,42934.0310
42931.891,w,plain,059003.000069,059003.000203,+0.0000,+0.3561,0.961,+0.3422,0.6653,42931.5488
42929.519,,plain,059003.000098,059003.000229,+0.0000,+0.1856,0.961,+0.1784,0.3027,42929.3406
42927.250,,plain,059003.000175,059003.000294,+0.0000,+0.0525,0.961,+0.0505,0.3020,42927.1995
42924.359,,plain,059003.000105,059003.000236,+0.0000,+0.0000,0.961,+0.0000,0.5167,42924.3590
42921.889,,plain,059003.000111,059003.000243,+0.0000,+0.0000,0.961,+0.0000,0.5946,42921.8890
42920.210,,plain,059003.000076,059003.000211,+0.0000,+0.3211,0.961,+0.3086,0.3067,42919.9014
42916.509,,plain,059003.000075,059003.000208,+0.0000,+0.0000,0.961,+0.0000,0.6848,42916.5090
42915.310,,plain,059003.000197,059003.000330,+0.5074,+0.0000,0.961,-0.4876,0.5485,42915.7976
42913.249,,plain,059003.000194,059003.000319,+0.2590,+0.0000,0.961,-0.2489,0.3083,42913.4979
42898.051,,plain,059003.000216,059003.000346,+0.0769,+0.0000,0.961,-0.0739,0.4240,42898.1249
42891.190,,plain,059003.000106,059003.000238,+0.0000,+0.1514,0.961,+0.1455,0.5447,42891.0445
42871.620,,plain,059003.000126,059003.000262,+0.0000,+0.2858,0.961,+0.2746,0.5440,42871.3454
42866.121,,plain,059003.000151,059003.000282,+0.0000,+0.0000,0.961,+0.0000,0.8536,42866.1210
42857.729,,plain,059003.000072,059003.000205,+0.0000,+0.3066,0.961,+0.2947,0.6656,42857.4343
42839.821,,plain,059003.000218,059003.000558,+0.3780,+0.0000,0.961,-0.3633,0.6654,42840.1843
42836.791,,plain,059003.000108,059003.000239,+0.0000,+0.2858,0.961,+0.2746,0.5445,42836.5164
42820.151,,plain,059003.000176,059003.000294,+0.0000,+0.0525,0.961,+0.0505,0.1830,42820.1005
42797.421,,plain,059003.000146,059003.000279,+0.0000,+0.0000,0.961,+0.0000,0.5167,42797.4210
42795.520,,plain,059003.000086,059003.000431,+0.0000,+0.0000,0.961,+0.0000,0.2548,42795.5200
42792.700,w,plain,059003.000060,059003.000197,+0.0000,+0.5074,0.961,+0.4876,0.5485,42792.2124
42778.231,,plain,059003.000203,059003.000338,+0.3561,+0.0000,0.961,-0.3422,0.7847,42778.5732
42771.390,,plain,059003.000206,059003.000340,+0.4794,+0.0000,0.961,-0.4607,0.6680,42771.8507
42769.359,,plain,059003.000105,059003.000235,+0.0000,+0.0000,0.961,+0.0000,0.5946,42769.3590
42768.150,,plain,059003.000087,059003.000221,+0.0000,+0.2984,0.961,+0.2867,0.4241,42767.8633
42755.110,,plain,059003.000153,059003.000286,+0.0000,+0.0000,0.961,+0.0000,0.5946,42755.1100
42747.430,,plain,059003.000091,059003.000223,+0.0000,+0.0000,0.961,+0.0000,0.7841,42747.4300
42741.549,,plain,059003.000112,059003.000435,+0.0000,+0.0000,0.961,+0.0000,0.4247,42741.5490
42736.540,,plain,059003.000085,059003.000217,+0.0000,+0.0000,0.961,+0.0000,0.5167,42736.5400
42727.861,**,plain,059003.000067,059003.000201,+0.0000,+0.2994,0.961,+0.2877,0.4232,42727.5733
42726.260,,plain,059003.000153,059003.000285,+0.0000,+0.1569,0.961,+0.1508,0.4221,42726.1092
42710.651,,plain,059003.000130,059003.000264,+0.0000,+0.2310,0.961,+0.2220,0.3039,42710.4290
42691.320,,plain,059003.000115,059003.000251,+0.0000,+0.2734,0.961,+0.2627,0.4246,42691.0573
42664.120,w,plain,059003.000196,059003.000327,+0.2509,+0.0000,0.961,-0.2411,0.5460,42664.3611
42635.281,,plain,059003.000151,059003.000281,+0.0000,+0.2196,0.961,+0.2111,0.5435,42635.0699
42630.849,,plain,059003.000194,059003.000317,+0.2590,+0.0000,0.961,-0.2489,0.4262,42631.0979
42616.451,,plain,059003.000101,059003.000232,+0.0000,+0.1234,0.961,+0.1186,0.1815,42616.3324
42614.769,,plain,059003.000195,059003.000317,+0.5254,+0.0000,0.961,-0.5049,0.4293,42615.2739
42599.891,w,plain,059003.000128,059003.000261,+0.0000,+0.1869,0.961,+0.1796,0.1859,42599.7114
42562.151,w,plain,059003.000197,059003.000328,+0.5074,+0.0000,0.961,-0.4876,0.7863,42562.6386
42546.850,,plain,059003.000218,059003.000557,+0.3780,+0.0000,0.961,-0.3633,0.6654,42547.2133
42539.171,,plain,059003.000060,059003.000196,+0.0000,+0.2509,0.961,+0.2411,0.5460,42538.9299
42500.471,w,plain,059003.000096,059003.000226,+0.0000,+0.4095,0.961,+0.3935,1.0391,42500.0775
42494.061,w,plain,059003.000154,059003.000284,+0.0000,+0.0000,0.961,+0.0000,1.1042,42494.0610
42481.750,w,plain,059003.000104,059003.000233,+0.0000,-0.2887,0.961,-0.2775,0.3013,42482.0275
42479.780,,plain,059003.000084,059003.000215,+0.0000,+0.3195,0.961,+0.3070,0.8462,42479.4730
42473.359,w,plain,059003.000129,059003.000263,+0.0000,+0.3451,0.961,+0.3317,0.7847,42473.0273
42465.580,,plain,059003.000156,059003.000284,+0.0000,+0.0000,0.961,+0.0000,1.0228,42465.5800
42460.311,,plain,059003.000205,059003.000338,+0.3066,+0.0000,0.961,-0.2947,0.7850,42460.6057
42451.621,w,plain,059003.000087,059003.000220,+0.0000,+0.1164,0.961,+0.1118,0.4255,42451.5092
42450.901,w,plain,059003.000196,059003.000326,+0.2509,+0.0000,0.961,-0.2411,0.6651,42451.1421
42449.100,,plain,059003.000152,059003.000280,+0.0000,+0.0374,0.961,+0.0359,0.1807,42449.0641
42430.330,,plain,059003.000114,059003.000246,+0.0000,+0.3176,0.961,+0.3052,0.6651,42430.0248
42427.770,,plain,059003.000078,059003.000209,+0.0000,+0.3181,0.961,+0.3057,0.1892,42427.4643
42410.671,,plain,059003.000197,059003.000327,+0.5074,+0.0000,0.961,-0.4876,0.5485,42411.1586
42405.819,,plain,059003.000104,059003.000232,+0.0000,+0.1234,0.961,+0.1186,0.3011,42405.7004
42402.560,,plain,059003.000177,059003.000295,+0.0000,+0.0000,0.961,+0.0000,0.5167,42402.5600
42383.721,,plain,059003.000134,059003.000267,-0.2318,+0.0000,0.961,+0.2227,0.4225,42383.4983
42381.890,,plain,059003.000105,059003.000231,+0.0000,+0.0000,0.961,+0.0000,0.5946,42381.8900
42372.851,,plain,059003.000076,059003.000207,+0.0000,+0.0720,0.961,+0.0692,0.3034,42372.7818
42370.970,,plain,059003.000206,059003.000339,+0.4794,+0.0000,0.961,-0.4607,0.9063,42371.4307
42364.849,,plain,059003.000108,059003.000234,+0.0000,+0.0000,0.961,+0.0000,0.7645,42364.8490
42354.690,**,plain,059003.000158,059003.000285,+0.0000,+0.1569,0.961,+0.1508,0.3027,42354.5392
42347.851,,plain,059003.000162,059003.000290,+0.0000,-0.0004,0.961,-0.0004,0.0712,42347.8514
42345.829,,plain,059003.000205,059003.000337,+0.3066,+0.0000,0.961,-0.2947,0.6656,42346.1237
42340.359,,plain,059003.000206,059003.000338,+0.4794,+0.0000,0.961,-0.4607,0.7870,42340.8197
42329.389,,plain,059003.000087,059003.000218,+0.0000,+0.3780,0.961,+0.3633,0.4278,42329.0257
42319.999,,plain,059003.000085,059003.000216,+0.0000,+0.0769,0.961,+0.0739,0.4240,42319.9251
42318.381,,plain,059003.000196,059003.000325,+0.2509,+0.0000,0.961,-0.2411,0.5460,42318.6221
42308.480,,plain,059003.000063,059003.000198,+0.0000,+0.0000,0.961,+0.0000,0.5167,42308.4800
42292.461,w,plain,059003.000119,059003.000253,+0.0000,+0.0000,0.961,+0.0000,0.5946,42292.4610
42283.360,,plain,059003.000097,059003.000224,+0.0000,+0.0000,0.961,+0.0000,0.5946,42283.3600
42279.281,,plain,059003.000114,059003.000244,+0.0000,+0.3836,0.961,+0.3687,0.6649,42278.9123
42269.399,,plain,059003.000111,059003.000238,+0.0000,+0.1514,0.961,+0.1455,0.4258,42269.2535
42268.501,,plain,059003.000130,059003.000261,+0.0000,+0.1869,0.961,+0.1796,0.3038,42268.3214
42261.160,,plain,059003.000106,059003.000237,+0.0000,+0.2936,0.961,+0.2822,0.5446,42260.8778
42256.160,,plain,059003.000195,059003.000315,+0.5254,+0.0000,0.961,-0.5049,0.5475,42256.6649
42225.800,,plain,059003.000206,059003.000337,+0.4794,+0.0000,0.961,-0.4607,0.6680,42226.2607
42224.680,,plain,059003.000218,059003.000345,+0.3780,+0.0000,0.961,-0.3633,0.5463,42225.0433
42219.970,**,plain,059003.000075,059003.000204,+0.0000,+0.0000,0.961,+0.0000,0.7645,42219.9700
42210.220,,plain,059003.000105,059003.000229,+0.0000,+0.1856,0.961,+0.1784,0.4221,42210.0416
42206.409,,plain,059003.000108,059003.000235,+0.0000,+0.0000,0.961,+0.0000,0.6848,42206.4090
42203.001,,plain,059003.000166,059003.000291,+0.0000,+0.5850,0.961,+0.5622,0.9070,42202.4388
42197.570,,plain,059003.000197,059003.000326,+0.5074,+0.0000,0.961,-0.4876,0.6672,42198.0576
42190.219,,plain,059003.000073,059003.000202,+0.0000,+0.0000,0.961,+0.0000,0.6848,42190.2190
42183.681,,plain,059003.000098,059003.000224,+0.0000,+0.0000,0.961,+0.0000,0.5167,42183.6810
42180.781,,plain,059003.000159,059003.000444,+0.0000,+0.1093,0.961,+0.1050,0.1849,42180.6760
42178.201,,plain,059003.000064,059003.000197,+0.0000,+0.5074,0.961,+0.4876,0.6672,42177.7134
42162.940,,plain,059003.000194,059003.000314,+0.2590,+0.0000,0.961,-0.2489,0.5451,42163.1889
42157.430,**,plain,059003.000083,059003.000211,+0.0000,+0.3211,0.961,+0.3086,0.3067,42157.1214
42154.640,,plain,059003.000085,059003.000215,+0.0000,+0.3195,0.961,+0.3070,0.6755,42154.3330
42146.890,,plain,059003.000195,059003.000314,+0.5254,+0.0000,0.961,-0.5049,0.5475,42147.3949
42143.351,,plain,059003.000131,059003.000264,+0.0000,+0.2310,0.961,+0.2220,0.5425,42143.1290
42123.360,,plain,059003.000086,059003.000216,+0.0000,+0.0769,0.961,+0.0739,0.1883,42123.2861
42117.349,,plain,059003.000088,059003.000219,+0.0000,+0.4455,0.961,+0.4281,0.8455,42116.9209
42109.891,,plain,059003.000206,059003.000336,+0.4794,+0.0000,0.961,-0.4607,0.6680,42110.3517
42102.800,,plain,059003.000062,059003.000196,+0.0000,+0.2509,0.961,+0.2411,0.5460,42102.5589
42081.941,,plain,059003.000123,059003.000255,+0.0000,+0.0000,0.961,+0.0000,0.7645,42081.9410
42077.761,,plain,059003.000099,059003.000223,+0.0000,+0.0000,0.961,+0.0000,0.5453,42077.7610
42074.291,w,plain,059003.000101,059003.000228,+0.0000,+0.0000,0.961,+0.0000,0.1899,42074.2910
42072.879,,plain,059003.000078,059003.000207,+0.0000,+0.0720,0.961,+0.0692,0.1853,42072.8098
42064.871,**,plain,059003.000197,059003.000325,+0.5074,+0.0000,0.961,-0.4876,0.5485,42065.3586
42058.150,,plain,059003.000082,059003.000210,+0.0000,+0.3296,0.961,+0.3168,0.5441,42057.8332
42056.891,,plain,059003.000194,059003.000541,+0.2590,+0.0000,0.961,-0.2489,0.4262,42057.1399
42045.450,,plain,059003.000115,059003.000245,+0.0000,+0.2117,0.961,+0.2035,0.4231,42045.2465
42038.181,w,plain,059003.000053,059003.000195,+0.0000,+0.5254,0.961,+0.5049,0.4293,42037.6761
42030.441,w,plain,059003.000112,059003.000240,+0.0000,+0.1099,0.961,+0.1056,0.3020,42030.3354
42023.999,w,plain,059003.000156,059003.000282,+0.0000,+0.0000,0.961,+0.0000,0.9344,42023.9990
42022.121,w,plain,059003.000053,059003.000194,+0.0000,+0.2590,0.961,+0.2489,0.4262,42021.8721
42015.820,,plain,059003.000197,059003.000324,+0.5074,+0.0000,0.961,-0.4876,0.6672,42016.3076
42003.090,,plain,059003.000221,059003.000346,+0.2984,+0.0000,0.961,-0.2867,0.4241,42003.3767
41985.540,,plain,059003.000111,059003.000236,+0.0000,+0.0000,0.961,+0.0000,0.5167,41985.5400
41978.509,,plain,059003.000121,059003.000253,+0.0000,+0.0000,0.961,+0.0000,0.5167,41978.5090
41966.860,w,plain,059003.000221,059003.000556,+0.2984,+0.0000,0.961,-0.2867,0.3054,41967.1467
41965.061,,plain,059003.000083,059003.000209,+0.0000,+0.3181,0.961,+0.3057,0.3058,41964.7553
41951.489,,plain,059003.000199,059003.000329,+0.3532,+0.0000,0.961,-0.3395,0.4256,41951.8285
41927.540,,plain,059003.000115,059003.000244,+0.0000,+0.3836,0.961,+0.3687,0.4270,41927.1713
41924.660,,plain,059003.000064,059003.000196,+0.0000,+0.2509,0.961,+0.2411,0.6651,41924.4189
41920.210,,plain,059003.000206,059003.000335,+0.4794,+0.0000,0.961,-0.4607,0.7870,41920.6707
41884.731,,plain,059003.000115,059003.000243,+0.0000,+0.0000,0.961,+0.0000,0.5946,41884.7310
41881.930,,plain,059003.000221,059003.000554,+0.2984,+0.0000,0.961,-0.2867,0.5434,41882.2167
41877.190,,plain,059003.000158,059003.000283,+0.0000,+0.0000,0.961,+0.0000,0.3502,41877.1900
41873.311,,plain,059003.000087,059003.000216,+0.0000,+0.0769,0.961,+0.0739,0.4240,41873.2371
41848.480,,plain,059003.000119,059003.000250,+0.0000,+0.0000,0.961,+0.0000,0.5946,41848.4800
41845.450,,plain,059003.000073,059003.000201,+0.0000,+0.2994,0.961,+0.2877,0.4232,41845.1623
41840.001,,plain,059003.000119,059003.000249,+0.0000,+0.1525,0.961,+0.1466,0.4221,41839.8544
41837.480,,plain,059003.000084,059003.000210,+0.0000,+0.3296,0.961,+0.3168,0.6636,41837.1632
41826.719,,plain,059003.000123,059003.000253,+0.0000,+0.0000,0.961,+0.0000,0.6848,41826.7190
41823.289,,plain,059003.000153,059003.000281,+0.0000,+0.2196,0.961,+0.2111,0.4242,41823.0779
41818.950,,plain,059003.000108,059003.000231,+0.0000,+0.0000,0.961,+0.0000,0.6848,41818.9500
41802.479,,plain,059003.000081,059003.000207,+0.0000,+0.0720,0.961,+0.0692,0.3034,41802.4098
41777.340,,plain,059003.000168,059003.000290,+0.0000,-0.0004,0.961,-0.0004,0.1842,41777.3404
41762.999,,plain,059003.000095,059003.000221,+0.0000,+0.2984,0.961,+0.2867,0.3054,41762.7123
41757.971,,plain,059003.000120,059003.000251,+0.0000,+0.2734,0.961,+0.2627,0.6634,41757.7083
41757.259,,plain,059003.000131,059003.000262,+0.0000,+0.2858,0.961,+0.2746,0.5440,41756.9844
41747.021,,plain,059003.000075,059003.000202,+0.0000,+0.0000,0.961,+0.0000,0.7645,41747.0210
41744.219,w,plain,059003.000112,059003.000238,+0.0000,+0.1514,0.961,+0.1455,0.3078,41744.0735
41733.201,,plain,059003.000073,059003.000200,+0.0000,+0.3334,0.961,+0.3204,0.4237,41732.8806
41707.909,,plain,059003.000087,059003.000215,+0.0000,+0.3195,0.961,+0.3070,0.6755,41707.6020
41691.451,,plain,059003.000159,059003.000283,+0.0000,+0.0000,0.961,+0.0000,0.2548,41691.4510
41687.680,,plain,059003.000085,059003.000211,+0.0000,+0.3211,0.961,+0.3086,0.4250,41687.3714
41659.241,,plain,059003.000164,059003.000289,+0.0000,+0.3025,0.961,+0.2907,0.7861,41658.9503
41656.120,,plain,059003.000072,059003.000199,+0.0000,+0.3532,0.961,+0.3395,0.6640,41655.7805
41643.940,,plain,059003.000097,059003.000221,+0.0000,+0.2984,0.961,+0.2867,0.4241,41643.6533
41641.891,,plain,059003.000054,059003.000194,+0.0000,+0.2590,0.961,+0.2489,0.4262,41641.6421
41639.411,,plain,059003.000111,059003.000237,+0.0000,+0.2936,0.961,+0.2822,0.4256,41639.1288
41610.071,,plain,059003.000083,059003.000207,+0.0000,+0.0720,0.961,+0.0692,0.3034,41610.0018
41557.669,w,plain,059003.000074,059003.000201,+0.0000,+0.2994,0.961,+0.2877,0.1865,41557.3813
41544.319,,plain,059003.000098,059003.000221,+0.0000,+0.2984,0.961,+0.2867,0.3054,41544.0323
41534.581,,plain,059003.000121,059003.000250,+0.0000,+0.0000,0.961,+0.0000,0.5167,41534.5810
41530.220,,plain,059003.000067,059003.000198,+0.0000,+0.0000,0.961,+0.0000,0.5946,41530.2200
41526.029,,plain,059003.000121,059003.000249,+0.0000,+0.1525,0.961,+0.1466,0.3026,41525.8824
41514.579,,plain,059003.000101,059003.000432,+0.0000,+0.0000,0.961,+0.0000,0.2548,41514.5790
41512.370,,plain,059003.000085,059003.000210,+0.0000,+0.3296,0.961,+0.3168,0.4250,41512.0532
41495.260,,plain,059003.000085,059003.000209,+0.0000,+0.3181,0.961,+0.3057,0.4244,41494.9543
41484.570,,plain,059003.000073,059003.000199,+0.0000,+0.3532,0.961,+0.3395,0.4256,41484.2305
41475.949,,plain,059003.000160,059003.000286,+0.0000,+0.0000,0.961,+0.0000,0.5946,41475.9490
41473.799,w,plain,059003.000104,059003.000224,+0.0000,+0.0000,0.961,+0.0000,0.5167,41473.7990
41464.269,,plain,059003.000105,059003.000224,+0.0000,+0.0000,0.961,+0.0000,0.5946,41464.2690
41455.879,,plain,059003.000102,059003.000432,+0.0000,+0.0000,0.961,+0.0000,0.2548,41455.8790
41448.160,,plain,059003.000104,059003.000222,+0.0000,+0.0000,0.961,+0.0000,0.4247,41448.1600
41446.719,,plain,059003.000095,059003.000220,+0.0000,+0.1164,0.961,+0.1118,0.3074,41446.6072
41443.009,,plain,059003.000111,059003.000231,+0.0000,+0.0000,0.961,+0.0000,0.5946,41443.0090
41439.949,,plain,059003.000079,059003.000206,+0.0000,+0.4794,0.961,+0.4607,0.7870,41439.4883
41423.771,,plain,059003.000115,059003.000239,+0.0000,+0.2858,0.961,+0.2746,0.4254,41423.4964
41414.901,,plain,059003.000093,059003.000218,+0.0000,+0.3780,0.961,+0.3633,0.6654,41414.5377
41403.190,,plain,059003.000088,059003.000213,+0.0000,+0.0000,0.961,+0.0000,0.8536,41403.1900
41382.791,,plain,059003.000123,059003.000250,+0.0000,+0.0000,0.961,+0.0000,0.6848,41382.7910
41367.060,,plain,059003.000218,059003.000549,+0.3780,+0.0000,0.961,-0.3633,0.4278,41367.4233
41349.211,,plain,059003.000121,059003.000248,+0.0000,+0.0000,0.961,+0.0000,0.3039,41349.2110
41327.691,,plain,059003.000097,059003.000220,+0.0000,+0.1164,0.961,+0.1118,0.4255,41327.5792
41305.859,,plain,059003.000175,059003.000292,+0.0000,+0.2413,0.961,+0.2318,0.3078,41305.6272
41298.589,,plain,059003.000086,059003.000209,+0.0000,+0.3181,0.961,+0.3057,0.1892,41298.2833
41296.540,,plain,059003.000218,059003.000548,+0.3780,+0.0000,0.961,-0.3633,0.5463,41296.9033
41290.021,,plain,059003.000075,059003.000200,+0.0000,+0.3334,0.961,+0.3204,0.5431,41289.7006
41271.391,,plain,059003.000111,059003.000229,+0.0000,+0.1856,0.961,+0.1784,0.4221,41271.2126
41262.721,,plain,059003.000171,059003.000291,+0.0000,+0.5850,0.961,+0.5622,0.9070,41262.1588
41260.611,w,plain,059003.000197,059003.000323,+0.5074,+0.0000,0.961,-0.4876,0.7863,41261.0986
41255.741,,plain,059003.000172,059003.000291,+0.0000,+0.5850,0.961,+0.5622,0.6690,41255.1788
41240.870,,plain,059003.000087,059003.000211,+0.0000,+0.3211,0.961,+0.3086,0.4250,41240.5614
41235.951,,plain,059003.000119,059003.000244,+0.0000,+0.3836,0.961,+0.3687,0.4270,41235.5823
41232.249,,plain,059003.000115,059003.000238,+0.0000,+0.1514,0.961,+0.1455,0.4258,41232.1035
41230.681,,plain,059003.000132,059003.000263,+0.0000,+0.3451,0.961,+0.3317,0.6653,41230.3493
41227.961,w,plain,059003.000098,059003.000220,+0.0000,+0.1164,0.961,+0.1118,0.3074,41227.8492
41224.089,,plain,059003.000121,059003.000435,+0.0000,+0.0000,0.961,+0.0000,0.4247,41224.0890
41217.359,,plain,059003.000096,059003.000219,+0.0000,+0.4455,0.961,+0.4281,1.0161,41216.9309
41210.919,,plain,059003.000143,059003.000273,+0.0000,+0.0364,0.961,+0.0350,0.0732,41210.8840
41205.241,,plain,059003.000097,059003.000218,+0.0000,+0.3780,0.961,+0.3633,0.4278,41204.8777
41202.081,,plain,059003.000212,059003.000338,+0.4290,+0.0000,0.961,-0.4123,1.0068,41202.4933
41193.159,,plain,059003.000119,059003.000243,+0.0000,+0.0000,0.961,+0.0000,0.5946,41193.1590
41163.811,,plain,059003.000120,059003.000247,+0.0000,+0.0000,0.961,+0.0000,0.8536,41163.8110
41147.191,,plain,059003.000106,059003.000224,+0.0000,+0.0000,0.961,+0.0000,0.6848,41147.1910
41145.199,,plain,059003.000120,059003.000246,+0.0000,+0.3176,0.961,+0.3052,0.6651,41144.8938
41134.411,w,plain,059003.000106,059003.000223,+0.0000,+0.0000,0.961,+0.0000,0.5453,41134.4110
41118.460,,plain,059003.000129,059003.000257,+0.0000,+0.0000,0.961,+0.0000,1.1042,41118.4600
41110.800,,plain,059003.000069,059003.000197,+0.0000,+0.5074,0.961,+0.4876,0.6672,41110.3124
41103.480,,plain,059003.000203,059003.000331,+0.3561,+0.0000,0.961,-0.3422,0.6653,41103.8222
41094.491,,plain,059003.000144,059003.000275,+0.0000,+0.2900,0.961,+0.2787,0.3079,41094.2123
41086.659,,plain,059003.000132,059003.000262,+0.0000,+0.2858,0.961,+0.2746,0.6635,41086.3844
41078.601,,plain,059003.000199,059003.000324,+0.3532,+0.0000,0.961,-0.3395,0.6640,41078.9405
41069.170,w,plain,059003.000088,059003.000212,+0.0000,+0.4290,0.961,+0.4123,0.8344,41068.7577
41065.649,,plain,059003.000087,059003.000210,+0.0000,+0.3296,0.961,+0.3168,0.4250,41065.3322
41059.640,,plain,059003.000070,059003.000197,+0.0000,+0.5074,0.961,+0.4876,0.7863,41059.1524
41048.531,,plain,059003.000087,059003.000209,+0.0000,+0.3181,0.961,+0.3057,0.4244,41048.2253
41040.021,,plain,059003.000121,059003.000245,+0.0000,+0.2117,0.961,+0.2035,0.3040,41039.8175
41023.489,,plain,059003.000082,059003.000205,+0.0000,+0.3066,0.961,+0.2947,0.5466,41023.1943
41020.540,,plain,059003.000099,059003.000219,+0.0000,+0.4455,0.961,+0.4281,0.8455,41020.1119
41012.511,,plain,059003.000099,059003.000218,+0.0000,+0.3780,0.961,+0.3633,0.5463,41012.1477
40999.110,,plain,059003.000196,059003.000320,+0.2509,+0.0000,0.961,-0.2411,0.6651,40999.3511
40994.250,,plain,059003.000120,059003.000244,+0.0000,+0.3836,0.961,+0.3687,0.6649,40993.8813
40975.820,,plain,059003.000091,059003.000213,+0.0000,+0.0000,0.961,+0.0000,1.0228,40975.8200
40965.591,,plain,059003.000126,059003.000255,+0.0000,+0.0000,0.961,+0.0000,0.7645,40965.5910
40953.931,,plain,059003.000114,059003.000237,+0.0000,+0.2936,0.961,+0.2822,0.6640,40953.6488
40951.870,,plain,059003.000115,059003.000234,+0.0000,+0.0000,0.961,+0.0000,0.6848,40951.8700
40948.361,,plain,059003.000115,059003.000236,+0.0000,+0.0000,0.961,+0.0000,0.5167,40948.3610
40943.631,,plain,059003.000086,059003.000207,+0.0000,+0.0720,0.961,+0.0692,0.1853,40943.5618
40939.999,,plain,059003.000123,059003.000247,+0.0000,+0.0000,0.961,+0.0000,0.7645,40939.9990
40932.119,,plain,059003.000112,059003.000232,+0.0000,+0.1234,0.961,+0.1186,0.3011,40932.0004
40925.950,,plain,059003.000198,059003.000321,+0.0000,+0.0000,0.961,+0.0000,0.5946,40925.9500
40921.341,,plain,059003.000123,059003.000246,+0.0000,+0.3176,0.961,+0.3052,0.5460,40921.0358
40901.359,,plain,059003.000108,059003.000224,+0.0000,+0.0000,0.961,+0.0000,0.6848,40901.3590
40889.311,w,plain,059003.000144,059003.000273,+0.0000,+0.0364,0.961,+0.0350,0.3032,40889.2760
40888.529,w,plain,059003.000108,059003.000223,+0.0000,+0.0000,0.961,+0.0000,0.5453,40888.5290
40879.280,,plain,059003.000121,059003.000243,+0.0000,+0.0000,0.961,+0.0000,0.5167,40879.2800
40869.590,,plain,059003.000076,059003.000201,+0.0000,+0.2994,0.961,+0.2877,0.3042,40869.3023
40857.830,,plain,059003.000120,059003.000241,+0.0000,+0.0000,0.961,+0.0000,0.9344,40857.8300
40845.660,,plain,059003.000088,059003.000210,+0.0000,+0.3296,0.961,+0.3168,0.5441,40845.3432
40834.681,,plain,059003.000104,059003.000221,+0.0000,+0.2984,0.961,+0.2867,0.3054,40834.3943
40810.030,,plain,059003.000158,059003.000279,+0.0000,+0.0000,0.961,+0.0000,0.4247,40810.0300
40805.500,**,plain,059003.000206,059003.000332,+0.4794,+0.0000,0.961,-0.4607,0.9063,40805.9607
40803.631,**,plain,059003.000142,059003.000271,+0.8663,+0.0000,0.961,-0.8325,0.1820,40804.4635
40801.189,,plain,059003.000127,059003.000255,+1.0913,+0.0000,0.961,-1.0487,0.5424,40802.2377
40799.221,,plain,059003.000175,059003.000290,+0.0000,-0.0004,0.961,-0.0004,0.3027,40799.2214
40780.981,,plain,059003.000196,059003.000318,+0.2509,+0.0000,0.961,-0.2411,0.5460,40781.2221
40773.181,,plain,059003.000093,059003.000214,+0.0000,+0.4323,0.961,+0.4154,0.6669,40772.7656
40770.309,,plain,059003.000123,059003.000244,+0.0000,+0.3836,0.961,+0.3687,0.5457,40769.9403
40767.711,**,plain,059003.000202,059003.000327,+0.0000,+0.0000,0.961,+0.0000,0.7645,40767.7110
40757.241,w,plain,059003.000076,059003.000200,+0.0000,+0.3334,0.961,+0.3204,0.3048,40756.9206
40756.591,w,plain,059003.000113,059003.000230,+0.0000,+0.3624,0.961,+0.3482,0.9047,40756.2428
40749.131,,plain,059003.000097,059003.000216,+0.0000,+0.0769,0.961,+0.0739,0.4240,40749.0571
40741.111,,plain,059003.000208,059003.000543,+0.0000,+0.0000,0.961,+0.0000,0.5167,40741.1110
40727.521,,plain,059003.000123,059003.000243,+0.0000,+0.0000,0.961,+0.0000,0.6848,40727.5210
40723.859,,plain,059003.000135,059003.000264,+0.0000,+0.2310,0.961,+0.2220,0.4230,40723.6370
40718.911,w,plain,059003.000072,059003.000197,+0.0000,+0.5074,0.961,+0.4876,0.6672,40718.4234
40715.050,,plain,059003.000129,059003.000256,+0.0000,+0.0000,0.961,+0.0000,1.0228,40715.0500
40708.731,,plain,059003.000093,059003.000213,+0.0000,+0.0000,0.961,+0.0000,0.9344,40708.7310
40705.731,,plain,059003.000082,059003.000203,+0.0000,+0.3561,0.961,+0.3422,0.5462,40705.3888
40704.471,,plain,059003.000087,059003.000208,+0.0000,+0.0000,0.961,+0.0000,0.5946,40704.4710
40692.099,,plain,059003.000176,059003.000290,+0.0000,-0.0004,0.961,-0.0004,0.1842,40692.0994
40672.231,,plain,059003.000163,059003.000285,+0.0000,+0.1569,0.961,+0.1508,0.3027,40672.0802
40649.541,,plain,059003.000098,059003.000216,+0.0000,+0.0769,0.961,+0.0739,0.3052,40649.4671
40647.921,,plain,059003.000237,059003.000558,+0.2936,+0.0000,0.961,-0.2822,0.6640,40648.2032
40641.879,w,plain,059003.000091,059003.000212,+0.0000,+0.4290,0.961,+0.4123,1.0068,40641.4667
40640.689,,plain,059003.000114,059003.000230,+0.0000,+0.3624,0.961,+0.3482,0.6659,40640.3408
40627.771,,plain,059003.000172,059003.000289,+0.0000,+0.3025,0.961,+0.2907,0.6670,40627.4803
40626.239,w,plain,059003.000179,059003.000302,+0.0000,+0.1150,0.961,+0.1105,0.4221,40626.1285
40602.211,,plain,059003.000115,059003.000237,+0.0000,+0.2936,0.961,+0.2822,0.4256,40601.9288
40590.349,,plain,059003.000146,059003.000275,+0.0000,+0.2900,0.961,+0.2787,0.4259,40590.0703
40583.751,,plain,059003.000097,059003.000215,+0.0000,+0.3195,0.961,+0.3070,0.6755,40583.4440
40567.631,,plain,059003.000096,059003.000214,+0.0000,+0.4323,0.961,+0.4154,0.7861,40567.2156
40551.210,,plain,059003.000198,059003.000319,+0.0000,+0.0000,0.961,+0.0000,0.5167,40551.2100
40547.181,,plain,059003.000060,059003.000195,+0.0000,+0.5254,0.961,+0.5049,0.5475,40546.6761
40540.689,,plain,059003.000119,059003.000238,+0.0000,+0.1514,0.961,+0.1455,0.4258,40540.5435
40536.250,,plain,059003.000146,059003.000274,+0.0000,+0.0000,0.961,+0.0000,0.5167,40536.2500
40531.071,,plain,059003.000060,059003.000194,+0.0000,+0.2590,0.961,+0.2489,0.5451,40530.8221
40527.490,**,plain,059003.000082,059003.000202,+0.0000,+0.0000,0.961,+0.0000,0.7645,40527.4900
40518.229,,plain,059003.000104,059003.000220,+0.0000,+0.1164,0.961,+0.1118,0.3074,40518.1172
40515.520,w,plain,059003.000132,059003.000258,+0.0000,+0.0000,0.961,+0.0000,0.8536,40515.5200
40508.609,,plain,059003.000105,059003.000220,+0.0000,+0.1164,0.961,+0.1118,0.4255,40508.4972
40503.160,,plain,059003.000096,059003.000213,+0.0000,+0.0000,0.961,+0.0000,1.0228,40503.1600
40496.040,,plain,059003.000115,059003.000233,+0.0000,-0.2887,0.961,-0.2775,0.4211,40496.3175
40490.529,,plain,059003.000173,059003.000289,+0.0000,+0.3025,0.961,+0.2907,0.5482,40490.2383
40484.951,,plain,059003.000084,059003.000203,+0.0000,+0.3561,0.961,+0.3422,0.6653,40484.6088
40476.939,,plain,059003.000147,059003.000275,+0.0000,+0.2900,0.961,+0.2787,0.1926,40476.6603
40454.730,,plain,059003.000085,059003.000204,+0.0000,+0.0000,0.961,+0.0000,0.6848,40454.7300
40434.701,,plain,059003.000164,059003.000284,+0.0000,+0.0000,0.961,+0.0000,1.1042,40434.7010
40417.620,w,plain,059003.000126,059003.000251,+0.0000,+0.2734,0.961,+0.2627,0.5438,40417.3573
40402.939,,plain,059003.000180,059003.000302,+0.0000,+0.1150,0.961,+0.1105,0.3026,40402.8285
40391.070,**,plain,059003.000134,059003.000259,-0.2318,+0.0000,0.961,+0.2227,0.4225,40390.8473
40386.240,,plain,059003.000105,059003.000218,+0.0000,+0.3780,0.961,+0.3633,0.4278,40385.8767
40380.549,,plain,059003.000177,059003.000292,+0.0000,+0.2413,0.961,+0.2318,0.4258,40380.3172
40376.401,,plain,059003.000203,059003.000326,+0.3561,+0.0000,0.961,-0.3422,0.6653,40376.7432
40374.480,w,plain,059003.000093,059003.000212,+0.0000,+0.4290,0.961,+0.4123,0.9168,40374.0677
40371.300,w,plain,059003.000224,059003.000550,+0.0000,+0.0000,0.961,+0.0000,0.6848,40371.3000
40356.310,,plain,059003.000104,059003.000217,+0.0000,+0.0000,0.961,+0.0000,0.4247,40356.3100
40354.741,,plain,059003.000237,059003.000557,+0.2936,+0.0000,0.961,-0.2822,0.6640,40355.0232
40346.631,,plain,059003.000105,059003.000217,+0.0000,+0.0000,0.961,+0.0000,0.5167,40346.6310
40339.210,w,plain,059003.000162,059003.000283,+0.0000,+0.0000,0.961,+0.0000,0.1899,40339.2100
40337.661,w,plain,059003.000135,059003.000262,+0.0000,+0.2858,0.961,+0.2746,0.4248,40337.3864
40322.049,,plain,059003.000113,059003.000227,+0.0000,+0.4144,0.961,+0.3982,0.9064,40321.6508
40310.780,,plain,059003.000080,059003.000200,+0.0000,+0.3334,0.961,+0.3204,0.4237,40310.4596
40306.670,w,plain,059003.000084,059003.000202,+0.0000,+0.0000,0.961,+0.0000,0.8536,40306.6700
40306.379,w,plain,059003.000099,059003.000213,+0.0000,+0.0000,0.961,+0.0000,0.8536,40306.3790
40302.491,,plain,059003.000210,059003.000334,+0.3296,+0.0000,0.961,-0.3168,0.4250,40302.8078
40299.149,,plain,059003.000081,059003.000201,+0.0000,+0.2994,0.961,+0.2877,0.3042,40298.8613
40293.751,,plain,059003.000073,059003.000196,+0.0000,+0.2509,0.961,+0.2411,0.4274,40293.5099
40281.660,,plain,059003.000135,059003.000261,+0.0000,+0.1869,0.961,+0.1796,0.4229,40281.4804
40271.699,**,plain,059003.000147,059003.000273,+0.0000,+0.0364,0.961,+0.0350,0.1850,40271.6640
40268.569,,plain,059003.000198,059003.000317,+0.0000,+0.0000,0.961,+0.0000,0.5946,40268.5690
40266.540,w,plain,059003.000123,059003.000239,+0.0000,+0.2858,0.961,+0.2746,0.5445,40266.2654
40260.249,,plain,059003.000119,059003.000234,+0.0000,+0.0000,0.961,+0.0000,0.6848,40260.2490
40257.831,,plain,059003.000168,059003.000444,+0.0000,+0.1093,0.961,+0.1050,0.1849,40257.7260
40256.761,,plain,059003.000119,059003.000236,+0.0000,+0.0000,0.961,+0.0000,0.5167,40256.7610
40245.691,,plain,059003.000226,059003.000552,+0.4095,+0.0000,0.961,-0.3935,1.1321,40246.0845
40235.750,w,plain,059003.000095,059003.000211,+0.0000,+0.3211,0.961,+0.3086,0.3067,40235.4414
40234.130,,plain,059003.000115,059003.000229,+0.0000,+0.1856,0.961,+0.1784,0.4221,40233.9516
40231.299,,plain,059003.000223,059003.000548,+0.0000,+0.0000,0.961,+0.0000,0.5453,40231.2990
40226.780,w,plain,059003.000121,059003.000238,+0.0000,+0.1514,0.961,+0.1455,0.3078,40226.6345
40204.669,,plain,059003.000211,059003.000543,+0.3211,+0.0000,0.961,-0.3086,0.3067,40204.9776
40194.630,,plain,059003.000163,059003.000283,+0.0000,+0.0000,0.961,+0.0000,0.3502,40194.6300
40191.491,,plain,059003.000106,059003.000220,+0.0000,+0.1164,0.961,+0.1118,0.5445,40191.3792
40186.779,,plain,059003.000081,059003.000200,+0.0000,+0.3334,0.961,+0.3204,0.3048,40186.4586
40184.839,,plain,059003.000244,059003.000348,+0.3836,+0.0000,0.961,-0.3687,0.6649,40185.2077
40170.630,w,plain,059003.000089,059003.000207,+0.0000,+0.0720,0.961,+0.0692,0.1853,40170.5608
40169.191,w,plain,059003.000096,059003.000212,+0.0000,+0.4290,0.961,+0.4123,1.0068,40168.7787
40163.209,,plain,059003.000130,059003.000253,+0.0000,+0.0000,0.961,+0.0000,0.5167,40163.2090
40150.610,w,plain,059003.000101,059003.000216,+0.0000,+0.0769,0.961,+0.0739,0.1883,40150.5361
40145.400,,plain,059003.000129,059003.000252,+0.0000,+0.0000,0.961,+0.0000,1.0228,40145.4000
40131.010,,plain,059003.000135,059003.000259,+0.0000,+0.0000,0.961,+0.0000,0.5946,40131.0100
40128.591,,plain,059003.000237,059003.000554,+0.2936,+0.0000,0.961,-0.2822,0.5446,40128.8732
40127.160,,plain,059003.000211,059003.000334,+0.3211,+0.0000,0.961,-0.3086,0.4250,40127.4686
40116.741,,plain,059003.000097,059003.000211,+0.0000,+0.3211,0.961,+0.3086,0.4250,40116.4324
40110.740,,plain,059003.000062,059003.000195,+0.0000,+0.5254,0.961,+0.5049,0.5475,40110.2351
40106.731,,plain,059003.000083,059003.000201,+0.0000,+0.2994,0.961,+0.2877,0.3042,40106.4433
40104.011,,plain,059003.000075,059003.000197,+0.0000,+0.5074,0.961,+0.4876,0.5485,40103.5234
40101.711,,plain,059003.000119,059003.000235,+0.0000,+0.0000,0.961,+0.0000,0.5946,40101.7110
40091.810,,plain,059003.000102,059003.000216,+0.0000,+0.0769,0.961,+0.0739,0.1883,40091.7361
40089.201,,plain,059003.000199,059003.000321,+0.3532,+0.0000,0.961,-0.3395,0.4256,40089.5405
40080.941,w,plain,059003.000126,059003.000248,+0.0000,+0.0000,0.961,+0.0000,0.5425,40080.9410
40074.931,,plain,059003.000123,059003.000238,+0.0000,+0.1514,0.961,+0.1455,0.5447,40074.7855
40070.401,,plain,059003.000082,059003.000200,+0.0000,+0.3334,0.961,+0.3204,0.5431,40070.0806
40065.281,,plain,059003.000175,059003.000288,+0.0000,+0.1481,0.961,+0.1423,0.3064,40065.1387
40062.089,w,plain,059003.000080,059003.000199,+0.0000,+0.3532,0.961,+0.3395,0.4256,40061.7495
40059.920,w,plain,059003.000201,059003.000542,+0.2994,+0.0000,0.961,-0.2877,0.1865,40060.2077
40058.700,,plain,059003.000235,059003.000346,+0.0000,+0.0000,0.961,+0.0000,0.5946,40058.7000
40053.081,,plain,059003.000114,059003.000226,+0.0000,+0.4095,0.961,+0.3935,0.9521,40052.6875
40047.279,,plain,059003.000218,059003.000337,+0.3780,+0.0000,0.961,-0.3633,0.6654,40047.6423
40018.421,,plain,059003.000120,059003.000234,+0.0000,+0.0000,0.961,+0.0000,0.8536,40018.4210
40017.041,w,plain,059003.000098,059003.000211,+0.0000,+0.3211,0.961,+0.3086,0.3067,40016.7324
40015.201,**,plain,059003.000161,059003.000281,+1.0597,+0.2196,0.961,-0.8074,0.0666,40016.0084
40000.200,,plain,059003.000112,059003.000224,+0.0000,+0.0000,0.961,+0.0000,0.5167,40000.2000
39994.410,,plain,059003.000083,059003.000200,+0.0000,+0.3334,0.961,+0.3204,0.3048,39994.0896
39992.970,,plain,059003.000164,059003.000282,+0.0000,+0.0000,0.961,+0.0000,1.0228,39992.9700
39983.820,,plain,059003.000239,059003.000347,+0.2858,+0.0000,0.961,-0.2746,0.5445,39984.0946
39981.721,,plain,059003.000085,059003.000202,+0.0000,+0.0000,0.961,+0.0000,0.6848,39981.7210
39974.481,,plain,059003.000112,059003.000222,+0.0000,+0.0000,0.961,+0.0000,0.4247,39974.4810
39972.310,,plain,059003.000099,059003.000212,+0.0000,+0.4290,0.961,+0.4123,0.8344,39971.8977
39947.589,w,plain,059003.000201,059003.000322,+0.2994,+0.0000,0.961,-0.2877,0.3042,39947.8767
39946.310,w,plain,059003.000063,059003.000194,+0.0000,+0.2590,0.961,+0.2489,0.3083,39946.0611
39945.541,,plain,059003.000108,059003.000220,+0.0000,+0.1164,0.961,+0.1118,0.5445,39945.4292
39942.860,,plain,059003.000121,059003.000236,+0.0000,+0.0000,0.961,+0.0000,0.4247,39942.8600
39941.471,,plain,059003.000097,059003.000210,+0.0000,+0.3296,0.961,+0.3168,0.4250,39941.1542
39939.830,,plain,059003.000104,059003.000216,+0.0000,+0.0769,0.961,+0.0739,0.3052,39939.7561
39937.481,,plain,059003.000235,059003.000554,+0.0000,+0.0000,0.961,+0.0000,0.6848,39937.4810
39933.781,,plain,059003.000151,059003.000277,+0.0000,+0.0000,0.961,+0.0000,0.7645,39933.7810
39932.631,w,plain,059003.000064,059003.000195,+0.0000,+0.5254,0.961,+0.5049,0.6664,39932.1261
39931.489,,plain,059003.000218,059003.000336,+0.3780,+0.0000,0.961,-0.3633,0.6654,39931.8523
39930.191,,plain,059003.000105,059003.000216,+0.0000,+0.0769,0.961,+0.0739,0.4240,39930.1171
39924.169,,plain,059003.000099,059003.000211,+0.0000,+0.3211,0.961,+0.3086,0.5442,39923.8604
39917.569,*r,flag,059003.000127,059003.000248,+1.0913,+0.0000,1.000,-1.0913,0.0651,39918.6603
39910.651,,plain,059003.000119,059003.000237,+0.0000,+0.2936,0.961,+0.2822,0.4256,39910.3688
39903.869,,plain,059003.000236,059003.000346,+0.0000,+0.0000,0.961,+0.0000,0.5167,39903.8690
39902.431,,plain,059003.000160,059003.000279,+0.0000,+0.0000,0.961,+0.0000,0.5167,39902.4310
39871.861,,plain,059003.000114,059003.000225,+0.0000,+0.4095,0.961,+0.3935,0.9521,39871.4675
39851.121,w,plain,059003.000131,059003.000255,+0.0000,+0.0000,0.961,+0.0000,0.7645,39851.1210
39850.630,,plain,059003.000075,059003.000196,+0.0000,+0.2509,0.961,+0.2411,0.5460,39850.3889
39840.659,,plain,059003.000200,059003.000321,+0.3334,+0.0000,0.961,-0.3204,0.4237,39840.9794
39827.181,,plain,059003.000114,059003.000223,+0.0000,+0.0000,0.961,+0.0000,0.6645,39827.1810
39826.390,w,plain,059003.000239,059003.000558,+0.2858,+0.0000,0.961,-0.2746,0.6639,39826.6646
39823.231,,plain,059003.000108,059003.000218,+0.0000,+0.3780,0.961,+0.3633,0.5463,39822.8677
39821.881,,plain,059003.000082,059003.000199,+0.0000,+0.3532,0.961,+0.3395,0.5446,39821.5415
39810.971,w,plain,059003.000088,059003.000205,+0.0000,+0.3066,0.961,+0.2947,0.5466,39810.6763
39808.261,,plain,059003.000199,059003.000320,+0.3532,+0.0000,0.961,-0.3395,0.6640,39808.6005
39800.849,,plain,059003.000198,059003.000314,+0.0000,+0.0000,0.961,+0.0000,0.6848,39800.8490
39763.011,,plain,059003.000162,059003.000280,+0.0000,+0.0374,0.961,+0.0359,0.0617,39762.9751
39751.030,**,plain,059003.000152,059003.000275,+0.0000,+0.2900,0.961,+0.2787,0.1926,39750.7513
39748.751,,plain,059003.000099,059003.000210,+0.0000,+0.3296,0.961,+0.3168,0.5441,39748.4342
39741.770,,plain,059003.000210,059003.000330,+0.3296,+0.0000,0.961,-0.3168,0.5441,39742.0868
39728.349,,plain,059003.000201,059003.000321,+0.2994,+0.0000,0.961,-0.2877,0.4232,39728.6367
39719.050,d,plain,059003.000130,059003.000250,+0.0000,+0.0000,0.961,+0.0000,0.5167,39719.0500
39710.701,w,plain,059003.000130,059003.000249,+0.0000,+0.1525,0.961,+0.1466,0.3026,39710.5544
39709.760,,plain,059003.000223,059003.000342,+0.0000,+0.0000,0.961,+0.0000,0.7841,39709.7600
39696.970,,plain,059003.000152,059003.000274,+0.0000,+0.0000,0.961,+0.0000,0.3502,39696.9700
39688.479,w,plain,059003.000095,059003.000207,+0.0000,+0.0720,0.961,+0.0692,0.3034,39688.4098
39671.910,,plain,059003.000076,059003.000198,+0.0000,+0.0000,0.961,+0.0000,0.5167,39671.9100
39668.920,,plain,059003.000120,059003.000237,+0.0000,+0.2936,0.961,+0.2822,0.6640,39668.6378
39660.181,,plain,059003.000215,059003.000334,+0.3195,+0.0000,0.961,-0.3070,0.6755,39660.4880
39659.100,,plain,059003.000127,059003.000247,+1.0913,+0.0000,0.961,-1.0487,0.5424,39660.1487
39658.220,,plain,059003.000230,059003.000552,+0.3624,+0.0000,0.961,-0.3482,0.9047,39658.5682
39644.221,,plain,059003.000223,059003.000341,+0.0000,+0.0000,0.961,+0.0000,0.5453,39644.2210
39611.110,w,plain,059003.000126,059003.000243,+0.0000,+0.0000,0.961,+0.0000,0.6848,39611.1100
39601.210,,plain,059003.000084,059003.000199,+0.0000,+0.3532,0.961,+0.3395,0.6640,39600.8705
39595.929,,plain,059003.000131,059003.000253,+0.0000,+0.0000,0.961,+0.0000,0.6848,39595.9290
39590.121,w,plain,059003.000199,059003.000318,+0.3532,+0.0000,0.961,-0.3395,0.5446,39590.4605
39566.420,,plain,059003.000211,059003.000330,+0.3211,+0.0000,0.961,-0.3086,0.5442,39566.7286
39545.851,,plain,059003.000152,059003.000273,+0.0000,+0.0364,0.961,+0.0350,0.1850,39545.8160
39542.581,,plain,059003.000119,059003.000229,+0.0000,+0.1856,0.961,+0.1784,0.4221,39542.4026
39539.910,,plain,059003.000211,059003.000329,+0.3211,+0.0000,0.961,-0.3086,0.4250,39540.2186
39533.731,,plain,059003.000130,059003.000248,+0.0000,+0.0000,0.961,+0.0000,0.3039,39533.7310
39533.280,,plain,059003.000239,059003.000557,+0.2858,+0.0000,0.961,-0.2746,0.6639,39533.5546
39527.719,d,plain,059003.000223,059003.000340,+0.0000,+0.0000,0.961,+0.0000,0.6645,39527.7190
39522.719,,plain,059003.000243,059003.000347,+0.0000,+0.0000,0.961,+0.0000,0.6848,39522.7190
39518.091,,plain,059003.000212,059003.000330,+0.4290,+0.0000,0.961,-0.4123,0.8344,39518.5033
39517.439,,plain,059003.000126,059003.000241,+0.0000,+0.0000,0.961,+0.0000,0.8536,39517.4390
39506.569,w,plain,059003.000180,059003.000447,+0.0000,+0.0589,0.961,+0.0566,0.3021,39506.5124
39503.589,,plain,059003.000091,059003.000206,+0.0000,+0.4794,0.961,+0.4607,0.7870,39503.1283
39498.700,,plain,059003.000238,059003.000554,+0.1514,+0.0000,0.961,-0.1455,0.5447,39498.8455
39493.130,w,plain,059003.000088,059003.000203,+0.0000,+0.3561,0.961,+0.3422,0.5462,39492.7878
39488.329,,plain,059003.000115,059003.000224,+0.0000,+0.0000,0.961,+0.0000,0.5946,39488.3290
39483.771,,plain,059003.000226,059003.000342,+0.4095,+0.0000,0.961,-0.3935,1.0391,39484.1645
39472.379,,plain,059003.000132,059003.000256,+0.0000,+0.0000,0.961,+0.0000,0.9344,39472.3790
39456.842,w,plain,059003.000263,059003.000562,+0.3451,+0.0000,0.961,-0.3317,0.7847,39457.1737
39452.939,w,plain,059003.000246,059003.000559,+0.3176,+0.0000,0.961,-0.3052,0.7846,39453.2442
39447.471,w,plain,059003.000106,059003.000215,+0.0000,+0.3195,0.961,+0.3070,0.7561,39447.1640
39439.630,w,plain,059003.000203,059003.000323,+0.3561,+0.0000,0.961,-0.3422,0.7847,39439.9722
39421.189,w,plain,059003.000251,059003.000348,+0.2734,+0.0000,0.961,-0.2627,0.6634,39421.4517
39410.261,,plain,059003.000171,059003.000284,+0.0000,+0.0000,0.961,+0.0000,1.1922,39410.2610
39408.740,,plain,059003.000130,059003.000435,+0.0000,+0.0000,0.961,+0.0000,0.4247,39408.7400
39403.259,,plain,059003.000172,059003.000284,+0.0000,+0.0000,0.961,+0.0000,1.0228,39403.2590
39395.260,,plain,059003.000128,059003.000433,+0.0000,+0.1625,0.961,+0.1562,0.1839,39395.1038
39383.651,w**,plain,059003.000202,059003.000321,+0.0000,+0.0000,0.961,+0.0000,0.6848,39383.6510
39361.990,,plain,059003.000245,059003.000347,+0.2117,+0.0000,0.961,-0.2035,0.5426,39362.1935
39360.951,w,plain,059003.000112,059003.000221,+0.0000,+0.2984,0.961,+0.2867,0.3054,39360.6643
39353.440,,plain,059003.000201,059003.000319,+0.2994,+0.0000,0.961,-0.2877,0.3042,39353.7277
39341.530,w,plain,059003.000200,059003.000318,+0.3334,+0.0000,0.961,-0.3204,0.5431,39341.8504
39322.529,,plain,059003.000244,059003.000558,+0.3836,+0.0000,0.961,-0.3687,0.6649,39322.8977
39307.281,w,plain,059003.000104,059003.000211,+0.0000,+0.3211,0.961,+0.3086,0.3067,39306.9724
39303.220,,plain,059003.000131,059003.000251,+0.0000,+0.2734,0.961,+0.2627,0.5438,39302.9573
39301.879,,plain,059003.000226,059003.000340,+0.4095,+0.0000,0.961,-0.3935,0.9521,39302.2725
39268.750,w,plain,059003.000214,059003.000332,+0.4323,+0.0000,0.961,-0.4154,0.9055,39269.1654
39267.160,,plain,059003.000102,059003.000209,+0.0000,+0.3181,0.961,+0.3057,0.1892,39266.8543
39262.592,,plain,059003.000129,059003.000246,+0.0000,+0.3176,0.961,+0.3052,0.7846,39262.2868
39236.479,w,plain,059003.000093,059003.000206,+0.0000,+0.4794,0.961,+0.4607,0.6680,39236.0183
39225.451,,plain,059003.000080,059003.000198,+0.0000,+0.0000,0.961,+0.0000,0.5946,39225.4510
39224.651,,plain,059003.000130,059003.000245,+0.0000,+0.2117,0.961,+0.2035,0.3040,39224.4475
39211.131,,plain,059003.000239,059003.000345,+0.2858,+0.0000,0.961,-0.2746,0.5445,39211.4056
39201.739,w,plain,059003.000108,059003.000215,+0.0000,+0.3195,0.961,+0.3070,0.7561,39201.4320
39193.451,,plain,059003.000213,059003.000331,+0.0000,+0.0000,0.961,+0.0000,0.9344,39193.4510
39183.949,w,plain,059003.000067,059003.000195,+0.0000,+0.5254,0.961,+0.5049,0.4293,39183.4441
39180.581,w,plain,059003.000132,059003.000255,+0.0000,+0.0000,0.961,+0.0000,0.8536,39180.5810
39172.630,,plain,059003.000176,059003.000444,+0.0000,+0.1093,0.961,+0.1050,0.1849,39172.5250
39168.041,,plain,059003.000067,059003.000194,+0.0000,+0.2590,0.961,+0.2489,0.4262,39167.7921
39152.961,,plain,059003.000247,059003.000558,+0.0000,+0.0000,0.961,+0.0000,0.8536,39152.9610
39152.030,,plain,059003.000131,059003.000250,+0.0000,+0.0000,0.961,+0.0000,0.6848,39152.0300
39128.981,,plain,059003.000214,059003.000331,+0.4323,+0.0000,0.961,-0.4154,0.6669,39129.3964
39127.529,,plain,059003.000163,059003.000279,+0.0000,+0.0000,0.961,+0.0000,0.4247,39127.5290
39121.800,**,plain,059003.000205,059003.000323,+0.3066,+0.0000,0.961,-0.2947,0.7850,39122.0947
39116.441,w,plain,059003.000093,059003.000205,+0.0000,+0.3066,0.961,+0.2947,0.6656,39116.1463
39108.689,,plain,059003.000215,059003.000331,+0.3195,+0.0000,0.961,-0.3070,0.8462,39108.9960
39104.619,,plain,059003.000237,059003.000548,+0.2936,+0.0000,0.961,-0.2822,0.5446,39104.9012
39102.641,,plain,059003.000202,059003.000320,+0.0000,+0.0000,0.961,+0.0000,0.8536,39102.6410
39099.461,,plain,059003.000215,059003.000330,+0.3195,+0.0000,0.961,-0.3070,0.7561,39099.7680
39093.421,,plain,059003.000093,059003.000204,+0.0000,+0.0000,0.961,+0.0000,0.8536,39093.4210
39091.669,,plain,059003.000156,059003.000277,+0.0000,+0.0000,0.961,+0.0000,0.8536,39091.6690
39082.601,,plain,059003.000225,059003.000339,+0.4095,+0.0000,0.961,-0.3935,1.1321,39082.9945
39071.010,,plain,059003.000201,059003.000317,+0.2994,+0.0000,0.961,-0.2877,0.4232,39071.2977
39061.820,,plain,059003.000211,059003.000327,+0.3211,+0.0000,0.961,-0.3086,0.5442,39062.1286
39052.850,,plain,059003.000248,059003.000347,+0.0000,+0.0000,0.961,+0.0000,0.5425,39052.8500
39051.992,,plain,059003.000225,059003.000338,+0.4095,+0.0000,0.961,-0.3935,1.0391,39052.3855
39030.922,w**,plain,059003.000096,059003.000206,+0.0000,+0.4794,0.961,+0.4607,0.7870,39030.4613
39029.009,,plain,059003.000128,059003.000240,+0.0000,+0.1099,0.961,+0.1056,0.1830,39028.9034
39023.761,,plain,059003.000210,059003.000326,+0.3296,+0.0000,0.961,-0.3168,0.6636,39024.0778
38997.871,,plain,059003.000154,059003.000276,+0.0000,+0.0000,0.961,+0.0000,1.0228,38997.8710
38991.331,,plain,059003.000111,059003.000216,+0.0000,+0.0769,0.961,+0.0739,0.4240,38991.2571
38982.131,,plain,059003.000223,059003.000337,+0.0000,+0.0000,0.961,+0.0000,0.6645,38982.1310
38969.419,w,plain,059003.000156,059003.000276,+0.0000,+0.0000,0.961,+0.0000,0.9344,38969.4190
38966.590,,plain,059003.000131,059003.000248,+0.0000,+0.0000,0.961,+0.0000,0.5425,38966.5900
38964.119,,plain,059003.000199,059003.000314,+0.3532,+0.0000,0.961,-0.3395,0.5446,38964.4585
38962.581,,plain,059003.000155,059003.000275,+0.0000,+0.2900,0.961,+0.2787,0.3079,38962.3023
38924.509,**,plain,059003.000203,059003.000320,+0.3561,+0.0000,0.961,-0.3422,0.6653,38924.8512
38912.081,,plain,059003.000102,059003.000207,+0.0000,+0.0720,0.961,+0.0692,0.1853,38912.0118
38910.919,w,plain,059003.000096,059003.000205,+0.0000,+0.3066,0.961,+0.2947,0.7850,38910.6243
38908.510,,plain,059003.000155,059003.000274,+0.0000,+0.0000,0.961,+0.0000,0.4247,38908.5100
38896.280,,plain,059003.000230,059003.000342,+0.3624,+0.0000,0.961,-0.3482,0.7852,38896.6282
38891.409,,plain,059003.000210,059003.000325,+0.3296,+0.0000,0.961,-0.3168,0.5441,38891.7258
38884.570,w**,plain,059003.000082,059003.000197,+0.0000,+0.5074,0.961,+0.4876,0.5485,38884.0824
38882.559,,plain,059003.000112,059003.000217,+0.0000,+0.0000,0.961,+0.0000,0.4247,38882.5590
38873.019,w,plain,059003.000255,059003.000348,+0.0000,+0.0000,0.961,+0.0000,0.8536,38873.0190
38871.310,,plain,059003.000080,059003.000196,+0.0000,+0.2509,0.961,+0.2411,0.4274,38871.0689
38867.489,,plain,059003.000250,059003.000347,+0.0000,+0.0000,0.961,+0.0000,0.6848,38867.4890
38866.231,w,plain,059003.000223,059003.000336,+0.0000,+0.0000,0.961,+0.0000,0.6645,38866.2310
38859.721,,plain,059003.000247,059003.000557,+0.0000,+0.0000,0.961,+0.0000,0.8536,38859.7210
38858.060,,plain,059003.000199,059003.000541,+0.3532,+0.0000,0.961,-0.3395,0.4256,38858.3995
38842.360,,plain,059003.000210,059003.000324,+0.3296,+0.0000,0.961,-0.3168,0.6636,38842.6768
38824.579,w,plain,059003.000200,059003.000315,+0.3334,+0.0000,0.961,-0.3204,0.5431,38824.8994
38806.611,,plain,059003.000245,059003.000346,+0.2117,+0.0000,0.961,-0.2035,0.4231,38806.8145
38798.612,,plain,059003.000093,059003.000203,+0.0000,+0.3561,0.961,+0.3422,0.6653,38798.2698
38794.370,w,plain,059003.000239,059003.000343,+0.2858,+0.0000,0.961,-0.2746,0.4254,38794.6446
38780.161,w,plain,059003.000240,059003.000344,+0.1099,+0.0000,0.961,-0.1056,0.3020,38780.2666
38768.120,,plain,059003.000120,059003.000226,+0.0000,+0.4095,0.961,+0.3935,0.9521,38767.7265
38766.510,w,plain,059003.000214,059003.000328,+0.4323,+0.0000,0.961,-0.4154,0.7861,38766.9254
38757.239,,plain,059003.000155,059003.000273,+0.0000,+0.0364,0.961,+0.0350,0.3032,38757.2040
38748.360,w,plain,059003.000227,059003.000339,+0.4144,+0.0000,0.961,-0.3982,0.9064,38748.7582
38746.751,,plain,059003.000179,059003.000295,+0.0000,+0.0000,0.961,+0.0000,0.5167,38746.7510
38734.790,w,plain,059003.000108,059003.000211,+0.0000,+0.3211,0.961,+0.3086,0.5442,38734.4814
38726.389,w**,plain,059003.000001,059003.000165,+0.0000,-0.3421,0.961,-0.3288,0.5416,38726.7178
38717.701,,plain,059003.000227,059003.000338,+0.4144,+0.0000,0.961,-0.3982,0.7871,38718.0992
38716.051,w,plain,059003.000251,059003.000347,+0.2734,+0.0000,0.961,-0.2627,0.5438,38716.3137
38714.131,,plain,059003.000099,059003.000205,+0.0000,+0.3066,0.961,+0.2947,0.5466,38713.8363
38707.402,,plain,059003.000244,059003.000345,+0.3836,+0.0000,0.961,-0.3687,0.5457,38707.7707
38697.669,,plain,059003.000130,059003.000240,+0.0000,+0.1099,0.961,+0.1056,0.3020,38697.5634
38683.411,,plain,059003.000176,059003.000283,+0.0000,+0.0000,0.961,+0.0000,0.2548,38683.4110
38677.470,w,plain,059003.000221,059003.000543,+0.2984,+0.0000,0.961,-0.2867,0.3054,38677.7567
38676.649,,plain,059003.000223,059003.000335,+0.0000,+0.0000,0.961,+0.0000,0.7841,38676.6490
38667.749,w,plain,059003.000212,059003.000325,+0.4290,+0.0000,0.961,-0.4123,0.8344,38668.1613
38663.860,w,plain,059003.000084,059003.000197,+0.0000,+0.5074,0.961,+0.4876,0.6672,38663.3724
38657.370,,plain,059003.000131,059003.000245,+0.0000,+0.2117,0.961,+0.2035,0.5426,38657.1665
38652.361,,plain,059003.000246,059003.000554,+0.3176,+0.0000,0.961,-0.3052,0.5460,38652.6662
38640.321,,plain,059003.000226,059003.000336,+0.4095,+0.0000,0.961,-0.3935,0.9521,38640.7145
38632.661,w,plain,059003.000132,059003.000251,+0.0000,+0.2734,0.961,+0.2627,0.6634,38632.3983
38631.069,,plain,059003.000082,059003.000196,+0.0000,+0.2509,0.961,+0.2411,0.5460,38630.8279
38618.752,,plain,059003.000212,059003.000324,+0.4290,+0.0000,0.961,-0.4123,0.9168,38619.1643
38609.390,,plain,059003.000200,059003.000541,+0.3334,+0.0000,0.961,-0.3204,0.4237,38609.7104
38606.679,,plain,059003.000205,059003.000320,+0.3066,+0.0000,0.961,-0.2947,0.6656,38606.9737
38604.691,,plain,059003.000181,059003.000299,+0.0000,+0.3532,0.961,+0.3395,0.5454,38604.3515
38599.981,**,plain,059003.000152,059003.000271,+0.0000,+0.0000,0.961,+0.0000,0.2548,38599.9810
38594.799,,plain,059003.000215,059003.000327,+0.3195,+0.0000,0.961,-0.3070,0.7561,38595.1060
38593.160,w,plain,059003.000096,059003.000203,+0.0000,+0.3561,0.961,+0.3422,0.7847,38592.8178
38562.401,,plain,059003.000202,059003.000316,+0.0000,+0.0000,0.961,+0.0000,0.8536,38562.4010
38556.339,,plain,059003.000246,059003.000345,+0.3176,+0.0000,0.961,-0.3052,0.5460,38556.6442
38539.451,,plain,059003.000131,059003.000244,+0.0000,+0.3836,0.961,+0.3687,0.5457,38539.0823
38532.602,,plain,059003.000115,059003.000220,+0.0000,+0.1164,0.961,+0.1118,0.4255,38532.4902
38519.690,w,plain,059003.000126,059003.000235,+0.0000,+0.0000,0.961,+0.0000,0.6848,38519.6900
38517.479,w,plain,059003.000237,059003.000341,+0.2936,+0.0000,0.961,-0.2822,0.5446,38517.7612
38496.789,w,plain,059003.000201,059003.000541,+0.2994,+0.0000,0.961,-0.2877,0.4232,38497.0767
38482.781,,plain,059003.000121,059003.000224,+0.0000,+0.0000,0.961,+0.0000,0.5167,38482.7810
38479.159,,plain,059003.000219,059003.000331,+0.4455,+0.0000,0.961,-0.4281,0.9269,38479.5871
38469.960,,plain,059003.000219,059003.000330,+0.4455,+0.0000,0.961,-0.4281,0.8455,38470.3881
38466.081,,plain,059003.000112,059003.000216,+0.0000,+0.0769,0.961,+0.0739,0.3052,38466.0071
38450.639,w,plain,059003.000226,059003.000335,+0.4095,+0.0000,0.961,-0.3935,1.0391,38451.0325
38425.769,w,plain,059003.000183,059003.000298,-0.3551,+0.0000,0.961,+0.3413,0.1808,38425.4277
38421.541,w,plain,059003.000248,059003.000555,+0.0000,+0.0000,0.961,+0.0000,0.4230,38421.5410
38417.189,,plain,059003.000159,059003.000275,+0.0000,+0.2900,0.961,+0.2787,0.1926,38416.9103
38413.910,w**,plain,059003.000433,059003.000344,+0.1625,+0.0000,0.961,-0.1562,0.3025,38414.0662
38411.400,,plain,059003.000130,059003.000238,+0.0000,+0.1514,0.961,+0.1455,0.3078,38411.2545
38410.310,,plain,059003.000084,059003.000196,+0.0000,+0.2509,0.961,+0.2411,0.6651,38410.0689
38401.852,,plain,059003.000214,059003.000326,+0.4323,+0.0000,0.961,-0.4154,0.6669,38402.2674
38401.011,,plain,059003.000237,059003.000340,+0.2936,+0.0000,0.961,-0.2822,0.6640,38401.2932
38397.639,,plain,059003.000158,059003.000273,+0.0000,+0.0364,0.961,+0.0350,0.3032,38397.6040
38396.209,,plain,059003.000099,059003.000203,+0.0000,+0.3561,0.961,+0.3422,0.5462,38395.8668
38384.250,,plain,059003.000203,059003.000316,+0.3561,+0.0000,0.961,-0.3422,0.6653,38384.5922
38355.860,c,c,059003.000127,059003.000235,+1.0913,+0.0000,0.244,-0.2663,0.1097,38356.1263
38333.609,w,plain,059003.000213,059003.000325,+0.0000,+0.0000,0.961,+0.0000,0.8536,38333.6090
38328.509,,plain,059003.000126,059003.000237,+0.0000,+0.2936,0.961,+0.2822,0.5446,38328.2268
38323.940,w,plain,059003.000232,059003.000544,+0.1234,+0.0000,0.961,-0.1186,0.1815,38324.0586
38318.151,**,plain,059003.000123,059003.000223,+0.0000,+0.0000,0.961,+0.0000,0.5453,38318.1510
38313.891,,plain,059003.000230,059003.000339,+0.3624,+0.0000,0.961,-0.3482,0.9047,38314.2392
38301.740,,plain,059003.000073,059003.000195,+0.0000,+0.5254,0.961,+0.5049,0.4293,38301.2351
38297.589,w,plain,059003.000227,059003.000335,+0.4144,+0.0000,0.961,-0.3982,0.7871,38297.9872
38285.620,,plain,059003.000073,059003.000194,+0.0000,+0.2590,0.961,+0.2489,0.4262,38285.3711
38283.230,,plain,059003.000230,059003.000338,+0.3624,+0.0000,0.961,-0.3482,0.7852,38283.5782
38280.341,,plain,059003.000248,059003.000345,+0.0000,+0.0000,0.961,+0.0000,0.5425,38280.3410
38249.019,w,plain,059003.000215,059003.000325,+0.3195,+0.0000,0.961,-0.3070,0.7561,38249.3260
38244.670,w,plain,059003.000249,059003.000555,+0.1525,+0.0000,0.961,-0.1466,0.4221,38244.8166
38236.141,w,plain,059003.000113,059003.000214,+0.0000,+0.4323,0.961,+0.4154,0.9055,38235.7256
38220.221,w,plain,059003.000214,059003.000324,+0.4323,+0.0000,0.961,-0.4154,0.6669,38220.6364
38214.209,,plain,059003.000208,059003.000321,+0.0000,+0.0000,0.961,+0.0000,0.5946,38214.2090
38211.989,,plain,059003.000159,059003.000273,+0.0000,+0.0364,0.961,+0.0350,0.1850,38211.9540
38189.491,,plain,059003.000203,059003.000315,+0.3561,+0.0000,0.961,-0.3422,0.5462,38189.8332
38183.611,,plain,059003.000111,059003.000210,+0.0000,+0.3296,0.961,+0.3168,0.4250,38183.2942
38168.760,,plain,059003.000230,059003.000337,+0.3624,+0.0000,0.961,-0.3482,0.6659,38169.1082
38164.609,c,c,059003.000127,059003.000237,+1.0913,+0.2936,0.244,-0.1946,0.0260,38164.8036
38160.831,,plain,059003.000251,059003.000346,+0.2734,+0.0000,0.961,-0.2627,0.4246,38161.0937
38157.351,,plain,059003.000119,059003.000221,+0.0000,+0.2984,0.961,+0.2867,0.4241,38157.0643
38152.371,w,plain,059003.000202,059003.000541,+0.0000,+0.0000,0.961,+0.0000,0.6848,38152.3710
38132.231,,plain,059003.000126,059003.000231,+0.0000,+0.0000,0.961,+0.0000,0.6848,38132.2310
38127.461,,plain,059003.000130,059003.000236,+0.0000,+0.0000,0.961,+0.0000,0.4247,38127.4610
38116.780,w,plain,059003.000219,059003.000328,+0.4455,+0.0000,0.961,-0.4281,1.0161,38117.2081
38089.331,w,plain,059003.000209,059003.000322,+0.3181,+0.0000,0.961,-0.3057,0.3058,38089.6367
38085.282,w,plain,059003.000085,059003.000196,+0.0000,+0.2509,0.961,+0.2411,0.4274,38085.0409
38080.321,,plain,059003.000203,059003.000314,+0.3561,+0.0000,0.961,-0.3422,0.5462,38080.6632
38072.840,,plain,059003.000095,059003.000200,+0.0000,+0.3334,0.961,+0.3204,0.3048,38072.5196
38066.331,,plain,059003.000205,059003.000316,+0.3066,+0.0000,0.961,-0.2947,0.6656,38066.6257
38055.781,,plain,059003.000114,059003.000213,+0.0000,+0.0000,0.961,+0.0000,0.9344,38055.7810
38025.720,,plain,059003.000156,059003.000437,+0.0000,+0.0000,0.961,+0.0000,0.8536,38025.7200
38019.961,,plain,059003.000132,059003.000246,+0.0000,+0.3176,0.961,+0.3052,0.6651,38019.6558
38012.661,w,plain,059003.000221,059003.000329,+0.2984,+0.0000,0.961,-0.2867,0.4241,38012.9477
38006.279,w,plain,059003.000128,059003.000233,+0.0000,-0.2887,0.961,-0.2775,0.1818,38006.5565
37993.959,c,c,059003.000149,059003.000267,-0.2675,+0.0000,0.244,+0.0653,0.1070,37993.8937
37992.559,c,c,059003.000087,059003.000198,+0.0000,+0.0000,0.244,+0.0000,0.1510,37992.5590
37968.419,c,c,059003.000127,059003.000231,+1.0913,+0.0000,0.244,-0.2663,0.1097,37968.6853
37943.571,w,plain,059003.000251,059003.000345,+0.2734,+0.0000,0.961,-0.2627,0.5438,37943.8337
37914.821,,plain,059003.000093,059003.000199,+0.0000,+0.3532,0.961,+0.3395,0.6640,37914.4815
37883.549,,plain,059003.000135,059003.000251,+0.0000,+0.2734,0.961,+0.2627,0.4246,37883.2863
37871.762,,plain,059003.000205,059003.000315,+0.3066,+0.0000,0.961,-0.2947,0.5466,37872.0567
37868.881,,plain,059003.000132,059003.000244,+0.0000,+0.3836,0.961,+0.3687,0.6649,37868.5123
37863.349,w,plain,059003.000212,059003.000323,+0.4290,+0.0000,0.961,-0.4123,1.0068,37863.7613
37842.491,,plain,059003.000075,059003.000194,+0.0000,+0.2590,0.961,+0.2489,0.5451,37842.2421
37841.049,**,plain,059003.000142,059003.000260,+0.8663,+0.0000,0.961,-0.8325,0.1820,37841.8815
37833.689,,plain,059003.000112,059003.000211,+0.0000,+0.3211,0.961,+0.3086,0.3067,37833.3804
37804.600,c,c,059003.000150,059003.000268,-0.2879,+0.0000,0.244,+0.0702,0.1376,37804.5298
37801.429,w,plain,059003.000181,059003.000296,+0.0000,+0.3946,0.961,+0.3792,0.5458,37801.0498
37770.692,w,plain,059003.000106,059003.000205,+0.0000,+0.3066,0.961,+0.2947,0.5466,37770.3973
37762.479,,plain,059003.000205,059003.000314,+0.3066,+0.0000,0.961,-0.2947,0.5466,37762.7737
37752.199,,plain,059003.000219,059003.000326,+0.4455,+0.0000,0.961,-0.4281,0.9269,37752.6271
37739.470,w,plain,059003.000237,059003.000336,+0.2936,+0.0000,0.961,-0.2822,0.6640,37739.7522
37723.820,,plain,059003.000135,059003.000249,+0.0000,+0.1525,0.961,+0.1466,0.4221,37723.6734
37721.700,,plain,059003.000114,059003.000212,+0.0000,+0.4290,0.961,+0.4123,0.9168,37721.2877
37718.651,,plain,059003.000119,059003.000218,+0.0000,+0.3780,0.961,+0.3633,0.4278,37718.2877
37715.010,,plain,059003.000208,059003.000318,+0.0000,+0.0000,0.961,+0.0000,0.6848,37715.0100
37675.259,,plain,059003.000130,059003.000233,+0.0000,-0.2887,0.961,-0.2775,0.3013,37675.5365
37641.311,,plain,059003.000112,059003.000209,+0.0000,+0.3181,0.961,+0.3057,0.3058,37641.0053
37638.509,,plain,059003.000087,059003.000196,+0.0000,+0.2509,0.961,+0.2411,0.4274,37638.2679
37626.990,w,plain,059003.000184,059003.000299,+0.0000,+0.3532,0.961,+0.3395,0.4267,37626.6505
37622.249,c,c,059003.000139,059003.000257,+1.1375,+0.0000,0.244,-0.2776,0.2000,37622.5266
37619.541,,plain,059003.000219,059003.000325,+0.4455,+0.0000,0.961,-0.4281,0.8455,37619.9691
37607.811,,plain,059003.000158,059003.000436,+0.0000,+0.0000,0.961,+0.0000,0.5167,37607.8110
37589.179,,plain,059003.000180,059003.000293,+0.0000,+0.0000,0.961,+0.0000,0.3502,37589.1790
37585.009,,plain,059003.000130,059003.000231,+0.0000,+0.0000,0.961,+0.0000,0.5167,37585.0090
37570.501,,plain,059003.000219,059003.000324,+0.4455,+0.0000,0.961,-0.4281,0.9269,37570.9291
37563.781,,plain,059003.000131,059003.000234,+0.0000,+0.0000,0.961,+0.0000,0.7645,37563.7810
37547.039,,plain,059003.000135,059003.000248,+0.0000,+0.0000,0.961,+0.0000,0.4230,37547.0390
37534.619,,plain,059003.000221,059003.000327,+0.2984,+0.0000,0.961,-0.2867,0.5434,37534.9057
37524.799,w,plain,059003.000108,059003.000205,+0.0000,+0.3066,0.961,+0.2947,0.5466,37524.5043
37512.462,,plain,059003.000099,059003.000199,+0.0000,+0.3532,0.961,+0.3395,0.5446,37512.1225
37501.729,,plain,059003.000108,059003.000204,+0.0000,+0.0000,0.961,+0.0000,0.7645,37501.7290
37498.111,,plain,059003.000114,059003.000210,+0.0000,+0.3296,0.961,+0.3168,0.6636,37497.7942
37495.160,,plain,059003.000209,059003.000319,+0.3181,+0.0000,0.961,-0.3057,0.3058,37495.4657
37476.941,w,plain,059003.000120,059003.000218,+0.0000,+0.3780,0.961,+0.3633,0.6654,37476.5777
37472.829,,plain,059003.000129,059003.000230,+0.0000,+0.3624,0.961,+0.3482,0.7852,37472.4808
37467.380,,plain,059003.000101,059003.000201,+0.0000,+0.2994,0.961,+0.2877,0.1865,37467.0923
37452.851,**,plain,059003.000155,059003.000270,+0.0000,+0.0000,0.961,+0.0000,0.4247,37452.8510
37418.492,,plain,059003.000088,059003.000196,+0.0000,+0.2509,0.961,+0.2411,0.5460,37418.2509
37413.329,,plain,059003.000130,059003.000229,+0.0000,+0.1856,0.961,+0.1784,0.3027,37413.1506
37408.809,,plain,059003.000102,059003.000201,+0.0000,+0.2994,0.961,+0.2877,0.1865,37408.5213
37405.262,w,plain,059003.000131,059003.000235,+0.0000,+0.0000,0.961,+0.0000,0.6848,37405.2620
37375.311,,plain,059003.000123,059003.000220,+0.0000,+0.1164,0.961,+0.1118,0.5445,37375.1992
37365.100,**,plain,059003.000121,059003.000217,+0.0000,+0.0000,0.961,+0.0000,0.4247,37365.1000
37348.449,,plain,059003.000212,059003.000320,+0.4290,+0.0000,0.961,-0.4123,0.9168,37348.8613
37336.771,c,c,059003.000134,059003.000243,-0.2318,+0.0000,0.244,+0.0565,0.1074,37336.7145
37321.709,,plain,059003.000115,059003.000211,+0.0000,+0.3211,0.961,+0.3086,0.4250,37321.4004
37309.759,w,plain,059003.000076,059003.000194,+0.0000,+0.2590,0.961,+0.2489,0.3083,37309.5101
37297.230,,plain,059003.000112,059003.000208,+0.0000,+0.0000,0.961,+0.0000,0.5167,37297.2300
37288.421,,plain,059003.000163,059003.000438,+0.0000,+0.0000,0.961,+0.0000,0.5167,37288.4210
37286.351,,plain,059003.000112,059003.000207,+0.0000,+0.0720,0.961,+0.0692,0.3034,37286.2818
37262.531,,plain,059003.000119,059003.000216,+0.0000,+0.0769,0.961,+0.0739,0.4240,37262.4571
37260.869,,plain,059003.000123,059003.000219,+0.0000,+0.4455,0.961,+0.4281,0.8455,37260.4409
37256.741,,plain,059003.000104,059003.000201,+0.0000,+0.2994,0.961,+0.2877,0.3042,37256.4533
37252.869,,plain,059003.000123,059003.000218,+0.0000,+0.3780,0.961,+0.3633,0.5463,37252.5057
37244.669,w,plain,059003.000091,059003.000197,+0.0000,+0.5074,0.961,+0.4876,0.7863,37244.1814
37243.181,c,c,059003.000134,059003.000241,-0.2318,+0.0000,0.244,+0.0565,0.1681,37243.1245
37237.701,,plain,059003.000135,059003.000245,+0.0000,+0.2117,0.961,+0.2035,0.4231,37237.4975
37228.562,c,c,059003.000150,059003.000266,-0.2879,+0.0000,0.244,+0.0702,0.1376,37228.4918
37214.099,w,plain,059003.000131,059003.000237,+0.0000,+0.2936,0.961,+0.2822,0.5446,37213.8168
37212.729,,plain,059003.000209,059003.000317,+0.3181,+0.0000,0.961,-0.3057,0.4244,37213.0347
37206.892,,plain,059003.000108,059003.000203,+0.0000,+0.3561,0.961,+0.3422,0.5462,37206.5498
37201.679,,plain,059003.000126,059003.000223,+0.0000,+0.0000,0.961,+0.0000,0.5453,37201.6790
37198.171,w,plain,059003.000208,059003.000315,+0.0000,+0.0000,0.961,+0.0000,0.6848,37198.1710
37191.600,*v,flag,059003.000161,059003.000276,+1.0597,+0.0000,1.000,-1.0597,0.6884,37192.6597
37188.762,,plain,059003.000221,059003.000325,+0.2984,+0.0000,0.961,-0.2867,0.5434,37189.0487
37146.342,,plain,059003.000115,059003.000210,+0.0000,+0.3296,0.961,+0.3168,0.4250,37146.0252
37144.429,,plain,059003.000104,059003.000200,+0.0000,+0.3334,0.961,+0.3204,0.3048,37144.1086
37136.190,*v,flag,059003.000133,059003.000239,+1.1220,+0.2858,1.000,-0.8363,0.0821,37137.0263
37125.860,,plain,059003.000111,059003.000204,+0.0000,+0.0000,0.961,+0.0000,0.6848,37125.8600
37093.420,,plain,059003.000158,059003.000270,+0.0000,+0.0000,0.961,+0.0000,0.4247,37093.4200
37051.000,c,c,059003.000127,059003.000224,+1.0913,+0.0000,0.244,-0.2663,0.1097,37051.2663
37035.651,*r,flag,059003.000165,059003.000277,-0.3421,+0.0000,1.000,+0.3421,0.5635,37035.3089
37017.811,,plain,059003.000131,059003.000231,+0.0000,+0.0000,0.961,+0.0000,0.6848,37017.8110
37014.781,w,plain,059003.000225,059003.000328,+0.4095,+0.0000,0.961,-0.3935,1.0391,37015.1745
36987.450,,plain,059003.000095,059003.000198,+0.0000,+0.0000,0.961,+0.0000,0.5167,36987.4500
36982.829,,plain,059003.000208,059003.000541,+0.0000,+0.0000,0.961,+0.0000,0.5946,36982.8290
36977.520,,plain,059003.000093,059003.000197,+0.0000,+0.5074,0.961,+0.4876,0.6672,36977.0324
36965.771,,plain,059003.000153,059003.000268,+0.0000,+0.0000,0.961,+0.0000,0.6848,36965.7710
36954.039,d,plain,059003.000146,059003.000264,+0.0000,+0.2310,0.961,+0.2220,0.4230,36953.8170
36948.630,,plain,059003.000121,059003.000216,+0.0000,+0.0769,0.961,+0.0739,0.3052,36948.5561
36935.620,,plain,059003.000156,059003.000268,+0.0000,+0.0000,0.961,+0.0000,0.8536,36935.6200
36929.729,,plain,059003.000215,059003.000320,+0.3195,+0.0000,0.961,-0.3070,0.8462,36930.0360
36924.559,,plain,059003.000246,059003.000340,+0.3176,+0.0000,0.961,-0.3052,0.6651,36924.8642
36914.561,c,c,059003.000141,059003.000257,-0.3053,+0.0000,0.244,+0.0745,0.1986,36914.4865
36907.680,,plain,059003.000159,059003.000270,+0.0000,+0.0000,0.961,+0.0000,0.3502,36907.6800
36895.801,c,c,059003.000125,059003.000221,-0.2406,+0.2984,0.244,+0.1315,0.0209,36895.6695
36893.132,,plain,059003.000132,059003.000234,+0.0000,+0.0000,0.961,+0.0000,0.8536,36893.1320
36887.621,c,c,059003.000165,059003.000275,-0.3421,+0.2900,0.244,+0.1542,0.0233,36887.4668
36885.350,w,plain,059003.000129,059003.000226,+0.0000,+0.4095,0.961,+0.3935,1.0391,36884.9565
36879.292,w,plain,059003.000080,059003.000195,+0.0000,+0.5254,0.961,+0.5049,0.4293,36878.7871
36875.869,w,plain,059003.000134,059003.000239,-0.2318,+0.2858,0.961,+0.4973,0.0771,36875.3717
36868.400,,plain,059003.000097,059003.000198,+0.0000,+0.0000,0.961,+0.0000,0.5946,36868.4000
36866.251,,plain,059003.000163,059003.000274,+0.0000,+0.0000,0.961,+0.0000,0.4247,36866.2510
36863.209,w,plain,059003.000080,059003.000194,+0.0000,+0.2590,0.961,+0.2489,0.4262,36862.9601
36859.781,,plain,059003.000162,059003.000273,+0.0000,+0.0364,0.961,+0.0350,0.0732,36859.7460
36857.010,,plain,059003.000147,059003.000265,+0.0000,+0.0000,0.961,+0.0000,0.3502,36857.0100
36855.380,,plain,059003.000120,059003.000215,+0.0000,+0.3195,0.961,+0.3070,0.8462,36855.0730
36833.560,**,plain,059003.000226,059003.000328,+0.4095,+0.0000,0.961,-0.3935,1.0391,36833.9535
36815.279,,plain,059003.000219,059003.000323,+0.4455,+0.0000,0.961,-0.4281,1.0161,36815.7071
36773.880,c,c,059003.000455,059003.000570,+0.0000,+0.0000,0.244,+0.0000,0.2597,36773.8800
36772.011,w,plain,059003.000096,059003.000197,+0.0000,+0.5074,0.961,+0.4876,0.7863,36771.5234
36770.649,w,plain,059003.000120,059003.000213,+0.0000,+0.0000,0.961,+0.0000,0.9344,36770.6490
36768.820,w,plain,059003.000098,059003.000198,+0.0000,+0.0000,0.961,+0.0000,0.5167,36768.8200
36748.291,w,plain,059003.000230,059003.000332,+0.3624,+0.0000,0.961,-0.3482,0.9047,36748.6392
36739.270,w,plain,059003.000081,059003.000194,+0.0000,+0.2590,0.961,+0.2489,0.3083,36739.0211
36724.641,w,plain,059003.000179,059003.000292,+0.0000,+0.2413,0.961,+0.2318,0.4258,36724.4092
36699.448,w,plain,059003.000113,059003.000206,+0.0000,+0.4794,0.961,+0.4607,0.9063,36698.9873
36667.319,*r,flag,059003.000130,059003.000224,+0.0000,+0.0000,1.000,+0.0000,0.5376,36667.3190
36659.421,w,plain,059003.000129,059003.000223,+0.0000,+0.0000,0.961,+0.0000,0.7841,36659.4210
36641.621,,plain,059003.000130,059003.000222,+0.0000,+0.0000,0.961,+0.0000,0.4247,36641.6210
36638.939,w,plain,059003.000082,059003.000195,+0.0000,+0.5254,0.961,+0.5049,0.5475,36638.4341
36630.130,w,plain,059003.000119,059003.000211,+0.0000,+0.3211,0.961,+0.3086,0.4250,36629.8214
36622.962,,plain,059003.000082,059003.000194,+0.0000,+0.2590,0.961,+0.2489,0.5451,36622.7131
36615.720,,plain,059003.000167,059003.000276,+0.0000,+0.0000,0.961,+0.0000,0.8536,36615.7200
36613.538,,plain,059003.000212,059003.000315,+0.4290,+0.0000,0.961,-0.4123,0.8344,36613.9503
36583.482,,plain,059003.000114,059003.000206,+0.0000,+0.4794,0.961,+0.4607,0.6680,36583.0213
36579.641,w,plain,059003.000250,059003.000341,+0.0000,+0.0000,0.961,+0.0000,0.6848,36579.6410
36575.240,w,plain,059003.000126,059003.000221,+0.0000,+0.2984,0.961,+0.2867,0.5434,36574.9533
36569.020,,plain,059003.000106,059003.000199,+0.0000,+0.3532,0.961,+0.3395,0.5446,36568.6805
36567.938,w,plain,059003.000146,059003.000262,+0.0000,+0.2858,0.961,+0.2746,0.4248,36567.6634
36546.881,,plain,059003.000083,059003.000194,+0.0000,+0.2590,0.961,+0.2489,0.3083,36546.6321
36543.541,,plain,059003.000132,059003.000237,+0.0000,+0.2936,0.961,+0.2822,0.6640,36543.2588
36504.260,,plain,059003.000212,059003.000314,+0.4290,+0.0000,0.961,-0.4123,0.8344,36504.6723
36468.760,w,plain,059003.000226,059003.000326,+0.4095,+0.0000,0.961,-0.3935,0.9521,36469.1535
36463.440,,plain,059003.000114,059003.000205,+0.0000,+0.3066,0.961,+0.2947,0.6656,36463.1453
36454.799,,plain,059003.000119,059003.000210,+0.0000,+0.3296,0.961,+0.3168,0.4250,36454.4822
36440.260,,plain,059003.000168,059003.000274,+0.0000,+0.0000,0.961,+0.0000,0.3502,36440.2600
36437.750,w,plain,059003.000119,059003.000209,+0.0000,+0.3181,0.961,+0.3057,0.4244,36437.4443
36436.620,,plain,059003.000120,059003.000212,+0.0000,+0.4290,0.961,+0.4123,0.9168,36436.2077
36424.540,,plain,059003.000135,059003.000238,+0.0000,+0.1514,0.961,+0.1455,0.4258,36424.3945
36417.909,c,c,059003.000084,059003.000195,+0.0000,+0.5254,0.244,+0.1282,0.1695,36417.7808
36411.221,c,c,059003.000127,059003.000221,+1.0913,+0.2984,0.244,-0.1935,0.0243,36411.4145
36323.159,,plain,059003.000108,059003.000199,+0.0000,+0.3532,0.961,+0.3395,0.5446,36322.8195
36321.611,,plain,059003.000099,059003.000196,+0.0000,+0.2509,0.961,+0.2411,0.5460,36321.3699
36316.372,d,plain,059003.000121,059003.000211,+0.0000,+0.3211,0.961,+0.3086,0.3067,36316.0634
36287.310,w,plain,059003.000226,059003.000324,+0.4095,+0.0000,0.961,-0.3935,0.9521,36287.7035
36258.899,c,c,059003.000126,059003.000220,+0.0000,+0.1164,0.244,+0.0284,0.1383,36258.8706
36245.341,c,c,059003.000134,059003.000235,-0.2318,+0.0000,0.244,+0.0565,0.1074,36245.2845
36230.189,,plain,059003.000132,059003.000230,+0.0000,+0.3624,0.961,+0.3482,0.6659,36229.8408
36219.302,c,c,059003.000141,059003.000255,-0.3053,+0.0000,0.244,+0.0745,0.1378,36219.2275
36213.089,w,plain,059003.000120,059003.000210,+0.0000,+0.3296,0.961,+0.3168,0.6636,36212.7722
36150.119,,plain,059003.000151,059003.000264,+0.0000,+0.2310,0.961,+0.2220,0.5425,36149.8970
36145.609,,plain,059003.000114,059003.000203,+0.0000,+0.3561,0.961,+0.3422,0.6653,36145.2668
36144.470,,plain,059003.000126,059003.000219,+0.0000,+0.4455,0.961,+0.4281,0.8455,36144.0419
36136.472,w,plain,059003.000126,059003.000218,+0.0000,+0.3780,0.961,+0.3633,0.5463,36136.1087
36131.120,,plain,059003.000152,059003.000265,+0.0000,+0.0000,0.961,+0.0000,0.3502,36131.1200
36093.172,c,c,059003.000119,059003.000208,+0.0000,+0.0000,0.244,+0.0000,0.1510,36093.1720
36087.311,,plain,059003.000131,059003.000223,+0.0000,+0.0000,0.961,+0.0000,0.5453,36087.3110
36028.078,,plain,059003.000130,059003.000221,+0.0000,+0.2984,0.961,+0.2867,0.3054,36027.7913
36002.970,c,c,059003.000133,059003.000230,+1.1220,+0.3624,0.244,-0.1853,0.0287,36003.1553
36001.169,c,c,059003.000125,059003.000216,-0.2406,+0.0769,0.244,+0.0775,0.0186,36001.0915
35989.062,,plain,059003.000123,059003.000210,+0.0000,+0.3296,0.961,+0.3168,0.5441,35988.7452
35985.659,,plain,059003.000135,059003.000235,+0.0000,+0.0000,0.961,+0.0000,0.5946,35985.6590
35980.631,c,c,059003.000127,059003.000219,+1.0913,+0.4455,0.244,-0.1576,0.1660,35980.7886
35969.770,*r,flag,059003.000165,059003.000437,-0.3421,+0.0000,1.000,+0.3421,0.5635,35969.4279
35925.179,,plain,059003.000163,059003.000436,+0.0000,+0.0000,0.961,+0.0000,0.5167,35925.1790
35924.092,,plain,059003.000170,059003.000273,+0.0000,+0.0364,0.961,+0.0350,0.0732,35924.0570
35794.499,w,plain,059003.000135,059003.000237,+0.0000,+0.2936,0.961,+0.2822,0.4256,35794.2168
35765.379,*v,flag,059003.000139,059003.000246,+1.1375,+0.3176,1.000,-0.8199,0.0926,35766.1989
35730.251,c,c,059003.000224,059003.000322,+0.0000,+0.0000,0.244,+0.0000,0.1312,35730.2510
35671.789,*r,flag,059003.000141,059003.000251,-0.3053,+0.2734,1.000,+0.5786,0.0759,35671.2104
35646.450,,plain,059003.000087,059003.000195,+0.0000,+0.5254,0.961,+0.5049,0.4293,35645.9451
35631.711,**,plain,059003.000106,059003.000197,+0.0000,+0.5074,0.961,+0.4876,0.5485,35631.2234
35602.110,,plain,059003.000129,059003.000219,+0.0000,+0.4455,0.961,+0.4281,1.0161,35601.6819
35598.158,,plain,059003.000135,059003.000231,+0.0000,+0.0000,0.961,+0.0000,0.5946,35598.1580
35544.971,*v,flag,059003.000139,059003.000242,+1.1375,+0.0000,1.000,-1.1375,0.9387,35546.1085
35514.982,,plain,059003.000126,059003.000215,+0.0000,+0.3195,0.961,+0.3070,0.7561,35514.6750
35462.072,w,plain,059003.000175,059003.000274,+0.0000,+0.0000,0.961,+0.0000,0.4247,35462.0720
35458.830,w,plain,059003.000160,059003.000267,+0.0000,+0.0000,0.961,+0.0000,0.5946,35458.8300
35414.802,*v,flag,059003.000133,059003.000226,+1.1220,+0.4095,1.000,-0.7125,0.7149,35415.5145
35410.629,c,c,059003.000163,059003.000270,+0.0000,+0.0000,0.244,+0.0000,0.1078,35410.6290
35378.149,,plain,059003.000106,059003.000196,+0.0000,+0.2509,0.961,+0.2411,0.5460,35377.9079
35354.429,,plain,059003.000153,059003.000265,+0.0000,+0.0000,0.961,+0.0000,0.5167,35354.4290
35350.462,*v,flag,059003.000127,059003.000215,+1.0913,+0.3195,1.000,-0.7718,0.5519,35351.2337
35338.109,,plain,059003.000153,059003.000264,+0.0000,+0.2310,0.961,+0.2220,0.4230,35337.8870
35327.769,c,c,059003.000142,059003.000250,+0.8663,+0.0000,0.244,-0.2114,0.1084,35327.9804
35310.971,,plain,059003.000175,059003.000273,+0.0000,+0.0364,0.961,+0.0350,0.3032,35310.9360
35261.801,,plain,059003.000114,059003.000199,+0.0000,+0.3532,0.961,+0.3395,0.6640,35261.4615
35260.698,,plain,059003.000180,059003.000288,+0.0000,+0.1481,0.961,+0.1423,0.3064,35260.5557
35250.628,,plain,059003.000257,059003.000342,+0.0000,+0.0000,0.961,+0.0000,1.1042,35250.6280
35233.570,*v,flag,059003.000133,059003.000225,+1.1220,+0.4095,1.000,-0.7125,0.7149,35234.2825
35220.001,*r,flag,059003.000150,059003.000258,-0.2879,+0.0000,1.000,+0.2879,0.5632,35219.7131
35206.620,c,c,059003.000454,059003.000567,+0.0000,+0.0000,0.244,+0.0000,0.2597,35206.6200
35188.811,*v,flag,059003.000133,059003.000223,+1.1220,+0.0000,1.000,-1.1220,0.0877,35189.9330
35178.350,,plain,059003.000120,059003.000205,+0.0000,+0.3066,0.961,+0.2947,0.6656,35178.0553
35176.901,*r,flag,059003.000125,059003.000209,-0.2406,+0.3181,1.000,+0.5588,0.0737,35176.3423
35158.730,w,plain,059003.000115,059003.000200,+0.0000,+0.3334,0.961,+0.3204,0.4237,35158.4096
35102.461,,plain,059003.000255,059003.000336,+0.0000,+0.0000,0.961,+0.0000,0.8536,35102.4610
35096.179,,plain,059003.000126,059003.000212,+0.0000,+0.4290,0.961,+0.4123,0.8344,35095.7667
35094.429,w,plain,059003.000154,059003.000263,+0.0000,+0.3451,0.961,+0.3317,0.7847,35094.0973
35077.692,*r,flag,059003.000141,059003.000247,-0.3053,+0.0000,1.000,+0.3053,0.5642,35077.3868
35059.131,*r,flag,059003.000141,059003.000246,-0.3053,+0.3176,1.000,+0.6229,0.0911,35058.5081
35047.999,,plain,059003.000126,059003.000211,+0.0000,+0.3211,0.961,+0.3086,0.5442,35047.6904
34984.788,,plain,059003.000168,059003.000270,+0.0000,+0.0000,0.961,+0.0000,0.3502,34984.7880
34982.900,,plain,059003.000158,059003.000265,+0.0000,+0.0000,0.961,+0.0000,0.4247,34982.9000
34966.601,w,plain,059003.000158,059003.000264,+0.0000,+0.2310,0.961,+0.2220,0.3039,34966.3790
34954.351,,plain,059003.000123,059003.000205,+0.0000,+0.3066,0.961,+0.2947,0.5466,34954.0563
34952.130,c,c,059003.000129,059003.000214,+0.0000,+0.4323,0.244,+0.1055,0.1998,34952.0245
34940.539,*r,flag,059003.000134,059003.000224,-0.2318,+0.0000,1.000,+0.2318,0.4396,34940.3072
34931.880,*v,flag,059003.000127,059003.000212,+1.0913,+0.4290,1.000,-0.6623,0.6628,34932.5422
34926.912,*v,flag,059003.000134,059003.000223,-0.2318,+0.0000,1.000,+0.2318,0.0857,34926.6802
34911.499,*r,flag,059003.000192,059003.000453,-0.3975,+0.0000,1.000,+0.3975,0.1878,34911.1015
34908.131,*r,flag,059003.000141,059003.000244,-0.3053,+0.3836,1.000,+0.6889,0.0892,34907.4421
34895.999,,plain,059003.000153,059003.000261,+0.0000,+0.1869,0.961,+0.1796,0.4229,34895.8194
34887.812,,plain,059003.000129,059003.000213,+0.0000,+0.0000,0.961,+0.0000,1.0228,34887.8120
34883.480,*v,flag,059003.000127,059003.000211,+1.0913,+0.3211,1.000,-0.7701,0.0782,34884.2501
34861.890,c,c,059003.000145,059003.000255,+0.8698,+0.0000,0.244,-0.2122,0.1386,34862.1022
34832.712,*r,flag,059003.000125,059003.000208,-0.2406,+0.0000,1.000,+0.2406,0.4396,34832.4714
34756.389,,plain,059003.000111,059003.000196,+0.0000,+0.2509,0.961,+0.2411,0.4274,34756.1479
34733.420,w,plain,059003.000155,059003.000259,+0.0000,+0.0000,0.961,+0.0000,0.5167,34733.4200
34715.619,w,plain,059003.000179,059003.000286,+0.0000,+0.0000,0.961,+0.0000,0.5946,34715.6190
34708.241,*v,flag,059003.000127,059003.000210,+1.0913,+0.3296,1.000,-0.7616,0.0777,34709.0026
34686.978,*v,flag,059003.000148,059003.000256,+1.0665,+0.0000,1.000,-1.0665,0.6884,34688.0445
34682.341,,plain,059003.000120,059003.000202,+0.0000,+0.0000,0.961,+0.0000,0.8536,34682.3410
34680.512,,plain,059003.000135,059003.000224,+0.0000,+0.0000,0.961,+0.0000,0.5946,34680.5120
34671.700,*v,flag,059003.000142,059003.000243,+0.8663,+0.0000,1.000,-0.8663,0.4381,34672.5662
34651.870,*r,flag,059003.000165,059003.000267,-0.3421,+0.0000,1.000,+0.3421,0.4388,34651.5279
34636.540,w,plain,059003.000123,059003.000203,+0.0000,+0.3561,0.961,+0.3422,0.5462,34636.1978
34626.979,*r,flag,059003.000140,059003.000240,-0.3098,+0.1099,1.000,+0.4196,0.0381,34626.5594
34625.158,,plain,059003.000095,059003.000194,+0.0000,+0.2590,0.961,+0.2489,0.3083,34624.9091
34605.418,*v,flag,059003.000145,059003.000253,+0.8698,+0.0000,1.000,-0.8698,0.4383,34606.2877
34581.859,w,plain,059003.000167,059003.000268,+0.0000,+0.0000,0.961,+0.0000,0.7645,34581.8590
34554.832,w,plain,059003.000181,059003.000289,+0.0000,+0.3025,0.961,+0.2907,0.5482,34554.5413
34553.841,,plain,059003.000129,059003.000212,+0.0000,+0.4290,0.961,+0.4123,1.0068,34553.4287
34524.440,,plain,059003.000158,059003.000261,+0.0000,+0.1869,0.961,+0.1796,0.3038,34524.2604
34506.188,,plain,059003.000097,059003.000194,+0.0000,+0.2590,0.961,+0.2489,0.4262,34505.9391
34500.780,,plain,059003.000130,059003.000211,+0.0000,+0.3211,0.961,+0.3086,0.3067,34500.4714
34489.221,w,plain,059003.000158,059003.000260,+0.0000,+0.0000,0.961,+0.0000,0.3502,34489.2210
34466.799,,plain,059003.000144,059003.000250,+0.0000,+0.0000,0.961,+0.0000,0.5167,34466.7990
34463.291,w,plain,059003.000180,059003.000285,+0.0000,+0.1569,0.961,+0.1508,0.3027,34463.1402
34458.258,,plain,059003.000144,059003.000249,+0.0000,+0.1525,0.961,+0.1466,0.3026,34458.1114
34406.491,**,plain,059003.000098,059003.000194,+0.0000,+0.2590,0.961,+0.2489,0.3083,34406.2421
34404.230,*r,flag,059003.000141,059003.000239,-0.3053,+0.2858,1.000,+0.5910,0.0806,34403.6390
34400.528,,plain,059003.000131,059003.000215,+0.0000,+0.3195,0.961,+0.3070,0.7561,34400.2210
34395.482,w,plain,059003.000148,059003.000255,+1.0665,+0.0000,0.961,-1.0249,0.5419,34396.5069
34359.441,,plain,059003.000132,059003.000219,+0.0000,+0.4455,0.961,+0.4281,0.9269,34359.0129
34351.401,,plain,059003.000132,059003.000218,+0.0000,+0.3780,0.961,+0.3633,0.6654,34351.0377
34346.978,*v,flag,059003.000127,059003.000208,+1.0913,+0.0000,1.000,-1.0913,0.4397,34348.0693
34333.319,*v,flag,059003.000189,059003.000301,+1.2317,+0.5100,1.000,-0.7218,0.1203,34334.0408
34308.399,,plain,059003.000130,059003.000209,+0.0000,+0.3181,0.961,+0.3057,0.3058,34308.0933
34305.360,*v,flag,059003.000142,059003.000240,+0.8663,+0.1099,1.000,-0.7564,0.0407,34306.1164
34301.289,*r,flag,059003.000134,059003.000221,-0.2318,+0.2984,1.000,+0.5301,0.0719,34300.7589
34284.841,,plain,059003.000128,059003.000207,+0.0000,+0.0720,0.961,+0.0692,0.1853,34284.7718
34281.362,w,plain,059003.000144,059003.000248,+0.0000,+0.0000,0.961,+0.0000,0.3039,34281.3620
34218.449,,plain,059003.000119,059003.000199,+0.0000,+0.3532,0.961,+0.3395,0.4256,34218.1095
34181.991,*v,flag,059003.000187,059003.000447,+0.7699,+0.0589,1.000,-0.7110,0.0354,34182.7020
34161.519,*v,flag,059003.000145,059003.000250,+0.8698,+0.0000,1.000,-0.8698,0.4383,34162.3887
34149.602,w,plain,059003.000151,059003.000256,+0.0000,+0.0000,0.961,+0.0000,0.8536,34149.6020
34139.960,,plain,059003.000148,059003.000253,+1.0665,+0.0000,0.961,-1.0249,0.4221,34140.9849
34131.521,*v,flag,059003.000133,059003.000219,+1.1220,+0.4455,1.000,-0.6765,0.6781,34132.1975
34117.472,*v,flag,059003.000148,059003.000252,+1.0665,+0.0000,1.000,-1.0665,0.6884,34118.5385
34113.739,,plain,059003.000146,059003.000251,+0.0000,+0.2734,0.961,+0.2627,0.4246,34113.4763
34090.869,w,plain,059003.000185,059003.000293,+0.0000,+0.0000,0.961,+0.0000,0.2548,34090.8690
34075.202,,plain,059003.000160,059003.000265,+0.0000,+0.0000,0.961,+0.0000,0.5167,34075.2020
34058.860,,plain,059003.000160,059003.000264,+0.0000,+0.2310,0.961,+0.2220,0.4230,34058.6380
34056.932,*r,flag,059003.000140,059003.000236,-0.3098,+0.0000,1.000,+0.3098,0.3131,34056.6223
34046.681,*r,flag,059003.000149,059003.000253,-0.2675,+0.0000,1.000,+0.2675,0.4380,34046.4135
34042.649,*r,flag,059003.000188,059003.000448,-0.2447,+0.0000,1.000,+0.2447,0.5649,34042.4042
33993.301,*v,flag,059003.000191,059003.000302,+0.8169,+0.1150,1.000,-0.7019,0.0418,33994.0029
33975.618,*v,flag,059003.000139,059003.000230,+1.1375,+0.3624,1.000,-0.7751,0.0982,33976.3931
33972.140,w,plain,059003.000144,059003.000245,+0.0000,+0.2117,0.961,+0.2035,0.3040,33971.9365
33962.599,,plain,059003.000146,059003.000250,+0.0000,+0.0000,0.961,+0.0000,0.5946,33962.5990
33933.538,w,plain,059003.000131,059003.000211,+0.0000,+0.3211,0.961,+0.3086,0.5442,33933.2294
33932.398,*r,flag,059003.000141,059003.000234,-0.3053,+0.0000,1.000,+0.3053,0.5642,33932.0928
33884.669,c,c,059003.000150,059003.000255,-0.2879,+0.0000,0.244,+0.0702,0.1376,33884.5988
33870.501,*r,flag,059003.000134,059003.000219,-0.2318,+0.4455,1.000,+0.6772,0.6778,33869.8237
33862.599,*r,flag,059003.000134,059003.000218,-0.2318,+0.3780,1.000,+0.6098,0.0926,33861.9892
33857.770,w**,plain,059003.000151,059003.000255,+0.0000,+0.0000,0.961,+0.0000,0.7645,33857.7700
33847.280,*v,flag,059003.000148,059003.000251,+1.0665,+0.2734,1.000,-0.7931,0.0716,33848.0731
33837.979,w,plain,059003.000126,059003.000205,+0.0000,+0.3066,0.961,+0.2947,0.5466,33837.6843
33814.860,,plain,059003.000126,059003.000204,+0.0000,+0.0000,0.961,+0.0000,0.7645,33814.8600
33811.419,,plain,059003.000144,059003.000243,+0.0000,+0.0000,0.961,+0.0000,0.5167,33811.4190
33777.149,w,plain,059003.000146,059003.000248,+0.0000,+0.0000,0.961,+0.0000,0.4230,33777.1490
33766.832,w,plain,059003.000143,059003.000240,+0.0000,+0.1099,0.961,+0.1056,0.0679,33766.7264
33763.118,*r,flag,059003.000188,059003.000299,-0.2447,+0.3532,1.000,+0.5980,0.0917,33762.5200
33758.180,w,plain,059003.000131,059003.000210,+0.0000,+0.3296,0.961,+0.3168,0.5441,33757.8632
33739.360,,plain,059003.000154,059003.000257,+0.0000,+0.0000,0.961,+0.0000,1.1042,33739.3600
33735.281,*v,flag,059003.000142,059003.000236,+0.8663,+0.0000,1.000,-0.8663,0.3134,33736.1473
33724.780,w,plain,059003.000135,059003.000220,+0.0000,+0.1164,0.961,+0.1118,0.4255,33724.6682
33718.692,*v,flag,059003.000145,059003.000247,+0.8698,+0.0000,1.000,-0.8698,0.5631,33719.5618
33709.658,w,plain,059003.000132,059003.000214,+0.0000,+0.4323,0.961,+0.4154,0.6669,33709.2426
33673.438,*v,flag,059003.000127,059003.000205,+1.0913,+0.3066,1.000,-0.7846,0.0947,33674.2226
33666.870,*v,flag,059003.000145,059003.000245,+0.8698,+0.2117,1.000,-0.6580,0.0556,33667.5280
33663.289,*r,flag,059003.000125,059003.000202,-0.2406,+0.0000,1.000,+0.2406,0.5641,33663.0484
33650.981,c,c,059003.000127,059003.000204,+1.0913,+0.0000,0.244,-0.2663,0.1396,33651.2473
33645.140,w,plain,059003.000132,059003.000213,+0.0000,+0.0000,0.961,+0.0000,0.9344,33645.1400
33629.489,c,c,059003.000150,059003.000253,-0.2879,+0.0000,0.244,+0.0702,0.1072,33629.4188
33616.768,w,plain,059003.000160,059003.000261,+0.0000,+0.1869,0.961,+0.1796,0.4229,33616.5884
33604.630,*r,flag,059003.000140,059003.000233,-0.3098,-0.2887,1.000,+0.0210,0.0315,33604.6090
33602.551,,plain,059003.000151,059003.000253,+0.0000,+0.0000,0.961,+0.0000,0.6848,33602.5510
33594.182,*r,flag,059003.000149,059003.000249,-0.2675,+0.1525,1.000,+0.4200,0.0445,33593.7620
33588.430,*v,flag,059003.000182,059003.000286,+0.9344,+0.0000,1.000,-0.9344,0.4379,33589.3644
33582.640,*r,flag,059003.000141,059003.000237,-0.3053,+0.2936,1.000,+0.5989,0.0815,33582.0411
33580.361,*v,flag,059003.000142,059003.000235,+0.8663,+0.0000,1.000,-0.8663,0.4381,33581.2272
33559.562,*v,flag,059003.000182,059003.000285,+0.9344,+0.1569,1.000,-0.7775,0.0436,33560.3395
33549.562,c,c,059003.000145,059003.000244,+0.8698,+0.3836,0.244,-0.1186,0.0224,33549.6806
33541.211,*v,flag,059003.000139,059003.000227,+1.1375,+0.4144,1.000,-0.7231,0.1134,33541.9341
33540.698,*r,flag,059003.000190,059003.000447,-0.0984,+0.0589,1.000,+0.1573,0.0346,33540.5408
33533.741,*r,flag,059003.000183,059003.000444,-0.3551,+0.1093,1.000,+0.4644,0.0455,33533.2766
33530.078,*v,flag,059003.000161,059003.000264,+1.0597,+0.2310,1.000,-0.8287,0.0594,33530.9068
33528.649,*r,flag,059003.000140,059003.000232,-0.3098,+0.1234,1.000,+0.4331,0.0295,33528.2159
33522.108,*r,flag,059003.000183,059003.000285,-0.3551,+0.1569,1.000,+0.5120,0.0421,33521.5960
33520.081,c,c,059003.000126,059003.000203,+0.0000,+0.3561,0.244,+0.0869,0.1389,33519.9941
33510.631,*v,flag,059003.000148,059003.000248,+1.0665,+0.0000,1.000,-1.0665,0.0601,33511.6975
33506.109,*v,flag,059003.000145,059003.000243,+0.8698,+0.0000,1.000,-0.8698,0.4383,33506.9787
33501.999,*v,flag,059003.000133,059003.000215,+1.1220,+0.3195,1.000,-0.8025,0.5521,33502.8015
33491.888,c,c,059003.000191,059003.000449,+0.8169,+0.0000,0.244,-0.1993,0.0490,33492.0873
33481.891,*v,flag,059003.000133,059003.000214,+1.1220,+0.4323,1.000,-0.6898,0.1052,33482.5808
33467.949,w,plain,059003.000146,059003.000245,+0.0000,+0.2117,0.961,+0.2035,0.4231,33467.7455
33445.188,w,plain,059003.000144,059003.000240,+0.0000,+0.1099,0.961,+0.1056,0.3020,33445.0824
33417.350,*v,flag,059003.000149,059003.000248,-0.2675,+0.0000,1.000,+0.2675,0.0529,33417.0825
33415.561,,plain,059003.000129,059003.000206,+0.0000,+0.4794,0.961,+0.4607,0.7870,33415.1003
33388.152,*v,flag,059003.000139,059003.000226,+1.1375,+0.4095,1.000,-0.7280,0.7149,33388.8800
33381.758,,plain,059003.000119,059003.000198,+0.0000,+0.0000,0.961,+0.0000,0.5946,33381.7580
33370.032,,plain,059003.000106,059003.000194,+0.0000,+0.2590,0.961,+0.2489,0.5451,33369.7831
33355.681,*v,flag,059003.000127,059003.000203,+1.0913,+0.3561,1.000,-0.7351,0.0922,33356.4161
33350.062,,plain,059003.000146,059003.000244,+0.0000,+0.3836,0.961,+0.3687,0.4270,33349.6933
33341.910,,plain,059003.000126,059003.000202,+0.0000,+0.0000,0.961,+0.0000,0.7645,33341.9100
33337.051,*r,flag,059003.000150,059003.000251,-0.2879,+0.2734,1.000,+0.5613,0.0683,33336.4898
33318.510,*r,flag,059003.000125,059003.000201,-0.2406,+0.2994,1.000,+0.5400,0.0659,33317.9700
33311.171,w,plain,059003.000132,059003.000212,+0.0000,+0.4290,0.961,+0.4123,0.9168,33310.7587
33309.792,,plain,059003.000151,059003.000251,+0.0000,+0.2734,0.961,+0.2627,0.5438,33309.5293
33307.210,w,plain,059003.000146,059003.000243,+0.0000,+0.0000,0.961,+0.0000,0.5946,33307.2100
33300.241,w,plain,059003.000163,059003.000265,+0.0000,+0.0000,0.961,+0.0000,0.4247,33300.2410
33295.571,w,plain,059003.000129,059003.000205,+0.0000,+0.3066,0.961,+0.2947,0.7850,33295.2763
33292.049,c,c,059003.000149,059003.000435,-0.2675,+0.0000,0.244,+0.0653,0.0766,33291.9837
33288.080,*v,flag,059003.000161,059003.000263,+1.0597,+0.3451,1.000,-0.7146,0.0883,33288.7946
33283.028,*v,flag,059003.000142,059003.000233,+0.8663,-0.2887,1.000,-1.1550,0.0345,33284.1830
33279.228,*r,flag,059003.000192,059003.000302,-0.3975,+0.1150,1.000,+0.5125,0.0404,33278.7155
33269.312,*r,flag,059003.000141,059003.000230,-0.3053,+0.3624,1.000,+0.6676,0.0967,33268.6444
33251.919,*r,flag,059003.000165,059003.000264,-0.3421,+0.2310,1.000,+0.5731,0.0590,33251.3459
33241.008,*r,flag,059003.000134,059003.000215,-0.2318,+0.3195,1.000,+0.5513,0.5518,33240.4568
33234.551,*v,flag,059003.000148,059003.000246,+1.0665,+0.3176,1.000,-0.7489,0.0875,33235.2999
33207.650,c,c,059003.000142,059003.000232,+0.8663,+0.1234,0.244,-0.1813,0.0175,33207.8313
33206.161,*r,flag,059003.000125,059003.000200,-0.2406,+0.3334,1.000,+0.5740,0.0691,33205.5870
33198.772,*v,flag,059003.000187,059003.000295,+0.7699,+0.0000,1.000,-0.7699,0.3126,33199.5419
33192.889,*v,flag,059003.000142,059003.000231,+0.8663,+0.0000,1.000,-0.8663,0.4381,33193.7553
33185.849,*r,flag,059003.000150,059003.000250,-0.2879,+0.0000,1.000,+0.2879,0.4385,33185.5611
33177.531,*v,flag,059003.000127,059003.000202,+1.0913,+0.0000,1.000,-1.0913,0.5642,33178.6223
33177.002,c,c,059003.000150,059003.000249,-0.2879,+0.1525,0.244,+0.1075,0.0150,33176.8945
33162.180,*v,flag,059003.000139,059003.000223,+1.1375,+0.0000,1.000,-1.1375,0.0879,33163.3175
33158.770,d,plain,059003.000144,059003.000238,+0.0000,+0.1514,0.961,+0.1455,0.3078,33158.6245
33156.361,*r,flag,059003.000134,059003.000213,-0.2318,+0.0000,1.000,+0.2318,0.6888,33156.1292
33143.998,*v,flag,059003.000161,059003.000262,+1.0597,+0.2858,1.000,-0.7740,0.0720,33144.7720
33117.188,*v,flag,059003.000191,059003.000300,+0.8169,+0.1663,1.000,-0.6506,0.0590,33117.8386
33108.249,*r,flag,059003.000149,059003.000245,-0.2675,+0.2117,1.000,+0.4793,0.0537,33107.7698
33087.690,,plain,059003.000132,059003.000210,+0.0000,+0.3296,0.961,+0.3168,0.6636,33087.3732
33083.530,*v,flag,059003.000148,059003.000244,+1.0665,+0.3836,1.000,-0.6829,0.0856,33084.2129
33056.150,*r,flag,059003.000188,059003.000297,-0.2447,+0.4761,1.000,+0.7209,0.1049,33055.4291
33045.368,*v,flag,059003.000145,059003.000239,+0.8698,+0.2858,1.000,-0.5840,0.0724,33045.9520
33040.759,*v,flag,059003.000148,059003.000243,+1.0665,+0.0000,1.000,-1.0665,0.4390,33041.8255
33039.449,w,plain,059003.000120,059003.000197,+0.0000,+0.5074,0.961,+0.4876,0.6672,33038.9614
33021.148,*v,flag,059003.000142,059003.000229,+0.8663,+0.1856,1.000,-0.6806,0.0460,33021.8286
33015.739,w,plain,059003.000156,059003.000255,+0.0000,+0.0000,0.961,+0.0000,0.8536,33015.7390
33000.490,*r,flag,059003.000150,059003.000248,-0.2879,+0.0000,1.000,+0.2879,0.0561,33000.2021
32985.890,c,c,059003.000140,059003.000228,-0.3098,+0.0000,0.244,+0.0756,0.0172,32985.8144
32973.218,w,plain,059003.000151,059003.000248,+0.0000,+0.0000,0.961,+0.0000,0.5425,32973.2180
32959.988,*r,flag,059003.000188,059003.000296,-0.2447,+0.3946,1.000,+0.6394,0.0942,32959.3486
32957.702,*r,flag,059003.000125,059003.000199,-0.2406,+0.3532,1.000,+0.5939,0.0809,32957.1081
32948.632,*v,flag,059003.000189,059003.000296,+1.2317,+0.3946,1.000,-0.8371,0.0959,32949.4691
32947.518,*r,flag,059003.000149,059003.000433,-0.2675,+0.1625,1.000,+0.4300,0.0440,32947.0880
32947.149,bl,plain,059003.000148,059003.000241,+1.0665,+0.0000,0.961,-1.0249,0.6618,32948.1739
32884.982,,plain,059003.000126,059003.000200,+0.0000,+0.3334,0.961,+0.3204,0.5431,32884.6616
32875.022,c,c,059003.000150,059003.000435,-0.2879,+0.0000,0.244,+0.0702,0.0768,32874.9518
32865.912,*r,flag,059003.000165,059003.000262,-0.3421,+0.2858,1.000,+0.6279,0.0716,32865.2841
32859.769,*v,flag,059003.000133,059003.000210,+1.1220,+0.3296,1.000,-0.7924,0.0794,32860.5614
32846.292,w,plain,059003.000146,059003.000239,+0.0000,+0.2858,0.961,+0.2746,0.4254,32846.0174
32822.419,*r,flag,059003.000134,059003.000212,-0.2318,+0.4290,1.000,+0.6607,0.6628,32821.7582
32809.808,*r,flag,059003.000165,059003.000261,-0.3421,+0.1869,1.000,+0.5290,0.0585,32809.2790
32798.102,*v,flag,059003.000187,059003.000294,+0.7699,+0.0525,1.000,-0.7174,0.0343,32798.8194
32777.159,*r,flag,059003.000192,059003.000449,-0.3975,+0.0000,1.000,+0.3975,0.1878,32776.7615
32774.098,*r,flag,059003.000134,059003.000211,-0.2318,+0.3211,1.000,+0.5529,0.0776,32773.5451
32766.402,w,plain,059003.000154,059003.000252,+0.0000,+0.0000,0.961,+0.0000,1.0228,32766.4020
32723.539,,plain,059003.000131,059003.000205,+0.0000,+0.3066,0.961,+0.2947,0.5466,32723.2443
32720.508,*v,flag,059003.000127,059003.000200,+1.0913,+0.3334,1.000,-0.7579,0.0698,32721.2659
32712.142,w,plain,059003.000167,059003.000263,+0.0000,+0.3451,0.961,+0.3317,0.5462,32711.8103
32697.168,,plain,059003.000151,059003.000246,+0.0000,+0.3176,0.961,+0.3052,0.5460,32696.8628
32681.979,*r,flag,059003.000141,059003.000226,-0.3053,+0.4095,1.000,+0.7147,0.7147,32681.2643
32658.929,w,plain,059003.000186,059003.000292,+0.0000,+0.2413,0.961,+0.2318,0.3078,32658.6972
32656.611,*v,flag,059003.000182,059003.000281,+0.9344,+0.2196,1.000,-0.7147,0.0616,32657.3257
32636.349,c,c,059003.000126,059003.000199,+0.0000,+0.3532,0.244,+0.0862,0.1385,32636.2628
32598.760,*r,flag,059003.000134,059003.000210,-0.2318,+0.3296,1.000,+0.5614,0.0771,32598.1986
32580.989,c,c,059003.000149,059003.000240,-0.2675,+0.1099,0.244,+0.0921,0.0125,32580.8969
32573.929,c,c,059003.000150,059003.000244,-0.2879,+0.3836,0.244,+0.1638,0.0246,32573.7652
32572.760,d,plain,059003.000161,059003.000258,+1.0597,+0.0000,0.961,-1.0184,0.5418,32573.7784
32571.138,*r,flag,059003.000140,059003.000222,-0.3098,+0.0000,1.000,+0.3098,0.3131,32570.8282
32568.060,,plain,059003.000167,059003.000262,+0.0000,+0.2858,0.961,+0.2746,0.5440,32567.7854
32561.718,*r,flag,059003.000123,059003.000196,+0.0000,+0.2509,1.000,+0.2509,0.5681,32561.4671
32546.240,d,plain,059003.000151,059003.000244,+0.0000,+0.3836,0.961,+0.3687,0.5457,32545.8713
32530.388,*r,flag,059003.000150,059003.000433,-0.2879,+0.1625,1.000,+0.4504,0.0478,32529.9376
32500.711,*r,flag,059003.000141,059003.000225,-0.3053,+0.4095,1.000,+0.7147,0.7147,32499.9963
32497.860,w,plain,059003.000153,059003.000251,+0.0000,+0.2734,0.961,+0.2627,0.4246,32497.5973
32471.969,*v,flag,059003.000127,059003.000199,+1.0913,+0.3532,1.000,-0.7380,0.0815,32472.7070
32468.232,*r,flag,059003.000183,059003.000280,-0.3551,+0.0374,1.000,+0.3925,0.0210,32467.8395
32455.968,*r,flag,059003.000141,059003.000223,-0.3053,+0.0000,1.000,+0.3053,0.0863,32455.6627
32426.792,,plain,059003.000140,059003.000432,-0.3098,+0.0000,0.961,+0.2977,0.1812,32426.4943
32422.779,w,plain,059003.000144,059003.000233,+0.0000,-0.2887,0.961,-0.2775,0.3013,32423.0565
32414.851,*v,flag,059003.000145,059003.000235,+0.8698,+0.0000,1.000,-0.8698,0.4383,32415.7208
32382.670,*r,flag,059003.000192,059003.000447,-0.3975,+0.0589,1.000,+0.4564,0.0363,32382.2136
32374.291,,plain,059003.000146,059003.000234,+0.0000,+0.0000,0.961,+0.0000,0.6848,32374.2910
32370.831,w,plain,059003.000146,059003.000236,+0.0000,+0.0000,0.961,+0.0000,0.5167,32370.8310
32346.670,,plain,059003.000153,059003.000250,+0.0000,+0.0000,0.961,+0.0000,0.5946,32346.6700
32338.131,,plain,059003.000153,059003.000249,+0.0000,+0.1525,0.961,+0.1466,0.4221,32337.9844
32334.701,,plain,059003.000155,059003.000250,+0.0000,+0.0000,0.961,+0.0000,0.5167,32334.7010
32332.590,,plain,059003.000144,059003.000231,+0.0000,+0.0000,0.961,+0.0000,0.5167,32332.5900
32326.278,,plain,059003.000155,059003.000249,+0.0000,+0.1525,0.961,+0.1466,0.3026,32326.1314
32294.918,*r,flag,059003.000149,059003.000238,-0.2675,+0.1514,1.000,+0.4189,0.0733,32294.4991
32275.231,*v,flag,059003.000142,059003.000224,+0.8663,+0.0000,1.000,-0.8663,0.4381,32276.0972
32264.589,*v,flag,059003.000187,059003.000293,+0.7699,+0.0000,1.000,-0.7699,0.1877,32265.3589
32237.590,*r,flag,059003.000134,059003.000208,-0.2318,+0.0000,1.000,+0.2318,0.4396,32237.3583
32161.251,w,plain,059003.000153,059003.000248,+0.0000,+0.0000,0.961,+0.0000,0.4230,32161.2510
32156.552,*r,flag,059003.000190,059003.000294,-0.0984,+0.0525,1.000,+0.1509,0.0335,32156.4011
32108.312,,plain,059003.000173,059003.000264,+0.0000,+0.2310,0.961,+0.2220,0.5425,32108.0900
32105.409,*v,flag,059003.000142,059003.000432,+0.8663,+0.0000,1.000,-0.8663,0.1890,32106.2752
32069.610,*r,flag,059003.000150,059003.000239,-0.2879,+0.2858,1.000,+0.5736,0.0734,32069.0364
32052.951,w,plain,059003.000132,059003.000205,+0.0000,+0.3066,0.961,+0.2947,0.6656,32052.6563
32027.321,*v,flag,059003.000145,059003.000231,+0.8698,+0.0000,1.000,-0.8698,0.4383,32028.1908
32024.708,,plain,059003.000146,059003.000237,+0.0000,+0.2936,0.961,+0.2822,0.4256,32024.4258
32014.841,*v,flag,059003.000182,059003.000279,+0.9344,+0.0000,1.000,-0.9344,0.3131,32015.7754
32010.882,c,c,059003.000149,059003.000236,-0.2675,+0.0000,0.244,+0.0653,0.0766,32010.8167
31945.148,*v,flag,059003.000133,059003.000206,+1.1220,+0.4794,1.000,-0.6426,0.1125,31945.7906
31903.789,,plain,059003.000153,059003.000247,+0.0000,+0.0000,0.961,+0.0000,0.6848,31903.7890
31877.702,c,c,059003.000150,059003.000238,-0.2879,+0.1514,0.244,+0.1072,0.0207,31877.5948
31855.908,c,c,059003.000149,059003.000235,-0.2675,+0.0000,0.244,+0.0653,0.1070,31855.8427
31852.040,,plain,059003.000153,059003.000245,+0.0000,+0.2117,0.961,+0.2035,0.4231,31851.8365
31828.401,,plain,059003.000146,059003.000231,+0.0000,+0.0000,0.961,+0.0000,0.5946,31828.4010
31802.089,*v,flag,059003.000133,059003.000204,+1.1220,+0.0000,1.000,-1.1220,0.5644,31803.2110
31799.630,w,plain,059003.000126,059003.000198,+0.0000,+0.0000,0.961,+0.0000,0.6848,31799.6300
31766.660,*r,flag,059003.000125,059003.000196,-0.2406,+0.2509,1.000,+0.4915,0.0907,31766.1685
31758.232,*v,flag,059003.000148,059003.000237,+1.0665,+0.2936,1.000,-0.7729,0.0775,31759.0049
31734.798,*r,flag,059003.000140,059003.000431,-0.3098,+0.0000,1.000,+0.3098,0.1885,31734.4882
31699.022,w,plain,059003.000126,059003.000197,+0.0000,+0.5074,0.961,+0.4876,0.5485,31698.5344
31691.309,w,plain,059003.000153,059003.000243,+0.0000,+0.0000,0.961,+0.0000,0.5946,31691.3090
31636.661,c,c,059003.000142,059003.000221,+0.8663,+0.2984,0.244,-0.1386,0.0193,31636.7996
31635.250,*v,flag,059003.000127,059003.000198,+1.0913,+0.0000,1.000,-1.0913,0.4397,31636.3413
31623.101,*r,flag,059003.000190,059003.000293,-0.0984,+0.0000,1.000,+0.0984,0.1875,31623.0026
31597.678,*r,flag,059003.000150,059003.000234,-0.2879,+0.0000,1.000,+0.2879,0.5632,31597.3901
31564.078,*r,flag,059003.000134,059003.000205,-0.2318,+0.3066,1.000,+0.5384,0.0941,31563.5396
31558.079,*v,flag,059003.000149,059003.000233,-0.2675,-0.2887,1.000,-0.0212,0.0332,31558.1003
31535.172,c,c,059003.000127,059003.000197,+1.0913,+0.5074,0.244,-0.1425,0.0286,31535.3145
31507.278,*v,flag,059003.000133,059003.000203,+1.1220,+0.3561,1.000,-0.7659,0.0936,31508.0439
31468.759,*r,flag,059003.000149,059003.000231,-0.2675,+0.0000,1.000,+0.2675,0.4380,31468.4915
31455.370,*v,flag,059003.000139,059003.000214,+1.1375,+0.4323,1.000,-0.7053,0.1054,31456.0752
31445.538,d,plain,059003.000126,059003.000196,+0.0000,+0.2509,0.961,+0.2411,0.5460,31445.2969
31418.559,,plain,059003.000186,059003.000288,+0.0000,+0.1481,0.961,+0.1423,0.3064,31418.4167
31398.871,c,c,059003.000192,059003.000295,-0.3975,+0.0000,0.244,+0.0970,0.0768,31398.7740
31391.653,c,c,059003.000139,059003.000213,+1.1375,+0.0000,0.244,-0.2776,0.1698,31391.9305
31391.380,*r,flag,059003.000141,059003.000218,-0.3053,+0.3780,1.000,+0.6832,0.0932,31390.6968
31319.531,*v,flag,059003.000142,059003.000220,+0.8663,+0.1164,1.000,-0.7499,0.0723,31320.2809
31288.712,c,c,059003.000446,059003.000564,+0.0000,+0.0000,0.244,+0.0000,0.1510,31288.7120
31280.970,*v,flag,059003.000127,059003.000196,+1.0913,+0.2509,1.000,-0.8404,0.0911,31281.8104
31248.011,*r,flag,059003.000150,059003.000237,-0.2879,+0.2936,1.000,+0.5815,0.0745,31247.4295
31246.281,*r,flag,059003.000134,059003.000203,-0.2318,+0.3561,1.000,+0.5879,0.0917,31245.6931
31237.809,*v,flag,059003.000161,059003.000255,+1.0597,+0.0000,1.000,-1.0597,0.5636,31238.8688
31177.371,c,c,059003.000187,059003.000292,+0.7699,+0.2413,0.244,-0.1290,0.0205,31177.5000
31157.560,*v,flag,059003.000142,059003.000217,+0.8663,+0.0000,1.000,-0.8663,0.3134,31158.4263
31156.629,c,c,059003.000129,059003.000197,+0.0000,+0.5074,0.244,+0.1238,0.1999,31156.5052
31056.781,*v,flag,059003.000139,059003.000212,+1.1375,+0.4290,1.000,-0.7085,0.6631,31057.4895
31019.510,d,plain,059003.000119,059003.000194,+0.0000,+0.2590,0.961,+0.2489,0.4262,31019.2611
31015.822,,plain,059003.000043,059003.000180,+0.0000,+0.0000,0.961,+0.0000,0.5167,31015.8220
30982.558,*v,flag,059003.000161,059003.000253,+1.0597,+0.0000,1.000,-1.0597,0.4389,30983.6178
30959.672,*r,flag,059003.000165,059003.000255,-0.3421,+0.0000,1.000,+0.3421,0.5635,30959.3299
30879.979,*r,flag,059003.000150,059003.000229,-0.2879,+0.1856,1.000,+0.4735,0.0488,30879.5055
30793.802,,plain,059003.000120,059003.000195,+0.0000,+0.5254,0.961,+0.5049,0.6664,30793.2971
30775.640,w,plain,059003.000144,059003.000221,+0.0000,+0.2984,0.961,+0.2867,0.3054,30775.3533
30704.430,*r,flag,059003.000165,059003.000253,-0.3421,+0.0000,1.000,+0.3421,0.4388,30704.0879
30689.961,*v,flag,059003.000161,059003.000251,+1.0597,+0.2734,1.000,-0.7864,0.0710,30690.7474
30684.582,*r,flag,059003.000141,059003.000213,-0.3053,+0.0000,1.000,+0.3053,0.6889,30684.2767
30661.969,,plain,059003.000167,059003.000255,+0.0000,+0.0000,0.961,+0.0000,0.7645,30661.9690
30644.198,*v,flag,059003.000148,059003.000224,+1.0665,+0.0000,1.000,-1.0665,0.4390,30645.2645
30631.472,*v,flag,059003.000148,059003.000223,+1.0665,+0.0000,1.000,-1.0665,0.0825,30632.5385
30624.569,bl,plain,059003.000160,059003.000247,+0.0000,+0.0000,0.961,+0.0000,0.6848,30624.5690
30623.548,*v,flag,059003.000133,059003.000199,+1.1220,+0.3532,1.000,-0.7688,0.0830,30624.3167
30611.102,*r,flag,059003.000134,059003.000200,-0.2318,+0.3334,1.000,+0.5651,0.0691,30610.5369
30566.450,*r,flag,059003.000183,059003.000440,-0.3551,+0.0000,1.000,+0.3551,0.3129,30566.0949
30525.219,*r,flag,059003.000149,059003.000222,-0.2675,+0.0000,1.000,+0.2675,0.3133,30524.9515
30470.512,*v,flag,059003.000145,059003.000221,+0.8698,+0.2984,1.000,-0.5714,0.0634,30471.0834
30454.968,w,plain,059003.000160,059003.000244,+0.0000,+0.3836,0.961,+0.3687,0.4270,30454.5993
30411.840,*r,flag,059003.000165,059003.000251,-0.3421,+0.2734,1.000,+0.6155,0.0707,30411.2245
30408.789,,plain,059003.000153,059003.000237,+0.0000,+0.2936,0.961,+0.2822,0.4256,30408.5068
30380.612,c,c,059003.000149,059003.000432,-0.2675,+0.0000,0.244,+0.0653,0.0464,30380.5467
30362.548,*r,flag,059003.000134,059003.000199,-0.2318,+0.3532,1.000,+0.5850,0.0809,30361.9630
30353.320,*v,flag,059003.000161,059003.000248,+1.0597,+0.0000,1.000,-1.0597,0.0594,30354.3798
30350.553,*r,flag,059003.000141,059003.000212,-0.3053,+0.4290,1.000,+0.7343,0.6628,30349.8187
30341.462,*r,flag,059003.000188,059003.000291,-0.2447,+0.5850,1.000,+0.8297,0.1208,30340.6322
30330.198,*v,flag,059003.000189,059003.000291,+1.2317,+0.5850,1.000,-0.6467,0.1221,30330.8448
30297.271,,plain,059003.000144,059003.000217,+0.0000,+0.0000,0.961,+0.0000,0.4247,30297.2710
30271.440,w,plain,059003.000146,059003.000221,+0.0000,+0.2984,0.961,+0.2867,0.4241,30271.1533
30260.050,c,c,059003.000165,059003.000250,-0.3421,+0.0000,0.244,+0.0835,0.1073,30259.9665
30251.599,c,c,059003.000165,059003.000249,-0.3421,+0.1525,0.244,+0.1207,0.0163,30251.4783
30238.092,*r,flag,059003.000140,059003.000209,-0.3098,+0.3181,1.000,+0.6279,0.0630,30237.4641
30200.570,,plain,059003.000155,059003.000231,+0.0000,+0.0000,0.961,+0.0000,0.5167,30200.5700
30164.931,,plain,059003.000037,059003.000177,+0.0000,+0.0000,0.961,+0.0000,0.5946,30164.9310
30134.009,*r,flag,059003.000150,059003.000224,-0.2879,+0.0000,1.000,+0.2879,0.4385,30133.7211
30126.309,c,c,059003.000141,059003.000210,-0.3053,+0.3296,0.244,+0.1549,0.0232,30126.1541
30108.770,*v,flag,059003.000142,059003.000211,+0.8663,+0.3211,1.000,-0.5451,0.0690,30109.3151
30108.261,*r,flag,059003.000150,059003.000222,-0.2879,+0.0000,1.000,+0.2879,0.3138,30107.9731
30091.850,*v,flag,059003.000191,059003.000292,+0.8169,+0.2413,1.000,-0.5756,0.0717,30092.4256
30067.579,w,plain,059003.000036,059003.000176,+0.0000,+0.0000,0.961,+0.0000,0.3502,30067.5790
30044.049,*v,flag,059003.000161,059003.000245,+1.0597,+0.2117,1.000,-0.8480,0.0601,30044.8970
30040.738,,plain,059003.000153,059003.000229,+0.0000,+0.1856,0.961,+0.1784,0.4221,30040.5596
30031.801,*v,flag,059003.000145,059003.000218,+0.8698,+0.3780,1.000,-0.4918,0.0862,30032.2928
30004.969,*v,flag,059003.000148,059003.000221,+1.0665,+0.2984,1.000,-0.7681,0.0681,30005.7371
29992.051,*v,flag,059003.000145,059003.000217,+0.8698,+0.0000,1.000,-0.8698,0.3136,29992.9208
29960.478,,plain,059003.000036,059003.000175,+0.0000,+0.0000,0.961,+0.0000,0.4247,29960.4780
29953.232,,plain,059003.000172,059003.000255,+0.0000,+0.0000,0.961,+0.0000,0.8536,29953.2320
29951.198,w,plain,059003.000160,059003.000239,+0.0000,+0.2858,0.961,+0.2746,0.4254,29950.9234
29936.262,*v,flag,059003.000187,059003.000288,+0.7699,+0.1481,1.000,-0.6218,0.0635,29936.8837
29926.299,*v,flag,059003.000161,059003.000244,+1.0597,+0.3836,1.000,-0.6761,0.0851,29926.9751
29918.669,*v,flag,059003.000139,059003.000206,+1.1375,+0.4794,1.000,-0.6581,0.1127,29919.3271
29916.449,*v,flag,059003.000142,059003.000209,+0.8663,+0.3181,1.000,-0.5481,0.0645,29916.9971
29914.012,,plain,059003.000132,059003.000197,+0.0000,+0.5074,0.961,+0.4876,0.6672,29913.5244
29911.792,*r,flag,059003.000149,059003.000221,-0.2675,+0.2984,1.000,+0.5659,0.0618,29911.2261
29883.333,*v,flag,059003.000161,059003.000243,+1.0597,+0.0000,1.000,-1.0597,0.4389,29884.3927
29882.832,*r,flag,059003.000140,059003.000207,-0.3098,+0.0720,1.000,+0.3818,0.0489,29882.4502
29880.780,,plain,059003.000144,059003.000216,+0.0000,+0.0769,0.961,+0.0739,0.3052,29880.7061
29837.289,,plain,059003.000035,059003.000173,+0.0000,+0.0000,0.961,+0.0000,0.7645,29837.2890
29832.640,w,plain,059003.000146,059003.000218,+0.0000,+0.3780,0.961,+0.3633,0.4278,29832.2767
29807.770,*v,flag,059003.000182,059003.000275,+0.9344,+0.2900,1.000,-0.6444,0.0731,29808.4144
29798.460,*v,flag,059003.000139,059003.000205,+1.1375,+0.3066,1.000,-0.8309,0.0962,29799.2909
29793.032,,plain,059003.000146,059003.000217,+0.0000,+0.0000,0.961,+0.0000,0.5167,29793.0320
29774.950,*r,flag,059003.000125,059003.000195,-0.2406,+0.5254,1.000,+0.7660,0.0997,29774.1840
29770.340,*r,flag,059003.000183,059003.000275,-0.3551,+0.2900,1.000,+0.6451,0.0722,29769.6949
29765.909,*r,flag,059003.000165,059003.000245,-0.3421,+0.2117,1.000,+0.5539,0.0597,29765.3551
29758.543,*r,flag,059003.000125,059003.000194,-0.2406,+0.2590,1.000,+0.4996,0.0843,29758.0434
29753.592,*v,flag,059003.000182,059003.000274,+0.9344,+0.0000,1.000,-0.9344,0.3131,29754.5264
29749.803,w,plain,059003.000034,059003.000168,+0.0000,+0.0000,0.961,+0.0000,0.2548,29749.8030
29745.398,,plain,059003.000159,059003.000233,+0.0000,-0.2887,0.961,-0.2775,0.1818,29745.6755
29716.131,*r,flag,059003.000183,059003.000274,-0.3551,+0.0000,1.000,+0.3551,0.3129,29715.7759
29713.359,*r,flag,059003.000188,059003.000289,-0.2447,+0.3025,1.000,+0.5473,0.1083,29712.8118
29708.009,,plain,059003.000065,059003.000185,+0.0000,+0.0000,0.961,+0.0000,0.1899,29708.0090
29702.050,*v,flag,059003.000189,059003.000289,+1.2317,+0.3025,1.000,-0.9292,0.1098,29702.9793
29688.412,*v,flag,059003.000148,059003.000220,+1.0665,+0.1164,1.000,-0.9501,0.0772,29689.3621
29686.369,*v,flag,059003.000133,059003.000197,+1.1220,+0.5074,1.000,-0.6146,0.1070,29686.9836
29679.708,,plain,059003.000147,059003.000217,+0.0000,+0.0000,0.961,+0.0000,0.3502,29679.7080
29660.468,,plain,059003.000132,059003.000196,+0.0000,+0.2509,0.961,+0.2411,0.6651,29660.2269
29648.142,*r,flag,059003.000165,059003.000244,-0.3421,+0.3836,1.000,+0.7258,0.0848,29647.4162
29637.219,,plain,059003.000163,059003.000433,+0.0000,+0.1625,0.961,+0.1562,0.3025,29637.0628
29602.342,*v,flag,059003.000182,059003.000273,+0.9344,+0.0364,1.000,-0.8980,0.0474,29603.2400
29595.061,c,c,059003.000149,059003.000220,-0.2675,+0.1164,0.244,+0.0937,0.0193,29594.9673
29584.911,*v,flag,059003.000191,059003.000290,+0.8169,-0.0004,1.000,-0.8173,0.0427,29585.7283
29575.441,*v,flag,059003.000145,059003.000216,+0.8698,+0.0769,1.000,-0.7929,0.0626,29576.2339
29566.292,*v,flag,059003.000148,059003.000218,+1.0665,+0.3780,1.000,-0.6885,0.0897,29566.9805
29564.883,*r,flag,059003.000183,059003.000273,-0.3551,+0.0364,1.000,+0.3915,0.0460,29564.4915
29561.198,*v,flag,059003.000142,059003.000207,+0.8663,+0.0720,1.000,-0.7943,0.0509,29561.9922
29519.952,,plain,059003.000167,059003.000247,+0.0000,+0.0000,0.961,+0.0000,0.7645,29519.9520
29514.531,*v,flag,059003.000187,059003.000287,+0.7699,-0.0105,1.000,-0.7804,0.0108,29515.3114
29480.692,*v,flag,059003.000139,059003.000203,+1.1375,+0.3561,1.000,-0.7814,0.0938,29481.4734
29453.440,w,plain,059003.000126,059003.000195,+0.0000,+0.5254,0.961,+0.5049,0.5475,29452.9351
29437.360,d,plain,059003.000126,059003.000194,+0.0000,+0.2590,0.961,+0.2489,0.5451,29437.1111
29432.541,*v,flag,059003.000133,059003.000196,+1.1220,+0.2509,1.000,-0.8711,0.0926,29433.4121
29425.342,*r,flag,059003.000134,059003.000197,-0.2318,+0.5074,1.000,+0.7391,0.1053,29424.6029
29422.478,*v,flag,059003.000161,059003.000239,+1.0597,+0.2858,1.000,-0.7740,0.0760,29423.2520
29415.551,w,plain,059003.000162,059003.000240,+0.0000,+0.1099,0.961,+0.1056,0.0679,29415.4454
29410.188,*v,flag,059003.000145,059003.000215,+0.8698,+0.3195,1.000,-0.5503,0.5508,29410.7382
29405.160,,plain,059003.000172,059003.000251,+0.0000,+0.2734,0.961,+0.2627,0.6634,29404.8973
29377.672,*r,flag,059003.000192,059003.000292,-0.3975,+0.2413,1.000,+0.6388,0.0709,29377.0333
29294.708,*r,flag,059003.000190,059003.000288,-0.0984,+0.1481,1.000,+0.2465,0.0631,29294.4615
29289.531,c,c,059003.000127,059003.000195,+1.0913,+0.5254,0.244,-0.1381,0.0272,29289.6691
29280.241,w,plain,059003.000154,059003.000223,+0.0000,+0.0000,0.961,+0.0000,0.7841,29280.2410
29272.878,*v,flag,059003.000127,059003.000194,+1.0913,+0.2590,1.000,-0.8323,0.0848,29273.7103
29268.060,,plain,059003.000173,059003.000251,+0.0000,+0.2734,0.961,+0.2627,0.5438,29267.7973
29262.279,w,plain,059003.000039,059003.000177,+0.0000,+0.0000,0.961,+0.0000,0.6848,29262.2790
29251.850,,plain,059003.000156,059003.000223,+0.0000,+0.0000,0.961,+0.0000,0.6645,29251.8500
29239.608,,plain,059003.000037,059003.000175,+0.0000,+0.0000,0.961,+0.0000,0.5167,29239.6080
29230.778,*v,flag,059003.000161,059003.000238,+1.0597,+0.1514,1.000,-0.9084,0.0782,29231.6864
29212.402,*r,flag,059003.000141,059003.000206,-0.3053,+0.4794,1.000,+0.7846,0.1114,29211.6174
29179.193,,plain,059003.000034,059003.000162,+0.0000,+0.0000,0.961,+0.0000,0.1899,29179.1930
29177.918,c,c,059003.000150,059003.000220,-0.2879,+0.1164,0.244,+0.0986,0.0200,29177.8194
29171.522,*r,flag,059003.000134,059003.000196,-0.2318,+0.2509,1.000,+0.4826,0.0906,29171.0394
29164.258,c,c,059003.000448,059003.000563,+0.0000,+0.0000,0.244,+0.0000,0.1941,29164.2580
29151.128,*r,flag,059003.000151,059003.000220,+0.0000,+0.1164,1.000,+0.1164,0.5666,29151.0116
29144.232,*r,flag,059003.000165,059003.000239,-0.3421,+0.2858,1.000,+0.6279,0.0756,29143.6041
29092.239,*r,flag,059003.000141,059003.000205,-0.3053,+0.3066,1.000,+0.6119,0.0947,29091.6271
29056.178,*r,flag,059003.000150,059003.000218,-0.2879,+0.3780,1.000,+0.6659,0.0871,29055.5121
29016.833,*r,flag,059003.000149,059003.000216,-0.2675,+0.0769,1.000,+0.3444,0.0609,29016.4886
28982.311,,plain,059003.000036,059003.000168,+0.0000,+0.0000,0.961,+0.0000,0.3502,28982.3110
28952.641,*r,flag,059003.000165,059003.000238,-0.3421,+0.1514,1.000,+0.4935,0.0779,28952.1475
28943.220,*v,flag,059003.000145,059003.000211,+0.8698,+0.3211,1.000,-0.5486,0.0699,28943.7686
28873.162,*r,flag,059003.000190,059003.000287,-0.0984,-0.0105,1.000,+0.0879,0.0079,28873.0741
28870.930,*r,flag,059003.000192,059003.000290,-0.3975,-0.0004,1.000,+0.3971,0.0413,28870.5329
28774.448,*r,flag,059003.000141,059003.000203,-0.3053,+0.3561,1.000,+0.6614,0.0923,28773.7866
28767.907,*v,flag,059003.000145,059003.000210,+0.8698,+0.3296,1.000,-0.5401,0.0693,28768.4471
28744.182,,plain,059003.000146,059003.000211,+0.0000,+0.3211,0.961,+0.3086,0.4250,28743.8734
28718.489,*v,flag,059003.000189,059003.000443,+1.2317,+0.0000,1.000,-1.2317,0.9391,28719.7208
28701.019,,plain,059003.000144,059003.000207,+0.0000,+0.0720,0.961,+0.0692,0.3034,28700.9498
28654.973,,plain,059003.000167,059003.000238,+0.0000,+0.1514,0.961,+0.1455,0.5447,28654.8275
28599.497,c,c,059003.000150,059003.000216,-0.2879,+0.0769,0.244,+0.0890,0.0173,28599.4080
28596.222,c,c,059003.000141,059003.000202,-0.3053,+0.0000,0.244,+0.0745,0.1378,28596.1475
28568.862,,plain,059003.000146,059003.000210,+0.0000,+0.3296,0.961,+0.3168,0.4250,28568.5452
28504.369,,plain,059003.000173,059003.000244,+0.0000,+0.3836,0.961,+0.3687,0.5457,28504.0003
28488.848,*r,flag,059003.000188,059003.000284,-0.2447,+0.0000,1.000,+0.2447,0.8142,28488.6033
28477.568,*v,flag,059003.000148,059003.000211,+1.0665,+0.3211,1.000,-0.7454,0.0741,28478.3134
28461.553,w,plain,059003.000173,059003.000243,+0.0000,+0.0000,0.961,+0.0000,0.6848,28461.5530
28434.460,*r,flag,059003.000150,059003.000215,-0.2879,+0.3195,1.000,+0.6074,0.5509,28433.8526
28384.560,*r,flag,059003.000149,059003.000211,-0.2675,+0.3211,1.000,+0.5886,0.0683,28383.9714
28379.728,*r,flag,059003.000140,059003.000201,-0.3098,+0.2994,1.000,+0.6091,0.0535,28379.1189
28339.123,**,plain,059003.000153,059003.000220,+0.0000,+0.1164,0.961,+0.1118,0.4255,28339.0112
28322.699,*r,flag,059003.000131,059003.000194,+0.0000,+0.2590,1.000,+0.2590,0.5672,28322.4400
28304.783,w,plain,059003.000106,059003.000193,+0.0000,+0.0000,0.961,+0.0000,0.6848,28304.7830
28302.363,*v,flag,059003.000148,059003.000210,+1.0665,+0.3296,1.000,-0.7369,0.0735,28303.0999
28216.718,d,plain,059003.000153,059003.000218,+0.0000,+0.3780,0.961,+0.3633,0.4278,28216.3547
28207.712,,plain,059003.000146,059003.000208,+0.0000,+0.0000,0.961,+0.0000,0.5946,28207.7120
28192.232,*r,flag,059003.000149,059003.000209,-0.2675,+0.3181,1.000,+0.5856,0.0639,28191.6464
28177.151,,plain,059003.000153,059003.000217,+0.0000,+0.0000,0.961,+0.0000,0.5167,28177.1510
28058.072,*v,flag,059003.000142,059003.000201,+0.8663,+0.2994,1.000,-0.5669,0.0554,28058.6389
28047.162,*r,flag,059003.000188,059003.000282,-0.2447,+0.0000,1.000,+0.2447,0.6895,28046.9172
28035.839,*v,flag,059003.000189,059003.000282,+1.2317,+0.0000,1.000,-1.2317,0.6897,28037.0707
28019.712,c,c,059003.000190,059003.000283,-0.0984,+0.0000,0.244,+0.0240,0.0458,28019.6880
27967.532,**,plain,059003.000158,059003.000220,+0.0000,+0.1164,0.961,+0.1118,0.3074,27967.4202
27945.783,*v,flag,059003.000142,059003.000200,+0.8663,+0.3334,1.000,-0.5329,0.0592,27946.3159
27941.231,*v,flag,059003.000148,059003.000208,+1.0665,+0.0000,1.000,-1.0665,0.4390,27942.2975
27888.650,,plain,059003.000077,059003.000186,+0.0000,+0.0000,0.961,+0.0000,0.3502,27888.6500
27848.051,*r,flag,059003.000149,059003.000208,-0.2675,+0.0000,1.000,+0.2675,0.4380,27847.7835
27836.783,c,c,059003.000149,059003.000207,-0.2675,+0.0720,0.244,+0.0828,0.0141,27836.7002
27835.460,,plain,059003.000037,059003.000163,+0.0000,+0.0000,0.961,+0.0000,0.5167,27835.4600
27807.750,,plain,059003.000056,059003.000180,+0.0000,+0.0000,0.961,+0.0000,0.3502,27807.7500
27760.662,,plain,059003.000153,059003.000216,+0.0000,+0.0769,0.961,+0.0739,0.4240,27760.5881
27744.278,,plain,059003.000038,059003.000163,+0.0000,+0.0000,0.961,+0.0000,0.3502,27744.2780
27715.441,*r,flag,059003.000192,059003.000287,-0.3975,-0.0105,1.000,+0.3870,0.0135,27715.0540
27683.040,,plain,059003.000111,059003.000193,+0.0000,+0.0000,0.961,+0.0000,0.5946,27683.0400
27659.728,*v,flag,059003.000139,059003.000197,+1.1375,+0.5074,1.000,-0.6301,0.1072,27660.3581
27544.803,**,plain,059003.000156,059003.000214,+0.0000,+0.4323,0.961,+0.4154,0.6669,27544.3876
27508.802,d,plain,059003.000154,059003.000213,+0.0000,+0.0000,0.961,+0.0000,1.0228,27508.8020
27446.761,,plain,059003.000164,059003.000226,+0.0000,+0.4095,0.961,+0.3935,1.0391,27446.3675
27440.789,*v,flag,059003.000133,059003.000195,+1.1220,+0.5254,1.000,-0.5966,0.1014,27441.3856
27431.013,*r,flag,059003.000150,059003.000208,-0.2879,+0.0000,1.000,+0.2879,0.4385,27430.7251
27389.111,,plain,059003.000158,059003.000216,+0.0000,+0.0769,0.961,+0.0739,0.3052,27389.0371
27380.320,,plain,059003.000001,059003.000120,+0.0000,+0.0000,0.961,+0.0000,0.8536,27380.3200
27362.619,,plain,059003.000166,059003.000226,+0.0000,+0.4095,0.961,+0.3935,1.1321,27362.2255
27357.528,,plain,059003.000152,059003.000207,+0.0000,+0.0720,0.961,+0.0692,0.1853,27357.4588
27350.513,,plain,059003.000177,059003.000244,+0.0000,+0.3836,0.961,+0.3687,0.4270,27350.1443
27322.358,,plain,059003.000031,059003.000126,+0.0000,+0.0000,0.961,+0.0000,0.8536,27322.3580
27312.152,c,c,059003.000034,059003.000157,+0.0000,+0.0000,0.244,+0.0000,0.0482,27312.1520
27298.589,,plain,059003.000179,059003.000264,+0.0000,+0.2310,0.961,+0.2220,0.4230,27298.3670
27267.659,*v,flag,059003.000148,059003.000205,+1.0665,+0.3066,1.000,-0.7599,0.0913,27268.4189
27220.832,,plain,059003.000164,059003.000223,+0.0000,+0.0000,0.961,+0.0000,0.7841,27220.8320
27208.707,*r,flag,059003.000165,059003.000224,-0.3421,+0.0000,1.000,+0.3421,0.4388,27208.3649
27203.441,,plain,059003.000159,059003.000216,+0.0000,+0.0769,0.961,+0.0739,0.1883,27203.3671
27197.737,,plain,059003.000144,059003.000201,+0.0000,+0.2994,0.961,+0.2877,0.3042,27197.4493
27179.820,*r,flag,059003.000134,059003.000195,-0.2318,+0.5254,1.000,+0.7571,0.0996,27179.0629
27174.781,,plain,059003.000154,059003.000212,+0.0000,+0.4290,0.961,+0.4123,1.0068,27174.3687
27163.478,*r,flag,059003.000134,059003.000194,-0.2318,+0.2590,1.000,+0.4908,0.0843,27162.9872
27157.810,,plain,059003.000112,059003.000193,+0.0000,+0.0000,0.961,+0.0000,0.5167,27157.8100
27146.337,,plain,059003.000156,059003.000212,+0.0000,+0.4290,0.961,+0.4123,0.9168,27145.9247
27138.561,,plain,059003.000001,059003.000119,+0.0000,+0.0000,0.961,+0.0000,0.6848,27138.5610
27116.360,d,plain,059003.000155,059003.000211,+0.0000,+0.3211,0.961,+0.3086,0.3067,27116.0514
27094.033,,plain,059003.000041,059003.000174,+0.0000,+0.0000,0.961,+0.0000,0.6848,27094.0330
27085.380,d,plain,059003.000144,059003.000200,+0.0000,+0.3334,0.961,+0.3204,0.3048,27085.0596
27075.081,,plain,059003.000180,059003.000264,+0.0000,+0.2310,0.961,+0.2220,0.3039,27074.8590
27059.920,,plain,059003.000160,059003.000220,+0.0000,+0.1164,0.961,+0.1118,0.4255,27059.8082
27059.467,,plain,059003.000036,059003.000159,+0.0000,+0.0000,0.961,+0.0000,0.3502,27059.4670
27009.870,w,plain,059003.000171,059003.000230,+0.0000,+0.3624,0.961,+0.3482,0.9047,27009.5218
26982.650,,plain,059003.000173,059003.000231,+0.0000,+0.0000,0.961,+0.0000,0.6848,26982.6500
26953.479,*r,flag,059003.000141,059003.000197,-0.3053,+0.5074,1.000,+0.8126,0.1058,26952.6664
26937.833,c,c,059003.000160,059003.000218,+0.0000,+0.3780,0.244,+0.0922,0.1089,26937.7408
26898.123,w,plain,059003.000167,059003.000223,+0.0000,+0.0000,0.961,+0.0000,0.5453,26898.1230
26756.773,c,c,059003.000158,059003.000211,+0.0000,+0.3211,0.244,+0.0784,0.0782,26756.6946
26730.248,,plain,059003.000151,059003.000205,+0.0000,+0.3066,0.961,+0.2947,0.5466,26729.9533
26645.843,,plain,059003.000115,059003.000193,+0.0000,+0.0000,0.961,+0.0000,0.5946,26645.8430
26633.023,,plain,059003.000180,059003.000261,+0.0000,+0.1869,0.961,+0.1796,0.3038,26632.8434
26579.973,d,plain,059003.000155,059003.000208,+0.0000,+0.0000,0.961,+0.0000,0.5167,26579.9730
26569.019,,plain,059003.000155,059003.000207,+0.0000,+0.0720,0.961,+0.0692,0.3034,26568.9498
26564.310,c,c,059003.000158,059003.000209,+0.0000,+0.3181,0.244,+0.0776,0.0779,26564.2324
26529.699,,plain,059003.000040,059003.000167,+0.0000,+0.0000,0.961,+0.0000,0.8536,26529.6990
26422.387,w,plain,059003.000171,059003.000226,+0.0000,+0.4095,0.961,+0.3935,1.1321,26421.9935
26415.333,,plain,059003.000172,059003.000226,+0.0000,+0.4095,0.961,+0.3935,0.9521,26414.9395
26332.547,w,plain,059003.000146,059003.000199,+0.0000,+0.3532,0.961,+0.3395,0.4256,26332.2075
26314.727,,plain,059003.000148,059003.000200,+1.0665,+0.3334,0.961,-0.7045,0.0634,26315.4315
26285.901,*r,flag,059003.000192,059003.000280,-0.3975,+0.0374,1.000,+0.4349,0.0186,26285.4661
26261.631,*r,flag,059003.000150,059003.000202,-0.2879,+0.0000,1.000,+0.2879,0.5632,26261.3431
26252.941,,plain,059003.000165,059003.000220,-0.3421,+0.1164,0.961,+0.4406,0.0736,26252.5004
26247.400,,plain,059003.000038,059003.000159,+0.0000,+0.0000,0.961,+0.0000,0.2548,26247.4000
26221.570,*r,flag,059003.000149,059003.000200,-0.2675,+0.3334,1.000,+0.6009,0.0585,26220.9691
26211.108,,plain,059003.000043,059003.000175,+0.0000,+0.0000,0.961,+0.0000,0.5167,26211.1080
26189.410,,plain,059003.000172,059003.000223,+0.0000,+0.0000,0.961,+0.0000,0.6645,26189.4100
26172.562,,plain,059003.000181,059003.000264,+0.0000,+0.2310,0.961,+0.2220,0.5425,26172.3400
26163.578,,plain,059003.000164,059003.000219,+0.0000,+0.4455,0.961,+0.4281,1.0161,26163.1499
26152.888,,plain,059003.000037,059003.000158,+0.0000,+0.0000,0.961,+0.0000,0.5167,26152.8880
26130.813,*r,flag,059003.000165,059003.000218,-0.3421,+0.3780,1.000,+0.7201,0.0889,26130.0929
26008.111,d,plain,059003.000156,059003.000206,+0.0000,+0.4794,0.961,+0.4607,0.6680,26007.6503
26000.070,d,plain,059003.000144,059003.000198,+0.0000,+0.0000,0.961,+0.0000,0.5167,26000.0700
25916.540,,plain,059003.000154,059003.000205,+0.0000,+0.3066,0.961,+0.2947,0.7850,25916.2453
25895.212,w,plain,059003.000153,059003.000204,+0.0000,+0.0000,0.961,+0.0000,0.6848,25895.2120
25887.328,*r,flag,059003.000188,059003.000441,-0.2447,+0.4940,1.000,+0.7388,0.7396,25886.5893
25876.023,*v,flag,059003.000189,059003.000441,+1.2317,+0.4940,1.000,-0.7377,0.7398,25876.7608
25795.563,w,plain,059003.000035,059003.000151,+0.0000,+0.0000,0.961,+0.0000,0.7645,25795.5630
25787.288,,plain,059003.000161,059003.000215,+1.0597,+0.3195,0.961,-0.7114,0.5298,25787.9994
25732.983,,plain,059003.000038,059003.000157,+0.0000,+0.0000,0.961,+0.0000,0.1899,25732.9830
25691.767,*r,flag,059003.000183,059003.000261,-0.3551,+0.1869,1.000,+0.5420,0.0498,25691.2250
25640.338,,plain,059003.000121,059003.000193,+0.0000,+0.0000,0.961,+0.0000,0.5167,25640.3380
25598.708,,plain,059003.000154,059003.000203,+0.0000,+0.3561,0.961,+0.3422,0.7847,25598.3658
25555.970,,plain,059003.000150,059003.000199,-0.2879,+0.3532,0.961,+0.6161,0.0721,25555.3539
25495.789,,plain,059003.000146,059003.000198,+0.0000,+0.0000,0.961,+0.0000,0.5946,25495.7890
25448.022,w,plain,059003.000354,059003.000594,+0.0000,+0.0000,0.961,+0.0000,1.1042,25448.0220
25409.837,c,c,059003.000001,059003.000111,+0.0000,+0.0000,0.244,+0.0000,0.1739,25409.8370
25340.662,,plain,059003.000145,059003.000196,+0.8698,+0.2509,0.961,-0.5947,0.0813,25341.2567
25318.869,c,c,059003.000051,059003.000177,+0.0000,+0.0000,0.244,+0.0000,0.1739,25318.8690
25155.623,,plain,059003.000092,059003.000185,+0.0000,+0.0000,0.961,+0.0000,0.3502,25155.6230
25132.138,,plain,059003.000172,059003.000219,+0.0000,+0.4455,0.961,+0.4281,0.9269,25131.7099
25124.103,,plain,059003.000172,059003.000218,+0.0000,+0.3780,0.961,+0.3633,0.6654,25123.7397
25115.280,,plain,059003.000164,059003.000212,+0.0000,+0.4290,0.961,+0.4123,1.0068,25114.8677
25042.950,*r,flag,059003.000165,059003.000211,-0.3421,+0.3211,1.000,+0.6633,0.0732,25042.2867
24991.690,,plain,059003.000035,059003.000146,+0.0000,+0.0000,0.961,+0.0000,0.6848,24991.6900
24986.919,,plain,059003.000173,059003.000218,+0.0000,+0.3780,0.961,+0.3633,0.5463,24986.5557
24913.503,,plain,059003.000038,059003.000152,+0.0000,+0.0000,0.961,+0.0000,0.2548,24913.5030
24878.723,,plain,059003.000039,059003.000153,+0.0000,+0.0000,0.961,+0.0000,0.6848,24878.7230
24809.323,,plain,059003.000033,059003.000129,+0.0000,+0.0000,0.961,+0.0000,1.1922,24809.3230
24792.521,,plain,059003.000035,059003.000145,+0.0000,+0.8698,0.961,+0.8358,0.5413,24791.6852
24719.230,,plain,059003.000150,059003.000198,-0.2879,+0.0000,0.961,+0.2766,0.4214,24718.9534
24671.373,,plain,059003.000162,059003.000207,+0.0000,+0.0720,0.961,+0.0692,0.0740,24671.3038
24593.417,*r,flag,059003.000158,059003.000200,+0.0000,+0.3334,1.000,+0.3334,0.3172,24593.0836
24498.063,*v,flag,059003.000142,059003.000194,+0.8663,+0.2590,1.000,-0.6073,0.0764,24498.6702
24487.157,,plain,059003.000032,059003.000120,+0.0000,+0.0000,0.961,+0.0000,1.0228,24487.1570
24458.292,,plain,059003.000179,059003.000251,+0.0000,+0.2734,0.961,+0.2627,0.4246,24458.0293
24364.922,*r,flag,059003.000150,059003.000196,-0.2879,+0.2509,1.000,+0.5388,0.0849,24364.3832
24259.977,d,plain,059003.000055,059003.000177,+0.0000,+0.0000,0.961,+0.0000,0.6848,24259.9770
24187.582,d,plain,059003.000038,059003.000147,+0.0000,+0.0000,0.961,+0.0000,0.2548,24187.5820
24171.991,,plain,059003.000181,059003.000256,+0.0000,+0.0000,0.961,+0.0000,0.8536,24171.9910
24110.240,d,plain,059003.000161,059003.000205,+1.0597,+0.3066,0.961,-0.7238,0.0879,24110.9638
24106.787,d,plain,059003.000349,059003.000579,+0.0000,+0.0000,0.961,+0.0000,1.0228,24106.7870
24087.289,,plain,059003.000161,059003.000204,+1.0597,+0.0000,0.961,-1.0184,0.5418,24088.3074
24039.481,,plain,059003.000039,059003.000150,+0.0000,-0.2879,0.961,-0.2766,0.5413,24039.7576
24031.981,w,plain,059003.000043,059003.000160,+0.0000,+0.0000,0.961,+0.0000,0.5946,24031.9810
23990.817,w,plain,059003.000375,059003.000608,+0.0000,+0.0000,0.961,+0.0000,1.1922,23990.8170
23953.544,w,plain,059003.000360,059003.000601,+0.0000,+0.0000,0.961,+0.0000,0.8536,23953.5440
23946.642,,plain,059003.000173,059003.000212,+0.0000,+0.4290,0.961,+0.4123,0.8344,23946.2297
23898.409,,plain,059003.000173,059003.000211,+0.0000,+0.3211,0.961,+0.3086,0.5442,23898.1004
23892.834,,plain,059003.000166,059003.000206,+0.0000,+0.4794,0.961,+0.4607,0.9063,23892.3733
23875.837,c,c,059003.000351,059003.000578,+0.0000,+0.0000,0.244,+0.0000,0.2597,23875.8370
23858.959,,plain,059003.000107,059003.000186,+0.0000,+0.0000,0.961,+0.0000,0.5167,23858.9590
23792.497,,plain,059003.000161,059003.000203,+1.0597,+0.3561,0.961,-0.6762,0.0854,23793.1732
23777.562,,plain,059003.000154,059003.000197,+0.0000,+0.5074,0.961,+0.4876,0.7863,23777.0744
23749.140,,plain,059003.000156,059003.000197,+0.0000,+0.5074,0.961,+0.4876,0.6672,23748.6524
23661.180,,plain,059003.000037,059003.000144,+0.0000,+0.0000,0.961,+0.0000,0.5167,23661.1800
23651.803,d,plain,059003.000001,059003.000097,+0.0000,+0.0000,0.961,+0.0000,0.6848,23651.8030
23643.878,,plain,059003.000052,059003.000172,+0.0000,+0.0000,0.961,+0.0000,1.0228,23643.8780
23637.750,,plain,059003.000144,059003.000194,+0.0000,+0.2590,0.961,+0.2489,0.3083,23637.5011
23636.868,,plain,059003.000052,059003.000171,+0.0000,+0.0000,0.961,+0.0000,1.1922,23636.8680
23635.549,d,plain,059003.000031,059003.000108,+0.0000,+0.0000,0.961,+0.0000,0.8536,23635.5490
23580.759,,plain,059003.000048,059003.000167,+0.0000,+0.0000,0.961,+0.0000,0.6848,23580.7590
23533.748,,plain,059003.000192,059003.000274,-0.3975,+0.0000,0.961,+0.3820,0.3006,23533.3660
23529.311,,plain,059003.000039,059003.000148,+0.0000,+1.0665,0.961,+1.0249,0.5419,23528.2861
23525.807,,plain,059003.000153,059003.000196,+0.0000,+0.2509,0.961,+0.2411,0.4274,23525.5659
23521.910,w,plain,059003.000036,059003.000142,+0.0000,+0.8663,0.961,+0.8325,0.3014,23521.0775
23396.868,w,plain,059003.000364,059003.000593,+0.0000,+0.0000,0.961,+0.0000,0.8536,23396.8680
23380.158,w,plain,059003.000379,059003.000607,+0.0000,+0.0000,0.961,+0.0000,1.1042,23380.1580
23333.822,,plain,059003.000040,059003.000151,+0.0000,+0.0000,0.961,+0.0000,0.8536,23333.8220
23319.138,,plain,059003.000051,059003.000167,+0.0000,+0.0000,0.961,+0.0000,0.7645,23319.1380
23300.290,d,plain,059003.000381,059003.000612,+0.0000,+0.0000,0.961,+0.0000,0.8536,23300.2900
23280.533,w,plain,059003.000365,059003.000597,+0.0000,+0.0000,0.961,+0.0000,0.6848,23280.5330
23262.771,,plain,059003.000039,059003.000146,+0.0000,+0.0000,0.961,+0.0000,0.6848,23262.7710
23248.354,,plain,059003.000038,059003.000143,+0.0000,+0.0000,0.961,+0.0000,0.1899,23248.3540
23232.972,,plain,059003.000186,059003.000264,+0.0000,+0.2310,0.961,+0.2220,0.3039,23232.7500
23225.184,c,c,059003.000307,059003.000563,+0.0000,+0.0000,0.244,+0.0000,0.1941,23225.1840
23202.089,w,plain,059003.000032,059003.000114,+0.0000,+0.0000,0.961,+0.0000,1.0228,23202.0890
23124.277,w,plain,059003.000043,059003.000158,+0.0000,+0.0000,0.961,+0.0000,0.5167,23124.2770
23110.093,,plain,059003.000056,059003.000176,+0.0000,+0.0000,0.961,+0.0000,0.2548,23110.0930
23063.179,w,plain,059003.000366,059003.000602,+0.0000,+0.0000,0.961,+0.0000,0.4247,23063.1790
23010.281,w,plain,059003.000044,059003.000159,+0.0000,+0.0000,0.961,+0.0000,0.3502,23010.2810
22957.842,w,plain,059003.000367,059003.000594,+0.0000,+0.0000,0.961,+0.0000,1.1042,22957.8420
22952.613,,plain,059003.000171,059003.000206,+0.0000,+0.4794,0.961,+0.4607,0.9063,22952.1523
22907.652,c,c,059003.000369,059003.000597,+0.0000,+0.0000,0.244,+0.0000,0.2167,22907.6520
22825.574,,plain,059003.000172,059003.000205,+0.0000,+0.3066,0.961,+0.2947,0.6656,22825.2793
22814.637,c,c,059003.000373,059003.000604,+0.0000,+0.0000,0.244,+0.0000,0.0889,22814.6370
22800.972,,plain,059003.000037,059003.000142,+0.0000,+0.8663,0.961,+0.8325,0.4212,22800.1395
22790.810,,plain,059003.000186,059003.000261,+0.0000,+0.1869,0.961,+0.1796,0.3038,22790.6304
22773.897,*r,flag,059003.000149,059003.000194,-0.2675,+0.2590,1.000,+0.5265,0.0758,22773.3705
22764.697,w,plain,059003.000043,059003.000155,+0.0000,+0.0000,0.961,+0.0000,0.5167,22764.6970
22703.209,w,plain,059003.000467,059003.000594,+0.0000,+0.0000,0.961,+0.0000,1.0228,22703.2090
22700.698,w,plain,059003.000467,059003.000593,+0.0000,+0.0000,0.961,+0.0000,0.9344,22700.6980
22696.617,,plain,059003.000052,059003.000166,+0.0000,+0.0000,0.961,+0.0000,1.1922,22696.6170
22686.398,,plain,059003.000181,059003.000245,+0.0000,+0.2117,0.961,+0.2035,0.5426,22686.1945
22685.233,,plain,059003.000182,059003.000245,+0.9344,+0.2117,0.961,-0.6944,0.0514,22685.9274
22660.783,w,plain,059003.000468,059003.000593,+0.0000,+0.0000,0.961,+0.0000,0.8536,22660.7830
22630.662,d,plain,059003.000122,059003.000187,+0.0000,+0.7699,0.961,+0.7398,0.3006,22629.9222
22612.430,,plain,059003.000052,059003.000164,+0.0000,+0.0000,0.961,+0.0000,1.1042,22612.4300
22560.422,w,plain,059003.000179,059003.000235,+0.0000,+0.0000,0.961,+0.0000,0.5946,22560.4220
22545.652,,plain,059003.000124,059003.000188,+0.0000,-0.2447,0.961,-0.2352,0.6626,22545.8872
22527.703,w,plain,059003.000001,059003.000087,+0.0000,+0.0000,0.961,+0.0000,0.6848,22527.7030
22476.059,w,plain,059003.000048,059003.000160,+0.0000,+0.0000,0.961,+0.0000,0.5946,22476.0590
22464.912,w,plain,059003.000044,059003.000155,+0.0000,+0.0000,0.961,+0.0000,0.4247,22464.9120
22460.551,w,plain,059003.000058,059003.000173,+0.0000,+0.0000,0.961,+0.0000,0.8536,22460.5510
22446.224,w,plain,059003.000031,059003.000099,+0.0000,+0.0000,0.961,+0.0000,0.8536,22446.2240
22433.029,w,plain,059003.000034,059003.000137,+0.0000,+0.0000,0.961,+0.0000,0.1899,22433.0290
22332.733,d,plain,059003.000167,059003.000199,+0.0000,+0.3532,0.961,+0.3395,0.5446,22332.3935
22323.343,,plain,059003.000058,059003.000172,+0.0000,+0.0000,0.961,+0.0000,0.9344,22323.3430
22263.003,,plain,059003.000179,059003.000233,+0.0000,-0.2887,0.961,-0.2775,0.4211,22263.2805
22260.242,,plain,059003.000055,059003.000167,+0.0000,+0.0000,0.961,+0.0000,0.7645,22260.2420
22214.454,w,plain,059003.000051,059003.000160,+0.0000,+0.0000,0.961,+0.0000,0.6848,22214.4540
22194.728,c,c,059003.000184,059003.000249,+0.0000,+0.1525,0.244,+0.0372,0.1072,22194.6908
22172.862,,plain,059003.000179,059003.000231,+0.0000,+0.0000,0.961,+0.0000,0.5946,22172.8620
22083.911,,plain,059003.000061,059003.000171,+0.0000,+0.0000,0.961,+0.0000,1.2741,22083.9110
22043.903,w,plain,059003.000031,059003.000093,+0.0000,+0.0000,0.961,+0.0000,0.9344,22043.9030
21977.803,,plain,059003.000068,059003.000177,+0.0000,+0.0000,0.961,+0.0000,0.5167,21977.8030
21949.551,w,plain,059003.000180,059003.000231,+0.0000,+0.0000,0.961,+0.0000,0.5167,21949.5510
21872.002,,plain,059003.000182,059003.000238,+0.9344,+0.1514,0.961,-0.7525,0.0705,21872.7545
21811.658,,plain,059003.000090,059003.000180,+0.0000,+0.0000,0.961,+0.0000,0.3502,21811.6580
21676.392,w,plain,059003.000044,059003.000152,+0.0000,+0.0000,0.961,+0.0000,0.3502,21676.3920
21614.703,w,plain,059003.000058,059003.000167,+0.0000,+0.0000,0.961,+0.0000,0.8536,21614.7030
21535.147,w,plain,059003.000001,059003.000082,+0.0000,+0.0000,0.961,+0.0000,0.7645,21535.1470
21512.092,w,plain,059003.000065,059003.000176,+0.0000,+0.0000,0.961,+0.0000,0.1899,21512.0920
21505.743,w,plain,059003.000155,059003.000194,+0.0000,+0.2590,0.961,+0.2489,0.3083,21505.4941
21496.541,*v,flag,059003.000043,059003.000149,+0.0000,-0.2675,1.000,-0.2675,0.4380,21496.8085
21486.802,,plain,059003.000173,059003.000199,+0.0000,+0.3532,0.961,+0.3395,0.5446,21486.4625
21447.989,w,plain,059003.000103,059003.000181,+0.0000,+0.0000,0.961,+0.0000,0.8536,21447.9890
21433.918,,plain,059003.000092,059003.000179,+0.0000,+0.0000,0.961,+0.0000,0.5167,21433.9180
21243.150,,plain,059003.000181,059003.000237,+0.0000,+0.2936,0.961,+0.2822,0.5446,21242.8678
21221.767,w,plain,059003.000035,059003.000135,+0.0000,+0.0000,0.961,+0.0000,0.6848,21221.7670
21208.823,w,plain,059003.000048,059003.000155,+0.0000,+0.0000,0.961,+0.0000,0.5167,21208.8230
21196.867,w,plain,059003.000048,059003.000153,+0.0000,+0.0000,0.961,+0.0000,0.5946,21196.8670
21159.558,w,plain,059003.000068,059003.000176,+0.0000,+0.0000,0.961,+0.0000,0.3502,21159.5580
21155.627,w,plain,059003.000055,059003.000160,+0.0000,+0.0000,0.961,+0.0000,0.6848,21155.6270
21143.733,,plain,059003.000061,059003.000166,+0.0000,+0.0000,0.961,+0.0000,1.2741,21143.7330
21136.859,w,plain,059003.000043,059003.000146,+0.0000,+0.0000,0.961,+0.0000,0.5946,21136.8590
21077.580,*v,flag,059003.000189,059003.000263,+1.2317,+0.3451,1.000,-0.8866,0.0982,21078.4666
21059.559,,plain,059003.000061,059003.000164,+0.0000,+0.0000,0.961,+0.0000,1.1922,21059.5590
21052.508,,plain,059003.000068,059003.000175,+0.0000,+0.0000,0.961,+0.0000,0.4247,21052.5080
20971.748,,plain,059003.000040,059003.000141,+0.0000,-0.3053,0.961,-0.2933,0.6621,20972.0413
20950.477,w,plain,059003.000044,059003.000147,+0.0000,+0.0000,0.961,+0.0000,0.3502,20950.4770
20935.261,w,plain,059003.000051,059003.000153,+0.0000,+0.0000,0.961,+0.0000,0.6848,20935.2610
20804.483,w,plain,059003.000122,059003.000185,+0.0000,+0.0000,0.961,+0.0000,0.3502,20804.4830
20791.832,d,plain,059003.000065,059003.000170,+0.0000,+0.0000,0.961,+0.0000,0.0849,20791.8320
20754.629,w,plain,059003.000032,059003.000096,+0.0000,+0.0000,0.961,+0.0000,1.1042,20754.6290
20686.663,c,c,059003.000172,059003.000197,+0.0000,+0.5074,0.244,+0.1238,0.1697,20686.5392
20632.711,,plain,059003.000043,059003.000144,+0.0000,+0.0000,0.961,+0.0000,0.5167,20632.7110
20581.456,,plain,059003.000052,059003.000156,+0.0000,+0.0000,0.961,+0.0000,1.0228,20581.4560
20553.000,,plain,059003.000052,059003.000154,+0.0000,+0.0000,0.961,+0.0000,1.1042,20553.0000
20549.139,,plain,059003.000032,059003.000093,+0.0000,+0.0000,0.961,+0.0000,1.0228,20549.1390
20472.779,,plain,059003.000035,059003.000132,+0.0000,+0.0000,0.961,+0.0000,0.8536,20472.7790
20136.837,,plain,059003.000031,059003.000082,+0.0000,+0.0000,0.961,+0.0000,0.8536,20136.8370
19872.490,d,plain,059003.000001,059003.000073,+0.0000,+0.0000,0.961,+0.0000,0.6848,19872.4900
19493.037,,plain,059003.000039,059003.000135,+0.0000,+0.0000,0.961,+0.0000,0.6848,19493.0370
19353.138,,plain,059003.000073,059003.000169,+0.0000,+0.0000,0.961,+0.0000,0.6848,19353.1380
19319.359,**,plain,059003.000051,059003.000146,+0.0000,+0.0000,0.961,+0.0000,0.6848,19319.3590
18645.834,,plain,059003.000080,059003.000174,+0.0000,+0.0000,0.961,+0.0000,0.5946,18645.8340
18408.818,,plain,059003.000037,059003.000130,+0.0000,+0.0000,0.961,+0.0000,0.5167,18408.8180
18260.553,,plain,059003.000055,059003.000146,+0.0000,+0.0000,0.961,+0.0000,0.6848,18260.5530
18011.137,,plain,059003.000040,059003.000132,+0.0000,+0.0000,0.961,+0.0000,0.9344,18011.1370
17859.793,,plain,059003.000085,059003.000174,+0.0000,+0.0000,0.961,+0.0000,0.5946,17859.7930
17704.234,,plain,059003.000124,059003.000181,+0.0000,+0.0000,0.961,+0.0000,0.8536,17704.2340
17606.205,d,plain,059003.000068,059003.000155,+0.0000,+0.0000,0.961,+0.0000,0.4247,17606.2050
17367.131,,plain,059003.000043,059003.000135,+0.0000,+0.0000,0.961,+0.0000,0.5946,17367.1310
17082.789,,plain,059003.000122,059003.000179,+0.0000,+0.0000,0.961,+0.0000,0.5167,17082.7890
17006.999,,plain,059003.000090,059003.000175,+0.0000,+0.0000,0.961,+0.0000,0.3502,17006.9990
16852.708,,plain,059003.000092,059003.000175,+0.0000,+0.0000,0.961,+0.0000,0.4247,16852.7080
16745.197,,plain,059003.000037,059003.000123,+0.0000,+0.0000,0.961,+0.0000,0.6848,16745.1970
16664.985,w,plain,059003.000031,059003.000062,+0.0000,+0.0000,0.961,+0.0000,0.8536,16664.9850
16414.100,w,plain,059003.000035,059003.000115,+0.0000,+0.0000,0.961,+0.0000,0.6848,16414.1000
16390.529,*r,flag,059003.000040,059003.000127,+0.0000,+1.0913,1.000,+1.0913,0.6889,16389.4377
16308.780,,plain,059003.000036,059003.000115,+0.0000,+0.0000,0.961,+0.0000,0.5167,16308.7800
16279.506,,plain,059003.000037,059003.000119,+0.0000,+0.0000,0.961,+0.0000,0.5946,16279.5060
16226.051,w,plain,059003.000040,059003.000126,+0.0000,+0.0000,0.961,+0.0000,0.8536,16226.0510
16132.012,d,plain,059003.000469,059003.000421,+0.0000,+0.0000,0.961,+0.0000,0.8536,16132.0120
16091.698,,plain,059003.000068,059003.000147,+0.0000,+0.0000,0.961,+0.0000,0.3502,16091.6980
16062.320,w,plain,059003.000035,059003.000114,+0.0000,+0.0000,0.961,+0.0000,0.8536,16062.3200
15874.523,,plain,059003.000092,059003.000168,+0.0000,+0.0000,0.961,+0.0000,0.3502,15874.5230
15842.573,,plain,059003.000039,059003.000123,+0.0000,+0.0000,0.961,+0.0000,0.7645,15842.5730
15796.808,,plain,059003.000036,059003.000112,+0.0000,+0.0000,0.961,+0.0000,0.4247,15796.8080
15655.096,w,plain,059003.000094,059003.000168,+0.0000,+0.0000,0.961,+0.0000,0.1899,15655.0960
15587.923,,plain,059003.000037,059003.000115,+0.0000,+0.0000,0.961,+0.0000,0.5946,15587.9230
15486.224,,plain,059003.000179,059003.000196,+0.0000,+0.2509,0.961,+0.2411,0.4274,15485.9829
15474.150,,plain,059003.000068,059003.000144,+0.0000,+0.0000,0.961,+0.0000,0.4247,15474.1500
15376.843,**,plain,059003.000039,059003.000119,+0.0000,+0.0000,0.961,+0.0000,0.6848,15376.8430
15375.053,,plain,059003.000103,059003.000172,+0.0000,+0.0000,0.961,+0.0000,0.9344,15375.0530
15271.590,,plain,059003.000036,059003.000111,+0.0000,+0.0000,0.961,+0.0000,0.5167,15271.5900
15084.366,,plain,059003.000094,059003.000162,+0.0000,+0.0000,0.961,+0.0000,0.0849,15084.3660
15001.002,w,plain,059003.000035,059003.000108,+0.0000,+0.0000,0.961,+0.0000,0.7645,15001.0020
14997.607,*r,flag,059003.000043,059003.000127,+0.0000,+1.0913,1.000,+1.0913,0.4397,14996.5158
14833.110,w,plain,059003.000043,059003.000126,+0.0000,+0.0000,0.961,+0.0000,0.6848,14833.1100
14800.570,w,plain,059003.000051,059003.000132,+0.0000,+0.0000,0.961,+0.0000,0.8536,14800.5700
14666.333,d,plain,059003.000103,059003.000167,+0.0000,+0.0000,0.961,+0.0000,0.8536,14666.3330
14550.670,,plain,059003.000037,059003.000111,+0.0000,+0.0000,0.961,+0.0000,0.5946,14550.6700
14437.956,w,plain,059003.000035,059003.000105,+0.0000,+0.0000,0.961,+0.0000,0.6848,14437.9560
14018.069,,plain,059003.000136,059003.000181,+0.0000,+0.0000,0.961,+0.0000,0.6848,14018.0690
13951.642,w,plain,059003.000092,059003.000159,+0.0000,+0.0000,0.961,+0.0000,0.3502,13951.6420
13824.341,,plain,059003.000048,059003.000130,+0.0000,+0.0000,0.961,+0.0000,0.5167,13824.3410
13811.663,w,plain,059003.000035,059003.000099,+0.0000,+0.0000,0.961,+0.0000,0.7645,13811.6630
13716.662,w,plain,059003.000043,059003.000123,+0.0000,+0.0000,0.961,+0.0000,0.6848,13716.6620
13618.942,w,plain,059003.000035,059003.000097,+0.0000,+0.0000,0.961,+0.0000,0.6848,13618.9420
13600.572,w,plain,059003.000040,059003.000114,+0.0000,+0.0000,0.961,+0.0000,0.9344,13600.5720
13595.214,,plain,059003.000065,059003.000138,+0.0000,+0.0000,0.961,+0.0000,0.1899,13595.2140
13564.849,w,plain,059003.000043,059003.000121,+0.0000,+0.0000,0.961,+0.0000,0.5167,13564.8490
13510.999,w,plain,059003.000038,059003.000104,+0.0000,+0.0000,0.961,+0.0000,0.3502,13510.9990
13409.339,w,plain,059003.000035,059003.000093,+0.0000,+0.0000,0.961,+0.0000,0.8536,13409.3390
13406.334,,plain,059003.000092,059003.000155,+0.0000,+0.0000,0.961,+0.0000,0.4247,13406.3340
13394.650,,plain,059003.000036,059003.000095,+0.0000,+0.0000,0.961,+0.0000,0.4247,13394.6500
13300.483,*r,flag,059003.000038,059003.000101,+0.0000,+0.0000,1.000,+0.0000,0.2652,13300.4830
13284.289,w,plain,059003.000117,059003.000176,+0.0000,+0.0000,0.961,+0.0000,0.2548,13284.2890
13277.232,ch,plain,059003.000048,059003.000126,+0.0000,+0.0000,0.961,+0.0000,0.6848,13277.2320
13250.988,,plain,059003.000043,059003.000119,+0.0000,+0.0000,0.961,+0.0000,0.5946,13250.9880
13242.789,w,plain,059003.000068,059003.000138,+0.0000,+0.0000,0.961,+0.0000,0.3502,13242.7890
13241.843,,plain,059003.000046,059003.000124,+0.0000,+0.0000,0.961,+0.0000,0.9344,13241.8430
13081.022,,plain,059003.000033,059003.000059,+0.0000,+0.0000,0.961,+0.0000,1.2741,13081.0220
13033.111,w,plain,059003.000107,059003.000160,+0.0000,+0.0000,0.961,+0.0000,0.5946,13033.1110
13026.331,w,plain,059003.000039,059003.000106,+0.0000,+0.0000,0.961,+0.0000,0.7645,13026.3310
13015.596,ch,plain,059003.000051,059003.000126,+0.0000,+0.0000,0.961,+0.0000,0.7645,13015.5960
12890.561,w,plain,059003.000314,059003.000465,+0.0000,+0.0000,0.961,+0.0000,0.8536,12890.5610
12801.262,ch,plain,059003.000038,059003.000098,+0.0000,+0.0000,0.961,+0.0000,0.3502,12801.2620
12792.818,w,plain,059003.000037,059003.000097,+0.0000,+0.0000,0.961,+0.0000,0.5946,12792.8180
12781.315,ch,plain,059003.000315,059003.000465,+0.0000,+0.0000,0.961,+0.0000,0.8536,12781.3150
12659.410,,plain,059003.000033,059003.000057,+0.0000,+0.0000,0.961,+0.0000,1.1922,12659.4100
12564.025,w,plain,059003.000117,059003.000170,+0.0000,+0.0000,0.961,+0.0000,0.1899,12564.0250
12539.278,w,plain,059003.000040,059003.000108,+0.0000,+0.0000,0.961,+0.0000,0.8536,12539.2780
12293.366,,plain,059003.000040,059003.000106,+0.0000,+0.0000,0.961,+0.0000,0.8536,12293.3660
12227.951,ch,plain,059003.000034,059003.000540,+0.0000,+0.0000,0.961,+0.0000,0.1899,12227.9510
12208.570,,plain,059003.000068,059003.000135,+0.0000,+0.0000,0.961,+0.0000,0.5167,12208.5700
12199.002,w,plain,059003.000117,059003.000168,+0.0000,+0.0000,0.961,+0.0000,0.2548,12199.0020
12160.760,w,plain,059003.000048,059003.000123,+0.0000,+0.0000,0.961,+0.0000,0.6848,12160.7600
12047.353,d,plain,059003.000043,059003.000112,+0.0000,+0.0000,0.961,+0.0000,0.5167,12047.3530
12046.213,ch,plain,059003.000320,059003.000465,+0.0000,+0.0000,0.961,+0.0000,0.9344,12046.2130
11966.800,,plain,059003.000032,059003.000046,+0.0000,+0.0000,0.961,+0.0000,1.0228,11966.8000
11956.920,*r,flag,059003.000055,059003.000126,+0.0000,+0.0000,1.000,+0.0000,0.7955,11956.9200
11942.768,w,plain,059003.000036,059003.000085,+0.0000,+0.0000,0.961,+0.0000,0.5167,11942.7680
11899.133,w,plain,059003.000051,059003.000123,+0.0000,+0.0000,0.961,+0.0000,0.7645,11899.1330
11890.167,,plain,059003.000039,059003.000097,+0.0000,+0.0000,0.961,+0.0000,0.6848,11890.1670
11840.793,d,plain,059003.000056,059003.000128,+0.0000,+0.0000,0.961,+0.0000,0.2548,11840.7930
11777.630,*v,flag,059003.000541,059003.000359,+0.0000,+0.0000,1.000,+0.0000,0.7126,11777.6300
11753.892,,plain,059003.000107,059003.000153,+0.0000,+0.0000,0.961,+0.0000,0.5946,11753.8920
11747.594,,plain,059003.000044,059003.000112,+0.0000,+0.0000,0.961,+0.0000,0.4247,11747.5940
11695.041,,plain,059003.000048,059003.000119,+0.0000,+0.0000,0.961,+0.0000,0.5946,11695.0410
11680.538,,plain,059003.000039,059003.000093,+0.0000,+0.0000,0.961,+0.0000,0.8536,11680.5380
11523.359,w,plain,059003.000122,059003.000168,+0.0000,+0.0000,0.961,+0.0000,0.3502,11523.3590
11502.228,,plain,059003.000035,059003.000082,+0.0000,+0.0000,0.961,+0.0000,0.7645,11502.2280
11477.773,*r,flag,059003.000034,059003.000076,+0.0000,+0.0000,1.000,+0.0000,0.3644,11477.7730
11476.092,ch,plain,059003.000058,059003.000127,+0.0000,+1.0913,0.961,+1.0487,0.6622,11475.0433
11470.472,ch,plain,059003.000103,059003.000151,+0.0000,+0.0000,0.961,+0.0000,0.8536,11470.4720
11397.581,,plain,059003.000109,059003.000154,+0.0000,+0.0000,0.961,+0.0000,1.1922,11397.5810
11250.349,,plain,059003.000110,059003.000154,+0.0000,+0.0000,0.961,+0.0000,1.1042,11250.3490
11221.904,,plain,059003.000037,059003.000085,+0.0000,+0.0000,0.961,+0.0000,0.5946,11221.9040
11003.532,,plain,059003.000552,059003.000481,+0.0000,+0.0000,0.961,+0.0000,1.1922,11003.5320
10986.015,,plain,059003.000039,059003.000088,+0.0000,+0.0000,0.961,+0.0000,0.7645,10986.0150
10922.525,,plain,059003.000124,059003.000167,+0.0000,+0.0000,0.961,+0.0000,0.8536,10922.5250
10766.024,,plain,059003.000039,059003.000087,+0.0000,+0.0000,0.961,+0.0000,0.6848,10766.0240
10660.966,,plain,059003.000038,059003.000083,+0.0000,+0.0000,0.961,+0.0000,0.3502,10660.9660
10583.321,,plain,059003.000043,059003.000105,+0.0000,+0.0000,0.961,+0.0000,0.5946,10583.3210
10573.669,,plain,059003.000043,059003.000104,+0.0000,+0.0000,0.961,+0.0000,0.5167,10573.6690
10276.171,,plain,059003.000117,059003.000159,+0.0000,+0.0000,0.961,+0.0000,0.2548,10276.1710
10273.946,,plain,059003.000044,059003.000104,+0.0000,+0.0000,0.961,+0.0000,0.4247,10273.9460
10221.752,,plain,059003.000068,059003.000130,+0.0000,+0.0000,0.961,+0.0000,0.4247,10221.7520
10063.319,,plain,059003.000044,059003.000101,+0.0000,+0.0000,0.961,+0.0000,0.3502,10063.3190
9764.259,,plain,059003.000043,059003.000097,+0.0000,+0.0000,0.961,+0.0000,0.5946,9764.2590
9704.584,,plain,059003.000051,059003.000111,+0.0000,+0.0000,0.961,+0.0000,0.6848,9704.5840
9682.960,,plain,059003.000055,059003.000115,+0.0000,+0.0000,0.961,+0.0000,0.6848,9682.9600
