level_id,parity,J,E_obs,E_calc,leading,norm,w_skipped,th_4f_a01,th_4f_a12,th_4f_a10,th_5d_a01,th_5d_a12,th_5d_a10,th_6s_a10,th_6p_a01,th_6p_a12,th_6p_a10,th_7s_a10,th_8s_a10,th_6d_a01,th_6d_a12,th_6d_a10,th_7d_a01,th_7d_a12,th_7d_a10,th_5f_a01,th_5f_a12,th_5f_a10,th_6f_a01,th_6f_a12,th_6f_a10,th_5g_a01,th_5g_a12,th_5g_a10,th_7p_a01,th_7p_a12,th_7p_a10,A_calc,u_round,u_trunc,u_amp,u_par,u_cfg,u_total,tested,trunc_bound,cancel,missing,w_missing,A_meas,u_meas,resid,z
059003.000065,odd,0.5,18693.650,18546.0,96 4f3 (2P) 2P,0.9856,0.0008,+1.36350,+0.95898,-0.36083,-0.00203,+0.00768,-0.00248,+0.00000,+0.00061,+0.00020,+0.00010,+0.00000,+0.00000,+0.00000,+0.00000,+0.00000,+0.00000,+0.00000,+0.00000,+0.00027,+0.00009,+0.00005,+0.00000,+0.00000,+0.00000,+0.00000,+0.00000,+0.00000,+0.00000,+0.00000,+0.00000,+0.0531,0.0000,0.0003,0.0014,0.0031,0.0000,0.0034,yes,0.0025,1.0,,0.0000,,,,
059003.000094,odd,0.5,23465.430,23622.0,96 4f3 (4D) 4D,0.9929,0.0038,+1.98039,+0.66819,-0.95169,-0.01259,+0.00362,-0.01679,+0.00000,+0.00000,+0.00000,+0.00000,+0.00000,+0.00000,+0.00000,+0.00000,+0.00000,+0.00000,+0.00000,+0.00000,-0.00232,+0.00014,-0.00084,+0.00000,+0.00000,+0.00000,+0.00000,+0.00000,+0.00000,+0.00000,+0.00000,+0.00000,+0.0608,0.0001,0.0002,0.0018,0.0035,0.0000,0.0039,yes,0.0013,1.0,,0.0000,,,,
059003.000228,odd,0.5,66324.840,66511.0,-79 f26p (3F) 4D,0.9630,0.0000,+1.54924,-0.16297,-0.47016,+0.44595,-0.13736,+0.13502,-0.00280,-0.43534,+0.09046,-0.22191,+0.00000,+0.00000,+0.00000,+0.00000,+0.00000,+0.00000,+0.00000,+0.00000,+0.00000,+0.00000,+0.00000,+0.00000,+0.00000,+0.00000,+0.00000,+0.00000,+0.00000,+0.00000,+0.00000,+0.00000,+0.0282,0.0003,0.0040,0.0097,0.0091,0.0035,0.0143,no,0.0292,3.7,,0.0000,,,,
059003.000645,odd,0.5,,72945.0,65 f5d2 (3P) 4D,0.9792,0.0000,+1.47754,+0.41156,-0.28686,+0.12969,+0.35502,-0.32078,+0.00041,+0.00000,+0.00000,+0.00000,+0.00000,+0.00000,+0.00000,+0.00000,+0.00000,+0.00000,+0.00000,+0.00000,+0.00000,+0.00000,+0.00000,+0.00000,+0.00000,+0.00000,+0.00000,+0.00000,+0.00000,+0.00000,+0.00000,+0.00000,+0.0743,0.0003,0.0028,0.0090,0.0023,0.0001,0.0097,yes,0.0207,1.0,,0.0000,,,,
059003.000674,odd,0.5,,75421.0,57 f5d2 (3P) 4D,0.9746,0.0000,+1.40992,+0.27239,-0.24588,+0.23130,-0.02820,-0.38334,+0.00041,-0.00828,+0.00166,-0.00414,+0.00000,+0.00000,+0.00000,+0.00000,+0.00000,+0.00000,+0.00000,+0.00000,+0.00000,+0.00000,+0.00000,+0.00000,+0.00000,+0.00000,+0.00000,+0.00000,+0.00000,+0.00000,+0.00000,+0.00000,+0.0636,0.0002,0.0034,0.0069,0.0025,0.0001,0.0081,yes,0.0251,1.0,,0.0000,,,,
059003.000280,odd,0.5,78312.910,78045.0,-84 f26p (1D) 2P,0.9745,0.0000,+1.53390,-0.09954,+0.27890,-0.00147,-0.00233,-0.00518,-0.00277,-0.48239,+0.15229,-0.32100,+0.00000,+0.00000,+0.00000,+0.00000,+0.00000,+0.00000,+0.00000,+0.00000,+0.00000,+0.00000,+0.00000,+0.00000,+0.00000,+0.00000,+0.00000,+0.00000,+0.00000,+0.00000,+0.00000,+0.00000,+0.0278,0.0002,0.0024,0.0079,0.0104,0.0027,0.0135,no,0.0176,2.7,,0.0000,,,,
059003.000444,odd,0.5,79378.380,79358.0,-54 f26p (3P) 2S,0.9486,0.0000,-0.12333,+0.19227,+0.65185,-0.02457,-0.00259,+0.01283,-0.00391,+0.76684,+0.88656,-0.27972,+0.00000,+0.00000,+0.00000,+0.00000,+0.00000,+0.00000,+0.00000,+0.00000,+0.00000,+0.00000,+0.00000,+0.00000,+0.00000,+0.00000,+0.00000,+0.00000,+0.00000,+0.00000,+0.00000,+0.00000,+0.0735,0.0005,0.0048,0.0156,0.0270,0.0073,0.0324,no,0.0350,1.2,,0.0000,,,,
059003.000287,odd,0.5,79742.360,79776.0,81 f26p (3P) 4D,0.9699,0.0000,+1.22329,-0.82283,-0.21728,+0.03802,-0.01334,-0.00503,-0.00393,+0.11086,-0.14644,-0.14593,+0.00000,+0.00000,+0.00000,+0.00000,+0.00000,+0.00000,+0.00000,+0.00000,+0.00000,+0.00000,+0.00000,+0.00000,+0.00000,+0.00000,+0.00000,+0.00000,+0.00000,+0.00000,+0.00000,+0.00000,+0.0068,0.0005,0.0040,0.0157,0.0043,0.0007,0.0168,no,0.0293,11.0,,0.0000,,,,
059003.000641,odd,0.5,,83488.0,76 f26p (3P) 4P,0.9682,0.0000,-0.39953,+0.01965,+0.91712,+0.01711,+0.00124,+0.02639,+0.03911,+0.04661,+0.03716,+0.35320,+0.00000,+0.00000,+0.00000,+0.00000,+0.00000,+0.00000,+0.00000,+0.00000,+0.00000,+0.00000,+0.00000,+0.00000,+0.00000,+0.00000,+0.00000,+0.00000,+0.00000,+0.00000,+0.00000,+0.00000,+0.0177,0.0008,0.0034,0.0274,0.0014,0.0018,0.0277,no,0.0251,2.4,,0.0000,,,,
059003.000643,odd,0.5,,84631.0,-75 f26p (3P) 2P,0.9670,0.0000,+0.45247,+0.38974,-0.31485,+0.75167,+0.04463,-0.01139,+0.00203,+0.09934,-0.00798,+0.02072,+0.00000,+0.00000,+0.00000,+0.00000,+0.00000,+0.00000,+0.00000,+0.00000,+0.00000,+0.00000,+0.00000,+0.00000,+0.00000,+0.00000,+0.00000,+0.00000,+0.00000,+0.00000,+0.00000,+0.00000,+0.0474,0.0002,0.0068,0.0059,0.0024,0.0040,0.0101,no,0.0496,1.6,,0.0000,,,,
059003.000461,odd,0.5,111779.590,111738.0,96 f25f (3H) 4D,0.9993,0.0000,+3.83680,+0.49552,-0.64356,+0.00512,+0.00006,-0.00223,+0.00000,+0.00000,+0.00000,+0.00000,+0.00000,+0.00000,-0.00654,+0.00093,-0.00163,+0.00000,+0.00000,+0.00000,-1.85686,+0.20969,-0.33095,+0.00040,-0.00010,-0.00013,+0.00000,+0.00000,+0.00000,-0.00027,+0.00005,-0.00013,+0.1231,0.0001,0.0001,0.0048,0.0026,0.0123,0.0135,no,0.0011,1.0,,0.0000,,,,
059003.000473,odd,0.5,115712.030,115567.0,-63 f25f (3F) 2S,0.9575,0.0000,-1.78111,+0.02996,+0.99307,-0.00000,-0.00003,+0.00086,+0.00000,+0.00000,+0.00000,+0.00000,+0.00000,+0.00000,-0.00014,+0.00005,-0.00008,+0.00000,+0.00000,+0.00000,+2.05342,+0.42923,-0.26602,+0.00000,+0.00000,+0.00000,+0.00000,+0.00000,+0.00000,+0.00000,+0.00000,+0.00000,-0.0482,0.0002,0.0008,0.0058,0.0022,0.0048,0.0079,no,0.0062,1.1,,0.0000,,,,
059003.000478,odd,0.5,117359.300,117206.0,-80 f25f (3F) 4D,0.9610,0.0000,+2.03218,-0.09821,-0.23531,+0.00000,+0.00008,-0.00031,+0.00000,+0.00000,+0.00000,+0.00000,+0.00000,+0.00000,+0.00094,-0.00013,-0.00031,+0.00000,+0.00000,+0.00000,-0.58726,-0.47432,-0.20604,-0.00333,+0.00037,-0.00055,+0.00000,+0.00000,+0.00000,+0.00000,+0.00000,+0.00000,+0.0546,0.0003,0.0008,0.0107,0.0013,0.0055,0.0121,no,0.0057,1.1,,0.0000,,,,
059003.000490,odd,0.5,119019.050,118843.0,-78 f25f (3F) 2P,0.9700,0.0000,+2.27822,+0.37280,-0.10412,-0.00124,+0.00024,-0.00021,+0.00000,+0.00000,+0.00000,+0.00000,+0.00000,+0.00000,+0.00062,+0.00021,+0.00010,+0.00000,+0.00000,+0.00000,-1.01746,+0.13697,-0.15375,-0.00186,+0.00021,-0.00031,+0.00000,+0.00000,+0.00000,+0.00000,+0.00000,+0.00000,+0.0753,0.0002,0.0006,0.0079,0.0015,0.0075,0.0110,no,0.0047,1.0,,0.0000,,,,
059003.000034,odd,1.5,9370.660,9293.0,96 4f3 (4F) 4F,0.9851,0.0008,+1.56631,-0.07326,-0.57075,+0.00834,-0.00165,-0.00471,+0.00000,+0.00000,+0.00000,+0.00000,+0.00000,+0.00000,+0.00000,+0.00000,+0.00000,+0.00000,+0.00000,+0.00000,+0.00000,+0.00000,+0.00000,+0.00000,+0.00000,+0.00000,+0.00000,+0.00000,+0.00000,+0.00000,+0.00000,+0.00000,+0.0342,0.0000,0.0002,0.0011,0.0020,0.0000,0.0023,yes,0.0013,1.1,,0.0000,,,,
059003.000038,odd,1.5,10950.240,10875.0,-96 4f3 (4S) 4S,0.9780,0.0009,+0.03453,-0.00081,+0.95728,+0.00007,-0.00001,+0.00703,+0.00000,+0.00000,+0.00000,+0.00014,+0.00000,+0.00000,-0.00000,+0.00000,+0.00003,+0.00000,+0.00000,+0.00000,+0.00000,+0.00000,+0.00000,+0.00000,+0.00000,+0.00000,+0.00000,+0.00000,+0.00000,+0.00000,+0.00000,+0.00000,+0.0006,0.0000,0.0004,0.0010,0.0001,0.0000,0.0011,yes,0.0032,1.8,,0.0000,,,,
059003.000056,odd,1.5,17095.630,16975.0,-68 4f3 (2D) 2D1,0.9595,0.0000,+0.95232,-0.11259,+0.04634,+0.00038,+0.00050,+0.00097,+0.00000,+0.00000,+0.00000,+0.00000,+0.00000,+0.00000,+0.00000,+0.00000,+0.00000,+0.00000,+0.00000,+0.00000,+0.00000,+0.00000,+0.00000,+0.00000,+0.00000,+0.00000,+0.00000,+0.00000,+0.00000,+0.00000,+0.00000,+0.00000,+0.0191,0.0001,0.0004,0.0024,0.0011,0.0000,0.0027,yes,0.0032,1.3,,0.0000,,,,
059003.000077,odd,1.5,20856.860,20714.0,-71 4f3 (2P) 2P,0.9742,0.0000,+0.90630,-0.10972,+0.09433,-0.00158,-0.00027,+0.00096,+0.00000,+0.00000,+0.00000,+0.00000,+0.00000,+0.00000,+0.00000,+0.00000,+0.00000,+0.00000,+0.00000,+0.00000,+0.00000,+0.00000,+0.00000,+0.00000,+0.00000,+0.00000,+0.00000,+0.00000,+0.00000,+0.00000,+0.00000,+0.00000,+0.0181,0.0000,0.0003,0.0015,0.0011,0.0000,0.0019,yes,0.0022,1.3,,0.0000,,,,
059003.000090,odd,1.5,23091.700,23185.0,88 4f3 (4D) 4D,0.9694,0.0009,+0.87321,+0.24115,+0.12624,-0.00585,+0.00029,+0.00667,+0.00000,+0.00000,+0.00000,+0.00000,+0.00000,+0.00000,+0.00000,+0.00000,+0.00000,+0.00000,+0.00000,+0.00000,-0.00132,+0.00015,+0.00011,+0.00000,+0.00000,+0.00000,+0.00000,+0.00000,+0.00000,+0.00000,+0.00000,+0.00000,+0.0252,0.0000,0.0006,0.0010,0.0015,0.0000,0.0019,yes,0.0040,1.0,,0.0000,,,,
059003.000117,odd,1.5,26921.490,26900.0,-85 4f3 (2D) 2D2,0.9535,0.0000,+1.13305,-0.15305,-0.12144,-0.00213,-0.00302,-0.00804,+0.00000,+0.00000,+0.00000,+0.00000,+0.00000,+0.00000,+0.00000,+0.00000,+0.00000,+0.00000,+0.00000,+0.00000,-0.00132,-0.00023,-0.00013,+0.00000,+0.00000,+0.00000,+0.00000,+0.00000,+0.00000,+0.00000,+0.00000,+0.00000,+0.0226,0.0000,0.0008,0.0014,0.0013,0.0000,0.0021,yes,0.0060,1.3,,0.0000,,,,
059003.000207,odd,1.5,63221.280,63057.0,65 f26p (3F) 2D,0.9745,0.0000,+1.56378,-0.03261,-0.37495,+0.00158,-0.00562,-0.00055,-0.00076,-0.29445,-0.23301,+0.10535,+0.00000,+0.00000,+0.00000,+0.00000,+0.00000,+0.00000,+0.00000,+0.00000,+0.00000,+0.00000,+0.00000,+0.00000,+0.00000,+0.00000,+0.00000,+0.00000,+0.00000,+0.00000,+0.00000,+0.00000,+0.0200,0.0001,0.0014,0.0022,0.0083,0.0019,0.0089,no,0.0100,3.5,,0.0000,,,,
059003.000431,odd,1.5,65073.260,64780.0,-75 f5d2 (3F) 4D,0.9605,0.0000,+0.70658,-0.00440,+0.03304,+0.12897,-0.21936,+0.14207,+0.00000,+0.01771,-0.02651,-0.02837,+0.00000,+0.00000,+0.00000,+0.00000,+0.00000,+0.00000,+0.00000,+0.00000,+0.00000,+0.00000,+0.00000,+0.00000,+0.00000,+0.00000,+0.00000,+0.00000,+0.00000,+0.00000,+0.00000,+0.00000,+0.0134,0.0000,0.0008,0.0013,0.0012,0.0004,0.0020,yes,0.0061,2.6,,0.0000,+0.0073,0.0113,-0.0061,-0.5
059003.000432,odd,1.5,65765.170,65878.0,-83 f5d2 (3F) 4F,0.9601,0.0000,+0.90507,+0.03229,-0.20629,+0.59568,-0.09515,-0.32020,+0.00017,+0.00608,+0.00101,+0.01948,+0.00000,+0.00000,+0.00000,+0.00000,+0.00000,+0.00000,+0.00000,+0.00000,+0.00000,+0.00000,+0.00000,+0.00000,+0.00000,+0.00000,+0.00000,+0.00000,+0.00000,+0.00000,+0.00000,+0.00000,+0.0478,0.0001,0.0019,0.0017,0.0021,0.0005,0.0034,yes,0.0142,1.1,,0.0000,+0.0416,0.0180,-0.0062,-0.3
059003.000232,odd,1.5,66867.090,66756.0,59 f26p (3F) 4D,0.9428,0.0000,+0.89765,-0.03440,-0.19085,+0.18096,-0.03270,-0.03712,-0.00172,+0.13284,-0.03965,+0.01823,+0.00000,+0.00000,+0.00000,+0.00000,+0.00000,+0.00000,+0.00000,+0.00000,+0.00000,+0.00000,+0.00000,+0.00000,+0.00000,+0.00000,+0.00000,+0.00000,+0.00000,+0.00000,+0.00000,+0.00000,+0.0314,0.0001,0.0024,0.0033,0.0029,0.0025,0.0056,no,0.0179,1.3,,0.0000,,,,
059003.000240,odd,1.5,67965.470,67794.0,-64 f26p (3F) 2D,0.9410,0.0000,+1.47949,-0.05178,+0.06992,-0.00418,+0.00034,+0.01028,-0.00237,-0.36655,+0.07294,-0.18660,+0.00000,+0.00000,+0.00000,+0.00000,+0.00000,+0.00000,+0.00000,+0.00000,+0.00000,+0.00000,+0.00000,+0.00000,+0.00000,+0.00000,+0.00000,+0.00000,+0.00000,+0.00000,+0.00000,+0.00000,+0.0280,0.0001,0.0023,0.0035,0.0076,0.0027,0.0091,no,0.0170,2.3,,0.0000,,,,
059003.000434,odd,1.5,68556.350,68864.0,74 f5d2 (3F) 4P,0.9644,0.0000,+0.20779,-0.17832,+0.09275,+0.27267,-0.03261,+0.42905,-0.00056,-0.00224,+0.00045,+0.00056,+0.00000,+0.00000,+0.00000,+0.00000,+0.00000,+0.00000,+0.00000,+0.00000,+0.00000,+0.00000,+0.00000,+0.00000,+0.00000,+0.00000,+0.00000,+0.00000,+0.00000,+0.00000,+0.00000,+0.00000,-0.0064,0.0001,0.0019,0.0040,0.0026,0.0000,0.0051,yes,0.0137,4.8,,0.0000,,,,
059003.000653,odd,1.5,,69366.0,56 f5d2 (3F) 4P,0.9340,0.0000,+1.02698,+0.05590,+0.22468,-0.43945,+0.08906,+0.18779,+0.00000,+0.00000,+0.00000,+0.00000,+0.00000,+0.00000,+0.00000,+0.00000,+0.00000,+0.00000,+0.00000,+0.00000,+0.00000,+0.00000,+0.00000,+0.00000,+0.00000,+0.00000,+0.00000,+0.00000,+0.00000,+0.00000,+0.00000,+0.00000,+0.0177,0.0001,0.0009,0.0045,0.0014,0.0000,0.0048,yes,0.0067,2.7,,0.0000,,,,
059003.000631,odd,1.5,,70578.0,-52 f5d2 (1D) 2D,0.9399,0.0000,+0.47199,+0.05405,+0.06468,+0.26701,+0.15191,+0.19575,+0.00057,+0.00000,+0.00000,+0.00000,+0.00000,+0.00000,+0.00000,+0.00000,+0.00000,+0.00000,+0.00000,+0.00000,+0.00000,+0.00000,+0.00000,+0.00000,+0.00000,+0.00000,+0.00000,+0.00000,+0.00000,+0.00000,+0.00000,+0.00000,+0.0194,0.0002,0.0032,0.0065,0.0014,0.0001,0.0074,yes,0.0235,1.6,,0.0000,,,,
059003.000260,odd,1.5,71501.000,71957.0,-55 f5d2 (3F) 4S,0.9204,0.0000,+0.59027,+0.01372,+0.13416,+0.08879,+0.10416,+0.18677,+0.00000,+0.00000,+0.00000,+0.00000,+0.00000,+0.00000,+0.00000,+0.00000,+0.00000,+0.00000,+0.00000,+0.00000,+0.00000,+0.00000,+0.00000,+0.00000,+0.00000,+0.00000,+0.00000,+0.00000,+0.00000,+0.00000,+0.00000,+0.00000,+0.0164,0.0002,0.0009,0.0070,0.0012,0.0000,0.0071,yes,0.0065,1.7,,0.0000,+0.0013,0.0080,-0.0151,-1.9
059003.000647,odd,1.5,,72364.0,-45 f5d2 (3P) 2D,0.9222,0.0000,+0.95106,+0.08519,-0.08645,-0.04294,-0.06694,+0.17833,+0.00000,+0.00000,+0.00000,+0.00000,+0.00000,+0.00000,+0.00000,+0.00000,+0.00000,+0.00000,+0.00000,+0.00000,+0.00000,+0.00000,+0.00000,+0.00000,+0.00000,+0.00000,+0.00000,+0.00000,+0.00000,+0.00000,+0.00000,+0.00000,+0.0221,0.0002,0.0013,0.0058,0.0012,0.0000,0.0061,yes,0.0097,1.7,,0.0000,,,,
059003.000271,odd,1.5,74463.700,74238.0,-82 f5d2 (3P) 4F,0.9503,0.0000,+1.25423,+0.08849,-0.18401,+0.21889,+0.16864,-0.28912,+0.00000,+0.00034,-0.00047,-0.00034,+0.00000,+0.00000,+0.00000,+0.00000,+0.00000,+0.00000,+0.00000,+0.00000,+0.00000,+0.00000,+0.00000,+0.00000,+0.00000,+0.00000,+0.00000,+0.00000,+0.00000,+0.00000,+0.00000,+0.00000,+0.0556,0.0001,0.0006,0.0041,0.0019,0.0000,0.0046,yes,0.0047,1.0,,0.0000,,,,
059003.000273,odd,1.5,75409.580,75260.0,68 f26p (1D) 2P,0.9348,0.0000,+1.09219,+0.03561,+0.05699,+0.00247,+0.01224,-0.01165,+0.00000,-0.27305,-0.15798,+0.13305,+0.00000,+0.00000,+0.00000,+0.00000,+0.00000,+0.00000,+0.00000,+0.00000,+0.00000,+0.00000,+0.00000,+0.00000,+0.00000,+0.00000,+0.00000,+0.00000,+0.00000,+0.00000,+0.00000,+0.00000,+0.0142,0.0001,0.0012,0.0020,0.0068,0.0008,0.0072,no,0.0087,3.6,,0.0000,,,,
059003.000278,odd,1.5,76892.400,76269.0,47 f5d2 (1D) 2P,0.9082,0.0000,+0.67084,-0.02746,+0.12505,+0.14692,+0.02308,+0.05719,+0.00000,+0.00317,-0.00444,-0.00317,+0.00000,+0.00000,+0.00000,+0.00000,+0.00000,+0.00000,+0.00000,+0.00000,+0.00000,+0.00000,+0.00000,+0.00000,+0.00000,+0.00000,+0.00000,+0.00000,+0.00000,+0.00000,+0.00000,+0.00000,+0.0206,0.0001,0.0012,0.0035,0.0006,0.0000,0.0037,yes,0.0091,1.3,,0.0000,,,,
059003.000283,odd,1.5,78889.140,78827.0,-72 f26p (1D) 2D,0.9363,0.0000,+0.76253,-0.01493,+0.04520,+0.01623,-0.00024,+0.00171,-0.00771,+0.19937,-0.05757,-0.01733,+0.00000,+0.00000,+0.00000,+0.00000,+0.00000,+0.00000,+0.00000,+0.00000,+0.00000,+0.00000,+0.00000,+0.00000,+0.00000,+0.00000,+0.00000,+0.00000,+0.00000,+0.00000,+0.00000,+0.00000,+0.0219,0.0001,0.0026,0.0052,0.0043,0.0022,0.0075,no,0.0192,1.8,,0.0000,,,,
059003.000288,odd,1.5,80164.040,80166.0,67 f26p (3P) 4D,0.9371,0.0000,+0.27136,-0.30954,+0.35387,+0.05693,-0.00274,+0.00187,+0.00013,+0.33497,+0.41445,-0.01914,+0.00000,+0.00000,+0.00000,+0.00000,+0.00000,+0.00000,+0.00000,+0.00000,+0.00000,+0.00000,+0.00000,+0.00000,+0.00000,+0.00000,+0.00000,+0.00000,+0.00000,+0.00000,+0.00000,+0.00000,+0.0343,0.0001,0.0036,0.0033,0.0123,0.0034,0.0137,no,0.0262,1.6,,0.0000,,,,
059003.000290,odd,1.5,80897.850,80790.0,71 f26p (3P) 4S,0.9682,0.0000,+0.50315,+0.06307,+0.49030,+0.00521,+0.00006,+0.00474,+0.00034,-0.17460,-0.15947,+0.17086,+0.00000,+0.00000,+0.00000,+0.00000,+0.00000,+0.00000,+0.00000,+0.00000,+0.00000,+0.00000,+0.00000,+0.00000,+0.00000,+0.00000,+0.00000,+0.00000,+0.00000,+0.00000,+0.00000,+0.00000,+0.0015,0.0001,0.0017,0.0031,0.0053,0.0002,0.0064,no,0.0124,21.3,,0.0000,,,,
059003.000293,odd,1.5,82492.400,82193.0,-64 f5d2 (1G) 2D,0.9256,0.0000,-0.11150,-0.22784,-0.16700,+0.98276,-0.01038,-0.01212,+0.00058,+0.19803,-0.03247,+0.10925,+0.00000,+0.00000,+0.00000,+0.00000,+0.00000,+0.00000,+0.00000,+0.00000,+0.00000,+0.00000,+0.00000,+0.00000,+0.00000,+0.00000,+0.00000,+0.00000,+0.00000,+0.00000,+0.00000,+0.00000,+0.0193,0.0001,0.0038,0.0023,0.0043,0.0010,0.0063,yes,0.0282,2.7,,0.0000,+0.0144,0.0074,-0.0049,-0.6
059003.000294,odd,1.5,83025.910,83083.0,84 f26p (3P) 4P,0.9823,0.0000,-0.19487,+0.11216,+0.49811,+0.05828,+0.00253,+0.01433,+0.01433,+0.42210,-0.14463,+0.18771,+0.00000,+0.00000,+0.00000,+0.00000,+0.00000,+0.00000,+0.00000,+0.00000,+0.00000,+0.00000,+0.00000,+0.00000,+0.00000,+0.00000,+0.00000,+0.00000,+0.00000,+0.00000,+0.00000,+0.00000,+0.0175,0.0002,0.0018,0.0075,0.0092,0.0017,0.0121,no,0.0130,2.7,,0.0000,,,,
059003.000298,odd,1.5,84409.930,84184.0,76 f5d6s (3F) 4F,0.9539,0.0000,+0.86560,+0.07541,-0.16928,+0.41773,-0.07080,-0.12488,-0.12790,+0.10620,-0.02181,+0.03253,+0.00000,+0.00000,+0.00000,+0.00000,+0.00000,+0.00000,+0.00000,+0.00000,+0.00000,+0.00000,+0.00000,+0.00000,+0.00000,+0.00000,+0.00000,+0.00000,+0.00000,+0.00000,+0.00000,+0.00000,-0.0409,0.0004,0.0018,0.0123,0.0025,0.0042,0.0134,no,0.0133,3.4,,0.0000,,,,
059003.000447,odd,1.5,84270.440,84332.0,62 f26p (3P) 2D,0.9576,0.0000,+0.51215,-0.14136,-0.20078,+0.43660,-0.02657,-0.06168,-0.06534,+0.29998,-0.05501,+0.07909,+0.00000,+0.00000,+0.00000,+0.00000,+0.00000,+0.00000,+0.00000,+0.00000,+0.00000,+0.00000,+0.00000,+0.00000,+0.00000,+0.00000,+0.00000,+0.00000,+0.00000,+0.00000,+0.00000,+0.00000,-0.0112,0.0003,0.0025,0.0099,0.0062,0.0013,0.0120,no,0.0185,8.9,,0.0000,,,,
059003.000449,odd,1.5,84804.110,84743.0,-59 f26p (3P) 2P,0.8980,0.0000,+0.10352,+0.03065,+0.24472,+0.49490,-0.00057,+0.00109,-0.00619,+0.13055,-0.02131,+0.03142,+0.00000,+0.00000,+0.00000,+0.00000,+0.00000,+0.00000,+0.00000,+0.00000,+0.00000,+0.00000,+0.00000,+0.00000,+0.00000,+0.00000,+0.00000,+0.00000,+0.00000,+0.00000,+0.00000,+0.00000,+0.0152,0.0001,0.0052,0.0039,0.0028,0.0007,0.0071,no,0.0380,2.2,,0.0000,+0.0065,0.0074,-0.0087,-1.0
059003.000453,odd,1.5,86938.550,86942.0,63 f5d2 (1G) 2P,0.9485,0.0000,+0.00049,+0.06157,+0.25480,+0.64974,-0.00663,+0.01134,-0.00230,+0.10511,-0.03913,-0.01918,+0.00000,+0.00000,+0.00000,+0.00000,+0.00000,+0.00000,+0.00000,+0.00000,+0.00000,+0.00000,+0.00000,+0.00000,+0.00000,+0.00000,+0.00000,+0.00000,+0.00000,+0.00000,+0.00000,+0.00000,+0.0168,0.0001,0.0030,0.0029,0.0025,0.0008,0.0049,yes,0.0217,2.3,,0.0000,,,,
059003.000658,odd,1.5,,91039.0,65 f5d6s (1D) 2D,0.9700,0.0000,+1.19254,-0.04596,+0.28269,-0.20336,-0.19303,-0.16152,-0.11561,+0.00835,-0.00328,-0.00309,+0.00000,+0.00000,+0.00000,+0.00000,+0.00000,+0.00000,+0.00000,+0.00000,+0.00000,+0.00000,+0.00000,+0.00000,+0.00000,+0.00000,+0.00000,+0.00000,+0.00000,+0.00000,+0.00000,+0.00000,-0.0459,0.0007,0.0011,0.0243,0.0014,0.0046,0.0248,no,0.0081,2.7,,0.0000,,,,
059003.000659,odd,1.5,,95551.0,83 f5d6s (3D) 2D,0.9674,0.0000,+1.10009,+0.08967,-0.13005,-0.01090,-0.06409,-0.02969,+0.05958,+0.00804,-0.00230,+0.00380,+0.00000,+0.00000,+0.00000,+0.00000,+0.00000,+0.00000,+0.00000,+0.00000,+0.00000,+0.00000,+0.00000,+0.00000,+0.00000,+0.00000,+0.00000,+0.00000,+0.00000,-0.00103,-0.00007,+0.00017,+0.0719,0.0004,0.0088,0.0128,0.0007,0.0071,0.0171,no,0.0641,1.1,,0.0000,,,,
059003.000355,odd,1.5,111268.600,111187.0,-87 f25f (3H) 4F,0.9584,0.0000,+1.92149,+0.24916,-0.34492,+0.00187,+0.00006,-0.00058,+0.00000,+0.00000,+0.00000,+0.00000,+0.00000,+0.00000,-0.00068,-0.00084,-0.00049,+0.00000,+0.00000,+0.00000,-0.40257,-0.24203,-0.17413,+0.00000,+0.00000,+0.00000,+0.00000,+0.00000,+0.00000,+0.00000,+0.00000,+0.00000,+0.0618,0.0001,0.0007,0.0038,0.0012,0.0062,0.0074,no,0.0049,1.0,,0.0000,,,,
059003.000460,odd,1.5,111772.910,111719.0,-72 f25f (3H) 4D,0.9766,0.0000,+1.70720,+0.22233,-0.27059,+0.00191,+0.00006,-0.00055,+0.00000,+0.00000,+0.00000,+0.00000,+0.00000,+0.00000,-0.00218,-0.00006,+0.00109,+0.00000,+0.00000,+0.00000,-0.73156,+0.02890,+0.29467,+0.00000,+0.00000,+0.00000,+0.00000,+0.00000,+0.00000,+0.00000,+0.00000,+0.00000,+0.0548,0.0001,0.0005,0.0041,0.0011,0.0055,0.0070,no,0.0040,1.0,,0.0000,,,,
059003.000371,odd,1.5,113825.500,113729.0,-64 f25f (3H) 2D,0.9532,0.0000,+2.13424,+0.09105,+0.08185,+0.00117,+0.00003,-0.00022,+0.00000,+0.00000,+0.00000,+0.00000,+0.00000,+0.00000,-0.00134,-0.00006,+0.00011,+0.00000,+0.00000,+0.00000,-1.04085,+0.11384,-0.17441,+0.00000,+0.00000,+0.00000,+0.00000,+0.00000,+0.00000,-0.00067,-0.00004,+0.00011,+0.0631,0.0001,0.0008,0.0042,0.0014,0.0063,0.0077,no,0.0059,1.0,,0.0000,,,,
059003.000475,odd,1.5,115990.730,115846.0,-82 f25f (3F) 4P,0.9524,0.0000,-0.67040,+0.04366,+0.31849,+0.00000,+0.00000,+0.00000,+0.00000,+0.00000,+0.00000,+0.00000,+0.00000,+0.00000,+0.00000,+0.00000,+0.00000,+0.00000,+0.00000,+0.00000,+1.06789,-0.12155,+0.28401,+0.00000,+0.00000,+0.00000,+0.00000,+0.00000,+0.00000,+0.00000,+0.00000,+0.00000,-0.0172,0.0002,0.0008,0.0059,0.0008,0.0017,0.0062,no,0.0056,1.2,,0.0000,,,,
059003.000477,odd,1.5,116777.550,116685.0,-53 f25f (3F) 2D,0.9162,0.0000,+0.45807,-0.01140,-0.01251,+0.00000,+0.00000,+0.00000,+0.00000,+0.00000,+0.00000,+0.00000,+0.00000,+0.00000,+0.00000,+0.00000,+0.00000,+0.00000,+0.00000,+0.00000,+0.72297,+0.08100,-0.12799,+0.00000,+0.00000,+0.00000,+0.00000,+0.00000,+0.00000,-0.05894,-0.05129,+0.01840,+0.0115,0.0001,0.0018,0.0035,0.0011,0.0012,0.0043,no,0.0134,1.4,,0.0000,,,,
059003.000395,odd,1.5,117540.500,117449.0,-58 f25f (3F) 2D,0.9518,0.0000,+0.99213,+0.14811,-0.10057,+0.00000,+0.00000,+0.00000,+0.00000,+0.00000,+0.00000,+0.00000,+0.00000,+0.00000,+0.00000,+0.00000,+0.00000,+0.00000,+0.00000,+0.00000,-0.07252,+0.06290,+0.18114,+0.00000,+0.00000,+0.00000,+0.00000,+0.00000,+0.00000,+0.00035,-0.00063,-0.00053,+0.0327,0.0001,0.0010,0.0018,0.0006,0.0033,0.0039,no,0.0071,1.0,,0.0000,,,,
059003.000485,odd,1.5,118224.130,118035.0,-57 f25f (3F) 4F,0.9673,0.0000,+0.30540,-0.06726,+0.08205,+0.00000,+0.00000,+0.00000,+0.00000,+0.00000,+0.00000,+0.00000,+0.00000,+0.00000,+0.00000,+0.00000,+0.00000,+0.00000,+0.00000,+0.00000,+0.67504,-0.15901,-0.06611,+0.00000,+0.00000,+0.00000,+0.00000,+0.00000,+0.00000,+0.00476,-0.00192,-0.00115,+0.0073,0.0001,0.0010,0.0033,0.0004,0.0007,0.0036,no,0.0071,1.6,,0.0000,,,,
059003.000402,odd,1.5,118201.400,118111.0,62 f25f (3F) 4F,0.9554,0.0000,+1.25911,+0.12840,-0.04546,+0.00000,+0.00000,+0.00000,+0.00000,+0.00000,+0.00000,+0.00000,+0.00000,+0.00000,+0.00000,+0.00000,+0.00000,+0.00000,+0.00000,+0.00000,-0.12707,-0.10206,-0.08727,+0.00000,+0.00000,+0.00000,+0.00000,+0.00000,+0.00000,+0.00105,-0.00049,-0.00035,+0.0396,0.0001,0.0011,0.0031,0.0007,0.0040,0.0052,no,0.0078,1.0,,0.0000,,,,
059003.000491,odd,1.5,119077.250,118996.0,82 f25f (3F) 4S,0.9760,0.0000,+0.71555,-0.01760,+0.52671,+0.00000,+0.00000,+0.00000,+0.00000,+0.00000,+0.00000,+0.00000,+0.00000,+0.00000,+0.00000,+0.00000,+0.00000,+0.00000,+0.00000,+0.00000,-0.49464,-0.05272,+0.25152,+0.00000,-0.00000,+0.00085,+0.00000,+0.00000,+0.00000,+0.00000,+0.00000,+0.00000,+0.0196,0.0002,0.0006,0.0060,0.0006,0.0020,0.0064,no,0.0044,1.1,,0.0000,,,,
059003.000495,odd,1.5,121582.600,121560.0,-66 f25f (1G) 2P,0.9562,0.0000,+1.66024,-0.16982,+0.15831,+0.00000,+0.00000,+0.00000,+0.00000,+0.00000,+0.00000,+0.00000,+0.00000,+0.00000,+0.00000,+0.00000,+0.00000,+0.00000,+0.00000,+0.00000,-1.03050,-0.16338,+0.21195,+0.00000,+0.00000,+0.00000,+0.00000,+0.00000,+0.00000,+0.00000,+0.00000,+0.00000,+0.0418,0.0001,0.0007,0.0035,0.0012,0.0042,0.0056,no,0.0051,1.3,,0.0000,,,,
059003.000414,odd,1.5,128214.200,128281.0,89 f25f (1D) 2P,0.9637,0.0000,-0.39689,+0.00130,-0.01406,+0.00000,+0.00000,+0.00000,+0.00000,+0.00000,+0.00000,+0.00000,+0.00000,+0.00000,+0.00000,+0.00000,+0.00000,+0.00000,+0.00000,+0.00000,+1.12518,+0.06710,+0.28494,+0.00125,-0.00008,-0.00042,+0.00000,+0.00000,+0.00000,+0.00000,+0.00000,+0.00000,-0.0104,0.0001,0.0006,0.0031,0.0010,0.0010,0.0035,no,0.0046,1.2,,0.0000,,,,
059003.000036,odd,2.5,10138.180,10068.0,-97 4f3 (4F) 4F,0.9718,0.0015,+0.96274,-0.04525,+0.03114,+0.00435,-0.00071,+0.00023,+0.00000,+0.00000,+0.00000,+0.00000,+0.00000,+0.00000,+0.00000,+0.00000,+0.00000,+0.00000,+0.00000,+0.00000,+0.00000,+0.00000,+0.00000,+0.00000,+0.00000,+0.00000,+0.00000,+0.00000,+0.00000,+0.00000,+0.00000,+0.00000,+0.0209,0.0000,0.0004,0.0005,0.0012,0.0000,0.0014,yes,0.0026,1.1,,0.0000,,,,
059003.000044,odd,2.5,14187.350,14241.0,98 4f3 (4G) 4G,0.9928,0.0018,+1.41525,+0.00841,-0.41912,+0.00698,-0.00260,-0.00486,+0.00000,+0.00000,+0.00000,+0.00000,+0.00000,+0.00000,+0.00000,+0.00000,+0.00000,+0.00000,+0.00000,+0.00000,+0.00006,-0.00010,-0.00013,+0.00000,+0.00000,+0.00000,+0.00000,+0.00000,+0.00000,+0.00000,+0.00000,+0.00000,+0.0326,0.0000,0.0001,0.0005,0.0019,0.0000,0.0020,yes,0.0008,1.0,,0.0000,,,,
059003.000068,odd,2.5,19046.090,18958.0,-97 4f3 (2D) 2D1,0.9818,0.0009,+0.79547,+0.00360,+0.19403,+0.00710,+0.00070,+0.00231,+0.00000,+0.00005,+0.00003,+0.00008,+0.00000,+0.00000,+0.00000,+0.00000,+0.00000,+0.00000,+0.00000,+0.00000,+0.00004,-0.00000,-0.00001,+0.00000,+0.00000,+0.00000,+0.00000,+0.00000,+0.00000,+0.00000,+0.00000,+0.00000,+0.0183,0.0000,0.0002,0.0007,0.0011,0.0000,0.0013,yes,0.0016,1.0,,0.0000,,,,
059003.000092,odd,2.5,23245.990,23286.0,86 4f3 (4D) 4D,0.9735,0.0009,+0.67710,+0.16414,+0.31865,-0.00469,-0.00027,+0.00884,+0.00000,+0.00000,+0.00000,+0.00000,+0.00000,+0.00000,+0.00000,+0.00000,+0.00000,+0.00000,+0.00000,+0.00000,-0.00103,+0.00006,+0.00020,+0.00000,+0.00000,+0.00000,+0.00000,+0.00000,+0.00000,+0.00000,+0.00000,+0.00000,+0.0189,0.0000,0.0004,0.0006,0.0011,0.0000,0.0013,yes,0.0031,1.0,,0.0000,,,,
059003.000122,odd,2.5,27597.130,27596.0,-75 4f3 (2D) 2D2,0.9430,0.0000,+0.81900,+0.06651,+0.18077,-0.00186,+0.00089,+0.00209,+0.00000,+0.00000,+0.00000,+0.00000,+0.00000,+0.00000,+0.00000,+0.00000,+0.00000,+0.00000,+0.00000,+0.00000,+0.00000,+0.00000,+0.00000,+0.00000,+0.00000,+0.00000,+0.00000,+0.00000,+0.00000,+0.00000,+0.00000,+0.00000,+0.0202,0.0000,0.0005,0.0012,0.0012,0.0000,0.0017,yes,0.0039,1.0,,0.0000,,,,
059003.000430,odd,2.5,30602.830,30837.0,66 4f3 (2F) 2F2,0.9673,0.0000,+1.08148,+0.02685,-0.08177,+0.00215,-0.00055,-0.00096,+0.00000,+0.00000,+0.00000,+0.00000,+0.00000,+0.00000,+0.00000,+0.00000,+0.00000,+0.00000,+0.00000,+0.00000,-0.00106,+0.00012,+0.00018,+0.00000,+0.00000,+0.00000,+0.00000,+0.00000,+0.00000,+0.00000,+0.00000,+0.00000,+0.0255,0.0000,0.0003,0.0013,0.0014,0.0000,0.0019,yes,0.0024,1.0,,0.0000,,,,
059003.000201,odd,2.5,61717.980,61689.0,80 f26p (3H) 4G,0.9740,0.0000,+1.48654,+0.15907,-0.26833,+0.03593,+0.00102,-0.01369,-0.00147,-0.11063,+0.09463,-0.12836,+0.00000,+0.00000,+0.00000,+0.00000,+0.00000,+0.00000,+0.00000,+0.00000,+0.00000,+0.00000,+0.00000,+0.00000,+0.00000,+0.00000,+0.00000,+0.00000,+0.00000,+0.00000,+0.00000,+0.00000,+0.0478,0.0001,0.0007,0.0022,0.0033,0.0046,0.0061,no,0.0049,1.2,,0.0000,,,,
059003.000209,odd,2.5,63576.270,63635.0,-68 f26p (3F) 4G,0.9505,0.0000,+1.21035,+0.04103,-0.23902,+0.01015,+0.00010,-0.00126,-0.00182,+0.11276,+0.19214,-0.09116,+0.00000,+0.00000,+0.00000,+0.00000,+0.00000,+0.00000,+0.00000,+0.00000,+0.00000,+0.00000,+0.00000,+0.00000,+0.00000,+0.00000,+0.00000,+0.00000,+0.00000,+0.00000,+0.00000,+0.00000,+0.0491,0.0001,0.0014,0.0028,0.0053,0.0049,0.0079,no,0.0104,1.0,,0.0000,,,,
059003.000216,odd,2.5,64401.030,64276.0,54 f26p (3F) 4D,0.9253,0.0000,+0.95764,-0.00950,+0.07187,+0.07203,-0.00720,+0.01402,+0.00000,-0.17849,-0.12480,+0.06293,+0.00000,+0.00000,+0.00000,+0.00000,+0.00000,+0.00000,+0.00000,+0.00000,+0.00000,+0.00000,+0.00000,+0.00000,+0.00000,+0.00000,+0.00000,+0.00000,+0.00000,+0.00000,+0.00000,+0.00000,+0.0149,0.0001,0.0008,0.0023,0.0048,0.0011,0.0055,no,0.0061,3.0,,0.0000,,,,
059003.000217,odd,2.5,64817.530,64854.0,57 f5d2 (3F) 2F,0.9013,0.0000,+0.75068,+0.08189,-0.03482,+0.41801,-0.00083,-0.10490,+0.00000,-0.03849,-0.03576,+0.00952,+0.00000,+0.00000,+0.00000,+0.00000,+0.00000,+0.00000,+0.00000,+0.00000,+0.00000,+0.00000,+0.00000,+0.00000,+0.00000,+0.00000,+0.00000,+0.00000,+0.00000,+0.00000,+0.00000,+0.00000,+0.0330,0.0001,0.0012,0.0032,0.0015,0.0004,0.0038,yes,0.0086,1.2,,0.0000,+0.0337,0.0033,+0.0007,+0.2
059003.000222,odd,2.5,65909.440,65894.0,66 f5d2 (3F) 4G,0.9421,0.0000,+0.71109,-0.01337,-0.02753,+0.34501,-0.00239,-0.02254,+0.00000,+0.00298,-0.00725,-0.00901,+0.00000,+0.00000,+0.00000,+0.00000,+0.00000,+0.00000,+0.00000,+0.00000,+0.00000,+0.00000,+0.00000,+0.00000,+0.00000,+0.00000,+0.00000,+0.00000,+0.00000,+0.00000,+0.00000,+0.00000,+0.0282,0.0001,0.0007,0.0037,0.0007,0.0002,0.0038,yes,0.0052,1.1,,0.0000,+0.0295,0.0036,+0.0013,+0.4
059003.000229,odd,2.5,66681.140,66725.0,61 f26p (3F) 4F,0.9316,0.0000,+0.68424,-0.01324,-0.01359,+0.14019,-0.00964,-0.04118,+0.00000,+0.15276,-0.02952,+0.07757,+0.00000,+0.00000,+0.00000,+0.00000,+0.00000,+0.00000,+0.00000,+0.00000,+0.00000,+0.00000,+0.00000,+0.00000,+0.00000,+0.00000,+0.00000,+0.00000,+0.00000,+0.00000,+0.00000,+0.00000,+0.0280,0.0000,0.0008,0.0014,0.0032,0.0019,0.0040,no,0.0061,1.2,,0.0000,,,,
059003.000233,odd,2.5,66943.040,66875.0,-42 f5d2 (3F) 4G,0.8779,0.0000,+0.65631,-0.03531,-0.07771,+0.38125,-0.04419,+0.03842,+0.00000,+0.00156,-0.00226,+0.00018,+0.00000,+0.00000,+0.00000,+0.00000,+0.00000,+0.00000,+0.00000,+0.00000,+0.00000,+0.00000,+0.00000,+0.00000,+0.00000,+0.00000,+0.00000,+0.00000,+0.00000,+0.00000,+0.00000,+0.00000,+0.0243,0.0001,0.0014,0.0025,0.0007,0.0000,0.0029,yes,0.0100,1.3,,0.0000,+0.0181,0.0046,-0.0062,-1.3
059003.000236,odd,2.5,67395.320,67398.0,66 f5d2 (3F) 4F,0.9278,0.0000,+0.53220,+0.01041,-0.04425,+0.40445,-0.03517,-0.01036,+0.00000,+0.07007,-0.01337,+0.04789,+0.00000,+0.00000,+0.00000,+0.00000,+0.00000,+0.00000,+0.00000,+0.00000,+0.00000,+0.00000,+0.00000,+0.00000,+0.00000,+0.00000,+0.00000,+0.00000,+0.00000,+0.00000,+0.00000,+0.00000,+0.0264,0.0001,0.0009,0.0018,0.0016,0.0011,0.0028,yes,0.0065,1.1,,0.0000,+0.0235,0.0072,-0.0029,-0.4
059003.000433,odd,2.5,68331.680,68169.0,64 f26p (3F) 4D,0.9311,0.0000,+0.87913,+0.01907,+0.23732,+0.05162,-0.01176,+0.01499,+0.00000,-0.11926,+0.02301,-0.06379,+0.00000,+0.00000,+0.00000,+0.00000,+0.00000,+0.00000,+0.00000,+0.00000,+0.00000,+0.00000,+0.00000,+0.00000,+0.00000,+0.00000,+0.00000,+0.00000,+0.00000,+0.00000,+0.00000,+0.00000,+0.0226,0.0000,0.0009,0.0016,0.0025,0.0021,0.0037,no,0.0064,1.5,,0.0000,,,,
059003.000249,odd,2.5,68978.550,68722.0,59 f26p (3F) 2F,0.9144,0.0000,+0.98977,+0.09294,+0.04373,+0.05256,+0.02655,+0.05592,+0.00000,-0.07571,+0.00783,-0.06627,+0.00000,+0.00000,+0.00000,+0.00000,+0.00000,+0.00000,+0.00000,+0.00000,+0.00000,+0.00000,+0.00000,+0.00000,+0.00000,+0.00000,+0.00000,+0.00000,+0.00000,+0.00000,+0.00000,+0.00000,+0.0286,0.0001,0.0010,0.0022,0.0017,0.0024,0.0038,no,0.0071,1.3,,0.0000,,,,
059003.000435,odd,2.5,68676.550,69023.0,-60 f5d2 (3F) 4P,0.9258,0.0000,+0.56073,+0.06991,+0.09555,+0.16287,+0.05164,+0.24324,+0.00000,-0.04306,+0.01068,-0.01934,+0.00000,+0.00000,+0.00000,+0.00000,+0.00000,+0.00000,+0.00000,+0.00000,+0.00000,+0.00000,+0.00000,+0.00000,+0.00000,+0.00000,+0.00000,+0.00000,+0.00000,+0.00000,+0.00000,+0.00000,+0.0148,0.0001,0.0009,0.0029,0.0018,0.0007,0.0036,yes,0.0066,2.2,,0.0000,,,,
059003.000254,odd,2.5,69681.600,69570.0,-95 f5d2 (3P) 4G,0.9635,0.0000,+1.06612,+0.19136,-0.13794,+0.33948,-0.09974,-0.26680,+0.00000,-0.00069,+0.00002,-0.00017,+0.00000,+0.00000,+0.00000,+0.00000,+0.00000,+0.00000,+0.00000,+0.00000,+0.00000,+0.00000,+0.00000,+0.00000,+0.00000,+0.00000,+0.00000,+0.00000,+0.00000,+0.00000,+0.00000,+0.00000,+0.0490,0.0000,0.0004,0.0013,0.0017,0.0000,0.0022,yes,0.0029,1.1,,0.0000,,,,
059003.000261,odd,2.5,71536.380,71448.0,75 f26p (1G) 2F,0.9393,0.0000,+1.24996,-0.11938,+0.09496,+0.02990,+0.00124,-0.00130,-0.00219,-0.24089,+0.05375,-0.13044,+0.00000,+0.00000,+0.00000,+0.00000,+0.00000,+0.00000,+0.00000,+0.00000,+0.00000,+0.00000,+0.00000,+0.00000,+0.00000,+0.00000,+0.00000,+0.00000,+0.00000,+0.00000,+0.00000,+0.00000,+0.0248,0.0001,0.0015,0.0026,0.0050,0.0023,0.0063,no,0.0110,2.2,,0.0000,,,,
059003.000265,odd,2.5,71994.810,72116.0,-43 f5d2 (1D) 2F,0.8295,0.0000,+0.65359,+0.07255,+0.00840,+0.26651,+0.00945,+0.10126,+0.00000,-0.01984,+0.00397,-0.00992,+0.00000,+0.00000,+0.00000,+0.00000,+0.00000,+0.00000,+0.00000,+0.00000,+0.00000,+0.00000,+0.00000,+0.00000,+0.00000,+0.00000,+0.00000,+0.00000,+0.00000,+0.00000,+0.00000,+0.00000,+0.0236,0.0001,0.0017,0.0031,0.0009,0.0002,0.0037,yes,0.0124,1.3,,0.0000,,,,
059003.000270,odd,2.5,74105.200,74208.0,-64 f5d2 (3P) 4F,0.9134,0.0000,+0.93501,+0.02178,+0.06149,-0.08447,+0.05361,+0.08843,-0.00047,+0.00000,+0.00000,+0.00000,+0.00000,+0.00000,+0.00000,+0.00000,+0.00000,+0.00000,+0.00000,+0.00000,+0.00000,+0.00000,+0.00000,+0.00000,+0.00000,+0.00000,+0.00000,+0.00000,+0.00000,+0.00000,+0.00000,+0.00000,+0.0239,0.0001,0.0026,0.0021,0.0007,0.0000,0.0034,yes,0.0190,1.4,,0.0000,+0.0385,0.0210,+0.0146,+0.7
059003.000274,odd,2.5,75560.750,75410.0,69 f5d2 (3F) 2D,0.9022,0.0000,+0.37250,+0.01818,-0.00351,+0.49209,+0.00674,+0.13891,+0.00000,+0.00000,+0.00000,+0.00000,+0.00000,+0.00000,+0.00000,+0.00000,+0.00000,+0.00000,+0.00000,+0.00000,+0.00000,+0.00000,+0.00000,+0.00000,+0.00000,+0.00000,+0.00000,+0.00000,+0.00000,+0.00000,+0.00000,+0.00000,+0.0185,0.0001,0.0010,0.0020,0.0012,0.0000,0.0025,yes,0.0076,1.4,,0.0000,+0.0221,0.0052,+0.0036,+0.7
059003.000275,odd,2.5,75614.810,75695.0,77 f26p (1D) 2F,0.9263,0.0000,+0.79835,+0.00912,+0.01727,+0.03020,+0.00159,+0.00067,+0.00000,+0.23183,+0.22075,-0.07832,+0.00000,+0.00000,+0.00000,+0.00000,+0.00000,+0.00000,+0.00000,+0.00000,+0.00000,+0.00000,+0.00000,+0.00000,+0.00000,+0.00000,+0.00000,+0.00000,+0.00000,+0.00000,+0.00000,+0.00000,+0.0442,0.0000,0.0008,0.0014,0.0072,0.0041,0.0085,no,0.0059,1.0,,0.0000,,,,
059003.000440,odd,2.5,76411.040,76834.0,54 f5d2 (1D) 2D,0.9049,0.0000,+0.71185,-0.05059,+0.16676,+0.06052,+0.07225,+0.05436,-0.00074,+0.00858,+0.00996,-0.00134,+0.00000,+0.00000,+0.00000,+0.00000,+0.00000,+0.00000,+0.00000,+0.00000,+0.00000,+0.00000,+0.00000,+0.00000,+0.00000,+0.00000,+0.00000,+0.00000,+0.00000,+0.00000,+0.00000,+0.00000,+0.0208,0.0000,0.0030,0.0017,0.0006,0.0001,0.0035,yes,0.0222,1.3,,0.0000,+0.0110,0.0053,-0.0098,-1.6
059003.000279,odd,2.5,77822.000,78339.0,76 f5d2 (1G) 2F,0.9213,0.0000,+0.27846,-0.07394,-0.08461,+0.74968,-0.00422,+0.00221,+0.00367,+0.02144,+0.01231,+0.02915,+0.00000,+0.00000,+0.00000,+0.00000,+0.00000,+0.00000,+0.00000,+0.00000,+0.00000,+0.00000,+0.00000,+0.00000,+0.00000,+0.00000,+0.00000,+0.00000,+0.00000,+0.00000,+0.00000,+0.00000,+0.0266,0.0001,0.0022,0.0037,0.0013,0.0007,0.0045,yes,0.0159,1.2,,0.0000,+0.0217,0.0055,-0.0049,-0.8
059003.000285,odd,2.5,79366.650,79457.0,-71 f26p (1D) 2D,0.9374,0.0000,+0.56868,-0.02261,-0.00054,+0.12811,+0.00166,+0.00139,+0.00756,+0.20766,-0.04490,+0.08713,+0.00000,+0.00000,+0.00000,+0.00000,+0.00000,+0.00000,+0.00000,+0.00000,+0.00000,+0.00000,+0.00000,+0.00000,+0.00000,+0.00000,+0.00000,+0.00000,+0.00000,+0.00000,+0.00000,+0.00000,+0.0295,0.0002,0.0017,0.0057,0.0043,0.0026,0.0078,no,0.0123,1.2,,0.0000,,,,
059003.000292,odd,2.5,81404.520,81492.0,65 f26p (3P) 4D,0.9237,0.0000,+0.41924,+0.03904,+0.35145,+0.03414,+0.00338,+0.00152,+0.00134,+0.25179,+0.23693,-0.05947,+0.00000,+0.00000,+0.00000,+0.00000,+0.00000,+0.00000,+0.00000,+0.00000,+0.00000,+0.00000,+0.00000,+0.00000,+0.00000,+0.00000,+0.00000,+0.00000,+0.00000,+0.00000,+0.00000,+0.00000,+0.0367,0.0000,0.0025,0.0017,0.0078,0.0035,0.0090,no,0.0180,1.0,,0.0000,,,,
059003.000295,odd,2.5,83426.550,83474.0,51 f5d2 (3P) 2F,0.9170,0.0000,+0.58897,-0.06623,+0.09280,+0.11575,+0.02032,-0.04930,+0.00135,+0.16834,-0.03260,+0.08210,+0.00000,+0.00000,+0.00000,+0.00000,+0.00000,+0.00000,+0.00000,+0.00000,+0.00000,+0.00000,+0.00000,+0.00000,+0.00000,+0.00000,+0.00000,+0.00000,+0.00000,+0.00000,+0.00000,+0.00000,+0.0255,0.0001,0.0027,0.0031,0.0035,0.0007,0.0054,yes,0.0196,1.3,,0.0000,,,,
059003.000654,odd,2.5,,84316.0,63 f5d2 (1G) 2D,0.9246,0.0000,+0.17236,-0.03797,+0.22566,+0.36911,-0.00204,+0.01125,+0.00487,+0.13247,+0.00361,+0.08430,+0.00000,+0.00000,+0.00000,+0.00000,+0.00000,+0.00000,+0.00000,+0.00000,+0.00000,+0.00000,+0.00000,+0.00000,+0.00000,+0.00000,+0.00000,+0.00000,+0.00000,+0.00000,+0.00000,+0.00000,+0.0205,0.0001,0.0019,0.0041,0.0027,0.0010,0.0054,yes,0.0142,1.2,,0.0000,+0.0229,0.0048,+0.0024,+0.5
059003.000665,odd,2.5,,84872.0,88 f5d6s (3F) 4F,0.9697,0.0000,+0.82975,+0.12498,-0.06448,+0.14927,-0.02303,+0.00575,+0.07376,+0.00300,-0.00040,+0.00294,+0.00000,+0.00000,+0.00000,+0.00000,+0.00000,+0.00000,+0.00000,+0.00000,+0.00000,+0.00000,+0.00000,+0.00000,+0.00000,+0.00000,+0.00000,+0.00000,+0.00000,+0.00000,+0.00000,+0.00000,+0.0778,0.0006,0.0010,0.0219,0.0006,0.0078,0.0233,no,0.0076,1.0,,0.0000,,,,
059003.000302,odd,2.5,85306.100,85353.0,63 f26p (3P) 2D,0.9737,0.0000,+0.33827,+0.04284,+0.27136,+0.06056,+0.00143,+0.01019,+0.00723,+0.23568,-0.05200,+0.07671,+0.00000,+0.00000,+0.00000,+0.00000,+0.00000,+0.00000,+0.00000,+0.00000,+0.00000,+0.00000,+0.00000,+0.00000,+0.00000,+0.00000,+0.00000,+0.00000,+0.00000,+0.00000,+0.00000,+0.00000,+0.0235,0.0001,0.0011,0.0050,0.0049,0.0022,0.0074,no,0.0083,1.3,,0.0000,,,,
059003.000450,odd,2.5,85981.650,86012.0,93 f5d6s (3G) 4G,0.9859,0.0000,+0.85469,+0.15694,-0.11932,+0.54194,+0.03930,-0.13779,-0.12920,-0.00588,+0.00164,-0.00375,+0.00000,+0.00000,+0.00000,+0.00000,+0.00000,+0.00000,+0.00000,+0.00000,+0.00000,+0.00000,+0.00000,+0.00000,+0.00000,+0.00000,+0.00000,+0.00000,+0.00000,-0.00046,+0.00009,-0.00023,-0.0373,0.0002,0.0012,0.0053,0.0015,0.0037,0.0068,no,0.0084,3.5,,0.0000,,,,
059003.000660,odd,2.5,,88538.0,-59 f5d6s (1D) 2D,0.9392,0.0000,+0.82468,+0.00311,-0.00914,+0.09925,+0.00577,+0.04306,+0.03189,+0.00410,+0.00246,+0.00615,+0.00000,+0.00000,+0.00000,+0.00000,+0.00000,+0.00000,+0.00000,+0.00000,+0.00000,+0.00000,+0.00000,+0.00000,+0.00000,+0.00000,+0.00000,+0.00000,+0.00000,+0.00000,+0.00000,+0.00000,+0.0458,0.0006,0.0015,0.0219,0.0005,0.0045,0.0224,no,0.0108,1.1,,0.0000,,,,
059003.000657,odd,2.5,,90092.0,56 f5d6s (3D) 4D,0.9392,0.0000,+0.67735,-0.00454,-0.02151,+0.22475,-0.04556,+0.02981,+0.08000,+0.00597,+0.00177,+0.00362,+0.00000,+0.00000,+0.00000,+0.00000,+0.00000,+0.00000,+0.00000,+0.00000,+0.00000,+0.00000,+0.00000,+0.00000,+0.00000,+0.00000,+0.00000,+0.00000,+0.00000,+0.00000,+0.00000,+0.00000,+0.0745,0.0005,0.0055,0.0162,0.0006,0.0074,0.0186,no,0.0400,1.1,,0.0000,,,,
059003.000627,odd,2.5,,91643.0,-69 f5d6s (3D) 4D,0.9128,0.0000,+0.79923,-0.03585,+0.13997,-0.04948,-0.11368,+0.01785,+0.08247,+0.00495,+0.00213,+0.00501,+0.00000,+0.00000,+0.00000,+0.00000,+0.00000,+0.00000,+0.00000,+0.00000,+0.00000,+0.00000,+0.00000,+0.00000,+0.00000,+0.00000,+0.00000,+0.00000,+0.00000,+0.00000,+0.00000,+0.00000,+0.0712,0.0005,0.0053,0.0189,0.0006,0.0069,0.0209,no,0.0390,1.2,,0.0000,,,,
059003.000309,odd,2.5,92554.800,92627.0,-56 f5d2 (1S) 2F,0.9141,0.0000,+1.00452,+0.09439,-0.05238,+0.10782,+0.01356,-0.03898,-0.02098,+0.00000,+0.00000,+0.00000,+0.00000,+0.00000,+0.00000,+0.00000,+0.00000,+0.00000,+0.00000,+0.00000,+0.00000,+0.00000,+0.00000,+0.00000,+0.00000,+0.00000,+0.00000,+0.00000,+0.00000,+0.00000,+0.00000,+0.00000,+0.0213,0.0003,0.0038,0.0100,0.0006,0.0002,0.0107,yes,0.0281,2.3,,0.0000,,,,
059003.000646,odd,2.5,,94240.0,-61 f5d6s (1F) 2F,0.9197,0.0000,+0.86616,+0.09677,-0.05618,+0.19784,+0.01128,+0.04189,-0.04971,+0.00000,+0.00000,+0.00000,+0.00000,+0.00000,+0.00000,+0.00000,+0.00000,+0.00000,+0.00000,+0.00000,+0.00000,+0.00000,+0.00000,+0.00000,+0.00000,+0.00000,+0.00000,+0.00000,+0.00000,+0.00000,+0.00000,+0.00000,-0.0010,0.0004,0.0060,0.0126,0.0007,0.0009,0.0140,no,0.0438,67.6,,0.0000,,,,
059003.000644,odd,2.5,,98149.0,81 f5d6s (3D) 2D,0.9480,0.0000,+0.84936,-0.06904,+0.17470,-0.03292,+0.01707,+0.03532,-0.02900,+0.00336,+0.00092,-0.00083,+0.00000,+0.00000,+0.00000,+0.00000,+0.00000,+0.00000,+0.00000,+0.00000,+0.00000,+0.00000,+0.00000,+0.00000,+0.00000,+0.00000,+0.00000,+0.00000,+0.00000,+0.00000,+0.00000,+0.00000,+0.0025,0.0004,0.0061,0.0131,0.0005,0.0002,0.0145,no,0.0446,19.0,,0.0000,,,,
059003.000358,odd,2.5,111494.560,111449.0,-76 f25f (3H) 4F,0.9461,0.0000,+0.89903,+0.12409,-0.11376,+0.00062,+0.00001,+0.00002,+0.00000,+0.00000,+0.00000,+0.00000,+0.00000,+0.00000,-0.00014,-0.00014,+0.00002,+0.00000,+0.00000,+0.00000,+0.13737,-0.00781,+0.07684,+0.00000,+0.00000,+0.00000,+0.00000,+0.00000,+0.00000,+0.00000,+0.00000,+0.00000,+0.0295,0.0000,0.0006,0.0013,0.0005,0.0029,0.0033,no,0.0046,1.0,,0.0000,,,,
059003.000462,odd,2.5,111902.780,111940.0,72 f25f (3H) 4G,0.9669,0.0000,+1.31782,+0.13949,-0.23482,+0.00000,+0.00000,+0.00000,+0.00000,+0.00000,+0.00000,+0.00000,+0.00000,+0.00000,+0.00000,+0.00000,+0.00000,+0.00000,+0.00000,+0.00000,-0.04129,-0.04916,-0.04171,+0.00000,+0.00000,+0.00000,+0.00000,+0.00000,+0.00000,+0.00000,+0.00000,+0.00000,+0.0418,0.0001,0.0004,0.0017,0.0007,0.0042,0.0046,no,0.0026,1.0,,0.0000,,,,
059003.000466,odd,2.5,113225.660,113294.0,-95 f27p (3H) 4G,0.9616,0.0000,+1.69216,+0.21633,-0.27011,+0.00166,+0.00005,-0.00048,-0.00024,+0.00000,+0.00000,+0.00000,-0.00024,+0.00000,+0.00000,+0.00000,+0.00000,+0.00000,+0.00000,+0.00000,-0.01218,-0.00383,-0.00102,+0.00000,+0.00000,+0.00000,+0.00000,+0.00000,+0.00000,-0.27035,+0.05638,-0.13922,+0.0514,0.0000,0.0010,0.0013,0.0028,0.0051,0.0061,no,0.0071,1.2,,0.0000,,,,
059003.000366,odd,2.5,113556.800,113484.0,49 f25f (3H) 4F,0.9545,0.0000,+1.48099,+0.03727,+0.04829,+0.00000,+0.00000,+0.00000,+0.00000,+0.00000,+0.00000,+0.00000,+0.00000,+0.00000,+0.00000,+0.00000,+0.00000,+0.00000,+0.00000,+0.00000,-0.55859,-0.16854,+0.03811,+0.00000,+0.00000,+0.00000,+0.00000,+0.00000,+0.00000,-0.00587,+0.00117,-0.00293,+0.0429,0.0001,0.0005,0.0028,0.0010,0.0043,0.0052,no,0.0039,1.0,,0.0000,,,,
059003.000373,odd,2.5,113914.160,113889.0,-62 f25f (3H) 4D,0.9525,0.0000,+1.23713,+0.00500,+0.02734,+0.00000,+0.00000,+0.00000,+0.00000,+0.00000,+0.00000,+0.00000,+0.00000,+0.00000,+0.00000,+0.00000,+0.00000,+0.00000,+0.00000,+0.00000,-0.29626,+0.04519,+0.03251,+0.00000,+0.00000,+0.00000,+0.00000,+0.00000,+0.00000,-0.00048,+0.00010,-0.00024,+0.0354,0.0001,0.0006,0.0019,0.0007,0.0035,0.0041,no,0.0042,1.0,,0.0000,,,,
059003.000384,odd,2.5,115800.170,115665.0,-64 f25f (3H) 2D,0.9528,0.0000,+0.78013,-0.05843,+0.21232,+0.00000,+0.00000,+0.00000,+0.00000,+0.00000,+0.00000,+0.00000,+0.00000,+0.00000,+0.00000,+0.00000,+0.00000,+0.00000,+0.00000,+0.00000,-0.03034,+0.04424,+0.03789,+0.00000,+0.00000,+0.00000,+0.00000,+0.00000,+0.00000,+0.00000,+0.00000,+0.00000,+0.0207,0.0001,0.0006,0.0046,0.0004,0.0021,0.0051,no,0.0045,1.2,,0.0000,,,,
059003.000624,odd,2.5,,116407.0,46 f25f (3F) 4G,0.9049,0.0000,+0.89960,-0.03336,+0.10314,+0.00000,+0.00000,+0.00000,+0.00000,+0.00000,+0.00000,+0.00000,+0.00000,+0.00000,+0.00000,+0.00000,+0.00000,+0.00000,+0.00000,+0.00000,+0.02266,+0.09138,-0.03585,+0.00000,+0.00000,+0.00000,+0.00000,+0.00000,+0.00000,+0.01741,+0.00547,-0.00696,+0.0253,0.0001,0.0014,0.0035,0.0005,0.0025,0.0045,no,0.0102,1.1,,0.0000,,,,
059003.000640,odd,2.5,,116437.0,85 f27p (3F) 4G,0.9589,0.0000,+1.06633,-0.02370,-0.25163,+0.00000,+0.00000,+0.00000,+0.00000,+0.00000,+0.00000,+0.00000,+0.00000,+0.00000,+0.00000,+0.00000,+0.00000,+0.00000,+0.00000,+0.00000,-0.00204,+0.00091,+0.00003,+0.00000,+0.00000,+0.00000,+0.00000,+0.00000,+0.00000,+0.27751,+0.23548,-0.09020,+0.0390,0.0000,0.0006,0.0012,0.0038,0.0039,0.0056,no,0.0041,1.0,,0.0000,,,,
059003.000391,odd,2.5,116727.100,116534.0,64 f25f (3F) 4G,0.9841,0.0000,+0.50631,-0.01455,+0.02333,+0.00000,+0.00000,+0.00000,+0.00000,+0.00000,+0.00000,+0.00000,+0.00000,+0.00000,+0.00000,+0.00000,+0.00000,+0.00000,+0.00000,+0.00000,+0.51583,-0.00415,-0.04546,+0.00000,+0.00000,+0.00000,+0.00000,+0.00000,+0.00000,+0.00000,+0.00000,+0.00000,+0.0145,0.0001,0.0003,0.0038,0.0005,0.0015,0.0041,no,0.0018,1.1,,0.0000,,,,
059003.000398,odd,2.5,117686.400,117479.0,62 f25f (3F) 4D,0.9720,0.0000,+0.51853,-0.02588,+0.22639,+0.00000,+0.00000,+0.00000,+0.00000,+0.00000,+0.00000,+0.00000,+0.00000,+0.00000,+0.00000,+0.00000,+0.00000,+0.00000,+0.00000,+0.00000,+0.32878,-0.04909,-0.07370,+0.00000,+0.00000,+0.00000,+0.00000,+0.00000,+0.00000,+0.00000,+0.00000,+0.00000,+0.0144,0.0001,0.0005,0.0028,0.0003,0.0014,0.0032,no,0.0036,1.1,,0.0000,,,,
059003.000483,odd,2.5,117592.200,117545.0,-54 f25f (3F) 2F,0.9234,0.0000,+0.47057,-0.05269,-0.00559,+0.00000,+0.00000,+0.00000,+0.00000,+0.00000,+0.00000,+0.00000,+0.00000,+0.00000,+0.00000,+0.00000,+0.00000,+0.00000,+0.00000,+0.00000,+0.38383,-0.00912,+0.15119,+0.00000,+0.00000,+0.00000,+0.00000,+0.00000,+0.00000,+0.00000,+0.00000,+0.00000,+0.0123,0.0001,0.0011,0.0019,0.0004,0.0012,0.0026,no,0.0081,1.2,,0.0000,,,,
059003.000486,odd,2.5,118588.650,118482.0,-72 f25f (3F) 4F,0.9350,0.0000,+0.87471,+0.11224,+0.03860,+0.00000,+0.00000,+0.00000,+0.00000,+0.00000,+0.00000,+0.00000,+0.00000,+0.00000,+0.00000,+0.00000,+0.00000,+0.00000,+0.00000,+0.00000,+0.08653,+0.01886,+0.00016,+0.00000,+0.00000,+0.00000,+0.00000,+0.00000,+0.00000,+0.00000,+0.00000,+0.00000,+0.0284,0.0001,0.0008,0.0021,0.0005,0.0028,0.0036,no,0.0057,1.0,,0.0000,,,,
059003.000489,odd,2.5,118987.000,118893.0,59 f25f (3F) 2F,0.9444,0.0000,+0.72271,+0.12313,+0.00673,+0.00000,+0.00000,+0.00000,+0.00000,+0.00000,+0.00000,+0.00000,+0.00000,+0.00000,+0.00000,+0.00000,+0.00000,+0.00000,+0.00000,+0.00000,+0.23891,-0.02957,+0.03166,+0.00000,+0.00000,+0.00000,+0.00000,+0.00000,+0.00000,+0.00000,+0.00000,+0.00000,+0.0244,0.0000,0.0006,0.0017,0.0005,0.0024,0.0031,no,0.0048,1.0,,0.0000,,,,
059003.000492,odd,2.5,120715.550,120735.0,77 f25f (1G) 2F,0.9699,0.0000,+0.75166,-0.05012,+0.05517,+0.00000,+0.00000,+0.00000,+0.00000,+0.00000,+0.00000,+0.00000,+0.00000,+0.00000,+0.00000,+0.00000,+0.00000,+0.00000,+0.00000,+0.00000,+0.28022,-0.08577,-0.08704,+0.00000,+0.00000,+0.00000,+0.00000,+0.00000,+0.00000,+0.00000,+0.00000,+0.00000,+0.0203,0.0000,0.0004,0.0012,0.0004,0.0020,0.0024,no,0.0026,1.1,,0.0000,,,,
059003.000497,odd,2.5,128479.600,128460.0,91 f25f (1D) 2F,0.9675,0.0000,+0.29750,+0.01328,+0.00201,-0.00000,+0.00000,+0.00000,+0.00000,+0.00000,+0.00000,+0.00000,+0.00000,+0.00000,+0.00213,+0.00018,-0.00053,+0.00000,+0.00000,+0.00000,+0.82768,+0.06177,-0.13391,-0.00239,+0.00027,+0.00040,+0.00000,+0.00000,+0.00000,+0.01138,+0.00410,-0.00427,+0.0099,0.0000,0.0005,0.0014,0.0008,0.0010,0.0020,no,0.0038,1.0,,0.0000,,,,
059003.000498,odd,2.5,128800.050,128866.0,86 f25f (1D) 2D,0.9519,0.0000,+0.10845,-0.00966,+0.01045,+0.00000,+0.00000,+0.00000,+0.00000,+0.00000,+0.00000,+0.00000,+0.00000,+0.00000,+0.00000,+0.00000,+0.00000,+0.00000,+0.00000,+0.00000,+0.69668,-0.02064,+0.17122,-0.00840,+0.00013,-0.00070,+0.00000,+0.00000,+0.00000,+0.02644,+0.03069,-0.00413,+0.0044,0.0001,0.0007,0.0025,0.0007,0.0004,0.0027,no,0.0051,1.1,,0.0000,,,,
059003.000526,odd,2.5,136435.340,136798.0,-58 f25f (3P) 2F,0.9080,0.0000,+0.85988,+0.04394,-0.03040,+0.00000,+0.00000,+0.00000,+0.00000,+0.00000,+0.00000,+0.00000,+0.00000,+0.00000,+0.00000,+0.00000,+0.00000,+0.00000,+0.00000,+0.00000,+0.30919,+0.00025,-0.01853,-0.15166,+0.01961,+0.03151,+0.00000,+0.00000,+0.00000,+0.00000,+0.00000,+0.00000,+0.0261,0.0001,0.0012,0.0042,0.0005,0.0026,0.0052,no,0.0089,1.0,,0.0000,,,,
059003.000037,odd,3.5,10859.060,10807.0,96 4f3 (4F) 4F,0.9918,0.0008,+0.77702,-0.00375,+0.21637,+0.00394,-0.00019,+0.00186,+0.00000,+0.00000,+0.00000,+0.00000,+0.00000,+0.00000,+0.00000,+0.00000,+0.00000,+0.00000,+0.00000,+0.00000,+0.00000,+0.00000,+0.00000,+0.00000,+0.00000,+0.00000,+0.00000,+0.00000,+0.00000,+0.00000,+0.00000,+0.00000,+0.0176,0.0000,0.0001,0.0007,0.0010,0.0000,0.0013,yes,0.0007,1.0,,0.0000,,,,
059003.000043,odd,3.5,13887.600,13856.0,65 4f3 (2G) 2G1,0.9834,0.0000,+1.06479,+0.01750,-0.07241,+0.00765,+0.00054,-0.00002,+0.00000,+0.00000,+0.00000,+0.00000,+0.00000,+0.00000,+0.00000,+0.00000,+0.00000,+0.00000,+0.00000,+0.00000,+0.00000,+0.00000,+0.00000,+0.00000,+0.00000,+0.00000,+0.00000,+0.00000,+0.00000,+0.00000,+0.00000,+0.00000,+0.0248,0.0000,0.0002,0.0007,0.0015,0.0000,0.0016,yes,0.0012,1.0,,0.0000,+0.0241,0.0022,-0.0007,-0.3
059003.000048,odd,3.5,15443.480,15468.0,88 4f3 (4G) 4G,0.9881,0.0000,+1.02693,-0.06550,-0.03127,+0.00479,-0.00118,-0.00045,+0.00000,+0.00000,+0.00000,+0.00000,+0.00000,+0.00000,+0.00000,+0.00000,+0.00000,+0.00000,+0.00000,+0.00000,+0.00000,+0.00000,+0.00000,+0.00000,+0.00000,+0.00000,+0.00000,+0.00000,+0.00000,+0.00000,+0.00000,+0.00000,+0.0219,0.0000,0.0001,0.0005,0.0013,0.0000,0.0014,yes,0.0007,1.1,,0.0000,,,,
059003.000107,odd,3.5,24886.510,24916.0,97 4f3 (4D) 4D,0.9825,0.0033,+0.57748,-0.10190,+0.41623,-0.00364,-0.00045,+0.00727,+0.00000,+0.00000,+0.00000,+0.00000,+0.00000,+0.00000,+0.00000,+0.00000,+0.00000,+0.00000,+0.00000,+0.00000,-0.00093,-0.00004,+0.00023,+0.00000,+0.00000,+0.00000,+0.00000,+0.00000,+0.00000,+0.00000,+0.00000,+0.00000,+0.0106,0.0000,0.0002,0.0004,0.0006,0.0000,0.0008,yes,0.0015,1.5,,0.0000,,,,
059003.000136,odd,3.5,31787.930,32008.0,-76 4f3 (2F) 2F2,0.9511,0.0000,+0.84898,-0.02389,+0.14344,+0.00699,+0.00002,+0.00128,+0.00000,+0.00000,+0.00000,+0.00000,+0.00000,+0.00000,+0.00000,+0.00000,+0.00000,+0.00000,+0.00000,+0.00000,-0.00056,-0.00003,-0.00013,+0.00000,+0.00000,+0.00000,+0.00000,+0.00000,+0.00000,+0.00000,+0.00000,+0.00000,+0.0190,0.0000,0.0004,0.0005,0.0011,0.0000,0.0013,yes,0.0030,1.1,,0.0000,,,,
059003.000174,odd,3.5,39940.720,39738.0,74 4f3 (2G) 2G2,0.9770,0.0025,+1.09024,-0.09324,-0.10370,+0.01520,-0.00397,-0.00546,+0.00000,+0.00000,+0.00000,+0.00000,+0.00000,+0.00000,+0.00000,+0.00000,+0.00000,+0.00000,+0.00000,+0.00000,+0.00117,-0.00006,-0.00001,+0.00000,+0.00000,+0.00000,+0.00000,+0.00000,+0.00000,+0.00000,+0.00000,+0.00000,+0.0232,0.0000,0.0002,0.0007,0.0013,0.0000,0.0015,yes,0.0017,1.2,,0.0000,,,,
059003.000193,odd,3.5,53092.800,53217.0,-72 4f3 (2F) 2F1,0.9420,0.0000,+0.85331,-0.05208,+0.13006,+0.00401,-0.00267,+0.01070,+0.00000,+0.00000,+0.00000,+0.00000,+0.00000,+0.00000,+0.00000,+0.00000,+0.00000,+0.00000,+0.00000,+0.00000,+0.00182,-0.00010,+0.00010,+0.00000,+0.00000,+0.00000,+0.00000,+0.00000,+0.00000,+0.00000,+0.00000,+0.00000,+0.0184,0.0000,0.0005,0.0006,0.0010,0.0000,0.0012,yes,0.0035,1.2,,0.0000,,,,
059003.000194,odd,3.5,58158.080,58173.0,75 f26p (3H) 4H,0.9621,0.0000,+1.25623,+0.16591,-0.20427,+0.06157,+0.00583,-0.01956,+0.00006,-0.06883,-0.15158,-0.02520,+0.00000,+0.00000,+0.00000,+0.00000,+0.00000,+0.00000,+0.00000,+0.00000,+0.00000,+0.00000,+0.00000,+0.00000,+0.00000,+0.00000,+0.00000,+0.00000,+0.00000,+0.00000,+0.00000,+0.00000,+0.0326,0.0000,0.0009,0.0012,0.0041,0.0028,0.0052,no,0.0063,1.6,,0.0000,,,,
059003.000198,odd,3.5,60520.320,60512.0,-72 f5d2 (3F) 4H,0.9425,0.0000,+0.76092,+0.12900,-0.09401,+0.49847,+0.07109,-0.15053,+0.00019,-0.03725,-0.00986,+0.02220,+0.00000,+0.00000,+0.00000,+0.00000,+0.00000,+0.00000,+0.00000,+0.00000,+0.00000,+0.00000,+0.00000,+0.00000,+0.00000,+0.00000,+0.00000,+0.00000,+0.00000,+0.00000,+0.00000,+0.00000,+0.0409,0.0000,0.0014,0.0014,0.0015,0.0005,0.0026,yes,0.0105,1.1,,0.0000,,,,
059003.000200,odd,3.5,61605.660,61700.0,58 f26p (3H) 4H,0.9384,0.0000,+1.12152,+0.12602,-0.17714,+0.06187,+0.00033,-0.00312,+0.00000,-0.03157,+0.01060,+0.02845,+0.00000,+0.00000,+0.00000,+0.00000,+0.00000,+0.00000,+0.00000,+0.00000,+0.00000,+0.00000,+0.00000,+0.00000,+0.00000,+0.00000,+0.00000,+0.00000,+0.00000,+0.00000,+0.00000,+0.00000,+0.0366,0.0000,0.0006,0.0009,0.0009,0.0033,0.0036,no,0.0047,1.1,,0.0000,,,,
059003.000208,odd,3.5,63232.140,63230.0,-52 f5d2 (3F) 4H,0.8641,0.0000,+0.71834,-0.01404,-0.01117,+0.38828,-0.00885,-0.08370,+0.00000,-0.00140,+0.01783,-0.01034,+0.00000,+0.00000,+0.00000,+0.00000,+0.00000,+0.00000,+0.00000,+0.00000,+0.00000,+0.00000,+0.00000,+0.00000,+0.00000,+0.00000,+0.00000,+0.00000,+0.00000,+0.00000,+0.00000,+0.00000,+0.0321,0.0000,0.0012,0.0015,0.0010,0.0008,0.0023,yes,0.0085,1.1,,0.0000,+0.0355,0.0024,+0.0034,+1.3
059003.000211,odd,3.5,63768.660,63754.0,51 f26p (3H) 2G,0.8970,0.0000,+1.00323,+0.01375,+0.01522,+0.07936,+0.00157,+0.00060,+0.00000,-0.02094,+0.06468,-0.07747,+0.00000,+0.00000,+0.00000,+0.00000,+0.00000,+0.00000,+0.00000,+0.00000,+0.00000,+0.00000,+0.00000,+0.00000,+0.00000,+0.00000,+0.00000,+0.00000,+0.00000,+0.00000,+0.00000,+0.00000,+0.0334,0.0000,0.0011,0.0010,0.0018,0.0029,0.0037,no,0.0078,1.1,,0.0000,,,,
059003.000220,odd,3.5,64979.550,64956.0,-63 f26p (3F) 4D,0.9219,0.0000,+0.77268,+0.05783,+0.18354,+0.10013,+0.00455,+0.00635,+0.00000,-0.11967,-0.06905,+0.05696,+0.00000,+0.00000,+0.00000,+0.00000,+0.00000,+0.00000,+0.00000,+0.00000,+0.00000,+0.00000,+0.00000,+0.00000,+0.00000,+0.00000,+0.00000,+0.00000,+0.00000,+0.00000,+0.00000,+0.00000,+0.0178,0.0001,0.0007,0.0018,0.0030,0.0013,0.0038,no,0.0055,2.0,,0.0000,,,,
059003.000221,odd,3.5,65295.900,65405.0,55 f26p (3F) 4G,0.9476,0.0000,+1.03313,+0.02514,+0.05160,+0.00375,+0.00009,-0.00006,-0.00006,-0.03656,+0.10062,-0.05181,+0.00000,+0.00000,+0.00000,+0.00000,+0.00000,+0.00000,+0.00000,+0.00000,+0.00000,+0.00000,+0.00000,+0.00000,+0.00000,+0.00000,+0.00000,+0.00000,+0.00000,+0.00000,+0.00000,+0.00000,+0.0340,0.0000,0.0015,0.0010,0.0027,0.0034,0.0047,no,0.0108,1.1,,0.0000,,,,
059003.000224,odd,3.5,65935.250,65982.0,-41 f5d2 (3F) 2F,0.7592,0.0000,+0.51822,+0.02520,+0.08968,+0.29815,+0.04050,+0.08290,+0.00000,+0.00856,-0.01906,+0.00248,+0.00000,+0.00000,+0.00000,+0.00000,+0.00000,+0.00000,+0.00000,+0.00000,+0.00000,+0.00000,+0.00000,+0.00000,+0.00000,+0.00000,+0.00000,+0.00000,+0.00000,+0.00000,+0.00000,+0.00000,+0.0203,0.0001,0.0020,0.0020,0.0009,0.0005,0.0031,yes,0.0147,1.3,,0.0000,+0.0202,0.0018,-0.0001,-0.0
059003.000231,odd,3.5,66852.870,66902.0,-52 f5d2 (3F) 4G,0.8946,0.0000,+0.67785,-0.04510,-0.03734,+0.12779,+0.02534,+0.02879,+0.00000,+0.13172,-0.01452,+0.07119,+0.00000,+0.00000,+0.00000,+0.00000,+0.00000,+0.00000,+0.00000,+0.00000,+0.00000,+0.00000,+0.00000,+0.00000,+0.00000,+0.00000,+0.00000,+0.00000,+0.00000,+0.00000,+0.00000,+0.00000,+0.0254,0.0000,0.0010,0.0015,0.0027,0.0015,0.0036,yes,0.0072,1.2,,0.0000,+0.0172,0.0034,-0.0082,-2.3
059003.000235,odd,3.5,67240.350,67211.0,67 f5d2 (3F) 4G,0.9117,0.0000,+0.62534,-0.01884,-0.07687,+0.27888,+0.02232,+0.00022,+0.00000,+0.11366,-0.02276,+0.05878,+0.00000,+0.00000,+0.00000,+0.00000,+0.00000,+0.00000,+0.00000,+0.00000,+0.00000,+0.00000,+0.00000,+0.00000,+0.00000,+0.00000,+0.00000,+0.00000,+0.00000,+0.00000,+0.00000,+0.00000,+0.0276,0.0000,0.0009,0.0010,0.0024,0.0013,0.0030,yes,0.0063,1.1,,0.0000,+0.0276,0.0056,-0.0000,-0.0
059003.000238,odd,3.5,67679.210,67780.0,-44 f26p (1G) 2G,0.9107,0.0000,+0.78299,-0.05658,+0.04518,+0.14586,+0.00248,+0.08575,+0.00000,-0.08676,-0.07787,+0.02698,+0.00000,+0.00000,+0.00000,+0.00000,+0.00000,+0.00000,+0.00000,+0.00000,+0.00000,+0.00000,+0.00000,+0.00000,+0.00000,+0.00000,+0.00000,+0.00000,+0.00000,+0.00000,+0.00000,+0.00000,+0.0144,0.0000,0.0009,0.0011,0.0027,0.0009,0.0032,no,0.0065,2.6,,0.0000,,,,
059003.000245,odd,3.5,68492.430,68298.0,65 f26p (3F) 4F,0.9209,0.0000,+0.67550,-0.02130,+0.07292,+0.06116,+0.00208,-0.00097,+0.00070,+0.12626,-0.02672,+0.06444,+0.00000,+0.00000,+0.00000,+0.00000,+0.00000,+0.00000,+0.00000,+0.00000,+0.00000,+0.00000,+0.00000,+0.00000,+0.00000,+0.00000,+0.00000,+0.00000,+0.00000,+0.00000,+0.00000,+0.00000,+0.0244,0.0000,0.0019,0.0013,0.0026,0.0022,0.0042,no,0.0143,1.2,,0.0000,,,,
059003.000243,odd,3.5,68331.750,68461.0,54 f5d2 (3F) 4F,0.8841,0.0000,+0.68743,-0.01602,+0.05695,+0.21021,-0.00813,+0.07258,+0.00000,-0.04880,-0.04843,+0.02164,+0.00000,+0.00000,+0.00000,+0.00000,+0.00000,+0.00000,+0.00000,+0.00000,+0.00000,+0.00000,+0.00000,+0.00000,+0.00000,+0.00000,+0.00000,+0.00000,+0.00000,+0.00000,+0.00000,+0.00000,+0.0174,0.0000,0.0011,0.0016,0.0017,0.0006,0.0026,yes,0.0082,1.9,,0.0000,+0.0211,0.0017,+0.0037,+1.8
059003.000248,odd,3.5,68801.670,68800.0,-65 f26p (3F) 2F,0.9373,0.0000,+0.88621,+0.10204,+0.09766,+0.01722,+0.00017,+0.00065,-0.00033,-0.00166,-0.01205,+0.00025,+0.00000,+0.00000,+0.00000,+0.00000,+0.00000,+0.00000,+0.00000,+0.00000,+0.00000,+0.00000,+0.00000,+0.00000,+0.00000,+0.00000,+0.00000,+0.00000,+0.00000,+0.00000,+0.00000,+0.00000,+0.0279,0.0000,0.0016,0.0012,0.0006,0.0027,0.0034,no,0.0115,1.1,,0.0000,,,,
059003.000250,odd,3.5,68987.070,68923.0,-52 f5d2 (3F) 4F,0.8862,0.0000,+0.53172,+0.07423,+0.01456,+0.36031,+0.01184,+0.07481,+0.00000,+0.00638,+0.00647,+0.01222,+0.00000,+0.00000,+0.00000,+0.00000,+0.00000,+0.00000,+0.00000,+0.00000,+0.00000,+0.00000,+0.00000,+0.00000,+0.00000,+0.00000,+0.00000,+0.00000,+0.00000,+0.00000,+0.00000,+0.00000,+0.0243,0.0001,0.0010,0.0021,0.0008,0.0003,0.0025,yes,0.0072,1.2,,0.0000,+0.0380,0.0081,+0.0137,+1.7
059003.000253,odd,3.5,69431.000,69357.0,44 f5d2 (3F) 2F,0.9085,0.0000,+0.62763,+0.00411,+0.00100,+0.24567,+0.00452,+0.13149,+0.00000,-0.00091,-0.01027,-0.00489,+0.00000,+0.00000,+0.00000,+0.00000,+0.00000,+0.00000,+0.00000,+0.00000,+0.00000,+0.00000,+0.00000,+0.00000,+0.00000,+0.00000,+0.00000,+0.00000,+0.00000,+0.00000,+0.00000,+0.00000,+0.0195,0.0001,0.0008,0.0021,0.0010,0.0002,0.0025,yes,0.0061,1.4,,0.0000,+0.0162,0.0023,-0.0033,-1.3
059003.000259,odd,3.5,71385.600,71250.0,84 f5d2 (3P) 4G,0.9642,0.0000,+0.76444,+0.04751,+0.01998,+0.26837,-0.09043,-0.05304,+0.00025,+0.00000,+0.00000,+0.00000,+0.00000,+0.00000,+0.00000,+0.00000,+0.00000,+0.00000,+0.00000,+0.00000,+0.00000,+0.00000,+0.00000,+0.00000,+0.00000,+0.00000,+0.00000,+0.00000,+0.00000,+0.00000,+0.00000,+0.00000,+0.0290,0.0000,0.0010,0.0009,0.0006,0.0000,0.0015,yes,0.0073,1.1,,0.0000,,,,
059003.000264,odd,3.5,71978.520,71926.0,53 f26p (1G) 2G,0.9389,0.0000,+0.87123,-0.07660,+0.09214,+0.05096,+0.00443,-0.00300,+0.00042,-0.00519,+0.00384,-0.00657,+0.00000,+0.00000,+0.00000,+0.00000,+0.00000,+0.00000,+0.00000,+0.00000,+0.00000,+0.00000,+0.00000,+0.00000,+0.00000,+0.00000,+0.00000,+0.00000,+0.00000,+0.00000,+0.00000,+0.00000,+0.0244,0.0000,0.0015,0.0017,0.0004,0.0022,0.0032,no,0.0112,1.2,,0.0000,,,,
059003.000267,odd,3.5,73378.420,73489.0,80 f5d2 (1G) 2G,0.9567,0.0000,+0.40526,-0.01557,-0.07318,+0.66282,+0.01167,-0.01163,+0.00000,+0.01645,-0.00254,+0.00028,+0.00000,+0.00000,+0.00000,+0.00000,+0.00000,+0.00000,+0.00000,+0.00000,+0.00000,+0.00000,+0.00000,+0.00000,+0.00000,+0.00000,+0.00000,+0.00000,+0.00000,+0.00000,+0.00000,+0.00000,+0.0274,0.0000,0.0004,0.0007,0.0011,0.0003,0.0014,yes,0.0030,1.0,,0.0000,+0.0333,0.0086,+0.0059,+0.7
059003.000436,odd,3.5,74619.630,74591.0,-58 f5d2 (3P) 4F,0.9242,0.0000,+0.56162,+0.00619,+0.07201,+0.24459,-0.02557,+0.12265,-0.00087,+0.00000,+0.00000,+0.00000,+0.00000,+0.00000,+0.00000,+0.00000,+0.00000,+0.00000,+0.00000,+0.00000,+0.00000,+0.00000,+0.00000,+0.00000,+0.00000,+0.00000,+0.00000,+0.00000,+0.00000,+0.00000,+0.00000,+0.00000,+0.0172,0.0000,0.0021,0.0013,0.0009,0.0000,0.0026,yes,0.0153,1.5,,0.0000,,,,
059003.000272,odd,3.5,75294.000,75635.0,-64 f5d2 (3P) 4F,0.9461,0.0000,+0.72739,-0.04915,+0.11351,-0.01892,+0.01741,+0.17802,+0.00000,+0.00000,+0.00000,+0.00000,+0.00000,+0.00000,+0.00000,+0.00000,+0.00000,+0.00000,+0.00000,+0.00000,+0.00000,+0.00000,+0.00000,+0.00000,+0.00000,+0.00000,+0.00000,+0.00000,+0.00000,+0.00000,+0.00000,+0.00000,+0.0143,0.0000,0.0005,0.0013,0.0011,0.0000,0.0018,yes,0.0038,2.0,,0.0000,,,,
059003.000438,odd,3.5,75982.800,76297.0,-62 f5d2 (3P) 4D,0.9108,0.0000,+0.51358,-0.00486,+0.13164,+0.17801,+0.00828,+0.17107,+0.00000,+0.00380,-0.00076,+0.00190,+0.00000,+0.00000,+0.00000,+0.00000,+0.00000,+0.00000,+0.00000,+0.00000,+0.00000,+0.00000,+0.00000,+0.00000,+0.00000,+0.00000,+0.00000,+0.00000,+0.00000,+0.00000,+0.00000,+0.00000,+0.0140,0.0000,0.0007,0.0016,0.0011,0.0000,0.0021,yes,0.0050,1.7,,0.0000,,,,
059003.000281,odd,3.5,78463.600,78751.0,-79 f26p (1D) 2F,0.9227,0.0000,+0.51750,+0.01003,+0.05000,+0.11185,+0.00724,+0.00507,-0.00042,+0.20968,-0.04234,+0.10633,+0.00000,+0.00000,+0.00000,+0.00000,+0.00000,+0.00000,+0.00000,+0.00000,+0.00000,+0.00000,+0.00000,+0.00000,+0.00000,+0.00000,+0.00000,+0.00000,+0.00000,+0.00000,+0.00000,+0.00000,+0.0237,0.0000,0.0019,0.0009,0.0043,0.0018,0.0052,no,0.0142,1.2,,0.0000,,,,
059003.000286,odd,3.5,79395.550,79826.0,-66 f5d2 (1G) 2F,0.8989,0.0000,+0.38618,+0.02743,+0.09840,+0.40057,+0.02546,-0.00161,+0.00159,+0.07709,-0.01550,+0.03779,+0.00000,+0.00000,+0.00000,+0.00000,+0.00000,+0.00000,+0.00000,+0.00000,+0.00000,+0.00000,+0.00000,+0.00000,+0.00000,+0.00000,+0.00000,+0.00000,+0.00000,+0.00000,+0.00000,+0.00000,+0.0249,0.0001,0.0021,0.0022,0.0017,0.0008,0.0036,yes,0.0152,1.1,,0.0000,+0.0259,0.0054,+0.0010,+0.2
059003.000445,odd,3.5,82082.700,82175.0,-66 f5d2 (3P) 2G,0.9350,0.0000,+0.73601,-0.02288,-0.01630,+0.34242,-0.13052,-0.05978,-0.00235,+0.00000,+0.00000,+0.00000,+0.00000,+0.00000,+0.00000,+0.00000,+0.00000,+0.00000,+0.00000,+0.00000,+0.00000,+0.00000,+0.00000,+0.00000,+0.00000,+0.00000,+0.00000,+0.00000,+0.00000,+0.00000,+0.00000,+0.00000,+0.0253,0.0001,0.0017,0.0025,0.0006,0.0001,0.0031,yes,0.0127,1.4,,0.0000,,,,
059003.000446,odd,3.5,84150.650,84144.0,-73 f5d6s (3H) 4H,0.9440,0.0000,+0.78281,+0.14942,-0.06852,+0.43608,+0.14124,-0.05808,-0.09354,+0.00147,-0.00105,-0.00021,+0.00000,+0.00000,+0.00000,+0.00000,+0.00000,+0.00000,+0.00000,+0.00000,+0.00000,+0.00000,+0.00000,+0.00000,+0.00000,+0.00000,+0.00000,+0.00000,+0.00000,+0.00000,+0.00000,+0.00000,-0.0188,0.0002,0.0010,0.0075,0.0011,0.0019,0.0079,no,0.0076,5.4,,0.0000,,,,
059003.000300,odd,3.5,84430.980,84483.0,86 f26p (3P) 4D,0.9621,0.0000,+0.37493,+0.02270,+0.22570,+0.02064,+0.00140,+0.01777,+0.00366,+0.23820,-0.04764,+0.11910,+0.00000,+0.00000,+0.00000,+0.00000,+0.00000,+0.00000,+0.00000,+0.00000,+0.00000,+0.00000,+0.00000,+0.00000,+0.00000,+0.00000,+0.00000,+0.00000,+0.00000,+0.00000,+0.00000,+0.00000,+0.0209,0.0001,0.0008,0.0034,0.0049,0.0019,0.0063,no,0.0056,1.3,,0.0000,,,,
059003.000656,odd,3.5,,84887.0,-70 f5d2 (3P) 2F,0.8828,0.0000,+0.65597,-0.02192,+0.05280,+0.13119,-0.01700,+0.09474,+0.00000,+0.04353,-0.00871,+0.02177,+0.00000,+0.00000,+0.00000,+0.00000,+0.00000,+0.00000,+0.00000,+0.00000,+0.00000,+0.00000,+0.00000,+0.00000,+0.00000,+0.00000,+0.00000,+0.00000,+0.00000,+0.00000,+0.00000,+0.00000,+0.0193,0.0000,0.0009,0.0008,0.0011,0.0003,0.0017,yes,0.0068,1.4,,0.0000,+0.0219,0.0052,+0.0026,+0.5
059003.000676,odd,3.5,,86016.0,61 f5d6s (3H) 4H,0.9737,0.0000,+0.67222,+0.03579,-0.04347,+0.44638,-0.01670,-0.02763,-0.04752,+0.00048,-0.00080,-0.00046,+0.00000,+0.00000,+0.00000,+0.00000,+0.00000,+0.00000,+0.00000,+0.00000,+0.00000,+0.00000,+0.00000,+0.00000,+0.00000,+0.00000,+0.00000,+0.00000,+0.00000,+0.00000,+0.00000,+0.00000,+0.0002,0.0004,0.0005,0.0139,0.0008,0.0000,0.0139,no,0.0035,330.0,,0.0000,,,,
059003.000451,odd,3.5,86390.450,86178.0,-78 f5d6s (3F) 4F,0.9630,0.0000,+0.70248,+0.03363,-0.02898,+0.14387,+0.05233,+0.07659,+0.10530,-0.00024,-0.00025,+0.00097,+0.00000,+0.00000,+0.00000,+0.00000,+0.00000,+0.00000,+0.00000,+0.00000,+0.00000,+0.00000,+0.00000,+0.00000,+0.00000,+0.00000,+0.00000,+0.00000,+0.00000,+0.00000,+0.00000,+0.00000,+0.0913,0.0003,0.0007,0.0117,0.0008,0.0091,0.0149,no,0.0054,1.0,,0.0000,,,,
059003.000303,odd,3.5,87511.600,87530.0,-78 f5d6s (3G) 4G,0.9485,0.0000,+0.63030,+0.01535,+0.07309,+0.38804,-0.00793,-0.07651,-0.01150,-0.00238,-0.00010,-0.00049,+0.00000,+0.00000,+0.00000,+0.00000,+0.00000,+0.00000,+0.00000,+0.00000,+0.00000,+0.00000,+0.00000,+0.00000,+0.00000,+0.00000,+0.00000,+0.00000,+0.00000,-0.00054,+0.00008,-0.00001,+0.0218,0.0003,0.0050,0.0087,0.0008,0.0022,0.0103,no,0.0368,1.7,,0.0000,,,,
059003.000629,odd,3.5,,90172.0,62 f5d6s (1F) 2F,0.9620,0.0000,+0.65040,-0.01503,+0.03638,+0.15954,+0.01193,+0.10113,+0.04873,+0.00094,-0.00062,+0.00288,+0.00000,+0.00000,+0.00000,+0.00000,+0.00000,+0.00000,+0.00000,+0.00000,+0.00000,+0.00000,+0.00000,+0.00000,+0.00000,+0.00000,+0.00000,+0.00000,+0.00000,+0.00000,+0.00000,+0.00000,+0.0507,0.0005,0.0014,0.0159,0.0008,0.0051,0.0168,no,0.0102,1.1,,0.0000,+0.0155,0.0240,-0.0352,-1.5
059003.000626,odd,3.5,,92211.0,-70 f5d6s (3D) 4D,0.9387,0.0000,+0.56759,-0.01909,+0.11958,+0.14076,+0.02601,+0.11431,+0.04902,+0.00504,-0.00200,+0.00371,+0.00000,+0.00000,+0.00000,+0.00000,+0.00000,+0.00000,+0.00000,+0.00000,+0.00000,+0.00000,+0.00000,+0.00000,+0.00000,+0.00000,+0.00000,+0.00000,+0.00000,+0.00000,+0.00000,+0.00000,+0.0480,0.0004,0.0025,0.0146,0.0008,0.0047,0.0156,no,0.0179,1.2,,0.0000,,,,
059003.000308,odd,3.5,92441.700,92602.0,-79 f5d6s (3G) 2G,0.9369,0.0000,+0.69227,+0.07876,-0.04884,+0.32752,-0.00012,+0.01902,+0.01038,-0.00084,-0.00019,+0.00048,+0.00000,+0.00000,+0.00000,+0.00000,+0.00000,+0.00000,+0.00000,+0.00000,+0.00000,+0.00000,+0.00000,+0.00000,+0.00000,+0.00000,+0.00000,+0.00000,+0.00000,+0.00000,+0.00000,+0.00000,+0.0357,0.0005,0.0016,0.0162,0.0006,0.0034,0.0166,no,0.0120,1.0,,0.0000,,,,
059003.000311,odd,3.5,93967.400,93883.0,-73 f5d2 (1S) 2F,0.9199,0.0000,+0.81943,-0.07659,+0.10676,+0.04533,-0.00820,+0.01783,+0.01066,+0.00000,+0.00000,+0.00000,+0.00000,+0.00000,+0.00000,+0.00000,+0.00000,+0.00000,+0.00000,+0.00000,+0.00000,+0.00000,+0.00000,+0.00000,+0.00000,+0.00000,+0.00000,+0.00000,+0.00000,+0.00000,+0.00000,+0.00000,+0.0282,0.0001,0.0029,0.0045,0.0004,0.0012,0.0055,yes,0.0214,1.2,,0.0000,,,,
059003.000313,odd,3.5,96830.500,96223.0,67 f5d6s (1F) 2F,0.9484,0.0000,+0.68418,-0.06863,+0.10674,+0.16714,-0.01938,-0.02355,+0.06513,-0.00115,-0.00025,+0.00151,+0.00000,+0.00000,+0.00000,+0.00000,+0.00000,+0.00000,+0.00000,+0.00000,+0.00000,+0.00000,+0.00000,+0.00000,+0.00000,+0.00000,+0.00000,+0.00000,+0.00000,+0.00000,+0.00000,+0.00000,+0.0636,0.0003,0.0035,0.0115,0.0005,0.0061,0.0136,no,0.0256,1.1,,0.0000,,,,
059003.000350,odd,3.5,110333.550,110412.0,-86 f25f (3H) 4H,0.9537,0.0000,+1.02238,+0.12736,-0.18733,+0.00032,+0.00001,-0.00010,+0.00000,+0.00000,+0.00000,+0.00000,+0.00000,+0.00000,+0.00034,+0.00000,-0.00010,+0.00000,+0.00000,+0.00000,+0.25599,-0.01728,-0.09124,+0.00000,+0.00000,+0.00000,+0.00000,+0.00000,+0.00000,+0.00017,-0.00044,-0.00042,+0.0332,0.0000,0.0003,0.0008,0.0006,0.0033,0.0035,no,0.0025,1.0,,0.0000,,,,
059003.000357,odd,3.5,111342.430,111340.0,61 f25f (3H) 2G,0.9552,0.0000,+0.81919,+0.10107,-0.13594,+0.00000,+0.00000,+0.00000,+0.00000,+0.00000,+0.00000,+0.00000,+0.00000,+0.00000,+0.00000,+0.00000,+0.00000,+0.00000,+0.00000,+0.00000,+0.20012,+0.01400,+0.11663,+0.00000,+0.00000,+0.00000,+0.00000,+0.00000,+0.00000,+0.00000,+0.00000,+0.00000,+0.0266,0.0000,0.0004,0.0010,0.0005,0.0027,0.0029,no,0.0029,1.0,,0.0000,,,,
059003.000459,odd,3.5,111728.910,111699.0,-80 f27p (3H) 4H,0.9677,0.0000,+1.32041,+0.17000,-0.21725,+0.00036,+0.00001,-0.00007,+0.00003,+0.00000,+0.00000,+0.00000,+0.00000,+0.00000,+0.00000,+0.00000,+0.00000,+0.00000,+0.00000,+0.00000,+0.00055,+0.00003,-0.00013,+0.00000,+0.00000,+0.00000,+0.00000,+0.00000,+0.00000,-0.07224,-0.16832,-0.03166,+0.0383,0.0000,0.0007,0.0007,0.0022,0.0038,0.0045,no,0.0052,1.2,,0.0000,,,,
059003.000464,odd,3.5,113064.690,113095.0,-60 f27p (3H) 4G,0.9665,0.0000,+1.21562,+0.15747,-0.19433,+0.00064,+0.00001,-0.00012,+0.00006,+0.00000,+0.00000,+0.00000,+0.00000,+0.00000,+0.00000,+0.00000,+0.00000,+0.00000,+0.00000,+0.00000,-0.00224,-0.00010,+0.00109,+0.00000,+0.00000,+0.00000,+0.00000,+0.00000,+0.00000,-0.08527,+0.02324,+0.06456,+0.0386,0.0000,0.0008,0.0008,0.0011,0.0039,0.0041,no,0.0057,1.1,,0.0000,,,,
059003.000365,odd,3.5,113291.670,113239.0,-66 f25f (3H) 4F,0.9421,0.0000,+0.90353,+0.03997,+0.04719,+0.00000,+0.00000,+0.00000,+0.00000,+0.00000,+0.00000,+0.00000,+0.00000,+0.00000,+0.00000,+0.00000,+0.00000,+0.00000,+0.00000,+0.00000,+0.03225,-0.00070,+0.01748,+0.00000,+0.00000,+0.00000,+0.00000,+0.00000,+0.00000,-0.00095,+0.00031,+0.00049,+0.0271,0.0000,0.0006,0.0010,0.0005,0.0027,0.0030,no,0.0044,1.0,,0.0000,,,,
059003.000368,odd,3.5,113630.900,113622.0,73 f25f (3H) 4G,0.9676,0.0000,+1.05434,+0.02754,+0.03613,+0.00000,+0.00000,+0.00000,+0.00000,+0.00000,+0.00000,+0.00000,+0.00000,+0.00000,+0.00000,+0.00000,+0.00000,+0.00000,+0.00000,+0.00000,-0.09451,-0.04296,+0.00405,+0.00000,+0.00000,+0.00000,+0.00000,+0.00000,+0.00000,+0.00000,+0.00000,+0.00000,+0.0309,0.0000,0.0003,0.0015,0.0006,0.0031,0.0035,no,0.0023,1.0,,0.0000,,,,
059003.000380,odd,3.5,115420.800,115325.0,-55 f25f (3H) 4D,0.9312,0.0000,+0.87261,-0.05450,+0.20789,+0.00000,+0.00000,+0.00000,+0.00000,+0.00000,+0.00000,+0.00000,+0.00000,+0.00000,+0.00000,+0.00000,+0.00000,+0.00000,+0.00000,+0.00000,-0.14698,-0.09417,+0.06648,+0.00000,+0.00000,+0.00000,+0.00000,+0.00000,+0.00000,+0.00000,+0.00000,+0.00000,+0.0233,0.0001,0.0007,0.0029,0.0005,0.0023,0.0038,no,0.0048,1.2,,0.0000,,,,
059003.000472,odd,3.5,115489.740,115486.0,65 f27p (3H) 4G,0.9633,0.0000,+1.17739,+0.02551,+0.02432,+0.00000,+0.00000,+0.00000,+0.00000,+0.00000,+0.00000,+0.00000,+0.00000,+0.00000,+0.00000,+0.00000,+0.00000,+0.00000,+0.00000,+0.00000,+0.07796,+0.00986,-0.00983,+0.00000,+0.00000,+0.00000,+0.00000,+0.00000,+0.00000,-0.17696,+0.03711,-0.09289,+0.0325,0.0000,0.0003,0.0014,0.0018,0.0033,0.0040,no,0.0024,1.2,,0.0000,,,,
059003.000382,odd,3.5,115670.000,115572.0,84 f25f (3F) 4H,0.9828,0.0000,+0.70365,-0.00043,-0.14807,+0.00000,+0.00000,+0.00000,+0.00000,+0.00000,+0.00000,+0.00000,+0.00000,+0.00000,+0.00000,+0.00000,+0.00000,+0.00000,+0.00000,+0.00000,+0.58027,+0.08414,-0.08989,+0.00000,+0.00000,+0.00000,+0.00000,+0.00000,+0.00000,-0.03009,+0.00525,-0.01587,+0.0204,0.0000,0.0002,0.0015,0.0007,0.0020,0.0026,no,0.0014,1.1,,0.0000,,,,
059003.000386,odd,3.5,116021.780,115980.0,-61 f25f (3H) 2F,0.9420,0.0000,+0.98583,-0.06201,+0.19185,+0.00000,+0.00000,+0.00000,+0.00000,+0.00000,+0.00000,+0.00000,+0.00000,+0.00000,+0.00000,+0.00000,+0.00000,+0.00000,+0.00000,+0.00000,-0.21147,+0.02512,+0.03379,+0.00000,+0.00000,+0.00000,+0.00000,+0.00000,+0.00000,+0.00000,+0.00000,+0.00000,+0.0264,0.0000,0.0006,0.0016,0.0005,0.0026,0.0032,no,0.0042,1.1,,0.0000,,,,
059003.000392,odd,3.5,117044.600,116953.0,54 f25f (3F) 4G,0.9190,0.0000,+0.60960,-0.01991,-0.05077,+0.00000,+0.00000,+0.00000,+0.00000,+0.00000,+0.00000,+0.00000,+0.00000,+0.00000,+0.00000,+0.00000,+0.00000,+0.00000,+0.00000,+0.00000,+0.36398,-0.03833,+0.07720,+0.00000,+0.00000,+0.00000,+0.00000,+0.00000,+0.00000,+0.00000,+0.00000,+0.00000,+0.0172,0.0001,0.0008,0.0020,0.0004,0.0017,0.0028,no,0.0058,1.1,,0.0000,,,,
059003.000397,odd,3.5,117647.200,117559.0,-58 f25f (3F) 4G,0.9474,0.0000,+0.57762,+0.01444,+0.06901,+0.00000,+0.00000,+0.00000,+0.00000,+0.00000,+0.00000,+0.00000,+0.00000,+0.00000,+0.00000,+0.00000,+0.00000,+0.00000,+0.00000,+0.00000,+0.40736,+0.05832,-0.05399,+0.00000,+0.00000,+0.00000,+0.00000,+0.00000,+0.00000,+0.00000,+0.00000,+0.00000,+0.0174,0.0000,0.0007,0.0014,0.0005,0.0017,0.0024,no,0.0052,1.0,,0.0000,,,,
059003.000484,odd,3.5,118069.200,118008.0,-68 f25f (3F) 4D,0.9406,0.0000,+0.49293,-0.04961,+0.18677,+0.00000,+0.00000,+0.00000,+0.00000,+0.00000,+0.00000,+0.00000,+0.00000,+0.00000,+0.00000,+0.00000,+0.00000,+0.00000,+0.00000,+0.00000,+0.19536,-0.00697,+0.10150,+0.00000,+0.00000,+0.00000,+0.00000,+0.00000,+0.00000,+0.01779,+0.00331,+0.00566,+0.0132,0.0001,0.0007,0.0019,0.0003,0.0013,0.0025,no,0.0052,1.2,,0.0000,,,,
059003.000404,odd,3.5,118318.600,118209.0,-66 f25f (3F) 2G,0.9242,0.0000,+0.56429,+0.05163,-0.04360,+0.00000,+0.00000,+0.00000,+0.00000,+0.00000,+0.00000,+0.00000,+0.00000,+0.00000,+0.00000,+0.00000,+0.00000,+0.00000,+0.00000,+0.00000,+0.39603,-0.04215,+0.07727,+0.00000,+0.00000,+0.00000,+0.00000,+0.00000,+0.00000,+0.00417,-0.00023,+0.00185,+0.0180,0.0000,0.0008,0.0013,0.0004,0.0018,0.0024,no,0.0057,1.0,,0.0000,,,,
059003.000487,odd,3.5,118860.770,118907.0,-65 f25f (3F) 4F,0.9307,0.0000,+0.65564,+0.03214,+0.17669,+0.00000,+0.00000,+0.00000,+0.00000,+0.00000,+0.00000,+0.00000,+0.00000,+0.00000,+0.00000,+0.00000,+0.00000,+0.00000,+0.00000,+0.00000,+0.19834,+0.01967,-0.03067,+0.00000,+0.00000,+0.00000,+0.00000,+0.00000,+0.00000,+0.00000,+0.00000,+0.00000,+0.0199,0.0000,0.0006,0.0013,0.0004,0.0020,0.0025,no,0.0044,1.0,,0.0000,,,,
059003.000493,odd,3.5,121411.770,121441.0,61 f25f (1G) 2F,0.9551,0.0000,+0.77299,-0.08947,+0.05026,+0.00000,+0.00000,+0.00000,+0.00000,+0.00000,+0.00000,+0.00000,+0.00000,+0.00000,+0.00000,+0.00000,+0.00000,+0.00000,+0.00000,+0.00000,+0.11051,+0.05735,+0.06624,+0.00000,+0.00000,+0.00000,+0.00000,+0.00000,+0.00000,+0.00000,+0.00000,+0.00000,+0.0198,0.0000,0.0004,0.0008,0.0004,0.0020,0.0022,no,0.0026,1.3,,0.0000,,,,
059003.000494,odd,3.5,121580.900,121737.0,-66 f25f (1G) 2G,0.9167,0.0000,+0.63301,-0.05704,+0.05893,+0.00000,+0.00000,+0.00000,+0.00000,+0.00000,+0.00000,+0.00000,+0.00000,+0.00000,+0.00000,+0.00000,+0.00000,+0.00000,+0.00000,+0.00000,+0.35010,-0.06386,-0.04155,+0.00000,+0.00000,+0.00000,+0.00000,+0.00000,+0.00000,+0.00049,-0.00108,-0.00098,+0.0168,0.0000,0.0007,0.0009,0.0004,0.0017,0.0021,no,0.0050,1.2,,0.0000,,,,
059003.000417,odd,3.5,128453.200,128478.0,92 f25f (1D) 2G,0.9649,0.0000,+0.40061,+0.00416,+0.00663,+0.00000,+0.00000,+0.00000,+0.00000,+0.00000,+0.00000,+0.00000,+0.00000,+0.00000,+0.00207,+0.00047,-0.00041,+0.00000,+0.00000,+0.00000,+0.69728,+0.10202,-0.10617,+0.00000,+0.00000,+0.00000,+0.00000,+0.00000,+0.00000,+0.00000,+0.00000,+0.00000,+0.0123,0.0000,0.0004,0.0008,0.0007,0.0012,0.0017,no,0.0027,1.0,,0.0000,,,,
059003.000499,odd,3.5,128912.950,128892.0,92 f25f (1D) 2F,0.9499,0.0000,+0.21768,-0.00966,+0.01365,+0.00000,+0.00000,+0.00000,+0.00000,+0.00000,+0.00000,+0.00000,+0.00000,+0.00000,+0.00000,+0.00000,+0.00000,+0.00000,+0.00000,+0.00000,+0.63668,-0.04609,+0.13376,-0.00144,-0.00009,-0.00032,+0.00000,+0.00000,+0.00000,+0.00000,+0.00000,+0.00000,+0.0065,0.0000,0.0005,0.0011,0.0005,0.0006,0.0015,no,0.0037,1.1,,0.0000,,,,
059003.000500,odd,3.5,132415.600,132506.0,-48 f25f (3P) 2G,0.9580,0.0000,+0.34915,-0.02898,-0.05026,+0.00000,+0.00000,+0.00000,+0.00000,+0.00000,+0.00000,+0.00000,+0.00000,+0.00000,+0.00000,+0.00000,+0.00000,+0.00000,+0.00000,+0.00000,+0.60061,-0.09651,+0.10115,-0.00096,-0.00033,+0.00032,+0.00000,+0.00000,+0.00000,+0.00000,+0.00000,+0.00000,+0.0096,0.0001,0.0004,0.0033,0.0004,0.0010,0.0035,no,0.0026,1.2,,0.0000,,,,
059003.000503,odd,3.5,132958.220,132832.0,-57 f25f (3P) 4G,0.9432,0.0000,+0.55041,-0.07582,+0.08163,+0.00000,+0.00000,+0.00000,+0.00000,+0.00000,+0.00000,+0.00000,+0.00000,+0.00000,+0.00000,+0.00000,+0.00000,+0.00000,+0.00000,+0.00000,+0.42058,+0.05232,-0.06520,+0.00850,-0.00100,+0.00408,+0.00000,+0.00000,+0.00000,+0.00000,+0.00000,+0.00000,+0.0140,0.0001,0.0005,0.0040,0.0005,0.0014,0.0043,no,0.0040,1.3,,0.0000,,,,
059003.000623,odd,3.5,,133050.0,-60 f25f (3P) 4D,0.9325,0.0000,+0.32086,+0.02519,+0.09313,+0.00000,+0.00000,+0.00000,+0.00000,+0.00000,+0.00000,+0.00000,+0.00000,+0.00000,+0.00000,+0.00000,+0.00000,+0.00000,+0.00000,+0.00000,+0.48917,-0.02980,+0.09582,-0.00203,-0.00075,+0.00305,+0.00000,+0.00000,+0.00000,+0.00000,+0.00000,+0.00000,+0.0103,0.0001,0.0006,0.0035,0.0004,0.0010,0.0038,no,0.0047,1.0,,0.0000,,,,
059003.000637,odd,3.5,,133412.0,-56 f25f (1I) 2F,0.9209,0.0000,+0.72858,-0.00007,+0.07968,+0.00000,+0.00000,+0.00000,+0.00000,+0.00000,+0.00000,+0.00000,+0.00000,+0.00000,+0.00000,+0.00000,+0.00000,+0.00000,+0.00000,+0.00000,+0.13340,+0.01680,+0.03032,+0.03069,-0.00569,-0.00267,+0.00000,+0.00000,+0.00000,+0.00000,+0.00000,+0.00000,+0.0210,0.0001,0.0008,0.0039,0.0004,0.0021,0.0045,no,0.0056,1.0,,0.0000,,,,
059003.000510,odd,3.5,133594.970,133609.0,81 f26f (3H) 4H,0.9791,0.0000,+1.02573,+0.12542,-0.18158,+0.00000,+0.00000,+0.00000,+0.00000,+0.00000,+0.00000,+0.00000,+0.00000,+0.00000,+0.00000,+0.00000,+0.00000,+0.00000,+0.00000,+0.00000,+0.00980,+0.00096,+0.00138,+0.20965,+0.00377,-0.06499,+0.00000,+0.00000,+0.00000,+0.00000,+0.00000,+0.00000,+0.0331,0.0000,0.0003,0.0010,0.0006,0.0033,0.0035,no,0.0018,1.0,,0.0000,,,,
059003.000516,odd,3.5,134163.330,134370.0,63 f25f (3P) 4F,0.9163,0.0000,+0.35035,+0.01231,+0.05603,+0.00000,+0.00000,+0.00000,+0.00000,+0.00000,+0.00000,+0.00000,+0.00000,+0.00000,+0.00000,+0.00000,+0.00000,+0.00000,+0.00000,+0.00000,+0.48683,+0.02971,+0.08011,+0.01849,-0.00286,+0.00821,+0.00000,+0.00000,+0.00000,+0.00000,+0.00000,+0.00000,+0.0108,0.0001,0.0008,0.0024,0.0005,0.0011,0.0027,no,0.0057,1.0,,0.0000,,,,
059003.000519,odd,3.5,134868.820,134963.0,-57 f25f (3P) 2G,0.8985,0.0000,+0.79414,-0.01765,-0.02250,+0.00000,+0.00000,+0.00000,+0.00000,+0.00000,+0.00000,+0.00000,+0.00000,+0.00000,+0.00000,+0.00000,+0.00000,+0.00000,+0.00000,+0.00000,+0.22471,-0.02493,-0.04576,+0.03175,+0.00149,+0.01765,+0.00000,+0.00000,+0.00000,+0.00000,+0.00000,+0.00000,+0.0225,0.0001,0.0010,0.0033,0.0004,0.0022,0.0042,no,0.0073,1.1,,0.0000,,,,
059003.000525,odd,3.5,136326.700,136622.0,69 f25f (3P) 2F,0.9235,0.0000,+0.59615,+0.00550,+0.10808,+0.00000,+0.00000,+0.00000,+0.00000,+0.00000,+0.00000,+0.00000,+0.00000,+0.00000,+0.00000,+0.00000,+0.00000,+0.00000,+0.00000,+0.00000,+0.29314,+0.00339,+0.00379,-0.00448,-0.00371,+0.00331,+0.00000,+0.00000,+0.00000,+0.00000,+0.00000,+0.00000,+0.0175,0.0001,0.0007,0.0036,0.0004,0.0018,0.0041,no,0.0053,1.0,,0.0000,,,,
059003.000001,odd,4.5,0.000,82.0,-97 4f3 (4I) 4I,0.9680,0.0005,+1.26590,+0.07601,-0.26759,+0.00164,+0.00011,-0.00047,+0.00000,+0.00000,+0.00000,+0.00000,+0.00000,+0.00000,+0.00000,+0.00000,+0.00000,+0.00000,+0.00000,+0.00000,+0.00000,+0.00000,+0.00000,+0.00000,+0.00000,+0.00000,+0.00000,+0.00000,+0.00000,+0.00000,+0.00000,+0.00000,+0.0305,0.0000,0.0002,0.0004,0.0018,0.0000,0.0019,yes,0.0017,1.0,,0.0000,,,,
059003.000035,odd,4.5,10032.920,10037.0,77 4f3 (2H) 2H2,0.9796,0.0000,+1.00910,+0.13226,-0.01365,+0.00455,+0.00000,+0.00000,+0.00000,+0.00000,+0.00000,+0.00000,+0.00000,+0.00000,+0.00000,+0.00000,+0.00000,+0.00000,+0.00000,+0.00000,+0.00000,+0.00000,+0.00000,+0.00000,+0.00000,+0.00000,+0.00000,+0.00000,+0.00000,+0.00000,+0.00000,+0.00000,+0.0260,0.0000,0.0001,0.0007,0.0015,0.0000,0.0017,yes,0.0009,1.0,,0.0000,,,,
059003.000039,odd,4.5,11761.690,11717.0,-87 4f3 (4F) 4F,0.9703,0.0000,+0.74735,+0.02488,+0.24758,+0.00303,+0.00017,+0.00204,+0.00000,+0.00000,+0.00000,+0.00000,+0.00000,+0.00000,+0.00000,+0.00000,+0.00000,+0.00000,+0.00000,+0.00000,+0.00000,+0.00000,+0.00000,+0.00000,+0.00000,+0.00000,+0.00000,+0.00000,+0.00000,+0.00000,+0.00000,+0.00000,+0.0175,0.0000,0.0003,0.0007,0.0010,0.0000,0.0013,yes,0.0020,1.0,,0.0000,,,,
059003.000051,odd,4.5,15705.130,15722.0,67 4f3 (4G) 4G,0.9800,0.0000,+0.85952,+0.00240,+0.13512,+0.00405,+0.00008,+0.00131,+0.00000,+0.00000,+0.00000,+0.00000,+0.00000,+0.00000,+0.00000,+0.00000,+0.00000,+0.00000,+0.00000,+0.00000,+0.00000,+0.00000,+0.00000,+0.00000,+0.00000,+0.00000,+0.00000,+0.00000,+0.00000,+0.00000,+0.00000,+0.00000,+0.0196,0.0000,0.0001,0.0008,0.0012,0.0000,0.0014,yes,0.0010,1.0,,0.0000,,,,
059003.000055,odd,4.5,16763.980,16757.0,-70 4f3 (4G) 4G,0.9645,0.0000,+0.84671,-0.07537,+0.14706,+0.00548,-0.00079,+0.00075,+0.00000,+0.00000,+0.00000,+0.00000,+0.00000,+0.00000,+0.00000,+0.00000,+0.00000,+0.00000,+0.00000,+0.00000,+0.00000,+0.00000,+0.00000,+0.00000,+0.00000,+0.00000,+0.00000,+0.00000,+0.00000,+0.00000,+0.00000,+0.00000,+0.0176,0.0000,0.0003,0.0002,0.0010,0.0000,0.0011,yes,0.0020,1.2,,0.0000,+0.0214,0.0050,+0.0038,+0.8
059003.000118,odd,4.5,26979.660,26902.0,92 4f3 (2H) 2H1,0.9870,0.0013,+1.07728,-0.04618,-0.08723,+0.00869,-0.00111,-0.00099,+0.00000,+0.00000,+0.00000,+0.00000,+0.00000,+0.00000,+0.00000,+0.00000,+0.00000,+0.00000,+0.00000,+0.00000,+0.00088,-0.00003,+0.00005,+0.00000,+0.00000,+0.00000,+0.00000,+0.00000,+0.00000,+0.00000,+0.00000,+0.00000,+0.0236,0.0000,0.0001,0.0005,0.0014,0.0000,0.0015,yes,0.0007,1.1,,0.0000,,,,
059003.000169,odd,4.5,39225.600,39095.0,-73 4f3 (2G) 2G2,0.9570,0.0009,+0.87655,+0.04336,+0.10499,+0.01216,+0.00210,+0.00486,+0.00000,+0.00000,+0.00000,+0.00000,+0.00000,+0.00000,+0.00000,+0.00000,+0.00000,+0.00000,+0.00000,+0.00000,+0.00037,+0.00005,+0.00012,+0.00000,+0.00000,+0.00000,+0.00000,+0.00000,+0.00000,+0.00000,+0.00000,+0.00000,+0.0212,0.0000,0.0004,0.0003,0.0012,0.0000,0.0013,yes,0.0028,1.0,,0.0000,,,,
059003.000195,odd,4.5,58174.150,58361.0,-74 f26p (3H) 4I,0.9624,0.0000,+1.05970,+0.14113,-0.17426,+0.00434,+0.00014,-0.00060,+0.00003,+0.12185,+0.15511,-0.01106,+0.00000,+0.00000,+0.00000,+0.00000,+0.00000,+0.00000,+0.00000,+0.00000,+0.00000,+0.00000,+0.00000,+0.00000,+0.00000,+0.00000,+0.00000,+0.00000,+0.00000,+0.00000,+0.00000,+0.00000,+0.0472,0.0000,0.0007,0.0008,0.0046,0.0047,0.0067,no,0.0049,1.0,,0.0000,,,,
059003.000196,odd,4.5,60166.200,60162.0,74 f26p (3H) 4H,0.9616,0.0000,+0.97715,+0.04284,+0.02148,+0.05481,+0.00262,-0.00056,+0.00015,-0.04473,-0.10968,-0.00830,+0.00000,+0.00000,+0.00000,+0.00000,+0.00000,+0.00000,+0.00000,+0.00000,+0.00000,+0.00000,+0.00000,+0.00000,+0.00000,+0.00000,+0.00000,+0.00000,+0.00000,+0.00000,+0.00000,+0.00000,+0.0234,0.0000,0.0008,0.0011,0.0029,0.0020,0.0038,no,0.0056,1.6,,0.0000,,,,
059003.000199,odd,4.5,61357.040,61299.0,48 f26p (3H) 2H,0.9271,0.0000,+0.87462,+0.08661,-0.10716,+0.20205,+0.04322,-0.03131,+0.00000,+0.04517,-0.03591,+0.01662,+0.00000,+0.00000,+0.00000,+0.00000,+0.00000,+0.00000,+0.00000,+0.00000,+0.00000,+0.00000,+0.00000,+0.00000,+0.00000,+0.00000,+0.00000,+0.00000,+0.00000,+0.00000,+0.00000,+0.00000,+0.0341,0.0000,0.0007,0.0016,0.0014,0.0019,0.0030,no,0.0050,1.1,,0.0000,,,,
059003.000202,odd,4.5,62062.630,62098.0,-68 f5d2 (3F) 4I,0.9334,0.0000,+0.76821,+0.10735,-0.11047,+0.36632,+0.06868,-0.08665,+0.00000,+0.05488,-0.01333,+0.00771,+0.00000,+0.00000,+0.00000,+0.00000,+0.00000,+0.00000,+0.00000,+0.00000,+0.00000,+0.00000,+0.00000,+0.00000,+0.00000,+0.00000,+0.00000,+0.00000,+0.00000,+0.00000,+0.00000,+0.00000,+0.0390,0.0000,0.0006,0.0012,0.0015,0.0014,0.0024,yes,0.0046,1.0,,0.0000,+0.0346,0.0020,-0.0044,-2.1
059003.000204,odd,4.5,62535.620,62597.0,-67 f5d2 (3F) 4H,0.9398,0.0000,+0.57189,+0.08451,-0.03954,+0.46965,+0.02613,-0.00854,+0.00000,-0.00695,-0.00300,+0.01350,+0.00000,+0.00000,+0.00000,+0.00000,+0.00000,+0.00000,+0.00000,+0.00000,+0.00000,+0.00000,+0.00000,+0.00000,+0.00000,+0.00000,+0.00000,+0.00000,+0.00000,+0.00000,+0.00000,+0.00000,+0.0299,0.0000,0.0006,0.0014,0.0009,0.0004,0.0018,yes,0.0042,1.0,,0.0000,+0.0324,0.0023,+0.0025,+1.1
059003.000210,odd,4.5,63593.350,63674.0,-53 f26p (3H) 4G,0.9121,0.0000,+0.86456,+0.01368,+0.00777,+0.11648,+0.00204,+0.02605,+0.00000,-0.03074,+0.01167,+0.01589,+0.00000,+0.00000,+0.00000,+0.00000,+0.00000,+0.00000,+0.00000,+0.00000,+0.00000,+0.00000,+0.00000,+0.00000,+0.00000,+0.00000,+0.00000,+0.00000,+0.00000,+0.00000,+0.00000,+0.00000,+0.0265,0.0000,0.0007,0.0012,0.0008,0.0021,0.0026,no,0.0054,1.2,,0.0000,,,,
059003.000215,odd,4.5,64235.610,64280.0,-53 f5d2 (3F) 4H,0.9097,0.0000,+0.61655,-0.00119,+0.02213,+0.31139,-0.00284,+0.04925,+0.00000,+0.00676,+0.00714,-0.00607,+0.00000,+0.00000,+0.00000,+0.00000,+0.00000,+0.00000,+0.00000,+0.00000,+0.00000,+0.00000,+0.00000,+0.00000,+0.00000,+0.00000,+0.00000,+0.00000,+0.00000,+0.00000,+0.00000,+0.00000,+0.0239,0.0000,0.0009,0.0010,0.0007,0.0009,0.0018,yes,0.0064,1.2,,0.0000,+0.0237,0.0020,-0.0002,-0.1
059003.000218,odd,4.5,64857.150,64894.0,-47 f26p (3F) 2G,0.9225,0.0000,+0.77733,+0.06446,+0.13531,+0.01777,-0.00014,+0.00902,+0.00000,+0.09270,+0.12554,-0.03213,+0.00000,+0.00000,+0.00000,+0.00000,+0.00000,+0.00000,+0.00000,+0.00000,+0.00000,+0.00000,+0.00000,+0.00000,+0.00000,+0.00000,+0.00000,+0.00000,+0.00000,+0.00000,+0.00000,+0.00000,+0.0343,0.0000,0.0007,0.0014,0.0037,0.0034,0.0052,no,0.0049,1.0,,0.0000,,,,
059003.000234,odd,4.5,67049.180,67020.0,59 f5d2 (1D) 2H,0.9166,0.0000,+0.60027,+0.03686,-0.01634,+0.45176,+0.00057,-0.03182,+0.00000,+0.00301,+0.00323,-0.00688,+0.00000,+0.00000,+0.00000,+0.00000,+0.00000,+0.00000,+0.00000,+0.00000,+0.00000,+0.00000,+0.00000,+0.00000,+0.00000,+0.00000,+0.00000,+0.00000,+0.00000,+0.00000,+0.00000,+0.00000,+0.0297,0.0000,0.0007,0.0011,0.0008,0.0003,0.0016,yes,0.0052,1.0,,0.0000,+0.0285,0.0071,-0.0012,-0.2
059003.000237,odd,4.5,67398.790,67183.0,72 f26p (3H) 2G,0.9291,0.0000,+0.95666,-0.04413,+0.16213,+0.03179,+0.00201,+0.01224,-0.00057,-0.10459,+0.05108,-0.05765,+0.00000,+0.00000,+0.00000,+0.00000,+0.00000,+0.00000,+0.00000,+0.00000,+0.00000,+0.00000,+0.00000,+0.00000,+0.00000,+0.00000,+0.00000,+0.00000,+0.00000,+0.00000,+0.00000,+0.00000,+0.0246,0.0000,0.0016,0.0014,0.0025,0.0023,0.0041,no,0.0119,1.5,,0.0000,,,,
059003.000239,odd,4.5,67870.760,67892.0,70 f26p (3F) 4G,0.9523,0.0000,+0.61708,-0.02724,+0.06557,+0.09895,+0.00571,+0.02565,+0.00000,+0.12771,-0.01195,+0.06505,+0.00000,+0.00000,+0.00000,+0.00000,+0.00000,+0.00000,+0.00000,+0.00000,+0.00000,+0.00000,+0.00000,+0.00000,+0.00000,+0.00000,+0.00000,+0.00000,+0.00000,+0.00000,+0.00000,+0.00000,+0.0231,0.0000,0.0004,0.0010,0.0026,0.0018,0.0033,no,0.0032,1.2,,0.0000,,,,
059003.000244,odd,4.5,68374.540,68467.0,-66 f26p (1G) 2H,0.9469,0.0000,+0.73562,-0.04199,+0.09006,+0.04573,-0.00097,+0.01352,+0.00000,+0.11753,+0.09241,-0.00245,+0.00000,+0.00000,+0.00000,+0.00000,+0.00000,+0.00000,+0.00000,+0.00000,+0.00000,+0.00000,+0.00000,+0.00000,+0.00000,+0.00000,+0.00000,+0.00000,+0.00000,+0.00000,+0.00000,+0.00000,+0.0299,0.0000,0.0004,0.0016,0.0033,0.0028,0.0047,no,0.0030,1.1,,0.0000,,,,
059003.000247,odd,4.5,68544.190,68707.0,73 f5d2 (3F) 4G,0.9581,0.0000,+0.50224,+0.00542,+0.05174,+0.27905,+0.02382,+0.06443,+0.00000,+0.06677,-0.01347,+0.03578,+0.00000,+0.00000,+0.00000,+0.00000,+0.00000,+0.00000,+0.00000,+0.00000,+0.00000,+0.00000,+0.00000,+0.00000,+0.00000,+0.00000,+0.00000,+0.00000,+0.00000,+0.00000,+0.00000,+0.00000,+0.0216,0.0000,0.0004,0.0008,0.0015,0.0009,0.0020,yes,0.0031,1.2,,0.0000,+0.0228,0.0025,+0.0012,+0.5
059003.000251,odd,4.5,69138.280,69086.0,52 f26p (1G) 2G,0.9098,0.0000,+0.65529,+0.04992,+0.11341,+0.09138,-0.00341,+0.02798,+0.00000,+0.08033,+0.00477,+0.03162,+0.00000,+0.00000,+0.00000,+0.00000,+0.00000,+0.00000,+0.00000,+0.00000,+0.00000,+0.00000,+0.00000,+0.00000,+0.00000,+0.00000,+0.00000,+0.00000,+0.00000,+0.00000,+0.00000,+0.00000,+0.0249,0.0000,0.0009,0.0013,0.0017,0.0020,0.0031,no,0.0063,1.1,,0.0000,,,,
059003.000255,odd,4.5,69686.260,69835.0,78 f5d2 (3F) 4F,0.9513,0.0000,+0.42529,-0.00482,+0.11136,+0.27661,+0.01963,+0.15917,+0.00000,+0.03256,+0.00789,-0.00498,+0.00000,+0.00000,+0.00000,+0.00000,+0.00000,+0.00000,+0.00000,+0.00000,+0.00000,+0.00000,+0.00000,+0.00000,+0.00000,+0.00000,+0.00000,+0.00000,+0.00000,+0.00000,+0.00000,+0.00000,+0.0159,0.0000,0.0004,0.0015,0.0013,0.0006,0.0021,yes,0.0033,1.6,,0.0000,+0.0169,0.0016,+0.0010,+0.6
059003.000258,odd,4.5,71021.100,71121.0,67 f5d2 (3P) 4G,0.9289,0.0000,+0.57881,+0.06029,+0.00421,+0.30139,+0.01760,+0.11304,-0.00032,+0.00344,+0.00023,-0.00057,+0.00000,+0.00000,+0.00000,+0.00000,+0.00000,+0.00000,+0.00000,+0.00000,+0.00000,+0.00000,+0.00000,+0.00000,+0.00000,+0.00000,+0.00000,+0.00000,+0.00000,+0.00000,+0.00000,+0.00000,+0.0223,0.0000,0.0015,0.0008,0.0009,0.0000,0.0019,yes,0.0109,1.3,,0.0000,,,,
059003.000262,odd,4.5,71592.340,71634.0,-63 f26p (1G) 2G,0.9120,0.0000,+0.74408,-0.06710,+0.07054,+0.02226,+0.00047,+0.00223,+0.00099,+0.10325,-0.01981,+0.05664,+0.00000,+0.00000,+0.00000,+0.00000,+0.00000,+0.00000,+0.00000,+0.00000,+0.00000,+0.00000,+0.00000,+0.00000,+0.00000,+0.00000,+0.00000,+0.00000,+0.00000,+0.00000,+0.00000,+0.00000,+0.0237,0.0000,0.0015,0.0016,0.0022,0.0023,0.0038,no,0.0109,1.3,,0.0000,,,,
059003.000266,odd,4.5,73029.900,72912.0,72 f5d2 (1G) 2H,0.9460,0.0000,+0.41298,+0.04303,-0.02240,+0.58894,-0.01643,+0.01355,+0.00000,+0.00829,-0.00109,-0.00136,+0.00000,+0.00000,+0.00000,+0.00000,+0.00000,+0.00000,+0.00000,+0.00000,+0.00000,+0.00000,+0.00000,+0.00000,+0.00000,+0.00000,+0.00000,+0.00000,+0.00000,+0.00000,+0.00000,+0.00000,+0.0260,0.0000,0.0005,0.0010,0.0009,0.0001,0.0014,yes,0.0036,1.1,,0.0000,,,,
059003.000268,odd,4.5,73606.170,73165.0,-62 f5d2 (1D) 2G,0.9298,0.0000,+0.61230,-0.06278,+0.09720,+0.25088,-0.10372,+0.03960,+0.00001,+0.00000,+0.00000,+0.00000,+0.00000,+0.00000,+0.00000,+0.00000,+0.00000,+0.00000,+0.00000,+0.00000,+0.00000,+0.00000,+0.00000,+0.00000,+0.00000,+0.00000,+0.00000,+0.00000,+0.00000,+0.00000,+0.00000,+0.00000,+0.0180,0.0000,0.0016,0.0016,0.0004,0.0000,0.0023,yes,0.0117,1.6,,0.0000,,,,
059003.000437,odd,4.5,74696.200,74526.0,70 f5d2 (3F) 2H,0.9509,0.0000,+0.56623,+0.00426,-0.01275,+0.50417,-0.00613,-0.06063,+0.00072,+0.00388,+0.00112,-0.00162,+0.00000,+0.00000,+0.00000,+0.00000,+0.00000,+0.00000,+0.00000,+0.00000,+0.00000,+0.00000,+0.00000,+0.00000,+0.00000,+0.00000,+0.00000,+0.00000,+0.00000,+0.00000,+0.00000,+0.00000,+0.0300,0.0000,0.0014,0.0011,0.0009,0.0002,0.0020,yes,0.0099,1.0,,0.0000,+0.0226,0.0039,-0.0074,-1.8
059003.000277,odd,4.5,75762.230,75755.0,67 f5d2 (1G) 2G,0.9485,0.0000,+0.42091,-0.02225,+0.04682,+0.50329,-0.06080,+0.02459,+0.00000,+0.00527,+0.00035,-0.00088,+0.00000,+0.00000,+0.00000,+0.00000,+0.00000,+0.00000,+0.00000,+0.00000,+0.00000,+0.00000,+0.00000,+0.00000,+0.00000,+0.00000,+0.00000,+0.00000,+0.00000,+0.00000,+0.00000,+0.00000,+0.0210,0.0000,0.0004,0.0010,0.0007,0.0001,0.0013,yes,0.0032,1.3,,0.0000,+0.0159,0.0084,-0.0051,-0.6
059003.000442,odd,4.5,76894.560,77055.0,-88 f5d2 (3P) 4F,0.9505,0.0000,+0.57307,-0.05680,+0.10624,+0.11817,-0.04887,+0.20261,-0.00010,+0.00000,+0.00000,+0.00000,+0.00000,+0.00000,+0.00000,+0.00000,+0.00000,+0.00000,+0.00000,+0.00000,+0.00000,+0.00000,+0.00000,+0.00000,+0.00000,+0.00000,+0.00000,+0.00000,+0.00000,+0.00000,+0.00000,+0.00000,+0.0105,0.0000,0.0009,0.0009,0.0012,0.0000,0.0018,yes,0.0068,2.6,,0.0000,,,,
059003.000633,odd,4.5,,82034.0,-68 f5d2 (3P) 2G,0.9497,0.0000,+0.55228,+0.01269,+0.02329,+0.33749,+0.04230,+0.08232,+0.00403,+0.00017,+0.00024,+0.00042,+0.00000,+0.00000,+0.00000,+0.00000,+0.00000,+0.00000,+0.00000,+0.00000,+0.00000,+0.00000,+0.00000,+0.00000,+0.00000,+0.00000,+0.00000,+0.00000,+0.00000,+0.00000,+0.00000,+0.00000,+0.0249,0.0001,0.0011,0.0029,0.0008,0.0004,0.0032,yes,0.0078,1.2,,0.0000,,,,
059003.000299,odd,4.5,84410.630,84421.0,-88 f26p (1I) 2H,0.9716,0.0000,+1.14618,+0.00959,-0.00813,+0.07203,+0.01193,+0.00558,+0.00206,-0.14521,+0.02900,-0.07252,+0.00000,+0.00000,+0.00000,+0.00000,+0.00000,+0.00000,+0.00000,+0.00000,+0.00000,+0.00000,+0.00000,+0.00000,+0.00000,+0.00000,+0.00000,+0.00000,+0.00000,+0.00000,+0.00000,+0.00000,+0.0319,0.0002,0.0006,0.0060,0.0031,0.0032,0.0075,no,0.0044,1.4,,0.0000,,,,
059003.000448,odd,4.5,84690.200,84759.0,70 f5d6s (1G) 2G,0.9540,0.0000,+0.66098,+0.08823,-0.03020,+0.28061,+0.07583,+0.03510,+0.08146,-0.01914,+0.00443,-0.00881,+0.00000,+0.00000,+0.00000,+0.00000,+0.00000,+0.00000,+0.00000,+0.00000,+0.00000,+0.00000,+0.00000,+0.00000,+0.00000,+0.00000,+0.00000,+0.00000,+0.00000,+0.00000,+0.00000,+0.00000,+0.0806,0.0002,0.0007,0.0082,0.0009,0.0080,0.0115,no,0.0054,1.0,,0.0000,,,,
059003.000452,odd,4.5,86455.750,86491.0,-83 f5d6s (3H) 4H,0.9652,0.0000,+0.59469,+0.04010,-0.01439,+0.37430,+0.01516,+0.00076,+0.04430,+0.00004,+0.00009,+0.00028,+0.00000,+0.00000,+0.00000,+0.00000,+0.00000,+0.00000,+0.00000,+0.00000,+0.00000,+0.00000,+0.00000,+0.00000,+0.00000,+0.00000,+0.00000,+0.00000,+0.00000,+0.00000,+0.00000,+0.00000,+0.0556,0.0004,0.0006,0.0125,0.0007,0.0056,0.0137,no,0.0044,1.0,,0.0000,,,,
059003.000304,odd,4.5,88210.100,88123.0,-70 f5d6s (3F) 4F,0.9755,0.0000,+0.59066,-0.05055,+0.04857,+0.16386,+0.04478,+0.09515,+0.10036,-0.00026,+0.00025,+0.00177,+0.00000,+0.00000,+0.00000,+0.00000,+0.00000,+0.00000,+0.00000,+0.00000,+0.00000,+0.00000,+0.00000,+0.00000,+0.00000,+0.00000,+0.00000,+0.00000,+0.00000,-0.00015,+0.00000,+0.00005,+0.0822,0.0002,0.0008,0.0052,0.0008,0.0082,0.0098,no,0.0055,1.1,,0.0000,,,,
059003.000305,odd,4.5,88948.600,88944.0,75 f5d6s (3G) 4G,0.9893,0.0000,+0.49100,-0.00657,+0.10731,+0.31072,-0.02749,+0.02639,+0.06506,-0.00175,+0.00037,+0.00128,+0.00000,+0.00000,+0.00000,+0.00000,+0.00000,+0.00000,+0.00000,+0.00000,+0.00000,+0.00000,+0.00000,+0.00000,+0.00000,+0.00000,+0.00000,+0.00000,+0.00000,+0.00000,+0.00000,+0.00000,+0.0615,0.0003,0.0002,0.0109,0.0006,0.0061,0.0125,no,0.0013,1.1,,0.0000,,,,
059003.000307,odd,4.5,90629.200,90817.0,-89 f5d6s (3H) 2H,0.9460,0.0000,+0.65087,+0.01362,-0.00711,+0.42779,+0.05069,-0.05933,-0.01180,+0.00024,+0.00043,-0.00066,+0.00000,+0.00000,+0.00000,+0.00000,+0.00000,+0.00000,+0.00000,+0.00000,+0.00000,+0.00000,+0.00000,+0.00000,+0.00000,+0.00000,+0.00000,+0.00000,+0.00000,+0.00000,+0.00000,+0.00000,+0.0240,0.0004,0.0012,0.0131,0.0009,0.0023,0.0134,no,0.0085,1.6,,0.0000,,,,
059003.000312,odd,4.5,95147.900,95285.0,-88 f5d6s (3G) 2G,0.9605,0.0000,+0.58948,-0.02079,+0.10216,+0.31032,+0.00936,+0.04397,-0.04139,-0.00198,+0.00032,-0.00112,+0.00000,+0.00000,+0.00000,+0.00000,+0.00000,+0.00000,+0.00000,+0.00000,+0.00000,+0.00000,+0.00000,+0.00000,+0.00000,+0.00000,+0.00000,+0.00000,+0.00000,-0.00118,+0.00005,-0.00025,-0.0045,0.0003,0.0008,0.0113,0.0007,0.0005,0.0114,no,0.0061,11.9,,0.0000,,,,
059003.000456,odd,4.5,99681.900,99625.0,-89 f5d6s (1H) 2H,0.9593,0.0000,+0.70508,+0.00873,-0.01971,+0.39039,-0.03128,+0.01939,-0.07606,-0.01138,+0.00282,-0.00699,+0.00000,+0.00000,+0.00000,+0.00000,+0.00000,+0.00000,+0.00000,+0.00000,+0.00000,+0.00000,+0.00000,+0.00000,+0.00000,+0.00000,+0.00000,+0.00000,+0.00000,-0.00047,+0.00009,-0.00024,-0.0213,0.0001,0.0014,0.0052,0.0008,0.0022,0.0058,no,0.0106,3.8,,0.0000,,,,
059003.000353,odd,4.5,110922.180,111014.0,83 f25f (3H) 4H,0.9765,0.0000,+0.71968,+0.08929,-0.09083,+0.00000,+0.00000,+0.00000,+0.00000,+0.00000,+0.00000,+0.00000,+0.00000,+0.00000,+0.00000,+0.00000,+0.00000,+0.00000,+0.00000,+0.00000,+0.31795,-0.03171,+0.05209,+0.00000,+0.00000,+0.00000,+0.00000,+0.00000,+0.00000,+0.00027,+0.00047,+0.00084,+0.0235,0.0000,0.0002,0.0007,0.0005,0.0023,0.0025,no,0.0014,1.0,,0.0000,,,,
059003.000458,odd,4.5,111518.340,111524.0,75 f27p (3H) 4I,0.9784,0.0000,+1.04953,+0.13656,-0.17161,+0.00000,+0.00000,+0.00000,+0.00000,+0.00000,+0.00000,+0.00000,+0.00000,+0.00000,+0.00000,+0.00000,+0.00000,+0.00000,+0.00000,+0.00000,+0.02294,+0.00144,-0.00515,+0.00000,+0.00000,+0.00000,+0.00000,+0.00000,+0.00000,+0.12463,+0.14433,-0.02035,+0.0389,0.0000,0.0002,0.0008,0.0021,0.0039,0.0045,no,0.0012,1.0,,0.0000,,,,
059003.000359,odd,4.5,111992.970,112085.0,71 f25f (3H) 4I,0.9785,0.0000,+0.87257,+0.09959,-0.13888,+0.00000,+0.00000,+0.00000,+0.00000,+0.00000,+0.00000,+0.00000,+0.00000,+0.00000,+0.00000,+0.00000,+0.00000,+0.00000,+0.00000,+0.00000,+0.29285,+0.06003,-0.03369,+0.00000,+0.00000,+0.00000,+0.00000,+0.00000,+0.00000,+0.00978,+0.00943,-0.00261,+0.0285,0.0000,0.0002,0.0008,0.0006,0.0029,0.0030,no,0.0016,1.0,,0.0000,,,,
059003.000463,odd,4.5,112837.430,112846.0,-63 f27p (3H) 4H,0.9611,0.0000,+0.99060,+0.12213,-0.15531,+0.00000,+0.00000,+0.00000,+0.00000,+0.00000,+0.00000,+0.00000,+0.00000,+0.00000,+0.00000,+0.00000,+0.00000,+0.00000,+0.00000,+0.00000,+0.00411,-0.00070,-0.00185,+0.00000,+0.00000,+0.00000,+0.00000,+0.00000,+0.00000,+0.12089,-0.02979,+0.04156,+0.0333,0.0000,0.0003,0.0006,0.0013,0.0033,0.0036,no,0.0020,1.0,,0.0000,,,,
059003.000364,odd,4.5,113158.530,113173.0,-53 f25f (3H) 2G,0.9607,0.0000,+0.88173,+0.02633,+0.00623,+0.00000,+0.00000,+0.00000,+0.00000,+0.00000,+0.00000,+0.00000,+0.00000,+0.00000,+0.00000,+0.00000,+0.00000,+0.00000,+0.00000,+0.00000,+0.11874,+0.01082,-0.00743,+0.00000,+0.00000,+0.00000,+0.00000,+0.00000,+0.00000,+0.00103,-0.00174,-0.00030,+0.0262,0.0000,0.0003,0.0007,0.0005,0.0026,0.0028,no,0.0022,1.0,,0.0000,,,,
059003.000370,odd,4.5,113780.270,113755.0,46 f27p (3H) 4H,0.9355,0.0000,+0.91548,+0.02613,+0.02765,+0.00000,+0.00000,+0.00000,+0.00000,+0.00000,+0.00000,+0.00000,+0.00000,+0.00000,+0.00000,+0.00000,+0.00000,+0.00000,+0.00000,+0.00000,+0.06404,+0.00128,+0.03552,+0.00000,+0.00000,+0.00000,+0.00000,+0.00000,+0.00000,-0.02797,-0.06894,-0.01472,+0.0253,0.0000,0.0005,0.0007,0.0010,0.0025,0.0028,no,0.0037,1.1,,0.0000,,,,
059003.000468,odd,4.5,113894.440,113876.0,-45 f25f (3H) 2H,0.9197,0.0000,+0.92618,+0.02782,+0.01707,+0.00000,+0.00000,+0.00000,+0.00000,+0.00000,+0.00000,+0.00000,+0.00000,+0.00000,+0.00000,+0.00000,+0.00000,+0.00000,+0.00000,+0.00000,+0.09269,-0.01371,+0.00509,+0.00000,+0.00000,+0.00000,+0.00000,+0.00000,+0.00000,-0.04439,-0.06691,+0.00337,+0.0254,0.0000,0.0006,0.0007,0.0010,0.0025,0.0029,no,0.0043,1.2,,0.0000,,,,
059003.000470,odd,4.5,115176.160,115176.0,70 f27p (3H) 4G,0.9916,0.0000,+0.98680,+0.02732,+0.04380,+0.00047,+0.00000,+0.00009,+0.00009,+0.00000,+0.00000,+0.00000,+0.00000,+0.00000,+0.00000,+0.00000,+0.00000,+0.00000,+0.00000,+0.00000,-0.00396,+0.00117,+0.00312,+0.00000,+0.00000,+0.00000,+0.00000,+0.00000,+0.00000,-0.06038,+0.01782,+0.02997,+0.0286,0.0000,0.0002,0.0005,0.0008,0.0029,0.0030,no,0.0014,1.1,,0.0000,,,,
059003.000377,odd,4.5,115324.470,115259.0,59 f25f (3H) 4F,0.9608,0.0000,+0.77600,-0.05300,+0.15290,+0.00000,+0.00000,+0.00000,+0.00000,+0.00000,+0.00000,+0.00000,+0.00000,+0.00000,+0.00000,+0.00000,+0.00000,+0.00000,+0.00000,+0.00000,+0.00786,-0.03289,+0.06379,+0.00000,+0.00000,+0.00000,+0.00000,+0.00000,+0.00000,-0.00084,+0.00003,+0.00029,+0.0207,0.0000,0.0004,0.0017,0.0004,0.0021,0.0027,no,0.0027,1.2,,0.0000,,,,
059003.000381,odd,4.5,115499.670,115452.0,-72 f25f (3H) 2G,0.9340,0.0000,+0.85184,-0.05189,+0.16203,+0.00000,+0.00000,+0.00000,+0.00000,+0.00000,+0.00000,+0.00000,+0.00000,+0.00000,+0.00000,+0.00000,+0.00000,+0.00000,+0.00000,+0.00000,+0.00964,-0.00824,-0.02280,+0.00000,+0.00000,+0.00000,+0.00000,+0.00000,+0.00000,-0.00152,+0.00058,+0.00082,+0.0229,0.0000,0.0005,0.0005,0.0004,0.0023,0.0024,no,0.0037,1.1,,0.0000,,,,
059003.000474,odd,4.5,115881.550,115842.0,79 f25f (3F) 4I,0.9910,0.0000,+0.56242,-0.00869,-0.11380,+0.00000,+0.00000,+0.00000,+0.00000,+0.00000,+0.00000,+0.00000,+0.00000,+0.00000,+0.00000,+0.00000,+0.00000,+0.00000,+0.00000,+0.00000,+0.61720,+0.05566,-0.06626,+0.00059,-0.00002,-0.00015,+0.00000,+0.00000,+0.00000,+0.00000,+0.00000,+0.00000,+0.0164,0.0000,0.0001,0.0009,0.0006,0.0016,0.0020,no,0.0007,1.0,,0.0000,,,,
059003.000389,odd,4.5,116453.200,116360.0,67 f25f (3F) 4H,0.9661,0.0000,+0.60172,-0.01917,-0.09467,+0.00000,+0.00000,+0.00000,+0.00000,+0.00000,+0.00000,+0.00000,+0.00000,+0.00000,+0.00000,+0.00000,+0.00000,+0.00000,+0.00000,+0.00000,+0.46071,+0.04051,+0.03224,+0.00000,+0.00000,+0.00000,+0.00000,+0.00000,+0.00000,+0.00000,+0.00000,+0.00000,+0.0171,0.0000,0.0003,0.0010,0.0005,0.0017,0.0021,no,0.0019,1.1,,0.0000,,,,
059003.000482,odd,4.5,117507.880,117419.0,58 f25f (3F) 2H,0.9430,0.0000,+0.58042,+0.03530,+0.00993,+0.00000,+0.00000,+0.00000,+0.00000,+0.00000,+0.00000,+0.00000,+0.00000,+0.00000,+0.00000,+0.00000,+0.00000,+0.00000,+0.00000,+0.00000,+0.43690,+0.05905,-0.02725,+0.00000,+0.00000,+0.00000,+0.00000,+0.00000,+0.00000,+0.00000,+0.00000,+0.00000,+0.0181,0.0000,0.0005,0.0010,0.0005,0.0018,0.0022,no,0.0033,1.0,,0.0000,,,,
059003.000628,odd,4.5,,117665.0,75 f27p (3H) 2G,0.9464,0.0000,+0.98710,-0.04278,+0.20431,+0.00000,+0.00000,+0.00000,+0.00000,+0.00000,+0.00000,+0.00000,+0.00000,+0.00000,+0.00000,+0.00000,+0.00000,+0.00000,+0.00000,+0.00000,+0.01099,+0.00002,-0.00152,+0.00000,+0.00000,+0.00000,+0.00000,+0.00000,+0.00000,-0.11555,+0.04771,-0.08532,+0.0262,0.0000,0.0005,0.0005,0.0013,0.0026,0.0030,no,0.0033,1.2,,0.0000,,,,
059003.000401,odd,4.5,118081.100,118025.0,-53 f25f (3F) 2H,0.9230,0.0000,+0.52567,+0.06301,-0.00742,+0.00000,+0.00000,+0.00000,+0.00000,+0.00000,+0.00000,+0.00000,+0.00000,+0.00000,+0.00000,+0.00000,+0.00000,+0.00000,+0.00000,+0.00000,+0.41554,-0.04317,+0.06770,+0.00000,+0.00000,+0.00000,+0.00000,+0.00000,+0.00000,-0.00123,+0.00005,-0.00026,+0.0172,0.0000,0.0006,0.0012,0.0004,0.0017,0.0022,no,0.0046,1.0,,0.0000,,,,
059003.000405,odd,4.5,118468.800,118393.0,-67 f25f (3F) 2G,0.9225,0.0000,+0.49170,+0.00059,+0.14904,+0.00000,+0.00000,+0.00000,+0.00000,+0.00000,+0.00000,+0.00000,+0.00000,+0.00000,+0.00000,+0.00000,+0.00000,+0.00000,+0.00000,+0.00000,+0.42813,+0.00373,-0.07311,+0.00000,+0.00000,+0.00000,+0.00000,+0.00000,+0.00000,+0.00257,+0.00201,+0.00166,+0.0146,0.0000,0.0007,0.0009,0.0004,0.0015,0.0019,no,0.0052,1.0,,0.0000,,,,
059003.000488,odd,4.5,118885.400,118859.0,81 f25f (3F) 4F,0.9688,0.0000,+0.45713,+0.01472,+0.16464,+0.00000,+0.00000,+0.00000,+0.00000,+0.00000,+0.00000,+0.00000,+0.00000,+0.00000,+0.00000,+0.00000,+0.00000,+0.00000,+0.00000,+0.00000,+0.26925,+0.02071,+0.10484,+0.00000,+0.00000,+0.00000,+0.00000,+0.00000,+0.00000,+0.00344,+0.00026,+0.00070,+0.0138,0.0000,0.0003,0.0014,0.0003,0.0014,0.0020,no,0.0020,1.0,,0.0000,,,,
059003.000635,odd,4.5,,119971.0,-62 f27p (3F) 4F,0.9627,0.0000,+0.70175,+0.07749,+0.12887,+0.00000,+0.00000,+0.00000,+0.00000,+0.00000,+0.00000,+0.00000,+0.00000,+0.00000,+0.00000,+0.00000,+0.00000,+0.00000,+0.00000,+0.00000,+0.00025,+0.00002,+0.00010,+0.00000,+0.00000,+0.00000,+0.00000,+0.00000,+0.00000,+0.12474,-0.02738,+0.04429,+0.0238,0.0000,0.0003,0.0008,0.0013,0.0024,0.0028,no,0.0019,1.0,,0.0000,,,,
059003.000411,odd,4.5,121382.600,121466.0,-69 f25f (1G) 2H,0.9519,0.0000,+0.67000,-0.07125,+0.04908,+0.00000,+0.00000,+0.00000,+0.00000,+0.00000,+0.00000,+0.00000,+0.00000,+0.00000,+0.00000,+0.00000,+0.00000,+0.00000,+0.00000,+0.00000,+0.31627,+0.05885,-0.03535,+0.00000,+0.00000,+0.00000,+0.00000,+0.00000,+0.00000,+0.00000,+0.00000,+0.00000,+0.0175,0.0000,0.0003,0.0006,0.0004,0.0017,0.0019,no,0.0023,1.2,,0.0000,,,,
059003.000496,odd,4.5,122141.460,122148.0,-67 f25f (1G) 2G,0.9269,0.0000,+0.54729,-0.05702,+0.04811,+0.00000,+0.00000,+0.00000,+0.00000,+0.00000,+0.00000,+0.00000,+0.00000,+0.00000,+0.00000,+0.00000,+0.00000,+0.00000,+0.00000,+0.00000,+0.34501,-0.03669,+0.05960,+0.00000,+0.00000,+0.00000,+0.00000,+0.00000,+0.00000,+0.00000,+0.00000,+0.00000,+0.0143,0.0000,0.0005,0.0005,0.0004,0.0014,0.0016,no,0.0033,1.2,,0.0000,,,,
059003.000415,odd,4.5,128352.800,128442.0,-81 f25f (1D) 2H,0.9616,0.0000,+0.43064,-0.00940,+0.01340,+0.00000,+0.00000,+0.00000,+0.00000,+0.00000,+0.00000,+0.00000,+0.00000,+0.00000,+0.00000,+0.00000,+0.00000,+0.00000,+0.00000,+0.00000,+0.60086,+0.12372,-0.04699,+0.00184,+0.00013,+0.00026,+0.00000,+0.00000,+0.00000,+0.00000,+0.00000,+0.00000,+0.0127,0.0000,0.0003,0.0006,0.0006,0.0013,0.0016,no,0.0022,1.0,,0.0000,,,,
059003.000418,odd,4.5,128568.600,128608.0,-82 f25f (1D) 2G,0.9483,0.0000,+0.31581,-0.01550,+0.01008,+0.00000,+0.00000,+0.00000,+0.00000,+0.00000,+0.00000,+0.00000,+0.00000,+0.00000,+0.00169,-0.00024,+0.00042,+0.00000,+0.00000,+0.00000,+0.60412,-0.06401,+0.06788,+0.00000,+0.00000,+0.00000,+0.00000,+0.00000,+0.00000,+0.00000,+0.00000,+0.00000,+0.0091,0.0000,0.0004,0.0009,0.0005,0.0009,0.0014,no,0.0028,1.1,,0.0000,,,,
059003.000638,odd,4.5,,132959.0,-51 f25f (1I) 2G,0.9711,0.0000,+0.44156,-0.07268,+0.06914,+0.00064,+0.00000,+0.00000,+0.00000,+0.00000,+0.00000,+0.00000,+0.00000,+0.00000,-0.00015,+0.00007,+0.00018,+0.00000,+0.00000,+0.00000,+0.38162,-0.04878,+0.10127,+0.00428,-0.00017,+0.00145,+0.00000,+0.00000,+0.00000,+0.00000,+0.00000,+0.00000,+0.0109,0.0001,0.0002,0.0030,0.0003,0.0011,0.0033,no,0.0018,1.4,,0.0000,,,,
059003.000506,odd,4.5,133306.900,133155.0,93 f25f (1I) 2H,0.9828,0.0000,+1.01773,-0.00024,-0.00084,+0.00256,+0.00000,+0.00000,+0.00000,+0.00000,+0.00000,+0.00000,+0.00000,+0.00000,+0.00071,-0.00039,-0.00059,+0.00000,+0.00000,+0.00000,+0.04204,-0.04632,-0.07717,+0.01369,+0.00060,+0.00324,+0.00000,+0.00000,+0.00000,-0.00091,+0.00018,-0.00045,+0.0293,0.0000,0.0002,0.0011,0.0005,0.0029,0.0032,no,0.0014,1.0,,0.0000,,,,
059003.000508,odd,4.5,133511.580,133463.0,64 f25f (1I) 2G,0.9787,0.0000,+0.60702,-0.02018,+0.09370,+0.00144,+0.00000,+0.00000,+0.00000,+0.00000,+0.00000,+0.00000,+0.00000,+0.00000,-0.00033,+0.00015,+0.00041,+0.00000,+0.00000,+0.00000,+0.24362,+0.01665,+0.04671,+0.00600,-0.00087,+0.00143,+0.00000,+0.00000,+0.00000,+0.00000,+0.00000,+0.00000,+0.0171,0.0001,0.0002,0.0029,0.0004,0.0017,0.0034,no,0.0014,1.1,,0.0000,,,,
059003.000512,odd,4.5,134001.320,133994.0,69 f26f (3H) 4H,0.9362,0.0000,+0.63025,+0.06619,-0.05046,+0.00000,+0.00000,+0.00000,+0.00000,+0.00000,+0.00000,+0.00000,+0.00000,+0.00000,+0.00000,+0.00000,+0.00000,+0.00000,+0.00000,+0.00000,+0.07297,-0.00691,+0.01240,+0.29612,-0.03441,+0.03872,+0.00000,+0.00000,+0.00000,+0.00000,+0.00000,+0.00000,+0.0202,0.0000,0.0005,0.0016,0.0004,0.0020,0.0026,no,0.0033,1.0,,0.0000,,,,
059003.000515,odd,4.5,134163.180,134306.0,70 f25f (3P) 4F,0.9657,0.0000,+0.26106,+0.02577,+0.11136,-0.00037,-0.00001,+0.00018,+0.00000,+0.00000,+0.00000,+0.00000,+0.00000,+0.00000,+0.00074,-0.00011,+0.00018,+0.00000,+0.00000,+0.00000,+0.48067,-0.02383,+0.09121,+0.05682,-0.00649,-0.00186,+0.00000,+0.00000,+0.00000,+0.00000,+0.00000,+0.00000,+0.0086,0.0000,0.0003,0.0015,0.0004,0.0009,0.0018,no,0.0020,1.0,,0.0000,,,,
059003.000520,odd,4.5,134932.150,135094.0,-75 f25f (3P) 2G,0.9439,0.0000,+0.51229,+0.01682,+0.10728,+0.00000,+0.00000,+0.00000,+0.00000,+0.00000,+0.00000,+0.00000,+0.00000,+0.00000,+0.00000,+0.00000,+0.00000,+0.00000,+0.00000,+0.00000,+0.37812,+0.04497,-0.01832,+0.01567,+0.00473,+0.00495,+0.00000,+0.00000,+0.00000,+0.00000,+0.00000,+0.00000,+0.0155,0.0001,0.0004,0.0022,0.0004,0.0016,0.0028,no,0.0030,1.0,,0.0000,,,,
059003.000529,odd,4.5,136643.400,136593.0,-58 f26f (3H) 4G,0.9442,0.0000,+0.72504,+0.01950,+0.04439,+0.00000,+0.00000,+0.00000,+0.00000,+0.00000,+0.00000,+0.00000,+0.00000,+0.00000,+0.00000,+0.00000,+0.00000,+0.00000,+0.00000,+0.00000,+0.03774,+0.00578,-0.00276,+0.14204,-0.00552,+0.05355,+0.00000,+0.00000,+0.00000,+0.00000,+0.00000,+0.00000,+0.0215,0.0000,0.0004,0.0010,0.0004,0.0021,0.0024,no,0.0030,1.0,,0.0000,,,,
059003.000535,odd,4.5,138445.300,138397.0,-76 f26f (3H) 2G,0.9376,0.0000,+0.84943,-0.05520,+0.17042,+0.00000,+0.00000,+0.00000,+0.00000,+0.00000,+0.00000,+0.00000,+0.00000,+0.00000,+0.00000,+0.00000,+0.00000,+0.00000,+0.00000,+0.00000,+0.00711,+0.00026,-0.00040,+0.02605,-0.02630,-0.05261,+0.00000,+0.00000,+0.00000,+0.00000,+0.00000,+0.00000,+0.0228,0.0000,0.0004,0.0006,0.0004,0.0023,0.0024,no,0.0032,1.1,,0.0000,,,,
059003.000682,odd,4.5,,141202.0,-74 f26f (3F) 4F,0.9583,0.0000,+0.46166,+0.03454,+0.13759,+0.00000,+0.00000,+0.00000,+0.00000,+0.00000,+0.00000,+0.00000,+0.00000,+0.00000,+0.00000,+0.00000,+0.00000,+0.00000,+0.00000,+0.00000,+0.00227,+0.00027,+0.00038,+0.29851,-0.00575,+0.09958,+0.00000,+0.00000,+0.00000,+0.00000,+0.00000,+0.00000,+0.0144,0.0000,0.0003,0.0012,0.0003,0.0014,0.0019,no,0.0024,1.0,,0.0000,,,,
059003.000031,odd,5.5,1398.340,1473.0,99 4f3 (4I) 4I,0.9897,0.0006,+1.03258,+0.03162,-0.03398,+0.00084,+0.00003,-0.00004,+0.00000,+0.00000,+0.00000,+0.00000,+0.00000,+0.00000,+0.00000,+0.00000,+0.00000,+0.00000,+0.00000,+0.00000,+0.00000,+0.00000,+0.00000,+0.00000,+0.00000,+0.00000,+0.00000,+0.00000,+0.00000,+0.00000,+0.00000,+0.00000,+0.0241,0.0000,0.0001,0.0004,0.0014,0.0000,0.0015,yes,0.0004,1.0,,0.0000,,,,
059003.000040,odd,5.5,12494.630,12477.0,90 4f3 (2H) 2H2,0.9895,0.0000,+0.89865,-0.03811,+0.09614,+0.00508,+0.00004,+0.00013,+0.00000,+0.00001,-0.00001,-0.00001,+0.00000,+0.00000,+0.00000,+0.00000,+0.00000,+0.00000,+0.00000,+0.00000,+0.00000,+0.00000,+0.00000,+0.00000,+0.00000,+0.00000,+0.00000,+0.00000,+0.00000,+0.00000,+0.00000,+0.00000,+0.0196,0.0000,0.0001,0.0004,0.0012,0.0000,0.0012,yes,0.0004,1.1,,0.0000,+0.0197,0.0014,+0.0001,+0.0
059003.000058,odd,5.5,17409.580,17507.0,96 4f3 (4G) 4G,0.9874,0.0018,+0.73170,+0.01059,+0.26053,+0.00315,+0.00073,+0.00269,+0.00000,+0.00000,+0.00000,+0.00000,+0.00000,+0.00000,+0.00000,+0.00000,+0.00000,+0.00000,+0.00000,+0.00000,+0.00003,+0.00003,+0.00008,+0.00000,+0.00000,+0.00000,+0.00000,+0.00000,+0.00000,+0.00000,+0.00000,+0.00000,+0.0169,0.0000,0.0001,0.0004,0.0010,0.0000,0.0011,yes,0.0005,1.0,,0.0000,,,,
059003.000103,odd,5.5,24357.980,24297.0,91 4f3 (2I) 2I,1.0021,0.0000,+1.04305,-0.02950,-0.04827,+0.00508,+0.00044,-0.00055,+0.00000,+0.00016,-0.00001,+0.00002,+0.00000,+0.00000,+0.00000,+0.00000,+0.00000,+0.00000,+0.00000,+0.00000,+0.00048,-0.00002,+0.00002,+0.00000,+0.00000,+0.00000,+0.00000,+0.00000,+0.00000,+0.00000,+0.00000,+0.00000,+0.0232,0.0000,0.0000,0.0003,0.0014,0.0000,0.0014,yes,0.0000,1.1,,0.0000,,,,
059003.000124,odd,5.5,28101.770,27949.0,-81 4f3 (2H) 2H1,0.9726,0.0025,+0.92577,-0.03164,+0.06354,+0.00682,+0.00002,+0.00091,+0.00000,+0.00000,+0.00000,+0.00000,+0.00000,+0.00000,+0.00000,+0.00000,+0.00000,+0.00000,+0.00000,+0.00000,+0.00042,+0.00001,-0.00003,+0.00000,+0.00000,+0.00000,+0.00000,+0.00000,+0.00000,+0.00000,+0.00000,+0.00000,+0.0204,0.0000,0.0001,0.0004,0.0012,0.0000,0.0013,yes,0.0010,1.1,,0.0000,,,,
059003.000197,odd,5.5,60419.730,60532.0,-64 f26p (3H) 4I,0.9682,0.0000,+0.86721,+0.02587,+0.02669,+0.01436,+0.00080,+0.00171,+0.00004,+0.08488,+0.12584,+0.00510,+0.00000,+0.00000,+0.00000,+0.00000,+0.00000,+0.00000,+0.00000,+0.00000,+0.00000,+0.00000,+0.00000,+0.00000,+0.00000,+0.00000,+0.00000,+0.00000,+0.00000,+0.00000,+0.00000,+0.00000,+0.0356,0.0000,0.0004,0.0008,0.0036,0.0035,0.0051,no,0.0033,1.0,,0.0000,,,,
059003.000203,odd,5.5,62240.830,62254.0,-59 f26p (3H) 4H,0.9595,0.0000,+0.80834,+0.03808,+0.02739,+0.04538,+0.00206,+0.00655,+0.00000,+0.07464,-0.05485,+0.03770,+0.00000,+0.00000,+0.00000,+0.00000,+0.00000,+0.00000,+0.00000,+0.00000,+0.00000,+0.00000,+0.00000,+0.00000,+0.00000,+0.00000,+0.00000,+0.00000,+0.00000,+0.00000,+0.00000,+0.00000,+0.0254,0.0000,0.0003,0.0017,0.0021,0.0023,0.0035,no,0.0021,1.2,,0.0000,,,,
059003.000205,odd,5.5,62558.670,62616.0,-52 f26p (3H) 4G,0.9563,0.0000,+0.86849,+0.01651,+0.05406,+0.01101,-0.00053,+0.00022,+0.00047,+0.02876,-0.07809,+0.03700,+0.00000,+0.00000,+0.00000,+0.00000,+0.00000,+0.00000,+0.00000,+0.00000,+0.00000,+0.00000,+0.00000,+0.00000,+0.00000,+0.00000,+0.00000,+0.00000,+0.00000,+0.00000,+0.00000,+0.00000,+0.0232,0.0001,0.0006,0.0020,0.0021,0.0023,0.0037,no,0.0044,1.3,,0.0000,,,,
059003.000212,odd,5.5,63816.910,63722.0,-60 f26p (3H) 2I,0.9475,0.0000,+0.72375,+0.03406,-0.04271,+0.21950,+0.02405,+0.01324,+0.00000,+0.06330,-0.01861,+0.02293,+0.00000,+0.00000,+0.00000,+0.00000,+0.00000,+0.00000,+0.00000,+0.00000,+0.00000,+0.00000,+0.00000,+0.00000,+0.00000,+0.00000,+0.00000,+0.00000,+0.00000,+0.00000,+0.00000,+0.00000,+0.0285,0.0000,0.0004,0.0010,0.0015,0.0016,0.0024,no,0.0026,1.1,,0.0000,+0.0283,0.0014,-0.0002,-0.1
059003.000213,odd,5.5,64150.940,64154.0,-76 f5d2 (3F) 4I,0.9646,0.0000,+0.61244,+0.05385,+0.00212,+0.35429,+0.01135,-0.00512,+0.00000,+0.03665,-0.01069,-0.00039,+0.00000,+0.00000,+0.00000,+0.00000,+0.00000,+0.00000,+0.00000,+0.00000,+0.00000,+0.00000,+0.00000,+0.00000,+0.00000,+0.00000,+0.00000,+0.00000,+0.00000,+0.00000,+0.00000,+0.00000,+0.0285,0.0000,0.0002,0.0009,0.0010,0.0009,0.0017,yes,0.0018,1.0,,0.0000,+0.0282,0.0019,-0.0003,-0.2
059003.000219,odd,5.5,64865.150,64693.0,82 f5d2 (3F) 4H,0.9702,0.0000,+0.53637,+0.01389,+0.03065,+0.33837,+0.01976,+0.06676,+0.00000,+0.01350,-0.00302,+0.01435,+0.00000,+0.00000,+0.00000,+0.00000,+0.00000,+0.00000,+0.00000,+0.00000,+0.00000,+0.00000,+0.00000,+0.00000,+0.00000,+0.00000,+0.00000,+0.00000,+0.00000,+0.00000,+0.00000,+0.00000,+0.0224,0.0000,0.0002,0.0009,0.0008,0.0006,0.0014,yes,0.0017,1.2,,0.0000,+0.0200,0.0021,-0.0024,-1.1
059003.000223,odd,5.5,65922.420,65950.0,-63 f26p (3H) 4G,0.9595,0.0000,+0.82813,-0.04949,+0.16687,+0.01315,+0.00058,+0.00506,+0.00077,-0.02207,+0.00762,+0.00810,+0.00000,+0.00000,+0.00000,+0.00000,+0.00000,+0.00000,+0.00000,+0.00000,+0.00000,+0.00000,+0.00000,+0.00000,+0.00000,+0.00000,+0.00000,+0.00000,+0.00000,+0.00000,+0.00000,+0.00000,+0.0225,0.0000,0.0006,0.0011,0.0006,0.0022,0.0026,no,0.0042,1.2,,0.0000,,,,
059003.000241,odd,5.5,68238.120,68098.0,-68 f5d2 (3F) 2I,0.9481,0.0000,+0.51188,-0.01682,+0.00002,+0.53013,+0.05245,-0.05184,+0.00000,+0.00846,-0.00139,+0.00136,+0.00000,+0.00000,+0.00000,+0.00000,+0.00000,+0.00000,+0.00000,+0.00000,+0.00000,+0.00000,+0.00000,+0.00000,+0.00000,+0.00000,+0.00000,+0.00000,+0.00000,+0.00000,+0.00000,+0.00000,+0.0292,0.0000,0.0003,0.0009,0.0010,0.0002,0.0014,yes,0.0022,1.0,,0.0000,,,,
059003.000246,odd,5.5,68525.620,68491.0,-67 f26p (3F) 4G,0.9474,0.0000,+0.57121,+0.04791,+0.11252,+0.10290,-0.00712,+0.03580,+0.00000,+0.11155,-0.02366,+0.06602,+0.00000,+0.00000,+0.00000,+0.00000,+0.00000,+0.00000,+0.00000,+0.00000,+0.00000,+0.00000,+0.00000,+0.00000,+0.00000,+0.00000,+0.00000,+0.00000,+0.00000,+0.00000,+0.00000,+0.00000,+0.0222,0.0000,0.0004,0.0010,0.0023,0.0018,0.0031,no,0.0027,1.2,,0.0000,,,,
059003.000252,odd,5.5,69408.510,69299.0,-56 f5d2 (3F) 2H,0.9370,0.0000,+0.49704,+0.01147,+0.05688,+0.35004,-0.05261,+0.04676,+0.00000,+0.03285,-0.00657,+0.01643,+0.00000,+0.00000,+0.00000,+0.00000,+0.00000,+0.00000,+0.00000,+0.00000,+0.00000,+0.00000,+0.00000,+0.00000,+0.00000,+0.00000,+0.00000,+0.00000,+0.00000,+0.00000,+0.00000,+0.00000,+0.0210,0.0000,0.0004,0.0008,0.0009,0.0004,0.0013,yes,0.0028,1.3,,0.0000,+0.0200,0.0021,-0.0010,-0.5
059003.000256,odd,5.5,69978.080,70170.0,-81 f5d2 (3F) 4G,0.9506,0.0000,+0.41839,-0.01154,+0.08903,+0.33167,+0.03033,+0.13314,+0.00000,+0.01851,-0.00370,+0.00926,+0.00000,+0.00000,+0.00000,+0.00000,+0.00000,+0.00000,+0.00000,+0.00000,+0.00000,+0.00000,+0.00000,+0.00000,+0.00000,+0.00000,+0.00000,+0.00000,+0.00000,+0.00000,+0.00000,+0.00000,+0.0166,0.0000,0.0003,0.0011,0.0011,0.0003,0.0016,yes,0.0023,1.5,,0.0000,+0.0157,0.0022,-0.0009,-0.4
059003.000263,odd,5.5,71736.450,71730.0,-79 f26p (1G) 2H,0.9597,0.0000,+0.65902,-0.06997,+0.05235,+0.03318,-0.00043,+0.00028,+0.00000,+0.16963,-0.03412,+0.08555,+0.00000,+0.00000,+0.00000,+0.00000,+0.00000,+0.00000,+0.00000,+0.00000,+0.00000,+0.00000,+0.00000,+0.00000,+0.00000,+0.00000,+0.00000,+0.00000,+0.00000,+0.00000,+0.00000,+0.00000,+0.0227,0.0000,0.0002,0.0006,0.0035,0.0021,0.0042,no,0.0018,1.3,,0.0000,,,,
059003.000269,odd,5.5,73609.100,73416.0,85 f5d2 (3P) 4G,0.9773,0.0000,+0.51962,-0.05188,+0.07467,+0.25141,+0.05611,+0.15423,-0.00005,+0.00000,+0.00000,+0.00000,+0.00000,+0.00000,+0.00000,+0.00000,+0.00000,+0.00000,+0.00000,+0.00000,+0.00003,+0.00003,+0.00008,+0.00000,+0.00000,+0.00000,+0.00000,+0.00000,+0.00000,+0.00000,+0.00000,+0.00000,+0.0159,0.0000,0.0004,0.0009,0.0011,0.0000,0.0014,yes,0.0028,1.8,,0.0000,,,,
059003.000276,odd,5.5,75640.000,75443.0,83 f5d2 (1G) 2H,0.9834,0.0000,+0.38447,+0.01541,+0.07058,+0.52240,-0.01847,+0.00813,+0.00000,+0.00986,-0.00207,+0.00456,+0.00000,+0.00000,+0.00000,+0.00000,+0.00000,+0.00000,+0.00000,+0.00000,+0.00000,+0.00000,+0.00000,+0.00000,+0.00000,+0.00000,+0.00000,+0.00000,+0.00000,+0.00000,+0.00000,+0.00000,+0.0230,0.0000,0.0001,0.0010,0.0008,0.0002,0.0013,yes,0.0009,1.1,,0.0000,+0.0204,0.0074,-0.0026,-0.3
059003.000439,odd,5.5,76130.520,75672.0,-60 f5d2 (1D) 2H,0.9405,0.0000,+0.51827,-0.03408,+0.03870,+0.38309,+0.02188,+0.06086,-0.00072,+0.00010,-0.00029,-0.00029,+0.00000,+0.00000,+0.00000,+0.00000,+0.00000,+0.00000,+0.00000,+0.00000,+0.00000,+0.00000,+0.00000,+0.00000,+0.00000,+0.00000,+0.00000,+0.00000,+0.00000,+0.00000,+0.00000,+0.00000,+0.0208,0.0000,0.0012,0.0013,0.0008,0.0000,0.0020,yes,0.0090,1.3,,0.0000,+0.0172,0.0120,-0.0036,-0.3
059003.000282,odd,5.5,78694.570,78670.0,56 f5d2 (1G) 2I,0.9530,0.0000,+0.60995,-0.02163,-0.01355,+0.42708,-0.05877,-0.00962,+0.00000,-0.00183,-0.02506,-0.01204,+0.00000,+0.00000,+0.00000,+0.00000,+0.00000,+0.00000,+0.00000,+0.00000,+0.00000,+0.00000,+0.00000,+0.00000,+0.00000,+0.00000,+0.00000,+0.00000,+0.00000,+0.00000,+0.00000,+0.00000,+0.0241,0.0000,0.0003,0.0009,0.0009,0.0006,0.0015,yes,0.0024,1.3,,0.0000,+0.0260,0.0022,+0.0019,+0.8
059003.000289,odd,5.5,80360.820,80260.0,71 f26p (1I) 2I,0.9799,0.0000,+0.94018,-0.00617,-0.00376,+0.12587,-0.01347,-0.00818,+0.00134,-0.03936,-0.08952,-0.01608,+0.00000,+0.00000,+0.00000,+0.00000,+0.00000,+0.00000,+0.00000,+0.00000,+0.00000,+0.00000,+0.00000,+0.00000,+0.00000,+0.00000,+0.00000,+0.00000,+0.00000,+0.00000,+0.00000,+0.00000,+0.0244,0.0000,0.0003,0.0016,0.0024,0.0019,0.0035,no,0.0023,1.5,,0.0000,,,,
059003.000296,odd,5.5,83607.320,83593.0,-78 f26p (1I) 2H,0.9578,0.0000,+1.00377,-0.00690,-0.00029,+0.02671,-0.00069,+0.00022,+0.00545,-0.07121,+0.01713,+0.03535,+0.00000,+0.00000,+0.00000,+0.00000,+0.00000,+0.00000,+0.00000,+0.00000,+0.00000,+0.00000,+0.00000,+0.00000,+0.00000,+0.00000,+0.00000,+0.00000,+0.00000,+0.00000,+0.00000,+0.00000,+0.0307,0.0001,0.0005,0.0028,0.0016,0.0031,0.0045,no,0.0040,1.2,,0.0000,,,,
059003.000454,odd,5.5,87726.900,87804.0,97 f5d6s (3H) 4H,0.9860,0.0000,+0.52388,+0.02329,+0.02505,+0.34493,+0.01229,+0.03641,+0.06941,-0.00003,-0.00004,+0.00024,+0.00002,+0.00000,+0.00004,-0.00000,+0.00002,+0.00000,+0.00000,+0.00000,+0.00000,+0.00000,+0.00000,+0.00000,+0.00000,+0.00000,+0.00000,+0.00000,+0.00000,+0.00001,-0.00000,+0.00002,+0.0675,0.0002,0.0002,0.0077,0.0007,0.0068,0.0103,no,0.0013,1.0,,0.0000,,,,
059003.000306,odd,5.5,90119.800,90208.0,-97 f5d6s (3G) 4G,0.9838,0.0000,+0.48352,-0.02451,+0.09036,+0.25062,+0.00163,+0.08811,+0.08816,-0.00255,-0.00044,+0.00196,+0.00001,+0.00000,+0.00000,+0.00000,+0.00000,+0.00000,+0.00000,+0.00000,+0.00000,+0.00000,+0.00000,+0.00000,+0.00000,+0.00000,+0.00000,+0.00000,+0.00000,-0.00053,-0.00007,+0.00033,+0.0731,0.0001,0.0003,0.0021,0.0008,0.0073,0.0076,no,0.0021,1.1,,0.0000,,,,
059003.000310,odd,5.5,93296.500,93528.0,-87 f5d6s (3H) 2H,0.9604,0.0000,+0.54992,-0.03754,+0.04343,+0.35673,-0.04939,+0.08731,-0.03757,-0.00085,-0.00033,+0.00103,+0.00000,+0.00000,+0.00000,+0.00000,+0.00000,+0.00000,+0.00000,+0.00000,+0.00000,+0.00000,+0.00000,+0.00000,+0.00000,+0.00000,+0.00000,+0.00000,+0.00000,+0.00001,-0.00001,-0.00001,-0.0051,0.0003,0.0005,0.0094,0.0008,0.0006,0.0095,no,0.0037,10.4,,0.0000,,,,
059003.000457,odd,5.5,99938.500,99857.0,-87 f5d6s (1H) 2H,0.9711,0.0000,+0.57404,-0.03324,+0.04392,+0.33944,+0.00592,-0.02451,+0.06779,-0.00568,-0.00118,+0.00502,+0.00000,+0.00000,+0.00000,+0.00000,+0.00000,+0.00000,+0.00000,+0.00000,+0.00017,-0.00001,-0.00003,+0.00000,+0.00000,+0.00000,+0.00000,+0.00000,+0.00000,-0.00039,-0.00005,+0.00023,+0.0675,0.0002,0.0012,0.0060,0.0007,0.0067,0.0091,no,0.0090,1.0,,0.0000,,,,
059003.000349,odd,5.5,110295.200,110450.0,86 f25f (3H) 4K,0.9918,0.0000,+0.79031,+0.10487,-0.13293,+0.00000,+0.00000,+0.00000,+0.00000,+0.00000,+0.00000,+0.00000,+0.00000,+0.00000,+0.00000,+0.00000,+0.00000,+0.00000,+0.00000,+0.00000,+0.39716,+0.07439,-0.05486,+0.00038,+0.00003,-0.00007,+0.00000,+0.00000,+0.00000,+0.00000,+0.00000,+0.00000,+0.0261,0.0000,0.0000,0.0004,0.0006,0.0026,0.0027,no,0.0003,1.0,,0.0000,,,,
059003.000352,odd,5.5,110880.920,111036.0,64 f25f (3H) 2I,0.9617,0.0000,+0.68192,+0.08094,-0.10555,+0.00000,+0.00000,+0.00000,+0.00000,+0.00000,+0.00000,+0.00000,+0.00000,+0.00000,+0.00000,+0.00000,+0.00000,+0.00000,+0.00000,+0.00000,+0.36185,-0.03248,+0.06178,+0.00000,+0.00000,+0.00000,+0.00000,+0.00000,+0.00000,+0.00000,+0.00000,+0.00000,+0.0222,0.0000,0.0002,0.0005,0.0005,0.0022,0.0023,no,0.0014,1.0,,0.0000,,,,
059003.000360,odd,5.5,112643.090,112749.0,78 f25f (3H) 4H,0.9887,0.0000,+0.67882,+0.01848,+0.02728,+0.00036,+0.00000,+0.00007,+0.00000,+0.00000,+0.00000,+0.00000,+0.00000,+0.00000,+0.00037,-0.00000,+0.00007,+0.00000,+0.00000,+0.00000,+0.25211,-0.02751,+0.04073,+0.00000,+0.00000,+0.00000,+0.00000,+0.00000,+0.00000,+0.00016,-0.00001,+0.00002,+0.0202,0.0000,0.0001,0.0005,0.0004,0.0020,0.0021,no,0.0007,1.0,,0.0000,,,,
059003.000465,odd,5.5,113211.640,113253.0,77 f27p (3H) 4I,0.9876,0.0000,+0.86069,+0.11000,-0.12188,+0.00000,+0.00000,+0.00000,+0.00000,+0.00000,+0.00000,+0.00000,+0.00000,+0.00000,+0.00000,+0.00000,+0.00000,+0.00000,+0.00000,+0.00000,+0.00631,-0.00009,-0.00064,+0.00000,+0.00000,+0.00000,+0.00000,+0.00000,+0.00000,+0.17679,-0.02718,+0.07874,+0.0301,0.0000,0.0001,0.0005,0.0017,0.0030,0.0035,no,0.0006,1.0,,0.0000,,,,
059003.000369,odd,5.5,113664.570,113664.0,52 f25f (3H) 4I,0.9591,0.0000,+0.82242,+0.03191,+0.01075,+0.00000,+0.00000,+0.00000,+0.00000,+0.00000,+0.00000,+0.00000,+0.00000,+0.00000,+0.00000,+0.00000,+0.00000,+0.00000,+0.00000,+0.00000,+0.10548,+0.01373,-0.00605,+0.00000,+0.00000,+0.00000,+0.00000,+0.00000,+0.00000,+0.05815,+0.06835,+0.00925,+0.0269,0.0000,0.0003,0.0008,0.0011,0.0027,0.0030,no,0.0020,1.0,,0.0000,,,,
059003.000467,odd,5.5,113854.850,113893.0,62 f25f (3H) 4I,0.9617,0.0000,+0.81169,+0.02538,+0.01022,+0.00000,+0.00000,+0.00000,+0.00000,+0.00000,+0.00000,+0.00000,+0.00000,+0.00000,+0.00000,+0.00000,+0.00000,+0.00000,+0.00000,+0.00000,+0.14138,+0.02550,-0.00163,+0.00000,+0.00000,+0.00000,+0.00000,+0.00000,+0.00000,+0.03863,+0.05409,-0.00030,+0.0259,0.0000,0.0002,0.0008,0.0008,0.0026,0.0029,no,0.0018,1.0,,0.0000,,,,
059003.000469,odd,5.5,115094.100,115067.0,-69 f27p (3H) 4H,0.9716,0.0000,+0.84602,+0.02303,+0.02175,+0.00000,+0.00000,+0.00000,+0.00000,+0.00000,+0.00000,+0.00000,+0.00000,+0.00000,+0.00000,+0.00000,+0.00000,+0.00000,+0.00000,+0.00000,+0.00298,-0.00029,-0.00009,+0.00000,+0.00000,+0.00000,+0.00000,+0.00000,+0.00000,+0.11196,-0.02765,+0.01738,+0.0262,0.0000,0.0002,0.0005,0.0012,0.0026,0.0029,no,0.0011,1.0,,0.0000,,,,
059003.000378,odd,5.5,115403.340,115435.0,53 f25f (3H) 2H,0.9345,0.0000,+0.75255,-0.03602,+0.15731,+0.00000,+0.00000,+0.00000,+0.00000,+0.00000,+0.00000,+0.00000,+0.00000,+0.00000,+0.00000,+0.00000,+0.00000,+0.00000,+0.00000,+0.00000,+0.10329,-0.00216,-0.01177,+0.00000,+0.00000,+0.00000,+0.00000,+0.00000,+0.00000,+0.00099,-0.00261,-0.00238,+0.0206,0.0000,0.0004,0.0006,0.0004,0.0021,0.0022,no,0.0030,1.1,,0.0000,,,,
059003.000385,odd,5.5,115933.140,115929.0,60 f25f (3H) 4G,0.9597,0.0000,+0.65701,-0.03831,+0.13281,+0.00000,+0.00000,+0.00000,+0.00000,+0.00000,+0.00000,+0.00000,+0.00000,+0.00000,+0.00000,+0.00000,+0.00000,+0.00000,+0.00000,+0.00000,+0.17511,-0.01270,+0.04504,+0.00000,+0.00000,+0.00000,+0.00000,+0.00000,+0.00000,-0.00627,-0.01626,-0.00370,+0.0175,0.0000,0.0003,0.0008,0.0004,0.0017,0.0020,no,0.0021,1.2,,0.0000,,,,
059003.000476,odd,5.5,116078.600,116034.0,-58 f27p (3H) 4G,0.9394,0.0000,+0.82145,-0.04798,+0.13857,+0.00000,+0.00000,+0.00000,+0.00000,+0.00000,+0.00000,+0.00000,+0.00000,+0.00000,+0.00000,+0.00000,+0.00000,+0.00000,+0.00000,+0.00000,+0.08905,-0.00617,+0.00697,+0.00000,+0.00000,+0.00000,+0.00000,+0.00000,+0.00000,-0.05623,-0.08621,+0.00019,+0.0197,0.0000,0.0004,0.0006,0.0012,0.0020,0.0024,no,0.0030,1.4,,0.0000,,,,
059003.000388,odd,5.5,116309.140,116277.0,47 f25f (3F) 4I,0.9413,0.0000,+0.56701,-0.01097,-0.00019,+0.00000,+0.00000,+0.00000,+0.00000,+0.00000,+0.00000,+0.00000,+0.00000,+0.00000,+0.00000,+0.00000,+0.00000,+0.00000,+0.00000,+0.00000,+0.38805,-0.03267,+0.04701,+0.00000,+0.00000,+0.00000,+0.00000,+0.00000,+0.00000,-0.00501,-0.00064,+0.00313,+0.0162,0.0000,0.0004,0.0008,0.0004,0.0016,0.0019,no,0.0028,1.1,,0.0000,,,,
059003.000394,odd,5.5,117323.100,117295.0,-61 f25f (3F) 4I,0.9474,0.0000,+0.57717,+0.00250,+0.04406,+0.00000,+0.00000,+0.00000,+0.00000,+0.00000,+0.00000,+0.00000,+0.00000,+0.00000,+0.00000,+0.00000,+0.00000,+0.00000,+0.00000,+0.00000,+0.36428,+0.04499,+0.01933,+0.00000,+0.00000,+0.00000,+0.00000,+0.00000,+0.00000,-0.01107,+0.00336,+0.00623,+0.0169,0.0000,0.0003,0.0009,0.0005,0.0017,0.0020,no,0.0022,1.0,,0.0000,,,,
059003.000480,odd,5.5,117385.100,117387.0,66 f27p (3H) 4G,0.9699,0.0000,+0.80725,-0.04452,+0.15281,+0.00000,+0.00000,+0.00000,+0.00000,+0.00000,+0.00000,+0.00000,+0.00000,+0.00000,+0.00000,+0.00000,+0.00000,+0.00000,+0.00000,+0.00000,+0.06403,+0.00866,+0.00227,+0.00000,+0.00000,+0.00000,+0.00000,+0.00000,+0.00000,-0.04119,+0.01210,+0.01483,+0.0215,0.0000,0.0002,0.0005,0.0006,0.0022,0.0023,no,0.0017,1.2,,0.0000,,,,
059003.000396,odd,5.5,117574.500,117502.0,75 f25f (3F) 2I,0.9974,0.0000,+0.50757,+0.01534,-0.00154,+0.00000,+0.00000,+0.00000,+0.00000,+0.00000,+0.00000,+0.00000,+0.00000,+0.00000,+0.00000,+0.00000,+0.00000,+0.00000,+0.00000,+0.00000,+0.51260,-0.00894,-0.01937,+0.00000,+0.00000,+0.00000,+0.00000,+0.00000,+0.00000,+0.00065,-0.00006,+0.00009,+0.0154,0.0000,0.0000,0.0008,0.0005,0.0015,0.0018,no,0.0002,1.0,,0.0000,,,,
059003.000403,odd,5.5,118271.600,118211.0,59 f25f (3F) 4G,0.9591,0.0000,+0.49819,-0.00732,+0.13157,+0.00000,+0.00000,+0.00000,+0.00000,+0.00000,+0.00000,+0.00000,+0.00000,+0.00000,+0.00000,+0.00000,+0.00000,+0.00000,+0.00000,+0.00000,+0.34305,+0.07057,+0.02719,+0.00000,+0.00000,+0.00000,+0.00000,+0.00000,+0.00000,+0.00000,+0.00000,+0.00000,+0.0144,0.0000,0.0003,0.0007,0.0004,0.0014,0.0017,no,0.0019,1.0,,0.0000,,,,
059003.000407,odd,5.5,118879.300,118838.0,64 f25f (3F) 2H,0.9738,0.0000,+0.48133,+0.02308,+0.09316,+0.00000,+0.00000,+0.00000,+0.00000,+0.00000,+0.00000,+0.00000,+0.00000,+0.00000,+0.00000,+0.00000,+0.00000,+0.00000,+0.00000,+0.00000,+0.41331,-0.03165,+0.01220,+0.00000,+0.00000,+0.00000,+0.00000,+0.00000,+0.00000,+0.00000,+0.00000,+0.00000,+0.0148,0.0000,0.0002,0.0007,0.0004,0.0015,0.0017,no,0.0013,1.0,,0.0000,,,,
059003.000634,odd,5.5,,119779.0,-83 f27p (3F) 4G,0.9742,0.0000,+0.60260,+0.06034,+0.12898,+0.00003,-0.00000,+0.00001,+0.00001,+0.00000,+0.00000,+0.00000,+0.00000,+0.00000,+0.00000,+0.00000,+0.00000,+0.00000,+0.00000,+0.00000,+0.00000,+0.00000,+0.00000,+0.00000,+0.00000,+0.00000,+0.00000,+0.00000,+0.00000,+0.17766,-0.03581,+0.09072,+0.0212,0.0000,0.0003,0.0006,0.0017,0.0021,0.0028,no,0.0023,1.1,,0.0000,,,,
059003.000409,odd,5.5,121095.200,121160.0,60 f25f (1G) 2H,0.9902,0.0000,+0.53012,-0.05716,+0.04416,+0.00000,+0.00000,+0.00000,+0.00000,+0.00000,+0.00000,+0.00000,+0.00000,+0.00000,+0.00000,+0.00000,+0.00000,+0.00000,+0.00000,+0.00000,+0.40782,-0.04849,+0.01790,+0.00000,+0.00000,+0.00000,+0.00000,+0.00000,+0.00000,+0.00000,+0.00000,+0.00000,+0.0139,0.0000,0.0001,0.0005,0.0004,0.0014,0.0015,no,0.0004,1.2,,0.0000,,,,
059003.000413,odd,5.5,121532.500,121590.0,59 f25f (1G) 2H,0.9549,0.0000,+0.59024,-0.05563,+0.05214,+0.00000,+0.00000,+0.00000,+0.00000,+0.00000,+0.00000,+0.00000,+0.00000,+0.00000,+0.00000,+0.00000,+0.00000,+0.00000,+0.00000,+0.00000,+0.35944,+0.07603,-0.00183,+0.00000,+0.00000,+0.00000,+0.00000,+0.00000,+0.00000,+0.00000,+0.00000,+0.00000,+0.0157,0.0000,0.0002,0.0005,0.0004,0.0016,0.0017,no,0.0016,1.2,,0.0000,,,,
059003.000416,odd,5.5,128381.600,128506.0,94 f25f (1D) 2H,0.9920,0.0000,+0.35980,-0.00568,+0.01185,+0.00022,+0.00000,+0.00000,+0.00000,+0.00000,+0.00000,+0.00000,+0.00000,+0.00000,+0.00059,-0.00008,+0.00015,+0.00000,+0.00000,+0.00000,+0.53671,-0.05938,+0.08972,+0.00117,-0.00006,-0.00020,+0.00000,+0.00000,+0.00000,+0.00000,+0.00000,+0.00000,+0.0106,0.0000,0.0001,0.0005,0.0004,0.0011,0.0013,no,0.0005,1.0,,0.0000,,,,
059003.000504,odd,5.5,133037.300,132913.0,-77 f25f (1I) 2I,0.9537,0.0000,+0.94623,+0.00820,-0.01209,+0.00000,+0.00000,+0.00000,+0.00000,+0.00000,+0.00000,+0.00000,+0.00000,+0.00000,+0.00000,+0.00000,+0.00000,+0.00000,+0.00000,+0.00000,+0.06513,-0.00997,-0.03332,+0.03498,+0.00110,+0.00695,+0.00000,+0.00000,+0.00000,-0.00250,-0.01310,-0.00539,+0.0272,0.0000,0.0003,0.0004,0.0005,0.0027,0.0028,no,0.0023,1.0,,0.0000,,,,
059003.000507,odd,5.5,133370.490,133244.0,-85 f25f (1I) 2H,0.9517,0.0000,+0.85339,-0.00181,+0.00513,+0.00124,+0.00000,+0.00000,+0.00000,+0.00000,+0.00000,+0.00000,+0.00000,+0.00000,+0.00034,+0.00013,+0.00034,+0.00000,+0.00000,+0.00000,+0.07592,+0.00785,+0.05713,+0.00745,-0.00005,-0.00018,+0.00000,+0.00000,+0.00000,-0.00193,-0.00027,+0.00116,+0.0245,0.0000,0.0003,0.0007,0.0004,0.0025,0.0026,no,0.0023,1.0,,0.0000,,,,
059003.000509,odd,5.5,133566.520,133637.0,87 f26f (3H) 4K,0.9830,0.0000,+0.81352,+0.08947,-0.11899,+0.00000,+0.00000,+0.00000,+0.00000,+0.00000,+0.00000,+0.00000,+0.00000,+0.00000,+0.00000,+0.00000,+0.00000,+0.00000,+0.00000,+0.00000,+0.00547,-0.00138,-0.00298,+0.37423,+0.04272,-0.06564,+0.00000,+0.00000,+0.00000,-0.00292,-0.00912,-0.00269,+0.0259,0.0000,0.0001,0.0004,0.0005,0.0026,0.0027,no,0.0009,1.0,,0.0000,,,,
059003.000514,odd,5.5,134069.500,134091.0,58 f26f (3H) 2I,0.9285,0.0000,+0.70423,+0.07766,-0.08864,+0.00000,+0.00000,+0.00000,+0.00000,+0.00000,+0.00000,+0.00000,+0.00000,+0.00000,+0.00000,+0.00000,+0.00000,+0.00000,+0.00000,+0.00000,+0.01000,-0.00181,-0.00531,+0.31039,-0.02279,+0.07000,+0.00000,+0.00000,+0.00000,+0.00033,-0.00100,-0.00100,+0.0226,0.0000,0.0004,0.0006,0.0004,0.0023,0.0024,no,0.0029,1.0,,0.0000,,,,
059003.000513,odd,5.5,134007.650,134293.0,92 f25f (3P) 4G,0.9935,0.0000,+0.23260,+0.01773,+0.15873,+0.00000,+0.00011,+0.00033,+0.00000,+0.00000,+0.00000,+0.00000,+0.00000,+0.00000,+0.00132,-0.00019,+0.00033,+0.00000,+0.00000,+0.00000,+0.50918,-0.05647,+0.08516,+0.00863,+0.00047,+0.00373,+0.00000,+0.00000,+0.00000,+0.00000,+0.00000,+0.00000,+0.0076,0.0000,0.0001,0.0007,0.0004,0.0008,0.0011,no,0.0004,1.0,,0.0000,,,,
059003.000521,odd,5.5,135896.600,135899.0,-72 f26f (3H) 4H,0.9520,0.0000,+0.68002,+0.01859,+0.02123,+0.00000,+0.00000,+0.00000,+0.00000,+0.00000,+0.00000,+0.00000,+0.00000,+0.00000,+0.00000,+0.00000,+0.00000,+0.00000,+0.00000,+0.00000,+0.00595,-0.00087,+0.00012,+0.25638,-0.02983,+0.03630,+0.00000,+0.00000,+0.00000,+0.00000,+0.00000,+0.00000,+0.0202,0.0000,0.0003,0.0006,0.0004,0.0020,0.0021,no,0.0021,1.0,,0.0000,,,,
059003.000534,odd,5.5,138410.500,138389.0,60 f26f (3H) 2H,0.9673,0.0000,+0.77492,-0.04534,+0.16134,+0.00000,+0.00000,+0.00000,+0.00000,+0.00000,+0.00000,+0.00000,+0.00000,+0.00000,+0.00000,+0.00000,+0.00000,+0.00000,+0.00000,+0.00000,+0.00203,-0.00023,+0.00034,+0.09285,-0.00755,-0.03148,+0.00000,+0.00000,+0.00000,+0.00000,+0.00000,+0.00000,+0.0210,0.0000,0.0002,0.0004,0.0004,0.0021,0.0022,no,0.0016,1.1,,0.0000,,,,
059003.000536,odd,5.5,138839.850,138747.0,-68 f26f (3H) 4G,0.9491,0.0000,+0.64392,-0.03893,+0.12507,+0.00000,+0.00000,+0.00000,+0.00000,+0.00000,+0.00000,+0.00000,+0.00000,+0.00000,+0.00000,+0.00000,+0.00000,+0.00000,+0.00000,+0.00000,+0.01109,-0.00123,+0.00185,+0.16840,-0.01036,+0.04967,+0.00000,+0.00000,+0.00000,+0.00000,+0.00000,+0.00000,+0.0174,0.0000,0.0003,0.0008,0.0003,0.0017,0.0020,no,0.0024,1.1,,0.0000,,,,
059003.000032,odd,6.5,2893.140,2968.0,-99 4f3 (4I) 4I,0.9848,0.0005,+0.89101,+0.00457,+0.10717,+0.00113,+0.00000,+0.00018,+0.00000,+0.00000,+0.00000,+0.00000,+0.00000,+0.00000,+0.00000,+0.00000,+0.00000,+0.00000,+0.00000,+0.00000,+0.00000,+0.00000,+0.00000,+0.00000,+0.00000,+0.00000,+0.00000,+0.00000,+0.00000,+0.00000,+0.00000,+0.00000,+0.0203,0.0000,0.0001,0.0003,0.0012,0.0000,0.0013,yes,0.0005,1.0,,0.0000,,,,
059003.000052,odd,6.5,16089.140,16129.0,99 4f3 (2K) 2K,0.9976,0.0009,+1.06073,+0.02674,-0.06502,+0.00299,+0.00000,+0.00000,+0.00000,+0.00002,+0.00000,-0.00001,+0.00000,+0.00000,+0.00000,+0.00000,+0.00000,+0.00000,+0.00000,+0.00000,+0.00033,-0.00001,+0.00002,+0.00004,-0.00000,+0.00000,+0.00000,+0.00000,+0.00000,+0.00000,+0.00000,+0.00000,+0.0247,0.0000,0.0000,0.0002,0.0015,0.0000,0.0015,yes,0.0001,1.0,,0.0000,,,,
059003.000110,odd,6.5,25391.750,25356.0,-98 4f3 (2I) 2I,0.9780,0.0004,+0.91973,+0.03486,+0.07515,+0.00372,+0.00010,+0.00051,+0.00000,+0.00007,+0.00002,+0.00002,+0.00000,+0.00000,+0.00000,+0.00000,+0.00000,+0.00000,+0.00000,+0.00000,+0.00037,-0.00000,+0.00002,+0.00000,+0.00000,+0.00000,+0.00000,+0.00000,+0.00000,+0.00000,+0.00000,+0.00000,+0.0217,0.0000,0.0002,0.0001,0.0013,0.0000,0.0013,yes,0.0012,1.0,,0.0000,,,,
059003.000206,odd,6.5,62678.700,62723.0,71 f26p (3H) 4H,0.9879,0.0000,+0.74148,-0.04050,+0.14640,+0.02947,+0.00133,+0.00838,+0.00019,+0.06008,+0.10321,+0.01400,+0.00000,+0.00000,+0.00000,+0.00000,+0.00000,+0.00000,+0.00000,+0.00000,+0.00000,+0.00000,+0.00000,+0.00000,+0.00000,+0.00000,+0.00000,+0.00000,+0.00000,+0.00000,+0.00000,+0.00000,+0.0283,0.0000,0.0001,0.0010,0.0029,0.0027,0.0041,no,0.0009,1.1,,0.0000,,,,
059003.000214,odd,6.5,64215.450,64335.0,-85 f26p (3H) 4I,0.9644,0.0000,+0.71091,+0.01539,+0.04878,+0.02735,+0.00084,+0.00713,+0.00001,+0.14079,-0.02789,+0.06500,+0.00000,+0.00000,+0.00003,+0.00000,+0.00000,+0.00000,+0.00000,+0.00000,+0.00000,+0.00000,+0.00000,+0.00000,+0.00000,+0.00000,+0.00000,+0.00000,+0.00000,+0.00000,+0.00000,+0.00000,+0.0255,0.0000,0.0003,0.0006,0.0029,0.0024,0.0039,no,0.0024,1.1,,0.0000,,,,
059003.000225,odd,6.5,65967.150,65964.0,73 f5d2 (3F) 4I,0.9904,0.0000,+0.57635,-0.01339,+0.05086,+0.26478,+0.01049,+0.05560,+0.00003,+0.04450,-0.00958,+0.00788,+0.00000,+0.00000,+0.00000,+0.00000,+0.00000,+0.00000,+0.00000,+0.00000,+0.00000,+0.00000,+0.00000,+0.00000,+0.00000,+0.00000,+0.00000,+0.00000,+0.00000,+0.00000,+0.00000,+0.00000,+0.0221,0.0000,0.0001,0.0007,0.0011,0.0009,0.0016,yes,0.0008,1.2,,0.0000,+0.0210,0.0015,-0.0011,-0.7
059003.000226,odd,6.5,66148.400,66035.0,63 f5d2 (3F) 4H,0.9865,0.0000,+0.49316,+0.01847,+0.06421,+0.31387,-0.00859,+0.09518,+0.00000,+0.04346,-0.00108,-0.00988,+0.00000,+0.00000,+0.00000,+0.00000,+0.00000,+0.00000,+0.00000,+0.00000,+0.00000,+0.00000,+0.00000,+0.00000,+0.00000,+0.00000,+0.00000,+0.00000,+0.00000,+0.00000,+0.00000,+0.00000,+0.0206,0.0000,0.0001,0.0011,0.0012,0.0008,0.0018,yes,0.0007,1.3,,0.0000,+0.0221,0.0016,+0.0015,+1.0
059003.000230,odd,6.5,66735.880,66636.0,-61 f5d2 (3F) 4H,0.9604,0.0000,+0.54722,-0.04412,+0.10502,+0.24220,+0.00867,+0.06454,+0.00003,+0.02864,-0.00605,+0.01236,+0.00000,+0.00000,+0.00000,+0.00000,+0.00000,+0.00000,+0.00000,+0.00000,+0.00000,+0.00000,+0.00000,+0.00000,+0.00000,+0.00000,+0.00000,+0.00000,+0.00000,+0.00000,+0.00000,+0.00000,+0.0191,0.0000,0.0004,0.0008,0.0008,0.0008,0.0015,yes,0.0029,1.4,,0.0000,,,,
059003.000257,odd,6.5,70381.480,70401.0,72 f5d2 (3F) 2I,1.0011,0.0000,+0.43876,-0.01801,+0.03533,+0.46274,-0.04069,+0.05649,+0.00000,+0.00700,-0.00097,-0.00044,+0.00000,+0.00000,+0.00012,+0.00001,-0.00001,+0.00000,+0.00000,+0.00000,+0.00000,+0.00000,+0.00000,+0.00000,+0.00000,+0.00000,+0.00000,+0.00000,+0.00000,+0.00000,+0.00000,+0.00000,+0.0203,0.0000,0.0000,0.0009,0.0008,0.0001,0.0012,yes,0.0000,1.3,,0.0000,,,,
059003.000441,odd,6.5,76534.720,76635.0,-95 f5d2 (1G) 2K,0.9704,0.0000,+0.47907,+0.05423,-0.06293,+0.57777,-0.01862,+0.00269,+0.00000,+0.00492,+0.00240,-0.00210,+0.00000,+0.00000,+0.00050,-0.00003,+0.00004,+0.00000,+0.00000,+0.00000,+0.00004,-0.00000,+0.00000,+0.00000,+0.00000,+0.00000,+0.00000,+0.00000,+0.00000,+0.00000,+0.00000,+0.00000,+0.0282,0.0000,0.0002,0.0007,0.0009,0.0001,0.0012,yes,0.0012,1.0,,0.0000,+0.0310,0.0022,+0.0028,+1.3
059003.000284,odd,6.5,79136.230,79090.0,-66 f5d2 (1G) 2I,0.9727,0.0000,+0.55276,-0.00317,+0.02884,+0.36695,+0.01070,+0.02641,+0.00000,+0.01099,+0.02786,+0.01379,+0.00000,+0.00000,+0.00028,+0.00001,-0.00002,+0.00000,+0.00000,+0.00000,+0.00000,+0.00000,+0.00000,+0.00000,+0.00000,+0.00000,+0.00000,+0.00000,+0.00000,+0.00000,+0.00000,+0.00001,+0.0254,0.0000,0.0002,0.0011,0.0010,0.0009,0.0017,yes,0.0013,1.1,,0.0000,+0.0251,0.0043,-0.0003,-0.1
059003.000291,odd,6.5,80988.760,80759.0,-66 f26p (1I) 2I,0.9836,0.0000,+0.77116,-0.01217,+0.01037,+0.15032,+0.01015,+0.01068,+0.00000,+0.04041,+0.07659,+0.01694,+0.00000,+0.00000,+0.00003,+0.00000,-0.00000,+0.00000,+0.00000,+0.00000,+0.00005,+0.00001,+0.00003,+0.00000,+0.00000,+0.00000,+0.00000,+0.00000,+0.00000,+0.00000,+0.00000,+0.00000,+0.0306,0.0000,0.0001,0.0012,0.0021,0.0024,0.0034,no,0.0008,1.0,,0.0000,,,,
059003.000297,odd,6.5,83703.430,83702.0,81 f26p (1I) 2K,0.9933,0.0000,+0.88664,-0.00303,-0.00052,+0.01228,-0.00095,+0.00066,+0.00000,+0.12046,-0.01939,-0.01973,+0.00000,+0.00000,+0.00028,+0.00005,-0.00006,+0.00000,+0.00000,+0.00000,+0.00000,+0.00000,+0.00000,+0.00000,+0.00000,+0.00000,+0.00000,+0.00000,+0.00000,+0.00000,+0.00000,+0.00000,+0.0294,0.0000,0.0000,0.0008,0.0025,0.0029,0.0039,no,0.0003,1.1,,0.0000,,,,
059003.000455,odd,6.5,89969.420,90048.0,-99 f5d6s (3H) 4H,0.9854,0.0000,+0.46297,-0.05125,+0.07731,+0.30611,-0.04372,+0.07653,+0.07651,+0.00013,+0.00023,+0.00038,+0.00001,+0.00000,+0.00003,+0.00000,+0.00002,+0.00000,+0.00000,+0.00000,+0.00000,+0.00000,+0.00000,+0.00000,+0.00000,+0.00000,+0.00000,+0.00000,+0.00000,+0.00000,+0.00000,+0.00001,+0.0649,0.0000,0.0001,0.0006,0.0007,0.0065,0.0066,no,0.0010,1.1,,0.0000,,,,
059003.000351,odd,6.5,110530.960,110663.0,-93 f25f (3H) 4L,0.9625,0.0000,+0.72579,+0.09662,-0.11808,+0.00000,+0.00000,+0.00000,+0.00000,+0.00000,+0.00000,+0.00000,+0.00000,+0.00000,+0.00000,+0.00000,+0.00000,+0.00000,+0.00000,+0.00000,+0.45831,+0.06137,-0.06617,+0.00019,+0.00003,-0.00003,+0.00000,+0.00000,+0.00000,+0.00000,+0.00000,+0.00000,+0.0240,0.0000,0.0001,0.0004,0.0006,0.0024,0.0025,no,0.0010,1.0,,0.0000,,,,
059003.000354,odd,6.5,111109.950,111233.0,-75 f25f (3H) 4K,0.9645,0.0000,+0.66668,+0.07825,-0.09886,+0.00000,+0.00000,+0.00000,+0.00000,+0.00000,+0.00000,+0.00000,+0.00000,+0.00000,+0.00000,+0.00000,+0.00000,+0.00000,+0.00000,+0.00000,+0.36812,-0.00907,+0.06406,+0.00000,+0.00000,+0.00000,+0.00000,+0.00000,+0.00000,+0.00000,+0.00000,+0.00000,+0.0217,0.0000,0.0002,0.0005,0.0005,0.0022,0.0023,no,0.0012,1.0,,0.0000,,,,
059003.000361,odd,6.5,112769.670,112884.0,-60 f25f (3H) 2I,0.9742,0.0000,+0.66367,+0.03028,+0.04289,+0.00000,+0.00000,+0.00000,+0.00000,+0.00000,+0.00000,+0.00000,+0.00000,+0.00000,+0.00000,+0.00000,+0.00000,+0.00000,+0.00000,+0.00000,+0.29753,+0.06491,-0.00414,+0.00000,+0.00000,+0.00000,+0.00000,+0.00000,+0.00000,+0.00006,+0.00000,-0.00001,+0.0202,0.0000,0.0002,0.0003,0.0005,0.0020,0.0021,no,0.0011,1.0,,0.0000,,,,
059003.000367,odd,6.5,113600.130,113658.0,64 f25f (3H) 2K,0.9920,0.0000,+0.63176,+0.01636,+0.03321,+0.00000,+0.00000,+0.00000,+0.00000,+0.00000,+0.00000,+0.00000,+0.00000,+0.00000,+0.00000,+0.00000,+0.00000,+0.00000,+0.00000,+0.00000,+0.31099,-0.02991,+0.02396,+0.00000,+0.00000,+0.00000,+0.00000,+0.00000,+0.00000,+0.00006,+0.00000,+0.00001,+0.0188,0.0000,0.0001,0.0005,0.0004,0.0019,0.0020,no,0.0004,1.0,,0.0000,,,,
059003.000375,odd,6.5,114797.120,114900.0,-68 f25f (3H) 4H,0.9608,0.0000,+0.66204,-0.04517,+0.09840,+0.00000,+0.00000,+0.00000,+0.00000,+0.00000,+0.00000,+0.00000,+0.00000,+0.00000,+0.00000,+0.00000,+0.00000,+0.00000,+0.00000,+0.00000,+0.19795,-0.01825,+0.03896,+0.00000,+0.00000,+0.00000,+0.00000,+0.00000,+0.00000,+0.00178,-0.00036,+0.00086,+0.0179,0.0000,0.0003,0.0003,0.0003,0.0018,0.0019,no,0.0019,1.1,,0.0000,,,,
059003.000471,odd,6.5,115218.750,115237.0,85 f27p (3H) 4I,0.9690,0.0000,+0.73033,+0.01375,+0.04341,+0.00000,+0.00000,+0.00000,+0.00000,+0.00000,+0.00000,+0.00000,+0.00000,+0.00000,+0.00000,+0.00000,+0.00000,+0.00000,+0.00000,+0.00000,+0.03135,-0.00032,-0.00437,+0.00000,+0.00000,+0.00000,+0.00000,+0.00000,+0.00000,+0.13553,-0.02458,+0.06374,+0.0231,0.0000,0.0002,0.0004,0.0013,0.0023,0.0027,no,0.0012,1.1,,0.0000,,,,
059003.000379,odd,6.5,115408.390,115494.0,72 f25f (3H) 4I,0.9660,0.0000,+0.67935,-0.02844,+0.10800,+0.00000,+0.00000,+0.00000,+0.00000,+0.00000,+0.00000,+0.00000,+0.00000,+0.00000,+0.00000,+0.00000,+0.00000,+0.00000,+0.00000,+0.00000,+0.19392,+0.01818,-0.01017,+0.00000,+0.00000,+0.00000,+0.00000,+0.00000,+0.00000,+0.01920,-0.00188,+0.00970,+0.0191,0.0000,0.0002,0.0005,0.0004,0.0019,0.0020,no,0.0017,1.1,,0.0000,,,,
059003.000630,odd,6.5,,116010.0,72 f27p (3H) 4H,0.9680,0.0000,+0.76131,-0.04714,+0.15258,+0.00000,+0.00000,+0.00000,+0.00000,+0.00000,+0.00000,+0.00000,+0.00000,+0.00000,+0.00000,+0.00000,+0.00000,+0.00000,+0.00000,+0.00000,+0.00781,+0.00036,+0.00051,+0.00000,+0.00000,+0.00000,+0.00000,+0.00000,+0.00000,+0.06522,+0.10715,+0.01256,+0.0237,0.0000,0.0002,0.0005,0.0014,0.0024,0.0028,no,0.0014,1.1,,0.0000,,,,
059003.000393,odd,6.5,117248.200,117241.0,75 f25f (3F) 4H,0.9736,0.0000,+0.41452,-0.00554,+0.09927,+0.00000,+0.00000,+0.00000,+0.00000,+0.00000,+0.00000,+0.00000,+0.00000,+0.00000,+0.00000,+0.00000,+0.00000,+0.00000,+0.00000,+0.00000,+0.41150,-0.03596,+0.07344,+0.00000,+0.00000,+0.00000,+0.00000,+0.00000,+0.00000,+0.00032,+0.00057,+0.00096,+0.0121,0.0000,0.0001,0.0006,0.0004,0.0012,0.0014,no,0.0010,1.0,,0.0000,,,,
059003.000481,odd,6.5,117397.800,117347.0,72 f27p (3H) 2I,1.0046,0.0000,+0.74468,-0.04410,+0.14255,+0.00000,+0.00000,+0.00000,+0.00000,+0.00000,+0.00000,+0.00000,+0.00000,+0.00000,+0.00000,+0.00000,+0.00000,+0.00000,+0.00000,+0.00000,+0.00797,-0.00022,-0.00018,+0.00000,+0.00000,+0.00000,+0.00000,+0.00000,+0.00000,+0.10383,-0.02241,+0.00114,+0.0213,0.0000,0.0000,0.0005,0.0011,0.0021,0.0024,no,0.0000,1.2,,0.0000,,,,
059003.000399,odd,6.5,117775.300,117829.0,-79 f25f (3F) 4I,0.9689,0.0000,+0.49949,+0.03092,+0.07828,+0.00000,+0.00000,+0.00000,+0.00000,+0.00000,+0.00000,+0.00000,+0.00000,+0.00000,+0.00000,+0.00000,+0.00000,+0.00000,+0.00000,+0.00000,+0.39654,+0.03723,+0.02520,+0.00042,-0.00000,+0.00006,+0.00000,+0.00000,+0.00000,+0.00000,+0.00000,+0.00000,+0.0156,0.0000,0.0001,0.0004,0.0004,0.0016,0.0017,no,0.0010,1.0,,0.0000,,,,
059003.000406,odd,6.5,118610.900,118604.0,-76 f25f (3F) 2I,0.9560,0.0000,+0.50342,+0.04445,+0.06928,+0.00000,+0.00000,+0.00000,+0.00000,+0.00000,+0.00000,+0.00000,+0.00000,+0.00000,+0.00000,+0.00000,+0.00000,+0.00000,+0.00000,+0.00000,+0.44325,-0.00162,-0.01729,+0.00000,+0.00000,+0.00000,+0.00000,+0.00000,+0.00000,+0.00161,+0.00011,-0.00027,+0.0161,0.0000,0.0002,0.0005,0.0005,0.0016,0.0018,no,0.0018,1.0,,0.0000,,,,
059003.000408,odd,6.5,120498.700,120645.0,77 f25f (1G) 2I,0.9884,0.0000,+0.51141,-0.04766,+0.03372,+0.00009,+0.00000,+0.00000,+0.00000,+0.00000,+0.00000,+0.00000,+0.00000,+0.00000,+0.00012,-0.00002,+0.00003,+0.00000,+0.00000,+0.00000,+0.40309,-0.04557,+0.05155,+0.00000,+0.00000,+0.00000,+0.00000,+0.00000,+0.00000,+0.00000,+0.00000,+0.00000,+0.0136,0.0000,0.0001,0.0005,0.0004,0.0014,0.0015,no,0.0004,1.2,,0.0000,,,,
059003.000412,odd,6.5,121431.200,121502.0,70 f25f (1G) 2K,0.9808,0.0000,+0.56686,-0.05937,+0.04810,+0.00000,+0.00000,+0.00000,+0.00000,+0.00000,+0.00000,+0.00000,+0.00000,+0.00000,+0.00000,+0.00000,+0.00000,+0.00000,+0.00000,+0.00000,+0.42654,+0.08519,-0.04248,+0.00092,-0.00002,+0.00006,+0.00000,+0.00000,+0.00000,+0.00000,+0.00000,+0.00000,+0.0150,0.0000,0.0001,0.0005,0.0005,0.0015,0.0017,no,0.0006,1.2,,0.0000,,,,
059003.000501,odd,6.5,132651.700,132604.0,91 f25f (1I) 2K,0.9853,0.0000,+0.81393,+0.00836,-0.01345,+0.00049,+0.00000,+0.00000,+0.00000,+0.00000,+0.00000,+0.00000,+0.00000,+0.00000,+0.00049,+0.00009,-0.00011,+0.00000,+0.00000,+0.00000,+0.20218,+0.00070,-0.05450,+0.04161,-0.00172,+0.00740,+0.00000,+0.00000,+0.00000,+0.00246,+0.00267,-0.00051,+0.0239,0.0000,0.0001,0.0003,0.0004,0.0024,0.0025,no,0.0009,1.0,,0.0000,,,,
059003.000505,odd,6.5,133150.950,133073.0,-89 f25f (1I) 2I,0.9651,0.0000,+0.78751,-0.00178,+0.00215,+0.00075,+0.00000,+0.00000,+0.00000,+0.00000,+0.00000,+0.00000,+0.00000,+0.00000,+0.00051,+0.00001,+0.00020,+0.00000,+0.00000,+0.00000,+0.13204,+0.00657,+0.06038,+0.00676,+0.00004,-0.00024,+0.00000,+0.00000,+0.00000,+0.00312,+0.01003,+0.00682,+0.0229,0.0000,0.0002,0.0005,0.0004,0.0023,0.0024,no,0.0016,1.0,,0.0000,,,,
059003.000511,odd,6.5,133650.500,133692.0,-93 f26f (3H) 4L,0.9630,0.0000,+0.72733,+0.09497,-0.11870,+0.00000,+0.00000,+0.00000,+0.00000,+0.00000,+0.00000,+0.00000,+0.00000,+0.00000,+0.00000,+0.00000,+0.00000,+0.00000,+0.00000,+0.00000,+0.00042,+0.00006,-0.00006,+0.45551,+0.05744,-0.06516,+0.00000,+0.00000,+0.00000,+0.00022,+0.00069,+0.00045,+0.0238,0.0000,0.0002,0.0004,0.0005,0.0024,0.0025,no,0.0013,1.0,,0.0000,,,,
059003.000517,odd,6.5,134220.300,134251.0,-67 f26f (3H) 4K,0.9593,0.0000,+0.68496,+0.07094,-0.08513,+0.00000,+0.00000,+0.00000,+0.00000,+0.00000,+0.00000,+0.00000,+0.00000,+0.00000,+0.00000,+0.00000,+0.00000,+0.00000,+0.00000,+0.00000,+0.02160,+0.00285,-0.00427,+0.32179,-0.01176,+0.05873,+0.00000,+0.00000,+0.00000,+0.00052,+0.00113,+0.00180,+0.0219,0.0000,0.0002,0.0005,0.0004,0.0022,0.0023,no,0.0017,1.0,,0.0000,,,,
059003.000522,odd,6.5,135927.000,135930.0,57 f26f (3H) 4K,0.9781,0.0000,+0.67837,+0.02635,+0.03462,+0.00000,+0.00000,+0.00000,+0.00000,+0.00000,+0.00000,+0.00000,+0.00000,+0.00000,+0.00000,+0.00000,+0.00000,+0.00000,+0.00000,+0.00000,+0.00243,+0.00066,-0.00005,+0.29584,+0.06798,-0.01120,+0.00000,+0.00000,+0.00000,+0.00000,+0.00000,+0.00000,+0.0204,0.0000,0.0001,0.0003,0.0004,0.0020,0.0021,no,0.0008,1.0,,0.0000,,,,
059003.000527,odd,6.5,136485.600,136431.0,-61 f26f (3H) 2K,0.9525,0.0000,+0.63520,+0.01882,+0.02006,+0.00000,+0.00000,+0.00000,+0.00000,+0.00000,+0.00000,+0.00000,+0.00000,+0.00000,+0.00000,+0.00000,+0.00000,+0.00000,+0.00000,+0.00000,+0.00516,-0.00010,-0.00129,+0.31520,-0.03730,+0.02559,+0.00000,+0.00000,+0.00000,+0.00014,+0.00004,-0.00006,+0.0189,0.0000,0.0003,0.0005,0.0003,0.0019,0.0020,no,0.0020,1.0,,0.0000,,,,
059003.000531,odd,6.5,138034.950,138017.0,-79 f26f (3H) 4H,0.9693,0.0000,+0.65604,-0.04095,+0.11346,+0.00018,-0.00000,+0.00007,+0.00000,+0.00000,+0.00000,+0.00000,+0.00000,+0.00000,+0.00019,-0.00000,+0.00007,+0.00000,+0.00000,+0.00000,+0.00034,+0.00007,+0.00020,+0.17081,-0.00451,+0.05864,+0.00000,+0.00000,+0.00000,+0.00000,+0.00000,+0.00000,+0.0177,0.0000,0.0001,0.0004,0.0003,0.0018,0.0019,no,0.0010,1.1,,0.0000,,,,
059003.000533,odd,6.5,138342.750,138313.0,67 f26f (3H) 4I,0.9794,0.0000,+0.68609,-0.03826,+0.13382,+0.00000,+0.00000,+0.00000,+0.00000,+0.00000,+0.00000,+0.00000,+0.00000,+0.00000,+0.00000,+0.00000,+0.00000,+0.00000,+0.00000,+0.00000,+0.00000,+0.00000,+0.00000,+0.22278,+0.01514,-0.04269,+0.00000,+0.00000,+0.00000,+0.00000,+0.00000,+0.00000,+0.0187,0.0000,0.0001,0.0004,0.0003,0.0019,0.0020,no,0.0007,1.1,,0.0000,,,,
059003.000033,odd,7.5,4453.760,4534.0,99 4f3 (4I) 4I,0.9923,0.0006,+0.80021,-0.00451,+0.19832,+0.00064,-0.00003,+0.00021,+0.00000,+0.00000,+0.00000,+0.00000,+0.00000,+0.00000,+0.00000,+0.00000,+0.00000,+0.00000,+0.00000,+0.00000,+0.00000,+0.00000,+0.00000,+0.00000,+0.00000,+0.00000,+0.00000,+0.00000,+0.00000,+0.00000,+0.00000,+0.00000,+0.0180,0.0000,0.0000,0.0004,0.0011,0.0000,0.0011,yes,0.0002,1.0,,0.0000,,,,
059003.000061,odd,7.5,17642.060,17666.0,98 4f3 (2K) 2K,1.0029,0.0009,+0.93280,-0.00424,+0.06409,+0.00191,+0.00000,+0.00000,+0.00000,+0.00000,+0.00000,+0.00000,+0.00000,+0.00000,+0.00000,+0.00000,+0.00000,+0.00000,+0.00000,+0.00000,+0.00028,+0.00000,-0.00002,+0.00003,+0.00000,-0.00000,+0.00000,+0.00000,+0.00000,+0.00000,+0.00000,+0.00000,+0.0211,0.0000,0.0000,0.0006,0.0013,0.0000,0.0014,yes,0.0000,1.0,,0.0000,,,,
059003.000109,odd,7.5,25244.610,25306.0,98 4f3 (2L) 2L,0.9916,0.0022,+1.05187,-0.02410,-0.05552,+0.00000,+0.00000,+0.00000,+0.00000,+0.00000,+0.00000,+0.00000,+0.00000,+0.00000,+0.00000,+0.00000,+0.00000,+0.00000,+0.00000,+0.00000,+0.00100,-0.00005,+0.00005,+0.00036,-0.00002,+0.00002,+0.00000,+0.00000,+0.00000,+0.00000,+0.00000,+0.00000,+0.0233,0.0000,0.0000,0.0004,0.0014,0.0000,0.0014,yes,0.0002,1.0,,0.0000,,,,
059003.000227,odd,7.5,66301.350,66511.0,98 f26p (3H) 4I,1.0074,0.0002,+0.65490,-0.04010,+0.13016,+0.01769,-0.00061,+0.00588,+0.00000,+0.12732,-0.02546,+0.06366,+0.00000,+0.00000,+0.00012,-0.00001,+0.00003,+0.00003,-0.00000,+0.00001,+0.00000,+0.00000,+0.00000,+0.00000,+0.00000,+0.00000,+0.00000,+0.00000,+0.00000,+0.00000,+0.00000,+0.00000,+0.0217,0.0000,0.0000,0.0005,0.0026,0.0021,0.0034,no,0.0000,1.2,,0.0000,,,,
059003.000242,odd,7.5,68305.100,68367.0,-96 f5d2 (3F) 4I,0.9741,0.0000,+0.41280,-0.04439,+0.06993,+0.38195,-0.00901,+0.12615,+0.00000,+0.00604,-0.00121,+0.00302,+0.00000,+0.00000,+0.00000,+0.00000,+0.00000,+0.00000,+0.00000,+0.00000,+0.00009,+0.00000,+0.00003,+0.00000,+0.00000,+0.00000,+0.00000,+0.00000,+0.00000,+0.00000,+0.00000,+0.00000,+0.0156,0.0000,0.0001,0.0005,0.0010,0.0001,0.0011,yes,0.0008,1.7,,0.0000,+0.0151,0.0013,-0.0005,-0.4
059003.000443,odd,7.5,79377.150,79180.0,-97 f5d2 (1G) 2K,0.9833,0.0000,+0.41444,-0.04297,+0.06466,+0.51348,-0.00919,+0.00096,+0.00000,+0.00392,-0.00078,+0.00196,+0.00000,+0.00000,+0.00049,+0.00002,-0.00004,+0.00011,+0.00001,-0.00001,+0.00003,+0.00000,-0.00000,+0.00000,+0.00000,+0.00000,+0.00000,+0.00000,+0.00000,+0.00000,+0.00000,+0.00000,+0.0222,0.0000,0.0001,0.0004,0.0008,0.0001,0.0009,yes,0.0005,1.1,,0.0000,+0.0242,0.0019,+0.0020,+1.1
059003.000301,odd,7.5,84992.040,85149.0,98 f26p (1I) 2K,0.9929,0.0000,+0.78761,-0.00678,+0.00228,+0.01579,+0.00000,+0.00000,+0.00000,+0.12930,-0.02586,+0.06465,+0.00000,+0.00000,+0.00024,-0.00003,+0.00006,+0.00003,-0.00000,+0.00001,+0.00002,+0.00000,+0.00001,+0.00000,+0.00000,+0.00000,+0.00000,+0.00000,+0.00000,+0.00000,+0.00000,+0.00000,+0.0266,0.0000,0.0000,0.0004,0.0027,0.0026,0.0038,no,0.0002,1.1,,0.0000,,,,
059003.000356,odd,7.5,111334.870,111450.0,-81 f25f (3H) 4L,0.9750,0.0000,+0.62487,+0.07525,-0.07126,+0.00000,+0.00000,+0.00000,+0.00000,+0.00000,+0.00000,+0.00000,+0.00000,+0.00000,+0.00000,+0.00000,+0.00000,+0.00000,+0.00000,+0.00000,+0.39945,-0.03061,+0.04690,+0.00004,+0.00000,-0.00000,+0.00000,+0.00000,+0.00000,+0.00000,+0.00000,+0.00000,+0.0204,0.0000,0.0001,0.0004,0.0005,0.0020,0.0021,no,0.0007,1.0,,0.0000,,,,
059003.000362,odd,7.5,112896.300,113010.0,-83 f25f (3H) 4K,0.9683,0.0000,+0.61280,+0.01020,+0.02077,+0.00011,-0.00000,+0.00001,+0.00000,+0.00000,+0.00000,+0.00000,+0.00000,+0.00000,+0.00011,-0.00000,+0.00001,+0.00000,+0.00000,+0.00000,+0.31063,+0.00957,+0.05542,+0.00013,-0.00000,+0.00001,+0.00000,+0.00000,+0.00000,+0.00000,+0.00000,+0.00000,+0.0181,0.0000,0.0001,0.0004,0.0004,0.0018,0.0019,no,0.0008,1.0,,0.0000,,,,
059003.000372,odd,7.5,113833.900,113878.0,-86 f25f (3H) 2L,0.9669,0.0000,+0.64791,+0.02833,-0.01343,+0.00000,+0.00000,+0.00000,+0.00000,+0.00000,+0.00000,+0.00000,+0.00000,+0.00000,+0.00000,+0.00000,+0.00000,+0.00000,+0.00000,+0.00000,+0.39861,+0.02098,-0.03348,+0.00037,-0.00002,+0.00002,+0.00000,+0.00000,+0.00000,+0.00000,+0.00000,+0.00000,+0.0197,0.0000,0.0001,0.0003,0.0005,0.0020,0.0021,no,0.0009,1.0,,0.0000,,,,
059003.000383,odd,7.5,115672.260,115730.0,77 f25f (3H) 2K,0.9793,0.0000,+0.61525,-0.03183,+0.11914,+0.00000,+0.00000,+0.00000,+0.00000,+0.00000,+0.00000,+0.00000,+0.00000,+0.00000,+0.00000,+0.00000,+0.00000,+0.00000,+0.00000,+0.00000,+0.29463,+0.03810,-0.02978,+0.00037,-0.00004,+0.00006,+0.00000,+0.00000,+0.00000,+0.00022,-0.00004,+0.00011,+0.0170,0.0000,0.0001,0.0004,0.0004,0.0017,0.0018,no,0.0006,1.1,,0.0000,,,,
059003.000387,odd,7.5,116238.710,116293.0,83 f25f (3H) 4I,0.9792,0.0000,+0.57534,-0.02957,+0.12114,+0.00000,+0.00000,+0.00000,+0.00000,+0.00000,+0.00000,+0.00000,+0.00000,+0.00000,+0.00000,+0.00000,+0.00000,+0.00000,+0.00000,+0.00000,+0.25389,-0.02630,+0.04715,+0.00037,-0.00004,+0.00006,+0.00000,+0.00000,+0.00000,+0.00136,-0.00027,+0.00068,+0.0159,0.0000,0.0001,0.0004,0.0003,0.0016,0.0017,no,0.0006,1.1,,0.0000,,,,
059003.000479,odd,7.5,117376.010,117407.0,-98 f27p (3H) 4I,0.9788,0.0000,+0.66550,-0.03858,+0.13295,+0.00000,+0.00000,+0.00000,+0.00000,+0.00000,+0.00000,+0.00000,+0.00000,+0.00000,+0.00000,+0.00000,+0.00000,+0.00000,+0.00000,+0.00000,+0.00371,+0.00019,+0.00106,+0.00002,+0.00000,+0.00001,+0.00000,+0.00000,+0.00000,+0.13117,-0.02623,+0.06558,+0.0196,0.0000,0.0001,0.0004,0.0013,0.0020,0.0024,no,0.0006,1.2,,0.0000,,,,
059003.000400,odd,7.5,118063.000,118157.0,-79 f25f (3F) 4I,0.9700,0.0000,+0.45695,+0.04388,+0.09965,+0.00000,+0.00000,+0.00000,+0.00000,+0.00000,+0.00000,+0.00000,+0.00000,+0.00000,+0.00000,+0.00000,+0.00000,+0.00000,+0.00000,+0.00000,+0.37869,-0.03439,+0.06320,+0.00067,+0.00010,+0.00009,+0.00000,+0.00000,+0.00000,+0.00049,-0.00010,+0.00025,+0.0147,0.0000,0.0001,0.0005,0.0004,0.0015,0.0016,no,0.0009,1.0,,0.0000,,,,
059003.000410,odd,7.5,121119.200,121248.0,-83 f25f (1G) 2K,0.9781,0.0000,+0.50290,-0.05183,+0.03547,+0.00000,+0.00000,+0.00000,+0.00000,+0.00000,+0.00000,+0.00000,+0.00000,+0.00000,+0.00000,+0.00000,+0.00000,+0.00000,+0.00000,+0.00000,+0.39644,-0.04395,+0.06479,+0.00038,-0.00004,+0.00001,+0.00000,+0.00000,+0.00000,+0.00000,+0.00000,+0.00000,+0.0132,0.0000,0.0001,0.0005,0.0004,0.0013,0.0015,no,0.0005,1.2,,0.0000,,,,
059003.000502,odd,7.5,132783.000,132754.0,83 f25f (1I) 2K,0.9749,0.0000,+0.72547,+0.00675,-0.00859,+0.00044,+0.00000,+0.00000,+0.00000,+0.00000,+0.00000,+0.00000,+0.00000,+0.00000,+0.00044,-0.00006,+0.00011,+0.00000,+0.00000,+0.00000,+0.18952,+0.04143,+0.03763,+0.04758,-0.00419,+0.00667,+0.00000,+0.00000,+0.00000,+0.00049,-0.00010,+0.00025,+0.0212,0.0000,0.0001,0.0003,0.0004,0.0021,0.0022,no,0.0010,1.0,,0.0000,,,,
059003.000424,odd,7.5,133352.200,133049.0,72 f25f (1I) 2L,0.9880,0.0000,+0.70593,+0.00567,-0.02260,+0.00000,+0.00000,+0.00000,+0.00000,+0.00000,+0.00000,+0.00000,+0.00000,+0.00000,+0.00000,+0.00000,+0.00000,+0.00000,+0.00000,+0.00000,+0.23675,-0.02383,-0.01338,+0.08106,-0.00866,+0.01191,+0.00000,+0.00000,+0.00000,+0.00022,-0.00004,+0.00011,+0.0206,0.0000,0.0001,0.0004,0.0004,0.0021,0.0021,no,0.0005,1.0,,0.0000,,,,
059003.000518,odd,7.5,134375.600,134568.0,-75 f26f (3H) 4L,0.9644,0.0000,+0.64719,+0.05693,-0.04825,+0.00000,+0.00000,+0.00000,+0.00000,+0.00000,+0.00000,+0.00000,+0.00000,+0.00000,+0.00000,+0.00000,+0.00000,+0.00000,+0.00000,+0.00000,+0.05982,+0.00584,-0.01123,+0.32107,-0.02101,+0.03142,+0.00000,+0.00000,+0.00000,+0.00000,+0.00000,+0.00000,+0.0204,0.0000,0.0002,0.0004,0.0004,0.0020,0.0021,no,0.0011,1.0,,0.0000,,,,
059003.000523,odd,7.5,136034.020,136027.0,79 f26f (3H) 4K,0.9750,0.0000,+0.61064,+0.01361,+0.02205,+0.00000,+0.00000,+0.00000,+0.00000,+0.00000,+0.00000,+0.00000,+0.00000,+0.00000,+0.00000,+0.00000,+0.00000,+0.00000,+0.00000,+0.00000,+0.00209,+0.00005,+0.00059,+0.30918,+0.01198,+0.05471,+0.00000,+0.00000,+0.00000,+0.00049,-0.00010,+0.00025,+0.0181,0.0000,0.0001,0.0003,0.0003,0.0018,0.0019,no,0.0009,1.0,,0.0000,,,,
059003.000528,odd,7.5,136606.400,136600.0,78 f26f (3H) 2L,0.9882,0.0000,+0.65290,+0.02106,-0.00193,+0.00000,+0.00000,+0.00000,+0.00000,+0.00000,+0.00000,+0.00000,+0.00000,+0.00000,+0.00000,+0.00000,+0.00000,+0.00000,+0.00000,+0.00000,+0.03278,+0.00282,-0.00599,+0.35661,+0.01820,-0.03438,+0.00000,+0.00000,+0.00000,+0.00000,+0.00000,+0.00000,+0.0195,0.0000,0.0001,0.0003,0.0004,0.0020,0.0020,no,0.0004,1.0,,0.0000,,,,
059003.000537,odd,7.5,138900.400,138808.0,-82 f26f (3H) 4I,0.9745,0.0000,+0.58604,-0.03328,+0.11805,+0.00000,+0.00000,+0.00000,+0.00000,+0.00000,+0.00000,+0.00000,+0.00000,+0.00000,+0.00000,+0.00000,+0.00000,+0.00000,+0.00000,+0.00000,+0.00196,-0.00003,+0.00051,+0.25331,-0.02871,+0.04014,+0.00000,+0.00000,+0.00000,+0.00000,+0.00000,+0.00000,+0.0160,0.0000,0.0001,0.0003,0.0003,0.0016,0.0017,no,0.0009,1.1,,0.0000,,,,
059003.000116,odd,8.5,26447.880,26476.0,100 4f3 (2L) 2L,1.0059,0.0025,+0.93764,-0.00009,+0.05874,+0.00000,+0.00000,+0.00000,+0.00000,+0.00000,+0.00000,+0.00000,+0.00000,+0.00000,+0.00000,+0.00000,+0.00000,+0.00000,+0.00000,+0.00000,+0.00088,+0.00003,-0.00005,+0.00032,+0.00001,-0.00002,+0.00000,+0.00000,+0.00000,+0.00000,+0.00000,+0.00000,+0.0213,0.0000,0.0000,0.0001,0.0013,0.0000,0.0013,yes,0.0000,1.0,,0.0000,,,,
059003.000363,odd,8.5,113023.500,113132.0,-89 f25f (3H) 4L,0.9790,0.0000,+0.56178,+0.01513,+0.03277,+0.00000,+0.00000,+0.00000,+0.00000,+0.00000,+0.00000,+0.00000,+0.00000,+0.00000,+0.00000,+0.00000,+0.00000,+0.00000,+0.00000,+0.00000,+0.35267,-0.03568,+0.05263,+0.00014,-0.00000,+0.00001,+0.00000,+0.00000,+0.00000,+0.00000,+0.00000,+0.00000,+0.0168,0.0000,0.0001,0.0002,0.0004,0.0017,0.0017,no,0.0005,1.0,,0.0000,,,,
059003.000374,odd,8.5,114725.600,114848.0,94 f25f (3H) 4K,0.9959,0.0000,+0.56193,-0.03377,+0.11086,+0.00009,-0.00001,+0.00002,+0.00000,+0.00000,+0.00000,+0.00000,+0.00000,+0.00000,+0.00009,-0.00001,+0.00002,+0.00000,+0.00000,+0.00000,+0.27225,+0.00568,+0.05442,+0.00025,-0.00001,+0.00005,+0.00000,+0.00000,+0.00000,+0.00000,+0.00000,+0.00000,+0.0154,0.0000,0.0000,0.0003,0.0004,0.0015,0.0016,no,0.0001,1.1,,0.0000,,,,
059003.000390,odd,8.5,116489.750,116518.0,95 f25f (3H) 2L,0.9998,0.0000,+0.58597,-0.03428,+0.10273,+0.00000,+0.00000,+0.00000,+0.00000,+0.00000,+0.00000,+0.00000,+0.00000,+0.00000,+0.00000,+0.00000,+0.00000,+0.00000,+0.00000,+0.00000,+0.35162,+0.02431,-0.04081,+0.00042,-0.00002,+0.00007,+0.00000,+0.00000,+0.00000,+0.00000,+0.00000,+0.00000,+0.0161,0.0000,0.0000,0.0003,0.0004,0.0016,0.0017,no,0.0000,1.1,,0.0000,,,,
059003.000422,odd,8.5,133194.300,133084.0,100 f25f (1I) 2M,1.0094,0.0000,+0.69921,-0.00478,+0.00030,+0.00000,+0.00000,+0.00000,+0.00000,+0.00000,+0.00000,+0.00000,+0.00000,+0.00000,+0.00000,+0.00000,+0.00000,+0.00000,+0.00000,+0.00000,+0.35223,+0.04103,-0.05190,+0.00017,+0.00002,-0.00002,+0.00000,+0.00000,+0.00000,+0.00000,+0.00000,+0.00000,+0.0203,0.0000,0.0000,0.0003,0.0005,0.0020,0.0021,no,0.0000,1.0,,0.0000,,,,
059003.000425,odd,8.5,133373.000,133394.0,96 f25f (1I) 2L,1.0041,0.0000,+0.66228,-0.00392,+0.00419,+0.00000,+0.00000,+0.00000,+0.00000,+0.00000,+0.00000,+0.00000,+0.00000,+0.00000,+0.00000,+0.00000,+0.00000,+0.00000,+0.00000,+0.00000,+0.25354,-0.00594,+0.05383,+0.02551,-0.00059,+0.00066,+0.00000,+0.00000,+0.00000,+0.00000,+0.00000,+0.00000,+0.0191,0.0000,0.0000,0.0003,0.0004,0.0019,0.0020,no,0.0000,1.0,,0.0000,,,,
059003.000524,odd,8.5,136111.000,136109.0,-87 f26f (3H) 4L,0.9676,0.0000,+0.56536,+0.01495,+0.02975,+0.00000,+0.00000,+0.00000,+0.00000,+0.00000,+0.00000,+0.00000,+0.00000,+0.00000,+0.00000,+0.00000,+0.00000,+0.00000,+0.00000,+0.00000,+0.00685,-0.00025,+0.00132,+0.34419,-0.03534,+0.05253,+0.00000,+0.00000,+0.00000,+0.00000,+0.00000,+0.00000,+0.0168,0.0000,0.0001,0.0002,0.0003,0.0017,0.0017,no,0.0008,1.0,,0.0000,,,,
059003.000530,odd,8.5,137960.610,137964.0,94 f26f (3H) 4K,0.9891,0.0000,+0.56149,-0.03363,+0.11155,+0.00002,-0.00000,+0.00001,+0.00000,+0.00000,+0.00000,+0.00000,+0.00000,+0.00000,+0.00002,-0.00000,+0.00001,+0.00000,+0.00000,+0.00000,+0.00011,-0.00001,+0.00002,+0.27245,+0.00607,+0.05430,+0.00000,+0.00000,+0.00000,+0.00000,+0.00000,+0.00000,+0.0153,0.0000,0.0000,0.0003,0.0003,0.0015,0.0016,no,0.0002,1.1,,0.0000,,,,
059003.000538,odd,8.5,139081.400,138994.0,-90 f26f (3H) 2L,0.9746,0.0000,+0.58841,-0.03182,+0.10192,+0.00000,+0.00000,+0.00000,+0.00000,+0.00000,+0.00000,+0.00000,+0.00000,+0.00000,+0.00000,+0.00000,+0.00000,+0.00000,+0.00000,+0.00000,+0.01278,-0.00056,+0.00265,+0.33607,+0.02494,-0.04182,+0.00000,+0.00000,+0.00000,+0.00000,+0.00000,+0.00000,+0.0161,0.0000,0.0001,0.0004,0.0003,0.0016,0.0017,no,0.0006,1.1,,0.0000,,,,
059003.000376,odd,9.5,114970.950,115078.0,100 f25f (3H) 4L,1.0025,0.0000,+0.52648,-0.03160,+0.10510,+0.00000,+0.00000,+0.00000,+0.00000,+0.00000,+0.00000,+0.00000,+0.00000,+0.00000,+0.00000,+0.00000,+0.00000,+0.00000,+0.00000,+0.00000,+0.31551,-0.03506,+0.05258,+0.00028,-0.00003,+0.00005,+0.00000,+0.00000,+0.00000,+0.00000,+0.00000,+0.00000,+0.0144,0.0000,0.0000,0.0003,0.0003,0.0014,0.0015,no,0.0000,1.1,,0.0000,,,,
059003.000423,odd,9.5,133242.300,133152.0,-99 f25f (1I) 2M,0.9818,0.0000,+0.63141,-0.00352,+0.00017,+0.00000,+0.00000,+0.00000,+0.00000,+0.00000,+0.00000,+0.00000,+0.00000,+0.00000,+0.00000,+0.00000,+0.00000,+0.00000,+0.00000,+0.00000,+0.31576,-0.03508,+0.05263,+0.00003,-0.00000,+0.00001,+0.00000,+0.00000,+0.00000,+0.00000,+0.00000,+0.00000,+0.0183,0.0000,0.0000,0.0003,0.0004,0.0018,0.0019,no,0.0003,1.0,,0.0000,,,,
059003.000532,odd,9.5,138077.800,138069.0,-99 f26f (3H) 4L,0.9835,0.0000,+0.52658,-0.03067,+0.10500,+0.00000,+0.00000,+0.00000,+0.00000,+0.00000,+0.00000,+0.00000,+0.00000,+0.00000,+0.00000,+0.00000,+0.00000,+0.00000,+0.00000,+0.00000,+0.00029,-0.00003,+0.00005,+0.31550,-0.03506,+0.05258,+0.00000,+0.00000,+0.00000,+0.00000,+0.00000,+0.00000,+0.0144,0.0000,0.0000,0.0003,0.0003,0.0014,0.0015,no,0.0003,1.1,,0.0000,,,,
059003.000539,even,0.5,20096.730,20245.0,-65 f25d (3F) 2P,0.9679,0.0013,+2.03955,+0.11952,-0.42256,-1.23747,-0.18508,+0.61914,+0.00000,+0.00000,+0.00000,+0.00000,+0.00000,+0.00000,+0.00000,+0.00000,+0.00000,+0.00000,+0.00000,+0.00000,+0.00000,+0.00000,+0.00000,+0.00000,+0.00000,+0.00000,+0.00000,+0.00000,+0.00000,+0.00000,+0.00000,+0.00000,+0.0119,0.0003,0.0004,0.0089,0.0044,0.0012,0.0100,no,0.0027,9.4,,0.0000,,,,
059003.000540,even,0.5,21598.580,21433.0,-77 f25d (3F) 4P,0.9554,0.0029,-1.35928,-0.01618,+0.82933,+1.54078,-0.41475,-0.01386,+0.00000,+0.00000,+0.00000,+0.00000,+0.00000,+0.00000,+0.00000,+0.00000,+0.00000,+0.00000,+0.00000,+0.00000,+0.00000,+0.00000,+0.00000,+0.00000,+0.00000,+0.00000,+0.00000,+0.00000,+0.00000,+0.00000,+0.00000,+0.00000,-0.0135,0.0002,0.0005,0.0081,0.0019,0.0014,0.0084,no,0.0038,6.2,,0.0000,,,,
059003.000100,even,0.5,23955.370,23971.0,74 f25d (3F) 4D,0.9734,0.0029,+2.53128,+0.07883,-0.39117,-0.88495,+0.12337,-0.25813,+0.00000,+0.00000,+0.00000,+0.00000,+0.00000,+0.00000,+0.00000,+0.00000,+0.00000,+0.00000,+0.00000,+0.00000,+0.00000,+0.00000,+0.00000,+0.00000,+0.00000,+0.00000,+0.00000,+0.00000,+0.00000,+0.00000,+0.00000,+0.00000,+0.0650,0.0001,0.0003,0.0039,0.0023,0.0065,0.0079,no,0.0023,1.6,,0.0000,,,,
059003.000137,even,0.5,31803.700,31588.0,-82 f25d (1D) 2S,0.9742,0.0045,+1.32129,-0.03111,-0.04257,-1.02368,-0.11924,+0.74034,+0.00000,+0.00000,+0.00000,+0.00000,+0.00000,+0.00000,+0.00000,+0.00000,+0.00000,+0.00000,+0.00000,+0.00000,+0.00000,+0.00000,+0.00000,+0.00000,+0.00000,+0.00000,+0.00000,+0.00000,+0.00000,+0.00000,+0.00000,+0.00000,-0.0101,0.0002,0.0003,0.0074,0.0048,0.0010,0.0089,no,0.0022,8.5,,0.0000,,,,
059003.000143,even,0.5,34198.610,34200.0,82 f25d (1D) 2P,0.9772,0.0016,-0.84703,+0.06757,-0.00953,+1.83352,-0.47271,+0.02140,+0.00000,+0.00000,+0.00000,+0.00000,+0.00000,+0.00000,+0.00000,+0.00000,+0.00000,+0.00000,+0.00000,+0.00000,+0.00000,+0.00000,+0.00000,+0.00000,+0.00000,+0.00000,+0.00000,+0.00000,+0.00000,+0.00000,+0.00000,+0.00000,+0.0079,0.0002,0.0003,0.0069,0.0021,0.0008,0.0072,no,0.0020,10.0,,0.0000,,,,
059003.000157,even,0.5,36683.210,36511.0,-78 f25d (3P) 4P,0.9455,0.0045,-0.26009,-0.13424,+1.10894,+0.26946,-0.07917,-0.12307,+0.00000,+0.00000,+0.00000,+0.00000,+0.00000,+0.00000,+0.00000,+0.00000,+0.00000,+0.00000,+0.00000,+0.00000,+0.00000,+0.00000,+0.00000,+0.00000,+0.00000,+0.00000,+0.00000,+0.00000,+0.00000,+0.00000,+0.00000,+0.00000,-0.0035,0.0002,0.0009,0.0076,0.0008,0.0003,0.0077,no,0.0066,6.7,,0.0000,,,,
059003.000162,even,0.5,38549.900,38409.0,-55 f25d (3P) 2P,0.9584,0.0016,+0.77633,-0.00380,-0.40699,+0.22973,+0.15249,+0.39927,+0.00000,+0.00000,+0.00000,+0.00000,+0.00000,+0.00000,+0.00000,+0.00000,+0.00000,+0.00000,+0.00000,+0.00000,+0.00000,+0.00000,+0.00000,+0.00000,+0.00000,+0.00000,+0.00000,+0.00000,+0.00000,+0.00000,+0.00000,+0.00000,+0.0194,0.0003,0.0005,0.0107,0.0025,0.0019,0.0112,no,0.0036,2.2,,0.0000,,,,
059003.000170,even,0.5,39485.480,39404.0,-77 f25d (3P) 4D,0.9550,0.0050,-0.25504,+0.14563,-0.65369,+1.91689,-0.16336,-0.01340,+0.00000,+0.00000,+0.00000,+0.00000,+0.00000,+0.00000,+0.00000,+0.00000,+0.00000,+0.00000,+0.00000,+0.00000,+0.00000,+0.00000,+0.00000,+0.00000,+0.00000,+0.00000,+0.00000,+0.00000,+0.00000,+0.00000,+0.00000,+0.00000,+0.0370,0.0003,0.0009,0.0095,0.0027,0.0037,0.0106,no,0.0065,1.6,,0.0000,,,,
059003.000642,even,0.5,,49610.0,-95 f26s (3P) 4P,0.9651,0.0057,-0.55730,+0.23151,+0.74567,-0.00133,+0.00053,+0.00299,+0.80332,-0.00041,+0.00017,+0.00115,+0.00000,+0.00000,+0.00000,+0.00000,+0.00000,+0.00000,+0.00000,+0.00000,+0.00000,+0.00000,+0.00000,+0.00000,+0.00000,+0.00000,+0.00000,+0.00000,+0.00000,+0.00000,+0.00000,+0.00000,+0.5087,0.0018,0.0040,0.0631,0.0037,0.0000,0.0633,yes,0.0291,1.1,,0.0000,+0.5050,0.0070,-0.0037,-0.4
059003.000190,even,0.5,50869.300,50941.0,-95 f26s (3P) 2P,0.9623,0.0057,+1.21868,-0.89188,-0.08850,+0.00346,-0.00249,-0.00132,-0.13903,+0.00048,+0.00033,+0.00029,+0.00000,+0.00000,+0.00000,+0.00000,+0.00000,+0.00000,+0.00000,+0.00000,+0.00000,+0.00000,+0.00000,+0.00000,+0.00000,+0.00000,+0.00000,+0.00000,+0.00000,+0.00000,+0.00000,+0.00000,-0.0802,0.0018,0.0043,0.0633,0.0007,0.0000,0.0635,yes,0.0312,1.9,,0.0000,-0.1570,0.0100,-0.0768,-7.0
059003.000074,even,1.5,20160.360,20162.0,-83 f25d (3H) 4F,0.9602,0.0041,+2.07085,+0.22747,-0.38070,-0.49631,+0.06690,-0.19812,+0.00000,+0.00000,+0.00000,+0.00000,+0.00000,+0.00000,+0.00000,+0.00000,+0.00000,+0.00000,+0.00000,+0.00000,+0.00000,+0.00000,+0.00000,+0.00000,+0.00000,+0.00000,+0.00000,+0.00000,+0.00000,+0.00000,+0.00000,+0.00000,+0.0619,0.0001,0.0006,0.0024,0.0018,0.0062,0.0069,no,0.0041,1.4,,0.0000,,,,
059003.000078,even,1.5,21148.430,21066.0,-83 f25d (3F) 4P,0.9628,0.0000,+0.69968,-0.14712,+0.29019,-0.25835,+0.03554,+0.26849,+0.00000,+0.00000,+0.00000,+0.00000,+0.00000,+0.00000,+0.00000,+0.00000,+0.00000,+0.00000,+0.00000,+0.00000,+0.00000,+0.00000,+0.00000,+0.00000,+0.00000,+0.00000,+0.00000,+0.00000,+0.00000,+0.00000,+0.00000,+0.00000,+0.0031,0.0001,0.0006,0.0029,0.0017,0.0003,0.0034,no,0.0042,12.5,,0.0000,,,,
059003.000086,even,1.5,22277.660,22356.0,-73 f25d (3F) 4D,0.9472,0.0000,+1.21318,-0.02404,-0.12943,-0.28432,-0.08773,+0.20057,+0.00000,+0.00000,+0.00000,+0.00000,+0.00000,+0.00000,+0.00000,+0.00000,+0.00000,+0.00000,+0.00000,+0.00000,+0.00000,+0.00000,+0.00000,+0.00000,+0.00000,+0.00000,+0.00000,+0.00000,+0.00000,+0.00000,+0.00000,+0.00000,+0.0199,0.0001,0.0006,0.0029,0.0015,0.0020,0.0038,no,0.0044,2.5,,0.0000,,,,
059003.000089,even,1.5,23050.610,23023.0,49 f25d (3F) 4F,0.9702,0.0000,+0.66154,-0.00362,+0.06545,+0.42654,-0.07768,-0.15353,+0.00000,+0.00000,+0.00000,+0.00000,+0.00000,+0.00000,+0.00000,+0.00000,+0.00000,+0.00000,+0.00000,+0.00000,+0.00000,+0.00000,+0.00000,+0.00000,+0.00000,+0.00000,+0.00000,+0.00000,+0.00000,+0.00000,+0.00000,+0.00000,+0.0312,0.0001,0.0006,0.0043,0.0011,0.0031,0.0054,no,0.0047,1.1,,0.0000,,,,
059003.000101,even,1.5,24250.620,24360.0,-62 f25d (3F) 4F,0.9651,0.0000,+1.14053,-0.00240,-0.14576,+0.12665,-0.08179,-0.12142,+0.00000,+0.00000,+0.00000,+0.00000,+0.00000,+0.00000,+0.00000,+0.00000,+0.00000,+0.00000,+0.00000,+0.00000,+0.00000,+0.00000,+0.00000,+0.00000,+0.00000,+0.00000,+0.00000,+0.00000,+0.00000,+0.00000,+0.00000,+0.00000,+0.0372,0.0001,0.0005,0.0036,0.0009,0.0037,0.0053,no,0.0039,1.1,,0.0000,,,,
059003.000102,even,1.5,24309.200,24566.0,-68 f25d (3F) 2P,0.9511,0.0000,+1.53671,+0.11921,+0.29264,-0.66700,+0.10861,-0.16234,+0.00000,+0.00000,+0.00000,+0.00000,+0.00000,+0.00000,+0.00000,+0.00000,+0.00000,+0.00000,+0.00000,+0.00000,+0.00000,+0.00000,+0.00000,+0.00000,+0.00000,+0.00000,+0.00000,+0.00000,+0.00000,+0.00000,+0.00000,+0.00000,+0.0395,0.0001,0.0005,0.0025,0.0015,0.0040,0.0049,no,0.0040,1.8,,0.0000,,,,
059003.000128,even,1.5,28936.460,28962.0,81 f25d (1G) 2D,0.9776,0.0000,+1.83009,-0.23342,+0.03224,-0.69214,+0.10698,-0.17019,+0.00000,+0.00000,+0.00000,+0.00000,+0.00000,+0.00000,+0.00000,+0.00000,+0.00000,+0.00000,+0.00000,+0.00000,+0.00000,+0.00000,+0.00000,+0.00000,+0.00000,+0.00000,+0.00000,+0.00000,+0.00000,+0.00000,+0.00000,+0.00000,+0.0374,0.0000,0.0003,0.0017,0.0016,0.0037,0.0044,no,0.0019,2.2,,0.0000,,,,
059003.000138,even,1.5,32288.920,32442.0,-83 f25d (1D) 2P,0.9700,0.0032,+0.33837,+0.01562,+0.06577,+0.34162,+0.09532,+0.25094,+0.00000,+0.00000,+0.00000,+0.00000,+0.00000,+0.00000,+0.00000,+0.00000,+0.00000,+0.00000,+0.00000,+0.00000,+0.00000,+0.00000,+0.00000,+0.00000,+0.00000,+0.00000,+0.00000,+0.00000,+0.00000,+0.00000,+0.00000,+0.00000,+0.0129,0.0001,0.0006,0.0029,0.0017,0.0013,0.0036,no,0.0041,2.1,,0.0000,,,,
059003.000140,even,1.5,33338.370,33154.0,-97 f26s (3F) 4F,0.9682,0.0014,+1.58190,-0.03685,-0.39190,+0.00818,+0.00174,-0.00194,-0.19793,+0.00062,-0.00004,-0.00037,+0.00000,+0.00000,+0.00000,+0.00000,+0.00000,+0.00000,+0.00000,+0.00000,+0.00000,+0.00000,+0.00000,+0.00000,+0.00000,+0.00000,+0.00000,+0.00000,+0.00000,+0.00000,+0.00000,+0.00000,-0.0830,0.0001,0.0012,0.0028,0.0012,0.0000,0.0033,yes,0.0087,2.1,,0.0000,-0.0893,0.0038,-0.0063,-1.6
059003.000147,even,1.5,35137.820,35036.0,54 f25d (1D) 2D,0.9289,0.0000,+0.34619,+0.10931,+0.08397,+0.75415,+0.11792,-0.18431,+0.00000,+0.00000,+0.00000,+0.00000,+0.00000,+0.00000,+0.00000,+0.00000,+0.00000,+0.00000,+0.00000,+0.00000,+0.00000,+0.00000,+0.00000,+0.00000,+0.00000,+0.00000,+0.00000,+0.00000,+0.00000,+0.00000,+0.00000,+0.00000,+0.0381,0.0001,0.0010,0.0026,0.0018,0.0038,0.0050,no,0.0075,1.0,,0.0000,,,,
059003.000152,even,1.5,35863.740,35777.0,80 f25d (3P) 4F,0.9542,0.0000,+0.39510,-0.25489,-0.11716,+0.89988,+0.22859,-0.17706,-0.00075,+0.00000,+0.00000,+0.00000,+0.00000,+0.00000,+0.00000,+0.00000,+0.00000,+0.00000,+0.00000,+0.00000,+0.00000,+0.00000,+0.00000,+0.00000,+0.00000,+0.00000,+0.00000,+0.00000,+0.00000,+0.00000,+0.00000,+0.00000,+0.0342,0.0001,0.0017,0.0033,0.0020,0.0035,0.0054,no,0.0121,1.5,,0.0000,,,,
059003.000159,even,1.5,37197.640,37088.0,-63 f25d (3P) 4P,0.9205,0.0000,+0.06391,+0.06994,+0.27200,+0.67543,+0.08253,-0.01134,+0.00000,+0.00000,+0.00000,+0.00000,+0.00000,+0.00000,+0.00000,+0.00000,+0.00000,+0.00000,+0.00000,+0.00000,+0.00000,+0.00000,+0.00000,+0.00000,+0.00000,+0.00000,+0.00000,+0.00000,+0.00000,+0.00000,+0.00000,+0.00000,+0.0214,0.0001,0.0012,0.0038,0.0012,0.0021,0.0047,no,0.0091,1.0,,0.0000,,,,
059003.000168,even,1.5,39120.400,39177.0,75 f25d (3P) 4D,0.9594,0.0000,+0.31571,+0.10448,+0.19510,+0.36739,+0.19414,+0.12181,+0.00000,+0.00000,+0.00000,+0.00000,+0.00000,+0.00000,+0.00000,+0.00000,+0.00000,+0.00000,+0.00000,+0.00000,+0.00000,+0.00000,+0.00000,+0.00000,+0.00000,+0.00000,+0.00000,+0.00000,+0.00000,+0.00000,+0.00000,+0.00000,+0.0213,0.0001,0.0005,0.0030,0.0012,0.0021,0.0039,no,0.0035,1.3,,0.0000,,,,
059003.000176,even,1.5,40205.740,40047.0,-55 f25d (3P) 2P,0.9457,0.0000,-0.14572,+0.12949,+0.16109,+0.86615,-0.13834,+0.11848,+0.00000,+0.00000,+0.00000,+0.00000,+0.00000,+0.00000,+0.00000,+0.00000,+0.00000,+0.00000,+0.00000,+0.00000,+0.00000,+0.00000,+0.00000,+0.00000,+0.00000,+0.00000,+0.00000,+0.00000,+0.00000,+0.00000,+0.00000,+0.00000,+0.0127,0.0001,0.0006,0.0027,0.0013,0.0013,0.0033,no,0.0043,2.7,,0.0000,,,,
059003.000183,even,1.5,45844.650,45956.0,95 f26s (1D) 2D,0.9921,0.0049,+1.15773,-0.03144,+0.03254,+0.00254,+0.00000,+0.00000,-0.19812,+0.00105,-0.00045,-0.00069,+0.00000,+0.00000,+0.00000,+0.00000,+0.00000,+0.00000,+0.00000,+0.00000,+0.00000,+0.00000,+0.00000,+0.00000,+0.00000,+0.00000,+0.00000,+0.00000,+0.00000,+0.00000,+0.00000,+0.00000,-0.0954,0.0001,0.0003,0.0021,0.0011,0.0000,0.0024,yes,0.0019,1.7,,0.0000,-0.0991,0.0048,-0.0037,-0.8
059003.000185,even,1.5,48401.640,48582.0,-93 f25d (3P) 2D,0.9614,0.0036,+0.26992,+0.22522,-0.27842,+0.92257,-0.08664,+0.08218,+0.00000,+0.00000,+0.00000,+0.00000,+0.00000,+0.00000,+0.00000,+0.00000,+0.00000,+0.00000,+0.00000,+0.00000,+0.00000,+0.00000,+0.00000,+0.00000,+0.00000,+0.00000,+0.00000,+0.00000,+0.00000,+0.00000,+0.00000,+0.00000,+0.0308,0.0001,0.0006,0.0020,0.0014,0.0031,0.0040,no,0.0045,1.3,,0.0000,,,,
059003.000187,even,1.5,50227.790,50199.0,96 f26s (3P) 4P,0.9942,0.0042,+0.29220,-0.32878,+0.38765,+0.00090,-0.00117,+0.00207,+0.31191,+0.00021,-0.00035,+0.00084,+0.00000,+0.00000,+0.00000,+0.00000,+0.00000,+0.00000,+0.00000,+0.00000,+0.00000,+0.00000,+0.00000,+0.00000,+0.00000,+0.00000,+0.00000,+0.00000,+0.00000,+0.00000,+0.00000,+0.00000,+0.2001,0.0004,0.0003,0.0131,0.0014,0.0000,0.0132,yes,0.0024,1.1,,0.0000,+0.1993,0.0056,-0.0008,-0.1
059003.000192,even,1.5,52026.900,52200.0,-92 f26s (3P) 2P,0.9614,0.0050,+0.67803,+0.06954,+0.49417,+0.00125,+0.00018,+0.00099,-0.17960,+0.00024,-0.00003,-0.00029,+0.00000,+0.00000,+0.00000,+0.00000,+0.00000,+0.00000,+0.00000,+0.00000,+0.00000,+0.00000,+0.00000,+0.00000,+0.00000,+0.00000,+0.00000,+0.00000,+0.00000,+0.00000,+0.00000,+0.00000,-0.0944,0.0004,0.0014,0.0132,0.0009,0.0000,0.0133,yes,0.0100,1.5,,0.0000,-0.1010,0.0049,-0.0066,-1.3
059003.000542,even,1.5,101778.000,101718.0,97 f26d (3H) 4F,0.9849,0.0009,+2.36988,+0.31993,-0.38548,+0.00715,+0.00051,-0.00203,+0.00000,-0.00410,+0.00082,-0.00205,-0.00002,+0.00000,-0.78654,+0.11233,-0.19771,+0.00000,+0.00000,+0.00000,+0.00000,+0.00000,+0.00000,+0.00000,+0.00000,+0.00000,+0.00000,+0.00000,+0.00000,+0.00000,+0.00000,+0.00000,+0.0753,0.0000,0.0003,0.0013,0.0017,0.0075,0.0078,no,0.0019,1.1,,0.0000,,,,
059003.000544,even,1.5,105191.130,105229.0,99 f27s (3F) 4F,1.0043,0.0000,+1.58968,-0.03197,-0.39154,+0.00152,-0.00029,-0.00066,+0.00000,+0.00069,-0.00021,-0.00050,-0.19908,+0.00000,+0.00004,-0.00007,-0.00026,+0.00000,+0.00000,+0.00000,+0.00000,+0.00000,+0.00000,+0.00000,+0.00000,+0.00000,+0.00000,+0.00000,+0.00000,+0.00027,-0.00002,-0.00016,-0.0030,0.0000,0.0000,0.0014,0.0048,0.0003,0.0050,no,0.0000,32.0,,0.0000,,,,
059003.000587,even,1.5,134480.150,134517.0,75 f25g (3H) 4F,1.0021,0.0000,+0.65690,+0.08399,-0.11251,+0.00000,-0.00003,-0.00005,+0.00000,+0.00008,+0.00004,+0.00003,+0.00000,+0.00000,+0.00000,+0.00000,+0.00000,+0.00000,+0.00001,+0.00001,+0.00000,+0.00000,+0.00000,+0.00000,+0.00000,+0.00000,+0.65413,-0.17462,-0.19858,+0.00000,+0.00000,+0.00000,+0.0213,0.0001,0.0000,0.0048,0.0004,0.0021,0.0053,no,0.0000,1.0,,0.0000,,,,
059003.000589,even,1.5,134488.700,134549.0,56 f25g (3H) 2D,0.9702,0.0000,+0.48159,+0.06164,-0.08311,+0.00000,+0.00000,+0.00000,+0.00000,+0.00000,+0.00000,+0.00000,+0.00000,+0.00000,+0.00000,+0.00000,+0.00000,+0.00084,+0.00005,+0.00065,+0.00000,+0.00000,+0.00000,+0.00000,+0.00000,+0.00000,+0.26913,+0.07329,+0.33091,+0.00000,+0.00000,+0.00000,+0.0156,0.0001,0.0006,0.0049,0.0003,0.0016,0.0052,no,0.0044,1.0,,0.0000,,,,
059003.000604,even,1.5,136641.900,136668.0,-61 f25g (3H) 4F,0.9912,0.0000,+1.70533,+0.05266,+0.07020,-0.00207,+0.00006,-0.00050,+0.00000,+0.00171,+0.00004,+0.00123,+0.00000,+0.00000,+0.00000,+0.00000,+0.00000,+0.00036,-0.00011,-0.00001,+0.00000,+0.00000,+0.00000,+0.00000,+0.00000,+0.00000,-0.59067,-0.22345,-0.18557,+0.00000,+0.00000,+0.00000,+0.0505,0.0001,0.0003,0.0040,0.0009,0.0050,0.0065,no,0.0021,1.0,,0.0000,,,,
059003.000047,even,2.5,15045.800,14989.0,-72 f25d (3H) 4G,0.9706,0.0000,+1.32987,+0.12114,-0.26681,+0.05228,-0.06585,-0.11535,+0.00000,+0.00000,+0.00000,+0.00000,+0.00000,+0.00000,+0.00000,+0.00000,+0.00000,+0.00000,+0.00000,+0.00000,+0.00000,+0.00000,+0.00000,+0.00000,+0.00000,+0.00000,+0.00000,+0.00000,+0.00000,+0.00000,+0.00000,+0.00000,+0.0446,0.0000,0.0003,0.0011,0.0010,0.0045,0.0047,no,0.0021,1.1,,0.0000,,,,
059003.000063,even,2.5,18211.760,18745.0,56 f25d (3H) 2F,0.9157,0.0000,+1.26026,+0.09397,-0.20880,-0.13264,+0.00682,+0.08118,+0.00000,+0.00000,+0.00000,+0.00000,+0.00000,+0.00000,+0.00000,+0.00000,+0.00000,+0.00000,+0.00000,+0.00000,+0.00000,+0.00000,+0.00000,+0.00000,+0.00000,+0.00000,+0.00000,+0.00000,+0.00000,+0.00000,+0.00000,+0.00000,+0.0337,0.0000,0.0008,0.0014,0.0009,0.0034,0.0039,no,0.0062,1.3,,0.0000,,,,
059003.000076,even,2.5,20848.390,20789.0,62 f25d (3H) 4F,0.9152,0.0000,+1.23657,+0.03416,-0.06074,-0.12910,+0.00830,-0.04673,+0.00000,+0.00000,+0.00000,+0.00000,+0.00000,+0.00000,+0.00000,+0.00000,+0.00000,+0.00000,+0.00000,+0.00000,+0.00000,+0.00000,+0.00000,+0.00000,+0.00000,+0.00000,+0.00000,+0.00000,+0.00000,+0.00000,+0.00000,+0.00000,+0.0351,0.0001,0.0009,0.0019,0.0007,0.0035,0.0042,no,0.0069,1.2,,0.0000,,,,
059003.000081,even,2.5,21418.840,21365.0,-61 f25d (3F) 4G,0.9453,0.0000,+1.04882,+0.03934,-0.06250,+0.05572,-0.01337,-0.04204,+0.00000,+0.00000,+0.00000,+0.00000,+0.00000,+0.00000,+0.00000,+0.00000,+0.00000,+0.00000,+0.00000,+0.00000,+0.00000,+0.00000,+0.00000,+0.00000,+0.00000,+0.00000,+0.00000,+0.00000,+0.00000,+0.00000,+0.00000,+0.00000,+0.0334,0.0001,0.0006,0.0031,0.0006,0.0033,0.0046,no,0.0042,1.0,,0.0000,,,,
059003.000083,even,2.5,21611.190,21678.0,-68 f25d (3F) 4P,0.9467,0.0000,+1.00888,+0.07676,+0.19886,-0.26204,-0.06242,+0.05430,+0.00000,+0.00000,+0.00000,+0.00000,+0.00000,+0.00000,+0.00000,+0.00000,+0.00000,+0.00000,+0.00000,+0.00000,+0.00000,+0.00000,+0.00000,+0.00000,+0.00000,+0.00000,+0.00000,+0.00000,+0.00000,+0.00000,+0.00000,+0.00000,+0.0222,0.0001,0.0005,0.0031,0.0008,0.0022,0.0039,no,0.0038,1.8,,0.0000,,,,
059003.000098,even,2.5,23751.570,23437.0,-89 f25d (3F) 4D,0.9418,0.0000,+0.66267,+0.02947,+0.16557,+0.00651,-0.02285,+0.16525,+0.00000,+0.00000,+0.00000,+0.00000,+0.00000,+0.00000,+0.00000,+0.00000,+0.00000,+0.00000,+0.00000,+0.00000,+0.00000,+0.00000,+0.00000,+0.00000,+0.00000,+0.00000,+0.00000,+0.00000,+0.00000,+0.00000,+0.00000,+0.00000,+0.0148,0.0000,0.0006,0.0016,0.0010,0.0015,0.0025,no,0.0047,1.7,,0.0000,,,,
059003.000095,even,2.5,23532.860,23713.0,-57 f25d (3F) 4F,0.9326,0.0000,+1.01245,-0.01555,-0.04105,-0.01594,-0.03359,+0.04454,+0.00000,+0.00000,+0.00000,+0.00000,+0.00000,+0.00000,+0.00000,+0.00000,+0.00000,+0.00000,+0.00000,+0.00000,+0.00000,+0.00000,+0.00000,+0.00000,+0.00000,+0.00000,+0.00000,+0.00000,+0.00000,+0.00000,+0.00000,+0.00000,+0.0262,0.0000,0.0008,0.0016,0.0006,0.0026,0.0032,no,0.0056,1.2,,0.0000,,,,
059003.000104,even,2.5,24461.240,24534.0,-55 f25d (3F) 4F,0.9190,0.0000,+0.89826,-0.04310,+0.16590,-0.03385,-0.01568,-0.03031,+0.00000,+0.00000,+0.00000,+0.00000,+0.00000,+0.00000,+0.00000,+0.00000,+0.00000,+0.00000,+0.00000,+0.00000,+0.00000,+0.00000,+0.00000,+0.00000,+0.00000,+0.00000,+0.00000,+0.00000,+0.00000,+0.00000,+0.00000,+0.00000,+0.0243,0.0001,0.0009,0.0021,0.0005,0.0024,0.0033,no,0.0062,1.2,,0.0000,,,,
059003.000112,even,2.5,25934.980,26193.0,-41 f25d (1G) 2D,0.9252,0.0000,+1.06556,-0.04364,+0.08291,-0.12997,+0.01833,-0.01850,+0.00000,+0.00000,+0.00000,+0.00000,+0.00000,+0.00000,+0.00000,+0.00000,+0.00000,+0.00000,+0.00000,+0.00000,+0.00000,+0.00000,+0.00000,+0.00000,+0.00000,+0.00000,+0.00000,+0.00000,+0.00000,+0.00000,+0.00000,+0.00000,+0.0273,0.0001,0.0008,0.0021,0.0006,0.0027,0.0036,no,0.0055,1.3,,0.0000,,,,
059003.000121,even,2.5,27452.450,27312.0,74 f25d (1G) 2D,0.9565,0.0016,+1.20950,-0.05556,+0.11750,-0.39163,-0.11528,+0.06296,+0.00000,+0.00000,+0.00000,+0.00000,+0.00000,+0.00000,+0.00000,+0.00000,+0.00000,+0.00000,+0.00000,+0.00000,+0.00000,+0.00000,+0.00000,+0.00000,+0.00000,+0.00000,+0.00000,+0.00000,+0.00000,+0.00000,+0.00000,+0.00000,+0.0198,0.0000,0.0006,0.0012,0.0010,0.0020,0.0026,no,0.0040,2.5,,0.0000,,,,
059003.000130,even,2.5,29267.860,29009.0,73 f25d (1G) 2F,0.9627,0.0000,+1.04768,+0.06119,-0.05343,+0.06360,-0.02547,-0.05785,+0.00000,+0.00000,+0.00000,+0.00000,+0.00000,+0.00000,+0.00000,+0.00000,+0.00000,+0.00000,+0.00000,+0.00000,+0.00000,+0.00000,+0.00000,+0.00000,+0.00000,+0.00000,+0.00000,+0.00000,+0.00000,+0.00000,+0.00000,+0.00000,+0.0343,0.0000,0.0005,0.0012,0.0007,0.0034,0.0037,no,0.0039,1.0,,0.0000,,,,
059003.000142,even,2.5,33659.990,33524.0,-83 f26s (3F) 4F,0.9677,0.0000,+1.00243,-0.02047,-0.17613,+0.01053,+0.00164,-0.00233,+0.16529,+0.00021,-0.00007,+0.00001,+0.00000,+0.00000,+0.00000,+0.00000,+0.00000,+0.00000,+0.00000,+0.00000,+0.00000,+0.00000,+0.00000,+0.00000,+0.00000,+0.00000,+0.00000,+0.00000,+0.00000,+0.00000,+0.00000,+0.00000,+0.1351,0.0004,0.0009,0.0136,0.0009,0.0001,0.0136,yes,0.0064,1.0,,0.0000,+0.1293,0.0023,-0.0058,-2.3
059003.000144,even,2.5,34520.270,34534.0,-71 f25d (1D) 2F,0.9326,0.0000,+0.65138,+0.04294,+0.02492,+0.42209,+0.11825,-0.09875,+0.00037,+0.00000,+0.00000,+0.00000,+0.00000,+0.00000,+0.00000,+0.00000,+0.00000,+0.00000,+0.00000,+0.00000,+0.00000,+0.00000,+0.00000,+0.00000,+0.00000,+0.00000,+0.00000,+0.00000,+0.00000,+0.00000,+0.00000,+0.00000,+0.0353,0.0000,0.0030,0.0008,0.0011,0.0034,0.0048,no,0.0222,1.0,,0.0000,,,,
059003.000149,even,2.5,35384.170,35177.0,-85 f26s (3F) 2F,0.9693,0.0009,+1.07926,-0.02968,+0.00174,+0.01948,+0.00485,-0.00258,-0.09913,+0.00025,+0.00003,+0.00006,+0.00000,+0.00000,+0.00000,+0.00000,+0.00000,+0.00000,+0.00000,+0.00000,+0.00000,+0.00000,+0.00000,+0.00000,+0.00000,+0.00000,+0.00000,+0.00000,+0.00000,+0.00000,+0.00000,+0.00000,-0.0332,0.0004,0.0007,0.0149,0.0007,0.0001,0.0149,yes,0.0053,2.9,,0.0000,-0.0323,0.0023,+0.0009,+0.4
059003.000155,even,2.5,36652.290,36682.0,88 f25d (3P) 4F,0.9565,0.0000,+0.34089,-0.14377,-0.00488,+0.63768,+0.10189,+0.02799,-0.00169,+0.00000,+0.00000,+0.00000,+0.00000,+0.00000,+0.00000,+0.00000,+0.00000,+0.00000,+0.00000,+0.00000,+0.00000,+0.00000,+0.00000,+0.00000,+0.00000,+0.00000,+0.00000,+0.00000,+0.00000,+0.00000,+0.00000,+0.00000,+0.0205,0.0001,0.0011,0.0027,0.0012,0.0021,0.0038,no,0.0082,1.6,,0.0000,,,,
059003.000158,even,2.5,37011.920,36923.0,-66 f25d (3P) 4P,0.9454,0.0000,+0.17400,-0.05891,+0.19839,+0.46930,-0.03281,+0.15831,+0.00000,+0.00000,+0.00000,+0.00000,+0.00000,+0.00000,+0.00000,+0.00000,+0.00000,+0.00000,+0.00000,+0.00000,+0.00000,+0.00000,+0.00000,+0.00000,+0.00000,+0.00000,+0.00000,+0.00000,+0.00000,+0.00000,+0.00000,+0.00000,+0.0087,0.0001,0.0007,0.0020,0.0012,0.0009,0.0026,no,0.0052,2.6,,0.0000,,,,
059003.000163,even,2.5,38694.510,38629.0,67 f25d (3P) 4P,0.9592,0.0036,-0.00090,+0.09523,+0.22676,+0.58925,-0.07235,+0.18114,+0.00000,+0.00000,+0.00000,+0.00000,+0.00000,+0.00000,+0.00000,+0.00000,+0.00000,+0.00000,+0.00000,+0.00000,+0.00000,+0.00000,+0.00000,+0.00000,+0.00000,+0.00000,+0.00000,+0.00000,+0.00000,+0.00000,+0.00000,+0.00000,+0.0092,0.0000,0.0004,0.0016,0.0013,0.0009,0.0023,no,0.0026,2.5,,0.0000,,,,
059003.000175,even,2.5,40098.660,40240.0,88 f25d (3P) 4D,0.9649,0.0025,+0.22025,+0.02814,+0.23789,+0.43424,+0.10033,+0.10503,+0.00000,+0.00000,+0.00000,+0.00000,+0.00000,+0.00000,+0.00000,+0.00000,+0.00000,+0.00000,+0.00000,+0.00000,+0.00000,+0.00000,+0.00000,+0.00000,+0.00000,+0.00000,+0.00000,+0.00000,+0.00000,+0.00000,+0.00000,+0.00000,+0.0162,0.0000,0.0004,0.0014,0.0010,0.0016,0.0024,no,0.0027,1.4,,0.0000,,,,
059003.000180,even,2.5,44903.420,44686.0,-83 f25d (3P) 2F,0.9526,0.0025,+0.43716,-0.14956,-0.14574,+0.68880,-0.03296,+0.01715,+0.00000,+0.00000,+0.00000,+0.00000,+0.00000,+0.00000,+0.00000,+0.00000,+0.00000,+0.00000,+0.00000,+0.00000,+0.00000,+0.00000,+0.00000,+0.00000,+0.00000,+0.00000,+0.00000,+0.00000,+0.00000,+0.00000,+0.00000,+0.00000,+0.0226,0.0000,0.0007,0.0011,0.0010,0.0023,0.0028,no,0.0054,1.5,,0.0000,,,,
059003.000182,even,2.5,45807.100,45906.0,-92 f26s (1D) 2D,0.9603,0.0029,+0.76372,-0.01403,+0.03247,+0.00100,+0.00000,+0.00000,+0.19898,+0.00039,+0.00010,+0.00042,+0.00000,+0.00000,+0.00000,+0.00000,+0.00000,+0.00000,+0.00000,+0.00000,+0.00000,+0.00000,+0.00000,+0.00000,+0.00000,+0.00000,+0.00000,+0.00000,+0.00000,+0.00000,+0.00000,+0.00000,+0.1499,0.0000,0.0009,0.0016,0.0010,0.0000,0.0021,yes,0.0067,1.0,,0.0000,+0.1489,0.0049,-0.0010,-0.2
059003.000186,even,2.5,48745.480,48792.0,93 f25d (3P) 2D,0.9794,0.0000,+0.21775,-0.02090,+0.22891,+0.59403,-0.01426,-0.04068,+0.00000,+0.00000,+0.00000,+0.00000,+0.00000,+0.00000,+0.00000,+0.00000,+0.00000,+0.00000,+0.00000,+0.00000,+0.00000,+0.00000,+0.00000,+0.00000,+0.00000,+0.00000,+0.00000,+0.00000,+0.00000,+0.00000,+0.00000,+0.00000,+0.0200,0.0000,0.0002,0.0014,0.0009,0.0020,0.0026,no,0.0017,1.1,,0.0000,,,,
059003.000191,even,2.5,51312.800,51384.0,-93 f26s (3P) 4P,0.9577,0.0050,+0.43206,+0.04036,+0.36164,+0.00081,+0.00019,+0.00109,+0.19852,+0.00025,+0.00006,+0.00042,+0.00000,+0.00000,+0.00000,+0.00000,+0.00000,+0.00000,+0.00000,+0.00000,+0.00000,+0.00000,+0.00000,+0.00000,+0.00000,+0.00000,+0.00000,+0.00000,+0.00000,+0.00000,+0.00000,+0.00000,+0.1416,0.0000,0.0011,0.0013,0.0009,0.0000,0.0019,yes,0.0081,1.0,,0.0000,+0.1402,0.0043,-0.0014,-0.3
059003.000319,even,2.5,101071.430,101034.0,-90 f26d (3H) 4G,0.9630,0.0000,+1.56686,+0.19887,-0.26616,+0.00529,+0.00018,-0.00151,+0.00000,-0.00026,-0.00238,-0.00114,+0.00000,+0.00000,-0.18482,-0.16724,-0.11827,+0.00000,+0.00000,+0.00000,+0.00000,+0.00000,+0.00000,+0.00000,+0.00000,+0.00000,+0.00000,+0.00000,+0.00000,+0.00000,+0.00000,+0.00000,+0.0497,0.0000,0.0005,0.0010,0.0011,0.0050,0.0052,no,0.0037,1.1,,0.0000,,,,
059003.000322,even,2.5,101665.580,101644.0,71 f26d (3H) 4F,0.9777,0.0000,+1.47078,+0.20275,-0.23076,+0.00540,+0.00017,-0.00155,+0.00000,-0.00309,-0.00027,+0.00231,+0.00000,+0.00000,-0.41194,+0.02376,+0.16885,+0.00000,+0.00000,+0.00000,+0.00000,+0.00000,+0.00000,+0.00000,+0.00000,+0.00000,+0.00000,+0.00000,+0.00000,+0.00000,+0.00000,+0.00000,+0.0452,0.0000,0.0002,0.0012,0.0011,0.0045,0.0048,no,0.0017,1.1,,0.0000,,,,
059003.000543,even,2.5,103973.350,103945.0,-66 f26d (3H) 4F,0.9632,0.0000,+1.62037,+0.04718,+0.05932,+0.00615,+0.00009,+0.00056,+0.00000,-0.00351,+0.00053,-0.00188,+0.00001,+0.00000,-0.54265,+0.07655,-0.13836,+0.00000,+0.00000,+0.00000,+0.00000,+0.00000,+0.00000,+0.00000,+0.00000,+0.00000,+0.00000,+0.00000,+0.00000,+0.00000,+0.00000,+0.00000,+0.0465,0.0000,0.0005,0.0011,0.0011,0.0046,0.0049,no,0.0039,1.1,,0.0000,,,,
059003.000545,even,2.5,105338.510,105385.0,73 f27s (3F) 4F,0.9777,0.0000,+1.04156,-0.02024,-0.23753,+0.00050,-0.00009,-0.00013,+0.00000,+0.00025,+0.00006,+0.00024,+0.19514,+0.00000,-0.00009,+0.00006,+0.00007,+0.00000,+0.00000,+0.00000,+0.00000,+0.00000,+0.00000,+0.00000,+0.00000,+0.00000,+0.00000,+0.00000,+0.00000,+0.00000,+0.00000,+0.00000,+0.0761,0.0001,0.0004,0.0025,0.0047,0.0076,0.0093,no,0.0027,1.0,,0.0000,,,,
059003.000551,even,2.5,106384.650,106361.0,-58 f26d (3F) 4F,0.9504,0.0000,+0.43230,-0.00959,-0.05632,-0.00048,-0.00012,+0.00023,+0.00000,+0.00039,-0.00043,+0.00023,+0.00000,+0.00000,+0.44454,-0.03161,+0.17910,+0.00000,+0.00000,+0.00000,+0.00000,+0.00000,+0.00000,+0.00000,+0.00000,+0.00000,+0.00000,+0.00000,+0.00000,+0.00000,+0.00000,+0.00000,+0.0130,0.0000,0.0006,0.0014,0.0008,0.0013,0.0022,no,0.0047,1.2,,0.0000,,,,
059003.000344,even,2.5,106745.650,106793.0,74 f27s (3F) 2F,1.0006,0.0000,+1.06400,-0.03168,+0.07341,+0.00083,-0.00006,+0.00011,+0.00000,+0.00044,-0.00014,-0.00037,-0.13848,+0.00000,+0.00016,-0.00009,-0.00010,+0.00000,+0.00000,+0.00000,+0.00000,+0.00000,+0.00000,+0.00000,+0.00000,+0.00000,+0.00000,+0.00000,+0.00000,+0.00000,+0.00000,+0.00000,-0.0035,0.0001,0.0000,0.0022,0.0034,0.0004,0.0041,no,0.0000,18.2,,0.0000,,,,
059003.000556,even,2.5,107262.710,107274.0,62 f26d (3F) 4F,0.9647,0.0000,+0.83798,-0.04264,+0.15488,+0.00113,-0.00008,+0.00092,+0.00000,-0.00021,-0.00081,+0.00073,+0.00000,+0.00000,-0.07483,+0.03308,+0.07939,+0.00000,+0.00000,+0.00000,+0.00000,+0.00000,+0.00000,+0.00000,+0.00000,+0.00000,+0.00000,+0.00000,+0.00000,+0.00000,+0.00000,+0.00000,+0.0221,0.0000,0.0005,0.0011,0.0004,0.0022,0.0026,no,0.0037,1.2,,0.0000,,,,
059003.000652,even,2.5,,130042.0,92 f27d (3H) 4G,0.9738,0.0000,+1.44691,+0.17992,-0.24410,+0.00498,-0.00006,-0.00010,+0.00000,+0.01009,-0.00194,-0.00091,+0.00000,+0.00000,+0.00000,+0.00000,+0.00000,-0.08427,-0.10117,-0.13260,+0.00000,+0.00000,+0.00000,+0.00000,+0.00000,+0.00000,+0.00000,+0.00000,+0.00000,+0.00000,+0.00000,+0.00000,+0.0471,0.0000,0.0003,0.0015,0.0009,0.0047,0.0050,no,0.0024,1.0,,0.0000,,,,
059003.000636,even,2.5,,134187.0,71 f28s (3F) 4F,0.9785,0.0000,+1.04293,-0.01958,-0.23894,-0.00064,+0.00061,+0.00024,+0.00000,+0.00387,-0.00130,+0.00011,+0.00000,+0.19329,+0.00000,+0.00000,+0.00000,-0.00093,-0.00004,+0.00008,+0.00000,+0.00000,+0.00000,+0.00000,+0.00000,+0.00000,+0.00000,+0.00000,+0.00000,+0.00000,+0.00000,+0.00000,+0.0522,0.0000,0.0003,0.0016,0.0023,0.0052,0.0060,no,0.0022,1.0,,0.0000,,,,
059003.000585,even,2.5,134454.310,134474.0,77 f25g (3H) 4G,0.9999,0.0000,+0.67701,+0.08774,-0.11667,+0.00000,+0.00000,+0.00000,+0.00000,+0.00000,+0.00000,+0.00000,+0.00000,+0.00000,+0.00000,+0.00000,+0.00000,+0.00005,+0.00000,-0.00001,+0.00000,+0.00000,+0.00000,+0.00000,+0.00000,+0.00000,+0.58224,-0.07316,-0.14262,+0.00000,+0.00000,+0.00000,+0.0220,0.0001,0.0000,0.0021,0.0004,0.0022,0.0031,no,0.0001,1.0,,0.0000,,,,
059003.000588,even,2.5,134480.720,134518.0,-56 f25g (3H) 2F,0.9877,0.0000,+0.48787,+0.06461,-0.08207,+0.00000,+0.00000,+0.00000,+0.00000,+0.00000,+0.00000,+0.00000,+0.00000,+0.00000,+0.00000,+0.00000,+0.00000,+0.00003,-0.00000,+0.00002,+0.00000,+0.00000,+0.00000,+0.00000,+0.00000,+0.00000,+0.39429,+0.04997,+0.19987,+0.00000,+0.00000,+0.00000,+0.0159,0.0001,0.0002,0.0021,0.0003,0.0016,0.0027,no,0.0014,1.0,,0.0000,,,,
059003.000602,even,2.5,136620.170,136640.0,-55 f25g (3H) 4G,0.9638,0.0000,+1.05377,+0.02886,+0.03694,+0.00000,+0.00000,+0.00000,+0.00000,+0.00000,+0.00000,+0.00000,+0.00000,+0.00000,+0.00000,+0.00000,+0.00000,+0.02421,-0.00359,+0.00548,+0.00000,+0.00000,+0.00000,+0.00000,+0.00000,+0.00000,+0.00054,-0.10877,-0.12094,+0.00000,+0.00000,+0.00000,+0.0311,0.0001,0.0006,0.0020,0.0005,0.0031,0.0038,no,0.0041,1.0,,0.0000,,,,
059003.000603,even,2.5,136641.800,136674.0,-53 f25g (3H) 4D,0.9488,0.0000,+0.98751,+0.02772,+0.03792,+0.00000,+0.00000,+0.00000,+0.00000,+0.00000,+0.00000,+0.00000,+0.00000,+0.00000,+0.00000,+0.00000,+0.00000,+0.00397,-0.00158,+0.00474,+0.00000,+0.00000,+0.00000,+0.00000,+0.00000,+0.00000,-0.22324,+0.05091,+0.18909,+0.00000,+0.00000,+0.00000,+0.0291,0.0001,0.0008,0.0020,0.0005,0.0029,0.0037,no,0.0060,1.0,,0.0000,,,,
059003.000619,even,2.5,138883.810,138914.0,-67 f25g (3H) 2D,0.9665,0.0000,+1.39534,-0.08127,+0.27882,-0.00017,+0.00001,+0.00001,+0.00000,+0.00018,-0.00004,+0.00008,+0.00000,+0.00000,+0.00000,+0.00000,+0.00000,-0.00004,-0.00005,-0.00006,+0.00000,+0.00000,+0.00000,+0.00000,+0.00000,+0.00000,-0.53617,-0.10595,-0.13799,+0.00000,+0.00000,+0.00000,+0.0377,0.0000,0.0003,0.0015,0.0007,0.0038,0.0041,no,0.0024,1.1,,0.0000,,,,
059003.000053,even,3.5,16135.970,16039.0,62 f25d (3H) 4H,0.9697,0.0000,+1.13391,+0.07388,-0.14376,+0.02500,-0.02738,-0.01515,+0.00000,+0.00000,+0.00000,+0.00000,+0.00000,+0.00000,+0.00000,+0.00000,+0.00000,+0.00000,+0.00000,+0.00000,+0.00000,+0.00000,+0.00000,+0.00000,+0.00000,+0.00000,+0.00000,+0.00000,+0.00000,+0.00000,+0.00000,+0.00000,+0.0350,0.0000,0.0003,0.0015,0.0006,0.0035,0.0039,no,0.0023,1.0,,0.0000,,,,
059003.000054,even,3.5,16516.150,16397.0,68 f25d (3H) 4H,0.9813,0.0000,+0.98880,+0.11493,-0.10780,+0.18817,-0.04285,-0.06918,+0.00000,+0.00000,+0.00000,+0.00000,+0.00000,+0.00000,+0.00000,+0.00000,+0.00000,+0.00000,+0.00000,+0.00000,+0.00000,+0.00000,+0.00000,+0.00000,+0.00000,+0.00000,+0.00000,+0.00000,+0.00000,+0.00000,+0.00000,+0.00000,+0.0370,0.0000,0.0002,0.0014,0.0007,0.0037,0.0040,no,0.0013,1.1,,0.0000,,,,
059003.000067,even,3.5,18990.080,18892.0,-92 f25d (3F) 4H,0.9715,0.0070,+0.82069,-0.00081,-0.21307,+0.49354,+0.11398,-0.10836,+0.00000,+0.00000,+0.00000,+0.00000,+0.00000,+0.00000,+0.00000,+0.00000,+0.00000,+0.00000,+0.00000,+0.00000,+0.00000,+0.00000,+0.00000,+0.00000,+0.00000,+0.00000,+0.00000,+0.00000,+0.00000,+0.00000,+0.00000,+0.00000,+0.0404,0.0000,0.0003,0.0005,0.0012,0.0040,0.0043,no,0.0019,1.0,,0.0000,,,,
059003.000073,even,3.5,19872.430,20318.0,51 f25d (3H) 4F,0.9476,0.0000,+0.99887,+0.05956,+0.01624,-0.11543,-0.00302,+0.10031,+0.00000,+0.00000,+0.00000,+0.00000,+0.00000,+0.00000,+0.00000,+0.00000,+0.00000,+0.00000,+0.00000,+0.00000,+0.00000,+0.00000,+0.00000,+0.00000,+0.00000,+0.00000,+0.00000,+0.00000,+0.00000,+0.00000,+0.00000,+0.00000,+0.0248,0.0000,0.0005,0.0012,0.0008,0.0025,0.0029,no,0.0034,1.4,,0.0000,,,,
059003.000080,even,3.5,21294.890,21367.0,-53 f25d (3F) 2F,0.9432,0.0000,+0.89121,+0.04636,+0.03592,+0.07197,-0.00966,+0.00090,+0.00000,+0.00000,+0.00000,+0.00000,+0.00000,+0.00000,+0.00000,+0.00000,+0.00000,+0.00000,+0.00000,+0.00000,+0.00000,+0.00000,+0.00000,+0.00000,+0.00000,+0.00000,+0.00000,+0.00000,+0.00000,+0.00000,+0.00000,+0.00000,+0.0283,0.0000,0.0006,0.0010,0.0005,0.0028,0.0031,no,0.0041,1.0,,0.0000,,,,
059003.000085,even,3.5,22080.940,22005.0,-61 f25d (3F) 4G,0.9485,0.0000,+0.92014,+0.01270,+0.03434,+0.01312,-0.01429,+0.03240,+0.00000,+0.00000,+0.00000,+0.00000,+0.00000,+0.00000,+0.00000,+0.00000,+0.00000,+0.00000,+0.00000,+0.00000,+0.00000,+0.00000,+0.00000,+0.00000,+0.00000,+0.00000,+0.00000,+0.00000,+0.00000,+0.00000,+0.00000,+0.00000,+0.0258,0.0000,0.0005,0.0009,0.0005,0.0026,0.0028,no,0.0039,1.1,,0.0000,,,,
059003.000087,even,3.5,22527.700,22729.0,48 f25d (3H) 2G,0.9214,0.0000,+0.96757,+0.07720,+0.09203,-0.00914,+0.01317,-0.05047,+0.00000,+0.00000,+0.00000,+0.00000,+0.00000,+0.00000,+0.00000,+0.00000,+0.00000,+0.00000,+0.00000,+0.00000,+0.00000,+0.00000,+0.00000,+0.00000,+0.00000,+0.00000,+0.00000,+0.00000,+0.00000,+0.00000,+0.00000,+0.00000,+0.0315,0.0000,0.0007,0.0014,0.0006,0.0032,0.0036,no,0.0048,1.0,,0.0000,,,,
059003.000097,even,3.5,23651.880,23606.0,-46 f25d (1G) 2G,0.9311,0.0000,+0.89970,+0.04574,+0.05879,-0.01364,+0.01727,+0.05515,+0.00000,+0.00000,+0.00000,+0.00000,+0.00000,+0.00000,+0.00000,+0.00000,+0.00000,+0.00000,+0.00000,+0.00000,+0.00000,+0.00000,+0.00000,+0.00000,+0.00000,+0.00000,+0.00000,+0.00000,+0.00000,+0.00000,+0.00000,+0.00000,+0.0256,0.0000,0.0006,0.0012,0.0006,0.0026,0.0029,no,0.0043,1.1,,0.0000,,,,
059003.000105,even,3.5,24470.900,24335.0,-77 f25d (3F) 4D,0.9284,0.0000,+0.56915,+0.00212,+0.17508,+0.14496,+0.02082,+0.11082,+0.00000,+0.00000,+0.00000,+0.00000,+0.00000,+0.00000,+0.00000,+0.00000,+0.00000,+0.00000,+0.00000,+0.00000,+0.00000,+0.00000,+0.00000,+0.00000,+0.00000,+0.00000,+0.00000,+0.00000,+0.00000,+0.00000,+0.00000,+0.00000,+0.0170,0.0000,0.0006,0.0017,0.0008,0.0017,0.0026,no,0.0043,1.4,,0.0000,,,,
059003.000111,even,3.5,25409.740,25726.0,-62 f25d (3F) 4F,0.9398,0.0000,+0.82241,+0.01446,+0.05459,+0.11269,-0.03113,+0.01031,+0.00000,+0.00000,+0.00000,+0.00000,+0.00000,+0.00000,+0.00000,+0.00000,+0.00000,+0.00000,+0.00000,+0.00000,+0.00000,+0.00000,+0.00000,+0.00000,+0.00000,+0.00000,+0.00000,+0.00000,+0.00000,+0.00000,+0.00000,+0.00000,+0.0256,0.0000,0.0006,0.0015,0.0004,0.0026,0.0030,no,0.0040,1.1,,0.0000,,,,
059003.000115,even,3.5,26446.970,26675.0,-51 f25d (3H) 2F,0.9506,0.0000,+0.98659,-0.08408,+0.16013,-0.15213,+0.04742,+0.00541,+0.00000,+0.00000,+0.00000,+0.00000,+0.00000,+0.00000,+0.00000,+0.00000,+0.00000,+0.00000,+0.00000,+0.00000,+0.00000,+0.00000,+0.00000,+0.00000,+0.00000,+0.00000,+0.00000,+0.00000,+0.00000,+0.00000,+0.00000,+0.00000,+0.0234,0.0000,0.0005,0.0012,0.0005,0.0023,0.0027,no,0.0038,1.5,,0.0000,,,,
059003.000119,even,3.5,27138.550,27001.0,64 f25d (3F) 2G,0.9125,0.0000,+0.77268,+0.00552,-0.04351,+0.28382,+0.01363,-0.01299,+0.00000,+0.00000,+0.00000,+0.00000,+0.00000,+0.00000,+0.00000,+0.00000,+0.00000,+0.00000,+0.00000,+0.00000,+0.00000,+0.00000,+0.00000,+0.00000,+0.00000,+0.00000,+0.00000,+0.00000,+0.00000,+0.00000,+0.00000,+0.00000,+0.0295,0.0000,0.0009,0.0011,0.0006,0.0029,0.0033,no,0.0062,1.0,,0.0000,,,,
059003.000125,even,3.5,28399.430,28413.0,-97 f26s (3H) 4H,0.9677,0.0010,+1.32467,+0.17633,-0.21615,+0.00113,+0.00008,-0.00023,-0.11070,+0.00046,+0.00008,-0.00023,+0.00000,+0.00000,+0.00000,+0.00000,+0.00000,+0.00000,+0.00000,+0.00000,+0.00000,+0.00000,+0.00000,+0.00000,+0.00000,+0.00000,+0.00000,+0.00000,+0.00000,+0.00000,+0.00000,+0.00000,-0.0283,0.0000,0.0005,0.0010,0.0009,0.0000,0.0015,yes,0.0038,4.1,,0.0000,-0.0275,0.0023,+0.0008,+0.3
059003.000135,even,3.5,31254.710,30995.0,-57 f25d (1G) 2F,0.9360,0.0000,+0.76669,-0.08034,+0.07781,+0.11957,-0.00461,+0.03593,+0.00000,+0.00000,+0.00000,+0.00000,+0.00000,+0.00000,+0.00000,+0.00000,+0.00000,+0.00000,+0.00000,+0.00000,+0.00000,+0.00000,+0.00000,+0.00000,+0.00000,+0.00000,+0.00000,+0.00000,+0.00000,+0.00000,+0.00000,+0.00000,+0.0213,0.0000,0.0006,0.0009,0.0004,0.0021,0.0024,no,0.0047,1.3,,0.0000,,,,
059003.000145,even,3.5,34825.490,34647.0,88 f26s (3F) 4F,0.9622,0.0000,+0.74187,-0.01971,+0.10180,+0.06332,+0.01563,-0.00503,+0.09804,+0.00000,+0.00000,+0.00000,+0.00000,+0.00000,+0.00000,+0.00000,+0.00000,+0.00000,+0.00000,+0.00000,+0.00000,+0.00000,+0.00000,+0.00000,+0.00000,+0.00000,+0.00000,+0.00000,+0.00000,+0.00000,+0.00000,+0.00000,+0.0859,0.0003,0.0007,0.0108,0.0006,0.0004,0.0108,yes,0.0050,1.0,,0.0000,+0.0881,0.0019,+0.0022,+1.1
059003.000146,even,3.5,35024.490,34948.0,-63 f25d (1D) 2G,0.9418,0.0000,+0.62104,-0.03753,+0.02585,+0.37602,+0.09279,-0.04334,+0.02043,+0.00000,+0.00000,+0.00000,+0.00000,+0.00000,+0.00000,+0.00000,+0.00000,+0.00000,+0.00000,+0.00000,+0.00000,+0.00000,+0.00000,+0.00000,+0.00000,+0.00000,+0.00000,+0.00000,+0.00000,+0.00000,+0.00000,+0.00000,+0.0418,0.0002,0.0011,0.0065,0.0008,0.0025,0.0071,no,0.0079,1.1,,0.0000,,,,
059003.000150,even,3.5,35801.120,35822.0,77 f26s (3F) 2F,0.9785,0.0000,+0.94222,+0.09343,+0.13521,+0.00648,+0.00011,+0.00254,-0.08648,+0.00012,-0.00004,-0.00008,+0.00000,+0.00000,+0.00000,+0.00000,+0.00000,+0.00000,+0.00000,+0.00000,+0.00000,+0.00000,+0.00000,+0.00000,+0.00000,+0.00000,+0.00000,+0.00000,+0.00000,+0.00000,+0.00000,+0.00000,-0.0260,0.0003,0.0004,0.0092,0.0007,0.0000,0.0093,yes,0.0027,3.3,,0.0000,-0.0249,0.0021,+0.0011,+0.5
059003.000153,even,3.5,36640.380,36701.0,61 f25d (1D) 2F,0.9399,0.0000,+0.45614,+0.02210,+0.06967,+0.42631,-0.00696,+0.04850,-0.00061,+0.00000,+0.00000,+0.00000,+0.00000,+0.00000,+0.00000,+0.00000,+0.00000,+0.00000,+0.00000,+0.00000,+0.00000,+0.00000,+0.00000,+0.00000,+0.00000,+0.00000,+0.00000,+0.00000,+0.00000,+0.00000,+0.00000,+0.00000,+0.0215,0.0000,0.0015,0.0014,0.0008,0.0022,0.0031,no,0.0111,1.2,,0.0000,,,,
059003.000160,even,3.5,37919.580,37983.0,77 f25d (3P) 4F,0.9490,0.0000,+0.31016,-0.11831,+0.10465,+0.47805,-0.01420,+0.10943,-0.00229,+0.00000,+0.00000,+0.00000,+0.00000,+0.00000,+0.00000,+0.00000,+0.00000,+0.00000,+0.00000,+0.00000,+0.00000,+0.00000,+0.00000,+0.00000,+0.00000,+0.00000,+0.00000,+0.00000,+0.00000,+0.00000,+0.00000,+0.00000,+0.0114,0.0001,0.0010,0.0022,0.0010,0.0012,0.0029,no,0.0071,2.5,,0.0000,,,,
059003.000165,even,3.5,38726.500,38733.0,-75 f26s (1G) 2G,0.9549,0.0000,+0.99350,-0.11463,+0.10015,+0.01138,+0.00006,+0.00212,-0.10732,+0.00026,+0.00008,-0.00010,+0.00000,+0.00000,+0.00000,+0.00000,+0.00000,+0.00000,+0.00000,+0.00000,+0.00000,+0.00000,+0.00000,+0.00000,+0.00000,+0.00000,+0.00000,+0.00000,+0.00000,+0.00000,+0.00000,+0.00000,-0.0438,0.0001,0.0008,0.0031,0.0007,0.0000,0.0032,yes,0.0056,2.3,,0.0000,-0.0431,0.0015,+0.0007,+0.4
059003.000177,even,3.5,41023.980,41252.0,-91 f25d (3P) 4D,0.9519,0.0077,+0.14985,-0.04474,+0.25200,+0.44888,-0.03161,+0.14118,+0.00000,+0.00000,+0.00000,+0.00000,+0.00000,+0.00000,+0.00000,+0.00000,+0.00000,+0.00000,+0.00000,+0.00000,+0.00000,+0.00000,+0.00000,+0.00000,+0.00000,+0.00000,+0.00000,+0.00000,+0.00000,+0.00000,+0.00000,+0.00000,+0.0084,0.0000,0.0004,0.0011,0.0011,0.0008,0.0018,no,0.0030,2.4,,0.0000,,,,
059003.000179,even,3.5,44679.980,44497.0,87 f25d (3P) 2F,0.9707,0.0025,+0.36915,+0.03825,+0.17276,+0.48887,+0.02085,-0.03335,+0.00000,+0.00000,+0.00000,+0.00000,+0.00000,+0.00000,+0.00000,+0.00000,+0.00000,+0.00000,+0.00000,+0.00000,+0.00000,+0.00000,+0.00000,+0.00000,+0.00000,+0.00000,+0.00000,+0.00000,+0.00000,+0.00000,+0.00000,+0.00000,+0.0242,0.0000,0.0004,0.0005,0.0008,0.0024,0.0026,no,0.0031,1.0,,0.0000,,,,
059003.000184,even,3.5,46783.640,46850.0,98 f25d (1I) 2G,0.9913,0.0079,+1.52802,+0.00138,-0.00192,-0.42581,+0.06108,-0.10772,+0.00000,-0.00036,+0.00007,-0.00018,+0.00000,+0.00000,+0.00000,+0.00000,+0.00000,+0.00000,+0.00000,+0.00000,+0.00000,+0.00000,+0.00000,+0.00000,+0.00000,+0.00000,+0.00000,+0.00000,+0.00000,+0.00000,+0.00000,+0.00000,+0.0387,0.0000,0.0001,0.0007,0.0011,0.0039,0.0041,no,0.0008,1.5,,0.0000,,,,
059003.000541,even,3.5,100214.990,100143.0,-97 f27s (3H) 4H,0.9762,0.0000,+1.32567,+0.17580,-0.21657,+0.00038,+0.00001,-0.00011,+0.00000,+0.00025,+0.00007,-0.00010,-0.10971,+0.00000,+0.00133,-0.00076,-0.00115,+0.00000,+0.00000,+0.00000,+0.00000,+0.00000,+0.00000,+0.00000,+0.00000,+0.00000,+0.00000,+0.00000,+0.00000,+0.00003,+0.00001,-0.00001,+0.0168,0.0000,0.0002,0.0008,0.0027,0.0017,0.0033,no,0.0015,4.1,,0.0000,,,,
059003.000317,even,3.5,100788.950,100766.0,92 f26d (3H) 4H,0.9911,0.0000,+1.18062,+0.14961,-0.20232,+0.00197,+0.00011,-0.00056,+0.00000,+0.00078,-0.00010,-0.00056,-0.00136,+0.00000,+0.11953,-0.06262,-0.09811,+0.00000,+0.00000,+0.00000,+0.00000,+0.00000,+0.00000,+0.00000,+0.00000,+0.00000,+0.00000,+0.00000,+0.00000,+0.00000,+0.00000,+0.00000,+0.0388,0.0000,0.0001,0.0009,0.0007,0.0039,0.0040,no,0.0008,1.0,,0.0000,,,,
059003.000321,even,3.5,101446.270,101350.0,-72 f26d (3H) 4G,0.9714,0.0000,+1.06557,+0.13828,-0.16558,+0.00265,+0.00008,-0.00067,+0.00000,+0.00040,+0.00025,+0.00097,+0.00000,+0.00000,-0.03005,+0.03729,+0.12671,+0.00000,+0.00000,+0.00000,+0.00000,+0.00000,+0.00000,+0.00000,+0.00000,+0.00000,+0.00000,+0.00000,+0.00000,+0.00000,+0.00000,+0.00000,+0.0339,0.0000,0.0003,0.0008,0.0007,0.0034,0.0036,no,0.0020,1.1,,0.0000,,,,
059003.000329,even,3.5,103308.530,103270.0,-59 f26d (3H) 4G,0.9616,0.0000,+1.25283,+0.04027,+0.04523,+0.00374,+0.00004,+0.00020,+0.00000,-0.00168,-0.00118,+0.00069,+0.00000,+0.00000,-0.28233,-0.14462,-0.01868,+0.00000,+0.00000,+0.00000,+0.00000,+0.00000,+0.00000,+0.00000,+0.00000,+0.00000,+0.00000,+0.00000,+0.00000,+0.00000,+0.00000,+0.00000,+0.0351,0.0000,0.0004,0.0006,0.0009,0.0035,0.0037,no,0.0027,1.1,,0.0000,,,,
059003.000334,even,3.5,103895.830,103795.0,-73 f26d (3H) 4F,0.9690,0.0000,+1.14793,+0.03215,+0.03846,+0.00374,+0.00004,+0.00047,+0.00000,-0.00145,+0.00034,+0.00076,+0.00000,+0.00000,-0.24672,+0.03822,+0.05680,+0.00000,+0.00000,+0.00000,+0.00000,+0.00000,+0.00000,+0.00000,+0.00000,+0.00000,+0.00000,+0.00000,+0.00000,+0.00000,+0.00000,+0.00000,+0.0326,0.0000,0.0003,0.0008,0.0007,0.0033,0.0034,no,0.0023,1.1,,0.0000,,,,
059003.000547,even,3.5,105534.640,105646.0,94 f26d (3F) 4H,0.9911,0.0009,+0.75385,-0.01235,-0.19414,+0.00128,+0.00010,-0.00035,+0.00000,+0.00024,+0.00007,-0.00010,+0.00000,+0.00000,+0.54853,+0.13178,-0.11022,+0.00000,+0.00000,+0.00000,+0.00000,+0.00000,+0.00000,+0.00000,+0.00000,+0.00000,+0.00000,+0.00000,+0.00000,+0.00000,+0.00000,+0.00000,+0.0253,0.0000,0.0001,0.0008,0.0011,0.0025,0.0029,no,0.0009,1.0,,0.0000,,,,
059003.000549,even,3.5,106224.220,106233.0,81 f26d (3H) 2F,0.9739,0.0000,+1.24224,-0.07503,+0.25192,+0.00301,-0.00005,+0.00112,+0.00000,-0.00172,+0.00028,-0.00091,+0.00029,+0.00000,-0.39030,+0.05560,-0.10566,+0.00000,+0.00000,+0.00000,+0.00000,+0.00000,+0.00000,+0.00000,+0.00000,+0.00000,+0.00000,+0.00000,+0.00000,+0.00000,+0.00000,+0.00000,+0.0326,0.0000,0.0004,0.0007,0.0008,0.0033,0.0035,no,0.0026,1.3,,0.0000,,,,
059003.000553,even,3.5,106468.420,106457.0,77 f26d (3F) 4G,0.9818,0.0000,+0.55596,-0.01127,-0.08752,+0.00124,-0.00024,-0.00003,+0.00000,+0.00166,+0.00037,-0.00003,+0.00029,+0.00000,+0.42040,-0.02796,+0.10805,+0.00000,+0.00000,+0.00000,+0.00000,+0.00000,+0.00000,+0.00000,+0.00000,+0.00000,+0.00000,+0.00000,+0.00000,+0.00000,+0.00000,+0.00000,+0.0170,0.0000,0.0003,0.0012,0.0007,0.0017,0.0022,no,0.0019,1.1,,0.0000,,,,
059003.000343,even,3.5,106665.070,106699.0,92 f27s (3F) 4F,0.9838,0.0000,+0.77699,-0.02514,+0.08995,+0.00048,-0.00002,+0.00016,+0.00000,+0.00021,-0.00004,+0.00016,+0.13379,+0.00000,-0.00122,+0.00046,-0.00051,+0.00000,+0.00000,+0.00000,+0.00000,+0.00000,+0.00000,+0.00000,+0.00000,+0.00000,+0.00000,+0.00000,+0.00000,+0.00000,+0.00000,+0.00000,+0.0537,0.0001,0.0002,0.0022,0.0032,0.0054,0.0067,no,0.0012,1.0,,0.0000,,,,
059003.000555,even,3.5,107223.200,107311.0,-74 f27s (3F) 2F,0.9748,0.0000,+0.94079,+0.09459,+0.14885,+0.00000,+0.00000,+0.00000,+0.00000,+0.00000,+0.00000,+0.00000,-0.09795,+0.00000,+0.00972,+0.00317,-0.00141,+0.00000,+0.00000,+0.00000,+0.00000,+0.00000,+0.00000,+0.00000,+0.00000,+0.00000,+0.00000,+0.00000,+0.00000,+0.00000,+0.00000,+0.00000,+0.0063,0.0001,0.0002,0.0025,0.0024,0.0006,0.0035,no,0.0016,8.5,,0.0000,,,,
059003.000346,even,3.5,107299.070,107348.0,52 f26d (3F) 4G,0.9424,0.0000,+0.69839,+0.00307,+0.06693,+0.00000,+0.00000,+0.00000,+0.00000,+0.00000,+0.00000,+0.00000,-0.00203,+0.00000,+0.22473,+0.08533,+0.01198,+0.00000,+0.00000,+0.00000,+0.00000,+0.00000,+0.00000,+0.00000,+0.00000,+0.00000,+0.00000,+0.00000,+0.00000,+0.00000,+0.00000,+0.00000,+0.0211,0.0000,0.0008,0.0013,0.0006,0.0021,0.0027,no,0.0055,1.1,,0.0000,,,,
059003.000625,even,3.5,,108099.0,68 f26d (3F) 2G,0.9668,0.0000,+0.62357,-0.01550,+0.03367,+0.00106,-0.00019,-0.00038,+0.00000,+0.00141,-0.00015,+0.00019,+0.00000,+0.00000,+0.32733,-0.05331,+0.01316,+0.00000,+0.00000,+0.00000,+0.00000,+0.00000,+0.00000,+0.00000,+0.00000,+0.00000,+0.00000,+0.00000,+0.00000,+0.00000,+0.00000,+0.00000,+0.0188,0.0000,0.0004,0.0011,0.0005,0.0019,0.0022,no,0.0031,1.1,,0.0000,,,,
059003.000668,even,3.5,,111466.0,59 f26d (1G) 2F,0.9712,0.0000,+0.78064,-0.08632,+0.08021,+0.00137,+0.00000,+0.00000,+0.00000,+0.00021,-0.00045,-0.00041,+0.00000,+0.00000,+0.10746,-0.01375,+0.03052,+0.00000,+0.00000,+0.00000,+0.00000,+0.00000,+0.00000,+0.00000,+0.00000,+0.00000,+0.00000,+0.00000,+0.00000,+0.00000,+0.00000,+0.00000,+0.0202,0.0000,0.0003,0.0006,0.0004,0.0020,0.0022,no,0.0021,1.3,,0.0000,,,,
059003.000564,even,3.5,115439.450,115771.0,-63 fd6p (3H) 4H,0.9136,0.0000,+0.73096,+0.12887,-0.04335,+0.45945,+0.13304,-0.06155,+0.00000,-0.02753,-0.14331,-0.05797,+0.00000,+0.00000,+0.00000,+0.00000,+0.00000,+0.00000,+0.00000,+0.00000,+0.00000,+0.00000,+0.00000,+0.00000,+0.00000,+0.00000,+0.00000,+0.00000,+0.00000,+0.00000,+0.00000,+0.00000,+0.0316,0.0001,0.0007,0.0022,0.0038,0.0032,0.0054,no,0.0053,1.5,,0.0000,,,,
059003.000667,even,3.5,,117700.0,-56 fd6p (3H) 4H,0.9074,0.0000,+0.71312,+0.07385,-0.07707,+0.37547,+0.03547,-0.04080,+0.00000,+0.05218,+0.00761,-0.02292,+0.00000,+0.00000,+0.00000,+0.00000,+0.00000,+0.00000,+0.00000,+0.00000,+0.00000,+0.00000,+0.00000,+0.00000,+0.00000,+0.00000,+0.00000,+0.00000,+0.00000,+0.00000,+0.00000,+0.00000,+0.0355,0.0001,0.0011,0.0029,0.0013,0.0036,0.0049,no,0.0082,1.0,,0.0000,,,,
059003.000678,even,3.5,,118601.0,-48 f26d (1D) 2G,0.8864,0.0000,+0.58960,+0.05917,+0.00199,+0.26166,-0.00727,-0.04113,+0.00000,+0.08936,+0.06951,-0.01700,+0.00000,+0.00000,+0.14440,+0.03242,-0.02888,+0.00000,+0.00000,+0.00000,+0.00000,+0.00000,+0.00000,+0.00000,+0.00000,+0.00000,+0.00000,+0.00000,+0.00000,+0.00000,+0.00000,+0.00000,+0.0336,0.0001,0.0013,0.0031,0.0026,0.0034,0.0054,no,0.0094,1.0,,0.0000,,,,
059003.000672,even,3.5,,120145.0,-61 fd6p (3F) 4F,0.9023,0.0000,+0.68206,-0.01943,+0.03050,+0.18365,+0.04234,+0.06886,+0.00000,-0.02022,-0.09263,+0.05516,+0.00000,+0.00000,+0.00000,+0.00000,+0.00000,+0.00000,+0.00000,+0.00000,+0.00000,+0.00000,+0.00000,+0.00000,+0.00000,+0.00000,+0.00000,+0.00000,+0.00000,+0.00000,+0.00000,+0.00000,+0.0167,0.0000,0.0012,0.0017,0.0024,0.0017,0.0036,no,0.0091,2.0,,0.0000,,,,
059003.000571,even,3.5,129009.150,128985.0,99 f28s (3H) 4H,1.0062,0.0000,+1.32738,+0.17678,-0.21648,+0.00015,+0.00000,-0.00004,+0.00000,+0.00011,+0.00003,-0.00004,+0.00000,-0.11106,+0.00000,+0.00000,+0.00000,+0.00000,+0.00000,+0.00000,+0.00000,+0.00000,+0.00000,+0.00000,+0.00000,+0.00000,+0.00000,+0.00000,+0.00000,+0.00000,+0.00000,+0.00000,+0.0301,0.0000,0.0000,0.0006,0.0015,0.0030,0.0034,no,0.0000,1.9,,0.0000,,,,
059003.000582,even,3.5,134425.980,134427.0,79 f25g (3H) 4H,0.9882,0.0000,+0.67242,+0.08808,-0.11305,+0.00000,+0.00000,+0.00000,+0.00000,+0.00000,+0.00000,+0.00000,+0.00000,+0.00000,+0.00000,+0.00000,+0.00000,+0.00005,+0.00001,-0.00001,+0.00000,+0.00000,+0.00000,+0.00000,+0.00000,+0.00000,+0.55161,-0.02145,-0.11103,+0.00000,+0.00000,+0.00000,+0.0218,0.0000,0.0001,0.0012,0.0004,0.0022,0.0025,no,0.0009,1.0,,0.0000,,,,
059003.000586,even,3.5,134454.760,134474.0,-57 f25g (3H) 2G,0.9776,0.0000,+0.51273,+0.06752,-0.08640,+0.00000,+0.00000,+0.00000,+0.00000,+0.00000,+0.00000,+0.00000,+0.00000,+0.00000,+0.00000,+0.00000,+0.00000,+0.00000,+0.00000,+0.00000,+0.00000,+0.00000,+0.00000,+0.00000,+0.00000,+0.00000,+0.43089,+0.02765,+0.14277,+0.00000,+0.00000,+0.00000,+0.0167,0.0000,0.0003,0.0011,0.0003,0.0017,0.0020,no,0.0020,1.0,,0.0000,,,,
059003.000428,even,3.5,135445.200,135533.0,-90 f28s (3F) 4F,0.9749,0.0000,+0.78180,-0.02595,+0.08589,+0.00111,+0.00017,+0.00031,+0.00000,-0.00009,+0.00009,-0.00026,+0.00000,+0.13549,+0.00000,+0.00000,+0.00000,-0.00323,+0.00051,-0.00101,+0.00000,+0.00000,+0.00000,+0.00000,+0.00000,+0.00000,+0.00000,+0.00000,+0.00000,+0.00000,+0.00000,+0.00000,+0.0376,0.0000,0.0002,0.0010,0.0016,0.0038,0.0042,no,0.0017,1.0,,0.0000,,,,
059003.000600,even,3.5,136596.370,136634.0,53 f25g (3H) 4D,0.9794,0.0000,+0.75337,+0.02320,+0.02933,+0.00005,+0.00000,+0.00000,+0.00000,-0.00002,+0.00000,-0.00001,+0.00000,+0.00000,+0.00000,+0.00000,+0.00000,+0.00031,+0.00018,+0.00044,+0.00000,+0.00000,+0.00000,+0.00000,+0.00000,+0.00000,+0.07431,+0.04832,+0.14222,+0.00000,+0.00000,+0.00000,+0.0223,0.0000,0.0003,0.0012,0.0004,0.0022,0.0026,no,0.0024,1.0,,0.0000,,,,
059003.000618,even,3.5,138874.910,138869.0,69 f25g (3H) 2F,0.9792,0.0000,+0.97960,-0.05763,+0.20240,+0.00000,+0.00000,+0.00000,+0.00000,+0.00000,+0.00000,+0.00000,+0.00000,-0.00005,+0.00000,+0.00000,+0.00000,+0.00000,+0.00000,+0.00000,+0.00000,+0.00000,+0.00000,+0.00000,+0.00000,+0.00000,-0.07169,-0.08538,-0.11027,+0.00000,+0.00000,+0.00000,+0.0265,0.0000,0.0001,0.0010,0.0005,0.0026,0.0029,no,0.0010,1.1,,0.0000,,,,
059003.000041,even,4.5,12846.660,13012.0,-68 f25d (3H) 4I,0.9593,0.0008,+0.97024,+0.09654,-0.15879,+0.20300,+0.06597,-0.01529,+0.00000,+0.00000,+0.00000,+0.00000,+0.00000,+0.00000,+0.00000,+0.00000,+0.00000,+0.00000,+0.00000,+0.00000,+0.00000,+0.00000,+0.00000,+0.00000,+0.00000,+0.00000,+0.00000,+0.00000,+0.00000,+0.00000,+0.00000,+0.00000,+0.0372,0.0000,0.0004,0.0010,0.0007,0.0037,0.0039,no,0.0029,1.0,,0.0000,,,,
059003.000045,even,4.5,14558.820,14601.0,69 f25d (3H) 4I,0.9671,0.0000,+0.92192,+0.07458,-0.15259,+0.24941,-0.04643,-0.01875,+0.00000,+0.00000,+0.00000,+0.00000,+0.00000,+0.00000,+0.00000,+0.00000,+0.00000,+0.00000,+0.00000,+0.00000,+0.00000,+0.00000,+0.00000,+0.00000,+0.00000,+0.00000,+0.00000,+0.00000,+0.00000,+0.00000,+0.00000,+0.00000,+0.0337,0.0000,0.0003,0.0011,0.0006,0.0034,0.0036,no,0.0020,1.1,,0.0000,,,,
059003.000060,even,4.5,17627.000,17501.0,63 f25d (3H) 4H,0.9823,0.0013,+0.90153,-0.00428,+0.03248,+0.01777,-0.01271,+0.04689,+0.00000,+0.00000,+0.00000,+0.00000,+0.00000,+0.00000,+0.00000,+0.00000,+0.00000,+0.00000,+0.00000,+0.00000,+0.00000,+0.00000,+0.00000,+0.00000,+0.00000,+0.00000,+0.00000,+0.00000,+0.00000,+0.00000,+0.00000,+0.00000,+0.0245,0.0000,0.0002,0.0009,0.0005,0.0025,0.0027,no,0.0014,1.1,,0.0000,,,,
059003.000062,even,4.5,18063.360,17933.0,67 f25d (3H) 4H,0.9789,0.0013,+0.79481,+0.05282,+0.05611,+0.15278,-0.02203,-0.00503,+0.00000,+0.00000,+0.00000,+0.00000,+0.00000,+0.00000,+0.00000,+0.00000,+0.00000,+0.00000,+0.00000,+0.00000,+0.00000,+0.00000,+0.00000,+0.00000,+0.00000,+0.00000,+0.00000,+0.00000,+0.00000,+0.00000,+0.00000,+0.00000,+0.0274,0.0000,0.0002,0.0009,0.0005,0.0027,0.0029,no,0.0016,1.0,,0.0000,,,,
059003.000075,even,4.5,20315.650,20231.0,92 f25d (3F) 4H,0.9829,0.0058,+0.64433,+0.00688,-0.00475,+0.37848,+0.05938,-0.02396,+0.00000,+0.00000,+0.00000,+0.00000,+0.00000,+0.00000,+0.00000,+0.00000,+0.00000,+0.00000,+0.00000,+0.00000,+0.00000,+0.00000,+0.00000,+0.00000,+0.00000,+0.00000,+0.00000,+0.00000,+0.00000,+0.00000,+0.00000,+0.00000,+0.0293,0.0000,0.0002,0.0009,0.0008,0.0029,0.0032,no,0.0012,1.0,,0.0000,,,,
059003.000082,even,4.5,21535.170,21439.0,54 f25d (1G) 2H,0.9297,0.0000,+0.78124,+0.08112,+0.04910,+0.14920,+0.03932,+0.02046,+0.00000,+0.00000,+0.00000,+0.00000,+0.00000,+0.00000,+0.00000,+0.00000,+0.00000,+0.00000,+0.00000,+0.00000,+0.00000,+0.00000,+0.00000,+0.00000,+0.00000,+0.00000,+0.00000,+0.00000,+0.00000,+0.00000,+0.00000,+0.00000,+0.0284,0.0000,0.0006,0.0012,0.0005,0.0028,0.0032,no,0.0046,1.0,,0.0000,,,,
059003.000088,even,4.5,22747.690,22695.0,67 f25d (3H) 4F,0.9438,0.0000,+0.88072,-0.01707,+0.14531,-0.07393,-0.05756,+0.04789,+0.00000,+0.00000,+0.00000,+0.00000,+0.00000,+0.00000,+0.00000,+0.00000,+0.00000,+0.00000,+0.00000,+0.00000,+0.00000,+0.00000,+0.00000,+0.00000,+0.00000,+0.00000,+0.00000,+0.00000,+0.00000,+0.00000,+0.00000,+0.00000,+0.0204,0.0000,0.0005,0.0015,0.0006,0.0020,0.0027,no,0.0038,1.5,,0.0000,,,,
059003.000099,even,4.5,23844.580,23852.0,69 f25d (3F) 4G,0.9717,0.0000,+0.69618,-0.00392,+0.05656,+0.19324,-0.01008,+0.05403,+0.00000,+0.00000,+0.00000,+0.00000,+0.00000,+0.00000,+0.00000,+0.00000,+0.00000,+0.00000,+0.00000,+0.00000,+0.00000,+0.00000,+0.00000,+0.00000,+0.00000,+0.00000,+0.00000,+0.00000,+0.00000,+0.00000,+0.00000,+0.00000,+0.0225,0.0000,0.0003,0.0012,0.0006,0.0022,0.0026,no,0.0019,1.2,,0.0000,,,,
059003.000106,even,4.5,24788.020,24905.0,-70 f25d (3H) 2G,0.9503,0.0000,+0.88419,-0.04431,+0.17025,-0.04682,+0.01641,-0.00762,+0.00000,+0.00000,+0.00000,+0.00000,+0.00000,+0.00000,+0.00000,+0.00000,+0.00000,+0.00000,+0.00000,+0.00000,+0.00000,+0.00000,+0.00000,+0.00000,+0.00000,+0.00000,+0.00000,+0.00000,+0.00000,+0.00000,+0.00000,+0.00000,+0.0236,0.0000,0.0004,0.0010,0.0004,0.0024,0.0026,no,0.0026,1.2,,0.0000,,,,
059003.000108,even,4.5,25033.910,25224.0,55 f25d (1G) 2G,0.9593,0.0000,+0.73096,-0.03959,+0.11189,+0.07780,+0.00518,+0.07935,+0.00000,+0.00000,+0.00000,+0.00000,+0.00000,+0.00000,+0.00000,+0.00000,+0.00000,+0.00000,+0.00000,+0.00000,+0.00000,+0.00000,+0.00000,+0.00000,+0.00000,+0.00000,+0.00000,+0.00000,+0.00000,+0.00000,+0.00000,+0.00000,+0.0194,0.0000,0.0004,0.0008,0.0006,0.0019,0.0022,no,0.0030,1.4,,0.0000,,,,
059003.000123,even,4.5,27604.260,27742.0,-66 f25d (3F) 4F,0.9352,0.0000,+0.67474,-0.04541,+0.12878,+0.09880,+0.02394,+0.09768,+0.00000,+0.00000,+0.00000,+0.00000,+0.00000,+0.00000,+0.00000,+0.00000,+0.00000,+0.00000,+0.00000,+0.00000,+0.00000,+0.00000,+0.00000,+0.00000,+0.00000,+0.00000,+0.00000,+0.00000,+0.00000,+0.00000,+0.00000,+0.00000,+0.0180,0.0000,0.0005,0.0008,0.0007,0.0018,0.0022,no,0.0033,1.5,,0.0000,,,,
059003.000126,even,4.5,28720.710,28512.0,71 f25d (3F) 2G,0.9404,0.0000,+0.63825,-0.00385,+0.04754,+0.31238,+0.00594,-0.00368,+0.00550,+0.00000,+0.00000,+0.00000,+0.00000,+0.00000,+0.00000,+0.00000,+0.00000,+0.00000,+0.00000,+0.00000,+0.00000,+0.00000,+0.00000,+0.00000,+0.00000,+0.00000,+0.00000,+0.00000,+0.00000,+0.00000,+0.00000,+0.00000,+0.0291,0.0001,0.0011,0.0037,0.0006,0.0024,0.0046,no,0.0083,1.0,,0.0000,,,,
059003.000127,even,4.5,28885.140,28893.0,-74 f26s (3H) 4H,0.9676,0.0000,+1.01845,+0.12802,-0.13338,+0.02041,-0.00186,-0.00053,+0.09487,+0.00019,+0.00004,-0.00001,+0.00000,+0.00000,+0.00000,+0.00000,+0.00000,+0.00000,+0.00000,+0.00000,+0.00000,+0.00000,+0.00000,+0.00000,+0.00000,+0.00000,+0.00000,+0.00000,+0.00000,+0.00000,+0.00000,+0.00000,+0.0945,0.0002,0.0005,0.0069,0.0007,0.0002,0.0069,yes,0.0039,1.0,,0.0000,+0.0777,0.0017,-0.0168,-9.4
059003.000131,even,4.5,29835.090,29715.0,59 f25d (3F) 2H,0.9373,0.0000,+0.71930,-0.02968,-0.01925,+0.30902,-0.04007,-0.00886,-0.00021,+0.00000,+0.00000,+0.00000,+0.00000,+0.00000,+0.00000,+0.00000,+0.00000,+0.00000,+0.00000,+0.00000,+0.00000,+0.00000,+0.00000,+0.00000,+0.00000,+0.00000,+0.00000,+0.00000,+0.00000,+0.00000,+0.00000,+0.00000,+0.0260,0.0000,0.0016,0.0008,0.0005,0.0025,0.0031,no,0.0115,1.1,,0.0000,,,,
059003.000134,even,4.5,30994.550,31059.0,-77 f26s (3H) 2H,0.9562,0.0000,+1.06319,+0.03401,+0.01113,+0.00454,-0.00023,-0.00041,-0.07864,+0.00030,+0.00005,-0.00010,+0.00000,+0.00000,+0.00000,+0.00000,+0.00000,+0.00000,+0.00000,+0.00000,+0.00000,+0.00000,+0.00000,+0.00000,+0.00000,+0.00000,+0.00000,+0.00000,+0.00000,+0.00000,+0.00000,+0.00000,-0.0191,0.0002,0.0007,0.0064,0.0007,0.0000,0.0065,yes,0.0049,4.3,,0.0000,-0.0206,0.0015,-0.0015,-0.9
059003.000148,even,4.5,35291.000,35201.0,-82 f26s (3F) 4F,0.9776,0.0000,+0.71762,+0.07484,+0.15462,+0.01746,-0.00240,+0.00410,+0.10613,+0.00002,+0.00002,+0.00005,+0.00000,+0.00000,+0.00000,+0.00000,+0.00000,+0.00000,+0.00000,+0.00000,+0.00000,+0.00000,+0.00000,+0.00000,+0.00000,+0.00000,+0.00000,+0.00000,+0.00000,+0.00000,+0.00000,+0.00000,+0.0914,0.0001,0.0004,0.0033,0.0006,0.0001,0.0033,yes,0.0026,1.0,,0.0000,+0.0934,0.0014,+0.0020,+1.4
059003.000151,even,4.5,35828.460,35890.0,-72 f25d (1D) 2G,0.9479,0.0000,+0.46853,+0.05168,+0.07407,+0.37093,-0.05188,+0.08103,+0.00544,+0.00000,+0.00000,+0.00000,+0.00000,+0.00000,+0.00000,+0.00000,+0.00000,+0.00000,+0.00000,+0.00000,+0.00000,+0.00000,+0.00000,+0.00000,+0.00000,+0.00000,+0.00000,+0.00000,+0.00000,+0.00000,+0.00000,+0.00000,+0.0234,0.0001,0.0009,0.0034,0.0007,0.0019,0.0041,no,0.0066,1.3,,0.0000,,,,
059003.000161,even,4.5,38448.380,38441.0,-82 f26s (1G) 2G,0.9646,0.0000,+0.81080,-0.08543,+0.06036,+0.01750,-0.00247,+0.00434,+0.10662,+0.00023,-0.00002,+0.00015,+0.00000,+0.00000,+0.00000,+0.00000,+0.00000,+0.00000,+0.00000,+0.00000,+0.00000,+0.00000,+0.00000,+0.00000,+0.00000,+0.00000,+0.00000,+0.00000,+0.00000,+0.00000,+0.00000,+0.00000,+0.0898,0.0001,0.0005,0.0033,0.0006,0.0001,0.0034,yes,0.0039,1.1,,0.0000,+0.0921,0.0014,+0.0023,+1.5
059003.000167,even,4.5,39024.270,39190.0,84 f25d (3P) 4F,0.9822,0.0000,+0.34325,+0.00429,+0.16588,+0.39224,-0.05857,+0.09479,+0.00385,+0.00000,+0.00000,+0.00000,+0.00000,+0.00000,+0.00000,+0.00000,+0.00000,+0.00000,+0.00000,+0.00000,+0.00000,+0.00000,+0.00000,+0.00000,+0.00000,+0.00000,+0.00000,+0.00000,+0.00000,+0.00000,+0.00000,+0.00000,+0.0173,0.0001,0.0003,0.0030,0.0008,0.0014,0.0035,no,0.0023,1.5,,0.0000,,,,
059003.000173,even,4.5,39870.170,40069.0,90 f25d (1I) 2H,0.9684,0.0025,+1.13741,-0.02303,-0.00281,-0.06971,-0.07658,-0.06747,+0.00000,+0.00000,+0.00000,+0.00000,+0.00000,+0.00000,+0.00000,+0.00000,+0.00000,+0.00000,+0.00000,+0.00000,+0.00000,+0.00000,+0.00000,+0.00000,+0.00000,+0.00000,+0.00000,+0.00000,+0.00000,+0.00000,+0.00000,+0.00000,+0.0306,0.0000,0.0003,0.0011,0.0007,0.0031,0.0033,no,0.0019,1.3,,0.0000,,,,
059003.000181,even,4.5,45805.950,45757.0,96 f25d (1I) 2G,0.9912,0.0061,+1.20317,-0.01592,+0.00452,-0.31480,-0.00689,+0.10107,+0.00000,-0.00029,-0.00004,+0.00018,+0.00000,+0.00000,+0.00000,+0.00000,+0.00000,+0.00000,+0.00000,+0.00000,+0.00000,+0.00000,+0.00000,+0.00000,+0.00000,+0.00000,+0.00000,+0.00000,+0.00000,+0.00000,+0.00000,+0.00000,+0.0239,0.0000,0.0001,0.0007,0.0010,0.0024,0.0027,no,0.0007,1.9,,0.0000,,,,
059003.000314,even,4.5,100321.120,100322.0,-70 f27s (3H) 2H,0.9727,0.0000,+1.05619,+0.14334,-0.16694,+0.00015,+0.00000,-0.00003,+0.00000,+0.00011,-0.00000,+0.00004,+0.10901,+0.00000,+0.00215,+0.00003,-0.00068,+0.00000,+0.00000,+0.00000,+0.00000,+0.00000,+0.00000,+0.00000,+0.00000,+0.00000,+0.00000,+0.00000,+0.00000,+0.00000,+0.00000,+0.00000,+0.0606,0.0000,0.0002,0.0012,0.0027,0.0061,0.0067,no,0.0017,1.0,,0.0000,,,,
059003.000315,even,4.5,100430.290,100446.0,83 f26d (3H) 4I,0.9793,0.0000,+0.99206,+0.12914,-0.16429,+0.00000,+0.00000,+0.00000,+0.00000,+0.00000,+0.00000,+0.00000,+0.00073,+0.00000,+0.22209,+0.05806,-0.05060,+0.00000,+0.00000,+0.00000,+0.00000,+0.00000,+0.00000,+0.00000,+0.00000,+0.00000,+0.00000,+0.00000,+0.00000,+0.00000,+0.00000,+0.00000,+0.0340,0.0000,0.0002,0.0007,0.0007,0.0034,0.0035,no,0.0016,1.0,,0.0000,,,,
059003.000318,even,4.5,100947.180,100917.0,61 f26d (3H) 4H,0.9665,0.0000,+0.87635,+0.11191,-0.14872,+0.00000,+0.00000,+0.00000,+0.00000,+0.00000,+0.00000,+0.00000,+0.00003,+0.00000,+0.20515,-0.02374,+0.06720,+0.00000,+0.00000,+0.00000,+0.00000,+0.00000,+0.00000,+0.00000,+0.00000,+0.00000,+0.00000,+0.00000,+0.00000,+0.00000,+0.00000,+0.00000,+0.0288,0.0000,0.0004,0.0006,0.0006,0.0029,0.0030,no,0.0026,1.0,,0.0000,,,,
059003.000325,even,4.5,102484.660,102418.0,-71 f27s (3H) 4H,0.9625,0.0000,+1.05759,+0.03124,+0.03096,+0.00028,+0.00000,+0.00001,+0.00000,+0.00018,+0.00004,-0.00007,-0.08899,+0.00000,+0.00070,-0.00046,-0.00068,+0.00000,+0.00000,+0.00000,+0.00000,+0.00000,+0.00000,+0.00000,+0.00000,+0.00000,+0.00000,+0.00000,+0.00000,+0.00002,+0.00000,-0.00000,+0.0099,0.0000,0.0003,0.0010,0.0022,0.0010,0.0026,no,0.0025,5.3,,0.0000,,,,
059003.000327,even,4.5,102830.430,102823.0,75 f26d (3H) 4H,0.9805,0.0000,+0.97943,+0.02571,+0.02971,+0.00047,+0.00001,-0.00002,+0.00000,+0.00034,+0.00006,-0.00002,-0.00080,+0.00000,+0.06272,-0.05135,-0.07185,+0.00000,+0.00000,+0.00000,+0.00000,+0.00000,+0.00000,+0.00000,+0.00000,+0.00000,+0.00000,+0.00000,+0.00000,+0.00000,+0.00000,+0.00000,+0.0292,0.0000,0.0002,0.0005,0.0005,0.0029,0.0030,no,0.0017,1.0,,0.0000,,,,
059003.000330,even,4.5,103335.060,103266.0,83 f26d (3H) 4G,0.9880,0.0000,+0.90236,+0.02642,+0.04245,+0.00164,+0.00002,+0.00016,+0.00000,+0.00025,+0.00024,+0.00063,+0.00000,+0.00000,-0.03711,+0.02851,+0.08962,+0.00000,+0.00000,+0.00000,+0.00000,+0.00000,+0.00000,+0.00000,+0.00000,+0.00000,+0.00000,+0.00000,+0.00000,+0.00000,+0.00000,+0.00000,+0.0261,0.0000,0.0001,0.0005,0.0005,0.0026,0.0027,no,0.0010,1.1,,0.0000,,,,
059003.000341,even,4.5,105566.620,105521.0,-72 f26d (3H) 4F,0.9559,0.0000,+1.03615,-0.06331,+0.21535,+0.00355,-0.00005,+0.00129,+0.00000,-0.00167,-0.00061,+0.00110,+0.00000,+0.00000,-0.28069,-0.11398,+0.02493,+0.00000,+0.00000,+0.00000,+0.00000,+0.00000,+0.00000,+0.00000,+0.00000,+0.00000,+0.00000,+0.00000,+0.00000,+0.00000,+0.00000,+0.00000,+0.0258,0.0000,0.0004,0.0004,0.0008,0.0026,0.0028,no,0.0032,1.3,,0.0000,,,,
059003.000548,even,4.5,106153.750,106037.0,-71 f26d (3H) 2G,0.9513,0.0000,+0.96333,-0.06317,+0.19014,+0.00302,-0.00006,+0.00095,+0.00000,-0.00063,+0.00027,+0.00038,+0.00000,+0.00000,-0.15857,+0.02958,+0.00137,+0.00000,+0.00000,+0.00000,+0.00000,+0.00000,+0.00000,+0.00000,+0.00000,+0.00000,+0.00000,+0.00000,+0.00000,+0.00000,+0.00000,+0.00000,+0.0252,0.0000,0.0005,0.0005,0.0005,0.0025,0.0027,no,0.0035,1.2,,0.0000,,,,
059003.000550,even,4.5,106306.510,106338.0,-79 f26d (3F) 4H,0.9593,0.0000,+0.58986,-0.01449,-0.09471,+0.00000,+0.00000,+0.00000,+0.00000,+0.00000,+0.00000,+0.00000,+0.00000,+0.00000,+0.42742,-0.03597,+0.07743,+0.00000,+0.00000,+0.00000,+0.00000,+0.00000,+0.00000,+0.00000,+0.00000,+0.00000,+0.00000,+0.00000,+0.00000,+0.00000,+0.00000,+0.00000,+0.0179,0.0000,0.0003,0.0007,0.0007,0.0018,0.0021,no,0.0022,1.1,,0.0000,,,,
059003.000345,even,4.5,107081.940,107149.0,-80 f27s (3F) 4F,0.9755,0.0000,+0.74257,+0.07605,+0.14438,+0.00000,+0.00000,+0.00000,+0.00000,+0.00000,+0.00000,+0.00000,+0.10993,+0.00000,+0.00306,+0.00118,+0.00006,+0.00000,+0.00000,+0.00000,+0.00000,+0.00000,+0.00000,+0.00000,+0.00000,+0.00000,+0.00000,+0.00000,+0.00000,+0.00000,+0.00000,+0.00000,+0.0499,0.0000,0.0002,0.0010,0.0027,0.0050,0.0057,no,0.0016,1.0,,0.0000,,,,
059003.000554,even,4.5,107177.800,107259.0,55 f26d (3F) 4H,0.9518,0.0000,+0.67259,+0.03289,+0.04524,+0.00000,+0.00000,+0.00000,+0.00000,+0.00000,+0.00000,+0.00000,+0.00075,+0.00000,+0.31829,+0.09761,-0.03686,+0.00000,+0.00000,+0.00000,+0.00000,+0.00000,+0.00000,+0.00000,+0.00000,+0.00000,+0.00000,+0.00000,+0.00000,+0.00000,+0.00000,+0.00000,+0.0226,0.0000,0.0005,0.0008,0.0007,0.0023,0.0026,no,0.0039,1.0,,0.0000,,,,
059003.000669,even,4.5,,107805.0,-62 f26d (3F) 4F,0.9475,0.0000,+0.55089,-0.01001,+0.08840,+0.00040,+0.00006,+0.00029,+0.00000,+0.00015,+0.00015,+0.00029,+0.00000,+0.00000,+0.27276,-0.00371,+0.08682,+0.00000,+0.00000,+0.00000,+0.00000,+0.00000,+0.00000,+0.00000,+0.00000,+0.00000,+0.00000,+0.00000,+0.00000,+0.00000,+0.00000,+0.00000,+0.0163,0.0000,0.0005,0.0011,0.0005,0.0016,0.0021,no,0.0037,1.1,,0.0000,,,,
059003.000347,even,4.5,107854.460,107874.0,-56 f26d (3F) 2H,0.9265,0.0000,+0.64013,+0.02598,+0.05890,+0.00042,-0.00002,+0.00015,+0.00000,+0.00056,+0.00003,+0.00015,+0.00000,+0.00000,+0.27884,+0.03541,+0.02085,+0.00000,+0.00000,+0.00000,+0.00000,+0.00000,+0.00000,+0.00000,+0.00000,+0.00000,+0.00000,+0.00000,+0.00000,+0.00000,+0.00000,+0.00000,+0.0205,0.0000,0.0006,0.0005,0.0006,0.0021,0.0023,no,0.0046,1.0,,0.0000,,,,
059003.000560,even,4.5,108574.000,108547.0,-65 f26d (3F) 2G,0.9574,0.0000,+0.63360,+0.04937,+0.09166,+0.00178,+0.00036,+0.00028,+0.00000,+0.00166,+0.00029,-0.00048,+0.00000,+0.00000,+0.28418,-0.03460,-0.01267,+0.00000,+0.00000,+0.00000,+0.00000,+0.00000,+0.00000,+0.00000,+0.00000,+0.00000,+0.00000,+0.00000,+0.00000,+0.00000,+0.00000,+0.00000,+0.0210,0.0000,0.0004,0.0008,0.0005,0.0021,0.0023,no,0.0029,1.0,,0.0000,,,,
059003.000671,even,4.5,,110828.0,-66 f26d (1G) 2G,0.9456,0.0000,+0.71880,-0.06855,+0.08244,+0.00485,+0.00000,+0.00000,+0.00000,+0.00120,+0.00241,+0.00070,+0.00000,+0.00000,+0.13419,+0.08129,+0.05782,+0.00000,+0.00000,+0.00000,+0.00000,+0.00000,+0.00000,+0.00000,+0.00000,+0.00000,+0.00000,+0.00000,+0.00000,+0.00000,+0.00000,+0.00000,+0.0196,0.0000,0.0005,0.0008,0.0005,0.0020,0.0022,no,0.0035,1.2,,0.0000,,,,
059003.000563,even,4.5,113854.230,114225.0,56 fd6p (3H) 2H,0.9582,0.0000,+0.60882,+0.11323,-0.04223,+0.36537,+0.12198,-0.04223,+0.00000,+0.11047,+0.14790,-0.00189,+0.00000,+0.00000,+0.00246,-0.00000,-0.00077,+0.00000,+0.00000,+0.00000,+0.00000,+0.00000,+0.00000,+0.00000,+0.00000,+0.00000,+0.00000,+0.00000,+0.00000,+0.00000,+0.00000,+0.00000,+0.0448,0.0000,0.0004,0.0014,0.0044,0.0045,0.0064,no,0.0027,1.0,,0.0000,,,,
059003.000675,even,4.5,,118052.0,-74 fd6p (3H) 4H,0.9355,0.0000,+0.58129,+0.09602,-0.03121,+0.35846,+0.10105,-0.03267,+0.00000,+0.11284,-0.03891,+0.01130,+0.00000,+0.00000,+0.00000,+0.00000,+0.00000,+0.00000,+0.00000,+0.00000,+0.00000,+0.00000,+0.00000,+0.00000,+0.00000,+0.00000,+0.00000,+0.00000,+0.00000,+0.00000,+0.00000,+0.00000,+0.0334,0.0000,0.0007,0.0014,0.0026,0.0033,0.0045,no,0.0050,1.1,,0.0000,,,,
059003.000565,even,4.5,119225.520,118854.0,-61 fd6p (3H) 2H,0.9381,0.0000,+0.63055,+0.04749,-0.01750,+0.38072,+0.01993,-0.02117,+0.00000,+0.06048,-0.08806,-0.04469,+0.00000,+0.00000,+0.00929,-0.00133,+0.00232,+0.00000,+0.00000,+0.00000,+0.00000,+0.00000,+0.00000,+0.00000,+0.00000,+0.00000,+0.00000,+0.00000,+0.00000,+0.00000,+0.00000,+0.00000,+0.0272,0.0001,0.0006,0.0019,0.0026,0.0027,0.0043,no,0.0041,1.3,,0.0000,,,,
059003.000681,even,4.5,,119593.0,-49 fd6p (1G) 2H,0.9398,0.0000,+0.54130,-0.00632,-0.01100,+0.29654,-0.03050,-0.01100,+0.00000,+0.16775,-0.03057,+0.01641,+0.00000,+0.00000,+0.00000,+0.00000,+0.00000,+0.00000,+0.00000,+0.00000,+0.00000,+0.00000,+0.00000,+0.00000,+0.00000,+0.00000,+0.00000,+0.00000,+0.00000,+0.00000,+0.00000,+0.00000,+0.0269,0.0000,0.0005,0.0016,0.0035,0.0027,0.0047,no,0.0040,1.2,,0.0000,,,,
059003.000670,even,4.5,,122338.0,73 fd6p (3G) 4G,0.9261,0.0000,+0.57629,-0.02026,+0.08161,+0.27928,+0.01453,+0.08161,+0.00000,-0.01032,-0.06729,-0.00146,+0.00000,+0.00000,-0.00382,-0.00200,-0.00318,+0.00000,+0.00000,+0.00000,+0.00000,+0.00000,+0.00000,+0.00000,+0.00000,+0.00000,+0.00000,+0.00000,+0.00000,+0.00000,+0.00000,+0.00000,+0.0165,0.0001,0.0007,0.0019,0.0018,0.0016,0.0032,no,0.0049,1.8,,0.0000,,,,
059003.000683,even,4.5,,128336.0,-63 fd6p (3D) 4F,0.9082,0.0000,+0.52660,-0.01583,+0.10448,+0.11712,+0.02721,+0.08453,+0.00000,+0.08918,-0.00921,+0.06841,+0.00000,+0.00000,+0.01101,-0.00157,+0.00275,-0.00523,+0.00063,+0.00115,+0.00000,+0.00000,+0.00000,+0.00000,+0.00000,+0.00000,+0.00000,+0.00000,+0.00000,+0.00000,+0.00000,+0.00000,+0.0186,0.0000,0.0009,0.0012,0.0019,0.0019,0.0031,no,0.0063,1.4,,0.0000,,,,
059003.000419,even,4.5,129106.100,129091.0,-72 f28s (3H) 2H,0.9877,0.0000,+1.05141,+0.14086,-0.16660,+0.00636,+0.00066,-0.00067,+0.00000,+0.00148,-0.00103,-0.00074,+0.00000,+0.10830,-0.00010,-0.00005,-0.00008,+0.00072,+0.00027,-0.00007,+0.00000,+0.00000,+0.00000,+0.00000,+0.00000,+0.00000,+0.00000,+0.00000,+0.00000,+0.00000,+0.00000,+0.00000,+0.0471,0.0000,0.0001,0.0008,0.0014,0.0047,0.0050,no,0.0007,1.0,,0.0000,,,,
059003.000572,even,4.5,129454.450,129387.0,-45 fd6p (1F) 2G,0.8658,0.0000,+0.65065,-0.00193,+0.00979,+0.17178,+0.01473,+0.02374,+0.00000,+0.09017,-0.05326,+0.02754,+0.00000,+0.00000,-0.00213,-0.00112,-0.00177,+0.03632,+0.01264,-0.00610,+0.00000,+0.00000,+0.00000,+0.00000,+0.00000,+0.00000,+0.00000,+0.00000,+0.00000,+0.00000,+0.00000,+0.00000,+0.0232,0.0000,0.0012,0.0013,0.0023,0.0023,0.0037,no,0.0087,1.3,,0.0000,,,,
059003.000651,even,4.5,,129564.0,-87 f27d (3H) 4I,0.9442,0.0000,+0.92153,+0.10666,-0.13981,+0.02171,+0.00131,+0.00320,+0.00000,+0.01857,-0.00531,+0.00621,+0.00000,+0.00000,+0.00000,+0.00000,+0.00000,+0.24737,+0.01001,-0.07878,+0.00000,+0.00000,+0.00000,+0.00000,+0.00000,+0.00000,+0.00000,+0.00000,+0.00000,+0.00000,+0.00000,+0.00000,+0.0312,0.0000,0.0005,0.0009,0.0007,0.0031,0.0034,no,0.0035,1.0,,0.0000,,,,
059003.000573,even,4.5,129744.090,129842.0,-62 f27d (3H) 2H,0.9613,0.0000,+0.85942,+0.09905,-0.13227,+0.01527,-0.00064,+0.00197,+0.00000,+0.01519,-0.00298,+0.00563,+0.00000,+0.00000,+0.00000,+0.00000,+0.00000,+0.14351,+0.00636,+0.09127,+0.00000,+0.00000,+0.00000,+0.00000,+0.00000,+0.00000,+0.00000,+0.00000,+0.00000,+0.00000,+0.00000,+0.00000,+0.0283,0.0000,0.0004,0.0007,0.0006,0.0028,0.0030,no,0.0026,1.0,,0.0000,,,,
059003.000421,even,4.5,131226.300,131147.0,70 f28s (3H) 4H,0.9727,0.0000,+0.99779,+0.02200,+0.03457,+0.04074,-0.00281,+0.00034,+0.00000,+0.00937,-0.00722,-0.00274,+0.00000,-0.07934,-0.00040,-0.00021,-0.00034,+0.00000,+0.00000,+0.00000,+0.00000,+0.00000,+0.00000,+0.00000,+0.00000,+0.00000,+0.00000,+0.00000,+0.00000,+0.00000,+0.00000,+0.00000,+0.0208,0.0000,0.0002,0.0004,0.0011,0.0021,0.0024,no,0.0018,2.0,,0.0000,,,,
059003.000639,even,4.5,,131895.0,-69 f27d (3H) 4H,0.9517,0.0000,+0.95930,+0.02201,+0.02549,+0.02429,-0.00051,+0.00054,+0.00000,+0.00072,-0.00300,-0.00303,+0.00000,+0.00000,+0.00000,+0.00000,+0.00000,+0.06324,-0.04958,-0.07056,+0.00000,+0.00000,+0.00000,+0.00000,+0.00000,+0.00000,+0.00000,+0.00000,+0.00000,+0.00000,+0.00000,+0.00000,+0.0288,0.0000,0.0004,0.0006,0.0005,0.0029,0.0030,no,0.0032,1.0,,0.0000,,,,
059003.000581,even,4.5,134405.440,134389.0,83 f25g (3H) 4I,1.0000,0.0000,+0.65818,+0.08656,-0.10974,+0.00000,+0.00000,+0.00000,+0.00000,+0.00000,+0.00000,+0.00000,+0.00000,+0.00000,+0.00000,+0.00000,+0.00000,+0.00000,+0.00000,+0.00000,+0.00000,+0.00000,+0.00000,+0.00000,+0.00000,+0.00000,+0.54238,+0.00832,-0.09082,+0.00000,+0.00000,+0.00000,+0.0214,0.0000,0.0000,0.0008,0.0004,0.0021,0.0023,no,0.0000,1.0,,0.0000,,,,
059003.000666,even,4.5,,134429.0,-60 f25g (3H) 2H,0.9829,0.0000,+0.53373,+0.07019,-0.08791,+0.00000,+0.00000,+0.00000,+0.00000,+0.00000,+0.00000,+0.00000,+0.00000,+0.00000,+0.00000,+0.00000,+0.00000,-0.00110,-0.00033,+0.00022,+0.00000,+0.00000,+0.00000,+0.00000,+0.00000,+0.00000,+0.44440,+0.01061,+0.11066,+0.00000,+0.00000,+0.00000,+0.0173,0.0000,0.0002,0.0007,0.0003,0.0017,0.0019,no,0.0012,1.0,,0.0000,,,,
059003.000664,even,4.5,,134715.0,68 f27d (3H) 2G,0.9503,0.0000,+0.94372,-0.05706,+0.18291,+0.02982,+0.00257,+0.00207,+0.00000,-0.00830,-0.00089,+0.00679,+0.00000,+0.00000,+0.00000,+0.00000,+0.00000,-0.15623,+0.02806,-0.00078,+0.00000,+0.00000,+0.00000,+0.00000,+0.00000,+0.00000,+0.00000,+0.00000,+0.00000,+0.00000,+0.00000,+0.00000,+0.0255,0.0000,0.0005,0.0004,0.0005,0.0025,0.0027,no,0.0036,1.2,,0.0000,,,,
059003.000429,even,4.5,135868.800,135982.0,81 f28s (3F) 4F,0.9850,0.0000,+0.74211,+0.07648,+0.14620,+0.00085,-0.00004,+0.00003,+0.00000,-0.00024,+0.00000,+0.00016,+0.00000,+0.11066,+0.00000,+0.00000,+0.00000,+0.00034,+0.00007,-0.00010,+0.00000,+0.00000,+0.00000,+0.00000,+0.00000,+0.00000,+0.00000,+0.00000,+0.00000,+0.00000,+0.00000,+0.00000,+0.0365,0.0000,0.0001,0.0008,0.0014,0.0037,0.0040,no,0.0008,1.0,,0.0000,,,,
059003.000677,even,4.5,,136212.0,-67 f27d (3F) 4H,0.9512,0.0000,+0.62962,-0.00504,+0.04056,+0.00973,+0.00000,+0.00000,+0.00000,-0.00313,+0.00033,+0.00205,+0.00000,+0.00000,+0.00000,+0.00000,+0.00000,+0.37575,+0.12232,-0.05458,+0.00000,+0.00000,+0.00000,+0.00000,+0.00000,+0.00000,+0.00000,+0.00000,+0.00000,+0.00000,+0.00000,+0.00000,+0.0193,0.0000,0.0004,0.0006,0.0005,0.0019,0.0021,no,0.0029,1.0,,0.0000,,,,
059003.000597,even,4.5,136572.210,136553.0,-52 f25g (3H) 4H,0.9623,0.0000,+0.70930,+0.02041,+0.02236,+0.00058,+0.00002,-0.00005,+0.00000,-0.00024,-0.00002,+0.00009,+0.00000,+0.00000,+0.00000,+0.00000,+0.00000,+0.00018,+0.00002,+0.00007,+0.00000,+0.00000,+0.00000,+0.00000,+0.00000,+0.00000,+0.35828,-0.03054,-0.09056,+0.00000,+0.00000,+0.00000,+0.0210,0.0000,0.0004,0.0009,0.0004,0.0021,0.0023,no,0.0030,1.0,,0.0000,,,,
059003.000601,even,4.5,136596.630,136593.0,54 f25g (3H) 4G,0.9811,0.0000,+0.63871,+0.01916,+0.02352,+0.00004,+0.00000,+0.00000,+0.00000,-0.00002,-0.00000,+0.00001,+0.00000,+0.00000,+0.00000,+0.00000,+0.00000,+0.00012,+0.00000,+0.00002,+0.00000,+0.00000,+0.00000,+0.00000,+0.00000,+0.00000,+0.22673,+0.03238,+0.11086,+0.00000,+0.00000,+0.00000,+0.0189,0.0000,0.0002,0.0009,0.0003,0.0019,0.0021,no,0.0018,1.0,,0.0000,,,,
059003.000613,even,4.5,138822.380,138824.0,71 f25g (3H) 2G,0.9906,0.0000,+0.78762,-0.04638,+0.16270,+0.00000,+0.00000,+0.00000,+0.00000,+0.00000,+0.00000,+0.00000,+0.00000,+0.00000,+0.00000,+0.00000,+0.00000,+0.00000,+0.00000,+0.00000,+0.00000,+0.00000,+0.00000,+0.00000,+0.00000,+0.00000,+0.14043,-0.05809,-0.09075,+0.00000,+0.00000,+0.00000,+0.0213,0.0000,0.0000,0.0007,0.0004,0.0021,0.0023,no,0.0004,1.1,,0.0000,,,,
059003.000617,even,4.5,138849.860,138867.0,82 f25g (3H) 4F,0.9888,0.0000,+0.76741,-0.04510,+0.15870,+0.00000,+0.00000,+0.00000,+0.00000,+0.00000,+0.00000,+0.00000,+0.00000,+0.00001,+0.00000,+0.00000,+0.00000,+0.00000,+0.00000,+0.00000,+0.00000,+0.00000,+0.00000,+0.00000,+0.00000,+0.00000,-0.03689,+0.04077,+0.11077,+0.00000,+0.00000,+0.00000,+0.0207,0.0000,0.0001,0.0007,0.0004,0.0021,0.0022,no,0.0006,1.1,,0.0000,,,,
059003.000042,even,5.5,13352.100,13355.0,89 f25d (3H) 4K,0.9803,0.0000,+0.85872,+0.13379,-0.13001,+0.33556,+0.10021,-0.06427,+0.00000,+0.00000,+0.00000,+0.00000,+0.00000,+0.00000,+0.00000,+0.00000,+0.00000,+0.00000,+0.00000,+0.00000,+0.00000,+0.00000,+0.00000,+0.00000,+0.00000,+0.00000,+0.00000,+0.00000,+0.00000,+0.00000,+0.00000,+0.00000,+0.0402,0.0000,0.0001,0.0005,0.0009,0.0040,0.0042,no,0.0009,1.0,,0.0000,,,,
059003.000046,even,5.5,14859.960,15009.0,66 f25d (3H) 4I,0.9626,0.0000,+0.80890,+0.03068,+0.04289,+0.17005,+0.04807,-0.02184,+0.00000,+0.00000,+0.00000,+0.00000,+0.00000,+0.00000,+0.00000,+0.00000,+0.00000,+0.00000,+0.00000,+0.00000,+0.00000,+0.00000,+0.00000,+0.00000,+0.00000,+0.00000,+0.00000,+0.00000,+0.00000,+0.00000,+0.00000,+0.00000,+0.0297,0.0000,0.0003,0.0008,0.0006,0.0030,0.0031,no,0.0022,1.0,,0.0000,,,,
059003.000050,even,5.5,15525.500,15509.0,71 f25d (3H) 4I,0.9623,0.0000,+0.75709,+0.07789,-0.03859,+0.25080,-0.02990,+0.03070,+0.00000,+0.00000,+0.00000,+0.00000,+0.00000,+0.00000,+0.00000,+0.00000,+0.00000,+0.00000,+0.00000,+0.00000,+0.00000,+0.00000,+0.00000,+0.00000,+0.00000,+0.00000,+0.00000,+0.00000,+0.00000,+0.00000,+0.00000,+0.00000,+0.0281,0.0000,0.0003,0.0006,0.0006,0.0028,0.0029,no,0.0021,1.1,,0.0000,,,,
059003.000064,even,5.5,18241.540,18257.0,66 f25d (3H) 2I,0.9615,0.0000,+0.81604,-0.01880,+0.01199,+0.18429,-0.01798,-0.01231,+0.00000,+0.00000,+0.00000,+0.00000,+0.00000,+0.00000,+0.00000,+0.00000,+0.00000,+0.00000,+0.00000,+0.00000,+0.00000,+0.00000,+0.00000,+0.00000,+0.00000,+0.00000,+0.00000,+0.00000,+0.00000,+0.00000,+0.00000,+0.00000,+0.0270,0.0000,0.0003,0.0011,0.0005,0.0027,0.0030,no,0.0023,1.1,,0.0000,,,,
059003.000069,even,5.5,19308.930,19272.0,-76 f25d (3H) 4H,0.9510,0.0000,+0.78794,-0.02715,+0.07347,+0.07719,-0.00075,+0.06140,+0.00000,+0.00000,+0.00000,+0.00000,+0.00000,+0.00000,+0.00000,+0.00000,+0.00000,+0.00000,+0.00000,+0.00000,+0.00000,+0.00000,+0.00000,+0.00000,+0.00000,+0.00000,+0.00000,+0.00000,+0.00000,+0.00000,+0.00000,+0.00000,+0.0218,0.0000,0.0004,0.0008,0.0005,0.0022,0.0024,no,0.0027,1.2,,0.0000,,,,
059003.000072,even,5.5,19700.900,19567.0,57 f25d (3H) 4G,0.9821,0.0000,+0.68773,+0.00719,+0.16722,+0.11231,-0.00777,+0.03275,+0.00000,+0.00000,+0.00000,+0.00000,+0.00000,+0.00000,+0.00000,+0.00000,+0.00000,+0.00000,+0.00000,+0.00000,+0.00000,+0.00000,+0.00000,+0.00000,+0.00000,+0.00000,+0.00000,+0.00000,+0.00000,+0.00000,+0.00000,+0.00000,+0.0214,0.0000,0.0001,0.0007,0.0004,0.0021,0.0023,no,0.0010,1.1,,0.0000,,,,
059003.000084,even,5.5,21755.840,21678.0,92 f25d (3F) 4H,0.9827,0.0062,+0.54711,+0.01022,+0.09617,+0.32131,+0.01951,+0.02910,+0.00000,+0.00000,+0.00000,+0.00000,+0.00000,+0.00000,+0.00000,+0.00000,+0.00000,+0.00000,+0.00000,+0.00000,+0.00000,+0.00000,+0.00000,+0.00000,+0.00000,+0.00000,+0.00000,+0.00000,+0.00000,+0.00000,+0.00000,+0.00000,+0.0229,0.0000,0.0002,0.0009,0.0006,0.0023,0.0025,no,0.0012,1.1,,0.0000,,,,
059003.000093,even,5.5,23442.250,23470.0,60 f25d (1G) 2H,0.9671,0.0000,+0.64025,-0.03023,+0.08633,+0.19376,+0.00720,+0.07966,+0.00000,+0.00000,+0.00000,+0.00000,+0.00000,+0.00000,+0.00000,+0.00000,+0.00000,+0.00000,+0.00000,+0.00000,+0.00000,+0.00000,+0.00000,+0.00000,+0.00000,+0.00000,+0.00000,+0.00000,+0.00000,+0.00000,+0.00000,+0.00000,+0.0198,0.0000,0.0003,0.0007,0.0006,0.0020,0.0022,no,0.0020,1.3,,0.0000,,,,
059003.000114,even,5.5,26095.230,26071.0,-62 f25d (3F) 4G,0.9491,0.0000,+0.62242,-0.05574,+0.10590,+0.19514,+0.00835,+0.07654,+0.00000,+0.00000,+0.00000,+0.00000,+0.00000,+0.00000,+0.00000,+0.00000,+0.00000,+0.00000,+0.00000,+0.00000,+0.00000,+0.00000,+0.00000,+0.00000,+0.00000,+0.00000,+0.00000,+0.00000,+0.00000,+0.00000,+0.00000,+0.00000,+0.0187,0.0000,0.0003,0.0009,0.0006,0.0019,0.0022,no,0.0025,1.4,,0.0000,,,,
059003.000120,even,5.5,27380.310,27343.0,-79 f25d (1G) 2I,0.9553,0.0036,+0.71341,+0.00984,-0.01550,+0.33098,+0.00931,-0.03266,+0.00000,+0.00000,+0.00000,+0.00000,+0.00000,+0.00000,+0.00000,+0.00000,+0.00000,+0.00000,+0.00000,+0.00000,+0.00000,+0.00000,+0.00000,+0.00000,+0.00000,+0.00000,+0.00000,+0.00000,+0.00000,+0.00000,+0.00000,+0.00000,+0.0294,0.0000,0.0003,0.0009,0.0007,0.0029,0.0032,no,0.0023,1.0,,0.0000,,,,
059003.000132,even,5.5,30505.720,30426.0,-73 f25d (3F) 2H,0.9536,0.0000,+0.66666,-0.01289,+0.07623,+0.25679,+0.02698,-0.00311,+0.00343,+0.00000,+0.00000,+0.00000,+0.00000,+0.00000,+0.00000,+0.00000,+0.00000,+0.00000,+0.00000,+0.00000,+0.00000,+0.00000,+0.00000,+0.00000,+0.00000,+0.00000,+0.00000,+0.00000,+0.00000,+0.00000,+0.00000,+0.00000,+0.0275,0.0001,0.0007,0.0024,0.0005,0.0024,0.0035,no,0.0049,1.0,,0.0000,,,,
059003.000133,even,5.5,30733.530,30760.0,91 f26s (3H) 4H,0.9862,0.0004,+0.86309,+0.02430,+0.04350,+0.01016,+0.00080,+0.00031,+0.08198,+0.00044,+0.00001,+0.00011,+0.00000,+0.00000,+0.00000,+0.00000,+0.00000,+0.00000,+0.00000,+0.00000,+0.00000,+0.00000,+0.00000,+0.00000,+0.00000,+0.00000,+0.00000,+0.00000,+0.00000,+0.00000,+0.00000,+0.00000,+0.0786,0.0001,0.0002,0.0046,0.0006,0.0001,0.0046,yes,0.0013,1.0,,0.0000,+0.0793,0.0013,+0.0007,+0.5
059003.000141,even,5.5,33466.410,33559.0,92 f26s (3H) 2H,0.9999,0.0005,+0.90015,-0.05273,+0.16846,+0.00213,-0.00006,+0.00040,-0.07194,+0.00055,+0.00010,-0.00024,+0.00000,+0.00000,+0.00000,+0.00000,+0.00000,+0.00000,+0.00000,+0.00000,+0.00000,+0.00000,+0.00000,+0.00000,+0.00000,+0.00000,+0.00000,+0.00000,+0.00000,+0.00000,+0.00000,+0.00000,-0.0220,0.0001,0.0000,0.0037,0.0005,0.0000,0.0037,yes,0.0000,3.4,,0.0000,-0.0213,0.0012,+0.0007,+0.6
059003.000156,even,5.5,36670.570,36309.0,96 f25d (1I) 2I,0.9952,0.0041,+0.99744,-0.00377,+0.00166,+0.06569,-0.04779,-0.06891,+0.00000,+0.00000,+0.00000,+0.00000,+0.00000,+0.00000,+0.00000,+0.00000,+0.00000,+0.00000,+0.00000,+0.00000,+0.00000,+0.00000,+0.00000,+0.00000,+0.00000,+0.00000,+0.00000,+0.00000,+0.00000,+0.00000,+0.00000,+0.00000,+0.0309,0.0000,0.0001,0.0005,0.0006,0.0031,0.0032,no,0.0004,1.1,,0.0000,,,,
059003.000172,even,5.5,39732.990,39940.0,92 f25d (1I) 2H,0.9869,0.0043,+0.94922,+0.00641,+0.00756,-0.03512,+0.02827,+0.07398,+0.00000,+0.00000,+0.00000,+0.00000,+0.00000,+0.00000,+0.00000,+0.00000,+0.00000,+0.00000,+0.00000,+0.00000,+0.00000,+0.00000,+0.00000,+0.00000,+0.00000,+0.00000,+0.00000,+0.00000,+0.00000,+0.00000,+0.00000,+0.00000,+0.0252,0.0000,0.0001,0.0005,0.0007,0.0025,0.0027,no,0.0008,1.2,,0.0000,,,,
059003.000188,even,5.5,50647.350,50667.0,-98 f26s (1I) 2I,0.9685,0.0024,+1.07183,-0.00682,+0.00036,+0.00137,+0.00000,+0.00000,-0.07644,+0.00067,+0.00018,-0.00029,+0.00000,+0.00000,+0.00000,+0.00000,+0.00000,+0.00000,+0.00000,+0.00000,+0.00000,+0.00000,+0.00000,+0.00000,+0.00000,+0.00000,+0.00000,+0.00000,+0.00000,+0.00002,+0.00001,-0.00001,-0.0187,0.0000,0.0004,0.0008,0.0006,0.0000,0.0011,yes,0.0028,4.3,,0.0000,-0.0137,0.0022,+0.0050,+2.2
059003.000316,even,5.5,100625.040,100778.0,89 f26d (3H) 4K,0.9947,0.0000,+0.86737,+0.11969,-0.14011,+0.00004,+0.00001,-0.00001,+0.00000,+0.00000,+0.00000,+0.00000,+0.00000,+0.00000,+0.32833,+0.10833,-0.05562,+0.00000,+0.00000,+0.00000,+0.00000,+0.00000,+0.00000,+0.00000,+0.00000,+0.00000,+0.00000,+0.00000,+0.00000,+0.00000,+0.00000,+0.00000,+0.0308,0.0000,0.0000,0.0004,0.0008,0.0031,0.0032,no,0.0003,1.0,,0.0000,,,,
059003.000320,even,5.5,101165.330,101135.0,-70 f26d (3H) 4I,0.9560,0.0000,+0.77705,+0.10235,-0.11536,+0.00014,+0.00002,-0.00000,+0.00000,+0.00007,+0.00001,-0.00000,+0.00000,+0.00000,+0.27300,-0.03810,+0.06510,+0.00000,+0.00000,+0.00000,+0.00000,+0.00000,+0.00000,+0.00000,+0.00000,+0.00000,+0.00000,+0.00000,+0.00000,+0.00000,+0.00000,+0.00000,+0.0260,0.0000,0.0002,0.0005,0.0006,0.0026,0.0027,no,0.0018,1.0,,0.0000,,,,
059003.000324,even,5.5,102435.670,102363.0,88 f27s (3H) 4H,0.9935,0.0000,+0.87528,+0.02646,+0.03371,+0.00040,+0.00001,+0.00005,+0.00000,+0.00018,-0.00002,+0.00009,+0.08933,+0.00000,+0.00060,+0.00037,+0.00029,+0.00000,+0.00000,+0.00000,+0.00000,+0.00000,+0.00000,+0.00000,+0.00000,+0.00000,+0.00000,+0.00000,+0.00000,+0.00007,+0.00000,+0.00002,+0.0473,0.0000,0.0000,0.0008,0.0022,0.0047,0.0053,no,0.0003,1.0,,0.0000,,,,
059003.000326,even,5.5,102617.240,102666.0,59 f26d (3H) 4I,0.9783,0.0000,+0.83435,+0.02663,+0.02849,+0.00032,+0.00004,-0.00001,+0.00000,+0.00016,+0.00003,-0.00001,+0.00037,+0.00000,+0.13682,+0.06166,-0.00049,+0.00000,+0.00000,+0.00000,+0.00000,+0.00000,+0.00000,+0.00000,+0.00000,+0.00000,+0.00000,+0.00000,+0.00000,+0.00000,+0.00000,+0.00000,+0.0258,0.0000,0.0002,0.0005,0.0005,0.0026,0.0027,no,0.0013,1.0,,0.0000,,,,
059003.000331,even,5.5,103344.350,103270.0,65 f26d (3H) 4H,0.9890,0.0000,+0.78314,+0.02324,+0.01412,+0.00046,+0.00000,+0.00008,+0.00000,+0.00018,-0.00000,+0.00008,-0.00001,+0.00000,+0.18754,-0.03315,+0.01440,+0.00000,+0.00000,+0.00000,+0.00000,+0.00000,+0.00000,+0.00000,+0.00000,+0.00000,+0.00000,+0.00000,+0.00000,+0.00000,+0.00000,+0.00000,+0.0238,0.0000,0.0001,0.0005,0.0005,0.0024,0.0025,no,0.0008,1.0,,0.0000,,,,
059003.000336,even,5.5,104788.680,104756.0,87 f27s (3H) 2H,0.9928,0.0000,+0.89856,-0.05398,+0.17600,+0.00051,-0.00001,+0.00012,+0.00000,+0.00029,+0.00002,-0.00005,-0.07529,+0.00000,-0.00018,-0.00023,-0.00003,+0.00000,+0.00000,+0.00000,+0.00000,+0.00000,+0.00000,+0.00000,+0.00000,+0.00000,+0.00000,+0.00000,+0.00000,+0.00007,+0.00000,-0.00001,+0.0062,0.0000,0.0001,0.0008,0.0019,0.0006,0.0021,no,0.0004,7.3,,0.0000,,,,
059003.000337,even,5.5,104904.550,104921.0,61 f26d (3H) 2H,0.9730,0.0000,+0.85261,-0.05627,+0.16930,+0.00040,-0.00001,+0.00015,+0.00000,+0.00006,+0.00008,+0.00015,-0.00117,+0.00000,+0.01668,-0.03397,-0.03818,+0.00000,+0.00000,+0.00000,+0.00000,+0.00000,+0.00000,+0.00000,+0.00000,+0.00000,+0.00000,+0.00000,+0.00000,+0.00000,+0.00000,+0.00000,+0.0227,0.0000,0.0003,0.0005,0.0004,0.0023,0.0024,no,0.0020,1.2,,0.0000,,,,
059003.000340,even,5.5,105450.180,105397.0,83 f26d (3H) 4G,0.9876,0.0000,+0.79798,-0.04699,+0.16374,+0.00120,-0.00002,+0.00045,+0.00000,+0.00018,+0.00025,+0.00045,+0.00000,+0.00000,-0.01718,+0.01710,+0.05317,+0.00000,+0.00000,+0.00000,+0.00000,+0.00000,+0.00000,+0.00000,+0.00000,+0.00000,+0.00000,+0.00000,+0.00000,+0.00000,+0.00000,+0.00000,+0.0213,0.0000,0.0001,0.0004,0.0004,0.0021,0.0022,no,0.0007,1.2,,0.0000,,,,
059003.000557,even,5.5,107403.910,107472.0,94 f26d (3F) 4H,0.9881,0.0009,+0.51548,-0.00027,+0.07347,+0.00024,+0.00000,+0.00004,+0.00000,+0.00007,+0.00000,+0.00002,+0.00000,+0.00000,+0.35835,-0.01594,+0.05143,+0.00000,+0.00000,+0.00000,+0.00000,+0.00000,+0.00000,+0.00000,+0.00000,+0.00000,+0.00000,+0.00000,+0.00000,+0.00000,+0.00000,+0.00000,+0.0161,0.0000,0.0001,0.0007,0.0006,0.0016,0.0018,no,0.0006,1.0,,0.0000,,,,
059003.000558,even,5.5,107697.070,107757.0,70 f26d (3F) 4G,0.9675,0.0000,+0.56731,+0.03387,+0.11749,+0.00069,+0.00012,+0.00046,+0.00000,+0.00092,-0.00018,+0.00046,+0.00000,+0.00000,+0.25797,+0.06008,+0.05470,+0.00000,+0.00000,+0.00000,+0.00000,+0.00000,+0.00000,+0.00000,+0.00000,+0.00000,+0.00000,+0.00000,+0.00000,+0.00000,+0.00000,+0.00000,+0.0185,0.0000,0.0002,0.0008,0.0006,0.0018,0.0021,no,0.0017,1.0,,0.0000,,,,
059003.000348,even,5.5,108559.400,108568.0,68 f26d (3F) 2H,0.9840,0.0000,+0.59651,+0.05881,+0.07352,+0.00022,+0.00004,+0.00015,+0.00000,+0.00030,-0.00006,+0.00015,+0.00000,+0.00000,+0.33189,-0.02434,-0.00274,+0.00000,+0.00000,+0.00000,+0.00000,+0.00000,+0.00000,+0.00000,+0.00000,+0.00000,+0.00000,+0.00000,+0.00000,+0.00000,+0.00000,+0.00000,+0.0203,0.0000,0.0001,0.0006,0.0006,0.0020,0.0022,no,0.0009,1.0,,0.0000,,,,
059003.000561,even,5.5,111039.750,110904.0,76 f26d (1G) 2H,0.9897,0.0000,+0.59933,-0.06243,+0.05736,+0.00243,-0.00025,+0.00023,+0.00000,+0.00195,-0.00039,+0.00097,+0.00000,+0.00000,+0.25946,-0.03046,+0.07827,+0.00000,+0.00000,+0.00000,+0.00000,+0.00000,+0.00000,+0.00000,+0.00000,+0.00000,+0.00000,+0.00000,+0.00000,+0.00000,+0.00000,+0.00000,+0.0161,0.0000,0.0001,0.0005,0.0005,0.0016,0.0018,no,0.0006,1.3,,0.0000,,,,
059003.000673,even,5.5,,111108.0,72 f26d (1G) 2I,0.9822,0.0000,+0.65694,-0.07048,+0.06823,+0.00021,-0.00000,+0.00007,+0.00000,+0.00015,-0.00001,+0.00002,+0.00000,+0.00000,+0.33872,+0.09578,-0.06433,+0.00000,+0.00000,+0.00000,+0.00000,+0.00000,+0.00000,+0.00000,+0.00000,+0.00000,+0.00000,+0.00000,+0.00000,+0.00000,+0.00000,+0.00000,+0.0193,0.0000,0.0001,0.0005,0.0007,0.0019,0.0021,no,0.0007,1.2,,0.0000,,,,
059003.000655,even,5.5,,117932.0,58 fd6p (3H) 4I,0.9808,0.0000,+0.51291,+0.03288,+0.00359,+0.31965,+0.03557,+0.01045,+0.00000,+0.11195,+0.06027,+0.04048,+0.00000,+0.00000,+0.00075,+0.00002,+0.00021,+0.00000,+0.00000,+0.00000,+0.00000,+0.00000,+0.00000,+0.00000,+0.00000,+0.00000,+0.00000,+0.00000,+0.00000,+0.00000,+0.00000,+0.00000,+0.0309,0.0000,0.0002,0.0012,0.0028,0.0031,0.0043,no,0.0011,1.0,,0.0000,,,,
059003.000650,even,5.5,,119340.0,-62 fd6p (1G) 2H,0.9555,0.0000,+0.49419,+0.04029,+0.00653,+0.26982,+0.05518,+0.03407,+0.00000,+0.12016,+0.02157,+0.07351,+0.00000,+0.00000,+0.00124,+0.00000,+0.00047,+0.00000,+0.00000,+0.00000,+0.00000,+0.00000,+0.00000,+0.00000,+0.00000,+0.00000,+0.00000,+0.00000,+0.00000,+0.00000,+0.00000,+0.00000,+0.0276,0.0000,0.0004,0.0011,0.0025,0.0028,0.0039,no,0.0027,1.1,,0.0000,,,,
059003.000566,even,5.5,121143.300,120999.0,-63 fd6p (3H) 4H,0.9518,0.0000,+0.52093,-0.04336,+0.08227,+0.32364,-0.03721,+0.08811,+0.00000,+0.01907,-0.08953,-0.03402,+0.00000,+0.00000,+0.00000,+0.00000,+0.00000,+0.00000,+0.00000,+0.00000,+0.00000,+0.00000,+0.00000,+0.00000,+0.00000,+0.00000,+0.00000,+0.00000,+0.00000,+0.00000,+0.00000,+0.00000,+0.0140,0.0000,0.0003,0.0012,0.0024,0.0014,0.0030,no,0.0020,2.3,,0.0000,,,,
059003.000680,even,5.5,,122785.0,-75 f27s (1I) 2I,0.9594,0.0000,+0.97052,-0.00271,+0.01136,+0.03419,-0.00032,+0.01112,+0.00000,+0.01660,+0.00336,+0.00997,-0.04510,+0.00000,-0.01785,+0.00007,+0.00919,+0.00000,+0.00000,+0.00000,+0.00000,+0.00000,+0.00000,+0.00000,+0.00000,+0.00000,+0.00000,+0.00000,+0.00000,+0.00000,+0.00000,+0.00000,+0.0181,0.0000,0.0004,0.0015,0.0012,0.0018,0.0027,no,0.0028,2.3,,0.0000,,,,
059003.000679,even,5.5,,123938.0,-71 fd6p (3G) 4G,0.9588,0.0000,+0.45596,-0.00246,+0.07589,+0.25225,-0.00837,+0.05120,+0.00000,+0.08176,-0.00647,+0.08282,+0.00000,+0.00000,-0.00471,+0.00172,+0.00474,-0.00037,+0.00017,+0.00046,+0.00000,+0.00000,+0.00000,+0.00000,+0.00000,+0.00000,+0.00000,+0.00000,+0.00000,+0.00000,+0.00000,+0.00000,+0.0200,0.0000,0.0003,0.0011,0.0017,0.0020,0.0029,no,0.0020,1.2,,0.0000,,,,
059003.000570,even,5.5,126743.300,126818.0,85 fd6p (3H) 4G,0.9760,0.0000,+0.54432,-0.05953,+0.08949,+0.28473,-0.02433,+0.08911,+0.00000,-0.08435,+0.01057,+0.07643,+0.00000,+0.00000,-0.00019,+0.00008,+0.00023,-0.00090,+0.00041,+0.00113,+0.00000,+0.00000,+0.00000,+0.00000,+0.00000,+0.00000,+0.00000,+0.00000,+0.00000,+0.00000,+0.00000,+0.00000,+0.0144,0.0000,0.0002,0.0009,0.0018,0.0014,0.0025,no,0.0012,2.1,,0.0000,,,,
059003.000649,even,5.5,,129628.0,91 f27d (3H) 4K,0.9905,0.0000,+0.86729,+0.11688,-0.14067,+0.00059,-0.00002,-0.00005,+0.00000,+0.00031,+0.00004,-0.00007,+0.00000,+0.00000,+0.00000,+0.00000,+0.00000,+0.33504,+0.10353,-0.06245,+0.00000,+0.00000,+0.00000,+0.00000,+0.00000,+0.00000,+0.00000,+0.00000,+0.00000,+0.00000,+0.00000,+0.00000,+0.0294,0.0000,0.0001,0.0004,0.0006,0.0029,0.0030,no,0.0005,1.0,,0.0000,,,,
059003.000574,even,5.5,129934.500,129827.0,-64 f27d (3H) 4I,0.9665,0.0000,+0.78169,+0.10007,-0.12385,+0.00202,-0.00007,-0.00017,+0.00000,+0.00106,+0.00012,-0.00021,+0.00000,+0.00000,+0.00000,+0.00000,+0.00000,+0.26424,-0.03355,+0.07521,+0.00000,+0.00000,+0.00000,+0.00000,+0.00000,+0.00000,+0.00000,+0.00000,+0.00000,+0.00000,+0.00000,+0.00000,+0.0257,0.0000,0.0002,0.0005,0.0005,0.0026,0.0027,no,0.0017,1.0,,0.0000,,,,
059003.000420,even,5.5,131200.300,131075.0,-64 f28s (3H) 4H,0.9424,0.0000,+0.76836,+0.01399,+0.02260,+0.10673,+0.00074,+0.00209,+0.00000,+0.01835,+0.02517,+0.01877,+0.00000,+0.05795,-0.00139,+0.00050,+0.00139,+0.00578,+0.00085,-0.00063,+0.00000,+0.00000,+0.00000,+0.00000,+0.00000,+0.00000,+0.00000,+0.00000,+0.00000,+0.00000,+0.00000,+0.00000,+0.0336,0.0000,0.0004,0.0010,0.0011,0.0034,0.0037,no,0.0026,1.0,,0.0000,,,,
059003.000648,even,5.5,,131826.0,63 f27d (3H) 4I,0.9544,0.0000,+0.78892,+0.01940,+0.02482,+0.05062,+0.00115,+0.00307,+0.00000,+0.01247,+0.00647,+0.00822,+0.00000,+0.00078,-0.00061,+0.00022,+0.00061,+0.15373,+0.02903,-0.04264,+0.00000,+0.00000,+0.00000,+0.00000,+0.00000,+0.00000,+0.00000,+0.00000,+0.00000,+0.00000,+0.00000,+0.00000,+0.0257,0.0000,0.0003,0.0003,0.0005,0.0026,0.0027,no,0.0025,1.0,,0.0000,,,,
059003.000632,even,5.5,,131987.0,-74 f27d (3H) 4H,0.9570,0.0000,+0.77039,+0.02100,+0.02193,+0.00705,-0.00064,+0.00036,+0.00000,+0.00423,+0.00019,-0.00022,+0.00000,+0.00012,+0.00000,+0.00000,+0.00000,+0.13960,-0.01245,+0.05655,+0.00000,+0.00000,+0.00000,+0.00000,+0.00000,+0.00000,+0.00000,+0.00000,+0.00000,+0.00000,+0.00000,+0.00000,+0.0232,0.0000,0.0003,0.0004,0.0004,0.0023,0.0024,no,0.0023,1.0,,0.0000,,,,
059003.000427,even,5.5,133503.900,133516.0,85 f28s (3H) 2H,0.9817,0.0000,+0.89284,-0.05351,+0.17604,+0.00382,+0.00012,+0.00000,+0.00000,+0.00149,+0.00023,+0.00019,+0.00000,-0.07452,+0.00000,+0.00000,+0.00000,+0.00121,-0.00077,-0.00107,+0.00000,+0.00000,+0.00000,+0.00000,+0.00000,+0.00000,+0.00000,+0.00000,+0.00000,+0.00000,+0.00000,+0.00000,+0.0155,0.0000,0.0001,0.0006,0.0010,0.0015,0.0019,no,0.0008,2.3,,0.0000,,,,
059003.000578,even,5.5,134394.160,134380.0,85 f25g (3H) 4K,0.9969,0.0000,+0.62596,+0.08340,-0.10219,+0.00130,+0.00000,+0.00000,+0.00000,+0.00065,+0.00018,-0.00028,+0.00000,+0.00000,+0.00000,+0.00000,+0.00000,+0.00000,+0.00000,+0.00000,+0.00000,+0.00000,+0.00000,+0.00000,+0.00000,+0.00000,+0.54788,+0.00885,-0.07331,+0.00000,+0.00000,+0.00000,+0.0204,0.0000,0.0000,0.0007,0.0004,0.0020,0.0022,no,0.0002,1.0,,0.0000,,,,
059003.000580,even,5.5,134402.830,134395.0,-66 f25g (3H) 2I,0.9698,0.0000,+0.55921,+0.07357,-0.09131,+0.00215,-0.00013,+0.00014,+0.00000,+0.00107,+0.00023,-0.00036,+0.00000,+0.00000,+0.00000,+0.00000,+0.00000,-0.00007,+0.00003,+0.00008,+0.00000,+0.00000,+0.00000,+0.00000,+0.00000,+0.00000,+0.44138,+0.01270,+0.08771,+0.00000,+0.00000,+0.00000,+0.0183,0.0000,0.0002,0.0007,0.0003,0.0018,0.0020,no,0.0016,1.0,,0.0000,,,,
059003.000593,even,5.5,136555.450,136525.0,60 f25g (3H) 4I,0.9951,0.0000,+0.65039,+0.01958,+0.02385,+0.00000,+0.00000,+0.00000,+0.00000,+0.00000,+0.00000,+0.00000,+0.00000,+0.00000,+0.00000,+0.00000,+0.00000,+0.00000,+0.00000,+0.00000,+0.00000,+0.00000,+0.00000,+0.00000,+0.00000,+0.00000,+0.40181,+0.00201,-0.07605,+0.00000,+0.00000,+0.00000,+0.0192,0.0000,0.0001,0.0006,0.0003,0.0019,0.0020,no,0.0004,1.0,,0.0000,,,,
059003.000596,even,5.5,136570.810,136554.0,59 f25g (3H) 4H,0.9812,0.0000,+0.57654,+0.01718,+0.02022,+0.00000,+0.00000,+0.00000,+0.00000,+0.00000,+0.00000,+0.00000,+0.00000,+0.00000,+0.00000,+0.00000,+0.00000,+0.00017,+0.00002,+0.00004,+0.00000,+0.00000,+0.00000,+0.00000,+0.00000,+0.00000,+0.31354,+0.00931,+0.08949,+0.00000,+0.00000,+0.00000,+0.0170,0.0000,0.0002,0.0007,0.0003,0.0017,0.0019,no,0.0012,1.0,,0.0000,,,,
059003.000661,even,5.5,,136995.0,-62 f27d (3F) 2H,0.9743,0.0000,+0.57664,+0.06593,+0.09025,+0.00010,-0.00000,+0.00002,+0.00000,+0.00007,+0.00000,-0.00001,+0.00000,+0.00000,+0.00000,+0.00000,+0.00000,+0.32305,-0.03650,+0.00987,+0.00000,+0.00000,+0.00000,+0.00000,+0.00000,+0.00000,+0.00000,+0.00000,+0.00000,+0.00000,+0.00000,+0.00000,+0.0190,0.0000,0.0002,0.0006,0.0004,0.0019,0.0020,no,0.0014,1.0,,0.0000,,,,
059003.000612,even,5.5,138799.910,138785.0,72 f25g (3H) 2H,0.9949,0.0000,+0.68642,-0.04072,+0.14003,+0.00000,+0.00000,+0.00000,+0.00000,+0.00000,+0.00000,+0.00000,+0.00000,+0.00000,+0.00000,+0.00000,+0.00000,+0.00000,+0.00000,+0.00000,+0.00000,+0.00000,+0.00000,+0.00000,+0.00000,+0.00000,+0.25005,-0.03035,-0.07650,+0.00000,+0.00000,+0.00000,+0.0185,0.0000,0.0000,0.0006,0.0003,0.0019,0.0020,no,0.0002,1.1,,0.0000,,,,
059003.000614,even,5.5,138822.400,138823.0,84 f25g (3H) 4G,0.9972,0.0000,+0.64745,-0.03814,+0.13330,+0.00000,+0.00000,+0.00000,+0.00000,+0.00000,+0.00000,+0.00000,+0.00000,+0.00000,+0.00000,+0.00000,+0.00000,+0.00000,+0.00000,+0.00000,+0.00000,+0.00000,+0.00000,+0.00000,+0.00000,+0.00000,+0.12893,+0.02995,+0.09031,+0.00000,+0.00000,+0.00000,+0.0175,0.0000,0.0000,0.0006,0.0003,0.0017,0.0019,no,0.0001,1.1,,0.0000,,,,
059003.000049,even,6.5,15454.160,15439.0,-96 f25d (3H) 4K,0.9625,0.0017,+0.73616,+0.05157,-0.02023,+0.29301,+0.04170,-0.01073,+0.00000,+0.00000,+0.00000,+0.00000,+0.00000,+0.00000,+0.00003,+0.00000,-0.00000,+0.00000,+0.00000,+0.00000,+0.00000,+0.00000,+0.00000,+0.00000,+0.00000,+0.00000,+0.00000,+0.00000,+0.00000,+0.00000,+0.00000,+0.00000,+0.0305,0.0000,0.0003,0.0001,0.0007,0.0031,0.0031,no,0.0021,1.0,,0.0000,,,,
059003.000057,even,6.5,17113.190,17021.0,99 f25d (3H) 4I,0.9979,0.0034,+0.69713,+0.00983,+0.06019,+0.19332,+0.00076,+0.04575,+0.00000,+0.00000,+0.00000,+0.00000,+0.00000,+0.00000,+0.00017,-0.00000,+0.00003,+0.00000,+0.00000,+0.00000,+0.00000,+0.00000,+0.00000,+0.00000,+0.00000,+0.00000,+0.00000,+0.00000,+0.00000,+0.00000,+0.00000,+0.00000,+0.0234,0.0000,0.0000,0.0004,0.0005,0.0023,0.0024,no,0.0002,1.1,,0.0000,,,,
059003.000070,even,6.5,19360.100,19329.0,70 f25d (3H) 2I,0.9681,0.0001,+0.68967,-0.03237,+0.09993,+0.19645,+0.00810,+0.01385,+0.00000,+0.00000,+0.00000,+0.00000,+0.00000,+0.00000,+0.00000,+0.00000,+0.00000,+0.00000,+0.00000,+0.00000,+0.00000,+0.00000,+0.00000,+0.00000,+0.00000,+0.00000,+0.00000,+0.00000,+0.00000,+0.00000,+0.00000,+0.00000,+0.0231,0.0000,0.0001,0.0007,0.0005,0.0023,0.0025,no,0.0010,1.1,,0.0000,,,,
059003.000079,even,6.5,21238.780,21284.0,85 f25d (3H) 4H,0.9881,0.0032,+0.68821,-0.03439,+0.13057,+0.11778,-0.00432,+0.06021,+0.00000,+0.00000,+0.00000,+0.00000,+0.00000,+0.00000,+0.00000,+0.00000,+0.00000,+0.00000,+0.00000,+0.00000,+0.00000,+0.00000,+0.00000,+0.00000,+0.00000,+0.00000,+0.00000,+0.00000,+0.00000,+0.00000,+0.00000,+0.00000,+0.0196,0.0000,0.0001,0.0005,0.0005,0.0020,0.0021,no,0.0005,1.3,,0.0000,,,,
059003.000091,even,6.5,23175.090,23139.0,-85 f25d (3F) 4H,0.9526,0.0034,+0.52154,+0.04419,+0.12335,+0.29018,-0.02784,+0.06136,+0.00000,+0.00000,+0.00000,+0.00000,+0.00000,+0.00000,+0.00000,+0.00000,+0.00000,+0.00000,+0.00000,+0.00000,+0.00000,+0.00000,+0.00000,+0.00000,+0.00000,+0.00000,+0.00000,+0.00000,+0.00000,+0.00000,+0.00000,+0.00000,+0.0204,0.0000,0.0002,0.0010,0.0006,0.0020,0.0024,no,0.0018,1.2,,0.0000,,,,
059003.000096,even,6.5,23647.770,23768.0,86 f25d (3H) 2K,0.9752,0.0017,+0.73268,+0.04762,-0.04671,+0.29182,-0.02339,+0.02047,+0.00000,+0.00000,+0.00000,+0.00000,+0.00000,+0.00000,+0.00000,+0.00000,+0.00000,+0.00000,+0.00000,+0.00000,+0.00000,+0.00000,+0.00000,+0.00000,+0.00000,+0.00000,+0.00000,+0.00000,+0.00000,+0.00000,+0.00000,+0.00000,+0.0279,0.0000,0.0002,0.0009,0.0006,0.0028,0.0030,no,0.0015,1.1,,0.0000,,,,
059003.000129,even,6.5,29263.080,29309.0,-82 f25d (1G) 2I,0.9609,0.0053,+0.63847,-0.02423,+0.02665,+0.27711,-0.03731,+0.05225,+0.00000,+0.00000,+0.00000,+0.00000,+0.00000,+0.00000,+0.00000,+0.00000,+0.00000,+0.00000,+0.00000,+0.00000,+0.00000,+0.00000,+0.00000,+0.00000,+0.00000,+0.00000,+0.00000,+0.00000,+0.00000,+0.00000,+0.00000,+0.00000,+0.0216,0.0000,0.0002,0.0008,0.0006,0.0022,0.0024,no,0.0013,1.3,,0.0000,,,,
059003.000139,even,6.5,32760.110,32778.0,100 f26s (3H) 4H,1.0063,0.0008,+0.76750,-0.04607,+0.15322,+0.00095,-0.00008,+0.00030,+0.07656,+0.00041,-0.00004,+0.00026,+0.00000,+0.00000,+0.00000,+0.00000,+0.00000,+0.00000,+0.00000,+0.00000,+0.00000,+0.00000,+0.00000,+0.00000,+0.00000,+0.00000,+0.00000,+0.00000,+0.00000,+0.00000,+0.00000,+0.00000,+0.0701,0.0000,0.0000,0.0008,0.0005,0.0000,0.0009,yes,0.0000,1.0,,0.0000,+0.0694,0.0012,-0.0007,-0.6
059003.000154,even,6.5,36642.130,36434.0,-85 f25d (1I) 2I,0.9699,0.0031,+0.87181,-0.00365,-0.00119,+0.08218,+0.05436,+0.04401,+0.00000,+0.00000,+0.00000,+0.00000,+0.00000,+0.00000,+0.00000,+0.00000,+0.00000,+0.00000,+0.00000,+0.00000,+0.00000,+0.00000,+0.00000,+0.00000,+0.00000,+0.00000,+0.00000,+0.00000,+0.00000,+0.00000,+0.00000,+0.00000,+0.0268,0.0000,0.0002,0.0008,0.0005,0.0027,0.0028,no,0.0014,1.1,,0.0000,,,,
059003.000164,even,6.5,38701.590,38760.0,-80 f25d (1I) 2K,0.9587,0.0066,+0.83618,-0.02287,-0.00619,+0.18893,-0.03234,-0.02580,+0.00000,+0.00000,+0.00000,+0.00000,+0.00000,+0.00000,+0.00000,+0.00000,+0.00000,+0.00000,+0.00000,+0.00000,+0.00000,+0.00000,+0.00000,+0.00000,+0.00000,+0.00000,+0.00000,+0.00000,+0.00000,+0.00000,+0.00000,+0.00000,+0.0276,0.0000,0.0002,0.0008,0.0005,0.0028,0.0029,no,0.0014,1.1,,0.0000,,,,
059003.000189,even,6.5,50658.720,50675.0,99 f26s (1I) 2I,0.9916,0.0049,+0.91626,-0.00640,+0.00039,+0.00125,+0.00000,+0.00001,+0.07622,+0.00056,-0.00011,+0.00028,+0.00000,+0.00000,+0.00000,+0.00000,+0.00000,+0.00000,+0.00000,+0.00000,+0.00000,+0.00000,+0.00000,+0.00000,+0.00000,+0.00000,+0.00000,+0.00000,+0.00000,+0.00006,-0.00001,+0.00003,+0.0753,0.0000,0.0001,0.0008,0.0006,0.0000,0.0010,yes,0.0007,1.0,,0.0000,+0.0716,0.0019,-0.0037,-2.0
059003.000323,even,6.5,101680.380,101747.0,80 f26d (3H) 4K,0.9881,0.0001,+0.71891,+0.09404,-0.08602,+0.00003,+0.00000,-0.00000,+0.00000,+0.00000,+0.00000,+0.00000,+0.00000,+0.00000,+0.30754,-0.03457,+0.05944,+0.00000,+0.00000,+0.00000,+0.00000,+0.00000,+0.00000,+0.00000,+0.00000,+0.00000,+0.00000,+0.00000,+0.00000,+0.00000,+0.00000,+0.00000,+0.0243,0.0000,0.0001,0.0004,0.0006,0.0024,0.0025,no,0.0004,1.0,,0.0000,,,,
059003.000328,even,6.5,102981.940,103003.0,75 f26d (3H) 4I,0.9778,0.0004,+0.71283,+0.02089,+0.02909,+0.00032,+0.00001,+0.00002,+0.00000,+0.00015,-0.00002,+0.00007,+0.00000,+0.00000,+0.19888,+0.04859,+0.05822,+0.00000,+0.00000,+0.00000,+0.00000,+0.00000,+0.00000,+0.00000,+0.00000,+0.00000,+0.00000,+0.00000,+0.00000,+0.00000,+0.00000,+0.00000,+0.0219,0.0000,0.0001,0.0004,0.0005,0.0022,0.0023,no,0.0009,1.0,,0.0000,,,,
059003.000333,even,6.5,103805.380,103827.0,83 f26d (3H) 2K,1.0006,0.0010,+0.73277,+0.02779,-0.00233,+0.00002,-0.00000,-0.00001,+0.00000,+0.00000,+0.00000,+0.00000,+0.00000,+0.00000,+0.30160,+0.00165,-0.03305,+0.00000,+0.00000,+0.00000,+0.00000,+0.00000,+0.00000,+0.00000,+0.00000,+0.00000,+0.00000,+0.00000,+0.00000,+0.00000,+0.00000,+0.00000,+0.0235,0.0000,0.0000,0.0004,0.0006,0.0023,0.0024,no,0.0000,1.0,,0.0000,,,,
059003.000335,even,6.5,104598.990,104521.0,99 f27s (3H) 4H,0.9944,0.0000,+0.76828,-0.04612,+0.15323,+0.00049,-0.00002,+0.00016,+0.00000,+0.00025,-0.00004,+0.00013,+0.07594,+0.00000,+0.00071,+0.00051,+0.00072,+0.00000,+0.00000,+0.00000,+0.00000,+0.00000,+0.00000,+0.00000,+0.00000,+0.00000,+0.00000,+0.00000,+0.00000,+0.00006,-0.00001,+0.00003,+0.0389,0.0000,0.0000,0.0006,0.0019,0.0039,0.0044,no,0.0003,1.1,,0.0000,,,,
059003.000338,even,6.5,105019.060,105034.0,-79 f26d (3H) 4H,0.9630,0.0009,+0.73349,-0.04390,+0.14919,+0.00056,-0.00001,+0.00020,+0.00000,+0.00028,-0.00001,+0.00020,+0.00065,+0.00000,+0.08376,+0.05617,+0.03074,+0.00000,+0.00000,+0.00000,+0.00000,+0.00000,+0.00000,+0.00000,+0.00000,+0.00000,+0.00000,+0.00000,+0.00000,+0.00000,+0.00000,+0.00000,+0.0204,0.0000,0.0003,0.0005,0.0004,0.0020,0.0022,no,0.0021,1.1,,0.0000,,,,
059003.000342,even,6.5,105632.160,105570.0,-78 f26d (3H) 2I,0.9495,0.0000,+0.71297,-0.03988,+0.12907,+0.00029,-0.00003,+0.00005,+0.00000,+0.00015,+0.00001,-0.00002,+0.00000,+0.00000,+0.17526,-0.03277,-0.01776,+0.00000,+0.00000,+0.00000,+0.00000,+0.00000,+0.00000,+0.00000,+0.00000,+0.00000,+0.00000,+0.00000,+0.00000,+0.00000,+0.00000,+0.00000,+0.0201,0.0000,0.0002,0.0005,0.0004,0.0020,0.0021,no,0.0014,1.1,,0.0000,,,,
059003.000559,even,6.5,107978.560,108034.0,-83 f26d (3F) 4H,0.9769,0.0004,+0.51000,+0.05176,+0.10770,+0.00032,-0.00002,+0.00010,+0.00000,+0.00014,-0.00003,+0.00007,+0.00000,+0.00000,+0.30554,-0.04374,+0.07571,+0.00000,+0.00000,+0.00000,+0.00000,+0.00000,+0.00000,+0.00000,+0.00000,+0.00000,+0.00000,+0.00000,+0.00000,+0.00000,+0.00000,+0.00000,+0.0169,0.0000,0.0001,0.0005,0.0005,0.0017,0.0018,no,0.0008,1.1,,0.0000,,,,
059003.000562,even,6.5,111193.290,111176.0,-82 f26d (1G) 2I,0.9745,0.0010,+0.57275,-0.06238,+0.04303,+0.00034,-0.00000,+0.00003,+0.00000,+0.00006,-0.00001,+0.00003,+0.00000,+0.00000,+0.30658,-0.04365,+0.07615,+0.00000,+0.00000,+0.00000,+0.00000,+0.00000,+0.00000,+0.00000,+0.00000,+0.00000,+0.00000,+0.00000,+0.00000,+0.00000,+0.00000,+0.00000,+0.0155,0.0000,0.0001,0.0005,0.0005,0.0015,0.0017,no,0.0008,1.3,,0.0000,,,,
059003.000567,even,6.5,122932.600,122402.0,71 fd6p (3H) 4H,0.9802,0.0000,+0.43617,+0.01016,+0.04218,+0.28663,-0.00973,+0.05478,+0.00000,+0.10654,-0.01366,+0.07104,+0.00020,+0.00000,+0.00093,+0.00067,+0.00110,+0.00033,-0.00003,+0.00010,+0.00000,+0.00000,+0.00000,+0.00000,+0.00000,+0.00000,+0.00000,+0.00000,+0.00000,+0.00000,+0.00000,+0.00000,+0.0211,0.0000,0.0001,0.0008,0.0022,0.0021,0.0032,no,0.0010,1.2,,0.0000,,,,
059003.000568,even,6.5,124594.400,125422.0,98 fd6p (3G) 4H,0.9920,0.0000,+0.41019,-0.02563,+0.07683,+0.20896,+0.00345,+0.07528,+0.00012,+0.15080,-0.03003,+0.07572,+0.00000,+0.00007,+0.00062,+0.00010,+0.00042,+0.00050,+0.00019,+0.00050,+0.00000,+0.00000,+0.00000,+0.00000,+0.00000,+0.00000,+0.00000,+0.00000,+0.00000,+0.00000,+0.00000,+0.00000,+0.0183,0.0000,0.0001,0.0006,0.0032,0.0018,0.0037,no,0.0007,1.5,,0.0000,,,,
059003.000575,even,6.5,130218.640,130096.0,-67 f27d (3H) 4K,0.9747,0.0004,+0.72945,+0.09794,-0.11193,+0.00003,-0.00000,+0.00001,+0.00000,+0.00002,+0.00000,-0.00000,+0.00000,+0.00000,+0.00008,-0.00000,-0.00003,+0.30735,-0.04268,+0.07461,+0.00000,+0.00000,+0.00000,+0.00000,+0.00000,+0.00000,+0.00000,+0.00000,+0.00000,+0.00000,+0.00000,+0.00000,+0.0241,0.0000,0.0001,0.0004,0.0005,0.0024,0.0025,no,0.0007,1.0,,0.0000,,,,
059003.000576,even,6.5,131788.150,131834.0,-66 f27d (3H) 4I,0.9769,0.0000,+0.72197,+0.02141,+0.02502,+0.00133,-0.00015,+0.00035,+0.00000,+0.00070,-0.00013,+0.00031,+0.00000,+0.00000,+0.00008,-0.00000,+0.00001,+0.20566,+0.06580,+0.04456,+0.00000,+0.00000,+0.00000,+0.00000,+0.00000,+0.00000,+0.00000,+0.00000,+0.00000,+0.00000,+0.00000,+0.00000,+0.0218,0.0000,0.0001,0.0003,0.0004,0.0022,0.0022,no,0.0009,1.0,,0.0000,,,,
059003.000577,even,6.5,131980.000,132089.0,-70 f27d (3H) 2K,0.9675,0.0002,+0.72122,+0.02130,+0.01581,+0.00012,+0.00000,+0.00001,+0.00000,+0.00006,+0.00000,+0.00001,+0.00000,+0.00000,+0.00018,-0.00001,-0.00006,+0.29612,-0.00578,-0.03368,+0.00000,+0.00000,+0.00000,+0.00000,+0.00000,+0.00000,+0.00000,+0.00000,+0.00000,+0.00000,+0.00000,+0.00000,+0.0220,0.0000,0.0002,0.0003,0.0004,0.0022,0.0023,no,0.0011,1.0,,0.0000,,,,
059003.000426,even,6.5,133393.200,133366.0,100 f28s (3H) 4H,1.0025,0.0000,+0.76914,-0.04617,+0.15353,+0.00019,-0.00000,+0.00007,+0.00000,+0.00014,-0.00003,+0.00007,+0.00000,+0.07685,+0.00000,+0.00000,+0.00000,+0.00000,+0.00000,+0.00000,+0.00000,+0.00000,+0.00000,+0.00000,+0.00000,+0.00000,+0.00000,+0.00000,+0.00000,+0.00000,+0.00000,+0.00000,+0.0298,0.0000,0.0000,0.0004,0.0010,0.0030,0.0032,no,0.0000,1.1,,0.0000,,,,
059003.000663,even,6.5,,134002.0,69 f27d (3H) 4H,0.9775,0.0000,+0.73812,-0.04290,+0.14731,+0.00266,-0.00040,+0.00042,+0.00000,+0.00155,-0.00029,+0.00080,+0.00000,+0.00000,+0.00000,+0.00000,+0.00000,+0.10111,+0.05327,+0.00803,+0.00000,+0.00000,+0.00000,+0.00000,+0.00000,+0.00000,+0.00000,+0.00000,+0.00000,+0.00000,+0.00000,+0.00000,+0.0203,0.0000,0.0001,0.0004,0.0004,0.0020,0.0021,no,0.0006,1.1,,0.0000,,,,
059003.000579,even,6.5,134402.020,134380.0,-68 f25g (3H) 2K,0.9886,0.0000,+0.55305,+0.07442,-0.09022,+0.00000,+0.00000,+0.00000,+0.00000,+0.00000,+0.00000,+0.00000,+0.00000,+0.00000,+0.00000,+0.00000,+0.00000,+0.00000,+0.00000,+0.00000,+0.00000,+0.00000,+0.00000,+0.00000,+0.00000,+0.00000,+0.46033,-0.01480,+0.07684,+0.00000,+0.00000,+0.00000,+0.0180,0.0000,0.0000,0.0005,0.0003,0.0018,0.0019,no,0.0003,1.0,,0.0000,,,,
059003.000583,even,6.5,134428.630,134412.0,90 f25g (3H) 4L,1.0043,0.0000,+0.63389,+0.08489,-0.10260,+0.00000,+0.00000,+0.00000,+0.00000,+0.00000,+0.00000,+0.00000,+0.00000,+0.00000,+0.00000,+0.00000,+0.00000,+0.00000,+0.00000,+0.00000,+0.00000,+0.00000,+0.00000,+0.00000,+0.00000,+0.00000,+0.53520,+0.04154,-0.06649,+0.00000,+0.00000,+0.00000,+0.0206,0.0000,0.0000,0.0005,0.0004,0.0021,0.0021,no,0.0000,1.0,,0.0000,,,,
059003.000594,even,6.5,136557.980,136524.0,-58 f25g (3H) 4K,0.9491,0.0000,+0.60297,+0.01727,+0.01735,+0.00016,+0.00001,-0.00001,+0.00000,+0.00008,-0.00001,+0.00003,+0.00000,+0.00000,+0.00000,+0.00000,+0.00000,+0.00000,+0.00000,+0.00000,+0.00000,+0.00000,+0.00000,+0.00000,+0.00000,+0.00000,+0.44446,+0.00514,-0.06504,+0.00000,+0.00000,+0.00000,+0.0178,0.0000,0.0003,0.0005,0.0003,0.0018,0.0019,no,0.0021,1.0,,0.0000,,,,
059003.000592,even,6.5,136554.970,136527.0,59 f25g (3H) 4I,0.9773,0.0000,+0.55974,+0.01679,+0.01997,+0.00025,+0.00001,-0.00002,+0.00000,+0.00013,-0.00001,+0.00002,+0.00000,+0.00000,+0.00000,+0.00000,+0.00000,+0.00016,-0.00002,+0.00004,+0.00000,+0.00000,+0.00000,+0.00000,+0.00000,+0.00000,+0.34453,+0.01511,+0.07519,+0.00000,+0.00000,+0.00000,+0.0166,0.0000,0.0002,0.0005,0.0003,0.0017,0.0018,no,0.0011,1.0,,0.0000,,,,
059003.000607,even,6.5,138783.500,138763.0,-70 f25g (3H) 2I,0.9688,0.0000,+0.62839,-0.03679,+0.12414,+0.00000,+0.00000,+0.00000,+0.00000,+0.00000,+0.00000,+0.00000,+0.00000,+0.00000,+0.00000,+0.00000,+0.00000,+0.00000,+0.00000,+0.00000,+0.00000,+0.00000,+0.00000,+0.00000,+0.00000,+0.00000,+0.31181,+0.00056,-0.06435,+0.00000,+0.00000,+0.00000,+0.0170,0.0000,0.0001,0.0005,0.0003,0.0017,0.0018,no,0.0008,1.1,,0.0000,,,,
059003.000611,even,6.5,138799.390,138785.0,85 f25g (3H) 4H,0.9777,0.0000,+0.57602,-0.03413,+0.11740,+0.00000,+0.00000,+0.00000,+0.00000,+0.00000,+0.00000,+0.00000,+0.00000,+0.00000,+0.00000,+0.00000,+0.00000,+0.00000,+0.00000,+0.00000,+0.00000,+0.00000,+0.00000,+0.00000,+0.00000,+0.00000,+0.23196,+0.01001,+0.07462,+0.00000,+0.00000,+0.00000,+0.0156,0.0000,0.0001,0.0005,0.0003,0.0016,0.0016,no,0.0005,1.1,,0.0000,,,,
059003.000059,even,7.5,17534.760,17523.0,-99 f25d (3H) 4K,0.9841,0.0032,+0.64781,-0.00001,+0.05991,+0.25899,-0.00083,+0.02992,+0.00000,+0.00000,+0.00000,+0.00000,+0.00000,+0.00000,+0.00011,-0.00000,+0.00001,+0.00000,+0.00000,+0.00000,+0.00000,+0.00000,+0.00000,+0.00000,+0.00000,+0.00000,+0.00000,+0.00000,+0.00000,+0.00000,+0.00000,+0.00000,+0.0236,0.0000,0.0001,0.0002,0.0005,0.0024,0.0024,no,0.0010,1.1,,0.0000,,,,
059003.000066,even,7.5,18921.240,18838.0,98 f25d (3H) 4I,0.9843,0.0037,+0.62745,-0.02775,+0.13152,+0.17200,+0.01229,+0.06505,+0.00000,+0.00000,+0.00000,+0.00000,+0.00000,+0.00000,+0.00016,+0.00000,+0.00006,+0.00000,+0.00000,+0.00000,+0.00000,+0.00000,+0.00000,+0.00000,+0.00000,+0.00000,+0.00000,+0.00000,+0.00000,+0.00000,+0.00000,+0.00000,+0.0195,0.0000,0.0001,0.0005,0.0006,0.0020,0.0021,no,0.0007,1.3,,0.0000,,,,
059003.000113,even,7.5,25979.340,26072.0,-91 f25d (3H) 2K,0.9659,0.0044,+0.67545,-0.03478,+0.07891,+0.25157,+0.00390,-0.01048,+0.00000,+0.00000,+0.00000,+0.00000,+0.00000,+0.00000,+0.00000,+0.00000,+0.00000,+0.00000,+0.00000,+0.00000,+0.00000,+0.00000,+0.00000,+0.00000,+0.00000,+0.00000,+0.00000,+0.00000,+0.00000,+0.00000,+0.00000,+0.00000,+0.0245,0.0000,0.0002,0.0007,0.0005,0.0024,0.0026,no,0.0018,1.1,,0.0000,,,,
059003.000166,even,7.5,38785.760,38901.0,75 f25d (1I) 2K,0.9748,0.0069,+0.77105,-0.01510,+0.00975,+0.19451,+0.06494,+0.01751,+0.00000,+0.00000,+0.00000,+0.00000,+0.00000,+0.00000,+0.00011,+0.00001,-0.00001,+0.00000,+0.00000,+0.00000,+0.00000,+0.00000,+0.00000,+0.00000,+0.00000,+0.00000,+0.00000,+0.00000,+0.00000,+0.00000,+0.00000,+0.00000,+0.0271,0.0000,0.0001,0.0007,0.0006,0.0027,0.0029,no,0.0010,1.1,,0.0000,,,,
059003.000171,even,7.5,39725.990,39678.0,-81 f25d (1I) 2L,0.9623,0.0057,+0.76631,+0.01281,+0.00181,+0.24705,-0.01388,-0.02110,+0.00000,+0.00000,+0.00000,+0.00000,+0.00000,+0.00000,+0.00000,+0.00000,+0.00000,+0.00000,+0.00000,+0.00000,+0.00000,+0.00000,+0.00000,+0.00000,+0.00000,+0.00000,+0.00000,+0.00000,+0.00000,+0.00000,+0.00000,+0.00000,+0.0283,0.0000,0.0002,0.0008,0.0005,0.0028,0.0030,no,0.0015,1.0,,0.0000,,,,
059003.000332,even,7.5,103484.190,103561.0,-89 f26d (3H) 4K,0.9748,0.0000,+0.63767,+0.01826,+0.03445,+0.00024,-0.00000,+0.00003,+0.00000,+0.00000,+0.00000,+0.00000,+0.00000,+0.00000,+0.26631,-0.03564,+0.06130,+0.00000,+0.00000,+0.00000,+0.00000,+0.00000,+0.00000,+0.00000,+0.00000,+0.00000,+0.00000,+0.00000,+0.00000,+0.00000,+0.00000,+0.00000,+0.0196,0.0000,0.0001,0.0002,0.0005,0.0020,0.0020,no,0.0009,1.1,,0.0000,,,,
059003.000339,even,7.5,105049.720,105095.0,-92 f26d (3H) 4I,0.9727,0.0009,+0.64679,-0.03798,+0.12831,+0.00041,-0.00003,+0.00012,+0.00000,+0.00012,-0.00002,+0.00006,+0.00000,+0.00000,+0.16622,+0.03643,+0.05701,+0.00002,+0.00000,+0.00001,+0.00000,+0.00000,+0.00000,+0.00000,+0.00000,+0.00000,+0.00000,+0.00000,+0.00000,+0.00000,+0.00000,+0.00000,+0.0181,0.0000,0.0001,0.0004,0.0004,0.0018,0.0019,no,0.0010,1.2,,0.0000,,,,
059003.000552,even,7.5,106394.090,106420.0,-93 f26d (3H) 2K,0.9768,0.0013,+0.66075,-0.03706,+0.11657,+0.00007,+0.00000,+0.00003,+0.00000,+0.00000,+0.00000,+0.00000,+0.00000,+0.00000,+0.26450,+0.01393,-0.04325,+0.00000,+0.00000,+0.00000,+0.00000,+0.00000,+0.00000,+0.00000,+0.00000,+0.00000,+0.00000,+0.00000,+0.00000,+0.00000,+0.00000,+0.00000,+0.0195,0.0000,0.0001,0.0004,0.0005,0.0019,0.0021,no,0.0008,1.1,,0.0000,,,,
059003.000569,even,7.5,125145.100,124684.0,100 fd6p (3H) 4I,1.0044,0.0002,+0.40084,-0.04445,+0.06685,+0.26560,-0.03794,+0.06640,+0.00000,+0.13275,-0.02655,+0.06637,+0.00000,+0.00000,+0.00022,+0.00000,+0.00009,+0.00043,+0.00001,+0.00017,+0.00000,+0.00000,+0.00000,+0.00000,+0.00000,+0.00000,+0.00000,+0.00000,+0.00000,+0.00005,-0.00001,+0.00003,+0.0175,0.0000,0.0000,0.0000,0.0028,0.0017,0.0033,no,0.0000,1.6,,0.0000,,,,
059003.000662,even,7.5,,134002.0,-92 f27d (3H) 4I,0.9786,0.0006,+0.64668,-0.03798,+0.12883,+0.00075,-0.00010,+0.00020,+0.00000,+0.00034,-0.00007,+0.00017,+0.00000,+0.00000,+0.00007,+0.00000,+0.00003,+0.16653,+0.03833,+0.05579,+0.00000,+0.00000,+0.00000,+0.00000,+0.00000,+0.00000,+0.00000,+0.00000,+0.00000,+0.00000,+0.00000,+0.00000,+0.0178,0.0000,0.0001,0.0004,0.0003,0.0018,0.0019,no,0.0008,1.1,,0.0000,,,,
059003.000584,even,7.5,134433.410,134419.0,71 f25g (3H) 2L,0.9757,0.0000,+0.55811,+0.07433,-0.09133,+0.00000,+0.00000,+0.00000,+0.00000,+0.00000,+0.00000,+0.00000,+0.00000,+0.00000,+0.00000,+0.00000,+0.00000,+0.00003,+0.00000,-0.00000,+0.00000,+0.00000,+0.00000,+0.00000,+0.00000,+0.00000,+0.46655,-0.03010,+0.06665,+0.00000,+0.00000,+0.00000,+0.0182,0.0000,0.0001,0.0004,0.0003,0.0018,0.0019,no,0.0008,1.0,,0.0000,,,,
059003.000590,even,7.5,134492.680,134501.0,94 f25g (3H) 4M,1.0024,0.0000,+0.63177,+0.08475,-0.10146,+0.00000,+0.00000,+0.00000,+0.00000,+0.00000,+0.00000,+0.00000,+0.00000,+0.00000,+0.00000,+0.00000,+0.00000,+0.00077,+0.00012,-0.00016,+0.00000,+0.00000,+0.00000,+0.00000,+0.00000,+0.00000,+0.52773,+0.06111,-0.05865,+0.00000,+0.00000,+0.00000,+0.0206,0.0000,0.0000,0.0004,0.0004,0.0021,0.0021,no,0.0000,1.0,,0.0000,,,,
059003.000595,even,7.5,136559.590,136526.0,-65 f25g (3H) 4K,0.9730,0.0000,+0.53643,+0.01565,+0.01748,+0.00000,+0.00000,+0.00000,+0.00000,+0.00000,+0.00000,+0.00000,+0.00000,+0.00000,+0.00000,+0.00000,+0.00000,+0.00000,+0.00000,+0.00000,+0.00000,+0.00000,+0.00000,+0.00000,+0.00000,+0.00000,+0.38020,-0.00327,+0.06589,+0.00000,+0.00000,+0.00000,+0.0158,0.0000,0.0001,0.0004,0.0003,0.0016,0.0017,no,0.0010,1.0,,0.0000,,,,
059003.000599,even,7.5,136589.440,136564.0,-66 f25g (3H) 4L,0.9645,0.0000,+0.58142,+0.01712,+0.01835,+0.00000,+0.00000,+0.00000,+0.00000,+0.00000,+0.00000,+0.00000,+0.00000,+0.00000,+0.00000,+0.00000,+0.00000,+0.00000,+0.00000,+0.00000,+0.00000,+0.00000,+0.00000,+0.00000,+0.00000,+0.00000,+0.45855,+0.02931,-0.05831,+0.00000,+0.00000,+0.00000,+0.0172,0.0000,0.0002,0.0003,0.0003,0.0017,0.0018,no,0.0011,1.0,,0.0000,,,,
059003.000608,even,7.5,138787.950,138761.0,-84 f25g (3H) 4I,0.9860,0.0000,+0.55888,-0.03258,+0.11088,+0.00000,+0.00000,+0.00000,+0.00000,+0.00000,+0.00000,+0.00000,+0.00000,+0.00000,+0.00000,+0.00000,+0.00000,+0.00000,+0.00000,+0.00000,+0.00000,+0.00000,+0.00000,+0.00000,+0.00000,+0.00000,+0.27464,+0.03328,+0.05560,+0.00000,+0.00000,+0.00000,+0.0151,0.0000,0.0000,0.0004,0.0003,0.0015,0.0016,no,0.0003,1.1,,0.0000,,,,
059003.000609,even,7.5,138794.580,138766.0,-80 f25g (3H) 2K,0.9656,0.0001,+0.56030,-0.03239,+0.11050,+0.00000,+0.00000,+0.00000,+0.00000,+0.00000,+0.00000,+0.00000,+0.00000,+0.00000,+0.00000,+0.00000,+0.00000,+0.00000,+0.00000,+0.00000,+0.00000,+0.00000,+0.00000,+0.00000,+0.00000,+0.00000,+0.37652,-0.01642,-0.04743,+0.00000,+0.00000,+0.00000,+0.0152,0.0000,0.0001,0.0004,0.0003,0.0015,0.0016,no,0.0007,1.1,,0.0000,,,,
059003.000622,even,7.5,141328.850,141440.0,-73 f25g (3F) 4I,0.9668,0.0000,+0.38825,+0.04076,+0.07497,+0.00000,+0.00000,+0.00000,+0.00000,+0.00000,+0.00000,+0.00000,+0.00000,+0.00000,+0.00000,+0.00000,+0.00000,+0.00000,+0.00000,+0.00000,+0.00000,+0.00000,+0.00000,+0.00000,+0.00000,+0.00000,+0.47344,-0.04058,+0.06334,+0.00000,+0.00000,+0.00000,+0.0123,0.0000,0.0001,0.0006,0.0002,0.0012,0.0014,no,0.0009,1.0,,0.0000,,,,
059003.000071,even,8.5,19649.670,19644.0,-99 f25d (3H) 4K,0.9853,0.0032,+0.58652,-0.03516,+0.11707,+0.23443,-0.03349,+0.05861,+0.00000,+0.00000,+0.00000,+0.00000,+0.00000,+0.00000,+0.00010,-0.00001,+0.00002,+0.00000,+0.00000,+0.00000,+0.00000,+0.00000,+0.00000,+0.00000,+0.00000,+0.00000,+0.00000,+0.00000,+0.00000,+0.00000,+0.00000,+0.00000,+0.0187,0.0000,0.0000,0.0003,0.0005,0.0019,0.0020,no,0.0004,1.4,,0.0000,,,,
059003.000178,even,8.5,41026.870,41023.0,-98 f25d (1I) 2L,0.9682,0.0069,+0.70074,-0.00295,+0.00011,+0.23362,-0.03337,+0.05840,+0.00000,+0.00000,+0.00000,+0.00000,+0.00000,+0.00000,+0.00000,+0.00000,+0.00000,+0.00000,+0.00000,+0.00000,+0.00000,+0.00000,+0.00000,+0.00000,+0.00000,+0.00000,+0.00000,+0.00000,+0.00000,+0.00000,+0.00000,+0.00000,+0.0229,0.0000,0.0001,0.0003,0.0006,0.0023,0.0024,no,0.0007,1.2,,0.0000,,,,
059003.000546,even,8.5,105485.300,105587.0,100 f26d (3H) 4K,1.0024,0.0000,+0.58842,-0.03532,+0.11746,+0.00009,-0.00001,+0.00002,+0.00000,+0.00000,+0.00000,+0.00000,+0.00000,+0.00000,+0.23511,-0.03359,+0.05878,+0.00009,-0.00001,+0.00002,+0.00000,+0.00000,+0.00000,+0.00000,+0.00000,+0.00000,+0.00000,+0.00000,+0.00000,+0.00000,+0.00000,+0.00000,+0.0165,0.0000,0.0000,0.0003,0.0004,0.0016,0.0017,no,0.0000,1.2,,0.0000,,,,
059003.000591,even,8.5,134496.120,134509.0,-73 f25g (3H) 2M,0.9737,0.0000,+0.56077,+0.07595,-0.09014,+0.00000,+0.00000,+0.00000,+0.00000,+0.00000,+0.00000,+0.00000,+0.00000,+0.00000,+0.00000,+0.00000,+0.00000,+0.00000,+0.00000,+0.00000,+0.00000,+0.00000,+0.00000,+0.00000,+0.00000,+0.00000,+0.47057,-0.04278,+0.05880,+0.00000,+0.00000,+0.00000,+0.0183,0.0000,0.0001,0.0003,0.0003,0.0018,0.0019,no,0.0005,1.0,,0.0000,,,,
059003.000598,even,8.5,136589.340,136565.0,73 f25g (3H) 4L,0.9836,0.0001,+0.51767,+0.01565,+0.01828,+0.00000,+0.00000,+0.00000,+0.00000,+0.00000,+0.00000,+0.00000,+0.00000,+0.00000,+0.00000,+0.00000,+0.00000,+0.00000,+0.00000,+0.00000,+0.00000,+0.00000,+0.00000,+0.00000,+0.00000,+0.00000,+0.40513,-0.02481,+0.05882,+0.00000,+0.00000,+0.00000,+0.0153,0.0000,0.0001,0.0003,0.0003,0.0015,0.0016,no,0.0006,1.0,,0.0000,,,,
059003.000606,even,8.5,136650.900,136648.0,-75 f25g (3H) 4M,0.9698,0.0000,+0.56527,+0.01686,+0.01935,+0.00000,+0.00000,+0.00000,+0.00000,+0.00000,+0.00000,+0.00000,+0.00000,+0.00000,+0.00000,+0.00000,+0.00000,+0.00000,+0.00000,+0.00000,+0.00000,+0.00000,+0.00000,+0.00000,+0.00000,+0.00000,+0.46801,+0.05205,-0.05263,+0.00000,+0.00000,+0.00000,+0.0167,0.0000,0.0001,0.0001,0.0003,0.0017,0.0017,no,0.0008,1.0,,0.0000,,,,
059003.000610,even,8.5,138796.560,138768.0,92 f25g (3H) 4K,0.9923,0.0001,+0.51396,-0.03082,+0.10262,+0.00000,+0.00000,+0.00000,+0.00000,+0.00000,+0.00000,+0.00000,+0.00000,+0.00000,+0.00000,+0.00000,+0.00000,+0.00000,+0.00000,+0.00000,+0.00000,+0.00000,+0.00000,+0.00000,+0.00000,+0.00000,+0.32488,-0.00211,+0.05844,+0.00000,+0.00000,+0.00000,+0.0139,0.0000,0.0000,0.0003,0.0002,0.0014,0.0014,no,0.0002,1.1,,0.0000,,,,
059003.000616,even,8.5,138833.550,138817.0,82 f25g (3H) 2L,0.9962,0.0000,+0.54378,-0.03256,+0.10890,+0.00000,+0.00000,+0.00000,+0.00000,+0.00000,+0.00000,+0.00000,+0.00000,+0.00000,+0.00000,+0.00000,+0.00000,+0.00000,+0.00000,+0.00000,+0.00000,+0.00000,+0.00000,+0.00000,+0.00000,+0.00000,+0.39959,+0.02392,-0.05227,+0.00000,+0.00000,+0.00000,+0.0147,0.0000,0.0000,0.0003,0.0003,0.0015,0.0015,no,0.0001,1.1,,0.0000,,,,
059003.000605,even,9.5,136649.400,136649.0,-79 f25g (3H) 4M,0.9674,0.0000,+0.50868,+0.01523,+0.01763,+0.00000,+0.00000,+0.00000,+0.00000,+0.00000,+0.00000,+0.00000,+0.00000,+0.00000,+0.00000,+0.00000,+0.00000,+0.00000,+0.00000,+0.00000,+0.00000,+0.00000,+0.00000,+0.00000,+0.00000,+0.00000,+0.42105,-0.03828,+0.05263,+0.00000,+0.00000,+0.00000,+0.0150,0.0000,0.0001,0.0001,0.0003,0.0015,0.0015,no,0.0008,1.0,,0.0000,,,,
059003.000615,even,9.5,138827.780,138812.0,-95 f25g (3H) 4L,0.9819,0.0000,+0.49251,-0.02874,+0.09784,+0.00000,+0.00000,+0.00000,+0.00000,+0.00000,+0.00000,+0.00000,+0.00000,+0.00000,+0.00000,+0.00000,+0.00000,+0.00000,+0.00000,+0.00000,+0.00000,+0.00000,+0.00000,+0.00000,+0.00000,+0.00000,+0.35715,-0.01848,+0.05250,+0.00000,+0.00000,+0.00000,+0.0133,0.0000,0.0000,0.0003,0.0002,0.0013,0.0014,no,0.0004,1.1,,0.0000,,,,
059003.000621,even,9.5,138895.870,138903.0,-83 f25g (3H) 2M,0.9724,0.0000,+0.52395,-0.03051,+0.10432,+0.00000,+0.00000,+0.00000,+0.00000,+0.00000,+0.00000,+0.00000,+0.00000,+0.00000,+0.00000,+0.00000,+0.00000,+0.00000,+0.00000,+0.00000,+0.00000,+0.00000,+0.00000,+0.00000,+0.00000,+0.00000,+0.41933,+0.04523,-0.04760,+0.00000,+0.00000,+0.00000,+0.0142,0.0000,0.0001,0.0003,0.0002,0.0014,0.0015,no,0.0005,1.1,,0.0000,,,,
059003.000620,even,10.5,138888.980,138897.0,100 f25g (3H) 4M,1.0017,0.0001,+0.47630,-0.02859,+0.09508,+0.00000,+0.00000,+0.00000,+0.00000,+0.00000,+0.00000,+0.00000,+0.00000,+0.00000,+0.00000,+0.00000,+0.00000,+0.00000,+0.00000,+0.00000,+0.00000,+0.00000,+0.00000,+0.00000,+0.00000,+0.00000,+0.38091,-0.03463,+0.04761,+0.00000,+0.00000,+0.00000,+0.0129,0.0000,0.0000,0.0003,0.0002,0.0013,0.0013,no,0.0000,1.1,,0.0000,,,,
