121547.299   0.591      3238.119          059003.000059   059003.000538          1.0000  cm-1
121279.416   0.588      1594.265          059003.000047   059003.000525 P        0.0000  cm-1
121229.786   0.588      4769.233          059003.000057   059003.000533          1.0000  cm-1
121152.798   0.587      11079.430         059003.000041   059003.000512 P        0.0000  cm-1
121152.798   0.587      11079.430         059003.000061   059003.000610 P        0.0000  cm-1
121152.798   0.587      11079.430         059003.000048   059003.000601 P        0.0000  cm-1
121152.798   0.587      11079.430         059003.000048   059003.000600 P        0.0000  cm-1
121152.798   0.587      11079.430         059003.000049   059003.000528          1.0000  cm-1
121152.798   0.587      11079.430         059003.000061   059003.000609 P        0.0000  cm-1
121066.996   0.586      47252.161         059003.000046   059003.000522          1.0000  cm-1
120868.588   0.584      1557.509          059003.000042   059003.000517          1.0000  cm-1
120868.588   0.584      1557.509          059003.000051   059003.000597 P        0.0000  cm-1
120868.588   0.584      1557.509          059003.000051   059003.000596 P        0.0000  cm-1
120748.300   0.583      1547.030          059003.000041   059003.000510          1.0000  cm-1
120719.893   0.583      77228.700         059003.000041   059003.000509          1.0000  cm-1
120719.893   0.583      77228.700         059003.000042   059003.000514 P        0.0000  cm-1
120579.997   0.582      4597.736          059003.000049   059003.000523          1.0000  cm-1
120473.092   0.581      3047.049          059003.000049   059003.000522          1.0000  cm-1
120473.092   0.581      3047.049          059003.000052   059003.000595 P        0.0000  cm-1
120425.907   0.580      1519.559          059003.000059   059003.000530          1.0000  cm-1
120425.907   0.580      1519.559          059003.000048   059003.000429 P        0.0000  cm-1
120347.505   0.579      3026.024          059003.000062   059003.000534 P        0.0000  cm-1
120298.412   0.579      301787.597        059003.000044   059003.000589 P        0.0000  cm-1
120298.412   0.579      301787.597        059003.000053   059003.000526 P        0.0000  cm-1
120298.412   0.579      301787.597        059003.000042   059003.000511          1.0000  cm-1
120214.587   0.578      15020.283         059003.000042   059003.000509          1.0000  cm-1
120204.003   0.578      4503.480          059003.000064   059003.000535          1.0000  cm-1
120190.410   0.578      1500.046          059003.000041   059003.000504          0.7551  cm-1
120190.410   0.578      1500.046          059003.000053   059003.000525          0.2449  cm-1
120168.607   0.578      1498.263          059003.000064   059003.000534          1.0000  cm-1
120101.207   0.577      2985.549          059003.000064   059003.000533          1.0000  cm-1
120020.614   0.576      14862.600         059003.000042   059003.000507 P        0.0000  cm-1
119979.191   0.576      14829.322         059003.000066   059003.000537          1.0000  cm-1
119510.889   0.571      11570.061         059003.000045   059003.000514          1.0000  cm-1
119442.497   0.571      4323.133          059003.000045   059003.000512          1.0000  cm-1
119372.789   0.570      2871.536          059003.000057   059003.000527          1.0000  cm-1
119138.692   1.136      42549.470         059003.000046   059003.000512 P        0.0000  cm-1
119138.692   1.136      42549.470         059003.000072   059003.000536          1.0000  cm-1
119138.692   1.136      42549.470         059003.000069   059003.000535 P        0.0000  cm-1
119114.403   0.568      1416.528          059003.000047   059003.000516 P        0.0000  cm-1
119114.403   0.568      1416.528          059003.000066   059003.000531          1.0000  cm-1
119101.613   0.567      1415.589          059003.000055   059003.000429 P        0.0000  cm-1
119101.613   0.567      1415.589          059003.000069   059003.000534          1.0000  cm-1
119048.309   0.567      84701.211         059003.000070   059003.000534 P        0.0000  cm-1
119039.514   0.567      84662.700         059003.000066   059003.000530          1.0000  cm-1
119039.514   0.567      84662.700         059003.000048   059003.000588 P        0.0000  cm-1
119039.514   0.567      84662.700         059003.000045   059003.000510 P        0.0000  cm-1
119007.689   0.567      11269.818         059003.000061   059003.000606 P        0.0000  cm-1
119007.689   0.567      11269.818         059003.000045   059003.000509          1.0000  cm-1
118982.601   0.566      8441.433          059003.000070   059003.000533          1.0000  cm-1
118982.601   0.566      8441.433          059003.000048   059003.000582 P        0.0000  cm-1
118921.606   1.131      42074.858         059003.000049   059003.000518          0.5562  cm-1
118921.606   1.131      42074.858         059003.000057   059003.000523          0.4438  cm-1
118921.606   1.131      42074.858         059003.000061   059003.000595 P        0.0000  cm-1
118921.606   1.131      42074.858         059003.000061   059003.000594 P        0.0000  cm-1
118817.313   1.129      27900.339         059003.000057   059003.000522 P        0.0000  cm-1
118817.313   1.129      27900.339         059003.000045   059003.000507 P        0.0000  cm-1
118796.009   0.564      1393.499          059003.000053   059003.000520          1.0000  cm-1
118766.219   0.564      4174.146          059003.000049   059003.000517          1.0000  cm-1
118746.504   0.564      1389.984          059003.000045   059003.000506 P        0.0000  cm-1
118746.504   0.564      1389.984          059003.000072   059003.000535 P        0.0000  cm-1
118710.702   0.564      1387.453          059003.000072   059003.000534          1.0000  cm-1
118694.795   0.564      55453.270         059003.000051   059003.000580 P        0.0000  cm-1
118694.795   0.564      55453.270         059003.000050   059003.000517          1.0000  cm-1
118580.092   1.125      13782.973         059003.000062   059003.000529          1.0000  cm-1
118576.406   0.562      275608.137        059003.000059   059003.000524          1.0000  cm-1
118576.406   0.562      275608.137        059003.000073   059003.000535 P        0.0000  cm-1
118547.714   1.124      55041.848         059003.000049   059003.000513 P        0.0000  cm-1
118547.714   1.124      55041.848         059003.000047   059003.000510 P        0.0000  cm-1
118547.714   1.124      55041.848         059003.000050   059003.000514 P        0.0000  cm-1
118499.293   0.562      13726.933         059003.000059   059003.000523          1.0000  cm-1
118483.698   0.562      2743.234          059003.000050   059003.000513          1.0000  cm-1
118427.996   0.561      136778.618        059003.000071   059003.000532          1.0000  cm-1
118333.984   0.560      6806.848          059003.000072   059003.000531          1.0000  cm-1
118310.818   0.560      13597.977         059003.000052   059003.000580 P        0.0000  cm-1
118310.818   0.560      13597.977         059003.000052   059003.000579 P        0.0000  cm-1
118310.818   0.560      13597.977         059003.000071   059003.000530          1.0000  cm-1
118243.814   0.559      9486.906          059003.000037   059003.000419 P        0.0000  cm-1
118243.814   0.559      9486.906          059003.000064   059003.000527          1.0000  cm-1
118174.105   0.559      2701.193          059003.000039   059003.000574 P        0.0000  cm-1
118124.407   0.558      2694.566          059003.000050   059003.000511          1.0000  cm-1
117863.391   0.556      1330.152          059003.000053   059003.000512 P        0.0000  cm-1
117833.212   0.555      13282.007         059003.000062   059003.000521          1.0000  cm-1
117824.788   0.555      1327.657          059003.000031   059003.000565 P        0.0000  cm-1
117661.598   0.554      26344.321         059003.000055   059003.000582 P        0.0000  cm-1
117661.598   0.554      26344.321         059003.000079   059003.000537          1.0000  cm-1
117645.512   0.554      1316.196          059003.000054   059003.000515 P        0.0000  cm-1
117645.512   0.554      1316.196          059003.000054   059003.000516          1.0000  cm-1
117638.606   0.554      1315.759          059003.000055   059003.000581 P        0.0000  cm-1
117638.606   0.554      1315.759          059003.000055   059003.000580 P        0.0000  cm-1
117625.490   1.107      13149.292         059003.000055   059003.000578 P        0.0000  cm-1
117625.490   1.107      13149.292         059003.000050   059003.000505 P        0.0000  cm-1
117601.287   0.553      6567.005          059003.000079   059003.000536          1.0000  cm-1
117485.607   0.552      19592.229         059003.000054   059003.000512          1.0000  cm-1
117458.995   0.552      10435.938         059003.000053   059003.000510          1.0000  cm-1
117448.388   0.552      3911.500          059003.000067   059003.000526 P        0.0000  cm-1
117189.602   0.549      2575.952          059003.000066   059003.000524          1.0000  cm-1
117176.586   0.549      12871.892         059003.000069   059003.000527          1.0000  cm-1
117125.906   0.549      2568.273          059003.000050   059003.000501          0.5191  cm-1
117125.906   0.549      2568.273          059003.000070   059003.000527          0.4809  cm-1
116953.888   0.547      1273.892          059003.000071   059003.000528 P        0.0000  cm-1
116953.888   0.547      1273.892          059003.000057   059003.000514 P        0.0000  cm-1
116848.614   0.546      3803.134          059003.000061   059003.000590 P        0.0000  cm-1
116796.211   0.546      25293.187         059003.000079   059003.000531          1.0000  cm-1
116783.517   0.546      1263.922          059003.000072   059003.000527          1.0000  cm-1
116709.804   0.545      1259.663          059003.000035   059003.000570 P        0.0000  cm-1
116673.709   0.545      1257.588          059003.000070   059003.000523          1.0000  cm-1
116657.510   0.544      1256.660          059003.000063   059003.000519          1.0000  cm-1
116657.510   0.544      1256.660          059003.000084   059003.000534 P        0.0000  cm-1
116587.785   0.544      10021.453         059003.000069   059003.000521          1.0000  cm-1
116587.785   0.544      10021.453         059003.000084   059003.000533 P        0.0000  cm-1
116400.605   0.542      8694.991          059003.000068   059003.000428 P        0.0000  cm-1
116373.910   0.542      1240.655          059003.000060   059003.000512          1.0000  cm-1
116236.788   0.540      3699.247          059003.000057   059003.000424 P        0.0000  cm-1
116102.607   0.539      1225.776          059003.000062   059003.000515 P        0.0000  cm-1
116102.607   0.539      1225.776          059003.000062   059003.000516 P        0.0000  cm-1
115978.714   0.538      1219.118          059003.000064   059003.000517          1.0000  cm-1
115951.815   0.538      2435.368          059003.000063   059003.000516          1.0000  cm-1
115898.609   0.537      2429.718          059003.000054   059003.000500 P        0.0000  cm-1
115857.289   1.074      3638.028          059003.000043   059003.000573 P        0.0000  cm-1
115828.005   0.537      1211.134          059003.000064   059003.000514          1.0000  cm-1
115748.616   0.536      9655.831          059003.000061   059003.000426 P        0.0000  cm-1
115697.896   0.535      1204.342          059003.000052   059003.000576 P        0.0000  cm-1
115697.896   0.535      1204.342          059003.000088   059003.000535          1.0000  cm-1
115662.810   0.535      1202.526          059003.000091   059003.000536 P        0.0000  cm-1
115662.810   0.535      1202.526          059003.000088   059003.000534          1.0000  cm-1
115662.810   0.535      1202.526          059003.000059   059003.000422 P        0.0000  cm-1
115618.988   0.535      1200.267          059003.000059   059003.000505 P        0.0000  cm-1
115435.419   0.533      4763.661          059003.000068   059003.000588 P        0.0000  cm-1
115435.419   0.533      4763.661          059003.000068   059003.000587 P        0.0000  cm-1
115142.390   0.530      1176.355          059003.000080   059003.000526 P        0.0000  cm-1
114995.687   0.529      1169.232          059003.000073   059003.000519          0.6924  cm-1
114995.687   0.529      1169.232          059003.000099   059003.000536          0.3076  cm-1
114824.688   0.527      1161.066          059003.000083   059003.000526          1.0000  cm-1
114824.688   0.527      1161.066          059003.000044   059003.000571 P        0.0000  cm-1
114687.816   0.526      1154.636          059003.000079   059003.000522          1.0000  cm-1
114604.106   0.525      1150.748          059003.000067   059003.000510          1.0000  cm-1
114604.106   0.525      1150.748          059003.000099   059003.000535 P        0.0000  cm-1
114449.316   0.524      1143.651          059003.000066   059003.000425 P        0.0000  cm-1
114409.800   0.524      1141.858          059003.000064   059003.000501          1.0000  cm-1
114353.516   0.523      1139.316          059003.000085   059003.000526          1.0000  cm-1
114353.516   0.523      1139.316          059003.000045   059003.000499 P        0.0000  cm-1
114353.516   0.523      1139.316          059003.000062   059003.000500 P        0.0000  cm-1
114115.507   0.521      1128.737          059003.000087   059003.000529          1.0000  cm-1
113867.312   0.519      11179.877         059003.000047   059003.000499 P        0.0000  cm-1
113867.312   0.519      11179.877         059003.000072   059003.000509 P        0.0000  cm-1
113798.114   0.518      1115.042          059003.000087   059003.000525          1.0000  cm-1
113708.598   0.517      11112.628         059003.000046   059003.000418 P        0.0000  cm-1
113657.011   0.517      2218.203          059003.000106   059003.000535          1.0000  cm-1
113597.219   0.516      11066.118         059003.000077   059003.000585 P        0.0000  cm-1
113431.294   0.515      3299.359          059003.000047   059003.000497 P        0.0000  cm-1
113431.294   0.515      3299.359          059003.000091   059003.000528          1.0000  cm-1
113431.294   0.515      3299.359          059003.000110   059003.000614 P        0.0000  cm-1
113335.504   0.514      1095.901          059003.000072   059003.000504 P        0.0000  cm-1
113335.504   0.514      1095.901          059003.000082   059003.000519 P        0.0000  cm-1
113251.587   0.513      3277.594          059003.000075   059003.000509 P        0.0000  cm-1
113101.984   0.512      43463.968         059003.000113   059003.000538          1.0000  cm-1
112958.715   0.510      21620.172         059003.000096   059003.000528          1.0000  cm-1
112920.994   0.510      2159.102          059003.000113   059003.000537          1.0000  cm-1
112837.117   0.509      2152.664          059003.000096   059003.000527          1.0000  cm-1
112448.499   0.506      2123.603          059003.000116   059003.000621          1.0000  cm-1
112324.707   0.505      1057.303          059003.000079   059003.000509 P        0.0000  cm-1
110572.222   0.489      1999.937          059003.000096   059003.000517          1.0000  cm-1
110241.086   0.486      990.390           059003.000063   059003.000417          1.0000  cm-1
109608.284   0.481      973.116           059003.000091   059003.000502          1.0000  cm-1
109333.213   0.478      966.016           059003.000058   059003.000570          1.0000  cm-1
108695.299   0.473      950.465           059003.000073   059003.000418          1.0000  cm-1
107393.716   0.461      36899.073         059003.000113   059003.000425          1.0000  cm-1
107273.590   0.460      2760.401          059003.000114   059003.000507 P        0.0000  cm-1
107273.590   0.460      2760.401          059003.000080   059003.000418          1.0000  cm-1
107057.900   0.458      1832.047          059003.000130   059003.000525 P        0.0000  cm-1
107057.900   0.458      1832.047          059003.000080   059003.000415          1.0000  cm-1
107057.900   0.458      1832.047          059003.000114   059003.000505 P        0.0000  cm-1
106803.814   0.456      4556.701          059003.000113   059003.000502          1.0000  cm-1
104727.711   0.439      7032.501          059003.000042   059003.000401 P        0.0000  cm-1
104727.711   0.439      7032.501          059003.000098   059003.000497 P        0.0000  cm-1
104727.711   0.439      7032.501          059003.000041   059003.000396          1.0000  cm-1
103750.696   0.431      8672.457          059003.000104   059003.000414 P        0.0000  cm-1
103750.696   0.431      8672.457          059003.000046   059003.000406          1.0000  cm-1
103677.315   0.430      866.438           059003.000039   059003.000564 P        0.0000  cm-1
103677.315   0.430      866.438           059003.000135   059003.000520          1.0000  cm-1
103677.315   0.430      866.438           059003.000131   059003.000508 P        0.0000  cm-1
103593.320   0.429      8655.260          059003.000106   059003.000416          1.0000  cm-1
103462.798   0.428      1728.274          059003.000041   059003.000388          1.0000  cm-1
103290.822   0.427      1724.715          059003.000064   059003.000413          1.0000  cm-1
103189.595   0.426      17226.731         059003.000064   059003.000412          1.0000  cm-1
103085.889   0.425      8603.109          059003.000041   059003.000385 P        0.0000  cm-1
103085.889   0.425      8603.109          059003.000050   059003.000406          1.0000  cm-1
103015.588   0.424      4298.136          059003.000045   059003.000396          1.0000  cm-1
103015.588   0.424      4298.136          059003.000134   059003.000513 P        0.0000  cm-1
102948.626   0.424      858.985           059003.000045   059003.000482          1.0000  cm-1
102915.086   0.424      8586.658          059003.000133   059003.000511 P        0.0000  cm-1
102915.086   0.424      8586.658          059003.000046   059003.000399          1.0000  cm-1
102864.998   0.423      1716.387          059003.000112   059003.000498 P        0.0000  cm-1
102864.998   0.423      1716.387          059003.000132   059003.000507          1.0000  cm-1
102852.814   0.423      858.079           059003.000064   059003.000409          1.0000  cm-1
102852.814   0.423      858.079           059003.000053   059003.000489 P        0.0000  cm-1
102764.382   0.422      2571.777          059003.000118   059003.000573 P        0.0000  cm-1
102764.382   0.422      2571.777          059003.000045   059003.000394          1.0000  cm-1
102645.081   0.421      1712.350          059003.000132   059003.000505          1.0000  cm-1
102645.081   0.421      1712.350          059003.000150   059003.000535 P        0.0000  cm-1
102645.081   0.421      1712.350          059003.000041   059003.000472 P        0.0000  cm-1
102388.100   0.419      8539.260          059003.000046   059003.000393          1.0000  cm-1
102257.008   0.418      5969.765          059003.000154   059003.000537 P        0.0000  cm-1
102257.008   0.418      5969.765          059003.000114   059003.000415 P        0.0000  cm-1
102257.008   0.418      5969.765          059003.000064   059003.000408          0.8301  cm-1
102257.008   0.418      5969.765          059003.000135   059003.000508          0.1699  cm-1
102249.392   0.418      3411.042          059003.000050   059003.000399          1.0000  cm-1
102249.392   0.418      3411.042          059003.000041   059003.000469 P        0.0000  cm-1
102122.303   0.834      851.722           059003.000118   059003.000419 P        0.0000  cm-1
102122.303   0.834      851.722           059003.000032   059003.000338 P        0.0000  cm-1
102122.303   0.834      851.722           059003.000069   059003.000412          0.9190  cm-1
102122.303   0.834      851.722           059003.000115   059003.000418          0.0810  cm-1
102122.303   0.834      851.722           059003.000049   059003.000396 P        0.0000  cm-1
102072.694   0.417      1702.647          059003.000069   059003.000411 P        0.0000  cm-1
102072.694   0.417      1702.647          059003.000054   059003.000486          1.0000  cm-1
102072.694   0.417      1702.647          059003.000070   059003.000412 P        0.0000  cm-1
102051.316   0.417      851.153           059003.000135   059003.000506          0.1065  cm-1
102051.316   0.417      851.153           059003.000042   059003.000378          0.8935  cm-1
102051.316   0.417      851.153           059003.000050   059003.000396 P        0.0000  cm-1
101797.775   0.415      849.192           059003.000050   059003.000394          1.0000  cm-1
101759.512   0.414      16978.114         059003.000070   059003.000410          1.0000  cm-1
101750.508   0.414      3395.354          059003.000045   059003.000388          1.0000  cm-1
101681.707   0.414      6786.640          059003.000072   059003.000411          0.2403  cm-1
101681.707   0.414      6786.640          059003.000047   059003.000391          0.7597  cm-1
101510.488   0.412      2541.293          059003.000053   059003.000397          0.5772  cm-1
101510.488   0.412      2541.293          059003.000073   059003.000411          0.4228  cm-1
101432.211   0.412      1693.099          059003.000031   059003.000327          1.0000  cm-1
101432.211   0.412      1693.099          059003.000119   059003.000418 P        0.0000  cm-1
101314.781   0.411      1691.491          059003.000119   059003.000417          1.0000  cm-1
101218.687   0.410      2535.309          059003.000031   059003.000326          0.2224  cm-1
101218.687   0.410      2535.309          059003.000046   059003.000476          0.7776  cm-1
101218.687   0.410      2535.309          059003.000075   059003.000413 P        0.0000  cm-1
101214.487   0.410      50704.523         059003.000119   059003.000415          1.0000  cm-1
101178.412   0.409      1689.676          059003.000033   059003.000342          1.0000  cm-1
101073.299   0.409      16883.162         059003.000046   059003.000385          1.0000  cm-1
101048.187   0.408      1687.996          059003.000041   059003.000468          1.0000  cm-1
100933.618   0.408      4216.399          059003.000041   059003.000370          1.0000  cm-1
100797.807   0.406      25273.602         059003.000062   059003.000487          0.1889  cm-1
100797.807   0.406      25273.602         059003.000072   059003.000408          0.8111  cm-1
100789.291   0.406      4212.012          059003.000001   059003.000317          1.0000  cm-1
100662.178   0.405      3366.618          059003.000057   059003.000399          1.0000  cm-1
100644.111   0.405      841.550           059003.000060   059003.000403          0.2784  cm-1
100644.111   0.405      841.550           059003.000064   059003.000488          0.7216  cm-1
100639.884   0.405      1683.051          059003.000046   059003.000381          1.0000  cm-1
100624.387   0.405      84143.643         059003.000001   059003.000316 P        0.0000  cm-1
100624.387   0.405      84143.643         059003.000049   059003.000476 P        0.0000  cm-1
100624.387   0.405      84143.643         059003.000047   059003.000382          1.0000  cm-1
100596.016   0.405      1682.548          059003.000033   059003.000339          1.0000  cm-1
100591.187   0.809      841.247           059003.000139   059003.000424 P        0.0000  cm-1
100591.187   0.809      841.247           059003.000053   059003.000391          0.9212  cm-1
100591.187   0.809      841.247           059003.000032   059003.000332          0.0788  cm-1
100565.188   0.405      2523.297          059003.000033   059003.000338          0.9000  cm-1
100565.188   0.405      2523.297          059003.000076   059003.000493          0.1000  cm-1
100548.496   0.404      5046.028          059003.000046   059003.000379          1.0000  cm-1
100543.117   0.404      58868.208         059003.000046   059003.000378          1.0000  cm-1
100543.117   0.404      58868.208         059003.000042   059003.000468 P        0.0000  cm-1
100543.117   0.404      58868.208         059003.000141   059003.000513 P        0.0000  cm-1
100464.423   0.404      2521.607          059003.000046   059003.000377          1.0000  cm-1
100450.008   0.807      4202.281          059003.000060   059003.000401 P        0.0000  cm-1
100450.008   0.807      4202.281          059003.000032   059003.000331          1.0000  cm-1
100444.885   0.404      1680.856          059003.000041   059003.000365          0.1860  cm-1
100444.885   0.404      1680.856          059003.000047   059003.000472          0.8140  cm-1
100405.920   0.403      1680.430          059003.000050   059003.000385 P        0.0000  cm-1
100405.920   0.403      1680.430          059003.000062   059003.000405          1.0000  cm-1
100369.279   0.403      8400.166          059003.000064   059003.000406          1.0000  cm-1
100358.791   0.403      4199.801          059003.000046   059003.000471          1.0000  cm-1
100312.487   0.805      839.713           059003.000046   059003.000470 P        0.0000  cm-1
100312.487   0.805      839.713           059003.000042   059003.000369          0.8508  cm-1
100312.487   0.805      839.713           059003.000041   059003.000364          0.1492  cm-1
100296.087   0.402      8396.256          059003.000166   059003.000538          1.0000  cm-1
100296.087   0.402      8396.256          059003.000079   059003.000413 P        0.0000  cm-1
100117.419   0.401      838.701           059003.000080   059003.000493          1.0000  cm-1
100117.419   0.401      838.701           059003.000166   059003.000537 P        0.0000  cm-1
100107.007   0.401      8386.482          059003.000063   059003.000404          1.0000  cm-1
100107.007   0.401      8386.482          059003.000145   059003.000520 P        0.0000  cm-1
100088.289   0.801      2515.662          059003.000032   059003.000328          0.1558  cm-1
100088.289   0.801      2515.662          059003.000080   059003.000411          0.8442  cm-1
99997.700    0.400      4190.522          059003.000082   059003.000413          1.0000  cm-1
99997.700    0.400      4190.522          059003.000067   059003.000489 P        0.0000  cm-1
99997.700    0.400      4190.522          059003.000161   059003.000535 P        0.0000  cm-1
99997.700    0.400      4190.522          059003.000048   059003.000564 P        0.0000  cm-1
99964.906    0.400      2513.832          059003.000043   059003.000563 P        0.0000  cm-1
99964.906    0.400      2513.832          059003.000154   059003.000528          1.0000  cm-1
99964.906    0.400      2513.832          059003.000161   059003.000534 P        0.0000  cm-1
99947.514    0.400      5865.018          059003.000049   059003.000378 P        0.0000  cm-1
99947.514    0.400      5865.018          059003.000060   059003.000396          1.0000  cm-1
99937.020    0.799      67024.712         059003.000046   059003.000375          0.1570  cm-1
99937.020    0.799      67024.712         059003.000054   059003.000389          0.8430  cm-1
99937.020    0.799      67024.712         059003.000142   059003.000510 P        0.0000  cm-1
99880.422    0.798      16750.751         059003.000050   059003.000379 P        0.0000  cm-1
99880.422    0.798      16750.751         059003.000060   059003.000482 P        0.0000  cm-1
99880.422    0.798      16750.751         059003.000079   059003.000410          1.0000  cm-1
99877.725    0.798      41876.235         059003.000050   059003.000378          1.0000  cm-1
99877.725    0.798      41876.235         059003.000082   059003.000493 P        0.0000  cm-1
99847.417    0.399      3349.524          059003.000126   059003.000418 P        0.0000  cm-1
99847.417    0.399      3349.524          059003.000082   059003.000411          1.0000  cm-1
99796.907    0.797      16742.887         059003.000083   059003.000493 P        0.0000  cm-1
99796.907    0.797      16742.887         059003.000050   059003.000377          0.4596  cm-1
99796.907    0.797      16742.887         059003.000041   059003.000360          0.5404  cm-1
99796.907    0.797      16742.887         059003.000153   059003.000526 P        0.0000  cm-1
99713.212    0.398      836.759           059003.000059   059003.000393          1.0000  cm-1
99675.229    0.397      8365.867          059003.000084   059003.000412          1.0000  cm-1
99675.229    0.397      8365.867          059003.000155   059003.000525 P        0.0000  cm-1
99661.226    0.397      6692.189          059003.000126   059003.000416          1.0000  cm-1
99575.903    0.397      836.145           059003.000148   059003.000519 P        0.0000  cm-1
99575.903    0.397      836.145           059003.000069   059003.000488          1.0000  cm-1
99575.903    0.397      836.145           059003.000169   059003.000612 P        0.0000  cm-1
99548.773    0.396      1672.052          059003.000031   059003.000318          1.0000  cm-1
99511.200    0.396      25075.885         059003.000062   059003.000396          1.0000  cm-1
99474.786    0.396      2507.119          059003.000063   059003.000398          1.0000  cm-1
99444.700    0.396      835.578           059003.000062   059003.000482          1.0000  cm-1
99435.602    0.395      4177.699          059003.000063   059003.000397          1.0000  cm-1
99417.705    0.791      8354.642          059003.000167   059003.000535 P        0.0000  cm-1
99417.705    0.791      8354.642          059003.000080   059003.000492 P        0.0000  cm-1
99417.705    0.791      8354.642          059003.000060   059003.000392          0.7867  cm-1
99417.705    0.791      8354.642          059003.000042   059003.000361          0.2133  cm-1
99381.723    0.395      2505.940          059003.000063   059003.000483          1.0000  cm-1
99365.725    0.395      2505.741          059003.000054   059003.000474          1.0000  cm-1
99365.725    0.395      2505.741          059003.000053   059003.000381 P        0.0000  cm-1
99336.317    0.395      4175.627          059003.000145   059003.000515 P        0.0000  cm-1
99336.317    0.395      4175.627          059003.000145   059003.000516 P        0.0000  cm-1
99336.317    0.395      4175.627          059003.000045   059003.000468          1.0000  cm-1
99321.716    0.395      2505.196          059003.000062   059003.000480          1.0000  cm-1
99296.194    0.394      834.961           059003.000142   059003.000503 P        0.0000  cm-1
99296.194    0.394      834.961           059003.000081   059003.000492 P        0.0000  cm-1
99296.194    0.394      834.961           059003.000045   059003.000467          1.0000  cm-1
99271.722    0.394      5844.031          059003.000050   059003.000375          1.0000  cm-1
99266.212    0.394      834.839           059003.000064   059003.000482          1.0000  cm-1
99259.611    0.788      33392.506         059003.000079   059003.000408          0.1413  cm-1
99259.611    0.788      33392.506         059003.000062   059003.000394          0.8587  cm-1
99259.611    0.788      33392.506         059003.000156   059003.000522 P        0.0000  cm-1
99221.405    0.394      33386.374         059003.000045   059003.000370          1.0000  cm-1
99184.701    0.787      16690.271         059003.000053   059003.000377 P        0.0000  cm-1
99184.701    0.787      16690.271         059003.000130   059003.000417          0.4879  cm-1
99184.701    0.787      16690.271         059003.000141   059003.000501 P        0.0000  cm-1
99184.701    0.787      16690.271         059003.000072   059003.000488          0.5121  cm-1
99178.304    0.393      1668.977          059003.000072   059003.000407          1.0000  cm-1
99178.304    0.393      1668.977          059003.000145   059003.000512 P        0.0000  cm-1
99153.613    0.393      2503.174          059003.000054   059003.000382          1.0000  cm-1
99146.176    0.393      417181.061        059003.000041   059003.000359          1.0000  cm-1
99133.388    0.393      12514.683         059003.000150   059003.000520 P        0.0000  cm-1
99114.109    0.393      834.237           059003.000073   059003.000489          1.0000  cm-1
99105.189    0.393      834.203           059003.000172   059003.000536 P        0.0000  cm-1
99105.189    0.393      834.203           059003.000045   059003.000369          0.0359  cm-1
99105.189    0.393      834.203           059003.000083   059003.000492          0.9641  cm-1
99105.189    0.393      834.203           059003.000151   059003.000520 P        0.0000  cm-1
99052.086    0.392      833.999           059003.000087   059003.000494 P        0.0000  cm-1
99034.407    0.392      833.932           059003.000046   059003.000468          1.0000  cm-1
99006.584    0.392      16676.532         059003.000064   059003.000393          1.0000  cm-1
98994.902    0.392      16675.654         059003.000046   059003.000467          1.0000  cm-1
98982.282    0.392      16674.709         059003.000054   059003.000381 P        0.0000  cm-1
98982.282    0.392      16674.709         059003.000062   059003.000392 P        0.0000  cm-1
98982.282    0.392      16674.709         059003.000539   059003.000491 P        0.0000  cm-1
98955.018    0.392      41681.695         059003.000059   059003.000390          1.0000  cm-1
98920.391    0.391      8335.060          059003.000539   059003.000490 P        0.0000  cm-1
98920.391    0.391      8335.060          059003.000046   059003.000370          1.0000  cm-1
98910.797    0.391      50008.250         059003.000070   059003.000403          0.5109  cm-1
98910.797    0.391      50008.250         059003.000072   059003.000406          0.4891  cm-1
98910.797    0.391      50008.250         059003.000174   059003.000617 P        0.0000  cm-1
98881.921    0.391      8333.654          059003.000041   059003.000459          1.0000  cm-1
98881.921    0.391      8333.654          059003.000174   059003.000613 P        0.0000  cm-1
98832.891    0.391      41659.419         059003.000088   059003.000494 P        0.0000  cm-1
98832.891    0.391      41659.419         059003.000063   059003.000392          1.0000  cm-1
98804.384    0.390      333234.616        059003.000046   059003.000369          1.0000  cm-1
98784.923    0.390      1666.035          059003.000088   059003.000413          1.0000  cm-1
98740.088    0.390      832.860           059003.000046   059003.000367          1.0000  cm-1
98733.078    0.780      4164.177          059003.000131   059003.000418          0.0409  cm-1
98733.078    0.780      4164.177          059003.000045   059003.000365          0.9591  cm-1
98702.824    0.390      66618.418         059003.000059   059003.000387 P        0.0000  cm-1
98702.824    0.390      66618.418         059003.000070   059003.000400          1.0000  cm-1
98682.199    0.390      4163.295          059003.000060   059003.000388          1.0000  cm-1
98671.691    0.389      83262.299         059003.000041   059003.000458          1.0000  cm-1
98640.716    0.389      24975.517         059003.000124   059003.000570 P        0.0000  cm-1
98640.716    0.389      24975.517         059003.000042   059003.000359          1.0000  cm-1
98634.798    0.389      3329.989          059003.000088   059003.000411          1.0000  cm-1
98634.798    0.389      3329.989          059003.000085   059003.000492 P        0.0000  cm-1
98599.693    0.389      83237.857         059003.000045   059003.000364          1.0000  cm-1
98596.884    0.778      8323.691          059003.000073   059003.000405          1.0000  cm-1
98558.886    0.389      24967.266         059003.000057   059003.000383          1.0000  cm-1
98546.421    0.388      8322.008          059003.000131   059003.000416          0.8990  cm-1
98546.421    0.388      8322.008          059003.000075   059003.000487          0.1010  cm-1
98546.421    0.388      8322.008          059003.000040   059003.000561 P        0.0000  cm-1
98540.114    0.388      2496.540          059003.000035   059003.000560 P        0.0000  cm-1
98540.114    0.388      2496.540          059003.000173   059003.000534 P        0.0000  cm-1
98517.701    0.388      2496.318          059003.000067   059003.000482          0.8229  cm-1
98517.701    0.388      2496.318          059003.000131   059003.000415          0.1771  cm-1
98517.701    0.388      2496.318          059003.000160   059003.000526 P        0.0000  cm-1
98505.684    0.388      6656.534          059003.000045   059003.000464          1.0000  cm-1
98495.589    0.388      24961.011         059003.000041   059003.000357          1.0000  cm-1
98489.188    0.388      832.013           059003.000097   059003.000496          1.0000  cm-1
98489.188    0.388      832.013           059003.000146   059003.000508 P        0.0000  cm-1
98476.682    0.388      4159.861          059003.000066   059003.000481          1.0000  cm-1
98454.382    0.388      1663.800          059003.000066   059003.000479          1.0000  cm-1
98451.379    0.388      8318.903          059003.000060   059003.000476          1.0000  cm-1
98446.015    0.388      16637.460         059003.000073   059003.000404          1.0000  cm-1
98379.595    0.387      166332.222        059003.000072   059003.000401 P        0.0000  cm-1
98379.595    0.387      166332.222        059003.000049   059003.000372          1.0000  cm-1
98356.088    0.387      4157.935          059003.000091   059003.000413 P        0.0000  cm-1
98329.293    0.387      8315.032          059003.000050   059003.000467          1.0000  cm-1
98306.094    0.387      4157.156          059003.000060   059003.000385          1.0000  cm-1
98306.094    0.387      4157.156          059003.000148   059003.000510 P        0.0000  cm-1
98298.428    0.773      16628.149         059003.000172   059003.000531 P        0.0000  cm-1
98298.428    0.773      16628.149         059003.000046   059003.000364          1.0000  cm-1
98298.428    0.773      16628.149         059003.000099   059003.000496 P        0.0000  cm-1
98295.086    0.773      41569.857         059003.000057   059003.000379          1.0000  cm-1
98290.123    0.773      4156.909          059003.000153   059003.000520          0.2836  cm-1
98290.123    0.773      4156.909          059003.000057   059003.000378          0.7164  cm-1
98278.576    0.386      8313.463          059003.000045   059003.000463          1.0000  cm-1
98246.007    0.772      1662.493          059003.000047   059003.000365          0.0589  cm-1
98246.007    0.772      1662.493          059003.000062   059003.000388          0.9411  cm-1
98208.490    0.386      83113.305         059003.000049   059003.000369 P        0.0000  cm-1
98208.490    0.386      83113.305         059003.000073   059003.000401          1.0000  cm-1
98195.825    0.386      4155.475          059003.000073   059003.000484          1.0000  cm-1
98195.825    0.386      4155.475          059003.000161   059003.000529 P        0.0000  cm-1
98179.380    0.386      831.046           059003.000047   059003.000466          0.5268  cm-1
98179.380    0.386      831.046           059003.000151   059003.000513          0.4732  cm-1
98146.011    0.385      2492.839          059003.000049   059003.000367          1.0000  cm-1
98138.505    0.385      166184.842        059003.000050   059003.000369          1.0000  cm-1
98138.505    0.385      166184.842        059003.000076   059003.000489 P        0.0000  cm-1
98138.505    0.385      166184.842        059003.000059   059003.000383 P        0.0000  cm-1
98105.492    0.385      83082.710         059003.000057   059003.000471          1.0000  cm-1
98105.492    0.385      83082.710         059003.000539   059003.000402 P        0.0000  cm-1
98089.800    0.385      830.781           059003.000093   059003.000413          0.6458  cm-1
98089.800    0.385      830.781           059003.000069   059003.000481          0.3542  cm-1
98084.014    0.385      49845.864         059003.000045   059003.000360          1.0000  cm-1
98074.698    0.769      49844.239         059003.000069   059003.000480 P        0.0000  cm-1
98074.698    0.769      49844.239         059003.000041   059003.000353          0.1590  cm-1
98074.698    0.769      49844.239         059003.000050   059003.000367          0.2858  cm-1
98074.698    0.769      49844.239         059003.000072   059003.000399          0.5552  cm-1
98068.177    0.385      830.718           059003.000064   059003.000388          1.0000  cm-1
98049.795    0.385      8306.653          059003.000095   059003.000495          1.0000  cm-1
98049.795    0.385      8306.653          059003.000095   059003.000494 P        0.0000  cm-1
98040.924    0.384      1661.279          059003.000060   059003.000382 P        0.0000  cm-1
98040.924    0.384      1661.279          059003.000074   059003.000402          1.0000  cm-1
98034.209    0.384      33224.817         059003.000041   059003.000352          1.0000  cm-1
98015.000    0.384      4152.827          059003.000148   059003.000506 P        0.0000  cm-1
98015.000    0.384      4152.827          059003.000070   059003.000479          0.4690  cm-1
98015.000    0.384      4152.827          059003.000062   059003.000476          0.4081  cm-1
98015.000    0.384      4152.827          059003.000069   059003.000394          0.1229  cm-1
98015.000    0.384      4152.827          059003.000076   059003.000487 P        0.0000  cm-1
97980.708    0.384      8304.680          059003.000057   059003.000469          1.0000  cm-1
97944.175    0.384      41518.256         059003.000091   059003.000410          1.0000  cm-1
97939.427    0.384      5812.463          059003.000093   059003.000411 P        0.0000  cm-1
97939.427    0.384      5812.463          059003.000069   059003.000393          1.0000  cm-1
97928.803    0.384      16606.443         059003.000097   059003.000494          0.3024  cm-1
97928.803    0.384      16606.443         059003.000078   059003.000491          0.6976  cm-1
97909.420    0.383      830268.250        059003.000046   059003.000361          1.0000  cm-1
97887.788    0.383      12453.126         059003.000070   059003.000393          1.0000  cm-1
97879.520    0.383      5811.300          059003.000095   059003.000493          1.0000  cm-1
97879.520    0.383      5811.300          059003.000161   059003.000525 P        0.0000  cm-1
97873.599    0.766      24905.081         059003.000132   059003.000416 P        0.0000  cm-1
97873.599    0.766      24905.081         059003.000072   059003.000396          0.0719  cm-1
97873.599    0.766      24905.081         059003.000059   059003.000379          0.6920  cm-1
97873.599    0.766      24905.081         059003.000178   059003.000537 P        0.0000  cm-1
97873.599    0.766      24905.081         059003.000060   059003.000381          0.2362  cm-1
97869.978    0.383      830.159           059003.000078   059003.000490          0.1513  cm-1
97869.978    0.383      830.159           059003.000062   059003.000385          0.8487  cm-1
97860.292    0.766      4150.664          059003.000060   059003.000472 P        0.0000  cm-1
97860.292    0.766      4150.664          059003.000158   059003.000519 P        0.0000  cm-1
97839.993    0.383      3320.310          059003.000078   059003.000489 P        0.0000  cm-1
97833.391    0.383      3320.238          059003.000133   059003.000418 P        0.0000  cm-1
97833.391    0.383      3320.238          059003.000098   059003.000495 P        0.0000  cm-1
97818.525    0.383      3320.077          059003.000166   059003.000528 P        0.0000  cm-1
97818.525    0.383      3320.077          059003.000062   059003.000474          1.0000  cm-1
97809.577    0.383      1659.990          059003.000063   059003.000386          1.0000  cm-1
97793.786    0.383      1659.905          059003.000150   059003.000510 P        0.0000  cm-1
97793.786    0.383      1659.905          059003.000060   059003.000380          1.0000  cm-1
97775.016    0.382      41495.108         059003.000060   059003.000378 P        0.0000  cm-1
97775.016    0.382      41495.108         059003.000073   059003.000397          1.0000  cm-1
97761.283    0.765      8298.655          059003.000075   059003.000401 P        0.0000  cm-1
97761.283    0.765      8298.655          059003.000097   059003.000493          1.0000  cm-1
97757.912    0.382      165971.305        059003.000053   059003.000468          0.1753  cm-1
97757.912    0.382      165971.305        059003.000042   059003.000354          0.5730  cm-1
97757.912    0.382      165971.305        059003.000049   059003.000465          0.2517  cm-1
97730.404    0.382      8297.836          059003.000032   059003.000316 P        0.0000  cm-1
97730.404    0.382      8297.836          059003.000097   059003.000411          1.0000  cm-1
97726.105    0.382      82977.222         059003.000071   059003.000479          1.0000  cm-1
97696.994    0.382      24890.871         059003.000166   059003.000527 P        0.0000  cm-1
97696.994    0.382      24890.871         059003.000060   059003.000377          0.7661  cm-1
97696.994    0.382      24890.871         059003.000072   059003.000481          0.2339  cm-1
97687.716    0.763      4148.357          059003.000064   059003.000385 P        0.0000  cm-1
97687.716    0.763      4148.357          059003.000099   059003.000413          0.5932  cm-1
97687.716    0.763      4148.357          059003.000109   059003.000567 P        0.0000  cm-1
97687.716    0.763      4148.357          059003.000050   059003.000465          0.4068  cm-1
97687.716    0.763      4148.357          059003.000072   059003.000480 P        0.0000  cm-1
97687.716    0.763      4148.357          059003.000059   059003.000471 P        0.0000  cm-1
97687.716    0.763      4148.357          059003.000057   059003.000375 P        0.0000  cm-1
97658.520    0.381      16591.909         059003.000098   059003.000493 P        0.0000  cm-1
97658.520    0.381      16591.909         059003.000081   059003.000491          1.0000  cm-1
97658.520    0.381      16591.909         059003.000135   059003.000499 P        0.0000  cm-1
97652.809    0.381      8295.807          059003.000093   059003.000409          1.0000  cm-1
97644.511    0.381      829.559           059003.000053   059003.000370          1.0000  cm-1
97636.214    0.381      4147.689          059003.000073   059003.000482          1.0000  cm-1
97626.892    0.381      829.514           059003.000100   059003.000495          1.0000  cm-1
97622.111    0.381      6636.012          059003.000072   059003.000394          1.0000  cm-1
97588.495    0.762      8294.156          059003.000145   059003.000500 P        0.0000  cm-1
97588.495    0.762      8294.156          059003.000080   059003.000488          0.2537  cm-1
97588.495    0.762      8294.156          059003.000063   059003.000384          0.7463  cm-1
97566.303    0.762      8293.593          059003.000042   059003.000353 P        0.0000  cm-1
97566.303    0.762      8293.593          059003.000066   059003.000390 P        0.0000  cm-1
97566.303    0.762      8293.593          059003.000081   059003.000489 P        0.0000  cm-1
97566.303    0.762      8293.593          059003.000099   059003.000493          0.1937  cm-1
97566.303    0.762      8293.593          059003.000080   059003.000487          0.8063  cm-1
97547.285    0.381      41465.567         059003.000060   059003.000470 P        0.0000  cm-1
97547.285    0.381      41465.567         059003.000072   059003.000393          1.0000  cm-1
97547.285    0.381      41465.567         059003.000135   059003.000498 P        0.0000  cm-1
97537.827    0.381      8292.876          059003.000099   059003.000411          1.0000  cm-1
97494.981    0.760      33167.224         059003.000053   059003.000368          1.0000  cm-1
97494.981    0.760      33167.224         059003.000156   059003.000515 P        0.0000  cm-1
97471.106    0.380      3316.486          059003.000096   059003.000410          0.8855  cm-1
97471.106    0.380      3316.486          059003.000076   059003.000404          0.1145  cm-1
97465.991    0.760      8291.089          059003.000060   059003.000469 P        0.0000  cm-1
97465.991    0.760      8291.089          059003.000083   059003.000491          1.0000  cm-1
97463.020    0.760      82910.159         059003.000067   059003.000389          1.0000  cm-1
97448.503    0.380      414532.957        059003.000041   059003.000349          1.0000  cm-1
97448.503    0.380      414532.957        059003.000161   059003.000521 P        0.0000  cm-1
97448.503    0.380      414532.957        059003.000096   059003.000409 P        0.0000  cm-1
97442.026    0.380      82905.004         059003.000539   059003.000395 P        0.0000  cm-1
97442.026    0.380      82905.004         059003.000081   059003.000487 P        0.0000  cm-1
97442.026    0.380      82905.004         059003.000049   059003.000362          1.0000  cm-1
97442.026    0.380      82905.004         059003.000078   059003.000486 P        0.0000  cm-1
97434.281    0.380      1658.062          059003.000062   059003.000381 P        0.0000  cm-1
97434.281    0.380      1658.062          059003.000045   059003.000359          1.0000  cm-1
97434.281    0.380      1658.062          059003.000074   059003.000483 P        0.0000  cm-1
97426.489    0.380      829.012           059003.000154   059003.000514          0.5251  cm-1
97426.489    0.380      829.012           059003.000062   059003.000472          0.4749  cm-1
97420.597    0.380      16579.954         059003.000177   059003.000535 P        0.0000  cm-1
97420.597    0.380      16579.954         059003.000053   059003.000366          1.0000  cm-1
97420.597    0.380      16579.954         059003.000540   059003.000490 P        0.0000  cm-1
97398.882    0.379      828.945           059003.000156   059003.000514          1.0000  cm-1
97398.882    0.379      828.945           059003.000054   059003.000373 P        0.0000  cm-1
97378.389    0.379      1657.791          059003.000074   059003.000395 P        0.0000  cm-1
97378.389    0.379      1657.791          059003.000054   059003.000468          1.0000  cm-1
97357.123    0.379      2486.533          059003.000134   059003.000415 P        0.0000  cm-1
97357.123    0.379      2486.533          059003.000062   059003.000380          1.0000  cm-1
97349.579    0.379      33153.053         059003.000082   059003.000488          1.0000  cm-1
97324.720    0.758      8287.670          059003.000082   059003.000487          0.4824  cm-1
97324.720    0.758      8287.670          059003.000166   059003.000524          0.2014  cm-1
97324.720    0.758      8287.670          059003.000091   059003.000408          0.3162  cm-1
97317.082    0.758      82874.891         059003.000136   059003.000419 P        0.0000  cm-1
97317.082    0.758      82874.891         059003.000066   059003.000387          0.7020  cm-1
97317.082    0.758      82874.891         059003.000049   059003.000361          0.2980  cm-1
97317.082    0.758      82874.891         059003.000168   059003.000526 P        0.0000  cm-1
97317.082    0.758      82874.891         059003.000135   059003.000418 P        0.0000  cm-1
97273.511    0.378      1657.292          059003.000102   059003.000495          1.0000  cm-1
97260.773    0.757      16572.325         059003.000054   059003.000370 P        0.0000  cm-1
97260.773    0.757      16572.325         059003.000539   059003.000478 P        0.0000  cm-1
97260.773    0.757      16572.325         059003.000059   059003.000375 P        0.0000  cm-1
97260.773    0.757      16572.325         059003.000062   059003.000377          0.1015  cm-1
97260.773    0.757      16572.325         059003.000075   059003.000396          0.8985  cm-1
97260.773    0.757      16572.325         059003.000064   059003.000381 P        0.0000  cm-1
97250.079    0.378      8285.913          059003.000099   059003.000409          0.5826  cm-1
97250.079    0.378      8285.913          059003.000083   059003.000487          0.4174  cm-1
97250.079    0.378      8285.913          059003.000166   059003.000523 P        0.0000  cm-1
97209.017    0.756      6627.968          059003.000063   059003.000380          1.0000  cm-1
97209.017    0.756      6627.968          059003.000151   059003.000504 P        0.0000  cm-1
97191.090    0.378      82845.467         059003.000075   059003.000482 P        0.0000  cm-1
97191.090    0.378      82845.467         059003.000059   059003.000374          1.0000  cm-1
97191.090    0.378      82845.467         059003.000035   059003.000555 P        0.0000  cm-1
97178.704    0.378      1656852.462       059003.000042   059003.000351          1.0000  cm-1
97166.805    0.378      24851.970         059003.000064   059003.000379          1.0000  cm-1
97161.706    0.378      82838.734         059003.000064   059003.000378          1.0000  cm-1
97161.706    0.378      82838.734         059003.000036   059003.000346 P        0.0000  cm-1
97154.908    0.755      8283.718          059003.000150   059003.000503 P        0.0000  cm-1
97154.908    0.755      8283.718          059003.000053   059003.000365          1.0000  cm-1
97154.908    0.755      8283.718          059003.000158   059003.000516 P        0.0000  cm-1
97144.615    0.377      4141.742          059003.000035   059003.000554 P        0.0000  cm-1
97144.615    0.377      4141.742          059003.000069   059003.000389          1.0000  cm-1
97122.186    0.377      41414.877         059003.000084   059003.000407 P        0.0000  cm-1
97122.186    0.377      41414.877         059003.000104   059003.000495          1.0000  cm-1
97122.186    0.377      41414.877         059003.000104   059003.000494 P        0.0000  cm-1
97114.614    0.377      165656.086        059003.000054   059003.000368          1.0000  cm-1
97114.614    0.377      165656.086        059003.000062   059003.000470 P        0.0000  cm-1
97107.626    0.377      16565.293         059003.000108   059003.000496          1.0000  cm-1
97082.926    0.377      16564.183         059003.000036   059003.000555 P        0.0000  cm-1
97082.926    0.377      16564.183         059003.000064   059003.000377          1.0000  cm-1
97075.599    0.377      2484.578          059003.000078   059003.000485          1.0000  cm-1
97069.195    0.377      33127.138         059003.000075   059003.000480          1.0000  cm-1
97056.388    0.377      16562.998         059003.000093   059003.000408          1.0000  cm-1
97040.285    0.377      16562.282         059003.000054   059003.000366          1.0000  cm-1
97030.830    0.377      4140.466          059003.000079   059003.000403 P        0.0000  cm-1
97030.830    0.377      4140.466          059003.000067   059003.000386          0.1120  cm-1
97030.830    0.377      4140.466          059003.000149   059003.000500 P        0.0000  cm-1
97030.830    0.377      4140.466          059003.000062   059003.000469          0.8880  cm-1
97022.682    0.377      41403.756         059003.000080   059003.000404 P        0.0000  cm-1
97022.682    0.377      41403.756         059003.000053   059003.000364          1.0000  cm-1
97007.216    0.376      248412.301        059003.000154   059003.000511 P        0.0000  cm-1
97007.216    0.376      248412.301        059003.000075   059003.000394          1.0000  cm-1
96998.489    0.376      4140.109          059003.000069   059003.000388 P        0.0000  cm-1
96977.114    0.376      16559.499         059003.000083   059003.000486          0.5510  cm-1
96977.114    0.376      16559.499         059003.000064   059003.000471          0.4490  cm-1
96965.288    0.376      1655.898          059003.000098   059003.000492 P        0.0000  cm-1
96959.376    0.376      2483.809          059003.000045   059003.000458          1.0000  cm-1
96952.302    0.376      4139.604          059003.000104   059003.000493 P        0.0000  cm-1
96942.806    0.376      248370.069        059003.000042   059003.000349          1.0000  cm-1
96942.806    0.376      248370.069        059003.000155   059003.000510 P        0.0000  cm-1
96942.806    0.376      248370.069        059003.000105   059003.000493 P        0.0000  cm-1
96933.504    0.376      16557.601         059003.000064   059003.000470          0.1689  cm-1
96933.504    0.376      16557.601         059003.000178   059003.000530 P        0.0000  cm-1
96933.504    0.376      16557.601         059003.000082   059003.000405          0.8311  cm-1
96911.417    0.376      8278.324          059003.000105   059003.000411          1.0000  cm-1
96911.417    0.376      8278.324          059003.000172   059003.000529 P        0.0000  cm-1
96891.417    0.376      331115.746        059003.000067   059003.000474          1.0000  cm-1
96878.489    0.375      5794.332          059003.000171   059003.000528 P        0.0000  cm-1
96878.489    0.375      5794.332          059003.000070   059003.000387          1.0000  cm-1
96871.178    0.375      8277.460          059003.000167   059003.000521 P        0.0000  cm-1
96871.178    0.375      8277.460          059003.000153   059003.000508          1.0000  cm-1
96856.995    0.375      165543.160        059003.000047   059003.000462          1.0000  cm-1
96856.995    0.375      165543.160        059003.000084   059003.000406 P        0.0000  cm-1
96852.687    0.375      1655.413          059003.000073   059003.000391 P        0.0000  cm-1
96852.687    0.375      1655.413          059003.000064   059003.000469          1.0000  cm-1
96852.687    0.375      1655.413          059003.000096   059003.000408 P        0.0000  cm-1
96824.376    0.375      57935.261         059003.000079   059003.000400          1.0000  cm-1
96798.880    0.375      12413.892         059003.000086   059003.000491          0.1764  cm-1
96798.880    0.375      12413.892         059003.000076   059003.000397          0.8236  cm-1
96798.880    0.375      12413.892         059003.000039   059003.000348 P        0.0000  cm-1
96786.014    0.749      16551.316         059003.000080   059003.000401          1.0000  cm-1
96786.014    0.749      16551.316         059003.000103   059003.000566 P        0.0000  cm-1
96783.112    0.749      41377.986         059003.000045   059003.000357          0.9687  cm-1
96783.112    0.749      41377.986         059003.000082   059003.000404          0.0313  cm-1
96783.112    0.749      41377.986         059003.000081   059003.000402 P        0.0000  cm-1
96783.112    0.749      41377.986         059003.000085   059003.000487 P        0.0000  cm-1
96774.600    0.375      24826.257         059003.000054   059003.000365          0.2793  cm-1
96774.600    0.375      24826.257         059003.000080   059003.000484          0.7207  cm-1
96774.600    0.375      24826.257         059003.000173   059003.000529 P        0.0000  cm-1
96750.906    0.374      82749.244         059003.000072   059003.000389 P        0.0000  cm-1
96750.906    0.374      82749.244         059003.000172   059003.000527 P        0.0000  cm-1
96750.906    0.374      82749.244         059003.000066   059003.000383          1.0000  cm-1
96744.378    0.374      8274.789          059003.000106   059003.000413          0.9053  cm-1
96744.378    0.374      8274.789          059003.000076   059003.000483          0.0947  cm-1
96741.720    0.374      16549.467         059003.000057   059003.000467          0.9006  cm-1
96741.720    0.374      16549.467         059003.000086   059003.000490          0.0994  cm-1
96736.306    0.374      16549.242         059003.000082   059003.000403          1.0000  cm-1
96731.713    0.374      4137.263          059003.000111   059003.000496          1.0000  cm-1
96727.991    0.374      8274.448          059003.000075   059003.000392 P        0.0000  cm-1
96727.991    0.374      8274.448          059003.000154   059003.000507          0.8387  cm-1
96727.991    0.374      8274.448          059003.000047   059003.000460          0.1613  cm-1
96710.687    0.748      8274.090          059003.000084   059003.000405 P        0.0000  cm-1
96710.687    0.748      8274.090          059003.000154   059003.000424 P        0.0000  cm-1
96710.687    0.748      8274.090          059003.000054   059003.000466          0.7484  cm-1
96710.687    0.748      8274.090          059003.000086   059003.000489          0.2516  cm-1
96707.595    0.748      16548.053         059003.000083   059003.000404          1.0000  cm-1
96701.120    0.374      5791.725          059003.000053   059003.000463          1.0000  cm-1
96701.120    0.374      5791.725          059003.000174   059003.000603 P        0.0000  cm-1
96701.120    0.374      5791.725          059003.000156   059003.000507 P        0.0000  cm-1
96680.198    0.374      82734.627         059003.000539   059003.000477          0.1947  cm-1
96680.198    0.374      82734.627         059003.000067   059003.000382          0.8053  cm-1
96680.198    0.374      82734.627         059003.000174   059003.000602 P        0.0000  cm-1
96636.631    0.374      24817.717         059003.000156   059003.000506          1.0000  cm-1
96624.221    0.373      2481.696          059003.000540   059003.000485 P        0.0000  cm-1
96624.221    0.373      2481.696          059003.000106   059003.000493 P        0.0000  cm-1
96624.221    0.373      2481.696          059003.000069   059003.000385          1.0000  cm-1
96612.488    0.373      1654.416          059003.000150   059003.000500 P        0.0000  cm-1
96612.488    0.373      1654.416          059003.000083   059003.000485          1.0000  cm-1
96607.998    0.373      41359.955         059003.000072   059003.000388          1.0000  cm-1
96607.998    0.373      41359.955         059003.000036   059003.000344 P        0.0000  cm-1
96594.096    0.373      8271.710          059003.000106   059003.000411          1.0000  cm-1
96589.222    0.373      8271.612          059003.000083   059003.000402 P        0.0000  cm-1
96589.222    0.373      8271.612          059003.000071   059003.000387          1.0000  cm-1
96589.222    0.373      8271.612          059003.000151   059003.000500 P        0.0000  cm-1
96582.320    0.373      16542.945         059003.000158   059003.000510 P        0.0000  cm-1
96582.320    0.373      16542.945         059003.000073   059003.000389 P        0.0000  cm-1
96566.683    0.373      8271.158          059003.000074   059003.000391          1.0000  cm-1
96555.393    0.373      24812.794         059003.000064   059003.000375          1.0000  cm-1
96546.998    0.746      6616.611          059003.000054   059003.000464          0.5417  cm-1
96546.998    0.746      6616.611          059003.000108   059003.000494          0.2875  cm-1
96546.998    0.746      6616.611          059003.000082   059003.000401          0.1708  cm-1
96511.016    0.745      33080.182         059003.000138   059003.000498          1.0000  cm-1
96508.893    0.745      33080.013         059003.000067   059003.000381 P        0.0000  cm-1
96508.893    0.745      33080.013         059003.000154   059003.000505          1.0000  cm-1
96508.893    0.745      33080.013         059003.000085   059003.000486 P        0.0000  cm-1
96486.906    0.745      49617.403         059003.000066   059003.000379          0.1923  cm-1
96486.906    0.745      49617.403         059003.000057   059003.000367          0.8077  cm-1
96486.906    0.745      49617.403         059003.000161   059003.000520 P        0.0000  cm-1
96467.092    0.372      8269.175          059003.000050   059003.000359          1.0000  cm-1
96467.092    0.372      8269.175          059003.000101   059003.000492 P        0.0000  cm-1
96455.380    0.372      4134.472          059003.000173   059003.000525 P        0.0000  cm-1
96448.488    0.372      12403.213         059003.000047   059003.000358          1.0000  cm-1
96410.425    0.372      8268.063          059003.000137   059003.000414          1.0000  cm-1
96395.780    0.372      24803.330         059003.000154   059003.000504          1.0000  cm-1
96391.878    0.743      1653.540          059003.000068   059003.000564 P        0.0000  cm-1
96391.878    0.743      1653.540          059003.000078   059003.000395          0.9395  cm-1
96391.878    0.743      1653.540          059003.000080   059003.000398          0.0605  cm-1
96387.496    0.372      4133.808          059003.000085   059003.000405          1.0000  cm-1
96387.496    0.372      4133.808          059003.000171   059003.000524 P        0.0000  cm-1
96377.721    0.372      16534.850         059003.000108   059003.000493          0.2824  cm-1
96377.721    0.372      16534.850         059003.000072   059003.000476          0.7176  cm-1
96366.693    0.743      41336.054         059003.000156   059003.000504          1.0000  cm-1
96363.420    0.743      41335.737         059003.000037   059003.000555 P        0.0000  cm-1
96363.420    0.743      41335.737         059003.000045   059003.000353          1.0000  cm-1
96351.913    0.371      4133.462          059003.000080   059003.000397          1.0000  cm-1
96332.994    0.371      33066.234         059003.000067   059003.000377 P        0.0000  cm-1
96332.994    0.371      33066.234         059003.000087   059003.000487          1.0000  cm-1
96321.829    0.371      330653.728        059003.000045   059003.000352          1.0000  cm-1
96321.829    0.371      330653.728        059003.000054   059003.000463 P        0.0000  cm-1
96311.915    0.371      826615.225        059003.000038   059003.000556 P        0.0000  cm-1
96311.915    0.371      826615.225        059003.000070   059003.000383          1.0000  cm-1
96311.915    0.371      826615.225        059003.000086   059003.000486 P        0.0000  cm-1
96306.091    0.371      5786.228          059003.000106   059003.000409 P        0.0000  cm-1
96306.091    0.371      5786.228          059003.000155   059003.000503          1.0000  cm-1
96297.286    0.371      8265.871          059003.000059   059003.000372 P        0.0000  cm-1
96297.286    0.371      8265.871          059003.000080   059003.000483          0.2577  cm-1
96297.286    0.371      8265.871          059003.000066   059003.000471          0.3284  cm-1
96297.286    0.371      8265.871          059003.000047   059003.000357          0.4139  cm-1
96267.412    0.371      2479.590          059003.000060   059003.000468          0.3264  cm-1
96267.412    0.371      2479.590          059003.000081   059003.000398          0.6736  cm-1
96249.906    0.371      8264.964          059003.000046   059003.000354          1.0000  cm-1
96243.318    0.371      4132.419          059003.000105   059003.000492 P        0.0000  cm-1
96243.318    0.371      4132.419          059003.000160   059003.000515          0.6913  cm-1
96243.318    0.371      4132.419          059003.000160   059003.000516          0.3087  cm-1
96231.923    0.741      82646.218         059003.000072   059003.000385          1.0000  cm-1
96227.883    0.741      41322.725         059003.000176   059003.000526 P        0.0000  cm-1
96227.883    0.741      41322.725         059003.000081   059003.000397          0.1225  cm-1
96227.883    0.741      41322.725         059003.000175   059003.000525 P        0.0000  cm-1
96227.883    0.741      41322.725         059003.000060   059003.000467          0.8775  cm-1
96222.979    0.741      49586.710         059003.000037   059003.000345 P        0.0000  cm-1
96222.979    0.741      49586.710         059003.000047   059003.000355          1.0000  cm-1
96222.979    0.741      49586.710         059003.000169   059003.000428 P        0.0000  cm-1
96211.202    0.370      8264.228          059003.000080   059003.000482 P        0.0000  cm-1
96211.202    0.370      8264.228          059003.000078   059003.000478          1.0000  cm-1
96174.387    0.370      41317.658         059003.000163   059003.000519 P        0.0000  cm-1
96174.387    0.370      41317.658         059003.000081   059003.000483 P        0.0000  cm-1
96159.109    0.370      8263.243          059003.000079   059003.000481          1.0000  cm-1
96149.117    0.370      4131.528          059003.000073   059003.000386          1.0000  cm-1
96146.281    0.370      4131.501          059003.000079   059003.000480          1.0000  cm-1
96140.998    0.370      41314.513         059003.000165   059003.000519 P        0.0000  cm-1
96140.998    0.370      41314.513         059003.000154   059003.000502          1.0000  cm-1
96137.204    0.370      82628.312         059003.000075   059003.000389          0.5051  cm-1
96137.204    0.370      82628.312         059003.000088   059003.000488          0.3812  cm-1
96137.204    0.370      82628.312         059003.000079   059003.000479          0.1137  cm-1
96131.008    0.370      16525.430         059003.000088   059003.000407          1.0000  cm-1
96113.478    0.370      4957.432          059003.000088   059003.000487 P        0.0000  cm-1
96113.478    0.370      4957.432          059003.000082   059003.000397 P        0.0000  cm-1
96099.219    0.369      82621.192         059003.000069   059003.000379          1.0000  cm-1
96099.219    0.369      82621.192         059003.000057   059003.000465 P        0.0000  cm-1
96094.177    0.369      41310.125         059003.000069   059003.000378          1.0000  cm-1
96094.177    0.369      41310.125         059003.000039   059003.000347 P        0.0000  cm-1
96075.408    0.369      8261.674          059003.000083   059003.000398          1.0000  cm-1
96061.297    0.369      49568.469         059003.000046   059003.000353          0.2270  cm-1
96061.297    0.369      49568.469         059003.000108   059003.000409          0.4200  cm-1
96061.297    0.369      49568.469         059003.000087   059003.000486          0.3530  cm-1
96048.100    0.369      82611.660         059003.000070   059003.000379          1.0000  cm-1
96048.100    0.369      82611.660         059003.000114   059003.000496 P        0.0000  cm-1
96042.582    0.369      16522.127         059003.000070   059003.000378          1.0000  cm-1
96037.496    0.369      165219.378        059003.000082   059003.000396 P        0.0000  cm-1
96037.496    0.369      165219.378        059003.000060   059003.000369          1.0000  cm-1
96037.496    0.369      165219.378        059003.000083   059003.000397 P        0.0000  cm-1
96019.123    0.369      330425.119        059003.000046   059003.000352 P        0.0000  cm-1
96019.123    0.369      330425.119        059003.000084   059003.000399          1.0000  cm-1
96009.576    0.369      16520.902         059003.000154   059003.000501          1.0000  cm-1
96009.576    0.369      16520.902         059003.000073   059003.000474 P        0.0000  cm-1
96009.576    0.369      16520.902         059003.000079   059003.000393 P        0.0000  cm-1
96003.822    0.369      82603.445         059003.000060   059003.000368          0.8633  cm-1
96003.822    0.369      82603.445         059003.000111   059003.000493          0.1367  cm-1
95993.223    0.369      82601.485         059003.000075   059003.000388          1.0000  cm-1
95993.223    0.369      82601.485         059003.000050   059003.000458 P        0.0000  cm-1
95981.089    0.368      82599.243         059003.000083   059003.000483          0.3109  cm-1
95981.089    0.368      82599.243         059003.000156   059003.000501          0.6891  cm-1
95972.699    0.368      49558.617         059003.000111   059003.000411          0.4022  cm-1
95972.699    0.368      49558.617         059003.000082   059003.000482          0.5978  cm-1
95966.419    0.368      2477.896          059003.000089   059003.000490 P        0.0000  cm-1
95966.419    0.368      2477.896          059003.000034   059003.000545 P        0.0000  cm-1
95946.284    0.368      16518.565         059003.000086   059003.000485          1.0000  cm-1
95946.284    0.368      16518.565         059003.000158   059003.000503 P        0.0000  cm-1
95941.108    0.368      1651.837          059003.000540   059003.000395 P        0.0000  cm-1
95941.108    0.368      1651.837          059003.000087   059003.000405          1.0000  cm-1
95925.292    0.368      82588.967         059003.000138   059003.000414          1.0000  cm-1
95925.292    0.368      82588.967         059003.000086   059003.000402 P        0.0000  cm-1
95909.383    0.368      5781.023          059003.000069   059003.000471          1.0000  cm-1
95909.383    0.368      5781.023          059003.000167   059003.000520 P        0.0000  cm-1
95893.910    0.368      8258.321          059003.000539   059003.000475          1.0000  cm-1
95880.593    0.368      825807.709        059003.000049   059003.000356          1.0000  cm-1
95880.593    0.368      825807.709        059003.000076   059003.000391 P        0.0000  cm-1
95867.182    0.368      8257.832          059003.000069   059003.000470          1.0000  cm-1
95856.790    0.368      165152.838        059003.000070   059003.000471 P        0.0000  cm-1
95856.790    0.368      165152.838        059003.000053   059003.000359          1.0000  cm-1
95850.232    0.367      4128.761          059003.000082   059003.000480          1.0000  cm-1
95831.224    0.367      41285.877         059003.000062   059003.000468          1.0000  cm-1
95831.224    0.367      41285.877         059003.000074   059003.000475 P        0.0000  cm-1
95818.586    0.367      8256.945          059003.000034   059003.000544 P        0.0000  cm-1
95818.586    0.367      8256.945          059003.000084   059003.000396          1.0000  cm-1
95804.083    0.367      412834.045        059003.000037   059003.000343 P        0.0000  cm-1
95804.083    0.367      412834.045        059003.000066   059003.000374          1.0000  cm-1
95798.916    0.367      41282.934         059003.000072   059003.000381          1.0000  cm-1
95798.916    0.367      41282.934         059003.000073   059003.000382 P        0.0000  cm-1
95788.196    0.367      2476.918          059003.000082   059003.000394          1.0000  cm-1
95782.789    0.367      412814.682        059003.000057   059003.000362          1.0000  cm-1
95774.704    0.367      2476.844          059003.000153   059003.000500 P        0.0000  cm-1
95774.704    0.367      2476.844          059003.000045   059003.000350          1.0000  cm-1
95766.810    0.367      41280.017         059003.000053   059003.000462          1.0000  cm-1
95763.510    0.367      41279.717         059003.000155   059003.000500          0.6162  cm-1
95763.510    0.367      41279.717         059003.000075   059003.000476          0.3838  cm-1
95707.414    0.366      8254.927          059003.000072   059003.000379          1.0000  cm-1
95707.414    0.366      8254.927          059003.000075   059003.000386 P        0.0000  cm-1
95702.107    0.733      24764.492         059003.000091   059003.000407 P        0.0000  cm-1
95702.107    0.733      24764.492         059003.000072   059003.000378 P        0.0000  cm-1
95702.107    0.733      24764.492         059003.000063   059003.000373          1.0000  cm-1
95694.411    0.366      3301.877          059003.000115   059003.000496          1.0000  cm-1
95677.204    0.366      825.438           059003.000160   059003.000510 P        0.0000  cm-1
95671.086    0.366      6603.416          059003.000046   059003.000351          1.0000  cm-1
95656.177    0.732      247620.016        059003.000057   059003.000361          0.3620  cm-1
95656.177    0.732      247620.016        059003.000049   059003.000354          0.6380  cm-1
95652.881    0.732      16507.882         059003.000064   059003.000468          1.0000  cm-1
95647.005    0.732      8253.835          059003.000112   059003.000495          0.3155  cm-1
95647.005    0.732      8253.835          059003.000112   059003.000494          0.6845  cm-1
95629.090    0.366      16507.023         059003.000084   059003.000480          0.3027  cm-1
95629.090    0.366      16507.023         059003.000078   059003.000477          0.6973  cm-1
95629.090    0.366      16507.023         059003.000073   059003.000381 P        0.0000  cm-1
95623.788    0.366      4126.708          059003.000072   059003.000377          1.0000  cm-1
95623.788    0.366      4126.708          059003.000139   059003.000416 P        0.0000  cm-1
95615.286    0.366      82532.627         059003.000539   059003.000473          1.0000  cm-1
95615.286    0.366      82532.627         059003.000063   059003.000371 P        0.0000  cm-1
95611.419    0.366      8253.193          059003.000064   059003.000467 P        0.0000  cm-1
95601.008    0.366      24759.016         059003.000062   059003.000369          1.0000  cm-1
95591.982    0.366      8252.843          059003.000053   059003.000459          0.2229  cm-1
95591.982    0.366      8252.843          059003.000160   059003.000508          0.7771  cm-1
95584.486    0.365      412635.376        059003.000060   059003.000465 P        0.0000  cm-1
95584.486    0.365      412635.376        059003.000050   059003.000354          1.0000  cm-1
95552.695    0.365      825.213           059003.000087   059003.000401          0.8651  cm-1
95552.695    0.365      825.213           059003.000161   059003.000512          0.1349  cm-1
95552.695    0.365      825.213           059003.000074   059003.000473 P        0.0000  cm-1
95548.019    0.365      825.205           059003.000073   059003.000380          1.0000  cm-1
95538.377    0.365      16503.754         059003.000064   059003.000370          0.5085  cm-1
95538.377    0.365      16503.754         059003.000089   059003.000486          0.4915  cm-1
95538.377    0.365      16503.754         059003.000039   059003.000346 P        0.0000  cm-1
95531.126    0.365      247552.401        059003.000060   059003.000364          1.0000  cm-1
95531.126    0.365      247552.401        059003.000057   059003.000360 P        0.0000  cm-1
95516.382    0.365      2475.444          059003.000072   059003.000471 P        0.0000  cm-1
95501.403    0.365      2475.364          059003.000035   059003.000547 P        0.0000  cm-1
95488.717    0.365      2475295.074       059003.000059   059003.000363          1.0000  cm-1
95488.717    0.365      2475295.074       059003.000069   059003.000375 P        0.0000  cm-1
95476.793    0.729      8250.769          059003.000112   059003.000493 P        0.0000  cm-1
95476.793    0.729      8250.769          059003.000054   059003.000359          1.0000  cm-1
95476.793    0.729      8250.769          059003.000072   059003.000470 P        0.0000  cm-1
95454.002    0.364      8250.359          059003.000095   059003.000489          1.0000  cm-1
95454.002    0.364      8250.359          059003.000073   059003.000377 P        0.0000  cm-1
95454.002    0.364      8250.359          059003.000113   059003.000412 P        0.0000  cm-1
95442.418    0.364      825.015           059003.000093   059003.000488          1.0000  cm-1
95437.077    0.729      82500.546         059003.000060   059003.000464 P        0.0000  cm-1
95437.077    0.729      82500.546         059003.000114   059003.000413          0.6441  cm-1
95437.077    0.729      82500.546         059003.000070   059003.000375          0.0540  cm-1
95437.077    0.729      82500.546         059003.000093   059003.000407          0.1749  cm-1
95437.077    0.729      82500.546         059003.000165   059003.000515 P        0.0000  cm-1
95437.077    0.729      82500.546         059003.000165   059003.000516 P        0.0000  cm-1
95437.077    0.729      82500.546         059003.000091   059003.000406          0.1269  cm-1
95437.077    0.729      82500.546         059003.000046   059003.000349 P        0.0000  cm-1
95437.077    0.729      82500.546         059003.000166   059003.000517 P        0.0000  cm-1
95437.077    0.729      82500.546         059003.000038   059003.000551 P        0.0000  cm-1
95437.077    0.729      82500.546         059003.000083   059003.000392 P        0.0000  cm-1
95426.782    0.364      6599.896          059003.000085   059003.000482          0.9601  cm-1
95426.782    0.364      6599.896          059003.000049   059003.000352          0.0399  cm-1
95422.924    0.364      2474.940          059003.000064   059003.000369          1.0000  cm-1
95408.722    0.364      5774.681          059003.000086   059003.000398          1.0000  cm-1
95396.619    0.364      32997.307         059003.000050   059003.000353          1.0000  cm-1
95396.619    0.364      32997.307         059003.000036   059003.000547 P        0.0000  cm-1
95382.232    0.364      2474.720          059003.000053   059003.000458          1.0000  cm-1
95361.321    0.728      164973.827        059003.000037   059003.000549 P        0.0000  cm-1
95361.321    0.728      164973.827        059003.000059   059003.000362          1.0000  cm-1
95358.701    0.727      16497.288         059003.000040   059003.000347 P        0.0000  cm-1
95358.701    0.727      16497.288         059003.000053   059003.000358          0.0373  cm-1
95358.701    0.727      16497.288         059003.000081   059003.000477 P        0.0000  cm-1
95358.701    0.727      16497.288         059003.000064   059003.000367          0.9627  cm-1
95355.890    0.727      82485.936         059003.000050   059003.000352          1.0000  cm-1
95355.890    0.727      82485.936         059003.000075   059003.000382 P        0.0000  cm-1
95335.890    0.364      12372.350         059003.000114   059003.000412          1.0000  cm-1
95335.890    0.364      12372.350         059003.000097   059003.000489 P        0.0000  cm-1
95333.321    0.364      4124.094          059003.000051   059003.000561 P        0.0000  cm-1
95333.321    0.364      4124.094          059003.000088   059003.000401          1.0000  cm-1
95321.084    0.363      1649593.306       059003.000088   059003.000484 P        0.0000  cm-1
95321.084    0.363      1649593.306       059003.000071   059003.000376          1.0000  cm-1
95321.084    0.363      1649593.306       059003.000039   059003.000345 P        0.0000  cm-1
95308.183    0.363      16495.468         059003.000081   059003.000391          1.0000  cm-1
95308.183    0.363      16495.468         059003.000164   059003.000513 P        0.0000  cm-1
95287.480    0.726      82473.606         059003.000047   059003.000350          0.9200  cm-1
95287.480    0.726      82473.606         059003.000114   059003.000411          0.0800  cm-1
95233.009    0.363      16492.754         059003.000059   059003.000361 P        0.0000  cm-1
95233.009    0.363      16492.754         059003.000097   059003.000488          1.0000  cm-1
95233.009    0.363      16492.754         059003.000096   059003.000407 P        0.0000  cm-1
95228.395    0.363      57724.054         059003.000169   059003.000586 P        0.0000  cm-1
95228.395    0.363      57724.054         059003.000062   059003.000365          1.0000  cm-1
95208.804    0.363      82459.390         059003.000060   059003.000463 P        0.0000  cm-1
95208.804    0.363      82459.390         059003.000097   059003.000487          1.0000  cm-1
95198.820    0.363      16491.517         059003.000169   059003.000582 P        0.0000  cm-1
95198.820    0.363      16491.517         059003.000036   059003.000545 P        0.0000  cm-1
95198.820    0.363      16491.517         059003.000172   059003.000520          1.0000  cm-1
95184.177    0.362      2473.648          059003.000075   059003.000381          1.0000  cm-1
95178.996    0.362      5771.779          059003.000169   059003.000581 P        0.0000  cm-1
95178.996    0.362      5771.779          059003.000540   059003.000477          1.0000  cm-1
95178.996    0.362      5771.779          059003.000169   059003.000580 P        0.0000  cm-1
95168.303    0.362      824.521           059003.000093   059003.000406          1.0000  cm-1
95168.303    0.362      824.521           059003.000169   059003.000578 P        0.0000  cm-1
95168.303    0.362      824.521           059003.000083   059003.000477 P        0.0000  cm-1
95158.229    0.724      8245.022          059003.000087   059003.000398          0.0410  cm-1
95158.229    0.724      8245.022          059003.000080   059003.000389          0.9590  cm-1
95151.005    0.362      4122.446          059003.000089   059003.000402          1.0000  cm-1
95139.078    0.362      8244.675          059003.000140   059003.000497 P        0.0000  cm-1
95139.078    0.362      8244.675          059003.000142   059003.000498 P        0.0000  cm-1
95139.078    0.362      8244.675          059003.000113   059003.000410 P        0.0000  cm-1
95139.078    0.362      8244.675          059003.000167   059003.000515          0.8786  cm-1
95139.078    0.362      8244.675          059003.000167   059003.000516          0.1214  cm-1
95119.173    0.362      16488.625         059003.000087   059003.000397          1.0000  cm-1
95119.173    0.362      16488.625         059003.000161   059003.000509 P        0.0000  cm-1
95116.086    0.362      4122.128          059003.000083   059003.000391          1.0000  cm-1
95109.200    0.362      24732.393         059003.000098   059003.000487          1.0000  cm-1
95096.092    0.362      164877.845        059003.000091   059003.000403 P        0.0000  cm-1
95096.092    0.362      164877.845        059003.000072   059003.000375          1.0000  cm-1
95096.092    0.362      164877.845        059003.000062   059003.000364 P        0.0000  cm-1
95081.231    0.362      32974.485         059003.000086   059003.000478          1.0000  cm-1
95081.231    0.362      32974.485         059003.000063   059003.000365 P        0.0000  cm-1
95075.818    0.362      164870.450        059003.000049   059003.000351 P        0.0000  cm-1
95075.818    0.362      164870.450        059003.000071   059003.000374          1.0000  cm-1
95070.500    0.362      4121.713          059003.000079   059003.000388          1.0000  cm-1
95063.428    0.361      24729.889         059003.000087   059003.000483 P        0.0000  cm-1
95063.428    0.361      24729.889         059003.000100   059003.000490          1.0000  cm-1
95063.428    0.361      24729.889         059003.000161   059003.000508 P        0.0000  cm-1
95063.428    0.361      24729.889         059003.000173   059003.000520 P        0.0000  cm-1
95045.010    0.723      4121.480          059003.000167   059003.000514          1.0000  cm-1
95038.792    0.723      4121.423          059003.000099   059003.000488          0.7847  cm-1
95038.792    0.723      4121.423          059003.000160   059003.000503          0.2153  cm-1
95033.381    0.361      2472.824          059003.000099   059003.000407 P        0.0000  cm-1
95015.827    0.361      2472.727          059003.000099   059003.000487 P        0.0000  cm-1
95015.827    0.361      2472.727          059003.000060   059003.000360          1.0000  cm-1
95015.827    0.361      2472.727          059003.000063   059003.000466 P        0.0000  cm-1
95005.482    0.361      82422.350         059003.000178   059003.000523 P        0.0000  cm-1
95005.482    0.361      82422.350         059003.000050   059003.000351          1.0000  cm-1
94999.884    0.361      824213.217        059003.000062   059003.000464 P        0.0000  cm-1
94999.884    0.361      824213.217        059003.000079   059003.000387          0.8896  cm-1
94999.884    0.361      824213.217        059003.000114   059003.000409          0.1104  cm-1
94999.884    0.361      824213.217        059003.000173   059003.000519 P        0.0000  cm-1
94983.427    0.361      32967.318         059003.000167   059003.000513          1.0000  cm-1
94979.394    0.722      82417.554         059003.000087   059003.000482          0.4992  cm-1
94979.394    0.722      82417.554         059003.000054   059003.000358          0.5008  cm-1
94979.394    0.722      82417.554         059003.000167   059003.000512 P        0.0000  cm-1
94964.882    0.361      82414.881         059003.000115   059003.000493          1.0000  cm-1
94964.882    0.361      82414.881         059003.000085   059003.000392 P        0.0000  cm-1
94964.882    0.361      82414.881         059003.000096   059003.000406 P        0.0000  cm-1
94950.801    0.361      824.123           059003.000076   059003.000384 P        0.0000  cm-1
94950.801    0.361      824.123           059003.000052   059003.000561 P        0.0000  cm-1
94950.801    0.361      824.123           059003.000164   059003.000511 P        0.0000  cm-1
94935.771    0.361      32963.803         059003.000097   059003.000486          0.3743  cm-1
94935.771    0.361      32963.803         059003.000115   059003.000411          0.6257  cm-1
94917.903    0.721      2472.186          059003.000082   059003.000389          0.9025  cm-1
94917.903    0.721      2472.186          059003.000064   059003.000364          0.0975  cm-1
94914.112    0.360      4944.330          059003.000141   059003.000416 P        0.0000  cm-1
94914.112    0.360      4944.330          059003.000066   059003.000372 P        0.0000  cm-1
94887.813    0.360      329602.481        059003.000091   059003.000400          1.0000  cm-1
94887.813    0.360      329602.481        059003.000141   059003.000415 P        0.0000  cm-1
94852.996    0.360      5767.590          059003.000063   059003.000464          1.0000  cm-1
94841.726    0.360      4119.602          059003.000078   059003.000475          0.6881  cm-1
94841.726    0.360      4119.602          059003.000049   059003.000349          0.3119  cm-1
94841.726    0.360      4119.602          059003.000079   059003.000476 P        0.0000  cm-1
94836.989    0.360      49434.689         059003.000098   059003.000486          1.0000  cm-1
94829.414    0.719      65911.785         059003.000124   059003.000567 P        0.0000  cm-1
94829.414    0.719      65911.785         059003.000093   059003.000403          1.0000  cm-1
94826.477    0.719      41194.591         059003.000101   059003.000491 P        0.0000  cm-1
94826.477    0.719      41194.591         059003.000088   059003.000396          0.2038  cm-1
94826.477    0.719      41194.591         059003.000054   059003.000357          0.7962  cm-1
94821.507    0.360      41194.126         059003.000076   059003.000382          1.0000  cm-1
94821.507    0.360      41194.126         059003.000142   059003.000497 P        0.0000  cm-1
94780.279    0.359      24714.153         059003.000112   059003.000492          1.0000  cm-1
94780.279    0.359      24714.153         059003.000075   059003.000469 P        0.0000  cm-1
94773.891    0.359      247137.918        059003.000062   059003.000463 P        0.0000  cm-1
94773.891    0.359      247137.918        059003.000082   059003.000388          1.0000  cm-1
94760.030    0.359      16475.338         059003.000120   059003.000496 P        0.0000  cm-1
94760.030    0.359      16475.338         059003.000088   059003.000482          1.0000  cm-1
94726.773    0.359      16474.079         059003.000080   059003.000386          1.0000  cm-1
94709.797    0.359      16473.435         059003.000102   059003.000490          1.0000  cm-1
94694.289    0.359      65891.376         059003.000079   059003.000385          1.0000  cm-1
94678.029    0.359      41180.559         059003.000066   059003.000367          0.3218  cm-1
94678.029    0.359      41180.559         059003.000102   059003.000489          0.6782  cm-1
94668.811    0.358      16471.871         059003.000164   059003.000507          0.2826  cm-1
94668.811    0.358      16471.871         059003.000095   059003.000402          0.7174  cm-1
94650.523    0.358      82355.851         059003.000078   059003.000384 P        0.0000  cm-1
94650.523    0.358      82355.851         059003.000164   059003.000424          1.0000  cm-1
94650.523    0.358      82355.851         059003.000171   059003.000518 P        0.0000  cm-1
94641.496    0.358      6588.329          059003.000076   059003.000472          1.0000  cm-1
94641.496    0.358      6588.329          059003.000067   059003.000368 P        0.0000  cm-1
94623.923    0.716      8235.074          059003.000099   059003.000405          0.9195  cm-1
94623.923    0.716      8235.074          059003.000096   059003.000403          0.0805  cm-1
94600.211    0.358      32938.463         059003.000091   059003.000399          1.0000  cm-1
94586.987    0.358      164687.194        059003.000161   059003.000504 P        0.0000  cm-1
94586.987    0.358      164687.194        059003.000166   059003.000425          0.9044  cm-1
94586.987    0.358      164687.194        059003.000040   059003.000345 P        0.0000  cm-1
94586.987    0.358      164687.194        059003.000080   059003.000474          0.0956  cm-1
94586.987    0.358      164687.194        059003.000069   059003.000468 P        0.0000  cm-1
94579.623    0.358      329368.673        059003.000165   059003.000506 P        0.0000  cm-1
94579.623    0.358      329368.673        059003.000062   059003.000360          1.0000  cm-1
94566.590    0.715      16467.927         059003.000098   059003.000404          0.9429  cm-1
94566.590    0.715      16467.927         059003.000067   059003.000366          0.0571  cm-1
94566.590    0.715      16467.927         059003.000166   059003.000424 P        0.0000  cm-1
94563.523    0.715      8233.904          059003.000078   059003.000473          1.0000  cm-1
94542.894    0.358      82335.016         059003.000039   059003.000550 P        0.0000  cm-1
94542.894    0.358      82335.016         059003.000082   059003.000476          1.0000  cm-1
94542.894    0.358      82335.016         059003.000089   059003.000483 P        0.0000  cm-1
94542.894    0.358      82335.016         059003.000167   059003.000509 P        0.0000  cm-1
94537.327    0.357      82333.928         059003.000123   059003.000496          0.6639  cm-1
94537.327    0.357      82333.928         059003.000095   059003.000484          0.3361  cm-1
94528.218    0.715      8233.214          059003.000064   059003.000361          1.0000  cm-1
94526.614    0.715      4116.592          059003.000104   059003.000489          1.0000  cm-1
94516.372    0.357      16465.964         059003.000087   059003.000392          0.0434  cm-1
94516.372    0.357      16465.964         059003.000105   059003.000489          0.9566  cm-1
94504.578    0.357      3293.100          059003.000080   059003.000384          1.0000  cm-1
94486.889    0.357      2469.721          059003.000167   059003.000508          0.3678  cm-1
94486.889    0.357      2469.721          059003.000172   059003.000517          0.2865  cm-1
94486.889    0.357      2469.721          059003.000082   059003.000386          0.3457  cm-1
94486.889    0.357      2469.721          059003.000174   059003.000582 P        0.0000  cm-1
94472.410    0.357      82321.158         059003.000099   059003.000404 P        0.0000  cm-1
94472.410    0.357      82321.158         059003.000070   059003.000372 P        0.0000  cm-1
94472.410    0.357      82321.158         059003.000098   059003.000485          1.0000  cm-1
94472.410    0.357      82321.158         059003.000069   059003.000370 P        0.0000  cm-1
94449.305    0.357      49389.946         059003.000098   059003.000402          0.3407  cm-1
94449.305    0.357      49389.946         059003.000086   059003.000391 P        0.0000  cm-1
94449.305    0.357      49389.946         059003.000164   059003.000505          0.6593  cm-1
94433.324    0.357      8231.339          059003.000079   059003.000383          1.0000  cm-1
94426.769    0.357      49387.252         059003.000099   059003.000403          1.0000  cm-1
94414.705    0.357      164619.352        059003.000096   059003.000400          0.4868  cm-1
94414.705    0.357      164619.352        059003.000105   059003.000488          0.5132  cm-1
94406.411    0.713      82308.015         059003.000166   059003.000422          0.2381  cm-1
94406.411    0.713      82308.015         059003.000054   059003.000353          0.7619  cm-1
94403.676    0.713      329229.866        059003.000114   059003.000408          0.7797  cm-1
94403.676    0.713      329229.866        059003.000064   059003.000360          0.2203  cm-1
94403.676    0.713      329229.866        059003.000104   059003.000487 P        0.0000  cm-1
94392.179    0.356      41152.579         059003.000144   059003.000499 P        0.0000  cm-1
94392.179    0.356      41152.579         059003.000540   059003.000475          1.0000  cm-1
94392.179    0.356      41152.579         059003.000039   059003.000548 P        0.0000  cm-1
94392.179    0.356      41152.579         059003.000105   059003.000487 P        0.0000  cm-1
94376.397    0.713      82301.981         059003.000083   059003.000475 P        0.0000  cm-1
94376.397    0.713      82301.981         059003.000080   059003.000382 P        0.0000  cm-1
94372.486    0.712      82301.192         059003.000085   059003.000389          1.0000  cm-1
94365.091    0.356      8229.970          059003.000060   059003.000359          0.1275  cm-1
94365.091    0.356      8229.970          059003.000166   059003.000505          0.8725  cm-1
94355.482    0.356      16459.551         059003.000069   059003.000369          1.0000  cm-1
94346.205    0.356      8229.587          059003.000082   059003.000474          0.1155  cm-1
94346.205    0.356      8229.587          059003.000167   059003.000507          0.8845  cm-1
94332.783    0.356      16458.629         059003.000093   059003.000399          1.0000  cm-1
94317.388    0.356      24687.003         059003.000098   059003.000484          1.0000  cm-1
94296.394    0.356      8228.571          059003.000088   059003.000392          1.0000  cm-1
94291.030    0.356      164569.227        059003.000173   059003.000515 P        0.0000  cm-1
94291.030    0.356      164569.227        059003.000173   059003.000516 P        0.0000  cm-1
94291.030    0.356      164569.227        059003.000069   059003.000367          1.0000  cm-1
94274.324    0.356      16456.235         059003.000055   059003.000561 P        0.0000  cm-1
94274.324    0.356      16456.235         059003.000172   059003.000513          0.1228  cm-1
94274.324    0.356      16456.235         059003.000119   059003.000493          0.8772  cm-1
94263.406    0.355      82278.925         059003.000163   059003.000503 P        0.0000  cm-1
94251.316    0.355      82276.425         059003.000081   059003.000382          1.0000  cm-1
94246.187    0.711      4113.768          059003.000100   059003.000402          1.0000  cm-1
94244.306    0.711      4113.749          059003.000119   059003.000411          1.0000  cm-1
94240.027    0.710      24682.225         059003.000038   059003.000544 P        0.0000  cm-1
94240.027    0.710      24682.225         059003.000070   059003.000367          1.0000  cm-1
94236.310    0.710      24681.994         059003.000099   059003.000401          1.0000  cm-1
94236.310    0.710      24681.994         059003.000067   059003.000466 P        0.0000  cm-1
94221.588    0.355      164540.495        059003.000091   059003.000481 P        0.0000  cm-1
94221.588    0.355      164540.495        059003.000057   059003.000356          1.0000  cm-1
94204.614    0.355      4113.335          059003.000080   059003.000381          1.0000  cm-1
94197.515    0.355      411326.073        059003.000087   059003.000391 P        0.0000  cm-1
94197.515    0.355      411326.073        059003.000173   059003.000514 P        0.0000  cm-1
94197.515    0.355      411326.073        059003.000053   059003.000350          1.0000  cm-1
94189.005    0.355      8226.343          059003.000083   059003.000384          1.0000  cm-1
94177.019    0.355      3290.436          059003.000084   059003.000385          1.0000  cm-1
94170.016    0.709      16451.886         059003.000079   059003.000379          1.0000  cm-1
94170.016    0.709      16451.886         059003.000067   059003.000364 P        0.0000  cm-1
94164.186    0.355      32903.280         059003.000079   059003.000378          1.0000  cm-1
94164.186    0.355      32903.280         059003.000118   059003.000566 P        0.0000  cm-1
94153.520    0.355      65804.755         059003.000072   059003.000467 P        0.0000  cm-1
94153.520    0.355      65804.755         059003.000095   059003.000398          1.0000  cm-1
94153.520    0.355      65804.755         059003.000120   059003.000413 P        0.0000  cm-1
94130.403    0.709      41125.517         059003.000093   059003.000396          0.1144  cm-1
94130.403    0.709      41125.517         059003.000173   059003.000512 P        0.0000  cm-1
94130.403    0.709      41125.517         059003.000121   059003.000495          0.8856  cm-1
94127.208    0.709      41125.177         059003.000121   059003.000494          0.1825  cm-1
94127.208    0.709      41125.177         059003.000104   059003.000486          0.3670  cm-1
94127.208    0.709      41125.177         059003.000096   059003.000399          0.1954  cm-1
94127.208    0.709      41125.177         059003.000080   059003.000380          0.2551  cm-1
94127.208    0.709      41125.177         059003.000084   059003.000474 P        0.0000  cm-1
94102.314    0.354      82245.031         059003.000066   059003.000363          1.0000  cm-1
94102.314    0.354      82245.031         059003.000060   059003.000459 P        0.0000  cm-1
94089.399    0.354      4112.113          059003.000106   059003.000407 P        0.0000  cm-1
94089.399    0.354      4112.113          059003.000145   059003.000499 P        0.0000  cm-1
94081.230    0.354      8224.050          059003.000164   059003.000502          1.0000  cm-1
94081.230    0.354      8224.050          059003.000072   059003.000370 P        0.0000  cm-1
94064.186    0.354      41118.409         059003.000093   059003.000482 P        0.0000  cm-1
94064.186    0.354      41118.409         059003.000175   059003.000516          1.0000  cm-1
94058.974    0.354      57564.982         059003.000095   059003.000483 P        0.0000  cm-1
94058.974    0.354      57564.982         059003.000083   059003.000382          1.0000  cm-1
94050.809    0.354      82233.917         059003.000120   059003.000412          1.0000  cm-1
94041.373    0.354      16446.373         059003.000073   059003.000373          1.0000  cm-1
94015.613    0.354      16445.248         059003.000143   059003.000414          1.0000  cm-1
94007.402    0.353      8222.444          059003.000095   059003.000395          1.0000  cm-1
93997.504    0.707      49333.357         059003.000105   059003.000405          0.0361  cm-1
93997.504    0.707      49333.357         059003.000166   059003.000502          0.9272  cm-1
93997.504    0.707      49333.357         059003.000057   059003.000354          0.0367  cm-1
93997.504    0.707      49333.357         059003.000097   059003.000397 P        0.0000  cm-1
93975.974    0.707      4110.875          059003.000123   059003.000494          0.8462  cm-1
93975.974    0.707      4110.875          059003.000066   059003.000362          0.1538  cm-1
93973.726    0.706      8221.701          059003.000145   059003.000498 P        0.0000  cm-1
93973.726    0.706      8221.701          059003.000101   059003.000485          1.0000  cm-1
93959.423    0.353      41106.918         059003.000121   059003.000493          0.4563  cm-1
93959.423    0.353      41106.918         059003.000144   059003.000497          0.5437  cm-1
93950.514    0.353      82211.853         059003.000101   059003.000402 P        0.0000  cm-1
93950.514    0.353      82211.853         059003.000164   059003.000501          1.0000  cm-1
93940.903    0.353      32883.883         059003.000093   059003.000480 P        0.0000  cm-1
93940.903    0.353      32883.883         059003.000097   059003.000483          0.4523  cm-1
93940.903    0.353      32883.883         059003.000085   059003.000386          0.5477  cm-1
93933.309    0.353      82208.010         059003.000098   059003.000398 P        0.0000  cm-1
93933.309    0.353      82208.010         059003.000167   059003.000503 P        0.0000  cm-1
93933.309    0.353      82208.010         059003.000144   059003.000417          1.0000  cm-1
93928.480    0.706      16441.386         059003.000062   059003.000359 P        0.0000  cm-1
93928.480    0.706      16441.386         059003.000123   059003.000413          1.0000  cm-1
93928.480    0.706      16441.386         059003.000096   059003.000396 P        0.0000  cm-1
93928.480    0.706      16441.386         059003.000087   059003.000389 P        0.0000  cm-1
93928.480    0.706      16441.386         059003.000171   059003.000511 P        0.0000  cm-1
93914.795    0.353      41101.928         059003.000102   059003.000485          1.0000  cm-1
93907.813    0.353      8220.228          059003.000177   059003.000520 P        0.0000  cm-1
93907.813    0.353      8220.228          059003.000073   059003.000370          1.0000  cm-1
93899.283    0.353      32880.143         059003.000072   059003.000367          1.0000  cm-1
93885.417    0.353      16439.444         059003.000082   059003.000380          1.0000  cm-1
93876.982    0.353      1643.906          059003.000083   059003.000472 P        0.0000  cm-1
93867.522    0.352      32877.261         059003.000082   059003.000378          1.0000  cm-1
93867.522    0.352      32877.261         059003.000166   059003.000501 P        0.0000  cm-1
93855.813    0.352      16438.096         059003.000104   059003.000404 P        0.0000  cm-1
93855.813    0.352      16438.096         059003.000097   059003.000482          1.0000  cm-1
93855.813    0.352      16438.096         059003.000079   059003.000469 P        0.0000  cm-1
93850.521    0.352      65751.415         059003.000070   059003.000465 P        0.0000  cm-1
93850.521    0.352      65751.415         059003.000108   059003.000488          0.8409  cm-1
93850.521    0.352      65751.415         059003.000069   059003.000364          0.1591  cm-1
93845.087    0.352      8218.802          059003.000108   059003.000407          1.0000  cm-1
93845.087    0.352      8218.802          059003.000177   059003.000519 P        0.0000  cm-1
93841.624    0.352      8218.723          059003.000098   059003.000483          1.0000  cm-1
93827.015    0.352      24655.161         059003.000108   059003.000487          1.0000  cm-1
93805.622    0.352      410894.626        059003.000093   059003.000393          1.0000  cm-1
93805.622    0.352      410894.626        059003.000039   059003.000341 P        0.0000  cm-1
93800.799    0.704      16435.561         059003.000099   059003.000397          0.1306  cm-1
93800.799    0.704      16435.561         059003.000085   059003.000474          0.8694  cm-1
93800.799    0.704      16435.561         059003.000059   059003.000356 P        0.0000  cm-1
93789.006    0.352      16435.013         059003.000082   059003.000377          0.5230  cm-1
93789.006    0.352      16435.013         059003.000098   059003.000395          0.4770  cm-1
93778.289    0.352      82172.565         059003.000172   059003.000508          0.3249  cm-1
93778.289    0.352      82172.565         059003.000123   059003.000411          0.6751  cm-1
93767.716    0.352      2465.103          059003.000057   059003.000352          1.0000  cm-1
93767.716    0.352      2465.103          059003.000179   059003.000535 P        0.0000  cm-1
93762.896    0.352      1643.379          059003.000104   059003.000485          1.0000  cm-1
93758.498    0.352      16433.586         059003.000073   059003.000368          1.0000  cm-1
93758.498    0.352      16433.586         059003.000036   059003.000334 P        0.0000  cm-1
93729.827    0.351      164322.332        059003.000099   059003.000396          1.0000  cm-1
93729.827    0.351      164322.332        059003.000539   059003.000371 P        0.0000  cm-1
93729.827    0.351      164322.332        059003.000096   059003.000479 P        0.0000  cm-1
93720.707    0.351      8215.900          059003.000163   059003.000500          1.0000  cm-1
93720.707    0.351      8215.900          059003.000085   059003.000384 P        0.0000  cm-1
93714.722    0.351      16431.516         059003.000060   059003.000357 P        0.0000  cm-1
93714.722    0.351      16431.516         059003.000120   059003.000409          1.0000  cm-1
93714.722    0.351      16431.516         059003.000086   059003.000475 P        0.0000  cm-1
93706.026    0.351      8215.551          059003.000088   059003.000389          1.0000  cm-1
93684.193    0.351      32860.114         059003.000073   059003.000366          1.0000  cm-1
93676.573    0.351      41074.228         059003.000089   059003.000391          1.0000  cm-1
93676.573    0.351      41074.228         059003.000096   059003.000394 P        0.0000  cm-1
93652.322    0.351      16428.520         059003.000145   059003.000497 P        0.0000  cm-1
93652.322    0.351      16428.520         059003.000084   059003.000379          1.0000  cm-1
93646.293    0.702      8214.114          059003.000084   059003.000378 P        0.0000  cm-1
93646.293    0.702      8214.114          059003.000171   059003.000425          1.0000  cm-1
93640.828    0.701      4106.991          059003.000173   059003.000508          0.8154  cm-1
93640.828    0.701      4106.991          059003.000082   059003.000470          0.1846  cm-1
93637.324    0.351      246416.879        059003.000172   059003.000507          1.0000  cm-1
93631.718    0.351      8213.759          059003.000058   059003.000561 P        0.0000  cm-1
93609.296    0.351      1642.642          059003.000105   059003.000401          1.0000  cm-1
93609.296    0.351      1642.642          059003.000104   059003.000484 P        0.0000  cm-1
93598.181    0.350      164258.758        059003.000105   059003.000484          1.0000  cm-1
93576.797    0.350      65699.278         059003.000111   059003.000489 P        0.0000  cm-1
93576.797    0.350      65699.278         059003.000119   059003.000492 P        0.0000  cm-1
93576.797    0.350      65699.278         059003.000059   059003.000354 P        0.0000  cm-1
93576.797    0.350      65699.278         059003.000172   059003.000506 P        0.0000  cm-1
93566.293    0.700      8212.149          059003.000084   059003.000377 P        0.0000  cm-1
93561.113    0.700      4106.010          059003.000088   059003.000388          0.2732  cm-1
93561.113    0.700      4106.010          059003.000063   059003.000460          0.7268  cm-1
93558.313    0.700      410597.521        059003.000082   059003.000469 P        0.0000  cm-1
93558.313    0.700      410597.521        059003.000079   059003.000375          1.0000  cm-1
93535.911    0.350      16422.781         059003.000070   059003.000362          1.0000  cm-1
93522.192    0.350      4105.523          059003.000086   059003.000384          1.0000  cm-1
93511.695    0.350      49264.683         059003.000095   059003.000392          1.0000  cm-1
93511.695    0.350      49264.683         059003.000072   059003.000465 P        0.0000  cm-1
93499.893    0.350      821.048           059003.000173   059003.000507          1.0000  cm-1
93490.984    0.350      82102.554         059003.000123   059003.000409          1.0000  cm-1
93483.289    0.350      32840.238         059003.000106   059003.000403          1.0000  cm-1
93478.207    0.350      16419.859         059003.000099   059003.000394          1.0000  cm-1
93468.322    0.349      410483.845        059003.000171   059003.000422          1.0000  cm-1
93436.479    0.349      82088.571         059003.000173   059003.000506          0.6656  cm-1
93436.479    0.349      82088.571         059003.000101   059003.000398          0.3344  cm-1
93436.479    0.349      82088.571         059003.000108   059003.000405 P        0.0000  cm-1
93436.479    0.349      82088.571         059003.000086   059003.000473 P        0.0000  cm-1
93428.603    0.349      8208.653          059003.000146   059003.000417          1.0000  cm-1
93417.698    0.349      49250.219         059003.000073   059003.000365 P        0.0000  cm-1
93417.698    0.349      49250.219         059003.000085   059003.000381 P        0.0000  cm-1
93417.698    0.349      49250.219         059003.000057   059003.000351          0.0398  cm-1
93417.698    0.349      49250.219         059003.000172   059003.000505          0.9602  cm-1
93417.698    0.349      49250.219         059003.000149   059003.000498 P        0.0000  cm-1
93409.589    0.349      65665.268         059003.000043   059003.000346 P        0.0000  cm-1
93409.589    0.349      65665.268         059003.000070   059003.000361          1.0000  cm-1
93409.589    0.349      65665.268         059003.000085   059003.000472 P        0.0000  cm-1
93404.091    0.349      5745.610          059003.000100   059003.000478          1.0000  cm-1
93392.490    0.349      2462.313          059003.000097   059003.000392          1.0000  cm-1
93392.490    0.349      2462.313          059003.000167   059003.000500 P        0.0000  cm-1
93352.109    0.349      82066.450         059003.000087   059003.000474 P        0.0000  cm-1
93352.109    0.349      82066.450         059003.000073   059003.000466 P        0.0000  cm-1
93341.584    0.349      41031.824         059003.000101   059003.000483          0.5847  cm-1
93341.584    0.349      41031.824         059003.000147   059003.000497          0.4153  cm-1
93341.584    0.349      41031.824         059003.000085   059003.000380 P        0.0000  cm-1
93333.903    0.348      246184.794        059003.000043   059003.000555 P        0.0000  cm-1
93333.903    0.348      246184.794        059003.000069   059003.000360          1.0000  cm-1
93328.225    0.348      82060.079         059003.000146   059003.000415          1.0000  cm-1
93295.318    0.348      164102.442        059003.000060   059003.000353          1.0000  cm-1
93286.381    0.348      8204.880          059003.000073   059003.000364          1.0000  cm-1
93286.381    0.348      8204.880          059003.000108   059003.000404 P        0.0000  cm-1
93282.799    0.348      82047.826         059003.000102   059003.000483 P        0.0000  cm-1
93282.799    0.348      82047.826         059003.000070   059003.000360 P        0.0000  cm-1
93282.799    0.348      82047.826         059003.000063   059003.000358          1.0000  cm-1
93282.799    0.348      82047.826         059003.000106   059003.000484 P        0.0000  cm-1
93276.982    0.696      8204.624          059003.000062   059003.000357 P        0.0000  cm-1
93276.982    0.696      8204.624          059003.000148   059003.000418          1.0000  cm-1
93276.982    0.696      8204.624          059003.000064   059003.000458 P        0.0000  cm-1
93276.982    0.696      8204.624          059003.000035   059003.000329 P        0.0000  cm-1
93274.191    0.696      41022.742         059003.000088   059003.000386          0.7752  cm-1
93274.191    0.696      41022.742         059003.000087   059003.000384          0.2248  cm-1
93262.979    0.348      6563.394          059003.000121   059003.000492          1.0000  cm-1
93253.818    0.348      16407.983         059003.000060   059003.000352          1.0000  cm-1
93246.608    0.348      4101.897          059003.000071   059003.000362          1.0000  cm-1
93243.028    0.348      16407.390         059003.000095   059003.000477 P        0.0000  cm-1
93243.028    0.348      16407.390         059003.000085   059003.000377          1.0000  cm-1
93237.584    0.348      82035.450         059003.000108   059003.000403          1.0000  cm-1
93231.400    0.348      24610.123         059003.000102   059003.000395          1.0000  cm-1
93185.701    0.347      164042.044        059003.000104   059003.000397          0.5178  cm-1
93185.701    0.347      164042.044        059003.000088   059003.000385          0.4822  cm-1
93169.901    0.347      2460.497          059003.000036   059003.000329          1.0000  cm-1
93167.113    0.347      16403.159         059003.000173   059003.000504          1.0000  cm-1
93139.282    0.347      82007.903         059003.000177   059003.000515          0.8053  cm-1
93139.282    0.347      82007.903         059003.000177   059003.000516          0.1947  cm-1
93139.282    0.347      82007.903         059003.000040   059003.000342 P        0.0000  cm-1
93118.430    0.347      164003.886        059003.000120   059003.000408          1.0000  cm-1
93095.027    0.347      4099.760          059003.000149   059003.000497 P        0.0000  cm-1
93095.027    0.347      4099.760          059003.000085   059003.000470          1.0000  cm-1
93079.287    0.347      5739.345          059003.000104   059003.000395          1.0000  cm-1
93068.797    0.346      4099.380          059003.000149   059003.000417 P        0.0000  cm-1
93068.797    0.346      4099.380          059003.000072   059003.000361          1.0000  cm-1
93065.225    0.346      81986.548         059003.000076   059003.000373          0.7445  cm-1
93065.225    0.346      81986.548         059003.000074   059003.000466          0.2555  cm-1
93065.225    0.346      81986.548         059003.000091   059003.000387 P        0.0000  cm-1
93058.770    0.346      5738.926          059003.000111   059003.000405          1.0000  cm-1
93058.770    0.346      5738.926          059003.000171   059003.000502 P        0.0000  cm-1
93058.770    0.346      5738.926          059003.000063   059003.000355 P        0.0000  cm-1
93051.904    0.346      32793.060         059003.000112   059003.000489          1.0000  cm-1
93051.904    0.346      32793.060         059003.000102   059003.000478 P        0.0000  cm-1
93046.984    0.346      4099.060          059003.000108   059003.000401          1.0000  cm-1
93035.803    0.346      81977.916         059003.000105   059003.000482 P        0.0000  cm-1
93035.803    0.346      81977.916         059003.000037   059003.000334 P        0.0000  cm-1
93035.803    0.346      81977.916         059003.000044   059003.000555 P        0.0000  cm-1
93035.803    0.346      81977.916         059003.000108   059003.000484          1.0000  cm-1
93035.803    0.346      81977.916         059003.000181   059003.000536 P        0.0000  cm-1
93010.521    0.346      819.704           059003.000093   059003.000389          1.0000  cm-1
92984.503    0.346      819.627           059003.000125   059003.000411 P        0.0000  cm-1
92977.225    0.692      8196.047          059003.000177   059003.000512          0.2040  cm-1
92977.225    0.692      8196.047          059003.000076   059003.000371          0.7960  cm-1
92977.225    0.692      8196.047          059003.000075   059003.000365 P        0.0000  cm-1
92974.394    0.692      40979.810         059003.000098   059003.000391 P        0.0000  cm-1
92972.586    0.692      8195.908          059003.000087   059003.000381          1.0000  cm-1
92962.110    0.346      1639.118          059003.000087   059003.000472          1.0000  cm-1
92940.184    0.346      81949.262         059003.000089   059003.000475 P        0.0000  cm-1
92924.984    0.345      4097.231          059003.000112   059003.000487 P        0.0000  cm-1
92924.984    0.345      4097.231          059003.000171   059003.000501          1.0000  cm-1
92908.723    0.345      24581.889         059003.000111   059003.000404          1.0000  cm-1
92868.611    0.345      8192.720          059003.000051   059003.000560 P        0.0000  cm-1
92868.611    0.345      8192.720          059003.000064   059003.000354          1.0000  cm-1
92868.611    0.345      8192.720          059003.000093   059003.000388 P        0.0000  cm-1
92858.977    0.690      32769.673         059003.000126   059003.000494 P        0.0000  cm-1
92858.977    0.690      32769.673         059003.000175   059003.000503 P        0.0000  cm-1
92858.977    0.690      32769.673         059003.000106   059003.000397          0.0358  cm-1
92858.977    0.690      32769.673         059003.000062   059003.000353          0.9642  cm-1
92858.977    0.690      32769.673         059003.000043   059003.000344 P        0.0000  cm-1
92817.594    0.345      16382.226         059003.000062   059003.000352          1.0000  cm-1
92811.626    0.345      8190.923          059003.000126   059003.000413          1.0000  cm-1
92801.306    0.344      24571.783         059003.000097   059003.000389          1.0000  cm-1
92796.818    0.344      1638.090          059003.000035   059003.000327          0.1661  cm-1
92796.818    0.344      1638.090          059003.000087   059003.000377          0.8339  cm-1
92786.592    0.344      3276.049          059003.000106   059003.000396          1.0000  cm-1
92783.124    0.344      32760.047         059003.000114   059003.000407          0.6134  cm-1
92783.124    0.344      32760.047         059003.000076   059003.000368          0.3866  cm-1
92777.201    0.344      818.982           059003.000043   059003.000343 P        0.0000  cm-1
92766.793    0.344      1637.897          059003.000150   059003.000418          1.0000  cm-1
92766.793    0.344      1637.897          059003.000078   059003.000373 P        0.0000  cm-1
92719.998    0.344      1637.592          059003.000106   059003.000482          1.0000  cm-1
92706.593    0.344      818.752           059003.000076   059003.000366 P        0.0000  cm-1
92706.593    0.344      818.752           059003.000060   059003.000350          1.0000  cm-1
92677.294    0.344      8186.547          059003.000150   059003.000497 P        0.0000  cm-1
92677.294    0.344      8186.547          059003.000078   059003.000371          1.0000  cm-1
92673.414    0.687      40932.085         059003.000088   059003.000380          1.0000  cm-1
92671.704    0.687      40931.799         059003.000111   059003.000401          1.0000  cm-1
92671.704    0.687      40931.799         059003.000060   059003.000349 P        0.0000  cm-1
92660.893    0.343      818.600           059003.000126   059003.000411          0.6309  cm-1
92660.893    0.343      818.600           059003.000096   059003.000388          0.0463  cm-1
92660.893    0.343      818.600           059003.000089   059003.000473          0.3229  cm-1
92660.893    0.343      818.600           059003.000111   059003.000484 P        0.0000  cm-1
92655.396    0.343      49114.880         059003.000088   059003.000378          1.0000  cm-1
92655.396    0.343      49114.880         059003.000112   059003.000486 P        0.0000  cm-1
92639.599    0.343      81852.811         059003.000064   059003.000352          1.0000  cm-1
92639.599    0.343      81852.811         059003.000181   059003.000535 P        0.0000  cm-1
92618.495    0.343      8184.565          059003.000080   059003.000373          1.0000  cm-1
92616.002    0.343      8184.480          059003.000079   059003.000467 P        0.0000  cm-1
92616.002    0.343      8184.480          059003.000152   059003.000497          1.0000  cm-1
92599.380    0.343      8183.912          059003.000080   059003.000468          1.0000  cm-1
92597.121    0.343      2455.150          059003.000106   059003.000480          1.0000  cm-1
92590.979    0.343      1636.725          059003.000096   059003.000387          1.0000  cm-1
92583.179    0.343      16366.711         059003.000035   059003.000326 P        0.0000  cm-1
92583.179    0.343      16366.711         059003.000104   059003.000392          1.0000  cm-1
92576.579    0.343      40915.639         059003.000088   059003.000377          1.0000  cm-1
92553.275    0.343      245469.584        059003.000151   059003.000416          1.0000  cm-1
92553.275    0.343      245469.584        059003.000150   059003.000415 P        0.0000  cm-1
92545.203    0.343      1636.408          059003.000173   059003.000500          1.0000  cm-1
92524.308    0.342      4908.783          059003.000040   059003.000338          0.1120  cm-1
92524.308    0.342      4908.783          059003.000151   059003.000415          0.8880  cm-1
92515.681    0.342      81810.014         059003.000114   059003.000406          1.0000  cm-1
92488.983    0.342      4090.027          059003.000095   059003.000386          1.0000  cm-1
92488.983    0.342      4090.027          059003.000177   059003.000508 P        0.0000  cm-1
92485.387    0.342      4089.963          059003.000080   059003.000370          1.0000  cm-1
92476.490    0.342      16359.217         059003.000044   059003.000343 P        0.0000  cm-1
92476.490    0.342      16359.217         059003.000101   059003.000391          1.0000  cm-1
92476.490    0.342      16359.217         059003.000037   059003.000330 P        0.0000  cm-1
92457.825    0.342      2453.682          059003.000095   059003.000475          1.0000  cm-1
92443.125    0.342      8178.408          059003.000076   059003.000365          1.0000  cm-1
92437.917    0.342      2453.466          059003.000093   059003.000474 P        0.0000  cm-1
92437.917    0.342      2453.466          059003.000115   059003.000488          1.0000  cm-1
92417.599    0.342      8177.479          059003.000043   059003.000550 P        0.0000  cm-1
92417.599    0.342      8177.479          059003.000102   059003.000391          1.0000  cm-1
92413.682    0.342      16354.672         059003.000115   059003.000487          0.9656  cm-1
92413.682    0.342      16354.672         059003.000066   059003.000356          0.0344  cm-1
92383.427    0.341      6540.978          059003.000112   059003.000404          1.0000  cm-1
92361.369    0.341      40877.021         059003.000079   059003.000367          1.0000  cm-1
92361.369    0.341      40877.021         059003.000082   059003.000468 P        0.0000  cm-1
92351.107    0.341      6540.017          059003.000067   059003.000357 P        0.0000  cm-1
92351.107    0.341      6540.017          059003.000108   059003.000480          0.8495  cm-1
92351.107    0.341      6540.017          059003.000152   059003.000414          0.1505  cm-1
92346.229    0.341      32699.353         059003.000088   059003.000469 P        0.0000  cm-1
92346.229    0.341      32699.353         059003.000178   059003.000425          1.0000  cm-1
92336.011    0.341      8174.455          059003.000043   059003.000549 P        0.0000  cm-1
92336.011    0.341      8174.455          059003.000080   059003.000368          1.0000  cm-1
92311.806    0.341      817.354           059003.000130   059003.000494 P        0.0000  cm-1
92306.425    0.341      16346.673         059003.000131   059003.000496          1.0000  cm-1
92302.605    0.341      8173.191          059003.000083   059003.000373          1.0000  cm-1
92289.403    0.681      4086.344          059003.000072   059003.000359 P        0.0000  cm-1
92289.403    0.681      4086.344          059003.000064   059003.000351          0.7567  cm-1
92289.403    0.681      4086.344          059003.000112   059003.000485          0.1013  cm-1
92289.403    0.681      4086.344          059003.000108   059003.000394          0.1420  cm-1
92276.709    0.341      1634.440          059003.000111   059003.000398          1.0000  cm-1
92272.434    0.341      16344.074         059003.000153   059003.000499          1.0000  cm-1
92266.682    0.681      8171.815          059003.000062   059003.000350 P        0.0000  cm-1
92266.682    0.681      8171.815          059003.000098   059003.000386 P        0.0000  cm-1
92266.682    0.681      8171.815          059003.000129   059003.000413 P        0.0000  cm-1
92266.682    0.681      8171.815          059003.000095   059003.000384          0.5416  cm-1
92266.682    0.681      8171.815          059003.000112   059003.000402          0.2729  cm-1
92266.682    0.681      8171.815          059003.000043   059003.000548 P        0.0000  cm-1
92266.682    0.681      8171.815          059003.000104   059003.000391          0.1854  cm-1
92261.486    0.340      32686.460         059003.000080   059003.000366          1.0000  cm-1
92261.486    0.340      32686.460         059003.000155   059003.000499 P        0.0000  cm-1
92256.382    0.681      16342.835         059003.000106   059003.000392          0.6862  cm-1
92256.382    0.681      16342.835         059003.000105   059003.000391          0.3138  cm-1
92244.889    0.340      817.097           059003.000118   059003.000565 P        0.0000  cm-1
92244.889    0.340      817.097           059003.000082   059003.000370          1.0000  cm-1
92237.579    0.340      16341.376         059003.000098   059003.000475 P        0.0000  cm-1
92237.579    0.340      16341.376         059003.000111   059003.000397          1.0000  cm-1
92233.580    0.340      5719.372          059003.000099   059003.000476          0.2473  cm-1
92233.580    0.340      5719.372          059003.000091   059003.000379          0.7527  cm-1
92233.580    0.340      5719.372          059003.000062   059003.000349 P        0.0000  cm-1
92228.618    0.680      6536.271          059003.000097   059003.000474          0.3504  cm-1
92228.618    0.680      6536.271          059003.000091   059003.000378          0.4965  cm-1
92228.618    0.680      6536.271          059003.000540   059003.000371          0.1531  cm-1
92215.428    0.340      408491.096        059003.000076   059003.000464 P        0.0000  cm-1
92215.428    0.340      408491.096        059003.000178   059003.000423          1.0000  cm-1
92215.428    0.340      408491.096        059003.000083   059003.000371 P        0.0000  cm-1
92176.693    0.680      8168.291          059003.000099   059003.000386          0.6863  cm-1
92176.693    0.680      8168.291          059003.000114   059003.000403          0.3137  cm-1
92167.922    0.340      12251.912         059003.000129   059003.000412          1.0000  cm-1
92167.922    0.340      12251.912         059003.000178   059003.000422 P        0.0000  cm-1
92145.832    0.340      8167.056          059003.000130   059003.000493 P        0.0000  cm-1
92141.880    0.340      1633.379          059003.000115   059003.000486          1.0000  cm-1
92133.618    0.340      816.656           059003.000039   059003.000334          0.3020  cm-1
92133.618    0.340      816.656           059003.000112   059003.000484          0.6980  cm-1
92128.978    0.340      816.638           059003.000082   059003.000369          1.0000  cm-1
92120.808    0.339      16332.091         059003.000063   059003.000350 P        0.0000  cm-1
92120.808    0.339      16332.091         059003.000073   059003.000359          1.0000  cm-1
92095.610    0.339      16330.036         059003.000082   059003.000368          1.0000  cm-1
92088.223    0.339      32658.860         059003.000099   059003.000385          1.0000  cm-1
92057.298    0.339      1632.688          059003.000093   059003.000381          1.0000  cm-1
92053.813    0.339      2448.988          059003.000064   059003.000349          1.0000  cm-1
92048.126    0.339      1632.611          059003.000098   059003.000384          1.0000  cm-1
92035.422    0.339      816.253           059003.000099   059003.000474 P        0.0000  cm-1
92035.422    0.339      816.253           059003.000044   059003.000549 P        0.0000  cm-1
92035.422    0.339      816.253           059003.000100   059003.000475          1.0000  cm-1
92030.374    0.339      8162.315          059003.000073   059003.000462          1.0000  cm-1
92021.710    0.339      32647.807         059003.000115   059003.000405          1.0000  cm-1
91996.907    0.339      4080.452          059003.000080   059003.000365          1.0000  cm-1
91990.993    0.338      816.065           059003.000051   059003.000558 P        0.0000  cm-1
91982.425    0.338      3264.115          059003.000105   059003.000389          1.0000  cm-1
91974.999    0.338      3263.989          059003.000070   059003.000356          1.0000  cm-1
91974.999    0.338      3263.989          059003.000169   059003.000420 P        0.0000  cm-1
91965.696    0.338      815.957           059003.000093   059003.000379          1.0000  cm-1
91965.696    0.338      815.957           059003.000179   059003.000529 P        0.0000  cm-1
91960.975    0.338      1631.874          059003.000093   059003.000378          1.0000  cm-1
91956.990    0.338      1631.840          059003.000095   059003.000472          1.0000  cm-1
91945.490    0.338      3263.482          059003.000083   059003.000366          1.0000  cm-1
91928.315    0.338      81579.598         059003.000153   059003.000418          1.0000  cm-1
91901.204    0.338      57097.432         059003.000158   059003.000499          1.0000  cm-1
91887.788    0.338      8156.186          059003.000052   059003.000559 P        0.0000  cm-1
91887.788    0.338      8156.186          059003.000095   059003.000380          1.0000  cm-1
91881.931    0.338      8155.928          059003.000093   059003.000377          1.0000  cm-1
91863.482    0.338      16310.220         059003.000080   059003.000364          1.0000  cm-1
91856.116    0.338      407739.105        059003.000073   059003.000459 P        0.0000  cm-1
91856.116    0.338      407739.105        059003.000129   059003.000410          1.0000  cm-1
91856.116    0.338      407739.105        059003.000048   059003.000346 P        0.0000  cm-1
91837.582    0.337      2446.186          059003.000153   059003.000497 P        0.0000  cm-1
91837.582    0.337      2446.186          059003.000097   059003.000472          1.0000  cm-1
91833.008    0.337      24461.243         059003.000085   059003.000373          1.0000  cm-1
91833.008    0.337      24461.243         059003.000129   059003.000409 P        0.0000  cm-1
91813.291    0.337      815.286           059003.000085   059003.000468          0.9681  cm-1
91813.291    0.337      815.286           059003.000153   059003.000417          0.0319  cm-1
91801.079    0.674      6521.844          059003.000069   059003.000354          0.0945  cm-1
91801.079    0.674      6521.844          059003.000155   059003.000417          0.9055  cm-1
91788.232    0.337      12227.579         059003.000158   059003.000498          1.0000  cm-1
91779.224    0.337      16302.615         059003.000048   059003.000555 P        0.0000  cm-1
91779.224    0.337      16302.615         059003.000128   059003.000492          1.0000  cm-1
91756.230    0.674      3260.100          059003.000100   059003.000473 P        0.0000  cm-1
91756.230    0.674      3260.100          059003.000082   059003.000365          0.3407  cm-1
91756.230    0.674      3260.100          059003.000178   059003.000502          0.4893  cm-1
91756.230    0.674      3260.100          059003.000096   059003.000378          0.1700  cm-1
91756.230    0.674      3260.100          059003.000179   059003.000526 P        0.0000  cm-1
91749.782    0.337      814.995           059003.000112   059003.000398 P        0.0000  cm-1
91749.782    0.337      814.995           059003.000070   059003.000354          1.0000  cm-1
91742.608    0.337      12224.429         059003.000074   059003.000462          1.0000  cm-1
91712.314    0.673      8148.206          059003.000153   059003.000415 P        0.0000  cm-1
91712.314    0.673      8148.206          059003.000112   059003.000397          1.0000  cm-1
91712.314    0.673      8148.206          059003.000156   059003.000416 P        0.0000  cm-1
91698.016    0.336      162950.682        059003.000085   059003.000370 P        0.0000  cm-1
91698.016    0.336      162950.682        059003.000051   059003.000557 P        0.0000  cm-1
91698.016    0.336      162950.682        059003.000131   059003.000413          1.0000  cm-1
91680.977    0.336      4073.364          059003.000539   059003.000461 P        0.0000  cm-1
91680.977    0.336      4073.364          059003.000156   059003.000415 P        0.0000  cm-1
91680.977    0.336      4073.364          059003.000102   059003.000475          0.2389  cm-1
91680.977    0.336      4073.364          059003.000083   059003.000365          0.7611  cm-1
91680.977    0.336      4073.364          059003.000114   059003.000399 P        0.0000  cm-1
91672.575    0.336      1629.266          059003.000097   059003.000377          1.0000  cm-1
91669.428    0.336      1629.236          059003.000098   059003.000380          1.0000  cm-1
91655.088    0.336      1629.099          059003.000099   059003.000381          1.0000  cm-1
91650.888    0.336      814.529           059003.000093   059003.000469 P        0.0000  cm-1
91634.411    0.672      1628.900          059003.000086   059003.000373 P        0.0000  cm-1
91634.411    0.672      1628.900          059003.000132   059003.000496          0.2675  cm-1
91634.411    0.672      1628.900          059003.000111   059003.000392          0.1131  cm-1
91634.411    0.672      1628.900          059003.000115   059003.000401          0.6194  cm-1
91622.910    0.672      24431.841         059003.000037   059003.000325 P        0.0000  cm-1
91622.910    0.672      24431.841         059003.000121   059003.000491 P        0.0000  cm-1
91622.910    0.672      24431.841         059003.000082   059003.000364          0.6448  cm-1
91622.910    0.672      24431.841         059003.000073   059003.000358          0.3552  cm-1
91622.910    0.672      24431.841         059003.000115   059003.000484 P        0.0000  cm-1
91622.910    0.672      24431.841         059003.000091   059003.000375 P        0.0000  cm-1
91618.983    0.336      57006.297         059003.000074   059003.000461          1.0000  cm-1
91612.414    0.336      24430.314         059003.000069   059003.000353 P        0.0000  cm-1
91612.414    0.336      24430.314         059003.000074   059003.000460          1.0000  cm-1
91602.283    0.336      814.295           059003.000159   059003.000498          1.0000  cm-1
91576.510    0.335      2442.505          059003.000131   059003.000493 P        0.0000  cm-1
91576.510    0.335      2442.505          059003.000099   059003.000380          1.0000  cm-1
91572.405    0.335      1628.296          059003.000039   059003.000330 P        0.0000  cm-1
91572.405    0.335      1628.296          059003.000069   059003.000352          1.0000  cm-1
91572.405    0.335      1628.296          059003.000096   059003.000471 P        0.0000  cm-1
91549.875    0.671      16280.734         059003.000105   059003.000386 P        0.0000  cm-1
91549.875    0.671      16280.734         059003.000085   059003.000368          0.8949  cm-1
91549.875    0.671      16280.734         059003.000101   059003.000384          0.1051  cm-1
91547.827    0.670      16280.530         059003.000086   059003.000371          0.0785  cm-1
91547.827    0.670      16280.530         059003.000131   059003.000411          0.9215  cm-1
91547.827    0.670      16280.530         059003.000039   059003.000329 P        0.0000  cm-1
91534.784    0.335      4883.769          059003.000121   059003.000489          1.0000  cm-1
91530.771    0.670      1627.883          059003.000180   059003.000526 P        0.0000  cm-1
91530.771    0.670      1627.883          059003.000157   059003.000414 P        0.0000  cm-1
91530.771    0.670      1627.883          059003.000079   059003.000361          0.5949  cm-1
91530.771    0.670      1627.883          059003.000082   059003.000464          0.1927  cm-1
91530.771    0.670      1627.883          059003.000104   059003.000475          0.2124  cm-1
91530.771    0.670      1627.883          059003.000036   059003.000322 P        0.0000  cm-1
91498.825    0.335      16275.619         059003.000120   059003.000407          1.0000  cm-1
91475.815    0.335      48819.851         059003.000085   059003.000366          1.0000  cm-1
91470.121    0.335      65090.811         059003.000073   059003.000357          1.0000  cm-1
91447.711    0.335      65081.623         059003.000130   059003.000492          1.0000  cm-1
91447.711    0.335      65081.623         059003.000096   059003.000469 P        0.0000  cm-1
91441.017    0.334      813.486           059003.000158   059003.000417          1.0000  cm-1
91418.524    0.334      8133.694          059003.000108   059003.000389          0.1570  cm-1
91418.524    0.334      8133.694          059003.000113   059003.000481          0.8430  cm-1
91402.819    0.334      2439.862          059003.000079   059003.000360 P        0.0000  cm-1
91402.819    0.334      2439.862          059003.000102   059003.000473          0.3821  cm-1
91402.819    0.334      2439.862          059003.000084   059003.000364          0.6179  cm-1
91386.386    0.334      65056.110         059003.000087   059003.000373          1.0000  cm-1
91367.094    0.334      24392.989         059003.000087   059003.000468          1.0000  cm-1
91354.491    0.334      813.033           059003.000093   059003.000375          1.0000  cm-1
91343.622    0.334      12194.624         059003.000067   059003.000350          1.0000  cm-1
91338.209    0.334      812.946           059003.000104   059003.000384          1.0000  cm-1
91334.386    0.334      24387.767         059003.000074   059003.000358          1.0000  cm-1
91330.204    0.334      65032.254         059003.000099   059003.000470 P        0.0000  cm-1
91330.204    0.334      65032.254         059003.000119   059003.000405          1.0000  cm-1
91330.204    0.334      65032.254         059003.000105   059003.000384 P        0.0000  cm-1
91290.602    0.333      12190.342         059003.000106   059003.000476          0.8729  cm-1
91290.602    0.333      12190.342         059003.000114   059003.000480          0.1271  cm-1
91281.421    0.333      24379.186         059003.000159   059003.000497          0.7613  cm-1
91281.421    0.333      24379.186         059003.000123   059003.000488          0.2387  cm-1
91275.283    0.666      48756.361         059003.000108   059003.000388          0.2140  cm-1
91275.283    0.666      48756.361         059003.000123   059003.000407          0.7860  cm-1
91260.377    0.333      81252.439         059003.000131   059003.000409          1.0000  cm-1
91252.880    0.333      24374.495         059003.000087   059003.000370          1.0000  cm-1
91234.210    0.666      40619.004         059003.000129   059003.000408          0.2596  cm-1
91234.210    0.666      40619.004         059003.000106   059003.000386          0.7404  cm-1
91230.802    0.333      81236.119         059003.000120   059003.000406          1.0000  cm-1
91210.320    0.666      8122.472          059003.000085   059003.000365          0.5355  cm-1
91210.320    0.666      8122.472          059003.000104   059003.000382          0.4645  cm-1
91180.077    0.665      16241.548         059003.000072   059003.000352          0.3514  cm-1
91180.077    0.665      16241.548         059003.000119   059003.000404          0.6486  cm-1
91145.404    0.332      40594.025         059003.000088   059003.000468 P        0.0000  cm-1
91145.404    0.332      40594.025         059003.000134   059003.000496 P        0.0000  cm-1
91145.404    0.332      40594.025         059003.000115   059003.000483          0.2335  cm-1
91145.404    0.332      40594.025         059003.000106   059003.000385          0.7665  cm-1
91145.404    0.332      40594.025         059003.000085   059003.000466 P        0.0000  cm-1
91108.292    0.332      81166.719         059003.000112   059003.000392 P        0.0000  cm-1
91108.292    0.332      81166.719         059003.000074   059003.000355          0.8724  cm-1
91108.292    0.332      81166.719         059003.000082   059003.000360          0.1276  cm-1
91108.292    0.332      81166.719         059003.000088   059003.000467 P        0.0000  cm-1
91077.411    0.332      811.488           059003.000085   059003.000364          1.0000  cm-1
91061.088    0.332      1622.784          059003.000115   059003.000482          1.0000  cm-1
91054.518    0.332      16227.065         059003.000076   059003.000462          1.0000  cm-1
91050.121    0.332      32453.094         059003.000073   059003.000353          1.0000  cm-1
91032.718    0.331      3244.897          059003.000088   059003.000370          1.0000  cm-1
91027.187    0.663      32447.660         059003.000087   059003.000366 P        0.0000  cm-1
91027.187    0.663      32447.660         059003.000105   059003.000381 P        0.0000  cm-1
91027.187    0.663      32447.660         059003.000104   059003.000472 P        0.0000  cm-1
91027.187    0.663      32447.660         059003.000132   059003.000413          0.8888  cm-1
91027.187    0.663      32447.660         059003.000075   059003.000357          0.1112  cm-1
91027.187    0.663      32447.660         059003.000048   059003.000553 P        0.0000  cm-1
91013.774    0.331      811.112           059003.000084   059003.000361          1.0000  cm-1
90993.390    0.331      2432.968          059003.000160   059003.000499          1.0000  cm-1
90988.091    0.331      32438.298         059003.000108   059003.000386          1.0000  cm-1
90988.091    0.331      32438.298         059003.000069   059003.000349 P        0.0000  cm-1
90959.609    0.331      5675.495          059003.000051   059003.000343 P        0.0000  cm-1
90959.609    0.331      5675.495          059003.000104   059003.000380          1.0000  cm-1
90950.011    0.331      16214.530         059003.000105   059003.000380          1.0000  cm-1
90942.495    0.331      3242.722          059003.000119   059003.000401          1.0000  cm-1
90942.495    0.331      3242.722          059003.000048   059003.000551 P        0.0000  cm-1
90925.385    0.331      162115.108        059003.000132   059003.000412          1.0000  cm-1
90925.385    0.331      162115.108        059003.000076   059003.000460 P        0.0000  cm-1
90917.831    0.331      3242.116          059003.000088   059003.000369 P        0.0000  cm-1
90876.972    0.330      3241.100          059003.000132   059003.000411          1.0000  cm-1
90866.570    0.330      1620.420          059003.000121   059003.000404          1.0000  cm-1
90863.994    0.661      810.194           059003.000123   059003.000405          0.0949  cm-1
90863.994    0.661      810.194           059003.000089   059003.000373          0.9051  cm-1
90863.994    0.661      810.194           059003.000048   059003.000550 P        0.0000  cm-1
90853.503    0.330      32405.107         059003.000105   059003.000377          1.0000  cm-1
90781.819    0.330      809.670           059003.000048   059003.000549 P        0.0000  cm-1
90772.104    0.330      809.607           059003.000121   059003.000485          1.0000  cm-1
90764.109    0.330      80955.543         059003.000087   059003.000365          1.0000  cm-1
90764.109    0.330      80955.543         059003.000051   059003.000553 P        0.0000  cm-1
90749.115    0.329      16189.155         059003.000121   059003.000402          1.0000  cm-1
90711.820    0.329      161842.538        059003.000106   059003.000381          1.0000  cm-1
90711.820    0.329      161842.538        059003.000048   059003.000548 P        0.0000  cm-1
90698.324    0.329      16182.465         059003.000080   059003.000359          0.6309  cm-1
90698.324    0.329      16182.465         059003.000087   059003.000466 P        0.0000  cm-1
90698.324    0.329      16182.465         059003.000133   059003.000412          0.3691  cm-1
90666.917    0.329      808.914           059003.000123   059003.000403          1.0000  cm-1
90658.973    0.329      323544.077        059003.000091   059003.000372          1.0000  cm-1
90649.502    0.329      12131.945         059003.000036   059003.000317 P        0.0000  cm-1
90649.502    0.329      12131.945         059003.000160   059003.000418          1.0000  cm-1
90649.502    0.329      12131.945         059003.000133   059003.000411 P        0.0000  cm-1
90646.617    0.329      6470.215          059003.000076   059003.000358          1.0000  cm-1
90632.726    0.329      4043.414          059003.000106   059003.000380          1.0000  cm-1
90616.400    0.657      16171.434         059003.000121   059003.000484          0.3500  cm-1
90616.400    0.657      16171.434         059003.000106   059003.000378          0.6500  cm-1
90612.118    0.328      8085.425          059003.000111   059003.000386          1.0000  cm-1
90607.609    0.328      32340.465         059003.000080   059003.000462          0.3435  cm-1
90607.609    0.328      32340.465         059003.000075   059003.000353          0.6565  cm-1
90597.779    0.328      16168.885         059003.000115   059003.000392          1.0000  cm-1
90565.511    0.328      1616.443          059003.000075   059003.000352          1.0000  cm-1
90547.803    0.328      3232.393          059003.000119   059003.000398          1.0000  cm-1
90536.674    0.328      32320.817         059003.000134   059003.000413 P        0.0000  cm-1
90536.674    0.328      32320.817         059003.000087   059003.000464 P        0.0000  cm-1
90536.674    0.328      32320.817         059003.000106   059003.000377          1.0000  cm-1
90536.674    0.328      32320.817         059003.000055   059003.000346 P        0.0000  cm-1
90520.596    0.328      8079.075          059003.000181   059003.000525          1.0000  cm-1
90520.596    0.328      8079.075          059003.000182   059003.000525 P        0.0000  cm-1
90520.596    0.328      8079.075          059003.000051   059003.000549 P        0.0000  cm-1
90510.598    0.328      1615673.968       059003.000113   059003.000390          1.0000  cm-1
90466.121    0.327      64601.635         059003.000108   059003.000381          1.0000  cm-1
90466.121    0.327      64601.635         059003.000123   059003.000484 P        0.0000  cm-1
90466.121    0.327      64601.635         059003.000161   059003.000499 P        0.0000  cm-1
90457.477    0.327      1614.917          059003.000055   059003.000555 P        0.0000  cm-1
90457.477    0.327      1614.917          059003.000082   059003.000359          1.0000  cm-1
90457.477    0.327      1614.917          059003.000108   059003.000472 P        0.0000  cm-1
90419.012    0.327      161436.020        059003.000076   059003.000355 P        0.0000  cm-1
90419.012    0.327      161436.020        059003.000134   059003.000493 P        0.0000  cm-1
90411.005    0.327      3228.487          059003.000093   059003.000467 P        0.0000  cm-1
90411.005    0.327      3228.487          059003.000088   059003.000364          1.0000  cm-1
90395.310    0.327      2421.021          059003.000120   059003.000399          1.0000  cm-1
90390.498    0.327      24209.147         059003.000111   059003.000384          1.0000  cm-1
90388.027    0.654      8069.534          059003.000106   059003.000470          0.1285  cm-1
90388.027    0.654      8069.534          059003.000134   059003.000411 P        0.0000  cm-1
90388.027    0.654      8069.534          059003.000108   059003.000380          0.8715  cm-1
90381.368    0.327      16138.088         059003.000095   059003.000373          1.0000  cm-1
90369.591    0.327      64545.394         059003.000108   059003.000378 P        0.0000  cm-1
90369.591    0.327      64545.394         059003.000119   059003.000482          1.0000  cm-1
90354.220    0.327      2420.110          059003.000081   059003.000460          1.0000  cm-1
90338.488    0.326      1613.172          059003.000093   059003.000370          1.0000  cm-1
90326.402    0.326      16129.914         059003.000135   059003.000494          1.0000  cm-1
90290.511    0.326      80622.492         059003.000083   059003.000462 P        0.0000  cm-1
90290.511    0.326      80622.492         059003.000108   059003.000377          1.0000  cm-1
90262.401    0.652      16120.213         059003.000097   059003.000373          1.0000  cm-1
90259.975    0.652      64479.365         059003.000111   059003.000382 P        0.0000  cm-1
90259.975    0.652      64479.365         059003.000113   059003.000387          1.0000  cm-1
90252.882    0.326      32237.506         059003.000179   059003.000520          1.0000  cm-1
90243.325    0.326      4835.185          059003.000097   059003.000468          1.0000  cm-1
90199.973    0.325      2416.583          059003.000080   059003.000358          1.0000  cm-1
90194.996    0.325      16109.778         059003.000121   059003.000397          0.5978  cm-1
90194.996    0.325      16109.778         059003.000120   059003.000396          0.4022  cm-1
90194.996    0.325      16109.778         059003.000082   059003.000459 P        0.0000  cm-1
90186.204    0.325      402710.014        059003.000165   059003.000499 P        0.0000  cm-1
90186.204    0.325      402710.014        059003.000096   059003.000372          1.0000  cm-1
90181.179    0.325      8053.806          059003.000035   059003.000541 P        0.0000  cm-1
90181.179    0.325      8053.806          059003.000540   059003.000461 P        0.0000  cm-1
90158.626    0.325      161040.539        059003.000126   059003.000407          0.8339  cm-1
90158.626    0.325      161040.539        059003.000093   059003.000367 P        0.0000  cm-1
90158.626    0.325      161040.539        059003.000135   059003.000493          0.1661  cm-1
90128.813    0.325      12074.484         059003.000097   059003.000370          0.7885  cm-1
90128.813    0.325      12074.484         059003.000135   059003.000411          0.2115  cm-1
90128.813    0.325      12074.484         059003.000120   059003.000482 P        0.0000  cm-1
90106.227    0.325      4023.922          059003.000163   059003.000498          1.0000  cm-1
90083.421    0.325      804.600           059003.000128   059003.000490          1.0000  cm-1
90076.120    0.325      24136.231         059003.000036   059003.000541 P        0.0000  cm-1
90076.120    0.325      24136.231         059003.000081   059003.000358          1.0000  cm-1
90047.903    0.324      160862.154        059003.000080   059003.000357          1.0000  cm-1
90036.887    0.324      804.220           059003.000091   059003.000465          1.0000  cm-1
90017.279    0.324      804.059           059003.000075   059003.000350          0.1391  cm-1
90017.279    0.324      804.059           059003.000120   059003.000481          0.2127  cm-1
90017.279    0.324      804.059           059003.000096   059003.000369          0.6482  cm-1
90006.179    0.324      803.966           059003.000115   059003.000389          1.0000  cm-1
90006.179    0.324      803.966           059003.000161   059003.000417 P        0.0000  cm-1
90006.179    0.324      803.966           059003.000120   059003.000480 P        0.0000  cm-1
89999.514    0.324      803.911           059003.000127   059003.000488          1.0000  cm-1
89994.904    0.324      40193.634         059003.000058   059003.000557 P        0.0000  cm-1
89994.904    0.324      40193.634         059003.000127   059003.000407          1.0000  cm-1
89994.904    0.324      40193.634         059003.000132   059003.000408 P        0.0000  cm-1
89978.795    0.324      2411.214          059003.000075   059003.000349 P        0.0000  cm-1
89978.795    0.324      2411.214          059003.000097   059003.000368          1.0000  cm-1
89970.521    0.324      8036.687          059003.000123   059003.000396          1.0000  cm-1
89965.372    0.324      16072.508         059003.000180   059003.000519          1.0000  cm-1
89952.806    0.324      80351.949         059003.000096   059003.000367          1.0000  cm-1
89935.990    0.324      8033.771          059003.000099   059003.000370          1.0000  cm-1
89924.009    0.323      4016.376          059003.000081   059003.000357          1.0000  cm-1
89914.975    0.323      8031.981          059003.000111   059003.000377          1.0000  cm-1
89906.394    0.323      24093.740         059003.000119   059003.000392          1.0000  cm-1
89906.394    0.323      24093.740         059003.000097   059003.000366 P        0.0000  cm-1
89906.394    0.323      24093.740         059003.000161   059003.000415 P        0.0000  cm-1
89895.713    0.323      803.033           059003.000088   059003.000360          1.0000  cm-1
89895.713    0.323      803.033           059003.000048   059003.000545 P        0.0000  cm-1
89883.689    0.323      4014.647          059003.000083   059003.000358          1.0000  cm-1
89881.009    0.323      8029.063          059003.000169   059003.000419 P        0.0000  cm-1
89881.009    0.323      8029.063          059003.000098   059003.000368 P        0.0000  cm-1
89850.091    0.323      8026.380          059003.000081   059003.000355          1.0000  cm-1
89807.801    0.323      8022.669          059003.000130   059003.000491 P        0.0000  cm-1
89807.801    0.323      8022.669          059003.000082   059003.000357          1.0000  cm-1
89786.509    0.322      8020.782          059003.000114   059003.000474 P        0.0000  cm-1
89786.509    0.322      8020.782          059003.000099   059003.000368          1.0000  cm-1
89786.509    0.322      8020.782          059003.000044   059003.000543 P        0.0000  cm-1
89786.509    0.322      8020.782          059003.000163   059003.000497 P        0.0000  cm-1
89748.223    0.322      16034.715         059003.000126   059003.000405          1.0000  cm-1
89731.492    0.322      801.585           059003.000083   059003.000357          1.0000  cm-1
89719.808    0.322      24044.370         059003.000091   059003.000362 P        0.0000  cm-1
89719.808    0.322      24044.370         059003.000130   059003.000489          1.0000  cm-1
89719.808    0.322      24044.370         059003.000123   059003.000394 P        0.0000  cm-1
89693.186    0.322      48074.185         059003.000113   059003.000383          1.0000  cm-1
89693.186    0.322      48074.185         059003.000095   059003.000466 P        0.0000  cm-1
89657.708    0.322      800.910           059003.000083   059003.000355          1.0000  cm-1
89651.603    0.321      8008.535          059003.000128   059003.000486 P        0.0000  cm-1
89651.603    0.321      8008.535          059003.000184   059003.000526          1.0000  cm-1
89651.603    0.321      8008.535          059003.000056   059003.000344 P        0.0000  cm-1
89640.196    0.321      24022.430         059003.000097   059003.000365          1.0000  cm-1
89627.812    0.321      12009.484         059003.000080   059003.000353          1.0000  cm-1
89627.812    0.321      12009.484         059003.000165   059003.000415 P        0.0000  cm-1
89594.585    0.321      40016.031         059003.000091   059003.000361          1.0000  cm-1
89594.585    0.321      40016.031         059003.000130   059003.000487 P        0.0000  cm-1
89584.526    0.321      2400.677          059003.000127   059003.000405          1.0000  cm-1
89575.084    0.642      24004.087         059003.000101   059003.000371          0.0235  cm-1
89575.084    0.642      24004.087         059003.000115   059003.000386          0.9765  cm-1
89575.084    0.642      24004.087         059003.000097   059003.000466 P        0.0000  cm-1
89564.314    0.321      2400.102          059003.000096   059003.000465          1.0000  cm-1
89551.094    0.321      23997.237         059003.000126   059003.000403          1.0000  cm-1
89507.091    0.320      2398.454          059003.000097   059003.000364          1.0000  cm-1
89485.475    0.641      4795.650          059003.000112   059003.000380          0.0411  cm-1
89485.475    0.641      4795.650          059003.000076   059003.000350          0.9589  cm-1
89485.475    0.641      4795.650          059003.000179   059003.000515 P        0.0000  cm-1
89485.475    0.641      4795.650          059003.000179   059003.000516 P        0.0000  cm-1
89461.201    0.320      7990.376          059003.000037   059003.000314 P        0.0000  cm-1
89461.201    0.320      7990.376          059003.000135   059003.000492          1.0000  cm-1
89461.201    0.320      7990.376          059003.000055   059003.000549 P        0.0000  cm-1
89453.112    0.320      3994.791          059003.000104   059003.000373          1.0000  cm-1
89447.287    0.320      15978.016         059003.000043   059003.000330 P        0.0000  cm-1
89447.287    0.320      15978.016         059003.000099   059003.000365          1.0000  cm-1
89443.287    0.320      6390.891          059003.000105   059003.000373          1.0000  cm-1
89413.829    0.320      11978.542         059003.000085   059003.000358          1.0000  cm-1
89413.829    0.320      11978.542         059003.000097   059003.000464 P        0.0000  cm-1
89404.809    0.320      23954.388         059003.000114   059003.000381          1.0000  cm-1
89404.809    0.320      23954.388         059003.000039   059003.000320 P        0.0000  cm-1
89387.620    0.320      3193.231          059003.000082   059003.000353          1.0000  cm-1
89387.620    0.320      3193.231          059003.000127   059003.000403 P        0.0000  cm-1
89361.195    0.639      79804.158         059003.000104   059003.000371 P        0.0000  cm-1
89361.195    0.639      79804.158         059003.000052   059003.000340 P        0.0000  cm-1
89361.195    0.639      79804.158         059003.000126   059003.000401 P        0.0000  cm-1
89361.195    0.639      79804.158         059003.000168   059003.000497 P        0.0000  cm-1
89353.292    0.319      31918.464         059003.000084   059003.000354          0.1088  cm-1
89353.292    0.319      31918.464         059003.000115   059003.000384          0.8912  cm-1
89346.277    0.319      31915.618         059003.000129   059003.000406 P        0.0000  cm-1
89346.277    0.319      31915.618         059003.000082   059003.000352          1.0000  cm-1
89327.991    0.319      7977.043          059003.000167   059003.000415 P        0.0000  cm-1
89327.991    0.319      7977.043          059003.000093   059003.000361          1.0000  cm-1
89321.202    0.319      797.635           059003.000179   059003.000512 P        0.0000  cm-1
89321.202    0.319      797.635           059003.000130   059003.000486          1.0000  cm-1
89314.725    0.638      23927.059         059003.000119   059003.000389          0.4643  cm-1
89314.725    0.638      23927.059         059003.000099   059003.000364          0.5357  cm-1
89314.725    0.638      23927.059         059003.000114   059003.000379 P        0.0000  cm-1
89314.725    0.638      23927.059         059003.000098   059003.000464 P        0.0000  cm-1
89309.798    0.319      1595.036          059003.000105   059003.000370          1.0000  cm-1
89309.798    0.319      1595.036          059003.000114   059003.000378 P        0.0000  cm-1
89265.219    0.319      797.058           059003.000128   059003.000402          1.0000  cm-1
89261.803    0.319      3188.088          059003.000085   059003.000357          1.0000  cm-1
89248.812    0.319      796.887           059003.000096   059003.000362          1.0000  cm-1
89248.812    0.319      796.887           059003.000125   059003.000397 P        0.0000  cm-1
89248.812    0.319      796.887           059003.000102   059003.000366 P        0.0000  cm-1
89239.724    0.319      1593.583          059003.000113   059003.000471          1.0000  cm-1
89229.393    0.318      2390.049          059003.000114   059003.000377          1.0000  cm-1
89196.910    0.318      3981.701          059003.000127   059003.000401 P        0.0000  cm-1
89170.107    0.318      2388.164          059003.000104   059003.000368          1.0000  cm-1
89126.177    0.318      31823.288         059003.000181   059003.000520          1.0000  cm-1
89126.177    0.318      31823.288         059003.000084   059003.000352 P        0.0000  cm-1
89095.905    0.318      5566.771          059003.000104   059003.000366          1.0000  cm-1
89062.811    0.317      2384.670          059003.000181   059003.000519          1.0000  cm-1
89062.811    0.317      2384.670          059003.000182   059003.000519 P        0.0000  cm-1
89043.927    0.317      794.681           059003.000131   059003.000407          0.8390  cm-1
89043.927    0.317      794.681           059003.000173   059003.000499          0.1610  cm-1
89043.927    0.317      794.681           059003.000115   059003.000472 P        0.0000  cm-1
89039.017    0.317      1589.253          059003.000080   059003.000350          1.0000  cm-1
88995.913    0.317      2382.435          059003.000096   059003.000360          1.0000  cm-1
88991.094    0.317      794.091           059003.000106   059003.000370 P        0.0000  cm-1
88991.094    0.317      794.091           059003.000086   059003.000355          1.0000  cm-1
88991.094    0.317      794.091           059003.000087   059003.000458 P        0.0000  cm-1
88974.303    0.317      11908.522         059003.000101   059003.000466 P        0.0000  cm-1
88974.303    0.317      11908.522         059003.000115   059003.000380          1.0000  cm-1
88966.877    0.317      793.817           059003.000107   059003.000563 P        0.0000  cm-1
88966.877    0.317      793.817           059003.000087   059003.000358          1.0000  cm-1
88915.118    0.316      23796.796         059003.000102   059003.000466 P        0.0000  cm-1
88915.118    0.316      23796.796         059003.000179   059003.000510 P        0.0000  cm-1
88915.118    0.316      23796.796         059003.000081   059003.000350          1.0000  cm-1
88860.830    0.316      792.597           059003.000108   059003.000468          1.0000  cm-1
88853.987    0.316      3962.587          059003.000126   059003.000396          1.0000  cm-1
88853.987    0.316      3962.587          059003.000089   059003.000462 P        0.0000  cm-1
88841.814    0.316      15847.495         059003.000106   059003.000368 P        0.0000  cm-1
88841.814    0.316      15847.495         059003.000085   059003.000353          1.0000  cm-1
88831.626    0.316      15845.099         059003.000179   059003.000508          1.0000  cm-1
88831.626    0.316      15845.099         059003.000104   059003.000365 P        0.0000  cm-1
88818.218    0.316      3960.484          059003.000113   059003.000375          1.0000  cm-1
88815.084    0.316      3168.239          059003.000052   059003.000337 P        0.0000  cm-1
88815.084    0.316      3168.239          059003.000087   059003.000357          0.8696  cm-1
88815.084    0.316      3168.239          059003.000175   059003.000499          0.1304  cm-1
88799.832    0.631      237563.682        059003.000055   059003.000341 P        0.0000  cm-1
88799.832    0.631      237563.682        059003.000130   059003.000484 P        0.0000  cm-1
88799.832    0.631      237563.682        059003.000129   059003.000400          0.5063  cm-1
88799.832    0.631      237563.682        059003.000099   059003.000360          0.4937  cm-1
88799.832    0.631      237563.682        059003.000082   059003.000350 P        0.0000  cm-1
88787.706    0.315      2375.204          059003.000126   059003.000482          1.0000  cm-1
88760.823    0.315      1582.826          059003.000127   059003.000397 P        0.0000  cm-1
88760.823    0.315      1582.826          059003.000082   059003.000349          1.0000  cm-1
88746.722    0.315      3956.217          059003.000108   059003.000370          0.6393  cm-1
88746.722    0.315      3956.217          059003.000113   059003.000374          0.3607  cm-1
88728.789    0.315      1582.053          059003.000115   059003.000470 P        0.0000  cm-1
88728.789    0.315      1582.053          059003.000170   059003.000414 P        0.0000  cm-1
88728.789    0.315      1582.053          059003.000089   059003.000461          1.0000  cm-1
88722.713    0.315      3163.812          059003.000083   059003.000350          0.7976  cm-1
88722.713    0.315      3163.812          059003.000089   059003.000460          0.2024  cm-1
88702.275    0.315      31628.164         059003.000114   059003.000375          1.0000  cm-1
88702.275    0.315      31628.164         059003.000175   059003.000498 P        0.0000  cm-1
88595.080    0.314      789.376           059003.000088   059003.000357          0.4346  cm-1
88595.080    0.314      789.376           059003.000176   059003.000498          0.5654  cm-1
88595.080    0.314      789.376           059003.000105   059003.000464 P        0.0000  cm-1
88569.714    0.314      789.056           059003.000121   059003.000386          1.0000  cm-1
88512.410    0.313      7883.248          059003.000129   059003.000399          0.7285  cm-1
88512.410    0.313      7883.248          059003.000173   059003.000416          0.2715  cm-1
88504.502    0.313      2364.669          059003.000111   059003.000373          1.0000  cm-1
88504.502    0.313      2364.669          059003.000106   059003.000365 P        0.0000  cm-1
88483.597    0.313      2363.859          059003.000111   059003.000468 P        0.0000  cm-1
88483.597    0.313      2363.859          059003.000131   059003.000404          1.0000  cm-1
88483.597    0.313      2363.859          059003.000173   059003.000415 P        0.0000  cm-1
88444.392    0.313      787.442           059003.000089   059003.000358          1.0000  cm-1
88436.627    0.313      1574.680          059003.000127   059003.000394 P        0.0000  cm-1
88436.627    0.313      1574.680          059003.000131   059003.000403          1.0000  cm-1
88418.280    0.313      11806.482         059003.000130   059003.000398 P        0.0000  cm-1
88418.280    0.313      11806.482         059003.000123   059003.000386          1.0000  cm-1
88395.207    0.313      6294.348          059003.000087   059003.000353          1.0000  cm-1
88373.718    0.312      7865.074          059003.000132   059003.000407          1.0000  cm-1
88361.173    0.312      1572.679          059003.000119   059003.000381          1.0000  cm-1
88341.318    0.312      786.073           059003.000097   059003.000359          1.0000  cm-1
88272.876    0.312      31405.712         059003.000176   059003.000497 P        0.0000  cm-1
88272.876    0.312      31405.712         059003.000130   059003.000395          1.0000  cm-1
88240.081    0.311      15693.821         059003.000189   059003.000537 P        0.0000  cm-1
88240.081    0.311      15693.821         059003.000095   059003.000460          1.0000  cm-1
88223.627    0.311      23533.888         059003.000058   059003.000342 P        0.0000  cm-1
88160.234    0.311      39178.736         059003.000091   059003.000356          1.0000  cm-1
88160.234    0.311      39178.736         059003.000127   059003.000392 P        0.0000  cm-1
88147.506    0.311      3133.578          059003.000099   059003.000359 P        0.0000  cm-1
88147.506    0.311      3133.578          059003.000184   059003.000520 P        0.0000  cm-1
88147.506    0.311      3133.578          059003.000111   059003.000366          1.0000  cm-1
88125.075    0.311      6264.605          059003.000108   059003.000364          1.0000  cm-1
88105.410    0.311      234838.364        059003.000132   059003.000406          1.0000  cm-1
88084.917    0.310      7825.000          059003.000184   059003.000519          1.0000  cm-1
88054.993    0.310      782.067           059003.000180   059003.000503          1.0000  cm-1
88054.993    0.310      782.067           059003.000125   059003.000389 P        0.0000  cm-1
88040.973    0.310      781.863           059003.000058   059003.000340          1.0000  cm-1
88033.816    0.310      15635.176         059003.000185   059003.000526          1.0000  cm-1
87990.688    0.310      3124.502          059003.000061   059003.000342          1.0000  cm-1
87985.496    0.310      781.049           059003.000129   059003.000393          1.0000  cm-1
87979.520    0.310      6247.683          059003.000112   059003.000373          1.0000  cm-1
87962.198    0.309      2342.110          059003.000132   059003.000405 P        0.0000  cm-1
87962.198    0.309      2342.110          059003.000095   059003.000358          1.0000  cm-1
87935.507    0.309      15606.098         059003.000040   059003.000315 P        0.0000  cm-1
87935.507    0.309      15606.098         059003.000091   059003.000354          1.0000  cm-1
87895.570    0.309      77970.371         059003.000123   059003.000381          1.0000  cm-1
87888.208    0.309      38979.611         059003.000177   059003.000499 P        0.0000  cm-1
87882.279    0.309      23385.068         059003.000111   059003.000365          1.0000  cm-1
87855.618    0.309      1558.192          059003.000106   059003.000360          1.0000  cm-1
87855.618    0.309      1558.192          059003.000113   059003.000372 P        0.0000  cm-1
87818.511    0.308      62282.099         059003.000100   059003.000460 P        0.0000  cm-1
87810.022    0.308      1556.790          059003.000095   059003.000357          1.0000  cm-1
87799.569    0.308      2334.700          059003.000114   059003.000468          0.4884  cm-1
87799.569    0.308      2334.700          059003.000123   059003.000378          0.5116  cm-1
87799.569    0.308      2334.700          059003.000188   059003.000535 P        0.0000  cm-1
87789.385    0.308      2334.225          059003.000128   059003.000391 P        0.0000  cm-1
87789.385    0.308      2334.225          059003.000181   059003.000510          1.0000  cm-1
87789.385    0.308      2334.225          059003.000182   059003.000510 P        0.0000  cm-1
87777.420    0.308      777.889           059003.000043   059003.000322          0.2153  cm-1
87777.420    0.308      777.889           059003.000130   059003.000392          0.7847  cm-1
87777.420    0.308      777.889           059003.000177   059003.000498 P        0.0000  cm-1
87743.308    0.308      7773.547          059003.000098   059003.000358          1.0000  cm-1
87733.084    0.308      7771.937          059003.000126   059003.000389          0.3436  cm-1
87733.084    0.308      7771.937          059003.000135   059003.000489          0.6564  cm-1
87705.907    0.308      23302.914         059003.000091   059003.000352          0.0801  cm-1
87705.907    0.308      23302.914         059003.000181   059003.000508          0.9199  cm-1
87687.519    0.308      155294.248        059003.000096   059003.000356          1.0000  cm-1
87630.376    0.307      1551.107          059003.000135   059003.000488          0.2329  cm-1
87630.376    0.307      1551.107          059003.000051   059003.000330          0.7671  cm-1
87630.376    0.307      1551.107          059003.000141   059003.000409 P        0.0000  cm-1
87622.299    0.307      2326.268          059003.000125   059003.000386 P        0.0000  cm-1
87622.299    0.307      2326.268          059003.000112   059003.000366          1.0000  cm-1
87622.299    0.307      2326.268          059003.000113   059003.000367 P        0.0000  cm-1
87610.229    0.307      775.227           059003.000058   059003.000338          1.0000  cm-1
87610.229    0.307      775.227           059003.000108   059003.000360 P        0.0000  cm-1
87606.710    0.307      3100.678          059003.000135   059003.000487          1.0000  cm-1
87588.909    0.307      30995.167         059003.000126   059003.000388          1.0000  cm-1
87581.397    0.307      15495.126         059003.000186   059003.000525          1.0000  cm-1
87575.798    0.307      1549.329          059003.000132   059003.000401          1.0000  cm-1
87564.771    0.307      15489.670         059003.000181   059003.000507          1.0000  cm-1
87512.799    0.306      15472.471         059003.000180   059003.000500          1.0000  cm-1
87505.296    0.306      7734.985          059003.000114   059003.000367          1.0000  cm-1
87496.712    0.306      15467.102         059003.000099   059003.000357 P        0.0000  cm-1
87487.521    0.306      1546.403          059003.000131   059003.000394          1.0000  cm-1
87470.394    0.306      772.914           059003.000102   059003.000461          1.0000  cm-1
87462.896    0.306      38639.370         059003.000102   059003.000460 P        0.0000  cm-1
87462.896    0.306      38639.370         059003.000096   059003.000354          1.0000  cm-1
87425.113    0.306      1544.295          059003.000127   059003.000388 P        0.0000  cm-1
87417.401    0.306      3088.065          059003.000120   059003.000375          1.0000  cm-1
87357.168    0.305      7709.819          059003.000126   059003.000476          0.1237  cm-1
87357.168    0.305      7709.819          059003.000112   059003.000365          0.8763  cm-1
87357.168    0.305      7709.819          059003.000091   059003.000351 P        0.0000  cm-1
87301.485    0.305      7700.123          059003.000126   059003.000386          1.0000  cm-1
87270.007    0.305      3077.834          059003.000125   059003.000382 P        0.0000  cm-1
87270.007    0.305      3077.834          059003.000097   059003.000353          0.1501  cm-1
87270.007    0.305      3077.834          059003.000132   059003.000399          0.8499  cm-1
87255.479    0.305      769.201           059003.000052   059003.000331          1.0000  cm-1
87233.698    0.304      3075.257          059003.000096   059003.000352          1.0000  cm-1
87214.383    0.304      768.469           059003.000137   059003.000490 P        0.0000  cm-1
87214.383    0.304      768.469           059003.000135   059003.000405          1.0000  cm-1
87209.891    0.304      768.389           059003.000131   059003.000392          1.0000  cm-1
87205.484    0.304      768.310           059003.000106   059003.000359          1.0000  cm-1
87070.614    0.607      15317.038         059003.000132   059003.000396 P        0.0000  cm-1
87044.617    0.303      76536.907         059003.000129   059003.000388 P        0.0000  cm-1
87044.617    0.303      76536.907         059003.000113   059003.000363          1.0000  cm-1
87033.795    0.303      7651.672          059003.000104   059003.000358          1.0000  cm-1
87033.795    0.303      7651.672          059003.000141   059003.000408 P        0.0000  cm-1
87018.581    0.303      3824.413          059003.000101   059003.000355          1.0000  cm-1
86976.191    0.303      15281.682         059003.000129   059003.000387          1.0000  cm-1
86959.831    0.302      22913.216         059003.000102   059003.000355          0.4352  cm-1
86959.831    0.302      22913.216         059003.000108   059003.000359          0.5648  cm-1
86917.382    0.302      15259.267         059003.000113   059003.000362          1.0000  cm-1
86884.296    0.302      1524.652          059003.000044   059003.000319          1.0000  cm-1
86884.296    0.302      1524.652          059003.000096   059003.000351 P        0.0000  cm-1
86845.206    0.302      7615.669          059003.000115   059003.000365          1.0000  cm-1
86840.991    0.302      7614.846          059003.000133   059003.000396 P        0.0000  cm-1
86826.806    0.302      3806.036          059003.000135   059003.000401          1.0000  cm-1
86815.887    0.301      2282.979          059003.000132   059003.000394 P        0.0000  cm-1
86815.887    0.301      2282.979          059003.000129   059003.000476          1.0000  cm-1
86815.887    0.301      2282.979          059003.000135   059003.000484 P        0.0000  cm-1
86811.421    0.301      1521.811          059003.000184   059003.000510          1.0000  cm-1
86779.410    0.301      7602.736          059003.000051   059003.000325 P        0.0000  cm-1
86779.410    0.301      7602.736          059003.000126   059003.000381          1.0000  cm-1
86779.410    0.301      7602.736          059003.000115   059003.000466 P        0.0000  cm-1
86670.422    0.300      3790.442          059003.000129   059003.000385          1.0000  cm-1
86648.287    0.300      757.638           059003.000096   059003.000349 P        0.0000  cm-1
86615.621    0.300      756.969           059003.000127   059003.000381 P        0.0000  cm-1
86602.204    0.300      756.693           059003.000126   059003.000377 P        0.0000  cm-1
86602.204    0.300      756.693           059003.000044   059003.000317          1.0000  cm-1
86532.508    0.300      1510.492          059003.000130   059003.000384          1.0000  cm-1
86524.117    0.299      30202.799         059003.000184   059003.000506          1.0000  cm-1
86514.829    0.299      2264.625          059003.000133   059003.000393 P        0.0000  cm-1
86514.829    0.299      2264.625          059003.000120   059003.000468          1.0000  cm-1
86514.829    0.299      2264.625          059003.000134   059003.000482 P        0.0000  cm-1
86474.513    0.299      11310.362         059003.000120   059003.000467 P        0.0000  cm-1
86474.513    0.299      11310.362         059003.000131   059003.000388          1.0000  cm-1
86409.591    0.299      15052.760         059003.000129   059003.000383          1.0000  cm-1
86358.481    0.298      1503.066          059003.000146   059003.000411          1.0000  cm-1
86339.222    0.596      3755.566          059003.000150   059003.000496          0.2856  cm-1
86339.222    0.596      3755.566          059003.000135   059003.000483          0.7144  cm-1
86290.888    0.298      750.052           059003.000068   059003.000545 P        0.0000  cm-1
86290.888    0.298      750.052           059003.000127   059003.000470 P        0.0000  cm-1
86290.888    0.298      750.052           059003.000123   059003.000468          1.0000  cm-1
86290.888    0.298      750.052           059003.000148   059003.000494 P        0.0000  cm-1
86244.296    0.298      7490.193          059003.000131   059003.000476 P        0.0000  cm-1
86220.416    0.297      14969.715         059003.000048   059003.000322 P        0.0000  cm-1
86220.416    0.297      14969.715         059003.000130   059003.000472 P        0.0000  cm-1
86220.416    0.297      14969.715         059003.000120   059003.000367          1.0000  cm-1
86176.508    0.297      2989.991          059003.000123   059003.000370          1.0000  cm-1
86153.629    0.297      7469.791          059003.000119   059003.000365          0.6636  cm-1
86153.629    0.297      7469.791          059003.000130   059003.000380          0.3364  cm-1
86145.917    0.297      2240.411          059003.000129   059003.000379          1.0000  cm-1
86145.917    0.297      2240.411          059003.000068   059003.000544 P        0.0000  cm-1
86140.672    0.297      1493.369          059003.000129   059003.000378          1.0000  cm-1
86098.520    0.297      5965.758          059003.000131   059003.000385          1.0000  cm-1
86093.196    0.296      5219.181          059003.000106   059003.000352          1.0000  cm-1
86093.196    0.296      5219.181          059003.000148   059003.000411 P        0.0000  cm-1
85925.031    0.295      2966.635          059003.000119   059003.000464 P        0.0000  cm-1
85925.031    0.295      2966.635          059003.000058   059003.000330 P        0.0000  cm-1
85862.027    0.295      740.147           059003.000105   059003.000350          1.0000  cm-1
85804.075    0.294      2216.219          059003.000148   059003.000409 P        0.0000  cm-1
85804.075    0.294      2216.219          059003.000132   059003.000388          1.0000  cm-1
85704.198    0.294      7362.747          059003.000151   059003.000413          1.0000  cm-1
85535.593    0.293      7319.994          059003.000129   059003.000375 P        0.0000  cm-1
85428.903    0.292      7292.193          059003.000132   059003.000385 P        0.0000  cm-1
85390.769    0.292      2912.846          059003.000120   059003.000361 P        0.0000  cm-1
85263.914    0.291      21744.148         059003.000120   059003.000360 P        0.0000  cm-1
85076.698    0.290      719.624           059003.000052   059003.000320          1.0000  cm-1
85060.198    0.289      7191.589          059003.000126   059003.000370          1.0000  cm-1
84994.405    0.289      3586.444          059003.000132   059003.000381          1.0000  cm-1
84897.873    0.577      14290.070         059003.000157   059003.000495 P        0.0000  cm-1
84897.873    0.577      14290.070         059003.000132   059003.000378          1.0000  cm-1
84896.072    0.577      3572.255          059003.000115   059003.000357          1.0000  cm-1
84896.072    0.577      3572.255          059003.000127   059003.000370 P        0.0000  cm-1
84888.786    0.288      3571.194          059003.000128   059003.000371 P        0.0000  cm-1
84888.786    0.288      3571.194          059003.000134   059003.000474 P        0.0000  cm-1
84879.571    0.288      28558.793         059003.000143   059003.000491 P        0.0000  cm-1
84849.889    0.288      2139.302          059003.000068   059003.000334 P        0.0000  cm-1
84849.889    0.288      2139.302          059003.000186   059003.000510 P        0.0000  cm-1
84764.508    0.287      2842.295          059003.000119   059003.000462          1.0000  cm-1
84761.123    0.287      2841.891          059003.000156   059003.000412          1.0000  cm-1
84761.123    0.287      2841.891          059003.000155   059003.000493 P        0.0000  cm-1
84744.609    0.287      56798.335         059003.000127   059003.000368 P        0.0000  cm-1
84616.400    0.286      706.098           059003.000051   059003.000314 P        0.0000  cm-1
84616.400    0.286      706.098           059003.000139   059003.000479          1.0000  cm-1
84612.976    0.286      1411.985          059003.000141   059003.000401 P        0.0000  cm-1
84612.976    0.286      1411.985          059003.000120   059003.000359          1.0000  cm-1
84571.974    0.572      4228.391          059003.000126   059003.000365          1.0000  cm-1
84571.974    0.572      4228.391          059003.000129   059003.000372 P        0.0000  cm-1
84571.974    0.572      4228.391          059003.000158   059003.000495 P        0.0000  cm-1
84571.974    0.572      4228.391          059003.000056   059003.000322 P        0.0000  cm-1
84571.974    0.572      4228.391          059003.000158   059003.000494 P        0.0000  cm-1
84555.508    0.286      10563.345         059003.000144   059003.000491 P        0.0000  cm-1
84545.584    0.286      14078.312         059003.000135   059003.000384          1.0000  cm-1
84477.217    0.285      701.783           059003.000154   059003.000410          1.0000  cm-1
84474.009    0.285      701.683           059003.000115   059003.000353 P        0.0000  cm-1
84402.002    0.285      699.408           059003.000129   059003.000369          0.5033  cm-1
84402.002    0.285      699.408           059003.000055   059003.000320          0.4967  cm-1
84402.002    0.285      699.408           059003.000158   059003.000493 P        0.0000  cm-1
84378.582    0.285      1397.324          059003.000119   059003.000458 P        0.0000  cm-1
84341.079    0.285      697.461           059003.000144   059003.000487          1.0000  cm-1
84233.506    0.284      1387.949          059003.000179   059003.000499          1.0000  cm-1
84216.328    0.284      693.412           059003.000103   059003.000560          1.0000  cm-1
84212.636    0.284      2773.162          059003.000186   059003.000503          1.0000  cm-1
84204.210    0.284      10395.205         059003.000119   059003.000357          1.0000  cm-1
84024.295    0.282      6870.107          059003.000143   059003.000485 P        0.0000  cm-1
84024.295    0.282      6870.107          059003.000055   059003.000317 P        0.0000  cm-1
84024.295    0.282      6870.107          059003.000130   059003.000365          1.0000  cm-1
83889.307    0.281      10235.838         059003.000121   059003.000357 P        0.0000  cm-1
83889.307    0.281      10235.838         059003.000179   059003.000418          1.0000  cm-1
83859.408    0.281      681.352           059003.000146   059003.000488 P        0.0000  cm-1
83836.782    0.281      2041.691          059003.000146   059003.000487          1.0000  cm-1
83730.370    0.280      13536.366         059003.000120   059003.000354          1.0000  cm-1
83633.585    0.280      2693.428          059003.000129   059003.000362          1.0000  cm-1
83576.195    0.279      671.280           059003.000180   059003.000497          1.0000  cm-1
83549.671    0.279      6703.140          059003.000180   059003.000417          0.7557  cm-1
83549.671    0.279      6703.140          059003.000139   059003.000388 P        0.0000  cm-1
83549.671    0.279      6703.140          059003.000193   059003.000603 P        0.0000  cm-1
83549.671    0.279      6703.140          059003.000144   059003.000484          0.2443  cm-1
83542.272    0.279      670.044           059003.000120   059003.000353          1.0000  cm-1
83506.972    0.279      20062.514         059003.000129   059003.000361          1.0000  cm-1
83501.101    0.279      33426.733         059003.000120   059003.000352          1.0000  cm-1
83501.101    0.279      33426.733         059003.000092   059003.000344 P        0.0000  cm-1
83496.785    0.279      1336.752          059003.000103   059003.000347          1.0000  cm-1
83444.675    0.279      26658.043         059003.000146   059003.000405          1.0000  cm-1
83438.889    0.557      1332.473          059003.000140   059003.000477 P        0.0000  cm-1
83328.687    0.555      3310.562          059003.000125   059003.000459 P        0.0000  cm-1
83323.608    0.278      5295.365          059003.000131   059003.000364          1.0000  cm-1
83319.226    0.555      3308.776          059003.000139   059003.000476          0.9039  cm-1
83319.226    0.555      3308.776          059003.000123   059003.000353          0.0961  cm-1
83294.111    0.278      1982.413          059003.000146   059003.000404          1.0000  cm-1
83294.111    0.278      1982.413          059003.000090   059003.000551 P        0.0000  cm-1
83272.325    0.277      659.977           059003.000126   059003.000359          1.0000  cm-1
83194.763    0.277      657.009           059003.000119   059003.000350          1.0000  cm-1
83167.773    0.277      2623.876          059003.000110   059003.000348          1.0000  cm-1
83167.773    0.277      2623.876          059003.000144   059003.000398 P        0.0000  cm-1
83162.628    0.553      3278.851          059003.000133   059003.000468 P        0.0000  cm-1
83159.031    0.277      1311.262          059003.000143   059003.000478 P        0.0000  cm-1
83159.031    0.277      1311.262          059003.000132   059003.000369          1.0000  cm-1
83133.193    0.276      654.630           059003.000161   059003.000494 P        0.0000  cm-1
83125.718    0.276      654.340           059003.000144   059003.000397 P        0.0000  cm-1
83121.792    0.553      1308.374          059003.000152   059003.000489 P        0.0000  cm-1
83121.792    0.553      1308.374          059003.000133   059003.000467 P        0.0000  cm-1
83118.197    0.553      6540.473          059003.000125   059003.000458 P        0.0000  cm-1
83118.197    0.553      6540.473          059003.000142   059003.000477 P        0.0000  cm-1
83118.197    0.553      6540.473          059003.000167   059003.000496 P        0.0000  cm-1
83118.197    0.553      6540.473          059003.000077   059003.000543 P        0.0000  cm-1
83107.129    0.276      653.616           059003.000127   059003.000359 P        0.0000  cm-1
83107.129    0.276      653.616           059003.000181   059003.000499          1.0000  cm-1
83107.129    0.276      653.616           059003.000182   059003.000499 P        0.0000  cm-1
83094.583    0.276      1306.254          059003.000125   059003.000358 P        0.0000  cm-1
83094.583    0.276      1306.254          059003.000132   059003.000367          1.0000  cm-1
83060.203    0.552      1303.564          059003.000150   059003.000487 P        0.0000  cm-1
83056.485    0.276      2606.544          059003.000151   059003.000488          0.5388  cm-1
83056.485    0.276      2606.544          059003.000146   059003.000401          0.4612  cm-1
83051.099    0.276      32571.227         059003.000151   059003.000407          1.0000  cm-1
83021.229    0.551      2600.996          059003.000058   059003.000315 P        0.0000  cm-1
83021.229    0.551      2600.996          059003.000144   059003.000395          1.0000  cm-1
82987.614    0.551      12978.401         059003.000141   059003.000389 P        0.0000  cm-1
82941.094    0.550      1294.141          059003.000125   059003.000357 P        0.0000  cm-1
82780.577    0.548      25623.887         059003.000148   059003.000484 P        0.0000  cm-1
82762.815    0.274      1279.744          059003.000181   059003.000418          1.0000  cm-1
82729.767    0.548      1277.037          059003.000068   059003.000542 P        0.0000  cm-1
82729.767    0.548      1277.037          059003.000164   059003.000412          0.9726  cm-1
82729.767    0.548      1277.037          059003.000123   059003.000350          0.0274  cm-1
82717.219    0.547      1276.006          059003.000163   059003.000493 P        0.0000  cm-1
82639.301    0.273      12695.642         059003.000151   059003.000405 P        0.0000  cm-1
82639.301    0.273      12695.642         059003.000135   059003.000468 P        0.0000  cm-1
82633.826    0.273      2538.218          059003.000130   059003.000462 P        0.0000  cm-1
82633.826    0.273      2538.218          059003.000183   059003.000497 P        0.0000  cm-1
82633.826    0.273      2538.218          059003.000127   059003.000458 P        0.0000  cm-1
82568.810    0.273      1895.519          059003.000146   059003.000483          1.0000  cm-1
82508.391    0.272      629.296           059003.000167   059003.000413          1.0000  cm-1
82504.629    0.272      1258.274          059003.000130   059003.000460          1.0000  cm-1
82504.629    0.272      1258.274          059003.000188   059003.000505 P        0.0000  cm-1
82489.804    0.272      628.509           059003.000151   059003.000404          1.0000  cm-1
82334.205    0.271      621.851           059003.000155   059003.000489          0.3284  cm-1
82334.205    0.271      621.851           059003.000139   059003.000469 P        0.0000  cm-1
82334.205    0.271      621.851           059003.000166   059003.000410          0.6716  cm-1
82237.109    0.271      1235.260          059003.000154   059003.000407          1.0000  cm-1
82165.011    0.270      614.463           059003.000134   059003.000364 P        0.0000  cm-1
82157.872    0.270      2456.592          059003.000131   059003.000359          1.0000  cm-1
82157.872    0.270      2456.592          059003.000149   059003.000395 P        0.0000  cm-1
82137.331    0.270      1839.719          059003.000132   059003.000360          1.0000  cm-1
82125.807    0.270      24509.169         059003.000189   059003.000502 P        0.0000  cm-1
82074.635    0.269      2441.815          059003.000130   059003.000357          1.0000  cm-1
82065.896    0.269      1220.128          059003.000136   059003.000563 P        0.0000  cm-1
82065.896    0.269      1220.128          059003.000158   059003.000491          1.0000  cm-1
82020.472    0.269      12160.602         059003.000137   059003.000371 P        0.0000  cm-1
82020.472    0.269      12160.602         059003.000163   059003.000492          0.2500  cm-1
82020.472    0.269      12160.602         059003.000146   059003.000392          0.7500  cm-1
82000.814    0.269      607.147           059003.000130   059003.000355          1.0000  cm-1
81968.895    0.269      1211.416          059003.000154   059003.000406          1.0000  cm-1
81948.481    0.269      2419.139          059003.000103   059003.000550          0.7497  cm-1
81948.481    0.269      2419.139          059003.000153   059003.000486          0.2503  cm-1
81940.487    0.269      604.423           059003.000156   059003.000406          1.0000  cm-1
81821.484    0.268      598.993           059003.000152   059003.000398 P        0.0000  cm-1
81821.484    0.268      598.993           059003.000159   059003.000490          1.0000  cm-1
81818.722    0.268      1197.733          059003.000151   059003.000397          1.0000  cm-1
81799.794    0.268      5979.957          059003.000172   059003.000413          1.0000  cm-1
81799.794    0.268      5979.957          059003.000156   059003.000405 P        0.0000  cm-1
81698.331    0.267      2966.485          059003.000172   059003.000412          1.0000  cm-1
81698.331    0.267      2966.485          059003.000064   059003.000457 P        0.0000  cm-1
81428.787    0.265      1161.118          059003.000146   059003.000389          0.7553  cm-1
81428.787    0.265      1161.118          059003.000153   059003.000484          0.2447  cm-1
81392.795    0.530      5788.305          059003.000171   059003.000410          1.0000  cm-1
81392.795    0.530      5788.305          059003.000149   059003.000477 P        0.0000  cm-1
81392.795    0.530      5788.305          059003.000159   059003.000486 P        0.0000  cm-1
81087.090    0.263      563.893           059003.000131   059003.000353          1.0000  cm-1
81065.320    0.263      562.812           059003.000130   059003.000350          1.0000  cm-1
81045.887    0.525      1685.535          059003.000153   059003.000398          0.0298  cm-1
81045.887    0.525      1685.535          059003.000131   059003.000352          0.9702  cm-1
81027.419    0.263      1682.774          059003.000159   059003.000485 P        0.0000  cm-1
81002.217    0.262      1678.998          059003.000110   059003.000552          1.0000  cm-1
80994.686    0.262      559.289           059003.000155   059003.000397          1.0000  cm-1
80931.887    0.524      11122.755         059003.000154   059003.000396 P        0.0000  cm-1
80867.168    0.262      552.871           059003.000153   059003.000482          1.0000  cm-1
80774.991    0.261      2192.739          059003.000146   059003.000384          1.0000  cm-1
80679.829    0.260      3803.148          059003.000154   059003.000394 P        0.0000  cm-1
80679.829    0.260      3803.148          059003.000107   059003.000341          1.0000  cm-1
80578.417    0.519      2690.323          059003.000158   059003.000483 P        0.0000  cm-1
80578.417    0.519      2690.323          059003.000070   059003.000457          0.8453  cm-1
80578.417    0.519      2690.323          059003.000156   059003.000393          0.1547  cm-1
80578.417    0.519      2690.323          059003.000140   059003.000373 P        0.0000  cm-1
80472.087    0.259      532.520           059003.000124   059003.000560          1.0000  cm-1
80342.632    0.258      1051.412          059003.000159   059003.000395          1.0000  cm-1
80342.632    0.258      1051.412          059003.000117   059003.000556 P        0.0000  cm-1
80287.691    0.258      2613.964          059003.000046   059003.000312          1.0000  cm-1
80201.476    0.515      2590.986          059003.000148   059003.000472 P        0.0000  cm-1
80062.435    0.256      1532.172          059003.000092   059003.000329          1.0000  cm-1
79812.481    0.510      3479.749          059003.000153   059003.000389          0.8953  cm-1
79812.481    0.510      3479.749          059003.000185   059003.000414          0.1047  cm-1
79686.680    0.254      2450.848          059003.000118   059003.000343 P        0.0000  cm-1
79670.993    0.254      1467.902          059003.000151   059003.000381          1.0000  cm-1
79651.580    0.254      488.224           059003.000162   059003.000402          1.0000  cm-1
79594.896    0.253      9701.487          059003.000124   059003.000558 P        0.0000  cm-1
79594.896    0.253      9701.487          059003.000041   059003.000308          1.0000  cm-1
79495.300    0.253      479.515           059003.000151   059003.000377          1.0000  cm-1
79447.035    0.252      953.618           059003.000103   059003.000333          1.0000  cm-1
79443.629    0.252      476.618           059003.000167   059003.000405 P        0.0000  cm-1
79437.010    0.505      1904.985          059003.000154   059003.000476 P        0.0000  cm-1
79381.013    0.252      1892.388          059003.000153   059003.000386          1.0000  cm-1
79302.705    0.252      9373.544          059003.000141   059003.000361 P        0.0000  cm-1
79302.705    0.252      9373.544          059003.000124   059003.000557 P        0.0000  cm-1
79247.402    0.251      9310.906          059003.000167   059003.000403          1.0000  cm-1
79159.393    0.251      9210.876          059003.000153   059003.000384          1.0000  cm-1
79145.915    0.251      9195.520          059003.000172   059003.000407          1.0000  cm-1
79029.704    0.500      2265.683          059003.000154   059003.000383          0.8245  cm-1
79029.704    0.500      2265.683          059003.000153   059003.000382          0.0538  cm-1
79029.704    0.500      2265.683          059003.000157   059003.000473          0.1217  cm-1
79009.173    0.250      9039.201          059003.000158   059003.000386 P        0.0000  cm-1
79009.173    0.250      9039.201          059003.000107   059003.000334 P        0.0000  cm-1
79009.173    0.250      9039.201          059003.000173   059003.000407          1.0000  cm-1
78877.838    0.249      17776.415         059003.000172   059003.000406          1.0000  cm-1
78859.121    0.249      443.331           059003.000153   059003.000381          1.0000  cm-1
78813.434    0.248      881.388           059003.000176   059003.000490          1.0000  cm-1
78787.802    0.248      878.425           059003.000158   059003.000384          1.0000  cm-1
78787.802    0.248      878.425           059003.000122   059003.000551 P        0.0000  cm-1
78780.792    0.248      438.807           059003.000176   059003.000489          0.3368  cm-1
78780.792    0.248      438.807           059003.000165   059003.000482 P        0.0000  cm-1
78780.792    0.248      438.807           059003.000153   059003.000380          0.6632  cm-1
78771.223    0.248      438.253           059003.000144   059003.000365          1.0000  cm-1
78626.916    0.247      429.882           059003.000122   059003.000549          1.0000  cm-1
78620.423    0.494      4295.047          059003.000167   059003.000397 P        0.0000  cm-1
78620.423    0.494      4295.047          059003.000164   059003.000394 P        0.0000  cm-1
78620.423    0.494      4295.047          059003.000063   059003.000313 P        0.0000  cm-1
78573.721    0.247      1280.360          059003.000139   059003.000356 P        0.0000  cm-1
78573.721    0.247      1280.360          059003.000090   059003.000322          1.0000  cm-1
78573.721    0.247      1280.360          059003.000187   059003.000498 P        0.0000  cm-1
78565.703    0.247      426.320           059003.000168   059003.000398          1.0000  cm-1
78565.703    0.247      426.320           059003.000140   059003.000462 P        0.0000  cm-1
78560.704    0.247      8520.565          059003.000109   059003.000333          1.0000  cm-1
78532.318    0.247      2121.868          059003.000160   059003.000389 P        0.0000  cm-1
78532.318    0.247      2121.868          059003.000146   059003.000366          1.0000  cm-1
78532.318    0.247      2121.868          059003.000092   059003.000542 P        0.0000  cm-1
78436.035    0.246      8375.030          059003.000046   059003.000310 P        0.0000  cm-1
78388.281    0.246      415.958           059003.000080   059003.000456 P        0.0000  cm-1
78349.820    0.246      413.705           059003.000163   059003.000392          1.0000  cm-1
78349.820    0.246      413.705           059003.000139   059003.000354 P        0.0000  cm-1
78332.326    0.491      825.360           059003.000145   059003.000364          1.0000  cm-1
78319.770    0.491      823.887           059003.000165   059003.000392 P        0.0000  cm-1
78312.399    0.245      411.511           059003.000094   059003.000542          1.0000  cm-1
77880.218    0.243      3860.652          059003.000160   059003.000384          1.0000  cm-1
77728.473    0.483      15083.909         059003.000165   059003.000389 P        0.0000  cm-1
77704.002    0.242      112695.225        059003.000188   059003.000415 P        0.0000  cm-1
77704.002    0.242      112695.225        059003.000173   059003.000396          0.1203  cm-1
77704.002    0.242      112695.225        059003.000166   059003.000390          0.8797  cm-1
77655.677    0.482      745.586           059003.000168   059003.000477 P        0.0000  cm-1
77579.585    0.241      736.585           059003.000143   059003.000461 P        0.0000  cm-1
77579.585    0.241      736.585           059003.000160   059003.000381          1.0000  cm-1
77530.384    0.240      365.382           059003.000124   059003.000342          1.0000  cm-1
77453.096    0.480      7216.214          059003.000166   059003.000387          0.9593  cm-1
77453.096    0.480      7216.214          059003.000173   059003.000394          0.0407  cm-1
77453.096    0.480      7216.214          059003.000054   059003.000311 P        0.0000  cm-1
77395.676    0.240      357.415           059003.000047   059003.000308          1.0000  cm-1
77334.797    0.239      1769.082          059003.000176   059003.000395          1.0000  cm-1
77277.189    0.239      3504.123          059003.000200   059003.000619 P        0.0000  cm-1
77277.189    0.239      3504.123          059003.000042   059003.000307          1.0000  cm-1
77273.601    0.239      1050.601          059003.000153   059003.000373          1.0000  cm-1
77273.601    0.239      1050.601          059003.000041   059003.000306 P        0.0000  cm-1
77252.522    0.239      697.910           059003.000144   059003.000460          1.0000  cm-1
77191.887    0.238      10361.253         059003.000154   059003.000372          1.0000  cm-1
77191.887    0.238      10361.253         059003.000088   059003.000457 P        0.0000  cm-1
77051.809    0.237      1011.344          059003.000117   059003.000543          0.9601  cm-1
77051.809    0.237      1011.344          059003.000161   059003.000381          0.0399  cm-1
77033.365    0.475      3360.283          059003.000178   059003.000400 P        0.0000  cm-1
76970.869    0.237      664.700           059003.000164   059003.000383          1.0000  cm-1
76958.186    0.237      3316.039          059003.000154   059003.000367          1.0000  cm-1
76958.186    0.237      3316.039          059003.000073   059003.000313 P        0.0000  cm-1
76934.272    0.474      9905.933          059003.000088   059003.000456 P        0.0000  cm-1
76906.212    0.237      985.646           059003.000064   059003.000312          1.0000  cm-1
76886.589    0.236      16369.808         059003.000166   059003.000383          1.0000  cm-1
76763.885    0.236      3202.004          059003.000171   059003.000390          1.0000  cm-1
76763.885    0.236      3202.004          059003.000091   059003.000457 P        0.0000  cm-1
76763.885    0.236      3202.004          059003.000165   059003.000472 P        0.0000  cm-1
76748.276    0.236      957.860           059003.000144   059003.000355          1.0000  cm-1
76716.480    0.235      634.853           059003.000159   059003.000373          1.0000  cm-1
76591.791    0.235      310.147           059003.000168   059003.000473 P        0.0000  cm-1
76583.105    0.235      309.641           059003.000173   059003.000389          1.0000  cm-1
76576.008    0.235      309.228           059003.000172   059003.000388          1.0000  cm-1
76545.072    0.234      307.427           059003.000158   059003.000366          1.0000  cm-1
76498.508    0.468      6094.402          059003.000124   059003.000335 P        0.0000  cm-1
76498.508    0.468      6094.402          059003.000093   059003.000457 P        0.0000  cm-1
76438.918    0.234      602.525           059003.000173   059003.000388          1.0000  cm-1
76438.918    0.234      602.525           059003.000148   059003.000459 P        0.0000  cm-1
76418.892    0.234      600.204           059003.000053   059003.000309          1.0000  cm-1
76345.720    0.466      591.739           059003.000172   059003.000476          0.8922  cm-1
76345.720    0.466      591.739           059003.000149   059003.000459          0.1078  cm-1
76335.815    0.233      295.298           059003.000181   059003.000496          1.0000  cm-1
76317.995    0.233      588.538           059003.000146   059003.000357          1.0000  cm-1
76279.285    0.465      292.038           059003.000195   059003.000586 P        0.0000  cm-1
76279.285    0.465      292.038           059003.000158   059003.000365          1.0000  cm-1
76199.998    0.232      2012.349          059003.000172   059003.000385          1.0000  cm-1
76139.644    0.464      1420.094          059003.000197   059003.000594 P        0.0000  cm-1
76130.276    0.232      566.965           059003.000147   059003.000355          1.0000  cm-1
76127.713    0.232      2833.360          059003.000154   059003.000361          1.0000  cm-1
76095.619    0.232      5630.025          059003.000145   059003.000353 P        0.0000  cm-1
76095.619    0.232      5630.025          059003.000164   059003.000375          1.0000  cm-1
76070.321    0.231      560.114           059003.000045   059003.000307          1.0000  cm-1
76070.321    0.231      560.114           059003.000167   059003.000469 P        0.0000  cm-1
76011.183    0.231      276.688           059003.000173   059003.000474 P        0.0000  cm-1
76011.183    0.231      276.688           059003.000166   059003.000375          1.0000  cm-1
75972.601    0.231      274.496           059003.000156   059003.000360          1.0000  cm-1
75946.361    0.231      819.023           059003.000171   059003.000383          1.0000  cm-1
75769.289    0.230      263.020           059003.000046   059003.000307          1.0000  cm-1
75766.523    0.230      262.865           059003.000172   059003.000381          1.0000  cm-1
75670.430    0.229      1287.449          059003.000172   059003.000378          1.0000  cm-1
75670.430    0.229      1287.449          059003.000060   059003.000310 P        0.0000  cm-1
75621.443    0.229      254.762           059003.000430   059003.000549          1.0000  cm-1
75494.780    0.456      12387.557         059003.000171   059003.000471 P        0.0000  cm-1
75462.878    0.228      983.980           059003.000178   059003.000390          1.0000  cm-1
75289.477    0.227      1182.608          059003.000181   059003.000409          1.0000  cm-1
75275.588    0.227      7073.049          059003.000162   059003.000371 P        0.0000  cm-1
75275.588    0.227      7073.049          059003.000073   059003.000312 P        0.0000  cm-1
75218.575    0.226      232.685           059003.000163   059003.000373 P        0.0000  cm-1
75218.575    0.226      232.685           059003.000083   059003.000313 P        0.0000  cm-1
75132.320    0.226      13682.782         059003.000164   059003.000372          1.0000  cm-1
75103.824    0.226      226.521           059003.000050   059003.000307          1.0000  cm-1
75054.835    0.225      223.909           059003.000064   059003.000310          1.0000  cm-1
75054.835    0.225      223.909           059003.000165   059003.000370 P        0.0000  cm-1
75054.835    0.225      223.909           059003.000211   059003.000613 P        0.0000  cm-1
74916.980    0.225      433.233           059003.000160   059003.000463 P        0.0000  cm-1
74907.316    0.224      2161.089          059003.000182   059003.000492 P        0.0000  cm-1
74898.837    0.224      21566.386         059003.000164   059003.000367          1.0000  cm-1
74706.701    0.446      411.350           059003.000159   059003.000462 P        0.0000  cm-1
74706.701    0.446      411.350           059003.000168   059003.000371 P        0.0000  cm-1
74693.198    0.223      819.920           059003.000154   059003.000356          1.0000  cm-1
74468.203    0.222      1935.457          059003.000154   059003.000354          1.0000  cm-1
74365.806    0.221      942.174           059003.000136   059003.000548          1.0000  cm-1
74344.626    0.442      37477.026         059003.000063   059003.000309 P        0.0000  cm-1
74339.819    0.442      18714.729         059003.000170   059003.000371 P        0.0000  cm-1
74339.819    0.442      18714.729         059003.000165   059003.000464 P        0.0000  cm-1
74230.117    0.220      5452.663          059003.000063   059003.000308          1.0000  cm-1
74210.790    0.220      1808.129          059003.000156   059003.000352          1.0000  cm-1
74110.627    0.220      1231.748          059003.000165   059003.000463 P        0.0000  cm-1
74110.627    0.220      1231.748          059003.000166   059003.000362          1.0000  cm-1
74095.031    0.220      1226.501          059003.000073   059003.000311          1.0000  cm-1
74088.333    0.220      174.893           059003.000046   059003.000305 P        0.0000  cm-1
74088.333    0.220      174.893           059003.000199   059003.000428          1.0000  cm-1
74056.193    0.439      1733.544          059003.000217   059003.000618 P        0.0000  cm-1
74024.439    0.219      171.841           059003.000173   059003.000468          1.0000  cm-1
73936.540    0.219      50304.860         059003.000070   059003.000310          1.0000  cm-1
73910.531    0.219      332.924           059003.000206   059003.000599 P        0.0000  cm-1
73910.531    0.219      332.924           059003.000173   059003.000370          1.0000  cm-1
73877.011    0.437      1648.948          059003.000206   059003.000594 P        0.0000  cm-1
73877.011    0.437      1648.948          059003.000206   059003.000593 P        0.0000  cm-1
73877.011    0.437      1648.948          059003.000206   059003.000592 P        0.0000  cm-1
73810.812    0.218      323.642           059003.000431   059003.000619 P        0.0000  cm-1
73789.088    0.218      482.455           059003.000179   059003.000405          1.0000  cm-1
73779.887    0.218      160.395           059003.000136   059003.000341 P        0.0000  cm-1
73727.008    0.435      315.941           059003.000201   059003.000428 P        0.0000  cm-1
73727.008    0.435      315.941           059003.000175   059003.000371          1.0000  cm-1
73625.077    0.217      306.699           059003.000156   059003.000349          1.0000  cm-1
73579.083    0.433      453.861           059003.000221   059003.000618 P        0.0000  cm-1
73579.083    0.433      453.861           059003.000124   059003.000323          1.0000  cm-1
73415.360    0.216      144.062           059003.000180   059003.000404          1.0000  cm-1
73401.435    0.431      2869.109          059003.000179   059003.000401          1.0000  cm-1
73397.021    0.431      5730.546          059003.000207   059003.000602 P        0.0000  cm-1
73297.500    0.215      138.974           059003.000180   059003.000402          0.1314  cm-1
73297.500    0.215      138.974           059003.000171   059003.000363          0.6352  cm-1
73297.500    0.215      138.974           059003.000095   059003.000313          0.2334  cm-1
73293.244    0.215      277.585           059003.000430   059003.000334          1.0000  cm-1
73178.483    0.214      401.808           059003.000097   059003.000313          1.0000  cm-1
73165.686    0.214      400.200           059003.000180   059003.000484          1.0000  cm-1
73064.109    0.427      12918.885         059003.000209   059003.000604 P        0.0000  cm-1
73064.109    0.427      12918.885         059003.000209   059003.000603 P        0.0000  cm-1
73064.109    0.427      12918.885         059003.000124   059003.000320 P        0.0000  cm-1
72985.822    0.213      251.988           059003.000099   059003.000313          1.0000  cm-1
72967.612    0.213      1878.853          059003.000167   059003.000359 P        0.0000  cm-1
72967.612    0.213      1878.853          059003.000179   059003.000397          1.0000  cm-1
72967.612    0.213      1878.853          059003.000173   059003.000463 P        0.0000  cm-1
72927.767    0.425      247.306           059003.000223   059003.000617 P        0.0000  cm-1
72879.708    0.425      365.202           059003.000223   059003.000612 P        0.0000  cm-1
72783.427    0.212      1179.401          059003.000180   059003.000398          1.0000  cm-1
72783.427    0.212      1179.401          059003.000168   059003.000462 P        0.0000  cm-1
72769.672    0.212      234.807           059003.000201   059003.000589 P        0.0000  cm-1
72682.500    0.211      114.037           059003.000073   059003.000309          1.0000  cm-1
72674.832    0.211      454.973           059003.000226   059003.000614 P        0.0000  cm-1
72672.722    0.211      909.300           059003.000080   059003.000311          1.0000  cm-1
72633.779    0.211      1682.690          059003.000164   059003.000356          1.0000  cm-1
72569.370    0.211      1646.268          059003.000073   059003.000308          1.0000  cm-1
72548.677    0.211      108.978           059003.000166   059003.000356          0.1072  cm-1
72548.677    0.211      108.978           059003.000081   059003.000311          0.8928  cm-1
72465.979    0.210      317.755           059003.000181   059003.000403          1.0000  cm-1
72465.979    0.210      317.755           059003.000047   059003.000303 P        0.0000  cm-1
72400.331    0.210      1035.264          059003.000088   059003.000312          1.0000  cm-1
72387.914    0.210      10307.764         059003.000064   059003.000307          1.0000  cm-1
72368.528    0.209      409.517           059003.000104   059003.000313 P        0.0000  cm-1
72364.876    0.209      204.496           059003.000179   059003.000392          1.0000  cm-1
72356.535    0.209      101.949           059003.000183   059003.000402 P        0.0000  cm-1
72356.535    0.209      101.949           059003.000083   059003.000311          1.0000  cm-1
72356.535    0.209      101.949           059003.000214   059003.000596 P        0.0000  cm-1
72340.521    0.209      202.751           059003.000202   059003.000580 P        0.0000  cm-1
72340.521    0.209      202.751           059003.000214   059003.000593 P        0.0000  cm-1
72340.521    0.209      202.751           059003.000214   059003.000592 P        0.0000  cm-1
72274.805    0.209      198.087           059003.000210   059003.000429 P        0.0000  cm-1
72274.805    0.209      198.087           059003.000181   059003.000401          1.0000  cm-1
72272.299    0.418      29686.515         059003.000049   059003.000454 P        0.0000  cm-1
72219.420    0.209      291.310           059003.000124   059003.000314 P        0.0000  cm-1
72219.420    0.209      291.310           059003.000216   059003.000602          1.0000  cm-1
72178.236    0.417      478.378           059003.000164   059003.000352 P        0.0000  cm-1
72141.591    0.208      283.249           059003.000180   059003.000392          1.0000  cm-1
72057.792    0.208      3662.990          059003.000230   059003.000609 P        0.0000  cm-1
72057.792    0.208      3662.990          059003.000079   059003.000310          1.0000  cm-1
72045.901    0.208      91.176            059003.000179   059003.000391 P        0.0000  cm-1
72042.316    0.208      91.056            059003.000106   059003.000313          1.0000  cm-1
71805.499    0.206      250.028           059003.000184   059003.000486 P        0.0000  cm-1
71805.499    0.206      250.028           059003.000175   059003.000462 P        0.0000  cm-1
71796.523    0.206      8305.862          059003.000108   059003.000313          1.0000  cm-1
71760.410    0.206      163.845           059003.000082   059003.000310 P        0.0000  cm-1
71760.410    0.206      163.845           059003.000195   059003.000574          1.0000  cm-1
71713.626    0.206      241.396           059003.000218   059003.000596 P        0.0000  cm-1
71708.227    0.206      160.596           059003.000219   059003.000597 P        0.0000  cm-1
71705.916    0.411      4813.602          059003.000076   059003.000309          0.0757  cm-1
71705.916    0.411      4813.602          059003.000219   059003.000596 P        0.0000  cm-1
71705.916    0.411      4813.602          059003.000093   059003.000312          0.9243  cm-1
71699.086    0.411      1600.315          059003.000218   059003.000593 P        0.0000  cm-1
71699.086    0.411      1600.315          059003.000176   059003.000462 P        0.0000  cm-1
71695.691    0.206      799.111           059003.000183   059003.000395          1.0000  cm-1
71674.514    0.411      317.039           059003.000211   059003.000428 P        0.0000  cm-1
71674.514    0.411      317.039           059003.000175   059003.000460 P        0.0000  cm-1
71647.505    0.205      156.868           059003.000173   059003.000458 P        0.0000  cm-1
71610.470    0.205      3865.555          059003.000235   059003.000617 P        0.0000  cm-1
71570.325    0.205      380.527           059003.000195   059003.000573          1.0000  cm-1
71564.331    0.205      1518.530          059003.000041   059003.000299          1.0000  cm-1
71560.397    0.410      7580.916          059003.000197   059003.000577          1.0000  cm-1
71534.902    0.205      150.104           059003.000184   059003.000404          1.0000  cm-1
71495.212    0.204      369.412           059003.000097   059003.000312 P        0.0000  cm-1
71495.212    0.204      369.412           059003.000188   059003.000496 P        0.0000  cm-1
71488.617    0.204      2947.572          059003.000236   059003.000619 P        0.0000  cm-1
71472.420    0.204      366.082           059003.000173   059003.000357          1.0000  cm-1
71420.407    0.204      215.133           059003.000111   059003.000313          1.0000  cm-1
71406.428    0.204      499.169           059003.000078   059003.000309          1.0000  cm-1
71397.409    0.408      1421.037          059003.000175   059003.000358 P        0.0000  cm-1
71368.617    0.204      7023.229          059003.000197   059003.000576          1.0000  cm-1
71338.181    0.204      208.118           059003.000042   059003.000448          1.0000  cm-1
71324.288    0.407      6898.268          059003.000221   059003.000602 P        0.0000  cm-1
71320.476    0.203      551.007           059003.000060   059003.000305 P        0.0000  cm-1
71320.476    0.203      551.007           059003.000069   059003.000307          1.0000  cm-1
71303.387    0.203      547.189           059003.000041   059003.000446 P        0.0000  cm-1
71303.387    0.203      547.189           059003.000099   059003.000312          1.0000  cm-1
71296.212    0.203      204.597           059003.000184   059003.000401 P        0.0000  cm-1
71296.212    0.203      204.597           059003.000194   059003.000572          1.0000  cm-1
71288.897    0.203      1359.913          059003.000176   059003.000358 P        0.0000  cm-1
71280.570    0.203      2710.590          059003.000195   059003.000572          1.0000  cm-1
71267.161    0.203      6739.408          059003.000207   059003.000589 P        0.0000  cm-1
71260.094    0.203      6719.924          059003.000080   059003.000309          1.0000  cm-1
71260.094    0.203      6719.924          059003.000207   059003.000588 P        0.0000  cm-1
71219.898    0.203      1321.965          059003.000088   059003.000311          1.0000  cm-1
71175.696    0.203      1947.043          059003.000430   059003.000542 P        0.0000  cm-1
71169.309    0.203      64.730            059003.000175   059003.000355 P        0.0000  cm-1
71152.399    0.203      128.553           059003.000203   059003.000426          1.0000  cm-1
71146.824    0.202      3206.378          059003.000080   059003.000308          1.0000  cm-1
71120.171    0.202      951.280           059003.000179   059003.000384          1.0000  cm-1
71062.498    0.202      309.514           059003.000176   059003.000355 P        0.0000  cm-1
71062.498    0.202      309.514           059003.000430   059003.000322          1.0000  cm-1
71060.079    0.404      618.397           059003.000196   059003.000421          1.0000  cm-1
71058.910    0.404      618.093           059003.000042   059003.000299          1.0000  cm-1
71048.712    0.404      1846.321          059003.000066   059003.000455          1.0000  cm-1
71044.218    0.202      184.282           059003.000216   059003.000428          1.0000  cm-1
71034.184    0.202      1223.351          059003.000196   059003.000420          1.0000  cm-1
71011.585    0.202      605.850           059003.000218   059003.000429          1.0000  cm-1
71011.585    0.202      605.850           059003.000173   059003.000352 P        0.0000  cm-1
70995.298    0.202      180.502           059003.000054   059003.000303          1.0000  cm-1
70948.201    0.201      1179.422          059003.000194   059003.000419          1.0000  cm-1
70948.201    0.201      1179.422          059003.000257   059003.000622 P        0.0000  cm-1
70945.386    0.201      176.700           059003.000205   059003.000427          1.0000  cm-1
70936.681    0.201      293.405           059003.000047   059003.000450 P        0.0000  cm-1
70931.997    0.403      5856.326          059003.000183   059003.000477 P        0.0000  cm-1
70931.997    0.403      5856.326          059003.000195   059003.000419          1.0000  cm-1
70931.997    0.403      5856.326          059003.000050   059003.000452 P        0.0000  cm-1
70906.699    0.201      3475.819          059003.000082   059003.000308          1.0000  cm-1
70895.430    0.402      576.499           059003.000180   059003.000384 P        0.0000  cm-1
70895.430    0.402      576.499           059003.000112   059003.000313          1.0000  cm-1
70889.265    0.201      5749.689          059003.000220   059003.000429          1.0000  cm-1
70884.526    0.201      573.795           059003.000188   059003.000413 P        0.0000  cm-1
70884.526    0.201      573.795           059003.000062   059003.000305 P        0.0000  cm-1
70862.485    0.201      113.671           059003.000184   059003.000397 P        0.0000  cm-1
70862.485    0.201      113.671           059003.000210   059003.000586 P        0.0000  cm-1
70853.034    0.402      169.810           059003.000432   059003.000602 P        0.0000  cm-1
70851.690    0.402      565.702           059003.000194   059003.000571          1.0000  cm-1
70851.690    0.402      565.702           059003.000209   059003.000582 P        0.0000  cm-1
70834.980    0.401      5616.143          059003.000195   059003.000571          0.5730  cm-1
70834.980    0.401      5616.143          059003.000205   059003.000426          0.4270  cm-1
70830.607    0.201      1121.096          059003.000083   059003.000308          1.0000  cm-1
70825.333    0.201      1118.527          059003.000206   059003.000427          1.0000  cm-1
70806.629    0.201      1109.450          059003.000197   059003.000421          1.0000  cm-1
70796.869    0.200      165.710           059003.000127   059003.000456          1.0000  cm-1
70780.180    0.200      21934.006         059003.000197   059003.000420 P        0.0000  cm-1
70759.632    0.401      163.030           059003.000041   059003.000296          0.1750  cm-1
70759.632    0.401      163.030           059003.000070   059003.000306          0.8250  cm-1
70733.071    0.200      161.136           059003.000222   059003.000604 P        0.0000  cm-1
70733.071    0.200      161.136           059003.000222   059003.000603 P        0.0000  cm-1
70714.505    0.200      2663.698          059003.000206   059003.000426          1.0000  cm-1
70714.505    0.200      2663.698          059003.000190   059003.000495 P        0.0000  cm-1
70709.845    0.200      106.329           059003.000222   059003.000602 P        0.0000  cm-1
70633.632    0.200      15418.241         059003.000223   059003.000593 P        0.0000  cm-1
70633.632    0.200      15418.241         059003.000223   059003.000592 P        0.0000  cm-1
70627.763    0.200      51.260            059003.000217   059003.000428          1.0000  cm-1
70613.233    0.199      254.637           059003.000057   059003.000454          1.0000  cm-1
70582.631    0.199      1004.653          059003.000060   059003.000304          1.0000  cm-1
70548.822    0.199      49.473            059003.000088   059003.000310          1.0000  cm-1
70473.842    0.199      334.715           059003.000085   059003.000309          1.0000  cm-1
70421.495    0.397      466.834           059003.000226   059003.000596 P        0.0000  cm-1
70419.011    0.397      2331.506          059003.000072   059003.000306          1.0000  cm-1
70405.980    0.198      231.756           059003.000226   059003.000592 P        0.0000  cm-1
70383.125    0.198      687.974           059003.000115   059003.000313          1.0000  cm-1
70383.125    0.198      687.974           059003.000245   059003.000618 P        0.0000  cm-1
70360.003    0.198      4537.671          059003.000085   059003.000308 P        0.0000  cm-1
70360.003    0.198      4537.671          059003.000106   059003.000312          1.0000  cm-1
70349.270    0.198      45.151            059003.000227   059003.000606 P        0.0000  cm-1
70319.585    0.396      133.596           059003.000053   059003.000452          1.0000  cm-1
70319.585    0.396      133.596           059003.000177   059003.000357 P        0.0000  cm-1
70296.240    0.395      440.493           059003.000246   059003.000614 P        0.0000  cm-1
70296.240    0.395      440.493           059003.000246   059003.000613 P        0.0000  cm-1
70287.998    0.198      438.797           059003.000227   059003.000598 P        0.0000  cm-1
70287.998    0.198      438.797           059003.000227   059003.000599 P        0.0000  cm-1
70276.887    0.198      87.304            059003.000213   059003.000583 P        0.0000  cm-1
70276.887    0.198      87.304            059003.000214   059003.000590 P        0.0000  cm-1
70276.887    0.198      87.304            059003.000086   059003.000309          1.0000  cm-1
70268.432    0.395      86.958            059003.000191   059003.000495 P        0.0000  cm-1
70268.432    0.395      86.958            059003.000072   059003.000455          1.0000  cm-1
70268.432    0.395      86.958            059003.000191   059003.000494 P        0.0000  cm-1
70254.673    0.197      129.597           059003.000247   059003.000612 P        0.0000  cm-1
70254.673    0.197      129.597           059003.000042   059003.000296          0.1310  cm-1
70254.673    0.197      129.597           059003.000053   059003.000451          0.8690  cm-1
70254.673    0.197      129.597           059003.000213   059003.000581 P        0.0000  cm-1
70254.673    0.197      129.597           059003.000227   059003.000592 P        0.0000  cm-1
70241.829    0.197      214.693           059003.000186   059003.000489          1.0000  cm-1
70186.517    0.197      83.660            059003.000214   059003.000580 P        0.0000  cm-1
70186.517    0.197      83.660            059003.000185   059003.000486          0.1741  cm-1
70186.517    0.197      83.660            059003.000214   059003.000579 P        0.0000  cm-1
70186.517    0.197      83.660            059003.000430   059003.000317          0.8259  cm-1
70122.926    0.197      4058.096          059003.000099   059003.000311          1.0000  cm-1
70076.398    0.196      3968.418          059003.000181   059003.000474 P        0.0000  cm-1
70027.123    0.196      1550.004          059003.000087   059003.000309          1.0000  cm-1
69993.563    0.196      114.369           059003.000182   059003.000384          1.0000  cm-1
69913.988    0.196      733.313           059003.000087   059003.000308          1.0000  cm-1
69884.617    0.195      108.414           059003.000060   059003.000303          1.0000  cm-1
69869.291    0.195      721.494           059003.000199   059003.000421          1.0000  cm-1
69854.147    0.195      108.730           059003.000093   059003.000310          1.0000  cm-1
69854.147    0.195      108.730           059003.000230   059003.000599 P        0.0000  cm-1
69846.499    0.390      181.645           059003.000131   059003.000456          0.7445  cm-1
69846.499    0.390      181.645           059003.000053   059003.000450          0.2555  cm-1
69831.676    0.390      182.476           059003.000046   059003.000448 P        0.0000  cm-1
69738.116    0.195      751.227           059003.000203   059003.000577 P        0.0000  cm-1
69738.116    0.195      751.227           059003.000111   059003.000312          1.0000  cm-1
69693.932    0.194      1522.998          059003.000088   059003.000308          0.5681  cm-1
69693.932    0.194      1522.998          059003.000181   059003.000381          0.4319  cm-1
69638.999    0.194      387.228           059003.000069   059003.000305 P        0.0000  cm-1
69569.812    0.194      276.874           059003.000218   059003.000582 P        0.0000  cm-1
69547.274    0.193      39.828            059003.000234   059003.000601 P        0.0000  cm-1
69547.274    0.193      39.828            059003.000203   059003.000576          1.0000  cm-1
69547.274    0.193      39.828            059003.000234   059003.000600 P        0.0000  cm-1
69539.232    0.387      1996.295          059003.000219   059003.000581 P        0.0000  cm-1
69539.232    0.387      1996.295          059003.000049   059003.000301 P        0.0000  cm-1
69539.232    0.387      1996.295          059003.000219   059003.000580 P        0.0000  cm-1
69515.309    0.387      804.392           059003.000197   059003.000574 P        0.0000  cm-1
69506.281    0.193      201.655           059003.000234   059003.000593 P        0.0000  cm-1
69506.281    0.193      201.655           059003.000104   059003.000311          1.0000  cm-1
69504.004    0.193      121.077           059003.000089   059003.000309          1.0000  cm-1
69496.321    0.193      80.908            059003.000105   059003.000311          1.0000  cm-1
69466.629    0.193      4082.348          059003.000054   059003.000450 P        0.0000  cm-1
69448.205    0.193      1231.627          059003.000062   059003.000303          1.0000  cm-1
69433.169    0.193      206.217           059003.000132   059003.000457          1.0000  cm-1
69409.111    0.385      415.480           059003.000431   059003.000588 P        0.0000  cm-1
69403.773    0.385      41.616            059003.000191   059003.000492 P        0.0000  cm-1
69377.577    0.193      839.006           059003.000121   059003.000313          1.0000  cm-1
69334.187    0.192      425.098           059003.000080   059003.000307          0.0709  cm-1
69334.187    0.192      425.098           059003.000169   059003.000348          0.9291  cm-1
69299.824    0.192      42.958            059003.000206   059003.000577 P        0.0000  cm-1
69299.824    0.192      42.958            059003.000063   059003.000303          1.0000  cm-1
69268.429    0.384      86.742            059003.000215   059003.000427          1.0000  cm-1
69246.995    0.192      873.110           059003.000072   059003.000305 P        0.0000  cm-1
69246.995    0.192      873.110           059003.000236   059003.000604 P        0.0000  cm-1
69246.995    0.192      873.110           059003.000236   059003.000603 P        0.0000  cm-1
69236.206    0.192      87.599            059003.000041   059003.000445          1.0000  cm-1
69225.670    0.383      2197.004          059003.000123   059003.000313          0.3752  cm-1
69225.670    0.383      2197.004          059003.000236   059003.000602 P        0.0000  cm-1
69225.670    0.383      2197.004          059003.000047   059003.000447          0.6248  cm-1
69225.670    0.383      2197.004          059003.000198   059003.000573 P        0.0000  cm-1
69202.577    0.383      132.751           059003.000254   059003.000619 P        0.0000  cm-1
69202.577    0.383      132.751           059003.000236   059003.000600 P        0.0000  cm-1
69190.794    0.191      88.818            059003.000185   059003.000483          1.0000  cm-1
69179.401    0.191      13369.048         059003.000106   059003.000311          1.0000  cm-1
69172.605    0.191      178.623           059003.000237   059003.000597 P        0.0000  cm-1
69172.605    0.191      178.623           059003.000237   059003.000596 P        0.0000  cm-1
69164.806    0.383      2238.093          059003.000050   059003.000448          1.0000  cm-1
69164.806    0.383      2238.093          059003.000255   059003.000617 P        0.0000  cm-1
69164.806    0.383      2238.093          059003.000202   059003.000421 P        0.0000  cm-1
69139.026    0.191      45.114            059003.000185   059003.000395          1.0000  cm-1
69094.122    0.191      137.203           059003.000082   059003.000307          1.0000  cm-1
69052.769    0.191      4631.232          059003.000114   059003.000312          1.0000  cm-1
69035.793    0.381      465.516           059003.000197   059003.000572 P        0.0000  cm-1
69021.978    0.191      233.736           059003.000095   059003.000309          1.0000  cm-1
68941.736    0.190      95.797            059003.000186   059003.000398 P        0.0000  cm-1
68941.736    0.190      95.797            059003.000238   059003.000602 P        0.0000  cm-1
68908.818    0.190      1451.345          059003.000095   059003.000308          1.0000  cm-1
68900.990    0.380      14547.880         059003.000097   059003.000309 P        0.0000  cm-1
68900.990    0.380      14547.880         059003.000186   059003.000397 P        0.0000  cm-1
68900.990    0.380      14547.880         059003.000069   059003.000304          1.0000  cm-1
68880.814    0.190      4878.991          059003.000079   059003.000306          1.0000  cm-1
68870.289    0.379      391.564           059003.000256   059003.000617 P        0.0000  cm-1
68847.848    0.190      49.279            059003.000186   059003.000483          1.0000  cm-1
68843.555    0.190      49.343            059003.000256   059003.000614 P        0.0000  cm-1
68843.555    0.190      49.343            059003.000256   059003.000613 P        0.0000  cm-1
68843.555    0.190      49.343            059003.000046   059003.000297          1.0000  cm-1
68843.555    0.190      49.343            059003.000196   059003.000571 P        0.0000  cm-1
68828.482    0.189      1982.726          059003.000060   059003.000452          1.0000  cm-1
68822.469    0.379      4965.831          059003.000256   059003.000612 P        0.0000  cm-1
68822.469    0.379      4965.831          059003.000256   059003.000611 P        0.0000  cm-1
68818.677    0.379      994.305           059003.000234   059003.000429 P        0.0000  cm-1
68803.938    0.189      1498.113          059003.000098   059003.000309 P        0.0000  cm-1
68789.757    0.189      351.060           059003.000054   059003.000302 P        0.0000  cm-1
68789.757    0.189      351.060           059003.000097   059003.000308          1.0000  cm-1
68763.248    0.189      1011.089          059003.000229   059003.000428 P        0.0000  cm-1
68763.248    0.189      1011.089          059003.000060   059003.000451          1.0000  cm-1
68747.322    0.378      253.990           059003.000046   059003.000296          1.0000  cm-1
68730.562    0.378      20422.186         059003.000079   059003.000455 P        0.0000  cm-1
68700.996    0.189      1545.380          059003.000239   059003.000597 P        0.0000  cm-1
68700.996    0.189      1545.380          059003.000115   059003.000312          1.0000  cm-1
68700.996    0.189      1545.380          059003.000239   059003.000596 P        0.0000  cm-1
68654.243    0.189      104.487           059003.000240   059003.000602 P        0.0000  cm-1
68654.243    0.189      104.487           059003.000180   059003.000366 P        0.0000  cm-1
68646.520    0.188      52.365            059003.000218   059003.000427          1.0000  cm-1
68636.586    0.188      2100.874          059003.000184   059003.000380 P        0.0000  cm-1
68613.791    0.377      211.534           059003.000179   059003.000365 P        0.0000  cm-1
68597.274    0.188      531.468           059003.000099   059003.000308          1.0000  cm-1
68592.094    0.188      106.459           059003.000231   059003.000428          1.0000  cm-1
68577.604    0.188      534.621           059003.000199   059003.000574          1.0000  cm-1
68558.228    0.376      1613.231          059003.000111   059003.000311          1.0000  cm-1
68554.137    0.188      107.681           059003.000053   059003.000448          1.0000  cm-1
68528.020    0.376      108.529           059003.000219   059003.000426          1.0000  cm-1
68521.080    0.188      163.133           059003.000206   059003.000420          0.6475  cm-1
68521.080    0.188      163.133           059003.000067   059003.000303          0.3525  cm-1
68508.439    0.188      2183.382          059003.000072   059003.000304 P        0.0000  cm-1
68508.439    0.188      2183.382          059003.000106   059003.000310          1.0000  cm-1
68490.804    0.188      2194.969          059003.000224   059003.000582 P        0.0000  cm-1
68482.692    0.188      55.008            059003.000223   059003.000581 P        0.0000  cm-1
68472.512    0.188      110.352           059003.000223   059003.000578 P        0.0000  cm-1
68436.048    0.187      111.566           059003.000225   059003.000580 P        0.0000  cm-1
68436.048    0.187      111.566           059003.000225   059003.000579 P        0.0000  cm-1
68427.301    0.187      223.717           059003.000135   059003.000456 P        0.0000  cm-1
68427.301    0.187      223.717           059003.000225   059003.000578 P        0.0000  cm-1
68427.301    0.187      223.717           059003.000136   059003.000541 P        0.0000  cm-1
68417.419    0.374      5609.505          059003.000257   059003.000612 P        0.0000  cm-1
68417.419    0.374      5609.505          059003.000257   059003.000611 P        0.0000  cm-1
68417.419    0.374      5609.505          059003.000069   059003.000454          1.0000  cm-1
68392.202    0.187      2826.017          059003.000184   059003.000470 P        0.0000  cm-1
68392.202    0.187      2826.017          059003.000062   059003.000452          1.0000  cm-1
68366.716    0.187      1708.595          059003.000070   059003.000454          1.0000  cm-1
68337.194    0.187      11491.683         059003.000073   059003.000304          1.0000  cm-1
68326.822    0.187      23054.760         059003.000062   059003.000451 P        0.0000  cm-1
68317.398    0.187      577.995           059003.000241   059003.000593 P        0.0000  cm-1
68317.398    0.187      577.995           059003.000241   059003.000592 P        0.0000  cm-1
68282.598    0.373      3504.222          059003.000242   059003.000598 P        0.0000  cm-1
68282.598    0.373      3504.222          059003.000242   059003.000599 P        0.0000  cm-1
68253.607    0.186      11782.293         059003.000226   059003.000580 P        0.0000  cm-1
68253.607    0.186      11782.293         059003.000242   059003.000595 P        0.0000  cm-1
68253.607    0.186      11782.293         059003.000226   059003.000579 P        0.0000  cm-1
68253.607    0.186      11782.293         059003.000242   059003.000594 P        0.0000  cm-1
68249.319    0.186      117.974           059003.000242   059003.000592 P        0.0000  cm-1
68249.319    0.186      117.974           059003.000049   059003.000297          1.0000  cm-1
68213.574    0.186      59.619            059003.000064   059003.000452 P        0.0000  cm-1
68213.574    0.186      59.619            059003.000084   059003.000455 P        0.0000  cm-1
68197.931    0.186      59.898            059003.000244   059003.000597 P        0.0000  cm-1
68162.569    0.372      605.326           059003.000228   059003.000589 P        0.0000  cm-1
68162.569    0.372      605.326           059003.000212   059003.000577          1.0000  cm-1
68162.569    0.372      605.326           059003.000180   059003.000464 P        0.0000  cm-1
68154.842    0.186      182.016           059003.000228   059003.000587 P        0.0000  cm-1
68138.691    0.186      609.646           059003.000200   059003.000573          1.0000  cm-1
68133.906    0.371      6105.151          059003.000227   059003.000584 P        0.0000  cm-1
68109.349    0.186      1229.987          059003.000126   059003.000313          1.0000  cm-1
68101.384    0.186      12329.042         059003.000087   059003.000307          1.0000  cm-1
68101.384    0.186      12329.042         059003.000227   059003.000579 P        0.0000  cm-1
68093.310    0.371      308.967           059003.000104   059003.000309          1.0000  cm-1
68083.769    0.185      619.690           059003.000105   059003.000309          1.0000  cm-1
68049.839    0.185      438.180           059003.000236   059003.000428          1.0000  cm-1
68049.839    0.185      438.180           059003.000181   059003.000467 P        0.0000  cm-1
68032.433    0.185      125.843           059003.000246   059003.000594 P        0.0000  cm-1
68032.433    0.185      125.843           059003.000112   059003.000311          1.0000  cm-1
68032.433    0.185      125.843           059003.000186   059003.000477 P        0.0000  cm-1
68025.123    0.370      189.175           059003.000247   059003.000596 P        0.0000  cm-1
68025.123    0.370      189.175           059003.000072   059003.000454          1.0000  cm-1
68015.129    0.370      1264.915          059003.000053   059003.000446          1.0000  cm-1
68012.217    0.185      633.004           059003.000247   059003.000593 P        0.0000  cm-1
67945.531    0.185      1936.948          059003.000127   059003.000313          1.0000  cm-1
67919.470    0.185      1301.308          059003.000435   059003.000600 P        0.0000  cm-1
67913.736    0.184      65.176            059003.000054   059003.000300 P        0.0000  cm-1
67913.736    0.184      65.176            059003.000174   059003.000347          1.0000  cm-1
67881.516    0.184      131.601           059003.000088   059003.000307          1.0000  cm-1
67871.892    0.184      131.977           059003.000202   059003.000574          1.0000  cm-1
67855.496    0.368      265.236           059003.000169   059003.000345 P        0.0000  cm-1
67855.496    0.368      265.236           059003.000258   059003.000618 P        0.0000  cm-1
67773.274    0.367      1358.791          059003.000229   059003.000586 P        0.0000  cm-1
67773.274    0.367      1358.791          059003.000229   059003.000585 P        0.0000  cm-1
67770.790    0.184      679.894           059003.000248   059003.000597 P        0.0000  cm-1
67770.790    0.184      679.894           059003.000063   059003.000450 P        0.0000  cm-1
67764.442    0.184      681.169           059003.000191   059003.000491 P        0.0000  cm-1
67764.442    0.184      681.169           059003.000214   059003.000577          1.0000  cm-1
67712.004    0.183      2075.350          059003.000183   059003.000366 P        0.0000  cm-1
67681.617    0.183      209.401           059003.000202   059003.000573          1.0000  cm-1
67675.020    0.183      559.489           059003.000191   059003.000489 P        0.0000  cm-1
67660.043    0.366      1404.902          059003.000205   059003.000575          1.0000  cm-1
67660.043    0.366      1404.902          059003.000230   059003.000578 P        0.0000  cm-1
67653.505    0.183      7038.040          059003.000080   059003.000305 P        0.0000  cm-1
67653.505    0.183      7038.040          059003.000106   059003.000308          1.0000  cm-1
67639.038    0.183      706.806           059003.000073   059003.000303          1.0000  cm-1
67634.886    0.183      1415.340          059003.000054   059003.000446          1.0000  cm-1
67632.820    0.183      566.480           059003.000250   059003.000602 P        0.0000  cm-1
67632.820    0.183      566.480           059003.000210   059003.000421          1.0000  cm-1
67630.717    0.183      212.561           059003.000241   059003.000429          1.0000  cm-1
67620.797    0.183      355.304           059003.000232   059003.000589 P        0.0000  cm-1
67614.434    0.183      142.388           059003.000232   059003.000588 P        0.0000  cm-1
67609.448    0.183      1425.965          059003.000250   059003.000601 P        0.0000  cm-1
67609.448    0.183      1425.965          059003.000250   059003.000600 P        0.0000  cm-1
67607.029    0.183      713.490           059003.000210   059003.000420          1.0000  cm-1
67588.170    0.365      717.455           059003.000185   059003.000475 P        0.0000  cm-1
67588.170    0.365      717.455           059003.000232   059003.000585 P        0.0000  cm-1
67581.496    0.183      1437.726          059003.000223   059003.000427          1.0000  cm-1
67574.469    0.183      144.070           059003.000239   059003.000428          1.0000  cm-1
67572.722    0.183      2882.871          059003.000231   059003.000582 P        0.0000  cm-1
67572.722    0.183      2882.871          059003.000214   059003.000576          1.0000  cm-1
67563.318    0.365      722.711           059003.000130   059003.000313          1.0000  cm-1
67543.514    0.182      145.385           059003.000123   059003.000312          1.0000  cm-1
67524.090    0.182      219.323           059003.000045   059003.000445          1.0000  cm-1
67520.341    0.182      2927.530          059003.000115   059003.000311          1.0000  cm-1
67513.138    0.182      366.715           059003.000041   059003.000289 P        0.0000  cm-1
67500.296    0.182      515.338           059003.000200   059003.000419          1.0000  cm-1
67494.192    0.182      73.751            059003.000244   059003.000429          1.0000  cm-1
67489.869    0.182      221.535           059003.000259   059003.000618 P        0.0000  cm-1
67470.601    0.182      742.630           059003.000223   059003.000426          1.0000  cm-1
67457.402    0.182      1491.013          059003.000251   059003.000600 P        0.0000  cm-1
67457.402    0.182      1491.013          059003.000211   059003.000421          1.0000  cm-1
67457.402    0.182      1491.013          059003.000059   059003.000301 P        0.0000  cm-1
67446.246    0.182      224.384           059003.000047   059003.000293          1.0000  cm-1
67412.700    0.182      755.322           059003.000082   059003.000305 P        0.0000  cm-1
67409.516    0.182      604.821           059003.000212   059003.000421          1.0000  cm-1
67407.794    0.182      378.203           059003.000108   059003.000308          1.0000  cm-1
67403.703    0.182      757.312           059003.000189   059003.000400 P        0.0000  cm-1
67403.703    0.182      757.312           059003.000200   059003.000571          1.0000  cm-1
67383.364    0.182      228.549           059003.000212   059003.000420          1.0000  cm-1
67383.364    0.182      228.549           059003.000260   059003.000619 P        0.0000  cm-1
67375.871    0.182      229.049           059003.000245   059003.000429 P        0.0000  cm-1
67375.871    0.182      229.049           059003.000205   059003.000574          1.0000  cm-1
67371.913    0.363      22931.449         059003.000088   059003.000306          1.0000  cm-1
67355.436    0.181      3840.347          059003.000234   059003.000581 P        0.0000  cm-1
67355.436    0.181      3840.347          059003.000226   059003.000427          1.0000  cm-1
67355.436    0.181      3840.347          059003.000190   059003.000485 P        0.0000  cm-1
67343.159    0.181      1541.655          059003.000246   059003.000429          1.0000  cm-1
67257.317    0.181      79.037            059003.000182   059003.000464 P        0.0000  cm-1
67257.317    0.181      79.037            059003.000262   059003.000617 P        0.0000  cm-1
67243.300    0.362      7935.987          059003.000186   059003.000475 P        0.0000  cm-1
67243.300    0.362      7935.987          059003.000226   059003.000426 P        0.0000  cm-1
67243.300    0.362      7935.987          059003.000169   059003.000553 P        0.0000  cm-1
67224.128    0.181      1197.060          059003.000179   059003.000462 P        0.0000  cm-1
67211.394    0.181      1602.005          059003.000253   059003.000603 P        0.0000  cm-1
67201.095    0.181      2410.216          059003.000114   059003.000310          1.0000  cm-1
67195.183    0.181      80.479            059003.000075   059003.000303 P        0.0000  cm-1
67150.728    0.361      326.101           059003.000252   059003.000594 P        0.0000  cm-1
67144.785    0.180      3266.642          059003.000111   059003.000309          1.0000  cm-1
67128.104    0.180      246.187           059003.000188   059003.000399 P        0.0000  cm-1
67116.926    0.360      4116.457          059003.000189   059003.000399 P        0.0000  cm-1
67113.470    0.360      247.235           059003.000219   059003.000577 P        0.0000  cm-1
67113.470    0.360      247.235           059003.000433   059003.000428          0.8733  cm-1
67113.470    0.360      247.235           059003.000263   059003.000617 P        0.0000  cm-1
67113.470    0.360      247.235           059003.000243   059003.000428          0.1267  cm-1
67094.688    0.180      165.724           059003.000063   059003.000302          1.0000  cm-1
67091.842    0.180      4146.518          059003.000227   059003.000426          1.0000  cm-1
67075.070    0.180      583.342           059003.000213   059003.000421          1.0000  cm-1
67037.020    0.360      842.582           059003.000047   059003.000445          1.0000  cm-1
67031.772    0.180      253.159           059003.000111   059003.000308          1.0000  cm-1
67031.772    0.180      253.159           059003.000181   059003.000463 P        0.0000  cm-1
67031.772    0.180      253.159           059003.000236   059003.000582 P        0.0000  cm-1
67008.316    0.359      8496.103          059003.000042   059003.000289          1.0000  cm-1
67008.316    0.359      8496.103          059003.000237   059003.000581 P        0.0000  cm-1
66984.891    0.179      5132.313          059003.000214   059003.000420          1.0000  cm-1
66952.782    0.179      431.680           059003.000245   059003.000428          1.0000  cm-1
66946.777    0.359      345.943           059003.000202   059003.000571          1.0000  cm-1
66946.777    0.359      345.943           059003.000091   059003.000306 P        0.0000  cm-1
66925.438    0.358      3480.812          059003.000188   059003.000396 P        0.0000  cm-1
66925.438    0.358      3480.812          059003.000186   059003.000382 P        0.0000  cm-1
66900.962    0.179      876.370           059003.000247   059003.000428          1.0000  cm-1
66887.524    0.358      175.954           059003.000265   059003.000619 P        0.0000  cm-1
66887.524    0.358      175.954           059003.000191   059003.000402 P        0.0000  cm-1
66887.524    0.358      175.954           059003.000255   059003.000597 P        0.0000  cm-1
66879.792    0.179      17634.715         059003.000265   059003.000618 P        0.0000  cm-1
66867.000    0.179      619.495           059003.000085   059003.000305 P        0.0000  cm-1
66865.173    0.179      2656.375          059003.000203   059003.000419          1.0000  cm-1
66805.619    0.179      630.539           059003.000174   059003.000344 P        0.0000  cm-1
66784.570    0.178      271.872           059003.000099   059003.000307          1.0000  cm-1
66784.570    0.178      271.872           059003.000060   059003.000299 P        0.0000  cm-1
66767.980    0.178      91.057            059003.000435   059003.000428 P        0.0000  cm-1
66767.980    0.178      91.057            059003.000230   059003.000427          1.0000  cm-1
66736.696    0.178      91.879            059003.000188   059003.000480 P        0.0000  cm-1
66730.467    0.178      368.173           059003.000251   059003.000429          1.0000  cm-1
66677.511    0.356      4672.590          059003.000093   059003.000306          1.0000  cm-1
66663.109    0.178      4691.909          059003.000076   059003.000303          0.9619  cm-1
66663.109    0.178      4691.909          059003.000179   059003.000357          0.0381  cm-1
66626.639    0.355      284.469           059003.000062   059003.000448          1.0000  cm-1
66619.846    0.178      1900.152          059003.000112   059003.000309          1.0000  cm-1
66592.267    0.177      957.598           059003.000256   059003.000596 P        0.0000  cm-1
66592.267    0.177      957.598           059003.000063   059003.000449          1.0000  cm-1
66592.267    0.177      957.598           059003.000180   059003.000358 P        0.0000  cm-1
66547.411    0.177      969.947           059003.000205   059003.000419          1.0000  cm-1
66535.067    0.177      973.371           059003.000239   059003.000581 P        0.0000  cm-1
66514.920    0.354      9789.810          059003.000240   059003.000588 P        0.0000  cm-1
66514.920    0.354      9789.810          059003.000121   059003.000311          1.0000  cm-1
66514.920    0.354      9789.810          059003.000240   059003.000587 P        0.0000  cm-1
66506.734    0.177      1962.538          059003.000112   059003.000308          1.0000  cm-1
66471.776    0.353      39643.712         059003.000204   059003.000571 P        0.0000  cm-1
66471.776    0.353      39643.712         059003.000141   059003.000457          1.0000  cm-1
66471.776    0.353      39643.712         059003.000096   059003.000306 P        0.0000  cm-1
66460.107    0.177      198.878           059003.000252   059003.000429          1.0000  cm-1
66454.770    0.177      2987.710          059003.000234   059003.000427          1.0000  cm-1
66454.770    0.177      2987.710          059003.000084   059003.000304 P        0.0000  cm-1
66427.125    0.177      501.884           059003.000126   059003.000312          1.0000  cm-1
66365.590    0.176      102.147           059003.000062   059003.000300 P        0.0000  cm-1
66365.590    0.176      102.147           059003.000174   059003.000550          0.4515  cm-1
66365.590    0.176      102.147           059003.000180   059003.000355          0.5485  cm-1
66363.028    0.176      306.665           059003.000123   059003.000311          1.0000  cm-1
66309.736    0.352      2075.571          059003.000169   059003.000547 P        0.0000  cm-1
66274.895    0.351      733.654           059003.000099   059003.000306          1.0000  cm-1
66262.239    0.351      210.368           059003.000127   059003.000312          1.0000  cm-1
66244.241    0.351      5286.036          059003.000179   059003.000353 P        0.0000  cm-1
66169.332    0.175      431.926           059003.000064   059003.000299          1.0000  cm-1
66169.332    0.175      431.926           059003.000059   059003.000297 P        0.0000  cm-1
66128.564    0.350      10922.998         059003.000085   059003.000304          0.5927  cm-1
66128.564    0.350      10922.998         059003.000046   059003.000291          0.4073  cm-1
66128.564    0.350      10922.998         059003.000242   059003.000584 P        0.0000  cm-1
66109.928    0.175      109.805           059003.000073   059003.000450 P        0.0000  cm-1
66107.919    0.175      109.867           059003.000115   059003.000309          1.0000  cm-1
66070.707    0.349      555.118           059003.000066   059003.000301          1.0000  cm-1
66067.571    0.175      555.608           059003.000213   059003.000575 P        0.0000  cm-1
66011.269    0.349      5644.663          059003.000225   059003.000577 P        0.0000  cm-1
65976.381    0.174      1710.054          059003.000082   059003.000303          1.0000  cm-1
65976.381    0.174      1710.054          059003.000211   059003.000573 P        0.0000  cm-1
65947.186    0.174      114.940           059003.000053   059003.000445          1.0000  cm-1
65939.881    0.348      4607.021          059003.000063   059003.000446          1.0000  cm-1
65930.311    0.174      577.423           059003.000221   059003.000421          1.0000  cm-1
65904.769    0.347      11631.291         059003.000246   059003.000583 P        0.0000  cm-1
65900.417    0.174      1164.546          059003.000083   059003.000303          1.0000  cm-1
65892.567    0.347      2334.210          059003.000256   059003.000429 P        0.0000  cm-1
65869.992    0.347      4697.967          059003.000246   059003.000578 P        0.0000  cm-1
65851.866    0.173      236.091           059003.000047   059003.000290          1.0000  cm-1
65847.734    0.173      236.363           059003.000041   059003.000282          1.0000  cm-1
65834.249    0.347      474.509           059003.000134   059003.000313 P        0.0000  cm-1
65822.085    0.173      11903.046         059003.000074   059003.000450 P        0.0000  cm-1
65783.929    0.173      120.303           059003.000042   059003.000284          0.6548  cm-1
65783.929    0.173      120.303           059003.000213   059003.000574          0.3452  cm-1
65692.617    0.345      12339.765         059003.000123   059003.000310          1.0000  cm-1
65681.916    0.345      247.530           059003.000087   059003.000304          1.0000  cm-1
65365.836    0.171      135.049           059003.000064   059003.000296          1.0000  cm-1
63721.012    0.162      209.042           059003.000126   059003.000308          1.0000  cm-1
63557.112    0.323      2179.673          059003.000127   059003.000308          1.0000  cm-1
63557.112    0.323      2179.673          059003.000272   059003.000617 P        0.0000  cm-1
63296.907    0.160      232.763           059003.000154   059003.000457          1.0000  cm-1
63286.929    0.160      700.039           059003.000130   059003.000309          1.0000  cm-1
62712.746    0.157      2688.645          059003.000135   059003.000311          1.0000  cm-1
61680.881    0.152      34274.745         059003.000141   059003.000312          1.0000  cm-1
61628.642    0.152      346.836           059003.000070   059003.000291          1.0000  cm-1
61539.631    0.151      353.880           059003.000255   059003.000421 P        0.0000  cm-1
61539.631    0.151      353.880           059003.000148   059003.000313          1.0000  cm-1
61446.421    0.302      72272.118         059003.000134   059003.000308          1.0000  cm-1
61446.421    0.302      72272.118         059003.000149   059003.000313 P        0.0000  cm-1
61344.166    0.301      1848.442          059003.000085   059003.000295 P        0.0000  cm-1
61344.166    0.301      1848.442          059003.000188   059003.000359 P        0.0000  cm-1
61344.166    0.301      1848.442          059003.000123   059003.000305          0.1960  cm-1
61344.166    0.301      1848.442          059003.000096   059003.000301          0.0954  cm-1
61344.166    0.301      1848.442          059003.000042   059003.000437          0.7086  cm-1
61344.166    0.301      1848.442          059003.000078   059003.000293 P        0.0000  cm-1
60788.686    0.148      417.113           059003.000268   059003.000578 P        0.0000  cm-1
60677.151    0.147      1281.208          059003.000433   059003.000571 P        0.0000  cm-1
60677.151    0.147      1281.208          059003.000243   059003.000571 P        0.0000  cm-1
60677.151    0.147      1281.208          059003.000063   059003.000283          1.0000  cm-1
60677.151    0.147      1281.208          059003.000189   059003.000356 P        0.0000  cm-1
60635.933    0.294      172313.731        059003.000438   059003.000602 P        0.0000  cm-1
60635.933    0.294      172313.731        059003.000244   059003.000571 P        0.0000  cm-1
60452.835    0.146      1342.547          059003.000064   059003.000282          1.0000  cm-1
60342.525    0.146      915.545           059003.000104   059003.000449 P        0.0000  cm-1
60205.386    0.145      1412.109          059003.000172   059003.000457          1.0000  cm-1
60205.386    0.145      1412.109          059003.000258   059003.000421 P        0.0000  cm-1
60109.195    0.145      479.888           059003.000080   059003.000292 P        0.0000  cm-1
60055.406    0.144      3880.523          059003.000096   059003.000297          1.0000  cm-1
60055.406    0.144      3880.523          059003.000441   059003.000599 P        0.0000  cm-1
60019.763    0.144      488.512           059003.000441   059003.000592 P        0.0000  cm-1
60019.763    0.144      488.512           059003.000101   059003.000447          1.0000  cm-1
60016.879    0.144      3421.537          059003.000271   059003.000588 P        0.0000  cm-1
60016.879    0.144      3421.537          059003.000070   059003.000443          1.0000  cm-1
60016.879    0.144      3421.537          059003.000271   059003.000587 P        0.0000  cm-1
59959.375    0.144      1977.515          059003.000096   059003.000296          1.0000  cm-1
59959.375    0.144      1977.515          059003.000105   059003.000300 P        0.0000  cm-1
59775.932    0.143      2049.651          059003.000070   059003.000284          1.0000  cm-1
59749.187    0.143      515.068           059003.000079   059003.000291 P        0.0000  cm-1
59749.187    0.143      515.068           059003.000278   059003.000604 P        0.0000  cm-1
59749.187    0.143      515.068           059003.000078   059003.000290          1.0000  cm-1
59749.187    0.143      515.068           059003.000278   059003.000603 P        0.0000  cm-1
59633.843    0.142      15797.712         059003.000134   059003.000307 P        0.0000  cm-1
59633.843    0.142      15797.712         059003.000262   059003.000421 P        0.0000  cm-1
59494.024    0.142      4325.672          059003.000073   059003.000285          1.0000  cm-1
59485.815    0.283      541.543           059003.000121   059003.000453          1.0000  cm-1
59386.407    0.141      2758.413          059003.000133   059003.000306          1.0000  cm-1
59346.017    0.845      1111.648          059003.000150   059003.000312          1.0000  cm-1
59346.017    0.845      1111.648          059003.000237   059003.000570 P        0.0000  cm-1
59315.321    0.141      558.979           059003.000076   059003.000288          1.0000  cm-1
59273.832    0.141      563.255           059003.000098   059003.000294 P        0.0000  cm-1
59178.601    0.140      1146.228          059003.000225   059003.000569 P        0.0000  cm-1
59111.224    0.140      5801.257          059003.000272   059003.000581 P        0.0000  cm-1
59074.909    0.140      17517.507         059003.000120   059003.000452 P        0.0000  cm-1
59012.819    0.139      59041.748         059003.000113   059003.000301          1.0000  cm-1
59000.673    0.139      591.692           059003.000111   059003.000299          1.0000  cm-1
59000.673    0.139      591.692           059003.000059   059003.000441 P        0.0000  cm-1
58959.516    0.139      8940.241          059003.000095   059003.000293          1.0000  cm-1
58868.925    0.139      6055.667          059003.000112   059003.000449          1.0000  cm-1
58843.739    0.139      1824.688          059003.000227   059003.000569          1.0000  cm-1
58843.739    0.139      1824.688          059003.000119   059003.000450 P        0.0000  cm-1
58819.101    0.138      610.837           059003.000279   059003.000603 P        0.0000  cm-1
58819.101    0.138      610.837           059003.000045   059003.000267 P        0.0000  cm-1
58819.101    0.138      610.837           059003.000106   059003.000296          1.0000  cm-1
58790.606    0.138      12277.141         059003.000126   059003.000303          1.0000  cm-1
58745.223    0.138      618.674           059003.000041   059003.000262 P        0.0000  cm-1
58745.223    0.138      618.674           059003.000081   059003.000288          1.0000  cm-1
58626.786    0.275      31564.344         059003.000225   059003.000568 P        0.0000  cm-1
58626.786    0.275      31564.344         059003.000127   059003.000303          1.0000  cm-1
58591.126    0.137      6350.950          059003.000073   059003.000281          1.0000  cm-1
58564.676    0.137      637.923           059003.000540   059003.000288 P        0.0000  cm-1
58564.676    0.137      637.923           059003.000104   059003.000294          1.0000  cm-1
58474.781    0.137      1295.098          059003.000112   059003.000298          1.0000  cm-1
58431.418    0.273      1304.402          059003.000097   059003.000445          1.0000  cm-1
58409.232    0.136      654.583           059003.000230   059003.000569          1.0000  cm-1
58382.297    0.273      39448.571         059003.000161   059003.000313          1.0000  cm-1
58293.026    0.136      3335.382          059003.000227   059003.000568          0.4641  cm-1
58293.026    0.136      3335.382          059003.000064   059003.000441          0.5359  cm-1
58215.010    0.136      135095.361        059003.000133   059003.000305          1.0000  cm-1
58138.387    0.135      1367.468          059003.000151   059003.000311 P        0.0000  cm-1
58138.387    0.135      1367.468          059003.000079   059003.000443          1.0000  cm-1
58102.308    0.270      3438.115          059003.000054   059003.000436 P        0.0000  cm-1
58071.634    0.135      10363.949         059003.000080   059003.000285          1.0000  cm-1
58016.719    0.135      6968.504          059003.000111   059003.000295          1.0000  cm-1
57952.432    0.269      2111.340          059003.000134   059003.000305 P        0.0000  cm-1
57897.378    0.134      709.712           059003.000079   059003.000284          1.0000  cm-1
57894.454    0.134      710.027           059003.000441   059003.000583 P        0.0000  cm-1
57860.262    0.134      713.709           059003.000282   059003.000593 P        0.0000  cm-1
57860.262    0.134      713.709           059003.000282   059003.000592 P        0.0000  cm-1
57860.262    0.134      713.709           059003.000082   059003.000286          1.0000  cm-1
57860.262    0.134      713.709           059003.000441   059003.000578 P        0.0000  cm-1
57813.424    0.134      2156.251          059003.000091   059003.000291          1.0000  cm-1
57755.325    0.133      1449.996          059003.000083   059003.000285          1.0000  cm-1
57752.523    0.133      1450.598          059003.000276   059003.000426 P        0.0000  cm-1
57752.523    0.133      1450.598          059003.000283   059003.000604 P        0.0000  cm-1
57752.523    0.133      1450.598          059003.000283   059003.000603 P        0.0000  cm-1
57752.523    0.133      1450.598          059003.000097   059003.000292          1.0000  cm-1
57723.990    0.133      14567.287         059003.000113   059003.000297          1.0000  cm-1
57669.166    0.133      1468.497          059003.000126   059003.000451 P        0.0000  cm-1
57669.166    0.133      1468.497          059003.000042   059003.000258          1.0000  cm-1
57611.756    0.133      740.400           059003.000105   059003.000445 P        0.0000  cm-1
57582.253    0.133      148711.503        059003.000125   059003.000450          1.0000  cm-1
57570.651    0.133      7447.983          059003.000127   059003.000452          1.0000  cm-1
57505.275    0.132      22553.393         059003.000127   059003.000451          1.0000  cm-1
57476.555    0.132      150968.218        059003.000133   059003.000304          1.0000  cm-1
57476.555    0.132      150968.218        059003.000264   059003.000572 P        0.0000  cm-1
57455.711    0.132      757.061           059003.000079   059003.000282          1.0000  cm-1
57419.687    0.132      760.891           059003.000045   059003.000264          1.0000  cm-1
57419.687    0.132      760.891           059003.000284   059003.000593 P        0.0000  cm-1
57402.878    0.132      7626.768          059003.000063   059003.000275          1.0000  cm-1
57359.936    0.132      306892.477        059003.000139   059003.000306          1.0000  cm-1
57340.867    0.132      2307.751          059003.000096   059003.000291          1.0000  cm-1
57291.025    0.263      7745.181          059003.000119   059003.000300 P        0.0000  cm-1
57291.025    0.263      7745.181          059003.000540   059003.000283 P        0.0000  cm-1
57277.734    0.131      2327.761          059003.000083   059003.000283          1.0000  cm-1
57209.906    0.131      78305.855         059003.000139   059003.000455 P        0.0000  cm-1
57197.436    0.131      3921.838          059003.000063   059003.000273 P        0.0000  cm-1
57170.299    0.131      1574.425          059003.000149   059003.000309          1.0000  cm-1
57127.778    0.261      3958.297          059003.000264   059003.000419 P        0.0000  cm-1
56993.599    0.130      161119.753        059003.000133   059003.000454          1.0000  cm-1
56982.200    0.260      8067.760          059003.000281   059003.000428 P        0.0000  cm-1
56965.611    0.130      3233.948          059003.000225   059003.000567          1.0000  cm-1
56876.482    0.129      5723.457          059003.000046   059003.000263          1.0000  cm-1
56840.207    0.129      24640.154         059003.000242   059003.000569          1.0000  cm-1
56840.207    0.129      24640.154         059003.000041   059003.000255 P        0.0000  cm-1
56820.894    0.129      823.304           059003.000069   059003.000439 P        0.0000  cm-1
56801.467    0.258      8252.767          059003.000445   059003.000619 P        0.0000  cm-1
56784.237    0.129      1654.047          059003.000226   059003.000567          1.0000  cm-1
56732.280    0.129      5825.892          059003.000046   059003.000262          0.4702  cm-1
56732.280    0.129      5825.892          059003.000134   059003.000454          0.1710  cm-1
56732.280    0.129      5825.892          059003.000074   059003.000278          0.3588  cm-1
56732.280    0.129      5825.892          059003.000175   059003.000313 P        0.0000  cm-1
56654.428    0.128      3360.299          059003.000154   059003.000310          1.0000  cm-1
56647.625    0.128      840.753           059003.000088   059003.000286          1.0000  cm-1
56647.625    0.128      840.753           059003.000101   059003.000290 P        0.0000  cm-1
56639.799    0.128      1683.066          059003.000150   059003.000308 P        0.0000  cm-1
56611.294    0.128      2533.103          059003.000086   059003.000283          1.0000  cm-1
56557.436    0.128      4248.476          059003.000112   059003.000293          1.0000  cm-1
56527.070    0.128      17053.646         059003.000080   059003.000279          1.0000  cm-1
56516.397    0.128      85372.932         059003.000134   059003.000303 P        0.0000  cm-1
56516.397    0.128      85372.932         059003.000099   059003.000289 P        0.0000  cm-1
56454.816    0.127      3438.961          059003.000047   059003.000260 P        0.0000  cm-1
56454.816    0.127      3438.961          059003.000064   059003.000437          1.0000  cm-1
56429.301    0.127      2586.646          059003.000072   059003.000439          1.0000  cm-1
56420.992    0.127      863.019           059003.000165   059003.000312          1.0000  cm-1
56361.619    0.127      868.735           059003.000257   059003.000570          1.0000  cm-1
56289.985    0.253      13133.409         059003.000125   059003.000448          0.0488  cm-1
56289.985    0.253      13133.409         059003.000242   059003.000568          0.9512  cm-1
56278.448    0.127      17533.049         059003.000219   059003.000566          1.0000  cm-1
56251.950    0.127      3516.609          059003.000063   059003.000271          1.0000  cm-1
56210.568    0.126      1766.066          059003.000050   059003.000263          0.7472  cm-1
56210.568    0.126      1766.066          059003.000083   059003.000279          0.2528  cm-1
56210.568    0.126      1766.066          059003.000289   059003.000596 P        0.0000  cm-1
56196.822    0.126      3537.265          059003.000289   059003.000594 P        0.0000  cm-1
56196.822    0.126      3537.265          059003.000230   059003.000567          1.0000  cm-1
56160.973    0.126      4438.236          059003.000046   059003.000258          1.0000  cm-1
56149.398    0.252      8887.180          059003.000276   059003.000576 P        0.0000  cm-1
55994.643    0.125      9028.077          059003.000111   059003.000292          1.0000  cm-1
55969.388    0.251      9050.653          059003.000126   059003.000448          1.0000  cm-1
55960.833    0.125      3623.309          059003.000091   059003.000284          1.0000  cm-1
55954.888    0.125      13595.340         059003.000041   059003.000248          1.0000  cm-1
55935.606    0.125      2724.198          059003.000087   059003.000281          1.0000  cm-1
55913.967    0.125      1819.953          059003.000153   059003.000309          1.0000  cm-1
55913.967    0.125      1819.953          059003.000101   059003.000288 P        0.0000  cm-1
55893.117    0.125      911.809           059003.000063   059003.000270          1.0000  cm-1
55889.430    0.125      912.132           059003.000073   059003.000277          1.0000  cm-1
55867.324    0.125      914.063           059003.000128   059003.000449 P        0.0000  cm-1
55805.502    0.125      27582.375         059003.000127   059003.000448 P        0.0000  cm-1
55785.862    0.124      921.095           059003.000042   059003.000251          1.0000  cm-1
55750.835    0.124      92407.633         059003.000125   059003.000446 P        0.0000  cm-1
55750.835    0.124      92407.633         059003.000060   059003.000267 P        0.0000  cm-1
55742.199    0.124      36992.292         059003.000073   059003.000275          1.0000  cm-1
55722.290    0.248      37059.453         059003.000290   059003.000602 P        0.0000  cm-1
55722.290    0.248      37059.453         059003.000133   059003.000452          1.0000  cm-1
55722.290    0.248      37059.453         059003.000258   059003.000570 P        0.0000  cm-1
55715.829    0.124      9270.294          059003.000088   059003.000281          1.0000  cm-1
55689.771    0.124      9292.103          059003.000126   059003.000299          1.0000  cm-1
55687.935    0.124      1858.727          059003.000073   059003.000274 P        0.0000  cm-1
55645.673    0.124      18657.338         059003.000041   059003.000245          1.0000  cm-1
55572.440    0.124      938.842           059003.000106   059003.000289 P        0.0000  cm-1
55527.727    0.123      18848.591         059003.000041   059003.000244          1.0000  cm-1
55519.406    0.247      94309.200         059003.000091   059003.000282          0.6196  cm-1
55519.406    0.247      94309.200         059003.000161   059003.000311          0.3804  cm-1
55495.004    0.123      945.025           059003.000050   059003.000258 P        0.0000  cm-1
55488.171    0.123      4727.818          059003.000096   059003.000284          1.0000  cm-1
55484.904    0.123      18916.414         059003.000041   059003.000243          1.0000  cm-1
55480.652    0.500      18923.101         059003.000141   059003.000305 P        0.0000  cm-1
55480.652    0.500      18923.101         059003.000193   059003.000560 P        0.0000  cm-1
55480.652    0.500      18923.101         059003.000054   059003.000265 P        0.0000  cm-1
55460.037    0.500      2843.309          059003.000054   059003.000264 P        0.0000  cm-1
55460.037    0.500      2843.309          059003.000134   059003.000452          1.0000  cm-1
55456.011    0.500      2844.251          059003.000295   059003.000619 P        0.0000  cm-1
55456.011    0.500      2844.251          059003.000211   059003.000565 P        0.0000  cm-1
55456.011    0.500      2844.251          059003.000053   059003.000262 P        0.0000  cm-1
55456.011    0.500      2844.251          059003.000074   059003.000275 P        0.0000  cm-1
55421.497    0.123      9507.601          059003.000073   059003.000272          1.0000  cm-1
55408.572    0.123      38070.194         059003.000212   059003.000565 P        0.0000  cm-1
55386.902    0.123      4767.066          059003.000069   059003.000437 P        0.0000  cm-1
55312.396    0.122      3836.094          059003.000539   059003.000273 P        0.0000  cm-1
55293.949    0.122      14405.858         059003.000087   059003.000279          1.0000  cm-1
55293.949    0.122      14405.858         059003.000540   059003.000278 P        0.0000  cm-1
55262.177    0.122      3850.896          059003.000078   059003.000440 P        0.0000  cm-1
55262.177    0.122      3850.896          059003.000089   059003.000280          1.0000  cm-1
55190.869    0.244      193572.571        059003.000296   059003.000611 P        0.0000  cm-1
55190.869    0.244      193572.571        059003.000042   059003.000247 P        0.0000  cm-1
55190.869    0.244      193572.571        059003.000292   059003.000600 P        0.0000  cm-1
55176.217    0.122      19378.034         059003.000225   059003.000566          1.0000  cm-1
55176.217    0.122      19378.034         059003.000296   059003.000607 P        0.0000  cm-1
55117.826    0.122      38919.317         059003.000046   059003.000256          1.0000  cm-1
55095.663    0.121      3898.028          059003.000297   059003.000611 P        0.0000  cm-1
55095.663    0.121      3898.028          059003.000439   059003.000421 P        0.0000  cm-1
55074.537    0.121      29278.406         059003.000213   059003.000565 P        0.0000  cm-1
55051.406    0.121      1955.018          059003.000443   059003.000583 P        0.0000  cm-1
55046.590    0.121      391132.840        059003.000096   059003.000282          1.0000  cm-1
55025.359    0.121      6854.744          059003.000443   059003.000579 P        0.0000  cm-1
55023.627    0.121      2938.093          059003.000041   059003.000239 P        0.0000  cm-1
54977.891    0.121      9823.701          059003.000075   059003.000272 P        0.0000  cm-1
54966.434    0.121      14746.703         059003.000139   059003.000454          0.4695  cm-1
54966.434    0.121      14746.703         059003.000062   059003.000266          0.5305  cm-1
54957.286    0.121      29511.129         059003.000115   059003.000292          1.0000  cm-1
54919.104    0.121      49307.153         059003.000198   059003.000564          1.0000  cm-1
54904.838    0.121      987.043           059003.000104   059003.000285 P        0.0000  cm-1
54891.309    0.121      3951.563          059003.000079   059003.000439 P        0.0000  cm-1
54869.266    0.120      19785.204         059003.000054   059003.000259          1.0000  cm-1
54828.918    0.120      14875.922         059003.000148   059003.000306          1.0000  cm-1
54825.767    0.120      2975.756          059003.000046   059003.000255 P        0.0000  cm-1
54788.069    0.120      1988.351          059003.000064   059003.000266          1.0000  cm-1
54770.756    0.120      995.197           059003.000089   059003.000279 P        0.0000  cm-1
54711.835    0.120      3994.406          059003.000076   059003.000274 P        0.0000  cm-1
54711.835    0.120      3994.406          059003.000098   059003.000281 P        0.0000  cm-1
54698.728    0.120      1998.687          059003.000446   059003.000617 P        0.0000  cm-1
54698.728    0.120      1998.687          059003.000282   059003.000426 P        0.0000  cm-1
54665.328    0.239      100121.004        059003.000441   059003.000420 P        0.0000  cm-1
54635.522    0.119      20056.897         059003.000047   059003.000254          1.0000  cm-1
54635.522    0.119      20056.897         059003.000160   059003.000309 P        0.0000  cm-1
54627.107    0.239      100330.111        059003.000242   059003.000567          1.0000  cm-1
54623.108    0.119      1003.517          059003.000057   059003.000263          1.0000  cm-1
54618.784    0.119      50187.502         059003.000099   059003.000281          1.0000  cm-1
54607.092    0.119      4017.508          059003.000106   059003.000286 P        0.0000  cm-1
54575.293    0.119      15090.880         059003.000131   059003.000299          1.0000  cm-1
54551.802    0.119      100727.931        059003.000041   059003.000237 P        0.0000  cm-1
54548.229    0.119      100746.336        059003.000046   059003.000252          1.0000  cm-1
54513.797    0.119      8073.717          059003.000445   059003.000601 P        0.0000  cm-1
54513.797    0.119      8073.717          059003.000445   059003.000600 P        0.0000  cm-1
54489.409    0.119      1010.431          059003.000128   059003.000295 P        0.0000  cm-1
54489.409    0.119      1010.431          059003.000445   059003.000597 P        0.0000  cm-1
54452.265    0.119      7085.704          059003.000050   059003.000256          1.0000  cm-1
54447.400    0.119      5062.387          059003.000082   059003.000438          1.0000  cm-1
54445.323    0.119      3037.731          059003.000076   059003.000272          1.0000  cm-1
54445.323    0.119      3037.731          059003.000300   059003.000618 P        0.0000  cm-1
54439.928    0.119      3038.505          059003.000129   059003.000297 P        0.0000  cm-1
54427.370    0.118      1013.432          059003.000104   059003.000283 P        0.0000  cm-1
54407.435    0.118      20287.351         059003.000230   059003.000566          1.0000  cm-1
54407.435    0.118      20287.351         059003.000246   059003.000567 P        0.0000  cm-1
54401.103    0.118      50733.093         059003.000079   059003.000276          1.0000  cm-1
54393.472    0.118      203002.950        059003.000041   059003.000235          1.0000  cm-1
54361.209    0.118      2032.968          059003.000108   059003.000286 P        0.0000  cm-1
54361.209    0.118      2032.968          059003.000219   059003.000565 P        0.0000  cm-1
54343.809    0.118      3051.783          059003.000129   059003.000296 P        0.0000  cm-1
54330.556    0.118      1017.845          059003.000085   059003.000440 P        0.0000  cm-1
54319.666    0.236      10183.211         059003.000080   059003.000275          1.0000  cm-1
54304.644    0.118      2037.940          059003.000075   059003.000436 P        0.0000  cm-1
54303.141    0.118      6114.209          059003.000074   059003.000271          1.0000  cm-1
54296.804    0.118      2038.612          059003.000069   059003.000268 P        0.0000  cm-1
54290.998    0.240      1019.553          059003.000151   059003.000306          1.0000  cm-1
54290.998    0.240      1019.553          059003.000288   059003.000585 P        0.0000  cm-1
54278.064    0.118      61205.931         059003.000046   059003.000251          1.0000  cm-1
54265.575    0.236      204124.067        059003.000119   059003.000292 P        0.0000  cm-1
54265.575    0.236      204124.067        059003.000080   059003.000274          0.7227  cm-1
54265.575    0.236      204124.067        059003.000114   059003.000289          0.2773  cm-1
54260.829    0.118      10208.170         059003.000078   059003.000273          0.5240  cm-1
54260.829    0.118      10208.170         059003.000141   059003.000454          0.4760  cm-1
54248.882    0.118      10213.084         059003.000070   059003.000269          1.0000  cm-1
54242.469    0.118      4086.280          059003.000045   059003.000248 P        0.0000  cm-1
54232.583    0.118      20439.410         059003.000073   059003.000270          1.0000  cm-1
54212.590    0.118      1022.769          059003.000257   059003.000568 P        0.0000  cm-1
54201.983    0.118      2046.374          059003.000041   059003.000234 P        0.0000  cm-1
54160.091    0.117      20495.931         059003.000050   059003.000255 P        0.0000  cm-1
54160.091    0.117      20495.931         059003.000272   059003.000572 P        0.0000  cm-1
54160.091    0.117      20495.931         059003.000448   059003.000617 P        0.0000  cm-1
54146.655    0.117      41011.958         059003.000088   059003.000442          1.0000  cm-1
54141.438    0.117      10254.922         059003.000081   059003.000274 P        0.0000  cm-1
54132.823    0.234      10258.091         059003.000086   059003.000440          0.1818  cm-1
54132.823    0.234      10258.091         059003.000181   059003.000457          0.8182  cm-1
54132.823    0.234      10258.091         059003.000448   059003.000614 P        0.0000  cm-1
54132.823    0.234      10258.091         059003.000448   059003.000613 P        0.0000  cm-1
54127.670    0.117      10259.972         059003.000293   059003.000602 P        0.0000  cm-1
54051.165    0.117      8229.388          059003.000135   059003.000302          1.0000  cm-1
53998.854    0.117      1030.375          059003.000080   059003.000272          1.0000  cm-1
53981.663    0.117      2061.822          059003.000277   059003.000573 P        0.0000  cm-1
53958.158    0.116      4126.501          059003.000156   059003.000307 P        0.0000  cm-1
53957.044    0.116      4126.634          059003.000111   059003.000285          1.0000  cm-1
53957.044    0.116      4126.634          059003.000133   059003.000448 P        0.0000  cm-1
53944.591    0.116      1032.028          059003.000074   059003.000270          1.0000  cm-1
53932.170    0.233      5161.950          059003.000047   059003.000249 P        0.0000  cm-1
53908.236    0.116      30992.130         059003.000072   059003.000269          1.0000  cm-1
53904.959    0.116      3099.487          059003.000072   059003.000268          1.0000  cm-1
53904.959    0.116      3099.487          059003.000132   059003.000299 P        0.0000  cm-1
53882.848    0.232      10337.687         059003.000084   059003.000276 P        0.0000  cm-1
53882.848    0.232      10337.687         059003.000087   059003.000440          0.1014  cm-1
53882.848    0.232      10337.687         059003.000050   059003.000252          0.8986  cm-1
53875.128    0.116      10339.758         059003.000081   059003.000272          1.0000  cm-1
53827.371    0.232      5176.022          059003.000165   059003.000309 P        0.0000  cm-1
53815.580    0.116      10354.936         059003.000045   059003.000244          1.0000  cm-1
53782.874    0.116      5181.335          059003.000063   059003.000265          1.0000  cm-1
53772.719    0.231      41459.932         059003.000045   059003.000243          1.0000  cm-1
53772.719    0.231      41459.932         059003.000131   059003.000296 P        0.0000  cm-1
53758.613    0.231      103681.276        059003.000082   059003.000272 P        0.0000  cm-1
53758.613    0.231      103681.276        059003.000060   059003.000259          1.0000  cm-1
53758.613    0.231      103681.276        059003.000130   059003.000294 P        0.0000  cm-1
53756.012    0.116      10368.699         059003.000047   059003.000248          1.0000  cm-1
53733.397    0.115      10373.548         059003.000073   059003.000268 P        0.0000  cm-1
53721.073    0.115      62256.619         059003.000201   059003.000564 P        0.0000  cm-1
53721.073    0.115      62256.619         059003.000069   059003.000266          1.0000  cm-1
53675.598    0.115      103849.947        059003.000106   059003.000281          1.0000  cm-1
53665.541    0.115      20773.693         059003.000046   059003.000246          1.0000  cm-1
53657.571    0.115      20776.570         059003.000148   059003.000305          1.0000  cm-1
53615.306    0.115      41581.891         059003.000294   059003.000603 P        0.0000  cm-1
53615.306    0.115      41581.891         059003.000076   059003.000271          1.0000  cm-1
53612.631    0.115      20791.806         059003.000050   059003.000251          1.0000  cm-1
53571.103    0.115      1040.220          059003.000101   059003.000279          1.0000  cm-1
53563.098    0.115      5201.664          059003.000172   059003.000310 P        0.0000  cm-1
53555.436    0.115      5202.193          059003.000128   059003.000293 P        0.0000  cm-1
53545.663    0.115      208113.974        059003.000053   059003.000254          1.0000  cm-1
53533.706    0.115      5203.625          059003.000085   059003.000275          1.0000  cm-1
53465.813    0.114      1041.492          059003.000276   059003.000419 P        0.0000  cm-1
53452.323    0.114      5208.105          059003.000093   059003.000442          1.0000  cm-1
53397.782    0.114      208412.851        059003.000113   059003.000443          1.0000  cm-1
53377.913    0.114      7295.359          059003.000046   059003.000241          1.0000  cm-1
53376.890    0.114      5211.002          059003.000202   059003.000564          1.0000  cm-1
53361.880    0.114      20845.730         059003.000445   059003.000428 P        0.0000  cm-1
53361.880    0.114      20845.730         059003.000126   059003.000445          1.0000  cm-1
53359.540    0.114      62537.944         059003.000091   059003.000441          0.9127  cm-1
53359.540    0.114      62537.944         059003.000095   059003.000278          0.0873  cm-1
53333.876    0.114      20848.428         059003.000198   059003.000563          1.0000  cm-1
53324.550    0.114      20849.176         059003.000080   059003.000436 P        0.0000  cm-1
53324.550    0.114      20849.176         059003.000063   059003.000261          1.0000  cm-1
53324.550    0.114      20849.176         059003.000439   059003.000572 P        0.0000  cm-1
53322.299    0.114      10424.673         059003.000062   059003.000259          1.0000  cm-1
53311.895    0.114      8340.028          059003.000045   059003.000239          1.0000  cm-1
53289.309    0.114      20851.323         059003.000063   059003.000260          1.0000  cm-1
53285.729    0.114      2085.148          059003.000047   059003.000243          0.1260  cm-1
53285.729    0.114      2085.148          059003.000047   059003.000433          0.8740  cm-1
53285.729    0.114      2085.148          059003.000282   059003.000577 P        0.0000  cm-1
53278.406    0.227      104258.848        059003.000142   059003.000453 P        0.0000  cm-1
53268.554    0.114      5213.021          059003.000057   059003.000257          1.0000  cm-1
53256.813    0.113      10426.174         059003.000076   059003.000270          1.0000  cm-1
53235.123    0.113      20852.520         059003.000088   059003.000438          1.0000  cm-1
53235.123    0.113      20852.520         059003.000087   059003.000277 P        0.0000  cm-1
53224.811    0.113      10426.229         059003.000130   059003.000293          1.0000  cm-1
53213.139    0.113      20852.275         059003.000193   059003.000550 P        0.0000  cm-1
53213.139    0.113      20852.275         059003.000085   059003.000272          1.0000  cm-1
53200.740    0.113      1042.598          059003.000081   059003.000436          1.0000  cm-1
53197.542    0.113      4170.369          059003.000132   059003.000297          0.7558  cm-1
53197.542    0.113      4170.369          059003.000127   059003.000445          0.2442  cm-1
53175.336    0.113      10425.432         059003.000135   059003.000300 P        0.0000  cm-1
53165.500    0.113      10425.145         059003.000054   059003.000254          1.0000  cm-1
53156.882    0.113      521242.961        059003.000113   059003.000284          1.0000  cm-1
53156.882    0.113      521242.961        059003.000134   059003.000446 P        0.0000  cm-1
53134.089    0.113      20847.890         059003.000269   059003.000570          1.0000  cm-1
53101.559    0.113      52111.212         059003.000132   059003.000296          1.0000  cm-1
53088.503    0.225      52107.137         059003.000041   059003.000224          1.0000  cm-1
53087.009    0.225      52106.646         059003.000087   059003.000275          1.0000  cm-1
53084.501    0.113      3126.349          059003.000082   059003.000436          1.0000  cm-1
53084.501    0.113      3126.349          059003.000292   059003.000589 P        0.0000  cm-1
53075.598    0.113      1042.055          059003.000041   059003.000223          1.0000  cm-1
53075.598    0.113      1042.055          059003.000292   059003.000587 P        0.0000  cm-1
53049.978    0.113      5209.291          059003.000292   059003.000586 P        0.0000  cm-1
53049.978    0.113      5209.291          059003.000099   059003.000442          1.0000  cm-1
53049.978    0.113      5209.291          059003.000292   059003.000585 P        0.0000  cm-1
53041.171    0.113      3125.351          059003.000114   059003.000284          1.0000  cm-1
53025.956    0.112      4166.589          059003.000438   059003.000571 P        0.0000  cm-1
53018.562    0.112      1041.577          059003.000050   059003.000247          1.0000  cm-1
53010.690    0.112      5207.499          059003.000046   059003.000239          1.0000  cm-1
53008.471    0.112      7290.343          059003.000083   059003.000436          1.0000  cm-1
53004.730    0.112      10414.395         059003.000125   059003.000292 P        0.0000  cm-1
53004.730    0.112      10414.395         059003.000067   059003.000265          1.0000  cm-1
53000.012    0.112      4165.562          059003.000137   059003.000449 P        0.0000  cm-1
53000.012    0.112      4165.562          059003.000050   059003.000246          1.0000  cm-1
52989.115    0.112      10412.738         059003.000296   059003.000601 P        0.0000  cm-1
52989.115    0.112      10412.738         059003.000141   059003.000452 P        0.0000  cm-1
52980.412    0.112      1041.177          059003.000120   059003.000289          1.0000  cm-1
52957.851    0.112      31227.280         059003.000062   059003.000258          1.0000  cm-1
52919.182    0.112      62423.869         059003.000115   059003.000285 P        0.0000  cm-1
52919.182    0.112      62423.869         059003.000047   059003.000240 P        0.0000  cm-1
52919.182    0.112      62423.869         059003.000148   059003.000304          1.0000  cm-1
52914.760    0.112      2080.670          059003.000054   059003.000253          1.0000  cm-1
52886.911    0.112      207983.889        059003.000096   059003.000441          1.0000  cm-1
52865.044    0.112      2079.137          059003.000195   059003.000561 P        0.0000  cm-1
52865.044    0.112      2079.137          059003.000540   059003.000271          0.2368  cm-1
52865.044    0.112      2079.137          059003.000057   059003.000256          0.7632  cm-1
52852.724    0.112      4157.446          059003.000083   059003.000271          1.0000  cm-1
52852.724    0.112      4157.446          059003.000297   059003.000593 P        0.0000  cm-1
52849.010    0.112      5196.488          059003.000442   059003.000573 P        0.0000  cm-1
52849.010    0.112      5196.488          059003.000050   059003.000244          1.0000  cm-1
52846.693    0.112      1039.258          059003.000059   059003.000257          1.0000  cm-1
52839.992    0.112      62348.411         059003.000045   059003.000237          1.0000  cm-1
52810.326    0.112      3115.788          059003.000080   059003.000270          1.0000  cm-1
52783.817    0.111      1038.076          059003.000049   059003.000241          1.0000  cm-1
52779.585    0.111      2075.981          059003.000064   059003.000258          1.0000  cm-1
52766.384    0.111      1037.717          059003.000087   059003.000272          1.0000  cm-1
52730.653    0.222      6221.625          059003.000142   059003.000451          1.0000  cm-1
52712.532    0.111      1036.520          059003.000050   059003.000241          1.0000  cm-1
52686.485    0.222      5179.468          059003.000081   059003.000270          0.0592  cm-1
52686.485    0.222      5179.468          059003.000145   059003.000303          0.9408  cm-1
52681.489    0.111      82861.592         059003.000045   059003.000235          1.0000  cm-1
52641.912    0.111      1034.750          059003.000101   059003.000278          1.0000  cm-1
52570.294    0.111      2065.445          059003.000042   059003.000223          1.0000  cm-1
52546.315    0.221      10319.912         059003.000088   059003.000272          1.0000  cm-1
52546.315    0.221      10319.912         059003.000067   059003.000261 P        0.0000  cm-1
52538.780    0.110      61905.359         059003.000046   059003.000237          0.3930  cm-1
52538.780    0.110      61905.359         059003.000085   059003.000436          0.6070  cm-1
52515.164    0.110      4124.007          059003.000138   059003.000449          1.0000  cm-1
52515.164    0.110      4124.007          059003.000291   059003.000427 P        0.0000  cm-1
52497.238    0.110      3091.237          059003.000199   059003.000563          1.0000  cm-1
52493.965    0.110      1030.303          059003.000083   059003.000270          1.0000  cm-1
52493.965    0.110      1030.303          059003.000451   059003.000619 P        0.0000  cm-1
52470.881    0.220      20590.379         059003.000054   059003.000250          1.0000  cm-1
52464.796    0.110      41172.326         059003.000091   059003.000276          1.0000  cm-1
52462.427    0.110      2058.451          059003.000054   059003.000249          1.0000  cm-1
52445.263    0.220      10286.200         059003.000446   059003.000601 P        0.0000  cm-1
52445.263    0.220      10286.200         059003.000446   059003.000600 P        0.0000  cm-1
52412.109    0.110      4109.648          059003.000111   059003.000279          1.0000  cm-1
52376.370    0.110      307815.950        059003.000070   059003.000263          1.0000  cm-1
52370.524    0.110      205165.061        059003.000079   059003.000269          1.0000  cm-1
52358.899    0.110      3076.103          059003.000089   059003.000273          1.0000  cm-1
52349.389    0.110      2049.977          059003.000447   059003.000602          0.1471  cm-1
52349.389    0.110      2049.977          059003.000047   059003.000236          0.8529  cm-1
52349.389    0.110      2049.977          059003.000176   059003.000309 P        0.0000  cm-1
52321.755    0.110      3071.591          059003.000142   059003.000450          1.0000  cm-1
52283.450    0.109      20444.923         059003.000069   059003.000262          1.0000  cm-1
52256.923    0.109      1021.087          059003.000119   059003.000286          1.0000  cm-1
52247.588    0.109      71446.964         059003.000131   059003.000445          1.0000  cm-1
52228.020    0.109      2039.573          059003.000119   059003.000285          1.0000  cm-1
52211.247    0.109      1019.015          059003.000300   059003.000603 P        0.0000  cm-1
52211.247    0.109      1019.015          059003.000442   059003.000419 P        0.0000  cm-1
52189.181    0.109      50898.963         059003.000046   059003.000234          1.0000  cm-1
52171.890    0.109      4068.610          059003.000135   059003.000295          1.0000  cm-1
52122.373    0.109      101470.896        059003.000073   059003.000265          1.0000  cm-1
52106.077    0.109      30416.410         059003.000106   059003.000442 P        0.0000  cm-1
52106.077    0.109      30416.410         059003.000073   059003.000264          1.0000  cm-1
52059.773    0.108      1011.460          059003.000060   059003.000255 P        0.0000  cm-1
52035.556    0.108      50507.734         059003.000072   059003.000263          1.0000  cm-1
52027.866    0.217      10097.347         059003.000054   059003.000247          0.0650  cm-1
52027.866    0.217      10097.347         059003.000095   059003.000274          0.9350  cm-1
52024.317    0.108      20190.800         059003.000085   059003.000270          1.0000  cm-1
52018.475    0.108      1009.218          059003.000295   059003.000428 P        0.0000  cm-1
52018.475    0.108      1009.218          059003.000041   059003.000219          1.0000  cm-1
52016.713    0.108      3027.363          059003.000115   059003.000281          1.0000  cm-1
52010.492    0.108      201755.195        059003.000041   059003.000218          1.0000  cm-1
51992.211    0.108      302325.705        059003.000096   059003.000276          1.0000  cm-1
51962.873    0.108      30182.339         059003.000097   059003.000275          1.0000  cm-1
51943.088    0.108      10049.267         059003.000121   059003.000286          1.0000  cm-1
51897.263    0.108      3006.577          059003.000047   059003.000233          1.0000  cm-1
51891.579    0.108      300553.924        059003.000072   059003.000262          1.0000  cm-1
51875.885    0.108      4003.536          059003.000046   059003.000230          1.0000  cm-1
51873.300    0.108      20014.490         059003.000050   059003.000237          1.0000  cm-1
51872.033    0.108      20012.924         059003.000088   059003.000436          1.0000  cm-1
51860.603    0.108      6999.554          059003.000108   059003.000442          1.0000  cm-1
51821.368    0.107      29923.649         059003.000047   059003.000232          1.0000  cm-1
51815.618    0.107      19941.710         059003.000449   059003.000602 P        0.0000  cm-1
51815.618    0.107      19941.710         059003.000054   059003.000243          1.0000  cm-1
51815.618    0.107      19941.710         059003.000054   059003.000433 P        0.0000  cm-1
51804.104    0.107      9963.412          059003.000060   059003.000253          1.0000  cm-1
51791.651    0.107      39821.182         059003.000202   059003.000563          1.0000  cm-1
51791.651    0.107      39821.182         059003.000123   059003.000286 P        0.0000  cm-1
51766.826    0.429      4969.454          059003.000083   059003.000267          1.0000  cm-1
51754.987    0.214      4965.498          059003.000120   059003.000284 P        0.0000  cm-1
51736.484    0.107      7934.804          059003.000064   059003.000256          1.0000  cm-1
51719.919    0.107      990.719           059003.000073   059003.000262          1.0000  cm-1
51712.323    0.107      99019.635         059003.000069   059003.000258          1.0000  cm-1
51709.917    0.642      9900.302          059003.000150   059003.000303          1.0000  cm-1
51671.840    0.107      987.367           059003.000161   059003.000306          1.0000  cm-1
51663.888    0.107      29604.073         059003.000073   059003.000261          1.0000  cm-1
51640.140    0.107      2955.301          059003.000126   059003.000289          1.0000  cm-1
51635.315    0.107      39390.064         059003.000047   059003.000229          1.0000  cm-1
51622.839    0.107      9838.448          059003.000062   059003.000255          1.0000  cm-1
51565.023    0.106      97955.330         059003.000145   059003.000451          1.0000  cm-1
51523.735    0.106      4881.996          059003.000282   059003.000575 P        0.0000  cm-1
51523.735    0.106      4881.996          059003.000050   059003.000234          1.0000  cm-1
51521.694    0.106      1952.483          059003.000104   059003.000438          1.0000  cm-1
51513.200    0.106      1951.165          059003.000073   059003.000259          0.3625  cm-1
51513.200    0.106      1951.165          059003.000042   059003.000219          0.6375  cm-1
51505.083    0.106      97494.986         059003.000042   059003.000218          1.0000  cm-1
51494.922    0.106      1948.308          059003.000082   059003.000266          1.0000  cm-1
51460.233    0.106      29142.101         059003.000066   059003.000257          1.0000  cm-1
51449.593    0.106      3882.197          059003.000099   059003.000272          1.0000  cm-1
51444.696    0.106      7761.236          059003.000064   059003.000255          1.0000  cm-1
51412.482    0.106      967.532           059003.000057   059003.000246          1.0000  cm-1
51376.449    0.106      77163.687         059003.000045   059003.000224          1.0000  cm-1
51376.449    0.106      77163.687         059003.000074   059003.000261 P        0.0000  cm-1
51365.556    0.106      2890.898          059003.000146   059003.000451 P        0.0000  cm-1
51363.706    0.106      963.477           059003.000101   059003.000275 P        0.0000  cm-1
51363.706    0.106      963.477           059003.000045   059003.000223          1.0000  cm-1
51363.706    0.106      963.477           059003.000303   059003.000618 P        0.0000  cm-1
51360.117    0.106      9631.745          059003.000060   059003.000250          1.0000  cm-1
51325.111    0.105      9601.964          059003.000119   059003.000281          1.0000  cm-1
51304.260    0.105      57503.876         059003.000041   059003.000213          1.0000  cm-1
51288.391    0.105      95701.693         059003.000046   059003.000226          1.0000  cm-1
51259.337    0.105      954.461           059003.000053   059003.000236          1.0000  cm-1
51219.141    0.105      950.867           059003.000063   059003.000253          1.0000  cm-1
51194.865    0.105      4743.320          059003.000106   059003.000438          1.0000  cm-1
51174.666    0.105      1893.625          059003.000060   059003.000248          1.0000  cm-1
51166.967    0.105      18922.046         059003.000064   059003.000252          1.0000  cm-1
51165.161    0.209      56756.123         059003.000256   059003.000566 P        0.0000  cm-1
51165.161    0.209      56756.123         059003.000148   059003.000452          1.0000  cm-1
51163.067    0.105      9457.416          059003.000054   059003.000238          1.0000  cm-1
51143.885    0.105      2831.876          059003.000142   059003.000449 P        0.0000  cm-1
51143.885    0.105      2831.876          059003.000105   059003.000275          1.0000  cm-1
51137.269    0.105      2830.021          059003.000138   059003.000295 P        0.0000  cm-1
51124.950    0.105      14132.758         059003.000057   059003.000241          1.0000  cm-1
51107.187    0.104      4702.528          059003.000046   059003.000225          1.0000  cm-1
51099.740    0.104      18795.966         059003.000148   059003.000451          1.0000  cm-1
51099.740    0.104      18795.966         059003.000104   059003.000274 P        0.0000  cm-1
51097.602    0.104      2818.784          059003.000129   059003.000289          1.0000  cm-1
51096.713    0.104      5637.061          059003.000108   059003.000439 P        0.0000  cm-1
51089.797    0.104      938.850           059003.000123   059003.000282 P        0.0000  cm-1
51089.797    0.104      938.850           059003.000105   059003.000274          1.0000  cm-1
51074.921    0.104      2812.274          059003.000062   059003.000251          1.0000  cm-1
51074.921    0.104      2812.274          059003.000152   059003.000453 P        0.0000  cm-1
51072.497    0.104      937.191           059003.000454   059003.000612 P        0.0000  cm-1
51072.497    0.104      937.191           059003.000454   059003.000611 P        0.0000  cm-1
51072.497    0.104      937.191           059003.000069   059003.000257          1.0000  cm-1
51071.138    0.104      1874.121          059003.000140   059003.000298 P        0.0000  cm-1
51062.429    0.104      93622.037         059003.000046   059003.000223          1.0000  cm-1
51062.429    0.104      93622.037         059003.000295   059003.000589 P        0.0000  cm-1
51054.609    0.104      1870.927          059003.000089   059003.000270          1.0000  cm-1
51054.609    0.104      1870.927          059003.000295   059003.000588 P        0.0000  cm-1
51023.689    0.208      9324.464          059003.000181   059003.000313 P        0.0000  cm-1
51023.689    0.208      9324.464          059003.000182   059003.000313          1.0000  cm-1
51021.422    0.104      27966.711         059003.000070   059003.000257          1.0000  cm-1
51001.284    0.104      9302.364          059003.000111   059003.000440          1.0000  cm-1
50987.500    0.104      2786.601          059003.000241   059003.000565          1.0000  cm-1
50970.241    0.104      185428.335        059003.000041   059003.000212          1.0000  cm-1
50957.540    0.104      9258.645          059003.000112   059003.000278          1.0000  cm-1
50957.540    0.104      9258.645          059003.000146   059003.000450 P        0.0000  cm-1
50949.001    0.104      3700.009          059003.000085   059003.000266          0.1516  cm-1
50949.001    0.104      3700.009          059003.000108   059003.000438          0.8484  cm-1
50932.029    0.104      92328.012         059003.000140   059003.000447          1.0000  cm-1
50923.473    0.207      18448.155         059003.000062   059003.000250          1.0000  cm-1
50922.043    0.207      92226.158         059003.000041   059003.000211          1.0000  cm-1
50917.173    0.104      1843.527          059003.000060   059003.000247          1.0000  cm-1
50865.478    0.103      73313.552         059003.000060   059003.000245          1.0000  cm-1
50865.478    0.103      73313.552         059003.000289   059003.000421 P        0.0000  cm-1
50859.318    0.207      36631.031         059003.000123   059003.000281          1.0000  cm-1
50859.318    0.207      36631.031         059003.000155   059003.000303 P        0.0000  cm-1
50859.318    0.207      36631.031         059003.000088   059003.000268 P        0.0000  cm-1
50851.714    0.103      2744.938          059003.000106   059003.000276 P        0.0000  cm-1
50851.714    0.103      2744.938          059003.000099   059003.000437          1.0000  cm-1
50851.714    0.103      2744.938          059003.000244   059003.000565 P        0.0000  cm-1
50846.335    0.103      1828.829          059003.000078   059003.000265          1.0000  cm-1
50832.818    0.103      912.990           059003.000104   059003.000272          1.0000  cm-1
50823.129    0.103      9119.653          059003.000105   059003.000272          1.0000  cm-1
50807.151    0.103      36410.681         059003.000053   059003.000233          1.0000  cm-1
50799.326    0.103      54565.909         059003.000114   059003.000442          1.0000  cm-1
50799.326    0.103      54565.909         059003.000291   059003.000576 P        0.0000  cm-1
50799.326    0.103      54565.909         059003.000042   059003.000213 P        0.0000  cm-1
50775.131    0.103      9068.349          059003.000063   059003.000250          0.0971  cm-1
50775.131    0.103      9068.349          059003.000099   059003.000436          0.9029  cm-1
50770.439    0.103      18126.575         059003.000059   059003.000242          1.0000  cm-1
50770.439    0.103      18126.575         059003.000142   059003.000300 P        0.0000  cm-1
50766.807    0.103      36237.454         059003.000063   059003.000249          1.0000  cm-1
50759.078    0.103      905.100           059003.000173   059003.000307          1.0000  cm-1
50746.663    0.103      72300.109         059003.000041   059003.000210          1.0000  cm-1
50728.282    0.103      3606.977          059003.000108   059003.000277          1.0000  cm-1
50719.301    0.103      180151.850        059003.000047   059003.000432          1.0000  cm-1
50716.884    0.103      13507.405         059003.000053   059003.000231          1.0000  cm-1
50712.178    0.103      1799.952          059003.000098   059003.000271          1.0000  cm-1
50704.797    0.103      26974.861         059003.000060   059003.000243          1.0000  cm-1
50694.079    0.103      4489.884          059003.000049   059003.000226          1.0000  cm-1
50687.910    0.103      8972.928          059003.000076   059003.000261          1.0000  cm-1
50674.810    0.103      8958.355          059003.000126   059003.000286          1.0000  cm-1
50669.086    0.103      1790.394          059003.000069   059003.000256          1.0000  cm-1
50622.041    0.103      2669.708          059003.000208   059003.000563          0.2147  cm-1
50622.041    0.103      2669.708          059003.000217   059003.000564          0.7853  cm-1
50617.995    0.102      177888.748        059003.000070   059003.000256          1.0000  cm-1
50612.873    0.102      3555.447          059003.000439   059003.000570          1.0000  cm-1
50612.873    0.102      3555.447          059003.000304   059003.000614 P        0.0000  cm-1
50612.873    0.102      3555.447          059003.000304   059003.000613 P        0.0000  cm-1
50611.128    0.102      1777.327          059003.000060   059003.000241          1.0000  cm-1
50611.128    0.102      1777.327          059003.000142   059003.000447 P        0.0000  cm-1
50545.206    0.102      176217.438        059003.000281   059003.000571 P        0.0000  cm-1
50545.206    0.102      176217.438        059003.000053   059003.000229          1.0000  cm-1
50512.908    0.102      17546.401         059003.000049   059003.000225          1.0000  cm-1
50500.180    0.204      87582.574         059003.000161   059003.000305          1.0000  cm-1
50500.180    0.204      87582.574         059003.000158   059003.000303 P        0.0000  cm-1
50497.729    0.102      175107.459        059003.000079   059003.000263          1.0000  cm-1
50482.948    0.102      1747.587          059003.000132   059003.000291          1.0000  cm-1
50480.828    0.102      8735.430          059003.000062   059003.000247          1.0000  cm-1
50480.828    0.102      8735.430          059003.000145   059003.000302 P        0.0000  cm-1
50475.989    0.102      3491.881          059003.000112   059003.000440          1.0000  cm-1
50468.116    0.102      1744.073          059003.000049   059003.000223          0.8955  cm-1
50468.116    0.102      1744.073          059003.000179   059003.000312          0.1045  cm-1
50464.782    0.102      87164.054         059003.000042   059003.000212          1.0000  cm-1
50464.782    0.102      87164.054         059003.000063   059003.000435 P        0.0000  cm-1
50443.194    0.102      869.067           059003.000082   059003.000264          1.0000  cm-1
50441.568    0.102      4344.365          059003.000128   059003.000444 P        0.0000  cm-1
50441.568    0.102      4344.365          059003.000050   059003.000225          1.0000  cm-1
50434.111    0.102      1735.960          059003.000091   059003.000269          1.0000  cm-1
50429.125    0.102      260214.619        059003.000062   059003.000245          1.0000  cm-1
50426.967    0.102      1734.246          059003.000054   059003.000233          1.0000  cm-1
50420.734    0.102      8663.737          059003.000045   059003.000220          1.0000  cm-1
50396.877    0.102      43174.711         059003.000050   059003.000223          1.0000  cm-1
50385.499    0.102      17242.288         059003.000041   059003.000208          1.0000  cm-1
50385.499    0.102      17242.288         059003.000195   059003.000348 P        0.0000  cm-1
50377.247    0.102      861.111           059003.000069   059003.000255          1.0000  cm-1
50352.594    0.203      4290.500          059003.000098   059003.000270 P        0.0000  cm-1
50352.594    0.203      4290.500          059003.000078   059003.000260          1.0000  cm-1
50352.594    0.203      4290.500          059003.000111   059003.000277 P        0.0000  cm-1
50311.152    0.101      34119.771         059003.000062   059003.000244          1.0000  cm-1
50298.294    0.101      255419.717        059003.000045   059003.000218          1.0000  cm-1
50283.927    0.101      1699.221          059003.000064   059003.000246          0.6811  cm-1
50283.927    0.101      1699.221          059003.000144   059003.000449          0.3189  cm-1
50282.333    0.101      5096.469          059003.000088   059003.000266          1.0000  cm-1
50268.461    0.101      254303.325        059003.000062   059003.000243          1.0000  cm-1
50260.197    0.101      42332.100         059003.000108   059003.000272          1.0000  cm-1
50224.782    0.101      842.179           059003.000105   059003.000437 P        0.0000  cm-1
50213.181    0.101      25221.278         059003.000101   059003.000271          1.0000  cm-1
50210.329    0.101      50420.833         059003.000447   059003.000588 P        0.0000  cm-1
50210.329    0.101      50420.833         059003.000447   059003.000587 P        0.0000  cm-1
50204.934    0.101      5037.970          059003.000111   059003.000275          1.0000  cm-1
50201.230    0.101      8391.904          059003.000082   059003.000263          1.0000  cm-1
50166.905    0.201      83480.426         059003.000093   059003.000269          1.0000  cm-1
50164.993    0.201      250367.674        059003.000054   059003.000229          1.0000  cm-1
50149.774    0.101      16652.041         059003.000135   059003.000292          1.0000  cm-1
50133.050    0.101      332177.524        059003.000064   059003.000244          1.0000  cm-1
50119.888    0.100      82873.944         059003.000063   059003.000243          0.0623  cm-1
50119.888    0.100      82873.944         059003.000063   059003.000433          0.9377  cm-1
50099.622    0.201      4130.527          059003.000452   059003.000593 P        0.0000  cm-1
50099.622    0.201      4130.527          059003.000069   059003.000252          1.0000  cm-1
50099.622    0.201      4130.527          059003.000130   059003.000285 P        0.0000  cm-1
50082.262    0.100      24715.193         059003.000081   059003.000260          1.0000  cm-1
50052.251    0.100      16398.053         059003.000060   059003.000238          1.0000  cm-1
50048.444    0.100      327760.543        059003.000070   059003.000252          1.0000  cm-1
50048.444    0.100      327760.543        059003.000112   059003.000438 P        0.0000  cm-1
50035.076    0.100      8176.380          059003.000114   059003.000439          1.0000  cm-1
50027.391    0.100      24498.660         059003.000047   059003.000431          1.0000  cm-1
50005.124    0.100      81366.914         059003.000046   059003.000219          1.0000  cm-1
50002.447    0.100      24399.397         059003.000104   059003.000271          1.0000  cm-1
49997.100    0.200      325040.689        059003.000046   059003.000218          1.0000  cm-1
49997.100    0.200      325040.689        059003.000067   059003.000250 P        0.0000  cm-1
49997.100    0.200      325040.689        059003.000064   059003.000241 P        0.0000  cm-1
49997.100    0.200      325040.689        059003.000300   059003.000582 P        0.0000  cm-1
49988.450    0.100      16228.979         059003.000067   059003.000249          1.0000  cm-1
49985.328    0.100      162206.488        059003.000072   059003.000255          1.0000  cm-1
49980.407    0.100      1620.751          059003.000084   059003.000263          1.0000  cm-1
49973.789    0.100      4047.454          059003.000126   059003.000282          1.0000  cm-1
49964.001    0.100      32327.202         059003.000115   059003.000440          1.0000  cm-1
49961.328    0.100      8078.217          059003.000096   059003.000269          1.0000  cm-1
49954.069    0.100      806.848           059003.000097   059003.000268          1.0000  cm-1
49925.088    0.100      8029.443          059003.000083   059003.000261          1.0000  cm-1
49902.491    0.100      15997.712         059003.000540   059003.000260          1.0000  cm-1
49889.841    0.100      7981.675          059003.000083   059003.000260          1.0000  cm-1
49889.841    0.100      7981.675          059003.000144   059003.000298 P        0.0000  cm-1
49854.997    0.099      23802.422         059003.000132   059003.000289          1.0000  cm-1
49854.997    0.099      23802.422         059003.000101   059003.000270 P        0.0000  cm-1
49848.662    0.099      7925.465          059003.000442   059003.000570          1.0000  cm-1
49836.411    0.099      23725.983         059003.000084   059003.000262          1.0000  cm-1
49831.495    0.099      790.191           059003.000106   059003.000436          1.0000  cm-1
49807.296    0.099      15737.147         059003.000062   059003.000239          1.0000  cm-1
49799.162    0.099      7857.338          059003.000053   059003.000224          1.0000  cm-1
49773.360    0.099      31286.354         059003.000053   059003.000222          1.0000  cm-1
49771.622    0.198      31276.700         059003.000060   059003.000237          0.7292  cm-1
49771.622    0.198      31276.700         059003.000047   059003.000217          0.2708  cm-1
49764.438    0.099      3904.595          059003.000448   059003.000586 P        0.0000  cm-1
49764.438    0.099      3904.595          059003.000099   059003.000269          1.0000  cm-1
49761.668    0.099      31221.353         059003.000161   059003.000304          0.5166  cm-1
49761.668    0.099      31221.353         059003.000099   059003.000268          0.4834  cm-1
49753.596    0.099      62352.788         059003.000063   059003.000240          1.0000  cm-1
49742.851    0.099      62232.922         059003.000126   059003.000281          1.0000  cm-1
49726.306    0.198      775.599           059003.000097   059003.000267          1.0000  cm-1
49726.306    0.198      775.599           059003.000080   059003.000258 P        0.0000  cm-1
49716.911    0.099      2322.849          059003.000086   059003.000265          1.0000  cm-1
49711.843    0.099      77357.233         059003.000041   059003.000205          1.0000  cm-1
49679.667    0.099      23071.400         059003.000112   059003.000275          1.0000  cm-1
49676.727    0.099      76863.192         059003.000045   059003.000215          1.0000  cm-1
49676.727    0.099      76863.192         059003.000449   059003.000588 P        0.0000  cm-1
49642.447    0.099      1527.565          059003.000285   059003.000571 P        0.0000  cm-1
49629.120    0.099      76189.047         059003.000064   059003.000239          1.0000  cm-1
49622.520    0.098      76095.197         059003.000057   059003.000230          1.0000  cm-1
49621.216    0.098      15215.327         059003.000130   059003.000283          1.0000  cm-1
49615.777    0.098      151998.426        059003.000062   059003.000238          1.0000  cm-1
49613.238    0.098      75963.046         059003.000286   059003.000571 P        0.0000  cm-1
49613.238    0.098      75963.046         059003.000060   059003.000235          1.0000  cm-1
49591.786    0.098      756.570           059003.000045   059003.000213          0.5145  cm-1
49591.786    0.098      756.570           059003.000160   059003.000303          0.4855  cm-1
49587.506    0.098      1511.915          059003.000093   059003.000266          1.0000  cm-1
49585.688    0.098      75569.758         059003.000108   059003.000436          1.0000  cm-1
49585.688    0.098      75569.758         059003.000145   059003.000299 P        0.0000  cm-1
49560.278    0.098      22561.688         059003.000131   059003.000286          1.0000  cm-1
49544.564    0.098      7497.978          059003.000114   059003.000276          1.0000  cm-1
49485.892    0.098      7413.220          059003.000082   059003.000258          1.0000  cm-1
49474.362    0.098      739.649           059003.000112   059003.000273          1.0000  cm-1
49467.138    0.098      36929.941         059003.000063   059003.000238          0.4223  cm-1
49467.138    0.098      36929.941         059003.000087   059003.000265          0.5777  cm-1
49455.322    0.098      736.880           059003.000085   059003.000261          1.0000  cm-1
49437.258    0.098      51397.255         059003.000072   059003.000251          1.0000  cm-1
49437.258    0.098      51397.255         059003.000301   059003.000583 P        0.0000  cm-1
49431.414    0.098      146678.668        059003.000129   059003.000282          1.0000  cm-1
49422.009    0.098      7320.190          059003.000125   059003.000279 P        0.0000  cm-1
49422.009    0.098      7320.190          059003.000060   059003.000234          1.0000  cm-1
49410.824    0.098      7303.824          059003.000049   059003.000219          1.0000  cm-1
49399.839    0.098      51014.109         059003.000148   059003.000448 P        0.0000  cm-1
49393.934    0.098      291162.804        059003.000041   059003.000203          1.0000  cm-1
49393.130    0.195      14555.779         059003.000054   059003.000222          1.0000  cm-1
49383.836    0.098      72642.452         059003.000066   059003.000242          1.0000  cm-1
49383.836    0.098      72642.452         059003.000289   059003.000573 P        0.0000  cm-1
49375.499    0.098      21755.979         059003.000046   059003.000215          1.0000  cm-1
49358.173    0.195      21679.477         059003.000112   059003.000272 P        0.0000  cm-1
49341.438    0.097      7201.813          059003.000181   059003.000312 P        0.0000  cm-1
49341.438    0.097      7201.813          059003.000067   059003.000243          0.1125  cm-1
49341.438    0.097      7201.813          059003.000067   059003.000433          0.8875  cm-1
49341.438    0.097      7201.813          059003.000153   059003.000450 P        0.0000  cm-1
49335.259    0.097      7192.690          059003.000062   059003.000237          1.0000  cm-1
49331.508    0.097      215614.461        059003.000050   059003.000218          1.0000  cm-1
49329.272    0.097      28735.373         059003.000155   059003.000450 P        0.0000  cm-1
49326.324    0.097      2153.846          059003.000042   059003.000206          1.0000  cm-1
49304.584    0.097      28589.214         059003.000085   059003.000259          1.0000  cm-1
49290.706    0.097      71267.197         059003.000188   059003.000457 P        0.0000  cm-1
49290.706    0.097      71267.197         059003.000046   059003.000213          1.0000  cm-1
49290.706    0.097      71267.197         059003.000123   059003.000442 P        0.0000  cm-1
49287.162    0.097      3560.729          059003.000179   059003.000311          1.0000  cm-1
49286.361    0.097      1424.054          059003.000111   059003.000437          1.0000  cm-1
49280.699    0.097      213355.741        059003.000189   059003.000457 P        0.0000  cm-1
49272.246    0.097      14198.586         059003.000119   059003.000440          1.0000  cm-1
49272.246    0.097      14198.586         059003.000147   059003.000298 P        0.0000  cm-1
49265.598    0.097      4962.582          059003.000073   059003.000251          1.0000  cm-1
49265.598    0.097      4962.582          059003.000084   059003.000258 P        0.0000  cm-1
49257.905    0.097      70779.490         059003.000045   059003.000212          1.0000  cm-1
49230.622    0.097      7037.260          059003.000088   059003.000264          1.0000  cm-1
49225.801    0.097      281202.321        059003.000060   059003.000231          1.0000  cm-1
49223.305    0.097      702.633           059003.000086   059003.000260          1.0000  cm-1
49215.870    0.097      280608.491        059003.000041   059003.000202          1.0000  cm-1
49215.870    0.097      280608.491        059003.000172   059003.000305 P        0.0000  cm-1
49209.767    0.097      700608.207        059003.000111   059003.000436 P        0.0000  cm-1
49209.767    0.097      700608.207        059003.000045   059003.000211          1.0000  cm-1
49206.473    0.097      280046.107        059003.000042   059003.000205          1.0000  cm-1
49200.977    0.097      139858.471        059003.000059   059003.000230          1.0000  cm-1
49188.027    0.097      69735.158         059003.000057   059003.000227          1.0000  cm-1
49185.272    0.097      34846.922         059003.000167   059003.000304 P        0.0000  cm-1
49185.272    0.097      34846.922         059003.000099   059003.000266          1.0000  cm-1
49183.385    0.194      139331.056        059003.000042   059003.000204          0.1150  cm-1
49183.385    0.194      139331.056        059003.000063   059003.000236          0.8850  cm-1
49183.385    0.194      139331.056        059003.000302   059003.000589 P        0.0000  cm-1
49176.827    0.097      27826.852         059003.000062   059003.000235          1.0000  cm-1
49165.416    0.097      1387914.960       059003.000070   059003.000246          1.0000  cm-1
49159.712    0.097      4851.701          059003.000053   059003.000221          1.0000  cm-1
49157.200    0.097      692.722           059003.000064   059003.000237          1.0000  cm-1
49142.608    0.097      69052.684         059003.000079   059003.000257          1.0000  cm-1
49134.980    0.097      6893.778          059003.000105   059003.000268 P        0.0000  cm-1
49114.440    0.096      68628.041         059003.000073   059003.000250          1.0000  cm-1
49113.427    0.096      686.128           059003.000115   059003.000274 P        0.0000  cm-1
49105.904    0.193      13699.833         059003.000073   059003.000249          1.0000  cm-1
49077.877    0.096      2042.261          059003.000173   059003.000305 P        0.0000  cm-1
49034.487    0.096      134834.850        059003.000045   059003.000210          0.2128  cm-1
49034.487    0.096      134834.850        059003.000188   059003.000456          0.7872  cm-1
48956.826    0.096      264938.551        059003.000046   059003.000212          1.0000  cm-1
48945.161    0.096      33028.217         059003.000070   059003.000242          1.0000  cm-1
48929.112    0.096      329055.339        059003.000073   059003.000248          0.9020  cm-1
48929.112    0.096      329055.339        059003.000069   059003.000241          0.0980  cm-1
48907.267    0.096      6547.669          059003.000195   059003.000345 P        0.0000  cm-1
48907.267    0.096      6547.669          059003.000105   059003.000267          1.0000  cm-1
48888.637    0.096      130382.368        059003.000150   059003.000448 P        0.0000  cm-1
48888.637    0.096      130382.368        059003.000042   059003.000203          1.0000  cm-1
48886.274    0.096      1303.099          059003.000149   059003.000447          1.0000  cm-1
48877.909    0.096      6502.665          059003.000070   059003.000241          1.0000  cm-1
48859.328    0.095      12948.287         059003.000148   059003.000446 P        0.0000  cm-1
48859.328    0.095      12948.287         059003.000131   059003.000282          1.0000  cm-1
48857.847    0.095      6471.869          059003.000087   059003.000259          1.0000  cm-1
48853.815    0.095      45259.728         059003.000057   059003.000225          1.0000  cm-1
48847.014    0.095      1291.045          059003.000115   059003.000272          1.0000  cm-1
48844.081    0.095      645.072           059003.000119   059003.000438          1.0000  cm-1
48844.081    0.095      645.072           059003.000454   059003.000596 P        0.0000  cm-1
48843.175    0.095      51594.607         059003.000053   059003.000220 P        0.0000  cm-1
48843.175    0.095      51594.607         059003.000072   059003.000247          1.0000  cm-1
48833.181    0.095      12867.921         059003.000076   059003.000254          1.0000  cm-1
48824.597    0.095      64207.570         059003.000455   059003.000609 P        0.0000  cm-1
48824.597    0.095      64207.570         059003.000072   059003.000246          1.0000  cm-1
48817.995    0.095      6410.598          059003.000455   059003.000608 P        0.0000  cm-1
48817.995    0.095      6410.598          059003.000074   059003.000249 P        0.0000  cm-1
48817.995    0.095      6410.598          059003.000106   059003.000268          1.0000  cm-1
48813.109    0.095      640.308           059003.000448   059003.000427 P        0.0000  cm-1
48809.106    0.095      63969.168         059003.000057   059003.000223          1.0000  cm-1
48807.510    0.095      255778.361        059003.000064   059003.000234          1.0000  cm-1
48789.435    0.095      12733.234         059003.000062   059003.000231          1.0000  cm-1
48779.630    0.095      12703.009         059003.000054   059003.000221          1.0000  cm-1
48766.523    0.095      126625.863        059003.000149   059003.000446 P        0.0000  cm-1
48766.523    0.095      126625.863        059003.000059   059003.000227          1.0000  cm-1
48761.175    0.095      252921.748        059003.000049   059003.000214          1.0000  cm-1
48758.819    0.095      6319.408          059003.000041   059003.000200          1.0000  cm-1
48758.819    0.095      6319.408          059003.000229   059003.000564 P        0.0000  cm-1
48739.213    0.095      125782.917        059003.000079   059003.000256          1.0000  cm-1
48733.227    0.095      62799.010         059003.000046   059003.000210          1.0000  cm-1
48731.092    0.095      6276.603          059003.000063   059003.000233          1.0000  cm-1
48729.831    0.095      1882.397          059003.000306   059003.000617 P        0.0000  cm-1
48722.637    0.095      1252.708          059003.000047   059003.000211          1.0000  cm-1
48710.320    0.190      1248901.229       059003.000042   059003.000202          0.7867  cm-1
48710.320    0.190      1248901.229       059003.000050   059003.000215          0.2133  cm-1
48696.610    0.095      622330.865        059003.000049   059003.000213          1.0000  cm-1
48689.878    0.095      6212.896          059003.000050   059003.000214          1.0000  cm-1
48681.509    0.095      123998.983        059003.000053   059003.000217          1.0000  cm-1
48673.428    0.095      618744.395        059003.000072   059003.000244          0.3569  cm-1
48673.428    0.095      618744.395        059003.000045   059003.000208          0.6431  cm-1
48671.348    0.095      30921.122         059003.000073   059003.000247 P        0.0000  cm-1
48671.348    0.095      30921.122         059003.000075   059003.000250          1.0000  cm-1
48630.420    0.095      61208.403         059003.000132   059003.000284          1.0000  cm-1
48628.456    0.095      18353.387         059003.000150   059003.000300 P        0.0000  cm-1
48628.456    0.095      18353.387         059003.000131   059003.000281          1.0000  cm-1
48625.241    0.095      18338.441         059003.000084   059003.000257 P        0.0000  cm-1
48625.241    0.095      18338.441         059003.000050   059003.000213          1.0000  cm-1
48619.900    0.095      3052.268          059003.000073   059003.000245          1.0000  cm-1
48613.495    0.095      6094.608          059003.000059   059003.000226          1.0000  cm-1
48601.398    1.134      60758.526         059003.000151   059003.000300          0.7395  cm-1
48601.398    1.134      60758.526         059003.000145   059003.000295 P        0.0000  cm-1
48601.398    1.134      60758.526         059003.000114   059003.000437          0.2605  cm-1
48582.107    0.094      6045.933          059003.000076   059003.000253 P        0.0000  cm-1
48582.107    0.094      6045.933          059003.000151   059003.000299          1.0000  cm-1
48575.215    0.094      18105.727         059003.000108   059003.000269          1.0000  cm-1
48572.079    0.094      36182.261         059003.000108   059003.000268 P        0.0000  cm-1
48561.488    0.094      2405576.968       059003.000069   059003.000239          0.6023  cm-1
48561.488    0.094      2405576.968       059003.000091   059003.000263          0.3977  cm-1
48546.255    0.094      5990.300          059003.000152   059003.000298          1.0000  cm-1
48530.285    0.094      17896.525         059003.000047   059003.000209          1.0000  cm-1
48530.285    0.094      17896.525         059003.000121   059003.000438 P        0.0000  cm-1
48528.706    0.094      5963.057          059003.000112   059003.000271          1.0000  cm-1
48526.115    0.094      11918.067         059003.000123   059003.000439          1.0000  cm-1
48510.225    0.094      47474.867         059003.000041   059003.000199          1.0000  cm-1
48485.861    0.188      117930.321        059003.000075   059003.000248          0.8576  cm-1
48485.861    0.188      117930.321        059003.000089   059003.000261          0.1424  cm-1
48476.155    0.094      117628.736        059003.000119   059003.000275          1.0000  cm-1
48469.314    0.094      2348.324          059003.000063   059003.000229          1.0000  cm-1
48461.870    0.094      1757.773          059003.000095   059003.000265          1.0000  cm-1
48459.192    0.094      585.508           059003.000539   059003.000434 P        0.0000  cm-1
48459.192    0.094      585.508           059003.000073   059003.000243          1.0000  cm-1
48459.192    0.094      585.508           059003.000073   059003.000433 P        0.0000  cm-1
48450.410    0.094      2920.719          059003.000089   059003.000260          1.0000  cm-1
48445.482    0.094      5833.782          059003.000095   059003.000264          1.0000  cm-1
48442.783    0.094      1165.918          059003.000082   059003.000256          1.0000  cm-1
48432.340    0.094      581335.977        059003.000059   059003.000225          1.0000  cm-1
48422.000    0.094      2898.646          059003.000119   059003.000274          1.0000  cm-1
48405.172    0.094      173134.297        059003.000067   059003.000236          1.0000  cm-1
48396.386    0.094      5757.491          059003.000074   059003.000434 P        0.0000  cm-1
48378.498    0.094      114593.875        059003.000123   059003.000438          1.0000  cm-1
48362.633    0.094      114100.843        059003.000049   059003.000212          1.0000  cm-1
48362.633    0.094      114100.843        059003.000304   059003.000597 P        0.0000  cm-1
48349.797    0.094      113701.992        059003.000154   059003.000301          0.7735  cm-1
48349.797    0.094      113701.992        059003.000150   059003.000446          0.2265  cm-1
48342.830    0.093      17022.826         059003.000097   059003.000265          1.0000  cm-1
48326.501    0.093      28244.546         059003.000097   059003.000264          1.0000  cm-1
48308.199    0.093      224819.235        059003.000060   059003.000224          1.0000  cm-1
48301.292    0.093      28048.776         059003.000054   059003.000217          1.0000  cm-1
48294.035    0.093      111969.724        059003.000195   059003.000553 P        0.0000  cm-1
48294.035    0.093      111969.724        059003.000158   059003.000302          0.1775  cm-1
48294.035    0.093      111969.724        059003.000093   059003.000263          0.8225  cm-1
48294.035    0.093      111969.724        059003.000143   059003.000293 P        0.0000  cm-1
48291.264    0.093      27970.914         059003.000050   059003.000212          1.0000  cm-1
48273.427    0.093      2783.245          059003.000088   059003.000258          1.0000  cm-1
48262.760    0.093      44399.461         059003.000081   059003.000254          1.0000  cm-1
48250.112    0.093      221212.182        059003.000067   059003.000235          1.0000  cm-1
48249.040    0.093      8292.961          059003.000115   059003.000437 P        0.0000  cm-1
48241.919    0.093      5517.591          059003.000106   059003.000266          1.0000  cm-1
48228.517    0.093      109936.022        059003.000139   059003.000291 P        0.0000  cm-1
48228.517    0.093      109936.022        059003.000075   059003.000247          1.0000  cm-1
48222.077    0.093      10973.625         059003.000084   059003.000256          1.0000  cm-1
48196.230    0.093      2723.369          059003.000111   059003.000268          1.0000  cm-1
48175.427    0.093      270725.005        059003.000047   059003.000207          1.0000  cm-1
48169.767    0.093      162172.012        059003.000112   059003.000270 P        0.0000  cm-1
48169.767    0.093      162172.012        059003.000072   059003.000239          0.6334  cm-1
48169.767    0.093      162172.012        059003.000079   059003.000252          0.3666  cm-1
48161.249    0.093      53925.405         059003.000181   059003.000311          1.0000  cm-1
48157.840    0.093      1616.178          059003.000123   059003.000277          1.0000  cm-1
48150.048    0.093      107503.961        059003.000093   059003.000262          1.0000  cm-1
48138.557    0.093      1607.223          059003.000076   059003.000250          1.0000  cm-1
48135.934    0.093      21413.409         059003.000080   059003.000253          1.0000  cm-1
48133.760    0.093      32099.929         059003.000099   059003.000264          1.0000  cm-1
48113.330    0.093      1595.516          059003.000266   059003.000566          1.0000  cm-1
48111.875    0.093      10632.272         059003.000135   059003.000285          1.0000  cm-1
48108.265    0.093      10621.108         059003.000159   059003.000302          0.1879  cm-1
48108.265    0.093      10621.108         059003.000121   059003.000274          0.8121  cm-1
48099.586    0.093      529.714           059003.000053   059003.000215          1.0000  cm-1
48089.845    0.093      158462.539        059003.000451   059003.000588 P        0.0000  cm-1
48089.845    0.093      158462.539        059003.000069   059003.000237          1.0000  cm-1
48088.555    0.093      52800.912         059003.000096   059003.000263          1.0000  cm-1
48070.449    0.092      15756.383         059003.000083   059003.000254          1.0000  cm-1
48035.629    0.092      1039.681          059003.000123   059003.000276          1.0000  cm-1
48035.629    0.092      1039.681          059003.000451   059003.000582 P        0.0000  cm-1
48015.681    0.092      1550.298          059003.000075   059003.000243 P        0.0000  cm-1
48012.063    0.092      1548.626          059003.000081   059003.000253          1.0000  cm-1
48012.063    0.092      1548.626          059003.000125   059003.000440 P        0.0000  cm-1
48004.844    0.092      206038.775        059003.000042   059003.000199          1.0000  cm-1
47998.188    0.092      514.072           059003.000073   059003.000239          1.0000  cm-1
47996.070    0.092      513.746           059003.000108   059003.000266          1.0000  cm-1
47996.070    0.092      513.746           059003.000194   059003.000548 P        0.0000  cm-1
47976.724    0.092      30646.197         059003.000045   059003.000204          1.0000  cm-1
47968.553    0.184      1528.541          059003.000111   059003.000267          0.7799  cm-1
47968.553    0.184      1528.541          059003.000095   059003.000260          0.2201  cm-1
47955.974    0.092      15227.422         059003.000128   059003.000278          1.0000  cm-1
47922.282    0.092      5024.098          059003.000075   059003.000241          1.0000  cm-1
47906.786    0.092      2000.138          059003.000064   059003.000226          1.0000  cm-1
47891.759    0.092      2488.666          059003.000099   059003.000263          1.0000  cm-1
47884.786    0.092      198666.383        059003.000054   059003.000216          1.0000  cm-1
47884.786    0.092      198666.383        059003.000097   059003.000261 P        0.0000  cm-1
47875.089    0.092      4951.825          059003.000138   059003.000288          1.0000  cm-1
47875.089    0.092      4951.825          059003.000179   059003.000309 P        0.0000  cm-1
47873.279    0.092      989.811           059003.000082   059003.000252          1.0000  cm-1
47862.784    0.092      2466.507          059003.000067   059003.000231          1.0000  cm-1
47858.960    0.092      4927.171          059003.000062   059003.000223          1.0000  cm-1
47852.749    0.092      491.768           059003.000095   059003.000259          1.0000  cm-1
47843.388    0.092      9806.784          059003.000080   059003.000251          1.0000  cm-1
47818.567    0.091      48655.360         059003.000046   059003.000206          1.0000  cm-1
47818.567    0.091      48655.360         059003.000168   059003.000453 P        0.0000  cm-1
47814.609    0.091      1943802.264       059003.000066   059003.000230          1.0000  cm-1
47806.679    0.091      9694.854          059003.000073   059003.000238          1.0000  cm-1
47805.122    0.091      14535.172         059003.000074   059003.000240          1.0000  cm-1
47789.519    0.091      4821.313          059003.000153   059003.000300          1.0000  cm-1
47757.569    0.091      2386.388          059003.000155   059003.000298          1.0000  cm-1
47751.959    0.091      1905705.811       059003.000057   059003.000219          1.0000  cm-1
47740.081    0.091      189850.196        059003.000069   059003.000234          0.4292  cm-1
47740.081    0.091      189850.196        059003.000156   059003.000299          0.5708  cm-1
47733.769    0.091      9473.383          059003.000097   059003.000259          1.0000  cm-1
47698.634    0.091      187341.633        059003.000046   059003.000205          1.0000  cm-1
47692.016    0.091      2804.127          059003.000080   059003.000250          1.0000  cm-1
47690.993    0.091      93440.017         059003.000067   059003.000229          1.0000  cm-1
47689.675    0.091      2335.005          059003.000123   059003.000272          1.0000  cm-1
47685.468    0.091      2331.831          059003.000102   059003.000265          1.0000  cm-1
47683.532    0.091      18642.959         059003.000080   059003.000249          1.0000  cm-1
47681.849    0.091      46582.000         059003.000045   059003.000203          1.0000  cm-1
47680.714    0.091      9312.976          059003.000064   059003.000223          1.0000  cm-1
47675.509    0.091      232431.851        059003.000046   059003.000204          1.0000  cm-1
47673.508    0.091      464562.131        059003.000041   059003.000198          1.0000  cm-1
47668.848    0.091      46385.959         059003.000060   059003.000221          1.0000  cm-1
47658.196    0.091      2040.212          059003.000304   059003.000429 P        0.0000  cm-1
47658.196    0.091      2040.212          059003.000115   059003.000270          1.0000  cm-1
47652.565    0.091      45861.867         059003.000084   059003.000252          1.0000  cm-1
47643.934    0.091      10941.973         059003.000076   059003.000245          1.0000  cm-1
47632.611    0.091      137236.317        059003.000053   059003.000211          1.0000  cm-1
47624.560    0.091      40168.531         059003.000130   059003.000278          1.0000  cm-1
47620.225    0.091      4367.757          059003.000111   059003.000266          1.0000  cm-1
47578.766    0.091      186946.436        059003.000093   059003.000258          1.0000  cm-1
47562.606    0.090      7400.085          059003.000152   059003.000295          1.0000  cm-1
47562.606    0.090      7400.085          059003.000144   059003.000445 P        0.0000  cm-1
47553.219    0.090      57672.037         059003.000063   059003.000432          1.0000  cm-1
47540.830    0.090      10573.363         059003.000099   059003.000259          1.0000  cm-1
47440.171    0.068      14445.403         059003.000053   059003.000209          1.0000  cm-1
47379.900    0.067      169047.537        059003.000066   059003.000227          1.0000  cm-1
47348.290    0.067      38075.125         059003.000072   059003.000234          1.0000  cm-1
47315.771    0.067      50184.967         059003.000120   059003.000437          1.0000  cm-1
47252.290    0.067      78391.536         059003.000054   059003.000211 P        0.0000  cm-1
47232.440    0.067      87988.097         059003.000062   059003.000221          1.0000  cm-1
47104.490    0.067      289514.064        059003.000049   059003.000205          1.0000  cm-1
47102.290    0.067      582003.223        059003.000057   059003.000214          1.0000  cm-1
47046.880    0.066      640011.311        059003.000045   059003.000200          1.0000  cm-1
47033.221    0.066      648920.608        059003.000050   059003.000205          1.0000  cm-1
47033.221    0.066      648920.608        059003.000156   059003.000297 P        0.0000  cm-1
46924.770    0.066      482856.124        059003.000075   059003.000235          1.0000  cm-1
46924.770    0.066      482856.124        059003.000104   059003.000259 P        0.0000  cm-1
46919.310    0.154      160094.338        059003.000305   059003.000429 P        0.0000  cm-1
46919.310    0.154      160094.338        059003.000067   059003.000222          1.0000  cm-1
46919.310    0.154      160094.338        059003.000126   059003.000276 P        0.0000  cm-1
46802.990    0.066      261584.729        059003.000091   059003.000256          1.0000  cm-1
46798.280    0.066      776018.285        059003.000045   059003.000199          1.0000  cm-1
46788.400    0.066      883798.421        059003.000084   059003.000247          1.0000  cm-1
46788.400    0.066      883798.421        059003.000070   059003.000226 P        0.0000  cm-1
46786.650    0.066      879958.937        059003.000049   059003.000203          1.0000  cm-1
46716.101    0.065      103599.765        059003.000054   059003.000208          1.0000  cm-1
46715.340    0.065      310102.153        059003.000050   059003.000203          1.0000  cm-1
46715.340    0.065      310102.153        059003.000130   059003.000438 P        0.0000  cm-1
46703.689    0.065      99839.530         059003.000057   059003.000212          1.0000  cm-1
46700.911    0.065      99007.509         059003.000086   059003.000249          1.0000  cm-1
46680.680    0.153      837647.160        059003.000059   059003.000214          1.0000  cm-1
46672.091    0.153      634365.042        059003.000047   059003.000201          1.0000  cm-1
46658.220    0.065      86769.398         059003.000069   059003.000225          1.0000  cm-1
46651.690    0.152      764997.775        059003.000071   059003.000227          1.0000  cm-1
46600.281    0.065      72161.334         059003.000138   059003.000283          1.0000  cm-1
46562.350    0.065      320027.259        059003.000070   059003.000223          1.0000  cm-1
46558.401    0.065      63221.766         059003.000108   059003.000262          1.0000  cm-1
46537.210    0.152      592260.583        059003.000075   059003.000231 P        0.0000  cm-1
46537.210    0.152      592260.583        059003.000050   059003.000202          1.0000  cm-1
46535.890    0.065      58988.709         059003.000448   059003.000421 P        0.0000  cm-1
46535.890    0.065      58988.709         059003.000093   059003.000256          1.0000  cm-1
46497.060    0.065      210408.613        059003.000199   059003.000347 P        0.0000  cm-1
46497.060    0.065      210408.613        059003.000046   059003.000199          1.0000  cm-1
46497.060    0.065      210408.613        059003.000202   059003.000348 P        0.0000  cm-1
46497.060    0.065      210408.613        059003.000305   059003.000428 P        0.0000  cm-1
46447.510    0.065      184186.540        059003.000072   059003.000226          1.0000  cm-1
46447.510    0.065      184186.540        059003.000437   059003.000566 P        0.0000  cm-1
46390.590    0.065      121620.663        059003.000088   059003.000251          1.0000  cm-1
46377.031    0.065      197628.679        059003.000129   059003.000276          1.0000  cm-1
46233.560    0.064      283586.721        059003.000091   059003.000252          1.0000  cm-1
46225.881    0.150      71184.099         059003.000120   059003.000268          1.0000  cm-1
46225.881    0.150      71184.099         059003.000198   059003.000344 P        0.0000  cm-1
46221.549    0.150      285533.640        059003.000072   059003.000223          1.0000  cm-1
46206.250    0.064      108466.996        059003.000166   059003.000301          1.0000  cm-1
46172.450    0.064      189311.743        059003.000062   059003.000215 P        0.0000  cm-1
46144.191    0.064      80276.415         059003.000082   059003.000238          1.0000  cm-1
46115.031    0.064      174016.219        059003.000084   059003.000239          1.0000  cm-1
46087.651    0.064      47866.995         059003.000062   059003.000213          1.0000  cm-1
46054.070    0.064      166059.847        059003.000086   059003.000433 P        0.0000  cm-1
46054.070    0.064      166059.847        059003.000088   059003.000248          1.0000  cm-1
46043.611    0.064      233204.288        059003.000112   059003.000264          1.0000  cm-1
46024.090    0.148      64794.190         059003.000138   059003.000280          1.0000  cm-1
46024.090    0.148      64794.190         059003.000204   059003.000348 P        0.0000  cm-1
46018.840    0.064      133587.591        059003.000076   059003.000232          1.0000  cm-1
45994.321    0.120      389354.104        059003.000064   059003.000215          1.0000  cm-1
45966.410    0.063      94972.104         059003.000060   059003.000210          1.0000  cm-1
45966.410    0.063      94972.104         059003.000093   059003.000252 P        0.0000  cm-1
45964.870    0.063      96091.809         059003.000087   059003.000245 P        0.0000  cm-1
45945.601    0.063      44769.822         059003.000080   059003.000235          1.0000  cm-1
45927.220    0.063      129824.716        059003.000131   059003.000277          1.0000  cm-1
45909.481    0.063      251376.179        059003.000064   059003.000213          1.0000  cm-1
45863.849    0.147      38615.929         059003.000198   059003.000551 P        0.0000  cm-1
45863.849    0.147      38615.929         059003.000082   059003.000237          1.0000  cm-1
45861.029    0.063      38425.071         059003.000045   059003.000197          1.0000  cm-1
45840.400    0.063      37068.047         059003.000155   059003.000293          1.0000  cm-1
45832.831    0.063      36586.981         059003.000076   059003.000229          1.0000  cm-1
45831.611    0.147      328592.531        059003.000050   059003.000199          1.0000  cm-1
45827.601    0.063      217558.111        059003.000067   059003.000217          1.0000  cm-1
45760.860    0.147      194548.559        059003.000096   059003.000252          1.0000  cm-1
45754.301    0.063      128318.791        059003.000291   059003.000570 P        0.0000  cm-1
45754.301    0.063      128318.791        059003.000080   059003.000234          1.0000  cm-1
45718.759    0.063      30299.590         059003.000078   059003.000232          1.0000  cm-1
45705.231    0.146      177959.158        059003.000125   059003.000270 P        0.0000  cm-1
45705.231    0.146      177959.158        059003.000062   059003.000211 P        0.0000  cm-1
45705.231    0.146      177959.158        059003.000082   059003.000235          1.0000  cm-1
45696.081    0.063      146192.075        059003.000093   059003.000251          1.0000  cm-1
45649.850    0.063      136197.445        059003.000120   059003.000266 P        0.0000  cm-1
45641.240    0.146      215119.894        059003.000114   059003.000263          1.0000  cm-1
45629.221    0.062      26413.303         059003.000083   059003.000235          1.0000  cm-1
45626.890    0.062      26322.373         059003.000088   059003.000244          1.0000  cm-1
45624.890    0.062      52489.447         059003.000132   059003.000439          1.0000  cm-1
45604.999    0.062      25491.108         059003.000060   059003.000208 P        0.0000  cm-1
45604.999    0.062      25491.108         059003.000074   059003.000432 P        0.0000  cm-1
45601.420    0.062      152154.148        059003.000112   059003.000261          1.0000  cm-1
45575.411    0.062      195442.909        059003.000064   059003.000212          1.0000  cm-1
45565.550    0.145      192736.571        059003.000112   059003.000260 P        0.0000  cm-1
45565.550    0.145      192736.571        059003.000057   059003.000206          1.0000  cm-1
45559.690    0.145      238945.404        059003.000046   059003.000197          1.0000  cm-1
45558.070    0.062      23840.379         059003.000080   059003.000231          1.0000  cm-1
45556.930    0.145      142814.202        059003.000063   059003.000211          1.0000  cm-1
45556.290    0.145      166467.372        059003.000069   059003.000219          1.0000  cm-1
45546.591    0.062      23462.048         059003.000054   059003.000202          1.0000  cm-1
45532.841    0.062      23021.265         059003.000138   059003.000279 P        0.0000  cm-1
45532.841    0.062      23021.265         059003.000078   059003.000229          1.0000  cm-1
45530.021    0.145      206392.483        059003.000062   059003.000210          1.0000  cm-1
45514.081    0.062      44881.818         059003.000082   059003.000234          1.0000  cm-1
45507.060    0.062      155608.271        059003.000160   059003.000295          1.0000  cm-1
45497.160    0.145      219374.193        059003.000114   059003.000262          0.4462  cm-1
45497.160    0.145      219374.193        059003.000079   059003.000230          0.5538  cm-1
45486.420    0.062      64881.811         059003.000097   059003.000251          1.0000  cm-1
45448.270    0.062      102909.444        059003.000081   059003.000232          1.0000  cm-1
45405.730    1.011      136586.769        059003.000067   059003.000216 P        0.0000  cm-1
45405.730    1.011      136586.769        059003.000167   059003.000300          1.0000  cm-1
45405.730    1.011      136586.769        059003.000196   059003.000341 P        0.0000  cm-1
45386.311    0.144      57165.858         059003.000167   059003.000299          0.1891  cm-1
45386.311    0.144      57165.858         059003.000080   059003.000229          0.8109  cm-1
45368.041    0.062      18641.945         059003.000196   059003.000547 P        0.0000  cm-1
45364.521    0.062      92820.536         059003.000063   059003.000209          1.0000  cm-1
45351.789    0.062      146298.469        059003.000130   059003.000436 P        0.0000  cm-1
45351.789    0.062      146298.469        059003.000064   059003.000210          1.0000  cm-1
45350.551    0.062      146086.108        059003.000091   059003.000246          1.0000  cm-1
45334.941    0.062      17932.105         059003.000097   059003.000250 P        0.0000  cm-1
45331.880    0.144      35737.812         059003.000083   059003.000233          1.0000  cm-1
45327.501    0.144      177791.645        059003.000041   059003.000195          1.0000  cm-1
45317.769    0.144      35165.285         059003.000085   059003.000237          0.8155  cm-1
45317.769    0.144      35165.285         059003.000082   059003.000231          0.1845  cm-1
45314.420    0.062      105095.459        059003.000085   059003.000236          1.0000  cm-1
45314.420    0.062      105095.459        059003.000300   059003.000573 P        0.0000  cm-1
45311.460    0.144      174573.324        059003.000041   059003.000194          1.0000  cm-1
45306.269    0.144      138843.582        059003.000046   059003.000196          1.0000  cm-1
45294.260    0.062      154114.813        059003.000066   059003.000214          1.0000  cm-1
45293.419    0.144      85539.394         059003.000304   059003.000427 P        0.0000  cm-1
45293.419    0.144      85539.394         059003.000099   059003.000251          0.1313  cm-1
45293.419    0.144      85539.394         059003.000084   059003.000234          0.8687  cm-1
45268.701    0.061      33299.262         059003.000095   059003.000248 P        0.0000  cm-1
45268.701    0.061      33299.262         059003.000540   059003.000232 P        0.0000  cm-1
45266.060    0.061      16602.033         059003.000171   059003.000301          1.0000  cm-1
45262.310    0.061      49604.641         059003.000081   059003.000229          1.0000  cm-1
45256.490    0.061      98590.068         059003.000132   059003.000277          1.0000  cm-1
45235.521    0.061      16069.812         059003.000098   059003.000250          1.0000  cm-1
45207.520    0.061      15610.034         059003.000175   059003.000302          1.0000  cm-1
45201.800    0.061      93115.587         059003.000054   059003.000201          1.0000  cm-1
45179.820    0.061      15180.092         059003.000143   059003.000444          1.0000  cm-1
45168.780    0.143      15015.307         059003.000128   059003.000270          0.0274  cm-1
45168.780    0.143      15015.307         059003.000062   059003.000208          0.9726  cm-1
45159.310    0.061      14876.856         059003.000085   059003.000235          1.0000  cm-1
45159.310    0.061      14876.856         059003.000161   059003.000296 P        0.0000  cm-1
45156.351    0.061      74170.610         059003.000135   059003.000440          0.6213  cm-1
45156.351    0.061      74170.610         059003.000072   059003.000218          0.3787  cm-1
45151.440    0.061      29527.536         059003.000087   059003.000238          1.0000  cm-1
45149.709    0.061      29478.280         059003.000168   059003.000447 P        0.0000  cm-1
45149.709    0.061      29478.280         059003.000097   059003.000248          1.0000  cm-1
45145.321    0.061      29354.134         059003.000115   059003.000262          1.0000  cm-1
45143.919    0.143      146573.620        059003.000059   059003.000206          1.0000  cm-1
45143.919    0.143      146573.620        059003.000095   059003.000435 P        0.0000  cm-1
45142.470    0.061      29274.075         059003.000099   059003.000250          1.0000  cm-1
45127.611    0.143      144320.517        059003.000057   059003.000203          1.0000  cm-1
45122.910    0.061      14368.458         059003.000088   059003.000239          1.0000  cm-1
45117.599    0.061      14297.327         059003.000086   059003.000236          1.0000  cm-1
45117.599    0.061      14297.327         059003.000223   059003.000561 P        0.0000  cm-1
45101.961    0.142      112737.629        059003.000093   059003.000247          1.0000  cm-1
45089.491    0.142      139331.623        059003.000054   059003.000200          1.0000  cm-1
45089.491    0.142      139331.623        059003.000115   059003.000261 P        0.0000  cm-1
45089.491    0.142      139331.623        059003.000137   059003.000278 P        0.0000  cm-1
45083.331    0.061      124704.364        059003.000093   059003.000246          1.0000  cm-1
45062.830    0.142      81636.498         059003.000091   059003.000241          0.4881  cm-1
45062.830    0.142      81636.498         059003.000079   059003.000227          0.5119  cm-1
45061.021    0.061      13584.505         059003.000076   059003.000222          1.0000  cm-1
45050.060    0.061      13455.447         059003.000098   059003.000248          1.0000  cm-1
45009.500    0.061      13001.554         059003.000063   059003.000207          1.0000  cm-1
45001.860    0.142      90440.510         059003.000164   059003.000297          1.0000  cm-1
44984.670    0.061      50964.711         059003.000073   059003.000218          1.0000  cm-1
44980.259    0.142      101570.027        059003.000210   059003.000560 P        0.0000  cm-1
44980.259    0.142      101570.027        059003.000075   059003.000221          1.0000  cm-1
44980.259    0.142      101570.027        059003.000084   059003.000230 P        0.0000  cm-1
44968.180    0.061      62876.008         059003.000085   059003.000234          1.0000  cm-1
44965.530    0.142      125490.321        059003.000210   059003.000348 P        0.0000  cm-1
44965.530    0.142      125490.321        059003.000049   059003.000197          1.0000  cm-1
44960.090    0.142      74974.428         059003.000105   059003.000253          1.0000  cm-1
44960.090    0.142      74974.428         059003.000095   059003.000245 P        0.0000  cm-1
44957.060    0.061      62331.484         059003.000177   059003.000450 P        0.0000  cm-1
44957.060    0.061      62331.484         059003.000172   059003.000448 P        0.0000  cm-1
44957.060    0.061      62331.484         059003.000099   059003.000248          1.0000  cm-1
44945.171    0.061      86467.436         059003.000073   059003.000217          1.0000  cm-1
44936.910    0.061      24549.964         059003.000203   059003.000554 P        0.0000  cm-1
44932.309    0.141      73394.155         059003.000093   059003.000244          1.0000  cm-1
44931.680    0.141      85585.922         059003.000060   059003.000205          0.5245  cm-1
44931.680    0.141      85585.922         059003.000088   059003.000238          0.4755  cm-1
44926.751    0.061      85269.667         059003.000069   059003.000215          1.0000  cm-1
44917.710    0.061      12099.661         059003.000166   059003.000297          1.0000  cm-1
44916.781    0.141      12091.341         059003.000076   059003.000432          1.0000  cm-1
44916.781    0.141      12091.341         059003.000311   059003.000619 P        0.0000  cm-1
44914.869    0.061      72445.692         059003.000089   059003.000240          1.0000  cm-1
44909.660    0.141      96224.954         059003.000079   059003.000226          1.0000  cm-1
44908.731    0.061      72119.588         059003.000060   059003.000204          1.0000  cm-1
44906.491    0.141      36000.795         059003.000069   059003.000214          0.7764  cm-1
44906.491    0.141      36000.795         059003.000133   059003.000276          0.2236  cm-1
44905.810    0.061      83960.111         059003.000164   059003.000296          1.0000  cm-1
44898.269    0.060      71572.936         059003.000106   059003.000255          1.0000  cm-1
44894.231    0.060      83259.090         059003.000050   059003.000197          1.0000  cm-1
44885.449    0.060      35459.185         059003.000126   059003.000268          1.0000  cm-1
44877.850    0.060      82294.553         059003.000096   059003.000246          1.0000  cm-1
44871.161    0.060      11701.376         059003.000087   059003.000237          1.0000  cm-1
44862.141    0.060      69770.290         059003.000085   059003.000233          1.0000  cm-1
44856.329    0.141      69492.272         059003.000119   059003.000265          1.0000  cm-1
44855.400    0.141      81022.807         059003.000070   059003.000214          1.0000  cm-1
44855.400    0.141      81022.807         059003.000311   059003.000613 P        0.0000  cm-1
44841.980    0.060      68819.501         059003.000069   059003.000213          1.0000  cm-1
44840.839    0.141      11461.136         059003.000203   059003.000345 P        0.0000  cm-1
44840.839    0.141      11461.136         059003.000054   059003.000199          0.0946  cm-1
44840.839    0.141      11461.136         059003.000097   059003.000245          0.9054  cm-1
44822.120    0.141      113199.471        059003.000042   059003.000195          1.0000  cm-1
44804.781    0.060      67162.961         059003.000098   059003.000434          1.0000  cm-1
44798.921    0.060      78065.307         059003.000095   059003.000243 P        0.0000  cm-1
44798.921    0.060      78065.307         059003.000095   059003.000433          1.0000  cm-1
44790.831    0.060      77668.586         059003.000070   059003.000213          1.0000  cm-1
44784.591    0.060      22104.852         059003.000131   059003.000436          1.0000  cm-1
44778.600    0.140      66069.396         059003.000200   059003.000551 P        0.0000  cm-1
44778.600    0.140      66069.396         059003.000067   059003.000211          1.0000  cm-1
44764.120    0.060      65489.118         059003.000448   059003.000572 P        0.0000  cm-1
44764.120    0.060      65489.118         059003.000153   059003.000292          1.0000  cm-1
44752.160    0.060      21674.178         059003.000155   059003.000292          1.0000  cm-1
44740.841    0.060      64591.364         059003.000098   059003.000245          1.0000  cm-1
44728.371    0.060      64127.814         059003.000079   059003.000225          1.0000  cm-1
44728.371    0.060      64127.814         059003.000135   059003.000438 P        0.0000  cm-1
44725.251    0.060      10668.946         059003.000206   059003.000557 P        0.0000  cm-1
44712.530    0.060      10592.651         059003.000087   059003.000235          1.0000  cm-1
44699.580    0.060      73619.100         059003.000099   059003.000247          1.0000  cm-1
44690.329    0.060      10464.226         059003.000143   059003.000283 P        0.0000  cm-1
44683.659    0.140      104267.890        059003.000079   059003.000223          1.0000  cm-1
44680.880    0.060      10411.345         059003.000099   059003.000246          1.0000  cm-1
44677.549    0.060      10392.953         059003.000172   059003.000299          1.0000  cm-1
44669.360    0.060      82786.253         059003.000102   059003.000249          1.0000  cm-1
44667.269    0.060      62021.985         059003.000105   059003.000251          1.0000  cm-1
44657.710    0.140      61716.261         059003.000126   059003.000267          1.0000  cm-1
44657.710    0.140      61716.261         059003.000096   059003.000242 P        0.0000  cm-1
44657.710    0.140      61716.261         059003.000074   059003.000217 P        0.0000  cm-1
44652.541    0.140      10258.918         059003.000108   059003.000255          1.0000  cm-1
44650.990    0.060      20501.672         059003.000088   059003.000237          1.0000  cm-1
44647.800    0.060      102342.986        059003.000099   059003.000245          1.0000  cm-1
44645.281    0.060      10221.322         059003.000134   059003.000276          1.0000  cm-1
44643.011    0.060      20419.366         059003.000106   059003.000253          1.0000  cm-1
44640.660    0.060      101976.933        059003.000050   059003.000196          1.0000  cm-1
44616.619    0.060      50392.365         059003.000078   059003.000432          1.0000  cm-1
44613.810    0.060      60389.643         059003.000060   059003.000203          1.0000  cm-1
44604.551    0.060      30062.766         059003.000147   059003.000287          1.0000  cm-1
44600.910    0.139      30011.572         059003.000100   059003.000434 P        0.0000  cm-1
44600.159    0.060      30001.059         059003.000085   059003.000229          1.0000  cm-1
44598.309    0.060      9991.747          059003.000299   059003.000571 P        0.0000  cm-1
44598.309    0.060      9991.747          059003.000176   059003.000449          1.0000  cm-1
44590.330    0.060      79640.202         059003.000096   059003.000241          1.0000  cm-1
44589.411    0.060      59705.024         059003.000086   059003.000232          1.0000  cm-1
44586.191    0.139      99362.285         059003.000067   059003.000209          1.0000  cm-1
44580.130    0.139      89181.126         059003.000098   059003.000243          0.1427  cm-1
44580.130    0.139      89181.126         059003.000098   059003.000433          0.8573  cm-1
44580.130    0.139      89181.126         059003.000300   059003.000571 P        0.0000  cm-1
44570.630    0.139      9867.086          059003.000145   059003.000286 P        0.0000  cm-1
44559.681    1.140      9819.851          059003.000173   059003.000300          1.0000  cm-1
44559.681    1.140      9819.851          059003.000305   059003.000427 P        0.0000  cm-1
44541.420    0.139      68205.325         059003.000075   059003.000218          1.0000  cm-1
44541.420    0.139      68205.325         059003.000145   059003.000285 P        0.0000  cm-1
44540.470    0.139      68178.149         059003.000173   059003.000299          1.0000  cm-1
44534.691    0.060      9716.313          059003.000072   059003.000215          1.0000  cm-1
44529.911    0.060      58183.023         059003.000099   059003.000244          1.0000  cm-1
44529.911    0.060      58183.023         059003.000437   059003.000565 P        0.0000  cm-1
44528.529    0.060      29075.029         059003.000073   059003.000216          1.0000  cm-1
44525.850    0.059      48405.358         059003.000121   059003.000264 P        0.0000  cm-1
44525.850    0.059      48405.358         059003.000104   059003.000250          1.0000  cm-1
44517.221    0.059      9647.362          059003.000104   059003.000249          1.0000  cm-1
44516.291    0.059      19287.536         059003.000081   059003.000224          0.1220  cm-1
44516.291    0.059      19287.536         059003.000105   059003.000250          0.8780  cm-1
44514.530    0.059      67458.903         059003.000072   059003.000214          1.0000  cm-1
44507.950    0.059      76895.110         059003.000069   059003.000212          1.0000  cm-1
44507.950    0.059      76895.110         059003.000105   059003.000249 P        0.0000  cm-1
44495.271    0.059      19129.206         059003.000062   059003.000205          1.0000  cm-1
44492.640    0.139      66884.777         059003.000127   059003.000267 P        0.0000  cm-1
44492.640    0.139      66884.777         059003.000088   059003.000235          1.0000  cm-1
44487.131    0.059      9534.986          059003.000099   059003.000243          1.0000  cm-1
44475.991    0.059      9495.370          059003.000162   059003.000294          1.0000  cm-1
44456.810    0.059      75436.865         059003.000070   059003.000212          1.0000  cm-1
44453.789    0.059      18839.057         059003.000119   059003.000262          1.0000  cm-1
44450.070    0.059      75257.772         059003.000072   059003.000213          1.0000  cm-1
44447.520    0.059      75190.791         059003.000076   059003.000221          1.0000  cm-1
44437.150    0.059      74922.702         059003.000064   059003.000206          1.0000  cm-1
44435.729    0.059      65525.704         059003.000060   059003.000202          1.0000  cm-1
44428.540    0.059      84043.514         059003.000093   059003.000239          1.0000  cm-1
44402.160    0.059      74068.273         059003.000113   059003.000257          1.0000  cm-1
44400.110    0.059      83273.125         059003.000082   059003.000224          1.0000  cm-1
44387.199    0.059      55294.422         059003.000082   059003.000223          1.0000  cm-1
44384.380    0.059      73662.871         059003.000053   059003.000198          1.0000  cm-1
44374.270    0.059      64260.674         059003.000108   059003.000252 P        0.0000  cm-1
44374.270    0.059      64260.674         059003.000123   059003.000264          1.0000  cm-1
44371.041    0.059      45856.921         059003.000146   059003.000286          1.0000  cm-1
44368.819    0.059      45827.187         059003.000197   059003.000336 P        0.0000  cm-1
44368.819    0.059      45827.187         059003.000144   059003.000283          1.0000  cm-1
44367.320    0.059      45807.218         059003.000102   059003.000435          1.0000  cm-1
44363.110    0.059      18300.628         059003.000073   059003.000215          1.0000  cm-1
44356.100    0.059      9132.070          059003.000120   059003.000263          1.0000  cm-1
44346.659    0.059      72864.408         059003.000154   059003.000291          1.0000  cm-1
44344.670    0.059      9103.070          059003.000089   059003.000236          1.0000  cm-1
44342.111    0.059      9096.704          059003.000146   059003.000285          1.0000  cm-1
44331.420    0.059      63494.213         059003.000163   059003.000294          1.0000  cm-1
44331.420    0.059      63494.213         059003.000175   059003.000300 P        0.0000  cm-1
44330.810    0.059      54414.821         059003.000105   059003.000248          1.0000  cm-1
44324.030    0.059      18106.045         059003.000083   059003.000224          1.0000  cm-1
44324.030    0.059      18106.045         059003.000215   059003.000348 P        0.0000  cm-1
44318.171    0.138      72314.808         059003.000156   059003.000291          1.0000  cm-1
44317.170    0.138      72296.321         059003.000064   059003.000205          1.0000  cm-1
44314.109    0.059      9030.011          059003.000181   059003.000306 P        0.0000  cm-1
44309.371    0.059      9019.255          059003.000126   059003.000266          1.0000  cm-1
44305.900    0.059      9011.471          059003.000168   059003.000295 P        0.0000  cm-1
44305.900    0.059      9011.471          059003.000135   059003.000274          1.0000  cm-1
44305.900    0.059      9011.471          059003.000101   059003.000434 P        0.0000  cm-1
44301.440    0.059      45007.952         059003.000088   059003.000234          1.0000  cm-1
44300.321    0.059      44995.649         059003.000152   059003.000288          1.0000  cm-1
44298.320    0.059      8994.755          059003.000083   059003.000222          1.0000  cm-1
44286.171    0.137      44843.764         059003.000114   059003.000257          1.0000  cm-1
44286.171    0.137      44843.764         059003.000306   059003.000581 P        0.0000  cm-1
44284.450    0.059      71721.176         059003.000069   059003.000210          1.0000  cm-1
44282.171    0.059      35841.610         059003.000306   059003.000579 P        0.0000  cm-1
44282.171    0.059      35841.610         059003.000177   059003.000302          1.0000  cm-1
44247.071    0.059      17783.062         059003.000102   059003.000434          0.4502  cm-1
44247.071    0.059      17783.062         059003.000119   059003.000259          0.5498  cm-1
44245.549    0.059      8888.721          059003.000155   059003.000290          1.0000  cm-1
44242.080    0.059      17764.736         059003.000067   059003.000208          1.0000  cm-1
44240.551    0.059      26638.772         059003.000074   059003.000216 P        0.0000  cm-1
44240.551    0.059      26638.772         059003.000147   059003.000444          1.0000  cm-1
44224.800    0.059      8851.822          059003.000076   059003.000431          1.0000  cm-1
44218.851    0.059      8841.726          059003.000097   059003.000239          1.0000  cm-1
44214.451    0.059      61840.767         059003.000157   059003.000290          1.0000  cm-1
44212.070    0.059      79474.289         059003.000120   059003.000262          1.0000  cm-1
44205.620    0.059      52920.181         059003.000105   059003.000435          1.0000  cm-1
44204.170    0.059      52906.302         059003.000176   059003.000298          1.0000  cm-1
44190.491    0.059      52778.940         059003.000132   059003.000437          1.0000  cm-1
44177.530    0.059      70219.037         059003.000199   059003.000547 P        0.0000  cm-1
44177.530    0.059      70219.037         059003.000062   059003.000203          1.0000  cm-1
44166.540    0.059      17523.858         059003.000084   059003.000223          0.6637  cm-1
44166.540    0.059      17523.858         059003.000540   059003.000432          0.3363  cm-1
44146.359    0.058      52411.947         059003.000095   059003.000238          1.0000  cm-1
44132.110    0.058      52307.374         059003.000123   059003.000263          1.0000  cm-1
44116.009    0.058      43497.629         059003.000072   059003.000212          1.0000  cm-1
44114.251    0.058      43488.019         059003.000143   059003.000280          1.0000  cm-1
44110.520    0.058      8693.580          059003.000130   059003.000267          1.0000  cm-1
44104.430    0.058      69497.356         059003.000148   059003.000286 P        0.0000  cm-1
44104.430    0.058      69497.356         059003.000108   059003.000251          1.0000  cm-1
44095.050    0.058      8677.679          059003.000104   059003.000434          1.0000  cm-1
44093.380    0.058      8676.036          059003.000199   059003.000340 P        0.0000  cm-1
44085.680    0.058      8668.654          059003.000211   059003.000347          1.0000  cm-1
44083.851    0.058      43334.725         059003.000121   059003.000261          1.0000  cm-1
44081.031    0.058      43321.723         059003.000101   059003.000433          1.0000  cm-1
44073.240    0.058      8657.371          059003.000105   059003.000247          1.0000  cm-1
44047.070    0.058      8636.189          059003.000086   059003.000228          1.0000  cm-1
44030.190    0.058      77618.948         059003.000208   059003.000556 P        0.0000  cm-1
44030.190    0.058      77618.948         059003.000053   059003.000196          1.0000  cm-1
44027.281    0.136      68979.386         059003.000097   059003.000238          1.0000  cm-1
44026.120    0.058      77595.076         059003.000099   059003.000239          1.0000  cm-1
44022.459    0.058      68954.863         059003.000102   059003.000433          0.6461  cm-1
44022.459    0.058      68954.863         059003.000105   059003.000245          0.3539  cm-1
44010.090    0.058      77508.038         059003.000100   059003.000240          1.0000  cm-1
44000.930    0.058      51642.161         059003.000080   059003.000221          1.0000  cm-1
43999.261    0.136      77455.463         059003.000062   059003.000202          0.3123  cm-1
43999.261    0.136      77455.463         059003.000064   059003.000203          0.6877  cm-1
43988.059    0.058      77406.293         059003.000123   059003.000262          1.0000  cm-1
43978.631    0.058      8596.552          059003.000060   059003.000200          1.0000  cm-1
43977.431    0.058      77364.487         059003.000171   059003.000297          1.0000  cm-1
43970.411    0.058      51559.624         059003.000172   059003.000297          1.0000  cm-1
43965.171    0.135      77322.056         059003.000178   059003.000301          1.0000  cm-1
43956.550    0.058      42942.165         059003.000093   059003.000237          1.0000  cm-1
43943.391    0.058      8584.639          059003.000144   059003.000281          1.0000  cm-1
43924.840    0.058      8580.591          059003.000078   059003.000431          1.0000  cm-1
43919.960    0.058      34319.103         059003.000075   059003.000215          1.0000  cm-1
43912.610    0.058      8578.743          059003.000203   059003.000548 P        0.0000  cm-1
43905.419    0.058      34311.825         059003.000168   059003.000294          1.0000  cm-1
43903.581    0.058      68622.326         059003.000105   059003.000244          1.0000  cm-1
43903.581    0.058      68622.326         059003.000261   059003.000564 P        0.0000  cm-1
43896.161    0.058      42886.341         059003.000073   059003.000211          1.0000  cm-1
43892.429    0.135      42885.468         059003.000072   059003.000210          0.6443  cm-1
43892.429    0.135      42885.468         059003.000089   059003.000233          0.3557  cm-1
43885.891    0.058      8576.929          059003.000158   059003.000290          1.0000  cm-1
43882.771    0.058      8576.913          059003.000114   059003.000256          1.0000  cm-1
43882.771    0.058      8576.913          059003.000119   059003.000258 P        0.0000  cm-1
43878.690    0.058      51461.721         059003.000152   059003.000287          1.0000  cm-1
43874.280    0.135      60039.526         059003.000172   059003.000296          1.0000  cm-1
43870.430    0.058      51463.482         059003.000104   059003.000243          0.2726  cm-1
43870.430    0.058      51463.482         059003.000104   059003.000433          0.7274  cm-1
43862.401    0.058      60044.611         059003.000095   059003.000236          1.0000  cm-1
43860.790    0.058      60045.612         059003.000105   059003.000243          0.0777  cm-1
43860.790    0.058      60045.612         059003.000105   059003.000433          0.9223  cm-1
43854.301    0.058      17157.255         059003.000085   059003.000224          1.0000  cm-1
43834.619    0.058      51490.426         059003.000099   059003.000238          1.0000  cm-1
43828.430    0.058      8583.035          059003.000085   059003.000222          1.0000  cm-1
43821.130    0.058      60093.314         059003.000064   059003.000202          1.0000  cm-1
43816.480    0.058      77273.696         059003.000201   059003.000547          0.2807  cm-1
43816.480    0.058      77273.696         059003.000089   059003.000232          0.7193  cm-1
43767.839    0.057      60225.007         059003.000108   059003.000248          1.0000  cm-1
43757.550    0.134      86084.365         059003.000066   059003.000206          1.0000  cm-1
43751.381    0.057      8611.539          059003.000147   059003.000283          1.0000  cm-1
43743.519    0.057      51694.170         059003.000097   059003.000236          1.0000  cm-1
43737.121    0.057      8619.242          059003.000173   059003.000296          1.0000  cm-1
43728.531    0.057      51745.413         059003.000111   059003.000251          1.0000  cm-1
43720.921    0.057      60402.155         059003.000073   059003.000210          1.0000  cm-1
43718.781    0.057      60411.556         059003.000154   059003.000289          1.0000  cm-1
43714.960    0.057      69061.278         059003.000101   059003.000240          1.0000  cm-1
43707.521    0.057      8637.553          059003.000095   059003.000235          1.0000  cm-1
43704.010    0.057      43199.645         059003.000073   059003.000209 P        0.0000  cm-1
43702.330    0.057      17282.163         059003.000218   059003.000348          1.0000  cm-1
43702.330    0.057      17282.163         059003.000312   059003.000617 P        0.0000  cm-1
43700.249    0.057      25927.566         059003.000159   059003.000290          1.0000  cm-1
43690.319    0.057      77846.431         059003.000156   059003.000289          1.0000  cm-1
43684.701    0.134      43268.799         059003.000083   059003.000221          0.3126  cm-1
43684.701    0.134      43268.799         059003.000080   059003.000220          0.6874  cm-1
43669.131    0.057      43329.189         059003.000078   059003.000217          1.0000  cm-1
43656.300    0.057      43382.006         059003.000102   059003.000240          1.0000  cm-1
43654.530    0.057      43389.509         059003.000081   059003.000431          1.0000  cm-1
43650.070    0.057      78135.546         059003.000054   059003.000196          1.0000  cm-1
43647.111    0.057      8684.301          059003.000209   059003.000555 P        0.0000  cm-1
43640.810    0.057      8689.878          059003.000237   059003.000561          0.1309  cm-1
43640.810    0.057      8689.878          059003.000120   059003.000258          0.8691  cm-1
43631.820    0.057      43490.287         059003.000086   059003.000222          1.0000  cm-1
43630.600    0.133      8699.187          059003.000089   059003.000229          1.0000  cm-1
43615.390    0.057      69709.395         059003.000045   059003.000195          1.0000  cm-1
43606.909    0.133      69776.562         059003.000093   059003.000234          1.0000  cm-1
43605.959    0.133      69784.199         059003.000137   059003.000273          1.0000  cm-1
43605.959    0.133      69784.199         059003.000291   059003.000568 P        0.0000  cm-1
43599.320    0.057      69838.193         059003.000045   059003.000194          1.0000  cm-1
43594.569    0.057      8734.687          059003.000220   059003.000560 P        0.0000  cm-1
43594.569    0.057      8734.687          059003.000150   059003.000286 P        0.0000  cm-1
43591.011    0.057      8738.413          059003.000114   059003.000255          1.0000  cm-1
43588.430    0.057      8741.140          059003.000097   059003.000235          1.0000  cm-1
43586.601    0.057      61201.590         059003.000106   059003.000244          1.0000  cm-1
43577.350    0.057      43765.375         059003.000111   059003.000250          1.0000  cm-1
43568.841    0.057      70099.950         059003.000111   059003.000249          1.0000  cm-1
43567.131    0.133      78879.711         059003.000151   059003.000286          1.0000  cm-1
43562.259    0.057      70159.416         059003.000080   059003.000218          1.0000  cm-1
43560.740    0.133      78944.954         059003.000091   059003.000230          0.4948  cm-1
43560.740    0.133      78944.954         059003.000081   059003.000220          0.5052  cm-1
43552.639    0.057      61467.160         059003.000076   059003.000216          1.0000  cm-1
43543.320    0.057      35168.117         059003.000131   059003.000267          1.0000  cm-1
43530.339    0.057      17615.561         059003.000211   059003.000346          1.0000  cm-1
43530.339    0.057      17615.561         059003.000179   059003.000304 P        0.0000  cm-1
43514.669    0.057      8827.432          059003.000152   059003.000444          1.0000  cm-1
43511.750    0.057      70649.355         059003.000155   059003.000288          1.0000  cm-1
43510.290    0.057      44165.234         059003.000108   059003.000247          1.0000  cm-1
43506.201    0.057      70706.713         059003.000063   059003.000201          1.0000  cm-1
43504.211    0.057      26522.791         059003.000104   059003.000240          1.0000  cm-1
43504.211    0.057      26522.791         059003.000202   059003.000341 P        0.0000  cm-1
43496.040    0.057      8851.687          059003.000112   059003.000253          1.0000  cm-1
43491.669    0.057      53145.084         059003.000108   059003.000246          1.0000  cm-1
43487.470    0.057      53178.978         059003.000086   059003.000432          1.0000  cm-1
43484.931    0.057      53199.605         059003.000160   059003.000292          1.0000  cm-1
43480.719    0.057      8872.342          059003.000157   059003.000288          1.0000  cm-1
43474.681    0.057      53283.932         059003.000540   059003.000431          1.0000  cm-1
43472.431    0.057      8883.778          059003.000202   059003.000547 P        0.0000  cm-1
43458.510    0.057      35613.571         059003.000108   059003.000245          1.0000  cm-1
43453.030    0.132      80201.259         059003.000198   059003.000543 P        0.0000  cm-1
43453.030    0.132      80201.259         059003.000075   059003.000211          1.0000  cm-1
43444.400    0.132      80314.048         059003.000265   059003.000564 P        0.0000  cm-1
43444.400    0.132      80314.048         059003.000082   059003.000220          1.0000  cm-1
43416.990    0.057      8964.826          059003.000123   059003.000258          1.0000  cm-1
43415.879    0.057      62765.695         059003.000074   059003.000209          1.0000  cm-1
43410.161    0.132      44876.688         059003.000095   059003.000233          1.0000  cm-1
43409.130    0.132      44884.675         059003.000211   059003.000554          1.0000  cm-1
43407.470    0.057      8979.511          059003.000087   059003.000224          1.0000  cm-1
43405.980    1.020      62872.799         059003.000177   059003.000300          1.0000  cm-1
43405.980    1.020      62872.799         059003.000148   059003.000282 P        0.0000  cm-1
43399.780    0.132      17983.060         059003.000105   059003.000239          1.0000  cm-1
43398.650    0.057      53959.851         059003.000081   059003.000217          1.0000  cm-1
43397.220    0.132      44977.817         059003.000097   059003.000234          1.0000  cm-1
43395.671    0.132      53988.064         059003.000099   059003.000235          1.0000  cm-1
43393.881    0.132      81007.611         059003.000063   059003.000200          1.0000  cm-1
43391.890    0.057      63028.061         059003.000111   059003.000248          1.0000  cm-1
43385.639    0.056      54083.977         059003.000197   059003.000333          1.0000  cm-1
43381.740    0.056      18040.545         059003.000087   059003.000222          1.0000  cm-1
43369.731    0.056      72318.561         059003.000069   059003.000206          1.0000  cm-1
43368.380    0.056      72336.316         059003.000083   059003.000220          1.0000  cm-1
43364.991    0.056      9047.625          059003.000135   059003.000436          1.0000  cm-1
43359.631    0.056      27169.531         059003.000073   059003.000208 P        0.0000  cm-1
43340.591    0.056      27265.739         059003.000108   059003.000244          1.0000  cm-1
43334.241    0.056      81895.024         059003.000095   059003.000232          1.0000  cm-1
43329.941    0.056      18213.709         059003.000082   059003.000219          1.0000  cm-1
43327.800    0.056      18221.111         059003.000175   059003.000295          1.0000  cm-1
43325.791    0.056      54684.238         059003.000138   059003.000275          0.2080  cm-1
43325.791    0.056      54684.238         059003.000203   059003.000341          0.7920  cm-1
43321.961    0.056      91207.020         059003.000082   059003.000218          1.0000  cm-1
43318.620    0.056      91265.371         059003.000070   059003.000206          1.0000  cm-1
43314.100    0.056      54806.820         059003.000046   059003.000195          1.0000  cm-1
43313.389    0.131      27407.163         059003.000114   059003.000252          1.0000  cm-1
43313.389    0.131      27407.163         059003.000211   059003.000345 P        0.0000  cm-1
43306.559    0.056      91477.936         059003.000057   059003.000197          1.0000  cm-1
43301.660    0.056      45782.550         059003.000144   059003.000279          1.0000  cm-1
43293.639    0.131      82537.944         059003.000062   059003.000199          0.2806  cm-1
43293.639    0.131      82537.944         059003.000093   059003.000230          0.7194  cm-1
43291.160    0.056      64227.446         059003.000097   059003.000233          1.0000  cm-1
43288.239    0.056      9180.628          059003.000452   059003.000573 P        0.0000  cm-1
43288.239    0.056      9180.628          059003.000194   059003.000321          1.0000  cm-1
43277.761    0.056      18399.393         059003.000075   059003.000210          1.0000  cm-1
43274.351    0.056      9205.946          059003.000310   059003.000596 P        0.0000  cm-1
43274.351    0.056      9205.946          059003.000089   059003.000228          1.0000  cm-1
43272.089    0.056      27630.305         059003.000195   059003.000321          1.0000  cm-1
43272.089    0.056      27630.305         059003.000138   059003.000274 P        0.0000  cm-1
43266.789    0.056      36879.515         059003.000111   059003.000435          1.0000  cm-1
43257.741    0.056      9236.687          059003.000126   059003.000264          1.0000  cm-1
43252.619    0.056      92462.656         059003.000078   059003.000216          1.0000  cm-1
43249.739    0.056      92516.724         059003.000069   059003.000205          1.0000  cm-1
43239.221    0.056      55629.224         059003.000115   059003.000255          1.0000  cm-1
43220.459    0.056      55844.567         059003.000176   059003.000295 P        0.0000  cm-1
43217.951    0.056      55873.619         059003.000104   059003.000238          1.0000  cm-1
43214.929    0.056      65226.803         059003.000085   059003.000221          1.0000  cm-1
43208.299    0.056      55985.943         059003.000105   059003.000238          1.0000  cm-1
43204.521    0.056      56030.149         059003.000099   059003.000234          1.0000  cm-1
43200.881    0.056      28036.431         059003.000097   059003.000231          1.0000  cm-1
43198.609    0.056      93499.294         059003.000070   059003.000205          1.0000  cm-1
43194.950    0.056      18714.237         059003.000131   059003.000266          1.0000  cm-1
43187.801    0.056      9371.220          059003.000088   059003.000224 P        0.0000  cm-1
43178.160    0.056      9390.350          059003.000196   059003.000331          1.0000  cm-1
43174.781    0.131      93970.862         059003.000147   059003.000280          0.2430  cm-1
43174.781    0.131      93970.862         059003.000088   059003.000223          0.7570  cm-1
43168.840    0.056      18817.937         059003.000239   059003.000561 P        0.0000  cm-1
43168.840    0.056      18817.937         059003.000196   059003.000330          1.0000  cm-1
43152.630    0.056      9441.624          059003.000208   059003.000551 P        0.0000  cm-1
43148.211    0.056      66154.082         059003.000095   059003.000229          1.0000  cm-1
43144.620    0.056      9457.882          059003.000101   059003.000236          1.0000  cm-1
43142.291    0.056      85163.626         059003.000181   059003.000305 P        0.0000  cm-1
43142.291    0.056      85163.626         059003.000196   059003.000329          1.0000  cm-1
43134.400    0.056      47393.702         059003.000111   059003.000247          1.0000  cm-1
43126.199    0.056      47477.835         059003.000091   059003.000227          1.0000  cm-1
43124.540    0.056      94989.801         059003.000539   059003.000207          1.0000  cm-1
43120.611    0.056      95070.750         059003.000138   059003.000273          1.0000  cm-1
43115.481    0.056      95176.714         059003.000098   059003.000232          0.4367  cm-1
43115.481    0.056      95176.714         059003.000064   059003.000199          0.5633  cm-1
43112.210    0.056      95244.408         059003.000047   059003.000194          1.0000  cm-1
43109.291    0.056      95304.935         059003.000084   059003.000219          1.0000  cm-1
43105.949    0.056      9537.431          059003.000080   059003.000216 P        0.0000  cm-1
43103.400    0.130      28628.194         059003.000132   059003.000269          1.0000  cm-1
43101.300    0.130      95471.028         059003.000098   059003.000231 P        0.0000  cm-1
43101.300    0.130      95471.028         059003.000084   059003.000218          1.0000  cm-1
43088.000    0.056      28724.664         059003.000096   059003.000230          1.0000  cm-1
43086.070    0.056      28736.802         059003.000102   059003.000236          1.0000  cm-1
43082.670    0.130      95860.685         059003.000106   059003.000239          0.4629  cm-1
43082.670    0.130      95860.685         059003.000111   059003.000245          0.5371  cm-1
43073.390    0.056      19211.192         059003.000205   059003.000342          1.0000  cm-1
43060.889    0.056      48160.066         059003.000074   059003.000207          1.0000  cm-1
43059.180    0.056      19271.269         059003.000157   059003.000287          1.0000  cm-1
43058.349    0.056      48186.981         059003.000167   059003.000445          0.4060  cm-1
43058.349    0.056      48186.981         059003.000128   059003.000265          0.5940  cm-1
43043.370    0.056      77353.886         059003.000112   059003.000249 P        0.0000  cm-1
43029.211    0.056      29098.402         059003.000097   059003.000229          1.0000  cm-1
43027.920    0.056      9702.231          059003.000450   059003.000571 P        0.0000  cm-1
43025.451    0.056      9707.516          059003.000152   059003.000283          1.0000  cm-1
43007.949    0.056      68215.561         059003.000205   059003.000341          1.0000  cm-1
43001.120    0.055      9759.777          059003.000120   059003.000257          1.0000  cm-1
42997.259    0.055      19536.190         059003.000218   059003.000347          1.0000  cm-1
42990.801    0.129      39128.086         059003.000195   059003.000320 P        0.0000  cm-1
42990.801    0.129      39128.086         059003.000304   059003.000420 P        0.0000  cm-1
42983.949    0.129      9796.812          059003.000115   059003.000253          1.0000  cm-1
42982.210    0.055      88205.119         059003.000081   059003.000216          1.0000  cm-1
42977.720    0.055      58861.628         059003.000072   059003.000206          1.0000  cm-1
42976.681    0.055      68687.618         059003.000211   059003.000344 P        0.0000  cm-1
42976.681    0.055      68687.618         059003.000079   059003.000214          1.0000  cm-1
42973.269    0.055      78559.151         059003.000091   059003.000226          1.0000  cm-1
42966.380    0.055      9834.800          059003.000159   059003.000288          1.0000  cm-1
42964.719    0.055      9838.393          059003.000111   059003.000244          1.0000  cm-1
42940.741    0.055      49451.669         059003.000080   059003.000215          1.0000  cm-1
42934.031    0.055      69334.141         059003.000104   059003.000236          1.0000  cm-1
42931.891    0.129      99095.145         059003.000069   059003.000203          1.0000  cm-1
42929.519    0.055      69402.583         059003.000098   059003.000229          1.0000  cm-1
42927.250    0.055      59517.436         059003.000175   059003.000294          1.0000  cm-1
42924.359    0.055      59555.021         059003.000197   059003.000331 P        0.0000  cm-1
42924.359    0.055      59555.021         059003.000105   059003.000236          1.0000  cm-1
42921.889    0.055      49655.942         059003.000111   059003.000243 P        0.0000  cm-1
42921.889    0.055      49655.942         059003.000111   059003.000433          1.0000  cm-1
42920.210    0.055      89413.441         059003.000076   059003.000211          1.0000  cm-1
42916.509    0.055      89485.592         059003.000075   059003.000208          1.0000  cm-1
42915.310    0.055      19890.883         059003.000197   059003.000330          1.0000  cm-1
42913.249    0.055      69649.331         059003.000194   059003.000319          1.0000  cm-1
42898.051    0.055      59896.777         059003.000216   059003.000346          1.0000  cm-1
42891.190    0.055      49988.136         059003.000106   059003.000238          1.0000  cm-1
42871.620    0.055      40159.381         059003.000126   059003.000262          1.0000  cm-1
42866.121    0.055      10051.681         059003.000151   059003.000282          1.0000  cm-1
42861.680    0.055      50306.150         059003.000216   059003.000556          1.0000  cm-1
42857.729    0.055      50348.570         059003.000072   059003.000205          1.0000  cm-1
42841.620    0.055      30312.666         059003.000202   059003.000337 P        0.0000  cm-1
42839.821    0.055      50540.336         059003.000218   059003.000558          1.0000  cm-1
42836.791    0.055      50572.679         059003.000108   059003.000239          1.0000  cm-1
42820.151    0.055      20299.890         059003.000176   059003.000294          1.0000  cm-1
42797.421    0.055      61187.666         059003.000146   059003.000279          1.0000  cm-1
42795.520    0.055      20403.875         059003.000086   059003.000431          1.0000  cm-1
42792.700    0.128      102078.543        059003.000060   059003.000197          1.0000  cm-1
42792.700    0.128      102078.543        059003.000091   059003.000225 P        0.0000  cm-1
42778.231    0.055      20476.158         059003.000203   059003.000338          1.0000  cm-1
42771.390    0.055      20504.578         059003.000206   059003.000340          1.0000  cm-1
42769.359    0.055      92308.461         059003.000105   059003.000235          1.0000  cm-1
42768.150    0.055      92330.993         059003.000087   059003.000221          1.0000  cm-1
42755.110    0.055      30857.635         059003.000153   059003.000286          1.0000  cm-1
42750.901    0.055      10294.507         059003.000142   059003.000440 P        0.0000  cm-1
42747.430    0.055      30904.816         059003.000091   059003.000223          1.0000  cm-1
42741.549    0.055      20627.189         059003.000112   059003.000435          1.0000  cm-1
42736.540    0.055      30971.303         059003.000085   059003.000217          1.0000  cm-1
42727.861    0.128      93071.768         059003.000067   059003.000201          0.7152  cm-1
42727.861    0.128      93071.768         059003.000076   059003.000209          0.2848  cm-1
42726.260    0.055      72411.723         059003.000153   059003.000285          1.0000  cm-1
42726.260    0.055      72411.723         059003.000202   059003.000336 P        0.0000  cm-1
42710.651    0.055      20751.490         059003.000130   059003.000264          1.0000  cm-1
42691.320    0.055      20827.668         059003.000115   059003.000251          1.0000  cm-1
42664.120    0.127      52331.306         059003.000196   059003.000327          0.6995  cm-1
42664.120    0.127      52331.306         059003.000141   059003.000439 P        0.0000  cm-1
42664.120    0.127      52331.306         059003.000203   059003.000337          0.3005  cm-1
42635.281    0.055      31560.559         059003.000151   059003.000281          1.0000  cm-1
42630.849    0.055      42113.233         059003.000194   059003.000317          1.0000  cm-1
42630.849    0.055      42113.233         059003.000210   059003.000549 P        0.0000  cm-1
42616.451    0.055      31663.128         059003.000101   059003.000232          1.0000  cm-1
42614.769    0.054      21114.777         059003.000195   059003.000317          1.0000  cm-1
42614.769    0.054      21114.777         059003.000134   059003.000269 P        0.0000  cm-1
42599.891    0.127      52918.624         059003.000128   059003.000261          1.0000  cm-1
42564.361    0.054      21288.453         059003.000128   059003.000260 P        0.0000  cm-1
42562.151    0.127      42591.489         059003.000197   059003.000328          1.0000  cm-1
42546.850    0.054      32018.135         059003.000218   059003.000557          1.0000  cm-1
42539.171    0.054      96164.166         059003.000060   059003.000196          1.0000  cm-1
42500.471    0.126      32230.360         059003.000096   059003.000226          0.8884  cm-1
42500.471    0.126      32230.360         059003.000127   059003.000259          0.1116  cm-1
42494.061    0.126      53763.291         059003.000154   059003.000284          1.0000  cm-1
42481.750    0.126      43079.688         059003.000104   059003.000233          1.0000  cm-1
42481.750    0.126      43079.688         059003.000217   059003.000346 P        0.0000  cm-1
42479.780    0.054      43090.530         059003.000084   059003.000215          1.0000  cm-1
42473.359    0.126      97032.323         059003.000080   059003.000211 P        0.0000  cm-1
42473.359    0.126      97032.323         059003.000129   059003.000263          1.0000  cm-1
42465.580    0.054      21583.491         059003.000156   059003.000284          1.0000  cm-1
42460.311    0.054      43194.570         059003.000205   059003.000338          1.0000  cm-1
42451.621    0.126      54048.905         059003.000106   059003.000235 P        0.0000  cm-1
42451.621    0.126      54048.905         059003.000087   059003.000220          1.0000  cm-1
42450.901    0.126      64864.144         059003.000196   059003.000326          0.2246  cm-1
42450.901    0.126      64864.144         059003.000195   059003.000316          0.7754  cm-1
42449.100    0.054      32438.869         059003.000152   059003.000280          0.8679  cm-1
42449.100    0.054      32438.869         059003.000114   059003.000247          0.1321  cm-1
42449.100    0.054      32438.869         059003.000282   059003.000566 P        0.0000  cm-1
42445.151    0.054      21635.760         059003.000217   059003.000556          1.0000  cm-1
42430.330    0.054      43343.172         059003.000101   059003.000229 P        0.0000  cm-1
42430.330    0.054      43343.172         059003.000114   059003.000246          1.0000  cm-1
42427.770    0.054      32516.383         059003.000078   059003.000209          1.0000  cm-1
42410.671    0.054      32574.409         059003.000197   059003.000327          1.0000  cm-1
42405.819    0.054      54316.973         059003.000104   059003.000232          1.0000  cm-1
42405.819    0.054      54316.973         059003.000217   059003.000555 P        0.0000  cm-1
42404.110    0.054      32595.669         059003.000181   059003.000304 P        0.0000  cm-1
42402.560    0.054      32600.606         059003.000177   059003.000295          1.0000  cm-1
42402.560    0.054      32600.606         059003.000095   059003.000224 P        0.0000  cm-1
42383.721    0.054      43544.084         059003.000134   059003.000267          0.1721  cm-1
42383.721    0.054      43544.084         059003.000076   059003.000208          0.8279  cm-1
42383.721    0.054      43544.084         059003.000158   059003.000286 P        0.0000  cm-1
42381.890    0.054      43551.184         059003.000105   059003.000231          1.0000  cm-1
42372.851    0.054      54481.659         059003.000076   059003.000207          1.0000  cm-1
42370.970    0.054      65388.362         059003.000206   059003.000339          1.0000  cm-1
42365.999    0.054      21805.094         059003.000218   059003.000555          1.0000  cm-1
42364.849    0.054      21807.136         059003.000108   059003.000237          1.0000  cm-1
42354.690    0.126      54561.568         059003.000158   059003.000285          0.6623  cm-1
42354.690    0.126      54561.568         059003.000115   059003.000248          0.3377  cm-1
42347.851    0.054      32753.754         059003.000162   059003.000290          1.0000  cm-1
42345.829    0.054      54597.653         059003.000205   059003.000337          1.0000  cm-1
42340.359    0.054      65542.753         059003.000206   059003.000338          1.0000  cm-1
42329.389    0.054      54659.428         059003.000087   059003.000218          1.0000  cm-1
42319.999    0.054      43753.300         059003.000085   059003.000216          1.0000  cm-1
42318.381    0.054      21878.778         059003.000196   059003.000325          1.0000  cm-1
42308.480    0.054      10945.598         059003.000063   059003.000198          1.0000  cm-1
42292.461    0.125      10954.540         059003.000119   059003.000253          1.0000  cm-1
42283.360    0.054      76712.995         059003.000097   059003.000224          0.8950  cm-1
42283.360    0.054      76712.995         059003.000220   059003.000556          0.1050  cm-1
42279.281    0.054      87686.797         059003.000114   059003.000244          1.0000  cm-1
42269.399    0.054      65789.678         059003.000111   059003.000238          0.6071  cm-1
42269.399    0.054      65789.678         059003.000196   059003.000324          0.3929  cm-1
42268.501    0.054      76757.041         059003.000130   059003.000261          1.0000  cm-1
42261.160    0.054      109679.400        059003.000106   059003.000234          1.0000  cm-1
42256.160    0.054      87756.539         059003.000195   059003.000315          1.0000  cm-1
42225.800    0.054      32928.914         059003.000206   059003.000337          1.0000  cm-1
42224.680    0.054      43905.792         059003.000218   059003.000345          1.0000  cm-1
42219.970    0.125      54884.838         059003.000075   059003.000204          0.8853  cm-1
42219.970    0.125      54884.838         059003.000104   059003.000229          0.1147  cm-1
42212.430    0.053      65865.105         059003.000173   059003.000445          1.0000  cm-1
42210.220    0.053      54888.062         059003.000105   059003.000229          1.0000  cm-1
42206.409    0.053      65866.230         059003.000108   059003.000235          1.0000  cm-1
42203.001    0.053      109777.113        059003.000166   059003.000291          1.0000  cm-1
42197.570    0.053      109775.713        059003.000197   059003.000326          1.0000  cm-1
42190.219    0.053      21954.171         059003.000073   059003.000202          1.0000  cm-1
42183.681    0.053      65858.192         059003.000098   059003.000224          1.0000  cm-1
42180.781    0.053      65855.749         059003.000159   059003.000444          1.0000  cm-1
42178.201    0.053      43902.201         059003.000064   059003.000197          1.0000  cm-1
42162.940    0.053      76805.782         059003.000194   059003.000314          1.0000  cm-1
42157.430    0.124      98736.203         059003.000098   059003.000222 P        0.0000  cm-1
42157.430    0.124      98736.203         059003.000083   059003.000211          0.5273  cm-1
42157.430    0.124      98736.203         059003.000081   059003.000209          0.4727  cm-1
42154.640    0.053      32909.460         059003.000085   059003.000215          1.0000  cm-1
42146.890    0.053      21934.266         059003.000195   059003.000314          1.0000  cm-1
42143.351    0.053      98691.950         059003.000131   059003.000264          1.0000  cm-1
42123.360    0.053      76695.418         059003.000135   059003.000267 P        0.0000  cm-1
42123.360    0.053      76695.418         059003.000086   059003.000216          1.0000  cm-1
42117.349    0.053      43812.640         059003.000088   059003.000219          0.3206  cm-1
42117.349    0.053      43812.640         059003.000207   059003.000545          0.6794  cm-1
42109.891    0.053      43794.726         059003.000206   059003.000336          1.0000  cm-1
42102.800    0.053      65664.373         059003.000062   059003.000196          1.0000  cm-1
42081.941    0.053      54642.025         059003.000123   059003.000255          1.0000  cm-1
42077.761    0.053      54624.461         059003.000099   059003.000223          1.0000  cm-1
42074.291    0.124      43687.519         059003.000101   059003.000228          1.0000  cm-1
42072.879    0.053      87365.035         059003.000078   059003.000207          1.0000  cm-1
42064.871    0.124      32739.782         059003.000197   059003.000325          0.9126  cm-1
42064.871    0.124      32739.782         059003.000106   059003.000231          0.0874  cm-1
42058.150    0.053      43626.854         059003.000082   059003.000210          1.0000  cm-1
42056.891    0.053      43621.799         059003.000194   059003.000541          1.0000  cm-1
42056.029    0.053      54522.892         059003.000223   059003.000559 P        0.0000  cm-1
42045.450    0.053      76254.008         059003.000115   059003.000245          1.0000  cm-1
42038.181    0.124      108852.855        059003.000053   059003.000195          1.0000  cm-1
42035.110    0.053      21763.451         059003.000134   059003.000266 P        0.0000  cm-1
42035.110    0.053      21763.451         059003.000180   059003.000453          1.0000  cm-1
42030.441    0.124      54380.885         059003.000112   059003.000240          1.0000  cm-1
42023.999    0.124      65209.503         059003.000156   059003.000282          1.0000  cm-1
42022.121    0.124      108658.804        059003.000089   059003.000431 P        0.0000  cm-1
42022.121    0.124      108658.804        059003.000053   059003.000194          1.0000  cm-1
42019.350    0.053      43449.339         059003.000313   059003.000617 P        0.0000  cm-1
42017.651    0.053      32580.395         059003.000454   059003.000573 P        0.0000  cm-1
42015.820    0.053      10857.732         059003.000197   059003.000324          1.0000  cm-1
42015.820    0.053      10857.732         059003.000102   059003.000228 P        0.0000  cm-1
42010.521    0.053      54253.218         059003.000455   059003.000577 P        0.0000  cm-1
42003.090    0.053      43361.366         059003.000221   059003.000346          1.0000  cm-1
42003.090    0.053      43361.366         059003.000213   059003.000548 P        0.0000  cm-1
41985.540    0.053      32442.923         059003.000111   059003.000236          1.0000  cm-1
41978.509    0.053      21606.406         059003.000121   059003.000253          1.0000  cm-1
41966.860    0.123      10783.946         059003.000221   059003.000556          1.0000  cm-1
41965.061    0.053      75466.136         059003.000083   059003.000209          1.0000  cm-1
41958.370    0.053      64615.409         059003.000209   059003.000547          1.0000  cm-1
41958.370    0.053      64615.409         059003.000152   059003.000279 P        0.0000  cm-1
41954.939    0.053      43052.507         059003.000142   059003.000275 P        0.0000  cm-1
41951.489    0.053      32270.669         059003.000199   059003.000329          1.0000  cm-1
41927.540    0.053      53554.778         059003.000115   059003.000244          1.0000  cm-1
41927.540    0.053      53554.778         059003.000221   059003.000555 P        0.0000  cm-1
41924.660    0.053      42820.470         059003.000064   059003.000196          1.0000  cm-1
41920.210    0.053      53479.840         059003.000206   059003.000335          1.0000  cm-1
41884.731    0.053      63703.246         059003.000115   059003.000243          1.0000  cm-1
41884.731    0.053      63703.246         059003.000115   059003.000433 P        0.0000  cm-1
41881.930    0.053      53052.728         059003.000221   059003.000554          1.0000  cm-1
41877.190    0.053      74193.902         059003.000158   059003.000283          1.0000  cm-1
41873.311    0.053      31768.936         059003.000087   059003.000216          1.0000  cm-1
41848.480    0.053      42103.854         059003.000119   059003.000250          1.0000  cm-1
41845.450    0.053      10517.840         059003.000073   059003.000201          1.0000  cm-1
41840.001    0.053      52515.179         059003.000119   059003.000249          1.0000  cm-1
41837.480    0.053      41984.418         059003.000084   059003.000210          1.0000  cm-1
41830.791    0.053      41909.794         059003.000111   059003.000235 P        0.0000  cm-1
41826.719    0.053      62795.445         059003.000123   059003.000253          1.0000  cm-1
41823.289    0.052      20912.156         059003.000230   059003.000348 P        0.0000  cm-1
41823.289    0.052      20912.156         059003.000153   059003.000281          1.0000  cm-1
41823.289    0.052      20912.156         059003.000216   059003.000549 P        0.0000  cm-1
41818.950    0.052      52217.493         059003.000108   059003.000231          1.0000  cm-1
41818.950    0.052      52217.493         059003.000455   059003.000576 P        0.0000  cm-1
41802.479    0.052      51971.540         059003.000081   059003.000207          1.0000  cm-1
41777.340    0.052      61888.786         059003.000168   059003.000290          1.0000  cm-1
41762.999    0.052      41068.150         059003.000095   059003.000221          1.0000  cm-1
41757.971    0.052      71749.148         059003.000120   059003.000251          1.0000  cm-1
41757.259    0.052      40989.735         059003.000131   059003.000262          1.0000  cm-1
41747.021    0.052      51058.847         059003.000075   059003.000202          1.0000  cm-1
41744.219    0.122      61211.135         059003.000112   059003.000238          1.0000  cm-1
41733.201    0.052      101622.218        059003.000073   059003.000200          1.0000  cm-1
41707.909    0.052      80538.859         059003.000087   059003.000215          1.0000  cm-1
41691.451    0.052      60016.354         059003.000159   059003.000283          1.0000  cm-1
41687.680    0.052      89888.381         059003.000085   059003.000211          1.0000  cm-1
41659.241    0.052      98696.662         059003.000164   059003.000289          1.0000  cm-1
41656.120    0.052      9856.313          059003.000072   059003.000199          1.0000  cm-1
41643.940    0.052      39213.720         059003.000097   059003.000221          1.0000  cm-1
41641.891    0.052      78355.298         059003.000054   059003.000194          1.0000  cm-1
41639.411    0.052      68484.168         059003.000111   059003.000234          1.0000  cm-1
41614.699    0.052      9671.492          059003.000209   059003.000544          1.0000  cm-1
41610.071    0.052      57899.802         059003.000083   059003.000207          1.0000  cm-1
41564.269    0.052      9427.704          059003.000203   059003.000333 P        0.0000  cm-1
41557.669    0.121      93943.075         059003.000074   059003.000201          1.0000  cm-1
41544.319    0.052      65280.059         059003.000098   059003.000221          1.0000  cm-1
41537.981    0.052      55756.058         059003.000119   059003.000435 P        0.0000  cm-1
41534.581    0.052      37099.298         059003.000121   059003.000250          1.0000  cm-1
41530.220    0.052      64762.571         059003.000067   059003.000198          1.0000  cm-1
41526.029    0.052      9229.533          059003.000121   059003.000249          1.0000  cm-1
41514.579    0.052      9168.029          059003.000101   059003.000432          1.0000  cm-1
41512.370    0.052      91560.497         059003.000085   059003.000210          1.0000  cm-1
41495.260    0.052      9062.046          059003.000085   059003.000209          1.0000  cm-1
41484.570    0.052      90022.231         059003.000073   059003.000199          1.0000  cm-1
41475.949    0.052      17906.770         059003.000160   059003.000286          1.0000  cm-1
41473.799    0.120      17882.242         059003.000104   059003.000224          1.0000  cm-1
41473.799    0.120      17882.242         059003.000199   059003.000327 P        0.0000  cm-1
41464.269    0.052      8886.372          059003.000105   059003.000224          1.0000  cm-1
41455.879    0.052      8837.645          059003.000102   059003.000432          1.0000  cm-1
41448.160    0.052      8792.385          059003.000312   059003.000600 P        0.0000  cm-1
41448.160    0.052      8792.385          059003.000104   059003.000222          1.0000  cm-1
41446.719    0.052      43919.456         059003.000095   059003.000220          1.0000  cm-1
41443.009    0.052      8761.955          059003.000111   059003.000231          1.0000  cm-1
41439.949    0.052      87437.967         059003.000079   059003.000206          1.0000  cm-1
41423.771    0.051      60527.122         059003.000115   059003.000239          1.0000  cm-1
41414.901    0.051      60149.465         059003.000093   059003.000218          1.0000  cm-1
41403.190    0.051      51124.650         059003.000088   059003.000213          1.0000  cm-1
41386.719    0.051      33672.180         059003.000146   059003.000440 P        0.0000  cm-1
41382.791    0.051      33573.184         059003.000123   059003.000250          1.0000  cm-1
41369.130    0.051      8306.503          059003.000221   059003.000343          1.0000  cm-1
41367.060    0.051      24879.758         059003.000218   059003.000549          1.0000  cm-1
41349.211    0.051      81779.900         059003.000121   059003.000248          1.0000  cm-1
41327.691    0.051      80366.421         059003.000097   059003.000220          1.0000  cm-1
41327.691    0.051      80366.421         059003.000224   059003.000556 P        0.0000  cm-1
41305.859    0.051      47344.334         059003.000175   059003.000292          1.0000  cm-1
41298.589    0.051      7841.596          059003.000086   059003.000209          1.0000  cm-1
41296.540    0.051      7827.701          059003.000218   059003.000548          1.0000  cm-1
41290.021    0.051      62266.916         059003.000075   059003.000200          1.0000  cm-1
41279.950    0.051      38572.336         059003.000196   059003.000321 P        0.0000  cm-1
41273.440    0.051      7669.683          059003.000147   059003.000440 P        0.0000  cm-1
41271.391    0.051      7655.550          059003.000111   059003.000229          1.0000  cm-1
41262.721    0.051      37977.656         059003.000171   059003.000291          1.0000  cm-1
41260.611    0.119      45485.230         059003.000197   059003.000323          0.4505  cm-1
41260.611    0.119      45485.230         059003.000199   059003.000326          0.5495  cm-1
41255.741    0.051      52828.800         059003.000172   059003.000291          1.0000  cm-1
41255.741    0.051      52828.800         059003.000226   059003.000557 P        0.0000  cm-1
41255.741    0.051      52828.800         059003.000223   059003.000554 P        0.0000  cm-1
41246.709    0.051      22451.498         059003.000205   059003.000333          1.0000  cm-1
41242.949    0.051      7457.448          059003.000230   059003.000559 P        0.0000  cm-1
41242.381    0.051      7453.459          059003.000224   059003.000554 P        0.0000  cm-1
41240.870    0.051      37214.183         059003.000087   059003.000211          1.0000  cm-1
41240.870    0.051      37214.183         059003.000080   059003.000204 P        0.0000  cm-1
41235.951    0.051      14816.389         059003.000119   059003.000244          1.0000  cm-1
41232.249    0.051      36910.303         059003.000115   059003.000238          1.0000  cm-1
41230.681    0.051      44225.828         059003.000455   059003.000420 P        0.0000  cm-1
41230.681    0.051      44225.828         059003.000132   059003.000263          1.0000  cm-1
41227.961    0.119      44110.312         059003.000098   059003.000220          1.0000  cm-1
41224.089    0.051      21972.804         059003.000121   059003.000435          1.0000  cm-1
41217.359    0.051      14552.834         059003.000096   059003.000219          1.0000  cm-1
41210.919    0.051      7230.477          059003.000143   059003.000273          1.0000  cm-1
41205.241    0.051      71898.497         059003.000097   059003.000218          1.0000  cm-1
41202.081    0.051      14334.390         059003.000212   059003.000338          1.0000  cm-1
41193.159    0.051      71030.412         059003.000119   059003.000243          0.2618  cm-1
41193.159    0.051      71030.412         059003.000119   059003.000433          0.7382  cm-1
41163.811    0.051      6890.299          059003.000120   059003.000247          1.0000  cm-1
41147.191    0.051      6768.768          059003.000106   059003.000224          1.0000  cm-1
41145.199    0.051      6754.155          059003.000120   059003.000246          0.2207  cm-1
41145.199    0.051      6754.155          059003.000198   059003.000322          0.7793  cm-1
41134.411    0.118      66748.607         059003.000099   059003.000220 P        0.0000  cm-1
41134.411    0.118      66748.607         059003.000106   059003.000223          1.0000  cm-1
41118.460    0.051      52457.349         059003.000129   059003.000257          1.0000  cm-1
41110.800    0.051      58504.304         059003.000069   059003.000197          1.0000  cm-1
41103.480    0.051      12892.422         059003.000203   059003.000331          1.0000  cm-1
41094.491    0.051      44656.131         059003.000144   059003.000275          1.0000  cm-1
41094.491    0.051      44656.131         059003.000203   059003.000330 P        0.0000  cm-1
41086.659    0.051      18963.567         059003.000132   059003.000262          1.0000  cm-1
41078.601    0.051      6261.164          059003.000199   059003.000324          1.0000  cm-1
41078.601    0.051      6261.164          059003.000180   059003.000450 P        0.0000  cm-1
41069.170    0.118      61908.217         059003.000088   059003.000212          1.0000  cm-1
41065.649    0.051      61645.329         059003.000087   059003.000210          1.0000  cm-1
41059.640    0.051      36717.919         059003.000070   059003.000197          1.0000  cm-1
41048.531    0.051      18109.792         059003.000087   059003.000209          1.0000  cm-1
41040.021    0.051      59729.303         059003.000121   059003.000245          1.0000  cm-1
41023.489    0.051      58491.713         059003.000082   059003.000205          1.0000  cm-1
41020.540    0.050      46616.723         059003.000099   059003.000219          1.0000  cm-1
41012.511    0.050      17300.903         059003.000099   059003.000218          1.0000  cm-1
41010.630    0.050      28764.413         059003.000221   059003.000550          1.0000  cm-1
40999.110    0.050      28333.192         059003.000196   059003.000320          1.0000  cm-1
40994.250    0.050      56302.698         059003.000120   059003.000244          1.0000  cm-1
40975.820    0.050      49432.065         059003.000091   059003.000213          1.0000  cm-1
40965.591    0.050      21664.284         059003.000126   059003.000255          1.0000  cm-1
40953.931    0.050      37303.857         059003.000114   059003.000234          1.0000  cm-1
40951.870    0.050      21255.085         059003.000115   059003.000237          1.0000  cm-1
40948.361    0.050      15862.940         059003.000115   059003.000236          1.0000  cm-1
40943.631    0.050      42019.658         059003.000086   059003.000207          1.0000  cm-1
40939.999    0.050      5225.454          059003.000123   059003.000247          1.0000  cm-1
40932.119    0.050      5166.943          059003.000112   059003.000232          1.0000  cm-1
40925.950    0.050      5121.201          059003.000198   059003.000321          1.0000  cm-1
40921.341    0.050      35609.468         059003.000123   059003.000246          1.0000  cm-1
40901.359    0.050      19758.167         059003.000108   059003.000224          1.0000  cm-1
40889.311    0.117      43658.942         059003.000144   059003.000273          1.0000  cm-1
40888.529    0.117      48452.610         059003.000108   059003.000223          1.0000  cm-1
40888.529    0.117      48452.610         059003.000123   059003.000245 P        0.0000  cm-1
40879.280    0.050      47775.356         059003.000121   059003.000243          0.7015  cm-1
40879.280    0.050      47775.356         059003.000121   059003.000433          0.2985  cm-1
40869.590    0.050      23534.033         059003.000076   059003.000201          1.0000  cm-1
40857.830    0.050      46213.176         059003.000221   059003.000548 P        0.0000  cm-1
40857.830    0.050      46213.176         059003.000120   059003.000241          1.0000  cm-1
40845.660    0.050      36266.146         059003.000088   059003.000210          1.0000  cm-1
40834.681    0.050      44542.238         059003.000104   059003.000221          1.0000  cm-1
40810.030    0.050      4278.225          059003.000158   059003.000279          1.0000  cm-1
40805.500    0.117      16984.469         059003.000206   059003.000332          1.0000  cm-1
40805.500    0.117      16984.469         059003.000234   059003.000347 P        0.0000  cm-1
40803.631    0.117      3642.811          059003.000142   059003.000271          0.1905  cm-1
40803.631    0.117      3642.811          059003.000214   059003.000338          0.8095  cm-1
40801.189    0.050      3644.622          059003.000127   059003.000255          1.0000  cm-1
40799.221    0.050      25522.558         059003.000204   059003.000330 P        0.0000  cm-1
40799.221    0.050      25522.558         059003.000304   059003.000571 P        0.0000  cm-1
40799.221    0.050      25522.558         059003.000175   059003.000290          1.0000  cm-1
40790.200    0.050      18263.703         059003.000216   059003.000544 P        0.0000  cm-1
40780.981    0.050      7319.028          059003.000196   059003.000318          1.0000  cm-1
40780.050    0.116      3660.196          059003.000084   059003.000204          1.0000  cm-1
40773.181    0.050      21991.304         059003.000093   059003.000214          1.0000  cm-1
40773.181    0.050      21991.304         059003.000204   059003.000329 P        0.0000  cm-1
40770.309    0.050      36673.108         059003.000123   059003.000244          1.0000  cm-1
40767.711    0.116      3669.202          059003.000202   059003.000327          0.0999  cm-1
40767.711    0.116      3669.202          059003.000080   059003.000202          0.9001  cm-1
40757.241    0.116      36767.940         059003.000076   059003.000200          1.0000  cm-1
40756.591    0.116      36772.634         059003.000113   059003.000230          1.0000  cm-1
40749.131    0.050      3682.642          059003.000097   059003.000216          1.0000  cm-1
40741.111    0.050      18441.996         059003.000208   059003.000543          0.5646  cm-1
40741.111    0.050      18441.996         059003.000203   059003.000328          0.4354  cm-1
40727.521    0.050      36980.917         059003.000184   059003.000303 P        0.0000  cm-1
40727.521    0.050      36980.917         059003.000123   059003.000243          1.0000  cm-1
40723.859    0.050      37006.895         059003.000135   059003.000264          1.0000  cm-1
40718.911    0.116      22225.144         059003.000072   059003.000197          1.0000  cm-1
40715.050    0.050      7413.831          059003.000129   059003.000256          1.0000  cm-1
40708.731    0.050      7422.721          059003.000093   059003.000213          1.0000  cm-1
40705.731    0.050      3713.465          059003.000082   059003.000203          1.0000  cm-1
40704.471    0.050      11143.041         059003.000087   059003.000208          1.0000  cm-1
40692.099    0.050      3722.975          059003.000176   059003.000290          1.0000  cm-1
40692.099    0.050      3722.975          059003.000148   059003.000438 P        0.0000  cm-1
40672.231    0.050      22420.137         059003.000163   059003.000285          1.0000  cm-1
40649.541    0.050      30017.052         059003.000181   059003.000452 P        0.0000  cm-1
40649.541    0.050      30017.052         059003.000098   059003.000216          1.0000  cm-1
40647.921    0.050      26272.575         059003.000073   059003.000198          1.0000  cm-1
40647.921    0.050      26272.575         059003.000234   059003.000558 P        0.0000  cm-1
40641.879    0.116      37572.926         059003.000091   059003.000212          1.0000  cm-1
40640.689    0.050      26306.641         059003.000114   059003.000230          1.0000  cm-1
40627.771    0.050      22600.346         059003.000172   059003.000289          1.0000  cm-1
40626.239    0.116      37677.425         059003.000179   059003.000302          1.0000  cm-1
40602.211    0.049      37835.719         059003.000115   059003.000234          1.0000  cm-1
40598.881    0.049      3785.744          059003.000149   059003.000438 P        0.0000  cm-1
40596.541    0.049      3787.267          059003.000307   059003.000421 P        0.0000  cm-1
40590.349    0.049      37912.848         059003.000146   059003.000275          1.0000  cm-1
40583.751    0.049      30364.360         059003.000097   059003.000215          1.0000  cm-1
40583.751    0.049      30364.360         059003.000182   059003.000451 P        0.0000  cm-1
40567.631    0.049      15223.460         059003.000096   059003.000214          1.0000  cm-1
40551.210    0.049      7632.491          059003.000198   059003.000319          1.0000  cm-1
40547.181    0.049      7637.545          059003.000152   059003.000440          0.1289  cm-1
40547.181    0.049      7637.545          059003.000060   059003.000195          0.8711  cm-1
40540.689    0.049      22936.954         059003.000119   059003.000238          1.0000  cm-1
40536.250    0.049      26779.099         059003.000146   059003.000274          1.0000  cm-1
40531.071    0.049      7657.586          059003.000282   059003.000565 P        0.0000  cm-1
40531.071    0.049      7657.586          059003.000060   059003.000194          1.0000  cm-1
40527.490    0.115      22986.012         059003.000192   059003.000309 P        0.0000  cm-1
40527.490    0.115      22986.012         059003.000082   059003.000202          1.0000  cm-1
40527.490    0.115      22986.012         059003.000197   059003.000318 P        0.0000  cm-1
40518.229    0.049      3836.686          059003.000104   059003.000220          1.0000  cm-1
40515.520    0.115      34545.069         059003.000132   059003.000258          1.0000  cm-1
40508.609    0.049      34582.897         059003.000105   059003.000220          1.0000  cm-1
40508.609    0.049      34582.897         059003.000102   059003.000217 P        0.0000  cm-1
40503.160    0.049      38458.414         059003.000096   059003.000213          1.0000  cm-1
40496.040    0.049      3850.126          059003.000115   059003.000233          1.0000  cm-1
40490.529    0.049      38534.243         059003.000173   059003.000289          0.7513  cm-1
40490.529    0.049      38534.243         059003.000120   059003.000239          0.2487  cm-1
40484.951    0.049      23140.482         059003.000084   059003.000203          1.0000  cm-1
40476.939    0.049      3861.490          059003.000147   059003.000275          1.0000  cm-1
40454.730    0.049      30995.703         059003.000085   059003.000204          1.0000  cm-1
40434.701    0.049      19429.677         059003.000164   059003.000284          1.0000  cm-1
40417.620    0.114      38955.476         059003.000126   059003.000251          1.0000  cm-1
40402.939    0.170      3903.682          059003.000180   059003.000302          1.0000  cm-1
40402.939    0.170      3903.682          059003.000125   059003.000248 P        0.0000  cm-1
40391.070    0.114      31281.366         059003.000134   059003.000259          0.0935  cm-1
40391.070    0.114      31281.366         059003.000099   059003.000215          0.9065  cm-1
40386.240    0.049      19563.944         059003.000105   059003.000218          1.0000  cm-1
40383.090    0.114      3914.489          059003.000214   059003.000335 P        0.0000  cm-1
40380.549    0.049      7831.714          059003.000177   059003.000292          1.0000  cm-1
40376.401    0.049      3918.082          059003.000203   059003.000326          1.0000  cm-1
40374.480    0.114      19595.544         059003.000093   059003.000212          1.0000  cm-1
40371.300    0.114      19604.022         059003.000224   059003.000550          0.4298  cm-1
40371.300    0.114      19604.022         059003.000167   059003.000286          0.5702  cm-1
40356.310    0.049      35358.487         059003.000104   059003.000217          1.0000  cm-1
40356.310    0.049      35358.487         059003.000233   059003.000346 P        0.0000  cm-1
40354.741    0.049      3929.542          059003.000234   059003.000557 P        0.0000  cm-1
40346.631    0.049      3933.764          059003.000105   059003.000217          1.0000  cm-1
40339.210    0.114      3937.595          059003.000162   059003.000283          1.0000  cm-1
40337.661    0.114      39383.901         059003.000135   059003.000262          1.0000  cm-1
40322.049    0.049      19731.656         059003.000113   059003.000227          1.0000  cm-1
40310.780    0.049      39519.754         059003.000080   059003.000200          1.0000  cm-1
40306.670    0.114      19770.078         059003.000084   059003.000202          1.0000  cm-1
40306.379    0.114      19770.798         059003.000099   059003.000213          1.0000  cm-1
40303.760    0.114      11866.362         059003.000206   059003.000328 P        0.0000  cm-1
40302.491    0.049      35604.717         059003.000210   059003.000334          1.0000  cm-1
40299.149    0.049      35619.506         059003.000081   059003.000201          1.0000  cm-1
40293.751    0.049      39603.633         059003.000073   059003.000196          1.0000  cm-1
40281.660    0.049      35695.937         059003.000135   059003.000261          1.0000  cm-1
40271.699    0.114      27796.795         059003.000205   059003.000327 P        0.0000  cm-1
40271.699    0.114      27796.795         059003.000147   059003.000273          1.0000  cm-1
40270.591    0.049      23828.977         059003.000221   059003.000341 P        0.0000  cm-1
40268.569    0.049      3972.453          059003.000198   059003.000317          1.0000  cm-1
40266.540    0.114      19867.053         059003.000123   059003.000239          0.4300  cm-1
40266.540    0.114      19867.053         059003.000126   059003.000250          0.5700  cm-1
40260.249    0.049      15905.456         059003.000119   059003.000237          1.0000  cm-1
40257.831    0.049      23864.959         059003.000168   059003.000444          1.0000  cm-1
40256.761    0.049      39779.915         059003.000170   059003.000287 P        0.0000  cm-1
40256.761    0.049      39779.915         059003.000119   059003.000236          1.0000  cm-1
40253.780    0.113      19896.882         059003.000153   059003.000442 P        0.0000  cm-1
40253.780    0.113      19896.882         059003.000127   059003.000251 P        0.0000  cm-1
40245.691    0.049      39831.073         059003.000226   059003.000552          1.0000  cm-1
40242.210    0.049      11954.102         059003.000243   059003.000560          1.0000  cm-1
40235.750    0.113      39876.384         059003.000095   059003.000211          1.0000  cm-1
40234.130    0.049      3988.371          059003.000115   059003.000229          1.0000  cm-1
40231.299    0.049      35906.827         059003.000223   059003.000548          1.0000  cm-1
40226.780    0.113      39916.750         059003.000121   059003.000238          1.0000  cm-1
40204.669    0.049      36012.731         059003.000211   059003.000543          0.9587  cm-1
40204.669    0.049      36012.731         059003.000075   059003.000198          0.0413  cm-1
40199.349    0.048      20018.564         059003.000244   059003.000560          1.0000  cm-1
40194.630    0.048      20028.685         059003.000203   059003.000324 P        0.0000  cm-1
40194.630    0.048      20028.685         059003.000163   059003.000283          1.0000  cm-1
40191.491    0.048      24042.453         059003.000106   059003.000220          1.0000  cm-1
40186.779    0.048      32072.588         059003.000081   059003.000200          1.0000  cm-1
40184.839    0.048      24059.351         059003.000244   059003.000348          1.0000  cm-1
40175.150    0.113      12041.835         059003.000238   059003.000347 P        0.0000  cm-1
40175.150    0.113      12041.835         059003.000182   059003.000450 P        0.0000  cm-1
40170.630    0.113      32126.524         059003.000089   059003.000207          1.0000  cm-1
40169.191    0.113      40164.084         059003.000096   059003.000212          0.4953  cm-1
40169.191    0.113      40164.084         059003.000113   059003.000226          0.5047  cm-1
40163.209    0.048      20094.293         059003.000130   059003.000253          1.0000  cm-1
40150.610    0.113      20119.728         059003.000093   059003.000210 P        0.0000  cm-1
40150.610    0.113      20119.728         059003.000101   059003.000216          1.0000  cm-1
40145.400    0.048      36234.174         059003.000272   059003.000564 P        0.0000  cm-1
40145.400    0.048      36234.174         059003.000129   059003.000252          1.0000  cm-1
40131.010    0.048      4031.658          059003.000135   059003.000259          1.0000  cm-1
40128.591    0.048      8065.185          059003.000234   059003.000554          1.0000  cm-1
40127.160    0.048      24198.863         059003.000211   059003.000334          1.0000  cm-1
40116.741    0.048      40371.179         059003.000097   059003.000211          1.0000  cm-1
40110.740    0.048      24236.249         059003.000062   059003.000195          1.0000  cm-1
40106.731    0.048      24245.219         059003.000083   059003.000201          1.0000  cm-1
40104.011    0.048      8083.756          059003.000075   059003.000197          1.0000  cm-1
40101.711    0.048      24256.361         059003.000127   059003.000250 P        0.0000  cm-1
40101.711    0.048      24256.361         059003.000119   059003.000235          1.0000  cm-1
40091.810    0.048      32370.734         059003.000102   059003.000216          1.0000  cm-1
40089.201    0.048      24283.701         059003.000199   059003.000321          1.0000  cm-1
40080.941    0.112      40502.361         059003.000245   059003.000560 P        0.0000  cm-1
40080.941    0.112      40502.361         059003.000126   059003.000248          1.0000  cm-1
40074.931    0.048      12157.068         059003.000123   059003.000238          1.0000  cm-1
40070.401    0.048      12161.815         059003.000082   059003.000200          1.0000  cm-1
40065.281    0.048      8111.422          059003.000175   059003.000288          1.0000  cm-1
40064.160    0.112      12168.290         059003.000229   059003.000344 P        0.0000  cm-1
40062.089    0.112      40568.067         059003.000080   059003.000199          1.0000  cm-1
40059.920    0.112      40575.478         059003.000201   059003.000542          0.4807  cm-1
40059.920    0.112      40575.478         059003.000200   059003.000322          0.5193  cm-1
40058.700    0.048      8115.926          059003.000235   059003.000346          0.3902  cm-1
40058.700    0.048      8115.926          059003.000205   059003.000326          0.6098  cm-1
40053.081    0.048      28419.046         059003.000114   059003.000226          1.0000  cm-1
40048.571    0.048      4061.374          059003.000196   059003.000541 P        0.0000  cm-1
40048.571    0.048      4061.374          059003.000246   059003.000560 P        0.0000  cm-1
40047.279    0.048      4061.804          059003.000218   059003.000337 P        0.0000  cm-1
40033.691    0.048      8132.521          059003.000246   059003.000348          1.0000  cm-1
40022.410    0.048      4069.867          059003.000235   059003.000556 P        0.0000  cm-1
40018.421    0.048      4071.122          059003.000258   059003.000561 P        0.0000  cm-1
40018.421    0.048      4071.122          059003.000120   059003.000237          1.0000  cm-1
40017.041    0.112      36643.977         059003.000098   059003.000211          1.0000  cm-1
40015.201    0.112      4072.127          059003.000161   059003.000281          0.3133  cm-1
40015.201    0.112      4072.127          059003.000247   059003.000348          0.6867  cm-1
40008.171    0.048      20371.482         059003.000087   059003.000204 P        0.0000  cm-1
40000.200    0.048      20383.581         059003.000112   059003.000224          1.0000  cm-1
39994.410    0.048      28549.130         059003.000083   059003.000200          1.0000  cm-1
39992.970    0.048      24473.244         059003.000164   059003.000282          1.0000  cm-1
39988.459    0.048      40802.021         059003.000212   059003.000333          1.0000  cm-1
39983.820    0.048      4081.554          059003.000229   059003.000343          0.4570  cm-1
39983.820    0.048      4081.554          059003.000239   059003.000347          0.5430  cm-1
39981.721    0.048      16328.641         059003.000188   059003.000307          0.9200  cm-1
39981.721    0.048      16328.641         059003.000085   059003.000202          0.0800  cm-1
39974.481    0.048      4084.230          059003.000112   059003.000222          1.0000  cm-1
39972.310    0.048      20424.217         059003.000099   059003.000212          1.0000  cm-1
39964.579    0.048      4087.002          059003.000455   059003.000574 P        0.0000  cm-1
39960.649    0.112      4088.084          059003.000150   059003.000277 P        0.0000  cm-1
39947.589    0.112      20458.010         059003.000201   059003.000322          1.0000  cm-1
39946.310    0.112      28643.582         059003.000063   059003.000194          1.0000  cm-1
39945.541    0.048      24552.859         059003.000108   059003.000220          1.0000  cm-1
39942.860    0.048      4092.847          059003.000121   059003.000236          1.0000  cm-1
39941.471    0.048      32745.677         059003.000097   059003.000210          1.0000  cm-1
39939.830    0.048      32749.091         059003.000104   059003.000216          1.0000  cm-1
39937.481    0.048      4094.244          059003.000235   059003.000554          1.0000  cm-1
39933.781    0.048      20475.967         059003.000151   059003.000277          1.0000  cm-1
39932.631    0.112      20477.432         059003.000064   059003.000195          1.0000  cm-1
39932.631    0.112      20477.432         059003.000125   059003.000243 P        0.0000  cm-1
39932.631    0.112      20477.432         059003.000125   059003.000433 P        0.0000  cm-1
39931.489    0.048      12287.330         059003.000218   059003.000336          1.0000  cm-1
39930.191    0.048      20480.527         059003.000105   059003.000216          1.0000  cm-1
39924.169    0.048      8195.231          059003.000097   059003.000209 P        0.0000  cm-1
39924.169    0.048      8195.231          059003.000099   059003.000211          1.0000  cm-1
39917.569    0.500      8198.482          059003.000038   059003.000190 P        0.0000  cm-1
39917.569    0.500      8198.482          059003.000127   059003.000248          1.0000  cm-1
39910.651    0.048      12302.738         059003.000119   059003.000234          1.0000  cm-1
39903.869    0.048      4102.519          059003.000236   059003.000346          1.0000  cm-1
39902.431    0.048      4102.855          059003.000160   059003.000279          1.0000  cm-1
39892.621    0.048      12315.333         059003.000231   059003.000344 P        0.0000  cm-1
39892.621    0.048      12315.333         059003.000154   059003.000441          1.0000  cm-1
39871.861    0.048      4109.662          059003.000114   059003.000225          1.0000  cm-1
39870.891    0.048      4109.867          059003.000145   059003.000437 P        0.0000  cm-1
39851.121    0.111      20569.515         059003.000131   059003.000255          1.0000  cm-1
39850.630    0.048      20569.999         059003.000075   059003.000196          1.0000  cm-1
39840.659    0.048      28811.483         059003.000200   059003.000321          1.0000  cm-1
39827.181    0.048      28828.921         059003.000114   059003.000223          1.0000  cm-1
39826.390    0.111      4118.559          059003.000239   059003.000558          1.0000  cm-1
39823.231    0.048      28833.859         059003.000126   059003.000247 P        0.0000  cm-1
39823.231    0.048      28833.859         059003.000108   059003.000218          1.0000  cm-1
39821.881    0.048      28835.528         059003.000082   059003.000199          1.0000  cm-1
39810.971    0.111      37091.163         059003.000151   059003.000276 P        0.0000  cm-1
39810.971    0.111      37091.163         059003.000313   059003.000603 P        0.0000  cm-1
39810.971    0.111      37091.163         059003.000088   059003.000205          1.0000  cm-1
39808.261    0.048      32973.551         059003.000199   059003.000320          1.0000  cm-1
39800.849    0.048      4122.907          059003.000198   059003.000314          1.0000  cm-1
39790.440    0.111      4124.544          059003.000313   059003.000602 P        0.0000  cm-1
39787.271    0.048      16500.106         059003.000229   059003.000553          1.0000  cm-1
39772.349    0.047      20636.007         059003.000248   059003.000560          1.0000  cm-1
39768.831    0.047      4127.690          059003.000168   059003.000283 P        0.0000  cm-1
39765.431    0.111      4128.155          059003.000313   059003.000600 P        0.0000  cm-1
39763.011    0.047      4128.480          059003.000162   059003.000280          1.0000  cm-1
39751.030    0.111      28910.187         059003.000152   059003.000275          0.0581  cm-1
39751.030    0.111      28910.187         059003.000210   059003.000331          0.9419  cm-1
39748.751    0.047      28912.164         059003.000099   059003.000210          1.0000  cm-1
39741.770    0.047      28918.052         059003.000313   059003.000597 P        0.0000  cm-1
39741.770    0.047      28918.052         059003.000210   059003.000330          1.0000  cm-1
39728.349    0.047      4132.667          059003.000201   059003.000321          1.0000  cm-1
39719.050    0.110      4133.640          059003.000130   059003.000250          1.0000  cm-1
39710.701    0.110      37210.134         059003.000130   059003.000249          1.0000  cm-1
39709.760    0.047      33076.388         059003.000223   059003.000342          1.0000  cm-1
39703.431    0.047      4135.131          059003.000229   059003.000551          1.0000  cm-1
39696.970    0.047      4135.695          059003.000152   059003.000274          1.0000  cm-1
39688.479    0.110      4136.388          059003.000095   059003.000207          1.0000  cm-1
39671.910    0.047      33100.705         059003.000076   059003.000198          1.0000  cm-1
39671.910    0.047      33100.705         059003.000184   059003.000452 P        0.0000  cm-1
39671.910    0.047      33100.705         059003.000146   059003.000437 P        0.0000  cm-1
39668.920    0.047      20688.914         059003.000120   059003.000234          1.0000  cm-1
39660.181    0.047      8276.627          059003.000215   059003.000334          1.0000  cm-1
39659.100    0.047      16553.501         059003.000127   059003.000247          1.0000  cm-1
39658.220    0.047      24830.549         059003.000230   059003.000552          1.0000  cm-1
39654.539    0.047      28970.382         059003.000213   059003.000333          1.0000  cm-1
39644.221    0.047      4139.136          059003.000223   059003.000341          1.0000  cm-1
39624.861    0.047      4139.876          059003.000222   059003.000547 P        0.0000  cm-1
39611.110    0.110      24841.388         059003.000126   059003.000243          1.0000  cm-1
39601.210    0.047      24842.392         059003.000084   059003.000199          1.0000  cm-1
39595.929    0.047      20702.288         059003.000131   059003.000253          1.0000  cm-1
39590.121    0.110      33123.985         059003.000199   059003.000318          1.0000  cm-1
39590.121    0.110      33123.985         059003.000214   059003.000333 P        0.0000  cm-1
39566.420    0.047      4140.399          059003.000211   059003.000330          1.0000  cm-1
39545.851    0.047      12419.900         059003.000152   059003.000273          1.0000  cm-1
39542.581    0.047      12419.605         059003.000119   059003.000229          1.0000  cm-1
39539.910    0.047      8279.564          059003.000211   059003.000329          1.0000  cm-1
39533.731    0.047      28976.930         059003.000130   059003.000248          1.0000  cm-1
39533.280    0.047      16558.177         059003.000239   059003.000557          1.0000  cm-1
39527.719    0.109      37253.870         059003.000223   059003.000340          0.7111  cm-1
39527.719    0.109      37253.870         059003.000212   059003.000331          0.2889  cm-1
39522.719    0.047      8278.192          059003.000243   059003.000347          1.0000  cm-1
39518.091    0.047      16555.491         059003.000212   059003.000330          1.0000  cm-1
39517.439    0.047      20694.201         059003.000232   059003.000551          0.8557  cm-1
39517.439    0.047      20694.201         059003.000126   059003.000241          0.1443  cm-1
39506.569    0.109      37244.215         059003.000180   059003.000298          1.0000  cm-1
39503.589    0.047      16552.270         059003.000091   059003.000206          1.0000  cm-1
39498.700    0.047      4137.760          059003.000238   059003.000554          1.0000  cm-1
39493.130    0.109      37236.480         059003.000088   059003.000203          1.0000  cm-1
39493.130    0.109      37236.480         059003.000150   059003.000272 P        0.0000  cm-1
39488.329    0.047      24822.277         059003.000154   059003.000439          0.9274  cm-1
39488.329    0.047      24822.277         059003.000115   059003.000224          0.0726  cm-1
39483.771    0.047      28956.945         059003.000226   059003.000342          1.0000  cm-1
39480.761    0.047      12409.420         059003.000098   059003.000208 P        0.0000  cm-1
39472.379    0.047      12407.364         059003.000188   059003.000306 P        0.0000  cm-1
39472.379    0.047      12407.364         059003.000132   059003.000256          1.0000  cm-1
39456.842    0.109      37209.370         059003.000263   059003.000562          1.0000  cm-1
39456.842    0.109      37209.370         059003.000438   059003.000564 P        0.0000  cm-1
39452.939    0.109      37205.912         059003.000246   059003.000559          1.0000  cm-1
39447.471    0.109      24800.594         059003.000106   059003.000215          0.2554  cm-1
39447.471    0.109      24800.594         059003.000111   059003.000218          0.1950  cm-1
39447.471    0.109      24800.594         059003.000262   059003.000561          0.5496  cm-1
39441.791    0.109      20664.142         059003.000233   059003.000551 P        0.0000  cm-1
39439.630    0.109      37193.328         059003.000203   059003.000323          1.0000  cm-1
39439.630    0.109      37193.328         059003.000167   059003.000281 P        0.0000  cm-1
39435.831    0.047      16528.672         059003.000251   059003.000560          1.0000  cm-1
39421.189    0.109      28913.005         059003.000251   059003.000348          1.0000  cm-1
39419.850    0.109      16521.048         059003.000234   059003.000553 P        0.0000  cm-1
39410.261    0.047      28903.168         059003.000171   059003.000284          1.0000  cm-1
39408.740    0.047      33030.569         059003.000130   059003.000435          1.0000  cm-1
39403.259    0.047      8256.151          059003.000224   059003.000545          0.1127  cm-1
39403.259    0.047      8256.151          059003.000172   059003.000284          0.8873  cm-1
39395.260    0.047      12380.835         059003.000128   059003.000433          1.0000  cm-1
39383.651    0.109      37126.953         059003.000202   059003.000321          0.0500  cm-1
39383.651    0.109      37126.953         059003.000091   059003.000205          0.9500  cm-1
39361.990    0.046      20608.572         059003.000245   059003.000347          1.0000  cm-1
39360.951    0.108      32972.298         059003.000112   059003.000221          1.0000  cm-1
39353.440    0.046      28841.624         059003.000201   059003.000319          1.0000  cm-1
39341.530    0.108      32944.585         059003.000200   059003.000318          1.0000  cm-1
39322.529    0.046      4114.402          059003.000244   059003.000558          1.0000  cm-1
39322.529    0.046      4114.402          059003.000188   059003.000455 P        0.0000  cm-1
39307.281    0.108      4111.254          059003.000104   059003.000211          0.6245  cm-1
39307.281    0.108      4111.254          059003.000312   059003.000586 P        0.0000  cm-1
39307.281    0.108      4111.254          059003.000239   059003.000554          0.3755  cm-1
39303.220    0.046      24662.309         059003.000263   059003.000561          0.5684  cm-1
39303.220    0.046      24662.309         059003.000131   059003.000251          0.4316  cm-1
39301.879    0.046      4110.095          059003.000226   059003.000340          1.0000  cm-1
39287.960    0.108      4107.006          059003.000130   059003.000434 P        0.0000  cm-1
39282.159    0.108      12317.024         059003.000222   059003.000544 P        0.0000  cm-1
39268.750    0.108      36922.474         059003.000214   059003.000332          1.0000  cm-1
39267.160    0.046      20510.556         059003.000102   059003.000209          1.0000  cm-1
39262.592    0.046      32807.931         059003.000129   059003.000246          1.0000  cm-1
39236.479    0.108      36848.527         059003.000093   059003.000206          1.0000  cm-1
39225.451    0.046      8182.577          059003.000080   059003.000198          1.0000  cm-1
39224.651    0.046      4091.068          059003.000130   059003.000245          1.0000  cm-1
39211.131    0.046      4087.263          059003.000239   059003.000345          1.0000  cm-1
39201.739    0.108      16338.149         059003.000108   059003.000215          1.0000  cm-1
39193.451    0.046      20410.377         059003.000213   059003.000331          1.0000  cm-1
39193.451    0.046      20410.377         059003.000456   059003.000618 P        0.0000  cm-1
39183.949    0.108      36712.687         059003.000213   059003.000330 P        0.0000  cm-1
39183.949    0.108      36712.687         059003.000067   059003.000195          0.0681  cm-1
39183.949    0.108      36712.687         059003.000227   059003.000546          0.9319  cm-1
39180.581    0.107      36703.325         059003.000079   059003.000197 P        0.0000  cm-1
39180.581    0.107      36703.325         059003.000132   059003.000255          1.0000  cm-1
39175.040    0.046      28534.919         059003.000234   059003.000549          1.0000  cm-1
39172.630    0.046      4075.657          059003.000176   059003.000444          1.0000  cm-1
39171.450    0.046      16301.132         059003.000246   059003.000558          1.0000  cm-1
39168.041    0.046      20370.987         059003.000067   059003.000194          1.0000  cm-1
39168.041    0.046      20370.987         059003.000456   059003.000617 P        0.0000  cm-1
39152.961    0.046      20346.438         059003.000247   059003.000558          1.0000  cm-1
39152.030    0.046      12206.936         059003.000131   059003.000250          1.0000  cm-1
39138.661    0.107      4064.470          059003.000112   059003.000431 P        0.0000  cm-1
39128.981    0.046      4061.120          059003.000214   059003.000331          1.0000  cm-1
39127.529    0.046      4060.612          059003.000163   059003.000279          1.0000  cm-1
39121.800    0.107      28410.125         059003.000153   059003.000277 P        0.0000  cm-1
39121.800    0.107      28410.125         059003.000205   059003.000323          1.0000  cm-1
39116.441    0.107      36510.070         059003.000108   059003.000213 P        0.0000  cm-1
39116.441    0.107      36510.070         059003.000093   059003.000205          1.0000  cm-1
39108.689    0.046      16215.462         059003.000215   059003.000331          1.0000  cm-1
39104.619    0.046      24314.236         059003.000234   059003.000548          1.0000  cm-1
39102.641    0.046      24309.855         059003.000202   059003.000320          1.0000  cm-1
39099.461    0.046      16201.849         059003.000215   059003.000330          1.0000  cm-1
39093.421    0.046      4048.200          059003.000093   059003.000204          1.0000  cm-1
39091.669    0.046      12142.614         059003.000156   059003.000277          1.0000  cm-1
39082.601    0.046      4044.077          059003.000225   059003.000339          1.0000  cm-1
39073.120    0.046      16161.561         059003.000199   059003.000315 P        0.0000  cm-1
39073.120    0.046      16161.561         059003.000236   059003.000553          1.0000  cm-1
39073.120    0.046      16161.561         059003.000215   059003.000329 P        0.0000  cm-1
39071.010    0.046      20197.805         059003.000201   059003.000317          1.0000  cm-1
39066.140    0.107      36338.699         059003.000238   059003.000344 P        0.0000  cm-1
39066.140    0.107      36338.699         059003.000235   059003.000550          1.0000  cm-1
39066.140    0.107      36338.699         059003.000091   059003.000203 P        0.0000  cm-1
39061.820    0.046      8071.816          059003.000211   059003.000327          1.0000  cm-1
39052.850    0.046      4032.281          059003.000248   059003.000347          1.0000  cm-1
39051.992    0.046      4031.930          059003.000225   059003.000338          1.0000  cm-1
39030.922    0.107      4023.157          059003.000034   059003.000185 P        0.0000  cm-1
39030.922    0.107      4023.157          059003.000096   059003.000206          1.0000  cm-1
39029.009    0.046      16089.373         059003.000128   059003.000240          1.0000  cm-1
39029.009    0.046      16089.373         059003.000106   059003.000212 P        0.0000  cm-1
39023.761    0.046      24120.591         059003.000210   059003.000326          1.0000  cm-1
38997.871    0.046      28061.030         059003.000154   059003.000276          1.0000  cm-1
38991.331    0.046      8011.529          059003.000111   059003.000216          1.0000  cm-1
38989.231    0.046      8009.618          059003.000236   059003.000551          1.0000  cm-1
38982.131    0.046      16006.218         059003.000223   059003.000337          1.0000  cm-1
38974.659    0.046      3998.088          059003.000153   059003.000275 P        0.0000  cm-1
38969.419    0.106      3995.633          059003.000156   059003.000276          1.0000  cm-1
38966.590    0.046      31954.388         059003.000131   059003.000248          1.0000  cm-1
38964.119    0.046      3993.128          059003.000199   059003.000314          1.0000  cm-1
38962.581    0.046      3992.397          059003.000155   059003.000275          1.0000  cm-1
38940.380    0.046      7963.306          059003.000219   059003.000333 P        0.0000  cm-1
38930.811    0.045      27838.364         059003.000433   059003.000556 P        0.0000  cm-1
38930.811    0.045      27838.364         059003.000243   059003.000556 P        0.0000  cm-1
38924.509    0.106      23842.489         059003.000244   059003.000346 P        0.0000  cm-1
38924.509    0.106      23842.489         059003.000203   059003.000320          1.0000  cm-1
38913.419    0.045      3968.114          059003.000235   059003.000548          1.0000  cm-1
38912.081    0.045      23804.568         059003.000102   059003.000207          1.0000  cm-1
38910.919    0.106      35701.482         059003.000457   059003.000617 P        0.0000  cm-1
38910.919    0.106      35701.482         059003.000096   059003.000205          1.0000  cm-1
38910.919    0.106      35701.482         059003.000204   059003.000321 P        0.0000  cm-1
38908.510    0.045      3965.591          059003.000155   059003.000274          1.0000  cm-1
38896.280    0.045      15836.912         059003.000230   059003.000342          1.0000  cm-1
38891.409    0.045      15826.653         059003.000433   059003.000555          0.2426  cm-1
38891.409    0.045      15826.653         059003.000243   059003.000555 P        0.0000  cm-1
38891.409    0.045      15826.653         059003.000210   059003.000325          0.7574  cm-1
38884.570    0.106      35577.297         059003.000082   059003.000197          0.6074  cm-1
38884.570    0.106      35577.297         059003.000202   059003.000318          0.3926  cm-1
38884.570    0.106      35577.297         059003.000181   059003.000448 P        0.0000  cm-1
38884.570    0.106      35577.297         059003.000457   059003.000614 P        0.0000  cm-1
38884.570    0.106      35577.297         059003.000457   059003.000613 P        0.0000  cm-1
38882.559    0.045      3951.959          059003.000112   059003.000217          1.0000  cm-1
38873.019    0.106      7893.648          059003.000255   059003.000348          1.0000  cm-1
38871.310    0.045      31567.175         059003.000080   059003.000196          1.0000  cm-1
38867.489    0.045      3943.817          059003.000151   059003.000437 P        0.0000  cm-1
38867.489    0.045      3943.817          059003.000250   059003.000347          1.0000  cm-1
38866.231    0.106      7886.259          059003.000223   059003.000336          0.8281  cm-1
38866.231    0.106      7886.259          059003.000228   059003.000544          0.1719  cm-1
38859.721    0.045      27576.881         059003.000247   059003.000557 P        0.0000  cm-1
38858.060    0.045      15754.551         059003.000144   059003.000267          0.1143  cm-1
38858.060    0.045      15754.551         059003.000199   059003.000541          0.8857  cm-1
38858.060    0.045      15754.551         059003.000088   059003.000200 P        0.0000  cm-1
38842.360    0.045      11789.614         059003.000210   059003.000324          1.0000  cm-1
38825.751    0.045      7840.806          059003.000111   059003.000215 P        0.0000  cm-1
38824.579    0.106      27438.094         059003.000200   059003.000315          0.4504  cm-1
38824.579    0.106      27438.094         059003.000173   059003.000282          0.5496  cm-1
38818.470    0.045      3916.190          059003.000150   059003.000436 P        0.0000  cm-1
38806.611    0.045      3909.246          059003.000245   059003.000346          1.0000  cm-1
38798.612    0.045      7809.012          059003.000093   059003.000203          1.0000  cm-1
38794.370    0.105      11705.921         059003.000239   059003.000343          1.0000  cm-1
38794.370    0.105      11705.921         059003.000127   059003.000238 P        0.0000  cm-1
38780.161    0.105      7786.795          059003.000145   059003.000268 P        0.0000  cm-1
38780.161    0.105      7786.795          059003.000240   059003.000344          1.0000  cm-1
38770.690    0.045      3887.602          059003.000104   059003.000208 P        0.0000  cm-1
38770.690    0.045      3887.602          059003.000119   059003.000222 P        0.0000  cm-1
38768.120    0.045      7772.035          059003.000120   059003.000226          1.0000  cm-1
38766.510    0.105      34965.211         059003.000214   059003.000328          1.0000  cm-1
38766.510    0.105      34965.211         059003.000186   059003.000303 P        0.0000  cm-1
38757.239    0.045      3879.261          059003.000155   059003.000273          1.0000  cm-1
38748.360    0.105      34863.171         059003.000227   059003.000339          1.0000  cm-1
38746.751    0.045      11618.008         059003.000179   059003.000295 P        0.0000  cm-1
38734.790    0.105      7730.115          059003.000108   059003.000211          1.0000  cm-1
38726.389    0.105      3859.652          059003.000001   059003.000165          0.1468  cm-1
38726.389    0.105      3859.652          059003.000157   059003.000273          0.8305  cm-1
38726.389    0.105      3859.652          059003.000202   059003.000317          0.0227  cm-1
38717.701    0.045      15416.040         059003.000227   059003.000338          1.0000  cm-1
38716.051    0.105      19264.663         059003.000251   059003.000347          0.3687  cm-1
38716.051    0.105      19264.663         059003.000211   059003.000325          0.6313  cm-1
38714.131    0.045      19258.383         059003.000230   059003.000340 P        0.0000  cm-1
38714.131    0.045      19258.383         059003.000099   059003.000205          1.0000  cm-1
38707.402    0.045      3847.254          059003.000244   059003.000345          1.0000  cm-1
38701.860    0.105      11530.765         059003.000168   059003.000279 P        0.0000  cm-1
38697.669    0.045      3840.802          059003.000130   059003.000240          1.0000  cm-1
38683.411    0.045      3831.232          059003.000176   059003.000283          1.0000  cm-1
38683.411    0.045      3831.232          059003.000310   059003.000577 P        0.0000  cm-1
38677.470    0.105      22963.224         059003.000221   059003.000543          1.0000  cm-1
38676.649    0.045      11479.937         059003.000223   059003.000335          1.0000  cm-1
38667.749    0.105      15282.242         059003.000212   059003.000325          1.0000  cm-1
38667.749    0.105      15282.242         059003.000089   059003.000201 P        0.0000  cm-1
38663.860    0.105      11453.653         059003.000084   059003.000197          1.0000  cm-1
38657.370    0.045      3813.397          059003.000229   059003.000545          0.1326  cm-1
38657.370    0.045      3813.397          059003.000131   059003.000245          0.8674  cm-1
38653.740    0.045      3810.873          059003.000153   059003.000272          1.0000  cm-1
38652.361    0.045      7619.826          059003.000246   059003.000554 P        0.0000  cm-1
38640.321    0.045      19007.352         059003.000226   059003.000336          1.0000  cm-1
38632.661    0.105      75920.972         059003.000132   059003.000251          1.0000  cm-1
38631.069    0.045      34154.250         059003.000082   059003.000196          1.0000  cm-1
38618.752    0.045      7572.206          059003.000212   059003.000324          1.0000  cm-1
38609.390    0.045      22676.019         059003.000200   059003.000541          1.0000  cm-1
38609.390    0.045      22676.019         059003.000088   059003.000199 P        0.0000  cm-1
38606.679    0.045      18886.831         059003.000205   059003.000320          1.0000  cm-1
38604.691    0.045      7551.837          059003.000181   059003.000299          1.0000  cm-1
38599.981    0.104      15089.911         059003.000152   059003.000271          0.2300  cm-1
38599.981    0.104      15089.911         059003.000221   059003.000334          0.7700  cm-1
38594.799    0.045      11306.026         059003.000215   059003.000327          1.0000  cm-1
38593.160    0.104      33907.217         059003.000173   059003.000281 P        0.0000  cm-1
38593.160    0.104      33907.217         059003.000096   059003.000203          1.0000  cm-1
38570.050    0.045      22501.633         059003.000252   059003.000559          1.0000  cm-1
38562.401    0.045      7489.007          059003.000202   059003.000316          1.0000  cm-1
38556.339    0.045      18699.525         059003.000246   059003.000345          1.0000  cm-1
38546.660    0.045      3732.513          059003.000435   059003.000555          1.0000  cm-1
38539.451    0.045      22361.815         059003.000131   059003.000244          1.0000  cm-1
38536.911    0.045      14900.031         059003.000185   059003.000453          1.0000  cm-1
38532.602    0.045      14886.683         059003.000115   059003.000220          1.0000  cm-1
38519.690    0.104      33404.414         059003.000126   059003.000235          1.0000  cm-1
38519.690    0.104      33404.414         059003.000314   059003.000536 P        0.0000  cm-1
38517.479    0.104      3709.867          059003.000234   059003.000341          1.0000  cm-1
38509.910    0.045      3703.905          059003.000229   059003.000544          1.0000  cm-1
38496.789    0.104      33241.357         059003.000201   059003.000541          0.5053  cm-1
38496.789    0.104      33241.357         059003.000131   059003.000243          0.4947  cm-1
38482.781    0.044      3682.240          059003.000121   059003.000224          1.0000  cm-1
38479.159    0.044      14717.250         059003.000219   059003.000331          1.0000  cm-1
38471.810    0.044      14693.397         059003.000031   059003.000173 P        0.0000  cm-1
38469.960    0.044      3671.843          059003.000219   059003.000330          1.0000  cm-1
38466.081    0.044      3668.676          059003.000112   059003.000216          1.0000  cm-1
38450.639    0.104      3655.983          059003.000226   059003.000335          1.0000  cm-1
38435.960    0.044      21862.690         059003.000239   059003.000550 P        0.0000  cm-1
38425.769    0.103      3635.235          059003.000183   059003.000447          1.0000  cm-1
38421.541    0.103      10895.012         059003.000248   059003.000555          1.0000  cm-1
38417.189    0.044      3627.991          059003.000159   059003.000275          1.0000  cm-1
38413.910    0.103      7250.423          059003.000433   059003.000344          0.9208  cm-1
38413.910    0.103      7250.423          059003.000243   059003.000344 P        0.0000  cm-1
38413.910    0.103      7250.423          059003.000134   059003.000252          0.0792  cm-1
38411.400    0.044      14492.317         059003.000204   059003.000318          0.4805  cm-1
38411.400    0.044      14492.317         059003.000130   059003.000238          0.5195  cm-1
38410.310    0.044      14488.606         059003.000084   059003.000196          1.0000  cm-1
38410.310    0.044      14488.606         059003.000115   059003.000218 P        0.0000  cm-1
38410.310    0.044      14488.606         059003.000315   059003.000536 P        0.0000  cm-1
38401.852    0.044      3614.933          059003.000214   059003.000326          1.0000  cm-1
38401.011    0.044      7228.428          059003.000234   059003.000340          1.0000  cm-1
38397.639    0.044      7222.645          059003.000158   059003.000273          1.0000  cm-1
38396.209    0.044      21660.567         059003.000099   059003.000203          1.0000  cm-1
38384.250    0.044      10799.333         059003.000203   059003.000316          1.0000  cm-1
38355.860    0.427      21449.719         059003.000312   059003.000427 P        0.0000  cm-1
38355.860    0.427      21449.719         059003.000220   059003.000330 P        0.0000  cm-1
38355.860    0.427      21449.719         059003.000127   059003.000235          1.0000  cm-1
38353.949    0.044      17866.328         059003.000146   059003.000267          1.0000  cm-1
38350.269    0.044      7140.021          059003.000178   059003.000443          1.0000  cm-1
38333.609    0.103      17775.880         059003.000213   059003.000325          0.8086  cm-1
38333.609    0.103      17775.880         059003.000433   059003.000343          0.1914  cm-1
38333.609    0.103      17775.880         059003.000243   059003.000343 P        0.0000  cm-1
38328.509    0.044      21303.623         059003.000126   059003.000234          1.0000  cm-1
38323.940    0.103      10639.483         059003.000232   059003.000544          1.0000  cm-1
38318.151    0.103      24788.904         059003.000142   059003.000264 P        0.0000  cm-1
38318.151    0.103      24788.904         059003.000148   059003.000269 P        0.0000  cm-1
38318.151    0.103      24788.904         059003.000123   059003.000223          1.0000  cm-1
38313.891    0.044      14149.670         059003.000230   059003.000339          1.0000  cm-1
38301.740    0.044      21158.201         059003.000073   059003.000195          1.0000  cm-1
38297.589    0.103      28180.587         059003.000227   059003.000335          1.0000  cm-1
38288.521    0.044      7028.507          059003.000252   059003.000558          1.0000  cm-1
38285.620    0.044      24581.076         059003.000073   059003.000194          1.0000  cm-1
38283.230    0.044      10528.135         059003.000230   059003.000338          1.0000  cm-1
38283.230    0.044      10528.135         059003.000239   059003.000548 P        0.0000  cm-1
38282.279    0.044      10525.502         059003.000158   059003.000272 P        0.0000  cm-1
38280.341    0.044      3506.710          059003.000248   059003.000345          1.0000  cm-1
38253.242    0.044      10444.392         059003.000204   059003.000317 P        0.0000  cm-1
38253.242    0.044      10444.392         059003.000245   059003.000344          1.0000  cm-1
38249.019    0.102      6954.989          059003.000215   059003.000325          1.0000  cm-1
38244.670    0.102      10420.193         059003.000249   059003.000555          1.0000  cm-1
38236.141    0.102      31188.000         059003.000250   059003.000555 P        0.0000  cm-1
38236.141    0.102      31188.000         059003.000113   059003.000214          1.0000  cm-1
38220.221    0.102      31051.625         059003.000214   059003.000324          1.0000  cm-1
38214.209    0.044      3444.424          059003.000316   059003.000536 P        0.0000  cm-1
38214.209    0.044      3444.424          059003.000276   059003.000563 P        0.0000  cm-1
38214.209    0.044      3444.424          059003.000208   059003.000321          1.0000  cm-1
38211.989    0.044      10326.880         059003.000159   059003.000273          1.0000  cm-1
38201.720    0.044      13729.632         059003.000209   059003.000542          1.0000  cm-1
38193.069    0.044      27392.304         059003.000186   059003.000453          1.0000  cm-1
38189.491    0.044      10261.696         059003.000203   059003.000315          1.0000  cm-1
38189.491    0.044      10261.696         059003.000434   059003.000344 P        0.0000  cm-1
38183.611    0.044      20489.072         059003.000111   059003.000210          1.0000  cm-1
38172.710    0.044      6808.389          059003.000245   059003.000343          1.0000  cm-1
38168.760    0.044      3400.321          059003.000230   059003.000337          1.0000  cm-1
38164.609    0.423      3396.242          059003.000111   059003.000209 P        0.0000  cm-1
38164.609    0.423      3396.242          059003.000127   059003.000234          0.8951  cm-1
38164.609    0.423      3396.242          059003.000040   059003.000189          0.1049  cm-1
38164.609    0.423      3396.242          059003.000140   059003.000260 P        0.0000  cm-1
38160.831    0.044      10177.568         059003.000251   059003.000346          1.0000  cm-1
38157.351    0.044      3389.090          059003.000119   059003.000221          1.0000  cm-1
38152.371    0.102      6768.336          059003.000040   059003.000188 P        0.0000  cm-1
38152.371    0.102      6768.336          059003.000202   059003.000541          1.0000  cm-1
38139.361    0.044      3371.253          059003.000236   059003.000547          1.0000  cm-1
38132.231    0.044      16820.710         059003.000126   059003.000231          1.0000  cm-1
38127.461    0.044      6718.742          059003.000130   059003.000236          1.0000  cm-1
38120.939    0.044      16764.149         059003.000247   059003.000343          1.0000  cm-1
38116.780    0.102      3348.648          059003.000219   059003.000328          1.0000  cm-1
38098.159    0.044      23308.814         059003.000235   059003.000545          1.0000  cm-1
38089.331    0.102      3320.853          059003.000314   059003.000534 P        0.0000  cm-1
38089.331    0.102      3320.853          059003.000204   059003.000316 P        0.0000  cm-1
38089.331    0.102      3320.853          059003.000209   059003.000322          1.0000  cm-1
38089.331    0.102      3320.853          059003.000242   059003.000552 P        0.0000  cm-1
38085.282    0.102      132668.962        059003.000085   059003.000196          1.0000  cm-1
38085.282    0.102      132668.962        059003.000251   059003.000555 P        0.0000  cm-1
38080.321    0.044      23181.590         059003.000203   059003.000314          1.0000  cm-1
38072.840    0.043      16519.956         059003.000095   059003.000200          1.0000  cm-1
38069.141    0.043      3300.192          059003.000435   059003.000344          1.0000  cm-1
38066.331    0.043      6594.604          059003.000205   059003.000316          1.0000  cm-1
38066.331    0.043      6594.604          059003.000097   059003.000201 P        0.0000  cm-1
38055.781    0.043      16432.108         059003.000153   059003.000437          0.5272  cm-1
38055.781    0.043      16432.108         059003.000114   059003.000213          0.4728  cm-1
38052.918    0.043      3283.461          059003.000433   059003.000551 P        0.0000  cm-1
38052.918    0.043      3283.461          059003.000243   059003.000551 P        0.0000  cm-1
38052.918    0.043      3283.461          059003.000230   059003.000336 P        0.0000  cm-1
38038.628    0.043      16343.143         059003.000132   059003.000247 P        0.0000  cm-1
38025.720    0.043      22786.091         059003.000156   059003.000437          1.0000  cm-1
38019.961    0.043      22743.862         059003.000132   059003.000246          1.0000  cm-1
38012.661    0.101      3241.456          059003.000221   059003.000329          1.0000  cm-1
38006.279    0.101      3234.734          059003.000128   059003.000233 P        0.0000  cm-1
38000.570    0.043      3228.708          059003.000256   059003.000559          1.0000  cm-1
37993.959    0.419      12886.849         059003.000252   059003.000557 P        0.0000  cm-1
37993.959    0.419      12886.849         059003.000149   059003.000267          1.0000  cm-1
37992.559    0.419      3220.228          059003.000087   059003.000198          0.4087  cm-1
37992.559    0.419      3220.228          059003.000134   059003.000250          0.5913  cm-1
37968.419    0.418      9583.574          059003.000127   059003.000231          1.0000  cm-1
37968.419    0.418      9583.574          059003.000155   059003.000436 P        0.0000  cm-1
37968.419    0.418      9583.574          059003.000098   059003.000201 P        0.0000  cm-1
37943.571    0.101      15839.154         059003.000248   059003.000344 P        0.0000  cm-1
37943.571    0.101      15839.154         059003.000251   059003.000345          1.0000  cm-1
37943.571    0.101      15839.154         059003.000236   059003.000545 P        0.0000  cm-1
37914.821    0.043      9409.966          059003.000093   059003.000199          1.0000  cm-1
37906.559    0.101      3127.641          059003.000184   059003.000448          1.0000  cm-1
37883.549    0.043      3102.407          059003.000135   059003.000251          1.0000  cm-1
37871.762    0.043      6178.820          059003.000205   059003.000315          1.0000  cm-1
37871.762    0.043      6178.820          059003.000438   059003.000563 P        0.0000  cm-1
37870.330    0.043      12351.314         059003.000167   059003.000442          1.0000  cm-1
37868.881    0.043      24689.809         059003.000132   059003.000244          1.0000  cm-1
37863.349    0.100      12320.419         059003.000212   059003.000323          0.3601  cm-1
37863.349    0.100      12320.419         059003.000248   059003.000343 P        0.0000  cm-1
37863.349    0.100      12320.419         059003.000230   059003.000335          0.6399  cm-1
37842.491    0.043      3056.934          059003.000160   059003.000277          0.4277  cm-1
37842.491    0.043      3056.934          059003.000075   059003.000194          0.5723  cm-1
37841.049    0.100      9165.980          059003.000142   059003.000260          0.0234  cm-1
37841.049    0.100      9165.980          059003.000119   059003.000220          0.9766  cm-1
37833.689    0.043      9141.339          059003.000112   059003.000211          1.0000  cm-1
37804.600    0.415      6028.972          059003.000150   059003.000268          1.0000  cm-1
37801.429    0.100      60218.272         059003.000181   059003.000296          1.0000  cm-1
37795.711    0.043      3004.463          059003.000236   059003.000544          1.0000  cm-1
37770.692    0.100      26785.178         059003.000106   059003.000205          1.0000  cm-1
37767.100    0.043      2972.049          059003.000249   059003.000344          1.0000  cm-1
37762.479    0.043      17800.750         059003.000205   059003.000314          1.0000  cm-1
37762.479    0.043      17800.750         059003.000247   059003.000550 P        0.0000  cm-1
37752.199    0.043      2955.075          059003.000219   059003.000326          1.0000  cm-1
37739.470    0.100      23524.216         059003.000234   059003.000336          1.0000  cm-1
37739.470    0.100      23524.216         059003.000148   059003.000266 P        0.0000  cm-1
37732.449    0.043      2932.485          059003.000132   059003.000241          1.0000  cm-1
37732.449    0.043      2932.485          059003.000135   059003.000250 P        0.0000  cm-1
37723.820    0.043      2922.582          059003.000439   059003.000563 P        0.0000  cm-1
37723.820    0.043      2922.582          059003.000135   059003.000249          1.0000  cm-1
37721.700    0.043      14600.728         059003.000114   059003.000212          1.0000  cm-1
37718.651    0.043      2916.641          059003.000119   059003.000218          1.0000  cm-1
37718.651    0.043      2916.641          059003.000316   059003.000533 P        0.0000  cm-1
37715.010    0.043      2912.452          059003.000208   059003.000318          1.0000  cm-1
37675.259    0.043      2866.507          059003.000130   059003.000233 P        0.0000  cm-1
37675.259    0.043      2866.507          059003.000320   059003.000536 P        0.0000  cm-1
37673.470    0.043      8593.289          059003.000252   059003.000345          1.0000  cm-1
37641.311    0.043      2826.979          059003.000112   059003.000209          1.0000  cm-1
37641.311    0.043      2826.979          059003.000160   059003.000274 P        0.0000  cm-1
37638.509    0.043      19765.938         059003.000087   059003.000196          1.0000  cm-1
37628.081    0.042      11246.026         059003.000246   059003.000548          1.0000  cm-1
37626.990    0.099      56204.601         059003.000218   059003.000325 P        0.0000  cm-1
37626.990    0.099      56204.601         059003.000184   059003.000299          1.0000  cm-1
37619.541    0.042      2801.501          059003.000219   059003.000325          0.7962  cm-1
37619.541    0.042      2801.501          059003.000182   059003.000295          0.2038  cm-1
37607.811    0.042      5575.466          059003.000158   059003.000436          1.0000  cm-1
37589.179    0.042      5531.621          059003.000180   059003.000293          1.0000  cm-1
37585.009    0.042      2760.896          059003.000130   059003.000231          1.0000  cm-1
37577.099    0.042      5503.126          059003.000150   059003.000267 P        0.0000  cm-1
37570.501    0.042      2743.770          059003.000219   059003.000324          1.0000  cm-1
37563.781    0.042      10943.301         059003.000131   059003.000237          1.0000  cm-1
37547.039    0.042      5431.999          059003.000135   059003.000248          1.0000  cm-1
37534.619    0.042      8103.790          059003.000221   059003.000327          0.8567  cm-1
37534.619    0.042      8103.790          059003.000161   059003.000438          0.1433  cm-1
37524.799    0.099      24206.356         059003.000108   059003.000205          1.0000  cm-1
37512.462    0.042      13374.574         059003.000099   059003.000199          1.0000  cm-1
37501.729    0.042      10648.511         059003.000108   059003.000204          1.0000  cm-1
37498.111    0.042      2657.813          059003.000318   059003.000535 P        0.0000  cm-1
37498.111    0.042      2657.813          059003.000114   059003.000210          1.0000  cm-1
37498.111    0.042      2657.813          059003.000134   059003.000245 P        0.0000  cm-1
37495.160    0.042      5308.586          059003.000209   059003.000319          1.0000  cm-1
37476.941    0.098      52650.714         059003.000120   059003.000218          1.0000  cm-1
37472.829    0.042      13138.097         059003.000129   059003.000230          1.0000  cm-1
37467.380    0.042      13105.504         059003.000101   059003.000201          1.0000  cm-1
37452.851    0.098      15622.231         059003.000155   059003.000270          0.3057  cm-1
37452.851    0.098      15622.231         059003.000106   059003.000203          0.6943  cm-1
37428.890    0.042      10299.874         059003.000164   059003.000439          1.0000  cm-1
37422.559    0.042      2567.366          059003.000248   059003.000549          1.0000  cm-1
37418.492    0.042      12812.403         059003.000088   059003.000196          1.0000  cm-1
37413.329    0.042      5112.554          059003.000130   059003.000229          1.0000  cm-1
37408.809    0.042      12754.215         059003.000102   059003.000201          1.0000  cm-1
37405.262    0.098      20372.625         059003.000131   059003.000235          1.0000  cm-1
37399.261    0.172      12696.801         059003.000224   059003.000330 P        0.0000  cm-1
37399.261    0.172      12696.801         059003.000222   059003.000329 P        0.0000  cm-1
37375.311    0.042      12552.634         059003.000123   059003.000220          1.0000  cm-1
37374.710    0.042      5019.607          059003.000160   059003.000272 P        0.0000  cm-1
37365.100    0.098      12491.115         059003.000121   059003.000217          1.0000  cm-1
37365.100    0.098      12491.115         059003.000132   059003.000239 P        0.0000  cm-1
37348.449    0.042      9912.581          059003.000212   059003.000320          1.0000  cm-1
37336.771    0.404      14784.332         059003.000134   059003.000243          0.6795  cm-1
37336.771    0.404      14784.332         059003.000226   059003.000332          0.3205  cm-1
37321.709    0.042      7337.622          059003.000115   059003.000211          1.0000  cm-1
37309.759    0.097      170201.039        059003.000076   059003.000194          1.0000  cm-1
37297.230    0.042      2416.310          059003.000112   059003.000208          1.0000  cm-1
37290.539    0.042      2408.227          059003.000168   059003.000440          1.0000  cm-1
37288.421    0.042      12028.338         059003.000163   059003.000438          1.0000  cm-1
37286.351    0.042      4806.331          059003.000112   059003.000207          1.0000  cm-1
37266.211    0.042      9515.318          059003.000159   059003.000271 P        0.0000  cm-1
37262.531    0.042      16620.674         059003.000119   059003.000216          1.0000  cm-1
37260.869    0.042      2372.373          059003.000123   059003.000219          1.0000  cm-1
37258.938    0.042      7110.122          059003.000311   059003.000421 P        0.0000  cm-1
37256.741    0.042      7102.154          059003.000104   059003.000201          1.0000  cm-1
37252.869    0.042      9450.826          059003.000123   059003.000218          1.0000  cm-1
37244.669    0.097      21175.166         059003.000320   059003.000534 P        0.0000  cm-1
37244.669    0.097      21175.166         059003.000091   059003.000197          1.0000  cm-1
37243.181    0.402      18807.983         059003.000134   059003.000241          1.0000  cm-1
37237.701    0.042      7033.128          059003.000135   059003.000245          1.0000  cm-1
37228.562    0.402      13999.997         059003.000150   059003.000266          1.0000  cm-1
37214.099    0.097      20842.742         059003.000126   059003.000224 P        0.0000  cm-1
37214.099    0.097      20842.742         059003.000131   059003.000234          1.0000  cm-1
37212.729    0.042      6942.614          059003.000209   059003.000317          1.0000  cm-1
37206.892    0.042      11535.773         059003.000108   059003.000203          1.0000  cm-1
37201.679    0.042      18406.867         059003.000126   059003.000223          1.0000  cm-1
37201.679    0.042      18406.867         059003.000151   059003.000266 P        0.0000  cm-1
37198.171    0.097      2296.623          059003.000208   059003.000315          1.0000  cm-1
37191.600    0.097      13732.133         059003.000244   059003.000341 P        0.0000  cm-1
37191.600    0.097      13732.133         059003.000161   059003.000276          1.0000  cm-1
37188.762    0.042      15996.832         059003.000221   059003.000325          1.0000  cm-1
37179.999    0.041      11373.422         059003.000242   059003.000546          1.0000  cm-1
37179.389    0.041      18191.591         059003.000180   059003.000445          1.0000  cm-1
37146.342    0.041      8936.360          059003.000115   059003.000210          1.0000  cm-1
37144.429    0.041      11158.924         059003.000104   059003.000200          1.0000  cm-1
37142.799    0.041      2229.821          059003.000445   059003.000565 P        0.0000  cm-1
37136.190    0.500      13331.147         059003.000133   059003.000239          1.0000  cm-1
37136.190    0.500      13331.147         059003.000105   059003.000200 P        0.0000  cm-1
37125.860    0.041      8837.673          059003.000111   059003.000204          1.0000  cm-1
37093.420    0.041      6511.207          059003.000158   059003.000270          1.0000  cm-1
37085.910    0.041      4322.762          059003.000251   059003.000549          1.0000  cm-1
37068.211    0.041      2140.143          059003.000189   059003.000454          1.0000  cm-1
37037.919    0.096      4207.736          059003.000129   059003.000227 P        0.0000  cm-1
37037.919    0.096      4207.736          059003.000253   059003.000553 P        0.0000  cm-1
37035.651    0.100      10505.781         059003.000165   059003.000277          1.0000  cm-1
37017.811    0.041      8319.377          059003.000131   059003.000231          1.0000  cm-1
37014.781    0.096      2076.229          059003.000225   059003.000328          1.0000  cm-1
37014.781    0.096      2076.229          059003.000213   059003.000320 P        0.0000  cm-1
37006.729    0.041      2066.626          059003.000433   059003.000545 P        0.0000  cm-1
37006.729    0.041      2066.626          059003.000243   059003.000545 P        0.0000  cm-1
36998.250    0.041      8226.088          059003.000321   059003.000535 P        0.0000  cm-1
36987.450    0.041      12262.001         059003.000095   059003.000198          1.0000  cm-1
36982.829    0.041      4076.341          059003.000208   059003.000541          1.0000  cm-1
36977.520    0.041      12191.163         059003.000093   059003.000197          1.0000  cm-1
36967.199    0.041      10098.025         059003.000262   059003.000348 P        0.0000  cm-1
36967.199    0.041      10098.025         059003.000154   059003.000269 P        0.0000  cm-1
36965.771    0.041      2017.912          059003.000153   059003.000268          1.0000  cm-1
36954.039    0.096      12024.011         059003.000146   059003.000264          1.0000  cm-1
36954.039    0.096      12024.011         059003.000253   059003.000551 P        0.0000  cm-1
36948.630    0.041      7990.382          059003.000121   059003.000216          1.0000  cm-1
36947.469    0.500      3992.444          059003.000214   059003.000320 P        0.0000  cm-1
36935.620    0.041      9911.037          059003.000156   059003.000268          1.0000  cm-1
36929.729    0.041      1975.248          059003.000215   059003.000320          1.0000  cm-1
36924.559    0.041      3938.291          059003.000246   059003.000340          1.0000  cm-1
36914.561    0.395      17616.212         059003.000141   059003.000257          1.0000  cm-1
36914.561    0.395      17616.212         059003.000456   059003.000601 P        0.0000  cm-1
36914.561    0.395      17616.212         059003.000456   059003.000600 P        0.0000  cm-1
36907.680    0.041      1949.254          059003.000159   059003.000270          1.0000  cm-1
36895.801    0.395      3870.567          059003.000125   059003.000221          0.8038  cm-1
36895.801    0.395      3870.567          059003.000224   059003.000327          0.1962  cm-1
36893.132    0.041      7728.591          059003.000132   059003.000237          1.0000  cm-1
36887.621    0.395      5777.034          059003.000456   059003.000596 P        0.0000  cm-1
36887.621    0.395      5777.034          059003.000165   059003.000275          1.0000  cm-1
36887.621    0.395      5777.034          059003.000105   059003.000199 P        0.0000  cm-1
36885.350    0.095      76920.544         059003.000129   059003.000226          1.0000  cm-1
36879.292    0.095      17243.195         059003.000080   059003.000195          1.0000  cm-1
36875.869    0.381      7647.602          059003.000134   059003.000239          1.0000  cm-1
36875.869    0.381      7647.602          059003.000253   059003.000550 P        0.0000  cm-1
36868.400    0.041      3806.316          059003.000097   059003.000198          1.0000  cm-1
36868.400    0.041      3806.316          059003.000454   059003.000568 P        0.0000  cm-1
36866.251    0.041      9503.221          059003.000163   059003.000274          1.0000  cm-1
36863.209    0.095      17073.793         059003.000080   059003.000194          1.0000  cm-1
36859.781    0.041      1893.082          059003.000162   059003.000273          1.0000  cm-1
36857.010    0.041      3779.693          059003.000147   059003.000265          1.0000  cm-1
36855.380    0.041      9439.716          059003.000120   059003.000215          1.0000  cm-1
36833.560    0.095      7450.084          059003.000226   059003.000328          1.0000  cm-1
36833.560    0.095      7450.084          059003.000258   059003.000347 P        0.0000  cm-1
36815.279    0.041      1841.298          059003.000219   059003.000323          1.0000  cm-1
36808.701    0.041      9168.396          059003.000171   059003.000441          1.0000  cm-1
36773.880    0.095      5380.527          059003.000455   059003.000570          1.0000  cm-1
36772.011    0.095      35827.220         059003.000096   059003.000197          1.0000  cm-1
36770.649    0.095      14318.367         059003.000120   059003.000213          1.0000  cm-1
36768.820    0.095      5363.087          059003.000098   059003.000198          1.0000  cm-1
36752.641    0.041      8845.726          059003.000137   059003.000434          1.0000  cm-1
36748.291    0.095      1764.169          059003.000230   059003.000332          1.0000  cm-1
36744.510    0.041      5279.542          059003.000242   059003.000339          1.0000  cm-1
36739.270    0.095      14030.911         059003.000081   059003.000194          1.0000  cm-1
36724.641    0.094      15634.746         059003.000179   059003.000292          1.0000  cm-1
36704.482    0.040      5142.940          059003.000431   059003.000542 P        0.0000  cm-1
36699.448    0.094      170861.689        059003.000113   059003.000206          1.0000  cm-1
36680.810    0.040      3375.163          059003.000227   059003.000328 P        0.0000  cm-1
36667.319    0.100      10034.485         059003.000130   059003.000224          1.0000  cm-1
36659.421    0.094      14972.031         059003.000129   059003.000223          1.0000  cm-1
36647.542    0.094      1650.271          059003.000183   059003.000293 P        0.0000  cm-1
36641.621    0.040      1643.663          059003.000130   059003.000222          1.0000  cm-1
36638.939    0.094      13125.387         059003.000082   059003.000195          0.7016  cm-1
36638.939    0.094      13125.387         059003.000209   059003.000541          0.2984  cm-1
36630.130    0.094      14677.814         059003.000119   059003.000211          1.0000  cm-1
36622.962    0.040      11360.339         059003.000306   059003.000570 P        0.0000  cm-1
36622.962    0.040      11360.339         059003.000082   059003.000194          1.0000  cm-1
36615.720    0.040      4844.633          059003.000457   059003.000592 P        0.0000  cm-1
36615.720    0.040      4844.633          059003.000167   059003.000276          1.0000  cm-1
36613.538    0.040      1612.461          059003.000212   059003.000315          1.0000  cm-1
36599.719    0.040      1597.192          059003.000163   059003.000272 P        0.0000  cm-1
36583.482    0.040      11055.273         059003.000114   059003.000206          1.0000  cm-1
36579.641    0.094      1575.110          059003.000125   059003.000220 P        0.0000  cm-1
36579.641    0.094      1575.110          059003.000250   059003.000341          1.0000  cm-1
36575.240    0.094      14132.581         059003.000126   059003.000221          0.5822  cm-1
36575.240    0.094      14132.581         059003.000099   059003.000197          0.4178  cm-1
36569.020    0.040      4690.438          059003.000106   059003.000199          1.0000  cm-1
36567.938    0.094      1562.297          059003.000146   059003.000262          1.0000  cm-1
36567.938    0.094      1562.297          059003.000308   059003.000571 P        0.0000  cm-1
36567.938    0.094      1562.297          059003.000165   059003.000272 P        0.0000  cm-1
36560.700    0.040      12435.149         059003.000186   059003.000302          1.0000  cm-1
36546.881    0.040      12314.793         059003.000083   059003.000194          1.0000  cm-1
36546.881    0.040      12314.793         059003.000123   059003.000213 P        0.0000  cm-1
36543.541    0.040      3071.445          059003.000132   059003.000234          1.0000  cm-1
36537.062    0.093      1528.697          059003.000248   059003.000545 P        0.0000  cm-1
36504.260    0.040      8960.039          059003.000212   059003.000314          1.0000  cm-1
36468.760    0.093      1455.479          059003.000226   059003.000326          0.1908  cm-1
36468.760    0.093      1455.479          059003.000259   059003.000347 P        0.0000  cm-1
36468.760    0.093      1455.479          059003.000225   059003.000324          0.8092  cm-1
36463.440    0.040      5799.370          059003.000114   059003.000205          1.0000  cm-1
36454.799    0.040      10084.957         059003.000119   059003.000210          1.0000  cm-1
36454.799    0.040      10084.957         059003.000309   059003.000571 P        0.0000  cm-1
36440.260    0.040      1425.398          059003.000114   059003.000204 P        0.0000  cm-1
36440.260    0.040      1425.398          059003.000168   059003.000274          1.0000  cm-1
36437.750    0.093      12804.863         059003.000119   059003.000209          1.0000  cm-1
36436.620    0.040      12794.195         059003.000120   059003.000212          1.0000  cm-1
36436.620    0.040      12794.195         059003.000034   059003.000182 P        0.0000  cm-1
36424.540    0.040      5635.715          059003.000135   059003.000238          1.0000  cm-1
36417.909    0.385      7010.037          059003.000084   059003.000195          0.1712  cm-1
36417.909    0.385      7010.037          059003.000125   059003.000217          0.8288  cm-1
36411.221    0.385      5580.172          059003.000127   059003.000221          1.0000  cm-1
36411.221    0.385      5580.172          059003.000214   059003.000316 P        0.0000  cm-1
36402.539    0.040      9702.191          059003.000324   059003.000536 P        0.0000  cm-1
36402.539    0.040      9702.191          059003.000185   059003.000449          1.0000  cm-1
36323.159    0.040      3914.655          059003.000108   059003.000199          1.0000  cm-1
36323.159    0.040      3914.655          059003.000314   059003.000529 P        0.0000  cm-1
36321.611    0.040      6516.633          059003.000099   059003.000196          1.0000  cm-1
36316.372    0.092      6490.291          059003.000121   059003.000211          1.0000  cm-1
36287.310    0.092      3807.086          059003.000226   059003.000324          1.0000  cm-1
36277.710    0.039      2519.025          059003.000258   059003.000346 P        0.0000  cm-1
36258.899    0.381      9927.761          059003.000173   059003.000439 P        0.0000  cm-1
36258.899    0.381      9927.761          059003.000234   059003.000329 P        0.0000  cm-1
36258.899    0.381      9927.761          059003.000126   059003.000220          1.0000  cm-1
36245.341    0.381      7366.169          059003.000230   059003.000328 P        0.0000  cm-1
36245.341    0.381      7366.169          059003.000134   059003.000235          1.0000  cm-1
36245.341    0.381      7366.169          059003.000247   059003.000336 P        0.0000  cm-1
36230.189    0.039      2425.890          059003.000132   059003.000230          1.0000  cm-1
36219.302    0.381      9619.243          059003.000541   059003.000526 P        0.0000  cm-1
36219.302    0.381      9619.243          059003.000141   059003.000255          1.0000  cm-1
36213.089    0.092      10767.708         059003.000315   059003.000529 P        0.0000  cm-1
36213.089    0.092      10767.708         059003.000120   059003.000210          1.0000  cm-1
36213.089    0.092      10767.708         059003.000123   059003.000212 P        0.0000  cm-1
36205.321    0.039      3566.824          059003.000176   059003.000440          1.0000  cm-1
36194.929    0.039      5894.930          059003.000215   059003.000315 P        0.0000  cm-1
36193.290    0.092      7064.518          059003.000150   059003.000265 P        0.0000  cm-1
36150.119    0.039      7955.996          059003.000151   059003.000264          1.0000  cm-1
36145.609    0.039      2264.698          059003.000114   059003.000203          1.0000  cm-1
36144.470    0.039      3804.363          059003.000126   059003.000219          1.0000  cm-1
36136.472    0.091      5744.595          059003.000128   059003.000431 P        0.0000  cm-1
36136.472    0.091      5744.595          059003.000126   059003.000218          1.0000  cm-1
36131.120    0.039      1923.386          059003.000152   059003.000265          1.0000  cm-1
36116.569    0.039      1297.797          059003.000149   059003.000260 P        0.0000  cm-1
36093.172    0.378      3307.679          059003.000235   059003.000330 P        0.0000  cm-1
36093.172    0.378      3307.679          059003.000148   059003.000259 P        0.0000  cm-1
36093.172    0.378      3307.679          059003.000127   059003.000220 P        0.0000  cm-1
36093.172    0.378      3307.679          059003.000119   059003.000208          0.2309  cm-1
36093.172    0.378      3307.679          059003.000085   059003.000195          0.7691  cm-1
36093.172    0.378      3307.679          059003.000220   059003.000319 P        0.0000  cm-1
36087.311    0.039      2658.918          059003.000131   059003.000223          1.0000  cm-1
36058.679    0.039      6124.430          059003.000186   059003.000449          1.0000  cm-1
36029.191    0.039      2788.030          059003.000172   059003.000277          1.0000  cm-1
36028.078    0.039      4185.818          059003.000130   059003.000221          1.0000  cm-1
36012.699    0.039      2825.477          059003.000432   059003.000542 P        0.0000  cm-1
36012.699    0.039      2825.477          059003.000257   059003.000552          1.0000  cm-1
36008.300    0.039      2835.525          059003.000324   059003.000535 P        0.0000  cm-1
36008.300    0.039      2835.525          059003.000327   059003.000536 P        0.0000  cm-1
36008.300    0.039      2835.525          059003.000185   059003.000298          1.0000  cm-1
36002.970    0.376      711.934           059003.000133   059003.000230          1.0000  cm-1
36001.169    0.376      4990.770          059003.000125   059003.000216          1.0000  cm-1
36001.169    0.376      4990.770          059003.000149   059003.000259 P        0.0000  cm-1
35989.062    0.039      1439.887          059003.000123   059003.000210          1.0000  cm-1
35985.659    0.039      1443.826          059003.000135   059003.000235          1.0000  cm-1
35980.631    0.376      2174.490          059003.000127   059003.000219          1.0000  cm-1
35980.631    0.376      2174.490          059003.000215   059003.000541 P        0.0000  cm-1
35969.770    0.500      3655.796          059003.000127   059003.000218 P        0.0000  cm-1
35969.770    0.500      3655.796          059003.000217   059003.000317 P        0.0000  cm-1
35969.770    0.500      3655.796          059003.000165   059003.000437          1.0000  cm-1
35969.770    0.500      3655.796          059003.000220   059003.000318 P        0.0000  cm-1
35969.770    0.500      3655.796          059003.000114   059003.000202 P        0.0000  cm-1
35925.179    0.039      1515.116          059003.000325   059003.000534 P        0.0000  cm-1
35925.179    0.039      1515.116          059003.000163   059003.000436          1.0000  cm-1
35924.092    0.039      1516.420          059003.000170   059003.000273          1.0000  cm-1
35906.960    0.039      768.535           059003.000324   059003.000533 P        0.0000  cm-1
35906.960    0.039      768.535           059003.000172   059003.000276          1.0000  cm-1
35870.630    0.039      5535.289          059003.000177   059003.000442          1.0000  cm-1
35794.499    0.090      7548.808          059003.000135   059003.000234          1.0000  cm-1
35794.499    0.090      7548.808          059003.000326   059003.000534 P        0.0000  cm-1
35765.379    0.090      7718.689          059003.000139   059003.000246          1.0000  cm-1
35730.251    0.370      880.783           059003.000224   059003.000322          0.0288  cm-1
35730.251    0.370      880.783           059003.000148   059003.000258          0.9712  cm-1
35671.789    0.100      8282.085          059003.000167   059003.000437 P        0.0000  cm-1
35671.789    0.100      8282.085          059003.000141   059003.000251          1.0000  cm-1
35664.409    0.038      2775.880          059003.000186   059003.000298          1.0000  cm-1
35646.450    0.038      1875.373          059003.000087   059003.000195          1.0000  cm-1
35646.450    0.038      1875.373          059003.000317   059003.000526 P        0.0000  cm-1
35631.711    0.089      6635.569          059003.000231   059003.000325 P        0.0000  cm-1
35631.711    0.089      6635.569          059003.000106   059003.000197          1.0000  cm-1
35602.110    0.038      3874.992          059003.000129   059003.000219          1.0000  cm-1
35598.158    0.038      5829.291          059003.000135   059003.000231          1.0000  cm-1
35553.240    0.038      1003.744          059003.000276   059003.000562          1.0000  cm-1
35544.971    0.088      9087.695          059003.000139   059003.000242          1.0000  cm-1
35529.438    0.038      1021.076          059003.000266   059003.000348          1.0000  cm-1
35514.982    0.038      6190.165          059003.000126   059003.000215          1.0000  cm-1
35462.072    0.088      2142.286          059003.000175   059003.000274          1.0000  cm-1
35458.830    0.088      2147.180          059003.000160   059003.000267          1.0000  cm-1
35414.802    0.088      9964.447          059003.000332   059003.000537 P        0.0000  cm-1
35414.802    0.088      9964.447          059003.000133   059003.000226          1.0000  cm-1
35410.629    0.364      3331.125          059003.000163   059003.000270          1.0000  cm-1
35410.629    0.364      3331.125          059003.000088   059003.000194 P        0.0000  cm-1
35410.629    0.364      3331.125          059003.000176   059003.000275 P        0.0000  cm-1
35378.149    0.038      7949.097          059003.000106   059003.000196          1.0000  cm-1
35361.808    0.088      2296.793          059003.000328   059003.000533 P        0.0000  cm-1
35354.429    0.038      3462.629          059003.000153   059003.000265          1.0000  cm-1
35350.462    0.088      10416.079         059003.000127   059003.000215          1.0000  cm-1
35338.109    0.037      3501.383          059003.000140   059003.000435 P        0.0000  cm-1
35338.109    0.037      3501.383          059003.000153   059003.000264          1.0000  cm-1
35327.769    0.362      2350.711          059003.000142   059003.000250          1.0000  cm-1
35327.769    0.362      2350.711          059003.000155   059003.000264 P        0.0000  cm-1
35310.971    0.037      2377.588          059003.000175   059003.000273          1.0000  cm-1
35261.801    0.037      3685.906          059003.000114   059003.000199          1.0000  cm-1
35260.698    0.037      6147.687          059003.000180   059003.000288          1.0000  cm-1
35250.628    0.037      1237.792          059003.000257   059003.000342          1.0000  cm-1
35233.570    0.087      11266.624         059003.000133   059003.000225          1.0000  cm-1
35226.358    0.500      2515.630          059003.000265   059003.000555 P        0.0000  cm-1
35220.001    0.100      8841.625          059003.000150   059003.000258          1.0000  cm-1
35193.658    0.037      2570.146          059003.000125   059003.000210 P        0.0000  cm-1
35188.811    0.087      10313.129         059003.000133   059003.000223          1.0000  cm-1
35178.350    0.037      10383.551         059003.000120   059003.000205          1.0000  cm-1
35176.901    0.100      25983.318         059003.000125   059003.000209          1.0000  cm-1
35158.730    0.087      1314.541          059003.000115   059003.000200          1.0000  cm-1
35102.461    0.037      1362.759          059003.000255   059003.000336          1.0000  cm-1
35101.440    0.037      1363.642          059003.000331   059003.000535 P        0.0000  cm-1
35096.179    0.037      9577.384          059003.000126   059003.000212          1.0000  cm-1
35094.429    0.086      2739.430          059003.000333   059003.000537 P        0.0000  cm-1
35094.429    0.086      2739.430          059003.000154   059003.000263          1.0000  cm-1
35094.429    0.086      2739.430          059003.000248   059003.000334 P        0.0000  cm-1
35077.692    0.100      6921.348          059003.000141   059003.000247          1.0000  cm-1
35077.692    0.100      6921.348          059003.000191   059003.000451 P        0.0000  cm-1
35074.972    0.086      2773.284          059003.000330   059003.000534 P        0.0000  cm-1
35074.972    0.086      2773.284          059003.000446   059003.000565          1.0000  cm-1
35066.080    0.086      1394.413          059003.000331   059003.000534 P        0.0000  cm-1
35066.080    0.086      1394.413          059003.000156   059003.000263 P        0.0000  cm-1
35059.131    0.100      8403.007          059003.000141   059003.000246          1.0000  cm-1
35047.999    0.037      4230.845          059003.000126   059003.000211          1.0000  cm-1
35037.459    0.500      4258.719          059003.000237   059003.000324 P        0.0000  cm-1
35037.459    0.500      4258.719          059003.000333   059003.000536 P        0.0000  cm-1
34984.788    0.037      4399.357          059003.000168   059003.000270          1.0000  cm-1
34982.900    0.037      5872.585          059003.000158   059003.000265          1.0000  cm-1
34966.601    0.086      1482.809          059003.000158   059003.000264          1.0000  cm-1
34954.351    0.037      4481.621          059003.000123   059003.000205          1.0000  cm-1
34952.130    0.086      7479.423          059003.000129   059003.000214          0.5298  cm-1
34952.130    0.086      7479.423          059003.000153   059003.000262          0.4702  cm-1
34940.539    0.100      10544.772         059003.000134   059003.000224          1.0000  cm-1
34931.880    0.085      13628.428         059003.000261   059003.000553 P        0.0000  cm-1
34931.880    0.085      13628.428         059003.000127   059003.000212          1.0000  cm-1
34926.912    0.500      1518.797          059003.000134   059003.000223          0.8412  cm-1
34926.912    0.500      1518.797          059003.000256   059003.000337          0.1588  cm-1
34926.912    0.500      1518.797          059003.000323   059003.000528 P        0.0000  cm-1
34911.499    0.500      10730.146         059003.000192   059003.000453          1.0000  cm-1
34911.499    0.500      10730.146         059003.000232   059003.000542 P        0.0000  cm-1
34911.499    0.500      10730.146         059003.000144   059003.000253 P        0.0000  cm-1
34911.499    0.500      10730.146         059003.000115   059003.000199 P        0.0000  cm-1
34911.499    0.500      10730.146         059003.000439   059003.000561 P        0.0000  cm-1
34911.499    0.500      10730.146         059003.000250   059003.000334 P        0.0000  cm-1
34908.131    0.100      6143.850          059003.000141   059003.000244          1.0000  cm-1
34895.999    0.037      7735.488          059003.000153   059003.000261          1.0000  cm-1
34887.812    0.037      4663.896          059003.000129   059003.000213          1.0000  cm-1
34883.480    0.085      6234.498          059003.000127   059003.000211          1.0000  cm-1
34883.480    0.085      6234.498          059003.000260   059003.000551 P        0.0000  cm-1
34861.890    0.353      11050.141         059003.000145   059003.000255          1.0000  cm-1
34861.890    0.353      11050.141         059003.000120   059003.000203 P        0.0000  cm-1
34854.539    0.500      7927.074          059003.000038   059003.000182 P        0.0000  cm-1
34854.539    0.500      7927.074          059003.000145   059003.000254 P        0.0000  cm-1
34854.539    0.500      7927.074          059003.000224   059003.000317 P        0.0000  cm-1
34832.712    0.100      14451.727         059003.000125   059003.000208          1.0000  cm-1
34832.712    0.100      14451.727         059003.000142   059003.000245 P        0.0000  cm-1
34826.018    0.036      1612.004          059003.000173   059003.000437          1.0000  cm-1
34757.549    0.085      1676.568          059003.000251   059003.000334          1.0000  cm-1
34756.389    0.036      11743.691         059003.000111   059003.000196          1.0000  cm-1
34733.420    0.084      1699.554          059003.000155   059003.000259          1.0000  cm-1
34733.420    0.084      1699.554          059003.000320   059003.000521 P        0.0000  cm-1
34715.619    0.084      13732.684         059003.000179   059003.000286          1.0000  cm-1
34708.241    0.084      6894.652          059003.000127   059003.000210          1.0000  cm-1
34686.978    0.084      12208.818         059003.000452   059003.000566 P        0.0000  cm-1
34686.978    0.084      12208.818         059003.000148   059003.000256          1.0000  cm-1
34686.978    0.084      12208.818         059003.000179   059003.000285 P        0.0000  cm-1
34686.978    0.084      12208.818         059003.000264   059003.000343 P        0.0000  cm-1
34682.341    0.036      12240.121         059003.000120   059003.000202          1.0000  cm-1
34680.512    0.036      14002.833         059003.000135   059003.000224          1.0000  cm-1
34671.700    0.084      10553.198         059003.000142   059003.000243          0.3906  cm-1
34671.700    0.084      10553.198         059003.000142   059003.000433          0.6094  cm-1
34651.870    0.100      10668.425         059003.000165   059003.000267          1.0000  cm-1
34636.540    0.084      8964.825          059003.000123   059003.000203          1.0000  cm-1
34626.979    0.100      3604.547          059003.000140   059003.000240          1.0000  cm-1
34625.158    0.036      10824.292         059003.000095   059003.000194          1.0000  cm-1
34625.158    0.036      10824.292         059003.000455   059003.000568 P        0.0000  cm-1
34605.418    0.084      10939.932         059003.000145   059003.000253          1.0000  cm-1
34605.418    0.084      10939.932         059003.000333   059003.000534 P        0.0000  cm-1
34581.859    0.084      3692.810          059003.000167   059003.000268          1.0000  cm-1
34581.859    0.084      3692.810          059003.000161   059003.000266 P        0.0000  cm-1
34554.832    0.084      16856.913         059003.000181   059003.000289          1.0000  cm-1
34553.841    0.036      5621.900          059003.000129   059003.000212          1.0000  cm-1
34524.440    0.036      3806.015          059003.000158   059003.000261          1.0000  cm-1
34521.009    0.036      5719.213          059003.000137   059003.000228 P        0.0000  cm-1
34521.009    0.036      5719.213          059003.000175   059003.000436          1.0000  cm-1
34506.188    0.036      5763.282          059003.000097   059003.000194          1.0000  cm-1
34500.780    0.036      7705.846          059003.000315   059003.000520 P        0.0000  cm-1
34500.780    0.036      7705.846          059003.000130   059003.000211          1.0000  cm-1
34489.221    0.083      1937.945          059003.000457   059003.000583 P        0.0000  cm-1
34489.221    0.083      1937.945          059003.000158   059003.000260          1.0000  cm-1
34476.889    0.036      3900.426          059003.000226   059003.000316 P        0.0000  cm-1
34474.521    0.036      9762.857          059003.000306   059003.000568          1.0000  cm-1
34466.799    0.036      9801.326          059003.000457   059003.000581 P        0.0000  cm-1
34466.799    0.036      9801.326          059003.000144   059003.000250          1.0000  cm-1
34463.291    0.083      3927.525          059003.000457   059003.000579 P        0.0000  cm-1
34463.291    0.083      3927.525          059003.000180   059003.000285          1.0000  cm-1
34458.258    0.036      11812.692         059003.000123   059003.000202 P        0.0000  cm-1
34458.258    0.036      11812.692         059003.000144   059003.000249          1.0000  cm-1
34406.941    0.036      4040.228          059003.000257   059003.000336 P        0.0000  cm-1
34406.491    0.036      4041.131          059003.000098   059003.000194          0.4804  cm-1
34406.491    0.036      4041.131          059003.000146   059003.000253          0.5196  cm-1
34404.230    0.100      10114.163         059003.000141   059003.000239          1.0000  cm-1
34400.528    0.036      10132.732         059003.000131   059003.000215          1.0000  cm-1
34398.501    0.036      2028.581          059003.000223   059003.000314 P        0.0000  cm-1
34395.482    0.083      4063.221          059003.000313   059003.000421 P        0.0000  cm-1
34395.482    0.083      4063.221          059003.000148   059003.000255 P        0.0000  cm-1
34369.952    0.083      2057.262          059003.000269   059003.000559 P        0.0000  cm-1
34359.441    0.035      12407.027         059003.000132   059003.000219          1.0000  cm-1
34357.361    0.083      6209.792          059003.000143   059003.000434 P        0.0000  cm-1
34357.361    0.083      6209.792          059003.000182   059003.000288 P        0.0000  cm-1
34351.401    0.035      16607.459         059003.000132   059003.000218          1.0000  cm-1
34346.978    0.083      145627.061        059003.000127   059003.000208          1.0000  cm-1
34337.951    0.083      12536.901         059003.000245   059003.000327 P        0.0000  cm-1
34333.319    0.083      104707.636        059003.000189   059003.000301          1.0000  cm-1
34308.399    0.035      12715.769         059003.000130   059003.000209          1.0000  cm-1
34308.399    0.035      12715.769         059003.000316   059003.000520 P        0.0000  cm-1
34305.360    0.082      21223.631         059003.000222   059003.000541 P        0.0000  cm-1
34305.360    0.082      21223.631         059003.000142   059003.000240          1.0000  cm-1
34301.289    0.100      212647.424        059003.000335   059003.000537 P        0.0000  cm-1
34301.289    0.100      212647.424        059003.000134   059003.000221          1.0000  cm-1
34284.841    0.035      12858.549         059003.000128   059003.000207          1.0000  cm-1
34281.362    0.082      19319.480         059003.000144   059003.000248          1.0000  cm-1
34218.449    0.035      15471.819         059003.000231   059003.000319 P        0.0000  cm-1
34218.449    0.035      15471.819         059003.000119   059003.000199          1.0000  cm-1
34181.991    0.082      4494.351          059003.000187   059003.000298          1.0000  cm-1
34161.519    0.082      15875.329         059003.000145   059003.000250          1.0000  cm-1
34156.279    0.035      15912.465         059003.000144   059003.000435 P        0.0000  cm-1
34149.602    0.082      4559.937          059003.000151   059003.000256          1.0000  cm-1
34144.121    0.035      2285.516          059003.000317   059003.000520 P        0.0000  cm-1
34139.960    0.035      9158.911          059003.000148   059003.000253          1.0000  cm-1
34131.521    0.082      45965.363         059003.000133   059003.000219          1.0000  cm-1
34123.191    0.082      2306.696          059003.000133   059003.000218 P        0.0000  cm-1
34117.472    0.082      115624.047        059003.000148   059003.000252          1.0000  cm-1
34113.739    0.035      16213.795         059003.000146   059003.000251          1.0000  cm-1
34094.498    0.035      7007.127          059003.000231   059003.000318 P        0.0000  cm-1
34090.869    0.081      2339.376          059003.000268   059003.000558 P        0.0000  cm-1
34090.869    0.081      2339.376          059003.000185   059003.000293          1.0000  cm-1
34075.202    0.035      2355.201          059003.000160   059003.000265          1.0000  cm-1
34058.860    0.035      14230.172         059003.000160   059003.000264          1.0000  cm-1
34056.932    0.100      47472.810         059003.000140   059003.000236          1.0000  cm-1
34046.681    0.100      16687.845         059003.000149   059003.000253          1.0000  cm-1
34042.649    0.500      7164.126          059003.000037   059003.000180 P        0.0000  cm-1
34042.649    0.500      7164.126          059003.000039   059003.000181 P        0.0000  cm-1
34042.649    0.500      7164.126          059003.000188   059003.000448          0.8070  cm-1
34042.649    0.500      7164.126          059003.000187   059003.000447          0.1930  cm-1
34042.649    0.500      7164.126          059003.000135   059003.000221 P        0.0000  cm-1
34035.992    0.035      11973.746         059003.000144   059003.000434 P        0.0000  cm-1
34035.992    0.035      11973.746         059003.000138   059003.000228          1.0000  cm-1
33993.301    0.081      17063.805         059003.000191   059003.000302          1.0000  cm-1
33975.618    0.081      171879.815        059003.000139   059003.000230          1.0000  cm-1
33972.140    0.081      22130.203         059003.000144   059003.000245          1.0000  cm-1
33962.599    0.035      4936.936          059003.000146   059003.000250          1.0000  cm-1
33935.690    0.035      9981.467          059003.000252   059003.000331 P        0.0000  cm-1
33935.690    0.035      9981.467          059003.000337   059003.000536 P        0.0000  cm-1
33934.582    0.081      4992.945          059003.000190   059003.000449 P        0.0000  cm-1
33933.538    0.081      19980.112         059003.000131   059003.000211          1.0000  cm-1
33932.398    0.100      19989.213         059003.000141   059003.000237          1.0000  cm-1
33884.669    0.333      22915.169         059003.000150   059003.000255          1.0000  cm-1
33884.669    0.333      22915.169         059003.000267   059003.000556 P        0.0000  cm-1
33884.669    0.333      22915.169         059003.000055   059003.000188 P        0.0000  cm-1
33884.669    0.333      22915.169         059003.000258   059003.000337 P        0.0000  cm-1
33882.809    0.034      2547.974          059003.000338   059003.000537 P        0.0000  cm-1
33874.001    0.500      10226.800         059003.000172   059003.000269 P        0.0000  cm-1
33874.001    0.500      10226.800         059003.000172   059003.000268 P        0.0000  cm-1
33870.501    0.100      23041.480         059003.000134   059003.000219          1.0000  cm-1
33862.599    0.100      15407.873         059003.000437   059003.000348 P        0.0000  cm-1
33862.599    0.100      15407.873         059003.000134   059003.000218          1.0000  cm-1
33857.770    0.080      23154.750         059003.000262   059003.000340 P        0.0000  cm-1
33857.770    0.080      23154.750         059003.000151   059003.000255          1.0000  cm-1
33847.280    0.080      180817.060        059003.000148   059003.000251          1.0000  cm-1
33837.979    0.080      233303.803        059003.000126   059003.000205          1.0000  cm-1
33837.979    0.080      233303.803        059003.000260   059003.000545 P        0.0000  cm-1
33820.179    0.034      13048.809         059003.000338   059003.000536 P        0.0000  cm-1
33818.098    0.034      2611.804          059003.000152   059003.000254 P        0.0000  cm-1
33814.860    0.034      10459.922         059003.000126   059003.000204          1.0000  cm-1
33811.419    0.034      52367.072         059003.000335   059003.000534 P        0.0000  cm-1
33811.419    0.034      52367.072         059003.000144   059003.000243          0.2274  cm-1
33811.419    0.034      52367.072         059003.000144   059003.000433          0.7726  cm-1
33783.742    0.034      7936.220          059003.000179   059003.000281 P        0.0000  cm-1
33777.149    0.080      21214.641         059003.000032   059003.000156 P        0.0000  cm-1
33777.149    0.080      21214.641         059003.000146   059003.000248          1.0000  cm-1
33766.832    0.080      7985.594          059003.000238   059003.000321 P        0.0000  cm-1
33766.832    0.080      7985.594          059003.000320   059003.000520 P        0.0000  cm-1
33766.832    0.080      7985.594          059003.000143   059003.000240          1.0000  cm-1
33766.832    0.080      7985.594          059003.000237   059003.000320 P        0.0000  cm-1
33763.118    0.100      79964.134         059003.000188   059003.000299          1.0000  cm-1
33758.180    0.080      24032.370         059003.000131   059003.000210          1.0000  cm-1
33739.360    0.034      5376.960          059003.000154   059003.000257          1.0000  cm-1
33735.281    0.080      53848.356         059003.000142   059003.000236          1.0000  cm-1
33724.780    0.080      21620.328         059003.000135   059003.000220          1.0000  cm-1
33718.692    0.080      243755.874        059003.000145   059003.000247          1.0000  cm-1
33709.658    0.080      24453.677         059003.000132   059003.000214          1.0000  cm-1
33687.450    0.034      16429.958         059003.000314   059003.000513 P        0.0000  cm-1
33673.438    0.080      412751.067        059003.000127   059003.000205          1.0000  cm-1
33666.870    0.080      220633.133        059003.000145   059003.000245          1.0000  cm-1
33663.289    0.100      110452.479        059003.000125   059003.000202          1.0000  cm-1
33650.981    0.328      19410.761         059003.000146   059003.000435 P        0.0000  cm-1
33650.981    0.328      19410.761         059003.000127   059003.000204          1.0000  cm-1
33645.140    0.079      22227.867         059003.000132   059003.000213          1.0000  cm-1
33629.489    0.328      22345.780         059003.000150   059003.000253          1.0000  cm-1
33616.768    0.079      25246.385         059003.000268   059003.000555 P        0.0000  cm-1
33616.768    0.079      25246.385         059003.000160   059003.000261          1.0000  cm-1
33604.630    0.100      25348.481         059003.000140   059003.000233          1.0000  cm-1
33602.551    0.034      22547.495         059003.000151   059003.000253          1.0000  cm-1
33602.551    0.034      22547.495         059003.000135   059003.000218 P        0.0000  cm-1
33594.182    0.100      56524.583         059003.000316   059003.000517 P        0.0000  cm-1
33594.182    0.100      56524.583         059003.000149   059003.000249          1.0000  cm-1
33588.430    0.080      113262.964        059003.000182   059003.000286          1.0000  cm-1
33588.430    0.080      113262.964        059003.000264   059003.000341 P        0.0000  cm-1
33582.640    0.100      425541.492        059003.000141   059003.000234          1.0000  cm-1
33580.361    0.080      425858.195        059003.000142   059003.000235          1.0000  cm-1
33580.361    0.080      425858.195        059003.000151   059003.000252 P        0.0000  cm-1
33559.562    0.080      25724.247         059003.000182   059003.000285          1.0000  cm-1
33554.482    0.034      17177.510         059003.000336   059003.000533 P        0.0000  cm-1
33549.562    0.327      22939.462         059003.000145   059003.000244          1.0000  cm-1
33549.562    0.327      22939.462         059003.000235   059003.000317 P        0.0000  cm-1
33549.562    0.327      22939.462         059003.000237   059003.000318 P        0.0000  cm-1
33541.211    0.080      1437538.755       059003.000139   059003.000227          1.0000  cm-1
33540.698    0.100      14377.734         059003.000337   059003.000535 P        0.0000  cm-1
33540.698    0.100      14377.734         059003.000190   059003.000298          1.0000  cm-1
33533.741    0.500      17291.387         059003.000229   059003.000541 P        0.0000  cm-1
33533.741    0.500      17291.387         059003.000183   059003.000444          1.0000  cm-1
33530.078    0.080      25967.120         059003.000161   059003.000264          1.0000  cm-1
33528.649    0.100      288653.673        059003.000140   059003.000232          1.0000  cm-1
33522.108    0.100      26032.356         059003.000183   059003.000285          1.0000  cm-1
33520.081    0.326      434148.615        059003.000126   059003.000203          0.4240  cm-1
33520.081    0.326      434148.615        059003.000146   059003.000247          0.5760  cm-1
33510.631    0.080      26125.966         059003.000148   059003.000248          1.0000  cm-1
33506.109    0.080      116278.888        059003.000145   059003.000243          0.0505  cm-1
33506.109    0.080      116278.888        059003.000145   059003.000433          0.9495  cm-1
33506.109    0.080      116278.888        059003.000337   059003.000534 P        0.0000  cm-1
33501.999    0.080      26196.123         059003.000328   059003.000527 P        0.0000  cm-1
33501.999    0.080      26196.123         059003.000133   059003.000215          1.0000  cm-1
33491.888    0.079      14598.897         059003.000324   059003.000522 P        0.0000  cm-1
33487.230    0.079      17543.758         059003.000321   059003.000520 P        0.0000  cm-1
33481.891    0.080      1464371.161       059003.000133   059003.000214          1.0000  cm-1
33467.949    0.078      26470.661         059003.000231   059003.000314 P        0.0000  cm-1
33467.949    0.078      26470.661         059003.000146   059003.000245          1.0000  cm-1
33446.910    0.078      8879.499          059003.000310   059003.000570 P        0.0000  cm-1
33445.188    0.078      59227.040         059003.000144   059003.000240          1.0000  cm-1
33445.188    0.078      59227.040         059003.000316   059003.000514 P        0.0000  cm-1
33417.350    0.080      59715.306         059003.000149   059003.000248          0.1397  cm-1
33417.350    0.080      59715.306         059003.000133   059003.000213          0.8603  cm-1
33415.561    0.034      23898.593         059003.000129   059003.000206          1.0000  cm-1
33415.561    0.034      23898.593         059003.000546   059003.000537 P        0.0000  cm-1
33401.329    0.033      11998.739         059003.000190   059003.000447          1.0000  cm-1
33388.152    0.080      60221.211         059003.000340   059003.000536 P        0.0000  cm-1
33388.152    0.080      60221.211         059003.000139   059003.000226          1.0000  cm-1
33381.758    0.033      21115.895         059003.000316   059003.000513 P        0.0000  cm-1
33381.758    0.033      21115.895         059003.000119   059003.000198          1.0000  cm-1
33373.562    0.078      27212.198         059003.000317   059003.000515 P        0.0000  cm-1
33373.562    0.078      27212.198         059003.000317   059003.000516 P        0.0000  cm-1
33370.032    0.033      9079.782          059003.000106   059003.000194          1.0000  cm-1
33367.519    0.033      3028.738          059003.000267   059003.000344 P        0.0000  cm-1
33355.681    0.080      455820.573        059003.000127   059003.000203          1.0000  cm-1
33350.062    0.033      21304.938         059003.000146   059003.000244          1.0000  cm-1
33341.910    0.033      27453.982         059003.000126   059003.000202          1.0000  cm-1
33337.051    0.100      213817.170        059003.000186   059003.000445 P        0.0000  cm-1
33337.051    0.100      213817.170        059003.000150   059003.000251          1.0000  cm-1
33318.510    0.100      460506.209        059003.000125   059003.000201          1.0000  cm-1
33311.171    0.078      18456.847         059003.000040   059003.000181 P        0.0000  cm-1
33311.171    0.078      18456.847         059003.000132   059003.000212          1.0000  cm-1
33309.792    0.033      12309.136         059003.000151   059003.000251          1.0000  cm-1
33309.792    0.033      12309.136         059003.000326   059003.000522 P        0.0000  cm-1
33307.210    0.078      61588.471         059003.000156   059003.000256 P        0.0000  cm-1
33307.210    0.078      61588.471         059003.000146   059003.000243          0.3205  cm-1
33307.210    0.078      61588.471         059003.000146   059003.000433          0.6795  cm-1
33300.241    0.078      6170.365          059003.000163   059003.000265          0.8777  cm-1
33300.241    0.078      6170.365          059003.000331   059003.000529          0.1223  cm-1
33295.571    0.078      27801.267         059003.000129   059003.000205          1.0000  cm-1
33292.049    0.078      30919.258         059003.000339   059003.000533 P        0.0000  cm-1
33292.049    0.078      30919.258         059003.000149   059003.000435 P        0.0000  cm-1
33288.080    0.080      464277.398        059003.000161   059003.000263          1.0000  cm-1
33283.028    0.080      27893.858         059003.000142   059003.000233          1.0000  cm-1
33283.028    0.080      27893.858         059003.000263   059003.000338 P        0.0000  cm-1
33279.228    0.100      31024.208         059003.000175   059003.000267 P        0.0000  cm-1
33279.228    0.100      31024.208         059003.000326   059003.000521 P        0.0000  cm-1
33279.228    0.100      31024.208         059003.000192   059003.000302          1.0000  cm-1
33275.859    0.500      27946.498         059003.000266   059003.000550 P        0.0000  cm-1
33275.859    0.500      27946.498         059003.000314   059003.000510 P        0.0000  cm-1
33275.859    0.500      27946.498         059003.000341   059003.000536 P        0.0000  cm-1
33269.312    0.100      62209.773         059003.000137   059003.000431 P        0.0000  cm-1
33269.312    0.100      62209.773         059003.000141   059003.000230          1.0000  cm-1
33269.312    0.100      62209.773         059003.000342   059003.000537 P        0.0000  cm-1
33251.919    0.100      187471.995        059003.000165   059003.000264          1.0000  cm-1
33241.008    0.100      125330.981        059003.000134   059003.000215          1.0000  cm-1
33234.551    0.080      470763.288        059003.000436   059003.000347 P        0.0000  cm-1
33234.551    0.080      470763.288        059003.000148   059003.000246          1.0000  cm-1
33207.650    0.320      31596.590         059003.000252   059003.000326 P        0.0000  cm-1
33207.650    0.320      31596.590         059003.000342   059003.000536 P        0.0000  cm-1
33207.650    0.320      31596.590         059003.000142   059003.000232          0.1992  cm-1
33207.650    0.320      31596.590         059003.000139   059003.000225          0.8008  cm-1
33206.161    0.100      474123.760        059003.000125   059003.000200          1.0000  cm-1
33198.772    0.080      63331.874         059003.000187   059003.000295          1.0000  cm-1
33192.889    0.080      12684.671         059003.000142   059003.000231          1.0000  cm-1
33185.849    0.100      31766.199         059003.000150   059003.000250          1.0000  cm-1
33177.531    0.080      63660.610         059003.000127   059003.000202          1.0000  cm-1
33177.002    0.319      127337.493        059003.000150   059003.000249          1.0000  cm-1
33171.772    0.077      28687.044         059003.000149   059003.000434 P        0.0000  cm-1
33162.180    0.080      287529.604        059003.000139   059003.000223          1.0000  cm-1
33158.770    0.077      19184.196         059003.000144   059003.000238          0.3308  cm-1
33158.770    0.077      19184.196         059003.000151   059003.000250          0.6692  cm-1
33156.361    0.100      319919.445        059003.000134   059003.000213          1.0000  cm-1
33143.998    0.080      288767.811        059003.000255   059003.000327 P        0.0000  cm-1
33143.998    0.080      288767.811        059003.000161   059003.000262          1.0000  cm-1
33117.188    1.040      64570.298         059003.000332   059003.000528 P        0.0000  cm-1
33117.188    1.040      64570.298         059003.000318   059003.000514 P        0.0000  cm-1
33117.188    1.040      64570.298         059003.000270   059003.000555 P        0.0000  cm-1
33117.188    1.040      64570.298         059003.000191   059003.000300          1.0000  cm-1
33117.188    1.040      64570.298         059003.000152   059003.000249 P        0.0000  cm-1
33117.188    1.040      64570.298         059003.000433   059003.000321 P        0.0000  cm-1
33117.188    1.040      64570.298         059003.000243   059003.000321 P        0.0000  cm-1
33108.249    0.100      64701.926         059003.000149   059003.000245          1.0000  cm-1
33087.690    0.033      16250.374         059003.000132   059003.000210          1.0000  cm-1
33083.530    0.080      227715.524        059003.000148   059003.000244          0.4000  cm-1
33083.530    0.080      227715.524        059003.000133   059003.000212          0.6000  cm-1
33081.999    0.033      16270.911         059003.000182   059003.000283          1.0000  cm-1
33081.999    0.033      16270.911         059003.000315   059003.000508 P        0.0000  cm-1
33072.029    0.077      6522.672          059003.000244   059003.000321 P        0.0000  cm-1
33056.150    0.100      98178.619         059003.000188   059003.000297          1.0000  cm-1
33056.150    0.100      98178.619         059003.000320   059003.000517 P        0.0000  cm-1
33052.338    0.033      3275.309          059003.000328   059003.000523          1.0000  cm-1
33052.338    0.033      3275.309          059003.000263   059003.000336 P        0.0000  cm-1
33045.368    0.080      229614.373        059003.000145   059003.000239          1.0000  cm-1
33044.230    0.076      6562.005          059003.000183   059003.000283 P        0.0000  cm-1
33040.759    0.080      6566.857          059003.000153   059003.000254 P        0.0000  cm-1
33040.759    0.080      6566.857          059003.000148   059003.000243          1.0000  cm-1
33039.449    0.076      22990.399         059003.000120   059003.000197          1.0000  cm-1
33034.871    0.033      9862.586          059003.000164   059003.000263          1.0000  cm-1
33025.640    0.076      9881.757          059003.000316   059003.000511          1.0000  cm-1
33021.148    0.080      65940.230         059003.000142   059003.000229          1.0000  cm-1
33015.739    0.076      6601.442          059003.000338   059003.000531          0.1728  cm-1
33015.739    0.076      6601.442          059003.000156   059003.000255          0.8272  cm-1
33000.490    0.100      331108.905        059003.000332   059003.000527 P        0.0000  cm-1
33000.490    0.100      331108.905        059003.000437   059003.000558 P        0.0000  cm-1
33000.490    0.100      331108.905        059003.000150   059003.000248          1.0000  cm-1
32993.739    0.033      19893.826         059003.000340   059003.000535 P        0.0000  cm-1
32985.890    0.316      6641.788          059003.000140   059003.000228          1.0000  cm-1
32985.890    0.316      6641.788          059003.000314   059003.000506 P        0.0000  cm-1
32985.890    0.316      6641.788          059003.000339   059003.000531 P        0.0000  cm-1
32981.252    0.076      3323.983          059003.000135   059003.000215 P        0.0000  cm-1
32981.252    0.076      3323.983          059003.000068   059003.000192 P        0.0000  cm-1
32974.650    0.033      9985.077          059003.000235   059003.000541 P        0.0000  cm-1
32973.218    0.076      29963.749         059003.000151   059003.000248          1.0000  cm-1
32959.988    0.100      30041.899         059003.000340   059003.000534 P        0.0000  cm-1
32959.988    0.100      30041.899         059003.000188   059003.000296          1.0000  cm-1
32957.702    0.100      333947.911        059003.000191   059003.000447 P        0.0000  cm-1
32957.702    0.100      333947.911        059003.000125   059003.000199          1.0000  cm-1
32948.632    0.080      30108.253         059003.000189   059003.000296          1.0000  cm-1
32947.518    0.100      301147.246        059003.000149   059003.000243 P        0.0000  cm-1
32947.518    0.100      301147.246        059003.000149   059003.000433          1.0000  cm-1
32947.149    0.076      33463.190         059003.000148   059003.000241          1.0000  cm-1
32918.592    0.033      26915.995         059003.000180   059003.000279          1.0000  cm-1
32910.978    0.033      6738.530          059003.000339   059003.000530          1.0000  cm-1
32910.978    0.033      6738.530          059003.000547   059003.000535 P        0.0000  cm-1
32888.630    0.032      23681.362         059003.000181   059003.000282          1.0000  cm-1
32884.982    0.032      236969.149        059003.000126   059003.000200          1.0000  cm-1
32875.022    0.314      203477.888        059003.000315   059003.000506 P        0.0000  cm-1
32875.022    0.314      203477.888        059003.000150   059003.000435          0.9632  cm-1
32875.022    0.314      203477.888        059003.000144   059003.000236          0.0368  cm-1
32875.022    0.314      203477.888        059003.000258   059003.000334 P        0.0000  cm-1
32875.022    0.314      203477.888        059003.000168   059003.000265 P        0.0000  cm-1
32865.912    0.100      203805.342        059003.000165   059003.000262          1.0000  cm-1
32859.769    0.080      340040.686        059003.000133   059003.000210          1.0000  cm-1
32852.640    0.076      13618.458         059003.000256   059003.000327 P        0.0000  cm-1
32846.292    0.076      30675.016         059003.000146   059003.000239          1.0000  cm-1
32844.439    0.032      3409.416          059003.000341   059003.000534 P        0.0000  cm-1
32844.439    0.032      3409.416          059003.000320   059003.000513 P        0.0000  cm-1
32835.710    0.075      6828.961          059003.000320   059003.000512 P        0.0000  cm-1
32835.710    0.075      6828.961          059003.000451   059003.000565 P        0.0000  cm-1
32822.419    0.100      342210.051        059003.000134   059003.000212          1.0000  cm-1
32809.808    0.100      240045.939        059003.000165   059003.000261          1.0000  cm-1
32806.640    0.032      13724.008         059003.000163   059003.000260 P        0.0000  cm-1
32806.640    0.032      13724.008         059003.000317   059003.000510 P        0.0000  cm-1
32801.290    0.032      17169.920         059003.000333   059003.000528 P        0.0000  cm-1
32798.102    0.080      27486.018         059003.000255   059003.000325 P        0.0000  cm-1
32798.102    0.080      27486.018         059003.000187   059003.000294          1.0000  cm-1
32777.159    0.500      27577.653         059003.000155   059003.000253 P        0.0000  cm-1
32777.159    0.500      27577.653         059003.000342   059003.000534 P        0.0000  cm-1
32777.159    0.500      27577.653         059003.000192   059003.000449          1.0000  cm-1
32777.159    0.500      27577.653         059003.000075   059003.000193 P        0.0000  cm-1
32777.159    0.500      27577.653         059003.000267   059003.000548 P        0.0000  cm-1
32774.098    0.100      413862.847        059003.000134   059003.000211          1.0000  cm-1
32766.402    0.075      6905.959          059003.000154   059003.000252          1.0000  cm-1
32742.902    0.032      27722.636         059003.000541   059003.000503 P        0.0000  cm-1
32742.902    0.032      27722.636         059003.000150   059003.000247 P        0.0000  cm-1
32723.539    0.032      17376.159         059003.000131   059003.000205          1.0000  cm-1
32720.508    0.080      243373.132        059003.000127   059003.000200          1.0000  cm-1
32720.508    0.080      243373.132        059003.000144   059003.000235 P        0.0000  cm-1
32712.142    0.075      24366.605         059003.000167   059003.000263          1.0000  cm-1
32712.142    0.075      24366.605         059003.000342   059003.000533 P        0.0000  cm-1
32697.168    0.032      24418.214         059003.000269   059003.000550 P        0.0000  cm-1
32697.168    0.032      24418.214         059003.000151   059003.000246          1.0000  cm-1
32695.148    0.032      3489.300          059003.000323   059003.000518          1.0000  cm-1
32687.408    0.032      3493.041          059003.000552   059003.000538          1.0000  cm-1
32687.408    0.032      3493.041          059003.000548   059003.000536 P        0.0000  cm-1
32681.979    0.100      524346.141        059003.000316   059003.000506 P        0.0000  cm-1
32681.979    0.100      524346.141        059003.000141   059003.000226          1.0000  cm-1
32658.929    0.075      24545.200         059003.000165   059003.000259 P        0.0000  cm-1
32658.929    0.075      24545.200         059003.000186   059003.000292          1.0000  cm-1
32656.611    0.080      31567.722         059003.000182   059003.000281          1.0000  cm-1
32636.349    0.309      31650.304         059003.000314   059003.000503 P        0.0000  cm-1
32636.349    0.309      31650.304         059003.000126   059003.000199          1.0000  cm-1
32598.760    0.100      529945.380        059003.000134   059003.000210          1.0000  cm-1
32592.701    0.032      14141.997         059003.000546   059003.000532          1.0000  cm-1
32580.989    0.308      31862.853         059003.000331   059003.000522 P        0.0000  cm-1
32580.989    0.308      31862.853         059003.000177   059003.000268 P        0.0000  cm-1
32580.989    0.308      31862.853         059003.000149   059003.000240          1.0000  cm-1
32580.989    0.308      31862.853         059003.000148   059003.000239 P        0.0000  cm-1
32572.760    0.074      31892.793         059003.000161   059003.000258          1.0000  cm-1
32572.760    0.074      31892.793         059003.000244   059003.000318 P        0.0000  cm-1
32571.138    0.100      28354.349         059003.000140   059003.000222          1.0000  cm-1
32568.060    0.032      14182.090         059003.000167   059003.000262          1.0000  cm-1
32565.079    0.500      28373.646         059003.000318   059003.000508 P        0.0000  cm-1
32561.718    0.100      14192.130         059003.000123   059003.000196          1.0000  cm-1
32561.718    0.100      14192.130         059003.000330   059003.000521 P        0.0000  cm-1
32546.240    0.074      24878.271         059003.000151   059003.000244          1.0000  cm-1
32530.388    0.100      32040.112         059003.000150   059003.000243 P        0.0000  cm-1
32530.388    0.100      32040.112         059003.000150   059003.000433          1.0000  cm-1
32500.711    0.100      24994.974         059003.000141   059003.000225          1.0000  cm-1
32497.860    0.074      28573.639         059003.000153   059003.000251          1.0000  cm-1
32497.860    0.074      28573.639         059003.000322   059003.000516 P        0.0000  cm-1
32497.860    0.074      28573.639         059003.000324   059003.000520 P        0.0000  cm-1
32471.969    0.080      250632.433        059003.000260   059003.000543 P        0.0000  cm-1
32471.969    0.080      250632.433        059003.000127   059003.000199          1.0000  cm-1
32468.232    0.100      32235.183         059003.000183   059003.000280          1.0000  cm-1
32468.232    0.100      32235.183         059003.000152   059003.000433 P        0.0000  cm-1
32468.232    0.100      32235.183         059003.000249   059003.000321 P        0.0000  cm-1
32468.232    0.100      32235.183         059003.000156   059003.000251 P        0.0000  cm-1
32455.968    0.100      537844.717        059003.000141   059003.000223          1.0000  cm-1
32426.792    0.032      28756.563         059003.000140   059003.000432          1.0000  cm-1
32422.779    0.074      32361.757         059003.000318   059003.000507 P        0.0000  cm-1
32422.779    0.074      32361.757         059003.000144   059003.000233          1.0000  cm-1
32414.851    0.080      28784.382         059003.000145   059003.000235          1.0000  cm-1
32414.851    0.080      28784.382         059003.000244   059003.000317 P        0.0000  cm-1
32405.639    0.032      14402.632         059003.000131   059003.000203 P        0.0000  cm-1
32382.670    0.400      3606.891          059003.000325   059003.000519 P        0.0000  cm-1
32382.670    0.400      3606.891          059003.000192   059003.000298          1.0000  cm-1
32382.670    0.400      3606.891          059003.000168   059003.000260 P        0.0000  cm-1
32374.291    0.031      10827.201         059003.000146   059003.000237          1.0000  cm-1
32370.831    0.073      32489.551         059003.000146   059003.000236          1.0000  cm-1
32362.910    0.031      14447.753         059003.000270   059003.000553 P        0.0000  cm-1
32346.670    0.031      21695.201         059003.000144   059003.000232 P        0.0000  cm-1
32346.670    0.031      21695.201         059003.000153   059003.000250          1.0000  cm-1
32346.670    0.031      21695.201         059003.000320   059003.000508 P        0.0000  cm-1
32338.131    0.031      21707.117         059003.000153   059003.000249          1.0000  cm-1
32334.701    0.031      10855.906         059003.000155   059003.000250          1.0000  cm-1
32332.590    0.031      25333.787         059003.000144   059003.000231          1.0000  cm-1
32326.278    0.031      18102.594         059003.000323   059003.000513 P        0.0000  cm-1
32326.278    0.031      18102.594         059003.000155   059003.000249          1.0000  cm-1
32294.918    0.400      18135.294         059003.000245   059003.000317 P        0.0000  cm-1
32294.918    0.400      18135.294         059003.000149   059003.000238          0.4911  cm-1
32294.918    0.400      18135.294         059003.000165   059003.000258          0.5089  cm-1
32275.231    0.080      32677.048         059003.000313   059003.000419 P        0.0000  cm-1
32275.231    0.080      32677.048         059003.000142   059003.000224          1.0000  cm-1
32264.589    0.080      10898.021         059003.000187   059003.000293          1.0000  cm-1
32243.579    0.031      14544.607         059003.000192   059003.000447 P        0.0000  cm-1
32237.590    0.100      25459.569         059003.000134   059003.000208          1.0000  cm-1
32161.251    0.072      29172.154         059003.000153   059003.000248          1.0000  cm-1
32161.251    0.072      29172.154         059003.000144   059003.000229 P        0.0000  cm-1
32156.552    0.100      25528.675         059003.000190   059003.000294          1.0000  cm-1
32156.552    0.100      25528.675         059003.000267   059003.000547 P        0.0000  cm-1
32108.312    0.031      14601.712         059003.000173   059003.000264          1.0000  cm-1
32105.409    0.400      29204.639         059003.000142   059003.000432          0.2964  cm-1
32105.409    0.400      29204.639         059003.000139   059003.000219          0.7036  cm-1
32105.409    0.400      29204.639         059003.000550   059003.000534 P        0.0000  cm-1
32069.610    0.100      25563.409         059003.000150   059003.000239          1.0000  cm-1
32052.951    0.072      29217.594         059003.000132   059003.000205          1.0000  cm-1
32027.321    0.080      25565.518         059003.000145   059003.000231          1.0000  cm-1
32027.321    0.080      25565.518         059003.000251   059003.000320 P        0.0000  cm-1
32027.321    0.080      25565.518         059003.000316   059003.000501 P        0.0000  cm-1
32024.708    0.031      32869.711         059003.000441   059003.000348 P        0.0000  cm-1
32024.708    0.031      32869.711         059003.000146   059003.000234          1.0000  cm-1
32014.841    0.080      25564.291         059003.000182   059003.000279          1.0000  cm-1
32010.882    0.297      36519.608         059003.000149   059003.000236          1.0000  cm-1
32010.882    0.297      36519.608         059003.000318   059003.000503 P        0.0000  cm-1
31945.148    0.080      32839.671         059003.000133   059003.000206          1.0000  cm-1
31903.789    0.031      18225.958         059003.000153   059003.000247          1.0000  cm-1
31877.702    0.295      36422.082         059003.000150   059003.000238          1.0000  cm-1
31855.908    0.294      36393.170         059003.000149   059003.000235          0.7614  cm-1
31855.908    0.294      36393.170         059003.000145   059003.000229          0.2386  cm-1
31855.908    0.294      36393.170         059003.000336   059003.000529 P        0.0000  cm-1
31855.908    0.294      36393.170         059003.000156   059003.000246 P        0.0000  cm-1
31852.040    0.030      21832.596         059003.000153   059003.000245          1.0000  cm-1
31828.401    0.030      21810.909         059003.000146   059003.000231          1.0000  cm-1
31802.089    0.080      25414.410         059003.000133   059003.000204          1.0000  cm-1
31802.089    0.080      25414.410         059003.000250   059003.000317 P        0.0000  cm-1
31799.630    0.071      72603.612         059003.000126   059003.000198          1.0000  cm-1
31766.660    0.100      72474.324         059003.000125   059003.000196          0.9796  cm-1
31766.660    0.100      72474.324         059003.000160   059003.000255          0.0204  cm-1
31758.232    0.080      32597.394         059003.000266   059003.000336 P        0.0000  cm-1
31758.232    0.080      32597.394         059003.000148   059003.000234          1.0000  cm-1
31758.232    0.080      32597.394         059003.000345   059003.000536 P        0.0000  cm-1
31734.798    0.500      32550.249         059003.000132   059003.000203 P        0.0000  cm-1
31734.798    0.500      32550.249         059003.000140   059003.000431          1.0000  cm-1
31734.798    0.500      32550.249         059003.000153   059003.000244 P        0.0000  cm-1
31699.022    0.070      32471.183         059003.000126   059003.000197          1.0000  cm-1
31691.309    0.070      28847.128         059003.000153   059003.000243          1.0000  cm-1
31691.309    0.070      28847.128         059003.000153   059003.000433 P        0.0000  cm-1
31664.759    0.030      21591.657         059003.000442   059003.000348 P        0.0000  cm-1
31664.759    0.030      21591.657         059003.000158   059003.000435 P        0.0000  cm-1
31636.661    0.290      35903.414         059003.000142   059003.000221          1.0000  cm-1
31635.250    0.080      71798.224         059003.000127   059003.000198          1.0000  cm-1
31623.101    0.100      25103.023         059003.000329   059003.000520 P        0.0000  cm-1
31623.101    0.100      25103.023         059003.000190   059003.000293          1.0000  cm-1
31597.678    0.100      10733.768         059003.000150   059003.000237          1.0000  cm-1
31597.678    0.100      10733.768         059003.000330   059003.000520 P        0.0000  cm-1
31564.078    0.100      21398.064         059003.000134   059003.000205          1.0000  cm-1
31558.079    0.910      14256.769         059003.000148   059003.000231 P        0.0000  cm-1
31558.079    0.910      14256.769         059003.000329   059003.000519 P        0.0000  cm-1
31558.079    0.910      14256.769         059003.000149   059003.000233          1.0000  cm-1
31558.079    0.910      14256.769         059003.000082   059003.000193 P        0.0000  cm-1
31558.079    0.910      14256.769         059003.000339   059003.000528 P        0.0000  cm-1
31558.079    0.910      14256.769         059003.000132   059003.000202 P        0.0000  cm-1
31535.172    0.288      35557.420         059003.000127   059003.000197          1.0000  cm-1
31535.172    0.288      35557.420         059003.000065   059003.000187 P        0.0000  cm-1
31535.172    0.288      35557.420         059003.000436   059003.000548 P        0.0000  cm-1
31535.172    0.288      35557.420         059003.000330   059003.000519 P        0.0000  cm-1
31512.919    0.030      3547.181          059003.000321   059003.000503 P        0.0000  cm-1
31507.278    0.080      106348.670        059003.000180   059003.000440 P        0.0000  cm-1
31507.278    0.080      106348.670        059003.000133   059003.000203          1.0000  cm-1
31478.922    0.030      7066.874          059003.000255   059003.000320 P        0.0000  cm-1
31478.922    0.030      7066.874          059003.000159   059003.000435 P        0.0000  cm-1
31468.759    0.100      17645.870         059003.000149   059003.000231          1.0000  cm-1
31468.759    0.100      17645.870         059003.000318   059003.000500 P        0.0000  cm-1
31455.370    0.080      24664.154         059003.000139   059003.000214          1.0000  cm-1
31445.538    0.069      31672.528         059003.000126   059003.000196          1.0000  cm-1
31418.559    0.030      7014.177          059003.000186   059003.000288          1.0000  cm-1
31398.871    0.286      20987.791         059003.000192   059003.000295          0.3595  cm-1
31398.871    0.286      20987.791         059003.000141   059003.000219          0.6405  cm-1
31391.653    0.286      17472.779         059003.000139   059003.000213          1.0000  cm-1
31391.380    0.650      24460.983         059003.000328   059003.000518 P        0.0000  cm-1
31391.380    0.650      24460.983         059003.000326   059003.000513 P        0.0000  cm-1
31391.380    0.650      24460.983         059003.000141   059003.000218          1.0000  cm-1
31391.380    0.650      24460.983         059003.000254   059003.000319 P        0.0000  cm-1
31391.380    0.650      24460.983         059003.000144   059003.000222 P        0.0000  cm-1
31319.531    0.080      3458.625          059003.000158   059003.000243 P        0.0000  cm-1
31319.531    0.080      3458.625          059003.000158   059003.000433 P        0.0000  cm-1
31319.531    0.080      3458.625          059003.000277   059003.000345 P        0.0000  cm-1
31319.531    0.080      3458.625          059003.000142   059003.000220          1.0000  cm-1
31288.712    0.069      10326.769         059003.000446   059003.000564          1.0000  cm-1
31280.970    0.080      24066.356         059003.000127   059003.000196          1.0000  cm-1
31280.970    0.080      24066.356         059003.000135   059003.000204 P        0.0000  cm-1
31248.011    0.100      17098.661         059003.000150   059003.000234          1.0000  cm-1
31246.281    0.100      13675.011         059003.000134   059003.000203          1.0000  cm-1
31243.949    0.029      6834.858          059003.000544   059003.000526 P        0.0000  cm-1
31240.259    0.029      6830.655          059003.000438   059003.000555 P        0.0000  cm-1
31237.809    0.080      13655.710         059003.000327   059003.000514 P        0.0000  cm-1
31237.809    0.080      13655.710         059003.000328   059003.000517 P        0.0000  cm-1
31237.809    0.080      13655.710         059003.000262   059003.000327 P        0.0000  cm-1
31237.809    0.080      13655.710         059003.000161   059003.000255          1.0000  cm-1
31177.371    0.282      6756.519          059003.000327   059003.000513 P        0.0000  cm-1
31177.371    0.282      6756.519          059003.000187   059003.000292          1.0000  cm-1
31157.560    0.080      13464.405         059003.000142   059003.000217          1.0000  cm-1
31156.629    0.282      13462.097         059003.000129   059003.000197          1.0000  cm-1
31147.580    0.068      3359.891          059003.000346   059003.000535 P        0.0000  cm-1
31056.781    0.080      9902.494          059003.000139   059003.000212          1.0000  cm-1
31019.510    0.067      65506.021         059003.000119   059003.000194          1.0000  cm-1
31015.822    0.029      6545.471          059003.000304   059003.000565          0.1787  cm-1
31015.822    0.029      6545.471          059003.000043   059003.000180          0.8213  cm-1
30982.558    0.080      3249.283          059003.000161   059003.000253          1.0000  cm-1
30959.672    0.100      64656.492         059003.000161   059003.000252 P        0.0000  cm-1
30959.672    0.100      64656.492         059003.000442   059003.000347 P        0.0000  cm-1
30959.672    0.100      64656.492         059003.000165   059003.000255          1.0000  cm-1
30879.979    0.100      9520.656          059003.000150   059003.000229          1.0000  cm-1
30793.802    0.028      12424.931         059003.000120   059003.000195          1.0000  cm-1
30775.640    0.066      154582.274        059003.000144   059003.000221          1.0000  cm-1
30704.430    0.100      12132.780         059003.000165   059003.000253          1.0000  cm-1
30689.961    0.080      15105.424         059003.000326   059003.000506 P        0.0000  cm-1
30689.961    0.080      15105.424         059003.000161   059003.000251          1.0000  cm-1
30684.582    0.100      6033.126          059003.000141   059003.000213          1.0000  cm-1
30661.969    0.028      2997.443          059003.000331   059003.000513 P        0.0000  cm-1
30661.969    0.028      2997.443          059003.000167   059003.000255          1.0000  cm-1
30644.198    0.080      17893.750         059003.000558   059003.000533 P        0.0000  cm-1
30644.198    0.080      17893.750         059003.000148   059003.000224          1.0000  cm-1
30631.472    0.080      17828.256         059003.000148   059003.000223          1.0000  cm-1
30631.472    0.080      17828.256         059003.000557   059003.000531 P        0.0000  cm-1
30627.328    0.028      5935.619          059003.000147   059003.000432          1.0000  cm-1
30624.569    0.066      5930.864          059003.000546   059003.000524 P        0.0000  cm-1
30624.569    0.066      5930.864          059003.000160   059003.000247          1.0000  cm-1
30623.548    0.080      59291.028         059003.000133   059003.000199          1.0000  cm-1
30611.102    0.100      8861.374          059003.000134   059003.000200          1.0000  cm-1
30566.450    0.500      8744.355          059003.000177   059003.000262 P        0.0000  cm-1
30566.450    0.500      8744.355          059003.000183   059003.000440          1.0000  cm-1
30566.450    0.500      8744.355          059003.000087   059003.000193 P        0.0000  cm-1
30553.028    0.028      2902.941          059003.000144   059003.000431          1.0000  cm-1
30553.028    0.028      2902.941          059003.000325   059003.000504 P        0.0000  cm-1
30525.219    0.100      5756.468          059003.000149   059003.000222          1.0000  cm-1
30470.512    0.080      254610.771        059003.000145   059003.000221          1.0000  cm-1
30454.968    0.065      5629.761          059003.000160   059003.000244          1.0000  cm-1
30411.840    0.100      5550.757          059003.000160   059003.000243 P        0.0000  cm-1
30411.840    0.100      5550.757          059003.000160   059003.000433 P        0.0000  cm-1
30411.840    0.100      5550.757          059003.000165   059003.000251          1.0000  cm-1
30408.789    0.028      8317.701          059003.000153   059003.000234          1.0000  cm-1
30380.612    0.065      2746.513          059003.000149   059003.000432 P        0.0000  cm-1
30362.548    0.100      245675.029        059003.000559   059003.000533 P        0.0000  cm-1
30362.548    0.100      245675.029        059003.000048   059003.000181 P        0.0000  cm-1
30362.548    0.100      245675.029        059003.000134   059003.000199          1.0000  cm-1
30353.320    0.080      13605.595         059003.000161   059003.000248          1.0000  cm-1
30350.553    0.100      10874.145         059003.000135   059003.000200 P        0.0000  cm-1
30350.553    0.100      10874.145         059003.000141   059003.000212          1.0000  cm-1
30341.462    0.100      13550.201         059003.000188   059003.000291          1.0000  cm-1
30330.198    0.080      242954.255        059003.000189   059003.000291          1.0000  cm-1
30330.198    0.080      242954.255        059003.000341   059003.000521 P        0.0000  cm-1
30297.271    0.028      13342.624         059003.000144   059003.000217          1.0000  cm-1
30271.440    0.064      79323.068         059003.000146   059003.000221          1.0000  cm-1
30265.209    0.027      13190.978         059003.000560   059003.000536 P        0.0000  cm-1
30265.209    0.027      13190.978         059003.000342   059003.000521 P        0.0000  cm-1
30265.209    0.027      13190.978         059003.000333   059003.000514 P        0.0000  cm-1
30260.050    0.266      2633.301          059003.000165   059003.000250          1.0000  cm-1
30260.050    0.266      2633.301          059003.000330   059003.000510 P        0.0000  cm-1
30251.599    0.265      2625.274          059003.000456   059003.000574 P        0.0000  cm-1
30251.599    0.265      2625.274          059003.000165   059003.000249          1.0000  cm-1
30238.092    0.100      261242.209        059003.000140   059003.000209          1.0000  cm-1
30200.570    0.027      10306.366         059003.000155   059003.000231          1.0000  cm-1
30164.931    0.027      2542.400          059003.000037   059003.000177          1.0000  cm-1
30134.009    0.100      20101.013         059003.000150   059003.000224          1.0000  cm-1
30134.009    0.100      20101.013         059003.000302   059003.000564 P        0.0000  cm-1
30108.770    0.080      9953.038          059003.000142   059003.000211          1.0000  cm-1
30108.261    0.100      7463.303          059003.000150   059003.000222          1.0000  cm-1
30108.261    0.100      7463.303          059003.000173   059003.000256 P        0.0000  cm-1
30091.850    0.080      14831.373         059003.000191   059003.000292          1.0000  cm-1
30091.850    0.080      14831.373         059003.000552   059003.000527 P        0.0000  cm-1
30067.579    0.063      2448.386          059003.000036   059003.000176          1.0000  cm-1
30044.049    0.080      48511.237         059003.000272   059003.000545 P        0.0000  cm-1
30044.049    0.080      48511.237         059003.000161   059003.000245          1.0000  cm-1
30040.738    0.027      4844.694          059003.000153   059003.000229          1.0000  cm-1
30031.801    0.080      16895.685         059003.000145   059003.000218          1.0000  cm-1
30004.969    0.080      14325.570         059003.000148   059003.000221          1.0000  cm-1
29992.051    0.080      142501.944        059003.000276   059003.000342 P        0.0000  cm-1
29992.051    0.080      142501.944        059003.000145   059003.000217          1.0000  cm-1
29960.478    0.027      7032.936          059003.000036   059003.000175          1.0000  cm-1
29953.232    0.027      7011.776          059003.000172   059003.000255          1.0000  cm-1
29951.198    0.063      7005.836          059003.000160   059003.000239          1.0000  cm-1
29936.262    0.080      16245.177         059003.000187   059003.000288          1.0000  cm-1
29926.299    0.080      207993.690        059003.000276   059003.000341 P        0.0000  cm-1
29926.299    0.080      207993.690        059003.000161   059003.000244          1.0000  cm-1
29926.299    0.080      207993.690        059003.000258   059003.000318 P        0.0000  cm-1
29918.669    0.080      1151806.560       059003.000139   059003.000206          1.0000  cm-1
29916.449    0.080      161101.630        059003.000142   059003.000209          1.0000  cm-1
29914.012    0.027      68972.383         059003.000132   059003.000197          1.0000  cm-1
29911.792    0.100      68907.558         059003.000149   059003.000221          1.0000  cm-1
29883.333    0.080      158845.391        059003.000161   059003.000243          1.0000  cm-1
29882.832    0.100      158811.327        059003.000140   059003.000207          1.0000  cm-1
29880.780    0.027      15867.154         059003.000144   059003.000216          1.0000  cm-1
29850.740    0.027      2237.518          059003.000348   059003.000534 P        0.0000  cm-1
29837.289    0.027      6673.330          059003.000035   059003.000173          1.0000  cm-1
29837.289    0.027      6673.330          059003.000560   059003.000534 P        0.0000  cm-1
29832.640    0.062      110996.320        059003.000146   059003.000218          1.0000  cm-1
29807.770    0.080      109788.843        059003.000182   059003.000275          1.0000  cm-1
29798.460    0.080      546685.865        059003.000139   059003.000205          1.0000  cm-1
29793.032    0.027      15270.356         059003.000146   059003.000217          1.0000  cm-1
29774.950    0.100      1081977.435       059003.000125   059003.000195          1.0000  cm-1
29770.340    0.100      64784.695         059003.000442   059003.000343 P        0.0000  cm-1
29770.340    0.100      64784.695         059003.000343   059003.000526 P        0.0000  cm-1
29770.340    0.100      64784.695         059003.000183   059003.000275          1.0000  cm-1
29765.909    0.100      10775.998         059003.000165   059003.000245          1.0000  cm-1
29758.543    0.100      1074035.373       059003.000125   059003.000194          1.0000  cm-1
29753.592    0.080      6429.845          059003.000182   059003.000274          1.0000  cm-1
29749.803    0.062      2139.617          059003.000034   059003.000168          1.0000  cm-1
29745.398    0.027      10676.792         059003.000159   059003.000233          1.0000  cm-1
29725.817    0.027      12698.672         059003.000269   059003.000330 P        0.0000  cm-1
29716.131    0.100      12642.602         059003.000552   059003.000524 P        0.0000  cm-1
29716.131    0.100      12642.602         059003.000180   059003.000436 P        0.0000  cm-1
29716.131    0.100      12642.602         059003.000183   059003.000274          1.0000  cm-1
29713.359    0.100      210442.767        059003.000188   059003.000289          1.0000  cm-1
29710.222    0.026      105070.183        059003.000332   059003.000422 P        0.0000  cm-1
29708.009    0.026      10496.353         059003.000065   059003.000185          1.0000  cm-1
29702.050    0.080      104676.503        059003.000330   059003.000504 P        0.0000  cm-1
29702.050    0.080      104676.503        059003.000268   059003.000329 P        0.0000  cm-1
29702.050    0.080      104676.503        059003.000189   059003.000289          1.0000  cm-1
29688.412    0.080      416080.720        059003.000344   059003.000526 P        0.0000  cm-1
29688.412    0.080      416080.720        059003.000148   059003.000220          1.0000  cm-1
29688.412    0.080      416080.720        059003.000277   059003.000340 P        0.0000  cm-1
29686.369    0.080      1039219.373       059003.000133   059003.000197          1.0000  cm-1
29679.708    0.026      10360.173         059003.000147   059003.000217          1.0000  cm-1
29660.468    0.026      14374.940         059003.000343   059003.000525 P        0.0000  cm-1
29660.468    0.026      14374.940         059003.000132   059003.000196          1.0000  cm-1
29648.142    0.100      204174.875        059003.000165   059003.000244          1.0000  cm-1
29637.219    0.026      6093.881          059003.000163   059003.000243          0.2111  cm-1
29637.219    0.026      6093.881          059003.000163   059003.000433          0.7889  cm-1
29602.342    0.080      199800.160        059003.000182   059003.000273          1.0000  cm-1
29595.061    0.254      9955.349          059003.000031   059003.000134 P        0.0000  cm-1
29595.061    0.254      9955.349          059003.000149   059003.000220          1.0000  cm-1
29584.911    0.080      99070.892         059003.000327   059003.000500 P        0.0000  cm-1
29584.911    0.080      99070.892         059003.000191   059003.000290          1.0000  cm-1
29575.441    0.080      295863.732        059003.000145   059003.000216          1.0000  cm-1
29566.292    0.080      294562.138        059003.000148   059003.000218          1.0000  cm-1
29564.883    0.100      9812.063          059003.000333   059003.000507 P        0.0000  cm-1
29564.883    0.100      9812.063          059003.000183   059003.000273          1.0000  cm-1
29561.198    0.080      587676.444        059003.000345   059003.000529 P        0.0000  cm-1
29561.198    0.080      587676.444        059003.000259   059003.000318 P        0.0000  cm-1
29561.198    0.080      587676.444        059003.000142   059003.000207          1.0000  cm-1
29561.198    0.080      587676.444        059003.000173   059003.000253 P        0.0000  cm-1
29533.600    0.061      1932.838          059003.000552   059003.000522 P        0.0000  cm-1
29519.952    0.026      1919.979          059003.000167   059003.000247          1.0000  cm-1
29514.531    0.080      11489.277         059003.000187   059003.000287          1.0000  cm-1
29480.692    0.080      188314.896        059003.000340   059003.000520 P        0.0000  cm-1
29480.692    0.080      188314.896        059003.000139   059003.000203          1.0000  cm-1
29453.440    0.061      1857729.356       059003.000126   059003.000195          1.0000  cm-1
29437.360    0.061      1105674.307       059003.000126   059003.000194          1.0000  cm-1
29432.541    0.080      551496.587        059003.000133   059003.000196          1.0000  cm-1
29432.541    0.080      551496.587        059003.000336   059003.000517 P        0.0000  cm-1
29425.342    0.100      549496.210        059003.000179   059003.000270 P        0.0000  cm-1
29425.342    0.100      549496.210        059003.000134   059003.000197          1.0000  cm-1
29422.478    0.080      64015.151         059003.000161   059003.000239          1.0000  cm-1
29415.551    0.061      1822.600          059003.000162   059003.000240          1.0000  cm-1
29410.188    0.080      5452.947          059003.000334   059003.000506 P        0.0000  cm-1
29410.188    0.080      5452.947          059003.000145   059003.000215          1.0000  cm-1
29410.188    0.080      5452.947          059003.000335   059003.000513 P        0.0000  cm-1
29405.160    0.026      12691.082         059003.000172   059003.000251 P        0.0000  cm-1
29377.672    0.100      89387.083         059003.000192   059003.000292          1.0000  cm-1
29294.708    0.100      11986.605         059003.000153   059003.000224 P        0.0000  cm-1
29294.708    0.100      11986.605         059003.000190   059003.000288          1.0000  cm-1
29289.531    0.249      853857.937        059003.000127   059003.000195          1.0000  cm-1
29280.241    0.060      3398.750          059003.000336   059003.000514 P        0.0000  cm-1
29280.241    0.060      3398.750          059003.000154   059003.000223          1.0000  cm-1
29272.878    0.080      507833.430        059003.000127   059003.000194          1.0000  cm-1
29268.060    0.026      11819.274         059003.000173   059003.000251          1.0000  cm-1
29262.279    0.060      11783.113         059003.000039   059003.000177          1.0000  cm-1
29251.850    0.026      3348.004          059003.000156   059003.000223          1.0000  cm-1
29239.608    0.026      13304.933         059003.000557   059003.000529 P        0.0000  cm-1
29239.608    0.026      13304.933         059003.000037   059003.000175          1.0000  cm-1
29230.778    0.080      248292.794        059003.000161   059003.000238          1.0000  cm-1
29212.402    0.100      491713.967        059003.000336   059003.000512 P        0.0000  cm-1
29212.402    0.100      491713.967        059003.000141   059003.000206          1.0000  cm-1
29212.402    0.100      491713.967        059003.000555   059003.000526 P        0.0000  cm-1
29179.193    0.026      8049.490          059003.000034   059003.000162          1.0000  cm-1
29177.918    0.247      80439.238         059003.000286   059003.000560 P        0.0000  cm-1
29177.918    0.247      80439.238         059003.000150   059003.000220          1.0000  cm-1
29171.522    0.100      801601.230        059003.000556   059003.000526 P        0.0000  cm-1
29171.522    0.100      801601.230        059003.000134   059003.000196          1.0000  cm-1
29171.522    0.100      801601.230        059003.000339   059003.000517 P        0.0000  cm-1
29164.258    0.060      6387.499          059003.000337   059003.000514 P        0.0000  cm-1
29164.258    0.060      6387.499          059003.000448   059003.000563          1.0000  cm-1
29151.128    0.100      3170.940          059003.000151   059003.000220          1.0000  cm-1
29144.232    0.100      9476.985          059003.000165   059003.000239          1.0000  cm-1
29092.239    0.100      460452.989        059003.000141   059003.000205          1.0000  cm-1
29056.178    0.100      225641.539        059003.000144   059003.000209 P        0.0000  cm-1
29056.178    0.100      225641.539        059003.000150   059003.000218          1.0000  cm-1
29016.833    0.100      73565.779         059003.000149   059003.000216          1.0000  cm-1
29016.833    0.100      73565.779         059003.000150   059003.000217 P        0.0000  cm-1
28982.311    0.025      7213.685          059003.000036   059003.000168          1.0000  cm-1
28952.641    0.100      42553.044         059003.000165   059003.000238          1.0000  cm-1
28943.220    0.080      98753.860         059003.000145   059003.000211          1.0000  cm-1
28873.162    0.100      1354.550          059003.000190   059003.000287          1.0000  cm-1
28870.930    0.100      1352.781          059003.000192   059003.000290          1.0000  cm-1
28774.448    0.100      25554.835         059003.000141   059003.000203          1.0000  cm-1
28774.448    0.100      25554.835         059003.000439   059003.000337 P        0.0000  cm-1
28767.907    0.080      5091.017          059003.000145   059003.000210          1.0000  cm-1
28744.182    0.025      7528.619          059003.000146   059003.000211          1.0000  cm-1
28718.489    0.500      1235.484          059003.000001   059003.000126 P        0.0000  cm-1
28718.489    0.500      1235.484          059003.000554   059003.000521 P        0.0000  cm-1
28718.489    0.500      1235.484          059003.000189   059003.000443          1.0000  cm-1
28701.019    0.025      4889.942          059003.000144   059003.000207          1.0000  cm-1
28654.973    0.025      4754.678          059003.000167   059003.000238          1.0000  cm-1
28599.497    0.237      4595.174          059003.000150   059003.000216          1.0000  cm-1
28596.222    0.237      1146.469          059003.000341   059003.000515 P        0.0000  cm-1
28596.222    0.237      1146.469          059003.000307   059003.000565          0.8627  cm-1
28596.222    0.237      1146.469          059003.000141   059003.000202          0.1373  cm-1
28596.222    0.237      1146.469          059003.000341   059003.000516 P        0.0000  cm-1
28568.862    0.024      9017.449          059003.000146   059003.000210          1.0000  cm-1
28508.822    0.057      16285.063         059003.000190   059003.000444 P        0.0000  cm-1
28504.369    0.024      2165.275          059003.000173   059003.000244          1.0000  cm-1
28488.848    0.100      3216.334          059003.000188   059003.000284          1.0000  cm-1
28488.848    0.100      3216.334          059003.000350   059003.000613 P        0.0000  cm-1
28477.568    0.080      21290.179         059003.000148   059003.000211          0.1906  cm-1
28477.568    0.080      21290.179         059003.000189   059003.000284          0.8094  cm-1
28470.828    0.024      2119.972          059003.000176   059003.000435          1.0000  cm-1
28461.553    0.057      4215.136          059003.000173   059003.000243          1.0000  cm-1
28434.460    0.100      1035.824          059003.000341   059003.000512 P        0.0000  cm-1
28434.460    0.100      1035.824          059003.000150   059003.000215          1.0000  cm-1
28420.992    0.024      2053.963          059003.000155   059003.000431          1.0000  cm-1
28384.560    0.100      30100.440         059003.000149   059003.000211          1.0000  cm-1
28379.728    0.100      30007.329         059003.000140   059003.000201          1.0000  cm-1
28339.123    0.056      19489.140         059003.000153   059003.000220          0.9376  cm-1
28339.123    0.056      19489.140         059003.000131   059003.000195          0.0624  cm-1
28322.699    0.100      8677.563          059003.000131   059003.000194          0.1531  cm-1
28322.699    0.100      8677.563          059003.000165   059003.000234          0.8469  cm-1
28322.699    0.100      8677.563          059003.000151   059003.000213 P        0.0000  cm-1
28304.783    0.056      1906.105          059003.000363   059003.000622 P        0.0000  cm-1
28304.783    0.056      1906.105          059003.000106   059003.000193          1.0000  cm-1
28302.363    0.080      1903.116          059003.000339   059003.000424 P        0.0000  cm-1
28302.363    0.080      1903.116          059003.000148   059003.000210          1.0000  cm-1
28216.718    0.056      17996.969         059003.000153   059003.000218          1.0000  cm-1
28216.718    0.056      17996.969         059003.000165   059003.000233 P        0.0000  cm-1
28207.712    0.024      3578.175          059003.000146   059003.000208          1.0000  cm-1
28192.232    0.100      5312.911          059003.000149   059003.000209          1.0000  cm-1
28177.151    0.024      2630.195          059003.000153   059003.000217          1.0000  cm-1
28084.999    0.024      1649.538          059003.000187   059003.000280          1.0000  cm-1
28084.999    0.024      1649.538          059003.000348   059003.000529 P        0.0000  cm-1
28058.072    0.080      20251.928         059003.000142   059003.000201          1.0000  cm-1
28047.162    0.100      24125.621         059003.000188   059003.000282          1.0000  cm-1
28035.839    0.080      7183.012          059003.000189   059003.000282          1.0000  cm-1
28019.712    0.228      789.528           059003.000190   059003.000283          1.0000  cm-1
28019.712    0.228      789.528           059003.000342   059003.000511 P        0.0000  cm-1
28019.712    0.228      789.528           059003.000338   059003.000504 P        0.0000  cm-1
28015.622    0.024      1574.727          059003.000160   059003.000224          1.0000  cm-1
27990.500    0.024      774.178           059003.000438   059003.000543 P        0.0000  cm-1
27967.532    0.055      1524.577          059003.000158   059003.000220          0.1387  cm-1
27967.532    0.055      1524.577          059003.000150   059003.000211          0.8613  cm-1
27950.081    0.023      6780.245          059003.000315   059003.000416 P        0.0000  cm-1
27950.081    0.023      6780.245          059003.000166   059003.000230          1.0000  cm-1
27950.081    0.023      6780.245          059003.000559   059003.000522 P        0.0000  cm-1
27945.783    0.080      6009.404          059003.000142   059003.000200          1.0000  cm-1
27945.783    0.080      6009.404          059003.000341   059003.000508 P        0.0000  cm-1
27941.231    0.080      5242.071          059003.000352   059003.000614 P        0.0000  cm-1
27941.231    0.080      5242.071          059003.000352   059003.000613 P        0.0000  cm-1
27941.231    0.080      5242.071          059003.000148   059003.000208          1.0000  cm-1
27888.650    0.023      6503.852          059003.000077   059003.000186          1.0000  cm-1
27848.051    0.100      5623.697          059003.000149   059003.000208          1.0000  cm-1
27848.051    0.100      5623.697          059003.000548   059003.000512 P        0.0000  cm-1
27836.783    0.225      20927.483         059003.000149   059003.000207          1.0000  cm-1
27836.783    0.225      20927.483         059003.000184   059003.000436 P        0.0000  cm-1
27835.460    0.023      2787.814          059003.000037   059003.000163          1.0000  cm-1
27807.750    0.023      1367.781          059003.000056   059003.000180          1.0000  cm-1
27760.662    0.023      4635.376          059003.000153   059003.000216          1.0000  cm-1
27760.662    0.023      4635.376          059003.000281   059003.000549 P        0.0000  cm-1
27744.278    0.023      4583.568          059003.000038   059003.000163          1.0000  cm-1
27715.441    0.100      2567.807          059003.000192   059003.000287          1.0000  cm-1
27683.040    0.023      627.797           059003.000111   059003.000193          1.0000  cm-1
27665.802    0.023      620.384           059003.000172   059003.000237          1.0000  cm-1
27664.059    0.023      619.639           059003.000317   059003.000417 P        0.0000  cm-1
27659.728    0.080      617.791           059003.000139   059003.000197          1.0000  cm-1
27544.803    0.053      570.611           059003.000156   059003.000214          0.0438  cm-1
27544.803    0.053      570.611           059003.000077   059003.000185          0.9562  cm-1
27508.802    0.053      5008.950          059003.000154   059003.000213          1.0000  cm-1
27446.761    0.023      3198.595          059003.000164   059003.000226          1.0000  cm-1
27443.332    0.053      4786.485          059003.000190   059003.000280 P        0.0000  cm-1
27440.789    0.080      530.893           059003.000548   059003.000510 P        0.0000  cm-1
27440.789    0.080      530.893           059003.000133   059003.000195          1.0000  cm-1
27431.013    0.100      4745.714          059003.000150   059003.000208          1.0000  cm-1
27423.731    0.023      524.642           059003.000547   059003.000503 P        0.0000  cm-1
27399.033    0.023      515.718           059003.000452   059003.000563 P        0.0000  cm-1
27389.111    0.023      2048.703          059003.000358   059003.000619 P        0.0000  cm-1
27389.111    0.023      2048.703          059003.000158   059003.000216          1.0000  cm-1
27380.320    0.022      509.057           059003.000001   059003.000120          1.0000  cm-1
27380.320    0.022      509.057           059003.000358   059003.000618 P        0.0000  cm-1
27368.628    0.022      4544.451          059003.000348   059003.000522 P        0.0000  cm-1
27362.619    0.022      90510.401         059003.000166   059003.000226          1.0000  cm-1
27357.528    0.022      4008.481          059003.000548   059003.000508 P        0.0000  cm-1
27357.528    0.022      4008.481          059003.000152   059003.000207          1.0000  cm-1
27351.480    0.022      3991.672          059003.000192   059003.000444          1.0000  cm-1
27350.513    0.022      1994.496          059003.000177   059003.000244          1.0000  cm-1
27322.358    0.022      1466.896          059003.000560   059003.000521 P        0.0000  cm-1
27322.358    0.022      1466.896          059003.000031   059003.000126          1.0000  cm-1
27298.589    0.022      4809.583          059003.000179   059003.000264          1.0000  cm-1
27298.589    0.022      4809.583          059003.000285   059003.000343 P        0.0000  cm-1
27298.589    0.022      4809.583          059003.000546   059003.000502 P        0.0000  cm-1
27267.659    0.080      941.476           059003.000148   059003.000205          1.0000  cm-1
27265.561    0.022      470.053           059003.000164   059003.000225          1.0000  cm-1
27260.163    0.052      1873.178          059003.000550   059003.000509 P        0.0000  cm-1
27257.911    0.022      935.126           059003.000284   059003.000552          1.0000  cm-1
27237.387    0.022      921.900           059003.000186   059003.000438          1.0000  cm-1
27220.832    0.022      3645.486          059003.000164   059003.000223          1.0000  cm-1
27208.707    0.100      1807.479          059003.000165   059003.000224          1.0000  cm-1
27203.441    0.022      450.223           059003.000159   059003.000216          1.0000  cm-1
27197.737    0.022      2242.229          059003.000144   059003.000201          1.0000  cm-1
27187.262    0.022      445.201           059003.000320   059003.000415 P        0.0000  cm-1
27179.820    0.100      13287.340         059003.000134   059003.000195          1.0000  cm-1
27174.781    0.022      13241.032         059003.000154   059003.000212          1.0000  cm-1
27163.478    0.100      1313.777          059003.000134   059003.000194          1.0000  cm-1
27157.810    0.022      436.210           059003.000112   059003.000193          1.0000  cm-1
27150.988    0.022      434.155           059003.000065   059003.000183          1.0000  cm-1
27150.988    0.022      434.155           059003.000342   059003.000502 P        0.0000  cm-1
27150.988    0.022      434.155           059003.000191   059003.000281 P        0.0000  cm-1
27150.988    0.022      434.155           059003.000562   059003.000533 P        0.0000  cm-1
27146.337    0.022      1298.279          059003.000156   059003.000212          1.0000  cm-1
27138.561    0.022      1721.749          059003.000001   059003.000119          1.0000  cm-1
27116.360    0.051      3814.911          059003.000155   059003.000211          1.0000  cm-1
27094.033    0.022      417.390           059003.000041   059003.000174          1.0000  cm-1
27085.380    0.051      4149.042          059003.000144   059003.000200          1.0000  cm-1
27085.380    0.051      4149.042          059003.000549   059003.000506 P        0.0000  cm-1
27076.393    0.022      412.339           059003.000545   059003.000500 P        0.0000  cm-1
27075.081    0.022      411.966           059003.000180   059003.000264          1.0000  cm-1
27059.920    0.022      815.361           059003.000160   059003.000220          1.0000  cm-1
27059.467    0.022      1630.213          059003.000036   059003.000159          1.0000  cm-1
27009.870    0.051      787.747           059003.000171   059003.000230          1.0000  cm-1
26982.650    0.022      386.579           059003.000173   059003.000231          1.0000  cm-1
26979.039    0.022      385.623           059003.000552   059003.000425          1.0000  cm-1
26953.479    0.100      3410.345          059003.000141   059003.000197          1.0000  cm-1
26953.479    0.100      3410.345          059003.000153   059003.000210 P        0.0000  cm-1
26937.833    0.051      749.785           059003.000282   059003.000342 P        0.0000  cm-1
26937.833    0.051      749.785           059003.000160   059003.000218 P        0.0000  cm-1
26898.123    0.051      1094.596          059003.000167   059003.000223          1.0000  cm-1
26898.123    0.051      1094.596          059003.000160   059003.000217 P        0.0000  cm-1
26822.501    0.050      346.599           059003.000554   059003.000512 P        0.0000  cm-1
26822.501    0.050      346.599           059003.000184   059003.000268 P        0.0000  cm-1
26784.121    0.050      337.732           059003.000308   059003.000565          1.0000  cm-1
26756.773    0.208      994.724           059003.000158   059003.000211          1.0000  cm-1
26756.773    0.208      994.724           059003.000552   059003.000505 P        0.0000  cm-1
26756.773    0.208      994.724           059003.000282   059003.000340 P        0.0000  cm-1
26730.248    0.021      2280.102          059003.000550   059003.000504 P        0.0000  cm-1
26730.248    0.021      2280.102          059003.000151   059003.000205          1.0000  cm-1
26693.503    0.021      635.664           059003.000146   059003.000201          1.0000  cm-1
26645.843    0.021      615.861           059003.000115   059003.000193          1.0000  cm-1
26633.023    0.021      1221.325          059003.000180   059003.000261          1.0000  cm-1
26597.802    0.050      298.328           059003.000180   059003.000260 P        0.0000  cm-1
26597.802    0.050      298.328           059003.000557   059003.000512 P        0.0000  cm-1
26581.203    0.021      590.195           059003.000146   059003.000200          1.0000  cm-1
26579.973    0.049      589.720           059003.000147   059003.000201 P        0.0000  cm-1
26579.973    0.049      589.720           059003.000155   059003.000208          1.0000  cm-1
26569.019    0.021      1756.522          059003.000155   059003.000207          1.0000  cm-1
26564.310    0.205      291.854           059003.000158   059003.000209          1.0000  cm-1
26529.699    0.021      1141.392          059003.000040   059003.000167          1.0000  cm-1
26491.173    0.021      278.322           059003.000445   059003.000560 P        0.0000  cm-1
26491.173    0.021      278.322           059003.000305   059003.000564 P        0.0000  cm-1
26487.082    0.021      832.769           059003.000439   059003.000326 P        0.0000  cm-1
26422.387    0.049      2396.958          059003.000171   059003.000226          1.0000  cm-1
26415.333    0.021      1060.550          059003.000172   059003.000226          1.0000  cm-1
26415.333    0.021      1060.550          059003.000291   059003.000557 P        0.0000  cm-1
26332.547    0.049      1510.097          059003.000146   059003.000199          1.0000  cm-1
26332.547    0.049      1510.097          059003.000556   059003.000510 P        0.0000  cm-1
26314.727    0.021      248.910           059003.000148   059003.000200          1.0000  cm-1
26311.532    0.021      248.417           059003.000558   059003.000513 P        0.0000  cm-1
26285.901    0.100      978.058           059003.000192   059003.000280          1.0000  cm-1
26261.631    0.100      722.696           059003.000548   059003.000500 P        0.0000  cm-1
26261.631    0.100      722.696           059003.000150   059003.000202          1.0000  cm-1
26252.941    0.108      239.623           059003.000165   059003.000220          1.0000  cm-1
26247.400    0.021      2388.142          059003.000038   059003.000159          1.0000  cm-1
26221.570    0.100      940.388           059003.000149   059003.000200          1.0000  cm-1
26211.108    0.021      467.231           059003.000043   059003.000175          1.0000  cm-1
26189.410    0.021      13835.178         059003.000172   059003.000223          1.0000  cm-1
26172.562    0.021      1826.198          059003.000181   059003.000264          1.0000  cm-1
26163.578    0.021      1589.394          059003.000164   059003.000219          1.0000  cm-1
26163.578    0.021      1589.394          059003.000557   059003.000509 P        0.0000  cm-1
26157.983    0.021      1810.419          059003.000039   059003.000160 P        0.0000  cm-1
26152.888    0.021      225.619           059003.000347   059003.000513 P        0.0000  cm-1
26152.888    0.021      225.619           059003.000037   059003.000158          1.0000  cm-1
26130.813    0.100      2004.258          059003.000165   059003.000218          1.0000  cm-1
26130.813    0.100      2004.258          059003.000554   059003.000506 P        0.0000  cm-1
26036.588    0.020      421.718           059003.000154   059003.000206          1.0000  cm-1
26008.111    0.047      414.962           059003.000346   059003.000506 P        0.0000  cm-1
26008.111    0.047      414.962           059003.000156   059003.000206          1.0000  cm-1
26000.070    0.047      1032.718          059003.000144   059003.000198          1.0000  cm-1
25916.540    0.020      2958.258          059003.000324   059003.000415 P        0.0000  cm-1
25916.540    0.020      2958.258          059003.000154   059003.000205          1.0000  cm-1
25895.212    0.047      779.816           059003.000153   059003.000204          1.0000  cm-1
25887.328    0.500      11647.753         059003.000156   059003.000205 P        0.0000  cm-1
25887.328    0.500      11647.753         059003.000188   059003.000441          1.0000  cm-1
25887.328    0.500      11647.753         059003.000362   059003.000607 P        0.0000  cm-1
25887.328    0.500      11647.753         059003.000274   059003.000321 P        0.0000  cm-1
25876.023    0.500      1157.746          059003.000345   059003.000503 P        0.0000  cm-1
25876.023    0.500      1157.746          059003.000189   059003.000441          1.0000  cm-1
25876.023    0.500      1157.746          059003.000186   059003.000436 P        0.0000  cm-1
25876.023    0.500      1157.746          059003.000042   059003.000169 P        0.0000  cm-1
25860.100    0.020      382.659           059003.000554   059003.000504 P        0.0000  cm-1
25795.563    0.047      184.990           059003.000035   059003.000151          1.0000  cm-1
25787.288    0.020      552.619           059003.000161   059003.000215          1.0000  cm-1
25780.371    0.020      183.557           059003.000554   059003.000503 P        0.0000  cm-1
25763.821    0.020      546.062           059003.000326   059003.000416 P        0.0000  cm-1
25739.148    0.046      359.558           059003.000327   059003.000418 P        0.0000  cm-1
25732.983    0.020      1792.278          059003.000038   059003.000157          1.0000  cm-1
25691.767    0.100      1405.067          059003.000183   059003.000261          1.0000  cm-1
25691.767    0.100      1405.067          059003.000364   059003.000617 P        0.0000  cm-1
25691.767    0.100      1405.067          059003.000352   059003.000597 P        0.0000  cm-1
25657.663    0.046      345.553           059003.000347   059003.000508 P        0.0000  cm-1
25640.338    0.020      1199.556          059003.000121   059003.000193          1.0000  cm-1
25598.708    0.020      1680.822          059003.000154   059003.000203          1.0000  cm-1
25555.970    0.020      659.472           059003.000150   059003.000199 P        0.0000  cm-1
25548.669    0.500      1314.677          059003.000327   059003.000416 P        0.0000  cm-1
25548.669    0.500      1314.677          059003.000439   059003.000323 P        0.0000  cm-1
25495.789    0.020      963.623           059003.000146   059003.000198          1.0000  cm-1
25495.789    0.020      963.623           059003.000560   059003.000514 P        0.0000  cm-1
25448.022    0.045      314.864           059003.000348   059003.000513 P        0.0000  cm-1
25448.022    0.045      314.864           059003.000354   059003.000594          1.0000  cm-1
25429.659    0.019      2343.921          059003.000166   059003.000214          1.0000  cm-1
25414.508    0.019      1242.528          059003.000562   059003.000528 P        0.0000  cm-1
25409.837    0.045      155.028           059003.000001   059003.000111          1.0000  cm-1
25340.662    0.019      452.899           059003.000145   059003.000196          1.0000  cm-1
25340.662    0.019      452.899           059003.000558   059003.000504 P        0.0000  cm-1
25318.869    0.186      1198.108          059003.000051   059003.000177          1.0000  cm-1
25318.869    0.186      1198.108          059003.000366   059003.000618 P        0.0000  cm-1
25216.339    0.019      144.586           059003.000445   059003.000346 P        0.0000  cm-1
25193.214    0.500      861.154           059003.000184   059003.000264 P        0.0000  cm-1
25193.214    0.500      861.154           059003.000367   059003.000609 P        0.0000  cm-1
25193.214    0.500      861.154           059003.000555   059003.000500 P        0.0000  cm-1
25193.214    0.500      861.154           059003.000368   059003.000613 P        0.0000  cm-1
25155.623    0.019      567.545           059003.000092   059003.000185          1.0000  cm-1
25132.138    0.019      1127.315          059003.000172   059003.000219          1.0000  cm-1
25124.103    0.019      1489.396          059003.000172   059003.000218          1.0000  cm-1
25117.551    0.019      298.430           059003.000330   059003.000417 P        0.0000  cm-1
25117.551    0.019      298.430           059003.000346   059003.000500 P        0.0000  cm-1
25115.280    0.019      11198.219         059003.000164   059003.000212          1.0000  cm-1
25103.833    0.019      449.340           059003.000347   059003.000503 P        0.0000  cm-1
25095.490    0.500      225.173           059003.000191   059003.000440 P        0.0000  cm-1
25095.490    0.500      225.173           059003.000370   059003.000618 P        0.0000  cm-1
25094.968    0.019      150.136           059003.000445   059003.000554 P        0.0000  cm-1
25082.632    0.500      225.932           059003.000283   059003.000543 P        0.0000  cm-1
25044.191    0.500      304.095           059003.000330   059003.000416 P        0.0000  cm-1
25044.191    0.500      304.095           059003.000329   059003.000415 P        0.0000  cm-1
25042.950    0.500      304.183           059003.000165   059003.000211          1.0000  cm-1
25042.950    0.500      304.183           059003.000370   059003.000614 P        0.0000  cm-1
25042.950    0.500      304.183           059003.000370   059003.000613 P        0.0000  cm-1
25006.280    0.019      306.655           059003.000348   059003.000509 P        0.0000  cm-1
25006.280    0.019      306.655           059003.000179   059003.000255          1.0000  cm-1
24991.690    0.120      15378.638         059003.000560   059003.000509 P        0.0000  cm-1
24991.690    0.120      15378.638         059003.000035   059003.000146          1.0000  cm-1
24986.919    0.019      615.729           059003.000173   059003.000218          1.0000  cm-1
24986.919    0.019      615.729           059003.000563   059003.000536 P        0.0000  cm-1
24933.308    0.044      155.431           059003.000044   059003.000168 P        0.0000  cm-1
24925.047    0.500      233.458           059003.000468   059003.000614 P        0.0000  cm-1
24925.047    0.500      233.458           059003.000468   059003.000613 P        0.0000  cm-1
24913.503    0.019      779.594           059003.000038   059003.000152          1.0000  cm-1
24894.949    0.043      156.344           059003.000047   059003.000174          1.0000  cm-1
24878.723    0.019      7051.046          059003.000039   059003.000153          1.0000  cm-1
24866.922    0.019      470.780           059003.000165   059003.000210 P        0.0000  cm-1
24809.323    0.018      14211.022         059003.000033   059003.000129          1.0000  cm-1
24803.938    0.043      315.952           059003.000559   059003.000502 P        0.0000  cm-1
24792.521    0.018      553.447           059003.000167   059003.000212 P        0.0000  cm-1
24792.521    0.018      553.447           059003.000035   059003.000145          1.0000  cm-1
24719.230    0.018      555.879           059003.000150   059003.000198          1.0000  cm-1
24686.440    0.018      635.915           059003.000156   059003.000199          1.0000  cm-1
24671.373    0.018      159.019           059003.000162   059003.000207          1.0000  cm-1
24669.189    0.018      477.068           059003.000284   059003.000333 P        0.0000  cm-1
24593.417    0.500      556.194           059003.000158   059003.000200          1.0000  cm-1
24593.417    0.500      556.194           059003.000348   059003.000505 P        0.0000  cm-1
24593.417    0.500      556.194           059003.000151   059003.000197 P        0.0000  cm-1
24593.417    0.500      556.194           059003.000563   059003.000535 P        0.0000  cm-1
24586.528    0.500      79.439            059003.000452   059003.000561 P        0.0000  cm-1
24586.528    0.500      79.439            059003.000334   059003.000497 P        0.0000  cm-1
24576.368    0.042      79.410            059003.000333   059003.000416 P        0.0000  cm-1
24498.063    0.080      316.186           059003.000142   059003.000194          1.0000  cm-1
24489.399    0.018      394.955           059003.000171   059003.000214          1.0000  cm-1
24487.157    0.018      1184.644          059003.000032   059003.000120          1.0000  cm-1
24477.101    0.018      78.908            059003.000348   059003.000504 P        0.0000  cm-1
24458.292    0.018      630.148           059003.000179   059003.000251          1.0000  cm-1
24417.839    0.018      548.969           059003.000172   059003.000213 P        0.0000  cm-1
24365.417    0.018      623.114           059003.000173   059003.000215          1.0000  cm-1
24364.922    0.100      389.419           059003.000150   059003.000196          1.0000  cm-1
24350.620    0.042      388.604           059003.000458   059003.000429 P        0.0000  cm-1
24307.110    0.018      1543.659          059003.000179   059003.000250          1.0000  cm-1
24259.977    0.041      2295.938          059003.000055   059003.000177          1.0000  cm-1
24195.251    0.018      604.220           059003.000176   059003.000216          1.0000  cm-1
24187.582    0.041      527.805           059003.000038   059003.000147          1.0000  cm-1
24171.991    0.018      150.276           059003.000181   059003.000256 P        0.0000  cm-1
24170.173    0.041      225.321           059003.000374   059003.000621          1.0000  cm-1
24165.242    0.041      450.134           059003.000037   059003.000146 P        0.0000  cm-1
24165.242    0.041      450.134           059003.000051   059003.000173 P        0.0000  cm-1
24133.421    0.017      6701.482          059003.000349   059003.000583          1.0000  cm-1
24121.693    0.017      8909.712          059003.000179   059003.000248          1.0000  cm-1
24110.240    0.041      592.289           059003.000161   059003.000205          0.8426  cm-1
24110.240    0.041      592.289           059003.000349   059003.000581          0.1574  cm-1
24107.718    0.041      739.891           059003.000374   059003.000616 P        0.0000  cm-1
24107.718    0.041      739.891           059003.000349   059003.000580          1.0000  cm-1
24106.787    0.041      591.774           059003.000443   059003.000332 P        0.0000  cm-1
24106.787    0.041      591.774           059003.000349   059003.000579          1.0000  cm-1
24102.079    0.017      6649.511          059003.000374   059003.000615          1.0000  cm-1
24098.959    0.017      442.948           059003.000349   059003.000578          1.0000  cm-1
24092.413    0.017      1105.510          059003.000350   059003.000582          1.0000  cm-1
24092.413    0.017      1105.510          059003.000348   059003.000501 P        0.0000  cm-1
24087.289    0.017      441.618           059003.000161   059003.000204          1.0000  cm-1
24083.812    0.017      735.363           059003.000172   059003.000212 P        0.0000  cm-1
24075.148    0.017      586.952           059003.000180   059003.000249          1.0000  cm-1
24071.937    0.017      1832.663          059003.000350   059003.000581 P        0.0000  cm-1
24070.870    0.017      1465.714          059003.000445   059003.000548 P        0.0000  cm-1
24070.870    0.017      1465.714          059003.000374   059003.000610          1.0000  cm-1
24062.323    0.041      219.355           059003.000374   059003.000608          1.0000  cm-1
24039.481    0.017      145.326           059003.000039   059003.000150          1.0000  cm-1
24031.981    0.040      290.045           059003.000043   059003.000160          1.0000  cm-1
24025.317    0.017      361.877           059003.000375   059003.000614          1.0000  cm-1
24002.272    0.040      575.192           059003.000375   059003.000611          1.0000  cm-1
23997.468    0.017      574.387           059003.000375   059003.000609          1.0000  cm-1
23990.817    0.040      644.926           059003.000375   059003.000608          1.0000  cm-1
23961.720    0.017      6393.325          059003.000351   059003.000590          1.0000  cm-1
23953.544    0.040      425.158           059003.000360   059003.000601          1.0000  cm-1
23946.642    0.017      70.709            059003.000173   059003.000212          1.0000  cm-1
23929.047    0.040      210.966           059003.000360   059003.000597 P        0.0000  cm-1
23927.694    0.017      1757.303          059003.000360   059003.000596          1.0000  cm-1
23922.924    0.040      210.559           059003.000282   059003.000326 P        0.0000  cm-1
23918.027    0.017      10511.584         059003.000376   059003.000620          1.0000  cm-1
23914.919    0.017      630.071           059003.000360   059003.000594          1.0000  cm-1
23911.864    0.017      1748.487          059003.000360   059003.000592          1.0000  cm-1
23898.409    0.081      557.095           059003.000173   059003.000211          0.5111  cm-1
23898.409    0.081      557.095           059003.000180   059003.000248          0.4889  cm-1
23897.672    0.017      1392.405          059003.000351   059003.000583          1.0000  cm-1
23892.834    0.105      12511.937         059003.000166   059003.000206          1.0000  cm-1
23892.834    0.105      12511.937         059003.000561   059003.000520 P        0.0000  cm-1
23875.837    0.040      69.124            059003.000359   059003.000429 P        0.0000  cm-1
23864.203    0.017      68.857            059003.000179   059003.000247          1.0000  cm-1
23858.959    0.017      343.678           059003.000107   059003.000186          1.0000  cm-1
23856.830    0.040      1030.295          059003.000376   059003.000615          1.0000  cm-1
23819.773    0.017      16277.169         059003.000361   059003.000599 P        0.0000  cm-1
23812.490    0.017      473.549           059003.000179   059003.000245          1.0000  cm-1
23792.497    0.017      67.176            059003.000161   059003.000203          1.0000  cm-1
23789.909    0.017      1342.282          059003.000361   059003.000595          1.0000  cm-1
23788.308    0.017      1006.138          059003.000361   059003.000594          1.0000  cm-1
23785.308    0.017      536.035           059003.000361   059003.000592          1.0000  cm-1
23780.047    0.017      1671.965          059003.000336   059003.000418 P        0.0000  cm-1
23777.562    0.017      1670.479          059003.000154   059003.000197          1.0000  cm-1
23773.163    0.017      667.138           059003.000180   059003.000435          1.0000  cm-1
23754.569    0.040      331.333           059003.000362   059003.000606          1.0000  cm-1
23749.140    0.017      992.031           059003.000156   059003.000197          1.0000  cm-1
23733.197    0.039      197.248           059003.000463   059003.000596 P        0.0000  cm-1
23732.036    0.039      131.442           059003.000044   059003.000160 P        0.0000  cm-1
23693.109    0.017      7772.529          059003.000362   059003.000598          1.0000  cm-1
23693.109    0.017      7772.529          059003.000362   059003.000599 P        0.0000  cm-1
23661.180    0.017      1919.583          059003.000037   059003.000144          1.0000  cm-1
23651.803    0.039      446.283           059003.000001   059003.000097          0.6531  cm-1
23651.803    0.039      446.283           059003.000179   059003.000243          0.1811  cm-1
23651.803    0.039      446.283           059003.000179   059003.000433          0.1658  cm-1
23643.878    0.017      1906.771          059003.000052   059003.000172          1.0000  cm-1
23637.750    0.017      1268.152          059003.000144   059003.000194          1.0000  cm-1
23636.868    0.017      1901.573          059003.000052   059003.000171          1.0000  cm-1
23635.549    0.039      380.119           059003.000031   059003.000108          1.0000  cm-1
23625.887    0.017      11360.526         059003.000363   059003.000605          1.0000  cm-1
23623.837    0.017      63.063            059003.000182   059003.000253          1.0000  cm-1
23623.837    0.017      63.063            059003.000470   059003.000612 P        0.0000  cm-1
23593.976    0.017      186.969           059003.000336   059003.000416 P        0.0000  cm-1
23580.759    0.017      123.990           059003.000048   059003.000167          1.0000  cm-1
23580.759    0.017      123.990           059003.000471   059003.000611 P        0.0000  cm-1
23574.659    0.017      494.748           059003.000545   059003.000499 P        0.0000  cm-1
23569.929    0.017      123.452           059003.000038   059003.000144 P        0.0000  cm-1
23565.761    0.017      1232.453          059003.000363   059003.000598          1.0000  cm-1
23565.761    0.017      1232.453          059003.000363   059003.000599 P        0.0000  cm-1
23553.226    0.017      1839.343          059003.000399   059003.000622 P        0.0000  cm-1
23550.433    0.017      306.210           059003.000377   059003.000618          1.0000  cm-1
23547.722    0.017      917.622           059003.000352   059003.000583          1.0000  cm-1
23539.189    0.017      1828.890          059003.000164   059003.000203          1.0000  cm-1
23533.748    0.060      486.624           059003.000192   059003.000274          1.0000  cm-1
23532.833    0.039      608.053           059003.000353   059003.000586 P        0.0000  cm-1
23529.311    0.017      303.589           059003.000039   059003.000148          1.0000  cm-1
23525.807    0.017      1818.929          059003.000153   059003.000196          1.0000  cm-1
23521.910    0.039      605.343           059003.000352   059003.000580          0.7442  cm-1
23521.910    0.039      605.343           059003.000036   059003.000142          0.2558  cm-1
23521.134    0.017      2420.603          059003.000352   059003.000579          1.0000  cm-1
23480.652    0.039      1190.260          059003.000353   059003.000580          1.0000  cm-1
23475.459    0.017      534.463           059003.000377   059003.000612          1.0000  cm-1
23462.936    0.017      531.683           059003.000380   059003.000619          1.0000  cm-1
23453.997    0.039      235.423           059003.000380   059003.000618          1.0000  cm-1
23438.082    0.016      1169.290          059003.000364   059003.000601          1.0000  cm-1
23428.294    0.016      1164.489          059003.000180   059003.000243          0.1709  cm-1
23428.294    0.016      1164.489          059003.000180   059003.000433          0.8291  cm-1
23424.228    0.016      1162.497          059003.000300   059003.000347 P        0.0000  cm-1
23419.098    0.016      579.993           059003.000378   059003.000614          0.4169  cm-1
23419.098    0.016      579.993           059003.000378   059003.000613          0.5831  cm-1
23413.707    0.016      1157.350          059003.000364   059003.000597          1.0000  cm-1
23412.274    0.016      346.995           059003.000364   059003.000596          1.0000  cm-1
23396.868    0.038      1723.706          059003.000364   059003.000593          1.0000  cm-1
23391.491    0.016      286.630           059003.000379   059003.000612          1.0000  cm-1
23391.016    0.016      229.258           059003.000379   059003.000611          1.0000  cm-1
23386.179    0.016      1715.910          059003.000379   059003.000609          1.0000  cm-1
23384.839    0.016      10289.604         059003.000061   059003.000178          1.0000  cm-1
23380.158    0.038      570.509           059003.000378   059003.000607          1.0000  cm-1
23379.550    0.016      342.217           059003.000379   059003.000608          1.0000  cm-1
23375.252    0.038      512.389           059003.000381   059003.000618          1.0000  cm-1
23375.252    0.038      512.389           059003.000379   059003.000607 P        0.0000  cm-1
23361.969    0.016      283.055           059003.000338   059003.000416 P        0.0000  cm-1
23361.969    0.016      283.055           059003.000173   059003.000208          1.0000  cm-1
23350.133    0.038      506.934           059003.000381   059003.000617          0.5756  cm-1
23350.133    0.038      506.934           059003.000365   059003.000603          0.4244  cm-1
23346.763    0.016      337.470           059003.000341   059003.000499 P        0.0000  cm-1
23333.822    0.016      2237.391          059003.000040   059003.000151          1.0000  cm-1
23332.264    0.016      111.795           059003.000181   059003.000251          1.0000  cm-1
23323.462    0.016      6682.480          059003.000354   059003.000584          1.0000  cm-1
23322.707    0.016      556.693           059003.000381   059003.000614          0.3509  cm-1
23322.707    0.016      556.693           059003.000381   059003.000613          0.6491  cm-1
23319.138    0.016      1667.529          059003.000051   059003.000167          1.0000  cm-1
23319.138    0.016      1667.529          059003.000295   059003.000344 P        0.0000  cm-1
23312.672    0.016      221.722           059003.000454   059003.000561 P        0.0000  cm-1
23304.988    0.016      441.986           059003.000365   059003.000601          1.0000  cm-1
23300.290    0.038      496.233           059003.000381   059003.000612          1.0000  cm-1
23292.066    0.016      1648.282          059003.000354   059003.000579          1.0000  cm-1
23280.533    0.038      328.028           059003.000365   059003.000597          1.0000  cm-1
23265.847    0.016      434.619           059003.000400   059003.000622          1.0000  cm-1
23265.847    0.016      434.619           059003.000547   059003.000498 P        0.0000  cm-1
23262.771    0.016      325.534           059003.000039   059003.000146          1.0000  cm-1
23257.781    0.016      433.115           059003.000131   059003.000193 P        0.0000  cm-1
23248.354    0.016      53.920            059003.000038   059003.000143          1.0000  cm-1
23238.817    0.016      429.598           059003.000295   059003.000343 P        0.0000  cm-1
23232.972    0.048      1606.951          059003.000186   059003.000264          1.0000  cm-1
23225.184    0.038      427.088           059003.000360   059003.000429 P        0.0000  cm-1
23225.184    0.038      427.088           059003.000307   059003.000563          1.0000  cm-1
23211.608    0.038      477.679           059003.000177   059003.000215 P        0.0000  cm-1
23211.608    0.038      477.679           059003.000355   059003.000587          1.0000  cm-1
23202.089    0.038      475.730           059003.000032   059003.000114          1.0000  cm-1
23202.089    0.038      475.730           059003.000281   059003.000322 P        0.0000  cm-1
23185.709    0.038      472.398           059003.000355   059003.000585          1.0000  cm-1
23161.247    0.016      4674.719          059003.000383   059003.000616          0.3402  cm-1
23161.247    0.016      4674.719          059003.000356   059003.000591          0.6598  cm-1
23138.292    0.037      257.171           059003.000357   059003.000588          1.0000  cm-1
23134.689    0.016      359.487           059003.000185   059003.000261          1.0000  cm-1
23133.919    0.016      154.015           059003.000183   059003.000249          1.0000  cm-1
23133.448    0.016      102.656           059003.000175   059003.000208          1.0000  cm-1
23124.277    0.037      511.278           059003.000043   059003.000158          0.6850  cm-1
23124.277    0.037      511.278           059003.000383   059003.000610          0.3150  cm-1
23124.277    0.037      511.278           059003.000561   059003.000515 P        0.0000  cm-1
23122.333    0.016      1277.138          059003.000383   059003.000609          1.0000  cm-1
23117.651    0.037      203.935           059003.000340   059003.000418 P        0.0000  cm-1
23115.679    0.016      203.764           059003.000383   059003.000608          1.0000  cm-1
23112.328    0.016      1271.714          059003.000357   059003.000586          1.0000  cm-1
23111.242    0.037      101.690           059003.000383   059003.000607          1.0000  cm-1
23110.093    0.016      203.281           059003.000056   059003.000176          1.0000  cm-1
23098.540    0.016      455.145           059003.000356   059003.000584          1.0000  cm-1
23085.162    0.016      1508.583          059003.000366   059003.000604          0.7881  cm-1
23085.162    0.016      1508.583          059003.000366   059003.000603          0.2119  cm-1
23083.643    0.016      150.761           059003.000384   059003.000619          1.0000  cm-1
23083.643    0.016      150.761           059003.000357   059003.000582 P        0.0000  cm-1
23063.179    0.633      448.399           059003.000039   059003.000145 P        0.0000  cm-1
23063.179    0.633      448.399           059003.000366   059003.000602          0.6313  cm-1
23063.179    0.633      448.399           059003.000357   059003.000581          0.1263  cm-1
23063.179    0.633      448.399           059003.000180   059003.000240          0.2424  cm-1
23033.747    0.016      295.269           059003.000547   059003.000418 P        0.0000  cm-1
23026.673    0.016      1226.665          059003.000562   059003.000517 P        0.0000  cm-1
23026.673    0.016      1226.665          059003.000446   059003.000554 P        0.0000  cm-1
23023.546    0.016      294.017           059003.000163   059003.000201 P        0.0000  cm-1
23023.546    0.016      294.017           059003.000544   059003.000414 P        0.0000  cm-1
23010.281    0.037      243.668           059003.000044   059003.000159          1.0000  cm-1
23001.361    0.016      1213.856          059003.000341   059003.000418 P        0.0000  cm-1
22999.260    0.016      194.049           059003.000179   059003.000238          1.0000  cm-1
22994.537    0.016      435.760           059003.000182   059003.000248          1.0000  cm-1
22994.537    0.016      435.760           059003.000457   059003.000567 P        0.0000  cm-1
22992.293    0.016      435.357           059003.000447   059003.000556 P        0.0000  cm-1
22989.243    0.016      96.625            059003.000368   059003.000602          0.2148  cm-1
22989.243    0.016      96.625            059003.000367   059003.000599          0.7852  cm-1
22986.157    0.016      965.023           059003.000358   059003.000588          1.0000  cm-1
22970.681    0.016      383.570           059003.000367   059003.000596          1.0000  cm-1
22965.732    0.016      239.248           059003.000368   059003.000601          1.0000  cm-1
22960.200    0.016      381.936           059003.000358   059003.000586          1.0000  cm-1
22959.467    0.016      2863.664          059003.000367   059003.000595          1.0000  cm-1
22957.842    0.037      190.785           059003.000295   059003.000551 P        0.0000  cm-1
22957.842    0.037      190.785           059003.000367   059003.000594          1.0000  cm-1
22952.613    0.096      475.951           059003.000171   059003.000206          1.0000  cm-1
22950.284    0.016      47.550            059003.000189   059003.000269 P        0.0000  cm-1
22945.839    0.037      237.324           059003.000172   059003.000206 P        0.0000  cm-1
22944.522    0.016      332.077           059003.000547   059003.000497 P        0.0000  cm-1
22941.294    0.016      189.511           059003.000368   059003.000597          1.0000  cm-1
22940.152    0.016      331.492           059003.000474   059003.000614 P        0.0000  cm-1
22940.152    0.016      331.492           059003.000474   059003.000613 P        0.0000  cm-1
22931.423    0.016      188.760           059003.000340   059003.000416 P        0.0000  cm-1
22931.423    0.016      188.760           059003.000358   059003.000582          1.0000  cm-1
22931.423    0.016      188.760           059003.000446   059003.000345 P        0.0000  cm-1
22916.737    0.037      281.481           059003.000385   059003.000617          1.0000  cm-1
22907.652    0.037      140.233           059003.000458   059003.000582          0.1477  cm-1
22907.652    0.037      140.233           059003.000369   059003.000597          0.8523  cm-1
22906.251    0.016      233.592           059003.000369   059003.000596          1.0000  cm-1
22890.941    0.016      417.930           059003.000369   059003.000593          1.0000  cm-1
22889.228    0.037      324.838           059003.000385   059003.000614          1.0000  cm-1
22889.228    0.037      324.838           059003.000385   059003.000613 P        0.0000  cm-1
22876.008    0.037      92.332            059003.000562   059003.000514 P        0.0000  cm-1
22876.008    0.037      92.332            059003.000458   059003.000578 P        0.0000  cm-1
22876.008    0.037      92.332            059003.000545   059003.000414 P        0.0000  cm-1
22866.266    0.016      413.921           059003.000385   059003.000611          1.0000  cm-1
22853.134    0.016      320.309           059003.000386   059003.000618          1.0000  cm-1
22829.901    0.016      362.832           059003.000304   059003.000561 P        0.0000  cm-1
22825.574    0.070      4075.184          059003.000172   059003.000205          1.0000  cm-1
22816.990    0.016      4062.020          059003.000372   059003.000606          1.0000  cm-1
22816.376    0.016      315.862           059003.000371   059003.000604          0.3804  cm-1
22816.376    0.016      315.862           059003.000370   059003.000601          0.6196  cm-1
22816.376    0.016      315.862           059003.000371   059003.000603 P        0.0000  cm-1
22814.637    0.036      135.281           059003.000341   059003.000416 P        0.0000  cm-1
22814.637    0.036      135.281           059003.000562   059003.000513 P        0.0000  cm-1
22800.972    0.016      44.864            059003.000037   059003.000142          1.0000  cm-1
22791.907    0.016      223.570           059003.000370   059003.000597          1.0000  cm-1
22790.810    0.069      402.262           059003.000186   059003.000261          1.0000  cm-1
22790.499    0.016      402.216           059003.000370   059003.000596          1.0000  cm-1
22789.023    0.016      312.665           059003.000563   059003.000529 P        0.0000  cm-1
22786.390    0.036      223.116           059003.000341   059003.000415 P        0.0000  cm-1
22775.831    0.016      177.804           059003.000180   059003.000238          1.0000  cm-1
22775.188    0.016      222.203           059003.000370   059003.000593          1.0000  cm-1
22773.897    0.100      355.358           059003.000149   059003.000194          1.0000  cm-1
22764.697    0.036      1328.157          059003.000043   059003.000155          1.0000  cm-1
22727.631    0.036      218.462           059003.000373   059003.000604 P        0.0000  cm-1
22727.631    0.036      218.462           059003.000373   059003.000603          1.0000  cm-1
22715.837    0.015      261.082           059003.000460   059003.000589          1.0000  cm-1
22715.367    0.015      174.027           059003.000090   059003.000182          0.1134  cm-1
22715.367    0.015      174.027           059003.000179   059003.000236          0.8866  cm-1
22709.980    0.015      86.852            059003.000364   059003.000429 P        0.0000  cm-1
22709.391    0.015      130.252           059003.000054   059003.000169          0.2770  cm-1
22709.391    0.015      130.252           059003.000461   059003.000589          0.7230  cm-1
22708.122    0.036      303.788           059003.000460   059003.000588          1.0000  cm-1
22706.013    0.036      303.568           059003.000373   059003.000602          1.0000  cm-1
22703.209    0.036      86.651            059003.000467   059003.000594          1.0000  cm-1
22700.698    0.036      173.153           059003.000467   059003.000593          1.0000  cm-1
22699.372    0.015      129.806           059003.000296   059003.000550 P        0.0000  cm-1
22698.668    0.015      43.258            059003.000293   059003.000544 P        0.0000  cm-1
22696.617    0.015      5187.397          059003.000052   059003.000166          1.0000  cm-1
22688.410    0.015      215.543           059003.000549   059003.000499 P        0.0000  cm-1
22688.410    0.015      215.543           059003.000173   059003.000205 P        0.0000  cm-1
22686.398    0.074      215.398           059003.000181   059003.000245          1.0000  cm-1
22685.233    0.084      129.188           059003.000182   059003.000245          1.0000  cm-1
22682.208    0.036      301.134           059003.000373   059003.000600          1.0000  cm-1
22677.484    0.015      214.758           059003.000468   059003.000597          1.0000  cm-1
22665.347    0.015      85.560            059003.000173   059003.000204 P        0.0000  cm-1
22660.783    0.036      341.728           059003.000468   059003.000593          1.0000  cm-1
22630.662    0.036      42.306            059003.000122   059003.000187          1.0000  cm-1
22630.662    0.036      42.306            059003.000165   059003.000199 P        0.0000  cm-1
22612.430    0.015      5047.980          059003.000052   059003.000164          1.0000  cm-1
22577.098    0.036      291.363           059003.000462   059003.000587          1.0000  cm-1
22577.098    0.036      291.363           059003.000365   059003.000429 P        0.0000  cm-1
22577.098    0.036      291.363           059003.000549   059003.000498 P        0.0000  cm-1
22560.422    0.036      372.810           059003.000387   059003.000611 P        0.0000  cm-1
22560.422    0.036      372.810           059003.000179   059003.000235          1.0000  cm-1
22557.628    0.015      4966.860          059003.000387   059003.000610          1.0000  cm-1
22551.332    0.036      826.341           059003.000462   059003.000585          1.0000  cm-1
22549.060    0.015      1238.722          059003.000387   059003.000608          1.0000  cm-1
22545.652    0.015      41.251            059003.000124   059003.000188          1.0000  cm-1
22540.731    0.036      123.586           059003.000388   059003.000617          1.0000  cm-1
22527.703    0.036      369.442           059003.000551   059003.000499 P        0.0000  cm-1
22527.703    0.036      369.442           059003.000001   059003.000087          1.0000  cm-1
22527.703    0.036      369.442           059003.000561   059003.000509 P        0.0000  cm-1
22524.460    0.015      246.080           059003.000182   059003.000433 P        0.0000  cm-1
22523.003    0.036      368.976           059003.000462   059003.000582          1.0000  cm-1
22513.256    0.035      286.241           059003.000388   059003.000614          0.8629  cm-1
22513.256    0.035      286.241           059003.000388   059003.000613          0.1371  cm-1
22491.901    0.015      1016.682          059003.000180   059003.000236          1.0000  cm-1
22490.758    0.015      203.278           059003.000388   059003.000612          1.0000  cm-1
22487.030    0.015      812.352           059003.000183   059003.000433          1.0000  cm-1
22476.059    0.035      6076.154          059003.000048   059003.000160          1.0000  cm-1
22464.912    0.035      7271.805          059003.000044   059003.000155          1.0000  cm-1
22460.551    0.035      4842.859          059003.000058   059003.000173          1.0000  cm-1
22446.224    0.035      281.562           059003.000031   059003.000099          1.0000  cm-1
22433.029    0.035      360.936           059003.000359   059003.000582          0.6785  cm-1
22433.029    0.035      360.936           059003.000034   059003.000137          0.3215  cm-1
22416.008    0.015      239.739           059003.000551   059003.000498 P        0.0000  cm-1
22412.470    0.015      998.170           059003.000359   059003.000581          1.0000  cm-1
22410.113    0.015      4788.859          059003.000359   059003.000580 P        0.0000  cm-1
22406.120    0.015      7974.834          059003.000390   059003.000621          1.0000  cm-1
22401.186    0.015      597.509           059003.000359   059003.000578          1.0000  cm-1
22389.812    0.015      3576.916          059003.000056   059003.000170          1.0000  cm-1
22373.187    0.015      237.703           059003.000562   059003.000509 P        0.0000  cm-1
22369.177    0.015      2375.262          059003.000179   059003.000234          1.0000  cm-1
22369.177    0.015      2375.262          059003.000389   059003.000614 P        0.0000  cm-1
22369.177    0.015      2375.262          059003.000389   059003.000613 P        0.0000  cm-1
22343.744    0.035      788.210           059003.000549   059003.000418 P        0.0000  cm-1
22343.744    0.035      788.210           059003.000390   059003.000616          1.0000  cm-1
22332.733    0.035      196.695           059003.000167   059003.000199          1.0000  cm-1
22332.733    0.035      196.695           059003.000553   059003.000498 P        0.0000  cm-1
22323.343    0.066      274.963           059003.000058   059003.000172          1.0000  cm-1
22306.812    0.035      274.281           059003.000390   059003.000610 P        0.0000  cm-1
22270.299    0.035      311.951           059003.000286   059003.000322 P        0.0000  cm-1
22268.121    0.035      233.903           059003.000561   059003.000506 P        0.0000  cm-1
22263.003    0.015      272.723           059003.000179   059003.000233          1.0000  cm-1
22263.003    0.015      272.723           059003.000550   059003.000418 P        0.0000  cm-1
22260.242    0.015      3505.338          059003.000055   059003.000167          1.0000  cm-1
22214.454    0.035      11632.830         059003.000051   059003.000160          1.0000  cm-1
22194.728    0.034      271.044           059003.000184   059003.000249          1.0000  cm-1
22192.382    0.015      348.433           059003.000173   059003.000202 P        0.0000  cm-1
22172.862    0.015      348.052           059003.000179   059003.000231          1.0000  cm-1
22120.789    0.015      77.234            059003.000183   059003.000240          1.0000  cm-1
22083.911    0.015      965.748           059003.000061   059003.000171          1.0000  cm-1
22043.903    0.034      967.390           059003.000031   059003.000093          1.0000  cm-1
22043.903    0.034      967.390           059003.000563   059003.000521 P        0.0000  cm-1
22024.838    0.015      1162.396          059003.000056   059003.000168          1.0000  cm-1
22024.838    0.015      1162.396          059003.000296   059003.000342 P        0.0000  cm-1
22017.852    0.015      232.611           059003.000184   059003.000248          1.0000  cm-1
21985.097    0.015      194.476           059003.000553   059003.000417 P        0.0000  cm-1
21977.803    0.086      116.787           059003.000068   059003.000177          1.0000  cm-1
21963.714    0.014      156.000           059003.000180   059003.000232          1.0000  cm-1
21949.551    0.034      39.079            059003.000180   059003.000231          1.0000  cm-1
21873.242    0.014      317.187           059003.000181   059003.000238          1.0000  cm-1
21872.002    0.090      277.618           059003.000182   059003.000238          1.0000  cm-1
21863.958    0.014      158.939           059003.000374   059003.000598 P        0.0000  cm-1
21857.561    0.014      39.797            059003.000281   059003.000314 P        0.0000  cm-1
21838.052    0.014      2399.839          059003.000135   059003.000193          1.0000  cm-1
21831.724    0.033      280.464           059003.000345   059003.000499 P        0.0000  cm-1
21813.884    0.033      80.542            059003.000343   059003.000497 P        0.0000  cm-1
21813.884    0.033      80.542            059003.000368   059003.000428 P        0.0000  cm-1
21811.658    0.014      362.679           059003.000090   059003.000180          1.0000  cm-1
21794.714    0.033      40.509            059003.000300   059003.000549 P        0.0000  cm-1
21792.440    0.014      162.153           059003.000375   059003.000599 P        0.0000  cm-1
21777.723    0.014      325.882           059003.000180   059003.000229          0.3783  cm-1
21777.723    0.014      325.882           059003.000392   059003.000613          0.6217  cm-1
21773.896    0.033      40.788            059003.000375   059003.000596 P        0.0000  cm-1
21762.572    0.014      204.751           059003.000375   059003.000595          1.0000  cm-1
21760.904    0.014      245.847           059003.000375   059003.000594 P        0.0000  cm-1
21755.804    0.014      246.301           059003.000001   059003.000084          1.0000  cm-1
21728.960    0.014      829.442           059003.000063   059003.000174          1.0000  cm-1
21718.103    0.014      374.891           059003.000164   059003.000197          1.0000  cm-1
21687.941    0.014      210.993           059003.000343   059003.000415 P        0.0000  cm-1
21676.392    0.033      19089.845         059003.000044   059003.000152          1.0000  cm-1
21663.892    0.014      341.386           059003.000361   059003.000584 P        0.0000  cm-1
21614.703    0.033      26259.432         059003.000058   059003.000167          1.0000  cm-1
21614.703    0.033      26259.432         059003.000346   059003.000499 P        0.0000  cm-1
21546.578    0.014      45.577            059003.000393   059003.000609          1.0000  cm-1
21535.147    0.032      1377.551          059003.000001   059003.000082          1.0000  cm-1
21525.580    0.014      1386.384          059003.000033   059003.000113          1.0000  cm-1
21512.092    0.032      1399.259          059003.000176   059003.000201 P        0.0000  cm-1
21512.092    0.032      1399.259          059003.000065   059003.000176          1.0000  cm-1
21505.743    0.032      327.949           059003.000362   059003.000579 P        0.0000  cm-1
21505.743    0.032      327.949           059003.000155   059003.000194          1.0000  cm-1
21496.541    0.080      424.420           059003.000043   059003.000149          1.0000  cm-1
21486.802    0.031      712.390           059003.000173   059003.000199          1.0000  cm-1
21486.802    0.031      712.390           059003.000345   059003.000418 P        0.0000  cm-1
21480.144    0.014      5727.233          059003.000117   059003.000185          1.0000  cm-1
21447.989    0.032      440.303           059003.000351   059003.000577 P        0.0000  cm-1
21447.989    0.032      440.303           059003.000103   059003.000181          1.0000  cm-1
21433.918    0.014      445.325           059003.000092   059003.000179 P        0.0000  cm-1
21412.759    0.032      100.724           059003.000308   059003.000563          1.0000  cm-1
21343.041    0.014      429.282           059003.000395   059003.000619 P        0.0000  cm-1
21338.644    0.014      485.013           059003.000038   059003.000138          1.0000  cm-1
21317.604    0.014      55.031            059003.000450   059003.000346 P        0.0000  cm-1
21273.147    0.014      115.339           059003.000187   059003.000260          1.0000  cm-1
21269.051    0.014      115.859           059003.000346   059003.000418 P        0.0000  cm-1
21248.401    0.014      355.712           059003.000396   059003.000614 P        0.0000  cm-1
21248.401    0.014      355.712           059003.000396   059003.000613 P        0.0000  cm-1
21244.627    0.032      238.167           059003.000364   059003.000580 P        0.0000  cm-1
21243.150    0.060      536.784           059003.000181   059003.000234          1.0000  cm-1
21221.767    0.032      917.296           059003.000035   059003.000135          1.0000  cm-1
21211.203    0.014      247.733           059003.000314   059003.000413 P        0.0000  cm-1
21208.823    0.031      37267.313         059003.000396   059003.000607 P        0.0000  cm-1
21208.823    0.031      37267.313         059003.000048   059003.000155          1.0000  cm-1
21196.867    0.031      567.265           059003.000398   059003.000619 P        0.0000  cm-1
21196.867    0.031      567.265           059003.000541   059003.000493 P        0.0000  cm-1
21196.867    0.031      567.265           059003.000048   059003.000153          0.9027  cm-1
21196.867    0.031      567.265           059003.000044   059003.000149          0.0973  cm-1
21159.558    0.094      528.788           059003.000068   059003.000176          1.0000  cm-1
21155.627    0.031      19932.360         059003.000055   059003.000160          1.0000  cm-1
21149.763    0.013      133.919           059003.000315   059003.000494 P        0.0000  cm-1
21148.328    0.013      4025.258          059003.000122   059003.000186          1.0000  cm-1
21143.733    0.013      18225.401         059003.000061   059003.000166          1.0000  cm-1
21136.859    0.031      1362.618          059003.000043   059003.000146          1.0000  cm-1
21136.859    0.031      1362.618          059003.000300   059003.000341 P        0.0000  cm-1
21077.580    0.080      222.319           059003.000563   059003.000520 P        0.0000  cm-1
21077.580    0.080      222.319           059003.000189   059003.000263          1.0000  cm-1
21059.559    0.013      22840.889         059003.000061   059003.000164          1.0000  cm-1
21059.559    0.013      22840.889         059003.000347   059003.000499 P        0.0000  cm-1
21052.508    0.063      3078.407          059003.000068   059003.000175          1.0000  cm-1
21011.154    0.500      82.154            059003.000399   059003.000608 P        0.0000  cm-1
20981.127    0.013      86.349            059003.000315   059003.000493 P        0.0000  cm-1
20978.920    0.013      86.673            059003.000557   059003.000416 P        0.0000  cm-1
20971.748    0.013      263.220           059003.000382   059003.000603 P        0.0000  cm-1
20971.748    0.013      263.220           059003.000040   059003.000141          1.0000  cm-1
20950.477    0.031      27313.723         059003.000067   059003.000174 P        0.0000  cm-1
20950.477    0.031      27313.723         059003.000044   059003.000147          1.0000  cm-1
20947.320    0.013      91.555            059003.000294   059003.000543 P        0.0000  cm-1
20935.261    0.031      42096.094         059003.000051   059003.000153          1.0000  cm-1
20923.934    0.031      190.974           059003.000366   059003.000588 P        0.0000  cm-1
20833.406    0.030      113.774           059003.000367   059003.000584          1.0000  cm-1
20814.438    0.013      236.668           059003.000484   059003.000619 P        0.0000  cm-1
20804.483    0.030      1087.598          059003.000289   059003.000320 P        0.0000  cm-1
20804.483    0.030      1087.598          059003.000122   059003.000185          1.0000  cm-1
20791.832    0.030      993.260           059003.000317   059003.000494 P        0.0000  cm-1
20791.832    0.030      993.260           059003.000065   059003.000170          1.0000  cm-1
20754.629    0.030      1078.104          059003.000032   059003.000096          1.0000  cm-1
20737.662    0.030      140.067           059003.000369   059003.000579 P        0.0000  cm-1
20686.663    0.124      316.090           059003.000172   059003.000197          1.0000  cm-1
20632.711    0.013      16290.807         059003.000318   059003.000494 P        0.0000  cm-1
20632.711    0.013      16290.807         059003.000043   059003.000144          1.0000  cm-1
20581.456    0.013      124514.305        059003.000052   059003.000156          1.0000  cm-1
20553.000    0.013      13478.716         059003.000052   059003.000154          1.0000  cm-1
20549.139    0.013      13627.070         059003.000032   059003.000093          1.0000  cm-1
20472.779    0.013      598.186           059003.000035   059003.000132          1.0000  cm-1
20357.514    0.012      48710.416         059003.000031   059003.000084          1.0000  cm-1
20315.666    0.012      41762.719         059003.000001   059003.000075          1.0000  cm-1
20281.952    0.012      40568.979         059003.000032   059003.000091          1.0000  cm-1
20136.837    0.012      26881.421         059003.000031   059003.000082          1.0000  cm-1
20123.322    0.012      885.839           059003.000051   059003.000151          1.0000  cm-1
19872.490    0.028      718.024           059003.000001   059003.000073          1.0000  cm-1
19648.394    0.012      2989.427          059003.000068   059003.000163          1.0000  cm-1
19643.848    0.012      297.848           059003.000319   059003.000492 P        0.0000  cm-1
19581.044    0.012      283.193           059003.000048   059003.000146          1.0000  cm-1
19493.037    0.011      3960.491          059003.000039   059003.000135          1.0000  cm-1
19493.037    0.011      3960.491          059003.000564   059003.000520 P        0.0000  cm-1
19353.138    0.011      1182.957          059003.000073   059003.000169          1.0000  cm-1
19348.909    0.011      3537.233          059003.000077   059003.000176          1.0000  cm-1
19319.359    0.026      6914.296          059003.000051   059003.000146          1.0000  cm-1
19319.359    0.026      6914.296          059003.000189   059003.000256 P        0.0000  cm-1
19194.004    0.011      31404.545         059003.000304   059003.000557 P        0.0000  cm-1
19194.004    0.011      31404.545         059003.000033   059003.000096          1.0000  cm-1
19076.806    0.011      1916.900          059003.000048   059003.000144          1.0000  cm-1
19064.477    0.011      189.938           059003.000055   059003.000151          1.0000  cm-1
19064.477    0.011      189.938           059003.000482   059003.000597 P        0.0000  cm-1
19000.056    0.011      27164.132         059003.000061   059003.000154          1.0000  cm-1
18998.020    0.011      542.469           059003.000396   059003.000597 P        0.0000  cm-1
18990.077    0.011      179769.854        059003.000001   059003.000067          1.0000  cm-1
18925.226    0.011      685.794           059003.000397   059003.000597 P        0.0000  cm-1
18917.297    0.011      255696.444        059003.000031   059003.000075          1.0000  cm-1
18909.447    0.011      508.490           059003.000398   059003.000600 P        0.0000  cm-1
18883.712    0.011      1663.722          059003.000356   059003.000575          1.0000  cm-1
18862.701    0.011      245811.848        059003.000032   059003.000084          1.0000  cm-1
18798.280    0.011      626.020           059003.000036   059003.000128          1.0000  cm-1
18768.160    0.011      1532.034          059003.000473   059003.000587 P        0.0000  cm-1
18768.160    0.011      1532.034          059003.000465   059003.000577 P        0.0000  cm-1
18768.160    0.011      1532.034          059003.000056   059003.000152 P        0.0000  cm-1
18721.332    0.011      222367.044        059003.000033   059003.000091          1.0000  cm-1
18687.820    0.010      724.111           059003.000035   059003.000126          1.0000  cm-1
18645.834    0.010      562.708           059003.000080   059003.000174          1.0000  cm-1
18625.961    0.010      971.381           059003.000384   059003.000582 P        0.0000  cm-1
18504.030    0.010      1022.218          059003.000065   059003.000159          1.0000  cm-1
18504.030    0.010      1022.218          059003.000484   059003.000597 P        0.0000  cm-1
18476.583    0.500      125.464           059003.000326   059003.000409 P        0.0000  cm-1
18476.583    0.500      125.464           059003.000401   059003.000593 P        0.0000  cm-1
18464.128    0.010      124.433           059003.000475   059003.000585 P        0.0000  cm-1
18448.644    0.010      369.503           059003.000452   059003.000337 P        0.0000  cm-1
18448.644    0.010      369.503           059003.000187   059003.000435 P        0.0000  cm-1
18448.644    0.010      369.503           059003.000315   059003.000407 P        0.0000  cm-1
18418.890    0.010      12078.410         059003.000058   059003.000151          1.0000  cm-1
18418.890    0.010      12078.410         059003.000402   059003.000602 P        0.0000  cm-1
18408.818    0.010      1199.915          059003.000037   059003.000130          1.0000  cm-1
18345.657    0.010      5759.052          059003.000032   059003.000079          1.0000  cm-1
18303.953    0.023      224.301           059003.000173   059003.000195          1.0000  cm-1
18302.562    0.010      2241.031          059003.000031   059003.000072          1.0000  cm-1
18260.553    0.043      2182.300          059003.000055   059003.000146          1.0000  cm-1
18241.542    0.010      862.575           059003.000001   059003.000064          1.0000  cm-1
18167.279    0.010      823.815           059003.000492   059003.000619 P        0.0000  cm-1
18148.269    0.010      508.938           059003.000314   059003.000405 P        0.0000  cm-1
18142.687    0.010      1521.635          059003.000430   059003.000186 P        0.0000  cm-1
18128.028    0.010      100.544           059003.000405   059003.000601 P        0.0000  cm-1
18063.384    0.010      3868.729          059003.000001   059003.000062          1.0000  cm-1
18063.384    0.010      3868.729          059003.000324   059003.000408 P        0.0000  cm-1
18042.233    0.010      1910.284          059003.000056   059003.000147 P        0.0000  cm-1
18011.137    0.046      7502.805          059003.000040   059003.000132          1.0000  cm-1
18011.137    0.046      7502.805          059003.000181   059003.000212 P        0.0000  cm-1
18001.368    0.010      373.007           059003.000389   059003.000586 P        0.0000  cm-1
17989.590    0.010      740.921           059003.000378   059003.000426 P        0.0000  cm-1
17989.590    0.010      740.921           059003.000065   059003.000157          1.0000  cm-1
17981.915    0.010      922.037           059003.000117   059003.000180          1.0000  cm-1
17965.842    0.010      5481.096          059003.000068   059003.000158          1.0000  cm-1
17961.752    0.010      729.094           059003.000031   059003.000070          1.0000  cm-1
17944.636    0.010      90.246            059003.000307   059003.000560 P        0.0000  cm-1
17944.636    0.010      90.246            059003.000406   059003.000593 P        0.0000  cm-1
17936.098    0.010      808.263           059003.000458   059003.000572          1.0000  cm-1
17933.241    0.023      896.607           059003.000467   059003.000576          1.0000  cm-1
17910.603    0.010      8851.563          059003.000031   059003.000069          1.0000  cm-1
17881.678    0.010      783.777           059003.000326   059003.000408 P        0.0000  cm-1
17868.610    0.022      518.716           059003.000564   059003.000506 P        0.0000  cm-1
17859.793    0.010      688.236           059003.000085   059003.000174          1.0000  cm-1
17837.623    0.010      764.821           059003.000077   059003.000163          1.0000  cm-1
17778.002    0.009      822.612           059003.000092   059003.000177          1.0000  cm-1
17769.072    0.085      654.933           059003.000182   059003.000209 P        0.0000  cm-1
17725.561    0.022      719.904           059003.000459   059003.000572          1.0000  cm-1
17711.564    0.009      397.006           059003.000488   059003.000600 P        0.0000  cm-1
17704.234    0.054      11864.450         059003.000409   059003.000612 P        0.0000  cm-1
17704.234    0.054      11864.450         059003.000409   059003.000611 P        0.0000  cm-1
17704.234    0.054      11864.450         059003.000124   059003.000181          1.0000  cm-1
17693.033    0.009      314.537           059003.000077   059003.000162          1.0000  cm-1
17627.017    0.009      6080.506          059003.000001   059003.000060          1.0000  cm-1
17606.205    0.022      150.421           059003.000068   059003.000155          1.0000  cm-1
17594.276    0.009      672.855           059003.000068   059003.000153          1.0000  cm-1
17519.252    0.021      144.099           059003.000564   059003.000503 P        0.0000  cm-1
17490.799    0.021      355.352           059003.000458   059003.000571          1.0000  cm-1
17461.493    0.009      210.267           059003.000493   059003.000618 P        0.0000  cm-1
17461.493    0.009      210.267           059003.000359   059003.000572          1.0000  cm-1
17425.144    0.009      68.910            059003.000476   059003.000427          1.0000  cm-1
17425.144    0.009      68.910            059003.000182   059003.000208 P        0.0000  cm-1
17424.616    0.009      344.464           059003.000056   059003.000144          1.0000  cm-1
17371.187    0.009      134.467           059003.000318   059003.000404 P        0.0000  cm-1
17371.187    0.009      134.467           059003.000467   059003.000421          1.0000  cm-1
17367.131    0.009      1342.219          059003.000043   059003.000135          1.0000  cm-1
17352.508    0.009      266.694           059003.000336   059003.000496 P        0.0000  cm-1
17352.508    0.009      266.694           059003.000412   059003.000607 P        0.0000  cm-1
17347.392    0.009      997.827           059003.000035   059003.000120          1.0000  cm-1
17345.312    0.009      199.381           059003.000467   059003.000420          1.0000  cm-1
17340.444    0.009      39790.283         059003.000040   059003.000131          1.0000  cm-1
17316.977    0.009      525.089           059003.000413   059003.000617 P        0.0000  cm-1
17314.281    0.009      983.384           059003.000476   059003.000426          0.2155  cm-1
17314.281    0.009      983.384           059003.000036   059003.000121          0.7845  cm-1
17242.439    0.009      63.576            059003.000494   059003.000613 P        0.0000  cm-1
17235.406    0.009      126.778           059003.000300   059003.000322 P        0.0000  cm-1
17177.312    0.021      618.986           059003.000454   059003.000337 P        0.0000  cm-1
17144.676    0.009      61.100            059003.000085   059003.000169          1.0000  cm-1
17144.676    0.009      61.100            059003.000315   059003.000396 P        0.0000  cm-1
17105.617    0.009      90268.397         059003.000035   059003.000119          1.0000  cm-1
17097.001    0.020      899.714           059003.000463   059003.000574          1.0000  cm-1
17082.789    0.043      1193.165          059003.000122   059003.000179          1.0000  cm-1
17082.789    0.043      1193.165          059003.000394   059003.000581 P        0.0000  cm-1
17077.434    0.020      2381.519          059003.000315   059003.000482 P        0.0000  cm-1
17023.712    0.009      350.215           059003.000313   059003.000563 P        0.0000  cm-1
17018.947    0.009      174.807           059003.000191   059003.000243          1.0000  cm-1
17018.947    0.009      174.807           059003.000191   059003.000433 P        0.0000  cm-1
17006.999    0.039      1740.587          059003.000465   059003.000575          0.6893  cm-1
17006.999    0.039      1740.587          059003.000090   059003.000175          0.3107  cm-1
16983.954    0.009      517.932           059003.000488   059003.000429 P        0.0000  cm-1
16976.070    0.009      2869.475          059003.000405   059003.000428 P        0.0000  cm-1
16976.070    0.009      2869.475          059003.000564   059003.000500 P        0.0000  cm-1
16959.749    0.009      171.198           059003.000092   059003.000176          1.0000  cm-1
16957.549    0.009      4561.815          059003.000136   059003.000186          1.0000  cm-1
16914.138    0.020      56.193            059003.000395   059003.000585 P        0.0000  cm-1
16906.652    0.020      448.434           059003.000463   059003.000573          1.0000  cm-1
16852.708    0.024      2203.601          059003.000452   059003.000329 P        0.0000  cm-1
16852.708    0.024      2203.601          059003.000092   059003.000175          1.0000  cm-1
16843.202    0.009      4394.128          059003.000031   059003.000064          1.0000  cm-1
16807.766    0.008      10866.845         059003.000032   059003.000072          1.0000  cm-1
16807.766    0.008      10866.845         059003.000397   059003.000586 P        0.0000  cm-1
16793.674    0.008      324.636           059003.000398   059003.000587 P        0.0000  cm-1
16784.995    0.020      377772.121        059003.000033   059003.000079          1.0000  cm-1
16768.436    0.008      483.367           059003.000040   059003.000129          1.0000  cm-1
16768.436    0.008      483.367           059003.000398   059003.000586 P        0.0000  cm-1
16768.436    0.008      483.367           059003.000398   059003.000585 P        0.0000  cm-1
16745.197    0.008      480.169           059003.000037   059003.000123          1.0000  cm-1
16722.828    0.008      265.102           059003.000465   059003.000574          1.0000  cm-1
16679.409    0.008      314.431           059003.000464   059003.000573          1.0000  cm-1
16664.985    0.019      46988.204         059003.000031   059003.000062          1.0000  cm-1
16628.137    0.008      51.727            059003.000337   059003.000413 P        0.0000  cm-1
16606.360    0.008      308.724           059003.000547   059003.000496 P        0.0000  cm-1
16593.387    0.008      461.664           059003.000336   059003.000411 P        0.0000  cm-1
16593.387    0.008      461.664           059003.000037   059003.000121          1.0000  cm-1
16569.397    0.019      510.122           059003.000471   059003.000576          1.0000  cm-1
16516.141    0.019      75631.773         059003.000001   059003.000054          1.0000  cm-1
16477.921    0.008      100.060           059003.000337   059003.000411 P        0.0000  cm-1
16477.921    0.008      100.060           059003.000088   059003.000169          1.0000  cm-1
16468.974    0.019      49.942            059003.000319   059003.000395 P        0.0000  cm-1
16466.959    0.008      44930.479         059003.000032   059003.000070          1.0000  cm-1
16423.457    0.008      297.116           059003.000542   059003.000402 P        0.0000  cm-1
16415.773    0.019      445065.818        059003.000032   059003.000069          1.0000  cm-1
16414.100    0.019      148.312           059003.000035   059003.000115          1.0000  cm-1
16408.960    0.008      246.964           059003.000320   059003.000396 P        0.0000  cm-1
16390.529    0.100      3938.980          059003.000544   059003.000495 P        0.0000  cm-1
16390.529    0.100      3938.980          059003.000040   059003.000127          1.0000  cm-1
16340.773    0.008      3907.893          059003.000077   059003.000159          1.0000  cm-1
16308.780    0.008      437.604           059003.000036   059003.000115          1.0000  cm-1
16306.317    0.008      48.606            059003.000336   059003.000409 P        0.0000  cm-1
16288.840    0.008      96.983            059003.000097   059003.000174          1.0000  cm-1
16286.454    0.019      242.380           059003.000402   059003.000589 P        0.0000  cm-1
16279.506    0.008      339.026           059003.000446   059003.000315 P        0.0000  cm-1
16279.506    0.008      339.026           059003.000037   059003.000119          1.0000  cm-1
16279.506    0.008      339.026           059003.000402   059003.000588 P        0.0000  cm-1
16252.651    0.008      241.356           059003.000402   059003.000585 P        0.0000  cm-1
16228.632    0.008      240691.765        059003.000031   059003.000060          1.0000  cm-1
16226.051    0.018      72187.047         059003.000040   059003.000126          1.0000  cm-1
16189.189    0.008      47.943            059003.000098   059003.000174          1.0000  cm-1
16180.943    0.018      143.717           059003.000430   059003.000184          0.9061  cm-1
16180.943    0.018      143.717           059003.000394   059003.000427          0.0939  cm-1
16155.062    0.008      430.171           059003.000077   059003.000158          1.0000  cm-1
16137.447    0.008      4772.968          059003.000107   059003.000177          1.0000  cm-1
16135.949    0.008      95448.477         059003.000404   059003.000586 P        0.0000  cm-1
16135.949    0.008      95448.477         059003.000001   059003.000053          1.0000  cm-1
16135.949    0.008      95448.477         059003.000404   059003.000585 P        0.0000  cm-1
16132.012    0.018      238.551           059003.000314   059003.000389 P        0.0000  cm-1
16132.012    0.018      238.551           059003.000469   059003.000421          1.0000  cm-1
16106.023    0.018      428.617           059003.000469   059003.000420          0.3058  cm-1
16106.023    0.018      428.617           059003.000481   059003.000427          0.6942  cm-1
16091.698    0.033      1427.462          059003.000068   059003.000147          1.0000  cm-1
16091.698    0.033      1427.462          059003.000408   059003.000599 P        0.0000  cm-1
16062.320    0.018      190.031           059003.000035   059003.000114          1.0000  cm-1
16059.267    0.018      237.504           059003.000408   059003.000594 P        0.0000  cm-1
16049.880    0.008      189.924           059003.000470   059003.000421          1.0000  cm-1
16041.217    0.018      189.857           059003.000464   059003.000419          1.0000  cm-1
16028.781    0.008      1897.696          059003.000452   059003.000325 P        0.0000  cm-1
16028.781    0.008      1897.696          059003.000090   059003.000168          1.0000  cm-1
16028.096    0.008      3795.302          059003.000032   059003.000066          1.0000  cm-1
16023.970    0.018      142.304           059003.000470   059003.000420          1.0000  cm-1
16019.618    0.018      47.428            059003.000299   059003.000315          1.0000  cm-1
16016.959    0.018      379.395           059003.000479   059003.000426          1.0000  cm-1
16007.802    0.018      47.412            059003.000480   059003.000426          1.0000  cm-1
15995.158    0.018      94.796            059003.000481   059003.000426          1.0000  cm-1
15981.486    0.018      426.477           059003.000322   059003.000397 P        0.0000  cm-1
15981.486    0.018      426.477           059003.000471   059003.000420          1.0000  cm-1
15981.486    0.018      426.477           059003.000340   059003.000412 P        0.0000  cm-1
15910.376    0.018      47.382            059003.000299   059003.000314 P        0.0000  cm-1
15894.275    0.018      426.556           059003.000465   059003.000419          1.0000  cm-1
15894.275    0.018      426.556           059003.000323   059003.000396 P        0.0000  cm-1
15874.523    0.050      237.089           059003.000322   059003.000395 P        0.0000  cm-1
15874.523    0.050      237.089           059003.000092   059003.000168          1.0000  cm-1
15842.573    0.008      9494.150          059003.000039   059003.000123          1.0000  cm-1
15796.808    0.007      475.827           059003.000303   059003.000329 P        0.0000  cm-1
15796.808    0.007      475.827           059003.000378   059003.000420 P        0.0000  cm-1
15796.808    0.007      475.827           059003.000036   059003.000112          1.0000  cm-1
15796.808    0.007      475.827           059003.000450   059003.000542 P        0.0000  cm-1
15783.530    0.017      428.609           059003.000466   059003.000571          1.0000  cm-1
15736.252    0.007      334.583           059003.000472   059003.000421          1.0000  cm-1
15714.850    0.007      4789.208          059003.000031   059003.000057          1.0000  cm-1
15663.887    0.007      144.473           059003.000317   059003.000389 P        0.0000  cm-1
15655.096    0.137      723.139           059003.000319   059003.000391 P        0.0000  cm-1
15655.096    0.137      723.139           059003.000186   059003.000216 P        0.0000  cm-1
15655.096    0.137      723.139           059003.000094   059003.000168          1.0000  cm-1
15655.096    0.137      723.139           059003.000326   059003.000403 P        0.0000  cm-1
15587.923    0.007      3893.004          059003.000037   059003.000115          1.0000  cm-1
15573.720    0.007      341.404           059003.000097   059003.000169          1.0000  cm-1
15556.018    0.017      48.915            059003.000382   059003.000421          1.0000  cm-1
15549.599    0.007      14690.700         059003.000407   059003.000583 P        0.0000  cm-1
15549.599    0.007      14690.700         059003.000051   059003.000135          1.0000  cm-1
15525.516    0.007      2459.000          059003.000001   059003.000050          1.0000  cm-1
15525.516    0.007      2459.000          059003.000544   059003.000492 P        0.0000  cm-1
15512.238    0.007      14790.763         059003.000103   059003.000173          1.0000  cm-1
15512.238    0.007      14790.763         059003.000306   059003.000342 P        0.0000  cm-1
15504.946    0.007      246.859           059003.000065   059003.000143          1.0000  cm-1
15493.580    0.017      98.965            059003.000489   059003.000588 P        0.0000  cm-1
15493.580    0.017      98.965            059003.000489   059003.000587 P        0.0000  cm-1
15487.270    0.007      49.545            059003.000342   059003.000410          1.0000  cm-1
15486.224    0.007      297.334           059003.000179   059003.000196          1.0000  cm-1
15474.150    0.030      993.582           059003.000068   059003.000144          1.0000  cm-1
15458.218    0.007      348.935           059003.000090   059003.000162          1.0000  cm-1
15401.909    0.007      50.499            059003.000491   059003.000587 P        0.0000  cm-1
15380.276    0.007      30464.026         059003.000043   059003.000130          1.0000  cm-1
15376.843    0.017      15245.422         059003.000545   059003.000492 P        0.0000  cm-1
15376.843    0.017      15245.422         059003.000039   059003.000119          0.7083  cm-1
15376.843    0.017      15245.422         059003.000491   059003.000585 P        0.0000  cm-1
15376.843    0.017      15245.422         059003.000035   059003.000111          0.2917  cm-1
15375.053    0.022      508.415           059003.000103   059003.000172          1.0000  cm-1
15348.399    0.007      512.017           059003.000032   059003.000064          1.0000  cm-1
15271.590    0.030      1570.817          059003.000054   059003.000136 P        0.0000  cm-1
15271.590    0.030      1570.817          059003.000036   059003.000111          1.0000  cm-1
15228.603    0.007      53.092            059003.000493   059003.000603 P        0.0000  cm-1
15228.603    0.007      53.092            059003.000548   059003.000411 P        0.0000  cm-1
15195.910    0.007      10738.090         059003.000551   059003.000494 P        0.0000  cm-1
15195.910    0.007      10738.090         059003.000033   059003.000071          1.0000  cm-1
15193.282    0.007      3224.412          059003.000056   059003.000138          1.0000  cm-1
15189.588    0.007      53.811            059003.000411   059003.000597 P        0.0000  cm-1
15140.005    0.016      54.803            059003.000412   059003.000596 P        0.0000  cm-1
15109.651    0.007      5545.654          059003.000040   059003.000123          1.0000  cm-1
15090.573    0.007      1676.580          059003.000034   059003.000104          1.0000  cm-1
15090.573    0.007      1676.580          059003.000325   059003.000396 P        0.0000  cm-1
15084.366    0.104      2241.156          059003.000094   059003.000162          1.0000  cm-1
15080.528    0.007      224.472           059003.000044   059003.000130          1.0000  cm-1
15080.528    0.007      224.472           059003.000455   059003.000339 P        0.0000  cm-1
15047.726    0.007      56.905            059003.000340   059003.000408 P        0.0000  cm-1
15001.002    0.016      581.073           059003.000035   059003.000108          1.0000  cm-1
14997.607    0.500      58.199            059003.000471   059003.000575 P        0.0000  cm-1
14997.607    0.500      58.199            059003.000542   059003.000477 P        0.0000  cm-1
14997.607    0.500      58.199            059003.000043   059003.000127          1.0000  cm-1
14997.607    0.500      58.199            059003.000136   059003.000184 P        0.0000  cm-1
14984.746    0.007      585.488           059003.000038   059003.000112          1.0000  cm-1
14938.553    0.016      2993.625          059003.000034   059003.000102          1.0000  cm-1
14938.553    0.016      2993.625          059003.000565   059003.000515 P        0.0000  cm-1
14906.336    0.007      36515.423         059003.000033   059003.000070          1.0000  cm-1
14905.358    0.007      60.890            059003.000307   059003.000547 P        0.0000  cm-1
14885.670    0.007      3076.032          059003.000040   059003.000120          1.0000  cm-1
14879.963    0.016      1234.149          059003.000034   059003.000101          1.0000  cm-1
14859.980    0.007      6237.570          059003.000001   059003.000046          1.0000  cm-1
14833.110    0.015      569.791           059003.000043   059003.000126          1.0000  cm-1
14819.633    0.007      255.179           059003.000185   059003.000207          1.0000  cm-1
14819.633    0.007      255.179           059003.000455   059003.000336 P        0.0000  cm-1
14800.570    0.015      1289.984          059003.000051   059003.000132          1.0000  cm-1
14755.108    0.007      66.272            059003.000035   059003.000106          1.0000  cm-1
14755.108    0.007      66.272            059003.000566   059003.000521 P        0.0000  cm-1
14708.052    0.015      2730.102          059003.000056   059003.000137          1.0000  cm-1
14708.052    0.015      2730.102          059003.000309   059003.000556 P        0.0000  cm-1
14666.333    0.015      2805.699          059003.000344   059003.000493 P        0.0000  cm-1
14666.333    0.015      2805.699          059003.000103   059003.000167          1.0000  cm-1
14641.612    0.006      14265.108         059003.000032   059003.000059          1.0000  cm-1
14584.655    0.006      7424.327          059003.000034   059003.000100          1.0000  cm-1
14578.974    0.006      14909.950         059003.000116   059003.000178          1.0000  cm-1
14558.805    0.006      75661.554         059003.000001   059003.000045          1.0000  cm-1
14550.670    0.006      4567.239          059003.000037   059003.000111          1.0000  cm-1
14530.997    0.006      28.957            059003.000111   059003.000174          1.0000  cm-1
14528.339    0.006      115.678           059003.000563   059003.000416 P        0.0000  cm-1
14490.733    0.006      28404.679         059003.000549   059003.000492 P        0.0000  cm-1
14490.733    0.006      28404.679         059003.000055   059003.000135          1.0000  cm-1
14481.364    0.006      14140.206         059003.000109   059003.000171          1.0000  cm-1
14467.487    0.006      196694.173        059003.000033   059003.000066          1.0000  cm-1
14456.186    0.006      139.770           059003.000493   059003.000429 P        0.0000  cm-1
14456.186    0.006      139.770           059003.000318   059003.000378 P        0.0000  cm-1
14437.956    0.015      2079.340          059003.000035   059003.000105          1.0000  cm-1
14437.564    0.006      554.393           059003.000106   059003.000169          1.0000  cm-1
14416.568    0.015      4119.356          059003.000052   059003.000132          1.0000  cm-1
14380.898    0.006      946.465           059003.000034   059003.000098 P        0.0000  cm-1
14343.621    0.006      665.599           059003.000103   059003.000164          1.0000  cm-1
14341.261    0.006      13299.108         059003.000110   059003.000172          1.0000  cm-1
14341.261    0.006      13299.108         059003.000565   059003.000509 P        0.0000  cm-1
14334.269    0.011      663.062           059003.000320   059003.000381 P        0.0000  cm-1
14334.269    0.011      663.062           059003.000110   059003.000171          1.0000  cm-1
14333.519    0.006      132.572           059003.000039   059003.000114          1.0000  cm-1
14333.519    0.006      132.572           059003.000452   059003.000317 P        0.0000  cm-1
14332.722    0.006      132.529           059003.000036   059003.000105          1.0000  cm-1
14323.046    0.006      2640.246          059003.000036   059003.000104          1.0000  cm-1
14243.090    0.014      640.021           059003.000320   059003.000379 P        0.0000  cm-1
14220.045    0.006      126932.990        059003.000032   059003.000057          1.0000  cm-1
14214.123    0.006      506.654           059003.000327   059003.000392 P        0.0000  cm-1
14214.123    0.006      506.654           059003.000396   059003.000576 P        0.0000  cm-1
14174.851    0.006      124.937           059003.000037   059003.000108          1.0000  cm-1
14171.010    0.014      1871.596          059003.000036   059003.000102          1.0000  cm-1
14162.211    0.006      622.011           059003.000034   059003.000095          1.0000  cm-1
14133.052    0.014      492.836           059003.000041   059003.000118          1.0000  cm-1
14133.052    0.014      492.836           059003.000453   059003.000319 P        0.0000  cm-1
14129.954    0.006      2461.707          059003.000377   059003.000572 P        0.0000  cm-1
14129.954    0.006      2461.707          059003.000051   059003.000131          1.0000  cm-1
14127.149    0.006      110676.531        059003.000031   059003.000050          1.0000  cm-1
14112.441    0.006      2447.957          059003.000346   059003.000493 P        0.0000  cm-1
14112.441    0.006      2447.957          059003.000036   059003.000101          1.0000  cm-1
14105.936    0.006      855.032           059003.000090   059003.000159          1.0000  cm-1
14077.102    0.006      363.204           059003.000430   059003.000179          1.0000  cm-1
14055.823    0.006      12030.383         059003.000031   059003.000049          1.0000  cm-1
14018.069    0.031      357.040           059003.000136   059003.000181          1.0000  cm-1
14018.069    0.031      357.040           059003.000324   059003.000389 P        0.0000  cm-1
14005.752    0.006      593.050           059003.000112   059003.000174          1.0000  cm-1
13951.642    0.014      2338.788          059003.000092   059003.000159          1.0000  cm-1
13928.961    0.006      116.287           059003.000037   059003.000106          1.0000  cm-1
13920.224    0.014      696.258           059003.000090   059003.000158          1.0000  cm-1
13862.372    0.006      114.529           059003.000474   059003.000573 P        0.0000  cm-1
13824.341    0.039      5681.364          059003.000325   059003.000388 P        0.0000  cm-1
13824.341    0.039      5681.364          059003.000451   059003.000541 P        0.0000  cm-1
13824.341    0.039      5681.364          059003.000048   059003.000130          1.0000  cm-1
13824.341    0.039      5681.364          059003.000322   059003.000472 P        0.0000  cm-1
13815.868    0.006      567.181           059003.000568   059003.000534 P        0.0000  cm-1
13815.868    0.006      567.181           059003.000111   059003.000169          1.0000  cm-1
13811.663    0.013      2266.856          059003.000565   059003.000504 P        0.0000  cm-1
13811.663    0.013      2266.856          059003.000035   059003.000099          1.0000  cm-1
13807.953    0.006      5663.053          059003.000107   059003.000163          1.0000  cm-1
13765.919    0.013      2247.638          059003.000092   059003.000158          1.0000  cm-1
13765.919    0.013      2247.638          059003.000492   059003.000588 P        0.0000  cm-1
13741.723    0.013      783.401           059003.000055   059003.000132          1.0000  cm-1
13722.217    0.500      111.558           059003.000062   059003.000136 P        0.0000  cm-1
13722.217    0.500      111.558           059003.000323   059003.000378 P        0.0000  cm-1
13722.217    0.500      111.558           059003.000386   059003.000573 P        0.0000  cm-1
13716.662    0.013      445.838           059003.000043   059003.000123          1.0000  cm-1
13648.046    0.006      882.898           059003.000545   059003.000489 P        0.0000  cm-1
13648.046    0.006      882.898           059003.000039   059003.000111          1.0000  cm-1
13618.942    0.013      3298.831          059003.000543   059003.000483 P        0.0000  cm-1
13618.942    0.013      3298.831          059003.000035   059003.000097          1.0000  cm-1
13613.363    0.006      7692.191          059003.000036   059003.000098          1.0000  cm-1
13611.820    0.006      1098.686          059003.000334   059003.000482 P        0.0000  cm-1
13611.820    0.006      1098.686          059003.000037   059003.000105          1.0000  cm-1
13602.160    0.006      4389.871          059003.000037   059003.000104          1.0000  cm-1
13600.572    0.013      6583.628          059003.000040   059003.000114          1.0000  cm-1
13595.214    0.056      438.647           059003.000065   059003.000138          1.0000  cm-1
13591.497    0.013      2192.341          059003.000090   059003.000157          1.0000  cm-1
13564.849    0.013      218.629           059003.000043   059003.000121          1.0000  cm-1
13564.849    0.013      218.629           059003.000337   059003.000405 P        0.0000  cm-1
13541.112    0.013      1090.706          059003.000109   059003.000166          1.0000  cm-1
13513.720    0.005      652.914           059003.000036   059003.000097          1.0000  cm-1
13510.999    0.013      979.161           059003.000038   059003.000104          1.0000  cm-1
13461.631    0.005      43370.850         059003.000031   059003.000046          1.0000  cm-1
13456.959    0.005      86717.972         059003.000109   059003.000164          1.0000  cm-1
13426.873    0.013      324.683           059003.000122   059003.000177          1.0000  cm-1
13413.642    0.005      108.165           059003.000323   059003.000469          1.0000  cm-1
13409.339    0.013      216.292           059003.000035   059003.000093          1.0000  cm-1
13406.334    0.034      540.665           059003.000092   059003.000155          1.0000  cm-1
13394.650    0.030      1080.867          059003.000036   059003.000095          1.0000  cm-1
13394.021    0.005      2161.688          059003.000110   059003.000166          1.0000  cm-1
13367.090    0.013      107.999           059003.000337   059003.000403          1.0000  cm-1
13352.099    0.005      5398.201          059003.000001   059003.000042          1.0000  cm-1
13341.759    0.005      4317.800          059003.000077   059003.000143          1.0000  cm-1
13341.759    0.005      4317.800          059003.000541   059003.000366 P        0.0000  cm-1
13318.337    0.012      107.917           059003.000341   059003.000488          1.0000  cm-1
13309.838    0.005      2158.255          059003.000409   059003.000581 P        0.0000  cm-1
13309.838    0.005      2158.255          059003.000110   059003.000164          1.0000  cm-1
13309.838    0.005      2158.255          059003.000314   059003.000368 P        0.0000  cm-1
13303.687    0.005      863.289           059003.000496   059003.000428 P        0.0000  cm-1
13300.483    0.500      647.465           059003.000038   059003.000101          1.0000  cm-1
13300.483    0.500      647.465           059003.000409   059003.000578 P        0.0000  cm-1
13284.289    0.040      323.746           059003.000117   059003.000176          1.0000  cm-1
13278.121    0.005      10791.991         059003.000116   059003.000171          1.0000  cm-1
13277.232    0.012      107.921           059003.000303   059003.000317 P        0.0000  cm-1
13277.232    0.012      107.921           059003.000048   059003.000126          1.0000  cm-1
13272.230    0.005      971.330           059003.000039   059003.000108          1.0000  cm-1
13250.988    0.038      323.870           059003.000043   059003.000119          1.0000  cm-1
13250.988    0.038      323.870           059003.000545   059003.000486 P        0.0000  cm-1
13242.789    0.043      2159.468          059003.000068   059003.000138          1.0000  cm-1
13241.843    0.033      539.878           059003.000046   059003.000124          1.0000  cm-1
13217.840    0.061      972.358           059003.000094   059003.000157          1.0000  cm-1
13177.209    0.010      324.595           059003.000117   059003.000175          1.0000  cm-1
13177.209    0.010      324.595           059003.000406   059003.000576 P        0.0000  cm-1
13173.968    0.012      3246.406          059003.000052   059003.000129          1.0000  cm-1
13172.805    0.005      108.219           059003.000385   059003.000419 P        0.0000  cm-1
13160.490    0.005      6496.881          059003.000031   059003.000045          1.0000  cm-1
13115.467    0.005      108.557           059003.000136   059003.000180          1.0000  cm-1
13110.057    0.012      2171.897          059003.000065   059003.000137          1.0000  cm-1
13093.856    0.005      1087.154          059003.000557   059003.000408 P        0.0000  cm-1
13081.022    0.022      652.906           059003.000033   059003.000059          1.0000  cm-1
13071.126    0.012      2178.014          059003.000055   059003.000131          1.0000  cm-1
13044.120    0.005      327.436           059003.000411   059003.000582 P        0.0000  cm-1
13033.111    0.042      2185.050          059003.000107   059003.000160          1.0000  cm-1
13033.111    0.042      2185.050          059003.000544   059003.000485 P        0.0000  cm-1
13026.331    0.012      4372.829          059003.000039   059003.000106          1.0000  cm-1
13015.596    0.012      328.296           059003.000051   059003.000126          1.0000  cm-1
13013.490    0.005      109.454           059003.000493   059003.000582 P        0.0000  cm-1
13013.490    0.005      109.454           059003.000564   059003.000417 P        0.0000  cm-1
13013.047    0.005      109.459           059003.000339   059003.000400          1.0000  cm-1
13013.047    0.005      109.459           059003.000455   059003.000328 P        0.0000  cm-1
13010.688    0.012      985.360           059003.000541   059003.000466          1.0000  cm-1
13010.688    0.012      985.360           059003.000544   059003.000402 P        0.0000  cm-1
13005.183    0.012      985.897           059003.000325   059003.000472          1.0000  cm-1
13005.183    0.012      985.897           059003.000408   059003.000427 P        0.0000  cm-1
12994.150    0.012      109.667           059003.000567   059003.000522 P        0.0000  cm-1
12994.150    0.012      109.667           059003.000175   059003.000193          1.0000  cm-1
12994.150    0.012      109.667           059003.000493   059003.000581 P        0.0000  cm-1
12985.531    0.005      768.363           059003.000037   059003.000099          1.0000  cm-1
12978.809    0.005      109.845           059003.000342   059003.000406          1.0000  cm-1
12972.829    0.012      109.917           059003.000348   059003.000413 P        0.0000  cm-1
12972.829    0.012      109.917           059003.000324   059003.000379          1.0000  cm-1
12943.515    0.005      441.146           059003.000541   059003.000364 P        0.0000  cm-1
12936.271    0.005      110.383           059003.000325   059003.000380          1.0000  cm-1
12925.891    0.012      442.094           059003.000566   059003.000514 P        0.0000  cm-1
12912.447    0.005      11071.147         059003.000564   059003.000415 P        0.0000  cm-1
12912.447    0.005      11071.147         059003.000036   059003.000089          1.0000  cm-1
12907.015    0.012      5539.461          059003.000404   059003.000421 P        0.0000  cm-1
12907.015    0.012      5539.461          059003.000034   059003.000086          1.0000  cm-1
12906.191    0.012      221.602           059003.000495   059003.000589 P        0.0000  cm-1
12897.865    0.005      110.923           059003.000454   059003.000316 P        0.0000  cm-1
12897.865    0.005      110.923           059003.000495   059003.000588 P        0.0000  cm-1
12897.865    0.005      110.923           059003.000495   059003.000587 P        0.0000  cm-1
12892.506    0.005      11100.197         059003.000037   059003.000098          1.0000  cm-1
12890.561    0.058      2220.621          059003.000314   059003.000465          0.5244  cm-1
12890.561    0.058      2220.621          059003.000118   059003.000173          0.4756  cm-1
12890.561    0.058      2220.621          059003.000569   059003.000531 P        0.0000  cm-1
12882.324    0.012      111.156           059003.000326   059003.000381 P        0.0000  cm-1
12872.372    0.012      779.165           059003.000494   059003.000585 P        0.0000  cm-1
12872.372    0.012      779.165           059003.000413   059003.000581 P        0.0000  cm-1
12872.372    0.012      779.165           059003.000348   059003.000412 P        0.0000  cm-1
12872.372    0.012      779.165           059003.000495   059003.000585 P        0.0000  cm-1
12870.690    0.005      111.336           059003.000337   059003.000399          1.0000  cm-1
12870.690    0.005      111.336           059003.000413   059003.000580 P        0.0000  cm-1
12869.541    0.012      556.768           059003.000413   059003.000579 P        0.0000  cm-1
12849.705    0.012      1005.049          059003.000541   059003.000464          1.0000  cm-1
12846.657    0.005      67033.345         059003.000001   059003.000041          1.0000  cm-1
12831.723    0.012      111.972           059003.000334   059003.000391 P        0.0000  cm-1
12802.187    0.005      899.919           059003.000119   059003.000174          1.0000  cm-1
12801.262    0.011      562.533           059003.000558   059003.000408 P        0.0000  cm-1
12801.262    0.011      562.533           059003.000038   059003.000098          1.0000  cm-1
12798.827    0.011      675.303           059003.000335   059003.000481          1.0000  cm-1
12792.818    0.011      4506.405          059003.000037   059003.000097          1.0000  cm-1
12786.175    0.011      676.696           059003.000335   059003.000480          1.0000  cm-1
12786.175    0.011      676.696           059003.000336   059003.000396 P        0.0000  cm-1
12783.091    0.011      1015.561          059003.000324   059003.000471          1.0000  cm-1
12781.315    0.011      902.986           059003.000315   059003.000465          1.0000  cm-1
12778.634    0.005      112.924           059003.000115   059003.000169          1.0000  cm-1
12777.022    0.011      1016.586          059003.000335   059003.000479          1.0000  cm-1
12772.052    0.011      1017.434          059003.000090   059003.000152          1.0000  cm-1
12743.574    0.011      908.831           059003.000314   059003.000464          1.0000  cm-1
12743.574    0.011      908.831           059003.000330   059003.000476 P        0.0000  cm-1
12740.598    0.011      454.654           059003.000324   059003.000470 P        0.0000  cm-1
12731.063    0.011      796.996           059003.000405   059003.000420 P        0.0000  cm-1
12731.063    0.011      796.996           059003.000545   059003.000484 P        0.0000  cm-1
12709.221    0.011      34293.039         059003.000039   059003.000105          1.0000  cm-1
12699.474    0.011      114.518           059003.000392   059003.000573 P        0.0000  cm-1
12692.394    0.011      344.011           059003.000551   059003.000491 P        0.0000  cm-1
12691.528    0.011      573.445           059003.000325   059003.000470          1.0000  cm-1
12673.810    0.005      23015.754         059003.000037   059003.000095          1.0000  cm-1
12659.410    0.020      9232.242          059003.000033   059003.000057          1.0000  cm-1
12659.410    0.020      9232.242          059003.000327   059003.000472 P        0.0000  cm-1
12658.442    0.011      577.125           059003.000324   059003.000469          1.0000  cm-1
12644.039    0.011      347.270           059003.000396   059003.000575 P        0.0000  cm-1
12634.349    0.011      579.916           059003.000315   059003.000464 P        0.0000  cm-1
12632.356    0.005      23206.058         059003.000032   059003.000050          1.0000  cm-1
12622.443    0.011      581.330           059003.000541   059003.000463          1.0000  cm-1
12617.750    0.005      2327.573          059003.000092   059003.000152          1.0000  cm-1
12608.641    0.011      1165.993          059003.000122   059003.000176          1.0000  cm-1
12596.460    0.011      467.594           059003.000336   059003.000480          1.0000  cm-1
12593.139    0.500      467.924           059003.000454   059003.000314 P        0.0000  cm-1
12593.139    0.500      467.924           059003.000327   059003.000380 P        0.0000  cm-1
12587.720    0.500      117.116           059003.000406   059003.000420 P        0.0000  cm-1
12587.720    0.500      117.116           059003.000331   059003.000385 P        0.0000  cm-1
12586.625    0.005      234.287           059003.000316   059003.000465          1.0000  cm-1
12582.629    0.011      1172.439          059003.000038   059003.000095          1.0000  cm-1
12564.025    0.035      1177.179          059003.000117   059003.000170          1.0000  cm-1
12561.032    0.011      117.795           059003.000032   059003.000049          1.0000  cm-1
12559.360    0.005      353.515           059003.000043   059003.000115          1.0000  cm-1
12539.278    0.011      23672.969         059003.000040   059003.000108          1.0000  cm-1
12516.334    0.011      475.925           059003.000314   059003.000463          1.0000  cm-1
12501.556    0.011      1074.481          059003.000341   059003.000484 P        0.0000  cm-1
12501.556    0.011      1074.481          059003.000122   059003.000175          1.0000  cm-1
12499.263    0.005      119.450           059003.000320   059003.000369          1.0000  cm-1
12494.776    0.005      5978.746          059003.000035   059003.000087          1.0000  cm-1
12493.193    0.005      358.857           059003.000337   059003.000481 P        0.0000  cm-1
12480.522    0.005      359.925           059003.000337   059003.000480 P        0.0000  cm-1
12436.693    0.005      363.726           059003.000317   059003.000466          1.0000  cm-1
12426.524    0.005      364.631           059003.000482   059003.000574 P        0.0000  cm-1
12426.524    0.005      364.631           059003.000328   059003.000379          1.0000  cm-1
12407.099    0.011      610.641           059003.000315   059003.000463 P        0.0000  cm-1
12391.054    0.005      490.476           059003.000063   059003.000430          1.0000  cm-1
12348.020    0.005      123.969           059003.000339   059003.000481          1.0000  cm-1
12348.020    0.005      123.969           059003.000545   059003.000398 P        0.0000  cm-1
12345.696    0.005      124.043           059003.000327   059003.000470          1.0000  cm-1
12337.862    0.005      74576.773         059003.000116   059003.000166          1.0000  cm-1
12332.721    0.005      124.460           059003.000344   059003.000491 P        0.0000  cm-1
12326.220    0.005      872.698           059003.000339   059003.000479          1.0000  cm-1
12312.588    0.005      6255.820          059003.000103   059003.000156          1.0000  cm-1
12293.366    0.025      10060.159         059003.000040   059003.000106          1.0000  cm-1
12284.136    0.005      2521.206          059003.000496   059003.000582 P        0.0000  cm-1
12284.136    0.005      2521.206          059003.000103   059003.000154          1.0000  cm-1
12240.522    0.004      1020.354          059003.000034   059003.000083          1.0000  cm-1
12236.800    0.004      510.691           059003.000328   059003.000471          1.0000  cm-1
12227.951    0.010      639.899           059003.000034   059003.000540          1.0000  cm-1
12227.726    0.004      1023.901          059003.000566   059003.000507 P        0.0000  cm-1
12208.570    0.050      1157.922          059003.000068   059003.000135          1.0000  cm-1
12199.002    0.094      902.970           059003.000117   059003.000168          1.0000  cm-1
12181.284    0.004      129.626           059003.000329   059003.000472          1.0000  cm-1
12160.760    0.010      130.364           059003.000048   059003.000123          1.0000  cm-1
12154.314    0.004      130.597           059003.000319   059003.000466          1.0000  cm-1
12139.473    0.010      3934.105          059003.000036   059003.000086          1.0000  cm-1
12125.396    0.010      6582.626          059003.000107   059003.000158          1.0000  cm-1
12117.534    0.004      395.826           059003.000318   059003.000464          1.0000  cm-1
12112.214    0.010      132.138           059003.000547   059003.000397 P        0.0000  cm-1
12112.214    0.010      132.138           059003.000328   059003.000469          1.0000  cm-1
12100.361    0.010      1060.621          059003.000038   059003.000089          1.0000  cm-1
12082.875    0.004      133.230           059003.000039   059003.000099          1.0000  cm-1
12047.353    0.010      672.835           059003.000542   059003.000371 P        0.0000  cm-1
12047.353    0.010      672.835           059003.000043   059003.000112          1.0000  cm-1
12046.213    0.093      134.610           059003.000320   059003.000465          0.3064  cm-1
12046.213    0.093      134.610           059003.000090   059003.000147          0.6936  cm-1
11966.800    0.020      137.651           059003.000032   059003.000046          1.0000  cm-1
11956.920    0.100      138.033           059003.000055   059003.000126          1.0000  cm-1
11942.768    0.010      1247.225          059003.000036   059003.000085          1.0000  cm-1
11942.768    0.010      1247.225          059003.000342   059003.000396 P        0.0000  cm-1
11934.868    0.004      694.434           059003.000340   059003.000480          1.0000  cm-1
11915.489    0.004      837.834           059003.000073   059003.000136          1.0000  cm-1
11915.489    0.004      837.834           059003.000548   059003.000484 P        0.0000  cm-1
11899.133    0.010      701.372           059003.000051   059003.000123          1.0000  cm-1
11891.835    0.004      843.349           059003.000092   059003.000147          1.0000  cm-1
11890.657    0.004      1265.435          059003.000568   059003.000527 P        0.0000  cm-1
11890.657    0.004      1265.435          059003.000546   059003.000479          1.0000  cm-1
11890.167    0.023      1265.606          059003.000318   059003.000463 P        0.0000  cm-1
11890.167    0.023      1265.606          059003.000039   059003.000097          1.0000  cm-1
11888.616    0.004      2813.665          059003.000037   059003.000088          1.0000  cm-1
11860.125    0.004      283.580           059003.000413   059003.000426 P        0.0000  cm-1
11842.940    0.004      427.371           059003.000344   059003.000486 P        0.0000  cm-1
11840.793    0.039      712.701           059003.000056   059003.000128          1.0000  cm-1
11840.793    0.039      712.701           059003.000305   059003.000317 P        0.0000  cm-1
11831.808    0.004      285.776           059003.000331   059003.000470          1.0000  cm-1
11779.343    0.004      144.909           059003.000345   059003.000487          1.0000  cm-1
11777.630    0.500      144.974           059003.000321   059003.000466 P        0.0000  cm-1
11777.630    0.500      144.974           059003.000542   059003.000366 P        0.0000  cm-1
11777.630    0.500      144.974           059003.000092   059003.000146 P        0.0000  cm-1
11777.630    0.500      144.974           059003.000541   059003.000359          0.4440  cm-1
11777.630    0.500      144.974           059003.000034   059003.000078          0.5560  cm-1
11772.962    0.004      145.153           059003.000117   059003.000163 P        0.0000  cm-1
11768.416    0.010      2906.530          059003.000124   059003.000173          1.0000  cm-1
11765.623    0.004      727.165           059003.000342   059003.000481          1.0000  cm-1
11753.892    0.022      145.879           059003.000107   059003.000153          1.0000  cm-1
11752.958    0.004      291.829           059003.000342   059003.000480          1.0000  cm-1
11749.721    0.004      584.150           059003.000331   059003.000469          1.0000  cm-1
11747.594    0.036      438.354           059003.000044   059003.000112          1.0000  cm-1
11734.556    0.004      1319.494          059003.000332   059003.000471          1.0000  cm-1
11711.630    0.004      147.470           059003.000455   059003.000323 P        0.0000  cm-1
11710.216    0.004      885.134           059003.000335   059003.000388 P        0.0000  cm-1
11698.632    0.004      147.952           059003.000362   059003.000568 P        0.0000  cm-1
11695.041    0.029      148.085           059003.000048   059003.000119          1.0000  cm-1
11680.538    0.022      297.237           059003.000039   059003.000093          1.0000  cm-1
11672.133    0.004      595.702           059003.000320   059003.000463          1.0000  cm-1
11668.638    0.010      5962.105          059003.000552   059003.000400 P        0.0000  cm-1
11668.638    0.010      5962.105          059003.000037   059003.000087          1.0000  cm-1
11668.638    0.010      5962.105          059003.000570   059003.000534 P        0.0000  cm-1
11631.218    0.004      1353.547          059003.000124   059003.000172          1.0000  cm-1
11628.409    0.009      601.973           059003.000117   059003.000162          1.0000  cm-1
11621.015    0.009      150753.066        059003.000061   059003.000129          1.0000  cm-1
11618.410    0.004      301.688           059003.000321   059003.000464          1.0000  cm-1
11593.963    0.004      151.689           059003.000334   059003.000472          1.0000  cm-1
11562.678    0.009      152.739           059003.000315   059003.000359          1.0000  cm-1
11531.213    0.004      1076.294          059003.000396   059003.000419 P        0.0000  cm-1
11531.213    0.004      1076.294          059003.000323   059003.000465          1.0000  cm-1
11523.359    0.093      308.007           059003.000122   059003.000168          1.0000  cm-1
11522.136    0.004      1232.334          059003.000043   059003.000111          1.0000  cm-1
11516.438    0.004      154.219           059003.000543   059003.000472          1.0000  cm-1
11513.796    0.009      154.301           059003.000541   059003.000459 P        0.0000  cm-1
11502.228    0.013      15465.462         059003.000035   059003.000082          1.0000  cm-1
11477.773    0.100      1243.046          059003.000344   059003.000485 P        0.0000  cm-1
11477.773    0.100      1243.046          059003.000341   059003.000392 P        0.0000  cm-1
11477.773    0.100      1243.046          059003.000320   059003.000360 P        0.0000  cm-1
11477.773    0.100      1243.046          059003.000034   059003.000076          1.0000  cm-1
11476.092    0.527      155.429           059003.000058   059003.000127          1.0000  cm-1
11476.092    0.527      155.429           059003.000557   059003.000407 P        0.0000  cm-1
11473.005    0.004      1399.668          059003.000036   059003.000083          1.0000  cm-1
11470.472    0.009      155.591           059003.000103   059003.000151          1.0000  cm-1
11439.047    0.004      156.465           059003.000568   059003.000523 P        0.0000  cm-1
11439.047    0.004      156.465           059003.000545   059003.000477          1.0000  cm-1
11407.790    0.004      157.275           059003.000314   059003.000459          1.0000  cm-1
11397.581    0.061      15752.584         059003.000109   059003.000154          1.0000  cm-1
11291.162    0.004      31938.008         059003.000052   059003.000120          1.0000  cm-1
11291.162    0.004      31938.008         059003.000554   059003.000405 P        0.0000  cm-1
11280.661    0.004      799.270           059003.000036   059003.000081          1.0000  cm-1
11250.349    0.017      4006.779          059003.000110   059003.000154          1.0000  cm-1
11237.553    0.004      1604.215          059003.000326   059003.000467          1.0000  cm-1
11221.904    0.024      3211.670          059003.000037   059003.000085          1.0000  cm-1
11174.038    0.004      1609.233          059003.000337   059003.000476          1.0000  cm-1
11156.713    0.004      1609.854          059003.000036   059003.000080          1.0000  cm-1
11088.018    0.004      1608.872          059003.000315   059003.000458 P        0.0000  cm-1
11064.270    0.004      1607.176          059003.000327   059003.000468          1.0000  cm-1
11055.926    0.004      1606.407          059003.000556   059003.000404 P        0.0000  cm-1
11025.295    0.004      801.392           059003.000401   059003.000419 P        0.0000  cm-1
11003.532    0.042      2399.140          059003.000552   059003.000481          0.4398  cm-1
11003.532    0.042      2399.140          059003.000048   059003.000115          0.5602  cm-1
11003.532    0.042      2399.140          059003.000340   059003.000389 P        0.0000  cm-1
10986.913    0.004      798.206           059003.000345   059003.000484 P        0.0000  cm-1
10986.015    0.015      7981.191          059003.000039   059003.000088          1.0000  cm-1
10986.015    0.015      7981.191          059003.000405   059003.000572 P        0.0000  cm-1
10947.620    0.004      7938.431          059003.000040   059003.000093          1.0000  cm-1
10922.525    0.025      1580.902          059003.000124   059003.000167          1.0000  cm-1
10893.339    0.004      1571.788          059003.000308   059003.000330 P        0.0000  cm-1
10893.339    0.004      1571.788          059003.000316   059003.000458          1.0000  cm-1
10840.284    0.004      6206.983          059003.000055   059003.000123          1.0000  cm-1
10834.136    0.004      774.564           059003.000327   059003.000369          1.0000  cm-1
10800.473    0.004      766.838           059003.000327   059003.000368          1.0000  cm-1
10800.473    0.004      766.838           059003.000544   059003.000475 P        0.0000  cm-1
10789.694    0.008      7641.641          059003.000034   059003.000074          1.0000  cm-1
10766.024    0.014      2273.841          059003.000039   059003.000087          1.0000  cm-1
10741.829    0.003      2253.296          059003.000051   059003.000115          1.0000  cm-1
10729.408    0.003      747.388           059003.000317   059003.000458          1.0000  cm-1
10726.051    0.003      3731.814          059003.000034   059003.000539          1.0000  cm-1
10710.201    0.003      7413.896          059003.000036   059003.000076          1.0000  cm-1
10676.106    0.003      729.959           059003.000037   059003.000082          1.0000  cm-1
10660.966    0.016      5071.934          059003.000038   059003.000083          1.0000  cm-1
10657.463    0.003      723.285           059003.000319   059003.000459          1.0000  cm-1
10653.209    0.003      721.721           059003.000338   059003.000383          1.0000  cm-1
10648.336    0.003      5039.363          059003.000038   059003.000540          1.0000  cm-1
10606.754    0.003      703.628           059003.000342   059003.000387          1.0000  cm-1
10599.811    0.003      2102.298          059003.000124   059003.000164          1.0000  cm-1
10583.321    0.021      2081.424          059003.000043   059003.000105          1.0000  cm-1
10573.669    0.029      1379.259          059003.000043   059003.000104          1.0000  cm-1
10541.274    0.003      675.045           059003.000326   059003.000364          1.0000  cm-1
10511.988    0.003      661.131           059003.000341   059003.000476          1.0000  cm-1
10491.488    0.003      1301.980          059003.000048   059003.000112          1.0000  cm-1
10468.588    0.003      4474.977          059003.000313   059003.000346 P        0.0000  cm-1
10468.588    0.003      4474.977          059003.000038   059003.000081          1.0000  cm-1
10468.588    0.003      4474.977          059003.000416   059003.000617 P        0.0000  cm-1
10435.830    0.003      2487.452          059003.000037   059003.000080          1.0000  cm-1
10371.267    0.003      585.375           059003.000557   059003.000399          1.0000  cm-1
10356.817    0.003      1153.693          059003.000412   059003.000576 P        0.0000  cm-1
10356.817    0.003      1153.693          059003.000056   059003.000121          1.0000  cm-1
10319.252    0.003      554.120           059003.000039   059003.000085          1.0000  cm-1
10305.003    0.007      545.303           059003.000560   059003.000407          1.0000  cm-1
10282.650    0.003      531.274           059003.000321   059003.000459 P        0.0000  cm-1
10276.171    0.021      527.165           059003.000117   059003.000159          1.0000  cm-1
10273.946    0.056      525.749           059003.000044   059003.000104          1.0000  cm-1
10255.939    0.003      514.219           059003.000316   059003.000352 P        0.0000  cm-1
10255.939    0.003      514.219           059003.000413   059003.000576 P        0.0000  cm-1
10221.752    0.018      491.992           059003.000068   059003.000130          1.0000  cm-1
10198.186    0.003      2858.706          059003.000335   059003.000375 P        0.0000  cm-1
10198.186    0.003      2858.706          059003.000038   059003.000078          1.0000  cm-1
10194.660    0.020      3318.785          059003.000058   059003.000123          1.0000  cm-1
10121.861    0.003      1275.861          059003.000044   059003.000102          1.0000  cm-1
10095.669    0.003      407.575           059003.000552   059003.000390          1.0000  cm-1
10063.319    0.040      771.393           059003.000322   059003.000459 P        0.0000  cm-1
10063.319    0.040      771.393           059003.000044   059003.000101          1.0000  cm-1
10022.193    0.013      358.008           059003.000036   059003.000074          1.0000  cm-1
10022.193    0.013      358.008           059003.000489   059003.000571 P        0.0000  cm-1
10006.109    0.007      6945.024          059003.000052   059003.000114          1.0000  cm-1
10006.109    0.007      6945.024          059003.000311   059003.000543 P        0.0000  cm-1
9966.266     0.003      6417.509          059003.000048   059003.000111          1.0000  cm-1
9839.499     0.003      4821.014          059003.000035   059003.000073          1.0000  cm-1
9764.259     0.021      3959.187          059003.000043   059003.000097          1.0000  cm-1
9704.584     0.026      3333.755          059003.000051   059003.000111          1.0000  cm-1
9682.960     0.030      3121.055          059003.000055   059003.000115          1.0000  cm-1
9328.777     0.003      771.020           059003.000051   059003.000108          1.0000  cm-1
