group,822-828,828-850,850-888,888-966,966-1000,1000-1025,1025-1050,1050-1075,1075-1100,1100-1125,1125-1150,1150-1164,1175-1200,1200-1225,1225-1250,1250-1275,1275-1300,1300-1325,1325-1350,1350-1375,1375-1400,1400-1425,1425-1450,1450-1475,1475-1500,1500-1523,1525-1664,1664-1700,1700-1725,1725-1750,1750-1775,1775-1800,1800-1825,1825-1850,1850-1875,1875-1900,1900-1925,1925-1950,1950-1975,1975-2000,2000-2025,2025-2050,2050-2075,2075-2103,2103-2150,2150-2175,2175-2191,2191-2200,2200-2225,2225-2250,2250-2275,2275-2283,2283-2300,2300-2325,2325-2343,2343-2375,2375-2400,2400-2425,2425-2450,2450-2475,2475-2498,2498-2525,2525-2543,2543-2575,2575-2600,2600-2632,2632-2650,2650-2675,2675-2700,2700-2725,2725-2750,2750-2775,2775-2781,2809-2850,2850-2875,2875-2900,2900-2925,2925-2950,2950-2975,2975-3000,3000-3025,3025-3050,3050-3075,3075-3100,3100-3125,3125-3175,3175-3211,3256-3275,3275-3325,3325-3350,3350-3375,3375-3400,3400-3425,3425-3475,3475-3525,3525-3575,3575-3625,3625-3675,3675-3700,3700-3775,3775-3825,3825-3900,3900-4000,4000-4075,4075-4150,4150-4175,4175-4200,4200-4250,4250-4300,4300-4350,4350-4375,4375-4400,4400-4425,4425-4450,4450-4500,4500-4575,4575-4650,4650-4725,4725-4800,4800-4936,5075-5370,5400-5550,5550-5600,5600-5750,5750-5850,5850-5950,5950-6075,6075-6200,6200-6275,6275-6425,6425-6525,6525-6725,6725-6875,6875-7000,7000-7150,7150-7385,7385-7500,7500-7600,7600-7700,7700-7800,7800-7850,7850-7950,7950-8190,8190-8375,8375-8500,8500-8600,8600-8750,9033-9300,9300-9450,9450-9750,9750-10350
822-828,+1.744500e-06,+2.290323e-07,+2.214683e-07,+1.063739e-07,+6.660139e-08,+7.421254e-08,+7.079584e-08,+7.259758e-08,+7.263270e-08,+7.517952e-08,+7.707411e-08,+7.709006e-08,+7.882100e-08,+7.840243e-08,+8.024117e-08,+8.056783e-08,+8.346260e-08,+8.459536e-08,+8.715445e-08,+8.858220e-08,+9.006986e-08,+9.135930e-08,+9.504537e-08,+9.499778e-08,+9.313767e-08,+9.914525e-08,+1.062842e-07,+1.123786e-07,+1.129806e-07,+1.152800e-07,+1.166000e-07,+1.188116e-07,+1.205031e-07,+1.211154e-07,+1.224896e-07,+1.251464e-07,+1.264999e-07,+1.292119e-07,+1.305764e-07,+1.342015e-07,+1.343046e-07,+1.368009e-07,+1.390246e-07,+1.383147e-07,+1.427676e-07,+1.413161e-07,+1.423454e-07,+1.438194e-07,+1.442737e-07,+1.444147e-07,+1.474209e-07,+1.485923e-07,+1.479577e-07,+1.501011e-07,+1.521111e-07,+1.561543e-07,+1.545076e-07,+1.552032e-07,+1.566280e-07,+1.585561e-07,+1.610392e-07,+1.629948e-07,+1.620555e-07,+1.652396e-07,+1.679515e-07,+1.668080e-07,+1.657780e-07,+1.682027e-07,+1.711708e-07,+1.721905e-07,+1.724668e-07,+1.784351e-07,+1.725802e-07,+1.803911e-07,+1.809840e-07,+1.764726e-07,+1.819477e-07,+1.784267e-07,+1.881240e-07,+1.839008e-07,+1.870327e-07,+2.036358e-07,+2.187288e-07,+1.917892e-07,+1.940078e-07,+1.956391e-07,+1.914899e-07,+1.978314e-07,+2.020574e-07,+1.960825e-07,+2.015486e-07,+2.004349e-07,+2.043495e-07,+2.099945e-07,+2.135715e-07,+2.137309e-07,+2.146498e-07,+2.244830e-07,+2.178712e-07,+2.265446e-07,+2.265901e-07,+2.267423e-07,+2.282315e-07,+2.382106e-07,+2.431078e-07,+2.337903e-07,+2.443734e-07,+2.387538e-07,+2.355566e-07,+2.490880e-07,+2.514079e-07,+2.443237e-07,+2.619201e-07,+2.749847e-07,+2.793337e-07,+2.660367e-07,+2.524730e-07,+2.666556e-07,+2.748800e-07,+2.726679e-07,+2.915822e-07,+3.100296e-07,+3.048674e-07,+3.159981e-07,+3.252626e-07,+3.372113e-07,+3.193457e-07,+3.134868e-07,+3.188160e-07,+3.177101e-07,+3.296938e-07,+3.201380e-07,+3.104771e-07,+3.245787e-07,+3.332173e-07,+3.485527e-07,+2.999438e-07,+3.715468e-07,+3.054101e-07,+3.752439e-07,+3.819242e-07,+3.655707e-07,+4.085429e-07,+3.805634e-07,+4.391546e-07,+3.912196e-07,+3.644351e-07,+4.110433e-07,+3.366715e-07,+3.475261e-07,+3.890295e-07
828-850,+2.290323e-07,+4.422706e-07,+2.423223e-07,+9.110591e-08,+6.697596e-08,+7.097423e-08,+7.298585e-08,+7.463101e-08,+7.434990e-08,+7.741086e-08,+7.970774e-08,+8.034318e-08,+8.186390e-08,+7.982577e-08,+8.090269e-08,+8.219049e-08,+8.492650e-08,+8.623276e-08,+8.919718e-08,+9.040570e-08,+9.186464e-08,+9.297224e-08,+9.683395e-08,+9.688683e-08,+9.495093e-08,+1.013006e-07,+1.089076e-07,+1.148035e-07,+1.154868e-07,+1.176230e-07,+1.187261e-07,+1.202679e-07,+1.224016e-07,+1.233192e-07,+1.244350e-07,+1.271054e-07,+1.285031e-07,+1.309185e-07,+1.326083e-07,+1.366751e-07,+1.370984e-07,+1.383434e-07,+1.408092e-07,+1.404612e-07,+1.457933e-07,+1.442262e-07,+1.455587e-07,+1.467771e-07,+1.471664e-07,+1.477242e-07,+1.505522e-07,+1.517665e-07,+1.509602e-07,+1.531482e-07,+1.556137e-07,+1.596573e-07,+1.579785e-07,+1.585333e-07,+1.600878e-07,+1.618323e-07,+1.635576e-07,+1.658221e-07,+1.652656e-07,+1.697292e-07,+1.725573e-07,+1.715140e-07,+1.696861e-07,+1.715497e-07,+1.750361e-07,+1.762077e-07,+1.761538e-07,+1.817740e-07,+1.695802e-07,+1.848973e-07,+1.842561e-07,+1.800235e-07,+1.860371e-07,+1.817405e-07,+1.917377e-07,+1.875356e-07,+1.906353e-07,+2.226091e-07,+2.068494e-07,+1.954185e-07,+1.978484e-07,+1.997838e-07,+1.951443e-07,+2.016853e-07,+2.059713e-07,+2.006107e-07,+2.059746e-07,+2.046148e-07,+2.085047e-07,+2.138453e-07,+2.167921e-07,+2.191671e-07,+2.181949e-07,+2.235440e-07,+2.228852e-07,+2.313905e-07,+2.299441e-07,+2.336736e-07,+2.342081e-07,+2.429554e-07,+2.462305e-07,+2.407125e-07,+2.482726e-07,+2.440101e-07,+2.380416e-07,+2.533301e-07,+2.559712e-07,+2.494273e-07,+2.666402e-07,+2.777294e-07,+2.846615e-07,+2.694932e-07,+2.569310e-07,+2.725108e-07,+2.790606e-07,+2.708191e-07,+2.929314e-07,+3.042413e-07,+3.045906e-07,+3.189819e-07,+3.287467e-07,+3.350830e-07,+3.128602e-07,+3.161688e-07,+3.151718e-07,+3.266012e-07,+3.241961e-07,+3.120640e-07,+3.313442e-07,+3.277220e-07,+3.396204e-07,+3.522207e-07,+3.375131e-07,+3.689310e-07,+3.437862e-07,+3.788052e-07,+3.919493e-07,+3.745460e-07,+4.001345e-07,+4.040456e-07,+4.450080e-07,+3.917548e-07,+3.711414e-07,+4.022092e-07,+3.254356e-07,+3.442158e-07,+3.912138e-07
850-888,+2.214683e-07,+2.423223e-07,+4.944104e-07,+8.942619e-08,+6.907019e-08,+7.511825e-08,+7.695311e-08,+7.900438e-08,+7.839024e-08,+8.224411e-08,+8.630275e-08,+8.388028e-08,+8.573384e-08,+8.317332e-08,+8.420783e-08,+8.567245e-08,+8.833549e-08,+8.939339e-08,+9.243405e-08,+9.419316e-08,+9.487845e-08,+9.566707e-08,+9.921959e-08,+9.953450e-08,+9.766688e-08,+1.035736e-07,+1.114992e-07,+1.173631e-07,+1.174110e-07,+1.206998e-07,+1.208936e-07,+1.225668e-07,+1.248250e-07,+1.255399e-07,+1.268652e-07,+1.290992e-07,+1.311280e-07,+1.328837e-07,+1.348588e-07,+1.383651e-07,+1.388518e-07,+1.402560e-07,+1.426802e-07,+1.431729e-07,+1.472257e-07,+1.472976e-07,+1.485562e-07,+1.504505e-07,+1.507515e-07,+1.511986e-07,+1.539413e-07,+1.552026e-07,+1.543529e-07,+1.568068e-07,+1.592265e-07,+1.634352e-07,+1.614155e-07,+1.626533e-07,+1.641469e-07,+1.660376e-07,+1.677620e-07,+1.699861e-07,+1.695667e-07,+1.736692e-07,+1.764215e-07,+1.750270e-07,+1.738088e-07,+1.756453e-07,+1.791330e-07,+1.800355e-07,+1.803198e-07,+1.862639e-07,+1.744240e-07,+1.888839e-07,+1.884477e-07,+1.842597e-07,+1.907491e-07,+1.862039e-07,+1.959764e-07,+1.918093e-07,+1.948400e-07,+2.152577e-07,+2.118952e-07,+2.001091e-07,+2.022647e-07,+2.044472e-07,+1.998974e-07,+2.067113e-07,+2.110626e-07,+2.055956e-07,+2.113376e-07,+2.093900e-07,+2.137477e-07,+2.192915e-07,+2.223776e-07,+2.237353e-07,+2.243626e-07,+2.296890e-07,+2.273917e-07,+2.370529e-07,+2.367926e-07,+2.386812e-07,+2.401121e-07,+2.496048e-07,+2.528126e-07,+2.439322e-07,+2.539988e-07,+2.504062e-07,+2.427250e-07,+2.612614e-07,+2.637880e-07,+2.547709e-07,+2.745877e-07,+2.860309e-07,+2.989168e-07,+2.736058e-07,+2.618254e-07,+2.822239e-07,+2.886814e-07,+2.784603e-07,+3.003757e-07,+3.133282e-07,+3.126707e-07,+3.275323e-07,+3.422469e-07,+3.478449e-07,+3.241546e-07,+3.284166e-07,+3.323091e-07,+3.409516e-07,+3.413292e-07,+3.351668e-07,+3.599977e-07,+3.457949e-07,+3.705825e-07,+3.704300e-07,+3.586005e-07,+3.909882e-07,+3.915090e-07,+4.078378e-07,+4.015157e-07,+4.086569e-07,+4.377403e-07,+4.252603e-07,+4.638985e-07,+4.183041e-07,+4.000399e-07,+4.462342e-07,+3.649300e-07,+3.737022e-07,+4.260128e-07
888-966,+1.063739e-07,+9.110591e-08,+8.942619e-08,+6.355819e-07,+7.829274e-08,+7.967442e-08,+8.325801e-08,+9.207311e-08,+8.858972e-08,+8.935930e-08,+8.808844e-08,+8.624956e-08,+9.391120e-08,+9.587153e-08,+9.168702e-08,+9.369229e-08,+9.570157e-08,+9.648278e-08,+1.001074e-07,+1.023378e-07,+1.029548e-07,+1.029325e-07,+1.067905e-07,+1.066858e-07,+1.051550e-07,+1.108985e-07,+1.184499e-07,+1.250259e-07,+1.254269e-07,+1.294885e-07,+1.310308e-07,+1.310098e-07,+1.338332e-07,+1.339702e-07,+1.361307e-07,+1.381637e-07,+1.396810e-07,+1.415224e-07,+1.433664e-07,+1.478098e-07,+1.483898e-07,+1.489941e-07,+1.514480e-07,+1.527265e-07,+1.556700e-07,+1.570697e-07,+1.586061e-07,+1.602866e-07,+1.601499e-07,+1.605024e-07,+1.637098e-07,+1.649708e-07,+1.646641e-07,+1.673398e-07,+1.696760e-07,+1.740528e-07,+1.719379e-07,+1.728845e-07,+1.749434e-07,+1.775069e-07,+1.798396e-07,+1.814080e-07,+1.813797e-07,+1.856450e-07,+1.877773e-07,+1.862032e-07,+1.859633e-07,+1.877720e-07,+1.911123e-07,+1.925468e-07,+1.926815e-07,+1.980941e-07,+1.869493e-07,+2.007427e-07,+2.002434e-07,+1.971294e-07,+2.030391e-07,+1.974034e-07,+2.083160e-07,+2.050094e-07,+2.069055e-07,+2.127199e-07,+2.152376e-07,+2.126996e-07,+2.148121e-07,+2.169550e-07,+2.131474e-07,+2.199403e-07,+2.249039e-07,+2.189083e-07,+2.259913e-07,+2.224322e-07,+2.289677e-07,+2.342732e-07,+2.368686e-07,+2.376009e-07,+2.403106e-07,+2.457789e-07,+2.451687e-07,+2.604353e-07,+2.529493e-07,+2.568016e-07,+2.558192e-07,+2.684987e-07,+2.689206e-07,+2.592761e-07,+2.717842e-07,+2.719901e-07,+2.651129e-07,+2.809587e-07,+2.807575e-07,+2.692749e-07,+2.953258e-07,+3.068649e-07,+3.241098e-07,+2.997484e-07,+2.808682e-07,+3.031417e-07,+3.117508e-07,+2.983896e-07,+3.269843e-07,+3.474003e-07,+3.454499e-07,+3.621549e-07,+3.742266e-07,+3.832145e-07,+3.623116e-07,+3.651603e-07,+3.692832e-07,+3.768465e-07,+3.787178e-07,+3.826640e-07,+3.976865e-07,+3.871104e-07,+4.124396e-07,+4.117649e-07,+3.982457e-07,+4.393788e-07,+4.479285e-07,+4.831303e-07,+4.440122e-07,+4.650404e-07,+4.972826e-07,+4.611080e-07,+5.144208e-07,+4.662394e-07,+4.492958e-07,+5.104521e-07,+4.282599e-07,+4.294545e-07,+4.948377e-07
966-1000,+6.660139e-08,+6.697596e-08,+6.907019e-08,+7.829274e-08,+2.623289e-07,+8.204933e-08,+8.471442e-08,+8.799122e-08,+8.789870e-08,+8.941595e-08,+9.071792e-08,+9.067189e-08,+9.385912e-08,+9.580866e-08,+9.638282e-08,+9.866192e-08,+1.004505e-07,+1.024728e-07,+1.041256e-07,+1.086563e-07,+1.087180e-07,+1.080342e-07,+1.115265e-07,+1.117403e-07,+1.107692e-07,+1.165862e-07,+1.245071e-07,+1.303080e-07,+1.311334e-07,+1.339746e-07,+1.361193e-07,+1.378888e-07,+1.406466e-07,+1.411157e-07,+1.427478e-07,+1.449052e-07,+1.469331e-07,+1.505695e-07,+1.511004e-07,+1.560349e-07,+1.554262e-07,+1.579608e-07,+1.597673e-07,+1.607678e-07,+1.646338e-07,+1.650194e-07,+1.661919e-07,+1.676534e-07,+1.673982e-07,+1.681073e-07,+1.711314e-07,+1.728563e-07,+1.723112e-07,+1.753832e-07,+1.772500e-07,+1.829829e-07,+1.802413e-07,+1.810595e-07,+1.827184e-07,+1.846198e-07,+1.875437e-07,+1.896911e-07,+1.901342e-07,+1.952604e-07,+1.969455e-07,+1.955932e-07,+1.942714e-07,+1.968201e-07,+1.998913e-07,+2.014932e-07,+2.017681e-07,+2.082579e-07,+1.935782e-07,+2.111399e-07,+2.106069e-07,+2.065216e-07,+2.135004e-07,+2.080399e-07,+2.196028e-07,+2.144542e-07,+2.176508e-07,+2.215607e-07,+2.296767e-07,+2.242080e-07,+2.266787e-07,+2.283912e-07,+2.241186e-07,+2.314121e-07,+2.366580e-07,+2.303886e-07,+2.372322e-07,+2.346284e-07,+2.413709e-07,+2.466339e-07,+2.497126e-07,+2.503098e-07,+2.533307e-07,+2.598491e-07,+2.593677e-07,+2.658415e-07,+2.666368e-07,+2.726648e-07,+2.730537e-07,+2.839987e-07,+2.868995e-07,+2.840439e-07,+2.924739e-07,+2.858411e-07,+2.821419e-07,+3.015922e-07,+3.001783e-07,+2.872759e-07,+3.147547e-07,+3.199373e-07,+3.341705e-07,+3.185538e-07,+2.987673e-07,+3.178432e-07,+3.285026e-07,+3.222788e-07,+3.485410e-07,+3.639932e-07,+3.674817e-07,+3.852178e-07,+4.011835e-07,+4.013150e-07,+3.844953e-07,+3.905884e-07,+3.981880e-07,+4.068317e-07,+4.000466e-07,+4.070669e-07,+4.191558e-07,+4.113033e-07,+4.279515e-07,+4.436990e-07,+4.155927e-07,+4.605426e-07,+4.719995e-07,+5.270617e-07,+4.769611e-07,+4.814434e-07,+5.317003e-07,+4.876592e-07,+5.557233e-07,+5.175062e-07,+4.895356e-07,+5.498868e-07,+4.705357e-07,+4.964616e-07,+5.265573e-07
1000-1025,+7.421254e-08,+7.097423e-08,+7.511825e-08,+7.967442e-08,+8.204933e-08,+1.633353e-07,+8.777796e-08,+8.874617e-08,+9.039842e-08,+9.262552e-08,+9.338595e-08,+9.496202e-08,+9.600636e-08,+1.009636e-07,+1.004414e-07,+1.016608e-07,+1.041265e-07,+1.054712e-07,+1.099685e-07,+1.134928e-07,+1.122032e-07,+1.116795e-07,+1.148759e-07,+1.157262e-07,+1.142181e-07,+1.197183e-07,+1.281395e-07,+1.337219e-07,+1.344451e-07,+1.373662e-07,+1.389900e-07,+1.411507e-07,+1.434934e-07,+1.443481e-07,+1.461570e-07,+1.481844e-07,+1.500839e-07,+1.533313e-07,+1.548304e-07,+1.591407e-07,+1.591932e-07,+1.615728e-07,+1.635266e-07,+1.644393e-07,+1.691370e-07,+1.691272e-07,+1.703804e-07,+1.718835e-07,+1.722269e-07,+1.728886e-07,+1.758883e-07,+1.776697e-07,+1.772289e-07,+1.799347e-07,+1.821478e-07,+1.878703e-07,+1.852923e-07,+1.859747e-07,+1.877695e-07,+1.900383e-07,+1.923980e-07,+1.950333e-07,+1.948284e-07,+2.002185e-07,+2.029159e-07,+2.012765e-07,+2.004831e-07,+2.020534e-07,+2.054438e-07,+2.069920e-07,+2.073500e-07,+2.137202e-07,+1.982510e-07,+2.165060e-07,+2.160021e-07,+2.121707e-07,+2.189942e-07,+2.133054e-07,+2.248795e-07,+2.198709e-07,+2.226831e-07,+2.275791e-07,+2.317392e-07,+2.299273e-07,+2.318450e-07,+2.342173e-07,+2.298284e-07,+2.374490e-07,+2.425387e-07,+2.363313e-07,+2.433742e-07,+2.401317e-07,+2.476218e-07,+2.528432e-07,+2.560749e-07,+2.570098e-07,+2.595239e-07,+2.647898e-07,+2.657719e-07,+2.727940e-07,+2.735519e-07,+2.801406e-07,+2.802659e-07,+2.901052e-07,+2.948163e-07,+2.846419e-07,+2.968366e-07,+2.935394e-07,+2.945613e-07,+3.066870e-07,+3.112404e-07,+2.920617e-07,+3.226088e-07,+3.356674e-07,+3.415468e-07,+3.262006e-07,+3.040391e-07,+3.266540e-07,+3.397389e-07,+3.289326e-07,+3.562020e-07,+3.708424e-07,+3.749342e-07,+3.865091e-07,+4.026967e-07,+4.123330e-07,+3.951955e-07,+3.946471e-07,+4.067093e-07,+4.175483e-07,+4.144094e-07,+4.138074e-07,+4.304533e-07,+4.171840e-07,+4.370072e-07,+4.532792e-07,+4.374997e-07,+4.702524e-07,+4.792201e-07,+4.885139e-07,+4.900532e-07,+4.973912e-07,+5.575130e-07,+5.168843e-07,+5.798776e-07,+5.315616e-07,+5.088296e-07,+5.934957e-07,+5.066686e-07,+4.872131e-07,+5.453063e-07
1025-1050,+7.079584e-08,+7.298585e-08,+7.695311e-08,+8.325801e-08,+8.471442e-08,+8.777796e-08,+1.521293e-07,+9.423694e-08,+9.427940e-08,+9.644549e-08,+9.730999e-08,+9.932508e-08,+1.001267e-07,+1.016042e-07,+1.043754e-07,+1.050960e-07,+1.075858e-07,+1.109903e-07,+1.133215e-07,+1.170345e-07,+1.141604e-07,+1.145047e-07,+1.176656e-07,+1.186390e-07,+1.167368e-07,+1.225565e-07,+1.312647e-07,+1.368573e-07,+1.373948e-07,+1.403361e-07,+1.421618e-07,+1.436616e-07,+1.462498e-07,+1.474034e-07,+1.491373e-07,+1.510820e-07,+1.533792e-07,+1.562770e-07,+1.581439e-07,+1.625290e-07,+1.626106e-07,+1.649697e-07,+1.669480e-07,+1.682470e-07,+1.732451e-07,+1.734223e-07,+1.746380e-07,+1.763708e-07,+1.762633e-07,+1.775183e-07,+1.804638e-07,+1.821798e-07,+1.814576e-07,+1.845757e-07,+1.871651e-07,+1.926684e-07,+1.902179e-07,+1.910506e-07,+1.928448e-07,+1.948410e-07,+1.974246e-07,+2.002671e-07,+1.999584e-07,+2.056791e-07,+2.084042e-07,+2.067103e-07,+2.052478e-07,+2.071456e-07,+2.110995e-07,+2.123997e-07,+2.130157e-07,+2.194474e-07,+2.028071e-07,+2.222866e-07,+2.215550e-07,+2.175909e-07,+2.246266e-07,+2.191047e-07,+2.309980e-07,+2.257072e-07,+2.286302e-07,+2.335747e-07,+2.376932e-07,+2.357265e-07,+2.378569e-07,+2.405785e-07,+2.357023e-07,+2.438004e-07,+2.489034e-07,+2.424320e-07,+2.500123e-07,+2.465747e-07,+2.539947e-07,+2.592991e-07,+2.629117e-07,+2.636761e-07,+2.661340e-07,+2.715086e-07,+2.720514e-07,+2.807737e-07,+2.808314e-07,+2.881553e-07,+2.867114e-07,+2.981014e-07,+3.008124e-07,+2.911568e-07,+3.021545e-07,+3.009358e-07,+2.878117e-07,+3.158350e-07,+3.175524e-07,+3.071050e-07,+3.330541e-07,+3.389279e-07,+3.550565e-07,+3.330394e-07,+3.174668e-07,+3.384388e-07,+3.462204e-07,+3.371304e-07,+3.617880e-07,+3.751189e-07,+3.833029e-07,+3.983912e-07,+4.168449e-07,+4.195788e-07,+4.028563e-07,+4.024662e-07,+4.120450e-07,+4.269485e-07,+4.224516e-07,+4.240927e-07,+4.534729e-07,+4.297885e-07,+4.509058e-07,+4.651532e-07,+4.566848e-07,+4.885606e-07,+4.968865e-07,+5.278913e-07,+5.037069e-07,+5.159420e-07,+5.670236e-07,+5.404801e-07,+5.932108e-07,+5.528023e-07,+5.207391e-07,+5.978297e-07,+5.097067e-07,+5.024763e-07,+5.587784e-07
1050-1075,+7.259758e-08,+7.463101e-08,+7.900438e-08,+9.207311e-08,+8.799122e-08,+8.874617e-08,+9.423694e-08,+1.600841e-07,+9.845821e-08,+1.008154e-07,+1.036194e-07,+1.008109e-07,+1.049016e-07,+1.050774e-07,+1.092090e-07,+1.108132e-07,+1.145453e-07,+1.124252e-07,+1.187664e-07,+1.179121e-07,+1.202314e-07,+1.175665e-07,+1.213441e-07,+1.214213e-07,+1.196688e-07,+1.252482e-07,+1.340383e-07,+1.398517e-07,+1.406558e-07,+1.434450e-07,+1.449316e-07,+1.465291e-07,+1.488388e-07,+1.500200e-07,+1.518316e-07,+1.536061e-07,+1.561216e-07,+1.585862e-07,+1.607299e-07,+1.647703e-07,+1.652825e-07,+1.676650e-07,+1.696070e-07,+1.712236e-07,+1.751845e-07,+1.767166e-07,+1.781175e-07,+1.799367e-07,+1.802819e-07,+1.812917e-07,+1.845225e-07,+1.861486e-07,+1.856142e-07,+1.885947e-07,+1.913875e-07,+1.970637e-07,+1.943907e-07,+1.956506e-07,+1.975962e-07,+1.995647e-07,+2.023280e-07,+2.052164e-07,+2.046309e-07,+2.106986e-07,+2.132409e-07,+2.113870e-07,+2.101473e-07,+2.121471e-07,+2.164273e-07,+2.171398e-07,+2.179612e-07,+2.246185e-07,+2.074596e-07,+2.272869e-07,+2.267050e-07,+2.231028e-07,+2.299470e-07,+2.242591e-07,+2.362896e-07,+2.309505e-07,+2.339287e-07,+2.389350e-07,+2.430392e-07,+2.411394e-07,+2.432058e-07,+2.463590e-07,+2.414128e-07,+2.499645e-07,+2.550462e-07,+2.484971e-07,+2.563182e-07,+2.523551e-07,+2.601738e-07,+2.658420e-07,+2.695412e-07,+2.705434e-07,+2.728928e-07,+2.768349e-07,+2.775928e-07,+2.878544e-07,+2.877124e-07,+2.947243e-07,+2.946630e-07,+3.045925e-07,+3.084486e-07,+2.877153e-07,+3.074102e-07,+3.073252e-07,+3.029471e-07,+3.185147e-07,+3.286396e-07,+3.121351e-07,+3.423519e-07,+3.527516e-07,+3.643782e-07,+3.402381e-07,+3.239096e-07,+3.458323e-07,+3.569929e-07,+3.450102e-07,+3.735388e-07,+3.856938e-07,+3.962134e-07,+4.121050e-07,+4.333635e-07,+4.349321e-07,+4.155735e-07,+4.200255e-07,+4.286992e-07,+4.388103e-07,+4.343891e-07,+4.378397e-07,+4.676160e-07,+4.435711e-07,+4.678828e-07,+4.793504e-07,+4.718571e-07,+5.001682e-07,+5.201015e-07,+5.484706e-07,+5.119476e-07,+5.320046e-07,+5.810280e-07,+5.622937e-07,+5.980145e-07,+5.577367e-07,+5.316037e-07,+6.052156e-07,+5.259364e-07,+5.332855e-07,+5.877009e-07
1075-1100,+7.263270e-08,+7.434990e-08,+7.839024e-08,+8.858972e-08,+8.789870e-08,+9.039842e-08,+9.427940e-08,+9.845821e-08,+1.630499e-07,+1.044290e-07,+1.052758e-07,+1.021539e-07,+1.105888e-07,+1.115374e-07,+1.096058e-07,+1.128624e-07,+1.152605e-07,+1.171996e-07,+1.182001e-07,+1.244590e-07,+1.212631e-07,+1.196183e-07,+1.220386e-07,+1.232156e-07,+1.217525e-07,+1.272579e-07,+1.360605e-07,+1.419609e-07,+1.429012e-07,+1.450598e-07,+1.468451e-07,+1.485410e-07,+1.507122e-07,+1.522403e-07,+1.538898e-07,+1.557410e-07,+1.581748e-07,+1.606554e-07,+1.628233e-07,+1.667224e-07,+1.673805e-07,+1.698966e-07,+1.722702e-07,+1.739459e-07,+1.774733e-07,+1.792383e-07,+1.814203e-07,+1.830233e-07,+1.829723e-07,+1.839196e-07,+1.874498e-07,+1.895804e-07,+1.887283e-07,+1.920663e-07,+1.946049e-07,+2.009266e-07,+1.979602e-07,+1.990583e-07,+2.012241e-07,+2.033592e-07,+2.062009e-07,+2.091195e-07,+2.088709e-07,+2.149845e-07,+2.175974e-07,+2.157250e-07,+2.148020e-07,+2.163883e-07,+2.214972e-07,+2.219334e-07,+2.225202e-07,+2.295258e-07,+2.117604e-07,+2.322774e-07,+2.316654e-07,+2.281800e-07,+2.353144e-07,+2.284711e-07,+2.414324e-07,+2.360639e-07,+2.389846e-07,+2.433823e-07,+2.484191e-07,+2.465746e-07,+2.480899e-07,+2.518478e-07,+2.464434e-07,+2.552141e-07,+2.605017e-07,+2.537623e-07,+2.620235e-07,+2.578769e-07,+2.649241e-07,+2.712831e-07,+2.756402e-07,+2.762428e-07,+2.789963e-07,+2.833833e-07,+2.830355e-07,+2.954722e-07,+2.934644e-07,+3.022827e-07,+3.006736e-07,+3.093582e-07,+3.146328e-07,+2.968366e-07,+3.194747e-07,+3.166340e-07,+2.996516e-07,+3.305479e-07,+3.410514e-07,+3.088917e-07,+3.490528e-07,+3.534278e-07,+3.765914e-07,+3.478606e-07,+3.346849e-07,+3.542024e-07,+3.650257e-07,+3.511261e-07,+3.787045e-07,+3.973462e-07,+4.080987e-07,+4.168821e-07,+4.363780e-07,+4.432320e-07,+4.254521e-07,+4.294831e-07,+4.398510e-07,+4.464632e-07,+4.537220e-07,+4.522085e-07,+4.766172e-07,+4.574232e-07,+4.777065e-07,+4.914490e-07,+4.820133e-07,+5.094096e-07,+5.160647e-07,+5.896831e-07,+5.296984e-07,+5.407468e-07,+5.939522e-07,+5.795696e-07,+6.166628e-07,+5.699825e-07,+5.558912e-07,+6.361858e-07,+5.594407e-07,+5.358615e-07,+6.006160e-07
1100-1125,+7.517952e-08,+7.741086e-08,+8.224411e-08,+8.935930e-08,+8.941595e-08,+9.262552e-08,+9.644549e-08,+1.008154e-07,+1.044290e-07,+1.833410e-07,+1.109885e-07,+1.062199e-07,+1.113994e-07,+1.130835e-07,+1.113062e-07,+1.184912e-07,+1.222533e-07,+1.215079e-07,+1.230011e-07,+1.268000e-07,+1.257300e-07,+1.228118e-07,+1.251422e-07,+1.262805e-07,+1.251276e-07,+1.305431e-07,+1.393218e-07,+1.455059e-07,+1.465735e-07,+1.495646e-07,+1.505391e-07,+1.523081e-07,+1.548895e-07,+1.558051e-07,+1.580483e-07,+1.598506e-07,+1.621960e-07,+1.644292e-07,+1.667700e-07,+1.709838e-07,+1.716074e-07,+1.735946e-07,+1.762736e-07,+1.778918e-07,+1.811688e-07,+1.829252e-07,+1.848101e-07,+1.868936e-07,+1.872242e-07,+1.879172e-07,+1.917833e-07,+1.935200e-07,+1.930595e-07,+1.961953e-07,+1.990523e-07,+2.053421e-07,+2.024694e-07,+2.036152e-07,+2.063009e-07,+2.086463e-07,+2.115297e-07,+2.141448e-07,+2.139655e-07,+2.201926e-07,+2.232836e-07,+2.211046e-07,+2.205474e-07,+2.217336e-07,+2.271083e-07,+2.277899e-07,+2.283180e-07,+2.350519e-07,+2.170372e-07,+2.378926e-07,+2.374034e-07,+2.335758e-07,+2.413935e-07,+2.339366e-07,+2.474083e-07,+2.417981e-07,+2.447193e-07,+2.496782e-07,+2.541644e-07,+2.522541e-07,+2.534396e-07,+2.578296e-07,+2.525704e-07,+2.612399e-07,+2.666524e-07,+2.599377e-07,+2.687752e-07,+2.647631e-07,+2.712843e-07,+2.774953e-07,+2.820971e-07,+2.829296e-07,+2.847498e-07,+2.891363e-07,+2.896015e-07,+3.018674e-07,+3.010848e-07,+3.095578e-07,+3.094706e-07,+3.183759e-07,+3.246007e-07,+3.029023e-07,+3.220922e-07,+3.250799e-07,+3.059660e-07,+3.297298e-07,+3.460076e-07,+3.160603e-07,+3.608296e-07,+3.756633e-07,+3.936309e-07,+3.577400e-07,+3.397164e-07,+3.682774e-07,+3.782952e-07,+3.573292e-07,+3.866374e-07,+4.112047e-07,+4.195858e-07,+4.255742e-07,+4.480009e-07,+4.563052e-07,+4.382204e-07,+4.388362e-07,+4.503194e-07,+4.609916e-07,+4.659856e-07,+4.666383e-07,+4.908938e-07,+4.704610e-07,+4.923580e-07,+5.069237e-07,+4.969665e-07,+5.240338e-07,+5.353264e-07,+5.977073e-07,+5.566110e-07,+5.722880e-07,+6.086815e-07,+5.925389e-07,+6.315596e-07,+5.948277e-07,+5.782486e-07,+6.782735e-07,+5.732902e-07,+5.592135e-07,+6.491397e-07
1125-1150,+7.707411e-08,+7.970774e-08,+8.630275e-08,+8.808844e-08,+9.071792e-08,+9.338595e-08,+9.730999e-08,+1.036194e-07,+1.052758e-07,+1.109885e-07,+2.239511e-07,+1.116067e-07,+1.173889e-07,+1.132528e-07,+1.142076e-07,+1.179044e-07,+1.234889e-07,+1.228319e-07,+1.245956e-07,+1.262842e-07,+1.269465e-07,+1.238551e-07,+1.272112e-07,+1.280735e-07,+1.269566e-07,+1.320890e-07,+1.410103e-07,+1.474400e-07,+1.483203e-07,+1.509587e-07,+1.523124e-07,+1.542234e-07,+1.565785e-07,+1.579864e-07,+1.598841e-07,+1.617416e-07,+1.642318e-07,+1.664244e-07,+1.690805e-07,+1.730078e-07,+1.738678e-07,+1.758072e-07,+1.787720e-07,+1.799786e-07,+1.837556e-07,+1.855036e-07,+1.870576e-07,+1.893255e-07,+1.895254e-07,+1.906116e-07,+1.944843e-07,+1.962596e-07,+1.960819e-07,+1.991424e-07,+2.019614e-07,+2.083404e-07,+2.054590e-07,+2.065890e-07,+2.095797e-07,+2.115973e-07,+2.144479e-07,+2.176995e-07,+2.176809e-07,+2.242027e-07,+2.271953e-07,+2.254272e-07,+2.249059e-07,+2.260521e-07,+2.309232e-07,+2.319631e-07,+2.326835e-07,+2.401077e-07,+2.200145e-07,+2.432627e-07,+2.423050e-07,+2.385395e-07,+2.461177e-07,+2.378172e-07,+2.524552e-07,+2.467167e-07,+2.495819e-07,+2.549027e-07,+2.594740e-07,+2.569974e-07,+2.587306e-07,+2.629710e-07,+2.573088e-07,+2.662737e-07,+2.715436e-07,+2.652519e-07,+2.744123e-07,+2.705668e-07,+2.765477e-07,+2.826640e-07,+2.878825e-07,+2.885104e-07,+2.904696e-07,+2.944548e-07,+2.959625e-07,+3.083088e-07,+3.078073e-07,+3.168846e-07,+3.152710e-07,+3.243791e-07,+3.300172e-07,+3.083581e-07,+3.331703e-07,+3.347763e-07,+3.109391e-07,+3.441193e-07,+3.552715e-07,+3.302827e-07,+3.703830e-07,+3.746512e-07,+4.035842e-07,+3.677628e-07,+3.467941e-07,+3.791848e-07,+3.874079e-07,+3.684566e-07,+3.954316e-07,+4.211624e-07,+4.278963e-07,+4.384268e-07,+4.536761e-07,+4.667953e-07,+4.442761e-07,+4.524434e-07,+4.578190e-07,+4.687161e-07,+4.787861e-07,+4.789474e-07,+5.004726e-07,+4.827747e-07,+4.980242e-07,+5.215083e-07,+5.118107e-07,+5.323537e-07,+5.494643e-07,+5.907262e-07,+5.603679e-07,+5.805053e-07,+6.328964e-07,+6.042380e-07,+6.412156e-07,+6.112623e-07,+5.977836e-07,+7.030495e-07,+6.088498e-07,+6.013976e-07,+6.856821e-07
1150-1164,+7.709006e-08,+8.034318e-08,+8.388028e-08,+8.624956e-08,+9.067189e-08,+9.496202e-08,+9.932508e-08,+1.008109e-07,+1.021539e-07,+1.062199e-07,+1.116067e-07,+4.108457e-07,+1.188003e-07,+1.102190e-07,+1.111411e-07,+1.162685e-07,+1.204746e-07,+1.218872e-07,+1.247516e-07,+1.244133e-07,+1.262312e-07,+1.241485e-07,+1.269302e-07,+1.281561e-07,+1.280403e-07,+1.331054e-07,+1.417855e-07,+1.481177e-07,+1.496822e-07,+1.523528e-07,+1.535906e-07,+1.557254e-07,+1.582223e-07,+1.594320e-07,+1.616851e-07,+1.634238e-07,+1.659924e-07,+1.682772e-07,+1.710917e-07,+1.750467e-07,+1.760944e-07,+1.776072e-07,+1.807703e-07,+1.817913e-07,+1.852690e-07,+1.870253e-07,+1.889653e-07,+1.904823e-07,+1.904377e-07,+1.918594e-07,+1.962483e-07,+1.977660e-07,+1.975703e-07,+2.004488e-07,+2.039897e-07,+2.109392e-07,+2.077286e-07,+2.080909e-07,+2.117054e-07,+2.138961e-07,+2.169001e-07,+2.196593e-07,+2.193661e-07,+2.267620e-07,+2.297426e-07,+2.278827e-07,+2.267445e-07,+2.301406e-07,+2.337683e-07,+2.346562e-07,+2.349756e-07,+2.429916e-07,+2.239770e-07,+2.473678e-07,+2.479120e-07,+2.427158e-07,+2.492010e-07,+2.410388e-07,+2.551837e-07,+2.512734e-07,+2.530864e-07,+2.563176e-07,+2.634964e-07,+2.621722e-07,+2.622237e-07,+2.673334e-07,+2.612682e-07,+2.697368e-07,+2.751527e-07,+2.683041e-07,+2.773959e-07,+2.741590e-07,+2.806149e-07,+2.860242e-07,+2.929411e-07,+2.926279e-07,+2.936848e-07,+2.972001e-07,+2.991983e-07,+3.140432e-07,+3.105722e-07,+3.213609e-07,+3.209509e-07,+3.226905e-07,+3.327780e-07,+3.356479e-07,+3.439610e-07,+3.381042e-07,+3.245788e-07,+3.540528e-07,+3.482574e-07,+3.285588e-07,+3.711566e-07,+3.890902e-07,+4.016854e-07,+3.861548e-07,+3.499962e-07,+3.686359e-07,+3.928578e-07,+3.700717e-07,+3.968096e-07,+4.243887e-07,+4.242588e-07,+4.427268e-07,+4.499558e-07,+4.666270e-07,+4.354709e-07,+4.506226e-07,+4.585900e-07,+4.737278e-07,+4.839053e-07,+4.828955e-07,+5.118930e-07,+4.881603e-07,+4.928968e-07,+5.288100e-07,+5.155956e-07,+5.329975e-07,+5.541937e-07,+5.845114e-07,+5.798272e-07,+5.901963e-07,+6.473973e-07,+5.989272e-07,+6.748513e-07,+6.553226e-07,+5.948753e-07,+7.238194e-07,+6.015560e-07,+6.332660e-07,+7.095282e-07
1175-1200,+7.882100e-08,+8.186390e-08,+8.573384e-08,+9.391120e-08,+9.385912e-08,+9.600636e-08,+1.001267e-07,+1.049016e-07,+1.105888e-07,+1.113994e-07,+1.173889e-07,+1.188003e-07,+3.592606e-07,+1.220289e-07,+1.162294e-07,+1.232113e-07,+1.238915e-07,+1.254811e-07,+1.299495e-07,+1.310161e-07,+1.299418e-07,+1.273537e-07,+1.294945e-07,+1.306216e-07,+1.307860e-07,+1.355650e-07,+1.445222e-07,+1.503267e-07,+1.521699e-07,+1.550337e-07,+1.562440e-07,+1.587984e-07,+1.611946e-07,+1.622307e-07,+1.647418e-07,+1.661926e-07,+1.685091e-07,+1.712596e-07,+1.737141e-07,+1.782099e-07,+1.787568e-07,+1.804416e-07,+1.835973e-07,+1.844509e-07,+1.877947e-07,+1.898846e-07,+1.915611e-07,+1.933532e-07,+1.940155e-07,+1.948453e-07,+1.992877e-07,+2.009009e-07,+2.006300e-07,+2.037358e-07,+2.069768e-07,+2.134360e-07,+2.106719e-07,+2.117910e-07,+2.149836e-07,+2.168111e-07,+2.207040e-07,+2.240327e-07,+2.250368e-07,+2.302160e-07,+2.326197e-07,+2.319960e-07,+2.311079e-07,+2.326758e-07,+2.376477e-07,+2.387076e-07,+2.403705e-07,+2.471935e-07,+2.269593e-07,+2.505428e-07,+2.498527e-07,+2.464028e-07,+2.541807e-07,+2.459013e-07,+2.611196e-07,+2.558811e-07,+2.580000e-07,+2.629342e-07,+2.682072e-07,+2.655468e-07,+2.679563e-07,+2.718792e-07,+2.688667e-07,+2.751639e-07,+2.813139e-07,+2.748276e-07,+2.848494e-07,+2.807176e-07,+2.871966e-07,+2.926479e-07,+3.003407e-07,+2.999737e-07,+2.995939e-07,+3.041647e-07,+3.068484e-07,+3.210325e-07,+3.175443e-07,+3.303389e-07,+3.301558e-07,+3.357821e-07,+3.453039e-07,+3.277931e-07,+3.463867e-07,+3.461888e-07,+3.163699e-07,+3.607415e-07,+3.806177e-07,+3.559973e-07,+3.896357e-07,+3.775548e-07,+4.163106e-07,+3.799186e-07,+3.752765e-07,+3.923203e-07,+3.979500e-07,+3.860019e-07,+4.138988e-07,+4.333514e-07,+4.512654e-07,+4.774535e-07,+4.743389e-07,+4.795886e-07,+4.619258e-07,+4.779007e-07,+4.870130e-07,+4.926626e-07,+5.262568e-07,+5.018517e-07,+5.366683e-07,+5.152247e-07,+5.333770e-07,+5.565545e-07,+5.484898e-07,+5.594544e-07,+5.840920e-07,+6.338766e-07,+6.115053e-07,+6.228101e-07,+6.774997e-07,+6.504718e-07,+6.826854e-07,+6.455302e-07,+6.395318e-07,+7.471526e-07,+6.334984e-07,+6.402405e-07,+7.364796e-07
1200-1225,+7.840243e-08,+7.982577e-08,+8.317332e-08,+9.587153e-08,+9.580866e-08,+1.009636e-07,+1.016042e-07,+1.050774e-07,+1.115374e-07,+1.130835e-07,+1.132528e-07,+1.102190e-07,+1.220289e-07,+3.901020e-07,+1.218362e-07,+1.254999e-07,+1.256458e-07,+1.286742e-07,+1.275799e-07,+1.402762e-07,+1.339339e-07,+1.303541e-07,+1.323252e-07,+1.355973e-07,+1.338451e-07,+1.384888e-07,+1.482557e-07,+1.535722e-07,+1.551002e-07,+1.574988e-07,+1.596173e-07,+1.618499e-07,+1.642218e-07,+1.655161e-07,+1.679591e-07,+1.695455e-07,+1.717806e-07,+1.746471e-07,+1.769629e-07,+1.816125e-07,+1.821017e-07,+1.841285e-07,+1.872723e-07,+1.883116e-07,+1.918559e-07,+1.937160e-07,+1.953933e-07,+1.977224e-07,+1.981860e-07,+1.990755e-07,+2.035488e-07,+2.054767e-07,+2.050799e-07,+2.084002e-07,+2.114403e-07,+2.190183e-07,+2.150118e-07,+2.157838e-07,+2.188056e-07,+2.210518e-07,+2.255591e-07,+2.279959e-07,+2.298129e-07,+2.354171e-07,+2.374114e-07,+2.366954e-07,+2.370426e-07,+2.371311e-07,+2.410138e-07,+2.434381e-07,+2.446870e-07,+2.530520e-07,+2.326032e-07,+2.558759e-07,+2.555086e-07,+2.504729e-07,+2.617151e-07,+2.529975e-07,+2.679545e-07,+2.608718e-07,+2.656228e-07,+2.697914e-07,+2.778162e-07,+2.728104e-07,+2.744251e-07,+2.785601e-07,+2.722834e-07,+2.833522e-07,+2.879416e-07,+2.827392e-07,+2.910595e-07,+2.886539e-07,+2.968302e-07,+3.011651e-07,+3.083009e-07,+3.072413e-07,+3.085037e-07,+3.126742e-07,+3.140346e-07,+3.297248e-07,+3.279754e-07,+3.388119e-07,+3.409280e-07,+3.462552e-07,+3.529910e-07,+3.236093e-07,+3.475516e-07,+3.600391e-07,+3.386743e-07,+3.567626e-07,+3.893233e-07,+3.624465e-07,+3.871509e-07,+3.945285e-07,+4.119732e-07,+3.920351e-07,+3.762840e-07,+4.046779e-07,+4.123012e-07,+3.842609e-07,+4.215776e-07,+4.398625e-07,+4.559334e-07,+4.593992e-07,+4.830269e-07,+4.966139e-07,+4.872134e-07,+4.839225e-07,+5.063880e-07,+5.073264e-07,+5.137401e-07,+5.147811e-07,+5.447535e-07,+5.316996e-07,+5.309639e-07,+5.700213e-07,+5.565421e-07,+5.789288e-07,+5.969263e-07,+6.851235e-07,+6.242935e-07,+6.375194e-07,+6.808369e-07,+6.603751e-07,+7.051626e-07,+6.587219e-07,+6.627619e-07,+7.915738e-07,+7.084234e-07,+7.105224e-07,+7.683353e-07
1225-1250,+8.024117e-08,+8.090269e-08,+8.420783e-08,+9.168702e-08,+9.638282e-08,+1.004414e-07,+1.043754e-07,+1.092090e-07,+1.096058e-07,+1.113062e-07,+1.142076e-07,+1.111411e-07,+1.162294e-07,+1.218362e-07,+6.759446e-07,+1.235719e-07,+1.325477e-07,+1.270303e-07,+1.303076e-07,+1.398977e-07,+1.372042e-07,+1.347202e-07,+1.419526e-07,+1.379543e-07,+1.375588e-07,+1.434836e-07,+1.537583e-07,+1.591744e-07,+1.599486e-07,+1.623469e-07,+1.668701e-07,+1.670628e-07,+1.703708e-07,+1.703455e-07,+1.735074e-07,+1.752098e-07,+1.775362e-07,+1.807454e-07,+1.824537e-07,+1.868394e-07,+1.870902e-07,+1.900434e-07,+1.928024e-07,+1.944731e-07,+1.980720e-07,+2.000394e-07,+2.020972e-07,+2.036234e-07,+2.041012e-07,+2.049826e-07,+2.095548e-07,+2.116236e-07,+2.110478e-07,+2.141667e-07,+2.178071e-07,+2.238662e-07,+2.215970e-07,+2.220540e-07,+2.240005e-07,+2.272838e-07,+2.323346e-07,+2.372533e-07,+2.374540e-07,+2.407070e-07,+2.429805e-07,+2.415097e-07,+2.409631e-07,+2.430991e-07,+2.475109e-07,+2.489572e-07,+2.499065e-07,+2.579016e-07,+2.433856e-07,+2.607523e-07,+2.614867e-07,+2.573570e-07,+2.647409e-07,+2.590222e-07,+2.727404e-07,+2.654465e-07,+2.686031e-07,+2.757099e-07,+2.812457e-07,+2.785357e-07,+2.809404e-07,+2.859338e-07,+2.774143e-07,+2.890006e-07,+2.953951e-07,+2.871580e-07,+2.968222e-07,+2.909032e-07,+2.996119e-07,+3.041710e-07,+3.164516e-07,+3.157855e-07,+3.160786e-07,+3.275460e-07,+3.230335e-07,+3.327347e-07,+3.316191e-07,+3.413895e-07,+3.482266e-07,+3.486491e-07,+3.621223e-07,+3.171077e-07,+3.725259e-07,+3.628514e-07,+3.456875e-07,+3.632629e-07,+3.883496e-07,+3.724528e-07,+3.936647e-07,+4.122916e-07,+4.344619e-07,+4.040583e-07,+3.843651e-07,+4.206592e-07,+4.178929e-07,+3.999343e-07,+4.381303e-07,+4.543384e-07,+4.737680e-07,+4.886351e-07,+5.045628e-07,+5.184937e-07,+4.938966e-07,+4.998853e-07,+5.169200e-07,+5.175891e-07,+5.327536e-07,+5.260646e-07,+5.505077e-07,+5.442433e-07,+5.392681e-07,+5.900205e-07,+5.630468e-07,+5.955279e-07,+6.122925e-07,+6.441464e-07,+6.456699e-07,+6.356583e-07,+6.889625e-07,+6.225710e-07,+7.211226e-07,+6.998559e-07,+6.605360e-07,+7.553125e-07,+6.539714e-07,+6.147922e-07,+7.385022e-07
1250-1275,+8.056783e-08,+8.219049e-08,+8.567245e-08,+9.369229e-08,+9.866192e-08,+1.016608e-07,+1.050960e-07,+1.108132e-07,+1.128624e-07,+1.184912e-07,+1.179044e-07,+1.162685e-07,+1.232113e-07,+1.254999e-07,+1.235719e-07,+4.835800e-07,+1.351486e-07,+1.325770e-07,+1.338114e-07,+1.429108e-07,+1.403716e-07,+1.370865e-07,+1.394220e-07,+1.404044e-07,+1.401383e-07,+1.443770e-07,+1.551253e-07,+1.594786e-07,+1.603552e-07,+1.633668e-07,+1.667506e-07,+1.685427e-07,+1.713434e-07,+1.716014e-07,+1.752883e-07,+1.764239e-07,+1.781942e-07,+1.815411e-07,+1.840186e-07,+1.884907e-07,+1.885995e-07,+1.920736e-07,+1.944011e-07,+1.966650e-07,+2.005024e-07,+2.025013e-07,+2.044402e-07,+2.065210e-07,+2.067731e-07,+2.075939e-07,+2.117671e-07,+2.147084e-07,+2.135169e-07,+2.175803e-07,+2.200910e-07,+2.269389e-07,+2.241266e-07,+2.269255e-07,+2.278678e-07,+2.309194e-07,+2.344907e-07,+2.400065e-07,+2.378223e-07,+2.442038e-07,+2.469312e-07,+2.455858e-07,+2.444652e-07,+2.471731e-07,+2.528634e-07,+2.532068e-07,+2.541245e-07,+2.618656e-07,+2.424278e-07,+2.669273e-07,+2.681044e-07,+2.618283e-07,+2.705306e-07,+2.635853e-07,+2.783101e-07,+2.697435e-07,+2.753348e-07,+2.801607e-07,+2.867645e-07,+2.880519e-07,+2.865686e-07,+2.945175e-07,+2.841836e-07,+2.975589e-07,+3.040386e-07,+2.960860e-07,+3.023255e-07,+2.995528e-07,+3.082070e-07,+3.077391e-07,+3.234874e-07,+3.259477e-07,+3.264061e-07,+3.298803e-07,+3.319611e-07,+3.411010e-07,+3.411718e-07,+3.541127e-07,+3.578274e-07,+3.601143e-07,+3.745745e-07,+3.669111e-07,+3.792827e-07,+3.821231e-07,+3.563901e-07,+3.784667e-07,+3.869532e-07,+3.690638e-07,+4.089456e-07,+4.249103e-07,+4.415286e-07,+4.102322e-07,+4.007093e-07,+4.181344e-07,+4.185661e-07,+4.121465e-07,+4.466745e-07,+4.763036e-07,+4.855105e-07,+5.094901e-07,+5.112510e-07,+5.286652e-07,+5.131654e-07,+5.195831e-07,+5.292433e-07,+5.322716e-07,+5.566909e-07,+5.537741e-07,+5.891413e-07,+5.702113e-07,+5.829146e-07,+6.254230e-07,+6.087928e-07,+6.212821e-07,+6.290107e-07,+7.481322e-07,+6.631478e-07,+6.740916e-07,+7.282868e-07,+7.067567e-07,+7.399083e-07,+7.086554e-07,+6.796203e-07,+7.859732e-07,+6.764469e-07,+7.776121e-07,+8.081316e-07
1275-1300,+8.346260e-08,+8.492650e-08,+8.833549e-08,+9.570157e-08,+1.004505e-07,+1.041265e-07,+1.075858e-07,+1.145453e-07,+1.152605e-07,+1.222533e-07,+1.234889e-07,+1.204746e-07,+1.238915e-07,+1.256458e-07,+1.325477e-07,+1.351486e-07,+6.968340e-07,+1.387680e-07,+1.508373e-07,+1.399135e-07,+1.511156e-07,+1.433425e-07,+1.503970e-07,+1.485855e-07,+1.463251e-07,+1.512913e-07,+1.632052e-07,+1.673062e-07,+1.673220e-07,+1.702209e-07,+1.747018e-07,+1.756096e-07,+1.773705e-07,+1.788217e-07,+1.819852e-07,+1.833078e-07,+1.858103e-07,+1.904815e-07,+1.921083e-07,+1.957745e-07,+1.946745e-07,+1.998391e-07,+2.013452e-07,+2.046207e-07,+2.073385e-07,+2.086314e-07,+2.108964e-07,+2.136071e-07,+2.135843e-07,+2.143784e-07,+2.187450e-07,+2.209247e-07,+2.210002e-07,+2.241334e-07,+2.267791e-07,+2.345571e-07,+2.311878e-07,+2.325836e-07,+2.349746e-07,+2.374633e-07,+2.403047e-07,+2.448843e-07,+2.445393e-07,+2.519050e-07,+2.546801e-07,+2.562600e-07,+2.524554e-07,+2.534107e-07,+2.587879e-07,+2.608441e-07,+2.606578e-07,+2.688849e-07,+2.486680e-07,+2.745530e-07,+2.726677e-07,+2.674983e-07,+2.786698e-07,+2.730463e-07,+2.868637e-07,+2.771818e-07,+2.817679e-07,+2.879552e-07,+2.924943e-07,+2.927515e-07,+2.923403e-07,+2.986795e-07,+2.902259e-07,+3.057108e-07,+3.105579e-07,+3.026109e-07,+3.091520e-07,+3.042943e-07,+3.148628e-07,+3.163441e-07,+3.292000e-07,+3.294999e-07,+3.303068e-07,+3.387455e-07,+3.393793e-07,+3.465488e-07,+3.464625e-07,+3.637364e-07,+3.665712e-07,+3.716575e-07,+3.800421e-07,+3.639255e-07,+3.844594e-07,+3.900288e-07,+3.758746e-07,+3.650200e-07,+3.890453e-07,+3.619551e-07,+4.007522e-07,+4.299360e-07,+4.487956e-07,+4.153644e-07,+4.058976e-07,+4.260826e-07,+4.331084e-07,+4.144874e-07,+4.500313e-07,+4.842480e-07,+4.893036e-07,+5.082344e-07,+5.269863e-07,+5.320893e-07,+5.189013e-07,+5.241012e-07,+5.367959e-07,+5.599304e-07,+5.521727e-07,+5.594762e-07,+5.857822e-07,+5.634334e-07,+5.805095e-07,+6.106926e-07,+5.637394e-07,+6.291681e-07,+6.239700e-07,+6.924012e-07,+6.559651e-07,+6.696693e-07,+7.224961e-07,+6.972608e-07,+7.384193e-07,+7.127567e-07,+6.902935e-07,+8.066350e-07,+7.059483e-07,+7.040935e-07,+8.123520e-07
1300-1325,+8.459536e-08,+8.623276e-08,+8.939339e-08,+9.648278e-08,+1.024728e-07,+1.054712e-07,+1.109903e-07,+1.124252e-07,+1.171996e-07,+1.215079e-07,+1.228319e-07,+1.218872e-07,+1.254811e-07,+1.286742e-07,+1.270303e-07,+1.325770e-07,+1.387680e-07,+4.329498e-07,+1.418882e-07,+1.440320e-07,+1.446397e-07,+1.444572e-07,+1.492389e-07,+1.489107e-07,+1.471645e-07,+1.544246e-07,+1.662078e-07,+1.696225e-07,+1.702706e-07,+1.739560e-07,+1.767529e-07,+1.788825e-07,+1.806728e-07,+1.809865e-07,+1.859333e-07,+1.870628e-07,+1.878372e-07,+1.924798e-07,+1.949741e-07,+1.988848e-07,+1.988084e-07,+2.015042e-07,+2.037871e-07,+2.059610e-07,+2.084961e-07,+2.100358e-07,+2.123146e-07,+2.143995e-07,+2.149651e-07,+2.158785e-07,+2.204241e-07,+2.232552e-07,+2.220093e-07,+2.246573e-07,+2.281862e-07,+2.365202e-07,+2.329371e-07,+2.339383e-07,+2.361899e-07,+2.385994e-07,+2.423056e-07,+2.456610e-07,+2.457593e-07,+2.531438e-07,+2.565941e-07,+2.555517e-07,+2.538405e-07,+2.563777e-07,+2.607554e-07,+2.631638e-07,+2.623171e-07,+2.710206e-07,+2.539470e-07,+2.740050e-07,+2.753351e-07,+2.697555e-07,+2.775078e-07,+2.712121e-07,+2.871584e-07,+2.795083e-07,+2.830120e-07,+2.896541e-07,+2.963681e-07,+2.907677e-07,+2.963059e-07,+2.988072e-07,+2.917547e-07,+3.031643e-07,+3.083228e-07,+3.022713e-07,+3.111383e-07,+3.070207e-07,+3.208114e-07,+3.223805e-07,+3.300209e-07,+3.206457e-07,+3.348378e-07,+3.428584e-07,+3.393841e-07,+3.544507e-07,+3.541247e-07,+3.621914e-07,+3.734297e-07,+3.745501e-07,+3.888824e-07,+3.542886e-07,+3.884337e-07,+3.816475e-07,+3.823084e-07,+3.769618e-07,+4.377901e-07,+3.966155e-07,+4.393496e-07,+4.340921e-07,+4.517563e-07,+4.255810e-07,+3.932118e-07,+4.331284e-07,+4.359917e-07,+4.258255e-07,+4.585588e-07,+4.858712e-07,+4.904111e-07,+5.112352e-07,+5.331214e-07,+5.330725e-07,+5.225172e-07,+5.210549e-07,+5.372407e-07,+5.550592e-07,+5.510470e-07,+5.594334e-07,+5.864888e-07,+5.572955e-07,+5.844552e-07,+6.116486e-07,+6.003029e-07,+6.219406e-07,+6.446880e-07,+6.771013e-07,+6.371066e-07,+6.819570e-07,+7.392238e-07,+7.031252e-07,+7.600913e-07,+7.557732e-07,+6.977595e-07,+8.201306e-07,+7.461447e-07,+7.130489e-07,+8.372298e-07
1325-1350,+8.715445e-08,+8.919718e-08,+9.243405e-08,+1.001074e-07,+1.041256e-07,+1.099685e-07,+1.133215e-07,+1.187664e-07,+1.182001e-07,+1.230011e-07,+1.245956e-07,+1.247516e-07,+1.299495e-07,+1.275799e-07,+1.303076e-07,+1.338114e-07,+1.508373e-07,+1.418882e-07,+6.878440e-07,+1.543209e-07,+1.559191e-07,+1.553224e-07,+1.650724e-07,+1.594922e-07,+1.570996e-07,+1.682815e-07,+1.844363e-07,+1.815714e-07,+1.817996e-07,+1.845041e-07,+1.913860e-07,+1.901141e-07,+1.952313e-07,+1.921692e-07,+1.993132e-07,+1.986963e-07,+2.000275e-07,+2.044346e-07,+2.060352e-07,+2.123333e-07,+2.095923e-07,+2.140869e-07,+2.147493e-07,+2.185780e-07,+2.191932e-07,+2.214857e-07,+2.237764e-07,+2.262156e-07,+2.270437e-07,+2.275765e-07,+2.314985e-07,+2.348454e-07,+2.337993e-07,+2.364395e-07,+2.390200e-07,+2.474083e-07,+2.438999e-07,+2.456225e-07,+2.469433e-07,+2.494018e-07,+2.534607e-07,+2.565793e-07,+2.555509e-07,+2.643908e-07,+2.664843e-07,+2.655403e-07,+2.644391e-07,+2.675607e-07,+2.708391e-07,+2.731908e-07,+2.732613e-07,+2.813981e-07,+2.590337e-07,+2.844056e-07,+2.840159e-07,+2.788074e-07,+2.870032e-07,+2.812329e-07,+2.982858e-07,+2.873084e-07,+2.931379e-07,+3.021465e-07,+3.064464e-07,+2.984892e-07,+3.055394e-07,+3.081711e-07,+3.038948e-07,+3.120121e-07,+3.192029e-07,+3.109958e-07,+3.216307e-07,+3.157482e-07,+3.286667e-07,+3.343791e-07,+3.369243e-07,+3.329145e-07,+3.446922e-07,+3.519739e-07,+3.506757e-07,+3.549227e-07,+3.632311e-07,+3.734827e-07,+3.748925e-07,+3.850200e-07,+3.944174e-07,+3.606214e-07,+3.952982e-07,+3.859120e-07,+3.780348e-07,+3.911669e-07,+4.050211e-07,+3.943626e-07,+4.277327e-07,+4.439013e-07,+4.596430e-07,+4.347758e-07,+4.511835e-07,+4.359233e-07,+4.553455e-07,+4.446935e-07,+4.767360e-07,+4.958705e-07,+5.087392e-07,+5.289615e-07,+5.562609e-07,+5.584170e-07,+5.363047e-07,+5.365373e-07,+5.666652e-07,+5.646451e-07,+5.563796e-07,+5.680196e-07,+6.036491e-07,+5.714068e-07,+6.107475e-07,+6.107880e-07,+5.992223e-07,+6.275749e-07,+6.923984e-07,+6.622080e-07,+6.618931e-07,+6.656464e-07,+7.324009e-07,+7.047037e-07,+7.509905e-07,+7.033784e-07,+6.754308e-07,+7.828092e-07,+5.995600e-07,+6.503401e-07,+7.685195e-07
1350-1375,+8.858220e-08,+9.040570e-08,+9.419316e-08,+1.023378e-07,+1.086563e-07,+1.134928e-07,+1.170345e-07,+1.179121e-07,+1.244590e-07,+1.268000e-07,+1.262842e-07,+1.244133e-07,+1.310161e-07,+1.402762e-07,+1.398977e-07,+1.429108e-07,+1.399135e-07,+1.440320e-07,+1.543209e-07,+7.079400e-07,+1.672132e-07,+1.615513e-07,+1.636416e-07,+1.678024e-07,+1.569769e-07,+1.707163e-07,+1.965631e-07,+1.810463e-07,+1.834753e-07,+1.847019e-07,+1.883217e-07,+1.890513e-07,+1.942876e-07,+1.923960e-07,+1.968956e-07,+2.011379e-07,+1.990650e-07,+2.030648e-07,+2.055160e-07,+2.123641e-07,+2.100804e-07,+2.142800e-07,+2.156980e-07,+2.183162e-07,+2.228585e-07,+2.235292e-07,+2.264298e-07,+2.292793e-07,+2.291779e-07,+2.307965e-07,+2.343287e-07,+2.373834e-07,+2.365136e-07,+2.398257e-07,+2.419066e-07,+2.502709e-07,+2.470057e-07,+2.479678e-07,+2.506001e-07,+2.531906e-07,+2.580735e-07,+2.613175e-07,+2.595614e-07,+2.676104e-07,+2.713179e-07,+2.686236e-07,+2.684599e-07,+2.705866e-07,+2.754826e-07,+2.776462e-07,+2.774898e-07,+2.859551e-07,+2.630658e-07,+2.880073e-07,+2.884362e-07,+2.840069e-07,+2.906741e-07,+2.826676e-07,+2.995021e-07,+2.899572e-07,+2.958502e-07,+3.053913e-07,+3.090067e-07,+3.046628e-07,+3.106716e-07,+3.114944e-07,+3.066920e-07,+3.155583e-07,+3.229304e-07,+3.152986e-07,+3.242650e-07,+3.203217e-07,+3.346353e-07,+3.384690e-07,+3.429469e-07,+3.432442e-07,+3.461826e-07,+3.526875e-07,+3.584561e-07,+3.669669e-07,+3.653181e-07,+3.777173e-07,+3.787019e-07,+3.950536e-07,+3.904342e-07,+3.822654e-07,+4.128566e-07,+4.064492e-07,+3.982554e-07,+4.185844e-07,+4.342568e-07,+3.900696e-07,+4.409422e-07,+4.573462e-07,+4.757925e-07,+4.460986e-07,+4.258613e-07,+4.437518e-07,+4.611996e-07,+4.445796e-07,+4.845752e-07,+5.188959e-07,+5.044837e-07,+5.375099e-07,+5.584482e-07,+5.654834e-07,+5.416290e-07,+5.503646e-07,+5.795246e-07,+5.752586e-07,+5.764793e-07,+5.676250e-07,+6.075253e-07,+5.773466e-07,+6.144159e-07,+6.211177e-07,+6.058755e-07,+6.419011e-07,+6.617670e-07,+6.668158e-07,+6.660771e-07,+7.012152e-07,+7.265169e-07,+7.418099e-07,+7.620524e-07,+7.381110e-07,+6.785258e-07,+8.381069e-07,+6.910304e-07,+6.711671e-07,+7.412412e-07
1375-1400,+9.006986e-08,+9.186464e-08,+9.487845e-08,+1.029548e-07,+1.087180e-07,+1.122032e-07,+1.141604e-07,+1.202314e-07,+1.212631e-07,+1.257300e-07,+1.269465e-07,+1.262312e-07,+1.299418e-07,+1.339339e-07,+1.372042e-07,+1.403716e-07,+1.511156e-07,+1.446397e-07,+1.559191e-07,+1.672132e-07,+3.898045e-07,+1.676117e-07,+1.730725e-07,+1.702896e-07,+1.670496e-07,+1.760504e-07,+1.923438e-07,+1.912112e-07,+1.970030e-07,+1.941826e-07,+1.975031e-07,+1.986816e-07,+2.024016e-07,+2.000007e-07,+2.049315e-07,+2.069016e-07,+2.074521e-07,+2.113038e-07,+2.130364e-07,+2.187596e-07,+2.177209e-07,+2.216671e-07,+2.234066e-07,+2.260632e-07,+2.285518e-07,+2.302693e-07,+2.325270e-07,+2.348525e-07,+2.369774e-07,+2.366923e-07,+2.404928e-07,+2.437573e-07,+2.425391e-07,+2.450773e-07,+2.488512e-07,+2.571944e-07,+2.530900e-07,+2.547079e-07,+2.565174e-07,+2.596018e-07,+2.626057e-07,+2.660219e-07,+2.656578e-07,+2.727281e-07,+2.772563e-07,+2.752444e-07,+2.757515e-07,+2.769545e-07,+2.808153e-07,+2.828698e-07,+2.840440e-07,+2.918284e-07,+2.709561e-07,+2.940520e-07,+2.949012e-07,+2.886523e-07,+2.982593e-07,+2.905621e-07,+3.095647e-07,+2.990092e-07,+3.030180e-07,+3.132318e-07,+3.172994e-07,+3.116970e-07,+3.167017e-07,+3.189841e-07,+3.136438e-07,+3.245626e-07,+3.303393e-07,+3.226843e-07,+3.316908e-07,+3.271186e-07,+3.396997e-07,+3.466885e-07,+3.486656e-07,+3.476287e-07,+3.562865e-07,+3.597002e-07,+3.650583e-07,+3.711373e-07,+3.757762e-07,+3.824853e-07,+3.853356e-07,+3.995383e-07,+4.068954e-07,+3.908349e-07,+4.126961e-07,+4.028168e-07,+4.153459e-07,+4.118346e-07,+4.309309e-07,+4.100910e-07,+4.432588e-07,+4.658989e-07,+4.505303e-07,+4.596221e-07,+4.349328e-07,+4.581990e-07,+4.770616e-07,+4.582235e-07,+5.004323e-07,+5.250711e-07,+5.498966e-07,+5.664413e-07,+5.884179e-07,+6.219684e-07,+5.977415e-07,+5.648903e-07,+5.952251e-07,+5.975579e-07,+5.851660e-07,+5.908256e-07,+6.233718e-07,+5.966824e-07,+6.267927e-07,+6.478323e-07,+6.409996e-07,+6.543950e-07,+6.724829e-07,+6.809182e-07,+7.066647e-07,+7.423955e-07,+7.625733e-07,+7.448830e-07,+8.150472e-07,+7.680451e-07,+7.370629e-07,+7.961576e-07,+6.997232e-07,+7.059514e-07,+7.604504e-07
1400-1425,+9.135930e-08,+9.297224e-08,+9.566707e-08,+1.029325e-07,+1.080342e-07,+1.116795e-07,+1.145047e-07,+1.175665e-07,+1.196183e-07,+1.228118e-07,+1.238551e-07,+1.241485e-07,+1.273537e-07,+1.303541e-07,+1.347202e-07,+1.370865e-07,+1.433425e-07,+1.444572e-07,+1.553224e-07,+1.615513e-07,+1.676117e-07,+3.321427e-07,+1.833434e-07,+1.777209e-07,+1.792955e-07,+1.886077e-07,+1.992550e-07,+1.962136e-07,+2.018077e-07,+2.064029e-07,+2.070094e-07,+2.074728e-07,+2.072609e-07,+2.057097e-07,+2.107135e-07,+2.142437e-07,+2.138838e-07,+2.189745e-07,+2.194297e-07,+2.244163e-07,+2.231567e-07,+2.278077e-07,+2.288835e-07,+2.323857e-07,+2.357066e-07,+2.374638e-07,+2.396316e-07,+2.426986e-07,+2.421590e-07,+2.429196e-07,+2.475419e-07,+2.507414e-07,+2.488747e-07,+2.519324e-07,+2.559182e-07,+2.641520e-07,+2.598495e-07,+2.614887e-07,+2.624933e-07,+2.669967e-07,+2.694170e-07,+2.724766e-07,+2.715830e-07,+2.783134e-07,+2.826223e-07,+2.810513e-07,+2.829726e-07,+2.832499e-07,+2.884743e-07,+2.880896e-07,+2.897039e-07,+2.988748e-07,+2.756298e-07,+2.999269e-07,+3.003251e-07,+2.943019e-07,+3.037106e-07,+2.952521e-07,+3.121018e-07,+3.036150e-07,+3.090233e-07,+3.180613e-07,+3.223016e-07,+3.161997e-07,+3.220132e-07,+3.226738e-07,+3.180379e-07,+3.283381e-07,+3.351729e-07,+3.249311e-07,+3.358181e-07,+3.308740e-07,+3.427192e-07,+3.521837e-07,+3.523100e-07,+3.569647e-07,+3.628548e-07,+3.662000e-07,+3.659203e-07,+3.682787e-07,+3.792903e-07,+3.822323e-07,+3.884801e-07,+4.042203e-07,+4.076294e-07,+3.968846e-07,+4.113458e-07,+4.014482e-07,+4.144804e-07,+4.208198e-07,+4.228596e-07,+4.100513e-07,+4.318116e-07,+4.624626e-07,+4.616717e-07,+4.545627e-07,+4.299087e-07,+4.588246e-07,+4.758188e-07,+4.592622e-07,+5.035934e-07,+5.251212e-07,+5.783372e-07,+6.035486e-07,+6.212433e-07,+5.951837e-07,+5.881539e-07,+5.679864e-07,+6.879027e-07,+6.411033e-07,+5.884549e-07,+5.939103e-07,+6.246625e-07,+5.996333e-07,+6.304940e-07,+6.417736e-07,+6.190257e-07,+6.501687e-07,+6.713176e-07,+6.839025e-07,+7.107652e-07,+7.137751e-07,+7.636677e-07,+7.528965e-07,+8.266880e-07,+7.443601e-07,+7.171905e-07,+7.948449e-07,+6.312979e-07,+6.479620e-07,+7.168623e-07
1425-1450,+9.504537e-08,+9.683395e-08,+9.921959e-08,+1.067905e-07,+1.115265e-07,+1.148759e-07,+1.176656e-07,+1.213441e-07,+1.220386e-07,+1.251422e-07,+1.272112e-07,+1.269302e-07,+1.294945e-07,+1.323252e-07,+1.419526e-07,+1.394220e-07,+1.503970e-07,+1.492389e-07,+1.650724e-07,+1.636416e-07,+1.730725e-07,+1.833434e-07,+4.792849e-07,+1.855638e-07,+1.826751e-07,+2.031726e-07,+2.160726e-07,+2.090674e-07,+2.169188e-07,+2.191416e-07,+2.282880e-07,+2.275361e-07,+2.234350e-07,+2.195993e-07,+2.289005e-07,+2.287680e-07,+2.320192e-07,+2.343791e-07,+2.362037e-07,+2.388712e-07,+2.381345e-07,+2.451916e-07,+2.425801e-07,+2.474732e-07,+2.488564e-07,+2.512226e-07,+2.532106e-07,+2.554775e-07,+2.549092e-07,+2.571596e-07,+2.611630e-07,+2.646007e-07,+2.619316e-07,+2.651211e-07,+2.685822e-07,+2.761633e-07,+2.729075e-07,+2.745687e-07,+2.761530e-07,+2.816611e-07,+2.822127e-07,+2.853855e-07,+2.840000e-07,+2.903528e-07,+2.952153e-07,+2.927280e-07,+2.935069e-07,+2.963717e-07,+3.010148e-07,+3.007439e-07,+3.036424e-07,+3.116158e-07,+2.886589e-07,+3.115187e-07,+3.120346e-07,+3.036420e-07,+3.156385e-07,+2.986572e-07,+3.227558e-07,+3.146840e-07,+3.196515e-07,+3.300483e-07,+3.322596e-07,+3.249158e-07,+3.327856e-07,+3.333723e-07,+3.273637e-07,+3.378034e-07,+3.441790e-07,+3.362327e-07,+3.466919e-07,+3.379787e-07,+3.525610e-07,+3.633845e-07,+3.588793e-07,+3.595622e-07,+3.718789e-07,+3.779238e-07,+3.777185e-07,+3.812171e-07,+3.879413e-07,+3.888536e-07,+3.913328e-07,+3.967934e-07,+4.107165e-07,+4.017187e-07,+4.146907e-07,+4.071627e-07,+4.171407e-07,+4.284588e-07,+4.223510e-07,+4.167012e-07,+4.350305e-07,+4.675899e-07,+4.689794e-07,+4.531939e-07,+4.311832e-07,+4.575142e-07,+4.709320e-07,+4.570326e-07,+4.964391e-07,+5.153291e-07,+5.402510e-07,+5.632374e-07,+5.859101e-07,+5.909814e-07,+5.580352e-07,+5.391971e-07,+5.981149e-07,+5.908112e-07,+5.592089e-07,+5.599222e-07,+5.996482e-07,+5.578982e-07,+6.136913e-07,+5.917386e-07,+5.851736e-07,+6.368886e-07,+6.393386e-07,+5.861632e-07,+6.453206e-07,+6.446983e-07,+7.095305e-07,+6.700870e-07,+7.543781e-07,+6.551214e-07,+6.260855e-07,+6.514596e-07,+5.396409e-07,+5.188247e-07,+5.770174e-07
1450-1475,+9.499778e-08,+9.688683e-08,+9.953450e-08,+1.066858e-07,+1.117403e-07,+1.157262e-07,+1.186390e-07,+1.214213e-07,+1.232156e-07,+1.262805e-07,+1.280735e-07,+1.281561e-07,+1.306216e-07,+1.355973e-07,+1.379543e-07,+1.404044e-07,+1.485855e-07,+1.489107e-07,+1.594922e-07,+1.678024e-07,+1.702896e-07,+1.777209e-07,+1.855638e-07,+3.680042e-07,+1.800312e-07,+1.923432e-07,+2.064356e-07,+2.086934e-07,+2.077413e-07,+2.163473e-07,+2.150205e-07,+2.172122e-07,+2.209908e-07,+2.183159e-07,+2.205989e-07,+2.270124e-07,+2.261786e-07,+2.300210e-07,+2.320596e-07,+2.357023e-07,+2.344683e-07,+2.408094e-07,+2.405685e-07,+2.442266e-07,+2.481624e-07,+2.495479e-07,+2.508798e-07,+2.539923e-07,+2.544096e-07,+2.565659e-07,+2.608475e-07,+2.630012e-07,+2.613056e-07,+2.643950e-07,+2.681831e-07,+2.748810e-07,+2.720581e-07,+2.742315e-07,+2.756136e-07,+2.806209e-07,+2.814183e-07,+2.853038e-07,+2.871666e-07,+2.922080e-07,+2.969192e-07,+2.933849e-07,+2.952133e-07,+2.964201e-07,+3.023073e-07,+3.017594e-07,+3.042446e-07,+3.121263e-07,+2.886954e-07,+3.129317e-07,+3.138937e-07,+3.085327e-07,+3.183083e-07,+3.096433e-07,+3.263638e-07,+3.178355e-07,+3.215235e-07,+3.346700e-07,+3.361318e-07,+3.308520e-07,+3.362676e-07,+3.381380e-07,+3.324220e-07,+3.417621e-07,+3.469471e-07,+3.400584e-07,+3.498077e-07,+3.454246e-07,+3.561023e-07,+3.653520e-07,+3.635330e-07,+3.627617e-07,+3.739251e-07,+3.721595e-07,+3.792608e-07,+3.819504e-07,+3.898468e-07,+3.954060e-07,+3.980866e-07,+4.218377e-07,+4.205282e-07,+4.090657e-07,+4.237388e-07,+4.173718e-07,+4.225062e-07,+4.375238e-07,+4.334822e-07,+4.255074e-07,+4.577856e-07,+4.798005e-07,+4.790994e-07,+4.635087e-07,+4.391874e-07,+4.696615e-07,+4.855879e-07,+4.727916e-07,+5.099046e-07,+5.369026e-07,+5.488513e-07,+5.807472e-07,+6.190890e-07,+6.482822e-07,+6.116612e-07,+5.545427e-07,+5.989131e-07,+6.075716e-07,+5.849191e-07,+5.783179e-07,+6.198460e-07,+5.893198e-07,+6.365972e-07,+6.357945e-07,+6.263939e-07,+6.613928e-07,+6.735571e-07,+6.442578e-07,+6.917166e-07,+7.264571e-07,+7.545464e-07,+7.034791e-07,+8.004342e-07,+7.480760e-07,+6.875344e-07,+7.240992e-07,+6.241531e-07,+6.168824e-07,+6.641484e-07
1475-1500,+9.313767e-08,+9.495093e-08,+9.766688e-08,+1.051550e-07,+1.107692e-07,+1.142181e-07,+1.167368e-07,+1.196688e-07,+1.217525e-07,+1.251276e-07,+1.269566e-07,+1.280403e-07,+1.307860e-07,+1.338451e-07,+1.375588e-07,+1.401383e-07,+1.463251e-07,+1.471645e-07,+1.570996e-07,+1.569769e-07,+1.670496e-07,+1.792955e-07,+1.826751e-07,+1.800312e-07,+3.163271e-07,+1.888484e-07,+1.932947e-07,+1.980476e-07,+2.010219e-07,+2.057066e-07,+2.075084e-07,+2.128212e-07,+2.110308e-07,+2.100566e-07,+2.159695e-07,+2.170859e-07,+2.180221e-07,+2.209206e-07,+2.236599e-07,+2.273912e-07,+2.270007e-07,+2.314731e-07,+2.327083e-07,+2.363641e-07,+2.386628e-07,+2.407525e-07,+2.427925e-07,+2.455579e-07,+2.473196e-07,+2.470462e-07,+2.521875e-07,+2.561138e-07,+2.548430e-07,+2.570659e-07,+2.607108e-07,+2.702243e-07,+2.657976e-07,+2.674141e-07,+2.688061e-07,+2.734686e-07,+2.765686e-07,+2.805499e-07,+2.800069e-07,+2.869712e-07,+2.930080e-07,+2.910536e-07,+2.908556e-07,+2.911170e-07,+2.962252e-07,+2.972757e-07,+2.998934e-07,+3.072252e-07,+2.839467e-07,+3.085014e-07,+3.081833e-07,+3.045885e-07,+3.137790e-07,+3.032582e-07,+3.202798e-07,+3.124655e-07,+3.172941e-07,+3.270549e-07,+3.300129e-07,+3.276568e-07,+3.315783e-07,+3.343372e-07,+3.288573e-07,+3.382852e-07,+3.481645e-07,+3.395680e-07,+3.520984e-07,+3.446177e-07,+3.548188e-07,+3.690897e-07,+3.656247e-07,+3.702919e-07,+3.793930e-07,+3.807498e-07,+3.813470e-07,+3.887637e-07,+3.943131e-07,+4.025892e-07,+4.037091e-07,+4.162141e-07,+4.233644e-07,+4.160084e-07,+4.304532e-07,+4.252930e-07,+4.343771e-07,+4.440336e-07,+4.407606e-07,+4.372778e-07,+4.477808e-07,+4.840591e-07,+4.899340e-07,+4.767148e-07,+4.599581e-07,+4.820900e-07,+5.073615e-07,+4.863157e-07,+5.369845e-07,+5.609835e-07,+6.042688e-07,+6.462628e-07,+6.813633e-07,+6.773176e-07,+6.575554e-07,+6.173093e-07,+7.706568e-07,+7.203635e-07,+6.467757e-07,+6.428865e-07,+6.732543e-07,+6.511481e-07,+6.845303e-07,+7.078421e-07,+6.881348e-07,+7.072506e-07,+7.379170e-07,+7.337176e-07,+8.085580e-07,+8.357725e-07,+8.576510e-07,+8.476317e-07,+9.323802e-07,+8.457834e-07,+8.371123e-07,+8.888361e-07,+7.341447e-07,+7.657404e-07,+8.383185e-07
1500-1523,+9.914525e-08,+1.013006e-07,+1.035736e-07,+1.108985e-07,+1.165862e-07,+1.197183e-07,+1.225565e-07,+1.252482e-07,+1.272579e-07,+1.305431e-07,+1.320890e-07,+1.331054e-07,+1.355650e-07,+1.384888e-07,+1.434836e-07,+1.443770e-07,+1.512913e-07,+1.544246e-07,+1.682815e-07,+1.707163e-07,+1.760504e-07,+1.886077e-07,+2.031726e-07,+1.923432e-07,+1.888484e-07,+4.661906e-07,+2.207556e-07,+2.193875e-07,+2.261160e-07,+2.248005e-07,+2.311289e-07,+2.325939e-07,+2.379744e-07,+2.289900e-07,+2.341859e-07,+2.385375e-07,+2.396605e-07,+2.425617e-07,+2.446459e-07,+2.498573e-07,+2.478896e-07,+2.512070e-07,+2.535267e-07,+2.563344e-07,+2.585901e-07,+2.604802e-07,+2.623214e-07,+2.659971e-07,+2.658272e-07,+2.680290e-07,+2.725763e-07,+2.766347e-07,+2.735754e-07,+2.768152e-07,+2.808172e-07,+2.888618e-07,+2.855632e-07,+2.866777e-07,+2.883122e-07,+2.945437e-07,+2.953036e-07,+2.991963e-07,+2.994808e-07,+3.042577e-07,+3.111801e-07,+3.074081e-07,+3.087275e-07,+3.112275e-07,+3.163010e-07,+3.144511e-07,+3.188314e-07,+3.287129e-07,+3.022081e-07,+3.300207e-07,+3.296550e-07,+3.223314e-07,+3.329514e-07,+3.188118e-07,+3.411851e-07,+3.326239e-07,+3.374024e-07,+3.499528e-07,+3.507114e-07,+3.445526e-07,+3.493196e-07,+3.521647e-07,+3.473728e-07,+3.576418e-07,+3.613732e-07,+3.540933e-07,+3.661497e-07,+3.610783e-07,+3.721537e-07,+3.849450e-07,+3.795417e-07,+3.875388e-07,+3.903654e-07,+3.920630e-07,+3.967961e-07,+4.002699e-07,+4.065539e-07,+4.096819e-07,+4.142714e-07,+4.292421e-07,+4.325793e-07,+4.227340e-07,+4.368310e-07,+4.294541e-07,+4.310134e-07,+4.484213e-07,+4.478344e-07,+4.401920e-07,+4.573025e-07,+4.919422e-07,+4.915749e-07,+4.792383e-07,+4.513676e-07,+4.800612e-07,+4.953911e-07,+4.805880e-07,+5.195748e-07,+5.422577e-07,+5.561415e-07,+6.052692e-07,+6.244988e-07,+6.136790e-07,+5.816513e-07,+5.705739e-07,+6.579379e-07,+6.407340e-07,+5.836208e-07,+5.802198e-07,+6.298486e-07,+5.902604e-07,+6.512253e-07,+6.276730e-07,+6.247066e-07,+6.645915e-07,+6.744980e-07,+6.424214e-07,+6.937526e-07,+7.011832e-07,+7.519925e-07,+7.216966e-07,+8.187830e-07,+7.050126e-07,+6.841631e-07,+7.157170e-07,+5.846807e-07,+5.641015e-07,+6.378234e-07
1525-1664,+1.062842e-07,+1.089076e-07,+1.114992e-07,+1.184499e-07,+1.245071e-07,+1.281395e-07,+1.312647e-07,+1.340383e-07,+1.360605e-07,+1.393218e-07,+1.410103e-07,+1.417855e-07,+1.445222e-07,+1.482557e-07,+1.537583e-07,+1.551253e-07,+1.632052e-07,+1.662078e-07,+1.844363e-07,+1.965631e-07,+1.923438e-07,+1.992550e-07,+2.160726e-07,+2.064356e-07,+1.932947e-07,+2.207556e-07,+8.077764e-07,+2.349521e-07,+2.346882e-07,+2.418025e-07,+2.459224e-07,+2.440734e-07,+2.486412e-07,+2.445687e-07,+2.481211e-07,+2.554973e-07,+2.539582e-07,+2.585889e-07,+2.607671e-07,+2.699122e-07,+2.664017e-07,+2.739247e-07,+2.715235e-07,+2.764379e-07,+2.804123e-07,+2.814012e-07,+2.830394e-07,+2.858937e-07,+2.879649e-07,+2.891942e-07,+2.938595e-07,+2.968277e-07,+2.956618e-07,+2.966893e-07,+3.024715e-07,+3.096264e-07,+3.070359e-07,+3.091733e-07,+3.094803e-07,+3.136750e-07,+3.157234e-07,+3.204920e-07,+3.172122e-07,+3.247394e-07,+3.314504e-07,+3.276814e-07,+3.289143e-07,+3.321118e-07,+3.350948e-07,+3.372964e-07,+3.417750e-07,+3.605575e-07,+3.223258e-07,+3.578264e-07,+3.553128e-07,+3.404740e-07,+3.582955e-07,+3.557576e-07,+3.699366e-07,+3.603136e-07,+3.662470e-07,+3.841977e-07,+3.870444e-07,+3.716612e-07,+3.787546e-07,+3.835691e-07,+3.759677e-07,+3.906109e-07,+3.988184e-07,+3.848503e-07,+3.915362e-07,+3.933156e-07,+4.021676e-07,+4.139620e-07,+4.121567e-07,+4.281547e-07,+4.179384e-07,+4.206603e-07,+4.239959e-07,+4.243084e-07,+4.402532e-07,+4.407821e-07,+4.451334e-07,+4.652657e-07,+4.626369e-07,+4.522953e-07,+4.665093e-07,+4.587010e-07,+4.627369e-07,+4.768046e-07,+4.735836e-07,+4.695511e-07,+4.940986e-07,+5.290471e-07,+5.285195e-07,+5.103356e-07,+4.865331e-07,+5.142278e-07,+5.107815e-07,+5.098487e-07,+5.480469e-07,+5.622205e-07,+5.797382e-07,+6.122559e-07,+6.514236e-07,+6.409086e-07,+6.070010e-07,+6.005885e-07,+6.468097e-07,+6.422483e-07,+5.927229e-07,+6.024429e-07,+6.578092e-07,+6.143279e-07,+6.820063e-07,+6.574645e-07,+6.417942e-07,+7.057487e-07,+7.036795e-07,+6.760553e-07,+7.123566e-07,+7.255471e-07,+8.017826e-07,+7.214248e-07,+8.486698e-07,+7.349685e-07,+6.906475e-07,+7.557211e-07,+6.067057e-07,+5.842910e-07,+6.836651e-07
1664-1700,+1.123786e-07,+1.148035e-07,+1.173631e-07,+1.250259e-07,+1.303080e-07,+1.337219e-07,+1.368573e-07,+1.398517e-07,+1.419609e-07,+1.455059e-07,+1.474400e-07,+1.481177e-07,+1.503267e-07,+1.535722e-07,+1.591744e-07,+1.594786e-07,+1.673062e-07,+1.696225e-07,+1.815714e-07,+1.810463e-07,+1.912112e-07,+1.962136e-07,+2.090674e-07,+2.086934e-07,+1.980476e-07,+2.193875e-07,+2.349521e-07,+7.239252e-07,+2.773943e-07,+2.561518e-07,+2.691197e-07,+2.564584e-07,+2.666187e-07,+2.630600e-07,+2.694382e-07,+2.700214e-07,+2.718086e-07,+2.762668e-07,+2.782160e-07,+2.829987e-07,+2.837262e-07,+2.864589e-07,+2.895632e-07,+2.926305e-07,+2.956111e-07,+2.981743e-07,+3.033580e-07,+3.047774e-07,+3.035760e-07,+3.106889e-07,+3.144537e-07,+3.189699e-07,+3.168165e-07,+3.174823e-07,+3.221797e-07,+3.283479e-07,+3.262460e-07,+3.277701e-07,+3.298024e-07,+3.370853e-07,+3.353467e-07,+3.408442e-07,+3.389851e-07,+3.452298e-07,+3.529309e-07,+3.501477e-07,+3.487895e-07,+3.551645e-07,+3.551323e-07,+3.576120e-07,+3.626845e-07,+3.740420e-07,+3.444151e-07,+3.796064e-07,+3.742707e-07,+3.683551e-07,+3.811399e-07,+3.729053e-07,+3.898471e-07,+3.871902e-07,+3.891879e-07,+4.027010e-07,+4.060782e-07,+3.941903e-07,+4.136144e-07,+4.105351e-07,+4.053184e-07,+4.087719e-07,+4.144592e-07,+4.051246e-07,+4.125698e-07,+4.143948e-07,+4.211563e-07,+4.386785e-07,+4.407916e-07,+4.201686e-07,+4.404621e-07,+4.353264e-07,+4.464312e-07,+4.567008e-07,+4.595755e-07,+4.570837e-07,+4.595754e-07,+4.857223e-07,+4.807456e-07,+4.712059e-07,+4.857901e-07,+4.742299e-07,+4.859548e-07,+4.980100e-07,+4.954894e-07,+4.909482e-07,+5.136749e-07,+5.454319e-07,+5.435211e-07,+5.304963e-07,+4.884425e-07,+5.284690e-07,+5.329499e-07,+5.131078e-07,+5.551593e-07,+5.796549e-07,+5.698294e-07,+6.191066e-07,+6.460632e-07,+6.617239e-07,+5.923713e-07,+6.018645e-07,+6.165371e-07,+6.183229e-07,+6.117234e-07,+5.929637e-07,+6.507721e-07,+6.268843e-07,+6.747711e-07,+6.434078e-07,+6.310152e-07,+6.710821e-07,+7.204184e-07,+6.472628e-07,+6.810661e-07,+6.823559e-07,+7.676088e-07,+7.119962e-07,+8.219032e-07,+6.814810e-07,+5.925195e-07,+6.942932e-07,+5.440080e-07,+5.162234e-07,+5.161034e-07
1700-1725,+1.129806e-07,+1.154868e-07,+1.174110e-07,+1.254269e-07,+1.311334e-07,+1.344451e-07,+1.373948e-07,+1.406558e-07,+1.429012e-07,+1.465735e-07,+1.483203e-07,+1.496822e-07,+1.521699e-07,+1.551002e-07,+1.599486e-07,+1.603552e-07,+1.673220e-07,+1.702706e-07,+1.817996e-07,+1.834753e-07,+1.970030e-07,+2.018077e-07,+2.169188e-07,+2.077413e-07,+2.010219e-07,+2.261160e-07,+2.346882e-07,+2.773943e-07,+1.222501e-06,+2.525826e-07,+2.860728e-07,+2.601988e-07,+2.597684e-07,+2.612817e-07,+2.666063e-07,+2.679254e-07,+2.751728e-07,+2.779318e-07,+2.783898e-07,+2.838162e-07,+2.862810e-07,+2.859022e-07,+2.911729e-07,+2.931957e-07,+2.941695e-07,+2.975309e-07,+3.016424e-07,+3.109388e-07,+3.028442e-07,+3.086738e-07,+3.152723e-07,+3.251680e-07,+3.164395e-07,+3.180916e-07,+3.272235e-07,+3.315525e-07,+3.279651e-07,+3.283917e-07,+3.302230e-07,+3.353710e-07,+3.370595e-07,+3.412328e-07,+3.374862e-07,+3.467894e-07,+3.553760e-07,+3.520119e-07,+3.517558e-07,+3.521671e-07,+3.574869e-07,+3.565618e-07,+3.603756e-07,+3.698948e-07,+3.560960e-07,+3.785844e-07,+3.771877e-07,+3.672262e-07,+3.788330e-07,+3.578565e-07,+3.890285e-07,+3.933118e-07,+3.847201e-07,+4.108527e-07,+4.041101e-07,+3.939881e-07,+4.060737e-07,+4.064257e-07,+3.951344e-07,+4.065505e-07,+4.152952e-07,+4.064428e-07,+4.120546e-07,+4.097340e-07,+4.253273e-07,+4.369409e-07,+4.323913e-07,+4.329665e-07,+4.427509e-07,+4.384189e-07,+4.464903e-07,+4.644160e-07,+4.641989e-07,+4.659641e-07,+4.650577e-07,+4.723639e-07,+4.802900e-07,+4.790121e-07,+4.907028e-07,+4.829283e-07,+4.937392e-07,+4.950712e-07,+4.954051e-07,+4.949132e-07,+5.133041e-07,+5.518885e-07,+5.408920e-07,+5.313916e-07,+4.921074e-07,+5.310975e-07,+5.495156e-07,+5.227262e-07,+5.717082e-07,+5.887218e-07,+5.916833e-07,+6.258084e-07,+6.651916e-07,+6.763182e-07,+6.189647e-07,+6.075912e-07,+6.594251e-07,+6.367591e-07,+6.278052e-07,+5.994258e-07,+6.390023e-07,+6.310079e-07,+7.021804e-07,+6.398758e-07,+6.464582e-07,+7.107115e-07,+7.052424e-07,+6.677991e-07,+6.834356e-07,+7.045682e-07,+7.751086e-07,+7.270589e-07,+8.494231e-07,+6.776838e-07,+6.622386e-07,+7.157370e-07,+5.737157e-07,+4.523722e-07,+5.674696e-07
1725-1750,+1.152800e-07,+1.176230e-07,+1.206998e-07,+1.294885e-07,+1.339746e-07,+1.373662e-07,+1.403361e-07,+1.434450e-07,+1.450598e-07,+1.495646e-07,+1.509587e-07,+1.523528e-07,+1.550337e-07,+1.574988e-07,+1.623469e-07,+1.633668e-07,+1.702209e-07,+1.739560e-07,+1.845041e-07,+1.847019e-07,+1.941826e-07,+2.064029e-07,+2.191416e-07,+2.163473e-07,+2.057066e-07,+2.248005e-07,+2.418025e-07,+2.561518e-07,+2.525826e-07,+7.083206e-07,+2.630795e-07,+2.695151e-07,+2.753672e-07,+2.724814e-07,+2.730743e-07,+2.829561e-07,+2.803940e-07,+2.902786e-07,+2.875598e-07,+2.933400e-07,+2.938844e-07,+2.929822e-07,+2.974403e-07,+2.994828e-07,+3.026746e-07,+3.055060e-07,+3.060914e-07,+3.111832e-07,+3.114135e-07,+3.145547e-07,+3.218686e-07,+3.217048e-07,+3.206155e-07,+3.232030e-07,+3.302390e-07,+3.362728e-07,+3.330096e-07,+3.390923e-07,+3.368924e-07,+3.448603e-07,+3.438958e-07,+3.474797e-07,+3.471181e-07,+3.519292e-07,+3.591622e-07,+3.558590e-07,+3.549417e-07,+3.591198e-07,+3.623789e-07,+3.635870e-07,+3.688670e-07,+3.783921e-07,+3.514406e-07,+3.812489e-07,+3.832299e-07,+3.739272e-07,+3.875024e-07,+3.785249e-07,+3.974638e-07,+3.981983e-07,+3.966337e-07,+4.099388e-07,+4.084686e-07,+4.059149e-07,+4.087583e-07,+4.135886e-07,+4.143967e-07,+4.142510e-07,+4.361103e-07,+4.148928e-07,+4.266193e-07,+4.260738e-07,+4.348444e-07,+4.482530e-07,+4.445121e-07,+4.497563e-07,+4.492151e-07,+4.370475e-07,+4.544301e-07,+4.675232e-07,+4.684158e-07,+4.691930e-07,+4.702832e-07,+5.007692e-07,+4.964758e-07,+4.854656e-07,+4.948016e-07,+4.875778e-07,+5.010946e-07,+5.163729e-07,+4.999580e-07,+5.094860e-07,+5.263252e-07,+5.733432e-07,+5.620060e-07,+5.462550e-07,+5.030170e-07,+5.492596e-07,+5.572081e-07,+5.322732e-07,+5.780228e-07,+5.904485e-07,+6.096687e-07,+6.499399e-07,+6.900737e-07,+6.857733e-07,+6.370357e-07,+6.319261e-07,+6.717310e-07,+6.670666e-07,+6.480038e-07,+6.400649e-07,+6.741186e-07,+6.583010e-07,+7.201030e-07,+6.795411e-07,+6.711824e-07,+7.420261e-07,+7.462290e-07,+6.914136e-07,+7.218602e-07,+7.567532e-07,+8.139931e-07,+7.674649e-07,+8.631022e-07,+7.345129e-07,+6.592819e-07,+7.435243e-07,+5.443519e-07,+5.848777e-07,+6.332171e-07
1750-1775,+1.166000e-07,+1.187261e-07,+1.208936e-07,+1.310308e-07,+1.361193e-07,+1.389900e-07,+1.421618e-07,+1.449316e-07,+1.468451e-07,+1.505391e-07,+1.523124e-07,+1.535906e-07,+1.562440e-07,+1.596173e-07,+1.668701e-07,+1.667506e-07,+1.747018e-07,+1.767529e-07,+1.913860e-07,+1.883217e-07,+1.975031e-07,+2.070094e-07,+2.282880e-07,+2.150205e-07,+2.075084e-07,+2.311289e-07,+2.459224e-07,+2.691197e-07,+2.860728e-07,+2.630795e-07,+8.157690e-07,+2.766742e-07,+2.772195e-07,+2.754259e-07,+2.835437e-07,+2.832135e-07,+2.850655e-07,+2.914043e-07,+2.896063e-07,+2.974643e-07,+2.979779e-07,+2.975630e-07,+3.022891e-07,+3.026422e-07,+3.083883e-07,+3.105711e-07,+3.139188e-07,+3.202383e-07,+3.131130e-07,+3.168590e-07,+3.230759e-07,+3.294680e-07,+3.235832e-07,+3.257828e-07,+3.323272e-07,+3.384738e-07,+3.363571e-07,+3.384307e-07,+3.386516e-07,+3.449152e-07,+3.460050e-07,+3.499181e-07,+3.475897e-07,+3.558997e-07,+3.622933e-07,+3.580872e-07,+3.608700e-07,+3.749785e-07,+3.700948e-07,+3.736986e-07,+3.717836e-07,+3.826539e-07,+3.608736e-07,+3.894910e-07,+3.922088e-07,+3.797049e-07,+3.874979e-07,+3.844463e-07,+3.957545e-07,+3.954493e-07,+4.021552e-07,+4.178583e-07,+4.154178e-07,+4.050576e-07,+4.188720e-07,+4.180534e-07,+4.114686e-07,+4.196901e-07,+4.275568e-07,+4.154648e-07,+4.270902e-07,+4.279917e-07,+4.316045e-07,+4.528537e-07,+4.433899e-07,+4.525776e-07,+4.581570e-07,+4.505697e-07,+4.791045e-07,+4.747265e-07,+4.720076e-07,+4.707728e-07,+4.790801e-07,+4.997273e-07,+5.044721e-07,+4.820054e-07,+5.039554e-07,+4.947334e-07,+5.064655e-07,+5.210487e-07,+5.256431e-07,+5.143677e-07,+5.292927e-07,+5.646904e-07,+5.659179e-07,+5.580772e-07,+5.159052e-07,+5.524976e-07,+5.943702e-07,+5.528944e-07,+5.976206e-07,+6.051999e-07,+6.281020e-07,+6.617164e-07,+6.944076e-07,+6.779582e-07,+6.621762e-07,+6.441930e-07,+6.865245e-07,+6.731897e-07,+6.515112e-07,+6.440814e-07,+6.832788e-07,+6.544091e-07,+7.284678e-07,+6.961478e-07,+6.816884e-07,+7.475897e-07,+7.459571e-07,+6.928864e-07,+7.334334e-07,+7.505146e-07,+8.256939e-07,+7.295341e-07,+8.822832e-07,+7.489685e-07,+6.935063e-07,+7.579325e-07,+6.157410e-07,+5.612286e-07,+6.657440e-07
1775-1800,+1.188116e-07,+1.202679e-07,+1.225668e-07,+1.310098e-07,+1.378888e-07,+1.411507e-07,+1.436616e-07,+1.465291e-07,+1.485410e-07,+1.523081e-07,+1.542234e-07,+1.557254e-07,+1.587984e-07,+1.618499e-07,+1.670628e-07,+1.685427e-07,+1.756096e-07,+1.788825e-07,+1.901141e-07,+1.890513e-07,+1.986816e-07,+2.074728e-07,+2.275361e-07,+2.172122e-07,+2.128212e-07,+2.325939e-07,+2.440734e-07,+2.564584e-07,+2.601988e-07,+2.695151e-07,+2.766742e-07,+5.983159e-07,+2.889454e-07,+2.946800e-07,+2.829915e-07,+2.840142e-07,+2.902902e-07,+2.933607e-07,+2.940792e-07,+3.003251e-07,+2.990084e-07,+3.007436e-07,+3.075880e-07,+3.111687e-07,+3.083474e-07,+3.116092e-07,+3.152922e-07,+3.158519e-07,+3.186600e-07,+3.214448e-07,+3.246369e-07,+3.317932e-07,+3.286846e-07,+3.299011e-07,+3.339605e-07,+3.421040e-07,+3.406678e-07,+3.426034e-07,+3.437261e-07,+3.510286e-07,+3.508849e-07,+3.555549e-07,+3.558047e-07,+3.612884e-07,+3.685641e-07,+3.656277e-07,+3.649211e-07,+3.689421e-07,+3.721696e-07,+3.768827e-07,+3.789043e-07,+3.875475e-07,+3.638002e-07,+3.953134e-07,+3.970175e-07,+3.825407e-07,+3.952468e-07,+3.898686e-07,+4.083269e-07,+3.988796e-07,+4.038350e-07,+4.174042e-07,+4.256350e-07,+4.160774e-07,+4.197479e-07,+4.258337e-07,+4.158983e-07,+4.278083e-07,+4.363677e-07,+4.256551e-07,+4.418069e-07,+4.363962e-07,+4.466356e-07,+4.559347e-07,+4.538371e-07,+4.579864e-07,+4.608540e-07,+4.680948e-07,+4.756633e-07,+4.823880e-07,+4.792424e-07,+4.876221e-07,+4.877376e-07,+5.035877e-07,+5.179310e-07,+5.038046e-07,+5.245322e-07,+5.094354e-07,+5.216167e-07,+5.288249e-07,+5.337044e-07,+5.292344e-07,+5.493584e-07,+5.789624e-07,+5.786965e-07,+5.658775e-07,+5.346022e-07,+5.640771e-07,+5.832945e-07,+5.617859e-07,+6.034902e-07,+6.390523e-07,+6.402879e-07,+6.736991e-07,+7.151058e-07,+7.153120e-07,+6.737910e-07,+6.586544e-07,+6.965980e-07,+6.892550e-07,+6.785644e-07,+6.668186e-07,+7.118446e-07,+6.776887e-07,+7.539757e-07,+7.186775e-07,+6.748983e-07,+7.679695e-07,+7.762043e-07,+6.946170e-07,+7.523587e-07,+7.718491e-07,+8.565933e-07,+7.798053e-07,+9.188657e-07,+7.844685e-07,+7.286395e-07,+7.840538e-07,+6.400468e-07,+6.416416e-07,+6.852262e-07
1800-1825,+1.205031e-07,+1.224016e-07,+1.248250e-07,+1.338332e-07,+1.406466e-07,+1.434934e-07,+1.462498e-07,+1.488388e-07,+1.507122e-07,+1.548895e-07,+1.565785e-07,+1.582223e-07,+1.611946e-07,+1.642218e-07,+1.703708e-07,+1.713434e-07,+1.773705e-07,+1.806728e-07,+1.952313e-07,+1.942876e-07,+2.024016e-07,+2.072609e-07,+2.234350e-07,+2.209908e-07,+2.110308e-07,+2.379744e-07,+2.486412e-07,+2.666187e-07,+2.597684e-07,+2.753672e-07,+2.772195e-07,+2.889454e-07,+6.548823e-07,+2.914047e-07,+2.946792e-07,+2.941627e-07,+2.944933e-07,+3.002500e-07,+2.992745e-07,+3.073335e-07,+3.051890e-07,+3.084354e-07,+3.123830e-07,+3.174760e-07,+3.163352e-07,+3.174707e-07,+3.199184e-07,+3.257608e-07,+3.225395e-07,+3.267699e-07,+3.309166e-07,+3.372750e-07,+3.319128e-07,+3.369530e-07,+3.413074e-07,+3.466837e-07,+3.454072e-07,+3.480841e-07,+3.505868e-07,+3.572717e-07,+3.568540e-07,+3.602421e-07,+3.601631e-07,+3.667955e-07,+3.728782e-07,+3.694365e-07,+3.682665e-07,+3.781855e-07,+3.764992e-07,+3.807901e-07,+3.834190e-07,+3.939452e-07,+3.663395e-07,+3.920610e-07,+4.013485e-07,+3.919646e-07,+4.019704e-07,+3.980509e-07,+4.132312e-07,+4.042672e-07,+4.083074e-07,+4.276362e-07,+4.249775e-07,+4.243550e-07,+4.299878e-07,+4.291677e-07,+4.221799e-07,+4.374605e-07,+4.437401e-07,+4.329645e-07,+4.412821e-07,+4.424893e-07,+4.479843e-07,+4.620840e-07,+4.650209e-07,+4.745671e-07,+4.708425e-07,+4.678023e-07,+4.825315e-07,+4.905753e-07,+4.887940e-07,+4.905578e-07,+4.984619e-07,+5.109109e-07,+5.255351e-07,+5.026023e-07,+5.229730e-07,+5.120818e-07,+5.216005e-07,+5.389843e-07,+5.333242e-07,+5.310737e-07,+5.487187e-07,+5.880464e-07,+5.879506e-07,+5.760063e-07,+5.383550e-07,+5.748790e-07,+5.854827e-07,+5.679299e-07,+6.095547e-07,+6.331667e-07,+6.359509e-07,+6.828426e-07,+7.167330e-07,+7.176970e-07,+6.659143e-07,+6.631720e-07,+7.017211e-07,+6.945289e-07,+6.831896e-07,+6.815922e-07,+7.157995e-07,+6.862525e-07,+7.566195e-07,+7.237783e-07,+6.941714e-07,+7.808021e-07,+7.919714e-07,+6.707370e-07,+7.781999e-07,+7.775132e-07,+8.519581e-07,+7.657309e-07,+9.234475e-07,+7.748026e-07,+7.245543e-07,+7.929452e-07,+5.725427e-07,+6.263544e-07,+6.806537e-07
1825-1850,+1.211154e-07,+1.233192e-07,+1.255399e-07,+1.339702e-07,+1.411157e-07,+1.443481e-07,+1.474034e-07,+1.500200e-07,+1.522403e-07,+1.558051e-07,+1.579864e-07,+1.594320e-07,+1.622307e-07,+1.655161e-07,+1.703455e-07,+1.716014e-07,+1.788217e-07,+1.809865e-07,+1.921692e-07,+1.923960e-07,+2.000007e-07,+2.057097e-07,+2.195993e-07,+2.183159e-07,+2.100566e-07,+2.289900e-07,+2.445687e-07,+2.630600e-07,+2.612817e-07,+2.724814e-07,+2.754259e-07,+2.946800e-07,+2.914047e-07,+5.379289e-07,+2.880689e-07,+2.900198e-07,+2.932107e-07,+2.988919e-07,+3.008156e-07,+3.077452e-07,+3.068496e-07,+3.106172e-07,+3.160915e-07,+3.188617e-07,+3.204600e-07,+3.239414e-07,+3.261865e-07,+3.274179e-07,+3.265563e-07,+3.317259e-07,+3.359685e-07,+3.419440e-07,+3.370993e-07,+3.399886e-07,+3.444604e-07,+3.520468e-07,+3.502593e-07,+3.518477e-07,+3.533520e-07,+3.585252e-07,+3.606470e-07,+3.641603e-07,+3.629826e-07,+3.701814e-07,+3.777817e-07,+3.731196e-07,+3.763556e-07,+3.807060e-07,+3.841354e-07,+3.891711e-07,+3.894214e-07,+3.972060e-07,+3.659465e-07,+3.984332e-07,+4.020070e-07,+3.959130e-07,+4.044217e-07,+4.011831e-07,+4.192663e-07,+4.119025e-07,+4.153974e-07,+4.307096e-07,+4.326617e-07,+4.271959e-07,+4.326234e-07,+4.326401e-07,+4.261176e-07,+4.355725e-07,+4.465675e-07,+4.340391e-07,+4.468733e-07,+4.428146e-07,+4.567844e-07,+4.696057e-07,+4.647739e-07,+4.713441e-07,+4.735824e-07,+4.769533e-07,+4.863774e-07,+5.009840e-07,+4.941483e-07,+4.988815e-07,+4.989688e-07,+5.204656e-07,+5.300973e-07,+5.167583e-07,+5.269396e-07,+5.224655e-07,+5.273897e-07,+5.427891e-07,+5.434244e-07,+5.412653e-07,+5.620371e-07,+5.944881e-07,+5.867554e-07,+5.837120e-07,+5.405221e-07,+5.821144e-07,+5.961372e-07,+5.767072e-07,+6.208356e-07,+6.332188e-07,+6.448927e-07,+6.868981e-07,+7.345039e-07,+7.168597e-07,+6.701159e-07,+6.790222e-07,+6.948658e-07,+6.873488e-07,+6.764846e-07,+6.812148e-07,+7.090911e-07,+6.860568e-07,+7.437552e-07,+7.178868e-07,+6.966750e-07,+7.753763e-07,+7.748414e-07,+6.497436e-07,+7.578912e-07,+7.429076e-07,+8.558904e-07,+7.638402e-07,+9.104232e-07,+7.785126e-07,+6.777011e-07,+7.896037e-07,+6.084074e-07,+6.049651e-07,+6.526667e-07
1850-1875,+1.224896e-07,+1.244350e-07,+1.268652e-07,+1.361307e-07,+1.427478e-07,+1.461570e-07,+1.491373e-07,+1.518316e-07,+1.538898e-07,+1.580483e-07,+1.598841e-07,+1.616851e-07,+1.647418e-07,+1.679591e-07,+1.735074e-07,+1.752883e-07,+1.819852e-07,+1.859333e-07,+1.993132e-07,+1.968956e-07,+2.049315e-07,+2.107135e-07,+2.289005e-07,+2.205989e-07,+2.159695e-07,+2.341859e-07,+2.481211e-07,+2.694382e-07,+2.666063e-07,+2.730743e-07,+2.835437e-07,+2.829915e-07,+2.946792e-07,+2.880689e-07,+5.886524e-07,+2.974529e-07,+2.955393e-07,+2.999442e-07,+3.033341e-07,+3.105907e-07,+3.092441e-07,+3.130065e-07,+3.176266e-07,+3.186082e-07,+3.203784e-07,+3.231663e-07,+3.251838e-07,+3.276335e-07,+3.285500e-07,+3.320764e-07,+3.366035e-07,+3.427503e-07,+3.377435e-07,+3.415853e-07,+3.461289e-07,+3.545166e-07,+3.510710e-07,+3.529571e-07,+3.553355e-07,+3.626989e-07,+3.625783e-07,+3.657757e-07,+3.644601e-07,+3.736428e-07,+3.795132e-07,+3.791465e-07,+3.810911e-07,+3.848511e-07,+3.873675e-07,+3.953401e-07,+3.941162e-07,+4.029833e-07,+3.673850e-07,+4.029987e-07,+4.094483e-07,+3.984807e-07,+4.078759e-07,+4.081706e-07,+4.216196e-07,+4.104071e-07,+4.194285e-07,+4.296450e-07,+4.364595e-07,+4.324678e-07,+4.343679e-07,+4.350002e-07,+4.280052e-07,+4.387189e-07,+4.506381e-07,+4.384030e-07,+4.517781e-07,+4.453020e-07,+4.629243e-07,+4.715883e-07,+4.772136e-07,+4.661435e-07,+4.817213e-07,+4.806559e-07,+4.884589e-07,+5.063026e-07,+5.060635e-07,+5.073063e-07,+5.124984e-07,+5.303893e-07,+5.353322e-07,+5.263013e-07,+5.381278e-07,+5.293537e-07,+5.388111e-07,+5.511235e-07,+5.488376e-07,+5.469529e-07,+5.685241e-07,+6.002922e-07,+6.009768e-07,+5.889157e-07,+5.531650e-07,+5.867912e-07,+6.112867e-07,+5.824961e-07,+6.327986e-07,+6.536098e-07,+6.648286e-07,+7.067156e-07,+7.365691e-07,+7.341179e-07,+7.149372e-07,+6.887491e-07,+7.272905e-07,+7.250961e-07,+7.008322e-07,+7.069495e-07,+7.326107e-07,+7.083339e-07,+7.657462e-07,+7.524556e-07,+7.219834e-07,+7.813454e-07,+8.055072e-07,+7.665068e-07,+8.034852e-07,+8.110928e-07,+8.943566e-07,+8.067649e-07,+9.546445e-07,+8.197256e-07,+7.538015e-07,+8.434055e-07,+6.706455e-07,+6.475273e-07,+7.189666e-07
1875-1900,+1.251464e-07,+1.271054e-07,+1.290992e-07,+1.381637e-07,+1.449052e-07,+1.481844e-07,+1.510820e-07,+1.536061e-07,+1.557410e-07,+1.598506e-07,+1.617416e-07,+1.634238e-07,+1.661926e-07,+1.695455e-07,+1.752098e-07,+1.764239e-07,+1.833078e-07,+1.870628e-07,+1.986963e-07,+2.011379e-07,+2.069016e-07,+2.142437e-07,+2.287680e-07,+2.270124e-07,+2.170859e-07,+2.385375e-07,+2.554973e-07,+2.700214e-07,+2.679254e-07,+2.829561e-07,+2.832135e-07,+2.840142e-07,+2.941627e-07,+2.900198e-07,+2.974529e-07,+4.897241e-07,+2.976698e-07,+3.061587e-07,+3.092945e-07,+3.166687e-07,+3.157628e-07,+3.182412e-07,+3.233604e-07,+3.259885e-07,+3.297502e-07,+3.296168e-07,+3.329959e-07,+3.361541e-07,+3.358834e-07,+3.386409e-07,+3.425880e-07,+3.456617e-07,+3.457741e-07,+3.476172e-07,+3.517429e-07,+3.592601e-07,+3.564835e-07,+3.597048e-07,+3.617431e-07,+3.672773e-07,+3.688934e-07,+3.721802e-07,+3.710170e-07,+3.772070e-07,+3.849854e-07,+3.812490e-07,+3.844309e-07,+3.909325e-07,+3.923074e-07,+3.966748e-07,+3.976167e-07,+4.104475e-07,+3.764119e-07,+4.093071e-07,+4.142731e-07,+4.082101e-07,+4.162073e-07,+4.125132e-07,+4.293876e-07,+4.201334e-07,+4.269407e-07,+4.384997e-07,+4.424058e-07,+4.405495e-07,+4.401506e-07,+4.430902e-07,+4.356405e-07,+4.509195e-07,+4.563254e-07,+4.466314e-07,+4.593059e-07,+4.540700e-07,+4.670216e-07,+4.813695e-07,+4.814003e-07,+4.801973e-07,+4.885922e-07,+4.837153e-07,+5.002828e-07,+5.091991e-07,+5.089135e-07,+5.187357e-07,+5.152680e-07,+5.375371e-07,+5.441417e-07,+5.305198e-07,+5.470437e-07,+5.323358e-07,+5.379708e-07,+5.590028e-07,+5.517010e-07,+5.528282e-07,+5.782005e-07,+6.119977e-07,+6.126524e-07,+6.011530e-07,+5.592660e-07,+5.940777e-07,+6.047869e-07,+5.895411e-07,+6.346419e-07,+6.576497e-07,+6.694461e-07,+7.122508e-07,+7.364235e-07,+7.348365e-07,+6.956522e-07,+6.988542e-07,+7.205408e-07,+7.200638e-07,+6.839186e-07,+7.021779e-07,+7.122731e-07,+7.043248e-07,+7.390462e-07,+7.463781e-07,+7.285702e-07,+7.795287e-07,+7.606416e-07,+7.290065e-07,+7.891768e-07,+7.550486e-07,+8.754104e-07,+8.061365e-07,+9.404080e-07,+8.042419e-07,+7.129135e-07,+8.111403e-07,+6.255872e-07,+6.396077e-07,+7.225381e-07
1900-1925,+1.264999e-07,+1.285031e-07,+1.311280e-07,+1.396810e-07,+1.469331e-07,+1.500839e-07,+1.533792e-07,+1.561216e-07,+1.581748e-07,+1.621960e-07,+1.642318e-07,+1.659924e-07,+1.685091e-07,+1.717806e-07,+1.775362e-07,+1.781942e-07,+1.858103e-07,+1.878372e-07,+2.000275e-07,+1.990650e-07,+2.074521e-07,+2.138838e-07,+2.320192e-07,+2.261786e-07,+2.180221e-07,+2.396605e-07,+2.539582e-07,+2.718086e-07,+2.751728e-07,+2.803940e-07,+2.850655e-07,+2.902902e-07,+2.944933e-07,+2.932107e-07,+2.955393e-07,+2.976698e-07,+6.308200e-07,+3.105172e-07,+3.111292e-07,+3.207055e-07,+3.231723e-07,+3.211333e-07,+3.290992e-07,+3.288307e-07,+3.333435e-07,+3.367518e-07,+3.356500e-07,+3.430003e-07,+3.408200e-07,+3.447105e-07,+3.497394e-07,+3.514824e-07,+3.494476e-07,+3.566658e-07,+3.607031e-07,+3.672435e-07,+3.650997e-07,+3.677042e-07,+3.707748e-07,+3.758271e-07,+3.754351e-07,+3.794691e-07,+3.786072e-07,+3.863959e-07,+3.918482e-07,+3.893513e-07,+3.844735e-07,+3.938747e-07,+4.042680e-07,+4.048731e-07,+4.064489e-07,+4.207555e-07,+3.968762e-07,+4.237548e-07,+4.274225e-07,+4.102409e-07,+4.272260e-07,+4.199033e-07,+4.347585e-07,+4.307412e-07,+4.370890e-07,+4.475176e-07,+4.543765e-07,+4.510472e-07,+4.520537e-07,+4.511179e-07,+4.452188e-07,+4.544293e-07,+4.651017e-07,+4.542652e-07,+4.657784e-07,+4.629831e-07,+4.759490e-07,+4.900964e-07,+4.852713e-07,+4.878743e-07,+4.930023e-07,+5.024832e-07,+5.038164e-07,+5.147066e-07,+5.238929e-07,+5.231442e-07,+5.246879e-07,+5.507006e-07,+5.472372e-07,+5.442783e-07,+5.506873e-07,+5.411488e-07,+5.500194e-07,+5.711450e-07,+5.616258e-07,+5.588675e-07,+5.801317e-07,+6.155094e-07,+6.184339e-07,+6.025100e-07,+5.611341e-07,+5.965092e-07,+6.230407e-07,+5.900958e-07,+6.379351e-07,+6.592060e-07,+6.618653e-07,+7.056000e-07,+7.281662e-07,+7.406351e-07,+6.824550e-07,+6.846851e-07,+7.264207e-07,+7.196684e-07,+7.064603e-07,+6.892696e-07,+7.528777e-07,+6.989539e-07,+7.786476e-07,+7.335119e-07,+6.917891e-07,+8.057121e-07,+8.230416e-07,+6.942712e-07,+7.988507e-07,+8.034701e-07,+8.726301e-07,+7.892346e-07,+9.445120e-07,+7.811778e-07,+7.237842e-07,+8.105936e-07,+5.756209e-07,+6.245581e-07,+6.704389e-07
1925-1950,+1.292119e-07,+1.309185e-07,+1.328837e-07,+1.415224e-07,+1.505695e-07,+1.533313e-07,+1.562770e-07,+1.585862e-07,+1.606554e-07,+1.644292e-07,+1.664244e-07,+1.682772e-07,+1.712596e-07,+1.746471e-07,+1.807454e-07,+1.815411e-07,+1.904815e-07,+1.924798e-07,+2.044346e-07,+2.030648e-07,+2.113038e-07,+2.189745e-07,+2.343791e-07,+2.300210e-07,+2.209206e-07,+2.425617e-07,+2.585889e-07,+2.762668e-07,+2.779318e-07,+2.902786e-07,+2.914043e-07,+2.933607e-07,+3.002500e-07,+2.988919e-07,+2.999442e-07,+3.061587e-07,+3.105172e-07,+5.645477e-07,+3.218157e-07,+3.267269e-07,+3.258161e-07,+3.280692e-07,+3.344809e-07,+3.338920e-07,+3.415937e-07,+3.400488e-07,+3.445106e-07,+3.461777e-07,+3.456026e-07,+3.494316e-07,+3.542390e-07,+3.586793e-07,+3.557518e-07,+3.611878e-07,+3.635960e-07,+3.709829e-07,+3.697833e-07,+3.723212e-07,+3.735489e-07,+3.793829e-07,+3.792490e-07,+3.839331e-07,+3.818845e-07,+3.875585e-07,+3.957020e-07,+3.926897e-07,+3.928897e-07,+4.000788e-07,+4.033916e-07,+4.063223e-07,+4.069143e-07,+4.211752e-07,+3.925202e-07,+4.220042e-07,+4.262996e-07,+4.181896e-07,+4.294660e-07,+4.207503e-07,+4.443327e-07,+4.330059e-07,+4.410754e-07,+4.499903e-07,+4.602966e-07,+4.553986e-07,+4.578258e-07,+4.559816e-07,+4.526103e-07,+4.662310e-07,+4.746159e-07,+4.647619e-07,+4.740540e-07,+4.680352e-07,+4.823267e-07,+4.934957e-07,+4.951533e-07,+5.015086e-07,+5.029071e-07,+5.120987e-07,+5.119473e-07,+5.294951e-07,+5.276438e-07,+5.336905e-07,+5.385411e-07,+5.584677e-07,+5.661638e-07,+5.490249e-07,+5.623117e-07,+5.506267e-07,+5.596877e-07,+5.780154e-07,+5.738735e-07,+5.718605e-07,+5.939427e-07,+6.258288e-07,+6.376969e-07,+6.208957e-07,+5.749044e-07,+6.129376e-07,+6.373467e-07,+6.133091e-07,+6.560301e-07,+6.763289e-07,+6.824549e-07,+7.230654e-07,+7.564457e-07,+7.565084e-07,+7.127403e-07,+7.067052e-07,+7.230055e-07,+7.358625e-07,+7.101353e-07,+7.234522e-07,+7.392599e-07,+7.121275e-07,+7.804844e-07,+7.650215e-07,+7.278873e-07,+8.114974e-07,+8.301228e-07,+7.549629e-07,+8.133826e-07,+7.852473e-07,+9.118218e-07,+8.223019e-07,+9.720974e-07,+8.262100e-07,+7.601881e-07,+8.410488e-07,+6.485624e-07,+6.484671e-07,+7.110587e-07
1950-1975,+1.305764e-07,+1.326083e-07,+1.348588e-07,+1.433664e-07,+1.511004e-07,+1.548304e-07,+1.581439e-07,+1.607299e-07,+1.628233e-07,+1.667700e-07,+1.690805e-07,+1.710917e-07,+1.737141e-07,+1.769629e-07,+1.824537e-07,+1.840186e-07,+1.921083e-07,+1.949741e-07,+2.060352e-07,+2.055160e-07,+2.130364e-07,+2.194297e-07,+2.362037e-07,+2.320596e-07,+2.236599e-07,+2.446459e-07,+2.607671e-07,+2.782160e-07,+2.783898e-07,+2.875598e-07,+2.896063e-07,+2.940792e-07,+2.992745e-07,+3.008156e-07,+3.033341e-07,+3.092945e-07,+3.111292e-07,+3.218157e-07,+5.223592e-07,+3.307372e-07,+3.300712e-07,+3.315649e-07,+3.375152e-07,+3.402211e-07,+3.442859e-07,+3.450127e-07,+3.481420e-07,+3.505282e-07,+3.499427e-07,+3.542093e-07,+3.607840e-07,+3.637099e-07,+3.604091e-07,+3.646960e-07,+3.699951e-07,+3.767238e-07,+3.746620e-07,+3.772201e-07,+3.792504e-07,+3.853270e-07,+3.864100e-07,+3.914115e-07,+3.878607e-07,+3.957337e-07,+4.018628e-07,+3.999032e-07,+3.995395e-07,+4.067676e-07,+4.110394e-07,+4.147843e-07,+4.163090e-07,+4.315523e-07,+4.079794e-07,+4.337578e-07,+4.386705e-07,+4.241405e-07,+4.359603e-07,+4.319717e-07,+4.562033e-07,+4.440699e-07,+4.478666e-07,+4.565936e-07,+4.637582e-07,+4.634486e-07,+4.680396e-07,+4.691675e-07,+4.604153e-07,+4.753345e-07,+4.815479e-07,+4.689851e-07,+4.832785e-07,+4.759517e-07,+4.894597e-07,+5.021766e-07,+5.045712e-07,+5.036112e-07,+5.094439e-07,+5.172237e-07,+5.198495e-07,+5.404254e-07,+5.369715e-07,+5.411744e-07,+5.396519e-07,+5.569048e-07,+5.691742e-07,+5.617812e-07,+5.772423e-07,+5.594185e-07,+5.683929e-07,+5.877183e-07,+5.818584e-07,+5.823452e-07,+6.079518e-07,+6.338813e-07,+6.480522e-07,+6.284407e-07,+5.864866e-07,+6.163075e-07,+6.449639e-07,+6.189006e-07,+6.589850e-07,+6.912376e-07,+6.768633e-07,+7.119694e-07,+7.616606e-07,+7.702094e-07,+7.099230e-07,+6.847270e-07,+7.522648e-07,+7.443637e-07,+7.343007e-07,+7.170917e-07,+7.738658e-07,+7.165526e-07,+7.903816e-07,+7.561709e-07,+7.549271e-07,+8.269480e-07,+8.102760e-07,+7.209996e-07,+8.114120e-07,+8.064254e-07,+9.248728e-07,+8.302301e-07,+9.673331e-07,+8.218712e-07,+7.331502e-07,+8.590271e-07,+6.412537e-07,+6.581947e-07,+7.377726e-07
1975-2000,+1.342015e-07,+1.366751e-07,+1.383651e-07,+1.478098e-07,+1.560349e-07,+1.591407e-07,+1.625290e-07,+1.647703e-07,+1.667224e-07,+1.709838e-07,+1.730078e-07,+1.750467e-07,+1.782099e-07,+1.816125e-07,+1.868394e-07,+1.884907e-07,+1.957745e-07,+1.988848e-07,+2.123333e-07,+2.123641e-07,+2.187596e-07,+2.244163e-07,+2.388712e-07,+2.357023e-07,+2.273912e-07,+2.498573e-07,+2.699122e-07,+2.829987e-07,+2.838162e-07,+2.933400e-07,+2.974643e-07,+3.003251e-07,+3.073335e-07,+3.077452e-07,+3.105907e-07,+3.166687e-07,+3.207055e-07,+3.267269e-07,+3.307372e-07,+6.022006e-07,+3.417291e-07,+3.459267e-07,+3.488215e-07,+3.470665e-07,+3.574423e-07,+3.583045e-07,+3.574941e-07,+3.615623e-07,+3.591836e-07,+3.635868e-07,+3.692987e-07,+3.715777e-07,+3.693329e-07,+3.756673e-07,+3.785494e-07,+3.851355e-07,+3.843276e-07,+3.873339e-07,+3.899858e-07,+3.950741e-07,+3.961233e-07,+3.996072e-07,+3.973109e-07,+4.043063e-07,+4.108352e-07,+4.082323e-07,+4.090515e-07,+4.149413e-07,+4.203086e-07,+4.234500e-07,+4.252889e-07,+4.441930e-07,+4.023644e-07,+4.413560e-07,+4.421555e-07,+4.341292e-07,+4.478409e-07,+4.398797e-07,+4.609565e-07,+4.517808e-07,+4.587730e-07,+4.721549e-07,+4.775032e-07,+4.690160e-07,+4.753042e-07,+4.778408e-07,+4.685687e-07,+4.894854e-07,+4.953527e-07,+4.838201e-07,+4.945253e-07,+4.863598e-07,+5.046050e-07,+5.151534e-07,+5.187846e-07,+5.164820e-07,+5.214214e-07,+5.342504e-07,+5.374022e-07,+5.467662e-07,+5.487470e-07,+5.490044e-07,+5.574065e-07,+5.842572e-07,+5.812937e-07,+5.733090e-07,+5.905394e-07,+5.715870e-07,+5.812339e-07,+5.956941e-07,+5.905586e-07,+5.933946e-07,+6.186987e-07,+6.550893e-07,+6.606700e-07,+6.414846e-07,+6.019100e-07,+6.398602e-07,+6.540041e-07,+6.323933e-07,+6.807240e-07,+6.949295e-07,+6.920337e-07,+7.490312e-07,+7.795322e-07,+7.854696e-07,+7.244333e-07,+7.304875e-07,+7.704312e-07,+7.676217e-07,+7.282677e-07,+7.316495e-07,+7.961254e-07,+7.437143e-07,+7.996383e-07,+7.931477e-07,+7.494387e-07,+8.367287e-07,+8.584294e-07,+8.050340e-07,+8.486292e-07,+8.295992e-07,+9.271094e-07,+8.557025e-07,+9.904616e-07,+8.455066e-07,+7.730486e-07,+8.601361e-07,+6.367547e-07,+6.613738e-07,+7.724210e-07
2000-2025,+1.343046e-07,+1.370984e-07,+1.388518e-07,+1.483898e-07,+1.554262e-07,+1.591932e-07,+1.626106e-07,+1.652825e-07,+1.673805e-07,+1.716074e-07,+1.738678e-07,+1.760944e-07,+1.787568e-07,+1.821017e-07,+1.870902e-07,+1.885995e-07,+1.946745e-07,+1.988084e-07,+2.095923e-07,+2.100804e-07,+2.177209e-07,+2.231567e-07,+2.381345e-07,+2.344683e-07,+2.270007e-07,+2.478896e-07,+2.664017e-07,+2.837262e-07,+2.862810e-07,+2.938844e-07,+2.979779e-07,+2.990084e-07,+3.051890e-07,+3.068496e-07,+3.092441e-07,+3.157628e-07,+3.231723e-07,+3.258161e-07,+3.300712e-07,+3.417291e-07,+5.962185e-07,+3.414498e-07,+3.496465e-07,+3.476285e-07,+3.573103e-07,+3.591322e-07,+3.600068e-07,+3.628796e-07,+3.619263e-07,+3.658681e-07,+3.730244e-07,+3.747428e-07,+3.737734e-07,+3.769091e-07,+3.823465e-07,+3.887549e-07,+3.880121e-07,+3.901477e-07,+3.919209e-07,+3.983029e-07,+3.991561e-07,+4.033043e-07,+4.005448e-07,+4.089518e-07,+4.160056e-07,+4.112345e-07,+4.060556e-07,+4.194953e-07,+4.219396e-07,+4.300199e-07,+4.301982e-07,+4.470330e-07,+4.158917e-07,+4.458862e-07,+4.489653e-07,+4.415609e-07,+4.525770e-07,+4.426887e-07,+4.622124e-07,+4.558423e-07,+4.602735e-07,+4.751047e-07,+4.791476e-07,+4.741583e-07,+4.774389e-07,+4.789952e-07,+4.700300e-07,+4.868525e-07,+4.938424e-07,+4.815670e-07,+4.949833e-07,+4.922128e-07,+5.056179e-07,+5.193969e-07,+5.164507e-07,+5.242484e-07,+5.246216e-07,+5.304071e-07,+5.369504e-07,+5.556239e-07,+5.514025e-07,+5.587228e-07,+5.576990e-07,+5.721284e-07,+5.838139e-07,+5.765236e-07,+5.880402e-07,+5.753316e-07,+5.847208e-07,+6.086545e-07,+5.979145e-07,+6.059945e-07,+6.195078e-07,+6.496872e-07,+6.563697e-07,+6.437161e-07,+6.037546e-07,+6.476141e-07,+6.521071e-07,+6.273412e-07,+6.721268e-07,+6.953378e-07,+7.144221e-07,+7.343980e-07,+7.802701e-07,+7.746246e-07,+7.288319e-07,+7.135713e-07,+7.436820e-07,+7.481683e-07,+7.456245e-07,+7.407197e-07,+8.043811e-07,+7.334130e-07,+8.065158e-07,+7.845115e-07,+7.750973e-07,+8.513822e-07,+8.570599e-07,+7.396117e-07,+8.367286e-07,+8.249311e-07,+9.145112e-07,+8.554016e-07,+9.884915e-07,+8.211154e-07,+7.447785e-07,+8.383227e-07,+6.044905e-07,+6.579994e-07,+7.492564e-07
2025-2050,+1.368009e-07,+1.383434e-07,+1.402560e-07,+1.489941e-07,+1.579608e-07,+1.615728e-07,+1.649697e-07,+1.676650e-07,+1.698966e-07,+1.735946e-07,+1.758072e-07,+1.776072e-07,+1.804416e-07,+1.841285e-07,+1.900434e-07,+1.920736e-07,+1.998391e-07,+2.015042e-07,+2.140869e-07,+2.142800e-07,+2.216671e-07,+2.278077e-07,+2.451916e-07,+2.408094e-07,+2.314731e-07,+2.512070e-07,+2.739247e-07,+2.864589e-07,+2.859022e-07,+2.929822e-07,+2.975630e-07,+3.007436e-07,+3.084354e-07,+3.106172e-07,+3.130065e-07,+3.182412e-07,+3.211333e-07,+3.280692e-07,+3.315649e-07,+3.459267e-07,+3.414498e-07,+5.626478e-07,+3.489109e-07,+3.523064e-07,+3.621953e-07,+3.623286e-07,+3.642361e-07,+3.654972e-07,+3.653541e-07,+3.703104e-07,+3.735724e-07,+3.795757e-07,+3.753953e-07,+3.805510e-07,+3.845387e-07,+3.923178e-07,+3.910458e-07,+3.928187e-07,+3.951429e-07,+3.994672e-07,+4.040852e-07,+4.066115e-07,+4.038940e-07,+4.103785e-07,+4.173006e-07,+4.169443e-07,+4.126330e-07,+4.251699e-07,+4.267851e-07,+4.288245e-07,+4.324551e-07,+4.452885e-07,+4.134340e-07,+4.506122e-07,+4.532179e-07,+4.456089e-07,+4.553369e-07,+4.470789e-07,+4.679063e-07,+4.615228e-07,+4.665676e-07,+4.761934e-07,+4.823351e-07,+4.819114e-07,+4.889887e-07,+4.883900e-07,+4.766568e-07,+4.923613e-07,+5.039139e-07,+4.864081e-07,+4.990359e-07,+4.936656e-07,+5.118188e-07,+5.208881e-07,+5.273471e-07,+5.349727e-07,+5.382240e-07,+5.474248e-07,+5.462701e-07,+5.639924e-07,+5.611676e-07,+5.714467e-07,+5.668973e-07,+5.995660e-07,+6.018356e-07,+5.894518e-07,+6.088378e-07,+5.876531e-07,+5.951494e-07,+6.142971e-07,+6.054908e-07,+6.108454e-07,+6.314893e-07,+6.640648e-07,+6.709550e-07,+6.592169e-07,+6.205404e-07,+6.551937e-07,+6.659845e-07,+6.587123e-07,+7.065872e-07,+7.113428e-07,+7.264911e-07,+7.742362e-07,+8.079967e-07,+7.983534e-07,+7.503998e-07,+7.536438e-07,+7.902504e-07,+7.649546e-07,+7.724902e-07,+7.658566e-07,+8.015648e-07,+7.793174e-07,+8.300428e-07,+8.197364e-07,+7.509573e-07,+8.789031e-07,+8.668528e-07,+8.210615e-07,+8.897289e-07,+8.488329e-07,+9.557139e-07,+8.891647e-07,+1.032579e-06,+8.838062e-07,+7.942850e-07,+8.862888e-07,+6.921002e-07,+7.270269e-07,+7.841828e-07
2050-2075,+1.390246e-07,+1.408092e-07,+1.426802e-07,+1.514480e-07,+1.597673e-07,+1.635266e-07,+1.669480e-07,+1.696070e-07,+1.722702e-07,+1.762736e-07,+1.787720e-07,+1.807703e-07,+1.835973e-07,+1.872723e-07,+1.928024e-07,+1.944011e-07,+2.013452e-07,+2.037871e-07,+2.147493e-07,+2.156980e-07,+2.234066e-07,+2.288835e-07,+2.425801e-07,+2.405685e-07,+2.327083e-07,+2.535267e-07,+2.715235e-07,+2.895632e-07,+2.911729e-07,+2.974403e-07,+3.022891e-07,+3.075880e-07,+3.123830e-07,+3.160915e-07,+3.176266e-07,+3.233604e-07,+3.290992e-07,+3.344809e-07,+3.375152e-07,+3.488215e-07,+3.496465e-07,+3.489109e-07,+5.632940e-07,+3.561045e-07,+3.688317e-07,+3.637401e-07,+3.692102e-07,+3.726227e-07,+3.717299e-07,+3.744386e-07,+3.788571e-07,+3.853810e-07,+3.817871e-07,+3.875023e-07,+3.900791e-07,+3.977566e-07,+3.971598e-07,+4.007486e-07,+4.006470e-07,+4.094697e-07,+4.098071e-07,+4.138466e-07,+4.128569e-07,+4.184548e-07,+4.245551e-07,+4.220648e-07,+4.216674e-07,+4.313483e-07,+4.362592e-07,+4.425827e-07,+4.399445e-07,+4.601361e-07,+4.349176e-07,+4.583040e-07,+4.630407e-07,+4.520602e-07,+4.651549e-07,+4.577277e-07,+4.772521e-07,+4.672516e-07,+4.773498e-07,+4.835134e-07,+4.943593e-07,+4.876096e-07,+4.910888e-07,+4.919149e-07,+4.891363e-07,+5.012340e-07,+5.121946e-07,+4.991837e-07,+5.137161e-07,+5.025139e-07,+5.169140e-07,+5.302702e-07,+5.363792e-07,+5.392608e-07,+5.397146e-07,+5.497888e-07,+5.557067e-07,+5.718874e-07,+5.701160e-07,+5.795178e-07,+5.783139e-07,+5.945370e-07,+6.191115e-07,+6.004616e-07,+6.173709e-07,+5.951396e-07,+5.997104e-07,+6.289102e-07,+6.177209e-07,+6.168651e-07,+6.462181e-07,+6.763833e-07,+6.887718e-07,+6.630419e-07,+6.241783e-07,+6.647905e-07,+6.858025e-07,+6.521476e-07,+6.928848e-07,+7.399552e-07,+7.421026e-07,+7.794583e-07,+8.052967e-07,+8.197442e-07,+7.675444e-07,+7.609722e-07,+7.921699e-07,+7.862189e-07,+7.755898e-07,+7.757142e-07,+8.059737e-07,+7.862987e-07,+7.997614e-07,+8.316109e-07,+8.033329e-07,+8.754506e-07,+8.102479e-07,+8.050376e-07,+8.696993e-07,+8.240734e-07,+9.768458e-07,+8.920647e-07,+1.036490e-06,+8.834597e-07,+8.168737e-07,+8.937432e-07,+7.274385e-07,+7.115688e-07,+7.822980e-07
2075-2103,+1.383147e-07,+1.404612e-07,+1.431729e-07,+1.527265e-07,+1.607678e-07,+1.644393e-07,+1.682470e-07,+1.712236e-07,+1.739459e-07,+1.778918e-07,+1.799786e-07,+1.817913e-07,+1.844509e-07,+1.883116e-07,+1.944731e-07,+1.966650e-07,+2.046207e-07,+2.059610e-07,+2.185780e-07,+2.183162e-07,+2.260632e-07,+2.323857e-07,+2.474732e-07,+2.442266e-07,+2.363641e-07,+2.563344e-07,+2.764379e-07,+2.926305e-07,+2.931957e-07,+2.994828e-07,+3.026422e-07,+3.111687e-07,+3.174760e-07,+3.188617e-07,+3.186082e-07,+3.259885e-07,+3.288307e-07,+3.338920e-07,+3.402211e-07,+3.470665e-07,+3.476285e-07,+3.523064e-07,+3.561045e-07,+5.434679e-07,+3.662863e-07,+3.699126e-07,+3.750368e-07,+3.749479e-07,+3.752188e-07,+3.773649e-07,+3.846727e-07,+3.851113e-07,+3.860395e-07,+3.904336e-07,+3.939145e-07,+4.005591e-07,+4.009050e-07,+4.037569e-07,+4.047514e-07,+4.110505e-07,+4.141618e-07,+4.171820e-07,+4.146493e-07,+4.245306e-07,+4.283552e-07,+4.252008e-07,+4.234437e-07,+4.327296e-07,+4.389810e-07,+4.414420e-07,+4.437083e-07,+4.610344e-07,+4.299305e-07,+4.632451e-07,+4.657092e-07,+4.535727e-07,+4.720582e-07,+4.658043e-07,+4.820425e-07,+4.718848e-07,+4.824639e-07,+4.885061e-07,+4.964733e-07,+4.979347e-07,+4.961071e-07,+5.023047e-07,+4.902002e-07,+5.085722e-07,+5.159766e-07,+5.026945e-07,+5.138215e-07,+5.063819e-07,+5.284580e-07,+5.366456e-07,+5.417693e-07,+5.448883e-07,+5.500003e-07,+5.600424e-07,+5.584098e-07,+5.795194e-07,+5.774791e-07,+5.811147e-07,+5.830647e-07,+6.031255e-07,+6.144237e-07,+6.105058e-07,+6.196561e-07,+6.025461e-07,+6.127147e-07,+6.287590e-07,+6.199568e-07,+6.243237e-07,+6.585498e-07,+6.808331e-07,+6.861310e-07,+6.782878e-07,+6.303382e-07,+6.629989e-07,+6.878597e-07,+6.556627e-07,+7.053909e-07,+7.499189e-07,+7.393036e-07,+7.858640e-07,+8.215735e-07,+8.271793e-07,+7.772167e-07,+7.652973e-07,+7.941132e-07,+8.023686e-07,+7.950540e-07,+7.877248e-07,+8.498241e-07,+7.905963e-07,+8.669493e-07,+8.406243e-07,+7.925196e-07,+9.092584e-07,+9.243367e-07,+8.409705e-07,+8.901576e-07,+8.859728e-07,+9.889766e-07,+8.981837e-07,+1.050757e-06,+8.976265e-07,+7.922361e-07,+9.065808e-07,+7.136077e-07,+7.128020e-07,+7.909143e-07
2103-2150,+1.427676e-07,+1.457933e-07,+1.472257e-07,+1.556700e-07,+1.646338e-07,+1.691370e-07,+1.732451e-07,+1.751845e-07,+1.774733e-07,+1.811688e-07,+1.837556e-07,+1.852690e-07,+1.877947e-07,+1.918559e-07,+1.980720e-07,+2.005024e-07,+2.073385e-07,+2.084961e-07,+2.191932e-07,+2.228585e-07,+2.285518e-07,+2.357066e-07,+2.488564e-07,+2.481624e-07,+2.386628e-07,+2.585901e-07,+2.804123e-07,+2.956111e-07,+2.941695e-07,+3.026746e-07,+3.083883e-07,+3.083474e-07,+3.163352e-07,+3.204600e-07,+3.203784e-07,+3.297502e-07,+3.333435e-07,+3.415937e-07,+3.442859e-07,+3.574423e-07,+3.573103e-07,+3.621953e-07,+3.688317e-07,+3.662863e-07,+6.444000e-07,+3.794644e-07,+3.823903e-07,+3.836380e-07,+3.851254e-07,+3.877943e-07,+3.933910e-07,+3.970473e-07,+3.962255e-07,+4.000104e-07,+4.044439e-07,+4.104145e-07,+4.119447e-07,+4.139698e-07,+4.145137e-07,+4.218940e-07,+4.214535e-07,+4.271586e-07,+4.267604e-07,+4.292073e-07,+4.405409e-07,+4.345028e-07,+4.318683e-07,+4.401200e-07,+4.455038e-07,+4.478689e-07,+4.547340e-07,+4.683509e-07,+4.357240e-07,+4.728726e-07,+4.771572e-07,+4.649076e-07,+4.805232e-07,+4.667579e-07,+4.896567e-07,+4.808652e-07,+4.869667e-07,+4.972475e-07,+5.083254e-07,+5.066082e-07,+5.065601e-07,+5.107497e-07,+5.002806e-07,+5.183510e-07,+5.312979e-07,+5.121898e-07,+5.245044e-07,+5.188053e-07,+5.369647e-07,+5.424616e-07,+5.519214e-07,+5.617755e-07,+5.611440e-07,+5.771373e-07,+5.751132e-07,+5.940911e-07,+5.890986e-07,+5.961286e-07,+6.022529e-07,+6.205161e-07,+6.391130e-07,+6.269522e-07,+6.366613e-07,+6.194987e-07,+6.241887e-07,+6.483420e-07,+6.304960e-07,+6.404778e-07,+6.681621e-07,+7.003891e-07,+7.090472e-07,+6.886090e-07,+6.391102e-07,+6.766056e-07,+7.006333e-07,+6.731427e-07,+7.200099e-07,+7.717998e-07,+7.555894e-07,+8.174857e-07,+8.306391e-07,+8.402544e-07,+7.797597e-07,+7.912751e-07,+8.136900e-07,+7.882827e-07,+7.988933e-07,+7.728995e-07,+8.494397e-07,+8.082283e-07,+7.845968e-07,+8.479430e-07,+8.433834e-07,+8.987081e-07,+9.076159e-07,+8.691135e-07,+9.012426e-07,+8.178236e-07,+9.832776e-07,+9.409990e-07,+1.063135e-06,+8.938769e-07,+8.383561e-07,+9.138120e-07,+7.250599e-07,+7.367401e-07,+8.559840e-07
2150-2175,+1.413161e-07,+1.442262e-07,+1.472976e-07,+1.570697e-07,+1.650194e-07,+1.691272e-07,+1.734223e-07,+1.767166e-07,+1.792383e-07,+1.829252e-07,+1.855036e-07,+1.870253e-07,+1.898846e-07,+1.937160e-07,+2.000394e-07,+2.025013e-07,+2.086314e-07,+2.100358e-07,+2.214857e-07,+2.235292e-07,+2.302693e-07,+2.374638e-07,+2.512226e-07,+2.495479e-07,+2.407525e-07,+2.604802e-07,+2.814012e-07,+2.981743e-07,+2.975309e-07,+3.055060e-07,+3.105711e-07,+3.116092e-07,+3.174707e-07,+3.239414e-07,+3.231663e-07,+3.296168e-07,+3.367518e-07,+3.400488e-07,+3.450127e-07,+3.583045e-07,+3.591322e-07,+3.623286e-07,+3.637401e-07,+3.699126e-07,+3.794644e-07,+8.193257e-07,+3.867398e-07,+3.897631e-07,+3.936574e-07,+3.918845e-07,+3.981409e-07,+3.982874e-07,+3.948514e-07,+4.019021e-07,+4.104695e-07,+4.172169e-07,+4.138033e-07,+4.175394e-07,+4.199174e-07,+4.267868e-07,+4.280916e-07,+4.295765e-07,+4.306015e-07,+4.368986e-07,+4.411267e-07,+4.362107e-07,+4.397201e-07,+4.446609e-07,+4.509387e-07,+4.552420e-07,+4.619548e-07,+4.714627e-07,+4.351894e-07,+4.806727e-07,+4.785030e-07,+4.663514e-07,+4.998097e-07,+4.791190e-07,+4.958293e-07,+4.921636e-07,+4.959259e-07,+5.038787e-07,+5.080359e-07,+5.090417e-07,+5.166372e-07,+5.131629e-07,+5.027744e-07,+5.256622e-07,+5.331145e-07,+5.162599e-07,+5.297620e-07,+5.236240e-07,+5.531158e-07,+5.562413e-07,+5.642363e-07,+5.621281e-07,+5.669573e-07,+5.868757e-07,+5.797355e-07,+5.905648e-07,+6.029200e-07,+6.084304e-07,+6.013807e-07,+6.223839e-07,+6.479720e-07,+6.100922e-07,+6.354156e-07,+6.220570e-07,+6.332925e-07,+6.630121e-07,+6.271461e-07,+6.461999e-07,+6.623898e-07,+7.049496e-07,+7.055238e-07,+7.201001e-07,+6.382655e-07,+6.877776e-07,+6.961529e-07,+6.661312e-07,+7.238167e-07,+7.241284e-07,+7.865385e-07,+8.203587e-07,+8.448274e-07,+8.153008e-07,+8.173268e-07,+8.201545e-07,+8.216974e-07,+8.231467e-07,+8.096570e-07,+8.188673e-07,+8.946372e-07,+8.331295e-07,+9.212896e-07,+8.633708e-07,+8.409945e-07,+9.802727e-07,+9.618520e-07,+8.974192e-07,+9.063718e-07,+9.390396e-07,+9.971413e-07,+9.352066e-07,+1.016424e-06,+9.201989e-07,+7.491796e-07,+8.722759e-07,+6.846224e-07,+7.648145e-07,+8.719534e-07
2175-2191,+1.423454e-07,+1.455587e-07,+1.485562e-07,+1.586061e-07,+1.661919e-07,+1.703804e-07,+1.746380e-07,+1.781175e-07,+1.814203e-07,+1.848101e-07,+1.870576e-07,+1.889653e-07,+1.915611e-07,+1.953933e-07,+2.020972e-07,+2.044402e-07,+2.108964e-07,+2.123146e-07,+2.237764e-07,+2.264298e-07,+2.325270e-07,+2.396316e-07,+2.532106e-07,+2.508798e-07,+2.427925e-07,+2.623214e-07,+2.830394e-07,+3.033580e-07,+3.016424e-07,+3.060914e-07,+3.139188e-07,+3.152922e-07,+3.199184e-07,+3.261865e-07,+3.251838e-07,+3.329959e-07,+3.356500e-07,+3.445106e-07,+3.481420e-07,+3.574941e-07,+3.600068e-07,+3.642361e-07,+3.692102e-07,+3.750368e-07,+3.823903e-07,+3.867398e-07,+8.458799e-07,+3.974374e-07,+3.925904e-07,+3.946341e-07,+4.003895e-07,+4.016730e-07,+4.038543e-07,+4.072174e-07,+4.114106e-07,+4.202730e-07,+4.172725e-07,+4.212141e-07,+4.246179e-07,+4.292063e-07,+4.323300e-07,+4.360675e-07,+4.332305e-07,+4.459988e-07,+4.474001e-07,+4.410961e-07,+4.441966e-07,+4.548332e-07,+4.559162e-07,+4.610486e-07,+4.631602e-07,+4.751583e-07,+4.536120e-07,+4.766559e-07,+4.818914e-07,+4.711217e-07,+4.869521e-07,+4.818230e-07,+5.025569e-07,+4.922733e-07,+5.000214e-07,+5.068439e-07,+5.134224e-07,+5.253477e-07,+5.166993e-07,+5.283366e-07,+5.176098e-07,+5.296476e-07,+5.465231e-07,+5.303456e-07,+5.430774e-07,+5.276450e-07,+5.506871e-07,+5.548824e-07,+5.708557e-07,+5.743101e-07,+5.728717e-07,+5.781700e-07,+5.805976e-07,+5.974139e-07,+5.935030e-07,+6.073514e-07,+6.047025e-07,+6.248746e-07,+6.413203e-07,+6.223653e-07,+6.527762e-07,+6.348792e-07,+6.404145e-07,+6.537849e-07,+6.379651e-07,+6.433688e-07,+6.900193e-07,+7.045340e-07,+7.180214e-07,+7.083273e-07,+6.662319e-07,+6.978102e-07,+7.114808e-07,+6.881960e-07,+7.370275e-07,+7.753864e-07,+7.925245e-07,+8.120487e-07,+8.410767e-07,+8.497965e-07,+8.268415e-07,+8.100842e-07,+8.343351e-07,+8.496416e-07,+8.153406e-07,+8.289707e-07,+8.909327e-07,+8.409607e-07,+9.040077e-07,+8.967731e-07,+8.532023e-07,+9.372555e-07,+9.546213e-07,+9.199003e-07,+9.269248e-07,+9.379827e-07,+1.015641e-06,+9.725650e-07,+1.079685e-06,+9.258487e-07,+7.682380e-07,+8.969071e-07,+7.199588e-07,+7.331237e-07,+8.309030e-07
2191-2200,+1.438194e-07,+1.467771e-07,+1.504505e-07,+1.602866e-07,+1.676534e-07,+1.718835e-07,+1.763708e-07,+1.799367e-07,+1.830233e-07,+1.868936e-07,+1.893255e-07,+1.904823e-07,+1.933532e-07,+1.977224e-07,+2.036234e-07,+2.065210e-07,+2.136071e-07,+2.143995e-07,+2.262156e-07,+2.292793e-07,+2.348525e-07,+2.426986e-07,+2.554775e-07,+2.539923e-07,+2.455579e-07,+2.659971e-07,+2.858937e-07,+3.047774e-07,+3.109388e-07,+3.111832e-07,+3.202383e-07,+3.158519e-07,+3.257608e-07,+3.274179e-07,+3.276335e-07,+3.361541e-07,+3.430003e-07,+3.461777e-07,+3.505282e-07,+3.615623e-07,+3.628796e-07,+3.654972e-07,+3.726227e-07,+3.749479e-07,+3.836380e-07,+3.897631e-07,+3.974374e-07,+9.043648e-07,+3.962604e-07,+3.953626e-07,+4.031827e-07,+4.097574e-07,+4.075535e-07,+4.129550e-07,+4.144239e-07,+4.259017e-07,+4.227869e-07,+4.274691e-07,+4.278194e-07,+4.324091e-07,+4.350436e-07,+4.404637e-07,+4.369279e-07,+4.451743e-07,+4.542990e-07,+4.488233e-07,+4.538122e-07,+4.648480e-07,+4.603897e-07,+4.648075e-07,+4.689436e-07,+4.800220e-07,+4.426686e-07,+4.882264e-07,+4.887936e-07,+4.825613e-07,+4.959856e-07,+4.893734e-07,+5.114025e-07,+5.026313e-07,+5.115715e-07,+5.150782e-07,+5.197119e-07,+5.242796e-07,+5.266762e-07,+5.331355e-07,+5.191404e-07,+5.408417e-07,+5.544968e-07,+5.391069e-07,+5.463236e-07,+5.347468e-07,+5.620617e-07,+5.643029e-07,+5.748166e-07,+5.798453e-07,+5.765693e-07,+5.822861e-07,+5.975678e-07,+6.136192e-07,+6.033828e-07,+6.261140e-07,+6.170512e-07,+6.316591e-07,+6.437285e-07,+6.413361e-07,+6.550893e-07,+6.392196e-07,+6.468199e-07,+6.718837e-07,+6.580092e-07,+6.740970e-07,+6.864188e-07,+7.118689e-07,+7.258774e-07,+7.276589e-07,+6.595237e-07,+7.135677e-07,+7.260757e-07,+6.841484e-07,+7.475757e-07,+7.751902e-07,+7.738939e-07,+8.388510e-07,+8.690152e-07,+8.543165e-07,+8.286408e-07,+8.428878e-07,+8.462667e-07,+8.467056e-07,+8.160770e-07,+8.493092e-07,+8.977039e-07,+8.459499e-07,+9.366731e-07,+8.896822e-07,+8.725545e-07,+9.896097e-07,+9.499146e-07,+9.072919e-07,+9.050067e-07,+9.229107e-07,+1.010727e-06,+9.749998e-07,+1.026491e-06,+9.463869e-07,+8.376323e-07,+9.173125e-07,+7.416188e-07,+7.585412e-07,+8.088369e-07
2200-2225,+1.442737e-07,+1.471664e-07,+1.507515e-07,+1.601499e-07,+1.673982e-07,+1.722269e-07,+1.762633e-07,+1.802819e-07,+1.829723e-07,+1.872242e-07,+1.895254e-07,+1.904377e-07,+1.940155e-07,+1.981860e-07,+2.041012e-07,+2.067731e-07,+2.135843e-07,+2.149651e-07,+2.270437e-07,+2.291779e-07,+2.369774e-07,+2.421590e-07,+2.549092e-07,+2.544096e-07,+2.473196e-07,+2.658272e-07,+2.879649e-07,+3.035760e-07,+3.028442e-07,+3.114135e-07,+3.131130e-07,+3.186600e-07,+3.225395e-07,+3.265563e-07,+3.285500e-07,+3.358834e-07,+3.408200e-07,+3.456026e-07,+3.499427e-07,+3.591836e-07,+3.619263e-07,+3.653541e-07,+3.717299e-07,+3.752188e-07,+3.851254e-07,+3.936574e-07,+3.925904e-07,+3.962604e-07,+5.997708e-07,+3.980310e-07,+4.045458e-07,+4.117738e-07,+4.090378e-07,+4.115942e-07,+4.172795e-07,+4.249502e-07,+4.238113e-07,+4.300220e-07,+4.299382e-07,+4.343669e-07,+4.368026e-07,+4.409128e-07,+4.394773e-07,+4.458308e-07,+4.520378e-07,+4.496926e-07,+4.472504e-07,+4.562440e-07,+4.603002e-07,+4.628585e-07,+4.721162e-07,+4.861021e-07,+4.522105e-07,+4.856153e-07,+4.852435e-07,+4.777829e-07,+5.055520e-07,+4.868329e-07,+5.184028e-07,+4.986405e-07,+5.049492e-07,+5.163416e-07,+5.271951e-07,+5.232925e-07,+5.250796e-07,+5.267668e-07,+5.172858e-07,+5.355784e-07,+5.474886e-07,+5.324096e-07,+5.478932e-07,+5.352578e-07,+5.554659e-07,+5.655732e-07,+5.756269e-07,+5.767323e-07,+5.774026e-07,+5.878646e-07,+5.908854e-07,+6.102466e-07,+6.043363e-07,+6.193074e-07,+6.224872e-07,+6.449316e-07,+6.629710e-07,+6.358700e-07,+6.537417e-07,+6.392354e-07,+6.534212e-07,+6.646722e-07,+6.576451e-07,+6.692414e-07,+6.986503e-07,+7.332687e-07,+7.119774e-07,+7.286815e-07,+6.728096e-07,+7.188593e-07,+7.186567e-07,+6.841892e-07,+7.536597e-07,+7.933746e-07,+8.089204e-07,+8.555532e-07,+8.928904e-07,+8.677396e-07,+8.385811e-07,+8.553551e-07,+8.223500e-07,+8.559022e-07,+8.388358e-07,+8.693614e-07,+9.256833e-07,+8.189363e-07,+9.378621e-07,+8.960231e-07,+8.778507e-07,+9.793032e-07,+9.998917e-07,+8.567644e-07,+9.181277e-07,+9.802974e-07,+1.061145e-06,+9.916680e-07,+1.111512e-06,+9.735547e-07,+8.742485e-07,+9.592872e-07,+7.812834e-07,+7.652555e-07,+9.117304e-07
2225-2250,+1.444147e-07,+1.477242e-07,+1.511986e-07,+1.605024e-07,+1.681073e-07,+1.728886e-07,+1.775183e-07,+1.812917e-07,+1.839196e-07,+1.879172e-07,+1.906116e-07,+1.918594e-07,+1.948453e-07,+1.990755e-07,+2.049826e-07,+2.075939e-07,+2.143784e-07,+2.158785e-07,+2.275765e-07,+2.307965e-07,+2.366923e-07,+2.429196e-07,+2.571596e-07,+2.565659e-07,+2.470462e-07,+2.680290e-07,+2.891942e-07,+3.106889e-07,+3.086738e-07,+3.145547e-07,+3.168590e-07,+3.214448e-07,+3.267699e-07,+3.317259e-07,+3.320764e-07,+3.386409e-07,+3.447105e-07,+3.494316e-07,+3.542093e-07,+3.635868e-07,+3.658681e-07,+3.703104e-07,+3.744386e-07,+3.773649e-07,+3.877943e-07,+3.918845e-07,+3.946341e-07,+3.953626e-07,+3.980310e-07,+5.170047e-07,+4.077274e-07,+4.124892e-07,+4.099446e-07,+4.131967e-07,+4.196379e-07,+4.266541e-07,+4.249389e-07,+4.299201e-07,+4.321440e-07,+4.377278e-07,+4.377966e-07,+4.431906e-07,+4.391984e-07,+4.482563e-07,+4.558005e-07,+4.521678e-07,+4.503904e-07,+4.622902e-07,+4.627378e-07,+4.702249e-07,+4.705641e-07,+4.880783e-07,+4.454164e-07,+4.908117e-07,+4.925183e-07,+4.826746e-07,+5.004294e-07,+4.918128e-07,+5.139184e-07,+5.027242e-07,+5.105669e-07,+5.222119e-07,+5.288503e-07,+5.313040e-07,+5.264072e-07,+5.348692e-07,+5.206782e-07,+5.451862e-07,+5.519551e-07,+5.359722e-07,+5.468455e-07,+5.429981e-07,+5.617269e-07,+5.683980e-07,+5.750420e-07,+5.754900e-07,+5.854430e-07,+5.901755e-07,+5.934101e-07,+6.108831e-07,+6.075132e-07,+6.205991e-07,+6.278121e-07,+6.385046e-07,+6.610934e-07,+6.540498e-07,+6.630303e-07,+6.428364e-07,+6.502278e-07,+6.678624e-07,+6.547620e-07,+6.631341e-07,+6.968228e-07,+7.294655e-07,+7.235023e-07,+7.182921e-07,+6.643081e-07,+7.063782e-07,+7.176711e-07,+6.971105e-07,+7.434914e-07,+7.629354e-07,+7.701363e-07,+8.218873e-07,+8.691042e-07,+8.564987e-07,+8.115996e-07,+8.227852e-07,+8.335305e-07,+8.451930e-07,+8.300715e-07,+8.344846e-07,+9.019581e-07,+8.339986e-07,+9.117341e-07,+8.687589e-07,+8.623611e-07,+9.659735e-07,+9.658181e-07,+8.236525e-07,+9.247086e-07,+9.226161e-07,+1.026212e-06,+9.718191e-07,+1.093740e-06,+9.421809e-07,+8.623159e-07,+9.420289e-07,+7.543595e-07,+7.654394e-07,+8.657031e-07
2250-2275,+1.474209e-07,+1.505522e-07,+1.539413e-07,+1.637098e-07,+1.711314e-07,+1.758883e-07,+1.804638e-07,+1.845225e-07,+1.874498e-07,+1.917833e-07,+1.944843e-07,+1.962483e-07,+1.992877e-07,+2.035488e-07,+2.095548e-07,+2.117671e-07,+2.187450e-07,+2.204241e-07,+2.314985e-07,+2.343287e-07,+2.404928e-07,+2.475419e-07,+2.611630e-07,+2.608475e-07,+2.521875e-07,+2.725763e-07,+2.938595e-07,+3.144537e-07,+3.152723e-07,+3.218686e-07,+3.230759e-07,+3.246369e-07,+3.309166e-07,+3.359685e-07,+3.366035e-07,+3.425880e-07,+3.497394e-07,+3.542390e-07,+3.607840e-07,+3.692987e-07,+3.730244e-07,+3.735724e-07,+3.788571e-07,+3.846727e-07,+3.933910e-07,+3.981409e-07,+4.003895e-07,+4.031827e-07,+4.045458e-07,+4.077274e-07,+5.292043e-07,+4.217022e-07,+4.172469e-07,+4.203873e-07,+4.293918e-07,+4.350324e-07,+4.333148e-07,+4.376449e-07,+4.392989e-07,+4.466948e-07,+4.478544e-07,+4.520470e-07,+4.520466e-07,+4.585428e-07,+4.642725e-07,+4.618405e-07,+4.578522e-07,+4.683995e-07,+4.727036e-07,+4.779112e-07,+4.831673e-07,+4.954702e-07,+4.609595e-07,+4.999897e-07,+5.022280e-07,+4.945434e-07,+5.091770e-07,+5.013843e-07,+5.226495e-07,+5.148807e-07,+5.201193e-07,+5.379520e-07,+5.370421e-07,+5.344535e-07,+5.417197e-07,+5.460090e-07,+5.353375e-07,+5.539565e-07,+5.613274e-07,+5.464142e-07,+5.589265e-07,+5.557574e-07,+5.734818e-07,+5.850978e-07,+5.950841e-07,+5.965081e-07,+5.940240e-07,+6.018463e-07,+6.041573e-07,+6.271468e-07,+6.284095e-07,+6.326968e-07,+6.384499e-07,+6.458869e-07,+6.625554e-07,+6.521639e-07,+6.732138e-07,+6.606938e-07,+6.630969e-07,+6.808815e-07,+6.740159e-07,+6.832547e-07,+7.075528e-07,+7.570384e-07,+7.425600e-07,+7.304025e-07,+6.701306e-07,+7.237849e-07,+7.482690e-07,+7.008405e-07,+7.565889e-07,+7.952308e-07,+7.972588e-07,+8.356239e-07,+8.829031e-07,+8.857145e-07,+8.346964e-07,+8.243953e-07,+8.592104e-07,+8.706741e-07,+8.555160e-07,+8.570917e-07,+9.145482e-07,+8.511170e-07,+9.306710e-07,+9.051295e-07,+8.787753e-07,+9.755474e-07,+1.002304e-06,+9.141098e-07,+9.560347e-07,+9.552481e-07,+1.061109e-06,+9.952505e-07,+1.113009e-06,+9.733419e-07,+8.769737e-07,+9.706219e-07,+7.532395e-07,+8.147048e-07,+8.957584e-07
2275-2283,+1.485923e-07,+1.517665e-07,+1.552026e-07,+1.649708e-07,+1.728563e-07,+1.776697e-07,+1.821798e-07,+1.861486e-07,+1.895804e-07,+1.935200e-07,+1.962596e-07,+1.977660e-07,+2.009009e-07,+2.054767e-07,+2.116236e-07,+2.147084e-07,+2.209247e-07,+2.232552e-07,+2.348454e-07,+2.373834e-07,+2.437573e-07,+2.507414e-07,+2.646007e-07,+2.630012e-07,+2.561138e-07,+2.766347e-07,+2.968277e-07,+3.189699e-07,+3.251680e-07,+3.217048e-07,+3.294680e-07,+3.317932e-07,+3.372750e-07,+3.419440e-07,+3.427503e-07,+3.456617e-07,+3.514824e-07,+3.586793e-07,+3.637099e-07,+3.715777e-07,+3.747428e-07,+3.795757e-07,+3.853810e-07,+3.851113e-07,+3.970473e-07,+3.982874e-07,+4.016730e-07,+4.097574e-07,+4.117738e-07,+4.124892e-07,+4.217022e-07,+8.519033e-07,+4.226702e-07,+4.290230e-07,+4.348772e-07,+4.442630e-07,+4.440931e-07,+4.424601e-07,+4.426939e-07,+4.527655e-07,+4.516820e-07,+4.599667e-07,+4.524909e-07,+4.578087e-07,+4.693328e-07,+4.671171e-07,+4.649331e-07,+4.789862e-07,+4.774060e-07,+4.771523e-07,+4.887153e-07,+5.012301e-07,+4.667816e-07,+5.039486e-07,+5.110302e-07,+5.078650e-07,+5.136646e-07,+5.011351e-07,+5.415187e-07,+5.186902e-07,+5.223650e-07,+5.389164e-07,+5.489549e-07,+5.390360e-07,+5.445913e-07,+5.499776e-07,+5.378105e-07,+5.725877e-07,+5.796132e-07,+5.518696e-07,+5.583831e-07,+5.674502e-07,+5.805731e-07,+5.977687e-07,+6.091314e-07,+6.013782e-07,+6.110962e-07,+6.152556e-07,+6.151157e-07,+6.313597e-07,+6.322396e-07,+6.549480e-07,+6.461084e-07,+6.435767e-07,+6.813731e-07,+6.645407e-07,+6.810761e-07,+6.596774e-07,+6.705774e-07,+6.996106e-07,+6.802603e-07,+6.984609e-07,+7.159779e-07,+7.596690e-07,+7.178203e-07,+7.531212e-07,+6.745011e-07,+7.306020e-07,+7.477447e-07,+6.985994e-07,+7.655989e-07,+8.071119e-07,+8.355117e-07,+8.814691e-07,+9.290467e-07,+9.035141e-07,+8.560025e-07,+8.589745e-07,+8.528114e-07,+8.665279e-07,+8.625682e-07,+8.903545e-07,+9.586907e-07,+8.452554e-07,+9.437332e-07,+9.188247e-07,+9.064449e-07,+1.018617e-06,+1.021805e-06,+9.218453e-07,+9.543931e-07,+9.194448e-07,+1.083014e-06,+1.001818e-06,+1.164328e-06,+1.001440e-06,+9.580778e-07,+1.000318e-06,+8.235574e-07,+8.028859e-07,+8.607576e-07
2283-2300,+1.479577e-07,+1.509602e-07,+1.543529e-07,+1.646641e-07,+1.723112e-07,+1.772289e-07,+1.814576e-07,+1.856142e-07,+1.887283e-07,+1.930595e-07,+1.960819e-07,+1.975703e-07,+2.006300e-07,+2.050799e-07,+2.110478e-07,+2.135169e-07,+2.210002e-07,+2.220093e-07,+2.337993e-07,+2.365136e-07,+2.425391e-07,+2.488747e-07,+2.619316e-07,+2.613056e-07,+2.548430e-07,+2.735754e-07,+2.956618e-07,+3.168165e-07,+3.164395e-07,+3.206155e-07,+3.235832e-07,+3.286846e-07,+3.319128e-07,+3.370993e-07,+3.377435e-07,+3.457741e-07,+3.494476e-07,+3.557518e-07,+3.604091e-07,+3.693329e-07,+3.737734e-07,+3.753953e-07,+3.817871e-07,+3.860395e-07,+3.962255e-07,+3.948514e-07,+4.038543e-07,+4.075535e-07,+4.090378e-07,+4.099446e-07,+4.172469e-07,+4.226702e-07,+5.814809e-07,+4.237243e-07,+4.293562e-07,+4.380684e-07,+4.394501e-07,+4.428702e-07,+4.411685e-07,+4.476600e-07,+4.535810e-07,+4.573038e-07,+4.523779e-07,+4.624476e-07,+4.711295e-07,+4.686195e-07,+4.638915e-07,+4.734315e-07,+4.774009e-07,+4.799605e-07,+4.842462e-07,+4.992762e-07,+4.594808e-07,+5.068586e-07,+5.007757e-07,+5.008918e-07,+5.160126e-07,+5.017530e-07,+5.262690e-07,+5.167680e-07,+5.224550e-07,+5.325592e-07,+5.402445e-07,+5.423904e-07,+5.393164e-07,+5.470433e-07,+5.488493e-07,+5.682588e-07,+5.671810e-07,+5.557999e-07,+5.749464e-07,+5.607608e-07,+5.864419e-07,+5.848136e-07,+5.948137e-07,+6.010852e-07,+5.998722e-07,+6.092936e-07,+6.152403e-07,+6.328600e-07,+6.254247e-07,+6.381841e-07,+6.435113e-07,+6.568306e-07,+6.750906e-07,+6.644325e-07,+6.830899e-07,+6.677738e-07,+6.772402e-07,+6.870421e-07,+6.756186e-07,+6.871789e-07,+7.216050e-07,+7.480612e-07,+7.494085e-07,+7.461591e-07,+6.874857e-07,+7.346448e-07,+7.500180e-07,+7.092787e-07,+7.781771e-07,+8.166670e-07,+8.069290e-07,+8.679261e-07,+8.890556e-07,+9.102155e-07,+8.497815e-07,+8.602238e-07,+8.634755e-07,+8.854375e-07,+8.977484e-07,+8.701751e-07,+9.162790e-07,+8.873650e-07,+9.297615e-07,+9.376034e-07,+9.018008e-07,+9.599840e-07,+1.000471e-06,+9.256223e-07,+9.638617e-07,+9.687281e-07,+1.084874e-06,+1.015871e-06,+1.150414e-06,+1.020481e-06,+8.885803e-07,+1.050488e-06,+8.381091e-07,+8.229863e-07,+8.891730e-07
2300-2325,+1.501011e-07,+1.531482e-07,+1.568068e-07,+1.673398e-07,+1.753832e-07,+1.799347e-07,+1.845757e-07,+1.885947e-07,+1.920663e-07,+1.961953e-07,+1.991424e-07,+2.004488e-07,+2.037358e-07,+2.084002e-07,+2.141667e-07,+2.175803e-07,+2.241334e-07,+2.246573e-07,+2.364395e-07,+2.398257e-07,+2.450773e-07,+2.519324e-07,+2.651211e-07,+2.643950e-07,+2.570659e-07,+2.768152e-07,+2.966893e-07,+3.174823e-07,+3.180916e-07,+3.232030e-07,+3.257828e-07,+3.299011e-07,+3.369530e-07,+3.399886e-07,+3.415853e-07,+3.476172e-07,+3.566658e-07,+3.611878e-07,+3.646960e-07,+3.756673e-07,+3.769091e-07,+3.805510e-07,+3.875023e-07,+3.904336e-07,+4.000104e-07,+4.019021e-07,+4.072174e-07,+4.129550e-07,+4.115942e-07,+4.131967e-07,+4.203873e-07,+4.290230e-07,+4.237243e-07,+5.383339e-07,+4.356682e-07,+4.430736e-07,+4.416965e-07,+4.468206e-07,+4.502654e-07,+4.549324e-07,+4.569666e-07,+4.639026e-07,+4.648310e-07,+4.697007e-07,+4.751249e-07,+4.713571e-07,+4.661949e-07,+4.775038e-07,+4.851269e-07,+4.854785e-07,+4.907602e-07,+5.053544e-07,+4.650831e-07,+5.096211e-07,+5.096003e-07,+5.044962e-07,+5.206162e-07,+5.038230e-07,+5.365023e-07,+5.210124e-07,+5.289711e-07,+5.371136e-07,+5.449073e-07,+5.421359e-07,+5.504946e-07,+5.549953e-07,+5.411019e-07,+5.634644e-07,+5.758083e-07,+5.614891e-07,+5.719771e-07,+5.657199e-07,+5.802027e-07,+5.931609e-07,+6.059105e-07,+6.074477e-07,+6.098929e-07,+6.163092e-07,+6.170681e-07,+6.383383e-07,+6.381151e-07,+6.518046e-07,+6.507864e-07,+6.766221e-07,+6.760320e-07,+6.645975e-07,+6.902406e-07,+6.738536e-07,+6.757463e-07,+6.962752e-07,+6.888037e-07,+6.962372e-07,+7.248746e-07,+7.503635e-07,+7.684271e-07,+7.492211e-07,+6.881221e-07,+7.377171e-07,+7.510950e-07,+7.068851e-07,+7.709285e-07,+8.284903e-07,+8.015563e-07,+8.646738e-07,+9.038942e-07,+9.077612e-07,+8.420343e-07,+8.645964e-07,+8.819270e-07,+8.838637e-07,+8.786476e-07,+8.706306e-07,+9.525755e-07,+8.862798e-07,+9.422626e-07,+9.316223e-07,+8.998588e-07,+9.894377e-07,+1.043978e-06,+9.536080e-07,+9.881205e-07,+9.841348e-07,+1.075850e-06,+1.012027e-06,+1.125210e-06,+9.919811e-07,+9.145864e-07,+9.953101e-07,+7.326347e-07,+8.242681e-07,+8.392440e-07
2325-2343,+1.521111e-07,+1.556137e-07,+1.592265e-07,+1.696760e-07,+1.772500e-07,+1.821478e-07,+1.871651e-07,+1.913875e-07,+1.946049e-07,+1.990523e-07,+2.019614e-07,+2.039897e-07,+2.069768e-07,+2.114403e-07,+2.178071e-07,+2.200910e-07,+2.267791e-07,+2.281862e-07,+2.390200e-07,+2.419066e-07,+2.488512e-07,+2.559182e-07,+2.685822e-07,+2.681831e-07,+2.607108e-07,+2.808172e-07,+3.024715e-07,+3.221797e-07,+3.272235e-07,+3.302390e-07,+3.323272e-07,+3.339605e-07,+3.413074e-07,+3.444604e-07,+3.461289e-07,+3.517429e-07,+3.607031e-07,+3.635960e-07,+3.699951e-07,+3.785494e-07,+3.823465e-07,+3.845387e-07,+3.900791e-07,+3.939145e-07,+4.044439e-07,+4.104695e-07,+4.114106e-07,+4.144239e-07,+4.172795e-07,+4.196379e-07,+4.293918e-07,+4.348772e-07,+4.293562e-07,+4.356682e-07,+6.044351e-07,+4.517590e-07,+4.473525e-07,+4.505396e-07,+4.537937e-07,+4.601098e-07,+4.627577e-07,+4.692171e-07,+4.750729e-07,+4.778579e-07,+4.811064e-07,+4.789696e-07,+4.742565e-07,+4.821997e-07,+4.900554e-07,+4.908258e-07,+4.944740e-07,+5.154487e-07,+4.702785e-07,+5.203042e-07,+5.179987e-07,+5.066537e-07,+5.260930e-07,+5.140132e-07,+5.426008e-07,+5.336860e-07,+5.387324e-07,+5.554331e-07,+5.549977e-07,+5.520940e-07,+5.645136e-07,+5.654003e-07,+5.575896e-07,+5.751961e-07,+5.823823e-07,+5.678230e-07,+5.777243e-07,+5.703886e-07,+5.937870e-07,+6.033991e-07,+6.182429e-07,+6.249418e-07,+6.156372e-07,+6.236137e-07,+6.198363e-07,+6.476377e-07,+6.450156e-07,+6.560584e-07,+6.538597e-07,+6.624179e-07,+6.880193e-07,+6.700628e-07,+6.941550e-07,+6.762424e-07,+6.869284e-07,+7.014730e-07,+6.900323e-07,+7.001958e-07,+7.275784e-07,+7.636817e-07,+7.643082e-07,+7.508796e-07,+6.941167e-07,+7.430104e-07,+7.582758e-07,+7.094003e-07,+7.713335e-07,+8.028335e-07,+8.332920e-07,+8.661502e-07,+9.119705e-07,+8.973065e-07,+8.672613e-07,+8.654299e-07,+9.009254e-07,+8.954058e-07,+8.931106e-07,+8.793591e-07,+9.528455e-07,+8.836105e-07,+9.713314e-07,+9.283107e-07,+9.342587e-07,+1.003790e-06,+1.035390e-06,+9.405990e-07,+9.955986e-07,+1.011982e-06,+1.093645e-06,+1.011650e-06,+1.161747e-06,+1.001246e-06,+9.214912e-07,+1.019710e-06,+7.704591e-07,+7.334555e-07,+9.495012e-07
2343-2375,+1.561543e-07,+1.596573e-07,+1.634352e-07,+1.740528e-07,+1.829829e-07,+1.878703e-07,+1.926684e-07,+1.970637e-07,+2.009266e-07,+2.053421e-07,+2.083404e-07,+2.109392e-07,+2.134360e-07,+2.190183e-07,+2.238662e-07,+2.269389e-07,+2.345571e-07,+2.365202e-07,+2.474083e-07,+2.502709e-07,+2.571944e-07,+2.641520e-07,+2.761633e-07,+2.748810e-07,+2.702243e-07,+2.888618e-07,+3.096264e-07,+3.283479e-07,+3.315525e-07,+3.362728e-07,+3.384738e-07,+3.421040e-07,+3.466837e-07,+3.520468e-07,+3.545166e-07,+3.592601e-07,+3.672435e-07,+3.709829e-07,+3.767238e-07,+3.851355e-07,+3.887549e-07,+3.923178e-07,+3.977566e-07,+4.005591e-07,+4.104145e-07,+4.172169e-07,+4.202730e-07,+4.259017e-07,+4.249502e-07,+4.266541e-07,+4.350324e-07,+4.442630e-07,+4.380684e-07,+4.430736e-07,+4.517590e-07,+5.964138e-07,+4.583439e-07,+4.599503e-07,+4.625323e-07,+4.698468e-07,+4.738446e-07,+4.793502e-07,+4.788467e-07,+4.900125e-07,+4.985393e-07,+4.944908e-07,+4.949296e-07,+4.969684e-07,+5.050062e-07,+5.050132e-07,+5.075812e-07,+5.247800e-07,+4.827851e-07,+5.312590e-07,+5.274854e-07,+5.186891e-07,+5.380040e-07,+5.215866e-07,+5.475970e-07,+5.401369e-07,+5.462058e-07,+5.550207e-07,+5.648949e-07,+5.641940e-07,+5.654192e-07,+5.722698e-07,+5.609054e-07,+5.796589e-07,+5.923875e-07,+5.755440e-07,+5.875517e-07,+5.842927e-07,+6.017834e-07,+6.126564e-07,+6.278102e-07,+6.297905e-07,+6.327904e-07,+6.392816e-07,+6.399637e-07,+6.633058e-07,+6.638713e-07,+6.700678e-07,+6.804871e-07,+6.917812e-07,+7.054682e-07,+6.918839e-07,+7.051223e-07,+6.914690e-07,+7.001161e-07,+7.195339e-07,+6.987100e-07,+7.208287e-07,+7.377451e-07,+7.820913e-07,+7.816594e-07,+7.835345e-07,+7.117644e-07,+7.707268e-07,+7.847044e-07,+7.329277e-07,+7.997462e-07,+8.363110e-07,+8.522543e-07,+8.866790e-07,+9.312815e-07,+9.368100e-07,+8.831615e-07,+8.916896e-07,+9.241107e-07,+9.286879e-07,+9.084219e-07,+9.151035e-07,+9.790521e-07,+9.000112e-07,+9.800068e-07,+9.514628e-07,+9.430728e-07,+1.030772e-06,+1.044943e-06,+9.605980e-07,+1.008089e-06,+1.019003e-06,+1.087774e-06,+1.095899e-06,+1.256912e-06,+1.056071e-06,+1.002665e-06,+1.019132e-06,+8.171942e-07,+8.951690e-07,+9.871170e-07
2375-2400,+1.545076e-07,+1.579785e-07,+1.614155e-07,+1.719379e-07,+1.802413e-07,+1.852923e-07,+1.902179e-07,+1.943907e-07,+1.979602e-07,+2.024694e-07,+2.054590e-07,+2.077286e-07,+2.106719e-07,+2.150118e-07,+2.215970e-07,+2.241266e-07,+2.311878e-07,+2.329371e-07,+2.438999e-07,+2.470057e-07,+2.530900e-07,+2.598495e-07,+2.729075e-07,+2.720581e-07,+2.657976e-07,+2.855632e-07,+3.070359e-07,+3.262460e-07,+3.279651e-07,+3.330096e-07,+3.363571e-07,+3.406678e-07,+3.454072e-07,+3.502593e-07,+3.510710e-07,+3.564835e-07,+3.650997e-07,+3.697833e-07,+3.746620e-07,+3.843276e-07,+3.880121e-07,+3.910458e-07,+3.971598e-07,+4.009050e-07,+4.119447e-07,+4.138033e-07,+4.172725e-07,+4.227869e-07,+4.238113e-07,+4.249389e-07,+4.333148e-07,+4.440931e-07,+4.394501e-07,+4.416965e-07,+4.473525e-07,+4.583439e-07,+6.321341e-07,+4.580961e-07,+4.623429e-07,+4.682112e-07,+4.737488e-07,+4.785223e-07,+4.759757e-07,+4.827302e-07,+5.004117e-07,+4.965299e-07,+4.848349e-07,+4.947244e-07,+5.043394e-07,+5.019464e-07,+5.049686e-07,+5.198045e-07,+4.806653e-07,+5.264012e-07,+5.319382e-07,+5.215426e-07,+5.369764e-07,+5.259015e-07,+5.488832e-07,+5.354639e-07,+5.457441e-07,+5.551480e-07,+5.661817e-07,+5.640168e-07,+5.602740e-07,+5.712476e-07,+5.632121e-07,+5.815806e-07,+5.888583e-07,+5.754140e-07,+5.884603e-07,+5.848391e-07,+6.028958e-07,+6.090041e-07,+6.285518e-07,+6.307863e-07,+6.244755e-07,+6.379341e-07,+6.383820e-07,+6.647211e-07,+6.557075e-07,+6.685637e-07,+6.765914e-07,+6.866714e-07,+7.041365e-07,+6.981953e-07,+7.108430e-07,+6.922460e-07,+7.075563e-07,+7.197947e-07,+7.076579e-07,+7.185636e-07,+7.550843e-07,+7.796152e-07,+7.825422e-07,+7.735650e-07,+7.030924e-07,+7.663233e-07,+7.821815e-07,+7.359003e-07,+8.056778e-07,+8.460957e-07,+8.436345e-07,+9.017660e-07,+9.254450e-07,+9.347377e-07,+8.651389e-07,+8.708220e-07,+8.977513e-07,+8.714230e-07,+9.361681e-07,+9.005718e-07,+1.010730e-06,+9.181937e-07,+9.762851e-07,+9.755343e-07,+9.502187e-07,+1.040903e-06,+1.049675e-06,+9.713025e-07,+1.024658e-06,+1.004023e-06,+1.116302e-06,+1.019957e-06,+1.202648e-06,+1.012895e-06,+9.740231e-07,+1.046297e-06,+8.388983e-07,+8.491116e-07,+9.499804e-07
2400-2425,+1.552032e-07,+1.585333e-07,+1.626533e-07,+1.728845e-07,+1.810595e-07,+1.859747e-07,+1.910506e-07,+1.956506e-07,+1.990583e-07,+2.036152e-07,+2.065890e-07,+2.080909e-07,+2.117910e-07,+2.157838e-07,+2.220540e-07,+2.269255e-07,+2.325836e-07,+2.339383e-07,+2.456225e-07,+2.479678e-07,+2.547079e-07,+2.614887e-07,+2.745687e-07,+2.742315e-07,+2.674141e-07,+2.866777e-07,+3.091733e-07,+3.277701e-07,+3.283917e-07,+3.390923e-07,+3.384307e-07,+3.426034e-07,+3.480841e-07,+3.518477e-07,+3.529571e-07,+3.597048e-07,+3.677042e-07,+3.723212e-07,+3.772201e-07,+3.873339e-07,+3.901477e-07,+3.928187e-07,+4.007486e-07,+4.037569e-07,+4.139698e-07,+4.175394e-07,+4.212141e-07,+4.274691e-07,+4.300220e-07,+4.299201e-07,+4.376449e-07,+4.424601e-07,+4.428702e-07,+4.468206e-07,+4.505396e-07,+4.599503e-07,+4.580961e-07,+6.440599e-07,+4.646706e-07,+4.719082e-07,+4.743506e-07,+4.815952e-07,+4.764208e-07,+4.884949e-07,+4.959493e-07,+4.957301e-07,+4.967105e-07,+4.989259e-07,+5.071075e-07,+5.082207e-07,+5.119073e-07,+5.225457e-07,+4.862158e-07,+5.293606e-07,+5.316263e-07,+5.266302e-07,+5.438480e-07,+5.262288e-07,+5.492018e-07,+5.422558e-07,+5.473228e-07,+5.584559e-07,+5.656567e-07,+5.769734e-07,+5.684000e-07,+5.761283e-07,+5.626583e-07,+5.991325e-07,+6.110293e-07,+5.811547e-07,+5.946881e-07,+5.870905e-07,+6.062285e-07,+6.149398e-07,+6.255936e-07,+6.303634e-07,+6.283011e-07,+6.379223e-07,+6.445763e-07,+6.667060e-07,+6.599904e-07,+6.720224e-07,+6.823741e-07,+6.974219e-07,+7.171540e-07,+7.044156e-07,+7.203549e-07,+7.008587e-07,+7.055588e-07,+7.268154e-07,+7.276047e-07,+7.294702e-07,+7.495958e-07,+7.845915e-07,+7.934533e-07,+7.799305e-07,+7.204051e-07,+7.842772e-07,+7.771197e-07,+7.439417e-07,+8.061457e-07,+8.466902e-07,+8.606476e-07,+9.185676e-07,+9.596506e-07,+9.190069e-07,+8.680731e-07,+9.168785e-07,+9.271585e-07,+9.211348e-07,+9.267811e-07,+9.180755e-07,+1.008700e-06,+9.087250e-07,+9.968102e-07,+9.743341e-07,+9.558385e-07,+1.024593e-06,+1.073647e-06,+1.002410e-06,+1.015146e-06,+1.037531e-06,+1.133033e-06,+1.093617e-06,+1.193537e-06,+1.069736e-06,+9.482128e-07,+1.029289e-06,+8.506158e-07,+8.388319e-07,+9.316474e-07
2425-2450,+1.566280e-07,+1.600878e-07,+1.641469e-07,+1.749434e-07,+1.827184e-07,+1.877695e-07,+1.928448e-07,+1.975962e-07,+2.012241e-07,+2.063009e-07,+2.095797e-07,+2.117054e-07,+2.149836e-07,+2.188056e-07,+2.240005e-07,+2.278678e-07,+2.349746e-07,+2.361899e-07,+2.469433e-07,+2.506001e-07,+2.565174e-07,+2.624933e-07,+2.761530e-07,+2.756136e-07,+2.688061e-07,+2.883122e-07,+3.094803e-07,+3.298024e-07,+3.302230e-07,+3.368924e-07,+3.386516e-07,+3.437261e-07,+3.505868e-07,+3.533520e-07,+3.553355e-07,+3.617431e-07,+3.707748e-07,+3.735489e-07,+3.792504e-07,+3.899858e-07,+3.919209e-07,+3.951429e-07,+4.006470e-07,+4.047514e-07,+4.145137e-07,+4.199174e-07,+4.246179e-07,+4.278194e-07,+4.299382e-07,+4.321440e-07,+4.392989e-07,+4.426939e-07,+4.411685e-07,+4.502654e-07,+4.537937e-07,+4.625323e-07,+4.623429e-07,+4.646706e-07,+6.385355e-07,+4.757695e-07,+4.770103e-07,+4.845295e-07,+4.808010e-07,+4.917055e-07,+4.997442e-07,+4.974017e-07,+4.893457e-07,+5.033594e-07,+5.127476e-07,+5.101170e-07,+5.155997e-07,+5.316734e-07,+4.862662e-07,+5.368832e-07,+5.391338e-07,+5.265335e-07,+5.493666e-07,+5.276937e-07,+5.645898e-07,+5.463082e-07,+5.568699e-07,+5.626245e-07,+5.755790e-07,+5.698037e-07,+5.714586e-07,+5.838354e-07,+5.685659e-07,+5.934739e-07,+6.008138e-07,+5.906872e-07,+6.015673e-07,+5.995519e-07,+6.097030e-07,+6.160073e-07,+6.401991e-07,+6.423018e-07,+6.332094e-07,+6.404020e-07,+6.439285e-07,+6.762895e-07,+6.671597e-07,+6.836134e-07,+6.859438e-07,+6.940357e-07,+7.055389e-07,+6.956957e-07,+7.269359e-07,+7.167598e-07,+7.107498e-07,+7.216057e-07,+7.155395e-07,+7.355265e-07,+7.690985e-07,+7.898945e-07,+8.056498e-07,+7.907641e-07,+7.303816e-07,+7.723991e-07,+7.979329e-07,+7.427388e-07,+8.077917e-07,+8.670852e-07,+8.387574e-07,+9.040833e-07,+9.301729e-07,+9.465835e-07,+8.781176e-07,+8.981766e-07,+9.118021e-07,+9.101310e-07,+9.225060e-07,+9.053999e-07,+1.008405e-06,+9.277174e-07,+1.016263e-06,+9.775686e-07,+9.523207e-07,+1.049913e-06,+1.081392e-06,+9.796052e-07,+1.053560e-06,+1.077374e-06,+1.118278e-06,+1.097031e-06,+1.173123e-06,+1.035619e-06,+9.374651e-07,+1.030621e-06,+8.407594e-07,+8.882969e-07,+1.001373e-06
2450-2475,+1.585561e-07,+1.618323e-07,+1.660376e-07,+1.775069e-07,+1.846198e-07,+1.900383e-07,+1.948410e-07,+1.995647e-07,+2.033592e-07,+2.086463e-07,+2.115973e-07,+2.138961e-07,+2.168111e-07,+2.210518e-07,+2.272838e-07,+2.309194e-07,+2.374633e-07,+2.385994e-07,+2.494018e-07,+2.531906e-07,+2.596018e-07,+2.669967e-07,+2.816611e-07,+2.806209e-07,+2.734686e-07,+2.945437e-07,+3.136750e-07,+3.370853e-07,+3.353710e-07,+3.448603e-07,+3.449152e-07,+3.510286e-07,+3.572717e-07,+3.585252e-07,+3.626989e-07,+3.672773e-07,+3.758271e-07,+3.793829e-07,+3.853270e-07,+3.950741e-07,+3.983029e-07,+3.994672e-07,+4.094697e-07,+4.110505e-07,+4.218940e-07,+4.267868e-07,+4.292063e-07,+4.324091e-07,+4.343669e-07,+4.377278e-07,+4.466948e-07,+4.527655e-07,+4.476600e-07,+4.549324e-07,+4.601098e-07,+4.698468e-07,+4.682112e-07,+4.719082e-07,+4.757695e-07,+6.802586e-07,+4.842283e-07,+4.904207e-07,+4.896555e-07,+4.964352e-07,+5.048936e-07,+4.972659e-07,+5.000567e-07,+5.102542e-07,+5.193055e-07,+5.167543e-07,+5.252070e-07,+5.379643e-07,+4.977066e-07,+5.435182e-07,+5.472726e-07,+5.400749e-07,+5.531391e-07,+5.379535e-07,+5.699050e-07,+5.629435e-07,+5.623956e-07,+5.729141e-07,+5.738408e-07,+5.781320e-07,+5.853630e-07,+5.909182e-07,+5.975695e-07,+6.003195e-07,+6.080012e-07,+5.960004e-07,+6.257996e-07,+6.040502e-07,+6.205680e-07,+6.378409e-07,+6.517883e-07,+6.488894e-07,+6.481324e-07,+6.581364e-07,+6.625767e-07,+6.873313e-07,+6.815317e-07,+6.960792e-07,+7.055322e-07,+6.982206e-07,+7.493380e-07,+7.237743e-07,+7.298874e-07,+7.303086e-07,+7.220018e-07,+7.448243e-07,+7.269308e-07,+7.532899e-07,+7.694816e-07,+8.037885e-07,+8.319193e-07,+7.997892e-07,+7.401398e-07,+7.883409e-07,+8.048859e-07,+7.542256e-07,+8.123199e-07,+8.877017e-07,+8.880933e-07,+9.295193e-07,+9.679834e-07,+9.639033e-07,+9.093938e-07,+9.152356e-07,+9.321220e-07,+9.531176e-07,+9.615211e-07,+9.427211e-07,+1.043287e-06,+9.303857e-07,+1.041075e-06,+1.005236e-06,+9.839032e-07,+1.077966e-06,+1.123755e-06,+1.034779e-06,+1.097324e-06,+1.108918e-06,+1.172489e-06,+1.011490e-06,+1.218728e-06,+1.063372e-06,+1.026242e-06,+1.074377e-06,+8.443855e-07,+9.552101e-07,+1.048654e-06
2475-2498,+1.610392e-07,+1.635576e-07,+1.677620e-07,+1.798396e-07,+1.875437e-07,+1.923980e-07,+1.974246e-07,+2.023280e-07,+2.062009e-07,+2.115297e-07,+2.144479e-07,+2.169001e-07,+2.207040e-07,+2.255591e-07,+2.323346e-07,+2.344907e-07,+2.403047e-07,+2.423056e-07,+2.534607e-07,+2.580735e-07,+2.626057e-07,+2.694170e-07,+2.822127e-07,+2.814183e-07,+2.765686e-07,+2.953036e-07,+3.157234e-07,+3.353467e-07,+3.370595e-07,+3.438958e-07,+3.460050e-07,+3.508849e-07,+3.568540e-07,+3.606470e-07,+3.625783e-07,+3.688934e-07,+3.754351e-07,+3.792490e-07,+3.864100e-07,+3.961233e-07,+3.991561e-07,+4.040852e-07,+4.098071e-07,+4.141618e-07,+4.214535e-07,+4.280916e-07,+4.323300e-07,+4.350436e-07,+4.368026e-07,+4.377966e-07,+4.478544e-07,+4.516820e-07,+4.535810e-07,+4.569666e-07,+4.627577e-07,+4.738446e-07,+4.737488e-07,+4.743506e-07,+4.770103e-07,+4.842283e-07,+6.557161e-07,+5.000787e-07,+5.002947e-07,+5.047315e-07,+5.094546e-07,+5.082675e-07,+5.035685e-07,+5.151667e-07,+5.238556e-07,+5.211498e-07,+5.272148e-07,+5.374858e-07,+5.042861e-07,+5.492093e-07,+5.485007e-07,+5.413662e-07,+5.542939e-07,+5.402115e-07,+5.661367e-07,+5.565199e-07,+5.604561e-07,+5.720775e-07,+5.820409e-07,+5.775528e-07,+5.774313e-07,+5.873994e-07,+5.879644e-07,+6.004303e-07,+6.087740e-07,+5.961108e-07,+6.184571e-07,+6.071138e-07,+6.237311e-07,+6.278952e-07,+6.413939e-07,+6.517027e-07,+6.503782e-07,+6.646514e-07,+6.626057e-07,+6.951159e-07,+6.837471e-07,+7.016062e-07,+6.961245e-07,+7.056596e-07,+7.344046e-07,+7.161600e-07,+7.414456e-07,+7.235016e-07,+7.317935e-07,+7.551633e-07,+7.576168e-07,+7.638965e-07,+7.752800e-07,+8.165675e-07,+8.180492e-07,+7.999874e-07,+7.409969e-07,+7.887613e-07,+8.166572e-07,+7.683507e-07,+8.402198e-07,+8.819788e-07,+8.840006e-07,+9.309681e-07,+9.513640e-07,+9.762251e-07,+9.131706e-07,+9.177132e-07,+9.509999e-07,+9.288372e-07,+9.709562e-07,+9.500873e-07,+1.042994e-06,+9.400119e-07,+1.038128e-06,+1.016034e-06,+1.002029e-06,+1.069991e-06,+1.148558e-06,+1.065402e-06,+1.142181e-06,+1.122609e-06,+1.172770e-06,+1.169571e-06,+1.264763e-06,+1.111657e-06,+9.254611e-07,+1.139406e-06,+8.516388e-07,+9.116502e-07,+1.046506e-06
2498-2525,+1.629948e-07,+1.658221e-07,+1.699861e-07,+1.814080e-07,+1.896911e-07,+1.950333e-07,+2.002671e-07,+2.052164e-07,+2.091195e-07,+2.141448e-07,+2.176995e-07,+2.196593e-07,+2.240327e-07,+2.279959e-07,+2.372533e-07,+2.400065e-07,+2.448843e-07,+2.456610e-07,+2.565793e-07,+2.613175e-07,+2.660219e-07,+2.724766e-07,+2.853855e-07,+2.853038e-07,+2.805499e-07,+2.991963e-07,+3.204920e-07,+3.408442e-07,+3.412328e-07,+3.474797e-07,+3.499181e-07,+3.555549e-07,+3.602421e-07,+3.641603e-07,+3.657757e-07,+3.721802e-07,+3.794691e-07,+3.839331e-07,+3.914115e-07,+3.996072e-07,+4.033043e-07,+4.066115e-07,+4.138466e-07,+4.171820e-07,+4.271586e-07,+4.295765e-07,+4.360675e-07,+4.404637e-07,+4.409128e-07,+4.431906e-07,+4.520470e-07,+4.599667e-07,+4.573038e-07,+4.639026e-07,+4.692171e-07,+4.793502e-07,+4.785223e-07,+4.815952e-07,+4.845295e-07,+4.904207e-07,+5.000787e-07,+6.596424e-07,+5.048377e-07,+5.200730e-07,+5.240743e-07,+5.175894e-07,+5.104453e-07,+5.190490e-07,+5.285786e-07,+5.321811e-07,+5.378167e-07,+5.494596e-07,+5.181911e-07,+5.583512e-07,+5.561043e-07,+5.482871e-07,+5.627536e-07,+5.450588e-07,+5.766812e-07,+5.610936e-07,+5.700973e-07,+5.828847e-07,+5.885573e-07,+5.913188e-07,+5.917622e-07,+5.979675e-07,+5.914219e-07,+6.078795e-07,+6.244918e-07,+6.061928e-07,+6.214545e-07,+6.096916e-07,+6.291266e-07,+6.388474e-07,+6.600644e-07,+6.700324e-07,+6.581843e-07,+6.749316e-07,+6.745240e-07,+6.922289e-07,+6.886159e-07,+7.259438e-07,+7.153733e-07,+7.151570e-07,+7.394306e-07,+7.310820e-07,+7.507434e-07,+7.430336e-07,+7.406749e-07,+7.607334e-07,+7.466413e-07,+7.615213e-07,+7.846538e-07,+8.175408e-07,+8.358547e-07,+8.081958e-07,+7.583965e-07,+8.045082e-07,+8.195160e-07,+7.742888e-07,+8.360685e-07,+8.987734e-07,+8.999305e-07,+9.446610e-07,+9.675026e-07,+9.864961e-07,+9.327189e-07,+9.494479e-07,+9.670662e-07,+9.623362e-07,+9.832858e-07,+9.563104e-07,+1.064369e-06,+9.544942e-07,+1.049915e-06,+1.026092e-06,+1.009115e-06,+1.090542e-06,+1.132168e-06,+1.004954e-06,+1.105443e-06,+1.084584e-06,+1.192929e-06,+1.191633e-06,+1.242265e-06,+1.093940e-06,+9.977920e-07,+1.151586e-06,+9.122114e-07,+8.826548e-07,+1.086880e-06
2525-2543,+1.620555e-07,+1.652656e-07,+1.695667e-07,+1.813797e-07,+1.901342e-07,+1.948284e-07,+1.999584e-07,+2.046309e-07,+2.088709e-07,+2.139655e-07,+2.176809e-07,+2.193661e-07,+2.250368e-07,+2.298129e-07,+2.374540e-07,+2.378223e-07,+2.445393e-07,+2.457593e-07,+2.555509e-07,+2.595614e-07,+2.656578e-07,+2.715830e-07,+2.840000e-07,+2.871666e-07,+2.800069e-07,+2.994808e-07,+3.172122e-07,+3.389851e-07,+3.374862e-07,+3.471181e-07,+3.475897e-07,+3.558047e-07,+3.601631e-07,+3.629826e-07,+3.644601e-07,+3.710170e-07,+3.786072e-07,+3.818845e-07,+3.878607e-07,+3.973109e-07,+4.005448e-07,+4.038940e-07,+4.128569e-07,+4.146493e-07,+4.267604e-07,+4.306015e-07,+4.332305e-07,+4.369279e-07,+4.394773e-07,+4.391984e-07,+4.520466e-07,+4.524909e-07,+4.523779e-07,+4.648310e-07,+4.750729e-07,+4.788467e-07,+4.759757e-07,+4.764208e-07,+4.808010e-07,+4.896555e-07,+5.002947e-07,+5.048377e-07,+8.381964e-07,+5.222530e-07,+5.285114e-07,+5.172832e-07,+5.069510e-07,+5.215565e-07,+5.239258e-07,+5.276425e-07,+5.331224e-07,+5.493149e-07,+5.119101e-07,+5.557723e-07,+5.450551e-07,+5.444508e-07,+5.753383e-07,+5.474500e-07,+5.751918e-07,+5.604735e-07,+5.624613e-07,+5.719145e-07,+5.834968e-07,+5.873780e-07,+5.862194e-07,+5.960481e-07,+5.862318e-07,+6.055091e-07,+6.152884e-07,+6.057795e-07,+6.164322e-07,+6.150346e-07,+6.194649e-07,+6.261233e-07,+6.514105e-07,+6.522344e-07,+6.484206e-07,+6.500725e-07,+6.550338e-07,+6.878953e-07,+6.781855e-07,+7.111255e-07,+7.092349e-07,+7.136699e-07,+7.505116e-07,+7.227108e-07,+7.376692e-07,+7.341324e-07,+7.311307e-07,+7.477305e-07,+7.564191e-07,+7.528823e-07,+7.760231e-07,+8.329428e-07,+8.259778e-07,+7.897808e-07,+7.388076e-07,+8.055459e-07,+8.184269e-07,+7.445811e-07,+8.056858e-07,+8.749369e-07,+8.792381e-07,+9.266947e-07,+9.477540e-07,+9.782049e-07,+9.201971e-07,+9.186691e-07,+9.371093e-07,+9.250968e-07,+9.548107e-07,+9.441368e-07,+1.032935e-06,+9.390278e-07,+1.027971e-06,+1.010064e-06,+9.929408e-07,+1.069569e-06,+1.122331e-06,+1.093842e-06,+1.112717e-06,+1.111565e-06,+1.204968e-06,+9.260352e-07,+1.239459e-06,+1.069077e-06,+1.059421e-06,+1.121014e-06,+8.706182e-07,+9.061845e-07,+1.043978e-06
2543-2575,+1.652396e-07,+1.697292e-07,+1.736692e-07,+1.856450e-07,+1.952604e-07,+2.002185e-07,+2.056791e-07,+2.106986e-07,+2.149845e-07,+2.201926e-07,+2.242027e-07,+2.267620e-07,+2.302160e-07,+2.354171e-07,+2.407070e-07,+2.442038e-07,+2.519050e-07,+2.531438e-07,+2.643908e-07,+2.676104e-07,+2.727281e-07,+2.783134e-07,+2.903528e-07,+2.922080e-07,+2.869712e-07,+3.042577e-07,+3.247394e-07,+3.452298e-07,+3.467894e-07,+3.519292e-07,+3.558997e-07,+3.612884e-07,+3.667955e-07,+3.701814e-07,+3.736428e-07,+3.772070e-07,+3.863959e-07,+3.875585e-07,+3.957337e-07,+4.043063e-07,+4.089518e-07,+4.103785e-07,+4.184548e-07,+4.245306e-07,+4.292073e-07,+4.368986e-07,+4.459988e-07,+4.451743e-07,+4.458308e-07,+4.482563e-07,+4.585428e-07,+4.578087e-07,+4.624476e-07,+4.697007e-07,+4.778579e-07,+4.900125e-07,+4.827302e-07,+4.884949e-07,+4.917055e-07,+4.964352e-07,+5.047315e-07,+5.200730e-07,+5.222530e-07,+6.918051e-07,+5.374728e-07,+5.302977e-07,+5.240423e-07,+5.315661e-07,+5.404169e-07,+5.481681e-07,+5.439149e-07,+5.547740e-07,+5.153765e-07,+5.613474e-07,+5.577534e-07,+5.539747e-07,+5.775558e-07,+5.523494e-07,+5.836311e-07,+5.696146e-07,+5.726038e-07,+5.904000e-07,+5.904942e-07,+5.974599e-07,+5.943225e-07,+6.077072e-07,+5.974577e-07,+6.073023e-07,+6.281986e-07,+6.187845e-07,+6.395810e-07,+6.204475e-07,+6.394523e-07,+6.464414e-07,+6.627239e-07,+6.663165e-07,+6.588620e-07,+6.701638e-07,+6.823699e-07,+6.986423e-07,+6.906637e-07,+7.257382e-07,+7.282616e-07,+7.382809e-07,+7.494231e-07,+7.430674e-07,+7.596533e-07,+7.533238e-07,+7.526495e-07,+7.580259e-07,+7.524617e-07,+7.737398e-07,+8.064093e-07,+8.234867e-07,+8.357976e-07,+8.190578e-07,+7.661940e-07,+8.053395e-07,+8.303279e-07,+7.691057e-07,+8.409333e-07,+8.981908e-07,+8.983233e-07,+9.553858e-07,+9.762267e-07,+9.710252e-07,+9.383960e-07,+9.565158e-07,+9.503996e-07,+9.779633e-07,+9.988464e-07,+9.610609e-07,+1.060455e-06,+9.829465e-07,+1.043394e-06,+1.038979e-06,+1.012245e-06,+1.094093e-06,+1.120930e-06,+1.082591e-06,+1.123129e-06,+1.170333e-06,+1.173607e-06,+1.181836e-06,+1.243066e-06,+1.077898e-06,+1.022935e-06,+1.095103e-06,+9.302245e-07,+9.302888e-07,+1.025546e-06
2575-2600,+1.679515e-07,+1.725573e-07,+1.764215e-07,+1.877773e-07,+1.969455e-07,+2.029159e-07,+2.084042e-07,+2.132409e-07,+2.175974e-07,+2.232836e-07,+2.271953e-07,+2.297426e-07,+2.326197e-07,+2.374114e-07,+2.429805e-07,+2.469312e-07,+2.546801e-07,+2.565941e-07,+2.664843e-07,+2.713179e-07,+2.772563e-07,+2.826223e-07,+2.952153e-07,+2.969192e-07,+2.930080e-07,+3.111801e-07,+3.314504e-07,+3.529309e-07,+3.553760e-07,+3.591622e-07,+3.622933e-07,+3.685641e-07,+3.728782e-07,+3.777817e-07,+3.795132e-07,+3.849854e-07,+3.918482e-07,+3.957020e-07,+4.018628e-07,+4.108352e-07,+4.160056e-07,+4.173006e-07,+4.245551e-07,+4.283552e-07,+4.405409e-07,+4.411267e-07,+4.474001e-07,+4.542990e-07,+4.520378e-07,+4.558005e-07,+4.642725e-07,+4.693328e-07,+4.711295e-07,+4.751249e-07,+4.811064e-07,+4.985393e-07,+5.004117e-07,+4.959493e-07,+4.997442e-07,+5.048936e-07,+5.094546e-07,+5.240743e-07,+5.285114e-07,+5.374728e-07,+7.731626e-07,+5.508161e-07,+5.492849e-07,+5.416944e-07,+5.470347e-07,+5.540388e-07,+5.532052e-07,+5.670752e-07,+5.228402e-07,+5.721483e-07,+5.742403e-07,+5.630175e-07,+5.800145e-07,+5.547255e-07,+5.907028e-07,+5.753249e-07,+5.801781e-07,+5.970244e-07,+6.007046e-07,+6.128538e-07,+6.025507e-07,+6.183464e-07,+6.081278e-07,+6.221988e-07,+6.398277e-07,+6.232427e-07,+6.385494e-07,+6.419649e-07,+6.432158e-07,+6.584839e-07,+6.763458e-07,+6.800966e-07,+6.748813e-07,+6.779929e-07,+6.912495e-07,+7.125783e-07,+6.973023e-07,+7.296089e-07,+7.335728e-07,+7.391975e-07,+7.704075e-07,+7.504235e-07,+7.722182e-07,+7.589850e-07,+7.671399e-07,+7.736583e-07,+7.608979e-07,+7.797847e-07,+8.133052e-07,+8.420795e-07,+8.542430e-07,+8.414923e-07,+7.664211e-07,+8.221778e-07,+8.476217e-07,+7.811044e-07,+8.573801e-07,+9.157970e-07,+9.076149e-07,+9.654205e-07,+9.893738e-07,+9.973165e-07,+9.273994e-07,+9.619534e-07,+9.590088e-07,+9.568544e-07,+1.012869e-06,+9.755347e-07,+1.074880e-06,+9.855618e-07,+1.049492e-06,+1.047317e-06,+1.034596e-06,+1.120531e-06,+1.109252e-06,+9.900625e-07,+1.059642e-06,+1.061646e-06,+1.207070e-06,+1.195568e-06,+1.324798e-06,+1.072350e-06,+1.103358e-06,+1.048234e-06,+9.748674e-07,+9.482456e-07,+1.092448e-06
2600-2632,+1.668080e-07,+1.715140e-07,+1.750270e-07,+1.862032e-07,+1.955932e-07,+2.012765e-07,+2.067103e-07,+2.113870e-07,+2.157250e-07,+2.211046e-07,+2.254272e-07,+2.278827e-07,+2.319960e-07,+2.366954e-07,+2.415097e-07,+2.455858e-07,+2.562600e-07,+2.555517e-07,+2.655403e-07,+2.686236e-07,+2.752444e-07,+2.810513e-07,+2.927280e-07,+2.933849e-07,+2.910536e-07,+3.074081e-07,+3.276814e-07,+3.501477e-07,+3.520119e-07,+3.558590e-07,+3.580872e-07,+3.656277e-07,+3.694365e-07,+3.731196e-07,+3.791465e-07,+3.812490e-07,+3.893513e-07,+3.926897e-07,+3.999032e-07,+4.082323e-07,+4.112345e-07,+4.169443e-07,+4.220648e-07,+4.252008e-07,+4.345028e-07,+4.362107e-07,+4.410961e-07,+4.488233e-07,+4.496926e-07,+4.521678e-07,+4.618405e-07,+4.671171e-07,+4.686195e-07,+4.713571e-07,+4.789696e-07,+4.944908e-07,+4.965299e-07,+4.957301e-07,+4.974017e-07,+4.972659e-07,+5.082675e-07,+5.175894e-07,+5.172832e-07,+5.302977e-07,+5.508161e-07,+7.513606e-07,+5.510849e-07,+5.368332e-07,+5.418957e-07,+5.505106e-07,+5.541449e-07,+5.593295e-07,+5.205494e-07,+5.722978e-07,+5.792050e-07,+5.652459e-07,+5.780924e-07,+5.511111e-07,+5.888020e-07,+5.764867e-07,+5.837592e-07,+5.941629e-07,+6.064185e-07,+6.035685e-07,+6.019796e-07,+6.162560e-07,+6.018305e-07,+6.239126e-07,+6.347425e-07,+6.214591e-07,+6.431997e-07,+6.394921e-07,+6.480789e-07,+6.496059e-07,+6.795972e-07,+6.722348e-07,+6.584152e-07,+6.833728e-07,+6.872341e-07,+7.183089e-07,+7.003878e-07,+7.275943e-07,+7.285063e-07,+7.436939e-07,+7.465296e-07,+7.568917e-07,+7.694235e-07,+7.591439e-07,+7.467049e-07,+7.710045e-07,+7.867202e-07,+7.965964e-07,+8.030261e-07,+8.347663e-07,+8.484856e-07,+8.376354e-07,+7.704275e-07,+8.364719e-07,+8.458361e-07,+7.869859e-07,+8.667042e-07,+8.983706e-07,+8.867279e-07,+9.809410e-07,+9.841413e-07,+1.001473e-06,+9.324930e-07,+9.486497e-07,+1.016838e-06,+9.758130e-07,+1.020263e-06,+9.805400e-07,+1.048939e-06,+9.990752e-07,+1.052739e-06,+1.052885e-06,+1.029673e-06,+1.129183e-06,+1.146232e-06,+1.048342e-06,+1.116265e-06,+1.064089e-06,+1.224388e-06,+1.212344e-06,+1.304586e-06,+1.207131e-06,+1.151973e-06,+1.122397e-06,+1.036672e-06,+1.040231e-06,+1.116185e-06
2632-2650,+1.657780e-07,+1.696861e-07,+1.738088e-07,+1.859633e-07,+1.942714e-07,+2.004831e-07,+2.052478e-07,+2.101473e-07,+2.148020e-07,+2.205474e-07,+2.249059e-07,+2.267445e-07,+2.311079e-07,+2.370426e-07,+2.409631e-07,+2.444652e-07,+2.524554e-07,+2.538405e-07,+2.644391e-07,+2.684599e-07,+2.757515e-07,+2.829726e-07,+2.935069e-07,+2.952133e-07,+2.908556e-07,+3.087275e-07,+3.289143e-07,+3.487895e-07,+3.517558e-07,+3.549417e-07,+3.608700e-07,+3.649211e-07,+3.682665e-07,+3.763556e-07,+3.810911e-07,+3.844309e-07,+3.844735e-07,+3.928897e-07,+3.995395e-07,+4.090515e-07,+4.060556e-07,+4.126330e-07,+4.216674e-07,+4.234437e-07,+4.318683e-07,+4.397201e-07,+4.441966e-07,+4.538122e-07,+4.472504e-07,+4.503904e-07,+4.578522e-07,+4.649331e-07,+4.638915e-07,+4.661949e-07,+4.742565e-07,+4.949296e-07,+4.848349e-07,+4.967105e-07,+4.893457e-07,+5.000567e-07,+5.035685e-07,+5.104453e-07,+5.069510e-07,+5.240423e-07,+5.492849e-07,+5.510849e-07,+1.300849e-06,+5.361199e-07,+5.414878e-07,+5.465484e-07,+5.574739e-07,+5.594433e-07,+5.149724e-07,+5.650025e-07,+5.692764e-07,+5.641836e-07,+5.811113e-07,+5.563051e-07,+5.856020e-07,+5.820537e-07,+5.887481e-07,+5.994254e-07,+6.054582e-07,+6.002676e-07,+5.992305e-07,+6.140231e-07,+6.040530e-07,+6.338841e-07,+6.450171e-07,+6.303161e-07,+6.400528e-07,+6.392032e-07,+6.547353e-07,+6.494373e-07,+6.893713e-07,+6.726759e-07,+6.667574e-07,+6.780426e-07,+6.914457e-07,+6.965710e-07,+7.004307e-07,+7.128155e-07,+7.294467e-07,+7.522174e-07,+7.668975e-07,+7.328747e-07,+7.812346e-07,+7.553876e-07,+7.577886e-07,+7.655993e-07,+7.779434e-07,+7.711397e-07,+7.833997e-07,+8.263634e-07,+8.394377e-07,+8.588241e-07,+7.858216e-07,+8.466693e-07,+8.595786e-07,+7.726395e-07,+8.695570e-07,+9.300672e-07,+8.928955e-07,+9.942201e-07,+9.580471e-07,+1.007754e-06,+9.471547e-07,+9.962119e-07,+1.082776e-06,+1.002992e-06,+1.012969e-06,+9.968442e-07,+1.077430e-06,+1.007784e-06,+1.103139e-06,+1.078155e-06,+1.060228e-06,+1.153027e-06,+1.159304e-06,+1.062887e-06,+1.094749e-06,+1.140416e-06,+1.237276e-06,+1.175068e-06,+1.366390e-06,+1.181804e-06,+1.188047e-06,+1.216784e-06,+1.162438e-06,+1.048672e-06,+1.265371e-06
2650-2675,+1.682027e-07,+1.715497e-07,+1.756453e-07,+1.877720e-07,+1.968201e-07,+2.020534e-07,+2.071456e-07,+2.121471e-07,+2.163883e-07,+2.217336e-07,+2.260521e-07,+2.301406e-07,+2.326758e-07,+2.371311e-07,+2.430991e-07,+2.471731e-07,+2.534107e-07,+2.563777e-07,+2.675607e-07,+2.705866e-07,+2.769545e-07,+2.832499e-07,+2.963717e-07,+2.964201e-07,+2.911170e-07,+3.112275e-07,+3.321118e-07,+3.551645e-07,+3.521671e-07,+3.591198e-07,+3.749785e-07,+3.689421e-07,+3.781855e-07,+3.807060e-07,+3.848511e-07,+3.909325e-07,+3.938747e-07,+4.000788e-07,+4.067676e-07,+4.149413e-07,+4.194953e-07,+4.251699e-07,+4.313483e-07,+4.327296e-07,+4.401200e-07,+4.446609e-07,+4.548332e-07,+4.648480e-07,+4.562440e-07,+4.622902e-07,+4.683995e-07,+4.789862e-07,+4.734315e-07,+4.775038e-07,+4.821997e-07,+4.969684e-07,+4.947244e-07,+4.989259e-07,+5.033594e-07,+5.102542e-07,+5.151667e-07,+5.190490e-07,+5.215565e-07,+5.315661e-07,+5.416944e-07,+5.368332e-07,+5.361199e-07,+8.169617e-07,+5.549454e-07,+5.520828e-07,+5.612506e-07,+5.785668e-07,+5.286839e-07,+5.810033e-07,+5.774343e-07,+5.821635e-07,+5.894503e-07,+5.657347e-07,+6.045755e-07,+5.869128e-07,+5.997791e-07,+6.053266e-07,+6.142488e-07,+6.252181e-07,+6.131054e-07,+6.322505e-07,+6.176405e-07,+6.333302e-07,+6.468148e-07,+6.282562e-07,+6.542852e-07,+6.407722e-07,+6.509608e-07,+6.588139e-07,+6.835300e-07,+6.817530e-07,+6.869521e-07,+6.950353e-07,+7.040472e-07,+7.353043e-07,+7.161375e-07,+7.456933e-07,+7.504441e-07,+7.616487e-07,+7.823142e-07,+8.018055e-07,+7.870074e-07,+7.737726e-07,+7.767947e-07,+7.919629e-07,+7.986462e-07,+8.064648e-07,+8.346646e-07,+8.513628e-07,+8.916210e-07,+8.697048e-07,+8.062630e-07,+8.464156e-07,+8.960074e-07,+8.166817e-07,+8.872903e-07,+9.305269e-07,+9.269267e-07,+1.017221e-06,+1.013517e-06,+1.014115e-06,+9.740611e-07,+9.928932e-07,+9.894647e-07,+1.007404e-06,+1.017285e-06,+1.014709e-06,+1.102623e-06,+9.932725e-07,+1.065780e-06,+1.082786e-06,+1.060360e-06,+1.097758e-06,+1.167248e-06,+1.074288e-06,+1.170140e-06,+1.174847e-06,+1.276771e-06,+1.040502e-06,+1.368822e-06,+1.260042e-06,+1.122660e-06,+1.233734e-06,+1.021247e-06,+1.141254e-06,+1.157444e-06
2675-2700,+1.711708e-07,+1.750361e-07,+1.791330e-07,+1.911123e-07,+1.998913e-07,+2.054438e-07,+2.110995e-07,+2.164273e-07,+2.214972e-07,+2.271083e-07,+2.309232e-07,+2.337683e-07,+2.376477e-07,+2.410138e-07,+2.475109e-07,+2.528634e-07,+2.587879e-07,+2.607554e-07,+2.708391e-07,+2.754826e-07,+2.808153e-07,+2.884743e-07,+3.010148e-07,+3.023073e-07,+2.962252e-07,+3.163010e-07,+3.350948e-07,+3.551323e-07,+3.574869e-07,+3.623789e-07,+3.700948e-07,+3.721696e-07,+3.764992e-07,+3.841354e-07,+3.873675e-07,+3.923074e-07,+4.042680e-07,+4.033916e-07,+4.110394e-07,+4.203086e-07,+4.219396e-07,+4.267851e-07,+4.362592e-07,+4.389810e-07,+4.455038e-07,+4.509387e-07,+4.559162e-07,+4.603897e-07,+4.603002e-07,+4.627378e-07,+4.727036e-07,+4.774060e-07,+4.774009e-07,+4.851269e-07,+4.900554e-07,+5.050062e-07,+5.043394e-07,+5.071075e-07,+5.127476e-07,+5.193055e-07,+5.238556e-07,+5.285786e-07,+5.239258e-07,+5.404169e-07,+5.470347e-07,+5.418957e-07,+5.414878e-07,+5.549454e-07,+8.879316e-07,+5.677229e-07,+5.688817e-07,+5.860208e-07,+5.367295e-07,+5.807270e-07,+5.996056e-07,+5.823240e-07,+5.966508e-07,+5.680329e-07,+6.119794e-07,+5.943658e-07,+6.024537e-07,+6.117670e-07,+6.235617e-07,+6.202276e-07,+6.284800e-07,+6.372502e-07,+6.312461e-07,+6.475133e-07,+6.549654e-07,+6.393071e-07,+6.637126e-07,+6.521164e-07,+6.593410e-07,+6.745283e-07,+7.013584e-07,+7.055026e-07,+6.930795e-07,+7.126496e-07,+7.161367e-07,+7.447983e-07,+7.355662e-07,+7.671179e-07,+7.656408e-07,+7.731687e-07,+7.885346e-07,+7.978805e-07,+8.042865e-07,+8.016754e-07,+7.796638e-07,+8.229971e-07,+8.125846e-07,+8.244964e-07,+8.574181e-07,+8.736867e-07,+9.099626e-07,+8.599695e-07,+8.130344e-07,+8.567388e-07,+8.879979e-07,+8.296163e-07,+9.017966e-07,+9.801560e-07,+9.382628e-07,+1.019033e-06,+1.019982e-06,+1.033858e-06,+9.508820e-07,+9.816426e-07,+1.007828e-06,+9.484290e-07,+1.068465e-06,+1.003341e-06,+1.120056e-06,+1.028659e-06,+1.140314e-06,+1.100945e-06,+1.087335e-06,+1.173502e-06,+1.112584e-06,+1.138328e-06,+1.259937e-06,+1.197693e-06,+1.262548e-06,+1.233034e-06,+1.315572e-06,+1.203808e-06,+1.128115e-06,+1.256764e-06,+1.026649e-06,+1.025074e-06,+1.210501e-06
2700-2725,+1.721905e-07,+1.762077e-07,+1.800355e-07,+1.925468e-07,+2.014932e-07,+2.069920e-07,+2.123997e-07,+2.171398e-07,+2.219334e-07,+2.277899e-07,+2.319631e-07,+2.346562e-07,+2.387076e-07,+2.434381e-07,+2.489572e-07,+2.532068e-07,+2.608441e-07,+2.631638e-07,+2.731908e-07,+2.776462e-07,+2.828698e-07,+2.880896e-07,+3.007439e-07,+3.017594e-07,+2.972757e-07,+3.144511e-07,+3.372964e-07,+3.576120e-07,+3.565618e-07,+3.635870e-07,+3.736986e-07,+3.768827e-07,+3.807901e-07,+3.891711e-07,+3.953401e-07,+3.966748e-07,+4.048731e-07,+4.063223e-07,+4.147843e-07,+4.234500e-07,+4.300199e-07,+4.288245e-07,+4.425827e-07,+4.414420e-07,+4.478689e-07,+4.552420e-07,+4.610486e-07,+4.648075e-07,+4.628585e-07,+4.702249e-07,+4.779112e-07,+4.771523e-07,+4.799605e-07,+4.854785e-07,+4.908258e-07,+5.050132e-07,+5.019464e-07,+5.082207e-07,+5.101170e-07,+5.167543e-07,+5.211498e-07,+5.321811e-07,+5.276425e-07,+5.481681e-07,+5.540388e-07,+5.505106e-07,+5.465484e-07,+5.520828e-07,+5.677229e-07,+9.183649e-07,+5.688851e-07,+5.828174e-07,+5.552529e-07,+5.899559e-07,+6.002228e-07,+5.822227e-07,+5.961509e-07,+5.929265e-07,+6.124420e-07,+6.061379e-07,+6.114855e-07,+6.171882e-07,+6.246456e-07,+6.344634e-07,+6.250948e-07,+6.544138e-07,+6.293061e-07,+6.525152e-07,+6.609321e-07,+6.515528e-07,+6.750456e-07,+6.715586e-07,+6.759901e-07,+6.727387e-07,+6.907503e-07,+6.948124e-07,+6.985125e-07,+7.066505e-07,+7.245436e-07,+7.498652e-07,+7.309145e-07,+8.003724e-07,+7.782148e-07,+8.025112e-07,+7.972608e-07,+7.897978e-07,+8.136903e-07,+8.151315e-07,+7.858451e-07,+8.116951e-07,+8.259228e-07,+8.306544e-07,+8.579017e-07,+8.812121e-07,+9.047467e-07,+8.844607e-07,+8.184577e-07,+8.670350e-07,+8.868297e-07,+8.223068e-07,+9.132973e-07,+9.513772e-07,+9.610547e-07,+9.972971e-07,+1.029562e-06,+1.051447e-06,+9.972912e-07,+1.050085e-06,+1.022648e-06,+1.052552e-06,+1.054504e-06,+1.054091e-06,+1.113959e-06,+1.054883e-06,+1.107452e-06,+1.129431e-06,+1.060351e-06,+1.218275e-06,+1.125042e-06,+1.137190e-06,+1.238406e-06,+1.239002e-06,+1.266950e-06,+1.307919e-06,+1.330223e-06,+1.220486e-06,+1.140732e-06,+1.248643e-06,+1.060019e-06,+1.079196e-06,+1.261206e-06
2725-2750,+1.724668e-07,+1.761538e-07,+1.803198e-07,+1.926815e-07,+2.017681e-07,+2.073500e-07,+2.130157e-07,+2.179612e-07,+2.225202e-07,+2.283180e-07,+2.326835e-07,+2.349756e-07,+2.403705e-07,+2.446870e-07,+2.499065e-07,+2.541245e-07,+2.606578e-07,+2.623171e-07,+2.732613e-07,+2.774898e-07,+2.840440e-07,+2.897039e-07,+3.036424e-07,+3.042446e-07,+2.998934e-07,+3.188314e-07,+3.417750e-07,+3.626845e-07,+3.603756e-07,+3.688670e-07,+3.717836e-07,+3.789043e-07,+3.834190e-07,+3.894214e-07,+3.941162e-07,+3.976167e-07,+4.064489e-07,+4.069143e-07,+4.163090e-07,+4.252889e-07,+4.301982e-07,+4.324551e-07,+4.399445e-07,+4.437083e-07,+4.547340e-07,+4.619548e-07,+4.631602e-07,+4.689436e-07,+4.721162e-07,+4.705641e-07,+4.831673e-07,+4.887153e-07,+4.842462e-07,+4.907602e-07,+4.944740e-07,+5.075812e-07,+5.049686e-07,+5.119073e-07,+5.155997e-07,+5.252070e-07,+5.272148e-07,+5.378167e-07,+5.331224e-07,+5.439149e-07,+5.532052e-07,+5.541449e-07,+5.574739e-07,+5.612506e-07,+5.688817e-07,+5.688851e-07,+9.975930e-07,+6.013941e-07,+5.483012e-07,+6.033083e-07,+5.951364e-07,+5.931353e-07,+6.102603e-07,+5.923491e-07,+6.164543e-07,+6.103188e-07,+6.165453e-07,+6.229890e-07,+6.399818e-07,+6.348883e-07,+6.481020e-07,+6.496026e-07,+6.329720e-07,+6.583959e-07,+6.709608e-07,+6.480764e-07,+6.750658e-07,+6.568215e-07,+6.828324e-07,+6.763641e-07,+7.120631e-07,+7.130459e-07,+6.909484e-07,+7.075618e-07,+7.141166e-07,+7.486514e-07,+7.380350e-07,+7.821769e-07,+7.544009e-07,+7.800701e-07,+7.952157e-07,+7.817888e-07,+8.083238e-07,+8.133106e-07,+7.978252e-07,+8.642870e-07,+8.440435e-07,+8.687681e-07,+8.622865e-07,+8.922767e-07,+9.003303e-07,+8.905596e-07,+8.283255e-07,+8.700993e-07,+9.003874e-07,+8.482351e-07,+9.244927e-07,+9.738961e-07,+9.860999e-07,+1.052825e-06,+1.042140e-06,+1.073224e-06,+1.032929e-06,+1.047744e-06,+1.036038e-06,+1.048437e-06,+1.073897e-06,+1.054352e-06,+1.183969e-06,+1.053626e-06,+1.165213e-06,+1.127334e-06,+1.145458e-06,+1.220345e-06,+1.262307e-06,+1.176725e-06,+1.234575e-06,+1.262470e-06,+1.307677e-06,+1.284901e-06,+1.406428e-06,+1.334872e-06,+1.182079e-06,+1.341326e-06,+1.101084e-06,+1.244901e-06,+1.319509e-06
2750-2775,+1.784351e-07,+1.817740e-07,+1.862639e-07,+1.980941e-07,+2.082579e-07,+2.137202e-07,+2.194474e-07,+2.246185e-07,+2.295258e-07,+2.350519e-07,+2.401077e-07,+2.429916e-07,+2.471935e-07,+2.530520e-07,+2.579016e-07,+2.618656e-07,+2.688849e-07,+2.710206e-07,+2.813981e-07,+2.859551e-07,+2.918284e-07,+2.988748e-07,+3.116158e-07,+3.121263e-07,+3.072252e-07,+3.287129e-07,+3.605575e-07,+3.740420e-07,+3.698948e-07,+3.783921e-07,+3.826539e-07,+3.875475e-07,+3.939452e-07,+3.972060e-07,+4.029833e-07,+4.104475e-07,+4.207555e-07,+4.211752e-07,+4.315523e-07,+4.441930e-07,+4.470330e-07,+4.452885e-07,+4.601361e-07,+4.610344e-07,+4.683509e-07,+4.714627e-07,+4.751583e-07,+4.800220e-07,+4.861021e-07,+4.880783e-07,+4.954702e-07,+5.012301e-07,+4.992762e-07,+5.053544e-07,+5.154487e-07,+5.247800e-07,+5.198045e-07,+5.225457e-07,+5.316734e-07,+5.379643e-07,+5.374858e-07,+5.494596e-07,+5.493149e-07,+5.547740e-07,+5.670752e-07,+5.593295e-07,+5.594433e-07,+5.785668e-07,+5.860208e-07,+5.828174e-07,+6.013941e-07,+1.313793e-06,+5.563434e-07,+6.385189e-07,+6.248188e-07,+6.031127e-07,+6.383356e-07,+6.330579e-07,+6.491437e-07,+6.287162e-07,+6.504486e-07,+6.490913e-07,+6.864800e-07,+6.658922e-07,+6.613156e-07,+6.717052e-07,+6.629066e-07,+6.993087e-07,+6.886420e-07,+6.700467e-07,+6.899568e-07,+6.913560e-07,+7.021729e-07,+7.189866e-07,+7.352864e-07,+7.327737e-07,+7.272313e-07,+7.358063e-07,+7.460075e-07,+7.894136e-07,+7.873120e-07,+7.860668e-07,+8.058683e-07,+7.978259e-07,+8.306659e-07,+8.145732e-07,+8.227226e-07,+8.245726e-07,+8.200424e-07,+8.655391e-07,+8.452306e-07,+8.663272e-07,+8.840953e-07,+9.037781e-07,+9.510116e-07,+9.134340e-07,+8.428966e-07,+9.111845e-07,+9.164275e-07,+8.661773e-07,+9.166808e-07,+9.890350e-07,+1.014501e-06,+1.077787e-06,+1.091888e-06,+1.082880e-06,+1.072986e-06,+1.087660e-06,+1.110687e-06,+1.129598e-06,+1.140510e-06,+1.116962e-06,+1.224534e-06,+1.098564e-06,+1.158975e-06,+1.210699e-06,+1.192784e-06,+1.227536e-06,+1.269667e-06,+1.147880e-06,+1.227433e-06,+1.242868e-06,+1.422524e-06,+1.328173e-06,+1.488494e-06,+1.358405e-06,+1.247305e-06,+1.426599e-06,+1.182904e-06,+1.266454e-06,+1.411875e-06
2775-2781,+1.725802e-07,+1.695802e-07,+1.744240e-07,+1.869493e-07,+1.935782e-07,+1.982510e-07,+2.028071e-07,+2.074596e-07,+2.117604e-07,+2.170372e-07,+2.200145e-07,+2.239770e-07,+2.269593e-07,+2.326032e-07,+2.433856e-07,+2.424278e-07,+2.486680e-07,+2.539470e-07,+2.590337e-07,+2.630658e-07,+2.709561e-07,+2.756298e-07,+2.886589e-07,+2.886954e-07,+2.839467e-07,+3.022081e-07,+3.223258e-07,+3.444151e-07,+3.560960e-07,+3.514406e-07,+3.608736e-07,+3.638002e-07,+3.663395e-07,+3.659465e-07,+3.673850e-07,+3.764119e-07,+3.968762e-07,+3.925202e-07,+4.079794e-07,+4.023644e-07,+4.158917e-07,+4.134340e-07,+4.349176e-07,+4.299305e-07,+4.357240e-07,+4.351894e-07,+4.536120e-07,+4.426686e-07,+4.522105e-07,+4.454164e-07,+4.609595e-07,+4.667816e-07,+4.594808e-07,+4.650831e-07,+4.702785e-07,+4.827851e-07,+4.806653e-07,+4.862158e-07,+4.862662e-07,+4.977066e-07,+5.042861e-07,+5.181911e-07,+5.119101e-07,+5.153765e-07,+5.228402e-07,+5.205494e-07,+5.149724e-07,+5.286839e-07,+5.367295e-07,+5.552529e-07,+5.483012e-07,+5.563434e-07,+1.869064e-06,+5.787669e-07,+5.815982e-07,+5.613266e-07,+5.749223e-07,+5.765407e-07,+5.606118e-07,+5.838608e-07,+5.889720e-07,+5.937483e-07,+5.975274e-07,+6.017516e-07,+6.166616e-07,+6.167573e-07,+5.951791e-07,+6.250216e-07,+6.397057e-07,+6.233820e-07,+6.285657e-07,+6.189503e-07,+6.440625e-07,+6.498740e-07,+6.888919e-07,+6.762279e-07,+6.910587e-07,+7.194637e-07,+6.873901e-07,+7.253378e-07,+7.227419e-07,+7.043899e-07,+7.239443e-07,+7.221367e-07,+7.759220e-07,+7.658232e-07,+7.765568e-07,+7.519582e-07,+7.644116e-07,+8.056125e-07,+7.898844e-07,+7.934565e-07,+8.184817e-07,+8.721541e-07,+7.771894e-07,+8.567344e-07,+7.972158e-07,+7.927157e-07,+8.690127e-07,+8.190862e-07,+8.940097e-07,+9.571975e-07,+9.342117e-07,+1.030549e-06,+1.039051e-06,+1.059439e-06,+9.567481e-07,+9.782472e-07,+1.005149e-06,+9.837772e-07,+1.042011e-06,+9.709156e-07,+1.227191e-06,+1.017020e-06,+1.101425e-06,+1.093502e-06,+1.084235e-06,+1.230604e-06,+1.204294e-06,+1.176533e-06,+1.198671e-06,+1.203674e-06,+1.283045e-06,+1.279526e-06,+1.388515e-06,+1.236464e-06,+1.134194e-06,+1.201426e-06,+1.129222e-06,+1.222218e-06,+1.205420e-06
2809-2850,+1.803911e-07,+1.848973e-07,+1.888839e-07,+2.007427e-07,+2.111399e-07,+2.165060e-07,+2.222866e-07,+2.272869e-07,+2.322774e-07,+2.378926e-07,+2.432627e-07,+2.473678e-07,+2.505428e-07,+2.558759e-07,+2.607523e-07,+2.669273e-07,+2.745530e-07,+2.740050e-07,+2.844056e-07,+2.880073e-07,+2.940520e-07,+2.999269e-07,+3.115187e-07,+3.129317e-07,+3.085014e-07,+3.300207e-07,+3.578264e-07,+3.796064e-07,+3.785844e-07,+3.812489e-07,+3.894910e-07,+3.953134e-07,+3.920610e-07,+3.984332e-07,+4.029987e-07,+4.093071e-07,+4.237548e-07,+4.220042e-07,+4.337578e-07,+4.413560e-07,+4.458862e-07,+4.506122e-07,+4.583040e-07,+4.632451e-07,+4.728726e-07,+4.806727e-07,+4.766559e-07,+4.882264e-07,+4.856153e-07,+4.908117e-07,+4.999897e-07,+5.039486e-07,+5.068586e-07,+5.096211e-07,+5.203042e-07,+5.312590e-07,+5.264012e-07,+5.293606e-07,+5.368832e-07,+5.435182e-07,+5.492093e-07,+5.583512e-07,+5.557723e-07,+5.613474e-07,+5.721483e-07,+5.722978e-07,+5.650025e-07,+5.810033e-07,+5.807270e-07,+5.899559e-07,+6.033083e-07,+6.385189e-07,+5.787669e-07,+1.112530e-06,+6.529986e-07,+6.136987e-07,+6.427313e-07,+6.445133e-07,+6.620518e-07,+6.627851e-07,+6.753187e-07,+6.742172e-07,+6.814812e-07,+6.877839e-07,+6.775102e-07,+7.343364e-07,+6.973796e-07,+7.031204e-07,+7.230135e-07,+6.952687e-07,+7.289414e-07,+7.159858e-07,+7.282285e-07,+7.206063e-07,+7.576973e-07,+7.632062e-07,+7.448576e-07,+7.628374e-07,+7.657381e-07,+8.048044e-07,+8.018955e-07,+8.406441e-07,+8.070393e-07,+8.069846e-07,+8.403599e-07,+8.479913e-07,+8.635089e-07,+8.455958e-07,+8.452855e-07,+8.660574e-07,+8.588946e-07,+8.721359e-07,+9.059932e-07,+9.065808e-07,+9.487870e-07,+9.424507e-07,+8.760514e-07,+9.209053e-07,+9.631719e-07,+8.922037e-07,+9.493421e-07,+1.028768e-06,+1.035754e-06,+1.041108e-06,+1.103863e-06,+1.133521e-06,+1.053493e-06,+1.060688e-06,+1.116797e-06,+1.105065e-06,+1.135513e-06,+1.099611e-06,+1.207751e-06,+1.126152e-06,+1.209099e-06,+1.233729e-06,+1.180320e-06,+1.285759e-06,+1.264862e-06,+1.203840e-06,+1.342106e-06,+1.312168e-06,+1.424557e-06,+1.339432e-06,+1.475585e-06,+1.280573e-06,+1.249874e-06,+1.423640e-06,+1.158681e-06,+1.295803e-06,+1.427343e-06
2850-2875,+1.809840e-07,+1.842561e-07,+1.884477e-07,+2.002434e-07,+2.106069e-07,+2.160021e-07,+2.215550e-07,+2.267050e-07,+2.316654e-07,+2.374034e-07,+2.423050e-07,+2.479120e-07,+2.498527e-07,+2.555086e-07,+2.614867e-07,+2.681044e-07,+2.726677e-07,+2.753351e-07,+2.840159e-07,+2.884362e-07,+2.949012e-07,+3.003251e-07,+3.120346e-07,+3.138937e-07,+3.081833e-07,+3.296550e-07,+3.553128e-07,+3.742707e-07,+3.771877e-07,+3.832299e-07,+3.922088e-07,+3.970175e-07,+4.013485e-07,+4.020070e-07,+4.094483e-07,+4.142731e-07,+4.274225e-07,+4.262996e-07,+4.386705e-07,+4.421555e-07,+4.489653e-07,+4.532179e-07,+4.630407e-07,+4.657092e-07,+4.771572e-07,+4.785030e-07,+4.818914e-07,+4.887936e-07,+4.852435e-07,+4.925183e-07,+5.022280e-07,+5.110302e-07,+5.007757e-07,+5.096003e-07,+5.179987e-07,+5.274854e-07,+5.319382e-07,+5.316263e-07,+5.391338e-07,+5.472726e-07,+5.485007e-07,+5.561043e-07,+5.450551e-07,+5.577534e-07,+5.742403e-07,+5.792050e-07,+5.692764e-07,+5.774343e-07,+5.996056e-07,+6.002228e-07,+5.951364e-07,+6.248188e-07,+5.815982e-07,+6.529986e-07,+1.518669e-06,+6.336126e-07,+6.366243e-07,+6.379869e-07,+6.694143e-07,+6.524760e-07,+6.715293e-07,+6.620122e-07,+6.949479e-07,+6.884127e-07,+6.852934e-07,+7.131892e-07,+6.744055e-07,+7.081772e-07,+7.215661e-07,+6.868547e-07,+7.055549e-07,+7.085947e-07,+7.316197e-07,+7.304761e-07,+7.752350e-07,+7.643888e-07,+7.548257e-07,+7.657215e-07,+7.677337e-07,+8.282535e-07,+7.809452e-07,+8.319475e-07,+8.151663e-07,+8.002753e-07,+8.649180e-07,+8.467270e-07,+9.210647e-07,+8.496295e-07,+8.583375e-07,+8.867699e-07,+8.790335e-07,+9.146780e-07,+9.356697e-07,+9.283465e-07,+9.640215e-07,+9.310258e-07,+8.890697e-07,+9.406634e-07,+9.386797e-07,+9.076290e-07,+9.724111e-07,+1.055262e-06,+1.023060e-06,+1.077029e-06,+1.163848e-06,+1.145243e-06,+1.030571e-06,+1.041976e-06,+1.078918e-06,+1.046013e-06,+1.172092e-06,+1.074153e-06,+1.217365e-06,+1.163201e-06,+1.216691e-06,+1.253980e-06,+1.200291e-06,+1.283563e-06,+1.320155e-06,+1.284961e-06,+1.337950e-06,+1.351363e-06,+1.473534e-06,+1.339738e-06,+1.515445e-06,+1.368678e-06,+1.297088e-06,+1.409007e-06,+1.246776e-06,+1.329861e-06,+1.470087e-06
2875-2900,+1.764726e-07,+1.800235e-07,+1.842597e-07,+1.971294e-07,+2.065216e-07,+2.121707e-07,+2.175909e-07,+2.231028e-07,+2.281800e-07,+2.335758e-07,+2.385395e-07,+2.427158e-07,+2.464028e-07,+2.504729e-07,+2.573570e-07,+2.618283e-07,+2.674983e-07,+2.697555e-07,+2.788074e-07,+2.840069e-07,+2.886523e-07,+2.943019e-07,+3.036420e-07,+3.085327e-07,+3.045885e-07,+3.223314e-07,+3.404740e-07,+3.683551e-07,+3.672262e-07,+3.739272e-07,+3.797049e-07,+3.825407e-07,+3.919646e-07,+3.959130e-07,+3.984807e-07,+4.082101e-07,+4.102409e-07,+4.181896e-07,+4.241405e-07,+4.341292e-07,+4.415609e-07,+4.456089e-07,+4.520602e-07,+4.535727e-07,+4.649076e-07,+4.663514e-07,+4.711217e-07,+4.825613e-07,+4.777829e-07,+4.826746e-07,+4.945434e-07,+5.078650e-07,+5.008918e-07,+5.044962e-07,+5.066537e-07,+5.186891e-07,+5.215426e-07,+5.266302e-07,+5.265335e-07,+5.400749e-07,+5.413662e-07,+5.482871e-07,+5.444508e-07,+5.539747e-07,+5.630175e-07,+5.652459e-07,+5.641836e-07,+5.821635e-07,+5.823240e-07,+5.822227e-07,+5.931353e-07,+6.031127e-07,+5.613266e-07,+6.136987e-07,+6.336126e-07,+1.259375e-06,+6.208558e-07,+6.110579e-07,+6.432309e-07,+6.364989e-07,+6.349526e-07,+6.460642e-07,+6.514829e-07,+6.620791e-07,+6.523241e-07,+6.703308e-07,+6.573840e-07,+6.861932e-07,+6.957850e-07,+6.672989e-07,+6.971862e-07,+6.836586e-07,+7.026353e-07,+7.155625e-07,+7.466345e-07,+7.468470e-07,+7.381054e-07,+7.497625e-07,+7.607205e-07,+7.929755e-07,+7.660551e-07,+8.083185e-07,+8.196135e-07,+8.253655e-07,+8.519229e-07,+8.469689e-07,+8.756794e-07,+8.568237e-07,+8.385099e-07,+8.647212e-07,+8.688712e-07,+9.112341e-07,+8.940394e-07,+9.105499e-07,+9.451842e-07,+9.418796e-07,+8.900935e-07,+9.282396e-07,+9.470095e-07,+8.959582e-07,+9.653295e-07,+1.017693e-06,+1.007684e-06,+1.118800e-06,+1.116155e-06,+1.118648e-06,+1.055824e-06,+1.085043e-06,+1.126684e-06,+1.134266e-06,+1.163464e-06,+1.112406e-06,+1.217109e-06,+1.148560e-06,+1.177144e-06,+1.235801e-06,+1.149221e-06,+1.268384e-06,+1.344526e-06,+1.265021e-06,+1.275065e-06,+1.249839e-06,+1.438651e-06,+1.336566e-06,+1.491456e-06,+1.441584e-06,+1.318010e-06,+1.457203e-06,+1.289849e-06,+1.373009e-06,+1.372426e-06
2900-2925,+1.819477e-07,+1.860371e-07,+1.907491e-07,+2.030391e-07,+2.135004e-07,+2.189942e-07,+2.246266e-07,+2.299470e-07,+2.353144e-07,+2.413935e-07,+2.461177e-07,+2.492010e-07,+2.541807e-07,+2.617151e-07,+2.647409e-07,+2.705306e-07,+2.786698e-07,+2.775078e-07,+2.870032e-07,+2.906741e-07,+2.982593e-07,+3.037106e-07,+3.156385e-07,+3.183083e-07,+3.137790e-07,+3.329514e-07,+3.582955e-07,+3.811399e-07,+3.788330e-07,+3.875024e-07,+3.874979e-07,+3.952468e-07,+4.019704e-07,+4.044217e-07,+4.078759e-07,+4.162073e-07,+4.272260e-07,+4.294660e-07,+4.359603e-07,+4.478409e-07,+4.525770e-07,+4.553369e-07,+4.651549e-07,+4.720582e-07,+4.805232e-07,+4.998097e-07,+4.869521e-07,+4.959856e-07,+5.055520e-07,+5.004294e-07,+5.091770e-07,+5.136646e-07,+5.160126e-07,+5.206162e-07,+5.260930e-07,+5.380040e-07,+5.369764e-07,+5.438480e-07,+5.493666e-07,+5.531391e-07,+5.542939e-07,+5.627536e-07,+5.753383e-07,+5.775558e-07,+5.800145e-07,+5.780924e-07,+5.811113e-07,+5.894503e-07,+5.966508e-07,+5.961509e-07,+6.102603e-07,+6.383356e-07,+5.749223e-07,+6.427313e-07,+6.366243e-07,+6.208558e-07,+1.450638e-06,+6.566098e-07,+6.816436e-07,+6.620154e-07,+6.878477e-07,+6.720288e-07,+6.877843e-07,+7.270072e-07,+6.862165e-07,+6.977411e-07,+6.978934e-07,+7.330517e-07,+7.421007e-07,+7.389007e-07,+7.262846e-07,+7.366668e-07,+7.393120e-07,+7.434828e-07,+7.796895e-07,+8.015847e-07,+7.587752e-07,+7.668386e-07,+7.790866e-07,+8.097824e-07,+8.089850e-07,+8.524304e-07,+8.450261e-07,+8.593883e-07,+8.785198e-07,+8.856353e-07,+8.582475e-07,+8.544226e-07,+8.566699e-07,+8.909852e-07,+8.633591e-07,+8.787406e-07,+9.109465e-07,+9.176947e-07,+9.605036e-07,+9.651818e-07,+8.764002e-07,+9.793751e-07,+9.692983e-07,+8.430078e-07,+9.385220e-07,+1.034296e-06,+1.005121e-06,+1.069508e-06,+1.116352e-06,+1.136633e-06,+1.110285e-06,+1.085604e-06,+1.132332e-06,+1.137413e-06,+1.115768e-06,+1.141884e-06,+1.272204e-06,+1.169662e-06,+1.200900e-06,+1.254639e-06,+1.220369e-06,+1.302969e-06,+1.312948e-06,+1.309903e-06,+1.362467e-06,+1.350791e-06,+1.460353e-06,+1.411583e-06,+1.503744e-06,+1.403187e-06,+1.316696e-06,+1.490286e-06,+1.268407e-06,+1.376507e-06,+1.513886e-06
2925-2950,+1.784267e-07,+1.817405e-07,+1.862039e-07,+1.974034e-07,+2.080399e-07,+2.133054e-07,+2.191047e-07,+2.242591e-07,+2.284711e-07,+2.339366e-07,+2.378172e-07,+2.410388e-07,+2.459013e-07,+2.529975e-07,+2.590222e-07,+2.635853e-07,+2.730463e-07,+2.712121e-07,+2.812329e-07,+2.826676e-07,+2.905621e-07,+2.952521e-07,+2.986572e-07,+3.096433e-07,+3.032582e-07,+3.188118e-07,+3.557576e-07,+3.729053e-07,+3.578565e-07,+3.785249e-07,+3.844463e-07,+3.898686e-07,+3.980509e-07,+4.011831e-07,+4.081706e-07,+4.125132e-07,+4.199033e-07,+4.207503e-07,+4.319717e-07,+4.398797e-07,+4.426887e-07,+4.470789e-07,+4.577277e-07,+4.658043e-07,+4.667579e-07,+4.791190e-07,+4.818230e-07,+4.893734e-07,+4.868329e-07,+4.918128e-07,+5.013843e-07,+5.011351e-07,+5.017530e-07,+5.038230e-07,+5.140132e-07,+5.215866e-07,+5.259015e-07,+5.262288e-07,+5.276937e-07,+5.379535e-07,+5.402115e-07,+5.450588e-07,+5.474500e-07,+5.523494e-07,+5.547255e-07,+5.511111e-07,+5.563051e-07,+5.657347e-07,+5.680329e-07,+5.929265e-07,+5.923491e-07,+6.330579e-07,+5.765407e-07,+6.445133e-07,+6.379869e-07,+6.110579e-07,+6.566098e-07,+1.467302e-06,+6.850975e-07,+6.724356e-07,+6.992741e-07,+6.680885e-07,+6.836464e-07,+7.202590e-07,+6.987650e-07,+7.309140e-07,+6.879342e-07,+7.628318e-07,+7.353908e-07,+7.214373e-07,+7.211484e-07,+7.565868e-07,+7.421114e-07,+7.426145e-07,+7.798222e-07,+8.171779e-07,+7.706818e-07,+7.628193e-07,+7.865396e-07,+8.272867e-07,+7.950575e-07,+8.111905e-07,+8.293868e-07,+8.242018e-07,+8.692977e-07,+8.128976e-07,+8.640667e-07,+8.349856e-07,+8.070267e-07,+8.802579e-07,+8.526599e-07,+8.664299e-07,+9.037451e-07,+8.949832e-07,+9.419545e-07,+9.221681e-07,+8.727417e-07,+9.409854e-07,+9.304396e-07,+8.758021e-07,+9.445054e-07,+9.979102e-07,+1.051410e-06,+1.067220e-06,+1.154554e-06,+1.140285e-06,+1.121821e-06,+1.098088e-06,+1.132059e-06,+1.159565e-06,+1.134345e-06,+1.161348e-06,+1.268818e-06,+1.209133e-06,+1.224236e-06,+1.319525e-06,+1.211797e-06,+1.333157e-06,+1.321454e-06,+1.310504e-06,+1.348391e-06,+1.366730e-06,+1.467085e-06,+1.410278e-06,+1.544969e-06,+1.450355e-06,+1.296895e-06,+1.523996e-06,+1.240268e-06,+1.426117e-06,+1.561044e-06
2950-2975,+1.881240e-07,+1.917377e-07,+1.959764e-07,+2.083160e-07,+2.196028e-07,+2.248795e-07,+2.309980e-07,+2.362896e-07,+2.414324e-07,+2.474083e-07,+2.524552e-07,+2.551837e-07,+2.611196e-07,+2.679545e-07,+2.727404e-07,+2.783101e-07,+2.868637e-07,+2.871584e-07,+2.982858e-07,+2.995021e-07,+3.095647e-07,+3.121018e-07,+3.227558e-07,+3.263638e-07,+3.202798e-07,+3.411851e-07,+3.699366e-07,+3.898471e-07,+3.890285e-07,+3.974638e-07,+3.957545e-07,+4.083269e-07,+4.132312e-07,+4.192663e-07,+4.216196e-07,+4.293876e-07,+4.347585e-07,+4.443327e-07,+4.562033e-07,+4.609565e-07,+4.622124e-07,+4.679063e-07,+4.772521e-07,+4.820425e-07,+4.896567e-07,+4.958293e-07,+5.025569e-07,+5.114025e-07,+5.184028e-07,+5.139184e-07,+5.226495e-07,+5.415187e-07,+5.262690e-07,+5.365023e-07,+5.426008e-07,+5.475970e-07,+5.488832e-07,+5.492018e-07,+5.645898e-07,+5.699050e-07,+5.661367e-07,+5.766812e-07,+5.751918e-07,+5.836311e-07,+5.907028e-07,+5.888020e-07,+5.856020e-07,+6.045755e-07,+6.119794e-07,+6.124420e-07,+6.164543e-07,+6.491437e-07,+5.606118e-07,+6.620518e-07,+6.694143e-07,+6.432309e-07,+6.816436e-07,+6.850975e-07,+1.643845e-06,+6.902750e-07,+7.273642e-07,+7.123090e-07,+7.364032e-07,+7.201611e-07,+7.271626e-07,+7.646868e-07,+7.478611e-07,+7.641264e-07,+7.782705e-07,+7.568851e-07,+7.666551e-07,+7.881944e-07,+7.834610e-07,+7.879337e-07,+8.123473e-07,+8.143773e-07,+7.873985e-07,+7.987719e-07,+8.212478e-07,+8.470327e-07,+8.369349e-07,+9.088950e-07,+9.006424e-07,+8.652146e-07,+9.095743e-07,+9.410239e-07,+9.248166e-07,+9.053770e-07,+8.735437e-07,+9.157657e-07,+9.143000e-07,+9.449500e-07,+1.027317e-06,+9.525014e-07,+1.017921e-06,+9.968157e-07,+9.577743e-07,+9.737616e-07,+1.012486e-06,+9.206167e-07,+9.891743e-07,+1.075235e-06,+1.087875e-06,+1.147041e-06,+1.204747e-06,+1.205686e-06,+1.167814e-06,+1.131521e-06,+1.180143e-06,+1.191733e-06,+1.212754e-06,+1.190340e-06,+1.297430e-06,+1.252174e-06,+1.297302e-06,+1.351427e-06,+1.259245e-06,+1.400403e-06,+1.373300e-06,+1.360477e-06,+1.396639e-06,+1.402865e-06,+1.540459e-06,+1.452137e-06,+1.583507e-06,+1.492805e-06,+1.416505e-06,+1.600000e-06,+1.343151e-06,+1.405522e-06,+1.628708e-06
2975-3000,+1.839008e-07,+1.875356e-07,+1.918093e-07,+2.050094e-07,+2.144542e-07,+2.198709e-07,+2.257072e-07,+2.309505e-07,+2.360639e-07,+2.417981e-07,+2.467167e-07,+2.512734e-07,+2.558811e-07,+2.608718e-07,+2.654465e-07,+2.697435e-07,+2.771818e-07,+2.795083e-07,+2.873084e-07,+2.899572e-07,+2.990092e-07,+3.036150e-07,+3.146840e-07,+3.178355e-07,+3.124655e-07,+3.326239e-07,+3.603136e-07,+3.871902e-07,+3.933118e-07,+3.981983e-07,+3.954493e-07,+3.988796e-07,+4.042672e-07,+4.119025e-07,+4.104071e-07,+4.201334e-07,+4.307412e-07,+4.330059e-07,+4.440699e-07,+4.517808e-07,+4.558423e-07,+4.615228e-07,+4.672516e-07,+4.718848e-07,+4.808652e-07,+4.921636e-07,+4.922733e-07,+5.026313e-07,+4.986405e-07,+5.027242e-07,+5.148807e-07,+5.186902e-07,+5.167680e-07,+5.210124e-07,+5.336860e-07,+5.401369e-07,+5.354639e-07,+5.422558e-07,+5.463082e-07,+5.629435e-07,+5.565199e-07,+5.610936e-07,+5.604735e-07,+5.696146e-07,+5.753249e-07,+5.764867e-07,+5.820537e-07,+5.869128e-07,+5.943658e-07,+6.061379e-07,+6.103188e-07,+6.287162e-07,+5.838608e-07,+6.627851e-07,+6.524760e-07,+6.364989e-07,+6.620154e-07,+6.724356e-07,+6.902750e-07,+1.296733e-06,+6.987983e-07,+6.905663e-07,+6.977745e-07,+7.086166e-07,+7.503633e-07,+7.668134e-07,+7.350527e-07,+7.411842e-07,+7.507005e-07,+7.356358e-07,+7.663899e-07,+7.715381e-07,+7.696313e-07,+7.655957e-07,+7.952000e-07,+7.936612e-07,+7.793831e-07,+7.981453e-07,+7.846777e-07,+8.295632e-07,+8.329504e-07,+8.740295e-07,+8.581867e-07,+8.559048e-07,+8.967223e-07,+8.807772e-07,+8.953931e-07,+8.828164e-07,+8.569863e-07,+9.311327e-07,+8.991583e-07,+9.197161e-07,+9.578711e-07,+9.667913e-07,+9.955392e-07,+1.030764e-06,+9.170557e-07,+9.522351e-07,+1.007963e-06,+9.199409e-07,+9.933517e-07,+1.058425e-06,+1.069153e-06,+1.130661e-06,+1.189056e-06,+1.175715e-06,+1.107145e-06,+1.119755e-06,+1.178609e-06,+1.174839e-06,+1.201405e-06,+1.184211e-06,+1.238122e-06,+1.242843e-06,+1.266612e-06,+1.302630e-06,+1.251525e-06,+1.344862e-06,+1.342109e-06,+1.335402e-06,+1.405321e-06,+1.397008e-06,+1.485470e-06,+1.445119e-06,+1.569334e-06,+1.418194e-06,+1.369071e-06,+1.524432e-06,+1.261194e-06,+1.422006e-06,+1.569452e-06
3000-3025,+1.870327e-07,+1.906353e-07,+1.948400e-07,+2.069055e-07,+2.176508e-07,+2.226831e-07,+2.286302e-07,+2.339287e-07,+2.389846e-07,+2.447193e-07,+2.495819e-07,+2.530864e-07,+2.580000e-07,+2.656228e-07,+2.686031e-07,+2.753348e-07,+2.817679e-07,+2.830120e-07,+2.931379e-07,+2.958502e-07,+3.030180e-07,+3.090233e-07,+3.196515e-07,+3.215235e-07,+3.172941e-07,+3.374024e-07,+3.662470e-07,+3.891879e-07,+3.847201e-07,+3.966337e-07,+4.021552e-07,+4.038350e-07,+4.083074e-07,+4.153974e-07,+4.194285e-07,+4.269407e-07,+4.370890e-07,+4.410754e-07,+4.478666e-07,+4.587730e-07,+4.602735e-07,+4.665676e-07,+4.773498e-07,+4.824639e-07,+4.869667e-07,+4.959259e-07,+5.000214e-07,+5.115715e-07,+5.049492e-07,+5.105669e-07,+5.201193e-07,+5.223650e-07,+5.224550e-07,+5.289711e-07,+5.387324e-07,+5.462058e-07,+5.457441e-07,+5.473228e-07,+5.568699e-07,+5.623956e-07,+5.604561e-07,+5.700973e-07,+5.624613e-07,+5.726038e-07,+5.801781e-07,+5.837592e-07,+5.887481e-07,+5.997791e-07,+6.024537e-07,+6.114855e-07,+6.165453e-07,+6.504486e-07,+5.889720e-07,+6.753187e-07,+6.715293e-07,+6.349526e-07,+6.878477e-07,+6.992741e-07,+7.273642e-07,+6.987983e-07,+1.590273e-06,+7.170929e-07,+7.432510e-07,+7.253384e-07,+7.275775e-07,+7.517610e-07,+7.559796e-07,+7.637869e-07,+7.917592e-07,+7.619569e-07,+7.706225e-07,+7.976906e-07,+7.981665e-07,+7.950128e-07,+8.065707e-07,+8.192149e-07,+8.044064e-07,+8.009440e-07,+8.175679e-07,+8.666467e-07,+8.585057e-07,+8.879921e-07,+8.492702e-07,+8.638976e-07,+9.121521e-07,+9.251358e-07,+9.030303e-07,+9.012540e-07,+8.647770e-07,+9.245067e-07,+9.177944e-07,+9.300030e-07,+9.577073e-07,+9.548773e-07,+1.029500e-06,+1.010356e-06,+9.297323e-07,+9.641520e-07,+1.010144e-06,+9.177358e-07,+1.005299e-06,+1.069741e-06,+1.072290e-06,+1.147043e-06,+1.230872e-06,+1.196705e-06,+1.156507e-06,+1.162606e-06,+1.197325e-06,+1.196228e-06,+1.220783e-06,+1.203855e-06,+1.293956e-06,+1.253129e-06,+1.295827e-06,+1.336979e-06,+1.282928e-06,+1.397155e-06,+1.395078e-06,+1.356364e-06,+1.400395e-06,+1.414631e-06,+1.554905e-06,+1.488464e-06,+1.581184e-06,+1.477158e-06,+1.391139e-06,+1.604084e-06,+1.331914e-06,+1.455608e-06,+1.654835e-06
3025-3050,+2.036358e-07,+2.226091e-07,+2.152577e-07,+2.127199e-07,+2.215607e-07,+2.275791e-07,+2.335747e-07,+2.389350e-07,+2.433823e-07,+2.496782e-07,+2.549027e-07,+2.563176e-07,+2.629342e-07,+2.697914e-07,+2.757099e-07,+2.801607e-07,+2.879552e-07,+2.896541e-07,+3.021465e-07,+3.053913e-07,+3.132318e-07,+3.180613e-07,+3.300483e-07,+3.346700e-07,+3.270549e-07,+3.499528e-07,+3.841977e-07,+4.027010e-07,+4.108527e-07,+4.099388e-07,+4.178583e-07,+4.174042e-07,+4.276362e-07,+4.307096e-07,+4.296450e-07,+4.384997e-07,+4.475176e-07,+4.499903e-07,+4.565936e-07,+4.721549e-07,+4.751047e-07,+4.761934e-07,+4.835134e-07,+4.885061e-07,+4.972475e-07,+5.038787e-07,+5.068439e-07,+5.150782e-07,+5.163416e-07,+5.222119e-07,+5.379520e-07,+5.389164e-07,+5.325592e-07,+5.371136e-07,+5.554331e-07,+5.550207e-07,+5.551480e-07,+5.584559e-07,+5.626245e-07,+5.729141e-07,+5.720775e-07,+5.828847e-07,+5.719145e-07,+5.904000e-07,+5.970244e-07,+5.941629e-07,+5.994254e-07,+6.053266e-07,+6.117670e-07,+6.171882e-07,+6.229890e-07,+6.490913e-07,+5.937483e-07,+6.742172e-07,+6.620122e-07,+6.460642e-07,+6.720288e-07,+6.680885e-07,+7.123090e-07,+6.905663e-07,+7.170929e-07,+1.559381e-06,+7.326495e-07,+7.119025e-07,+7.489625e-07,+7.500455e-07,+7.216428e-07,+7.522708e-07,+7.656214e-07,+7.557426e-07,+7.596017e-07,+7.794039e-07,+7.636930e-07,+8.049026e-07,+8.067667e-07,+8.679463e-07,+7.916180e-07,+8.083182e-07,+8.229781e-07,+8.801835e-07,+8.724504e-07,+8.815956e-07,+8.795410e-07,+8.839214e-07,+9.156837e-07,+9.099449e-07,+9.230457e-07,+9.066980e-07,+8.976227e-07,+9.368385e-07,+9.610319e-07,+9.667876e-07,+9.759375e-07,+1.004454e-06,+1.018425e-06,+1.018917e-06,+9.760018e-07,+1.064639e-06,+1.052685e-06,+9.744309e-07,+1.036626e-06,+1.107073e-06,+1.118881e-06,+1.140944e-06,+1.242663e-06,+1.244388e-06,+1.197465e-06,+1.198282e-06,+1.249122e-06,+1.240277e-06,+1.265872e-06,+1.255523e-06,+1.323509e-06,+1.266040e-06,+1.306456e-06,+1.375890e-06,+1.303526e-06,+1.418529e-06,+1.403867e-06,+1.407133e-06,+1.424010e-06,+1.473187e-06,+1.603505e-06,+1.540736e-06,+1.602019e-06,+1.560846e-06,+1.450541e-06,+1.651719e-06,+1.357269e-06,+1.469029e-06,+1.663805e-06
3050-3075,+2.187288e-07,+2.068494e-07,+2.118952e-07,+2.152376e-07,+2.296767e-07,+2.317392e-07,+2.376932e-07,+2.430392e-07,+2.484191e-07,+2.541644e-07,+2.594740e-07,+2.634964e-07,+2.682072e-07,+2.778162e-07,+2.812457e-07,+2.867645e-07,+2.924943e-07,+2.963681e-07,+3.064464e-07,+3.090067e-07,+3.172994e-07,+3.223016e-07,+3.322596e-07,+3.361318e-07,+3.300129e-07,+3.507114e-07,+3.870444e-07,+4.060782e-07,+4.041101e-07,+4.084686e-07,+4.154178e-07,+4.256350e-07,+4.249775e-07,+4.326617e-07,+4.364595e-07,+4.424058e-07,+4.543765e-07,+4.602966e-07,+4.637582e-07,+4.775032e-07,+4.791476e-07,+4.823351e-07,+4.943593e-07,+4.964733e-07,+5.083254e-07,+5.080359e-07,+5.134224e-07,+5.197119e-07,+5.271951e-07,+5.288503e-07,+5.370421e-07,+5.489549e-07,+5.402445e-07,+5.449073e-07,+5.549977e-07,+5.648949e-07,+5.661817e-07,+5.656567e-07,+5.755790e-07,+5.738408e-07,+5.820409e-07,+5.885573e-07,+5.834968e-07,+5.904942e-07,+6.007046e-07,+6.064185e-07,+6.054582e-07,+6.142488e-07,+6.235617e-07,+6.246456e-07,+6.399818e-07,+6.864800e-07,+5.975274e-07,+6.814812e-07,+6.949479e-07,+6.514829e-07,+6.877843e-07,+6.836464e-07,+7.364032e-07,+6.977745e-07,+7.432510e-07,+7.326495e-07,+1.861611e-06,+7.364082e-07,+7.558563e-07,+7.689266e-07,+7.504001e-07,+7.794324e-07,+7.878098e-07,+7.437555e-07,+7.545897e-07,+8.021635e-07,+7.968273e-07,+8.298063e-07,+8.417017e-07,+8.041170e-07,+8.018835e-07,+8.422503e-07,+8.302011e-07,+8.765269e-07,+8.833148e-07,+8.827231e-07,+8.836730e-07,+9.215339e-07,+9.331169e-07,+9.110420e-07,+9.599620e-07,+9.124918e-07,+8.830537e-07,+9.556043e-07,+9.820429e-07,+9.847766e-07,+1.025521e-06,+1.036175e-06,+1.039187e-06,+1.043989e-06,+9.520711e-07,+1.015326e-06,+1.041931e-06,+9.772955e-07,+1.048823e-06,+1.102703e-06,+1.141141e-06,+1.195462e-06,+1.226068e-06,+1.227186e-06,+1.212125e-06,+1.188660e-06,+1.239950e-06,+1.241693e-06,+1.282852e-06,+1.237456e-06,+1.345839e-06,+1.302026e-06,+1.314345e-06,+1.403752e-06,+1.334041e-06,+1.415000e-06,+1.446164e-06,+1.416070e-06,+1.463018e-06,+1.473157e-06,+1.632140e-06,+1.542472e-06,+1.640316e-06,+1.615832e-06,+1.437573e-06,+1.608552e-06,+1.439387e-06,+1.491504e-06,+1.762317e-06
3075-3100,+1.917892e-07,+1.954185e-07,+2.001091e-07,+2.126996e-07,+2.242080e-07,+2.299273e-07,+2.357265e-07,+2.411394e-07,+2.465746e-07,+2.522541e-07,+2.569974e-07,+2.621722e-07,+2.655468e-07,+2.728104e-07,+2.785357e-07,+2.880519e-07,+2.927515e-07,+2.907677e-07,+2.984892e-07,+3.046628e-07,+3.116970e-07,+3.161997e-07,+3.249158e-07,+3.308520e-07,+3.276568e-07,+3.445526e-07,+3.716612e-07,+3.941903e-07,+3.939881e-07,+4.059149e-07,+4.050576e-07,+4.160774e-07,+4.243550e-07,+4.271959e-07,+4.324678e-07,+4.405495e-07,+4.510472e-07,+4.553986e-07,+4.634486e-07,+4.690160e-07,+4.741583e-07,+4.819114e-07,+4.876096e-07,+4.979347e-07,+5.066082e-07,+5.090417e-07,+5.253477e-07,+5.242796e-07,+5.232925e-07,+5.313040e-07,+5.344535e-07,+5.390360e-07,+5.423904e-07,+5.421359e-07,+5.520940e-07,+5.641940e-07,+5.640168e-07,+5.769734e-07,+5.698037e-07,+5.781320e-07,+5.775528e-07,+5.913188e-07,+5.873780e-07,+5.974599e-07,+6.128538e-07,+6.035685e-07,+6.002676e-07,+6.252181e-07,+6.202276e-07,+6.344634e-07,+6.348883e-07,+6.658922e-07,+6.017516e-07,+6.877839e-07,+6.884127e-07,+6.620791e-07,+7.270072e-07,+7.202590e-07,+7.201611e-07,+7.086166e-07,+7.253384e-07,+7.119025e-07,+7.364082e-07,+1.609459e-06,+7.403897e-07,+7.999179e-07,+7.613810e-07,+7.984688e-07,+8.220085e-07,+7.738699e-07,+7.596189e-07,+7.764037e-07,+7.888306e-07,+7.884789e-07,+8.605084e-07,+8.758394e-07,+8.296451e-07,+8.161705e-07,+8.264736e-07,+8.898698e-07,+8.521181e-07,+8.931989e-07,+8.996980e-07,+8.667217e-07,+9.455500e-07,+9.735462e-07,+9.320841e-07,+9.227635e-07,+9.247573e-07,+9.775481e-07,+9.282651e-07,+9.294192e-07,+9.829181e-07,+9.987818e-07,+1.017821e-06,+1.033340e-06,+9.636369e-07,+1.032331e-06,+9.950473e-07,+9.460944e-07,+1.024009e-06,+1.094976e-06,+1.141882e-06,+1.113937e-06,+1.229520e-06,+1.233094e-06,+1.208274e-06,+1.187032e-06,+1.245789e-06,+1.250244e-06,+1.240165e-06,+1.253908e-06,+1.355853e-06,+1.294416e-06,+1.325422e-06,+1.418264e-06,+1.233968e-06,+1.468348e-06,+1.471798e-06,+1.407890e-06,+1.429990e-06,+1.478506e-06,+1.592728e-06,+1.577809e-06,+1.669770e-06,+1.510198e-06,+1.441353e-06,+1.645782e-06,+1.402741e-06,+1.557969e-06,+1.721334e-06
3100-3125,+1.940078e-07,+1.978484e-07,+2.022647e-07,+2.148121e-07,+2.266787e-07,+2.318450e-07,+2.378569e-07,+2.432058e-07,+2.480899e-07,+2.534396e-07,+2.587306e-07,+2.622237e-07,+2.679563e-07,+2.744251e-07,+2.809404e-07,+2.865686e-07,+2.923403e-07,+2.963059e-07,+3.055394e-07,+3.106716e-07,+3.167017e-07,+3.220132e-07,+3.327856e-07,+3.362676e-07,+3.315783e-07,+3.493196e-07,+3.787546e-07,+4.136144e-07,+4.060737e-07,+4.087583e-07,+4.188720e-07,+4.197479e-07,+4.299878e-07,+4.326234e-07,+4.343679e-07,+4.401506e-07,+4.520537e-07,+4.578258e-07,+4.680396e-07,+4.753042e-07,+4.774389e-07,+4.889887e-07,+4.910888e-07,+4.961071e-07,+5.065601e-07,+5.166372e-07,+5.166993e-07,+5.266762e-07,+5.250796e-07,+5.264072e-07,+5.417197e-07,+5.445913e-07,+5.393164e-07,+5.504946e-07,+5.645136e-07,+5.654192e-07,+5.602740e-07,+5.684000e-07,+5.714586e-07,+5.853630e-07,+5.774313e-07,+5.917622e-07,+5.862194e-07,+5.943225e-07,+6.025507e-07,+6.019796e-07,+5.992305e-07,+6.131054e-07,+6.284800e-07,+6.250948e-07,+6.481020e-07,+6.613156e-07,+6.166616e-07,+6.775102e-07,+6.852934e-07,+6.523241e-07,+6.862165e-07,+6.987650e-07,+7.271626e-07,+7.503633e-07,+7.275775e-07,+7.489625e-07,+7.558563e-07,+7.403897e-07,+2.367089e-06,+7.766915e-07,+7.358851e-07,+7.567853e-07,+7.913791e-07,+7.612799e-07,+7.643071e-07,+7.832454e-07,+8.147008e-07,+8.267585e-07,+8.390023e-07,+8.391837e-07,+8.340040e-07,+8.591752e-07,+8.491364e-07,+8.964803e-07,+8.989914e-07,+8.378480e-07,+9.102448e-07,+9.195925e-07,+9.370200e-07,+9.115058e-07,+9.750543e-07,+9.449134e-07,+9.340410e-07,+1.088131e-06,+9.867149e-07,+9.785548e-07,+1.043265e-06,+1.022117e-06,+1.077231e-06,+1.083136e-06,+9.920788e-07,+1.075367e-06,+1.049552e-06,+9.853273e-07,+1.068079e-06,+1.152290e-06,+1.065571e-06,+1.217979e-06,+1.290702e-06,+1.273305e-06,+1.208578e-06,+1.230975e-06,+1.271152e-06,+1.286130e-06,+1.298640e-06,+1.319811e-06,+1.428877e-06,+1.339902e-06,+1.381563e-06,+1.450017e-06,+1.367234e-06,+1.478807e-06,+1.594149e-06,+1.475678e-06,+1.478532e-06,+1.527931e-06,+1.654763e-06,+1.601352e-06,+1.688033e-06,+1.609281e-06,+1.495710e-06,+1.751094e-06,+1.407638e-06,+1.559741e-06,+1.814505e-06
3125-3175,+1.956391e-07,+1.997838e-07,+2.044472e-07,+2.169550e-07,+2.283912e-07,+2.342173e-07,+2.405785e-07,+2.463590e-07,+2.518478e-07,+2.578296e-07,+2.629710e-07,+2.673334e-07,+2.718792e-07,+2.785601e-07,+2.859338e-07,+2.945175e-07,+2.986795e-07,+2.988072e-07,+3.081711e-07,+3.114944e-07,+3.189841e-07,+3.226738e-07,+3.333723e-07,+3.381380e-07,+3.343372e-07,+3.521647e-07,+3.835691e-07,+4.105351e-07,+4.064257e-07,+4.135886e-07,+4.180534e-07,+4.258337e-07,+4.291677e-07,+4.326401e-07,+4.350002e-07,+4.430902e-07,+4.511179e-07,+4.559816e-07,+4.691675e-07,+4.778408e-07,+4.789952e-07,+4.883900e-07,+4.919149e-07,+5.023047e-07,+5.107497e-07,+5.131629e-07,+5.283366e-07,+5.331355e-07,+5.267668e-07,+5.348692e-07,+5.460090e-07,+5.499776e-07,+5.470433e-07,+5.549953e-07,+5.654003e-07,+5.722698e-07,+5.712476e-07,+5.761283e-07,+5.838354e-07,+5.909182e-07,+5.873994e-07,+5.979675e-07,+5.960481e-07,+6.077072e-07,+6.183464e-07,+6.162560e-07,+6.140231e-07,+6.322505e-07,+6.372502e-07,+6.544138e-07,+6.496026e-07,+6.717052e-07,+6.167573e-07,+7.343364e-07,+7.131892e-07,+6.703308e-07,+6.977411e-07,+7.309140e-07,+7.646868e-07,+7.668134e-07,+7.517610e-07,+7.500455e-07,+7.689266e-07,+7.999179e-07,+7.766915e-07,+2.045891e-06,+7.870145e-07,+8.380084e-07,+8.229095e-07,+7.952866e-07,+8.191349e-07,+8.425945e-07,+8.120137e-07,+8.249158e-07,+8.657385e-07,+8.798458e-07,+8.488465e-07,+8.456722e-07,+8.481387e-07,+9.195323e-07,+8.774291e-07,+9.407824e-07,+9.265431e-07,+9.066714e-07,+9.282648e-07,+9.652720e-07,+1.028916e-06,+9.665014e-07,+9.356425e-07,+9.703929e-07,+9.761272e-07,+9.999081e-07,+1.080577e-06,+1.022060e-06,+1.063058e-06,+1.076836e-06,+9.972461e-07,+1.043059e-06,+1.071108e-06,+9.985626e-07,+1.060178e-06,+1.120247e-06,+1.168306e-06,+1.159272e-06,+1.298301e-06,+1.270540e-06,+1.230786e-06,+1.202185e-06,+1.287258e-06,+1.279801e-06,+1.315492e-06,+1.255619e-06,+1.388511e-06,+1.352491e-06,+1.399033e-06,+1.470941e-06,+1.376069e-06,+1.507707e-06,+1.513462e-06,+1.483493e-06,+1.508266e-06,+1.539312e-06,+1.654011e-06,+1.633798e-06,+1.692660e-06,+1.532982e-06,+1.533963e-06,+1.717594e-06,+1.472509e-06,+1.581002e-06,+1.795713e-06
3175-3211,+1.914899e-07,+1.951443e-07,+1.998974e-07,+2.131474e-07,+2.241186e-07,+2.298284e-07,+2.357023e-07,+2.414128e-07,+2.464434e-07,+2.525704e-07,+2.573088e-07,+2.612682e-07,+2.688667e-07,+2.722834e-07,+2.774143e-07,+2.841836e-07,+2.902259e-07,+2.917547e-07,+3.038948e-07,+3.066920e-07,+3.136438e-07,+3.180379e-07,+3.273637e-07,+3.324220e-07,+3.288573e-07,+3.473728e-07,+3.759677e-07,+4.053184e-07,+3.951344e-07,+4.143967e-07,+4.114686e-07,+4.158983e-07,+4.221799e-07,+4.261176e-07,+4.280052e-07,+4.356405e-07,+4.452188e-07,+4.526103e-07,+4.604153e-07,+4.685687e-07,+4.700300e-07,+4.766568e-07,+4.891363e-07,+4.902002e-07,+5.002806e-07,+5.027744e-07,+5.176098e-07,+5.191404e-07,+5.172858e-07,+5.206782e-07,+5.353375e-07,+5.378105e-07,+5.488493e-07,+5.411019e-07,+5.575896e-07,+5.609054e-07,+5.632121e-07,+5.626583e-07,+5.685659e-07,+5.975695e-07,+5.879644e-07,+5.914219e-07,+5.862318e-07,+5.974577e-07,+6.081278e-07,+6.018305e-07,+6.040530e-07,+6.176405e-07,+6.312461e-07,+6.293061e-07,+6.329720e-07,+6.629066e-07,+5.951791e-07,+6.973796e-07,+6.744055e-07,+6.573840e-07,+6.978934e-07,+6.879342e-07,+7.478611e-07,+7.350527e-07,+7.559796e-07,+7.216428e-07,+7.504001e-07,+7.613810e-07,+7.358851e-07,+7.870145e-07,+2.385752e-06,+7.700958e-07,+8.596942e-07,+8.447725e-07,+8.454372e-07,+8.441724e-07,+8.253906e-07,+8.498136e-07,+8.578666e-07,+8.868485e-07,+8.206010e-07,+8.071451e-07,+8.458704e-07,+8.663656e-07,+8.668445e-07,+9.312303e-07,+9.259655e-07,+8.980325e-07,+9.671233e-07,+9.606826e-07,+9.044802e-07,+9.526565e-07,+9.188561e-07,+9.784813e-07,+9.400330e-07,+1.002808e-06,+9.869407e-07,+9.907814e-07,+1.041654e-06,+1.038143e-06,+1.017848e-06,+9.952159e-07,+1.015488e-06,+9.723530e-07,+1.056874e-06,+1.108303e-06,+1.155713e-06,+1.201878e-06,+1.267906e-06,+1.217961e-06,+1.212036e-06,+1.209795e-06,+1.281706e-06,+1.269811e-06,+1.314440e-06,+1.237202e-06,+1.365686e-06,+1.334096e-06,+1.401957e-06,+1.442828e-06,+1.376647e-06,+1.446205e-06,+1.523107e-06,+1.420489e-06,+1.492987e-06,+1.533132e-06,+1.625051e-06,+1.552258e-06,+1.629635e-06,+1.583791e-06,+1.510161e-06,+1.671335e-06,+1.423152e-06,+1.549046e-06,+1.681376e-06
3256-3275,+1.978314e-07,+2.016853e-07,+2.067113e-07,+2.199403e-07,+2.314121e-07,+2.374490e-07,+2.438004e-07,+2.499645e-07,+2.552141e-07,+2.612399e-07,+2.662737e-07,+2.697368e-07,+2.751639e-07,+2.833522e-07,+2.890006e-07,+2.975589e-07,+3.057108e-07,+3.031643e-07,+3.120121e-07,+3.155583e-07,+3.245626e-07,+3.283381e-07,+3.378034e-07,+3.417621e-07,+3.382852e-07,+3.576418e-07,+3.906109e-07,+4.087719e-07,+4.065505e-07,+4.142510e-07,+4.196901e-07,+4.278083e-07,+4.374605e-07,+4.355725e-07,+4.387189e-07,+4.509195e-07,+4.544293e-07,+4.662310e-07,+4.753345e-07,+4.894854e-07,+4.868525e-07,+4.923613e-07,+5.012340e-07,+5.085722e-07,+5.183510e-07,+5.256622e-07,+5.296476e-07,+5.408417e-07,+5.355784e-07,+5.451862e-07,+5.539565e-07,+5.725877e-07,+5.682588e-07,+5.634644e-07,+5.751961e-07,+5.796589e-07,+5.815806e-07,+5.991325e-07,+5.934739e-07,+6.003195e-07,+6.004303e-07,+6.078795e-07,+6.055091e-07,+6.073023e-07,+6.221988e-07,+6.239126e-07,+6.338841e-07,+6.333302e-07,+6.475133e-07,+6.525152e-07,+6.583959e-07,+6.993087e-07,+6.250216e-07,+7.031204e-07,+7.081772e-07,+6.861932e-07,+7.330517e-07,+7.628318e-07,+7.641264e-07,+7.411842e-07,+7.637869e-07,+7.522708e-07,+7.794324e-07,+7.984688e-07,+7.567853e-07,+8.380084e-07,+7.700958e-07,+2.342048e-06,+8.326341e-07,+8.230650e-07,+8.257928e-07,+8.711736e-07,+8.435963e-07,+8.377889e-07,+9.079823e-07,+9.186834e-07,+8.526089e-07,+8.679931e-07,+8.997711e-07,+9.159825e-07,+9.002942e-07,+9.608831e-07,+9.449684e-07,+9.378429e-07,+9.583446e-07,+9.569734e-07,+1.007652e-06,+9.524200e-07,+9.184921e-07,+9.998291e-07,+9.870349e-07,+9.923668e-07,+1.021895e-06,+1.051289e-06,+1.052528e-06,+1.080876e-06,+9.924861e-07,+1.082956e-06,+1.040238e-06,+9.897071e-07,+1.109453e-06,+1.138117e-06,+1.210129e-06,+1.244548e-06,+1.322168e-06,+1.317874e-06,+1.279371e-06,+1.295038e-06,+1.210114e-06,+1.329600e-06,+1.321013e-06,+1.368341e-06,+1.447806e-06,+1.387788e-06,+1.415563e-06,+1.534395e-06,+1.437072e-06,+1.564426e-06,+1.523221e-06,+1.543622e-06,+1.560041e-06,+1.601939e-06,+1.715689e-06,+1.697437e-06,+1.693417e-06,+1.754430e-06,+1.610810e-06,+1.709828e-06,+1.584922e-06,+1.730665e-06,+1.987439e-06
3275-3325,+2.020574e-07,+2.059713e-07,+2.110626e-07,+2.249039e-07,+2.366580e-07,+2.425387e-07,+2.489034e-07,+2.550462e-07,+2.605017e-07,+2.666524e-07,+2.715436e-07,+2.751527e-07,+2.813139e-07,+2.879416e-07,+2.953951e-07,+3.040386e-07,+3.105579e-07,+3.083228e-07,+3.192029e-07,+3.229304e-07,+3.303393e-07,+3.351729e-07,+3.441790e-07,+3.469471e-07,+3.481645e-07,+3.613732e-07,+3.988184e-07,+4.144592e-07,+4.152952e-07,+4.361103e-07,+4.275568e-07,+4.363677e-07,+4.437401e-07,+4.465675e-07,+4.506381e-07,+4.563254e-07,+4.651017e-07,+4.746159e-07,+4.815479e-07,+4.953527e-07,+4.938424e-07,+5.039139e-07,+5.121946e-07,+5.159766e-07,+5.312979e-07,+5.331145e-07,+5.465231e-07,+5.544968e-07,+5.474886e-07,+5.519551e-07,+5.613274e-07,+5.796132e-07,+5.671810e-07,+5.758083e-07,+5.823823e-07,+5.923875e-07,+5.888583e-07,+6.110293e-07,+6.008138e-07,+6.080012e-07,+6.087740e-07,+6.244918e-07,+6.152884e-07,+6.281986e-07,+6.398277e-07,+6.347425e-07,+6.450171e-07,+6.468148e-07,+6.549654e-07,+6.609321e-07,+6.709608e-07,+6.886420e-07,+6.397057e-07,+7.230135e-07,+7.215661e-07,+6.957850e-07,+7.421007e-07,+7.353908e-07,+7.782705e-07,+7.507005e-07,+7.917592e-07,+7.656214e-07,+7.878098e-07,+8.220085e-07,+7.913791e-07,+8.229095e-07,+8.596942e-07,+8.326341e-07,+1.864688e-06,+8.450010e-07,+8.503429e-07,+8.619471e-07,+8.622834e-07,+8.836391e-07,+9.310122e-07,+9.471954e-07,+8.938656e-07,+8.565550e-07,+9.067812e-07,+9.561859e-07,+9.147619e-07,+9.931107e-07,+9.510267e-07,+9.627285e-07,+9.972666e-07,+1.006772e-06,+1.001943e-06,+9.895414e-07,+9.743478e-07,+1.010949e-06,+9.937807e-07,+1.020852e-06,+1.041296e-06,+1.027116e-06,+1.112661e-06,+1.134292e-06,+1.068636e-06,+1.081230e-06,+1.085542e-06,+1.019837e-06,+1.136810e-06,+1.220583e-06,+1.242769e-06,+1.305485e-06,+1.370657e-06,+1.318413e-06,+1.340439e-06,+1.390719e-06,+1.374104e-06,+1.374016e-06,+1.358717e-06,+1.422894e-06,+1.493148e-06,+1.440540e-06,+1.469322e-06,+1.595774e-06,+1.414294e-06,+1.588991e-06,+1.584798e-06,+1.620305e-06,+1.621659e-06,+1.658354e-06,+1.754988e-06,+1.714827e-06,+1.838711e-06,+1.721484e-06,+1.657785e-06,+1.836102e-06,+1.591833e-06,+1.771592e-06,+1.930202e-06
3325-3350,+1.960825e-07,+2.006107e-07,+2.055956e-07,+2.189083e-07,+2.303886e-07,+2.363313e-07,+2.424320e-07,+2.484971e-07,+2.537623e-07,+2.599377e-07,+2.652519e-07,+2.683041e-07,+2.748276e-07,+2.827392e-07,+2.871580e-07,+2.960860e-07,+3.026109e-07,+3.022713e-07,+3.109958e-07,+3.152986e-07,+3.226843e-07,+3.249311e-07,+3.362327e-07,+3.400584e-07,+3.395680e-07,+3.540933e-07,+3.848503e-07,+4.051246e-07,+4.064428e-07,+4.148928e-07,+4.154648e-07,+4.256551e-07,+4.329645e-07,+4.340391e-07,+4.384030e-07,+4.466314e-07,+4.542652e-07,+4.647619e-07,+4.689851e-07,+4.838201e-07,+4.815670e-07,+4.864081e-07,+4.991837e-07,+5.026945e-07,+5.121898e-07,+5.162599e-07,+5.303456e-07,+5.391069e-07,+5.324096e-07,+5.359722e-07,+5.464142e-07,+5.518696e-07,+5.557999e-07,+5.614891e-07,+5.678230e-07,+5.755440e-07,+5.754140e-07,+5.811547e-07,+5.906872e-07,+5.960004e-07,+5.961108e-07,+6.061928e-07,+6.057795e-07,+6.187845e-07,+6.232427e-07,+6.214591e-07,+6.303161e-07,+6.282562e-07,+6.393071e-07,+6.515528e-07,+6.480764e-07,+6.700467e-07,+6.233820e-07,+6.952687e-07,+6.868547e-07,+6.672989e-07,+7.389007e-07,+7.214373e-07,+7.568851e-07,+7.356358e-07,+7.619569e-07,+7.557426e-07,+7.437555e-07,+7.738699e-07,+7.612799e-07,+7.952866e-07,+8.447725e-07,+8.230650e-07,+8.450010e-07,+1.863692e-06,+8.180730e-07,+8.626874e-07,+8.662754e-07,+8.508835e-07,+8.673151e-07,+9.108270e-07,+8.844824e-07,+8.578757e-07,+8.822305e-07,+9.129315e-07,+9.240435e-07,+9.881825e-07,+9.771456e-07,+9.390762e-07,+9.622608e-07,+1.026332e-06,+1.000603e-06,+9.999142e-07,+9.483079e-07,+9.894663e-07,+9.870839e-07,+1.015896e-06,+1.040228e-06,+1.032800e-06,+1.060085e-06,+1.060674e-06,+1.029676e-06,+1.071764e-06,+1.110560e-06,+9.857255e-07,+1.116215e-06,+1.188324e-06,+1.165464e-06,+1.200321e-06,+1.324616e-06,+1.362067e-06,+1.282243e-06,+1.323031e-06,+1.318754e-06,+1.342222e-06,+1.307985e-06,+1.380203e-06,+1.438935e-06,+1.426260e-06,+1.434640e-06,+1.543761e-06,+1.466040e-06,+1.590838e-06,+1.518022e-06,+1.541476e-06,+1.551347e-06,+1.602111e-06,+1.721004e-06,+1.675008e-06,+1.755886e-06,+1.611635e-06,+1.634193e-06,+1.817842e-06,+1.552350e-06,+1.664203e-06,+1.939886e-06
3350-3375,+2.015486e-07,+2.059746e-07,+2.113376e-07,+2.259913e-07,+2.372322e-07,+2.433742e-07,+2.500123e-07,+2.563182e-07,+2.620235e-07,+2.687752e-07,+2.744123e-07,+2.773959e-07,+2.848494e-07,+2.910595e-07,+2.968222e-07,+3.023255e-07,+3.091520e-07,+3.111383e-07,+3.216307e-07,+3.242650e-07,+3.316908e-07,+3.358181e-07,+3.466919e-07,+3.498077e-07,+3.520984e-07,+3.661497e-07,+3.915362e-07,+4.125698e-07,+4.120546e-07,+4.266193e-07,+4.270902e-07,+4.418069e-07,+4.412821e-07,+4.468733e-07,+4.517781e-07,+4.593059e-07,+4.657784e-07,+4.740540e-07,+4.832785e-07,+4.945253e-07,+4.949833e-07,+4.990359e-07,+5.137161e-07,+5.138215e-07,+5.245044e-07,+5.297620e-07,+5.430774e-07,+5.463236e-07,+5.478932e-07,+5.468455e-07,+5.589265e-07,+5.583831e-07,+5.749464e-07,+5.719771e-07,+5.777243e-07,+5.875517e-07,+5.884603e-07,+5.946881e-07,+6.015673e-07,+6.257996e-07,+6.184571e-07,+6.214545e-07,+6.164322e-07,+6.395810e-07,+6.385494e-07,+6.431997e-07,+6.400528e-07,+6.542852e-07,+6.637126e-07,+6.750456e-07,+6.750658e-07,+6.899568e-07,+6.285657e-07,+7.289414e-07,+7.055549e-07,+6.971862e-07,+7.262846e-07,+7.211484e-07,+7.666551e-07,+7.663899e-07,+7.706225e-07,+7.596017e-07,+7.545897e-07,+7.596189e-07,+7.643071e-07,+8.191349e-07,+8.454372e-07,+8.257928e-07,+8.503429e-07,+8.180730e-07,+1.798174e-06,+8.446330e-07,+8.119475e-07,+8.581628e-07,+8.799441e-07,+9.269725e-07,+8.640152e-07,+8.877748e-07,+8.951496e-07,+9.431146e-07,+8.939992e-07,+9.876603e-07,+9.636303e-07,+9.715595e-07,+9.742401e-07,+9.797646e-07,+9.815728e-07,+1.012140e-06,+9.554955e-07,+1.017941e-06,+1.024663e-06,+1.047306e-06,+1.079520e-06,+1.066535e-06,+1.173358e-06,+1.137363e-06,+1.087883e-06,+1.086435e-06,+1.134396e-06,+1.067983e-06,+1.171015e-06,+1.227336e-06,+1.254357e-06,+1.355775e-06,+1.426345e-06,+1.346451e-06,+1.327158e-06,+1.359234e-06,+1.382132e-06,+1.398411e-06,+1.522498e-06,+1.442866e-06,+1.467508e-06,+1.470858e-06,+1.464906e-06,+1.614455e-06,+1.514455e-06,+1.588760e-06,+1.651404e-06,+1.593945e-06,+1.702264e-06,+1.709391e-06,+1.816571e-06,+1.772295e-06,+1.803703e-06,+1.806186e-06,+1.767255e-06,+1.886501e-06,+1.627922e-06,+1.799764e-06,+2.069034e-06
3375-3400,+2.004349e-07,+2.046148e-07,+2.093900e-07,+2.224322e-07,+2.346284e-07,+2.401317e-07,+2.465747e-07,+2.523551e-07,+2.578769e-07,+2.647631e-07,+2.705668e-07,+2.741590e-07,+2.807176e-07,+2.886539e-07,+2.909032e-07,+2.995528e-07,+3.042943e-07,+3.070207e-07,+3.157482e-07,+3.203217e-07,+3.271186e-07,+3.308740e-07,+3.379787e-07,+3.454246e-07,+3.446177e-07,+3.610783e-07,+3.933156e-07,+4.143948e-07,+4.097340e-07,+4.260738e-07,+4.279917e-07,+4.363962e-07,+4.424893e-07,+4.428146e-07,+4.453020e-07,+4.540700e-07,+4.629831e-07,+4.680352e-07,+4.759517e-07,+4.863598e-07,+4.922128e-07,+4.936656e-07,+5.025139e-07,+5.063819e-07,+5.188053e-07,+5.236240e-07,+5.276450e-07,+5.347468e-07,+5.352578e-07,+5.429981e-07,+5.557574e-07,+5.674502e-07,+5.607608e-07,+5.657199e-07,+5.703886e-07,+5.842927e-07,+5.848391e-07,+5.870905e-07,+5.995519e-07,+6.040502e-07,+6.071138e-07,+6.096916e-07,+6.150346e-07,+6.204475e-07,+6.419649e-07,+6.394921e-07,+6.392032e-07,+6.407722e-07,+6.521164e-07,+6.715586e-07,+6.568215e-07,+6.913560e-07,+6.189503e-07,+7.159858e-07,+7.085947e-07,+6.836586e-07,+7.366668e-07,+7.565868e-07,+7.881944e-07,+7.715381e-07,+7.976906e-07,+7.794039e-07,+8.021635e-07,+7.764037e-07,+7.832454e-07,+8.425945e-07,+8.441724e-07,+8.711736e-07,+8.619471e-07,+8.626874e-07,+8.446330e-07,+2.530823e-06,+8.317376e-07,+9.058490e-07,+8.781820e-07,+9.159951e-07,+8.950654e-07,+8.708750e-07,+8.929398e-07,+9.040550e-07,+9.160793e-07,+9.818229e-07,+9.780087e-07,+9.928710e-07,+9.889673e-07,+9.979490e-07,+1.027187e-06,+9.899279e-07,+9.308296e-07,+1.033317e-06,+1.007931e-06,+1.016242e-06,+1.064018e-06,+1.084431e-06,+1.080829e-06,+1.139900e-06,+1.010171e-06,+1.118863e-06,+1.110656e-06,+1.038930e-06,+1.141961e-06,+1.203729e-06,+1.220123e-06,+1.253133e-06,+1.350515e-06,+1.322225e-06,+1.287320e-06,+1.308717e-06,+1.365642e-06,+1.342038e-06,+1.407675e-06,+1.366132e-06,+1.490556e-06,+1.431412e-06,+1.443214e-06,+1.569693e-06,+1.463824e-06,+1.540881e-06,+1.579101e-06,+1.625529e-06,+1.632238e-06,+1.693402e-06,+1.756029e-06,+1.712395e-06,+1.834900e-06,+1.769502e-06,+1.650643e-06,+1.749321e-06,+1.615439e-06,+1.724127e-06,+2.019182e-06
3400-3425,+2.043495e-07,+2.085047e-07,+2.137477e-07,+2.289677e-07,+2.413709e-07,+2.476218e-07,+2.539947e-07,+2.601738e-07,+2.649241e-07,+2.712843e-07,+2.765477e-07,+2.806149e-07,+2.871966e-07,+2.968302e-07,+2.996119e-07,+3.082070e-07,+3.148628e-07,+3.208114e-07,+3.286667e-07,+3.346353e-07,+3.396997e-07,+3.427192e-07,+3.525610e-07,+3.561023e-07,+3.548188e-07,+3.721537e-07,+4.021676e-07,+4.211563e-07,+4.253273e-07,+4.348444e-07,+4.316045e-07,+4.466356e-07,+4.479843e-07,+4.567844e-07,+4.629243e-07,+4.670216e-07,+4.759490e-07,+4.823267e-07,+4.894597e-07,+5.046050e-07,+5.056179e-07,+5.118188e-07,+5.169140e-07,+5.284580e-07,+5.369647e-07,+5.531158e-07,+5.506871e-07,+5.620617e-07,+5.554659e-07,+5.617269e-07,+5.734818e-07,+5.805731e-07,+5.864419e-07,+5.802027e-07,+5.937870e-07,+6.017834e-07,+6.028958e-07,+6.062285e-07,+6.097030e-07,+6.205680e-07,+6.237311e-07,+6.291266e-07,+6.194649e-07,+6.394523e-07,+6.432158e-07,+6.480789e-07,+6.547353e-07,+6.509608e-07,+6.593410e-07,+6.759901e-07,+6.828324e-07,+7.021729e-07,+6.440625e-07,+7.282285e-07,+7.316197e-07,+7.026353e-07,+7.393120e-07,+7.421114e-07,+7.834610e-07,+7.696313e-07,+7.981665e-07,+7.636930e-07,+7.968273e-07,+7.888306e-07,+8.147008e-07,+8.120137e-07,+8.253906e-07,+8.435963e-07,+8.622834e-07,+8.662754e-07,+8.119475e-07,+8.317376e-07,+2.555098e-06,+9.051819e-07,+9.063107e-07,+8.856011e-07,+9.123379e-07,+9.162890e-07,+9.293147e-07,+9.662635e-07,+1.019200e-06,+1.046792e-06,+1.011046e-06,+1.032676e-06,+1.071328e-06,+1.057790e-06,+1.081471e-06,+1.085845e-06,+1.073504e-06,+1.059032e-06,+1.076218e-06,+1.124421e-06,+1.133927e-06,+1.096363e-06,+1.103536e-06,+1.176316e-06,+1.077811e-06,+1.124413e-06,+1.209565e-06,+1.048640e-06,+1.195327e-06,+1.294290e-06,+1.270387e-06,+1.352553e-06,+1.442538e-06,+1.454821e-06,+1.420537e-06,+1.375880e-06,+1.406131e-06,+1.439100e-06,+1.413586e-06,+1.384564e-06,+1.571097e-06,+1.514046e-06,+1.522227e-06,+1.672067e-06,+1.532894e-06,+1.739322e-06,+1.609448e-06,+1.690233e-06,+1.655130e-06,+1.758237e-06,+1.799377e-06,+1.750714e-06,+1.881856e-06,+1.722084e-06,+1.724058e-06,+2.006553e-06,+1.674225e-06,+1.821333e-06,+2.027276e-06
3425-3475,+2.099945e-07,+2.138453e-07,+2.192915e-07,+2.342732e-07,+2.466339e-07,+2.528432e-07,+2.592991e-07,+2.658420e-07,+2.712831e-07,+2.774953e-07,+2.826640e-07,+2.860242e-07,+2.926479e-07,+3.011651e-07,+3.041710e-07,+3.077391e-07,+3.163441e-07,+3.223805e-07,+3.343791e-07,+3.384690e-07,+3.466885e-07,+3.521837e-07,+3.633845e-07,+3.653520e-07,+3.690897e-07,+3.849450e-07,+4.139620e-07,+4.386785e-07,+4.369409e-07,+4.482530e-07,+4.528537e-07,+4.559347e-07,+4.620840e-07,+4.696057e-07,+4.715883e-07,+4.813695e-07,+4.900964e-07,+4.934957e-07,+5.021766e-07,+5.151534e-07,+5.193969e-07,+5.208881e-07,+5.302702e-07,+5.366456e-07,+5.424616e-07,+5.562413e-07,+5.548824e-07,+5.643029e-07,+5.655732e-07,+5.683980e-07,+5.850978e-07,+5.977687e-07,+5.848136e-07,+5.931609e-07,+6.033991e-07,+6.126564e-07,+6.090041e-07,+6.149398e-07,+6.160073e-07,+6.378409e-07,+6.278952e-07,+6.388474e-07,+6.261233e-07,+6.464414e-07,+6.584839e-07,+6.496059e-07,+6.494373e-07,+6.588139e-07,+6.745283e-07,+6.727387e-07,+6.763641e-07,+7.189866e-07,+6.498740e-07,+7.206063e-07,+7.304761e-07,+7.155625e-07,+7.434828e-07,+7.426145e-07,+7.879337e-07,+7.655957e-07,+7.950128e-07,+8.049026e-07,+8.298063e-07,+7.884789e-07,+8.267585e-07,+8.249158e-07,+8.498136e-07,+8.377889e-07,+8.836391e-07,+8.508835e-07,+8.581628e-07,+9.058490e-07,+9.051819e-07,+2.976327e-06,+9.170486e-07,+9.231400e-07,+9.251801e-07,+9.197585e-07,+9.634587e-07,+9.925972e-07,+9.787966e-07,+1.024083e-06,+9.962261e-07,+9.516518e-07,+1.017319e-06,+9.977634e-07,+1.044793e-06,+1.033207e-06,+1.007774e-06,+1.084905e-06,+1.140608e-06,+1.140179e-06,+1.099859e-06,+1.089110e-06,+1.160972e-06,+1.217859e-06,+1.046915e-06,+1.096304e-06,+1.179449e-06,+1.104886e-06,+1.209866e-06,+1.265054e-06,+1.324942e-06,+1.428387e-06,+1.505959e-06,+1.385948e-06,+1.418030e-06,+1.460520e-06,+1.643055e-06,+1.641856e-06,+1.591307e-06,+1.599120e-06,+1.617923e-06,+1.645733e-06,+1.599479e-06,+1.675752e-06,+1.619613e-06,+1.604299e-06,+1.716112e-06,+1.752394e-06,+1.700534e-06,+1.757184e-06,+1.988043e-06,+1.974180e-06,+1.969523e-06,+1.923184e-06,+2.087182e-06,+2.061915e-06,+1.746206e-06,+1.733315e-06,+2.102966e-06
3475-3525,+2.135715e-07,+2.167921e-07,+2.223776e-07,+2.368686e-07,+2.497126e-07,+2.560749e-07,+2.629117e-07,+2.695412e-07,+2.756402e-07,+2.820971e-07,+2.878825e-07,+2.929411e-07,+3.003407e-07,+3.083009e-07,+3.164516e-07,+3.234874e-07,+3.292000e-07,+3.300209e-07,+3.369243e-07,+3.429469e-07,+3.486656e-07,+3.523100e-07,+3.588793e-07,+3.635330e-07,+3.656247e-07,+3.795417e-07,+4.121567e-07,+4.407916e-07,+4.323913e-07,+4.445121e-07,+4.433899e-07,+4.538371e-07,+4.650209e-07,+4.647739e-07,+4.772136e-07,+4.814003e-07,+4.852713e-07,+4.951533e-07,+5.045712e-07,+5.187846e-07,+5.164507e-07,+5.273471e-07,+5.363792e-07,+5.417693e-07,+5.519214e-07,+5.642363e-07,+5.708557e-07,+5.748166e-07,+5.756269e-07,+5.750420e-07,+5.950841e-07,+6.091314e-07,+5.948137e-07,+6.059105e-07,+6.182429e-07,+6.278102e-07,+6.285518e-07,+6.255936e-07,+6.401991e-07,+6.517883e-07,+6.413939e-07,+6.600644e-07,+6.514105e-07,+6.627239e-07,+6.763458e-07,+6.795972e-07,+6.893713e-07,+6.835300e-07,+7.013584e-07,+6.907503e-07,+7.120631e-07,+7.352864e-07,+6.888919e-07,+7.576973e-07,+7.752350e-07,+7.466345e-07,+7.796895e-07,+7.798222e-07,+8.123473e-07,+7.952000e-07,+8.065707e-07,+8.067667e-07,+8.417017e-07,+8.605084e-07,+8.390023e-07,+8.657385e-07,+8.578666e-07,+9.079823e-07,+9.310122e-07,+8.673151e-07,+8.799441e-07,+8.781820e-07,+9.063107e-07,+9.170486e-07,+2.159530e-06,+1.017756e-06,+9.184628e-07,+9.344391e-07,+9.457542e-07,+1.018509e-06,+9.958988e-07,+1.032519e-06,+1.043691e-06,+1.047123e-06,+1.085639e-06,+1.026511e-06,+1.135077e-06,+1.075600e-06,+1.021368e-06,+1.072603e-06,+1.052115e-06,+1.128013e-06,+1.154218e-06,+1.074327e-06,+1.149527e-06,+1.205825e-06,+1.146956e-06,+1.137402e-06,+1.139992e-06,+1.088408e-06,+1.170976e-06,+1.258855e-06,+1.327672e-06,+1.400620e-06,+1.444689e-06,+1.364511e-06,+1.400138e-06,+1.437636e-06,+1.435728e-06,+1.448547e-06,+1.479564e-06,+1.519755e-06,+1.707419e-06,+1.535190e-06,+1.526707e-06,+1.699866e-06,+1.520505e-06,+1.656819e-06,+1.784634e-06,+1.709158e-06,+1.688764e-06,+1.785140e-06,+1.890867e-06,+1.863975e-06,+1.947923e-06,+1.959674e-06,+1.822791e-06,+1.940767e-06,+1.844355e-06,+1.974849e-06,+2.273264e-06
3525-3575,+2.137309e-07,+2.191671e-07,+2.237353e-07,+2.376009e-07,+2.503098e-07,+2.570098e-07,+2.636761e-07,+2.705434e-07,+2.762428e-07,+2.829296e-07,+2.885104e-07,+2.926279e-07,+2.999737e-07,+3.072413e-07,+3.157855e-07,+3.259477e-07,+3.294999e-07,+3.206457e-07,+3.329145e-07,+3.432442e-07,+3.476287e-07,+3.569647e-07,+3.595622e-07,+3.627617e-07,+3.702919e-07,+3.875388e-07,+4.281547e-07,+4.201686e-07,+4.329665e-07,+4.497563e-07,+4.525776e-07,+4.579864e-07,+4.745671e-07,+4.713441e-07,+4.661435e-07,+4.801973e-07,+4.878743e-07,+5.015086e-07,+5.036112e-07,+5.164820e-07,+5.242484e-07,+5.349727e-07,+5.392608e-07,+5.448883e-07,+5.617755e-07,+5.621281e-07,+5.743101e-07,+5.798453e-07,+5.767323e-07,+5.754900e-07,+5.965081e-07,+6.013782e-07,+6.010852e-07,+6.074477e-07,+6.249418e-07,+6.297905e-07,+6.307863e-07,+6.303634e-07,+6.423018e-07,+6.488894e-07,+6.517027e-07,+6.700324e-07,+6.522344e-07,+6.663165e-07,+6.800966e-07,+6.722348e-07,+6.726759e-07,+6.817530e-07,+7.055026e-07,+6.948124e-07,+7.130459e-07,+7.327737e-07,+6.762279e-07,+7.632062e-07,+7.643888e-07,+7.468470e-07,+8.015847e-07,+8.171779e-07,+8.143773e-07,+7.936612e-07,+8.192149e-07,+8.679463e-07,+8.041170e-07,+8.758394e-07,+8.391837e-07,+8.798458e-07,+8.868485e-07,+9.186834e-07,+9.471954e-07,+9.108270e-07,+9.269725e-07,+9.159951e-07,+8.856011e-07,+9.231400e-07,+1.017756e-06,+2.904843e-06,+9.801592e-07,+9.514745e-07,+9.907054e-07,+1.080834e-06,+9.934702e-07,+1.069403e-06,+1.042823e-06,+1.004488e-06,+1.060517e-06,+1.026324e-06,+1.080604e-06,+1.055498e-06,+1.059416e-06,+1.094356e-06,+1.100398e-06,+1.121026e-06,+1.110567e-06,+1.020962e-06,+1.206438e-06,+1.152480e-06,+1.109941e-06,+1.225730e-06,+1.208835e-06,+1.114725e-06,+1.223876e-06,+1.341640e-06,+1.329580e-06,+1.363154e-06,+1.457854e-06,+1.433713e-06,+1.435978e-06,+1.460914e-06,+1.493905e-06,+1.491312e-06,+1.551734e-06,+1.535174e-06,+1.590480e-06,+1.593721e-06,+1.564219e-06,+1.739118e-06,+1.584448e-06,+1.746095e-06,+1.713622e-06,+1.710499e-06,+1.754306e-06,+1.829637e-06,+1.897021e-06,+1.890225e-06,+1.996181e-06,+1.937762e-06,+1.809348e-06,+2.126382e-06,+1.752050e-06,+2.051182e-06,+2.259838e-06
3575-3625,+2.146498e-07,+2.181949e-07,+2.243626e-07,+2.403106e-07,+2.533307e-07,+2.595239e-07,+2.661340e-07,+2.728928e-07,+2.789963e-07,+2.847498e-07,+2.904696e-07,+2.936848e-07,+2.995939e-07,+3.085037e-07,+3.160786e-07,+3.264061e-07,+3.303068e-07,+3.348378e-07,+3.446922e-07,+3.461826e-07,+3.562865e-07,+3.628548e-07,+3.718789e-07,+3.739251e-07,+3.793930e-07,+3.903654e-07,+4.179384e-07,+4.404621e-07,+4.427509e-07,+4.492151e-07,+4.581570e-07,+4.608540e-07,+4.708425e-07,+4.735824e-07,+4.817213e-07,+4.885922e-07,+4.930023e-07,+5.029071e-07,+5.094439e-07,+5.214214e-07,+5.246216e-07,+5.382240e-07,+5.397146e-07,+5.500003e-07,+5.611440e-07,+5.669573e-07,+5.728717e-07,+5.765693e-07,+5.774026e-07,+5.854430e-07,+5.940240e-07,+6.110962e-07,+5.998722e-07,+6.098929e-07,+6.156372e-07,+6.327904e-07,+6.244755e-07,+6.283011e-07,+6.332094e-07,+6.481324e-07,+6.503782e-07,+6.581843e-07,+6.484206e-07,+6.588620e-07,+6.748813e-07,+6.584152e-07,+6.667574e-07,+6.869521e-07,+6.930795e-07,+6.985125e-07,+6.909484e-07,+7.272313e-07,+6.910587e-07,+7.448576e-07,+7.548257e-07,+7.381054e-07,+7.587752e-07,+7.706818e-07,+7.873985e-07,+7.793831e-07,+8.044064e-07,+7.916180e-07,+8.018835e-07,+8.296451e-07,+8.340040e-07,+8.488465e-07,+8.206010e-07,+8.526089e-07,+8.938656e-07,+8.844824e-07,+8.640152e-07,+8.950654e-07,+9.123379e-07,+9.251801e-07,+9.184628e-07,+9.801592e-07,+2.343650e-06,+9.877023e-07,+9.789761e-07,+1.012847e-06,+1.052814e-06,+1.041221e-06,+1.088156e-06,+1.042485e-06,+1.091982e-06,+1.058632e-06,+1.129694e-06,+1.085124e-06,+1.088300e-06,+1.104195e-06,+1.083392e-06,+1.079559e-06,+1.107969e-06,+1.116414e-06,+1.217751e-06,+1.183891e-06,+1.238840e-06,+1.183119e-06,+1.245779e-06,+1.195696e-06,+1.391856e-06,+1.468939e-06,+1.446834e-06,+1.675421e-06,+1.568566e-06,+1.560565e-06,+1.537290e-06,+1.630566e-06,+1.492974e-06,+1.607462e-06,+1.571564e-06,+1.678827e-06,+1.726018e-06,+1.707114e-06,+1.610084e-06,+1.904689e-06,+1.739985e-06,+1.907902e-06,+1.934495e-06,+1.894113e-06,+1.903507e-06,+1.981611e-06,+2.008529e-06,+1.976441e-06,+2.317178e-06,+1.939621e-06,+1.932216e-06,+2.219869e-06,+1.937004e-06,+2.282831e-06,+2.301108e-06
3625-3675,+2.244830e-07,+2.235440e-07,+2.296890e-07,+2.457789e-07,+2.598491e-07,+2.647898e-07,+2.715086e-07,+2.768349e-07,+2.833833e-07,+2.891363e-07,+2.944548e-07,+2.972001e-07,+3.041647e-07,+3.126742e-07,+3.275460e-07,+3.298803e-07,+3.387455e-07,+3.428584e-07,+3.519739e-07,+3.526875e-07,+3.597002e-07,+3.662000e-07,+3.779238e-07,+3.721595e-07,+3.807498e-07,+3.920630e-07,+4.206603e-07,+4.353264e-07,+4.384189e-07,+4.370475e-07,+4.505697e-07,+4.680948e-07,+4.678023e-07,+4.769533e-07,+4.806559e-07,+4.837153e-07,+5.024832e-07,+5.120987e-07,+5.172237e-07,+5.342504e-07,+5.304071e-07,+5.474248e-07,+5.497888e-07,+5.600424e-07,+5.771373e-07,+5.868757e-07,+5.781700e-07,+5.822861e-07,+5.878646e-07,+5.901755e-07,+6.018463e-07,+6.152556e-07,+6.092936e-07,+6.163092e-07,+6.236137e-07,+6.392816e-07,+6.379341e-07,+6.379223e-07,+6.404020e-07,+6.581364e-07,+6.646514e-07,+6.749316e-07,+6.500725e-07,+6.701638e-07,+6.779929e-07,+6.833728e-07,+6.780426e-07,+6.950353e-07,+7.126496e-07,+7.066505e-07,+7.075618e-07,+7.358063e-07,+7.194637e-07,+7.628374e-07,+7.657215e-07,+7.497625e-07,+7.668386e-07,+7.628193e-07,+7.987719e-07,+7.981453e-07,+8.009440e-07,+8.083182e-07,+8.422503e-07,+8.161705e-07,+8.591752e-07,+8.456722e-07,+8.071451e-07,+8.679931e-07,+8.565550e-07,+8.578757e-07,+8.877748e-07,+8.708750e-07,+9.162890e-07,+9.197585e-07,+9.344391e-07,+9.514745e-07,+9.877023e-07,+2.161771e-06,+9.955036e-07,+9.947234e-07,+1.092337e-06,+1.049998e-06,+1.083662e-06,+1.061186e-06,+1.140530e-06,+1.071528e-06,+1.164769e-06,+1.123887e-06,+1.072353e-06,+1.162161e-06,+1.111632e-06,+1.122229e-06,+1.124905e-06,+1.158078e-06,+1.269280e-06,+1.192770e-06,+1.205302e-06,+1.188732e-06,+1.219164e-06,+1.214072e-06,+1.318411e-06,+1.467874e-06,+1.393599e-06,+1.484015e-06,+1.549966e-06,+1.554970e-06,+1.499989e-06,+1.471398e-06,+1.557447e-06,+1.586666e-06,+1.694325e-06,+1.619417e-06,+1.870126e-06,+1.625740e-06,+1.667127e-06,+1.795110e-06,+1.661037e-06,+1.790660e-06,+1.944287e-06,+1.857168e-06,+1.844293e-06,+1.834885e-06,+1.951617e-06,+1.975302e-06,+2.069106e-06,+2.064932e-06,+1.915517e-06,+2.155771e-06,+1.645321e-06,+2.061824e-06,+2.327900e-06
3675-3700,+2.178712e-07,+2.228852e-07,+2.273917e-07,+2.451687e-07,+2.593677e-07,+2.657719e-07,+2.720514e-07,+2.775928e-07,+2.830355e-07,+2.896015e-07,+2.959625e-07,+2.991983e-07,+3.068484e-07,+3.140346e-07,+3.230335e-07,+3.319611e-07,+3.393793e-07,+3.393841e-07,+3.506757e-07,+3.584561e-07,+3.650583e-07,+3.659203e-07,+3.777185e-07,+3.792608e-07,+3.813470e-07,+3.967961e-07,+4.239959e-07,+4.464312e-07,+4.464903e-07,+4.544301e-07,+4.791045e-07,+4.756633e-07,+4.825315e-07,+4.863774e-07,+4.884589e-07,+5.002828e-07,+5.038164e-07,+5.119473e-07,+5.198495e-07,+5.374022e-07,+5.369504e-07,+5.462701e-07,+5.557067e-07,+5.584098e-07,+5.751132e-07,+5.797355e-07,+5.805976e-07,+5.975678e-07,+5.908854e-07,+5.934101e-07,+6.041573e-07,+6.151157e-07,+6.152403e-07,+6.170681e-07,+6.198363e-07,+6.399637e-07,+6.383820e-07,+6.445763e-07,+6.439285e-07,+6.625767e-07,+6.626057e-07,+6.745240e-07,+6.550338e-07,+6.823699e-07,+6.912495e-07,+6.872341e-07,+6.914457e-07,+7.040472e-07,+7.161367e-07,+7.245436e-07,+7.141166e-07,+7.460075e-07,+6.873901e-07,+7.657381e-07,+7.677337e-07,+7.607205e-07,+7.790866e-07,+7.865396e-07,+8.212478e-07,+7.846777e-07,+8.175679e-07,+8.229781e-07,+8.302011e-07,+8.264736e-07,+8.491364e-07,+8.481387e-07,+8.458704e-07,+8.997711e-07,+9.067812e-07,+8.822305e-07,+8.951496e-07,+8.929398e-07,+9.293147e-07,+9.634587e-07,+9.457542e-07,+9.907054e-07,+9.789761e-07,+9.955036e-07,+2.277143e-06,+1.079663e-06,+1.003884e-06,+1.098143e-06,+1.106146e-06,+1.093385e-06,+1.113563e-06,+1.171293e-06,+1.162449e-06,+1.142918e-06,+1.091866e-06,+1.158347e-06,+1.132852e-06,+1.168024e-06,+1.188580e-06,+1.223765e-06,+1.246846e-06,+1.231725e-06,+1.249427e-06,+1.221258e-06,+1.263776e-06,+1.156300e-06,+1.343055e-06,+1.469805e-06,+1.441637e-06,+1.532129e-06,+1.609885e-06,+1.558364e-06,+1.557024e-06,+1.686708e-06,+1.599521e-06,+1.586293e-06,+1.691718e-06,+1.685368e-06,+1.834149e-06,+1.811360e-06,+1.821422e-06,+1.896132e-06,+1.860440e-06,+1.950977e-06,+1.858326e-06,+1.735824e-06,+1.950449e-06,+1.965981e-06,+1.972499e-06,+2.111342e-06,+2.111078e-06,+2.121235e-06,+2.036249e-06,+2.198137e-06,+1.892019e-06,+2.124805e-06,+2.510146e-06
3700-3775,+2.265446e-07,+2.313905e-07,+2.370529e-07,+2.604353e-07,+2.658415e-07,+2.727940e-07,+2.807737e-07,+2.878544e-07,+2.954722e-07,+3.018674e-07,+3.083088e-07,+3.140432e-07,+3.210325e-07,+3.297248e-07,+3.327347e-07,+3.411010e-07,+3.465488e-07,+3.544507e-07,+3.549227e-07,+3.669669e-07,+3.711373e-07,+3.682787e-07,+3.812171e-07,+3.819504e-07,+3.887637e-07,+4.002699e-07,+4.243084e-07,+4.567008e-07,+4.644160e-07,+4.675232e-07,+4.747265e-07,+4.823880e-07,+4.905753e-07,+5.009840e-07,+5.063026e-07,+5.091991e-07,+5.147066e-07,+5.294951e-07,+5.404254e-07,+5.467662e-07,+5.556239e-07,+5.639924e-07,+5.718874e-07,+5.795194e-07,+5.940911e-07,+5.905648e-07,+5.974139e-07,+6.136192e-07,+6.102466e-07,+6.108831e-07,+6.271468e-07,+6.313597e-07,+6.328600e-07,+6.383383e-07,+6.476377e-07,+6.633058e-07,+6.647211e-07,+6.667060e-07,+6.762895e-07,+6.873313e-07,+6.951159e-07,+6.922289e-07,+6.878953e-07,+6.986423e-07,+7.125783e-07,+7.183089e-07,+6.965710e-07,+7.353043e-07,+7.447983e-07,+7.498652e-07,+7.486514e-07,+7.894136e-07,+7.253378e-07,+8.048044e-07,+8.282535e-07,+7.929755e-07,+8.097824e-07,+8.272867e-07,+8.470327e-07,+8.295632e-07,+8.666467e-07,+8.801835e-07,+8.765269e-07,+8.898698e-07,+8.964803e-07,+9.195323e-07,+8.663656e-07,+9.159825e-07,+9.561859e-07,+9.129315e-07,+9.431146e-07,+9.040550e-07,+9.662635e-07,+9.925972e-07,+1.018509e-06,+1.080834e-06,+1.012847e-06,+9.947234e-07,+1.079663e-06,+2.670653e-06,+1.081898e-06,+1.147348e-06,+1.135095e-06,+1.111320e-06,+1.140253e-06,+1.178587e-06,+1.208786e-06,+1.184494e-06,+1.133119e-06,+1.205566e-06,+1.266291e-06,+1.315019e-06,+1.291851e-06,+1.276057e-06,+1.338319e-06,+1.316991e-06,+1.281809e-06,+1.314047e-06,+1.292753e-06,+1.237421e-06,+1.305320e-06,+1.404067e-06,+1.439821e-06,+1.505282e-06,+1.642363e-06,+1.574187e-06,+1.593629e-06,+1.619216e-06,+1.614057e-06,+1.554502e-06,+1.700789e-06,+1.747615e-06,+1.788485e-06,+1.729464e-06,+1.709066e-06,+1.912185e-06,+1.772709e-06,+1.933690e-06,+1.900295e-06,+1.875582e-06,+2.027559e-06,+2.012353e-06,+2.166872e-06,+2.087915e-06,+2.138780e-06,+2.116915e-06,+2.074980e-06,+2.461495e-06,+1.896960e-06,+2.335690e-06,+2.529031e-06
3775-3825,+2.265901e-07,+2.299441e-07,+2.367926e-07,+2.529493e-07,+2.666368e-07,+2.735519e-07,+2.808314e-07,+2.877124e-07,+2.934644e-07,+3.010848e-07,+3.078073e-07,+3.105722e-07,+3.175443e-07,+3.279754e-07,+3.316191e-07,+3.411718e-07,+3.464625e-07,+3.541247e-07,+3.632311e-07,+3.653181e-07,+3.757762e-07,+3.792903e-07,+3.879413e-07,+3.898468e-07,+3.943131e-07,+4.065539e-07,+4.402532e-07,+4.595755e-07,+4.641989e-07,+4.684158e-07,+4.720076e-07,+4.792424e-07,+4.887940e-07,+4.941483e-07,+5.060635e-07,+5.089135e-07,+5.238929e-07,+5.276438e-07,+5.369715e-07,+5.487470e-07,+5.514025e-07,+5.611676e-07,+5.701160e-07,+5.774791e-07,+5.890986e-07,+6.029200e-07,+5.935030e-07,+6.033828e-07,+6.043363e-07,+6.075132e-07,+6.284095e-07,+6.322396e-07,+6.254247e-07,+6.381151e-07,+6.450156e-07,+6.638713e-07,+6.557075e-07,+6.599904e-07,+6.671597e-07,+6.815317e-07,+6.837471e-07,+6.886159e-07,+6.781855e-07,+6.906637e-07,+6.973023e-07,+7.003878e-07,+7.004307e-07,+7.161375e-07,+7.355662e-07,+7.309145e-07,+7.380350e-07,+7.873120e-07,+7.227419e-07,+8.018955e-07,+7.809452e-07,+7.660551e-07,+8.089850e-07,+7.950575e-07,+8.369349e-07,+8.329504e-07,+8.585057e-07,+8.724504e-07,+8.833148e-07,+8.521181e-07,+8.989914e-07,+8.774291e-07,+8.668445e-07,+9.002942e-07,+9.147619e-07,+9.240435e-07,+8.939992e-07,+9.160793e-07,+1.019200e-06,+9.787966e-07,+9.958988e-07,+9.934702e-07,+1.052814e-06,+1.092337e-06,+1.003884e-06,+1.081898e-06,+2.584724e-06,+1.119409e-06,+1.144495e-06,+1.147063e-06,+1.163723e-06,+1.199427e-06,+1.153219e-06,+1.149611e-06,+1.147863e-06,+1.229373e-06,+1.215523e-06,+1.250475e-06,+1.236513e-06,+1.240377e-06,+1.260859e-06,+1.287291e-06,+1.224148e-06,+1.281578e-06,+1.368450e-06,+1.276234e-06,+1.374823e-06,+1.483232e-06,+1.485987e-06,+1.455431e-06,+1.650388e-06,+1.674801e-06,+1.631122e-06,+1.638556e-06,+1.591886e-06,+1.690032e-06,+1.660489e-06,+1.791222e-06,+1.838896e-06,+1.701110e-06,+1.706006e-06,+2.002370e-06,+1.732277e-06,+2.081564e-06,+2.025053e-06,+1.992551e-06,+1.982478e-06,+2.111492e-06,+2.248953e-06,+2.093299e-06,+2.191796e-06,+2.115358e-06,+2.163863e-06,+2.504599e-06,+2.116589e-06,+2.520381e-06,+2.526602e-06
3825-3900,+2.267423e-07,+2.336736e-07,+2.386812e-07,+2.568016e-07,+2.726648e-07,+2.801406e-07,+2.881553e-07,+2.947243e-07,+3.022827e-07,+3.095578e-07,+3.168846e-07,+3.213609e-07,+3.303389e-07,+3.388119e-07,+3.413895e-07,+3.541127e-07,+3.637364e-07,+3.621914e-07,+3.734827e-07,+3.777173e-07,+3.824853e-07,+3.822323e-07,+3.888536e-07,+3.954060e-07,+4.025892e-07,+4.096819e-07,+4.407821e-07,+4.570837e-07,+4.659641e-07,+4.691930e-07,+4.707728e-07,+4.876221e-07,+4.905578e-07,+4.988815e-07,+5.073063e-07,+5.187357e-07,+5.231442e-07,+5.336905e-07,+5.411744e-07,+5.490044e-07,+5.587228e-07,+5.714467e-07,+5.795178e-07,+5.811147e-07,+5.961286e-07,+6.084304e-07,+6.073514e-07,+6.261140e-07,+6.193074e-07,+6.205991e-07,+6.326968e-07,+6.549480e-07,+6.381841e-07,+6.518046e-07,+6.560584e-07,+6.700678e-07,+6.685637e-07,+6.720224e-07,+6.836134e-07,+6.960792e-07,+7.016062e-07,+7.259438e-07,+7.111255e-07,+7.257382e-07,+7.296089e-07,+7.275943e-07,+7.128155e-07,+7.456933e-07,+7.671179e-07,+8.003724e-07,+7.821769e-07,+7.860668e-07,+7.043899e-07,+8.406441e-07,+8.319475e-07,+8.083185e-07,+8.524304e-07,+8.111905e-07,+9.088950e-07,+8.740295e-07,+8.879921e-07,+8.815956e-07,+8.827231e-07,+8.931989e-07,+8.378480e-07,+9.407824e-07,+9.312303e-07,+9.608831e-07,+9.931107e-07,+9.881825e-07,+9.876603e-07,+9.818229e-07,+1.046792e-06,+1.024083e-06,+1.032519e-06,+1.069403e-06,+1.041221e-06,+1.049998e-06,+1.098143e-06,+1.147348e-06,+1.119409e-06,+3.938662e-06,+1.206233e-06,+1.189772e-06,+1.205643e-06,+1.296017e-06,+1.276528e-06,+1.290894e-06,+1.205140e-06,+1.343128e-06,+1.339169e-06,+1.364998e-06,+1.343542e-06,+1.252146e-06,+1.329520e-06,+1.373907e-06,+1.254375e-06,+1.348609e-06,+1.426852e-06,+1.190590e-06,+1.362786e-06,+1.474104e-06,+1.681313e-06,+1.546837e-06,+1.692785e-06,+1.642275e-06,+1.663531e-06,+1.678430e-06,+1.672536e-06,+1.660283e-06,+1.750210e-06,+1.852483e-06,+1.824032e-06,+1.943335e-06,+1.752544e-06,+2.003820e-06,+1.932217e-06,+2.237302e-06,+1.972382e-06,+1.970157e-06,+2.080326e-06,+2.117238e-06,+2.070283e-06,+2.275615e-06,+2.222747e-06,+2.255701e-06,+2.254311e-06,+2.343107e-06,+2.185209e-06,+2.505682e-06,+2.694848e-06
3900-4000,+2.282315e-07,+2.342081e-07,+2.401121e-07,+2.558192e-07,+2.730537e-07,+2.802659e-07,+2.867114e-07,+2.946630e-07,+3.006736e-07,+3.094706e-07,+3.152710e-07,+3.209509e-07,+3.301558e-07,+3.409280e-07,+3.482266e-07,+3.578274e-07,+3.665712e-07,+3.734297e-07,+3.748925e-07,+3.787019e-07,+3.853356e-07,+3.884801e-07,+3.913328e-07,+3.980866e-07,+4.037091e-07,+4.142714e-07,+4.451334e-07,+4.595754e-07,+4.650577e-07,+4.702832e-07,+4.790801e-07,+4.877376e-07,+4.984619e-07,+4.989688e-07,+5.124984e-07,+5.152680e-07,+5.246879e-07,+5.385411e-07,+5.396519e-07,+5.574065e-07,+5.576990e-07,+5.668973e-07,+5.783139e-07,+5.830647e-07,+6.022529e-07,+6.013807e-07,+6.047025e-07,+6.170512e-07,+6.224872e-07,+6.278121e-07,+6.384499e-07,+6.461084e-07,+6.435113e-07,+6.507864e-07,+6.538597e-07,+6.804871e-07,+6.765914e-07,+6.823741e-07,+6.859438e-07,+7.055322e-07,+6.961245e-07,+7.153733e-07,+7.092349e-07,+7.282616e-07,+7.335728e-07,+7.285063e-07,+7.294467e-07,+7.504441e-07,+7.656408e-07,+7.782148e-07,+7.544009e-07,+8.058683e-07,+7.239443e-07,+8.070393e-07,+8.151663e-07,+8.196135e-07,+8.450261e-07,+8.293868e-07,+9.006424e-07,+8.581867e-07,+8.492702e-07,+8.795410e-07,+8.836730e-07,+8.996980e-07,+9.102448e-07,+9.265431e-07,+9.259655e-07,+9.449684e-07,+9.510267e-07,+9.771456e-07,+9.636303e-07,+9.780087e-07,+1.011046e-06,+9.962261e-07,+1.043691e-06,+1.042823e-06,+1.088156e-06,+1.083662e-06,+1.106146e-06,+1.135095e-06,+1.144495e-06,+1.206233e-06,+2.983285e-06,+1.199626e-06,+1.288542e-06,+1.269249e-06,+1.314663e-06,+1.272821e-06,+1.204333e-06,+1.206185e-06,+1.257571e-06,+1.299789e-06,+1.273637e-06,+1.271545e-06,+1.351684e-06,+1.348414e-06,+1.352159e-06,+1.372750e-06,+1.313536e-06,+1.265357e-06,+1.380770e-06,+1.494894e-06,+1.474182e-06,+1.671354e-06,+1.643819e-06,+1.692935e-06,+1.539214e-06,+1.691865e-06,+1.664925e-06,+1.761945e-06,+1.840478e-06,+1.797460e-06,+1.791745e-06,+1.847889e-06,+1.784060e-06,+1.965517e-06,+1.908445e-06,+1.969459e-06,+2.105526e-06,+1.986852e-06,+2.030575e-06,+2.267480e-06,+2.135567e-06,+2.176448e-06,+2.342111e-06,+2.209363e-06,+2.189708e-06,+2.502391e-06,+2.075620e-06,+2.231312e-06,+2.722156e-06
4000-4075,+2.382106e-07,+2.429554e-07,+2.496048e-07,+2.684987e-07,+2.839987e-07,+2.901052e-07,+2.981014e-07,+3.045925e-07,+3.093582e-07,+3.183759e-07,+3.243791e-07,+3.226905e-07,+3.357821e-07,+3.462552e-07,+3.486491e-07,+3.601143e-07,+3.716575e-07,+3.745501e-07,+3.850200e-07,+3.950536e-07,+3.995383e-07,+4.042203e-07,+3.967934e-07,+4.218377e-07,+4.162141e-07,+4.292421e-07,+4.652657e-07,+4.857223e-07,+4.723639e-07,+5.007692e-07,+4.997273e-07,+5.035877e-07,+5.109109e-07,+5.204656e-07,+5.303893e-07,+5.375371e-07,+5.507006e-07,+5.584677e-07,+5.569048e-07,+5.842572e-07,+5.721284e-07,+5.995660e-07,+5.945370e-07,+6.031255e-07,+6.205161e-07,+6.223839e-07,+6.248746e-07,+6.316591e-07,+6.449316e-07,+6.385046e-07,+6.458869e-07,+6.435767e-07,+6.568306e-07,+6.766221e-07,+6.624179e-07,+6.917812e-07,+6.866714e-07,+6.974219e-07,+6.940357e-07,+6.982206e-07,+7.056596e-07,+7.151570e-07,+7.136699e-07,+7.382809e-07,+7.391975e-07,+7.436939e-07,+7.522174e-07,+7.616487e-07,+7.731687e-07,+8.025112e-07,+7.800701e-07,+7.978259e-07,+7.221367e-07,+8.069846e-07,+8.002753e-07,+8.253655e-07,+8.593883e-07,+8.242018e-07,+8.652146e-07,+8.559048e-07,+8.638976e-07,+8.839214e-07,+9.215339e-07,+8.667217e-07,+9.195925e-07,+9.066714e-07,+8.980325e-07,+9.378429e-07,+9.627285e-07,+9.390762e-07,+9.715595e-07,+9.928710e-07,+1.032676e-06,+9.516518e-07,+1.047123e-06,+1.004488e-06,+1.042485e-06,+1.061186e-06,+1.093385e-06,+1.111320e-06,+1.147063e-06,+1.189772e-06,+1.199626e-06,+3.669321e-06,+1.237635e-06,+1.202333e-06,+1.284308e-06,+1.250538e-06,+1.244033e-06,+1.273130e-06,+1.221425e-06,+1.254642e-06,+1.391462e-06,+1.319977e-06,+1.372974e-06,+1.370349e-06,+1.369889e-06,+1.487067e-06,+1.404629e-06,+1.320309e-06,+1.651404e-06,+1.551506e-06,+1.589921e-06,+1.634750e-06,+1.791728e-06,+1.711709e-06,+1.858968e-06,+1.853779e-06,+1.740445e-06,+1.803145e-06,+1.760236e-06,+1.996379e-06,+2.030106e-06,+2.102372e-06,+1.898243e-06,+2.194821e-06,+2.050055e-06,+2.377454e-06,+2.409447e-06,+2.222368e-06,+2.400509e-06,+2.862703e-06,+2.304177e-06,+2.412927e-06,+2.484800e-06,+2.679290e-06,+2.469442e-06,+2.827904e-06,+2.433398e-06,+2.811590e-06,+2.959214e-06
4075-4150,+2.431078e-07,+2.462305e-07,+2.528126e-07,+2.689206e-07,+2.868995e-07,+2.948163e-07,+3.008124e-07,+3.084486e-07,+3.146328e-07,+3.246007e-07,+3.300172e-07,+3.327780e-07,+3.453039e-07,+3.529910e-07,+3.621223e-07,+3.745745e-07,+3.800421e-07,+3.888824e-07,+3.944174e-07,+3.904342e-07,+4.068954e-07,+4.076294e-07,+4.107165e-07,+4.205282e-07,+4.233644e-07,+4.325793e-07,+4.626369e-07,+4.807456e-07,+4.802900e-07,+4.964758e-07,+5.044721e-07,+5.179310e-07,+5.255351e-07,+5.300973e-07,+5.353322e-07,+5.441417e-07,+5.472372e-07,+5.661638e-07,+5.691742e-07,+5.812937e-07,+5.838139e-07,+6.018356e-07,+6.191115e-07,+6.144237e-07,+6.391130e-07,+6.479720e-07,+6.413203e-07,+6.437285e-07,+6.629710e-07,+6.610934e-07,+6.625554e-07,+6.813731e-07,+6.750906e-07,+6.760320e-07,+6.880193e-07,+7.054682e-07,+7.041365e-07,+7.171540e-07,+7.055389e-07,+7.493380e-07,+7.344046e-07,+7.394306e-07,+7.505116e-07,+7.494231e-07,+7.704075e-07,+7.465296e-07,+7.668975e-07,+7.823142e-07,+7.885346e-07,+7.972608e-07,+7.952157e-07,+8.306659e-07,+7.759220e-07,+8.403599e-07,+8.649180e-07,+8.519229e-07,+8.785198e-07,+8.692977e-07,+9.095743e-07,+8.967223e-07,+9.121521e-07,+9.156837e-07,+9.331169e-07,+9.455500e-07,+9.370200e-07,+9.282648e-07,+9.671233e-07,+9.583446e-07,+9.972666e-07,+9.622608e-07,+9.742401e-07,+9.889673e-07,+1.071328e-06,+1.017319e-06,+1.085639e-06,+1.060517e-06,+1.091982e-06,+1.140530e-06,+1.113563e-06,+1.140253e-06,+1.163723e-06,+1.205643e-06,+1.288542e-06,+1.237635e-06,+3.318984e-06,+1.293482e-06,+1.427724e-06,+1.245495e-06,+1.285141e-06,+1.328620e-06,+1.346523e-06,+1.351101e-06,+1.466018e-06,+1.356944e-06,+1.573290e-06,+1.466725e-06,+1.372641e-06,+1.363541e-06,+1.463344e-06,+1.435678e-06,+1.510182e-06,+1.686056e-06,+1.628842e-06,+1.755083e-06,+1.834306e-06,+1.657515e-06,+1.774549e-06,+1.806544e-06,+1.839072e-06,+1.801368e-06,+2.031246e-06,+1.961813e-06,+2.079416e-06,+1.857939e-06,+1.855685e-06,+2.166417e-06,+2.159448e-06,+2.050749e-06,+2.161362e-06,+2.148005e-06,+2.195368e-06,+2.395607e-06,+2.408951e-06,+2.495548e-06,+2.410629e-06,+2.466633e-06,+2.381387e-06,+2.664263e-06,+2.315834e-06,+2.627127e-06,+2.997300e-06
4150-4175,+2.337903e-07,+2.407125e-07,+2.439322e-07,+2.592761e-07,+2.840439e-07,+2.846419e-07,+2.911568e-07,+2.877153e-07,+2.968366e-07,+3.029023e-07,+3.083581e-07,+3.356479e-07,+3.277931e-07,+3.236093e-07,+3.171077e-07,+3.669111e-07,+3.639255e-07,+3.542886e-07,+3.606214e-07,+3.822654e-07,+3.908349e-07,+3.968846e-07,+4.017187e-07,+4.090657e-07,+4.160084e-07,+4.227340e-07,+4.522953e-07,+4.712059e-07,+4.790121e-07,+4.854656e-07,+4.820054e-07,+5.038046e-07,+5.026023e-07,+5.167583e-07,+5.263013e-07,+5.305198e-07,+5.442783e-07,+5.490249e-07,+5.617812e-07,+5.733090e-07,+5.765236e-07,+5.894518e-07,+6.004616e-07,+6.105058e-07,+6.269522e-07,+6.100922e-07,+6.223653e-07,+6.413361e-07,+6.358700e-07,+6.540498e-07,+6.521639e-07,+6.645407e-07,+6.644325e-07,+6.645975e-07,+6.700628e-07,+6.918839e-07,+6.981953e-07,+7.044156e-07,+6.956957e-07,+7.237743e-07,+7.161600e-07,+7.310820e-07,+7.227108e-07,+7.430674e-07,+7.504235e-07,+7.568917e-07,+7.328747e-07,+8.018055e-07,+7.978805e-07,+7.897978e-07,+7.817888e-07,+8.145732e-07,+7.658232e-07,+8.479913e-07,+8.467270e-07,+8.469689e-07,+8.856353e-07,+8.128976e-07,+9.410239e-07,+8.807772e-07,+9.251358e-07,+9.099449e-07,+9.110420e-07,+9.735462e-07,+9.115058e-07,+9.652720e-07,+9.606826e-07,+9.569734e-07,+1.006772e-06,+1.026332e-06,+9.797646e-07,+9.979490e-07,+1.057790e-06,+9.977634e-07,+1.026511e-06,+1.026324e-06,+1.058632e-06,+1.071528e-06,+1.171293e-06,+1.178587e-06,+1.199427e-06,+1.296017e-06,+1.269249e-06,+1.202333e-06,+1.293482e-06,+6.356290e-06,+1.378902e-06,+1.342823e-06,+1.322715e-06,+1.433136e-06,+1.174498e-06,+1.374677e-06,+1.514269e-06,+1.708274e-06,+1.343126e-06,+1.421160e-06,+1.742258e-06,+1.429579e-06,+1.437133e-06,+1.426333e-06,+1.508963e-06,+1.663516e-06,+1.539692e-06,+1.708169e-06,+1.820537e-06,+1.777515e-06,+1.736722e-06,+1.784266e-06,+1.782043e-06,+1.764896e-06,+1.920139e-06,+1.980788e-06,+2.100428e-06,+1.900212e-06,+1.978284e-06,+2.163404e-06,+2.054299e-06,+2.214296e-06,+2.117651e-06,+2.225662e-06,+2.215800e-06,+2.307646e-06,+2.545576e-06,+2.385415e-06,+2.524282e-06,+2.492818e-06,+2.543653e-06,+2.677452e-06,+2.622361e-06,+2.815307e-06,+2.638239e-06
4175-4200,+2.443734e-07,+2.482726e-07,+2.539988e-07,+2.717842e-07,+2.924739e-07,+2.968366e-07,+3.021545e-07,+3.074102e-07,+3.194747e-07,+3.220922e-07,+3.331703e-07,+3.439610e-07,+3.463867e-07,+3.475516e-07,+3.725259e-07,+3.792827e-07,+3.844594e-07,+3.884337e-07,+3.952982e-07,+4.128566e-07,+4.126961e-07,+4.113458e-07,+4.146907e-07,+4.237388e-07,+4.304532e-07,+4.368310e-07,+4.665093e-07,+4.857901e-07,+4.907028e-07,+4.948016e-07,+5.039554e-07,+5.245322e-07,+5.229730e-07,+5.269396e-07,+5.381278e-07,+5.470437e-07,+5.506873e-07,+5.623117e-07,+5.772423e-07,+5.905394e-07,+5.880402e-07,+6.088378e-07,+6.173709e-07,+6.196561e-07,+6.366613e-07,+6.354156e-07,+6.527762e-07,+6.550893e-07,+6.537417e-07,+6.630303e-07,+6.732138e-07,+6.810761e-07,+6.830899e-07,+6.902406e-07,+6.941550e-07,+7.051223e-07,+7.108430e-07,+7.203549e-07,+7.269359e-07,+7.298874e-07,+7.414456e-07,+7.507434e-07,+7.376692e-07,+7.596533e-07,+7.722182e-07,+7.694235e-07,+7.812346e-07,+7.870074e-07,+8.042865e-07,+8.136903e-07,+8.083238e-07,+8.227226e-07,+7.765568e-07,+8.635089e-07,+9.210647e-07,+8.756794e-07,+8.582475e-07,+8.640667e-07,+9.248166e-07,+8.953931e-07,+9.030303e-07,+9.230457e-07,+9.599620e-07,+9.320841e-07,+9.750543e-07,+1.028916e-06,+9.044802e-07,+1.007652e-06,+1.001943e-06,+1.000603e-06,+9.815728e-07,+1.027187e-06,+1.081471e-06,+1.044793e-06,+1.135077e-06,+1.080604e-06,+1.129694e-06,+1.164769e-06,+1.162449e-06,+1.208786e-06,+1.153219e-06,+1.276528e-06,+1.314663e-06,+1.284308e-06,+1.427724e-06,+1.378902e-06,+4.679024e-06,+1.433827e-06,+1.344555e-06,+1.370490e-06,+1.436641e-06,+1.335412e-06,+1.653268e-06,+1.430372e-06,+1.607979e-06,+1.512656e-06,+1.556293e-06,+1.456237e-06,+1.528807e-06,+1.468294e-06,+1.589413e-06,+1.778613e-06,+1.702159e-06,+1.747313e-06,+1.872772e-06,+1.806833e-06,+1.867491e-06,+1.964433e-06,+1.918605e-06,+1.909610e-06,+2.048517e-06,+2.043811e-06,+2.173011e-06,+2.158608e-06,+1.886639e-06,+2.405827e-06,+2.113499e-06,+2.310470e-06,+2.387992e-06,+2.373083e-06,+2.275568e-06,+2.496866e-06,+2.529978e-06,+2.692329e-06,+2.565970e-06,+3.065079e-06,+2.548770e-06,+2.800616e-06,+2.552527e-06,+2.868411e-06,+3.318855e-06
4200-4250,+2.387538e-07,+2.440101e-07,+2.504062e-07,+2.719901e-07,+2.858411e-07,+2.935394e-07,+3.009358e-07,+3.073252e-07,+3.166340e-07,+3.250799e-07,+3.347763e-07,+3.381042e-07,+3.461888e-07,+3.600391e-07,+3.628514e-07,+3.821231e-07,+3.900288e-07,+3.816475e-07,+3.859120e-07,+4.064492e-07,+4.028168e-07,+4.014482e-07,+4.071627e-07,+4.173718e-07,+4.252930e-07,+4.294541e-07,+4.587010e-07,+4.742299e-07,+4.829283e-07,+4.875778e-07,+4.947334e-07,+5.094354e-07,+5.120818e-07,+5.224655e-07,+5.293537e-07,+5.323358e-07,+5.411488e-07,+5.506267e-07,+5.594185e-07,+5.715870e-07,+5.753316e-07,+5.876531e-07,+5.951396e-07,+6.025461e-07,+6.194987e-07,+6.220570e-07,+6.348792e-07,+6.392196e-07,+6.392354e-07,+6.428364e-07,+6.606938e-07,+6.596774e-07,+6.677738e-07,+6.738536e-07,+6.762424e-07,+6.914690e-07,+6.922460e-07,+7.008587e-07,+7.167598e-07,+7.303086e-07,+7.235016e-07,+7.430336e-07,+7.341324e-07,+7.533238e-07,+7.589850e-07,+7.591439e-07,+7.553876e-07,+7.737726e-07,+8.016754e-07,+8.151315e-07,+8.133106e-07,+8.245726e-07,+7.519582e-07,+8.455958e-07,+8.496295e-07,+8.568237e-07,+8.544226e-07,+8.349856e-07,+9.053770e-07,+8.828164e-07,+9.012540e-07,+9.066980e-07,+9.124918e-07,+9.227635e-07,+9.449134e-07,+9.665014e-07,+9.526565e-07,+9.524200e-07,+9.895414e-07,+9.999142e-07,+1.012140e-06,+9.899279e-07,+1.085845e-06,+1.033207e-06,+1.075600e-06,+1.055498e-06,+1.085124e-06,+1.123887e-06,+1.142918e-06,+1.184494e-06,+1.149611e-06,+1.290894e-06,+1.272821e-06,+1.250538e-06,+1.245495e-06,+1.342823e-06,+1.433827e-06,+3.164503e-06,+1.347655e-06,+1.318331e-06,+1.428094e-06,+1.539264e-06,+1.543341e-06,+1.412730e-06,+1.499195e-06,+1.448927e-06,+1.515399e-06,+1.424972e-06,+1.399703e-06,+1.484095e-06,+1.570448e-06,+1.672827e-06,+1.632687e-06,+1.717025e-06,+1.763737e-06,+1.764004e-06,+1.839901e-06,+1.841983e-06,+1.946174e-06,+1.887424e-06,+2.029427e-06,+1.959218e-06,+2.122806e-06,+2.162687e-06,+2.061877e-06,+2.350022e-06,+2.075790e-06,+2.275830e-06,+2.166557e-06,+2.500067e-06,+2.320937e-06,+2.492241e-06,+2.277018e-06,+2.557096e-06,+2.457434e-06,+2.726025e-06,+2.511191e-06,+2.876153e-06,+2.376796e-06,+2.826605e-06,+3.252499e-06
4250-4300,+2.355566e-07,+2.380416e-07,+2.427250e-07,+2.651129e-07,+2.821419e-07,+2.945613e-07,+2.878117e-07,+3.029471e-07,+2.996516e-07,+3.059660e-07,+3.109391e-07,+3.245788e-07,+3.163699e-07,+3.386743e-07,+3.456875e-07,+3.563901e-07,+3.758746e-07,+3.823084e-07,+3.780348e-07,+3.982554e-07,+4.153459e-07,+4.144804e-07,+4.171407e-07,+4.225062e-07,+4.343771e-07,+4.310134e-07,+4.627369e-07,+4.859548e-07,+4.937392e-07,+5.010946e-07,+5.064655e-07,+5.216167e-07,+5.216005e-07,+5.273897e-07,+5.388111e-07,+5.379708e-07,+5.500194e-07,+5.596877e-07,+5.683929e-07,+5.812339e-07,+5.847208e-07,+5.951494e-07,+5.997104e-07,+6.127147e-07,+6.241887e-07,+6.332925e-07,+6.404145e-07,+6.468199e-07,+6.534212e-07,+6.502278e-07,+6.630969e-07,+6.705774e-07,+6.772402e-07,+6.757463e-07,+6.869284e-07,+7.001161e-07,+7.075563e-07,+7.055588e-07,+7.107498e-07,+7.220018e-07,+7.317935e-07,+7.406749e-07,+7.311307e-07,+7.526495e-07,+7.671399e-07,+7.467049e-07,+7.577886e-07,+7.767947e-07,+7.796638e-07,+7.858451e-07,+7.978252e-07,+8.200424e-07,+7.644116e-07,+8.452855e-07,+8.583375e-07,+8.385099e-07,+8.566699e-07,+8.070267e-07,+8.735437e-07,+8.569863e-07,+8.647770e-07,+8.976227e-07,+8.830537e-07,+9.247573e-07,+9.340410e-07,+9.356425e-07,+9.188561e-07,+9.184921e-07,+9.743478e-07,+9.483079e-07,+9.554955e-07,+9.308296e-07,+1.073504e-06,+1.007774e-06,+1.021368e-06,+1.059416e-06,+1.088300e-06,+1.072353e-06,+1.091866e-06,+1.133119e-06,+1.147863e-06,+1.205140e-06,+1.204333e-06,+1.244033e-06,+1.285141e-06,+1.322715e-06,+1.344555e-06,+1.347655e-06,+3.527985e-06,+1.422892e-06,+1.559850e-06,+1.399630e-06,+1.555320e-06,+1.611250e-06,+1.381421e-06,+1.508661e-06,+1.406442e-06,+1.632919e-06,+1.622501e-06,+1.485364e-06,+1.699519e-06,+1.778225e-06,+1.690000e-06,+1.714039e-06,+1.884415e-06,+1.886530e-06,+1.935456e-06,+1.962922e-06,+1.957510e-06,+2.056351e-06,+2.051141e-06,+2.099938e-06,+2.386401e-06,+2.106260e-06,+2.017922e-06,+2.387829e-06,+2.187981e-06,+2.214018e-06,+2.587921e-06,+1.800050e-06,+2.236692e-06,+2.651276e-06,+2.371688e-06,+2.518795e-06,+2.677562e-06,+2.849994e-06,+2.543896e-06,+3.519497e-06,+3.124144e-06,+3.069911e-06,+3.215803e-06
4300-4350,+2.490880e-07,+2.533301e-07,+2.612614e-07,+2.809587e-07,+3.015922e-07,+3.066870e-07,+3.158350e-07,+3.185147e-07,+3.305479e-07,+3.297298e-07,+3.441193e-07,+3.540528e-07,+3.607415e-07,+3.567626e-07,+3.632629e-07,+3.784667e-07,+3.650200e-07,+3.769618e-07,+3.911669e-07,+4.185844e-07,+4.118346e-07,+4.208198e-07,+4.284588e-07,+4.375238e-07,+4.440336e-07,+4.484213e-07,+4.768046e-07,+4.980100e-07,+4.950712e-07,+5.163729e-07,+5.210487e-07,+5.288249e-07,+5.389843e-07,+5.427891e-07,+5.511235e-07,+5.590028e-07,+5.711450e-07,+5.780154e-07,+5.877183e-07,+5.956941e-07,+6.086545e-07,+6.142971e-07,+6.289102e-07,+6.287590e-07,+6.483420e-07,+6.630121e-07,+6.537849e-07,+6.718837e-07,+6.646722e-07,+6.678624e-07,+6.808815e-07,+6.996106e-07,+6.870421e-07,+6.962752e-07,+7.014730e-07,+7.195339e-07,+7.197947e-07,+7.268154e-07,+7.216057e-07,+7.448243e-07,+7.551633e-07,+7.607334e-07,+7.477305e-07,+7.580259e-07,+7.736583e-07,+7.710045e-07,+7.655993e-07,+7.919629e-07,+8.229971e-07,+8.116951e-07,+8.642870e-07,+8.655391e-07,+8.056125e-07,+8.660574e-07,+8.867699e-07,+8.647212e-07,+8.909852e-07,+8.802579e-07,+9.157657e-07,+9.311327e-07,+9.245067e-07,+9.368385e-07,+9.556043e-07,+9.775481e-07,+1.088131e-06,+9.703929e-07,+9.784813e-07,+9.998291e-07,+1.010949e-06,+9.894663e-07,+1.017941e-06,+1.033317e-06,+1.059032e-06,+1.084905e-06,+1.072603e-06,+1.094356e-06,+1.104195e-06,+1.162161e-06,+1.158347e-06,+1.205566e-06,+1.229373e-06,+1.343128e-06,+1.206185e-06,+1.273130e-06,+1.328620e-06,+1.433136e-06,+1.370490e-06,+1.318331e-06,+1.422892e-06,+4.178628e-06,+1.870996e-06,+1.572440e-06,+1.592438e-06,+1.716519e-06,+1.666231e-06,+1.678971e-06,+1.430470e-06,+1.417554e-06,+1.618015e-06,+1.513497e-06,+1.669792e-06,+1.739427e-06,+1.799105e-06,+1.839656e-06,+1.939627e-06,+1.922423e-06,+1.884925e-06,+1.929604e-06,+1.884915e-06,+1.934046e-06,+2.260574e-06,+2.254842e-06,+2.440377e-06,+2.152645e-06,+2.127394e-06,+2.378303e-06,+2.537288e-06,+2.468220e-06,+2.607051e-06,+2.523187e-06,+2.435923e-06,+2.639594e-06,+2.706215e-06,+2.856563e-06,+2.617911e-06,+2.971045e-06,+2.628227e-06,+3.063640e-06,+2.020737e-06,+3.387656e-06,+3.528413e-06
4350-4375,+2.514079e-07,+2.559712e-07,+2.637880e-07,+2.807575e-07,+3.001783e-07,+3.112404e-07,+3.175524e-07,+3.286396e-07,+3.410514e-07,+3.460076e-07,+3.552715e-07,+3.482574e-07,+3.806177e-07,+3.893233e-07,+3.883496e-07,+3.869532e-07,+3.890453e-07,+4.377901e-07,+4.050211e-07,+4.342568e-07,+4.309309e-07,+4.228596e-07,+4.223510e-07,+4.334822e-07,+4.407606e-07,+4.478344e-07,+4.735836e-07,+4.954894e-07,+4.954051e-07,+4.999580e-07,+5.256431e-07,+5.337044e-07,+5.333242e-07,+5.434244e-07,+5.488376e-07,+5.517010e-07,+5.616258e-07,+5.738735e-07,+5.818584e-07,+5.905586e-07,+5.979145e-07,+6.054908e-07,+6.177209e-07,+6.199568e-07,+6.304960e-07,+6.271461e-07,+6.379651e-07,+6.580092e-07,+6.576451e-07,+6.547620e-07,+6.740159e-07,+6.802603e-07,+6.756186e-07,+6.888037e-07,+6.900323e-07,+6.987100e-07,+7.076579e-07,+7.276047e-07,+7.155395e-07,+7.269308e-07,+7.576168e-07,+7.466413e-07,+7.564191e-07,+7.524617e-07,+7.608979e-07,+7.867202e-07,+7.779434e-07,+7.986462e-07,+8.125846e-07,+8.259228e-07,+8.440435e-07,+8.452306e-07,+7.898844e-07,+8.588946e-07,+8.790335e-07,+8.688712e-07,+8.633591e-07,+8.526599e-07,+9.143000e-07,+8.991583e-07,+9.177944e-07,+9.610319e-07,+9.820429e-07,+9.282651e-07,+9.867149e-07,+9.761272e-07,+9.400330e-07,+9.870349e-07,+9.937807e-07,+9.870839e-07,+1.024663e-06,+1.007931e-06,+1.076218e-06,+1.140608e-06,+1.052115e-06,+1.100398e-06,+1.083392e-06,+1.111632e-06,+1.132852e-06,+1.266291e-06,+1.215523e-06,+1.339169e-06,+1.257571e-06,+1.221425e-06,+1.346523e-06,+1.174498e-06,+1.436641e-06,+1.428094e-06,+1.559850e-06,+1.870996e-06,+6.128852e-06,+2.447036e-06,+1.823032e-06,+1.513016e-06,+1.610141e-06,+1.526576e-06,+1.444036e-06,+1.277133e-06,+1.681245e-06,+1.541569e-06,+1.585976e-06,+1.702621e-06,+1.694216e-06,+1.710627e-06,+1.699963e-06,+1.814483e-06,+1.812298e-06,+1.870946e-06,+2.059100e-06,+1.905890e-06,+2.021188e-06,+1.965812e-06,+2.180714e-06,+1.829113e-06,+2.019160e-06,+2.265516e-06,+2.250382e-06,+2.017484e-06,+2.302108e-06,+2.278982e-06,+2.216017e-06,+2.369977e-06,+2.569147e-06,+2.595982e-06,+2.697990e-06,+2.963469e-06,+2.558575e-06,+2.901543e-06,+2.299945e-06,+2.961393e-06,+2.538981e-06
4375-4400,+2.443237e-07,+2.494273e-07,+2.547709e-07,+2.692749e-07,+2.872759e-07,+2.920617e-07,+3.071050e-07,+3.121351e-07,+3.088917e-07,+3.160603e-07,+3.302827e-07,+3.285588e-07,+3.559973e-07,+3.624465e-07,+3.724528e-07,+3.690638e-07,+3.619551e-07,+3.966155e-07,+3.943626e-07,+3.900696e-07,+4.100910e-07,+4.100513e-07,+4.167012e-07,+4.255074e-07,+4.372778e-07,+4.401920e-07,+4.695511e-07,+4.909482e-07,+4.949132e-07,+5.094860e-07,+5.143677e-07,+5.292344e-07,+5.310737e-07,+5.412653e-07,+5.469529e-07,+5.528282e-07,+5.588675e-07,+5.718605e-07,+5.823452e-07,+5.933946e-07,+6.059945e-07,+6.108454e-07,+6.168651e-07,+6.243237e-07,+6.404778e-07,+6.461999e-07,+6.433688e-07,+6.740970e-07,+6.692414e-07,+6.631341e-07,+6.832547e-07,+6.984609e-07,+6.871789e-07,+6.962372e-07,+7.001958e-07,+7.208287e-07,+7.185636e-07,+7.294702e-07,+7.355265e-07,+7.532899e-07,+7.638965e-07,+7.615213e-07,+7.528823e-07,+7.737398e-07,+7.797847e-07,+7.965964e-07,+7.711397e-07,+8.064648e-07,+8.244964e-07,+8.306544e-07,+8.687681e-07,+8.663272e-07,+7.934565e-07,+8.721359e-07,+9.146780e-07,+9.112341e-07,+8.787406e-07,+8.664299e-07,+9.449500e-07,+9.197161e-07,+9.300030e-07,+9.667876e-07,+9.847766e-07,+9.294192e-07,+9.785548e-07,+9.999081e-07,+1.002808e-06,+9.923668e-07,+1.020852e-06,+1.015896e-06,+1.047306e-06,+1.016242e-06,+1.124421e-06,+1.140179e-06,+1.128013e-06,+1.121026e-06,+1.079559e-06,+1.122229e-06,+1.168024e-06,+1.315019e-06,+1.250475e-06,+1.364998e-06,+1.299789e-06,+1.254642e-06,+1.351101e-06,+1.374677e-06,+1.335412e-06,+1.539264e-06,+1.399630e-06,+1.572440e-06,+2.447036e-06,+5.569891e-06,+1.772379e-06,+1.617236e-06,+1.509286e-06,+1.625180e-06,+1.449576e-06,+1.376962e-06,+1.473150e-06,+1.503115e-06,+1.583376e-06,+1.684392e-06,+1.660949e-06,+1.799844e-06,+1.891579e-06,+1.706982e-06,+1.884844e-06,+1.934327e-06,+2.008971e-06,+1.940912e-06,+2.029038e-06,+2.105009e-06,+2.187638e-06,+2.005048e-06,+2.165650e-06,+2.347864e-06,+2.273616e-06,+2.269437e-06,+2.228814e-06,+2.148309e-06,+2.296135e-06,+2.463869e-06,+2.550432e-06,+2.654380e-06,+2.548112e-06,+2.846211e-06,+2.675934e-06,+2.786400e-06,+2.749390e-06,+3.281783e-06,+3.178349e-06
4400-4425,+2.619201e-07,+2.666402e-07,+2.745877e-07,+2.953258e-07,+3.147547e-07,+3.226088e-07,+3.330541e-07,+3.423519e-07,+3.490528e-07,+3.608296e-07,+3.703830e-07,+3.711566e-07,+3.896357e-07,+3.871509e-07,+3.936647e-07,+4.089456e-07,+4.007522e-07,+4.393496e-07,+4.277327e-07,+4.409422e-07,+4.432588e-07,+4.318116e-07,+4.350305e-07,+4.577856e-07,+4.477808e-07,+4.573025e-07,+4.940986e-07,+5.136749e-07,+5.133041e-07,+5.263252e-07,+5.292927e-07,+5.493584e-07,+5.487187e-07,+5.620371e-07,+5.685241e-07,+5.782005e-07,+5.801317e-07,+5.939427e-07,+6.079518e-07,+6.186987e-07,+6.195078e-07,+6.314893e-07,+6.462181e-07,+6.585498e-07,+6.681621e-07,+6.623898e-07,+6.900193e-07,+6.864188e-07,+6.986503e-07,+6.968228e-07,+7.075528e-07,+7.159779e-07,+7.216050e-07,+7.248746e-07,+7.275784e-07,+7.377451e-07,+7.550843e-07,+7.495958e-07,+7.690985e-07,+7.694816e-07,+7.752800e-07,+7.846538e-07,+7.760231e-07,+8.064093e-07,+8.133052e-07,+8.030261e-07,+7.833997e-07,+8.346646e-07,+8.574181e-07,+8.579017e-07,+8.622865e-07,+8.840953e-07,+8.184817e-07,+9.059932e-07,+9.356697e-07,+8.940394e-07,+9.109465e-07,+9.037451e-07,+1.027317e-06,+9.578711e-07,+9.577073e-07,+9.759375e-07,+1.025521e-06,+9.829181e-07,+1.043265e-06,+1.080577e-06,+9.869407e-07,+1.021895e-06,+1.041296e-06,+1.040228e-06,+1.079520e-06,+1.064018e-06,+1.133927e-06,+1.099859e-06,+1.154218e-06,+1.110567e-06,+1.107969e-06,+1.124905e-06,+1.188580e-06,+1.291851e-06,+1.236513e-06,+1.343542e-06,+1.273637e-06,+1.391462e-06,+1.466018e-06,+1.514269e-06,+1.653268e-06,+1.543341e-06,+1.555320e-06,+1.592438e-06,+1.823032e-06,+1.772379e-06,+4.796466e-06,+1.828886e-06,+1.661066e-06,+1.706873e-06,+1.483060e-06,+1.541470e-06,+1.713030e-06,+1.785092e-06,+1.691388e-06,+1.823619e-06,+1.807777e-06,+1.878696e-06,+2.104218e-06,+1.948499e-06,+1.974681e-06,+2.002287e-06,+1.863571e-06,+1.932755e-06,+2.140393e-06,+2.159760e-06,+2.333751e-06,+2.205931e-06,+2.064578e-06,+2.499796e-06,+2.471655e-06,+2.458056e-06,+2.500338e-06,+2.604038e-06,+2.389553e-06,+2.651454e-06,+2.876706e-06,+2.810335e-06,+2.643991e-06,+3.010257e-06,+2.802022e-06,+3.057391e-06,+3.131708e-06,+2.961075e-06,+3.741074e-06
4425-4450,+2.749847e-07,+2.777294e-07,+2.860309e-07,+3.068649e-07,+3.199373e-07,+3.356674e-07,+3.389279e-07,+3.527516e-07,+3.534278e-07,+3.756633e-07,+3.746512e-07,+3.890902e-07,+3.775548e-07,+3.945285e-07,+4.122916e-07,+4.249103e-07,+4.299360e-07,+4.340921e-07,+4.439013e-07,+4.573462e-07,+4.658989e-07,+4.624626e-07,+4.675899e-07,+4.798005e-07,+4.840591e-07,+4.919422e-07,+5.290471e-07,+5.454319e-07,+5.518885e-07,+5.733432e-07,+5.646904e-07,+5.789624e-07,+5.880464e-07,+5.944881e-07,+6.002922e-07,+6.119977e-07,+6.155094e-07,+6.258288e-07,+6.338813e-07,+6.550893e-07,+6.496872e-07,+6.640648e-07,+6.763833e-07,+6.808331e-07,+7.003891e-07,+7.049496e-07,+7.045340e-07,+7.118689e-07,+7.332687e-07,+7.294655e-07,+7.570384e-07,+7.596690e-07,+7.480612e-07,+7.503635e-07,+7.636817e-07,+7.820913e-07,+7.796152e-07,+7.845915e-07,+7.898945e-07,+8.037885e-07,+8.165675e-07,+8.175408e-07,+8.329428e-07,+8.234867e-07,+8.420795e-07,+8.347663e-07,+8.263634e-07,+8.513628e-07,+8.736867e-07,+8.812121e-07,+8.922767e-07,+9.037781e-07,+8.721541e-07,+9.065808e-07,+9.283465e-07,+9.105499e-07,+9.176947e-07,+8.949832e-07,+9.525014e-07,+9.667913e-07,+9.548773e-07,+1.004454e-06,+1.036175e-06,+9.987818e-07,+1.022117e-06,+1.022060e-06,+9.907814e-07,+1.051289e-06,+1.027116e-06,+1.032800e-06,+1.066535e-06,+1.084431e-06,+1.096363e-06,+1.089110e-06,+1.074327e-06,+1.020962e-06,+1.116414e-06,+1.158078e-06,+1.223765e-06,+1.276057e-06,+1.240377e-06,+1.252146e-06,+1.271545e-06,+1.319977e-06,+1.356944e-06,+1.708274e-06,+1.430372e-06,+1.412730e-06,+1.611250e-06,+1.716519e-06,+1.513016e-06,+1.617236e-06,+1.828886e-06,+8.036366e-06,+1.616133e-06,+1.727977e-06,+1.386574e-06,+1.551654e-06,+1.607040e-06,+1.707274e-06,+1.801461e-06,+1.933500e-06,+1.703136e-06,+2.045580e-06,+2.091629e-06,+2.007825e-06,+2.009086e-06,+2.001273e-06,+1.996647e-06,+2.004874e-06,+2.194738e-06,+2.178644e-06,+2.416143e-06,+2.183321e-06,+2.295074e-06,+2.481921e-06,+2.351002e-06,+2.381712e-06,+2.665269e-06,+2.826223e-06,+3.289591e-06,+2.673676e-06,+2.815367e-06,+2.776063e-06,+2.869065e-06,+2.231953e-06,+2.810373e-06,+3.153757e-06,+2.101713e-06,+3.176550e-06,+3.568994e-06
4450-4500,+2.793337e-07,+2.846615e-07,+2.989168e-07,+3.241098e-07,+3.341705e-07,+3.415468e-07,+3.550565e-07,+3.643782e-07,+3.765914e-07,+3.936309e-07,+4.035842e-07,+4.016854e-07,+4.163106e-07,+4.119732e-07,+4.344619e-07,+4.415286e-07,+4.487956e-07,+4.517563e-07,+4.596430e-07,+4.757925e-07,+4.505303e-07,+4.616717e-07,+4.689794e-07,+4.790994e-07,+4.899340e-07,+4.915749e-07,+5.285195e-07,+5.435211e-07,+5.408920e-07,+5.620060e-07,+5.659179e-07,+5.786965e-07,+5.879506e-07,+5.867554e-07,+6.009768e-07,+6.126524e-07,+6.184339e-07,+6.376969e-07,+6.480522e-07,+6.606700e-07,+6.563697e-07,+6.709550e-07,+6.887718e-07,+6.861310e-07,+7.090472e-07,+7.055238e-07,+7.180214e-07,+7.258774e-07,+7.119774e-07,+7.235023e-07,+7.425600e-07,+7.178203e-07,+7.494085e-07,+7.684271e-07,+7.643082e-07,+7.816594e-07,+7.825422e-07,+7.934533e-07,+8.056498e-07,+8.319193e-07,+8.180492e-07,+8.358547e-07,+8.259778e-07,+8.357976e-07,+8.542430e-07,+8.484856e-07,+8.394377e-07,+8.916210e-07,+9.099626e-07,+9.047467e-07,+9.003303e-07,+9.510116e-07,+7.771894e-07,+9.487870e-07,+9.640215e-07,+9.451842e-07,+9.605036e-07,+9.419545e-07,+1.017921e-06,+9.955392e-07,+1.029500e-06,+1.018425e-06,+1.039187e-06,+1.017821e-06,+1.077231e-06,+1.063058e-06,+1.041654e-06,+1.052528e-06,+1.112661e-06,+1.060085e-06,+1.173358e-06,+1.080829e-06,+1.103536e-06,+1.160972e-06,+1.149527e-06,+1.206438e-06,+1.217751e-06,+1.269280e-06,+1.246846e-06,+1.338319e-06,+1.260859e-06,+1.329520e-06,+1.351684e-06,+1.372974e-06,+1.573290e-06,+1.343126e-06,+1.607979e-06,+1.499195e-06,+1.381421e-06,+1.666231e-06,+1.610141e-06,+1.509286e-06,+1.661066e-06,+1.616133e-06,+6.300140e-06,+1.700744e-06,+1.683059e-06,+1.715004e-06,+1.805431e-06,+1.723244e-06,+1.887771e-06,+2.386439e-06,+1.808302e-06,+2.329404e-06,+2.143221e-06,+2.039905e-06,+2.050951e-06,+2.204435e-06,+2.118190e-06,+2.137198e-06,+2.583196e-06,+2.467194e-06,+2.561237e-06,+2.576124e-06,+2.336501e-06,+2.761141e-06,+2.747470e-06,+2.582427e-06,+2.759020e-06,+3.008598e-06,+2.895927e-06,+3.010895e-06,+3.130665e-06,+2.957513e-06,+3.006377e-06,+3.378765e-06,+2.783128e-06,+3.960868e-06,+2.864860e-06,+3.735098e-06,+5.167628e-06
4500-4575,+2.660367e-07,+2.694932e-07,+2.736058e-07,+2.997484e-07,+3.185538e-07,+3.262006e-07,+3.330394e-07,+3.402381e-07,+3.478606e-07,+3.577400e-07,+3.677628e-07,+3.861548e-07,+3.799186e-07,+3.920351e-07,+4.040583e-07,+4.102322e-07,+4.153644e-07,+4.255810e-07,+4.347758e-07,+4.460986e-07,+4.596221e-07,+4.545627e-07,+4.531939e-07,+4.635087e-07,+4.767148e-07,+4.792383e-07,+5.103356e-07,+5.304963e-07,+5.313916e-07,+5.462550e-07,+5.580772e-07,+5.658775e-07,+5.760063e-07,+5.837120e-07,+5.889157e-07,+6.011530e-07,+6.025100e-07,+6.208957e-07,+6.284407e-07,+6.414846e-07,+6.437161e-07,+6.592169e-07,+6.630419e-07,+6.782878e-07,+6.886090e-07,+7.201001e-07,+7.083273e-07,+7.276589e-07,+7.286815e-07,+7.182921e-07,+7.304025e-07,+7.531212e-07,+7.461591e-07,+7.492211e-07,+7.508796e-07,+7.835345e-07,+7.735650e-07,+7.799305e-07,+7.907641e-07,+7.997892e-07,+7.999874e-07,+8.081958e-07,+7.897808e-07,+8.190578e-07,+8.414923e-07,+8.376354e-07,+8.588241e-07,+8.697048e-07,+8.599695e-07,+8.844607e-07,+8.905596e-07,+9.134340e-07,+8.567344e-07,+9.424507e-07,+9.310258e-07,+9.418796e-07,+9.651818e-07,+9.221681e-07,+9.968157e-07,+1.030764e-06,+1.010356e-06,+1.018917e-06,+1.043989e-06,+1.033340e-06,+1.083136e-06,+1.076836e-06,+1.038143e-06,+1.080876e-06,+1.134292e-06,+1.060674e-06,+1.137363e-06,+1.139900e-06,+1.176316e-06,+1.217859e-06,+1.205825e-06,+1.152480e-06,+1.183891e-06,+1.192770e-06,+1.231725e-06,+1.316991e-06,+1.287291e-06,+1.373907e-06,+1.348414e-06,+1.370349e-06,+1.466725e-06,+1.421160e-06,+1.512656e-06,+1.448927e-06,+1.508661e-06,+1.678971e-06,+1.526576e-06,+1.625180e-06,+1.706873e-06,+1.727977e-06,+1.700744e-06,+4.710693e-06,+1.500859e-06,+1.573443e-06,+1.925545e-06,+1.576477e-06,+1.791795e-06,+1.948218e-06,+1.894800e-06,+2.182389e-06,+2.118160e-06,+1.944638e-06,+2.007399e-06,+2.148753e-06,+2.453958e-06,+2.264883e-06,+2.331166e-06,+2.301941e-06,+2.316640e-06,+2.397486e-06,+2.115068e-06,+2.423256e-06,+2.411881e-06,+2.551881e-06,+2.436957e-06,+2.489165e-06,+2.759110e-06,+2.621223e-06,+2.749336e-06,+3.178737e-06,+2.737474e-06,+2.983391e-06,+2.911532e-06,+3.261279e-06,+2.874226e-06,+3.461721e-06,+3.862118e-06
4575-4650,+2.524730e-07,+2.569310e-07,+2.618254e-07,+2.808682e-07,+2.987673e-07,+3.040391e-07,+3.174668e-07,+3.239096e-07,+3.346849e-07,+3.397164e-07,+3.467941e-07,+3.499962e-07,+3.752765e-07,+3.762840e-07,+3.843651e-07,+4.007093e-07,+4.058976e-07,+3.932118e-07,+4.511835e-07,+4.258613e-07,+4.349328e-07,+4.299087e-07,+4.311832e-07,+4.391874e-07,+4.599581e-07,+4.513676e-07,+4.865331e-07,+4.884425e-07,+4.921074e-07,+5.030170e-07,+5.159052e-07,+5.346022e-07,+5.383550e-07,+5.405221e-07,+5.531650e-07,+5.592660e-07,+5.611341e-07,+5.749044e-07,+5.864866e-07,+6.019100e-07,+6.037546e-07,+6.205404e-07,+6.241783e-07,+6.303382e-07,+6.391102e-07,+6.382655e-07,+6.662319e-07,+6.595237e-07,+6.728096e-07,+6.643081e-07,+6.701306e-07,+6.745011e-07,+6.874857e-07,+6.881221e-07,+6.941167e-07,+7.117644e-07,+7.030924e-07,+7.204051e-07,+7.303816e-07,+7.401398e-07,+7.409969e-07,+7.583965e-07,+7.388076e-07,+7.661940e-07,+7.664211e-07,+7.704275e-07,+7.858216e-07,+8.062630e-07,+8.130344e-07,+8.184577e-07,+8.283255e-07,+8.428966e-07,+7.972158e-07,+8.760514e-07,+8.890697e-07,+8.900935e-07,+8.764002e-07,+8.727417e-07,+9.577743e-07,+9.170557e-07,+9.297323e-07,+9.760018e-07,+9.520711e-07,+9.636369e-07,+9.920788e-07,+9.972461e-07,+1.017848e-06,+9.924861e-07,+1.068636e-06,+1.029676e-06,+1.087883e-06,+1.010171e-06,+1.077811e-06,+1.046915e-06,+1.146956e-06,+1.109941e-06,+1.238840e-06,+1.205302e-06,+1.249427e-06,+1.281809e-06,+1.224148e-06,+1.254375e-06,+1.352159e-06,+1.369889e-06,+1.372641e-06,+1.742258e-06,+1.556293e-06,+1.515399e-06,+1.406442e-06,+1.430470e-06,+1.444036e-06,+1.449576e-06,+1.483060e-06,+1.386574e-06,+1.683059e-06,+1.500859e-06,+5.049320e-06,+1.626880e-06,+1.698509e-06,+1.787284e-06,+1.943607e-06,+2.036777e-06,+2.083544e-06,+2.125373e-06,+2.101378e-06,+2.077465e-06,+2.174564e-06,+2.325748e-06,+2.403558e-06,+2.192859e-06,+2.549038e-06,+2.489246e-06,+2.685467e-06,+2.497490e-06,+2.624784e-06,+2.919261e-06,+2.528971e-06,+2.546100e-06,+3.195689e-06,+2.921816e-06,+3.264107e-06,+3.229458e-06,+3.158734e-06,+2.940374e-06,+3.068180e-06,+3.287970e-06,+3.205449e-06,+3.646813e-06,+3.063774e-06,+3.681601e-06,+4.565883e-06
4650-4725,+2.666556e-07,+2.725108e-07,+2.822239e-07,+3.031417e-07,+3.178432e-07,+3.266540e-07,+3.384388e-07,+3.458323e-07,+3.542024e-07,+3.682774e-07,+3.791848e-07,+3.686359e-07,+3.923203e-07,+4.046779e-07,+4.206592e-07,+4.181344e-07,+4.260826e-07,+4.331284e-07,+4.359233e-07,+4.437518e-07,+4.581990e-07,+4.588246e-07,+4.575142e-07,+4.696615e-07,+4.820900e-07,+4.800612e-07,+5.142278e-07,+5.284690e-07,+5.310975e-07,+5.492596e-07,+5.524976e-07,+5.640771e-07,+5.748790e-07,+5.821144e-07,+5.867912e-07,+5.940777e-07,+5.965092e-07,+6.129376e-07,+6.163075e-07,+6.398602e-07,+6.476141e-07,+6.551937e-07,+6.647905e-07,+6.629989e-07,+6.766056e-07,+6.877776e-07,+6.978102e-07,+7.135677e-07,+7.188593e-07,+7.063782e-07,+7.237849e-07,+7.306020e-07,+7.346448e-07,+7.377171e-07,+7.430104e-07,+7.707268e-07,+7.663233e-07,+7.842772e-07,+7.723991e-07,+7.883409e-07,+7.887613e-07,+8.045082e-07,+8.055459e-07,+8.053395e-07,+8.221778e-07,+8.364719e-07,+8.466693e-07,+8.464156e-07,+8.567388e-07,+8.670350e-07,+8.700993e-07,+9.111845e-07,+7.927157e-07,+9.209053e-07,+9.406634e-07,+9.282396e-07,+9.793751e-07,+9.409854e-07,+9.737616e-07,+9.522351e-07,+9.641520e-07,+1.064639e-06,+1.015326e-06,+1.032331e-06,+1.075367e-06,+1.043059e-06,+9.952159e-07,+1.082956e-06,+1.081230e-06,+1.071764e-06,+1.086435e-06,+1.118863e-06,+1.124413e-06,+1.096304e-06,+1.137402e-06,+1.225730e-06,+1.183119e-06,+1.188732e-06,+1.221258e-06,+1.314047e-06,+1.281578e-06,+1.348609e-06,+1.372750e-06,+1.487067e-06,+1.363541e-06,+1.429579e-06,+1.456237e-06,+1.424972e-06,+1.632919e-06,+1.417554e-06,+1.277133e-06,+1.376962e-06,+1.541470e-06,+1.551654e-06,+1.715004e-06,+1.573443e-06,+1.626880e-06,+5.773485e-06,+1.690861e-06,+1.670851e-06,+1.843735e-06,+1.812646e-06,+2.102145e-06,+1.947819e-06,+2.318293e-06,+2.336706e-06,+2.179644e-06,+2.199883e-06,+2.156942e-06,+2.299550e-06,+2.263637e-06,+2.723001e-06,+2.356802e-06,+2.569310e-06,+2.328381e-06,+2.982134e-06,+2.757760e-06,+3.091376e-06,+2.754711e-06,+2.779236e-06,+2.828766e-06,+3.157450e-06,+3.293305e-06,+3.279056e-06,+3.398503e-06,+3.488122e-06,+3.323890e-06,+3.427304e-06,+3.436745e-06,+4.029478e-06,+4.112676e-06
4725-4800,+2.748800e-07,+2.790606e-07,+2.886814e-07,+3.117508e-07,+3.285026e-07,+3.397389e-07,+3.462204e-07,+3.569929e-07,+3.650257e-07,+3.782952e-07,+3.874079e-07,+3.928578e-07,+3.979500e-07,+4.123012e-07,+4.178929e-07,+4.185661e-07,+4.331084e-07,+4.359917e-07,+4.553455e-07,+4.611996e-07,+4.770616e-07,+4.758188e-07,+4.709320e-07,+4.855879e-07,+5.073615e-07,+4.953911e-07,+5.107815e-07,+5.329499e-07,+5.495156e-07,+5.572081e-07,+5.943702e-07,+5.832945e-07,+5.854827e-07,+5.961372e-07,+6.112867e-07,+6.047869e-07,+6.230407e-07,+6.373467e-07,+6.449639e-07,+6.540041e-07,+6.521071e-07,+6.659845e-07,+6.858025e-07,+6.878597e-07,+7.006333e-07,+6.961529e-07,+7.114808e-07,+7.260757e-07,+7.186567e-07,+7.176711e-07,+7.482690e-07,+7.477447e-07,+7.500180e-07,+7.510950e-07,+7.582758e-07,+7.847044e-07,+7.821815e-07,+7.771197e-07,+7.979329e-07,+8.048859e-07,+8.166572e-07,+8.195160e-07,+8.184269e-07,+8.303279e-07,+8.476217e-07,+8.458361e-07,+8.595786e-07,+8.960074e-07,+8.879979e-07,+8.868297e-07,+9.003874e-07,+9.164275e-07,+8.690127e-07,+9.631719e-07,+9.386797e-07,+9.470095e-07,+9.692983e-07,+9.304396e-07,+1.012486e-06,+1.007963e-06,+1.010144e-06,+1.052685e-06,+1.041931e-06,+9.950473e-07,+1.049552e-06,+1.071108e-06,+1.015488e-06,+1.040238e-06,+1.085542e-06,+1.110560e-06,+1.134396e-06,+1.110656e-06,+1.209565e-06,+1.179449e-06,+1.139992e-06,+1.208835e-06,+1.245779e-06,+1.219164e-06,+1.263776e-06,+1.292753e-06,+1.368450e-06,+1.426852e-06,+1.313536e-06,+1.404629e-06,+1.463344e-06,+1.437133e-06,+1.528807e-06,+1.399703e-06,+1.622501e-06,+1.618015e-06,+1.681245e-06,+1.473150e-06,+1.713030e-06,+1.607040e-06,+1.805431e-06,+1.925545e-06,+1.698509e-06,+1.690861e-06,+6.808755e-06,+1.800883e-06,+2.185269e-06,+2.142666e-06,+2.269521e-06,+2.251527e-06,+2.435010e-06,+2.826672e-06,+2.378317e-06,+2.360592e-06,+2.657999e-06,+2.350060e-06,+2.728921e-06,+2.666602e-06,+2.415253e-06,+2.553110e-06,+2.468363e-06,+2.898386e-06,+3.008420e-06,+3.018123e-06,+2.748654e-06,+2.887727e-06,+3.104510e-06,+3.412747e-06,+3.671725e-06,+3.676919e-06,+3.408758e-06,+3.525024e-06,+3.767152e-06,+4.049378e-06,+3.652894e-06,+3.895382e-06,+4.809511e-06
4800-4936,+2.726679e-07,+2.708191e-07,+2.784603e-07,+2.983896e-07,+3.222788e-07,+3.289326e-07,+3.371304e-07,+3.450102e-07,+3.511261e-07,+3.573292e-07,+3.684566e-07,+3.700717e-07,+3.860019e-07,+3.842609e-07,+3.999343e-07,+4.121465e-07,+4.144874e-07,+4.258255e-07,+4.446935e-07,+4.445796e-07,+4.582235e-07,+4.592622e-07,+4.570326e-07,+4.727916e-07,+4.863157e-07,+4.805880e-07,+5.098487e-07,+5.131078e-07,+5.227262e-07,+5.322732e-07,+5.528944e-07,+5.617859e-07,+5.679299e-07,+5.767072e-07,+5.824961e-07,+5.895411e-07,+5.900958e-07,+6.133091e-07,+6.189006e-07,+6.323933e-07,+6.273412e-07,+6.587123e-07,+6.521476e-07,+6.556627e-07,+6.731427e-07,+6.661312e-07,+6.881960e-07,+6.841484e-07,+6.841892e-07,+6.971105e-07,+7.008405e-07,+6.985994e-07,+7.092787e-07,+7.068851e-07,+7.094003e-07,+7.329277e-07,+7.359003e-07,+7.439417e-07,+7.427388e-07,+7.542256e-07,+7.683507e-07,+7.742888e-07,+7.445811e-07,+7.691057e-07,+7.811044e-07,+7.869859e-07,+7.726395e-07,+8.166817e-07,+8.296163e-07,+8.223068e-07,+8.482351e-07,+8.661773e-07,+8.190862e-07,+8.922037e-07,+9.076290e-07,+8.959582e-07,+8.430078e-07,+8.758021e-07,+9.206167e-07,+9.199409e-07,+9.177358e-07,+9.744309e-07,+9.772955e-07,+9.460944e-07,+9.853273e-07,+9.985626e-07,+9.723530e-07,+9.897071e-07,+1.019837e-06,+9.857255e-07,+1.067983e-06,+1.038930e-06,+1.048640e-06,+1.104886e-06,+1.088408e-06,+1.114725e-06,+1.195696e-06,+1.214072e-06,+1.156300e-06,+1.237421e-06,+1.276234e-06,+1.190590e-06,+1.265357e-06,+1.320309e-06,+1.435678e-06,+1.426333e-06,+1.468294e-06,+1.484095e-06,+1.485364e-06,+1.513497e-06,+1.541569e-06,+1.503115e-06,+1.785092e-06,+1.707274e-06,+1.723244e-06,+1.576477e-06,+1.787284e-06,+1.670851e-06,+1.800883e-06,+5.996579e-06,+2.271273e-06,+2.151307e-06,+2.236995e-06,+2.298319e-06,+2.482194e-06,+2.431221e-06,+2.432637e-06,+2.356255e-06,+2.550840e-06,+2.390187e-06,+2.687006e-06,+2.579976e-06,+2.948628e-06,+2.491708e-06,+2.661644e-06,+2.983228e-06,+2.874337e-06,+2.937827e-06,+2.275930e-06,+3.113197e-06,+3.123399e-06,+3.376572e-06,+3.640752e-06,+3.639592e-06,+3.283294e-06,+3.647548e-06,+3.565683e-06,+3.953770e-06,+3.565411e-06,+4.290235e-06,+4.665500e-06
5075-5370,+2.915822e-07,+2.929314e-07,+3.003757e-07,+3.269843e-07,+3.485410e-07,+3.562020e-07,+3.617880e-07,+3.735388e-07,+3.787045e-07,+3.866374e-07,+3.954316e-07,+3.968096e-07,+4.138988e-07,+4.215776e-07,+4.381303e-07,+4.466745e-07,+4.500313e-07,+4.585588e-07,+4.767360e-07,+4.845752e-07,+5.004323e-07,+5.035934e-07,+4.964391e-07,+5.099046e-07,+5.369845e-07,+5.195748e-07,+5.480469e-07,+5.551593e-07,+5.717082e-07,+5.780228e-07,+5.976206e-07,+6.034902e-07,+6.095547e-07,+6.208356e-07,+6.327986e-07,+6.346419e-07,+6.379351e-07,+6.560301e-07,+6.589850e-07,+6.807240e-07,+6.721268e-07,+7.065872e-07,+6.928848e-07,+7.053909e-07,+7.200099e-07,+7.238167e-07,+7.370275e-07,+7.475757e-07,+7.536597e-07,+7.434914e-07,+7.565889e-07,+7.655989e-07,+7.781771e-07,+7.709285e-07,+7.713335e-07,+7.997462e-07,+8.056778e-07,+8.061457e-07,+8.077917e-07,+8.123199e-07,+8.402198e-07,+8.360685e-07,+8.056858e-07,+8.409333e-07,+8.573801e-07,+8.667042e-07,+8.695570e-07,+8.872903e-07,+9.017966e-07,+9.132973e-07,+9.244927e-07,+9.166808e-07,+8.940097e-07,+9.493421e-07,+9.724111e-07,+9.653295e-07,+9.385220e-07,+9.445054e-07,+9.891743e-07,+9.933517e-07,+1.005299e-06,+1.036626e-06,+1.048823e-06,+1.024009e-06,+1.068079e-06,+1.060178e-06,+1.056874e-06,+1.109453e-06,+1.136810e-06,+1.116215e-06,+1.171015e-06,+1.141961e-06,+1.195327e-06,+1.209866e-06,+1.170976e-06,+1.223876e-06,+1.391856e-06,+1.318411e-06,+1.343055e-06,+1.305320e-06,+1.374823e-06,+1.362786e-06,+1.380770e-06,+1.651404e-06,+1.510182e-06,+1.508963e-06,+1.589413e-06,+1.570448e-06,+1.699519e-06,+1.669792e-06,+1.585976e-06,+1.583376e-06,+1.691388e-06,+1.801461e-06,+1.887771e-06,+1.791795e-06,+1.943607e-06,+1.843735e-06,+2.185269e-06,+2.271273e-06,+5.012859e-06,+2.427725e-06,+2.485293e-06,+2.798705e-06,+2.830280e-06,+2.662571e-06,+2.723879e-06,+2.923063e-06,+2.732157e-06,+2.780420e-06,+2.991196e-06,+3.062875e-06,+3.087783e-06,+3.326867e-06,+2.986504e-06,+3.723896e-06,+3.415023e-06,+3.281371e-06,+3.701561e-06,+3.584758e-06,+4.249787e-06,+4.318562e-06,+3.831141e-06,+4.355410e-06,+4.112486e-06,+4.409859e-06,+4.057183e-06,+4.580010e-06,+3.990363e-06,+5.045025e-06,+5.509428e-06
5400-5550,+3.100296e-07,+3.042413e-07,+3.133282e-07,+3.474003e-07,+3.639932e-07,+3.708424e-07,+3.751189e-07,+3.856938e-07,+3.973462e-07,+4.112047e-07,+4.211624e-07,+4.243887e-07,+4.333514e-07,+4.398625e-07,+4.543384e-07,+4.763036e-07,+4.842480e-07,+4.858712e-07,+4.958705e-07,+5.188959e-07,+5.250711e-07,+5.251212e-07,+5.153291e-07,+5.369026e-07,+5.609835e-07,+5.422577e-07,+5.622205e-07,+5.796549e-07,+5.887218e-07,+5.904485e-07,+6.051999e-07,+6.390523e-07,+6.331667e-07,+6.332188e-07,+6.536098e-07,+6.576497e-07,+6.592060e-07,+6.763289e-07,+6.912376e-07,+6.949295e-07,+6.953378e-07,+7.113428e-07,+7.399552e-07,+7.499189e-07,+7.717998e-07,+7.241284e-07,+7.753864e-07,+7.751902e-07,+7.933746e-07,+7.629354e-07,+7.952308e-07,+8.071119e-07,+8.166670e-07,+8.284903e-07,+8.028335e-07,+8.363110e-07,+8.460957e-07,+8.466902e-07,+8.670852e-07,+8.877017e-07,+8.819788e-07,+8.987734e-07,+8.749369e-07,+8.981908e-07,+9.157970e-07,+8.983706e-07,+9.300672e-07,+9.305269e-07,+9.801560e-07,+9.513772e-07,+9.738961e-07,+9.890350e-07,+9.571975e-07,+1.028768e-06,+1.055262e-06,+1.017693e-06,+1.034296e-06,+9.979102e-07,+1.075235e-06,+1.058425e-06,+1.069741e-06,+1.107073e-06,+1.102703e-06,+1.094976e-06,+1.152290e-06,+1.120247e-06,+1.108303e-06,+1.138117e-06,+1.220583e-06,+1.188324e-06,+1.227336e-06,+1.203729e-06,+1.294290e-06,+1.265054e-06,+1.258855e-06,+1.341640e-06,+1.468939e-06,+1.467874e-06,+1.469805e-06,+1.404067e-06,+1.483232e-06,+1.474104e-06,+1.494894e-06,+1.551506e-06,+1.686056e-06,+1.663516e-06,+1.778613e-06,+1.672827e-06,+1.778225e-06,+1.739427e-06,+1.702621e-06,+1.684392e-06,+1.823619e-06,+1.933500e-06,+2.386439e-06,+1.948218e-06,+2.036777e-06,+1.812646e-06,+2.142666e-06,+2.151307e-06,+2.427725e-06,+7.789608e-06,+2.596709e-06,+2.782254e-06,+2.736319e-06,+3.108740e-06,+3.018197e-06,+2.905114e-06,+3.088586e-06,+2.852368e-06,+3.427670e-06,+3.063797e-06,+3.562152e-06,+3.176470e-06,+3.481503e-06,+3.823676e-06,+3.346614e-06,+3.291272e-06,+3.323129e-06,+3.929983e-06,+3.729497e-06,+3.815588e-06,+3.491593e-06,+3.785430e-06,+4.054125e-06,+3.988357e-06,+3.864834e-06,+4.576789e-06,+3.858711e-06,+4.973414e-06,+6.023157e-06
5550-5600,+3.048674e-07,+3.045906e-07,+3.126707e-07,+3.454499e-07,+3.674817e-07,+3.749342e-07,+3.833029e-07,+3.962134e-07,+4.080987e-07,+4.195858e-07,+4.278963e-07,+4.242588e-07,+4.512654e-07,+4.559334e-07,+4.737680e-07,+4.855105e-07,+4.893036e-07,+4.904111e-07,+5.087392e-07,+5.044837e-07,+5.498966e-07,+5.783372e-07,+5.402510e-07,+5.488513e-07,+6.042688e-07,+5.561415e-07,+5.797382e-07,+5.698294e-07,+5.916833e-07,+6.096687e-07,+6.281020e-07,+6.402879e-07,+6.359509e-07,+6.448927e-07,+6.648286e-07,+6.694461e-07,+6.618653e-07,+6.824549e-07,+6.768633e-07,+6.920337e-07,+7.144221e-07,+7.264911e-07,+7.421026e-07,+7.393036e-07,+7.555894e-07,+7.865385e-07,+7.925245e-07,+7.738939e-07,+8.089204e-07,+7.701363e-07,+7.972588e-07,+8.355117e-07,+8.069290e-07,+8.015563e-07,+8.332920e-07,+8.522543e-07,+8.436345e-07,+8.606476e-07,+8.387574e-07,+8.880933e-07,+8.840006e-07,+8.999305e-07,+8.792381e-07,+8.983233e-07,+9.076149e-07,+8.867279e-07,+8.928955e-07,+9.269267e-07,+9.382628e-07,+9.610547e-07,+9.860999e-07,+1.014501e-06,+9.342117e-07,+1.035754e-06,+1.023060e-06,+1.007684e-06,+1.005121e-06,+1.051410e-06,+1.087875e-06,+1.069153e-06,+1.072290e-06,+1.118881e-06,+1.141141e-06,+1.141882e-06,+1.065571e-06,+1.168306e-06,+1.155713e-06,+1.210129e-06,+1.242769e-06,+1.165464e-06,+1.254357e-06,+1.220123e-06,+1.270387e-06,+1.324942e-06,+1.327672e-06,+1.329580e-06,+1.446834e-06,+1.393599e-06,+1.441637e-06,+1.439821e-06,+1.485987e-06,+1.681313e-06,+1.474182e-06,+1.589921e-06,+1.628842e-06,+1.539692e-06,+1.702159e-06,+1.632687e-06,+1.690000e-06,+1.799105e-06,+1.694216e-06,+1.660949e-06,+1.807777e-06,+1.703136e-06,+1.808302e-06,+1.894800e-06,+2.083544e-06,+2.102145e-06,+2.269521e-06,+2.236995e-06,+2.485293e-06,+2.596709e-06,+1.028753e-05,+3.295516e-06,+3.391172e-06,+2.997667e-06,+4.210412e-06,+3.680021e-06,+3.013189e-06,+3.250887e-06,+3.319208e-06,+3.631847e-06,+3.515463e-06,+3.530440e-06,+3.499561e-06,+4.198189e-06,+3.886111e-06,+4.141663e-06,+3.926341e-06,+4.018615e-06,+4.577769e-06,+4.213695e-06,+4.707492e-06,+4.752735e-06,+4.831594e-06,+4.704060e-06,+4.350537e-06,+3.366997e-06,+4.163291e-06,+5.352092e-06,+5.990155e-06
5600-5750,+3.159981e-07,+3.189819e-07,+3.275323e-07,+3.621549e-07,+3.852178e-07,+3.865091e-07,+3.983912e-07,+4.121050e-07,+4.168821e-07,+4.255742e-07,+4.384268e-07,+4.427268e-07,+4.774535e-07,+4.593992e-07,+4.886351e-07,+5.094901e-07,+5.082344e-07,+5.112352e-07,+5.289615e-07,+5.375099e-07,+5.664413e-07,+6.035486e-07,+5.632374e-07,+5.807472e-07,+6.462628e-07,+6.052692e-07,+6.122559e-07,+6.191066e-07,+6.258084e-07,+6.499399e-07,+6.617164e-07,+6.736991e-07,+6.828426e-07,+6.868981e-07,+7.067156e-07,+7.122508e-07,+7.056000e-07,+7.230654e-07,+7.119694e-07,+7.490312e-07,+7.343980e-07,+7.742362e-07,+7.794583e-07,+7.858640e-07,+8.174857e-07,+8.203587e-07,+8.120487e-07,+8.388510e-07,+8.555532e-07,+8.218873e-07,+8.356239e-07,+8.814691e-07,+8.679261e-07,+8.646738e-07,+8.661502e-07,+8.866790e-07,+9.017660e-07,+9.185676e-07,+9.040833e-07,+9.295193e-07,+9.309681e-07,+9.446610e-07,+9.266947e-07,+9.553858e-07,+9.654205e-07,+9.809410e-07,+9.942201e-07,+1.017221e-06,+1.019033e-06,+9.972971e-07,+1.052825e-06,+1.077787e-06,+1.030549e-06,+1.041108e-06,+1.077029e-06,+1.118800e-06,+1.069508e-06,+1.067220e-06,+1.147041e-06,+1.130661e-06,+1.147043e-06,+1.140944e-06,+1.195462e-06,+1.113937e-06,+1.217979e-06,+1.159272e-06,+1.201878e-06,+1.244548e-06,+1.305485e-06,+1.200321e-06,+1.355775e-06,+1.253133e-06,+1.352553e-06,+1.428387e-06,+1.400620e-06,+1.363154e-06,+1.675421e-06,+1.484015e-06,+1.532129e-06,+1.505282e-06,+1.455431e-06,+1.546837e-06,+1.671354e-06,+1.634750e-06,+1.755083e-06,+1.708169e-06,+1.747313e-06,+1.717025e-06,+1.714039e-06,+1.839656e-06,+1.710627e-06,+1.799844e-06,+1.878696e-06,+2.045580e-06,+2.329404e-06,+2.182389e-06,+2.125373e-06,+1.947819e-06,+2.251527e-06,+2.298319e-06,+2.798705e-06,+2.782254e-06,+3.295516e-06,+1.122768e-05,+3.394362e-06,+2.897946e-06,+3.047850e-06,+4.080855e-06,+3.067037e-06,+3.517319e-06,+3.605354e-06,+3.582322e-06,+3.722926e-06,+3.455602e-06,+3.324945e-06,+3.928731e-06,+4.477228e-06,+3.260803e-06,+3.576421e-06,+4.168964e-06,+4.097843e-06,+4.331317e-06,+4.272546e-06,+4.673441e-06,+4.972484e-06,+5.313744e-06,+4.549759e-06,+5.365723e-06,+4.925759e-06,+5.193613e-06,+6.124267e-06
5750-5850,+3.252626e-07,+3.287467e-07,+3.422469e-07,+3.742266e-07,+4.011835e-07,+4.026967e-07,+4.168449e-07,+4.333635e-07,+4.363780e-07,+4.480009e-07,+4.536761e-07,+4.499558e-07,+4.743389e-07,+4.830269e-07,+5.045628e-07,+5.112510e-07,+5.269863e-07,+5.331214e-07,+5.562609e-07,+5.584482e-07,+5.884179e-07,+6.212433e-07,+5.859101e-07,+6.190890e-07,+6.813633e-07,+6.244988e-07,+6.514236e-07,+6.460632e-07,+6.651916e-07,+6.900737e-07,+6.944076e-07,+7.151058e-07,+7.167330e-07,+7.345039e-07,+7.365691e-07,+7.364235e-07,+7.281662e-07,+7.564457e-07,+7.616606e-07,+7.795322e-07,+7.802701e-07,+8.079967e-07,+8.052967e-07,+8.215735e-07,+8.306391e-07,+8.448274e-07,+8.410767e-07,+8.690152e-07,+8.928904e-07,+8.691042e-07,+8.829031e-07,+9.290467e-07,+8.890556e-07,+9.038942e-07,+9.119705e-07,+9.312815e-07,+9.254450e-07,+9.596506e-07,+9.301729e-07,+9.679834e-07,+9.513640e-07,+9.675026e-07,+9.477540e-07,+9.762267e-07,+9.893738e-07,+9.841413e-07,+9.580471e-07,+1.013517e-06,+1.019982e-06,+1.029562e-06,+1.042140e-06,+1.091888e-06,+1.039051e-06,+1.103863e-06,+1.163848e-06,+1.116155e-06,+1.116352e-06,+1.154554e-06,+1.204747e-06,+1.189056e-06,+1.230872e-06,+1.242663e-06,+1.226068e-06,+1.229520e-06,+1.290702e-06,+1.298301e-06,+1.267906e-06,+1.322168e-06,+1.370657e-06,+1.324616e-06,+1.426345e-06,+1.350515e-06,+1.442538e-06,+1.505959e-06,+1.444689e-06,+1.457854e-06,+1.568566e-06,+1.549966e-06,+1.609885e-06,+1.642363e-06,+1.650388e-06,+1.692785e-06,+1.643819e-06,+1.791728e-06,+1.834306e-06,+1.820537e-06,+1.872772e-06,+1.763737e-06,+1.884415e-06,+1.939627e-06,+1.699963e-06,+1.891579e-06,+2.104218e-06,+2.091629e-06,+2.143221e-06,+2.118160e-06,+2.101378e-06,+2.318293e-06,+2.435010e-06,+2.482194e-06,+2.830280e-06,+2.736319e-06,+3.391172e-06,+3.394362e-06,+1.323666e-05,+3.741868e-06,+3.760606e-06,+3.694461e-06,+5.030500e-06,+3.968099e-06,+3.765899e-06,+4.238460e-06,+4.140586e-06,+4.187643e-06,+3.881106e-06,+4.634611e-06,+4.221182e-06,+4.244345e-06,+4.384580e-06,+4.586092e-06,+4.827117e-06,+4.809767e-06,+5.424675e-06,+5.713031e-06,+4.725128e-06,+4.790936e-06,+6.297978e-06,+4.846817e-06,+5.124720e-06,+5.939890e-06,+6.785597e-06
5850-5950,+3.372113e-07,+3.350830e-07,+3.478449e-07,+3.832145e-07,+4.013150e-07,+4.123330e-07,+4.195788e-07,+4.349321e-07,+4.432320e-07,+4.563052e-07,+4.667953e-07,+4.666270e-07,+4.795886e-07,+4.966139e-07,+5.184937e-07,+5.286652e-07,+5.320893e-07,+5.330725e-07,+5.584170e-07,+5.654834e-07,+6.219684e-07,+5.951837e-07,+5.909814e-07,+6.482822e-07,+6.773176e-07,+6.136790e-07,+6.409086e-07,+6.617239e-07,+6.763182e-07,+6.857733e-07,+6.779582e-07,+7.153120e-07,+7.176970e-07,+7.168597e-07,+7.341179e-07,+7.348365e-07,+7.406351e-07,+7.565084e-07,+7.702094e-07,+7.854696e-07,+7.746246e-07,+7.983534e-07,+8.197442e-07,+8.271793e-07,+8.402544e-07,+8.153008e-07,+8.497965e-07,+8.543165e-07,+8.677396e-07,+8.564987e-07,+8.857145e-07,+9.035141e-07,+9.102155e-07,+9.077612e-07,+8.973065e-07,+9.368100e-07,+9.347377e-07,+9.190069e-07,+9.465835e-07,+9.639033e-07,+9.762251e-07,+9.864961e-07,+9.782049e-07,+9.710252e-07,+9.973165e-07,+1.001473e-06,+1.007754e-06,+1.014115e-06,+1.033858e-06,+1.051447e-06,+1.073224e-06,+1.082880e-06,+1.059439e-06,+1.133521e-06,+1.145243e-06,+1.118648e-06,+1.136633e-06,+1.140285e-06,+1.205686e-06,+1.175715e-06,+1.196705e-06,+1.244388e-06,+1.227186e-06,+1.233094e-06,+1.273305e-06,+1.270540e-06,+1.217961e-06,+1.317874e-06,+1.318413e-06,+1.362067e-06,+1.346451e-06,+1.322225e-06,+1.454821e-06,+1.385948e-06,+1.364511e-06,+1.433713e-06,+1.560565e-06,+1.554970e-06,+1.558364e-06,+1.574187e-06,+1.674801e-06,+1.642275e-06,+1.692935e-06,+1.711709e-06,+1.657515e-06,+1.777515e-06,+1.806833e-06,+1.764004e-06,+1.886530e-06,+1.922423e-06,+1.814483e-06,+1.706982e-06,+1.948499e-06,+2.007825e-06,+2.039905e-06,+1.944638e-06,+2.077465e-06,+2.336706e-06,+2.826672e-06,+2.431221e-06,+2.662571e-06,+3.108740e-06,+2.997667e-06,+2.897946e-06,+3.741868e-06,+1.389709e-05,+3.977185e-06,+3.047477e-06,+2.883723e-06,+3.678771e-06,+3.569098e-06,+3.388466e-06,+3.582660e-06,+3.427868e-06,+4.009674e-06,+4.132854e-06,+4.035230e-06,+4.083430e-06,+4.825666e-06,+3.743553e-06,+4.289917e-06,+5.308640e-06,+4.685520e-06,+4.722066e-06,+4.576927e-06,+3.985205e-06,+4.224072e-06,+4.871193e-06,+4.233708e-06,+5.033524e-06,+5.610209e-06
5950-6075,+3.193457e-07,+3.128602e-07,+3.241546e-07,+3.623116e-07,+3.844953e-07,+3.951955e-07,+4.028563e-07,+4.155735e-07,+4.254521e-07,+4.382204e-07,+4.442761e-07,+4.354709e-07,+4.619258e-07,+4.872134e-07,+4.938966e-07,+5.131654e-07,+5.189013e-07,+5.225172e-07,+5.363047e-07,+5.416290e-07,+5.977415e-07,+5.881539e-07,+5.580352e-07,+6.116612e-07,+6.575554e-07,+5.816513e-07,+6.070010e-07,+5.923713e-07,+6.189647e-07,+6.370357e-07,+6.621762e-07,+6.737910e-07,+6.659143e-07,+6.701159e-07,+7.149372e-07,+6.956522e-07,+6.824550e-07,+7.127403e-07,+7.099230e-07,+7.244333e-07,+7.288319e-07,+7.503998e-07,+7.675444e-07,+7.772167e-07,+7.797597e-07,+8.173268e-07,+8.268415e-07,+8.286408e-07,+8.385811e-07,+8.115996e-07,+8.346964e-07,+8.560025e-07,+8.497815e-07,+8.420343e-07,+8.672613e-07,+8.831615e-07,+8.651389e-07,+8.680731e-07,+8.781176e-07,+9.093938e-07,+9.131706e-07,+9.327189e-07,+9.201971e-07,+9.383960e-07,+9.273994e-07,+9.324930e-07,+9.471547e-07,+9.740611e-07,+9.508820e-07,+9.972912e-07,+1.032929e-06,+1.072986e-06,+9.567481e-07,+1.053493e-06,+1.030571e-06,+1.055824e-06,+1.110285e-06,+1.121821e-06,+1.167814e-06,+1.107145e-06,+1.156507e-06,+1.197465e-06,+1.212125e-06,+1.208274e-06,+1.208578e-06,+1.230786e-06,+1.212036e-06,+1.279371e-06,+1.340439e-06,+1.282243e-06,+1.327158e-06,+1.287320e-06,+1.420537e-06,+1.418030e-06,+1.400138e-06,+1.435978e-06,+1.537290e-06,+1.499989e-06,+1.557024e-06,+1.593629e-06,+1.631122e-06,+1.663531e-06,+1.539214e-06,+1.858968e-06,+1.774549e-06,+1.736722e-06,+1.867491e-06,+1.839901e-06,+1.935456e-06,+1.884925e-06,+1.812298e-06,+1.884844e-06,+1.974681e-06,+2.009086e-06,+2.050951e-06,+2.007399e-06,+2.174564e-06,+2.179644e-06,+2.378317e-06,+2.432637e-06,+2.723879e-06,+3.018197e-06,+4.210412e-06,+3.047850e-06,+3.760606e-06,+3.977185e-06,+1.374790e-05,+3.758491e-06,+4.145604e-06,+4.162486e-06,+3.521478e-06,+4.167060e-06,+4.056038e-06,+3.945546e-06,+3.876910e-06,+5.046791e-06,+4.350930e-06,+4.084458e-06,+4.104517e-06,+4.856805e-06,+4.391571e-06,+5.139387e-06,+4.293567e-06,+5.023229e-06,+3.818238e-06,+6.152413e-06,+4.672680e-06,+7.018592e-06,+5.241293e-06,+6.709454e-06,+6.838664e-06
6075-6200,+3.134868e-07,+3.161688e-07,+3.284166e-07,+3.651603e-07,+3.905884e-07,+3.946471e-07,+4.024662e-07,+4.200255e-07,+4.294831e-07,+4.388362e-07,+4.524434e-07,+4.506226e-07,+4.779007e-07,+4.839225e-07,+4.998853e-07,+5.195831e-07,+5.241012e-07,+5.210549e-07,+5.365373e-07,+5.503646e-07,+5.648903e-07,+5.679864e-07,+5.391971e-07,+5.545427e-07,+6.173093e-07,+5.705739e-07,+6.005885e-07,+6.018645e-07,+6.075912e-07,+6.319261e-07,+6.441930e-07,+6.586544e-07,+6.631720e-07,+6.790222e-07,+6.887491e-07,+6.988542e-07,+6.846851e-07,+7.067052e-07,+6.847270e-07,+7.304875e-07,+7.135713e-07,+7.536438e-07,+7.609722e-07,+7.652973e-07,+7.912751e-07,+8.201545e-07,+8.100842e-07,+8.428878e-07,+8.553551e-07,+8.227852e-07,+8.243953e-07,+8.589745e-07,+8.602238e-07,+8.645964e-07,+8.654299e-07,+8.916896e-07,+8.708220e-07,+9.168785e-07,+8.981766e-07,+9.152356e-07,+9.177132e-07,+9.494479e-07,+9.186691e-07,+9.565158e-07,+9.619534e-07,+9.486497e-07,+9.962119e-07,+9.928932e-07,+9.816426e-07,+1.050085e-06,+1.047744e-06,+1.087660e-06,+9.782472e-07,+1.060688e-06,+1.041976e-06,+1.085043e-06,+1.085604e-06,+1.098088e-06,+1.131521e-06,+1.119755e-06,+1.162606e-06,+1.198282e-06,+1.188660e-06,+1.187032e-06,+1.230975e-06,+1.202185e-06,+1.209795e-06,+1.295038e-06,+1.390719e-06,+1.323031e-06,+1.359234e-06,+1.308717e-06,+1.375880e-06,+1.460520e-06,+1.437636e-06,+1.460914e-06,+1.630566e-06,+1.471398e-06,+1.686708e-06,+1.619216e-06,+1.638556e-06,+1.678430e-06,+1.691865e-06,+1.853779e-06,+1.806544e-06,+1.784266e-06,+1.964433e-06,+1.841983e-06,+1.962922e-06,+1.929604e-06,+1.870946e-06,+1.934327e-06,+2.002287e-06,+2.001273e-06,+2.204435e-06,+2.148753e-06,+2.325748e-06,+2.199883e-06,+2.360592e-06,+2.356255e-06,+2.923063e-06,+2.905114e-06,+3.680021e-06,+4.080855e-06,+3.694461e-06,+3.047477e-06,+3.758491e-06,+1.144721e-05,+3.460432e-06,+3.935623e-06,+3.374915e-06,+4.859747e-06,+3.918608e-06,+4.163267e-06,+4.170642e-06,+4.640488e-06,+4.789204e-06,+4.186866e-06,+4.421860e-06,+4.480077e-06,+4.410948e-06,+4.852211e-06,+4.977274e-06,+5.369584e-06,+4.579115e-06,+5.950458e-06,+5.225685e-06,+5.958214e-06,+5.452999e-06,+6.353836e-06,+6.803151e-06
6200-6275,+3.188160e-07,+3.151718e-07,+3.323091e-07,+3.692832e-07,+3.981880e-07,+4.067093e-07,+4.120450e-07,+4.286992e-07,+4.398510e-07,+4.503194e-07,+4.578190e-07,+4.585900e-07,+4.870130e-07,+5.063880e-07,+5.169200e-07,+5.292433e-07,+5.367959e-07,+5.372407e-07,+5.666652e-07,+5.795246e-07,+5.952251e-07,+6.879027e-07,+5.981149e-07,+5.989131e-07,+7.706568e-07,+6.579379e-07,+6.468097e-07,+6.165371e-07,+6.594251e-07,+6.717310e-07,+6.865245e-07,+6.965980e-07,+7.017211e-07,+6.948658e-07,+7.272905e-07,+7.205408e-07,+7.264207e-07,+7.230055e-07,+7.522648e-07,+7.704312e-07,+7.436820e-07,+7.902504e-07,+7.921699e-07,+7.941132e-07,+8.136900e-07,+8.216974e-07,+8.343351e-07,+8.462667e-07,+8.223500e-07,+8.335305e-07,+8.592104e-07,+8.528114e-07,+8.634755e-07,+8.819270e-07,+9.009254e-07,+9.241107e-07,+8.977513e-07,+9.271585e-07,+9.118021e-07,+9.321220e-07,+9.509999e-07,+9.670662e-07,+9.371093e-07,+9.503996e-07,+9.590088e-07,+1.016838e-06,+1.082776e-06,+9.894647e-07,+1.007828e-06,+1.022648e-06,+1.036038e-06,+1.110687e-06,+1.005149e-06,+1.116797e-06,+1.078918e-06,+1.126684e-06,+1.132332e-06,+1.132059e-06,+1.180143e-06,+1.178609e-06,+1.197325e-06,+1.249122e-06,+1.239950e-06,+1.245789e-06,+1.271152e-06,+1.287258e-06,+1.281706e-06,+1.210114e-06,+1.374104e-06,+1.318754e-06,+1.382132e-06,+1.365642e-06,+1.406131e-06,+1.643055e-06,+1.435728e-06,+1.493905e-06,+1.492974e-06,+1.557447e-06,+1.599521e-06,+1.614057e-06,+1.591886e-06,+1.672536e-06,+1.664925e-06,+1.740445e-06,+1.839072e-06,+1.782043e-06,+1.918605e-06,+1.946174e-06,+1.957510e-06,+1.884915e-06,+2.059100e-06,+2.008971e-06,+1.863571e-06,+1.996647e-06,+2.118190e-06,+2.453958e-06,+2.403558e-06,+2.156942e-06,+2.657999e-06,+2.550840e-06,+2.732157e-06,+3.088586e-06,+3.013189e-06,+3.067037e-06,+5.030500e-06,+2.883723e-06,+4.145604e-06,+3.460432e-06,+2.391494e-05,+5.698437e-06,+4.378601e-06,+3.547662e-06,+4.038517e-06,+4.948224e-06,+4.401604e-06,+4.694467e-06,+3.912157e-06,+4.082767e-06,+3.959507e-06,+4.662405e-06,+4.338055e-06,+4.161741e-06,+4.021907e-06,+6.776528e-06,+4.159154e-06,+4.885603e-06,+5.941185e-06,+6.735289e-06,+5.493304e-06,+5.803019e-06,+7.580889e-06
6275-6425,+3.177101e-07,+3.266012e-07,+3.409516e-07,+3.768465e-07,+4.068317e-07,+4.175483e-07,+4.269485e-07,+4.388103e-07,+4.464632e-07,+4.609916e-07,+4.687161e-07,+4.737278e-07,+4.926626e-07,+5.073264e-07,+5.175891e-07,+5.322716e-07,+5.599304e-07,+5.550592e-07,+5.646451e-07,+5.752586e-07,+5.975579e-07,+6.411033e-07,+5.908112e-07,+6.075716e-07,+7.203635e-07,+6.407340e-07,+6.422483e-07,+6.183229e-07,+6.367591e-07,+6.670666e-07,+6.731897e-07,+6.892550e-07,+6.945289e-07,+6.873488e-07,+7.250961e-07,+7.200638e-07,+7.196684e-07,+7.358625e-07,+7.443637e-07,+7.676217e-07,+7.481683e-07,+7.649546e-07,+7.862189e-07,+8.023686e-07,+7.882827e-07,+8.231467e-07,+8.496416e-07,+8.467056e-07,+8.559022e-07,+8.451930e-07,+8.706741e-07,+8.665279e-07,+8.854375e-07,+8.838637e-07,+8.954058e-07,+9.286879e-07,+8.714230e-07,+9.211348e-07,+9.101310e-07,+9.531176e-07,+9.288372e-07,+9.623362e-07,+9.250968e-07,+9.779633e-07,+9.568544e-07,+9.758130e-07,+1.002992e-06,+1.007404e-06,+9.484290e-07,+1.052552e-06,+1.048437e-06,+1.129598e-06,+9.837772e-07,+1.105065e-06,+1.046013e-06,+1.134266e-06,+1.137413e-06,+1.159565e-06,+1.191733e-06,+1.174839e-06,+1.196228e-06,+1.240277e-06,+1.241693e-06,+1.250244e-06,+1.286130e-06,+1.279801e-06,+1.269811e-06,+1.329600e-06,+1.374016e-06,+1.342222e-06,+1.398411e-06,+1.342038e-06,+1.439100e-06,+1.641856e-06,+1.448547e-06,+1.491312e-06,+1.607462e-06,+1.586666e-06,+1.586293e-06,+1.554502e-06,+1.690032e-06,+1.660283e-06,+1.761945e-06,+1.803145e-06,+1.801368e-06,+1.764896e-06,+1.909610e-06,+1.887424e-06,+2.056351e-06,+1.934046e-06,+1.905890e-06,+1.940912e-06,+1.932755e-06,+2.004874e-06,+2.137198e-06,+2.264883e-06,+2.192859e-06,+2.299550e-06,+2.350060e-06,+2.390187e-06,+2.780420e-06,+2.852368e-06,+3.250887e-06,+3.517319e-06,+3.968099e-06,+3.678771e-06,+4.162486e-06,+3.935623e-06,+5.698437e-06,+1.610072e-05,+3.551210e-06,+4.135518e-06,+3.965831e-06,+4.402908e-06,+4.211323e-06,+5.142926e-06,+4.619346e-06,+4.351473e-06,+3.856230e-06,+4.648762e-06,+4.561766e-06,+5.938804e-06,+4.983102e-06,+4.921671e-06,+5.351325e-06,+6.020209e-06,+4.619972e-06,+6.912684e-06,+5.900572e-06,+6.725131e-06,+6.815347e-06
6425-6525,+3.296938e-07,+3.241961e-07,+3.413292e-07,+3.787178e-07,+4.000466e-07,+4.144094e-07,+4.224516e-07,+4.343891e-07,+4.537220e-07,+4.659856e-07,+4.787861e-07,+4.839053e-07,+5.262568e-07,+5.137401e-07,+5.327536e-07,+5.566909e-07,+5.521727e-07,+5.510470e-07,+5.563796e-07,+5.764793e-07,+5.851660e-07,+5.884549e-07,+5.592089e-07,+5.849191e-07,+6.467757e-07,+5.836208e-07,+5.927229e-07,+6.117234e-07,+6.278052e-07,+6.480038e-07,+6.515112e-07,+6.785644e-07,+6.831896e-07,+6.764846e-07,+7.008322e-07,+6.839186e-07,+7.064603e-07,+7.101353e-07,+7.343007e-07,+7.282677e-07,+7.456245e-07,+7.724902e-07,+7.755898e-07,+7.950540e-07,+7.988933e-07,+8.096570e-07,+8.153406e-07,+8.160770e-07,+8.388358e-07,+8.300715e-07,+8.555160e-07,+8.625682e-07,+8.977484e-07,+8.786476e-07,+8.931106e-07,+9.084219e-07,+9.361681e-07,+9.267811e-07,+9.225060e-07,+9.615211e-07,+9.709562e-07,+9.832858e-07,+9.548107e-07,+9.988464e-07,+1.012869e-06,+1.020263e-06,+1.012969e-06,+1.017285e-06,+1.068465e-06,+1.054504e-06,+1.073897e-06,+1.140510e-06,+1.042011e-06,+1.135513e-06,+1.172092e-06,+1.163464e-06,+1.115768e-06,+1.134345e-06,+1.212754e-06,+1.201405e-06,+1.220783e-06,+1.265872e-06,+1.282852e-06,+1.240165e-06,+1.298640e-06,+1.315492e-06,+1.314440e-06,+1.321013e-06,+1.358717e-06,+1.307985e-06,+1.522498e-06,+1.407675e-06,+1.413586e-06,+1.591307e-06,+1.479564e-06,+1.551734e-06,+1.571564e-06,+1.694325e-06,+1.691718e-06,+1.700789e-06,+1.660489e-06,+1.750210e-06,+1.840478e-06,+1.760236e-06,+2.031246e-06,+1.920139e-06,+2.048517e-06,+2.029427e-06,+2.051141e-06,+2.260574e-06,+2.021188e-06,+2.029038e-06,+2.140393e-06,+2.194738e-06,+2.583196e-06,+2.331166e-06,+2.549038e-06,+2.263637e-06,+2.728921e-06,+2.687006e-06,+2.991196e-06,+3.427670e-06,+3.319208e-06,+3.605354e-06,+3.765899e-06,+3.569098e-06,+3.521478e-06,+3.374915e-06,+4.378601e-06,+3.551210e-06,+1.479989e-05,+4.157528e-06,+4.606974e-06,+4.724988e-06,+4.495199e-06,+5.144204e-06,+4.881750e-06,+4.235254e-06,+4.817507e-06,+5.033553e-06,+5.332264e-06,+6.101543e-06,+6.182957e-06,+6.390369e-06,+5.278937e-06,+5.905202e-06,+6.078444e-06,+6.282648e-06,+6.146687e-06,+6.589387e-06,+8.342027e-06
6525-6725,+3.201380e-07,+3.120640e-07,+3.351668e-07,+3.826640e-07,+4.070669e-07,+4.138074e-07,+4.240927e-07,+4.378397e-07,+4.522085e-07,+4.666383e-07,+4.789474e-07,+4.828955e-07,+5.018517e-07,+5.147811e-07,+5.260646e-07,+5.537741e-07,+5.594762e-07,+5.594334e-07,+5.680196e-07,+5.676250e-07,+5.908256e-07,+5.939103e-07,+5.599222e-07,+5.783179e-07,+6.428865e-07,+5.802198e-07,+6.024429e-07,+5.929637e-07,+5.994258e-07,+6.400649e-07,+6.440814e-07,+6.668186e-07,+6.815922e-07,+6.812148e-07,+7.069495e-07,+7.021779e-07,+6.892696e-07,+7.234522e-07,+7.170917e-07,+7.316495e-07,+7.407197e-07,+7.658566e-07,+7.757142e-07,+7.877248e-07,+7.728995e-07,+8.188673e-07,+8.289707e-07,+8.493092e-07,+8.693614e-07,+8.344846e-07,+8.570917e-07,+8.903545e-07,+8.701751e-07,+8.706306e-07,+8.793591e-07,+9.151035e-07,+9.005718e-07,+9.180755e-07,+9.053999e-07,+9.427211e-07,+9.500873e-07,+9.563104e-07,+9.441368e-07,+9.610609e-07,+9.755347e-07,+9.805400e-07,+9.968442e-07,+1.014709e-06,+1.003341e-06,+1.054091e-06,+1.054352e-06,+1.116962e-06,+9.709156e-07,+1.099611e-06,+1.074153e-06,+1.112406e-06,+1.141884e-06,+1.161348e-06,+1.190340e-06,+1.184211e-06,+1.203855e-06,+1.255523e-06,+1.237456e-06,+1.253908e-06,+1.319811e-06,+1.255619e-06,+1.237202e-06,+1.368341e-06,+1.422894e-06,+1.380203e-06,+1.442866e-06,+1.366132e-06,+1.384564e-06,+1.599120e-06,+1.519755e-06,+1.535174e-06,+1.678827e-06,+1.619417e-06,+1.685368e-06,+1.747615e-06,+1.791222e-06,+1.852483e-06,+1.797460e-06,+1.996379e-06,+1.961813e-06,+1.980788e-06,+2.043811e-06,+1.959218e-06,+2.099938e-06,+2.254842e-06,+1.965812e-06,+2.105009e-06,+2.159760e-06,+2.178644e-06,+2.467194e-06,+2.301941e-06,+2.489246e-06,+2.723001e-06,+2.666602e-06,+2.579976e-06,+3.062875e-06,+3.063797e-06,+3.631847e-06,+3.582322e-06,+4.238460e-06,+3.388466e-06,+4.167060e-06,+4.859747e-06,+3.547662e-06,+4.135518e-06,+4.157528e-06,+1.430908e-05,+4.513253e-06,+4.801383e-06,+4.234368e-06,+5.468993e-06,+5.063281e-06,+5.261047e-06,+5.032814e-06,+5.156135e-06,+5.337911e-06,+5.724952e-06,+6.171011e-06,+6.076394e-06,+5.560733e-06,+6.816317e-06,+7.433374e-06,+7.253611e-06,+6.735055e-06,+8.872577e-06,+9.633608e-06
6725-6875,+3.104771e-07,+3.313442e-07,+3.599977e-07,+3.976865e-07,+4.191558e-07,+4.304533e-07,+4.534729e-07,+4.676160e-07,+4.766172e-07,+4.908938e-07,+5.004726e-07,+5.118930e-07,+5.366683e-07,+5.447535e-07,+5.505077e-07,+5.891413e-07,+5.857822e-07,+5.864888e-07,+6.036491e-07,+6.075253e-07,+6.233718e-07,+6.246625e-07,+5.996482e-07,+6.198460e-07,+6.732543e-07,+6.298486e-07,+6.578092e-07,+6.507721e-07,+6.390023e-07,+6.741186e-07,+6.832788e-07,+7.118446e-07,+7.157995e-07,+7.090911e-07,+7.326107e-07,+7.122731e-07,+7.528777e-07,+7.392599e-07,+7.738658e-07,+7.961254e-07,+8.043811e-07,+8.015648e-07,+8.059737e-07,+8.498241e-07,+8.494397e-07,+8.946372e-07,+8.909327e-07,+8.977039e-07,+9.256833e-07,+9.019581e-07,+9.145482e-07,+9.586907e-07,+9.162790e-07,+9.525755e-07,+9.528455e-07,+9.790521e-07,+1.010730e-06,+1.008700e-06,+1.008405e-06,+1.043287e-06,+1.042994e-06,+1.064369e-06,+1.032935e-06,+1.060455e-06,+1.074880e-06,+1.048939e-06,+1.077430e-06,+1.102623e-06,+1.120056e-06,+1.113959e-06,+1.183969e-06,+1.224534e-06,+1.227191e-06,+1.207751e-06,+1.217365e-06,+1.217109e-06,+1.272204e-06,+1.268818e-06,+1.297430e-06,+1.238122e-06,+1.293956e-06,+1.323509e-06,+1.345839e-06,+1.355853e-06,+1.428877e-06,+1.388511e-06,+1.365686e-06,+1.447806e-06,+1.493148e-06,+1.438935e-06,+1.467508e-06,+1.490556e-06,+1.571097e-06,+1.617923e-06,+1.707419e-06,+1.590480e-06,+1.726018e-06,+1.870126e-06,+1.834149e-06,+1.788485e-06,+1.838896e-06,+1.824032e-06,+1.791745e-06,+2.030106e-06,+2.079416e-06,+2.100428e-06,+2.173011e-06,+2.122806e-06,+2.386401e-06,+2.440377e-06,+2.180714e-06,+2.187638e-06,+2.333751e-06,+2.416143e-06,+2.561237e-06,+2.316640e-06,+2.685467e-06,+2.356802e-06,+2.415253e-06,+2.948628e-06,+3.087783e-06,+3.562152e-06,+3.515463e-06,+3.722926e-06,+4.140586e-06,+3.582660e-06,+4.056038e-06,+3.918608e-06,+4.038517e-06,+3.965831e-06,+4.606974e-06,+4.513253e-06,+2.169941e-05,+4.036018e-06,+4.460995e-06,+5.584332e-06,+5.342973e-06,+5.267965e-06,+7.883312e-06,+6.154353e-06,+5.622482e-06,+5.797674e-06,+6.448439e-06,+7.096973e-06,+5.702851e-06,+6.022552e-06,+6.839708e-06,+6.372610e-06,+6.310274e-06,+7.728628e-06,+9.060832e-06
6875-7000,+3.245787e-07,+3.277220e-07,+3.457949e-07,+3.871104e-07,+4.113033e-07,+4.171840e-07,+4.297885e-07,+4.435711e-07,+4.574232e-07,+4.704610e-07,+4.827747e-07,+4.881603e-07,+5.152247e-07,+5.316996e-07,+5.442433e-07,+5.702113e-07,+5.634334e-07,+5.572955e-07,+5.714068e-07,+5.773466e-07,+5.966824e-07,+5.996333e-07,+5.578982e-07,+5.893198e-07,+6.511481e-07,+5.902604e-07,+6.143279e-07,+6.268843e-07,+6.310079e-07,+6.583010e-07,+6.544091e-07,+6.776887e-07,+6.862525e-07,+6.860568e-07,+7.083339e-07,+7.043248e-07,+6.989539e-07,+7.121275e-07,+7.165526e-07,+7.437143e-07,+7.334130e-07,+7.793174e-07,+7.862987e-07,+7.905963e-07,+8.082283e-07,+8.331295e-07,+8.409607e-07,+8.459499e-07,+8.189363e-07,+8.339986e-07,+8.511170e-07,+8.452554e-07,+8.873650e-07,+8.862798e-07,+8.836105e-07,+9.000112e-07,+9.181937e-07,+9.087250e-07,+9.277174e-07,+9.303857e-07,+9.400119e-07,+9.544942e-07,+9.390278e-07,+9.829465e-07,+9.855618e-07,+9.990752e-07,+1.007784e-06,+9.932725e-07,+1.028659e-06,+1.054883e-06,+1.053626e-06,+1.098564e-06,+1.017020e-06,+1.126152e-06,+1.163201e-06,+1.148560e-06,+1.169662e-06,+1.209133e-06,+1.252174e-06,+1.242843e-06,+1.253129e-06,+1.266040e-06,+1.302026e-06,+1.294416e-06,+1.339902e-06,+1.352491e-06,+1.334096e-06,+1.387788e-06,+1.440540e-06,+1.426260e-06,+1.470858e-06,+1.431412e-06,+1.514046e-06,+1.645733e-06,+1.535190e-06,+1.593721e-06,+1.707114e-06,+1.625740e-06,+1.811360e-06,+1.729464e-06,+1.701110e-06,+1.943335e-06,+1.847889e-06,+2.102372e-06,+1.857939e-06,+1.900212e-06,+2.158608e-06,+2.162687e-06,+2.106260e-06,+2.152645e-06,+1.829113e-06,+2.005048e-06,+2.205931e-06,+2.183321e-06,+2.576124e-06,+2.397486e-06,+2.497490e-06,+2.569310e-06,+2.553110e-06,+2.491708e-06,+3.326867e-06,+3.176470e-06,+3.530440e-06,+3.455602e-06,+4.187643e-06,+3.427868e-06,+3.945546e-06,+4.163267e-06,+4.948224e-06,+4.402908e-06,+4.724988e-06,+4.801383e-06,+4.036018e-06,+1.662919e-05,+4.643053e-06,+6.371303e-06,+6.513374e-06,+5.528348e-06,+5.212077e-06,+6.057349e-06,+6.599972e-06,+6.145026e-06,+5.711978e-06,+6.493684e-06,+5.801783e-06,+6.633039e-06,+6.764129e-06,+7.564255e-06,+6.764958e-06,+8.230519e-06,+8.531705e-06
7000-7150,+3.332173e-07,+3.396204e-07,+3.705825e-07,+4.124396e-07,+4.279515e-07,+4.370072e-07,+4.509058e-07,+4.678828e-07,+4.777065e-07,+4.923580e-07,+4.980242e-07,+4.928968e-07,+5.333770e-07,+5.309639e-07,+5.392681e-07,+5.829146e-07,+5.805095e-07,+5.844552e-07,+6.107475e-07,+6.144159e-07,+6.267927e-07,+6.304940e-07,+6.136913e-07,+6.365972e-07,+6.845303e-07,+6.512253e-07,+6.820063e-07,+6.747711e-07,+7.021804e-07,+7.201030e-07,+7.284678e-07,+7.539757e-07,+7.566195e-07,+7.437552e-07,+7.657462e-07,+7.390462e-07,+7.786476e-07,+7.804844e-07,+7.903816e-07,+7.996383e-07,+8.065158e-07,+8.300428e-07,+7.997614e-07,+8.669493e-07,+7.845968e-07,+9.212896e-07,+9.040077e-07,+9.366731e-07,+9.378621e-07,+9.117341e-07,+9.306710e-07,+9.437332e-07,+9.297615e-07,+9.422626e-07,+9.713314e-07,+9.800068e-07,+9.762851e-07,+9.968102e-07,+1.016263e-06,+1.041075e-06,+1.038128e-06,+1.049915e-06,+1.027971e-06,+1.043394e-06,+1.049492e-06,+1.052739e-06,+1.103139e-06,+1.065780e-06,+1.140314e-06,+1.107452e-06,+1.165213e-06,+1.158975e-06,+1.101425e-06,+1.209099e-06,+1.216691e-06,+1.177144e-06,+1.200900e-06,+1.224236e-06,+1.297302e-06,+1.266612e-06,+1.295827e-06,+1.306456e-06,+1.314345e-06,+1.325422e-06,+1.381563e-06,+1.399033e-06,+1.401957e-06,+1.415563e-06,+1.469322e-06,+1.434640e-06,+1.464906e-06,+1.443214e-06,+1.522227e-06,+1.599479e-06,+1.526707e-06,+1.564219e-06,+1.610084e-06,+1.667127e-06,+1.821422e-06,+1.709066e-06,+1.706006e-06,+1.752544e-06,+1.784060e-06,+1.898243e-06,+1.855685e-06,+1.978284e-06,+1.886639e-06,+2.061877e-06,+2.017922e-06,+2.127394e-06,+2.019160e-06,+2.165650e-06,+2.064578e-06,+2.295074e-06,+2.336501e-06,+2.115068e-06,+2.624784e-06,+2.328381e-06,+2.468363e-06,+2.661644e-06,+2.986504e-06,+3.481503e-06,+3.499561e-06,+3.324945e-06,+3.881106e-06,+4.009674e-06,+3.876910e-06,+4.170642e-06,+4.401604e-06,+4.211323e-06,+4.495199e-06,+4.234368e-06,+4.460995e-06,+4.643053e-06,+1.780915e-05,+5.151602e-06,+5.362347e-06,+5.551927e-06,+5.806074e-06,+5.215693e-06,+5.402459e-06,+7.200174e-06,+4.947296e-06,+5.630521e-06,+4.659134e-06,+5.260112e-06,+6.036849e-06,+5.649952e-06,+5.478195e-06,+6.128687e-06,+7.602987e-06
7150-7385,+3.485527e-07,+3.522207e-07,+3.704300e-07,+4.117649e-07,+4.436990e-07,+4.532792e-07,+4.651532e-07,+4.793504e-07,+4.914490e-07,+5.069237e-07,+5.215083e-07,+5.288100e-07,+5.565545e-07,+5.700213e-07,+5.900205e-07,+6.254230e-07,+6.106926e-07,+6.116486e-07,+6.107880e-07,+6.211177e-07,+6.478323e-07,+6.417736e-07,+5.917386e-07,+6.357945e-07,+7.078421e-07,+6.276730e-07,+6.574645e-07,+6.434078e-07,+6.398758e-07,+6.795411e-07,+6.961478e-07,+7.186775e-07,+7.237783e-07,+7.178868e-07,+7.524556e-07,+7.463781e-07,+7.335119e-07,+7.650215e-07,+7.561709e-07,+7.931477e-07,+7.845115e-07,+8.197364e-07,+8.316109e-07,+8.406243e-07,+8.479430e-07,+8.633708e-07,+8.967731e-07,+8.896822e-07,+8.960231e-07,+8.687589e-07,+9.051295e-07,+9.188247e-07,+9.376034e-07,+9.316223e-07,+9.283107e-07,+9.514628e-07,+9.755343e-07,+9.743341e-07,+9.775686e-07,+1.005236e-06,+1.016034e-06,+1.026092e-06,+1.010064e-06,+1.038979e-06,+1.047317e-06,+1.052885e-06,+1.078155e-06,+1.082786e-06,+1.100945e-06,+1.129431e-06,+1.127334e-06,+1.210699e-06,+1.093502e-06,+1.233729e-06,+1.253980e-06,+1.235801e-06,+1.254639e-06,+1.319525e-06,+1.351427e-06,+1.302630e-06,+1.336979e-06,+1.375890e-06,+1.403752e-06,+1.418264e-06,+1.450017e-06,+1.470941e-06,+1.442828e-06,+1.534395e-06,+1.595774e-06,+1.543761e-06,+1.614455e-06,+1.569693e-06,+1.672067e-06,+1.675752e-06,+1.699866e-06,+1.739118e-06,+1.904689e-06,+1.795110e-06,+1.896132e-06,+1.912185e-06,+2.002370e-06,+2.003820e-06,+1.965517e-06,+2.194821e-06,+2.166417e-06,+2.163404e-06,+2.405827e-06,+2.350022e-06,+2.387829e-06,+2.378303e-06,+2.265516e-06,+2.347864e-06,+2.499796e-06,+2.481921e-06,+2.761141e-06,+2.423256e-06,+2.919261e-06,+2.982134e-06,+2.898386e-06,+2.983228e-06,+3.723896e-06,+3.823676e-06,+4.198189e-06,+3.928731e-06,+4.634611e-06,+4.132854e-06,+5.046791e-06,+4.640488e-06,+4.694467e-06,+5.142926e-06,+5.144204e-06,+5.468993e-06,+5.584332e-06,+6.371303e-06,+5.151602e-06,+1.879969e-05,+6.570044e-06,+5.282176e-06,+6.305775e-06,+7.526226e-06,+7.464702e-06,+7.477643e-06,+6.796990e-06,+7.284016e-06,+7.272624e-06,+8.512963e-06,+7.259681e-06,+8.507398e-06,+7.999802e-06,+1.028984e-05,+1.051346e-05
7385-7500,+2.999438e-07,+3.375131e-07,+3.586005e-07,+3.982457e-07,+4.155927e-07,+4.374997e-07,+4.566848e-07,+4.718571e-07,+4.820133e-07,+4.969665e-07,+5.118107e-07,+5.155956e-07,+5.484898e-07,+5.565421e-07,+5.630468e-07,+6.087928e-07,+5.637394e-07,+6.003029e-07,+5.992223e-07,+6.058755e-07,+6.409996e-07,+6.190257e-07,+5.851736e-07,+6.263939e-07,+6.881348e-07,+6.247066e-07,+6.417942e-07,+6.310152e-07,+6.464582e-07,+6.711824e-07,+6.816884e-07,+6.748983e-07,+6.941714e-07,+6.966750e-07,+7.219834e-07,+7.285702e-07,+6.917891e-07,+7.278873e-07,+7.549271e-07,+7.494387e-07,+7.750973e-07,+7.509573e-07,+8.033329e-07,+7.925196e-07,+8.433834e-07,+8.409945e-07,+8.532023e-07,+8.725545e-07,+8.778507e-07,+8.623611e-07,+8.787753e-07,+9.064449e-07,+9.018008e-07,+8.998588e-07,+9.342587e-07,+9.430728e-07,+9.502187e-07,+9.558385e-07,+9.523207e-07,+9.839032e-07,+1.002029e-06,+1.009115e-06,+9.929408e-07,+1.012245e-06,+1.034596e-06,+1.029673e-06,+1.060228e-06,+1.060360e-06,+1.087335e-06,+1.060351e-06,+1.145458e-06,+1.192784e-06,+1.084235e-06,+1.180320e-06,+1.200291e-06,+1.149221e-06,+1.220369e-06,+1.211797e-06,+1.259245e-06,+1.251525e-06,+1.282928e-06,+1.303526e-06,+1.334041e-06,+1.233968e-06,+1.367234e-06,+1.376069e-06,+1.376647e-06,+1.437072e-06,+1.414294e-06,+1.466040e-06,+1.514455e-06,+1.463824e-06,+1.532894e-06,+1.619613e-06,+1.520505e-06,+1.584448e-06,+1.739985e-06,+1.661037e-06,+1.860440e-06,+1.772709e-06,+1.732277e-06,+1.932217e-06,+1.908445e-06,+2.050055e-06,+2.159448e-06,+2.054299e-06,+2.113499e-06,+2.075790e-06,+2.187981e-06,+2.537288e-06,+2.250382e-06,+2.273616e-06,+2.471655e-06,+2.351002e-06,+2.747470e-06,+2.411881e-06,+2.528971e-06,+2.757760e-06,+3.008420e-06,+2.874337e-06,+3.415023e-06,+3.346614e-06,+3.886111e-06,+4.477228e-06,+4.221182e-06,+4.035230e-06,+4.350930e-06,+4.789204e-06,+3.912157e-06,+4.619346e-06,+4.881750e-06,+5.063281e-06,+5.342973e-06,+6.513374e-06,+5.362347e-06,+6.570044e-06,+2.578192e-05,+5.186808e-06,+5.403140e-06,+6.009971e-06,+6.113647e-06,+7.342671e-06,+6.266879e-06,+7.736302e-06,+6.527612e-06,+7.606937e-06,+7.468830e-06,+7.272212e-06,+7.178398e-06,+8.446967e-06,+9.287877e-06
7500-7600,+3.715468e-07,+3.689310e-07,+3.909882e-07,+4.393788e-07,+4.605426e-07,+4.702524e-07,+4.885606e-07,+5.001682e-07,+5.094096e-07,+5.240338e-07,+5.323537e-07,+5.329975e-07,+5.594544e-07,+5.789288e-07,+5.955279e-07,+6.212821e-07,+6.291681e-07,+6.219406e-07,+6.275749e-07,+6.419011e-07,+6.543950e-07,+6.501687e-07,+6.368886e-07,+6.613928e-07,+7.072506e-07,+6.645915e-07,+7.057487e-07,+6.710821e-07,+7.107115e-07,+7.420261e-07,+7.475897e-07,+7.679695e-07,+7.808021e-07,+7.753763e-07,+7.813454e-07,+7.795287e-07,+8.057121e-07,+8.114974e-07,+8.269480e-07,+8.367287e-07,+8.513822e-07,+8.789031e-07,+8.754506e-07,+9.092584e-07,+8.987081e-07,+9.802727e-07,+9.372555e-07,+9.896097e-07,+9.793032e-07,+9.659735e-07,+9.755474e-07,+1.018617e-06,+9.599840e-07,+9.894377e-07,+1.003790e-06,+1.030772e-06,+1.040903e-06,+1.024593e-06,+1.049913e-06,+1.077966e-06,+1.069991e-06,+1.090542e-06,+1.069569e-06,+1.094093e-06,+1.120531e-06,+1.129183e-06,+1.153027e-06,+1.097758e-06,+1.173502e-06,+1.218275e-06,+1.220345e-06,+1.227536e-06,+1.230604e-06,+1.285759e-06,+1.283563e-06,+1.268384e-06,+1.302969e-06,+1.333157e-06,+1.400403e-06,+1.344862e-06,+1.397155e-06,+1.418529e-06,+1.415000e-06,+1.468348e-06,+1.478807e-06,+1.507707e-06,+1.446205e-06,+1.564426e-06,+1.588991e-06,+1.590838e-06,+1.588760e-06,+1.540881e-06,+1.739322e-06,+1.604299e-06,+1.656819e-06,+1.746095e-06,+1.907902e-06,+1.790660e-06,+1.950977e-06,+1.933690e-06,+2.081564e-06,+2.237302e-06,+1.969459e-06,+2.377454e-06,+2.050749e-06,+2.214296e-06,+2.310470e-06,+2.275830e-06,+2.214018e-06,+2.468220e-06,+2.017484e-06,+2.269437e-06,+2.458056e-06,+2.381712e-06,+2.582427e-06,+2.551881e-06,+2.546100e-06,+3.091376e-06,+3.018123e-06,+2.937827e-06,+3.281371e-06,+3.291272e-06,+4.141663e-06,+3.260803e-06,+4.244345e-06,+4.083430e-06,+4.084458e-06,+4.186866e-06,+4.082767e-06,+4.351473e-06,+4.235254e-06,+5.261047e-06,+5.267965e-06,+5.528348e-06,+5.551927e-06,+5.282176e-06,+5.186808e-06,+2.349391e-05,+4.972599e-06,+5.112458e-06,+5.251396e-06,+5.991962e-06,+6.457944e-06,+6.068947e-06,+6.053495e-06,+6.190944e-06,+6.420275e-06,+6.608377e-06,+6.912883e-06,+9.091919e-06,+1.037125e-05
7600-7700,+3.054101e-07,+3.437862e-07,+3.915090e-07,+4.479285e-07,+4.719995e-07,+4.792201e-07,+4.968865e-07,+5.201015e-07,+5.160647e-07,+5.353264e-07,+5.494643e-07,+5.541937e-07,+5.840920e-07,+5.969263e-07,+6.122925e-07,+6.290107e-07,+6.239700e-07,+6.446880e-07,+6.923984e-07,+6.617670e-07,+6.724829e-07,+6.713176e-07,+6.393386e-07,+6.735571e-07,+7.379170e-07,+6.744980e-07,+7.036795e-07,+7.204184e-07,+7.052424e-07,+7.462290e-07,+7.459571e-07,+7.762043e-07,+7.919714e-07,+7.748414e-07,+8.055072e-07,+7.606416e-07,+8.230416e-07,+8.301228e-07,+8.102760e-07,+8.584294e-07,+8.570599e-07,+8.668528e-07,+8.102479e-07,+9.243367e-07,+9.076159e-07,+9.618520e-07,+9.546213e-07,+9.499146e-07,+9.998917e-07,+9.658181e-07,+1.002304e-06,+1.021805e-06,+1.000471e-06,+1.043978e-06,+1.035390e-06,+1.044943e-06,+1.049675e-06,+1.073647e-06,+1.081392e-06,+1.123755e-06,+1.148558e-06,+1.132168e-06,+1.122331e-06,+1.120930e-06,+1.109252e-06,+1.146232e-06,+1.159304e-06,+1.167248e-06,+1.112584e-06,+1.125042e-06,+1.262307e-06,+1.269667e-06,+1.204294e-06,+1.264862e-06,+1.320155e-06,+1.344526e-06,+1.312948e-06,+1.321454e-06,+1.373300e-06,+1.342109e-06,+1.395078e-06,+1.403867e-06,+1.446164e-06,+1.471798e-06,+1.594149e-06,+1.513462e-06,+1.523107e-06,+1.523221e-06,+1.584798e-06,+1.518022e-06,+1.651404e-06,+1.579101e-06,+1.609448e-06,+1.716112e-06,+1.784634e-06,+1.713622e-06,+1.934495e-06,+1.944287e-06,+1.858326e-06,+1.900295e-06,+2.025053e-06,+1.972382e-06,+2.105526e-06,+2.409447e-06,+2.161362e-06,+2.117651e-06,+2.387992e-06,+2.166557e-06,+2.587921e-06,+2.607051e-06,+2.302108e-06,+2.228814e-06,+2.500338e-06,+2.665269e-06,+2.759020e-06,+2.436957e-06,+3.195689e-06,+2.754711e-06,+2.748654e-06,+2.275930e-06,+3.701561e-06,+3.323129e-06,+3.926341e-06,+3.576421e-06,+4.384580e-06,+4.825666e-06,+4.104517e-06,+4.421860e-06,+3.959507e-06,+3.856230e-06,+4.817507e-06,+5.032814e-06,+7.883312e-06,+5.212077e-06,+5.806074e-06,+6.305775e-06,+5.403140e-06,+4.972599e-06,+5.484981e-05,+6.663105e-06,+5.929683e-06,+7.950797e-06,+6.636801e-06,+8.005219e-06,+4.644749e-06,+7.280132e-06,+7.171471e-06,+8.092446e-06,+7.383215e-06,+7.945423e-06,+9.126887e-06
7700-7800,+3.752439e-07,+3.788052e-07,+4.078378e-07,+4.831303e-07,+5.270617e-07,+4.885139e-07,+5.278913e-07,+5.484706e-07,+5.896831e-07,+5.977073e-07,+5.907262e-07,+5.845114e-07,+6.338766e-07,+6.851235e-07,+6.441464e-07,+7.481322e-07,+6.924012e-07,+6.771013e-07,+6.622080e-07,+6.668158e-07,+6.809182e-07,+6.839025e-07,+5.861632e-07,+6.442578e-07,+7.337176e-07,+6.424214e-07,+6.760553e-07,+6.472628e-07,+6.677991e-07,+6.914136e-07,+6.928864e-07,+6.946170e-07,+6.707370e-07,+6.497436e-07,+7.665068e-07,+7.290065e-07,+6.942712e-07,+7.549629e-07,+7.209996e-07,+8.050340e-07,+7.396117e-07,+8.210615e-07,+8.050376e-07,+8.409705e-07,+8.691135e-07,+8.974192e-07,+9.199003e-07,+9.072919e-07,+8.567644e-07,+8.236525e-07,+9.141098e-07,+9.218453e-07,+9.256223e-07,+9.536080e-07,+9.405990e-07,+9.605980e-07,+9.713025e-07,+1.002410e-06,+9.796052e-07,+1.034779e-06,+1.065402e-06,+1.004954e-06,+1.093842e-06,+1.082591e-06,+9.900625e-07,+1.048342e-06,+1.062887e-06,+1.074288e-06,+1.138328e-06,+1.137190e-06,+1.176725e-06,+1.147880e-06,+1.176533e-06,+1.203840e-06,+1.284961e-06,+1.265021e-06,+1.309903e-06,+1.310504e-06,+1.360477e-06,+1.335402e-06,+1.356364e-06,+1.407133e-06,+1.416070e-06,+1.407890e-06,+1.475678e-06,+1.483493e-06,+1.420489e-06,+1.543622e-06,+1.620305e-06,+1.541476e-06,+1.593945e-06,+1.625529e-06,+1.690233e-06,+1.752394e-06,+1.709158e-06,+1.710499e-06,+1.894113e-06,+1.857168e-06,+1.735824e-06,+1.875582e-06,+1.992551e-06,+1.970157e-06,+1.986852e-06,+2.222368e-06,+2.148005e-06,+2.225662e-06,+2.373083e-06,+2.500067e-06,+1.800050e-06,+2.523187e-06,+2.278982e-06,+2.148309e-06,+2.604038e-06,+2.826223e-06,+3.008598e-06,+2.489165e-06,+2.921816e-06,+2.779236e-06,+2.887727e-06,+3.113197e-06,+3.584758e-06,+3.929983e-06,+4.018615e-06,+4.168964e-06,+4.586092e-06,+3.743553e-06,+4.856805e-06,+4.480077e-06,+4.662405e-06,+4.648762e-06,+5.033553e-06,+5.156135e-06,+6.154353e-06,+6.057349e-06,+5.215693e-06,+7.526226e-06,+6.009971e-06,+5.112458e-06,+6.663105e-06,+4.151837e-05,+8.643885e-06,+9.409850e-06,+6.758593e-06,+8.846874e-06,+7.142296e-06,+8.378278e-06,+9.492759e-06,+8.006221e-06,+8.289337e-06,+1.106719e-05,+1.016078e-05
7800-7850,+3.819242e-07,+3.919493e-07,+4.015157e-07,+4.440122e-07,+4.769611e-07,+4.900532e-07,+5.037069e-07,+5.119476e-07,+5.296984e-07,+5.566110e-07,+5.603679e-07,+5.798272e-07,+6.115053e-07,+6.242935e-07,+6.456699e-07,+6.631478e-07,+6.559651e-07,+6.371066e-07,+6.618931e-07,+6.660771e-07,+7.066647e-07,+7.107652e-07,+6.453206e-07,+6.917166e-07,+8.085580e-07,+6.937526e-07,+7.123566e-07,+6.810661e-07,+6.834356e-07,+7.218602e-07,+7.334334e-07,+7.523587e-07,+7.781999e-07,+7.578912e-07,+8.034852e-07,+7.891768e-07,+7.988507e-07,+8.133826e-07,+8.114120e-07,+8.486292e-07,+8.367286e-07,+8.897289e-07,+8.696993e-07,+8.901576e-07,+9.012426e-07,+9.063718e-07,+9.269248e-07,+9.050067e-07,+9.181277e-07,+9.247086e-07,+9.560347e-07,+9.543931e-07,+9.638617e-07,+9.881205e-07,+9.955986e-07,+1.008089e-06,+1.024658e-06,+1.015146e-06,+1.053560e-06,+1.097324e-06,+1.142181e-06,+1.105443e-06,+1.112717e-06,+1.123129e-06,+1.059642e-06,+1.116265e-06,+1.094749e-06,+1.170140e-06,+1.259937e-06,+1.238406e-06,+1.234575e-06,+1.227433e-06,+1.198671e-06,+1.342106e-06,+1.337950e-06,+1.275065e-06,+1.362467e-06,+1.348391e-06,+1.396639e-06,+1.405321e-06,+1.400395e-06,+1.424010e-06,+1.463018e-06,+1.429990e-06,+1.478532e-06,+1.508266e-06,+1.492987e-06,+1.560041e-06,+1.621659e-06,+1.551347e-06,+1.702264e-06,+1.632238e-06,+1.655130e-06,+1.700534e-06,+1.688764e-06,+1.754306e-06,+1.903507e-06,+1.844293e-06,+1.950449e-06,+2.027559e-06,+1.982478e-06,+2.080326e-06,+2.030575e-06,+2.400509e-06,+2.195368e-06,+2.215800e-06,+2.275568e-06,+2.320937e-06,+2.236692e-06,+2.435923e-06,+2.216017e-06,+2.296135e-06,+2.389553e-06,+3.289591e-06,+2.895927e-06,+2.759110e-06,+3.264107e-06,+2.828766e-06,+3.104510e-06,+3.123399e-06,+4.249787e-06,+3.729497e-06,+4.577769e-06,+4.097843e-06,+4.827117e-06,+4.289917e-06,+4.391571e-06,+4.410948e-06,+4.338055e-06,+4.561766e-06,+5.332264e-06,+5.337911e-06,+5.622482e-06,+6.599972e-06,+5.402459e-06,+7.464702e-06,+6.113647e-06,+5.251396e-06,+5.929683e-06,+8.643885e-06,+5.015692e-05,+9.713159e-06,+7.580831e-06,+8.236317e-06,+8.733907e-06,+9.017737e-06,+9.833667e-06,+7.714495e-06,+6.657354e-06,+9.958572e-06,+1.051716e-05
7850-7950,+3.655707e-07,+3.745460e-07,+4.086569e-07,+4.650404e-07,+4.814434e-07,+4.973912e-07,+5.159420e-07,+5.320046e-07,+5.407468e-07,+5.722880e-07,+5.805053e-07,+5.901963e-07,+6.228101e-07,+6.375194e-07,+6.356583e-07,+6.740916e-07,+6.696693e-07,+6.819570e-07,+6.656464e-07,+7.012152e-07,+7.423955e-07,+7.137751e-07,+6.446983e-07,+7.264571e-07,+8.357725e-07,+7.011832e-07,+7.255471e-07,+6.823559e-07,+7.045682e-07,+7.567532e-07,+7.505146e-07,+7.718491e-07,+7.775132e-07,+7.429076e-07,+8.110928e-07,+7.550486e-07,+8.034701e-07,+7.852473e-07,+8.064254e-07,+8.295992e-07,+8.249311e-07,+8.488329e-07,+8.240734e-07,+8.859728e-07,+8.178236e-07,+9.390396e-07,+9.379827e-07,+9.229107e-07,+9.802974e-07,+9.226161e-07,+9.552481e-07,+9.194448e-07,+9.687281e-07,+9.841348e-07,+1.011982e-06,+1.019003e-06,+1.004023e-06,+1.037531e-06,+1.077374e-06,+1.108918e-06,+1.122609e-06,+1.084584e-06,+1.111565e-06,+1.170333e-06,+1.061646e-06,+1.064089e-06,+1.140416e-06,+1.174847e-06,+1.197693e-06,+1.239002e-06,+1.262470e-06,+1.242868e-06,+1.203674e-06,+1.312168e-06,+1.351363e-06,+1.249839e-06,+1.350791e-06,+1.366730e-06,+1.402865e-06,+1.397008e-06,+1.414631e-06,+1.473187e-06,+1.473157e-06,+1.478506e-06,+1.527931e-06,+1.539312e-06,+1.533132e-06,+1.601939e-06,+1.658354e-06,+1.602111e-06,+1.709391e-06,+1.693402e-06,+1.758237e-06,+1.757184e-06,+1.785140e-06,+1.829637e-06,+1.981611e-06,+1.834885e-06,+1.965981e-06,+2.012353e-06,+2.111492e-06,+2.117238e-06,+2.267480e-06,+2.862703e-06,+2.395607e-06,+2.307646e-06,+2.496866e-06,+2.492241e-06,+2.651276e-06,+2.639594e-06,+2.369977e-06,+2.463869e-06,+2.651454e-06,+2.673676e-06,+3.010895e-06,+2.621223e-06,+3.229458e-06,+3.157450e-06,+3.412747e-06,+3.376572e-06,+4.318562e-06,+3.815588e-06,+4.213695e-06,+4.331317e-06,+4.809767e-06,+5.308640e-06,+5.139387e-06,+4.852211e-06,+4.161741e-06,+5.938804e-06,+6.101543e-06,+5.724952e-06,+5.797674e-06,+6.145026e-06,+7.200174e-06,+7.477643e-06,+7.342671e-06,+5.991962e-06,+7.950797e-06,+9.409850e-06,+9.713159e-06,+4.108307e-05,+7.991562e-06,+8.827924e-06,+8.852111e-06,+1.042821e-05,+9.880234e-06,+1.029656e-05,+8.861157e-06,+1.037346e-05,+1.077811e-05
7950-8190,+4.085429e-07,+4.001345e-07,+4.377403e-07,+4.972826e-07,+5.317003e-07,+5.575130e-07,+5.670236e-07,+5.810280e-07,+5.939522e-07,+6.086815e-07,+6.328964e-07,+6.473973e-07,+6.774997e-07,+6.808369e-07,+6.889625e-07,+7.282868e-07,+7.224961e-07,+7.392238e-07,+7.324009e-07,+7.265169e-07,+7.625733e-07,+7.636677e-07,+7.095305e-07,+7.545464e-07,+8.576510e-07,+7.519925e-07,+8.017826e-07,+7.676088e-07,+7.751086e-07,+8.139931e-07,+8.256939e-07,+8.565933e-07,+8.519581e-07,+8.558904e-07,+8.943566e-07,+8.754104e-07,+8.726301e-07,+9.118218e-07,+9.248728e-07,+9.271094e-07,+9.145112e-07,+9.557139e-07,+9.768458e-07,+9.889766e-07,+9.832776e-07,+9.971413e-07,+1.015641e-06,+1.010727e-06,+1.061145e-06,+1.026212e-06,+1.061109e-06,+1.083014e-06,+1.084874e-06,+1.075850e-06,+1.093645e-06,+1.087774e-06,+1.116302e-06,+1.133033e-06,+1.118278e-06,+1.172489e-06,+1.172770e-06,+1.192929e-06,+1.204968e-06,+1.173607e-06,+1.207070e-06,+1.224388e-06,+1.237276e-06,+1.276771e-06,+1.262548e-06,+1.266950e-06,+1.307677e-06,+1.422524e-06,+1.283045e-06,+1.424557e-06,+1.473534e-06,+1.438651e-06,+1.460353e-06,+1.467085e-06,+1.540459e-06,+1.485470e-06,+1.554905e-06,+1.603505e-06,+1.632140e-06,+1.592728e-06,+1.654763e-06,+1.654011e-06,+1.625051e-06,+1.715689e-06,+1.754988e-06,+1.721004e-06,+1.816571e-06,+1.756029e-06,+1.799377e-06,+1.988043e-06,+1.890867e-06,+1.897021e-06,+2.008529e-06,+1.951617e-06,+1.972499e-06,+2.166872e-06,+2.248953e-06,+2.070283e-06,+2.135567e-06,+2.304177e-06,+2.408951e-06,+2.545576e-06,+2.529978e-06,+2.277018e-06,+2.371688e-06,+2.706215e-06,+2.569147e-06,+2.550432e-06,+2.876706e-06,+2.815367e-06,+3.130665e-06,+2.749336e-06,+3.158734e-06,+3.293305e-06,+3.671725e-06,+3.640752e-06,+3.831141e-06,+3.491593e-06,+4.707492e-06,+4.272546e-06,+5.424675e-06,+4.685520e-06,+4.293567e-06,+4.977274e-06,+4.021907e-06,+4.983102e-06,+6.182957e-06,+6.171011e-06,+6.448439e-06,+5.711978e-06,+4.947296e-06,+6.796990e-06,+6.266879e-06,+6.457944e-06,+6.636801e-06,+6.758593e-06,+7.580831e-06,+7.991562e-06,+2.681068e-05,+8.808818e-06,+9.588809e-06,+9.524533e-06,+1.025951e-05,+1.258923e-05,+1.171459e-05,+9.958001e-06,+1.120373e-05
8190-8375,+3.805634e-07,+4.040456e-07,+4.252603e-07,+4.611080e-07,+4.876592e-07,+5.168843e-07,+5.404801e-07,+5.622937e-07,+5.795696e-07,+5.925389e-07,+6.042380e-07,+5.989272e-07,+6.504718e-07,+6.603751e-07,+6.225710e-07,+7.067567e-07,+6.972608e-07,+7.031252e-07,+7.047037e-07,+7.418099e-07,+7.448830e-07,+7.528965e-07,+6.700870e-07,+7.034791e-07,+8.476317e-07,+7.216966e-07,+7.214248e-07,+7.119962e-07,+7.270589e-07,+7.674649e-07,+7.295341e-07,+7.798053e-07,+7.657309e-07,+7.638402e-07,+8.067649e-07,+8.061365e-07,+7.892346e-07,+8.223019e-07,+8.302301e-07,+8.557025e-07,+8.554016e-07,+8.891647e-07,+8.920647e-07,+8.981837e-07,+9.409990e-07,+9.352066e-07,+9.725650e-07,+9.749998e-07,+9.916680e-07,+9.718191e-07,+9.952505e-07,+1.001818e-06,+1.015871e-06,+1.012027e-06,+1.011650e-06,+1.095899e-06,+1.019957e-06,+1.093617e-06,+1.097031e-06,+1.011490e-06,+1.169571e-06,+1.191633e-06,+9.260352e-07,+1.181836e-06,+1.195568e-06,+1.212344e-06,+1.175068e-06,+1.040502e-06,+1.233034e-06,+1.307919e-06,+1.284901e-06,+1.328173e-06,+1.279526e-06,+1.339432e-06,+1.339738e-06,+1.336566e-06,+1.411583e-06,+1.410278e-06,+1.452137e-06,+1.445119e-06,+1.488464e-06,+1.540736e-06,+1.542472e-06,+1.577809e-06,+1.601352e-06,+1.633798e-06,+1.552258e-06,+1.697437e-06,+1.714827e-06,+1.675008e-06,+1.772295e-06,+1.712395e-06,+1.750714e-06,+1.974180e-06,+1.863975e-06,+1.890225e-06,+1.976441e-06,+1.975302e-06,+2.111342e-06,+2.087915e-06,+2.093299e-06,+2.275615e-06,+2.176448e-06,+2.412927e-06,+2.495548e-06,+2.385415e-06,+2.692329e-06,+2.557096e-06,+2.518795e-06,+2.856563e-06,+2.595982e-06,+2.654380e-06,+2.810335e-06,+2.776063e-06,+2.957513e-06,+3.178737e-06,+2.940374e-06,+3.279056e-06,+3.676919e-06,+3.639592e-06,+4.355410e-06,+3.785430e-06,+4.752735e-06,+4.673441e-06,+5.713031e-06,+4.722066e-06,+5.023229e-06,+5.369584e-06,+6.776528e-06,+4.921671e-06,+6.390369e-06,+6.076394e-06,+7.096973e-06,+6.493684e-06,+5.630521e-06,+7.284016e-06,+7.736302e-06,+6.068947e-06,+8.005219e-06,+8.846874e-06,+8.236317e-06,+8.827924e-06,+8.808818e-06,+5.839658e-05,+8.789248e-06,+9.694254e-06,+1.032158e-05,+9.078926e-06,+1.016274e-05,+1.131297e-05,+1.267041e-05
8375-8500,+4.391546e-07,+4.450080e-07,+4.638985e-07,+5.144208e-07,+5.557233e-07,+5.798776e-07,+5.932108e-07,+5.980145e-07,+6.166628e-07,+6.315596e-07,+6.412156e-07,+6.748513e-07,+6.826854e-07,+7.051626e-07,+7.211226e-07,+7.399083e-07,+7.384193e-07,+7.600913e-07,+7.509905e-07,+7.620524e-07,+8.150472e-07,+8.266880e-07,+7.543781e-07,+8.004342e-07,+9.323802e-07,+8.187830e-07,+8.486698e-07,+8.219032e-07,+8.494231e-07,+8.631022e-07,+8.822832e-07,+9.188657e-07,+9.234475e-07,+9.104232e-07,+9.546445e-07,+9.404080e-07,+9.445120e-07,+9.720974e-07,+9.673331e-07,+9.904616e-07,+9.884915e-07,+1.032579e-06,+1.036490e-06,+1.050757e-06,+1.063135e-06,+1.016424e-06,+1.079685e-06,+1.026491e-06,+1.111512e-06,+1.093740e-06,+1.113009e-06,+1.164328e-06,+1.150414e-06,+1.125210e-06,+1.161747e-06,+1.256912e-06,+1.202648e-06,+1.193537e-06,+1.173123e-06,+1.218728e-06,+1.264763e-06,+1.242265e-06,+1.239459e-06,+1.243066e-06,+1.324798e-06,+1.304586e-06,+1.366390e-06,+1.368822e-06,+1.315572e-06,+1.330223e-06,+1.406428e-06,+1.488494e-06,+1.388515e-06,+1.475585e-06,+1.515445e-06,+1.491456e-06,+1.503744e-06,+1.544969e-06,+1.583507e-06,+1.569334e-06,+1.581184e-06,+1.602019e-06,+1.640316e-06,+1.669770e-06,+1.688033e-06,+1.692660e-06,+1.629635e-06,+1.693417e-06,+1.838711e-06,+1.755886e-06,+1.803703e-06,+1.834900e-06,+1.881856e-06,+1.969523e-06,+1.947923e-06,+1.996181e-06,+2.317178e-06,+2.069106e-06,+2.111078e-06,+2.138780e-06,+2.191796e-06,+2.222747e-06,+2.342111e-06,+2.484800e-06,+2.410629e-06,+2.524282e-06,+2.565970e-06,+2.457434e-06,+2.677562e-06,+2.617911e-06,+2.697990e-06,+2.548112e-06,+2.643991e-06,+2.869065e-06,+3.006377e-06,+2.737474e-06,+3.068180e-06,+3.398503e-06,+3.408758e-06,+3.283294e-06,+4.112486e-06,+4.054125e-06,+4.831594e-06,+4.972484e-06,+4.725128e-06,+4.576927e-06,+3.818238e-06,+4.579115e-06,+4.159154e-06,+5.351325e-06,+5.278937e-06,+5.560733e-06,+5.702851e-06,+5.801783e-06,+4.659134e-06,+7.272624e-06,+6.527612e-06,+6.053495e-06,+4.644749e-06,+7.142296e-06,+8.733907e-06,+8.852111e-06,+9.588809e-06,+8.789248e-06,+3.925936e-05,+1.081600e-05,+9.646009e-06,+1.110987e-05,+8.292331e-06,+1.047501e-05,+1.144555e-05
8500-8600,+3.912196e-07,+3.917548e-07,+4.183041e-07,+4.662394e-07,+5.175062e-07,+5.315616e-07,+5.528023e-07,+5.577367e-07,+5.699825e-07,+5.948277e-07,+6.112623e-07,+6.553226e-07,+6.455302e-07,+6.587219e-07,+6.998559e-07,+7.086554e-07,+7.127567e-07,+7.557732e-07,+7.033784e-07,+7.381110e-07,+7.680451e-07,+7.443601e-07,+6.551214e-07,+7.480760e-07,+8.457834e-07,+7.050126e-07,+7.349685e-07,+6.814810e-07,+6.776838e-07,+7.345129e-07,+7.489685e-07,+7.844685e-07,+7.748026e-07,+7.785126e-07,+8.197256e-07,+8.042419e-07,+7.811778e-07,+8.262100e-07,+8.218712e-07,+8.455066e-07,+8.211154e-07,+8.838062e-07,+8.834597e-07,+8.976265e-07,+8.938769e-07,+9.201989e-07,+9.258487e-07,+9.463869e-07,+9.735547e-07,+9.421809e-07,+9.733419e-07,+1.001440e-06,+1.020481e-06,+9.919811e-07,+1.001246e-06,+1.056071e-06,+1.012895e-06,+1.069736e-06,+1.035619e-06,+1.063372e-06,+1.111657e-06,+1.093940e-06,+1.069077e-06,+1.077898e-06,+1.072350e-06,+1.207131e-06,+1.181804e-06,+1.260042e-06,+1.203808e-06,+1.220486e-06,+1.334872e-06,+1.358405e-06,+1.236464e-06,+1.280573e-06,+1.368678e-06,+1.441584e-06,+1.403187e-06,+1.450355e-06,+1.492805e-06,+1.418194e-06,+1.477158e-06,+1.560846e-06,+1.615832e-06,+1.510198e-06,+1.609281e-06,+1.532982e-06,+1.583791e-06,+1.754430e-06,+1.721484e-06,+1.611635e-06,+1.806186e-06,+1.769502e-06,+1.722084e-06,+1.923184e-06,+1.959674e-06,+1.937762e-06,+1.939621e-06,+2.064932e-06,+2.121235e-06,+2.116915e-06,+2.115358e-06,+2.255701e-06,+2.209363e-06,+2.679290e-06,+2.466633e-06,+2.492818e-06,+3.065079e-06,+2.726025e-06,+2.849994e-06,+2.971045e-06,+2.963469e-06,+2.846211e-06,+3.010257e-06,+2.231953e-06,+3.378765e-06,+2.983391e-06,+3.287970e-06,+3.488122e-06,+3.525024e-06,+3.647548e-06,+4.409859e-06,+3.988357e-06,+4.704060e-06,+5.313744e-06,+4.790936e-06,+3.985205e-06,+6.152413e-06,+5.950458e-06,+4.885603e-06,+6.020209e-06,+5.905202e-06,+6.816317e-06,+6.022552e-06,+6.633039e-06,+5.260112e-06,+8.512963e-06,+7.606937e-06,+6.190944e-06,+7.280132e-06,+8.378278e-06,+9.017737e-06,+1.042821e-05,+9.524533e-06,+9.694254e-06,+1.081600e-05,+4.758271e-05,+9.765180e-06,+1.330771e-05,+1.187734e-05,+1.442849e-05,+1.510450e-05
8600-8750,+3.644351e-07,+3.711414e-07,+4.000399e-07,+4.492958e-07,+4.895356e-07,+5.088296e-07,+5.207391e-07,+5.316037e-07,+5.558912e-07,+5.782486e-07,+5.977836e-07,+5.948753e-07,+6.395318e-07,+6.627619e-07,+6.605360e-07,+6.796203e-07,+6.902935e-07,+6.977595e-07,+6.754308e-07,+6.785258e-07,+7.370629e-07,+7.171905e-07,+6.260855e-07,+6.875344e-07,+8.371123e-07,+6.841631e-07,+6.906475e-07,+5.925195e-07,+6.622386e-07,+6.592819e-07,+6.935063e-07,+7.286395e-07,+7.245543e-07,+6.777011e-07,+7.538015e-07,+7.129135e-07,+7.237842e-07,+7.601881e-07,+7.331502e-07,+7.730486e-07,+7.447785e-07,+7.942850e-07,+8.168737e-07,+7.922361e-07,+8.383561e-07,+7.491796e-07,+7.682380e-07,+8.376323e-07,+8.742485e-07,+8.623159e-07,+8.769737e-07,+9.580778e-07,+8.885803e-07,+9.145864e-07,+9.214912e-07,+1.002665e-06,+9.740231e-07,+9.482128e-07,+9.374651e-07,+1.026242e-06,+9.254611e-07,+9.977920e-07,+1.059421e-06,+1.022935e-06,+1.103358e-06,+1.151973e-06,+1.188047e-06,+1.122660e-06,+1.128115e-06,+1.140732e-06,+1.182079e-06,+1.247305e-06,+1.134194e-06,+1.249874e-06,+1.297088e-06,+1.318010e-06,+1.316696e-06,+1.296895e-06,+1.416505e-06,+1.369071e-06,+1.391139e-06,+1.450541e-06,+1.437573e-06,+1.441353e-06,+1.495710e-06,+1.533963e-06,+1.510161e-06,+1.610810e-06,+1.657785e-06,+1.634193e-06,+1.767255e-06,+1.650643e-06,+1.724058e-06,+2.087182e-06,+1.822791e-06,+1.809348e-06,+1.932216e-06,+1.915517e-06,+2.036249e-06,+2.074980e-06,+2.163863e-06,+2.254311e-06,+2.189708e-06,+2.469442e-06,+2.381387e-06,+2.543653e-06,+2.548770e-06,+2.511191e-06,+2.543896e-06,+2.628227e-06,+2.558575e-06,+2.675934e-06,+2.802022e-06,+2.810373e-06,+2.783128e-06,+2.911532e-06,+3.205449e-06,+3.323890e-06,+3.767152e-06,+3.565683e-06,+4.057183e-06,+3.864834e-06,+4.350537e-06,+4.549759e-06,+6.297978e-06,+4.224072e-06,+4.672680e-06,+5.225685e-06,+5.941185e-06,+4.619972e-06,+6.078444e-06,+7.433374e-06,+6.839708e-06,+6.764129e-06,+6.036849e-06,+7.259681e-06,+7.468830e-06,+6.420275e-06,+7.171471e-06,+9.492759e-06,+9.833667e-06,+9.880234e-06,+1.025951e-05,+1.032158e-05,+9.646009e-06,+9.765180e-06,+4.238716e-05,+1.120012e-05,+1.501425e-05,+1.176740e-05,+1.351485e-05
9033-9300,+4.110433e-07,+4.022092e-07,+4.462342e-07,+5.104521e-07,+5.498868e-07,+5.934957e-07,+5.978297e-07,+6.052156e-07,+6.361858e-07,+6.782735e-07,+7.030495e-07,+7.238194e-07,+7.471526e-07,+7.915738e-07,+7.553125e-07,+7.859732e-07,+8.066350e-07,+8.201306e-07,+7.828092e-07,+8.381069e-07,+7.961576e-07,+7.948449e-07,+6.514596e-07,+7.240992e-07,+8.888361e-07,+7.157170e-07,+7.557211e-07,+6.942932e-07,+7.157370e-07,+7.435243e-07,+7.579325e-07,+7.840538e-07,+7.929452e-07,+7.896037e-07,+8.434055e-07,+8.111403e-07,+8.105936e-07,+8.410488e-07,+8.590271e-07,+8.601361e-07,+8.383227e-07,+8.862888e-07,+8.937432e-07,+9.065808e-07,+9.138120e-07,+8.722759e-07,+8.969071e-07,+9.173125e-07,+9.592872e-07,+9.420289e-07,+9.706219e-07,+1.000318e-06,+1.050488e-06,+9.953101e-07,+1.019710e-06,+1.019132e-06,+1.046297e-06,+1.029289e-06,+1.030621e-06,+1.074377e-06,+1.139406e-06,+1.151586e-06,+1.121014e-06,+1.095103e-06,+1.048234e-06,+1.122397e-06,+1.216784e-06,+1.233734e-06,+1.256764e-06,+1.248643e-06,+1.341326e-06,+1.426599e-06,+1.201426e-06,+1.423640e-06,+1.409007e-06,+1.457203e-06,+1.490286e-06,+1.523996e-06,+1.600000e-06,+1.524432e-06,+1.604084e-06,+1.651719e-06,+1.608552e-06,+1.645782e-06,+1.751094e-06,+1.717594e-06,+1.671335e-06,+1.709828e-06,+1.836102e-06,+1.817842e-06,+1.886501e-06,+1.749321e-06,+2.006553e-06,+2.061915e-06,+1.940767e-06,+2.126382e-06,+2.219869e-06,+2.155771e-06,+2.198137e-06,+2.461495e-06,+2.504599e-06,+2.343107e-06,+2.502391e-06,+2.827904e-06,+2.664263e-06,+2.677452e-06,+2.800616e-06,+2.876153e-06,+3.519497e-06,+3.063640e-06,+2.901543e-06,+2.786400e-06,+3.057391e-06,+3.153757e-06,+3.960868e-06,+3.261279e-06,+3.646813e-06,+3.427304e-06,+4.049378e-06,+3.953770e-06,+4.580010e-06,+4.576789e-06,+3.366997e-06,+5.365723e-06,+4.846817e-06,+4.871193e-06,+7.018592e-06,+5.958214e-06,+6.735289e-06,+6.912684e-06,+6.282648e-06,+7.253611e-06,+6.372610e-06,+7.564255e-06,+5.649952e-06,+8.507398e-06,+7.272212e-06,+6.608377e-06,+8.092446e-06,+8.006221e-06,+7.714495e-06,+1.029656e-05,+1.258923e-05,+9.078926e-06,+1.110987e-05,+1.330771e-05,+1.120012e-05,+6.474459e-05,+1.503035e-05,+1.354313e-05,+1.650840e-05
9300-9450,+3.366715e-07,+3.254356e-07,+3.649300e-07,+4.282599e-07,+4.705357e-07,+5.066686e-07,+5.097067e-07,+5.259364e-07,+5.594407e-07,+5.732902e-07,+6.088498e-07,+6.015560e-07,+6.334984e-07,+7.084234e-07,+6.539714e-07,+6.764469e-07,+7.059483e-07,+7.461447e-07,+5.995600e-07,+6.910304e-07,+6.997232e-07,+6.312979e-07,+5.396409e-07,+6.241531e-07,+7.341447e-07,+5.846807e-07,+6.067057e-07,+5.440080e-07,+5.737157e-07,+5.443519e-07,+6.157410e-07,+6.400468e-07,+5.725427e-07,+6.084074e-07,+6.706455e-07,+6.255872e-07,+5.756209e-07,+6.485624e-07,+6.412537e-07,+6.367547e-07,+6.044905e-07,+6.921002e-07,+7.274385e-07,+7.136077e-07,+7.250599e-07,+6.846224e-07,+7.199588e-07,+7.416188e-07,+7.812834e-07,+7.543595e-07,+7.532395e-07,+8.235574e-07,+8.381091e-07,+7.326347e-07,+7.704591e-07,+8.171942e-07,+8.388983e-07,+8.506158e-07,+8.407594e-07,+8.443855e-07,+8.516388e-07,+9.122114e-07,+8.706182e-07,+9.302245e-07,+9.748674e-07,+1.036672e-06,+1.162438e-06,+1.021247e-06,+1.026649e-06,+1.060019e-06,+1.101084e-06,+1.182904e-06,+1.129222e-06,+1.158681e-06,+1.246776e-06,+1.289849e-06,+1.268407e-06,+1.240268e-06,+1.343151e-06,+1.261194e-06,+1.331914e-06,+1.357269e-06,+1.439387e-06,+1.402741e-06,+1.407638e-06,+1.472509e-06,+1.423152e-06,+1.584922e-06,+1.591833e-06,+1.552350e-06,+1.627922e-06,+1.615439e-06,+1.674225e-06,+1.746206e-06,+1.844355e-06,+1.752050e-06,+1.937004e-06,+1.645321e-06,+1.892019e-06,+1.896960e-06,+2.116589e-06,+2.185209e-06,+2.075620e-06,+2.433398e-06,+2.315834e-06,+2.622361e-06,+2.552527e-06,+2.376796e-06,+3.124144e-06,+2.020737e-06,+2.299945e-06,+2.749390e-06,+3.131708e-06,+2.101713e-06,+2.864860e-06,+2.874226e-06,+3.063774e-06,+3.436745e-06,+3.652894e-06,+3.565411e-06,+3.990363e-06,+3.858711e-06,+4.163291e-06,+4.925759e-06,+5.124720e-06,+4.233708e-06,+5.241293e-06,+5.452999e-06,+5.493304e-06,+5.900572e-06,+6.146687e-06,+6.735055e-06,+6.310274e-06,+6.764958e-06,+5.478195e-06,+7.999802e-06,+7.178398e-06,+6.912883e-06,+7.383215e-06,+8.289337e-06,+6.657354e-06,+8.861157e-06,+1.171459e-05,+1.016274e-05,+8.292331e-06,+1.187734e-05,+1.501425e-05,+1.503035e-05,+5.662402e-05,+1.304962e-05,+1.540004e-05
9450-9750,+3.475261e-07,+3.442158e-07,+3.737022e-07,+4.294545e-07,+4.964616e-07,+4.872131e-07,+5.024763e-07,+5.332855e-07,+5.358615e-07,+5.592135e-07,+6.013976e-07,+6.332660e-07,+6.402405e-07,+7.105224e-07,+6.147922e-07,+7.776121e-07,+7.040935e-07,+7.130489e-07,+6.503401e-07,+6.711671e-07,+7.059514e-07,+6.479620e-07,+5.188247e-07,+6.168824e-07,+7.657404e-07,+5.641015e-07,+5.842910e-07,+5.162234e-07,+4.523722e-07,+5.848777e-07,+5.612286e-07,+6.416416e-07,+6.263544e-07,+6.049651e-07,+6.475273e-07,+6.396077e-07,+6.245581e-07,+6.484671e-07,+6.581947e-07,+6.613738e-07,+6.579994e-07,+7.270269e-07,+7.115688e-07,+7.128020e-07,+7.367401e-07,+7.648145e-07,+7.331237e-07,+7.585412e-07,+7.652555e-07,+7.654394e-07,+8.147048e-07,+8.028859e-07,+8.229863e-07,+8.242681e-07,+7.334555e-07,+8.951690e-07,+8.491116e-07,+8.388319e-07,+8.882969e-07,+9.552101e-07,+9.116502e-07,+8.826548e-07,+9.061845e-07,+9.302888e-07,+9.482456e-07,+1.040231e-06,+1.048672e-06,+1.141254e-06,+1.025074e-06,+1.079196e-06,+1.244901e-06,+1.266454e-06,+1.222218e-06,+1.295803e-06,+1.329861e-06,+1.373009e-06,+1.376507e-06,+1.426117e-06,+1.405522e-06,+1.422006e-06,+1.455608e-06,+1.469029e-06,+1.491504e-06,+1.557969e-06,+1.559741e-06,+1.581002e-06,+1.549046e-06,+1.730665e-06,+1.771592e-06,+1.664203e-06,+1.799764e-06,+1.724127e-06,+1.821333e-06,+1.733315e-06,+1.974849e-06,+2.051182e-06,+2.282831e-06,+2.061824e-06,+2.124805e-06,+2.335690e-06,+2.520381e-06,+2.505682e-06,+2.231312e-06,+2.811590e-06,+2.627127e-06,+2.815307e-06,+2.868411e-06,+2.826605e-06,+3.069911e-06,+3.387656e-06,+2.961393e-06,+3.281783e-06,+2.961075e-06,+3.176550e-06,+3.735098e-06,+3.461721e-06,+3.681601e-06,+4.029478e-06,+3.895382e-06,+4.290235e-06,+5.045025e-06,+4.973414e-06,+5.352092e-06,+5.193613e-06,+5.939890e-06,+5.033524e-06,+6.709454e-06,+6.353836e-06,+5.803019e-06,+6.725131e-06,+6.589387e-06,+8.872577e-06,+7.728628e-06,+8.230519e-06,+6.128687e-06,+1.028984e-05,+8.446967e-06,+9.091919e-06,+7.945423e-06,+1.106719e-05,+9.958572e-06,+1.037346e-05,+9.958001e-06,+1.131297e-05,+1.047501e-05,+1.442849e-05,+1.176740e-05,+1.354313e-05,+1.304962e-05,+6.464432e-05,+1.902133e-05
9750-10350,+3.890295e-07,+3.912138e-07,+4.260128e-07,+4.948377e-07,+5.265573e-07,+5.453063e-07,+5.587784e-07,+5.877009e-07,+6.006160e-07,+6.491397e-07,+6.856821e-07,+7.095282e-07,+7.364796e-07,+7.683353e-07,+7.385022e-07,+8.081316e-07,+8.123520e-07,+8.372298e-07,+7.685195e-07,+7.412412e-07,+7.604504e-07,+7.168623e-07,+5.770174e-07,+6.641484e-07,+8.383185e-07,+6.378234e-07,+6.836651e-07,+5.161034e-07,+5.674696e-07,+6.332171e-07,+6.657440e-07,+6.852262e-07,+6.806537e-07,+6.526667e-07,+7.189666e-07,+7.225381e-07,+6.704389e-07,+7.110587e-07,+7.377726e-07,+7.724210e-07,+7.492564e-07,+7.841828e-07,+7.822980e-07,+7.909143e-07,+8.559840e-07,+8.719534e-07,+8.309030e-07,+8.088369e-07,+9.117304e-07,+8.657031e-07,+8.957584e-07,+8.607576e-07,+8.891730e-07,+8.392440e-07,+9.495012e-07,+9.871170e-07,+9.499804e-07,+9.316474e-07,+1.001373e-06,+1.048654e-06,+1.046506e-06,+1.086880e-06,+1.043978e-06,+1.025546e-06,+1.092448e-06,+1.116185e-06,+1.265371e-06,+1.157444e-06,+1.210501e-06,+1.261206e-06,+1.319509e-06,+1.411875e-06,+1.205420e-06,+1.427343e-06,+1.470087e-06,+1.372426e-06,+1.513886e-06,+1.561044e-06,+1.628708e-06,+1.569452e-06,+1.654835e-06,+1.663805e-06,+1.762317e-06,+1.721334e-06,+1.814505e-06,+1.795713e-06,+1.681376e-06,+1.987439e-06,+1.930202e-06,+1.939886e-06,+2.069034e-06,+2.019182e-06,+2.027276e-06,+2.102966e-06,+2.273264e-06,+2.259838e-06,+2.301108e-06,+2.327900e-06,+2.510146e-06,+2.529031e-06,+2.526602e-06,+2.694848e-06,+2.722156e-06,+2.959214e-06,+2.997300e-06,+2.638239e-06,+3.318855e-06,+3.252499e-06,+3.215803e-06,+3.528413e-06,+2.538981e-06,+3.178349e-06,+3.741074e-06,+3.568994e-06,+5.167628e-06,+3.862118e-06,+4.565883e-06,+4.112676e-06,+4.809511e-06,+4.665500e-06,+5.509428e-06,+6.023157e-06,+5.990155e-06,+6.124267e-06,+6.785597e-06,+5.610209e-06,+6.838664e-06,+6.803151e-06,+7.580889e-06,+6.815347e-06,+8.342027e-06,+9.633608e-06,+9.060832e-06,+8.531705e-06,+7.602987e-06,+1.051346e-05,+9.287877e-06,+1.037125e-05,+9.126887e-06,+1.016078e-05,+1.051716e-05,+1.077811e-05,+1.120373e-05,+1.267041e-05,+1.144555e-05,+1.510450e-05,+1.351485e-05,+1.650840e-05,+1.540004e-05,+1.902133e-05,+7.007985e-05
