line	wn_key	wn_written
1	121663.095523771	121663.095
2	121585.4079462858	121585.212
3	121547.2990862859	121547.148
4	121489.4036465014	121489.208
5	121279.4157050814	121279.221
6	121229.7856423408	121229.625
7	121152.7977988119	121152.661
8	121066.9960534426	121066.836
9	120868.5877110386	120868.481
10	120753.4014849632	120753.477
11	120748.3004393329	120748.432
12	120719.8925632918	120719.995
13	120579.9967086184	120580.140
14	120473.0915228123	120473.239
15	120425.9072191225	120426.034
16	120347.5049990623	120347.580
17	120317.2169696476	120317.292
18	120298.4117509228	120298.559
19	120214.5867069537	120214.748
20	120204.0033183495	120204.128
21	120190.4096270935	120190.515
22	120168.6066796028	120168.717
23	120101.2069172525	120101.311
24	120020.6141627077	120020.688
25	119979.1907608403	119979.294
26	119815.4118599965	119815.524
27	119639.6977369053	119639.771
28	119575.0099666128	119575.153
29	119510.8887920763	119510.992
30	119442.4967820962	119442.637
31	119372.7893516431	119372.895
32	119216.6169630567	119216.690
33	119199.0100029192	119199.083
34	119138.6917189107	119138.789
35	119122.2040624075	119122.277
36	119114.4027207971	119114.510
37	119101.6133287018	119101.691
38	119048.3091965156	119048.432
39	119039.5137514605	119039.605
40	119007.6888464009	119007.772
41	118982.6011828686	118982.706
42	118924.3019560284	118924.375
43	118921.6062535656	118921.697
44	118903.9144885485	118903.987
45	118845.8879949033	118845.961
46	118817.3132731631	118817.386
47	118796.0087027423	118796.139
48	118766.2187753495	118766.353
49	118746.5039558241	118746.577
50	118710.7022626483	118710.777
51	118694.7948640073	118694.881
52	118580.091519798	118580.193
53	118576.4063638253	118576.516
54	118547.7143637161	118547.787
55	118499.292511914	118499.410
56	118483.6976737693	118483.770
57	118427.9955854827	118428.092
58	118372.8978249181	118372.970
59	118333.9839957713	118334.059
60	118310.8176730265	118310.922
61	118243.8143668475	118243.915
62	118174.1052124865	118174.177
63	118124.4069400375	118124.479
64	117997.7069025576	117997.779
65	117962.2089009932	117962.281
66	117863.3907087221	117863.462
67	117833.2120687474	117833.297
68	117824.7884857844	117824.860
69	117674.3108246071	117674.382
70	117661.5977683036	117661.677
71	117645.5124681242	117645.584
72	117638.6056679404	117638.653
73	117625.4900798904	117625.610
74	117601.2874714356	117601.394
75	117522.2030126224	117522.274
76	117485.606801665	117485.720
77	117467.2878822378	117467.359
78	117458.9952671988	117459.078
79	117448.3875384357	117448.459
80	117436.5007178903	117436.572
81	117389.2058163607	117389.276
82	117237.6973649979	117237.768
83	117225.8907065922	117225.962
84	117216.8014547504	117216.872
85	117201.8103070708	117201.881
86	117189.6019925855	117189.677
87	117176.5862990079	117176.654
88	117125.9060336398	117125.991
89	117061.2006732885	117061.492
90	117001.2042215406	117001.495
91	116953.8882887849	116954.179
92	116901.3880183714	116901.679
93	116860.9099418926	116861.200
94	116848.6135978445	116848.904
95	116796.2114023938	116796.515
96	116783.5166198855	116783.801
97	116721.5090275893	116721.799
98	116709.8036398995	116710.093
99	116673.7089121703	116674.014
100	116657.509990596	116657.806
101	116638.7828562031	116639.067
102	116602.5909141444	116602.880
103	116587.7846141636	116588.083
104	116400.6048184373	116400.893
105	116373.9098975597	116374.219
106	116341.1871051897	116341.475
107	116315.595566698	116315.883
108	116285.0067999092	116285.295
109	116236.7876096106	116237.075
110	116208.5120019738	116208.799
111	116181.6880584014	116181.975
112	116102.6073780821	116102.894
113	116076.8929102456	116077.204
114	116071.8981996303	116072.185
115	115978.7138032445	115979.007
116	115951.8152728695	115952.152
117	115898.6091965316	115899.000
118	115857.2887496993	115857.574
119	115828.0049757744	115828.317
120	115748.6160546744	115748.901
121	115697.8963001218	115698.169
122	115662.8103861435	115663.069
123	115618.987848872	115619.272
124	115435.4185115357	115435.702
125	115152.4182463968	115152.700
126	115142.3904067661	115142.669
127	115133.3851184971	115133.667
128	114995.6871444693	114995.976
129	114824.6884867354	114824.969
130	114801.4883378576	114801.769
131	114718.4992729167	114718.779
132	114687.8156148324	114688.090
133	114665.2085804521	114665.488
134	114604.1063365959	114604.414
135	114449.3162563213	114449.595
136	114409.7999579192	114410.071
137	114397.2129939231	114397.491
138	114393.8120924085	114394.091
139	114353.5155986627	114353.821
140	114327.5094131368	114327.788
141	114241.419932001	114241.697
142	114115.5070999009	114115.799
143	114109.0030925179	114109.280
144	113867.3123717838	113867.588
145	113798.1142078695	113798.390
146	113708.5979177349	113708.873
147	113657.0106982313	113657.289
148	113597.2187743689	113597.493
149	113431.2943622854	113431.553
150	113335.5035378801	113335.777
151	113251.5870334393	113251.860
152	113142.9023796251	113143.175
153	113101.9836479762	113102.307
154	112958.7150532001	112959.025
155	112920.9937323896	112921.335
156	112837.1165119941	112837.452
157	112693.8127803488	112694.083
158	112580.0116365198	112580.360
159	112448.4994565522	112448.898
160	112324.7066665546	112325.054
161	111775.9115193669	111776.255
162	111585.7087766408	111586.051
163	110742.0975419696	110742.435
164	110648.1040981548	110648.441
165	110572.2223071238	110572.602
166	110241.0855206369	110241.465
167	109902.9047857028	109903.213
168	109608.2836611934	109608.585
169	109430.1174744678	109430.476
170	109333.2128818404	109333.557
171	108695.2990536711	108695.674
172	107393.7156993235	107394.057
173	107273.5903881556	107273.971
174	107057.8995906727	107058.261
175	106955.301463531	106955.616
176	106946.6043815008	106946.919
177	106803.8135872207	106804.155
178	104727.7107255088	104728.103
179	103750.695941495	103751.057
180	103677.3145042454	103677.615
181	103593.3196420143	103593.667
182	103462.798289919	103462.857
183	103290.821683464	103290.863
184	103189.5954232932	103189.625
185	103085.888582338	103085.917
186	103015.588206499	103015.635
187	102948.6260860564	102948.677
188	102915.0855495591	102915.127
189	102864.9980490967	102864.989
190	102852.8136453116	102852.837
191	102764.3817134665	102764.420
192	102645.0813114364	102645.057
193	102388.1000216581	102388.167
194	102257.0080618299	102257.036
195	102249.3924527073	102249.425
196	102122.3027582761	102122.303
197	102072.6942472799	102072.732
198	102051.3162437697	102051.409
199	101797.775038887	101797.817
200	101759.5115469316	101759.542
201	101750.5076621774	101750.550
202	101681.7067016573	101681.754
203	101633.5787843035	101633.553
204	101510.488302036	101510.505
205	101432.2111674777	101432.186
206	101314.7813317052	101314.822
207	101281.811084674	101281.801
208	101218.6867395442	101218.705
209	101214.4865599444	101214.507
210	101178.4122644692	101178.391
211	101073.2987005959	101073.347
212	101048.1866323571	101048.219
213	100933.6177313688	100933.651
214	100797.8072348593	100797.819
215	100789.2905796784	100789.267
216	100662.1781225908	100662.208
217	100644.1110479236	100644.163
218	100639.8843435676	100639.925
219	100624.3872814066	100624.406
220	100596.0155561799	100595.989
221	100591.187317068	100591.248
222	100565.1882789959	100565.167
223	100548.4960556223	100548.485
224	100543.1168207541	100543.146
225	100464.4233511499	100464.475
226	100450.0079638402	100450.015
227	100444.8852970455	100444.873
228	100405.9204431974	100405.958
229	100369.2794039728	100369.302
230	100358.7913861284	100358.780
231	100312.4867603824	100312.538
232	100296.0870820765	100296.135
233	100117.4188329382	100117.572
234	100107.0071837969	100107.151
235	100088.2889500743	100088.426
236	100050.1125437593	100050.232
237	99997.70002645062	99997.865
238	99964.90616221141	99965.057
239	99947.51378848136	99947.662
240	99937.01985749447	99937.196
241	99880.42160637943	99880.572
242	99877.72487795135	99877.890
243	99847.41661167204	99847.590
244	99796.90666773717	99797.091
245	99728.3201097413	99728.439
246	99713.21245391296	99713.440
247	99675.22919340433	99675.379
248	99661.22587767958	99661.425
249	99575.90313412908	99576.086
250	99548.77252193794	99548.894
251	99511.20049519686	99511.362
252	99474.7864576226	99474.964
253	99444.70039979539	99444.865
254	99435.60177711683	99435.746
255	99417.70529602963	99417.888
256	99381.72336482839	99381.895
257	99365.72452202007	99365.904
258	99336.31720250756	99336.477
259	99321.71616349972	99321.840
260	99296.19422714254	99296.322
261	99271.72155912816	99271.882
262	99266.2122131045	99266.404
263	99259.61140499216	99259.764
264	99221.40487446157	99221.564
265	99184.70089013895	99184.873
266	99178.30392396332	99178.462
267	99153.61253953802	99153.794
268	99146.1762635995	99146.337
269	99133.38780474775	99133.505
270	99114.10916687043	99114.255
271	99105.18948217078	99105.311
272	99052.08556728605	99052.203
273	99034.40736978836	99034.579
274	99006.58372937916	99006.778
275	98994.90241392462	98995.043
276	98982.28181439232	98982.399
277	98955.01778193761	98955.179
278	98920.39128514602	98920.563
279	98910.79710434763	98910.961
280	98881.92141240844	98882.075
281	98832.89103981678	98833.034
282	98804.38378861162	98804.518
283	98784.92313933313	98785.046
284	98740.08801480367	98740.250
285	98733.07816072936	98733.258
286	98702.82420706726	98702.985
287	98682.19893696047	98682.339
288	98671.69066661841	98671.799
289	98640.715785742	98640.935
290	98634.79783788884	98634.929
291	98599.69344102708	98599.847
292	98596.8835334924	98597.023
293	98558.88568170666	98559.029
294	98546.42059060339	98546.602
295	98540.11441352898	98540.256
296	98517.70136249752	98517.884
297	98505.68403405156	98505.818
298	98495.58894144099	98495.787
299	98489.18765512957	98489.332
300	98476.68169348336	98476.807
301	98454.38191633961	98454.497
302	98451.37943032474	98451.498
303	98446.01517346683	98446.158
304	98379.59472143838	98379.766
305	98356.08787960421	98356.247
306	98329.2933240419	98329.422
307	98306.09369222262	98306.225
308	98298.42780502811	98298.594
309	98295.08550657798	98295.232
310	98290.12309153877	98290.281
311	98278.57561590475	98278.693
312	98246.0072029067	98246.159
313	98208.49010050557	98208.616
314	98195.82471308364	98195.940
315	98179.38025684557	98179.477
316	98146.0112304922	98146.210
317	98138.50454749986	98138.627
318	98115.49775503838	98115.598
319	98105.49220262648	98105.610
320	98089.79961023926	98089.924
321	98084.01382676832	98084.174
322	98074.69774031977	98074.844
323	98068.17683386923	98068.357
324	98049.79463851907	98049.913
325	98040.923816404	98041.129
326	98034.20928616985	98034.374
327	98021.0275389228	98021.177
328	98015.00011213757	98015.127
329	97980.70803249901	97980.832
330	97944.17513076201	97944.327
331	97939.42701543627	97939.587
332	97928.80299955294	97928.891
333	97909.41963900455	97909.570
334	97887.78828888878	97887.982
335	97879.51965510895	97879.654
336	97873.59906414642	97873.759
337	97869.97821576505	97870.113
338	97860.29210862498	97860.430
339	97839.99301565622	97840.073
340	97833.39056626652	97833.499
341	97818.5253445156	97818.694
342	97809.57651206177	97809.682
343	97793.78563302344	97793.932
344	97775.01639863104	97775.159
345	97761.28274603252	97761.420
346	97757.91152864136	97758.087
347	97730.4035370321	97730.530
348	97726.1046536053	97726.232
349	97696.99418167674	97697.118
350	97687.7164329034	97687.836
351	97658.52035631926	97658.694
352	97652.80884751886	97652.959
353	97644.51111267596	97644.635
354	97636.21411691782	97636.334
355	97626.89248758557	97627.065
356	97622.11068611885	97622.252
357	97588.49517756669	97588.646
358	97566.30318002471	97566.450
359	97547.28499441495	97547.483
360	97537.82729628842	97538.007
361	97494.98128979487	97495.152
362	97471.10630667147	97471.342
363	97465.99050458251	97466.174
364	97463.01952521667	97463.245
365	97448.50303575397	97448.684
366	97442.02565159323	97442.249
367	97434.28082226007	97434.461
368	97426.48923856132	97426.678
369	97420.59732137245	97420.769
370	97398.88204558723	97399.087
371	97378.38908649555	97378.560
372	97357.12264863585	97357.323
373	97349.57937760251	97349.806
374	97324.71982520005	97324.934
375	97317.08197747383	97317.279
376	97273.51081298682	97273.661
377	97260.77270777598	97260.960
378	97250.07891318174	97250.240
379	97209.01663896622	97209.174
380	97191.08973738094	97191.296
381	97178.7040999435	97178.930
382	97166.805366219	97166.986
383	97161.70638061863	97161.899
384	97154.90817350958	97155.070
385	97144.6147841334	97144.816
386	97122.1856568966	97122.337
387	97114.61445264654	97114.792
388	97107.62576922352	97107.805
389	97082.92575942962	97083.140
390	97075.5987403169	97075.692
391	97069.19467529295	97069.363
392	97056.38788662755	97056.564
393	97040.28500754062	97040.463
394	97030.82958629807	97030.969
395	97022.68168987171	97022.857
396	97007.21588329613	97007.412
397	96998.48889468842	96998.642
398	96977.11379988042	96977.257
399	96965.28816561478	96965.441
400	96959.37592037051	96959.503
401	96952.30229029567	96952.446
402	96942.80610482222	96943.038
403	96933.50449307816	96933.718
404	96911.41734357628	96911.549
405	96891.41710557647	96891.644
406	96885.4128998449	96885.618
407	96878.48859188295	96878.676
408	96871.17790763991	96871.329
409	96856.99502857256	96857.156
410	96852.6869454019	96852.845
411	96824.37594916277	96824.548
412	96807.58751426164	96807.740
413	96798.87957659383	96799.057
414	96786.01407220043	96786.191
415	96783.11202297686	96783.314
416	96774.59966829144	96774.805
417	96765.70167218405	96765.817
418	96750.90581474679	96751.079
419	96744.37805777509	96744.560
420	96741.72039315804	96741.882
421	96736.30552380974	96736.511
422	96731.7134364817	96731.894
423	96727.99068723233	96728.185
424	96710.68745016257	96710.832
425	96707.59471650394	96707.739
426	96701.11995206018	96701.242
427	96680.197570915	96680.427
428	96636.63085474054	96636.825
429	96634.60176561955	96634.772
430	96624.22081759952	96624.399
431	96612.48756351485	96612.630
432	96607.99819905746	96608.182
433	96594.09588644284	96594.278
434	96589.22177688275	96589.418
435	96582.3200029992	96582.472
436	96566.68323814386	96566.898
437	96555.39282229515	96555.576
438	96546.99821512589	96547.159
439	96511.01593672036	96511.177
440	96508.89330840611	96509.073
441	96486.90618759836	96487.089
442	96467.09245048504	96467.273
443	96455.37958022965	96455.531
444	96448.48804793305	96448.681
445	96410.42482057509	96410.588
446	96395.77984495387	96395.958
447	96391.87847915941	96392.051
448	96387.49632043269	96387.675
449	96377.72096601456	96377.883
450	96366.69291628613	96366.864
451	96363.41966862907	96363.621
452	96351.91260746388	96352.106
453	96332.99380033748	96333.190
454	96321.8288558713	96322.013
455	96311.91470910789	96312.091
456	96306.09131716867	96306.263
457	96297.28577102367	96297.446
458	96267.41248097476	96267.571
459	96249.90590285425	96250.081
460	96243.31827032375	96243.471
461	96231.92265096576	96232.097
462	96227.88255149788	96228.005
463	96222.97854125136	96223.146
464	96211.20152541378	96211.327
465	96174.38689544456	96174.590
466	96159.10884807972	96159.247
467	96149.11679487329	96149.261
468	96146.28133797336	96146.442
469	96140.99813405276	96141.165
470	96137.20378697774	96137.395
471	96131.0081110231	96131.170
472	96118.08874466427	96118.239
473	96113.47842701367	96113.629
474	96099.21938349998	96099.365
475	96094.17673575458	96094.334
476	96075.40829259575	96075.586
477	96061.297186622	96061.482
478	96048.10048022753	96048.280
479	96042.58166537732	96042.773
480	96037.49623773985	96037.605
481	96019.12290577673	96019.300
482	96009.57560174525	96009.746
483	96003.82171073381	96003.977
484	95993.22275464053	95993.420
485	95981.08929476321	95981.256
486	95972.69874861393	95972.884
487	95966.41881860641	95966.569
488	95946.28380941576	95946.407
489	95941.10821817776	95941.307
490	95925.29226377232	95925.481
491	95909.38346944693	95909.500
492	95893.9099218811	95894.095
493	95880.59267388309	95880.792
494	95867.18181458279	95867.322
495	95856.79040210668	95856.934
496	95850.23193583301	95850.392
497	95831.22441740579	95831.384
498	95818.5855017931	95818.780
499	95804.08327323607	95804.250
500	95798.9160362164	95799.082
501	95788.19627950613	95788.384
502	95782.78912965943	95782.957
503	95774.7039321483	95774.892
504	95766.81047569487	95766.980
505	95763.50963534857	95763.681
506	95729.69455869438	95729.830
507	95707.41426088226	95707.557
508	95702.10748976942	95702.252
509	95694.41137808895	95694.580
510	95689.29621298412	95689.445
511	95677.20438662273	95677.354
512	95671.08649981247	95671.244
513	95656.17724852217	95656.375
514	95652.88055508833	95653.067
515	95647.00488564787	95647.160
516	95629.08996280523	95629.247
517	95623.78791390416	95623.964
518	95615.28623573024	95615.468
519	95611.41913605711	95611.557
520	95601.00811870472	95601.130
521	95591.98234230357	95592.097
522	95584.48646647611	95584.650
523	95552.69514525897	95552.923
524	95548.0190151383	95548.174
525	95538.37744346686	95538.533
526	95531.12641129816	95531.267
527	95516.38158210454	95516.530
528	95506.60285849455	95506.752
529	95501.40341635312	95501.552
530	95488.71661029471	95488.903
531	95478.89120181209	95479.032
532	95476.7930125508	95476.943
533	95454.00169504705	95454.155
534	95442.41800328578	95442.618
535	95437.07747187353	95437.249
536	95426.78228228481	95426.943
537	95422.9235692818	95423.073
538	95408.72219470148	95408.870
539	95396.61934186259	95396.821
540	95390.90130134826	95391.050
541	95382.2321219588	95382.323
542	95361.32102688444	95361.515
543	95358.70070654721	95358.879
544	95355.89039660698	95356.074
545	95335.8904795518	95336.045
546	95333.32069127575	95333.485
547	95321.08354487026	95321.256
548	95308.18325324816	95308.383
549	95287.4798395343	95287.625
550	95279.29571805817	95279.417
551	95245.89798710942	95246.046
552	95233.00885797768	95233.197
553	95228.3950677248	95228.584
554	95208.80394990236	95208.983
555	95198.82034264946	95199.053
556	95184.17668594832	95184.326
557	95178.9964932504	95179.052
558	95168.302827925	95168.465
559	95158.22908467265	95158.410
560	95151.00517090576	95151.202
561	95139.07801723859	95139.278
562	95119.17305869055	95119.384
563	95116.08619847924	95116.264
564	95109.19979516235	95109.321
565	95096.09179471043	95096.250
566	95081.23105810456	95081.391
567	95075.8178767375	95076.006
568	95070.49974073014	95070.699
569	95063.42757759761	95063.579
570	95045.00995170887	95045.116
571	95038.79192014273	95038.972
572	95033.38139228936	95033.557
573	95015.82680013134	95015.983
574	95005.4821262782	95005.636
575	94999.88443108817	95000.052
576	94983.42708691802	94983.574
577	94979.39419587796	94979.597
578	94964.88221321533	94965.058
579	94957.29611564164	94957.443
580	94950.80068530583	94950.997
581	94943.310393374	94943.467
582	94935.77102371062	94935.937
583	94929.61058462213	94929.712
584	94917.9030377806	94918.113
585	94914.11198007652	94914.268
586	94887.81304212267	94887.994
587	94852.99562868528	94853.096
588	94841.72601352603	94841.924
589	94836.98892896745	94837.108
590	94829.41413786403	94829.603
591	94826.47683201137	94826.666
592	94821.50703688717	94821.681
593	94780.27866176583	94780.454
594	94773.89099475286	94774.090
595	94760.02952485009	94760.197
596	94726.77297408097	94726.936
597	94709.79721916476	94709.977
598	94694.28864711555	94694.478
599	94678.02884249172	94678.192
600	94668.81112837106	94669.016
601	94650.52260004275	94650.626
602	94641.496277682	94641.623
603	94623.92264727903	94624.123
604	94600.2108127639	94600.398
605	94586.98695224593	94587.186
606	94579.6226568548	94579.791
607	94566.59024270283	94566.721
608	94563.52332245724	94563.710
609	94542.89436040766	94543.069
610	94537.326906145	94537.501
611	94528.21847152848	94528.393
612	94526.61381332934	94526.769
613	94516.37240530459	94516.528
614	94504.57766248922	94504.785
615	94486.88862130656	94487.056
616	94482.87897844629	94483.034
617	94472.4104518133	94472.554
618	94449.3047799946	94449.493
619	94433.3241083011	94433.479
620	94426.7691791125	94426.948
621	94414.70504639533	94414.896
622	94406.41094360343	94406.594
623	94403.67593422439	94403.846
624	94392.17863540119	94392.354
625	94376.39655465771	94376.579
626	94372.48602857417	94372.655
627	94365.09074669764	94365.295
628	94355.48172449083	94355.605
629	94346.20506326984	94346.311
630	94332.78335068749	94332.946
631	94325.39154259	94325.546
632	94317.38770584085	94317.532
633	94296.39365418289	94296.583
634	94291.03007791676	94291.182
635	94274.32352446379	94274.515
636	94263.40646118986	94263.546
637	94251.31604582908	94251.484
638	94246.18695791553	94246.365
639	94244.30638011082	94244.488
640	94240.02697458999	94240.212
641	94236.31023136797	94236.490
642	94221.58825756043	94221.741
643	94204.61434099963	94204.764
644	94197.51486089412	94197.676
645	94189.00508354198	94189.163
646	94177.01902362214	94177.170
647	94171.98810567126	94172.142
648	94170.01553499178	94170.173
649	94164.18613804808	94164.356
650	94153.52025432966	94153.705
651	94130.40251929776	94130.542
652	94127.20829887898	94127.384
653	94102.31400447938	94102.471
654	94089.39893521123	94089.604
655	94081.23039949696	94081.390
656	94064.18560887774	94064.342
657	94058.97434880823	94059.114
658	94050.80878330456	94051.033
659	94041.37298911593	94041.525
660	94015.61320201062	94015.788
661	94007.4022589289	94007.574
662	93997.50403563012	93997.703
663	93991.49966794853	93991.653
664	93975.97383806575	93976.127
665	93973.72562815734	93973.879
666	93959.42330417984	93959.604
667	93950.51441914601	93950.708
668	93940.90311108838	93941.107
669	93933.30941136485	93933.512
670	93928.47980277923	93928.627
671	93914.79499979527	93914.948
672	93907.8134086518	93907.937
673	93899.28340086894	93899.432
674	93885.41673226906	93885.621
675	93876.98232650475	93877.135
676	93867.52238285837	93867.691
677	93855.81263523974	93855.974
678	93850.52105433744	93850.697
679	93845.08693040223	93845.246
680	93841.62378413422	93841.778
681	93827.01471774642	93827.195
682	93805.62168127092	93805.808
683	93800.79943364816	93800.970
684	93793.03206230393	93793.185
685	93789.00584435568	93789.172
686	93778.28872937187	93778.465
687	93767.71576994832	93767.901
688	93762.89571194675	93763.050
689	93758.4982308783	93758.627
690	93729.8271375731	93729.998
691	93720.70693047474	93720.848
692	93714.7224856451	93714.969
693	93710.4206784141	93710.573
694	93706.02597801965	93706.195
695	93684.19257685292	93684.322
696	93676.57272896648	93676.737
697	93652.32157459218	93652.476
698	93646.29250306194	93646.500
699	93640.82820102874	93641.034
700	93637.32406883835	93637.481
701	93631.71776519105	93631.870
702	93609.29634055987	93609.448
703	93598.18089076842	93598.348
704	93576.79728355688	93576.981
705	93566.29345606692	93566.427
706	93561.11329467097	93561.268
707	93558.31267540061	93558.477
708	93535.91113819969	93536.079
709	93522.19195495079	93522.320
710	93511.69506939828	93511.853
711	93499.89308501883	93500.048
712	93490.98388688582	93491.141
713	93483.28895250647	93483.470
714	93478.2068601831	93478.368
715	93468.32211968859	93468.517
716	93436.478589931	93436.646
717	93428.60317647296	93428.868
718	93417.69758196508	93417.838
719	93409.58890615201	93409.761
720	93404.0908089859	93404.248
721	93392.48972330677	93392.673
722	93352.10896818324	93352.324
723	93341.5842435492	93341.765
724	93333.90328696514	93334.064
725	93328.22492403013	93328.474
726	93295.31765770215	93295.474
727	93286.38108312967	93286.498
728	93282.799392056	93282.962
729	93276.98245313644	93277.133
730	93274.19149840974	93274.342
731	93262.97911743328	93263.129
732	93253.81784121139	93253.956
733	93246.60796252063	93246.784
734	93243.02801802248	93243.176
735	93237.58412674245	93237.744
736	93231.40019118672	93231.562
737	93185.70132911086	93185.850
738	93169.90051581188	93170.150
739	93167.11322288062	93167.251
740	93139.28194269676	93139.422
741	93127.11429362917	93127.287
742	93118.43036227743	93118.662
743	93106.30874019477	93106.459
744	93095.02698304667	93095.135
745	93079.28660500147	93079.450
746	93068.79690995101	93068.932
747	93065.22479148148	93065.364
748	93058.77027769391	93058.947
749	93051.90408371003	93052.062
750	93046.98398024049	93047.145
751	93035.80276096269	93035.962
752	93010.52125598108	93010.611
753	92984.50289666464	92984.557
754	92977.22454618792	92977.211
755	92974.39439353149	92974.441
756	92972.58566244118	92972.648
757	92962.10973630114	92962.160
758	92940.18374881077	92940.318
759	92924.98364429401	92925.031
760	92908.72314440523	92908.807
761	92875.69510310766	92875.749
762	92868.61076079364	92868.673
763	92865.09014849436	92865.115
764	92858.9771954247	92859.051
765	92817.5938608923	92817.649
766	92811.62598306988	92811.729
767	92801.30551885736	92801.373
768	92796.81811331032	92796.885
769	92786.59154992239	92786.669
770	92783.1239356312	92783.184
771	92777.20117392454	92777.246
772	92766.79310896619	92766.706
773	92719.9981232969	92720.079
774	92706.5927295996	92706.640
775	92677.29386413787	92677.348
776	92673.4140497133	92673.479
777	92671.7038973908	92671.771
778	92660.89257326526	92661.009
779	92655.3956008286	92655.426
780	92639.59920021078	92639.682
781	92618.49508429396	92618.571
782	92616.0022239279	92616.085
783	92599.38044353946	92599.417
784	92597.12115715639	92597.162
785	92590.97906457928	92591.101
786	92583.1785707466	92583.233
787	92576.57874464287	92576.631
788	92553.27546299378	92553.381
789	92545.20347240803	92545.372
790	92524.30754610233	92524.405
791	92515.68125829575	92515.733
792	92488.98307502181	92489.007
793	92485.3873308674	92485.425
794	92476.49031409963	92476.565
795	92457.82533343969	92457.979
796	92443.12476166776	92443.171
797	92437.91747890654	92437.993
798	92417.59893554768	92417.680
799	92413.68234053464	92413.749
800	92383.42703872363	92383.486
801	92361.36940796103	92361.429
802	92351.10667942183	92351.142
803	92346.22919054571	92346.318
804	92336.01051409078	92336.054
805	92311.8062767486	92311.860
806	92306.42469341785	92306.536
807	92302.60496216155	92302.622
808	92289.40278603912	92289.452
809	92276.70911512038	92276.827
810	92272.43387082595	92272.545
811	92266.68209993067	92266.760
812	92261.48631837714	92261.531
813	92256.38224307455	92256.478
814	92244.88877048237	92244.958
815	92237.57875577091	92237.664
816	92233.57963740412	92233.638
817	92228.61803689723	92228.691
818	92215.42813793592	92215.504
819	92176.69300925775	92176.761
820	92167.92169753811	92168.022
821	92156.39169237432	92156.442
822	92145.83244278519	92145.885
823	92141.87983609147	92141.945
824	92133.61779524115	92133.676
825	92128.97798279028	92129.009
826	92120.80849101944	92120.816
827	92095.61009306028	92095.685
828	92088.22265694196	92088.281
829	92057.29794044635	92057.357
830	92053.81282174602	92053.871
831	92048.12611436666	92048.163
832	92035.42173208561	92035.539
833	92030.37396693706	92030.408
834	92021.70997352926	92021.781
835	91996.90733184092	91996.965
836	91990.99333537887	91991.046
837	91982.42470583414	91982.459
838	91974.99855251583	91975.049
839	91965.69598783887	91965.732
840	91960.97496241212	91961.023
841	91956.98980998754	91956.990
842	91948.69784546396	91948.751
843	91945.49048450605	91945.487
844	91928.31477299216	91928.405
845	91901.20362064827	91901.255
846	91887.78791111964	91887.823
847	91881.93137759695	91882.002
848	91863.48179953828	91863.514
849	91856.11611317033	91856.215
850	91837.58172722983	91837.699
851	91833.00848508041	91833.063
852	91813.29113258068	91813.319
853	91801.07861296157	91801.137
854	91788.23246490666	91788.297
855	91779.22430752165	91779.283
856	91756.23005179048	91756.327
857	91749.78186850081	91749.845
858	91742.6083474365	91742.648
859	91712.31412536209	91712.375
860	91698.01604657553	91698.102
861	91690.47676420324	91690.530
862	91680.97729664289	91681.019
863	91672.57458074848	91672.623
864	91669.42772705882	91669.431
865	91655.08823773066	91655.139
866	91650.8881580635	91650.941
867	91634.41113581647	91634.496
868	91622.9098103711	91622.975
869	91618.98319672726	91619.070
870	91612.41436109824	91612.479
871	91602.28255408054	91602.359
872	91576.51010797471	91576.584
873	91572.4047761378	91572.455
874	91549.87455393362	91549.910
875	91547.82654621039	91547.921
876	91534.78395259625	91534.824
877	91530.77128414904	91530.838
878	91498.82500993721	91498.966
879	91475.8148372054	91475.849
880	91470.12085734576	91470.167
881	91447.7105734413	91447.802
882	91441.01666091572	91441.046
883	91418.52443906639	91418.621
884	91402.81907626316	91402.912
885	91386.38646973859	91386.463
886	91367.09364068846	91367.141
887	91354.49148299299	91354.536
888	91343.62211139707	91343.702
889	91338.20851857544	91338.271
890	91334.38642644434	91334.460
891	91330.20364856097	91330.297
892	91290.60155596076	91290.652
893	91281.42135761499	91281.485
894	91275.28270431407	91275.334
895	91260.37657838642	91260.473
896	91252.87953233403	91252.928
897	91234.20973546337	91234.288
898	91230.80230306515	91230.917
899	91210.31995493852	91210.364
900	91180.07721940528	91180.156
901	91161.42505360986	91161.477
902	91145.40360279713	91145.467
903	91108.29215771244	91108.347
904	91077.41098171583	91077.433
905	91061.08822589737	91061.141
906	91054.51767593781	91054.551
907	91050.12124555175	91050.152
908	91032.71773111282	91032.745
909	91027.18694659855	91027.307
910	91013.77433781998	91013.820
911	90993.39043105395	90993.461
912	90988.09116540472	90988.137
913	90959.6088099242	90959.638
914	90950.01093510138	90950.038
915	90942.49501549722	90942.577
916	90925.38504138775	90925.496
917	90917.8309420011	90917.874
918	90876.97236329496	90876.762
919	90866.56958087388	90866.265
920	90863.99365444147	90863.664
921	90853.50302305662	90853.176
922	90781.81863237146	90781.529
923	90772.10449506604	90771.804
924	90764.10944929013	90763.837
925	90749.11486788797	90748.868
926	90711.82021520488	90711.534
927	90698.32442053845	90698.152
928	90666.91658193599	90666.630
929	90658.97291098117	90658.667
930	90649.50220503044	90649.212
931	90646.61654698156	90646.343
932	90632.72593529198	90632.464
933	90616.39996254671	90616.108
934	90612.11806659952	90611.826
935	90607.60875982874	90607.337
936	90597.77851903395	90597.514
937	90565.51091959153	90565.233
938	90547.80308959085	90547.595
939	90536.67369959228	90536.400
940	90520.5958013368	90520.359
941	90510.5984640808	90510.362
942	90480.20879614339	90479.921
943	90466.12144653586	90465.816
944	90457.47692431323	90457.189
945	90436.01693724534	90435.729
946	90419.01188061073	90418.742
947	90411.00506207535	90410.689
948	90395.31007339052	90395.089
949	90390.49759030768	90390.252
950	90388.02693610036	90387.742
951	90381.36762008375	90381.055
952	90369.5906953601	90369.328
953	90354.22026625239	90353.935
954	90338.48812604479	90338.196
955	90326.40209624832	90326.115
956	90290.51127782367	90290.214
957	90262.40109891303	90262.116
958	90259.97457747013	90259.759
959	90252.88226188131	90252.612
960	90243.32475280667	90243.011
961	90199.97308032373	90199.715
962	90194.99551957152	90194.736
963	90186.20449132635	90185.956
964	90181.17889866185	90180.893
965	90170.41874191353	90170.153
966	90158.6259815174	90158.387
967	90128.81272636204	90128.500
968	90106.22668306642	90105.955
969	90083.42127042018	90083.156
970	90076.11950589369	90075.845
971	90047.90330963812	90047.625
972	90036.88739161454	90036.566
973	90017.27906046889	90017.026
974	90006.1791232991	90005.900
975	89999.51388969625	89999.229
976	89994.90379739655	89994.914
977	89978.79516680064	89978.490
978	89970.52093345215	89970.232
979	89965.372413627	89965.063
980	89952.80649985853	89952.587
981	89946.8141657718	89946.530
982	89935.99006604392	89935.692
983	89924.00859066885	89923.714
984	89914.9748626788	89914.687
985	89906.39362956674	89906.157
986	89895.71268171082	89895.408
987	89883.68882307892	89883.385
988	89881.00938600859	89880.708
989	89850.09099915977	89849.797
990	89807.80140698655	89807.556
991	89786.50885160011	89786.218
992	89748.22319404573	89748.012
993	89731.492414521	89731.168
994	89719.80849099292	89719.553
995	89693.186387887	89692.966
996	89657.70835040417	89657.385
997	89651.60297582405	89651.398
998	89640.1958852043	89639.908
999	89627.81244472154	89627.523
1000	89594.58515287608	89594.304
1001	89584.52598715677	89584.556
1002	89575.08404004469	89574.791
1003	89564.31418064618	89564.050
1004	89551.09351486531	89550.868
1005	89507.09055071088	89506.778
1006	89485.47478284147	89485.163
1007	89461.2012304582	89460.946
1008	89453.11183271978	89452.800
1009	89447.28685006277	89447.013
1010	89443.28670957006	89442.974
1011	89413.82899178742	89413.566
1012	89404.80870724458	89404.528
1013	89387.61962155979	89387.576
1014	89361.19546839783	89360.907
1015	89353.29249412326	89353.040
1016	89346.27699374092	89346.003
1017	89327.99118030019	89327.686
1018	89321.20214716392	89320.938
1019	89314.72540829942	89314.449
1020	89309.79757627283	89309.458
1021	89265.2190241365	89265.020
1022	89261.80298114913	89261.520
1023	89248.8119067736	89248.582
1024	89239.72440568627	89239.481
1025	89229.3927991353	89229.124
1026	89196.90953504121	89196.929
1027	89170.10711008294	89169.776
1028	89126.17703194985	89125.916
1029	89095.90501881142	89095.575
1030	89062.81146449206	89062.564
1031	89043.92706322414	89043.701
1032	89039.01748661054	89038.720
1033	88995.91309951023	88995.712
1034	88991.09398468262	88990.746
1035	88974.30259479069	88974.025
1036	88966.87749880762	88966.640
1037	88939.00674330693	88938.729
1038	88915.11768046446	88914.804
1039	88860.82978399147	88860.414
1040	88853.98715452697	88853.652
1041	88841.81384225219	88841.411
1042	88831.62577872373	88831.216
1043	88818.21790859678	88817.907
1044	88815.08378418302	88814.717
1045	88799.83220936608	88799.458
1046	88787.70638948833	88787.376
1047	88760.82257575486	88760.420
1048	88746.72242704022	88746.340
1049	88728.78933814765	88728.389
1050	88722.71302164136	88722.267
1051	88702.27488386843	88701.876
1052	88595.08036419518	88594.701
1053	88569.71422059825	88569.284
1054	88512.4099636324	88512.082
1055	88504.5024753916	88504.121
1056	88483.59671362756	88483.286
1057	88467.17279182628	88466.790
1058	88444.39196840575	88443.980
1059	88436.62701914564	88436.287
1060	88418.28009004338	88417.902
1061	88395.20711227159	88394.830
1062	88373.71799117276	88373.413
1063	88361.17315417454	88360.792
1064	88341.31845558679	88340.895
1065	88272.87636166526	88272.536
1066	88240.08098857518	88239.682
1067	88223.62703120214	88223.286
1068	88160.23377874959	88159.832
1069	88147.50596636233	88147.107
1070	88125.07507048888	88124.662
1071	88105.4102139298	88105.082
1072	88084.91745562576	88084.601
1073	88054.99286737345	88054.637
1074	88040.97292190869	88040.568
1075	88033.81631704375	88033.417
1076	87990.68751262428	87990.340
1077	87985.49559302354	87985.185
1078	87979.52028692284	87979.120
1079	87973.27696379433	87972.907
1080	87962.19835241338	87961.811
1081	87935.50726761253	87935.120
1082	87895.56991440413	87895.168
1083	87888.20828221894	87887.802
1084	87882.27863193692	87881.895
1085	87855.61792403883	87855.235
1086	87818.51113891239	87818.172
1087	87810.02212689442	87809.615
1088	87799.56870950299	87799.168
1089	87789.38477375584	87788.999
1090	87777.41979390512	87777.058
1091	87743.30766278873	87742.891
1092	87733.08359598916	87732.738
1093	87705.90725872606	87705.563
1094	87687.51932189731	87687.175
1095	87630.37553975303	87629.979
1096	87622.29925986643	87621.881
1097	87610.22928877849	87609.848
1098	87606.71002541154	87606.340
1099	87588.90862161285	87588.580
1100	87581.39745642373	87581.010
1101	87575.79801801169	87575.504
1102	87564.77111672238	87564.367
1103	87512.79921010791	87512.450
1104	87505.29626198037	87504.901
1105	87496.71189907317	87496.338
1106	87487.52082580457	87487.147
1107	87470.39449507522	87470.018
1108	87462.89613123296	87462.567
1109	87425.11286749247	87425.026
1110	87417.4009361116	87417.077
1111	87411.89983051027	87411.527
1112	87357.16790986549	87356.766
1113	87319.78228786733	87319.410
1114	87301.48509853556	87301.155
1115	87270.00683228367	87269.679
1116	87255.47882766629	87255.139
1117	87233.69830944043	87233.392
1118	87214.38285066938	87214.021
1119	87209.89075985739	87209.582
1120	87205.48378720006	87205.088
1121	87097.6972981877	87097.279
1122	87070.61404080053	87070.196
1123	87044.61654235047	87044.179
1124	87033.79530474148	87033.299
1125	87018.58078209178	87018.058
1126	86976.19104498722	86975.733
1127	86959.83110912243	86959.308
1128	86917.38162119592	86916.953
1129	86884.29646298687	86883.769
1130	86845.20563264805	86844.711
1131	86840.99073863443	86840.579
1132	86826.80639850815	86826.323
1133	86815.88725402931	86815.443
1134	86811.42131005597	86810.963
1135	86779.41038190442	86778.962
1136	86670.42169806043	86669.992
1137	86648.28714685504	86647.872
1138	86615.62094639432	86615.414
1139	86602.2036852563	86601.666
1140	86532.50796333064	86532.044
1141	86524.11718727442	86523.644
1142	86514.82861743284	86514.404
1143	86474.51300849492	86474.068
1144	86409.59141265575	86409.130
1145	86362.33134357118	86361.856
1146	86358.48107998873	86358.080
1147	86339.22169877849	86338.789
1148	86290.88802383615	86290.377
1149	86244.29604822659	86243.832
1150	86220.41561148361	86219.986
1151	86176.50767139635	86175.999
1152	86153.62881299866	86153.164
1153	86145.91678560396	86145.462
1154	86140.67249869602	86140.230
1155	86098.5201088595	86098.071
1156	86093.19623128421	86092.819
1157	85960.58385637865	85960.113
1158	85925.0307947058	85924.561
1159	85862.02722541911	85861.965
1160	85804.07488900545	85804.143
1161	85704.19812015604	85704.219
1162	85535.59325738292	85535.593
1163	85428.90284298094	85428.903
1164	85390.76889171041	85390.769
1165	85263.91418364139	85263.914
1166	85092.56779668567	85092.206
1167	85076.697796448	85076.355
1168	85073.21478049719	85072.828
1169	85060.19809744878	85059.855
1170	84994.40484141289	84994.097
1171	84897.87327109692	84897.555
1172	84896.07203738969	84895.699
1173	84888.78599475692	84888.426
1174	84879.5709754716	84879.185
1175	84849.88918940189	84849.457
1176	84764.50756635655	84764.147
1177	84761.12285140691	84760.843
1178	84744.60899373972	84744.250
1179	84616.40000805525	84616.376
1180	84612.97579136555	84612.655
1181	84602.2170041019	84601.859
1182	84571.97364768786	84571.656
1183	84555.50847556801	84555.141
1184	84545.58410494875	84545.252
1185	84528.78783702572	84528.431
1186	84477.21680430092	84476.943
1187	84474.00934517474	84473.652
1188	84402.00223284728	84401.602
1189	84378.5820196011	84378.226
1190	84341.07910625264	84340.744
1191	84233.50582910521	84233.219
1192	84216.3277280478	84216.010
1193	84212.63579228868	84212.296
1194	84204.21026892956	84203.867
1195	84131.02383157586	84130.671
1196	84091.33116459928	84090.978
1197	84030.58468325702	84030.232
1198	84024.29539765173	84023.932
1199	83906.28217262808	83905.930
1200	83889.30650966638	83889.003
1201	83859.40761034854	83859.056
1202	83836.78203237744	83836.515
1203	83730.3696720153	83730.042
1204	83633.58514539726	83633.240
1205	83576.19450056239	83575.880
1206	83549.67130405718	83549.345
1207	83542.27215964049	83541.985
1208	83506.97188782794	83506.633
1209	83501.1006473218	83500.796
1210	83496.78538190502	83496.476
1211	83481.58836276658	83481.240
1212	83444.67469110375	83444.415
1213	83438.88890078862	83438.541
1214	83328.68705614441	83328.636
1215	83323.60826248789	83323.556
1216	83319.22597665204	83319.513
1217	83315.69876992477	83315.974
1218	83294.11058982855	83294.151
1219	83272.32454478808	83272.276
1220	83194.76264798323	83194.697
1221	83167.77306883688	83167.754
1222	83162.62841792723	83162.577
1223	83159.03100538101	83158.984
1224	83133.1933528866	83133.143
1225	83125.7181598711	83125.667
1226	83121.79213598516	83122.064
1227	83118.19711411321	83118.161
1228	83107.12937731012	83107.172
1229	83094.58301770581	83094.564
1230	83060.2025047017	83060.152
1231	83056.48536823096	83056.495
1232	83051.09865734098	83051.074
1233	83021.22891075783	83021.221
1234	82987.61406539785	82987.563
1235	82952.38273031179	82952.332
1236	82941.09395213112	82941.019
1237	82780.57693442167	82780.526
1238	82762.81471317468	82762.838
1239	82729.76653531461	82729.803
1240	82717.21896804968	82717.169
1241	82699.91420955776	82699.864
1242	82639.300639412	82639.250
1243	82633.82584498006	82633.776
1244	82608.30528918524	82607.957
1245	82568.81018199942	82568.881
1246	82515.47781111569	82515.428
1247	82508.39110146425	82508.332
1248	82504.62934954636	82504.583
1249	82489.80432132006	82489.801
1250	82334.20529114065	82334.229
1251	82237.10866083979	82237.161
1252	82165.01050082124	82164.961
1253	82157.87235179478	82157.810
1254	82137.33102089485	82137.326
1255	82125.80699092594	82125.757
1256	82074.63451531377	82074.577
1257	82065.89586462833	82065.838
1258	82020.4719004522	82020.486
1259	82000.8137784272	82000.757
1260	81968.89504296522	81968.922
1261	81948.48100568367	81948.472
1262	81940.48739443008	81940.510
1263	81821.48411280988	81821.429
1264	81818.72225971126	81818.722
1265	81799.7942929187	81799.803
1266	81762.48053989136	81762.431
1267	81749.38005209302	81749.331
1268	81698.33126936172	81698.327
1269	81428.78748320631	81429.132
1270	81392.79547012702	81393.198
1271	81318.79700905585	81319.075
1272	81301.52790362574	81301.806
1273	81171.59887207474	81171.876
1274	81087.09016179322	81087.379
1275	81065.31963601298	81065.562
1276	81045.88664538828	81046.184
1277	81027.41941532436	81027.740
1278	81014.2233375567	81014.537
1279	81002.21700163426	81002.487
1280	80994.68563957674	80994.951
1281	80947.48180546162	80947.757
1282	80931.8874479288	80932.163
1283	80867.1682506287	80867.436
1284	80777.00716584396	80777.281
1285	80774.99126077937	80775.369
1286	80679.82852347603	80680.015
1287	80578.41699522753	80578.499
1288	80472.08690843688	80472.379
1289	80342.63198626786	80342.885
1290	80287.69070272322	80288.163
1291	80201.47600891796	80201.746
1292	80062.43452454891	80062.621
1293	79987.82969313541	79988.000
1294	79978.42683386835	79978.597
1295	79812.48051915156	79812.650
1296	79686.68004995096	79686.825
1297	79670.99335442549	79671.165
1298	79651.58015183525	79651.748
1299	79594.89559599163	79595.111
1300	79501.68817293608	79501.857
1301	79495.30016997036	79495.482
1302	79447.03471283363	79447.175
1303	79443.62881898113	79443.797
1304	79437.01000894606	79437.178
1305	79381.01329182438	79381.162
1306	79302.70512826125	79302.866
1307	79247.40233843001	79247.568
1308	79166.52493004169	79166.692
1309	79159.39324982838	79159.586
1310	79145.91475326457	79146.145
1311	79100.09572398165	79100.262
1312	79029.70352149126	79029.916
1313	79009.17258539116	79009.326
1314	78943.41530553496	78943.581
1315	78911.97252403539	78912.138
1316	78877.83757814919	78878.041
1317	78859.12106102619	78859.256
1318	78813.434478126	78813.580
1319	78787.80172347443	78787.934
1320	78780.79171013323	78780.937
1321	78771.22296079338	78771.381
1322	78626.91615544069	78627.011
1323	78620.42283770358	78620.587
1324	78573.7214741169	78573.803
1325	78565.70325753238	78565.869
1326	78560.70364628707	78560.892
1327	78532.31817135359	78532.526
1328	78436.0347861962	78436.409
1329	78388.28139367414	78388.319
1330	78349.81981195626	78349.817
1331	78332.32608181161	78332.573
1332	78319.77036437532	78319.808
1333	78312.39936331025	78312.346
1334	78291.00100957838	78291.039
1335	78274.62842479532	78274.666
1336	78264.02978521974	78264.068
1337	78223.1331801969	78223.171
1338	77880.21819377536	77880.243
1339	77746.40836410389	77746.446
1340	77728.47317702249	77728.511
1341	77704.0015716601	77704.110
1342	77655.6769393638	77655.714
1343	77579.58472571927	77579.552
1344	77530.38408929449	77530.401
1345	77453.09588641573	77453.223
1346	77395.6755458509	77395.698
1347	77372.08013396164	77372.117
1348	77334.79666824827	77334.801
1349	77277.18876711607	77277.350
1350	77273.60137805337	77273.624
1351	77252.52156656503	77252.565
1352	77228.41935438555	77228.456
1353	77191.88731437385	77191.953
1354	77051.80940566245	77051.773
1355	77033.36533710688	77033.402
1356	77017.28148811382	77017.318
1357	77004.22036988864	77004.257
1358	77000.4941053472	77000.531
1359	76970.86895884176	76970.963
1360	76958.18644744565	76958.280
1361	76934.27184482051	76934.308
1362	76906.21238240539	76906.396
1363	76886.5891562809	76886.671
1364	76763.8854850217	76763.967
1365	76752.8028060992	76752.801
1366	76748.27623045433	76748.269
1367	76716.48036107804	76716.417
1368	76591.79105869353	76591.788
1369	76583.1050884688	76583.170
1370	76576.00809607327	76576.061
1371	76545.07176947924	76544.976
1372	76498.50759166188	76498.506
1373	76438.91829058208	76438.970
1374	76418.89150623391	76418.966
1375	76345.72018623241	76345.752
1376	76335.81462496241	76335.860
1377	76317.9945145257	76318.051
1378	76283.58935905469	76283.588
1379	76279.28491023564	76279.203
1380	76199.99817641656	76200.043
1381	76139.64371521489	76139.642
1382	76130.27606451687	76130.235
1383	76127.71343682536	76127.759
1384	76095.61857701319	76095.686
1385	76070.32138065565	76070.368
1386	76011.18251892242	76011.276
1387	75972.60093095066	75972.664
1388	75946.361327278	75946.453
1389	75769.28913668396	75769.348
1390	75766.52255203122	75766.560
1391	75670.43019814705	75670.456
1392	75621.44305478802	75621.386
1393	75494.78028007477	75494.779
1394	75462.87763420535	75462.788
1395	75289.4766798712	75289.363
1396	75275.58782264178	75275.557
1397	75218.57450908981	75218.242
1398	75132.3203319287	75132.207
1399	75103.8235528159	75103.727
1400	75054.83516876581	75054.882
1401	74973.63553536106	74973.488
1402	74916.97966884926	74916.833
1403	74907.31590848733	74907.057
1404	74898.83735011506	74898.753
1405	74768.1335124711	74767.987
1406	74706.70113607823	74706.555
1407	74693.19823870742	74693.075
1408	74501.2769693038	74501.132
1409	74468.20301226884	74468.094
1410	74386.8882861917	74386.743
1411	74365.80642198797	74365.610
1412	74344.62563771862	74344.481
1413	74339.81929082198	74339.675
1414	74230.11709610329	74229.928
1415	74220.98207031093	74220.838
1416	74210.78989847354	74210.698
1417	74125.73261516394	74125.589
1418	74110.62713516346	74110.558
1419	74095.03090972957	74094.874
1420	74088.33299786698	74088.275
1421	74064.69427046049	74064.445
1422	74056.19298526442	74055.943
1423	74024.43866600074	74024.215
1424	73936.54010290923	73936.487
1425	73926.38889926826	73926.140
1426	73910.53093025535	73910.309
1427	73901.58637173394	73901.338
1428	73877.01077124094	73876.762
1429	73855.40567276598	73855.044
1430	73810.81195146892	73810.564
1431	73789.08783858546	73788.861
1432	73779.88736387216	73779.640
1433	73727.00848836651	73726.761
1434	73720.0416817283	73719.794
1435	73625.07698308228	73624.859
1436	73583.36509078402	73583.119
1437	73579.0827098719	73578.786
1438	73431.51632210724	73431.329
1439	73415.3597565965	73415.107
1440	73401.4348612917	73401.198
1441	73397.02113887244	73396.776
1442	73366.49611473904	73366.251
1443	73297.50048774369	73297.265
1444	73293.24390953674	73292.944
1445	73279.12421904423	73278.940
1446	73185.431235101	73185.188
1447	73178.48283837135	73178.093
1448	73165.68561349763	73165.605
1449	73113.83544130811	73113.592
1450	73064.10900089069	73063.866
1451	72985.82207708032	72985.446
1452	72967.61151832959	72967.395
1453	72927.76707603993	72927.515
1454	72917.11746220666	72916.876
1455	72879.70825206164	72879.467
1456	72783.42738692787	72783.215
1457	72769.67216878053	72769.431
1458	72747.48695451146	72747.246
1459	72682.5002400827	72682.318
1460	72674.8321612267	72674.613
1461	72672.72231657383	72672.503
1462	72633.77907568148	72633.589
1463	72599.22666939828	72599.043
1464	72569.37009099127	72569.109
1465	72548.67736121548	72548.450
1466	72465.97930815228	72465.792
1467	72458.16079160674	72457.943
1468	72400.33069050244	72400.236
1469	72387.91425328287	72387.741
1470	72368.52771656154	72368.132
1471	72364.87603333742	72364.685
1472	72356.53461792895	72356.277
1473	72348.7972068699	72348.704
1474	72340.52128688799	72340.414
1475	72274.8048386674	72274.621
1476	72272.29913193322	72272.082
1477	72264.98981364998	72264.813
1478	72219.42022403798	72219.114
1479	72178.23588232834	72178.019
1480	72141.59053097472	72141.370
1481	72090.98786696073	72090.772
1482	72084.11973021641	72083.904
1483	72057.79239750929	72057.748
1484	72045.90148493192	72045.731
1485	72042.31618185826	72041.973
1486	72025.19786861051	72024.982
1487	71981.80236521851	71981.587
1488	71963.7813227595	71963.566
1489	71953.51875321216	71953.236
1490	71937.8315119854	71937.640
1491	71926.87673820126	71926.662
1492	71923.44432085782	71923.229
1493	71903.02264619443	71902.808
1494	71820.13563786588	71819.921
1495	71805.49921690744	71805.353
1496	71796.52262584925	71796.160
1497	71764.2181399799	71764.004
1498	71760.40954567524	71760.263
1499	71740.9004455125	71740.686
1500	71737.87162148028	71737.658
1501	71719.39491488336	71719.162
1502	71713.62619259013	71713.405
1503	71708.22652573949	71708.013
1504	71705.91556674632	71705.836
1505	71699.08562143933	71698.872
1506	71695.69136356145	71695.260
1507	71674.51377902595	71674.300
1508	71668.36301844471	71668.150
1509	71664.90955136759	71664.696
1510	71650.79306697498	71650.638
1511	71647.50453923053	71647.277
1512	71622.00157743806	71621.788
1513	71610.4699138218	71610.221
1514	71590.04604960448	71589.833
1515	71570.32519621663	71570.195
1516	71564.33105739094	71564.153
1517	71560.39675237569	71560.184
1518	71542.52254884782	71542.310
1519	71534.90233953846	71534.769
1520	71499.10014573747	71498.839
1521	71495.21203754329	71495.000
1522	71488.61734158853	71488.405
1523	71472.41972040293	71472.257
1524	71420.40721804588	71420.103
1525	71410.26809444094	71410.110
1526	71406.42812221998	71406.216
1527	71397.40917426908	71397.251
1528	71368.61729844472	71368.519
1529	71356.96793582104	71356.883
1530	71338.18075343357	71337.867
1531	71325.16024888484	71325.034
1532	71324.28819067363	71324.175
1533	71320.47614541338	71320.274
1534	71303.3865396536	71303.362
1535	71296.21199779114	71296.010
1536	71288.89691072301	71288.739
1537	71280.57014058498	71280.481
1538	71267.16131112353	71267.060
1539	71260.0938073914	71259.987
1540	71245.47659857523	71245.379
1541	71231.77473375294	71231.617
1542	71226.02792353554	71225.870
1543	71219.89771727836	71219.733
1544	71187.19680633744	71187.039
1545	71175.69550745886	71175.538
1546	71169.30938503129	71169.152
1547	71152.3987870788	71152.180
1548	71146.82386661497	71146.638
1549	71120.17126847719	71120.050
1550	71089.31833959314	71089.161
1551	71062.49844286946	71062.288
1552	71060.07943128902	71059.926
1553	71058.91020975457	71058.847
1554	71055.42304465364	71055.266
1555	71048.71159623834	71048.342
1556	71044.21768203714	71043.949
1557	71034.18367309596	71033.930
1558	71027.57613541691	71027.414
1559	71011.58507417192	71011.463
1560	70995.29782425554	70995.200
1561	70948.20113901945	70947.922
1562	70945.3861945475	70945.266
1563	70936.68104697361	70936.750
1564	70931.99743474303	70931.831
1565	70906.69850758929	70906.545
1566	70895.43012621852	70895.104
1567	70889.26494728564	70888.978
1568	70884.52606099921	70884.255
1569	70862.48517277272	70862.329
1570	70853.03377578588	70852.765
1571	70851.68951468797	70851.528
1572	70834.97950375977	70834.850
1573	70830.607434807	70830.375
1574	70825.33345564139	70825.287
1575	70817.1731239743	70817.017
1576	70806.6289934084	70806.586
1577	70796.86895062815	70796.638
1578	70788.69377694656	70788.538
1579	70780.17959457467	70780.036
1580	70759.63207539722	70759.251
1581	70753.42564527362	70753.213
1582	70737.67323550316	70737.549
1583	70733.07066476141	70732.915
1584	70714.50515543012	70714.340
1585	70709.84499792253	70709.690
1586	70701.70590102416	70701.551
1587	70633.63223609375	70633.477
1588	70627.76284484738	70627.574
1589	70613.23258686559	70612.837
1590	70582.63084943492	70582.191
1591	70567.59707343974	70567.510
1592	70548.82207952328	70548.799
1593	70498.13765511064	70497.975
1594	70473.84178072575	70473.728
1595	70421.49499704508	70421.341
1596	70419.01144598097	70418.707
1597	70405.9798772055	70405.894
1598	70383.12454735284	70382.816
1599	70360.00320979887	70359.989
1600	70349.27026812005	70349.017
1601	70341.49508724894	70341.341
1602	70336.10085070462	70335.947
1603	70319.58505569994	70319.291
1604	70296.23977221992	70296.086
1605	70287.99842709112	70287.893
1606	70276.88705292746	70276.708
1607	70268.43175142615	70267.944
1608	70264.82829363101	70264.675
1609	70254.67277231609	70254.231
1610	70241.82864310766	70241.663
1611	70224.67569657897	70224.605
1612	70186.51664055423	70186.318
1613	70122.92618233844	70122.833
1614	70076.39781519037	70076.302
1615	70049.53710884305	70049.251
1616	70042.2875287574	70042.192
1617	70027.12298284803	70027.090
1618	69993.56257593456	69993.467
1619	69948.31225593798	69948.217
1620	69922.33570879372	69922.240
1621	69913.98775102249	69913.876
1622	69903.52110430566	69903.339
1623	69884.61654519572	69884.559
1624	69880.51476814553	69880.420
1625	69876.17774140571	69876.217
1626	69869.2907414337	69869.143
1627	69854.14723986547	69854.203
1628	69846.49866767054	69846.641
1629	69831.67637551787	69831.576
1630	69785.08616211561	69784.991
1631	69738.11570040684	69738.142
1632	69730.62472781149	69730.530
1633	69725.91164956466	69725.817
1634	69708.7650635505	69708.670
1635	69704.42612775252	69704.332
1636	69693.93160911302	69693.818
1637	69638.9987015825	69638.732
1638	69569.81219252419	69569.718
1639	69547.27418736643	69547.175
1640	69539.23237859627	69539.138
1641	69515.3092763068	69515.215
1642	69506.28059765775	69506.145
1643	69504.00447217925	69503.903
1644	69496.32058099711	69496.253
1645	69472.42140728782	69472.500
1646	69466.62853120119	69466.711
1647	69448.20504801933	69448.163
1648	69433.16880576749	69432.833
1649	69409.11077656751	69409.017
1650	69403.77250537337	69403.679
1651	69398.76503892793	69398.671
1652	69377.5774075621	69377.293
1653	69361.1119954465	69361.018
1654	69344.03253109344	69343.855
1655	69334.18686750416	69334.076
1656	69312.08182444616	69311.988
1657	69306.5620396179	69306.468
1658	69299.82370799007	69299.739
1659	69277.50398376423	69277.410
1660	69268.4286733797	69268.359
1661	69246.9953934214	69246.727
1662	69236.20563993786	69236.199
1663	69225.66950915869	69225.657
1664	69202.57709705594	69202.484
1665	69190.79423975192	69190.701
1666	69179.40070370567	69179.316
1667	69172.60464731322	69172.592
1668	69164.80592922629	69164.484
1669	69139.02635042342	69138.930
1670	69094.1224943112	69094.051
1671	69079.09413387843	69079.001
1672	69062.53112049516	69062.470
1673	69052.76890434383	69052.811
1674	69035.79259697883	69035.700
1675	69021.9775499747	69021.898
1676	68954.04616517144	68954.003
1677	68946.36322058472	68946.401
1678	68941.73607626927	68941.771
1679	68919.8898196405	68919.784
1680	68908.81788212903	68908.709
1681	68900.9901273856	68900.705
1682	68880.81435607097	68880.469
1683	68870.28878287874	68870.326
1684	68853.82578310254	68853.783
1685	68847.8478697599	68847.820
1686	68843.55547210434	68843.490
1687	68828.48151749355	68828.285
1688	68822.46851310527	68822.425
1689	68818.6774832231	68818.578
1690	68803.93806401557	68803.950
1691	68797.50733630163	68797.464
1692	68789.75716720012	68789.675
1693	68778.91057014036	68778.796
1694	68774.41570392057	68774.379
1695	68763.24774183739	68762.903
1696	68747.32243611298	68747.292
1697	68739.1608445359	68739.118
1698	68736.44816568366	68736.405
1699	68730.56202351714	68730.195
1700	68700.99568331946	68701.065
1701	68654.24341677917	68654.162
1702	68646.51959472631	68646.543
1703	68644.21225373873	68644.170
1704	68636.58554542734	68636.543
1705	68622.08001587112	68622.037
1706	68617.37292128209	68617.330
1707	68613.7908026967	68613.748
1708	68610.07524761991	68610.036
1709	68597.27395043135	68597.205
1710	68592.09380134229	68591.973
1711	68580.99240182452	68580.950
1712	68577.60366414668	68577.555
1713	68558.22788842936	68558.142
1714	68554.13693444141	68553.830
1715	68550.84544495856	68550.803
1716	68538.53746754765	68538.495
1717	68528.02038324643	68528.012
1718	68524.1789434475	68524.136
1719	68521.07981860999	68521.063
1720	68508.43915222632	68508.489
1721	68490.8041878594	68490.762
1722	68482.69234191613	68482.650
1723	68472.51240546975	68472.557
1724	68463.5118257393	68463.469
1725	68436.04767930644	68436.005
1726	68427.30092238092	68427.258
1727	68422.672084525	68422.630
1728	68417.41879010636	68417.100
1729	68398.57038550824	68398.456
1730	68392.20157626651	68392.019
1731	68372.0955793576	68372.053
1732	68366.71566001172	68366.430
1733	68341.81288162504	68341.770
1734	68337.19351998436	68336.840
1735	68326.821627998	68326.779
1736	68317.39766948664	68317.355
1737	68314.18103089652	68314.139
1738	68305.40360677504	68305.361
1739	68287.34368324622	68287.301
1740	68282.59760767822	68282.555
1741	68271.40730316115	68271.377
1742	68266.22923815096	68266.187
1743	68258.40593005967	68258.364
1744	68253.60704037391	68253.579
1745	68249.318872099	68249.293
1746	68217.51960767347	68217.477
1747	68213.57410412426	68213.420
1748	68212.31001722955	68212.268
1749	68197.93099065399	68197.889
1750	68167.6781151903	68167.636
1751	68162.56895873249	68162.552
1752	68159.21415092428	68159.169
1753	68154.84157589967	68154.799
1754	68147.32166855798	68147.135
1755	68138.69135264025	68138.651
1756	68136.31785352487	68136.276
1757	68133.90629924648	68133.864
1758	68109.3486436352	68109.206
1759	68101.38449838269	68101.345
1760	68093.31016594122	68093.299
1761	68083.76879568005	68083.727
1762	68078.06791884804	68078.026
1763	68056.41994212498	68056.378
1764	68049.83942106795	68049.717
1765	68043.4477582667	68043.514
1766	68032.43342797016	68032.358
1767	68025.12345915679	68024.803
1768	68015.12860598549	68015.294
1769	68012.21683386916	68012.175
1770	67989.982101825	67989.940
1771	67985.21425012818	67985.172
1772	67969.18580262703	67969.038
1773	67957.02871923373	67956.956
1774	67945.53097353241	67945.629
1775	67939.6237794666	67939.582
1776	67930.0797990018	67930.038
1777	67928.22452739174	67928.183
1778	67919.4701654602	67919.442
1779	67913.73637401036	67913.682
1780	67888.89425747962	67888.852
1781	67881.5161637015	67881.457
1782	67871.89212126298	67871.865
1783	67855.49582342313	67855.479
1784	67850.98593764668	67850.944
1785	67842.00562852515	67841.964
1786	67838.28264546493	67838.241
1787	67777.72007270735	67777.634
1788	67773.27406746354	67773.188
1789	67770.7903798088	67770.900
1790	67764.4419279398	67764.357
1791	67759.81085682548	67759.755
1792	67738.10232814643	67738.133
1793	67727.00048568241	67726.915
1794	67724.70594216239	67724.620
1795	67712.00379567628	67711.918
1796	67702.6987556031	67702.644
1797	67699.80901971846	67699.723
1798	67681.61673269872	67681.562
1799	67679.1938056407	67679.108
1800	67675.02027863998	67674.912
1801	67660.04261302538	67659.915
1802	67656.80115989818	67656.716
1803	67653.50479927554	67653.398
1804	67647.41566590233	67647.328
1805	67644.17520994517	67644.118
1806	67639.03769589562	67638.964
1807	67634.8855741421	67635.015
1808	67632.81993268483	67632.771
1809	67630.71657055189	67630.513
1810	67620.79677411418	67620.592
1811	67614.43376479215	67614.348
1812	67609.44799421715	67609.362
1813	67607.02933090692	67606.880
1814	67599.53335739642	67599.448
1815	67588.16995933914	67588.084
1816	67581.49572652488	67581.449
1817	67574.46854729169	67574.359
1818	67572.72220669915	67572.664
1819	67569.71105754135	67569.626
1820	67563.3182348282	67563.082
1821	67543.51373954657	67543.540
1822	67524.08967632103	67524.074
1823	67520.34052274292	67520.237
1824	67516.33085433456	67516.246
1825	67513.13849905613	67513.053
1826	67500.2961193967	67500.119
1827	67494.1920809426	67494.099
1828	67489.86937610424	67489.801
1829	67470.60113666329	67470.435
1830	67457.40193597571	67457.350
1831	67451.4345544431	67451.349
1832	67449.76550161382	67449.708
1833	67446.24594399506	67446.006
1834	67412.70045816324	67412.452
1835	67409.51622264973	67409.499
1836	67407.7940985463	67407.668
1837	67403.70306587697	67403.644
1838	67393.39343265655	67393.244
1839	67383.36355511741	67383.246
1840	67375.87099830827	67375.761
1841	67371.91316900482	67371.487
1842	67355.43601793681	67355.415
1843	67343.15941419781	67343.029
1844	67320.80036860617	67320.716
1845	67270.39671951954	67270.439
1846	67266.22741161939	67266.143
1847	67257.31698031115	67257.205
1848	67243.30031705207	67243.216
1849	67224.12823559744	67224.100
1850	67216.81152920908	67216.696
1851	67211.39385406961	67211.309
1852	67201.09549100025	67201.155
1853	67195.18268007538	67195.159
1854	67159.89076870945	67159.806
1855	67155.87908373376	67155.795
1856	67150.72819171066	67150.644
1857	67144.78527306502	67144.741
1858	67133.60270560306	67133.518
1859	67128.10437405731	67128.020
1860	67116.92642710649	67116.842
1861	67113.46954262207	67113.311
1862	67094.68838714865	67094.648
1863	67091.84164630421	67091.720
1864	67075.07037239462	67075.054
1865	67037.01986586914	67036.961
1866	67031.77200590985	67031.649
1867	67008.31643874534	67008.347
1868	66984.89130015207	66984.787
1869	66981.42893205972	66981.315
1870	66952.78185221685	66952.643
1871	66948.11378033752	66948.030
1872	66946.77665075418	66946.691
1873	66925.43752592697	66925.354
1874	66900.96151609281	66900.846
1875	66892.13146573667	66892.048
1876	66887.52440369931	66887.441
1877	66879.79188794768	66879.708
1878	66867.00016606468	66866.711
1879	66865.17254697644	66865.007
1880	66844.97038189466	66844.887
1881	66833.88753422849	66833.767
1882	66807.80775381529	66807.729
1883	66805.61864701402	66805.535
1884	66784.56970895035	66784.479
1885	66767.97993063676	66767.956
1886	66736.69641679904	66736.484
1887	66730.46744303468	66730.319
1888	66706.16386596343	66706.081
1889	66685.07641114686	66684.979
1890	66677.51075049225	66677.091
1891	66663.10943702515	66663.024
1892	66646.89561892721	66646.799
1893	66636.68342816053	66636.638
1894	66626.63864574314	66626.279
1895	66619.84604530451	66619.766
1896	66592.2673370069	66592.253
1897	66564.38278359902	66564.286
1898	66558.61658549988	66558.567
1899	66547.41145478725	66547.212
1900	66542.13689975158	66542.040
1901	66535.06681986651	66534.953
1902	66514.92003238082	66514.769
1903	66506.73355985958	66506.575
1904	66485.56653923528	66485.545
1905	66477.47639248206	66477.277
1906	66471.77609904038	66471.143
1907	66460.10723707516	66459.951
1908	66455.73025841531	66455.634
1909	66454.77035561901	66454.705
1910	66430.66708333146	66430.571
1911	66427.12547429658	66427.196
1912	66416.31792469557	66416.222
1913	66411.02384311217	66410.894
1914	66382.32430450917	66382.228
1915	66365.59004616251	66365.510
1916	66363.02819753381	66362.913
1917	66309.73638635063	66309.640
1918	66298.61753461586	66298.357
1919	66274.89470085716	66274.468
1920	66262.2386419297	66262.143
1921	66244.2412311694	66244.145
1922	66225.72995602134	66225.634
1923	66194.78834014048	66194.693
1924	66169.33182241734	66169.250
1925	66138.09248162054	66137.974
1926	66128.56353273899	66128.258
1927	66109.92761107857	66110.030
1928	66107.91889656761	66107.855
1929	66070.70745247815	66070.569
1930	66067.5714230244	66067.419
1931	66061.2841125942	66061.189
1932	66011.26877128478	66011.220
1933	65976.3813511881	65976.343
1934	65947.18562089062	65947.128
1935	65939.88094173855	65939.912
1936	65930.31091536203	65930.240
1937	65904.76942949313	65904.675
1938	65900.41725601756	65900.300
1939	65892.56706954978	65892.472
1940	65869.99249421737	65869.898
1941	65866.96130541305	65866.867
1942	65859.92228183926	65859.970
1943	65851.86604226037	65851.894
1944	65847.73389738899	65847.666
1945	65834.24908427097	65834.155
1946	65822.0845054743	65822.195
1947	65788.17914079723	65787.988
1948	65783.92862396457	65783.882
1949	65736.0167861677	65735.898
1950	65728.19952397721	65728.105
1951	65692.61710291782	65692.643
1952	65681.9164747517	65681.537
1953	65365.83620739247	65365.948
1954	65309.49313464002	65309.609
1955	63721.01211057578	63721.129
1956	63557.11177251455	63557.469
1957	63499.1162996987	63499.226
1958	63296.90695604782	63296.799
1959	63286.92883724161	63287.073
1960	62910.77232999002	62910.880
1961	62712.74591297068	62712.826
1962	62314.38352208058	62314.496
1963	62042.09180875753	62042.196
1964	61938.6034678049	61938.605
1965	61680.88073015158	61680.878
1966	61628.64190827901	61628.662
1967	61539.63106929875	61539.952
1968	61446.42122279295	61446.285
1969	61344.16582607335	61344.440
1970	60788.68640719791	60788.787
1971	60677.15138969896	60677.308
1972	60635.93311029121	60636.033
1973	60483.22176279921	60483.300
1974	60452.8354061478	60452.941
1975	60342.52501163795	60342.680
1976	60205.38643182905	60205.229
1977	60109.19501345287	60109.300
1978	60055.40629921043	60055.685
1979	60019.76327087422	60020.173
1980	60016.87941638246	60017.126
1981	59959.37478843257	59959.688
1982	59829.11425248787	59829.296
1983	59775.9318194055	59776.196
1984	59749.18658184344	59749.471
1985	59734.51411971552	59735.050
1986	59652.95656179235	59653.234
1987	59633.84276406185	59633.899
1988	59619.12588498597	59619.196
1989	59528.33999454744	59528.616
1990	59494.02408029192	59494.329
1991	59485.8146632912	59485.943
1992	59386.40689959804	59386.720
1993	59361.87487137327	59362.212
1994	59346.01667435237	59346.218
1995	59315.32066590098	59315.629
1996	59273.83225126156	59274.107
1997	59178.60090667099	59178.910
1998	59111.22426885283	59111.307
1999	59074.90938771666	59075.089
2000	59012.81936696965	59012.998
2001	59000.6734633099	59000.894
2002	58959.51588581666	58959.836
2003	58908.14394380907	58908.314
2004	58868.9247689331	58869.159
2005	58843.73926128969	58843.941
2006	58819.10060684264	58819.220
2007	58790.60596002836	58790.836
2008	58745.22277002531	58745.434
2009	58626.7864231084	58627.256
2010	58591.1263185635	58591.297
2011	58564.67633815723	58564.889
2012	58500.84084569084	58501.009
2013	58474.78115410695	58474.999
2014	58431.41810073127	58431.602
2015	58409.23236826358	58409.409
2016	58398.21668069244	58398.384
2017	58382.29697130044	58382.675
2018	58372.10627670448	58372.274
2019	58293.02560522148	58293.181
2020	58235.96664047031	58236.219
2021	58215.01015634043	58215.352
2022	58141.5668643271	58141.771
2023	58138.38710931032	58138.514
2024	58102.30796214047	58102.063
2025	58089.78838305829	58089.954
2026	58078.75940988264	58078.925
2027	58071.63442006244	58071.842
2028	58048.64333022539	58048.809
2029	58016.71938343853	58016.913
2030	58000.73392955709	58000.899
2031	57952.43245666203	57952.183
2032	57897.37819382511	57897.495
2033	57894.45354292644	57894.610
2034	57860.26242959316	57860.459
2035	57813.42412621974	57813.478
2036	57755.32487268063	57755.475
2037	57752.52322322985	57752.675
2038	57723.99035289155	57724.146
2039	57669.16614078623	57669.042
2040	57611.75582065205	57611.804
2041	57610.29151518163	57610.465
2042	57582.2532788383	57582.405
2043	57578.90942172777	57579.064
2044	57570.65087771543	57570.915
2045	57538.32368333387	57538.638
2046	57505.27457598638	57505.390
2047	57476.55453012502	57476.781
2048	57469.41332406102	57469.596
2049	57455.71055119615	57455.847
2050	57419.68705712457	57419.896
2051	57402.87814247869	57403.001
2052	57386.37484228718	57386.528
2053	57359.93603213612	57360.143
2054	57347.40645367019	57347.560
2055	57340.86691252433	57340.972
2056	57320.68400352774	57320.837
2057	57295.78897383974	57295.936
2058	57291.02537654195	57291.261
2059	57277.73433755927	57277.912
2060	57266.39000013815	57266.697
2061	57209.90646182788	57210.091
2062	57197.43599052474	57197.666
2063	57170.29899381095	57170.304
2065	57126.9929155552	57127.948
2066	57035.40221070871	57035.485
2067	56993.59913966681	56993.753
2068	56982.19990989475	56982.211
2069	56965.6114971737	56965.693
2070	56963.11276147518	56963.291
2071	56876.48208515148	56876.598
2072	56873.86382003579	56873.982
2073	56871.46967683923	56871.552
2074	56841.499775082	56841.615
2075	56840.20669927051	56840.269
2076	56820.89431687893	56821.649
2077	56801.46749791237	56801.827
2078	56790.46757256366	56790.589
2079	56784.23653093212	56784.326
2080	56764.38610533748	56764.468
2081	56732.27965337186	56732.327
2082	56721.33315017703	56721.501
2083	56717.57515018655	56717.657
2084	56661.74561376261	56662.259
2085	56654.42828409122	56654.687
2086	56647.62484111532	56647.708
2087	56639.79876163648	56639.647
2088	56611.2939001842	56611.372
2089	56557.43553384189	56557.568
2090	56545.7693024089	56545.851
2091	56541.32004569663	56541.401
2092	56527.07043913245	56527.201
2093	56516.39737055505	56516.293
2094	56454.81641279913	56454.949
2095	56449.88042309534	56449.961
2096	56447.90255943316	56447.984
2097	56443.60141019545	56443.682
2098	56434.74194168323	56434.823
2099	56429.30052274424	56429.407
2100	56420.99170592814	56420.929
2101	56400.84321860478	56400.924
2102	56361.61877277228	56361.758
2103	56354.18939717436	56354.270
2104	56289.98498624019	56290.176
2105	56278.44750912918	56278.778
2106	56260.30881828185	56260.603
2107	56251.94977193163	56252.245
2108	56229.62162797676	56229.921
2109	56219.82182880512	56220.160
2110	56210.56797298905	56210.880
2111	56196.82160113637	56197.118
2112	56173.14375517888	56173.402
2113	56160.9734611133	56161.336
2114	56149.39802235794	56149.528
2115	56012.04897353707	56012.354
2116	55994.6427127814	55994.931
2117	55986.61951916513	55986.911
2118	55969.38814721099	55969.424
2119	55960.83312017966	55961.096
2120	55954.88809863297	55955.270
2121	55939.82834229142	55940.240
2122	55935.60631145349	55935.925
2123	55913.96726481908	55914.282
2124	55893.1172579253	55893.435
2125	55889.42989992032	55889.712
2126	55876.66364000017	55876.954
2127	55867.32394129573	55867.665
2128	55865.0809824169	55865.371
2129	55863.70543537846	55864.033
2130	55826.18952871335	55826.463
2131	55813.22426389062	55813.229
2132	55805.50200485264	55805.777
2133	55800.42409120635	55800.886
2134	55785.86186658163	55786.279
2135	55778.851889774	55779.125
2136	55772.9792221802	55773.268
2137	55756.83441378025	55757.118
2138	55750.83497448004	55751.090
2139	55742.19910501088	55742.461
2140	55736.2680003768	55736.557
2141	55722.28999192073	55722.783
2142	55715.8286680729	55716.125
2143	55689.77071311094	55690.053
2144	55687.93481177642	55688.258
2145	55647.96540559933	55648.217
2146	55645.67319752061	55646.055
2147	55639.84556161011	55640.133
2148	55606.61913923342	55606.907
2149	55572.43962443043	55572.715
2150	55529.67494086648	55529.906
2151	55527.72738921433	55528.087
2152	55519.40571067795	55519.868
2153	55495.00396376513	55495.342
2154	55488.17100643276	55488.529
2155	55484.90436327206	55485.345
2156	55480.65176451925	55480.556
2157	55460.03749332522	55459.998
2158	55456.01097590152	55456.450
2159	55450.84191238229	55451.077
2160	55421.49736096244	55421.875
2161	55408.57161101332	55408.909
2162	55386.90222796299	55387.259
2163	55316.58893214478	55316.875
2164	55312.39644880838	55312.723
2165	55306.49267224939	55306.863
2166	55293.94912466969	55294.346
2167	55262.17695865194	55262.506
2168	55229.97699438326	55230.312
2169	55224.97505305371	55225.444
2170	55190.8694119315	55191.607
2171	55176.21743374997	55176.617
2172	55117.82575966758	55118.244
2173	55095.66322776167	55095.997
2174	55074.53721328426	55074.870
2175	55051.40641467947	55051.753
2176	55046.58963226144	55046.965
2177	55035.07857188945	55035.327
2178	55025.35940541788	55025.648
2179	55023.62738743157	55024.023
2180	55004.56576246267	55004.898
2181	54977.89142471047	54978.223
2183	54966.43435705275	54966.863
2184	54957.28575053093	54957.605
2185	54936.11858645165	54936.437
2186	54919.10381273228	54919.471
2187	54904.83820206106	54905.095
2188	54901.28601547411	54901.624
2189	54891.30890883895	54891.676
2190	54869.2660813956	54869.627
2191	54865.47237142848	54865.803
2192	54837.76308424841	54838.243
2193	54833.4907217319	54833.844
2194	54828.91839937062	54829.268
2195	54825.7667290008	54826.193
2196	54788.06886852293	54788.479
2197	54770.75554303848	54771.122
2198	54764.83899672739	54765.214
2199	54735.55972300612	54735.934
2200	54711.83507632402	54712.245
2201	54703.24456201451	54703.673
2202	54698.72784082708	54699.076
2203	54686.97658647998	54687.304
2204	54679.19987913647	54679.418
2205	54665.32813367208	54665.408
2206	54652.5127171157	54652.942
2207	54635.52175152889	54635.883
2208	54627.10658590234	54627.453
2209	54623.10802841928	54623.502
2210	54618.78415416888	54619.175
2211	54608.63830214999	54609.011
2212	54607.09178857142	54607.482
2213	54575.29296985814	54575.644
2214	54571.2740219042	54571.646
2215	54551.80219698646	54552.211
2216	54548.22898050195	54548.660
2217	54513.79714866705	54514.168
2218	54489.40892407174	54489.777
2219	54476.4075126465	54476.778
2220	54475.24669217633	54475.623
2221	54452.26504708358	54452.711
2222	54447.39975025592	54447.857
2223	54445.32265330724	54445.735
2224	54439.92772887941	54440.251
2225	54434.38951865114	54434.748
2226	54430.98275716703	54431.353
2227	54427.36961717322	54427.770
2228	54426.15625760644	54426.526
2229	54407.4346758617	54407.874
2230	54401.10339246214	54401.474
2231	54393.47177335407	54393.919
2232	54361.20881095419	54361.574
2233	54343.80861889893	54344.165
2234	54330.55632043759	54330.925
2235	54319.66552432349	54320.020
2236	54309.12836375369	54309.497
2237	54304.64414962928	54305.013
2238	54303.14051998125	54303.519
2239	54296.80441242063	54297.216
2240	54290.99776917439	54291.040
2241	54281.89198547754	54282.260
2242	54278.0641874734	54278.496
2243	54265.57465359615	54265.973
2244	54260.82928037475	54261.187
2245	54248.88237230653	54249.273
2246	54242.46870208889	54242.910
2247	54232.58329554381	54232.981
2248	54212.59010240485	54212.957
2249	54204.59662435824	54204.964
2250	54201.98298463579	54202.410
2251	54174.23038412722	54174.597
2252	54165.69442128961	54166.061
2253	54160.09146349417	54160.458
2254	54146.65476822916	54147.070
2255	54143.76048533026	54144.127
2256	54141.4380015473	54141.810
2257	54136.96017663276	54137.326
2258	54136.10629377929	54136.473
2259	54132.82268147384	54132.953
2260	54127.67023689633	54128.036
2261	54107.83700055252	54108.203
2262	54102.07540669396	54102.428
2263	54075.18822835349	54075.554
2264	54072.14265548866	54072.492
2265	54051.1646073689	54051.399
2266	53998.85388284123	53999.109
2267	53983.76169925617	53983.962
2268	53981.66338030909	53981.828
2269	53964.27158762664	53964.472
2270	53958.15793764001	53958.426
2271	53957.04427843609	53957.323
2272	53944.59103392019	53944.828
2273	53938.65023716809	53938.850
2274	53932.16990222834	53932.383
2275	53908.23647085796	53908.470
2276	53904.95929665804	53905.200
2277	53893.50890710605	53893.709
2278	53890.8960584212	53891.059
2279	53882.84815419162	53883.101
2280	53877.77400015334	53877.974
2281	53875.128017439	53875.365
2282	53852.29737157466	53852.520
2283	53849.01869867474	53849.218
2284	53844.1453732986	53844.349
2285	53832.47045740784	53832.670
2286	53827.37056565851	53827.346
2287	53815.57999617	53815.783
2288	53784.55372277138	53784.792
2289	53782.87424626985	53783.101
2290	53772.7193714851	53772.924
2291	53758.61305553227	53758.822
2292	53756.01225840797	53756.211
2293	53738.1294755104	53738.312
2294	53733.39665903388	53733.602
2295	53721.07279761964	53721.275
2296	53704.88634693567	53705.085
2297	53675.59775663934	53675.820
2298	53668.53682272206	53668.867
2299	53666.87169637814	53667.070
2300	53665.54111030533	53665.784
2301	53657.57057117759	53657.927
2302	53644.01000539393	53644.479
2303	53617.55311338772	53617.751
2304	53615.30642477434	53615.509
2305	53612.63113743526	53612.883
2306	53604.84198273031	53605.040
2307	53604.07193789002	53604.270
2308	53599.23949057553	53599.411
2309	53595.10565692348	53595.303
2310	53585.42564964014	53585.606
2311	53571.10306579863	53571.302
2312	53563.09777955372	53563.478
2313	53555.43552519297	53555.689
2314	53545.66278217492	53545.860
2315	53533.70593973901	53533.879
2316	53526.13847416521	53526.336
2317	53481.57225356732	53481.769
2318	53465.81339804341	53466.010
2319	53452.32342431125	53452.588
2320	53422.2861291232	53422.482
2321	53397.78233148078	53397.981
2322	53386.11991279826	53386.316
2323	53377.91347378551	53378.113
2324	53376.8897099337	53377.135
2325	53364.23875903156	53364.244
2326	53361.88000226602	53362.122
2327	53359.54027603615	53359.670
2328	53333.87574571691	53334.055
2329	53324.54952909355	53324.616
2330	53322.29923413821	53322.377
2331	53311.89522876737	53311.994
2332	53289.30856772749	53289.452
2333	53285.72906967162	53285.835
2334	53278.40633714623	53278.308
2335	53268.55438685554	53268.630
2336	53256.8129049202	53256.897
2337	53235.12330285947	53235.224
2338	53224.81063735404	53224.935
2339	53213.13942110597	53213.237
2340	53204.44709764366	53204.500
2341	53203.62775353213	53203.679
2342	53200.73971382147	53200.819
2343	53197.5415030304	53197.559
2344	53195.8770311343	53195.954
2345	53175.33589670293	53175.401
2346	53165.50044579669	53165.561
2347	53156.88225602056	53156.958
2348	53134.08850559546	53134.151
2349	53111.17484004908	53111.259
2350	53108.66521500067	53108.718
2351	53106.54366156248	53106.597
2352	53101.55892880519	53101.611
2353	53097.86481168136	53097.918
2354	53088.50306919237	53088.662
2355	53087.00890173545	53087.060
2356	53084.50139152597	53084.629
2357	53075.59835859205	53075.703
2358	53074.27615447174	53074.329
2359	53067.31619952244	53067.270
2360	53060.16798948353	53060.307
2361	53049.97751084286	53050.090
2362	53041.17074855345	53041.157
2363	53025.95597270878	53026.009
2364	53023.95943035853	53023.946
2365	53018.56164675893	53018.672
2366	53010.6898749086	53010.801
2367	53008.47141968679	53008.519
2368	53004.72990222694	53004.970
2369	53000.01178973576	53000.100
2370	52989.11486371174	52988.764
2371	52980.41218150305	52980.515
2372	52957.85106342904	52957.929
2373	52919.18216727235	52919.290
2374	52914.75961044109	52914.892
2375	52891.43984001361	52891.493
2376	52886.91056219184	52886.941
2377	52883.5252309458	52883.578
2378	52865.04423710438	52865.129
2379	52852.72400610812	52852.746
2380	52849.01011525113	52849.070
2381	52846.69332197583	52846.796
2382	52839.99164721737	52840.064
2383	52821.15479801033	52821.462
2384	52816.88405202826	52816.923
2385	52810.32598878755	52810.422
2386	52805.24884623311	52805.336
2387	52802.10180571113	52802.154
2388	52788.33016892517	52788.351
2389	52783.81725328222	52783.911
2390	52779.58516373143	52779.691
2391	52766.38438128554	52766.503
2392	52757.24851711303	52757.321
2393	52734.55367757753	52734.554
2394	52731.23805088935	52731.290
2395	52730.65298063307	52730.637
2396	52712.53184410338	52712.577
2397	52686.48496774415	52686.779
2398	52681.48860306363	52681.601
2399	52645.68370066272	52645.738
2400	52641.91243149208	52641.992
2401	52616.04028099462	52616.107
2402	52609.12151070603	52609.140
2403	52584.11380894791	52584.167
2404	52576.8149037902	52576.868
2405	52570.29354603231	52570.457
2406	52546.3145286326	52546.413
2407	52545.42982090652	52545.544
2408	52538.78036848758	52538.866
2409	52515.16387460796	52515.227
2410	52503.77556553616	52503.828
2411	52497.23835666536	52497.219
2412	52493.96457221857	52494.012
2413	52474.48782741228	52474.540
2414	52470.88138445942	52470.781
2415	52464.79639494165	52464.856
2416	52462.42698712515	52462.557
2417	52445.26305462887	52445.101
2418	52436.90005235867	52436.953
2419	52412.10942155268	52412.201
2420	52376.37042721274	52376.442
2421	52370.52386359946	52370.620
2422	52358.89935936598	52358.988
2423	52353.4737651863	52353.526
2424	52349.38901749876	52349.499
2425	52321.75494161427	52322.265
2426	52283.44996500632	52283.513
2427	52282.17111530384	52282.223
2428	52266.15904754576	52266.272
2429	52264.64985184309	52264.702
2430	52256.92261715179	52256.989
2431	52247.58760744773	52247.671
2432	52228.01980024064	52228.119
2433	52211.24737735509	52211.299
2434	52189.1809279157	52189.288
2435	52178.26249909327	52178.315
2436	52171.89039323918	52171.954
2437	52159.37385302094	52159.389
2438	52122.37282314989	52122.455
2439	52106.07714866534	52106.126
2440	52093.12601116201	52093.178
2441	52059.77285780032	52059.825
2442	52035.55599720444	52035.591
2443	52033.79331636647	52033.845
2444	52027.86649768538	52027.830
2445	52024.31700188296	52024.402
2446	52018.47465577006	52018.589
2447	52016.71305480161	52016.762
2448	52010.49213209253	52010.567
2449	51997.91483875182	51997.966
2450	51992.21077905651	51992.323
2451	51962.87342647654	51962.901
2452	51943.08788068292	51943.053
2453	51932.42959877663	51932.843
2454	51897.26273543601	51897.346
2455	51891.57924256236	51891.598
2456	51875.88492696924	51875.922
2457	51873.30046716661	51873.334
2458	51872.03341792756	51872.079
2459	51860.60265625107	51860.658
2460	51821.36785279037	51821.449
2461	51815.61800257368	51815.690
2462	51813.44165413212	51813.499
2463	51804.10356102887	51804.173
2464	51791.65093844341	51791.633
2465	51776.77359525135	51776.828
2466	51766.82585642855	51766.792
2467	51754.98664532798	51754.834
2468	51736.48444108946	51736.563
2469	51719.91874136848	51719.904
2470	51712.32271529375	51712.355
2471	51709.91652234789	51709.747
2472	51671.83963723623	51671.864
2473	51663.88800416944	51663.915
2474	51642.89012225037	51642.901
2475	51640.13974193713	51640.166
2476	51635.31520361306	51635.370
2477	51622.83870656018	51622.901
2478	51606.88462322957	51606.961
2479	51568.6942875767	51568.717
2480	51565.02266654963	51564.949
2481	51525.93805268069	51525.949
2482	51523.73479147312	51523.791
2483	51521.69365594616	51521.717
2484	51513.20024062224	51513.283
2485	51505.0827082005	51505.176
2486	51494.9218374464	51494.944
2487	51460.23331072341	51460.260
2488	51459.04112075691	51459.052
2489	51449.59276867531	51449.660
2490	51444.69594973299	51444.786
2491	51412.48204544957	51412.525
2492	51396.81040982932	51396.942
2493	51376.44881838903	51376.548
2494	51365.55627640962	51365.304
2495	51363.70598825613	51363.751
2496	51360.11744831065	51360.156
2497	51325.11097329202	51325.142
2498	51304.25961472972	51304.283
2499	51288.39064812611	51288.423
2500	51259.33690386086	51259.452
2501	51255.29381714588	51255.481
2502	51230.34494272844	51230.416
2503	51219.14085538014	51219.216
2504	51194.86490397522	51194.973
2505	51189.36178918101	51189.364
2506	51174.66558017836	51174.739
2507	51171.93721284444	51172.012
2508	51166.96721709125	51167.055
2509	51165.16123059096	51165.393
2510	51163.06664603986	51163.190
2511	51143.8851294729	51143.873
2512	51137.26935100256	51137.326
2513	51124.95005656236	51124.986
2514	51107.18696827788	51107.258
2515	51099.74036911636	51099.824
2516	51097.60191039929	51097.673
2517	51096.7134136178	51096.747
2518	51089.79667459217	51089.846
2519	51074.92137145613	51074.986
2520	51072.49709619059	51072.529
2521	51071.13798270537	51071.011
2522	51062.42852042572	51062.521
2523	51054.60893494452	51054.640
2524	51023.6890028718	51023.758
2525	51021.42190130801	51021.487
2526	51001.28377970609	51001.397
2527	50987.50038804701	50987.705
2528	50970.24129409798	50970.299
2529	50957.54046568577	50957.626
2530	50949.00147828131	50949.077
2531	50932.02876037318	50931.994
2532	50923.47348083113	50923.560
2533	50922.04261224667	50922.135
2534	50918.80409040492	50918.909
2535	50917.17282760182	50917.226
2536	50881.62430356179	50881.669
2537	50865.47757647859	50865.554
2538	50859.31785977667	50859.359
2539	50851.7144168786	50851.759
2540	50846.33494815065	50846.320
2541	50832.81827785125	50832.875
2542	50829.20205289407	50829.205
2543	50827.29099318387	50827.431
2544	50823.12947052545	50823.184
2545	50807.15101675601	50807.281
2546	50799.32570511334	50799.431
2547	50775.13111506082	50775.216
2548	50770.43886661094	50770.553
2549	50766.80678900876	50766.879
2550	50759.07806714518	50759.155
2551	50746.6634223264	50746.752
2552	50729.28517155226	50729.372
2553	50728.2817672621	50728.318
2554	50719.30105855608	50719.389
2555	50716.88418930153	50716.997
2556	50712.17791089864	50712.171
2557	50704.79687999518	50704.881
2558	50694.07933339805	50694.184
2559	50687.91030375537	50687.972
2560	50674.81043424533	50674.899
2561	50669.08618180527	50669.167
2562	50662.4344232037	50662.479
2563	50622.04098145366	50622.049
2564	50617.99540392479	50618.115
2565	50612.87302799983	50612.939
2566	50611.12757790911	50611.499
2567	50545.20550380335	50545.311
2568	50512.90757534093	50513.025
2569	50511.55848377289	50511.637
2570	50500.180304129	50500.381
2571	50497.72899878802	50497.772
2572	50482.94844288286	50482.916
2573	50480.82808127445	50480.900
2574	50475.98926884053	50476.083
2575	50468.11598256665	50468.254
2576	50464.78180937962	50464.903
2577	50443.19427245321	50443.286
2578	50441.56756389923	50441.636
2579	50434.11090987485	50434.209
2580	50429.12503420978	50429.220
2581	50426.96723244618	50427.109
2582	50420.73365500203	50420.900
2583	50396.8768848426	50396.963
2584	50394.38728834598	50394.319
2585	50393.57539807737	50393.603
2586	50385.49948925775	50385.596
2587	50381.13125925667	50381.155
2588	50377.24700915551	50377.344
2589	50352.59439975673	50352.646
2590	50313.40205077549	50313.451
2591	50311.15235547039	50311.174
2592	50298.29439171869	50298.350
2593	50295.56416259846	50295.613
2594	50283.92650601011	50284.022
2595	50282.33319108782	50282.354
2596	50268.46118234075	50268.564
2597	50260.19721762323	50260.287
2598	50227.04831112987	50227.097
2599	50224.78214362737	50224.831
2600	50213.18124804169	50213.199
2601	50210.3292197269	50210.281
2602	50204.93436759659	50204.959
2603	50201.22974767748	50201.272
2604	50166.90497857629	50166.977
2605	50164.99309796129	50165.105
2606	50149.77394311676	50149.802
2607	50133.04996670217	50133.099
2608	50128.92973446201	50128.978
2609	50119.88755448411	50119.959
2610	50100.4778981369	50100.470
2611	50099.62173146307	50099.681
2612	50089.58609827375	50089.760
2613	50082.26247313982	50082.400
2614	50052.25133207381	50052.357
2615	50048.44412790234	50048.537
2616	50042.51045737914	50042.559
2617	50035.07608610398	50035.133
2618	50027.39058570674	50027.549
2619	50005.12402329611	50005.231
2620	50002.44717127894	50002.470
2621	49997.10015829887	49997.271
2622	49988.44957204845	49988.692
2623	49985.32758388069	49985.525
2624	49980.40722907977	49980.545
2625	49973.78940839066	49973.919
2626	49964.00088233723	49964.212
2627	49961.32817513144	49961.582
2628	49954.06915586424	49954.230
2629	49942.66782158403	49942.819
2630	49925.08814297969	49925.221
2631	49902.49108627255	49902.632
2632	49889.84070447662	49890.050
2633	49854.99693153973	49855.185
2634	49848.66182691632	49848.777
2635	49836.41128175642	49836.579
2636	49831.49510233143	49831.696
2637	49807.29583005345	49807.460
2638	49799.16230602184	49799.369
2639	49773.35950422569	49773.563
2640	49771.62158377827	49771.778
2641	49764.43771035905	49764.603
2642	49761.66843384537	49761.854
2643	49753.59558944748	49753.791
2644	49742.8511811073	49743.052
2645	49734.02115374868	49734.171
2646	49726.30604020733	49726.449
2647	49716.91121822635	49717.029
2648	49711.84268212143	49712.046
2649	49679.66749664865	49679.769
2650	49676.72704127115	49676.926
2651	49654.97400445081	49655.134
2652	49642.44737492299	49642.596
2653	49629.12034049571	49629.312
2654	49622.52025120075	49622.683
2655	49621.21550428716	49621.423
2656	49615.77683863242	49615.997
2657	49613.23770329296	49613.402
2658	49591.7860629292	49591.914
2659	49587.50596777642	49587.646
2660	49585.6875468372	49585.866
2661	49560.27778731914	49560.455
2662	49544.56379860524	49544.686
2663	49541.44186861831	49541.590
2664	49485.89158238932	49486.070
2665	49474.36194568174	49474.570
2666	49467.1377102515	49467.330
2667	49455.32244853517	49455.490
2668	49446.93398875692	49447.082
2669	49437.2582141751	49437.420
2670	49431.41429385175	49431.559
2671	49422.00905739248	49422.154
2672	49410.82389464008	49411.069
2673	49399.83900486449	49400.050
2674	49393.93435538883	49394.115
2675	49393.12953447318	49393.338
2676	49387.30107790485	49387.449
2677	49383.83573001857	49384.020
2678	49375.49876588694	49375.707
2679	49358.1726465861	49358.360
2680	49341.43757577418	49341.669
2681	49335.25916943119	49335.394
2682	49331.50823741181	49331.664
2683	49329.27159867558	49329.391
2684	49326.32426990629	49326.510
2685	49304.58442254321	49304.718
2686	49290.70635502685	49290.861
2687	49287.16204734058	49287.292
2688	49286.36050715568	49286.493
2689	49280.69897881425	49280.948
2690	49272.24616313736	49272.472
2691	49268.50984558769	49268.655
2692	49265.59786059882	49265.723
2693	49261.49648550367	49261.642
2694	49257.90475198849	49258.046
2695	49230.62248999675	49230.771
2696	49225.80114425842	49226.001
2697	49223.30516016479	49223.481
2698	49215.86994364559	49216.028
2699	49209.76692830247	49209.942
2700	49206.47339192326	49206.732
2701	49200.97746774958	49201.164
2702	49188.02703502157	49188.164
2703	49185.2722116964	49185.400
2704	49183.38459061505	49183.564
2705	49176.82745282397	49177.002
2706	49171.0014173531	49171.124
2707	49165.41610464951	49165.591
2708	49159.7123065184	49159.865
2709	49157.19981979262	49157.361
2710	49142.60841188046	49142.748
2711	49134.97987310105	49135.090
2712	49114.43974015659	49114.586
2713	49113.42734642115	49113.262
2714	49105.90401493677	49106.079
2715	49077.87711918875	49077.868
2716	49058.90289486406	49059.107
2717	49051.29889340242	49051.285
2718	49034.48718547554	49034.658
2719	48973.39546398101	48973.539
2720	48956.8263946341	48956.990
2721	48945.16067521447	48945.345
2722	48929.11226597801	48929.253
2723	48922.00345185302	48922.147
2724	48907.26687382857	48907.370
2725	48888.63690537932	48888.872
2726	48886.27439266269	48886.396
2727	48877.90929372203	48878.041
2728	48866.53840125915	48866.710
2729	48859.32845815723	48859.443
2730	48857.84734198973	48858.000
2731	48853.81531881741	48853.976
2732	48847.01424558296	48847.192
2733	48844.08146964714	48844.284
2734	48843.17525717684	48843.335
2735	48833.18107344472	48833.286
2736	48824.59683960288	48824.734
2737	48817.9946183607	48818.165
2738	48813.10875175214	48813.251
2739	48809.10625298688	48809.284
2740	48807.50993587975	48807.691
2741	48789.43454413629	48789.647
2742	48779.62951584062	48779.775
2743	48766.52264624617	48766.671
2744	48761.17503430519	48761.339
2745	48758.81879851074	48758.991
2746	48757.43880206918	48757.568
2747	48739.21326347476	48739.387
2748	48733.22693993922	48733.396
2749	48731.87613426712	48732.005
2750	48731.0915924928	48731.263
2751	48729.83081226482	48730.033
2752	48728.2394005229	48728.399
2753	48722.63652586885	48722.752
2754	48710.3200523613	48710.517
2755	48696.61028368664	48696.787
2756	48689.87834799068	48689.994
2757	48681.50945270485	48681.680
2758	48673.42840759391	48673.565
2759	48671.34818836383	48671.528
2760	48630.42030531613	48630.536
2761	48628.45553297537	48628.620
2762	48625.24055509606	48625.368
2763	48619.89984210551	48620.034
2764	48613.49481244537	48613.660
2765	48601.39770958263	48601.571
2766	48588.73793121812	48588.866
2767	48582.10655345949	48582.201
2768	48575.21520394081	48575.343
2769	48572.07920685755	48572.214
2770	48561.48800812585	48561.622
2771	48546.25497664184	48546.393
2772	48542.41596293197	48542.544
2773	48530.28540568257	48530.401
2774	48528.70632059219	48528.817
2775	48526.11541571372	48526.228
2776	48510.22528331354	48510.387
2777	48485.86147091583	48486.030
2778	48476.15466068165	48476.273
2779	48469.31402953513	48469.455
2780	48461.87038148374	48462.005
2781	48459.19198746547	48459.334
2782	48455.12780601261	48455.276
2783	48450.40997088445	48450.587
2784	48445.48236446823	48445.584
2785	48442.7834457002	48442.956
2786	48432.33976747194	48432.512
2787	48421.99968146312	48422.180
2788	48405.17216827276	48405.390
2789	48396.38649859229	48396.538
2790	48378.49799611319	48378.660
2791	48362.63284475235	48362.807
2792	48349.79738787415	48349.900
2793	48342.83024234096	48342.991
2794	48326.50149533334	48326.629
2795	48308.19865107674	48308.369
2796	48301.2922862107	48301.469
2797	48294.03535680212	48294.136
2798	48291.26394663441	48291.389
2799	48273.42695838374	48273.544
2800	48262.76006481091	48262.844
2801	48250.11247061747	48250.288
2802	48249.04008417531	48249.166
2803	48241.91870646912	48242.033
2804	48234.2660138493	48234.428
2805	48228.51735554953	48228.676
2806	48222.07738574238	48222.247
2807	48196.23028793481	48196.366
2808	48175.42650272889	48175.645
2809	48169.76742248872	48169.890
2810	48161.24894290126	48161.369
2811	48157.83999238822	48157.935
2812	48150.04836705419	48150.157
2813	48138.55664093926	48138.670
2814	48135.9340546103	48136.091
2815	48133.76008009468	48133.884
2816	48113.33029231322	48113.484
2817	48111.87492113861	48112.000
2818	48108.26472422262	48108.367
2819	48099.58612428681	48099.713
2820	48089.84482595453	48089.940
2821	48088.55461081391	48088.717
2822	48070.44941590049	48070.485
2823	48056.91401764485	48057.024
2824	48035.6293470891	48035.689
2825	48015.68100985552	48015.790
2826	48012.06261612054	48012.202
2827	48010.47163060622	48010.581
2828	48004.8442209348	48005.047
2829	47998.1882139928	47998.272
2830	47996.06976649284	47996.146
2831	47976.72424631131	47976.840
2832	47968.5528540378	47968.672
2833	47962.68942471502	47962.799
2834	47958.22513669865	47958.334
2835	47955.97395804496	47956.111
2836	47922.28248444801	47922.360
2837	47911.07819021183	47911.095
2838	47908.78259652858	47908.863
2839	47906.78565007821	47906.900
2840	47891.75911729261	47891.833
2841	47884.78610609434	47885.005
2842	47878.22700965409	47878.336
2843	47875.08874145962	47875.156
2844	47873.2786413557	47873.407
2845	47862.78398473705	47862.982
2846	47858.9598439024	47859.072
2847	47852.74878378148	47852.818
2848	47843.38816174863	47843.490
2849	47818.56663299094	47818.651
2850	47814.6089058773	47814.725
2851	47806.67856511234	47806.818
2852	47805.1222106787	47805.286
2853	47789.51868800873	47789.639
2854	47768.63010936585	47768.738
2855	47757.56892257747	47757.709
2856	47751.95934711296	47752.114
2857	47740.08107195136	47740.212
2858	47733.76936473375	47733.864
2859	47698.63441895025	47698.792
2860	47692.01559722715	47692.139
2861	47690.99323811402	47691.178
2862	47689.67504569548	47689.817
2863	47687.51261091334	47687.619
2864	47685.46830094392	47685.577
2865	47683.53225457158	47683.685
2866	47681.84890133388	47681.973
2867	47680.71395540089	47680.853
2868	47675.5085990734	47675.636
2869	47673.5084890803	47673.643
2870	47668.84775215283	47668.950
2871	47658.19564699411	47658.328
2872	47652.565057001	47652.690
2873	47643.93414432568	47644.048
2874	47642.32310702842	47642.431
2875	47632.61100570182	47632.717
2876	47624.56049315512	47624.728
2877	47620.22547646769	47620.303
2878	47581.63746686435	47581.722
2879	47578.76600726774	47578.883
2880	47576.52213532667	47576.590
2881	47562.60633495086	47562.731
2882	47553.21938420006	47553.340
2883	47540.83009448607	47540.829
2884	47440.1709137397	47440.169
2885	47385.53982193573	47385.539
2886	47379.90042312283	47379.874
2887	47348.28957245383	47348.297
2888	47315.77065683813	47315.882
2889	47267.38984058789	47267.389
2890	47252.28960743397	47252.299
2891	47232.44044389793	47232.455
2892	47104.48963009213	47104.639
2893	47102.29013986758	47102.262
2894	47046.87989834335	47046.922
2895	47033.22066289324	47033.288
2896	46924.77020312647	46924.835
2897	46919.30998876524	46919.436
2898	46802.98971619688	46803.075
2899	46798.27970056816	46798.308
2900	46788.40019099391	46788.443
2901	46786.64991314011	46786.763
2902	46716.10053426918	46716.109
2903	46715.33984407844	46715.371
2904	46703.68931512188	46703.681
2905	46700.91095365248	46700.855
2906	46680.68012655505	46680.698
2907	46672.09086564924	46672.082
2908	46658.22010930658	46658.188
2909	46651.68987007166	46651.687
2910	46646.81064269224	46646.809
2911	46600.28103659981	46600.156
2912	46562.34996774291	46562.307
2913	46558.4006130823	46558.259
2914	46537.209805545	46537.109
2915	46535.88957461072	46535.833
2916	46497.06025599843	46497.012
2917	46447.50973435536	46447.362
2918	46390.59010068003	46390.466
2919	46377.03064321934	46376.958
2920	46233.55982009214	46233.504
2921	46225.88088439409	46225.935
2922	46221.54940264471	46221.447
2923	46206.25031575978	46206.165
2924	46172.45016025251	46172.384
2925	46162.90000286522	46162.822
2926	46144.1906255957	46144.224
2927	46115.03084806017	46114.963
2928	46087.65086348008	46087.494
2929	46054.06991372063	46053.986
2930	46043.61060572141	46043.474
2931	46024.09041126981	46023.992
2932	46022.14057921053	46022.033
2933	46018.83974437588	46018.807
2934	45994.32059457205	45994.291
2935	45966.41002608019	45966.271
2936	45964.86953375686	45964.815
2937	45945.60056761961	45945.498
2938	45927.21997508793	45927.155
2939	45909.48069025455	45909.361
2940	45863.84931576061	45863.731
2941	45861.02948337328	45860.840
2942	45840.39990488405	45840.349
2943	45832.83080047044	45832.754
2944	45831.61105978994	45831.539
2945	45827.60059731249	45827.601
2946	45760.85987815142	45760.887
2947	45754.30084049274	45754.168
2948	45718.75943333546	45718.572
2949	45705.2308426546	45705.183
2950	45696.0808895201	45695.981
2951	45649.84980649215	45649.827
2952	45641.2404219308	45641.107
2953	45629.2206177589	45629.066
2954	45626.89019894906	45626.708
2955	45624.89041087167	45624.920
2956	45604.99931230001	45604.962
2957	45601.41973490681	45601.336
2958	45575.41067518079	45575.320
2959	45568.01975657807	45567.943
2960	45565.54950241964	45565.411
2961	45559.69036700464	45559.553
2962	45558.07049603599	45558.067
2963	45556.93016548332	45556.779
2964	45556.28950451547	45556.231
2965	45546.59101877932	45546.465
2966	45532.84052892886	45532.638
2967	45530.02052521855	45529.937
2968	45514.080717164	45514.031
2969	45507.06017391675	45506.939
2970	45497.1604044509	45497.065
2971	45492.50078710281	45492.424
2972	45486.41984342083	45486.313
2973	45448.26998017191	45448.261
2974	45405.72999016976	45405.679
2975	45386.31060164558	45386.256
2976	45368.04099503699	45368.058
2977	45364.52097831536	45364.465
2978	45351.78949928982	45351.846
2979	45350.55058932208	45350.586
2980	45334.94096339974	45334.966
2981	45331.88043366939	45331.916
2982	45327.50089271909	45327.451
2983	45322.67112881706	45322.688
2984	45317.76923172521	45317.772
2985	45316.38995463946	45316.538
2986	45314.41961732305	45314.495
2987	45311.46013104347	45311.603
2988	45306.2691896567	45306.411
2989	45301.62928414012	45301.646
2990	45299.12041241647	45299.137
2991	45294.25969022737	45294.238
2992	45293.41943983183	45293.460
2993	45268.70093734932	45268.717
2994	45266.06017974622	45266.106
2995	45263.66061702642	45263.677
2996	45262.31014562277	45262.349
2997	45256.49039238893	45256.613
2998	45235.52082638042	45235.447
2999	45207.52048964782	45207.530
3000	45201.79993027226	45201.843
3001	45179.82016203209	45179.765
3002	45168.77965723006	45168.794
3003	45159.31031073827	45159.315
3004	45156.35079391517	45156.402
3005	45151.43987852585	45151.554
3006	45149.7092671182	45149.735
3007	45148.62108864333	45148.637
3008	45145.32057296132	45145.284
3009	45143.91930418953	45143.921
3010	45142.46984338972	45142.516
3011	45139.20964925992	45139.226
3012	45132.30009779505	45132.316
3013	45127.61098546534	45127.655
3014	45122.91004931413	45122.892
3015	45117.59914443422	45117.561
3016	45106.50038446977	45106.507
3017	45101.9608413794	45101.989
3018	45096.65089526201	45096.667
3019	45094.19066720875	45094.207
3020	45089.49108485116	45089.509
3021	45088.05035800979	45088.016
3022	45084.71948804757	45084.736
3023	45083.33096077855	45083.322
3024	45062.83037648791	45062.790
3025	45061.02084557997	45061.063
3026	45050.0600011937	45049.987
3027	45022.40979332232	45022.426
3028	45009.49957192506	45009.622
3029	45001.86000398857	45001.868
3030	44984.66985820269	44984.575
3031	44980.25946679304	44980.307
3032	44975.5605692052	44975.577
3033	44970.2404780912	44970.257
3034	44968.17986703084	44968.153
3035	44965.52998389834	44965.551
3036	44960.83972645552	44960.856
3037	44960.09010128034	44960.112
3038	44957.05959953626	44957.107
3039	44945.17084577606	44945.159
3040	44936.91039081305	44936.925
3041	44932.30949146433	44932.251
3042	44931.68028169855	44931.717
3043	44926.75096862249	44926.791
3044	44917.71045879719	44917.762
3045	44916.78079903709	44916.826
3046	44914.8694256844	44914.892
3047	44909.66036189463	44909.645
3048	44908.7307679399	44908.679
3049	44906.49096429888	44906.566
3050	44905.80982470408	44905.876
3051	44898.26939777429	44898.341
3052	44894.23093716623	44894.168
3053	44885.44941808866	44885.558
3054	44877.85025609326	44877.976
3055	44871.16085441893	44871.132
3056	44862.14080935736	44862.240
3057	44856.32943765594	44856.427
3058	44855.40028126142	44855.384
3059	44841.98049483595	44841.929
3060	44840.83923189608	44840.866
3061	44831.38916991682	44831.404
3062	44826.76052501448	44826.775
3063	44822.12006680582	44822.170
3064	44817.41974535406	44817.434
3065	44812.73963662609	44812.754
3066	44808.11977082811	44808.134
3067	44804.78109116666	44804.883
3068	44798.92063656299	44798.941
3069	44790.83098638438	44790.836
3070	44784.59102672307	44784.712
3071	44778.59955459341	44778.647
3072	44764.12047312273	44764.102
3073	44752.16003553016	44752.096
3074	44740.84100972527	44740.772
3075	44734.09975299674	44734.114
3076	44728.37100230122	44728.368
3077	44725.25071746107	44725.265
3078	44712.53045638285	44712.571
3079	44708.2906909556	44708.305
3080	44699.5796773028	44699.592
3081	44696.46019607626	44696.475
3082	44690.32946856607	44690.290
3083	44683.65923577423	44683.687
3084	44680.88009080737	44680.855
3085	44678.92073539506	44678.935
3086	44677.54920467622	44677.568
3087	44669.36037032575	44669.376
3088	44667.2692729956	44667.198
3089	44657.70990824595	44657.790
3090	44652.54075777536	44652.576
3091	44650.98965673445	44650.926
3092	44647.79957817702	44647.851
3093	44645.28116358566	44644.884
3094	44643.01063720498	44643.118
3095	44640.66021170912	44640.783
3096	44636.01946634503	44636.034
3097	44616.61917690574	44616.508
3098	44613.80973492096	44613.773
3099	44609.30997792775	44609.325
3100	44604.55066592133	44604.680
3101	44600.91038637477	44601.004
3102	44600.15916433513	44600.209
3103	44598.30911369756	44598.341
3104	44594.96072742618	44594.975
3105	44590.32987906703	44590.383
3106	44589.41092968097	44589.392
3107	44586.19065419081	44586.240
3108	44580.94092979952	44581.017
3109	44580.12991650348	44580.093
3110	44575.47971498963	44575.494
3111	44570.62997258958	44570.644
3112	44559.6808836005	44559.834
3113	44541.42015088203	44541.408
3114	44540.46964991956	44540.487
3115	44534.69096642306	44534.726
3116	44529.9108942807	44529.838
3117	44528.52921348414	44528.651
3118	44525.84978532402	44525.819
3119	44517.22094656154	44517.239
3120	44516.29061835862	44516.266
3121	44514.52980258512	44514.452
3122	44509.73064567568	44509.745
3123	44507.94997281494	44507.897
3124	44495.27053473672	44495.295
3125	44494.08091666266	44494.095
3126	44492.63980706667	44492.645
3127	44489.92930683629	44489.912
3128	44487.13107286068	44487.197
3129	44475.99067490855	44475.985
3130	44456.80995392885	44456.814
3131	44453.78906810162	44453.791
3132	44452.1410067038	44452.155
3133	44450.06995896756	44450.014
3134	44447.52012327559	44447.483
3135	44437.14979465075	44437.096
3136	44435.7293835001	44435.659
3137	44428.53985611545	44428.552
3138	44402.15965718657	44402.272
3139	44400.10950177833	44400.231
3140	44387.19919639635	44387.228
3141	44384.37963739497	44384.355
3142	44374.27049122947	44374.270
3143	44371.04054385183	44371.160
3144	44368.81949863299	44368.938
3145	44367.32023647978	44367.377
3146	44363.10961956316	44363.087
3147	44356.10027935795	44356.169
3148	44346.65948983186	44346.578
3149	44344.67018173373	44344.662
3150	44342.1108416759	44342.287
3151	44331.4196142479	44331.439
3152	44330.80974623816	44330.777
3153	44324.02965708297	44324.016
3154	44318.17067490669	44318.081
3155	44317.17028723753	44317.242
3156	44314.10940108361	44314.124
3157	44309.37081598408	44309.412
3158	44305.89967260385	44305.950
3159	44301.4403832557	44301.415
3160	44300.32060893322	44300.324
3161	44298.3201743465	44298.300
3162	44289.07962005699	44289.094
3163	44286.1709629196	44286.131
3164	44284.44968055709	44284.451
3165	44282.1706575982	44282.157
3166	44258.21972287857	44258.234
3167	44247.07073397061	44247.145
3168	44245.54921109445	44245.660
3169	44242.08013181535	44242.127
3170	44240.55074869748	44240.593
3171	44224.80003277922	44224.959
3172	44221.22010394131	44221.235
3173	44218.85081712426	44218.827
3174	44214.45082730689	44214.462
3175	44212.06971082144	44212.181
3176	44205.61950666231	44205.676
3177	44204.17026880428	44204.178
3178	44190.49093758058	44190.598
3179	44187.91925510549	44187.934
3180	44177.52977766372	44177.518
3181	44166.54030751845	44166.512
3182	44155.4803090836	44155.495
3183	44146.35932771942	44146.387
3184	44134.04010314571	44133.656
3185	44132.11038093035	44132.027
3186	44122.93965594248	44122.954
3187	44116.0094183111	44115.952
3188	44114.25110753805	44114.246
3189	44110.51965823251	44110.515
3190	44104.42952531971	44104.410
3191	44095.05038198862	44095.197
3192	44093.37986772746	44093.394
3193	44091.55030852641	44091.565
3194	44085.67998138013	44085.754
3195	44083.85055598311	44083.823
3196	44081.03090364522	44081.032
3197	44075.37985118175	44075.394
3198	44073.24042454857	44073.174
3199	44047.06951273168	44047.084
3200	44034.76956634382	44034.803
3201	44030.19025957061	44030.272
3202	44027.28059063455	44027.372
3203	44026.11990524601	44026.136
3204	44022.4590909646	44022.486
3205	44010.09045811312	44010.105
3206	44003.37015691771	44003.403
3207	44000.93013014711	44000.933
3208	43999.26111363451	43999.290
3209	43988.05929421459	43988.038
3210	43978.63072176084	43978.630
3211	43977.43085215014	43977.518
3212	43974.39940729199	43974.433
3213	43970.41066796659	43970.359
3214	43965.17066429084	43965.200
3215	43956.55043744392	43956.537
3216	43943.39106103972	43943.431
3217	43940.67039252605	43940.722
3218	43924.8403612518	43924.862
3219	43919.95996368108	43920.040
3220	43912.61002413144	43912.596
3221	43905.41938671831	43905.474
3222	43903.58116235764	43903.448
3223	43896.16088130493	43896.124
3224	43892.42905122904	43892.452
3225	43885.89086865937	43885.965
3226	43882.77075626969	43882.835
3227	43878.69012225549	43878.827
3228	43874.28021944758	43874.288
3229	43870.43013365731	43870.454
3230	43862.40100122942	43862.447
3231	43860.7896455182	43860.815
3232	43857.32107816963	43857.354
3233	43854.30101699303	43854.371
3234	43851.76909613473	43851.802
3235	43843.16996990405	43843.203
3236	43834.6190994046	43834.732
3237	43828.42960677027	43828.494
3238	43821.12962561843	43821.149
3239	43816.48013244125	43816.526
3240	43767.83910657847	43767.810
3241	43757.54980825226	43757.443
3242	43751.3806904158	43751.392
3243	43743.51906246869	43743.543
3244	43740.70050559638	43740.666
3245	43737.1208783569	43737.060
3246	43728.53103594499	43728.467
3247	43720.92085822622	43720.811
3248	43718.78058694486	43718.855
3249	43714.95990742799	43714.951
3250	43707.52116753736	43707.429
3251	43704.00998000888	43703.908
3252	43702.32973534313	43702.359
3253	43700.2492752368	43700.276
3254	43696.73048989407	43696.696
3255	43690.31918648166	43690.385
3256	43684.70080019545	43684.702
3257	43683.48046032825	43683.446
3258	43669.1307986816	43668.947
3259	43656.30013170544	43656.298
3260	43654.5295325406	43654.632
3261	43650.06955442247	43650.097
3262	43647.11091365057	43647.077
3263	43640.80956404434	43640.891
3264	43631.81968331584	43631.703
3265	43630.59998095836	43630.519
3266	43620.89031190893	43620.856
3267	43615.39040964659	43615.261
3268	43606.90944141933	43606.867
3269	43605.95923169333	43605.889
3270	43599.31996709797	43599.383
3271	43594.56936616224	43594.091
3272	43591.01058070541	43591.027
3273	43588.42957219531	43588.382
3274	43586.60081349446	43586.488
3275	43577.35036994497	43577.325
3276	43573.45962680736	43573.426
3277	43570.95036114117	43570.916
3278	43568.84087927202	43568.865
3279	43567.13115592143	43567.125
3280	43564.68921419263	43564.603
3281	43562.25928250933	43562.138
3282	43560.73962668503	43560.736
3283	43552.6390280929	43552.714
3284	43543.3204431277	43543.326
3285	43530.33898208837	43530.399
3286	43514.6693011179	43514.653
3287	43513.89006361503	43513.856
3288	43511.75006979571	43511.705
3289	43510.29048621727	43510.228
3290	43506.20055054919	43506.108
3291	43504.21103626905	43504.212
3292	43496.03964900336	43496.027
3293	43493.14072810489	43493.168
3294	43491.66946990442	43491.570
3295	43487.46953515514	43487.357
3296	43484.93072298842	43484.797
3297	43480.71912588198	43480.575
3298	43474.68100286547	43474.614
3299	43472.43110490961	43472.397
3300	43469.12941787425	43469.096
3301	43458.50961677321	43458.486
3302	43453.03014816104	43453.011
3303	43444.40034614431	43444.522
3304	43422.77952054916	43422.805
3305	43420.32916967294	43420.354
3306	43416.98971812673	43416.978
3307	43415.87919426257	43415.848
3308	43410.16098051088	43410.224
3309	43409.12952086415	43409.196
3310	43407.46984355142	43407.569
3311	43405.98010708662	43405.940
3312	43399.78030587263	43399.710
3313	43398.65023043937	43398.674
3314	43397.21986035117	43397.201
3315	43395.67104633585	43395.705
3316	43393.88119062204	43393.823
3317	43391.88979272117	43391.924
3318	43385.6394507376	43385.745
3319	43381.7401339608	43381.834
3320	43369.73094532693	43369.634
3321	43368.3799480755	43368.425
3322	43364.99084066893	43365.043
3323	43359.63083996539	43359.586
3324	43340.59066313095	43340.502
3325	43334.24077803415	43334.300
3326	43331.72929067024	43331.754
3327	43329.9405992848	43329.999
3328	43327.80044549958	43327.782
3329	43325.79065374376	43325.810
3330	43321.96068992585	43321.952
3331	43318.62043197623	43318.580
3332	43315.93958670866	43315.965
3333	43314.099792008	43314.051
3334	43313.38911364914	43313.401
3335	43309.67020263364	43309.695
3336	43306.55928028571	43306.503
3337	43301.66028307557	43301.749
3338	43298.97990185984	43299.005
3339	43295.60098194634	43295.626
3340	43293.63908224332	43293.616
3341	43291.16029366481	43291.268
3342	43288.23938972571	43288.229
3343	43284.93972460651	43284.965
3344	43277.76056182032	43277.795
3345	43274.35072219111	43274.376
3346	43272.08932259545	43272.272
3347	43266.78940723551	43266.913
3348	43262.38946119987	43262.414
3349	43257.74119814746	43257.845
3350	43254.78964461192	43254.815
3351	43252.61948863367	43252.598
3352	43249.73916473219	43249.767
3353	43239.22089997413	43239.257
3354	43222.62098980905	43222.646
3355	43220.45932567542	43220.503
3356	43217.95076469157	43217.980
3357	43214.92936678456	43214.908
3358	43208.29932749298	43208.326
3359	43204.52116507824	43204.524
3360	43202.35990333676	43202.392
3361	43200.88107040293	43200.961
3362	43198.6094454561	43198.694
3363	43194.9498710797	43194.975
3364	43189.4410686615	43189.466
3365	43187.80066971279	43187.825
3366	43183.66039544493	43183.685
3367	43178.16000332273	43178.121
3368	43174.78112906075	43174.785
3369	43168.83959873492	43168.825
3370	43166.8408626309	43166.810
3371	43152.62951772416	43152.654
3372	43148.21090151207	43148.224
3373	43144.62007201288	43144.639
3374	43142.29069651203	43142.266
3375	43134.40024227797	43134.401
3376	43126.19903364604	43126.173
3377	43124.54002327159	43124.524
3378	43120.61124968213	43120.646
3379	43115.48070467229	43115.510
3380	43112.21020737221	43112.257
3381	43109.29053344108	43109.345
3382	43105.94927220916	43106.104
3383	43103.40016121423	43103.545
3384	43101.30020795669	43101.288
3385	43088.0001804324	43088.103
3386	43086.0699154469	43086.096
3387	43082.67042993786	43082.700
3388	43073.39028752749	43073.392
3389	43065.67063860542	43065.695
3390	43060.88939377526	43061.036
3391	43059.18024728302	43059.209
3392	43058.3492313869	43058.363
3393	43053.22976707438	43053.255
3394	43043.36954828304	43043.407
3395	43029.21105027461	43029.276
3396	43027.9196266202	43027.950
3397	43025.45125942097	43025.520
3398	43007.94922594949	43007.984
3399	43006.41023827594	43006.441
3400	43001.12018483054	43001.207
3401	42997.2590266805	42997.390
3402	42990.80069081193	42990.831
3403	42983.94904256908	42984.027
3404	42982.20970454318	42982.341
3405	42977.71973218252	42977.624
3406	42976.6809621828	42976.638
3407	42975.42955776057	42975.501
3408	42973.26927937893	42973.279
3409	42966.3795923735	42966.363
3410	42964.71918359804	42964.640
3411	42940.7412177019	42940.757
3412	42934.03070431436	42934.065
3413	42931.8910155023	42931.889
3414	42929.51918426342	42929.485
3415	42927.24982013692	42927.318
3416	42924.35901006879	42924.391
3417	42922.8291101134	42922.859
3418	42921.88915648893	42921.955
3419	42920.20988702032	42920.173
3420	42916.50915620151	42916.554
3421	42915.30974347242	42915.487
3422	42913.24904041098	42913.234
3423	42898.05114731708	42898.072
3424	42891.1901150643	42891.310
3425	42871.62026820072	42871.690
3426	42866.12116758129	42866.081
3427	42861.67950325456	42861.662
3428	42859.7496583819	42859.780
3429	42857.72942821949	42857.759
3430	42841.62031459835	42841.651
3431	42839.82053884758	42839.933
3432	42836.79085452741	42836.778
3433	42820.15071897453	42820.179
3434	42819.40028003679	42819.431
3435	42797.42090577144	42797.624
3436	42795.51970701716	42795.585
3437	42792.69950408766	42792.569
3438	42778.23067070085	42778.270
3439	42775.70934195589	42775.686
3440	42771.3896269016	42771.547
3441	42769.35940153767	42769.320
3442	42768.14997233689	42768.171
3443	42755.10985505123	42755.111
3444	42750.90102492946	42751.671
3445	42747.43033282706	42747.484
3446	42741.54928616528	42741.638
3447	42736.5401923489	42736.582
3448	42733.45086115116	42733.481
3449	42727.86120170393	42727.908
3450	42726.2596130103	42726.317
3451	42724.77985301322	42724.810
3452	42710.65051819655	42710.674
3453	42698.63034110554	42698.739
3454	42691.3200407383	42691.306
3455	42678.50968777831	42678.547
3456	42664.12018623808	42664.092
3457	42640.46900217294	42640.506
3458	42635.28076171051	42635.357
3459	42630.84939624957	42630.819
3460	42616.45123963317	42616.504
3461	42614.7690675553	42614.931
3462	42599.89108867432	42599.898
3463	42588.35079533268	42588.422
3464	42564.36126752386	42564.500
3465	42562.15110825337	42562.288
3466	42546.84984790716	42546.994
3467	42539.17084812527	42539.233
3468	42500.47121370544	42500.623
3469	42494.06055841852	42494.118
3470	42481.74953392486	42481.815
3471	42479.7801279195	42479.853
3472	42473.35904794869	42473.410
3473	42471.47987449954	42471.629
3474	42465.580106725	42465.630
3475	42462.15085732377	42462.188
3476	42460.31099227225	42460.321
3477	42451.62098412093	42451.781
3478	42450.90074765068	42450.967
3479	42449.10018158235	42449.206
3480	42445.15095058401	42445.242
3481	42430.32971882761	42430.330
3482	42427.77045177265	42427.586
3483	42410.67091651106	42410.828
3484	42405.81928153264	42405.881
3485	42404.10959923686	42404.146
3486	42402.5603872361	42402.533
3487	42383.72070802414	42383.640
3488	42381.89008411486	42381.925
3489	42372.85124228205	42373.001
3490	42370.96992412303	42371.099
3491	42365.99909347681	42366.268
3492	42364.8493425557	42364.799
3493	42354.68974605141	42354.677
3494	42351.02972239091	42351.116
3495	42347.85086927052	42347.906
3496	42345.82924946112	42345.853
3497	42340.35932405651	42340.494
3498	42329.38909216124	42329.359
3499	42323.75987732288	42323.796
3500	42321.5708835511	42321.607
3501	42319.99934519344	42320.150
3502	42318.38120209874	42318.516
3503	42308.48042347772	42308.406
3504	42292.96110172027	42293.002
3505	42292.46087779475	42292.585
3506	42283.35984883455	42283.426
3507	42279.28058899647	42279.232
3508	42269.3993998728	42269.354
3509	42268.50094192418	42268.563
3510	42261.16012988309	42261.183
3511	42256.15980870446	42256.289
3512	42238.41094997709	42238.447
3513	42225.80034446875	42225.949
3514	42224.67950162978	42224.568
3515	42221.34080493949	42221.377
3516	42219.97011166694	42219.981
3517	42212.43000862391	42212.559
3518	42210.22002702898	42210.234
3519	42206.40922338473	42206.428
3520	42203.00091763246	42202.995
3521	42197.57023354655	42197.707
3522	42193.36955664528	42193.406
3523	42190.21918041941	42190.126
3524	42183.68083328533	42183.654
3525	42180.7805990072	42180.798
3526	42178.20052988028	42178.149
3527	42162.94011430247	42162.652
3528	42157.42977061783	42157.364
3529	42154.63959673929	42154.645
3530	42146.89005442092	42146.795
3531	42144.97033995368	42145.007
3532	42143.3511478908	42143.440
3533	42123.36031363063	42123.381
3534	42117.34895578342	42117.153
3535	42109.89121867573	42110.194
3536	42102.80040522152	42102.870
3537	42081.94079282785	42081.970
3538	42077.76083519258	42077.745
3539	42074.29065413879	42074.311
3540	42072.87909010071	42072.856
3541	42064.87120604494	42065.157
3542	42058.15015047144	42058.171
3543	42056.8910811784	42056.988
3544	42056.02941532764	42056.069
3545	42045.45023778638	42045.471
3546	42038.18117841223	42038.051
3547	42035.10986654441	42035.189
3548	42030.44101089633	42030.509
3549	42026.43086370538	42026.451
3550	42023.99897271906	42024.069
3551	42022.12083767167	42022.183
3552	42019.35014839049	42019.370
3553	42017.6512860362	42017.671
3554	42015.8197233876	42015.718
3555	42010.5205703842	42010.540
3556	42003.0904439264	42003.188
3557	41985.54020006397	41985.618
3558	41978.5092452995	41978.516
3559	41966.85985309338	41966.992
3560	41965.06064029565	41964.954
3561	41958.3700323891	41958.454
3562	41954.93918421768	41954.959
3563	41951.48905736562	41951.534
3564	41927.54043912682	41927.436
3565	41924.65959863956	41924.776
3566	41920.21022087555	41920.102
3567	41884.7313221654	41884.766
3568	41881.92951416682	41881.974
3569	41877.19034963757	41877.189
3570	41873.31128400621	41873.482
3571	41848.47976489346	41848.534
3572	41845.44971422325	41845.416
3573	41840.00063356532	41840.104
3574	41837.48032343225	41837.498
3575	41830.79109276439	41830.811
3576	41826.71922383129	41826.785
3577	41823.28935574186	41823.291
3578	41818.94972120973	41819.020
3579	41816.83059589421	41816.850
3580	41802.47943443588	41802.604
3581	41777.34034040936	41777.420
3582	41762.99908823409	41762.926
3583	41757.97065174941	41758.096
3584	41757.25939550931	41757.292
3585	41747.02059782408	41746.995
3586	41744.21901890622	41744.257
3587	41733.20082964779	41733.142
3588	41707.90916490499	41707.937
3589	41691.45081121816	41691.469
3590	41687.68022518055	41687.637
3591	41669.50917064152	41669.529
3592	41659.24125938334	41659.381
3593	41656.12017298867	41656.107
3594	41643.94004082624	41643.914
3595	41641.89085396113	41641.968
3596	41639.41082861531	41639.388
3597	41614.69945591408	41614.960
3598	41610.0708569173	41610.145
3599	41564.26901682156	41564.291
3600	41557.66905718714	41557.648
3601	41553.24112685519	41553.263
3602	41544.31936806599	41544.194
3603	41537.98071568439	41538.002
3604	41534.58083155871	41534.536
3605	41531.94086494535	41531.962
3606	41530.21955174534	41530.238
3607	41526.0291256229	41526.033
3608	41514.57924270102	41514.571
3609	41514.00952885735	41514.031
3610	41512.37014578126	41512.323
3611	41495.26040447043	41495.221
3612	41484.56979796957	41484.499
3613	41475.94923613495	41475.875
3614	41473.79906049907	41473.815
3615	41464.26926280188	41464.270
3616	41457.25050292376	41457.272
3617	41455.87918068682	41455.877
3618	41448.1599931684	41448.157
3619	41446.71914414105	41446.779
3620	41443.00888445641	41443.086
3621	41439.94947640991	41439.863
3622	41423.770985541	41423.739
3623	41414.9006129742	41414.853
3624	41411.95046215745	41411.972
3625	41403.18956580211	41403.092
3626	41386.71933959334	41386.748
3627	41382.79112574038	41382.805
3628	41369.12994805884	41369.014
3629	41367.05965088341	41367.140
3630	41349.21104383302	41349.166
3631	41327.69116105302	41327.796
3632	41305.85899648908	41305.782
3633	41298.58933397856	41298.436
3634	41296.54008750024	41296.622
3635	41290.02134080375	41290.049
3636	41279.94990843307	41279.930
3637	41273.43994198379	41273.461
3638	41271.39133542719	41271.446
3639	41262.7213116403	41262.718
3640	41260.61089822759	41260.658
3641	41255.74102434651	41255.599
3642	41250.92915172584	41250.950
3643	41246.70899855481	41246.665
3644	41242.94890385497	41242.970
3645	41242.38110049552	41242.402
3646	41240.87004235468	41240.866
3647	41235.95110194376	41235.867
3648	41232.24920265762	41232.293
3649	41230.68064462797	41230.714
3650	41227.96054398421	41227.945
3651	41224.08901743242	41224.112
3652	41217.35897538406	41217.493
3653	41213.88995392239	41213.889
3654	41210.91918514512	41210.900
3655	41205.24099487418	41205.135
3656	41202.08137587397	41202.124
3657	41193.15891820665	41193.229
3658	41163.81104660194	41163.921
3659	41148.37994518123	41148.379
3660	41147.19111644942	41147.257
3661	41145.19899451821	41145.259
3662	41136.10129958257	41136.101
3663	41134.41065380975	41134.384
3664	41118.45977515553	41118.475
3665	41110.79995104267	41110.657
3666	41103.48034144865	41103.492
3667	41094.49080623562	41094.446
3668	41086.65921449253	41086.736
3669	41078.60114567688	41078.368
3670	41069.17040626281	41069.050
3671	41065.64893490632	41065.617
3672	41059.64048628227	41059.555
3673	41048.53059625546	41048.507
3674	41042.22999544339	41042.230
3675	41040.02076781991	41039.960
3676	41023.48899900969	41023.507
3677	41020.54015080106	41020.523
3678	41012.51101916812	41012.427
3679	41010.62991906004	41010.694
3680	40999.10986056531	40999.022
3681	40994.25027449869	40994.276
3682	40975.81992603365	40975.777
3683	40970.88075104223	40970.880
3684	40965.59123298209	40965.694
3685	40953.93052543959	40953.911
3686	40951.86964586332	40951.772
3687	40948.36081286144	40948.404
3688	40943.6310689188	40943.635
3689	40939.99890230108	40939.958
3690	40932.11945785846	40932.158
3691	40925.95048256615	40925.996
3692	40921.34137474621	40921.263
3693	40902.2908634644	40902.237
3694	40901.35900260889	40901.390
3695	40889.31051687199	40889.449
3696	40888.52894321031	40888.466
3697	40879.28013360703	40879.240
3698	40871.34064019279	40871.340
3699	40869.58950164852	40869.537
3700	40857.82992587634	40857.832
3701	40845.66023760878	40845.594
3702	40834.680916865	40834.579
3703	40810.03021005423	40809.946
3704	40805.50005505024	40805.529
3705	40803.63131568903	40803.748
3706	40801.18922943246	40801.680
3707	40799.22062195656	40799.274
3708	40790.20006991552	40790.177
3709	40780.98067746469	40780.896
3710	40780.05027340408	40780.028
3711	40773.18062844055	40773.050
3712	40770.30890174133	40770.161
3713	40767.7106308416	40767.596
3714	40757.24053617325	40757.141
3715	40756.59107110622	40756.651
3716	40750.4610858753	40750.438
3717	40749.13142053325	40749.221
3718	40741.11130366698	40741.093
3719	40727.52059423662	40727.511
3720	40723.85891294014	40723.809
3721	40719.54092287578	40719.518
3722	40718.91086797505	40718.742
3723	40715.04987296743	40715.129
3724	40708.73084186192	40708.622
3725	40705.73084127583	40705.690
3726	40704.47096467756	40704.422
3727	40696.40119573045	40696.379
3728	40692.09942011305	40692.113
3729	40672.23074783605	40672.138
3730	40667.15100965205	40667.889
3731	40649.54112272645	40649.532
3732	40647.92121767924	40647.842
3733	40641.8791426596	40641.813
3734	40640.68927453556	40640.598
3735	40639.54930672954	40639.527
3736	40638.39028966687	40638.368
3737	40627.77064417634	40627.789
3738	40626.23920335759	40626.293
3739	40602.21122502704	40602.130
3740	40598.88107882038	40598.859
3741	40596.54082427762	40596.518
3742	40590.34887089595	40590.391
3743	40583.75135970089	40583.697
3744	40575.48910629123	40575.467
3745	40567.63086425878	40567.636
3746	40561.51015979538	40561.488
3747	40556.87013151272	40556.848
3748	40551.21044651667	40551.224
3749	40547.18063269842	40547.013
3750	40540.68940424666	40540.751
3751	40536.24991308912	40536.398
3752	40535.55983575723	40535.537
3753	40531.07083898367	40531.068
3754	40527.49036783986	40527.416
3755	40518.22939617316	40518.237
3756	40515.51958729726	40515.593
3757	40512.28114123915	40512.259
3758	40508.60927275751	40508.614
3759	40504.58904251673	40504.567
3760	40503.15968693953	40503.187
3761	40497.54940298499	40497.527
3762	40496.03963610254	40496.086
3763	40490.52945058086	40490.561
3764	40484.95087090052	40484.907
3765	40476.93948039426	40476.815
3766	40457.5792382852	40457.557
3767	40454.72964129993	40454.603
3768	40434.70059047088	40434.709
3769	40424.35084384897	40424.329
3770	40417.62001517435	40417.646
3771	40407.01957099955	40407.055
3772	40402.93893021723	40402.997
3773	40396.50108334594	40396.537
3774	40391.06980695497	40391.062
3775	40386.23991698534	40386.113
3776	40383.09035243365	40383.126
3777	40380.5491322449	40380.465
3778	40376.40125595177	40376.428
3779	40374.48014841247	40374.428
3780	40371.30037339147	40371.314
3781	40356.30970482666	40356.301
3782	40354.74140516769	40354.823
3783	40346.6313504039	40346.620
3784	40339.21043276487	40339.202
3785	40337.66147749824	40337.630
3786	40333.93965801479	40333.975
3787	40332.21109408775	40332.246
3788	40322.04928802445	40322.130
3789	40310.78018788303	40310.760
3790	40306.66972693043	40306.649
3791	40306.37904069107	40306.313
3792	40303.76012612975	40303.795
3793	40302.4908733911	40302.551
3794	40299.1490775077	40299.124
3795	40293.75120021845	40293.768
3796	40283.00906498112	40283.044
3797	40281.65985594711	40281.700
3798	40278.08978524785	40278.125
3799	40276.36978832764	40276.405
3800	40274.81044928393	40274.846
3801	40273.33145070641	40273.367
3802	40271.69911772668	40271.815
3803	40270.59102986285	40270.626
3804	40268.5689594479	40268.618
3805	40266.53969909316	40266.600
3806	40260.2492902165	40260.227
3807	40257.83052019811	40257.847
3808	40256.76055421358	40256.879
3809	40253.77989639465	40253.815
3810	40247.62048163386	40247.656
3811	40245.69103320023	40245.721
3812	40242.210234796	40242.207
3813	40235.74968083776	40235.675
3814	40234.12989464599	40234.184
3815	40231.29897480034	40231.347
3816	40228.39961536217	40228.435
3817	40226.77999266569	40226.798
3818	40204.6689762883	40204.717
3819	40199.34938133774	40199.485
3820	40194.62959610178	40194.603
3821	40192.15895868872	40192.194
3822	40191.49104659172	40191.641
3823	40186.77900248994	40186.730
3824	40184.83946553469	40184.943
3825	40180.83077185911	40180.866
3826	40177.36030673923	40177.395
3827	40175.14978749098	40175.575
3828	40172.93933560402	40172.974
3829	40170.62982656416	40170.701
3830	40169.19080945887	40169.288
3831	40163.20891761727	40163.298
3832	40160.68979569098	40160.725
3833	40150.60970843113	40150.694
3834	40145.40039653367	40145.493
3835	40138.56933152479	40138.604
3836	40131.01032938534	40130.995
3837	40128.5913970857	40128.648
3838	40127.16043679538	40127.213
3839	40122.44088390053	40122.476
3840	40116.74109533034	40116.712
3841	40110.74015374107	40110.626
3842	40106.73109563196	40106.654
3843	40104.01140340076	40103.927
3844	40101.71131534345	40101.759
3845	40091.80963127167	40091.900
3846	40089.20120815383	40089.269
3847	40084.17095789305	40084.206
3848	40080.94094723793	40081.063
3849	40079.0798682567	40079.115
3850	40075.85008655474	40075.857
3851	40074.93130033201	40075.009
3852	40070.40145135509	40070.435
3853	40065.28074822919	40065.284
3854	40064.15966157693	40064.197
3855	40062.08938189069	40062.054
3856	40059.92019345682	40059.972
3857	40058.70022365123	40058.724
3858	40053.08107257772	40053.039
3859	40048.57149797061	40048.671
3860	40047.27886517515	40047.353
3861	40033.69093649074	40033.746
3862	40032.13955932516	40032.174
3863	40025.05130768859	40025.034
3864	40022.41025729969	40022.393
3865	40018.42053921941	40018.456
3866	40017.04122902377	40016.861
3867	40015.20069302116	40015.167
3868	40008.17076665033	40008.228
3869	40004.9208177101	40004.904
3870	40000.20034009575	40000.179
3871	39994.40961950216	39994.256
3872	39992.96965308383	39993.021
3873	39988.4593849587	39988.448
3874	39983.81998549234	39983.721
3875	39981.72148064576	39981.378
3876	39980.65113181576	39980.634
3877	39974.48098892131	39974.454
3878	39972.30997291131	39972.191
3879	39964.57896396858	39964.562
3880	39960.64908779657	39960.632
3881	39956.51010603255	39956.493
3882	39955.63059264489	39955.614
3883	39953.85991776511	39953.843
3884	39947.5887971526	39947.576
3885	39946.30966972454	39946.264
3886	39945.54076814646	39945.604
3887	39942.86044980987	39942.826
3888	39941.47092899181	39941.384
3889	39939.82994335479	39939.871
3890	39937.481258455	39937.455
3891	39936.36936013724	39936.353
3892	39933.78099804732	39933.784
3893	39932.63144299792	39932.513
3894	39931.48908501807	39931.682
3895	39930.19139243	39930.231
3896	39924.16930336852	39924.110
3897	39917.56948582049	39917.553
3898	39915.43074137587	39915.414
3899	39910.65066667046	39910.615
3900	39908.83891431302	39908.874
3901	39903.86896786045	39903.824
3902	39902.4308427482	39902.387
3903	39892.62145178044	39892.553
3904	39884.55897434019	39884.611
3905	39871.8608656875	39871.781
3906	39870.89087731417	39871.262
3907	39851.12073151663	39851.181
3908	39850.63004378333	39850.679
3909	39849.56884369943	39849.552
3910	39843.59130488923	39843.575
3911	39840.65921342502	39840.661
3912	39827.18075599154	39827.131
3913	39826.38982600168	39826.389
3914	39823.23070565823	39823.104
3915	39821.88119634651	39821.849
3916	39818.95001182132	39818.933
3917	39810.97127228734	39810.905
3918	39808.26108762297	39808.232
3919	39800.84917053385	39800.589
3920	39790.4399423324	39790.423
3921	39787.27078497176	39787.277
3922	39785.51150016838	39785.489
3923	39772.34912332499	39772.314
3924	39768.83135196245	39768.718
3925	39765.43110766993	39765.414
3926	39763.0111677488	39762.986
3927	39757.96995769357	39757.953
3928	39751.03005390253	39751.000
3929	39748.75125225575	39748.686
3930	39741.77015435636	39741.772
3931	39731.96072894565	39731.944
3932	39728.34913305518	39728.326
3933	39719.05015664074	39719.033
3934	39710.70138556168	39710.735
3935	39709.75956159223	39709.724
3936	39703.43136924474	39703.488
3937	39696.97035302767	39696.946
3938	39689.78142978338	39689.765
3939	39688.47920640356	39688.533
3940	39684.61929092532	39684.603
3941	39682.06879692835	39682.052
3942	39671.9098397409	39671.808
3943	39668.91960748765	39668.994
3944	39660.18141277664	39660.151
3945	39659.09981716256	39659.547
3946	39658.21953546585	39658.190
3947	39654.53930225397	39654.527
3948	39644.22068151776	39644.212
3949	39638.46987477051	39638.445
3950	39624.86126742623	39624.866
3951	39622.13055334006	39622.140
3952	39613.48045118555	39613.456
3953	39611.11046680791	39611.193
3954	39601.21032776179	39601.166
3955	39595.92872298119	39596.017
3956	39590.12117923257	39590.109
3957	39566.41950991539	39566.407
3958	39551.81120507047	39551.787
3959	39545.85101586914	39545.896
3960	39542.58130855904	39542.616
3961	39539.91008178445	39539.887
3962	39533.73126418232	39533.709
3963	39533.2802925439	39533.296
3964	39527.71902261883	39527.712
3965	39522.71892159214	39522.660
3966	39518.09060877316	39518.138
3967	39517.43885072933	39517.430
3968	39506.569291208	39506.608
3969	39503.5888425942	39503.466
3970	39498.7002951368	39498.594
3971	39496.04951111608	39496.025
3972	39493.13022413167	39493.020
3973	39488.32893123451	39488.444
3974	39483.77074382924	39483.770
3975	39480.76095271153	39480.744
3976	39472.37915897285	39472.476
3977	39456.84164913341	39456.878
3978	39452.93925399749	39452.938
3979	39447.47101883723	39447.400
3980	39441.79093481838	39441.766
3981	39439.63013155539	39439.567
3982	39435.83132871448	39435.827
3983	39421.18903749603	39421.153
3984	39419.84999357718	39419.825
3985	39410.26068816682	39410.328
3986	39408.73998417032	39408.807
3987	39403.25916820947	39403.169
3988	39395.26027417745	39395.224
3989	39383.65081461419	39383.655
3990	39380.73891164318	39380.793
3991	39368.26957244029	39368.245
3992	39361.99033474576	39361.946
3993	39360.95083702119	39360.838
3994	39358.72043538703	39358.696
3995	39353.43955578819	39353.399
3996	39348.65073198397	39348.725
3997	39346.96132403402	39346.937
3998	39341.52995619624	39341.504
3999	39339.14879060419	39339.124
4000	39337.31982866526	39337.295
4001	39322.52944919944	39322.592
4002	39315.66068420108	39315.652
4003	39307.28127789577	39307.168
4004	39303.22008335606	39303.183
4005	39301.87884465568	39301.885
4006	39289.36164590673	39289.318
4007	39287.96016708698	39287.917
4008	39282.60116521045	39282.558
4009	39282.15891676507	39282.115
4010	39271.97065282473	39271.927
4011	39268.74950670852	39268.743
4012	39267.15991972667	39266.997
4013	39262.59152014495	39262.582
4014	39253.7908245571	39253.788
4015	39236.47913646651	39236.293
4016	39229.77994927466	39229.829
4017	39225.45141551568	39225.325
4018	39224.65133767329	39224.615
4019	39211.13057383859	39211.142
4020	39201.73933735467	39201.660
4021	39198.78901555222	39198.745
4022	39196.69899141812	39196.656
4023	39193.45129472817	39193.453
4024	39186.28007940654	39186.237
4025	39185.75942221021	39185.716
4026	39183.94874930145	39183.931
4027	39180.58083733435	39180.679
4028	39175.04015403704	39174.995
4029	39172.63019229903	39172.543
4030	39171.44965496773	39171.445
4031	39169.2094683546	39169.166
4032	39168.04058551395	39168.075
4033	39152.96109618325	39152.919
4034	39152.02951476094	39152.046
4035	39149.51119948381	39149.468
4036	39138.66091688629	39138.604
4037	39128.98059517262	39129.004
4038	39127.52915696524	39127.427
4039	39124.97001099291	39124.927
4040	39124.09919745355	39124.056
4041	39121.80025963602	39121.682
4042	39116.4410585505	39116.380
4043	39108.68870231786	39108.600
4044	39104.61900876245	39104.575
4045	39102.64110630998	39102.622
4046	39099.46085365835	39099.397
4047	39093.42111727848	39093.309
4048	39091.6687573845	39091.767
4049	39082.60115266719	39082.559
4050	39073.11953479761	39073.075
4051	39071.01036310106	39070.929
4052	39066.1402989292	39066.127
4053	39061.820424766	39061.763
4054	39052.84985188195	39052.793
4055	39051.99157932858	39051.956
4056	39043.85036827658	39043.807
4057	39030.92161342155	39030.872
4058	39029.00864586516	39028.991
4059	39023.76148954994	39023.718
4060	38997.87068955759	38997.917
4061	38991.33068078686	38991.400
4062	38989.23115534039	38989.238
4063	38982.13129832187	38982.080
4064	38974.6592460513	38974.616
4065	38969.41889425119	38969.458
4066	38966.59038014823	38966.608
4067	38964.11874387085	38963.819
4068	38962.58065380658	38962.424
4069	38940.38001009903	38940.257
4070	38930.81058825411	38930.768
4071	38924.50895215358	38924.455
4072	38913.41891709422	38913.345
4073	38912.08109908875	38912.097
4074	38910.91923634552	38910.995
4075	38908.50991234626	38908.460
4076	38896.27957010386	38896.254
4077	38891.40891848105	38891.502
4078	38884.56980060464	38884.467
4079	38882.55939190235	38882.487
4080	38873.01948155162	38872.910
4081	38871.31012576368	38871.272
4082	38867.48912009487	38867.435
4083	38866.23091059878	38866.350
4084	38859.72058717054	38859.707
4085	38858.06015852046	38858.147
4086	38854.22143993212	38854.182
4087	38842.35990607202	38842.071
4088	38838.84117256339	38838.802
4089	38825.75054055282	38825.713
4090	38824.57869411111	38824.513
4091	38818.47014851976	38818.431
4092	38809.59150895074	38809.552
4093	38806.61067709075	38806.586
4094	38801.79080293315	38801.751
4095	38798.61164109851	38798.519
4096	38794.36993458566	38794.184
4097	38780.16134979424	38780.218
4098	38770.68997063652	38770.675
4099	38768.11970950585	38768.105
4100	38766.51017330286	38766.516
4101	38761.64025073868	38761.601
4102	38757.23940301639	38757.270
4103	38748.36013558353	38748.366
4104	38746.75110358197	38746.751
4105	38738.87044604029	38738.831
4106	38734.78969630309	38734.682
4107	38726.38898462799	38726.408
4108	38717.70096661101	38717.713
4109	38716.05118649182	38716.115
4110	38714.13149687644	38714.060
4111	38707.40150925214	38707.218
4112	38701.86024927442	38701.821
4113	38697.6688706459	38697.711
4114	38683.41059507169	38683.345
4115	38677.47021692881	38677.429
4116	38676.64930684628	38676.361
4117	38667.74913311481	38667.918
4118	38663.85974015988	38663.690
4119	38662.84074710302	38662.801
4120	38657.370269994	38657.360
4121	38653.73968521325	38653.748
4122	38652.36127517683	38652.361
4123	38647.31119129952	38647.307
4124	38645.87990538562	38645.841
4125	38640.32103497912	38640.488
4126	38632.66110786688	38632.708
4127	38631.06885665603	38631.088
4128	38618.75166020391	38618.516
4129	38617.06991893192	38617.091
4130	38609.3898034136	38609.482
4131	38606.6787179587	38606.593
4132	38604.69098325003	38604.598
4133	38599.98099637504	38599.929
4134	38598.3412222098	38598.302
4135	38594.79926166511	38594.714
4136	38593.15962415623	38593.203
4137	38580.02104519794	38579.982
4138	38570.05036608765	38570.012
4139	38562.40135930025	38562.337
4140	38556.33896736005	38556.108
4141	38546.65972359178	38546.649
4142	38545.36880484373	38545.399
4143	38539.45074996456	38539.354
4144	38536.91066304743	38536.911
4145	38532.60150223083	38532.632
4146	38519.68958154262	38519.715
4147	38517.47920396324	38517.435
4148	38509.91025132068	38510.014
4149	38496.78921819771	38496.844
4150	38482.78136188401	38482.703
4151	38479.15861191055	38479.080
4152	38471.81038423906	38471.772
4153	38469.96024328948	38469.907
4154	38466.08088092968	38466.115
4155	38450.63934567606	38450.395
4156	38435.9596904031	38435.922
4157	38425.7686709726	38425.567
4158	38421.54073296472	38421.621
4159	38417.18904316864	38417.002
4160	38413.91000179126	38413.965
4161	38411.40031650527	38411.404
4162	38410.30967131625	38410.228
4163	38401.85158827258	38401.861
4164	38401.01134859562	38400.966
4165	38397.63901036666	38397.616
4166	38396.20887378843	38396.104
4167	38384.25031259971	38384.152
4168	38355.85970378726	38355.847
4169	38353.94879315333	38354.006
4170	38350.26939849672	38350.257
4171	38333.60932328414	38333.695
4172	38328.50945665251	38328.505
4173	38323.93965839414	38324.000
4174	38318.15052161468	38318.039
4175	38313.89098044818	38313.861
4176	38301.73981000654	38301.485
4177	38297.58910827682	38297.377
4178	38288.52093407737	38288.499
4179	38285.61992741974	38285.558
4180	38283.23003721861	38283.206
4181	38282.27913333883	38282.189
4182	38280.34076402903	38280.041
4183	38259.75997802559	38259.723
4184	38253.24176312148	38253.374
4185	38249.01873785275	38249.098
4186	38244.67013484617	38244.702
4187	38236.14096223816	38236.136
4188	38220.22148486743	38220.009
4189	38214.20863916689	38214.182
4190	38211.98860903391	38211.985
4191	38203.22147917335	38203.184
4192	38201.72033933537	38201.701
4193	38193.06900667782	38193.079
4194	38189.49081057395	38189.424
4195	38183.61145179207	38183.504
4196	38179.38866787295	38179.352
4197	38174.31084064203	38174.274
4198	38172.70977817413	38172.473
4199	38168.75996280815	38168.751
4200	38164.60913955443	38164.595
4201	38160.83139555041	38160.854
4202	38157.35109263044	38157.292
4203	38152.37109331463	38152.516
4204	38139.36053147084	38139.268
4205	38132.23118721922	38132.327
4206	38127.46122637881	38127.475
4207	38120.93879686865	38120.742
4208	38116.77985532019	38116.682
4209	38098.15941453834	38097.947
4210	38089.33102627469	38089.312
4211	38085.28158747434	38085.233
4212	38080.32119905594	38080.030
4213	38072.84026982637	38072.685
4214	38069.1412849571	38069.180
4215	38066.3306318821	38066.198
4216	38055.78107072147	38055.672
4217	38052.91849266707	38053.080
4218	38038.6284788638	38038.683
4219	38031.24857325552	38031.212
4220	38025.71997341498	38025.811
4221	38024.64989840698	38024.613
4222	38019.96146075876	38019.979
4223	38012.66139593493	38012.610
4224	38006.2790699225	38006.242
4225	38000.57030457963	38000.490
4226	37993.95896138252	37993.910
4227	37992.55879374908	37992.516
4228	37968.41909412712	37968.416
4229	37943.57141538574	37943.316
4230	37914.82123406157	37914.738
4231	37911.17062931809	37911.139
4232	37906.55928104523	37906.101
4233	37883.54902822487	37883.460
4234	37871.76169639081	37871.665
4235	37870.33020583017	37870.356
4236	37868.88060025688	37868.855
4237	37863.34865254375	37863.180
4238	37842.49099307225	37842.451
4239	37841.04880913816	37841.139
4240	37833.68863724828	37833.553
4241	37827.57109724636	37827.540
4242	37804.60037889702	37804.570
4243	37801.42929822328	37801.314
4244	37795.71051653237	37795.798
4245	37793.61041686052	37793.579
4246	37770.69150236305	37770.638
4247	37767.09965373603	37767.195
4248	37762.4790191891	37762.158
4249	37752.19863860004	37752.107
4250	37749.33022929967	37749.299
4251	37739.46994419074	37739.649
4252	37732.44927989048	37732.400
4253	37726.69179082515	37726.661
4254	37723.81996008849	37723.818
4255	37721.69970001819	37721.569
4256	37718.65117244388	37718.540
4257	37715.0103054162	37714.969
4258	37682.91075943312	37682.867
4259	37675.25940483944	37675.292
4260	37673.46979650789	37673.211
4261	37641.31127739653	37641.319
4262	37638.50932889093	37638.491
4263	37628.08059092743	37628.054
4264	37626.99044082689	37626.946
4265	37622.24929751736	37622.237
4266	37619.54131762365	37619.715
4267	37607.81084981658	37607.695
4268	37589.17874060825	37589.201
4269	37585.00916494137	37585.014
4270	37577.09883952981	37576.712
4271	37570.50062925296	37570.175
4272	37568.68021575686	37568.582
4273	37563.78084655001	37563.706
4274	37547.03898607948	37546.977
4275	37534.61931028331	37534.650
4276	37524.79949360889	37524.698
4277	37512.46152258007	37512.353
4278	37509.34003353855	37509.297
4279	37501.72940160813	37501.577
4280	37498.11110921141	37498.022
4281	37495.16000010804	37495.114
4282	37476.94140861488	37476.928
4283	37472.82946402017	37472.788
4284	37468.75853815527	37468.641
4285	37467.37984731869	37467.225
4286	37454.01895214024	37453.976
4287	37452.85078111735	37452.762
4288	37428.88982791623	37429.006
4289	37422.55894535488	37422.461
4290	37418.49170297616	37418.440
4291	37413.32931992778	37413.313
4292	37408.80872704642	37408.660
4293	37405.26175360865	37405.257
4294	37404.18919304038	37404.095
4295	37399.26079162795	37399.218
4296	37375.31071908202	37375.357
4297	37374.71044558537	37374.670
4298	37365.10034595719	37365.014
4299	37348.44944588915	37348.452
4300	37340.10887467272	37340.087
4301	37336.77130585851	37336.739
4302	37321.70890966167	37321.609
4303	37309.75883737853	37309.715
4304	37297.22987021089	37297.103
4305	37290.53935291158	37290.526
4306	37288.42137155714	37288.351
4307	37286.35064976996	37286.405
4308	37266.21099186005	37266.190
4309	37262.53073154393	37262.647
4310	37260.86850486998	37260.793
4311	37258.93843597243	37258.917
4312	37256.740553728	37256.617
4313	37255.06059258804	37255.039
4314	37252.86945069204	37252.727
4315	37244.66879300385	37244.529
4316	37243.18065114901	37243.135
4317	37237.70086455276	37237.666
4318	37228.56156504605	37228.520
4319	37223.2293446672	37223.208
4320	37214.09905187805	37214.085
4321	37212.72859975979	37212.683
4322	37206.8918752859	37206.777
4323	37201.67860694363	37201.657
4324	37198.17136975718	37198.096
4325	37191.60033617563	37192.299
4326	37188.76168943691	37188.873
4327	37179.99884417489	37179.927
4328	37179.38940343814	37179.308
4329	37146.34169296086	37146.236
4330	37144.42881671512	37144.280
4331	37142.79937559011	37142.778
4332	37136.18984429412	37136.169
4333	37125.86017298088	37125.734
4334	37093.42048192568	37093.328
4335	37086.50004581764	37086.420
4336	37085.90950700575	37085.872
4337	37068.21062870898	37068.366
4338	37050.99958063909	37051.006
4339	37037.91920135969	37038.083
4340	37035.65132120386	37034.999
4341	37017.81106790214	37017.878
4342	37014.78145520452	37014.731
4343	37006.72925134021	37006.469
4344	36998.25019245021	36998.211
4345	36995.41879112556	36995.380
4346	36987.45024867836	36987.265
4347	36982.82864061832	36982.912
4348	36977.51957787717	36977.318
4349	36972.18848684691	36972.094
4350	36967.19853172616	36967.322
4351	36965.77148639856	36965.721
4352	36954.03902179861	36954.107
4353	36948.62961759564	36948.628
4354	36947.46938562635	36947.430
4355	36935.61999332792	36935.748
4356	36931.41915643789	36931.339
4357	36929.72859598196	36929.621
4358	36924.55882522331	36924.530
4359	36914.56106533579	36914.498
4360	36907.6803880489	36907.589
4361	36895.80136039718	36895.745
4362	36893.13185140822	36893.126
4363	36887.62080911006	36887.556
4364	36885.34983739587	36885.305
4365	36879.29165384256	36879.058
4367	36875.75929355284	36875.720
4366	36875.86887685575	36875.697
4368	36868.40036659384	36868.261
4369	36866.25104983502	36866.151
4370	36863.20932460378	36863.169
4371	36859.78110644138	36859.734
4372	36857.01037115027	36856.968
4373	36855.38021359967	36855.445
4374	36833.56002696726	36833.241
4375	36815.27868720024	36815.150
4376	36808.70082571638	36808.682
4377	36773.87977782164	36773.874
4378	36772.0109952274	36771.945
4379	36770.64888095335	36770.622
4380	36768.82041534586	36768.582
4381	36752.64056301387	36752.610
4382	36751.50883772087	36751.470
4383	36748.29057284388	36748.238
4384	36744.50995398493	36744.429
4385	36739.27026002496	36739.201
4386	36724.64052284394	36724.586
4387	36704.48163869703	36704.443
4388	36699.4483973777	36699.408
4389	36680.81001920356	36680.771
4390	36673.38096166994	36673.342
4391	36667.31877979132	36667.314
4392	36659.42149409002	36659.421
4393	36647.54177423523	36647.503
4394	36641.62060040076	36641.605
4395	36638.93857788228	36638.835
4396	36630.12992132255	36630.053
4397	36622.96157680857	36622.976
4398	36615.72049697708	36615.591
4399	36613.5384394653	36613.505
4400	36601.31033347466	36601.258
4401	36599.71872123564	36599.629
4402	36583.48160503311	36583.289
4403	36579.64103415803	36579.603
4404	36575.24003576977	36575.145
4405	36569.0196855684	36568.925
4406	36567.93845306396	36567.968
4407	36560.70037228958	36560.673
4408	36546.88057266218	36546.759
4409	36543.54068417457	36543.574
4410	36537.06166966034	36537.023
4411	36504.25984899081	36504.002
4412	36468.75980271732	36468.534
4413	36463.43966006325	36463.373
4414	36454.79881728705	36454.716
4415	36440.26009564217	36440.178
4416	36437.75004048417	36437.675
4417	36436.62047765281	36436.594
4418	36424.5403578577	36424.533
4419	36417.90885948323	36417.855
4420	36411.22075693982	36411.206
4421	36402.53935212049	36402.570
4422	36323.15898106762	36323.029
4423	36321.61117904488	36321.581
4424	36316.37191789867	36316.835
4425	36302.2109427586	36302.172
4426	36287.31007007749	36287.053
4427	36279.85890295773	36279.821
4428	36277.7104227957	36277.672
4429	36258.89872271562	36258.869
4430	36245.34133996938	36245.284
4431	36230.18850474901	36230.172
4432	36219.30179263129	36219.245
4433	36213.08864893802	36213.115
4434	36205.32098838848	36205.267
4435	36194.92937485596	36194.891
4436	36193.29014221259	36192.977
4437	36190.44901272979	36190.453
4438	36151.07010973044	36151.032
4439	36150.11854311862	36150.111
4440	36145.6088749111	36145.506
4441	36144.47001972962	36144.471
4442	36136.47168919463	36136.406
4443	36131.12003670041	36131.067
4444	36116.56873040715	36116.531
4445	36093.17184807188	36093.133
4446	36087.31084716952	36087.274
4447	36058.67910185329	36058.724
4448	36029.19087620945	36029.243
4449	36028.07841692753	36027.993
4450	36022.6783130107	36022.575
4451	36012.69888458104	36012.642
4452	36008.29997549487	36008.314
4453	36002.97015267071	36002.969
4454	36001.1693746559	36001.127
4455	35995.71048813363	35995.655
4456	35989.06150129269	35988.945
4457	35985.65891889275	35985.650
4458	35980.63078786134	35980.624
4459	35972.56871372538	35972.921
4460	35969.77037380749	35969.109
4461	35925.17945030121	35925.110
4462	35924.09156881189	35924.100
4463	35906.95992670596	35906.983
4464	35870.62970028369	35870.596
4465	35794.49880168497	35794.426
4466	35788.70194050665	35788.702
4467	35765.37920293219	35766.201
4468	35739.99937423627	35739.999
4469	35730.25093911865	35730.247
4470	35677.78100044257	35677.781
4471	35671.78877383369	35671.232
4472	35664.40852949877	35664.460
4473	35646.45033408949	35646.277
4474	35631.71137864961	35631.543
4475	35602.11029411828	35602.137
4476	35598.15831507815	35598.155
4477	35553.24003308309	35553.258
4478	35544.97123677869	35545.785
4479	35529.43839330017	35529.418
4480	35523.0602296141	35523.030
4481	35514.98168781334	35514.997
4482	35488.08067298852	35488.050
4483	35462.07199861693	35462.014
4484	35458.83006295181	35458.695
4485	35436.32007527917	35436.290
4486	35414.80184012539	35415.503
4487	35410.6291033286	35410.595
4488	35394.48027654381	35394.450
4489	35378.14927522239	35377.912
4490	35361.80829125426	35361.937
4491	35355.99020422255	35355.960
4492	35354.42908408786	35354.429
4493	35350.46188491322	35351.039
4494	35338.10884097774	35338.053
4495	35327.76906658654	35327.762
4496	35310.97106237285	35310.947
4497	35266.46901118122	35266.439
4498	35261.8011741024	35261.709
4499	35260.69848138858	35260.668
4500	35250.62830061156	35250.601
4501	35233.56951230932	35234.289
4502	35226.35838985106	35226.329
4503	35220.00083038078	35219.549
4504	35206.61979237102	35206.613
4505	35193.65835688727	35193.369
4506	35188.81095220476	35189.571
4507	35181.59122831917	35181.561
4508	35178.34989103673	35178.402
4509	35176.90060597709	35176.324
4510	35158.7295451125	35158.612
4511	35150.32121495183	35150.904
4512	35102.46084275682	35102.541
4513	35101.43967844392	35101.441
4514	35096.17903617166	35096.134
4515	35094.42926823457	35094.508
4516	35077.69172169605	35077.144
4517	35074.97182560669	35074.973
4518	35066.07997088419	35066.082
4519	35059.13087117954	35058.533
4520	35047.99878769682	35048.014
4521	35037.45927896062	35037.461
4522	35009.92207959735	35009.924
4523	34984.78833168646	34984.738
4524	34982.90024379445	34982.832
4525	34974.29890813045	34974.300
4526	34966.60125736937	34966.476
4527	34954.35133653469	34954.283
4528	34952.12969492633	34952.128
4529	34940.53870109903	34940.173
4530	34931.8804085109	34932.367
4531	34926.9116635194	34926.913
4532	34911.49909717007	34911.103
4533	34908.13133929051	34907.537
4534	34895.99900553765	34896.007
4535	34887.81172689302	34887.786
4536	34883.480270443	34884.046
4537	34861.88980384801	34861.913
4538	34854.53853857772	34854.540
4539	34839.56006918177	34839.562
4540	34832.7116290021	34832.162
4541	34826.01844378842	34826.088
4542	34759.77039334097	34759.781
4543	34757.54894241813	34758.041
4544	34756.3889380661	34756.386
4545	34733.42025737836	34733.337
4546	34715.61949272925	34715.619
4547	34708.24115819159	34708.808
4548	34703.252050795	34703.263
4549	34700.3016227843	34700.312
4550	34686.97849041181	34687.824
4551	34682.34143553778	34682.363
4552	34680.51196327676	34680.530
4553	34671.69951093938	34672.290
4554	34651.87007007292	34651.264
4555	34636.53982485738	34636.445
4556	34629.60206826244	34629.629
4557	34626.97931404172	34626.549
4558	34625.15813467211	34625.104
4559	34614.13931796489	34614.192
4560	34605.4183315038	34606.058
4561	34601.30912408819	34601.320
4562	34596.9605435982	34596.971
4563	34581.85946018714	34582.370
4564	34559.30046100402	34559.311
4565	34554.8315426278	34554.825
4566	34553.84102082052	34553.823
4567	34524.44036559964	34524.357
4568	34521.00900912974	34520.982
4569	34506.18816501914	34506.179
4570	34500.77975274255	34500.719
4571	34489.2210648725	34489.269
4572	34477.61167045982	34477.633
4573	34476.88948541335	34476.911
4574	34474.52120630394	34475.074
4575	34466.79897723378	34466.827
4576	34463.29105408626	34463.305
4577	34458.25838560415	34458.335
4578	34430.57006475966	34430.592
4579	34406.94099411413	34407.146
4580	34406.49100931927	34406.543
4581	34404.23039300962	34403.740
4582	34400.52816761901	34400.569
4583	34398.50067133095	34398.522
4584	34396.56029186804	34396.582
4585	34395.48159394453	34396.121
4586	34376.18105494676	34376.203
4587	34370.74838300185	34370.770
4588	34369.9518547215	34369.974
4589	34366.3504116051	34366.372
4590	34360.81058645465	34361.436
4591	34359.44064680861	34359.539
4592	34357.3614016079	34357.383
4593	34351.40073284221	34351.433
4594	34350.05843410036	34350.550
4595	34346.97839506565	34347.507
4596	34343.66027696255	34343.682
4597	34341.67947693023	34341.701
4598	34339.92049002177	34339.942
4599	34337.95062052785	34337.972
4600	34333.31879559582	34333.945
4601	34308.39913336576	34308.351
4602	34305.36025964274	34306.084
4603	34301.28923211725	34300.791
4604	34284.84143718691	34284.916
4605	34281.36150450162	34281.390
4606	34235.74182922045	34235.763
4607	34218.44949998388	34218.409
4608	34185.60211746496	34185.630
4609	34181.99141732266	34182.710
4610	34161.51930267458	34162.050
4611	34157.72213988418	34157.750
4612	34156.27914797526	34156.307
4613	34154.70113954528	34154.729
4614	34149.60186143812	34149.666
4615	34144.12118607425	34144.153
4616	34141.49968376211	34141.507
4618	34139.96012500873	34140.897
4619	34131.52076559248	34132.364
4620	34123.19097886009	34123.219
4621	34117.47198819012	34118.276
4622	34114.9386072151	34114.967
4623	34113.73903237883	34113.844
4624	34094.49806039094	34094.526
4625	34090.86920465434	34090.943
4626	34075.2021987746	34075.194
4627	34058.86016847954	34058.796
4628	34056.93188284726	34056.478
4629	34046.6807130967	34046.365
4630	34042.64881233314	34041.582
4631	34038.3217031138	34038.350
4632	34035.99203690175	34036.204
4633	34002.92079283926	34002.937
4634	33993.30112077538	33994.094
4635	33975.61830804793	33976.425
4636	33974.58934157167	33974.617
4637	33972.14041818788	33972.181
4638	33971.14923991431	33971.177
4639	33963.03225640808	33963.060
4640	33962.59864108637	33962.741
4641	33952.55029828376	33952.578
4642	33935.68990645639	33935.718
4643	33934.58170978675	33934.609
4644	33933.53820991307	33933.553
4645	33932.39811764036	33931.799
4646	33926.01846960642	33926.046
4647	33914.07024526726	33914.098
4648	33884.668959508	33884.678
4649	33882.80878869638	33882.834
4650	33874.00077396032	33874.733
4651	33870.50067794468	33870.019
4652	33862.59877868718	33862.087
4653	33857.76963662686	33857.850
4654	33847.28031010478	33848.093
4655	33837.97930029812	33838.028
4656	33833.29206948442	33833.317
4657	33829.23026253081	33829.255
4658	33820.17932684819	33820.204
4659	33818.09841170893	33817.990
4660	33816.25202643451	33816.277
4661	33814.85968441806	33814.857
4662	33811.41869966254	33811.487
4663	33783.74182368693	33783.767
4664	33777.14865288749	33777.289
4665	33772.32017439877	33772.960
4666	33766.83164763224	33766.785
4667	33763.11836033122	33762.667
4668	33758.17989115676	33758.186
4669	33740.69060287521	33740.715
4670	33739.35962484467	33739.464
4671	33735.28145733586	33735.968
4672	33730.5705346016	33730.595
4673	33724.77983808576	33724.860
4674	33722.47016166137	33722.254
4675	33718.69189034167	33719.231
4676	33709.65814942582	33709.654
4677	33687.44974366891	33687.474
4678	33673.43844131225	33674.042
4679	33666.87035105083	33667.462
4680	33663.2893722456	33662.684
4681	33660.34075608591	33660.366
4682	33650.98143251349	33651.026
4683	33645.13987193092	33645.158
4684	33631.25105532611	33631.276
4685	33629.48894939949	33629.500
4686	33616.7683115605	33616.733
4687	33604.63016933139	33604.198
4688	33602.55093966705	33602.466
4689	33594.18232040756	33593.884
4690	33588.42961716503	33589.150
4691	33582.64048909667	33582.138
4692	33580.3611249551	33580.944
4693	33559.56233525679	33560.358
4694	33555.35115769587	33555.367
4695	33554.48239929385	33554.499
4696	33549.56209128464	33549.594
4697	33541.21131962623	33541.956
4698	33540.6979544303	33540.461
4699	33533.741196655	33533.328
4700	33530.07836225224	33530.908
4701	33528.64919575421	33528.257
4702	33522.10786061705	33521.601
4703	33520.08091005468	33520.099
4704	33515.42993862813	33515.446
4705	33510.63129618652	33511.486
4706	33506.10861934355	33506.730
4707	33501.99886187989	33502.839
4708	33499.00008186686	33499.016
4709	33492.34792224718	33492.364
4710	33491.88791316673	33491.937
4711	33487.22986422134	33487.246
4712	33481.89061049968	33482.580
4713	33467.94912024527	33468.086
4714	33446.90967394179	33446.724
4715	33445.18828333864	33445.291
4716	33421.41826498714	33421.434
4717	33417.34988171625	33418.069
4718	33415.56117196987	33415.494
4719	33401.32933528512	33401.264
4720	33388.15205613737	33388.937
4721	33381.75798111852	33381.699
4723	33372.10806403728	33372.717
4724	33371.05935648461	33371.075
4725	33370.03169448979	33370.060
4726	33367.51853429498	33367.534
4727	33355.68116982978	33356.228
4728	33350.06157660465	33350.075
4729	33341.91038840249	33341.880
4730	33337.05103394781	33336.586
4731	33318.50974367787	33318.011
4732	33313.87986757774	33313.910
4733	33311.17058345316	33311.192
4734	33309.79227168651	33309.822
4735	33307.20972779546	33307.390
4736	33302.5917493155	33302.622
4737	33300.24101748052	33300.204
4738	33295.57146472467	33295.643
4739	33292.04884622844	33292.067
4740	33288.07954319312	33288.813
4741	33283.02801209371	33283.753
4742	33279.22795361674	33278.768
4743	33275.85915704714	33276.622
4744	33269.31167947791	33268.700
4745	33251.9194882022	33251.350
4746	33241.0084527003	33240.540
4747	33234.55144724719	33235.326
4748	33207.65034545563	33207.710
4749	33206.16079016102	33205.685
4750	33198.77171687163	33199.365
4751	33192.88903041465	33193.577
4752	33185.8487776737	33185.448
4753	33177.53112358134	33178.046
4754	33177.00180946293	33177.018
4755	33171.77232128441	33171.802
4756	33162.18014424414	33163.037
4757	33158.77029657921	33158.844
4758	33156.3610481552	33155.771
4759	33143.99828759109	33144.789
4760	33117.18785076771	33117.934
4761	33108.24861536092	33107.872
4762	33087.69031938058	33087.766
4763	33083.52998418777	33084.185
4764	33081.99878360786	33082.666
4765	33072.0289483438	33072.059
4766	33056.14998652372	33055.471
4767	33052.33813316334	33052.318
4768	33045.36806616421	33045.832
4769	33044.22992624505	33043.857
4770	33040.75864405885	33041.593
4771	33039.44850478097	33039.353
4772	33034.87108972526	33034.926
4773	33030.19008854481	33030.158
4774	33025.64011051491	33025.608
4775	33025.25927342947	33025.255
4776	33021.14820828749	33021.745
4777	33015.73874257784	33015.859
4778	33000.49038356786	33000.029
4779	32993.73932898156	32993.707
4780	32985.88987629984	32985.858
4781	32981.25185441908	32981.348
4782	32974.65045837736	32974.618
4783	32973.21790730233	32973.225
4784	32959.98807961064	32959.387
4785	32957.70185389611	32957.089
4786	32948.63202699854	32949.383
4788	32947.14854234652	32947.604
4787	32947.51816207381	32947.128
4789	32926.18128267708	32926.149
4790	32918.59170561496	32918.564
4791	32910.97798673264	32910.957
4792	32888.62970876892	32888.531
4793	32884.98168654357	32884.954
4794	32875.02197782504	32874.979
4795	32865.91169299723	32865.228
4796	32859.76867303757	32860.510
4797	32852.64020542251	32852.609
4798	32846.2917665347	32846.328
4799	32844.43898027147	32844.407
4800	32840.13140498292	32840.100
4801	32835.71036296897	32835.679
4802	32832.60237329886	32832.571
4803	32822.41946136412	32821.767
4804	32809.80778470567	32809.219
4805	32806.63993930476	32806.648
4806	32801.29014531865	32801.259
4807	32801.12948355202	32801.098
4808	32798.10235857089	32798.768
4809	32777.15920739392	32776.766
4810	32774.09811420761	32773.567
4811	32766.40230618228	32766.533
4812	32742.90153237493	32742.555
4813	32742.21860223292	32742.229
4814	32740.05048827503	32740.061
4815	32735.52864062296	32735.539
4816	32723.53865040696	32723.547
4817	32720.5082187052	32721.071
4818	32712.14213818634	32712.049
4819	32697.16837551107	32697.146
4820	32695.14791398392	32695.158
4821	32688.45161295811	32688.462
4822	32687.40816213834	32687.436
4823	32681.97897066675	32681.337
4824	32658.92895208032	32658.858
4825	32656.61131418483	32657.340
4826	32636.3486042229	32636.358
4827	32631.45886439606	32631.469
4828	32629.25141136962	32629.262
4829	32598.76023588068	32598.221
4830	32592.70133367621	32592.718
4831	32580.98864694059	32580.987
4832	32573.92895127736	32573.956
4833	32572.76016575352	32572.770
4834	32571.13845730511	32570.629
4835	32568.05985462402	32568.009
4836	32565.07939322706	32564.651
4837	32561.71834333034	32561.460
4838	32556.69015941904	32556.503
4839	32546.24004036334	32546.170
4840	32530.3884669815	32530.024
4841	32509.04019427514	32509.055
4842	32500.71121742377	32500.092
4843	32497.86005289993	32497.819
4844	32471.96898796006	32472.518
4845	32468.23221493548	32467.840
4846	32455.96787275179	32455.389
4847	32436.26171482424	32436.277
4848	32435.44132023526	32435.456
4849	32426.79237542288	32426.293
4851	32422.77894333521	32422.875
4852	32414.85066599095	32415.395
4853	32405.6385134746	32405.615
4854	32382.67031205355	32382.685
4855	32374.29100474785	32374.330
4856	32370.83138093871	32371.011
4857	32362.91045105503	32362.926
4858	32346.67023908245	32346.667
4859	32338.13131145633	32338.177
4860	32334.70103820678	32334.653
4861	32332.58990691441	32332.658
4862	32326.27773480881	32326.279
4863	32324.71900200962	32324.734
4864	32305.65247806523	32305.472
4865	32294.91848678423	32294.486
4866	32275.23133522888	32275.878
4867	32264.58882244054	32265.297
4868	32243.57908438835	32243.395
4869	32237.58967720913	32237.033
4870	32206.9919450165	32206.924
4871	32197.44049547818	32197.426
4872	32161.25058862385	32161.218
4873	32156.55231580586	32156.296
4874	32108.31239109345	32108.389
4875	32105.40864507528	32106.134
4876	32069.60953247517	32069.102
4877	32052.95119382149	32052.999
4878	32027.32137226058	32027.927
4879	32024.70839788087	32024.756
4880	32014.84057184892	32015.621
4881	32010.88212601456	32010.854
4882	31945.14794913054	31945.762
4883	31903.78883703478	31903.726
4884	31877.70230473605	31877.676
4885	31855.90838209517	31855.889
4886	31852.03991497066	31852.016
4887	31828.40108974247	31828.551
4888	31802.08913679315	31802.803
4889	31799.63009306333	31799.595
4890	31766.66004981365	31766.214
4891	31758.23200965993	31758.988
4892	31734.79793786231	31734.424
4893	31699.02242709437	31698.889
4894	31691.30887147569	31691.315
4895	31664.75926658509	31664.719
4896	31636.66094469635	31636.669
4897	31635.2501798898	31635.703
4898	31623.10119131397	31622.839
6669	31604.539109788	31604.527
4899	31597.6779486994	31597.169
4900	31564.07830969248	31563.539
4901	31558.07929040345	31558.068
4902	31535.17175803043	31535.175
4903	31527.06931023372	31527.058
4904	31526.00244564416	31525.992
4905	31520.46923353461	31520.458
4906	31513.8605806583	31513.850
4907	31512.91872985571	31512.908
4908	31507.27821728021	31508.015
4909	31478.92162790565	31478.625
4910	31468.75852555854	31468.395
4911	31455.37039067726	31456.071
4912	31445.53814417457	31445.592
4913	31418.55890801203	31418.535
4914	31398.87104041308	31398.841
4915	31391.65262713295	31391.642
4916	31391.37958938111	31391.369
4917	31319.53057698276	31320.216
4918	31288.71193219543	31288.699
4919	31280.9699919752	31281.592
4920	31248.01061629834	31247.499
4921	31246.28131400148	31245.696
4922	31243.94934602741	31244.570
4923	31240.25910326432	31240.249
4924	31237.80906670606	31238.644
4925	31177.37069374709	31177.380
4926	31157.55962572026	31158.146
4927	31156.62850897553	31156.612
4928	31149.57967847662	31149.569
4929	31147.58009673209	31147.570
4930	31056.78087573344	31057.519
4931	31019.50961306162	31019.516
4932	31015.82181484997	31015.874
4933	30982.55823626389	30983.453
4934	30959.67190736968	30959.105
4935	30879.97874155331	30879.582
4936	30803.77267417527	30803.773
4937	30793.80164925008	30793.725
4938	30775.6403241689	30775.590
4939	30704.43007168728	30703.888
4940	30689.9609997576	30690.711
4941	30684.58178381043	30683.878
4942	30661.96947424329	30661.950
4943	30652.88866440102	30652.866
4944	30644.19811301751	30645.049
4945	30631.47220502287	30632.199
4946	30627.3280998374	30627.278
4947	30624.56902020252	30624.429
4948	30623.54769176726	30624.275
4949	30611.10156104082	30610.526
4950	30566.45034702371	30565.987
4951	30553.02846872138	30553.151
4952	30525.21900411757	30524.810
4953	30514.95999209196	30514.937
4954	30511.61819408141	30511.595
4955	30470.51174160855	30470.924
4956	30454.96766509064	30454.735
4957	30411.84025905879	30411.170
4958	30408.78887218297	30408.688
4959	30380.6115859637	30380.567
4960	30362.54843908361	30361.946
4961	30353.31973453909	30354.114
4962	30350.55275066974	30349.841
4963	30341.46199490542	30340.680
4964	30330.19827172563	30330.768
4965	30297.27143343365	30297.249
4966	30271.43964780926	30271.468
4967	30265.20880479766	30265.179
4968	30260.05020948432	30259.998
4969	30251.59943193845	30251.549
4970	30238.09206933824	30237.421
4971	30200.56982695671	30200.523
4972	30164.93080815159	30164.962
4973	30163.29179849779	30163.262
4974	30147.85865477754	30147.829
4975	30134.00936799842	30133.625
4976	30126.30918766864	30126.263
4977	30108.77025547591	30109.247
4978	30108.26147266006	30107.877
4979	30091.85033144276	30092.472
4981	30088.58065974822	30089.197
4982	30074.38935255032	30074.367
4983	30067.57888881369	30067.619
4984	30044.04928806501	30044.859
4985	30040.73753289755	30040.722
4986	30031.80093208327	30032.185
4987	30004.96945398204	30005.711
4988	29992.0511071546	29992.589
4989	29960.47832646085	29960.478
4990	29953.23166567798	29953.327
4991	29951.1977794088	29951.044
4992	29936.26185642789	29936.844
4993	29926.29922651892	29926.944
4994	29918.66902117281	29919.313
4995	29916.44884596406	29916.928
4996	29914.0117295492	29913.906
4997	29911.79193823831	29911.281
4998	29901.649040781	29901.627
4999	29890.75015810439	29890.728
5000	29883.33252569954	29884.162
5001	29882.83241074527	29882.406
5002	29880.78004951733	29880.868
5003	29874.03932694132	29874.017
5004	29850.7400125686	29850.721
5005	29839.80880162463	29839.790
5006	29837.28863311049	29837.231
5007	29832.63995045744	29832.623
5008	29811.08755577975	29811.069
5009	29807.77016385438	29808.403
5010	29798.45961648488	29799.273
5011	29793.03198762677	29793.130
5012	29774.95007131333	29774.185
5013	29770.3397857261	29769.670
5014	29765.90875709611	29765.309
5015	29758.54279418527	29758.034
5016	29753.59235706151	29754.366
5017	29751.96278611417	29751.944
5018	29749.80265635537	29749.821
5019	29745.39815699394	29745.355
5021	29725.81741336428	29725.799
5022	29724.60256463975	29725.136
5023	29724.40073014169	29724.382
5024	29716.13087424561	29715.603
5025	29713.35906470405	29712.861
5026	29710.22203919751	29710.204
5027	29708.00868396019	29707.953
5028	29702.0500078707	29702.904
5029	29688.41213892296	29689.332
5030	29686.36919418543	29686.952
5031	29679.70768204242	29679.638
5032	29660.46780913962	29660.552
5033	29648.14162692535	29647.376
5034	29640.58190481098	29640.564
5035	29637.21887018639	29637.122
5036	29609.44745140548	29609.432
5037	29602.34223667826	29603.222
5038	29595.0610434126	29595.034
5039	29584.9108080546	29585.772
5040	29575.44093549632	29576.122
5041	29569.32838744689	29569.313
5042	29566.29153734938	29566.963
5043	29564.88284142405	29564.501
5044	29561.19767798972	29561.921
5045	29544.60789841415	29544.593
5046	29533.60029581323	29533.578
5047	29519.95164070604	29519.890
5048	29514.53126078416	29515.273
5049	29508.60906848113	29508.594
5050	29480.69212946007	29481.461
5051	29453.43958624094	29453.290
5052	29447.28907331855	29447.274
5053	29437.36022906381	29437.403
5054	29432.54108217329	29433.375
5055	29425.34175653342	29424.606
5056	29422.47808808731	29423.224
5057	29415.55060445593	29415.474
5058	29410.18769041856	29410.648
5059	29405.16007065728	29405.229
5060	29377.67221311089	29377.068
5061	29294.70828407613	29294.376
5063	29289.53102825968	29289.552
5064	29283.43114774651	29283.438
5065	29280.24089399736	29280.349
5066	29272.878289749	29273.510
5067	29268.06046589077	29268.128
5068	29262.27901370872	29262.379
5069	29251.84990600317	29251.950
5070	29239.60837203381	29239.655
5071	29230.77763521812	29231.675
5072	29212.40219300614	29211.654
5073	29179.19262504681	29179.278
5074	29177.91833061555	29177.912
5075	29171.52187845195	29171.103
5076	29164.25758657803	29164.280
5077	29151.12758490881	29151.286
5078	29144.23227837584	29143.652
5079	29092.23862520488	29091.646
5080	29056.1776463368	29055.591
5081	29016.83258794754	29016.580
5082	28982.31115279684	28982.345
5083	28952.6409782112	28952.114
5084	28943.22019151508	28943.678
5085	28873.16225925796	28872.971
5086	28870.92954139602	28870.585
5087	28774.44802767158	28773.792
5088	28767.9073478415	28768.340
5089	28744.1821785841	28744.204
5090	28718.48871500768	28719.178
5091	28701.01851303006	28701.112
5093	28658.99075274614	28659.575
5092	28659.38737890815	28659.367
5094	28654.97265789895	28654.989
5095	28612.00114136663	28611.981
5096	28611.43814824828	28611.418
5097	28599.49715010944	28599.466
5098	28596.22182855031	28595.520
5099	28568.86249115762	28568.879
5100	28508.8216150332	28508.526
5101	28504.36900500337	28504.330
5102	28488.84756434394	28488.232
5103	28477.56764075092	28478.265
5104	28470.82805484979	28470.774
5105	28461.5525879236	28461.653
5106	28434.46025616245	28433.956
5107	28420.9920711542	28421.048
5108	28384.56046516824	28384.029
5109	28379.72772481769	28379.085
5110	28369.62843383701	28369.609
5111	28339.12302577161	28339.144
5112	28338.39242078645	28338.343
5113	28322.69922743209	28322.016
5114	28304.78296091396	28304.839
5115	28302.36300927319	28303.073
5116	28277.88275817669	28277.860
5117	28243.97989138177	28243.957
5118	28216.71818670864	28216.513
5119	28208.17268143123	28208.150
5120	28207.71169104826	28207.731
5121	28192.23210743996	28191.701
5122	28177.15140175869	28177.112
5125	28084.999372429	28085.688
5126	28058.07221845769	28058.569
5127	28047.16226433096	28046.594
5128	28035.83855336313	28036.622
5129	28019.71240875707	28019.491
5130	28015.62188331345	28015.542
5131	28002.10166516653	28002.079
5132	27990.49973155975	27990.477
5133	27967.5321005303	27967.161
5134	27950.08090735816	27950.176
5135	27945.7827176135	27946.246
5136	27941.23056395247	27941.947
5137	27888.64975824805	27888.583
5138	27848.05106330368	27847.566
5139	27836.78321054792	27836.749
5140	27835.45987801644	27835.509
5141	27807.74982194768	27807.674
5142	27766.27768152787	27766.254
5143	27760.66210540257	27760.724
5144	27744.27810800298	27744.213
5145	27715.4411347555	27715.049
5146	27683.04015649374	27683.064
5147	27665.80229882263	27665.788
5148	27664.05886609304	27664.036
5149	27663.42179900786	27663.398
5150	27659.72758048411	27660.343
5151	27637.39916027125	27637.376
5152	27604.98915594647	27604.966
5153	27594.48093994683	27594.458
5154	27544.80300363208	27544.757
5155	27509.0171142727	27509.002
5156	27508.80223705115	27508.826
5157	27501.43190707946	27501.420
5158	27446.76126305203	27446.816
5159	27443.33248497776	27443.321
5160	27440.78864239821	27441.302
5161	27431.01314691866	27430.525
5162	27423.73074321745	27423.719
5163	27399.03275822014	27399.112
5164	27389.11063751032	27389.084
5165	27380.31976443623	27380.262
5166	27368.62780157895	27368.616
5167	27362.61937158575	27362.719
5168	27357.52833571635	27357.561
5169	27351.47988959783	27350.984
5171	27350.51292258818	27350.279
5172	27333.09939188217	27333.088
5173	27327.00998962293	27326.998
5174	27322.35821811005	27322.349
5175	27312.15230616734	27312.146
5176	27298.58866608438	27298.569
5177	27267.65926515636	27268.403
5178	27265.56111828184	27265.630
5179	27260.16273543152	27260.035
5180	27257.91142202328	27257.931
5181	27241.83111169583	27241.825
5182	27237.38743151422	27237.471
5183	27220.83203033084	27220.937
5184	27208.70720567267	27208.147
5185	27203.44109838538	27203.439
5186	27197.73729329128	27197.680
5187	27187.26177538798	27187.255
5188	27179.81977089047	27179.075
5189	27174.78068068921	27174.809
5190	27163.47797713254	27162.990
5191	27160.49708588191	27160.491
5192	27157.80991532546	27157.811
5193	27150.98838832027	27151.355
5194	27146.3371000438	27146.358
5195	27138.56077556812	27138.618
5196	27129.92165307062	27129.915
5197	27118.54695826157	27118.541
5198	27116.36047955979	27116.218
5199	27109.58080592008	27109.575
5200	27105.06065570185	27105.054
5201	27097.18704081302	27097.181
5202	27094.03326866881	27094.189
5203	27085.38043794051	27085.299
5204	27076.39293376495	27076.387
5205	27075.08125561419	27075.014
5206	27073.2327754384	27073.227
5207	27059.91966689543	27059.904
5208	27059.46699954299	27059.499
5209	27057.01959710857	27057.138
5210	27009.8701003129	27010.000
5211	26982.64986610709	26982.789
5212	26979.03879030931	26979.002
5213	26976.06047365948	26976.054
5214	26953.47899504949	26952.691
5215	26937.83321021198	26937.817
5216	26898.12330158161	26898.006
5217	26890.13036807991	26890.093
5218	26822.5013674636	26822.465
5219	26784.12097113267	26784.084
5220	26756.77259908601	26756.726
5221	26740.27851849163	26740.242
5222	26730.24793382232	26730.187
5223	26705.05756749754	26705.021
5224	26693.50340850986	26693.525
5225	26645.84315068048	26645.840
5226	26633.02330321475	26632.958
5227	26597.80150965416	26597.868
5228	26581.20308955451	26581.200
5229	26579.97330501064	26579.804
5230	26569.0192606915	26568.706
5231	26564.31004473593	26564.264
5232	26529.6987971021	26529.714
5233	26525.96029932674	26525.923
5234	26507.73016818286	26507.511
5235	26491.17308742545	26491.131
5236	26487.08186809129	26487.040
5237	26451.1026860638	26451.061
5238	26422.38709884328	26422.474
5239	26415.33302364369	26415.282
5240	26409.08953689273	26409.553
5241	26332.54701743836	26332.525
5242	26314.72704654229	26315.415
5243	26311.53197701996	26311.491
5244	26290.67879778792	26290.638
5245	26285.90112335881	26285.445
5246	26261.63063477127	26260.982
5247	26252.94113335583	26252.533
5248	26247.40006644482	26247.301
5249	26221.57021814353	26221.006
5250	26211.10792973763	26211.149
5251	26189.40958312401	26189.403
5252	26172.56248456318	26172.556
5253	26163.57806732943	26163.668
5254	26157.98290824086	26158.015
5255	26152.88751393262	26152.922
5256	26130.81255749015	26130.031
5257	26036.58794330647	26036.558
5258	26009.93127508584	26009.922
5259	26008.11115481535	26008.073
5260	26000.06960408343	25999.957
5261	25916.53980602547	25916.635
5262	25911.14720991319	25911.138
5263	25895.21197837294	25895.070
5264	25887.32821198707	25886.626
5265	25876.02269971361	25876.607
5266	25860.10036786457	25860.091
5267	25853.82833838613	25853.819
5268	25843.21323246601	25843.203
5269	25823.40927517031	25823.400
5270	25795.56288139063	25795.575
5272	25787.28788218348	25788.048
5273	25780.37080749333	25780.361
5274	25774.27749177269	25774.268
5275	25766.22675645345	25766.217
5276	25763.82111906659	25763.811
5277	25757.32989138097	25757.320
5278	25755.46362887804	25755.454
5279	25743.76729635348	25743.758
5280	25739.14751673799	25739.138
5281	25732.98348425262	25732.979
5282	25714.27260200106	25714.263
5283	25691.7674282756	25691.206
5284	25657.6628479237	25657.651
5285	25640.33847971532	25640.301
5286	25598.7080571408	25598.784
5287	25574.76709392362	25574.774
5288	25555.97020972882	25555.418
5289	25548.66911644735	25548.676
5290	25495.78907105626	25495.801
5291	25460.27895092963	25460.285
5292	25448.02230072218	25448.076
5293	25429.65948642104	25429.735
5294	25420.61979964938	25420.626
5295	25414.50750638215	25414.514
5296	25409.83736771005	25409.848
5297	25340.66222787011	25341.198
5298	25318.86917193633	25318.881
5299	25239.80351338035	25239.810
5300	25216.33933680263	25216.346
5301	25193.21368586461	25193.220
5302	25155.62280169078	25155.631
5303	25132.13810178451	25132.198
5304	25124.1025409048	25124.095
5305	25117.55106038257	25117.557
5306	25115.2799185372	25115.331
5307	25103.83251053248	25103.839
5308	25095.49015943112	25095.496
5309	25094.96812193735	25094.974
5310	25082.63234452147	25082.639
5311	25044.19110092894	25044.197
5312	25042.94956420283	25042.956
5313	25006.2801824137	25006.287
5314	24991.6900927177	24991.626
5315	24986.91853785613	24986.894
5316	24982.72871464125	24982.720
5317	24981.97933540565	24981.970
5318	24933.30763167943	24933.299
5319	24925.04661212456	24925.038
5320	24913.50336488183	24913.400
5321	24906.59752646077	24906.730
5322	24894.94929280199	24894.997
5323	24878.72280896546	24878.720
5324	24866.92217507475	24866.218
5325	24815.61078408111	24815.602
5326	24809.3225849165	24809.304
5327	24803.93831659878	24803.929
5328	24792.52085857561	24792.153
5329	24784.2721139887	24784.263
5330	24780.1694632789	24780.161
5331	24760.11928513372	24760.110
5332	24719.22958921008	24718.645
5333	24686.43950374442	24686.494
5335	24670.64221212951	24671.491
5334	24671.37263624886	24671.330
5336	24669.18860368909	24669.180
5337	24593.41689316924	24593.408
5338	24586.52765705197	24586.519
5339	24576.36761324894	24576.359
5340	24540.05022233912	24540.041
5341	24539.69360193093	24539.729
5342	24498.06343137784	24498.657
5343	24496.71296981725	24496.748
5344	24496.46142550962	24496.497
5345	24489.39943012195	24489.520
5346	24487.15694847206	24487.136
5347	24482.25753338319	24482.293
5348	24477.10125617156	24477.136
5349	24458.29192853436	24458.288
5350	24417.83880798303	24417.843
5351	24414.06985258646	24414.105
5352	24407.8407893353	24407.876
5353	24368.42043672015	24368.455
5354	24365.41663306093	24365.510
5355	24364.92190568146	24364.543
5356	24350.62020657185	24350.507
5357	24337.22252601395	24337.257
5358	24329.76056371188	24329.795
5359	24307.11048375247	24307.144
5360	24301.45020985673	24301.485
5361	24267.45370353888	24267.488
5362	24259.97716741201	24260.105
5363	24229.83074932978	24229.865
5364	24195.25072382745	24195.265
5365	24187.58187729468	24187.511
5366	24171.99100267676	24172.065
5367	24170.17289136912	24170.200
5368	24165.24221241688	24165.145
5369	24133.42120517244	24133.472
5370	24121.69318282844	24121.726
5371	24111.57116574059	24111.662
5374	24110.23996416199	24110.916
5375	24107.7175311914	24107.830
5376	24106.78745702313	24106.870
5377	24102.07930633913	24102.120
5378	24100.17249546778	24100.205
5379	24098.95937968912	24098.992
5380	24092.41304325958	24092.520
5382	24087.28887187763	24087.993
5383	24083.81201965739	24083.812
5384	24075.14842628947	24075.176
5385	24071.93732717794	24072.007
5386	24070.86999547826	24070.926
5387	24062.3233980977	24062.389
5388	24058.45049907883	24058.483
5389	24053.83108325969	24053.863
5390	24039.48113122768	24039.825
5391	24031.98058819071	24032.096
5392	24026.27343978893	24026.305
5393	24025.31708925962	24025.387
5394	24002.27181894762	24002.332
5395	23997.46802920368	23997.504
5396	23994.29290809487	23994.325
5397	23990.81705495208	23990.855
5398	23961.72035423494	23961.755
5399	23953.54377664738	23953.625
5400	23948.27137759847	23948.313
5401	23947.12342019905	23947.165
5402	23946.64204551188	23946.650
5403	23938.71871936174	23938.760
5404	23934.74743635628	23934.789
5405	23933.2909080864	23933.332
5406	23929.04727400274	23929.120
5407	23927.69358989508	23927.768
5408	23922.92395717211	23922.965
5409	23918.02700925597	23918.071
5410	23914.91944833135	23914.952
5411	23911.86360628181	23911.911
5412	23905.55179044678	23905.593
5413	23898.4093919231	23898.477
5414	23897.67170399254	23897.754
5415	23895.22139868874	23895.263
5416	23892.83359257902	23892.910
5417	23891.69209948328	23891.733
5418	23888.77662143485	23888.818
5419	23875.83717739595	23875.883
5420	23865.59982335289	23865.641
5421	23864.20305220769	23864.211
5422	23858.95903517273	23858.976
5423	23856.82951595373	23856.946
5424	23856.11156002388	23856.153
5425	23819.77339451783	23819.819
5426	23816.44941226746	23816.490
5427	23812.48971556047	23812.536
5428	23806.55203840785	23806.593
5429	23794.78301842391	23794.824
5431	23792.4971161829	23793.231
5432	23789.9090875999	23789.974
5433	23788.3075890276	23788.378
5434	23787.08321894325	23787.124
5435	23785.30789798264	23785.393
5436	23781.38716536082	23781.428
5437	23780.04668033135	23780.088
5438	23777.56206255138	23777.563
5439	23774.90384265563	23774.945
5440	23773.16286726864	23773.238
5441	23767.78245172961	23767.821
5442	23754.56869573973	23754.596
5443	23750.53920387363	23750.578
5444	23749.13979299853	23749.130
5445	23746.98363711709	23747.022
5446	23746.58327223785	23746.622
5447	23738.45267256932	23738.491
5448	23733.19675051533	23733.235
5449	23732.03631548326	23732.075
5450	23720.9307116358	23720.969
5451	23697.67387523633	23697.713
5452	23696.07325628175	23696.112
5453	23694.87183256052	23694.977
5454	23693.10934263452	23693.159
5455	23665.59924534123	23665.655
5456	23661.17984433577	23661.168
5457	23651.80269472016	23651.911
5458	23643.87794713635	23643.958
5459	23637.75021587958	23637.767
5460	23636.86791982057	23636.809
5461	23635.54882789874	23635.672
5462	23627.47753289507	23627.516
5463	23625.8865073791	23625.926
5464	23623.83735339237	23624.468
5465	23619.62200323652	23619.660
5466	23607.0835871902	23607.122
5467	23593.97649100459	23594.015
5468	23580.75869485766	23580.795
5469	23574.65875853521	23574.697
5470	23570.96164233172	23571.000
5471	23569.92887343902	23569.955
5472	23565.76122753908	23565.823
5473	23557.73808461452	23558.117
5474	23553.22640025855	23553.265
5475	23550.43342160976	23550.472
5476	23547.72150528497	23547.737
5477	23546.54049140547	23546.601
5478	23544.61064559303	23544.649
5479	23540.08114503976	23540.119
5480	23539.18934074369	23539.306
5481	23533.74829320127	23533.269
5482	23532.83285666446	23532.871
5483	23531.33202961219	23531.370
5484	23529.31092120826	23528.457
5485	23526.72645141105	23526.726
5486	23525.80719617119	23525.767
5487	23523.03235984043	23523.032
5488	23521.90967476647	23521.800
5489	23521.13367833676	23521.143
5490	23520.06755953856	23520.067
5491	23510.32735751537	23510.327
5492	23484.55145347031	23484.539
5493	23480.65171982138	23480.661
5494	23475.45876884165	23475.442
5495	23471.30867796125	23471.308
5496	23470.81835448906	23470.818
5497	23464.64191846025	23464.642
5498	23462.93643097908	23462.912
5499	23453.9970330039	23453.976
5500	23438.08242097966	23438.144
5501	23433.89754202051	23433.897
5502	23431.87660479846	23431.876
5503	23428.29412059582	23428.279
5504	23426.15333824946	23426.153
5505	23424.22828011921	23424.228
5506	23419.09788195622	23419.130
5507	23413.70674401446	23413.750
5508	23412.27359069416	23412.319
5509	23401.88301512319	23401.883
5510	23396.86786104551	23396.890
5511	23391.49111005017	23391.533
5512	23391.01638046268	23391.059
5513	23388.55213957459	23388.552
5514	23386.17870026697	23386.197
5515	23385.39695652483	23385.402
5516	23384.83853617821	23384.770
5517	23380.15750833445	23380.183
5518	23379.54989100347	23379.570
5519	23375.25247661138	23375.271
5520	23369.66911407248	23369.669
5521	23365.03139448242	23365.031
5522	23363.49154021652	23363.491
5523	23361.96905175943	23361.994
5524	23359.44108598501	23359.441
5525	23351.58341645451	23351.216
5526	23350.13281555753	23350.174
5527	23346.76288293407	23346.794
5528	23345.33413574017	23345.334
5529	23342.28875520125	23342.288
5530	23333.8215957173	23333.827
5531	23332.26353807712	23332.267
5532	23323.46210955374	23323.470
5533	23322.70723947671	23322.720
5534	23319.13824603701	23319.157
5535	23315.75386151939	23315.754
5536	23314.39665348518	23314.396
5537	23312.6717367245	23312.671
5538	23311.93227352573	23311.932
5539	23310.16723223399	23310.167
5540	23304.98841416159	23305.006
5541	23302.80973434088	23302.809
5542	23300.28972879593	23300.292
5543	23293.23815606069	23293.238
5544	23292.06644796361	23292.111
5545	23281.41829770401	23281.418
5546	23280.53316769478	23280.534
5547	23273.77671648781	23273.776
5548	23265.84717029043	23265.847
5549	23263.22695039794	23263.227
5550	23262.77104935097	23262.644
5551	23259.57210425175	23259.572
5552	23258.60962358667	23258.609
5553	23257.78127780675	23257.781
5554	23249.95390897738	23249.994
5555	23248.35362331868	23248.388
5556	23245.0621075153	23245.103
5557	23239.90824642383	23239.949
5558	23238.81729869252	23238.858
5559	23238.02834926279	23238.069
5560	23232.97246404339	23232.940
5561	23227.99709644952	23228.037
5562	23227.40202597859	23227.442
5563	23225.18375585879	23225.215
5564	23223.37162592054	23223.412
5565	23221.8336564491	23221.874
5566	23219.52073162562	23219.561
5567	23214.1188658031	23214.159
5568	23211.60759413572	23211.762
5569	23202.08850907643	23202.183
5570	23185.70872991032	23185.820
5571	23183.76153999291	23183.802
5572	23171.9190006534	23172.018
5573	23166.52820912475	23166.568
5574	23161.24728082714	23161.286
5575	23159.55078819953	23159.591
5576	23154.43941147668	23154.480
5577	23145.56157750898	23145.602
5578	23142.64792551632	23142.688
5579	23138.29211481611	23138.432
5580	23137.55928518176	23137.599
5581	23134.68939626895	23134.681
5582	23133.91870835383	23133.440
5585	23129.2995784079	23129.340
5586	23124.27682036998	23124.405
5587	23122.33348777566	23122.399
5588	23117.6505715591	23117.691
5589	23116.29872523155	23116.371
5590	23115.67871909988	23115.746
5591	23112.32819489395	23112.433
5592	23111.24238072281	23111.282
5593	23110.09345159773	23110.151
5594	23102.3085813612	23102.349
5595	23098.53981381823	23098.611
5596	23095.98925121866	23096.029
5597	23092.53159889544	23092.572
5598	23085.16213686267	23085.231
5600	23082.91903326653	23083.823
5599	23083.64281043623	23083.603
5601	23081.77865865201	23081.819
5602	23079.98195895636	23080.022
5603	23076.45032783126	23076.490
5604	23063.17904653662	23063.264
5605	23034.84367620121	23034.883
5606	23033.74697627705	23033.787
5607	23026.67324473469	23026.713
5608	23023.54642168845	23023.586
5609	23010.28123022566	23010.420
5610	23007.58067864766	23007.684
5611	23001.36083230144	23001.407
5612	22999.26025454911	22999.356
5613	22994.53717648577	22995.123
5614	22992.29322021074	22992.339
5615	22989.24268661323	22989.291
5616	22986.1573176858	22986.267
5617	22981.70168543209	22981.748
5618	22976.01927945951	22976.066
5619	22970.68146283596	22970.782
5620	22965.73176495286	22965.821
5621	22960.1995666008	22960.274
5622	22959.46726861597	22959.520
5623	22957.8420457318	22957.900
5624	22952.61310598618	22952.711
5625	22950.28394210536	22950.330
5626	22947.87809386628	22947.924
5627	22945.83941112589	22945.886
5628	22944.52211219615	22944.568
5629	22941.29403784337	22941.366
5630	22940.15222031397	22940.198
5631	22937.85214999689	22937.904
5632	22931.42263362123	22931.464
5633	22916.73737611057	22916.783
5634	22910.18831032157	22910.234
5635	22907.65180563976	22907.704
5636	22906.2507129236	22906.399
5637	22905.61049325863	22905.692
5638	22890.94096450366	22891.066
5639	22889.22799339435	22889.274
5640	22878.93971269477	22878.461
5641	22876.00838364926	22876.054
5642	22874.44856149148	22874.494
5643	22873.7268037939	22873.773
5644	22866.26643583937	22866.303
5645	22858.13657798429	22858.250
5646	22855.41864892533	22855.427
5647	22853.13404535301	22853.169
5648	22836.38276255507	22836.418
5649	22835.11062030587	22835.146
5650	22829.901098634	22829.960
5651	22825.5739959734	22825.648
5652	22822.18854274494	22822.224
5653	22820.97961902488	22821.015
5654	22819.84309550157	22819.879
5655	22816.98988719112	22817.036
5656	22816.37636993572	22816.466
5657	22814.63708879133	22814.674
5659	22800.42712520166	22800.456
5658	22800.97185536926	22800.353
5660	22791.90747372959	22791.979
5661	22790.81037149623	22790.804
5662	22790.49900886295	22790.573
5663	22789.02262456109	22789.058
5664	22786.38991482597	22786.425
5665	22780.29958264816	22780.335
5666	22779.32908167833	22779.364
5667	22778.87164887334	22778.907
5668	22777.29967705011	22777.335
5669	22775.83084991515	22775.863
5670	22775.18818134658	22775.239
5671	22773.89672135922	22773.481
5672	22764.69706451991	22764.794
5673	22727.63095590073	22727.696
5674	22717.993178554	22718.023
5675	22715.83710510806	22715.978
5676	22715.36735583933	22715.446
5677	22709.97968119435	22710.006
5678	22709.39119217615	22709.491
5679	22708.12204061978	22708.232
5680	22706.01251124471	22706.063
5681	22705.24380259447	22705.274
5682	22703.20851774012	22703.289
5683	22700.69807873375	22700.798
5684	22699.37230701196	22699.403
5685	22698.66750910802	22698.698
5686	22696.6167437284	22696.567
5687	22695.5801813047	22695.610
5688	22689.61026973233	22689.641
5689	22688.4104439743	22688.477
5690	22686.39801014938	22686.477
5691	22686.16669683706	22686.197
5693	22685.23322198707	22685.990
5694	22684.71330813607	22684.744
5695	22682.20819535955	22682.238
5696	22680.1864012364	22680.217
5697	22677.48356368243	22677.551
5698	22665.34678260041	22665.362
5699	22660.78303376416	22660.829
5700	22653.25090650185	22653.281
5701	22645.40638160316	22645.436
5702	22639.37376075469	22639.404
5703	22638.55356092441	22638.584
5704	22637.18669985722	22637.217
5705	22634.61236603783	22634.643
5706	22633.53752174951	22633.568
5707	22631.7224379157	22631.752
5708	22630.66206319157	22630.226
5709	22626.86780753827	22626.898
5710	22624.14861728865	22624.179
5711	22612.42986148788	22612.425
5712	22601.76672392206	22601.797
5713	22597.25385785898	22597.298
5714	22595.91740234913	22595.962
5715	22587.42746737823	22587.472
5716	22584.32353070787	22584.368
5717	22583.41710763338	22583.462
5718	22577.09795634094	22577.279
5719	22568.3106863976	22568.355
5720	22566.06956352763	22566.114
5721	22561.95972176766	22561.996
5722	22560.42162183567	22560.498
5723	22559.39903418761	22559.443
5724	22557.62792857843	22557.674
5725	22554.24862284866	22554.293
5726	22551.33242882213	22551.470
5727	22549.05953310222	22549.115
5728	22548.30739252913	22548.352
5730	22545.65186446061	22546.165
5731	22542.5672466811	22542.611
5732	22540.73136452615	22540.776
5733	22535.53914149174	22535.583
5734	22533.99986667557	22534.044
5735	22531.0797609326	22531.124
5736	22527.70273963971	22527.798
5737	22524.46011851066	22525.268
5738	22523.00299090956	22523.100
5739	22521.29917344327	22521.343
5740	22513.25632475601	22513.287
5741	22512.80940035915	22512.854
5742	22491.90108544784	22491.941
5743	22490.75826316991	22490.779
5744	22487.02956651701	22486.545
5746	22479.399622206	22479.403
5747	22476.0591664544	22476.172
5748	22464.91188937593	22465.013
5749	22460.55135411864	22460.511
5750	22446.22389899907	22446.327
5751	22441.96775501354	22442.012
5752	22434.6296707572	22434.799
5753	22433.75289333754	22433.827
5754	22433.02899895993	22433.204
5755	22429.91866612124	22429.993
5756	22427.32758442478	22427.402
5757	22422.72953721639	22422.804
5758	22419.58733743971	22419.662
5759	22419.20967502851	22419.284
5760	22416.51010495117	22416.585
5761	22416.00801238482	22416.083
5762	22413.97772464891	22414.082
5763	22412.46975629304	22412.604
5764	22410.11275153462	22410.239
5765	22406.1204068776	22406.199
5766	22402.50640007326	22402.581
5767	22401.18624462521	22401.261
5768	22397.96863396693	22398.043
5769	22395.96101025622	22396.035
5770	22389.81157556068	22389.905
5771	22386.97335974404	22387.048
5772	22373.18734687507	22373.262
5773	22372.69080603888	22372.251
5774	22369.17749008667	22369.198
5775	22343.74380882979	22343.840
5776	22332.73318884013	22332.698
5777	22323.3431821582	22323.331
5778	22320.11950489663	22320.193
5779	22306.81178860671	22306.886
5780	22303.76127736839	22303.835
5781	22300.94646904603	22301.020
5782	22284.61073855085	22284.684
5783	22278.69709416079	22278.771
5784	22275.91718024563	22275.991
5785	22270.2993979007	22270.373
5786	22268.12128113203	22268.195
5787	22267.44763772152	22267.521
5788	22266.64290066939	22266.658
5789	22265.34348515239	22265.417
5790	22263.00325221076	22263.151
5791	22260.24236270764	22260.318
5792	22259.23744771114	22259.311
5793	22216.76038749536	22216.834
5794	22215.95065874813	22216.024
5795	22214.45407941879	22214.618
5796	22211.84928137497	22211.923
5797	22210.58664432467	22210.660
5798	22205.74104565151	22205.814
5799	22194.72848401088	22194.809
5800	22192.38236618031	22192.422
5801	22172.86188906454	22172.934
5802	22149.99343784803	22150.019
5803	22120.78913350222	22120.457
5804	22092.54332978744	22092.569
5805	22083.91086765797	22083.836
5806	22061.960924036	22061.987
5807	22043.90302597639	22043.973
5808	22024.83793644032	22024.858
5809	22020.3890830282	22020.415
5810	22017.85200428749	22017.973
5811	21985.09745020246	21985.123
5812	21982.50074188228	21982.526
5813	21977.80298303214	21977.859
5814	21976.86127651162	21976.887
5815	21976.22896101054	21976.255
5816	21963.71353488902	21963.756
5817	21963.25092214048	21963.277
5818	21962.92246079127	21962.948
5819	21949.55123838231	21949.570
5820	21948.72216840357	21948.748
5821	21946.71279399002	21946.738
5822	21945.57135572483	21945.597
5823	21944.28635748723	21944.312
5824	21873.24181453168	21873.360
5826	21872.0022918161	21872.812
5827	21863.95774017687	21863.983
5828	21863.18789573378	21863.213
5829	21862.35059210953	21862.376
5830	21857.56108129107	21857.573
5832	21847.19695927142	21847.836
5833	21838.05212620343	21838.083
5834	21831.72350500117	21831.735
5835	21813.88374857842	21813.895
5836	21812.30365880359	21812.316
5837	21811.65778179745	21811.635
5838	21804.98229029262	21804.994
5839	21794.7141230844	21794.726
5840	21793.44144086149	21793.453
5841	21792.43950567833	21792.428
5842	21777.72263177698	21777.683
5843	21774.25669502631	21774.268
5844	21773.89635280845	21773.951
5845	21762.57173212909	21762.579
5846	21760.90384063905	21760.915
5847	21755.80372219361	21755.837
5848	21745.10049777155	21745.112
5849	21728.96042661266	21728.978
5850	21718.53815616317	21718.550
5851	21718.10301024679	21718.084
5852	21703.95908072332	21703.971
5853	21687.94077463066	21687.952
5854	21676.39150431676	21676.460
5855	21663.89213759434	21663.894
5856	21614.70253182798	21614.743
5857	21573.48399398163	21573.496
5858	21548.19321773595	21548.205
5859	21546.57815392663	21546.523
5860	21535.14687142491	21535.176
5861	21525.58040924973	21525.500
5862	21512.09215302539	21512.118
5863	21505.74296764158	21505.663
5864	21496.54116714597	21496.978
5865	21486.80177901116	21486.829
5866	21480.14411874851	21480.145
5867	21447.98870574084	21448.051
5868	21433.91789304091	21433.872
5869	21412.75869135368	21412.639
5870	21343.04071048981	21343.065
5871	21338.64395876189	21338.633
5872	21336.0584184239	21336.083
5873	21317.6042710413	21317.628
5874	21306.80097906641	21306.825
5876	21273.14716380893	21273.914
5877	21269.05061322726	21269.150
5878	21248.40079625767	21248.435
5879	21244.62678984773	21244.683
5880	21243.14998729862	21243.163
5881	21221.76715171224	21221.871
5882	21211.20291993277	21211.227
5883	21208.82257562504	21208.894
5884	21196.86676825302	21196.923
5885	21186.3098845569	21186.334
5886	21166.88742717462	21166.911
5887	21159.55801828313	21159.632
5888	21155.62689125659	21155.725
5889	21149.76274763657	21149.787
5890	21148.32761848947	21148.353
5891	21143.73303988349	21143.673
5892	21136.85859884307	21136.766
5893	21077.58030948721	21078.435
5894	21059.55859961114	21059.543
5895	21052.50756627849	21052.541
5896	21048.78318662984	21048.807
5897	21011.15441150803	21011.178
5898	20985.88770100684	20985.911
5899	20981.12687482528	20981.150
5900	20979.19286743748	20979.216
5901	20978.92039870224	20978.944
5903	20971.74761402589	20972.335
5904	20967.35265212274	20967.376
5905	20950.47673110177	20950.546
5906	20947.31990586921	20947.343
5907	20935.26108500755	20935.309
5908	20923.93398594992	20924.084
5909	20897.90674857169	20897.672
5910	20866.00382636895	20866.724
5911	20848.57233289861	20848.596
5912	20833.40638866022	20833.403
5913	20819.15317555164	20819.176
5914	20814.4381430375	20814.461
5915	20812.63959886213	20812.663
5916	20804.48340461098	20804.515
5917	20791.83213714934	20791.870
5918	20783.34284408313	20783.366
5919	20754.62947795335	20754.519
5920	20737.66229531431	20737.703
5921	20733.35802956214	20733.326
5922	20710.17250736764	20710.155
5923	20686.66285125405	20686.640
5924	20632.71133327099	20632.687
5925	20581.45602887298	20581.421
5926	20553.00025541044	20552.957
5927	20549.13917689105	20549.165
5928	20543.67415624605	20543.657
5929	20524.99905402952	20524.982
5930	20472.77907742085	20472.698
5931	20443.10645409943	20443.089
5932	20357.51361531151	20357.509
5933	20315.66635506324	20315.660
5934	20311.45630914799	20311.439
5935	20288.69330693772	20288.677
5936	20281.95154007154	20281.933
5937	20136.83684212717	20136.828
5938	20123.32231654368	20123.272
5939	19872.49036168287	19872.568
5940	19719.22863808646	19719.214
5941	19694.11880758709	19694.049
5942	19648.39447289934	19648.423
5943	19643.84756554761	19643.833
5944	19593.03728014743	19593.023
5945	19581.04397522315	19580.899
5946	19499.0210009188	19499.007
5947	19493.0372527793	19493.031
5948	19403.65088580007	19403.637
5949	19353.13774777145	19353.107
5950	19348.90879763235	19348.910
5951	19319.35883847051	19319.236
5952	19317.42437489595	19317.410
5953	19257.6090044091	19257.595
5954	19251.26345609307	19251.250
5955	19211.00022498638	19210.986
5956	19194.00385083107	19193.903
5957	19076.80605108542	19076.771
5958	19064.47718471377	19064.414
5959	19060.98008149874	19060.966
5960	19006.40652852673	19006.393
5961	19000.05632420677	19000.013
5962	18998.01952985638	18998.006
5963	18990.07709757051	18990.056
5964	18988.28364142735	18988.270
5965	18925.22576033848	18925.212
5966	18921.12788472543	18921.114
5967	18917.29704918363	18917.285
5968	18909.44671836126	18909.433
5969	18883.71158575628	18883.691
5970	18870.61969847023	18870.606
5971	18862.70106735202	18862.699
5972	18798.28045529581	18798.260
5973	18768.16019767619	18768.104
5974	18746.03432570367	18746.021
5975	18721.33166546165	18721.323
5976	18687.82022822683	18687.781
5977	18645.83425684175	18645.855
5978	18625.96056564572	18625.947
5979	18623.25381947447	18623.241
5980	18621.66600978508	18621.628
5981	18547.49445935895	18547.457
5982	18504.03036560243	18503.982
5983	18478.70741541046	18478.670
5984	18476.58259161715	18476.545
5985	18464.12771592821	18464.090
5986	18462.59269685833	18462.555
5987	18448.64423222082	18448.607
5988	18418.89034012912	18418.830
5989	18408.81758966823	18408.735
5990	18345.65695010432	18345.628
5991	18329.31288370999	18329.276
5992	18328.87672066563	18328.713
5993	18303.9525080973	18303.794
5994	18302.56191523578	18302.553
5995	18260.55312314265	18260.390
5996	18241.54150558681	18241.484
5997	18204.74336864431	18204.707
5998	18171.71300014179	18171.677
5999	18167.27863811022	18167.242
6000	18148.26931189729	18148.264
6001	18144.25375200564	18144.217
6002	18142.68712855882	18142.677
6003	18128.02775663038	18127.992
6004	18106.34475051273	18106.309
6005	18063.38363615275	18063.381
6006	18042.23337806292	18042.152
6007	18011.13674155386	18011.028
6008	18001.36830714202	18001.340
6009	17998.46392820134	17998.436
6010	17996.05350320803	17995.996
6011	17989.5902364305	17989.615
6012	17981.91461025721	17981.844
6013	17979.68038912008	17979.678
6014	17967.23987781013	17967.212
6015	17965.84161410045	17965.859
6016	17961.75190754482	17961.691
6017	17944.63612120647	17944.608
6018	17938.75944881655	17938.732
6019	17936.09800374106	17936.135
6020	17933.24068942922	17933.214
6021	17929.64454999502	17929.617
6022	17929.12372626	17929.137
6023	17917.69384940082	17917.666
6024	17912.25249618517	17912.225
6025	17910.60299342305	17910.599
6026	17887.67077540027	17887.643
6027	17881.67840908482	17881.622
6028	17870.40417938309	17870.415
6029	17868.60959332137	17868.582
6030	17859.7925726916	17859.782
6031	17857.51458806523	17857.487
6032	17848.48946092145	17848.462
6033	17837.62323258508	17837.603
6034	17810.20237698039	17810.177
6035	17792.66395584087	17792.637
6036	17778.00205151645	17778.008
6037	17769.07234159451	17769.071
6038	17725.56080406303	17725.548
6039	17711.56410202992	17711.563
6040	17704.23402701369	17704.242
6041	17701.58219393453	17701.581
6042	17693.03276963122	17693.065
6043	17627.01664768548	17627.067
6044	17606.2047801854	17606.194
6045	17594.27631841261	17594.220
6046	17580.94331373925	17580.943
6047	17545.69139547292	17545.691
6048	17519.25202443417	17519.251
6049	17490.79918264048	17490.929
6050	17475.64305434956	17475.642
6051	17474.56463019426	17474.564
6052	17461.49252753416	17461.469
6053	17428.73807920452	17428.873
6054	17425.14383618088	17425.193
6055	17424.61609853828	17424.510
6056	17414.36622191556	17414.464
6057	17371.18670410443	17371.285
6058	17367.13058349414	17367.155
6059	17352.50779269734	17352.514
6060	17347.39172498622	17347.314
6061	17345.31195679935	17345.239
6062	17340.44392988141	17340.434
6063	17331.44354164608	17331.488
6064	17317.91883608956	17317.850
6065	17316.97707532658	17316.983
6066	17314.28055979555	17314.259
6067	17311.56116149786	17311.574
6068	17307.52394642715	17307.530
6069	17258.65823716097	17258.664
6070	17256.4117431989	17256.418
6071	17242.43865176603	17242.445
6072	17235.4057380414	17235.412
6073	17195.12767449843	17195.215
6074	17192.70867911051	17192.760
6075	17177.31195831886	17177.318
6076	17172.40845294452	17172.414
6077	17146.01960443971	17146.025
6078	17144.67613409138	17144.672
6079	17119.71165769022	17119.718
6080	17118.33991458055	17118.346
6081	17105.61669434419	17105.648
6082	17097.00120933164	17097.023
6083	17093.40606110421	17093.434
6084	17092.1580226369	17092.163
6085	17090.52762405749	17090.533
6086	17086.32387954601	17086.329
6087	17082.7886842135	17082.730
6088	17077.43358455617	17077.439
6089	17075.38310254102	17075.388
6090	17048.46902536561	17048.474
6091	17031.32149269323	17031.326
6092	17023.71152409539	17023.716
6093	17021.92300138355	17021.928
6095	17018.94749696647	17019.580
6096	17006.99893764285	17007.013
6097	16996.24287922507	16996.248
6098	16993.72965798704	16993.735
6099	16990.52964637971	16990.535
6100	16988.996736061	16989.002
6101	16986.7365087328	16986.741
6102	16983.95398262391	16983.965
6103	16976.06954994774	16976.076
6104	16970.49317077209	16970.498
6105	16965.28347295639	16965.288
6106	16959.74934372833	16959.807
6107	16957.54870000263	16957.585
6108	16914.13804322139	16914.143
6109	16906.65209587081	16906.699
6110	16904.19689791525	16904.207
6111	16867.18884132833	16867.194
6112	16852.70779695421	16852.725
6113	16843.20153266817	16843.176
6114	16841.58737407202	16841.592
6115	16822.7609626971	16822.766
6116	16816.47906098057	16816.515
6117	16807.76579373384	16807.797
6118	16793.67359426247	16793.678
6119	16793.17758572896	16793.182
6120	16791.98728915746	16791.992
6121	16786.89785008081	16786.895
6122	16784.99485042989	16785.006
6123	16778.01783668882	16778.015
6124	16774.55461357276	16774.552
6125	16772.54591133723	16772.543
6126	16768.43576829627	16768.373
6127	16767.33610372547	16767.333
6128	16764.38325958624	16764.380
6129	16745.19683075495	16745.158
6130	16744.76764801337	16744.765
6131	16734.36293779453	16734.362
6132	16722.82780146686	16722.870
6133	16699.26871416312	16699.266
6134	16681.90032243101	16681.897
6135	16679.40943754118	16679.421
6136	16673.38379261994	16673.381
6137	16664.9845071252	16664.999
6138	16632.74811966308	16632.745
6139	16628.13655481838	16628.162
6140	16606.3601339941	16606.370
6141	16593.38652205396	16593.406
6142	16569.39684177671	16569.415
6143	16547.66406910051	16547.671
6144	16533.46693555628	16533.464
6145	16516.14120189482	16516.153
6146	16477.92088642179	16477.911
6147	16468.97377373471	16468.971
6148	16466.95864045283	16466.922
6149	16432.94855307947	16432.952
6150	16423.82089358949	16423.825
6151	16423.45694024418	16423.461
6152	16422.53125644882	16422.535
6153	16415.77339989621	16415.800
6154	16414.09991868259	16414.170
6155	16408.9595896147	16408.963
6156	16390.52883374833	16389.929
6157	16340.77307476764	16340.768
6158	16308.77964190994	16308.728
6159	16306.31662620816	16306.320
6160	16288.83982337653	16288.859
6161	16286.45395841169	16286.446
6162	16279.50609960031	16279.432
6163	16252.65109402253	16252.655
6164	16228.63203206525	16228.678
6165	16226.0508229062	16226.012
6166	16221.88594836463	16221.890
6167	16198.87321144339	16198.877
6168	16189.18877408804	16189.110
6169	16180.94253806437	16180.812
6170	16178.06224627854	16178.066
6171	16155.06186194153	16155.092
6172	16142.65045360117	16142.671
6173	16137.44707849549	16137.482
6174	16135.94926824684	16135.997
6175	16132.01219700889	16132.127
6176	16129.23252543919	16129.253
6177	16126.94838085961	16126.969
6178	16106.02292075893	16106.089
6179	16105.06292542731	16105.083
6180	16091.6975262696	16091.696
6181	16065.38621194543	16065.406
6182	16062.31956317031	16062.366
6183	16059.26735361288	16059.198
6184	16049.88000604785	16049.966
6185	16044.26996599969	16044.290
6186	16041.21694343093	16041.093
6187	16036.35333013699	16036.373
6188	16028.78149741128	16028.813
6189	16028.09574146565	16028.089
6190	16023.96962826915	16023.884
6191	16019.61756747211	16019.606
6192	16016.95856214051	16016.891
6193	16007.80249826947	16007.681
6194	16001.06947906344	16001.090
6195	15995.15832234098	15995.075
6196	15981.4864328851	15981.441
6197	15977.04201448544	15977.062
6198	15972.99095428807	15973.011
6199	15970.03351048797	15970.053
6200	15941.57619416777	15941.596
6201	15935.70090409929	15935.721
6202	15910.37564257057	15910.139
6203	15894.27468387381	15894.207
6204	15874.52337050847	15874.547
6205	15870.06067011395	15869.948
6206	15842.57267636091	15842.563
6207	15824.652618769	15824.647
6208	15800.6923287052	15800.687
6209	15796.80778527301	15796.772
6210	15791.05653600841	15791.112
6211	15783.52979888819	15783.568
6212	15736.25150596019	15736.284
6213	15714.85007185795	15714.808
6214	15663.88726327879	15663.882
6215	15655.09628837296	15655.088
6216	15587.92310698768	15587.880
6217	15573.72031086317	15573.705
6218	15556.01821555392	15555.972
6219	15549.59910191231	15549.620
6220	15525.51641627059	15525.479
6221	15512.23790972205	15512.214
6222	15505.04695117596	15505.042
6223	15504.94600849203	15504.984
6224	15493.57998301521	15493.575
6225	15487.2699205443	15487.325
6226	15486.22372136858	15486.196
6227	15474.15020721627	15474.066
6228	15471.25757399269	15471.253
6229	15458.21756516692	15458.266
6230	15401.90927152207	15401.905
6231	15380.27598664266	15380.269
6232	15376.84305264687	15376.821
6233	15375.05288346789	15375.028
6234	15373.87081131227	15373.866
6235	15348.39881139071	15348.363
6236	15346.0025530193	15345.998
6237	15271.5904560401	15271.516
6238	15228.60307771471	15228.598
6239	15195.9097699869	15195.859
6240	15193.28160015447	15193.294
6241	15189.58830780333	15189.583
6242	15162.02727000149	15162.022
6243	15140.00452440052	15139.999
6244	15109.65148544203	15109.697
6245	15090.57296750688	15090.550
6246	15084.36639845176	15084.400
6247	15080.52770757992	15080.514
6248	15047.72567892418	15047.720
6249	15001.00227137524	15001.053
6250	14997.60670509249	14996.938
6251	14985.75691007017	14985.752
6252	14984.74616587666	14984.614
6253	14984.29431629944	14984.289
6254	14959.70663453744	14959.701
6255	14938.55305645373	14938.533
6256	14912.54196422437	14912.537
6257	14906.33641747979	14906.303
6258	14905.35844355083	14905.353
6259	14900.10428110677	14900.099
6260	14885.67040955743	14885.575
6261	14879.96295548209	14879.959
6262	14869.54798140033	14869.552
6263	14859.97990446398	14859.935
6264	14833.11011635437	14833.027
6265	14819.6334842447	14819.672
6266	14800.57014954211	14800.456
6267	14755.10794535194	14755.132
6268	14708.05191409736	14708.120
6269	14686.51870624573	14686.523
6270	14666.33251915634	14666.430
6271	14641.61162727583	14641.531
6272	14584.65538264219	14584.695
6273	14578.97412934951	14578.953
6274	14564.89017582448	14564.894
6275	14558.8046953864	14558.782
6276	14552.74361520943	14552.749
6277	14550.67015853081	14550.623
6278	14530.99724139321	14531.019
6279	14528.33857577702	14528.344
6280	14490.73250026551	14490.747
6281	14481.36448364107	14481.300
6282	14473.49013410027	14473.496
6283	14467.48737761943	14467.472
6284	14461.42232031221	14461.428
6285	14456.18638291651	14456.192
6286	14437.95624468187	14438.070
6287	14437.56392146423	14437.590
6288	14416.56761272869	14416.591
6289	14380.89838819008	14380.931
6290	14343.62070348688	14343.529
6291	14341.26062807488	14341.271
6292	14334.26936845074	14334.141
6293	14333.51924096897	14333.480
6294	14332.72181677877	14332.714
6295	14323.04626423935	14323.036
6296	14243.08954353304	14243.204
6297	14225.96324909739	14225.963
6298	14220.04450938592	14220.006
6299	14214.12273290042	14214.122
6300	14208.17347530566	14208.173
6301	14174.85122748152	14174.802
6302	14171.00958743707	14170.996
6303	14162.21080252439	14162.184
6304	14133.05227831556	14133.052
6305	14129.9540364808	14129.899
6306	14127.14888218522	14127.107
6307	14121.28014950371	14121.280
6308	14112.44139018908	14112.434
6309	14105.93625117303	14105.947
6310	14077.10175929279	14077.062
6311	14055.82346778137	14055.700
6312	14018.06933732343	14017.992
6313	14005.75187803795	14005.727
6314	13951.64187118094	13951.670
6315	13947.55051281253	13947.550
6316	13928.96114512377	13928.895
6317	13920.22375687563	13920.272
6318	13900.24987948252	13900.268
6319	13876.30069971524	13876.319
6320	13862.37206860023	13862.390
6321	13845.57930382005	13845.597
6322	13824.34085582289	13824.342
6323	13815.86803547206	13815.875
6324	13811.66295607708	13811.710
6325	13807.95264291005	13807.997
6326	13765.91875708918	13765.984
6327	13741.72323524356	13741.605
6328	13722.21662426481	13722.234
6329	13716.66234573665	13716.686
6330	13648.04630026419	13648.043
6331	13618.94186787958	13619.011
6332	13613.36348842644	13613.409
6333	13611.81963362581	13611.841
6334	13602.15959939692	13602.178
6335	13600.57181985435	13600.599
6336	13595.34490528032	13595.362
6337	13595.21368128741	13595.244
6338	13591.49699589986	13591.588
6339	13574.98467781485	13575.002
6340	13564.8487775956	13564.931
6341	13541.11223715619	13541.076
6342	13539.1408991747	13539.143
6343	13513.72034234682	13513.652
6344	13510.99914893313	13510.888
6345	13467.25964185766	13467.261
6346	13461.63080473418	13461.575
6347	13456.95947435869	13456.953
6348	13456.06278929706	13456.065
6349	13451.37560479412	13451.377
6350	13426.87264642264	13426.914
6351	13413.64230624826	13413.670
6352	13409.33881450285	13409.356
6353	13406.33388249772	13406.328
6354	13394.64963581903	13394.627
6355	13394.021478327	13393.906
6356	13367.09035315105	13367.178
6357	13352.09948026095	13351.944
6358	13341.75920739247	13341.805
6359	13332.70420611865	13332.684
6360	13322.80607983492	13322.786
6361	13318.33696726673	13318.418
6362	13309.83832527588	13309.746
6363	13305.92321299699	13305.903
6364	13303.68706725717	13303.667
6365	13300.48329520726	13300.339
6366	13287.55913914386	13287.539
6367	13284.28918362151	13284.297
6368	13278.12085955384	13278.042
6369	13277.23204758109	13277.110
6370	13272.22969134688	13272.193
6371	13250.98770261472	13250.932
6372	13242.78878552486	13242.818
6373	13241.8432097535	13241.919
6374	13217.84040474158	13217.881
6375	13182.42818025576	13182.408
6376	13177.20858358673	13177.176
6377	13173.9684109512	13173.986
6378	13172.80548009551	13172.785
6379	13160.48995528411	13160.434
6380	13153.29903959959	13153.279
6381	13115.46742414742	13115.466
6382	13110.05661370956	13110.096
6383	13093.8560264722	13093.836
6384	13087.8014526782	13087.781
6385	13081.02173546432	13080.923
6386	13071.12611402218	13071.035
6387	13050.04349882732	13050.023
6388	13044.1198328206	13044.142
6389	13033.11068450156	13033.085
6390	13026.33146985486	13026.260
6391	13015.59648804308	13015.496
6392	13013.49043376872	13013.518
6393	13013.04673580847	13013.027
6394	13010.6876043347	13010.537
6395	13005.1833628405	13005.033
6396	12994.15040763428	12994.085
6397	12988.1826985064	12988.163
6398	12985.53072823392	12985.454
6399	12978.80939316158	12978.856
6400	12972.82890790226	12973.082
6401	12948.29944651473	12948.297
6402	12943.51480071484	12943.513
6403	12942.77769123674	12942.775
6404	12938.29185383938	12938.290
6405	12936.27113358916	12936.199
6406	12925.89110495864	12925.889
6407	12924.06135194044	12923.902
6408	12923.26111200322	12923.259
6409	12916.60584539564	12916.824
6410	12912.44674813724	12912.455
6411	12907.0154968224	12907.053
6412	12906.190560648	12906.188
6413	12897.86534306844	12897.863
6414	12892.50614572689	12892.550
6415	12890.5610433153	12890.760
6416	12888.0118422957	12888.010
6417	12882.32380973799	12882.322
6418	12881.35120054987	12881.349
6419	12879.98553535418	12879.983
6420	12876.6823532688	12876.680
6421	12872.37162059882	12872.369
6422	12870.68960748738	12870.731
6423	12869.54136504769	12869.539
6424	12852.01413317212	12852.012
6425	12849.70477120067	12849.559
6426	12846.65686577681	12846.598
6427	12841.30367935673	12841.301
6428	12840.31247755625	12840.315
6429	12835.52015967924	12835.523
6430	12831.72268883695	12831.725
6431	12826.29484878582	12826.297
6432	12811.54784650069	12811.550
6433	12807.49372366784	12807.496
6434	12803.05212462629	12803.055
6435	12802.18660991769	12802.231
6436	12801.26191132996	12801.197
6437	12800.88004724631	12800.883
6438	12798.82671434076	12799.044
6439	12796.27257984092	12796.275
6440	12792.81770005143	12792.768
6441	12789.03071409439	12789.033
6442	12786.17472811584	12786.430
6443	12783.09137801739	12783.300
6444	12781.31481488208	12781.294
6445	12780.51260035052	12780.456
6446	12778.63390725183	12778.611
6447	12777.02201914013	12777.223
6448	12775.31093138074	12775.154
6449	12772.98489920863	12772.987
6450	12772.05159046954	12772.029
6451	12743.57359506745	12743.835
6452	12741.16024478864	12741.163
6453	12740.59847789325	12740.848
6454	12731.0632053602	12731.066
6455	12728.91379219936	12728.916
6456	12728.77124011481	12728.774
6457	12727.37772291131	12727.583
6458	12716.90786636127	12716.912
6459	12709.2205943719	12709.261
6460	12699.47412804201	12699.416
6461	12692.39449779556	12692.399
6462	12691.5277957611	12691.374
6463	12685.15064030525	12685.155
6464	12673.81014816604	12673.807
6465	12665.52493253075	12665.529
6466	12659.40972497637	12659.382
6467	12658.44151722913	12658.664
6468	12644.03924453869	12644.043
6469	12634.34943156495	12634.387
6470	12632.35556776719	12632.317
6471	12622.44281589013	12622.276
6472	12617.74962904834	12617.746
6473	12614.6164363411	12614.621
6474	12609.21956881455	12609.032
6475	12608.64067862534	12608.704
6476	12596.46034378136	12596.307
6477	12593.13936713066	12593.144
6478	12587.71971866492	12587.724
6479	12586.62450382083	12586.636
6480	12582.62939062757	12582.512
6481	12578.06547257848	12578.070
6482	12564.02535889739	12564.058
6483	12561.03216831172	12560.912
6484	12559.35954176602	12559.368
6485	12539.27793310279	12539.322
6486	12531.29964262416	12531.304
6487	12516.33396186681	12516.579
6488	12501.55592611427	12501.589
6489	12499.26280133423	12499.268
6490	12494.77638614455	12494.804
6491	12493.19294813123	12493.208
6492	12480.52246951572	12480.537
6493	12473.52620379498	12473.541
6494	12436.69302290711	12436.721
6495	12426.52428522475	12426.573
6496	12407.09901470409	12407.119
6497	12391.05364997144	12391.106
6498	12389.59951842004	12389.614
6499	12389.43359734224	12389.448
6500	12348.02016833056	12348.029
6501	12345.69636858324	12345.716
6502	12342.99841478021	12343.013
6503	12337.86185654672	12337.835
6504	12336.67128061474	12336.686
6505	12332.72055342334	12332.735
6506	12326.2201307067	12326.213
6507	12319.01298439933	12319.027
6508	12312.58776631069	12312.523
6509	12293.36555974818	12293.384
6510	12292.65955595035	12292.674
6511	12284.13613605917	12284.063
6512	12240.52160961509	12240.528
6513	12236.79998588096	12236.799
6514	12227.95137979132	12228.075
6515	12227.7256712195	12227.740
6516	12209.62610147776	12209.646
6517	12208.57036203686	12208.536
6518	12199.00181844889	12199.025
6519	12181.28392435502	12181.321
6520	12172.33169818252	12172.352
6521	12160.76046017668	12160.772
6522	12154.31430583792	12154.326
6523	12139.47300120704	12139.535
6524	12125.39594893411	12125.444
6525	12117.53436262605	12117.544
6526	12112.2139824136	12112.215
6527	12100.36128677839	12100.295
6528	12082.87450454897	12082.894
6529	12047.35250905127	12047.402
6530	12046.21296057019	12046.194
6531	12004.66675712951	12004.686
6532	11981.18008140634	11981.199
6533	11966.79984983063	11966.760
6534	11960.06257310986	11960.100
6535	11956.91994645793	11956.957
6536	11942.76767109161	11942.733
6537	11934.86765245777	11934.902
6538	11915.48914551836	11915.564
6539	11899.13270598009	11899.183
6540	11891.83482123522	11891.853
6541	11890.65678713296	11890.681
6542	11890.16746003981	11890.184
6543	11888.61636928017	11888.596
6544	11874.23019166045	11874.267
6545	11866.68249741643	11866.719
6546	11860.12499069428	11860.161
6547	11842.93953966657	11842.976
6548	11840.79336830618	11840.778
6549	11835.59836738596	11835.635
6550	11831.80796230783	11831.848
6551	11830.73391657158	11830.757
6552	11793.53044961827	11793.566
6553	11782.05692455936	11782.093
6554	11779.34283247716	11779.360
6555	11777.63045328643	11777.783
6556	11772.96194786414	11773.011
6557	11768.41641420418	11768.397
6558	11765.62274396274	11765.637
6559	11753.8924288682	11753.849
6560	11752.95840641	11753.010
6561	11749.7205670459	11749.724
6562	11747.73657792776	11747.765
6563	11747.5942454994	11747.647
6564	11734.55552581182	11734.578
6565	11711.62991497084	11711.658
6566	11710.21564073009	11710.551
6567	11698.6323224417	11698.660
6568	11695.04131884773	11695.020
6569	11680.53826605346	11680.510
6570	11680.15333368158	11680.181
6571	11672.13346002127	11672.149
6572	11668.63778219693	11668.575
6573	11632.81607653637	11632.844
6574	11631.21767696034	11631.196
6575	11628.4090493343	11628.482
6576	11625.22054889452	11625.248
6577	11621.01511408166	11621.076
6578	11618.41001097249	11618.407
6579	11593.96276340443	11593.982
6580	11562.67750070216	11562.742
6581	11558.89270327994	11558.902
6582	11531.21327479761	11531.217
6583	11523.35943903575	11523.412
6584	11522.13631736235	11522.144
6585	11516.43819120504	11516.461
6586	11513.79616178328	11513.673
6587	11511.39505931066	11511.413
6588	11502.22752157346	11502.225
6589	11488.46235213806	11488.473
6590	11477.77335029256	11477.700
6591	11476.0921691305	11476.295
6592	11473.00505052383	11473.017
6593	11470.47241215272	11470.532
6594	11439.0467832417	11439.073
6595	11429.23332258772	11429.251
6596	11407.79012051243	11408.050
6597	11397.58068474617	11397.582
6598	11291.16225268472	11291.160
6599	11280.66144323038	11280.603
6600	11250.34937650645	11250.287
6601	11237.55277344418	11237.552
6602	11221.90372323841	11221.850
6603	11174.03801294572	11174.069
6604	11156.7134574766	11156.626
6605	11088.01841112165	11087.977
6606	11064.26954769475	11064.307
6607	11055.92595116292	11055.891
6608	11025.29524869125	11025.266
6609	11013.34243911075	11013.348
6610	11003.53223125289	11003.538
6611	10986.91314093592	10986.918
6612	10986.01484719005	10985.996
6613	10958.38176262522	10958.387
6614	10947.62012547143	10947.624
6615	10922.52509445405	10922.595
6616	10893.33913500264	10893.334
6617	10851.4240811086	10851.429
6618	10840.28362556876	10840.285
6619	10834.13616200766	10834.110
6620	10800.47262474852	10800.521
6621	10789.69381115438	10789.621
6622	10766.02401921674	10765.972
6623	10741.82885646611	10741.848
6624	10729.40809567118	10729.342
6625	10726.05128987144	10726.144
6626	10710.20071275576	10710.141
6627	10686.56735477516	10686.578
6628	10682.64251890472	10682.639
6629	10676.10582728403	10675.989
6630	10665.31543213698	10665.323
6631	10660.96625772257	10660.871
6632	10657.46348285668	10657.452
6633	10653.20931912343	10653.226
6634	10648.33584146358	10648.357
6635	10606.75420437794	10606.783
6636	10599.81096259683	10599.692
6637	10594.08122675241	10594.088
6638	10583.32146321749	10583.375
6639	10573.66934759555	10573.721
6640	10541.27360752632	10541.309
6641	10516.29570973302	10516.287
6642	10511.98760221952	10512.004
6643	10491.48753235419	10491.505
6644	10468.58813717126	10468.435
6645	10435.82985104365	10435.762
6646	10371.26670459717	10371.245
6647	10356.81677411565	10356.780
6648	10319.25187527425	10319.232
6649	10305.00271088319	10305.029
6650	10282.65020273536	10282.624
6651	10276.17109525531	10276.177
6652	10273.94604509893	10273.987
6653	10255.93884893507	10255.957
6654	10221.75168709316	10221.679
6655	10198.18636887015	10198.182
6656	10194.65985348858	10194.684
6657	10121.86096761896	10121.907
6658	10101.40646661353	10101.410
6659	10095.66949958514	10095.691
6660	10063.31869145661	10063.371
6661	10022.19333877198	10022.121
6662	10006.10862402224	10006.221
6663	9966.266273748055	9966.246
6664	9839.49910620193	9839.559
6665	9764.259343349939	9764.253
6666	9704.584384783459	9704.585
6667	9682.960030085029	9682.958
6668	9328.776971086725	9328.779
