line	wn_key	wn_obs	u_obs	wn_shown	u_shown
3	121547.2990862859	121547.1478	0.3732	121547.148	0.3750
6	121229.7856423408	121229.6248	0.3713	121229.625	0.3720
7	121152.7977988119	121152.6608	0.3708	121152.661	0.3730
8	121066.9960534426	121066.836	0.3703	121066.836	0.3720
9	120868.5877110386	120868.481	0.3691	120868.481	0.3710
11	120748.3004393329	120748.4322	0.3684	120748.432	0.3700
12	120719.8925632918	120719.9951	0.3682	120719.995	0.3700
13	120579.9967086184	120580.1404	0.3674	120580.140	0.3690
14	120473.0915228123	120473.2385	0.3668	120473.239	0.3680
15	120425.9072191225	120426.0335	0.3665	120426.034	0.3680
18	120298.4117509228	120298.5593	0.3657	120298.559	0.3680
19	120214.5867069537	120214.7476	0.3652	120214.748	0.3670
20	120204.0033183495	120204.1282	0.3652	120204.128	0.3660
21	120190.4096270935	120190.5153	0.3651	120190.515	0.3690
22	120168.6066796028	120168.7174	0.3649	120168.717	0.3660
23	120101.2069172525	120101.3108	0.3645	120101.311	0.3660
25	119979.1907608403	119979.2939	0.3638	119979.294	0.3650
28	119575.0099666128	119575.153	0.3614	119575.153	0.3620
29	119510.8887920763	119510.9925	0.3610	119510.992	0.3620
30	119442.4967820962	119442.6371	0.3606	119442.637	0.3620
31	119372.7893516431	119372.895	0.3602	119372.895	0.3610
36	119114.4027207971	119114.5101	0.3587	119114.510	0.3600
38	119048.3091965156	119048.432	0.3583	119048.432	0.3600
39	119039.5137514605	119039.6046	0.3583	119039.605	0.3590
40	119007.6888464009	119007.7719	0.3581	119007.772	0.3590
41	118982.6011828686	118982.7056	0.3579	118982.706	0.3590
43	118921.6062535656	118921.6972	0.7151	118921.697	0.7160
47	118796.0087027423	118796.1394	0.3568	118796.139	0.3580
48	118766.2187753495	118766.353	0.3566	118766.353	0.3580
50	118710.7022626483	118710.7773	0.3563	118710.777	0.3570
51	118694.7948640073	118694.8809	0.3562	118694.881	0.3580
52	118580.091519798	118580.1931	0.7111	118580.193	0.7120
53	118576.4063638253	118576.5164	0.3555	118576.516	0.3570
55	118499.292511914	118499.4102	0.3551	118499.410	0.3570
57	118427.9955854827	118428.0922	0.3547	118428.092	0.3560
59	118333.9839957713	118334.059	0.3541	118334.059	0.3550
60	118310.8176730265	118310.9216	0.3540	118310.922	0.3550
61	118243.8143668475	118243.9146	0.3536	118243.915	0.3550
63	118124.4069400375	118124.4786	0.3529	118124.479	0.3540
67	117833.2120687474	117833.297	0.3512	117833.297	0.3520
70	117661.5977683036	117661.6772	0.3502	117661.677	0.3510
73	117625.4900798904	117625.6095	1.1531	117625.610	1.1540
74	117601.2874714356	117601.3936	0.3498	117601.394	0.3510
76	117485.606801665	117485.7204	0.3491	117485.720	0.3500
78	117458.9952671988	117459.0781	0.3490	117459.078	0.3510
81	117389.2058163607	117389.2758	0.3486	117389.276	0.3500
86	117189.6019925855	117189.6765	0.3474	117189.677	0.3490
87	117176.5862990079	117176.6538	0.3474	117176.654	0.3480
88	117125.9060336398	117125.9907	0.3471	117125.991	0.3660
95	116796.2114023938	116796.5152	0.3451	116796.515	0.3460
96	116783.5166198855	116783.801	0.3451	116783.801	0.3460
99	116673.7089121703	116674.0143	0.3444	116674.014	0.3460
100	116657.509990596	116657.8055	0.3443	116657.806	0.3460
101	116638.7828562031	116639.0665	0.3442	116639.067	0.3450
103	116587.7846141636	116588.0835	0.3439	116588.083	0.3450
105	116373.9098975597	116374.2193	0.3427	116374.219	0.3440
113	116076.8929102456	116077.2042	0.3410	116077.204	0.3420
115	115978.7138032445	115979.0067	0.3404	115979.007	0.3420
116	115951.8152728695	115952.1524	0.3403	115952.152	0.3410
117	115898.6091965316	115899.0004	0.3400	115899.000	0.3410
119	115828.0049757744	115828.317	0.3396	115828.317	0.3410
121	115697.8963001218	115698.1692	0.3388	115698.169	0.3400
126	115142.3904067661	115142.6693	0.3357	115142.669	0.3370
128	114995.6871444693	114995.9764	0.3348	114995.976	0.3420
132	114687.8156148324	114688.0897	0.3331	114688.090	0.3340
134	114604.1063365959	114604.4138	0.3326	114604.414	0.3340
136	114409.7999579192	114410.071	0.3315	114410.071	0.3330
139	114353.5155986627	114353.8214	0.3312	114353.821	0.3320
142	114115.5070999009	114115.799	0.3298	114115.799	0.3310
147	113657.0106982313	113657.2895	0.3272	113657.289	0.3280
149	113431.2943622854	113431.5531	0.3260	113431.553	0.3270
153	113101.9836479762	113102.3073	0.3241	113102.307	0.3260
154	112958.7150532001	112959.0251	0.3233	112959.025	0.3250
155	112920.9937323896	112921.3351	0.3231	112921.335	0.3250
156	112837.1165119941	112837.4517	0.3227	112837.452	0.3240
165	110572.2223071238	110572.6016	0.3102	110572.602	0.3120
166	110241.0855206369	110241.4652	0.3083	110241.465	0.3090
167	109902.9047857028	109903.213	0.3065	109903.213	0.3090
168	109608.2836611934	109608.5852	0.3049	109608.585	0.3070
169	109430.1174744678	109430.4764	0.3039	109430.476	0.3070
170	109333.2128818404	109333.5569	0.3034	109333.557	0.3050
171	108695.2990536711	108695.6745	0.3000	108695.674	0.3010
172	107393.7156993235	107394.0565	0.2931	107394.057	0.2950
173	107273.5903881556	107273.9709	0.2924	107273.971	0.2930
174	107057.8995906727	107058.261	0.2913	107058.261	0.2920
177	106803.8135872207	106804.1546	0.2899	106804.155	0.2920
178	104727.7107255088	104728.1034	0.2791	104728.103	0.2810
179	103750.695941495	103751.0566	0.2741	103751.057	0.2760
180	103677.3145042454	103677.6155	0.2737	103677.615	0.2750
181	103593.3196420143	103593.6675	0.2733	103593.667	0.2740
182	103462.798289919	103462.8574	0.2726	103462.857	0.2740
183	103290.821683464	103290.8632	0.2718	103290.863	0.2730
184	103189.5954232932	103189.6246	0.2713	103189.625	0.2730
185	103085.888582338	103085.9167	0.2707	103085.917	0.2720
186	103015.588206499	103015.635	0.2704	103015.635	0.2720
187	102948.6260860564	102948.6766	0.2700	102948.677	0.2710
188	102915.0855495591	102915.1269	0.2699	102915.127	0.2710
189	102864.9980490967	102864.9895	0.2696	102864.989	0.2720
190	102852.8136453116	102852.8369	0.2696	102852.837	0.2710
191	102764.3817134665	102764.4197	0.2691	102764.420	0.2710
192	102645.0813114364	102645.0573	0.2685	102645.057	0.2710
193	102388.1000216581	102388.1667	0.2672	102388.167	0.2690
194	102257.0080618299	102257.0362	0.2665	102257.036	0.2690
195	102249.3924527073	102249.4246	0.2665	102249.425	0.2680
196	102122.3027582761	102122.3028	0.2733	102122.303	0.2750
197	102072.6942472799	102072.7323	0.2656	102072.732	0.2670
198	102051.3162437697	102051.4085	0.2655	102051.409	0.2680
199	101797.775038887	101797.8167	0.2642	101797.817	0.2660
200	101759.5115469316	101759.5417	0.2641	101759.542	0.2660
201	101750.5076621774	101750.5504	0.2640	101750.550	0.2650
202	101681.7067016573	101681.7538	0.2637	101681.754	0.2660
204	101510.488302036	101510.5052	0.2628	101510.505	0.2980
205	101432.2111674777	101432.1865	0.2624	101432.186	0.2630
206	101314.7813317052	101314.8216	0.2618	101314.822	0.2630
207	101281.811084674	101281.8006	0.2617	101281.801	0.2630
208	101218.6867395442	101218.7054	0.2614	101218.705	0.2640
209	101214.4865599444	101214.5069	0.2613	101214.507	0.2640
210	101178.4122644692	101178.3913	0.2612	101178.391	0.2620
211	101073.2987005959	101073.3467	0.2606	101073.347	0.2620
212	101048.1866323571	101048.2192	0.2605	101048.219	0.2620
213	100933.6177313688	100933.6509	0.2599	100933.651	0.2620
214	100797.8072348593	100797.8189	0.2593	100797.819	0.2630
215	100789.2905796784	100789.2666	0.2592	100789.267	0.2600
216	100662.1781225908	100662.2083	0.2586	100662.208	0.2600
217	100644.1110479236	100644.1635	0.2585	100644.163	0.2820
218	100639.8843435676	100639.925	0.2585	100639.925	0.2600
219	100624.3872814066	100624.4059	0.2584	100624.406	0.2590
220	100596.0155561799	100595.9893	0.2583	100595.989	0.2590
221	100591.187317068	100591.2478	0.2733	100591.248	0.2750
222	100565.1882789959	100565.1672	0.2581	100565.167	0.2610
223	100548.4960556223	100548.4854	0.5000	100548.485	0.5120
224	100543.1168207541	100543.1464	0.2580	100543.146	0.2600
225	100464.4233511499	100464.4751	0.2576	100464.475	0.2590
226	100450.0079638402	100450.0147	0.6408	100450.015	0.6500
227	100444.8852970455	100444.8727	0.5000	100444.873	0.5070
228	100405.9204431974	100405.9584	0.2573	100405.958	0.2580
229	100369.2794039728	100369.3022	0.2572	100369.302	0.2590
230	100358.7913861284	100358.7805	0.2571	100358.780	0.2590
231	100312.4867603824	100312.538	0.2733	100312.538	0.2780
232	100296.0870820765	100296.1347	0.2568	100296.135	0.2600
233	100117.4188329382	100117.5716	0.2559	100117.572	0.2570
234	100107.0071837969	100107.1507	0.2559	100107.151	0.2570
235	100088.2889500743	100088.426	0.2733	100088.426	0.2820
237	99997.70002645062	99997.8654	0.2553	99997.865	0.2560
238	99964.90616221141	99965.0566	0.2552	99965.057	0.2570
239	99947.51378848136	99947.6616	0.2551	99947.662	0.2560
240	99937.01985749447	99937.1963	0.2733	99937.196	0.2740
243	99847.41661167204	99847.59	0.2546	99847.590	0.2560
244	99796.90666773717	99797.0905	0.8530	99797.091	0.9010
246	99713.21245391296	99713.4398	0.2539	99713.440	0.2560
247	99675.22919340433	99675.3795	0.2537	99675.379	0.2550
248	99661.22587767958	99661.4248	0.2537	99661.425	0.2560
249	99575.90313412908	99576.0855	0.2533	99576.086	0.2540
250	99548.77252193794	99548.8944	0.2531	99548.894	0.2540
251	99511.20049519686	99511.3616	0.2529	99511.362	0.2540
252	99474.7864576226	99474.9639	0.2528	99474.964	0.2540
253	99444.70039979539	99444.8649	0.2526	99444.865	0.2540
254	99435.60177711683	99435.7459	0.2526	99435.746	0.2540
255	99417.70529602963	99417.8881	0.2733	99417.888	0.2750
256	99381.72336482839	99381.8948	0.2523	99381.895	0.2530
257	99365.72452202007	99365.9041	0.2522	99365.904	0.2530
258	99336.31720250756	99336.4765	0.2521	99336.477	0.2540
259	99321.71616349972	99321.84	0.2520	99321.840	0.2530
260	99296.19422714254	99296.3224	0.2519	99296.322	0.2540
261	99271.72155912816	99271.8817	0.2518	99271.882	0.2530
262	99266.2122131045	99266.404	0.2518	99266.404	0.2530
263	99259.61140499216	99259.7641	0.2733	99259.764	0.2750
264	99221.40487446157	99221.5644	0.2515	99221.564	0.2530
265	99184.70089013895	99184.8731	0.6261	99184.873	0.6450
266	99178.30392396332	99178.4616	0.2513	99178.462	0.2520
267	99153.61253953802	99153.7942	0.2512	99153.794	0.2520
268	99146.1762635995	99146.3372	0.2512	99146.337	0.2530
270	99114.10916687043	99114.2553	0.2510	99114.255	0.2520
271	99105.18948217078	99105.3113	0.2510	99105.311	0.2530
273	99034.40736978836	99034.5789	0.2506	99034.579	0.2520
274	99006.58372937916	99006.7779	0.2505	99006.778	0.2520
275	98994.90241392462	98995.0428	0.2504	98995.043	0.2530
277	98955.01778193761	98955.1793	0.2502	98955.179	0.2520
278	98920.39128514602	98920.5629	0.2501	98920.563	0.2520
279	98910.79710434763	98910.9612	0.2500	98910.961	0.3090
280	98881.92141240844	98882.0752	0.2499	98882.075	0.2520
281	98832.89103981678	98833.0345	0.2496	98833.034	0.2510
282	98804.38378861162	98804.5176	0.2495	98804.518	0.2520
283	98784.92313933313	98785.046	0.2494	98785.046	0.2500
284	98740.08801480367	98740.2501	0.2492	98740.250	0.2510
285	98733.07816072936	98733.2583	0.2733	98733.258	0.2750
286	98702.82420706726	98702.9848	0.2490	98702.985	0.2510
287	98682.19893696047	98682.3389	0.2489	98682.339	0.2500
288	98671.69066661841	98671.7989	0.2489	98671.799	0.2520
289	98640.715785742	98640.9345	0.2487	98640.935	0.2520
290	98634.79783788884	98634.9287	0.2487	98634.929	0.2500
291	98599.69344102708	98599.847	0.2485	98599.847	0.2500
292	98596.8835334924	98597.0232	0.4970	98597.023	0.4980
293	98558.88568170666	98559.0292	0.2483	98559.029	0.2500
294	98546.42059060339	98546.6019	0.2483	98546.602	0.2580
295	98540.11441352898	98540.2559	0.2482	98540.256	0.2520
296	98517.70136249752	98517.8836	0.2481	98517.884	0.2490
297	98505.68403405156	98505.8184	0.2481	98505.818	0.2500
298	98495.58894144099	98495.7868	0.2480	98495.787	0.2500
299	98489.18765512957	98489.3317	0.2480	98489.332	0.2490
300	98476.68169348336	98476.8065	0.2479	98476.807	0.2500
301	98454.38191633961	98454.4972	0.2478	98454.497	0.2500
302	98451.37943032474	98451.4976	0.2478	98451.498	0.2490
303	98446.01517346683	98446.1575	0.2478	98446.158	0.2490
304	98379.59472143838	98379.7662	0.2475	98379.766	0.2500
305	98356.08787960421	98356.247	0.2473	98356.247	0.2490
306	98329.2933240419	98329.4224	0.2472	98329.422	0.2490
307	98306.09369222262	98306.2249	0.2471	98306.225	0.2480
308	98298.42780502811	98298.5936	0.4941	98298.594	0.4950
309	98295.08550657798	98295.2319	0.4941	98295.232	0.4950
310	98290.12309153877	98290.2815	0.4940	98290.281	0.4950
311	98278.57561590475	98278.6933	0.2470	98278.693	0.2490
312	98246.0072029067	98246.1593	0.2733	98246.159	0.2740
313	98208.49010050557	98208.6159	0.2466	98208.616	0.2480
315	98179.38025684557	98179.4771	0.2465	98179.477	0.2480
316	98146.0112304922	98146.2103	0.2463	98146.210	0.2490
317	98138.50454749986	98138.6272	0.2463	98138.627	0.2480
318	98115.49775503838	98115.5985	0.2462	98115.598	0.2480
319	98105.49220262648	98105.6096	0.2461	98105.610	0.2480
320	98089.79961023926	98089.9237	0.2461	98089.924	0.3030
321	98084.01382676832	98084.1737	0.2460	98084.174	0.2480
322	98074.69774031977	98074.8438	0.2733	98074.844	0.2880
323	98068.17683386923	98068.3573	0.5000	98068.357	0.5010
325	98040.923816404	98041.129	0.2458	98041.129	0.2470
326	98034.20928616985	98034.3742	0.2458	98034.374	0.2480
328	98015.00011213757	98015.1272	0.2457	98015.127	0.2630
329	97980.70803249901	97980.8318	0.2455	97980.832	0.2470
330	97944.17513076201	97944.327	0.2454	97944.327	0.2470
331	97939.42701543627	97939.5873	0.2453	97939.587	0.2460
332	97928.80299955294	97928.8907	0.2453	97928.891	0.2460
333	97909.41963900455	97909.5697	0.2452	97909.570	0.2470
334	97887.78828888878	97887.9817	0.2451	97887.982	0.2470
335	97879.51965510895	97879.6535	0.2451	97879.654	0.2690
336	97873.59906414642	97873.7586	0.2733	97873.759	0.2880
337	97869.97821576505	97870.1127	0.2450	97870.113	0.2530
338	97860.29210862498	97860.4301	0.6109	97860.430	0.6120
339	97839.99301565622	97840.0735	0.2449	97840.073	0.2470
340	97833.39056626652	97833.4992	0.2448	97833.499	0.2480
341	97818.5253445156	97818.6943	0.2448	97818.694	0.2460
342	97809.57651206177	97809.6821	0.2447	97809.682	0.2460
343	97793.78563302344	97793.9318	0.2446	97793.932	0.2460
344	97775.01639863104	97775.1594	0.2445	97775.159	0.2460
346	97757.91152864136	97758.0871	0.2445	97758.087	0.2550
347	97730.4035370321	97730.5298	0.2443	97730.530	0.2450
348	97726.1046536053	97726.2322	0.2443	97726.232	0.2470
349	97696.99418167674	97697.1176	0.2442	97697.118	0.2520
350	97687.7164329034	97687.8355	0.4883	97687.836	0.5360
351	97658.52035631926	97658.6942	0.2440	97658.694	0.2450
352	97652.80884751886	97652.9587	0.2440	97652.959	0.2450
353	97644.51111267596	97644.6348	0.2439	97644.635	0.2450
354	97636.21411691782	97636.3342	0.5000	97636.334	0.5010
355	97626.89248758557	97627.0654	0.2438	97627.065	0.2500
356	97622.11068611885	97622.2521	0.2438	97622.252	0.2450
357	97588.49517756669	97588.6463	0.6078	97588.646	0.6280
358	97566.30318002471	97566.4501	0.6076	97566.450	0.6370
359	97547.28499441495	97547.4831	0.2435	97547.483	0.2450
360	97537.82729628842	97538.0071	0.2434	97538.007	0.2440
362	97471.10630667147	97471.3418	0.2431	97471.342	0.2570
363	97465.99050458251	97466.174	0.4861	97466.174	0.4870
364	97463.01952521667	97463.2452	0.4861	97463.245	0.4870
365	97448.50303575397	97448.684	0.2430	97448.684	0.2450
366	97442.02565159323	97442.2492	0.2430	97442.249	0.2460
367	97434.28082226007	97434.4612	0.2429	97434.461	0.2450
368	97426.48923856132	97426.6775	0.2429	97426.678	0.2710
369	97420.59732137245	97420.7688	0.2429	97420.769	0.2440
370	97398.88204558723	97399.0868	0.2428	97399.087	0.2460
371	97378.38908649555	97378.5603	0.2427	97378.560	0.2440
372	97357.12264863585	97357.323	0.2426	97357.323	0.2440
373	97349.57937760251	97349.8062	0.2425	97349.806	0.2440
374	97324.71982520005	97324.9338	0.6048	97324.934	0.6270
375	97317.08197747383	97317.2792	0.8159	97317.279	0.8410
376	97273.51081298682	97273.6612	0.2422	97273.661	0.2430
377	97260.77270777598	97260.9601	0.4842	97260.960	0.4850
378	97250.07891318174	97250.2396	0.2420	97250.240	0.2730
380	97191.08973738094	97191.2959	0.2418	97191.296	0.2820
381	97178.7040999435	97178.9296	0.2417	97178.930	0.2450
382	97166.805366219	97166.9861	0.2416	97166.986	0.2430
383	97161.70638061863	97161.899	0.2416	97161.899	0.2430
384	97154.90817350958	97155.0697	0.6029	97155.070	0.6470
385	97144.6147841334	97144.8158	0.2415	97144.816	0.2430
386	97122.1856568966	97122.3373	0.2414	97122.337	0.2420
387	97114.61445264654	97114.7917	0.2414	97114.792	0.2430
388	97107.62576922352	97107.8047	0.2414	97107.805	0.2420
389	97082.92575942962	97083.1403	0.2412	97083.140	0.2430
390	97075.5987403169	97075.6921	0.2412	97075.692	0.2420
391	97069.19467529295	97069.3633	0.2412	97069.363	0.2430
392	97056.38788662755	97056.5639	0.2411	97056.564	0.2420
393	97040.28500754062	97040.463	0.2410	97040.463	0.2420
394	97030.82958629807	97030.9687	0.2410	97030.969	0.2480
395	97022.68168987171	97022.8572	0.2410	97022.857	0.2670
396	97007.21588329613	97007.4121	0.2409	97007.412	0.2420
398	96977.11379988042	96977.2569	0.2407	96977.257	0.2460
400	96959.37592037051	96959.5034	0.2407	96959.503	0.2430
402	96942.80610482222	96943.0378	0.2406	96943.038	0.2470
403	96933.50449307816	96933.718	0.2405	96933.718	0.2510
404	96911.41734357628	96911.5492	0.2404	96911.549	0.2410
405	96891.41710557647	96891.6445	0.2403	96891.644	0.2420
406	96885.4128998449	96885.618	0.2403	96885.618	0.2410
407	96878.48859188295	96878.6756	0.2403	96878.676	0.2420
408	96871.17790763991	96871.3289	0.2402	96871.329	0.2420
409	96856.99502857256	96857.1556	0.2402	96857.156	0.2410
410	96852.6869454019	96852.8446	0.2402	96852.845	0.2420
411	96824.37594916277	96824.5476	0.2400	96824.548	0.2410
413	96798.87957659383	96799.0567	0.2399	96799.057	0.2510
415	96783.11202297686	96783.3138	0.4797	96783.314	0.5080
416	96774.59966829144	96774.8048	0.2398	96774.805	0.2680
417	96765.70167218405	96765.8167	0.2397	96765.817	0.2430
418	96750.90581474679	96751.079	0.2397	96751.079	0.2410
419	96744.37805777509	96744.5602	0.2396	96744.560	0.2410
420	96741.72039315804	96741.8816	0.2396	96741.882	0.2420
421	96736.30552380974	96736.5115	0.2396	96736.511	0.2410
422	96731.7134364817	96731.8937	0.2396	96731.894	0.2410
423	96727.99068723233	96728.1848	0.2396	96728.185	0.2610
426	96701.11995206018	96701.2423	0.2394	96701.242	0.2410
427	96680.197570915	96680.4269	0.2393	96680.427	0.2410
428	96636.63085474054	96636.825	0.2391	96636.825	0.2430
429	96634.60176561955	96634.7716	0.2391	96634.772	0.2410
430	96624.22081759952	96624.399	0.2391	96624.399	0.2400
431	96612.48756351485	96612.6297	0.2390	96612.630	0.2410
432	96607.99819905746	96608.1818	0.2390	96608.182	0.2400
433	96594.09588644284	96594.2782	0.2389	96594.278	0.2400
434	96589.22177688275	96589.4176	0.2389	96589.418	0.2410
436	96566.68323814386	96566.8975	0.2388	96566.898	0.2400
437	96555.39282229515	96555.5765	0.2387	96555.576	0.2420
438	96546.99821512589	96547.1587	0.8046	96547.159	0.8370
440	96508.89330840611	96509.073	0.4771	96509.073	0.4780
441	96486.90618759836	96487.0891	0.2733	96487.089	0.2750
442	96467.09245048504	96467.2731	0.2383	96467.273	0.2400
444	96448.48804793305	96448.6811	0.2382	96448.681	0.2390
446	96395.77984495387	96395.9583	0.2380	96395.958	0.2400
447	96391.87847915941	96392.0507	0.2733	96392.051	0.2790
448	96387.49632043269	96387.6748	0.2380	96387.675	0.2390
449	96377.72096601456	96377.8827	0.2379	96377.883	0.2390
450	96366.69291628613	96366.8643	0.4757	96366.864	0.4770
451	96363.41966862907	96363.6215	0.4757	96363.621	0.4770
452	96351.91260746388	96352.1059	0.2378	96352.106	0.2390
453	96332.99380033748	96333.1897	0.2377	96333.190	0.2390
454	96321.8288558713	96322.0126	0.2376	96322.013	0.2390
455	96311.91470910789	96312.0908	0.2376	96312.091	0.2390
456	96306.09131716867	96306.2631	0.2376	96306.263	0.2760
457	96297.28577102367	96297.4463	0.2375	96297.446	0.2570
458	96267.41248097476	96267.5714	0.2374	96267.571	0.2390
459	96249.90590285425	96250.0814	0.2373	96250.081	0.2390
460	96243.31827032375	96243.4709	0.2373	96243.471	0.2390
461	96231.92265096576	96232.0972	0.4744	96232.097	0.4750
462	96227.88255149788	96228.0054	0.4744	96228.005	0.4760
463	96222.97854125136	96223.1458	0.4744	96223.146	0.4880
464	96211.20152541378	96211.3275	0.2371	96211.327	0.2380
465	96174.38689544456	96174.5898	0.2370	96174.590	0.2380
466	96159.10884807972	96159.2473	0.2369	96159.247	0.2390
467	96149.11679487329	96149.2613	0.2368	96149.261	0.2380
468	96146.28133797336	96146.4421	0.2368	96146.442	0.2380
469	96140.99813405276	96141.1654	0.2368	96141.165	0.2390
470	96137.20378697774	96137.3949	0.2368	96137.395	0.2440
471	96131.0081110231	96131.1701	0.2367	96131.170	0.2380
474	96099.21938349998	96099.3652	0.2366	96099.365	0.2380
475	96094.17673575458	96094.3345	0.2366	96094.334	0.2380
477	96061.297186622	96061.4823	0.2364	96061.482	0.2560
478	96048.10048022753	96048.2795	0.2364	96048.280	0.2380
479	96042.58166537732	96042.7725	0.2363	96042.773	0.2380
480	96037.49623773985	96037.605	0.2363	96037.605	0.2380
481	96019.12290577673	96019.3002	0.2362	96019.300	0.2380
482	96009.57560174525	96009.7465	0.2362	96009.746	0.2390
483	96003.82171073381	96003.9769	0.2362	96003.977	0.2400
484	95993.22275464053	95993.42	0.2361	95993.420	0.2370
485	95981.08929476321	95981.2559	0.2360	95981.256	0.2410
486	95972.69874861393	95972.8841	0.2360	95972.884	0.2370
488	95946.28380941576	95946.4069	0.2359	95946.407	0.2410
489	95941.10821817776	95941.3072	0.2359	95941.307	0.2370
491	95909.38346944693	95909.5001	0.2357	95909.500	0.2380
493	95880.59267388309	95880.7923	0.2356	95880.792	0.2380
494	95867.18181458279	95867.3219	0.2355	95867.322	0.2370
495	95856.79040210668	95856.9339	0.2355	95856.934	0.2370
496	95850.23193583301	95850.3921	0.2354	95850.392	0.2370
497	95831.22441740579	95831.384	0.2353	95831.384	0.2370
498	95818.5855017931	95818.7805	0.2353	95818.780	0.2370
499	95804.08327323607	95804.2498	0.2352	95804.250	0.2370
500	95798.9160362164	95799.0817	0.2352	95799.082	0.2360
501	95788.19627950613	95788.3841	0.2351	95788.384	0.2370
502	95782.78912965943	95782.9566	0.2351	95782.957	0.2370
503	95774.7039321483	95774.8924	0.2351	95774.892	0.2370
504	95766.81047569487	95766.9798	0.2350	95766.980	0.2360
505	95763.50963534857	95763.681	0.2350	95763.681	0.2380
507	95707.41426088226	95707.5565	0.2348	95707.557	0.2360
508	95702.10748976942	95702.2521	0.2733	95702.252	0.2740
509	95694.41137808895	95694.5799	0.2347	95694.580	0.2360
512	95671.08649981247	95671.2438	0.2346	95671.244	0.2370
513	95656.17724852217	95656.3747	0.4690	95656.375	0.4740
514	95652.88055508833	95653.0673	0.4690	95653.067	0.4700
516	95629.08996280523	95629.2475	0.2344	95629.247	0.2360
517	95623.78791390416	95623.9639	0.2344	95623.964	0.2360
518	95615.28623573024	95615.4683	0.2343	95615.468	0.2350
519	95611.41913605711	95611.5567	0.2343	95611.557	0.2360
520	95601.00811870472	95601.13	0.2343	95601.130	0.2360
521	95591.98234230357	95592.0968	0.2342	95592.097	0.2480
522	95584.48646647611	95584.6503	0.2342	95584.650	0.2360
523	95552.69514525897	95552.9227	0.2340	95552.923	0.2350
524	95548.0190151383	95548.1736	0.2340	95548.174	0.2360
525	95538.37744346686	95538.5326	0.2340	95538.533	0.2490
526	95531.12641129816	95531.2667	0.2339	95531.267	0.2350
530	95488.71661029471	95488.9028	0.2337	95488.903	0.2360
531	95478.89120181209	95479.0322	0.4674	95479.032	0.4800
532	95476.7930125508	95476.943	0.4674	95476.943	0.4680
534	95442.41800328578	95442.618	0.2335	95442.618	0.2350
535	95437.07747187353	95437.2488	0.2733	95437.249	0.2890
537	95422.9235692818	95423.0726	0.2334	95423.073	0.2360
538	95408.72219470148	95408.8696	0.2334	95408.870	0.2340
539	95396.61934186259	95396.8213	0.2333	95396.821	0.2350
541	95382.2321219588	95382.3226	0.2332	95382.323	0.2360
542	95361.32102688444	95361.5146	0.4663	95361.515	0.4670
543	95358.70070654721	95358.8788	0.4663	95358.879	0.4670
544	95355.89039660698	95356.0743	0.4662	95356.074	0.4670
545	95335.8904795518	95336.0445	0.2330	95336.045	0.2340
546	95333.32069127575	95333.4846	0.2330	95333.485	0.2340
547	95321.08354487026	95321.256	0.2330	95321.256	0.2350
548	95308.18325324816	95308.3833	0.2329	95308.383	0.2340
549	95287.4798395343	95287.6251	0.2733	95287.625	0.2750
553	95228.3950677248	95228.5838	0.2325	95228.584	0.2340
554	95208.80394990236	95208.9831	0.2324	95208.983	0.2330
555	95198.82034264946	95199.0533	0.2324	95199.053	0.2340
556	95184.17668594832	95184.3255	0.2323	95184.326	0.2340
557	95178.9964932504	95179.0516	0.2323	95179.052	0.2340
558	95168.302827925	95168.4647	0.2322	95168.465	0.2330
559	95158.22908467265	95158.4105	0.2733	95158.410	0.2740
560	95151.00517090576	95151.2017	0.2322	95151.202	0.2330
561	95139.07801723859	95139.2783	0.2321	95139.278	0.2340
562	95119.17305869055	95119.3844	0.2320	95119.384	0.2330
563	95116.08619847924	95116.2644	0.2320	95116.264	0.2330
564	95109.19979516235	95109.3209	0.2320	95109.321	0.2330
565	95096.09179471043	95096.2502	0.2319	95096.250	0.2330
567	95075.8178767375	95076.0057	0.2318	95076.006	0.2340
568	95070.49974073014	95070.6986	0.2318	95070.699	0.2330
570	95045.00995170887	95045.1157	0.4633	95045.116	0.4640
571	95038.79192014273	95038.9721	0.4633	95038.972	0.5180
572	95033.38139228936	95033.5566	0.5000	95033.557	0.5150
573	95015.82680013134	95015.9826	0.2315	95015.983	0.2330
574	95005.4821262782	95005.636	0.2315	95005.636	0.2340
575	94999.88443108817	95000.0522	0.2315	95000.052	0.2330
576	94983.42708691802	94983.5736	0.2314	94983.574	0.2330
577	94979.39419587796	94979.5973	0.4627	94979.597	0.5050
578	94964.88221321533	94965.0576	0.2313	94965.058	0.3450
579	94957.29611564164	94957.4426	0.2313	94957.443	0.2330
580	94950.80068530583	94950.9967	0.2312	94950.997	0.2320
582	94935.77102371062	94935.9372	0.2312	94935.937	0.2730
583	94929.61058462213	94929.7115	0.2311	94929.712	0.2330
584	94917.9030377806	94918.1131	0.2733	94918.113	0.2780
586	94887.81304212267	94887.9938	0.2309	94887.994	0.2330
587	94852.99562868528	94853.0958	0.2308	94853.096	0.2330
588	94841.72601352603	94841.9239	0.2307	94841.924	0.2550
590	94829.41413786403	94829.6028	0.4613	94829.603	0.4620
591	94826.47683201137	94826.6663	0.4613	94826.666	0.4630
593	94780.27866176583	94780.4538	0.2304	94780.454	0.2310
594	94773.89099475286	94774.0895	0.2304	94774.090	0.2320
595	94760.02952485009	94760.1967	0.2304	94760.197	0.2310
596	94726.77297408097	94726.936	0.2302	94726.936	0.2310
598	94694.28864711555	94694.4785	0.2300	94694.478	0.2310
599	94678.02884249172	94678.1916	0.2300	94678.192	0.2530
600	94668.81112837106	94669.0157	0.2299	94669.016	0.2320
602	94641.496277682	94641.6231	0.2298	94641.623	0.2310
603	94623.92264727903	94624.123	0.2733	94624.123	0.2740
604	94600.2108127639	94600.3983	0.2296	94600.398	0.2320
605	94586.98695224593	94587.1856	0.2296	94587.186	0.2330
606	94579.6226568548	94579.7913	0.2295	94579.791	0.2310
607	94566.59024270283	94566.7206	0.2733	94566.721	0.2740
609	94542.89436040766	94543.0687	0.2293	94543.069	0.2400
610	94537.326906145	94537.5013	0.2293	94537.501	0.2590
611	94528.21847152848	94528.3925	0.4586	94528.393	0.4600
613	94516.37240530459	94516.5282	0.2292	94516.528	0.2300
614	94504.57766248922	94504.7847	0.2292	94504.785	0.2300
615	94486.88862130656	94487.0563	0.2291	94487.056	0.2390
617	94472.4104518133	94472.5542	0.2290	94472.554	0.2610
618	94449.3047799946	94449.4926	0.2289	94449.493	0.2330
619	94433.3241083011	94433.4787	0.2288	94433.479	0.2300
620	94426.7691791125	94426.9482	0.2288	94426.948	0.2300
621	94414.70504639533	94414.8963	0.2288	94414.896	0.2850
622	94406.41094360343	94406.5935	0.4574	94406.594	0.4990
623	94403.67593422439	94403.8465	0.4574	94403.846	0.4580
625	94376.39655465771	94376.5786	0.4572	94376.579	0.4590
627	94365.09074669764	94365.2947	0.2285	94365.295	0.2350
628	94355.48172449083	94355.6053	0.2285	94355.605	0.2300
629	94346.20506326984	94346.3113	0.2284	94346.311	0.2320
630	94332.78335068749	94332.946	0.2284	94332.946	0.2300
632	94317.38770584085	94317.532	0.2283	94317.532	0.2290
633	94296.39365418289	94296.5828	0.2282	94296.583	0.2290
634	94291.03007791676	94291.1819	0.2282	94291.182	0.2300
635	94274.32352446379	94274.515	0.2281	94274.515	0.2290
636	94263.40646118986	94263.5463	0.2281	94263.546	0.2290
637	94251.31604582908	94251.4835	0.2280	94251.484	0.2290
640	94240.02697458999	94240.2118	0.4559	94240.212	0.4570
642	94221.58825756043	94221.7414	0.2279	94221.741	0.2300
643	94204.61434099963	94204.7639	0.2278	94204.764	0.2290
644	94197.51486089412	94197.6758	0.2278	94197.676	0.2290
645	94189.00508354198	94189.1631	0.2277	94189.163	0.2290
646	94177.01902362214	94177.17	0.2277	94177.170	0.2360
648	94170.01553499178	94170.173	0.4553	94170.173	0.4560
649	94164.18613804808	94164.3555	0.2276	94164.356	0.2290
650	94153.52025432966	94153.7047	0.2276	94153.705	0.2290
652	94127.20829887898	94127.384	0.4549	94127.384	0.4750
653	94102.31400447938	94102.4715	0.2273	94102.471	0.2290
654	94089.39893521123	94089.6042	0.2273	94089.604	0.2290
655	94081.23039949696	94081.3903	0.5000	94081.390	0.5020
656	94064.18560887774	94064.3421	0.2271	94064.342	0.2280
657	94058.97434880823	94059.1135	0.2271	94059.114	0.2320
658	94050.80878330456	94051.0329	0.2271	94051.033	0.2290
659	94041.37298911593	94041.5246	0.2270	94041.525	0.2290
662	93997.50403563012	93997.7026	0.2733	93997.703	0.2760
666	93959.42330417984	93959.6044	0.2267	93959.604	0.2750
667	93950.51441914601	93950.7079	0.2266	93950.708	0.2400
668	93940.90311108838	93941.1067	0.2266	93941.107	0.2300
672	93907.8134086518	93907.9366	0.2264	93907.937	0.2280
673	93899.28340086894	93899.4315	0.2264	93899.432	0.2280
674	93885.41673226906	93885.6206	0.2263	93885.621	0.2280
676	93867.52238285837	93867.6913	0.2262	93867.691	0.2280
677	93855.81263523974	93855.9745	0.2262	93855.974	0.2270
678	93850.52105433744	93850.6975	0.2262	93850.697	0.2420
679	93845.08693040223	93845.2462	0.2261	93845.246	0.2270
680	93841.62378413422	93841.7777	0.2261	93841.778	0.2270
681	93827.01471774642	93827.195	0.2261	93827.195	0.2480
682	93805.62168127092	93805.8077	0.2260	93805.808	0.2270
685	93789.00584435568	93789.172	0.2733	93789.172	0.2770
686	93778.28872937187	93778.4649	0.2258	93778.465	0.2290
687	93767.71576994832	93767.9014	0.2258	93767.901	0.2280
689	93758.4982308783	93758.6272	0.2257	93758.627	0.2270
690	93729.8271375731	93729.9978	0.2256	93729.998	0.2270
691	93720.70693047474	93720.8476	0.2256	93720.848	0.2270
692	93714.7224856451	93714.9687	0.2255	93714.969	0.2270
694	93706.02597801965	93706.1947	0.2255	93706.195	0.2270
695	93684.19257685292	93684.3224	0.2254	93684.322	0.2270
696	93676.57272896648	93676.7366	0.2254	93676.737	0.2260
697	93652.32157459218	93652.4758	0.2253	93652.476	0.2270
698	93646.29250306194	93646.4996	0.5643	93646.500	0.5660
699	93640.82820102874	93641.0345	0.4504	93641.034	0.4530
700	93637.32406883835	93637.4805	0.2252	93637.481	0.2270
703	93598.18089076842	93598.3475	0.2250	93598.348	0.2260
704	93576.79728355688	93576.9808	0.5000	93576.981	0.5010
705	93566.29345606692	93566.4273	0.5634	93566.427	0.5640
706	93561.11329467097	93561.2676	0.4497	93561.268	0.4530
708	93535.91113819969	93536.0787	0.2247	93536.079	0.2270
709	93522.19195495079	93522.3197	0.2247	93522.320	0.2260
711	93499.89308501883	93500.048	0.2246	93500.048	0.2280
714	93478.2068601831	93478.3676	0.2245	93478.368	0.2260
715	93468.32211968859	93468.5174	0.2244	93468.517	0.2280
716	93436.478589931	93436.6459	0.2243	93436.646	0.2700
717	93428.60317647296	93428.8683	0.2242	93428.868	0.2270
718	93417.69758196508	93417.838	0.2242	93417.838	0.2260
719	93409.58890615201	93409.761	0.2242	93409.761	0.2260
721	93392.48972330677	93392.6734	0.2241	93392.673	0.2250
722	93352.10896818324	93352.3237	0.2239	93352.324	0.2280
723	93341.5842435492	93341.7645	0.2238	93341.765	0.2550
724	93333.90328696514	93334.0642	0.2238	93334.064	0.2250
725	93328.22492403013	93328.4741	0.2238	93328.474	0.2270
726	93295.31765770215	93295.4736	0.2236	93295.474	0.2250
727	93286.38108312967	93286.4979	0.2236	93286.498	0.2250
728	93282.799392056	93282.9619	0.2236	93282.962	0.2250
730	93274.19149840974	93274.3418	0.4471	93274.342	0.4480
731	93262.97911743328	93263.1286	0.2235	93263.129	0.2250
732	93253.81784121139	93253.9557	0.2234	93253.956	0.2250
733	93246.60796252063	93246.7844	0.2234	93246.784	0.2260
734	93243.02801802248	93243.1758	0.2234	93243.176	0.2240
735	93237.58412674245	93237.7439	0.2234	93237.744	0.2240
736	93231.40019118672	93231.5622	0.2233	93231.562	0.2240
737	93185.70132911086	93185.8496	0.2231	93185.850	0.2340
738	93169.90051581188	93170.1496	0.2231	93170.150	0.2250
739	93167.11322288062	93167.2507	0.2230	93167.251	0.2260
740	93139.28194269676	93139.4224	0.2229	93139.422	0.2240
742	93118.43036227743	93118.6615	0.2228	93118.662	0.2250
744	93095.02698304667	93095.1352	0.2227	93095.135	0.2240
746	93068.79690995101	93068.9322	0.2226	93068.932	0.2240
747	93065.22479148148	93065.3645	0.2226	93065.364	0.2260
748	93058.77027769391	93058.9469	0.2226	93058.947	0.2240
751	93035.80276096269	93035.9625	0.2225	93035.962	0.2940
752	93010.52125598108	93010.6107	0.2223	93010.611	0.2230
754	92977.22454618792	92977.211	0.4444	92977.211	0.4450
755	92974.39439353149	92974.441	0.4443	92974.441	0.4450
756	92972.58566244118	92972.6478	0.4443	92972.648	0.4450
757	92962.10973630114	92962.1601	0.2221	92962.160	0.2240
758	92940.18374881077	92940.3178	0.2220	92940.318	0.2230
759	92924.98364429401	92925.0312	0.2220	92925.031	0.2290
760	92908.72314440523	92908.8066	0.2219	92908.807	0.2230
762	92868.61076079364	92868.6731	0.2217	92868.673	0.2240
763	92865.09014849436	92865.1153	0.2217	92865.115	0.2230
764	92858.9771954247	92859.051	0.2733	92859.051	0.2740
765	92817.5938608923	92817.6493	0.2215	92817.649	0.2230
766	92811.62598306988	92811.7292	0.2214	92811.729	0.2240
767	92801.30551885736	92801.3734	0.2214	92801.373	0.2220
768	92796.81811331032	92796.8851	0.2214	92796.885	0.2280
769	92786.59154992239	92786.6692	0.2213	92786.669	0.2220
770	92783.1239356312	92783.1836	0.2213	92783.184	0.2670
771	92777.20117392454	92777.2459	0.2213	92777.246	0.2230
772	92766.79310896619	92766.7062	0.2212	92766.706	0.2220
773	92719.9981232969	92720.0792	0.2210	92720.079	0.2220
774	92706.5927295996	92706.6401	0.2210	92706.640	0.2220
778	92660.89257326526	92661.0088	0.2208	92661.009	0.2740
779	92655.3956008286	92655.4258	0.2207	92655.426	0.2220
780	92639.59920021078	92639.6821	0.2207	92639.682	0.2230
781	92618.49508429396	92618.5705	0.2206	92618.571	0.2330
783	92599.38044353946	92599.4174	0.2205	92599.417	0.2220
784	92597.12115715639	92597.1617	0.2205	92597.162	0.2220
785	92590.97906457928	92591.1012	0.2204	92591.101	0.2230
786	92583.1785707466	92583.233	0.2204	92583.233	0.2210
787	92576.57874464287	92576.631	0.2204	92576.631	0.2220
788	92553.27546299378	92553.381	0.2203	92553.381	0.2220
789	92545.20347240803	92545.3717	0.2202	92545.372	0.2240
790	92524.30754610233	92524.4051	0.2201	92524.405	0.2220
791	92515.68125829575	92515.733	0.2201	92515.733	0.2210
792	92488.98307502181	92489.0072	0.2200	92489.007	0.2210
793	92485.3873308674	92485.4247	0.2200	92485.425	0.2210
794	92476.49031409963	92476.5655	0.2199	92476.565	0.2210
795	92457.82533343969	92457.9793	0.2198	92457.979	0.2210
796	92443.12476166776	92443.1706	0.2198	92443.171	0.2210
797	92437.91747890654	92437.9929	0.2198	92437.993	0.2210
798	92417.59893554768	92417.6804	0.2197	92417.680	0.2250
801	92361.36940796103	92361.4286	0.2194	92361.429	0.2210
802	92351.10667942183	92351.1422	0.2194	92351.142	0.2220
803	92346.22919054571	92346.3182	0.2193	92346.318	0.2220
804	92336.01051409078	92336.054	0.2193	92336.054	0.2200
806	92306.42469341785	92306.5361	0.2192	92306.536	0.2210
807	92302.60496216155	92302.6222	0.2191	92302.622	0.2200
808	92289.40278603912	92289.4517	0.2733	92289.452	0.2770
809	92276.70911512038	92276.8272	0.2190	92276.827	0.2200
810	92272.43387082595	92272.5451	0.2190	92272.545	0.2200
811	92266.68209993067	92266.7604	0.2733	92266.760	0.2900
812	92261.48631837714	92261.5307	0.2190	92261.531	0.2200
813	92256.38224307455	92256.4783	0.2733	92256.478	0.2760
814	92244.88877048237	92244.9575	0.2189	92244.958	0.2210
815	92237.57875577091	92237.6638	0.2188	92237.664	0.2200
816	92233.57963740412	92233.6381	0.2188	92233.638	0.2270
817	92228.61803689723	92228.691	0.7434	92228.691	0.7710
818	92215.42813793592	92215.5044	0.2188	92215.504	0.2220
819	92176.69300925775	92176.7611	0.2733	92176.761	0.2870
820	92167.92169753811	92168.0222	0.2185	92168.022	0.2200
822	92145.83244278519	92145.8851	0.2184	92145.885	0.2280
823	92141.87983609147	92141.9451	0.2184	92141.945	0.2190
824	92133.61779524115	92133.6761	0.2184	92133.676	0.2200
825	92128.97798279028	92129.0091	0.2184	92129.009	0.2210
826	92120.80849101944	92120.8161	0.2183	92120.816	0.2200
827	92095.61009306028	92095.6849	0.2182	92095.685	0.2200
828	92088.22265694196	92088.2814	0.2182	92088.281	0.2190
829	92057.29794044635	92057.3575	0.2180	92057.357	0.2190
830	92053.81282174602	92053.8714	0.2180	92053.871	0.2200
831	92048.12611436666	92048.1631	0.2180	92048.163	0.2190
832	92035.42173208561	92035.539	0.2179	92035.539	0.2190
833	92030.37396693706	92030.4076	0.2179	92030.408	0.2200
834	92021.70997352926	92021.7809	0.2179	92021.781	0.2190
835	91996.90733184092	91996.965	0.2178	91996.965	0.2190
838	91974.99855251583	91975.0486	0.2177	91975.049	0.2200
839	91965.69598783887	91965.7323	0.2176	91965.732	0.2190
840	91960.97496241212	91961.0233	0.2176	91961.023	0.2190
841	91956.98980998754	91956.9898	0.2176	91956.990	0.2190
843	91945.49048450605	91945.4866	0.2175	91945.487	0.2190
845	91901.20362064827	91901.2555	0.2173	91901.255	0.2180
846	91887.78791111964	91887.8232	0.2173	91887.823	0.2180
847	91881.93137759695	91882.0017	0.2173	91882.002	0.2190
848	91863.48179953828	91863.5141	0.2172	91863.514	0.2180
849	91856.11611317033	91856.2145	0.2171	91856.215	0.2190
850	91837.58172722983	91837.6986	0.2171	91837.699	0.2180
851	91833.00848508041	91833.0634	0.2170	91833.063	0.2180
852	91813.29113258068	91813.3195	0.2169	91813.319	0.2180
853	91801.07861296157	91801.1374	0.2733	91801.137	0.2740
855	91779.22430752165	91779.2831	0.2168	91779.283	0.2180
856	91756.23005179048	91756.3272	0.2733	91756.327	0.2820
857	91749.78186850081	91749.8447	0.2167	91749.845	0.2190
858	91742.6083474365	91742.6483	0.2166	91742.648	0.2180
859	91712.31412536209	91712.375	0.2733	91712.375	0.2740
860	91698.01604657553	91698.1025	0.2164	91698.102	0.2180
862	91680.97729664289	91681.0193	0.2164	91681.019	0.2360
863	91672.57458074848	91672.6234	0.2163	91672.623	0.2170
864	91669.42772705882	91669.4314	0.2163	91669.431	0.2180
865	91655.08823773066	91655.1389	0.2162	91655.139	0.2170
867	91634.41113581647	91634.496	0.2733	91634.496	0.3320
868	91622.9098103711	91622.9746	0.5428	91622.975	0.5610
869	91618.98319672726	91619.0703	0.2161	91619.070	0.2170
870	91612.41436109824	91612.4788	0.2161	91612.479	0.2170
872	91576.51010797471	91576.5844	0.2159	91576.584	0.2170
873	91572.4047761378	91572.455	0.2159	91572.455	0.2170
874	91549.87455393362	91549.9101	0.4315	91549.910	0.4330
876	91534.78395259625	91534.8239	0.2157	91534.824	0.2170
877	91530.77128414904	91530.8379	0.2733	91530.838	0.3010
878	91498.82500993721	91498.9658	0.2155	91498.966	0.2180
879	91475.8148372054	91475.8487	0.2154	91475.849	0.2170
880	91470.12085734576	91470.1665	0.2154	91470.167	0.2170
881	91447.7105734413	91447.8016	0.2153	91447.802	0.2160
882	91441.01666091572	91441.0458	0.2153	91441.046	0.2160
883	91418.52443906639	91418.6206	0.2152	91418.621	0.2250
884	91402.81907626316	91402.912	0.2151	91402.912	0.2170
885	91386.38646973859	91386.4628	0.2150	91386.463	0.2160
886	91367.09364068846	91367.1415	0.2150	91367.141	0.2160
887	91354.49148299299	91354.5357	0.2149	91354.536	0.2160
888	91343.62211139707	91343.7022	0.2149	91343.702	0.2170
889	91338.20851857544	91338.2707	0.2148	91338.271	0.2160
890	91334.38642644434	91334.4597	0.2148	91334.460	0.2160
891	91330.20364856097	91330.2972	0.2148	91330.297	0.2160
892	91290.60155596076	91290.6515	0.2146	91290.652	0.2160
893	91281.42135761499	91281.4848	0.2146	91281.485	0.2350
894	91275.28270431407	91275.3342	0.2733	91275.334	0.2760
895	91260.37657838642	91260.4735	0.2145	91260.473	0.2160
896	91252.87953233403	91252.9278	0.2145	91252.928	0.2160
897	91234.20973546337	91234.288	0.7298	91234.288	0.7510
898	91230.80230306515	91230.9173	0.2144	91230.917	0.2170
899	91210.31995493852	91210.3641	0.5385	91210.364	0.5840
900	91180.07721940528	91180.1563	0.2733	91180.156	0.2760
902	91145.40360279713	91145.4666	0.2140	91145.467	0.2150
903	91108.29215771244	91108.3468	0.2138	91108.347	0.2150
904	91077.41098171583	91077.4326	0.2137	91077.433	0.2150
906	91054.51767593781	91054.5513	0.2136	91054.551	0.2150
907	91050.12124555175	91050.1524	0.2136	91050.152	0.2150
908	91032.71773111282	91032.7454	0.2135	91032.745	0.2150
909	91027.18694659855	91027.3071	0.2733	91027.307	0.2750
910	91013.77433781998	91013.8204	0.2134	91013.820	0.2150
911	90993.39043105395	90993.4613	0.2133	90993.461	0.2140
912	90988.09116540472	90988.1375	0.2133	90988.137	0.2140
913	90959.6088099242	90959.6378	0.2132	90959.638	0.2140
914	90950.01093510138	90950.0385	0.2131	90950.038	0.2140
915	90942.49501549722	90942.577	0.2131	90942.577	0.2150
916	90925.38504138775	90925.496	0.2130	90925.496	0.2150
917	90917.8309420011	90917.8741	0.2130	90917.874	0.2150
918	90876.97236329496	90876.7619	0.2128	90876.762	0.2150
919	90866.56958087388	90866.2645	0.2127	90866.265	0.2140
920	90863.99365444147	90863.6636	0.2733	90863.664	0.2780
921	90853.50302305662	90853.1759	0.2127	90853.176	0.2140
923	90772.10449506604	90771.804	0.2123	90771.804	0.2130
924	90764.10944929013	90763.8367	0.2123	90763.837	0.2140
925	90749.11486788797	90748.8678	0.2122	90748.868	0.2130
926	90711.82021520488	90711.5345	0.2121	90711.534	0.2130
927	90698.32442053845	90698.1518	0.2120	90698.152	0.2140
929	90658.97291098117	90658.6673	0.2118	90658.667	0.2140
930	90649.50220503044	90649.2122	0.2118	90649.212	0.2130
931	90646.61654698156	90646.3431	0.2118	90646.343	0.2130
932	90632.72593529198	90632.4643	0.2117	90632.464	0.2130
933	90616.39996254671	90616.1076	0.5323	90616.108	0.5590
934	90612.11806659952	90611.8264	0.2116	90611.826	0.2130
935	90607.60875982874	90607.337	0.2116	90607.337	0.2470
936	90597.77851903395	90597.5139	0.2116	90597.514	0.2130
937	90565.51091959153	90565.2333	0.2114	90565.233	0.2130
938	90547.80308959085	90547.5946	0.2113	90547.595	0.2120
939	90536.67369959228	90536.4	0.2113	90536.400	0.2130
940	90520.5958013368	90520.3587	0.2112	90520.359	0.2130
941	90510.5984640808	90510.3622	0.2112	90510.362	0.2140
943	90466.12144653586	90465.8164	0.2110	90465.816	0.2120
944	90457.47692431323	90457.1888	0.2109	90457.189	0.2130
947	90411.00506207535	90410.6891	0.2107	90410.689	0.2120
948	90395.31007339052	90395.0892	0.2107	90395.089	0.2130
949	90390.49759030768	90390.252	0.2106	90390.252	0.2120
950	90388.02693610036	90387.742	0.4213	90387.742	0.4260
952	90369.5906953601	90369.3277	0.2106	90369.328	0.2120
953	90354.22026625239	90353.9348	0.2105	90353.935	0.2120
954	90338.48812604479	90338.1959	0.2104	90338.196	0.2120
956	90290.51127782367	90290.2136	0.2102	90290.214	0.2120
957	90262.40109891303	90262.1159	0.4202	90262.116	0.4210
958	90259.97457747013	90259.7592	0.2733	90259.759	0.2750
959	90252.88226188131	90252.6124	0.2100	90252.612	0.2110
960	90243.32475280667	90243.0114	0.2100	90243.011	0.2110
961	90199.97308032373	90199.7149	0.2098	90199.715	0.2110
962	90194.99551957152	90194.7362	0.2098	90194.736	0.2190
963	90186.20449132635	90185.9556	0.2097	90185.956	0.2130
965	90170.41874191353	90170.1534	0.2097	90170.153	0.2110
966	90158.6259815174	90158.3867	0.2096	90158.387	0.2120
967	90128.81272636204	90128.5005	0.2095	90128.500	0.2110
968	90106.22668306642	90105.9545	0.2094	90105.955	0.2100
969	90083.42127042018	90083.1564	0.2093	90083.156	0.2100
970	90076.11950589369	90075.845	0.2093	90075.845	0.2100
971	90047.90330963812	90047.6248	0.2091	90047.625	0.2100
972	90036.88739161454	90036.5663	0.2091	90036.566	0.2120
973	90017.27906046889	90017.0259	0.2090	90017.026	0.2250
974	90006.1791232991	90005.8998	0.2090	90005.900	0.2100
976	89994.90379739655	89994.9142	0.2089	89994.914	0.2120
977	89978.79516680064	89978.4902	0.2088	89978.490	0.2100
978	89970.52093345215	89970.2323	0.2088	89970.232	0.2100
979	89965.372413627	89965.0634	0.2088	89965.063	0.2100
980	89952.80649985853	89952.5872	0.2087	89952.587	0.2110
982	89935.99006604392	89935.6919	0.2087	89935.692	0.2100
983	89924.00859066885	89923.7138	0.2086	89923.714	0.2100
984	89914.9748626788	89914.6868	0.2086	89914.687	0.2100
985	89906.39362956674	89906.1569	0.2085	89906.157	0.2100
986	89895.71268171082	89895.4075	0.2085	89895.408	0.2100
987	89883.68882307892	89883.3847	0.2084	89883.385	0.2090
988	89881.00938600859	89880.7083	0.2084	89880.708	0.2100
989	89850.09099915977	89849.7971	0.2083	89849.797	0.2100
990	89807.80140698655	89807.5561	0.2081	89807.556	0.2100
991	89786.50885160011	89786.218	0.2080	89786.218	0.2090
992	89748.22319404573	89748.0119	0.2078	89748.012	0.2100
993	89731.492414521	89731.168	0.2078	89731.168	0.2090
995	89693.186387887	89692.9655	0.2076	89692.966	0.2100
996	89657.70835040417	89657.385	0.2074	89657.385	0.2080
997	89651.60297582405	89651.3977	0.2074	89651.398	0.2100
998	89640.1958852043	89639.9077	0.2074	89639.908	0.2080
999	89627.81244472154	89627.5227	0.2073	89627.523	0.2080
1000	89594.58515287608	89594.3045	0.2072	89594.304	0.2090
1001	89584.52598715677	89584.5562	0.2071	89584.556	0.2100
1002	89575.08404004469	89574.7905	0.2733	89574.791	0.2740
1003	89564.31418064618	89564.0497	0.2070	89564.050	0.2110
1004	89551.09351486531	89550.8685	0.2070	89550.868	0.2100
1005	89507.09055071088	89506.7779	0.2068	89506.778	0.2080
1006	89485.47478284147	89485.1627	0.2733	89485.163	0.2750
1009	89447.28685006277	89447.0127	0.2065	89447.013	0.2080
1011	89413.82899178742	89413.5662	0.2064	89413.566	0.2070
1012	89404.80870724458	89404.5276	0.2063	89404.528	0.2080
1013	89387.61962155979	89387.5761	0.2063	89387.576	0.2130
1014	89361.19546839783	89360.9067	0.5194	89360.907	0.5410
1015	89353.29249412326	89353.0396	0.2061	89353.040	0.2150
1016	89346.27699374092	89346.0027	0.2061	89346.003	0.2080
1017	89327.99118030019	89327.6861	0.2060	89327.686	0.2080
1018	89321.20214716392	89320.9379	0.2060	89320.938	0.2070
1019	89314.72540829942	89314.4486	0.2733	89314.449	0.2880
1020	89309.79757627283	89309.4575	0.2059	89309.458	0.2070
1021	89265.2190241365	89265.02	0.2057	89265.020	0.2070
1022	89261.80298114913	89261.5199	0.2057	89261.520	0.2070
1023	89248.8119067736	89248.5821	0.2057	89248.582	0.2090
1024	89239.72440568627	89239.4815	0.2056	89239.481	0.2090
1025	89229.3927991353	89229.1237	0.2056	89229.124	0.2070
1026	89196.90953504121	89196.9294	0.2054	89196.929	0.2090
1027	89170.10711008294	89169.7755	0.2053	89169.776	0.2060
1028	89126.17703194985	89125.9159	0.2051	89125.916	0.2330
1029	89095.90501881142	89095.5749	0.2050	89095.575	0.2060
1030	89062.81146449206	89062.5644	0.2049	89062.564	0.2070
1031	89043.92706322414	89043.7015	0.2048	89043.701	0.2170
1032	89039.01748661054	89038.7199	0.2048	89038.720	0.2060
1033	88995.91309951023	88995.712	0.2046	88995.712	0.2070
1034	88991.09398468262	88990.7465	0.2045	88990.746	0.2060
1035	88974.30259479069	88974.0248	0.2045	88974.025	0.2060
1036	88966.87749880762	88966.6395	0.2044	88966.640	0.2060
1038	88915.11768046446	88914.8038	0.2042	88914.804	0.2060
1039	88860.82978399147	88860.4143	0.2040	88860.414	0.2050
1040	88853.98715452697	88853.6524	0.2040	88853.652	0.2070
1041	88841.81384225219	88841.4112	0.2039	88841.411	0.2050
1042	88831.62577872373	88831.2158	0.5000	88831.216	0.5130
1043	88818.21790859678	88817.9066	0.2038	88817.907	0.2060
1044	88815.08378418302	88814.7173	0.2038	88814.717	0.2060
1045	88799.83220936608	88799.4584	0.5137	88799.458	0.5460
1046	88787.70638948833	88787.3757	0.2037	88787.376	0.2060
1047	88760.82257575486	88760.4204	0.2036	88760.420	0.2060
1048	88746.72242704022	88746.3399	0.2035	88746.340	0.2050
1049	88728.78933814765	88728.3885	0.2034	88728.389	0.2040
1050	88722.71302164136	88722.2673	0.2034	88722.267	0.2060
1051	88702.27488386843	88701.8756	0.2033	88701.876	0.2050
1052	88595.08036419518	88594.7012	0.2028	88594.701	0.2060
1053	88569.71422059825	88569.2838	0.2027	88569.284	0.2040
1054	88512.4099636324	88512.0822	0.2025	88512.082	0.2110
1055	88504.5024753916	88504.121	0.2025	88504.121	0.2040
1056	88483.59671362756	88483.2864	0.2024	88483.286	0.2180
1058	88444.39196840575	88443.9802	0.2022	88443.980	0.2030
1059	88436.62701914564	88436.2865	0.2022	88436.287	0.2040
1060	88418.28009004338	88417.9018	0.2021	88417.902	0.2230
1061	88395.20711227159	88394.8304	0.2020	88394.830	0.2030
1062	88373.71799117276	88373.4133	0.2019	88373.413	0.2040
1063	88361.17315417454	88360.792	0.2018	88360.792	0.2030
1064	88341.31845558679	88340.8947	0.2018	88340.895	0.2030
1066	88240.08098857518	88239.6822	0.2013	88239.682	0.2020
1067	88223.62703120214	88223.2859	0.2013	88223.286	0.2030
1068	88160.23377874959	88159.8317	0.2010	88159.832	0.2030
1069	88147.50596636233	88147.107	0.2009	88147.107	0.2030
1070	88125.07507048888	88124.662	0.2008	88124.662	0.2020
1071	88105.4102139298	88105.0823	0.2007	88105.082	0.2030
1072	88084.91745562576	88084.6008	0.2007	88084.601	0.2030
1073	88054.99286737345	88054.6366	0.2005	88054.637	0.2020
1075	88033.81631704375	88033.4167	0.2004	88033.417	0.2020
1076	87990.68751262428	87990.3397	0.2003	87990.340	0.2020
1077	87985.49559302354	87985.1853	0.2002	87985.185	0.2020
1078	87979.52028692284	87979.1198	0.2002	87979.120	0.2010
1079	87973.27696379433	87972.9071	0.2002	87972.907	0.2020
1080	87962.19835241338	87961.8113	0.2001	87961.811	0.2010
1081	87935.50726761253	87935.1202	0.2000	87935.120	0.2020
1082	87895.56991440413	87895.1682	0.1999	87895.168	0.2010
1083	87888.20828221894	87887.8019	0.1998	87887.802	0.2010
1084	87882.27863193692	87881.8955	0.1998	87881.895	0.2010
1085	87855.61792403883	87855.2354	0.1997	87855.235	0.2010
1086	87818.51113891239	87818.1718	0.1995	87818.172	0.2010
1088	87799.56870950299	87799.1678	0.1994	87799.168	0.2110
1089	87789.38477375584	87788.9992	0.1994	87788.999	0.2010
1090	87777.41979390512	87777.0585	0.1993	87777.058	0.2220
1091	87743.30766278873	87742.8912	0.1992	87742.891	0.2000
1092	87733.08359598916	87732.7378	0.1992	87732.738	0.2010
1093	87705.90725872606	87705.5634	0.1990	87705.563	0.2010
1094	87687.51932189731	87687.1749	0.1990	87687.175	0.2020
1095	87630.37553975303	87629.9787	0.1987	87629.979	0.2010
1096	87622.29925986643	87621.8813	0.1987	87621.881	0.2000
1097	87610.22928877849	87609.848	0.1986	87609.848	0.2270
1099	87588.90862161285	87588.5798	0.1985	87588.580	0.2010
1100	87581.39745642373	87581.0104	0.1985	87581.010	0.2000
1101	87575.79801801169	87575.5045	0.1985	87575.504	0.2010
1102	87564.77111672238	87564.3666	0.1984	87564.367	0.2000
1103	87512.79921010791	87512.4503	0.1982	87512.450	0.1990
1104	87505.29626198037	87504.9009	0.1982	87504.901	0.2000
1108	87462.89613123296	87462.5667	0.1980	87462.567	0.2010
1109	87425.11286749247	87425.0261	0.5000	87425.026	0.5010
1110	87417.4009361116	87417.0775	0.1978	87417.077	0.2000
1112	87357.16790986549	87356.7658	0.1976	87356.766	0.1990
1114	87301.48509853556	87301.1552	0.1973	87301.155	0.2000
1115	87270.00683228367	87269.6786	0.1972	87269.679	0.2080
1116	87255.47882766629	87255.1394	0.1971	87255.139	0.1990
1117	87233.69830944043	87233.3917	0.1970	87233.392	0.2000
1118	87214.38285066938	87214.021	0.1970	87214.021	0.1980
1119	87209.89075985739	87209.5817	0.1969	87209.582	0.1990
1120	87205.48378720006	87205.088	0.1969	87205.088	0.1980
1121	87097.6972981877	87097.2787	0.1965	87097.279	0.1990
1123	87044.61654235047	87044.179	0.1962	87044.179	0.1990
1124	87033.79530474148	87033.2987	0.1962	87033.299	0.1970
1125	87018.58078209178	87018.058	0.1961	87018.058	0.1970
1126	86976.19104498722	86975.7326	0.1960	86975.733	0.1980
1127	86959.83110912243	86959.3081	0.1959	86959.308	0.2000
1128	86917.38162119592	86916.9534	0.1957	86916.953	0.1990
1129	86884.29646298687	86883.7688	0.1956	86883.769	0.1970
1130	86845.20563264805	86844.7112	0.1954	86844.711	0.1960
1131	86840.99073863443	86840.5786	0.1954	86840.579	0.1980
1132	86826.80639850815	86826.3233	0.1953	86826.323	0.1960
1133	86815.88725402931	86815.4427	0.1953	86815.443	0.1970
1134	86811.42131005597	86810.963	0.1953	86810.963	0.1970
1135	86779.41038190442	86778.9616	0.1951	86778.962	0.1980
1136	86670.42169806043	86669.992	0.1947	86669.992	0.1970
1137	86648.28714685504	86647.8716	0.1946	86647.872	0.2280
1138	86615.62094639432	86615.4145	0.1944	86615.414	0.1970
1139	86602.2036852563	86601.6664	0.1944	86601.666	0.1960
1140	86532.50796333064	86532.044	0.1941	86532.044	0.1960
1141	86524.11718727442	86523.6445	0.1941	86523.644	0.1960
1142	86514.82861743284	86514.4041	0.1940	86514.404	0.1960
1143	86474.51300849492	86474.0675	0.1939	86474.068	0.1950
1144	86409.59141265575	86409.1302	0.1936	86409.130	0.1960
1146	86358.48107998873	86358.0805	0.1934	86358.080	0.1970
1147	86339.22169877849	86338.7894	0.4894	86338.789	0.4900
1148	86290.88802383615	86290.3773	0.1931	86290.377	0.1940
1149	86244.29604822659	86243.8319	0.1929	86243.832	0.1950
1150	86220.41561148361	86219.9857	0.1928	86219.986	0.1950
1151	86176.50767139635	86175.9987	0.1926	86175.999	0.1940
1152	86153.62881299866	86153.1639	0.1925	86153.164	0.1940
1153	86145.91678560396	86145.4622	0.1925	86145.462	0.1950
1154	86140.67249869602	86140.2298	0.1925	86140.230	0.1950
1155	86098.5201088595	86098.0709	0.1923	86098.071	0.1940
1156	86093.19623128421	86092.8193	0.1923	86092.819	0.1950
1160	85804.07488900545	85804.1433	0.5000	85804.143	0.5010
1161	85704.19812015604	85704.2189	0.1907	85704.219	0.1930
1167	85076.697796448	85076.3552	0.1881	85076.355	0.1900
1168	85073.21478049719	85072.8277	0.1881	85072.828	0.1900
1169	85060.19809744878	85059.8551	0.1880	85059.855	0.1910
1170	84994.40484141289	84994.0966	0.1877	84994.097	0.1900
1171	84897.87327109692	84897.5546	0.3747	84897.555	0.3760
1174	84879.5709754716	84879.1849	0.1873	84879.185	0.1890
1175	84849.88918940189	84849.4568	0.1871	84849.457	0.1880
1176	84764.50756635655	84764.1469	0.1868	84764.147	0.1880
1177	84761.12285140691	84760.8434	0.1868	84760.843	0.1910
1179	84616.40000805525	84616.3765	0.1862	84616.376	0.1920
1180	84612.97579136555	84612.6546	0.1862	84612.655	0.1890
1182	84571.97364768786	84571.6557	0.4724	84571.656	0.4740
1183	84555.50847556801	84555.1412	0.1859	84555.141	0.1870
1184	84545.58410494875	84545.2518	0.1859	84545.252	0.1870
1186	84477.21680430092	84476.9427	0.1856	84476.943	0.1880
1188	84402.00223284728	84401.6018	0.1853	84401.602	0.1900
1190	84341.07910625264	84340.7439	0.1851	84340.744	0.1860
1192	84216.3277280478	84216.0095	0.1846	84216.010	0.1860
1193	84212.63579228868	84212.2965	0.1845	84212.296	0.1860
1194	84204.21026892956	84203.867	0.1845	84203.867	0.1860
1195	84131.02383157586	84130.671	0.1842	84130.671	0.1860
1198	84024.29539765173	84023.9324	0.1838	84023.932	0.1850
1200	83889.30650966638	83889.0027	0.1832	83889.003	0.1840
1202	83836.78203237744	83836.5149	0.1830	83836.515	0.1870
1203	83730.3696720153	83730.0419	0.1826	83730.042	0.1850
1204	83633.58514539726	83633.2405	0.1822	83633.240	0.1850
1206	83549.67130405718	83549.3448	0.1819	83549.345	0.1970
1207	83542.27215964049	83541.9847	0.1818	83541.985	0.1840
1208	83506.97188782794	83506.6332	0.1817	83506.633	0.1840
1209	83501.1006473218	83500.7956	0.1817	83500.796	0.1840
1210	83496.78538190502	83496.4757	0.1817	83496.476	0.1830
1212	83444.67469110375	83444.4152	0.1814	83444.415	0.1850
1215	83323.60826248789	83323.5562	0.1810	83323.556	0.1830
1216	83319.22597665204	83319.5129	0.6284	83319.513	0.6300
1217	83315.69876992477	83315.9745	0.5000	83315.974	0.5030
1218	83294.11058982855	83294.1511	0.1808	83294.151	0.1850
1219	83272.32454478808	83272.2764	0.1808	83272.276	0.1840
1220	83194.76264798323	83194.6974	0.1804	83194.697	0.1820
1221	83167.77306883688	83167.7545	0.1803	83167.754	0.1820
1223	83159.03100538101	83158.9837	0.1803	83158.984	0.1840
1226	83121.79213598516	83122.0643	0.4588	83122.064	0.4610
1227	83118.19711411321	83118.1611	0.4588	83118.161	0.4600
1228	83107.12937731012	83107.1718	0.1801	83107.172	0.1810
1229	83094.58301770581	83094.5642	0.1800	83094.564	0.1830
1231	83056.48536823096	83056.4952	0.1799	83056.495	0.1830
1232	83051.09865734098	83051.0742	0.1799	83051.074	0.1820
1238	82762.81471317468	82762.8376	0.1787	82762.838	0.1800
1239	82729.76653531461	82729.8026	0.2733	82729.803	0.2750
1244	82608.30528918524	82607.9568	0.1781	82607.957	0.1840
1245	82568.81018199942	82568.8813	0.1780	82568.881	0.1820
1247	82508.39110146425	82508.3317	0.1777	82508.332	0.1800
1248	82504.62934954636	82504.5831	0.1777	82504.583	0.1790
1249	82489.80432132006	82489.8007	0.1776	82489.801	0.1800
1250	82334.20529114065	82334.2288	0.1770	82334.229	0.2190
1251	82237.10866083979	82237.161	0.1766	82237.161	0.1790
1253	82157.87235179478	82157.8103	0.1763	82157.810	0.1780
1254	82137.33102089485	82137.3255	0.1763	82137.326	0.1790
1256	82074.63451531377	82074.5768	0.1760	82074.577	0.1770
1257	82065.89586462833	82065.8379	0.1760	82065.838	0.1770
1258	82020.4719004522	82020.4859	0.1758	82020.486	0.1970
1259	82000.8137784272	82000.7567	0.1757	82000.757	0.1770
1260	81968.89504296522	81968.922	0.1756	81968.922	0.1780
1261	81948.48100568367	81948.4717	0.1755	81948.472	0.1770
1262	81940.48739443008	81940.5098	0.1755	81940.510	0.1800
1264	81818.72225971126	81818.7218	0.1750	81818.722	0.1770
1265	81799.7942929187	81799.8025	0.1749	81799.803	0.1770
1268	81698.33126936172	81698.3274	0.1745	81698.327	0.1760
1269	81428.78748320631	81429.1316	0.1735	81429.132	0.1770
1270	81392.79547012702	81393.1984	0.3467	81393.198	0.3490
1274	81087.09016179322	81087.3788	0.1721	81087.379	0.1740
1275	81065.31963601298	81065.5622	0.1721	81065.562	0.1730
1276	81045.88664538828	81046.1837	0.2733	81046.184	0.2740
1277	81027.41941532436	81027.7396	0.1719	81027.740	0.1730
1278	81014.2233375567	81014.5365	0.1719	81014.537	0.1730
1279	81002.21700163426	81002.4869	0.1718	81002.487	0.1740
1280	80994.68563957674	80994.9506	0.1718	80994.951	0.1730
1283	80867.1682506287	80867.4362	0.1713	80867.436	0.1720
1285	80774.99126077937	80775.3694	0.1709	80775.369	0.1760
1286	80679.82852347603	80680.0151	0.1706	80680.015	0.1720
1287	80578.41699522753	80578.4991	0.4357	80578.499	0.4500
1288	80472.08690843688	80472.3785	0.1698	80472.379	0.1710
1289	80342.63198626786	80342.8846	0.1693	80342.885	0.1700
1290	80287.69070272322	80288.1635	0.1691	80288.163	0.1900
1292	80062.43452454891	80062.6206	0.1682	80062.621	0.1690
1295	79812.48051915156	79812.65	0.2733	79812.650	0.2750
1296	79686.68004995096	79686.8247	0.1668	79686.825	0.1690
1297	79670.99335442549	79671.1651	0.1667	79671.165	0.1690
1299	79594.89559599163	79595.1111	0.1664	79595.111	0.1880
1301	79495.30016997036	79495.482	0.6000	79495.482	0.6010
1302	79447.03471283363	79447.1752	0.1659	79447.175	0.1680
1305	79381.01329182438	79381.1623	0.1656	79381.162	0.1670
1306	79302.70512826125	79302.8657	0.1653	79302.866	0.1670
1307	79247.40233843001	79247.5682	0.1651	79247.568	0.1670
1309	79159.39324982838	79159.5861	0.1648	79159.586	0.1660
1310	79145.91475326457	79146.1446	0.1647	79146.145	0.1670
1312	79029.70352149126	79029.9155	0.2733	79029.916	0.2830
1313	79009.17258539116	79009.3257	0.1642	79009.326	0.1760
1316	78877.83757814919	78878.0407	0.1637	78878.041	0.1660
1317	78859.12106102619	78859.2562	0.1636	78859.256	0.1650
1319	78787.80172347443	78787.9341	0.1634	78787.934	0.1650
1320	78780.79171013323	78780.937	0.1633	78780.937	0.1910
1321	78771.22296079338	78771.3811	0.1633	78771.381	0.1650
1322	78626.91615544069	78627.0109	0.1628	78627.011	0.1640
1324	78573.7214741169	78573.8033	0.1626	78573.803	0.1640
1326	78560.70364628707	78560.8923	0.1625	78560.892	0.1650
1327	78532.31817135359	78532.5256	0.1624	78532.526	0.1670
1328	78436.0347861962	78436.4092	0.1621	78436.409	0.1850
1330	78349.81981195626	78349.8167	0.1617	78349.817	0.1630
1331	78332.32608181161	78332.5734	0.4161	78332.573	0.4170
1333	78312.39936331025	78312.3464	0.1616	78312.346	0.1630
1338	77880.21819377536	77880.2426	0.1600	77880.243	0.1620
1341	77704.0015716601	77704.1101	0.1593	77704.110	0.1640
1343	77579.58472571927	77579.5523	0.1589	77579.552	0.1610
1344	77530.38408929449	77530.4009	0.1587	77530.401	0.1600
1345	77453.09588641573	77453.2235	0.2733	77453.223	0.2760
1346	77395.6755458509	77395.6976	0.1582	77395.698	0.1800
1348	77334.79666824827	77334.8006	0.1580	77334.801	0.1590
1349	77277.18876711607	77277.35	0.1578	77277.350	0.1840
1350	77273.60137805337	77273.6236	0.1578	77273.624	0.1590
1351	77252.52156656503	77252.5651	0.1577	77252.565	0.1590
1353	77191.88731437385	77191.9531	0.1575	77191.953	0.1610
1354	77051.80940566245	77051.7725	0.1569	77051.773	0.1580
1359	76970.86895884176	76970.9626	0.1566	76970.963	0.1600
1360	76958.18644744565	76958.2801	0.1566	76958.280	0.1600
1362	76906.21238240539	76906.3962	0.1564	76906.396	0.1780
1363	76886.5891562809	76886.6707	0.1563	76886.671	0.1610
1364	76763.8854850217	76763.9666	0.1559	76763.967	0.1610
1366	76748.27623045433	76748.2695	0.1558	76748.269	0.1570
1367	76716.48036107804	76716.4166	0.1557	76716.417	0.1570
1368	76591.79105869353	76591.7875	0.1553	76591.788	0.1650
1369	76583.1050884688	76583.1701	0.1552	76583.170	0.1590
1370	76576.00809607327	76576.0607	0.1552	76576.061	0.1570
1371	76545.07176947924	76544.976	0.1551	76544.976	0.1570
1373	76438.91829058208	76438.97	0.1547	76438.970	0.1590
1374	76418.89150623391	76418.9659	0.1546	76418.966	0.1610
1376	76335.81462496241	76335.8603	0.1543	76335.860	0.1560
1377	76317.9945145257	76318.0512	0.1543	76318.051	0.1590
1380	76199.99817641656	76200.043	0.1539	76200.043	0.1560
1382	76130.27606451687	76130.2352	0.1536	76130.235	0.1550
1383	76127.71343682536	76127.7588	0.1536	76127.759	0.1570
1384	76095.61857701319	76095.6862	0.1535	76095.686	0.1570
1385	76070.32138065565	76070.3676	0.1534	76070.368	0.1780
1386	76011.18251892242	76011.2763	0.1532	76011.276	0.1570
1387	75972.60093095066	75972.6638	0.1530	75972.664	0.1580
1388	75946.361327278	75946.4527	0.1529	75946.453	0.1580
1389	75769.28913668396	75769.3482	0.1523	75769.348	0.1770
1390	75766.52255203122	75766.5599	0.1523	75766.560	0.1550
1391	75670.43019814705	75670.4562	0.1520	75670.456	0.1540
1392	75621.44305478802	75621.3859	0.1518	75621.386	0.1530
1394	75462.87763420535	75462.7883	0.1512	75462.788	0.1570
1395	75289.4766798712	75289.3625	0.1506	75289.363	0.1520
1396	75275.58782264178	75275.5572	0.1505	75275.557	0.1720
1397	75218.57450908981	75218.2425	0.3000	75218.242	0.3100
1398	75132.3203319287	75132.2073	0.1500	75132.207	0.1540
1399	75103.8235528159	75103.7271	0.1499	75103.727	0.1750
1400	75054.83516876581	75054.8819	0.1498	75054.882	0.1740
1403	74907.31590848733	74907.0569	0.1492	74907.057	0.1550
1404	74898.83735011506	74898.7534	0.1492	74898.753	0.1530
1407	74693.19823870742	74693.0754	0.1485	74693.075	0.1520
1409	74468.20301226884	74468.0943	0.1477	74468.094	0.1510
1411	74365.80642198797	74365.61	0.1473	74365.610	0.1490
1414	74230.11709610329	74229.928	0.1469	74229.928	0.1700
1416	74210.78989847354	74210.6983	0.1468	74210.698	0.1520
1418	74110.62713516346	74110.5576	0.1465	74110.558	0.1510
1419	74095.03090972957	74094.874	0.1464	74094.874	0.1510
1420	74088.33299786698	74088.2754	0.1464	74088.275	0.1570
1423	74024.43866600074	74024.2151	0.1462	74024.215	0.1510
1424	73936.54010290923	73936.4874	0.1458	73936.487	0.1710
1426	73910.53093025535	73910.3086	0.1458	73910.309	0.1500
1429	73855.40567276598	73855.044	0.1456	73855.044	0.1520
1431	73789.08783858546	73788.861	0.1453	73788.861	0.1460
1435	73625.07698308228	73624.8594	0.1448	73624.859	0.1510
1437	73579.0827098719	73578.7861	0.3772	73578.786	0.3780
1438	73431.51632210724	73431.3293	0.1441	73431.329	0.1540
1439	73415.3597565965	73415.1074	0.1440	73415.107	0.1450
1443	73297.50048774369	73297.2648	0.1436	73297.265	0.1550
1444	73293.24390953674	73292.9441	0.1436	73292.944	0.1450
1445	73279.12421904423	73278.9398	0.1436	73278.940	0.1540
1447	73178.48283837135	73178.0929	0.1432	73178.093	0.1630
1448	73165.68561349763	73165.6047	0.1432	73165.605	0.1630
1451	72985.82207708032	72985.4462	0.1426	72985.446	0.1630
1452	72967.61151832959	72967.3955	0.1425	72967.395	0.1440
1456	72783.42738692787	72783.2147	0.1419	72783.215	0.1430
1459	72682.5002400827	72682.3176	0.1415	72682.318	0.1490
1461	72672.72231657383	72672.5033	0.1415	72672.503	0.1460
1462	72633.77907568148	72633.5889	0.1414	72633.589	0.1460
1463	72599.22666939828	72599.0433	0.1413	72599.043	0.1520
1464	72569.37009099127	72569.1093	0.1412	72569.109	0.1650
1465	72548.67736121548	72548.4496	0.1411	72548.450	0.1490
1466	72465.97930815228	72465.7923	0.1408	72465.792	0.1420
1468	72400.33069050244	72400.2362	0.1406	72400.236	0.1630
1469	72387.91425328287	72387.7412	0.1405	72387.741	0.1670
1470	72368.52771656154	72368.1321	0.3000	72368.132	0.3100
1471	72364.87603333742	72364.6853	0.1405	72364.685	0.1420
1472	72356.53461792895	72356.2772	0.1404	72356.277	0.1460
1473	72348.7972068699	72348.7037	0.1404	72348.704	0.1520
1474	72340.52128688799	72340.4137	0.1404	72340.414	0.1430
1475	72274.8048386674	72274.621	0.1402	72274.621	0.1420
1477	72264.98981364998	72264.8134	0.1401	72264.813	0.1450
1478	72219.42022403798	72219.1142	0.1400	72219.114	0.1640
1480	72141.59053097472	72141.3702	0.1397	72141.370	0.1410
1483	72057.79239750929	72057.7477	0.1394	72057.748	0.1650
1484	72045.90148493192	72045.7311	0.1394	72045.731	0.1470
1485	72042.31618185826	72041.9725	0.1394	72041.973	0.1600
1489	71953.51875321216	71953.2365	0.1391	71953.236	0.1450
1490	71937.8315119854	71937.6401	0.1390	71937.640	0.1400
1495	71805.49921690744	71805.3532	0.1386	71805.353	0.1490
1496	71796.52262584925	71796.1596	0.1386	71796.160	0.1590
1498	71760.40954567524	71760.2628	0.1384	71760.263	0.1480
1501	71719.39491488336	71719.1615	0.1383	71719.162	0.1450
1502	71713.62619259013	71713.4051	0.1383	71713.405	0.1400
1504	71705.91556674632	71705.8362	0.2733	71705.836	0.2860
1506	71695.69136356145	71695.2603	0.1382	71695.260	0.1410
1510	71650.79306697498	71650.6377	0.1381	71650.638	0.1490
1511	71647.50453923053	71647.2771	0.1381	71647.277	0.1400
1513	71610.4699138218	71610.2206	0.1379	71610.221	0.1460
1515	71570.32519621663	71570.1951	0.1378	71570.195	0.1490
1516	71564.33105739094	71564.1526	0.1378	71564.153	0.1460
1519	71534.90233953846	71534.7694	0.1377	71534.769	0.1400
1520	71499.10014573747	71498.8386	0.1376	71498.839	0.1460
1523	71472.41972040293	71472.2565	0.1375	71472.257	0.1420
1524	71420.40721804588	71420.1026	0.1373	71420.103	0.1580
1526	71406.42812221998	71406.2163	0.1372	71406.216	0.1440
1528	71368.61729844472	71368.5185	0.1371	71368.519	0.1480
1529	71356.96793582104	71356.8825	0.1371	71356.883	0.1480
1530	71338.18075343357	71337.867	0.1370	71337.867	0.1590
1531	71325.16024888484	71325.034	0.2740	71325.034	0.2810
1532	71324.28819067363	71324.1752	0.2740	71324.175	0.2790
1533	71320.47614541338	71320.2744	0.1370	71320.274	0.1730
1534	71303.3865396536	71303.3624	0.1369	71303.362	0.1600
1535	71296.21199779114	71296.0096	0.1369	71296.010	0.1440
1537	71280.57014058498	71280.4808	0.1368	71280.481	0.1470
1538	71267.16131112353	71267.0601	0.1368	71267.060	0.1490
1539	71260.0938073914	71259.9866	0.1368	71259.987	0.1440
1540	71245.47659857523	71245.3788	0.1367	71245.379	0.1480
1543	71219.89771727836	71219.7327	0.1366	71219.733	0.1410
1547	71152.3987870788	71152.1797	0.1364	71152.180	0.1460
1548	71146.82386661497	71146.6383	0.1364	71146.638	0.1610
1549	71120.17126847719	71120.0505	0.1363	71120.050	0.1380
1551	71062.49844286946	71062.2875	0.3500	71062.288	0.3510
1552	71060.07943128902	71059.9261	0.2722	71059.926	0.2770
1553	71058.91020975457	71058.8469	0.2722	71058.847	0.2770
1555	71048.71159623834	71048.3421	0.3580	71048.342	0.3630
1556	71044.21768203714	71043.9488	0.1360	71043.949	0.1430
1557	71034.18367309596	71033.9302	0.1360	71033.930	0.1460
1558	71027.57613541691	71027.4145	0.1360	71027.414	0.1430
1559	71011.58507417192	71011.4629	0.1359	71011.463	0.1480
1560	70995.29782425554	70995.1999	0.1359	70995.200	0.1470
1561	70948.20113901945	70947.9216	0.1357	70947.922	0.1450
1562	70945.3861945475	70945.2663	0.1357	70945.266	0.1460
1563	70936.68104697361	70936.75	0.1357	70936.750	0.1480
1564	70931.99743474303	70931.8309	0.3571	70931.831	0.3620
1565	70906.69850758929	70906.5455	0.1356	70906.545	0.1600
1566	70895.43012621852	70895.1043	0.4953	70895.104	0.5010
1567	70889.26494728564	70888.9776	0.1355	70888.978	0.1430
1568	70884.52606099921	70884.2548	0.1355	70884.255	0.1610
1570	70853.03377578588	70852.765	0.2708	70852.765	0.2730
1571	70851.68951468797	70851.5276	0.2708	70851.528	0.2740
1572	70834.97950375977	70834.8498	0.3564	70834.850	0.3750
1573	70830.607434807	70830.3753	0.1353	70830.375	0.1600
1574	70825.33345564139	70825.2873	0.1353	70825.287	0.1500
1576	70806.6289934084	70806.5856	0.1353	70806.586	0.1490
1577	70796.86895062815	70796.6376	0.1352	70796.638	0.1590
1579	70780.17959457467	70780.036	0.5000	70780.036	0.5040
1580	70759.63207539722	70759.2513	0.3558	70759.251	0.3680
1581	70753.42564527362	70753.2129	0.1351	70753.213	0.1410
1582	70737.67323550316	70737.5489	0.1350	70737.549	0.1390
1584	70714.50515543012	70714.3402	0.1350	70714.340	0.1490
1588	70627.76284484738	70627.5737	0.1347	70627.574	0.1400
1589	70613.23258686559	70612.8367	0.1346	70612.837	0.1600
1590	70582.63084943492	70582.1906	0.1345	70582.191	0.1520
1591	70567.59707343974	70567.5104	0.1345	70567.510	0.1460
1592	70548.82207952328	70548.7994	0.1344	70548.799	0.1600
1593	70498.13765511064	70497.9748	0.1343	70497.975	0.1400
1594	70473.84178072575	70473.7284	0.1342	70473.728	0.1410
1596	70419.01144598097	70418.707	0.3533	70418.707	0.3610
1597	70405.9798772055	70405.8942	0.1340	70405.894	0.1450
1598	70383.12454735284	70382.8159	0.1339	70382.816	0.1550
1599	70360.00320979887	70359.9886	0.1338	70359.989	0.1570
1600	70349.27026812005	70349.0174	0.1338	70349.017	0.1560
1603	70319.58505569994	70319.2911	0.3526	70319.291	0.3640
1605	70287.99842709112	70287.8927	0.1336	70287.893	0.1450
1606	70276.88705292746	70276.7081	0.1335	70276.708	0.1400
1607	70268.43175142615	70267.9439	0.3522	70267.944	0.3600
1609	70254.67277231609	70254.2308	0.1335	70254.231	0.1470
1610	70241.82864310766	70241.6634	0.1334	70241.663	0.1340
1611	70224.67569657897	70224.6049	0.1334	70224.605	0.1460
1612	70186.51664055423	70186.3185	0.1332	70186.318	0.1730
1613	70122.92618233844	70122.8332	0.1330	70122.833	0.1380
1615	70049.53710884305	70049.2508	0.1328	70049.251	0.1560
1617	70027.12298284803	70027.0902	0.1327	70027.090	0.1400
1621	69913.98775102249	69913.8764	0.1324	69913.876	0.1570
1622	69903.52110430566	69903.3391	0.1323	69903.339	0.1550
1623	69884.61654519572	69884.5587	0.1323	69884.559	0.1440
1625	69876.17774140571	69876.2166	0.1322	69876.217	0.1540
1626	69869.2907414337	69869.1429	0.1322	69869.143	0.1530
1627	69854.14723986547	69854.2028	0.1322	69854.203	0.1580
1628	69846.49866767054	69846.641	0.2733	69846.641	0.2800
1629	69831.67637551787	69831.5762	0.3491	69831.576	0.3500
1631	69738.11570040684	69738.1418	0.1318	69738.142	0.1560
1636	69693.93160911302	69693.8182	0.1316	69693.818	0.1470
1637	69638.9987015825	69638.7317	0.1315	69638.732	0.1550
1639	69547.27418736643	69547.1752	0.1312	69547.175	0.1400
1642	69506.28059765775	69506.1448	0.1310	69506.145	0.1350
1643	69504.00447217925	69503.9033	0.1310	69503.903	0.1380
1644	69496.32058099711	69496.2526	0.1310	69496.253	0.1530
1645	69472.42140728782	69472.4997	0.3465	69472.500	0.3520
1646	69466.62853120119	69466.7113	0.1309	69466.711	0.1620
1647	69448.20504801933	69448.1628	0.1309	69448.163	0.1430
1648	69433.16880576749	69432.8329	0.1308	69432.833	0.1530
1652	69377.5774075621	69377.2932	0.1306	69377.293	0.1530
1654	69344.03253109344	69343.855	0.1305	69343.855	0.1550
1655	69334.18686750416	69334.076	0.1305	69334.076	0.1330
1658	69299.82370799007	69299.7389	0.1304	69299.739	0.1420
1660	69268.4286733797	69268.3587	0.3450	69268.359	0.3470
1661	69246.9953934214	69246.727	0.1302	69246.727	0.1540
1662	69236.20563993786	69236.1989	0.1302	69236.199	0.1350
1663	69225.66950915869	69225.6572	0.3447	69225.657	0.3610
1666	69179.40070370567	69179.3157	0.1300	69179.316	0.1350
1667	69172.60464731322	69172.5923	0.1300	69172.592	0.1430
1668	69164.80592922629	69164.4837	0.3443	69164.484	0.3530
1669	69139.02635042342	69138.9302	0.1299	69138.930	0.1310
1670	69094.1224943112	69094.0513	0.1297	69094.051	0.1580
1672	69062.53112049516	69062.4704	0.1296	69062.470	0.1760
1673	69052.76890434383	69052.8114	0.1296	69052.811	0.1540
1675	69021.9775499747	69021.8982	0.1295	69021.898	0.1360
1677	68946.36322058472	68946.401	0.1293	68946.401	0.1760
1678	68941.73607626927	68941.7708	0.1292	68941.771	0.1410
1679	68919.8898196405	68919.7835	0.3426	68919.784	0.3450
1680	68908.81788212903	68908.7094	0.1291	68908.709	0.1540
1681	68900.9901273856	68900.7054	0.3424	68900.705	0.3640
1682	68880.81435607097	68880.4692	0.1290	68880.469	0.1470
1683	68870.28878287874	68870.3257	0.3422	68870.326	0.3680
1685	68847.8478697599	68847.8203	0.1289	68847.820	0.1300
1686	68843.55547210434	68843.4903	0.1289	68843.490	0.1400
1687	68828.48151749355	68828.2846	0.1289	68828.285	0.1570
1689	68818.6774832231	68818.5783	0.3418	68818.578	0.3450
1690	68803.93806401557	68803.9499	0.1288	68803.950	0.1410
1692	68789.75716720012	68789.6754	0.1288	68789.675	0.1540
1693	68778.91057014036	68778.7965	0.1287	68778.796	0.1560
1694	68774.41570392057	68774.3789	0.1287	68774.379	0.1360
1695	68763.24774183739	68762.9026	0.1287	68762.903	0.1420
1696	68747.32243611298	68747.2918	0.1286	68747.292	0.1370
1699	68730.56202351714	68730.1952	0.4754	68730.195	0.4810
1700	68700.99568331946	68701.0653	0.1285	68701.065	0.1520
1701	68654.24341677917	68654.1617	0.1283	68654.162	0.1300
1702	68646.51959472631	68646.5433	0.1283	68646.543	0.1390
1708	68610.07524761991	68610.036	0.1282	68610.036	0.1430
1709	68597.27395043135	68597.2052	0.1281	68597.205	0.1540
1710	68592.09380134229	68591.9726	0.1281	68591.973	0.1320
1712	68577.60366414668	68577.5553	0.1281	68577.555	0.1350
1713	68558.22788842936	68558.1423	0.3400	68558.142	0.3650
1714	68554.13693444141	68553.83	0.1280	68553.830	0.1510
1717	68528.02038324643	68528.0125	0.3398	68528.012	0.3430
1719	68521.07981860999	68521.0631	0.1279	68521.063	0.1420
1720	68508.43915222632	68508.4892	0.1279	68508.489	0.1550
1723	68472.51240546975	68472.5573	0.1278	68472.557	0.1390
1728	68417.41879010636	68417.0998	0.3390	68417.100	0.3500
1729	68398.57038550824	68398.4564	0.1275	68398.456	0.1550
1730	68392.20157626651	68392.0195	0.1275	68392.019	0.1560
1732	68366.71566001172	68366.4301	0.1274	68366.430	0.1540
1734	68337.19351998436	68336.8397	0.1273	68336.840	0.1470
1736	68317.39766948664	68317.3547	0.1273	68317.355	0.1330
1741	68271.40730316115	68271.3769	0.4714	68271.377	0.4730
1744	68253.60704037391	68253.5786	0.1271	68253.579	0.1290
1745	68249.318872099	68249.2928	0.1271	68249.293	0.1390
1747	68213.57410412426	68213.42	0.5000	68213.420	0.5080
1751	68162.56895873249	68162.5524	0.3372	68162.552	0.3390
1752	68159.21415092428	68159.1694	0.1268	68159.169	0.1310
1754	68147.32166855798	68147.1353	0.1267	68147.135	0.1510
1755	68138.69135264025	68138.6506	0.1267	68138.651	0.1330
1758	68109.3486436352	68109.2057	0.1266	68109.206	0.1500
1759	68101.38449838269	68101.3449	0.1266	68101.345	0.1550
1760	68093.31016594122	68093.299	0.2733	68093.299	0.2740
1764	68049.83942106795	68049.7173	0.1264	68049.717	0.1320
1765	68043.4477582667	68043.5144	0.1264	68043.514	0.1400
1766	68032.43342797016	68032.3579	0.1264	68032.358	0.1310
1767	68025.12345915679	68024.8026	0.2733	68024.803	0.2870
1768	68015.12860598549	68015.2937	0.4691	68015.294	0.4740
1772	67969.18580262703	67969.0384	0.1262	67969.038	0.1430
1773	67957.02871923373	67956.9563	0.1261	67956.956	0.1510
1774	67945.53097353241	67945.6289	0.1261	67945.629	0.1480
1778	67919.4701654602	67919.4416	0.1260	67919.442	0.1290
1779	67913.73637401036	67913.6823	0.1260	67913.682	0.1270
1781	67881.5161637015	67881.4566	0.1259	67881.457	0.1540
1782	67871.89212126298	67871.865	0.1259	67871.865	0.1280
1783	67855.49582342313	67855.4789	0.3351	67855.479	0.3410
1789	67770.7903798088	67770.8997	0.1256	67770.900	0.1390
1790	67764.4419279398	67764.3569	0.1255	67764.357	0.1310
1791	67759.81085682548	67759.7553	0.1255	67759.755	0.1280
1792	67738.10232814643	67738.1327	0.1255	67738.133	0.1380
1796	67702.6987556031	67702.6436	0.1253	67702.644	0.1380
1798	67681.61673269872	67681.5622	0.1253	67681.562	0.1290
1800	67675.02027863998	67674.9116	0.1253	67674.912	0.1270
1801	67660.04261302538	67659.9146	0.4660	67659.915	0.4690
1803	67653.50479927554	67653.3985	0.1252	67653.398	0.1510
1804	67647.41566590233	67647.3283	0.1252	67647.328	0.1320
1805	67644.17520994517	67644.1185	0.1252	67644.118	0.1390
1806	67639.03769589562	67638.9636	0.1252	67638.964	0.1380
1807	67634.8855741421	67635.0148	0.1251	67635.015	0.1430
1808	67632.81993268483	67632.7711	0.1251	67632.771	0.1330
1809	67630.71657055189	67630.513	0.1251	67630.513	0.1500
1810	67620.79677411418	67620.5919	0.1251	67620.592	0.1500
1813	67607.02933090692	67606.8802	0.1251	67606.880	0.1330
1816	67581.49572652488	67581.4488	0.1250	67581.449	0.1350
1817	67574.46854729169	67574.3594	0.1250	67574.359	0.1330
1818	67572.72220669915	67572.6641	0.1249	67572.664	0.1360
1820	67563.3182348282	67563.0823	0.7000	67563.082	0.7040
1821	67543.51373954657	67543.5397	0.1249	67543.540	0.1490
1822	67524.08967632103	67524.0738	0.1248	67524.074	0.1290
1823	67520.34052274292	67520.2367	0.1248	67520.237	0.1290
1826	67500.2961193967	67500.119	0.1247	67500.119	0.1320
1827	67494.1920809426	67494.0986	0.1247	67494.099	0.1320
1828	67489.86937610424	67489.8014	0.1247	67489.801	0.1260
1829	67470.60113666329	67470.4352	0.1246	67470.435	0.1340
1830	67457.40193597571	67457.3499	0.1246	67457.350	0.1330
1832	67449.76550161382	67449.7081	0.1246	67449.708	0.1360
1833	67446.24594399506	67446.0057	0.1246	67446.006	0.1490
1834	67412.70045816324	67412.4516	0.1245	67412.452	0.1500
1835	67409.51622264973	67409.4994	0.1244	67409.499	0.1290
1836	67407.7940985463	67407.6676	0.1244	67407.668	0.1500
1837	67403.70306587697	67403.6436	0.1244	67403.644	0.1290
1838	67393.39343265655	67393.2436	0.1244	67393.244	0.1280
1839	67383.36355511741	67383.2465	0.1244	67383.246	0.1280
1840	67375.87099830827	67375.7605	0.1243	67375.761	0.1340
1841	67371.91316900482	67371.4869	0.2733	67371.487	0.2820
1842	67355.43601793681	67355.4153	0.1243	67355.415	0.1290
1843	67343.15941419781	67343.0285	0.1242	67343.029	0.1340
1845	67270.39671951954	67270.4392	0.1240	67270.439	0.1380
1847	67257.31698031115	67257.2055	0.1240	67257.205	0.1340
1849	67224.12823559744	67224.1	0.1239	67224.100	0.1280
1850	67216.81152920908	67216.6956	0.1238	67216.696	0.1250
1852	67201.09549100025	67201.155	0.1238	67201.155	0.1510
1853	67195.18268007538	67195.1593	0.5000	67195.159	0.5030
1857	67144.78527306502	67144.7409	0.1236	67144.741	0.1320
1861	67113.46954262207	67113.3109	0.3300	67113.311	0.3320
1862	67094.68838714865	67094.648	0.1235	67094.648	0.1270
1863	67091.84164630421	67091.72	0.1235	67091.720	0.1390
1864	67075.07037239462	67075.0538	0.1234	67075.054	0.1280
1865	67037.01986586914	67036.961	0.3295	67036.961	0.3310
1866	67031.77200590985	67031.649	0.1233	67031.649	0.1500
1867	67008.31643874534	67008.3473	0.2733	67008.347	0.2800
1868	66984.89130015207	66984.7873	0.1231	66984.787	0.1360
1869	66981.42893205972	66981.3155	0.1231	66981.315	0.1480
1870	66952.78185221685	66952.643	0.1230	66952.643	0.1290
1872	66946.77665075418	66946.6912	0.2460	66946.691	0.2570
1874	66900.96151609281	66900.8458	0.1229	66900.846	0.1270
1878	66867.00016606468	66866.7114	0.1228	66866.711	0.1480
1879	66865.17254697644	66865.0067	0.1228	66865.007	0.1340
1881	66833.88753422849	66833.7666	0.1227	66833.767	0.1280
1882	66807.80775381529	66807.7291	0.1226	66807.729	0.1320
1884	66784.56970895035	66784.4788	0.1225	66784.479	0.1510
1885	66767.97993063676	66767.9564	0.1225	66767.956	0.1350
1886	66736.69641679904	66736.484	0.1224	66736.484	0.1470
1887	66730.46744303468	66730.3193	0.1224	66730.319	0.1300
1890	66677.51075049225	66677.0913	0.2733	66677.091	0.2820
1891	66663.10943702515	66663.0242	0.1222	66663.024	0.1340
1893	66636.68342816053	66636.6382	0.1221	66636.638	0.1700
1894	66626.63864574314	66626.2785	0.2733	66626.279	0.2850
1895	66619.84604530451	66619.7657	0.1220	66619.766	0.1290
1896	66592.2673370069	66592.2526	0.1219	66592.253	0.1250
1898	66558.61658549988	66558.5667	0.1218	66558.567	0.1260
1899	66547.41145478725	66547.2118	0.1218	66547.212	0.1340
1901	66535.06681986651	66534.9532	0.1218	66534.953	0.1470
1902	66514.92003238082	66514.7694	0.2434	66514.769	0.2460
1903	66506.73355985958	66506.5747	0.1217	66506.575	0.1480
1904	66485.56653923528	66485.5452	0.1216	66485.545	0.1340
1905	66477.47639248206	66477.2769	0.1216	66477.277	0.1340
1906	66471.77609904038	66471.1425	0.4559	66471.143	0.4650
1907	66460.10723707516	66459.9511	0.1215	66459.951	0.1250
1909	66454.77035561901	66454.7048	0.1215	66454.705	0.1310
1911	66427.12547429658	66427.1955	0.1214	66427.196	0.1490
1913	66411.02384311217	66410.8935	0.1214	66410.894	0.1470
1915	66365.59004616251	66365.5097	0.1213	66365.510	0.1370
1916	66363.02819753381	66362.9126	0.1212	66362.913	0.1260
1918	66298.61753461586	66298.3574	0.1211	66298.357	0.1390
1919	66274.89470085716	66274.468	0.2733	66274.468	0.2820
1924	66169.33182241734	66169.2498	0.1207	66169.250	0.1290
1925	66138.09248162054	66137.9737	0.1206	66137.974	0.1360
1926	66128.56353273899	66128.2583	0.2733	66128.258	0.2810
1927	66109.92761107857	66110.0304	0.1205	66110.030	0.1350
1928	66107.91889656761	66107.8551	0.1205	66107.855	0.1280
1929	66070.70745247815	66070.569	0.2733	66070.569	0.2800
1930	66067.5714230244	66067.4193	0.1204	66067.419	0.1280
1932	66011.26877128478	66011.2204	0.4520	66011.220	0.4850
1933	65976.3813511881	65976.343	0.1201	65976.343	0.1330
1934	65947.18562089062	65947.128	0.1200	65947.128	0.1240
1935	65939.88094173855	65939.9117	0.2733	65939.912	0.3050
1936	65930.31091536203	65930.2397	0.1199	65930.240	0.1280
1938	65900.41725601756	65900.2997	0.1199	65900.300	0.1320
1942	65859.92228183926	65859.9703	0.1197	65859.970	0.1340
1943	65851.86604226037	65851.8942	0.1197	65851.894	0.1230
1944	65847.73389738899	65847.6661	0.1197	65847.666	0.1230
1946	65822.0845054743	65822.1947	0.1196	65822.195	0.1330
1947	65788.17914079723	65787.9875	0.1195	65787.988	0.1450
1948	65783.92862396457	65783.8817	0.1195	65783.882	0.1410
1949	65736.0167861677	65735.8982	0.1194	65735.898	0.1260
1951	65692.61710291782	65692.643	0.3206	65692.643	0.3320
1952	65681.9164747517	65681.5368	0.3205	65681.537	0.3280
1953	65365.83620739247	65365.9484	0.1183	65365.948	0.1280
1955	63721.01211057578	63721.1291	0.1135	63721.129	0.1440
1956	63557.11177251455	63557.4688	0.3070	63557.469	0.3190
1958	63296.90695604782	63296.7992	0.1123	63296.799	0.1370
1959	63286.92883724161	63287.0735	0.1122	63287.073	0.1200
1961	62712.74591297068	62712.8262	0.1106	62712.826	0.1160
1962	62314.38352208058	62314.4959	0.1095	62314.496	0.1110
1964	61938.6034678049	61938.6051	0.1085	61938.605	0.1220
1965	61680.88073015158	61680.8776	0.1078	61680.878	0.1350
1966	61628.64190827901	61628.6623	0.1076	61628.662	0.1250
1967	61539.63106929875	61539.9516	0.1074	61539.952	0.1330
1968	61446.42122279295	61446.2845	0.2943	61446.285	0.3070
1969	61344.16582607335	61344.4405	0.2937	61344.440	0.2980
1971	60677.15138969896	60677.308	0.1051	60677.308	0.1090
1973	60483.22176279921	60483.2997	0.1046	60483.300	0.1130
1974	60452.8354061478	60452.9409	0.1045	60452.941	0.1080
1975	60342.52501163795	60342.6801	0.1042	60342.680	0.1060
1976	60205.38643182905	60205.2291	0.5000	60205.229	0.5060
1977	60109.19501345287	60109.2999	0.3500	60109.300	0.3520
1978	60055.40629921043	60055.6854	0.1034	60055.685	0.1180
1979	60019.76327087422	60020.1733	0.1033	60020.173	0.1120
1980	60016.87941638246	60017.126	0.1033	60017.126	0.1080
1981	59959.37478843257	59959.6875	0.1032	59959.688	0.1150
1982	59829.11425248787	59829.2956	0.5000	59829.296	0.5070
1983	59775.9318194055	59776.1963	0.1027	59776.196	0.1120
1984	59749.18658184344	59749.4705	0.1026	59749.471	0.1050
1985	59734.51411971552	59735.0495	0.2846	59735.050	0.2950
1987	59633.84276406185	59633.8995	0.1023	59633.899	0.1370
1988	59619.12588498597	59619.1958	0.2839	59619.196	0.2880
1990	59494.02408029192	59494.3293	0.1020	59494.329	0.1070
1991	59485.8146632912	59485.9432	0.2832	59485.943	0.3050
1992	59386.40689959804	59386.7196	0.1017	59386.720	0.1180
1993	59361.87487137327	59362.2122	0.1016	59362.212	0.1180
1994	59346.01667435237	59346.2179	0.1016	59346.218	0.1300
1995	59315.32066590098	59315.629	0.1015	59315.629	0.1080
1997	59178.60090667099	59178.9098	0.1012	59178.910	0.1050
1998	59111.22426885283	59111.3072	0.3000	59111.307	0.3060
1999	59074.90938771666	59075.0886	0.1009	59075.089	0.1150
2000	59012.81936696965	59012.9976	0.1007	59012.998	0.1410
2001	59000.6734633099	59000.894	0.1007	59000.894	0.1110
2002	58959.51588581666	58959.8355	0.1006	58959.836	0.1030
2004	58868.9247689331	58869.1592	0.1004	58869.159	0.1030
2005	58843.73926128969	58843.9406	0.1003	58843.941	0.1230
2006	58819.10060684264	58819.2199	0.1002	58819.220	0.1100
2007	58790.60596002836	58790.8357	0.1002	58790.836	0.1170
2008	58745.22277002531	58745.4337	0.1001	58745.434	0.1210
2009	58626.7864231084	58627.2558	0.2785	58627.256	0.2860
2010	58591.1263185635	58591.2971	0.0997	58591.297	0.1070
2011	58564.67633815723	58564.8892	0.0996	58564.889	0.1020
2013	58474.78115410695	58474.9991	0.0994	58474.999	0.1020
2014	58431.41810073127	58431.6021	0.2775	58431.602	0.2830
2015	58409.23236826358	58409.4092	0.0992	58409.409	0.1190
2017	58382.29697130044	58382.6753	0.2772	58382.675	0.2880
2019	58293.02560522148	58293.1809	0.0989	58293.181	0.1100
2020	58235.96664047031	58236.2186	0.0988	58236.219	0.1140
2021	58215.01015634043	58215.3518	0.5000	58215.352	0.5070
2022	58141.5668643271	58141.7709	0.0985	58141.771	0.1020
2023	58138.38710931032	58138.5142	0.0985	58138.514	0.1160
2024	58102.30796214047	58102.0629	0.7000	58102.063	0.7050
2027	58071.63442006244	58071.8423	0.0984	58071.842	0.1020
2029	58016.71938343853	58016.913	0.0982	58016.913	0.1020
2031	57952.43245666203	57952.1827	0.3925	57952.183	0.4030
2032	57897.37819382511	57897.4952	0.0979	57897.495	0.1070
2034	57860.26242959316	57860.4594	0.0978	57860.459	0.1030
2035	57813.42412621974	57813.4778	0.0977	57813.478	0.1170
2036	57755.32487268063	57755.4749	0.0976	57755.475	0.1010
2037	57752.52322322985	57752.675	0.0976	57752.675	0.1060
2038	57723.99035289155	57724.146	0.0975	57724.146	0.1130
2039	57669.16614078623	57669.0417	0.0974	57669.042	0.1170
2040	57611.75582065205	57611.804	0.5000	57611.804	0.5060
2041	57610.29151518163	57610.4651	0.0972	57610.465	0.1090
2042	57582.2532788383	57582.4046	0.5000	57582.405	0.5030
2044	57570.65087771543	57570.9149	0.0971	57570.915	0.1310
2045	57538.32368333387	57538.6379	0.2728	57538.638	0.2850
2046	57505.27457598638	57505.3899	0.0970	57505.390	0.1090
2047	57476.55453012502	57476.7815	0.0969	57476.781	0.1160
2048	57469.41332406102	57469.5955	0.0969	57469.596	0.1150
2049	57455.71055119615	57455.8473	0.0968	57455.847	0.1000
2050	57419.68705712457	57419.8961	0.0967	57419.896	0.1040
2051	57402.87814247869	57403.0015	0.0967	57403.001	0.1060
2053	57359.93603213612	57360.1434	0.0966	57360.143	0.1140
2055	57340.86691252433	57340.9716	0.0966	57340.972	0.1160
2057	57295.78897383974	57295.9357	0.0964	57295.936	0.1000
2058	57291.02537654195	57291.2614	0.2715	57291.261	0.2910
2059	57277.73433755927	57277.9122	0.0964	57277.912	0.0990
2060	57266.39000013815	57266.6973	0.0964	57266.697	0.1280
2061	57209.90646182788	57210.0913	0.0962	57210.091	0.1140
2062	57197.43599052474	57197.6658	0.0962	57197.666	0.1010
2063	57170.29899381095	57170.304	0.0961	57170.304	0.1060
2067	56993.59913966681	56993.7531	0.5000	56993.753	0.5060
2068	56982.19990989475	56982.2109	0.2699	56982.211	0.2760
2069	56965.6114971737	56965.6933	0.0956	56965.693	0.1040
2070	56963.11276147518	56963.2914	0.0956	56963.291	0.1000
2071	56876.48208515148	56876.5977	0.0954	56876.598	0.1080
2072	56873.86382003579	56873.9823	0.0954	56873.982	0.1170
2074	56841.499775082	56841.6147	0.1907	56841.615	0.1980
2075	56840.20669927051	56840.2691	0.0953	56840.269	0.1060
2077	56801.46749791237	56801.827	0.2690	56801.827	0.2830
2078	56790.46757256366	56790.5889	0.0952	56790.589	0.1010
2079	56784.23653093212	56784.3256	0.0952	56784.326	0.1030
2081	56732.27965337186	56732.3272	0.0951	56732.327	0.1120
2082	56721.33315017703	56721.5012	0.0951	56721.501	0.0980
2084	56661.74561376261	56662.2585	0.2683	56662.259	0.2780
2085	56654.42828409122	56654.6865	0.0949	56654.687	0.1000
2086	56647.62484111532	56647.7077	0.0949	56647.708	0.1000
2087	56639.79876163648	56639.6471	0.5000	56639.647	0.5080
2088	56611.2939001842	56611.3721	0.0948	56611.372	0.0970
2089	56557.43553384189	56557.5681	0.0947	56557.568	0.0970
2092	56527.07043913245	56527.2009	0.0946	56527.201	0.0980
2093	56516.39737055505	56516.2927	0.0946	56516.293	0.1110
2094	56454.81641279913	56454.9489	0.0944	56454.949	0.1000
2099	56429.30052274424	56429.4069	0.0944	56429.407	0.1330
2100	56420.99170592814	56420.9289	0.0943	56420.929	0.1240
2102	56361.61877277228	56361.7576	0.0942	56361.758	0.1030
2104	56289.98498624019	56290.1763	0.2665	56290.176	0.2880
2105	56278.44750912918	56278.7782	0.0940	56278.778	0.1010
2107	56251.94977193163	56252.2449	0.0939	56252.245	0.0970
2108	56229.62162797676	56229.9214	0.0939	56229.921	0.0990
2109	56219.82182880512	56220.1598	0.0939	56220.160	0.1120
2110	56210.56797298905	56210.8797	0.0938	56210.880	0.1040
2111	56196.82160113637	56197.118	0.0938	56197.118	0.1110
2112	56173.14375517888	56173.4022	0.0937	56173.402	0.1280
2113	56160.9734611133	56161.336	0.0937	56161.336	0.0980
2114	56149.39802235794	56149.5279	0.3812	56149.528	0.3860
2115	56012.04897353707	56012.3538	0.0934	56012.354	0.1050
2116	55994.6427127814	55994.9305	0.0933	55994.931	0.1030
2118	55969.38814721099	55969.4244	0.2649	55969.424	0.2770
2119	55960.83312017966	55961.0955	0.0932	55961.096	0.1060
2120	55954.88809863297	55955.2702	0.0932	55955.270	0.1000
2121	55939.82834229142	55940.2402	0.0932	55940.240	0.0950
2122	55935.60631145349	55935.9253	0.0932	55935.925	0.1000
2123	55913.96726481908	55914.2821	0.0931	55914.282	0.1030
2124	55893.1172579253	55893.4347	0.0931	55893.435	0.0960
2125	55889.42989992032	55889.7118	0.0931	55889.712	0.0960
2127	55867.32394129573	55867.6651	0.0930	55867.665	0.0960
2129	55863.70543537846	55864.033	0.0930	55864.033	0.1010
2130	55826.18952871335	55826.4635	0.0929	55826.463	0.0990
2131	55813.22426389062	55813.2293	0.0929	55813.229	0.1260
2132	55805.50200485264	55805.7771	0.5000	55805.777	0.5050
2133	55800.42409120635	55800.8864	0.0929	55800.886	0.1120
2134	55785.86186658163	55786.2785	0.0928	55786.279	0.1050
2135	55778.851889774	55779.1253	0.0928	55779.125	0.1000
2137	55756.83441378025	55757.1184	0.0928	55757.118	0.0980
2138	55750.83497448004	55751.0904	0.0927	55751.090	0.1130
2139	55742.19910501088	55742.4605	0.0927	55742.461	0.1030
2141	55722.28999192073	55722.7831	0.2637	55722.783	0.2790
2142	55715.8286680729	55716.1251	0.0927	55716.125	0.0990
2143	55689.77071311094	55690.0532	0.0926	55690.053	0.1050
2144	55687.93481177642	55688.2578	0.0926	55688.258	0.0970
2145	55647.96540559933	55648.2174	0.0925	55648.217	0.1080
2146	55645.67319752061	55646.0554	0.0925	55646.055	0.1000
2149	55572.43962443043	55572.7152	0.0923	55572.715	0.1070
2150	55529.67494086648	55529.9056	0.0922	55529.906	0.1140
2151	55527.72738921433	55528.0874	0.0922	55528.087	0.1040
2152	55519.40571067795	55519.868	0.2733	55519.868	0.2750
2154	55488.17100643276	55488.529	0.0921	55488.529	0.1040
2155	55484.90436327206	55485.3453	0.0921	55485.345	0.0960
2156	55480.65176451925	55480.5564	0.3772	55480.556	0.3880
2157	55460.03749332522	55459.998	0.3771	55459.998	0.3890
2158	55456.01097590152	55456.4499	0.3770	55456.450	0.3970
2159	55450.84191238229	55451.0775	0.0920	55451.077	0.1240
2160	55421.49736096244	55421.875	0.0920	55421.875	0.0960
2162	55386.90222796299	55387.259	0.0919	55387.259	0.0970
2163	55316.58893214478	55316.8751	0.0917	55316.875	0.1000
2164	55312.39644880838	55312.7234	0.0917	55312.723	0.0950
2165	55306.49267224939	55306.8631	0.0917	55306.863	0.0970
2166	55293.94912466969	55294.3464	0.0917	55294.346	0.0960
2167	55262.17695865194	55262.5061	0.0916	55262.506	0.0990
2169	55224.97505305371	55225.4442	0.5000	55225.444	0.5040
2170	55190.8694119315	55191.6065	0.2733	55191.607	0.3010
2171	55176.21743374997	55176.6171	0.0914	55176.617	0.0990
2172	55117.82575966758	55118.244	0.0913	55118.244	0.0960
2175	55051.40641467947	55051.7528	0.0911	55051.753	0.1050
2176	55046.58963226144	55046.9645	0.0911	55046.965	0.0970
2177	55035.07857188945	55035.3273	0.0911	55035.327	0.1050
2178	55025.35940541788	55025.6479	0.0911	55025.648	0.1170
2179	55023.62738743157	55024.0228	0.0911	55024.023	0.1010
2183	54966.43435705275	54966.8629	0.0909	54966.863	0.0920
2184	54957.28575053093	54957.6052	0.0909	54957.605	0.0990
2185	54936.11858645165	54936.4368	0.4000	54936.437	0.4040
2186	54919.10381273228	54919.4707	0.0908	54919.471	0.0980
2187	54904.83820206106	54905.0951	0.0908	54905.095	0.1000
2188	54901.28601547411	54901.6237	0.0908	54901.624	0.1010
2189	54891.30890883895	54891.6758	0.0908	54891.676	0.1310
2190	54869.2660813956	54869.6274	0.0907	54869.627	0.0930
2192	54837.76308424841	54838.2435	0.0906	54838.243	0.0930
2193	54833.4907217319	54833.8445	0.0906	54833.844	0.0970
2194	54828.91839937062	54829.2685	0.0906	54829.268	0.1080
2195	54825.7667290008	54826.1927	0.0906	54826.193	0.0950
2196	54788.06886852293	54788.4787	0.0905	54788.479	0.0940
2197	54770.75554303848	54771.1222	0.0905	54771.122	0.0930
2200	54711.83507632402	54712.245	0.0904	54712.245	0.0930
2201	54703.24456201451	54703.6731	0.0903	54703.673	0.0960
2202	54698.72784082708	54699.0762	0.0903	54699.076	0.1010
2203	54686.97658647998	54687.3043	0.0903	54687.304	0.0990
2204	54679.19987913647	54679.418	0.3725	54679.418	0.3910
2205	54665.32813367208	54665.4078	0.2587	54665.408	0.2690
2206	54652.5127171157	54652.9422	0.2586	54652.942	0.2850
2207	54635.52175152889	54635.8827	0.0902	54635.883	0.0920
2208	54627.10658590234	54627.4532	0.2585	54627.453	0.2620
2209	54623.10802841928	54623.5019	0.0902	54623.502	0.1030
2210	54618.78415416888	54619.1752	0.0901	54619.175	0.0970
2212	54607.09178857142	54607.4815	0.0901	54607.482	0.0950
2213	54575.29296985814	54575.6441	0.0900	54575.644	0.1010
2215	54551.80219698646	54552.2112	0.0900	54552.211	0.0940
2216	54548.22898050195	54548.6595	0.0900	54548.660	0.0950
2218	54489.40892407174	54489.7769	0.0898	54489.777	0.0960
2220	54475.24669217633	54475.6234	0.0898	54475.623	0.0950
2221	54452.26504708358	54452.7105	0.0898	54452.711	0.0940
2222	54447.39975025592	54447.857	0.0898	54447.857	0.0940
2223	54445.32265330724	54445.7346	0.0897	54445.735	0.0920
2224	54439.92772887941	54440.2506	0.0897	54440.251	0.1050
2225	54434.38951865114	54434.7478	0.4000	54434.748	0.4010
2227	54427.36961717322	54427.7705	0.0897	54427.770	0.0920
2229	54407.4346758617	54407.8736	0.0897	54407.874	0.1070
2230	54401.10339246214	54401.4742	0.0896	54401.474	0.0920
2231	54393.47177335407	54393.9194	0.0896	54393.919	0.0970
2232	54361.20881095419	54361.5744	0.0896	54361.574	0.0940
2233	54343.80861889893	54344.1647	0.0895	54344.165	0.1010
2235	54319.66552432349	54320.0202	0.1789	54320.020	0.1840
2238	54303.14051998125	54303.5194	0.0894	54303.519	0.0920
2239	54296.80441242063	54297.2156	0.0894	54297.216	0.0940
2240	54290.99776917439	54291.0397	0.0894	54291.040	0.1150
2242	54278.0641874734	54278.4962	0.0894	54278.496	0.0990
2243	54265.57465359615	54265.9734	0.2733	54265.973	0.2760
2244	54260.82928037475	54261.1869	0.0893	54261.187	0.0930
2245	54248.88237230653	54249.2731	0.0893	54249.273	0.0970
2246	54242.46870208889	54242.9101	0.0893	54242.910	0.0960
2247	54232.58329554381	54232.9806	0.0893	54232.981	0.0930
2250	54201.98298463579	54202.4097	0.0892	54202.410	0.1000
2254	54146.65476822916	54147.0702	0.0891	54147.070	0.0930
2256	54141.4380015473	54141.8096	0.0891	54141.810	0.0950
2257	54136.96017663276	54137.3264	0.0891	54137.326	0.0950
2259	54132.82268147384	54132.9529	0.3694	54132.953	0.3760
2262	54102.07540669396	54102.4276	0.0890	54102.428	0.0970
2264	54072.14265548866	54072.4924	0.0889	54072.492	0.0950
2265	54051.1646073689	54051.3988	0.0889	54051.399	0.0920
2266	53998.85388284123	53999.1085	0.0888	53999.109	0.0920
2268	53981.66338030909	53981.8278	0.0887	53981.828	0.0930
2270	53958.15793764001	53958.4264	0.0887	53958.426	0.1300
2271	53957.04427843609	53957.3228	0.3000	53957.323	0.3080
2272	53944.59103392019	53944.8276	0.0886	53944.828	0.0910
2274	53932.16990222834	53932.3826	0.1772	53932.383	0.1800
2275	53908.23647085796	53908.4698	0.0885	53908.470	0.0910
2276	53904.95929665804	53905.1997	0.0885	53905.200	0.0930
2278	53890.8960584212	53891.0587	0.0885	53891.059	0.0940
2279	53882.84815419162	53883.1012	0.1770	53883.101	0.1800
2281	53875.128017439	53875.3645	0.0885	53875.365	0.0920
2282	53852.29737157466	53852.5201	0.0884	53852.520	0.1020
2284	53844.1453732986	53844.349	0.0884	53844.349	0.0930
2286	53827.37056565851	53827.3455	0.2733	53827.346	0.2780
2287	53815.57999617	53815.7834	0.0883	53815.783	0.1000
2288	53784.55372277138	53784.7923	0.0883	53784.792	0.1000
2289	53782.87424626985	53783.1011	0.0883	53783.101	0.0920
2290	53772.7193714851	53772.9241	0.2546	53772.924	0.2700
2291	53758.61305553227	53758.8216	0.2733	53758.822	0.2740
2293	53738.1294755104	53738.3119	0.0882	53738.312	0.0950
2294	53733.39665903388	53733.6018	0.0882	53733.602	0.0940
2295	53721.07279761964	53721.2746	0.0881	53721.275	0.0900
2297	53675.59775663934	53675.8198	0.0880	53675.820	0.0950
2298	53668.53682272206	53668.8671	0.0880	53668.867	0.1070
2300	53665.54111030533	53665.7843	0.0880	53665.784	0.1010
2301	53657.57057117759	53657.9266	0.5000	53657.927	0.5070
2302	53644.01000539393	53644.4791	0.3667	53644.479	0.3770
2304	53615.30642477434	53615.509	0.0879	53615.509	0.0900
2305	53612.63113743526	53612.883	0.0879	53612.883	0.0970
2308	53599.23949057553	53599.4112	0.0879	53599.411	0.0940
2310	53585.42564964014	53585.6064	0.0878	53585.606	0.0970
2311	53571.10306579863	53571.3023	0.0878	53571.302	0.0910
2312	53563.09777955372	53563.4785	0.0878	53563.478	0.1250
2313	53555.43552519297	53555.6891	0.0878	53555.689	0.0920
2314	53545.66278217492	53545.8601	0.0877	53545.860	0.0900
2315	53533.70593973901	53533.8794	0.0877	53533.879	0.0970
2319	53452.32342431125	53452.5878	0.0875	53452.588	0.0920
2321	53397.78233148078	53397.981	0.0874	53397.981	0.0940
2323	53377.91347378551	53378.1126	0.0874	53378.113	0.0940
2324	53376.8897099337	53377.1354	0.0874	53377.135	0.0950
2325	53364.23875903156	53364.2438	0.3652	53364.244	0.4080
2326	53361.88000226602	53362.1225	0.0873	53362.122	0.0950
2327	53359.54027603615	53359.6703	0.0873	53359.670	0.0920
2328	53333.87574571691	53334.0548	0.0873	53334.055	0.0980
2329	53324.54952909355	53324.6164	0.0873	53324.616	0.0930
2330	53322.29923413821	53322.3767	0.0873	53322.377	0.0890
2331	53311.89522876737	53311.9943	0.0872	53311.994	0.0970
2332	53289.30856772749	53289.4525	0.0872	53289.452	0.0920
2333	53285.72906967162	53285.8347	0.0872	53285.835	0.0910
2334	53278.40633714623	53278.3078	0.3647	53278.308	0.3740
2335	53268.55438685554	53268.63	0.0871	53268.630	0.0940
2336	53256.8129049202	53256.8971	0.0871	53256.897	0.0890
2337	53235.12330285947	53235.2237	0.0871	53235.224	0.0900
2338	53224.81063735404	53224.9345	0.0870	53224.935	0.0900
2339	53213.13942110597	53213.237	0.0870	53213.237	0.0900
2341	53203.62775353213	53203.679	0.1740	53203.679	0.1750
2342	53200.73971382147	53200.8186	0.0870	53200.819	0.0890
2343	53197.5415030304	53197.5593	0.0870	53197.559	0.1040
2344	53195.8770311343	53195.9544	0.0870	53195.954	0.0960
2345	53175.33589670293	53175.4006	0.0869	53175.401	0.0930
2346	53165.50044579669	53165.5613	0.0869	53165.561	0.0890
2347	53156.88225602056	53156.9582	0.0869	53156.958	0.0990
2348	53134.08850559546	53134.1507	0.0869	53134.151	0.0930
2349	53111.17484004908	53111.2591	0.0868	53111.259	0.0930
2352	53101.55892880519	53101.611	0.0868	53101.611	0.1000
2354	53088.50306919237	53088.6625	0.1735	53088.662	0.1760
2355	53087.00890173545	53087.0602	0.1735	53087.060	0.1790
2356	53084.50139152597	53084.6288	0.0867	53084.629	0.0900
2357	53075.59835859205	53075.7032	0.0867	53075.703	0.0990
2359	53067.31619952244	53067.27	0.0867	53067.270	0.1210
2360	53060.16798948353	53060.3073	0.0867	53060.307	0.1030
2361	53049.97751084286	53050.0899	0.0867	53050.090	0.0910
2362	53041.17074855345	53041.1574	0.0867	53041.157	0.0970
2364	53023.95943035853	53023.9464	0.0866	53023.946	0.0940
2365	53018.56164675893	53018.6716	0.0866	53018.672	0.0910
2366	53010.6898749086	53010.8013	0.0866	53010.801	0.0970
2367	53008.47141968679	53008.5191	0.0866	53008.519	0.0890
2368	53004.72990222694	53004.9697	0.0866	53004.970	0.1140
2369	53000.01178973576	53000.1	0.0866	53000.100	0.0990
2370	52989.11486371174	52988.7636	0.0865	52988.764	0.1300
2371	52980.41218150305	52980.5146	0.0865	52980.515	0.1040
2372	52957.85106342904	52957.9291	0.0865	52957.929	0.0890
2373	52919.18216727235	52919.2903	0.0864	52919.290	0.1070
2374	52914.75961044109	52914.8924	0.0864	52914.892	0.0900
2376	52886.91056219184	52886.941	0.0863	52886.941	0.0930
2378	52865.04423710438	52865.1286	0.0863	52865.129	0.0930
2379	52852.72400610812	52852.7459	0.0862	52852.746	0.0890
2380	52849.01011525113	52849.07	0.0862	52849.070	0.0980
2381	52846.69332197583	52846.7955	0.0862	52846.796	0.0940
2382	52839.99164721737	52840.064	0.0862	52840.064	0.0900
2383	52821.15479801033	52821.4617	0.2503	52821.462	0.2600
2384	52816.88405202826	52816.9233	0.2503	52816.923	0.2570
2385	52810.32598878755	52810.4217	0.0862	52810.422	0.0880
2386	52805.24884623311	52805.3363	0.0861	52805.336	0.1230
2388	52788.33016892517	52788.351	0.0861	52788.351	0.0870
2389	52783.81725328222	52783.9111	0.0861	52783.911	0.0940
2390	52779.58516373143	52779.6906	0.0861	52779.691	0.0900
2391	52766.38438128554	52766.503	0.0861	52766.503	0.0900
2392	52757.24851711303	52757.3207	0.0860	52757.321	0.0930
2393	52734.55367757753	52734.5544	0.0860	52734.554	0.0910
2395	52730.65298063307	52730.6374	0.1720	52730.637	0.1790
2396	52712.53184410338	52712.5774	0.0859	52712.577	0.0920
2397	52686.48496774415	52686.7787	0.2733	52686.779	0.2800
2398	52681.48860306363	52681.6014	0.0859	52681.601	0.0930
2399	52645.68370066272	52645.7378	0.0858	52645.738	0.0910
2400	52641.91243149208	52641.992	0.0858	52641.992	0.0870
2401	52616.04028099462	52616.107	0.0857	52616.107	0.0930
2402	52609.12151070603	52609.14	0.0857	52609.140	0.0870
2405	52570.29354603231	52570.457	0.0856	52570.457	0.1010
2406	52546.3145286326	52546.4131	0.1712	52546.413	0.1730
2407	52545.42982090652	52545.5438	0.1712	52545.544	0.1720
2408	52538.78036848758	52538.866	0.0856	52538.866	0.0890
2409	52515.16387460796	52515.2271	0.0855	52515.227	0.0870
2411	52497.23835666536	52497.219	0.0855	52497.219	0.1060
2412	52493.96457221857	52494.0125	0.0855	52494.012	0.0870
2414	52470.88138445942	52470.7811	0.2488	52470.781	0.2550
2415	52464.79639494165	52464.8556	0.0854	52464.856	0.0890
2416	52462.42698712515	52462.5573	0.0854	52462.557	0.0900
2417	52445.26305462887	52445.1008	0.3603	52445.101	0.3700
2419	52412.10942155268	52412.2007	0.0853	52412.201	0.0900
2420	52376.37042721274	52376.4415	0.0852	52376.442	0.0980
2421	52370.52386359946	52370.6201	0.0852	52370.620	0.0880
2422	52358.89935936598	52358.9878	0.0852	52358.988	0.0890
2424	52349.38901749876	52349.4993	0.0852	52349.499	0.0910
2425	52321.75494161427	52322.2652	0.5000	52322.265	0.5050
2426	52283.44996500632	52283.5129	0.0850	52283.513	0.0930
2428	52266.15904754576	52266.2718	0.3593	52266.272	0.3600
2430	52256.92261715179	52256.9886	0.0850	52256.989	0.0900
2431	52247.58760744773	52247.671	0.0850	52247.671	0.0900
2432	52228.01980024064	52228.1189	0.0849	52228.119	0.0890
2434	52189.1809279157	52189.2881	0.0848	52189.288	0.0960
2436	52171.89039323918	52171.9542	0.0848	52171.954	0.0880
2437	52159.37385302094	52159.3888	0.0848	52159.389	0.0900
2438	52122.37282314989	52122.4552	0.0847	52122.455	0.0880
2439	52106.07714866534	52106.1264	0.0847	52106.126	0.0910
2442	52035.55599720444	52035.5908	0.0845	52035.591	0.0970
2443	52033.79331636647	52033.845	0.0845	52033.845	0.2270
2444	52027.86649768538	52027.8305	0.2733	52027.830	0.2830
2445	52024.31700188296	52024.4022	0.0845	52024.402	0.0860
2446	52018.47465577006	52018.5894	0.0845	52018.589	0.0900
2447	52016.71305480161	52016.7617	0.0845	52016.762	0.0910
2448	52010.49213209253	52010.5675	0.0845	52010.567	0.0990
2450	51992.21077905651	51992.3227	0.0844	51992.323	0.0900
2451	51962.87342647654	51962.9005	0.0844	51962.901	0.0940
2452	51943.08788068292	51943.0533	0.0843	51943.053	0.0910
2453	51932.42959877663	51932.8429	0.3576	51932.843	0.3650
2454	51897.26273543601	51897.3463	0.0842	51897.346	0.0880
2455	51891.57924256236	51891.5982	0.0842	51891.598	0.0930
2456	51875.88492696924	51875.9216	0.0842	51875.922	0.0990
2457	51873.30046716661	51873.3342	0.0842	51873.334	0.0880
2458	51872.03341792756	51872.0789	0.0842	51872.079	0.0870
2459	51860.60265625107	51860.6575	0.0842	51860.658	0.0880
2460	51821.36785279037	51821.4488	0.0841	51821.449	0.0870
2461	51815.61800257368	51815.6898	0.0841	51815.690	0.0870
2462	51813.44165413212	51813.4994	0.0841	51813.499	0.0890
2463	51804.10356102887	51804.1731	0.0840	51804.173	0.0870
2464	51791.65093844341	51791.6326	0.0840	51791.633	0.1140
2465	51776.77359525135	51776.8277	0.0840	51776.828	0.0950
2467	51754.98664532798	51754.8339	0.3567	51754.834	0.3950
2468	51736.48444108946	51736.5634	0.0839	51736.563	0.0890
2469	51719.91874136848	51719.9036	0.0839	51719.904	0.0930
2470	51712.32271529375	51712.3548	0.0838	51712.355	0.0870
2471	51709.91652234789	51709.7473	0.0838	51709.747	0.1020
2472	51671.83963723623	51671.8638	0.0838	51671.864	0.1030
2473	51663.88800416944	51663.9148	0.0837	51663.915	0.0900
2475	51640.13974193713	51640.1661	0.0837	51640.166	0.1020
2476	51635.31520361306	51635.3697	0.0837	51635.370	0.0880
2477	51622.83870656018	51622.9013	0.0837	51622.901	0.0860
2478	51606.88462322957	51606.9609	0.0836	51606.961	0.0860
2479	51568.6942875767	51568.7172	0.0835	51568.717	0.0910
2480	51565.02266654963	51564.9489	0.0835	51564.949	0.0980
2482	51523.73479147312	51523.7908	0.0835	51523.791	0.0940
2483	51521.69365594616	51521.7171	0.0835	51521.717	0.0860
2484	51513.20024062224	51513.2829	0.0834	51513.283	0.0910
2485	51505.0827082005	51505.1761	0.0834	51505.176	0.1000
2486	51494.9218374464	51494.9442	0.0834	51494.944	0.0860
2487	51460.23331072341	51460.2595	0.0833	51460.260	0.0900
2489	51449.59276867531	51449.6596	0.0833	51449.660	0.0870
2490	51444.69594973299	51444.7861	0.0833	51444.786	0.0870
2491	51412.48204544957	51412.5251	0.0832	51412.525	0.0960
2492	51396.81040982932	51396.9419	0.0832	51396.942	0.0860
2493	51376.44881838903	51376.5483	0.0832	51376.548	0.0870
2494	51365.55627640962	51365.3042	0.0831	51365.304	0.1060
2495	51363.70598825613	51363.751	0.0831	51363.751	0.0950
2496	51360.11744831065	51360.1556	0.0831	51360.156	0.0860
2497	51325.11097329202	51325.1418	0.0831	51325.142	0.0900
2498	51304.25961472972	51304.2835	0.0830	51304.283	0.0880
2499	51288.39064812611	51288.4227	0.0830	51288.423	0.0880
2500	51259.33690386086	51259.4523	0.0829	51259.452	0.0890
2501	51255.29381714588	51255.4807	0.3542	51255.481	0.3650
2502	51230.34494272844	51230.4165	0.0829	51230.416	0.0840
2503	51219.14085538014	51219.2164	0.0828	51219.216	0.0860
2504	51194.86490397522	51194.973	0.0828	51194.973	0.0860
2505	51189.36178918101	51189.3638	0.0828	51189.364	0.1170
2506	51174.66558017836	51174.7388	0.0827	51174.739	0.0880
2507	51171.93721284444	51172.0125	0.0827	51172.012	0.0840
2508	51166.96721709125	51167.0547	0.0827	51167.055	0.0870
2509	51165.16123059096	51165.3934	0.2733	51165.393	0.2870
2510	51163.06664603986	51163.19	0.0827	51163.190	0.0930
2511	51143.8851294729	51143.8727	0.0827	51143.873	0.0920
2512	51137.26935100256	51137.3261	0.0827	51137.326	0.0860
2513	51124.95005656236	51124.9857	0.0826	51124.986	0.0890
2514	51107.18696827788	51107.2578	0.0826	51107.258	0.0870
2515	51099.74036911636	51099.8242	0.0826	51099.824	0.0970
2516	51097.60191039929	51097.6731	0.0826	51097.673	0.1000
2517	51096.7134136178	51096.7471	0.0826	51096.747	0.1120
2518	51089.79667459217	51089.8464	0.0826	51089.846	0.0850
2519	51074.92137145613	51074.986	0.0825	51074.986	0.0910
2520	51072.49709619059	51072.5287	0.0825	51072.529	0.0890
2521	51071.13798270537	51071.0106	0.0825	51071.011	0.0870
2522	51062.42852042572	51062.5207	0.0825	51062.521	0.0950
2523	51054.60893494452	51054.6396	0.0825	51054.640	0.0840
2524	51023.6890028718	51023.7584	0.3531	51023.758	0.3740
2525	51021.42190130801	51021.4868	0.0824	51021.487	0.0890
2526	51001.28377970609	51001.3969	0.0824	51001.397	0.0870
2527	50987.50038804701	50987.7054	0.0824	50987.705	0.1180
2528	50970.24129409798	50970.299	0.0823	50970.299	0.0870
2529	50957.54046568577	50957.6263	0.0823	50957.626	0.0840
2530	50949.00147828131	50949.0775	0.0823	50949.077	0.0850
2531	50932.02876037318	50931.9936	0.0823	50931.994	0.0920
2532	50923.47348083113	50923.5603	0.1645	50923.560	0.1660
2533	50922.04261224667	50922.1353	0.1645	50922.135	0.1700
2534	50918.80409040492	50918.9089	0.0822	50918.909	0.0850
2535	50917.17282760182	50917.2259	0.0822	50917.226	0.0850
2537	50865.47757647859	50865.5537	0.0821	50865.554	0.0880
2538	50859.31785977667	50859.3585	0.2733	50859.359	0.2750
2539	50851.7144168786	50851.7585	0.0821	50851.759	0.0870
2540	50846.33494815065	50846.3196	0.0821	50846.320	0.0840
2541	50832.81827785125	50832.8746	0.0821	50832.875	0.0850
2542	50829.20205289407	50829.2053	0.0820	50829.205	0.0850
2543	50827.29099318387	50827.4305	0.0820	50827.431	0.0840
2544	50823.12947052545	50823.1844	0.0820	50823.184	0.0850
2545	50807.15101675601	50807.2805	0.0820	50807.281	0.0860
2546	50799.32570511334	50799.4314	0.0820	50799.431	0.0870
2547	50775.13111506082	50775.2162	0.0819	50775.216	0.0850
2548	50770.43886661094	50770.5534	0.0819	50770.553	0.0870
2549	50766.80678900876	50766.8792	0.0819	50766.879	0.0870
2550	50759.07806714518	50759.1552	0.0819	50759.155	0.1240
2551	50746.6634223264	50746.7522	0.0819	50746.752	0.0920
2552	50729.28517155226	50729.3715	0.0818	50729.372	0.0930
2553	50728.2817672621	50728.3182	0.0818	50728.318	0.0830
2554	50719.30105855608	50719.3892	0.0818	50719.389	0.0840
2555	50716.88418930153	50716.997	0.0818	50716.997	0.0860
2556	50712.17791089864	50712.1712	0.0818	50712.171	0.0840
2557	50704.79687999518	50704.8812	0.0818	50704.881	0.0840
2558	50694.07933339805	50694.1837	0.0818	50694.184	0.0880
2559	50687.91030375537	50687.9719	0.0818	50687.972	0.0870
2560	50674.81043424533	50674.8989	0.0817	50674.899	0.0910
2561	50669.08618180527	50669.1673	0.0817	50669.167	0.0860
2563	50622.04098145366	50622.0493	0.0816	50622.049	0.0920
2564	50617.99540392479	50618.1149	0.0816	50618.115	0.0870
2565	50612.87302799983	50612.9392	0.0816	50612.939	0.1270
2566	50611.12757790911	50611.4991	0.0816	50611.499	0.0970
2567	50545.20550380335	50545.3106	0.0815	50545.311	0.0870
2568	50512.90757534093	50513.0246	0.0814	50513.025	0.0880
2569	50511.55848377289	50511.6369	0.3506	50511.637	0.3520
2570	50500.180304129	50500.3809	0.2407	50500.381	0.2540
2571	50497.72899878802	50497.7719	0.0814	50497.772	0.0940
2572	50482.94844288286	50482.9157	0.0814	50482.916	0.1040
2573	50480.82808127445	50480.8999	0.0814	50480.900	0.0850
2574	50475.98926884053	50476.0831	0.0813	50476.083	0.0840
2575	50468.11598256665	50468.2537	0.0813	50468.254	0.0980
2576	50464.78180937962	50464.9028	0.0813	50464.903	0.0880
2577	50443.19427245321	50443.2858	0.0813	50443.286	0.0880
2578	50441.56756389923	50441.6364	0.0813	50441.636	0.0850
2579	50434.11090987485	50434.2095	0.0813	50434.209	0.0850
2580	50429.12503420978	50429.2197	0.0813	50429.220	0.0880
2581	50426.96723244618	50427.1088	0.0812	50427.109	0.0860
2582	50420.73365500203	50420.9001	0.0812	50420.900	0.0930
2583	50396.8768848426	50396.9634	0.0812	50396.963	0.0930
2584	50394.38728834598	50394.3193	0.1624	50394.319	0.1850
2585	50393.57539807737	50393.6025	0.0812	50393.603	0.0820
2586	50385.49948925775	50385.5958	0.0812	50385.596	0.0860
2587	50381.13125925667	50381.1546	0.0812	50381.155	0.0840
2588	50377.24700915551	50377.344	0.0811	50377.344	0.0840
2589	50352.59439975673	50352.6462	0.2733	50352.646	0.2740
2591	50311.15235547039	50311.174	0.0810	50311.174	0.0930
2592	50298.29439171869	50298.3496	0.0810	50298.350	0.0950
2594	50283.92650601011	50284.022	0.0810	50284.022	0.0930
2595	50282.33319108782	50282.3541	0.0810	50282.354	0.0830
2596	50268.46118234075	50268.5642	0.0809	50268.564	0.0840
2597	50260.19721762323	50260.2868	0.0809	50260.287	0.0840
2600	50213.18124804169	50213.1993	0.0808	50213.199	0.0830
2601	50210.3292197269	50210.2811	0.3000	50210.281	0.3100
2602	50204.93436759659	50204.9585	0.0808	50204.959	0.0920
2603	50201.22974767748	50201.2724	0.0808	50201.272	0.0940
2604	50166.90497857629	50166.977	0.1615	50166.977	0.1630
2605	50164.99309796129	50165.1052	0.1615	50165.105	0.1640
2606	50149.77394311676	50149.802	0.0807	50149.802	0.0900
2607	50133.04996670217	50133.099	0.0807	50133.099	0.0940
2609	50119.88755448411	50119.9589	0.0806	50119.959	0.0860
2610	50100.4778981369	50100.4697	0.0806	50100.470	0.0900
2611	50099.62173146307	50099.6809	0.1612	50099.681	0.1630
2612	50089.58609827375	50089.7596	0.0806	50089.760	0.1190
2613	50082.26247313982	50082.4004	0.0806	50082.400	0.0840
2614	50052.25133207381	50052.3566	0.0805	50052.357	0.0910
2615	50048.44412790234	50048.5365	0.0805	50048.537	0.0850
2617	50035.07608610398	50035.1334	0.0805	50035.133	0.1240
2618	50027.39058570674	50027.5493	0.0805	50027.549	0.0860
2619	50005.12402329611	50005.2308	0.0804	50005.231	0.0860
2620	50002.44717127894	50002.4704	0.0804	50002.470	0.0830
2621	49997.10015829887	49997.2708	0.2733	49997.271	0.2780
2622	49988.44957204845	49988.6917	0.0804	49988.692	0.0860
2623	49985.32758388069	49985.5246	0.0804	49985.525	0.0830
2624	49980.40722907977	49980.545	0.0804	49980.545	0.0930
2625	49973.78940839066	49973.9187	0.0804	49973.919	0.0880
2626	49964.00088233723	49964.2117	0.0803	49964.212	0.0840
2627	49961.32817513144	49961.5825	0.0803	49961.582	0.0860
2628	49954.06915586424	49954.2297	0.0803	49954.230	0.0850
2630	49925.08814297969	49925.2207	0.0803	49925.221	0.0850
2631	49902.49108627255	49902.6322	0.0802	49902.632	0.0820
2632	49889.84070447662	49890.0502	0.0802	49890.050	0.0830
2633	49854.99693153973	49855.1854	0.0801	49855.185	0.0990
2634	49848.66182691632	49848.777	0.0801	49848.777	0.0880
2635	49836.41128175642	49836.579	0.0801	49836.579	0.0890
2636	49831.49510233143	49831.6959	0.0801	49831.696	0.0830
2637	49807.29583005345	49807.4604	0.0800	49807.460	0.0900
2638	49799.16230602184	49799.3693	0.0800	49799.369	0.0830
2639	49773.35950422569	49773.563	0.0800	49773.563	0.0830
2640	49771.62158377827	49771.7778	0.2733	49771.778	0.2740
2641	49764.43771035905	49764.6027	0.0800	49764.603	0.0820
2642	49761.66843384537	49761.8542	0.0799	49761.854	0.0970
2643	49753.59558944748	49753.7915	0.0799	49753.791	0.0850
2644	49742.8511811073	49743.0518	0.0799	49743.052	0.0910
2646	49726.30604020733	49726.4487	0.2733	49726.449	0.2740
2647	49716.91121822635	49717.0286	0.0799	49717.029	0.0820
2648	49711.84268212143	49712.0463	0.0799	49712.046	0.0950
2649	49679.66749664865	49679.7689	0.0798	49679.769	0.0890
2650	49676.72704127115	49676.9258	0.0798	49676.926	0.0840
2651	49654.97400445081	49655.1338	0.0797	49655.134	0.0810
2653	49629.12034049571	49629.3115	0.0797	49629.312	0.0910
2654	49622.52025120075	49622.6829	0.0797	49622.683	0.0950
2655	49621.21550428716	49621.4227	0.0797	49621.423	0.0830
2656	49615.77683863242	49615.9971	0.0797	49615.997	0.0900
2657	49613.23770329296	49613.4016	0.0797	49613.402	0.0860
2658	49591.7860629292	49591.9137	0.0796	49591.914	0.0990
2659	49587.50596777642	49587.6459	0.0796	49587.646	0.0820
2660	49585.6875468372	49585.8661	0.0796	49585.866	0.0820
2661	49560.27778731914	49560.4554	0.0796	49560.455	0.0860
2662	49544.56379860524	49544.6863	0.0795	49544.686	0.0820
2664	49485.89158238932	49486.07	0.0794	49486.070	0.0830
2665	49474.36194568174	49474.5696	0.0794	49474.570	0.0840
2666	49467.1377102515	49467.3303	0.0794	49467.330	0.0940
2667	49455.32244853517	49455.4905	0.0794	49455.490	0.0850
2669	49437.2582141751	49437.4196	0.0793	49437.420	0.0880
2670	49431.41429385175	49431.5592	0.0793	49431.559	0.0840
2671	49422.00905739248	49422.1537	0.0793	49422.154	0.0890
2672	49410.82389464008	49411.0687	0.0793	49411.069	0.0860
2673	49399.83900486449	49400.05	0.5000	49400.050	0.5050
2674	49393.93435538883	49394.1151	0.0792	49394.115	0.0940
2675	49393.12953447318	49393.3384	0.1585	49393.338	0.1600
2677	49383.83573001857	49384.0196	0.0792	49384.020	0.0830
2678	49375.49876588694	49375.7072	0.0792	49375.707	0.0840
2679	49358.1726465861	49358.36	0.1583	49358.360	0.1610
2680	49341.43757577418	49341.6686	0.0791	49341.669	0.0850
2681	49335.25916943119	49335.3936	0.0791	49335.394	0.0820
2682	49331.50823741181	49331.6637	0.0791	49331.664	0.0930
2683	49329.27159867558	49329.3905	0.0791	49329.391	0.0820
2684	49326.32426990629	49326.5099	0.0791	49326.510	0.1020
2685	49304.58442254321	49304.7177	0.0791	49304.718	0.0810
2686	49290.70635502685	49290.861	0.0790	49290.861	0.0840
2687	49287.16204734058	49287.2921	0.0790	49287.292	0.0860
2688	49286.36050715568	49286.4927	0.0790	49286.493	0.0850
2689	49280.69897881425	49280.9481	0.0790	49280.948	0.1080
2690	49272.24616313736	49272.4716	0.0790	49272.472	0.0840
2692	49265.59786059882	49265.7228	0.0790	49265.723	0.0890
2694	49257.90475198849	49258.0457	0.0790	49258.046	0.0830
2695	49230.62248999675	49230.7707	0.0789	49230.771	0.0850
2696	49225.80114425842	49226.0013	0.0789	49226.001	0.0830
2697	49223.30516016479	49223.481	0.0789	49223.481	0.0820
2698	49215.86994364559	49216.0279	0.0789	49216.028	0.0840
2699	49209.76692830247	49209.9425	0.0789	49209.942	0.0890
2700	49206.47339192326	49206.7316	0.0789	49206.732	0.0970
2701	49200.97746774958	49201.1635	0.0789	49201.164	0.0950
2702	49188.02703502157	49188.1635	0.0789	49188.164	0.0990
2703	49185.2722116964	49185.3998	0.0788	49185.400	0.0810
2704	49183.38459061505	49183.5639	0.2733	49183.564	0.2750
2705	49176.82745282397	49177.0018	0.0788	49177.002	0.0850
2706	49171.0014173531	49171.1244	0.0788	49171.124	0.0910
2707	49165.41610464951	49165.5914	0.0788	49165.591	0.0930
2708	49159.7123065184	49159.8653	0.0788	49159.865	0.0870
2709	49157.19981979262	49157.3608	0.0788	49157.361	0.0830
2710	49142.60841188046	49142.7481	0.0788	49142.748	0.0850
2711	49134.97987310105	49135.0896	0.0788	49135.090	0.0860
2712	49114.43974015659	49114.5861	0.0787	49114.586	0.0830
2713	49113.42734642115	49113.262	0.0787	49113.262	0.1220
2714	49105.90401493677	49106.0792	0.1574	49106.079	0.1600
2715	49077.87711918875	49077.8684	0.0786	49077.868	0.1170
2716	49058.90289486406	49059.1069	0.0786	49059.107	0.0820
2717	49051.29889340242	49051.2855	0.0786	49051.285	0.1180
2718	49034.48718547554	49034.6582	0.0786	49034.658	0.0890
2720	48956.8263946341	48956.9904	0.0784	48956.990	0.0980
2721	48945.16067521447	48945.3448	0.0784	48945.345	0.0830
2722	48929.11226597801	48929.2534	0.0784	48929.253	0.0850
2724	48907.26687382857	48907.3702	0.0783	48907.370	0.0800
2725	48888.63690537932	48888.8723	0.0783	48888.872	0.0960
2726	48886.27439266269	48886.3962	0.0783	48886.396	0.0890
2727	48877.90929372203	48878.0409	0.0783	48878.041	0.0850
2728	48866.53840125915	48866.7104	0.0782	48866.710	0.0810
2729	48859.32845815723	48859.4429	0.0782	48859.443	0.0820
2730	48857.84734198973	48857.9999	0.0782	48858.000	0.0800
2731	48853.81531881741	48853.9755	0.0782	48853.976	0.0820
2732	48847.01424558296	48847.1921	0.0782	48847.192	0.0810
2733	48844.08146964714	48844.2841	0.0782	48844.284	0.0820
2734	48843.17525717684	48843.3348	0.0782	48843.335	0.0820
2735	48833.18107344472	48833.2857	0.0782	48833.286	0.0800
2736	48824.59683960288	48824.7344	0.0782	48824.734	0.0910
2737	48817.9946183607	48818.165	0.0782	48818.165	0.0830
2739	48809.10625298688	48809.2839	0.0781	48809.284	0.0910
2740	48807.50993587975	48807.6914	0.0781	48807.691	0.0900
2741	48789.43454413629	48789.6465	0.0781	48789.647	0.0820
2742	48779.62951584062	48779.7746	0.0781	48779.775	0.0860
2743	48766.52264624617	48766.6707	0.0781	48766.671	0.0990
2744	48761.17503430519	48761.3389	0.0780	48761.339	0.0970
2745	48758.81879851074	48758.9906	0.0780	48758.991	0.0870
2747	48739.21326347476	48739.3874	0.0780	48739.387	0.0820
2748	48733.22693993922	48733.3957	0.0780	48733.396	0.0890
2750	48731.0915924928	48731.2634	0.0780	48731.263	0.0820
2751	48729.83081226482	48730.0326	0.0780	48730.033	0.0810
2752	48728.2394005229	48728.3987	0.0780	48728.399	0.0790
2753	48722.63652586885	48722.7519	0.0780	48722.752	0.0870
2754	48710.3200523613	48710.5167	0.2733	48710.517	0.2770
2755	48696.61028368664	48696.7865	0.0779	48696.787	0.0840
2756	48689.87834799068	48689.9937	0.0779	48689.994	0.0960
2757	48681.50945270485	48681.6802	0.0779	48681.680	0.0810
2758	48673.42840759391	48673.5646	0.0779	48673.565	0.0880
2759	48671.34818836383	48671.5283	0.0779	48671.528	0.0820
2760	48630.42030531613	48630.5356	0.0778	48630.536	0.0910
2761	48628.45553297537	48628.6195	0.0778	48628.620	0.0860
2762	48625.24055509606	48625.3683	0.0778	48625.368	0.0820
2763	48619.89984210551	48620.0338	0.0778	48620.034	0.0850
2764	48613.49481244537	48613.6598	0.0778	48613.660	0.0830
2765	48601.39770958263	48601.5712	0.0778	48601.571	0.0880
2767	48582.10655345949	48582.2007	0.0777	48582.201	0.0920
2768	48575.21520394081	48575.3431	0.0777	48575.343	0.0800
2769	48572.07920685755	48572.2142	0.0777	48572.214	0.0820
2770	48561.48800812585	48561.6223	0.0777	48561.622	0.1040
2771	48546.25497664184	48546.3933	0.0777	48546.393	0.0800
2773	48530.28540568257	48530.4009	0.0776	48530.401	0.0860
2774	48528.70632059219	48528.8174	0.0776	48528.817	0.0800
2775	48526.11541571372	48526.2282	0.0776	48526.228	0.1210
2776	48510.22528331354	48510.3873	0.0776	48510.387	0.0900
2777	48485.86147091583	48486.0297	0.2733	48486.030	0.2760
2778	48476.15466068165	48476.2729	0.0775	48476.273	0.0880
2779	48469.31402953513	48469.4555	0.0775	48469.455	0.0830
2780	48461.87038148374	48462.005	0.0775	48462.005	0.0790
2781	48459.19198746547	48459.3337	0.0775	48459.334	0.0810
2782	48455.12780601261	48455.2757	0.0775	48455.276	0.0790
2783	48450.40997088445	48450.5867	0.0775	48450.587	0.0800
2784	48445.48236446823	48445.5839	0.0775	48445.584	0.0830
2785	48442.7834457002	48442.9564	0.0775	48442.956	0.0820
2786	48432.33976747194	48432.5117	0.0774	48432.512	0.0830
2787	48421.99968146312	48422.1798	0.0774	48422.180	0.0810
2788	48405.17216827276	48405.3903	0.0774	48405.390	0.0850
2789	48396.38649859229	48396.5379	0.0774	48396.538	0.0780
2790	48378.49799611319	48378.6602	0.0773	48378.660	0.0800
2791	48362.63284475235	48362.8067	0.0773	48362.807	0.0830
2792	48349.79738787415	48349.8999	0.0773	48349.900	0.1060
2793	48342.83024234096	48342.9908	0.0773	48342.991	0.0800
2794	48326.50149533334	48326.6289	0.0772	48326.629	0.0830
2795	48308.19865107674	48308.3689	0.0772	48308.369	0.0800
2796	48301.2922862107	48301.4687	0.0772	48301.469	0.0810
2797	48294.03535680212	48294.1357	0.0772	48294.136	0.0890
2798	48291.26394663441	48291.3893	0.0772	48291.389	0.0810
2799	48273.42695838374	48273.5441	0.0771	48273.544	0.0800
2800	48262.76006481091	48262.8436	0.0771	48262.844	0.0790
2801	48250.11247061747	48250.2882	0.0771	48250.288	0.0850
2803	48241.91870646912	48242.0331	0.0771	48242.033	0.0790
2804	48234.2660138493	48234.4279	0.0771	48234.428	0.0790
2805	48228.51735554953	48228.6759	0.0771	48228.676	0.0810
2806	48222.07738574238	48222.2472	0.0771	48222.247	0.0810
2807	48196.23028793481	48196.3659	0.0770	48196.366	0.0830
2808	48175.42650272889	48175.6446	0.0770	48175.645	0.0830
2809	48169.76742248872	48169.8898	0.0770	48169.890	0.0850
2810	48161.24894290126	48161.3687	0.0769	48161.369	0.0850
2811	48157.83999238822	48157.9353	0.0769	48157.935	0.0780
2812	48150.04836705419	48150.157	0.0769	48150.157	0.0860
2813	48138.55664093926	48138.6696	0.0769	48138.670	0.0790
2814	48135.9340546103	48136.0907	0.0769	48136.091	0.0790
2815	48133.76008009468	48133.8835	0.0769	48133.884	0.0830
2816	48113.33029231322	48113.4842	0.0769	48113.484	0.0850
2817	48111.87492113861	48112.0003	0.0769	48112.000	0.0810
2818	48108.26472422262	48108.3668	0.0768	48108.367	0.0830
2819	48099.58612428681	48099.7133	0.0768	48099.713	0.0800
2820	48089.84482595453	48089.9395	0.0768	48089.940	0.0800
2821	48088.55461081391	48088.7175	0.0768	48088.717	0.0930
2822	48070.44941590049	48070.4854	0.0768	48070.485	0.0790
2824	48035.6293470891	48035.6888	0.0767	48035.689	0.0790
2826	48012.06261612054	48012.2015	0.0767	48012.202	0.0790
2828	48004.8442209348	48005.047	0.0767	48005.047	0.0920
2829	47998.1882139928	47998.2718	0.0766	47998.272	0.0880
2830	47996.06976649284	47996.1464	0.0766	47996.146	0.0780
2831	47976.72424631131	47976.8398	0.0766	47976.840	0.0810
2832	47968.5528540378	47968.6721	0.2733	47968.672	0.2760
2835	47955.97395804496	47956.1109	0.0766	47956.111	0.0800
2836	47922.28248444801	47922.3599	0.0765	47922.360	0.0830
2837	47911.07819021183	47911.0951	0.0765	47911.095	0.0860
2839	47906.78565007821	47906.8999	0.0765	47906.900	0.0810
2840	47891.75911729261	47891.833	0.0765	47891.833	0.0900
2841	47884.78610609434	47885.0047	0.0764	47885.005	0.0850
2843	47875.08874145962	47875.156	0.0764	47875.156	0.0840
2844	47873.2786413557	47873.407	0.0764	47873.407	0.0810
2845	47862.78398473705	47862.982	0.0764	47862.982	0.0820
2846	47858.9598439024	47859.0718	0.0764	47859.072	0.0880
2847	47852.74878378148	47852.8179	0.0764	47852.818	0.0780
2848	47843.38816174863	47843.4898	0.0764	47843.490	0.0850
2849	47818.56663299094	47818.6515	0.0763	47818.651	0.0970
2850	47814.6089058773	47814.7246	0.0763	47814.725	0.0920
2851	47806.67856511234	47806.8184	0.0763	47806.818	0.0880
2852	47805.1222106787	47805.2862	0.0763	47805.286	0.0800
2853	47789.51868800873	47789.6394	0.0763	47789.639	0.0840
2855	47757.56892257747	47757.7086	0.0762	47757.709	0.0800
2856	47751.95934711296	47752.1138	0.0762	47752.114	0.0810
2857	47740.08107195136	47740.2118	0.0762	47740.212	0.0910
2858	47733.76936473375	47733.8644	0.0762	47733.864	0.0780
2859	47698.63441895025	47698.7921	0.0761	47698.792	0.0920
2860	47692.01559722715	47692.139	0.0761	47692.139	0.0790
2861	47690.99323811402	47691.178	0.0761	47691.178	0.0820
2862	47689.67504569548	47689.8169	0.0761	47689.817	0.0790
2863	47687.51261091334	47687.6186	0.0761	47687.619	0.0820
2864	47685.46830094392	47685.5765	0.0761	47685.577	0.0780
2865	47683.53225457158	47683.6845	0.0761	47683.685	0.0810
2866	47681.84890133388	47681.9726	0.0761	47681.973	0.0910
2867	47680.71395540089	47680.8529	0.0761	47680.853	0.0890
2868	47675.5085990734	47675.6358	0.0761	47675.636	0.0810
2869	47673.5084890803	47673.6431	0.0761	47673.643	0.0810
2870	47668.84775215283	47668.9504	0.0761	47668.950	0.0840
2871	47658.19564699411	47658.3278	0.0760	47658.328	0.0780
2872	47652.565057001	47652.6904	0.0760	47652.690	0.0800
2873	47643.93414432568	47644.0485	0.0760	47644.048	0.0820
2875	47632.61100570182	47632.7173	0.0760	47632.717	0.0860
2876	47624.56049315512	47624.7284	0.0760	47624.728	0.0780
2877	47620.22547646769	47620.303	0.0760	47620.303	0.0790
2878	47581.63746686435	47581.722	0.0759	47581.722	0.0840
2879	47578.76600726774	47578.8828	0.0759	47578.883	0.0790
2880	47576.52213532667	47576.5905	0.0759	47576.590	0.0790
2881	47562.60633495086	47562.7312	0.0759	47562.731	0.0840
2882	47553.21938420006	47553.3405	0.0759	47553.340	0.0790
2883	47540.83009448607	47540.8285	0.2500	47540.829	0.2510
2884	47440.1709137397	47440.1693	0.0542	47440.169	0.0570
2886	47379.90042312283	47379.8738	0.2000	47379.874	0.2020
2887	47348.28957245383	47348.2968	0.0541	47348.297	0.0570
2888	47315.77065683813	47315.8821	0.0540	47315.882	0.0560
2890	47252.28960743397	47252.299	0.2200	47252.299	0.2210
2891	47232.44044389793	47232.4546	0.0538	47232.455	0.0560
2892	47104.48963009213	47104.6386	0.0536	47104.639	0.0590
2893	47102.29013986758	47102.2615	0.0536	47102.262	0.0590
2894	47046.87989834335	47046.922	0.0535	47046.922	0.0560
2895	47033.22066289324	47033.2876	0.0534	47033.288	0.0580
2896	46924.77020312647	46924.8351	0.0532	46924.835	0.0550
2897	46919.30998876524	46919.4357	0.0532	46919.436	0.0550
2898	46802.98971619688	46803.0753	0.0530	46803.075	0.0550
2899	46798.27970056816	46798.3075	0.0530	46798.308	0.0560
2900	46788.40019099391	46788.4428	0.0530	46788.443	0.0540
2901	46786.64991314011	46786.7631	0.0530	46786.763	0.0580
2902	46716.10053426918	46716.1092	0.0528	46716.109	0.0540
2903	46715.33984407844	46715.371	0.0528	46715.371	0.0570
2904	46703.68931512188	46703.6814	0.0528	46703.681	0.0540
2905	46700.91095365248	46700.8555	0.0528	46700.855	0.0540
2906	46680.68012655505	46680.6983	0.1055	46680.698	0.1080
2908	46658.22010930658	46658.1877	0.0527	46658.188	0.0540
2909	46651.68987007166	46651.6872	0.1054	46651.687	0.1090
2912	46562.34996774291	46562.3068	0.0525	46562.307	0.0560
2913	46558.4006130823	46558.2585	0.0525	46558.259	0.0550
2914	46537.209805545	46537.1085	0.1049	46537.109	0.1060
2915	46535.88957461072	46535.8328	0.0525	46535.833	0.0540
2916	46497.06025599843	46497.0124	0.0524	46497.012	0.0560
2917	46447.50973435536	46447.3623	0.0523	46447.362	0.0530
2918	46390.59010068003	46390.4662	0.0522	46390.466	0.0550
2919	46377.03064321934	46376.9583	0.0522	46376.958	0.0530
2920	46233.55982009214	46233.5044	0.0519	46233.504	0.0530
2921	46225.88088439409	46225.9346	0.1038	46225.935	0.1050
2922	46221.54940264471	46221.4468	0.1037	46221.447	0.1060
2923	46206.25031575978	46206.1651	0.0518	46206.165	0.0590
2924	46172.45016025251	46172.384	0.0518	46172.384	0.0530
2926	46144.1906255957	46144.2236	0.0517	46144.224	0.0550
2927	46115.03084806017	46114.9631	0.0517	46114.963	0.0550
2928	46087.65086348008	46087.494	0.0516	46087.494	0.0530
2929	46054.06991372063	46053.9863	0.0515	46053.986	0.0530
2930	46043.61060572141	46043.4745	0.0515	46043.474	0.0530
2934	45994.32059457205	45994.2914	0.0514	45994.291	0.0530
2935	45966.41002608019	45966.2707	0.0514	45966.271	0.0540
2936	45964.86953375686	45964.8155	0.0514	45964.815	0.0530
2937	45945.60056761961	45945.4976	0.0513	45945.498	0.0530
2938	45927.21997508793	45927.1547	0.0513	45927.155	0.0520
2939	45909.48069025455	45909.3609	0.0513	45909.361	0.0530
2940	45863.84931576061	45863.7311	0.1024	45863.731	0.1030
2941	45861.02948337328	45860.8398	0.0512	45860.840	0.0570
2942	45840.39990488405	45840.3485	0.0511	45840.349	0.0520
2943	45832.83080047044	45832.7541	0.0511	45832.754	0.0520
2944	45831.61105978994	45831.5385	0.1022	45831.539	0.1040
2945	45827.60059731249	45827.6009	0.0511	45827.601	0.0520
2946	45760.85987815142	45760.8872	0.1020	45760.887	0.1030
2947	45754.30084049274	45754.1675	0.0510	45754.168	0.0540
2948	45718.75943333546	45718.5723	0.0509	45718.572	0.0520
2949	45705.2308426546	45705.1829	0.1018	45705.183	0.1030
2950	45696.0808895201	45695.9811	0.0509	45695.981	0.0540
2951	45649.84980649215	45649.8275	0.0508	45649.827	0.0520
2952	45641.2404219308	45641.1065	0.1015	45641.107	0.1040
2953	45629.2206177589	45629.0662	0.0507	45629.066	0.0530
2954	45626.89019894906	45626.7077	0.0507	45626.708	0.0550
2955	45624.89041087167	45624.9196	0.0507	45624.920	0.0670
2957	45601.41973490681	45601.3355	0.0507	45601.336	0.0520
2958	45575.41067518079	45575.3203	0.0506	45575.320	0.0520
2960	45565.54950241964	45565.4111	0.1012	45565.411	0.1050
2961	45559.69036700464	45559.5529	0.1012	45559.553	0.1040
2962	45558.07049603599	45558.0665	0.0506	45558.067	0.0520
2963	45556.93016548332	45556.779	0.1012	45556.779	0.1030
2964	45556.28950451547	45556.2312	0.1012	45556.231	0.1020
2965	45546.59101877932	45546.4649	0.0506	45546.465	0.0520
2966	45532.84052892886	45532.638	0.0506	45532.638	0.0520
2967	45530.02052521855	45529.9366	0.1011	45529.937	0.1030
2968	45514.080717164	45514.0313	0.0505	45514.031	0.0540
2969	45507.06017391675	45506.9386	0.0505	45506.939	0.0520
2970	45497.1604044509	45497.0648	0.1010	45497.065	0.1030
2972	45486.41984342083	45486.3135	0.0505	45486.313	0.0530
2973	45448.26998017191	45448.2609	0.0504	45448.261	0.0510
2974	45405.72999016976	45405.6794	0.1006	45405.679	0.1020
2975	45386.31060164558	45386.2557	0.0503	45386.256	0.0530
2977	45364.52097831536	45364.4654	0.0502	45364.465	0.0530
2978	45351.78949928982	45351.8462	0.0502	45351.846	0.0540
2979	45350.55058932208	45350.5862	0.0502	45350.586	0.0550
2981	45331.88043366939	45331.9161	0.1004	45331.916	0.1010
2982	45327.50089271909	45327.4514	0.1003	45327.451	0.1030
2984	45317.76923172521	45317.7724	0.0502	45317.772	0.0540
2985	45316.38995463946	45316.5381	0.0502	45316.538	0.0530
2986	45314.41961732305	45314.4952	0.0501	45314.495	0.0520
2987	45311.46013104347	45311.6033	0.1003	45311.603	0.1030
2988	45306.2691896567	45306.4107	0.1003	45306.411	0.1030
2991	45294.25969022737	45294.2378	0.0501	45294.238	0.0560
2992	45293.41943983183	45293.4597	0.1002	45293.460	0.1020
2994	45266.06017974622	45266.106	0.0501	45266.106	0.0580
2996	45262.31014562277	45262.3489	0.0501	45262.349	0.0510
2997	45256.49039238893	45256.6133	0.0500	45256.613	0.0520
2998	45235.52082638042	45235.447	0.0500	45235.447	0.0510
2999	45207.52048964782	45207.5297	0.0500	45207.530	0.0510
3000	45201.79993027226	45201.8427	0.0499	45201.843	0.0520
3001	45179.82016203209	45179.7648	0.0499	45179.765	0.0510
3002	45168.77965723006	45168.7941	0.0499	45168.794	0.0510
3003	45159.31031073827	45159.3148	0.0499	45159.315	0.0520
3004	45156.35079391517	45156.4017	0.0499	45156.402	0.0520
3005	45151.43987852585	45151.5536	0.0498	45151.554	0.0530
3006	45149.7092671182	45149.7349	0.0498	45149.735	0.0520
3008	45145.32057296132	45145.2838	0.0498	45145.284	0.0520
3009	45143.91930418953	45143.9209	0.0997	45143.921	0.1030
3010	45142.46984338972	45142.5165	0.0498	45142.516	0.0510
3013	45127.61098546534	45127.6551	0.0996	45127.655	0.1020
3014	45122.91004931413	45122.8918	0.0498	45122.892	0.0530
3015	45117.59914443422	45117.5611	0.0498	45117.561	0.0510
3020	45089.49108485116	45089.5092	0.0995	45089.509	0.1010
3023	45083.33096077855	45083.3219	0.0497	45083.322	0.0540
3024	45062.83037648791	45062.7899	0.0994	45062.790	0.1130
3026	45050.0600011937	45049.9868	0.0497	45049.987	0.0520
3028	45009.49957192506	45009.6219	0.0496	45009.622	0.0520
3029	45001.86000398857	45001.8684	0.0991	45001.868	0.1020
3030	44984.66985820269	44984.5755	0.0495	44984.575	0.0540
3031	44980.25946679304	44980.3073	0.0991	44980.307	0.1000
3034	44968.17986703084	44968.1531	0.0495	44968.153	0.0530
3035	44965.52998389834	44965.5512	0.0990	44965.551	0.1020
3038	44957.05959953626	44957.1069	0.0495	44957.107	0.0510
3041	44932.30949146433	44932.251	0.0989	44932.251	0.1010
3042	44931.68028169855	44931.7169	0.0989	44931.717	0.1020
3043	44926.75096862249	44926.7906	0.0494	44926.791	0.0500
3044	44917.71045879719	44917.7622	0.0494	44917.762	0.0560
3046	44914.8694256844	44914.8924	0.0494	44914.892	0.0500
3048	44908.7307679399	44908.6788	0.0494	44908.679	0.0510
3049	44906.49096429888	44906.5664	0.0988	44906.566	0.1010
3050	44905.80982470408	44905.8757	0.0494	44905.876	0.0540
3051	44898.26939777429	44898.3407	0.0494	44898.341	0.0500
3052	44894.23093716623	44894.1684	0.0494	44894.168	0.0560
3053	44885.44941808866	44885.5578	0.0494	44885.558	0.0520
3054	44877.85025609326	44877.9755	0.0493	44877.976	0.0550
3055	44871.16085441893	44871.1316	0.0493	44871.132	0.0500
3056	44862.14080935736	44862.24	0.0493	44862.240	0.0500
3058	44855.40028126142	44855.3839	0.0986	44855.384	0.1020
3059	44841.98049483595	44841.929	0.0493	44841.929	0.0510
3060	44840.83923189608	44840.8661	0.3000	44840.866	0.3010
3063	44822.12006680582	44822.1695	0.0985	44822.170	0.1020
3067	44804.78109116666	44804.8832	0.0492	44804.883	0.0500
3068	44798.92063656299	44798.9406	0.0492	44798.941	0.0500
3069	44790.83098638438	44790.8363	0.0492	44790.836	0.0510
3070	44784.59102672307	44784.7122	0.0492	44784.712	0.0510
3071	44778.59955459341	44778.6472	0.0983	44778.647	0.1000
3072	44764.12047312273	44764.1018	0.0491	44764.102	0.0520
3073	44752.16003553016	44752.0962	0.0491	44752.096	0.0520
3074	44740.84100972527	44740.7717	0.0491	44740.772	0.0510
3076	44728.37100230122	44728.3684	0.0491	44728.368	0.0500
3078	44712.53045638285	44712.5706	0.0490	44712.571	0.0510
3080	44699.5796773028	44699.5917	0.0490	44699.592	0.0500
3083	44683.65923577423	44683.687	0.0980	44683.687	0.1000
3084	44680.88009080737	44680.8548	0.0490	44680.855	0.0530
3086	44677.54920467622	44677.5682	0.0490	44677.568	0.0530
3087	44669.36037032575	44669.3758	0.0490	44669.376	0.0500
3088	44667.2692729956	44667.1976	0.0490	44667.198	0.0520
3089	44657.70990824595	44657.7902	0.0979	44657.790	0.0990
3091	44650.98965673445	44650.9256	0.0489	44650.926	0.0500
3092	44647.79957817702	44647.8509	0.0489	44647.851	0.0510
3093	44645.28116358566	44644.8842	0.0489	44644.884	0.0540
3094	44643.01063720498	44643.118	0.0489	44643.118	0.0500
3095	44640.66021170912	44640.7833	0.0489	44640.783	0.0540
3097	44616.61917690574	44616.5078	0.0489	44616.508	0.0500
3098	44613.80973492096	44613.7734	0.0489	44613.773	0.0530
3102	44600.15916433513	44600.2089	0.0488	44600.209	0.0500
3105	44590.32987906703	44590.3834	0.0488	44590.383	0.0520
3107	44586.19065419081	44586.2403	0.0976	44586.240	0.0990
3111	44570.62997258958	44570.6444	0.0975	44570.644	0.1100
3112	44559.6808836005	44559.8335	0.0975	44559.834	0.1000
3113	44541.42015088203	44541.4085	0.0974	44541.408	0.1000
3114	44540.46964991956	44540.4868	0.0974	44540.487	0.1000
3115	44534.69096642306	44534.7261	0.0487	44534.726	0.0500
3116	44529.9108942807	44529.8377	0.0487	44529.838	0.0530
3117	44528.52921348414	44528.6509	0.0487	44528.651	0.0520
3119	44517.22094656154	44517.239	0.0487	44517.239	0.0500
3120	44516.29061835862	44516.2658	0.0487	44516.266	0.0510
3121	44514.52980258512	44514.4523	0.0487	44514.452	0.0540
3123	44507.94997281494	44507.8973	0.0487	44507.897	0.0500
3124	44495.27053473672	44495.2945	0.0486	44495.295	0.0530
3125	44494.08091666266	44494.0953	0.2300	44494.095	0.2310
3126	44492.63980706667	44492.6452	0.0973	44492.645	0.0980
3130	44456.80995392885	44456.8141	0.0486	44456.814	0.0500
3131	44453.78906810162	44453.7905	0.0486	44453.791	0.0510
3133	44450.06995896756	44450.0142	0.0486	44450.014	0.0500
3134	44447.52012327559	44447.4833	0.0485	44447.483	0.0510
3135	44437.14979465075	44437.0962	0.0485	44437.096	0.0550
3136	44435.7293835001	44435.6587	0.0485	44435.659	0.0500
3137	44428.53985611545	44428.5521	0.0485	44428.552	0.0520
3138	44402.15965718657	44402.2716	0.0485	44402.272	0.0520
3139	44400.10950177833	44400.2313	0.0485	44400.231	0.0500
3140	44387.19919639635	44387.2278	0.0484	44387.228	0.0520
3141	44384.37963739497	44384.3554	0.0484	44384.355	0.0490
3142	44374.27049122947	44374.27	0.0484	44374.270	0.0500
3143	44371.04054385183	44371.1596	0.0484	44371.160	0.0520
3144	44368.81949863299	44368.9381	0.0484	44368.938	0.0500
3145	44367.32023647978	44367.3766	0.0484	44367.377	0.0490
3146	44363.10961956316	44363.0869	0.0484	44363.087	0.0500
3147	44356.10027935795	44356.1687	0.0484	44356.169	0.0530
3148	44346.65948983186	44346.5777	0.0484	44346.578	0.0560
3149	44344.67018173373	44344.6624	0.0484	44344.662	0.0500
3150	44342.1108416759	44342.2865	0.0484	44342.287	0.0520
3151	44331.4196142479	44331.4393	0.0483	44331.439	0.0490
3152	44330.80974623816	44330.7769	0.0483	44330.777	0.0500
3153	44324.02965708297	44324.0157	0.0483	44324.016	0.0490
3154	44318.17067490669	44318.0809	0.0966	44318.081	0.1020
3155	44317.17028723753	44317.2417	0.0966	44317.242	0.0990
3157	44309.37081598408	44309.4115	0.0483	44309.412	0.0500
3158	44305.89967260385	44305.9504	0.0483	44305.950	0.0490
3159	44301.4403832557	44301.4147	0.0483	44301.415	0.0520
3160	44300.32060893322	44300.3242	0.0483	44300.324	0.0510
3161	44298.3201743465	44298.3004	0.0483	44298.300	0.0490
3163	44286.1709629196	44286.1309	0.0965	44286.131	0.0980
3164	44284.44968055709	44284.4507	0.0483	44284.451	0.0510
3165	44282.1706575982	44282.1572	0.0482	44282.157	0.0490
3167	44247.07073397061	44247.1453	0.0482	44247.145	0.0500
3168	44245.54921109445	44245.6602	0.0482	44245.660	0.0500
3169	44242.08013181535	44242.1268	0.0482	44242.127	0.0490
3170	44240.55074869748	44240.5934	0.0482	44240.593	0.0500
3171	44224.80003277922	44224.9587	0.0481	44224.959	0.0500
3173	44218.85081712426	44218.8267	0.0481	44218.827	0.0510
3174	44214.45082730689	44214.4623	0.0481	44214.462	0.0490
3175	44212.06971082144	44212.181	0.0481	44212.181	0.0520
3176	44205.61950666231	44205.6762	0.0481	44205.676	0.0490
3177	44204.17026880428	44204.178	0.0481	44204.178	0.0490
3178	44190.49093758058	44190.5984	0.0481	44190.598	0.0510
3180	44177.52977766372	44177.5179	0.0481	44177.518	0.0530
3181	44166.54030751845	44166.5122	0.0480	44166.512	0.0500
3183	44146.35932771942	44146.3871	0.0480	44146.387	0.0510
3184	44134.04010314571	44133.6558	0.4000	44133.656	0.4010
3185	44132.11038093035	44132.0271	0.0480	44132.027	0.0520
3187	44116.0094183111	44115.9525	0.0479	44115.952	0.0490
3190	44104.42952531971	44104.4099	0.0479	44104.410	0.0510
3191	44095.05038198862	44095.1969	0.0479	44095.197	0.0490
3194	44085.67998138013	44085.7536	0.0479	44085.754	0.0510
3195	44083.85055598311	44083.8227	0.0479	44083.823	0.0500
3196	44081.03090364522	44081.0324	0.0479	44081.032	0.0490
3198	44073.24042454857	44073.1739	0.0479	44073.174	0.0490
3201	44030.19025957061	44030.2719	0.0478	44030.272	0.0520
3202	44027.28059063455	44027.3725	0.0956	44027.372	0.0970
3203	44026.11990524601	44026.1364	0.0478	44026.136	0.0510
3204	44022.4590909646	44022.4859	0.0478	44022.486	0.0490
3205	44010.09045811312	44010.1052	0.0478	44010.105	0.0490
3207	44000.93013014711	44000.9333	0.0477	44000.933	0.0500
3208	43999.26111363451	43999.2898	0.0477	43999.290	0.0510
3209	43988.05929421459	43988.0376	0.0477	43988.038	0.0500
3210	43978.63072176084	43978.6295	0.0477	43978.630	0.0500
3211	43977.43085215014	43977.5179	0.0477	43977.518	0.0540
3213	43970.41066796659	43970.3594	0.0477	43970.359	0.0530
3214	43965.17066429084	43965.2001	0.0954	43965.200	0.1000
3215	43956.55043744392	43956.537	0.0477	43956.537	0.0490
3216	43943.39106103972	43943.4309	0.0476	43943.431	0.0500
3217	43940.67039252605	43940.7216	0.0476	43940.722	0.0490
3218	43924.8403612518	43924.8617	0.0476	43924.862	0.0490
3219	43919.95996368108	43920.0403	0.0476	43920.040	0.0490
3220	43912.61002413144	43912.5955	0.0476	43912.596	0.0510
3222	43903.58116235764	43903.4482	0.0476	43903.448	0.0520
3223	43896.16088130493	43896.1244	0.0476	43896.124	0.0510
3224	43892.42905122904	43892.4518	0.0475	43892.452	0.0500
3225	43885.89086865937	43885.965	0.0475	43885.965	0.0490
3226	43882.77075626969	43882.8348	0.0475	43882.835	0.0490
3228	43874.28021944758	43874.2878	0.0950	43874.288	0.0970
3229	43870.43013365731	43870.4538	0.0475	43870.454	0.0490
3230	43862.40100122942	43862.4467	0.0475	43862.447	0.0490
3231	43860.7896455182	43860.8151	0.0475	43860.815	0.0490
3236	43834.6190994046	43834.7325	0.0474	43834.732	0.0510
3237	43828.42960677027	43828.4936	0.0474	43828.494	0.0480
3238	43821.12962561843	43821.149	0.0474	43821.149	0.0490
3239	43816.48013244125	43816.5258	0.0474	43816.526	0.0510
3240	43767.83910657847	43767.8097	0.0473	43767.810	0.0490
3241	43757.54980825226	43757.4431	0.0946	43757.443	0.0980
3242	43751.3806904158	43751.392	0.0473	43751.392	0.0480
3243	43743.51906246869	43743.5427	0.0473	43743.543	0.0490
3245	43737.1208783569	43737.0595	0.0473	43737.060	0.0530
3246	43728.53103594499	43728.4671	0.0473	43728.467	0.0500
3247	43720.92085822622	43720.8111	0.0472	43720.811	0.0510
3248	43718.78058694486	43718.8545	0.0472	43718.855	0.0540
3249	43714.95990742799	43714.9509	0.0472	43714.951	0.0480
3250	43707.52116753736	43707.4286	0.0472	43707.429	0.0490
3251	43704.00998000888	43703.9085	0.0472	43703.908	0.0500
3252	43702.32973534313	43702.3595	0.0472	43702.359	0.0520
3253	43700.2492752368	43700.2756	0.0472	43700.276	0.0480
3255	43690.31918648166	43690.3851	0.0472	43690.385	0.0550
3256	43684.70080019545	43684.7016	0.0472	43684.702	0.0510
3258	43669.1307986816	43668.9472	0.0471	43668.947	0.0480
3259	43656.30013170544	43656.2977	0.0471	43656.298	0.0480
3260	43654.5295325406	43654.6316	0.0471	43654.632	0.0490
3261	43650.06955442247	43650.097	0.0471	43650.097	0.0520
3263	43640.80956404434	43640.8907	0.0471	43640.891	0.0490
3264	43631.81968331584	43631.7032	0.0471	43631.703	0.0480
3265	43630.59998095836	43630.5194	0.0942	43630.519	0.0950
3267	43615.39040964659	43615.2607	0.0471	43615.261	0.0530
3268	43606.90944141933	43606.8672	0.0941	43606.867	0.0960
3269	43605.95923169333	43605.8893	0.0941	43605.889	0.0950
3270	43599.31996709797	43599.3832	0.0470	43599.383	0.0510
3272	43591.01058070541	43591.0269	0.0470	43591.027	0.0480
3273	43588.42957219531	43588.3825	0.0470	43588.382	0.0490
3274	43586.60081349446	43586.4885	0.0470	43586.488	0.0510
3275	43577.35036994497	43577.3249	0.0470	43577.325	0.0480
3278	43568.84087927202	43568.8647	0.0470	43568.865	0.0490
3279	43567.13115592143	43567.1247	0.0939	43567.125	0.0950
3280	43564.68921419263	43564.6029	0.0470	43564.603	0.0480
3281	43562.25928250933	43562.1377	0.0470	43562.138	0.0520
3282	43560.73962668503	43560.7357	0.0470	43560.736	0.0520
3283	43552.6390280929	43552.7141	0.0469	43552.714	0.0500
3284	43543.3204431277	43543.326	0.0469	43543.326	0.0480
3285	43530.33898208837	43530.3989	0.0469	43530.399	0.0500
3286	43514.6693011179	43514.6526	0.0469	43514.653	0.0480
3288	43511.75006979571	43511.7052	0.0469	43511.705	0.0500
3289	43510.29048621727	43510.2279	0.0469	43510.228	0.0480
3290	43506.20055054919	43506.1082	0.0469	43506.108	0.0490
3291	43504.21103626905	43504.2116	0.0469	43504.212	0.0480
3294	43491.66946990442	43491.5696	0.0468	43491.570	0.0510
3296	43484.93072298842	43484.7971	0.0468	43484.797	0.0510
3297	43480.71912588198	43480.5747	0.0468	43480.575	0.0500
3298	43474.68100286547	43474.6139	0.0468	43474.614	0.0480
3301	43458.50961677321	43458.4864	0.0468	43458.486	0.0490
3302	43453.03014816104	43453.0114	0.0935	43453.011	0.0950
3303	43444.40034614431	43444.5222	0.0935	43444.522	0.0960
3307	43415.87919426257	43415.8484	0.0467	43415.848	0.0490
3308	43410.16098051088	43410.2241	0.0934	43410.224	0.0940
3309	43409.12952086415	43409.1961	0.0934	43409.196	0.0950
3310	43407.46984355142	43407.5692	0.0467	43407.569	0.0480
3311	43405.98010708662	43405.9401	0.0467	43405.940	0.0490
3312	43399.78030587263	43399.7103	0.0933	43399.710	0.0950
3313	43398.65023043937	43398.6739	0.0467	43398.674	0.0480
3314	43397.21986035117	43397.2007	0.0933	43397.201	0.0950
3315	43395.67104633585	43395.7048	0.0933	43395.705	0.0940
3316	43393.88119062204	43393.8232	0.0933	43393.823	0.0950
3317	43391.88979272117	43391.9242	0.0467	43391.924	0.0490
3318	43385.6394507376	43385.7451	0.0466	43385.745	0.0530
3319	43381.7401339608	43381.8337	0.0466	43381.834	0.0480
3320	43369.73094532693	43369.634	0.0466	43369.634	0.0540
3321	43368.3799480755	43368.4249	0.0466	43368.425	0.0500
3323	43359.63083996539	43359.5855	0.0466	43359.586	0.0480
3324	43340.59066313095	43340.5019	0.0466	43340.502	0.0510
3327	43329.9405992848	43329.999	0.0465	43329.999	0.0480
3329	43325.79065374376	43325.8102	0.0465	43325.810	0.0520
3330	43321.96068992585	43321.952	0.0465	43321.952	0.0510
3331	43318.62043197623	43318.5803	0.0465	43318.580	0.0540
3333	43314.099792008	43314.0512	0.0465	43314.051	0.0530
3334	43313.38911364914	43313.4007	0.0930	43313.401	0.0940
3336	43306.55928028571	43306.5026	0.0465	43306.503	0.0530
3337	43301.66028307557	43301.7491	0.0465	43301.749	0.0480
3340	43293.63908224332	43293.6157	0.0930	43293.616	0.0960
3341	43291.16029366481	43291.2685	0.0465	43291.268	0.0480
3342	43288.23938972571	43288.229	0.0465	43288.229	0.0500
3344	43277.76056182032	43277.7945	0.0465	43277.795	0.0500
3346	43272.08932259545	43272.2717	0.0464	43272.272	0.0520
3347	43266.78940723551	43266.9131	0.0464	43266.913	0.0480
3349	43257.74119814746	43257.8448	0.0464	43257.845	0.0500
3351	43252.61948863367	43252.5975	0.0464	43252.598	0.0490
3352	43249.73916473219	43249.7673	0.0464	43249.767	0.0510
3353	43239.22089997413	43239.2568	0.0464	43239.257	0.0470
3355	43220.45932567542	43220.5034	0.0464	43220.503	0.0470
3356	43217.95076469157	43217.9802	0.0464	43217.980	0.0500
3357	43214.92936678456	43214.9079	0.0463	43214.908	0.0490
3358	43208.29932749298	43208.3263	0.0463	43208.326	0.0500
3359	43204.52116507824	43204.5236	0.0463	43204.524	0.0500
3360	43202.35990333676	43202.3922	0.0463	43202.392	0.0500
3361	43200.88107040293	43200.9611	0.0463	43200.961	0.0470
3362	43198.6094454561	43198.6942	0.0463	43198.694	0.0520
3363	43194.9498710797	43194.9747	0.0463	43194.975	0.0470
3367	43178.16000332273	43178.1206	0.0463	43178.121	0.0510
3368	43174.78112906075	43174.7846	0.0926	43174.785	0.0980
3369	43168.83959873492	43168.8255	0.0463	43168.825	0.0510
3370	43166.8408626309	43166.8097	0.0463	43166.810	0.0500
3372	43148.21090151207	43148.2243	0.0462	43148.224	0.0470
3373	43144.62007201288	43144.6394	0.0462	43144.639	0.0480
3374	43142.29069651203	43142.2664	0.0462	43142.266	0.0510
3375	43134.40024227797	43134.4006	0.0462	43134.401	0.0480
3376	43126.19903364604	43126.1728	0.0462	43126.173	0.0530
3377	43124.54002327159	43124.5239	0.0462	43124.524	0.0480
3378	43120.61124968213	43120.646	0.0462	43120.646	0.0480
3379	43115.48070467229	43115.5098	0.0462	43115.510	0.0490
3380	43112.21020737221	43112.2568	0.0462	43112.257	0.0500
3381	43109.29053344108	43109.3451	0.0462	43109.345	0.0480
3382	43105.94927220916	43106.1043	0.1800	43106.104	0.1810
3383	43103.40016121423	43103.5447	0.0923	43103.545	0.0930
3384	43101.30020795669	43101.2878	0.0923	43101.288	0.0950
3385	43088.0001804324	43088.1031	0.0461	43088.103	0.0520
3386	43086.0699154469	43086.0955	0.0461	43086.096	0.0480
3387	43082.67042993786	43082.6997	0.0461	43082.700	0.0490
3388	43073.39028752749	43073.3916	0.0461	43073.392	0.0510
3390	43060.88939377526	43061.0363	0.0461	43061.036	0.0480
3392	43058.3492313869	43058.3625	0.0461	43058.363	0.0480
3394	43043.36954828304	43043.407	0.0460	43043.407	0.0640
3395	43029.21105027461	43029.2756	0.0460	43029.276	0.0470
3397	43025.45125942097	43025.5201	0.0460	43025.520	0.0470
3398	43007.94922594949	43007.9837	0.0460	43007.984	0.0510
3400	43001.12018483054	43001.2066	0.0460	43001.207	0.0490
3401	42997.2590266805	42997.3899	0.0460	42997.390	0.0510
3404	42982.20970454318	42982.3413	0.0459	42982.341	0.0490
3405	42977.71973218252	42977.6242	0.0459	42977.624	0.0530
3406	42976.6809621828	42976.6378	0.0459	42976.638	0.0520
3407	42975.42955776057	42975.5013	0.0919	42975.501	0.0940
3408	42973.26927937893	42973.2791	0.0459	42973.279	0.0470
3409	42966.3795923735	42966.3632	0.0459	42966.363	0.0490
3410	42964.71918359804	42964.6403	0.0459	42964.640	0.0510
3411	42940.7412177019	42940.7573	0.0459	42940.757	0.0470
3412	42934.03070431436	42934.0649	0.0459	42934.065	0.0480
3413	42931.8910155023	42931.8887	0.0917	42931.889	0.0940
3414	42929.51918426342	42929.4847	0.0458	42929.485	0.0470
3415	42927.24982013692	42927.3182	0.0458	42927.318	0.0470
3416	42924.35901006879	42924.3908	0.0458	42924.391	0.0470
3418	42921.88915648893	42921.9552	0.0458	42921.955	0.0470
3419	42920.20988702032	42920.1726	0.0458	42920.173	0.0490
3420	42916.50915620151	42916.5539	0.0458	42916.554	0.0470
3421	42915.30974347242	42915.4868	0.0458	42915.487	0.0520
3422	42913.24904041098	42913.2336	0.0458	42913.234	0.0500
3423	42898.05114731708	42898.0716	0.0458	42898.072	0.0500
3424	42891.1901150643	42891.3103	0.0458	42891.310	0.0500
3425	42871.62026820072	42871.6896	0.0457	42871.690	0.0500
3426	42866.12116758129	42866.0807	0.0457	42866.081	0.0480
3427	42861.67950325456	42861.6617	0.0457	42861.662	0.0480
3429	42857.72942821949	42857.7587	0.0457	42857.759	0.0510
3431	42839.82053884758	42839.9334	0.0457	42839.933	0.0500
3432	42836.79085452741	42836.7783	0.0457	42836.778	0.0490
3433	42820.15071897453	42820.1788	0.0457	42820.179	0.0470
3435	42797.42090577144	42797.6239	0.0456	42797.624	0.0500
3436	42795.51970701716	42795.5854	0.0456	42795.585	0.0470
3437	42792.69950408766	42792.5694	0.0912	42792.569	0.0950
3438	42778.23067070085	42778.2697	0.0456	42778.270	0.0500
3439	42775.70934195589	42775.686	0.0456	42775.686	0.0490
3440	42771.3896269016	42771.5468	0.0456	42771.547	0.0530
3441	42769.35940153767	42769.3199	0.0456	42769.320	0.0480
3442	42768.14997233689	42768.1712	0.0456	42768.171	0.0480
3443	42755.10985505123	42755.1112	0.0455	42755.111	0.0470
3445	42747.43033282706	42747.4835	0.0455	42747.484	0.0500
3446	42741.54928616528	42741.6381	0.0455	42741.638	0.0470
3449	42727.86120170393	42727.9076	0.0455	42727.908	0.0480
3450	42726.2596130103	42726.3174	0.0455	42726.317	0.0470
3452	42710.65051819655	42710.6744	0.0455	42710.674	0.0470
3453	42698.63034110554	42698.7388	0.0454	42698.739	0.0500
3454	42691.3200407383	42691.306	0.0454	42691.306	0.0480
3456	42664.12018623808	42664.0923	0.0908	42664.092	0.0930
3458	42635.28076171051	42635.3567	0.0453	42635.357	0.0490
3459	42630.84939624957	42630.8191	0.0453	42630.819	0.0490
3460	42616.45123963317	42616.5038	0.0453	42616.504	0.0460
3461	42614.7690675553	42614.9315	0.0453	42614.931	0.0510
3462	42599.89108867432	42599.8983	0.0906	42599.898	0.0920
3463	42588.35079533268	42588.4224	0.0453	42588.422	0.0460
3465	42562.15110825337	42562.2881	0.0904	42562.288	0.0940
3466	42546.84984790716	42546.9941	0.0452	42546.994	0.0500
3467	42539.17084812527	42539.2332	0.0452	42539.233	0.0500
3468	42500.47121370544	42500.6228	0.0902	42500.623	0.0920
3469	42494.06055841852	42494.1182	0.0902	42494.118	0.0930
3470	42481.74953392486	42481.8155	0.0902	42481.815	0.0910
3471	42479.7801279195	42479.8532	0.0451	42479.853	0.0460
3472	42473.35904794869	42473.4097	0.0901	42473.410	0.0930
3473	42471.47987449954	42471.6289	0.0451	42471.629	0.0500
3474	42465.580106725	42465.6298	0.0450	42465.630	0.0510
3476	42460.31099227225	42460.3209	0.0450	42460.321	0.0500
3477	42451.62098412093	42451.7806	0.0900	42451.781	0.0920
3478	42450.90074765068	42450.9667	0.0900	42450.967	0.0950
3479	42449.10018158235	42449.2063	0.0450	42449.206	0.0460
3480	42445.15095058401	42445.2422	0.0450	42445.242	0.0460
3481	42430.32971882761	42430.3297	0.0450	42430.330	0.0500
3482	42427.77045177265	42427.5858	0.0450	42427.586	0.0490
3483	42410.67091651106	42410.8282	0.0450	42410.828	0.0520
3484	42405.81928153264	42405.8809	0.0449	42405.881	0.0460
3486	42402.5603872361	42402.5327	0.0449	42402.533	0.0460
3487	42383.72070802414	42383.6401	0.0449	42383.640	0.0460
3488	42381.89008411486	42381.9255	0.0449	42381.925	0.0460
3489	42372.85124228205	42373.0005	0.0449	42373.001	0.0470
3490	42370.96992412303	42371.0987	0.0449	42371.099	0.0520
3491	42365.99909347681	42366.268	0.0449	42366.268	0.0520
3492	42364.8493425557	42364.799	0.0449	42364.799	0.0460
3493	42354.68974605141	42354.6766	0.0449	42354.677	0.0470
3494	42351.02972239091	42351.1162	0.0449	42351.116	0.0470
3495	42347.85086927052	42347.9061	0.0448	42347.906	0.0460
3496	42345.82924946112	42345.8534	0.0448	42345.853	0.0500
3497	42340.35932405651	42340.4939	0.0448	42340.494	0.0520
3498	42329.38909216124	42329.3591	0.0448	42329.359	0.0500
3501	42319.99934519344	42320.1498	0.0448	42320.150	0.0480
3502	42318.38120209874	42318.5157	0.0448	42318.516	0.0520
3503	42308.48042347772	42308.4064	0.0448	42308.406	0.0460
3504	42292.96110172027	42293.0018	0.1203	42293.002	0.1240
3506	42283.35984883455	42283.4263	0.0447	42283.426	0.0460
3507	42279.28058899647	42279.2325	0.0447	42279.232	0.0490
3508	42269.3993998728	42269.3536	0.0447	42269.354	0.0500
3509	42268.50094192418	42268.5631	0.0447	42268.563	0.0470
3510	42261.16012988309	42261.1835	0.0447	42261.183	0.0480
3511	42256.15980870446	42256.2893	0.0447	42256.289	0.0510
3513	42225.80034446875	42225.9494	0.0446	42225.949	0.0520
3514	42224.67950162978	42224.5679	0.0446	42224.568	0.0520
3516	42219.97011166694	42219.981	0.0446	42219.981	0.0460
3517	42212.43000862391	42212.5587	0.0446	42212.559	0.0480
3518	42210.22002702898	42210.2338	0.0446	42210.234	0.0460
3519	42206.40922338473	42206.4281	0.0446	42206.428	0.0470
3520	42203.00091763246	42202.9955	0.0446	42202.995	0.0530
3521	42197.57023354655	42197.7074	0.0446	42197.707	0.0510
3523	42190.21918041941	42190.1262	0.0446	42190.126	0.0460
3525	42180.7805990072	42180.7982	0.0446	42180.798	0.0460
3526	42178.20052988028	42178.1485	0.0446	42178.149	0.0510
3527	42162.94011430247	42162.6519	0.0445	42162.652	0.0540
3528	42157.42977061783	42157.3637	0.0445	42157.364	0.0480
3530	42146.89005442092	42146.7947	0.0445	42146.795	0.0530
3532	42143.3511478908	42143.4399	0.0445	42143.440	0.0470
3533	42123.36031363063	42123.3806	0.0445	42123.381	0.0470
3534	42117.34895578342	42117.1528	0.1200	42117.153	0.1240
3535	42109.89121867573	42110.1941	0.0444	42110.194	0.0550
3536	42102.80040522152	42102.8702	0.0444	42102.870	0.0490
3537	42081.94079282785	42081.97	0.0444	42081.970	0.0450
3538	42077.76083519258	42077.7449	0.0444	42077.745	0.0480
3540	42072.87909010071	42072.8556	0.0444	42072.856	0.0460
3541	42064.87120604494	42065.157	0.0444	42065.157	0.0540
3542	42058.15015047144	42058.1715	0.0444	42058.171	0.0480
3543	42056.8910811784	42056.9881	0.0444	42056.988	0.0510
3544	42056.02941532764	42056.069	0.0444	42056.069	0.0480
3545	42045.45023778638	42045.4706	0.0443	42045.471	0.0460
3546	42038.18117841223	42038.0508	0.0886	42038.051	0.0920
3547	42035.10986654441	42035.1886	0.0443	42035.189	0.0450
3550	42023.99897271906	42024.0694	0.0886	42024.069	0.0900
3551	42022.12083767167	42022.1831	0.0886	42022.183	0.0910
3554	42015.8197233876	42015.7183	0.0443	42015.718	0.0540
3556	42003.0904439264	42003.1875	0.0443	42003.188	0.0470
3557	41985.54020006397	41985.6179	0.0442	41985.618	0.0470
3558	41978.5092452995	41978.5155	0.0442	41978.516	0.0450
3559	41966.85985309338	41966.9919	0.0884	41966.992	0.0900
3560	41965.06064029565	41964.9543	0.0442	41964.954	0.0470
3561	41958.3700323891	41958.4538	0.0442	41958.454	0.0470
3563	41951.48905736562	41951.5339	0.0442	41951.534	0.0480
3564	41927.54043912682	41927.4363	0.0441	41927.436	0.0490
3565	41924.65959863956	41924.7765	0.0441	41924.776	0.0490
3566	41920.21022087555	41920.1022	0.0441	41920.102	0.0540
3567	41884.7313221654	41884.7661	0.0441	41884.766	0.0450
3568	41881.92951416682	41881.9742	0.0441	41881.974	0.0470
3569	41877.19034963757	41877.1892	0.0440	41877.189	0.0450
3570	41873.31128400621	41873.4824	0.0440	41873.482	0.0470
3571	41848.47976489346	41848.5337	0.0440	41848.534	0.0450
3572	41845.44971422325	41845.4157	0.0440	41845.416	0.0470
3573	41840.00063356532	41840.1038	0.0440	41840.104	0.0460
3574	41837.48032343225	41837.4979	0.0440	41837.498	0.0470
3576	41826.71922383129	41826.7845	0.0440	41826.785	0.0450
3577	41823.28935574186	41823.2914	0.0440	41823.291	0.0470
3578	41818.94972120973	41819.0202	0.0440	41819.020	0.0450
3580	41802.47943443588	41802.6037	0.0439	41802.604	0.0460
3581	41777.34034040936	41777.4202	0.0439	41777.420	0.0450
3582	41762.99908823409	41762.9257	0.0439	41762.926	0.0470
3583	41757.97065174941	41758.096	0.0438	41758.096	0.0480
3584	41757.25939550931	41757.2918	0.0438	41757.292	0.0470
3585	41747.02059782408	41746.9954	0.0438	41746.995	0.0450
3586	41744.21901890622	41744.2572	0.0877	41744.257	0.0890
3587	41733.20082964779	41733.1421	0.0438	41733.142	0.0470
3588	41707.90916490499	41707.9367	0.0438	41707.937	0.0450
3589	41691.45081121816	41691.4689	0.0437	41691.469	0.0450
3590	41687.68022518055	41687.6368	0.0437	41687.637	0.0470
3592	41659.24125938334	41659.3808	0.0437	41659.381	0.0510
3593	41656.12017298867	41656.1071	0.0437	41656.107	0.0470
3594	41643.94004082624	41643.9139	0.0437	41643.914	0.0460
3595	41641.89085396113	41641.9682	0.0437	41641.968	0.0480
3596	41639.41082861531	41639.3881	0.0437	41639.388	0.0480
3597	41614.69945591408	41614.9598	0.0436	41614.960	0.0490
3598	41610.0708569173	41610.1446	0.0436	41610.145	0.0450
3600	41557.66905718714	41557.6482	0.0870	41557.648	0.0880
3602	41544.31936806599	41544.1944	0.0435	41544.194	0.0470
3604	41534.58083155871	41534.5356	0.0435	41534.536	0.0450
3606	41530.21955174534	41530.2378	0.0435	41530.238	0.0450
3607	41526.0291256229	41526.0332	0.0435	41526.033	0.0450
3608	41514.57924270102	41514.5708	0.0434	41514.571	0.0440
3610	41512.37014578126	41512.3226	0.0434	41512.323	0.0470
3611	41495.26040447043	41495.2211	0.0434	41495.221	0.0460
3612	41484.56979796957	41484.4985	0.0434	41484.499	0.0480
3613	41475.94923613495	41475.8753	0.0434	41475.875	0.0460
3614	41473.79906049907	41473.8153	0.0868	41473.815	0.1100
3615	41464.26926280188	41464.2697	0.0434	41464.270	0.0440
3617	41455.87918068682	41455.8772	0.0433	41455.877	0.0440
3618	41448.1599931684	41448.157	0.0433	41448.157	0.0440
3619	41446.71914414105	41446.7792	0.0433	41446.779	0.0470
3620	41443.00888445641	41443.0855	0.0433	41443.086	0.0450
3621	41439.94947640991	41439.8631	0.0433	41439.863	0.0510
3622	41423.770985541	41423.7393	0.0433	41423.739	0.0470
3623	41414.9006129742	41414.8529	0.0433	41414.853	0.0480
3625	41403.18956580211	41403.0921	0.0433	41403.092	0.0450
3626	41386.71933959334	41386.7483	0.0800	41386.748	0.0870
3627	41382.79112574038	41382.8048	0.0432	41382.805	0.0440
3628	41369.12994805884	41369.0143	0.0432	41369.014	0.0480
3629	41367.05965088341	41367.1404	0.0432	41367.140	0.0480
3630	41349.21104383302	41349.1663	0.0432	41349.166	0.0460
3631	41327.69116105302	41327.7965	0.0431	41327.796	0.0470
3632	41305.85899648908	41305.7816	0.0431	41305.782	0.0470
3633	41298.58933397856	41298.4363	0.0431	41298.436	0.0470
3634	41296.54008750024	41296.622	0.0431	41296.622	0.0480
3635	41290.02134080375	41290.0487	0.0431	41290.049	0.0460
3636	41279.94990843307	41279.9299	0.0431	41279.930	0.0480
3638	41271.39133542719	41271.4464	0.0430	41271.446	0.0450
3639	41262.7213116403	41262.7176	0.0430	41262.718	0.0520
3640	41260.61089822759	41260.6581	0.0861	41260.658	0.1010
3641	41255.74102434651	41255.599	0.0430	41255.599	0.0520
3643	41246.70899855481	41246.6654	0.0430	41246.665	0.0490
3646	41240.87004235468	41240.8658	0.0430	41240.866	0.0460
3647	41235.95110194376	41235.8668	0.0430	41235.867	0.0480
3648	41232.24920265762	41232.2929	0.0430	41232.293	0.0470
3649	41230.68064462797	41230.7143	0.0430	41230.714	0.0490
3650	41227.96054398421	41227.9452	0.0859	41227.945	0.0880
3651	41224.08901743242	41224.112	0.0430	41224.112	0.0450
3652	41217.35897538406	41217.4925	0.0430	41217.493	0.0460
3654	41210.91918514512	41210.8998	0.0429	41210.900	0.0440
3655	41205.24099487418	41205.1351	0.0429	41205.135	0.0480
3656	41202.08137587397	41202.1242	0.0429	41202.124	0.0440
3657	41193.15891820665	41193.2291	0.0429	41193.229	0.0450
3658	41163.81104660194	41163.9215	0.0429	41163.921	0.0450
3660	41147.19111644942	41147.2573	0.0428	41147.257	0.0440
3661	41145.19899451821	41145.259	0.0428	41145.259	0.0450
3663	41134.41065380975	41134.3837	0.0856	41134.384	0.0880
3664	41118.45977515553	41118.4752	0.0428	41118.475	0.0450
3665	41110.79995104267	41110.6574	0.0428	41110.657	0.0500
3666	41103.48034144865	41103.4918	0.0428	41103.492	0.0480
3667	41094.49080623562	41094.4461	0.0428	41094.446	0.0470
3668	41086.65921449253	41086.7358	0.0427	41086.736	0.0470
3669	41078.60114567688	41078.3679	0.0427	41078.368	0.0510
3670	41069.17040626281	41069.05	0.0854	41069.050	0.0860
3671	41065.64893490632	41065.6168	0.0427	41065.617	0.0460
3672	41059.64048628227	41059.5547	0.0427	41059.555	0.0500
3673	41048.53059625546	41048.5068	0.0427	41048.507	0.0460
3675	41040.02076781991	41039.96	0.0427	41039.960	0.0450
3676	41023.48899900969	41023.5065	0.0426	41023.507	0.0480
3677	41020.54015080106	41020.5233	0.0426	41020.523	0.0440
3678	41012.51101916812	41012.427	0.0426	41012.427	0.0480
3679	41010.62991906004	41010.6941	0.0426	41010.694	0.0450
3680	40999.10986056531	40999.0225	0.0426	40999.022	0.0480
3681	40994.25027449869	40994.2757	0.0426	40994.276	0.0480
3682	40975.81992603365	40975.7772	0.0426	40975.777	0.0440
3684	40965.59123298209	40965.6938	0.0425	40965.694	0.0450
3685	40953.93052543959	40953.9106	0.0425	40953.911	0.0460
3687	40948.36081286144	40948.4038	0.0425	40948.404	0.0440
3688	40943.6310689188	40943.6345	0.0425	40943.635	0.0440
3689	40939.99890230108	40939.9578	0.0425	40939.958	0.0440
3691	40925.95048256615	40925.996	0.0425	40925.996	0.0440
3692	40921.34137474621	40921.2631	0.0425	40921.263	0.0470
3693	40902.2908634644	40902.237	0.0424	40902.237	0.0530
3694	40901.35900260889	40901.3897	0.0424	40901.390	0.0430
3695	40889.31051687199	40889.4494	0.0848	40889.449	0.0860
3696	40888.52894321031	40888.4664	0.0848	40888.466	0.0870
3697	40879.28013360703	40879.2402	0.0424	40879.240	0.0440
3699	40869.58950164852	40869.5371	0.0424	40869.537	0.0450
3700	40857.82992587634	40857.8315	0.0424	40857.832	0.0450
3701	40845.66023760878	40845.5935	0.0423	40845.594	0.0460
3702	40834.680916865	40834.5785	0.0423	40834.579	0.0450
3703	40810.03021005423	40809.9465	0.0423	40809.946	0.0440
3704	40805.50005505024	40805.5286	0.0423	40805.529	0.0500
3705	40803.63131568903	40803.7477	0.0423	40803.748	0.0570
3706	40801.18922943246	40801.6802	0.0423	40801.680	0.0500
3707	40799.22062195656	40799.2742	0.0423	40799.274	0.0440
3708	40790.20006991552	40790.1774	0.3500	40790.177	0.3570
3709	40780.98067746469	40780.8963	0.0422	40780.896	0.0470
3711	40773.18062844055	40773.0495	0.0422	40773.050	0.0490
3712	40770.30890174133	40770.1606	0.0422	40770.161	0.0470
3713	40767.7106308416	40767.5962	0.0422	40767.596	0.0430
3714	40757.24053617325	40757.1412	0.0844	40757.141	0.0860
3715	40756.59107110622	40756.6511	0.0844	40756.651	0.0880
3717	40749.13142053325	40749.2213	0.0422	40749.221	0.0450
3718	40741.11130366698	40741.093	0.0422	40741.093	0.0460
3719	40727.52059423662	40727.5114	0.0422	40727.511	0.0430
3720	40723.85891294014	40723.8091	0.0422	40723.809	0.0440
3722	40718.91086797505	40718.742	0.0843	40718.742	0.0880
3723	40715.04987296743	40715.1288	0.0421	40715.129	0.0440
3724	40708.73084186192	40708.6215	0.0421	40708.622	0.0430
3725	40705.73084127583	40705.6904	0.0421	40705.690	0.0470
3726	40704.47096467756	40704.4221	0.0421	40704.422	0.0430
3728	40692.09942011305	40692.1128	0.0421	40692.113	0.0430
3729	40672.23074783605	40672.1377	0.0421	40672.138	0.0440
3730	40667.15100965205	40667.8889	0.0421	40667.889	0.0500
3731	40649.54112272645	40649.5324	0.0420	40649.532	0.0450
3732	40647.92121767924	40647.8419	0.0420	40647.842	0.0440
3733	40641.8791426596	40641.8133	0.0840	40641.813	0.0850
3734	40640.68927453556	40640.5976	0.0420	40640.598	0.0480
3737	40627.77064417634	40627.7894	0.0420	40627.789	0.0490
3738	40626.23920335759	40626.2925	0.0840	40626.293	0.0850
3739	40602.21122502704	40602.1299	0.0420	40602.130	0.0460
3742	40590.34887089595	40590.3912	0.0419	40590.391	0.0480
3743	40583.75135970089	40583.6969	0.0419	40583.697	0.0430
3745	40567.63086425878	40567.636	0.0419	40567.636	0.0490
3748	40551.21044651667	40551.2235	0.0419	40551.224	0.0430
3749	40547.18063269842	40547.0126	0.0419	40547.013	0.0480
3750	40540.68940424666	40540.7513	0.0419	40540.751	0.0460
3751	40536.24991308912	40536.3984	0.0418	40536.398	0.0460
3753	40531.07083898367	40531.0679	0.0418	40531.068	0.0460
3754	40527.49036783986	40527.4156	0.0418	40527.416	0.0430
3755	40518.22939617316	40518.2368	0.0418	40518.237	0.0450
3756	40515.51958729726	40515.5928	0.0836	40515.593	0.0850
3758	40508.60927275751	40508.6144	0.0418	40508.614	0.0450
3760	40503.15968693953	40503.1866	0.0418	40503.187	0.0440
3762	40496.03963610254	40496.086	0.0418	40496.086	0.0430
3763	40490.52945058086	40490.561	0.0418	40490.561	0.0510
3764	40484.95087090052	40484.9072	0.0418	40484.907	0.0470
3765	40476.93948039426	40476.8145	0.0418	40476.815	0.0460
3767	40454.72964129993	40454.6031	0.0417	40454.603	0.0430
3768	40434.70059047088	40434.7088	0.0417	40434.709	0.0470
3770	40417.62001517435	40417.6457	0.0833	40417.646	0.0860
3774	40391.06980695497	40391.0621	0.0416	40391.062	0.0430
3775	40386.23991698534	40386.1134	0.0416	40386.113	0.0470
3777	40380.5491322449	40380.4651	0.0416	40380.465	0.0460
3778	40376.40125595177	40376.4281	0.0416	40376.428	0.0470
3779	40374.48014841247	40374.4277	0.0832	40374.428	0.0840
3780	40371.30037339147	40371.3141	0.0832	40371.314	0.0840
3782	40354.74140516769	40354.823	0.0416	40354.823	0.0450
3784	40339.21043276487	40339.2022	0.0831	40339.202	0.0840
3785	40337.66147749824	40337.6299	0.0831	40337.630	0.0850
3788	40322.04928802445	40322.1297	0.0415	40322.130	0.0500
3789	40310.78018788303	40310.7602	0.0415	40310.760	0.0440
3790	40306.66972693043	40306.6491	0.0830	40306.649	0.0840
3791	40306.37904069107	40306.3132	0.0830	40306.313	0.0840
3793	40302.4908733911	40302.5506	0.0415	40302.551	0.0450
3794	40299.1490775077	40299.1244	0.0415	40299.124	0.0440
3795	40293.75120021845	40293.7678	0.0415	40293.768	0.0470
3797	40281.65985594711	40281.6998	0.0414	40281.700	0.0430
3802	40271.69911772668	40271.8153	0.0414	40271.815	0.0430
3804	40268.5689594479	40268.618	0.0414	40268.618	0.0430
3805	40266.53969909316	40266.6004	0.0828	40266.600	0.0850
3806	40260.2492902165	40260.2274	0.0414	40260.227	0.0420
3807	40257.83052019811	40257.8466	0.0414	40257.847	0.0430
3808	40256.76055421358	40256.8793	0.0414	40256.879	0.0440
3809	40253.77989639465	40253.8151	0.0828	40253.815	0.1040
3811	40245.69103320023	40245.7213	0.0414	40245.721	0.0430
3812	40242.210234796	40242.2066	0.0414	40242.207	0.0420
3813	40235.74968083776	40235.6753	0.0827	40235.675	0.0840
3814	40234.12989464599	40234.1844	0.0414	40234.184	0.0430
3815	40231.29897480034	40231.3471	0.0414	40231.347	0.0460
3817	40226.77999266569	40226.7985	0.0827	40226.798	0.0850
3818	40204.6689762883	40204.7168	0.0413	40204.717	0.0450
3819	40199.34938133774	40199.4847	0.0413	40199.485	0.0460
3820	40194.62959610178	40194.6031	0.0413	40194.603	0.0450
3822	40191.49104659172	40191.6413	0.0413	40191.641	0.0450
3823	40186.77900248994	40186.7296	0.0413	40186.730	0.0440
3824	40184.83946553469	40184.9426	0.0413	40184.943	0.0460
3827	40175.14978749098	40175.5752	0.0825	40175.575	0.0870
3830	40169.19080945887	40169.2877	0.0825	40169.288	0.0840
3831	40163.20891761727	40163.2984	0.0413	40163.298	0.0420
3833	40150.60970843113	40150.6938	0.1461	40150.694	0.1470
3834	40145.40039653367	40145.4925	0.0412	40145.493	0.0430
3836	40131.01032938534	40130.9947	0.0412	40130.995	0.0420
3837	40128.5913970857	40128.648	0.0412	40128.648	0.0450
3838	40127.16043679538	40127.2135	0.0412	40127.213	0.0450
3840	40116.74109533034	40116.7118	0.0412	40116.712	0.0450
3841	40110.74015374107	40110.6263	0.0412	40110.626	0.0480
3842	40106.73109563196	40106.6535	0.0412	40106.654	0.0440
3843	40104.01140340076	40103.9266	0.0412	40103.927	0.0480
3844	40101.71131534345	40101.7587	0.0412	40101.759	0.0440
3845	40091.80963127167	40091.9001	0.0411	40091.900	0.0440
3846	40089.20120815383	40089.269	0.0411	40089.269	0.0450
3848	40080.94094723793	40081.0627	0.0822	40081.063	0.0840
3850	40075.85008655474	40075.8569	0.1500	40075.857	0.1510
3851	40074.93130033201	40075.0087	0.0411	40075.009	0.0450
3852	40070.40145135509	40070.435	0.0411	40070.435	0.0440
3853	40065.28074822919	40065.2843	0.0411	40065.284	0.0440
3854	40064.15966157693	40064.197	0.0822	40064.197	0.0830
3855	40062.08938189069	40062.0545	0.0822	40062.054	0.0840
3856	40059.92019345682	40059.9724	0.0822	40059.972	0.0840
3857	40058.70022365123	40058.7245	0.0411	40058.724	0.0460
3858	40053.08107257772	40053.0393	0.0411	40053.039	0.0420
3859	40048.57149797061	40048.6715	0.0411	40048.671	0.0640
3860	40047.27886517515	40047.3529	0.0411	40047.353	0.0460
3861	40033.69093649074	40033.746	0.0411	40033.746	0.0460
3865	40018.42053921941	40018.4562	0.0410	40018.456	0.0430
3866	40017.04122902377	40016.8612	0.0820	40016.861	0.0840
3867	40015.20069302116	40015.1667	0.0410	40015.167	0.0420
3868	40008.17076665033	40008.2279	0.0410	40008.228	0.0440
3870	40000.20034009575	40000.1788	0.0410	40000.179	0.0420
3871	39994.40961950216	39994.2556	0.0410	39994.256	0.0440
3872	39992.96965308383	39993.0211	0.0410	39993.021	0.0430
3873	39988.4593849587	39988.4479	0.0410	39988.448	0.0420
3874	39983.81998549234	39983.7214	0.0410	39983.721	0.0530
3875	39981.72148064576	39981.3785	0.0410	39981.378	0.0580
3877	39974.48098892131	39974.4538	0.0410	39974.454	0.0420
3878	39972.30997291131	39972.191	0.0410	39972.191	0.0420
3880	39960.64908779657	39960.6322	0.0819	39960.632	0.0850
3884	39947.5887971526	39947.5764	0.0818	39947.576	0.0830
3885	39946.30966972454	39946.2635	0.0818	39946.264	0.0840
3886	39945.54076814646	39945.6036	0.0409	39945.604	0.0450
3887	39942.86044980987	39942.8261	0.0409	39942.826	0.0430
3888	39941.47092899181	39941.3836	0.0409	39941.384	0.0440
3889	39939.82994335479	39939.8714	0.0409	39939.871	0.0440
3890	39937.481258455	39937.4548	0.0409	39937.455	0.0430
3892	39933.78099804732	39933.7844	0.0409	39933.784	0.0430
3893	39932.63144299792	39932.513	0.0818	39932.513	0.0850
3894	39931.48908501807	39931.6818	0.0409	39931.682	0.0500
3895	39930.19139243	39930.2306	0.0409	39930.231	0.0440
3896	39924.16930336852	39924.1101	0.0409	39924.110	0.0440
3899	39910.65066667046	39910.6151	0.0409	39910.615	0.0450
3900	39908.83891431302	39908.8735	0.0409	39908.874	0.0420
3901	39903.86896786045	39903.8237	0.0408	39903.824	0.0430
3902	39902.4308427482	39902.387	0.0408	39902.387	0.0430
3903	39892.62145178044	39892.5533	0.0408	39892.553	0.0430
3904	39884.55897434019	39884.6113	0.0408	39884.611	0.0440
3905	39871.8608656875	39871.7809	0.0408	39871.781	0.0420
3906	39870.89087731417	39871.2621	0.0408	39871.262	0.0470
3908	39850.63004378333	39850.6792	0.0408	39850.679	0.0460
3911	39840.65921342502	39840.6609	0.0407	39840.661	0.0430
3912	39827.18075599154	39827.1312	0.0407	39827.131	0.0450
3913	39826.38982600168	39826.3888	0.0815	39826.389	0.0830
3914	39823.23070565823	39823.1042	0.0407	39823.104	0.0460
3915	39821.88119634651	39821.8487	0.0407	39821.849	0.0450
3917	39810.97127228734	39810.9049	0.0814	39810.905	0.0840
3918	39808.26108762297	39808.2315	0.0407	39808.232	0.0450
3919	39800.84917053385	39800.5892	0.0407	39800.589	0.0470
3921	39787.27078497176	39787.2766	0.0407	39787.277	0.0420
3922	39785.51150016838	39785.4888	0.0407	39785.489	0.0420
3923	39772.34912332499	39772.3138	0.0406	39772.314	0.0430
3924	39768.83135196245	39768.7178	0.2000	39768.718	0.2050
3928	39751.03005390253	39750.9999	0.0406	39751.000	0.0440
3929	39748.75125225575	39748.6861	0.0406	39748.686	0.0440
3930	39741.77015435636	39741.7716	0.0406	39741.772	0.0440
3932	39728.34913305518	39728.3263	0.0406	39728.326	0.0430
3933	39719.05015664074	39719.0335	0.2228	39719.033	0.2240
3934	39710.70138556168	39710.7353	0.0811	39710.735	0.0820
3935	39709.75956159223	39709.7235	0.0405	39709.724	0.0450
3936	39703.43136924474	39703.488	0.0405	39703.488	0.0420
3937	39696.97035302767	39696.9463	0.0405	39696.946	0.0420
3939	39688.47920640356	39688.5334	0.0810	39688.533	0.0820
3942	39671.9098397409	39671.8082	0.0405	39671.808	0.0420
3943	39668.91960748765	39668.994	0.0405	39668.994	0.0450
3944	39660.18141277664	39660.1507	0.0405	39660.151	0.0420
3945	39659.09981716256	39659.5469	0.0405	39659.547	0.0480
3946	39658.21953546585	39658.1905	0.0405	39658.190	0.0470
3947	39654.53930225397	39654.527	0.0405	39654.527	0.0420
3948	39644.22068151776	39644.212	0.0404	39644.212	0.0450
3950	39624.86126742623	39624.8662	0.0404	39624.866	0.0420
3951	39622.13055334006	39622.1403	0.0404	39622.140	0.0420
3953	39611.11046680791	39611.1929	0.0808	39611.193	0.0820
3954	39601.21032776179	39601.1663	0.0404	39601.166	0.0440
3955	39595.92872298119	39596.0171	0.0404	39596.017	0.0420
3956	39590.12117923257	39590.1088	0.0807	39590.109	0.0830
3957	39566.41950991539	39566.4067	0.0403	39566.407	0.0440
3959	39545.85101586914	39545.8963	0.0403	39545.896	0.0420
3960	39542.58130855904	39542.6161	0.0403	39542.616	0.0420
3961	39539.91008178445	39539.8872	0.0403	39539.887	0.0440
3962	39533.73126418232	39533.7086	0.0403	39533.709	0.0420
3963	39533.2802925439	39533.2962	0.0403	39533.296	0.0440
3964	39527.71902261883	39527.712	0.2207	39527.712	0.2240
3965	39522.71892159214	39522.6597	0.0403	39522.660	0.0410
3966	39518.09060877316	39518.1376	0.0402	39518.138	0.0410
3967	39517.43885072933	39517.43	0.0402	39517.430	0.0410
3969	39503.5888425942	39503.4661	0.0402	39503.466	0.0480
3970	39498.7002951368	39498.5943	0.0402	39498.594	0.0440
3972	39493.13022413167	39493.0202	0.0804	39493.020	0.0830
3973	39488.32893123451	39488.4443	0.0402	39488.444	0.0570
3974	39483.77074382924	39483.7705	0.0402	39483.770	0.0420
3975	39480.76095271153	39480.7439	0.0402	39480.744	0.0440
3976	39472.37915897285	39472.4764	0.0402	39472.476	0.0430
3977	39456.84164913341	39456.8776	0.0803	39456.878	0.0830
3978	39452.93925399749	39452.9384	0.0803	39452.938	0.0830
3979	39447.47101883723	39447.4003	0.0803	39447.400	0.0860
3981	39439.63013155539	39439.5667	0.0803	39439.567	0.0830
3982	39435.83132871448	39435.8271	0.0401	39435.827	0.0430
3983	39421.18903749603	39421.1527	0.0802	39421.153	0.0820
3985	39410.26068816682	39410.3284	0.0401	39410.328	0.0460
3986	39408.73998417032	39408.807	0.0401	39408.807	0.0410
3987	39403.25916820947	39403.1689	0.0401	39403.169	0.0450
3988	39395.26027417745	39395.2235	0.0401	39395.224	0.0420
3989	39383.65081461419	39383.6554	0.0801	39383.655	0.0830
3990	39380.73891164318	39380.7932	0.0400	39380.793	0.0410
3992	39361.99033474576	39361.9459	0.0400	39361.946	0.0420
3993	39360.95083702119	39360.8385	0.0800	39360.838	0.0820
3995	39353.43955578819	39353.3985	0.0400	39353.399	0.0430
3996	39348.65073198397	39348.7249	0.0400	39348.725	0.0480
3998	39341.52995619624	39341.5036	0.0799	39341.504	0.0810
4001	39322.52944919944	39322.5916	0.0399	39322.592	0.0450
4002	39315.66068420108	39315.6524	0.0399	39315.652	0.0420
4003	39307.28127789577	39307.1684	0.0798	39307.168	0.0880
4004	39303.22008335606	39303.1828	0.0399	39303.183	0.0450
4005	39301.87884465568	39301.8849	0.0399	39301.885	0.0410
4011	39268.74950670852	39268.7428	0.0797	39268.743	0.0830
4012	39267.15991972667	39266.9973	0.0399	39266.997	0.0430
4013	39262.59152014495	39262.5816	0.0399	39262.582	0.0450
4014	39253.7908245571	39253.7884	0.0398	39253.788	0.0430
4015	39236.47913646651	39236.2931	0.0796	39236.293	0.0840
4016	39229.77994927466	39229.8286	0.0398	39229.829	0.0450
4017	39225.45141551568	39225.3251	0.0398	39225.325	0.0410
4018	39224.65133767329	39224.6155	0.0398	39224.615	0.0420
4019	39211.13057383859	39211.142	0.0398	39211.142	0.0410
4023	39193.45129472817	39193.4533	0.0397	39193.453	0.0410
4026	39183.94874930145	39183.9312	0.0795	39183.931	0.0840
4027	39180.58083733435	39180.6786	0.0795	39180.679	0.0810
4028	39175.04015403704	39174.9951	0.0397	39174.995	0.0440
4029	39172.63019229903	39172.5435	0.0397	39172.543	0.0410
4030	39171.44965496773	39171.4452	0.0397	39171.445	0.0450
4032	39168.04058551395	39168.0752	0.0397	39168.075	0.0450
4033	39152.96109618325	39152.9193	0.0397	39152.919	0.0410
4034	39152.02951476094	39152.0462	0.0397	39152.046	0.0410
4036	39138.66091688629	39138.6044	0.0793	39138.604	0.0800
4037	39128.98059517262	39129.0044	0.0396	39129.004	0.0470
4038	39127.52915696524	39127.4272	0.0396	39127.427	0.0410
4041	39121.80025963602	39121.6824	0.0396	39121.682	0.0460
4042	39116.4410585505	39116.3803	0.0793	39116.380	0.0820
4043	39108.68870231786	39108.5999	0.0396	39108.600	0.0410
4044	39104.61900876245	39104.5754	0.0396	39104.575	0.0440
4045	39102.64110630998	39102.6217	0.0396	39102.622	0.0410
4046	39099.46085365835	39099.3974	0.0396	39099.397	0.0410
4047	39093.42111727848	39093.3086	0.0396	39093.309	0.0410
4048	39091.6687573845	39091.7673	0.0396	39091.767	0.0430
4049	39082.60115266719	39082.5594	0.0396	39082.559	0.0410
4050	39073.11953479761	39073.0749	0.0396	39073.075	0.0410
4051	39071.01036310106	39070.9289	0.0396	39070.929	0.0420
4052	39066.1402989292	39066.1272	0.0791	39066.127	0.0800
4053	39061.820424766	39061.763	0.0395	39061.763	0.0430
4054	39052.84985188195	39052.7926	0.0395	39052.793	0.0420
4055	39051.99157932858	39051.9558	0.0395	39051.956	0.0410
4057	39030.92161342155	39030.872	0.0790	39030.872	0.0840
4058	39029.00864586516	39028.9913	0.0395	39028.991	0.0410
4060	38997.87068955759	38997.9173	0.0395	38997.917	0.0420
4061	38991.33068078686	38991.4003	0.0394	38991.400	0.0430
4062	38989.23115534039	38989.2375	0.0394	38989.238	0.0410
4063	38982.13129832187	38982.0798	0.0394	38982.080	0.0440
4065	38969.41889425119	38969.4576	0.0788	38969.458	0.0810
4066	38966.59038014823	38966.6082	0.0394	38966.608	0.0420
4067	38964.11874387085	38963.8195	0.0394	38963.819	0.0480
4068	38962.58065380658	38962.4241	0.0394	38962.424	0.0440
4069	38940.38001009903	38940.2568	0.0840	38940.257	0.0850
4071	38924.50895215358	38924.4555	0.0393	38924.455	0.0450
4072	38913.41891709422	38913.3446	0.0393	38913.345	0.0420
4073	38912.08109908875	38912.0974	0.0393	38912.097	0.0410
4074	38910.91923634552	38910.9949	0.0786	38910.995	0.0820
4075	38908.50991234626	38908.4596	0.0393	38908.460	0.0410
4076	38896.27957010386	38896.2538	0.0393	38896.254	0.0450
4077	38891.40891848105	38891.502	0.0393	38891.502	0.0480
4078	38884.56980060464	38884.4674	0.0786	38884.467	0.0810
4079	38882.55939190235	38882.4866	0.0393	38882.487	0.0400
4081	38871.31012576368	38871.2718	0.0393	38871.272	0.0440
4082	38867.48912009487	38867.4355	0.0393	38867.435	0.0430
4083	38866.23091059878	38866.3501	0.0785	38866.350	0.0830
4084	38859.72058717054	38859.7073	0.0392	38859.707	0.0400
4085	38858.06015852046	38858.1472	0.0392	38858.147	0.0460
4087	38842.35990607202	38842.0705	0.0392	38842.071	0.0480
4089	38825.75054055282	38825.7134	0.1700	38825.713	0.1810
4090	38824.57869411111	38824.5131	0.0784	38824.513	0.0890
4093	38806.61067709075	38806.5857	0.0392	38806.586	0.0410
4095	38798.61164109851	38798.5187	0.0392	38798.519	0.0440
4096	38794.36993458566	38794.1844	0.0783	38794.184	0.0820
4097	38780.16134979424	38780.2178	0.0782	38780.218	0.0800
4098	38770.68997063652	38770.6745	0.0391	38770.675	0.0710
4099	38768.11970950585	38768.1049	0.0391	38768.105	0.0430
4100	38766.51017330286	38766.5163	0.0782	38766.516	0.0820
4102	38757.23940301639	38757.2698	0.0391	38757.270	0.0410
4103	38748.36013558353	38748.3657	0.0781	38748.366	0.0820
4104	38746.75110358197	38746.751	0.0391	38746.751	0.0400
4106	38734.78969630309	38734.6818	0.0781	38734.682	0.0800
4107	38726.38898462799	38726.4076	0.0781	38726.408	0.0810
4108	38717.70096661101	38717.7126	0.0390	38717.713	0.0470
4109	38716.05118649182	38716.115	0.0781	38716.115	0.0850
4110	38714.13149687644	38714.0603	0.0390	38714.060	0.0450
4111	38707.40150925214	38707.2182	0.0390	38707.218	0.0470
4113	38697.6688706459	38697.7111	0.0390	38697.711	0.0400
4114	38683.41059507169	38683.3454	0.0390	38683.345	0.0400
4115	38677.47021692881	38677.4286	0.0779	38677.429	0.0790
4116	38676.64930684628	38676.3612	0.0390	38676.361	0.0480
4117	38667.74913311481	38667.9184	0.0779	38667.918	0.0800
4118	38663.85974015988	38663.6896	0.0779	38663.690	0.0820
4120	38657.370269994	38657.3601	0.0389	38657.360	0.0420
4121	38653.73968521325	38653.7477	0.0389	38653.748	0.0400
4122	38652.36127517683	38652.361	0.0389	38652.361	0.0440
4123	38647.31119129952	38647.3069	0.0778	38647.307	0.0790
4125	38640.32103497912	38640.4875	0.0389	38640.488	0.0440
4126	38632.66110786688	38632.708	0.0778	38632.708	0.0800
4127	38631.06885665603	38631.0881	0.0389	38631.088	0.0440
4128	38618.75166020391	38618.5163	0.0389	38618.516	0.0440
4129	38617.06991893192	38617.0909	0.0389	38617.091	0.0420
4130	38609.3898034136	38609.4815	0.0389	38609.482	0.0450
4131	38606.6787179587	38606.593	0.0389	38606.593	0.0450
4132	38604.69098325003	38604.598	0.0389	38604.598	0.0440
4133	38599.98099637504	38599.9291	0.0389	38599.929	0.0440
4135	38594.79926166511	38594.7137	0.0388	38594.714	0.0400
4136	38593.15962415623	38593.2032	0.0777	38593.203	0.0810
4138	38570.05036608765	38570.0116	0.0388	38570.012	0.0400
4139	38562.40135930025	38562.3366	0.0388	38562.337	0.0410
4140	38556.33896736005	38556.1082	0.0388	38556.108	0.0470
4141	38546.65972359178	38546.6488	0.0388	38546.649	0.0420
4142	38545.36880484373	38545.3986	0.0388	38545.399	0.0460
4143	38539.45074996456	38539.3537	0.0388	38539.354	0.0440
4145	38532.60150223083	38532.632	0.0388	38532.632	0.0430
4146	38519.68958154262	38519.7151	0.0775	38519.715	0.0800
4147	38517.47920396324	38517.4348	0.0775	38517.435	0.0800
4148	38509.91025132068	38510.0141	0.0387	38510.014	0.0420
4149	38496.78921819771	38496.8439	0.0774	38496.844	0.0910
4150	38482.78136188401	38482.7027	0.0387	38482.703	0.0400
4151	38479.15861191055	38479.0805	0.0387	38479.080	0.0400
4153	38469.96024328948	38469.9073	0.0387	38469.907	0.0400
4154	38466.08088092968	38466.1145	0.0387	38466.115	0.0420
4155	38450.63934567606	38450.3955	0.0773	38450.395	0.0800
4157	38425.7686709726	38425.5672	0.3000	38425.567	0.3010
4158	38421.54073296472	38421.6208	0.0772	38421.621	0.0800
4159	38417.18904316864	38417.0019	0.0386	38417.002	0.0430
4160	38413.91000179126	38413.9645	0.0772	38413.965	0.0790
4161	38411.40031650527	38411.4043	0.0386	38411.404	0.0450
4162	38410.30967131625	38410.2282	0.0386	38410.228	0.0480
4163	38401.85158827258	38401.8606	0.0386	38401.861	0.0460
4164	38401.01134859562	38400.9664	0.0386	38400.966	0.0430
4165	38397.63901036666	38397.616	0.0386	38397.616	0.0400
4166	38396.20887378843	38396.1037	0.0386	38396.104	0.0440
4167	38384.25031259971	38384.1525	0.0385	38384.152	0.0450
4168	38355.85970378726	38355.847	0.1143	38355.847	0.1270
4169	38353.94879315333	38354.006	0.0385	38354.006	0.0420
4170	38350.26939849672	38350.2567	0.0385	38350.257	0.0420
4171	38333.60932328414	38333.695	0.0769	38333.695	0.0830
4172	38328.50945665251	38328.5054	0.0385	38328.505	0.0440
4173	38323.93965839414	38324.0	0.0769	38324.000	0.0780
4174	38318.15052161468	38318.0394	0.0384	38318.039	0.0430
4175	38313.89098044818	38313.8611	0.0384	38313.861	0.0450
4176	38301.73981000654	38301.4852	0.0384	38301.485	0.0460
4177	38297.58910827682	38297.377	0.0768	38297.377	0.0830
4178	38288.52093407737	38288.4991	0.0384	38288.499	0.0400
4179	38285.61992741974	38285.5581	0.0384	38285.558	0.0430
4180	38283.23003721861	38283.206	0.0384	38283.206	0.0450
4181	38282.27913333883	38282.1887	0.0384	38282.189	0.0400
4182	38280.34076402903	38280.0409	0.0384	38280.041	0.0450
4184	38253.24176312148	38253.3743	0.0383	38253.374	0.0430
4185	38249.01873785275	38249.0981	0.0767	38249.098	0.0790
4186	38244.67013484617	38244.7019	0.0767	38244.702	0.0790
4187	38236.14096223816	38236.1359	0.0766	38236.136	0.0810
4188	38220.22148486743	38220.0087	0.0766	38220.009	0.0820
4189	38214.20863916689	38214.182	0.0383	38214.182	0.0390
4190	38211.98860903391	38211.9854	0.0383	38211.985	0.0400
4192	38201.72033933537	38201.7014	0.0383	38201.701	0.0420
4193	38193.06900667782	38193.0785	0.0383	38193.079	0.0390
4194	38189.49081057395	38189.4242	0.0382	38189.424	0.0440
4195	38183.61145179207	38183.504	0.0382	38183.504	0.0420
4198	38172.70977817413	38172.4731	0.0382	38172.473	0.0440
4199	38168.75996280815	38168.7508	0.0382	38168.751	0.0440
4200	38164.60913955443	38164.5952	0.1140	38164.595	0.1340
4201	38160.83139555041	38160.8536	0.0382	38160.854	0.0420
4202	38157.35109263044	38157.292	0.0382	38157.292	0.0410
4203	38152.37109331463	38152.516	0.0764	38152.516	0.0790
4204	38139.36053147084	38139.2676	0.0382	38139.268	0.0400
4205	38132.23118721922	38132.327	0.0382	38132.327	0.0420
4206	38127.46122637881	38127.4749	0.0382	38127.475	0.0400
4207	38120.93879686865	38120.7416	0.0381	38120.742	0.0420
4208	38116.77985532019	38116.6822	0.0763	38116.682	0.0770
4209	38098.15941453834	38097.9467	0.0381	38097.947	0.0430
4210	38089.33102627469	38089.3122	0.0762	38089.312	0.0780
4211	38085.28158747434	38085.2327	0.0762	38085.233	0.0790
4212	38080.32119905594	38080.0301	0.0381	38080.030	0.0480
4213	38072.84026982637	38072.6851	0.0381	38072.685	0.0410
4214	38069.1412849571	38069.1804	0.0381	38069.180	0.0410
4215	38066.3306318821	38066.1976	0.0381	38066.198	0.0450
4216	38055.78107072147	38055.6716	0.0381	38055.672	0.0430
4217	38052.91849266707	38053.08	0.1200	38053.080	0.1230
4218	38038.6284788638	38038.683	0.1150	38038.683	0.1160
4220	38025.71997341498	38025.8113	0.0380	38025.811	0.0430
4222	38019.96146075876	38019.9788	0.0380	38019.979	0.0440
4223	38012.66139593493	38012.6099	0.0760	38012.610	0.0780
4225	38000.57030457963	38000.4895	0.0380	38000.490	0.0390
4226	37993.95896138252	37993.9101	0.1138	37993.910	0.1160
4227	37992.55879374908	37992.5156	0.1138	37992.516	0.1280
4228	37968.41909412712	37968.4157	0.1138	37968.416	0.1220
4229	37943.57141538574	37943.3161	0.0758	37943.316	0.0800
4230	37914.82123406157	37914.7384	0.0378	37914.738	0.0420
4232	37906.55928104523	37906.1011	0.2030	37906.101	0.2070
4233	37883.54902822487	37883.4596	0.0378	37883.460	0.0410
4234	37871.76169639081	37871.6649	0.0378	37871.665	0.0440
4235	37870.33020583017	37870.3562	0.0378	37870.356	0.0400
4236	37868.88060025688	37868.8554	0.0378	37868.855	0.0440
4237	37863.34865254375	37863.1798	0.0755	37863.180	0.0930
4238	37842.49099307225	37842.4508	0.0377	37842.451	0.0440
4239	37841.04880913816	37841.1385	0.0377	37841.139	0.0420
4240	37833.68863724828	37833.5529	0.0377	37833.553	0.0420
4242	37804.60037889702	37804.5697	0.1135	37804.570	0.1290
4243	37801.42929822328	37801.3142	0.0754	37801.314	0.0780
4244	37795.71051653237	37795.7979	0.0377	37795.798	0.0410
4246	37770.69150236305	37770.6377	0.0753	37770.638	0.0780
4247	37767.09965373603	37767.1952	0.0376	37767.195	0.0410
4248	37762.4790191891	37762.1576	0.0376	37762.158	0.0490
4249	37752.19863860004	37752.1074	0.0376	37752.107	0.0390
4251	37739.46994419074	37739.6488	0.0752	37739.649	0.0790
4252	37732.44927989048	37732.4004	0.0376	37732.400	0.0410
4254	37723.81996008849	37723.8184	0.0376	37723.818	0.0390
4255	37721.69970001819	37721.5694	0.0376	37721.569	0.0390
4256	37718.65117244388	37718.5403	0.0376	37718.540	0.0430
4257	37715.0103054162	37714.9691	0.0376	37714.969	0.0390
4258	37682.91075943312	37682.8673	0.0750	37682.867	0.1820
4259	37675.25940483944	37675.2919	0.0375	37675.292	0.0390
4260	37673.46979650789	37673.2112	0.0375	37673.211	0.0430
4261	37641.31127739653	37641.319	0.0375	37641.319	0.0440
4262	37638.50932889093	37638.4913	0.0374	37638.491	0.0430
4263	37628.08059092743	37628.0542	0.0374	37628.054	0.0430
4264	37626.99044082689	37626.9456	0.0749	37626.946	0.0780
4265	37622.24929751736	37622.2371	0.1133	37622.237	0.1270
4266	37619.54131762365	37619.7151	0.0374	37619.715	0.0430
4267	37607.81084981658	37607.6953	0.0374	37607.695	0.0380
4268	37589.17874060825	37589.2009	0.0374	37589.201	0.0380
4269	37585.00916494137	37585.0139	0.0374	37585.014	0.0390
4270	37577.09883952981	37576.7119	0.0374	37576.712	0.0420
4271	37570.50062925296	37570.1755	0.0373	37570.175	0.0440
4272	37568.68021575686	37568.5822	0.0373	37568.582	0.0380
4273	37563.78084655001	37563.7063	0.0373	37563.706	0.0390
4274	37547.03898607948	37546.9768	0.0373	37546.977	0.0390
4275	37534.61931028331	37534.6503	0.0373	37534.650	0.0420
4276	37524.79949360889	37524.6984	0.0746	37524.698	0.0780
4277	37512.46152258007	37512.3528	0.0373	37512.353	0.0420
4278	37509.34003353855	37509.2969	0.2900	37509.297	0.2920
4279	37501.72940160813	37501.5765	0.0373	37501.577	0.0390
4280	37498.11110921141	37498.0225	0.0372	37498.022	0.0410
4281	37495.16000010804	37495.114	0.0372	37495.114	0.0410
4282	37476.94140861488	37476.9284	0.0744	37476.928	0.0780
4283	37472.82946402017	37472.7878	0.0372	37472.788	0.0440
4284	37468.75853815527	37468.6409	0.0372	37468.641	0.0420
4285	37467.37984731869	37467.2249	0.0372	37467.225	0.0400
4287	37452.85078111735	37452.7623	0.0372	37452.762	0.0440
4288	37428.88982791623	37429.0061	0.0371	37429.006	0.0570
4289	37422.55894535488	37422.4607	0.0371	37422.461	0.0400
4290	37418.49170297616	37418.4396	0.0371	37418.440	0.0420
4291	37413.32931992778	37413.313	0.0371	37413.313	0.0390
4292	37408.80872704642	37408.6605	0.0371	37408.660	0.0400
4293	37405.26175360865	37405.2573	0.0742	37405.257	0.0760
4294	37404.18919304038	37404.0951	0.0371	37404.095	0.0390
4296	37375.31071908202	37375.357	0.0371	37375.357	0.0410
4298	37365.10034595719	37365.0136	0.0371	37365.014	0.0390
4299	37348.44944588915	37348.4517	0.0370	37348.452	0.0380
4301	37336.77130585851	37336.7387	0.3000	37336.739	0.3180
4302	37321.70890966167	37321.6088	0.0370	37321.609	0.0410
4303	37309.75883737853	37309.7147	0.0740	37309.715	0.0760
4304	37297.22987021089	37297.1034	0.0370	37297.103	0.0380
4305	37290.53935291158	37290.5264	0.0370	37290.526	0.0380
4306	37288.42137155714	37288.3512	0.0369	37288.351	0.0380
4307	37286.35064976996	37286.4052	0.0369	37286.405	0.0390
4309	37262.53073154393	37262.6475	0.0369	37262.647	0.0410
4310	37260.86850486998	37260.7927	0.0369	37260.793	0.0380
4312	37256.740553728	37256.6166	0.0369	37256.617	0.0390
4314	37252.86945069204	37252.7267	0.0369	37252.727	0.0430
4315	37244.66879300385	37244.5292	0.0738	37244.529	0.0780
4316	37243.18065114901	37243.1347	0.1128	37243.135	0.1240
4317	37237.70086455276	37237.6663	0.0369	37237.666	0.0390
4318	37228.56156504605	37228.5204	0.1128	37228.520	0.1170
4320	37214.09905187805	37214.0849	0.0737	37214.085	0.0760
4321	37212.72859975979	37212.6826	0.0368	37212.683	0.0400
4322	37206.8918752859	37206.7767	0.0368	37206.777	0.0420
4323	37201.67860694363	37201.6568	0.0368	37201.657	0.0410
4326	37188.76168943691	37188.8727	0.0368	37188.873	0.0430
4327	37179.99884417489	37179.9268	0.0368	37179.927	0.0380
4328	37179.38940343814	37179.3079	0.0368	37179.308	0.0390
4329	37146.34169296086	37146.2357	0.0367	37146.236	0.0400
4330	37144.42881671512	37144.2804	0.0367	37144.280	0.0400
4333	37125.86017298088	37125.7335	0.0367	37125.734	0.0390
4334	37093.42048192568	37093.328	0.0367	37093.328	0.0380
4335	37086.50004581764	37086.4195	0.0367	37086.420	0.0380
4336	37085.90950700575	37085.8719	0.0367	37085.872	0.0400
4337	37068.21062870898	37068.3663	0.0366	37068.366	0.0520
4338	37050.99958063909	37051.0057	0.1126	37051.006	0.1180
4339	37037.91920135969	37038.0827	0.0732	37038.083	0.1290
4341	37017.81106790214	37017.8784	0.0366	37017.878	0.0390
4342	37014.78145520452	37014.7312	0.0731	37014.731	0.0740
4343	37006.72925134021	37006.4686	0.0366	37006.469	0.0410
4346	36987.45024867836	36987.2651	0.0365	36987.265	0.0380
4347	36982.82864061832	36982.9122	0.0365	36982.912	0.0410
4348	36977.51957787717	36977.3176	0.0365	36977.318	0.0450
4349	36972.18848684691	36972.094	0.0730	36972.094	0.0910
4350	36967.19853172616	36967.3222	0.0365	36967.322	0.0390
4351	36965.77148639856	36965.7215	0.0365	36965.721	0.0390
4352	36954.03902179861	36954.1073	0.1929	36954.107	0.1940
4353	36948.62961759564	36948.6277	0.0365	36948.628	0.0400
4355	36935.61999332792	36935.7478	0.0365	36935.748	0.0420
4356	36931.41915643789	36931.3386	0.0364	36931.339	0.0370
4357	36929.72859598196	36929.6213	0.0364	36929.621	0.0380
4358	36924.55882522331	36924.5297	0.0364	36924.530	0.0420
4359	36914.56106533579	36914.4977	0.1124	36914.498	0.1240
4360	36907.6803880489	36907.5894	0.0364	36907.589	0.0370
4361	36895.80136039718	36895.7445	0.1124	36895.745	0.1400
4362	36893.13185140822	36893.1258	0.0364	36893.126	0.0390
4363	36887.62080911006	36887.5561	0.1124	36887.556	0.1330
4364	36885.34983739587	36885.3047	0.0728	36885.305	0.0740
4365	36879.29165384256	36879.0584	0.0727	36879.058	0.0770
4366	36875.86887685575	36875.6972	0.0727	36875.697	0.0880
4368	36868.40036659384	36868.2609	0.0364	36868.261	0.0380
4369	36866.25104983502	36866.1515	0.0364	36866.151	0.0380
4370	36863.20932460378	36863.1688	0.0727	36863.169	0.0750
4371	36859.78110644138	36859.734	0.0363	36859.734	0.0380
4372	36857.01037115027	36856.9679	0.0363	36856.968	0.0370
4373	36855.38021359967	36855.4446	0.0363	36855.445	0.0390
4374	36833.56002696726	36833.241	0.5000	36833.241	0.5030
4375	36815.27868720024	36815.1498	0.0363	36815.150	0.0390
4376	36808.70082571638	36808.6821	0.0363	36808.682	0.0400
4377	36773.87977782164	36773.8744	0.1122	36773.874	0.1640
4378	36772.0109952274	36771.9454	0.0725	36771.945	0.0770
4379	36770.64888095335	36770.6225	0.0724	36770.622	0.0740
4380	36768.82041534586	36768.5823	0.0724	36768.582	0.0740
4381	36752.64056301387	36752.6103	0.0362	36752.610	0.0370
4383	36748.29057284388	36748.2381	0.0724	36748.238	0.0760
4384	36744.50995398493	36744.4291	0.0362	36744.429	0.0380
4385	36739.27026002496	36739.2009	0.0724	36739.201	0.0750
4386	36724.64052284394	36724.5862	0.0723	36724.586	0.0740
4388	36699.4483973777	36699.4077	0.0723	36699.408	0.0770
4392	36659.42149409002	36659.4206	0.0721	36659.421	0.0750
4393	36647.54177423523	36647.5032	0.0721	36647.503	0.0790
4394	36641.62060040076	36641.6046	0.0360	36641.605	0.0370
4395	36638.93857788228	36638.8354	0.0721	36638.835	0.0800
4396	36630.12992132255	36630.0528	0.0721	36630.053	0.0740
4397	36622.96157680857	36622.9756	0.0360	36622.976	0.0410
4398	36615.72049697708	36615.5907	0.0360	36615.591	0.0380
4399	36613.5384394653	36613.5049	0.0360	36613.505	0.0380
4400	36601.31033347466	36601.2583	0.0360	36601.258	0.0370
4401	36599.71872123564	36599.6294	0.0360	36599.629	0.0370
4402	36583.48160503311	36583.2893	0.0360	36583.289	0.0450
4403	36579.64103415803	36579.6026	0.0719	36579.603	0.1000
4404	36575.24003576977	36575.1448	0.0719	36575.145	0.0750
4405	36569.0196855684	36568.925	0.0359	36568.925	0.0400
4406	36567.93845306396	36567.9679	0.0719	36567.968	0.0750
4407	36560.70037228958	36560.6726	0.0359	36560.673	0.0370
4408	36546.88057266218	36546.759	0.0359	36546.759	0.0410
4409	36543.54068417457	36543.5738	0.0359	36543.574	0.0410
4411	36504.25984899081	36504.0017	0.0359	36504.002	0.0420
4412	36468.75980271732	36468.5344	0.0716	36468.534	0.0810
4413	36463.43966006325	36463.3727	0.0358	36463.373	0.0420
4414	36454.79881728705	36454.7159	0.0358	36454.716	0.0400
4415	36440.26009564217	36440.1783	0.0358	36440.178	0.0370
4416	36437.75004048417	36437.6755	0.0715	36437.675	0.0730
4417	36436.62047765281	36436.5938	0.0358	36436.594	0.0380
4418	36424.5403578577	36424.5327	0.0357	36424.533	0.0400
4419	36417.90885948323	36417.8549	0.1118	36417.855	0.1240
4420	36411.22075693982	36411.2056	0.1118	36411.206	0.1270
4421	36402.53935212049	36402.5698	0.0357	36402.570	0.0370
4422	36323.15898106762	36323.0287	0.0356	36323.029	0.0400
4423	36321.61117904488	36321.5812	0.0356	36321.581	0.0410
4424	36316.37191789867	36316.8353	0.5000	36316.835	0.5010
4425	36302.2109427586	36302.1724	0.1862	36302.172	0.1960
4426	36287.31007007749	36287.0529	0.0711	36287.053	0.0740
4429	36258.89872271562	36258.8687	0.1116	36258.869	0.1380
4430	36245.34133996938	36245.2844	0.1116	36245.284	0.1240
4431	36230.18850474901	36230.1719	0.0355	36230.172	0.0430
4432	36219.30179263129	36219.2447	0.1116	36219.245	0.1160
4433	36213.08864893802	36213.1153	0.0709	36213.115	0.0730
4434	36205.32098838848	36205.2668	0.0355	36205.267	0.0370
4436	36193.29014221259	36192.9774	0.1850	36192.977	0.1860
4437	36190.44901272979	36190.453	0.0354	36190.453	0.0360
4439	36150.11854311862	36150.1108	0.0354	36150.111	0.0390
4440	36145.6088749111	36145.506	0.0354	36145.506	0.0410
4441	36144.47001972962	36144.4712	0.0354	36144.471	0.0380
4442	36136.47168919463	36136.4059	0.0707	36136.406	0.0750
4443	36131.12003670041	36131.0674	0.0354	36131.067	0.0360
4445	36093.17184807188	36093.1326	0.1114	36093.133	0.1430
4446	36087.31084716952	36087.2742	0.0353	36087.274	0.0400
4447	36058.67910185329	36058.7244	0.0353	36058.724	0.0360
4448	36029.19087620945	36029.2435	0.0352	36029.243	0.0370
4449	36028.07841692753	36027.9932	0.0352	36027.993	0.0380
4450	36022.6783130107	36022.5751	0.0352	36022.575	0.0360
4451	36012.69888458104	36012.6419	0.0352	36012.642	0.0380
4452	36008.29997549487	36008.3139	0.0352	36008.314	0.0360
4453	36002.97015267071	36002.9689	0.1113	36002.969	0.1410
4454	36001.1693746559	36001.1269	0.1113	36001.127	0.1250
4455	35995.71048813363	35995.6553	0.0352	35995.655	0.0360
4456	35989.06150129269	35988.9449	0.0352	35988.945	0.0390
4457	35985.65891889275	35985.6498	0.0352	35985.650	0.0400
4458	35980.63078786134	35980.6241	0.1113	35980.624	0.1180
4459	35972.56871372538	35972.9215	0.5000	35972.921	0.5010
4461	35925.17945030121	35925.1097	0.0351	35925.110	0.0360
4462	35924.09156881189	35924.1	0.0351	35924.100	0.0370
4463	35906.95992670596	35906.9826	0.0351	35906.983	0.0370
4464	35870.62970028369	35870.5962	0.0350	35870.596	0.0370
4465	35794.49880168497	35794.4262	0.0698	35794.426	0.0720
4469	35730.25093911865	35730.2468	0.1110	35730.247	0.1160
4472	35664.40852949877	35664.4598	0.0347	35664.460	0.0360
4473	35646.45033408949	35646.277	0.0347	35646.277	0.0430
4474	35631.71137864961	35631.5435	0.0347	35631.543	0.0430
4475	35602.11029411828	35602.1369	0.0347	35602.137	0.0370
4476	35598.15831507815	35598.1547	0.0346	35598.155	0.0360
4477	35553.24003308309	35553.2579	0.0346	35553.258	0.0360
4479	35529.43839330017	35529.418	0.0346	35529.418	0.0360
4481	35514.98168781334	35514.997	0.0345	35514.997	0.0370
4484	35458.83006295181	35458.6948	0.0689	35458.695	0.0700
4487	35410.6291033286	35410.5953	0.1107	35410.595	0.1140
4489	35378.14927522239	35377.9117	0.5000	35377.912	0.5030
4490	35361.80829125426	35361.9365	0.0687	35361.937	0.0790
4492	35354.42908408786	35354.4295	0.0343	35354.429	0.0350
4494	35338.10884097774	35338.0529	0.0343	35338.053	0.0370
4495	35327.76906658654	35327.7623	0.1106	35327.762	0.1160
4496	35310.97106237285	35310.9473	0.0343	35310.947	0.0360
4497	35266.46901118122	35266.4391	0.1757	35266.439	0.1790
4498	35261.8011741024	35261.7087	0.0342	35261.709	0.0390
4499	35260.69848138858	35260.6675	0.0342	35260.668	0.0380
4500	35250.62830061156	35250.6008	0.0342	35250.601	0.0370
4503	35220.00083038078	35219.5491	0.0600	35219.549	0.0610
4504	35206.61979237102	35206.6128	0.1104	35206.613	0.1880
4505	35193.65835688727	35193.369	0.0341	35193.369	0.0490
4508	35178.34989103673	35178.4018	0.0341	35178.402	0.0410
4510	35158.7295451125	35158.6123	0.0681	35158.612	0.0700
4511	35150.32121495183	35150.9044	0.0341	35150.904	0.0350
4512	35102.46084275682	35102.5412	0.0340	35102.541	0.0390
4514	35096.17903617166	35096.1342	0.0340	35096.134	0.0370
4515	35094.42926823457	35094.5082	0.0680	35094.508	0.0720
4520	35047.99878769682	35048.0138	0.0339	35048.014	0.0390
4523	34984.78833168646	34984.7377	0.0339	34984.738	0.0350
4524	34982.90024379445	34982.8319	0.0338	34982.832	0.0350
4526	34966.60125736937	34966.4765	0.0677	34966.476	0.0690
4527	34954.35133653469	34954.283	0.0338	34954.283	0.0400
4528	34952.12969492633	34952.1283	0.1102	34952.128	0.1450
4529	34940.53870109903	34940.1727	0.0598	34940.173	0.0610
4532	34911.49909717007	34911.1031	0.0597	34911.103	0.0610
4533	34908.13133929051	34907.5365	0.0597	34907.537	0.0620
4534	34895.99900553765	34896.0066	0.0337	34896.007	0.0360
4535	34887.81172689302	34887.7857	0.0337	34887.786	0.0360
4537	34861.88980384801	34861.9132	0.1101	34861.913	0.2270
4541	34826.01844378842	34826.0876	0.0337	34826.088	0.0380
4543	34757.54894241813	34758.0412	0.0671	34758.041	0.0780
4544	34756.3889380661	34756.3862	0.0336	34756.386	0.0400
4545	34733.42025737836	34733.3367	0.0671	34733.337	0.0680
4546	34715.61949272925	34715.6189	0.0670	34715.619	0.0680
4551	34682.34143553778	34682.3633	0.0335	34682.363	0.0360
4553	34671.69951093938	34672.29	0.0586	34672.290	0.0600
4555	34636.53982485738	34636.4447	0.0668	34636.445	0.0700
4556	34629.60206826244	34629.629	0.1098	34629.629	0.1820
4558	34625.15813467211	34625.1042	0.0334	34625.104	0.0380
4559	34614.13931796489	34614.1916	0.0334	34614.192	0.0350
4563	34581.85946018714	34582.3695	0.0667	34582.370	0.0720
4565	34554.8315426278	34554.825	0.0666	34554.825	0.0710
4566	34553.84102082052	34553.8229	0.0333	34553.823	0.0350
4567	34524.44036559964	34524.3565	0.0333	34524.357	0.0360
4568	34521.00900912974	34520.9825	0.0333	34520.982	0.0340
4569	34506.18816501914	34506.1795	0.0332	34506.179	0.0380
4570	34500.77975274255	34500.7189	0.0332	34500.719	0.0370
4574	34474.52120630394	34475.0744	0.0332	34475.074	0.0530
4575	34466.79897723378	34466.8267	0.0332	34466.827	0.0340
4576	34463.29105408626	34463.3053	0.0664	34463.305	0.0670
4577	34458.25838560415	34458.3354	0.0332	34458.335	0.0350
4579	34406.94099411413	34407.1463	0.2000	34407.146	0.2010
4580	34406.49100931927	34406.5426	0.0331	34406.543	0.0370
4581	34404.23039300962	34403.7405	0.0594	34403.740	0.0610
4582	34400.52816761901	34400.5692	0.0331	34400.569	0.0350
4585	34395.48159394453	34396.1207	0.0662	34396.121	0.0670
4591	34359.44064680861	34359.5395	0.0331	34359.539	0.0360
4593	34351.40073284221	34351.4326	0.0331	34351.433	0.0400
4594	34350.05843410036	34350.5497	0.1667	34350.550	0.1730
4595	34346.97839506565	34347.5071	0.0586	34347.507	0.0600
4600	34333.31879559582	34333.9451	0.0586	34333.945	0.0620
4601	34308.39913336576	34308.3513	0.0330	34308.351	0.0370
4604	34284.84143718691	34284.916	0.0330	34284.916	0.0360
4605	34281.36150450162	34281.3896	0.0659	34281.390	0.0670
4607	34218.44949998388	34218.4091	0.0329	34218.409	0.0380
4610	34161.51930267458	34162.0498	0.0586	34162.050	0.0600
4614	34149.60186143812	34149.6656	0.0656	34149.666	0.0670
4615	34144.12118607425	34144.1531	0.0328	34144.153	0.0420
4616	34141.49968376211	34141.5067	0.1093	34141.507	0.1630
4623	34113.73903237883	34113.8438	0.0328	34113.844	0.0390
4626	34075.2021987746	34075.1943	0.0327	34075.194	0.0340
4627	34058.86016847954	34058.7958	0.0327	34058.796	0.0360
4632	34035.99203690175	34036.2036	0.0327	34036.204	0.0350
4633	34002.92079283926	34002.9369	0.1092	34002.937	0.1810
4637	33972.14041818788	33972.1806	0.0652	33972.181	0.0670
4640	33962.59864108637	33962.7414	0.0326	33962.741	0.0370
4643	33934.58170978675	33934.6094	0.0651	33934.609	0.0720
4644	33933.53820991307	33933.5531	0.0651	33933.553	0.0670
4648	33884.668959508	33884.6782	0.1091	33884.678	0.1130
4652	33862.59877868718	33862.0874	0.0591	33862.087	0.0610
4653	33857.76963662686	33857.8496	0.0649	33857.850	0.0660
4655	33837.97930029812	33838.0283	0.0649	33838.028	0.0690
4661	33814.85968441806	33814.8568	0.0324	33814.857	0.0350
4662	33811.41869966254	33811.487	0.0324	33811.487	0.0340
4664	33777.14865288749	33777.2894	0.0647	33777.289	0.0680
4665	33772.32017439877	33772.9598	0.0324	33772.960	0.0340
4667	33763.11836033122	33762.6674	0.0590	33762.667	0.0610
4668	33758.17989115676	33758.1859	0.0647	33758.186	0.0670
4670	33739.35962484467	33739.4638	0.0323	33739.464	0.0360
4673	33724.77983808576	33724.8604	0.0646	33724.860	0.0670
4676	33709.65814942582	33709.6541	0.0646	33709.654	0.0700
4682	33650.98143251349	33651.0261	0.1088	33651.026	0.1150
4683	33645.13987193092	33645.1575	0.0644	33645.158	0.0660
4685	33629.48894939949	33629.4997	0.1088	33629.500	0.1130
4686	33616.7683115605	33616.7326	0.0643	33616.733	0.0660
4688	33602.55093966705	33602.4657	0.1400	33602.466	0.1450
4689	33594.18232040756	33593.8844	0.0589	33593.884	0.0600
4691	33582.64048909667	33582.1383	0.0589	33582.138	0.0610
4696	33549.56209128464	33549.5938	0.1087	33549.594	0.1320
4699	33533.741196655	33533.3281	0.0589	33533.328	0.0600
4701	33528.64919575421	33528.2569	0.0589	33528.257	0.0600
4703	33520.08091005468	33520.0992	0.1087	33520.099	0.1380
4710	33491.88791316673	33491.9371	0.1087	33491.937	0.1190
4713	33467.94912024527	33468.0865	0.0640	33468.086	0.0670
4714	33446.90967394179	33446.7243	0.0639	33446.724	0.0760
4715	33445.18828333864	33445.2905	0.0639	33445.291	0.0650
4718	33415.56117196987	33415.4938	0.0319	33415.494	0.0420
4719	33401.32933528512	33401.2641	0.0319	33401.264	0.0370
4721	33381.75798111852	33381.699	0.0319	33381.699	0.0330
4725	33370.03169448979	33370.0595	0.0319	33370.060	0.0370
4728	33350.06157660465	33350.0745	0.0319	33350.075	0.0400
4729	33341.91038840249	33341.8798	0.0318	33341.880	0.0350
4733	33311.17058345316	33311.1925	0.0636	33311.192	0.0650
4734	33309.79227168651	33309.8223	0.0318	33309.822	0.0370
4735	33307.20972779546	33307.3901	0.0636	33307.390	0.0670
4738	33295.57146472467	33295.6433	0.0636	33295.643	0.0670
4739	33292.04884622844	33292.0674	0.1085	33292.067	0.1140
4748	33207.65034545563	33207.7102	0.1084	33207.710	0.1160
4749	33206.16079016102	33205.6851	0.0587	33205.685	0.0600
4750	33198.77171687163	33199.3646	0.0586	33199.365	0.0600
4754	33177.00180946293	33177.0175	0.1084	33177.018	0.1160
4757	33158.77029657921	33158.8442	0.1553	33158.844	0.1600
4762	33087.69031938058	33087.7655	0.0315	33087.766	0.0370
4763	33083.52998418777	33084.1852	0.0586	33084.185	0.0650
4764	33081.99878360786	33082.6657	0.0315	33082.666	0.0460
4767	33052.33813316334	33052.3184	0.0315	33052.318	0.0340
4769	33044.22992624505	33043.857	0.1542	33043.857	0.1550
4771	33039.44850478097	33039.3527	0.0630	33039.353	0.0680
4772	33034.87108972526	33034.926	0.0315	33034.926	0.0390
4775	33025.25927342947	33025.2548	0.0315	33025.255	0.0350
4777	33015.73874257784	33015.8594	0.0629	33015.859	0.0720
4783	32973.21790730233	32973.2246	0.0628	32973.225	0.0650
4788	32947.14854234652	32947.6042	0.2200	32947.604	13.2490
4790	32918.59170561496	32918.564	0.0314	32918.564	0.0330
4791	32910.97798673264	32910.9569	0.0313	32910.957	0.0340
4792	32888.62970876892	32888.5313	0.0313	32888.531	0.0330
4793	32884.98168654357	32884.9545	0.0313	32884.954	0.0360
4794	32875.02197782504	32874.9786	0.1081	32874.979	0.1140
4798	32846.2917665347	32846.3279	0.0625	32846.328	0.0660
4805	32806.63993930476	32806.6478	0.0312	32806.648	0.0330
4811	32766.40230618228	32766.533	0.0624	32766.533	0.0640
4812	32742.90153237493	32742.5554	0.0312	32742.555	0.0370
4816	32723.53865040696	32723.5466	0.0311	32723.547	0.0380
4818	32712.14213818634	32712.0487	0.0622	32712.049	0.0660
4819	32697.16837551107	32697.1464	0.0311	32697.146	0.0380
4822	32687.40816213834	32687.436	0.0311	32687.436	0.0340
4824	32658.92895208032	32658.8584	0.0621	32658.858	0.0650
4826	32636.3486042229	32636.3582	0.1079	32636.358	0.1350
4830	32592.70133367621	32592.7179	0.0310	32592.718	0.0330
4831	32580.98864694059	32580.9867	0.1079	32580.987	0.1140
4832	32573.92895127736	32573.9561	0.1078	32573.956	0.1110
4833	32572.76016575352	32572.7703	0.1499	32572.770	0.1690
4835	32568.05985462402	32568.0093	0.0310	32568.009	0.0360
4837	32561.71834333034	32561.4601	0.0583	32561.460	0.0590
4838	32556.69015941904	32556.5032	0.1078	32556.503	0.1130
4839	32546.24004036334	32546.1701	0.1496	32546.170	0.1510
4843	32497.86005289993	32497.8186	0.0617	32497.819	0.0640
4851	32422.77894333521	32422.8747	0.0616	32422.875	0.0630
4853	32405.6385134746	32405.6154	0.0308	32405.615	0.0380
4855	32374.29100474785	32374.3298	0.0307	32374.330	0.0350
4856	32370.83138093871	32371.0108	0.0615	32371.011	0.0650
4858	32346.67023908245	32346.6668	0.0307	32346.667	0.0320
4859	32338.13131145633	32338.1772	0.0307	32338.177	0.0330
4860	32334.70103820678	32334.6525	0.0307	32334.653	0.0320
4861	32332.58990691441	32332.6576	0.0307	32332.658	0.0320
4862	32326.27773480881	32326.2785	0.0307	32326.279	0.0330
4864	32305.65247806523	32305.4722	0.0307	32305.472	0.0490
4865	32294.91848678423	32294.4858	0.0582	32294.486	0.0730
4868	32243.57908438835	32243.3952	0.0306	32243.395	0.0370
4872	32161.25058862385	32161.2184	0.0610	32161.218	0.0620
4874	32108.31239109345	32108.3893	0.0304	32108.389	0.0360
4875	32105.40864507528	32106.1343	0.3500	32106.134	0.3510
4877	32052.95119382149	32052.9988	0.0608	32052.999	0.0650
4879	32024.70839788087	32024.7561	0.0304	32024.756	0.0380
4881	32010.88212601456	32010.8541	0.1074	32010.854	0.1170
4883	31903.78883703478	31903.7255	0.0302	31903.726	0.0320
4884	31877.70230473605	31877.6761	0.1072	31877.676	0.1270
4885	31855.90838209517	31855.8888	0.1072	31855.889	0.1230
4886	31852.03991497066	31852.016	0.0302	31852.016	0.0330
4887	31828.40108974247	31828.5509	0.0301	31828.551	0.0360
4889	31799.63009306333	31799.5953	0.0602	31799.595	0.0620
4890	31766.66004981365	31766.2139	0.0579	31766.214	0.0600
4893	31699.02242709437	31698.8892	0.0600	31698.889	0.0660
4894	31691.30887147569	31691.3149	0.0600	31691.315	0.0610
4896	31636.66094469635	31636.6694	0.1071	31636.669	0.1220
4897	31635.2501798898	31635.703	0.0586	31635.703	0.0600
4899	31597.6779486994	31597.1693	0.0578	31597.169	0.0590
4902	31535.17175803043	31535.1751	0.1070	31535.175	0.1410
4909	31478.92162790565	31478.6253	0.0298	31478.625	0.0320
4912	31445.53814417457	31445.5916	0.1397	31445.592	0.1420
4913	31418.55890801203	31418.5348	0.0297	31418.535	0.0340
4914	31398.87104041308	31398.8411	0.1069	31398.841	0.1360
4918	31288.71193219543	31288.6988	0.1068	31288.699	0.1730
4922	31243.94934602741	31244.5702	0.0295	31244.570	0.0310
4925	31177.37069374709	31177.3802	0.1067	31177.380	0.1280
4927	31156.62850897553	31156.6125	0.1067	31156.612	0.1440
4931	31019.50961306162	31019.516	0.1359	31019.516	0.1370
4932	31015.82181484997	31015.8741	0.0293	31015.874	0.0300
4937	30793.80164925008	30793.7249	0.0291	30793.725	0.0380
4938	30775.6403241689	30775.59	0.0581	30775.590	0.0600
4942	30661.96947424329	30661.95	0.0289	30661.950	0.0310
4947	30624.56902020252	30624.4285	0.0289	30624.429	0.1190
4951	30553.02846872138	30553.1509	0.0288	30553.151	0.0320
4955	30470.51174160855	30470.9241	0.0586	30470.924	0.0600
4956	30454.96766509064	30454.7348	0.0574	30454.735	0.0620
4958	30408.78887218297	30408.6877	0.0287	30408.688	0.0340
4959	30380.6115859637	30380.5667	0.1061	30380.567	0.1090
4965	30297.27143343365	30297.2491	0.0286	30297.249	0.0300
4966	30271.43964780926	30271.4685	0.0571	30271.468	0.0610
4968	30260.05020948432	30259.9975	0.1060	30259.998	0.1110
4969	30251.59943193845	30251.5493	0.1060	30251.549	0.1140
4971	30200.56982695671	30200.5234	0.0285	30200.523	0.0300
4972	30164.93080815159	30164.9618	0.0284	30164.962	0.0290
4975	30134.00936799842	30133.6247	0.0571	30133.625	0.0580
4976	30126.30918766864	30126.263	0.1059	30126.263	0.1250
4978	30108.26147266006	30107.8772	0.0571	30107.877	0.0580
4982	30074.38935255032	30074.3671	0.1900	30074.367	0.1960
4985	30040.73753289755	30040.7222	0.0283	30040.722	0.0310
4989	29960.47832646085	29960.4783	0.0282	29960.478	0.0290
4990	29953.23166567798	29953.327	0.0282	29953.327	0.0310
4991	29951.1977794088	29951.0438	0.0565	29951.044	0.0600
4996	29914.0117295492	29913.9064	0.0282	29913.906	0.0390
5002	29880.78004951733	29880.868	0.0282	29880.868	0.0330
5006	29837.28863311049	29837.2311	0.0281	29837.231	0.0320
5007	29832.63995045744	29832.6225	0.0562	29832.623	0.0620
5011	29793.03198762677	29793.13	0.0281	29793.130	0.0330
5019	29745.39815699394	29745.355	0.0280	29745.355	0.0290
5022	29724.60256463975	29725.1364	0.0280	29725.136	0.0300
5031	29679.70768204242	29679.6384	0.0280	29679.638	0.0290
5032	29660.46780913962	29660.5518	0.0280	29660.552	0.0360
5035	29637.21887018639	29637.1217	0.0279	29637.122	0.0300
5038	29595.0610434126	29595.0335	0.1055	29595.034	0.1240
5043	29564.88284142405	29564.5015	0.0569	29564.501	0.0580
5046	29533.60029581323	29533.5785	0.1055	29533.578	0.2360
5047	29519.95164070604	29519.8898	0.0278	29519.890	0.0300
5051	29453.43958624094	29453.29	0.0555	29453.290	0.0610
5053	29437.36022906381	29437.4034	0.1224	29437.403	0.1240
5057	29415.55060445593	29415.4741	0.0554	29415.474	0.0560
5058	29410.18769041856	29410.6485	0.0586	29410.648	0.0600
5059	29405.16007065728	29405.2294	0.0277	29405.229	0.0330
5063	29289.53102825968	29289.5522	0.1053	29289.552	0.1360
5065	29280.24089399736	29280.3489	0.0552	29280.349	0.0590
5067	29268.06046589077	29268.1281	0.0276	29268.128	0.0350
5068	29262.27901370872	29262.3786	0.0552	29262.379	0.0560
5069	29251.84990600317	29251.95	0.0276	29251.950	0.0370
5074	29177.91833061555	29177.9123	0.1053	29177.912	0.1250
5075	29171.52187845195	29171.1026	0.0567	29171.103	0.0580
5076	29164.25758657803	29164.2802	0.1052	29164.280	0.1840
5078	29144.23227837584	29143.6519	0.0567	29143.652	0.0590
5082	28982.31115279684	28982.3453	0.0273	28982.345	0.0280
5089	28744.1821785841	28744.2041	0.0271	28744.204	0.0350
5091	28701.01851303006	28701.1119	0.0271	28701.112	0.0310
5094	28654.97265789895	28654.9891	0.0270	28654.989	0.0330
5097	28599.49715010944	28599.4657	0.1049	28599.466	0.1190
5099	28568.86249115762	28568.8786	0.0270	28568.879	0.0350
5101	28504.36900500337	28504.3299	0.0269	28504.330	0.0360
5103	28477.56764075092	28478.265	0.0586	28478.265	0.0610
5104	28470.82805484979	28470.7745	0.0269	28470.774	0.0280
5105	28461.5525879236	28461.6526	0.0537	28461.653	0.0560
5107	28420.9920711542	28421.048	0.0268	28421.048	0.0300
5111	28339.12302577161	28339.1436	0.0268	28339.144	0.0320
5112	28338.39242078645	28338.3426	0.0268	28338.343	0.0500
5118	28216.71818670864	28216.5129	0.1125	28216.513	0.1180
5120	28207.71169104826	28207.7305	0.0267	28207.731	0.0310
5122	28177.15140175869	28177.1119	0.0266	28177.112	0.0280
5129	28019.71240875707	28019.4906	0.1045	28019.491	0.1090
5130	28015.62188331345	28015.5418	0.0265	28015.542	0.0280
5133	27967.5321005303	27967.161	0.0265	27967.161	0.0370
5134	27950.08090735816	27950.1764	0.0264	27950.176	0.0370
5137	27888.64975824805	27888.5832	0.0264	27888.583	0.0270
5138	27848.05106330368	27847.5661	0.0562	27847.566	0.0580
5139	27836.78321054792	27836.749	0.1044	27836.749	0.1140
5140	27835.45987801644	27835.5088	0.0263	27835.509	0.0270
5141	27807.74982194768	27807.6739	0.0263	27807.674	0.0270
5143	27760.66210540257	27760.7242	0.0263	27760.724	0.0310
5144	27744.27810800298	27744.2131	0.0263	27744.213	0.0270
5146	27683.04015649374	27683.0641	0.0262	27683.064	0.0280
5147	27665.80229882263	27665.7883	0.0262	27665.788	0.0280
5154	27544.80300363208	27544.757	0.0261	27544.757	0.0270
5155	27509.0171142727	27509.0024	0.1043	27509.002	0.1780
5156	27508.80223705115	27508.8261	0.1069	27508.826	0.1080
5158	27446.76126305203	27446.8164	0.0260	27446.816	0.0290
5159	27443.33248497776	27443.3205	0.1064	27443.321	0.1080
5160	27440.78864239821	27441.3023	0.0586	27441.302	0.0610
5161	27431.01314691866	27430.5255	0.0561	27430.525	0.0580
5163	27399.03275822014	27399.1121	0.0260	27399.112	0.0510
5164	27389.11063751032	27389.0839	0.0260	27389.084	0.0300
5165	27380.31976443623	27380.262	0.0260	27380.262	0.0290
5167	27362.61937158575	27362.7194	0.0260	27362.719	0.0310
5168	27357.52833571635	27357.5606	0.0260	27357.561	0.0290
5171	27350.51292258818	27350.2785	0.0259	27350.279	0.0340
5174	27322.35821811005	27322.3494	0.0259	27322.349	0.0290
5176	27298.58866608438	27298.5687	0.0259	27298.569	0.0290
5178	27265.56111828184	27265.6298	0.0259	27265.630	0.0290
5179	27260.16273543152	27260.0346	0.1050	27260.035	0.1130
5180	27257.91142202328	27257.9313	0.0259	27257.931	0.0330
5182	27237.38743151422	27237.4706	0.0259	27237.471	0.0290
5183	27220.83203033084	27220.9366	0.0258	27220.937	0.0340
5185	27203.44109838538	27203.4394	0.0258	27203.439	0.0300
5186	27197.73729329128	27197.68	0.0258	27197.680	0.0290
5189	27174.78068068921	27174.8092	0.0258	27174.809	0.0290
5192	27157.80991532546	27157.8109	0.0258	27157.811	0.0270
5193	27150.98838832027	27151.3546	0.0258	27151.355	0.0330
5194	27146.3371000438	27146.3577	0.0258	27146.358	0.0310
5195	27138.56077556812	27138.6184	0.0258	27138.618	0.0270
5198	27116.36047955979	27116.2181	0.1039	27116.218	0.1050
5202	27094.03326866881	27094.1889	0.0257	27094.189	0.0290
5203	27085.38043794051	27085.2986	0.1036	27085.299	0.1050
5205	27075.08125561419	27075.014	0.0257	27075.014	0.0290
5207	27059.91966689543	27059.9042	0.0257	27059.904	0.0320
5209	27057.01959710857	27057.1383	0.0257	27057.138	0.0470
5210	27009.8701003129	27010.0001	0.0514	27010.000	0.0580
5211	26982.64986610709	26982.7892	0.0257	26982.789	0.0310
5212	26979.03879030931	26979.0024	0.0257	26979.002	0.0300
5215	26937.83321021198	26937.8168	0.3000	26937.817	0.3120
5216	26898.12330158161	26898.0065	0.0512	26898.006	0.0550
5220	26756.77259908601	26756.7261	0.1039	26756.726	0.1220
5222	26730.24793382232	26730.1872	0.0255	26730.187	0.0340
5224	26693.50340850986	26693.525	0.0254	26693.525	0.0320
5225	26645.84315068048	26645.8398	0.0254	26645.840	0.0260
5226	26633.02330321475	26632.9578	0.0254	26632.958	0.0280
5227	26597.80150965416	26597.8677	0.0507	26597.868	0.0520
5228	26581.20308955451	26581.2004	0.0254	26581.200	0.0330
5229	26579.97330501064	26579.8043	0.0998	26579.804	0.1020
5230	26569.0192606915	26568.7062	0.0253	26568.706	0.0420
5231	26564.31004473593	26564.2641	0.1038	26564.264	0.1200
5232	26529.6987971021	26529.7143	0.0253	26529.714	0.0280
5233	26525.96029932674	26525.9233	0.0253	26525.923	0.0480
5234	26507.73016818286	26507.511	0.0506	26507.511	0.0640
5238	26422.38709884328	26422.4744	0.0505	26422.474	0.0530
5239	26415.33302364369	26415.282	0.0252	26415.282	0.0280
5240	26409.08953689273	26409.5525	0.0985	26409.553	0.1040
5241	26332.54701743836	26332.5248	0.0503	26332.525	0.0550
5247	26252.94113335583	26252.5326	0.0251	26252.533	0.0350
5248	26247.40006644482	26247.3006	0.0251	26247.301	0.0260
5250	26211.10792973763	26211.1494	0.0251	26211.149	0.0260
5251	26189.40958312401	26189.4031	0.0251	26189.403	0.0320
5252	26172.56248456318	26172.5565	0.0251	26172.556	0.0290
5253	26163.57806732943	26163.6677	0.0251	26163.668	0.0290
5254	26157.98290824086	26158.0151	0.0250	26158.015	0.0270
5255	26152.88751393262	26152.9216	0.0250	26152.922	0.0260
5257	26036.58794330647	26036.5582	0.0250	26036.558	0.0370
5259	26008.11115481535	26008.0735	0.0955	26008.073	0.1000
5261	25916.53980602547	25916.6352	0.0249	25916.635	0.0340
5263	25895.21197837294	25895.0698	0.0497	25895.070	0.0510
5265	25876.02269971361	25876.6068	0.0586	25876.607	0.0610
5270	25795.56288139063	25795.5753	0.0496	25795.575	0.0510
5284	25657.6628479237	25657.6513	0.1033	25657.651	0.1710
5285	25640.33847971532	25640.301	0.0247	25640.301	0.0260
5286	25598.7080571408	25598.7839	0.0247	25598.784	0.0340
5290	25495.78907105626	25495.8014	0.0246	25495.801	0.0300
5292	25448.02230072218	25448.0763	0.0491	25448.076	0.0510
5293	25429.65948642104	25429.7346	0.0245	25429.735	0.0360
5296	25409.83736771005	25409.8484	0.1032	25409.848	0.1110
5298	25318.86917193633	25318.8813	0.1032	25318.881	0.1070
5302	25155.62280169078	25155.6311	0.0244	25155.631	0.0250
5303	25132.13810178451	25132.1981	0.0243	25132.198	0.0270
5304	25124.1025409048	25124.0954	0.0243	25124.095	0.0330
5306	25115.2799185372	25115.3308	0.0243	25115.331	0.0270
5313	25006.2801824137	25006.2873	0.0243	25006.287	0.0250
5314	24991.6900927177	24991.626	0.1200	24991.626	0.1210
5315	24986.91853785613	24986.8943	0.0242	24986.894	0.0340
5320	24913.50336488183	24913.3998	0.0242	24913.400	0.0250
5321	24906.59752646077	24906.7296	0.0242	24906.730	0.0480
5322	24894.94929280199	24894.9972	0.0484	24894.997	0.0490
5323	24878.72280896546	24878.7204	0.0242	24878.720	0.0250
5326	24809.3225849165	24809.3036	0.0241	24809.304	0.0260
5328	24792.52085857561	24792.1527	0.0241	24792.153	0.0310
5333	24686.43950374442	24686.4941	0.0241	24686.494	0.0330
5334	24671.37263624886	24671.3299	0.0240	24671.330	0.0490
5345	24489.39943012195	24489.5201	0.0239	24489.520	0.0360
5346	24487.15694847206	24487.1361	0.0239	24487.136	0.0270
5349	24458.29192853436	24458.2881	0.0239	24458.288	0.0290
5350	24417.83880798303	24417.8427	0.0239	24417.843	0.0260
5354	24365.41663306093	24365.5097	0.0239	24365.510	0.0290
5355	24364.92190568146	24364.543	0.0552	24364.543	0.0570
5356	24350.62020657185	24350.5071	0.0838	24350.507	0.0920
5359	24307.11048375247	24307.1444	0.0238	24307.144	0.0250
5364	24195.25072382745	24195.2651	0.0238	24195.265	0.0280
5366	24171.99100267676	24172.065	0.0237	24172.065	0.0260
5368	24165.24221241688	24165.1449	0.0825	24165.145	0.0940
5369	24133.42120517244	24133.4717	0.0237	24133.472	0.0270
5370	24121.69318282844	24121.7257	0.0237	24121.726	0.0270
5371	24111.57116574059	24111.6624	0.0821	24111.662	0.0830
5374	24110.23996416199	24110.9156	0.0821	24110.916	0.0830
5375	24107.7175311914	24107.8303	0.0474	24107.830	0.0490
5376	24106.78745702313	24106.8696	0.0821	24106.870	0.0830
5377	24102.07930633913	24102.1201	0.0237	24102.120	0.0260
5380	24092.41304325958	24092.5202	0.0237	24092.520	0.0260
5383	24083.81201965739	24083.8122	0.0237	24083.812	0.0260
5384	24075.14842628947	24075.1763	0.0237	24075.176	0.0260
5385	24071.93732717794	24072.0069	0.0237	24072.007	0.0260
5386	24070.86999547826	24070.9261	0.0237	24070.926	0.0260
5387	24062.3233980977	24062.3887	0.0473	24062.389	0.0490
5390	24039.48113122768	24039.8247	0.0237	24039.825	0.0290
5391	24031.98058819071	24032.0962	0.0473	24032.096	0.0490
5393	24025.31708925962	24025.3869	0.0237	24025.387	0.0260
5394	24002.27181894762	24002.3319	0.0473	24002.332	0.0480
5395	23997.46802920368	23997.5044	0.0236	23997.504	0.0260
5397	23990.81705495208	23990.8549	0.0473	23990.855	0.0490
5398	23961.72035423494	23961.7551	0.0236	23961.755	0.0270
5399	23953.54377664738	23953.6246	0.0472	23953.625	0.0480
5402	23946.64204551188	23946.6498	0.0236	23946.650	0.0280
5407	23927.69358989508	23927.768	0.0236	23927.768	0.0260
5409	23918.02700925597	23918.0709	0.0236	23918.071	0.0270
5410	23914.91944833135	23914.9521	0.0236	23914.952	0.0260
5411	23911.86360628181	23911.9109	0.0236	23911.911	0.0260
5413	23898.4093919231	23898.4768	0.0236	23898.477	0.0320
5414	23897.67170399254	23897.7545	0.0236	23897.754	0.0270
5416	23892.83359257902	23892.9095	0.0236	23892.910	0.0370
5419	23875.83717739595	23875.8827	0.1026	23875.883	0.1140
5421	23864.20305220769	23864.2107	0.0236	23864.211	0.0250
5423	23856.82951595373	23856.9462	0.0804	23856.946	0.0850
5425	23819.77339451783	23819.8187	0.0235	23819.819	0.0260
5427	23812.48971556047	23812.5365	0.0235	23812.536	0.0270
5432	23789.9090875999	23789.974	0.0235	23789.974	0.0260
5433	23788.3075890276	23788.3778	0.0235	23788.378	0.0260
5435	23785.30789798264	23785.3927	0.0235	23785.393	0.0260
5438	23777.56206255138	23777.5628	0.0235	23777.563	0.0350
5440	23773.16286726864	23773.2383	0.0235	23773.238	0.0250
5442	23754.56869573973	23754.5959	0.0797	23754.596	0.0810
5444	23749.13979299853	23749.1304	0.0235	23749.130	0.0370
5453	23694.87183256052	23694.9771	0.0469	23694.977	0.0480
5454	23693.10934263452	23693.1586	0.0235	23693.159	0.0270
5455	23665.59924534123	23665.6549	0.0234	23665.655	0.0250
5456	23661.17984433577	23661.1683	0.0234	23661.168	0.0250
5457	23651.80269472016	23651.9106	0.0790	23651.911	0.0800
5458	23643.87794713635	23643.9575	0.0234	23643.958	0.0260
5459	23637.75021587958	23637.7668	0.0234	23637.767	0.0300
5460	23636.86791982057	23636.8092	0.0234	23636.809	0.0280
5463	23625.8865073791	23625.9255	0.0234	23625.926	0.0270
5464	23623.83735339237	23624.4682	0.0234	23624.468	0.0390
5468	23580.75869485766	23580.7946	0.0234	23580.795	0.0260
5471	23569.92887343902	23569.9547	0.0234	23569.955	0.0300
5472	23565.76122753908	23565.8233	0.0234	23565.823	0.0260
5473	23557.73808461452	23558.1171	0.0234	23558.117	0.0300
5475	23550.43342160976	23550.4723	0.0234	23550.472	0.0250
5476	23547.72150528497	23547.7374	0.0234	23547.737	0.0260
5477	23546.54049140547	23546.6014	0.0467	23546.601	0.0480
5480	23539.18934074369	23539.3065	0.0234	23539.306	0.0330
5486	23525.80719617119	23525.7666	0.0234	23525.767	0.0310
5488	23521.90967476647	23521.7998	0.0467	23521.800	0.0620
5489	23521.13367833676	23521.143	0.0234	23521.143	0.0260
5492	23484.55145347031	23484.5391	0.0233	23484.539	0.0250
5493	23480.65171982138	23480.661	0.0779	23480.661	0.0790
5494	23475.45876884165	23475.4424	0.0233	23475.442	0.0250
5498	23462.93643097908	23462.9123	0.0233	23462.912	0.0260
5499	23453.9970330039	23453.9757	0.0466	23453.976	0.0480
5500	23438.08242097966	23438.1438	0.0233	23438.144	0.0250
5503	23428.29412059582	23428.2787	0.0233	23428.279	0.0250
5506	23419.09788195622	23419.13	0.0233	23419.130	0.0300
5507	23413.70674401446	23413.7503	0.0233	23413.750	0.0260
5508	23412.27359069416	23412.3191	0.0233	23412.319	0.0260
5510	23396.86786104551	23396.89	0.0466	23396.890	0.0550
5511	23391.49111005017	23391.5329	0.0233	23391.533	0.0260
5512	23391.01638046268	23391.0588	0.0233	23391.059	0.0260
5514	23386.17870026697	23386.1975	0.0233	23386.197	0.0260
5515	23385.39695652483	23385.402	0.0233	23385.402	0.0260
5516	23384.83853617821	23384.7699	0.0233	23384.770	0.0280
5517	23380.15750833445	23380.1828	0.0466	23380.183	0.0480
5518	23379.54989100347	23379.5701	0.0233	23379.570	0.0260
5519	23375.25247661138	23375.2715	0.0466	23375.271	0.0480
5523	23361.96905175943	23361.9941	0.0233	23361.994	0.0280
5525	23351.58341645451	23351.2162	0.0233	23351.216	0.0440
5527	23346.76288293407	23346.7941	0.0233	23346.794	0.0250
5530	23333.8215957173	23333.827	0.0233	23333.827	0.0260
5531	23332.26353807712	23332.2673	0.0233	23332.267	0.0290
5532	23323.46210955374	23323.4703	0.0233	23323.470	0.0270
5533	23322.70723947671	23322.7202	0.0233	23322.720	0.0290
5534	23319.13824603701	23319.1573	0.0232	23319.157	0.0260
5540	23304.98841416159	23305.0065	0.0232	23305.006	0.0250
5544	23292.06644796361	23292.1113	0.0232	23292.111	0.0260
5550	23262.77104935097	23262.6439	0.0232	23262.644	0.0290
5560	23232.97246404339	23232.9397	0.0232	23232.940	0.0260
5563	23225.18375585879	23225.2151	0.1024	23225.215	0.2010
5568	23211.60759413572	23211.7621	0.0464	23211.762	0.0480
5569	23202.08850907643	23202.1835	0.0464	23202.183	0.0470
5570	23185.70872991032	23185.8198	0.0464	23185.820	0.0470
5572	23171.9190006534	23172.0184	0.0232	23172.018	0.0250
5574	23161.24728082714	23161.286	0.0232	23161.286	0.0270
5579	23138.29211481611	23138.4324	0.0463	23138.432	0.0470
5581	23134.68939626895	23134.681	0.0231	23134.681	0.0260
5586	23124.27682036998	23124.4048	0.0463	23124.405	0.0480
5587	23122.33348777566	23122.3989	0.0231	23122.399	0.0260
5589	23116.29872523155	23116.3707	0.0231	23116.371	0.0260
5590	23115.67871909988	23115.7456	0.0231	23115.746	0.0260
5591	23112.32819489395	23112.4333	0.0231	23112.433	0.0250
5593	23110.09345159773	23110.1515	0.0231	23110.151	0.0240
5595	23098.53981381823	23098.6108	0.0231	23098.611	0.0270
5598	23085.16213686267	23085.2307	0.0231	23085.231	0.0250
5599	23083.64281043623	23083.6029	0.0231	23083.603	0.0400
5604	23063.17904653662	23063.264	0.0462	23063.264	0.0490
5609	23010.28123022566	23010.4203	0.0462	23010.420	0.0470
5610	23007.58067864766	23007.6836	0.0231	23007.684	0.0250
5612	22999.26025454911	22999.3561	0.0231	22999.356	0.0290
5613	22994.53717648577	22995.1234	0.0231	22995.123	0.0380
5615	22989.24268661323	22989.2912	0.0231	22989.291	0.0290
5616	22986.1573176858	22986.2674	0.0231	22986.267	0.0240
5619	22970.68146283596	22970.7816	0.0231	22970.782	0.0250
5620	22965.73176495286	22965.8214	0.0231	22965.821	0.0250
5621	22960.1995666008	22960.2745	0.0231	22960.274	0.0240
5622	22959.46726861597	22959.5204	0.0231	22959.520	0.0260
5623	22957.8420457318	22957.9004	0.0461	22957.900	0.0470
5624	22952.61310598618	22952.7107	0.0231	22952.711	0.0370
5629	22941.29403784337	22941.3657	0.0230	22941.366	0.0250
5631	22937.85214999689	22937.904	0.0743	22937.904	0.0750
5632	22931.42263362123	22931.4639	0.0230	22931.464	0.0240
5635	22907.65180563976	22907.7037	0.1023	22907.704	0.1130
5636	22906.2507129236	22906.3989	0.0230	22906.399	0.0270
5637	22905.61049325863	22905.6919	0.0230	22905.692	0.0250
5638	22890.94096450366	22891.0664	0.0230	22891.066	0.0260
5639	22889.22799339435	22889.2739	0.0740	22889.274	0.0750
5640	22878.93971269477	22878.461	0.0230	22878.461	0.0380
5644	22866.26643583937	22866.3025	0.0230	22866.303	0.0250
5645	22858.13657798429	22858.2496	0.0230	22858.250	0.0250
5646	22855.41864892533	22855.4274	0.0230	22855.427	0.0250
5647	22853.13404535301	22853.1689	0.0230	22853.169	0.0250
5650	22829.901098634	22829.9599	0.0230	22829.960	0.0250
5651	22825.5739959734	22825.6478	0.0230	22825.648	0.0320
5655	22816.98988719112	22817.0362	0.0230	22817.036	0.0270
5656	22816.37636993572	22816.4659	0.0230	22816.466	0.0250
5657	22814.63708879133	22814.6737	0.1022	22814.674	0.1080
5659	22800.42712520166	22800.456	0.0230	22800.456	0.0250
5660	22791.90747372959	22791.9792	0.0230	22791.979	0.0250
5661	22790.81037149623	22790.8044	0.0230	22790.804	0.0260
5662	22790.49900886295	22790.5726	0.0230	22790.573	0.0250
5669	22775.83084991515	22775.8626	0.0230	22775.863	0.0290
5670	22775.18818134658	22775.239	0.0230	22775.239	0.0250
5672	22764.69706451991	22764.7945	0.0459	22764.794	0.0470
5673	22727.63095590073	22727.6958	0.0459	22727.696	0.0470
5675	22715.83710510806	22715.9778	0.0229	22715.978	0.0250
5676	22715.36735583933	22715.4464	0.0229	22715.446	0.0260
5677	22709.97968119435	22710.006	0.0229	22710.006	0.0250
5678	22709.39119217615	22709.4909	0.0229	22709.491	0.0250
5679	22708.12204061978	22708.232	0.0458	22708.232	0.0470
5680	22706.01251124471	22706.063	0.0458	22706.063	0.0470
5682	22703.20851774012	22703.289	0.0458	22703.289	0.0480
5683	22700.69807873375	22700.7976	0.0458	22700.798	0.0470
5686	22696.6167437284	22696.5668	0.0229	22696.567	0.0280
5689	22688.4104439743	22688.4772	0.0229	22688.477	0.0340
5690	22686.39801014938	22686.4769	0.0229	22686.477	0.0270
5697	22677.48356368243	22677.551	0.0229	22677.551	0.0250
5698	22665.34678260041	22665.3618	0.0229	22665.362	0.0280
5699	22660.78303376416	22660.8295	0.0458	22660.829	0.0470
5708	22630.66206319157	22630.2257	0.0723	22630.226	0.0760
5711	22612.42986148788	22612.4245	0.0229	22612.425	0.0260
5718	22577.09795634094	22577.2786	0.0720	22577.279	0.0730
5721	22561.95972176766	22561.9964	0.0228	22561.996	0.0250
5722	22560.42162183567	22560.4979	0.0457	22560.498	0.0470
5724	22557.62792857843	22557.6743	0.0228	22557.674	0.0250
5726	22551.33242882213	22551.4696	0.0457	22551.470	0.0470
5727	22549.05953310222	22549.1151	0.0228	22549.115	0.0250
5736	22527.70273963971	22527.7976	0.0457	22527.798	0.0470
5737	22524.46011851066	22525.2684	0.0228	22525.268	0.0240
5738	22523.00299090956	22523.1001	0.0457	22523.100	0.0470
5740	22513.25632475601	22513.287	0.0456	22513.287	0.0470
5742	22491.90108544784	22491.941	0.0228	22491.941	0.0260
5743	22490.75826316991	22490.7785	0.0228	22490.779	0.0250
5746	22479.399622206	22479.4034	0.0228	22479.403	0.0250
5747	22476.0591664544	22476.1722	0.0456	22476.172	0.0470
5749	22460.55135411864	22460.5113	0.0456	22460.511	0.0480
5750	22446.22389899907	22446.3266	0.0456	22446.327	0.0470
5752	22434.6296707572	22434.7989	0.0456	22434.799	0.0470
5754	22433.02899895993	22433.204	0.0456	22433.204	0.0470
5762	22413.97772464891	22414.0823	0.0455	22414.082	0.0470
5763	22412.46975629304	22412.6043	0.0228	22412.604	0.0250
5764	22410.11275153462	22410.2391	0.0228	22410.239	0.0250
5765	22406.1204068776	22406.1986	0.0228	22406.199	0.0260
5773	22372.69080603888	22372.2506	0.0600	22372.251	0.0650
5774	22369.17749008667	22369.1982	0.0228	22369.198	0.0290
5775	22343.74380882979	22343.8401	0.0455	22343.840	0.0470
5776	22332.73318884013	22332.6977	0.0705	22332.698	0.0730
5777	22323.3431821582	22323.3314	0.0227	22323.331	0.0250
5788	22266.64290066939	22266.6582	0.0227	22266.658	0.0250
5790	22263.00325221076	22263.1509	0.0227	22263.151	0.0250
5791	22260.24236270764	22260.3184	0.0227	22260.318	0.0250
5795	22214.45407941879	22214.618	0.0454	22214.618	0.0470
5799	22194.72848401088	22194.8091	0.1021	22194.809	0.1140
5800	22192.38236618031	22192.4216	0.0227	22192.422	0.0280
5801	22172.86188906454	22172.9341	0.0227	22172.934	0.0250
5803	22120.78913350222	22120.4566	0.0226	22120.457	0.0300
5805	22083.91086765797	22083.8355	0.0226	22083.836	0.0280
5807	22043.90302597639	22043.9733	0.0452	22043.973	0.0460
5810	22017.85200428749	22017.9731	0.0226	22017.973	0.0270
5816	21963.71353488902	21963.756	0.0226	21963.756	0.0240
5819	21949.55123838231	21949.57	0.0451	21949.570	0.0460
5824	21873.24181453168	21873.3597	0.0225	21873.360	0.0290
5832	21847.19695927142	21847.8364	0.0225	21847.836	0.0240
5841	21792.43950567833	21792.4275	0.0225	21792.428	0.0250
5842	21777.72263177698	21777.6826	0.0225	21777.683	0.0250
5844	21773.89635280845	21773.951	0.0449	21773.951	0.0460
5845	21762.57173212909	21762.5794	0.0225	21762.579	0.0250
5847	21755.80372219361	21755.8366	0.0225	21755.837	0.0250
5849	21728.96042661266	21728.9778	0.0224	21728.978	0.0240
5851	21718.10301024679	21718.0843	0.0224	21718.084	0.0340
5855	21663.89213759434	21663.8939	0.0224	21663.894	0.0260
5856	21614.70253182798	21614.7425	0.0448	21614.743	0.0460
5859	21546.57815392663	21546.5233	0.0224	21546.523	0.0250
5860	21535.14687142491	21535.1761	0.0447	21535.176	0.0460
5861	21525.58040924973	21525.5004	0.0224	21525.500	0.0260
5863	21505.74296764158	21505.6633	0.0447	21505.663	0.0490
5865	21486.80177901116	21486.829	0.0223	21486.829	0.0310
5866	21480.14411874851	21480.1454	0.0223	21480.145	0.0230
5867	21447.98870574084	21448.0507	0.0446	21448.051	0.0460
5868	21433.91789304091	21433.8719	0.0223	21433.872	0.0230
5869	21412.75869135368	21412.6391	0.0648	21412.639	0.0780
5871	21338.64395876189	21338.6335	0.0223	21338.633	0.0230
5877	21269.05061322726	21269.1498	0.0222	21269.150	0.0240
5878	21248.40079625767	21248.4354	0.0222	21248.435	0.0250
5879	21244.62678984773	21244.6831	0.0445	21244.683	0.0460
5880	21243.14998729862	21243.1633	0.0222	21243.163	0.0290
5881	21221.76715171224	21221.8707	0.0444	21221.871	0.0450
5883	21208.82257562504	21208.8941	0.0444	21208.894	0.0450
5884	21196.86676825302	21196.9227	0.0444	21196.923	0.0450
5887	21159.55801828313	21159.6321	0.0444	21159.632	0.0450
5888	21155.62689125659	21155.7247	0.0444	21155.725	0.0460
5890	21148.32761848947	21148.3525	0.0222	21148.353	0.0230
5891	21143.73303988349	21143.6725	0.0222	21143.673	0.0270
5892	21136.85859884307	21136.7662	0.0444	21136.766	0.0480
5894	21059.55859961114	21059.5427	0.0221	21059.543	0.0260
5895	21052.50756627849	21052.5412	0.0221	21052.541	0.0230
5905	20950.47673110177	20950.5459	0.0442	20950.546	0.0450
5907	20935.26108500755	20935.3089	0.0442	20935.309	0.0450
5908	20923.93398594992	20924.0842	0.0442	20924.084	0.0460
5909	20897.90674857169	20897.6716	0.0221	20897.672	0.0230
5910	20866.00382636895	20866.7241	0.0615	20866.724	0.0770
5912	20833.40638866022	20833.4029	0.0441	20833.403	0.0460
5919	20754.62947795335	20754.5192	0.0440	20754.519	0.0460
5920	20737.66229531431	20737.7028	0.0440	20737.703	0.0460
5921	20733.35802956214	20733.3256	0.0440	20733.326	0.0450
5923	20686.66285125405	20686.6398	0.1017	20686.640	0.1400
5924	20632.71133327099	20632.6866	0.0220	20632.687	0.0240
5925	20581.45602887298	20581.4211	0.0220	20581.421	0.0280
5926	20553.00025541044	20552.9574	0.0219	20552.957	0.0250
5927	20549.13917689105	20549.1652	0.0219	20549.165	0.0240
5930	20472.77907742085	20472.6976	0.0219	20472.698	0.0260
5932	20357.51361531151	20357.509	0.0219	20357.509	0.0240
5933	20315.66635506324	20315.6596	0.0218	20315.660	0.0240
5936	20281.95154007154	20281.9335	0.0218	20281.933	0.0240
5937	20136.83684212717	20136.8279	0.0218	20136.828	0.0240
5938	20123.32231654368	20123.2725	0.0218	20123.272	0.0250
5939	19872.49036168287	19872.5678	0.0558	19872.568	0.0570
5941	19694.11880758709	19694.0493	0.0216	19694.049	0.0240
5945	19581.04397522315	19580.8987	0.0216	19580.899	0.0280
5949	19353.13774777145	19353.1075	0.0215	19353.107	0.0240
5951	19319.35883847051	19319.2356	0.0215	19319.236	0.0270
5956	19194.00385083107	19193.903	0.0214	19193.903	0.0260
5957	19076.80605108542	19076.7706	0.0214	19076.771	0.0230
5958	19064.47718471377	19064.4145	0.0214	19064.414	0.0250
5961	19000.05632420677	19000.0128	0.0214	19000.013	0.0250
5963	18990.07709757051	18990.0557	0.0214	18990.056	0.0240
5967	18917.29704918363	18917.2848	0.0214	18917.285	0.0240
5969	18883.71158575628	18883.6912	0.0213	18883.691	0.0260
5971	18862.70106735202	18862.699	0.0213	18862.699	0.0240
5972	18798.28045529581	18798.26	0.0213	18798.260	0.0230
5973	18768.16019767619	18768.1044	0.0213	18768.104	0.0220
5975	18721.33166546165	18721.323	0.0213	18721.323	0.0240
5976	18687.82022822683	18687.7808	0.0213	18687.781	0.0250
5977	18645.83425684175	18645.8547	0.0213	18645.855	0.0230
5982	18504.03036560243	18503.9822	0.0212	18503.982	0.0220
5988	18418.89034012912	18418.8297	0.0212	18418.830	0.0240
5989	18408.81758966823	18408.7349	0.0212	18408.735	0.0220
5990	18345.65695010432	18345.6284	0.0212	18345.628	0.0230
5992	18328.87672066563	18328.7125	0.0212	18328.713	0.0230
5993	18303.9525080973	18303.7939	0.0423	18303.794	0.0500
5994	18302.56191523578	18302.5529	0.0212	18302.553	0.0230
5995	18260.55312314265	18260.3903	0.0212	18260.390	0.0270
5996	18241.54150558681	18241.4837	0.0211	18241.484	0.0240
6000	18148.26931189729	18148.2636	0.0211	18148.264	0.0250
6002	18142.68712855882	18142.6766	0.0211	18142.677	0.0220
6005	18063.38363615275	18063.3815	0.0211	18063.381	0.0230
6006	18042.23337806292	18042.1517	0.0211	18042.152	0.0220
6007	18011.13674155386	18011.0281	0.0211	18011.028	0.0250
6010	17996.05350320803	17995.9958	0.0211	17995.996	0.0240
6012	17981.91461025721	17981.8442	0.0211	17981.844	0.0220
6013	17979.68038912008	17979.6775	0.0422	17979.678	0.0450
6015	17965.84161410045	17965.8587	0.0211	17965.859	0.0220
6016	17961.75190754482	17961.6909	0.0211	17961.691	0.0240
6019	17936.09800374106	17936.1352	0.0211	17936.135	0.0270
6020	17933.24068942922	17933.2142	0.0421	17933.214	0.0440
6022	17929.12372626	17929.1373	0.0211	17929.137	0.0280
6025	17910.60299342305	17910.599	0.0211	17910.599	0.0230
6027	17881.67840908482	17881.622	0.0210	17881.622	0.0240
6028	17870.40417938309	17870.4151	0.0210	17870.415	0.0280
6030	17859.7925726916	17859.782	0.0210	17859.782	0.0220
6033	17837.62323258508	17837.6034	0.0210	17837.603	0.0220
6034	17810.20237698039	17810.177	0.0421	17810.177	0.0440
6036	17778.00205151645	17778.0082	0.0210	17778.008	0.0220
6038	17725.56080406303	17725.5481	0.0420	17725.548	0.0440
6040	17704.23402701369	17704.2419	0.0210	17704.242	0.0230
6043	17627.01664768548	17627.0665	0.0210	17627.067	0.0230
6045	17594.27631841261	17594.2201	0.0210	17594.220	0.0220
6049	17490.79918264048	17490.9293	0.0432	17490.929	0.0460
6052	17461.49252753416	17461.4689	0.0209	17461.469	0.0240
6053	17428.73807920452	17428.8734	0.0419	17428.873	0.0470
6054	17425.14383618088	17425.1933	0.0209	17425.193	0.0260
6055	17424.61609853828	17424.5103	0.0209	17424.510	0.0230
6056	17414.36622191556	17414.4643	0.0209	17414.464	0.0230
6057	17371.18670410443	17371.2845	0.0209	17371.285	0.0270
6058	17367.13058349414	17367.1551	0.0209	17367.155	0.0220
6060	17347.39172498622	17347.3139	0.0209	17347.314	0.0240
6061	17345.31195679935	17345.2386	0.0209	17345.239	0.0270
6062	17340.44392988141	17340.4338	0.0209	17340.434	0.0230
6063	17331.44354164608	17331.4885	0.0718	17331.488	0.0740
6064	17317.91883608956	17317.8504	0.0418	17317.850	0.0470
6066	17314.28055979555	17314.2586	0.0209	17314.259	0.0240
6067	17311.56116149786	17311.5738	0.0209	17311.574	0.0240
6073	17195.12767449843	17195.2151	0.0209	17195.215	0.0230
6074	17192.70867911051	17192.7595	0.0209	17192.760	0.0250
6078	17144.67613409138	17144.6724	0.0209	17144.672	0.0220
6081	17105.61669434419	17105.6484	0.0208	17105.648	0.0230
6082	17097.00120933164	17097.0231	0.0417	17097.023	0.0440
6083	17093.40606110421	17093.4338	0.0208	17093.434	0.0240
6087	17082.7886842135	17082.7295	0.0208	17082.730	0.0220
6095	17018.94749696647	17019.58	0.0208	17019.580	0.0360
6096	17006.99893764285	17007.0134	0.0208	17007.013	0.0250
6102	16983.95398262391	16983.9648	0.0208	16983.965	0.0240
6103	16976.06954994774	16976.0765	0.0208	16976.076	0.0250
6106	16959.74934372833	16959.8071	0.0208	16959.807	0.0220
6109	16906.65209587081	16906.6992	0.0416	16906.699	0.0440
6110	16904.19689791525	16904.2067	0.0208	16904.207	0.0230
6113	16843.20153266817	16843.1764	0.0208	16843.176	0.0240
6116	16816.47906098057	16816.5149	0.0208	16816.515	0.0250
6117	16807.76579373384	16807.7974	0.0208	16807.797	0.0230
6122	16784.99485042989	16785.0063	0.0415	16785.006	0.0430
6126	16768.43576829627	16768.3727	0.0208	16768.373	0.0240
6129	16745.19683075495	16745.1575	0.0208	16745.158	0.0220
6131	16734.36293779453	16734.3621	0.0208	16734.362	0.0240
6132	16722.82780146686	16722.8703	0.0208	16722.870	0.0260
6135	16679.40943754118	16679.4211	0.0207	16679.421	0.0250
6137	16664.9845071252	16664.999	0.0415	16664.999	0.0430
6139	16628.13655481838	16628.162	0.0207	16628.162	0.0250
6140	16606.3601339941	16606.3695	0.0207	16606.370	0.0240
6141	16593.38652205396	16593.4064	0.0207	16593.406	0.0230
6142	16569.39684177671	16569.4154	0.0414	16569.415	0.0440
6143	16547.66406910051	16547.6706	0.0207	16547.671	0.0250
6145	16516.14120189482	16516.153	0.0414	16516.153	0.0430
6146	16477.92088642179	16477.9113	0.0207	16477.911	0.0220
6148	16466.95864045283	16466.9216	0.0207	16466.922	0.0240
6153	16415.77339989621	16415.7998	0.0414	16415.800	0.0430
6154	16414.09991868259	16414.1696	0.0414	16414.170	0.0420
6158	16308.77964190994	16308.7277	0.0207	16308.728	0.0220
6160	16288.83982337653	16288.8594	0.0207	16288.859	0.0220
6161	16286.45395841169	16286.4463	0.0413	16286.446	0.0470
6162	16279.50609960031	16279.4317	0.0207	16279.432	0.0220
6164	16228.63203206525	16228.6776	0.0207	16228.678	0.0230
6165	16226.0508229062	16226.0121	0.0413	16226.012	0.0440
6168	16189.18877408804	16189.1095	0.0206	16189.110	0.0220
6169	16180.94253806437	16180.8116	0.0413	16180.812	0.0430
6173	16137.44707849549	16137.482	0.0206	16137.482	0.0220
6174	16135.94926824684	16135.9974	0.0206	16135.997	0.0230
6175	16132.01219700889	16132.1273	0.0413	16132.127	0.0450
6178	16106.02292075893	16106.0891	0.0413	16106.089	0.0460
6182	16062.31956317031	16062.3664	0.0412	16062.366	0.0420
6183	16059.26735361288	16059.1981	0.0412	16059.198	0.0440
6184	16049.88000604785	16049.966	0.0206	16049.966	0.0260
6186	16041.21694343093	16041.0927	0.0412	16041.093	0.0450
6189	16028.09574146565	16028.089	0.0206	16028.089	0.0230
6190	16023.96962826915	16023.8844	0.0412	16023.884	0.0440
6191	16019.61756747211	16019.6061	0.0412	16019.606	0.0460
6192	16016.95856214051	16016.891	0.0412	16016.891	0.0450
6193	16007.80249826947	16007.6808	0.0412	16007.681	0.0440
6195	15995.15832234098	15995.0746	0.0412	15995.075	0.0450
6196	15981.4864328851	15981.4413	0.0412	15981.441	0.0450
6202	15910.37564257057	15910.1391	0.0412	15910.139	0.0500
6203	15894.27468387381	15894.2073	0.0412	15894.207	0.0450
6205	15870.06067011395	15869.948	0.0206	15869.948	0.0250
6206	15842.57267636091	15842.5631	0.0206	15842.563	0.0220
6209	15796.80778527301	15796.7724	0.0206	15796.772	0.0220
6210	15791.05653600841	15791.1124	0.0411	15791.112	0.0440
6211	15783.52979888819	15783.5679	0.0411	15783.568	0.0430
6212	15736.25150596019	15736.284	0.0206	15736.284	0.0260
6213	15714.85007185795	15714.8081	0.0205	15714.808	0.0230
6216	15587.92310698768	15587.8803	0.0205	15587.880	0.0220
6217	15573.72031086317	15573.7047	0.0205	15573.705	0.0220
6218	15556.01821555392	15555.9718	0.0410	15555.972	0.0440
6219	15549.59910191231	15549.62	0.0205	15549.620	0.0220
6220	15525.51641627059	15525.4792	0.0205	15525.479	0.0230
6221	15512.23790972205	15512.2142	0.0205	15512.214	0.0260
6225	15487.2699205443	15487.3246	0.0205	15487.325	0.0230
6226	15486.22372136858	15486.1964	0.0205	15486.196	0.0290
6227	15474.15020721627	15474.0657	0.0205	15474.066	0.0220
6231	15380.27598664266	15380.2688	0.0205	15380.269	0.0220
6232	15376.84305264687	15376.821	0.0205	15376.821	0.0220
6233	15375.05288346789	15375.0276	0.0205	15375.028	0.0230
6235	15348.39881139071	15348.3631	0.0205	15348.363	0.0240
6237	15271.5904560401	15271.5159	0.0205	15271.516	0.0230
6239	15195.9097699869	15195.8594	0.0205	15195.859	0.0240
6244	15109.65148544203	15109.6974	0.0204	15109.697	0.0220
6245	15090.57296750688	15090.5499	0.0204	15090.550	0.0210
6247	15080.52770757992	15080.5143	0.0204	15080.514	0.0210
6249	15001.00227137524	15001.0528	0.0408	15001.053	0.0420
6252	14984.74616587666	14984.6145	0.0204	14984.614	0.0220
6257	14906.33641747979	14906.3028	0.0204	14906.303	0.0230
6260	14885.67040955743	14885.5746	0.0204	14885.575	0.0240
6263	14859.97990446398	14859.9353	0.0204	14859.935	0.0240
6264	14833.11011635437	14833.027	0.0408	14833.027	0.0430
6265	14819.6334842447	14819.6724	0.0204	14819.672	0.0230
6266	14800.57014954211	14800.456	0.0408	14800.456	0.0430
6267	14755.10794535194	14755.1325	0.0204	14755.132	0.0220
6270	14666.33251915634	14666.4302	0.0407	14666.430	0.0420
6271	14641.61162727583	14641.5312	0.0204	14641.531	0.0240
6272	14584.65538264219	14584.6949	0.0204	14584.695	0.0210
6273	14578.97412934951	14578.9528	0.0204	14578.953	0.0250
6275	14558.8046953864	14558.7819	0.0204	14558.782	0.0230
6277	14550.67015853081	14550.6234	0.0204	14550.623	0.0230
6278	14530.99724139321	14531.0188	0.0203	14531.019	0.0220
6280	14490.73250026551	14490.747	0.0203	14490.747	0.0210
6281	14481.36448364107	14481.2999	0.0203	14481.300	0.0260
6283	14467.48737761943	14467.4721	0.0203	14467.472	0.0230
6286	14437.95624468187	14438.0699	0.0407	14438.070	0.0420
6287	14437.56392146423	14437.5899	0.0203	14437.590	0.0220
6288	14416.56761272869	14416.5908	0.0407	14416.591	0.0430
6289	14380.89838819008	14380.9309	0.0203	14380.931	0.0210
6290	14343.62070348688	14343.5291	0.0203	14343.529	0.0240
6291	14341.26062807488	14341.2709	0.0203	14341.271	0.0230
6292	14334.26936845074	14334.1414	0.0203	14334.141	0.0260
6293	14333.51924096897	14333.4797	0.0203	14333.480	0.0220
6294	14332.72181677877	14332.7139	0.0203	14332.714	0.0210
6295	14323.04626423935	14323.036	0.0203	14323.036	0.0210
6296	14243.08954353304	14243.2038	0.0406	14243.204	0.0430
6298	14220.04450938592	14220.0061	0.0203	14220.006	0.0230
6301	14174.85122748152	14174.8023	0.0203	14174.802	0.0220
6303	14162.21080252439	14162.1836	0.0203	14162.184	0.0210
6305	14129.9540364808	14129.8994	0.0203	14129.899	0.0230
6306	14127.14888218522	14127.1071	0.0203	14127.107	0.0230
6308	14112.44139018908	14112.4342	0.0203	14112.434	0.0210
6309	14105.93625117303	14105.9465	0.0203	14105.947	0.0210
6310	14077.10175929279	14077.062	0.0203	14077.062	0.0210
6311	14055.82346778137	14055.6996	0.0203	14055.700	0.0250
6312	14018.06933732343	14017.9917	0.0203	14017.992	0.0220
6313	14005.75187803795	14005.7271	0.0203	14005.727	0.0210
6316	13928.96114512377	13928.8954	0.0203	13928.895	0.0220
6322	13824.34085582289	13824.3416	0.0202	13824.342	0.0210
6323	13815.86803547206	13815.8748	0.0202	13815.875	0.0220
6325	13807.95264291005	13807.9968	0.0202	13807.997	0.0210
6327	13741.72323524356	13741.6054	0.0405	13741.605	0.0430
6330	13648.04630026419	13648.0432	0.0202	13648.043	0.0220
6331	13618.94186787958	13619.0105	0.0404	13619.011	0.0410
6332	13613.36348842644	13613.4093	0.0202	13613.409	0.0210
6333	13611.81963362581	13611.8407	0.0202	13611.841	0.0210
6334	13602.15959939692	13602.1784	0.0202	13602.178	0.0210
6335	13600.57181985435	13600.5993	0.0404	13600.599	0.0410
6337	13595.21368128741	13595.2444	0.0202	13595.244	0.0210
6338	13591.49699589986	13591.5885	0.0404	13591.588	0.0410
6340	13564.8487775956	13564.9313	0.0404	13564.931	0.0420
6341	13541.11223715619	13541.0757	0.0202	13541.076	0.0250
6343	13513.72034234682	13513.652	0.0202	13513.652	0.0220
6344	13510.99914893313	13510.8885	0.0404	13510.888	0.0410
6346	13461.63080473418	13461.5748	0.0202	13461.575	0.0240
6347	13456.95947435869	13456.9526	0.0202	13456.953	0.0240
6350	13426.87264642264	13426.914	0.0404	13426.914	0.0410
6351	13413.64230624826	13413.6701	0.0202	13413.670	0.0250
6352	13409.33881450285	13409.3558	0.0404	13409.356	0.0410
6353	13406.33388249772	13406.3282	0.0202	13406.328	0.0210
6354	13394.64963581903	13394.6265	0.0202	13394.627	0.0210
6355	13394.021478327	13393.9065	0.0202	13393.906	0.0260
6356	13367.09035315105	13367.1779	0.0404	13367.178	0.0420
6357	13352.09948026095	13351.9439	0.0202	13351.944	0.0270
6358	13341.75920739247	13341.8046	0.0202	13341.805	0.0210
6361	13318.33696726673	13318.4179	0.0404	13318.418	0.0420
6362	13309.83832527588	13309.7458	0.0202	13309.746	0.0240
6367	13284.28918362151	13284.2967	0.0404	13284.297	0.0410
6368	13278.12085955384	13278.0419	0.0202	13278.042	0.0260
6369	13277.23204758109	13277.1097	0.0404	13277.110	0.0430
6370	13272.22969134688	13272.1933	0.0202	13272.193	0.0210
6371	13250.98770261472	13250.9319	0.0202	13250.932	0.0220
6372	13242.78878552486	13242.8181	0.0404	13242.818	0.0410
6373	13241.8432097535	13241.9189	0.0202	13241.919	0.0240
6374	13217.84040474158	13217.8806	0.0403	13217.881	0.0410
6376	13177.20858358673	13177.1761	0.0202	13177.176	0.0210
6377	13173.9684109512	13173.9862	0.0403	13173.986	0.0420
6379	13160.48995528411	13160.4341	0.0202	13160.434	0.0230
6381	13115.46742414742	13115.4659	0.0202	13115.466	0.0210
6382	13110.05661370956	13110.0956	0.0403	13110.096	0.0410
6385	13081.02173546432	13080.9226	0.0202	13080.923	0.0240
6386	13071.12611402218	13071.0349	0.0403	13071.035	0.0410
6388	13044.1198328206	13044.1417	0.0202	13044.142	0.0230
6389	13033.11068450156	13033.0853	0.0403	13033.085	0.0410
6390	13026.33146985486	13026.2599	0.0403	13026.260	0.0410
6391	13015.59648804308	13015.4962	0.0403	13015.496	0.0430
6392	13013.49043376872	13013.5183	0.0201	13013.518	0.0230
6394	13010.6876043347	13010.5367	0.0403	13010.537	0.0450
6395	13005.1833628405	13005.0335	0.0403	13005.033	0.0450
6396	12994.15040763428	12994.0855	0.0403	12994.085	0.0410
6398	12985.53072823392	12985.454	0.0201	12985.454	0.0220
6399	12978.80939316158	12978.8559	0.0201	12978.856	0.0230
6400	12972.82890790226	12973.0819	0.0403	12973.082	0.0470
6405	12936.27113358916	12936.1993	0.0201	12936.199	0.0280
6407	12924.06135194044	12923.9018	0.0403	12923.902	0.0450
6409	12916.60584539564	12916.824	0.0403	12916.824	0.0450
6410	12912.44674813724	12912.4546	0.0201	12912.455	0.0210
6411	12907.0154968224	12907.0535	0.0403	12907.053	0.0410
6414	12892.50614572689	12892.55	0.0201	12892.550	0.0210
6415	12890.5610433153	12890.7599	0.0403	12890.760	0.0470
6422	12870.68960748738	12870.7313	0.0201	12870.731	0.0230
6425	12849.70477120067	12849.5593	0.0403	12849.559	0.0450
6426	12846.65686577681	12846.5981	0.0201	12846.598	0.0240
6435	12802.18660991769	12802.2306	0.0201	12802.231	0.0220
6436	12801.26191132996	12801.1967	0.0403	12801.197	0.0410
6438	12798.82671434076	12799.0441	0.0403	12799.044	0.0460
6440	12792.81770005143	12792.7677	0.0403	12792.768	0.0410
6442	12786.17472811584	12786.43	0.0403	12786.430	0.0470
6443	12783.09137801739	12783.3005	0.0402	12783.300	0.0470
6444	12781.31481488208	12781.2938	0.0402	12781.294	0.0430
6445	12780.51260035052	12780.4561	0.0402	12780.456	0.0430
6446	12778.63390725183	12778.6112	0.0201	12778.611	0.0210
6447	12777.02201914013	12777.2233	0.0402	12777.223	0.0460
6448	12775.31093138074	12775.1538	0.0402	12775.154	0.0440
6450	12772.05159046954	12772.0289	0.0402	12772.029	0.0410
6451	12743.57359506745	12743.8345	0.0402	12743.835	0.0470
6453	12740.59847789325	12740.8479	0.0402	12740.848	0.0470
6457	12727.37772291131	12727.583	0.0402	12727.583	0.0450
6459	12709.2205943719	12709.261	0.0402	12709.261	0.0410
6460	12699.47412804201	12699.416	0.0402	12699.416	0.0410
6462	12691.5277957611	12691.3741	0.0402	12691.374	0.0450
6464	12673.81014816604	12673.8071	0.0201	12673.807	0.0210
6466	12659.40972497637	12659.3818	0.0201	12659.382	0.0230
6467	12658.44151722913	12658.6636	0.0402	12658.664	0.0470
6469	12634.34943156495	12634.3872	0.0402	12634.387	0.0420
6470	12632.35556776719	12632.3174	0.0201	12632.317	0.0230
6471	12622.44281589013	12622.2761	0.0402	12622.276	0.0450
6472	12617.74962904834	12617.7462	0.0201	12617.746	0.0210
6474	12609.21956881455	12609.0322	0.1100	12609.032	0.1190
6475	12608.64067862534	12608.7039	0.0402	12608.704	0.0410
6476	12596.46034378136	12596.3065	0.0402	12596.307	0.0450
6479	12586.62450382083	12586.6359	0.0201	12586.636	0.0260
6480	12582.62939062757	12582.5123	0.0402	12582.512	0.0410
6483	12561.03216831172	12560.9119	0.0402	12560.912	0.0430
6484	12559.35954176602	12559.3683	0.0201	12559.368	0.0210
6485	12539.27793310279	12539.3216	0.0402	12539.322	0.0410
6487	12516.33396186681	12516.5794	0.0402	12516.579	0.0470
6489	12499.26280133423	12499.2682	0.0201	12499.268	0.0240
6490	12494.77638614455	12494.8038	0.0201	12494.804	0.0220
6494	12436.69302290711	12436.7213	0.0201	12436.721	0.0240
6495	12426.52428522475	12426.573	0.0201	12426.573	0.0240
6496	12407.09901470409	12407.1194	0.0402	12407.119	0.0430
6497	12391.05364997144	12391.1065	0.0201	12391.106	0.0220
6500	12348.02016833056	12348.0294	0.0201	12348.029	0.0240
6501	12345.69636858324	12345.7158	0.0201	12345.716	0.0230
6503	12337.86185654672	12337.8345	0.0201	12337.835	0.0250
6506	12326.2201307067	12326.2133	0.0201	12326.213	0.0250
6508	12312.58776631069	12312.5226	0.0201	12312.523	0.0260
6509	12293.36555974818	12293.3838	0.0201	12293.384	0.0220
6511	12284.13613605917	12284.0628	0.0201	12284.063	0.0240
6512	12240.52160961509	12240.5278	0.0201	12240.528	0.0210
6513	12236.79998588096	12236.7995	0.0201	12236.799	0.0250
6514	12227.95137979132	12228.0745	0.0401	12228.075	0.0410
6517	12208.57036203686	12208.5362	0.0201	12208.536	0.0210
6519	12181.28392435502	12181.3208	0.0201	12181.321	0.0230
6521	12160.76046017668	12160.772	0.0401	12160.772	0.0410
6522	12154.31430583792	12154.326	0.0201	12154.326	0.0240
6523	12139.47300120704	12139.5348	0.0401	12139.535	0.0410
6524	12125.39594893411	12125.4443	0.0401	12125.444	0.0410
6525	12117.53436262605	12117.5437	0.0201	12117.544	0.0240
6526	12112.2139824136	12112.2146	0.0401	12112.215	0.0430
6527	12100.36128677839	12100.2946	0.0401	12100.295	0.0410
6529	12047.35250905127	12047.4021	0.0401	12047.402	0.0410
6530	12046.21296057019	12046.1943	0.0401	12046.194	0.0450
6533	11966.79984983063	11966.7599	0.0200	11966.760	0.0230
6536	11942.76767109161	11942.7331	0.0401	11942.733	0.0410
6537	11934.86765245777	11934.9024	0.0200	11934.902	0.0230
6538	11915.48914551836	11915.5639	0.0200	11915.564	0.0230
6539	11899.13270598009	11899.1828	0.0401	11899.183	0.0410
6540	11891.83482123522	11891.8527	0.0200	11891.853	0.0210
6541	11890.65678713296	11890.6806	0.0200	11890.681	0.0250
6542	11890.16746003981	11890.1836	0.0200	11890.184	0.0210
6543	11888.61636928017	11888.5962	0.0200	11888.596	0.0220
6548	11840.79336830618	11840.7781	0.0401	11840.778	0.0410
6550	11831.80796230783	11831.8483	0.0200	11831.848	0.0230
6551	11830.73391657158	11830.7574	0.0200	11830.757	0.0230
6554	11779.34283247716	11779.3601	0.0200	11779.360	0.0240
6556	11772.96194786414	11773.0109	0.0200	11773.011	0.0210
6557	11768.41641420418	11768.397	0.0401	11768.397	0.0430
6558	11765.62274396274	11765.6366	0.0200	11765.637	0.0240
6559	11753.8924288682	11753.8493	0.0200	11753.849	0.0210
6560	11752.95840641	11753.0101	0.0200	11753.010	0.0230
6561	11749.7205670459	11749.7242	0.0200	11749.724	0.0240
6563	11747.5942454994	11747.6475	0.0200	11747.647	0.0210
6564	11734.55552581182	11734.578	0.0200	11734.578	0.0250
6566	11710.21564073009	11710.5512	0.0200	11710.551	0.0320
6568	11695.04131884773	11695.0196	0.0200	11695.020	0.0220
6569	11680.53826605346	11680.5098	0.0200	11680.510	0.0220
6571	11672.13346002127	11672.1487	0.0200	11672.149	0.0240
6572	11668.63778219693	11668.5745	0.0400	11668.575	0.0410
6574	11631.21767696034	11631.196	0.0200	11631.196	0.0230
6577	11621.01511408166	11621.0764	0.0400	11621.076	0.0420
6578	11618.41001097249	11618.4069	0.0200	11618.407	0.0230
6579	11593.96276340443	11593.9816	0.0200	11593.982	0.0230
6580	11562.67750070216	11562.742	0.0400	11562.742	0.0420
6581	11558.89270327994	11558.9022	0.0200	11558.902	0.0230
6582	11531.21327479761	11531.2169	0.0200	11531.217	0.0250
6584	11522.13631736235	11522.1442	0.0200	11522.144	0.0220
6585	11516.43819120504	11516.4607	0.0200	11516.461	0.0230
6586	11513.79616178328	11513.6727	0.0400	11513.673	0.0450
6588	11502.22752157346	11502.225	0.0200	11502.225	0.0220
6589	11488.46235213806	11488.473	0.0200	11488.473	0.0230
6591	11476.0921691305	11476.2954	0.0400	11476.295	0.0470
6592	11473.00505052383	11473.0167	0.0200	11473.017	0.0210
6593	11470.47241215272	11470.532	0.0400	11470.532	0.0420
6594	11439.0467832417	11439.0729	0.0200	11439.073	0.0230
6596	11407.79012051243	11408.0504	0.0200	11408.050	0.0320
6597	11397.58068474617	11397.5817	0.0800	11397.582	0.0810
6598	11291.16225268472	11291.1601	0.0200	11291.160	0.0240
6599	11280.66144323038	11280.6027	0.0200	11280.603	0.0220
6600	11250.34937650645	11250.2872	0.0200	11250.287	0.0240
6601	11237.55277344418	11237.5518	0.0200	11237.552	0.0240
6602	11221.90372323841	11221.8498	0.0200	11221.850	0.0210
6603	11174.03801294572	11174.069	0.0200	11174.069	0.0230
6604	11156.7134574766	11156.6256	0.0200	11156.626	0.0220
6605	11088.01841112165	11087.977	0.0200	11087.977	0.0260
6606	11064.26954769475	11064.3069	0.0200	11064.307	0.0230
6607	11055.92595116292	11055.891	0.0200	11055.891	0.0270
6608	11025.29524869125	11025.2661	0.0200	11025.266	0.0270
6610	11003.53223125289	11003.5379	0.0200	11003.538	0.0260
6612	10986.01484719005	10985.9956	0.0200	10985.996	0.0220
6614	10947.62012547143	10947.6243	0.0200	10947.624	0.0220
6615	10922.52509445405	10922.5948	0.0200	10922.595	0.0230
6616	10893.33913500264	10893.3337	0.0200	10893.334	0.0260
6618	10840.28362556876	10840.2853	0.0200	10840.285	0.0210
6619	10834.13616200766	10834.1102	0.0200	10834.110	0.0240
6620	10800.47262474852	10800.5214	0.0200	10800.521	0.0230
6621	10789.69381115438	10789.6209	0.0399	10789.621	0.0410
6622	10766.02401921674	10765.9721	0.0200	10765.972	0.0220
6623	10741.82885646611	10741.8479	0.0200	10741.848	0.0210
6624	10729.40809567118	10729.3416	0.0200	10729.342	0.0250
6625	10726.05128987144	10726.1436	0.0200	10726.144	0.0210
6626	10710.20071275576	10710.1412	0.0200	10710.141	0.0210
6627	10686.56735477516	10686.578	0.0200	10686.578	0.0220
6628	10682.64251890472	10682.6391	0.0200	10682.639	0.0240
6629	10676.10582728403	10675.9886	0.0200	10675.989	0.0230
6631	10660.96625772257	10660.8709	0.0200	10660.871	0.0220
6632	10657.46348285668	10657.4522	0.0200	10657.452	0.0240
6633	10653.20931912343	10653.226	0.0200	10653.226	0.0230
6635	10606.75420437794	10606.7826	0.0199	10606.783	0.0230
6636	10599.81096259683	10599.6918	0.0199	10599.692	0.0240
6638	10583.32146321749	10583.3752	0.0199	10583.375	0.0210
6639	10573.66934759555	10573.7206	0.0199	10573.721	0.0210
6640	10541.27360752632	10541.3088	0.0199	10541.309	0.0230
6641	10516.29570973302	10516.2869	0.0199	10516.287	0.0220
6642	10511.98760221952	10512.0044	0.0199	10512.004	0.0230
6643	10491.48753235419	10491.5055	0.0199	10491.505	0.0210
6644	10468.58813717126	10468.4352	0.0199	10468.435	0.0230
6645	10435.82985104365	10435.7618	0.0199	10435.762	0.0220
6646	10371.26670459717	10371.2447	0.0199	10371.245	0.0220
6647	10356.81677411565	10356.7798	0.0199	10356.780	0.0220
6648	10319.25187527425	10319.2323	0.0199	10319.232	0.0210
6649	10305.00271088319	10305.0294	0.0399	10305.029	0.0410
6650	10282.65020273536	10282.6244	0.0199	10282.624	0.0220
6652	10273.94604509893	10273.9871	0.0199	10273.987	0.0210
6653	10255.93884893507	10255.9572	0.0199	10255.957	0.0230
6654	10221.75168709316	10221.6787	0.0199	10221.679	0.0210
6655	10198.18636887015	10198.1815	0.0199	10198.182	0.0210
6656	10194.65985348858	10194.6844	0.0199	10194.684	0.0210
6657	10121.86096761896	10121.9066	0.0199	10121.907	0.0210
6659	10095.66949958514	10095.6908	0.0199	10095.691	0.0240
6660	10063.31869145661	10063.3707	0.0199	10063.371	0.0210
6661	10022.19333877198	10022.1208	0.0199	10022.121	0.0210
6662	10006.10862402224	10006.2206	0.0398	10006.221	0.0410
6663	9966.266273748055	9966.2456	0.0199	9966.246	0.0220
6664	9839.49910620193	9839.5594	0.0199	9839.559	0.0230
6665	9764.259343349939	9764.2529	0.0199	9764.253	0.0210
6666	9704.584384783459	9704.5853	0.0199	9704.585	0.0220
6667	9682.960030085029	9682.9583	0.0199	9682.958	0.0210
6668	9328.776971086725	9328.7787	0.0199	9328.779	0.0210
