wn,lambda,I_reported,I_original,I_corrected,P,dlnI,gA,u_pct_gA,Eup,Elow,used_in_fit,dropped_at_stage
9328.776971,10719.5188,500,500,0.771576,-6.473928,0.248485,327802,97.25,25033.90,15705.10,1,0
9682.960030,10327.4205,500,500,3.05726,-5.097090,0.333621,1.52759e+06,71.25,26447.00,16764.00,1,0
9704.584385,10304.4083,500,500,3.26211,-5.032235,0.312222,1.46374e+06,78.75,25409.70,15705.10,1,0
9764.259343,10241.4322,500,500,3.86311,-4.863135,-0.376399,750606,82.59,23651.90,13887.60,1,0
9839.499106,10163.1190,500,500,4.68839,-4.669519,0.044582,1.01437e+06,69.94,19872.40,10032.90,1,0
9966.266274,10033.8479,500,500,6.20975,-4.388487,-1.075984,677015,84.34,25409.70,15443.50,1,0
10006.108624,9993.8951,500,500,6.71059,-4.310922,-1.130321,729520,70.15,26095.20,16089.10,1,0
10022.193339,9977.8558,25,25,0.34573,-4.280974,1.630423,367080,81.64,20160.40,10138.20,1,0
10063.318691,9937.0797,50,50,0.74391,-4.207858,1.350214,827552,76.00,24250.60,14187.40,1,0
10121.860968,9879.6062,75,75,1.22814,-4.111990,-0.895273,144496,105.24,24309.20,14187.40,1,0
10194.659853,9809.0570,175,175,3.1879,-4.005423,0.890064,2.89827e+06,76.78,27604.30,17409.60,1,0
10198.186369,9805.6651,150,150,2.7457,-4.000600,0.879985,1.46528e+06,86.59,21148.40,10950.20,1,0
10221.751687,9783.0590,25,25,0.472241,-3.969142,0.120265,226871,79.45,29267.90,19046.10,1,0
10273.946045,9733.3585,25,25,0.503966,-3.904123,0.063124,154207,75.51,24461.20,14187.40,1,0
10276.171095,9731.2510,25,25,0.505294,-3.901490,-0.077657,376294,76.54,37197.60,26921.50,1,0
10319.251875,9690.6250,25,25,0.530582,-3.852657,-0.255327,96962.4,78.13,22080.90,11761.70,1,0
10356.816774,9655.4764,50,50,1.10375,-3.813312,0.046977,419921,85.44,27452.40,17095.60,1,0
10435.829851,9582.3716,100,100,2.37586,-3.739809,-0.563010,296176,82.19,21294.90,10859.10,1,0
10468.588137,9552.3865,175,175,4.27157,-3.712806,-0.405280,627780,90.96,21418.80,10950.20,1,0
10491.487532,9531.5368,50,50,1.24228,-3.695074,-0.725409,190610,72.10,25935.00,15443.50,1,0
10573.669348,9457.4548,50,50,1.31422,-3.638779,-1.882440,55838.3,97.54,24461.20,13887.60,1,0
10583.321463,9448.8295,75,75,1.98298,-3.632887,-0.131574,485195,83.83,24470.90,13887.60,1,0
10599.810963,9434.1305,75,75,2.00237,-3.623154,-1.137052,565998,109.22,38701.60,28101.80,1,0
10660.966258,9380.0128,175,175,4.82676,-3.590610,0.355491,1.514e+06,87.17,21611.20,10950.20,1,0
10676.105827,9366.7112,25,25,0.694538,-3.583384,-0.219779,121631,101.93,21535.20,10859.10,1,0
10710.200713,9336.8932,250,250,7.05121,-3.568262,-0.068380,1.35471e+06,82.37,20848.40,10138.20,1,0
10741.828856,9309.4017,75,75,2.14229,-3.555611,-4.235299,10005.2,450.11,26447.00,15705.10,0,2
10766.024019,9288.4801,75,75,2.16127,-3.546793,-0.806225,226255,74.37,22527.70,11761.70,1,0
10789.693811,9268.1036,250,250,7.26158,-3.538863,0.292389,1.87892e+06,80.41,20160.40,9370.70,1,0
10840.283626,9224.8509,200,200,5.89554,-3.524122,-0.628848,1.10366e+06,89.04,27604.30,16764.00,1,0
10922.525094,9155.3921,50,50,1.50063,-3.506136,-0.030474,1.27773e+06,69.60,39024.30,28101.80,1,0
10947.620125,9134.4054,250,250,7.53414,-3.502016,0.472747,3.00083e+06,79.28,23442.30,12494.60,1,0
10986.014847,9102.4818,250,250,7.57305,-3.496865,0.939324,4.53093e+06,80.99,22747.70,11761.70,1,0
11003.532231,9087.9908,75,75,2.27625,-3.494960,-1.081327,243147,82.93,26447.00,15443.50,1,0
11156.713457,8963.2131,50,50,1.52658,-3.488991,-1.649363,60067.8,96.34,21294.90,10138.20,1,0
11221.903723,8911.1440,100,100,3.04527,-3.491579,0.081411,716645,87.72,22080.90,10859.10,1,0
11250.349377,8888.6128,125,125,3.79913,-3.493541,0.009992,2.69696e+06,96.71,36642.10,25391.70,1,0
11280.661443,8864.7284,25,25,0.757848,-3.496148,1.075273,454313,78.13,21418.80,10138.20,1,0
11291.162253,8856.4842,1000,1000,30.283,-3.497170,0.343249,1.41292e+07,69.21,27380.30,16089.10,1,0
11397.580685,8773.7918,500,500,14.9384,-3.510675,-0.829629,4.52073e+06,67.03,36642.10,25244.60,1,0
11470.472412,8718.0367,5,5,0.147579,-3.522831,1.800579,576573,66.67,35828.50,24358.00,0,2
11473.005051,8716.1123,45,45,1.3276,-3.523290,0.462905,430831,82.58,21611.20,10138.20,1,0
11476.092169,8713.7676,5,5,0.147428,-3.523854,-2.034278,7092.42,94.02,28885.10,17409.60,0,2
11477.773350,8712.4913,40,40,1.17906,-3.524162,0.579425,404017,74.84,20848.40,9370.70,1,0
11502.227522,8693.9682,500,500,14.6707,-3.528758,0.300323,4.01147e+06,80.35,21535.20,10032.90,1,0
11522.136317,8678.9461,40,40,1.16909,-3.532651,0.785621,709342,88.77,25409.70,13887.60,1,0
11523.359439,8678.0249,10,10,0.292202,-3.532894,1.351741,946800,93.26,39120.40,27597.10,1,0
11621.015114,8605.1002,5000,5000,143.084,-3.553762,-1.091580,1.79897e+07,69.39,29263.10,17642.10,1,0
11628.409049,8599.6287,20,20,0.571373,-3.555446,0.757918,967412,88.58,38549.90,26921.50,1,0
11631.217677,8597.5521,45,45,1.28476,-3.556089,0.372734,1.62816e+06,101.35,39733.00,28101.80,1,0
11668.637782,8569.9806,200,200,5.66035,-3.564832,0.623417,2.28378e+06,80.20,22527.70,10859.10,1,0
11680.538266,8561.2493,10,10,0.282214,-3.567675,-0.071512,61132.9,65.96,23442.30,11761.70,1,0
11695.041319,8550.6325,5,5,0.140613,-3.571180,1.059362,127114,67.74,27138.50,15443.50,1,0
11747.594245,8512.3812,15,15,0.416384,-3.584199,0.106785,131137,75.25,25935.00,14187.40,1,0
11753.892429,8507.8199,5,5,0.138574,-3.585789,0.635247,175931,65.39,36640.40,24886.50,1,0
11768.416414,8497.3200,100,100,2.76127,-3.589481,0.263490,3.13521e+06,69.21,39870.20,28101.80,1,0
11840.793368,8445.3800,25,25,0.67746,-3.608280,1.196129,802120,75.93,28936.50,17095.60,1,0
11888.616369,8411.4078,100,100,2.67562,-3.620990,-0.135011,505210,79.07,22747.70,10859.10,1,0
11890.167460,8410.3105,45,45,1.20353,-3.621405,1.056064,804440,77.87,23651.90,11761.70,1,0
11891.834821,8409.1313,30,30,0.801994,-3.621851,0.606755,866156,85.54,35137.80,23246.00,1,0
11899.132706,8403.9738,25,25,0.667022,-3.623807,-0.052321,202469,111.28,27604.30,15705.10,1,0
11915.489146,8392.4377,30,30,0.796917,-3.628203,-0.481369,220649,77.98,31787.90,19872.40,1,0
11942.767671,8373.2685,45,45,1.18661,-3.635562,0.406757,363280,73.17,22080.90,10138.20,1,0
11956.919946,8363.3578,5,5,0.131342,-3.639391,1.603124,227355,67.29,28720.70,16764.00,1,0
11966.799850,8356.4530,5,5,0.130991,-3.642068,-0.775490,6841.19,251.19,14860.00,2893.10,1,0
12046.212961,8301.3641,5,5,0.128198,-3.663617,1.786525,444708,86.11,35137.80,23091.70,0,2
12047.352509,8300.5789,25,25,0.640792,-3.663925,0.747420,373447,82.61,25935.00,13887.60,1,0
12100.361287,8264.2161,40,40,1.01068,-3.678256,0.164741,259308,86.32,23050.60,10950.20,1,0
12125.395949,8247.1534,250,250,6.27439,-3.684984,-0.135765,3.68066e+06,84.63,37011.90,24886.50,1,0
12139.473001,8237.5899,150,150,3.75048,-3.688752,0.750959,1.61928e+06,82.28,22277.70,10138.20,1,0
12160.760460,8223.1700,5,5,0.124309,-3.694425,-0.059310,36664,81.58,27604.30,15443.50,1,0
12199.001818,8197.3920,35,35,0.861412,-3.704530,0.009782,689028,80.88,39120.40,26921.50,1,0
12208.570362,8190.9672,45,45,1.10476,-3.707039,-0.071513,430789,75.85,31254.70,19046.10,1,0
12240.521610,8169.5865,40,40,0.973876,-3.715351,-0.427789,121562,92.79,21611.20,9370.70,1,0
12284.136136,8140.5806,100,100,2.40765,-3.726518,-0.217972,1.24625e+06,104.41,36642.10,24358.00,1,0
12293.365560,8134.4689,400,400,9.60817,-3.728851,-2.867566,134618,158.65,24788.00,12494.60,0,2
12312.587766,8121.7695,250,250,5.9762,-3.733676,0.049641,4.04254e+06,93.84,36670.60,24358.00,1,0
12337.861857,8105.1321,3000,3000,71.2665,-3.739942,-0.704890,2.68445e+07,72.06,38785.80,26447.90,1,0
12494.776386,8003.3445,250,250,5.72547,-3.776536,0.181946,1.38734e+06,68.99,22527.70,10032.90,1,0
12501.555926,7999.0043,45,45,1.02906,-3.778016,0.279043,1.13798e+06,72.10,40098.70,27597.10,1,0
12539.277933,7974.9409,1000,1000,22.6845,-3.786075,-0.100471,5.05783e+06,75.82,25033.90,12494.60,1,0
12559.359542,7962.1894,15,15,0.338852,-3.790243,-1.810471,15295.3,231.69,26447.00,13887.60,1,0
12561.032168,7961.1292,5,5,0.112912,-3.790586,0.182343,15361.9,101.50,15454.20,2893.10,1,0
12564.025359,7959.2326,50,50,1.12843,-3.791199,0.117158,1.00497e+06,76.98,39485.50,26921.50,1,0
12582.629391,7947.4645,50,50,1.12419,-3.794962,-0.132427,214267,83.68,23532.90,10950.20,1,0
12608.640679,7931.0691,50,50,1.11844,-3.800091,0.979362,2.49177e+06,77.49,40205.70,27597.10,1,0
12617.749629,7925.3435,100,100,2.23294,-3.801850,-0.368539,908888,83.85,35863.70,23246.00,1,0
12632.355568,7916.1800,1000,1000,22.2674,-3.804631,-1.079294,858026,83.01,15525.50,2893.10,1,0
12659.409725,7899.2625,400,400,8.86243,-3.809644,-0.766460,529791,86.53,17113.20,4453.80,1,0
12673.810148,7890.2870,1000,1000,22.0986,-3.812239,-3.924637,94278.6,251.85,23532.90,10859.10,0,2
12709.220594,7868.3031,1500,1500,32.9444,-3.818398,-0.218794,6.15182e+06,80.08,24470.90,11761.70,1,0
12772.051590,7829.5957,45,45,0.978381,-3.828519,-0.058811,536260,80.02,35863.70,23091.70,1,0
12778.633907,7825.5626,5,5,0.1086,-3.829518,-0.578280,46451.4,40.74,39225.60,26447.00,1,0
12792.817700,7816.8862,200,200,4.33486,-3.831629,0.348353,1.32703e+06,84.75,23651.90,10859.10,1,0
12802.186610,7811.1656,40,40,0.86579,-3.832992,-1.045388,245495,125.88,39940.70,27138.50,1,0
12846.656866,7784.1263,3000,3000,64.5373,-3.839125,-0.047514,5.52468e+06,87.34,12846.70,0.00,1,0
12890.561043,7757.6142,100,100,2.13946,-3.844615,0.062127,1.81326e+06,97.29,39870.20,26979.70,1,0
12907.015497,7747.7245,250,250,5.33845,-3.846525,0.234875,1.29388e+06,79.56,22277.70,9370.70,1,0
12912.446748,7744.4656,500,500,10.6704,-3.847137,-0.248179,1.69764e+06,79.17,23050.60,10138.20,1,0
12985.530728,7700.8789,35,35,0.741452,-3.854493,-0.554173,92109.5,70.52,23844.60,10859.10,1,0
12994.150408,7695.7705,5,5,0.105841,-3.855251,-1.318521,65212,51.59,53092.80,40098.70,1,0
13015.596488,7683.0901,15,15,0.31696,-3.857031,0.693702,203000,60.32,28720.70,15705.10,1,0
13026.331470,7676.7584,200,200,4.2226,-3.857867,-0.517129,585700,92.79,24788.00,11761.70,1,0
13033.110685,7672.7653,100,100,2.11022,-3.858376,-1.494251,318597,67.24,37919.60,24886.50,1,0
13071.126114,7650.4502,100,100,2.1048,-3.860949,0.301575,992461,76.70,29835.10,16764.00,1,0
13081.021735,7644.6628,30,30,0.631067,-3.861540,-1.052652,28374.1,113.91,17534.80,4453.80,1,0
13110.056614,7627.7321,100,100,2.10031,-3.863087,0.423106,1.30751e+06,84.78,31803.70,18693.70,1,0
13115.467424,7624.5853,5,5,0.104988,-3.863344,-0.756511,57956.5,90.59,44903.40,31787.90,1,0
13173.968411,7590.7272,150,150,3.14292,-3.865483,-0.118642,922218,76.00,29263.10,16089.10,1,0
13177.208584,7588.8607,15,15,0.314265,-3.865568,-0.306875,183515,71.11,40098.70,26921.50,1,0
13217.840405,7565.5324,45,45,0.942095,-3.866311,0.481608,915288,88.01,36683.20,23465.40,1,0
13241.843210,7551.8188,25,25,0.523299,-3.866478,-1.476966,35752.3,141.89,28101.80,14860.00,1,0
13242.788786,7551.2795,100,100,2.09319,-3.866480,0.905919,2.17433e+06,86.25,32288.90,19046.10,1,0
13250.987703,7546.6073,15,15,0.313976,-3.866487,-1.596871,17588.6,76.37,27138.50,13887.60,1,0
13272.229691,7534.5290,45,45,0.942017,-3.866395,1.600036,1.08679e+06,80.39,25033.90,11761.70,1,0
13277.232048,7531.6903,5,5,0.104673,-3.866349,0.598043,59723,64.35,28720.70,15443.50,1,0
13278.120860,7531.1862,500,500,10.4674,-3.866340,0.604494,1.46423e+07,68.65,39726.00,26447.90,1,0
13284.289184,7527.6892,15,15,0.314045,-3.866270,-1.570252,51872.4,128.65,40205.70,26921.50,1,0
13309.838325,7513.2393,100,100,2.09455,-3.865832,0.031285,1.51665e+06,98.64,38701.60,25391.70,1,0
13341.759207,7495.2634,200,200,4.19279,-3.864952,0.042105,2.12686e+06,84.36,34198.60,20856.90,1,0
13352.099480,7489.4589,250,250,5.2429,-3.864587,0.420236,718140,86.60,13352.10,0.00,1,0
13394.021478,7466.0176,100,100,2.10111,-3.862703,-0.307514,1.08474e+06,103.39,38785.80,25391.70,1,0
13394.649636,7465.6675,50,50,1.05059,-3.862669,2.149635,1.8428e+06,82.15,23532.90,10138.20,0,2
13406.333882,7459.1608,25,25,0.525634,-3.862025,0.081339,336571,82.75,36652.30,23246.00,1,0
13409.338815,7457.4892,10,10,0.21029,-3.861851,-0.146375,36817.9,132.66,23442.30,10032.90,1,0
13426.872646,7447.7507,15,15,0.315777,-3.860769,-0.382989,180742,71.88,41024.00,27597.10,1,0
13456.959474,7431.0991,4000,4000,84.3864,-3.858644,-0.475070,3.64239e+07,69.04,38701.60,25244.60,1,0
13461.630805,7428.5205,2000,2000,42.2084,-3.858283,0.329128,5.91428e+06,89.25,14860.00,1398.30,1,0
13510.999149,7401.3771,45,45,0.953798,-3.853966,0.607687,382564,85.17,24461.20,10950.20,1,0
13513.720342,7399.8867,30,30,0.636034,-3.853701,-0.125184,114795,76.45,23651.90,10138.20,1,0
13541.112237,7384.9177,50,50,1.06306,-3.850875,1.571943,3.55571e+06,68.08,38785.80,25244.60,1,0
13564.848778,7371.9952,10,10,0.213182,-3.848194,1.274841,211405,71.63,27452.40,13887.60,1,0
13591.496996,7357.5413,100,100,2.1388,-3.844924,0.630667,2.34564e+06,81.91,36683.20,23091.70,1,0
13595.213681,7355.5298,20,20,0.427965,-3.844446,0.083348,190231,88.65,32288.90,18693.70,1,0
13600.571820,7352.6320,300,300,6.42396,-3.843747,0.069758,1.70598e+06,80.65,26095.20,12494.60,1,0
13602.159599,7351.7738,200,200,4.28354,-3.843538,-0.375512,638460,76.50,24461.20,10859.10,1,0
13611.819634,7346.5564,50,50,1.07227,-3.842245,-1.555891,49094.7,104.83,24470.90,10859.10,1,0
13618.941868,7342.7144,150,150,3.21995,-3.841268,0.980497,1.74226e+06,85.70,23651.90,10032.90,1,0
13648.046300,7327.0560,40,40,0.862267,-3.837070,-3.531193,5893.08,244.66,25409.70,11761.70,0,2
13716.662346,7290.4033,20,20,0.435994,-3.825858,-0.125193,106738,85.15,27604.30,13887.60,1,0
13741.723235,7277.1077,35,35,0.766476,-3.821300,-0.068314,250723,78.39,30505.70,16764.00,1,0
13765.918757,7264.3172,100,100,2.20011,-3.816663,0.409398,1.96088e+06,81.36,37011.90,23246.00,1,0
13807.952643,7242.2033,250,250,5.54784,-3.808052,0.294909,5.03737e+06,82.94,38694.50,24886.50,1,0
13811.662956,7240.2578,100,100,2.2209,-3.807259,0.690498,900566,81.00,23844.60,10032.90,1,0
13815.868035,7238.0541,25,25,0.555728,-3.806352,-2.206808,43139.3,32.50,39225.60,25409.70,0,4
13824.340856,7233.6179,250,250,5.56756,-3.804504,0.082664,1.90472e+06,77.12,29267.90,15443.50,1,0
13920.223757,7183.7926,30,30,0.683596,-3.781586,-0.337060,285616,72.68,37011.90,23091.70,1,0
13928.961145,7179.2863,5,5,0.114192,-3.779314,-0.039934,23871.4,104.74,24788.00,10859.10,1,0
13951.641871,7167.6152,100,100,2.29768,-3.773271,0.799234,3.02904e+06,81.34,37197.60,23246.00,1,0
14005.751878,7139.9237,25,25,0.583251,-3.758014,-0.701997,213107,35.51,39940.70,25935.00,1,0
14018.069337,7133.6500,15,15,0.351226,-3.754375,-0.267748,318145,100.22,45806.00,31787.90,1,0
14055.823468,7114.4889,500,500,11.8434,-3.742839,-0.121215,1.06296e+06,85.00,15454.20,1398.30,1,0
14105.936251,7089.2139,35,35,0.842584,-3.726630,-0.324610,357086,102.66,37197.60,23091.70,1,0
14112.441390,7085.9462,100,100,2.41263,-3.724452,-0.885894,204537,108.34,24250.60,10138.20,1,0
14127.148882,7078.5691,4500,4500,109.112,-3.719462,-0.606439,6.03239e+06,85.99,15525.50,1398.30,1,0
14129.954036,7077.1639,100,100,2.42703,-3.718500,0.229845,985363,71.83,29835.10,15705.10,1,0
14133.052278,7075.6124,20,20,0.485925,-3.717434,-0.732529,59801.7,156.87,26979.70,12846.70,1,0
14162.210803,7061.0445,25,25,0.613647,-3.707211,0.979106,315799,81.29,23532.90,9370.70,1,0
14171.009587,7056.6602,75,75,1.84676,-3.704058,0.565336,668668,79.90,24309.20,10138.20,1,0
14174.851227,7054.7478,5,5,0.123288,-3.702672,1.180402,87536.3,73.63,25033.90,10859.10,1,0
14220.044509,7032.3268,5000,5000,125.372,-3.685909,0.073311,1.54515e+07,86.22,17113.20,2893.10,1,0
14323.046264,6981.7550,100,100,2.6132,-3.644593,-0.300355,398765,82.74,24461.20,10138.20,1,0
14333.519241,6976.6537,5,5,0.131242,-3.640150,-0.755978,14482.3,128.49,26095.20,11761.70,1,0
14334.269368,6976.2886,25,25,0.65642,-3.639830,0.468276,742253,99.47,39726.00,25391.70,1,0
14341.260628,6972.8877,500,500,13.1678,-3.636837,0.851001,2.18339e+07,64.63,39733.00,25391.70,1,0
14343.620703,6971.7404,25,25,0.659056,-3.635822,-0.114405,382791,104.53,38701.60,24358.00,1,0
14416.567613,6936.4638,150,150,4.08491,-3.603335,0.714801,2.78714e+06,71.31,30505.70,16089.10,1,0
14437.563921,6926.3763,20,20,0.549992,-3.593583,0.014000,376475,112.42,39225.60,24788.00,1,0
14437.956245,6926.1880,75,75,2.06285,-3.593399,0.642571,802392,79.04,24470.90,10032.90,1,0
14467.487378,6912.0503,7000,7000,195.252,-3.579376,-0.253090,1.97538e+07,86.16,18921.20,4453.80,1,0
14481.364484,6905.4266,500,500,14.0405,-3.572663,-0.634337,5.21746e+06,84.99,39726.00,25244.60,1,0
14490.732500,6900.9624,1000,1000,28.2097,-3.568088,-0.548989,5.74922e+06,81.33,31254.70,16764.00,1,0
14530.997241,6881.8401,1,1,0.0287816,-3.548017,0.106314,22746.4,111.07,39940.70,25409.70,1,0
14550.670159,6872.5357,60,60,4.42061,-2.608068,0.176888,1.1555e+06,76.65,25409.70,10859.10,1,0
14558.804695,6868.6958,1000,1000,73.2336,-2.614102,-0.420605,4.37521e+06,85.44,14558.80,0.00,1,0
14578.974129,6859.1932,200,200,14.432,-2.628867,-0.053223,1.05821e+07,74.63,41026.90,26447.90,1,0
14641.611627,6829.8492,200,200,13.8095,-2.672962,-0.151713,1.36567e+06,83.89,17534.80,2893.10,1,0
14666.332519,6818.3372,40,40,2.71621,-2.689642,0.311130,2.42374e+06,66.10,39024.30,24358.00,1,0
14708.051914,6798.9969,40,40,2.64322,-2.716881,-0.047189,916422,86.48,31803.70,17095.60,1,0
14800.570150,6756.4965,20,20,1.24914,-2.773280,-0.390423,274901,77.89,30505.70,15705.10,1,0
14819.633484,6747.8052,4,4,0.247107,-2.784229,-1.247598,325198,44.99,63221.30,48401.60,1,0
14833.110116,6741.6745,9,9,0.551779,-2.791832,-0.015338,152601,66.59,28720.70,13887.60,1,0
14859.979904,6729.4842,100,100,6.04066,-2.806657,-0.019451,541106,85.66,14860.00,0.00,1,0
14879.962955,6720.4468,20,20,1.19523,-2.817395,0.860489,551032,82.65,24250.60,9370.70,1,0
14885.670410,6717.8701,50,50,2.97905,-2.820417,0.025613,767398,81.12,27380.30,12494.60,1,0
14906.336417,6708.5565,600,600,35.3654,-2.831195,-0.429288,3.01686e+06,76.61,19360.10,4453.80,1,0
14938.553056,6694.0888,50,50,2.8995,-2.847486,-0.237323,446300,89.52,24309.20,9370.70,1,0
14984.746166,6673.4530,10,10,0.567121,-2.869768,0.537117,215326,82.42,25935.00,10950.20,1,0
15001.002271,6666.2212,10,10,0.562859,-2.877312,1.363971,453719,87.00,25033.90,10032.90,1,0
15080.527708,6631.0677,4,4,0.217463,-2.912022,-0.720145,30558.1,90.42,29267.90,14187.40,1,0
15084.366398,6629.3802,40,40,2.17118,-2.913607,0.289251,1.77353e+06,76.31,38549.90,23465.40,1,0
15090.572968,6626.6536,30,30,1.62425,-2.916151,-0.995513,117388,79.58,24461.20,9370.70,1,0
15109.651485,6618.2863,100,100,5.37272,-2.923837,1.351431,5.22776e+06,73.86,27604.30,12494.60,1,0
15193.281600,6581.8565,60,60,3.12425,-2.955152,0.303454,1.54861e+06,81.28,32288.90,17095.60,1,0
15195.909770,6580.7182,200,200,10.4046,-2.956074,0.259819,1.77539e+06,83.60,19649.70,4453.80,1,0
15271.590456,6548.1065,30,30,1.52219,-2.981048,0.307630,432052,80.65,25409.70,10138.20,1,0
15348.398811,6515.3376,10,10,0.496218,-3.003324,1.096353,172675,81.78,18241.50,2893.10,1,0
15375.052883,6504.0427,10,10,0.492745,-3.010348,0.699657,655070,74.13,39733.00,24358.00,1,0
15376.843053,6503.2855,300,300,14.7756,-3.010807,-0.703456,1.51537e+06,74.92,25409.70,10032.90,1,0
15376.843053,6503.2855,300,300,14.7756,-3.010807,0.183583,4.23155e+06,76.66,27138.50,11761.70,1,0
15380.275987,6501.8339,600,600,29.5253,-3.011682,0.056314,8.84298e+06,73.48,29267.90,13887.60,1,0
15458.217565,6469.0511,7,7,0.338218,-3.029976,-1.220003,59600.4,56.06,38549.90,23091.70,1,0
15474.150207,6462.3904,20,20,0.963083,-3.033348,0.072992,445883,66.13,34520.30,19046.10,1,0
15486.223721,6457.3521,6,6,0.288211,-3.035820,-1.579590,203395,46.95,60166.20,44680.00,1,0
15504.946008,6449.5549,5,5,0.23929,-3.039515,0.637437,189432,75.98,34198.60,18693.70,1,0
15512.237910,6446.5231,300,300,14.3374,-3.040909,0.488747,1.54704e+07,62.58,39870.20,24358.00,1,0
15525.516416,6441.0096,50,50,2.38367,-3.043381,-0.418143,144761,89.96,15525.50,0.00,1,0
15549.599102,6431.0340,300,300,14.2411,-3.047651,0.680694,9.25056e+06,74.90,31254.70,15705.10,1,0
15573.720311,6421.0733,7,7,0.330965,-3.051653,-1.068188,71166.6,42.25,39225.60,23651.90,1,0
15587.923107,6415.2228,80,80,3.77403,-3.053882,-0.350604,590946,80.04,26447.00,10859.10,1,0
15655.096288,6387.6963,15,15,0.701095,-3.063161,0.796528,959732,71.32,39120.40,23465.40,1,0
15714.850072,6363.4078,100,100,4.64354,-3.069694,0.640890,913496,86.67,17113.20,1398.30,1,0
15796.807785,6330.3929,10,10,0.461396,-3.076084,-0.045597,92791.2,88.29,25935.00,10138.20,1,0
15842.572676,6312.1061,200,200,9.20666,-3.078390,0.115389,2.48226e+06,76.85,27604.30,11761.70,1,0
15874.523371,6299.4017,5,5,0.229917,-3.079474,-0.711365,68711.6,52.35,39120.40,23246.00,1,0
16019.617567,6242.3463,1,1,0.0460003,-3.079107,-3.093484,179456,73.21,100430.30,84410.60,0,2
16028.095741,6239.0443,80,80,3.68107,-3.078823,0.592021,782646,87.47,18921.20,2893.10,1,0
16028.781497,6238.7774,40,40,1.84058,-3.078799,0.460620,1.75873e+06,72.27,39120.40,23091.70,1,0
16062.319563,6225.7509,4,4,0.184317,-3.077392,0.344875,54571.9,95.24,26095.20,10032.90,1,0
16091.697526,6214.3848,30,30,1.38458,-3.075800,0.586195,1.08258e+06,77.88,35137.80,19046.10,1,0
16135.949268,6197.3422,2000,2000,92.585,-3.072775,-0.362959,6.00638e+06,78.90,16136.00,0.00,1,0
16137.447078,6196.7670,100,100,4.62979,-3.072660,0.034535,3.3474e+06,65.78,41024.00,24886.50,1,0
16155.061862,6190.0103,9,9,0.417273,-3.071239,0.160906,247176,58.88,37011.90,20856.90,1,0
16189.188774,6176.9618,1,1,0.0465069,-3.068155,-0.125639,26160.8,53.74,39940.70,23751.60,1,0
16226.050823,6162.9291,1500,1500,70.0271,-3.064338,-0.189101,1.48803e+07,73.22,28720.70,12494.60,1,0
16228.632032,6161.9488,5000,5000,233.49,-3.064052,-1.189589,7.43432e+06,78.42,17627.00,1398.30,1,0
16279.506100,6142.6925,7,7,0.328896,-3.057923,-2.887280,4126.51,224.23,27138.50,10859.10,0,2
16288.839823,6139.1727,2,2,0.0940857,-3.056697,0.113689,66823.6,97.19,39940.70,23651.90,1,0
16308.779642,6131.6666,9,9,0.42454,-3.053974,-0.183428,75098.2,80.30,26447.00,10138.20,1,0
16340.773075,6119.6615,80,80,3.79133,-3.049310,-0.788561,872148,73.84,37197.60,20856.90,1,0
16390.528834,6101.0844,80,80,3.82164,-3.041346,0.117279,1.10676e+06,98.70,28885.10,12494.60,1,0
16414.099919,6092.3231,3,3,0.143896,-3.037275,3.063048,649968,115.00,26447.00,10032.90,0,2
16415.773400,6091.7020,9000,9000,431.816,-3.036979,-1.227431,1.49953e+07,79.38,19308.90,2893.10,1,0
16466.958640,6072.7668,900,900,43.5947,-3.027460,-2.448060,447119,85.08,19360.10,2893.10,0,2
16477.920886,6068.7268,2,2,0.0970858,-3.025307,-0.232119,45524,146.98,39225.60,22747.70,1,0
16516.141202,6054.6830,1500,1500,73.3859,-3.017489,0.075988,7.43979e+06,80.07,16516.10,0.00,1,0
16593.386522,6026.4974,9,9,0.44798,-3.000232,0.583409,181894,82.59,27452.40,10859.10,1,0
16664.984507,6000.6056,900,900,45.5977,-2.982537,0.509091,8.00667e+06,79.95,18063.40,1398.30,1,0
16745.196831,5971.8617,9,9,0.465984,-2.960828,1.042259,300322,78.94,27604.30,10859.10,1,0
16768.435768,5963.5855,9,9,0.469095,-2.954174,-0.800930,54660.2,383.26,29263.10,12494.60,1,0
16784.994850,5957.7022,7000,7000,366.622,-2.949334,-0.638439,2.62314e+07,79.34,21238.80,4453.80,1,0
16807.765794,5949.6307,200,200,10.5463,-2.942547,1.319368,4.71346e+06,80.88,19700.90,2893.10,1,0
16843.201533,5937.1135,80,80,4.26459,-2.931681,-0.241381,354896,83.02,18241.50,1398.30,1,0
16852.707797,5933.7645,40,40,2.13865,-2.928705,-0.026160,1.29295e+06,66.69,40098.70,23246.00,1,0
16957.548700,5897.0787,80,80,4.42763,-2.894163,-0.264247,4.22026e+06,67.46,48745.50,31787.90,1,0
16959.749344,5896.3136,3,3,0.166162,-2.893404,0.490116,168733,74.91,40205.70,23246.00,1,0
17006.998938,5879.9322,30,30,1.68943,-2.876804,-0.423847,680004,67.92,40098.70,23091.70,1,0
17082.788684,5853.8452,20,20,1.15815,-2.848911,-0.401369,687598,56.49,44680.00,27597.10,1,0
17105.616694,5846.0330,1500,1500,87.6202,-2.840209,-0.048703,1.78816e+07,73.45,27138.50,10032.90,1,0
17144.676134,5832.7144,1,1,0.0593084,-2.825004,0.710039,68572,35.68,39225.60,22080.90,1,0
17314.280560,5775.5793,15,15,0.954629,-2.754482,0.231006,261143,79.21,27452.40,10138.20,1,0
17340.443930,5766.8650,600,600,38.6272,-2.742972,-0.694606,5.07003e+06,70.74,29835.10,12494.60,1,0
17347.391725,5764.5554,15,15,0.968664,-2.739887,0.104410,231671,91.82,27380.30,10032.90,1,0
17367.130583,5758.0036,20,20,1.303,-2.731062,0.259916,497531,57.13,31254.70,13887.60,1,0
17424.616099,5739.0074,5,5,0.334407,-2.704834,-1.158385,40132.4,62.54,34520.30,17095.60,1,0
17594.276318,5683.6666,9,9,0.653254,-2.623014,-0.259073,226545,62.15,36640.40,19046.10,1,0
17606.204780,5679.8158,2,2,0.14604,-2.617021,0.281641,86995.8,116.68,36652.30,19046.10,1,0
17627.016648,5673.1097,80,80,5.90344,-2.606492,-0.479990,351850,79.54,17627.00,0.00,1,0
17693.032770,5651.9423,4,4,0.305384,-2.572478,-0.640258,83953.2,82.63,38549.90,20856.90,1,0
17704.234027,5648.3664,150,150,11.5193,-2.566616,0.167840,1.27717e+07,56.77,45806.00,28101.80,1,0
17769.072342,5627.7558,8,8,0.63589,-2.532170,-5.837544,7292.94,89.41,63576.30,45807.10,0,2
17778.002052,5624.9290,10,10,0.798697,-2.527359,0.068868,542491,62.75,41024.00,23246.00,1,0
17837.623233,5606.1281,9,9,0.742599,-2.494824,0.023066,397712,59.97,38694.50,20856.90,1,0
17859.792573,5599.1692,8,8,0.668243,-2.482545,-2.600252,28688.2,89.73,39940.70,22080.90,0,2
17910.602993,5583.2849,100,100,8.59455,-2.454042,-0.360438,650970,79.60,19308.90,1398.30,1,0
17961.751908,5567.3857,8,8,0.707933,-2.424847,-0.246817,60149.9,79.66,19360.10,1398.30,1,0
17965.841614,5566.1183,60,60,5.32202,-2.422491,-0.261114,1.85884e+06,71.92,37011.90,19046.10,1,0
17981.914610,5561.1431,10,10,0.895282,-2.413202,0.251326,987570,55.23,44903.40,26921.50,1,0
17989.590236,5558.7703,8,8,0.719422,-2.408749,-0.364332,220394,73.87,36683.20,18693.70,1,0
18011.136742,5552.1204,80,80,7.28514,-2.396190,-0.352172,1.36885e+06,74.83,30505.70,12494.60,1,0
18063.383636,5536.0614,40,40,3.75654,-2.365382,0.767237,787801,79.89,18063.40,0.00,1,0
18241.541506,5481.9928,8,8,0.837592,-2.256666,-0.341865,58207.8,79.22,18241.50,0.00,1,0
18260.553123,5476.2854,20,20,2.1191,-2.244742,0.589242,1.45119e+06,69.02,35024.50,16764.00,1,0
18302.561915,5463.7160,20,20,2.17614,-2.218178,0.969221,629304,80.52,19700.90,1398.30,1,0
18303.952508,5463.3009,2,2,0.217807,-2.217293,0.403444,804130,35.90,58174.10,39870.20,1,0
18345.656950,5450.8814,50,50,5.59234,-2.190625,0.336777,970767,79.01,21238.80,2893.10,1,0
18408.817590,5432.1794,10,10,1.16519,-2.149700,0.111628,308151,74.56,29267.90,10859.10,1,0
18418.890340,5429.2087,100,100,11.7289,-2.143114,0.177939,5.63252e+06,73.42,35828.50,17409.60,1,0
18504.030366,5404.2281,8,8,0.992649,-2.086819,-0.209827,359702,59.52,37197.60,18693.70,1,0
18645.834257,5363.1282,4,4,0.546439,-1.990627,-1.018216,109314,217.19,39940.70,21294.90,1,0
18687.820228,5351.0789,5,5,0.703178,-1.961583,-1.521582,34227.7,68.79,28720.70,10032.90,1,0
18721.331665,5341.5004,1500,1500,215.939,-1.938223,0.405019,4.59964e+07,78.71,23175.10,4453.80,1,0
18798.280455,5319.6355,4,4,0.607928,-1.883994,-0.672218,69994,74.33,28936.50,10138.20,1,0
18862.701067,5301.4677,1500,1500,238.708,-1.837978,0.539902,5.14874e+07,78.24,21755.80,2893.10,1,0
18917.297049,5286.1675,1500,1500,248.308,-1.798551,0.489464,4.51919e+07,78.37,20315.70,1398.30,1,0
18990.077098,5265.9081,1000,1000,174.576,-1.745398,0.786258,3.82566e+07,78.12,18990.10,0.00,1,0
19000.056324,5263.1423,150,150,26.3793,-1.738057,1.063916,3.18112e+07,72.41,36642.10,17642.10,1,0
19064.477185,5245.3576,1,1,0.18445,-1.690377,1.292464,260852,67.78,35828.50,16764.00,1,0
19076.806051,5241.9676,10,10,1.86151,-1.681195,0.118386,731544,84.56,34520.30,15443.50,1,0
19194.003851,5209.9604,150,150,30.4971,-1.593003,0.667211,8.55656e+06,79.44,23647.80,4453.80,1,0
19319.358838,5176.1552,30,30,6.71449,-1.496930,-0.582072,1.34713e+06,81.49,35024.50,15705.10,1,0
19319.358838,5176.1552,30,30,6.71449,-1.496930,-5.513363,164413,128.76,69978.10,50658.70,0,2
19348.908798,5168.2501,15,15,3.43501,-1.474030,0.091337,2.05198e+06,66.21,40205.70,20856.90,1,0
19353.137748,5167.1208,5,5,1.14877,-1.470746,-1.022129,208147,92.50,39225.60,19872.40,1,0
19493.037253,5130.0369,15,15,3.846,-1.361016,0.226564,1.26546e+06,72.44,31254.70,11761.70,1,0
19581.043975,5106.9800,1,1,0.275005,-1.290967,0.838762,225401,66.00,35024.50,15443.50,1,0
19648.394473,5089.4744,10,10,2.90297,-1.236850,0.258050,1.78533e+06,68.93,38694.50,19046.10,1,0
20123.322317,4969.3584,2,2,0.860167,-0.843776,0.439802,491265,95.69,35828.50,15705.10,1,0
20136.836842,4966.0233,60,60,26.1023,-0.832321,-0.975764,1.13796e+06,73.45,21535.20,1398.30,1,0
20281.951540,4930.4920,80,80,39.3922,-0.708460,-0.651709,2.69213e+06,79.92,23175.10,2893.10,1,0
20315.666355,4922.3096,80,80,40.551,-0.679466,-0.575241,2.36977e+06,77.36,20315.70,0.00,1,0
20357.513615,4912.1912,90,90,32.3174,-1.024203,-0.097377,3.41494e+06,77.98,21755.80,1398.30,1,0
20472.779077,4884.5347,1,1,0.254547,-1.368270,1.250273,208921,75.19,30505.70,10032.90,0,2
20549.139177,4866.3839,60,60,12.4172,-1.575259,-0.186130,1.36337e+06,75.96,23442.30,2893.10,1,0
20553.000255,4865.4697,60,60,12.2932,-1.585300,-0.321352,3.42962e+06,102.26,36642.10,16089.10,1,0
20581.456029,4858.7427,600,600,114.304,-1.658064,-0.266205,3.37283e+07,72.98,36670.60,16089.10,1,0
20632.711333,4846.6728,90,90,15.1208,-1.783740,0.289163,6.51726e+06,75.41,34520.30,13887.60,1,0
20686.662851,4834.0325,2,2,0.296531,-1.908751,0.358329,1.11042e+06,36.96,60419.70,39733.00,1,0
20754.629478,4818.2021,8,8,1.02371,-2.056004,-0.274973,103534,78.82,23647.80,2893.10,1,0
20791.832137,4809.5810,8,8,0.948857,-2.131939,-0.390451,307372,59.52,39485.50,18693.70,1,0
20804.483405,4806.6562,9,9,1.04101,-2.157029,0.408122,1.54083e+06,63.79,48401.60,27597.10,1,0
20935.261085,4776.6302,450,450,41.0095,-2.395445,-0.572320,8.73792e+06,81.79,36640.40,15705.10,1,0
20950.476731,4773.1611,300,300,26.6554,-2.420791,-0.601959,4.87896e+06,77.87,35137.80,14187.40,1,0
20971.747614,4768.3198,3,3,0.257481,-2.455420,1.422981,311557,89.60,33466.40,12494.60,1,0
21052.507566,4750.0280,40,40,3.03526,-2.578581,-0.333782,1.07995e+06,71.17,40098.70,19046.10,1,0
21059.558600,4748.4376,300,300,22.5347,-2.588725,-0.529972,5.88333e+06,75.97,38701.60,17642.10,1,0
21077.580309,4744.3776,3,3,0.219675,-2.614218,0.930606,3.57468e+06,58.32,71736.50,50658.70,1,0
21136.858599,4731.0720,20,20,1.35252,-2.693762,-0.082671,408677,99.59,35024.50,13887.60,1,0
21143.733040,4729.5338,270,270,18.099,-2.702568,-0.478336,4.98971e+06,119.61,38785.80,17642.10,1,0
21148.327618,4728.5063,60,60,3.99858,-2.708405,-0.446884,2.54591e+06,52.25,48745.50,27597.10,1,0
21155.626891,4726.8748,300,300,19.8099,-2.717600,0.528761,1.39316e+07,75.72,37919.60,16764.00,1,0
21159.558018,4725.9966,8,8,0.525675,-2.722513,0.223240,327638,78.95,40205.70,19046.10,1,0
21196.866768,4717.6784,9,9,0.565217,-2.767770,0.716056,431401,84.85,36640.40,15443.50,1,0
21208.822576,4715.0189,600,600,37.1578,-2.781756,0.234265,1.75247e+07,78.54,36652.30,15443.50,1,0
21221.767152,4712.1429,15,15,0.915239,-2.796620,1.005383,602708,76.76,31254.70,10032.90,1,0
21243.149987,4707.3998,9,9,0.53616,-2.820548,-5.502989,9518.85,630.96,67049.20,45806.00,0,2
21273.147164,4700.7619,2,2,0.115363,-2.852820,-0.421555,472068,64.45,71501.00,50227.80,1,0
21338.643959,4686.3334,9,9,0.486289,-2.918176,0.174512,150861,68.65,32288.90,10950.20,1,0
21447.988706,4662.4418,9,9,0.442533,-3.012464,0.169740,405775,53.36,45806.00,24358.00,1,0
21480.144119,4655.4622,120,120,5.75831,-3.036848,-0.637434,2.90158e+06,56.44,48401.60,26921.50,1,0
21486.801779,4654.0198,15,15,0.716295,-3.041714,-0.513788,1.16468e+06,36.12,61357.00,39870.20,1,0
21505.742968,4649.9207,7,7,0.329786,-3.055220,-1.230729,201930,34.15,58158.10,36652.30,1,0
21512.092153,4648.5483,30,30,1.40714,-3.059637,0.117992,776484,57.28,40205.70,18693.70,1,0
21525.580409,4645.6355,30,30,1.39426,-3.068837,0.363471,310888,87.98,25979.30,4453.80,1,0
21535.146871,4643.5718,30,30,1.38539,-3.075212,0.300238,202314,85.96,21535.20,0.00,1,0
21614.702532,4626.4805,600,600,26.4001,-3.123561,0.913999,2.92094e+07,78.69,39024.30,17409.60,1,0
21676.391504,4613.3140,450,450,19.1768,-3.155545,0.614392,1.21419e+07,79.83,35863.70,14187.40,1,0
21718.103010,4604.4537,9,9,0.376304,-3.174582,0.623524,1.74984e+06,52.24,60419.70,38701.60,1,0
21728.960427,4602.1530,20,20,0.832374,-3.179206,-0.233234,313263,98.72,39940.70,18211.80,1,0
21755.803722,4596.4746,6,6,0.247016,-3.190063,0.173373,32018.8,82.59,21755.80,0.00,1,0
21777.722632,4591.8484,8,8,0.326642,-3.198332,-1.289514,371129,128.92,66681.10,44903.40,1,0
21838.052126,4579.1630,60,60,2.40111,-3.218414,-0.783375,1.50323e+06,143.96,53092.80,31254.70,1,0
21857.561081,4575.0759,1,1,0.0397919,-3.224092,-5.729547,8079.43,92.94,100321.10,78463.60,0,2
21872.002292,4572.0551,7,7,0.277444,-3.228046,0.744663,2.60167e+06,57.16,67679.20,45807.10,1,0
21873.241815,4571.7960,8,8,0.316974,-3.228376,-2.086526,175190,43.05,67679.20,45806.00,0,4
21963.713535,4552.9641,4,4,0.155346,-3.248393,-0.889810,264963,42.76,66867.10,44903.40,1,0
21977.802983,4550.0453,3,3,0.116228,-3.250817,-0.089468,54507,54.84,41024.00,19046.10,1,0
22024.837936,4540.3285,30,30,1.1544,-3.257621,0.124212,573436,74.43,39120.40,17095.60,1,0
22043.903026,4536.4017,25,25,0.959874,-3.259829,0.515042,198072,82.77,23442.30,1398.30,1,0
22083.910868,4528.1835,25,25,0.956388,-3.263467,1.092077,1.30984e+06,130.28,39726.00,17642.10,1,0
22120.789134,4520.6344,2,2,0.076343,-3.265666,0.659423,665236,48.44,67965.50,45844.70,1,0
22172.861889,4510.0177,9,9,0.343097,-3.266967,-0.307002,1.03704e+06,83.16,66852.90,44680.00,1,0
22214.454079,4501.5736,300,300,11.4412,-3.266559,0.140781,5.19855e+06,101.60,37919.60,15705.10,1,0
22260.242363,4492.3141,90,90,3.43876,-3.264698,-0.381568,1.0113e+06,98.03,39024.30,16764.00,1,0
22263.003252,4491.7570,7,7,0.267502,-3.264540,-2.282033,112555,71.33,66943.00,44680.00,0,2
22323.343182,4479.6158,7,7,0.268761,-3.259843,-0.488619,74993.6,110.21,39733.00,17409.60,1,0
22332.733189,4477.7323,5,5,0.192152,-3.258904,-1.070174,172328,49.21,61357.00,39024.30,1,0
22369.177490,4470.4371,60,60,2.31542,-3.254752,-5.434711,41796.8,833.66,67049.20,44680.00,0,2
22389.811576,4466.3172,90,90,3.48252,-3.252052,-0.676676,786850,67.59,39485.50,17095.60,1,0
22433.028999,4457.7128,9,9,0.350502,-3.245615,-1.103761,27698.6,96.21,31803.70,9370.70,1,0
22446.223899,4455.0923,7,7,0.273205,-3.243445,0.735776,71324.9,77.71,23844.60,1398.30,1,0
22460.551354,4452.2505,120,120,4.69505,-3.240984,-0.560870,1.22484e+06,79.34,39870.20,17409.60,1,0
22464.911889,4451.3863,180,180,7.048,-3.240213,0.017896,2.52761e+06,79.95,36652.30,14187.40,1,0
22476.059166,4449.1785,150,150,5.88517,-3.238199,0.034567,2.3766e+06,80.47,37919.60,15443.50,1,0
22491.901085,4446.0448,25,25,0.983781,-3.235228,-0.528960,2.45322e+06,56.34,67395.30,44903.40,1,0
22527.702740,4438.9790,9,9,0.356711,-3.228054,1.146612,125791,85.62,22527.70,0.00,1,0
22560.421622,4432.5413,9,9,0.359249,-3.220965,-3.710635,36617.3,436.48,67240.40,44680.00,0,2
22612.429861,4422.3465,120,120,4.84907,-3.208706,0.021234,2.04604e+06,158.63,38701.60,16089.10,1,0
22630.662063,4418.7837,1,1,0.040594,-3.204135,0.991137,114706,39.89,50227.80,27597.10,1,0
22685.233222,4408.1539,3,3,0.123557,-3.189662,-1.405591,138938,486.80,68492.40,45807.10,1,0
22686.398010,4407.9276,5,5,0.205995,-3.189341,-2.534874,74876.7,58.20,68492.40,45806.00,0,2
22696.616744,4405.9430,120,120,4.95795,-3.186500,-0.330543,1.47614e+06,84.77,38785.80,16089.10,1,0
22709.391192,4403.4646,3,3,0.124396,-3.182896,-0.865549,22464.2,78.59,39225.60,16516.10,1,0
22715.367356,4402.3061,4,4,0.166145,-3.181189,-0.511480,417469,37.92,67395.30,44680.00,1,0
22764.697065,4392.7666,30,30,1.26436,-3.166635,1.244985,1.52642e+06,91.76,36652.30,13887.60,1,0
22773.896721,4390.9921,8,8,0.338108,-3.163832,1.382521,2.66724e+06,45.44,58158.10,35384.20,1,0
22775.830850,4390.6192,4,4,0.169154,-3.163239,0.040536,753317,64.75,67679.20,44903.40,1,0
22790.810371,4387.7334,9,9,0.382364,-3.158608,0.339189,3.13413e+06,47.91,71536.40,48745.50,1,0
22800.971855,4385.7780,1,1,0.0426202,-3.155427,2.499110,141335,31.83,33660.00,10859.10,0,4
22825.573996,4381.0508,90,90,3.86596,-3.147600,-1.321797,2.9069e+06,39.25,62558.70,39733.00,1,0
22952.613106,4356.8024,10,10,0.448417,-3.104616,1.312656,4.71835e+06,51.97,62678.70,39726.00,1,0
22994.537176,4348.8590,9,9,0.409673,-3.089620,1.406596,7.757e+06,57.80,68801.70,45807.10,1,0
22999.260255,4347.9659,4,4,0.182389,-3.087909,-1.603002,155480,278.88,67679.20,44680.00,1,0
23010.281230,4345.8834,5,5,0.228902,-3.083900,1.887474,543232,78.70,37197.60,14187.40,0,2
23063.179047,4335.9157,9,9,0.420152,-3.064364,-3.592619,3423.02,486.89,34825.50,11761.70,0,2
23110.093452,4327.1136,4,4,0.190066,-3.046677,-1.737017,15274.2,256.45,40205.70,17095.60,1,0
23124.276820,4324.4596,10,10,0.477741,-3.041271,0.547139,290908,88.79,37011.90,13887.60,1,0
23133.447876,4322.7452,2,2,0.095884,-3.037763,-3.836525,6076.2,402.57,63232.10,40098.70,0,2
23133.918708,4322.6572,3,3,0.143852,-3.037583,0.400179,1.00388e+06,67.94,68978.50,45844.70,1,0
23134.689396,4322.5132,7,7,0.335754,-3.037287,-0.193063,1.59222e+06,42.02,71536.40,48401.60,1,0
23202.088509,4309.9568,9,9,0.443085,-3.011219,1.562067,306754,78.78,26095.20,2893.10,1,0
23211.607594,4308.1893,9,9,0.444734,-3.007503,-3.753907,33087.3,129.30,64235.60,41024.00,0,2
23232.972464,4304.2275,30,30,1.4949,-2.999139,-0.442354,5.70194e+06,54.02,71978.50,48745.50,1,0
23248.353623,4301.3799,1,1,0.0501319,-2.993098,0.737134,29242.6,71.56,34198.60,10950.20,1,0
23262.771049,4298.7140,6,6,0.302503,-2.987422,1.238976,311408,74.66,35024.50,11761.70,1,0
23319.138246,4288.3231,30,30,1.5466,-2.965140,0.604215,1.16357e+06,68.05,39024.30,15705.10,1,0
23332.263538,4285.9108,2,2,0.103644,-2.959936,-0.102373,439502,52.26,69138.30,45806.00,1,0
23333.821596,4285.6246,40,40,2.07417,-2.959318,2.768018,1.04815e+07,76.02,35828.50,12494.60,0,2
23361.969052,4280.4611,5,5,0.262184,-2.948147,-1.909321,113031,626.72,63232.10,39870.20,1,0
23384.838536,4276.2750,180,180,9.52473,-2.939065,-0.363103,3.19383e+06,75.79,41026.90,17642.10,1,0
23428.294121,4268.3432,20,20,1.07671,-2.921818,-2.367779,442117,119.39,68331.70,44903.40,0,2
23525.807196,4250.6512,30,30,1.67846,-2.883322,-0.802358,1.69624e+06,37.24,60166.20,36640.40,1,0
23529.310921,4250.0182,5,5,0.280128,-2.881948,1.187826,276795,32.70,35291.00,11761.70,1,0
23533.748293,4249.2169,8,8,0.448984,-2.880209,-1.286901,970824,70.38,75560.70,52026.90,1,0
23539.189341,4248.2347,30,30,1.68728,-2.878078,0.238486,5.70749e+06,55.96,62240.80,38701.60,1,0
23580.758695,4240.7457,2,2,0.114323,-2.861870,0.034745,48126.9,70.84,39024.30,15443.50,1,0
23623.837353,4233.0126,1,1,0.0581208,-2.845232,0.895742,676258,66.83,69431.00,45807.10,1,0
23635.548828,4230.9151,6,6,0.350294,-2.840741,0.454931,72207.7,81.75,25033.90,1398.30,1,0
23636.867920,4230.6790,30,30,1.75236,-2.840236,0.220332,937773,83.55,39726.00,16089.10,1,0
23637.750216,4230.5211,20,20,1.16863,-2.839898,0.359759,3.194e+06,51.93,58158.10,34520.30,1,0
23643.877947,4229.4246,30,30,1.75706,-2.837556,0.384185,1.108e+06,74.77,39733.00,16089.10,1,0
23651.802695,4228.0075,7,7,0.411222,-2.834532,-0.957260,685444,98.76,68331.70,44680.00,1,0
23661.179844,4226.3319,30,30,1.76868,-2.830964,0.589768,897864,77.18,34520.30,10859.10,1,0
23749.139793,4210.6788,15,15,0.913939,-2.798041,-0.498430,1.26559e+06,45.32,60419.70,36670.60,1,0
23777.562063,4205.6456,25,25,1.53916,-2.787641,0.498431,5.76858e+06,61.08,60419.70,36642.10,1,0
23792.497116,4203.0057,1,1,0.0619004,-2.782228,1.549483,768534,82.24,62240.80,38448.40,0,2
23812.489716,4199.4769,7,7,0.436429,-2.775041,-1.683678,354026,46.25,68492.40,44680.00,1,0
23858.959035,4191.2977,5,5,0.316899,-2.758609,-0.528662,164804,92.54,48745.50,24886.50,1,0
23864.203052,4190.3767,1,1,0.0634959,-2.756780,1.541709,1.29871e+06,87.93,68544.20,44680.00,0,2
23892.833593,4185.3554,180,180,11.5429,-2.746888,-0.739133,1.49936e+07,58.83,62678.70,38785.80,1,0
23898.409392,4184.3789,8,8,0.513996,-2.744981,-1.067870,524784,37.13,63768.70,39870.20,1,0
24031.980588,4161.1219,4,4,0.268466,-2.701325,1.013518,269880,93.41,37919.60,13887.60,1,0
24039.481131,4159.8236,2,2,0.134546,-2.698997,-0.380879,28248.9,98.05,35801.10,11761.70,1,0
24075.148426,4153.6608,8,8,0.544066,-2.688126,0.513050,4.08428e+06,63.42,68978.50,44903.40,1,0
24087.288872,4151.5673,6,6,0.409531,-2.684501,0.852530,2.56203e+06,56.37,62535.60,38448.40,1,0
24110.239964,4147.6153,8,8,0.549737,-2.677756,0.640220,2.78383e+06,59.94,62558.70,38448.40,1,0
24121.693183,4145.6460,120,120,8.27342,-2.674443,-0.824044,1.60474e+07,84.62,68801.70,44680.00,1,0
24187.581877,4134.3529,7,7,0.491549,-2.656104,0.950223,367970,63.32,35137.80,10950.20,1,0
24195.250724,4133.0425,8,8,0.562924,-2.654052,-0.283100,1.30963e+06,40.41,64401.00,40205.70,1,0
24259.977167,4122.0154,30,30,2.14633,-2.637438,0.867893,2.37526e+06,81.94,41024.00,16764.00,1,0
24307.110484,4114.0225,20,20,1.4471,-2.626171,-1.190283,1.96043e+06,139.36,68987.10,44680.00,1,0
24364.921906,4104.2611,5,5,0.366442,-2.613353,1.240020,2.75646e+06,77.73,60166.20,35801.10,1,0
24365.416633,4104.1777,8,8,0.586368,-2.613248,-1.308270,479501,63.53,64235.60,39870.20,1,0
24458.291929,4088.5930,8,8,0.597102,-2.595109,0.445508,4.17769e+06,79.05,69138.30,44680.00,1,0
24487.156948,4083.7734,15,15,1.12518,-2.590110,1.149695,542220,84.46,27380.30,2893.10,1,0
24489.399430,4083.3994,5,5,0.3752,-2.589735,0.504869,1.86812e+06,51.48,64215.50,39726.00,1,0
24498.063431,4081.9553,4,4,0.30059,-2.588303,1.965711,3.94968e+06,84.42,58158.10,33660.00,0,2
24669.188604,4053.6396,6,6,0.461034,-2.566044,-5.000956,227832,40.64,103805.40,79136.20,0,4
24671.372636,4053.2808,2,2,0.15371,-2.565837,-0.716718,206618,45.58,63221.30,38549.90,1,0
24686.439504,4050.8069,8,8,0.615685,-2.564462,-0.364996,1.01113e+06,174.43,61357.00,36670.60,1,0
24809.322585,4030.7429,180,180,13.9582,-2.556892,-0.169718,2.06657e+06,84.51,29263.10,4453.80,1,0
24878.722809,4019.4989,90,90,6.98822,-2.555584,0.098011,2.44942e+06,74.89,36640.40,11761.70,1,0
24894.949293,4016.8790,2,2,0.155292,-2.555597,0.050963,67778.5,114.04,39940.70,15045.80,1,0
24913.503365,4013.8875,10,10,0.776331,-2.555761,0.372905,335916,65.34,35863.70,10950.20,1,0
24986.918538,4002.0941,8,8,0.619671,-2.558008,-0.781718,879750,53.81,64857.20,39870.20,1,0
24991.690093,4001.3300,200,200,15.4881,-2.558243,0.076673,4.64178e+06,83.77,35024.50,10032.90,1,0
25006.280182,3998.9954,4,4,0.309519,-2.559031,0.095903,1.5609e+06,85.16,69686.30,44680.00,1,0
25115.279919,3981.6399,150,150,11.5007,-2.568226,-0.185788,2.70991e+07,56.09,63816.90,38701.60,1,0
25124.102541,3980.2417,20,20,2.56287,-2.054606,-0.751063,3.73129e+06,36.05,64857.20,39733.00,1,0
25132.138102,3978.9691,8,8,1.02833,-2.051504,-1.014766,1.15049e+06,36.50,64865.10,39733.00,1,0
25155.622802,3975.2544,4,4,0.518919,-2.042302,-0.230337,335460,66.03,48401.60,23246.00,1,0
25318.869172,3949.6235,8,8,1.11219,-1.973114,0.973638,1.31088e+06,79.63,41024.00,15705.10,1,0
25340.662228,3946.2268,3,3,0.421217,-1.963220,1.060655,2.54627e+06,197.03,60166.20,34825.50,1,0
25429.659486,3932.4160,15,15,2.1962,-1.921322,0.063734,6.77439e+06,62.58,64215.50,38785.80,1,0
25495.789071,3922.2163,6,6,0.907607,-1.888703,0.851456,4.55234e+06,32.42,60520.30,35024.50,1,0
25598.708057,3906.4471,10,10,1.5952,-1.835589,-1.191926,1.18693e+06,99.68,62240.80,36642.10,1,0
25640.338480,3900.1045,7,7,1.14176,-1.813338,-0.452495,847576,53.71,53092.80,27452.40,1,0
25691.767428,3892.2974,8,8,1.34201,-1.785275,1.167930,2.23502e+07,60.41,71536.40,45844.70,1,0
25732.983484,3886.0632,10,10,1.71642,-1.762343,0.156331,618714,62.32,36683.20,10950.20,1,0
25787.287882,3877.8797,3,3,0.531026,-1.731557,1.868101,9.8307e+06,62.10,64235.60,38448.40,0,2
25795.562881,3876.6357,1,1,0.177851,-1.726810,1.186271,167160,106.30,35828.50,10032.90,1,0
25895.211978,3861.7178,4,4,0.754075,-1.668558,-0.991330,694225,60.16,62535.60,36640.40,1,0
25916.539806,3858.5398,15,15,2.86398,-1.655839,0.414449,1.07654e+07,71.32,62558.70,36642.10,1,0
26000.069604,3846.1435,5,5,1.00422,-1.605231,0.799828,4.6907e+06,33.76,60520.30,34520.30,1,0
26008.111155,3844.9543,2,2,0.403674,-1.600294,-2.291144,102036,63.89,62678.70,36670.60,0,2
26036.587943,3840.7490,2,2,0.410829,-1.582726,0.229509,1.29007e+06,44.61,62678.70,36642.10,1,0
26130.812557,3826.8997,9,9,1.96118,-1.523676,1.042455,1.65009e+07,60.20,64857.20,38726.50,1,0
26152.887514,3823.6696,1,1,0.220988,-1.509648,0.271251,90295.2,87.10,37011.90,10859.10,1,0
26163.578067,3822.1072,7,7,1.5575,-1.502830,0.166076,5.45184e+06,46.99,64865.10,38701.60,1,0
26172.562485,3820.7952,8,8,1.79025,-1.497087,-0.245452,7.3807e+06,44.47,71978.50,45806.00,1,0
26189.409583,3818.3373,60,60,13.5726,-1.486288,-1.631189,8.56955e+06,37.08,65922.40,39733.00,1,0
26211.107930,3815.1764,2,2,0.458784,-1.472323,0.957027,476680,82.34,40098.70,13887.60,1,0
26221.570218,3813.6541,4,4,0.923788,-1.465567,0.942073,5.38533e+06,45.83,61605.70,35384.20,1,0
26247.400066,3809.9012,10,10,2.34846,-1.448826,0.054822,781704,64.37,37197.60,10950.20,1,0
26252.941133,3809.0970,1,1,0.235693,-1.445224,1.831586,4.38857e+06,67.55,64979.60,38726.50,0,2
26261.630635,3807.8367,3,3,0.711091,-1.439567,0.639091,3.1723e+06,60.30,62062.60,35801.10,1,0
26285.901123,3804.3208,4,4,0.963269,-1.423717,-0.293276,6.29294e+06,63.44,78312.90,52026.90,1,0
26332.547017,3797.5818,6,6,1.48989,-1.393058,0.128048,3.75573e+06,40.84,61357.00,35024.50,1,0
26415.333024,3785.6801,4,4,1.04943,-1.338051,-3.491044,104167,715.29,66148.40,39733.00,0,2
26422.387099,3784.6694,9,9,2.37238,-1.333331,-0.292679,5.76607e+06,178.02,66148.40,39726.00,1,0
26529.698797,3769.3605,4,4,1.13353,-1.260954,0.288693,546766,67.22,39024.30,12494.60,1,0
26564.310045,3764.4494,1,1,0.290138,-1.237399,0.287007,1.01707e+06,47.97,63576.30,37011.90,1,0
26569.019261,3763.7821,6,6,1.74643,-1.234187,-5.180513,25109.3,433.13,63221.30,36652.30,0,2
26581.203090,3762.0570,2,2,0.587005,-1.225869,-1.388366,328298,285.29,61605.70,35024.50,1,0
26633.023303,3754.7371,4,4,1.21644,-1.190367,-1.469848,1.39771e+06,70.80,71536.40,44903.40,1,0
26645.843151,3752.9306,2,2,0.613602,-1.181556,-0.088568,630721,33.46,53092.80,26447.00,1,0
26693.503409,3746.2299,2,2,0.634094,-1.148706,-0.002611,1.42469e+06,29.59,61718.00,35024.50,1,0
26730.247934,3741.0802,7,7,2.27646,-1.123287,-0.127033,4.82764e+06,50.58,62558.70,35828.50,1,0
26756.772599,3737.3715,3,3,0.99374,-1.104892,-1.130214,851440,125.21,63768.70,37011.90,1,0
26898.123302,3717.7315,3,3,1.09668,-1.006329,-0.139746,2.99572e+06,68.44,65922.40,39024.30,1,0
26953.478995,3710.0962,9,9,3.42017,-0.967535,1.303891,2.53044e+07,60.97,60419.70,33466.40,1,0
26982.649866,3706.0852,1,1,0.38788,-0.947060,1.798416,7.91014e+06,57.56,66852.90,39870.20,0,2
27009.870100,3702.3503,2,2,0.790737,-0.927937,0.869147,6.30078e+06,58.32,66735.90,39726.00,1,0
27059.467000,3695.5643,4,4,1.6376,-0.893062,0.158642,586576,83.78,37197.60,10138.20,1,0
27059.919667,3695.5025,2,2,0.819061,-0.892743,-2.244242,251209,172.18,64979.60,37919.60,0,2
27075.081256,3693.4331,1,1,0.413923,-0.882075,-1.389807,525281,122.54,71978.50,44903.40,1,0
27085.380438,3692.0286,10,10,4.16934,-0.874827,-0.352401,6.44832e+06,49.83,61605.70,34520.30,1,0
27094.033269,3690.8495,1,1,0.419481,-0.868737,-2.283530,16294.3,410.81,39940.70,12846.70,0,2
27116.360480,3687.8105,9,9,3.83514,-0.853019,-0.068455,9.3752e+06,44.60,63768.70,36652.30,1,0
27138.560776,3684.7938,4,4,1.73136,-0.837388,0.392260,346138,83.99,27138.50,0.00,1,0
27146.337100,3683.7382,3,3,1.30565,-0.831913,-0.262154,2.63705e+06,68.56,63816.90,36670.60,1,0
27150.988388,3683.1072,1,1,0.436644,-0.828638,0.309680,364924,38.42,45844.70,18693.70,1,0
27157.809915,3682.1820,1,1,0.438746,-0.823834,-0.277934,366149,60.64,53092.80,25935.00,1,0
27163.477977,3681.4137,3,3,1.3215,-0.819843,1.584643,1.06981e+07,70.86,58158.10,30994.60,1,0
27174.780681,3679.8825,30,30,13.3206,-0.811884,-1.091103,1.17315e+07,46.48,63816.90,36642.10,1,0
27179.819771,3679.2003,30,30,13.368,-0.808335,0.872691,5.31391e+07,63.41,58174.10,30994.60,1,0
27197.737293,3676.7765,5,5,2.25628,-0.795719,-0.704517,2.46604e+06,41.83,61718.00,34520.30,1,0
27203.441098,3676.0055,1,1,0.453073,-0.791703,-0.834707,540026,107.46,64401.00,37197.60,1,0
27208.707206,3675.2941,4,4,1.81902,-0.787995,0.741117,1.18653e+07,59.69,65935.20,38726.50,1,0
27220.832030,3673.6570,8,8,3.66923,-0.779459,-1.043392,4.01209e+06,69.02,65922.40,38701.60,1,0
27265.561118,3667.6304,1,1,0.473323,-0.747977,0.772619,3.18784e+06,147.12,65967.20,38701.60,1,0
27267.659265,3667.3482,2,2,0.948045,-0.746501,1.277669,8.02991e+06,102.70,62558.70,35291.00,1,0
27298.588666,3663.1930,10,10,4.84448,-0.724745,-1.815182,3.98486e+06,103.23,71978.50,44680.00,1,0
27322.358218,3660.0062,3,3,1.47783,-0.708035,0.019183,229680,72.33,28720.70,1398.30,1,0
27350.512923,3656.2386,4,4,2.00981,-0.688254,-1.725760,1.34802e+06,39.63,68374.50,41024.00,1,0
27357.528336,3655.3010,8,8,4.03947,-0.683328,-1.809885,1.64116e+06,82.49,63221.30,35863.70,1,0
27362.619372,3654.6209,180,180,91.2136,-0.679753,-2.903546,1.57284e+07,229.04,66148.40,38785.80,0,2
27380.319764,3652.2583,1,1,0.513077,-0.667330,-0.342872,49707.8,76.42,27380.30,0.00,1,0
27389.110638,3651.0861,4,4,2.065,-0.661163,-1.026359,2.01827e+06,72.63,64401.00,37011.90,1,0
27431.013147,3645.5088,9,9,4.78474,-0.631793,0.713490,2.41985e+07,69.24,63232.10,35801.10,1,0
27440.788642,3644.2101,1,1,0.535289,-0.624948,1.571783,4.2403e+06,58.40,58174.10,30733.50,1,0
27446.761263,3643.4171,6,6,3.22519,-0.620767,-1.991350,1.38041e+06,222.35,66148.40,38701.60,1,0
27508.802237,3635.2001,9,9,5.05217,-0.577407,-2.046290,1.73742e+06,203.36,64150.90,36642.10,0,2
27544.803004,3630.4489,1,1,0.57562,-0.552308,-3.511657,45905.2,26.05,64215.50,36670.60,0,4
27544.803004,3630.4489,1,1,0.57562,-0.552308,-0.426853,279208,115.70,48401.60,20856.90,1,0
27659.727580,3615.3646,1,1,0.623412,-0.472547,1.832408,7.62469e+06,65.28,60419.70,32760.10,0,2
27665.802299,3614.5708,1,1,0.626035,-0.468348,-2.843917,125392,330.87,67398.80,39733.00,0,2
27683.040156,3612.3200,1,1,0.633533,-0.456444,-1.510299,151246,120.58,53092.80,25409.70,1,0
27715.441135,3608.0970,4,4,2.59136,-0.434110,0.048644,2.53722e+07,61.36,79742.40,52026.90,1,0
27744.278108,3604.3468,7,7,4.6257,-0.414282,-0.143561,1.34831e+06,63.90,38694.50,10950.20,1,0
27760.662105,3602.2196,7,7,4.67801,-0.403037,-0.774385,5.80363e+06,61.15,64401.00,36640.40,1,0
27807.749822,3596.1198,2,2,1.38035,-0.370809,-0.176150,642120,66.63,44903.40,17095.60,1,0
27835.459878,3592.5399,4,4,2.81338,-0.351909,0.186854,1.1374e+06,79.78,38694.50,10859.10,1,0
27836.783211,3592.3691,30,30,21.1194,-0.351007,0.169258,6.10228e+07,63.36,63221.30,35384.20,1,0
27848.051063,3590.9156,8,8,5.67519,-0.343337,1.967643,9.90904e+07,64.29,63232.10,35384.20,0,2
27888.649758,3585.6881,9,9,6.56304,-0.315771,-0.247248,3.86895e+06,46.30,48745.50,20856.90,1,0
27941.230564,3578.9404,7,7,5.28921,-0.280242,0.685108,2.55266e+07,65.63,63232.10,35291.00,1,0
27945.782718,3578.3575,8,8,6.06337,-0.277175,1.261214,4.5635e+07,70.61,61605.70,33660.00,1,0
27950.080907,3577.8072,9,9,6.84106,-0.274281,-0.118116,1.96274e+07,59.36,66735.90,38785.80,1,0
27967.532101,3575.5747,2,2,1.53818,-0.262545,0.907041,9.67024e+06,57.31,63768.70,35801.10,1,0
27967.532101,3575.5747,2,2,1.53818,-0.262545,-0.918758,1.7181e+06,208.07,64979.60,37011.90,1,0
28015.621883,3569.4371,2,2,1.58855,-0.230327,-1.297595,1.31023e+06,53.33,65935.20,37919.60,1,0
28019.712409,3568.9160,1,1,0.796447,-0.227594,-0.484787,4.22276e+06,72.26,78889.10,50869.30,1,0
28035.838553,3566.8632,9,9,7.24555,-0.216837,0.612809,1.13268e+08,73.26,78694.60,50658.70,1,0
28047.162264,3565.4231,30,30,24.3347,-0.209295,0.821065,4.68307e+08,63.76,78694.60,50647.40,1,0
28058.072218,3564.0367,25,25,20.4266,-0.202039,0.791957,9.66468e+07,68.01,61718.00,33660.00,1,0
28084.999372,3560.6196,2,2,1.66358,-0.184173,0.224067,1.70639e+07,67.82,78312.90,50227.80,1,0
28177.151402,3548.9748,3,3,2.65145,-0.123506,-1.131170,2.34606e+06,113.67,64817.50,36640.40,1,0
28192.232107,3547.0764,6,6,5.35542,-0.113651,1.188579,4.35773e+07,69.15,63576.30,35384.20,1,0
28207.711691,3545.1298,4,4,3.6065,-0.103557,1.094249,2.59569e+07,30.91,63232.10,35024.50,1,0
28216.718187,3543.9983,20,20,18.1385,-0.097694,-0.824062,2.18583e+07,36.70,64857.20,36640.40,1,0
28302.363009,3533.2739,2,2,1.9171,-0.042335,1.357021,1.84149e+07,65.88,63593.40,35291.00,1,0
28304.782961,3532.9718,2,2,1.92008,-0.040782,-1.608314,406463,241.55,53092.80,24788.00,1,0
28322.699227,3530.7369,9,9,8.74015,-0.029297,0.884097,6.91466e+07,77.37,67049.20,38726.50,1,0
28339.123026,3528.6907,20,20,19.6276,-0.018798,-4.051405,543956,1167.99,58174.10,29835.10,0,2
28339.123026,3528.6907,20,20,19.6276,-0.018798,-1.341443,1.41777e+07,30.68,64979.60,36640.40,1,0
28379.727725,3523.6420,30,30,30.2119,0.007039,1.394024,2.58045e+08,66.79,61718.00,33338.40,1,0
28384.560465,3523.0420,30,30,30.3046,0.010103,1.643259,3.91965e+08,66.62,63768.70,35384.20,1,0
28434.460256,3516.8594,1,1,1.04247,0.041590,3.583758,9.73173e+07,63.35,64235.60,35801.10,0,2
28461.552588,3513.5118,4,4,4.24129,0.058572,-1.847578,2.41178e+06,86.35,68331.70,39870.20,1,0
28477.567641,3511.5359,20,20,21.4196,0.068573,1.519018,8.45545e+08,63.76,79136.20,50658.70,1,0
28488.847564,3510.1455,3,3,3.23559,0.075599,1.135107,8.69715e+07,71.29,79136.20,50647.40,1,0
28504.369005,3508.2341,2,2,2.17797,0.085244,-1.395578,1.95004e+06,138.39,68374.50,39870.20,1,0
28568.862491,3500.3144,8,8,9.06542,0.125026,-0.835652,9.62892e+06,60.05,63593.40,35024.50,1,0
28596.221829,3496.9655,1,1,1.15229,0.141756,-0.583472,1.39018e+06,68.87,62062.60,33466.40,1,0
28599.497150,3496.5650,4,4,4.61839,0.143752,1.449854,5.14243e+07,61.50,64401.00,35801.10,1,0
28654.972658,3489.7957,4,4,4.77633,0.177378,0.357289,2.32075e+07,93.20,67679.20,39024.30,1,0
28701.018513,3484.1969,4,4,4.91011,0.205003,-0.786936,5.28884e+06,90.85,63221.30,34520.30,1,0
28744.182179,3478.9649,6,6,7.55657,0.230658,-0.180361,1.55814e+07,129.98,63768.70,35024.50,1,0
28767.907348,3476.0957,4,4,5.10874,0.244659,1.379693,4.93857e+07,67.88,63593.40,34825.50,1,0
28774.448028,3475.3056,20,20,25.6422,0.248507,1.716733,3.11166e+08,75.84,62240.80,33466.40,1,0
28870.929541,3463.6917,1,1,1.35609,0.304608,0.881630,3.21916e+07,70.63,80897.90,52026.90,1,0
28873.162259,3463.4239,1,1,1.35784,0.305892,0.771640,2.62966e+07,62.71,79742.40,50869.30,1,0
28943.220192,3455.0406,70,70,98.9214,0.345830,-0.168432,2.05001e+08,66.15,63768.70,34825.50,1,0
28952.640978,3453.9163,30,30,42.621,0.351150,0.051772,1.51002e+08,71.72,67679.20,38726.50,1,0
28982.311153,3450.3805,5,5,7.22293,0.367823,0.342855,3.39297e+06,78.11,39120.40,10138.20,1,0
29016.832588,3446.2755,50,50,73.6328,0.387068,-0.326711,1.36745e+08,62.76,64401.00,35384.20,1,0
29056.177646,3441.6089,150,150,225.751,0.408797,0.347324,8.52395e+08,66.73,64857.20,35801.10,1,0
29092.238625,3437.3429,300,300,460.494,0.428518,-0.398190,6.84164e+08,64.09,62558.70,33466.40,1,0
29144.232278,3431.2106,6,6,9.47239,0.456622,0.540509,5.52004e+07,77.75,67870.80,38726.50,1,0
29151.127585,3430.3990,2,2,3.16916,0.460319,1.472156,3.70977e+07,135.87,64979.60,35828.50,1,0
29171.521878,3428.0008,500,500,800.969,0.471214,-0.773916,6.71628e+08,65.05,60166.20,30994.60,1,0
29177.918331,3427.2493,50,50,80.37,0.474618,-0.230347,1.71278e+08,71.16,64979.60,35801.10,1,0
29179.192625,3427.0996,5,5,8.04245,0.475296,-0.719193,1.23887e+06,77.25,38549.90,9370.70,1,0
29212.402193,3423.2036,300,300,491.101,0.492867,-0.107418,9.81333e+08,65.59,62678.70,33466.40,1,0
29230.777635,3421.0516,150,150,247.932,0.502519,-0.168000,6.98384e+08,65.66,67679.20,38448.40,1,0
29239.608372,3420.0184,8,8,13.2843,0.507139,0.209581,5.85947e+06,80.61,40098.70,10859.10,1,0
29251.849906,3418.5872,2,2,3.34234,0.513524,-2.738478,624350,27.86,65922.40,36670.60,0,4
29262.279014,3417.3688,7,7,11.7618,0.518947,0.480840,7.32784e+06,80.53,41024.00,11761.70,1,0
29268.060466,3416.6938,7,7,11.7971,0.521945,-2.950988,2.31002e+06,85.90,69138.30,39870.20,0,2
29272.878290,3416.1314,300,300,506.854,0.524440,-0.071325,7.26879e+08,66.63,58158.10,28885.10,1,0
29280.240894,3415.2724,2,2,3.39191,0.528246,-0.886800,4.03248e+06,50.82,65922.40,36642.10,1,0
29289.531028,3414.1892,500,500,852.05,0.533037,-0.151850,1.12823e+09,64.91,58174.10,28885.10,1,0
29294.708284,3413.5858,7,7,11.9605,0.535701,0.597334,1.98436e+08,67.21,80164.00,50869.30,1,0
29377.672213,3403.9457,50,50,89.1082,0.577828,-0.437478,5.79075e+08,65.19,81404.50,52026.90,1,0
29410.187690,3400.1823,3,3,5.43391,0.594047,1.163266,4.35896e+07,68.66,64235.60,34825.50,1,0
29415.550604,3399.5624,1,1,1.81613,0.596706,-0.081019,5.67552e+06,52.82,67965.50,38549.90,1,0
29422.478088,3398.7620,35,35,63.7827,0.600134,-0.746185,1.01685e+08,68.59,67870.80,38448.40,1,0
29425.341757,3398.4312,300,300,547.483,0.601548,-0.018943,9.88357e+08,65.66,60419.70,30994.60,1,0
29432.541082,3397.5999,300,300,549.43,0.605100,-0.092683,9.02427e+08,66.44,60166.20,30733.50,1,0
29437.360229,3397.0437,600,600,1101.47,0.607472,-3.520815,4.98914e+07,63.83,58158.10,28720.70,0,2
29453.439586,3395.1892,1000,1000,1850.33,0.615362,-3.416395,9.31057e+07,54.73,58174.10,28720.70,0,2
29480.692129,3392.0506,100,100,187.506,0.628640,0.177821,4.76628e+08,76.90,62240.80,32760.10,1,0
29514.531261,3388.1616,6,6,11.4355,0.644961,0.847522,2.33732e+08,67.27,79742.40,50227.80,1,0
29519.951641,3387.5394,1,1,1.91087,0.647558,-0.937627,2.64769e+06,64.26,68544.20,39024.30,1,0
29561.197678,3382.8129,300,300,584.612,0.667166,-0.655912,6.96968e+08,64.64,63221.30,33660.00,1,0
29564.882841,3382.3912,5,5,9.76049,0.668904,-0.128431,5.28572e+07,92.53,75409.60,45844.70,1,0
29566.291537,3382.2301,150,150,293.009,0.669568,0.008005,7.74408e+08,64.28,64857.20,35291.00,1,0
29575.440935,3381.1837,150,150,294.273,0.673873,-0.043381,7.11798e+08,63.96,64401.00,34825.50,1,0
29584.910808,3380.1015,50,50,98.5276,0.678313,-0.279451,7.1474e+08,66.34,80897.90,51312.80,1,0
29595.061043,3378.9422,5,5,9.8996,0.683057,-0.378569,1.79346e+07,67.70,64979.60,35384.20,1,0
29602.342237,3378.1111,100,100,198.665,0.686449,-0.597433,6.72228e+08,111.86,75409.60,45807.10,1,0
29637.218870,3374.1358,3,3,6.05684,0.702577,-2.659818,1.4681e+06,42.14,68331.70,38694.50,0,4
29648.141627,3372.8927,100,100,202.909,0.707586,0.099468,7.7893e+08,65.81,68374.50,38726.50,1,0
29660.467809,3371.4910,7,7,14.2838,0.713216,0.606147,4.68266e+07,63.40,60166.20,30505.70,1,0
29679.707682,3369.3054,5,5,10.2922,0.721952,-0.703251,1.32631e+07,57.90,64817.50,35137.80,1,0
29686.369194,3368.5494,500,500,1032.33,0.724963,-0.185141,1.56439e+09,66.60,60419.70,30733.50,1,0
29688.412139,3368.3176,200,200,413.312,0.725884,-0.044017,1.04299e+09,63.71,64979.60,35291.00,1,0
29702.050008,3366.7710,50,50,103.964,0.732020,-0.063616,8.92529e+08,68.99,80360.80,50658.70,1,0
29708.008684,3366.0957,5,5,10.4242,0.734691,-0.971080,2.72048e+06,46.79,48401.60,18693.70,1,0
29713.359065,3365.4896,100,100,208.983,0.737084,-0.417433,1.259e+09,64.67,80360.80,50647.40,1,0
29716.130874,3365.1756,6,6,12.5545,0.738322,-1.066676,2.6795e+07,233.81,75560.70,45844.70,1,0
29745.398157,3361.8646,5,5,10.5989,0.751314,-2.527458,2.61142e+06,89.80,66943.00,37197.60,0,2
29749.802656,3361.3668,1,1,2.12391,0.753256,0.148627,800384,79.19,39120.40,9370.70,1,0
29753.592357,3360.9387,3,3,6.38236,0.754925,-2.649594,2.79404e+06,906.57,75560.70,45807.10,0,2
29758.542794,3360.3796,500,500,1066.04,0.757102,-0.616584,8.71776e+08,65.18,58158.10,28399.40,1,0
29765.908757,3359.5480,5,5,10.6949,0.760332,-1.718927,6.70002e+06,560.21,68492.40,38726.50,1,0
29770.339786,3359.0480,30,30,64.2942,0.762271,0.576823,7.11702e+08,65.59,75614.80,45844.70,1,0
29774.950071,3358.5279,500,500,1073.73,0.764285,-0.398531,1.09283e+09,65.93,58174.10,28399.40,1,0
29793.031988,3356.4895,7,7,15.1509,0.772149,-0.780413,1.80056e+07,103.55,64817.50,35024.50,1,0
29798.459616,3355.8782,250,250,542.376,0.774498,-0.231537,9.29384e+08,65.72,62558.70,32760.10,1,0
29807.770164,3354.8299,50,50,108.912,0.778517,-0.379370,4.62791e+08,67.58,75614.80,45807.10,1,0
29832.639950,3352.0332,50,50,110.079,0.789179,-3.756728,6.68183e+06,76.33,64857.20,35024.50,0,2
29837.288633,3351.5110,3,3,6.61786,0.791160,-1.294834,623825,69.88,39870.20,10032.90,1,0
29880.780050,3346.6328,7,7,15.7277,0.809515,-2.891749,2.18164e+06,138.04,64401.00,34520.30,0,2
29882.832411,3346.4030,70,70,157.412,0.810373,-1.127265,1.15872e+08,66.86,63221.30,33338.40,1,0
29883.332526,3346.3470,70,70,157.445,0.810582,-0.194012,4.45588e+08,74.03,68331.70,38448.40,1,0
29911.791938,3343.1631,30,30,68.2789,0.822403,0.153506,2.13764e+08,67.48,65295.90,35384.20,1,0
29914.011730,3342.9150,30,30,68.3415,0.823320,-0.129066,1.08704e+08,51.14,60419.70,30505.70,1,0
29916.448846,3342.6427,70,70,159.624,0.824324,0.106661,4.14871e+08,66.76,63576.30,33660.00,1,0
29918.669021,3342.3947,500,500,1141.21,0.825239,-0.137199,2.16124e+09,65.32,62678.70,32760.10,1,0
29926.299227,3341.5425,90,90,206.064,0.828375,-0.110580,6.35216e+08,65.04,68374.50,38448.40,1,0
29936.261856,3340.4304,7,7,16.0927,0.832455,1.394217,5.7966e+08,66.12,80164.00,50227.80,0,2
29951.197779,3338.7646,3,3,6.93895,0.838539,-1.094189,7.67319e+06,66.61,67870.80,37919.60,1,0
29953.231666,3338.5379,3,3,6.94468,0.839364,-0.913466,1.06557e+07,76.77,69686.30,39733.00,1,0
29960.478326,3337.7304,3,3,6.9651,0.842299,-0.652765,1.26578e+06,85.83,40098.70,10138.20,1,0
29992.051107,3334.2168,60,60,141.08,0.854980,-0.939758,1.42017e+08,82.48,64817.50,34825.50,1,0
30004.969454,3332.7813,6,6,14.1806,0.860118,0.935362,9.67272e+07,74.16,65295.90,35291.00,1,0
30031.800932,3329.8036,7,7,16.72,0.870695,1.072796,1.26175e+08,70.83,64857.20,34825.50,1,0
30040.737533,3328.8131,2,2,4.79386,0.874189,-0.825267,6.28146e+06,30.43,66681.10,36640.40,1,0
30044.049288,3328.4461,20,20,48.0006,0.875481,-3.625142,4.4284e+06,2158.56,68492.40,38448.40,0,2
30067.578889,3325.8414,1,1,2.42202,0.884600,0.575061,1.51028e+06,89.30,40205.70,10138.20,1,0
30091.850331,3323.1589,6,6,14.6679,0.893904,1.348337,5.55041e+08,67.24,81404.50,51312.80,1,0
30108.261473,3321.3475,3,3,7.3798,0.900135,0.604945,3.78845e+07,64.37,65909.40,35801.10,1,0
30108.770255,3321.2914,4,4,9.84163,0.900327,1.229567,7.9347e+07,63.30,63768.70,33660.00,1,0
30134.009368,3318.5096,8,8,19.8709,0.909813,0.793884,1.23374e+08,72.19,65935.20,35801.10,1,0
30164.930808,3315.1079,1,1,2.5125,0.921279,0.144133,1.08439e+06,81.21,41024.00,10859.10,1,0
30200.569827,3311.1958,4,4,10.1815,0.934281,-0.854027,1.30746e+07,76.25,66852.90,36652.30,1,0
30238.092069,3307.0870,100,100,257.982,0.947720,-0.071164,5.55307e+08,65.01,63576.30,33338.40,1,0
30251.599432,3305.6103,1,1,2.59217,0.952495,1.076755,2.72117e+07,53.69,68978.50,38726.50,1,0
30260.050209,3304.6872,1,1,2.59988,0.955466,0.365235,1.34034e+07,530.21,68987.10,38726.50,1,0
30271.439648,3303.4438,30,30,78.3077,0.959449,-0.693030,1.039e+08,48.27,65295.90,35024.50,1,0
30297.271433,3300.6273,5,5,13.1686,0.968395,-1.002653,1.23226e+07,40.63,64817.50,34520.30,1,0
30330.198272,3297.0441,90,90,239.71,0.979620,-0.195477,1.8584e+09,65.46,80988.80,50658.70,1,0
30341.461995,3295.8201,5,5,13.3678,0.983414,1.631862,6.44104e+08,68.62,80988.80,50647.40,1,0
30350.552751,3294.8329,4,4,10.7269,0.986460,1.278817,9.04787e+07,65.04,63816.90,33466.40,1,0
30353.319735,3294.5326,5,5,13.421,0.987383,1.075175,1.38206e+08,70.25,68801.70,38448.40,1,0
30362.548439,3293.5312,90,90,242.321,0.990455,-0.464490,2.92922e+08,66.97,61357.00,30994.60,1,0
30408.788872,3288.5229,3,3,8.20068,1.005605,-3.605676,678193,421.32,67049.20,36640.40,0,2
30411.840259,3288.1930,2,2,5.47251,1.006591,1.450030,8.40847e+07,60.34,69138.30,38726.50,1,0
30454.967665,3283.5366,2,2,5.54827,1.020339,0.202024,2.29738e+07,83.00,68374.50,37919.60,1,0
30470.511742,3281.8615,90,90,250.891,1.025209,-0.415119,4.36662e+08,73.39,65295.90,34825.50,1,0
30525.219004,3275.9798,2,2,5.6697,1.041989,1.330283,5.92946e+07,68.75,65909.40,35384.20,1,0
30611.101561,3266.7887,3,3,8.72165,1.067196,0.851800,3.97935e+07,65.60,61605.70,30994.60,1,0
30623.547692,3265.4610,20,20,58.3504,1.070734,0.710114,2.26365e+08,69.67,61357.00,30733.50,1,0
30624.569020,3265.3521,2,2,5.83673,1.071023,-0.049204,1.89534e+07,42.95,68544.20,37919.60,1,0
30631.472205,3264.6162,6,6,17.5443,1.072971,1.465612,2.09562e+08,61.48,65922.40,35291.00,1,0
30644.198113,3263.2605,6,6,17.607,1.076538,1.334647,1.84609e+08,71.51,65935.20,35291.00,1,0
30661.969474,3261.3691,1,1,2.94901,1.081468,0.729528,2.28556e+07,76.31,69686.30,39024.30,1,0
30684.581784,3258.9657,2,2,5.93461,1.087655,0.959903,3.69781e+07,101.41,64150.90,33466.40,1,0
30689.961000,3258.3945,5,5,14.8582,1.089112,1.239981,1.83366e+08,64.43,69138.30,38448.40,1,0
30704.430072,3256.8590,4,4,11.9329,1.093004,1.066356,1.26699e+08,67.13,69431.00,38726.50,1,0
30775.640324,3249.3231,50,50,151.957,1.111578,-2.102833,4.84272e+07,31.10,65295.90,34520.30,0,4
30793.801649,3247.4068,4,4,12.2124,1.116159,-0.333379,1.28274e+07,72.07,58174.10,27380.30,1,0
30879.978742,3238.3442,3,3,9.3525,1.137031,-0.455699,1.72519e+07,62.05,66681.10,35801.10,1,0
30959.671907,3230.0084,20,20,63.4839,1.155054,0.015233,2.38544e+08,70.59,69686.30,38726.50,1,0
30982.558236,3227.6224,1,1,3.18994,1.160002,0.996173,3.12906e+07,80.16,69431.00,38448.40,1,0
31015.821815,3224.1609,2,2,6.42475,1.167011,-1.761540,548960,100.62,44903.40,13887.60,1,0
31019.509613,3223.7776,20,20,64.2966,1.167775,-2.756761,5.93374e+06,47.83,58158.10,27138.50,0,4
31056.780876,3219.9087,3,3,9.71778,1.175345,1.345691,8.5643e+07,69.88,63816.90,32760.10,1,0
31156.628509,3209.5899,4,4,13.2048,1.194283,-0.536801,1.34134e+07,73.15,60419.70,29263.10,1,0
31157.559626,3209.4940,4,4,13.207,1.194451,0.597191,5.95128e+07,69.17,64817.50,33660.00,1,0
31177.370694,3207.4546,2,2,6.62678,1.197972,0.513488,1.05028e+08,65.67,81404.50,50227.80,1,0
31237.809067,3201.2488,4,4,13.3903,1.208235,-0.358594,3.43131e+07,132.39,69686.30,38448.40,1,0
31246.281314,3200.3808,4,4,13.4088,1.209617,1.264247,9.53068e+07,73.12,62240.80,30994.60,1,0
31248.010616,3200.2037,5,5,16.7657,1.209897,-1.626640,9.76304e+06,997.29,67049.20,35801.10,1,0
31280.969992,3196.8318,7,7,23.595,1.215123,-5.481236,201792,112.05,62535.60,31254.70,0,2
31319.530577,3192.8959,1,1,3.39046,1.220965,1.388455,3.39742e+07,56.29,64979.60,33660.00,1,0
31391.379589,3185.5879,7,7,23.9741,1.231063,1.712801,3.28252e+08,66.79,64857.20,33466.40,0,2
31391.652627,3185.5602,5,5,17.125,1.231099,1.085434,1.18254e+08,86.07,64150.90,32760.10,1,0
31398.871040,3184.8279,6,6,20.5696,1.232057,-0.408242,3.37834e+07,59.26,64865.10,33466.40,1,0
31418.558908,3182.8322,2,2,6.87411,1.234615,-0.634713,3.10184e+07,88.53,80164.00,48745.50,1,0
31445.538144,3180.1014,9,9,31.0383,1.237996,-1.527297,1.13664e+07,54.23,60166.20,28720.70,1,0
31455.370391,3179.1074,7,7,24.1698,1.239192,0.334025,7.89774e+07,62.84,64215.50,32760.10,1,0
31468.758526,3177.7548,5,5,17.2917,1.240789,1.246422,1.74102e+08,68.11,66852.90,35384.20,1,0
31507.278217,3173.8698,30,30,104.207,1.245186,0.233457,2.62031e+08,61.47,62240.80,30733.50,1,0
31535.171758,3171.0625,10,10,34.8401,1.248185,0.582892,1.07134e+08,62.11,60419.70,28885.10,1,0
31558.079290,3168.7607,4,4,13.9688,1.250532,0.664358,7.89336e+07,66.40,66943.00,35384.20,1,0
31564.078310,3168.1584,6,6,20.9657,1.251129,0.536218,7.30867e+07,68.22,62558.70,30994.60,1,0
31597.677949,3164.7895,3,3,10.5166,1.254340,1.194381,1.04627e+08,54.96,67398.80,35801.10,1,0
31623.101191,3162.2452,7,7,24.5947,1.256620,-0.603076,1.37397e+08,61.05,82492.40,50869.30,1,0
31635.250180,3161.0308,20,20,70.3439,1.257663,0.959313,3.1674e+08,69.48,60520.30,28885.10,1,0
31636.660945,3160.8898,10,10,35.1761,1.257783,0.407017,1.3417e+08,68.20,65295.90,33660.00,1,0
31691.308871,3155.4393,8,8,28.2625,1.262096,-2.844721,5.32495e+06,86.42,68331.70,36640.40,0,2
31699.022427,3154.6714,9,9,31.8132,1.262656,-4.720117,484316,456.98,60419.70,28720.70,0,2
31758.232010,3148.7899,9,9,31.9376,1.266560,-2.869233,5.28181e+06,1009.44,67049.20,35291.00,0,2
31766.660050,3147.9545,20,20,71.0079,1.267059,-3.321729,9.24301e+06,55.17,69686.30,37919.60,0,2
31799.630093,3144.6907,20,20,71.1367,1.268871,-1.894782,1.8357e+07,96.17,60520.30,28720.70,1,0
31802.089137,3144.4475,7,7,24.901,1.268998,1.338615,1.91844e+08,64.69,62535.60,30733.50,1,0
31828.401090,3141.8481,6,6,21.371,1.270274,-0.331931,4.38919e+07,35.40,66852.90,35024.50,1,0
31852.039915,3139.5163,6,6,21.393,1.271302,-3.814914,1.53984e+06,382.31,68492.40,36640.40,0,2
31855.908382,3139.1351,10,10,35.6605,1.271460,-1.649560,1.93242e+07,55.53,66681.10,34825.50,1,0
31877.702305,3136.9890,10,10,35.6902,1.272291,0.043860,1.13938e+08,66.31,67679.20,35801.10,1,0
31903.788837,3134.4240,5,5,17.8606,1.273160,-1.103209,1.94041e+07,74.59,68544.20,36640.40,1,0
31945.147949,3130.3658,9,9,32.1844,1.274256,-0.300831,4.84677e+07,69.86,62678.70,30733.50,1,0
32010.882126,3123.9377,10,10,35.7973,1.275288,0.297679,1.43357e+08,60.17,67395.30,35384.20,1,0
32014.840572,3123.5514,7,7,25.059,1.275322,0.259897,2.24612e+08,72.32,77822.00,45807.10,1,0
32024.708398,3122.5889,9,9,32.221,1.275394,-4.942578,664580,319.04,67049.20,35024.50,0,2
32027.321372,3122.3342,7,7,25.0612,1.275409,-0.011046,7.05039e+07,103.69,66852.90,34825.50,1,0
32052.951194,3119.8375,8,8,28.6437,1.275490,-0.752469,2.71027e+07,34.43,62558.70,30505.70,1,0
32069.609532,3118.2169,7,7,25.0627,1.275472,0.275151,1.01795e+08,59.35,67870.80,35801.10,1,0
32105.408645,3114.7400,8,8,28.6365,1.275242,0.301567,9.35411e+07,70.40,64865.10,32760.10,1,0
32108.312391,3114.4583,4,4,14.3178,1.275212,-2.334168,5.95898e+06,83.14,71978.50,39870.20,0,2
32156.552316,3109.7861,7,7,25.0375,1.274465,-2.169852,2.99754e+07,70.01,83025.90,50869.30,0,2
32161.250589,3109.3318,8,8,28.6115,1.274367,-1.274879,2.65179e+07,150.87,68801.70,36640.40,1,0
32237.589677,3101.9689,7,7,24.9796,1.272150,0.979504,1.40257e+08,70.53,63232.10,30994.60,1,0
32264.588822,3099.3731,3,3,10.6941,1.271084,-0.104486,9.6404e+07,70.56,82492.40,50227.80,1,0
32275.231335,3098.3511,9,9,32.0677,1.270623,0.602901,1.53575e+08,62.39,65935.20,33660.00,1,0
32294.918487,3096.4624,5,5,17.7991,1.269711,-1.184138,2.15274e+07,82.27,71021.10,38726.50,1,0
32326.277735,3093.4585,5,5,17.7704,1.268095,-2.071383,7.49496e+06,62.00,68978.50,36652.30,1,0
32332.589907,3092.8546,7,7,24.8698,1.267746,-5.165347,400204,576.43,66852.90,34520.30,0,2
32334.701038,3092.6527,3,3,10.6572,1.267627,-1.688717,6.59316e+06,66.27,68987.10,36652.30,1,0
32338.131311,3092.3246,6,6,21.3103,1.267433,-4.177046,1.09402e+06,774.31,68978.50,36640.40,0,2
32346.670239,3091.5083,6,6,21.2998,1.266938,-1.863550,1.10595e+07,79.16,68987.10,36640.40,1,0
32370.831381,3089.2009,9,9,31.9024,1.265458,-1.123286,3.05086e+07,32.35,67395.30,35024.50,1,0
32374.291005,3088.8707,3,3,10.6318,1.265236,-0.890351,1.28364e+07,81.16,67398.80,35024.50,1,0
32382.670312,3088.0715,1,1,3.54199,1.264690,-0.821811,1.81322e+07,141.49,84409.90,52026.90,1,0
32414.850666,3085.0057,8,8,28.2728,1.262458,-4.163413,1.27533e+06,708.56,67240.40,34825.50,0,2
32422.778943,3084.2514,9,9,31.7884,1.261876,-2.757507,5.70881e+06,82.68,66943.00,34520.30,0,2
32455.967873,3081.0975,150,150,528.444,1.259302,0.424584,2.10346e+09,65.26,65922.40,33466.40,1,0
32468.232215,3079.9336,9,9,31.6747,1.258294,0.859108,5.30346e+08,64.79,78312.90,45844.70,1,0
32471.968988,3079.5792,70,70,246.282,1.257981,0.102770,4.90884e+08,61.26,61357.00,28885.10,1,0
32497.860053,3077.1257,8,8,28.0833,1.255735,-2.485618,7.88743e+06,128.69,69138.30,36640.40,0,2
32500.711217,3076.8557,7,7,24.5666,1.255479,2.755807,1.00854e+09,618.10,65967.20,33466.40,0,2
32530.388467,3074.0487,9,9,31.4987,1.252721,-2.821795,5.91563e+06,560.20,68331.70,35801.10,0,2
32561.718343,3071.0910,4,4,13.956,1.249615,-4.672057,212610,246.96,60166.20,27604.30,0,2
32568.059855,3070.4930,4,4,13.9469,1.248962,-0.172771,4.81627e+07,104.31,71592.30,39024.30,1,0
32571.138457,3070.2028,8,8,27.8849,1.248643,-0.918970,2.88279e+07,82.20,65909.40,33338.40,1,0
32572.760166,3070.0499,9,9,31.3652,1.248473,-6.806011,136072,453.56,71021.10,38448.40,0,2
32580.988647,3069.2746,9,9,31.338,1.247607,2.364209,1.01974e+09,63.87,67965.50,35384.20,0,2
32598.760236,3067.6013,150,150,521.299,1.245688,0.058205,1.18622e+09,63.52,63593.40,30994.60,1,0
32636.348604,3064.0683,9,9,31.1447,1.241419,-0.106928,5.00803e+07,47.62,61357.00,28720.70,1,0
32656.611314,3062.1671,9,9,31.0694,1.239000,2.112953,1.83443e+09,64.76,78463.60,45807.10,0,2
32681.978971,3059.7902,150,150,516.197,1.235854,-0.119215,1.20645e+09,146.62,66148.40,33466.40,1,0
32697.168376,3058.3688,7,7,24.0424,1.233908,0.166514,9.05917e+07,75.65,68525.60,35828.50,1,0
32712.142138,3056.9689,7,7,23.9952,1.231945,0.279215,1.3116e+08,69.46,71736.50,39024.30,1,0
32720.508219,3056.1872,70,70,239.684,1.230828,0.458689,6.90534e+08,67.23,61605.70,28885.10,1,0
32723.538650,3055.9042,5,5,17.1133,1.230420,-0.463567,2.11736e+07,45.05,62558.70,29835.10,1,0
32766.402306,3051.9066,2,2,6.80459,1.224450,-0.333355,1.66696e+07,82.23,69408.50,36642.10,1,0
32774.098114,3051.1900,120,120,407.822,1.223339,0.076536,9.53544e+08,70.20,63768.70,30994.60,1,0
32798.102359,3048.9569,8,8,27.092,1.219797,-0.289003,2.08583e+08,67.83,83025.90,50227.80,1,0
32809.807785,3047.8691,70,70,236.636,1.218028,0.485350,1.55939e+09,65.85,71536.40,38726.50,1,0
32822.419461,3046.6980,100,100,337.397,1.216091,0.431914,1.12825e+09,65.85,63816.90,30994.60,1,0
32846.291767,3044.4837,9,9,30.252,1.212336,1.034459,2.56344e+08,65.99,67870.80,35024.50,1,0
32859.768673,3043.2351,100,100,335.404,1.210166,0.092435,7.83517e+08,64.56,63593.40,30733.50,1,0
32865.911693,3042.6662,60,60,201.041,1.209165,0.371135,1.18517e+09,65.61,71592.30,38726.50,1,0
32875.021978,3041.8231,60,60,200.74,1.207666,-3.970750,1.09618e+07,48.41,67395.30,34520.30,0,4
32884.981687,3040.9018,70,70,233.809,1.206008,-2.128906,5.04024e+07,60.43,61605.70,28720.70,0,2
32888.629709,3040.5645,7,7,23.3666,1.205396,-1.709456,3.05318e+07,50.60,78694.60,45806.00,1,0
32918.591706,3037.7970,8,8,26.568,1.200266,-0.923158,7.09488e+07,47.88,77822.00,44903.40,1,0
32947.148542,3035.1640,10,10,33.0425,1.195209,-4.374827,1.28675e+06,158.40,68238.10,35291.00,0,2
32947.518162,3035.1300,90,90,297.362,1.195142,-6.598207,1.26296e+06,1409.48,68331.70,35384.20,0,2
32948.632027,3035.0274,9,9,29.7303,1.194941,1.692068,1.73159e+09,70.69,83607.30,50658.70,0,2
32957.701854,3034.1921,100,100,329.794,1.193298,0.307961,7.95161e+08,63.30,61357.00,28399.40,1,0
32959.988080,3033.9817,9,9,29.6691,1.192882,1.613389,1.59673e+09,66.06,83607.30,50647.40,0,2
32973.217907,3032.7644,9,9,29.597,1.190449,-0.159323,8.16392e+07,66.03,68801.70,35828.50,1,0
32985.889876,3031.5993,2,2,6.56159,1.188086,3.185095,4.1968e+08,70.02,66324.80,33338.40,0,2
33000.490384,3030.2580,100,100,327.175,1.185324,0.451829,1.66146e+09,76.77,68801.70,35801.10,1,0
33015.738743,3028.8585,2,2,6.52434,1.182393,-1.681871,4.21188e+06,53.78,69686.30,36670.60,1,0
33021.148208,3028.3623,20,20,65.1749,1.181342,1.412417,7.28094e+08,63.89,66681.10,33660.00,0,2
33034.871090,3027.1043,3,3,9.74995,1.178650,-1.994370,5.43263e+06,83.35,71736.50,38701.60,1,0
33039.448505,3026.6849,7,7,22.7293,1.177743,-1.097360,1.24298e+07,46.48,60419.70,27380.30,1,0
33040.758644,3026.5649,2,2,6.49239,1.177483,-0.354345,1.41565e+07,160.32,68331.70,35291.00,1,0
33045.368066,3026.1427,70,70,227.025,1.176565,0.831933,1.56158e+09,63.84,67870.80,34825.50,1,0
33056.149987,3025.1557,30,30,97.086,1.174400,1.179992,3.40388e+09,66.56,83703.40,50647.40,0,2
33081.998784,3022.7920,5,5,16.0957,1.169116,-0.029376,1.13974e+08,64.81,78889.10,45807.10,1,0
33083.529984,3022.6521,70,70,225.269,1.168799,-0.437313,4.53066e+08,65.07,68374.50,35291.00,1,0
33087.690319,3022.2720,5,5,16.0767,1.167935,-0.018666,3.33754e+07,73.26,63593.40,30505.70,1,0
33108.248615,3020.3953,20,20,64.0296,1.163613,1.587203,9.83776e+08,64.58,68492.40,35384.20,0,2
33117.187851,3019.5801,20,20,63.9077,1.161707,1.052396,2.08788e+09,71.50,84431.00,51312.80,1,0
33143.998288,3017.1375,90,90,285.918,1.155897,0.378282,1.68338e+09,65.51,71592.30,38448.40,1,0
33156.361048,3016.0125,100,100,316.822,1.153169,0.199007,8.53625e+08,82.13,64150.90,30994.60,1,0
33162.180144,3015.4833,90,90,284.77,1.151874,0.517877,1.21786e+09,66.46,65922.40,32760.10,1,0
33177.001809,3014.1361,40,40,126.144,1.148546,0.463234,6.53766e+08,68.81,68978.50,35801.10,1,0
33177.531124,3014.0880,20,20,63.0645,1.148426,1.317507,4.38876e+08,71.50,62062.60,28885.10,1,0
33185.848778,3013.3326,10,10,31.4728,1.146538,-0.614563,5.55391e+07,1015.13,68987.10,35801.10,1,0
33192.889030,3012.6935,4,4,12.5689,1.144930,3.332307,9.66016e+08,70.15,66852.90,33660.00,0,2
33198.771717,3012.1596,20,20,62.7595,1.143578,0.027281,6.76524e+08,69.91,83426.60,50227.80,1,0
33206.160790,3011.4894,150,150,469.893,1.141870,0.422550,1.28662e+09,65.84,61605.70,28399.40,1,0
33207.650345,3011.3543,10,10,31.3154,1.141525,0.580938,1.53764e+08,66.68,66867.10,33660.00,1,0
33234.551447,3008.9168,150,150,466.773,1.135207,0.569440,2.58895e+09,63.51,68525.60,35291.00,1,0
33241.008453,3008.3323,40,40,124.281,1.133670,0.457842,4.3565e+08,83.58,64235.60,30994.60,1,0
33251.919488,3007.3452,60,60,185.935,1.131052,0.759743,1.64863e+09,68.00,71978.50,38726.50,1,0
33269.311679,3005.7730,20,20,61.7172,1.126831,1.465185,7.24605e+08,82.67,66735.90,33466.40,0,2
33279.227954,3004.8774,10,10,30.7836,1.124397,0.877551,9.01944e+08,67.68,85306.10,52026.90,1,0
33283.028012,3004.5343,9,9,27.6793,1.123459,-2.258177,7.97838e+06,1420.03,66943.00,33660.00,0,2
33288.079543,3004.0784,150,150,460.744,1.122208,0.678385,3.68905e+09,65.39,71736.50,38448.40,1,0
33295.571465,3003.4024,9,9,27.5931,1.120343,-0.244669,4.1764e+07,80.88,62558.70,29263.10,1,0
33300.241017,3002.9813,2,2,6.12465,1.119175,-1.736590,4.47345e+06,86.59,71994.80,38694.50,1,0
33307.209728,3002.3530,20,20,61.1394,1.117424,-1.700551,3.44139e+07,103.05,68331.70,35024.50,1,0
33309.792272,3002.1202,4,4,12.2199,1.116772,-2.538609,3.17559e+06,626.13,69138.30,35828.50,0,2
33311.170583,3001.9960,6,6,18.3235,1.116424,0.608428,7.20294e+07,34.60,63816.90,30505.70,1,0
33318.509744,3001.3347,150,150,457.235,1.114563,0.456821,1.30303e+09,65.93,61718.00,28399.40,1,0
33337.051034,2999.6654,70,70,212.366,1.109815,0.239976,8.87581e+08,70.78,69138.30,35801.10,1,0
33341.910388,2999.2283,9,9,27.2699,1.108559,-0.276727,3.83466e+07,59.89,62062.60,28720.70,1,0
33350.061577,2998.4952,7,7,21.1651,1.106442,-2.624693,4.73837e+06,550.04,68374.50,35024.50,0,2
33355.681170,2997.9900,150,150,452.872,1.104975,0.826874,1.9471e+09,63.59,62240.80,28885.10,1,0
33370.031694,2996.7008,3,3,9.02332,1.101200,-3.527952,357982,41.63,58158.10,24788.00,0,4
33381.757981,2995.6481,7,7,20.9889,1.098084,-0.781094,1.57137e+07,47.62,60520.30,27138.50,1,0
33388.152056,2995.0744,20,20,59.8659,1.096374,-0.826136,6.75422e+07,850.58,66148.40,32760.10,1,0
33415.561172,2992.6177,8,8,23.7692,1.088951,-0.900772,1.87814e+07,76.19,62678.70,29263.10,1,0
33417.349882,2992.4575,20,20,59.394,1.088461,0.662523,2.52401e+08,82.05,64150.90,30733.50,1,0
33445.188283,2989.9667,20,20,58.9383,1.080760,-1.724871,3.1303e+07,92.86,67965.50,34520.30,1,0
33467.949120,2987.9333,9,9,26.3528,1.074348,-0.118219,7.27768e+07,214.42,68492.40,35024.50,1,0
33481.890610,2986.6892,500,500,1458.23,1.070371,0.278407,4.23434e+09,65.17,64215.50,30733.50,1,0
33501.998862,2984.8965,9,9,26.0962,1.064566,1.428962,2.39697e+08,76.34,64235.60,30733.50,0,2
33506.108619,2984.5304,40,40,115.844,1.063369,-2.805756,2.14643e+07,1210.18,68331.70,34825.50,0,2
33510.631296,2984.1276,9,9,26.0306,1.062049,1.482631,3.64926e+08,79.59,68801.70,35291.00,0,2
33520.080910,2983.2864,150,150,432.643,1.059277,-2.220086,8.79284e+07,89.66,62240.80,28720.70,0,2
33522.107861,2983.1060,9,9,25.9431,1.058680,1.363410,7.58646e+08,68.52,79366.70,45844.70,0,2
33528.649196,2982.5240,100,100,287.7,1.056749,0.074059,8.42784e+08,69.32,66867.10,33338.40,1,0
33530.078362,2982.3968,9,9,25.8821,1.056325,1.637639,5.47532e+08,67.94,71978.50,38448.40,0,2
33540.697954,2981.4526,5,5,14.3336,1.053168,0.177750,1.9249e+08,218.52,84409.90,50869.30,1,0
33541.211320,2981.4069,500,500,1433.14,1.053015,0.358104,5.32576e+09,65.68,66301.30,32760.10,1,0
33549.562091,2980.6648,8,8,22.873,1.050516,0.345902,9.928e+07,101.97,68374.50,34825.50,1,0
33559.562335,2979.7766,9,9,25.6548,1.047505,1.310945,7.11072e+08,69.77,79366.70,45807.10,0,2
33580.361125,2977.9310,150,150,424.884,1.041180,-0.154377,1.01926e+09,95.10,67240.40,33660.00,1,0
33582.640489,2977.7289,150,150,424.587,1.040482,-1.933056,1.69341e+08,178.64,67049.20,33466.40,1,0
33588.429617,2977.2157,40,40,113.022,1.038703,-0.299862,6.26593e+08,78.46,79395.60,45807.10,1,0
33594.182320,2976.7059,20,20,56.4109,1.036930,1.200956,6.03786e+08,69.37,68978.50,35384.20,1,0
33602.550940,2975.9645,8,8,22.5059,1.034338,-4.036615,1.32728e+06,496.39,69431.00,35828.50,0,2
33604.630169,2975.7804,9,9,25.3028,1.033691,-2.521522,5.55116e+06,1410.22,66943.00,33338.40,0,2
33616.768312,2974.7059,9,9,25.2071,1.029902,-0.519034,5.9381e+07,56.84,71536.40,37919.60,1,0
33629.488949,2973.5807,8,8,22.3168,1.025900,-0.697768,3.7067e+07,79.74,69431.00,35801.10,1,0
33645.139872,2972.1975,8,8,22.2063,1.020933,-0.482419,2.98285e+07,58.93,64150.90,30505.70,1,0
33650.981433,2971.6815,7,7,19.3942,1.019066,1.244856,1.28573e+08,94.14,62535.60,28885.10,1,0
33663.289372,2970.5950,40,40,110.387,1.015112,1.297600,7.42193e+08,75.46,62062.60,28399.40,1,0
33666.870351,2970.2791,80,80,220.519,1.013955,0.481329,1.1026e+09,58.91,68492.40,34825.50,1,0
33673.438441,2969.6997,150,150,412.594,1.011828,0.563058,1.38488e+09,76.41,62558.70,28885.10,1,0
33709.658149,2966.5089,9,9,24.4632,0.999945,1.085766,1.58183e+08,85.56,64215.50,30505.70,1,0
33718.691890,2965.7141,90,90,243.898,0.996941,-0.056916,7.13801e+08,91.06,68544.20,34825.50,1,0
33724.779838,2965.1787,8,8,21.6358,0.994908,-1.281432,1.39448e+07,98.54,64979.60,31254.70,1,0
33735.281457,2964.2557,20,20,53.8992,0.991383,0.563135,2.67087e+08,90.45,67395.30,33660.00,1,0
33739.359625,2963.8974,2,2,5.38252,0.990009,-0.876633,8.04721e+06,56.24,70381.50,36642.10,1,0
33758.179891,2962.2450,9,9,24.0671,0.983623,0.151399,5.80494e+07,35.49,63593.40,29835.10,1,0
33763.118360,2961.8117,30,30,80.0885,0.981935,0.947219,2.30649e+09,80.54,84410.60,50647.40,1,0
33766.831648,2961.4860,3,3,7.99868,0.980664,-2.213484,2.58135e+06,42.02,67965.50,34198.60,0,4
33777.148653,2960.5815,8,8,21.2543,0.977116,-4.944547,478011,540.55,68801.70,35024.50,0,2
33811.418700,2957.5807,20,20,52.5053,0.965182,-2.951123,8.33632e+06,90.33,68331.70,34520.30,0,2
33814.859684,2957.2798,4,4,10.4883,0.963971,0.340127,2.79994e+07,54.89,62535.60,28720.70,1,0
33837.979300,2955.2592,90,90,234.061,0.955774,-1.332957,1.17402e+08,61.48,62558.70,28720.70,1,0
33847.280310,2954.4471,70,70,181.443,0.952447,0.583846,1.05344e+09,67.68,69138.30,35291.00,1,0
33857.769637,2953.5318,9,9,23.2406,0.948675,-0.624134,4.21325e+07,45.15,69686.30,35828.50,1,0
33857.769637,2953.5318,9,9,23.2406,0.948675,-5.090937,8.73652e+06,35.18,105450.20,71592.30,0,4
33862.598779,2953.1106,6,6,15.4667,0.946931,0.703852,7.15756e+07,75.21,64857.20,30994.60,1,0
33870.500678,2952.4217,9,9,23.1337,0.944068,1.479467,2.32613e+08,84.26,64865.10,30994.60,1,0
33884.668960,2951.1872,9,9,23.0146,0.938903,0.806956,1.74396e+08,76.82,69686.30,35801.10,1,0
33932.398118,2947.0360,8,8,20.0988,0.921216,3.638866,2.14588e+09,76.67,67398.80,33466.40,0,2
33933.538210,2946.9370,8,8,20.0902,0.920788,-0.078923,3.88364e+07,37.96,63768.70,29835.10,1,0
33962.598641,2944.4154,2,2,4.96763,0.909796,1.146017,4.98169e+07,69.71,68987.10,35024.50,1,0
33972.140418,2943.5884,9,9,22.273,0.906151,-0.890826,2.79842e+07,64.10,68492.40,34520.30,1,0
33975.618308,2943.2871,70,70,173.004,0.904818,0.848011,1.07298e+09,75.62,66735.90,32760.10,1,0
33993.301121,2941.7561,7,7,17.1829,0.898004,1.215744,6.91212e+08,68.24,85306.10,51312.80,1,0
34035.992037,2938.0663,5,5,12.0702,0.881303,-2.285544,3.14886e+06,71.45,66324.80,32288.90,0,2
34046.680713,2937.1439,7,7,16.8269,0.877066,-0.723418,2.69071e+07,85.87,69431.00,35384.20,1,0
34056.931883,2936.2598,20,20,47.8808,0.872982,0.683896,2.6519e+08,83.54,67395.30,33338.40,1,0
34075.202199,2934.6854,1,1,2.37656,0.865652,-0.965250,3.66866e+06,77.13,71994.80,37919.60,1,0
34113.739032,2931.3703,7,7,16.3772,0.849981,-2.536698,4.16359e+06,203.21,69138.30,35024.50,0,2
34117.471988,2931.0495,50,50,116.801,0.848447,0.588312,6.9071e+08,81.69,69408.50,35291.00,1,0
34131.520766,2929.8431,20,20,46.4504,0.842653,1.592880,5.19155e+08,80.23,64865.10,30733.50,0,2
34139.960125,2929.1188,4,4,9.25763,0.839153,-0.275255,2.31106e+07,74.07,69431.00,35291.00,1,0
34149.601861,2928.2918,2,2,4.61027,0.835139,1.262571,5.59768e+07,47.51,69978.10,35828.50,1,0
34161.519303,2927.2703,7,7,16.0557,0.830152,0.386069,7.48647e+07,119.96,68987.10,34825.50,1,0
34181.991417,2925.5171,2,2,4.54791,0.821521,-0.296610,3.72928e+07,188.20,84409.90,50227.80,1,0
34218.449500,2922.4001,7,7,15.6718,0.805951,-1.594903,5.42777e+06,37.64,61357.00,27138.50,1,0
34281.361505,2917.0370,9,9,19.6035,0.778482,-0.632014,3.2419e+07,50.42,68801.70,34520.30,1,0
34284.841437,2916.7409,6,6,13.0489,0.776941,-1.185173,7.90104e+06,57.06,63221.30,28936.50,1,0
34301.289232,2915.3423,100,100,215.895,0.769623,0.806663,1.13262e+09,67.11,65295.90,30994.60,1,0
34305.360260,2914.9964,10,10,21.5503,0.767804,0.509554,1.04234e+08,68.99,67965.50,33660.00,1,0
34308.399133,2914.7382,6,6,12.9126,0.766444,-0.904933,1.06416e+07,41.06,63576.30,29267.90,1,0
34333.318796,2912.6226,50,50,106.404,0.755225,1.521766,5.61074e+09,67.02,84992.00,50658.70,0,2
34337.950621,2912.2297,6,6,12.7418,0.753126,-6.711751,755518,62.86,102830.40,68492.40,0,2
34346.978395,2911.4643,70,70,148.046,0.749025,-1.189903,8.91344e+07,61.81,63232.10,28885.10,1,0
34351.400733,2911.0894,8,8,16.8854,0.747010,0.275542,5.01927e+07,36.58,64857.20,30505.70,1,0
34359.440647,2910.4083,6,6,12.6176,0.743337,0.491875,4.6584e+07,49.09,64865.10,30505.70,1,0
34400.528168,2906.9321,5,5,10.3172,0.724374,-0.352864,1.55352e+07,73.08,64235.60,29835.10,1,0
34404.230393,2906.6193,5,5,10.2994,0.722650,1.165632,9.49998e+07,98.66,67870.80,33466.40,1,0
34406.491009,2906.4283,2,2,4.11543,0.721596,-0.965614,5.11129e+06,191.29,69431.00,35024.50,1,0
34458.258386,2902.0619,6,6,12.0486,0.697188,-2.330404,3.67942e+06,985.83,68978.50,34520.30,0,2
34463.291054,2901.6381,2,2,4.00657,0.694788,-0.088836,2.66723e+07,43.77,79366.70,44903.40,1,0
34466.798977,2901.3428,5,5,9.99965,0.693112,-3.408737,1.03922e+06,1488.50,68987.10,34520.30,0,2
34500.779753,2898.4852,4,4,7.86996,0.676759,-1.208177,4.83727e+06,44.57,63768.70,29267.90,1,0
34506.188165,2898.0309,3,3,5.88701,0.674135,-1.579855,1.58452e+06,45.31,58158.10,23651.90,1,0
34524.440366,2896.4988,2,2,3.88992,0.665242,-1.107375,4.95428e+06,117.76,71536.40,37011.90,1,0
34553.841021,2894.0343,3,3,5.75113,0.650785,-0.686325,5.97098e+06,115.02,63816.90,29263.10,1,0
34554.831543,2893.9513,9,9,17.2449,0.650295,0.471359,2.17279e+08,61.62,80360.80,45806.00,1,0
34581.859460,2891.6895,2,2,3.78105,0.636854,-1.788031,2.87774e+06,85.42,73606.20,39024.30,1,0
34605.418332,2889.7209,6,6,11.2098,0.625027,0.512743,6.07086e+07,49.00,69431.00,34825.50,1,0
34625.158135,2888.0735,6,6,11.0983,0.615036,0.064885,1.54194e+07,71.41,58158.10,23532.90,1,0
34626.979314,2887.9216,2,2,3.69602,0.614111,0.230326,1.33959e+07,65.24,67965.50,33338.40,1,0
34636.539825,2887.1244,5,5,9.19519,0.609242,-2.011814,2.22732e+06,103.37,62240.80,27604.30,1,0
34651.870070,2885.8471,6,6,10.948,0.601400,0.586007,8.76848e+07,86.24,73378.40,38726.50,1,0
34671.699511,2884.1967,6,6,10.8368,0.591190,-0.153923,2.7515e+07,135.82,68331.70,33660.00,1,0
34680.511963,2883.4638,8,8,14.3833,0.586629,-0.032460,3.39596e+07,43.39,65935.20,31254.70,1,0
34682.341436,2883.3117,7,7,12.5735,0.585680,-0.215875,1.80638e+07,68.09,62062.60,27380.30,1,0
34686.978490,2882.9262,7,7,12.5433,0.583273,2.096729,3.45287e+08,83.34,69978.10,35291.00,0,2
34708.241158,2881.1601,4,4,7.08852,0.572182,1.177920,4.64182e+07,56.67,63593.40,28885.10,1,0
34715.619493,2880.5478,8,8,14.1223,0.568314,0.639857,1.93869e+08,40.33,79395.60,44680.00,1,0
34756.388938,2877.1689,7,7,12.0935,0.546755,-0.655538,9.58074e+06,76.13,60166.20,25409.70,1,0
34757.548942,2877.0728,1,1,1.72657,0.546137,-4.637424,877464,86.05,103895.80,69138.30,0,2
34832.711629,2870.8646,9,9,14.9212,0.505561,1.625887,1.47992e+08,81.77,63232.10,28399.40,1,0
34861.889804,2868.4618,7,7,11.4208,0.489525,0.068680,4.02044e+07,87.56,69686.30,34825.50,1,0
34883.480270,2866.6864,4,4,6.44853,0.477558,-1.228982,3.83938e+06,75.38,63768.70,28885.10,1,0
34887.811727,2866.3305,3,3,4.82475,0.475147,-0.629899,5.393e+06,66.94,64150.90,29263.10,1,0
34895.999006,2865.6580,5,5,8.00461,0.470580,-6.391572,51148.6,409.90,71536.40,36640.40,0,2
34908.131339,2864.6621,4,4,6.36035,0.463789,0.790839,4.14006e+07,75.36,68374.50,33466.40,1,0
34931.880409,2862.7145,9,9,14.1207,0.450417,2.457525,3.36341e+08,70.02,63816.90,28885.10,0,2
34940.538701,2862.0051,7,7,10.9291,0.445515,1.245787,9.19552e+07,77.81,65935.20,30994.60,1,0
34954.351337,2860.8741,3,3,4.64727,0.437668,-0.852711,3.64766e+06,61.01,62558.70,27604.30,1,0
34966.601257,2859.8719,1,1,1.5383,0.430679,0.115625,6.81132e+06,53.37,71978.50,37011.90,1,0
34982.900244,2858.5394,4,4,6.09599,0.421337,-0.080146,2.22117e+07,50.16,71994.80,37011.90,1,0
34984.788332,2858.3852,3,3,4.56703,0.420251,-0.052687,2.02874e+07,63.46,74105.20,39120.40,1,0
35047.998788,2853.2300,3,3,4.40239,0.383535,1.006731,2.44008e+07,61.69,63768.70,28720.70,1,0
35059.130871,2852.3240,6,6,8.74736,0.376992,0.687386,5.17496e+07,77.59,68525.60,33466.40,1,0
35077.691722,2850.8147,5,5,7.21002,0.366034,1.865293,1.38659e+08,60.49,68544.20,33466.40,1,0
35096.179036,2849.3130,7,7,9.98382,0.355055,-0.527502,1.19619e+07,678.62,63816.90,28720.70,1,0
35102.460843,2848.8031,1,1,1.42093,0.351311,-0.816802,3.50734e+07,49.78,104788.70,69686.30,1,0
35158.729545,2844.2438,1,1,1.37362,0.317447,-0.438742,1.50124e+06,51.79,61605.70,26447.00,1,0
35176.900606,2842.7746,20,20,27.1702,0.306388,2.343489,5.62342e+08,69.45,63576.30,28399.40,0,2
35178.349891,2842.6575,8,8,10.8585,0.305503,0.241478,2.52936e+07,59.03,62558.70,27380.30,1,0
35188.810952,2841.8124,8,8,10.7892,0.299106,1.583981,1.2628e+08,55.38,65922.40,30733.50,1,0
35220.000830,2839.2958,7,7,9.26113,0.279916,0.011175,3.39403e+07,69.00,71021.10,35801.10,1,0
35233.569512,2838.2024,9,9,11.8075,0.271512,2.321409,2.89591e+08,116.65,65967.20,30733.50,0,2
35250.628301,2836.8289,1,1,1.2981,0.260899,0.658519,1.49363e+08,96.57,105632.20,70381.50,1,0
35261.801174,2835.9300,3,3,3.8672,0.253919,-0.451425,4.07815e+06,56.37,61357.00,26095.20,1,0
35310.971062,2831.9810,2,2,2.49947,0.222934,-1.141559,4.11484e+06,96.33,75409.60,40098.70,1,0
35327.769067,2830.6344,2,2,2.47291,0.212248,1.963874,5.40156e+07,80.06,68987.10,33660.00,1,0
35338.108841,2829.8062,3,3,3.68495,0.205645,0.231901,1.81355e+07,119.66,71978.50,36640.40,1,0
35350.461885,2828.8174,9,9,10.9677,0.197731,1.449589,9.74621e+07,89.66,64235.60,28885.10,1,0
35354.429084,2828.4999,3,3,3.6466,0.195183,-1.000591,5.23714e+06,48.87,71994.80,36640.40,1,0
35378.149275,2826.6035,7,7,8.37963,0.179893,-0.589550,6.96677e+06,54.78,60166.20,24788.00,1,0
35410.629103,2824.0108,3,3,3.51628,0.158792,-3.551383,466613,232.88,74105.20,38694.50,0,2
35414.801840,2823.6781,9,9,10.5201,0.156068,0.919866,6.41365e+07,594.68,66148.40,30733.50,1,0
35458.830063,2820.1720,2,2,2.27113,0.127129,0.185774,1.19128e+07,49.80,73378.40,37919.60,1,0
35462.071999,2819.9142,2,2,2.26626,0.124984,-0.482521,7.26918e+06,75.81,75560.70,40098.70,1,0
35514.981688,2815.7131,6,6,6.56319,0.089717,-2.740977,878780,329.60,64235.60,28720.70,0,2
35529.438393,2814.5674,1,1,1.08328,0.079994,1.162894,2.59511e+08,82.34,108559.40,73029.90,1,0
35544.971237,2813.3375,9,9,9.64781,0.069506,2.307265,2.79408e+08,78.14,68305.10,32760.10,0,2
35598.158315,2809.1341,6,6,6.20296,0.033267,-0.377479,1.08834e+07,34.20,66852.90,31254.70,1,0
35602.110294,2808.8223,4,4,4.12411,0.030555,0.025437,9.21697e+06,67.52,64865.10,29263.10,1,0
35631.711379,2806.4888,7,7,7.0714,0.010148,-0.596338,5.91794e+06,57.32,60419.70,24788.00,1,0
35631.711379,2806.4888,7,7,7.0714,0.010148,-7.955209,113314,718.42,102484.70,66852.90,0,2
35646.450334,2805.3284,2,2,1.99986,-0.000071,1.374034,1.0007e+07,56.77,58174.10,22527.70,1,0
35664.408529,2803.9158,3,3,2.96252,-0.012574,-1.251319,8.96216e+06,521.91,84409.90,48745.50,1,0
35671.788774,2803.3357,9,9,8.84185,-0.017728,1.496807,1.21368e+08,63.54,69138.30,33466.40,1,0
35730.250939,2798.7489,1,1,0.942801,-0.058900,-1.520365,8.78688e+06,77.45,101665.60,65935.20,1,0
35765.379203,2796.0000,9,9,8.27547,-0.083929,2.340616,2.50697e+08,70.31,68525.60,32760.10,0,2
35794.498802,2793.7254,9,9,8.10422,-0.104840,-1.397965,5.17838e+06,168.20,67049.20,31254.70,1,0
35906.959927,2784.9754,1,1,0.829451,-0.186992,0.679974,8.45672e+06,49.05,75640.00,39733.00,1,0
35924.091569,2783.6473,2,2,1.63795,-0.199699,-0.450424,5.29036e+06,67.49,75409.60,39485.50,1,0
35980.630788,2779.2731,3,3,2.35517,-0.241999,2.667926,7.31665e+07,80.49,64865.10,28885.10,0,2
35985.658919,2778.8848,2,2,1.56418,-0.245788,-2.808272,246425,1062.51,67240.40,31254.70,0,2
35989.061501,2778.6221,2,2,1.56017,-0.248354,0.753720,6.44672e+06,57.70,63593.40,27604.30,1,0
36001.169375,2777.6876,7,7,5.41086,-0.257502,-5.504418,80390.4,306.41,71385.60,35384.20,0,2
36002.970153,2777.5486,1,1,0.771928,-0.258864,3.553253,6.75807e+07,94.63,66735.90,30733.50,0,2
36008.299975,2777.1375,4,4,3.07527,-0.262901,-0.300237,2.38516e+07,140.71,84409.90,48401.60,1,0
36028.078417,2775.6129,6,6,4.54413,-0.277923,0.381831,1.48409e+07,59.95,65295.90,29267.90,1,0
36029.190876,2775.5272,4,4,3.02686,-0.278770,0.105260,1.74834e+07,102.47,75762.20,39733.00,1,0
36087.310847,2771.0571,4,4,2.89499,-0.323314,-1.582448,1.39277e+06,39.28,65922.40,29835.10,1,0
36093.171848,2770.6072,5,5,3.6024,-0.327838,0.485700,7.32299e+06,81.43,58174.10,22080.90,1,0
36131.120037,2767.6972,3,3,2.09875,-0.357272,0.239697,1.01948e+07,47.47,71994.80,35863.70,1,0
36144.470020,2766.6750,6,6,4.15401,-0.367686,-0.182939,7.42442e+06,41.89,64865.10,28720.70,1,0
36145.608875,2766.5878,2,2,1.38344,-0.368575,-0.135245,2.09722e+06,44.76,62240.80,26095.20,1,0
36150.118543,2766.2427,7,7,4.82499,-0.372101,0.677780,3.62554e+07,52.27,71978.50,35828.50,1,0
36213.088649,2761.4325,9,9,15.364,0.534805,0.275368,3.9105e+07,96.84,63593.40,27380.30,1,0
36219.301793,2760.9588,8,8,13.6507,0.534349,0.855796,1.01616e+08,59.95,69686.30,33466.40,1,0
36230.188505,2760.1292,2,2,3.4102,0.533622,-0.543648,4.93202e+06,64.67,66735.90,30505.70,1,0
36245.341340,2758.9753,6,6,10.2218,0.532765,1.212294,8.91064e+07,62.10,67240.40,30994.60,1,0
36258.898723,2757.9437,8,8,13.6207,0.532147,0.359898,4.21497e+07,34.42,64979.60,28720.70,1,0
36287.310070,2755.7843,3,3,5.10345,0.531304,-1.249523,6.535e+07,567.51,102435.70,66148.40,1,0
36321.611179,2753.1818,5,5,8.50385,0.531082,-1.278949,3.45614e+06,39.95,60166.20,23844.60,1,0
36323.158981,2753.0645,3,3,5.10236,0.531092,0.739880,1.71924e+07,55.27,61357.00,25033.90,1,0
36411.220757,2746.4061,4,4,6.82596,0.534438,1.365319,5.89802e+07,96.73,65295.90,28885.10,1,0
36417.908859,2745.9018,5,5,8.53646,0.534909,0.642984,3.44523e+07,79.85,64817.50,28399.40,1,0
36424.540358,2745.4018,4,4,6.83255,0.535404,-1.447373,4.29702e+06,356.78,67679.20,31254.70,1,0
36436.620478,2744.4916,9,9,15.3883,0.536381,-0.264694,2.30968e+07,218.23,63816.90,27380.30,1,0
36437.750040,2744.4066,9,9,15.3898,0.536477,0.291996,3.95269e+07,47.78,63576.30,27138.50,1,0
36440.260096,2744.2175,1,1,1.71034,0.536694,-3.493564,262882,442.28,75560.70,39120.40,0,2
36454.798817,2743.1231,7,7,11.9884,0.538030,-1.181110,7.06412e+06,96.60,63593.40,27138.50,1,0
36463.439660,2742.4730,4,4,6.8564,0.538888,-2.003148,1.63278e+06,60.69,62558.70,26095.20,0,2
36468.759803,2742.0730,1,1,1.71505,0.539440,-0.438495,4.98992e+07,119.10,102617.20,66148.40,1,0
36504.259849,2739.4063,6,6,10.3329,0.543576,-0.223724,3.09183e+08,50.11,100321.10,63816.90,1,0
36543.540684,2736.4617,2,2,3.46321,0.549047,0.582522,1.57066e+07,182.81,67049.20,30505.70,1,0
36546.880573,2736.2116,8,8,13.8599,0.549555,-0.980197,6.41559e+06,98.60,58158.10,21611.20,1,0
36560.700372,2735.1774,8,8,13.89,0.551724,0.254775,1.98725e+08,49.65,85306.10,48745.50,1,0
36569.019686,2734.5551,3,3,5.21582,0.553084,-4.338738,108728,497.19,61357.00,24788.00,0,2
36575.240036,2734.0901,9,9,15.6638,0.554126,0.442482,5.35426e+07,49.72,65295.90,28720.70,1,0
36579.641034,2733.7611,1,1,1.74173,0.554877,-3.612317,2.68374e+06,112.19,105566.60,68987.10,0,2
36583.481605,2733.4741,7,7,12.2002,0.555541,-0.105837,1.94975e+07,129.77,62678.70,26095.20,1,0
36615.720497,2731.0674,3,3,5.25959,0.561441,0.465079,4.24177e+07,56.30,75640.00,39024.30,1,0
36622.961577,2730.5274,7,7,12.2896,0.562845,-1.441017,3.58082e+06,38.35,58158.10,21535.20,1,0
36630.129921,2729.9930,9,9,15.8234,0.564263,0.505673,5.08431e+07,45.62,63768.70,27138.50,1,0
36638.938578,2729.3367,8,8,14.0903,0.566043,0.078559,1.87793e+07,96.94,58174.10,21535.20,1,0
36641.620600,2729.1369,1,1,1.76225,0.566593,-0.883323,1.67823e+06,55.77,65909.40,29267.90,1,0
36659.421494,2727.8117,9,9,15.9198,0.570341,0.838970,8.49083e+07,83.45,65922.40,29263.10,1,0
36667.318780,2727.2242,6,6,10.6315,0.572058,-0.534750,1.43668e+07,44.23,65935.20,29267.90,1,0
36699.448397,2724.8366,100,100,178.491,0.579369,-0.053768,2.9955e+08,77.87,62678.70,25979.30,1,0
36724.640523,2722.9674,9,9,16.1624,0.585464,0.497230,2.13955e+08,105.18,81404.50,44680.00,1,0
36739.270260,2721.8831,8,8,14.4196,0.589146,0.298696,2.38543e+07,86.64,58158.10,21418.80,1,0
36748.290573,2721.2150,1,1,1.80664,0.591466,1.053677,2.48816e+08,86.74,103484.20,66735.90,1,0
36770.648881,2719.5604,8,8,14.5389,0.597384,-0.136561,2.5253e+07,77.23,64150.90,27380.30,1,0
36772.010995,2719.4596,20,20,36.3606,0.597752,0.849394,1.25167e+08,76.61,60419.70,23647.80,1,0
36815.278687,2716.2636,1,1,1.84021,0.609880,1.212311,2.56211e+08,80.98,101680.40,64865.10,1,0
36833.560027,2714.9154,4,4,7.40049,0.615252,-1.806154,5.59248e+07,2033.23,102981.90,66148.40,1,0
36833.560027,2714.9154,4,4,7.40049,0.615252,-6.735310,599940,444.98,107854.50,71021.10,0,2
36855.380214,2713.3081,5,5,9.31186,0.621851,-4.615435,184351,605.50,64235.60,27380.30,0,2
36857.010371,2713.1880,2,2,3.72661,0.622352,0.056983,1.47823e+07,46.05,71994.80,35137.80,1,0
36863.209325,2712.7318,9,9,16.8019,0.624267,0.312401,2.80842e+07,54.62,58158.10,21294.90,1,0
36866.251050,2712.5080,5,5,9.34321,0.625212,0.304272,6.3315e+07,56.71,75560.70,38694.50,1,0
36868.400367,2712.3498,2,2,3.73979,0.625883,0.120102,6.24275e+06,69.86,60520.30,23651.90,1,0
36875.868877,2711.8005,4,4,7.49714,0.628227,0.535316,3.43503e+07,62.42,67870.80,30994.60,1,0
36879.291654,2711.5488,9,9,16.8868,0.629309,0.397048,3.07459e+07,65.35,58174.10,21294.90,1,0
36885.349837,2711.1035,40,40,75.1973,0.631235,-0.850576,7.49419e+07,94.45,66148.40,29263.10,1,0
36887.620809,2710.9366,3,3,5.64389,0.631961,0.951585,7.33422e+07,52.39,75614.80,38726.50,1,0
36893.131851,2710.5316,4,4,7.53852,0.633732,-0.879210,8.07638e+06,513.85,67398.80,30505.70,1,0
36895.801360,2710.3355,2,2,3.77251,0.634593,0.268047,1.07369e+07,69.90,65295.90,28399.40,1,0
36914.561065,2708.9581,9,9,17.0808,0.640728,1.276374,2.00974e+08,79.36,70381.50,33466.40,1,0
36924.558825,2708.2246,2,2,3.80837,0.644054,0.062552,2.27147e+08,62.11,105450.20,68525.60,1,0
36929.728596,2707.8455,1,1,1.90749,0.645788,0.253653,9.73658e+07,88.55,101165.30,64235.60,1,0
36935.619993,2707.4136,5,5,9.55643,0.647776,-0.554266,2.3386e+07,56.53,73606.20,36670.60,1,0
36948.629618,2706.4603,4,4,7.67914,0.652214,-0.772128,7.17402e+06,54.09,64401.00,27452.40,1,0
36954.039022,2706.0641,6,6,11.5402,0.654077,-1.093251,1.4434e+07,79.95,71978.50,35024.50,1,0
36965.771486,2705.2053,1,1,1.93123,0.658155,-0.680356,4.16273e+06,112.94,73606.20,36640.40,1,0
36977.519578,2704.3458,6,6,11.6353,0.662288,0.195218,2.07068e+07,83.33,60419.70,23442.30,1,0
36987.450249,2703.6197,6,6,11.6765,0.665819,0.557658,3.00933e+07,47.98,60520.30,23532.90,1,0
37014.781455,2701.6234,1,1,1.96544,0.675714,1.272997,3.21314e+08,110.50,102981.90,65967.20,1,0
37017.811068,2701.4023,4,4,7.87049,0.676826,1.445370,8.21936e+07,64.63,66852.90,29835.10,1,0
37035.651321,2700.1010,5,5,9.90338,0.683438,-0.054756,4.74196e+07,94.69,75762.20,38726.50,1,0
37125.860173,2693.5403,4,4,8.20448,0.718387,-0.288663,1.06376e+07,51.03,62535.60,25409.70,1,0
37144.428817,2692.1938,5,5,10.3327,0.725874,-0.812635,7.35455e+06,50.23,61605.70,24461.20,1,0
37146.341693,2692.0551,4,4,8.27257,0.726650,-0.847256,6.67985e+06,41.19,63593.40,26447.00,1,0
37188.761689,2688.9844,7,7,14.7321,0.744120,-0.095372,5.86075e+08,62.75,102484.70,65295.90,1,0
37191.600336,2688.7792,6,6,12.6425,0.745306,1.235382,2.16865e+08,85.68,75640.00,38448.40,1,0
37198.171370,2688.3042,1,1,2.11289,0.748058,0.013020,7.9313e+07,67.80,100430.30,63232.10,1,0
37201.678607,2688.0507,8,8,16.9281,0.749531,-1.551914,8.14502e+06,83.50,65922.40,28720.70,1,0
37206.891875,2687.6741,5,5,10.6033,0.751726,0.863359,4.23882e+07,79.32,62240.80,25033.90,1,0
37212.728600,2687.2526,3,3,6.37767,0.754191,0.162871,2.86181e+08,72.08,100788.90,63576.30,1,0
37214.099052,2687.1536,9,9,19.1441,0.754771,-0.348801,3.35949e+07,56.18,67049.20,29835.10,1,0
37228.561565,2686.1097,6,6,12.8415,0.760919,0.818388,1.17416e+08,86.24,73029.90,35801.10,1,0
37237.700865,2685.4504,3,3,6.44588,0.764829,-1.082839,6.0977e+06,91.02,68492.40,31254.70,1,0
37243.180651,2685.0553,8,8,17.2295,0.767183,1.207301,1.5767e+08,79.89,68238.10,30994.60,1,0
37244.668793,2684.9480,9,9,19.3956,0.767823,0.922483,7.09182e+07,82.49,60419.70,23175.10,1,0
37252.869451,2684.3570,4,4,8.65082,0.771360,-0.112672,1.60832e+07,60.92,64857.20,27604.30,1,0
37256.740554,2684.0781,3,3,6.49899,0.773035,-0.907585,4.23241e+06,60.59,61718.00,24461.20,1,0
37260.868505,2683.7807,1,1,2.17021,0.774824,-0.420975,2.96557e+06,101.55,64865.10,27604.30,1,0
37262.530732,2683.6610,7,7,15.2024,0.775546,-0.728881,1.47052e+07,52.87,64401.00,27138.50,1,0
37286.350650,2681.9466,2,2,4.38899,0.785951,-0.806401,3.56884e+06,65.49,63221.30,25935.00,1,0
37297.229870,2681.1643,1,1,2.20503,0.790742,0.583464,7.20182e+06,103.42,63232.10,25935.00,1,0
37309.758837,2680.2639,70,70,155.211,0.796289,-0.334929,1.34173e+08,74.29,58158.10,20848.40,1,0
37321.708910,2679.4057,3,3,6.68736,0.801607,0.283531,1.68885e+07,62.45,63768.70,26447.00,1,0
37336.771306,2678.3248,6,6,13.4652,0.808349,-1.666623,6.99452e+06,196.43,68331.70,30994.60,1,0
37348.449446,2677.4873,4,4,9.02409,0.813604,-0.421317,2.31908e+08,69.22,101165.30,63816.90,1,0
37365.100346,2676.2942,5,5,11.3654,0.821137,-1.295602,6.43368e+06,44.22,64817.50,27452.40,1,0
37375.310719,2675.5630,5,5,11.4183,0.825780,-0.682437,1.20878e+07,106.61,64979.60,27604.30,1,0
37399.260792,2673.8496,5,5,11.5441,0.836736,-4.585200,5.47819e+06,34.40,103308.50,65909.40,0,4
37405.261754,2673.4207,8,8,18.5216,0.839495,-0.253171,3.6136e+07,260.92,67240.40,29835.10,1,0
37408.808727,2673.1672,5,5,11.5949,0.841129,-1.604174,3.74728e+06,103.49,61718.00,24309.20,1,0
37413.329320,2672.8442,2,2,4.64764,0.843213,-0.012675,1.10204e+07,57.73,66681.10,29267.90,1,0
37418.491703,2672.4754,5,5,11.6468,0.845597,-1.086718,5.56861e+06,47.60,60166.20,22747.70,1,0
37452.850781,2670.0237,6,6,14.2011,0.861558,-1.538228,5.10821e+06,134.87,62240.80,24788.00,1,0
37452.850781,2670.0237,6,6,14.2011,0.861558,-2.358853,5.87154e+06,97.33,74105.20,36652.30,0,2
37467.379847,2668.9883,5,5,11.9149,0.868353,0.185369,2.3017e+07,74.99,61718.00,24250.60,1,0
37472.829464,2668.6002,5,5,11.9454,0.870909,-0.584552,1.60338e+07,279.06,66735.90,29263.10,1,0
37476.941409,2668.3074,20,20,47.874,0.872840,0.814780,2.23665e+08,72.78,64857.20,27380.30,1,0
37495.160000,2667.0109,2,2,4.82864,0.881418,0.656016,3.60259e+08,77.48,101071.40,63576.30,1,0
37498.111109,2666.8010,1,1,2.41769,0.882811,0.691116,9.00615e+06,78.74,63593.40,26095.20,1,0
37501.729402,2666.5437,4,4,9.68728,0.884520,-0.441675,1.06701e+07,53.82,62535.60,25033.90,1,0
37512.461523,2665.7808,5,5,12.1707,0.889598,-0.736091,9.07578e+06,34.59,61357.00,23844.60,1,0
37524.799494,2664.9043,9,9,22.0359,0.895450,1.476575,1.65473e+08,66.19,62558.70,25033.90,1,0
37534.619310,2664.2071,3,3,7.37968,0.900118,0.474186,5.287e+08,69.49,102830.40,65295.90,1,0
37547.038986,2663.3259,2,2,4.94898,0.906035,-0.354205,9.86544e+06,72.03,68801.70,31254.70,1,0
37563.780847,2662.1388,4,4,9.97744,0.914032,0.645265,4.82167e+07,95.95,67398.80,29835.10,1,0
37570.500629,2661.6627,1,1,2.5024,0.917249,1.427517,4.50058e+08,50.22,102435.70,64865.10,0,2
37585.009165,2660.6352,1,1,2.51986,0.924205,-2.479083,511966,498.20,66852.90,29267.90,0,2
37619.541318,2658.1930,1,1,2.56208,0.940820,0.350044,1.57297e+08,59.27,102484.70,64865.10,1,0
37638.509329,2656.8534,7,7,18.0996,0.949977,-0.070144,2.37768e+07,92.23,60166.20,22527.70,1,0
37641.311277,2656.6556,1,1,2.58915,0.951331,0.186050,5.79022e+06,72.50,63576.30,25935.00,1,0
37673.469797,2654.3878,3,3,7.88933,0.966898,-0.105605,4.44828e+08,67.72,107081.90,69408.50,1,0
37715.010305,2651.4642,1,1,2.68333,0.987059,0.393546,1.51555e+08,88.68,100947.20,63232.10,1,0
37718.651172,2651.2083,1,1,2.68808,0.988827,0.797866,1.22688e+07,53.29,64857.20,27138.50,1,0
37721.699700,2650.9940,5,5,13.4603,0.990309,-0.484439,1.5665e+07,67.50,63816.90,26095.20,1,0
37723.819960,2650.8450,1,1,2.69484,0.991339,-1.010645,2.81331e+06,481.63,68978.50,31254.70,1,0
37732.449280,2650.2388,1,1,2.70617,0.995533,1.160323,2.33219e+07,48.93,68238.10,30505.70,1,0
37739.469944,2649.7457,8,8,21.7233,0.998946,-2.750344,7.2135e+07,273.58,104788.70,67049.20,0,2
37762.479019,2648.1312,6,6,16.4758,1.010132,0.471596,9.55203e+08,58.25,100321.10,62558.70,1,0
37767.099654,2647.8072,1,1,2.75214,1.012379,0.886885,4.06406e+08,53.93,106745.60,68978.50,1,0
37770.691502,2647.5554,9,9,24.8126,1.014125,-1.322180,1.12706e+07,108.61,62558.70,24788.00,1,0
37801.429298,2645.4026,20,20,55.969,1.029066,0.813152,1.17982e+09,63.52,83607.30,45806.00,1,0
37804.600379,2645.1807,2,2,5.60553,1.030607,-3.837367,502735,905.78,73606.20,35801.10,0,2
37833.688637,2643.1470,3,3,8.52789,1.044730,0.930613,4.05774e+07,67.49,63768.70,25935.00,1,0
37841.048809,2642.6329,3,3,8.55839,1.048300,-3.189519,1.2362e+06,80.45,71501.00,33660.00,0,2
37841.048809,2642.6329,3,3,8.55839,1.048300,0.543218,3.04827e+07,36.96,64979.60,27138.50,1,0
37842.490993,2642.5322,1,1,2.85479,1.048999,-0.010057,3.36706e+06,40.57,58158.10,20315.70,1,0
37863.348653,2641.0765,4,4,11.5352,1.059105,-5.006386,4.65547e+06,336.71,106665.10,68801.70,0,2
37868.880600,2640.6907,8,8,23.1322,1.061782,0.814793,1.42164e+08,81.57,68374.50,30505.70,1,0
37883.549028,2639.6682,1,1,2.9121,1.068876,-1.929341,1.22373e+06,137.53,69138.30,31254.70,0,2
37914.821234,2637.4910,3,3,8.86911,1.083962,-0.536044,7.9927e+06,47.33,61357.00,23442.30,1,0
37943.571415,2635.4926,5,5,14.9875,1.097780,-0.395764,6.27717e+08,64.68,107081.90,69138.30,1,0
37968.419094,2633.7678,3,3,9.10013,1.109676,1.294063,7.96465e+07,42.26,66852.90,28885.10,1,0
37992.558794,2632.0944,1,1,3.06849,1.121185,0.572892,1.55078e+07,88.97,68987.10,30994.60,1,0
37993.958961,2631.9974,4,4,12.2821,1.121851,0.683510,9.89048e+07,85.84,73378.40,35384.20,1,0
38012.661396,2630.7024,1,1,3.09792,1.130731,1.218765,4.79635e+08,77.92,103308.50,65295.90,1,0
38019.961461,2630.1973,7,7,21.7605,1.134188,0.145490,6.90475e+07,59.05,68525.60,30505.70,1,0
38055.781071,2627.7217,5,5,15.8079,1.151070,-1.087003,1.02557e+07,92.27,64150.90,26095.20,1,0
38066.330632,2626.9934,2,2,6.3545,1.156016,0.558652,4.08635e+08,82.43,100625.00,62558.70,1,0
38072.840270,2626.5443,5,5,15.9347,1.159061,0.150349,2.89858e+07,114.34,61605.70,23532.90,1,0
38080.321199,2626.0283,7,7,22.3866,1.162555,0.352124,1.14212e+09,55.24,100321.10,62240.80,1,0
38085.281587,2625.6862,40,40,128.22,1.164867,0.179960,2.13764e+08,75.88,60166.20,22080.90,1,0
38089.331026,2625.4071,1,1,3.21155,1.166753,0.532272,2.18682e+08,83.60,101665.60,63576.30,1,0
38116.779855,2623.5165,1,1,3.25268,1.179481,1.342055,5.53302e+08,77.87,102981.90,64865.10,0,2
38120.938797,2623.2303,5,5,16.2947,1.181400,-0.400738,6.53506e+08,56.56,106665.10,68544.20,1,0
38127.461226,2622.7815,2,2,6.53749,1.184406,-0.998413,6.01392e+06,442.37,67395.30,29267.90,1,0
38132.231187,2622.4534,5,5,16.3796,1.186601,1.443213,1.657e+08,121.01,66852.90,28720.70,1,0
38157.351093,2620.7270,1,1,3.31383,1.198106,-0.315183,5.0897e+06,47.15,65295.90,27138.50,1,0
38160.831396,2620.4880,3,3,9.95729,1.199692,-2.438102,5.47459e+07,1584.87,107299.10,69138.30,0,2
38164.609140,2620.2286,1,1,3.32481,1.201413,-0.209241,6.54135e+06,226.44,67049.20,28885.10,1,0
38168.759963,2619.9436,1,1,3.33109,1.203300,-1.375100,4.36745e+07,331.24,104904.60,66735.90,1,0
38172.709778,2619.6726,2,2,6.67415,1.205094,0.411142,6.02012e+08,59.23,106665.10,68492.40,1,0
38183.611452,2618.9246,6,6,20.1216,1.210033,0.172449,4.38207e+07,87.41,63593.40,25409.70,1,0
38189.490811,2618.5214,3,3,10.0875,1.212688,-1.627087,7.15386e+07,146.09,100430.30,62240.80,1,0
38211.988609,2616.9797,3,3,10.19,1.222799,-2.978233,2.4702e+06,490.41,75409.60,37197.60,0,2
38214.208639,2616.8277,1,1,3.40006,1.223792,0.528174,2.25776e+08,78.65,101446.30,63232.10,1,0
38220.221485,2616.4160,9,9,30.6828,1.226478,0.594619,2.35852e+09,59.89,102435.70,64215.50,1,0
38236.140962,2615.3267,9,9,30.9008,1.233559,0.556532,1.03766e+08,83.02,64215.50,25979.30,1,0
38249.018738,2614.4462,2,2,6.90607,1.239254,0.162325,3.45642e+08,55.97,102484.70,64235.60,1,0
38253.241763,2614.1575,3,3,10.3784,1.241115,-0.036030,6.01242e+08,56.81,106745.60,68492.40,1,0
38280.340764,2612.3069,1,1,3.50076,1.252981,0.325964,2.99091e+08,54.28,107081.90,68801.70,1,0
38283.230037,2612.1098,3,3,10.5155,1.254238,-0.305284,4.04398e+08,137.85,105019.10,66735.90,1,0
38285.619927,2611.9467,7,7,24.5617,1.255277,0.279897,3.8265e+07,58.06,58158.10,19872.40,1,0
38297.589108,2611.1304,8,8,28.2164,1.260461,0.690691,2.83858e+09,60.81,104599.00,66301.30,1,0
38301.739810,2610.8475,6,6,21.2002,1.262253,0.556871,4.36067e+07,66.13,58174.10,19872.40,1,0
38313.890980,2610.0194,4,4,14.2075,1.267477,0.338875,1.04227e+09,77.07,105049.70,66735.90,1,0
38318.150522,2609.7293,7,7,24.9086,1.269302,-4.250755,1.4581e+06,120.86,73609.10,35291.00,0,2
38318.150522,2609.7293,7,7,24.9086,1.269302,0.702321,1.10865e+08,71.79,65922.40,27604.30,1,0
38328.509457,2609.0240,6,6,21.4448,1.273723,-6.679883,65041.7,2259.30,67049.20,28720.70,0,2
38353.948793,2607.2935,5,5,18.0641,1.284487,0.697144,1.46079e+08,49.34,73378.40,35024.50,1,0
38355.859704,2607.1636,6,6,21.6943,1.285290,-2.168882,6.07761e+06,413.66,67240.40,28885.10,0,2
38384.250313,2605.2352,3,3,10.9763,1.297126,0.082340,4.34749e+08,84.21,100625.00,62240.80,1,0
38396.208874,2604.4238,6,6,22.0611,1.302057,-0.093866,3.28133e+07,116.34,62240.80,23844.60,1,0
38397.639010,2604.3268,2,2,7.35803,1.302645,0.126847,3.96033e+07,59.54,75409.60,37011.90,1,0
38401.011349,2604.0981,2,2,7.36822,1.304029,-1.923606,5.79864e+07,174.83,105450.20,67049.20,1,0
38401.851588,2604.0411,1,1,3.68538,1.304373,1.474087,6.89437e+08,66.91,102617.20,64215.50,0,2
38410.309671,2603.4677,4,4,14.7926,1.307830,-0.297109,1.51755e+07,52.29,60166.20,21755.80,1,0
38411.400317,2603.3938,4,4,14.7991,1.308275,-0.767689,1.74156e+07,135.64,67679.20,29267.90,1,0
38413.910002,2603.2237,2,2,7.40714,1.309297,-2.630597,1.55609e+06,141.21,69408.50,30994.60,0,2
38413.910002,2603.2237,2,2,7.40714,1.309297,-6.889661,451081,1519.26,106745.60,68331.70,0,2
38417.189043,2603.0015,1,1,3.70851,1.310630,0.614879,3.30452e+07,51.55,75614.80,37197.60,1,0
38450.639346,2600.7370,1,1,3.75874,1.324083,-2.358404,1.78528e+07,585.22,104599.00,66148.40,0,2
38466.080881,2599.6930,1,1,3.7818,1.330201,-0.992504,2.72246e+06,290.89,64401.00,25935.00,1,0
38469.960243,2599.4308,1,1,3.78759,1.331729,0.892336,4.18964e+08,92.78,103335.10,64865.10,1,0
38471.810384,2599.3058,4,4,15.1614,1.332456,-8.094968,1234.35,131.35,39870.20,1398.30,0,2
38479.158612,2598.8094,4,4,15.2051,1.335336,0.052324,7.26461e+08,89.56,103344.40,64865.10,1,0
38482.781362,2598.5648,1,1,3.80665,1.336751,0.134188,9.5684e+06,48.76,65935.20,27452.40,1,0
38517.479204,2596.2239,1,1,3.85792,1.350128,-1.437914,4.96622e+07,196.73,105566.60,67049.20,1,0
38519.689582,2596.0749,9,9,34.7505,1.350970,-0.435097,5.48863e+07,181.71,67240.40,28720.70,1,0
38532.601502,2595.2050,4,4,15.5204,1.355858,-1.218765,9.32136e+06,179.68,64979.60,26447.00,1,0
38539.450750,2594.7438,6,6,23.3406,1.358434,-0.019404,6.12032e+07,72.78,68374.50,29835.10,1,0
38556.338967,2593.6072,5,5,19.5733,1.364728,0.347069,1.6957e+09,64.41,107081.90,68525.60,1,0
38562.401359,2593.1995,2,2,7.84687,1.366968,0.464358,4.5329e+08,84.50,100625.00,62062.60,1,0
38593.159624,2591.1328,9,9,35.7088,1.378173,0.743673,1.221e+08,84.76,62240.80,23647.80,1,0
38594.799262,2591.0227,3,3,11.91,1.378763,-1.571003,1.07342e+08,211.66,102830.40,64235.60,1,0
38599.980996,2590.6749,4,4,15.9095,1.380621,-1.082610,2.35422e+07,60.23,74463.70,35863.70,1,0
38599.980996,2590.6749,4,4,15.9095,1.380621,0.124536,8.5164e+08,82.53,103895.80,65295.90,1,0
38604.690983,2590.3588,2,2,7.96814,1.382303,0.208181,9.58478e+07,63.73,84410.60,45806.00,1,0
38606.678718,2590.2254,5,5,19.9344,1.383011,0.262910,9.82388e+08,82.38,101165.30,62558.70,1,0
38609.389803,2590.0435,6,6,23.9444,1.383975,-6.767281,41681.3,601.24,61357.00,22747.70,0,2
38618.751660,2589.4157,2,2,8.00794,1.387287,0.180488,4.02629e+08,65.92,102435.70,63816.90,1,0
38631.068857,2588.5900,9,9,36.1917,1.391604,0.386717,7.3148e+07,63.82,60166.20,21535.20,1,0
38632.661108,2588.4833,20,20,80.4705,1.392159,0.615079,4.22319e+08,99.28,69138.30,30505.70,1,0
38640.321035,2587.9702,5,5,20.1712,1.394817,-0.229467,8.13784e+08,88.74,104788.70,66148.40,1,0
38657.370270,2586.8288,1,1,4.05791,1.400669,2.498024,1.32766e+08,84.20,68492.40,29835.10,0,2
38663.859740,2586.3947,3,3,12.2006,1.402873,-0.305522,1.25857e+07,218.05,60419.70,21755.80,1,0
38667.749133,2586.1345,4,4,16.2889,1.404188,-0.191105,5.66324e+08,73.42,102484.70,63816.90,1,0
38676.649307,2585.5394,3,3,12.2532,1.407178,0.106978,6.80882e+08,62.63,104599.00,65922.40,1,0
38683.410595,2585.0875,1,1,4.09363,1.409433,0.201819,3.12376e+07,57.38,78889.10,40205.70,1,0
38697.668871,2584.1350,1,1,4.11295,1.414141,0.747754,2.23789e+07,283.76,67965.50,29267.90,1,0
38707.401509,2583.4852,1,1,4.12603,1.417317,-0.156756,2.15135e+08,75.50,107081.90,68374.50,1,0
38714.131497,2583.0361,5,5,20.6752,1.419495,-0.655315,1.78495e+07,63.36,62558.70,23844.60,1,0
38716.051186,2582.9080,5,5,20.688,1.420114,-0.504596,5.25053e+08,65.74,102484.70,63768.70,1,0
38717.700967,2582.7980,4,4,16.5592,1.420644,0.474787,1.37371e+09,64.34,105019.10,66301.30,1,0
38726.388985,2582.2185,1,1,4.15131,1.423424,-2.038301,2.5418e+06,479.66,75409.60,36683.20,0,2
38726.388985,2582.2185,1,1,4.15131,1.423424,-5.639412,540690,400.71,100788.90,62062.60,0,2
38734.789696,2581.6585,2,2,8.32477,1.426089,-0.610542,8.28472e+06,58.81,63768.70,25033.90,1,0
38748.360136,2580.7544,9,9,37.6212,1.430343,0.888754,4.72939e+09,80.35,105049.70,66301.30,1,0
38757.239403,2580.1631,1,1,4.19165,1.433093,-0.577243,1.10541e+07,699.74,75409.60,36652.30,1,0
38766.510173,2579.5461,9,9,37.8322,1.435936,0.792668,3.65298e+09,79.84,102981.90,64215.50,1,0
38768.119710,2579.4390,2,2,8.41128,1.436427,-1.793413,3.10667e+06,85.03,66148.40,27380.30,1,0
38780.161350,2578.6381,2,2,8.44198,1.440069,0.462184,7.9395e+08,56.59,106745.60,67965.50,1,0
38794.369935,2577.6936,3,3,12.7167,1.444303,0.552210,1.29967e+09,55.46,106665.10,67870.80,1,0
38798.611641,2577.4118,2,2,8.48839,1.445553,0.374651,1.99616e+07,86.76,62240.80,23442.30,1,0
38806.610677,2576.8805,1,1,4.25414,1.447893,0.563155,4.62554e+08,109.32,107299.10,68492.40,1,0
38824.578694,2575.6880,7,7,29.9335,1.453068,-1.015153,3.85043e+08,62.38,100430.30,61605.70,1,0
38842.359906,2574.5089,3,3,12.893,1.458075,-0.055557,5.09002e+08,62.05,102435.70,63593.40,1,0
38858.060159,2573.4687,4,4,17.2652,1.462400,-4.708158,238850,156.80,61605.70,22747.70,0,2
38866.230911,2572.9276,2,2,8.65176,1.464616,1.201018,1.45078e+09,55.59,104788.70,65922.40,0,2
38867.489120,2572.8444,1,1,4.32735,1.464955,-1.415503,6.79342e+07,232.20,107854.50,68987.10,1,0
38871.310126,2572.5914,8,8,34.6543,1.465981,-1.407244,1.15758e+07,74.94,60166.20,21294.90,1,0
38882.559392,2571.8472,1,1,4.34475,1.468969,0.188548,1.04258e+07,39.01,64817.50,25935.00,1,0
38884.569801,2571.7142,9,9,39.1235,1.469498,0.237129,6.90451e+07,64.70,60419.70,21535.20,1,0
38884.569801,2571.7142,9,9,39.1235,1.469498,-0.200610,1.18313e+09,87.02,100947.20,62062.60,1,0
38896.279570,2570.9400,4,4,17.4414,1.472550,0.438834,1.46005e+09,81.66,105632.20,66735.90,1,0
38910.919236,2569.9727,9,9,39.3902,1.476293,1.158703,2.07578e+08,81.76,62558.70,23647.80,1,0
38912.081099,2569.8960,6,6,26.2678,1.476586,-0.968774,1.73994e+07,83.20,63221.30,24309.20,1,0
38924.508952,2569.0754,6,6,26.3496,1.479693,-7.465382,931232,1819.99,107299.10,68374.50,0,2
38924.508952,2569.0754,6,6,26.3496,1.479693,0.177896,1.18296e+09,82.95,101165.30,62240.80,1,0
38962.580654,2566.5651,1,1,4.43195,1.488840,0.897519,5.16573e+07,56.79,75614.80,36652.30,1,0
38964.118744,2566.4638,1,1,4.43354,1.489198,1.003385,4.23982e+08,66.55,100321.10,61357.00,1,0
38966.590380,2566.3010,8,8,35.4886,1.489770,0.042705,1.01379e+08,95.72,68801.70,29835.10,1,0
38969.418894,2566.1147,1,1,4.43897,1.490423,0.618071,3.91981e+07,44.05,75640.00,36670.60,1,0
38982.131298,2565.2779,4,4,17.8073,1.493315,-1.751202,1.56943e+08,163.91,104904.60,65922.40,1,0
38991.330681,2564.6727,2,2,8.92195,1.495368,-0.619236,9.20322e+06,82.17,64401.00,25409.70,1,0
38997.870690,2564.2426,7,7,31.2718,1.496807,-1.474293,3.40499e+07,1441.02,75640.00,36642.10,1,0
39023.761490,2562.5413,6,6,26.9529,1.502331,-4.495331,1.2681e+07,216.67,102617.20,63593.40,0,2
39029.008646,2562.1968,4,4,17.9881,1.503417,-0.496125,2.79742e+07,70.33,67965.50,28936.50,1,0
39030.921613,2562.0712,1,1,4.4988,1.503810,-0.825057,3.28271e+06,189.98,62678.70,23647.80,1,0
39030.921613,2562.0712,1,1,4.4988,1.503810,-7.379518,1472.36,322.38,48401.60,9370.70,0,2
39051.991579,2560.6889,1,1,4.51787,1.508040,-0.376614,1.58599e+08,83.07,105019.10,65967.20,1,0
39052.849852,2560.6326,1,1,4.51863,1.508209,-0.267507,2.22523e+08,178.82,107854.50,68801.70,1,0
39061.820425,2560.0445,2,2,9.05301,1.509950,0.706879,7.86505e+08,64.79,102830.40,63768.70,1,0
39071.010363,2559.4424,5,5,22.6721,1.511698,0.253140,1.0605e+09,68.14,100788.90,61718.00,1,0
39082.601153,2558.6833,1,1,4.5442,1.513853,0.676297,4.57966e+08,106.06,105049.70,65967.20,1,0
39091.668757,2558.0898,3,3,13.6551,1.515498,0.549780,1.13384e+08,54.05,75762.20,36670.60,1,0
39093.421117,2557.9752,1,1,4.55312,1.515812,-1.047907,2.62386e+06,85.14,62535.60,23442.30,1,0
39099.460854,2557.5800,4,4,18.232,1.516884,0.074887,8.76165e+08,85.92,103335.10,64235.60,1,0
39102.641106,2557.3720,6,6,27.3633,1.517442,0.760675,2.19017e+09,80.25,101165.30,62062.60,1,0
39108.688702,2556.9766,4,4,18.2613,1.518491,0.068842,8.72734e+08,90.28,103344.40,64235.60,1,0
39116.441059,2556.4698,9,9,41.1423,1.519813,0.565100,1.19123e+08,84.32,62558.70,23442.30,1,0
39121.800260,2556.1196,7,7,32.0283,1.520711,-4.271779,2.14033e+06,228.84,75762.20,36640.40,0,2
39121.800260,2556.1196,7,7,32.0283,1.520711,0.983971,3.33971e+09,87.74,101680.40,62558.70,1,0
39127.529157,2555.7453,1,1,4.57981,1.521658,0.501700,4.27761e+07,50.56,77822.00,38694.50,1,0
39128.980595,2555.6505,1,1,4.5809,1.521895,0.524574,3.45143e+08,71.90,103344.40,64215.50,1,0
39152.029515,2554.1460,3,3,13.7929,1.525542,-2.122766,4.56579e+06,766.89,68987.10,29835.10,0,2
39168.040586,2553.1019,5,5,23.0433,1.527937,-0.689700,1.33077e+07,399.22,58158.10,18990.10,1,0
39180.580837,2552.2848,9,9,41.5525,1.529732,0.954604,3.1564e+08,70.42,69686.30,30505.70,1,0
39183.948749,2552.0654,9,9,41.572,1.530202,-0.852143,2.04266e+07,52.75,58174.10,18990.10,1,0
39193.451295,2551.4466,5,5,23.1256,1.531501,0.083224,1.11879e+09,82.95,103344.40,64150.90,1,0
39201.739337,2550.9072,4,4,18.5208,1.532600,0.061444,3.70345e+07,44.77,64235.60,25033.90,1,0
39211.130574,2550.2963,1,1,4.63579,1.533808,-4.177346,4.28122e+06,441.24,107081.90,67870.80,0,2
39225.451416,2549.3652,2,2,9.28795,1.535571,-0.082582,1.1899e+07,213.09,60520.30,21294.90,1,0
39236.479136,2548.6487,9,9,41.8499,1.536864,0.549913,1.20141e+08,72.93,62678.70,23442.30,1,0
39262.591520,2546.9536,8,8,37.3055,1.539700,0.119432,1.11678e+08,120.79,68525.60,29263.10,1,0
39268.749507,2546.5542,9,9,41.9948,1.540322,1.756102,1.09258e+10,81.97,103484.20,64215.50,0,2
39303.220083,2544.3208,6,6,28.0848,1.543470,-0.156985,6.6942e+07,57.07,69138.30,29835.10,1,0
39341.529956,2541.8432,8,8,37.5525,1.546298,0.658908,2.65121e+09,77.08,100947.20,61605.70,1,0
39353.439556,2541.0739,7,7,32.8825,1.547031,0.209023,1.49493e+09,81.68,101071.40,61718.00,1,0
39360.950837,2540.5890,8,8,37.596,1.547457,0.598468,1.39576e+08,69.71,65295.90,25935.00,1,0
39361.990335,2540.5219,5,5,23.4989,1.547514,0.209890,1.85063e+09,87.32,107854.50,68492.40,1,0
39383.650815,2539.1247,9,9,42.3429,1.548575,1.542268,3.23526e+08,80.65,62558.70,23175.10,0,2
39383.650815,2539.1247,9,9,42.3429,1.548575,-1.404146,3.95079e+08,87.32,101446.30,62062.60,1,0
39403.259168,2537.8611,2,2,9.41666,1.549333,0.275104,7.74406e+07,148.87,79136.20,39733.00,1,0
39410.260688,2537.4103,7,7,32.9657,1.549557,0.598133,3.74409e+08,53.85,79136.20,39726.00,1,0
39421.189037,2536.7068,7,7,32.9756,1.549857,0.427150,3.41144e+09,82.52,108559.40,69138.30,1,0
39439.630132,2535.5207,9,9,42.4128,1.550225,1.229767,5.60924e+09,85.65,101680.40,62240.80,0,2
39472.379159,2533.4171,3,3,14.1407,1.550447,-0.358990,2.93502e+07,40.57,69978.10,30505.70,1,0
39483.770744,2532.6862,7,7,32.9933,1.550394,-0.350654,1.23547e+09,130.91,105632.20,66148.40,1,0
39488.328931,2532.3938,6,6,28.2788,1.550353,-0.901986,2.45783e+07,44.53,65935.20,26447.00,1,0
39493.130224,2532.0859,9,9,42.4159,1.550299,1.116379,2.05741e+08,70.60,62240.80,22747.70,1,0
39503.588843,2531.4156,4,4,18.8485,1.550139,-0.222230,2.48307e+07,205.01,62678.70,23175.10,1,0
39506.569291,2531.2246,9,9,42.4067,1.550083,-0.341720,2.87599e+08,167.47,84409.90,44903.40,1,0
39517.438851,2530.5284,5,5,23.5535,1.549838,-1.704957,1.10412e+07,79.75,68238.10,28720.70,1,0
39518.090609,2530.4866,4,4,18.8425,1.549821,-0.602135,4.55237e+08,105.95,103335.10,63816.90,1,0
39522.718922,2530.1903,2,2,9.42008,1.549697,-4.109735,9.83035e+06,1386.40,107854.50,68331.70,0,2
39527.719023,2529.8702,9,9,42.3841,1.549549,0.791519,4.8952e+09,79.61,105450.20,65922.40,1,0
39533.731264,2529.4855,7,7,32.959,1.549354,0.254976,1.14748e+08,73.83,68801.70,29267.90,1,0
39539.910082,2529.0902,2,2,9.41478,1.549133,0.623864,7.73003e+08,82.26,103308.50,63768.70,1,0
39542.581309,2528.9194,3,3,14.1207,1.549031,-0.397883,2.1552e+07,72.94,66681.10,27138.50,1,0
39545.851016,2528.7103,3,3,14.1189,1.548902,-1.026990,2.32739e+07,131.09,75409.60,35863.70,1,0
39566.419510,2527.3957,1,1,4.70184,1.547954,-0.005429,2.06055e+08,81.77,103335.10,63768.70,1,0
39590.121179,2525.8826,8,8,37.563,1.546577,0.206073,1.67558e+09,85.06,100947.20,61357.00,1,0
39595.928723,2525.5122,5,5,23.4678,1.546193,-0.406695,4.42909e+07,81.15,69431.00,29835.10,1,0
39601.210328,2525.1753,6,6,28.1511,1.545828,-0.259164,3.20373e+07,131.92,61357.00,21755.80,1,0
39644.220682,2522.4358,1,1,4.67524,1.542281,0.690062,4.91046e+08,77.13,105566.60,65922.40,1,0
39654.539302,2521.7794,7,7,32.6939,1.541277,0.517684,2.50568e+09,83.76,103805.40,64150.90,1,0
39659.099817,2521.4894,4,4,18.6736,1.540814,-3.503196,1.48055e+06,171.51,68544.20,28885.10,0,2
39660.181413,2521.4206,2,2,9.33574,1.540703,0.443783,6.6931e+08,97.23,103895.80,64235.60,1,0
39668.919607,2520.8652,5,5,23.3178,1.539778,-8.592360,10093.7,6837.94,67049.20,27380.30,0,2
39671.909840,2520.6752,8,8,37.2963,1.539452,0.822698,1.16815e+08,45.39,60520.30,20848.40,1,0
39688.479206,2519.6229,1,1,4.65319,1.537553,-1.619291,1.57676e+06,89.44,63221.30,23532.90,1,0
39696.970353,2519.0839,1,1,4.64838,1.536520,-2.175251,2.45098e+06,90.74,75560.70,35863.70,0,2
39709.759562,2518.2726,8,8,37.1264,1.534886,0.856385,4.6219e+09,80.62,105632.20,65922.40,1,0
39710.701386,2518.2129,9,9,41.762,1.534762,1.094445,3.39941e+08,49.20,68978.50,29267.90,1,0
39728.349133,2517.0943,1,1,4.62901,1.532344,0.413490,2.63632e+08,81.81,101446.30,61718.00,1,0
39741.770154,2516.2442,7,7,32.3397,1.530385,0.668449,2.76817e+09,81.38,103335.10,63593.40,1,0
39748.751252,2515.8023,7,7,32.3054,1.529325,0.299894,7.67707e+07,90.69,63593.40,23844.60,1,0
39751.030054,2515.6581,7,7,32.294,1.528973,-2.092195,1.85584e+07,49.41,75614.80,35863.70,0,4
39751.030054,2515.6581,7,7,32.294,1.528973,0.691839,2.83115e+09,78.50,103344.40,63593.40,1,0
39763.011168,2514.9001,1,1,4.60467,1.527072,0.541697,4.58326e+07,59.15,78312.90,38549.90,1,0
39800.849171,2512.5092,1,1,4.5746,1.520518,0.854942,3.69194e+08,51.42,100321.10,60520.30,1,0
39808.261088,2512.0414,8,8,36.5462,1.519136,0.615001,2.48382e+09,90.37,101165.30,61357.00,1,0
39810.971272,2511.8704,9,9,41.0934,1.518622,1.889783,4.3968e+08,68.91,62558.70,22747.70,0,2
39821.881196,2511.1822,7,7,31.8941,1.516511,0.161350,5.49648e+07,145.56,61357.00,21535.20,1,0
39823.230706,2511.0971,7,7,31.8856,1.516245,-0.257870,4.79594e+07,114.41,64857.20,25033.90,1,0
39827.180756,2510.8481,7,7,31.8606,1.515460,0.482886,1.09553e+08,84.19,65922.40,26095.20,1,0
39840.659213,2509.9986,7,7,31.7731,1.512711,0.766621,2.56866e+09,82.78,101446.30,61605.70,1,0
39851.120732,2509.3397,5,5,22.645,1.510503,-0.208198,5.28688e+07,67.85,69686.30,29835.10,1,0
39871.860866,2508.0344,1,1,4.50835,1.505930,1.117918,2.93268e+07,89.19,65967.20,26095.20,1,0
39902.430843,2506.1130,1,1,4.47594,1.498717,0.407866,3.73224e+07,46.65,77822.00,37919.60,1,0
39910.650667,2505.5968,3,3,13.4005,1.496680,-0.140334,2.70093e+07,114.07,67049.20,27138.50,1,0
39930.191392,2504.3707,5,5,22.2226,1.491673,-0.747112,1.96973e+07,199.26,64401.00,24470.90,1,0
39931.489085,2504.2893,3,3,13.329,1.491332,-1.435383,1.55804e+08,123.20,104788.70,64857.20,1,0
39932.631443,2504.2176,5,5,22.2084,1.491031,0.137683,2.88117e+07,66.16,58174.10,18241.50,1,0
39933.780998,2504.1456,5,5,22.2016,1.490727,0.751778,2.20858e+08,51.59,75762.20,35828.50,1,0
39939.829943,2503.7663,8,8,35.4654,1.489116,0.073777,7.14198e+07,78.92,64401.00,24461.20,1,0
39941.470929,2503.6634,8,8,35.4498,1.488675,-0.410643,4.11956e+07,121.75,63593.40,23651.90,1,0
39942.860450,2503.5763,1,1,4.42956,1.488301,0.059668,1.12053e+07,65.02,67395.30,27452.40,1,0
39945.540768,2503.4083,6,6,26.5581,1.487574,-0.196661,4.27589e+07,206.19,64979.60,25033.90,1,0
39946.309670,2503.3602,7,7,30.9779,1.487365,0.470187,5.59498e+07,59.47,58158.10,18211.80,1,0
39947.588797,2503.2800,5,5,22.1194,1.487017,-0.447881,5.38901e+08,80.24,101665.60,61718.00,1,0
39972.309973,2501.7318,5,5,21.9665,1.480079,-1.080659,1.32902e+07,96.59,63816.90,23844.60,1,0
39974.480989,2501.5960,1,1,4.39054,1.479451,-1.095819,3.09889e+06,41.53,65909.40,25935.00,1,0
39981.721481,2501.1429,4,4,17.5251,1.477338,-2.912754,1.47238e+06,698.14,62062.60,22080.90,0,2
39983.819985,2501.0117,1,1,4.37856,1.476719,-3.961062,5.24056e+06,1072.60,107854.50,67870.80,0,2
39988.459385,2500.7215,10,10,43.7253,1.475341,0.638872,3.75129e+09,96.35,103805.40,63816.90,1,0
39992.969653,2500.4395,6,6,26.1997,1.473989,0.879832,3.74998e+08,142.62,78694.60,38701.60,1,0
39994.409620,2500.3494,7,7,30.553,1.473554,-0.826090,1.99273e+07,64.73,61605.70,21611.20,1,0
40000.200340,2499.9875,5,5,21.7852,1.471794,-0.966481,1.75246e+07,52.65,65935.20,25935.00,1,0
40015.200693,2499.0503,1,1,4.3368,1.467137,0.070500,2.71054e+07,86.33,78463.60,38448.40,1,0
40015.200693,2499.0503,1,1,4.3368,1.467137,0.854050,6.77359e+08,106.79,108559.40,68544.20,1,0
40018.420539,2498.8492,1,1,4.33239,1.466119,1.723809,5.77855e+07,131.57,67398.80,27380.30,0,2
40033.690936,2497.8961,2,2,8.62226,1.461200,-0.095625,5.20751e+08,84.92,108559.40,68525.60,1,0
40053.081073,2496.6868,7,7,29.9836,1.454742,-3.229597,2.54934e+06,731.33,66148.40,26095.20,0,2
40058.700224,2496.3366,2,2,8.55036,1.452826,-1.838175,8.15944e+07,556.63,107299.10,67240.40,1,0
40059.920193,2496.2606,10,10,42.7339,1.452407,0.299887,2.19301e+09,83.46,101665.60,61605.70,1,0
40062.089382,2496.1254,10,10,42.702,1.451660,0.158253,7.2923e+07,60.30,61357.00,21294.90,1,0
40070.401451,2495.6076,3,3,12.7736,1.448770,-1.278824,5.28766e+06,147.46,61605.70,21535.20,1,0
40074.931300,2495.3256,3,3,12.7533,1.447177,-0.504050,1.87244e+07,228.30,67679.20,27604.30,1,0
40080.940947,2494.9514,10,10,42.4203,1.445043,0.997323,3.06036e+08,88.95,68801.70,28720.70,1,0
40089.201208,2494.4373,6,6,25.3767,1.442071,-0.783364,4.32742e+08,101.39,101446.30,61357.00,1,0
40091.809631,2494.2750,8,8,33.8035,1.441124,-2.087307,7.8123e+06,113.32,64401.00,24309.20,0,2
40101.711315,2493.6592,6,6,25.2606,1.437487,-1.676966,1.10695e+07,118.34,67240.40,27138.50,1,0
40104.011403,2493.5161,2,2,8.41302,1.436633,-0.040064,1.09107e+07,62.19,60419.70,20315.70,1,0
40106.731096,2493.3471,6,6,25.2135,1.435619,-1.358419,9.71778e+06,71.33,61718.00,21611.20,1,0
40110.740154,2493.0978,6,6,25.1756,1.434116,-0.232661,2.24523e+07,47.40,58174.10,18063.40,1,0
40116.741095,2492.7249,10,10,41.8642,1.431846,-0.987505,2.75937e+07,329.46,63768.70,23651.90,1,0
40127.160437,2492.0777,6,6,25.0183,1.427849,-0.275956,8.63128e+08,79.31,103895.80,63768.70,1,0
40145.400397,2490.9454,9,9,37.2595,1.420682,-0.500395,6.30389e+07,47.82,69408.50,29263.10,1,0
40169.190809,2489.4701,10,10,41.0008,1.411007,2.247647,6.88488e+08,98.94,63816.90,23647.80,0,2
40170.629827,2489.3809,8,8,32.7811,1.410410,0.877532,1.33275e+08,71.55,63221.30,23050.60,1,0
40184.839466,2488.5007,6,6,24.4395,1.404440,0.027072,1.66246e+09,80.52,108559.40,68374.50,1,0
40186.779002,2488.3806,8,8,32.5591,1.403615,0.040829,5.02898e+07,75.88,61605.70,21418.80,1,0
40191.491047,2488.0888,6,6,24.3702,1.401600,-1.345111,1.23668e+07,59.73,64979.60,24788.00,1,0
40194.629596,2487.8946,5,5,20.2811,1.400249,-0.357655,8.51216e+07,71.23,78889.10,38694.50,1,0
40204.668976,2487.2733,9,9,36.347,1.395886,-3.035604,2.37066e+06,311.78,60520.30,20315.70,0,2
40226.779993,2485.9062,10,10,39.9898,1.386040,1.070409,2.82404e+08,71.71,67679.20,27452.40,1,0
40234.129895,2485.4520,1,1,3.98563,1.382694,0.902369,2.19427e+07,126.86,66681.10,26447.00,1,0
40235.749681,2485.3520,10,10,39.8267,1.381952,0.810219,1.57978e+08,55.42,63768.70,23532.90,1,0
40256.760554,2484.0548,10,10,39.4389,1.372167,-0.380429,6.37464e+07,106.94,67395.30,27138.50,1,0
40260.249290,2483.8396,4,4,15.7495,1.370513,1.565453,1.78225e+08,83.60,67398.80,27138.50,1,0
40266.539699,2483.4515,5,5,19.6278,1.367511,-1.667811,9.09712e+06,80.50,67870.80,27604.30,1,0
40268.568959,2483.3264,1,1,3.92175,1.366537,0.228848,1.73714e+08,98.52,100788.90,60520.30,1,0
40271.699118,2483.1334,7,7,27.4108,1.365029,-0.046900,1.18233e+08,70.32,75409.60,35137.80,1,0
40271.699118,2483.1334,7,7,27.4108,1.365029,-5.191840,6.3358e+06,40.05,102830.40,62558.70,0,4
40281.659856,2482.5193,9,9,35.0722,1.360185,0.199095,1.41389e+08,98.43,71536.40,31254.70,1,0
40293.751200,2481.7744,10,10,38.7372,1.354216,1.293337,1.85849e+08,62.89,60166.20,19872.40,1,0
40299.149078,2481.4420,9,9,34.7696,1.351519,-0.443476,3.32974e+07,68.55,61718.00,21418.80,1,0
40302.490873,2481.2362,9,9,34.7112,1.349839,0.430940,2.41766e+09,85.80,103895.80,63593.40,1,0
40306.379041,2480.9969,5,5,19.2462,1.347875,-2.260650,3.64565e+06,213.83,64150.90,23844.60,0,2
40310.780188,2480.7260,10,10,38.4064,1.345640,0.718707,1.16486e+08,50.81,61605.70,21294.90,1,0
40322.049288,2480.0327,5,5,19.0925,1.339856,-0.655902,2.14099e+07,61.95,66301.30,25979.30,1,0
40337.661477,2479.0728,10,10,37.8748,1.331700,0.556929,2.19063e+08,72.85,71592.30,31254.70,1,0
40339.210433,2478.9776,1,1,3.78438,1.330881,-4.291129,309812,107.58,78889.10,38549.90,0,2
40346.631350,2478.5217,1,1,3.76948,1.326938,0.590751,1.30331e+07,65.34,64817.50,24470.90,1,0
40356.309705,2477.9273,9,9,33.7494,1.321738,-0.275756,4.90465e+07,90.87,64817.50,24461.20,1,0
40371.300373,2477.0072,5,5,18.5969,1.313556,-0.367600,8.01608e+07,45.89,79395.60,39024.30,1,0
40376.401256,2476.6942,1,1,3.7089,1.310736,-2.450331,1.30355e+07,142.63,102617.20,62240.80,0,2
40380.549132,2476.4398,2,2,7.40072,1.308430,-0.306958,3.98676e+07,72.29,81404.50,41024.00,1,0
40386.239917,2476.0909,5,5,18.443,1.305247,-3.072551,1.63913e+06,97.48,64857.20,24470.90,0,2
40391.069807,2475.7948,8,8,29.4287,1.302528,-0.590943,2.97447e+07,67.26,64235.60,23844.60,1,0
40391.069807,2475.7948,8,8,29.4287,1.302528,-2.863057,5.46854e+06,61.55,71385.60,30994.60,0,2
40402.938930,2475.0675,1,1,3.65383,1.295776,-0.481072,2.26636e+07,43.29,85306.10,44903.40,1,0
40417.620015,2474.1684,10,10,36.2295,1.287290,0.774743,2.13202e+08,61.84,69138.30,28720.70,1,0
40434.700590,2473.1233,5,5,17.9334,1.277226,-0.602127,5.97772e+07,46.94,79136.20,38701.60,1,0
40454.729641,2471.8989,8,8,28.3494,1.265165,1.035314,1.26777e+08,45.33,62535.60,22080.90,1,0
40476.939480,2470.5425,1,1,3.49544,1.251459,1.202959,5.32265e+07,59.94,75614.80,35137.80,1,0
40484.950871,2470.0536,6,6,20.8674,1.246430,-1.262265,9.15073e+06,347.70,62240.80,21755.80,1,0
40490.529451,2469.7133,10,10,34.6565,1.242900,-0.027789,8.23492e+07,86.75,67870.80,27380.30,1,0
40496.039636,2469.3773,1,1,3.45352,1.239393,-2.567231,600636,402.62,66943.00,26447.00,0,2
40503.159687,2468.9432,10,10,34.3779,1.234829,1.881483,4.07849e+08,83.06,64150.90,23647.80,0,4
40508.609273,2468.6110,9,9,30.8315,1.231311,-0.882351,2.46578e+07,223.40,64979.60,24470.90,1,0
40518.229396,2468.0249,1,1,3.40433,1.225049,-0.778799,3.01898e+06,55.41,64979.60,24461.20,1,0
40527.490368,2467.4610,6,6,20.302,1.218959,0.900082,7.61912e+07,52.15,62062.60,21535.20,1,0
40527.490368,2467.4610,6,6,20.302,1.218959,-5.309210,3.56061e+06,82.73,100947.20,60419.70,0,2
40531.070839,2467.2430,2,2,6.7513,1.216588,0.110199,8.38456e+06,43.42,58158.10,17627.00,1,0
40536.249913,2466.9278,7,7,23.5483,1.213142,-2.046692,1.38275e+07,548.17,75560.70,35024.50,0,2
40540.689404,2466.6576,6,6,20.1244,1.210172,-0.285176,3.63534e+07,81.91,67679.20,27138.50,1,0
40547.180633,2466.2627,2,2,6.6789,1.205805,-0.064014,6.97475e+06,49.53,58174.10,17627.00,1,0
40551.210447,2466.0176,2,2,6.66071,1.203079,0.018344,2.42854e+08,89.91,101071.40,60520.30,1,0
40567.630864,2465.0195,4,4,13.1727,1.191849,-0.617426,1.28887e+07,134.52,64215.50,23647.80,1,0
40583.751360,2464.0403,8,8,26.0515,1.180635,-0.111854,4.23127e+07,66.84,64235.60,23651.90,1,0
40590.348871,2463.6398,10,10,32.4135,1.175991,1.481806,6.5049e+08,78.32,75614.80,35024.50,1,0
40602.211225,2462.9200,10,10,32.1415,1.167562,-2.061578,9.32421e+06,647.22,67049.20,26447.00,0,2
40626.239203,2461.4634,10,10,31.5875,1.150175,0.965248,8.27616e+08,49.56,85306.10,44680.00,1,0
40627.770644,2461.3706,6,6,18.9312,1.149052,-0.086112,1.16175e+08,50.45,80360.80,39733.00,1,0
40640.689275,2460.5882,7,7,21.8768,1.139515,0.535357,8.29744e+07,51.41,66735.90,26095.20,1,0
40641.879143,2460.5162,10,10,31.2249,1.138631,0.008776,5.52325e+07,67.52,63816.90,23175.10,1,0
40647.921218,2460.1504,7,7,21.7591,1.134123,0.216995,3.62966e+07,78.94,60520.30,19872.40,1,0
40672.230748,2458.6800,6,6,18.3105,1.115716,0.216760,1.40206e+08,64.45,79366.70,38694.50,1,0
40692.099420,2457.4795,1,1,3.00521,1.100348,-3.710103,512996,388.71,80897.90,40205.70,0,2
40704.470965,2456.7326,3,3,8.92846,1.090631,0.224271,1.8657e+07,174.76,63232.10,22527.70,1,0
40705.730841,2456.6565,1,1,2.97319,1.089635,-1.469187,1.05435e+06,540.10,62240.80,21535.20,1,0
40708.730842,2456.4755,2,2,5.93227,1.087259,0.858803,2.51825e+07,59.22,64150.90,23442.30,1,0
40715.049873,2456.0943,2,2,5.90252,1.082233,1.036900,4.79671e+07,95.76,69978.10,29263.10,1,0
40723.858913,2455.5630,10,10,29.3051,1.075176,2.170925,8.70048e+08,53.46,71978.50,31254.70,0,2
40727.520594,2455.3422,10,10,29.2187,1.072225,-0.736287,3.52777e+07,101.39,68331.70,27604.30,1,0
40741.111304,2454.5231,5,5,14.449,1.061187,-0.824167,2.6355e+08,82.26,102981.90,62240.80,1,0
40749.131421,2454.0400,1,1,2.87085,1.054608,0.730128,1.09235e+07,45.26,64401.00,23651.90,1,0
40756.591071,2453.5909,10,10,28.5321,1.048446,1.368112,2.48153e+08,122.24,66735.90,25979.30,1,0
40757.240536,2453.5518,10,10,28.5168,1.047908,0.471860,6.68316e+07,88.21,61605.70,20848.40,1,0
40767.710631,2452.9216,1,1,2.82691,1.039184,0.855282,1.00845e+07,176.49,62062.60,21294.90,1,0
40767.710631,2452.9216,1,1,2.82691,1.039184,-1.344624,3.02481e+07,112.92,102830.40,62062.60,1,0
40770.308902,2452.7653,10,10,28.2076,1.037006,0.748062,1.50625e+08,108.59,68374.50,27604.30,1,0
40773.180628,2452.5926,6,6,16.8838,1.034593,-0.789002,1.38451e+07,114.90,64215.50,23442.30,1,0
40780.980677,2452.1235,2,2,5.59098,1.028008,0.694205,3.94472e+08,81.63,100947.20,60166.20,1,0
40799.220622,2451.0272,7,7,19.266,1.012431,-0.407013,8.9208e+07,59.47,80897.90,40098.70,1,0
40801.189229,2450.9090,1,1,2.74762,1.010735,-0.499949,4.68e+06,67.94,69686.30,28885.10,1,0
40803.631316,2450.7623,1,1,2.74183,1.008627,-2.116859,1.36443e+06,55.63,74463.70,33660.00,0,2
40803.631316,2450.7623,1,1,2.74183,1.008627,-0.671271,6.86094e+07,90.05,105019.10,64215.50,1,0
40805.500055,2450.6500,4,4,10.9496,1.007010,-0.843938,2.03611e+08,72.02,103484.20,62678.70,1,0
40805.500055,2450.6500,4,4,10.9496,1.007010,-5.391788,3.07083e+06,1000.68,107854.50,67049.20,0,2
40810.030210,2450.3780,1,1,4.99181,1.607798,0.480080,4.37458e+07,67.93,77822.00,37011.90,1,0
40834.680917,2448.8988,10,10,51.4224,1.637489,1.017542,2.79807e+08,67.91,65295.90,24461.20,1,0
40845.660238,2448.2405,8,8,41.6747,1.650454,-0.054945,6.75875e+07,52.15,63593.40,22747.70,1,0
40857.829926,2447.5113,10,10,52.8377,1.664639,0.718745,2.70407e+08,47.96,68238.10,27380.30,1,0
40869.589502,2446.8071,5,5,26.7786,1.678163,-0.231861,3.12462e+07,57.16,61718.00,20848.40,1,0
40879.280134,2446.2270,10,10,54.15,1.689173,0.540770,2.33582e+08,66.05,68331.70,27452.40,1,0
40888.528943,2445.6737,10,10,54.7159,1.699569,-1.830617,1.81268e+07,228.83,65922.40,25033.90,1,0
40889.310517,2445.6270,9,9,49.2873,1.700442,-0.147250,1.89392e+08,102.02,75409.60,34520.30,1,0
40901.359003,2444.9065,4,4,22.2002,1.713808,0.552521,7.97742e+07,49.86,65935.20,25033.90,1,0
40921.341375,2443.7127,7,7,39.7051,1.735570,-0.300429,7.49422e+07,45.78,68525.60,27604.30,1,0
40925.950483,2443.4374,1,1,5.7003,1.740519,0.938978,5.32997e+08,80.92,101446.30,60520.30,1,0
40932.119458,2443.0692,1,1,5.73794,1.747100,-0.534260,7.49368e+06,38.58,66867.10,25935.00,1,0
40939.998902,2442.5990,1,1,5.78598,1.755437,-2.314073,1.45948e+06,1132.47,68544.20,27604.30,0,2
40943.631069,2442.3823,8,8,46.4649,1.759255,-0.457784,4.87588e+07,111.03,63221.30,22277.70,1,0
40948.360813,2442.1002,3,3,17.5107,1.764201,-0.153753,3.49046e+07,50.38,67395.30,26447.00,1,0
40951.869646,2441.8910,4,4,23.433,1.767853,2.218992,5.01145e+08,68.76,67398.80,26447.00,0,2
40953.930525,2441.7681,7,7,41.0956,1.769990,-4.891428,697600,444.63,67049.20,26095.20,0,2
40965.591233,2441.0730,4,4,23.7666,1.781988,0.158193,7.78642e+07,45.24,69686.30,28720.70,1,0
40975.819926,2440.4637,9,9,54.0333,1.792375,-1.693077,1.77595e+07,83.80,64150.90,23175.10,1,0
40994.250274,2439.3665,10,10,61.1517,1.810772,1.094060,4.59013e+08,85.51,68374.50,27380.30,1,0
40999.109861,2439.0773,5,5,30.7224,1.815555,-0.028744,1.06502e+09,84.12,101165.30,60166.20,1,0
41012.511019,2438.2804,3,3,18.6755,1.828598,-0.026533,3.43747e+07,63.73,64857.20,23844.60,1,0
41020.540151,2437.8031,8,8,50.1868,1.836311,0.050232,9.97907e+07,48.59,64865.10,23844.60,1,0
41023.488999,2437.6279,10,10,62.9103,1.839125,0.269445,1.29227e+08,58.50,62558.70,21535.20,1,0
41040.020768,2436.6459,10,10,63.8984,1.854710,-2.924423,8.6968e+06,860.45,68492.40,27452.40,0,2
41048.530596,2436.1408,3,3,19.3215,1.862608,-1.033645,1.17014e+07,83.81,63576.30,22527.70,1,0
41059.640486,2435.4816,6,6,39.0387,1.872793,0.288717,6.87e+07,65.15,60419.70,19360.10,1,0
41065.648935,2435.1253,10,10,65.42,1.878242,0.764199,2.39398e+08,65.45,63593.40,22527.70,1,0
41069.170406,2434.9165,10,10,65.628,1.881417,-0.072539,1.05907e+08,60.75,63816.90,22747.70,1,0
41078.601146,2434.3575,1,1,6.61837,1.889849,-0.121264,2.31349e+08,63.99,102435.70,61357.00,1,0
41086.659214,2433.8800,3,3,19.9971,1.896974,-0.699431,3.2327e+07,238.54,71592.30,30505.70,1,0
41094.490806,2433.4162,7,7,46.9808,1.903828,0.502831,3.49872e+08,66.55,75614.80,34520.30,1,0
41103.480341,2432.8840,2,2,13.528,1.911611,-0.027589,5.58595e+08,83.21,103344.40,62240.80,1,0
41110.799951,2432.4508,9,9,61.2587,1.917882,0.151132,9.38287e+07,61.34,60419.70,19308.90,1,0
41118.459775,2431.9977,8,8,54.8072,1.924380,1.033309,4.54021e+08,49.11,70381.50,29263.10,1,0
41134.410654,2431.0546,10,10,69.4279,1.937704,1.608848,7.12654e+08,64.93,65922.40,24788.00,0,2
41145.198995,2430.4172,1,1,7.00454,1.946558,0.741354,5.44207e+08,95.09,101665.60,60520.30,1,0
41147.191116,2430.2995,1,1,7.0159,1.948179,-3.946170,278759,835.33,65935.20,24788.00,0,2
41163.811047,2429.3183,1,1,7.11024,1.961537,-0.048079,1.71967e+07,144.59,68544.20,27380.30,1,0
41193.158918,2427.5876,10,10,72.747,1.984403,-0.875541,7.55506e+07,82.05,68331.70,27138.50,1,0
41202.081376,2427.0619,2,2,14.6483,1.991175,-0.764257,3.30768e+08,84.84,105019.10,63816.90,1,0
41205.240995,2426.8757,10,10,73.4157,1.993553,0.529277,2.3448e+08,60.61,64857.20,23651.90,1,0
41210.919185,2426.5414,1,1,7.37282,1.997800,0.534055,5.55576e+07,94.00,75409.60,34198.60,1,0
41217.358975,2426.1622,2,2,14.8162,2.002577,-0.127560,2.4544e+07,145.95,64865.10,23647.80,1,0
41230.680645,2425.3783,6,6,44.884,2.012322,-0.684048,7.42876e+07,122.12,71736.50,30505.70,1,0
41232.249203,2425.2861,5,5,37.4458,2.013458,-0.401063,5.92314e+07,344.22,67679.20,26447.00,1,0
41235.951102,2425.0684,2,2,15.0184,2.016128,-1.437569,8.91278e+06,103.96,68374.50,27138.50,1,0
41240.870042,2424.7791,5,5,37.6786,2.019654,-0.279814,4.90236e+07,55.22,63768.70,22527.70,1,0
41246.708999,2424.4359,3,3,22.7012,2.023808,-0.398509,6.69137e+08,95.01,103805.40,62558.70,1,0
41255.741024,2423.9051,7,7,53.3074,2.030165,-0.055913,3.49334e+08,62.44,80988.80,39733.00,1,0
41260.610898,2423.6190,6,6,45.8474,2.033558,-0.853522,7.217e+08,75.82,101680.40,60419.70,1,0
41262.721312,2423.4950,5,5,38.2621,2.035022,-8.038861,85545.7,9472.88,80988.80,39726.00,0,2
41271.391335,2422.9859,1,1,7.6982,2.040986,-0.426788,1.09366e+07,493.62,66681.10,25409.70,1,0
41290.021341,2421.8927,8,8,62.3643,2.053551,-0.279214,6.80754e+07,127.90,61605.70,20315.70,1,0
41298.589334,2421.3902,1,1,7.83981,2.059215,-0.110564,1.18783e+07,54.44,63576.30,22277.70,1,0
41305.858996,2420.9641,6,6,47.2628,2.063964,-0.151088,2.90884e+08,62.97,81404.50,40098.70,1,0
41327.691161,2419.6851,10,10,79.8784,2.077921,1.014191,4.1721e+08,62.48,64979.60,23651.90,1,0
41349.211044,2418.4258,10,10,80.9489,2.091232,0.471932,3.34738e+08,73.20,68801.70,27452.40,1,0
41369.129948,2417.2614,1,1,8.19206,2.103166,-0.031080,4.38151e+08,63.33,106665.10,65295.90,1,0
41382.791126,2416.4634,4,4,33.0305,2.111137,-0.582344,4.82732e+07,99.46,68987.10,27604.30,1,0
41403.189566,2415.2729,6,6,50.1231,2.122722,0.052411,9.34021e+07,71.85,64150.90,22747.70,1,0
41414.900613,2414.5899,7,7,58.8572,2.129203,0.361188,1.58093e+08,92.84,64857.20,23442.30,1,0
41423.770986,2414.0728,7,7,59.142,2.134030,-0.241228,1.10963e+08,59.80,67870.80,26447.00,1,0
41439.949476,2413.1304,10,10,85.2203,2.142655,0.874510,3.20466e+08,64.84,62678.70,21238.80,1,0
41446.719144,2412.7362,5,5,42.7613,2.146196,-3.309747,2.95029e+06,524.54,64979.60,23532.90,0,2
41448.159993,2412.6523,1,1,8.55866,2.146944,0.875745,4.18418e+07,45.62,65909.40,24461.20,1,0
41464.269263,2411.7150,1,1,8.62952,2.155189,0.310938,2.40235e+07,135.36,65935.20,24470.90,1,0
41475.949236,2411.0358,2,2,17.3601,2.161026,-0.510876,6.3114e+07,44.47,79395.60,37919.60,1,0
41484.569798,2410.5348,10,10,87.1687,2.165260,0.720616,2.52264e+08,67.40,61357.00,19872.40,1,0
41495.260404,2409.9138,1,1,8.76199,2.170423,0.364640,2.12503e+07,64.57,63576.30,22080.90,1,0
41512.370146,2408.9205,10,10,88.3293,2.178487,-0.048427,1.41872e+08,67.25,63593.40,22080.90,1,0
41526.029126,2408.1282,1,1,8.88843,2.184750,0.775777,5.0308e+07,46.17,68978.50,27452.40,1,0
41530.219552,2407.8852,7,7,62.3368,2.186641,0.895135,2.00519e+08,49.99,60520.30,18990.10,1,0
41534.580832,2407.6323,4,4,35.6906,2.188594,-3.383109,3.15789e+06,982.55,68987.10,27452.40,0,2
41557.669057,2406.2947,10,10,90.1305,2.198674,1.535643,6.05688e+08,61.25,61718.00,20160.40,0,2
41610.070857,2403.2644,6,6,55.2431,2.219984,-1.256477,2.56641e+07,59.46,63221.30,21611.20,1,0
41639.410829,2401.5710,7,7,65.1637,2.230993,-5.569755,552096,1207.55,67049.20,25409.70,0,2
41641.890854,2401.4279,8,8,74.54,2.231894,1.315592,3.0077e+08,66.29,58158.10,16516.10,1,0
41643.940041,2401.3098,4,4,37.2976,2.232635,-1.149698,2.27847e+07,103.73,65295.90,23651.90,1,0
41656.120173,2400.6076,1,1,9.36495,2.236974,-0.168928,1.10888e+07,114.84,61357.00,19700.90,1,0
41659.241259,2400.4278,10,10,93.7521,2.238069,0.883680,1.4798e+09,37.92,80360.80,38701.60,1,0
41687.680225,2398.7902,9,9,85.1947,2.247715,-0.007763,1.43944e+08,56.99,63768.70,22080.90,1,0
41691.450811,2398.5733,6,6,56.8667,2.248950,-0.643283,1.72934e+08,64.11,78889.10,37197.60,1,0
41707.909165,2397.6268,8,8,76.2231,2.254223,0.206659,1.65648e+08,62.25,64235.60,22527.70,1,0
41733.200830,2396.1737,10,10,96.0186,2.261957,0.597283,2.49132e+08,64.76,61605.70,19872.40,1,0
41744.219019,2395.5413,6,6,57.7976,2.265188,-0.604979,7.36442e+07,48.60,67679.20,25935.00,1,0
41747.020598,2395.3805,5,5,48.2036,2.265996,-0.835659,3.09562e+07,61.69,62062.60,20315.70,1,0
41757.259396,2394.7932,4,4,38.6753,2.268906,-0.091458,1.1299e+08,105.04,71592.30,29835.10,1,0
41757.970652,2394.7524,7,7,67.6952,2.269105,-0.641360,9.35645e+07,133.64,69138.30,27380.30,1,0
41762.999088,2394.4641,4,4,38.7372,2.270506,-1.778331,1.25846e+07,79.46,65295.90,23532.90,1,0
41777.340340,2393.6421,6,6,58.333,2.274408,-0.252176,3.0795e+08,62.61,80897.90,39120.40,1,0
41802.479434,2392.2026,5,5,48.9285,2.280922,-0.564768,4.51868e+07,81.44,63221.30,21418.80,1,0
41818.949721,2391.2604,5,5,49.1269,2.284969,0.778726,2.3317e+08,49.91,66852.90,25033.90,1,0
41823.289356,2391.0123,2,2,19.6712,2.286007,0.275951,1.44461e+08,69.57,78463.60,36640.40,1,0
41826.719224,2390.8162,6,6,59.0614,2.286818,-0.061061,1.4909e+08,40.85,69431.00,27604.30,1,0
41837.480323,2390.2013,4,4,39.4728,2.289317,-0.558427,3.77756e+07,294.68,63593.40,21755.80,1,0
41840.000634,2390.0573,5,5,49.3694,2.289892,0.354274,1.81946e+08,50.59,68978.50,27138.50,1,0
41848.479765,2389.5731,4,4,39.5708,2.291797,-0.763546,4.771e+07,99.66,68987.10,27138.50,1,0
41873.311284,2388.1560,3,3,29.8366,2.297123,-0.855644,2.2625e+07,116.55,64401.00,22527.70,1,0
41877.190350,2387.9348,7,7,69.6743,2.297921,0.043573,4.1924e+08,64.02,78889.10,37011.90,1,0
41884.731322,2387.5049,6,6,59.812,2.299447,0.720713,3.01457e+08,43.76,68331.70,26447.00,1,0
41920.210221,2385.4842,5,5,50.18,2.306179,0.265410,3.01427e+09,50.87,104599.00,62678.70,1,0
41924.659599,2385.2311,4,4,40.1759,2.306972,-1.201278,1.52886e+07,99.33,60166.20,18241.50,1,0
41927.540439,2385.0672,5,5,50.2453,2.307480,0.025250,1.26636e+08,67.18,68374.50,26447.00,1,0
41951.489057,2383.7056,3,3,30.2691,2.311517,-0.291329,9.37984e+08,89.57,103308.50,61357.00,1,0
41958.370032,2383.3147,6,6,60.605,2.312617,-10.340006,10328.4,839.63,77822.00,35863.70,0,2
41965.060640,2382.9347,7,7,70.7798,2.313663,-0.399036,7.90902e+07,67.62,63576.30,21611.20,1,0
41978.509245,2382.1713,2,2,20.2638,2.315691,-1.310670,1.46081e+07,65.19,69431.00,27452.40,1,0
41985.540200,2381.7724,3,3,30.4268,2.316712,-1.247084,1.98218e+07,98.50,67395.30,25409.70,1,0
42003.090444,2380.7772,4,4,40.668,2.319147,-0.282071,1.75449e+09,83.92,107299.10,65295.90,1,0
42022.120838,2379.6990,10,10,101.92,2.321606,1.547910,5.14108e+08,68.04,58158.10,16136.00,0,2
42023.998973,2379.5927,6,6,61.1664,2.321838,0.698752,6.95168e+08,46.10,78694.60,36670.60,1,0
42030.441011,2379.2279,5,5,51.012,2.322622,-1.767123,2.06671e+07,108.74,67965.50,25935.00,1,0
42038.181178,2378.7899,10,10,102.117,2.323536,0.678869,2.16207e+08,79.51,58174.10,16136.00,1,0
42045.450238,2378.3786,7,7,71.5415,2.324367,-5.811897,529544,727.04,68492.40,26447.00,0,2
42058.150150,2377.6604,4,4,40.9376,2.325756,0.357105,9.7356e+07,40.98,63593.40,21535.20,1,0
42064.871206,2377.2805,3,3,30.7248,2.326458,-2.456302,5.70613e+06,414.31,66852.90,24788.00,0,2
42064.871206,2377.2805,3,3,30.7248,2.326458,-0.112225,1.06255e+09,64.66,102484.70,60419.70,1,0
42072.879090,2376.8281,8,8,81.9991,2.327267,0.446766,2.06901e+08,62.25,63221.30,21148.40,1,0
42074.290654,2376.7483,4,4,41.0053,2.327406,-0.566541,4.82784e+07,59.41,66324.80,24250.60,1,0
42077.760835,2376.5523,5,5,51.274,2.327745,-0.773705,4.74967e+07,78.25,65922.40,23844.60,1,0
42081.940793,2376.3163,5,5,51.2945,2.328145,0.219719,1.73974e+08,50.42,69686.30,27604.30,1,0
42102.800405,2375.1389,6,6,61.6687,2.330017,1.427676,3.23867e+08,65.93,60166.20,18063.40,1,0
42109.891219,2374.7390,4,4,41.1367,2.330607,-0.784889,8.73869e+08,112.82,104788.70,62678.70,1,0
42123.360314,2373.9796,7,7,72.0654,2.331665,0.618532,2.37251e+08,90.87,64401.00,22277.70,1,0
42143.351148,2372.8535,9,9,92.787,2.333082,0.076893,3.27929e+08,91.73,71978.50,29835.10,1,0
42146.890054,2372.6543,2,2,20.6241,2.333315,0.413262,1.01061e+09,259.57,100321.10,58174.10,1,0
42154.639597,2372.2181,3,3,30.9514,2.333804,-0.229570,4.30229e+07,80.75,64235.60,22080.90,1,0
42157.429771,2372.0611,9,9,92.8698,2.333974,0.287614,2.08483e+08,60.47,63768.70,21611.20,1,0
42157.429771,2372.0611,9,9,92.8698,2.333974,0.178346,1.84016e+08,67.73,63576.30,21418.80,1,0
42178.200530,2370.8930,4,4,41.3234,2.335133,-0.259424,4.09194e+07,59.12,60419.70,18241.50,1,0
42190.219180,2370.2176,2,2,20.6738,2.335720,1.180153,9.86183e+07,75.67,62062.60,19872.40,1,0
42197.570234,2369.8047,10,10,103.403,2.336050,0.283646,5.35313e+09,86.77,102617.20,60419.70,1,0
42203.000918,2369.4997,10,10,103.427,2.336279,1.688100,3.79004e+09,42.25,80988.80,38785.80,1,0
42206.409223,2369.3084,6,6,62.0646,2.336416,-1.135379,4.44142e+07,165.31,67240.40,25033.90,1,0
42210.220027,2369.0945,5,5,51.7282,2.336565,0.598205,2.00263e+08,73.13,66681.10,24470.90,1,0
42219.970112,2368.5474,5,5,51.7464,2.336917,1.126482,2.42897e+08,47.45,62535.60,20315.70,1,0
42219.970112,2368.5474,5,5,51.7464,2.336917,-0.917396,4.39984e+07,310.22,66681.10,24461.20,1,0
42225.800344,2368.2204,3,3,31.0538,2.337110,0.611177,2.68234e+09,70.74,104904.60,62678.70,1,0
42256.159809,2366.5189,8,8,82.8754,2.337897,0.631407,5.0826e+09,68.97,100430.30,58174.10,1,0
42261.160130,2366.2389,10,10,103.604,2.337992,-1.449734,5.32417e+07,149.98,67049.20,24788.00,1,0
42268.500942,2365.8279,7,7,72.5319,2.338116,0.473776,3.66745e+08,59.12,71536.40,29267.90,1,0
42269.399400,2365.7776,6,6,62.171,2.338129,-0.518665,8.52848e+07,555.30,67679.20,25409.70,1,0
42279.280589,2365.2247,8,8,82.9055,2.338260,0.494878,3.31416e+08,95.81,68374.50,26095.20,1,0
42283.359849,2364.9965,7,7,72.5455,2.338304,0.304576,1.9679e+08,61.53,65935.20,23651.90,1,0
42292.460878,2364.4876,1,1,10.3644,2.338379,0.060522,2.92202e+07,110.47,69431.00,27138.50,1,0
42318.381202,2363.0393,2,2,20.7299,2.338432,0.416720,1.20939e+09,50.96,102484.70,60166.20,1,0
42319.999345,2362.9490,4,4,41.4597,2.338427,-0.287627,5.48963e+07,90.48,64401.00,22080.90,1,0
42329.389092,2362.4248,5,5,51.8223,2.338383,-0.284160,7.14287e+07,80.15,64857.20,22527.70,1,0
42340.359324,2361.8127,6,6,62.1812,2.338294,0.715619,6.00156e+09,89.37,105019.10,62678.70,1,0
42345.829249,2361.5077,5,5,51.8146,2.338234,0.274539,3.18727e+09,99.77,104904.60,62558.70,1,0
42354.689746,2361.0136,5,5,51.8085,2.338116,-0.667157,6.69518e+07,103.45,68801.70,26447.00,1,0
42354.689746,2361.0136,5,5,51.8085,2.338116,0.006168,3.08605e+08,62.26,79366.70,37011.90,1,0
42364.849343,2360.4474,2,2,20.72,2.337950,1.629609,2.37588e+08,65.01,67398.80,25033.90,1,0
42370.969924,2360.1065,6,6,62.1526,2.337833,0.783414,6.43085e+09,82.64,105049.70,62678.70,1,0
42372.851242,2360.0017,5,5,51.7919,2.337795,0.367565,1.19876e+08,81.41,63221.30,20848.40,1,0
42383.720708,2359.3964,4,4,41.4234,2.337553,0.605285,1.21682e+08,47.68,63232.10,20848.40,1,0
42402.560387,2358.3482,3,3,31.0518,2.337046,-0.727676,1.23182e+08,82.46,83426.60,41024.00,1,0
42405.819282,2358.1669,5,5,51.7479,2.336947,0.390429,1.64459e+08,50.66,66867.10,24461.20,1,0
42410.670917,2357.8971,3,3,31.044,2.336794,0.424450,1.87286e+09,75.71,102830.40,60419.70,1,0
42427.770452,2356.9469,3,3,31.0256,2.336200,0.540219,8.7717e+07,60.38,63576.30,21148.40,1,0
42430.329719,2356.8047,4,4,41.3635,2.336104,-0.103593,9.16756e+07,94.07,68525.60,26095.20,1,0
42449.100182,2355.7625,3,3,30.9989,2.335341,-1.563979,3.51924e+07,64.26,78312.90,35863.70,1,0
42450.900748,2355.6626,6,6,61.993,2.335262,1.429457,8.53958e+09,81.94,100625.00,58174.10,1,0
42460.310992,2355.1405,4,4,41.3112,2.334838,0.198295,2.37013e+09,74.56,105019.10,62558.70,1,0
42465.580107,2354.8483,2,2,20.6505,2.334590,-0.530319,7.04214e+07,84.68,79136.20,36670.60,1,0
42473.359048,2354.4170,9,9,92.8918,2.334211,1.563208,1.41214e+09,99.96,71736.50,29263.10,1,0
42479.780128,2354.0611,4,4,41.2718,2.333885,0.952815,1.85712e+08,57.63,64235.60,21755.80,1,0
42481.749534,2353.9520,4,4,41.2676,2.333783,0.124011,1.00916e+08,50.05,66943.00,24461.20,1,0
42494.060558,2353.2700,5,5,51.5504,2.333123,1.008209,8.18258e+08,52.59,79136.20,36642.10,1,0
42500.471214,2352.9151,3,3,30.9191,2.332763,-2.503055,7.82647e+06,72.52,71385.60,28885.10,0,2
42539.170848,2350.7745,9,9,92.5366,2.330380,1.734025,6.53406e+08,68.92,60166.20,17627.00,1,0
42562.151108,2349.5053,4,4,41.0624,2.328799,1.326942,6.1616e+09,82.92,102981.90,60419.70,1,0
42599.891089,2347.4238,5,5,51.1822,2.325953,1.544410,7.49088e+08,63.79,71536.40,28936.50,1,0
42614.769068,2346.6043,2,2,20.4483,2.324751,0.723523,1.40363e+09,74.39,100788.90,58174.10,1,0
42616.451240,2346.5117,3,3,30.6682,2.324613,-0.072930,6.10192e+07,47.94,66867.10,24250.60,1,0
42630.849396,2345.7192,4,4,40.8415,2.323404,0.916853,3.40014e+09,88.67,100788.90,58158.10,1,0
42691.320041,2342.3965,2,2,20.3092,2.317924,-0.012763,5.14804e+07,116.73,69138.30,26447.00,1,0
42710.650518,2341.3364,2,2,20.2711,2.316047,0.109119,7.3006e+07,99.34,71978.50,29267.90,1,0
42726.259613,2340.4810,7,7,70.8384,2.314491,0.883769,1.00604e+09,56.10,79366.70,36640.40,1,0
42727.861202,2340.3933,9,9,91.0632,2.314329,1.184076,4.1877e+08,104.82,61718.00,18990.10,1,0
42727.861202,2340.3933,9,9,91.0632,2.314329,0.263043,1.93763e+08,66.05,63576.30,20848.40,1,0
42736.540192,2339.9180,3,3,30.3276,2.313447,-0.071960,5.1027e+07,92.40,64817.50,22080.90,1,0
42768.149972,2338.1886,9,9,90.6836,2.310152,1.391719,6.8493e+08,69.64,65295.90,22527.70,1,0
42769.359402,2338.1225,9,9,90.672,2.310024,-1.008377,7.2703e+07,163.21,67240.40,24470.90,1,0
42771.389627,2338.0115,2,2,20.145,2.309807,-0.285198,7.32605e+08,87.74,105450.20,62678.70,1,0
42778.230671,2337.6376,2,2,20.1302,2.309075,0.147778,1.08987e+09,80.29,105019.10,62240.80,1,0
42792.699504,2336.8472,10,10,100.494,2.307510,1.089840,3.78067e+08,73.73,60419.70,17627.00,1,0
42797.420906,2336.5894,6,6,60.2651,2.306994,0.029723,3.21001e+08,40.83,77822.00,35024.50,1,0
42820.150719,2335.3491,2,2,20.0379,2.304479,-0.172288,1.32794e+08,71.16,83025.90,40205.70,1,0
42836.790855,2334.4419,5,5,50.001,2.302606,-0.593862,6.37597e+07,119.32,67870.80,25033.90,1,0
42857.729428,2333.3014,5,5,49.8816,2.300215,-6.992141,68850.7,1956.43,62558.70,19700.90,0,2
42866.121168,2332.8446,1,1,9.96668,2.299247,-0.365735,3.8301e+07,40.60,78694.60,35828.50,1,0
42871.620268,2332.5454,4,4,39.8413,2.298610,-2.284665,1.26475e+07,71.11,71592.30,28720.70,0,2
42891.190115,2331.4811,5,5,49.688,2.296326,-2.488670,9.36768e+06,533.66,67679.20,24788.00,0,2
42898.051147,2331.1082,6,6,59.5776,2.295519,-0.888575,1.37222e+09,103.95,107299.10,64401.00,1,0
42913.249040,2330.2827,7,7,69.3824,2.293723,0.064409,2.50317e+09,87.24,101071.40,58158.10,1,0
42915.309743,2330.1708,2,2,19.8187,2.293479,-0.012348,7.95242e+08,90.64,103335.10,60419.70,1,0
42916.509156,2330.1056,9,9,89.1714,2.293336,0.434476,2.18072e+08,47.12,63232.10,20315.70,1,0
42920.209887,2329.9047,9,9,89.1322,2.292896,-0.289703,1.10336e+08,72.60,63768.70,20848.40,1,0
42924.359010,2329.6795,6,6,59.3921,2.292402,-0.492890,8.04552e+07,66.24,67395.30,24470.90,1,0
42927.249820,2329.5226,6,6,59.3717,2.292058,-0.367871,3.22761e+08,70.70,83025.90,40098.70,1,0
42931.891016,2329.2708,10,10,98.898,2.291504,1.153262,4.57866e+08,71.42,62240.80,19308.90,1,0
42934.030704,2329.1547,7,7,69.2109,2.291248,-1.223470,4.51455e+07,36.56,67395.30,24461.20,1,0
42940.741218,2328.7907,5,5,49.3966,2.290444,-0.142543,7.35342e+07,49.29,64235.60,21294.90,1,0
42964.719184,2327.4911,1,1,9.85087,2.287560,0.896549,5.79059e+07,99.36,68374.50,25409.70,1,0
42966.379592,2327.4011,1,1,9.8489,2.287360,0.006998,6.1736e+07,71.69,80164.00,37197.60,1,0
42973.269279,2327.0280,8,8,78.7256,2.286527,0.426057,2.41395e+08,58.20,66148.40,23175.10,1,0
42976.680962,2326.8432,7,7,68.8565,2.286115,0.027024,1.21146e+08,79.67,64215.50,21238.80,1,0
42977.719732,2326.7870,6,6,59.0125,2.285989,-1.568345,1.85968e+07,60.86,62678.70,19700.90,1,0
42982.209705,2326.5440,9,9,88.4706,2.285446,0.894786,3.76261e+08,66.16,64401.00,21418.80,1,0
42983.949043,2326.4498,1,1,9.82799,2.285235,-0.219437,2.06051e+07,45.32,69431.00,26447.00,1,0
42997.259027,2325.7296,2,2,19.6243,2.283621,0.214713,1.42167e+09,93.73,107854.50,64857.20,1,0
43001.120185,2325.5208,1,1,9.80755,2.283152,-0.111409,2.47292e+07,52.51,70381.50,27380.30,1,0
43007.949226,2325.1516,7,7,68.5959,2.282323,0.151274,3.87485e+09,88.20,105566.60,62558.70,1,0
43025.451259,2324.2057,1,1,9.77859,2.280195,-5.400127,247600,589.74,78889.10,35863.70,0,2
43029.211050,2324.0026,3,3,29.3224,2.279738,0.094418,6.72876e+07,99.35,66681.10,23651.90,1,0
43058.349231,2322.4300,5,5,48.6979,2.276197,-1.928978,2.26939e+07,278.20,71994.80,28936.50,1,0
43059.180247,2322.3851,2,2,19.4772,2.276096,-0.195067,9.6199e+07,66.01,79742.40,36683.20,1,0
43060.889394,2322.2930,5,5,48.6828,2.275889,-0.440768,4.9408e+07,122.18,63221.30,20160.40,1,0
43073.390288,2321.6190,2,2,19.4436,2.274373,-0.500521,5.74522e+08,97.41,105632.20,62558.70,1,0
43082.670430,2321.1189,10,10,97.109,2.273249,-0.592366,1.29668e+08,220.51,68492.40,25409.70,1,0
43082.670430,2321.1189,10,10,97.109,2.273249,-0.740907,1.06287e+08,68.60,67870.80,24788.00,1,0
43086.069915,2320.9358,3,3,29.1207,2.272838,-1.787457,1.07689e+07,269.30,67395.30,24309.20,1,0
43101.300208,2320.1156,10,10,96.8909,2.271001,1.031354,4.88777e+08,104.71,64857.20,21755.80,1,0
43103.400161,2320.0026,3,3,29.0599,2.270748,-0.028251,1.03142e+08,51.98,73609.10,30505.70,1,0
43109.290533,2319.6856,10,10,96.7978,2.270039,0.767108,3.75086e+08,45.08,64865.10,21755.80,1,0
43112.210207,2319.5285,10,10,96.7639,2.269689,1.638292,5.20758e+08,60.39,58158.10,15045.80,0,2
43115.480705,2319.3525,10,10,96.7259,2.269296,0.331935,1.82595e+08,77.97,61357.00,18241.50,1,0
43120.611250,2319.0766,10,10,96.6664,2.268681,-0.501603,2.47134e+08,100.52,75409.60,32288.90,1,0
43126.199034,2318.7761,5,5,48.3009,2.268013,-0.985942,3.64061e+07,33.15,66301.30,23175.10,1,0
43134.400242,2318.3352,5,5,48.2537,2.267034,-1.517835,2.56139e+07,85.34,68544.20,25409.70,1,0
43142.290697,2317.9112,9,9,86.7751,2.266095,0.028563,3.60049e+09,86.47,103308.50,60166.20,1,0
43144.620072,2317.7861,1,1,9.63901,2.265819,-1.131992,6.85608e+06,119.20,67395.30,24250.60,1,0
43148.210902,2317.5932,7,7,67.4444,2.265393,-3.610548,3.79696e+06,500.92,66681.10,23532.90,0,2
43168.839599,2316.4857,2,2,19.223,2.262960,-1.065455,2.67503e+08,76.40,103335.10,60166.20,1,0
43174.781129,2316.1669,10,10,96.0481,2.262264,0.277417,2.48071e+08,61.54,65922.40,22747.70,1,0
43178.160003,2315.9857,1,1,9.60102,2.261869,-0.430504,2.5224e+08,102.64,103344.40,60166.20,1,0
43198.609445,2314.8893,10,10,95.7826,2.259496,1.235712,4.9105e+08,80.89,62558.70,19360.10,1,0
43204.521165,2314.5726,6,6,57.4305,2.258816,-1.662378,2.33388e+07,61.28,67049.20,23844.60,1,0
43208.299327,2314.3702,6,6,57.4056,2.258382,-0.352439,9.0968e+07,79.60,67679.20,24470.90,1,0
43214.929367,2314.0151,7,7,66.9224,2.257624,0.275125,1.63774e+08,67.26,65295.90,22080.90,1,0
43217.950765,2313.8533,6,6,57.3423,2.257280,-0.290884,9.66152e+07,64.70,67679.20,24461.20,1,0
43239.220900,2312.7151,6,6,57.2047,2.254877,-1.314548,4.07136e+07,70.22,69686.30,26447.00,1,0
43249.739165,2312.1527,10,10,95.2294,2.253704,0.417129,2.15075e+08,72.53,62558.70,19308.90,1,0
43252.619489,2311.9987,10,10,95.199,2.253384,0.736964,3.43604e+08,52.70,64401.00,21148.40,1,0
43257.741198,2311.7250,1,1,9.51451,2.252818,0.641939,5.76422e+07,40.64,71978.50,28720.70,1,0
43272.089323,2310.9584,3,3,28.4987,2.251246,-0.504923,5.94791e+08,94.81,101446.30,58174.10,1,0
43277.760562,2310.6556,2,2,18.9874,2.250631,-5.139407,179965,960.47,63593.40,20315.70,0,2
43288.239390,2310.0963,1,1,9.48302,2.249502,-0.037839,3.15629e+08,80.00,101446.30,58158.10,1,0
43291.160294,2309.9404,7,7,66.3604,2.249190,-1.093926,4.71108e+07,95.61,66943.00,23651.90,1,0
43293.639082,2309.8081,9,9,85.2979,2.248926,-0.589126,9.86462e+07,50.33,66735.90,23442.30,1,0
43293.639082,2309.8081,9,9,85.2979,2.248926,-1.530474,2.49035e+07,81.59,61357.00,18063.40,1,0
43301.660283,2309.3803,5,5,47.3475,2.248075,-1.437862,5.74495e+07,45.18,77822.00,34520.30,1,0
43306.559280,2309.1190,10,10,94.6461,2.247559,0.679430,2.33405e+08,111.74,60419.70,17113.20,1,0
43318.620432,2308.4761,10,10,94.5271,2.246301,1.890077,9.38846e+08,63.63,62678.70,19360.10,0,2
43321.960690,2308.2981,10,10,94.4945,2.245956,1.001699,4.60403e+08,82.20,64857.20,21535.20,1,0
43325.790654,2308.0941,6,6,56.6743,2.245562,-0.367476,1.89171e+09,93.42,105566.60,62240.80,1,0
43327.800445,2307.9870,2,2,18.8875,2.245356,-4.649152,1.45273e+06,584.70,83426.60,40098.70,0,2
43329.940599,2307.8730,2,2,18.8834,2.245137,0.024848,3.46553e+07,54.56,64865.10,21535.20,1,0
43334.240778,2307.6440,9,9,84.9382,2.244699,-0.188444,1.48068e+08,64.67,66867.10,23532.90,1,0
43340.590663,2307.3059,3,3,28.2945,2.244056,0.700545,1.35533e+08,104.53,68374.50,25033.90,1,0
43368.379948,2305.8274,8,8,75.245,2.241308,1.459829,5.84802e+08,53.71,64979.60,21611.20,1,0
43369.730945,2305.7556,8,8,75.2352,2.241177,0.958869,2.94122e+08,72.70,62678.70,19308.90,1,0
43381.740134,2305.1173,2,2,18.7871,2.240026,-1.035932,1.29728e+07,43.45,65909.40,22527.70,1,0
43385.639451,2304.9101,6,6,56.3406,2.239657,0.137272,2.69784e+09,84.16,103805.40,60419.70,1,0
43391.889793,2304.5781,7,7,65.6922,2.239069,0.093434,1.77291e+08,119.98,68801.70,25409.70,1,0
43393.881191,2304.4724,9,9,84.4456,2.238883,1.500839,5.20134e+08,58.81,61605.70,18211.80,1,0
43395.671046,2304.3773,6,6,56.2877,2.238717,-6.412923,199993,1254.80,67240.40,23844.60,0,2
43397.219860,2304.2951,5,5,46.8997,2.238573,-4.865025,771404,679.57,67049.20,23651.90,0,2
43398.650230,2304.2191,6,6,56.2722,2.238441,-2.576636,7.61748e+06,312.19,64817.50,21418.80,0,2
43399.780306,2304.1591,2,2,18.7554,2.238336,0.231937,5.39093e+07,54.52,67870.80,24470.90,1,0
43405.980107,2303.8300,7,7,65.6067,2.237767,-0.214397,4.6073e+08,62.45,84431.00,41024.00,1,0
43407.469844,2303.7510,1,1,9.37111,2.237632,-1.022909,6.5655e+06,115.39,65935.20,22527.70,1,0
43410.160981,2303.6081,5,5,46.8441,2.237387,-1.301065,2.69597e+07,103.48,66943.00,23532.90,1,0
43415.879194,2303.3047,7,7,65.5479,2.236871,-0.138424,9.18744e+07,77.41,63576.30,20160.40,1,0
43444.400346,2301.7926,9,9,84.0662,2.234380,0.537708,2.5937e+08,77.73,64979.60,21535.20,1,0
43453.030148,2301.3355,9,9,84.0052,2.233654,0.985019,3.67482e+08,154.39,63768.70,20315.70,1,0
43458.509617,2301.0453,4,4,37.3187,2.233199,-0.994181,3.30538e+07,49.36,68492.40,25033.90,1,0
43484.930723,2299.6472,6,6,55.8597,2.231084,-0.101597,3.43135e+08,75.79,81404.50,37919.60,1,0
43491.669470,2299.2909,6,6,55.8307,2.230565,0.171638,1.58969e+08,79.17,68525.60,25033.90,1,0
43496.039649,2299.0599,1,1,9.30204,2.230234,0.269165,3.14154e+07,58.11,69431.00,25935.00,1,0
43504.211036,2298.6281,3,3,27.8891,2.229623,-0.084856,5.87048e+07,61.33,67965.50,24461.20,1,0
43506.200551,2298.5229,8,8,74.36,2.229477,-0.004776,1.02287e+08,65.96,61718.00,18211.80,1,0
43510.290486,2298.3069,5,5,46.4611,2.229178,-2.612478,8.1822e+06,1872.01,68544.20,25033.90,0,2
43511.750070,2298.2298,8,8,74.3299,2.229072,0.115521,5.12824e+08,68.65,80164.00,36652.30,1,0
43530.338982,2297.2484,2,2,18.5581,2.227761,-0.049976,9.7436e+08,105.93,107299.10,63768.70,1,0
43543.320443,2296.5635,4,4,37.0839,2.226887,1.448202,5.59791e+08,37.11,73378.40,29835.10,1,0
43552.639028,2296.0721,7,7,64.8575,2.226282,-1.929842,1.61512e+07,386.19,64401.00,20848.40,1,0
43560.739627,2295.6451,9,9,83.3456,2.225772,0.208424,1.84507e+08,69.72,64979.60,21418.80,1,0
43560.739627,2295.6451,9,9,83.3456,2.225772,0.187698,2.08316e+08,51.52,66735.90,23175.10,1,0
43562.259283,2295.5651,8,8,74.078,2.225677,-0.165167,1.11752e+08,77.86,64857.20,21294.90,1,0
43567.131156,2295.3084,9,9,83.3129,2.225379,0.924265,1.21115e+09,40.89,79395.60,35828.50,1,0
43568.840879,2295.2183,8,8,74.0482,2.225275,0.032232,1.89913e+08,66.27,68978.50,25409.70,1,0
43577.350370,2294.7701,5,5,46.2567,2.224769,0.416759,1.74353e+08,85.15,68987.10,25409.70,1,0
43586.600813,2294.2831,7,7,64.725,2.224238,-0.724654,7.41313e+07,127.57,68374.50,24788.00,1,0
43588.429572,2294.1868,1,1,9.24548,2.224135,0.782329,4.35978e+07,45.84,67240.40,23651.90,1,0
43591.010581,2294.0510,1,1,9.24415,2.223991,0.379425,3.5509e+07,70.64,69686.30,26095.20,1,0
43599.319967,2293.6138,8,8,73.9198,2.223539,0.339031,1.07286e+08,101.65,58158.10,14558.80,1,0
43605.959232,2293.2645,8,8,73.8939,2.223189,-0.103235,2.78237e+08,82.88,75409.60,31803.70,1,0
43606.909441,2293.2146,8,8,73.8903,2.223139,-1.988395,2.14739e+07,239.91,67049.20,23442.30,0,4
43615.390410,2292.7687,8,8,73.8585,2.222709,-1.099740,2.54528e+07,61.35,58174.10,14558.80,1,0
43630.599981,2291.9694,1,1,9.22559,2.221981,0.607680,3.48827e+07,46.88,66681.10,23050.60,1,0
43631.819683,2291.9053,5,5,46.1254,2.221925,-0.088901,8.16408e+07,44.06,65909.40,22277.70,1,0
43640.809564,2291.4332,1,1,9.22137,2.221524,-1.677673,5.03833e+06,90.65,71021.10,27380.30,1,0
43650.069554,2290.9471,9,9,82.9598,2.221132,0.478191,1.62607e+08,66.00,60166.20,16516.10,1,0
43656.300132,2290.6201,5,5,46.0772,2.220880,-6.109594,233722,1285.43,67965.50,24309.20,0,2
43669.130799,2289.9471,5,5,46.0547,2.220392,-2.984232,4.12171e+06,730.01,64817.50,21148.40,0,2
43684.700800,2289.1309,5,5,46.0301,2.219858,-0.480006,5.10455e+07,58.66,64979.60,21294.90,1,0
43684.700800,2289.1309,5,5,46.0301,2.219858,-1.268221,2.38097e+07,61.56,65295.90,21611.20,1,0
43690.319186,2288.8366,9,9,82.8395,2.219681,0.669871,1.00677e+09,82.34,80360.80,36670.60,1,0
43700.249275,2288.3165,3,3,27.6051,2.219389,-0.259532,1.38299e+08,63.22,80897.90,37197.60,1,0
43702.329735,2288.2075,2,2,18.4023,2.219331,0.079820,1.21339e+09,86.81,108559.40,64857.20,1,0
43707.521168,2287.9357,1,1,9.19989,2.219191,-6.712483,24053.5,2830.53,67240.40,23532.90,0,2
43714.959907,2287.5464,8,8,73.5853,2.219004,1.074875,4.91584e+08,63.46,67965.50,24250.60,1,0
43718.780587,2287.3465,7,7,64.3814,2.218914,0.734105,8.33808e+08,54.13,80360.80,36642.10,1,0
43720.920858,2287.2345,7,7,64.3782,2.218865,0.535058,1.75964e+08,58.12,63593.40,19872.40,1,0
43728.531036,2286.8365,6,6,55.1724,2.218702,-1.100121,4.60269e+07,53.04,69138.30,25409.70,1,0
43737.120878,2286.3874,1,1,9.19388,2.218538,-1.377837,1.87279e+07,87.53,83607.30,39870.20,1,0
43743.519062,2286.0529,6,6,55.1573,2.218429,-0.389047,8.13426e+07,48.96,67395.30,23651.90,1,0
43751.380690,2285.6422,1,1,9.1918,2.218312,0.279903,6.70524e+07,66.31,78889.10,35137.80,1,0
43757.549808,2285.3199,10,10,91.9106,2.218232,1.750757,7.86176e+08,109.77,62678.70,18921.20,0,2
43767.839107,2284.7827,7,7,64.3305,2.218123,-0.471276,9.78576e+07,69.82,68801.70,25033.90,1,0
43816.480132,2282.2463,9,9,82.7035,2.218038,0.161256,2.02278e+08,52.60,66867.10,23050.60,1,0
43821.129626,2282.0042,7,7,64.3269,2.218068,0.117020,1.02034e+08,69.32,62062.60,18241.50,1,0
43828.429607,2281.6241,1,1,9.19011,2.218128,-0.250930,1.3771e+07,422.75,65909.40,22080.90,1,0
43834.619099,2281.3019,6,6,55.1442,2.218193,-0.542177,7.12496e+07,363.60,67679.20,23844.60,1,0
43854.301017,2280.2780,2,2,18.3867,2.218479,0.156119,4.14551e+07,43.04,65935.20,22080.90,1,0
43860.789646,2279.9407,7,7,64.3612,2.218601,-2.435576,1.31911e+07,2103.87,68331.70,24470.90,0,2
43862.401001,2279.8570,7,7,64.3633,2.218633,0.363552,2.0092e+08,52.15,67395.30,23532.90,1,0
43870.430134,2279.4397,6,6,55.1781,2.218807,-1.095351,4.31897e+07,91.01,68331.70,24461.20,1,0
43874.280219,2279.2397,7,7,64.3803,2.218898,1.045240,1.47473e+09,66.43,83607.30,39733.00,1,0
43878.690122,2279.0106,6,6,55.1892,2.219009,0.282364,4.31178e+08,69.14,79742.40,35863.70,1,0
43885.890869,2278.6367,1,1,9.19999,2.219203,0.580786,1.06346e+08,82.50,80897.90,37011.90,1,0
43892.429051,2278.2972,5,5,46.0088,2.219394,-0.511616,4.39805e+07,59.64,63593.40,19700.90,1,0
43892.429051,2278.2972,5,5,46.0088,2.219394,-1.105611,3.1841e+07,47.00,66943.00,23050.60,1,0
43896.160881,2278.1036,5,5,46.0141,2.219510,0.451146,1.1683e+08,67.51,63768.70,19872.40,1,0
43903.581162,2277.7185,8,8,73.6405,2.219754,0.281169,2.2894e+08,52.99,68374.50,24470.90,1,0
43905.419387,2277.6232,4,4,36.8226,2.219817,-0.933105,1.11212e+08,68.65,83025.90,39120.40,1,0
43919.959964,2276.8691,4,4,36.8426,2.220359,-0.353328,4.34317e+07,66.51,64235.60,20315.70,1,0
43943.391061,2275.6551,1,1,9.22012,2.221388,-0.078357,4.52176e+07,52.92,78463.60,34520.30,1,0
43956.550437,2274.9738,5,5,46.1312,2.222051,0.743429,2.1016e+08,56.78,67398.80,23442.30,1,0
43965.170664,2274.5277,9,9,83.075,2.222519,1.936926,5.18131e+09,60.01,84992.00,41026.90,0,2
43970.410668,2274.2567,6,6,55.3998,2.222817,-0.086108,4.11676e+08,74.00,83703.40,39733.00,1,0
43977.430852,2273.8936,9,9,83.1342,2.223231,1.808283,4.10659e+09,59.60,83703.40,39726.00,0,2
43978.630722,2273.8316,1,1,9.2378,2.223304,0.314481,1.71421e+07,796.92,61605.70,17627.00,1,0
43988.059294,2273.3442,9,9,83.1892,2.223894,1.355947,9.81005e+08,61.11,71592.30,27604.30,1,0
43999.261114,2272.7654,9,9,83.2511,2.224637,-0.134898,1.02229e+08,59.12,62062.60,18063.40,1,0
43999.261114,2272.7654,9,9,83.2511,2.224637,0.654530,2.28391e+08,71.94,62240.80,18241.50,1,0
44000.930130,2272.6792,6,6,55.5071,2.224751,-0.897941,4.12798e+07,57.17,65295.90,21294.90,1,0
44022.459091,2271.5678,8,8,74.1261,2.226326,0.293713,2.34964e+08,64.89,68492.40,24470.90,1,0
44026.119905,2271.3789,9,9,83.4156,2.226611,1.116680,5.72533e+08,54.50,67870.80,23844.60,1,0
44027.280591,2271.3190,8,8,74.154,2.226702,0.146257,1.89887e+08,40.41,67679.20,23651.90,1,0
44030.190260,2271.1689,9,9,83.4426,2.226934,1.334635,3.81806e+08,57.44,60166.20,16136.00,1,0
44073.240425,2268.9505,1,1,9.30681,2.230746,-1.665558,4.171e+06,672.33,68544.20,24470.90,1,0
44083.850556,2268.4044,5,5,46.583,2.231798,-0.136834,1.22635e+08,58.47,71536.40,27452.40,1,0
44104.429525,2267.3460,8,8,74.6948,2.233968,0.924128,4.67718e+08,45.30,69138.30,25033.90,1,0
44110.519658,2267.0329,1,1,9.34315,2.234644,-0.816225,1.44639e+07,51.94,73378.40,29267.90,1,0
44114.251108,2266.8412,5,5,46.7354,2.235065,0.097026,2.68784e+08,66.66,78312.90,34198.60,1,0
44116.009418,2266.7508,5,5,46.7448,2.235265,-0.324202,5.46001e+07,70.35,63816.90,19700.90,1,0
44132.110381,2265.9238,6,6,56.2002,2.237161,0.082549,1.8705e+08,71.83,71736.50,27604.30,1,0
44146.359328,2265.1925,6,6,56.2997,2.238929,-0.630773,6.6105e+07,50.95,67679.20,23532.90,1,0
44166.540308,2264.1574,2,2,18.8164,2.241580,-0.671654,1.839e+07,46.65,65922.40,21755.80,1,0
44177.529778,2263.5942,8,8,75.3797,2.243097,0.172980,1.27249e+08,77.66,62240.80,18063.40,1,0
44204.170269,2262.2300,6,6,56.7554,2.246991,-4.115366,7.90116e+06,178.07,84409.90,40205.70,0,2
44212.069711,2261.8258,9,9,85.2366,2.248206,0.633733,4.85703e+08,106.85,71592.30,27380.30,1,0
44218.850817,2261.4789,1,1,9.48082,2.249271,-0.481098,1.31098e+07,105.00,67870.80,23651.90,1,0
44242.080132,2260.2916,2,2,19.0339,2.253074,-0.123813,2.58362e+07,84.32,63232.10,18990.10,1,0
44245.549211,2260.1143,1,1,9.52256,2.253663,1.051642,1.74837e+08,66.01,80897.90,36652.30,1,0
44247.070734,2260.0366,2,2,19.0501,2.253923,-1.114311,1.85724e+07,78.87,71385.60,27138.50,1,0
44282.170658,2258.2452,4,4,38.3406,2.260216,0.527851,5.95102e+08,73.59,85306.10,41024.00,1,0
44284.449681,2258.1290,8,8,76.7141,2.260644,0.546120,2.09316e+08,118.30,63593.40,19308.90,1,0
44286.170963,2258.0412,5,5,47.9619,2.260969,-1.238807,3.80307e+07,49.56,70381.50,26095.20,1,0
44298.320174,2257.4219,1,1,9.61479,2.263303,0.844607,4.26325e+07,51.32,65909.40,21611.20,1,0
44300.320609,2257.3200,5,5,48.0927,2.263693,0.016755,2.9525e+08,64.62,80164.00,35863.70,1,0
44301.440383,2257.2629,5,5,48.1033,2.263913,0.298572,1.35473e+08,43.01,67049.20,22747.70,1,0
44317.170287,2256.4618,8,8,77.2079,2.267061,0.252620,1.4436e+08,75.65,62558.70,18241.50,1,0
44318.170675,2256.4108,8,8,77.2237,2.267265,-0.642156,2.62123e+08,78.12,80988.80,36670.60,1,0
44324.029657,2256.1126,2,2,19.3292,2.268470,-1.328292,9.77216e+06,498.45,65935.20,21611.20,1,0
44330.809746,2255.7675,6,6,58.0697,2.269885,-0.291716,1.04366e+08,75.55,68801.70,24470.90,1,0
44331.419614,2255.7365,7,7,67.7567,2.270014,0.246968,6.59624e+08,64.30,83025.90,38694.50,1,0
44342.110842,2255.1926,1,1,9.70162,2.272293,0.902650,1.35291e+08,42.66,79366.70,35024.50,1,0
44344.670182,2255.0624,1,1,9.707,2.272847,1.109796,6.32136e+07,52.75,67395.30,23050.60,1,0
44346.659490,2254.9613,8,8,77.6896,2.273280,0.907105,1.24072e+09,75.13,80988.80,36642.10,1,0
44356.100279,2254.4813,1,1,9.73142,2.275360,-0.298575,2.20129e+07,92.79,71736.50,27380.30,1,0
44363.109620,2254.1251,2,2,19.4935,2.276932,-0.235070,2.56061e+07,96.58,64235.60,19872.40,1,0
44368.819499,2253.8350,5,5,48.797,2.278230,-0.100020,2.40061e+08,69.22,78889.10,34520.30,1,0
44371.040544,2253.7222,5,5,48.8218,2.278740,-0.696191,1.37849e+08,45.01,79395.60,35024.50,1,0
44374.270491,2253.5582,7,7,68.4015,2.279485,0.474600,3.41727e+08,56.49,71978.50,27604.30,1,0
44384.379637,2253.0449,8,8,78.3583,2.281851,0.352435,1.37069e+08,59.10,60520.30,16136.00,1,0
44387.199196,2252.9018,6,6,58.8081,2.282519,-0.708714,5.51092e+07,54.94,65922.40,21535.20,1,0
44400.109502,2252.2467,9,9,88.4871,2.285632,0.740601,3.53526e+08,46.30,65935.20,21535.20,1,0
44402.159657,2252.1427,8,8,78.6947,2.286134,1.625296,1.09122e+09,39.38,70381.50,25979.30,1,0
44428.539856,2250.8055,9,9,89.1221,2.292783,0.690598,3.95861e+08,100.06,67870.80,23442.30,1,0
44435.729384,2250.4413,7,7,69.4471,2.294656,-2.165933,1.10786e+07,94.99,62062.60,17627.00,0,2
44437.149795,2250.3694,8,8,79.3978,2.295029,0.793817,2.56847e+08,67.57,62678.70,18241.50,1,0
44447.520123,2249.8443,8,8,79.6169,2.297785,-0.265467,1.10329e+08,74.64,65295.90,20848.40,1,0
44450.069959,2249.7152,8,8,79.6716,2.298471,-0.346174,9.28284e+07,53.84,64150.90,19700.90,1,0
44453.789068,2249.5270,2,2,19.9379,2.299478,-1.511888,1.32198e+07,72.42,71592.30,27138.50,1,0
44456.809954,2249.3742,8,8,79.8175,2.300301,-0.109618,1.14659e+08,93.57,63816.90,19360.10,1,0
44475.990675,2248.4041,1,1,10.0306,2.305637,-0.839709,3.28335e+07,69.65,83025.90,38549.90,1,0
44487.131073,2247.8411,1,1,10.0626,2.308824,2.532797,2.92379e+08,75.08,68331.70,23844.60,0,2
44492.639807,2247.5628,7,7,70.5509,2.310424,-0.393910,1.00528e+08,109.06,67240.40,22747.70,1,0
44495.270535,2247.4299,2,2,20.1729,2.311194,-1.468699,6.7182e+06,127.74,62558.70,18063.40,1,0
44507.949973,2246.7896,8,8,80.9958,2.314956,-0.220752,1.03994e+08,90.42,63816.90,19308.90,1,0
44514.529803,2246.4575,7,7,71.0122,2.316942,-0.187222,9.73603e+07,86.56,64215.50,19700.90,1,0
44517.220947,2246.3217,1,1,10.1529,2.317761,-0.213495,1.99324e+07,62.56,68978.50,24461.20,1,0
44525.849785,2245.8864,5,5,50.8994,2.320413,-0.590512,6.85746e+07,47.66,68987.10,24461.20,1,0
44528.529213,2245.7512,3,3,30.565,2.321244,-0.351333,3.60896e+07,113.23,64401.00,19872.40,1,0
44529.910894,2245.6816,6,6,61.1564,2.321674,0.041782,1.47547e+08,82.00,68374.50,23844.60,1,0
44534.690966,2245.4405,1,1,10.208,2.323171,-0.320702,1.22611e+07,216.65,64235.60,19700.90,1,0
44540.469650,2245.1492,7,7,71.5865,2.324997,0.466823,9.66648e+08,65.15,84410.60,39870.20,1,0
44541.420151,2245.1013,7,7,71.6082,2.325299,0.039621,1.29662e+08,65.55,64857.20,20315.70,1,0
44559.680884,2244.1812,1,1,10.2903,2.331197,-0.845146,3.74628e+07,686.18,84431.00,39870.20,1,0
44586.190654,2242.8469,10,10,103.821,2.340085,1.454058,6.96588e+08,76.93,63576.30,18990.10,1,0
44589.410930,2242.6849,6,6,62.3616,2.341191,0.237599,1.61772e+08,58.15,66867.10,22277.70,1,0
44590.329879,2242.6387,8,8,83.1752,2.341508,1.509727,8.60244e+08,40.04,68238.10,23647.80,1,0
44600.159164,2242.1445,3,3,31.2974,2.344924,0.715525,1.28948e+08,342.36,66681.10,22080.90,1,0
44604.550666,2241.9237,3,3,31.3458,2.346468,-0.776712,8.3542e+07,68.99,79742.40,35137.80,1,0
44613.809735,2241.4584,6,6,62.8983,2.349759,0.696885,1.77541e+08,47.84,62240.80,17627.00,1,0
44640.660212,2240.1102,10,10,105.864,2.359575,0.287960,1.67749e+08,116.69,60166.20,15525.50,1,0
44643.010637,2239.9923,2,2,21.1915,2.360454,-0.423770,3.48726e+07,47.89,69431.00,24788.00,1,0
44647.799578,2239.7520,10,10,106.148,2.362254,0.602073,4.51573e+08,105.33,68492.40,23844.60,1,0
44657.709908,2239.2550,6,6,63.9295,2.366021,0.855471,5.20172e+08,45.68,73378.40,28720.70,1,0
44669.360370,2238.6710,8,8,85.6238,2.370521,0.035184,2.14824e+08,101.86,68978.50,24309.20,1,0
44677.549205,2238.2606,1,1,10.7374,2.373731,0.335219,1.2672e+08,56.17,84410.60,39733.00,1,0
44683.659236,2237.9546,10,10,107.634,2.376152,1.251685,7.11602e+08,94.44,65922.40,21238.80,1,0
44699.579677,2237.1575,7,7,75.8283,2.382561,-1.288883,4.88349e+07,312.63,68544.20,23844.60,1,0
44728.371002,2235.7175,6,6,65.7783,2.394530,1.258293,4.38913e+08,177.58,65967.20,21238.80,1,0
44740.841010,2235.0943,6,6,66.1302,2.399866,-1.741572,2.6945e+07,85.95,68492.40,23751.60,1,0
44752.160036,2234.5290,2,2,22.1522,2.404790,-0.163969,1.24228e+08,55.17,81404.50,36652.30,1,0
44764.120473,2233.9320,6,6,66.8089,2.410077,-0.310052,3.23652e+08,80.63,81404.50,36640.40,1,0
44778.599555,2233.2096,6,6,67.2456,2.416592,-0.323414,7.71432e+07,60.42,63768.70,18990.10,1,0
44790.830986,2232.5998,7,7,78.894,2.422195,0.066612,1.3784e+08,64.70,64150.90,19360.10,1,0
44798.920637,2232.1966,7,7,79.1909,2.425951,-4.232053,2.63598e+06,428.58,68331.70,23532.90,0,2
44822.120067,2231.0413,10,10,114.38,2.436944,2.895123,2.08344e+09,74.87,58174.10,13352.10,0,2
44840.839232,2230.1099,1,1,11.5427,2.446057,-3.121474,662854,1286.51,61357.00,16516.10,0,2
44841.980495,2230.0532,6,6,69.2955,2.446620,-0.484935,6.96636e+07,77.27,64150.90,19308.90,1,0
44855.400281,2229.3860,7,7,81.3863,2.453297,0.107266,1.48656e+08,70.27,64215.50,19360.10,1,0
44856.329438,2229.3398,6,6,69.7922,2.453763,0.444048,3.3499e+08,44.96,71994.80,27138.50,1,0
44862.140809,2229.0510,6,6,69.997,2.456693,-1.397773,3.53876e+07,118.04,66943.00,22080.90,1,0
44871.160854,2228.6029,1,1,11.7198,2.461283,-0.778730,1.14148e+07,118.04,67398.80,22527.70,1,0
44877.850256,2228.2707,7,7,82.3213,2.464719,-0.497950,1.16286e+08,518.17,68525.60,23647.80,1,0
44885.449418,2227.8935,3,3,35.4198,2.468658,-0.382212,8.47164e+07,81.23,73606.20,28720.70,1,0
44894.230937,2227.4577,7,7,83.027,2.473255,-1.633907,1.95398e+07,153.47,60419.70,15525.50,1,0
44898.269398,2227.2573,6,6,71.3177,2.475386,0.211518,2.24862e+08,43.62,69686.30,24788.00,1,0
44905.809825,2226.8833,7,7,83.538,2.479392,0.716266,1.34549e+09,58.03,83607.30,38701.60,1,0
44906.490964,2226.8496,3,3,35.815,2.479755,-1.812859,9.57858e+06,332.62,64215.50,19308.90,1,0
44906.490964,2226.8496,3,3,35.815,2.479755,-3.058232,6.94807e+06,118.16,75640.00,30733.50,0,2
44909.660362,2226.6924,8,8,95.6689,2.481451,-0.211817,1.48326e+08,266.09,66148.40,21238.80,1,0
44914.869426,2226.4342,6,6,71.9529,2.484253,-0.597336,8.78744e+07,67.64,67965.50,23050.60,1,0
44917.710459,2226.2933,1,1,12.0106,2.485788,-1.535863,2.04991e+07,735.34,83703.40,38785.80,1,0
44926.750969,2225.8454,7,7,84.4888,2.490708,-0.431455,9.00498e+07,87.52,64235.60,19308.90,1,0
44931.680282,2225.6012,7,7,84.7176,2.493413,-0.324317,8.7744e+07,99.42,62558.70,17627.00,1,0
44932.309491,2225.5700,6,6,72.6402,2.493759,-0.910047,6.7048e+07,141.40,68374.50,23442.30,1,0
44945.170846,2224.9331,7,7,85.3539,2.500896,-0.997865,5.40987e+07,40.02,64817.50,19872.40,1,0
44957.059600,2224.3448,5,5,61.3765,2.507589,-0.332149,1.04462e+08,206.25,68801.70,23844.60,1,0
44960.090101,2224.1948,6,6,73.7786,2.509309,0.199883,2.2492e+08,41.51,69431.00,24470.90,1,0
44965.529984,2223.9258,10,10,123.347,2.512413,2.346622,1.55189e+09,77.26,60419.70,15454.20,0,2
44968.179867,2223.7947,5,5,61.767,2.513932,-1.268019,3.57754e+07,65.96,67049.20,22080.90,1,0
44980.259467,2223.1975,8,8,99.5198,2.520915,1.177245,5.76742e+08,70.42,65295.90,20315.70,1,0
44984.669858,2222.9795,4,4,49.8881,2.523488,-1.790418,1.43473e+07,118.76,64857.20,19872.40,1,0
45001.860004,2222.1304,7,7,88.195,2.533641,0.739243,1.46173e+09,69.55,83703.40,38701.60,1,0
45009.499572,2221.7532,1,1,12.6571,2.538216,0.727316,3.95208e+07,68.70,63221.30,18211.80,1,0
45061.020846,2219.2129,1,1,13.067,2.570089,0.027222,2.51522e+07,65.02,65909.40,20848.40,1,0
45083.330961,2218.1147,9,9,119.304,2.584448,1.166606,8.86324e+08,47.75,68525.60,23442.30,1,0
45089.491085,2217.8117,10,10,133.094,2.588472,1.381768,7.00386e+08,59.94,61605.70,16516.10,1,0
45089.491085,2217.8117,10,10,133.094,2.588472,-6.682937,491831,560.89,71536.40,26447.00,0,2
45101.960841,2217.1985,8,8,107.355,2.596698,-0.519784,1.47858e+08,128.43,68544.20,23442.30,1,0
45117.599144,2216.4300,1,1,13.5606,2.607166,-0.187002,2.37305e+07,90.80,67395.30,22277.70,1,0
45127.610985,2215.9383,10,10,136.53,2.613957,1.359527,7.39087e+08,117.90,62240.80,17113.20,1,0
45142.469843,2215.2089,2,2,27.5861,2.624163,0.905149,1.63578e+08,70.94,68987.10,23844.60,1,0
45143.919304,2215.1378,10,10,138.069,2.625167,1.315536,7.40779e+08,81.80,62678.70,17534.80,1,0
45145.320573,2215.0690,2,2,27.6406,2.626139,0.239533,1.03997e+08,66.75,71592.30,26447.00,1,0
45149.709267,2214.8537,2,2,27.7251,2.629192,0.660817,1.26827e+08,58.46,68801.70,23651.90,1,0
45151.439879,2214.7688,2,2,27.7586,2.630399,-0.443132,3.8445e+07,104.30,67679.20,22527.70,1,0
45159.310311,2214.3828,1,1,13.9561,2.635917,-1.214949,8.62016e+06,287.36,67240.40,22080.90,1,0
45168.779657,2213.9186,1,1,14.0499,2.642613,-3.399036,1.70218e+06,282.78,74105.20,28936.50,0,2
45168.779657,2213.9186,1,1,14.0499,2.642613,0.170564,2.50736e+07,1103.42,63232.10,18063.40,1,0
45201.799930,2212.3013,6,6,86.3336,2.666460,-0.223815,9.1818e+07,161.38,61718.00,16516.10,1,0
45207.520490,2212.0213,1,1,14.4496,2.670670,0.586196,2.32888e+08,69.35,85306.10,40098.70,1,0
45256.490392,2209.6278,6,6,89.9655,2.707667,0.422615,5.68211e+08,43.09,75762.20,30505.70,1,0
45262.310146,2209.3437,3,3,45.1862,2.712178,-1.184707,2.74316e+07,58.59,66681.10,21418.80,1,0
45266.060180,2209.1607,1,1,15.1061,2.715099,0.881016,3.18333e+08,65.36,84992.00,39726.00,1,0
45293.419440,2207.8262,5,5,77.1809,2.736714,-1.649780,3.02979e+07,224.32,67049.20,21755.80,1,0
45294.259690,2207.7853,9,9,139.019,2.737387,0.530972,3.8414e+08,116.79,64215.50,18921.20,1,0
45306.269190,2207.2001,8,8,124.773,2.747055,1.278799,5.2471e+08,125.36,60166.20,14860.00,1,0
45311.460131,2206.9472,10,10,156.625,2.751267,1.231359,5.33885e+08,117.45,58158.10,12846.70,1,0
45314.419617,2206.8031,6,6,94.2015,2.753677,0.286703,2.63587e+08,44.75,67395.30,22080.90,1,0
45317.769232,2206.6399,2,2,31.4865,2.756413,0.170237,7.84332e+07,93.01,67398.80,22080.90,1,0
45317.769232,2206.6399,2,2,31.4865,2.756413,-1.315612,1.69834e+07,669.84,66852.90,21535.20,1,0
45327.500893,2206.1662,10,10,158.696,2.764408,2.102706,1.29415e+09,68.23,58174.10,12846.70,0,2
45331.880434,2205.9531,2,2,31.8544,2.768029,-0.757383,3.02368e+07,59.46,66943.00,21611.20,1,0
45350.550589,2205.0449,8,8,129.42,2.783624,0.911621,7.4069e+08,267.03,68525.60,23175.10,1,0
45351.789499,2204.9847,8,8,129.556,2.784668,0.402023,2.98854e+08,91.89,63593.40,18241.50,1,0
45364.520978,2204.3658,5,5,81.8511,2.795464,0.146804,1.46038e+08,75.56,63576.30,18211.80,1,0
45386.310602,2203.3075,3,3,50.0406,2.814222,-1.732703,7.35101e+07,60.40,84410.60,39024.30,1,0
45386.310602,2203.3075,3,3,50.0406,2.814222,-0.275971,7.51692e+07,78.38,66681.10,21294.90,1,0
45405.729990,2202.3652,7,7,118.766,2.831241,0.613593,1.82482e+09,85.88,84431.00,39024.30,1,0
45448.269980,2200.3038,5,5,88.1431,2.869523,-0.744880,8.39852e+07,75.15,66867.10,21418.80,1,0
45486.419843,2198.4584,3,3,54.7976,2.905034,0.470518,2.11376e+08,60.42,69138.30,23651.90,1,0
45497.160404,2197.9394,10,10,184.531,2.915234,0.987034,9.82131e+08,60.92,66735.90,21238.80,1,0
45497.160404,2197.9394,10,10,184.531,2.915234,0.770738,1.17185e+09,58.82,71592.30,26095.20,1,0
45507.060174,2197.4612,7,7,130.403,2.924716,-0.859761,4.22373e+08,80.75,83426.60,37919.60,1,0
45514.080717,2197.1223,2,2,37.511,2.931486,0.992784,2.05874e+08,47.72,67049.20,21535.20,1,0
45530.020525,2196.3531,9,9,171.438,2.947000,0.908280,6.53542e+08,62.90,63593.40,18063.40,1,0
45556.289505,2195.0866,7,7,136.854,2.973002,0.634379,4.39442e+08,57.79,64865.10,19308.90,1,0
45556.930165,2195.0557,6,6,117.378,2.973643,-1.014200,6.63336e+07,131.67,63768.70,18211.80,1,0
45558.070496,2195.0008,1,1,19.5854,2.974784,1.227605,1.33672e+08,41.35,66852.90,21294.90,1,0
45559.690367,2194.9227,10,10,196.172,2.976408,1.802294,1.41342e+09,68.29,60419.70,14860.00,1,0
45565.549502,2194.6405,8,8,157.865,2.982297,0.801782,5.0202e+08,67.86,62678.70,17113.20,1,0
45575.410675,2194.1656,8,8,159.447,2.992271,0.719995,5.1219e+08,62.76,63816.90,18241.50,1,0
45601.419735,2192.9142,6,6,122.818,3.018947,-0.186537,2.97418e+08,74.30,71536.40,25935.00,1,0
45626.890199,2191.6900,1,1,21.0225,3.045594,0.351153,6.74471e+07,198.24,68374.50,22747.70,1,0
45629.220618,2191.5781,1,1,21.0744,3.048059,-0.380569,2.96742e+07,71.79,67240.40,21611.20,1,0
45641.240422,2191.0009,8,8,170.763,3.060837,0.601195,9.23118e+08,68.41,71736.50,26095.20,1,0
45696.080890,2188.3715,5,5,113.302,3.120623,0.510175,4.52647e+08,47.47,69138.30,23442.30,1,0
45705.230843,2187.9334,6,6,137.359,3.130837,-0.073035,2.62614e+08,62.31,67240.40,21535.20,1,0
45705.230843,2187.9334,6,6,137.359,3.130837,-4.085400,3.58744e+06,537.50,63768.70,18063.40,0,2
45754.300840,2185.5869,4,4,96.8418,3.186784,-2.295632,1.97278e+07,185.47,67049.20,21294.90,0,2
45831.611060,2181.9002,9,9,238.94,3.278988,0.484156,4.94098e+08,95.26,61357.00,15525.50,1,0
45832.830800,2181.8421,1,1,26.5886,3.280483,-0.199225,4.27063e+07,54.99,66681.10,20848.40,1,0
45909.480690,2178.1993,6,6,175.689,3.376955,-0.129547,2.46134e+08,88.77,64150.90,18241.50,1,0
45927.219975,2177.3580,3,3,89.892,3.399997,0.190871,4.43733e+08,47.46,75762.20,29835.10,1,0
45966.410026,2175.5016,1,1,31.5592,3.451864,1.312305,1.7849e+08,67.57,63593.40,17627.00,1,0
46043.610606,2171.8540,4,4,140.364,3.557948,-0.120077,3.72879e+08,74.30,71978.50,25935.00,1,0
46054.069914,2171.3608,3,3,106.84,3.572723,-0.077794,2.28922e+08,61.03,68801.70,22747.70,1,0
46087.650863,2169.7786,1,1,37.368,3.620815,0.394050,8.80321e+07,50.06,64150.90,18063.40,1,0
46206.250316,2164.2094,3,3,133.934,3.798733,0.223831,1.43311e+09,68.91,84992.00,38785.80,1,0
46221.549403,2163.4930,8,8,365.787,3.822610,0.766909,1.43974e+09,67.24,65922.40,19700.90,1,0
46225.880884,2163.2903,2,2,92.0706,3.829408,-3.524305,9.23569e+06,597.28,73606.20,27380.30,0,2
46377.030643,2156.2398,5,5,294.981,4.077474,0.510022,1.9646e+09,43.21,75640.00,29263.10,1,0
46390.590101,2155.6096,3,3,181.16,4.100766,-0.357883,2.99252e+08,47.86,69138.30,22747.70,1,0
46447.509734,2152.9680,4,4,266.86,4.200428,-1.077337,1.68351e+08,64.88,66148.40,19700.90,1,0
46497.060256,2150.6736,4,4,291.774,4.289686,-0.830489,1.59723e+08,48.82,61357.00,14860.00,1,0
46535.889575,2148.8791,1,1,78.3565,4.361270,-0.403934,1.31887e+08,51.08,69978.10,23442.30,1,0
46537.209806,2148.8181,10,10,785.495,4.363729,-4.966982,1.07088e+07,1026.00,66852.90,20315.70,0,2
46558.400613,2147.8401,1,1,81.7309,4.403432,-0.750644,1.10776e+08,82.67,71592.30,25033.90,1,0
46562.349968,2147.6579,5,5,411.709,4.410880,-0.470532,4.66705e+08,58.70,65922.40,19360.10,1,0
46600.281037,2145.9098,1,1,88.5153,4.483175,-0.732339,2.20305e+08,65.26,78889.10,32288.90,1,0
46651.689870,2143.5451,9,9,880.608,4.583388,0.932784,4.17992e+09,86.70,66301.30,19649.70,1,0
46658.220109,2143.2451,1,1,99.1171,4.596302,0.304336,2.44231e+08,59.68,65967.20,19308.90,1,0
46672.090866,2142.6081,7,7,713.214,4.623871,-0.198378,7.53552e+08,65.53,61718.00,15045.80,1,0
46680.680127,2142.2139,9,9,932.866,4.641037,0.683890,2.91442e+09,83.31,64215.50,17534.80,1,0
46700.910954,2141.2859,1,1,107.96,4.681756,-1.194967,7.57158e+07,76.95,68978.50,22277.70,1,0
46703.689315,2141.1585,1,1,108.568,4.687380,-1.404444,4.06691e+07,281.72,63816.90,17113.20,1,0
46715.339844,2140.6245,3,3,333.504,4.711044,-0.675747,2.27848e+08,61.91,62240.80,15525.50,1,0
46786.649913,2137.3618,7,7,902.096,4.858811,-0.180022,1.01024e+09,86.05,62240.80,15454.20,1,0
46788.400191,2137.2819,7,7,905.431,4.862501,0.036070,2.09575e+09,40.79,68544.20,21755.80,1,0
46798.279701,2136.8307,6,6,792.465,4.883389,-0.020602,9.68781e+08,49.89,61357.00,14558.80,1,0
46802.989716,2136.6156,2,2,266.808,4.893381,0.870232,1.59662e+09,39.36,69978.10,23175.10,1,0
46919.309989,2131.3186,1,1,171.952,5.147215,0.350417,4.39156e+08,41.32,65909.40,18990.10,1,0
46919.309989,2131.3186,1,1,171.952,5.147215,-5.608207,2.49301e+06,585.04,75640.00,28720.70,0,2
46924.770203,2131.0706,3,3,967.814,5.776427,-0.375771,1.3315e+09,38.84,67240.40,20315.70,1,0
47033.220663,2126.1568,4,4,727.195,5.202900,-0.040974,9.55207e+08,62.41,62558.70,15525.50,1,0
47046.879898,2125.5395,4,4,659.949,5.105868,-0.287940,6.26742e+08,94.17,61605.70,14558.80,1,0
47102.290140,2123.0390,4,4,425.265,4.666418,0.740369,1.39321e+09,55.10,64215.50,17113.20,1,0
47104.489630,2122.9399,2,2,208.669,4.647603,0.407915,4.28743e+08,95.20,62558.70,15454.20,1,0
47232.440444,2117.1889,1,1,30.6284,3.421929,2.410385,5.80127e+08,67.91,65295.90,18063.40,0,2
47348.289572,2112.0087,1,1,9.0095,2.198280,-0.258584,1.35995e+07,333.60,67049.20,19700.90,0,2
47379.900423,2110.5996,6,6,38.7469,1.865290,3.513466,2.39149e+09,56.44,66301.30,18921.20,0,2
47540.830094,2103.4551,3,3,4.12566,0.318614,0.954900,2.96434e+07,72.34,71385.60,23844.60,0,2
47578.766007,2101.7779,100,100,101.569,0.015568,-0.451154,1.73541e+08,48.91,71021.10,23442.30,1,0
47620.225476,2099.9481,5,5,3.78869,-0.277419,1.139767,3.73476e+07,51.86,73029.90,25409.70,1,0
47624.560493,2099.7569,50,50,36.8372,-0.305515,-0.049105,1.51153e+08,51.75,76892.40,29267.90,1,0
47632.611006,2099.4020,200,200,140.047,-0.356341,0.031987,2.15487e+08,67.51,63768.70,16136.00,1,0
47643.934144,2098.9031,20,20,13.0782,-0.424785,-2.137173,3.36911e+06,429.98,68492.40,20848.40,0,2
47652.565057,2098.5229,100,100,62.2198,-0.474498,-0.717395,7.13849e+07,56.55,69408.50,21755.80,1,0
47658.195647,2098.2750,5,5,3.01525,-0.505755,0.233239,1.30868e+07,139.66,74105.20,26447.00,1,0
47668.847752,2097.8061,100,100,56.9901,-0.562292,-1.518712,2.1029e+07,230.10,65295.90,17627.00,1,0
47673.508489,2097.6010,1000,1000,556.582,-0.585940,0.058328,6.7547e+08,40.74,60520.30,12846.70,1,0
47675.508599,2097.5130,500,500,275.538,-0.595882,0.564337,6.52842e+08,47.04,62535.60,14860.00,1,0
47680.713955,2097.2840,20,20,10.7463,-0.621169,0.081928,2.06696e+07,85.73,65922.40,18241.50,1,0
47681.848901,2097.2341,100,100,53.4422,-0.626569,-1.287977,1.9393e+07,80.19,62240.80,14558.80,1,0
47683.532255,2097.1601,40,40,21.208,-0.634502,0.718568,9.87228e+07,62.20,68978.50,21294.90,1,0
47685.468301,2097.0749,5,5,2.62721,-0.643515,-1.140208,2.43289e+06,368.37,71994.80,24309.20,1,0
47689.675046,2096.8899,5,5,2.57733,-0.662684,0.421979,1.48639e+07,152.27,75294.00,27604.30,1,0
47690.993238,2096.8320,200,200,102.488,-0.668572,-0.466926,1.21045e+08,63.41,66681.10,18990.10,1,0
47692.015597,2096.7870,6,6,3.06075,-0.673101,1.744200,3.97554e+07,210.99,68987.10,21294.90,0,2
47698.634419,2096.4961,400,400,198.319,-0.701588,-2.206527,2.94592e+07,188.76,62558.70,14860.00,0,2
47733.769365,2094.9529,20,20,8.73912,-0.827923,1.175284,7.79574e+07,61.58,71385.60,23651.90,1,0
47740.081072,2094.6760,400,400,171.65,-0.846008,-1.197908,1.00448e+08,133.21,67049.20,19308.90,1,0
47751.959347,2094.1549,4000,4000,1665.65,-0.876078,-0.482883,1.66942e+09,40.55,64865.10,17113.20,1,0
47805.122211,2091.8261,30,30,11.6735,-0.943874,0.718654,4.99412e+07,60.40,67965.50,20160.40,1,0
47806.678565,2091.7580,20,20,7.7803,-0.944138,1.526567,7.29542e+07,54.36,67679.20,19872.40,1,0
47814.608906,2091.4110,4000,4000,1556.43,-0.943897,-0.556549,1.68377e+09,42.22,66735.90,18921.20,1,0
47818.566633,2091.2379,100,100,38.9544,-0.942778,-0.756279,2.48527e+07,51.76,62678.70,14860.00,1,0
47843.388162,2090.1530,20,20,7.96844,-0.920244,0.242142,2.32565e+07,68.08,69138.30,21294.90,1,0
47852.748784,2089.7441,1,1,0.40469,-0.904635,2.529385,1.39479e+07,71.98,71385.60,23532.90,0,2
47858.959844,2089.4729,10,10,4.09804,-0.892076,1.284437,2.6138e+07,50.83,65922.40,18063.40,1,0
47862.783985,2089.3060,5,5,2.06675,-0.883461,0.881415,9.4976e+06,895.28,66852.90,18990.10,1,0
47873.278641,2088.8480,2,2,0.849446,-0.856318,-0.889838,816426,410.70,69408.50,21535.20,1,0
47875.088741,2088.7690,10,10,4.26939,-0.851114,0.493884,3.9083e+07,66.69,80164.00,32288.90,1,0
47884.786106,2088.3460,400,400,176.071,-0.820575,-0.110009,2.46089e+08,52.79,64401.00,16516.10,1,0
47891.759117,2088.0419,5,5,2.25605,-0.795823,1.071133,1.85951e+07,80.12,71736.50,23844.60,1,0
47906.785650,2087.3870,4,4,1.91917,-0.734402,-0.601229,1.88965e+06,652.38,66148.40,18241.50,1,0
47922.282484,2086.7120,10,10,5.17231,-0.659266,-0.753852,5.17552e+06,49.05,68238.10,20315.70,1,0
47955.973958,2085.2459,30,30,19.0674,-0.453216,0.406884,1.22587e+08,66.71,76892.40,28936.50,1,0
47968.552854,2084.6991,3,3,2.0913,-0.360826,0.240593,7.35872e+06,84.22,71501.00,23532.90,1,0
47968.552854,2084.6991,3,3,2.0913,-0.360826,1.505709,3.03526e+07,65.16,73378.40,25409.70,0,2
47976.724246,2084.3441,60,60,44.619,-0.296186,0.883125,1.44497e+08,44.53,62535.60,14558.80,1,0
47996.069766,2083.5039,1,1,0.87953,-0.128368,0.255138,3.55158e+06,915.78,73029.90,25033.90,1,0
47998.188214,2083.4120,1,1,0.89699,-0.108710,-7.156283,1441.86,6045.56,67870.80,19872.40,0,2
48004.844221,2083.1231,400,400,382.29,-0.045284,-3.111593,2.07101e+07,946.02,61357.00,13352.10,0,2
48012.062616,2082.8099,3,3,3.08019,0.026377,-0.768617,3.33838e+06,85.52,69431.00,21418.80,1,0
48035.629347,2081.7881,2,2,2.65027,0.281514,-1.124347,3.32437e+06,736.26,75640.00,27604.30,1,0
48070.449416,2080.2801,30,30,14.9759,-0.694757,0.189513,4.31262e+07,57.49,69681.60,21611.20,1,0
48088.554611,2079.4969,100,100,50.2143,-0.688869,-0.642534,7.42781e+07,89.58,71736.50,23647.80,1,0
48089.844826,2079.4411,300,300,150.706,-0.688451,-0.835287,1.29428e+08,53.56,67398.80,19308.90,1,0
48099.586124,2079.0200,1,1,0.503941,-0.685295,-2.971847,39550.2,1032.93,64235.60,16136.00,0,2
48108.264724,2078.6449,20,20,10.1071,-0.682490,0.215110,4.80092e+07,59.36,75560.70,27452.40,1,0
48111.874921,2078.4889,20,20,10.1189,-0.681325,-0.252194,4.09808e+07,189.16,79366.70,31254.70,1,0
48133.760080,2077.5439,60,60,30.5712,-0.674285,0.627764,1.64106e+08,54.76,71978.50,23844.60,1,0
48135.934055,2077.4501,40,40,20.395,-0.673587,0.577920,8.47536e+07,57.87,69431.00,21294.90,1,0
48138.556641,2077.3369,3,3,1.53092,-0.672747,2.010283,2.57058e+07,55.55,68987.10,20848.40,0,2
48150.048367,2076.8411,200,200,102.437,-0.669069,-0.332594,2.03927e+08,70.28,71592.30,23442.30,1,0
48157.839992,2076.5051,3,3,1.54038,-0.666582,0.855754,1.40989e+07,37.17,75762.20,27604.30,1,0
48161.248943,2076.3581,100,100,51.4019,-0.665495,-0.327592,6.2843e+08,55.17,93967.40,45806.00,1,0
48169.767422,2075.9909,300,300,154.624,-0.662784,-0.606636,1.73117e+08,51.66,67870.80,19700.90,1,0
48175.426503,2075.7471,500,500,258.171,-0.660986,-0.348044,2.56954e+08,59.55,63221.30,15045.80,1,0
48222.077386,2073.7389,20,20,10.48,-0.646260,1.524836,1.17134e+08,39.52,69978.10,21755.80,1,0
48228.517356,2073.4620,200,200,105.012,-0.644240,-0.075721,2.10867e+08,41.42,68544.20,20315.70,1,0
48241.918706,2072.8860,10,10,5.27267,-0.640049,-5.568987,62603.2,3597.22,73029.90,24788.00,0,2
48250.112471,2072.5340,400,400,211.446,-0.637493,-0.966841,1.56658e+08,44.89,67240.40,18990.10,1,0
48262.760065,2071.9909,80,80,42.456,-0.633558,0.693967,2.01667e+08,60.49,69681.60,21418.80,1,0
48273.426958,2071.5331,5,5,2.6623,-0.630249,-0.377998,4.82363e+06,67.83,71021.10,22747.70,1,0
48291.263947,2070.7679,50,50,26.7701,-0.624736,0.842399,9.17244e+07,78.94,63816.90,15525.50,1,0
48294.035357,2070.6491,200,200,107.172,-0.623882,-1.066438,1.03315e+08,80.42,71736.50,23442.30,1,0
48301.292286,2070.3380,50,50,26.8529,-0.621647,-2.001820,5.80318e+06,1508.24,64817.50,16516.10,0,2
48308.198651,2070.0420,400,400,215.28,-0.619525,-0.545973,2.18351e+08,44.21,65935.20,17627.00,1,0
48326.501495,2069.2580,50,50,27.0613,-0.613918,-0.001694,7.71001e+07,53.77,71978.50,23651.90,1,0
48342.830242,2068.5591,30,30,16.3178,-0.608938,0.531541,7.93188e+07,39.14,71994.80,23651.90,1,0
48362.632845,2067.7121,200,200,109.442,-0.602926,0.173174,1.9175e+08,116.14,63816.90,15454.20,1,0
48405.172168,2065.8949,300,300,166.279,-0.590115,-1.038108,1.15795e+08,51.07,67395.30,18990.10,1,0
48421.999681,2065.1770,5,5,2.78529,-0.585086,1.814436,6.5061e+07,78.86,75560.70,27138.50,0,2
48432.339767,2064.7361,1000,1000,558.776,-0.582006,-0.340117,6.96307e+08,104.27,65967.20,17534.80,1,0
48442.783446,2064.2910,2,2,1.12102,-0.578904,0.521529,4.57322e+06,233.43,69978.10,21535.20,1,0
48445.482364,2064.1760,10,10,5.60961,-0.578104,-2.681157,1.09369e+06,286.15,71978.50,23532.90,0,2
48450.409971,2063.9660,5,5,2.8089,-0.576645,0.520066,1.29405e+07,92.57,71501.00,23050.60,1,0
48459.191987,2063.5920,1,1,0.563241,-0.574048,3.782990,5.24493e+07,84.55,68331.70,19872.40,0,2
48461.870381,2063.4779,3,3,1.69106,-0.573257,0.809786,1.08304e+07,89.83,71994.80,23532.90,1,0
48469.314030,2063.1610,4,4,2.2597,-0.571062,1.947995,2.9382e+07,335.70,66681.10,18211.80,0,2
48476.154661,2062.8699,200,200,113.213,-0.569049,-0.851872,1.84416e+08,101.49,75614.80,27138.50,1,0
48485.861471,2062.4569,200,200,113.536,-0.566198,-1.119925,8.14976e+07,143.06,68801.70,20315.70,1,0
48485.861471,2062.4569,200,200,113.536,-0.566198,-2.915324,1.68851e+07,110.57,71536.40,23050.60,0,2
48510.225283,2061.4211,80,80,45.739,-0.559075,-0.601863,3.0164e+07,465.06,61357.00,12846.70,1,0
48528.706321,2060.6360,10,10,5.74818,-0.553702,-7.641195,9592.96,1031.23,74463.70,25935.00,0,2
48530.285406,2060.5690,30,30,17.2524,-0.553244,-2.733539,1.61464e+06,243.46,63576.30,15045.80,0,2
48561.488008,2059.2450,4000,4000,2321.14,-0.544235,-1.667128,8.92643e+08,43.65,67870.80,19308.90,1,0
48575.215204,2058.6630,30,30,17.4773,-0.540295,0.394530,8.40086e+07,66.59,73609.10,25033.90,1,0
48582.106553,2058.3710,10,10,5.83727,-0.538323,-0.262149,3.48607e+07,55.69,84410.60,35828.50,1,0
48601.397710,2057.5540,100,100,58.6947,-0.532820,-0.801057,2.04746e+08,45.08,84431.00,35828.50,1,0
48613.494812,2057.0420,10,10,5.88968,-0.529384,3.498505,3.4474e+08,1007.02,66148.40,17534.80,0,2
48619.899842,2056.7710,5,5,2.95019,-0.527569,1.557279,2.99564e+07,102.98,68492.40,19872.40,1,0
48625.240555,2056.5451,30,30,17.7279,-0.526058,0.863733,6.33139e+07,175.92,64150.90,15525.50,1,0
48628.455533,2056.4091,30,30,17.744,-0.525149,0.692057,1.69907e+08,71.57,78463.60,29835.10,1,0
48630.420305,2056.3260,100,100,59.1795,-0.524595,-0.433209,1.942e+08,42.78,79136.20,30505.70,1,0
48671.348188,2054.5969,50,50,29.9318,-0.513103,-0.465429,4.18066e+07,76.90,68987.10,20315.70,1,0
48673.428408,2054.5091,1000,1000,598.983,-0.512522,-1.077246,2.84832e+08,57.14,63232.10,14558.80,1,0
48681.509453,2054.1680,200,200,120.067,-0.510269,0.377936,2.78104e+08,43.42,64817.50,16136.00,1,0
48689.878348,2053.8149,10,10,6.01733,-0.507941,-4.516845,99353.7,806.60,64215.50,15525.50,0,2
48696.610284,2053.5310,1000,1000,602.859,-0.506072,0.091058,9.92779e+08,38.60,64150.90,15454.20,1,0
48710.320052,2052.9530,2000,2000,1210.3,-0.502277,-0.301235,1.13674e+09,39.91,62062.60,13352.10,1,0
48710.320052,2052.9530,2000,2000,1210.3,-0.502277,-1.606590,3.67374e+08,45.22,64235.60,15525.50,1,0
48722.636526,2052.4341,2,2,1.21442,-0.498879,2.288546,1.74462e+07,80.08,63768.70,15045.80,0,2
48731.091592,2052.0780,10,10,6.08625,-0.496553,0.556305,1.99912e+07,268.55,66943.00,18211.80,1,0
48733.226940,2051.9881,100,100,60.8982,-0.495967,0.628687,1.63989e+08,36.67,63593.40,14860.00,1,0
48739.213263,2051.7360,200,200,121.997,-0.494324,0.890208,7.15189e+08,52.04,69978.10,21238.80,1,0
48758.818799,2050.9110,10,10,6.13262,-0.488963,2.662072,1.07368e+08,43.63,61605.70,12846.70,0,4
48761.175034,2050.8119,400,400,245.462,-0.488321,-0.546852,2.14425e+08,78.19,64215.50,15454.20,1,0
48766.522646,2050.5871,200,200,122.91,-0.486865,-0.581039,1.22821e+08,89.77,66301.30,17534.80,1,0
48779.629516,2050.0361,20,20,12.3348,-0.483304,-0.033407,1.9643e+07,78.14,65295.90,16516.10,1,0
48789.434544,2049.6241,20,20,12.3676,-0.480649,1.118478,7.06708e+07,67.99,66852.90,18063.40,1,0
48807.509936,2048.8650,400,400,248.562,-0.475772,-2.469205,3.99036e+07,856.55,67049.20,18241.50,0,2
48809.106253,2048.7980,100,100,62.1672,-0.475343,0.591687,1.94474e+08,47.62,65922.40,17113.20,1,0
48817.994618,2048.4250,10,10,6.23158,-0.472955,-2.441734,1.20172e+06,414.69,68978.50,20160.40,0,2
48824.596840,2048.1480,100,100,62.4262,-0.471185,-0.066105,1.24831e+08,42.72,68525.60,19700.90,1,0
48833.181073,2047.7880,20,20,12.5139,-0.468888,1.226923,1.00103e+08,65.75,69681.60,20848.40,1,0
48843.175257,2047.3689,80,80,50.1895,-0.466221,-0.429447,6.98648e+07,113.35,68544.20,19700.90,1,0
48847.014246,2047.2080,2,2,1.25602,-0.465199,0.972813,1.22679e+07,51.99,75294.00,26447.00,1,0
48853.815319,2046.9230,70,70,44.0403,-0.463390,0.562481,1.34166e+08,287.32,65967.20,17113.20,1,0
48857.847342,2046.7541,10,10,6.29821,-0.462320,1.654211,8.8612e+07,64.52,71385.60,22527.70,1,0
48859.328458,2046.6921,20,20,12.6014,-0.461927,0.516842,1.02693e+08,38.06,78694.60,29835.10,1,0
48877.909294,2045.9140,10,10,6.33174,-0.457010,0.915327,3.29711e+07,43.74,68238.10,19360.10,1,0
48888.636905,2045.4651,200,200,126.993,-0.454183,-0.374600,1.12037e+08,80.13,62240.80,13352.10,1,0
48907.266874,2044.6859,10,10,6.38079,-0.449293,0.074633,2.17134e+07,51.46,73378.40,24470.90,1,0
48929.112266,2043.7730,500,500,320.864,-0.443592,-0.965142,2.66441e+08,82.92,68801.70,19872.40,1,0
48945.160675,2043.1029,50,50,32.2203,-0.439425,-0.339580,4.80286e+07,59.07,68305.10,19360.10,1,0
48956.826395,2042.6161,400,400,258.541,-0.436409,-2.471282,3.17912e+07,427.07,63816.90,14860.00,0,2
49034.487185,2039.3810,200,200,131.86,-0.416577,-1.345894,4.89889e+07,203.90,63593.40,14558.80,1,0
49105.904015,2036.4150,20,20,13.4235,-0.398723,-2.312743,2.92777e+06,259.42,68978.50,19872.40,0,2
49114.439740,2036.0611,100,100,67.2594,-0.396614,-2.119916,1.77989e+07,594.42,68987.10,19872.40,0,2
49142.608412,2034.8940,100,100,67.7267,-0.389689,-0.571111,9.43594e+07,55.64,70381.50,21238.80,1,0
49157.199820,2034.2900,1,1,0.679686,-0.386124,5.413643,2.95493e+08,60.24,67398.80,18241.50,0,2
49159.712307,2034.1860,7,7,4.76072,-0.385512,0.267369,1.01625e+07,89.96,65295.90,16136.00,1,0
49165.416105,2033.9500,2000,2000,1362.09,-0.384124,-1.461346,6.70187e+08,73.69,68525.60,19360.10,1,0
49176.827453,2033.4781,40,40,27.3175,-0.381353,0.333451,7.28854e+07,86.24,67240.40,18063.40,1,0
49183.384591,2033.2070,200,200,136.804,-0.379765,-2.661126,1.24854e+07,564.82,62535.60,13352.10,0,2
49183.384591,2033.2070,200,200,136.804,-0.379765,-0.620553,1.42353e+08,51.92,67395.30,18211.80,1,0
49185.272212,2033.1289,50,50,34.2167,-0.379309,-0.740025,4.98408e+07,114.35,73029.90,23844.60,1,0
49188.027035,2033.0151,100,100,68.479,-0.378643,-0.504667,7.32272e+07,55.79,66301.30,17113.20,1,0
49200.977468,2032.4799,200,200,137.386,-0.375520,0.558627,4.40552e+08,40.36,66735.90,17534.80,1,0
49206.473392,2032.2529,400,400,275.136,-0.374198,-0.548637,2.07922e+08,72.22,62558.70,13352.10,1,0
49209.766928,2032.1169,1000,1000,688.385,-0.373407,-0.441084,6.38822e+08,49.94,63768.70,14558.80,1,0
49215.869944,2031.8649,400,400,275.757,-0.371943,0.174086,4.12326e+08,47.79,62062.60,12846.70,1,0
49223.305160,2031.5580,1,1,0.690621,-0.370163,-0.888153,765948,149.72,71501.00,22277.70,1,0
49225.801144,2031.4550,400,400,276.413,-0.369567,0.043260,5.34175e+08,42.82,66852.90,17627.00,1,0
49230.622490,2031.2561,10,10,6.9183,-0.368416,0.701948,3.91059e+07,78.48,71978.50,22747.70,1,0
49257.904752,2030.1310,100,100,69.6329,-0.361932,-0.181401,8.40254e+07,45.67,63816.90,14558.80,1,0
49265.597861,2029.8140,7,7,4.88318,-0.360114,0.823850,2.47618e+07,51.24,69138.30,19872.40,1,0
49272.246163,2029.5401,20,20,13.9738,-0.358545,-6.682077,134015,901.99,84409.90,35137.80,0,2
49287.162047,2028.9259,5,5,3.50574,-0.355038,0.840448,1.34677e+08,53.82,93967.40,44680.00,1,0
49290.706355,2028.7800,100,100,70.173,-0.354207,0.530998,1.77257e+08,59.45,64150.90,14860.00,1,0
49304.584423,2028.2090,40,40,28.1605,-0.350960,0.718892,1.54084e+08,63.71,71385.60,22080.90,1,0
49326.324270,2027.3151,3,3,2.12274,-0.345903,0.301393,3.7807e+06,59.27,62678.70,13352.10,1,0
49331.508237,2027.1020,300,300,212.53,-0.344701,0.734597,6.96198e+08,58.06,64857.20,15525.50,1,0
49335.259169,2026.9479,10,10,7.09047,-0.343833,-1.213403,4.06681e+06,370.96,67398.80,18063.40,1,0
49341.437576,2026.6941,10,10,7.1006,-0.342406,-2.383815,1.36237e+06,158.62,68331.70,18990.10,0,2
49375.498766,2025.2960,30,30,21.4691,-0.334583,1.364031,1.25389e+08,99.99,64235.60,14860.00,1,0
49383.835730,2024.9541,100,100,71.6999,-0.332681,0.942833,3.81906e+08,115.95,68305.10,18921.20,1,0
49393.129534,2024.5731,20,20,14.3703,-0.330566,1.868442,1.59086e+08,42.86,65909.40,16516.10,1,0
49393.934355,2024.5401,400,400,287.459,-0.330383,-1.259043,1.03653e+08,61.52,62240.80,12846.70,1,0
49410.823895,2023.8481,10,10,7.21405,-0.326555,1.925419,7.76677e+07,62.83,64865.10,15454.20,0,2
49422.009057,2023.3900,10,10,7.23228,-0.324031,-0.516142,8.08394e+06,183.39,67049.20,17627.00,1,0
49431.414294,2023.0050,200,200,144.952,-0.321915,-0.148566,6.00218e+08,42.00,78694.60,29263.10,1,0
49437.258214,2022.7659,70,70,50.7997,-0.320604,-0.011465,1.11342e+08,85.83,69138.30,19700.90,1,0
49455.322449,2022.0271,1,1,0.728648,-0.316565,1.450029,8.35866e+06,43.34,71536.40,22080.90,1,0
49467.137710,2021.5441,50,50,36.5283,-0.313935,-0.362537,7.09686e+07,59.55,71994.80,22527.70,1,0
49485.891582,2020.7780,10,10,7.33608,-0.309780,1.543716,8.85927e+07,59.04,71021.10,21535.20,1,0
49544.563799,2018.3849,10,10,7.4309,-0.296938,-4.062701,478538,1810.50,75640.00,26095.20,0,2
49560.277787,2017.7449,30,30,22.3686,-0.293538,-3.261093,4.34981e+06,396.84,79395.60,29835.10,0,2
49587.505968,2016.6370,2,2,1.49999,-0.287687,-1.323947,1.20866e+06,442.54,73029.90,23442.30,1,0
49591.786063,2016.4630,1,1,0.750683,-0.286772,-0.293337,826495,623.50,64150.90,14558.80,1,0
49613.237703,2015.5911,100,100,75.412,-0.282203,-2.224447,1.54498e+07,1055.27,67240.40,17627.00,0,2
49615.776839,2015.4879,200,200,150.905,-0.281665,-0.512769,1.77401e+08,44.34,67679.20,18063.40,1,0
49621.215504,2015.2670,20,20,15.1079,-0.280512,-0.127453,6.46592e+07,96.90,78889.10,29267.90,1,0
49622.520251,2015.2140,100,100,75.5605,-0.280236,0.125401,1.55774e+08,61.62,66735.90,17113.20,1,0
49629.120340,2014.9461,100,100,75.666,-0.278841,0.342337,2.1239e+08,46.48,67870.80,18241.50,1,0
49676.727041,2013.0151,100,100,76.4247,-0.268864,-0.258635,8.75636e+07,49.75,64235.60,14558.80,1,0
49679.667497,2012.8959,30,30,22.9414,-0.268252,-0.961422,3.26811e+07,73.70,75614.80,25935.00,1,0
49711.842682,2011.5931,100,100,76.9818,-0.261602,-0.523121,5.90723e+07,64.00,62558.70,12846.70,1,0
49716.911218,2011.3880,3,3,2.31186,-0.260560,1.141092,2.01014e+07,42.80,71994.80,22277.70,1,0
49726.306040,2011.0080,1,1,0.772105,-0.258634,1.421402,9.936e+06,75.62,73378.40,23651.90,1,0
49742.851181,2010.3391,80,80,61.9774,-0.255257,0.001124,2.90726e+08,55.89,78463.60,28720.70,1,0
49753.595589,2009.9050,80,80,62.1128,-0.253074,-0.584115,6.93908e+07,91.64,67965.50,18211.80,1,0
49764.437710,2009.4671,5,5,3.89058,-0.250878,0.994354,3.32552e+07,61.45,73609.10,23844.60,1,0
49771.621584,2009.1771,40,40,31.1699,-0.249428,-1.677156,9.04452e+06,295.03,64817.50,15045.80,1,0
49771.621584,2009.1771,40,40,31.1699,-0.249428,-0.686874,3.00025e+07,81.87,67398.80,17627.00,1,0
49773.359504,2009.1069,40,40,31.1808,-0.249078,0.657010,1.02001e+08,98.77,65909.40,16136.00,1,0
49799.162306,2008.0659,10,10,7.83567,-0.243899,0.437904,2.06214e+07,48.29,65935.20,16136.00,1,0
49807.295830,2007.7380,20,20,15.6968,-0.242276,0.888893,7.58324e+07,45.27,67870.80,18063.40,1,0
49836.411282,2006.5650,30,30,23.6816,-0.236501,-0.301229,4.70001e+07,68.29,71592.30,21755.80,1,0
49854.996932,2005.8170,30,30,23.7683,-0.232844,-0.724905,6.27512e+07,58.99,80360.80,30505.70,1,0
49889.840704,2004.4161,10,10,7.97679,-0.226048,0.749024,4.48708e+07,86.46,71501.00,21611.20,1,0
49925.088143,2003.0010,10,10,8.03117,-0.219255,0.081505,2.32247e+07,69.45,71536.40,21611.20,1,0
49961.328175,2001.5481,10,10,8.08678,-0.212355,0.186254,3.06869e+07,46.40,73609.10,23647.80,1,0
49973.789408,2001.0490,5,5,4.05292,-0.210001,-0.104596,1.73464e+07,62.08,78694.60,28720.70,1,0
49980.407229,2000.7840,2,2,1.62319,-0.208756,0.748697,9.28637e+06,61.32,71736.50,21755.80,1,0
49985.327584,2000.5871,200,200,162.469,-0.207832,0.161080,4.37492e+08,53.31,69686.30,19700.90,1,0
49988.449572,2000.4621,20,20,16.2564,-0.207246,0.387558,5.18426e+07,66.09,68978.50,18990.10,1,0
49997.100158,2000.1160,400,400,325.655,-0.205627,-0.618849,2.7193e+08,59.13,64857.20,14860.00,1,0
49997.100158,2000.1160,400,400,325.655,-0.205627,-4.611695,7.00647e+06,48.55,68987.10,18990.10,0,4
50002.447171,1999.9021,30,30,24.4485,-0.204628,-1.077897,2.80599e+07,67.56,74463.70,24461.20,1,0
50005.124023,1999.7951,100,100,81.5357,-0.204129,-0.185118,1.05105e+08,39.93,64865.10,14860.00,1,0
50048.444128,1998.0641,400,400,328.767,-0.196114,-0.199327,6.02918e+08,41.45,69408.50,19360.10,1,0
50052.251332,1997.9121,20,20,16.4499,-0.195416,0.034611,3.31386e+07,52.94,67679.20,17627.00,1,0
50082.262473,1996.7149,30,30,24.8102,-0.189941,-0.151258,5.65076e+07,55.00,71501.00,21418.80,1,0
50099.621731,1996.0231,5,5,4.14804,-0.186801,-2.357952,877586,541.52,69408.50,19308.90,0,2
50119.887554,1995.2160,100,100,83.2636,-0.183159,-3.367468,5.88116e+06,375.89,68331.70,18211.80,0,2
50133.049967,1994.6921,400,400,333.838,-0.180808,0.318731,9.43692e+08,47.39,68374.50,18241.50,1,0
50149.773943,1994.0269,20,20,16.7416,-0.177836,-0.190409,8.15946e+07,46.18,81404.50,31254.70,1,0
50164.993098,1993.4220,300,300,251.8,-0.175148,-0.939920,1.76176e+08,52.44,66681.10,16516.10,1,0
50166.904979,1993.3460,100,100,83.9616,-0.174811,0.025919,2.70298e+08,66.21,73609.10,23442.30,1,0
50201.229748,1991.9831,10,10,8.44674,-0.168805,0.177322,2.71712e+07,59.46,71736.50,21535.20,1,0
50204.934368,1991.8361,6,6,5.07131,-0.168161,0.889501,4.55065e+07,49.35,75614.80,25409.70,1,0
50213.181248,1991.5090,30,30,25.3928,-0.166731,-4.549268,901824,456.06,74463.70,24250.60,0,2
50260.197218,1989.6460,50,50,42.6643,-0.158660,0.691960,3.0583e+08,59.28,75294.00,25033.90,1,0
50268.461182,1989.3189,300,300,256.346,-0.157255,-1.843783,8.28472e+07,461.42,68331.70,18063.40,1,0
50282.333191,1988.7701,6,6,5.13897,-0.154908,-0.941515,5.98601e+06,227.87,73029.90,22747.70,1,0
50283.926506,1988.7071,2,2,1.71345,-0.154639,-0.467826,2.22623e+06,600.04,68525.60,18241.50,1,0
50298.294392,1988.1390,300,300,257.639,-0.152221,-1.093543,1.33029e+08,56.29,64857.20,14558.80,1,0
50311.152355,1987.6309,40,40,34.426,-0.150069,-0.646495,3.69358e+07,55.38,68374.50,18063.40,1,0
50352.594400,1985.9950,5,5,4.3329,-0.143201,1.685789,6.1622e+07,53.54,71501.00,21148.40,0,2
50352.594400,1985.9950,5,5,4.3329,-0.143201,-2.898326,888394,458.99,75762.20,25409.70,0,2
50377.247009,1985.0231,1,1,0.870083,-0.139166,3.692967,7.94781e+07,47.49,69686.30,19308.90,0,4
50385.499489,1984.6980,20,20,17.425,-0.137824,0.616669,4.35504e+07,78.46,63232.10,12846.70,1,0
50396.876885,1984.2499,50,50,43.643,-0.135980,-0.185009,6.08132e+07,79.47,65922.40,15525.50,1,0
50420.733655,1983.3111,10,10,8.76218,-0.132140,1.136467,4.23909e+07,74.06,64979.60,14558.80,1,0
50426.967232,1983.0659,2,2,1.75419,-0.131143,3.380855,9.38418e+07,112.87,66943.00,16516.10,0,2
50429.125034,1982.9811,300,300,263.219,-0.130798,-0.713928,2.659e+08,49.12,68492.40,18063.40,1,0
50434.110910,1982.7850,2,2,1.75619,-0.130002,0.962510,1.43477e+07,105.32,73609.10,23175.10,1,0
50441.567564,1982.4919,5,5,4.39568,-0.128815,1.711751,4.09308e+07,59.22,65967.20,15525.50,1,0
50443.194272,1982.4280,1,1,0.879363,-0.128557,1.362147,9.38784e+06,167.58,71978.50,21535.20,1,0
50464.781809,1981.5800,100,100,88.2371,-0.125142,-0.532100,7.31863e+07,45.75,63816.90,13352.10,1,0
50468.115983,1981.4490,2,2,1.76567,-0.124617,1.289434,1.0733e+07,48.86,65922.40,15454.20,1,0
50480.828081,1980.9501,10,10,8.84598,-0.122622,-4.348005,236735,1920.60,68544.20,18063.40,0,2
50482.948443,1980.8669,2,2,1.76978,-0.122291,0.420732,1.52657e+07,245.01,80988.80,30505.70,1,0
50500.180304,1980.1909,100,100,88.7271,-0.119604,-0.881351,3.96188e+08,71.64,88948.60,38448.40,1,0
50512.907575,1979.6920,20,20,17.7805,-0.117632,0.945833,7.68634e+07,38.27,65967.20,15454.20,1,0
50545.205504,1978.4270,200,200,178.689,-0.112671,0.176807,3.79052e+08,43.84,66681.10,16136.00,1,0
50611.127578,1975.8501,2,2,1.80472,-0.102741,-0.604863,1.98462e+06,226.03,68238.10,17627.00,1,0
50617.995404,1975.5820,200,200,180.656,-0.101722,-0.916531,1.67434e+08,167.87,69978.10,19360.10,1,0
50669.086182,1973.5900,2,2,1.82015,-0.094228,1.896799,2.80849e+07,47.71,69978.10,19308.90,1,0
50674.810434,1973.3670,10,10,9.10831,-0.093398,-1.333609,1.19044e+07,569.48,79395.60,28720.70,1,0
50687.910304,1972.8570,10,10,9.12556,-0.091506,0.363081,3.44455e+07,49.78,71536.40,20848.40,1,0
50694.079333,1972.6169,5,5,4.56683,-0.090618,-4.896802,57913.4,10329.58,66148.40,15454.20,0,2
50704.796880,1972.2000,30,30,27.4431,-0.089082,-3.145675,2.39181e+06,783.25,68331.70,17627.00,0,2
50716.884189,1971.7300,15,15,13.7452,-0.087358,-0.288124,1.85097e+07,61.74,66852.90,16136.00,1,0
50728.281767,1971.2870,4,4,3.67133,-0.085740,-0.593703,7.48698e+06,49.24,75762.20,25033.90,1,0
50746.663422,1970.5729,80,80,73.6173,-0.083146,-1.608643,2.03212e+07,71.25,63593.40,12846.70,1,0
50759.078067,1970.0909,1,1,0.921819,-0.081406,0.743425,2.38206e+07,66.88,90629.20,39870.20,1,0
50766.806789,1969.7910,40,40,36.9126,-0.080327,-0.109189,7.0533e+07,69.21,68978.50,18211.80,1,0
50770.438867,1969.6501,20,20,18.4656,-0.079822,0.373316,5.41302e+07,40.93,68305.10,17534.80,1,0
50775.131115,1969.4681,10,10,9.23883,-0.079169,-1.351784,5.09814e+06,311.76,68987.10,18211.80,1,0
50807.151017,1968.2269,40,40,37.1189,-0.074754,-2.564731,5.15845e+06,685.61,66943.00,16136.00,0,2
50823.129471,1967.6081,10,10,9.29998,-0.072573,0.286787,4.39638e+07,72.25,75294.00,24470.90,1,0
50832.818278,1967.2330,1,1,0.931222,-0.071258,0.308039,4.49586e+06,71.22,75294.00,24461.20,1,0
50846.334948,1966.7101,2,2,1.86585,-0.069432,1.352839,1.96041e+07,43.50,71994.80,21148.40,1,0
50851.714417,1966.5020,3,3,2.8008,-0.068709,-3.493270,310561,614.58,75640.00,24788.00,0,2
50859.317860,1966.2080,40,40,37.3821,-0.067689,-0.883533,7.08065e+07,49.39,78463.60,27604.30,1,0
50859.317860,1966.2080,40,40,37.3821,-0.067689,-9.889983,18052.6,442.47,87511.60,36652.30,0,2
50865.477576,1965.9699,80,80,74.8257,-0.066865,0.665511,2.9771e+08,50.73,68492.40,17627.00,1,0
50917.172828,1963.9739,2,2,1.88345,-0.060040,1.334690,1.4679e+07,420.10,68544.20,17627.00,1,0
50922.042612,1963.7861,100,100,94.2325,-0.059405,-0.671344,6.71268e+07,71.19,63768.70,12846.70,1,0
50923.473481,1963.7309,20,20,18.85,-0.059219,-4.899363,298638,692.40,68987.10,18063.40,0,2
50949.001478,1962.7470,4,4,3.78248,-0.055915,-0.099293,1.00946e+07,60.82,73029.90,22080.90,1,0
50957.540466,1962.4181,10,10,9.46657,-0.054818,0.940617,9.76736e+07,68.70,76892.40,25935.00,1,0
50970.241294,1961.9291,200,200,189.639,-0.053195,-1.832290,4.24339e+07,142.89,63816.90,12846.70,1,0
51021.421901,1959.9611,30,30,28.6298,-0.046748,-0.706607,3.3551e+07,48.91,70381.50,19360.10,1,0
51023.689003,1959.8740,10,10,9.54597,-0.046466,-0.748322,9.11816e+07,73.78,96830.50,45807.10,1,0
51054.608935,1958.6870,2,2,1.9165,-0.042648,1.015377,1.69746e+07,66.62,74105.20,23050.60,1,0
51062.428520,1958.3871,100,100,95.9166,-0.041691,-1.921065,2.32445e+07,74.74,65922.40,14860.00,1,0
51072.497096,1958.0010,1,1,0.960344,-0.040464,1.325744,8.58057e+06,92.21,70381.50,19308.90,1,0
51074.921371,1957.9081,3,3,2.88188,-0.040170,0.045889,6.47485e+06,50.01,69138.30,18063.40,1,0
51089.796675,1957.3380,1,1,0.962357,-0.038370,0.031244,3.58151e+06,114.03,75560.70,24470.90,1,0
51097.601910,1957.0390,3,3,2.88978,-0.037430,1.305542,5.67034e+07,50.34,80360.80,29263.10,1,0
51099.740369,1956.9571,20,20,19.2702,-0.037174,-7.230358,50333.8,784.21,75560.70,24461.20,0,2
51107.186968,1956.6720,5,5,4.82184,-0.036282,0.926030,2.01981e+07,1043.64,65967.20,14860.00,1,0
51124.950057,1955.9921,15,15,14.4962,-0.034166,0.598470,5.25696e+07,39.99,68238.10,17113.20,1,0
51143.885129,1955.2680,3,3,2.90572,-0.031931,0.544266,1.81229e+07,89.16,75614.80,24470.90,1,0
51163.066646,1954.5349,10,10,9.70749,-0.029688,0.229502,2.3248e+07,69.56,67679.20,16516.10,1,0
51166.967217,1954.3859,20,20,19.4238,-0.029234,0.780248,9.27956e+07,41.38,69408.50,18241.50,1,0
51174.665580,1954.0919,2,2,1.94411,-0.028341,0.525534,6.85343e+06,523.89,68801.70,17627.00,1,0
51219.140855,1952.3951,1,1,0.977019,-0.023249,2.005787,1.59107e+07,56.35,69431.00,18211.80,0,2
51259.336904,1950.8641,1,1,0.981433,-0.018742,1.914074,1.2358e+07,438.94,67395.30,16136.00,0,2
51288.390648,1949.7590,100,100,98.4579,-0.015541,-1.967316,2.31001e+07,148.77,66148.40,14860.00,0,4
51304.259615,1949.1559,60,60,59.177,-0.013812,-0.775029,3.89045e+07,53.01,64150.90,12846.70,1,0
51325.110973,1948.3640,10,10,9.88505,-0.011562,0.665673,8.73456e+07,45.06,78463.60,27138.50,1,0
51360.117448,1947.0360,10,10,9.92192,-0.007839,1.841770,1.31935e+08,171.60,68987.10,17627.00,0,2
51363.705988,1946.9000,1,1,0.992567,-0.007461,0.928904,4.13388e+06,127.95,65922.40,14558.80,1,0
51376.448818,1946.4171,80,80,79.5115,-0.006125,-0.210485,1.06057e+08,40.20,65935.20,14558.80,1,0
51412.482045,1945.0530,1,1,0.997607,-0.002396,1.763160,1.18012e+07,91.34,68525.60,17113.20,0,2
51444.695950,1943.8350,8,8,8.00702,0.000877,-2.900393,980826,584.00,69686.30,18241.50,0,2
51449.592769,1943.6500,4,4,4.00548,0.001370,1.303382,5.16952e+07,55.48,75294.00,23844.60,1,0
51460.233311,1943.2481,30,30,30.0732,0.002436,0.227322,8.8909e+07,39.98,70381.50,18921.20,1,0
51494.921837,1941.9391,2,2,2.01177,0.005867,-1.428007,1.40673e+06,113.20,73029.90,21535.20,1,0
51505.082708,1941.5560,100,100,100.688,0.006860,-0.819117,6.68035e+07,55.83,64857.20,13352.10,1,0
51513.200241,1941.2500,2,2,2.01536,0.007649,0.459704,4.80582e+06,83.92,64865.10,13352.10,1,0
51523.734791,1940.8531,5,5,5.04353,0.008668,1.755670,5.24364e+07,44.52,67049.20,15525.50,1,0
51622.838707,1937.1271,10,10,10.1812,0.017957,0.540187,3.87832e+07,52.35,69686.30,18063.40,1,0
51635.315204,1936.6590,40,40,40.7709,0.019089,-0.214210,5.72621e+07,41.44,66681.10,15045.80,1,0
51640.139742,1936.4781,3,3,3.05915,0.019524,0.360867,2.30936e+07,101.61,80360.80,28720.70,1,0
51663.888004,1935.5880,30,30,30.6566,0.021650,-0.157772,6.74388e+07,39.49,71536.40,19872.40,1,0
51671.839637,1935.2901,1,1,1.02261,0.022355,1.070984,3.4565e+07,71.05,90119.80,38448.40,1,0
51709.916522,1933.8650,10,10,10.2602,0.025683,0.079489,1.04114e+08,71.58,87511.60,35801.10,1,0
51712.322715,1933.7751,100,100,102.623,0.025891,0.477930,4.08509e+08,53.76,71021.10,19308.90,1,0
51719.918741,1933.4911,1,1,1.0269,0.026545,-0.053243,2.51655e+06,357.68,71592.30,19872.40,1,0
51736.484441,1932.8720,8,8,8.22684,0.027960,-0.157676,1.5933e+07,150.65,69978.10,18241.50,1,0
51766.825856,1931.7391,5,5,5.15492,0.030514,-2.237350,1.64178e+06,73.79,73378.40,21611.20,0,2
51804.103561,1930.3490,10,10,10.3416,0.033586,-0.257988,1.731e+07,129.00,69431.00,17627.00,1,0
51815.618003,1929.9200,20,20,20.7025,0.034520,-0.369228,2.83595e+07,116.21,68331.70,16516.10,1,0
51821.367853,1929.7059,30,30,31.0681,0.034984,-1.281562,1.51796e+07,584.67,66867.10,15045.80,1,0
51873.300467,1927.7740,20,20,20.7974,0.039094,-0.612737,2.06856e+07,154.82,67398.80,15525.50,1,0
51875.884927,1927.6780,4,4,4.16031,0.039295,0.908653,1.79557e+07,62.79,66735.90,14860.00,1,0
51891.579243,1927.0949,300,300,312.402,0.040507,-1.761901,1.38195e+08,83.61,71592.30,19700.90,1,0
51897.262735,1926.8839,3,3,3.12538,0.040943,0.112354,6.18372e+06,335.84,66943.00,15045.80,1,0
51943.087881,1925.1840,10,10,10.454,0.044396,-1.743869,8.84384e+06,73.70,79395.60,27452.40,1,0
51962.873426,1924.4509,30,30,31.4076,0.045853,-1.462671,2.59124e+07,68.23,75614.80,23651.90,1,0
51992.210779,1923.3650,300,300,314.744,0.047976,-1.491888,2.5257e+08,81.78,75640.00,23647.80,1,0
52010.492132,1922.6890,200,200,210.102,0.049277,-1.531581,6.77003e+07,53.54,64857.20,12846.70,1,0
52016.713055,1922.4590,3,3,3.15292,0.049716,-0.730813,6.80262e+06,65.18,78463.60,26447.00,1,0
52018.474656,1922.3939,1,1,1.0511,0.049840,1.552829,7.40557e+06,64.30,64865.10,12846.70,1,0
52024.317002,1922.1780,20,20,21.0307,0.050249,-0.068018,6.18672e+07,56.85,74105.20,22080.90,1,0
52027.866498,1922.0469,10,10,10.5179,0.050497,-3.416945,692931,336.98,68544.20,16516.10,0,2
52027.866498,1922.0469,10,10,10.5179,0.050497,-0.750856,1.75832e+07,64.03,75560.70,23532.90,1,0
52035.555997,1921.7629,50,50,52.6178,0.051032,-0.603059,7.48259e+07,60.08,71736.50,19700.90,1,0
52106.077149,1919.1619,30,30,31.7215,0.055799,-1.464019,1.94213e+07,53.45,71978.50,19872.40,1,0
52122.372823,1918.5619,100,100,105.851,0.056864,-0.094993,2.55045e+08,60.65,71994.80,19872.40,1,0
52171.890393,1916.7410,4,4,4.24742,0.060018,0.602026,5.17635e+07,59.61,83426.60,31254.70,1,0
52189.180928,1916.1059,50,50,53.1497,0.061090,-1.241092,2.72489e+07,46.22,67049.20,14860.00,1,0
52228.019800,1914.6811,2,2,2.131,0.063444,-3.508963,306183,707.95,79366.70,27138.50,0,2
52256.922617,1913.6221,1,1,1.06732,0.065146,0.036265,5.32278e+06,1043.00,79395.60,27138.50,1,0
52283.449965,1912.6511,20,20,21.3789,0.066672,0.525000,9.24026e+07,104.27,71592.30,19308.90,1,0
52349.389017,1910.2420,2,2,2.14569,0.070312,-6.276557,7334.46,9334.98,67395.30,15045.80,0,2
52358.899359,1909.8950,3,3,3.22016,0.070819,-0.533874,6.56468e+06,282.55,75409.60,23050.60,1,0
52370.523864,1909.4711,200,200,214.809,0.071433,-0.520849,3.83432e+08,57.08,73609.10,21238.80,1,0
52376.370427,1909.2579,300,300,322.313,0.071739,-0.591302,4.60752e+08,48.90,71736.50,19360.10,1,0
52412.109422,1907.9560,4,4,4.3054,0.073575,1.185117,5.94593e+07,43.83,77822.00,25409.70,1,0
52462.426987,1906.1261,2,2,2.15804,0.076052,1.527383,2.05004e+07,78.88,68978.50,16516.10,1,0
52464.796395,1906.0400,40,40,43.1657,0.076166,-1.038093,5.40397e+07,96.46,75640.00,23175.10,1,0
52470.881384,1905.8189,20,20,21.5891,0.076457,-1.235526,1.29495e+07,51.12,68987.10,16516.10,1,0
52493.964572,1904.9809,1,1,1.08063,0.077542,1.845893,2.1359e+07,69.41,74105.20,21611.20,0,2
52538.780368,1903.3559,60,60,64.9697,0.079576,-1.992071,1.60619e+07,116.85,67398.80,14860.00,0,2
52546.314529,1903.0830,10,10,10.8319,0.079908,-4.349667,354176,92.46,71536.40,18990.10,0,2
52570.293546,1902.2150,2,2,2.16863,0.080948,0.398245,5.19082e+06,62.39,65922.40,13352.10,1,0
52641.912431,1899.6270,1,1,1.08751,0.083887,1.989070,3.09906e+07,76.52,76892.40,24250.60,0,2
52681.488603,1898.2000,80,80,87.1327,0.085405,-0.819232,6.85299e+07,70.44,67240.40,14558.80,1,0
52686.484968,1898.0200,5,5,5.44681,0.085592,-2.165207,1.94294e+06,120.83,74105.20,21418.80,0,2
52686.484968,1898.0200,5,5,5.44681,0.085592,0.600679,9.13544e+07,88.73,87511.60,34825.50,1,0
52712.531844,1897.0821,1,1,1.0904,0.086544,2.577901,2.77614e+07,51.22,68238.10,15525.50,0,2
52766.384381,1895.1460,1,1,1.09244,0.088411,1.975406,2.69198e+07,73.49,75294.00,22527.70,0,2
52779.585164,1894.6720,2,2,2.18583,0.088848,-0.104155,4.76326e+06,86.64,71021.10,18241.50,1,0
52783.817253,1894.5200,1,1,1.09307,0.088986,2.050219,1.63963e+07,52.59,68238.10,15454.20,0,2
52810.325989,1893.5691,3,3,3.28198,0.089833,1.614548,5.11634e+07,55.12,74105.20,21294.90,0,2
52839.991647,1892.5060,60,60,65.6992,0.090742,-6.334461,210033,1157.74,67398.80,14558.80,0,2
52846.693322,1892.2660,1,1,1.0952,0.090941,2.357747,2.65429e+07,49.19,70381.50,17534.80,0,4
52849.010115,1892.1830,5,5,5.4764,0.091010,0.408816,1.60694e+07,73.16,68374.50,15525.50,1,0
52852.724006,1892.0501,4,4,4.3816,0.091119,0.957951,3.64376e+07,61.23,74463.70,21611.20,1,0
52865.044237,1891.6091,2,2,2.19158,0.091477,0.230337,6.12301e+06,68.78,69978.10,17113.20,1,0
52914.759610,1889.8319,2,2,2.19459,0.092849,1.578006,2.25534e+07,70.16,69431.00,16516.10,1,0
52957.851063,1888.2941,30,30,32.955,0.093945,0.221435,9.9117e+07,65.94,71021.10,18063.40,1,0
52980.412182,1887.4900,1,1,1.09909,0.094485,1.405261,2.29811e+07,65.56,80360.80,27380.30,1,0
53000.011790,1886.7920,4,4,4.39835,0.094935,0.728045,1.79268e+07,326.44,68525.60,15525.50,1,0
53004.729902,1886.6241,10,10,10.997,0.095041,-1.859293,4.46356e+06,44.74,71994.80,18990.10,1,0
53010.689875,1886.4120,5,5,5.49924,0.095173,1.480102,4.50853e+07,88.86,67870.80,14860.00,1,0
53018.561647,1886.1319,1,1,1.10004,0.095344,3.410746,6.56454e+07,45.44,68544.20,15525.50,0,4
53041.170749,1885.3279,3,3,3.30169,0.095822,-3.219708,612280,167.90,79136.20,26095.20,0,2
53075.598359,1884.1050,1,1,1.10131,0.096504,0.272616,2.30275e+06,92.42,65922.40,12846.70,1,0
53087.008902,1883.7000,50,50,55.0775,0.096719,-0.419257,1.2627e+08,46.17,75614.80,22527.70,1,0
53088.503069,1883.6470,50,50,55.079,0.096746,-0.602740,4.80291e+07,38.83,65935.20,12846.70,1,0
53101.558929,1883.1839,50,50,55.0921,0.096983,-0.794154,1.65696e+08,68.20,83607.30,30505.70,1,0
53156.882256,1881.2239,500,500,551.427,0.097901,-0.340092,1.817e+09,39.44,79136.20,25979.30,1,0
53165.500446,1880.9190,10,10,11.03,0.098032,1.745112,1.36069e+08,60.38,69681.60,16516.10,0,2
53197.541503,1879.7861,4,4,4.414,0.098487,0.069653,3.16806e+07,108.86,83703.40,30505.70,1,0
53213.139421,1879.2351,20,20,22.0745,0.098693,0.087908,8.16912e+07,59.22,75294.00,22080.90,1,0
53256.812905,1877.6940,10,10,11.043,0.099209,0.869221,8.10144e+07,58.97,74105.20,20848.40,1,0
53268.554387,1877.2802,5,5,5.52217,0.099333,-3.385316,425531,499.77,70381.50,17113.20,0,2
53285.729070,1876.6751,2,2,2.20925,0.099504,-2.394683,388262,220.89,68331.70,15045.80,0,2
53289.308568,1876.5490,20,20,22.0932,0.099538,-1.456074,1.28264e+07,486.53,71501.00,18211.80,1,0
53311.895229,1875.7540,8,8,8.83906,0.099739,-0.155804,1.4035e+07,75.37,67870.80,14558.80,1,0
53322.299234,1875.3880,10,10,11.0498,0.099823,1.724217,1.52777e+08,57.09,71385.60,18063.40,0,2
53324.549529,1875.3089,20,20,22.0999,0.099841,-0.437987,3.55911e+07,59.21,71536.40,18211.80,1,0
53359.540276,1874.0791,60,60,66.3161,0.100088,-3.450534,8.09368e+06,63.70,76892.40,23532.90,0,2
53377.913474,1873.4340,7,7,7.73771,0.100196,-0.220358,1.18509e+07,46.35,68238.10,14860.00,1,0
53533.705940,1867.9820,5,5,5.5287,0.100515,-3.142336,825450,388.68,75614.80,22080.90,0,2
53545.662782,1867.5649,200,200,221.144,0.100495,-0.859206,2.0032e+08,57.92,69681.60,16136.00,1,0
53571.103066,1866.6780,1,1,1.10565,0.100434,0.779880,9.96168e+06,51.50,77822.00,24250.60,1,0
53612.631137,1865.2321,20,20,22.1095,0.100273,-0.284892,3.3995e+07,59.87,69138.30,15525.50,1,0
53615.306425,1865.1390,40,40,44.2184,0.100261,-4.749141,1.20431e+06,747.76,74463.70,20848.40,0,2
53657.570571,1863.6699,20,20,22.1038,0.100016,-0.546189,1.29877e+08,81.26,88948.60,35291.00,1,0
53665.541110,1863.3931,20,20,22.1026,0.099962,-0.388556,2.91275e+07,92.45,68525.60,14860.00,1,0
53675.597757,1863.0440,100,100,110.505,0.099889,0.034348,4.9661e+08,39.11,78463.60,24788.00,1,0
53721.072798,1861.4669,60,60,66.2775,0.099506,-2.177983,2.09849e+07,60.51,73029.90,19308.90,0,2
53756.012258,1860.2570,10,10,11.0423,0.099152,-3.837481,472110,85.56,68801.70,15045.80,0,2
53758.613056,1860.1670,100,100,110.42,0.099123,-0.461887,1.70138e+08,57.59,71385.60,17627.00,1,0
53758.613056,1860.1670,100,100,110.42,0.099123,-6.221678,735670,491.44,75294.00,21535.20,0,2
53772.719371,1859.6791,40,40,44.1611,0.098964,-3.055363,3.97228e+06,267.66,68331.70,14558.80,0,2
53782.874246,1859.3279,5,5,5.51947,0.098845,0.549054,2.45417e+07,107.39,71994.80,18211.80,1,0
53815.579996,1858.1979,10,10,11.0344,0.098429,0.527292,3.57959e+07,43.98,68374.50,14558.80,1,0
53875.128017,1856.1441,10,10,11.0248,0.097558,-0.226968,2.94126e+07,52.15,75294.00,21418.80,1,0
53882.848154,1855.8781,10,10,11.0234,0.097435,1.867696,1.48361e+08,49.23,69408.50,15525.50,1,0
53904.959297,1855.1169,3,3,3.3058,0.097066,-5.553004,89631.8,962.50,84410.60,30505.70,0,2
53908.236471,1855.0041,30,30,33.0561,0.097010,0.192675,1.17003e+08,56.47,73609.10,19700.90,1,0
53944.591034,1853.7540,1,1,1.10115,0.096355,1.735353,1.89629e+07,56.92,74105.20,20160.40,0,2
53957.044278,1853.3261,4,4,4.40356,0.096118,-2.559970,1.58198e+06,1785.51,79366.70,25409.70,0,2
53998.853883,1851.8912,1,1,1.09996,0.095276,0.193514,4.45818e+06,65.21,75294.00,21294.90,1,0
54051.164607,1850.0989,8,8,8.78954,0.094121,-0.207714,5.35634e+07,169.06,85306.10,31254.70,1,0
54232.583296,1843.9100,20,20,21.8671,0.089253,0.468331,1.05506e+08,87.92,74105.20,19872.40,1,0
54248.882372,1843.3559,10,10,10.9281,0.088750,0.681672,6.26788e+07,62.56,73609.10,19360.10,1,0
54260.829280,1842.9501,10,10,10.924,0.088375,-1.490399,8.25668e+06,228.89,75409.60,21148.40,1,0
54265.574654,1842.7889,200,200,218.447,0.088225,-3.433584,2.39402e+07,65.78,75560.70,21294.90,0,2
54265.574654,1842.7889,200,200,218.447,0.088225,-4.391433,1.35457e+07,73.79,80360.80,26095.20,0,2
54278.064187,1842.3649,60,60,65.5078,0.087824,-1.074056,4.519e+07,42.97,69138.30,14860.00,1,0
54290.997769,1841.9260,1,1,1.09134,0.087403,-0.712203,5.90172e+06,115.68,90119.80,35828.50,1,0
54303.140520,1841.5141,6,6,6.54539,0.087002,0.554034,3.53731e+07,58.26,74463.70,20160.40,1,0
54319.665524,1840.9539,10,10,10.9029,0.086446,0.797641,8.2488e+07,52.47,75614.80,21294.90,1,0
54393.471773,1838.4559,200,200,217.489,0.083830,-1.988258,5.14689e+07,76.16,67240.40,12846.70,0,2
54401.103392,1838.1980,50,50,54.3569,0.083548,-1.913752,2.73398e+07,819.76,75640.00,21238.80,1,0
54445.322653,1836.7051,3,3,3.25593,0.081865,0.835815,2.48786e+07,55.28,75294.00,20848.40,1,0
54452.265047,1836.4709,7,7,7.5951,0.081594,0.656657,3.15528e+07,138.07,69978.10,15525.50,1,0
54575.292970,1832.3310,15,15,16.1922,0.076477,-0.416381,7.37781e+07,92.45,84410.60,29835.10,1,0
54618.784154,1830.8720,50,50,53.8688,0.074528,-1.641301,4.45327e+07,39.42,78463.60,23844.60,1,0
54623.108028,1830.7270,1,1,1.07716,0.074330,0.936025,6.80046e+06,48.76,71736.50,17113.20,1,0
54635.521752,1830.3111,20,20,21.5309,0.073758,0.379701,6.59796e+07,57.11,69681.60,15045.80,1,0
54698.727841,1828.1961,2,2,2.14664,0.070756,-12.007806,4746.85,239.70,133393.20,78694.60,0,2
54788.068869,1825.2149,2,2,2.13699,0.066253,2.233892,5.4683e+07,80.96,73029.90,18241.50,0,2
54828.918399,1823.8551,15,15,15.9929,0.064094,-0.231126,1.38547e+08,79.39,90119.80,35291.00,1,0
54869.266081,1822.5139,20,20,21.2771,0.061900,0.290409,6.81554e+07,59.69,71385.60,16516.10,1,0
54957.285751,1819.5950,30,30,31.7566,0.056903,-0.093511,1.55605e+08,41.18,81404.50,26447.00,1,0
54966.434357,1819.2921,15,15,15.8698,0.056367,-1.955922,6.13194e+06,96.38,73029.90,18063.40,1,0
55046.589632,1816.6430,400,400,421.157,0.051541,-0.780969,8.32054e+08,40.05,78694.60,23647.80,1,0
55117.825760,1814.2951,40,40,41.9271,0.047054,-0.979735,3.35002e+07,135.14,69978.10,14860.00,1,0
55262.176959,1809.5559,4,4,4.15243,0.037398,-0.411894,1.14601e+07,79.31,78312.90,23050.60,1,0
55293.949125,1808.5162,15,15,15.537,0.035173,0.556114,1.08431e+08,54.96,77822.00,22527.70,1,0
55421.497361,1804.3540,10,10,10.2622,0.025878,0.869497,7.96712e+07,67.24,75294.00,19872.40,1,0
55484.904363,1802.2920,20,20,20.4254,0.021045,-1.711370,6.82726e+06,98.98,68331.70,12846.70,1,0
55488.171006,1802.1859,5,5,5.10505,0.020792,0.797478,5.02649e+07,53.68,79136.20,23647.80,1,0
55519.405711,1801.1720,100,100,101.853,0.018356,-2.014558,5.81066e+07,44.94,78694.60,23175.10,0,4
55519.405711,1801.1720,100,100,101.853,0.018356,-2.502880,1.22685e+08,75.98,93967.40,38448.40,0,2
55527.727389,1800.9021,20,20,20.3572,0.017701,-0.106364,3.39632e+07,42.10,68374.50,12846.70,1,0
55645.673198,1797.0849,20,20,20.1639,0.008164,0.468132,6.01989e+07,45.40,68492.40,12846.70,1,0
55689.770713,1795.6619,10,10,10.0449,0.004476,0.148927,7.89402e+07,51.33,84410.60,28720.70,1,0
55715.828668,1794.8221,10,10,10.0227,0.002265,-0.277613,3.17638e+07,60.90,78463.60,22747.70,1,0
55742.199105,1793.9730,40,40,40.0002,0.000004,-1.389225,3.31085e+07,80.93,75614.80,19872.40,1,0
55785.861867,1792.5689,1,1,0.996217,-0.003790,1.113152,5.95793e+06,56.40,69138.30,13352.10,1,0
55889.429900,1789.2471,1,1,0.987038,-0.013047,0.320923,4.55986e+06,94.32,75762.20,19872.40,1,0
55893.117258,1789.1291,1,1,0.986706,-0.013383,2.891152,5.20945e+07,58.83,74105.20,18211.80,0,2
55913.967265,1788.4619,2,2,1.96965,-0.015293,0.633255,4.83613e+07,33.71,92554.80,36640.40,1,0
55935.606311,1787.7700,3,3,2.94858,-0.017290,0.702226,2.47964e+07,39.39,78463.60,22527.70,1,0
55954.888099,1787.1540,15,15,14.7165,-0.019082,-0.244097,2.19766e+07,66.10,68801.70,12846.70,1,0
55960.833120,1786.9641,4,4,3.92222,-0.019637,0.424658,2.63754e+07,40.26,79136.20,23175.10,1,0
55994.642713,1785.8851,10,10,9.77442,-0.022817,-1.032750,1.83761e+07,52.61,81404.50,25409.70,1,0
56160.973461,1780.5959,5,5,4.80874,-0.039002,0.282769,1.45007e+07,42.15,71021.10,14860.00,1,0
56210.567973,1779.0249,2,2,1.9139,-0.044002,0.522245,1.27016e+07,51.06,77822.00,21611.20,1,0
56251.949772,1777.7162,4,4,3.81164,-0.048234,-1.034001,4.06316e+06,68.35,74463.70,18211.80,1,0
56420.991706,1772.3900,1,1,0.936049,-0.066088,1.273208,5.32757e+07,81.83,95147.90,38726.50,1,0
56516.397371,1769.3980,100,100,92.6297,-0.076561,-6.680055,559270,140.57,80360.80,23844.60,0,2
56527.070439,1769.0639,20,20,18.5039,-0.077750,0.837641,1.67394e+08,42.15,77822.00,21294.90,1,0
56611.293900,1766.4320,3,3,2.74932,-0.087258,0.147842,1.35823e+07,73.38,78889.10,22277.70,1,0
56647.624841,1765.2991,1,1,0.912628,-0.091426,-3.153891,172836,807.23,79395.60,22747.70,0,2
56654.428284,1765.0871,4,4,3.64765,-0.092212,-1.653961,9.53122e+06,166.64,93296.50,36642.10,1,0
56732.279653,1762.6649,7,7,6.32566,-0.101296,-0.264995,1.14353e+07,88.11,71592.30,14860.00,1,0
56876.482085,1758.1959,7,7,6.2171,-0.118606,0.991492,3.98455e+07,36.48,71736.50,14860.00,1,0
57127.777777,1750.4619,5,5,4.30248,-0.150246,-7.470815,601521,141.95,129106.10,71978.50,0,2
57170.298994,1749.1600,2,2,1.71149,-0.155782,-0.671694,1.11456e+07,105.99,92554.80,35384.20,1,0
57277.734338,1745.8791,3,3,2.53099,-0.170000,1.086425,3.1592e+07,71.49,78889.10,21611.20,1,0
57340.866913,1743.9569,3,3,2.50955,-0.178509,0.449528,1.96146e+07,914.05,80988.80,23647.80,1,0
57359.936032,1743.3771,400,400,333.74,-0.181101,0.024872,3.56993e+09,74.40,90119.80,32760.10,1,0
57402.878142,1742.0729,10,10,8.29464,-0.186976,-0.368830,1.8496e+07,85.05,75614.80,18211.80,1,0
57419.687057,1741.5630,1,1,0.827547,-0.189290,1.097211,5.95487e+06,72.59,71978.50,14558.80,1,0
57455.710551,1740.4710,1,1,0.823431,-0.194275,2.754303,5.34666e+07,63.47,78694.60,21238.80,0,2
57669.166141,1734.0289,2,2,1.59775,-0.224553,-4.350711,45610.4,285.38,71021.10,13352.10,0,2
57723.990353,1732.3820,20,20,15.8505,-0.232530,-0.435194,6.32831e+07,266.90,83703.40,25979.30,1,0
57752.523223,1731.5261,2,2,1.57843,-0.236715,1.042057,2.29109e+07,47.97,81404.50,23651.90,1,0
57755.324873,1731.4421,2,2,1.57778,-0.237127,-0.856961,2.90741e+06,706.41,79366.70,21611.20,1,0
57813.424126,1729.7021,3,3,2.34643,-0.245719,-0.537330,6.78013e+06,453.54,80988.80,23175.10,1,0
57860.262430,1728.3019,1,1,0.776692,-0.252711,-0.576411,1.89573e+06,628.39,79395.60,21535.20,1,0
57897.378194,1727.1939,1,1,0.772368,-0.258294,2.074641,2.61395e+07,59.03,79136.20,21238.80,0,2
58071.634420,1722.0111,15,15,11.2803,-0.284990,0.146701,5.64019e+07,274.58,79366.70,21294.90,1,0
58215.010156,1717.7700,200,200,147.05,-0.307548,-0.025008,1.34113e+09,74.01,88948.60,30733.50,1,0
58382.296971,1712.8480,60,60,42.9404,-0.334531,0.234561,9.57864e+08,78.06,96830.50,38448.40,1,0
58564.676338,1707.5139,1,1,0.694371,-0.364749,1.663227,2.10904e+07,61.86,83025.90,24461.20,0,2
58591.126319,1706.7431,10,10,6.91287,-0.369200,0.590287,4.96225e+07,56.05,78463.60,19872.40,1,0
58626.786423,1705.7050,50,50,34.3567,-0.375227,1.067189,8.25664e+08,76.99,87511.60,28885.10,1,0
58745.222770,1702.2661,1,1,0.673365,-0.395468,1.701843,1.6812e+07,77.60,80164.00,21418.80,0,2
58790.605960,1700.9520,20,20,13.362,-0.403314,-0.661452,5.68473e+07,56.84,87511.60,28720.70,1,0
58819.100607,1700.1280,1,1,0.664802,-0.408265,0.324719,5.52616e+06,77.96,83607.30,24788.00,1,0
59000.673463,1694.8959,1,1,0.643863,-0.440269,1.943460,2.87357e+07,75.13,84410.60,25409.70,0,2
59012.819367,1694.5471,100,100,64.2469,-0.442437,-0.612547,2.33218e+08,202.98,84992.00,25979.30,1,0
59315.320666,1685.9051,1,1,0.608023,-0.497543,2.045140,2.11926e+07,66.97,80164.00,20848.40,0,2
59346.016674,1685.0331,2,2,1.20912,-0.503251,1.734634,1.03787e+08,78.95,95147.90,35801.10,0,2
59386.406900,1683.8870,5,5,3.00009,-0.510795,1.523824,1.38769e+08,73.04,90119.80,30733.50,0,2
59494.024080,1680.8411,8,8,4.7038,-0.531071,0.628114,3.71523e+07,49.58,79366.70,19872.40,1,0
59633.842764,1676.9002,30,30,17.1741,-0.557796,-5.723273,1.56748e+07,120.45,131226.30,71592.30,0,2
59775.931819,1672.9141,4,4,2.22755,-0.585390,2.174836,8.07136e+07,49.99,79136.20,19360.10,0,4
59959.374788,1667.7959,4,4,2.14822,-0.621653,1.010017,3.47611e+07,308.48,83607.30,23647.80,1,0
60055.406299,1665.1290,8,8,4.21447,-0.640918,1.099718,7.50576e+07,210.41,83703.40,23647.80,1,0
60205.386432,1660.9810,3,3,1.533,-0.671387,-9.029189,50814.7,759.32,131226.30,71021.10,0,2
60452.835406,1654.1821,3,3,1.45639,-0.722653,2.188914,5.10625e+07,51.55,78694.60,18241.50,0,2
60677.151390,1648.0668,3,3,1.3888,-0.770173,1.968245,3.95235e+07,59.04,78889.10,18211.80,0,2
61344.165826,1630.1469,5,5,1.99838,-0.917102,-1.439179,3.05322e+06,192.73,84992.00,23647.80,1,0
61446.421223,1627.4341,200,200,78.0988,-0.940342,-4.072408,2.23035e+07,79.40,96830.50,35384.20,0,2
61539.631069,1624.9691,1,1,0.382247,-0.961687,2.356447,6.75198e+07,81.81,96830.50,35291.00,0,2
61628.641908,1622.6222,1,1,0.374482,-0.982211,1.564690,8.30626e+06,731.46,80988.80,19360.10,1,0
61680.880730,1621.2479,100,100,36.9975,-0.994320,1.753338,3.11322e+09,73.96,95147.90,33466.40,0,2
62712.745913,1594.5722,10,10,2.88601,-1.242711,2.056213,2.93895e+08,50.33,93967.40,31254.70,0,2
63286.928837,1580.1051,3,3,0.748698,-1.388032,2.812912,1.43628e+08,46.67,92554.80,29267.90,0,4
63557.111773,1573.3880,10,10,2.32692,-1.458041,2.765572,4.20081e+08,79.23,92441.70,28885.10,0,2
63721.012111,1569.3410,1,1,0.222908,-1.500998,2.375187,2.71652e+07,112.09,92441.70,28720.70,0,2
65365.836207,1529.8512,1,1,0.142158,-1.950813,3.375831,2.24778e+07,92.42,83607.30,18241.50,0,2
65692.617103,1522.2411,100,100,12.9524,-2.043887,-3.404053,5.07167e+06,62.73,93296.50,27604.30,0,2
65783.928624,1520.1281,1,1,0.126174,-2.070095,-1.177374,145428,429.12,79136.20,13352.10,1,0
65847.733897,1518.6551,2,2,0.247756,-2.088460,0.130199,1.01774e+06,657.46,78694.60,12846.70,1,0
65851.866042,1518.5599,2,2,0.247461,-2.089650,-3.524825,31416.1,87.42,80897.90,15045.80,0,2
65900.417256,1517.4411,10,10,1.2201,-2.103654,-1.580088,1.84797e+06,289.21,87511.60,21611.20,1,0
65930.310915,1516.7530,5,5,0.604804,-2.112289,0.413595,2.30972e+08,98.78,131226.30,65295.90,1,0
65976.381351,1515.6939,15,15,1.7904,-2.125613,-0.384697,8.9516e+06,64.73,87511.60,21535.20,1,0
66070.707452,1513.5300,5,5,0.580699,-2.152960,-0.315732,2.53339e+06,164.56,84992.00,18921.20,1,0
66107.918897,1512.6781,1,1,0.114891,-2.163773,1.443169,5.36299e+06,71.43,92554.80,26447.00,1,0
66128.563533,1512.2058,100,100,11.4203,-2.169778,-2.647662,3.49658e+06,36.87,80988.80,14860.00,0,4
66169.331822,1511.2741,4,4,0.451422,-2.181648,0.321529,3.54828e+06,185.25,84410.60,18241.50,1,0
66262.238642,1509.1552,2,2,0.219674,-2.208760,0.976240,7.91063e+06,44.35,95147.90,28885.10,1,0
66274.894701,1508.8670,7,7,0.766018,-2.212459,-0.765851,3.21617e+06,409.17,90119.80,23844.60,1,0
66363.028198,1506.8631,3,3,0.31993,-2.238266,2.125915,3.30103e+07,72.41,93967.40,27604.30,0,2
66365.590046,1506.8050,1,1,0.106563,-2.239017,0.765843,1.144e+07,38.58,111268.60,44903.40,1,0
66427.125474,1505.4091,5,5,0.523278,-2.257081,1.154575,2.24667e+07,64.66,95147.90,28720.70,1,0
66454.770356,1504.7829,30,30,3.11425,-2.265208,-2.929525,5.01173e+07,294.36,133503.90,67049.20,0,2
66460.107237,1504.6620,2,2,0.207291,-2.266778,0.802008,1.686e+08,103.90,135868.80,69408.50,1,0
66471.776099,1504.3979,400,400,41.3162,-2.270211,-11.210812,5032.03,1000.82,90119.80,23647.80,0,2
66506.733560,1503.6071,20,20,2.04465,-2.280504,-1.625851,4.36814e+06,637.04,92441.70,25935.00,1,0
66514.920032,1503.4221,100,100,10.1986,-2.282916,-2.629124,9.03768e+06,72.39,93967.40,27452.40,0,2
66547.411455,1502.6881,10,10,1.01014,-2.292495,0.513492,3.5577e+08,105.03,129106.10,62558.70,1,0
66619.846045,1501.0542,20,20,1.97753,-2.313886,0.594026,3.91846e+07,68.17,92554.80,25935.00,1,0
66663.109437,1500.0800,50,50,4.88094,-2.326685,-4.383900,3.04418e+06,49.17,111342.40,44680.00,0,4
66677.510750,1499.7560,50,50,4.86017,-2.330949,-1.374098,1.10399e+07,402.40,90119.80,23442.30,1,0
66730.467443,1498.5659,4,4,0.382758,-2.346647,0.845378,3.23798e+08,81.08,135868.80,69138.30,1,0
66767.979931,1497.7239,1,1,0.0946299,-2.357781,1.943460,1.98121e+08,88.58,133503.90,66735.90,0,2
66784.569709,1497.3519,3,3,0.282494,-2.362710,1.145289,8.2924e+06,49.37,90629.20,23844.60,1,0
66865.172547,1495.5469,30,30,2.758,-2.386690,-0.192692,4.77112e+08,82.48,129106.10,62240.80,1,0
66900.961516,1494.7468,10,10,0.909581,-2.397356,-0.395087,2.14522e+08,115.82,135445.20,68544.20,1,0
66952.781852,1493.5899,5,5,0.447812,-2.412821,0.648304,2.99591e+08,85.56,135445.20,68492.40,1,0
66984.891300,1492.8740,60,60,5.32243,-2.422415,-0.718816,6.43355e+08,110.33,131200.30,64215.50,1,0
67008.316439,1492.3521,100,100,8.80879,-2.429420,-2.326372,3.48827e+06,201.94,80360.80,13352.10,0,2
67031.772006,1491.8299,3,3,0.262415,-2.436439,-0.579218,1.58415e+06,410.93,92441.70,25409.70,1,0
67075.070372,1490.8669,7,7,0.604413,-2.449408,0.136337,1.71945e+08,112.15,131226.30,64150.90,1,0
67091.841646,1490.4942,50,50,4.29558,-2.454436,0.057337,1.34524e+09,91.54,133393.20,66301.30,1,0
67113.469543,1490.0139,3,3,0.256068,-2.460923,-2.067040,1.13107e+07,404.00,135445.20,68331.70,1,0
67144.785273,1489.3189,40,40,3.3823,-2.470324,-0.868232,1.54079e+07,114.70,92554.80,25409.70,1,0
67201.095491,1488.0710,30,30,2.49415,-2.487249,-0.978547,1.07955e+07,49.36,93296.50,26095.20,1,0
67343.159414,1484.9318,20,20,1.59307,-2.530068,0.244429,7.32196e+08,88.95,135868.80,68525.60,1,0
67355.436018,1484.6612,50,50,3.96794,-2.533776,-1.697791,2.15917e+08,179.52,133503.90,66148.40,1,0
67371.913169,1484.2981,300,300,23.6894,-2.538755,-2.150756,2.44945e+07,690.47,90119.80,22747.70,0,2
67383.363555,1484.0458,3,3,0.236075,-2.542216,1.235675,2.00281e+08,68.90,131200.30,63816.90,1,0
67407.794099,1483.5080,5,5,0.390563,-2.549605,1.722828,2.34334e+07,63.10,92441.70,25033.90,0,2
67409.516223,1483.4701,8,8,0.624575,-2.550126,0.558356,2.69627e+08,78.46,131226.30,63816.90,1,0
67457.401936,1482.4170,20,20,1.53896,-2.564624,-5.326560,43831.4,118.02,84992.00,17534.80,0,2
67470.601137,1482.1270,10,10,0.76641,-2.568623,0.592562,4.07604e+08,78.47,133393.20,65922.40,1,0
67494.192081,1481.6090,1,1,0.0760948,-2.575775,1.431737,1.14397e+08,87.49,135868.80,68374.50,0,2
67500.296119,1481.4750,7,7,0.531679,-2.577626,0.906279,2.7343e+08,73.17,129106.10,61605.70,1,0
67520.340523,1481.0352,40,40,3.01974,-2.583707,-0.423744,2.39196e+07,74.44,93967.40,26447.00,1,0
67543.513740,1480.5271,2,2,0.149929,-2.590742,1.167597,6.41371e+06,265.15,95147.90,27604.30,1,0
67574.468547,1479.8489,2,2,0.148526,-2.600146,2.451868,5.97722e+08,78.54,135445.20,67870.80,0,2
67581.495727,1479.6950,20,20,1.48209,-2.602281,0.254104,5.66028e+08,115.79,133503.90,65922.40,1,0
67607.029331,1479.1361,10,10,0.735312,-2.610045,0.093457,1.9841e+08,81.08,131200.30,63593.40,1,0
67630.716571,1478.6181,3,3,0.219009,-2.617253,-4.414400,949950,141.28,135868.80,68238.10,0,2
67632.819933,1478.5721,8,8,0.583651,-2.617893,1.038449,4.05879e+08,75.06,131226.30,63593.40,1,0
67639.037696,1478.4362,10,10,0.728185,-2.619786,-0.214983,4.20813e+06,250.26,87511.60,19872.40,1,0
67653.504799,1478.1200,100,100,7.24984,-2.624191,-1.683641,1.43708e+07,69.00,92441.70,24788.00,1,0
67712.003796,1476.8430,30,30,2.13652,-2.642020,-7.625136,61382.4,80.30,113556.80,45844.70,0,2
67881.516164,1473.1551,2,2,0.135242,-2.693837,1.799116,7.51036e+06,55.50,90629.20,22747.70,0,2
67945.530974,1471.7671,30,30,1.9892,-2.713464,0.410573,4.5465e+07,45.90,96830.50,28885.10,1,0
68032.433428,1469.8872,2,2,0.12912,-2.740158,1.804486,9.42336e+06,69.24,93967.40,25935.00,0,2
68049.839421,1469.5112,7,7,0.449508,-2.745511,-2.633941,1.11084e+07,76.00,135445.20,67395.30,0,2
68083.768796,1468.7789,10,10,0.635484,-2.755954,-5.153564,39310.6,633.52,92554.80,24470.90,0,2
68093.310166,1468.5730,5,5,0.31681,-2.758892,-3.799193,75916.8,593.40,92554.80,24461.20,0,2
68101.384498,1468.3989,200,200,12.6409,-2.761379,-3.613144,3.12182e+06,131.20,90629.20,22527.70,0,2
68109.348644,1468.2272,20,20,1.26099,-2.763832,0.518204,3.20188e+07,56.59,96830.50,28720.70,1,0
68249.318872,1465.2161,2,2,0.120768,-2.807028,0.688315,1.25427e+06,148.35,83703.40,15454.20,1,0
68508.439152,1459.6742,40,40,2.22889,-2.887375,-2.622975,1.82758e+06,663.96,93296.50,24788.00,0,2
68528.020383,1459.2571,2,2,0.110768,-2.893466,-0.096602,2.91164e+07,101.80,133393.20,64865.10,1,0
68592.093801,1457.8940,2,2,0.10858,-2.913417,0.175373,4.4186e+07,83.55,135445.20,66852.90,1,0
68597.273950,1457.7839,10,10,0.542024,-2.915031,0.645084,1.0877e+07,71.13,92441.70,23844.60,1,0
68646.519595,1456.7381,1,1,0.0533764,-2.930386,2.376427,1.67585e+08,57.72,133503.90,64857.20,0,2
68700.995683,1455.5830,30,30,1.57429,-2.947391,-0.712668,1.01005e+07,526.78,95147.90,26447.00,1,0
68747.322436,1454.6021,5,5,0.258611,-2.961869,0.766299,2.86034e+06,60.17,83607.30,14860.00,1,0
68789.757167,1453.7048,7,7,0.357281,-2.975144,-4.696969,19210.3,302.12,85306.10,16516.10,0,2
68843.555472,1452.5688,1,1,0.0501874,-2.991991,0.729401,538408,39.28,83703.40,14860.00,1,0
68880.814356,1451.7831,100,100,4.96047,-3.003670,-1.085827,1.45516e+07,376.79,90119.80,21238.80,1,0
68908.817882,1451.1931,30,30,1.47513,-3.012454,-1.300835,4.20968e+06,160.63,92441.70,23532.90,1,0
69021.977550,1448.8139,5,5,0.237268,-3.048003,1.470403,1.09007e+07,83.29,92554.80,23532.90,1,0
69052.768904,1448.1679,100,100,4.69961,-3.057690,-0.176013,5.13059e+07,52.93,95147.90,26095.20,1,0
69094.122494,1447.3011,3,3,0.139164,-3.070711,1.718264,7.00286e+06,44.14,90629.20,21535.20,1,0
69139.026350,1446.3611,1,1,0.0457363,-3.084862,2.583020,4.81796e+07,53.02,117540.50,48401.60,0,2
69179.400704,1445.5170,300,300,13.5473,-3.097597,-0.187642,1.32627e+08,49.49,93967.40,24788.00,1,0
69268.428673,1443.6591,2,2,0.087811,-3.125715,0.508600,4.2202e+07,66.24,133503.90,64235.60,1,0
69299.823708,1443.0051,1,1,0.0434718,-3.135643,0.744505,640062,549.16,87511.60,18211.80,1,0
69334.186868,1442.2899,10,10,0.430017,-3.146516,-1.751349,671260,575.73,90629.20,21294.90,1,0
69377.577408,1441.3879,20,20,0.848297,-3.160257,0.031605,1.29987e+07,135.27,96830.50,27452.40,1,0
69448.205048,1439.9220,30,30,1.24427,-3.182648,0.174952,1.0343e+07,913.99,87511.60,18063.40,1,0
69496.320581,1438.9251,2,2,0.0816942,-3.197920,2.253727,9.14656e+06,50.94,93967.40,24470.90,0,2
69504.004472,1438.7660,3,3,0.122243,-3.200360,2.110196,1.05748e+07,69.17,92554.80,23050.60,0,2
69506.280598,1438.7189,5,5,0.20359,-3.201083,2.225650,2.216e+07,71.49,93967.40,24461.20,0,2
69693.931609,1434.8452,40,40,1.53433,-3.260789,-0.221802,8.22663e+07,43.55,115499.70,45806.00,1,0
69738.115700,1433.9361,20,20,0.75643,-3.274878,-1.521437,2.12948e+06,518.57,95147.90,25409.70,1,0
69854.147240,1431.5542,3,3,0.109337,-3.311932,2.081002,9.7055e+06,55.69,93296.50,23442.30,0,2
69869.290741,1431.2440,20,20,0.725393,-3.316774,-1.408655,4.22595e+07,120.92,131226.30,61357.00,1,0
69884.616545,1430.9301,3,3,0.108277,-3.321675,-1.426143,180385,693.69,87511.60,17627.00,1,0
69913.987751,1430.3289,20,20,0.715095,-3.331073,0.123525,8.35768e+06,357.78,92441.70,22527.70,1,0
69993.562576,1428.7028,3,3,0.104565,-3.356557,-2.632136,513563,71.22,115800.20,45807.10,0,2
70027.122983,1428.0181,40,40,1.37928,-3.367316,1.215931,4.84254e+07,54.37,92554.80,22527.70,1,0
70122.926182,1426.0671,100,100,4.26998,-3.153561,-0.316958,3.62378e+07,46.17,93967.40,23844.60,1,0
70276.887053,1422.9429,2,2,0.0916833,-3.082562,1.670925,5.0555e+06,135.76,92554.80,22277.70,1,0
70360.003210,1421.2620,100,100,4.7604,-3.044838,-0.321308,4.41066e+07,106.47,95147.90,24788.00,1,0
70383.124547,1420.7951,15,15,0.72154,-3.034418,0.590678,1.90619e+07,64.00,96830.50,26447.00,1,0
70419.011446,1420.0711,50,50,2.44419,-3.018309,-0.977136,7.81874e+06,1023.18,90119.80,19700.90,1,0
70473.841781,1418.9662,7,7,0.350661,-2.993847,0.968906,9.55572e+06,47.54,92554.80,22080.90,1,0
70548.822080,1417.4581,1,1,0.0517835,-2.960685,-0.777248,261109,894.41,93296.50,22747.70,1,0
70627.762845,1415.8738,1,1,0.053604,-2.926131,1.681128,9.54936e+07,76.72,135445.20,64817.50,0,2
70714.505155,1414.1370,50,50,2.78275,-2.888583,0.371874,1.13244e+09,78.69,133393.20,62678.70,1,0
70759.632075,1413.2352,3,3,0.170229,-2.869223,0.135916,1.64942e+06,671.01,90119.80,19360.10,1,0
70806.628993,1412.2971,20,20,1.15783,-2.849185,0.359045,3.89862e+08,93.86,131226.30,60419.70,1,0
70825.333456,1411.9242,20,20,1.16706,-2.841245,0.248663,4.22994e+08,87.82,133503.90,62678.70,1,0
70830.607435,1411.8190,20,20,1.16967,-2.839010,-0.309184,8.754e+06,274.75,92441.70,21611.20,1,0
70884.526061,1410.7451,10,10,0.598298,-2.816251,-7.071972,54430.6,104.94,121532.50,50647.40,0,2
70889.264947,1410.6508,100,100,5.99491,-2.814259,-1.235383,5.95956e+08,75.84,135868.80,64979.60,1,0
70895.430126,1410.5282,10,10,0.601046,-2.811669,-0.382241,5.95844e+06,455.38,96830.50,25935.00,1,0
70906.698508,1410.3040,60,60,3.62337,-2.806940,-0.062983,3.46508e+07,53.58,92441.70,21535.20,1,0
70931.997435,1409.8010,100,100,6.10324,-2.796351,-0.816356,5.33446e+08,110.71,129106.10,58174.10,1,0
70945.386195,1409.5349,3,3,0.184123,-2.790761,1.722850,2.90969e+08,113.10,133503.90,62558.70,0,2
70948.201139,1409.4790,20,20,1.22893,-2.789587,0.719676,4.98942e+08,65.78,129106.10,58158.10,1,0
70995.297824,1408.5440,3,3,0.187984,-2.770013,0.861250,3.03625e+06,127.08,87511.60,16516.10,1,0
71011.585074,1408.2209,10,10,0.63085,-2.763272,0.743319,4.52843e+08,74.76,135868.80,64857.20,1,0
71034.183673,1407.7729,20,20,1.27352,-2.753945,-0.801953,1.33583e+08,242.45,131200.30,60166.20,1,0
71044.217682,1407.5741,3,3,0.19182,-2.749812,2.075473,5.03939e+08,75.52,135445.20,64401.00,0,2
71058.910210,1407.2831,10,10,0.643273,-2.743771,-2.991275,171450,370.05,84410.60,13352.10,0,2
71060.079431,1407.2599,10,10,0.643582,-2.743291,1.040997,4.27057e+08,74.95,131226.30,60166.20,1,0
71062.498443,1407.2120,5,5,0.322111,-2.742298,-3.802322,335114,54.38,111268.60,40205.70,0,2
71120.171268,1406.0709,15,15,0.989394,-2.718713,0.930848,1.68664e+08,39.36,115800.20,44680.00,1,0
71146.823867,1405.5441,50,50,3.33391,-2.707876,-1.417939,8.19664e+06,119.90,92441.70,21294.90,1,0
71152.398787,1405.4340,2,2,0.133658,-2.705615,1.964388,2.65752e+08,90.92,133393.20,62240.80,0,2
71219.897717,1404.1020,20,20,1.37351,-2.678365,0.245097,2.01337e+07,48.30,93967.40,22747.70,1,0
71260.093807,1403.3100,100,100,6.97906,-2.662256,-0.763782,3.32552e+07,42.76,92554.80,21294.90,1,0
71288.896911,1402.7430,20,20,1.41194,-2.650767,-4.238018,964596,44.10,111494.60,40205.70,0,4
71303.386540,1402.4579,8,8,0.56804,-2.645005,-0.909827,2.88313e+06,173.99,95147.90,23844.60,1,0
71320.476145,1402.1219,8,8,0.571906,-2.638223,0.699326,1.00642e+07,49.07,90629.20,19308.90,1,0
71406.428122,1400.4341,7,7,0.517658,-2.604351,0.253403,6.80724e+06,51.05,92554.80,21148.40,1,0
71420.407218,1400.1600,3,3,0.22307,-2.598880,0.028461,3.30999e+06,38.70,96830.50,25409.70,1,0
71472.419720,1399.1411,5,5,0.379395,-2.578614,-0.619496,9.52056e+06,50.57,111342.40,39870.20,1,0
71695.691364,1394.7840,10,10,0.826418,-2.493239,-5.679313,216643,515.24,117540.50,45844.70,0,2
71705.915567,1394.5851,60,60,4.97762,-2.489392,-2.894434,2.79925e+06,99.42,92554.80,20848.40,0,2
71705.915567,1394.5851,60,60,4.97762,-2.489392,-0.392223,4.21557e+07,55.54,95147.90,23442.30,1,0
71796.522626,1392.8251,100,100,8.58176,-2.455531,-2.643367,8.75632e+06,144.28,96830.50,25033.90,0,2
72042.316182,1388.0731,1,1,0.0938766,-2.365774,2.001307,9.93056e+06,90.55,96830.50,24788.00,0,2
72057.792398,1387.7750,40,40,3.77596,-2.360224,-0.826776,1.77402e+07,46.14,93296.50,21238.80,1,0
72141.590531,1386.1630,3,3,0.291778,-2.330376,1.621911,1.08234e+08,63.48,117044.60,44903.40,1,0
72274.804839,1383.6080,2,2,0.203827,-2.283633,1.240033,5.60195e+07,47.38,118081.10,45806.00,1,0
72356.534618,1382.0452,1,1,0.104834,-2.255379,-3.594118,231138,385.84,118201.40,45844.70,0,2
72364.876033,1381.8859,2,2,0.210269,-2.252514,1.208837,5.14457e+07,51.33,117044.60,44680.00,1,0
72387.914253,1381.4461,100,100,10.5968,-2.244616,-0.637349,4.8269e+07,49.88,90629.20,18241.50,1,0
72400.330691,1381.2092,10,10,1.06419,-2.240371,-0.622033,7.09352e+06,134.32,95147.90,22747.70,1,0
72465.979308,1379.9579,3,3,0.326465,-2.218044,0.796605,5.83294e+07,51.01,118271.60,45806.00,1,0
72548.677361,1378.3849,1,1,0.111894,-2.190207,-0.748852,2.42906e+06,49.09,111334.90,38785.80,1,0
72569.370091,1377.9918,15,15,1.69005,-2.183292,-0.734613,8.06768e+06,138.74,92441.70,19872.40,1,0
72633.779076,1376.7699,15,15,1.7266,-2.161894,0.891876,1.93144e+08,64.10,111334.90,38701.60,1,0
72672.722317,1376.0321,8,8,0.932759,-2.149050,0.466752,1.67246e+07,46.32,93967.40,21294.90,1,0
72682.500240,1375.8470,1,1,0.11697,-2.145836,2.919317,2.17322e+07,58.77,92554.80,19872.40,0,2
72783.427387,1373.9391,10,10,1.20885,-2.112916,-0.443469,5.93479e+07,156.00,117686.40,44903.40,1,0
72967.611518,1370.4711,15,15,1.92326,-2.054027,0.514697,2.4475e+08,52.06,117647.20,44680.00,1,0
72985.822077,1370.1291,2,2,0.257911,-2.048287,-0.921572,1.44826e+06,69.89,96830.50,23844.60,1,0
73178.482838,1366.5219,3,3,0.410722,-1.988451,0.219540,7.20042e+06,56.70,96830.50,23651.90,1,0
73297.500488,1364.3030,1,1,0.141949,-1.952291,1.499401,3.31164e+07,77.98,113023.50,39726.00,1,0
73401.434861,1362.3712,20,20,2.9286,-1.921207,-0.550010,1.32318e+08,72.75,118081.10,44680.00,1,0
73415.359757,1362.1128,1,1,0.147036,-1.917078,2.087526,9.4648e+07,64.27,118318.60,44903.40,0,2
73727.008488,1356.3550,2,2,0.32187,-1.826756,-1.251589,5.0874e+06,44.49,113825.50,40098.70,1,0
73789.087839,1355.2139,3,3,0.491337,-1.809238,1.636177,2.02825e+08,59.95,118468.80,44680.00,0,2
73910.530930,1352.9872,2,2,0.338826,-1.775415,0.410062,2.80396e+07,100.38,113780.30,39870.20,1,0
73936.540103,1352.5112,300,300,51.1895,-1.768248,-2.419594,4.7663e+07,55.59,93296.50,19360.10,0,2
74088.332998,1349.7402,1,1,0.177827,-1.726946,-2.088709,6.96274e+06,59.24,135445.20,61357.00,1,0
74095.030910,1349.6182,7,7,1.24703,-1.725145,-0.348085,9.7088e+06,57.68,93967.40,19872.40,1,0
74110.627135,1349.3341,7,7,1.25227,-1.720956,0.299254,8.61254e+07,50.54,112896.30,38785.80,1,0
74210.789898,1347.5129,10,10,1.83732,-1.694278,0.217805,9.88205e+07,46.72,110880.90,36670.60,1,0
74230.117096,1347.1621,30,30,5.54016,-1.689174,-3.601808,1.47007e+06,336.03,92441.70,18211.80,0,2
74339.819291,1345.1741,100,100,19.0049,-1.660475,-5.542182,4.0804e+06,43.04,113825.50,39485.50,0,4
74468.203012,1342.8550,10,10,1.96428,-1.627461,-0.040588,8.28302e+07,47.93,111109.90,36642.10,1,0
74693.198239,1338.8100,4,4,0.831292,-1.571068,0.905355,9.16544e+07,68.02,111334.90,36642.10,1,0
74898.837350,1335.1342,100,100,21.8467,-1.521120,-1.355230,3.00901e+08,49.50,113600.10,38701.60,1,0
75054.835169,1332.3592,1,1,0.226679,-1.484220,-1.388923,582781,477.76,93296.50,18241.50,1,0
75103.823553,1331.4901,1,1,0.229281,-1.472806,1.032407,5.34602e+06,46.65,90629.20,15525.50,1,0
75132.320332,1330.9851,60,60,13.848,-1.466204,0.116195,8.43952e+08,65.59,113833.90,38701.60,1,0
75275.587823,1328.4519,30,30,7.15469,-1.433430,-5.822673,1.14599e+06,81.50,113825.50,38549.90,0,2
75289.476680,1328.2069,5,5,1.1962,-1.430289,0.336479,1.63168e+08,52.39,121095.20,45806.00,1,0
75462.877634,1325.1549,4,4,0.994689,-1.391619,-0.135873,5.81513e+07,40.63,116489.80,41026.90,1,0
75670.430198,1321.5202,5,5,1.30058,-1.346624,0.115940,8.93312e+07,52.34,115403.30,39733.00,1,0
75766.522552,1319.8441,1,1,0.265468,-1.326260,1.012867,4.50031e+07,46.01,115499.70,39733.00,1,0
75769.289137,1319.7959,1,1,0.265623,-1.325678,-0.262607,1.68143e+06,142.10,90629.20,14860.00,1,0
75946.361327,1316.7188,3,3,0.8267,-1.288926,1.255116,1.80643e+08,53.01,115672.30,39726.00,1,0
75972.600931,1316.2640,1,1,0.277049,-1.283562,1.339843,5.15513e+07,49.44,112643.10,36670.60,1,0
76011.182519,1315.5959,1,1,0.279231,-1.275715,0.923874,4.0781e+07,51.63,114797.10,38785.80,1,0
76070.321381,1314.5731,2,2,0.565171,-1.263773,-2.910749,252230,757.16,90629.20,14558.80,0,2
76095.618577,1314.1361,20,20,5.68047,-1.258698,-0.575228,1.85074e+08,51.67,114797.10,38701.60,1,0
76127.713437,1313.5821,10,10,2.8585,-1.252286,0.269349,1.83855e+08,47.33,112769.70,36642.10,1,0
76130.276065,1313.5379,2,2,0.571993,-1.251776,-1.502077,5.54172e+06,62.21,111268.60,35137.80,1,0
76199.998176,1312.3360,7,7,2.02983,-1.237960,-0.362793,8.95361e+07,125.60,115933.10,39733.00,1,0
76279.284910,1310.9719,1,1,0.294515,-1.222424,-0.119178,1.33716e+07,59.37,113291.70,37011.90,1,0
76317.994515,1310.3070,2,2,0.593475,-1.214907,0.871753,6.19619e+07,60.94,111342.40,35024.50,1,0
76418.891506,1308.5770,2,2,0.605093,-1.195520,0.223360,7.21506e+06,48.58,92554.80,16136.00,1,0
76438.918291,1308.2341,2,2,0.607404,-1.191708,0.800538,8.81248e+07,68.76,116309.10,39870.20,1,0
76545.071769,1306.4198,1,1,0.309843,-1.171691,0.354754,2.30065e+07,52.28,113556.80,37011.90,1,0
76576.008096,1305.8920,1,1,0.311636,-1.165918,0.946950,5.22487e+07,54.27,116309.10,39733.00,1,0
76583.105088,1305.7710,1,1,0.312048,-1.164598,0.961547,5.37047e+07,48.52,116453.20,39870.20,1,0
76716.480361,1303.5009,2,2,0.639608,-1.140047,0.444505,5.33564e+07,48.66,113914.20,37197.60,1,0
76748.276230,1302.9609,3,3,0.964972,-1.134268,0.365855,6.00472e+07,49.84,111268.60,34520.30,1,0
76763.885485,1302.6959,10,10,3.22568,-1.131442,0.827967,4.86027e+08,75.55,116489.80,39726.00,1,0
76886.589156,1300.6169,50,50,16.4869,-1.109456,-0.833617,4.40701e+08,51.30,115672.30,38785.80,1,0
76906.212382,1300.2851,3,3,0.992661,-1.105978,-0.530550,6.82576e+06,81.79,95147.90,18241.50,1,0
76958.186447,1299.4069,10,10,3.33932,-1.096818,-1.146260,5.51657e+07,49.99,113600.10,36642.10,1,0
76970.868959,1299.1928,2,2,0.669351,-1.094594,0.459532,6.51314e+07,64.90,115672.30,38701.60,1,0
77051.809406,1297.8281,3,3,1.01827,-1.080502,-2.216039,6.72198e+06,59.56,115499.70,38448.40,1,0
77191.887314,1295.4729,30,30,10.4298,-1.056529,-0.208617,4.47094e+08,64.93,113833.90,36642.10,1,0
77273.601378,1294.1030,3,3,1.05742,-1.042783,0.326964,7.78626e+07,49.15,113914.20,36640.40,1,0
77277.188767,1294.0429,10,10,3.52684,-1.042183,-1.337912,7.46864e+06,52.40,90629.20,13352.10,1,0
77334.796668,1293.0790,5,5,1.7804,-1.032602,-0.676584,6.43928e+07,55.63,117540.50,40205.70,1,0
77395.675546,1292.0619,1,1,0.359669,-1.022571,-4.554488,35305,704.25,92441.70,15045.80,0,2
77453.095886,1291.1040,20,20,7.26113,-1.013197,-0.752184,2.18821e+08,53.60,116238.70,38785.80,1,0
77453.095886,1291.1040,20,20,7.26113,-1.013197,-3.911901,1.01378e+07,116.20,117323.10,39870.20,0,2
77579.584726,1288.9989,2,2,0.741045,-0.992842,0.053593,4.70105e+07,54.74,115499.70,37919.60,1,0
77704.001572,1286.9350,300,300,113.36,-0.973211,-1.560717,1.54818e+09,66.07,116489.80,38785.80,1,0
77880.218194,1284.0231,10,10,3.88268,-0.946060,-0.291334,1.78058e+08,47.62,115800.20,37919.60,1,0
78349.819812,1276.3271,1,1,0.415898,-0.877316,-3.144262,1.20926e+06,53.86,117044.60,38694.50,0,2
78532.318171,1273.3611,5,5,2.13287,-0.851968,-0.613202,5.8636e+07,60.47,113556.80,35024.50,1,0
78560.703646,1272.9010,20,20,8.56462,-0.848092,-0.042173,1.89283e+08,58.46,103805.40,25244.60,1,0
78565.703258,1272.8200,1,1,0.428523,-0.847411,-4.239291,437822,732.77,117686.40,39120.40,0,2
78573.721474,1272.6901,3,3,1.28697,-0.846321,0.997524,6.7647e+07,46.49,101665.60,23091.70,1,0
78771.222961,1269.4991,1,1,0.440476,-0.819899,0.847011,5.0892e+07,60.35,113291.70,34520.30,1,0
78780.791710,1269.3449,1,1,0.441031,-0.818640,0.396406,3.8571e+07,57.79,115420.80,36640.40,1,0
78787.801723,1269.2320,2,2,0.882875,-0.817719,0.347559,7.58166e+07,58.18,115800.20,37011.90,1,0
78859.121061,1268.0841,1,1,0.445566,-0.808411,0.914036,6.57423e+07,51.76,115499.70,36640.40,1,0
78877.837578,1267.7832,40,40,17.8659,-0.805986,-0.901704,5.51579e+08,63.94,118610.90,39733.00,1,0
79009.172585,1265.6758,20,20,9.08437,-0.789177,-2.463389,6.00282e+07,62.16,118879.30,39870.20,0,2
79029.703521,1265.3470,5,5,2.27699,-0.786582,-2.931388,7.266e+06,214.63,115670.00,36640.40,0,2
79029.703521,1265.3470,5,5,2.27699,-0.786582,-0.201888,1.11373e+08,60.20,115672.30,36642.10,1,0
79145.914753,1263.4891,20,20,9.24122,-0.772058,-1.067987,2.46066e+08,51.25,118879.30,39733.00,1,0
79159.393250,1263.2740,20,20,9.25664,-0.770392,-1.031231,1.99285e+08,48.14,115800.20,36640.40,1,0
79247.402338,1261.8710,20,20,9.35707,-0.759601,-1.738698,1.21135e+08,50.39,118271.60,39024.30,1,0
79381.013292,1259.7471,4,4,1.90176,-0.743516,-0.269488,8.90368e+07,59.97,116021.80,36640.40,1,0
79447.034713,1258.7002,2,2,0.95834,-0.735700,0.395644,3.24482e+07,93.67,103805.40,24358.00,1,0
79495.300170,1257.9360,1,1,0.48189,-0.730040,-0.257760,2.15441e+07,152.66,115324.50,35828.50,1,0
79594.895596,1256.3620,20,20,9.74963,-0.718503,-2.654900,6.21919e+06,116.02,92441.70,12846.70,0,2
79651.580152,1255.4679,1,1,0.490651,-0.712023,-3.182466,1.48322e+06,452.32,118201.40,38549.90,0,2
79670.993354,1255.1620,3,3,1.4752,-0.709818,0.376978,1.2592e+08,58.69,115499.70,35828.50,1,0
79812.480519,1252.9369,7,7,3.49715,-0.693962,-1.118452,7.21494e+07,58.62,116453.20,36640.40,1,0
79812.480519,1252.9369,7,7,3.49715,-0.693962,-3.264728,2.18455e+07,44.64,128214.20,48401.60,0,4
80062.434525,1249.0252,3,3,1.53995,-0.666862,0.636760,6.32534e+07,45.82,103308.50,23246.00,1,0
80287.690703,1245.5209,5,5,2.62749,-0.643411,-2.014832,3.92272e+06,194.20,95147.90,14860.00,1,0
80342.631986,1244.6692,2,2,1.05688,-0.637827,0.413392,1.09432e+08,57.68,117540.50,37197.60,1,0
80679.828523,1239.4672,7,7,3.82369,-0.604695,0.282356,1.31265e+08,45.08,105566.60,24886.50,1,0
80774.991261,1238.0069,4,4,2.20472,-0.595692,-0.163755,1.10749e+08,60.56,115800.20,35024.50,1,0
80994.685640,1234.6489,1,1,0.56244,-0.575470,-0.131559,3.37882e+07,48.31,117647.20,36652.30,1,0
81045.886645,1233.8689,3,3,1.6951,-0.570869,-0.279472,5.07724e+07,68.05,110880.90,29835.10,1,0
81045.886645,1233.8689,3,3,1.6951,-0.570869,-3.761983,2.70592e+06,881.15,117686.40,36640.40,0,2
81065.319636,1233.5731,1,1,0.566016,-0.569134,0.466835,3.42011e+07,51.30,110333.60,29267.90,1,0
81087.090162,1233.2419,1,1,0.567113,-0.567197,0.880794,5.43536e+07,61.13,110922.20,29835.10,1,0
81392.795470,1228.6100,10,10,5.82298,-0.540773,-2.946412,2.762e+07,62.47,121119.20,39726.00,0,2
81428.787483,1228.0669,2,2,1.16811,-0.537756,-0.006166,7.18387e+07,79.25,116453.20,35024.50,1,0
81698.331269,1224.0152,5,5,2.98519,-0.515773,0.385477,4.04958e+08,71.23,121431.20,39733.00,1,0
81799.794293,1222.4970,10,10,6.01834,-0.507773,-0.319420,4.06259e+08,54.82,121532.50,39733.00,1,0
81818.722260,1222.2141,2,2,1.20545,-0.506297,0.320156,1.12621e+08,55.32,117647.20,35828.50,1,0
81940.487394,1220.3979,1,1,0.608401,-0.496922,0.833864,1.0256e+08,78.12,118610.90,36670.60,1,0
81968.895043,1219.9750,2,2,1.21943,-0.494764,0.182316,1.0711e+08,52.72,118610.90,36642.10,1,0
82000.813778,1219.5001,1,1,0.611186,-0.492354,0.901938,6.08444e+07,56.37,111268.60,29267.90,1,0
82020.471900,1219.2078,20,20,12.2418,-0.490876,-1.302216,2.1453e+08,63.58,117044.60,35024.50,1,0
82074.634515,1218.4032,4,4,2.45828,-0.486833,-0.120212,8.85048e+07,53.04,111342.40,29267.90,1,0
82137.331021,1217.4732,3,3,1.85227,-0.482202,0.319587,1.14924e+08,58.95,112643.10,30505.70,1,0
82157.872352,1217.1688,4,4,2.47341,-0.480697,-0.047719,1.00817e+08,60.25,111993.00,29835.10,1,0
82237.108661,1215.9961,2,2,1.24384,-0.474944,-1.772707,1.57541e+07,58.01,118879.30,36642.10,1,0
82489.804321,1212.2710,1,1,0.633084,-0.457152,0.911606,1.11902e+08,60.25,118318.60,35828.50,1,0
82508.391101,1211.9979,1,1,0.633892,-0.455876,0.807475,1.30918e+08,57.22,121532.50,39024.30,1,0
82729.766535,1208.7548,2,2,1.28676,-0.441021,-3.526239,1.40513e+06,50.63,110333.60,27604.30,0,2
82729.766535,1208.7548,2,2,1.28676,-0.441021,0.042622,1.22345e+08,62.91,121431.20,38701.60,1,0
82762.814713,1208.2721,2,2,1.28955,-0.438856,-0.049285,1.9917e+08,53.49,128568.60,45806.00,1,0
83051.098657,1204.0780,50,50,32.8346,-0.420541,-0.964020,9.2447e+08,61.76,118879.30,35828.50,1,0
83056.485368,1203.9999,4,4,2.62764,-0.420209,-0.153353,1.55998e+08,70.45,118081.10,35024.50,1,0
83094.583018,1203.4479,2,2,1.3169,-0.417865,0.449239,9.93489e+07,69.93,113600.10,30505.70,1,0
83167.773069,1202.3888,4,4,2.64556,-0.413412,0.547827,1.46368e+08,52.12,108559.40,25391.70,1,0
83194.762648,1201.9987,1,1,0.662466,-0.411786,0.452758,3.84593e+07,52.58,110333.60,27138.50,1,0
83272.324545,1200.8792,1,1,0.665538,-0.407160,-0.269248,2.14462e+07,76.30,111993.00,28720.70,1,0
83294.110590,1200.5651,3,3,1.99919,-0.405872,0.031117,1.45086e+08,62.55,118318.60,35024.50,1,0
83323.608262,1200.1401,8,8,5.34041,-0.404139,-0.874281,1.03199e+08,61.68,113158.50,29835.10,1,0
83444.674691,1198.3988,40,40,26.89,-0.397126,-1.120965,6.23039e+08,66.28,118468.80,35024.50,1,0
83501.100647,1197.5890,50,50,33.7206,-0.393914,-0.577112,7.27955e+08,59.55,110880.90,27380.30,1,0
83506.971888,1197.5048,30,30,20.2391,-0.393582,-0.705493,4.47693e+08,59.68,112769.70,29263.10,1,0
83542.272160,1196.9988,1,1,0.675979,-0.391593,0.789250,5.73829e+07,57.79,110922.20,27380.30,1,0
83549.671304,1196.8928,10,10,6.7626,-0.391178,-0.931034,4.2442e+08,67.66,128453.20,44903.40,1,0
83633.585145,1195.6919,4,4,2.71769,-0.386511,0.360363,1.76066e+08,69.93,112896.30,29263.10,1,0
83730.369672,1194.3098,20,20,13.6605,-0.381225,-0.172277,4.49107e+08,70.89,111109.90,27380.30,1,0
83889.306510,1192.0470,15,15,10.3324,-0.372761,-0.429505,1.07645e+09,70.15,128568.60,44680.00,1,0
84024.295398,1190.1320,10,10,6.93655,-0.365781,-0.580391,1.8027e+08,63.96,113291.70,29267.90,1,0
84204.210269,1187.5891,15,15,10.499,-0.356769,-0.637516,2.19633e+08,59.74,111342.40,27138.50,1,0
84477.216804,1183.7511,1,1,0.709134,-0.343710,0.364548,8.88357e+07,49.40,121119.20,36642.10,1,0
84545.584105,1182.7939,20,20,14.2275,-0.340553,-0.368252,5.56536e+08,56.47,115800.20,31254.70,1,0
84612.975791,1181.8518,2,2,1.42713,-0.337484,0.725105,1.22334e+08,53.44,111993.00,27380.30,1,0
84888.785995,1178.0119,5,5,3.61132,-0.325365,-10.085827,7220.96,317.93,113825.50,28936.50,0,2
84896.072037,1177.9108,5,5,3.61244,-0.325054,-1.137561,4.54602e+07,65.86,111342.40,26447.00,1,0
84897.873271,1177.8858,20,20,14.4509,-0.324977,-0.796310,3.55307e+08,62.29,115403.30,30505.70,1,0
84994.404841,1176.5480,5,5,3.62745,-0.320907,0.607790,3.65594e+08,54.67,115499.70,30505.70,1,0
85060.198097,1175.6380,10,10,7.27472,-0.318179,-0.700043,1.72377e+08,70.86,113780.30,28720.70,1,0
85704.198120,1166.8040,10,10,7.45706,-0.293423,0.168808,7.82849e+08,64.97,121532.50,35828.50,1,0
85804.074889,1165.4458,3,3,2.24505,-0.289886,0.530667,2.2154e+08,73.04,116309.10,30505.70,1,0
85862.027225,1164.6592,1,1,0.74986,-0.287868,-2.285736,2.72771e+06,68.19,110333.60,24470.90,0,2
86093.196231,1161.5320,7,7,5.29009,-0.280075,-6.363252,340021,263.72,110880.90,24788.00,0,2
86098.520109,1161.4601,8,8,6.04687,-0.279901,-0.210160,2.74992e+08,130.24,115933.10,29835.10,1,0
86140.672499,1160.8918,2,2,1.5138,-0.278524,0.673878,1.59574e+08,61.04,115403.30,29263.10,1,0
86145.916786,1160.8211,3,3,2.27109,-0.278354,0.689092,2.43158e+08,60.02,115408.40,29263.10,1,0
86153.628813,1160.7172,10,10,7.57218,-0.278104,-1.287206,9.466e+07,87.05,113291.70,27138.50,1,0
86176.507671,1160.4091,4,4,3.03111,-0.277364,-0.540500,8.31555e+07,72.81,113780.30,27604.30,1,0
86220.415611,1159.8181,20,20,15.1769,-0.275956,-0.096336,6.39467e+08,75.76,113600.10,27380.30,1,0
86358.481080,1157.9639,2,2,1.52429,-0.271618,1.067222,3.85288e+08,68.38,121382.60,35024.50,1,0
86409.591413,1157.2789,20,20,15.2669,-0.270046,-0.135440,7.29894e+08,74.27,115672.30,29263.10,1,0
86474.513008,1156.4101,15,15,11.4727,-0.268076,-0.258892,5.10049e+08,78.77,116309.10,29835.10,1,0
86532.507963,1155.6351,2,2,1.53236,-0.266340,0.510333,1.40994e+08,62.25,115800.20,29267.90,1,0
86670.421698,1153.7962,5,5,3.84638,-0.262306,-0.030536,2.07958e+08,173.23,115933.10,29263.10,1,0
86779.410382,1152.3471,10,10,7.71663,-0.259207,-0.666941,2.12907e+08,68.69,115499.70,28720.70,1,0
86826.806399,1151.7180,5,5,3.86342,-0.257884,0.225435,3.20445e+08,65.37,118081.10,31254.70,1,0
86845.205633,1151.4740,10,10,7.73079,-0.257374,-0.600832,1.90452e+08,77.64,113291.70,26447.00,1,0
86884.296463,1150.9560,2,2,1.54782,-0.256299,0.815824,5.84722e+07,56.64,101071.40,14187.40,1,0
86917.381621,1150.5179,20,20,15.4922,-0.255396,-0.133020,5.89642e+08,66.80,112896.30,25979.30,1,0
86959.831109,1149.9562,30,30,23.265,-0.254248,-2.013950,1.18276e+08,85.84,111268.60,24309.20,1,0
86976.191045,1149.7399,20,20,15.5168,-0.253809,-0.131699,7.74462e+08,73.03,116238.70,29263.10,1,0
87018.580782,1149.1799,5,5,3.88359,-0.252679,0.987904,3.9703e+08,62.34,111268.60,24250.60,1,0
87033.795305,1148.9790,10,10,7.77031,-0.252276,0.070617,3.23236e+08,64.82,111494.60,24461.20,1,0
87205.483787,1146.7169,1,1,0.780494,-0.247828,-0.753280,1.48011e+07,79.66,111993.00,24788.00,1,0
87209.890760,1146.6589,1,1,0.780582,-0.247716,1.010590,1.29974e+08,67.75,117044.60,29835.10,1,0
87214.382851,1146.5999,1,1,0.780671,-0.247602,1.633701,2.71981e+08,59.75,118468.80,31254.70,1,0
87233.698309,1146.3460,4,4,3.12421,-0.247114,0.473352,1.84573e+08,63.28,110880.90,23647.80,1,0
87255.478828,1146.0598,1,1,0.78148,-0.246566,1.184278,5.10714e+07,64.06,103344.40,16089.10,1,0
87270.006832,1145.8691,4,4,3.12706,-0.246203,0.325510,2.78242e+08,72.89,117775.30,30505.70,1,0
87301.485099,1145.4559,10,10,7.82377,-0.245419,-0.553366,2.50751e+08,65.33,116021.80,28720.70,1,0
87357.167910,1144.7258,10,10,7.83451,-0.244047,-0.002014,3.49208e+08,73.33,113291.70,25935.00,1,0
87417.400936,1143.9370,4,4,3.13839,-0.242584,0.306965,2.15062e+08,71.14,114797.10,27380.30,1,0
87462.896131,1143.3420,50,50,39.2727,-0.241492,-0.323239,1.06285e+09,68.96,111109.90,23647.80,1,0
87487.520826,1143.0202,2,2,1.57183,-0.240907,0.517043,1.62892e+08,125.03,117323.10,29835.10,1,0
87505.296262,1142.7880,10,10,7.86245,-0.240486,0.348613,5.09338e+08,64.34,113600.10,26095.20,1,0
87575.798018,1141.8680,2,2,1.57509,-0.238836,0.387310,1.52285e+08,73.34,118081.10,30505.70,1,0
87588.908622,1141.6971,40,40,31.5113,-0.238532,-0.372537,1.23451e+09,71.61,116309.10,28720.70,1,0
87622.299260,1141.2620,3,3,2.36517,-0.237763,0.431569,1.65667e+08,72.81,113556.80,25935.00,1,0
87687.519322,1140.4131,200,200,157.912,-0.236279,-0.618417,3.23141e+09,71.82,111334.90,23647.80,1,0
87705.907259,1140.1741,30,30,23.6966,-0.235864,-2.967465,4.46108e+07,60.07,110880.90,23175.10,0,2
87733.083596,1139.8209,10,10,7.90369,-0.235255,-0.858714,1.92337e+08,68.61,116453.20,28720.70,1,0
87777.419794,1139.2452,1,1,0.791147,-0.234271,1.269889,1.69626e+08,70.54,117044.60,29267.90,1,0
87799.568710,1138.9578,3,3,2.3746,-0.233783,0.203052,1.53364e+08,66.02,115403.30,27604.30,1,0
87810.022127,1138.8222,2,2,1.58343,-0.233554,1.008402,1.64722e+08,65.59,111342.40,23532.90,1,0
87855.617924,1138.2311,2,2,1.585,-0.232561,0.293745,8.9596e+07,64.30,112643.10,24788.00,1,0
87882.278632,1137.8858,30,30,23.7887,-0.231985,0.096965,1.16366e+09,78.99,113291.70,25409.70,1,0
87895.569914,1137.7138,100,100,79.3184,-0.231700,-0.702448,2.08528e+09,70.11,115499.70,27604.30,1,0
87935.507268,1137.1971,20,20,15.8772,-0.230847,-0.450327,3.76375e+08,66.87,111109.90,23175.10,1,0
87962.198352,1136.8520,3,3,2.38293,-0.230282,2.084057,7.34532e+08,62.43,111494.60,23532.90,0,2
87979.520287,1136.6282,8,8,6.35679,-0.229918,0.327512,4.11349e+08,66.96,113914.20,25935.00,1,0
87985.495593,1136.5510,1,1,0.794698,-0.229792,1.018110,1.34343e+08,103.84,117248.20,29263.10,1,0
87990.687513,1136.4839,4,4,3.17914,-0.229684,-0.013591,7.48318e+07,63.43,105632.20,17642.10,1,0
88040.972922,1135.8348,1,1,0.795617,-0.228637,1.569725,8.98384e+07,62.87,105450.20,17409.60,1,0
88105.410214,1135.0041,300,300,239.001,-0.227315,-0.964987,6.20087e+09,67.53,118610.90,30505.70,1,0
88125.075070,1134.7508,8,8,6.3759,-0.226916,1.254804,9.79404e+08,63.73,113158.50,25033.90,1,0
88147.505966,1134.4620,4,4,3.18939,-0.226463,0.842213,3.34832e+08,62.87,113556.80,25409.70,1,0
88160.233779,1134.2983,50,50,39.8776,-0.226207,-0.540954,8.77027e+08,71.83,111334.90,23175.10,1,0
88272.876362,1132.8508,40,40,31.9733,-0.223979,-0.800658,8.94896e+08,63.04,117540.50,29267.90,1,0
88341.318456,1131.9731,1,1,0.80039,-0.222656,0.604618,5.82549e+07,65.32,111993.00,23651.90,1,0
88361.173154,1131.7188,2,2,1.60139,-0.222276,1.885669,5.57181e+08,63.40,115499.70,27138.50,0,2
88373.717991,1131.5581,10,10,8.00886,-0.222037,0.204021,6.81439e+08,71.75,118879.30,30505.70,1,0
88395.207112,1131.2831,8,8,6.40969,-0.221630,-0.599255,1.28276e+08,65.15,110922.20,22527.70,1,0
88418.280090,1130.9878,15,15,12.0234,-0.221195,-5.868074,2.14127e+06,1778.76,117686.40,29267.90,0,2
88436.627019,1130.7532,2,2,1.60367,-0.220851,0.385785,1.55686e+08,86.55,118271.60,29835.10,1,0
88444.391968,1130.6539,1,1,0.801952,-0.220706,1.850402,1.94625e+08,62.19,111494.60,23050.60,0,2
88504.502475,1129.8860,3,3,2.40854,-0.219593,0.891993,2.72453e+08,66.90,113914.20,25409.70,1,0
88512.409964,1129.7851,10,10,8.02962,-0.219447,-0.402311,3.40215e+08,66.06,117775.30,29263.10,1,0
88569.714221,1129.0541,1,1,0.803801,-0.218404,1.163095,1.41306e+08,69.49,116021.80,27452.40,1,0
88595.080364,1128.7308,1,1,0.804168,-0.217947,0.456250,4.7735e+07,62.08,111342.40,22747.70,1,0
88702.274884,1127.3668,40,40,32.2278,-0.216049,-0.378846,1.09624e+09,64.39,114797.10,26095.20,1,0
88722.713022,1127.1071,4,4,3.22393,-0.215693,0.324861,1.54434e+08,69.62,110333.60,21611.20,1,0
88728.789338,1127.0299,2,2,1.61214,-0.215588,-3.568465,6.68568e+06,91.46,128214.20,39485.50,0,2
88746.722427,1126.8022,5,5,4.03159,-0.215277,0.275911,2.42976e+08,79.97,113780.30,25033.90,1,0
88799.832209,1126.1283,300,300,242.116,-0.214367,-1.951855,2.2224e+09,70.33,118063.00,29263.10,1,0
88815.083784,1125.9349,4,4,3.22904,-0.214108,1.104742,3.65699e+08,68.38,111342.40,22527.70,1,0
88818.217909,1125.8951,5,5,4.03652,-0.214055,0.781196,4.37436e+08,71.87,114797.10,25979.30,1,0
88841.813842,1125.5961,20,20,16.1525,-0.213657,0.186191,7.05462e+08,63.63,110922.20,22080.90,1,0
88853.987155,1125.4419,5,5,4.03896,-0.213452,1.139136,7.83503e+08,68.95,117574.50,28720.70,1,0
88915.117680,1124.6681,30,30,24.2584,-0.212434,-0.132652,7.33809e+08,66.15,110333.60,21418.80,1,0
88966.877499,1124.0138,1,1,0.8093,-0.211585,0.451859,4.82192e+07,70.00,111494.60,22527.70,1,0
88974.302595,1123.9200,15,15,12.141,-0.211465,0.166773,7.47262e+08,69.76,115420.80,26447.00,1,0
88991.093985,1123.7080,1,1,0.809618,-0.211192,1.719506,1.68215e+08,60.64,111268.60,22277.70,1,0
89039.017487,1123.1031,2,2,1.62049,-0.210422,1.160815,1.78446e+08,62.06,110333.60,21294.90,1,0
89043.927063,1123.0412,1,1,0.810306,-0.210343,-0.478208,3.45887e+07,223.83,118879.30,29835.10,1,0
89095.905019,1122.3860,7,7,5.67682,-0.209519,0.477508,4.09436e+08,71.07,113556.80,24461.20,1,0
89229.392799,1120.7069,3,3,2.43795,-0.207455,1.470595,5.46837e+08,76.39,115324.50,26095.20,1,0
89248.811907,1120.4631,1,1,0.812889,-0.207161,1.153853,1.09117e+08,95.49,112896.30,23647.80,1,0
89261.802981,1120.3000,4,4,3.25219,-0.206965,0.725706,2.50861e+08,75.18,111342.40,22080.90,1,0
89265.219024,1120.2572,1,1,0.81309,-0.206914,-0.300262,3.91571e+07,146.46,118201.40,28936.50,1,0
89309.797576,1119.6980,2,2,1.62726,-0.206247,0.895223,1.81035e+08,65.11,113780.30,24470.90,1,0
89314.725408,1119.6362,30,30,24.4107,-0.206174,-0.940477,4.1189e+08,62.93,113158.50,23844.60,1,0
89314.725408,1119.6362,30,30,24.4107,-0.206174,-1.083815,4.65899e+08,73.73,116453.20,27138.50,1,0
89327.991180,1119.4699,10,10,8.13851,-0.205977,0.755763,7.25581e+08,64.23,112769.70,23442.30,1,0
89346.276994,1119.2408,40,40,32.5628,-0.205708,-0.212972,9.45565e+08,64.27,110880.90,21535.20,1,0
89353.292494,1119.1529,40,40,32.5662,-0.205604,-0.165689,1.47599e+09,64.17,115800.20,26447.00,1,0
89387.619622,1118.7232,4,4,3.25826,-0.205103,-2.033744,1.53622e+07,88.33,110922.20,21535.20,0,2
89404.808707,1118.5081,30,30,24.443,-0.204853,-0.433516,8.26699e+08,83.76,115499.70,26095.20,1,0
89413.828992,1118.3952,15,15,12.2231,-0.204722,0.206004,5.66686e+08,60.86,111494.60,22080.90,1,0
89443.286710,1118.0269,8,8,6.52175,-0.204298,0.022154,3.05882e+08,66.99,113914.20,24470.90,1,0
89447.286850,1117.9769,20,20,16.3053,-0.204241,0.418812,1.08117e+09,76.95,113291.70,23844.60,1,0
89453.111833,1117.9041,5,5,4.07667,-0.204158,1.486213,8.26572e+08,65.68,113914.20,24461.20,1,0
89485.474783,1117.4998,6,6,4.89426,-0.203697,0.806145,3.76136e+08,61.35,110333.60,20848.40,1,0
89485.474783,1117.4998,6,6,4.89426,-0.203697,-2.342973,2.4347e+07,81.95,115420.80,25935.00,0,2
89507.090551,1117.2299,3,3,2.44788,-0.203392,0.004947,1.06083e+08,67.94,113158.50,23651.90,1,0
89551.093515,1116.6809,30,30,24.4938,-0.202775,0.247395,2.0448e+09,69.87,118271.60,28720.70,1,0
89575.084040,1116.3819,30,30,24.502,-0.202442,-3.254634,4.30076e+07,76.87,113825.50,24250.60,0,2
89575.084040,1116.3819,30,30,24.502,-0.202442,0.470764,2.13126e+09,64.46,116021.80,26447.00,1,0
89594.585153,1116.1389,50,50,40.8477,-0.202173,-0.533700,1.00001e+09,66.48,112769.70,23175.10,1,0
89627.812445,1115.7251,15,15,12.2599,-0.201718,0.048877,4.62657e+08,70.26,110922.20,21294.90,1,0
89640.195885,1115.5710,30,30,24.5239,-0.201550,0.232866,1.3473e+09,73.57,113291.70,23651.90,1,0
89657.708350,1115.3531,1,1,0.817657,-0.201312,1.373386,1.19288e+08,70.73,111268.60,21611.20,1,0
89693.186388,1114.9119,60,60,49.0828,-0.200835,0.098405,2.85626e+09,66.77,115672.30,25979.30,1,0
89731.492415,1114.4359,1,1,0.818465,-0.200325,1.107689,9.20176e+07,73.42,111342.40,21611.20,1,0
89748.223194,1114.2282,20,20,16.3729,-0.200104,0.768139,2.33265e+09,63.71,118468.80,28720.70,1,0
89786.508852,1113.7531,10,10,8.19057,-0.199601,0.022631,3.74192e+08,78.22,113630.90,23844.60,1,0
89807.801407,1113.4890,10,10,8.19284,-0.199324,0.261182,3.94734e+08,65.16,111342.40,21535.20,1,0
89850.090999,1112.9649,10,10,8.19731,-0.198779,0.597150,5.491e+08,66.71,111268.60,21418.80,1,0
89883.688823,1112.5489,5,5,4.10041,-0.198350,0.238839,1.95422e+08,74.28,111494.60,21611.20,1,0
89895.712682,1112.4001,1,1,0.820208,-0.198198,1.350798,1.30402e+08,74.97,112643.10,22747.70,1,0
89906.393630,1112.2679,30,30,24.6096,-0.198062,0.237199,1.83416e+09,68.59,117044.60,27138.50,1,0
89914.974863,1112.1618,10,10,8.20407,-0.197954,0.006770,4.22482e+08,81.69,115324.50,25409.70,1,0
89924.008591,1112.0501,5,5,4.1025,-0.197841,1.030720,4.2615e+08,68.41,111342.40,21418.80,1,0
89935.990066,1111.9019,10,10,8.20624,-0.197690,0.234405,4.68192e+08,89.47,113780.30,23844.60,1,0
89952.806500,1111.6941,100,100,82.0796,-0.197480,-0.346096,2.58223e+09,69.30,113600.10,23647.80,1,0
89970.520933,1111.4752,10,10,8.20977,-0.197260,0.522232,8.48716e+08,81.34,117574.50,27604.30,1,0
89978.795167,1111.3730,3,3,2.46318,-0.197158,0.079397,1.1885e+08,94.81,113630.90,23651.90,1,0
89994.903797,1111.1740,50,50,41.0612,-0.196959,-1.644791,5.40092e+08,85.84,118879.30,28885.10,1,0
90006.179123,1111.0348,1,1,0.821338,-0.196820,2.203808,4.16562e+08,71.76,116453.20,26447.00,0,2
90017.279060,1110.8978,1,1,0.82145,-0.196684,0.042537,2.92436e+07,71.49,110333.60,20315.70,1,0
90047.903310,1110.5200,200,200,164.351,-0.196311,-1.524585,1.32414e+09,68.98,111342.40,21294.90,1,0
90076.119506,1110.1722,30,30,24.6611,-0.195970,0.178063,1.10366e+09,69.18,111494.60,21418.80,1,0
90128.812726,1109.5231,15,15,12.3383,-0.195340,-0.878450,2.30834e+08,85.12,113780.30,23651.90,1,0
90158.625982,1109.1562,200,200,164.569,-0.194987,-0.261726,8.61487e+09,71.21,118879.30,28720.70,1,0
90186.204491,1108.8170,500,500,411.556,-0.194664,-0.082358,1.71323e+10,71.87,113833.90,23647.80,1,0
90194.995520,1108.7090,20,20,16.4639,-0.194562,-0.642381,5.32906e+08,66.56,117647.20,27452.40,1,0
90199.973080,1108.6478,3,3,2.46973,-0.194504,1.047859,2.63404e+08,68.18,111494.60,21294.90,1,0
90259.974577,1107.9108,80,80,65.905,-0.193812,-0.478966,2.23978e+09,69.07,116238.70,25979.30,1,0
90259.974577,1107.9108,80,80,65.905,-0.193812,-7.867796,1.32218e+06,727.89,115670.00,25409.70,0,2
90262.401099,1107.8810,20,20,16.4767,-0.193784,0.003831,7.51872e+08,68.80,113914.20,23651.90,1,0
90290.511278,1107.5361,100,100,82.4099,-0.193464,-0.758626,1.9658e+09,71.93,115324.50,25033.90,1,0
90338.488126,1106.9479,2,2,1.64909,-0.192924,0.947091,1.9103e+08,60.05,113780.30,23442.30,1,0
90369.590695,1106.5669,80,80,65.9864,-0.192577,-5.106640,2.04685e+07,408.32,115403.30,25033.90,0,2
90381.367620,1106.4227,20,20,16.4988,-0.192447,-1.534262,1.61498e+08,76.91,113914.20,23532.90,1,0
90390.497590,1106.3110,30,30,24.7506,-0.192346,-1.093078,4.38662e+08,72.40,115800.20,25409.70,1,0
90395.310073,1106.2521,3,3,2.47519,-0.192293,0.491611,2.51045e+08,71.15,117775.30,27380.30,1,0
90411.005062,1106.0600,4,4,3.30083,-0.192121,-0.078329,1.30301e+08,57.22,113158.50,22747.70,1,0
90457.476924,1105.4918,2,2,1.65125,-0.191615,1.429550,2.67808e+08,70.68,111993.00,21535.20,1,0
90466.121447,1105.3862,80,80,66.0561,-0.191522,-3.473317,1.05636e+08,532.19,115499.70,25033.90,0,2
90510.598464,1104.8430,2000,2000,1652.19,-0.191045,-1.265124,2.60339e+10,70.68,116489.80,25979.30,1,0
90536.673700,1104.5248,40,40,33.053,-0.190768,-4.379769,2.10352e+07,469.87,115324.50,24788.00,0,2
90547.803090,1104.3890,4,4,3.30569,-0.190651,-0.412810,1.34512e+08,78.31,117686.40,27138.50,1,0
90565.510920,1104.1731,2,2,1.65315,-0.190464,1.305504,2.16202e+08,83.30,110880.90,20315.70,1,0
90597.778519,1103.7798,20,20,16.5371,-0.190128,-1.002518,3.54048e+08,84.10,117044.60,26447.00,1,0
90612.118067,1103.6051,10,10,8.26977,-0.189979,-0.101963,4.01047e+08,76.34,116021.80,25409.70,1,0
90632.725935,1103.3542,5,5,4.13576,-0.189766,-3.099902,9.52912e+06,696.96,115420.80,24788.00,0,2
90646.616547,1103.1851,8,8,6.61816,-0.189624,0.115074,2.76352e+08,68.70,111494.60,20848.40,1,0
90649.502205,1103.1500,15,15,12.4094,-0.189594,0.120484,2.07367e+09,78.66,128568.60,37919.60,1,0
90658.972911,1103.0348,400,400,330.95,-0.189497,-1.468428,3.42702e+09,72.21,113833.90,23175.10,1,0
90666.916582,1102.9381,1,1,0.827442,-0.189416,1.153975,1.68917e+08,77.50,118271.60,27604.30,1,0
90698.324421,1102.5562,20,20,16.5541,-0.189098,-0.568150,3.63224e+08,64.97,111993.00,21294.90,1,0
90711.820215,1102.3922,200,200,165.564,-0.188962,-0.292475,6.35487e+09,69.12,115499.70,24788.00,1,0
90749.114868,1101.9391,20,20,16.5625,-0.188589,-2.039209,1.37855e+08,434.41,118201.40,27452.40,0,2
90764.109449,1101.7571,100,100,82.825,-0.188440,-0.045052,3.4035e+09,82.60,113291.70,22527.70,1,0
90853.503023,1100.6730,40,40,33.159,-0.187565,-0.055178,1.58842e+09,76.07,115324.50,24470.90,1,0
90863.993654,1100.5459,1,1,0.829059,-0.187464,1.104669,1.12996e+08,71.90,113914.20,23050.60,1,0
90863.993654,1100.5459,1,1,0.829059,-0.187464,-1.150802,1.7122e+07,133.81,118468.80,27604.30,1,0
90866.569581,1100.5147,2,2,1.65816,-0.187439,1.201088,3.55404e+08,77.47,118318.60,27452.40,1,0
90876.972363,1100.3888,4,4,3.31665,-0.187339,0.216004,3.40085e+08,70.23,121382.60,30505.70,1,0
90925.385041,1099.8029,200,200,165.909,-0.186878,-0.164931,1.16626e+10,71.33,121431.20,30505.70,1,0
90942.495015,1099.5960,4,4,3.31872,-0.186717,1.619250,1.05916e+09,73.08,118081.10,27138.50,1,0
90950.010935,1099.5051,20,20,16.5947,-0.186646,0.068377,9.0556e+08,68.94,115420.80,24470.90,1,0
90959.608810,1099.3891,7,7,5.80868,-0.186556,0.141002,3.40815e+08,67.75,115420.80,24461.20,1,0
90988.091165,1099.0449,40,40,33.2013,-0.186290,-2.724047,1.16494e+08,263.70,116021.80,25033.90,0,2
91013.774338,1098.7348,1,1,0.83023,-0.186053,1.939955,2.37413e+08,78.43,112769.70,21755.80,0,2
91027.186947,1098.5729,40,40,33.2133,-0.185929,-2.208030,1.33647e+08,68.55,111342.40,20315.70,0,2
91027.186947,1098.5729,40,40,33.2133,-0.185929,-0.130338,2.43409e+09,70.79,121532.50,30505.70,1,0
91032.717731,1098.5061,4,4,3.3215,-0.185878,0.669996,2.89417e+08,74.82,113780.30,22747.70,1,0
91050.121246,1098.2962,40,40,33.2203,-0.185719,0.034221,1.21611e+09,69.98,110922.20,19872.40,1,0
91077.410982,1097.9671,1,1,0.830713,-0.185471,2.010213,2.62801e+08,68.04,113158.50,22080.90,0,2
91108.292158,1097.5949,100,100,83.0944,-0.185193,-0.582431,1.68743e+09,68.69,111268.60,20160.40,1,0
91145.403603,1097.1480,50,50,41.561,-0.184861,-0.190360,1.8211e+09,104.62,115933.10,24788.00,1,0
91180.077219,1096.7308,20,20,16.6295,-0.184555,-0.802202,2.62496e+08,69.19,110880.90,19700.90,1,0
91180.077219,1096.7308,20,20,16.6295,-0.184555,-0.189731,8.84e+08,72.66,118318.60,27138.50,1,0
91210.319955,1096.3672,10,10,8.31694,-0.184290,-0.289694,2.66286e+08,145.10,113291.70,22080.90,1,0
91230.802303,1096.1210,100,100,83.1842,-0.184113,0.366189,7.89001e+09,74.58,118610.90,27380.30,1,0
91234.209735,1096.0801,50,50,41.5933,-0.184083,0.841688,5.14729e+09,70.27,116021.80,24788.00,1,0
91252.879532,1095.8558,30,30,24.96,-0.183922,-0.240541,8.72861e+08,108.94,113780.30,22527.70,1,0
91260.376578,1095.7658,100,100,83.2054,-0.183858,0.017725,6.80773e+09,70.42,121095.20,29835.10,1,0
91275.282704,1095.5869,60,60,49.9296,-0.183730,-2.324397,2.66562e+08,102.72,116309.10,25033.90,0,2
91275.282704,1095.5869,60,60,49.9296,-0.183730,-1.023573,1.20517e+09,71.60,118879.30,27604.30,1,0
91330.203649,1094.9280,80,80,66.6039,-0.183264,-0.237780,3.41011e+09,73.29,118468.80,27138.50,1,0
91334.386426,1094.8779,30,30,24.9773,-0.183229,0.267633,1.20571e+09,72.48,111494.60,20160.40,1,0
91338.208519,1094.8321,1,1,0.832604,-0.183197,0.108576,4.85647e+07,85.94,115800.20,24461.20,1,0
91343.622111,1094.7672,15,15,12.4896,-0.183151,0.472791,6.73764e+08,73.70,110333.60,18990.10,1,0
91354.491483,1094.6369,1,1,0.832718,-0.183060,1.419992,1.66188e+08,68.85,114797.10,23442.30,1,0
91386.386470,1094.2549,80,80,66.6351,-0.182795,-0.207172,2.432e+09,70.44,113914.20,22527.70,1,0
91402.819076,1094.0582,3,3,2.49916,-0.182659,0.792037,2.3301e+08,67.13,113158.50,21755.80,1,0
91441.016661,1093.6011,1,1,0.833313,-0.182346,1.050497,3.46626e+08,77.64,128453.20,37011.90,1,0
91470.120857,1093.2532,80,80,66.6808,-0.182110,0.221041,3.03019e+09,66.77,111342.40,19872.40,1,0
91475.814837,1093.1851,60,60,50.0129,-0.182064,0.212951,2.6966e+09,70.67,113556.80,22080.90,1,0
91498.825010,1092.9102,20,20,16.674,-0.181879,0.011360,1.13014e+09,75.22,118879.30,27380.30,1,0
91530.771284,1092.5288,2,2,1.66783,-0.181624,0.828330,1.56036e+08,70.33,112769.70,21238.80,1,0
91530.771284,1092.5288,2,2,1.66783,-0.181624,-4.425458,2.8458e+06,76.08,128214.20,36683.20,0,2
91547.826546,1092.3252,20,20,16.6805,-0.181489,-2.462074,6.32844e+07,67.47,113825.50,22277.70,0,2
91547.826546,1092.3252,20,20,16.6805,-0.181489,0.000635,1.3689e+09,69.46,121382.60,29835.10,1,0
91549.874554,1092.3008,20,20,16.6808,-0.181473,0.477052,1.17734e+09,72.73,113630.90,22080.90,1,0
91549.874554,1092.3008,20,20,16.6808,-0.181473,-1.665196,1.64725e+08,76.26,115800.20,24250.60,1,0
91572.404776,1092.0320,2,2,1.66838,-0.181296,-0.029265,5.68012e+07,86.70,110880.90,19308.90,1,0
91576.510108,1091.9831,3,3,2.50265,-0.181263,1.020004,3.51279e+08,65.35,115420.80,23844.60,1,0
91634.411136,1091.2931,2,2,1.66918,-0.180813,-2.567367,7.38853e+06,178.10,117044.60,25409.70,0,2
91634.411136,1091.2931,2,2,1.66918,-0.180813,-0.867419,4.39804e+07,243.68,118081.10,26447.00,1,0
91655.088238,1091.0469,2,2,1.66945,-0.180655,-0.269787,6.48746e+07,119.28,115499.70,23844.60,1,0
91672.574581,1090.8388,2,2,1.66967,-0.180521,0.674322,1.64405e+08,160.62,115324.50,23651.90,1,0
91680.977297,1090.7388,5,5,4.17444,-0.180457,0.514433,2.97153e+08,91.32,113291.70,21611.20,1,0
91698.016047,1090.5361,200,200,166.999,-0.180328,-1.408147,3.38537e+09,77.44,121532.50,29835.10,1,0
91712.314125,1090.3661,10,10,8.35087,-0.180220,0.148422,5.86199e+08,70.26,117647.20,25935.00,1,0
91712.314125,1090.3661,10,10,8.35087,-0.180220,-8.369877,278455,6054.44,128352.80,36640.40,0,2
91749.781869,1089.9208,1,1,0.835321,-0.179939,1.400327,1.20777e+08,70.81,111109.90,19360.10,1,0
91756.230052,1089.8443,4,4,3.34144,-0.179891,-0.212068,1.14932e+08,142.89,113291.70,21535.20,1,0
91756.230052,1089.8443,4,4,3.34144,-0.179891,-0.907121,6.80429e+07,72.21,115403.30,23647.80,1,0
91801.078613,1089.3118,8,8,6.6851,-0.179560,-2.317730,2.34566e+07,102.79,111109.90,19308.90,0,2
91801.078613,1089.3118,8,8,6.6851,-0.179560,-0.058336,9.13896e+08,72.03,128453.20,36652.30,1,0
91813.291133,1089.1669,1,1,0.835713,-0.179470,-2.966436,6.23473e+06,202.42,128453.20,36640.40,0,2
91833.008485,1088.9331,30,30,25.075,-0.179326,-0.313319,8.19e+08,74.22,113914.20,22080.90,1,0
91856.116113,1088.6591,500,500,417.987,-0.179159,-0.462375,2.10632e+10,73.64,121119.20,29263.10,1,0
91863.481800,1088.5718,20,20,16.7204,-0.179106,-0.313207,5.13619e+08,73.84,113158.50,21294.90,1,0
91881.931378,1088.3533,10,10,8.36129,-0.178973,1.275540,1.49855e+09,70.89,115324.50,23442.30,1,0
91887.787911,1088.2839,10,10,8.36164,-0.178931,-1.196799,1.27445e+08,111.43,115420.80,23532.90,1,0
91928.314773,1087.8041,100,100,83.6405,-0.178642,-0.236123,9.6482e+09,71.32,128568.60,36640.40,1,0
91945.490485,1087.6009,4,4,3.34603,-0.178521,0.534720,2.47618e+08,68.23,113556.80,21611.20,1,0
91960.974962,1087.4178,2,2,1.67319,-0.178412,1.752081,4.85624e+08,67.51,115403.30,23442.30,1,0
91965.695988,1087.3620,1,1,0.836625,-0.178379,1.593107,2.07204e+08,80.63,115408.40,23442.30,1,0
91974.998553,1087.2520,4,4,3.34672,-0.178314,1.043395,3.44016e+08,74.03,111334.90,19360.10,1,0
91982.424706,1087.1642,4,4,3.34689,-0.178262,1.426792,7.63684e+08,75.45,116453.20,24470.90,1,0
91996.907332,1086.9931,5,5,4.18404,-0.178162,0.926775,4.4829e+08,121.34,113291.70,21294.90,1,0
92021.709974,1086.7001,40,40,33.478,-0.177990,-2.070679,2.72104e+08,86.68,118468.80,26447.00,0,2
92053.812822,1086.3211,3,3,2.51141,-0.177770,0.812474,1.88228e+08,79.89,110295.20,18241.50,1,0
92057.297940,1086.2800,2,2,1.67431,-0.177746,-0.689307,4.25834e+07,2530.84,115499.70,23442.30,1,0
92088.222657,1085.9152,40,40,33.4932,-0.177536,-0.504115,1.06138e+09,80.59,115933.10,23844.60,1,0
92095.610093,1085.8281,20,20,16.7474,-0.177486,0.279087,9.64e+08,72.44,113630.90,21535.20,1,0
92120.808491,1085.5311,20,20,16.7503,-0.177317,-0.202938,5.21365e+08,63.74,111993.00,19872.40,1,0
92128.977983,1085.4348,1,1,0.83756,-0.177262,0.502108,6.03985e+07,299.19,113664.60,21535.20,1,0
92167.921698,1084.9762,15,15,12.5667,-0.177003,0.411381,1.55074e+09,78.63,121431.20,29263.10,1,0
92176.693009,1084.8729,10,10,8.37825,-0.176946,0.063835,4.71437e+08,72.76,116021.80,23844.60,1,0
92176.693009,1084.8729,10,10,8.37825,-0.176946,-0.719116,2.58492e+08,72.86,118271.60,26095.20,1,0
92215.428138,1084.4172,500,500,419.019,-0.176692,-0.904979,3.60286e+10,70.55,133242.30,41026.90,1,0
92228.618037,1084.2622,8,8,6.70488,-0.176606,0.242605,4.28872e+08,75.51,115403.30,23175.10,1,0
92233.579637,1084.2038,7,7,5.86696,-0.176574,-0.013932,2.90464e+08,73.67,115408.40,23175.10,1,0
92237.578756,1084.1568,20,20,16.7632,-0.176548,-0.631748,5.36248e+08,71.86,117647.20,25409.70,1,0
92244.888770,1084.0709,1,1,0.838198,-0.176500,1.004034,1.00661e+08,284.84,113780.30,21535.20,1,0
92256.382243,1083.9358,20,20,16.7652,-0.176426,-1.327668,2.4818e+08,71.86,116727.10,24470.90,1,0
92256.382243,1083.9358,20,20,16.7652,-0.176426,-0.545269,5.56817e+08,73.96,117044.60,24788.00,1,0
92261.486318,1083.8759,40,40,33.5315,-0.176393,-1.432588,3.45799e+08,77.03,113556.80,21294.90,1,0
92266.682100,1083.8148,10,10,8.38316,-0.176360,-0.996970,1.60238e+08,85.26,115800.20,23532.90,1,0
92266.682100,1083.8148,10,10,8.38316,-0.176360,-1.682384,9.80548e+07,105.76,118201.40,25935.00,1,0
92276.709115,1083.6971,2,2,1.67674,-0.176296,-0.429553,6.58386e+07,133.83,117686.40,25409.70,1,0
92289.402786,1083.5480,5,5,4.19219,-0.176215,0.265632,1.84881e+08,73.52,110531.00,18241.50,1,0
92289.402786,1083.5480,5,5,4.19219,-0.176215,-1.407915,6.00806e+07,374.44,117323.10,25033.90,1,0
92302.604962,1083.3930,10,10,8.38509,-0.176130,0.711954,7.59636e+08,69.58,113914.20,21611.20,1,0
92336.010514,1083.0011,10,10,8.38686,-0.175919,-0.507122,2.19356e+08,69.26,113630.90,21294.90,1,0
92346.229191,1082.8812,40,40,33.5496,-0.175855,0.039950,7.48955e+09,72.11,133373.00,41026.90,1,0
92361.369408,1082.7037,50,50,41.941,-0.175760,-0.523198,1.07648e+09,71.52,113600.10,21238.80,1,0
92383.427039,1082.4452,8,8,6.71148,-0.175622,0.513748,7.11564e+08,95.61,118318.60,25935.00,1,0
92413.682341,1082.0908,20,20,16.7818,-0.175435,-3.755884,1.41394e+07,70.51,111334.90,18921.20,0,2
92417.598936,1082.0450,10,10,8.39112,-0.175411,-2.589146,3.51208e+07,1417.02,116727.10,24309.20,0,2
92443.124762,1081.7462,10,10,8.39243,-0.175254,0.067125,3.78798e+08,162.34,113291.70,20848.40,1,0
92476.490314,1081.3559,20,20,16.7883,-0.175051,-0.336420,6.6807e+08,82.32,116727.10,24250.60,1,0
92485.387331,1081.2519,5,5,4.19729,-0.174998,0.293948,2.47154e+08,169.61,113780.30,21294.90,1,0
92488.983075,1081.2099,5,5,4.19739,-0.174976,0.837909,5.10457e+08,71.81,116021.80,23532.90,1,0
92515.681258,1080.8978,100,100,83.9612,-0.174816,-0.198379,4.46531e+09,69.62,118610.90,26095.20,1,0
92524.307546,1080.7971,6,6,5.03793,-0.174764,0.500295,1.18499e+09,70.15,128352.80,35828.50,1,0
92553.275463,1080.4588,300,300,251.94,-0.174592,-0.885613,1.48506e+10,74.12,128381.60,35828.50,1,0
92576.578745,1080.1868,50,50,41.9958,-0.174454,-0.005051,2.07577e+09,68.64,115324.50,22747.70,1,0
92583.178571,1080.1098,20,20,16.799,-0.174415,0.065989,1.02451e+09,78.68,117044.60,24461.20,1,0
92639.599200,1079.4520,100,100,84.0225,-0.174086,-0.466802,1.8256e+09,70.17,110880.90,18241.50,1,0
92655.395601,1079.2680,60,60,50.4181,-0.173995,-0.139846,2.18987e+09,74.65,115403.30,22747.70,1,0
92660.892573,1079.2039,1,1,0.840328,-0.173963,-1.430548,1.08028e+07,79.60,116309.10,23647.80,1,0
92671.703897,1079.0780,50,50,42.019,-0.173901,0.921996,6.55308e+09,71.24,118081.10,25409.70,1,0
92673.414050,1079.0581,50,50,42.0194,-0.173891,0.937797,5.36821e+09,67.12,115420.80,22747.70,1,0
92677.293864,1079.0129,10,10,8.40407,-0.173869,-4.203308,5.52132e+06,69.14,113825.50,21148.40,0,2
92706.592730,1078.6719,1,1,0.840547,-0.173702,0.608909,5.1192e+07,71.13,110333.60,17627.00,1,0
92786.591550,1077.7419,4,4,3.3637,-0.173253,-2.226591,2.15806e+07,216.17,117574.50,24788.00,0,2
92796.818113,1077.6232,2,2,1.68195,-0.173196,0.894747,2.03954e+08,123.44,115324.50,22527.70,1,0
92801.305519,1077.5710,30,30,25.2298,-0.173171,-0.001336,1.36807e+09,72.84,116453.20,23651.90,1,0
92811.625983,1077.4512,10,10,8.41042,-0.173114,0.582730,1.23336e+09,77.23,121532.50,28720.70,1,0
92817.593861,1077.3819,20,20,16.8214,-0.173081,0.765914,1.25141e+09,74.35,110880.90,18063.40,1,0
92858.977195,1076.9018,40,40,33.6504,-0.172854,0.670228,2.28155e+09,73.25,110922.20,18063.40,1,0
92858.977195,1076.9018,40,40,33.6504,-0.172854,-2.623190,1.45952e+08,85.97,117647.20,24788.00,0,2
92868.610761,1076.7901,10,10,8.41304,-0.172802,1.256983,1.04128e+09,76.19,111109.90,18241.50,1,0
92908.723144,1076.3252,30,30,25.2446,-0.172585,0.124822,1.80382e+09,91.11,118318.60,25409.70,1,0
92972.585662,1075.5859,10,10,8.41773,-0.172245,-1.257841,1.20059e+08,94.68,115499.70,22527.70,1,0
92977.224546,1075.5322,10,10,8.41794,-0.172220,1.424457,1.53272e+09,74.09,113825.50,20848.40,1,0
93010.521256,1075.1472,1,1,0.841941,-0.172045,1.668939,2.4204e+08,74.36,116453.20,23442.30,1,0
93046.983980,1074.7259,5,5,4.2105,-0.171856,0.191208,3.14919e+08,70.50,118081.10,25033.90,1,0
93058.770278,1074.5897,7,7,5.89506,-0.171795,-0.559559,2.14717e+08,140.13,118468.80,25409.70,1,0
93065.224791,1074.5152,100,100,84.218,-0.171761,-1.327428,9.84546e+08,74.86,113914.20,20848.40,1,0
93068.796910,1074.4740,5,5,4.21098,-0.171743,0.772071,3.66258e+08,72.19,112769.70,19700.90,1,0
93079.286605,1074.3529,7,7,5.89569,-0.171689,0.876981,8.37688e+08,73.39,117540.50,24461.20,1,0
93118.430362,1073.9013,200,200,168.482,-0.171489,-0.417975,8.32661e+09,72.23,120498.70,27380.30,1,0
93185.701329,1073.1260,200,200,168.539,-0.171150,-1.459766,2.02973e+09,69.52,115933.10,22747.70,1,0
93231.400191,1072.6000,30,30,25.2866,-0.170923,0.118320,1.67976e+09,74.83,117540.50,24309.20,1,0
93237.584127,1072.5289,100,100,84.2912,-0.170892,0.373789,7.66914e+09,72.42,118271.60,25033.90,1,0
93243.028018,1072.4662,20,20,16.8587,-0.170865,0.387877,1.22554e+09,84.86,115324.50,22080.90,1,0
93246.607963,1072.4251,5,5,4.21475,-0.170848,-1.785328,2.86504e+07,80.85,112896.30,19649.70,1,0
93253.817841,1072.3422,20,20,16.8596,-0.170812,-1.025575,2.0812e+08,81.59,110880.90,17627.00,1,0
93274.191498,1072.1079,50,50,42.1532,-0.170713,-0.865877,9.25112e+08,77.52,116021.80,22747.70,1,0
93276.982453,1072.0758,10,10,8.43075,-0.170699,-3.285888,4.54016e+07,84.84,128568.60,35291.00,0,2
93286.381083,1071.9678,10,10,8.43114,-0.170653,1.437185,1.46823e+09,71.89,113158.50,19872.40,1,0
93295.317658,1071.8652,200,200,168.63,-0.170610,-1.027606,2.08343e+09,70.64,110922.20,17627.00,1,0
93328.224924,1071.4872,100,100,84.3285,-0.170450,-0.177184,9.98743e+09,80.76,128352.80,35024.50,1,0
93333.903287,1071.4220,300,300,252.992,-0.170423,-0.493429,6.1267e+09,71.98,112643.10,19308.90,1,0
93392.489723,1070.7499,3,3,2.53063,-0.170143,0.813433,3.23068e+08,78.40,117044.60,23651.90,1,0
93409.588906,1070.5539,80,80,67.489,-0.170062,-0.359148,1.88698e+09,71.51,112769.70,19360.10,1,0
93417.697582,1070.4610,60,60,50.6187,-0.170024,-3.766402,3.91196e+07,74.56,110531.00,17113.20,0,2
93428.603176,1070.3360,10,10,8.43688,-0.169973,0.438253,1.8621e+09,77.58,128453.20,35024.50,1,0
93468.322120,1069.8812,500,500,421.922,-0.169787,-1.282286,2.44476e+10,74.76,133194.30,39726.00,1,0
93478.206860,1069.7681,20,20,16.8777,-0.169741,1.077205,2.86628e+09,84.31,117323.10,23844.60,1,0
93483.288953,1069.7099,40,40,33.7561,-0.169717,-3.669999,5.37005e+07,625.29,118271.60,24788.00,0,2
93490.983887,1069.6219,100,100,84.3933,-0.169682,-0.323492,4.79161e+09,77.15,121095.20,27604.30,1,0
93511.695069,1069.3850,60,60,50.6408,-0.169586,-0.206148,2.32924e+09,71.90,117044.60,23532.90,1,0
93522.191955,1069.2649,5,5,4.22027,-0.169538,1.087997,6.40206e+08,74.64,115800.20,22277.70,1,0
93535.911138,1069.1081,20,20,16.8822,-0.169475,0.534074,1.16344e+09,76.46,112896.30,19360.10,1,0
93558.312675,1068.8521,500,500,422.097,-0.169373,-0.662517,1.02504e+10,74.09,114797.10,21238.80,1,0
93561.113295,1068.8201,5,5,4.22102,-0.169360,1.925401,1.54091e+09,62.60,116309.10,22747.70,0,2
93652.321575,1067.7792,20,20,16.891,-0.168949,-0.663395,4.30175e+08,87.64,115408.40,21755.80,1,0
93676.572729,1067.5028,50,50,42.2321,-0.168842,0.494268,3.80735e+09,77.60,116727.10,23050.60,1,0
93684.192577,1067.4159,40,40,33.7868,-0.168808,0.859634,3.39604e+09,70.14,113556.80,19872.40,1,0
93706.025978,1067.1672,10,10,8.44753,-0.168712,0.241137,5.78119e+08,73.18,116453.20,22747.70,1,0
93714.722486,1067.0682,20,20,16.8957,-0.168673,0.468615,2.11309e+09,72.11,121095.20,27380.30,1,0
93729.827138,1066.8962,200,200,168.968,-0.168607,-0.487316,6.10964e+09,81.89,117574.50,23844.60,1,0
93758.498231,1066.5700,20,20,16.8989,-0.168482,1.054106,2.07397e+09,70.26,113630.90,19872.40,1,0
93767.715770,1066.4651,3,3,2.53494,-0.168442,0.631629,1.63216e+08,74.28,110880.90,17113.20,1,0
93778.288729,1066.3449,100,100,84.5019,-0.168396,-0.915266,2.70895e+09,71.40,121382.60,27604.30,1,0
93789.005844,1066.2231,20,20,16.9012,-0.168350,-0.134789,7.2426e+08,76.67,115324.50,21535.20,1,0
93800.799434,1066.0890,20,20,16.902,-0.168299,-5.550107,2.33261e+06,181.65,111334.90,17534.80,0,2
93805.621681,1066.0342,500,500,422.559,-0.168278,-0.574665,1.36253e+10,79.37,117248.20,23442.30,1,0
93845.086930,1065.5859,10,10,8.45261,-0.168109,0.735729,1.15259e+09,79.10,118879.30,25033.90,1,0
93867.522383,1065.3312,40,40,33.8137,-0.168014,-0.294609,1.24184e+09,75.83,115403.30,21535.20,1,0
93885.416732,1065.1281,20,20,16.9081,-0.167938,-0.095307,7.58854e+08,70.29,115420.80,21535.20,1,0
93899.283401,1064.9709,40,40,33.8182,-0.167880,0.379217,2.10504e+09,76.76,113600.10,19700.90,1,0
93907.813409,1064.8741,10,10,8.45486,-0.167844,-0.073117,3.39673e+08,95.22,113780.30,19872.40,1,0
93928.479803,1064.6398,20,20,16.9112,-0.167757,1.053387,3.92335e+09,74.63,121532.50,27604.30,1,0
93933.309411,1064.5851,100,100,84.5576,-0.167737,-0.391185,8.09872e+09,69.92,128453.20,34520.30,1,0
93940.903111,1064.4990,40,40,33.8241,-0.167705,-2.073787,2.20246e+08,78.04,116021.80,22080.90,0,2
93950.514419,1064.3901,100,100,84.5637,-0.167665,-8.355810,1.22788e+06,3479.15,118201.40,24250.60,0,2
93997.504036,1063.8580,60,60,50.7481,-0.167470,-3.307738,6.46185e+07,85.25,111109.90,17113.20,0,2
93997.504036,1063.8580,60,60,50.7481,-0.167470,-3.325896,1.15089e+08,100.15,118468.80,24470.90,0,2
94007.402259,1063.7460,10,10,8.45837,-0.167429,-8.209648,134664,1011.09,117540.50,23532.90,0,2
94015.613202,1063.6531,20,20,16.9173,-0.167395,-1.164771,7.32572e+08,79.97,128214.20,34198.60,1,0
94041.372989,1063.3618,20,20,16.9191,-0.167290,-0.713398,3.61699e+08,81.27,113914.20,19872.40,1,0
94050.808783,1063.2551,100,100,84.5987,-0.167251,-0.417157,4.46757e+09,75.55,121431.20,27380.30,1,0
94058.974349,1063.1628,70,70,59.2211,-0.167218,-1.354337,7.68608e+08,95.77,115670.00,21611.20,1,0
94102.314004,1062.6731,100,100,84.6164,-0.167042,-0.087983,3.14386e+09,76.77,113023.50,18921.20,1,0
94127.208299,1062.3921,50,50,42.3124,-0.166942,-1.740716,4.42131e+08,80.02,117775.30,23647.80,1,0
94153.520254,1062.0952,80,80,67.7071,-0.166836,-4.181257,6.1173e+07,708.53,117686.40,23532.90,0,2
94164.186138,1061.9749,40,40,33.855,-0.166794,-0.649217,8.69405e+08,70.94,115403.30,21238.80,1,0
94170.015535,1061.9091,20,20,16.9279,-0.166770,-0.277047,6.30942e+08,76.33,115408.40,21238.80,1,0
94177.019024,1061.8302,4,4,3.38567,-0.166742,0.584478,3.11593e+08,82.20,115933.10,21755.80,1,0
94189.005084,1061.6950,10,10,8.46458,-0.166695,-0.273992,3.26585e+08,82.54,115800.20,21611.20,1,0
94197.514861,1061.5991,500,500,423.243,-0.166661,-1.124310,4.48305e+09,70.94,110333.60,16136.00,1,0
94204.614341,1061.5191,5,5,4.23255,-0.166633,0.866589,4.98551e+08,74.14,115499.70,21294.90,1,0
94221.588258,1061.3279,200,200,169.313,-0.166566,-0.540955,3.48413e+09,77.39,111334.90,17113.20,1,0
94236.310231,1061.1621,30,30,25.3985,-0.166508,0.822720,3.52711e+09,76.33,118081.10,23844.60,1,0
94240.026975,1061.1202,30,30,25.3989,-0.166493,0.706216,2.18456e+09,71.84,113600.10,19360.10,1,0
94244.306380,1061.0721,5,5,4.23321,-0.166476,1.469259,1.46568e+09,88.14,121382.60,27138.50,0,2
94251.316046,1060.9931,100,100,84.6666,-0.166449,-0.273930,3.23049e+09,109.80,115670.00,21418.80,1,0
94291.030078,1060.5463,200,200,169.36,-0.166294,-0.576300,4.0377e+09,76.20,113600.10,19308.90,1,0
94296.393654,1060.4859,10,10,8.46815,-0.166273,0.743492,9.98376e+08,75.07,117044.60,22747.70,1,0
94332.783351,1060.0769,20,20,16.9387,-0.166131,-0.023844,9.83205e+08,91.38,117775.30,23442.30,1,0
94355.481724,1059.8218,20,20,16.9402,-0.166044,-0.970354,2.73575e+08,61.27,113664.60,19308.90,1,0
94372.486029,1059.6309,100,100,84.7064,-0.165979,-0.536701,2.64432e+09,76.31,116453.20,22080.90,1,0
94403.675934,1059.2808,400,400,338.866,-0.165859,-1.020335,9.04459e+09,75.75,120498.70,26095.20,1,0
94406.410944,1059.2501,100,100,84.7174,-0.165849,0.557404,5.04704e+09,75.36,110922.20,16516.10,1,0
94426.769179,1059.0217,60,60,50.8344,-0.165771,-2.674453,2.16662e+08,88.61,118271.60,23844.60,0,2
94433.324108,1058.9482,10,10,8.47261,-0.165746,-0.793653,1.91912e+08,104.96,115672.30,21238.80,1,0
94449.304780,1058.7690,60,60,50.8388,-0.165686,-5.449195,1.19232e+07,1131.59,116727.10,22277.70,0,2
94486.888621,1058.3479,3,3,2.5423,-0.165544,-1.733997,2.31186e+07,87.33,116021.80,21535.20,1,0
94504.577662,1058.1498,4,4,3.38996,-0.165477,0.435168,2.64919e+08,69.52,115800.20,21294.90,1,0
94516.372405,1058.0178,20,20,16.9505,-0.165433,-4.053222,1.64623e+07,151.64,117044.60,22527.70,0,2
94528.218472,1057.8852,10,10,8.47564,-0.165389,1.032970,9.42164e+08,73.89,112769.70,18241.50,1,0
94566.590243,1057.4559,20,20,16.9537,-0.165246,-2.391021,6.5415e+07,59.42,113556.80,18990.10,0,2
94566.590243,1057.4559,20,20,16.9537,-0.165246,-9.030408,424402,23794.38,133352.20,38785.80,0,2
94579.622657,1057.3102,400,400,339.091,-0.165197,-0.866375,5.58097e+09,75.95,112643.10,18063.40,1,0
94586.986952,1057.2279,200,200,169.55,-0.165170,-1.063638,1.22566e+10,97.62,133373.00,38785.80,1,0
94600.210813,1057.0801,40,40,33.9116,-0.165121,0.131473,2.29265e+09,77.32,117775.30,23175.10,1,0
94623.922647,1056.8152,10,10,8.47865,-0.165033,-3.153457,2.23367e+07,73.35,118271.60,23647.80,0,2
94623.922647,1056.8152,10,10,8.47865,-0.165033,-0.718100,2.59184e+08,103.81,118468.80,23844.60,1,0
94650.522600,1056.5182,100,100,84.7948,-0.164936,-0.397444,1.19054e+10,97.31,133352.20,38701.60,1,0
94668.811128,1056.3141,20,20,16.9601,-0.164869,0.397374,1.54723e+09,76.80,118201.40,23532.90,1,0
94694.288647,1056.0299,80,80,67.8467,-0.164776,-0.452187,2.2023e+09,86.09,115933.10,21238.80,1,0
94726.772974,1055.6678,20,20,16.9637,-0.164657,0.155072,1.01757e+09,76.24,116021.80,21294.90,1,0
94773.890995,1055.1429,300,300,254.499,-0.164487,-1.389711,3.3321e+09,83.95,116309.10,21535.20,1,0
94821.507037,1054.6131,50,50,42.4237,-0.164316,0.029594,2.17953e+09,197.42,115670.00,20848.40,1,0
94826.476832,1054.5578,50,50,42.4245,-0.164298,0.336950,2.08821e+09,77.10,111342.40,16516.10,1,0
94829.414138,1054.5251,80,80,67.8798,-0.164288,0.416228,6.33556e+09,75.89,118271.60,23442.30,1,0
94887.813042,1053.8761,400,400,339.47,-0.164079,-0.121417,1.81866e+10,80.14,118063.00,23175.10,1,0
94917.903038,1053.5420,3,3,2.5463,-0.163973,-1.963850,1.45291e+07,111.02,113158.50,18241.50,0,2
94917.903038,1053.5420,3,3,2.5463,-0.163973,0.260944,1.75475e+08,79.55,116453.20,21535.20,1,0
94935.771024,1053.3437,40,40,33.9528,-0.163909,-0.208855,2.17908e+09,76.73,121382.60,26447.00,1,0
94999.884431,1052.6329,1000,1000,849.01,-0.163684,-1.084318,1.49647e+10,78.53,116238.70,21238.80,1,0
95005.482126,1052.5708,100,100,84.9027,-0.163664,0.075921,3.00875e+09,78.60,110531.00,15525.50,1,0
95015.826800,1052.4562,3,3,2.54717,-0.163628,1.928023,6.82409e+08,85.84,112643.10,17627.00,0,2
95070.499741,1051.8510,5,5,4.2461,-0.163437,1.127147,6.86632e+08,86.25,116309.10,21238.80,0,2
95075.817877,1051.7922,200,200,169.847,-0.163419,0.056332,8.28092e+09,76.13,114725.60,19649.70,1,0
95096.091795,1051.5679,200,200,169.859,-0.163348,-0.476611,4.88736e+09,77.99,114797.10,19700.90,1,0
95116.086198,1051.3469,5,5,4.24677,-0.163279,-1.497158,5.14696e+07,270.25,116727.10,21611.20,1,0
95119.173059,1051.3128,20,20,16.9873,-0.163268,0.277320,1.3079e+09,78.63,117647.20,22527.70,1,0
95151.005171,1050.9610,5,5,4.24728,-0.163158,-1.824889,4.17748e+07,187.11,118201.40,23050.60,1,0
95158.229085,1050.8813,10,10,8.49478,-0.163133,0.381848,6.58974e+08,80.63,116453.20,21294.90,1,0
95158.229085,1050.8813,10,10,8.49478,-0.163133,-2.771098,3.11093e+07,107.58,117686.40,22527.70,0,2
95168.302828,1050.7700,1,1,0.849508,-0.163098,1.694344,2.91515e+08,73.29,118610.90,23442.30,0,2
95184.176686,1050.5948,3,3,2.54866,-0.163044,-3.523274,3.68498e+06,899.44,115499.70,20315.70,0,2
95228.395068,1050.1070,70,70,59.4778,-0.162892,-0.305938,1.79459e+09,110.35,113291.70,18063.40,1,0
95287.479840,1049.4558,100,100,84.9855,-0.162690,0.017074,2.7863e+09,75.72,110333.60,15045.80,1,0
95287.479840,1049.4558,100,100,84.9855,-0.162690,-2.425351,5.92277e+08,75.58,121382.60,26095.20,0,2
95308.183253,1049.2278,20,20,16.9983,-0.162619,0.666788,1.78982e+09,74.21,116727.10,21418.80,1,0
95321.083545,1049.0859,2000,2000,1699.9,-0.162575,-0.790019,3.61728e+10,76.89,114971.00,19649.70,1,0
95333.320691,1048.9512,5,5,4.24994,-0.162533,-2.134606,3.03122e+07,170.58,118081.10,22747.70,0,2
95335.890480,1048.9229,15,15,12.7499,-0.162525,0.803866,2.25219e+09,72.29,121431.20,26095.20,1,0
95355.890397,1048.7029,100,100,85.0053,-0.162457,0.307698,3.89285e+09,76.52,110880.90,15525.50,1,0
95358.700707,1048.6720,20,20,17.0012,-0.162447,-0.920355,2.39615e+08,82.51,111494.60,16136.00,1,0
95358.700707,1048.6720,20,20,17.0012,-0.162447,2.329115,7.32355e+09,78.69,113600.10,18241.50,0,2
95361.321027,1048.6432,200,200,170.014,-0.162438,-0.037417,6.4895e+09,76.01,112896.30,17534.80,1,0
95396.619342,1048.2552,40,40,34.0068,-0.162319,-0.518949,6.83349e+08,82.86,110922.20,15525.50,1,0
95408.722195,1048.1222,7,7,5.95144,-0.162278,1.134314,1.07974e+09,86.58,117686.40,22277.70,0,2
95422.923569,1047.9662,3,3,2.55074,-0.162229,0.376735,1.56665e+08,49.56,113664.60,18241.50,1,0
95426.782282,1047.9238,8,8,6.80206,-0.162216,-2.169072,2.61511e+07,80.90,110880.90,15454.20,0,2
95437.077472,1047.8108,100,100,85.0287,-0.162182,-3.075766,1.81217e+08,101.74,114797.10,19360.10,0,2
95437.077472,1047.8108,100,100,85.0287,-0.162182,-1.901364,8.15963e+08,85.15,118879.30,23442.30,1,0
95476.793013,1047.3749,10,10,8.50401,-0.162048,2.218702,2.87678e+09,78.15,111993.00,16516.10,0,2
95488.716610,1047.2442,3000,3000,2551.3,-0.162007,-1.314243,2.7407e+10,76.89,113023.50,17534.80,1,0
95548.019015,1046.5942,1,1,0.850605,-0.161808,2.259881,3.95377e+08,76.97,115420.80,19872.40,0,2
95584.486466,1046.1949,500,500,425.354,-0.161685,-0.085449,1.33609e+10,78.95,111109.90,15525.50,1,0
95601.008119,1046.0141,30,30,25.5227,-0.161630,0.254992,1.38532e+09,87.99,113664.60,18063.40,1,0
95623.787914,1045.7649,5,5,4.2541,-0.161554,-0.045108,1.95579e+08,232.17,115324.50,19700.90,1,0
95656.177249,1045.4108,300,300,255.274,-0.161445,-0.799813,3.92214e+09,75.68,111109.90,15454.20,1,0
95671.086500,1045.2479,8,8,6.80764,-0.161395,-4.121451,3.60192e+06,353.14,110531.00,14860.00,0,2
95702.107490,1044.9091,30,30,25.5313,-0.161292,-0.751113,5.1649e+08,77.79,113914.20,18211.80,1,0
95702.107490,1044.9091,30,30,25.5313,-0.161292,-6.397757,2.05626e+06,902.99,115403.30,19700.90,0,2
95707.414261,1044.8511,10,10,8.51059,-0.161274,1.881082,2.70131e+09,81.42,115408.40,19700.90,0,2
95774.703932,1044.1170,3,3,2.55375,-0.161049,-0.164666,6.94574e+07,92.86,110333.60,14558.80,1,0
95782.789130,1044.0289,500,500,425.636,-0.161022,0.003554,1.68517e+10,77.58,112896.30,17113.20,1,0
95788.196280,1043.9700,3,3,2.55386,-0.161004,1.265588,5.10998e+08,181.67,117323.10,21535.20,0,2
95798.916036,1043.8531,50,50,42.5659,-0.160969,0.156336,2.42339e+09,86.69,115499.70,19700.90,1,0
95804.083273,1043.7968,500,500,425.667,-0.160951,0.109547,2.17213e+10,77.45,114725.60,18921.20,1,0
95818.585502,1043.6389,10,10,8.51375,-0.160903,-2.158045,5.66462e+07,573.34,117574.50,21755.80,0,2
95856.790402,1043.2229,200,200,170.297,-0.160776,-0.389035,4.229e+09,71.94,111993.00,16136.00,1,0
95880.592674,1042.9639,1000,1000,851.551,-0.160696,-0.381923,2.01883e+10,76.63,111334.90,15454.20,1,0
95925.292264,1042.4779,100,100,85.1677,-0.160548,-1.341522,3.029e+09,75.29,128214.20,32288.90,1,0
95941.108218,1042.3061,2,2,1.70344,-0.160495,1.884253,6.93097e+08,83.51,118468.80,22527.70,0,2
95972.698749,1041.9630,60,60,51.1087,-0.160390,-1.085853,1.34989e+09,75.35,121382.60,25409.70,1,0
95993.222755,1041.7402,100,100,85.187,-0.160321,-0.015387,4.35226e+09,85.13,116309.10,20315.70,1,0
96003.821711,1041.6252,100,100,85.19,-0.160286,0.188895,4.29831e+09,75.61,113630.90,17627.00,1,0
96009.575602,1041.5628,20,20,17.0383,-0.160267,-9.126856,103665,5269.17,117248.20,21238.80,0,2
96019.122906,1041.4592,400,400,340.777,-0.160235,-0.136623,1.73604e+10,78.07,117775.30,21755.80,1,0
96037.496238,1041.2600,200,200,170.399,-0.160174,-1.633100,1.39356e+09,130.00,113664.60,17627.00,1,0
96042.581665,1041.2048,20,20,17.0402,-0.160157,0.642167,1.56076e+09,81.59,115403.30,19360.10,1,0
96048.100480,1041.1450,100,100,85.2026,-0.160138,0.176122,4.89857e+09,69.62,115408.40,19360.10,1,0
96061.297187,1041.0020,60,60,51.1238,-0.160094,-0.996141,1.44175e+09,77.21,121095.20,25033.90,1,0
96075.408293,1040.8491,10,10,8.52104,-0.160047,-0.707100,2.43473e+08,140.46,117686.40,21611.20,1,0
96094.176736,1040.6458,50,50,42.6078,-0.159985,0.405439,3.07829e+09,71.38,115403.30,19308.90,1,0
96099.219383,1040.5912,100,100,85.2171,-0.159968,0.120124,4.63012e+09,80.31,115408.40,19308.90,1,0
96131.008111,1040.2471,20,20,17.0452,-0.159862,0.121371,1.2275e+09,80.23,118879.30,22747.70,1,0
96137.203787,1040.1800,100,100,85.2279,-0.159841,-0.567356,2.5329e+09,75.79,116453.20,20315.70,1,0
96149.116795,1040.0512,5,5,4.26157,-0.159801,0.346574,3.05006e+08,76.84,116021.80,19872.40,1,0
96222.978541,1039.2528,60,60,51.1514,-0.159554,0.297471,2.37098e+09,75.87,111268.60,15045.80,1,0
96227.882551,1039.1998,50,50,42.6269,-0.159538,-1.003508,9.01248e+08,73.27,117647.20,21418.80,1,0
96231.922651,1039.1562,100,100,85.2549,-0.159524,0.165711,5.0515e+09,86.66,115933.10,19700.90,1,0
96249.905903,1038.9621,10,10,8.52601,-0.159464,2.025040,2.19478e+09,79.08,111109.90,14860.00,0,2
96267.412481,1038.7731,3,3,2.55795,-0.159405,2.540634,1.87696e+09,79.59,117686.40,21418.80,0,2
96297.285771,1038.4509,10,10,8.52736,-0.159305,0.072169,3.17174e+08,80.89,111342.40,15045.80,1,0
96311.914709,1038.2931,1000,1000,852.778,-0.159256,-0.815673,1.85269e+10,77.34,115672.30,19360.10,1,0
96321.828856,1038.1863,400,400,341.123,-0.159222,-0.105219,1.02335e+10,80.15,110880.90,14558.80,1,0
96351.912607,1037.8621,5,5,4.26447,-0.159121,-0.235197,1.94151e+08,81.91,117647.20,21294.90,1,0
96363.419669,1037.7382,50,50,42.6463,-0.159082,0.787491,3.13299e+09,79.52,110922.20,14558.80,1,0
96387.496320,1037.4790,5,5,4.26498,-0.159001,0.944476,6.74878e+08,81.46,118468.80,22080.90,1,0
96391.878479,1037.4318,2,2,1.70602,-0.158986,0.958963,2.54066e+08,77.44,117540.50,21148.40,1,0
96391.878479,1037.4318,2,2,1.70602,-0.158986,-1.783301,1.65625e+07,446.40,117686.40,21294.90,1,0
96410.424821,1037.2322,10,10,8.53061,-0.158924,0.700205,2.32554e+09,76.42,128214.20,31803.70,1,0
96467.092450,1036.6229,10,10,8.53225,-0.158732,-0.098461,2.81535e+08,79.08,111993.00,15525.50,1,0
96486.906188,1036.4101,60,60,51.1969,-0.158665,-0.243201,1.66431e+09,81.16,113600.10,17113.20,1,0
96486.906188,1036.4101,60,60,51.1969,-0.158665,-1.678254,4.58707e+08,194.36,115408.40,18921.20,1,0
96555.392822,1035.6749,30,30,25.6044,-0.158432,-0.506622,7.0413e+08,99.10,114797.10,18241.50,1,0
96566.683238,1035.5538,10,10,8.53514,-0.158393,0.188809,5.49964e+08,86.10,116727.10,20160.40,1,0
96589.221777,1035.3122,10,10,8.5358,-0.158316,0.186083,5.27136e+08,97.25,116238.70,19649.70,1,0
96594.095886,1035.2600,10,10,8.53594,-0.158300,0.542261,1.14112e+09,80.96,121382.60,24788.00,1,0
96607.998199,1035.1110,50,50,42.6817,-0.158252,0.347012,3.11314e+09,83.49,116309.10,19700.90,1,0
96624.220818,1034.9372,3,3,2.56105,-0.158197,1.998347,9.44618e+08,132.76,115933.10,19308.90,0,2
96680.197571,1034.3380,100,100,85.3846,-0.158004,-0.692775,2.08922e+09,130.77,115670.00,18990.10,1,0
96707.594717,1034.0450,20,20,17.0785,-0.157910,-0.281716,7.80757e+08,114.73,118318.60,21611.20,1,0
96736.305524,1033.7381,20,20,17.0802,-0.157811,0.756170,2.19546e+09,76.06,118271.60,21535.20,1,0
96744.378058,1033.6518,10,10,8.54035,-0.157783,0.121742,7.5774e+08,74.50,121532.50,24788.00,1,0
96750.905815,1033.5821,100,100,85.4055,-0.157760,-0.117164,3.71395e+09,77.37,115672.30,18921.20,1,0
96783.112023,1033.2381,50,50,42.7075,-0.157649,-3.625857,6.88472e+07,66.04,118318.60,21535.20,0,2
96786.014072,1033.2071,20,20,17.0832,-0.157638,-0.044112,9.7079e+08,95.29,118081.10,21294.90,1,0
96798.879577,1033.0698,15,15,12.813,-0.157594,0.009753,7.41817e+08,79.92,117647.20,20848.40,1,0
96824.375949,1032.7978,70,70,59.7991,-0.157505,-1.585200,7.26371e+08,96.85,118063.00,21238.80,1,0
96878.488592,1032.2209,7,7,5.98104,-0.157316,-2.583464,2.30864e+07,870.99,116238.70,19360.10,0,2
96911.417344,1031.8702,10,10,8.54533,-0.157200,0.190304,8.00816e+08,77.39,121382.60,24470.90,1,0
96933.504493,1031.6350,20,20,17.092,-0.157122,0.690727,2.08664e+09,71.57,118468.80,21535.20,1,0
96942.806105,1031.5361,300,300,256.388,-0.157089,-0.344367,5.73826e+09,75.73,110295.20,13352.10,1,0
97007.215883,1030.8511,300,300,256.447,-0.156861,-0.665261,7.34797e+09,113.71,117323.10,20315.70,1,0
97022.681690,1030.6868,50,50,42.7435,-0.156806,-0.562195,9.69175e+08,87.70,113158.50,16136.00,1,0
97040.285008,1030.4999,20,20,17.0985,-0.156744,-1.007984,2.5633e+08,169.59,113556.80,16516.10,1,0
97056.387887,1030.3289,20,20,17.0994,-0.156686,0.408680,1.85319e+09,80.46,120498.70,23442.30,1,0
97082.925759,1030.0472,20,20,17.1011,-0.156591,0.423261,1.237e+09,113.27,115324.50,18241.50,1,0
97114.614453,1029.7111,200,200,171.03,-0.156477,-1.523184,1.53971e+09,77.04,113630.90,16516.10,1,0
97144.614784,1029.3931,5,5,4.27622,-0.156369,0.511254,3.69833e+08,77.02,116453.20,19308.90,1,0
97161.706381,1029.2121,100,100,85.5296,-0.156307,0.274400,5.3608e+09,72.29,115403.30,18241.50,1,0
97166.805366,1029.1581,30,30,25.6594,-0.156289,0.706498,2.47841e+09,85.81,115408.40,18241.50,1,0
97178.704100,1029.0320,2000,2000,1710.7,-0.156246,-0.862056,2.31983e+10,76.69,110531.00,13352.10,1,0
97191.089737,1028.9009,100,100,85.5388,-0.156201,-0.395578,2.59637e+09,77.38,114725.60,17534.80,1,0
97209.016639,1028.7112,8,8,6.84355,-0.156135,0.630069,6.12722e+08,77.53,115420.80,18211.80,1,0
97260.772708,1028.1637,20,20,17.1121,-0.155946,-0.624503,4.33327e+08,139.16,115324.50,18063.40,1,0
97317.081977,1027.5688,100,100,85.5783,-0.155739,0.629895,8.17568e+09,79.26,116238.70,18921.20,1,0
97357.122649,1027.1462,3,3,2.56773,-0.155590,0.307280,1.6622e+08,70.10,115420.80,18063.40,1,0
97420.597321,1026.4770,20,20,17.1222,-0.155353,0.536604,1.19815e+09,75.55,113556.80,16136.00,1,0
97434.280822,1026.3328,2,2,1.71231,-0.155302,-1.151371,1.95186e+07,229.55,111993.00,14558.80,1,0
97442.025652,1026.2512,100,100,85.6181,-0.155273,0.029165,3.4185e+09,77.43,112896.30,15454.20,1,0
97448.503036,1026.1830,500,500,428.101,-0.155249,-0.024524,1.31243e+10,77.43,110295.20,12846.70,1,0
97463.019525,1026.0302,100,100,85.6249,-0.155194,-0.197386,3.63383e+09,75.70,116453.20,18990.10,1,0
97471.106307,1025.9451,4,4,3.4251,-0.155163,1.097938,7.74286e+08,80.56,121119.20,23647.80,1,0
97494.981290,1025.6938,40,40,34.2541,-0.155073,0.289460,1.88193e+09,80.13,113630.90,16136.00,1,0
97537.827296,1025.2433,10,10,8.56492,-0.154910,0.787185,1.44861e+09,76.48,121382.60,23844.60,1,0
97547.284994,1025.1439,50,50,42.8262,-0.154874,-0.591402,1.30591e+09,259.93,117248.20,19700.90,1,0
97588.495178,1024.7110,10,10,8.56658,-0.154716,-0.227089,3.34326e+08,77.79,115800.20,18211.80,1,0
97622.110686,1024.3581,8,8,6.85416,-0.154586,0.804353,8.48448e+08,58.69,117323.10,19700.90,1,0
97644.511113,1024.1231,1,1,0.856844,-0.154500,-0.230762,2.82779e+07,748.67,113780.30,16136.00,1,0
97652.808848,1024.0361,10,10,8.56871,-0.154467,-0.527888,3.79669e+08,82.67,121095.20,23442.30,1,0
97687.716433,1023.6702,5,5,4.28494,-0.154331,1.324145,1.25306e+09,74.23,121532.50,23844.60,1,0
97696.994182,1023.5729,30,30,25.7106,-0.154295,0.093224,1.32857e+09,104.50,115324.50,17627.00,1,0
97730.403537,1023.2230,10,10,8.57131,-0.154164,0.239852,8.36979e+08,73.26,121382.60,23651.90,1,0
97757.911529,1022.9351,200,200,171.445,-0.154056,-1.164164,1.79046e+09,80.30,111109.90,13352.10,1,0
97775.016399,1022.7562,50,50,42.8641,-0.153988,-1.242058,7.02635e+08,77.13,117647.20,19872.40,1,0
97793.785633,1022.5599,2,2,1.71469,-0.153914,1.270515,2.89538e+08,78.66,115420.80,17627.00,1,0
97809.576512,1022.3948,2,2,1.7148,-0.153851,1.152625,2.70134e+08,84.94,116021.80,18211.80,1,0
97869.978216,1021.7638,1,1,0.857607,-0.153609,0.869588,1.01007e+08,186.59,115933.10,18063.40,1,0
97873.599064,1021.7260,30,30,25.7286,-0.153594,0.135524,1.39388e+09,57.20,115408.40,17534.80,1,0
97873.599064,1021.7260,30,30,25.7286,-0.153594,-2.129308,1.72477e+08,108.51,117574.50,19700.90,0,2
97887.788289,1021.5779,15,15,12.865,-0.153537,0.290958,9.44724e+08,98.05,117248.20,19360.10,1,0
97909.419639,1021.3522,1000,1000,857.744,-0.153450,-0.935006,1.28637e+10,79.00,112769.70,14860.00,1,0
97939.427015,1021.0393,7,7,6.00494,-0.153328,1.019102,9.1286e+08,141.54,117248.20,19308.90,1,0
97944.175131,1020.9898,50,50,42.8933,-0.153308,0.000685,3.22096e+09,84.74,121119.20,23175.10,1,0
98034.209286,1020.0521,40,40,34.3273,-0.152938,-0.984862,4.19834e+08,96.27,110880.90,12846.70,1,0
98040.923816,1019.9822,2,2,1.71641,-0.152910,1.528465,4.68568e+08,127.76,118201.40,20160.40,1,0
98068.176834,1019.6988,1,1,0.858304,-0.152797,1.173904,1.40994e+08,451.96,116309.10,18241.50,1,0
98074.697740,1019.6310,60,60,51.4996,-0.152770,-1.836632,3.34725e+08,82.47,113600.10,15525.50,1,0
98074.697740,1019.6310,60,60,51.4996,-0.152770,-1.172677,9.11474e+08,80.70,117775.30,19700.90,1,0
98084.013827,1019.5341,60,60,51.5016,-0.152731,-0.581443,1.08682e+09,82.45,112643.10,14558.80,1,0
98089.799610,1019.4740,1,1,0.858381,-0.152707,1.802484,4.03332e+08,82.49,121532.50,23442.30,1,0
98138.504547,1018.9680,200,200,171.711,-0.152502,-3.844640,1.50521e+08,274.96,113664.60,15525.50,0,2
98146.011230,1018.8901,3,3,2.57575,-0.152470,0.856238,2.47156e+08,81.65,113600.10,15454.20,1,0
98208.490101,1018.2419,100,100,85.8812,-0.152205,-1.822525,8.12388e+08,92.35,118081.10,19872.40,1,0
98246.007203,1017.8531,2,2,1.7179,-0.152044,-3.421278,2.22887e+06,386.89,113291.70,15045.80,0,2
98246.007203,1017.8531,2,2,1.7179,-0.152044,-0.650005,4.54628e+07,203.21,116309.10,18063.40,1,0
98290.123092,1017.3962,5,5,4.29557,-0.151853,0.599848,3.68519e+08,107.75,115403.30,17113.20,1,0
98295.085507,1017.3449,50,50,42.9566,-0.151832,0.768184,4.36248e+09,108.39,115408.40,17113.20,1,0
98298.427805,1017.3103,20,20,17.1829,-0.151817,1.085724,1.99819e+09,89.12,113158.50,14860.00,1,0
98306.093692,1017.2309,5,5,4.29587,-0.151784,0.788081,4.64284e+08,302.31,115933.10,17627.00,1,0
98379.594721,1016.4709,200,200,171.89,-0.151462,-0.275149,5.40934e+09,78.15,113833.90,15454.20,1,0
98446.015173,1015.7851,20,20,17.1941,-0.151167,-0.519497,6.08749e+08,128.86,118318.60,19872.40,1,0
98517.701362,1015.0460,3,3,2.57994,-0.150844,-0.857037,1.46667e+08,54.32,128352.80,29835.10,1,0
98546.420591,1014.7502,10,10,8.60094,-0.150714,-0.106013,1.03829e+09,82.70,128381.60,29835.10,1,0
98558.885682,1014.6219,30,30,25.8043,-0.150657,0.105879,1.37679e+09,77.22,115672.30,17113.20,1,0
98596.883533,1014.2308,10,10,8.60293,-0.150483,0.519702,8.7024e+08,86.73,118468.80,19872.40,1,0
98599.693441,1014.2019,100,100,86.0304,-0.150470,-0.316969,2.45291e+09,87.99,113158.50,14558.80,1,0
98634.797838,1013.8410,4,4,3.44177,-0.150308,1.004139,7.15115e+08,80.62,121382.60,22747.70,1,0
98640.715786,1013.7802,30,30,25.814,-0.150280,0.477659,1.48202e+09,55.07,111993.00,13352.10,1,0
98682.198937,1013.3540,5,5,4.30317,-0.150087,0.519094,3.64968e+08,113.52,116309.10,17627.00,1,0
98702.824207,1013.1422,80,80,68.8573,-0.149990,-0.987084,1.4922e+09,83.46,118063.00,19360.10,1,0
98733.078161,1012.8318,5,5,4.3042,-0.149847,0.859736,4.01839e+08,68.67,113291.70,14558.80,1,0
98733.078161,1012.8318,5,5,4.3042,-0.149847,-2.296024,5.89254e+07,125.83,128568.60,29835.10,0,2
98740.088015,1012.7599,1,1,0.860868,-0.149814,2.452641,4.0522e+08,81.80,113600.10,14860.00,0,2
98784.923139,1012.3002,2,2,1.7221,-0.149601,1.144191,4.15991e+08,78.40,121532.50,22747.70,1,0
98804.383789,1012.1008,400,400,344.453,-0.149508,-0.810474,6.23324e+09,62.01,113664.60,14860.00,1,0
98832.891040,1011.8089,50,50,43.0625,-0.149371,-0.563680,1.3107e+09,84.36,117044.60,18211.80,1,0
98920.391285,1010.9139,10,10,8.61616,-0.148945,0.533372,6.02671e+08,96.84,113780.30,14860.00,1,0
98955.017782,1010.5602,50,50,43.0882,-0.148775,0.167131,2.60087e+09,77.21,116489.80,17534.80,1,0
99006.583729,1010.0338,20,20,17.2397,-0.148519,0.385555,1.37585e+09,99.75,117248.20,18241.50,1,0
99105.189482,1009.0289,1,1,0.862413,-0.148022,-2.347299,3.34613e+06,1131.82,113664.60,14558.80,0,2
99146.176264,1008.6118,500,500,431.297,-0.147812,-0.868174,6.41309e+09,96.84,111993.00,12846.70,1,0
99153.612540,1008.5361,3,3,2.58788,-0.147774,1.166803,3.96442e+08,225.49,115670.00,16516.10,1,0
99178.303924,1008.2850,2,2,1.72547,-0.147646,0.978837,2.83902e+08,80.00,118879.30,19700.90,1,0
99221.404874,1007.8470,40,40,34.5172,-0.147422,-0.338065,1.00698e+09,64.60,113780.30,14558.80,1,0
99259.611405,1007.4591,40,40,34.5241,-0.147222,-0.189864,1.5552e+09,119.72,117323.10,18063.40,1,0
99259.611405,1007.4591,40,40,34.5241,-0.147222,-1.994719,3.30771e+08,95.22,120498.70,21238.80,1,0
99271.721559,1007.3362,7,7,6.0421,-0.147159,0.762378,5.74907e+08,85.75,114797.10,15525.50,1,0
99417.705296,1005.8571,10,10,8.63831,-0.146378,-0.914203,1.30267e+08,92.57,112769.70,13352.10,1,0
99417.705296,1005.8571,10,10,8.63831,-0.146378,0.390831,6.78906e+08,83.02,117044.60,17627.00,1,0
99435.601777,1005.6760,5,5,4.31958,-0.146280,1.108572,7.30514e+08,84.59,117647.20,18211.80,1,0
99548.772522,1004.5327,2,2,1.72891,-0.145656,-0.398060,1.67632e+07,344.51,100947.20,1398.30,1,0
99937.019857,1000.6302,80,80,69.3125,-0.143402,-2.522369,2.45342e+08,104.74,114797.10,14860.00,0,2
99937.019857,1000.6302,80,80,69.3125,-0.143402,-0.841930,1.5058e+09,78.68,116453.20,16516.10,1,0
99947.513788,1000.5251,7,7,6.06523,-0.143338,0.798387,7.43939e+08,103.27,117574.50,17627.00,1,0
99997.700026,1000.0230,5,5,4.33363,-0.143033,0.764900,7.07708e+08,78.84,121532.50,21535.20,1,0
100088.288950,999.1179,3,3,2.60163,-0.142473,0.483094,3.16375e+08,86.69,121382.60,21294.90,1,0
100088.288950,999.1179,3,3,2.60163,-0.142473,-1.206320,1.31811e+07,411.15,102981.90,2893.10,1,0
100107.007184,998.9311,10,10,8.67312,-0.142357,0.052344,5.34955e+08,99.13,118318.60,18211.80,1,0
100312.486760,996.8849,1,1,0.868451,-0.141044,-1.284574,9.24854e+06,222.55,113158.50,12846.70,1,0
100312.486760,996.8849,1,1,0.868451,-0.141044,0.456035,5.49275e+07,55.02,113664.60,13352.10,1,0
100369.279404,996.3208,10,10,8.68775,-0.140671,0.290652,6.94509e+08,78.02,118610.90,18241.50,1,0
100405.920443,995.9572,2,2,1.73797,-0.140428,0.524773,1.73517e+08,70.09,118468.80,18063.40,1,0
100444.885297,995.5709,2,2,1.73842,-0.140168,0.195231,8.2084e+07,117.71,113291.70,12846.70,1,0
100464.423351,995.3772,3,3,2.60798,-0.140037,-0.777021,5.48915e+07,229.73,115324.50,14860.00,1,0
100543.116821,994.5982,70,70,60.8853,-0.139503,-0.929105,1.10686e+09,84.65,115403.30,14860.00,1,0
100548.496056,994.5450,6,6,5.21893,-0.139466,-1.130529,7.75964e+07,328.12,115408.40,14860.00,1,0
100565.188279,994.3799,3,3,2.60977,-0.139352,-0.370936,3.5779e+07,713.92,105019.10,4453.80,1,0
100591.187317,994.1229,1,1,0.870078,-0.139173,1.736275,2.52933e+08,123.14,116727.10,16136.00,1,0
100591.187317,994.1229,1,1,0.870078,-0.139173,-0.722407,7.41139e+06,95.92,103484.20,2893.10,1,0
100596.015556,994.0752,2,2,1.74021,-0.139140,-0.100238,3.13426e+07,415.37,105049.70,4453.80,1,0
100624.387281,993.7949,100,100,87.0278,-0.138943,-0.202280,3.3413e+09,124.98,115670.00,15045.80,1,0
100639.884344,993.6418,2,2,1.74074,-0.138835,0.832421,1.85484e+08,116.93,115499.70,14860.00,1,0
100644.111048,993.6001,1,1,0.870397,-0.138806,1.159686,1.60988e+08,83.21,118271.60,17627.00,1,0
100662.178123,993.4218,4,4,3.48203,-0.138679,1.296495,7.09267e+08,87.26,117775.30,17113.20,1,0
100789.290580,992.1689,5,5,4.35646,-0.137778,-0.642382,3.22606e+07,622.94,100788.90,0.00,1,0
100797.807235,992.0851,30,30,26.1404,-0.137717,-0.556282,1.03931e+09,89.15,120498.70,19700.90,1,0
100933.617731,990.7502,5,5,4.36104,-0.136726,-0.143996,1.51855e+08,92.11,113780.30,12846.70,1,0
101073.298701,989.3810,20,20,17.4624,-0.135680,-0.507492,5.02484e+08,102.74,115933.10,14860.00,1,0
101214.486560,988.0009,60,60,52.4443,-0.134593,-0.920814,2.72267e+09,87.98,128352.80,27138.50,1,0
101218.686740,987.9599,3,3,2.6223,-0.134560,-0.960965,1.63025e+07,855.97,102617.20,1398.30,1,0
101314.781332,987.0228,2,2,1.74953,-0.133802,0.793891,5.08161e+08,73.07,128453.20,27138.50,1,0
101432.211167,985.8801,2,2,1.75118,-0.132856,-0.297374,2.14622e+07,500.09,102830.40,1398.30,1,0
101510.488302,985.1199,3,3,2.62846,-0.132214,0.074433,2.09435e+08,82.63,121382.60,19872.40,1,0
101681.706702,983.4611,8,8,7.01931,-0.130776,-1.342098,1.35431e+08,93.10,121382.60,19700.90,1,0
101750.507662,982.7961,4,4,3.51173,-0.130185,0.566046,3.02748e+08,111.82,116309.10,14558.80,1,0
101759.511547,982.7091,20,20,17.56,-0.130107,-0.166443,1.07385e+09,86.57,121119.20,19360.10,1,0
101797.775039,982.3397,1,1,0.878293,-0.129775,1.428216,1.94564e+08,228.71,117323.10,15525.50,1,0
102051.316244,979.8992,1,1,0.880284,-0.127510,1.036026,1.12508e+08,87.00,115403.30,13352.10,1,0
102122.302758,979.2180,1,1,0.880859,-0.126857,2.016383,4.88348e+08,74.89,121431.20,19308.90,0,2
102122.302758,979.2180,1,1,0.880859,-0.126857,-0.413279,7.66178e+07,81.26,128568.60,26447.00,1,0
102249.392453,978.0009,4,4,3.52763,-0.125667,1.224620,6.58339e+08,80.77,117775.30,15525.50,1,0
102257.008062,977.9281,7,7,6.1738,-0.125595,-0.074642,3.91667e+08,85.29,120498.70,18241.50,1,0
102388.100022,976.6760,10,10,8.83083,-0.124337,-0.067551,4.33188e+08,95.47,117248.20,14860.00,1,0
102764.381713,973.0998,3,3,2.65927,-0.120559,0.328441,1.94292e+08,112.95,117323.10,14558.80,1,0
102915.085550,971.6748,10,10,8.87829,-0.118976,0.203032,5.92663e+08,89.81,117775.30,14860.00,1,0
103015.588206,970.7269,5,5,4.44394,-0.117897,1.269511,8.47098e+08,89.47,117574.50,14558.80,1,0
103189.595423,969.0900,20,20,17.8097,-0.115986,0.340094,1.82794e+09,82.68,121431.20,18241.50,1,0
103290.821683,968.1402,2,2,1.783,-0.114849,1.121030,4.02481e+08,83.94,121532.50,18241.50,1,0
103462.798290,966.5310,2,2,1.78653,-0.112873,0.728112,1.78118e+08,119.83,116309.10,12846.70,1,0
103593.319642,965.3132,10,10,8.94638,-0.111336,-0.108599,1.02472e+09,85.43,128381.60,24788.00,1,0
103750.695941,963.8490,10,10,8.96336,-0.109440,0.090340,5.67357e+08,98.61,118610.90,14860.00,1,0
104727.710726,954.8571,8,8,7.26348,-0.096583,0.563084,6.71977e+08,100.68,117574.50,12846.70,1,0
107057.899591,934.0740,2,2,1.88751,-0.057889,0.203797,2.85247e+08,102.03,128352.80,21294.90,1,0
107273.590388,932.1959,3,3,2.84314,-0.053705,0.794558,7.87774e+08,85.45,128568.60,21294.90,0,2
107393.715699,931.1532,40,40,37.9986,-0.051329,-0.303261,5.17513e+09,57.22,133373.00,25979.30,1,0
110241.085521,907.1028,1,1,1.0149,0.014793,1.019519,3.39486e+08,81.64,128453.20,18211.80,0,2
113708.597918,879.4410,10,10,11.2929,0.121592,-9.352976,115636,227.46,128568.60,14860.00,0,2
