  103    121663.095      821.9419  /          /       0.0025     1
  107    121585.205      822.4685  /          /       0.0025     2
   87    121547.046      822.7267  /          /       0.0025     3
   80    121489.201      823.1184  /          /       0.0025     4
   80    121279.213      824.5436  /          /       0.0025     5
   91    121229.545      824.8814  /          /       0.0025     6
   99    121152.531      825.4058  /          /       0.0025     7
  114    121066.756      825.9906  /          /       0.0025     8
   80    120868.288      827.3469  /          /       0.0025     9
   80    120753.470      828.1335  /          /       0.0025    10
   80    120748.305      828.1690  /          /       0.0025    11
  119    120719.930      828.3636  /          /       0.0025    12
   91    120579.987      829.3250  /          /       0.0025    13
   87    120473.078      830.0610  /          /       0.0025    14
   80    120425.917      830.3860  /          /       0.0025    15
   87    120347.573      830.9266  /          /       0.0025    16
   80    120317.285      831.1358  /          /       0.0025    17
  133    120298.397      831.2663  /          /       0.0025    18
  103    120214.557      831.8460  /          /       0.0025    19
   91    120204.014      831.9190  /          /       0.0025    20
   80    120190.442      832.0129  /          /       0.0025    21
   80    120168.634      832.1639  /          /       0.0025    22
   86    120101.241      832.6309  /          /       0.0025    23
  102    120020.682      833.1897  /          /       0.0025    24
  102    119979.226      833.4776  /          /       0.0025    25
   79    119815.437      834.6170  /          /       0.0025    26
  106    119639.765      835.8425  /        bl/       0.0083    27
   79    119574.999      836.2952  /          /       0.0025    28
  100    119510.922      836.7436  /          /       0.0025    29
   90    119442.488      837.2230  /          /       0.0025    30
   86    119372.820      837.7116  /          /       0.0025    31
   79    119216.684      838.8088  /          /       0.0025    32
  113    119199.077      838.9327  /          /       0.0025    33
  113    119138.731      839.3576  /         h/       0.0058    34
   86    119122.271      839.4736  /          /       0.0025    35
   79    119114.431      839.5288  /          /       0.0025    36
   79    119101.675      839.6188  /          /       0.0025    37
  120    119048.320      839.9951  /          /       0.0025    38
  120    119039.560      840.0569  /          /       0.0025    39
  100    119007.744      840.2815  /          /       0.0025    40
   97    118982.632      840.4588  /          /       0.0025    41
  102    118924.369      840.8706  /        cl/       0.0051    42
  113    118921.653      840.8898  /        cl/       0.0051    43
   93    118903.981      841.0147  /          /       0.0025    44
  100    118845.955      841.4254  /          /       0.0025    45
  109    118817.380      841.6277  /        bl/       0.0083    46
   79    118796.009      841.7791  /          /       0.0025    47
   90    118766.216      841.9903  /          /       0.0025    48
   79    118746.571      842.1296  /          /       0.0025    49
   79    118710.766      842.3836  /          /       0.0025    50
  116    118694.846      842.4966  /          /       0.0025    51
  102    118580.125      843.3116  /        cl/       0.0051    52
  132    118576.430      843.3379  /          /       0.0025    53
  116    118547.781      843.5417  /        bl/       0.0083    54
  102    118499.307      843.8868  /          /       0.0025    55
   86    118483.764      843.9975  /          /       0.0025    56
  125    118428.034      844.3947  /          /       0.0025    57
   90    118372.964      844.7875  /          /       0.0025    58
   95    118334.047      845.0653  /          /       0.0025    59
  102    118310.848      845.2310  /          /       0.0025    60
   98    118243.848      845.7100  /          /       0.0025    61
   86    118174.171      846.2086  /          /       0.0025    62
   86    118124.473      846.5646  /          /       0.0025    63
   90    117997.773      847.4736  /          /       0.0025    64
   79    117962.275      847.7287  /          /       0.0025    65
   79    117863.456      848.4394  /          /       0.0025    66
  102    117833.262      848.6568  /          /       0.0025    67
   79    117824.854      848.7174  /          /       0.0025    68
  108    117674.376      849.8027  /          /       0.0025    69
  108    117661.654      849.8946  /          /       0.0025    70
   78    117645.578      850.0107  /          /       0.0025    71
   78    117638.698      850.0604  /          /       0.0025    72
  101    117625.501      850.1558  /        bl/       0.0083    73
   95    117601.313      850.3306  /          /       0.0025    74
   95    117522.268      850.9026  /          /       0.0025    75
  105    117485.624      851.1680  /          /       0.0025    76
  131    117467.353      851.3004  /          /       0.0025    77
   99    117459.047      851.3606  /          /       0.0025    78
   89    117448.453      851.4374  /          /       0.0025    79
   85    117436.566      851.5235  /          /       0.0025    80
   85    117389.272      851.8666  /          /       0.0025    81
   78    117237.762      852.9675  /          /       0.0025    82
   78    117225.956      853.0534  /          /       0.0025    83
   78    117216.866      853.1195  /          /       0.0025    84
   92    117201.875      853.2287  /          /       0.0025    85
   85    117189.663      853.3176  /          /       0.0025    86
  101    117176.655      853.4123  /          /       0.0025    87
   85    117125.955      853.7817  /          /       0.0025    88
   78    117061.487      854.2519  /          /       0.0025    89
   78    117001.490      854.6900  /          /       0.0025    90
   78    116954.174      855.0358  /          /       0.0025    91
   78    116901.673      855.4197  /          /       0.0025    92
  108    116861.195      855.7160  /          /       0.0025    93
   89    116848.899      855.8061  /          /       0.0025    94
  108    116796.481      856.1902  /          /       0.0025    95
   78    116783.808      856.2831  /          /       0.0025    96
   85    116721.793      856.7380  /         h/       0.0058    97
   78    116710.088      856.8240  /          /       0.0025    98
   78    116673.975      857.0892  /          /       0.0025    99
   78    116657.787      857.2081  /          /       0.0025   100
   94    116639.074      857.3456  /          /       0.0025   101
   78    116602.875      857.6118  /          /       0.0025   102
   99    116588.057      857.7208  /          /       0.0025   103
   97    116400.888      859.1000  /          /       0.0025   104
   78    116374.168      859.2972  /          /       0.0025   105
   78    116341.470      859.5387  /          /       0.0025   106
   89    116315.878      859.7279  /          /       0.0025   107
   85    116285.289      859.9540  /          /       0.0025   108
   89    116237.070      860.3107  /          /       0.0025   109
   85    116208.794      860.5201  /          /       0.0025   110
   85    116181.970      860.7188  /          /       0.0025   111
   78    116102.889      861.3050  /          /       0.0025   112
   78    116077.146      861.4960  /          /       0.0025   113
   85    116072.179      861.5329  /          /       0.0025   114
   78    115978.987      862.2252  /          /       0.0025   115
   85    115952.038      862.4255  /          /       0.0025   116
   85    115898.770      862.8219  /          /       0.0025   117
   89    115857.569      863.1288  /         h/       0.0058   118
   78    115828.255      863.3472  /          /       0.0025   119
   98    115748.896      863.9391  /          /       0.0025   120
   78    115698.189      864.3178  /          /       0.0025   121
   78    115663.119      864.5798  /          /       0.0025   122
   78    115619.267      864.9078  /          /       0.0025   123
   91    115435.697      866.2832  /          /       0.0025   124
   77    115152.695      868.4122  /          /       0.0025   125
   77    115142.671      868.4878  /          /       0.0025   126
  100    115133.662      868.5557  /          /       0.0025   127
   77    114995.954      869.5958  /          /       0.0025   128
   77    114824.964      870.8908  /          /       0.0025   129
   84    114801.764      871.0668  /          /       0.0025   130
   88    114718.774      871.6969  /          /       0.0025   131
   77    114688.097      871.9301  /          /       0.0025   132
  111    114665.483      872.1020  /          /       0.0025   133
   77    114604.349      872.5672  /          /       0.0025   134
   77    114449.590      873.7471  /          /       0.0025   135
   77    114410.082      874.0488  /          /       0.0026   136
   77    114397.486      874.1451  /          /       0.0025   137
   77    114394.085      874.1711  /          /       0.0025   138
   77    114353.757      874.4794  /          /       0.0025   139
   84    114327.782      874.6780  /          /       0.0025   140
   77    114241.692      875.3372  /          /       0.0025   141
   77    114115.762      876.3031  /          /       0.0025   142
   84    114109.275      876.3530  /          /       0.0025   143
  100    113867.583      878.2131  /          /       0.0025   144
   77    113798.385      878.7471  /          /       0.0025   145
  100    113708.868      879.4389  /          /       0.0025   146
   84    113657.276      879.8381  /          /       0.0025   147
  100    113597.488      880.3012  /          /       0.0025   148
   88    113431.580      881.5887  /          /       0.0025   149
   77    113335.772      882.3340  /          /       0.0025   150
   87    113251.855      882.9877  /          /       0.0025   151
   87    113143.170      883.8359  /          /       0.0025   152
  113    113102.192      884.1562  /          /       0.0025   153
  106    112958.938      885.2774  /          /       0.0026   154
   83    112921.180      885.5735  /          /       0.0025   155
   83    112837.309      886.2317  /          /       0.0026   156
   90    112694.078      887.3581  /          /       0.0025   157
   76    112580.357      888.2544  /          /       0.0025   158
   83    112448.787      889.2937  /          /       0.0055   159
   76    112325.051      890.2734  /          /       0.0025   160
   87    111776.252      894.6444  /          /       0.0025   161
   76    111586.048      896.1694  /          /       0.0025   162
   86    110742.432      902.9962  /          /       0.0025   163
   82    110648.438      903.7633  /          /       0.0025   164
   82    110572.507      904.3839  /          /       0.0026   165
   75    110241.365      907.1005  /          /       0.0026   166
   89    109903.261      909.8911  /          /       0.0026   167
   75    109608.644      912.3368  /          /       0.0026   168
  116    109430.410      913.8228  /          /       0.0026   169
   75    109333.522      914.6326  /          /       0.0026   170
   74    108695.564      920.0007  /          /       0.0025   171
  111    107394.003      931.1507  /          /       0.0026   172
   85    107273.831      932.1938  /          /       0.0026   173
   80    107058.160      934.0717  /          /       0.0025   174
   90    106955.613      934.9673  /          /       0.0025   175
   84    106946.916      935.0433  /          /       0.0025   176
   89    106804.094      936.2937  /          /       0.0026   177
   93    104727.906      954.8553  /          /       0.0026   178
   95    103750.916      963.8469  /          /       0.0026   179
   72    103677.602      964.5285  /          /       0.0026   180
   95    103593.552      965.3110  /          /       0.0026   181
   78    103462.668      966.5322  /          /       0.0026   182
   78    103290.711      968.1413  /          /       0.0026   183
  101    103189.499      969.0909  /          /       0.0026   184
   94    103085.794      970.0658  /          /       0.0026   185
   87    103015.472      970.7280  /          /       0.0026   186
   71    102948.506      971.3594  /          /       0.0026   187
   94    102914.975      971.6759  /          /       0.0026   188
   78    102864.945      972.1485  /          /       0.0026   189
   71    102852.724      972.2640  /          /       0.0026   190
   82    102764.276      973.1008  /          /       0.0026   191
   78    102645.046      974.2311  /          /       0.0026   192
   94    102387.962      976.6773  /          /       0.0026   193
   90    102256.914      977.9290  /          /       0.0026   194
   85    102249.294      978.0019  /          /       0.0026   195
   71    102122.241      979.2186  /        **/       0.0027   196
   78    102072.589      979.6950  /          /       0.0026   197
   71    102051.149      979.9008  /          /       0.0026   198
   71    101797.666      982.3408  /          /       0.0026   199
  101    101759.416      982.7100  /          /       0.0026   200
   84    101750.398      982.7971  /          /       0.0026   201
   91    101681.592      983.4622  /          /       0.0026   202
   81    101633.547      983.9271  /          /       0.0026   203
   81    101510.408      985.1207  /          /       0.0026   204
   77    101432.178      985.8804  /          /       0.0026   205
   77    101314.674      987.0239  /          /       0.0026   206
   84    101281.762      987.3446  /          /       0.0026   207
   81    101218.605      987.9607  /          /       0.0026   208
  111    101214.403      988.0017  /          /       0.0026   209
   77    101178.375      988.3535  /          /       0.0026   210
  100    101073.183      989.3821  /          /       0.0026   211
   77    101048.089      989.6278  /          /       0.0026   212
   86    100933.519      990.7511  /          /       0.0026   213
  104    100797.734      992.0858  /          /       0.0026   214
   86    100789.257      992.1692  /          /       0.0026   215
   84    100662.084      993.4227  /          /       0.0026   216
   70    100643.991      993.6013  /          /       0.0026   217
   77    100639.778      993.6429  /          /       0.0026   218
  116    100624.306      993.7957  /          /       0.0026   219
   77    100595.985      994.0755  /          /       0.0026   220
   70    100591.058      994.1241  /        **/       0.0028   221
   81    100565.152      994.3802  /          /       0.0026   222
   88    100548.448      994.5454  /          /       0.0050   223
  112    100543.023      994.5991  /          /       0.0026   224
   81    100464.305      995.3784  /          /       0.0026   225
   86    100449.940      995.5208  /         h/       0.0060   226
   77    100444.840      995.5713  /          /       0.0050   227
   77    100405.817      995.9582  /          /       0.0026   228
   93    100369.194      996.3216  /          /       0.0026   229
   86    100358.744      996.4254  /          /       0.0026   230
   70    100312.369      996.8860  /        **/       0.0028   231
   93    100295.973      997.0490  /          /       0.0026   232
   70    100117.498      998.8264  /          /       0.0026   233
   93    100107.097      998.9302  /          /       0.0026   234
   81    100088.386      999.1169  /        **/       0.0028   235
  104    100050.229      999.4980  /          /       0.0026   236
   86     99997.764     1000.0224  /          /       0.0026   237
   81     99964.987     1000.3503  /          /       0.0026   238
   89     99947.598     1000.5243  /          /       0.0026   239
  113     99937.071     1000.6297  /        **/       0.0028   240
   99     99880.502     1001.1964  /        cl/       0.0051   241
  109     99877.789     1001.2236  /        cl/       0.0051   242
   83     99847.471     1001.5276  /          /       0.0026   243
   99     99796.949     1002.0346  /        bl/       0.0086   244
   69     99728.436     1002.7230  /          /       0.0026   245
   69     99713.205     1002.8762  /          /       0.0026   246
   92     99675.309     1003.2575  /          /       0.0026   247
   90     99661.250     1003.3990  /          /       0.0026   248
   69     99575.946     1004.2586  /          /       0.0026   249
   76     99548.884     1004.5316  /          /       0.0026   250
  103     99511.267     1004.9113  /          /       0.0026   251
   80     99474.835     1005.2794  /          /       0.0026   252
   69     99444.763     1005.5834  /          /       0.0026   253
   85     99435.687     1005.6752  /          /       0.0026   254
   92     99417.747     1005.8566  /        **/       0.0029   255
   80     99381.778     1006.2207  /          /       0.0026   256
   80     99365.769     1006.3828  /          /       0.0026   257
   85     99336.385     1006.6805  /          /       0.0026   258
   80     99321.824     1006.8281  /          /       0.0026   259
   69     99296.297     1007.0869  /          /       0.0026   260
   89     99271.788     1007.3355  /          /       0.0026   261
   69     99266.243     1007.3918  /          /       0.0026   262
  106     99259.686     1007.4584  /        **/       0.0029   263
  106     99221.472     1007.8464  /          /       0.0026   264
   99     99184.753     1008.2195  /         h/       0.0061   265
   76     99178.373     1008.2843  /          /       0.0026   266
   80     99153.654     1008.5357  /          /       0.0026   267
  131     99146.241     1008.6111  /          /       0.0026   268
   96     99133.502     1008.7407  /          /       0.0026   269
   69     99114.191     1008.9373  /          /       0.0026   270
   69     99105.299     1009.0278  /          /       0.0026   271
   69     99052.200     1009.5687  /          /       0.0026   272
   69     99034.460     1009.7495  /          /       0.0026   273
   99     99006.610     1010.0336  /          /       0.0026   274
   99     98994.990     1010.1521  /          /       0.0026   275
   99     98982.395     1010.2807  /          /       0.0026   276
  108     98955.081     1010.5595  /          /       0.0026   277
   92     98920.443     1010.9134  /          /       0.0026   278
  110     98910.857     1011.0114  /          /       0.0051   279
   92     98881.993     1011.3065  /          /       0.0026   280
  108     98832.974     1011.8081  /          /       0.0026   281
  129     98804.478     1012.0999  /          /       0.0026   282
   76     98785.030     1012.2991  /          /       0.0026   283
   69     98740.150     1012.7592  /          /       0.0026   284
   85     98733.119     1012.8314  /        **/       0.0029   285
  113     98702.887     1013.1416  /          /       0.0026   286
   85     98682.286     1013.3531  /          /       0.0026   287
  115     98671.813     1013.4607  /          /       0.0026   288
  103     98640.713     1013.7802  /          /       0.0026   289
   83     98634.894     1013.8400  /          /       0.0026   290
  115     98599.764     1014.2012  /          /       0.0026   291
   92     98596.970     1014.2300  /        cl/       0.0051   292
  103     98558.968     1014.6210  /          /       0.0026   293
   92     98546.459     1014.7498  /          /       0.0026   294
   80     98540.198     1014.8143  /          /       0.0026   295
   80     98517.739     1015.0456  /          /       0.0026   296
   89     98505.776     1015.1689  /          /       0.0026   297
  103     98495.609     1015.2737  /          /       0.0026   298
   69     98489.269     1015.3390  /          /       0.0026   299
   85     98476.785     1015.4678  /          /       0.0026   300
   76     98454.495     1015.6977  /          /       0.0026   301
   92     98451.490     1015.7287  /          /       0.0026   302
   99     98446.098     1015.7843  /          /       0.0026   303
  122     98379.644     1016.4704  /          /       0.0026   304
   85     98356.151     1016.7132  /          /       0.0026   305
   92     98329.390     1016.9899  /          /       0.0026   306
   85     98306.188     1017.2300  /          /       0.0026   307
   98     98298.483     1017.3097  /        cl/       0.0051   308
  108     98295.163     1017.3441  /        cl/       0.0051   309
   85     98290.187     1017.3956  /        cl/       0.0051   310
   92     98278.685     1017.5146  /          /       0.0026   311
   75     98246.078     1017.8523  /        **/       0.0029   312
  115     98208.590     1018.2409  /          /       0.0026   313
   85     98195.937     1018.3721  /          /       0.0026   314
   68     98179.513     1018.5424  /          /       0.0026   315
   79     98146.028     1018.8899  /          /       0.0026   316
  121     98138.608     1018.9670  /          /       0.0026   317
   75     98115.626     1019.2056  /          /       0.0026   318
  114     98105.601     1019.3098  /          /       0.0026   319
   68     98089.901     1019.4729  /          /       0.0052   320
  109     98084.075     1019.5335  /          /       0.0026   321
  109     98074.774     1019.6302  /        **/       0.0030   322
   68     98068.214     1019.6984  /          /       0.0052   323
   91     98049.903     1019.8888  /          /       0.0026   324
   75     98040.933     1019.9821  /          /       0.0026   325
  105     98034.264     1020.0515  /          /       0.0026   326
   84     98021.101     1020.1885  /          /       0.0026   327
   84     98015.098     1020.2510  /          /       0.0052   328
   91     97980.810     1020.6080  /          /       0.0026   329
  107     97944.245     1020.9890  /          /       0.0026   330
   88     97939.487     1021.0386  /          /       0.0026   331
   98     97928.945     1021.1485  /          /       0.0026   332
  137     97909.491     1021.3514  /          /       0.0026   333
   95     97887.810     1021.5777  /          /       0.0026   334
   88     97879.609     1021.6633  /          /       0.0026   335
  102     97873.659     1021.7254  /        **/       0.0030   336
   68     97870.067     1021.7629  /          /       0.0026   337
   84     97860.377     1021.8640  /         h/       0.0061   338
   82     97840.143     1022.0754  /          /       0.0026   339
   82     97833.509     1022.1447  /          /       0.0026   340
   82     97818.575     1022.3007  /          /       0.0026   341
   75     97809.698     1022.3935  /          /       0.0026   342
   75     97793.861     1022.5591  /          /       0.0026   343
  107     97775.095     1022.7553  /          /       0.0026   344
   91     97761.368     1022.8989  /        cl/       0.0051   345
  121     97757.953     1022.9347  /          /       0.0026   346
   91     97730.501     1023.2220  /          /       0.0026   347
  114     97726.201     1023.2670  /          /       0.0026   348
  102     97697.095     1023.5719  /          /       0.0026   349
   84     97687.822     1023.6691  /        cl/       0.0052   350
   98     97658.563     1023.9757  /          /       0.0026   351
   91     97652.879     1024.0353  /          /       0.0026   352
   68     97644.611     1024.1221  /          /       0.0026   353
   84     97636.318     1024.2090  /          /       0.0053   354
   68     97626.936     1024.3075  /          /       0.0026   355
   89     97622.190     1024.3573  /          /       0.0026   356
   91     97588.564     1024.7102  /         h/       0.0053   357
   91     97566.376     1024.9433  /         h/       0.0053   358
  107     97547.389     1025.1428  /          /       0.0026   359
   91     97537.952     1025.2419  /          /       0.0026   360
  105     97495.116     1025.6924  /         h/       0.0061   361
   82     97471.167     1025.9444  /          /       0.0053   362
   91     97466.110     1025.9977  /        cl/       0.0051   363
  114     97463.091     1026.0294  /        cl/       0.0051   364
  130     97448.625     1026.1817  /          /       0.0026   365
  114     97442.100     1026.2505  /          /       0.0026   366
   75     97434.404     1026.3315  /          /       0.0026   367
   68     97426.603     1026.4137  /          /       0.0026   368
   98     97420.730     1026.4756  /          /       0.0026   369
   68     97398.977     1026.7048  /          /       0.0026   370
   75     97378.522     1026.9205  /          /       0.0026   371
   79     97357.222     1027.1452  /          /       0.0026   372
  105     97349.649     1027.2251  /          /       0.0026   373
   91     97324.804     1027.4873  /         h/       0.0061   374
  114     97317.185     1027.5677  /        bl/       0.0086   375
   75     97273.667     1028.0275  /          /       0.0026   376
   98     97260.887     1028.1625  /        cl/       0.0051   377
   91     97250.223     1028.2753  /          /       0.0026   378
   89     97209.165     1028.7096  /         h/       0.0061   379
  114     97191.182     1028.8999  /          /       0.0053   380
  144     97178.774     1029.0313  /          /       0.0026   381
  102     97166.926     1029.1568  /          /       0.0026   382
  114     97161.814     1029.2109  /          /       0.0026   383
   91     97155.051     1029.2826  /         h/       0.0061   384
   84     97144.712     1029.3921  /          /       0.0026   385
  107     97122.339     1029.6292  /          /       0.0026   386
  121     97114.739     1029.7098  /          /       0.0026   387
   98     97107.748     1029.7839  /          /       0.0026   388
   98     97083.008     1030.0464  /          /       0.0026   389
   79     97075.818     1030.1227  /          /       0.0026   390
  105     97069.329     1030.1915  /          /       0.0026   391
   98     97056.513     1030.3276  /          /       0.0026   392
   98     97040.408     1030.4986  /          /       0.0026   393
   84     97030.997     1030.5985  /          /       0.0026   394
  107     97022.807     1030.6855  /          /       0.0053   395
  125     97007.318     1030.8501  /          /       0.0026   396
   84     96998.640     1030.9423  /          /       0.0026   397
   98     96977.276     1031.1694  /          /       0.0026   398
   75     96965.439     1031.2953  /          /       0.0026   399
   79     96959.556     1031.3579  /          /       0.0026   400
   84     96952.464     1031.4333  /          /       0.0026   401
  125     96942.868     1031.5354  /          /       0.0053   402
   98     96933.586     1031.6342  /          /       0.0026   403
   91     96911.592     1031.8683  /          /       0.0026   404
  128     96891.483     1032.0825  /          /       0.0026   405
   75     96885.504     1032.1462  /          /       0.0026   406
   87     96878.600     1032.2197  /          /       0.0026   407
   91     96871.331     1032.2972  /          /       0.0026   408
  121     96857.137     1032.4484  /          /       0.0026   409
   75     96852.832     1032.4943  /          /       0.0026   410
  110     96824.505     1032.7964  /          /       0.0026   411
   75     96807.738     1032.9753  /          /       0.0026   412
   95     96799.002     1033.0685  /          /       0.0026   413
   98     96786.137     1033.2058  /        cl/       0.0051   414
  107     96783.206     1033.2371  /        cl/       0.0051   415
  102     96774.690     1033.3280  /          /       0.0053   416
   84     96765.894     1033.4220  /          /       0.0026   417
  114     96751.032     1033.5807  /          /       0.0026   418
   91     96744.495     1033.6505  /          /       0.0026   419
   98     96741.861     1033.6787  /          /       0.0026   420
   97     96736.395     1033.7371  /          /       0.0026   421
   84     96731.832     1033.7859  /          /       0.0026   422
   91     96728.093     1033.8258  /          /       0.0026   423
   91     96710.846     1034.0102  /        cl/       0.0107   424
   97     96707.754     1034.0432  /        cl/       0.0051   425
   87     96701.304     1034.1122  /          /       0.0026   426
  114     96680.260     1034.3373  /          /       0.0026   427
  101     96636.733     1034.8032  /          /       0.0026   428
   84     96634.731     1034.8246  /          /       0.0026   429
   78     96624.341     1034.9359  /          /       0.0026   430
   74     96612.649     1035.0612  /          /       0.0026   431
  107     96608.112     1035.1098  /          /       0.0026   432
   90     96594.211     1035.2587  /          /       0.0026   433
   90     96589.322     1035.3111  /          /       0.0026   434
   97     96582.470     1035.3846  /          /       0.0026   435
   90     96566.762     1035.5530  /          /       0.0026   436
  101     96555.506     1035.6737  /          /       0.0026   437
   88     96547.138     1035.7635  /        bl/       0.0086   438
  104     96511.155     1036.1497  /        cl/       0.0051   439
  104     96509.011     1036.1727  /        cl/       0.0051   440
  108     96487.020     1036.4088  /        **/       0.0031   441
   90     96467.209     1036.6217  /          /       0.0026   442
   83     96455.529     1036.7472  /          /       0.0026   443
   94     96448.590     1036.8218  /          /       0.0026   444
   90     96410.561     1037.2308  /          /       0.0026   445
  101     96395.898     1037.3885  /          /       0.0026   446
   74     96392.004     1037.4304  /        **/       0.0030   447
   83     96387.615     1037.4777  /          /       0.0026   448
   97     96377.858     1037.5827  /          /       0.0026   449
  106     96366.819     1037.7016  /        cl/       0.0051   450
  106     96363.511     1037.7372  /        cl/       0.0051   451
   83     96352.014     1037.8610  /          /       0.0026   452
  104     96333.092     1038.0649  /          /       0.0026   453
  127     96321.941     1038.1851  /          /       0.0026   454
  136     96312.035     1038.2918  /          /       0.0026   455
   87     96306.217     1038.3546  /          /       0.0054   456
   90     96297.424     1038.4494  /          /       0.0026   457
   78     96267.552     1038.7716  /          /       0.0026   458
   90     96250.027     1038.9607  /          /       0.0026   459
   83     96243.465     1039.0316  /          /       0.0026   460
  113     96232.044     1039.1549  /        cl/       0.0051   461
  106     96228.063     1039.1979  /        cl/       0.0051   462
  108     96223.108     1039.2514  /        cl/       0.0051   463
   90     96211.378     1039.3781  /          /       0.0026   464
  106     96174.476     1039.7769  /          /       0.0026   465
   90     96159.271     1039.9413  /          /       0.0026   466
   83     96149.272     1040.0495  /          /       0.0026   467
   83     96146.418     1040.0803  /          /       0.0026   468
  106     96141.127     1040.1376  /          /       0.0026   469
  113     96137.306     1040.1789  /          /       0.0026   470
   97     96131.143     1040.2456  /          /       0.0026   471
   78     96118.237     1040.3853  /          /       0.0026   472
   85     96113.626     1040.4352  /          /       0.0026   473
  113     96099.373     1040.5895  /          /       0.0026   474
  106     96094.317     1040.6443  /          /       0.0026   475
   90     96075.525     1040.8478  /          /       0.0026   476
  108     96061.406     1041.0008  /          /       0.0026   477
  113     96048.216     1041.1438  /          /       0.0026   478
   97     96042.684     1041.2037  /          /       0.0026   479
  120     96037.691     1041.2579  /          /       0.0026   480
  127     96019.240     1041.4579  /          /       0.0026   481
   97     96009.700     1041.5614  /          /       0.0026   482
  113     96003.964     1041.6237  /          /       0.0026   483
  113     95993.317     1041.7392  /          /       0.0026   484
  113     95981.218     1041.8705  /          /       0.0026   485
  108     95972.806     1041.9618  /          /       0.0026   486
   78     95966.567     1042.0296  /          /       0.0026   487
   97     95946.462     1042.2479  /          /       0.0026   488
   74     95941.200     1042.3051  /          /       0.0026   489
  113     95925.396     1042.4768  /          /       0.0026   490
   86     95909.569     1042.6488  /          /       0.0026   491
   90     95894.018     1042.8179  /          /       0.0026   492
  136     95880.684     1042.9629  /          /       0.0026   493
   90     95867.340     1043.1081  /          /       0.0026   494
  120     95856.945     1043.2212  /          /       0.0026   495
   83     95850.367     1043.2928  /          /       0.0026   496
  106     95831.360     1043.4997  /          /       0.0026   497
   90     95818.681     1043.6378  /          /       0.0026   498
  129     95804.211     1043.7955  /          /       0.0026   499
  106     95799.045     1043.8517  /          /       0.0026   500
   78     95788.300     1043.9688  /          /       0.0026   501
  129     95782.916     1044.0275  /          /       0.0026   502
   78     95774.807     1044.1159  /          /       0.0026   503
  106     95766.935     1044.2017  /          /       0.0026   504
  106     95763.632     1044.2378  /          /       0.0026   505
  101     95729.857     1044.6062  /          /       0.0026   506
   90     95707.569     1044.8494  /          /       0.0026   507
  101     95702.260     1044.9074  /        **/       0.0031   508
   81     95694.536     1044.9917  /          /       0.0026   509
   67     95689.443     1045.0474  /          /       0.0026   510
   67     95677.351     1045.1794  /          /       0.0026   511
   88     95671.224     1045.2464  /          /       0.0026   512
  124     95656.269     1045.4098  /        cl/       0.0051   513
   97     95652.985     1045.4457  /        cl/       0.0051   514
   90     95647.145     1045.5095  /        bl/       0.0087   515
   97     95629.227     1045.7054  /          /       0.0026   516
   83     95623.904     1045.7636  /          /       0.0026   517
  113     95615.395     1045.8567  /          /       0.0026   518
   90     95611.579     1045.8984  /          /       0.0026   519
  101     95601.185     1046.0121  /          /       0.0026   520
   90     95592.168     1046.1108  /          /       0.0026   521
  129     95584.616     1046.1935  /          /       0.0026   522
   67     95552.752     1046.5423  /          /       0.0026   523
   67     95548.159     1046.5926  /          /       0.0026   524
   97     95538.516     1046.6983  /          /       0.0026   525
  124     95531.282     1046.7775  /          /       0.0026   526
   78     95516.528     1046.9392  /          /       0.0026   527
   67     95506.749     1047.0464  /          /       0.0026   528
   78     95501.550     1047.1034  /          /       0.0026   529
  147     95488.820     1047.2430  /          /       0.0026   530
   90     95479.046     1047.3502  /        cl/       0.0051   531
   90     95476.938     1047.3733  /        cl/       0.0051   532
   90     95454.142     1047.6235  /          /       0.0026   533
   67     95442.505     1047.7512  /          /       0.0026   534
  113     95437.197     1047.8095  /        **/       0.0055   535
   87     95426.914     1047.9224  /          /       0.0026   536
   78     95423.069     1047.9646  /          /       0.0026   537
   86     95408.869     1048.1206  /          /       0.0026   538
  104     95396.704     1048.2542  /          /       0.0026   539
   81     95391.047     1048.3164  /          /       0.0026   540
   78     95382.444     1048.4110  /          /       0.0026   541
  120     95361.415     1048.6422  /        cl/       0.0051   542
   97     95358.813     1048.6708  /      cl**/       0.0051   543
  113     95355.996     1048.7018  /        cl/       0.0051   544
   94     95336.030     1048.9214  /          /       0.0026   545
   83     95333.448     1048.9498  /          /       0.0026   546
  143     95321.202     1049.0845  /          /       0.0026   547
   97     95308.270     1049.2269  /          /       0.0026   548
  113     95287.628     1049.4542  /        **/       0.0031   549
   97     95279.471     1049.5440  /          /       0.0026   550
   67     95246.043     1049.9124  /          /       0.0026   551
   97     95233.131     1050.0547  /          /       0.0026   552
  109     95228.516     1050.1056  /          /       0.0026   553
  113     95208.935     1050.3216  /          /       0.0026   554
   97     95198.890     1050.4324  /          /       0.0026   555
   78     95184.342     1050.5930  /          /       0.0026   556
   86     95179.269     1050.6490  /          /       0.0026   557
   67     95168.454     1050.7684  /          /       0.0026   558
   90     95158.358     1050.8798  /        **/       0.0031   559
   83     95151.116     1050.9598  /          /       0.0026   560
   90     95139.185     1051.0916  /          /       0.0026   561
   96     95119.267     1051.3117  /          /       0.0026   562
   83     95116.218     1051.3454  /          /       0.0026   563
  101     95109.397     1051.4208  /          /       0.0026   564
  119     95096.246     1051.5662  /          /       0.0026   565
  103     95081.384     1051.7306  /          /       0.0026   566
  119     95075.939     1051.7908  /          /       0.0026   567
   83     95070.608     1051.8498  /          /       0.0026   568
  100     95063.590     1051.9275  /          /       0.0026   569
   83     95045.224     1052.1307  /        cl/       0.0051   570
   83     95038.921     1052.2005  /        cl/       0.0055   571
   77     95033.516     1052.2603  /          /       0.0055   572
   77     95015.983     1052.4545  /          /       0.0026   573
  112     95005.641     1052.5691  /          /       0.0026   574
  135     95000.027     1052.6313  /          /       0.0026   575
  103     94983.594     1052.8134  /          /       0.0026   576
  112     94979.497     1052.8588  /        cl/       0.0051   577
  112     94965.016     1053.0194  /          /       0.0055   578
   66     94957.463     1053.1031  /          /       0.0026   579
   66     94950.911     1053.1758  /          /       0.0026   580
   73     94943.466     1053.2584  /          /       0.0026   581
  103     94935.915     1053.3421  /          /       0.0055   582
   66     94929.829     1053.4097  /          /       0.0026   583
   77     94917.997     1053.5410  /        **/       0.0032   584
   84     94914.267     1053.5824  /          /       0.0026   585
  126     94887.940     1053.8747  /          /       0.0026   586
   86     94853.214     1054.2605  /          /       0.0026   587
   82     94841.833     1054.3870  /          /       0.0026   588
  107     94837.186     1054.4387  /          /       0.0026   589
  110     94829.532     1054.5238  /        cl/       0.0051   590
  105     94826.594     1054.5565  /        cl/       0.0051   591
  105     94821.642     1054.6116  /          /       0.0026   592
  100     94780.412     1055.0703  /          /       0.0026   593
  123     94773.997     1055.1417  /          /       0.0026   594
   96     94760.171     1055.2957  /          /       0.0026   595
   96     94726.919     1055.6661  /          /       0.0026   596
   96     94709.925     1055.8556  /          /       0.0026   597
  110     94694.404     1056.0286  /          /       0.0026   598
  105     94678.175     1056.2096  /          /       0.0056   599
   96     94668.910     1056.3130  /          /       0.0026   600
  112     94650.736     1056.5158  /          /       0.0140   601
   87     94641.683     1056.6169  /          /       0.0026   602
   89     94624.026     1056.8140  /        **/       0.0032   603
  103     94600.328     1057.0788  /          /       0.0026   604
  119     94587.092     1057.2267  /          /       0.0026   605
  126     94579.762     1057.3086  /          /       0.0026   606
   96     94566.772     1057.4539  /        **/       0.0032   607
   89     94563.641     1057.4889  /        cl/       0.0051   608
  112     94543.027     1057.7195  /          /       0.0026   609
  112     94537.459     1057.7818  /          /       0.0026   610
   89     94528.351     1057.8837  /        cl/       0.0051   611
   82     94526.768     1057.9014  /        cl/       0.0056   612
   96     94516.525     1058.0160  /          /       0.0026   613
   80     94504.672     1058.1487  /          /       0.0026   614
   77     94487.028     1058.3463  /          /       0.0026   615
   77     94483.033     1058.3911  /          /       0.0026   616
  112     94472.577     1058.5082  /          /       0.0056   617
  107     94449.421     1058.7677  /          /       0.0026   618
   89     94433.478     1058.9465  /          /       0.0026   619
  107     94426.895     1059.0203  /          /       0.0026   620
  119     94414.817     1059.1558  /          /       0.0056   621
  112     94406.533     1059.2487  /        cl/       0.0052   622
  126     94403.811     1059.2793  /        cl/       0.0052   623
  105     94392.308     1059.4084  /          /       0.0026   624
  112     94376.519     1059.5856  /        cl/       0.0052   625
  112     94372.623     1059.6293  /        cl/       0.0051   626
   89     94365.188     1059.7128  /          /       0.0026   627
   96     94355.670     1059.8197  /          /       0.0026   628
   89     94346.413     1059.9237  /          /       0.0026   629
   96     94332.927     1060.0752  /          /       0.0026   630
  103     94325.545     1060.1582  /          /       0.0026   631
  100     94317.552     1060.2480  /          /       0.0026   632
   89     94296.508     1060.4847  /          /       0.0026   633
  119     94291.186     1060.5445  /          /       0.0026   634
   96     94274.434     1060.7330  /          /       0.0026   635
  112     94263.576     1060.8551  /          /       0.0026   636
  112     94251.454     1060.9916  /          /       0.0026   637
   82     94246.313     1061.0495  /        cl/       0.0051   638
   82     94244.429     1061.0707  /        cl/       0.0051   639
  100     94240.145     1061.1189  /        cl/       0.0051   640
  100     94236.433     1061.1607  /        cl/       0.0051   641
  119     94221.742     1061.3262  /          /       0.0026   642
   82     94204.772     1061.5174  /          /       0.0026   643
  128     94197.660     1061.5975  /          /       0.0026   644
   89     94189.153     1061.6934  /          /       0.0026   645
   80     94177.175     1061.8284  /          /       0.0026   646
   89     94172.141     1061.8852  /        cl/       0.0051   647
   96     94170.164     1061.9075  /        cl/       0.0052   648
  103     94164.321     1061.9734  /          /       0.0026   649
  110     94153.638     1062.0939  /          /       0.0026   650
  105     94130.572     1062.3541  /        cl/       0.0051   651
  105     94127.336     1062.3906  /        cl/       0.0056   652
  112     94102.462     1062.6715  /          /       0.0026   653
   82     94089.493     1062.8179  /          /       0.0026   654
   89     94081.376     1062.9096  /          /       0.0057   655
  105     94064.335     1063.1022  /          /       0.0026   656
  108     94059.143     1063.1609  /          /       0.0026   657
  112     94050.881     1063.2543  /          /       0.0026   658
   96     94041.528     1063.3600  /          /       0.0026   659
   96     94015.741     1063.6517  /          /       0.0026   660
   89     94007.534     1063.7445  /          /       0.0026   661
  107     93997.605     1063.8569  /        **/       0.0032   662
   96     93991.652     1063.9243  /          /       0.0026   663
   82     93976.126     1064.1000  /        cl/       0.0051   664
   89     93973.878     1064.1255  /        cl/       0.0051   665
  105     93959.544     1064.2878  /          /       0.0057   666
  112     93950.621     1064.3889  /          /       0.0026   667
  103     93940.998     1064.4980  /          /       0.0026   668
  112     93933.405     1064.5840  /          /       0.0026   669
   96     93928.639     1064.6380  /        cl/       0.0051   670
  105     93914.947     1064.7932  /          /       0.0026   671
   89     93907.999     1064.8720  /          /       0.0026   672
  103     93899.441     1064.9691  /          /       0.0026   673
   96     93885.511     1065.1271  /          /       0.0026   674
   73     93877.134     1065.2221  /          /       0.0026   675
  103     93867.656     1065.3297  /          /       0.0026   676
   96     93855.954     1065.4625  /          /       0.0026   677
  109     93850.646     1065.5228  /          /       0.0026   678
   89     93845.231     1065.5842  /          /       0.0026   679
   89     93841.774     1065.6235  /          /       0.0026   680
  100     93827.135     1065.7898  /          /       0.0026   681
  128     93805.736     1066.0329  /          /       0.0026   682
   96     93800.930     1066.0875  /        cl/       0.0051   683
   77     93793.184     1066.1756  /          /       0.0026   684
   96     93789.142     1066.2215  /        **/       0.0032   685
  112     93778.414     1066.3435  /          /       0.0026   686
   77     93767.830     1066.4638  /          /       0.0026   687
   73     93763.046     1066.5183  /          /       0.0026   688
   96     93758.676     1066.5680  /          /       0.0026   689
  119     93729.958     1066.8947  /          /       0.0026   690
   89     93720.872     1066.9982  /          /       0.0026   691
   96     93714.767     1067.0677  /          /       0.0026   692
  119     93710.572     1067.1155  /          /       0.0026   693
   89     93706.159     1067.1657  /          /       0.0026   694
  102     93684.369     1067.4139  /          /       0.0026   695
  105     93676.711     1067.5012  /          /       0.0026   696
   95     93652.471     1067.7775  /          /       0.0026   697
   89     93646.381     1067.8469  /         h/       0.0062   698
   82     93640.918     1067.9092  /        cl/       0.0052   699
  123     93637.470     1067.9485  /          /       0.0026   700
   89     93631.869     1068.0124  /          /       0.0026   701
   72     93609.447     1068.2682  /          /       0.0026   702
  118     93598.315     1068.3953  /          /       0.0026   703
  109     93576.912     1068.6397  /          /       0.0057   704
   88     93566.465     1068.7590  /         h/       0.0062   705
   82     93561.261     1068.8184  /        cl/       0.0052   706
  128     93558.450     1068.8505  /        cl/       0.0052   707
   95     93536.044     1069.1066  /          /       0.0026   708
   82     93522.370     1069.2629  /          /       0.0026   709
  106     93511.839     1069.3833  /          /       0.0026   710
   65     93500.040     1069.5183  /          /       0.0026   711
  111     93491.129     1069.6202  /          /       0.0026   712
  102     93483.406     1069.7086  /          /       0.0026   713
   95     93478.347     1069.7665  /          /       0.0026   714
  128     93468.423     1069.8800  /          /       0.0026   715
  111     93436.611     1070.2443  /          /       0.0026   716
   88     93428.625     1070.3358  /          /       0.0026   717
  106     93417.860     1070.4591  /          /       0.0026   718
  109     93409.716     1070.5524  /          /       0.0026   719
   85     93404.235     1070.6153  /          /       0.0026   720
   76     93392.603     1070.7486  /          /       0.0026   721
  111     93352.187     1071.2122  /          /       0.0026   722
  104     93341.701     1071.3325  /          /       0.0026   723
  122     93334.042     1071.4204  /          /       0.0026   724
  111     93328.264     1071.4868  /          /       0.0026   725
  118     93295.462     1071.8635  /          /       0.0026   726
   88     93286.570     1071.9657  /          /       0.0026   727
  111     93282.936     1072.0074  /          /       0.0026   728
   88     93277.133     1072.0741  /        cl/       0.0051   729
  104     93274.342     1072.1062  /        cl/       0.0051   730
   86     93263.131     1072.2351  /          /       0.0026   731
   95     93253.983     1072.3403  /          /       0.0026   732
   81     93246.729     1072.4237  /          /       0.0026   733
   95     93243.181     1072.4645  /          /       0.0026   734
  111     93237.724     1072.5273  /          /       0.0026   735
   99     93231.537     1072.5984  /          /       0.0026   736
  118     93185.854     1073.1243  /          /       0.0026   737
   76     93169.938     1073.3076  /          /       0.0026   738
   95     93167.278     1073.3382  /          /       0.0026   739
  111     93139.443     1073.6590  /          /       0.0026   740
   65     93127.239     1073.7997  /          /       0.0026   741
  118     93118.488     1073.9006  /          /       0.0026   742
   81     93106.458     1074.0394  /          /       0.0026   743
   81     93095.224     1074.1690  /          /       0.0026   744
   85     93079.421     1074.3513  /          /       0.0026   745
   81     93068.963     1074.4721  /          /       0.0026   746
  111     93065.386     1074.5134  /          /       0.0026   747
   85     93058.890     1074.5884  /          /       0.0026   748
  102     93052.044     1074.6674  /          /       0.0026   749
   81     93047.121     1074.7243  /          /       0.0026   750
  111     93035.941     1074.8534  /          /       0.0058   751
   65     93010.534     1075.1470  /          /       0.0026   752
   65     92984.556     1075.4474  /          /       0.0026   753
   88     92977.354     1075.5307  /        cl/       0.0051   754
  104     92974.456     1075.5642  /        cl/       0.0051   755
   88     92972.630     1075.5854  /        cl/       0.0051   756
   72     92962.167     1075.7064  /          /       0.0026   757
  111     92940.146     1075.9613  /          /       0.0026   758
   81     92925.044     1076.1362  /          /       0.0026   759
   99     92908.743     1076.3250  /          /       0.0026   760
   72     92875.748     1076.7073  /          /       0.0026   761
   88     92868.654     1076.7896  /          /       0.0026   762
   76     92865.176     1076.8299  /          /       0.0026   763
  102     92859.008     1076.9014  /        **/       0.0033   764
   95     92817.645     1077.3814  /          /       0.0026   765
   88     92811.623     1077.4513  /          /       0.0026   766
   99     92801.343     1077.5706  /          /       0.0026   767
   72     92796.856     1077.6227  /          /       0.0026   768
   79     92786.618     1077.7416  /          /       0.0026   769
  102     92783.170     1077.7817  /          /       0.0026   770
   65     92777.265     1077.8503  /          /       0.0026   771
   72     92767.006     1077.9695  /          /       0.0026   772
   72     92720.020     1078.5157  /          /       0.0026   773
   65     92706.653     1078.6712  /          /       0.0026   774
   88     92677.347     1079.0123  /          /       0.0026   775
  104     92673.454     1079.0577  /        cl/       0.0052   776
  104     92671.741     1079.0776  /        cl/       0.0052   777
   65     92660.875     1079.2041  /          /       0.0058   778
  106     92655.475     1079.2670  /          /       0.0026   779
  111     92639.619     1079.4518  /          /       0.0026   780
   88     92618.523     1079.6976  /          /       0.0026   781
   88     92616.022     1079.7268  /          /       0.0026   782
   88     92599.452     1079.9200  /          /       0.0026   783
   76     92597.189     1079.9464  /          /       0.0026   784
   72     92590.954     1080.0191  /          /       0.0026   785
   95     92583.231     1080.1092  /          /       0.0026   786
  104     92576.633     1080.1862  /          /       0.0026   787
  122     92553.269     1080.4589  /          /       0.0026   788
   72     92545.126     1080.5539  /          /       0.0026   789
   83     92524.310     1080.7970  /          /       0.0026   790
  111     92515.736     1080.8972  /          /       0.0026   791
   81     92489.069     1081.2089  /          /       0.0026   792
   81     92485.458     1081.2511  /          /       0.0026   793
   95     92476.518     1081.3556  /          /       0.0026   794
   76     92457.764     1081.5749  /          /       0.0026   795
   88     92443.186     1081.7455  /          /       0.0026   796
   76     92437.945     1081.8068  /          /       0.0026   797
   88     92417.620     1082.0447  /          /       0.0026   798
   95     92413.720     1082.0904  /          /       0.0026   799
   85     92383.473     1082.4447  /          /       0.0026   800
  104     92361.415     1082.7032  /          /       0.0026   801
   85     92351.180     1082.8232  /          /       0.0026   802
  102     92346.241     1082.8811  /          /       0.0026   803
   88     92336.074     1083.0003  /          /       0.0026   804
   65     92311.859     1083.2844  /          /       0.0026   805
   95     92306.411     1083.3484  /          /       0.0026   806
   88     92302.699     1083.3919  /          /       0.0026   807
   81     92289.460     1083.5474  /        **/       0.0033   808
   72     92276.688     1083.6973  /          /       0.0026   809
   95     92272.421     1083.7474  /          /       0.0026   810
   88     92266.706     1083.8146  /        **/       0.0033   811
  101     92261.549     1083.8751  /          /       0.0026   812
   95     92256.386     1083.9358  /        **/       0.0033   813
   65     92244.924     1084.0705  /          /       0.0026   814
   95     92237.595     1084.1566  /          /       0.0026   815
   84     92233.626     1084.2033  /          /       0.0026   816
   85     92228.648     1084.2618  /        bl/       0.0087   817
  127     92215.454     1084.4169  /          /       0.0026   818
   88     92176.728     1084.8725  /        **/       0.0033   819
   92     92167.920     1084.9762  /          /       0.0026   820
   85     92156.447     1085.1113  /          /       0.0026   821
   88     92145.885     1085.2357  /          /       0.0026   822
   71     92141.918     1085.2824  /          /       0.0026   823
   64     92133.664     1085.3796  /          /       0.0026   824
   64     92129.055     1085.4339  /          /       0.0026   825
   94     92120.912     1085.5299  /          /       0.0026   826
   94     92095.638     1085.8278  /          /       0.0026   827
  101     92088.269     1085.9146  /          /       0.0026   828
   71     92057.343     1086.2795  /          /       0.0026   829
   75     92053.859     1086.3206  /          /       0.0026   830
   71     92048.197     1086.3874  /          /       0.0026   831
   64     92035.401     1086.5384  /          /       0.0026   832
   87     92030.448     1086.5969  /          /       0.0026   833
  101     92021.742     1086.6997  /          /       0.0026   834
   80     91996.954     1086.9925  /          /       0.0026   835
   64     91991.045     1087.0623  /          /       0.0026   836
   78     91982.499     1087.1633  /          /       0.0026   837
   78     91975.054     1087.2513  /          /       0.0026   838
   64     91965.767     1087.3611  /          /       0.0026   839
   71     91961.033     1087.4171  /          /       0.0026   840
   71     91957.102     1087.4636  /          /       0.0026   841
   64     91948.750     1087.5624  /          /       0.0026   842
   78     91945.607     1087.5995  /          /       0.0026   843
  110     91928.324     1087.8040  /          /       0.0026   844
  107     91901.257     1088.1244  /          /       0.0026   845
   87     91887.860     1088.2830  /          /       0.0026   846
   87     91881.964     1088.3529  /          /       0.0026   847
   94     91863.557     1088.5710  /          /       0.0026   848
  126     91856.116     1088.6591  /          /       0.0026   849
   75     91837.561     1088.8791  /          /       0.0026   850
   98     91833.058     1088.9325  /          /       0.0026   851
   64     91813.371     1089.1660  /          /       0.0026   852
   85     91801.124     1089.3113  /        **/       0.0034   853
   91     91788.271     1089.4638  /          /       0.0026   854
   94     91779.269     1089.5707  /          /       0.0026   855
   78     91756.231     1089.8442  /        **/       0.0034   856
   64     91749.822     1089.9204  /          /       0.0026   857
   91     91742.675     1090.0053  /          /       0.0026   858
   87     91712.357     1090.3656  /        **/       0.0034   859
  117     91698.029     1090.5360  /          /       0.0026   860
  103     91690.528     1090.6252  /          /       0.0026   861
   80     91681.041     1090.7381  /          /       0.0026   862
   71     91672.631     1090.8381  /          /       0.0026   863
   71     91669.535     1090.8750  /          /       0.0026   864
   71     91655.142     1091.0463  /          /       0.0026   865
   64     91650.940     1091.0963  /          /       0.0026   866
   71     91634.426     1091.2929  /        **/       0.0060   867
   98     91622.948     1091.4296  /         h/       0.0062   868
  107     91618.996     1091.4767  /          /       0.0026   869
   98     91612.453     1091.5547  /          /       0.0026   870
   64     91602.308     1091.6756  /          /       0.0026   871
   75     91576.537     1091.9828  /          /       0.0026   872
   71     91572.459     1092.0314  /          /       0.0026   873
   94     91549.946     1092.2999  /      cl**/       0.0052   874
   94     91547.830     1092.3252  /      cl**/       0.0052   875
   82     91534.850     1092.4801  /          /       0.0026   876
   71     91530.807     1092.5283  /        **/       0.0060   877
   94     91498.776     1092.9108  /          /       0.0026   878
  105     91475.887     1093.1843  /          /       0.0026   879
  108     91470.180     1093.2525  /          /       0.0026   880
  108     91447.718     1093.5210  /          /       0.0026   881
   64     91441.095     1093.6002  /          /       0.0026   882
   87     91418.526     1093.8702  /          /       0.0026   883
   75     91402.824     1094.0581  /          /       0.0026   884
  108     91386.411     1094.2546  /          /       0.0026   885
   98     91367.150     1094.4853  /          /       0.0026   886
   64     91354.552     1094.6362  /          /       0.0026   887
   91     91343.642     1094.7669  /          /       0.0026   888
   64     91338.249     1094.8316  /          /       0.0026   889
   98     91334.414     1094.8776  /          /       0.0026   890
  108     91330.208     1094.9280  /          /       0.0026   891
   91     91290.655     1095.4024  /          /       0.0026   892
   98     91281.460     1095.5127  /          /       0.0060   893
  105     91275.335     1095.5862  /        **/       0.0034   894
  110     91260.377     1095.7658  /          /       0.0026   895
   98     91252.935     1095.8552  /          /       0.0026   896
  103     91234.231     1096.0798  /        bl/       0.0088   897
  110     91230.782     1096.1213  /          /       0.0026   898
   87     91210.380     1096.3664  /         h/       0.0060   899
   94     91180.098     1096.7306  /        **/       0.0034   900
   64     91161.476     1096.9546  /          /       0.0026   901
  103     91145.442     1097.1476  /          /       0.0026   902
  110     91108.340     1097.5944  /          /       0.0026   903
   64     91077.496     1097.9661  /          /       0.0026   904
   71     91061.139     1098.1633  /          /       0.0026   905
   94     91054.590     1098.2423  /          /       0.0026   906
  101     91050.196     1098.2953  /          /       0.0026   907
   78     91032.796     1098.5052  /          /       0.0026   908
  101     91027.160     1098.5732  /        **/       0.0034   909
   64     91013.832     1098.7341  /          /       0.0026   910
   75     90993.420     1098.9806  /          /       0.0026   911
  101     90988.148     1099.0442  /          /       0.0026   912
   83     90959.686     1099.3881  /          /       0.0026   913
   94     90950.089     1099.5041  /          /       0.0026   914
   77     90942.512     1099.5958  /          /       0.0026   915
  117     90925.369     1099.8031  /          /       0.0026   916
   77     90917.892     1099.8935  /          /       0.0026   917
   77     90876.588     1100.3934  /          /       0.0026   918
   71     90866.293     1100.5181  /          /       0.0026   919
   64     90863.745     1100.5490  /        **/       0.0034   920
  100     90853.251     1100.6761  /          /       0.0026   921
   64     90781.525     1101.5457  /          /       0.0026   922
   64     90771.824     1101.6634  /          /       0.0026   923
  110     90763.797     1101.7609  /          /       0.0026   924
   93     90748.774     1101.9433  /          /       0.0026   925
  116     90711.524     1102.3958  /          /       0.0026   926
   93     90697.899     1102.5614  /          /       0.0026   927
   63     90666.622     1102.9417  /          /       0.0085   928
  123     90658.699     1103.0381  /          /       0.0026   929
   90     90649.211     1103.1536  /          /       0.0026   930
   84     90646.307     1103.1889  /          /       0.0026   931
   79     90632.403     1103.3581  /          /       0.0026   932
   93     90616.112     1103.5565  /         h/       0.0062   933
   86     90611.830     1103.6087  /          /       0.0026   934
  100     90607.298     1103.6639  /          /       0.0026   935
   93     90597.459     1103.7837  /          /       0.0026   936
   70     90565.207     1104.1768  /          /       0.0026   937
   77     90547.421     1104.3937  /          /       0.0026   938
  100     90536.366     1104.5285  /          /       0.0026   939
   86     90520.246     1104.7252  /          /       0.0026   940
  139     90510.248     1104.8473  /          /       0.0026   941
   93     90479.918     1105.2176  /          /       0.0026   942
  107     90465.850     1105.3895  /          /       0.0026   943
   70     90457.186     1105.4954  /          /       0.0026   944
   81     90435.726     1105.7577  /          /       0.0026   945
  116     90418.701     1105.9659  /          /       0.0026   946
   77     90410.747     1106.0632  /          /       0.0026   947
   74     90394.944     1106.2566  /          /       0.0026   948
   97     90390.160     1106.3151  /          /       0.0026   949
   86     90387.734     1106.3448  /        cl/       0.0052   950
   93     90381.106     1106.4259  /          /       0.0026   951
  107     90369.273     1106.5708  /          /       0.0026   952
   74     90353.928     1106.7587  /          /       0.0026   953
   70     90338.204     1106.9514  /          /       0.0026   954
   93     90326.112     1107.0996  /          /       0.0026   955
  109     90290.234     1107.5395  /          /       0.0026   956
   93     90262.110     1107.8846  /        cl/       0.0052   957
  107     90259.604     1107.9153  /        **/       0.0035   958
  100     90252.574     1108.0016  /          /       0.0026   959
   81     90243.066     1108.1184  /          /       0.0026   960
   74     90199.652     1108.6517  /          /       0.0026   961
   93     90194.676     1108.7129  /          /       0.0026   962
  125     90185.873     1108.8211  /          /       0.0026   963
   86     90180.890     1108.8824  /          /       0.0026   964
   93     90170.106     1109.0150  /          /       0.0026   965
  116     90158.284     1109.1604  /          /       0.0026   966
   90     90128.554     1109.5263  /          /       0.0026   967
   79     90105.923     1109.8050  /          /       0.0026   968
   63     90083.110     1110.0860  /          /       0.0026   969
   97     90075.819     1110.1759  /          /       0.0026   970
  116     90047.607     1110.5237  /          /       0.0026   971
   63     90036.640     1110.6589  /          /       0.0026   972
   63     90016.955     1110.9018  /          /       0.0026   973
   63     90005.885     1111.0385  /          /       0.0026   974
   63     89999.226     1111.1207  /          /       0.0026   975
  102     89994.280     1111.1817  /          /       0.0026   976
   74     89978.530     1111.3762  /          /       0.0026   977
   86     89970.238     1111.4787  /          /       0.0026   978
   93     89965.112     1111.5420  /          /       0.0026   979
  109     89952.445     1111.6985  /          /       0.0026   980
  100     89946.526     1111.7717  /          /       0.0026   981
   86     89935.718     1111.9053  /          /       0.0026   982
   79     89923.733     1112.0535  /          /       0.0026   983
   86     89914.692     1112.1653  /          /       0.0026   984
   97     89906.052     1112.2722  /          /       0.0026   985
   63     89895.449     1112.4034  /          /       0.0026   986
   79     89883.424     1112.5522  /          /       0.0026   987
   86     89880.741     1112.5854  /          /       0.0026   988
   86     89849.815     1112.9683  /          /       0.0026   989
   86     89807.471     1113.4931  /          /       0.0026   990
   86     89786.231     1113.7565  /          /       0.0026   991
   93     89747.855     1114.2328  /          /       0.0026   992
   63     89731.253     1114.4389  /          /       0.0026   993
   97     89719.491     1114.5850  /          /       0.0026   994
  104     89692.830     1114.9163  /          /       0.0026   995
   63     89657.469     1115.3560  /          /       0.0026   996
   86     89651.229     1115.4337  /          /       0.0026   997
   97     89639.917     1115.5744  /          /       0.0026   998
   90     89627.535     1115.7286  /          /       0.0026   999
  102     89594.298     1116.1425  /          /       0.0026  1000
   74     89583.886     1116.2722  /          /       0.0026  1001
   97     89574.812     1116.3853  /        **/       0.0035  1002
   74     89564.009     1116.5199  /          /       0.0026  1003
   97     89550.744     1116.6853  /          /       0.0026  1004
   74     89506.841     1117.2330  /          /       0.0026  1005
   80     89485.225     1117.5029  /        **/       0.0035  1006
   86     89460.887     1117.8069  /          /       0.0026  1007
   79     89452.862     1117.9072  /          /       0.0026  1008
   92     89446.994     1117.9806  /          /       0.0026  1009
   83     89443.038     1118.0300  /          /       0.0026  1010
   90     89413.524     1118.3990  /          /       0.0026  1011
   97     89404.525     1118.5116  /          /       0.0026  1012
   76     89387.066     1118.7301  /          /       0.0026  1013
  109     89360.921     1119.0574  /         h/       0.0063  1014
   99     89352.977     1119.1569  /          /       0.0026  1015
   99     89345.986     1119.2445  /          /       0.0026  1016
   85     89327.735     1119.4731  /          /       0.0026  1017
   62     89320.900     1119.5588  /          /       0.0026  1018
   96     89314.438     1119.6398  /        **/       0.0035  1019
   69     89309.582     1119.7007  /          /       0.0026  1020
   62     89264.843     1120.2619  /          /       0.0026  1021
   76     89261.523     1120.3035  /          /       0.0026  1022
   62     89248.471     1120.4674  /          /       0.0026  1023
   69     89239.399     1120.5813  /          /       0.0026  1024
   73     89229.097     1120.7107  /          /       0.0026  1025
   78     89196.286     1121.1229  /          /       0.0026  1026
   73     89169.883     1121.4549  /          /       0.0026  1027
   99     89125.874     1122.0086  /          /       0.0026  1028
   82     89095.681     1122.3889  /          /       0.0026  1029
   73     89062.493     1122.8071  /          /       0.0026  1030
   62     89043.585     1123.0455  /          /       0.0026  1031
   69     89038.757     1123.1064  /          /       0.0026  1032
   73     88995.543     1123.6518  /          /       0.0026  1033
   62     88990.891     1123.7105  /          /       0.0026  1034
   89     88974.021     1123.9236  /          /       0.0026  1035
   62     88966.550     1124.0180  /          /       0.0026  1036
   62     88938.725     1124.3696  /          /       0.0026  1037
   96     88914.877     1124.6712  /          /       0.0026  1038
   62     88860.476     1125.3597  /          /       0.0026  1039
   78     88853.542     1125.4475  /          /       0.0026  1040
   92     88841.446     1125.6008  /          /       0.0026  1041
   92     88831.266     1125.7298  /          /       0.0063  1042
   78     88817.747     1125.9011  /          /       0.0026  1043
   76     88814.675     1125.9401  /          /       0.0026  1044
  119     88799.432     1126.1333  /         h/       0.0063  1045
   73     88787.258     1126.2877  /          /       0.0026  1046
   69     88760.456     1126.6278  /          /       0.0026  1047
   78     88746.333     1126.8071  /          /       0.0026  1048
   69     88728.422     1127.0346  /          /       0.0026  1049
   76     88722.396     1127.1111  /          /       0.0026  1050
   99     88701.906     1127.3715  /          /       0.0026  1051
   62     88594.690     1128.7358  /          /       0.0026  1052
   62     88569.383     1129.0583  /          /       0.0026  1053
   85     88511.963     1129.7908  /          /       0.0026  1054
   73     88504.117     1129.8909  /          /       0.0026  1055
   73     88483.131     1130.1589  /          /       0.0026  1056
   73     88466.789     1130.3677  /          /       0.0026  1057
   62     88444.042     1130.6584  /          /       0.0026  1058
   69     88436.196     1130.7587  /          /       0.0026  1059
   89     88417.893     1130.9928  /          /       0.0026  1060
   83     88394.818     1131.2880  /          /       0.0026  1061
   85     88373.248     1131.5642  /          /       0.0026  1062
   69     88360.790     1131.7237  /          /       0.0026  1063
   62     88340.984     1131.9774  /          /       0.0026  1064
   99     88272.448     1132.8563  /          /       0.0026  1065
   92     88239.720     1133.2765  /          /       0.0026  1066
   96     88223.201     1133.4887  /          /       0.0026  1067
  101     88159.878     1134.3028  /          /       0.0026  1068
   75     88147.147     1134.4667  /          /       0.0026  1069
   82     88124.732     1134.7552  /          /       0.0026  1070
  119     88104.971     1135.0097  /          /       0.0026  1071
   85     88084.466     1135.2740  /          /       0.0026  1072
   61     88054.587     1135.6592  /          /       0.0026  1073
   61     88040.623     1135.8393  /          /       0.0026  1074
   91     88033.460     1135.9317  /          /       0.0026  1075
   75     87990.273     1136.4893  /          /       0.0026  1076
   61     87985.039     1136.5569  /          /       0.0026  1077
   82     87979.166     1136.6327  /          /       0.0026  1078
  101     87972.888     1136.7138  /          /       0.0026  1079
   72     87961.829     1136.8568  /          /       0.0026  1080
   91     87935.139     1137.2018  /          /       0.0026  1081
  107     87895.218     1137.7183  /          /       0.0026  1082
  100     87887.862     1137.8135  /          /       0.0026  1083
   95     87881.906     1137.8907  /          /       0.0026  1084
   68     87855.245     1138.2360  /          /       0.0026  1085
  105     87818.090     1138.7175  /          /       0.0026  1086
   68     87809.678     1138.8266  /          /       0.0026  1087
   72     87799.218     1138.9623  /          /       0.0026  1088
   72     87789.017     1139.0947  /          /       0.0026  1089
   61     87777.025     1139.2503  /          /       0.0026  1090
   84     87742.976     1139.6924  /          /       0.0026  1091
   84     87732.672     1139.8262  /          /       0.0026  1092
   95     87705.494     1140.1794  /          /       0.0026  1093
  114     87687.107     1140.4185  /          /       0.0026  1094
   68     87630.023     1141.1614  /          /       0.0026  1095
   72     87621.971     1141.2663  /          /       0.0026  1096
   61     87609.860     1141.4240  /          /       0.0026  1097
   75     87606.327     1141.4701  /          /       0.0026  1098
   98     87588.480     1141.7027  /          /       0.0026  1099
   91     87581.035     1141.7997  /          /       0.0026  1100
   68     87575.329     1141.8741  /          /       0.0026  1101
   91     87564.429     1142.0162  /          /       0.0026  1102
   91     87512.395     1142.6953  /          /       0.0026  1103
   84     87504.945     1142.7926  /          /       0.0026  1104
   91     87496.336     1142.9050  /          /       0.0026  1105
   68     87487.145     1143.0251  /          /       0.0026  1106
   61     87470.022     1143.2488  /          /       0.0026  1107
  100     87462.470     1143.3475  /          /       0.0026  1108
   68     87424.412     1143.8453  /          /       0.0066  1109
   75     87416.969     1143.9427  /          /       0.0026  1110
   61     87411.525     1144.0139  /          /       0.0026  1111
   84     87356.827     1144.7302  /          /       0.0026  1112
   61     87319.408     1145.2208  /          /       0.0026  1113
   84     87301.063     1145.4614  /          /       0.0026  1114
   75     87269.583     1145.8746  /          /       0.0026  1115
   61     87255.068     1146.0652  /          /       0.0026  1116
   75     87233.251     1146.3519  /          /       0.0026  1117
   61     87213.999     1146.6049  /          /       0.0026  1118
   61     87209.447     1146.6648  /          /       0.0026  1119
   61     87205.138     1146.7214  /          /       0.0026  1120
   77     87097.135     1148.1434  /          /       0.0026  1121
   91     87070.052     1148.5005  /         h/       0.0063  1122
  107     87044.077     1148.8432  /          /       0.0026  1123
   84     87033.323     1148.9852  /          /       0.0026  1124
   77     87018.139     1149.1857  /          /       0.0026  1125
   91     86975.677     1149.7467  /          /       0.0026  1126
   95     86959.391     1149.9621  /          /       0.0026  1127
   91     86916.835     1150.5251  /          /       0.0026  1128
   68     86883.863     1150.9617  /          /       0.0026  1129
   84     86844.736     1151.4803  /          /       0.0026  1130
   84     86840.427     1151.5374  /          /       0.0026  1131
   77     86826.324     1151.7244  /          /       0.0026  1132
   72     86815.362     1151.8699  /          /       0.0026  1133
   67     86810.911     1151.9289  /          /       0.0026  1134
   84     86778.890     1152.3540  /          /       0.0026  1135
   76     86669.882     1153.8033  /          /       0.0026  1136
   60     86647.732     1154.0983  /          /       0.0026  1137
   60     86614.829     1154.5367  /          /       0.0026  1138
   60     86601.788     1154.7106  /          /       0.0026  1139
   67     86532.011     1155.6417  /          /       0.0026  1140
   97     86523.630     1155.7536  /          /       0.0026  1141
   71     86514.287     1155.8785  /          /       0.0026  1142
   87     86473.996     1156.4170  /          /       0.0026  1143
   90     86409.094     1157.2856  /          /       0.0026  1144
   97     86361.851     1157.9187  /          /       0.0026  1145
   67     86357.916     1157.9714  /          /       0.0026  1146
   76     86338.693     1158.2293  /         h/       0.0064  1147
   60     86290.450     1158.8768  /          /       0.0026  1148
   83     86243.806     1159.5036  /          /       0.0026  1149
   90     86219.887     1159.8252  /          /       0.0026  1150
   74     86176.070     1160.4150  /          /       0.0026  1151
   83     86153.142     1160.7238  /          /       0.0026  1152
   71     86145.418     1160.8278  /          /       0.0026  1153
   67     86140.160     1160.8987  /          /       0.0026  1154
   81     86098.016     1161.4669  /          /       0.0026  1155
   79     86092.610     1161.5399  /          /       0.0026  1156
   71     85960.108     1163.3303  /        bl/       0.0090  1157
   74     85924.555     1163.8117  /          /       0.0026  1158
   60     85862.098     1164.6582  /          /       0.0088  1159
   71     85803.997     1165.4469  /          /       0.0068  1160
   83     85704.174     1166.8043  /          /       0.0026  1161
   83     85535.593     1169.1040  /          /       0.0026  1162
   82     85428.903     1170.5640  /          /       0.0026  1163
   73     85390.769     1171.0868  /          /       0.0026  1164
   93     85263.914     1172.8291  /          /       0.0026  1165
   82     85092.200     1175.1958  /          /       0.0026  1166
   59     85076.308     1175.4154  /          /       0.0026  1167
   59     85072.876     1175.4628  /          /       0.0026  1168
   82     85059.809     1175.6434  /          /       0.0026  1169
   75     84993.978     1176.5539  /          /       0.0026  1170
   89     84897.460     1177.8915  /        cl/       0.0052  1171
   75     84895.720     1177.9157  /        cl/       0.0052  1172
   75     84888.420     1178.0170  /          /       0.0026  1173
   96     84879.235     1178.1445  /          /       0.0026  1174
   70     84849.606     1178.5559  /          /       0.0026  1175
   73     84764.144     1179.7441  /          /       0.0026  1176
   73     84760.668     1179.7925  /          /       0.0026  1177
  103     84744.244     1180.0211  /          /       0.0026  1178
   59     84615.656     1181.8144  /          /       0.0027  1179
   66     84612.570     1181.8575  /          /       0.0026  1180
   70     84601.854     1182.0072  /         h/       0.0064  1181
   77     84571.565     1182.4305  /         h/       0.0064  1182
   86     84555.157     1182.6600  /          /       0.0026  1183
   89     84545.193     1182.7994  /          /       0.0026  1184
   59     84528.425     1183.0340  /          /       0.0026  1185
   59     84476.761     1183.7575  /          /       0.0026  1186
   59     84473.647     1183.8011  /          /       0.0026  1187
   59     84401.691     1184.8104  /          /       0.0070  1188
   65     84378.221     1185.1399  /          /       0.0026  1189
   59     84340.695     1185.6673  /          /       0.0026  1190
   65     84233.068     1187.1822  /          /       0.0026  1191
   58     84215.926     1187.4239  /          /       0.0026  1192
   72     84212.258     1187.4756  /          /       0.0026  1193
   85     84203.838     1187.5943  /          /       0.0026  1194
   69     84130.663     1188.6273  /          /       0.0026  1195
   88     84090.972     1189.1883  /          /       0.0026  1196
  104     84030.226     1190.0480  /          /       0.0026  1197
   81     84023.948     1190.1369  /          /       0.0026  1198
  104     83905.925     1191.8110  /          /       0.0026  1199
   85     83888.895     1192.0529  /          /       0.0026  1200
   58     83859.051     1192.4771  /          /       0.0026  1201
   69     83836.329     1192.8003  /          /       0.0026  1202
   88     83729.988     1194.3152  /          /       0.0026  1203
   72     83633.224     1195.6971  /          /       0.0026  1204
   58     83575.800     1196.5186  /          /       0.0026  1205
   81     83549.291     1196.8982  /          /       0.0026  1206
   58     83541.848     1197.0049  /          /       0.0026  1207
   92     83506.607     1197.5100  /          /       0.0026  1208
   97     83500.697     1197.5948  /          /       0.0026  1209
   65     83496.387     1197.6566  /          /       0.0026  1210
   69     83481.235     1197.8740  /          /       0.0026  1211
   95     83444.220     1198.4054  /          /       0.0027  1212
   65     83438.535     1198.4870  /         h/       0.0065  1213
   74     83328.632     1200.0677  /         h/       0.0065  1214
   78     83323.554     1200.1408  /          /       0.0026  1215
   74     83318.787     1200.2095  /        bl/       0.0091  1216
   74     83315.272     1200.2601  /          /       0.0072  1217
   69     83293.951     1200.5674  /          /       0.0027  1218
   58     83272.266     1200.8800  /          /       0.0027  1219
   58     83194.724     1201.9993  /          /       0.0026  1220
   71     83167.681     1202.3901  /          /       0.0026  1221
   74     83162.573     1202.4640  /        bl/       0.0091  1222
   64     83158.972     1202.5161  /          /       0.0026  1223
   57     83133.139     1202.8897  /          /       0.0026  1224
   57     83125.663     1202.9979  /          /       0.0026  1225
   64     83121.370     1203.0601  /         h/       0.0065  1226
   80     83118.125     1203.1070  /         h/       0.0065  1227
   57     83106.969     1203.2685  /          /       0.0026  1228
   64     83094.492     1203.4492  /          /       0.0027  1229
   64     83060.148     1203.9468  /         h/       0.0065  1230
   71     83056.362     1204.0017  /          /       0.0026  1231
   97     83051.014     1204.0792  /          /       0.0026  1232
   71     83021.125     1204.5127  /         h/       0.0065  1233
   87     82987.560     1204.9999  /        bl/       0.0091  1234
   87     82952.328     1205.5117  /         h/       0.0065  1235
   64     82941.067     1205.6754  /         h/       0.0065  1236
   94     82780.523     1208.0136  /        bl/       0.0091  1237
   64     82762.677     1208.2741  /          /       0.0026  1238
   64     82729.614     1208.7570  /        **/       0.0041  1239
   64     82717.165     1208.9389  /         h/       0.0065  1240
   64     82699.860     1209.1919  /          /       0.0026  1241
   87     82639.246     1210.0788  /          /       0.0026  1242
   71     82633.772     1210.1590  /          /       0.0026  1243
   68     82608.590     1210.5279  /          /       0.0027  1244
   68     82568.618     1211.1139  /          /       0.0027  1245
   98     82515.424     1211.8946  /          /       0.0026  1246
   57     82508.348     1211.9986  /          /       0.0026  1247
   64     82504.571     1212.0541  /          /       0.0026  1248
   57     82489.697     1212.2726  /          /       0.0026  1249
   57     82334.068     1214.5641  /          /       0.0074  1250
   64     82236.939     1215.9986  /          /       0.0026  1251
   57     82164.957     1217.0639  /          /       0.0026  1252
   70     82157.833     1217.1694  /          /       0.0026  1253
   68     82137.227     1217.4748  /          /       0.0027  1254
   93     82125.754     1217.6448  /          /       0.0026  1255
   70     82074.590     1218.4039  /          /       0.0026  1256
   63     82065.852     1218.5336  /          /       0.0026  1257
   86     82020.346     1219.2097  /          /       0.0074  1258
   56     82000.769     1219.5008  /          /       0.0026  1259
   63     81968.755     1219.9771  /          /       0.0026  1260
   70     81948.382     1220.2803  /          /       0.0026  1261
   56     81940.352     1220.3999  /          /       0.0027  1262
   56     81821.438     1222.1736  /          /       0.0026  1263
   63     81818.614     1222.2158  /          /       0.0026  1264
   79     81799.676     1222.4987  /          /       0.0026  1265
   56     81762.428     1223.0557  /          /       0.0026  1266
   56     81749.327     1223.2517  /          /       0.0026  1267
   72     81698.227     1224.0168  /          /       0.0026  1268
   63     81428.988     1228.0639  /          /       0.0027  1269
   79     81392.929     1228.6080  /        cl/       0.0053  1270
   86     81319.071     1229.7238  /          /       0.0026  1271
   67     81301.802     1229.9850  /         h/       0.0066  1272
   56     81171.872     1231.9538  /          /       0.0026  1273
   56     81087.349     1233.2380  /          /       0.0026  1274
   56     81065.630     1233.5684  /          /       0.0026  1275
   67     81046.135     1233.8651  /        **/       0.0043  1276
   67     81027.641     1234.1468  /          /       0.0026  1277
   56     81014.453     1234.3477  /          /       0.0026  1278
   67     81002.496     1234.5299  /          /       0.0026  1279
   56     80994.970     1234.6446  /          /       0.0026  1280
   56     80947.754     1235.3647  /          /       0.0026  1281
   85     80932.159     1235.6028  /         h/       0.0066  1282
   55     80867.447     1236.5915  /          /       0.0026  1283
   62     80777.278     1237.9719  /          /       0.0026  1284
   69     80775.144     1238.0046  /          /       0.0027  1285
   75     80680.197     1239.4615  /          /       0.0026  1286
   71     80578.903     1241.0196  /         h/       0.0067  1287
   55     80472.333     1242.6631  /          /       0.0026  1288
   62     80342.921     1244.6647  /          /       0.0026  1289
   71     80287.729     1245.5203  /          /       0.0029  1290
   71     80201.743     1246.8557  /         h/       0.0066  1291
   66     80062.795     1249.0196  /          /       0.0026  1292
   78     79987.999     1250.1875  /          /       0.0026  1293
   85     79978.596     1250.3345  /          /       0.0026  1294
   74     79812.650     1252.9342  /        **/       0.0044  1295
   70     79686.876     1254.9118  /          /       0.0026  1296
   65     79671.159     1255.1593  /          /       0.0027  1297
   54     79651.750     1255.4652  /          /       0.0026  1298
   84     79595.011     1256.3602  /          /       0.0029  1299
   77     79501.856     1257.8323  /         h/       0.0066  1300
   54     79495.453     1257.9336  /          /       0.0095  1301
   61     79447.234     1258.6971  /          /       0.0026  1302
   54     79443.796     1258.7515  /          /       0.0026  1303
   68     79437.177     1258.8564  /         h/       0.0066  1304
   68     79381.202     1259.7441  /          /       0.0027  1305
   84     79302.880     1260.9883  /          /       0.0027  1306
   84     79247.570     1261.8683  /          /       0.0027  1307
   54     79166.691     1263.1575  /          /       0.0026  1308
   84     79159.530     1263.2718  /          /       0.0026  1309
   84     79146.009     1263.4876  /          /       0.0027  1310
   77     79100.262     1264.2183  /          /       0.0026  1311
   70     79029.817     1265.3452  /        **/       0.0080  1312
   84     79009.353     1265.6729  /          /       0.0027  1313
   61     78943.580     1266.7274  /         h/       0.0067  1314
   61     78912.138     1267.2322  /         h/       0.0067  1315
   91     78877.960     1267.7813  /          /       0.0027  1316
   54     78859.321     1268.0809  /          /       0.0027  1317
   60     78813.622     1268.8162  /          /       0.0026  1318
   60     78788.004     1269.2288  /          /       0.0027  1319
   54     78780.979     1269.3419  /          /       0.0026  1320
   54     78771.396     1269.4964  /          /       0.0026  1321
   53     78627.160     1271.8252  /          /       0.0027  1322
   76     78620.587     1271.9315  /         h/       0.0067  1323
   64     78573.979     1272.6860  /          /       0.0027  1324
   53     78565.865     1272.8174  /          /       0.0026  1325
   83     78560.840     1272.8988  /          /       0.0027  1326
   69     78532.433     1273.3593  /          /       0.0027  1327
   83     78435.959     1274.9254  /          /       0.0029  1328
   53     78388.321     1275.7002  /          /       0.0026  1329
   53     78349.905     1276.3257  /          /       0.0027  1330
   60     78332.127     1276.6154  /         h/       0.0067  1331
   60     78319.810     1276.8162  /         h/       0.0067  1332
   53     78312.542     1276.9347  /          /       0.0027  1333
   87     78291.040     1277.2854  /          /       0.0026  1334
   92     78274.667     1277.5525  /         h/       0.0067  1335
   60     78264.069     1277.7255  /          /       0.0026  1336
   64     78223.172     1278.3936  /         h/       0.0067  1337
   76     77880.272     1284.0222  /          /       0.0027  1338
   53     77746.447     1286.2324  /          /       0.0026  1339
   89     77728.512     1286.5292  /         h/       0.0067  1340
  110     77703.959     1286.9357  /          /       0.0027  1341
   59     77655.715     1287.7352  /         h/       0.0067  1342
   59     77579.702     1288.9970  /          /       0.0027  1343
   52     77530.446     1289.8159  /          /       0.0027  1344
   82     77453.031     1291.1051  /        **/       0.0048  1345
   52     77395.731     1292.0609  /          /       0.0029  1346
   63     77372.118     1292.4552  /         h/       0.0067  1347
   68     77334.872     1293.0777  /          /       0.0027  1348
   75     77277.086     1294.0447  /          /       0.0030  1349
   63     77273.656     1294.1021  /          /       0.0027  1350
   59     77252.552     1294.4556  /          /       0.0027  1351
   59     77228.458     1294.8595  /          /       0.0026  1352
   86     77191.892     1295.4728  /          /       0.0027  1353
   63     77051.931     1297.8260  /          /       0.0027  1354
   75     77033.403     1298.1382  /         h/       0.0068  1355
   59     77017.319     1298.4093  /          /       0.0026  1356
   98     77004.258     1298.6295  /          /       0.0026  1357
   89     77000.532     1298.6923  /          /       0.0026  1358
   59     76970.842     1299.1933  /          /       0.0027  1359
   75     76958.159     1299.4074  /          /       0.0027  1360
   86     76934.310     1299.8102  /         h/       0.0068  1361
   63     76905.998     1300.2887  /          /       0.0029  1362
   91     76886.491     1300.6186  /          /       0.0027  1363
   75     76763.788     1302.6976  /          /       0.0027  1364
   63     76752.799     1302.8841  /         h/       0.0068  1365
   63     76748.278     1302.9608  /          /       0.0027  1366
   58     76716.548     1303.4997  /          /       0.0027  1367
   51     76591.790     1305.6230  /          /       0.0028  1368
   51     76583.026     1305.7724  /          /       0.0027  1369
   51     76575.943     1305.8932  /          /       0.0027  1370
   51     76545.175     1306.4181  /          /       0.0027  1371
   81     76498.504     1307.2151  /         h/       0.0068  1372
   58     76438.854     1308.2352  /          /       0.0027  1373
   58     76418.802     1308.5785  /          /       0.0027  1374
   58     76345.679     1309.8318  /         h/       0.0068  1375
   51     76335.757     1310.0021  /          /       0.0027  1376
   58     76317.925     1310.3082  /          /       0.0027  1377
   58     76283.586     1310.8980  /         h/       0.0068  1378
   51     76279.373     1310.9704  /         h/       0.0068  1379
   70     76199.942     1312.3370  /          /       0.0027  1380
   67     76139.640     1313.3763  /         h/       0.0068  1381
   58     76130.317     1313.5372  /          /       0.0026  1382
   74     76127.657     1313.5831  /          /       0.0027  1383
   81     76095.537     1314.1375  /          /       0.0027  1384
   58     76070.264     1314.5741  /          /       0.0030  1385
   51     76011.071     1315.5978  /          /       0.0027  1386
   51     75972.524     1316.2653  /          /       0.0027  1387
   62     75946.252     1316.7207  /          /       0.0027  1388
   51     75769.217     1319.7972  /          /       0.0030  1389
   51     75766.475     1319.8450  /          /       0.0027  1390
   67     75670.395     1321.5208  /          /       0.0027  1391
   50     75621.503     1322.3752  /          /       0.0027  1392
   89     75494.777     1324.5949  /         h/       0.0068  1393
   64     75462.659     1325.1587  /          /       0.0027  1394
   66     75289.288     1328.2102  /          /       0.0027  1395
   84     75275.304     1328.4569  /          /       0.0030  1396
   50     75218.633     1329.4578  /          /       0.0054  1397
   91     75132.131     1330.9885  /          /       0.0027  1398
   50     75103.616     1331.4938  /          /       0.0030  1399
   50     75054.465     1332.3658  /          /       0.0030  1400
   80     74973.486     1333.8049  /         h/       0.0069  1401
   57     74916.831     1334.8135  /          /       0.0027  1402
   73     74907.294     1334.9835  /          /       0.0027  1403
   96     74898.617     1335.1381  /          /       0.0027  1404
   86     74767.985     1337.4708  /         h/       0.0069  1405
   56     74706.553     1338.5707  /         h/       0.0069  1406
   63     74693.024     1338.8131  /          /       0.0027  1407
   95     74501.130     1342.2615  /          /       0.0027  1408
   72     74468.014     1342.8584  /          /       0.0027  1409
   72     74386.742     1344.3256  /          /       0.0027  1410
   65     74365.718     1344.7056  /          /       0.0027  1411
  102     74344.479     1345.0898  /         w/       0.0053  1412
   95     74339.673     1345.1768  /         h/       0.0069  1413
   83     74230.022     1347.1638  /          /       0.0030  1414
   65     74220.836     1347.3306  /          /       0.0027  1415
   72     74210.584     1347.5167  /          /       0.0027  1416
   65     74125.587     1349.0618  /          /       0.0027  1417
   68     74110.397     1349.3383  /          /       0.0027  1418
   68     74094.900     1349.6206  /          /       0.0027  1419
   49     74088.090     1349.7446  /          /       0.0028  1420
   79     74064.446     1350.1755  /          /       0.0027  1421
   72     74055.945     1350.3305  /         h/       0.0069  1422
   49     74024.161     1350.9103  /          /       0.0027  1423
  106     73936.070     1352.5198  /          /       0.0030  1424
  113     73926.141     1352.7015  /          /       0.0027  1425
   55     73910.254     1352.9922  /          /       0.0027  1426
   60     73901.339     1353.1555  /          /       0.0027  1427
   72     73876.764     1353.6056  /         h/       0.0070  1428
   55     73855.288     1353.9992  /          /       0.0028  1429
   55     73810.565     1354.8196  /          /       0.0027  1430
   59     73788.818     1355.2189  /          /       0.0027  1431
   48     73779.641     1355.3875  /          /       0.0027  1432
   55     73726.762     1356.3596  /         h/       0.0070  1433
  101     73719.796     1356.4878  /         h/       0.0070  1434
   55     73624.799     1358.2380  /          /       0.0027  1435
   82     73583.120     1359.0073  /         h/       0.0070  1436
   59     73578.895     1359.0854  /         h/       0.0070  1437
   55     73431.206     1361.8188  /          /       0.0028  1438
   48     73415.124     1362.1172  /          /       0.0027  1439
   78     73401.182     1362.3759  /         h/       0.0070  1440
   85     73396.777     1362.4576  /         h/       0.0070  1441
   55     73366.252     1363.0245  /          /       0.0027  1442
   48     73297.247     1364.3077  /          /       0.0028  1443
   55     73293.064     1364.3856  /          /       0.0027  1444
   48     73278.813     1364.6509  /          /       0.0028  1445
  101     73185.189     1366.3967  /          /       0.0027  1446
   59     73178.407     1366.5233  /          /       0.0030  1447
   59     73165.258     1366.7689  /          /       0.0030  1448
   64     73113.593     1367.7347  /          /       0.0027  1449
   94     73063.867     1368.6656  /         h/       0.0070  1450
   54     72985.733     1370.1308  /          /       0.0030  1451
   75     72967.341     1370.4761  /          /       0.0027  1452
   54     72927.537     1371.2242  /         h/       0.0070  1453
   94     72916.877     1371.4246  /         h/       0.0070  1454
   58     72879.468     1372.1286  /         h/       0.0070  1455
   70     72783.155     1373.9443  /          /       0.0027  1456
   54     72769.432     1374.2034  /          /       0.0027  1457
   77     72747.247     1374.6225  /         h/       0.0070  1458
   47     72682.237     1375.8520  /          /       0.0028  1459
   61     72674.611     1375.9964  /          /       0.0027  1460
   68     72672.500     1376.0363  /          /       0.0027  1461
   74     72633.525     1376.7747  /          /       0.0027  1462
   77     72598.965     1377.4301  /          /       0.0028  1463
   74     72569.197     1377.9951  /          /       0.0031  1464
   47     72548.467     1378.3889  /          /       0.0028  1465
   58     72465.724     1379.9628  /          /       0.0027  1466
   84     72457.941     1380.1110  /         h/       0.0070  1467
   70     72399.971     1381.2160  /          /       0.0030  1468
   93     72387.644     1381.4512  /          /       0.0031  1469
   61     72368.511     1381.8165  /          /       0.0059  1470
   54     72364.626     1381.8906  /          /       0.0027  1471
   47     72356.360     1382.0485  /          /       0.0028  1472
   54     72348.437     1382.1999  /          /       0.0029  1473
   54     72340.177     1382.3577  /          /       0.0027  1474
   54     72274.548     1383.6129  /          /       0.0027  1475
  104     72272.080     1383.6602  /         h/       0.0071  1476
   70     72264.725     1383.8010  /          /       0.0028  1477
   58     72219.303     1384.6714  /          /       0.0030  1478
   63     72178.018     1385.4634  /         h/       0.0071  1479
   58     72141.377     1386.1671  /          /       0.0027  1480
   53     72090.770     1387.1401  /          /       0.0027  1481
   60     72083.902     1387.2723  /          /       0.0027  1482
   83     72057.380     1387.7829  /          /       0.0031  1483
   46     72045.632     1388.0092  /          /       0.0028  1484
   46     72042.244     1388.0745  /          /       0.0030  1485
   53     72024.980     1388.4072  /          /       0.0027  1486
   66     71981.585     1389.2442  /         w/       0.0055  1487
   92     71963.564     1389.5921  /         h/       0.0071  1488
   66     71953.378     1389.7888  /          /       0.0028  1489
   62     71937.588     1390.0939  /          /       0.0027  1490
   53     71926.660     1390.3051  /          /       0.0027  1491
   92     71923.227     1390.3714  /          /       0.0027  1492
   57     71902.806     1390.7663  /          /       0.0027  1493
   46     71819.919     1392.3714  /          /       0.0027  1494
   57     71805.206     1392.6567  /          /       0.0029  1495
   92     71796.476     1392.8260  /          /       0.0030  1496
   92     71764.002     1393.4563  /          /       0.0027  1497
   53     71760.117     1393.5317  /          /       0.0028  1498
   60     71740.685     1393.9092  /          /       0.0027  1499
   76     71737.656     1393.9680  /          /       0.0027  1500
   76     71719.202     1394.3267  /          /       0.0028  1501
   57     71713.419     1394.4392  /          /       0.0027  1502
   53     71708.011     1394.5443  /          /       0.0027  1503
   87     71705.548     1394.5922  /        **/       0.0057  1504
   76     71698.870     1394.7221  /         h/       0.0071  1505
   69     71695.723     1394.7833  /          /       0.0027  1506
   60     71674.298     1395.2003  /         h/       0.0071  1507
   57     71668.148     1395.3200  /          /       0.0027  1508
   67     71664.694     1395.3872  /          /       0.0027  1509
   62     71650.512     1395.6634  /          /       0.0029  1510
   53     71647.305     1395.7259  /          /       0.0027  1511
   76     71621.787     1396.2232  /          /       0.0027  1512
   85     71610.296     1396.4472  /          /       0.0028  1513
   65     71589.831     1396.8464  /          /       0.0027  1514
   62     71570.017     1397.2331  /          /       0.0029  1515
   76     71564.077     1397.3491  /          /       0.0028  1516
   92     71560.182     1397.4252  /         h/       0.0071  1517
   60     71542.308     1397.7743  /          /       0.0027  1518
   53     71534.597     1397.9250  /          /       0.0027  1519
   83     71498.942     1398.6221  /          /       0.0028  1520
   62     71494.998     1398.6993  /          /       0.0027  1521
   83     71488.403     1398.8283  /          /       0.0027  1522
   62     71472.150     1399.1464  /          /       0.0028  1523
   57     71420.420     1400.1598  /          /       0.0030  1524
   65     71410.115     1400.3618  /         h/       0.0071  1525
   65     71406.336     1400.4360  /          /       0.0028  1526
   76     71397.256     1400.6140  /         h/       0.0071  1527
   92     71368.397     1401.1804  /          /       0.0029  1528
   60     71356.732     1401.4095  /          /       0.0029  1529
   57     71338.205     1401.7734  /          /       0.0030  1530
   80     71324.971     1402.0335  /        cl/       0.0055  1531
   92     71324.084     1402.0510  /        cl/       0.0055  1532
   66     71320.373     1402.1239  /          /       0.0031  1533
   66     71303.082     1402.4639  /          /       0.0030  1534
   57     71296.110     1402.6011  /          /       0.0028  1535
   76     71288.744     1402.7460  /          /       0.0027  1536
   82     71280.340     1402.9114  /          /       0.0029  1537
   92     71266.945     1403.1751  /          /       0.0029  1538
   92     71259.884     1403.3141  /          /       0.0028  1539
   86     71245.256     1403.6022  /          /       0.0029  1540
   59     71231.622     1403.8709  /          /       0.0027  1541
  103     71225.875     1403.9841  /          /       0.0027  1542
   75     71219.754     1404.1048  /          /       0.0028  1543
  103     71187.045     1404.7500  /          /       0.0027  1544
   79     71175.543     1404.9770  /          /       0.0027  1545
   45     71169.157     1405.1031  /          /       0.0027  1546
   52     71152.317     1405.4356  /          /       0.0028  1547
   85     71146.704     1405.5465  /          /       0.0031  1548
   72     71119.978     1406.0747  /          /       0.0027  1549
   72     71089.167     1406.6841  /          /       0.0027  1550
   61     71062.408     1407.2138  /          /       0.0069  1551
   68     71059.924     1407.2630  /        cl/       0.0055  1552
   68     71058.652     1407.2882  /        cl/       0.0055  1553
   63     71055.271     1407.3551  /          /       0.0027  1554
   79     71048.802     1407.4833  /         h/       0.0072  1555
   56     71044.194     1407.5746  /          /       0.0028  1556
   75     71034.142     1407.7737  /          /       0.0029  1557
   52     71027.430     1407.9068  /          /       0.0028  1558
   68     71011.395     1408.2247  /          /       0.0029  1559
   56     70995.080     1408.5483  /          /       0.0029  1560
   75     70948.190     1409.4792  /          /       0.0028  1561
   56     70945.194     1409.5387  /          /       0.0029  1562
   61     70936.274     1409.7160  /          /       0.0029  1563
   91     70931.858     1409.8038  /         h/       0.0072  1564
   86     70906.544     1410.3071  /          /       0.0031  1565
   68     70895.472     1410.5273  /        bl/       0.0100  1566
   91     70889.263     1410.6509  /          /       0.0028  1567
   68     70884.506     1410.7455  /          /       0.0030  1568
   52     70862.334     1411.1869  /          /       0.0027  1569
   56     70853.011     1411.3726  /        cl/       0.0054  1570
   68     70851.546     1411.4018  /        cl/       0.0054  1571
   91     70834.799     1411.7355  /         h/       0.0072  1572
   75     70830.544     1411.8203  /          /       0.0031  1573
   75     70825.058     1411.9297  /          /       0.0029  1574
   68     70817.023     1412.0899  /          /       0.0027  1575
   75     70806.351     1412.3027  /          /       0.0029  1576
   56     70796.805     1412.4931  /          /       0.0031  1577
   61     70788.543     1412.6580  /         h/       0.0072  1578
  105     70780.016     1412.8282  /          /       0.0100  1579
   56     70759.738     1413.2330  /         h/       0.0073  1580
   61     70753.340     1413.3608  /          /       0.0028  1581
   68     70737.488     1413.6776  /          /       0.0028  1582
   56     70732.920     1413.7689  /          /       0.0027  1583
   84     70714.366     1414.1398  /          /       0.0029  1584
   52     70709.695     1414.2332  /          /       0.0027  1585
   56     70701.556     1414.3960  /          /       0.0027  1586
  102     70633.482     1415.7592  /          /       0.0027  1587
   45     70627.652     1415.8760  /          /       0.0027  1588
   61     70613.357     1416.1627  /          /       0.0031  1589
   75     70582.806     1416.7756  /          /       0.0030  1590
   75     70567.370     1417.0855  /          /       0.0029  1591
   45     70548.523     1417.4641  /          /       0.0031  1592
   52     70497.998     1418.4800  /          /       0.0028  1593
   64     70473.646     1418.9701  /          /       0.0028  1594
   68     70421.346     1420.0240  /        cl/       0.0054  1595
   84     70419.033     1420.0706  /         h/       0.0073  1596
   61     70405.754     1420.3385  /          /       0.0029  1597
   72     70383.152     1420.7946  /          /       0.0030  1598
   91     70359.696     1421.2682  /          /       0.0031  1599
   44     70349.235     1421.4796  /          /       0.0031  1600
   74     70341.346     1421.6390  /          /       0.0027  1601
   68     70335.952     1421.7480  /          /       0.0027  1602
   55     70319.596     1422.0787  /         h/       0.0074  1603
   67     70296.091     1422.5542  /         h/       0.0072  1604
   67     70287.796     1422.7221  /          /       0.0029  1605
   51     70276.768     1422.9453  /          /       0.0028  1606
   51     70268.664     1423.1095  /         h/       0.0074  1607
   58     70264.680     1423.1901  /         h/       0.0072  1608
   55     70254.853     1423.3892  /          /       0.0029  1609
   60     70241.694     1423.6559  /          /       0.0027  1610
   44     70224.434     1424.0058  /          /       0.0029  1611
   51     70186.420     1424.7770  /          /       0.0061  1612
   90     70122.826     1426.0692  /          /       0.0028  1613
   90     70076.301     1427.0160  /          /       0.0027  1614
   55     70049.657     1427.5587  /          /       0.0031  1615
   74     70042.191     1427.7109  /          /       0.0027  1616
   81     70026.955     1428.0215  /          /       0.0028  1617
   55     69993.466     1428.7048  /          /       0.0027  1618
   44     69948.216     1429.6290  /          /       0.0027  1619
  101     69922.239     1430.1602  /          /       0.0027  1620
   74     69913.910     1430.3305  /          /       0.0031  1621
   60     69903.523     1430.5431  /          /       0.0031  1622
   55     69884.478     1430.9329  /          /       0.0029  1623
   90     69880.418     1431.0160  /          /       0.0027  1624
   81     69875.929     1431.1080  /          /       0.0031  1625
   74     69869.254     1431.2447  /          /       0.0031  1626
   55     69853.880     1431.5597  /          /       0.0031  1627
   60     69846.133     1431.7185  /         w/       0.0059  1628
   60     69831.586     1432.0167  /         h/       0.0073  1629
   60     69784.990     1432.9729  /         h/       0.0073  1630
   74     69737.882     1433.9409  /          /       0.0031  1631
   67     69730.529     1434.0921  /         h/       0.0073  1632
   74     69725.815     1434.1890  /         h/       0.0073  1633
   60     69708.669     1434.5418  /         h/       0.0073  1634
   81     69704.330     1434.6311  /         h/       0.0073  1635
   81     69693.857     1434.8467  /          /       0.0029  1636
   67     69639.099     1435.9749  /          /       0.0031  1637
   63     69569.717     1437.4070  /          /       0.0027  1638
   44     69547.184     1437.8727  /          /       0.0029  1639
   83     69539.137     1438.0391  /         h/       0.0073  1640
   73     69515.214     1438.5340  /         h/       0.0073  1641
   60     69506.233     1438.7199  /          /       0.0028  1642
   54     69503.917     1438.7678  /          /       0.0028  1643
   50     69496.196     1438.9277  /          /       0.0029  1644
   66     69472.130     1439.4261  /         h/       0.0074  1645
   89     69466.332     1439.5463  /          /       0.0029  1646
   77     69448.051     1439.9252  /          /       0.0029  1647
   59     69433.348     1440.2301  /          /       0.0031  1648
   66     69409.016     1440.7350  /         h/       0.0073  1649
   43     69403.677     1440.8458  /         h/       0.0073  1650
   73     69398.670     1440.9498  /         h/       0.0073  1651
   73     69377.699     1441.3854  /          /       0.0031  1652
   63     69361.017     1441.7320  /          /       0.0027  1653
   63     69344.033     1442.0851  /          /       0.0031  1654
   66     69334.112     1442.2915  /          /       0.0027  1655
   59     69311.987     1442.7519  /         h/       0.0073  1656
   54     69306.467     1442.8668  /         h/       0.0073  1657
   43     69299.719     1443.0073  /          /       0.0029  1658
  103     69277.409     1443.4720  /          /       0.0027  1659
   50     69268.307     1443.6617  /         h/       0.0073  1660
   73     69247.100     1444.1038  /          /       0.0031  1661
   50     69236.012     1444.3351  /          /       0.0028  1662
   82     69225.483     1444.5547  /         h/       0.0074  1663
   54     69202.482     1445.0349  /         h/       0.0073  1664
   50     69190.700     1445.2809  /          /       0.0027  1665
  100     69179.297     1445.5192  /          /       0.0028  1666
   57     69172.418     1445.6629  /          /       0.0029  1667
   82     69164.972     1445.8186  /         h/       0.0075  1668
   43     69138.935     1446.3630  /          /       0.0027  1669
   54     69094.003     1447.3036  /          /       0.0032  1670
   89     69079.000     1447.6179  /          /       0.0027  1671
   57     69062.400     1447.9659  /          /       0.0035  1672
   89     69052.521     1448.1731  /          /       0.0031  1673
   66     69035.698     1448.5259  /         h/       0.0073  1674
   59     69021.868     1448.8162  /          /       0.0028  1675
   66     68954.005     1450.2421  /         h/       0.0073  1676
   57     68946.230     1450.4056  /          /       0.0035  1677
   50     68941.606     1450.5029  /          /       0.0029  1678
   57     68919.920     1450.9593  /         h/       0.0073  1679
   77     68908.851     1451.1924  /          /       0.0031  1680
  100     68901.223     1451.3530  /         h/       0.0075  1681
   89     68881.117     1451.7767  /          /       0.0030  1682
   63     68870.157     1452.0077  /         h/       0.0076  1683
  103     68853.785     1452.3530  /          /       0.0027  1684
   43     68847.789     1452.4795  /          /       0.0027  1685
   43     68843.540     1452.5691  /          /       0.0029  1686
   80     68828.615     1452.8841  /          /       0.0032  1687
   89     68822.427     1453.0147  /         h/       0.0073  1688
   73     68818.700     1453.0934  /         h/       0.0074  1689
   77     68803.835     1453.4074  /          /       0.0029  1690
   70     68797.466     1453.5419  /          /       0.0027  1691
   62     68789.760     1453.7047  /          /       0.0031  1692
   59     68778.950     1453.9332  /          /       0.0031  1693
   79     68774.368     1454.0301  /          /       0.0028  1694
   72     68763.550     1454.2588  /          /       0.0030  1695
   59     68747.267     1454.6033  /          /       0.0029  1696
   59     68739.120     1454.7757  /          /       0.0027  1697
   56     68736.407     1454.8331  /          /       0.0027  1698
  102     68730.889     1454.9499  /        bl/       0.0102  1699
   76     68700.827     1455.5866  /          /       0.0031  1700
   49     68654.247     1456.5741  /          /       0.0028  1701
   42     68646.403     1456.7406  /          /       0.0029  1702
   42     68644.171     1456.7879  /          /       0.0027  1703
   79     68636.545     1456.9498  /          /       0.0027  1704
   58     68622.039     1457.2578  /          /       0.0027  1705
   53     68617.332     1457.3577  /         h/       0.0074  1706
   56     68613.750     1457.4338  /         h/       0.0074  1707
   76     68610.030     1457.5128  /          /       0.0030  1708
   65     68597.263     1457.7841  /          /       0.0032  1709
   49     68592.142     1457.8929  /          /       0.0028  1710
   88     68580.951     1458.1308  /          /       0.0027  1711
   65     68577.569     1458.2028  /          /       0.0028  1712
   76     68558.236     1458.6140  /         h/       0.0074  1713
   49     68554.396     1458.6957  /          /       0.0031  1714
   63     68550.805     1458.7721  /          /       0.0027  1715
   42     68538.497     1459.0340  /          /       0.0027  1716
   49     68527.940     1459.2588  /         h/       0.0074  1717
   88     68524.138     1459.3398  /          /       0.0027  1718
   53     68521.010     1459.4064  /          /       0.0030  1719
   79     68508.293     1459.6773  /          /       0.0032  1720
   79     68490.763     1460.0509  /          /       0.0027  1721
   42     68482.652     1460.2238  /          /       0.0027  1722
   49     68472.372     1460.4431  /          /       0.0029  1723
   49     68463.471     1460.6329  /          /       0.0027  1724
   49     68436.007     1461.2191  /          /       0.0027  1725
   56     68427.260     1461.4059  /          /       0.0027  1726
   42     68422.631     1461.5047  /          /       0.0027  1727
   88     68417.692     1461.6103  /         h/       0.0076  1728
   42     68398.611     1462.0180  /          /       0.0032  1729
   81     68392.320     1462.1525  /          /       0.0032  1730
   72     68372.055     1462.5858  /          /       0.0027  1731
   76     68366.951     1462.6950  /          /       0.0032  1732
  102     68341.772     1463.2339  /          /       0.0027  1733
   95     68337.507     1463.3253  /          /       0.0031  1734
  102     68326.781     1463.5550  /          /       0.0027  1735
   65     68317.358     1463.7568  /          /       0.0028  1736
   88     68314.140     1463.8258  /          /       0.0027  1737
   79     68305.363     1464.0139  /          /       0.0027  1738
   42     68287.303     1464.4011  /          /       0.0027  1739
   83     68282.557     1464.5029  /         w/       0.0061  1740
   58     68271.353     1464.7432  /        bl/       0.0101  1741
   53     68266.189     1464.8540  /          /       0.0027  1742
   95     68258.365     1465.0219  /          /       0.0027  1743
   95     68253.551     1465.1252  /          /       0.0028  1744
   49     68249.260     1465.2174  /          /       0.0029  1745
   49     68217.479     1465.9000  /          /       0.0027  1746
   42     68213.661     1465.9820  /          /       0.0109  1747
   42     68212.270     1466.0119  /          /       0.0027  1748
   42     68197.891     1466.3210  /          /       0.0027  1749
   49     68167.638     1466.9718  /          /       0.0027  1750
   65     68162.499     1467.0824  /         h/       0.0074  1751
   61     68159.177     1467.1539  /          /       0.0028  1752
   53     68154.801     1467.2481  /          /       0.0027  1753
   56     68147.445     1467.4064  /          /       0.0031  1754
   65     68138.650     1467.5959  /          /       0.0028  1755
   53     68136.277     1467.6470  /          /       0.0027  1756
   88     68133.866     1467.6989  /         h/       0.0074  1757
   72     68109.423     1468.2256  /          /       0.0031  1758
   95     68101.341     1468.3999  /          /       0.0032  1759
   58     68093.235     1468.5747  /         w/       0.0061  1760
   65     68083.728     1468.7797  /          /       0.0027  1761
   83     68078.028     1468.9027  /          /       0.0027  1762
   53     68056.380     1469.3700  /          /       0.0027  1763
   61     68049.890     1469.5101  /          /       0.0028  1764
   49     68043.284     1469.6528  /          /       0.0030  1765
   49     68032.431     1469.8872  /          /       0.0028  1766
   53     68025.400     1470.0391  /         w/       0.0063  1767
   72     68014.853     1470.2671  /        bl/       0.0102  1768
   65     68012.177     1470.3249  /          /       0.0027  1769
   85     67989.942     1470.8058  /          /       0.0027  1770
   53     67985.174     1470.9089  /          /       0.0027  1771
   58     67969.266     1471.2532  /          /       0.0030  1772
   53     67957.023     1471.5183  /          /       0.0032  1773
   76     67945.332     1471.7715  /          /       0.0031  1774
   52     67939.584     1471.8960  /          /       0.0027  1775
   48     67930.040     1472.1028  /          /       0.0027  1776
   41     67928.184     1472.1430  /          /       0.0027  1777
   71     67919.415     1472.3331  /          /       0.0028  1778
   41     67913.710     1472.4567  /          /       0.0028  1779
   41     67888.854     1472.9958  /          /       0.0027  1780
   48     67881.496     1473.1555  /          /       0.0032  1781
   48     67871.835     1473.3652  /          /       0.0028  1782
   55     67855.427     1473.7215  /         h/       0.0075  1783
   94     67850.946     1473.8188  /         w/       0.0061  1784
   87     67841.966     1474.0139  /          /       0.0027  1785
   80     67838.243     1474.0948  /          /       0.0027  1786
   94     67777.634     1475.4130  /          /       0.0027  1787
   71     67773.188     1475.5098  /         h/       0.0074  1788
   64     67770.482     1475.5687  /          /       0.0030  1789
   64     67764.355     1475.7021  /          /       0.0028  1790
   55     67759.691     1475.8037  /          /       0.0028  1791
   94     67737.884     1476.2788  /          /       0.0030  1792
   64     67726.914     1476.5179  /          /       0.0027  1793
   48     67724.620     1476.5679  /          /       0.0027  1794
   75     67711.918     1476.8449  /          /       0.0027  1795
   61     67702.578     1477.0486  /          /       0.0030  1796
   68     67699.723     1477.1109  /          /       0.0027  1797
   52     67681.495     1477.5087  /          /       0.0028  1798
   59     67679.108     1477.5608  /          /       0.0027  1799
   62     67674.961     1477.6514  /          /       0.0028  1800
   71     67660.005     1477.9780  /        bl/       0.0102  1801
   71     67656.715     1478.0499  /          /       0.0027  1802
   87     67653.442     1478.1214  /          /       0.0032  1803
   64     67647.332     1478.2549  /          /       0.0028  1804
   71     67644.057     1478.3265  /          /       0.0030  1805
   64     67638.939     1478.4383  /          /       0.0030  1806
   71     67634.556     1478.5341  /          /       0.0031  1807
   62     67632.692     1478.5749  /          /       0.0029  1808
   52     67630.765     1478.6170  /          /       0.0032  1809
   57     67620.847     1478.8339  /          /       0.0032  1810
   48     67614.348     1478.9760  /          /       0.0027  1811
   71     67609.362     1479.0851  /          /       0.0027  1812
   64     67607.016     1479.1364  /          /       0.0029  1813
   48     67599.448     1479.3020  /          /       0.0027  1814
   64     67588.084     1479.5507  /        bl/       0.0102  1815
   71     67581.366     1479.6978  /          /       0.0029  1816
   48     67574.410     1479.8501  /          /       0.0029  1817
   78     67572.605     1479.8897  /          /       0.0029  1818
   64     67569.625     1479.9549  /          /       0.0027  1819
   64     67563.404     1480.0912  /         h/       0.0154  1820
   48     67543.302     1480.5317  /          /       0.0032  1821
   52     67523.925     1480.9566  /          /       0.0028  1822
   78     67520.276     1481.0366  /          /       0.0028  1823
   57     67516.246     1481.1250  /          /       0.0027  1824
   57     67513.053     1481.1950  /          /       0.0027  1825
   60     67500.315     1481.4746  /          /       0.0029  1826
   41     67494.116     1481.6106  /          /       0.0028  1827
   52     67489.764     1481.7062  /          /       0.0028  1828
   64     67470.608     1482.1269  /          /       0.0029  1829
   71     67457.279     1482.4197  /          /       0.0029  1830
   41     67451.349     1482.5500  /          /       0.0027  1831
   64     67449.649     1482.5874  /          /       0.0029  1832
   52     67446.337     1482.6602  /          /       0.0032  1833
   64     67412.801     1483.3978  /          /       0.0032  1834
   62     67409.353     1483.4737  /          /       0.0028  1835
   57     67407.756     1483.5088  /          /       0.0032  1836
   64     67403.589     1483.6005  /          /       0.0028  1837
   60     67393.382     1483.8252  /          /       0.0028  1838
   52     67383.315     1484.0469  /          /       0.0028  1839
   52     67375.815     1484.2121  /          /       0.0029  1840
   98     67372.216     1484.2914  /         w/       0.0064  1841
   80     67355.278     1484.6646  /          /       0.0028  1842
   71     67343.127     1484.9325  /          /       0.0029  1843
   94     67320.716     1485.4269  /          /       0.0027  1844
   57     67270.167     1486.5431  /          /       0.0030  1845
   71     67266.143     1486.6320  /         h/       0.0075  1846
   41     67257.263     1486.8283  /          /       0.0029  1847
   87     67243.216     1487.1389  /         h/       0.0075  1848
   68     67223.979     1487.5644  /          /       0.0028  1849
   61     67216.762     1487.7241  /          /       0.0028  1850
   71     67211.309     1487.8448  /          /       0.0027  1851
   75     67200.847     1488.0765  /          /       0.0032  1852
   41     67195.029     1488.2053  /          /       0.0111  1853
   87     67159.806     1488.9858  /         h/       0.0075  1854
   63     67155.795     1489.0748  /         h/       0.0075  1855
   54     67150.644     1489.1890  /         h/       0.0075  1856
   77     67144.655     1489.3218  /          /       0.0029  1857
   93     67133.518     1489.5689  /          /       0.0027  1858
   51     67128.020     1489.6909  /          /       0.0027  1859
   80     67116.842     1489.9390  /         h/       0.0075  1860
   51     67113.470     1490.0139  /         h/       0.0075  1861
   47     67094.554     1490.4339  /          /       0.0028  1862
   80     67091.800     1490.4951  /          /       0.0030  1863
   60     67074.909     1490.8705  /          /       0.0028  1864
   63     67036.907     1491.7156  /         h/       0.0075  1865
   51     67031.732     1491.8308  /          /       0.0032  1866
   86     67008.102     1492.3568  /         w/       0.0064  1867
   81     66984.830     1492.8753  /          /       0.0030  1868
   54     66981.378     1492.9523  /          /       0.0032  1869
   56     66952.760     1493.5904  /          /       0.0028  1870
   63     66948.030     1493.6959  /        cl/       0.0055  1871
   54     66946.694     1493.7257  /        cl/       0.0055  1872
   77     66925.354     1494.2020  /         w/       0.0063  1873
   63     66900.914     1494.7479  /          /       0.0028  1874
   70     66892.048     1494.9460  /         h/       0.0075  1875
   47     66887.441     1495.0490  /         h/       0.0075  1876
   93     66879.708     1495.2218  /          /       0.0027  1877
   60     66867.149     1495.5027  /          /       0.0032  1878
   74     66865.182     1495.5467  /          /       0.0030  1879
   93     66844.887     1496.0007  /          /       0.0027  1880
   70     66833.846     1496.2479  /          /       0.0028  1881
   61     66807.719     1496.8330  /          /       0.0029  1882
   59     66805.535     1496.8820  /          /       0.0027  1883
   51     66784.495     1497.3535  /          /       0.0033  1884
   40     66767.828     1497.7273  /          /       0.0030  1885
   40     66736.759     1498.4246  /          /       0.0032  1886
   54     66730.458     1498.5661  /          /       0.0029  1887
   47     66706.080     1499.1137  /          /       0.0027  1888
   51     66684.977     1499.5881  /         h/       0.0075  1889
   79     66677.778     1499.7500  /         w/       0.0065  1890
   79     66662.997     1500.0826  /          /       0.0029  1891
   70     66646.797     1500.4472  /         h/       0.0075  1892
   63     66636.526     1500.6785  /          /       0.0036  1893
   51     66626.839     1500.8967  /         w/       0.0066  1894
   70     66619.729     1501.0568  /          /       0.0029  1895
   63     66592.076     1501.6802  /          /       0.0028  1896
   63     66564.284     1502.3071  /          /       0.0027  1897
   51     66558.465     1502.4385  /          /       0.0028  1898
   63     66547.430     1502.6876  /          /       0.0030  1899
   47     66542.038     1502.8094  /          /       0.0027  1900
   63     66534.988     1502.9686  /          /       0.0032  1901
   86     66514.883     1503.4229  /        cl/       0.0055  1902
   70     66506.706     1503.6078  /          /       0.0032  1903
   60     66485.383     1504.0900  /          /       0.0030  1904
   40     66477.495     1504.2685  /          /       0.0030  1905
   99     66472.288     1504.3863  /        bl/       0.0105  1906
   46     66460.077     1504.6627  /          /       0.0028  1907
   99     66455.632     1504.7634  /         w/       0.0064  1908
   74     66454.637     1504.7859  /          /       0.0029  1909
   69     66430.569     1505.3311  /         h/       0.0076  1910
   56     66426.838     1505.4156  /          /       0.0033  1911
   97     66416.220     1505.6563  /          /       0.0027  1912
   50     66410.964     1505.7755  /          /       0.0032  1913
   46     66382.226     1506.4273  /          /       0.0027  1914
   39     66365.474     1506.8076  /          /       0.0028  1915
   50     66362.952     1506.8649  /          /       0.0028  1916
   69     66309.639     1508.0764  /         h/       0.0076  1917
   50     66298.706     1508.3251  /          /       0.0031  1918
   59     66275.173     1508.8606  /         w/       0.0066  1919
   46     66262.141     1509.1574  /        cl/       0.0114  1920
   78     66244.144     1509.5674  /         h/       0.0076  1921
   53     66225.632     1509.9894  /          /       0.0027  1922
   62     66194.691     1510.6952  /         h/       0.0076  1923
   53     66169.219     1511.2767  /          /       0.0029  1924
   62     66138.022     1511.9896  /          /       0.0030  1925
   85     66128.705     1512.2026  /         w/       0.0066  1926
   39     66109.605     1512.6395  /          /       0.0030  1927
   39     66107.786     1512.6811  /          /       0.0029  1928
   55     66070.660     1513.5311  /         w/       0.0066  1929
   55     66067.539     1513.6026  /          /       0.0029  1930
   62     66061.187     1513.7482  /         h/       0.0076  1931
   78     66011.119     1514.8963  /        bl/       0.0106  1932
   66     65976.220     1515.6976  /          /       0.0030  1933
   39     65947.046     1516.3681  /          /       0.0028  1934
   76     65939.641     1516.5384  /         w/       0.0066  1935
   55     65930.187     1516.7559  /          /       0.0029  1936
   85     65904.673     1517.3431  /         h/       0.0076  1937
   62     65900.347     1517.4427  /          /       0.0030  1938
   69     65892.470     1517.6241  /         h/       0.0076  1939
   76     65869.896     1518.1442  /         h/       0.0076  1940
   39     65866.865     1518.2141  /          /       0.0028  1941
   39     65859.664     1518.3801  /          /       0.0030  1942
   46     65851.630     1518.5653  /          /       0.0028  1943
   46     65847.607     1518.6581  /          /       0.0028  1944
   53     65834.153     1518.9684  /         h/       0.0076  1945
   85     65821.755     1519.2545  /          /       0.0030  1946
   50     65788.193     1520.0296  /          /       0.0032  1947
   39     65783.778     1520.1316  /          /       0.0029  1948
   62     65735.948     1521.2377  /          /       0.0029  1949
   50     65728.103     1521.4192  /          /       0.0028  1950
   85     65692.385     1522.2465  /         h/       0.0079  1951
   45     65682.145     1522.4838  /         h/       0.0078  1952
   75     65365.925     1529.8491  /          /       0.0029  1953
   91     65309.578     1531.1690  /          /       0.0028  1954
   74     63721.085     1569.3393  /          /       0.0034  1955
   97     63556.911     1573.3930  /         h/       0.0081  1956
   74     63499.196     1574.8231  /          /       0.0028  1957
   74     63297.233     1579.8479  /          /       0.0033  1958
   85     63286.968     1580.1041  /          /       0.0029  1959
   81     62910.851     1589.5509  /          /       0.0028  1960
   97     62712.854     1594.5694  /          /       0.0029  1961
   73     62314.453     1604.7641  /          /       0.0028  1962
  119     62042.168     1611.8070  /        cl/       0.0056  1963
   80     61938.796     1614.4970  /          /       0.0079  1964
  119     61681.077     1621.2428  /          /       0.0107  1965
   73     61628.811     1622.6177  /          /       0.0032  1966
   73     61539.459     1624.9737  /          /       0.0034  1967
  126     61446.768     1627.4249  /         h/       0.0084  1968
   89     61344.044     1630.1501  /         h/       0.0083  1969
   72     60788.760     1645.0410  /          /       0.0028  1970
   83     60677.160     1648.0666  /          /       0.0029  1971
  132     60636.006     1649.1851  /         w/       0.0077  1972
   79     60483.319     1653.3484  /          /       0.0030  1973
   83     60452.901     1654.1803  /          /       0.0029  1974
   79     60342.533     1657.2059  /          /       0.0029  1975
   83     60205.749     1660.9709  /          /       0.0139  1976
   72     60109.259     1663.6372  /          /       0.0097  1977
   93     60055.664     1665.1219  /          /       0.0032  1978
   72     60019.871     1666.1149  /          /       0.0031  1979
   91     60017.173     1666.1898  /          /       0.0029  1980
   86     59959.592     1667.7899  /          /       0.0031  1981
  102     59829.478     1671.4169  /          /       0.0141  1982
   85     59776.200     1672.9066  /          /       0.0031  1983
   71     59749.433     1673.6560  /          /       0.0029  1984
   85     59734.474     1674.0752  /         h/       0.0086  1985
   82     59653.208     1676.3558  /          /       0.0029  1986
  105     59634.345     1676.8860  /          /       0.0143  1987
  101     59619.613     1677.3004  /         h/       0.0085  1988
   71     59528.590     1679.8651  /          /       0.0029  1989
   92     59494.241     1680.8350  /          /       0.0030  1990
   71     59486.232     1681.0613  /         h/       0.0089  1991
   87     59386.613     1683.8812  /          /       0.0032  1992
   71     59362.053     1684.5779  /          /       0.0032  1993
   78     59346.349     1685.0236  /          /       0.0087  1994
   71     59315.531     1685.8991  /          /       0.0030  1995
   71     59274.080     1687.0781  /          /       0.0029  1996
   78     59178.808     1689.7941  /          /       0.0029  1997
   94     59111.687     1691.7128  /          /       0.0087  1998
  105     59075.262     1692.7559  /          /       0.0032  1999
  117     59013.172     1694.5369  /          /       0.0059  2000
   71     59000.977     1694.8872  /          /       0.0031  2001
   98     58959.706     1696.0736  /          /       0.0029  2002
   82     58908.309     1697.5534  /          /       0.0029  2003
   94     58869.017     1698.6864  /          /       0.0029  2004
   82     58843.869     1699.4124  /          /       0.0034  2005
   71     58819.323     1700.1216  /          /       0.0031  2006
  101     58790.702     1700.9492  /          /       0.0033  2007
   71     58745.340     1702.2627  /          /       0.0031  2008
  110     58626.609     1705.7101  /         h/       0.0088  2009
   94     58591.287     1706.7384  /          /       0.0031  2010
   71     58564.789     1707.5106  /          /       0.0029  2011
   87     58501.004     1709.3724  /         h/       0.0086  2012
   77     58474.887     1710.1358  /          /       0.0030  2013
   77     58431.562     1711.4038  /         h/       0.0087  2014
   70     58409.384     1712.0537  /          /       0.0033  2015
   70     58398.379     1712.3763  /          /       0.0029  2016
  111     58382.220     1712.8502  /         h/       0.0089  2017
   84     58372.269     1713.1423  /          /       0.0029  2018
   86     58293.201     1715.4659  /          /       0.0031  2019
   70     58236.031     1717.1500  /          /       0.0033  2020
  126     58214.972     1717.7712  /          /       0.0149  2021
   84     58141.685     1719.9364  /          /       0.0030  2022
   77     58138.592     1720.0279  /          /       0.0030  2023
   86     58102.936     1721.0834  /         h/       0.0209  2024
   70     58089.949     1721.4682  /          /       0.0029  2025
   70     58078.920     1721.7951  /          /       0.0029  2026
   97     58071.747     1722.0078  /          /       0.0030  2027
   77     58048.804     1722.6884  /          /       0.0029  2028
   93     58016.847     1723.6373  /          /       0.0030  2029
   70     58000.894     1724.1113  /          /       0.0029  2030
   81     57953.042     1725.5350  /        bl/       0.0151  2031
   70     57897.570     1727.1882  /          /       0.0031  2032
   70     57894.601     1727.2768  /          /       0.0029  2033
   70     57860.363     1728.2989  /          /       0.0030  2034
   81     57813.687     1729.6942  /          /       0.0034  2035
   77     57755.478     1731.4375  /          /       0.0030  2036
   77     57752.674     1731.5216  /          /       0.0031  2037
  100     57724.137     1732.3776  /          /       0.0033  2038
   77     57669.630     1734.0149  /          /       0.0034  2039
   70     57612.023     1735.7488  /          /       0.0152  2040
   84     57610.416     1735.7972  /          /       0.0032  2041
  123     57582.403     1736.6417  /          /       0.0151  2042
   86     57579.055     1736.7426  /          /       0.0029  2043
   93     57570.672     1736.9955  /          /       0.0038  2044
   86     57538.288     1737.9732  /         h/       0.0091  2045
  104     57505.464     1738.9652  /          /       0.0032  2046
  123     57476.617     1739.8380  /          /       0.0034  2047
   70     57469.526     1740.0526  /          /       0.0034  2048
   70     57455.875     1740.4661  /          /       0.0030  2049
   70     57419.769     1741.5605  /          /       0.0031  2050
   93     57403.057     1742.0675  /          /       0.0032  2051
   77     57386.520     1742.5695  /          /       0.0029  2052
  130     57360.019     1743.3746  /          /       0.0033  2053
   70     57347.551     1743.7536  /          /       0.0029  2054
   81     57341.067     1743.9508  /          /       0.0034  2055
   83     57320.828     1744.5666  /          /       0.0029  2056
   77     57295.941     1745.3243  /          /       0.0030  2057
   93     57291.075     1745.4726  /         h/       0.0090  2058
   81     57277.850     1745.8756  /          /       0.0030  2059
   70     57266.359     1746.2259  /          /       0.0037  2060
  116     57210.014     1747.9457  /          /       0.0034  2061
   86     57197.492     1748.3284  /          /       0.0031  2062
   76     57170.610     1749.1505  /          /       0.0032  2063
   86     57127.853     1750.4596  /        cl/       0.0058  2064
   86     57127.068     1750.4837  /        cl/       0.0058  2065
   92     57035.477     1753.2947  /          /       0.0029  2066
  122     56993.593     1754.5832  /          /       0.0155  2067
   92     56982.356     1754.9292  /         h/       0.0091  2068
   83     56965.687     1755.4427  /          /       0.0031  2069
   99     56963.078     1755.5231  /          /       0.0031  2070
   89     56876.519     1758.1948  /          /       0.0032  2071
   69     56873.897     1758.2759  /          /       0.0035  2072
   85     56871.544     1758.3486  /          /       0.0029  2073
   92     56841.537     1759.2768  /        cl/       0.0061  2074
  103     56840.303     1759.3150  /          /       0.0032  2075
   69     56820.969     1759.9137  /          /       0.0112  2076
   92     56801.226     1760.5254  /         h/       0.0093  2077
   92     56790.497     1760.8580  /          /       0.0031  2078
   76     56784.302     1761.0501  /          /       0.0031  2079
   99     56764.460     1761.6657  /          /       0.0029  2080
   89     56732.393     1762.6614  /          /       0.0031  2081
   69     56721.309     1763.0059  /          /       0.0030  2082
   99     56717.649     1763.1196  /          /       0.0029  2083
   92     56661.329     1764.8721  /         h/       0.0092  2084
   83     56654.301     1765.0911  /          /       0.0031  2085
   69     56647.697     1765.2968  /          /       0.0031  2086
   76     56640.138     1765.5324  /          /       0.0158  2087
   80     56611.371     1766.4296  /          /       0.0030  2088
   85     56557.451     1768.1136  /          /       0.0030  2089
   92     56545.843     1768.4766  /          /       0.0029  2090
   88     56541.393     1768.6158  /          /       0.0029  2091
   99     56527.088     1769.0634  /          /       0.0030  2092
  115     56516.682     1769.3891  /          /       0.0095  2093
   83     56454.831     1771.3276  /          /       0.0031  2094
   92     56449.954     1771.4806  /          /       0.0029  2095
   96     56447.976     1771.5427  /          /       0.0029  2096
   69     56443.675     1771.6777  /          /       0.0029  2097
   83     56434.815     1771.9558  /          /       0.0029  2098
   80     56429.345     1772.1276  /          /       0.0040  2099
   69     56421.228     1772.3826  /          /       0.0037  2100
   88     56400.916     1773.0208  /          /       0.0029  2101
   69     56361.626     1774.2568  /          /       0.0031  2102
   85     56354.262     1774.4887  /          /       0.0029  2103
   96     56290.390     1776.5022  /         h/       0.0092  2104
   99     56278.694     1776.8714  /          /       0.0031  2105
   76     56260.596     1777.4429  /          /       0.0030  2106
   83     56252.236     1777.7071  /          /       0.0030  2107
   69     56229.902     1778.4132  /          /       0.0031  2108
   69     56220.059     1778.7246  /          /       0.0034  2109
   76     56210.834     1779.0165  /          /       0.0032  2110
   83     56197.105     1779.4511  /          /       0.0034  2111
   92     56173.470     1780.1998  /          /       0.0038  2112
   85     56161.181     1780.5893  /          /       0.0030  2113
   92     56149.870     1780.9480  /        bl/       0.0122  2114
   69     56012.319     1785.3215  /          /       0.0033  2115
   92     55994.932     1785.8759  /          /       0.0032  2116
  111     55986.904     1786.1320  /          /       0.0030  2117
   92     55969.962     1786.6726  /         h/       0.0094  2118
   82     55961.150     1786.9540  /          /       0.0033  2119
   96     55955.069     1787.1482  /          /       0.0031  2120
   68     55939.975     1787.6304  /          /       0.0030  2121
   79     55935.859     1787.7619  /          /       0.0031  2122
   75     55914.224     1788.4537  /          /       0.0032  2123
   68     55893.370     1789.1210  /          /       0.0030  2124
   68     55889.723     1789.2377  /          /       0.0030  2125
   84     55876.947     1789.6468  /          /       0.0030  2126
   68     55867.549     1789.9479  /          /       0.0030  2127
   79     55865.365     1790.0179  /          /       0.0030  2128
   75     55863.946     1790.0633  /          /       0.0032  2129
   75     55826.490     1791.2643  /          /       0.0031  2130
  112     55813.831     1791.6706  /          /       0.0039  2131
  102     55805.801     1791.9284  /          /       0.0162  2132
   68     55800.511     1792.0983  /          /       0.0035  2133
   68     55786.000     1792.5644  /          /       0.0033  2134
   79     55779.152     1792.7845  /          /       0.0031  2135
   91     55773.262     1792.9739  /          /       0.0030  2136
  105     55757.122     1793.4929  /          /       0.0031  2137
  114     55751.155     1793.6848  /          /       0.0035  2138
  105     55742.513     1793.9629  /          /       0.0032  2139
   68     55736.550     1794.1548  /          /       0.0030  2140
  105     55722.340     1794.6124  /         h/       0.0095  2141
   91     55716.102     1794.8133  /          /       0.0032  2142
   91     55690.059     1795.6526  /          /       0.0033  2143
   75     55688.177     1795.7133  /          /       0.0031  2144
   68     55648.288     1797.0005  /          /       0.0034  2145
   98     55645.847     1797.0793  /          /       0.0032  2146
   98     55640.127     1797.2641  /          /       0.0030  2147
   98     55606.900     1798.3380  /          /       0.0030  2148
   68     55572.733     1799.4436  /          /       0.0034  2149
   91     55530.129     1800.8242  /          /       0.0036  2150
   98     55528.035     1800.8921  /          /       0.0033  2151
  114     55519.596     1801.1658  /        **/       0.0092  2152
   68     55495.335     1801.9533  /          /       0.0030  2153
   84     55488.479     1802.1759  /          /       0.0033  2154
   98     55485.119     1802.2850  /          /       0.0031  2155
   98     55481.475     1802.4034  /        bl/       0.0126  2156
   79     55460.797     1803.0754  /        bl/       0.0126  2157
   79     55456.227     1803.2240  /        bl/       0.0128  2158
   75     55451.289     1803.3846  /          /       0.0038  2159
   91     55421.782     1804.3447  /          /       0.0031  2160
  105     55408.902     1804.7642  /          /       0.0030  2161
   84     55387.209     1805.4710  /          /       0.0031  2162
   68     55316.974     1807.7634  /          /       0.0032  2163
   82     55312.735     1807.9019  /          /       0.0031  2164
  102     55306.782     1808.0965  /          /       0.0031  2165
   95     55294.208     1808.5077  /          /       0.0031  2166
   82     55262.512     1809.5450  /          /       0.0030  2167
   79     55230.305     1810.6002  /          /       0.0030  2168
  107     55225.150     1810.7692  /          /       0.0165  2169
  121     55190.739     1811.8982  /         w/       0.0100  2170
   98     55176.470     1812.3668  /          /       0.0032  2171
  105     55118.056     1814.2875  /          /       0.0031  2172
   82     55095.990     1815.0141  /          /       0.0030  2173
  102     55074.863     1815.7104  /          /       0.0030  2174
   75     55051.717     1816.4738  /          /       0.0034  2175
  128     55046.867     1816.6338  /          /       0.0031  2176
   68     55035.500     1817.0090  /          /       0.0034  2177
   87     55025.735     1817.3315  /          /       0.0037  2178
   79     55023.881     1817.3927  /          /       0.0033  2179
   91     55004.891     1818.0201  /        bl/       0.0124  2180
   91     54978.216     1818.9022  /          /       0.0030  2181
   91     54967.757     1819.2483  /          /       0.0030  2182
   95     54966.755     1819.2815  /          /       0.0030  2183
  102     54957.624     1819.5838  /          /       0.0032  2184
   81     54936.458     1820.2848  /          /       0.0134  2185
  107     54919.387     1820.8506  /          /       0.0032  2186
   68     54905.247     1821.3196  /          /       0.0032  2187
   88     54901.602     1821.4405  /          /       0.0033  2188
   81     54891.592     1821.7726  /          /       0.0041  2189
   97     54869.555     1822.5043  /          /       0.0031  2190
   74     54865.796     1822.6292  /          /       0.0030  2191
  102     54837.916     1823.5558  /          /       0.0031  2192
  108     54833.787     1823.6931  /          /       0.0032  2193
   95     54829.219     1823.8451  /          /       0.0035  2194
   78     54825.981     1823.9528  /          /       0.0031  2195
   74     54788.400     1825.2039  /          /       0.0031  2196
   67     54771.135     1825.7792  /          /       0.0031  2197
   74     54765.209     1825.9768  /          /       0.0030  2198
   90     54735.929     1826.9535  /          /       0.0030  2199
   81     54712.164     1827.7471  /          /       0.0031  2200
   74     54703.552     1828.0349  /          /       0.0031  2201
   74     54699.126     1828.1828  /          /       0.0033  2202
   67     54687.398     1828.5748  /          /       0.0032  2203
   83     54679.745     1828.8308  /        bl/       0.0130  2204
  113     54666.030     1829.2896  /         h/       0.0096  2205
   90     54652.817     1829.7319  /         h/       0.0100  2206
   97     54635.904     1830.2983  /          /       0.0030  2207
  113     54627.505     1830.5797  /         h/       0.0094  2208
   67     54623.452     1830.7155  /          /       0.0034  2209
  106     54619.131     1830.8603  /          /       0.0032  2210
   88     54609.006     1831.1998  /          /       0.0030  2211
   81     54607.440     1831.2523  /          /       0.0032  2212
   94     54575.684     1832.3179  /          /       0.0033  2213
   74     54571.641     1832.4536  /          /       0.0030  2214
  113     54552.127     1833.1091  /          /       0.0031  2215
  113     54548.529     1833.2300  /          /       0.0031  2216
   88     54514.164     1834.3857  /          /       0.0030  2217
   67     54489.778     1835.2066  /          /       0.0032  2218
   67     54476.774     1835.6447  /          /       0.0030  2219
   74     54475.606     1835.6840  /          /       0.0031  2220
   87     54452.545     1836.4615  /          /       0.0031  2221
   83     54447.667     1836.6260  /          /       0.0031  2222
   78     54445.641     1836.6943  /          /       0.0031  2223
   78     54440.347     1836.8729  /          /       0.0034  2224
   85     54434.769     1837.0612  /          /       0.0135  2225
   74     54431.348     1837.1766  /          /       0.0030  2226
   67     54427.700     1837.2998  /          /       0.0031  2227
   78     54426.522     1837.3395  /          /       0.0030  2228
   97     54407.721     1837.9744  /          /       0.0035  2229
  106     54401.467     1838.1857  /          /       0.0031  2230
  120     54393.748     1838.4466  /          /       0.0032  2231
   74     54361.577     1839.5346  /          /       0.0031  2232
   78     54344.188     1840.1232  /          /       0.0034  2233
   67     54330.920     1840.5725  /          /       0.0030  2234
   90     54320.045     1840.9410  /        cl/       0.0061  2235
   74     54309.492     1841.2987  /          /       0.0030  2236
   74     54305.008     1841.4508  /          /       0.0030  2237
   85     54303.492     1841.5022  /          /       0.0031  2238
   74     54297.119     1841.7183  /          /       0.0032  2239
   67     54291.732     1841.9011  /          /       0.0038  2240
   83     54282.255     1842.2226  /          /       0.0030  2241
  108     54278.355     1842.3550  /          /       0.0033  2242
  120     54265.903     1842.7778  /        **/       0.0096  2243
   90     54261.204     1842.9374  /          /       0.0031  2244
   90     54249.219     1843.3445  /          /       0.0032  2245
   81     54242.748     1843.5644  /          /       0.0032  2246
   97     54232.912     1843.8988  /          /       0.0031  2247
   67     54212.953     1844.5776  /          /       0.0030  2248
   78     54204.959     1844.8497  /          /       0.0030  2249
   74     54202.278     1844.9409  /          /       0.0033  2250
   67     54174.592     1845.8838  /          /       0.0030  2251
   85     54166.056     1846.1746  /          /       0.0030  2252
   97     54160.453     1846.3656  /          /       0.0030  2253
  104     54146.961     1846.8257  /          /       0.0031  2254
   97     54144.122     1846.9225  /          /       0.0030  2255
   90     54141.794     1847.0020  /          /       0.0032  2256
   74     54137.322     1847.1545  /          /       0.0032  2257
   97     54136.468     1847.1837  /        cl/       0.0060  2258
   90     54133.452     1847.2866  /        bl/       0.0128  2259
   90     54128.032     1847.4716  /          /       0.0030  2260
   74     54108.198     1848.1488  /          /       0.0030  2261
   81     54102.452     1848.3451  /          /       0.0032  2262
   74     54075.549     1849.2646  /          /       0.0030  2263
   90     54072.521     1849.3682  /          /       0.0032  2264
   88     54051.324     1850.0934  /          /       0.0031  2265
   67     53998.989     1851.8865  /          /       0.0031  2266
   74     53983.958     1852.4021  /         h/       0.0095  2267
   74     53981.901     1852.4727  /          /       0.0031  2268
   81     53964.468     1853.0712  /          /       0.0030  2269
   81     53958.277     1853.2838  /          /       0.0042  2270
   81     53957.152     1853.3224  /          /       0.0105  2271
   67     53944.746     1853.7486  /          /       0.0031  2272
   90     53938.846     1853.9514  /         h/       0.0095  2273
   83     53932.352     1854.1747  /        cl/       0.0060  2274
  101     53908.395     1854.9987  /          /       0.0031  2275
   78     53905.109     1855.1117  /          /       0.0032  2276
   90     53893.705     1855.5043  /         h/       0.0095  2277
   74     53891.134     1855.5928  /          /       0.0032  2278
   90     53882.983     1855.8735  /        cl/       0.0061  2279
   90     53877.970     1856.0462  /          /       0.0030  2280
   90     53875.282     1856.1388  /          /       0.0031  2281
   67     53852.467     1856.9251  /          /       0.0034  2282
   67     53849.214     1857.0373  /         h/       0.0096  2283
   90     53844.336     1857.2056  /          /       0.0031  2284
   83     53832.666     1857.6082  /          /       0.0030  2285
   83     53827.821     1857.7754  /         w/       0.0099  2286
   90     53815.771     1858.1913  /          /       0.0033  2287
   83     53784.704     1859.2647  /          /       0.0034  2288
   83     53783.038     1859.3223  /          /       0.0031  2289
  103     53772.908     1859.6725  /         h/       0.0096  2290
  113     53758.797     1860.1607  /        **/       0.0098  2291
   90     53756.207     1860.2503  /          /       0.0030  2292
  101     53738.343     1860.8687  /          /       0.0032  2293
   90     53733.584     1861.0335  /          /       0.0032  2294
  107     53721.264     1861.4603  /          /       0.0031  2295
   80     53705.081     1862.0212  /         h/       0.0096  2296
  112     53675.765     1863.0382  /          /       0.0032  2297
   89     53668.581     1863.2876  /          /       0.0036  2298
   83     53667.066     1863.3402  /          /       0.0030  2299
   96     53665.684     1863.3882  /          /       0.0034  2300
   96     53657.585     1863.6694  /          /       0.0175  2301
  106     53643.896     1864.1450  /        bl/       0.0130  2302
   73     53617.747     1865.0541  /          /       0.0030  2303
  103     53615.495     1865.1325  /          /       0.0031  2304
   96     53612.763     1865.2275  /          /       0.0033  2305
   89     53605.036     1865.4964  /        cl/       0.0061  2306
   89     53604.266     1865.5232  /        cl/       0.0061  2307
   82     53599.463     1865.6903  /          /       0.0032  2308
   80     53595.299     1865.8353  /          /       0.0030  2309
  100     53585.638     1866.1717  /          /       0.0033  2310
   66     53571.295     1866.6713  /          /       0.0031  2311
   82     53563.083     1866.9575  /          /       0.0041  2312
   82     53555.565     1867.2196  /          /       0.0031  2313
  119     53545.856     1867.5582  /          /       0.0031  2314
   82     53533.926     1867.9743  /          /       0.0033  2315
   66     53526.332     1868.2394  /          /       0.0030  2316
   73     53481.765     1869.7962  /          /       0.0030  2317
   66     53466.006     1870.3473  /          /       0.0030  2318
   82     53452.439     1870.8220  /          /       0.0031  2319
   96     53422.479     1871.8712  /          /       0.0030  2320
  119     53397.972     1872.7303  /          /       0.0032  2321
   73     53386.312     1873.1393  /          /       0.0030  2322
   86     53378.102     1873.4274  /          /       0.0032  2323
   82     53377.025     1873.4652  /          /       0.0033  2324
   82     53364.648     1873.8997  /        bl/       0.0130  2325
   96     53362.019     1873.9921  /          /       0.0033  2326
  107     53359.807     1874.0697  /          /       0.0032  2327
   96     53334.086     1874.9735  /          /       0.0032  2328
   96     53324.584     1875.3076  /          /       0.0032  2329
   89     53322.322     1875.3872  /          /       0.0031  2330
   87     53311.893     1875.7541  /          /       0.0033  2331
   96     53289.255     1876.5509  /          /       0.0032  2332
   73     53285.719     1876.6754  /          /       0.0032  2333
  112     53278.629     1876.9252  /        bl/       0.0131  2334
   82     53268.579     1877.2793  /          /       0.0032  2335
   89     53256.827     1877.6935  /          /       0.0031  2336
   96     53235.119     1878.4592  /          /       0.0031  2337
   89     53224.780     1878.8241  /          /       0.0031  2338
   96     53213.139     1879.2351  /          /       0.0031  2339
   82     53204.497     1879.5404  /          /       0.0030  2340
   73     53203.680     1879.5692  /        cl/       0.0061  2341
   66     53200.760     1879.6724  /          /       0.0031  2342
   80     53197.631     1879.7830  /          /       0.0035  2343
   80     53195.899     1879.8442  /          /       0.0033  2344
   89     53175.372     1880.5698  /          /       0.0032  2345
   89     53165.541     1880.9176  /          /       0.0031  2346
  128     53156.906     1881.2231  /          /       0.0034  2347
   96     53134.128     1882.0296  /          /       0.0032  2348
   77     53111.189     1882.8424  /          /       0.0032  2349
   73     53108.715     1882.9302  /          /       0.0031  2350
   66     53106.593     1883.0054  /          /       0.0031  2351
  105     53101.609     1883.1821  /          /       0.0034  2352
   73     53097.914     1883.3132  /          /       0.0031  2353
  105     53088.432     1883.6495  /        cl/       0.0062  2354
  105     53087.060     1883.6982  /        cl/       0.0062  2355
   77     53084.466     1883.7903  /          /       0.0032  2356
   66     53075.589     1884.1053  /          /       0.0034  2357
   89     53074.325     1884.1502  /          /       0.0031  2358
   96     53067.478     1884.3933  /          /       0.0041  2359
   77     53060.119     1884.6546  /          /       0.0035  2360
   82     53049.959     1885.0156  /          /       0.0032  2361
   77     53041.295     1885.3235  /          /       0.0033  2362
   80     53026.005     1885.8671  /          /       0.0031  2363
   77     53024.084     1885.9355  /          /       0.0033  2364
   66     53018.546     1886.1324  /          /       0.0032  2365
   82     53010.673     1886.4126  /          /       0.0034  2366
   85     53008.526     1886.4890  /          /       0.0031  2367
   89     53004.567     1886.6299  /          /       0.0038  2368
   80     53000.021     1886.7917  /          /       0.0034  2369
   89     52989.623     1887.1619  /          /       0.0044  2370
   66     52980.405     1887.4903  /          /       0.0036  2371
  100     52957.871     1888.2934  /          /       0.0031  2372
  107     52919.168     1889.6745  /          /       0.0036  2373
   73     52914.718     1889.8334  /          /       0.0031  2374
   73     52891.489     1890.6634  /          /       0.0031  2375
  119     52886.985     1890.8244  /          /       0.0033  2376
   82     52883.574     1890.9463  /          /       0.0031  2377
   73     52865.057     1891.6087  /          /       0.0032  2378
   80     52852.808     1892.0471  /          /       0.0031  2379
   82     52849.051     1892.1816  /          /       0.0034  2380
   66     52846.686     1892.2662  /          /       0.0033  2381
  107     52840.018     1892.5050  /          /       0.0032  2382
   89     52820.914     1893.1895  /         h/       0.0101  2383
   66     52816.948     1893.3317  /         h/       0.0100  2384
   77     52810.326     1893.5691  /          /       0.0031  2385
   66     52805.258     1893.7508  /          /       0.0042  2386
   77     52802.151     1893.8623  /          /       0.0031  2387
   77     52788.415     1894.3550  /          /       0.0031  2388
   66     52783.819     1894.5200  /          /       0.0033  2389
   73     52779.574     1894.6724  /          /       0.0032  2390
   66     52766.358     1895.1469  /          /       0.0032  2391
   73     52757.275     1895.4732  /          /       0.0033  2392
   66     52734.661     1896.2860  /          /       0.0032  2393
   72     52731.287     1896.4074  /        cl/       0.0061  2394
   83     52730.779     1896.4256  /        cl/       0.0063  2395
   66     52712.588     1897.0801  /          /       0.0032  2396
   82     52686.259     1898.0281  /        **/       0.0104  2397
  109     52681.468     1898.2007  /          /       0.0033  2398
   82     52645.730     1899.4893  /          /       0.0032  2399
   65     52641.930     1899.6264  /          /       0.0031  2400
   65     52616.073     1900.5599  /          /       0.0033  2401
   82     52609.209     1900.8079  /          /       0.0031  2402
   85     52584.162     1901.7133  /          /       0.0031  2403
   79     52576.863     1901.9773  /          /       0.0031  2404
   72     52570.216     1902.2178  /          /       0.0035  2405
   88     52546.311     1903.0832  /        cl/       0.0062  2406
   88     52545.408     1903.1159  /        cl/       0.0062  2407
  106     52538.791     1903.3556  /          /       0.0032  2408
   79     52515.200     1904.2106  /          /       0.0031  2409
   65     52503.824     1904.6232  /          /       0.0031  2410
   76     52497.368     1904.8574  /          /       0.0037  2411
   65     52494.018     1904.9790  /          /       0.0031  2412
   88     52474.536     1905.6862  /          /       0.0031  2413
   95     52471.103     1905.8109  /         h/       0.0101  2414
  102     52464.837     1906.0385  /          /       0.0032  2415
   72     52462.387     1906.1275  /          /       0.0032  2416
   88     52445.555     1906.7393  /        bl/       0.0134  2417
   88     52436.948     1907.0522  /          /       0.0031  2418
   79     52412.113     1907.9559  /          /       0.0032  2419
  122     52376.397     1909.2570  /          /       0.0035  2420
  118     52370.522     1909.4711  /          /       0.0032  2421
   76     52358.906     1909.8948  /          /       0.0032  2422
   65     52353.522     1910.0912  /          /       0.0031  2423
   72     52349.371     1910.2426  /          /       0.0032  2424
   76     52321.282     1911.2682  /          /       0.0184  2425
   95     52283.486     1912.6498  /          /       0.0033  2426
   81     52282.219     1912.6962  /          /       0.0031  2427
  111     52266.138     1913.2847  /        bl/       0.0132  2428
   72     52264.698     1913.3374  /          /       0.0031  2429
   65     52256.955     1913.6209  /          /       0.0033  2430
  108     52247.600     1913.9635  /          /       0.0032  2431
   72     52228.014     1914.6813  /          /       0.0032  2432
   65     52211.295     1915.2944  /          /       0.0031  2433
  104     52189.166     1916.1065  /          /       0.0034  2434
   65     52178.310     1916.5051  /          /       0.0031  2435
   79     52171.925     1916.7397  /          /       0.0032  2436
   65     52159.464     1917.1976  /          /       0.0032  2437
  111     52122.386     1918.5614  /          /       0.0032  2438
   99     52106.127     1919.1601  /          /       0.0033  2439
   65     52093.173     1919.6373  /          /       0.0031  2440
   65     52059.820     1920.8672  /          /       0.0031  2441
  104     52035.623     1921.7604  /          /       0.0035  2442
   72     52032.940     1921.8595  /          /       0.0084  2443
   88     52028.013     1922.0415  /        **/       0.0106  2444
   95     52024.326     1922.1777  /          /       0.0031  2445
   65     52018.450     1922.3948  /          /       0.0033  2446
   76     52016.764     1922.4572  /          /       0.0033  2447
  118     52010.512     1922.6882  /          /       0.0035  2448
   72     51997.962     1923.1523  /          /       0.0031  2449
  122     51992.190     1923.3658  /          /       0.0033  2450
   99     51962.948     1924.4482  /          /       0.0034  2451
   88     51943.145     1925.1819  /          /       0.0033  2452
   76     51931.978     1925.5958  /        bl/       0.0135  2453
   76     51897.185     1926.8868  /          /       0.0032  2454
  122     51891.575     1927.0951  /          /       0.0033  2455
   79     51875.861     1927.6788  /          /       0.0036  2456
   95     51873.280     1927.7748  /          /       0.0032  2457
   95     51871.999     1927.8224  /          /       0.0032  2458
   84     51860.558     1928.2477  /          /       0.0032  2459
   99     51821.293     1929.7087  /          /       0.0032  2460
   95     51815.554     1929.9224  /          /       0.0032  2461
   76     51813.394     1930.0029  /          /       0.0032  2462
   88     51804.042     1930.3513  /          /       0.0032  2463
  102     51791.689     1930.8117  /          /       0.0034  2464
   65     51776.730     1931.3696  /          /       0.0034  2465
   81     51766.882     1931.7370  /          /       0.0149  2466
   81     51755.178     1932.1738  /        bl/       0.0137  2467
   85     51736.412     1932.8747  /          /       0.0033  2468
   65     51719.953     1933.4898  /          /       0.0034  2469
  111     51712.304     1933.7758  /          /       0.0032  2470
   88     51710.126     1933.8572  /          /       0.0037  2471
   65     51671.829     1935.2905  /          /       0.0037  2472
   99     51663.875     1935.5885  /          /       0.0033  2473
   64     51642.895     1936.3748  /          /       0.0031  2474
   75     51640.127     1936.4786  /          /       0.0037  2475
  101     51635.271     1936.6607  /          /       0.0032  2476
   87     51622.785     1937.1291  /          /       0.0032  2477
   94     51606.815     1937.7286  /          /       0.0032  2478
   87     51568.686     1939.1613  /          /       0.0033  2479
  110     51565.124     1939.2952  /          /       0.0035  2480
   71     51525.943     1940.7699  /          /       0.0031  2481
   80     51523.688     1940.8549  /          /       0.0034  2482
   71     51521.684     1940.9303  /          /       0.0032  2483
   71     51513.123     1941.2529  /          /       0.0033  2484
  110     51504.994     1941.5593  /          /       0.0037  2485
   71     51494.914     1941.9394  /          /       0.0032  2486
   98     51460.221     1943.2486  /          /       0.0033  2487
   87     51459.046     1943.2929  /          /       0.0031  2488
   78     51449.534     1943.6522  /          /       0.0032  2489
   85     51444.611     1943.8382  /          /       0.0032  2490
   64     51412.450     1945.0542  /          /       0.0035  2491
   71     51396.678     1945.6510  /          /       0.0032  2492
  108     51376.353     1946.4208  /          /       0.0033  2493
   75     51365.860     1946.8184  /          /       0.0039  2494
   64     51363.672     1946.9013  /          /       0.0035  2495
   87     51360.091     1947.0370  /          /       0.0032  2496
   87     51325.093     1948.3647  /          /       0.0033  2497
  105     51304.250     1949.1563  /          /       0.0033  2498
  110     51288.371     1949.7597  /          /       0.0033  2499
   64     51259.296     1950.8657  /          /       0.0033  2500
  117     51255.171     1951.0227  /        bl/       0.0138  2501
   71     51230.354     1951.9678  /          /       0.0032  2502
   64     51219.145     1952.3949  /          /       0.0032  2503
   80     51194.832     1953.3222  /          /       0.0032  2504
   94     51189.449     1953.5276  /          /       0.0042  2505
   71     51174.672     1954.0917  /          /       0.0033  2506
  101     51171.941     1954.1960  /          /       0.0032  2507
   94     51166.958     1954.3863  /          /       0.0033  2508
  105     51164.987     1954.4616  /         w/       0.0112  2509
   87     51163.016     1954.5368  /          /       0.0035  2510
   75     51143.989     1955.2640  /          /       0.0034  2511
   75     51137.295     1955.5199  /          /       0.0032  2512
   91     51124.999     1955.9903  /          /       0.0033  2513
   80     51107.196     1956.6716  /          /       0.0033  2514
   94     51099.735     1956.9573  /          /       0.0036  2515
   75     51097.611     1957.0387  /          /       0.0037  2516
   82     51096.765     1957.0711  /          /       0.0039  2517
   64     51089.830     1957.3367  /          /       0.0032  2518
   75     51074.937     1957.9075  /          /       0.0034  2519
   64     51072.550     1957.9990  /          /       0.0033  2520
   71     51071.372     1958.0441  /          /       0.0092  2521
  110     51062.413     1958.3877  /          /       0.0035  2522
   71     51054.663     1958.6849  /          /       0.0032  2523
   87     51023.699     1959.8736  /        bl/       0.0138  2524
   98     51021.437     1959.9605  /          /       0.0033  2525
   87     51001.244     1960.7365  /          /       0.0033  2526
   75     50987.357     1961.2705  /          /       0.0043  2527
  117     50970.265     1961.9282  /          /       0.0033  2528
   87     50957.532     1962.4184  /          /       0.0032  2529
   78     50949.004     1962.7469  /          /       0.0032  2530
  110     50932.158     1963.3961  /          /       0.0035  2531
   94     50923.464     1963.7313  /        cl/       0.0063  2532
  110     50922.026     1963.7868  /        cl/       0.0064  2533
   71     50918.774     1963.9122  /          /       0.0032  2534
   71     50917.201     1963.9728  /          /       0.0032  2535
   64     50881.662     1965.3446  /          /       0.0031  2536
  108     50865.480     1965.9698  /          /       0.0033  2537
  101     50859.360     1966.2064  /        **/       0.0110  2538
   75     50851.753     1966.5005  /          /       0.0033  2539
   71     50846.441     1966.7060  /          /       0.0032  2540
   64     50832.843     1967.2321  /          /       0.0032  2541
   64     50829.287     1967.3697  /          /       0.0033  2542
   94     50827.221     1967.4497  /          /       0.0032  2543
   87     50823.156     1967.6070  /          /       0.0032  2544
  101     50807.092     1968.2292  /          /       0.0033  2545
  105     50799.294     1968.5313  /          /       0.0033  2546
   87     50775.123     1969.4684  /          /       0.0032  2547
   94     50770.397     1969.6517  /          /       0.0033  2548
  100     50766.813     1969.7908  /          /       0.0033  2549
   64     50759.079     1970.0909  /          /       0.0045  2550
  107     50746.651     1970.5734  /          /       0.0035  2551
   77     50729.275     1971.2484  /          /       0.0035  2552
   77     50728.329     1971.2851  /          /       0.0032  2553
  117     50719.289     1971.6365  /          /       0.0032  2554
   91     50716.844     1971.7315  /          /       0.0033  2555
   70     50712.274     1971.9092  /          /       0.0032  2556
   98     50704.789     1972.2003  /          /       0.0032  2557
   80     50694.049     1972.6181  /          /       0.0033  2558
   87     50687.928     1972.8563  /          /       0.0033  2559
   87     50674.798     1973.3675  /          /       0.0034  2560
   70     50669.082     1973.5901  /          /       0.0033  2561
   74     50662.472     1973.8476  /          /       0.0032  2562
   74     50622.131     1975.4206  /          /       0.0035  2563
  116     50617.959     1975.5834  /          /       0.0033  2564
   77     50612.897     1975.7810  /          /       0.0046  2565
   70     50610.805     1975.8627  /          /       0.0037  2566
  116     50545.185     1978.4278  /          /       0.0033  2567
   93     50512.874     1979.6933  /          /       0.0034  2568
   79     50511.568     1979.7445  /        bl/       0.0138  2569
  109     50500.051     1980.1960  /         h/       0.0108  2570
  116     50497.779     1980.2851  /          /       0.0036  2571
   70     50483.084     1980.8615  /          /       0.0039  2572
   86     50480.845     1980.9494  /          /       0.0033  2573
   77     50475.981     1981.1403  /          /       0.0033  2574
   70     50468.058     1981.4513  /          /       0.0037  2575
  109     50464.743     1981.5815  /          /       0.0034  2576
   63     50443.189     1982.4282  /          /       0.0034  2577
   79     50441.588     1982.4911  /          /       0.0033  2578
   70     50434.097     1982.7856  /          /       0.0033  2579
  120     50429.116     1982.9814  /          /       0.0034  2580
   70     50426.905     1983.0684  /          /       0.0033  2581
   86     50420.643     1983.3147  /          /       0.0035  2582
  102     50396.877     1984.2499  /          /       0.0035  2583
   70     50394.563     1984.3410  /        cl/       0.0070  2584
   77     50393.643     1984.3773  /          /       0.0032  2585
   93     50385.488     1984.6985  /          /       0.0033  2586
   86     50381.203     1984.8673  /          /       0.0032  2587
   63     50377.235     1985.0236  /          /       0.0033  2588
   79     50352.634     1985.9934  /        **/       0.0112  2589
   70     50313.445     1987.5403  /          /       0.0032  2590
  100     50311.226     1987.6280  /          /       0.0036  2591
  120     50298.330     1988.1376  /          /       0.0036  2592
   86     50295.607     1988.2452  /          /       0.0032  2593
   70     50283.916     1988.7075  /          /       0.0035  2594
   81     50282.407     1988.7672  /          /       0.0032  2595
  120     50268.442     1989.3197  /          /       0.0032  2596
  102     50260.193     1989.6462  /          /       0.0033  2597
   74     50227.091     1990.9574  /          /       0.0032  2598
   63     50224.825     1991.0473  /          /       0.0032  2599
   97     50213.258     1991.5059  /          /       0.0033  2600
  104     50210.482     1991.6160  /          /       0.0122  2601
   81     50205.005     1991.8333  /          /       0.0035  2602
   86     50201.279     1991.9811  /          /       0.0036  2603
  109     50166.921     1993.3454  /        cl/       0.0064  2604
  120     50164.963     1993.4232  /        cl/       0.0064  2605
   93     50149.839     1994.0243  /          /       0.0035  2606
  123     50133.092     1994.6904  /          /       0.0036  2607
   63     50128.972     1994.8544  /          /       0.0032  2608
  109     50119.904     1995.2153  /          /       0.0033  2609
   86     50100.585     1995.9847  /          /       0.0035  2610
   79     50099.652     1996.0218  /        cl/       0.0064  2611
   74     50089.486     1996.4270  /          /       0.0045  2612
   97     50082.203     1996.7173  /          /       0.0033  2613
   93     50052.229     1997.9130  /          /       0.0035  2614
  123     50048.436     1998.0644  /          /       0.0034  2615
   63     50042.553     1998.2993  /          /       0.0032  2616
   86     50035.108     1998.5967  /          /       0.0046  2617
   97     50027.307     1998.9083  /          /       0.0034  2618
  109     50005.100     1999.7960  /          /       0.0034  2619
   97     50002.518     1999.8993  /          /       0.0032  2620
  123     49997.225     1999.4631  /        **/       0.0114  2621
   93     49988.493     1999.8124  /          /       0.0034  2622
  116     49985.422     1999.9353  /          /       0.0033  2623
   70     49980.569     2000.1295  /          /       0.0036  2624
   79     49973.961     2000.3940  /          /       0.0034  2625
  100     49964.079     2000.7897  /          /       0.0033  2626
   86     49961.357     2000.8987  /          /       0.0034  2627
   63     49954.205     2001.1852  /          /       0.0033  2628
   70     49942.814     2001.6417  /          /       0.0032  2629
   86     49925.255     2002.3458  /          /       0.0034  2630
   93     49902.648     2003.2531  /          /       0.0033  2631
   86     49889.920     2003.7642  /          /       0.0033  2632
   97     49855.099     2005.1640  /          /       0.0038  2633
   86     49848.847     2005.4155  /          /       0.0035  2634
   97     49836.537     2005.9109  /          /       0.0035  2635
   63     49831.583     2006.1104  /          /       0.0033  2636
   93     49807.425     2007.0835  /          /       0.0035  2637
   86     49799.243     2007.4133  /          /       0.0033  2638
   99     49773.444     2008.4540  /          /       0.0033  2639
   99     49771.760     2008.5219  /        **/       0.0114  2640
   79     49764.566     2008.8123  /          /       0.0033  2641
   99     49761.773     2008.9251  /          /       0.0036  2642
  106     49753.688     2009.2516  /          /       0.0034  2643
  106     49742.938     2009.6859  /          /       0.0036  2644
   92     49734.166     2010.0404  /          /       0.0032  2645
   62     49726.459     2010.3520  /        **/       0.0114  2646
   73     49717.093     2010.7308  /          /       0.0033  2647
  109     49711.926     2010.9398  /          /       0.0037  2648
   96     49679.867     2012.2377  /          /       0.0035  2649
  108     49676.815     2012.3613  /          /       0.0034  2650
   79     49655.107     2013.2412  /          /       0.0032  2651
   69     49642.592     2013.7488  /          /       0.0032  2652
  108     49629.217     2014.2916  /          /       0.0036  2653
  108     49622.649     2014.5582  /          /       0.0037  2654
   92     49621.294     2014.6133  /          /       0.0033  2655
  115     49615.840     2014.8347  /          /       0.0036  2656
  108     49613.365     2014.9353  /          /       0.0034  2657
   62     49591.954     2015.8053  /          /       0.0035  2658
   69     49587.660     2015.9799  /          /       0.0033  2659
  108     49585.798     2016.0556  /          /       0.0033  2660
   96     49560.389     2017.0894  /          /       0.0034  2661
   85     49544.737     2017.7267  /          /       0.0033  2662
   62     49541.586     2017.8551  /          /       0.0032  2663
   85     49486.001     2020.1219  /          /       0.0033  2664
   62     49474.438     2020.5941  /          /       0.0033  2665
  101     49467.231     2020.8886  /          /       0.0034  2666
   62     49455.443     2021.3703  /          /       0.0034  2667
   73     49447.077     2021.7124  /          /       0.0032  2668
  105     49437.386     2022.1087  /          /       0.0035  2669
  115     49431.561     2022.3470  /          /       0.0034  2670
   85     49422.156     2022.7320  /          /       0.0036  2671
   85     49410.857     2023.1946  /          /       0.0034  2672
  105     49399.910     2023.6430  /          /       0.0206  2673
  122     49394.040     2023.8835  /          /       0.0037  2674
   92     49393.203     2023.9178  /        cl/       0.0065  2675
   69     49387.444     2024.1538  /          /       0.0032  2676
  108     49383.937     2024.2976  /          /       0.0034  2677
   96     49375.574     2024.6405  /          /       0.0034  2678
   96     49358.271     2025.3504  /        cl/       0.0065  2679
   85     49341.486     2026.0395  /          /       0.0034  2680
   85     49335.418     2026.2887  /          /       0.0033  2681
  119     49331.643     2026.4438  /          /       0.0037  2682
   99     49329.448     2026.5339  /          /       0.0033  2683
   73     49326.425     2026.6582  /          /       0.0040  2684
   99     49304.744     2027.5495  /          /       0.0033  2685
  108     49290.841     2028.1215  /          /       0.0034  2686
   78     49287.325     2028.2662  /          /       0.0035  2687
   69     49286.521     2028.2992  /          /       0.0034  2688
  119     49280.727     2028.5377  /          /       0.0167  2689
   92     49272.301     2028.8847  /          /       0.0034  2690
   69     49268.655     2029.0349  /          /       0.0032  2691
   81     49265.766     2029.1539  /          /       0.0035  2692
   69     49261.642     2029.3238  /          /       0.0032  2693
  108     49258.055     2029.4716  /          /       0.0033  2694
   85     49230.764     2030.5967  /          /       0.0034  2695
  122     49225.884     2030.7981  /          /       0.0033  2696
   62     49223.415     2030.9000  /          /       0.0033  2697
  122     49216.000     2031.2060  /          /       0.0034  2698
  131     49209.877     2031.4587  /          /       0.0036  2699
  122     49206.490     2031.5986  /          /       0.0038  2700
  115     49201.076     2031.8222  /          /       0.0038  2701
  108     49188.181     2032.3549  /          /       0.0039  2702
  101     49185.437     2032.4683  /          /       0.0033  2703
  115     49183.490     2032.5488  /        **/       0.0117  2704
   99     49176.939     2032.8196  /          /       0.0034  2705
   85     49171.171     2033.0581  /          /       0.0036  2706
  138     49165.526     2033.2915  /          /       0.0037  2707
   81     49159.848     2033.5264  /          /       0.0035  2708
   62     49157.326     2033.6308  /          /       0.0034  2709
  108     49142.759     2034.2337  /          /       0.0034  2710
   85     49135.164     2034.5481  /          /       0.0035  2711
  108     49114.582     2035.4009  /          /       0.0034  2712
   62     49113.924     2035.4281  /          /       0.0048  2713
   92     49106.013     2035.7561  /        cl/       0.0066  2714
   73     49078.195     2036.9101  /          /       0.0046  2715
   62     49058.979     2037.7081  /          /       0.0034  2716
   62     49051.622     2038.0137  /          /       0.0046  2717
  115     49034.600     2038.7213  /          /       0.0036  2718
   69     48973.539     2041.2636  /          /       0.0032  2719
  122     48956.947     2041.9555  /          /       0.0039  2720
  101     48945.258     2042.4432  /          /       0.0034  2721
  124     48929.258     2043.1112  /          /       0.0035  2722
   62     48922.147     2043.4082  /          /       0.0032  2723
   85     48907.456     2044.0221  /          /       0.0033  2724
  115     48888.675     2044.8074  /          /       0.0038  2725
   68     48886.442     2044.9008  /          /       0.0036  2726
   85     48878.065     2045.2513  /          /       0.0035  2727
   85     48866.648     2045.7293  /          /       0.0033  2728
   91     48859.504     2046.0284  /          /       0.0034  2729
   85     48857.979     2046.0923  /          /       0.0033  2730
  104     48853.939     2046.2615  /          /       0.0034  2731
   68     48847.117     2046.5473  /          /       0.0034  2732
   62     48844.156     2046.6714  /          /       0.0034  2733
  105     48843.299     2046.7073  /          /       0.0034  2734
   91     48833.367     2047.1237  /          /       0.0033  2735
  108     48824.745     2047.4852  /          /       0.0037  2736
   85     48818.106     2047.7637  /          /       0.0034  2737
   61     48813.251     2047.9674  /          /       0.0032  2738
  108     48809.209     2048.1370  /          /       0.0037  2739
  121     48807.608     2048.2042  /          /       0.0037  2740
   91     48789.498     2048.9646  /          /       0.0034  2741
   91     48779.737     2049.3746  /          /       0.0035  2742
  114     48766.626     2049.9257  /          /       0.0040  2743
  121     48761.261     2050.1513  /          /       0.0039  2744
   84     48758.896     2050.2507  /          /       0.0036  2745
   91     48757.564     2050.3067  /          /       0.0032  2746
  114     48739.287     2051.0757  /          /       0.0034  2747
  107     48733.307     2051.3274  /          /       0.0036  2748
   61     48732.001     2051.3824  /          /       0.0032  2749
   84     48731.168     2051.4175  /          /       0.0034  2750
   72     48729.873     2051.4720  /          /       0.0034  2751
   72     48728.330     2051.5370  /          /       0.0033  2752
   68     48722.777     2051.7708  /          /       0.0035  2753
  137     48710.368     2052.2936  /        **/       0.0120  2754
  130     48696.681     2052.8705  /          /       0.0035  2755
   84     48690.018     2053.1514  /          /       0.0039  2756
  114     48681.587     2053.5071  /          /       0.0034  2757
  130     48673.545     2053.8464  /          /       0.0035  2758
  100     48671.415     2053.9363  /          /       0.0034  2759
  107     48630.560     2055.6620  /          /       0.0037  2760
   95     48628.540     2055.7474  /          /       0.0036  2761
   95     48625.366     2055.8817  /          /       0.0034  2762
   77     48620.018     2056.1078  /          /       0.0035  2763
   84     48613.578     2056.3802  /          /       0.0034  2764
  107     48601.471     2056.8926  /          /       0.0036  2765
   77     48588.862     2057.4264  /          /       0.0033  2766
   84     48582.270     2057.7056  /          /       0.0037  2767
   95     48575.340     2057.9992  /          /       0.0033  2768
  102     48572.196     2058.1324  /          /       0.0034  2769
  144     48561.605     2058.5814  /          /       0.0036  2770
   84     48546.368     2059.2276  /          /       0.0033  2771
   61     48542.540     2059.3900  /          /       0.0033  2772
   95     48530.424     2059.9042  /          /       0.0035  2773
   84     48528.849     2059.9711  /          /       0.0034  2774
   91     48526.257     2060.0811  /          /       0.0048  2775
  105     48510.310     2060.7584  /          /       0.0037  2776
  114     48485.939     2061.7944  /        **/       0.0121  2777
  114     48476.289     2062.2049  /          /       0.0036  2778
   75     48469.422     2062.4971  /          /       0.0034  2779
   72     48461.986     2062.8136  /          /       0.0033  2780
   61     48459.300     2062.9279  /          /       0.0034  2781
   68     48455.228     2063.1013  /          /       0.0033  2782
   77     48450.478     2063.3036  /          /       0.0034  2783
   84     48445.636     2063.5098  /          /       0.0035  2784
   68     48442.855     2063.6283  /          /       0.0034  2785
  130     48432.413     2064.0733  /          /       0.0035  2786
   77     48422.063     2064.5145  /          /       0.0034  2787
  118     48405.192     2065.2342  /          /       0.0035  2788
   84     48396.482     2065.6059  /          /       0.0033  2789
  114     48378.581     2066.3703  /          /       0.0034  2790
  114     48362.703     2067.0488  /          /       0.0035  2791
  114     48349.948     2067.5942  /          /       0.0041  2792
   95     48342.915     2067.8950  /          /       0.0033  2793
  100     48326.624     2068.5922  /          /       0.0035  2794
  121     48308.272     2069.3782  /          /       0.0033  2795
  100     48301.359     2069.6744  /          /       0.0034  2796
  114     48294.188     2069.9817  /          /       0.0036  2797
  100     48291.388     2070.1018  /          /       0.0034  2798
   77     48273.561     2070.8663  /          /       0.0033  2799
  105     48262.932     2071.3225  /          /       0.0033  2800
  121     48250.179     2071.8700  /          /       0.0035  2801
   88     48249.163     2071.9137  /          /       0.0033  2802
   84     48242.055     2072.2190  /          /       0.0034  2803
   72     48234.348     2072.5501  /          /       0.0034  2804
  114     48228.604     2072.7970  /          /       0.0034  2805
   91     48222.150     2073.0744  /          /       0.0034  2806
   77     48196.342     2074.1847  /          /       0.0035  2807
  123     48175.444     2075.0845  /          /       0.0035  2808
  118     48169.861     2075.3251  /          /       0.0035  2809
  107     48161.345     2075.6921  /          /       0.0036  2810
   72     48157.964     2075.8378  /          /       0.0033  2811
  114     48150.157     2076.1745  /          /       0.0036  2812
   72     48138.661     2076.6703  /          /       0.0034  2813
   98     48135.988     2076.7857  /          /       0.0034  2814
  102     48133.852     2076.8778  /          /       0.0035  2815
   72     48113.387     2077.7613  /          /       0.0035  2816
   91     48111.965     2077.8228  /          /       0.0034  2817
   91     48108.381     2077.9776  /          /       0.0034  2818
   61     48099.673     2078.3538  /          /       0.0034  2819
  118     48089.969     2078.7733  /          /       0.0034  2820
  107     48088.601     2078.8324  /          /       0.0038  2821
   95     48070.640     2079.6092  /          /       0.0034  2822
   61     48057.021     2080.1987  /          /       0.0033  2823
   68     48035.793     2081.1181  /          /       0.0034  2824
   72     48015.788     2081.9852  /          /       0.0033  2825
   72     48012.136     2082.1436  /          /       0.0034  2826
   68     48010.578     2082.2112  /          /       0.0033  2827
  120     48004.845     2082.4599  /          /       0.0038  2828
   61     47998.324     2082.7428  /          /       0.0037  2829
   61     47996.214     2082.8344  /          /       0.0033  2830
  101     47976.823     2083.6764  /          /       0.0035  2831
   72     47968.648     2084.0315  /        **/       0.0123  2832
   84     47962.796     2084.2858  /          /       0.0033  2833
   67     47958.332     2084.4799  /          /       0.0033  2834
   95     47956.049     2084.5791  /          /       0.0034  2835
   83     47922.425     2086.0419  /          /       0.0035  2836
   74     47911.289     2086.5268  /          /       0.0036  2837
   74     47908.921     2086.6299  /          /       0.0033  2838
   74     47906.886     2086.7186  /          /       0.0034  2839
   77     47891.905     2087.3714  /          /       0.0037  2840
  120     47884.767     2087.6826  /          /       0.0036  2841
   83     47878.333     2087.9632  /          /       0.0033  2842
   83     47875.242     2088.0980  /          /       0.0036  2843
   67     47873.362     2088.1800  /          /       0.0034  2844
   76     47862.789     2088.6414  /          /       0.0035  2845
   83     47859.062     2088.8040  /          /       0.0037  2846
   60     47852.900     2089.0731  /          /       0.0034  2847
   90     47843.502     2089.4835  /          /       0.0036  2848
  106     47818.699     2090.5674  /          /       0.0041  2849
  143     47814.707     2090.7420  /          /       0.0038  2850
   90     47806.749     2091.0900  /          /       0.0037  2851
   94     47805.165     2091.1593  /          /       0.0034  2852
   83     47789.611     2091.8400  /          /       0.0035  2853
   97     47768.736     2092.7543  /          /       0.0033  2854
   76     47757.639     2093.2406  /          /       0.0034  2855
  143     47752.012     2093.4873  /          /       0.0035  2856
  120     47740.161     2094.0070  /          /       0.0038  2857
   90     47733.890     2094.2822  /          /       0.0034  2858
  120     47698.683     2095.8282  /          /       0.0039  2859
   78     47692.103     2096.1174  /          /       0.0034  2860
  113     47691.011     2096.1654  /          /       0.0035  2861
   76     47689.742     2096.2212  /          /       0.0034  2862
   76     47687.620     2096.3144  /          /       0.0035  2863
   76     47685.573     2096.4044  /          /       0.0034  2864
   97     47683.587     2096.4918  /          /       0.0035  2865
  106     47681.936     2096.5644  /          /       0.0038  2866
   90     47680.784     2096.6150  /          /       0.0038  2867
  122     47675.592     2096.8434  /          /       0.0035  2868
  129     47673.583     2096.9318  /          /       0.0035  2869
  106     47668.959     2097.1352  /          /       0.0036  2870
   76     47658.273     2097.6055  /          /       0.0034  2871
  106     47652.650     2097.8530  /          /       0.0035  2872
   90     47644.032     2098.2325  /          /       0.0035  2873
   71     47642.428     2098.3032  /          /       0.0033  2874
  113     47632.718     2098.7310  /          /       0.0037  2875
   99     47624.597     2099.0889  /          /       0.0034  2876
   76     47620.365     2099.2755  /          /       0.0034  2877
   67     47581.768     2100.9785  /          /       0.0036  2878
  106     47578.860     2101.1070  /          /       0.0034  2879
   83     47576.671     2101.2037  /          /       0.0034  2880
   71     47562.691     2101.8213  /          /       0.0034  2881
   90     47553.308     2102.2361  /          /       0.0034  2882
   71     47540.829     2102.7880  /          /       0.0111  2883
  115     47440.170     2107.2503  /          /       0.0025  2884
  114     47385.539     2109.6800  /          /       0.0024  2885
  132     47379.908     2109.9308  /          /       0.0090  2886
  114     47348.285     2111.3401  /          /       0.0025  2887
  113     47315.732     2112.7929  /          /       0.0025  2888
  113     47267.389     2114.9540  /          /       0.0024  2889
  113     47252.285     2115.6301  /          /       0.0099  2890
  112     47232.434     2116.5194  /          /       0.0025  2891
  118     47104.438     2122.2712  /          /       0.0026  2892
  125     47102.298     2122.3677  /          /       0.0026  2893
  124     47046.864     2124.8687  /          /       0.0025  2894
  124     47033.197     2125.4862  /          /       0.0026  2895
  120     46924.747     2130.3991  /          /       0.0025  2896
  109     46919.267     2130.6479  /        **/       0.0025  2897
  115     46802.960     2135.9433  /          /       0.0025  2898
  126     46798.269     2136.1574  /          /       0.0026  2899
  127     46788.384     2136.6088  /          /       0.0025  2900
  127     46786.611     2136.6898  /          /       0.0026  2901
  107     46716.096     2139.9153  /          /       0.0024  2902
  118     46715.328     2139.9505  /          /       0.0026  2903
  107     46703.690     2140.4838  /          /       0.0024  2904
  107     46700.928     2140.6104  /          /       0.0024  2905
  129     46680.672     2141.5394  /         w/       0.0049  2906
  126     46672.092     2141.9331  /         w/       0.0048  2907
  107     46658.229     2142.5696  /          /       0.0024  2908
  128     46651.689     2142.8700  /         w/       0.0050  2909
  106     46646.809     2143.0942  /          /       0.0024  2910
  106     46600.200     2145.2380  /          /       0.0024  2911
  122     46562.242     2146.9870  /          /       0.0026  2912
  106     46558.325     2147.1676  /          /       0.0025  2913
  128     46537.120     2148.1461  /         w/       0.0048  2914
  105     46535.786     2148.2077  /          /       0.0024  2915
  119     46496.954     2150.0020  /          /       0.0025  2916
  118     46447.437     2152.2943  /          /       0.0025  2917
  115     46390.510     2154.9357  /          /       0.0025  2918
  120     46376.933     2155.5667  /          /       0.0025  2919
  123     46233.458     2162.2567  /          /       0.0025  2920
  110     46225.743     2162.6176  /         w/       0.0049  2921
  123     46221.463     2162.8179  /         w/       0.0049  2922
  113     46206.158     2163.5344  /          /       0.0028  2923
  118     46172.352     2165.1186  /          /       0.0056  2924
  102     46162.806     2165.5664  /          /       0.0188  2925
  109     46144.060     2166.4463  /          /       0.0026  2926
  115     46114.933     2167.8148  /          /       0.0025  2927
  101     46087.583     2169.1014  /          /       0.0024  2928
  112     46053.978     2170.6843  /          /       0.0025  2929
  115     46043.536     2171.1766  /          /       0.0025  2930
  101     46023.979     2172.0993  /         w/       0.0048  2931
  101     46022.032     2172.1912  /          /       0.0024  2932
  108     46018.706     2172.3483  /          /       0.0025  2933
  117     45994.186     2173.5065  /          /       0.0057  2934
  100     45966.312     2174.8246  /          /       0.0026  2935
  100     45964.743     2174.8989  /          /       0.0025  2936
  100     45945.491     2175.8103  /          /       0.0025  2937
  111     45927.098     2176.6818  /          /       0.0025  2938
  118     45909.377     2177.5221  /          /       0.0025  2939
  100     45863.745     2179.6888  /         w/       0.0048  2940
  100     45860.949     2179.8217  /          /       0.0027  2941
   99     45840.274     2180.8050  /          /       0.0024  2942
   99     45832.713     2181.1648  /          /       0.0025  2943
  121     45831.492     2181.2229  /         w/       0.0049  2944
  117     45827.458     2181.4149  /          /       0.0025  2945
  117     45760.708     2184.5972  /         w/       0.0049  2946
  113     45754.202     2184.9079  /          /       0.0025  2947
   98     45718.679     2186.6057  /          /       0.0024  2948
  116     45705.104     2187.2552  /       w**/       0.0049  2949
  114     45695.972     2187.6924  /          /       0.0025  2950
  114     45649.715     2189.9094  /          /       0.0025  2951
  119     45641.181     2190.3189  /         w/       0.0049  2952
   98     45629.168     2190.8957  /          /       0.0025  2953
   98     45626.847     2191.0071  /          /       0.0026  2954
  105     45624.777     2191.1065  /          /       0.0032  2955
   98     45604.908     2192.0612  /          /       0.0072  2956
  115     45601.344     2192.2326  /          /       0.0025  2957
  118     45575.337     2193.4837  /          /       0.0025  2958
   97     45567.942     2193.8397  /          /       0.0024  2959
  118     45565.492     2193.9577  /         w/       0.0050  2960
  120     45559.632     2194.2399  /         w/       0.0050  2961
   97     45557.968     2194.3200  /          /       0.0025  2962
  115     45556.877     2194.3726  /         w/       0.0049  2963
  117     45556.205     2194.4050  /         w/       0.0049  2964
   97     45546.529     2194.8712  /          /       0.0025  2965
   97     45532.804     2195.5329  /          /       0.0025  2966
  119     45529.945     2195.6708  /         w/       0.0049  2967
  104     45513.994     2196.4403  /          /       0.0026  2968
  116     45506.997     2196.7781  /          /       0.0025  2969
  120     45497.089     2197.2565  /       w**/       0.0049  2970
   97     45492.423     2197.4819  /          /       0.0024  2971
  108     45486.352     2197.7752  /          /       0.0025  2972
  113     45448.170     2199.6218  /          /       0.0025  2973
  116     45405.644     2201.6822  /         w/       0.0049  2974
  107     45386.226     2202.6242  /        **/       0.0025  2975
   96     45368.057     2203.5064  /          /       0.0024  2976
  112     45364.561     2203.6763  /          /       0.0026  2977
  117     45351.792     2204.2968  /          /       0.0026  2978
  117     45350.560     2204.3567  /          /       0.0026  2979
   96     45334.954     2205.1156  /          /       0.0112  2980
  103     45331.890     2205.2646  /         w/       0.0049  2981
  119     45327.538     2205.4764  /         w/       0.0050  2982
  103     45322.687     2205.7125  /          /       0.0024  2983
  102     45317.789     2205.9509  /        **/       0.0024  2984
   96     45316.362     2206.0204  /          /       0.0025  2985
  113     45314.416     2206.1151  /          /       0.0025  2986
  119     45311.434     2206.2603  /         w/       0.0049  2987
  116     45306.243     2206.5131  /         w/       0.0050  2988
   95     45301.645     2206.7371  /          /       0.0024  2989
   95     45299.136     2206.8593  /          /       0.0024  2990
  117     45294.288     2207.0956  /          /       0.0027  2991
  111     45293.427     2207.1375  /         w/       0.0049  2992
  102     45268.717     2208.3424  /          /       0.0024  2993
   95     45266.066     2208.4718  /          /       0.0028  2994
   95     45263.676     2208.5884  /          /       0.0024  2995
  106     45262.318     2208.6546  /          /       0.0025  2996
  113     45256.471     2208.9400  /          /       0.0025  2997
   95     45235.566     2209.9610  /          /       0.0024  2998
   95     45207.539     2211.3312  /          /       0.0024  2999
  113     45201.807     2211.6116  /          /       0.0025  3000
   95     45179.860     2212.6861  /          /       0.0025  3001
   95     45168.796     2213.2281  /        **/       0.0024  3002
   94     45159.330     2213.6921  /          /       0.0025  3003
  111     45156.355     2213.8380  /          /       0.0025  3004
  101     45151.423     2214.0798  /          /       0.0026  3005
  101     45149.722     2214.1632  /          /       0.0025  3006
   94     45148.637     2214.2165  /          /       0.0024  3007
  101     45145.354     2214.3775  /          /       0.0026  3008
  117     45143.940     2214.4468  /         w/       0.0050  3009
  101     45142.475     2214.5187  /          /       0.0025  3010
   94     45139.225     2214.6782  /          /       0.0024  3011
   94     45132.316     2215.0173  /          /       0.0024  3012
  117     45127.617     2215.2479  /         w/       0.0050  3013
   94     45122.937     2215.4777  /          /       0.0026  3014
   94     45117.633     2215.7382  /          /       0.0025  3015
   94     45106.519     2216.2842  /          /       0.0024  3016
  115     45101.972     2216.5076  /         w/       0.0048  3017
   94     45096.666     2216.7684  /          /       0.0024  3018
   94     45094.206     2216.8894  /          /       0.0024  3019
  117     45089.506     2217.1205  /       w**/       0.0049  3020
   94     45088.083     2217.1905  /          /       0.0025  3021
   94     45084.735     2217.3551  /          /       0.0024  3022
  116     45083.355     2217.4230  /          /       0.0026  3023
  112     45062.865     2218.4314  /         w/       0.0049  3024
   94     45061.028     2218.5218  /          /       0.0025  3025
   94     45050.105     2219.0598  /          /       0.0025  3026
   94     45022.425     2220.4242  /          /       0.0024  3027
   94     45009.480     2221.0629  /          /       0.0025  3028
  113     45001.878     2221.4381  /         w/       0.0050  3029
  107     44984.722     2222.2854  /          /       0.0027  3030
  114     44980.265     2222.5056  /         w/       0.0049  3031
   93     44975.576     2222.7373  /          /       0.0024  3032
  109     44970.256     2223.0003  /          /       0.0024  3033
  109     44968.210     2223.1015  /          /       0.0026  3034
  116     44965.544     2223.2333  /         w/       0.0050  3035
  109     44960.855     2223.4652  /         w/       0.0048  3036
  111     44960.104     2223.5023  /         w/       0.0048  3037
  109     44957.065     2223.6527  /          /       0.0025  3038
  113     44945.195     2224.2400  /          /       0.0025  3039
  100     44936.923     2224.6494  /          /       0.0024  3040
  111     44932.347     2224.8760  /         w/       0.0050  3041
  113     44931.686     2224.9088  /         w/       0.0051  3042
  113     44926.756     2225.1529  /          /       0.0025  3043
   93     44917.711     2225.6011  /          /       0.0027  3044
   93     44916.784     2225.6470  /         w/       0.0048  3045
  111     44914.879     2225.7414  /          /       0.0025  3046
  114     44909.683     2225.9990  /         w/       0.0048  3047
  111     44908.766     2226.0444  /          /       0.0025  3048
  104     44906.484     2226.1575  /       w**/       0.0050  3049
  112     44905.806     2226.1912  /          /       0.0027  3050
  111     44898.263     2226.5652  /          /       0.0025  3051
  112     44894.269     2226.7633  /          /       0.0027  3052
  104     44885.431     2227.2018  /          /       0.0026  3053
  112     44877.826     2227.5793  /          /       0.0027  3054
   93     44871.188     2227.9088  /          /       0.0025  3055
  111     44862.126     2228.3589  /          /       0.0025  3056
  111     44856.315     2228.6476  /         w/       0.0048  3057
  112     44855.423     2228.6919  /         w/       0.0050  3058
  110     44842.015     2229.3584  /          /       0.0025  3059
   93     44840.848     2229.4164  /         w/       0.0149  3060
   92     44831.402     2229.8862  /          /       0.0024  3061
  110     44826.773     2230.1165  /          /       0.0024  3062
  115     44822.121     2230.3480  /         w/       0.0050  3063
  110     44817.433     2230.5813  /          /       0.0024  3064
   92     44812.752     2230.8143  /          /       0.0024  3065
   92     44808.133     2231.0443  /          /       0.0024  3066
  110     44804.765     2231.2120  /          /       0.0024  3067
  112     44798.932     2231.5026  /          /       0.0025  3068
  112     44790.847     2231.9054  /          /       0.0025  3069
   99     44784.568     2232.2184  /          /       0.0025  3070
  110     44778.601     2232.5158  /         w/       0.0049  3071
  110     44764.144     2233.2369  /          /       0.0026  3072
   99     44752.199     2233.8331  /          /       0.0026  3073
  110     44740.881     2234.3982  /          /       0.0025  3074
   92     44734.113     2234.7363  /          /       0.0024  3075
  110     44728.389     2235.0223  /          /       0.0025  3076
   92     44725.263     2235.1785  /          /       0.0024  3077
   92     44712.535     2235.8149  /          /       0.0026  3078
   92     44708.303     2236.0265  /          /       0.0024  3079
  111     44699.593     2236.4623  /          /       0.0025  3080
  103     44696.473     2236.6184  /          /       0.0024  3081
   92     44690.360     2236.9244  /          /       0.0100  3082
  115     44683.667     2237.2595  /         w/       0.0050  3083
   92     44680.906     2237.3977  /          /       0.0027  3084
   92     44678.933     2237.4965  /          /       0.0024  3085
   92     44677.560     2237.5653  /          /       0.0027  3086
  112     44669.373     2237.9754  /          /       0.0025  3087
  109     44667.311     2238.0788  /          /       0.0026  3088
  109     44657.701     2238.5604  /         w/       0.0049  3089
   91     44652.546     2238.8189  /         w/       0.0098  3090
   98     44651.028     2238.8950  /          /       0.0025  3091
  114     44647.800     2239.0569  /          /       0.0025  3092
   91     44645.430     2239.1758  /          /       0.0026  3093
   98     44642.992     2239.2981  /          /       0.0025  3094
  114     44640.637     2239.4162  /          /       0.0027  3095
   91     44636.032     2239.6473  /          /       0.0024  3096
  107     44616.674     2240.6191  /          /       0.0025  3097
  109     44613.839     2240.7615  /          /       0.0027  3098
   98     44609.323     2240.9884  /          /       0.0024  3099
  102     44604.525     2241.2294  /          /       0.0025  3100
  102     44600.897     2241.4117  /         w/       0.0049  3101
  102     44600.160     2241.4488  /          /       0.0025  3102
   91     44598.316     2241.5415  /          /       0.0025  3103
   91     44594.973     2241.7095  /          /       0.0024  3104
  112     44590.330     2241.9430  /          /       0.0026  3105
  109     44589.435     2241.9880  /          /       0.0025  3106
  114     44586.192     2242.1511  /         w/       0.0049  3107
  105     44580.933     2242.4156  /         w/       0.0049  3108
  113     44580.160     2242.4545  /       w**/       0.0049  3109
   91     44575.492     2242.6893  /          /       0.0024  3110
   91     44570.098     2242.9608  /         w/       0.0055  3111
   91     44559.648     2243.4868  /         w/       0.0050  3112
  110     44541.441     2244.4040  /         w/       0.0050  3113
  110     44540.481     2244.4524  /         w/       0.0050  3114
   91     44534.697     2244.7439  /          /       0.0025  3115
  109     44529.953     2244.9831  /          /       0.0026  3116
  102     44528.506     2245.0560  /          /       0.0026  3117
  107     44525.878     2245.1885  /          /       0.0025  3118
   91     44517.232     2245.6246  /          /       0.0025  3119
   98     44516.316     2245.6708  /          /       0.0025  3120
  110     44514.573     2245.7588  /          /       0.0027  3121
   91     44509.743     2246.0025  /          /       0.0024  3122
  112     44507.985     2246.0912  /          /       0.0025  3123
   98     44495.280     2246.7326  /          /       0.0027  3124
   91     44493.459     2246.8246  /         w/       0.0117  3125
  110     44492.655     2246.8652  /         w/       0.0049  3126
  107     44489.952     2247.0017  /          /       0.0025  3127
   91     44487.127     2247.1444  /          /       0.0025  3128
   91     44476.010     2247.7062  /          /       0.0025  3129
  111     44456.826     2248.6762  /          /       0.0025  3130
   97     44453.806     2248.8290  /          /       0.0026  3131
   90     44452.154     2248.9126  /          /       0.0024  3132
  111     44450.106     2249.0162  /          /       0.0025  3133
  111     44447.550     2249.1455  /          /       0.0026  3134
  111     44437.186     2249.6701  /          /       0.0028  3135
  110     44435.771     2249.7418  /          /       0.0025  3136
  112     44428.554     2250.1073  /          /       0.0026  3137
  111     44402.141     2251.4459  /          /       0.0026  3138
  112     44400.087     2251.5500  /          /       0.0025  3139
  108     44387.208     2252.2034  /          /       0.0026  3140
  111     44384.406     2252.3456  /          /       0.0025  3141
  110     44374.289     2252.8592  /          /       0.0025  3142
  106     44371.019     2253.0252  /          /       0.0026  3143
  106     44368.798     2253.1380  /          /       0.0025  3144
  106     44367.320     2253.2131  /          /       0.0025  3145
   97     44363.135     2253.4256  /          /       0.0025  3146
   90     44356.096     2253.7833  /          /       0.0027  3147
  111     44346.705     2254.2606  /          /       0.0028  3148
   90     44344.691     2254.3630  /          /       0.0025  3149
   90     44342.071     2254.4962  /          /       0.0026  3150
  109     44331.431     2255.0373  /          /       0.0025  3151
  108     44330.839     2255.0675  /          /       0.0025  3152
   97     44324.052     2255.4128  /          /       0.0024  3153
  111     44318.219     2255.7097  /         w/       0.0051  3154
  111     44317.165     2255.7633  /         w/       0.0050  3155
   90     44314.123     2255.9182  /          /       0.0024  3156
   90     44309.375     2256.1599  /          /       0.0025  3157
   90     44305.901     2256.3369  /          /       0.0025  3158
  106     44301.467     2256.5627  /          /       0.0026  3159
  106     44300.337     2256.6203  /          /       0.0025  3160
   90     44298.345     2256.7218  /          /       0.0025  3161
   90     44289.093     2257.1933  /          /       0.0024  3162
  106     44286.202     2257.3406  /         w/       0.0049  3163
  110     44284.467     2257.4291  /          /       0.0026  3164
  103     44282.193     2257.5450  /          /       0.0025  3165
   96     44258.233     2258.7673  /          /       0.0024  3166
   96     44247.064     2259.3375  /          /       0.0024  3167
   89     44245.530     2259.4158  /          /       0.0025  3168
   96     44242.083     2259.5919  /          /       0.0025  3169
  100     44240.555     2259.6699  /          /       0.0025  3170
   89     44224.765     2260.4768  /          /       0.0026  3171
   89     44221.233     2260.6573  /          /       0.0024  3172
   89     44218.877     2260.7778  /          /       0.0026  3173
  109     44214.465     2261.0034  /          /       0.0025  3174
  111     44212.051     2261.1269  /          /       0.0026  3175
  107     44205.619     2261.4559  /          /       0.0025  3176
  107     44204.186     2261.5292  /          /       0.0025  3177
  107     44190.473     2262.2311  /          /       0.0026  3178
   89     44187.933     2262.3612  /          /       0.0024  3179
  110     44177.552     2262.8928  /          /       0.0027  3180
   96     44166.568     2263.4556  /          /       0.0026  3181
   89     44155.493     2264.0234  /          /       0.0024  3182
  107     44146.368     2264.4914  /          /       0.0026  3183
   89     44134.120     2265.1199  /          /       0.0205  3184
  107     44132.156     2265.2207  /          /       0.0027  3185
  105     44122.953     2265.6933  /          /       0.0024  3186
  105     44116.046     2266.0480  /          /       0.0024  3187
  105     44114.271     2266.1392  /          /       0.0024  3188
   89     44110.539     2266.3309  /          /       0.0024  3189
  110     44104.454     2266.6436  /          /       0.0026  3190
   89     44095.020     2267.1286  /          /       0.0025  3191
   89     44093.393     2267.2123  /          /       0.0024  3192
   89     44091.563     2267.3064  /          /       0.0024  3193
   89     44085.673     2267.6094  /          /       0.0026  3194
  105     44083.878     2267.7017  /          /       0.0026  3195
  105     44081.048     2267.8473  /          /       0.0025  3196
   89     44075.393     2268.1383  /          /       0.0024  3197
   89     44073.280     2268.2470  /          /       0.0025  3198
   89     44047.083     2269.5962  /          /       0.0024  3199
   89     44034.801     2270.2293  /          /       0.0024  3200
  110     44030.206     2270.4662  /          /       0.0027  3201
  109     44027.293     2270.6165  /         w/       0.0050  3202
  110     44026.157     2270.6751  /          /       0.0026  3203
  109     44022.493     2270.8641  /          /       0.0025  3204
  110     44010.128     2271.5022  /          /       0.0025  3205
   88     44003.401     2271.8494  /          /       0.0024  3206
  106     44000.971     2271.9749  /          /       0.0026  3207
  110     43999.294     2272.0615  /        **/       0.0026  3208
  110     43988.109     2272.6393  /          /       0.0026  3209
   88     43978.673     2273.1270  /          /       0.0026  3210
  110     43977.444     2273.1905  /          /       0.0028  3211
   88     43974.431     2273.3463  /          /       0.0024  3212
  106     43970.470     2273.5511  /          /       0.0027  3213
  110     43965.203     2273.8235  /         w/       0.0051  3214
  104     43956.597     2274.2687  /          /       0.0025  3215
   88     43943.420     2274.9507  /          /       0.0026  3216
   99     43940.696     2275.0917  /          /       0.0025  3217
   88     43924.876     2275.9112  /          /       0.0025  3218
  102     43919.976     2276.1652  /          /       0.0025  3219
   88     43912.657     2276.5446  /          /       0.0026  3220
  102     43905.443     2276.9187  /          /       0.0025  3221
  109     43903.667     2277.0108  /          /       0.0026  3222
  104     43896.215     2277.3974  /          /       0.0026  3223
  104     43892.464     2277.5920  /        **/       0.0025  3224
   88     43885.908     2277.9323  /          /       0.0025  3225
   88     43882.792     2278.0940  /          /       0.0025  3226
  106     43878.687     2278.3072  /          /       0.0025  3227
  107     43874.320     2278.5340  /         w/       0.0050  3228
  106     43870.464     2278.7343  /          /       0.0025  3229
  107     43862.428     2279.1518  /          /       0.0025  3230
  107     43860.823     2279.2352  /          /       0.0025  3231
   88     43857.352     2279.4156  /          /       0.0024  3232
   95     43854.320     2279.5732  /          /       0.0025  3233
   88     43851.800     2279.7042  /          /       0.0024  3234
   88     43843.201     2280.1514  /          /       0.0024  3235
  106     43834.623     2280.5976  /          /       0.0027  3236
   88     43828.450     2280.9189  /          /       0.0025  3237
  107     43821.165     2281.2981  /          /       0.0025  3238
  110     43816.507     2281.5406  /          /       0.0025  3239
  107     43767.802     2284.0798  /          /       0.0026  3240
  110     43757.538     2284.6156  /         w/       0.0051  3241
   87     43751.330     2284.9398  /          /       0.0025  3242
  105     43743.464     2285.3507  /          /       0.0026  3243
   87     43740.665     2285.4970  /          /       0.0024  3244
   87     43737.094     2285.6836  /          /       0.0028  3245
  105     43728.505     2286.1326  /          /       0.0026  3246
  107     43720.911     2286.5297  /          /       0.0026  3247
  107     43718.709     2286.6449  /          /       0.0028  3248
  108     43714.916     2286.8433  /          /       0.0025  3249
   87     43707.505     2287.2311  /          /       0.0026  3250
  103     43703.997     2287.4147  /          /       0.0026  3251
   94     43702.273     2287.5049  /          /       0.0027  3252
   98     43700.194     2287.6138  /          /       0.0025  3253
   87     43696.695     2287.7969  /          /       0.0024  3254
  109     43690.251     2288.1344  /          /       0.0029  3255
  103     43684.654     2288.4276  /        **/       0.0026  3256
   94     43683.445     2288.4909  /         w/       0.0049  3257
  103     43669.145     2289.2404  /          /       0.0025  3258
  103     43656.254     2289.9164  /          /       0.0025  3259
  103     43654.449     2290.0111  /          /       0.0026  3260
  109     43650.014     2290.2438  /          /       0.0027  3261
   87     43647.076     2290.3980  /          /       0.0024  3262
   87     43640.736     2290.7308  /          /       0.0025  3263
  103     43631.812     2291.1993  /          /       0.0024  3264
   87     43630.580     2291.2640  /         w/       0.0049  3265
   87     43620.855     2291.7749  /          /       0.0024  3266
  108     43615.387     2292.0623  /          /       0.0028  3267
  108     43606.877     2292.5096  /         w/       0.0050  3268
  108     43605.936     2292.5591  /         w/       0.0049  3269
  108     43599.253     2292.9105  /          /       0.0027  3270
   87     43594.534     2293.1587  /          /       0.0074  3271
   87     43590.959     2293.3468  /          /       0.0024  3272
   87     43588.399     2293.4815  /          /       0.0025  3273
  106     43586.592     2293.5766  /          /       0.0027  3274
  103     43577.312     2294.0651  /          /       0.0025  3275
   87     43573.424     2294.2698  /          /       0.0024  3276
   87     43570.915     2294.4019  /          /       0.0024  3277
  108     43568.787     2294.5140  /          /       0.0025  3278
  109     43567.087     2294.6035  /         w/       0.0050  3279
  107     43564.671     2294.7308  /          /       0.0025  3280
  107     43562.253     2294.8582  /          /       0.0027  3281
  109     43560.694     2294.9403  /        **/       0.0027  3282
  106     43552.568     2295.3686  /          /       0.0026  3283
  100     43543.272     2295.8586  /          /       0.0025  3284
   94     43530.273     2296.5443  /          /       0.0026  3285
   87     43514.628     2297.3700  /          /       0.0025  3286
   87     43513.855     2297.4109  /          /       0.0024  3287
  107     43511.719     2297.5237  /          /       0.0026  3288
  103     43510.265     2297.6004  /          /       0.0025  3289
  107     43506.185     2297.8159  /          /       0.0026  3290
   97     43504.164     2297.9227  /          /       0.0025  3291
   86     43495.997     2298.3542  /          /       0.0025  3292
  107     43493.085     2298.5081  /         w/       0.0049  3293
  104     43491.656     2298.5836  /          /       0.0027  3294
  104     43487.460     2298.8054  /          /       0.0025  3295
  104     43484.929     2298.9392  /          /       0.0026  3296
   86     43480.721     2299.1617  /          /       0.0026  3297
  104     43474.657     2299.4825  /          /       0.0025  3298
   86     43472.396     2299.6021  /          /       0.0024  3299
   86     43469.094     2299.7767  /          /       0.0024  3300
  100     43458.471     2300.3390  /          /       0.0025  3301
  108     43452.990     2300.6292  /         w/       0.0050  3302
  108     43444.314     2301.0886  /         w/       0.0050  3303
   86     43422.804     2302.2286  /          /       0.0024  3304
   86     43420.353     2302.3586  /          /       0.0024  3305
   86     43417.026     2302.5350  /          /       0.0025  3306
  106     43415.922     2302.5936  /          /       0.0026  3307
  102     43410.172     2302.8986  /         w/       0.0049  3308
  102     43409.140     2302.9534  /         w/       0.0050  3309
   86     43407.469     2303.0420  /          /       0.0025  3310
  106     43406.026     2303.1186  /          /       0.0026  3311
   93     43399.836     2303.4471  /         w/       0.0050  3312
  104     43398.675     2303.5087  /          /       0.0025  3313
  102     43397.259     2303.5839  /         w/       0.0050  3314
  104     43395.692     2303.6671  /         w/       0.0049  3315
  108     43393.933     2303.7605  /         w/       0.0050  3316
  106     43391.911     2303.8678  /          /       0.0025  3317
  104     43385.637     2304.2010  /          /       0.0028  3318
   93     43381.741     2304.4080  /          /       0.0025  3319
  107     43369.795     2305.0428  /          /       0.0028  3320
  107     43368.397     2305.1171  /          /       0.0026  3321
   86     43365.006     2305.2974  /          /       0.0025  3322
   97     43359.678     2305.5807  /          /       0.0026  3323
   97     43340.652     2306.5929  /          /       0.0027  3324
  108     43334.254     2306.9334  /          /       0.0025  3325
   86     43331.753     2307.0666  /          /       0.0025  3326
   93     43329.953     2307.1625  /          /       0.0026  3327
   93     43327.839     2307.2750  /          /       0.0025  3328
  104     43325.816     2307.3828  /          /       0.0027  3329
  109     43321.996     2307.5862  /          /       0.0027  3330
  109     43318.666     2307.7637  /          /       0.0028  3331
   86     43315.963     2307.9076  /          /       0.0025  3332
  104     43314.148     2308.0044  /          /       0.0028  3333
   97     43313.417     2308.0433  /         w/       0.0050  3334
   93     43309.694     2308.2418  /          /       0.0025  3335
  109     43306.610     2308.4062  /          /       0.0028  3336
  102     43301.663     2308.6699  /          /       0.0025  3337
   86     43299.004     2308.8117  /          /       0.0025  3338
   86     43295.625     2308.9919  /          /       0.0025  3339
  108     43293.679     2309.0957  /       w**/       0.0050  3340
  105     43291.157     2309.2302  /          /       0.0025  3341
   86     43288.275     2309.3840  /          /       0.0027  3342
   86     43284.964     2309.5607  /          /       0.0025  3343
   93     43277.782     2309.9440  /          /       0.0026  3344
   86     43274.375     2310.1259  /          /       0.0025  3345
   97     43272.061     2310.2494  /          /       0.0028  3346
  100     43266.780     2310.5314  /          /       0.0026  3347
   86     43262.413     2310.7646  /          /       0.0025  3348
   86     43257.739     2311.0143  /          /       0.0026  3349
   86     43254.813     2311.1707  /         w/       0.0049  3350
  109     43252.659     2311.2858  /          /       0.0026  3351
  109     43249.762     2311.4406  /          /       0.0027  3352
  104     43239.241     2312.0031  /          /       0.0025  3353
   86     43222.645     2312.8909  /          /       0.0025  3354
  104     43220.477     2313.0069  /          /       0.0025  3355
  104     43217.973     2313.1410  /          /       0.0026  3356
  105     43214.969     2313.3018  /          /       0.0026  3357
  103     43208.322     2313.6577  /          /       0.0026  3358
  103     43204.552     2313.8596  /          /       0.0026  3359
   97     43202.381     2313.9759  /          /       0.0026  3360
   97     43200.887     2314.0559  /          /       0.0025  3361
  109     43198.613     2314.1777  /          /       0.0027  3362
   92     43194.974     2314.3727  /          /       0.0025  3363
   86     43189.465     2314.6679  /          /       0.0025  3364
   86     43187.825     2314.7558  /          /       0.0025  3365
   86     43183.684     2314.9778  /          /       0.0025  3366
   85     43178.205     2315.2716  /          /       0.0027  3367
  109     43174.812     2315.4536  /         w/       0.0050  3368
   92     43168.876     2315.7720  /          /       0.0027  3369
   92     43166.883     2315.8789  /          /       0.0026  3370
   85     43152.653     2316.6426  /          /       0.0025  3371
  105     43148.238     2316.8797  /          /       0.0025  3372
   85     43144.646     2317.0726  /          /       0.0025  3373
  107     43142.331     2317.1970  /          /       0.0027  3374
  101     43134.432     2317.6213  /          /       0.0025  3375
  101     43126.240     2318.0616  /          /       0.0028  3376
  108     43124.577     2318.1510  /          /       0.0025  3377
  108     43120.632     2318.3631  /          /       0.0025  3378
  108     43115.503     2318.6389  /        **/       0.0026  3379
  108     43112.227     2318.8151  /          /       0.0026  3380
  108     43109.304     2318.9724  /          /       0.0025  3381
   85     43105.930     2319.1539  /          /       0.0097  3382
   96     43103.384     2319.2909  /         w/       0.0050  3383
  108     43101.336     2319.4011  /       w**/       0.0051  3384
   96     43087.998     2320.1192  /          /       0.0028  3385
   96     43086.094     2320.2217  /          /       0.0025  3386
  108     43082.692     2320.4049  /        **/       0.0026  3387
   92     43073.422     2320.9043  /          /       0.0027  3388
   85     43065.694     2321.3208  /          /       0.0025  3389
  101     43060.872     2321.5808  /          /       0.0026  3390
   92     43059.202     2321.6709  /          /       0.0025  3391
  101     43058.377     2321.7154  /          /       0.0025  3392
  103     43053.253     2321.9917  /          /       0.0025  3393
  106     43043.389     2322.5239  /          /       0.0097  3394
   96     43029.229     2323.2882  /          /       0.0025  3395
   85     43027.949     2323.3573  /          /       0.0025  3396
   85     43025.468     2323.4913  /          /       0.0025  3397
  104     43007.977     2324.4364  /          /       0.0027  3398
  103     43006.440     2324.5195  /          /       0.0025  3399
   85     43001.131     2324.8064  /          /       0.0026  3400
   92     42997.255     2325.0160  /          /       0.0027  3401
   99     42990.830     2325.3635  /         w/       0.0049  3402
   85     42983.963     2325.7351  /         w/       0.0049  3403
  107     42982.206     2325.8301  /          /       0.0026  3404
  103     42977.791     2326.0691  /          /       0.0029  3405
  104     42976.735     2326.1263  /          /       0.0028  3406
   85     42975.445     2326.1961  /         w/       0.0050  3407
  106     42973.305     2326.3119  /          /       0.0025  3408
   85     42966.424     2326.6845  /          /       0.0026  3409
   85     42964.785     2326.7733  /          /       0.0027  3410
  101     42940.775     2328.0744  /          /       0.0025  3411
  104     42934.059     2328.4386  /          /       0.0025  3412
  108     42931.931     2328.5540  /         w/       0.0050  3413
  104     42929.570     2328.6821  /          /       0.0025  3414
  103     42927.266     2328.8071  /          /       0.0025  3415
  103     42924.388     2328.9632  /          /       0.0026  3416
   85     42922.858     2329.0462  /          /       0.0025  3417
  101     42921.907     2329.0979  /          /       0.0026  3418
  107     42920.262     2329.1872  /          /       0.0026  3419
  107     42916.534     2329.3895  /          /       0.0026  3420
   92     42915.290     2329.4570  /          /       0.0028  3421
  104     42913.293     2329.5654  /          /       0.0027  3422
  103     42898.084     2330.3914  /          /       0.0026  3423
  101     42891.190     2330.7660  /          /       0.0027  3424
   99     42871.637     2331.8291  /          /       0.0027  3425
   85     42866.174     2332.1263  /          /       0.0026  3426
  101     42861.725     2332.3684  /          /       0.0026  3427
  101     42859.779     2332.4743  /          /       0.0025  3428
  101     42857.759     2332.5843  /          /       0.0027  3429
   96     42841.649     2333.4615  /          /       0.0025  3430
  101     42839.822     2333.5610  /          /       0.0027  3431
  101     42836.834     2333.7238  /          /       0.0026  3432
   92     42820.181     2334.6315  /          /       0.0025  3433
   85     42819.429     2334.6725  /         c/       0.0070  3434
  102     42797.393     2335.8747  /          /       0.0027  3435
   91     42795.537     2335.9760  /          /       0.0026  3436
  108     42792.782     2336.1264  /         w/       0.0051  3437
   91     42778.257     2336.9197  /          /       0.0027  3438
   91     42775.756     2337.0563  /          /       0.0026  3439
   91     42771.377     2337.2956  /          /       0.0028  3440
  106     42769.412     2337.4030  /          /       0.0026  3441
  106     42768.182     2337.4702  /          /       0.0026  3442
   95     42755.148     2338.1829  /          /       0.0026  3443
   84     42750.930     2338.4136  /          /       0.0025  3444
   95     42747.452     2338.6039  /          /       0.0027  3445
   91     42741.559     2338.9263  /          /       0.0025  3446
   95     42736.565     2339.1997  /          /       0.0025  3447
   84     42733.480     2339.3686  /          /       0.0025  3448
  106     42727.885     2339.6749  /        **/       0.0026  3449
  104     42726.279     2339.7629  /          /       0.0025  3450
   95     42724.809     2339.8434  /         w/       0.0049  3451
   91     42710.682     2340.6174  /          /       0.0026  3452
   98     42698.633     2341.2779  /          /       0.0027  3453
   91     42691.364     2341.6766  /          /       0.0026  3454
   84     42678.545     2342.3800  /          /       0.0025  3455
  100     42664.177     2343.1689  /         w/       0.0051  3456
   95     42640.504     2344.4699  /          /       0.0025  3457
   95     42635.303     2344.7559  /          /       0.0026  3458
   98     42630.907     2344.9977  /          /       0.0027  3459
   95     42616.481     2345.7916  /          /       0.0025  3460
   91     42614.763     2345.8862  /          /       0.0028  3461
  100     42599.936     2346.7027  /         w/       0.0050  3462
   91     42588.375     2347.3398  /          /       0.0025  3463
   91     42564.363     2348.6641  /          /       0.0138  3464
   98     42562.153     2348.7861  /         w/       0.0051  3465
   95     42546.849     2349.6310  /          /       0.0027  3466
  106     42539.198     2350.0537  /          /       0.0027  3467
   95     42500.468     2352.1954  /         w/       0.0050  3468
  100     42494.089     2352.5485  /         w/       0.0051  3469
   98     42481.775     2353.2305  /         w/       0.0050  3470
   98     42479.803     2353.3398  /          /       0.0025  3471
  106     42473.390     2353.6951  /         w/       0.0051  3472
   95     42471.478     2353.8011  /          /       0.0027  3473
   91     42465.611     2354.1263  /          /       0.0028  3474
   95     42462.186     2354.3162  /          /       0.0025  3475
   98     42460.355     2354.4177  /          /       0.0028  3476
  100     42451.615     2354.9025  /         w/       0.0050  3477
  102     42450.926     2354.9407  /         w/       0.0051  3478
   95     42449.112     2355.0414  /          /       0.0025  3479
   91     42445.168     2355.2602  /          /       0.0025  3480
   98     42430.377     2356.0813  /          /       0.0027  3481
   95     42427.879     2356.2201  /          /       0.0027  3482
   95     42410.666     2357.1764  /          /       0.0028  3483
  100     42405.846     2357.4444  /          /       0.0025  3484
   95     42404.145     2357.5390  /          /       0.0025  3485
   95     42402.617     2357.6239  /          /       0.0026  3486
   98     42383.794     2358.6710  /          /       0.0025  3487
   98     42381.925     2358.7751  /          /       0.0025  3488
  100     42372.849     2359.2803  /          /       0.0026  3489
  102     42370.974     2359.3848  /          /       0.0029  3490
   91     42365.957     2359.6642  /          /       0.0029  3491
   91     42364.913     2359.7223  /          /       0.0025  3492
  100     42354.741     2360.2891  /        **/       0.0026  3493
  100     42351.048     2360.4949  /          /       0.0026  3494
   95     42347.880     2360.6715  /          /       0.0026  3495
  100     42345.868     2360.7837  /          /       0.0027  3496
  102     42340.362     2361.0907  /          /       0.0029  3497
  100     42329.446     2361.6997  /          /       0.0027  3498
  102     42323.795     2362.0150  /          /       0.0025  3499
   84     42321.606     2362.1372  /         w/       0.0050  3500
   97     42319.996     2362.2271  /          /       0.0026  3501
   91     42318.384     2362.3171  /          /       0.0028  3502
   84     42308.552     2362.8661  /          /       0.0026  3503
   84     42292.902     2363.7405  /         c/       0.0073  3504
   84     42292.467     2363.7648  /         w/       0.0050  3505
  103     42283.385     2364.2726  /          /       0.0025  3506
  104     42279.343     2364.4986  /          /       0.0027  3507
  101     42269.461     2365.0514  /          /       0.0028  3508
  103     42268.527     2365.1037  /          /       0.0026  3509
  107     42261.199     2365.5138  /          /       0.0027  3510
  104     42256.164     2365.7957  /          /       0.0028  3511
   83     42238.446     2366.7882  /          /       0.0025  3512
   94     42225.798     2367.4972  /          /       0.0029  3513
   97     42224.763     2367.5552  /          /       0.0029  3514
   83     42221.376     2367.7452  /          /       0.0025  3515
  100     42220.013     2367.8216  /        **/       0.0026  3516
  101     42212.434     2368.2468  /          /       0.0027  3517
  100     42210.262     2368.3686  /          /       0.0026  3518
  101     42206.450     2368.5826  /          /       0.0026  3519
  106     42203.049     2368.7735  /          /       0.0030  3520
  106     42197.571     2369.0810  /          /       0.0029  3521
   90     42193.404     2369.3150  /          /       0.0025  3522
   90     42190.297     2369.4895  /          /       0.0026  3523
  101     42183.736     2369.8580  /          /       0.0025  3524
  101     42180.821     2370.0218  /          /       0.0026  3525
   97     42178.264     2370.1655  /          /       0.0029  3526
  103     42163.082     2371.0190  /          /       0.0030  3527
  105     42157.498     2371.3331  /        **/       0.0026  3528
   94     42154.684     2371.4914  /          /       0.0025  3529
   90     42146.968     2371.9256  /          /       0.0030  3530
   97     42145.005     2372.0361  /          /       0.0025  3531
  105     42143.368     2372.1283  /          /       0.0026  3532
  103     42123.379     2373.2540  /          /       0.0026  3533
   97     42117.440     2373.5887  /          /       0.0068  3534
   97     42109.816     2374.0185  /          /       0.0031  3535
  101     42102.803     2374.4139  /          /       0.0028  3536
   99     42081.957     2375.5902  /          /       0.0025  3537
   99     42077.792     2375.8254  /          /       0.0027  3538
   97     42074.310     2376.0220  /         w/       0.0050  3539
  104     42072.913     2376.1009  /          /       0.0026  3540
   94     42064.802     2376.5591  /        **/       0.0030  3541
   97     42058.169     2376.9339  /          /       0.0027  3542
   97     42056.885     2377.0065  /          /       0.0028  3543
   99     42056.042     2377.0542  /          /       0.0027  3544
  103     42045.469     2377.6520  /          /       0.0026  3545
  106     42038.250     2378.0603  /         w/       0.0051  3546
   90     42035.110     2378.2380  /          /       0.0025  3547
   99     42030.444     2378.5020  /         w/       0.0050  3548
   94     42026.450     2378.7281  /         w/       0.0050  3549
  101     42024.001     2378.8667  /         w/       0.0051  3550
  106     42022.126     2378.9729  /         w/       0.0051  3551
   97     42019.369     2379.1290  /          /       0.0025  3552
   94     42017.670     2379.2252  /          /       0.0025  3553
   83     42015.879     2379.3266  /          /       0.0030  3554
   99     42010.540     2379.6290  /          /       0.0025  3555
   97     42003.084     2380.0514  /          /       0.0026  3556
   94     41985.540     2381.0460  /          /       0.0026  3557
   90     41978.533     2381.4435  /          /       0.0026  3558
   83     41966.842     2382.1070  /         w/       0.0051  3559
  103     41965.121     2382.2047  /          /       0.0027  3560
  101     41958.368     2382.5881  /          /       0.0027  3561
   97     41954.958     2382.7818  /          /       0.0025  3562
   94     41951.500     2382.9782  /          /       0.0027  3563
   99     41927.600     2384.3367  /          /       0.0027  3564
   97     41924.646     2384.5047  /          /       0.0028  3565
   99     41920.272     2384.7535  /          /       0.0030  3566
  101     41884.745     2386.7765  /          /       0.0025  3567
   99     41881.940     2386.9363  /          /       0.0026  3568
  102     41877.216     2387.2056  /          /       0.0026  3569
   94     41873.280     2387.4300  /          /       0.0027  3570
   97     41848.487     2388.8445  /          /       0.0026  3571
   83     41845.486     2389.0159  /          /       0.0026  3572
   99     41839.992     2389.3296  /          /       0.0026  3573
   97     41837.500     2389.4719  /          /       0.0027  3574
   97     41830.810     2389.8541  /          /       0.0025  3575
  101     41826.723     2390.0876  /          /       0.0025  3576
   90     41823.314     2390.2825  /          /       0.0026  3577
   99     41818.952     2390.5318  /          /       0.0026  3578
  101     41816.849     2390.6520  /          /       0.0025  3579
   99     41802.464     2391.4748  /          /       0.0026  3580
  101     41777.339     2392.9131  /          /       0.0026  3581
   97     41763.049     2393.7320  /          /       0.0026  3582
  102     41757.954     2394.0241  /          /       0.0027  3583
   97     41757.274     2394.0631  /          /       0.0027  3584
   99     41747.054     2394.6492  /          /       0.0026  3585
  101     41744.232     2394.8111  /         w/       0.0051  3586
  106     41733.246     2395.4416  /          /       0.0026  3587
  104     41707.925     2396.8959  /          /       0.0025  3588
  101     41691.470     2397.8421  /          /       0.0025  3589
  105     41687.720     2398.0578  /          /       0.0026  3590
   83     41669.528     2399.1048  /          /       0.0025  3591
  106     41659.222     2399.6983  /          /       0.0029  3592
   83     41656.151     2399.8753  /          /       0.0027  3593
   97     41643.975     2400.5770  /          /       0.0027  3594
  103     41641.892     2400.6971  /          /       0.0027  3595
  102     41639.445     2400.8382  /          /       0.0027  3596
   83     41614.640     2402.2693  /          /       0.0028  3597
  101     41610.073     2402.5330  /          /       0.0026  3598
   83     41564.289     2405.1797  /          /       0.0025  3599
  106     41557.703     2405.5609  /         w/       0.0050  3600
   90     41553.261     2405.8181  /          /       0.0025  3601
  102     41544.387     2406.3320  /          /       0.0027  3602
  101     41538.000     2406.7020  /          /       0.0025  3603
   96     41534.622     2406.8978  /          /       0.0025  3604
   83     41531.960     2407.0520  /          /       0.0025  3605
  102     41530.240     2407.1517  /          /       0.0026  3606
   83     41526.054     2407.3944  /          /       0.0026  3607
   83     41514.609     2408.0581  /          /       0.0025  3608
   83     41514.029     2408.0918  /          /       0.0025  3609
  106     41512.412     2408.1856  /          /       0.0027  3610
   83     41495.300     2409.1788  /          /       0.0027  3611
  106     41484.620     2409.7990  /          /       0.0027  3612
   89     41476.000     2410.2999  /          /       0.0027  3613
   89     41473.820     2410.4266  /         w/       0.0062  3614
   83     41464.296     2410.9803  /          /       0.0025  3615
   96     41457.270     2411.3890  /          /       0.0025  3616
   83     41455.906     2411.4683  /          /       0.0025  3617
   83     41448.187     2411.9174  /          /       0.0026  3618
   99     41446.726     2412.0025  /          /       0.0027  3619
   83     41443.010     2412.2187  /          /       0.0026  3620
  106     41440.005     2412.3937  /          /       0.0029  3621
  102     41423.808     2413.3370  /          /       0.0027  3622
  102     41414.943     2413.8536  /          /       0.0028  3623
   82     41411.970     2414.0269  /          /       0.0025  3624
  100     41403.248     2414.5355  /          /       0.0026  3625
   96     41386.736     2415.4989  /          /       0.0047  3626
   96     41382.813     2415.7279  /          /       0.0026  3627
   82     41369.195     2416.5232  /          /       0.0028  3628
   93     41367.059     2416.6480  /          /       0.0028  3629
  105     41349.252     2417.6888  /          /       0.0026  3630
  105     41327.683     2418.9507  /          /       0.0027  3631
  100     41305.911     2420.2258  /          /       0.0027  3632
   82     41298.666     2420.6504  /          /       0.0027  3633
   82     41296.539     2420.7751  /          /       0.0028  3634
  103     41290.038     2421.1563  /          /       0.0027  3635
   98     41279.983     2421.7460  /          /       0.0028  3636
   82     41273.459     2422.1289  /          /       0.0025  3637
   82     41271.399     2422.2498  /          /       0.0026  3638
   98     41262.749     2422.7576  /          /       0.0031  3639
  100     41260.621     2422.8826  /         w/       0.0095  3640
  102     41255.814     2423.1649  /          /       0.0030  3641
   93     41250.948     2423.4507  /          /       0.0025  3642
   93     41246.750     2423.6974  /          /       0.0028  3643
   82     41242.968     2423.9197  /          /       0.0025  3644
   82     41242.400     2423.9531  /          /       0.0025  3645
   98     41240.898     2424.0414  /          /       0.0027  3646
   89     41235.977     2424.3307  /          /       0.0028  3647
   98     41232.233     2424.5508  /          /       0.0027  3648
  100     41230.668     2424.6429  /          /       0.0028  3649
  100     41227.964     2424.8019  /         w/       0.0051  3650
   93     41224.080     2425.0304  /          /       0.0026  3651
   89     41217.313     2425.4285  /          /       0.0026  3652
   82     41213.888     2425.6301  /          /       0.0025  3653
   82     41210.924     2425.8046  /          /       0.0026  3654
  105     41205.274     2426.1372  /          /       0.0028  3655
   89     41202.065     2426.3262  /          /       0.0026  3656
  105     41193.134     2426.8523  /          /       0.0026  3657
   82     41163.773     2428.5834  /          /       0.0027  3658
   82     41148.378     2429.4921  /          /       0.0025  3659
   82     41147.167     2429.5636  /          /       0.0025  3660
   82     41145.177     2429.6811  /          /       0.0026  3661
   93     41136.100     2430.2173  /          /       0.0025  3662
  105     41134.418     2430.3167  /         w/       0.0051  3663
  103     41118.453     2431.2604  /          /       0.0027  3664
  104     41110.846     2431.7103  /          /       0.0029  3665
   89     41103.475     2432.1464  /          /       0.0028  3666
  102     41094.504     2432.6774  /          /       0.0027  3667
   93     41086.632     2433.1435  /          /       0.0028  3668
   82     41078.677     2433.6147  /          /       0.0030  3669
  105     41069.209     2434.1758  /         w/       0.0050  3670
  105     41065.658     2434.3863  /          /       0.0027  3671
  100     41059.667     2434.7415  /          /       0.0029  3672
   93     41048.537     2435.4017  /          /       0.0027  3673
   89     41042.228     2435.7761  /          /       0.0025  3674
  105     41040.039     2435.9060  /          /       0.0027  3675
  105     41023.481     2436.8893  /          /       0.0029  3676
  103     41020.544     2437.0638  /          /       0.0026  3677
   93     41012.537     2437.5396  /          /       0.0028  3678
   98     41010.607     2437.6543  /          /       0.0027  3679
   98     40999.137     2438.3364  /          /       0.0028  3680
  105     40994.240     2438.6277  /          /       0.0028  3681
  104     40975.832     2439.7233  /          /       0.0026  3682
   82     40970.879     2440.0182  /          /       0.0025  3683
   96     40965.555     2440.3354  /          /       0.0026  3684
  102     40953.935     2441.0278  /          /       0.0027  3685
   96     40951.900     2441.1491  /          /       0.0026  3686
   93     40948.345     2441.3611  /          /       0.0026  3687
  103     40943.628     2441.6424  /          /       0.0026  3688
   82     40940.011     2441.8581  /          /       0.0026  3689
   82     40932.105     2442.3298  /          /       0.0026  3690
   82     40925.934     2442.6981  /          /       0.0026  3691
  102     40921.366     2442.9708  /          /       0.0028  3692
   82     40902.307     2444.1092  /          /       0.0026  3693
   96     40901.347     2444.1666  /          /       0.0026  3694
  104     40889.263     2444.8889  /         w/       0.0051  3695
  105     40888.548     2444.9317  /         w/       0.0051  3696
  105     40879.292     2445.4853  /          /       0.0026  3697
   82     40871.339     2445.9612  /         w/       0.0050  3698
   98     40869.605     2446.0650  /          /       0.0026  3699
  105     40857.828     2446.7701  /          /       0.0027  3700
  103     40845.681     2447.4978  /          /       0.0027  3701
  105     40834.713     2448.1552  /          /       0.0027  3702
   82     40810.027     2449.6362  /          /       0.0026  3703
   96     40805.459     2449.9105  /        **/       0.0028  3704
   82     40803.561     2450.0244  /        **/       0.0028  3705
   82     40800.995     2450.1785  /          /       0.0029  3706
  101     40799.172     2450.2880  /          /       0.0026  3707
   98     40789.685     2450.8580  /          /       0.0215  3708
   89     40780.977     2451.3813  /          /       0.0028  3709
   82     40780.027     2451.4385  /         w/       0.0050  3710
  100     40773.193     2451.8494  /          /       0.0029  3711
  105     40770.327     2452.0217  /          /       0.0028  3712
   82     40767.717     2452.1787  /        **/       0.0026  3713
  105     40757.242     2452.8090  /         w/       0.0051  3714
  105     40756.540     2452.8513  /         w/       0.0052  3715
   82     40750.438     2453.2186  /          /       0.0025  3716
   82     40749.070     2453.3009  /          /       0.0027  3717
   98     40741.086     2453.7817  /          /       0.0027  3718
  105     40727.493     2454.6008  /          /       0.0025  3719
  105     40723.844     2454.8207  /          /       0.0027  3720
   93     40719.517     2455.0816  /         w/       0.0050  3721
  100     40718.936     2455.1166  /         w/       0.0052  3722
   89     40714.993     2455.3544  /          /       0.0027  3723
   89     40708.736     2455.7318  /          /       0.0026  3724
   82     40705.713     2455.9142  /          /       0.0028  3725
   93     40704.456     2455.9901  /          /       0.0026  3726
   82     40696.378     2456.4776  /          /       0.0025  3727
   82     40692.064     2456.7380  /          /       0.0026  3728
  100     40672.231     2457.9361  /          /       0.0026  3729
   82     40667.085     2458.2472  /          /       0.0030  3730
  103     40649.513     2459.3099  /          /       0.0027  3731
  101     40647.917     2459.4065  /          /       0.0027  3732
  105     40641.870     2459.7724  /         w/       0.0051  3733
  101     40640.689     2459.8439  /          /       0.0028  3734
  100     40639.526     2459.9143  /          /       0.0025  3735
   93     40638.367     2459.9845  /          /       0.0025  3736
  100     40627.733     2460.6284  /          /       0.0029  3737
  105     40626.191     2460.7218  /         w/       0.0051  3738
  105     40602.207     2462.1755  /          /       0.0027  3739
   82     40598.858     2462.3786  /          /       0.0025  3740
   82     40596.517     2462.5206  /          /       0.0025  3741
  105     40590.304     2462.8975  /          /       0.0029  3742
  103     40583.739     2463.2960  /          /       0.0025  3743
   82     40575.466     2463.7983  /          /       0.0025  3744
   96     40567.598     2464.2761  /          /       0.0030  3745
   82     40561.487     2464.6474  /          /       0.0025  3746
   82     40556.847     2464.9294  /          /       0.0025  3747
   89     40551.175     2465.2742  /          /       0.0026  3748
   89     40547.205     2465.5156  /          /       0.0029  3749
  100     40540.638     2465.9150  /          /       0.0027  3750
  101     40536.170     2466.1868  /          /       0.0028  3751
  101     40535.536     2466.2254  /         w/       0.0050  3752
   89     40531.041     2466.4990  /          /       0.0028  3753
  100     40527.484     2466.7154  /        **/       0.0026  3754
   82     40518.196     2467.2809  /          /       0.0027  3755
  104     40515.465     2467.4473  /         w/       0.0051  3756
   89     40512.258     2467.6426  /         w/       0.0050  3757
  104     40508.577     2467.8668  /          /       0.0027  3758
   98     40504.566     2468.1113  /         w/       0.0050  3759
  105     40503.120     2468.1994  /          /       0.0027  3760
   89     40497.526     2468.5403  /          /       0.0025  3761
   82     40495.993     2468.6338  /          /       0.0026  3762
  105     40490.488     2468.9694  /          /       0.0030  3763
  100     40484.935     2469.3081  /          /       0.0029  3764
   82     40476.950     2469.7953  /          /       0.0027  3765
  100     40457.556     2470.9793  /          /       0.0025  3766
  103     40454.741     2471.1512  /          /       0.0026  3767
   98     40434.667     2472.3782  /          /       0.0028  3768
   89     40424.327     2473.0106  /          /       0.0025  3769
  105     40417.581     2473.4234  /         w/       0.0052  3770
   82     40407.053     2474.0679  /          /       0.0025  3771
   82     40402.965     2474.3182  /          /       0.0086  3772
   93     40396.535     2474.7121  /          /       0.0025  3773
  103     40391.118     2475.0440  /        **/       0.0026  3774
   98     40386.327     2475.3376  /          /       0.0029  3775
   82     40383.124     2475.5340  /         w/       0.0051  3776
   89     40380.622     2475.6874  /          /       0.0028  3777
   82     40376.438     2475.9440  /          /       0.0029  3778
   98     40374.543     2476.0602  /         w/       0.0090  3779
   98     40371.341     2476.2566  /         w/       0.0051  3780
  104     40356.358     2477.1760  /          /       0.0026  3781
   82     40354.760     2477.2741  /          /       0.0028  3782
   82     40346.681     2477.7702  /          /       0.0026  3783
   82     40339.259     2478.2261  /         w/       0.0051  3784
  105     40337.717     2478.3208  /         w/       0.0052  3785
   89     40333.973     2478.5509  /          /       0.0025  3786
   89     40332.245     2478.6571  /          /       0.0025  3787
   98     40322.068     2479.2827  /          /       0.0031  3788
  105     40310.832     2479.9738  /          /       0.0027  3789
   98     40306.722     2480.2267  /         w/       0.0051  3790
   98     40306.446     2480.2437  /         w/       0.0051  3791
   93     40303.794     2480.4069  /         w/       0.0051  3792
  104     40302.517     2480.4855  /          /       0.0028  3793
  104     40299.203     2480.6895  /          /       0.0026  3794
  105     40293.791     2481.0227  /          /       0.0028  3795
   82     40283.043     2481.6848  /          /       0.0025  3796
  104     40281.692     2481.7680  /          /       0.0026  3797
   82     40278.123     2481.9879  /         w/       0.0051  3798
   82     40276.403     2482.0939  /          /       0.0025  3799
  100     40274.844     2482.1900  /          /       0.0025  3800
   82     40273.365     2482.2812  /          /       0.0025  3801
  101     40271.706     2482.3834  /        **/       0.0027  3802
  100     40270.625     2482.4501  /          /       0.0025  3803
   82     40268.598     2482.5750  /          /       0.0026  3804
   98     40266.565     2482.7004  /         w/       0.0093  3805
   96     40260.302     2483.0866  /          /       0.0026  3806
  100     40257.870     2483.2366  /          /       0.0026  3807
  105     40256.766     2483.3048  /          /       0.0027  3808
   98     40253.203     2483.5246  /         w/       0.0064  3809
   93     40247.654     2483.8670  /          /       0.0025  3810
  105     40245.726     2483.9860  /          /       0.0027  3811
   93     40242.257     2484.2002  /          /       0.0026  3812
  105     40235.819     2484.5977  /         w/       0.0052  3813
   82     40234.157     2484.7003  /          /       0.0026  3814
  104     40231.328     2484.8750  /          /       0.0028  3815
   82     40228.433     2485.0539  /          /       0.0025  3816
  105     40226.819     2485.1536  /         w/       0.0052  3817
  104     40204.698     2486.5210  /          /       0.0027  3818
   98     40199.350     2486.8519  /          /       0.0028  3819
   98     40194.684     2487.1406  /          /       0.0027  3820
   82     40192.192     2487.2948  /          /       0.0025  3821
  100     40191.486     2487.3385  /          /       0.0028  3822
  102     40186.841     2487.6260  /          /       0.0027  3823
  100     40184.850     2487.7493  /          /       0.0028  3824
   89     40180.864     2487.9961  /          /       0.0025  3825
   93     40177.394     2488.2110  /          /       0.0025  3826
   93     40175.054     2488.3559  /         w/       0.0053  3827
   93     40172.973     2488.4848  /         w/       0.0051  3828
  102     40170.651     2488.6287  /         w/       0.0051  3829
  105     40169.204     2488.7183  /         w/       0.0081  3830
   98     40163.224     2489.0889  /          /       0.0026  3831
   89     40160.723     2489.2439  /          /       0.0025  3832
   98     40150.627     2489.8699  /         w/       0.0091  3833
  104     40145.415     2490.1932  /          /       0.0027  3834
   82     40138.603     2490.6158  /         w/       0.0051  3835
   82     40131.060     2491.0840  /          /       0.0025  3836
   89     40128.618     2491.2356  /          /       0.0028  3837
  100     40127.188     2491.3244  /          /       0.0027  3838
   82     40122.474     2491.6171  /          /       0.0025  3839
  105     40116.796     2491.9698  /          /       0.0027  3840
  100     40110.823     2492.3409  /          /       0.0029  3841
  100     40106.802     2492.5908  /          /       0.0027  3842
   89     40104.084     2492.7597  /          /       0.0030  3843
  100     40101.740     2492.9054  /          /       0.0027  3844
  102     40091.824     2493.5220  /          /       0.0027  3845
  100     40089.224     2493.6838  /          /       0.0028  3846
   82     40084.204     2493.9961  /          /       0.0025  3847
  105     40080.945     2494.1989  /         w/       0.0052  3848
   82     40079.113     2494.3129  /          /       0.0025  3849
   82     40075.893     2494.5133  /          /       0.0094  3850
   93     40074.951     2494.5720  /          /       0.0027  3851
   93     40070.435     2494.8532  /          /       0.0027  3852
   89     40065.324     2495.1714  /          /       0.0027  3853
   93     40064.192     2495.2419  /         w/       0.0051  3854
  105     40062.146     2495.3694  /         w/       0.0052  3855
  105     40059.948     2495.5063  /         w/       0.0052  3856
   88     40058.737     2495.5817  /          /       0.0028  3857
  101     40053.140     2495.9305  /          /       0.0026  3858
   82     40048.583     2496.2145  /          /       0.0064  3859
   82     40047.299     2496.2946  /          /       0.0029  3860
   88     40033.717     2497.1415  /          /       0.0029  3861
   88     40032.173     2497.2379  /          /       0.0025  3862
   82     40025.033     2497.6834  /          /       0.0025  3863
   82     40022.392     2497.8482  /          /       0.0025  3864
   82     40018.385     2498.0983  /          /       0.0026  3865
  104     40017.077     2498.1800  /         w/       0.0052  3866
   82     40015.188     2498.2979  /        **/       0.0026  3867
   98     40008.128     2498.7388  /          /       0.0027  3868
   82     40004.902     2498.9403  /          /       0.0025  3869
   98     40000.183     2499.2351  /          /       0.0025  3870
  101     39994.437     2499.5942  /          /       0.0027  3871
   99     39992.929     2499.6885  /          /       0.0027  3872
  105     39988.439     2499.9692  /          /       0.0026  3873
   82     39983.829     2500.2574  /          /       0.0028  3874
   95     39981.811     2500.3836  /          /       0.0036  3875
   92     39980.633     2500.4573  /         w/       0.0051  3876
   81     39974.466     2500.8431  /          /       0.0025  3877
   98     39972.325     2500.9771  /          /       0.0026  3878
   81     39964.561     2501.4630  /          /       0.0025  3879
   81     39961.085     2501.6806  /         w/       0.0053  3880
   81     39956.492     2501.9682  /         w/       0.0051  3881
   88     39955.612     2502.0232  /          /       0.0025  3882
   81     39953.842     2502.1341  /          /       0.0025  3883
   98     39947.569     2502.5270  /         w/       0.0051  3884
  101     39946.301     2502.6065  /         w/       0.0052  3885
   99     39945.496     2502.6569  /          /       0.0028  3886
   81     39942.848     2502.8229  /          /       0.0027  3887
  102     39941.476     2502.9088  /          /       0.0028  3888
  102     39939.792     2503.0144  /          /       0.0027  3889
   81     39937.466     2503.1602  /          /       0.0027  3890
   81     39936.351     2503.2300  /          /       0.0025  3891
   98     39933.756     2503.3927  /          /       0.0026  3892
   98     39932.647     2503.4623  /         w/       0.0053  3893
   92     39931.401     2503.5404  /          /       0.0031  3894
   98     39930.154     2503.6186  /          /       0.0027  3895
   88     39924.165     2503.9942  /          /       0.0028  3896
   88     39917.551     2504.4091  /        *r/       0.0037  3897
   88     39915.412     2504.5433  /          /       0.0025  3898
   92     39910.639     2504.8428  /          /       0.0028  3899
   81     39908.804     2504.9580  /          /       0.0026  3900
   81     39903.860     2505.2684  /          /       0.0026  3901
   81     39902.421     2505.3588  /          /       0.0026  3902
   92     39892.620     2505.9743  /          /       0.0027  3903
   81     39884.518     2506.4834  /          /       0.0028  3904
   81     39871.864     2507.2789  /          /       0.0026  3905
   81     39870.744     2507.3494  /          /       0.0028  3906
   97     39851.077     2508.5869  /         w/       0.0051  3907
   97     39850.590     2508.6175  /          /       0.0029  3908
   95     39849.550     2508.6830  /          /       0.0025  3909
   81     39843.573     2509.0594  /          /       0.0025  3910
  101     39840.635     2509.2444  /          /       0.0027  3911
  101     39827.173     2510.0926  /          /       0.0028  3912
   81     39826.366     2510.1435  /         w/       0.0052  3913
  101     39823.249     2510.3400  /          /       0.0029  3914
  101     39821.868     2510.4270  /          /       0.0028  3915
   88     39818.932     2510.6122  /          /       0.0025  3916
  103     39810.969     2511.1143  /         w/       0.0053  3917
  102     39808.247     2511.2861  /          /       0.0028  3918
   81     39800.912     2511.7489  /          /       0.0029  3919
   81     39790.422     2512.4111  /         w/       0.0051  3920
   95     39787.245     2512.6118  /          /       0.0027  3921
   95     39785.495     2512.7223  /          /       0.0027  3922
   97     39772.337     2513.5536  /          /       0.0027  3923
   81     39768.845     2513.7744  /          /       0.0127  3924
   81     39765.413     2513.9913  /         w/       0.0051  3925
   81     39762.996     2514.1441  /          /       0.0026  3926
   88     39757.952     2514.4631  /          /       0.0025  3927
  101     39751.016     2514.9019  /        **/       0.0028  3928
  101     39748.749     2515.0453  /          /       0.0028  3929
  101     39741.746     2515.4886  /          /       0.0028  3930
   95     39731.942     2516.1093  /          /       0.0025  3931
   81     39728.333     2516.3379  /          /       0.0027  3932
   81     39718.464     2516.9632  /         d/       0.0139  3933
  103     39710.666     2517.4575  /         w/       0.0051  3934
  102     39709.748     2517.5157  /          /       0.0029  3935
   81     39703.389     2517.9189  /          /       0.0027  3936
   81     39696.955     2518.3270  /          /       0.0026  3937
   81     39689.763     2518.7834  /         w/       0.0051  3938
   81     39688.438     2518.8675  /         w/       0.0051  3939
  103     39684.601     2519.1110  /         d/       0.0139  3940
   88     39682.051     2519.2730  /          /       0.0025  3941
  102     39671.920     2519.9163  /          /       0.0026  3942
   97     39668.871     2520.1100  /          /       0.0029  3943
   88     39660.168     2520.6631  /          /       0.0026  3944
   95     39658.928     2520.7419  /          /       0.0029  3945
   99     39658.205     2520.7879  /          /       0.0029  3946
  101     39654.520     2521.0221  /          /       0.0027  3947
   81     39644.200     2521.6784  /          /       0.0029  3948
   88     39638.444     2522.0446  /          /       0.0026  3949
   81     39624.826     2522.9114  /          /       0.0027  3950
   97     39622.094     2523.0854  /          /       0.0027  3951
   92     39613.455     2523.6357  /          /       0.0025  3952
   99     39611.049     2523.7890  /         w/       0.0052  3953
   99     39601.191     2524.4173  /          /       0.0028  3954
   97     39595.866     2524.7568  /          /       0.0027  3955
  102     39590.092     2525.1250  /         w/       0.0052  3956
   81     39566.390     2526.6378  /          /       0.0028  3957
   81     39551.786     2527.5708  /         w/       0.0051  3958
   92     39545.802     2527.9533  /          /       0.0027  3959
   92     39542.536     2528.1621  /          /       0.0027  3960
   88     39539.884     2528.3317  /          /       0.0028  3961
  101     39533.705     2528.7269  /          /       0.0027  3962
   95     39533.241     2528.7566  /          /       0.0028  3963
  103     39527.688     2529.1118  /         d/       0.0139  3964
   88     39522.705     2529.4307  /          /       0.0026  3965
   95     39518.041     2529.7293  /          /       0.0026  3966
   97     39517.408     2529.7698  /          /       0.0026  3967
  103     39506.523     2530.4669  /         w/       0.0051  3968
   95     39503.596     2530.6544  /          /       0.0031  3969
   81     39498.702     2530.9679  /          /       0.0028  3970
   81     39496.024     2531.1395  /          /       0.0026  3971
  103     39493.133     2531.3249  /         w/       0.0053  3972
   99     39488.257     2531.6374  /          /       0.0037  3973
  100     39483.737     2531.9273  /          /       0.0026  3974
   92     39480.733     2532.1199  /          /       0.0028  3975
   92     39472.313     2532.6601  /          /       0.0028  3976
  103     39456.796     2533.6562  /         w/       0.0053  3977
  103     39452.906     2533.9060  /         w/       0.0053  3978
   99     39447.461     2534.2558  /         w/       0.0052  3979
   97     39441.766     2534.6218  /         w/       0.0051  3980
  103     39439.618     2534.7598  /         w/       0.0053  3981
   95     39435.799     2535.0053  /          /       0.0028  3982
  100     39421.168     2535.9462  /         w/       0.0052  3983
   95     39419.825     2536.0326  /         w/       0.0051  3984
  100     39410.205     2536.6517  /          /       0.0030  3985
  102     39408.684     2536.7496  /          /       0.0026  3986
   88     39403.256     2537.0991  /          /       0.0028  3987
   92     39395.239     2537.6154  /          /       0.0027  3988
  103     39383.616     2538.3644  /       w**/       0.0053  3989
   99     39380.688     2538.5531  /          /       0.0026  3990
   88     39368.244     2539.3556  /          /       0.0026  3991
   97     39361.972     2539.7602  /          /       0.0027  3992
  102     39360.955     2539.8259  /         w/       0.0052  3993
   92     39358.695     2539.9717  /          /       0.0026  3994
  100     39353.420     2540.3122  /          /       0.0027  3995
   95     39348.593     2540.6238  /          /       0.0030  3996
   88     39346.936     2540.7308  /          /       0.0026  3997
  102     39341.506     2541.0815  /         w/       0.0052  3998
   81     39339.124     2541.2354  /          /       0.0026  3999
   81     39337.295     2541.3536  /         w/       0.0051  4000
   81     39322.476     2542.3114  /          /       0.0029  4001
   81     39315.604     2542.7558  /          /       0.0027  4002
   81     39307.259     2543.2956  /         w/       0.0052  4003
   99     39303.173     2543.5601  /          /       0.0028  4004
   81     39301.817     2543.6478  /          /       0.0027  4005
   88     39289.317     2544.4572  /          /       0.0026  4006
   81     39287.915     2544.5479  /         w/       0.0051  4007
   92     39282.556     2544.8951  /          /       0.0026  4008
   92     39282.114     2544.9237  /         w/       0.0051  4009
   97     39271.926     2545.5840  /          /       0.0026  4010
  103     39268.692     2545.7937  /         w/       0.0054  4011
   97     39267.154     2545.8934  /          /       0.0028  4012
  102     39262.535     2546.1929  /          /       0.0029  4013
   92     39253.732     2546.7639  /          /       0.0028  4014
  103     39236.481     2547.8837  /         w/       0.0054  4015
   81     39229.704     2548.3239  /          /       0.0029  4016
   88     39225.434     2548.6013  /          /       0.0026  4017
   81     39224.604     2548.6553  /          /       0.0027  4018
   81     39211.068     2549.5352  /          /       0.0027  4019
   94     39201.707     2550.1440  /         w/       0.0051  4020
   92     39198.744     2550.3368  /          /       0.0026  4021
   92     39196.654     2550.4728  /          /       0.0026  4022
   97     39193.391     2550.6851  /          /       0.0027  4023
   97     39186.235     2551.1509  /          /       0.0026  4024
   97     39185.715     2551.1848  /          /       0.0026  4025
  103     39183.895     2551.3033  /         w/       0.0054  4026
  103     39180.489     2551.5251  /         w/       0.0052  4027
  100     39174.996     2551.8829  /          /       0.0028  4028
   81     39172.600     2552.0390  /          /       0.0027  4029
   94     39171.392     2552.1177  /          /       0.0029  4030
   87     39169.165     2552.2628  /          /       0.0026  4031
   97     39167.970     2552.3407  /          /       0.0029  4032
   97     39152.916     2553.3221  /          /       0.0027  4033
   92     39151.965     2553.3841  /          /       0.0027  4034
   81     39149.467     2553.5471  /          /       0.0026  4035
   81     39138.621     2554.2547  /         w/       0.0051  4036
   80     39128.914     2554.8884  /          /       0.0030  4037
   80     39127.504     2554.9805  /          /       0.0027  4038
   80     39124.925     2555.1489  /         w/       0.0051  4039
   87     39124.055     2555.2058  /         w/       0.0051  4040
  100     39121.780     2555.3544  /        **/       0.0029  4041
  102     39116.402     2555.7057  /         w/       0.0053  4042
   94     39108.659     2556.2117  /          /       0.0027  4043
   98     39104.575     2556.4787  /          /       0.0028  4044
   98     39102.589     2556.6086  /          /       0.0027  4045
   94     39099.423     2556.8156  /          /       0.0026  4046
   80     39093.399     2557.2096  /          /       0.0027  4047
   91     39091.577     2557.3288  /          /       0.0028  4048
   80     39082.556     2557.9191  /          /       0.0027  4049
   94     39073.075     2558.5398  /          /       0.0027  4050
   96     39070.979     2558.6771  /          /       0.0028  4051
  102     39066.086     2558.9976  /         w/       0.0052  4052
   87     39061.781     2559.2796  /          /       0.0028  4053
   80     39052.810     2559.8676  /          /       0.0027  4054
   80     39051.945     2559.9243  /          /       0.0027  4055
   96     39043.806     2560.4580  /          /       0.0026  4056
   80     39030.879     2561.3060  /       w**/       0.0054  4057
   94     39028.956     2561.4322  /          /       0.0027  4058
   98     39023.717     2561.7761  /          /       0.0026  4059
  100     38997.797     2563.4789  /          /       0.0027  4060
   87     38991.249     2563.9095  /          /       0.0028  4061
   87     38989.171     2564.0461  /          /       0.0027  4062
   94     38982.090     2564.5119  /          /       0.0029  4063
   80     38974.615     2565.0038  /          /       0.0026  4064
   80     38969.348     2565.3505  /         w/       0.0053  4065
  101     38966.526     2565.5363  /          /       0.0028  4066
   80     38964.159     2565.6922  /          /       0.0032  4067
   80     38962.574     2565.7965  /          /       0.0028  4068
   87     38940.362     2567.2602  /          /       0.0056  4069
  100     38930.766     2567.8930  /          /       0.0026  4070
   98     38924.468     2568.3085  /        **/       0.0030  4071
   80     38913.385     2569.0401  /          /       0.0028  4072
   98     38912.017     2569.1304  /          /       0.0027  4073
  102     38910.836     2569.2084  /         w/       0.0054  4074
   80     38908.468     2569.3648  /          /       0.0026  4075
   94     38896.230     2570.1732  /          /       0.0030  4076
   94     38891.320     2570.4977  /          /       0.0030  4077
  102     38884.545     2570.9456  /       w**/       0.0053  4078
   80     38882.525     2571.0792  /          /       0.0026  4079
   87     38872.998     2571.7093  /         w/       0.0127  4080
  101     38871.265     2571.8240  /          /       0.0029  4081
   80     38867.449     2572.0765  /          /       0.0026  4082
   87     38866.133     2572.1636  /         w/       0.0054  4083
   99     38859.672     2572.5913  /          /       0.0026  4084
   94     38857.978     2572.7035  /          /       0.0030  4085
   87     38854.182     2572.9549  /         w/       0.0052  4086
   91     38842.403     2573.7351  /          /       0.0031  4087
   80     38838.801     2573.9738  /          /       0.0026  4088
   87     38825.721     2574.8410  /          /       0.0056  4089
   99     38824.548     2574.9188  /         w/       0.0052  4090
   80     38818.430     2575.3247  /          /       0.0026  4091
   80     38809.552     2575.9139  /          /       0.0026  4092
   80     38806.566     2576.1121  /          /       0.0027  4093
   80     38801.751     2576.4318  /         w/       0.0052  4094
   87     38798.590     2576.6417  /          /       0.0029  4095
   91     38794.379     2576.9214  /         w/       0.0054  4096
   87     38780.090     2577.8709  /         w/       0.0053  4097
   80     38770.642     2578.4992  /          /       0.0067  4098
   87     38768.072     2578.6701  /          /       0.0027  4099
  102     38766.455     2578.7777  /         w/       0.0054  4100
   87     38761.601     2579.1007  /          /       0.0026  4101
   80     38757.177     2579.3951  /          /       0.0027  4102
  102     38748.306     2579.9856  /         w/       0.0055  4103
   91     38746.698     2580.0927  /          /       0.0027  4104
   87     38738.831     2580.6167  /          /       0.0026  4105
   87     38734.773     2580.8871  /         w/       0.0053  4106
   80     38726.330     2581.4498  /       w**/       0.0052  4107
   93     38717.645     2582.0289  /          /       0.0031  4108
   96     38715.977     2582.1401  /         w/       0.0053  4109
   96     38714.103     2582.2651  /          /       0.0029  4110
   80     38707.410     2582.7117  /          /       0.0031  4111
   91     38701.821     2583.0847  /         w/       0.0130  4112
   80     38697.602     2583.3663  /          /       0.0027  4113
   80     38683.380     2584.3161  /          /       0.0027  4114
   97     38677.431     2584.7137  /         w/       0.0053  4115
   91     38676.692     2584.7630  /          /       0.0031  4116
   93     38667.641     2585.3681  /         w/       0.0053  4117
   90     38663.864     2585.6207  /         w/       0.0054  4118
   96     38662.801     2585.6918  /          /       0.0026  4119
   79     38657.321     2586.0583  /          /       0.0027  4120
   79     38653.685     2586.3016  /          /       0.0027  4121
   86     38652.309     2586.3937  /          /       0.0029  4122
   79     38647.260     2586.7316  /         w/       0.0052  4123
   79     38645.840     2586.8266  /         w/       0.0052  4124
   96     38640.213     2587.2034  /          /       0.0029  4125
  109     38632.593     2587.7137  /         w/       0.0054  4126
  101     38631.010     2587.8198  /          /       0.0029  4127
   86     38618.777     2588.6395  /          /       0.0029  4128
   79     38617.011     2588.7579  /          /       0.0028  4129
   97     38609.307     2589.2745  /          /       0.0030  4130
   95     38606.655     2589.4524  /          /       0.0030  4131
   86     38604.670     2589.5856  /          /       0.0029  4132
   93     38599.946     2589.9025  /        **/       0.0028  4133
   79     38598.302     2590.0128  /          /       0.0026  4134
   90     38594.775     2590.2495  /          /       0.0027  4135
  101     38593.093     2590.3624  /         w/       0.0054  4136
   90     38579.982     2591.2428  /         w/       0.0052  4137
   97     38570.011     2591.9127  /          /       0.0027  4138
   86     38562.371     2592.4262  /          /       0.0027  4139
   95     38556.363     2592.8302  /          /       0.0032  4140
   79     38546.611     2593.4862  /          /       0.0028  4141
   79     38545.307     2593.5740  /          /       0.0031  4142
   97     38539.431     2593.9694  /          /       0.0030  4143
   93     38536.858     2594.1426  /          /       0.0026  4144
   93     38532.539     2594.4334  /          /       0.0028  4145
  101     38519.629     2595.3030  /         w/       0.0053  4146
   79     38517.442     2595.4504  /         w/       0.0053  4147
   79     38509.824     2595.9639  /          /       0.0028  4148
  101     38496.719     2596.8476  /         w/       0.0057  4149
   79     38482.755     2597.7900  /          /       0.0027  4150
   93     38479.133     2598.0345  /          /       0.0027  4151
   93     38471.771     2598.5317  /          /       0.0026  4152
   79     38469.926     2598.6563  /          /       0.0027  4153
   79     38466.018     2598.9204  /          /       0.0028  4154
   79     38450.668     2599.9580  /         w/       0.0053  4155
   97     38435.921     2600.9556  /          /       0.0026  4156
   79     38425.784     2601.6418  /         w/       0.0204  4157
   90     38421.463     2601.9344  /         w/       0.0053  4158
   79     38417.200     2602.2231  /          /       0.0029  4159
   86     38413.841     2602.4507  /       w**/       0.0053  4160
   93     38411.348     2602.6196  /          /       0.0028  4161
   93     38410.285     2602.6916  /          /       0.0030  4162
   79     38401.797     2603.2669  /          /       0.0031  4163
   86     38400.975     2603.3227  /          /       0.0028  4164
   86     38397.595     2603.5518  /          /       0.0027  4165
   97     38396.193     2603.6469  /          /       0.0030  4166
   90     38384.231     2604.4584  /          /       0.0030  4167
   96     38355.250     2606.4264  /         c/       0.0089  4168
   95     38353.879     2606.5196  /          /       0.0029  4169
   85     38350.223     2606.7681  /          /       0.0028  4170
   95     38333.530     2607.9033  /         w/       0.0069  4171
   96     38328.460     2608.2483  /          /       0.0029  4172
   89     38323.869     2608.5608  /         w/       0.0052  4173
   98     38318.136     2608.9511  /        **/       0.0029  4174
   92     38313.850     2609.2429  /          /       0.0030  4175
   96     38301.773     2610.0657  /          /       0.0031  4176
   99     38297.608     2610.3496  /         w/       0.0056  4177
   85     38288.477     2610.9721  /          /       0.0027  4178
   98     38285.589     2611.1691  /          /       0.0029  4179
   89     38283.187     2611.3329  /          /       0.0030  4180
   89     38282.258     2611.3963  /          /       0.0027  4181
   78     38280.389     2611.5238  /          /       0.0030  4182
   92     38259.721     2612.9346  /          /       0.0026  4183
   89     38253.147     2613.3837  /          /       0.0029  4184
   85     38248.942     2613.6711  /         w/       0.0053  4185
   89     38244.609     2613.9672  /         w/       0.0053  4186
  100     38236.092     2614.5495  /         w/       0.0055  4187
  100     38220.241     2615.6339  /         w/       0.0056  4188
   78     38214.167     2616.0497  /          /       0.0027  4189
   89     38211.939     2616.2022  /          /       0.0027  4190
   78     38203.183     2616.8018  /          /       0.0026  4191
   92     38201.676     2616.9051  /          /       0.0028  4192
   99     38193.015     2617.4986  /          /       0.0027  4193
   89     38189.462     2617.7421  /          /       0.0030  4194
   96     38183.596     2618.1443  /          /       0.0029  4195
   78     38179.350     2618.4354  /          /       0.0026  4196
   85     38174.272     2618.7838  /          /       0.0026  4197
   85     38172.738     2618.8890  /          /       0.0030  4198
   78     38168.712     2619.1653  /          /       0.0030  4199
   78     38164.037     2619.4861  /         c/       0.0094  4200
   89     38160.773     2619.7102  /          /       0.0028  4201
   78     38157.320     2619.9473  /          /       0.0028  4202
   85     38152.272     2620.2940  /         w/       0.0054  4203
   78     38139.341     2621.1824  /          /       0.0027  4204
   94     38132.149     2621.6768  /          /       0.0028  4205
   85     38127.406     2622.0030  /          /       0.0028  4206
   94     38120.954     2622.4468  /          /       0.0029  4207
   78     38116.762     2622.7352  /         w/       0.0053  4208
   97     38098.179     2624.0146  /          /       0.0030  4209
   78     38089.287     2624.6272  /         w/       0.0053  4210
  114     38085.247     2624.9056  /         w/       0.0054  4211
   97     38080.367     2625.2420  /          /       0.0033  4212
   94     38072.841     2625.7610  /          /       0.0028  4213
   77     38069.078     2626.0206  /          /       0.0028  4214
   84     38066.324     2626.2105  /          /       0.0030  4215
   94     38055.767     2626.9391  /          /       0.0028  4216
   77     38052.815     2627.1429  /          /       0.0085  4217
   93     38038.560     2628.1275  /          /       0.0080  4218
   77     38031.211     2628.6354  /          /       0.0026  4219
   97     38025.639     2629.0206  /          /       0.0030  4220
   84     38024.612     2629.0916  /          /       0.0026  4221
   97     38019.905     2629.4171  /          /       0.0030  4222
   77     38012.628     2629.9205  /         w/       0.0053  4223
   77     38006.241     2630.3625  /         w/       0.0052  4224
   77     38000.547     2630.7567  /          /       0.0027  4225
   91     37994.324     2631.1876  /         c/       0.0084  4226
   77     37992.793     2631.2936  /         c/       0.0085  4227
   88     37967.732     2633.0305  /         c/       0.0088  4228
   93     37943.612     2634.7044  /         w/       0.0055  4229
   88     37914.805     2636.7063  /          /       0.0029  4230
   88     37911.137     2636.9614  /          /       0.0026  4231
   77     37906.668     2637.2723  /         d/       0.0141  4232
   77     37883.535     2638.8828  /          /       0.0029  4233
   83     37871.750     2639.7041  /          /       0.0031  4234
   90     37870.278     2639.8067  /          /       0.0028  4235
   97     37868.845     2639.9066  /          /       0.0031  4236
   90     37863.361     2640.2889  /         w/       0.0055  4237
   76     37842.461     2641.7472  /          /       0.0028  4238
   87     37840.976     2641.8509  /        **/       0.0029  4239
   87     37833.690     2642.3597  /          /       0.0029  4240
   94     37827.538     2642.7895  /          /       0.0026  4241
   83     37804.552     2644.3964  /         c/       0.0088  4242
  106     37801.424     2644.6153  /         w/       0.0054  4243
   76     37795.638     2645.0201  /          /       0.0029  4244
   87     37793.577     2645.1644  /         w/       0.0052  4245
   98     37770.666     2646.7690  /         w/       0.0055  4246
   76     37767.025     2647.0242  /          /       0.0029  4247
   94     37762.542     2647.3384  /          /       0.0034  4248
   76     37752.186     2648.0647  /          /       0.0027  4249
   83     37749.297     2648.2673  /          /       0.0026  4250
   97     37739.367     2648.9642  /         w/       0.0055  4251
   76     37732.422     2649.4518  /          /       0.0029  4252
   83     37726.659     2649.8566  /         d/       0.0139  4253
   76     37723.777     2650.0590  /          /       0.0027  4254
   92     37721.700     2650.2049  /          /       0.0027  4255
   76     37718.645     2650.4196  /          /       0.0030  4256
   76     37714.981     2650.6771  /          /       0.0027  4257
   76     37682.065     2652.9927  /         w/       0.0128  4258
   76     37675.188     2653.4769  /          /       0.0027  4259
   86     37673.495     2653.5962  /          /       0.0030  4260
   75     37641.249     2655.8696  /          /       0.0028  4261
   95     37638.455     2656.0667  /          /       0.0030  4262
   89     37628.029     2656.8027  /          /       0.0030  4263
  105     37626.945     2656.8793  /         w/       0.0054  4264
   75     37621.483     2657.2650  /         c/       0.0093  4265
   75     37619.424     2657.4105  /          /       0.0030  4266
   82     37607.789     2658.2327  /          /       0.0027  4267
   82     37589.111     2659.5536  /          /       0.0027  4268
   75     37584.948     2659.8482  /          /       0.0027  4269
   82     37577.167     2660.3990  /          /       0.0028  4270
   75     37570.548     2660.8677  /          /       0.0031  4271
   82     37568.653     2661.0020  /          /       0.0027  4272
   89     37563.746     2661.3496  /          /       0.0027  4273
   82     37547.000     2662.5366  /          /       0.0028  4274
   86     37534.549     2663.4199  /          /       0.0028  4275
   97     37524.773     2664.1138  /         w/       0.0055  4276
   91     37512.438     2664.9899  /          /       0.0029  4277
   75     37509.720     2665.1830  /         w/       0.0207  4278
   88     37501.720     2665.7516  /          /       0.0027  4279
   74     37498.081     2666.0103  /          /       0.0029  4280
   81     37495.116     2666.2211  /          /       0.0028  4281
  104     37476.886     2667.5181  /         w/       0.0055  4282
   90     37472.784     2667.8102  /          /       0.0031  4283
   74     37468.738     2668.0983  /          /       0.0030  4284
   90     37467.372     2668.1955  /          /       0.0028  4285
   88     37453.974     2669.1501  /          /       0.0026  4286
   92     37452.821     2669.2322  /        **/       0.0029  4287
   88     37428.792     2670.9460  /          /       0.0041  4288
   74     37422.532     2671.3928  /          /       0.0028  4289
   90     37418.450     2671.6842  /          /       0.0030  4290
   81     37413.275     2672.0538  /          /       0.0027  4291
   90     37408.798     2672.3736  /          /       0.0028  4292
   95     37405.204     2672.6304  /         w/       0.0054  4293
   92     37404.161     2672.7049  /          /       0.0027  4294
   90     37399.216     2673.0583  /          /       0.0026  4295
   90     37375.265     2674.7714  /          /       0.0029  4296
   81     37374.694     2674.8122  /          /       0.0129  4297
   90     37365.099     2675.4991  /        **/       0.0027  4298
   87     37348.419     2676.6941  /          /       0.0027  4299
   73     37340.086     2677.2915  /         w/       0.0053  4300
   91     37337.009     2677.5121  /         c/       0.0216  4301
   84     37321.712     2678.6096  /          /       0.0029  4302
  116     37309.743     2679.4690  /         w/       0.0055  4303
   73     37297.242     2680.3671  /          /       0.0027  4304
   73     37290.514     2680.8507  /          /       0.0027  4305
   89     37288.415     2681.0016  /          /       0.0027  4306
   80     37286.303     2681.1535  /          /       0.0028  4307
   87     37266.188     2682.6008  /          /       0.0026  4308
   92     37262.462     2682.8691  /          /       0.0029  4309
   73     37260.864     2682.9841  /          /       0.0027  4310
   84     37258.916     2683.1244  /          /       0.0026  4311
   84     37256.752     2683.2803  /          /       0.0028  4312
   73     37255.038     2683.4037  /          /       0.0026  4313
   87     37252.887     2683.5587  /          /       0.0030  4314
   95     37244.685     2684.1497  /         w/       0.0056  4315
   93     37243.730     2684.2185  /         c/       0.0092  4316
   84     37237.683     2684.6544  /          /       0.0028  4317
   90     37229.000     2685.2806  /         c/       0.0088  4318
   90     37223.207     2685.6986  /          /       0.0026  4319
   94     37214.074     2686.3577  /         w/       0.0054  4320
   83     37212.714     2686.4559  /          /       0.0029  4321
   88     37206.900     2686.8757  /          /       0.0030  4322
   93     37201.656     2687.2544  /          /       0.0029  4323
   72     37198.167     2687.5065  /         w/       0.0053  4324
   90     37191.578     2687.9827  /        *v/       0.0043  4325
   92     37188.695     2688.1911  /          /       0.0031  4326
   88     37179.993     2688.8203  /          /       0.0027  4327
   93     37179.387     2688.8641  /          /       0.0027  4328
   86     37146.347     2691.2558  /          /       0.0029  4329
   88     37144.448     2691.3934  /          /       0.0028  4330
   72     37142.777     2691.5146  /          /       0.0026  4331
   90     37136.167     2691.9936  /        *v/       0.0043  4332
   86     37125.873     2692.7401  /          /       0.0028  4333
   82     37093.422     2695.0960  /          /       0.0027  4334
   78     37086.497     2695.5992  /          /       0.0027  4335
   78     37085.892     2695.6432  /          /       0.0029  4336
   71     37068.129     2696.9350  /          /       0.0038  4337
   71     37050.347     2698.2295  /         c/       0.0090  4338
   78     37037.835     2699.1410  /         w/       0.0437  4339
   87     37035.610     2699.3032  /        *r/       0.0043  4340
   85     37017.734     2700.6068  /          /       0.0028  4341
   71     37014.744     2700.8249  /         w/       0.0053  4342
   71     37006.761     2701.4076  /          /       0.0029  4343
   85     36998.209     2702.0320  /          /       0.0026  4344
   89     36995.378     2702.2389  /          /       0.0026  4345
   88     36987.457     2702.8175  /          /       0.0027  4346
   77     36982.747     2703.1618  /          /       0.0029  4347
   88     36977.532     2703.5430  /          /       0.0032  4348
   77     36972.166     2703.9354  /         w/       0.0066  4349
   86     36967.103     2704.3058  /          /       0.0029  4350
   70     36965.734     2704.4059  /          /       0.0028  4351
   88     36953.962     2705.2675  /         d/       0.0139  4352
   84     36948.576     2705.6619  /          /       0.0029  4353
   77     36947.428     2705.7459  /        *r/       0.0043  4354
   86     36935.523     2706.6181  /          /       0.0031  4355
   70     36931.392     2706.9209  /          /       0.0027  4356
   70     36929.710     2707.0442  /          /       0.0028  4357
   77     36924.514     2707.4251  /          /       0.0031  4358
   92     36915.082     2708.1169  /         c/       0.0369  4359
   70     36907.657     2708.6618  /          /       0.0027  4360
   77     36896.172     2709.5050  /         c/       0.0095  4361
   84     36893.080     2709.7321  /          /       0.0028  4362
   81     36888.173     2710.0925  /         c/       0.0100  4363
  106     36885.311     2710.3028  /         w/       0.0054  4364
   92     36879.315     2710.7435  /         w/       0.0056  4365
   83     36876.202     2710.9724  /         w/       0.0065  4366
   81     36875.718     2711.0079  /         c/       0.0086  4367
   76     36868.393     2711.5466  /          /       0.0027  4368
   86     36866.230     2711.7057  /          /       0.0027  4369
   91     36863.169     2711.9309  /         w/       0.0054  4370
   69     36859.743     2712.1830  /          /       0.0028  4371
   76     36856.971     2712.3869  /          /       0.0027  4372
   85     36855.305     2712.5096  /          /       0.0028  4373
   83     36833.612     2714.1072  /        **/       0.0368  4374
   69     36815.268     2715.4596  /          /       0.0028  4375
   85     36808.653     2715.9476  /          /       0.0030  4376
   79     36773.065     2718.5762  /         c/       0.0121  4377
   98     36771.979     2718.6565  /         w/       0.0057  4378
   89     36770.604     2718.7582  /         w/       0.0054  4379
   79     36768.846     2718.8882  /         w/       0.0054  4380
   84     36752.597     2720.0903  /          /       0.0027  4381
   88     36751.468     2720.1739  /          /       0.0027  4382
   68     36748.254     2720.4118  /         w/       0.0056  4383
   79     36744.483     2720.6910  /          /       0.0028  4384
   89     36739.240     2721.0793  /         w/       0.0055  4385
   90     36724.605     2722.1637  /         w/       0.0055  4386
   79     36704.441     2723.6592  /          /       0.0027  4387
  114     36699.408     2724.0328  /         w/       0.0057  4388
   74     36680.770     2725.4170  /          /       0.0027  4389
   84     36673.341     2725.9691  /          /       0.0027  4390
   85     36667.275     2726.4201  /        *r/       0.0044  4391
   89     36659.369     2727.0081  /         w/       0.0055  4392
   67     36647.928     2727.8595  /         w/       0.0059  4393
   67     36641.573     2728.3326  /          /       0.0028  4394
   88     36638.920     2728.5302  /         w/       0.0056  4395
   89     36630.103     2729.1870  /         w/       0.0055  4396
   86     36622.904     2729.7235  /          /       0.0031  4397
   78     36615.711     2730.2598  /          /       0.0028  4398
   67     36613.497     2730.4249  /          /       0.0028  4399
   67     36601.275     2731.3367  /          /       0.0028  4400
   67     36599.696     2731.4545  /          /       0.0028  4401
   86     36583.493     2732.6644  /          /       0.0033  4402
   66     36579.954     2732.9288  /         w/       0.0074  4403
   88     36575.219     2733.2826  /         w/       0.0055  4404
   77     36568.999     2733.7475  /          /       0.0030  4405
   66     36567.876     2733.8315  /         w/       0.0056  4406
   87     36560.657     2734.3713  /          /       0.0028  4407
   87     36546.869     2735.4029  /          /       0.0030  4408
   73     36543.477     2735.6569  /          /       0.0031  4409
   66     36537.022     2736.1402  /         w/       0.0053  4410
   83     36504.293     2738.5935  /          /       0.0032  4411
   65     36468.782     2741.2603  /         w/       0.0106  4412
   79     36463.410     2741.6642  /          /       0.0032  4413
   84     36454.774     2742.3137  /          /       0.0029  4414
   65     36440.235     2743.4079  /          /       0.0028  4415
   87     36437.723     2743.5970  /         w/       0.0055  4416
   87     36436.577     2743.6833  /          /       0.0028  4417
   78     36424.491     2744.5938  /          /       0.0030  4418
   81     36418.237     2745.0651  /         c/       0.0093  4419
   78     36410.652     2745.6370  /         c/       0.0098  4420
   84     36402.477     2746.2536  /          /       0.0027  4421
   79     36323.150     2752.2515  /          /       0.0030  4422
   84     36321.568     2752.3714  /          /       0.0031  4423
   84     36316.166     2752.7809  /         d/       0.0380  4424
   79     36301.396     2753.9009  /         d/       0.0146  4425
   79     36287.343     2754.9675  /         w/       0.0056  4426
   68     36279.819     2755.5389  /          /       0.0027  4427
   75     36277.671     2755.7021  /          /       0.0027  4428
   89     36258.665     2757.1466  /         c/       0.0106  4429
   86     36245.729     2758.1307  /         c/       0.0097  4430
   75     36230.142     2759.3173  /          /       0.0033  4431
   89     36219.698     2760.1130  /         c/       0.0091  4432
   90     36213.027     2760.6215  /         w/       0.0056  4433
   79     36205.287     2761.2117  /          /       0.0027  4434
   84     36194.890     2762.0049  /          /       0.0027  4435
   86     36193.341     2762.1231  /         d/       0.0229  4436
   90     36190.395     2762.3480  /          /       0.0027  4437
   68     36151.031     2765.3560  /         w/       0.0054  4438
   88     36150.069     2765.4296  /          /       0.0030  4439
   75     36145.591     2765.7722  /          /       0.0031  4440
   86     36144.417     2765.8621  /          /       0.0029  4441
   90     36136.441     2766.4726  /         w/       0.0057  4442
   79     36131.085     2766.8827  /          /       0.0028  4443
   75     36116.529     2767.9979  /          /       0.0027  4444
   85     36093.346     2769.7759  /         c/       0.0104  4445
   82     36087.281     2770.2414  /          /       0.0031  4446
   91     36058.622     2772.4433  /          /       0.0028  4447
   83     36029.132     2774.7126  /          /       0.0028  4448
   87     36028.065     2774.7948  /          /       0.0029  4449
   83     36022.671     2775.2103  /          /       0.0027  4450
   83     36012.676     2775.9806  /          /       0.0029  4451
   83     36008.254     2776.3215  /          /       0.0028  4452
   69     36002.269     2776.7831  /         c/       0.0110  4453
   88     36001.422     2776.8484  /         c/       0.0099  4454
   76     35995.687     2777.2909  /          /       0.0027  4455
   76     35989.058     2777.8025  /          /       0.0030  4456
   76     35985.620     2778.0679  /          /       0.0029  4457
   80     35980.058     2778.4973  /         c/       0.0095  4458
   85     35972.410     2779.0881  /         d/       0.0387  4459
   85     35969.739     2779.2945  /        *r/       0.0046  4460
   76     35925.203     2782.7401  /          /       0.0028  4461
   76     35924.089     2782.8264  /          /       0.0029  4462
   69     35906.952     2784.1546  /          /       0.0028  4463
   89     35870.641     2786.9731  /          /       0.0028  4464
   92     35794.523     2792.9000  /         w/       0.0055  4465
   70     35788.702     2793.3543  /          /       0.0027  4466
   92     35765.379     2795.1759  /        *v/       0.0047  4467
   77     35739.999     2797.1609  /         w/       0.0054  4468
   70     35730.346     2797.9167  /         c/       0.0094  4469
   90     35677.781     2802.0391  /          /       0.0027  4470
   92     35671.789     2802.5098  /        *r/       0.0047  4471
   81     35664.392     2803.0911  /          /       0.0028  4472
   77     35646.508     2804.4975  /          /       0.0033  4473
   90     35631.767     2805.6578  /        **/       0.0034  4474
   84     35602.059     2807.9991  /          /       0.0029  4475
   88     35598.117     2808.3100  /          /       0.0028  4476
   71     35553.192     2811.8588  /          /       0.0028  4477
   93     35544.939     2812.5117  /        *v/       0.0047  4478
   71     35529.403     2813.7416  /          /       0.0028  4479
   71     35523.028     2814.2466  /         w/       0.0054  4480
   89     35514.934     2814.8880  /          /       0.0029  4481
   71     35488.049     2817.0206  /         w/       0.0054  4482
   78     35462.049     2819.0861  /         w/       0.0055  4483
   78     35458.833     2819.3418  /         w/       0.0055  4484
   71     35436.288     2821.1355  /         w/       0.0054  4485
   93     35414.770     2822.8498  /        *v/       0.0048  4486
   82     35410.680     2823.1758  /         c/       0.0094  4487
   71     35394.448     2824.4706  /         w/       0.0055  4488
   91     35378.186     2825.7690  /          /       0.0399  4489
   78     35361.724     2827.0845  /         w/       0.0062  4490
   82     35355.958     2827.5456  /         w/       0.0055  4491
   82     35354.387     2827.6713  /          /       0.0028  4492
   93     35350.430     2827.9878  /        *v/       0.0048  4493
   82     35338.086     2828.9757  /          /       0.0030  4494
   78     35327.200     2829.8475  /         c/       0.0096  4495
   78     35310.937     2831.1509  /          /       0.0028  4496
   78     35265.951     2834.7625  /         d/       0.0123  4497
   82     35261.790     2835.0970  /          /       0.0031  4498
   88     35260.667     2835.1874  /          /       0.0030  4499
   71     35250.596     2835.9974  /          /       0.0030  4500
   94     35233.538     2837.3705  /        *v/       0.0048  4501
   78     35226.327     2837.9513  /        *r/       0.0048  4502
   91     35220.016     2838.4599  /        *r/       0.0049  4503
   88     35206.060     2839.5851  /         c/       0.0419  4504
   79     35193.926     2840.5642  /          /       0.0040  4505
   92     35188.779     2840.9797  /        *v/       0.0048  4506
   72     35181.560     2841.5627  /          /       0.0027  4507
   92     35178.291     2841.8267  /          /       0.0033  4508
  102     35176.869     2841.9416  /        *r/       0.0048  4509
   72     35158.727     2843.4081  /         w/       0.0056  4510
   79     35150.296     2844.0902  /          /       0.0028  4511
   72     35102.436     2847.9681  /          /       0.0031  4512
   72     35101.441     2848.0488  /          /       0.0027  4513
   91     35096.196     2848.4745  /          /       0.0030  4514
   79     35094.405     2848.6199  /         w/       0.0058  4515
   88     35077.693     2849.9771  /        *r/       0.0048  4516
   79     35074.973     2850.1981  /         c/       0.0093  4517
   72     35066.082     2850.9209  /         w/       0.0055  4518
   90     35059.132     2851.4860  /        *r/       0.0048  4519
   83     35047.996     2852.3921  /          /       0.0032  4520
   83     35037.461     2853.2498  /        *r/       0.0048  4521
   72     35009.924     2855.4941  /          /       0.0027  4522
   83     34984.807     2857.5443  /          /       0.0027  4523
   86     34982.925     2857.6980  /          /       0.0029  4524
   79     34974.300     2858.4027  /         d/       0.0139  4525
   72     34966.645     2859.0286  /         w/       0.0056  4526
   83     34954.376     2860.0321  /          /       0.0033  4527
   88     34952.200     2860.2102  /         c/       0.0112  4528
   92     34940.581     2861.1614  /        *r/       0.0049  4529
   94     34931.882     2861.8739  /        *v/       0.0049  4530
   72     34926.913     2862.2811  /        *v/       0.0049  4531
   92     34911.545     2863.5411  /        *r/       0.0049  4532
   86     34908.199     2863.8156  /        *r/       0.0051  4533
   89     34895.999     2864.8169  /          /       0.0030  4534
   83     34887.822     2865.4884  /          /       0.0030  4535
   86     34883.482     2865.8449  /        *v/       0.0049  4536
   92     34861.388     2867.6613  /         c/       0.0415  4537
   89     34854.540     2868.2247  /        *v/       0.0049  4538
   80     34839.562     2869.4579  /         c/       0.0094  4539
   95     34832.713     2870.0221  /        *r/       0.0049  4540
   73     34825.998     2870.5755  /          /       0.0031  4541
   87     34759.780     2876.0442  /          /       0.0028  4542
   73     34757.399     2876.2413  /         w/       0.0064  4543
   92     34756.403     2876.3237  /          /       0.0032  4544
   73     34733.461     2878.2237  /         w/       0.0055  4545
   94     34715.633     2879.7018  /         w/       0.0056  4546
   87     34708.251     2880.3143  /        *v/       0.0050  4547
   73     34703.262     2880.7284  /         c/       0.0095  4548
   87     34700.311     2880.9734  /         w/       0.0055  4549
   92     34686.988     2882.0800  /        *v/       0.0050  4550
   92     34682.347     2882.4657  /          /       0.0029  4551
   94     34680.519     2882.6177  /          /       0.0028  4552
   91     34671.649     2883.3551  /        *v/       0.0050  4553
   91     34651.880     2885.0002  /        *r/       0.0049  4554
   89     34636.585     2886.2742  /         w/       0.0058  4555
   87     34629.235     2886.8869  /         c/       0.0148  4556
   80     34626.989     2887.0741  /        *r/       0.0050  4557
   91     34625.189     2887.2242  /          /       0.0032  4558
   84     34614.135     2888.1463  /          /       0.0028  4559
   91     34605.428     2888.8730  /        *v/       0.0050  4560
   89     34601.319     2889.2161  /          /       0.0028  4561
   73     34596.970     2889.5793  /          /       0.0028  4562
   80     34581.704     2890.8549  /         w/       0.0059  4563
   80     34559.310     2892.7282  /         w/       0.0055  4564
   95     34554.847     2893.1019  /         w/       0.0059  4565
   84     34553.860     2893.1845  /          /       0.0029  4566
   80     34524.481     2895.6466  /          /       0.0030  4567
   84     34521.031     2895.9360  /          /       0.0029  4568
   84     34506.204     2897.1805  /          /       0.0032  4569
   87     34500.813     2897.6332  /          /       0.0031  4570
   73     34489.218     2898.6074  /         w/       0.0056  4571
   87     34477.631     2899.5815  /          /       0.0028  4572
   80     34476.909     2899.6423  /          /       0.0028  4573
   90     34474.365     2899.8563  /          /       0.0043  4574
   90     34466.817     2900.4914  /          /       0.0029  4575
   80     34463.313     2900.7863  /         w/       0.0056  4576
   91     34458.260     2901.2117  /          /       0.0029  4577
   92     34430.590     2903.5434  /          /       0.0028  4578
   81     34406.900     2905.5426  /          /       0.0170  4579
   81     34406.501     2905.5763  /        **/       0.0031  4580
   90     34404.307     2905.7616  /        *r/       0.0052  4581
   90     34400.541     2906.0797  /          /       0.0029  4582
   74     34398.520     2906.2504  /          /       0.0028  4583
   93     34396.580     2906.4144  /          /       0.0028  4584
   81     34395.258     2906.5261  /         w/       0.0056  4585
   88     34376.201     2908.1375  /          /       0.0028  4586
   90     34370.768     2908.5972  /          /       0.0028  4587
   74     34369.971     2908.6646  /         w/       0.0056  4588
   85     34366.370     2908.9694  /          /       0.0028  4589
   90     34360.830     2909.4384  /        *v/       0.0051  4590
   92     34359.434     2909.5566  /          /       0.0030  4591
   85     34357.381     2909.7305  /         d/       0.0139  4592
   95     34351.417     2910.2357  /          /       0.0034  4593
   90     34349.922     2910.3624  /         d/       0.0143  4594
  116     34346.942     2910.6149  /        *v/       0.0053  4595
   74     34343.680     2910.8914  /          /       0.0028  4596
   92     34341.699     2911.0593  /         w/       0.0056  4597
   93     34339.940     2911.2084  /          /       0.0028  4598
   92     34337.970     2911.3754  /         w/       0.0056  4599
  113     34333.271     2911.7739  /        *v/       0.0053  4600
   92     34308.442     2913.8813  /          /       0.0031  4601
   97     34305.380     2914.1414  /        *v/       0.0051  4602
  120     34301.309     2914.4873  /        *r/       0.0050  4603
   92     34284.843     2915.8870  /          /       0.0031  4604
   96     34281.379     2916.1817  /         w/       0.0057  4605
   81     34235.761     2920.0676  /         c/       0.0097  4606
   93     34218.489     2921.5416  /          /       0.0032  4607
   90     34185.630     2924.3498  /          /       0.0028  4608
   81     34182.020     2924.6587  /        *v/       0.0051  4609
   94     34161.492     2926.4163  /        *v/       0.0053  4610
   81     34157.750     2926.7368  /         w/       0.0056  4611
   94     34156.307     2926.8605  /          /       0.0028  4612
   92     34154.729     2926.9957  /         w/       0.0056  4613
   81     34149.618     2927.4338  /         w/       0.0057  4614
   74     34144.148     2927.9028  /          /       0.0036  4615
   88     34142.016     2928.0857  /         c/       0.0138  4616
   85     34140.419     2928.2227  /          /       0.0028  4617
   88     34139.988     2928.2596  /          /       0.0028  4618
  104     34131.549     2928.9837  /        *v/       0.0051  4619
   74     34123.219     2929.6987  /         w/       0.0056  4620
  113     34117.500     2930.1898  /        *v/       0.0051  4621
   85     34114.967     2930.4074  /         c/       0.0098  4622
   94     34113.742     2930.5126  /          /       0.0034  4623
   85     34094.526     2932.1643  /          /       0.0028  4624
   74     34090.882     2932.4778  /         w/       0.0057  4625
   74     34075.242     2933.8238  /          /       0.0029  4626
   92     34058.919     2935.2299  /          /       0.0031  4627
  104     34056.960     2935.3988  /        *r/       0.0051  4628
   94     34046.709     2936.2827  /        *r/       0.0051  4629
   85     34042.677     2936.6304  /        *r/       0.0051  4630
   81     34038.350     2937.0038  /         w/       0.0056  4631
   90     34035.959     2937.2101  /          /       0.0030  4632
   88     34003.221     2940.0381  /         c/       0.0153  4633
   94     33993.329     2940.8937  /        *v/       0.0052  4634
  117     33975.646     2942.4244  /        *v/       0.0052  4635
   85     33974.617     2942.5135  /          /       0.0028  4636
   96     33972.164     2942.7260  /         w/       0.0057  4637
   91     33971.177     2942.8115  /         w/       0.0056  4638
   88     33963.060     2943.5148  /          /       0.0028  4639
   81     33962.588     2943.5558  /          /       0.0032  4640
   85     33952.578     2944.4236  /          /       0.0028  4641
   88     33935.718     2945.8866  /          /       0.0028  4642
   81     33934.830     2945.9636  /         w/       0.0063  4643
   95     33933.570     2946.0730  /         w/       0.0058  4644
   95     33932.426     2946.1724  /        *r/       0.0052  4645
   92     33926.046     2946.7264  /          /       0.0028  4646
   86     33914.098     2947.7646  /         c/       0.0099  4647
   97     33885.062     2950.2907  /         c/       0.0102  4648
   75     33882.834     2950.4847  /          /       0.0028  4649
   88     33874.026     2951.2519  /        *v/       0.0052  4650
   97     33870.526     2951.5569  /        *r/       0.0052  4651
   93     33862.683     2952.2405  /        *r/       0.0054  4652
   97     33857.776     2952.6684  /       w**/       0.0058  4653
  117     33847.305     2953.5819  /        *v/       0.0052  4654
  120     33837.996     2954.3945  /         w/       0.0060  4655
   89     33833.317     2954.8031  /         w/       0.0056  4656
   86     33829.255     2955.1579  /          /       0.0028  4657
   91     33820.204     2955.9488  /          /       0.0028  4658
   75     33818.167     2956.1268  /          /       0.0087  4659
   75     33816.277     2956.2921  /          /       0.0028  4660
   89     33814.894     2956.4130  /          /       0.0031  4661
  105     33811.429     2956.7160  /          /       0.0030  4662
   86     33783.766     2959.1370  /          /       0.0028  4663
   96     33777.135     2959.7180  /         w/       0.0059  4664
   91     33772.350     2960.1374  /          /       0.0029  4665
   86     33766.880     2960.6169  /         w/       0.0057  4666
  109     33763.196     2960.9400  /        *r/       0.0053  4667
   97     33758.211     2961.3773  /         w/       0.0059  4668
   82     33740.715     2962.9129  /         w/       0.0056  4669
   82     33739.358     2963.0321  /          /       0.0032  4670
  105     33735.306     2963.3880  /        *v/       0.0053  4671
   86     33730.595     2963.8019  /          /       0.0028  4672
   96     33724.786     2964.3124  /         w/       0.0059  4673
   94     33722.510     2964.5125  /         w/       0.0264  4674
  120     33718.717     2964.8461  /        *v/       0.0053  4675
   97     33709.692     2965.6398  /         w/       0.0061  4676
   93     33687.474     2967.5958  /          /       0.0028  4677
  125     33673.463     2968.8307  /        *v/       0.0053  4678
  119     33666.895     2969.4099  /        *v/       0.0053  4679
  112     33663.314     2969.7258  /        *r/       0.0052  4680
   93     33660.365     2969.9859  /          /       0.0028  4681
   94     33650.546     2970.8526  /         c/       0.0105  4682
   96     33645.167     2971.3276  /         w/       0.0057  4683
   86     33631.276     2972.5549  /         c/       0.0100  4684
   96     33629.838     2972.6820  /         c/       0.0103  4685
   97     33616.813     2973.8339  /         w/       0.0058  4686
   97     33604.644     2974.9108  /        *r/       0.0053  4687
   96     33602.598     2975.0919  /          /       0.0354  4688
  105     33594.231     2975.8329  /        *r/       0.0053  4689
  112     33588.443     2976.3458  /        *v/       0.0053  4690
  125     33582.711     2976.8538  /        *r/       0.0054  4691
  125     33580.374     2977.0609  /        *v/       0.0053  4692
   97     33559.576     2978.9061  /        *v/       0.0053  4693
   94     33555.365     2979.2799  /         w/       0.0057  4694
   93     33554.496     2979.3571  /          /       0.0028  4695
   96     33549.213     2979.8262  /         c/       0.0119  4696
  137     33541.225     2980.5360  /        *v/       0.0053  4697
   91     33540.711     2980.5816  /        *r/       0.0053  4698
   93     33533.802     2981.1957  /        *r/       0.0054  4699
   97     33530.092     2981.5256  /        *v/       0.0053  4700
  121     33528.708     2981.6487  /        *r/       0.0054  4701
   97     33522.121     2982.2346  /        *r/       0.0053  4702
  125     33520.044     2982.4194  /         c/       0.0214  4703
   94     33515.443     2982.8288  /          /       0.0028  4704
   97     33510.645     2983.2560  /        *v/       0.0053  4705
  112     33506.115     2983.6593  /        *v/       0.0053  4706
   97     33502.012     2984.0247  /        *v/       0.0053  4707
   86     33499.013     2984.2918  /          /       0.0028  4708
   91     33492.361     2984.8846  /         c/       0.0101  4709
   91     33491.132     2984.9941  /         c/       0.0110  4710
   93     33487.243     2985.3408  /         w/       0.0057  4711
  137     33481.904     2985.8169  /        *v/       0.0053  4712
   97     33467.922     2987.0643  /         w/       0.0060  4713
   86     33446.990     2988.9338  /         w/       0.0067  4714
  105     33445.173     2989.0962  /         w/       0.0057  4715
   82     33421.431     2991.2196  /          /       0.0028  4716
  105     33417.363     2991.5838  /        *v/       0.0054  4717
   96     33415.602     2991.7415  /          /       0.0037  4718
   89     33401.304     2993.0222  /          /       0.0033  4719
  105     33388.165     2994.2000  /        *v/       0.0054  4720
   95     33381.796     2994.7714  /          /       0.0030  4721
   97     33373.575     2995.5091  /         w/       0.0057  4722
   97     33372.134     2995.6385  /         w/       0.0057  4723
   89     33371.073     2995.7337  /          /       0.0028  4724
   86     33370.041     2995.8264  /          /       0.0033  4725
   75     33367.532     2996.0517  /          /       0.0028  4726
  125     33355.694     2997.1149  /        *v/       0.0054  4727
   95     33350.076     2997.6199  /          /       0.0036  4728
   97     33341.939     2998.3515  /          /       0.0031  4729
  118     33337.064     2998.7899  /        *r/       0.0053  4730
  125     33318.539     3000.4573  /        *r/       0.0053  4731
   89     33313.910     3000.8743  /          /       0.0028  4732
   93     33311.203     3001.1181  /         w/       0.0059  4733
   89     33309.822     3001.2426  /          /       0.0033  4734
  105     33307.189     3001.4798  /         w/       0.0059  4735
   75     33302.621     3001.8915  /          /       0.0028  4736
   82     33300.293     3002.1014  /         w/       0.0058  4737
   97     33295.587     3002.5258  /         w/       0.0060  4738
   98     33292.344     3002.8182  /         c/       0.0106  4739
  125     33288.109     3003.2003  /        *v/       0.0054  4740
   97     33283.058     3003.6561  /        *v/       0.0054  4741
   98     33279.257     3003.9991  /        *r/       0.0054  4742
   97     33275.889     3004.3032  /        *v/       0.0054  4743
  105     33269.341     3004.8945  /        *r/       0.0054  4744
  116     33251.949     3006.4663  /        *r/       0.0054  4745
  112     33241.038     3007.4532  /        *r/       0.0054  4746
  125     33234.581     3008.0375  /        *v/       0.0054  4747
   98     33206.987     3010.5372  /         c/       0.0455  4748
  125     33206.246     3010.6044  /        *r/       0.0055  4749
  105     33198.788     3011.2807  /        *v/       0.0054  4750
   89     33192.918     3011.8132  /        *v/       0.0054  4751
   98     33185.878     3012.4522  /        *r/       0.0054  4752
  105     33177.560     3013.2075  /        *v/       0.0054  4753
  112     33177.361     3013.2256  /         c/       0.0109  4754
   97     33171.802     3013.7306  /         w/       0.0057  4755
  120     33162.209     3014.6024  /        *v/       0.0054  4756
   93     33158.785     3014.9137  /         d/       0.0139  4757
  121     33156.390     3015.1315  /        *r/       0.0054  4758
  120     33144.028     3016.2561  /        *v/       0.0055  4759
  105     33117.217     3018.6981  /        *v/       0.0055  4760
  105     33108.278     3019.5132  /        *r/       0.0054  4761
   91     33087.704     3021.3908  /          /       0.0034  4762
  118     33083.492     3021.7755  /        *v/       0.0056  4763
   91     33081.817     3021.9285  /          /       0.0039  4764
   82     33072.058     3022.8202  /         w/       0.0057  4765
  109     33056.118     3024.2779  /        *r/       0.0054  4766
   75     33052.302     3024.6271  /          /       0.0031  4767
  118     33045.336     3025.2647  /        *v/       0.0055  4768
   82     33044.311     3025.3586  /         d/       0.0275  4769
   82     33040.727     3025.6867  /        *v/       0.0055  4770
   95     33039.438     3025.8048  /         w/       0.0062  4771
   86     33034.811     3026.2286  /          /       0.0036  4772
   75     33030.159     3026.6549  /          /       0.0029  4773
   86     33025.609     3027.0719  /         w/       0.0057  4774
   82     33025.219     3027.1076  /          /       0.0032  4775
  105     33021.117     3027.4837  /        *v/       0.0055  4776
   82     33015.657     3027.9844  /         w/       0.0060  4777
  121     33000.459     3029.3789  /        *r/       0.0055  4778
   93     32993.708     3029.9988  /          /       0.0029  4779
   82     32985.859     3030.7199  /         c/       0.0103  4780
   75     32981.178     3031.1500  /         d/       0.0276  4781
   86     32974.619     3031.7529  /          /       0.0029  4782
   97     32973.174     3031.8858  /         w/       0.0060  4783
   97     32959.957     3033.1017  /        *r/       0.0055  4784
  121     32957.671     3033.3121  /        *r/       0.0055  4785
   97     32948.601     3034.1471  /        *v/       0.0055  4786
  120     32947.487     3034.2497  /        *r/       0.0055  4787
   98     32946.955     3034.2987  /        bl/       0.0095  4788
   86     32926.150     3036.2160  /          /       0.0029  4789
   96     32918.559     3036.9162  /          /       0.0030  4790
   82     32910.943     3037.6190  /          /       0.0031  4791
   95     32888.620     3039.6809  /          /       0.0030  4792
  118     32884.949     3040.0202  /          /       0.0033  4793
  116     32875.258     3040.9164  /         c/       0.0109  4794
  116     32865.880     3041.7841  /        *r/       0.0055  4795
  121     32859.738     3042.3527  /        *v/       0.0055  4796
   89     32852.609     3043.0129  /         w/       0.0058  4797
   97     32846.238     3043.6032  /         w/       0.0061  4798
   75     32844.408     3043.7728  /          /       0.0029  4799
   95     32840.100     3044.1720  /          /       0.0029  4800
   82     32835.679     3044.5819  /         c/       0.0104  4801
   86     32832.571     3044.8701  /         c/       0.0104  4802
  122     32822.388     3045.8148  /        *r/       0.0055  4803
  118     32809.777     3046.9856  /        *r/       0.0055  4804
   89     32806.596     3047.2811  /          /       0.0030  4805
   92     32801.259     3047.7769  /          /       0.0029  4806
   86     32801.098     3047.7918  /          /       0.0029  4807
   96     32798.071     3048.0731  /        *v/       0.0056  4808
   96     32777.167     3050.0172  /        *r/       0.0055  4809
  123     32774.106     3050.3021  /        *r/       0.0055  4810
   82     32766.370     3051.0223  /         w/       0.0060  4811
   96     32743.027     3053.1975  /          /       0.0034  4812
   96     32742.226     3053.2721  /          /       0.0029  4813
   89     32740.058     3053.4743  /          /       0.0029  4814
   75     32735.536     3053.8961  /          /       0.0029  4815
   92     32723.547     3055.0151  /          /       0.0035  4816
  118     32720.516     3055.2981  /        *v/       0.0056  4817
   95     32712.184     3056.0763  /         w/       0.0062  4818
   95     32697.187     3057.4781  /          /       0.0036  4819
   75     32695.156     3057.6681  /          /       0.0029  4820
   75     32688.459     3058.2945  /          /       0.0029  4821
   75     32687.410     3058.3926  /          /       0.0032  4822
  126     32681.987     3058.9002  /        *r/       0.0056  4823
   95     32658.963     3061.0567  /         w/       0.0060  4824
   97     32656.619     3061.2764  /        *v/       0.0056  4825
   97     32636.368     3063.1760  /         c/       0.0127  4826
   95     32631.466     3063.6362  /         c/       0.0105  4827
   75     32629.259     3063.8434  /          /       0.0029  4828
  126     32598.768     3066.7093  /        *r/       0.0056  4829
   89     32592.707     3067.2796  /          /       0.0031  4830
   97     32581.274     3068.3560  /         c/       0.0110  4831
   97     32573.542     3069.0843  /         c/       0.0108  4832
   97     32573.355     3069.1020  /         d/       0.0156  4833
   96     32571.146     3069.3101  /        *r/       0.0056  4834
   89     32568.088     3069.5983  /          /       0.0034  4835
   96     32565.087     3069.8812  /        *r/       0.0056  4836
   89     32561.725     3070.1982  /        *r/       0.0057  4837
   97     32556.718     3070.6704  /         c/       0.0109  4838
   95     32546.274     3071.6558  /         d/       0.0141  4839
   97     32530.396     3073.1551  /        *r/       0.0056  4840
   75     32509.053     3075.1728  /          /       0.0029  4841
   95     32500.724     3075.9609  /        *r/       0.0056  4842
   96     32497.892     3076.2290  /         w/       0.0061  4843
  118     32471.982     3078.6837  /        *v/       0.0057  4844
   97     32468.245     3079.0380  /        *r/       0.0056  4845
  126     32455.981     3080.2015  /        *r/       0.0056  4846
   97     32436.275     3082.0729  /         c/       0.0106  4847
   86     32435.454     3082.1509  /          /       0.0029  4848
   96     32426.805     3082.9730  /          /       0.0029  4849
   95     32426.103     3083.0398  /         d/       0.0139  4850
   97     32422.765     3083.3572  /         w/       0.0059  4851
   96     32414.864     3084.1088  /        *v/       0.0057  4852
   89     32405.664     3084.9844  /          /       0.0035  4853
   75     32382.683     3087.1738  /        *r/       0.0057  4854
   86     32374.296     3087.9736  /          /       0.0033  4855
   97     32370.790     3088.3081  /         w/       0.0061  4856
   89     32362.924     3089.0588  /          /       0.0029  4857
   93     32346.689     3090.6092  /          /       0.0031  4858
   93     32338.134     3091.4269  /          /       0.0032  4859
   86     32334.735     3091.7519  /          /       0.0031  4860
   95     32332.585     3091.9575  /          /       0.0031  4861
   91     32326.295     3092.5591  /          /       0.0031  4862
   86     32324.732     3092.7087  /          /       0.0029  4863
   75     32305.730     3094.5278  /          /       0.0047  4864
   91     32294.974     3095.5585  /        *r/       0.0058  4865
   97     32275.244     3097.4509  /        *v/       0.0057  4866
   86     32264.602     3098.4726  /        *v/       0.0058  4867
   89     32243.619     3100.4891  /          /       0.0035  4868
   95     32237.574     3101.0705  /        *r/       0.0057  4869
   95     32206.994     3104.0150  /          /       0.0030  4870
   89     32197.425     3104.9376  /          /       0.0029  4871
   96     32161.241     3108.4310  /         w/       0.0060  4872
   95     32156.542     3108.8852  /        *r/       0.0058  4873
   89     32108.266     3113.5597  /          /       0.0035  4874
   96     32105.346     3113.8429  /        *v/       0.0339  4875
   95     32069.594     3117.3145  /        *r/       0.0058  4876
   96     32052.915     3118.9366  /         w/       0.0063  4877
   95     32027.306     3121.4307  /        *v/       0.0058  4878
   97     32024.672     3121.6874  /          /       0.0037  4879
   95     32014.825     3122.6476  /        *v/       0.0058  4880
   98     32011.181     3123.0031  /         c/       0.0117  4881
   97     31945.132     3129.4603  /        *v/       0.0059  4882
   91     31903.792     3133.5156  /          /       0.0031  4883
   98     31878.017     3136.0493  /         c/       0.0127  4884
   98     31856.072     3138.2097  /         c/       0.0118  4885
   93     31852.030     3138.6080  /          /       0.0033  4886
   93     31828.334     3140.9447  /          /       0.0035  4887
   94     31802.076     3143.5382  /        *v/       0.0059  4888
  105     31799.624     3143.7806  /         w/       0.0061  4889
  105     31766.695     3147.0395  /        *r/       0.0060  4890
   97     31758.219     3147.8795  /        *v/       0.0059  4891
   97     31734.785     3150.2041  /        *r/       0.0059  4892
   97     31699.049     3153.7556  /         w/       0.0066  4893
   96     31691.290     3154.5278  /         w/       0.0061  4894
   93     31664.755     3157.1714  /          /       0.0120  4895
   98     31636.178     3160.0233  /         c/       0.0124  4896
  105     31635.185     3160.1225  /        *v/       0.0061  4897
   94     31623.088     3161.3314  /        *r/       0.0059  4898
   96     31604.526     3163.1882  /         c/       0.0111  6669
   86     31597.720     3163.8696  /        *r/       0.0061  4899
   93     31564.065     3167.2432  /        *r/       0.0060  4900
   89     31558.066     3167.8453  /        *v/       0.0060  4901
   98     31534.811     3170.1814  /         c/       0.0142  4902
   75     31527.060     3170.9608  /          /       0.0030  4903
   75     31525.993     3171.0682  /          /       0.0030  4904
   86     31520.460     3171.6248  /          /       0.0030  4905
   75     31513.852     3172.2900  /          /       0.0030  4906
   75     31512.910     3172.3848  /          /       0.0030  4907
  109     31507.269     3172.9527  /        *v/       0.0060  4908
   81     31479.172     3175.7849  /          /       0.0032  4909
   91     31468.749     3176.8368  /        *r/       0.0060  4910
   94     31455.361     3178.1890  /        *v/       0.0061  4911
   96     31445.508     3179.1849  /         d/       0.0141  4912
   81     31418.554     3181.9124  /          /       0.0033  4913
   92     31399.307     3183.8629  /         c/       0.0119  4914
   91     31391.643     3184.6402  /         c/       0.0112  4915
   94     31391.371     3184.6679  /        *r/       0.0060  4916
   74     31319.522     3191.9740  /        *v/       0.0061  4917
   85     31288.759     3195.1124  /         c/       0.0162  4918
   94     31280.961     3195.9089  /        *v/       0.0061  4919
   90     31248.002     3199.2800  /        *r/       0.0061  4920
   88     31246.272     3199.4571  /        *r/       0.0061  4921
   81     31243.940     3199.6959  /          /       0.0032  4922
   81     31240.250     3200.0738  /          /       0.0030  4923
   88     31237.800     3200.3248  /        *v/       0.0061  4924
   81     31176.897     3206.5768  /         c/       0.0518  4925
   88     31157.551     3208.5679  /        *v/       0.0062  4926
   88     31156.744     3208.6510  /         c/       0.0147  4927
   74     31149.571     3209.3899  /          /       0.0030  4928
   74     31147.571     3209.5959  /         w/       0.0060  4929
   85     31056.781     3218.9791  /        *v/       0.0062  4930
  104     31019.507     3222.8472  /         d/       0.0140  4931
   81     31015.804     3223.2320  /          /       0.0031  4932
   74     30982.558     3226.6908  /        *v/       0.0062  4933
  104     30959.672     3229.0762  /        *r/       0.0062  4934
   84     30879.979     3237.4099  /        *r/       0.0062  4935
   80     30803.773     3245.4193  /          /       0.0030  4936
   87     30793.827     3246.4675  /          /       0.0040  4937
  112     30775.657     3248.3843  /         w/       0.0063  4938
   87     30704.402     3255.9230  /        *r/       0.0063  4939
   89     30689.933     3257.4581  /        *v/       0.0064  4940
   80     30684.553     3258.0292  /        *r/       0.0063  4941
   73     30661.940     3260.4321  /          /       0.0033  4942
   84     30652.860     3261.3979  /          /       0.0031  4943
   91     30644.170     3262.3228  /        *v/       0.0064  4944
   91     30631.444     3263.6782  /        *v/       0.0064  4945
   80     30627.309     3264.1189  /          /       0.0031  4946
   80     30624.580     3264.4097  /        bl/       0.0063  4947
  103     30623.519     3264.5228  /        *v/       0.0064  4948
   84     30611.073     3265.8502  /        *r/       0.0063  4949
   84     30566.422     3270.6211  /        *r/       0.0064  4950
   73     30552.952     3272.0630  /          /       0.0034  4951
   79     30525.191     3275.0389  /        *r/       0.0064  4952
   72     30514.932     3276.1400  /         w/       0.0062  4953
   72     30511.590     3276.4988  /          /       0.0031  4954
  117     30470.435     3280.9244  /        *v/       0.0066  4955
   79     30455.005     3282.5868  /         w/       0.0066  4956
   79     30411.810     3287.2493  /        *r/       0.0064  4957
   83     30408.783     3287.5765  /          /       0.0037  4958
   72     30380.926     3290.5911  /         c/       0.0121  4959
  117     30362.518     3292.5861  /        *r/       0.0064  4960
   88     30353.290     3293.5872  /        *v/       0.0065  4961
   86     30350.523     3293.8875  /        *r/       0.0064  4962
   88     30341.432     3294.8744  /        *r/       0.0065  4963
  117     30330.168     3296.0981  /        *v/       0.0065  4964
   88     30297.239     3299.6807  /          /       0.0033  4965
  106     30271.390     3302.4984  /         w/       0.0067  4966
   88     30265.179     3303.1761  /          /       0.0031  4967
   72     30260.553     3303.6811  /         c/       0.0124  4968
   72     30252.043     3304.6105  /         c/       0.0128  4969
  118     30238.062     3306.1384  /        *r/       0.0065  4970
   85     30200.546     3310.2456  /          /       0.0033  4971
   71     30164.881     3314.1595  /          /       0.0032  4972
   78     30163.262     3314.3374  /          /       0.0031  4973
   71     30147.829     3316.0341  /         c/       0.0120  4974
   92     30134.019     3317.5539  /        *r/       0.0066  4975
   71     30126.837     3318.3448  /         c/       0.0139  4976
   85     30108.747     3320.3386  /        *v/       0.0066  4977
   82     30108.278     3320.3903  /        *r/       0.0066  4978
   89     30091.827     3322.2056  /        *v/       0.0066  4979
   85     30090.116     3322.3945  /          /       0.0031  4980
   85     30088.555     3322.5669  /          /       0.0031  4981
   78     30074.955     3324.0694  /          /       0.0217  4982
   71     30067.535     3324.8898  /         w/       0.0063  4983
  101     30044.026     3327.4915  /        *v/       0.0066  4984
   78     30040.712     3327.8586  /          /       0.0033  4985
   90     30031.778     3328.8487  /        *v/       0.0066  4986
   89     30004.946     3331.8255  /        *v/       0.0067  4987
  112     29992.028     3333.2607  /        *v/       0.0067  4988
   82     29960.448     3336.7742  /          /       0.0031  4989
   82     29953.170     3337.5850  /          /       0.0033  4990
   82     29951.218     3337.8025  /         w/       0.0066  4991
   90     29936.239     3339.4727  /        *v/       0.0067  4992
  116     29926.276     3340.5845  /        *v/       0.0067  4993
  133     29918.646     3341.4365  /        *v/       0.0067  4994
  113     29916.426     3341.6845  /        *v/       0.0067  4995
  105     29914.016     3341.9537  /          /       0.0042  4996
  105     29911.769     3342.2047  /        *r/       0.0066  4997
   82     29901.626     3343.3385  /          /       0.0031  4998
   84     29890.727     3344.5576  /          /       0.0031  4999
  113     29883.309     3345.3878  /        *v/       0.0067  5000
  113     29882.809     3345.4438  /        *r/       0.0066  5001
   90     29880.721     3345.6776  /          /       0.0036  5002
   88     29874.016     3346.4285  /         w/       0.0063  5003
   70     29850.722     3349.0400  /          /       0.0031  5004
   88     29839.791     3350.2669  /          /       0.0031  5005
   81     29837.283     3350.5485  /          /       0.0036  5006
  109     29832.622     3351.0720  /         w/       0.0069  5007
   86     29811.070     3353.4948  /          /       0.0031  5008
  109     29807.752     3353.8680  /        *v/       0.0067  5009
  125     29798.442     3354.9160  /        *v/       0.0067  5010
   90     29792.975     3355.5316  /          /       0.0037  5011
  132     29774.932     3357.5650  /        *r/       0.0067  5012
  104     29770.322     3358.0850  /        *r/       0.0067  5013
   86     29765.891     3358.5849  /        *r/       0.0067  5014
  132     29758.525     3359.4163  /        *r/       0.0067  5015
   81     29753.574     3359.9752  /        *v/       0.0068  5016
   86     29751.945     3360.1593  /          /       0.0032  5017
   70     29749.773     3360.4046  /         w/       0.0063  5018
   86     29745.388     3360.9000  /          /       0.0033  5019
   89     29726.100     3363.0808  /          /       0.0032  5020
   88     29725.800     3363.1148  /          /       0.0032  5021
   91     29724.611     3363.2493  /          /       0.0034  5022
   89     29724.383     3363.2751  /          /       0.0032  5023
   88     29716.113     3364.2111  /        *r/       0.0067  5024
  116     29713.341     3364.5249  /        *r/       0.0067  5025
  109     29710.204     3364.8802  /          /       0.0032  5026
   86     29708.003     3365.1295  /          /       0.0032  5027
  109     29702.032     3365.8060  /        *v/       0.0068  5028
  123     29688.394     3367.3522  /        *v/       0.0068  5029
  132     29686.351     3367.5839  /        *v/       0.0068  5030
   86     29679.707     3368.3379  /          /       0.0033  5031
   89     29660.416     3370.5287  /          /       0.0041  5032
  116     29648.124     3371.9262  /        *r/       0.0068  5033
   77     29640.564     3372.7862  /          /       0.0032  5034
   81     29637.227     3373.1660  /          /       0.0034  5035
   69     29609.432     3376.3325  /          /       0.0032  5036
  115     29602.327     3377.1429  /        *v/       0.0068  5037
   86     29595.329     3377.9415  /         c/       0.0143  5038
  108     29584.896     3379.1328  /        *v/       0.0068  5039
  119     29575.426     3380.2148  /        *v/       0.0068  5040
   85     29569.313     3380.9136  /         c/       0.0125  5041
  119     29566.276     3381.2609  /        *v/       0.0069  5042
   85     29564.908     3381.4174  /        *r/       0.0069  5043
  126     29561.182     3381.8435  /        *v/       0.0069  5044
   85     29544.593     3383.7426  /         c/       0.0125  5045
   69     29533.736     3384.9865  /         c/       0.0259  5046
   69     29519.952     3386.5671  /          /       0.0034  5047
   87     29514.516     3387.1908  /        *v/       0.0069  5048
   69     29508.594     3387.8707  /          /       0.0032  5049
  115     29480.677     3391.0789  /        *v/       0.0069  5050
  138     29453.469     3394.2116  /         w/       0.0070  5051
   76     29447.274     3394.9257  /          /       0.0032  5052
  133     29437.326     3396.0730  /         d/       0.0141  5053
  126     29432.526     3396.6268  /        *v/       0.0069  5054
  126     29425.327     3397.4579  /        *r/       0.0069  5055
  104     29422.463     3397.7886  /        *v/       0.0069  5056
   69     29415.556     3398.5864  /         w/       0.0065  5057
   80     29410.144     3399.2119  /        *v/       0.0071  5058
   88     29405.146     3399.7896  /          /       0.0038  5059
  108     29377.679     3402.9684  /        *r/       0.0069  5060
   88     29294.715     3412.6061  /        *r/       0.0069  5061
   86     29294.216     3412.6642  /          /       0.0032  5062
  130     29289.205     3413.2481  /         c/       0.0158  5063
   68     29283.438     3413.9203  /         c/       0.0127  5064
   75     29280.214     3414.2962  /         w/       0.0069  5065
  125     29272.885     3415.1511  /        *v/       0.0070  5066
   88     29268.047     3415.7156  /          /       0.0041  5067
   88     29262.255     3416.3917  /         w/       0.0064  5068
   75     29251.826     3417.6098  /          /       0.0043  5069
   89     29239.602     3419.0386  /          /       0.0032  5070
  118     29230.784     3420.0700  /        *v/       0.0070  5071
  125     29212.409     3422.2214  /        *r/       0.0070  5072
   84     29179.173     3426.1195  /          /       0.0033  5073
  107     29178.223     3426.2311  /         c/       0.0148  5074
  130     29171.576     3427.0118  /        *r/       0.0072  5075
   81     29163.900     3427.9138  /         c/       0.0210  5076
   74     29151.134     3429.4150  /        *r/       0.0070  5077
   85     29144.304     3430.2188  /        *r/       0.0073  5078
  124     29092.234     3436.3584  /        *r/       0.0070  5079
  117     29056.173     3440.6233  /        *r/       0.0201  5080
  106     29016.856     3445.2854  /        *r/       0.0071  5081
   83     28982.294     3449.3941  /          /       0.0033  5082
  101     28952.637     3452.9276  /        *r/       0.0071  5083
  109     28943.216     3454.0515  /        *v/       0.0071  5084
   66     28873.157     3462.4328  /        *r/       0.0071  5085
   66     28870.963     3462.6959  /        *r/       0.0072  5086
   96     28774.427     3474.3134  /        *r/       0.0072  5087
   80     28767.886     3475.1033  /        *v/       0.0072  5088
   84     28744.147     3477.9734  /          /       0.0042  5089
   66     28718.468     3481.0834  /        *v/       0.0073  5090
   79     28700.960     3483.2070  /          /       0.0036  5091
   79     28659.367     3488.2623  /          /       0.0033  5092
   79     28658.979     3488.3095  /          /       0.0033  5093
   79     28654.940     3488.8012  /          /       0.0040  5094
   79     28611.980     3494.0396  /          /       0.0033  5095
   79     28611.417     3494.1084  /          /       0.0033  5096
   79     28599.740     3495.5351  /         c/       0.0148  5097
   65     28596.201     3495.9677  /         c/       0.0132  5098
   86     28568.830     3499.3172  /          /       0.0043  5099
   92     28508.827     3506.6825  /         d/       0.0308  5100
   71     28504.355     3507.2326  /          /       0.0044  5101
   75     28488.827     3509.1443  /        *r/       0.0073  5102
   94     28477.511     3510.5388  /        *v/       0.0074  5103
   71     28470.819     3511.3640  /          /       0.0035  5104
   78     28461.492     3512.5147  /         w/       0.0069  5105
   64     28434.440     3515.8566  /        *r/       0.0073  5106
   71     28420.947     3517.5257  /          /       0.0036  5107
   98     28384.540     3522.0376  /        *r/       0.0074  5108
   98     28379.707     3522.6374  /        *r/       0.0074  5109
   71     28369.608     3523.8914  /          /       0.0033  5110
   94     28339.085     3527.6870  /        **/       0.0040  5111
   91     28338.377     3527.7751  /          /       0.0062  5112
   86     28322.675     3529.7309  /        *r/       0.0074  5113
   70     28304.733     3531.9685  /         w/       0.0067  5114
   70     28302.339     3532.2672  /        *v/       0.0075  5115
   63     28277.859     3535.3252  /         c/       0.0135  5116
   63     28243.956     3539.5690  /          /       0.0033  5117
   93     28216.755     3542.9812  /         d/       0.0141  5118
   63     28208.149     3544.0622  /          /       0.0033  5119
   77     28207.674     3544.1219  /          /       0.0039  5120
   81     28192.208     3546.0662  /        *r/       0.0075  5121
   74     28177.133     3547.9634  /          /       0.0035  5122
   62     28086.308     3559.4371  /          /       0.0034  5123
   69     28085.725     3559.5109  /          /       0.0034  5124
   69     28084.976     3559.6060  /          /       0.0034  5125
   94     28058.049     3563.0222  /        *v/       0.0076  5126
   96     28047.139     3564.4082  /        *r/       0.0075  5127
   84     28035.815     3565.8479  /        *v/       0.0076  5128
   62     28019.763     3567.8907  /         c/       0.0143  5129
   69     28015.617     3568.4188  /          /       0.0036  5130
   62     28002.078     3570.1441  /          /       0.0034  5131
   62     27990.476     3571.6240  /          /       0.0034  5132
   69     27967.624     3574.5424  /        **/       0.0043  5133
   84     27950.018     3576.7941  /          /       0.0047  5134
   82     27945.759     3577.3392  /        *v/       0.0077  5135
   81     27941.207     3577.9220  /        *v/       0.0077  5136
   83     27888.641     3584.6661  /          /       0.0035  5137
   82     27848.079     3589.8875  /        *r/       0.0079  5138
   95     27837.005     3591.3156  /         c/       0.0150  5139
   75     27835.413     3591.5210  /          /       0.0035  5140
   68     27807.744     3595.0947  /          /       0.0035  5141
   67     27766.255     3600.4668  /          /       0.0034  5142
   80     27760.611     3601.1988  /          /       0.0039  5143
   80     27744.269     3603.3200  /          /       0.0035  5144
   74     27715.418     3607.0711  /        *r/       0.0077  5145
   60     27683.002     3611.2950  /          /       0.0037  5146
   60     27665.776     3613.5436  /          /       0.0037  5147
   60     27664.036     3613.7709  /          /       0.0034  5148
   60     27663.399     3613.8541  /          /       0.0034  5149
   60     27659.705     3614.3368  /        *v/       0.0078  5150
   60     27637.376     3617.2569  /          /       0.0034  5151
   60     27604.966     3621.5039  /          /       0.0034  5152
   59     27594.458     3622.8831  /          /       0.0034  5153
   59     27544.803     3629.4142  /        **/       0.0036  5154
   73     27509.069     3634.1289  /         c/       0.0229  5155
   81     27508.779     3634.1672  /         d/       0.0140  5156
   66     27501.420     3635.1397  /          /       0.0034  5157
   77     27446.727     3642.3836  /          /       0.0038  5158
   81     27443.553     3642.8049  /         d/       0.0141  5159
   59     27440.719     3643.1811  /        *v/       0.0082  5160
   81     27431.054     3644.4648  /        *r/       0.0081  5161
   58     27423.719     3645.4396  /          /       0.0034  5162
   58     27398.991     3648.7298  /          /       0.0068  5163
   72     27389.104     3650.0469  /          /       0.0040  5164
   58     27380.324     3651.2174  /          /       0.0039  5165
   80     27368.616     3652.7794  /          /       0.0035  5166
  110     27362.571     3653.5864  /          /       0.0040  5167
   79     27357.502     3654.2634  /          /       0.0039  5168
   79     27351.468     3655.0695  /          /       0.0035  5169
   69     27350.826     3655.1554  /         d/       0.0139  5170
   72     27350.575     3655.1889  /          /       0.0045  5171
   58     27333.088     3657.5275  /          /       0.0035  5172
   58     27326.999     3658.3425  /          /       0.0035  5173
   69     27322.346     3658.9655  /          /       0.0039  5174
   65     27312.021     3660.3488  /         c/       0.0670  5175
   81     27298.580     3662.1511  /          /       0.0039  5176
   64     27267.648     3666.3055  /        *v/       0.0081  5177
   58     27265.523     3666.5912  /          /       0.0039  5178
   71     27260.190     3667.3085  /         d/       0.0210  5179
   64     27257.889     3667.6181  /          /       0.0044  5180
   64     27241.825     3669.7809  /          /       0.0035  5181
   64     27237.352     3670.3836  /          /       0.0036  5182
   78     27220.789     3672.6170  /          /       0.0046  5183
   71     27208.701     3674.2486  /        *r/       0.0080  5184
   57     27203.434     3674.9600  /          /       0.0041  5185
   73     27197.748     3675.7284  /          /       0.0039  5186
   57     27187.256     3677.1469  /          /       0.0035  5187
   91     27179.814     3678.1538  /        *r/       0.0080  5188
   91     27174.763     3678.8374  /          /       0.0039  5189
   68     27163.472     3680.3666  /        *r/       0.0080  5190
   57     27160.491     3680.7706  /          /       0.0035  5191
   57     27157.802     3681.1351  /          /       0.0035  5192
   57     27150.859     3682.0764  /          /       0.0042  5193
   68     27146.322     3682.6918  /          /       0.0042  5194
   71     27138.534     3683.7487  /          /       0.0037  5195
   57     27129.916     3684.9189  /          /       0.0035  5196
   64     27118.541     3686.4645  /         c/       0.0146  5197
   79     27116.400     3686.7557  /         d/       0.0141  5198
   57     27109.575     3687.6838  /          /       0.0035  5199
   63     27105.055     3688.2988  /          /       0.0035  5200
   57     27097.181     3689.3706  /         d/       0.0139  5201
   56     27093.974     3689.8073  /          /       0.0039  5202
   79     27085.400     3690.9754  /         d/       0.0140  5203
   56     27076.387     3692.2040  /          /       0.0035  5204
   56     27075.096     3692.3801  /          /       0.0040  5205
   63     27073.227     3692.6350  /          /       0.0035  5206
   63     27059.917     3694.4513  /          /       0.0044  5207
   70     27059.449     3694.5152  /          /       0.0035  5208
   63     27056.973     3694.8533  /          /       0.0064  5209
   63     27009.819     3701.3040  /         w/       0.0078  5210
   56     26982.596     3705.0384  /          /       0.0043  5211
   56     26979.043     3705.5263  /          /       0.0040  5212
   56     26976.055     3705.9368  /          /       0.0035  5213
   78     26953.473     3709.0417  /        *r/       0.0082  5214
   62     26938.066     3711.1632  /         c/       0.0427  5215
   66     26898.113     3716.6757  /         w/       0.0076  5216
   55     26890.094     3717.7841  /          /       0.0035  5217
   55     26822.465     3727.1582  /         w/       0.0071  5218
   55     26784.085     3732.4991  /         w/       0.0071  5219
   65     26756.967     3736.2820  /         c/       0.0172  5220
   61     26740.242     3738.6190  /          /       0.0036  5221
   74     26730.220     3740.0208  /          /       0.0048  5222
   68     26705.021     3743.5499  /         w/       0.0071  5223
   61     26693.448     3745.1730  /          /       0.0045  5224
   61     26645.796     3751.8709  /          /       0.0037  5225
   67     26632.997     3753.6739  /          /       0.0039  5226
   53     26597.732     3758.6509  /         w/       0.0073  5227
   60     26581.156     3760.9949  /          /       0.0045  5228
   60     26579.982     3761.1610  /         d/       0.0140  5229
   71     26569.371     3762.6631  /          /       0.0059  5230
   53     26564.502     3763.3528  /         c/       0.0171  5231
   67     26529.637     3768.2987  /          /       0.0040  5232
   67     26525.916     3768.8273  /          /       0.0068  5233
   72     26507.747     3771.4106  /         w/       0.0090  5234
   53     26491.131     3773.7762  /          /       0.0036  5235
   64     26487.040     3774.3592  /          /       0.0036  5236
   59     26451.061     3779.4932  /         d/       0.0139  5237
   74     26422.302     3783.6070  /         w/       0.0076  5238
   66     26415.294     3784.6108  /          /       0.0040  5239
   68     26408.880     3785.5300  /         d/       0.0145  5240
   70     26332.499     3796.5107  /         w/       0.0079  5241
   52     26314.685     3799.0808  /          /       0.0036  5242
   52     26311.490     3799.5422  /          /       0.0036  5243
   51     26290.637     3802.5559  /         d/       0.0139  5244
   65     26285.859     3803.2471  /        *r/       0.0086  5245
   62     26261.589     3806.7621  /        *r/       0.0086  5246
   51     26253.021     3808.0045  /          /       0.0049  5247
   74     26247.378     3808.8232  /          /       0.0038  5248
   65     26221.529     3812.5780  /        *r/       0.0086  5249
   58     26211.039     3814.1039  /          /       0.0038  5250
   92     26189.357     3817.2616  /          /       0.0047  5251
   72     26172.510     3819.7188  /          /       0.0042  5252
   70     26163.494     3821.0351  /          /       0.0042  5253
   71     26157.918     3821.8497  /          /       0.0039  5254
   51     26152.821     3822.5946  /          /       0.0038  5255
   72     26130.771     3825.8202  /        *r/       0.0087  5256
   57     26036.584     3839.6604  /          /       0.0055  5257
   57     26009.921     3843.5966  /          /       0.0037  5258
   57     26008.110     3843.8642  /         d/       0.0145  5259
   66     26000.094     3845.0494  /         d/       0.0139  5260
   76     25916.495     3857.4527  /          /       0.0051  5261
   67     25911.137     3858.2503  /          /       0.0037  5262
   63     25895.246     3860.6181  /         w/       0.0076  5263
   90     25887.318     3861.8004  /        *r/       0.0089  5264
   67     25875.947     3863.4975  /        *v/       0.0093  5265
   56     25860.090     3865.8665  /          /       0.0037  5266
   49     25853.818     3866.8044  /          /       0.0037  5267
   49     25843.203     3868.3927  /          /       0.0037  5268
   55     25823.399     3871.3594  /          /       0.0037  5269
   48     25795.546     3875.5397  /         w/       0.0077  5270
   59     25787.769     3876.7085  /          /       0.0037  5271
   59     25787.278     3876.7823  /          /       0.0037  5272
   48     25780.361     3877.8225  /          /       0.0037  5273
   55     25774.268     3878.7393  /          /       0.0037  5274
   55     25766.217     3879.9513  /          /       0.0037  5275
   59     25763.811     3880.3136  /          /       0.0037  5276
   55     25757.320     3881.2915  /         w/       0.0074  5277
   48     25755.454     3881.5727  /          /       0.0037  5278
   55     25743.757     3883.3363  /          /       0.0037  5279
   55     25739.138     3884.0333  /         d/       0.0139  5280
   71     25732.972     3884.9640  /          /       0.0037  5281
   59     25714.263     3887.7907  /          /       0.0037  5282
   69     25691.758     3891.1963  /        *r/       0.0090  5283
   54     25657.699     3896.3617  /         c/       0.0252  5284
   67     25640.338     3899.0000  /          /       0.0040  5285
   70     25598.688     3905.3439  /          /       0.0050  5286
   47     25574.770     3908.9963  /         c/       0.0162  5287
   61     25555.973     3911.8715  /          /       0.0138  5288
   68     25548.672     3912.9895  /        *v/       0.0092  5289
   64     25495.790     3921.1058  /          /       0.0045  5290
   53     25460.282     3926.5744  /          /       0.0038  5291
   53     25448.010     3928.4680  /         w/       0.0079  5292
   73     25429.640     3931.3060  /          /       0.0056  5293
   46     25420.623     3932.7005  /         c/       0.0164  5294
   67     25414.511     3933.6463  /          /       0.0038  5295
   46     25409.733     3934.3860  /         c/       0.0175  5296
   57     25340.665     3945.1096  /          /       0.0038  5297
   66     25318.740     3948.5261  /         c/       0.0170  5298
   52     25239.807     3960.8747  /         c/       0.0167  5299
   45     25216.342     3964.5605  /          /       0.0038  5300
   63     25193.217     3968.1997  /        *v/       0.0094  5301
   58     25155.625     3974.1298  /          /       0.0039  5302
   65     25132.123     3977.8463  /          /       0.0043  5303
   74     25124.110     3979.1150  /          /       0.0052  5304
   58     25117.554     3980.1536  /          /       0.0039  5305
   94     25115.268     3980.5159  /          /       0.0043  5306
   62     25103.836     3982.3287  /          /       0.0039  5307
   55     25095.493     3983.6525  /        *v/       0.0095  5308
   51     25094.971     3983.7354  /          /       0.0039  5309
   55     25082.635     3985.6947  /        *v/       0.0095  5310
   58     25044.194     3991.8126  /        *r/       0.0095  5311
   58     25042.953     3992.0105  /        *r/       0.0095  5312
   58     25006.265     3997.8674  /          /       0.0040  5313
   97     24991.698     4000.1977  /          /       0.0194  5314
   64     24986.914     4000.9636  /          /       0.0054  5315
   44     24982.719     4001.6355  /          /       0.0039  5316
   51     24981.969     4001.7556  /          /       0.0039  5317
   50     24933.298     4009.5674  /         w/       0.0078  5318
   54     24925.037     4010.8964  /        *r/       0.0096  5319
   66     24913.525     4012.7497  /          /       0.0040  5320
   43     24906.541     4013.8750  /          /       0.0077  5321
   50     24894.921     4015.7485  /         w/       0.0079  5322
   88     24878.711     4018.3651  /          /       0.0040  5323
   61     24866.912     4020.2717  /          /       0.0129  5324
   57     24815.601     4028.5846  /         d/       0.0139  5325
   95     24809.316     4029.6052  /          /       0.0042  5326
   57     24803.929     4030.4805  /         c/       0.0172  5327
   62     24792.630     4032.3173  /          /       0.0047  5328
   43     24784.262     4033.6787  /          /       0.0039  5329
   59     24780.160     4034.3465  /          /       0.0039  5330
   56     24760.110     4037.6135  /        *r/       0.0097  5331
   62     24719.220     4044.2926  /          /       0.0229  5332
   63     24686.409     4049.6680  /          /       0.0054  5333
   49     24671.374     4052.1359  /          /       0.0080  5334
   49     24670.632     4052.2577  /          /       0.0039  5335
   60     24669.179     4052.4965  /          /       0.0039  5336
   61     24593.407     4064.9824  /        *r/       0.0098  5337
   42     24586.518     4066.1214  /        *v/       0.0099  5338
   42     24576.358     4067.8024  /         c/       0.0175  5339
   48     24540.041     4073.8226  /          /       0.0040  5340
   48     24539.728     4073.8746  /          /       0.0040  5341
   55     24498.097     4080.7976  /        *v/       0.0100  5342
   59     24496.747     4081.0225  /          /       0.0040  5343
   61     24496.495     4081.0644  /          /       0.0040  5344
   57     24489.405     4082.2460  /          /       0.0060  5345
   68     24487.209     4082.6121  /          /       0.0045  5346
   41     24482.291     4083.4322  /          /       0.0040  5347
   41     24477.135     4084.2924  /          /       0.0040  5348
   62     24458.339     4087.4312  /          /       0.0048  5349
   60     24417.883     4094.2035  /          /       0.0044  5350
   60     24414.104     4094.8373  /          /       0.0040  5351
   57     24407.875     4095.8824  /         d/       0.0139  5352
   41     24368.454     4102.5084  /          /       0.0040  5353
   61     24365.431     4103.0174  /          /       0.0049  5354
   57     24365.001     4103.0898  /        *r/       0.0103  5355
   57     24350.703     4105.4991  /         d/       0.0152  5356
   54     24337.256     4107.7675  /          /       0.0040  5357
   47     24329.794     4109.0274  /          /       0.0040  5358
   70     24307.144     4112.8564  /          /       0.0042  5359
   58     24301.484     4113.8144  /          /       0.0040  5360
   47     24267.487     4119.5776  /          /       0.0040  5361
   74     24259.979     4120.8525  /         d/       0.0139  5362
   40     24229.864     4125.9744  /          /       0.0041  5363
   61     24195.290     4131.8703  /          /       0.0048  5364
   59     24187.650     4133.1755  /         d/       0.0139  5365
   47     24172.011     4135.8496  /          /       0.0044  5366
   51     24170.208     4136.1582  /         d/       0.0140  5367
   58     24165.313     4136.9960  /         d/       0.0142  5368
   85     24133.443     4142.4593  /          /       0.0046  5369
   88     24121.721     4144.4724  /          /       0.0046  5370
   58     24111.580     4146.2155  /         d/       0.0141  5371
   51     24111.180     4146.2843  /          /       0.0041  5372
   53     24110.750     4146.3583  /          /       0.0041  5373
   60     24110.264     4146.4419  /         d/       0.0139  5374
   63     24107.719     4146.8796  /         w/       0.0084  5375
   60     24106.799     4147.0379  /         d/       0.0141  5376
   85     24102.104     4147.8457  /          /       0.0045  5377
   51     24100.200     4148.1733  /          /       0.0041  5378
   57     24098.987     4148.3822  /          /       0.0041  5379
   67     24092.416     4149.5137  /          /       0.0045  5380
   50     24087.728     4150.3212  /          /       0.0041  5381
   57     24087.317     4150.3921  /          /       0.0041  5382
   63     24083.851     4150.9894  /          /       0.0045  5383
   60     24075.178     4152.4848  /          /       0.0045  5384
   72     24071.953     4153.0411  /          /       0.0045  5385
   69     24070.890     4153.2245  /          /       0.0045  5386
   50     24062.340     4154.7003  /         w/       0.0085  5387
   46     24058.478     4155.3672  /          /       0.0041  5388
   69     24053.859     4156.1653  /         w/       0.0082  5389
   46     24039.406     4158.6641  /          /       0.0048  5390
   53     24031.981     4159.9490  /         w/       0.0085  5391
   57     24026.301     4160.9324  /         w/       0.0082  5392
   55     24025.332     4161.1002  /          /       0.0045  5393
   60     24002.290     4165.0949  /         w/       0.0083  5394
   60     23997.494     4165.9274  /          /       0.0045  5395
   50     23994.321     4166.4784  /          /       0.0041  5396
   61     23990.843     4167.0823  /         w/       0.0083  5397
   84     23961.747     4172.1424  /          /       0.0047  5398
   57     23953.555     4173.5693  /         w/       0.0084  5399
   46     23948.314     4174.4826  /          /       0.0041  5400
   46     23947.166     4174.6827  /          /       0.0041  5401
   39     23946.696     4174.7647  /          /       0.0049  5402
   39     23938.762     4176.1484  /          /       0.0041  5403
   46     23934.790     4176.8414  /          /       0.0041  5404
   50     23933.334     4177.0956  /         d/       0.0139  5405
   50     23929.080     4177.8381  /         d/       0.0140  5406
   71     23927.725     4178.0747  /          /       0.0045  5407
   50     23922.967     4178.9057  /         d/       0.0139  5408
   89     23918.069     4179.7615  /          /       0.0047  5409
   61     23914.965     4180.3040  /          /       0.0045  5410
   71     23911.904     4180.8391  /          /       0.0045  5411
   58     23905.594     4181.9426  /          /       0.0041  5412
   60     23898.443     4183.1941  /          /       0.0056  5413
   69     23897.701     4183.3240  /          /       0.0047  5414
   39     23895.264     4183.7506  /          /       0.0041  5415
   91     23892.865     4184.1707  /          /       0.0065  5416
   39     23891.735     4184.3686  /          /       0.0041  5417
   55     23888.819     4184.8793  /          /       0.0041  5418
   39     23875.781     4187.1647  /         c/       0.0202  5419
   71     23865.642     4188.9435  /          /       0.0041  5420
   39     23864.257     4189.1867  /          /       0.0044  5421
   55     23859.010     4190.1080  /          /       0.0041  5422
   66     23856.847     4190.4879  /         d/       0.0142  5423
   61     23856.154     4190.6096  /          /       0.0041  5424
   93     23819.814     4197.0030  /          /       0.0046  5425
   46     23816.492     4197.5885  /          /       0.0041  5426
   58     23812.530     4198.2869  /          /       0.0048  5427
   46     23806.594     4199.3336  /         w/       0.0083  5428
   50     23794.825     4201.4107  /          /       0.0041  5429
   39     23792.963     4201.7396  /          /       0.0042  5430
   39     23792.539     4201.8144  /          /       0.0042  5431
   69     23789.943     4202.2730  /          /       0.0046  5432
   66     23788.340     4202.5561  /          /       0.0046  5433
   50     23787.125     4202.7707  /         d/       0.0139  5434
   59     23785.336     4203.0869  /          /       0.0046  5435
   66     23781.429     4203.7774  /          /       0.0042  5436
   71     23780.089     4204.0143  /          /       0.0042  5437
   71     23777.618     4204.4512  /          /       0.0062  5438
   59     23774.946     4204.9237  /         d/       0.0139  5439
   62     23773.192     4205.2340  /          /       0.0044  5440
   39     23767.824     4206.1838  /          /       0.0042  5441
   55     23754.614     4208.5229  /         d/       0.0140  5442
   55     23750.581     4209.2376  /          /       0.0042  5443
   66     23749.197     4209.4828  /          /       0.0066  5444
   38     23747.025     4209.8679  /          /       0.0042  5445
   38     23746.625     4209.9388  /          /       0.0042  5446
   52     23738.494     4211.3808  /          /       0.0042  5447
   49     23733.238     4212.3134  /         w/       0.0083  5448
   45     23732.078     4212.5194  /         w/       0.0083  5449
   54     23720.972     4214.4917  /         c/       0.0187  5450
   52     23697.715     4218.6278  /         w/       0.0083  5451
   49     23696.115     4218.9128  /         d/       0.0139  5452
   52     23694.891     4219.1307  /         w/       0.0085  5453
   86     23693.147     4219.4413  /          /       0.0046  5454
   56     23665.635     4224.3466  /          /       0.0045  5455
   72     23661.238     4225.1316  /          /       0.0045  5456
   58     23651.821     4226.8139  /         d/       0.0139  5457
   72     23643.905     4228.2290  /          /       0.0046  5458
   68     23637.799     4229.3213  /          /       0.0054  5459
   72     23636.941     4229.4748  /          /       0.0050  5460
   56     23635.562     4229.7216  /         d/       0.0139  5461
   52     23627.519     4231.1615  /          /       0.0042  5462
   90     23625.927     4231.4466  /          /       0.0048  5463
   38     23623.682     4231.8487  /          /       0.0064  5464
   58     23619.663     4232.5687  /         d/       0.0139  5465
   70     23607.125     4234.8168  /          /       0.0042  5466
   49     23594.018     4237.1694  /          /       0.0042  5467
   45     23580.800     4239.5446  /          /       0.0047  5468
   59     23574.700     4240.6416  /          /       0.0042  5469
   70     23571.002     4241.3067  /          /       0.0042  5470
   45     23569.974     4241.4918  /          /       0.0047  5471
   68     23565.794     4242.2442  /          /       0.0047  5472
   52     23557.666     4243.7079  /          /       0.0052  5473
   72     23553.267     4244.5004  /          /       0.0042  5474
   54     23550.474     4245.0038  /          /       0.0045  5475
   65     23547.770     4245.4913  /          /       0.0047  5476
   61     23546.574     4245.7070  /         w/       0.0087  5477
   61     23544.651     4246.0537  /         d/       0.0139  5478
   59     23540.122     4246.8707  /         w/       0.0084  5479
   72     23539.204     4247.0363  /          /       0.0060  5480
   59     23533.789     4248.0135  /          /       0.0042  5481
   61     23532.874     4248.1788  /         d/       0.0139  5482
   54     23531.373     4248.4498  /          /       0.0042  5483
   54     23529.311     4248.8220  /          /       0.0108  5484
   72     23526.727     4249.2888  /          /       0.0042  5485
   72     23525.821     4249.4524  /          /       0.0056  5486
   57     23523.033     4249.9561  /         w/       0.0084  5487
   61     23521.946     4250.1524  /         w/       0.0087  5488
   75     23521.131     4250.2997  /          /       0.0047  5489
   45     23520.068     4250.4918  /          /       0.0042  5490
   60     23510.327     4252.2528  /          /       0.0042  5491
   70     23484.556     4256.9193  /          /       0.0045  5492
   68     23480.649     4257.6276  /         d/       0.0139  5493
   60     23475.464     4258.5680  /          /       0.0045  5494
   57     23471.309     4259.3219  /          /       0.0042  5495
   57     23470.819     4259.4109  /          /       0.0042  5496
   54     23464.642     4260.5321  /          /       0.0042  5497
   60     23462.944     4260.8404  /          /       0.0047  5498
   52     23454.004     4262.4646  /         w/       0.0087  5499
   68     23438.062     4265.3638  /          /       0.0045  5500
   56     23433.898     4266.1219  /          /       0.0042  5501
   60     23431.877     4266.4898  /          /       0.0042  5502
   68     23428.299     4267.1413  /          /       0.0046  5503
   54     23426.153     4267.5322  /          /       0.0042  5504
   68     23424.228     4267.8829  /          /       0.0042  5505
   61     23419.087     4268.8199  /          /       0.0046  5506
   68     23413.692     4269.8035  /          /       0.0046  5507
   56     23412.259     4270.0649  /          /       0.0047  5508
   45     23401.883     4271.9581  /          /       0.0043  5509
   72     23396.861     4272.8751  /         w/       0.0088  5510
   54     23391.477     4273.8586  /          /       0.0048  5511
   52     23391.002     4273.9454  /          /       0.0048  5512
   45     23388.552     4274.3931  /          /       0.0043  5513
   72     23386.172     4274.8282  /          /       0.0048  5514
   59     23385.395     4274.9702  /          /       0.0048  5515
   90     23384.861     4275.0678  /          /       0.0049  5516
   61     23380.149     4275.9294  /         w/       0.0088  5517
   56     23379.543     4276.0403  /          /       0.0048  5518
   60     23375.246     4276.8263  /         w/       0.0085  5519
   61     23369.669     4277.8469  /         w/       0.0085  5520
   54     23365.032     4278.6961  /        *v/       0.0110  5521
   56     23363.492     4278.9781  /         d/       0.0139  5522
   54     23361.961     4279.2584  /          /       0.0051  5523
   59     23359.441     4279.7200  /         d/       0.0139  5524
   52     23351.705     4281.1379  /          /       0.0079  5525
   60     23350.119     4281.4287  /         w/       0.0085  5526
   56     23346.753     4282.0460  /          /       0.0046  5527
   57     23345.334     4282.3062  /          /       0.0043  5528
   61     23342.289     4282.8649  /          /       0.0043  5529
   75     23333.820     4284.4194  /          /       0.0048  5530
   45     23332.262     4284.7055  /          /       0.0053  5531
   86     23323.459     4286.3227  /          /       0.0050  5532
   61     23322.703     4286.4616  /          /       0.0046  5533
   72     23319.132     4287.1181  /          /       0.0048  5534
   52     23315.754     4287.7392  /          /       0.0043  5535
   54     23314.397     4287.9888  /          /       0.0043  5536
   52     23312.672     4288.3061  /          /       0.0043  5537
   61     23311.932     4288.4421  /         w/       0.0086  5538
   61     23310.167     4288.7668  /          /       0.0043  5539
   59     23304.982     4289.7211  /          /       0.0046  5540
   52     23302.810     4290.1210  /          /       0.0043  5541
   60     23300.289     4290.5851  /         d/       0.0140  5542
   72     23293.238     4291.8839  /          /       0.0043  5543
   72     23292.052     4292.1025  /          /       0.0048  5544
   59     23281.418     4294.0629  /         w/       0.0086  5545
   56     23280.533     4294.2261  /         w/       0.0087  5546
   60     23273.777     4295.4728  /          /       0.0043  5547
   59     23265.847     4296.9368  /          /       0.0043  5548
   52     23263.227     4297.4208  /          /       0.0043  5549
   56     23262.813     4297.4973  /          /       0.0054  5550
   60     23259.572     4298.0961  /          /       0.0043  5551
   83     23258.610     4298.2740  /          /       0.0043  5552
   59     23257.781     4298.4270  /          /       0.0043  5553
   54     23249.994     4299.8668  /          /       0.0043  5554
   38     23248.395     4300.1625  /          /       0.0043  5555
   56     23245.102     4300.7717  /          /       0.0043  5556
   83     23239.948     4301.7255  /          /       0.0043  5557
   58     23238.857     4301.9275  /          /       0.0043  5558
   38     23238.068     4302.0735  /          /       0.0043  5559
   72     23233.037     4303.0052  /          /       0.0048  5560
   45     23228.037     4303.9314  /          /       0.0043  5561
   60     23227.442     4304.0417  /          /       0.0043  5562
   58     23225.435     4304.4136  /         c/       0.0358  5563
   56     23223.411     4304.7887  /          /       0.0043  5564
   52     23221.874     4305.0738  /          /       0.0043  5565
   60     23219.560     4305.5027  /         w/       0.0086  5566
   54     23214.159     4306.5045  /         d/       0.0139  5567
   60     23211.610     4306.9774  /         w/       0.0087  5568
   60     23202.110     4308.7409  /         w/       0.0087  5569
   60     23185.725     4311.7859  /         w/       0.0087  5570
   49     23183.801     4312.1437  /          /       0.0043  5571
   52     23171.939     4314.3512  /          /       0.0047  5572
   38     23166.568     4315.3515  /          /       0.0043  5573
   83     23161.287     4316.3355  /          /       0.0050  5574
   49     23159.590     4316.6517  /         w/       0.0086  5575
   52     23154.479     4317.6046  /         w/       0.0086  5576
   49     23145.601     4319.2607  /          /       0.0043  5577
   49     23142.688     4319.8045  /          /       0.0043  5578
   54     23138.298     4320.6240  /         w/       0.0088  5579
   52     23137.599     4320.7546  /         d/       0.0139  5580
   57     23134.745     4321.2876  /          /       0.0049  5581
   49     23133.958     4321.4346  /          /       0.0043  5582
   45     23133.487     4321.5225  /          /       0.0043  5583
   38     23133.097     4321.5955  /          /       0.0043  5584
   72     23129.339     4322.2976  /          /       0.0043  5585
   61     23124.287     4323.2419  /         w/       0.0088  5586
   70     23122.365     4323.6013  /          /       0.0049  5587
   52     23117.690     4324.4756  /         w/       0.0087  5588
   45     23116.328     4324.7305  /          /       0.0049  5589
   52     23115.709     4324.8463  /          /       0.0049  5590
   70     23112.346     4325.4756  /          /       0.0045  5591
   45     23111.282     4325.6747  /         w/       0.0087  5592
   52     23110.127     4325.8909  /          /       0.0045  5593
   54     23102.348     4327.3475  /          /       0.0043  5594
   60     23098.569     4328.0555  /          /       0.0051  5595
   52     23096.029     4328.5316  /         c/       0.0197  5596
   45     23092.571     4329.1797  /         w/       0.0087  5597
   72     23085.192     4330.5635  /          /       0.0047  5598
   49     23083.709     4330.8417  /          /       0.0075  5599
   54     23082.958     4330.9826  /          /       0.0043  5600
   52     23081.818     4331.1965  /          /       0.0043  5601
   68     23080.021     4331.5337  /          /       0.0043  5602
   52     23076.490     4332.1966  /          /       0.0043  5603
   60     23063.203     4334.6924  /         w/       0.0088  5604
   49     23034.883     4340.0218  /          /       0.0044  5605
   56     23033.786     4340.2284  /          /       0.0044  5606
   70     23026.712     4341.5618  /          /       0.0044  5607
   56     23023.586     4342.1514  /          /       0.0044  5608
   54     23010.295     4344.6595  /         w/       0.0089  5609
   57     23007.607     4345.1671  /          /       0.0047  5610
   70     23001.406     4346.3386  /          /       0.0044  5611
   52     22999.289     4346.7386  /          /       0.0055  5612
   60     22994.403     4347.6622  /          /       0.0066  5613
   60     22992.338     4348.0527  /          /       0.0044  5614
   45     22989.287     4348.6297  /          /       0.0049  5615
   68     22986.181     4349.2174  /          /       0.0045  5616
   52     22981.747     4350.0566  /          /       0.0044  5617
   54     22976.064     4351.1325  /         w/       0.0087  5618
   59     22970.708     4352.1470  /          /       0.0047  5619
   54     22965.762     4353.0844  /          /       0.0047  5620
   59     22960.235     4354.1323  /          /       0.0046  5621
   79     22959.510     4354.2698  /          /       0.0049  5622
   52     22957.883     4354.5783  /         w/       0.0089  5623
   61     22952.641     4355.5729  /          /       0.0070  5624
   38     22950.329     4356.0117  /          /       0.0044  5625
   72     22947.923     4356.4684  /          /       0.0044  5626
   54     22945.884     4356.8555  /         d/       0.0139  5627
   57     22944.567     4357.1056  /          /       0.0044  5628
   52     22941.330     4357.7204  /          /       0.0047  5629
   57     22940.197     4357.9356  /          /       0.0044  5630
   56     22937.895     4358.3730  /         d/       0.0141  5631
   52     22931.469     4359.5943  /          /       0.0046  5632
   56     22916.782     4362.3884  /         w/       0.0088  5633
   45     22910.233     4363.6354  /          /       0.0044  5634
   49     22907.561     4364.1444  /         c/       0.0217  5635
   54     22906.261     4364.3921  /          /       0.0050  5636
   56     22905.643     4364.5098  /          /       0.0048  5637
   60     22890.959     4367.3096  /          /       0.0050  5638
   57     22889.272     4367.6314  /         d/       0.0139  5639
   59     22879.158     4369.5623  /          /       0.0067  5640
   45     22876.053     4370.1554  /         w/       0.0088  5641
   49     22874.493     4370.4534  /          /       0.0044  5642
   45     22873.771     4370.5913  /         w/       0.0088  5643
   60     22866.314     4372.0167  /          /       0.0048  5644
   38     22858.159     4373.5765  /          /       0.0048  5645
   56     22855.462     4374.0926  /          /       0.0048  5646
   57     22853.169     4374.5315  /          /       0.0048  5647
   68     22836.417     4377.7406  /          /       0.0044  5648
   52     22835.145     4377.9845  /          /       0.0044  5649
   59     22829.928     4378.9849  /          /       0.0048  5650
   83     22825.596     4379.8160  /          /       0.0061  5651
   52     22822.223     4380.4634  /          /       0.0044  5652
   49     22821.014     4380.6954  /         w/       0.0088  5653
   49     22819.877     4380.9136  /         w/       0.0088  5654
   83     22817.020     4381.4622  /          /       0.0052  5655
   57     22816.393     4381.5826  /          /       0.0048  5656
   49     22814.643     4381.9187  /         c/       0.0211  5657
   38     22801.006     4384.5395  /          /       0.0096  5658
   49     22800.463     4384.6440  /          /       0.0048  5659
   54     22791.930     4386.2855  /          /       0.0048  5660
   60     22790.858     4386.4919  /          /       0.0050  5661
   60     22790.520     4386.5569  /          /       0.0048  5662
   58     22789.057     4386.8386  /          /       0.0044  5663
   54     22786.424     4387.3454  /         d/       0.0139  5664
   54     22780.334     4388.5184  /         w/       0.0088  5665
   45     22779.363     4388.7054  /          /       0.0044  5666
   49     22778.906     4388.7935  /         w/       0.0088  5667
   49     22777.334     4389.0964  /         d/       0.0139  5668
   52     22775.866     4389.3793  /          /       0.0056  5669
   54     22775.217     4389.5044  /          /       0.0048  5670
   59     22773.931     4389.7523  /        *r/       0.0114  5671
   72     22764.711     4391.5302  /         w/       0.0091  5672
   54     22727.655     4398.6904  /         w/       0.0091  5673
   68     22718.023     4400.5553  /          /       0.0044  5674
   56     22715.831     4400.9800  /          /       0.0048  5675
   52     22715.382     4401.0670  /          /       0.0050  5676
   45     22710.011     4402.1079  /          /       0.0048  5677
   49     22709.398     4402.2267  /          /       0.0047  5678
   58     22708.126     4402.4733  /         w/       0.0091  5679
   58     22706.036     4402.8786  /         w/       0.0091  5680
   49     22705.274     4403.0263  /         w/       0.0089  5681
   45     22703.222     4403.4243  /         w/       0.0093  5682
   52     22700.705     4403.9126  /         w/       0.0091  5683
   49     22699.403     4404.1652  /          /       0.0044  5684
   38     22698.698     4404.3020  /          /       0.0044  5685
   86     22696.674     4404.6947  /          /       0.0052  5686
   79     22695.610     4404.9011  /         w/       0.0089  5687
   56     22689.641     4406.0601  /          /       0.0044  5688
   54     22688.429     4406.2954  /          /       0.0066  5689
   54     22686.412     4406.6872  /          /       0.0052  5690
   52     22686.197     4406.7289  /          /       0.0044  5691
   49     22685.980     4406.7711  /          /       0.0044  5692
   49     22685.264     4406.9103  /          /       0.0044  5693
   58     22684.744     4407.0113  /         w/       0.0089  5694
   58     22682.238     4407.4980  /         w/       0.0089  5695
   58     22680.217     4407.8909  /          /       0.0045  5696
   54     22677.501     4408.4188  /          /       0.0049  5697
   45     22665.382     4410.7760  /          /       0.0054  5698
   59     22660.808     4411.6663  /         w/       0.0092  5699
   52     22653.281     4413.1322  /          /       0.0045  5700
   38     22645.437     4414.6609  /         w/       0.0089  5701
   55     22639.404     4415.8373  /          /       0.0045  5702
   55     22638.584     4415.9973  /          /       0.0045  5703
   38     22637.217     4416.2640  /         w/       0.0089  5704
   58     22634.643     4416.7662  /          /       0.0045  5705
   49     22633.568     4416.9760  /         w/       0.0089  5706
   52     22631.752     4417.3303  /         d/       0.0139  5707
   38     22630.847     4417.5070  /         d/       0.0144  5708
   55     22626.898     4418.2780  /         w/       0.0089  5709
   56     22624.179     4418.8091  /         w/       0.0089  5710
   86     22612.472     4421.0968  /          /       0.0051  5711
   58     22601.797     4423.1850  /          /       0.0045  5712
   55     22597.293     4424.0665  /         w/       0.0089  5713
   50     22595.957     4424.3282  /         d/       0.0139  5714
   59     22587.467     4425.9912  /          /       0.0045  5715
   59     22584.363     4426.5995  /         w/       0.0090  5716
   52     22583.456     4426.7772  /         w/       0.0090  5717
   58     22577.092     4428.0251  /         d/       0.0139  5718
   57     22568.350     4429.7403  /          /       0.0045  5719
   55     22566.109     4430.1803  /          /       0.0045  5720
   39     22562.001     4430.9869  /          /       0.0049  5721
   61     22560.450     4431.2915  /         w/       0.0092  5722
   46     22559.438     4431.4903  /          /       0.0045  5723
   87     22557.666     4431.8384  /          /       0.0049  5724
   53     22554.288     4432.5022  /         w/       0.0090  5725
   69     22551.341     4433.0814  /         w/       0.0092  5726
   73     22549.095     4433.5230  /          /       0.0049  5727
   60     22548.347     4433.6702  /          /       0.0045  5728
   39     22546.027     4434.1262  /          /       0.0045  5729
   39     22545.691     4434.1924  /          /       0.0045  5730
   61     22542.606     4434.7992  /          /       0.0045  5731
   50     22540.770     4435.1604  /         d/       0.0139  5732
   55     22535.578     4436.1823  /          /       0.0045  5733
   50     22534.039     4436.4853  /          /       0.0045  5734
   60     22531.119     4437.0603  /          /       0.0045  5735
   61     22527.725     4437.7288  /         w/       0.0093  5736
   57     22524.499     4438.3643  /          /       0.0045  5737
   61     22523.025     4438.6548  /         w/       0.0093  5738
   46     22521.338     4438.9872  /         w/       0.0090  5739
   58     22513.300     4440.5722  /         h/       0.0093  5740
   60     22512.848     4440.6613  /          /       0.0045  5741
   71     22491.942     4444.7890  /          /       0.0051  5742
   55     22490.805     4445.0137  /          /       0.0049  5743
   69     22487.069     4445.7523  /          /       0.0045  5744
   57     22486.229     4445.9183  /          /       0.0045  5745
   58     22479.452     4447.2586  /          /       0.0049  5746
   89     22476.075     4447.9268  /         w/       0.0093  5747
   91     22464.932     4450.1331  /         w/       0.0090  5748
   87     22460.618     4450.9879  /         w/       0.0095  5749
   59     22446.243     4453.8384  /         w/       0.0093  5750
   58     22442.007     4454.6792  /          /       0.0045  5751
   48     22434.671     4456.1358  /         w/       0.0093  5752
   56     22433.825     4456.3037  /          /       0.0045  5753
   50     22433.068     4456.4542  /         w/       0.0093  5754
   49     22429.991     4457.0655  /         w/       0.0091  5755
   63     22427.400     4457.5805  /          /       0.0045  5756
   40     22422.802     4458.4946  /          /       0.0045  5757
   49     22419.660     4459.1195  /          /       0.0045  5758
   49     22419.282     4459.1946  /          /       0.0045  5759
   40     22416.583     4459.7316  /          /       0.0045  5760
   46     22416.080     4459.8315  /          /       0.0045  5761
   49     22414.040     4460.2375  /         w/       0.0094  5762
   61     22412.522     4460.5396  /          /       0.0050  5763
   76     22410.168     4461.0081  /          /       0.0050  5764
   82     22406.192     4461.7998  /          /       0.0052  5765
   61     22402.579     4462.5194  /          /       0.0045  5766
   56     22401.258     4462.7824  /          /       0.0045  5767
   47     22398.041     4463.4235  /         w/       0.0091  5768
   40     22396.033     4463.8236  /         c/       0.0209  5769
   74     22389.877     4465.0510  /          /       0.0045  5770
   47     22387.046     4465.6158  /         w/       0.0091  5771
   47     22373.259     4468.3675  /          /       0.0046  5772
   43     22372.973     4468.4247  /          /       0.0130  5773
   70     22369.267     4469.1650  /          /       0.0058  5774
   59     22343.808     4474.2573  /         w/       0.0094  5775
   45     22332.841     4476.4545  /         d/       0.0144  5776
   48     22323.443     4478.3391  /          /       0.0050  5777
   40     22320.191     4478.9916  /          /       0.0046  5778
   48     22306.883     4481.6637  /         w/       0.0091  5779
   51     22303.833     4482.2766  /         w/       0.0091  5780
   47     22301.018     4482.8424  /         w/       0.0091  5781
   40     22284.682     4486.1286  /         w/       0.0091  5782
   49     22278.769     4487.3195  /          /       0.0046  5783
   51     22275.989     4487.8795  /          /       0.0046  5784
   50     22270.371     4489.0116  /         w/       0.0092  5785
   47     22268.193     4489.4506  /         w/       0.0092  5786
   47     22267.519     4489.5865  /         w/       0.0092  5787
   40     22266.734     4489.7448  /          /       0.0050  5788
   43     22265.415     4490.0108  /         w/       0.0092  5789
   49     22263.050     4490.4877  /          /       0.0050  5790
   74     22260.313     4491.0399  /          /       0.0050  5791
   40     22259.309     4491.2425  /          /       0.0046  5792
   59     22216.832     4499.8296  /          /       0.0046  5793
   59     22216.022     4499.9936  /          /       0.0046  5794
   86     22214.495     4500.3029  /         w/       0.0095  5795
   51     22211.920     4500.8246  /         w/       0.0092  5796
   40     22210.658     4501.0804  /          /       0.0046  5797
   49     22205.812     4502.0626  /          /       0.0046  5798
   49     22194.626     4504.3317  /         c/       0.0233  5799
   52     22192.465     4504.7703  /          /       0.0057  5800
   52     22172.871     4508.7512  /          /       0.0051  5801
   51     22150.018     4513.4032  /         w/       0.0092  5802
   37     22120.932     4519.3378  /          /       0.0059  5803
   46     22092.567     4525.1402  /         w/       0.0093  5804
   62     22083.969     4526.9021  /          /       0.0057  5805
   44     22061.985     4531.4131  /          /       0.0046  5806
   63     22043.912     4535.1283  /         w/       0.0095  5807
   65     22024.864     4539.0505  /          /       0.0047  5808
   42     22020.413     4539.9680  /         w/       0.0093  5809
   48     22017.844     4540.4977  /          /       0.0056  5810
   47     21985.121     4547.2559  /          /       0.0047  5811
   52     21982.525     4547.7931  /          /       0.0047  5812
   42     21977.817     4548.7672  /          /       0.0047  5813
   53     21976.885     4548.9601  /         w/       0.0093  5814
   49     21976.253     4549.0910  /          /       0.0047  5815
   45     21963.732     4551.6843  /          /       0.0050  5816
   31     21963.275     4551.7791  /          /       0.0047  5817
   42     21962.946     4551.8472  /          /       0.0047  5818
   31     21949.577     4554.6197  /         w/       0.0095  5819
   38     21948.746     4554.7922  /          /       0.0047  5820
   53     21946.737     4555.2092  /         w/       0.0094  5821
   31     21945.595     4555.4461  /         w/       0.0094  5822
   45     21944.310     4555.7129  /          /       0.0047  5823
   52     21873.235     4570.5165  /          /       0.0061  5824
   50     21872.758     4570.6163  /          /       0.0047  5825
   51     21872.026     4570.7692  /          /       0.0047  5826
   46     21863.981     4572.4510  /          /       0.0047  5827
   39     21863.212     4572.6120  /          /       0.0047  5828
   48     21862.374     4572.7871  /          /       0.0047  5829
   32     21857.575     4573.7911  /          /       0.0047  5830
   32     21848.747     4575.6391  /         w/       0.0094  5831
   39     21847.213     4575.9605  /          /       0.0050  5832
   73     21838.060     4577.8785  /          /       0.0047  5833
   51     21831.738     4579.2042  /         w/       0.0094  5834
   39     21813.898     4582.9492  /         w/       0.0095  5835
   39     21812.318     4583.2812  /          /       0.0047  5836
   54     21811.684     4583.4144  /          /       0.0047  5837
   53     21804.997     4584.8201  /          /       0.0047  5838
   32     21794.728     4586.9802  /         w/       0.0095  5839
   39     21793.456     4587.2481  /          /       0.0047  5840
   46     21792.462     4587.4572  /          /       0.0053  5841
   53     21777.754     4590.5555  /          /       0.0053  5842
   32     21774.271     4591.2898  /         w/       0.0095  5843
   32     21773.896     4591.3689  /         w/       0.0097  5844
   49     21762.587     4593.7549  /          /       0.0053  5845
   50     21760.918     4594.1072  /          /       0.0048  5846
   50     21755.811     4595.1856  /          /       0.0053  5847
   52     21745.115     4597.4460  /          /       0.0048  5848
   63     21728.973     4600.8614  /          /       0.0053  5849
   55     21718.552     4603.0689  /          /       0.0048  5850
   55     21718.127     4603.1591  /          /       0.0072  5851
   44     21703.973     4606.1610  /         w/       0.0095  5852
   49     21687.955     4609.5630  /          /       0.0048  5853
   94     21676.387     4612.0230  /         w/       0.0096  5854
   54     21663.909     4614.6795  /          /       0.0055  5855
   98     21614.707     4625.1842  /         w/       0.0098  5856
   45     21573.498     4634.0192  /          /       0.0048  5857
   34     21548.207     4639.4582  /          /       0.0048  5858
   34     21546.614     4639.8012  /          /       0.0052  5859
   68     21535.155     4642.2701  /         w/       0.0099  5860
   69     21525.625     4644.3254  /          /       0.0056  5861
   69     21512.101     4647.2452  /         w/       0.0097  5862
   54     21505.787     4648.6096  /         w/       0.0104  5863
   57     21496.568     4650.6033  /        *v/       0.0130  5864
   62     21486.827     4652.7116  /          /       0.0067  5865
   83     21480.178     4654.1518  /          /       0.0050  5866
   57     21448.003     4661.1338  /         w/       0.0100  5867
   57     21433.968     4664.1860  /          /       0.0050  5868
   42     21412.833     4668.7897  /         d/       0.0168  5869
   57     21343.067     4684.0513  /          /       0.0049  5870
   58     21338.682     4685.0138  /          /       0.0050  5871
   43     21336.085     4685.5842  /          /       0.0049  5872
   36     21317.630     4689.6405  /          /       0.0049  5873
   48     21306.827     4692.0183  /          /       0.0049  5874
   37     21273.959     4699.2674  /          /       0.0049  5875
   44     21273.173     4699.4411  /          /       0.0049  5876
   44     21269.052     4700.3517  /          /       0.0053  5877
   55     21248.423     4704.9151  /          /       0.0055  5878
   51     21244.642     4705.7525  /         w/       0.0102  5879
   59     21243.179     4706.0766  /          /       0.0064  5880
   64     21221.767     4710.8249  /         w/       0.0099  5881
   51     21211.229     4713.1654  /          /       0.0049  5882
  101     21208.833     4713.6978  /         w/       0.0099  5883
   60     21196.882     4716.3555  /         w/       0.0099  5884
   49     21186.336     4718.7033  /          /       0.0049  5885
   52     21166.913     4723.0332  /          /       0.0050  5886
   59     21159.566     4724.6731  /         w/       0.0100  5887
   95     21155.627     4725.5528  /         w/       0.0103  5888
   45     21149.788     4726.8575  /          /       0.0050  5889
   79     21148.352     4727.1784  /          /       0.0051  5890
   94     21143.786     4728.1993  /          /       0.0060  5891
   68     21136.922     4729.7348  /         w/       0.0107  5892
   50     21077.605     4743.0454  /        *v/       0.0135  5893
   96     21059.597     4747.1013  /          /       0.0059  5894
   76     21052.529     4748.6951  /          /       0.0052  5895
   46     21048.808     4749.5346  /         w/       0.0100  5896
   39     21011.179     4758.0406  /        *v/       0.0136  5897
   40     20985.912     4763.7693  /          /       0.0050  5898
   40     20981.151     4764.8503  /          /       0.0050  5899
   40     20979.217     4765.2895  /          /       0.0050  5900
   40     20978.945     4765.3514  /          /       0.0050  5901
   47     20972.124     4766.9014  /          /       0.0050  5902
   51     20971.772     4766.9813  /          /       0.0050  5903
   40     20967.377     4767.9805  /          /       0.0050  5904
   97     20950.486     4771.8247  /         w/       0.0102  5905
   40     20947.344     4772.5404  /          /       0.0050  5906
  101     20935.278     4775.2912  /         w/       0.0103  5907
   47     20923.916     4777.8843  /         w/       0.0103  5908
   52     20897.952     4783.8205  /          /       0.0053  5909
   52     20865.797     4791.1927  /         d/       0.0170  5910
   41     20848.597     4795.1455  /          /       0.0051  5911
   41     20833.440     4798.6341  /         w/       0.0106  5912
   48     20819.177     4801.9216  /         w/       0.0102  5913
   48     20814.462     4803.0093  /          /       0.0051  5914
   58     20812.664     4803.4244  /          /       0.0051  5915
   64     20804.505     4805.3082  /         w/       0.0102  5916
   62     20791.851     4808.2327  /         d/       0.0139  5917
   42     20783.367     4810.1956  /          /       0.0051  5918
   63     20754.644     4816.8526  /         w/       0.0107  5919
   42     20737.627     4820.8053  /         w/       0.0107  5920
   42     20733.346     4821.8007  /         w/       0.0105  5921
   43     20710.156     4827.2000  /          /       0.0051  5922
   50     20686.775     4832.6559  /         c/       0.0322  5923
   88     20632.697     4845.3224  /          /       0.0056  5924
  108     20581.446     4857.3882  /          /       0.0066  5925
   85     20552.993     4864.1127  /          /       0.0062  5926
   85     20549.109     4865.0321  /          /       0.0057  5927
   55     20543.658     4866.3230  /          /       0.0052  5928
   55     20524.983     4870.7508  /         w/       0.0104  5929
   45     20472.784     4883.1698  /          /       0.0062  5930
   63     20443.090     4890.2627  /          /       0.0052  5931
   91     20357.494     4910.8249  /          /       0.0058  5932
   90     20315.647     4920.9405  /          /       0.0058  5933
   53     20311.441     4921.9597  /         w/       0.0106  5934
   46     20288.678     4927.4820  /          /       0.0053  5935
   90     20281.936     4929.1199  /          /       0.0061  5936
   89     20136.816     4964.6430  /          /       0.0059  5937
   55     20123.315     4967.9739  /          /       0.0062  5938
   56     19872.442     5030.6913  /         d/       0.0142  5939
   57     19719.213     5069.7829  /          /       0.0056  5940
   93     19694.122     5076.2421  /          /       0.0062  5941
   74     19648.365     5088.0638  /          /       0.0056  5942
   51     19643.832     5089.2378  /          /       0.0056  5943
   73     19593.022     5102.4358  /          /       0.0056  5944
   51     19581.072     5105.5498  /          /       0.0070  5945
   74     19499.006     5127.0380  /          /       0.0057  5946
   78     19493.020     5128.6124  /          /       0.0061  5947
   62     19403.636     5152.2380  /          /       0.0057  5948
   68     19353.128     5165.6845  /          /       0.0064  5949
   79     19348.889     5166.8162  /          /       0.0057  5950
   86     19319.380     5174.7083  /        **/       0.0072  5951
   63     19317.410     5175.2361  /         d/       0.0139  5952
   75     19257.594     5191.3109  /         w/       0.0116  5953
   59     19251.249     5193.0221  /          /       0.0058  5954
   74     19210.986     5203.9059  /          /       0.0058  5955
  102     19194.018     5208.5063  /          /       0.0068  5956
   75     19076.799     5240.5108  /          /       0.0063  5957
   52     19064.479     5243.8974  /          /       0.0069  5958
   52     19060.966     5244.8639  /          /       0.0059  5959
   69     19006.392     5259.9238  /          /       0.0059  5960
  102     19000.052     5261.6791  /          /       0.0069  5961
   63     18998.005     5262.2459  /          /       0.0059  5962
  121     18990.065     5264.4462  /          /       0.0067  5963
   75     18988.269     5264.9441  /          /       0.0059  5964
   65     18925.212     5282.4868  /          /       0.0060  5965
   69     18921.114     5283.6309  /         w/       0.0120  5966
  124     18917.282     5284.7011  /          /       0.0067  5967
   62     18909.433     5286.8948  /          /       0.0060  5968
   74     18883.700     5294.0993  /          /       0.0073  5969
   65     18870.606     5297.7729  /          /       0.0060  5970
  124     18862.683     5299.9981  /          /       0.0067  5971
   65     18798.269     5318.1593  /          /       0.0065  5972
   74     18768.160     5326.6911  /          /       0.0062  5973
   62     18746.020     5332.9821  /          /       0.0061  5974
  124     18721.316     5340.0195  /          /       0.0068  5975
   66     18687.815     5349.5925  /          /       0.0072  5976
   64     18645.809     5361.6444  /          /       0.0066  5977
   69     18625.947     5367.3620  /          /       0.0061  5978
   50     18623.240     5368.1421  /          /       0.0061  5979
   68     18621.629     5368.6066  /          /       0.0061  5980
   67     18547.458     5390.0759  /          /       0.0062  5981
   70     18503.997     5402.7358  /          /       0.0064  5982
   65     18478.671     5410.1407  /         w/       0.0124  5983
   49     18476.546     5410.7628  /        *v/       0.0175  5984
   49     18464.091     5414.4127  /          /       0.0062  5985
   49     18462.556     5414.8629  /          /       0.0062  5986
   60     18448.608     5418.9569  /          /       0.0063  5987
   95     18418.861     5427.7087  /          /       0.0071  5988
   72     18408.796     5430.6763  /          /       0.0065  5989
   87     18345.618     5449.3785  /          /       0.0068  5990
   55     18329.277     5454.2368  /          /       0.0063  5991
   55     18328.883     5454.3540  /          /       0.0068  5992
   54     18303.957     5461.7817  /         w/       0.0149  5993
   78     18302.517     5462.2115  /          /       0.0069  5994
   77     18260.559     5474.7623  /          /       0.0081  5995
   68     18241.513     5480.4786  /          /       0.0072  5996
   47     18204.708     5491.5588  /         c/       0.0313  5997
   46     18171.678     5501.5408  /          /       0.0064  5998
   67     18167.243     5502.8837  /          /       0.0064  5999
   62     18148.224     5508.6507  /          /       0.0076  6000
   57     18144.218     5509.8669  /          /       0.0064  6001
   73     18142.643     5510.3453  /          /       0.0067  6002
   46     18127.993     5514.7987  /          /       0.0064  6003
   46     18106.309     5521.4029  /          /       0.0065  6004
   82     18063.348     5534.5350  /          /       0.0070  6005
   75     18042.225     5541.0147  /          /       0.0068  6006
   88     18011.137     5550.5788  /          /       0.0077  6007
   58     18001.342     5553.5991  /          /       0.0065  6008
   51     17998.438     5554.4953  /          /       0.0065  6009
   55     17996.037     5555.2362  /          /       0.0074  6010
   65     17989.546     5557.2407  /          /       0.0065  6011
   67     17981.902     5559.6030  /          /       0.0068  6012
   67     17979.646     5560.3006  /         w/       0.0139  6013
   66     17967.214     5564.1481  /         w/       0.0131  6014
   85     17965.800     5564.5859  /          /       0.0068  6015
   65     17961.737     5565.8447  /          /       0.0074  6016
   44     17944.610     5571.1570  /          /       0.0066  6017
   57     17938.733     5572.9821  /          /       0.0066  6018
   66     17936.050     5573.8159  /          /       0.0084  6019
   67     17933.214     5574.6972  /         w/       0.0137  6020
   43     17929.618     5575.8153  /          /       0.0066  6021
   60     17929.084     5575.9815  /          /       0.0087  6022
   65     17917.668     5579.5343  /          /       0.0066  6023
   57     17912.226     5581.2292  /          /       0.0066  6024
   89     17910.569     5581.7457  /          /       0.0072  6025
   57     17887.645     5588.8992  /          /       0.0066  6026
   65     17881.662     5590.7691  /          /       0.0075  6027
   73     17870.365     5594.3034  /          /       0.0088  6028
   61     17868.584     5594.8611  /         d/       0.0139  6029
   63     17859.761     5597.6250  /          /       0.0069  6030
   65     17857.489     5598.3373  /         w/       0.0132  6031
   60     17848.464     5601.1681  /          /       0.0066  6032
   64     17837.595     5604.5810  /          /       0.0069  6033
   64     17810.177     5613.2092  /         w/       0.0139  6034
   42     17792.638     5618.7423  /          /       0.0067  6035
   65     17777.965     5623.3798  /          /       0.0070  6036
   62     17769.073     5626.1939  /          /       0.0067  6037
   63     17725.565     5640.0037  /         w/       0.0140  6038
   57     17711.565     5644.4619  /          /       0.0067  6039
   91     17704.232     5646.7998  /          /       0.0073  6040
   41     17701.583     5647.6449  /          /       0.0067  6041
   54     17693.023     5650.3772  /          /       0.0070  6042
   83     17627.000     5671.5413  /          /       0.0074  6043
   46     17606.209     5678.2388  /         d/       0.0139  6044
   61     17594.295     5682.0839  /          /       0.0071  6045
   50     17580.944     5686.3989  /          /       0.0068  6046
   38     17545.692     5697.8238  /          /       0.0068  6047
   45     17519.253     5706.4229  /         w/       0.0137  6048
   54     17490.756     5715.7201  /         d/       0.0147  6049
   44     17475.644     5720.6629  /          /       0.0069  6050
   38     17474.565     5721.0160  /          /       0.0069  6051
   48     17461.501     5725.2963  /          /       0.0082  6052
   53     17428.703     5736.0705  /         w/       0.0155  6053
   37     17425.138     5737.2440  /          /       0.0086  6054
   53     17424.661     5737.4011  /          /       0.0076  6055
   37     17414.344     5740.8002  /          /       0.0076  6056
   43     17371.164     5755.0704  /          /       0.0089  6057
   66     17367.132     5756.4065  /          /       0.0073  6058
   50     17352.516     5761.2553  /          /       0.0070  6059
   63     17347.428     5762.9450  /          /       0.0080  6060
   47     17345.346     5763.6367  /          /       0.0090  6061
  100     17340.457     5765.2618  /          /       0.0076  6062
   36     17331.439     5768.2616  /         w/       0.0246  6063
   55     17317.951     5772.7542  /         w/       0.0157  6064
   56     17316.985     5773.0762  /          /       0.0070  6065
   63     17314.298     5773.9722  /          /       0.0077  6066
   56     17311.567     5774.8831  /          /       0.0080  6067
   35     17307.532     5776.2295  /          /       0.0070  6068
   56     17258.666     5792.5843  /         d/       0.0141  6069
   35     17256.420     5793.3384  /          /       0.0070  6070
   35     17242.447     5798.0333  /          /       0.0070  6071
   41     17235.414     5800.3992  /          /       0.0070  6072
   41     17195.109     5813.9952  /          /       0.0078  6073
   41     17192.702     5814.8092  /          /       0.0085  6074
   57     17177.320     5820.0164  /         w/       0.0142  6075
   34     17172.416     5821.6783  /          /       0.0071  6076
   33     17146.027     5830.6383  /          /       0.0071  6077
   33     17144.687     5831.0942  /          /       0.0075  6078
   49     17119.719     5839.5984  /         d/       0.0143  6079
   51     17118.348     5840.0663  /          /       0.0071  6080
  106     17105.616     5844.4131  /          /       0.0079  6081
   60     17097.004     5847.3571  /         w/       0.0150  6082
   47     17093.404     5848.5886  /          /       0.0082  6083
   47     17092.164     5849.0129  /         d/       0.0143  6084
   44     17090.534     5849.5709  /          /       0.0072  6085
   52     17086.330     5851.0101  /          /       0.0072  6086
   63     17082.816     5852.2136  /          /       0.0075  6087
   70     17077.440     5854.0561  /         w/       0.0143  6088
   54     17075.389     5854.7591  /          /       0.0072  6089
   60     17048.475     5864.0020  /         w/       0.0144  6090
   59     17031.327     5869.9060  /         w/       0.0144  6091
   50     17023.717     5872.5300  /          /       0.0072  6092
   39     17021.929     5873.1471  /          /       0.0072  6093
   32     17019.547     5873.9690  /          /       0.0072  6094
   43     17018.874     5874.2013  /          /       0.0083  6095
   66     17007.002     5878.3019  /          /       0.0083  6096
   43     16996.249     5882.0211  /          /       0.0072  6097
   53     16993.735     5882.8910  /         w/       0.0145  6098
   39     16990.535     5883.9990  /          /       0.0072  6099
   53     16989.002     5884.5299  /          /       0.0072  6100
   55     16986.742     5885.3129  /          /       0.0072  6101
   54     16983.958     5886.2777  /          /       0.0083  6102
   71     16976.075     5889.0110  /          /       0.0087  6103
   32     16970.499     5890.9461  /          /       0.0073  6104
   54     16965.289     5892.7551  /         w/       0.0145  6105
   43     16959.738     5894.6839  /          /       0.0076  6106
   75     16957.544     5895.4466  /          /       0.0076  6107
   31     16914.144     5910.5739  /         w/       0.0146  6108
   52     16906.644     5913.1959  /         w/       0.0154  6109
   51     16904.201     5914.0505  /          /       0.0080  6110
   70     16867.195     5927.0259  /          /       0.0073  6111
   68     16852.709     5932.1205  /          /       0.0073  6112
   75     16843.217     5935.4636  /          /       0.0085  6113
   45     16841.593     5936.0359  /          /       0.0073  6114
   52     16822.767     5942.6790  /          /       0.0073  6115
   47     16816.475     5944.9024  /          /       0.0088  6116
   84     16807.763     5947.9839  /          /       0.0081  6117
   49     16793.679     5952.9721  /          /       0.0074  6118
   47     16793.183     5953.1479  /          /       0.0074  6119
   47     16791.993     5953.5699  /          /       0.0074  6120
   44     16786.895     5955.3778  /          /       0.0074  6121
  119     16784.988     5956.0546  /         w/       0.0153  6122
   47     16778.015     5958.5298  /          /       0.0074  6123
   48     16774.552     5959.7600  /          /       0.0074  6124
   37     16772.543     5960.4737  /          /       0.0074  6125
   53     16768.453     5961.9278  /          /       0.0085  6126
   70     16767.334     5962.3257  /          /       0.0074  6127
   31     16764.381     5963.3759  /          /       0.0074  6128
   52     16745.206     5970.2046  /          /       0.0078  6129
   51     16744.765     5970.3618  /          /       0.0074  6130
   50     16734.360     5974.0740  /          /       0.0086  6131
   47     16722.810     5978.2003  /          /       0.0093  6132
   41     16699.266     5986.6288  /          /       0.0075  6133
   30     16681.898     5992.8619  /          /       0.0075  6134
   48     16679.402     5993.7587  /          /       0.0090  6135
   44     16673.381     5995.9230  /          /       0.0075  6136
   98     16664.976     5998.9472  /         w/       0.0155  6137
   44     16632.746     6010.5718  /          /       0.0075  6138
   30     16628.125     6012.2421  /          /       0.0090  6139
   48     16606.354     6020.1242  /          /       0.0087  6140
   52     16593.377     6024.8324  /          /       0.0084  6141
   54     16569.387     6033.5555  /         w/       0.0160  6142
   31     16547.659     6041.4780  /          /       0.0091  6143
   53     16533.465     6046.6648  /          /       0.0076  6144
  106     16516.134     6053.0097  /         w/       0.0158  6145
   40     16477.921     6067.0470  /          /       0.0081  6146
   33     16468.971     6070.3439  /         w/       0.0153  6147
  101     16466.968     6071.0825  /          /       0.0088  6148
   34     16432.953     6083.6492  /          /       0.0077  6149
   41     16423.826     6087.0303  /          /       0.0077  6150
   52     16423.462     6087.1652  /          /       0.0077  6151
   57     16422.536     6087.5083  /          /       0.0077  6152
  125     16415.771     6090.0170  /         w/       0.0160  6153
   45     16414.083     6090.6433  /         w/       0.0154  6154
   50     16408.964     6092.5432  /          /       0.0077  6155
   78     16390.534     6099.3942  /        *r/       0.0221  6156
   78     16340.781     6117.9651  /          /       0.0078  6157
   57     16308.803     6129.9612  /          /       0.0083  6158
   35     16306.321     6130.8942  /          /       0.0078  6159
   42     16288.839     6137.4743  /          /       0.0083  6160
   51     16286.462     6138.3701  /         w/       0.0166  6161
   55     16279.537     6140.9812  /          /       0.0083  6162
   52     16252.656     6151.1383  /          /       0.0078  6163
  121     16228.623     6160.2475  /          /       0.0087  6164
  109     16226.069     6161.2171  /         w/       0.0167  6165
   47     16221.890     6162.8042  /          /       0.0079  6166
   36     16198.878     6171.5593  /         w/       0.0158  6167
   36     16189.221     6175.2407  /          /       0.0084  6168
   47     16180.992     6178.3812  /         d/       0.0164  6169
   36     16178.067     6179.4983  /          /       0.0079  6170
   58     16155.080     6188.2911  /          /       0.0079  6171
   50     16142.672     6193.0478  /          /       0.0079  6172
   82     16137.464     6195.0464  /          /       0.0084  6173
  112     16135.962     6195.6231  /          /       0.0088  6174
   52     16132.002     6197.1440  /         d/       0.0173  6175
   50     16129.254     6198.1999  /          /       0.0080  6176
   36     16126.970     6199.0777  /          /       0.0080  6177
   58     16106.029     6207.1377  /         w/       0.0173  6178
   36     16105.084     6207.5019  /          /       0.0080  6179
   71     16091.726     6212.6549  /          /       0.0080  6180
   37     16065.407     6222.8327  /          /       0.0080  6181
   51     16062.332     6224.0242  /         w/       0.0163  6182
   53     16059.318     6225.1923  /         w/       0.0171  6183
   51     16049.879     6228.8534  /          /       0.0101  6184
   53     16044.291     6231.0228  /         w/       0.0161  6185
   51     16041.286     6232.1901  /         w/       0.0175  6186
   53     16036.374     6234.0989  /          /       0.0080  6187
   74     16028.799     6237.0452  /          /       0.0081  6188
   81     16028.126     6237.3071  /          /       0.0093  6189
   48     16024.026     6238.9030  /         w/       0.0171  6190
   37     16019.649     6240.6077  /         w/       0.0179  6191
   58     16017.009     6241.6363  /         w/       0.0175  6192
   37     16007.871     6245.1993  /         w/       0.0172  6193
   44     16001.091     6247.8457  /          /       0.0081  6194
   44     15995.214     6250.1412  /         w/       0.0176  6195
   59     15981.529     6255.4932  /         w/       0.0176  6196
   44     15977.063     6257.2418  /          /       0.0081  6197
   59     15973.012     6258.8288  /          /       0.0081  6198
   51     15970.055     6259.9879  /          /       0.0081  6199
   55     15941.597     6271.1627  /          /       0.0081  6200
   44     15935.722     6273.4748  /         w/       0.0163  6201
   37     15910.481     6283.4273  /         w/       0.0197  6202
   59     15894.324     6289.8146  /         w/       0.0178  6203
   53     15874.509     6297.6658  /          /       0.0082  6204
   44     15870.091     6299.4190  /          /       0.0099  6205
   90     15842.569     6310.3625  /          /       0.0088  6206
   44     15824.648     6317.5090  /         w/       0.0165  6207
   48     15800.688     6327.0890  /          /       0.0082  6208
   60     15796.813     6328.6409  /          /       0.0083  6209
   58     15791.031     6330.9582  /         w/       0.0176  6210
   59     15783.511     6333.9745  /         w/       0.0173  6211
   57     15736.234     6353.0041  /          /       0.0105  6212
   83     15714.858     6361.6458  /          /       0.0093  6213
   48     15663.883     6382.3488  /          /       0.0084  6214
   64     15655.093     6385.9323  /         w/       0.0168  6215
   81     15587.932     6413.4464  /          /       0.0091  6216
   57     15573.721     6419.2987  /          /       0.0091  6217
   37     15556.029     6426.5995  /         w/       0.0182  6218
   94     15549.587     6429.2620  /          /       0.0091  6219
   76     15525.524     6439.2268  /          /       0.0100  6220
   94     15512.241     6444.7407  /          /       0.0108  6221
   51     15505.044     6447.7323  /          /       0.0086  6222
   53     15504.929     6447.7800  /          /       0.0086  6223
   44     15493.577     6452.5044  /         w/       0.0171  6224
   37     15487.247     6455.1416  /          /       0.0096  6225
   55     15486.228     6455.5663  /          /       0.0121  6226
   67     15474.173     6460.5955  /          /       0.0092  6227
   37     15471.254     6461.8144  /          /       0.0086  6228
   56     15458.197     6467.2725  /          /       0.0086  6229
   37     15401.906     6490.9094  /          /       0.0087  6230
  101     15380.274     6500.0387  /          /       0.0093  6231
   94     15376.846     6501.4878  /        **/       0.0093  6232
   60     15375.056     6502.2448  /          /       0.0097  6233
   37     15373.868     6502.7474  /          /       0.0087  6234
   60     15348.406     6513.5349  /          /       0.0102  6235
   36     15345.999     6514.5564  /          /       0.0087  6236
   70     15271.610     6546.2896  /          /       0.0099  6237
   36     15228.599     6564.7789  /          /       0.0088  6238
   89     15195.921     6578.8961  /          /       0.0104  6239
   77     15193.272     6580.0432  /          /       0.0089  6240
   36     15189.584     6581.6408  /          /       0.0089  6241
   55     15162.023     6593.6048  /          /       0.0089  6242
   35     15140.000     6603.1959  /         w/       0.0179  6243
   81     15109.630     6616.4684  /          /       0.0096  6244
   69     15090.575     6624.8232  /          /       0.0090  6245
   72     15084.349     6627.5576  /          /       0.0330  6246
   49     15080.526     6629.2377  /          /       0.0097  6247
   35     15047.722     6643.6897  /          /       0.0091  6248
   58     15000.980     6664.3909  /         w/       0.0187  6249
   34     14997.603     6665.8918  /        *r/       0.0264  6250
   34     14985.753     6671.1628  /         w/       0.0183  6251
   57     14984.784     6671.5941  /          /       0.0098  6252
   41     14984.290     6671.8139  /          /       0.0091  6253
   34     14959.702     6682.7798  /          /       0.0092  6254
   73     14938.554     6692.2406  /         w/       0.0184  6255
   41     14912.538     6703.9159  /          /       0.0092  6256
   98     14906.342     6706.7024  /          /       0.0103  6257
   34     14905.354     6707.1468  /          /       0.0092  6258
   45     14900.100     6709.5119  /          /       0.0092  6259
   73     14885.709     6715.9986  /          /       0.0108  6260
   64     14879.972     6718.5880  /         w/       0.0185  6261
   34     14869.554     6723.2954  /          /       0.0093  6262
   80     14860.002     6727.6170  /          /       0.0109  6263
   55     14833.145     6739.7982  /         w/       0.0195  6264
   47     14819.628     6745.9456  /          /       0.0109  6265
   63     14800.615     6754.6115  /         w/       0.0196  6266
   33     14755.107     6775.4444  /          /       0.0101  6267
   69     14708.037     6797.1279  /         w/       0.0189  6268
   32     14686.524     6807.0844  /          /       0.0095  6269
   69     14666.307     6816.4679  /         d/       0.0200  6270
   85     14641.645     6827.9495  /          /       0.0112  6271
   77     14584.649     6854.6329  /          /       0.0099  6272
   84     14578.988     6857.2946  /          /       0.0118  6273
   45     14564.896     6863.9294  /          /       0.0096  6274
  100     14558.819     6866.7944  /          /       0.0108  6275
   45     14552.750     6869.6580  /          /       0.0096  6276
   72     14550.694     6870.6287  /          /       0.0109  6277
   31     14530.998     6879.9416  /          /       0.0109  6278
   45     14528.345     6881.1979  /          /       0.0097  6279
  100     14490.736     6899.0574  /          /       0.0100  6280
   93     14481.394     6903.5080  /          /       0.0124  6281
   57     14473.497     6907.2749  /         w/       0.0195  6282
  119     14467.501     6910.1374  /          /       0.0110  6283
   57     14461.429     6913.0390  /          /       0.0098  6284
   46     14456.193     6915.5428  /          /       0.0098  6285
   73     14437.927     6924.2919  /         w/       0.0201  6286
   60     14437.564     6924.4660  /          /       0.0106  6287
   80     14416.568     6934.5508  /         w/       0.0207  6288
   65     14380.896     6951.7521  /          /       0.0102  6289
   61     14343.659     6969.7994  /          /       0.0117  6290
   91     14341.265     6970.9629  /          /       0.0112  6291
   61     14334.320     6974.3404  /          /       0.0127  6292
   45     14333.541     6974.7194  /          /       0.0107  6293
   45     14332.733     6975.1126  /          /       0.0102  6294
   75     14323.058     6979.8242  /          /       0.0102  6295
   61     14243.051     7019.0320  /         w/       0.0212  6296
   58     14225.963     7027.4631  /          /       0.0101  6297
  113     14220.057     7030.3819  /          /       0.0114  6298
   58     14214.123     7033.3171  /          /       0.0101  6299
   44     14208.174     7036.2621  /          /       0.0101  6300
   44     14174.867     7052.7952  /          /       0.0109  6301
   71     14171.014     7054.7128  /         w/       0.0203  6302
   60     14162.220     7059.0934  /          /       0.0105  6303
   58     14133.052     7073.6620  /          /       0.0102  6304
   74     14129.972     7075.2041  /          /       0.0115  6305
  112     14127.163     7076.6109  /          /       0.0115  6306
   57     14121.280     7079.5590  /          /       0.0102  6307
   74     14112.444     7083.9917  /          /       0.0105  6308
   63     14105.933     7087.2616  /          /       0.0106  6309
   54     14077.115     7101.7704  /          /       0.0106  6310
   89     14055.864     7112.5076  /          /       0.0127  6311
   54     14018.095     7131.6709  /          /       0.0112  6312
   59     14005.760     7137.9519  /          /       0.0107  6313
   72     13951.632     7165.6451  /         w/       0.0209  6314
   42     13947.550     7167.7420  /          /       0.0104  6315
   42     13929.008     7177.2839  /          /       0.0113  6316
   60     13920.233     7181.8083  /         w/       0.0210  6317
   42     13900.269     7192.1231  /        *r/       0.0307  6318
   42     13876.320     7204.5361  /          /       0.0105  6319
   42     13862.391     7211.7751  /          /       0.0106  6320
   42     13845.598     7220.5221  /         w/       0.0212  6321
   81     13824.366     7231.6119  /          /       0.0110  6322
   58     13815.891     7236.0479  /          /       0.0115  6323
   72     13811.672     7238.2583  /         w/       0.0220  6324
   81     13807.963     7240.2026  /          /       0.0110  6325
   71     13765.922     7262.3143  /         w/       0.0214  6326
   61     13741.787     7275.0693  /         w/       0.0228  6327
   41     13722.235     7285.4350  /        *r/       0.0315  6328
   55     13716.679     7288.3862  /         w/       0.0216  6329
   62     13648.072     7325.0241  /          /       0.0118  6330
   75     13618.943     7340.6914  /         w/       0.0219  6331
   83     13613.372     7343.6955  /          /       0.0113  6332
   64     13611.837     7344.5236  /          /       0.0113  6333
   77     13602.177     7349.7396  /          /       0.0113  6334
   81     13600.587     7350.5988  /         w/       0.0227  6335
   51     13595.363     7353.4231  /          /       0.0110  6336
   54     13595.228     7353.4963  /          /       0.0114  6337
   70     13591.491     7355.5182  /         w/       0.0220  6338
   40     13575.003     7364.4521  /          /       0.0110  6339
   47     13564.845     7369.9670  /         w/       0.0228  6340
   63     13541.148     7382.8645  /          /       0.0136  6341
   54     13539.143     7383.9581  /          /       0.0111  6342
   58     13513.745     7397.8355  /          /       0.0120  6343
   62     13511.038     7399.3177  /         w/       0.0222  6344
   40     13467.261     7423.3701  /          /       0.0112  6345
  100     13461.652     7426.4633  /          /       0.0132  6346
  107     13456.964     7429.0505  /          /       0.0132  6347
   40     13456.064     7429.5472  /          /       0.0112  6348
   40     13451.377     7432.1360  /          /       0.0112  6349
   51     13426.861     7445.7065  /         w/       0.0225  6350
   40     13413.635     7453.0481  /          /       0.0139  6351
   47     13409.335     7455.4381  /         w/       0.0225  6352
   56     13406.338     7457.1048  /          /       0.0117  6353
   63     13394.659     7463.6068  /          /       0.0117  6354
   70     13394.062     7463.9394  /          /       0.0139  6355
   40     13367.064     7479.0148  /         w/       0.0235  6356
   79     13352.153     7487.3670  /          /       0.0146  6357
   77     13341.746     7493.2074  /          /       0.0118  6358
   40     13332.684     7498.3005  /          /       0.0114  6359
   62     13322.786     7503.8713  /          /       0.0114  6360
   40     13318.283     7506.4084  /         h/       0.0237  6361
   70     13309.842     7511.1689  /          /       0.0135  6362
   58     13305.903     7513.3925  /        ch/       0.0229  6363
   60     13303.667     7514.6553  /          /       0.0115  6364
   58     13300.477     7516.4576  /        *r/       0.0339  6365
   47     13287.539     7523.7764  /          /       0.0115  6366
   51     13284.260     7525.6335  /         w/       0.0229  6367
   86     13278.120     7529.1135  /          /       0.0147  6368
   40     13277.246     7529.6091  /        ch/       0.0244  6369
   62     13272.215     7532.4633  /          /       0.0125  6370
   51     13250.979     7544.5349  /          /       0.0125  6371
   70     13242.752     7549.2219  /         w/       0.0231  6372
   56     13241.791     7549.7698  /          /       0.0137  6373
   62     13217.800     7563.4731  /         w/       0.0232  6374
   46     13182.408     7583.7793  /          /       0.0116  6375
   51     13177.193     7586.7809  /          /       0.0121  6376
   74     13173.936     7588.6566  /         w/       0.0242  6377
   40     13172.786     7589.3193  /          /       0.0116  6378
   80     13160.482     7596.4146  /          /       0.0133  6379
   40     13153.279     7600.5749  /          /       0.0117  6380
   40     13115.441     7622.5023  /          /       0.0122  6381
   69     13110.017     7625.6560  /         w/       0.0236  6382
   63     13093.836     7635.0798  /          /       0.0118  6383
   40     13087.781     7638.6118  /          /       0.0118  6384
   57     13081.028     7642.5554  /          /       0.0140  6385
   69     13071.129     7648.3432  /         w/       0.0246  6386
   46     13050.023     7660.7129  /        ch/       0.0238  6387
   51     13044.086     7664.1999  /          /       0.0135  6388
   70     13033.092     7670.6650  /         w/       0.0247  6389
   76     13026.328     7674.6481  /         w/       0.0239  6390
   51     13015.603     7680.9721  /        ch/       0.0254  6391
   40     13013.454     7682.2405  /          /       0.0136  6392
   40     13013.027     7682.4928  /          /       0.0119  6393
   62     13010.711     7683.8601  /        ch/       0.0266  6394
   62     13005.206     7687.1127  /        ch/       0.0266  6395
   40     12994.145     7693.6562  /        ch/       0.0243  6396
   59     12988.163     7697.1999  /        ch/       0.0239  6397
   59     12985.555     7698.7456  /          /       0.0130  6398
   40     12978.793     7702.7567  /          /       0.0137  6399
   40     12972.744     7706.3484  /        ch/       0.0273  6400
   54     12948.299     7720.8973  /        ch/       0.0241  6401
   54     12943.514     7723.7514  /          /       0.0121  6402
   58     12942.777     7724.1913  /          /       0.0121  6403
   47     12938.291     7726.8693  /        ch/       0.0241  6404
   40     12936.294     7728.0624  /          /       0.0167  6405
   54     12925.891     7734.2823  /        ch/       0.0242  6406
   62     12924.113     7735.3461  /        ch/       0.0269  6407
   47     12923.261     7735.8563  /        ch/       0.0242  6408
   59     12916.532     7739.8862  /        ch/       0.0270  6409
   86     12912.443     7742.3372  /          /       0.0126  6410
   79     12907.002     7745.6010  /         w/       0.0246  6411
   47     12906.190     7746.0883  /         w/       0.0242  6412
   40     12897.865     7751.0882  /          /       0.0121  6413
   86     12892.490     7754.3196  /          /       0.0126  6414
   70     12890.494     7755.5204  /         w/       0.0283  6415
   51     12888.011     7757.0144  /        ch/       0.0243  6416
   40     12882.323     7760.4394  /        ch/       0.0243  6417
   40     12881.351     7761.0253  /        ch/       0.0243  6418
   51     12879.985     7761.8482  /          /       0.0122  6419
   40     12876.682     7763.8393  /        ch/       0.0244  6420
   59     12872.371     7766.4393  /        ch/       0.0244  6421
   40     12870.675     7767.4628  /          /       0.0139  6422
   56     12869.541     7768.1473  /        ch/       0.0244  6423
   40     12852.014     7778.7414  /          /       0.0122  6424
   62     12849.752     7780.1105  /        ch/       0.0272  6425
  104     12846.675     7781.9740  /          /       0.0145  6426
   40     12841.303     7785.2294  /          /       0.0122  6427
   54     12840.314     7785.8291  /          /       0.0122  6428
   54     12835.522     7788.7361  /          /       0.0123  6429
   40     12831.724     7791.0411  /        ch/       0.0245  6430
   61     12826.296     7794.3382  /        ch/       0.0246  6431
   47     12811.549     7803.3101  /          /       0.0123  6432
   47     12807.495     7805.7802  /        ch/       0.0246  6433
   58     12803.054     7808.4881  /        ch/       0.0246  6434
   61     12802.174     7809.0246  /          /       0.0134  6435
   56     12801.286     7809.5663  /        ch/       0.0250  6436
   61     12800.881     7809.8131  /        ch/       0.0246  6437
   58     12798.757     7811.1095  /        ch/       0.0281  6438
   60     12796.274     7812.6251  /        ch/       0.0247  6439
   77     12792.837     7814.7242  /         w/       0.0250  6440
   56     12789.032     7817.0491  /        ch/       0.0247  6441
   58     12786.092     7818.8467  /        ch/       0.0281  6442
   62     12783.024     7820.7232  /        ch/       0.0281  6443
   61     12781.324     7821.7635  /        ch/       0.0263  6444
   62     12780.534     7822.2469  /         w/       0.0263  6445
   40     12778.644     7823.4039  /          /       0.0129  6446
   62     12776.958     7824.4362  /        ch/       0.0282  6447
   56     12775.365     7825.4119  /        ch/       0.0270  6448
   40     12772.986     7826.8692  /          /       0.0124  6449
   62     12772.061     7827.4363  /         w/       0.0251  6450
   61     12743.489     7844.9861  /        ch/       0.0289  6451
   60     12741.162     7846.4192  /        ch/       0.0249  6452
   54     12740.518     7846.8155  /        ch/       0.0283  6453
   60     12731.065     7852.6422  /        ch/       0.0249  6454
   54     12728.915     7853.9682  /          /       0.0125  6455
   51     12728.773     7854.0562  /          /       0.0125  6456
   61     12727.312     7854.9575  /        ch/       0.0278  6457
   51     12716.909     7861.3831  /        ch/       0.0250  6458
   97     12709.210     7866.1456  /         w/       0.0254  6459
   40     12699.496     7872.1625  /         w/       0.0260  6460
   51     12692.396     7876.5663  /        ch/       0.0251  6461
   57     12691.581     7877.0719  /        ch/       0.0279  6462
   41     12685.152     7881.0642  /          /       0.0125  6463
   94     12673.814     7888.1146  /          /       0.0131  6464
   48     12665.526     7893.2763  /        ch/       0.0252  6465
   84     12659.422     7897.0823  /          /       0.0143  6466
   57     12658.371     7897.7380  /        ch/       0.0287  6467
   52     12644.040     7906.6892  /        ch/       0.0253  6468
   57     12634.340     7912.7599  /        ch/       0.0269  6469
   94     12632.371     7913.9933  /          /       0.0144  6470
   57     12622.501     7920.1815  /        ch/       0.0282  6471
   71     12617.753     7923.1619  /          /       0.0132  6472
   52     12614.618     7925.1311  /          /       0.0127  6473
   55     12609.286     7928.4822  /        ch/       0.0289  6474
   64     12608.622     7928.8998  /         w/       0.0258  6475
   55     12596.514     7936.5212  /        ch/       0.0284  6476
   55     12593.141     7938.6471  /        *v/       0.0378  6477
   41     12587.721     7942.0652  /        *r/       0.0375  6478
   48     12586.623     7942.7580  /          /       0.0164  6479
   64     12582.671     7945.2527  /         w/       0.0259  6480
   41     12578.067     7948.1611  /          /       0.0128  6481
   64     12564.017     7957.0492  /         w/       0.0260  6482
   41     12561.075     7958.9129  /         w/       0.0272  6483
   52     12559.359     7960.0003  /          /       0.0139  6484
   94     12539.266     7972.7556  /         w/       0.0261  6485
   48     12531.301     7977.8233  /        ch/       0.0257  6486
   55     12516.275     7987.4007  /        ch/       0.0300  6487
   63     12501.567     7996.7979  /         w/       0.0262  6488
   41     12499.283     7998.2591  /          /       0.0154  6489
   81     12494.789     8001.1359  /          /       0.0141  6490
   52     12493.210     8002.1472  /          /       0.0129  6491
   53     12480.539     8010.2712  /          /       0.0130  6492
   42     12473.543     8014.7641  /          /       0.0130  6493
   53     12436.705     8038.5043  /          /       0.0155  6494
   53     12426.530     8045.0864  /          /       0.0155  6495
   58     12407.114     8057.6763  /        ch/       0.0279  6496
   56     12391.058     8068.1172  /          /       0.0143  6497
   62     12389.616     8069.0561  /          /       0.0132  6498
   58     12389.450     8069.1642  /          /       0.0132  6499
   42     12348.038     8096.2263  /          /       0.0157  6500
   42     12345.711     8097.7523  /          /       0.0151  6501
   42     12343.015     8099.5211  /          /       0.0133  6502
  106     12337.892     8102.8842  /          /       0.0164  6503
   49     12336.688     8103.6752  /          /       0.0133  6504
   42     12332.737     8106.2711  /          /       0.0133  6505
   62     12326.244     8110.5413  /          /       0.0164  6506
   63     12319.030     8115.2912  /          /       0.0133  6507
   82     12312.631     8119.5085  /          /       0.0171  6508
   87     12293.381     8132.2227  /          /       0.0146  6509
   43     12292.676     8132.6891  /          /       0.0134  6510
   73     12284.182     8138.3126  /          /       0.0159  6511
   64     12240.541     8167.3281  /          /       0.0140  6512
   57     12236.821     8169.8110  /          /       0.0167  6513
   59     12227.931     8175.7506  /        ch/       0.0274  6514
   64     12227.742     8175.8771  /          /       0.0134  6515
   59     12209.646     8187.9944  /          /       0.0135  6516
   65     12208.609     8188.6901  /          /       0.0141  6517
   63     12199.021     8195.1261  /         w/       0.0275  6518
   44     12181.298     8207.0496  /          /       0.0155  6519
   44     12172.352     8213.0815  /          /       0.0136  6520
   44     12160.783     8220.8948  /         w/       0.0277  6521
   44     12154.337     8225.2547  /          /       0.0162  6522
   78     12139.479     8235.3220  /         w/       0.0278  6523
   83     12125.406     8244.8801  /         w/       0.0279  6524
   55     12117.558     8250.2200  /          /       0.0163  6525
   44     12112.240     8253.8423  /         w/       0.0286  6526
   65     12100.410     8261.9118  /         w/       0.0280  6527
   44     12082.894     8273.8886  /          /       0.0138  6528
   61     12047.362     8298.2915  /         d/       0.0282  6529
   45     12046.245     8299.0610  /        ch/       0.0282  6530
   56     12004.686     8327.7914  /          /       0.0139  6531
   45     11981.200     8344.1165  /          /       0.0140  6532
   45     11966.839     8354.1297  /          /       0.0161  6533
   59     11960.101     8358.8360  /          /       0.0140  6534
   45     11956.959     8361.0330  /        *r/       0.0415  6535
   67     11942.830     8370.9243  /         w/       0.0287  6536
   61     11934.907     8376.4814  /          /       0.0161  6537
   63     11915.515     8390.1138  /          /       0.0162  6538
   62     11899.167     8401.6408  /         w/       0.0289  6539
   64     11891.879     8406.7898  /          /       0.0148  6540
   68     11890.699     8407.6241  /          /       0.0177  6541
   68     11890.212     8407.9685  /          /       0.0148  6542
   76     11888.673     8409.0569  /          /       0.0156  6543
   53     11874.268     8419.2580  /          /       0.0143  6544
   53     11866.721     8424.6130  /          /       0.0143  6545
   53     11860.163     8429.2711  /          /       0.0143  6546
   57     11842.977     8441.5030  /          /       0.0143  6547
   62     11840.848     8443.0211  /         d/       0.0292  6548
   46     11835.636     8446.7389  /          /       0.0143  6549
   53     11831.844     8449.4462  /          /       0.0164  6550
   66     11830.776     8450.2090  /          /       0.0164  6551
   46     11793.568     8476.8690  /          /       0.0144  6552
   46     11782.094     8485.1240  /          /       0.0145  6553
   46     11779.386     8487.0749  /          /       0.0173  6554
   46     11777.668     8488.3129  /        *v/       0.0432  6555
   46     11772.984     8491.6901  /          /       0.0151  6556
   76     11768.461     8494.9538  /         w/       0.0310  6557
   63     11765.656     8496.9790  /          /       0.0173  6558
   47     11753.945     8505.4450  /          /       0.0152  6559
   54     11752.979     8506.1441  /          /       0.0166  6560
   60     11749.758     8508.4759  /          /       0.0174  6561
   47     11747.765     8509.9191  /          /       0.0146  6562
   58     11747.615     8510.0280  /          /       0.0152  6563
   69     11734.586     8519.4768  /          /       0.0182  6564
   47     11711.658     8536.1552  /          /       0.0147  6565
   65     11710.142     8537.2606  /          /       0.0226  6566
   47     11698.661     8545.6392  /          /       0.0147  6567
   47     11695.086     8548.2514  /          /       0.0161  6568
   54     11680.585     8558.8637  /          /       0.0161  6569
   47     11680.182     8559.1593  /          /       0.0147  6570
   61     11672.166     8565.0372  /          /       0.0176  6571
   84     11668.696     8567.5842  /         w/       0.0301  6572
   47     11632.844     8593.9891  /          /       0.0148  6573
   69     11631.262     8595.1582  /          /       0.0170  6574
   61     11628.422     8597.2574  /         w/       0.0297  6575
   61     11625.249     8599.6042  /          /       0.0149  6576
  116     11621.032     8602.7246  /         w/       0.0311  6577
   54     11618.448     8604.6379  /          /       0.0170  6578
   48     11593.982     8622.7958  /          /       0.0171  6579
   48     11562.681     8646.1383  /        ch/       0.0314  6580
   48     11558.915     8648.9554  /          /       0.0172  6581
   67     11531.237     8669.7152  /          /       0.0195  6582
   55     11523.367     8675.6363  /         w/       0.0303  6583
   69     11522.158     8676.5466  /          /       0.0173  6584
   48     11516.456     8680.8426  /          /       0.0173  6585
   48     11513.862     8682.7983  /        ch/       0.0339  6586
   48     11511.414     8684.6448  /          /       0.0152  6587
   94     11502.253     8691.5617  /          /       0.0174  6588
   48     11488.484     8701.9786  /          /       0.0174  6589
   69     11477.792     8710.0847  /        *r/       0.0451  6590
   48     11476.049     8711.4078  /        ch/       0.0357  6591
   70     11473.026     8713.7032  /          /       0.0159  6592
   48     11470.477     8715.6395  /        ch/       0.0319  6593
   48     11439.063     8739.5746  /          /       0.0176  6594
   48     11429.252     8747.0768  /          /       0.0154  6595
   48     11407.704     8763.5992  /          /       0.0238  6596
   94     11397.580     8771.3835  /          /       0.0623  6597
  101     11291.163     8854.0524  /          /       0.0188  6598
   65     11280.681     8862.2797  /          /       0.0173  6599
   81     11250.370     8886.1567  /          /       0.0190  6600
   71     11237.553     8896.2920  /          /       0.0190  6601
   78     11221.922     8908.6835  /          /       0.0167  6602
   71     11174.028     8946.8680  /          /       0.0184  6603
   71     11156.743     8960.7293  /          /       0.0177  6604
   71     11088.032     9016.2579  /          /       0.0211  6605
   71     11064.265     9035.6257  /          /       0.0188  6606
   71     11055.946     9042.4246  /          /       0.0221  6607
   64     11025.313     9067.5483  /          /       0.0222  6608
   71     11013.349     9077.3988  /          /       0.0166  6609
   75     11003.538     9085.4923  /          /       0.0182  6610
   64     10986.919     9099.2348  /          /       0.0166  6611
   87     10986.029     9099.9723  /          /       0.0182  6612
   63     10958.388     9122.9257  /          /       0.0167  6613
   86     10947.627     9131.8937  /          /       0.0184  6614
   70     10922.510     9152.8927  /          /       0.0193  6615
   70     10893.349     9177.3947  /          /       0.0219  6616
   62     10851.430     9212.8467  /          /       0.0170  6617
   83     10840.291     9222.3138  /          /       0.0179  6618
   62     10834.153     9227.5386  /          /       0.0204  6619
   62     10800.464     9256.3214  /          /       0.0197  6620
   85     10789.726     9265.5334  /         w/       0.0352  6621
   72     10766.052     9285.9079  /          /       0.0190  6622
   72     10741.833     9306.8444  /          /       0.0182  6623
   61     10729.441     9317.5934  /          /       0.0217  6624
   77     10726.031     9320.5556  /          /       0.0182  6625
   83     10710.231     9334.3056  /          /       0.0183  6626
   60     10686.575     9354.9683  /          /       0.0193  6627
   60     10682.654     9358.4020  /          /       0.0210  6628
   60     10676.155     9364.0988  /          /       0.0202  6629
   60     10665.324     9373.6087  /          /       0.0176  6630
   79     10661.009     9377.4024  /          /       0.0185  6631
   59     10657.478     9380.5093  /          /       0.0211  6632
   59     10653.214     9384.2639  /          /       0.0203  6633
   79     10648.339     9388.5602  /          /       0.0176  6634
   58     10606.755     9425.3683  /          /       0.0204  6635
   69     10599.861     9431.4985  /          /       0.0214  6636
   58     10594.089     9436.6367  /          /       0.0178  6637
   69     10583.314     9446.2447  /          /       0.0187  6638
   65     10573.663     9454.8667  /          /       0.0188  6639
   57     10541.272     9483.9195  /          /       0.0198  6640
   56     10516.303     9506.4374  /          /       0.0199  6641
   56     10511.986     9510.3414  /          /       0.0208  6642
   63     10491.486     9528.9244  /          /       0.0191  6643
   75     10468.643     9549.7169  /          /       0.0201  6644
   68     10435.857     9579.7191  /          /       0.0202  6645
   53     10371.278     9639.3695  /          /       0.0204  6646
   59     10356.833     9652.8138  /          /       0.0205  6647
   51     10319.262     9687.9585  /          /       0.0197  6648
   51     10304.998     9701.3685  /         w/       0.0386  6649
   50     10282.663     9722.4409  /          /       0.0208  6650
   50     10276.173     9728.5812  /          /       0.0199  6651
   50     10273.936     9730.6995  /          /       0.0199  6652
   49     10255.937     9747.7767  /          /       0.0219  6653
   48     10221.780     9780.3499  /          /       0.0201  6654
   65     10198.192     9802.9715  /          /       0.0202  6655
   67     10194.656     9806.3717  /          /       0.0202  6656
   56     10121.853     9876.9058  /          /       0.0205  6657
   55     10101.412     9896.8924  /          /       0.0196  6658
   44     10095.669     9902.5225  /          /       0.0235  6659
   49     10063.308     9934.3665  /          /       0.0207  6660
   41     10022.224     9975.0905  /          /       0.0209  6661
   70     10006.078     9991.1866  /         w/       0.0409  6662
   69      9966.280    10031.0841  /          /       0.0221  6663
   64      9839.486    10160.3475  /          /       0.0238  6664
   61      9764.268    10238.6169  /          /       0.0231  6665
   59      9704.590    10301.5795  /          /       0.0234  6666
   59      9682.967    10324.5836  /          /       0.0224  6667
   55      9328.776    10716.5841  /          /       0.0241  6668
