line	wn_key	wn_obs	u_obs	wn_shown	u_shown
3	121547.2990862859	121547.1107	0.3731	121547.054	0.3750
6	121229.7856423408	121229.5982	0.3711	121229.555	0.3720
7	121152.7977988119	121152.6106	0.3707	121152.538	0.3720
8	121066.9960534426	121066.8092	0.3702	121066.766	0.3710
9	120868.5877110386	120868.4014	0.3690	120868.291	0.3710
11	120748.3004393329	120748.3862	0.3682	120748.314	0.3690
12	120719.8925632918	120719.9784	0.3681	120719.943	0.3700
13	120579.9967086184	120580.0823	0.3672	120579.995	0.3690
14	120473.0915228123	120473.1769	0.3666	120473.085	0.3680
15	120425.9072191225	120425.9926	0.3663	120425.927	0.3680
18	120298.4117509228	120298.497	0.3656	120298.404	0.3680
19	120214.5867069537	120214.6718	0.3651	120214.562	0.3670
20	120204.0033183495	120204.0883	0.3650	120204.024	0.3660
21	120190.4096270935	120190.4946	0.3649	120190.455	0.3690
22	120168.6066796028	120168.6917	0.3648	120168.645	0.3660
23	120101.2069172525	120101.2918	0.3644	120101.254	0.3660
25	119979.1907608403	119979.2755	0.3636	119979.239	0.3650
26	119815.4118599965	119815.4964	0.3627	119815.448	0.3627
28	119575.0099666128	119575.0942	0.3612	119575.006	0.3620
29	119510.8887920763	119510.9729	0.3609	119510.935	0.3620
30	119442.4967820962	119442.5808	0.3605	119442.496	0.3620
31	119372.7893516431	119372.8733	0.3600	119372.832	0.3610
34	119138.6917189107	119138.7752	0.9412	119138.744	0.9412
36	119114.4027207971	119114.4862	0.3585	119114.443	0.3600
37	119101.6133287018	119101.6968	0.3584	119101.691	0.3590
38	119048.3091965156	119048.3926	0.3581	119048.329	0.3600
39	119039.5137514605	119039.5972	0.3581	119039.575	0.3590
40	119007.6888464009	119007.7722	0.3579	119007.759	0.3590
41	118982.6011828686	118982.6845	0.3577	118982.644	0.3590
43	118921.6062535656	118921.6895	0.7148	118921.667	0.7148
47	118796.0087027423	118796.0918	0.3566	118796.018	0.3580
48	118766.2187753495	118766.3018	0.3565	118766.224	0.3580
50	118710.7022626483	118710.7852	0.3561	118710.782	0.3570
51	118694.7948640073	118694.8778	0.3560	118694.861	0.3570
52	118580.091519798	118580.1743	0.7107	118580.137	0.7107
53	118576.4063638253	118576.4892	0.3553	118576.441	0.3570
55	118499.292511914	118499.3751	0.3549	118499.317	0.3560
57	118427.9955854827	118428.0781	0.3545	118428.047	0.3560
59	118333.9839957713	118334.0664	0.3539	118334.063	0.3550
60	118310.8176730265	118310.9001	0.3538	118310.860	0.3550
61	118243.8143668475	118243.8967	0.3534	118243.861	0.3550
63	118124.4069400375	118124.489	0.3527	118124.489	0.3540
67	117833.2120687474	117833.2938	0.3510	117833.277	0.3520
70	117661.5977683036	117661.6793	0.3500	117661.669	0.3510
72	117638.6056679404	117638.6871	0.3498	117638.717	0.3498
73	117625.4900798904	117625.5715	1.1148	117625.510	1.1160
74	117601.2874714356	117601.3689	0.3496	117601.325	0.3496
76	117485.606801665	117485.688	0.3490	117485.634	0.3500
78	117458.9952671988	117459.0765	0.3488	117459.062	0.3510
81	117389.2058163607	117389.2869	0.3484	117389.288	0.3500
86	117189.6019925855	117189.6828	0.3472	117189.678	0.3480
87	117176.5862990079	117176.6671	0.3472	117176.671	0.3480
88	117125.9060336398	117125.9867	0.3469	117125.969	0.3660
95	116796.2114023938	116796.5155	0.3449	116796.498	0.3460
96	116783.5166198855	116783.8206	0.3449	116783.828	0.3460
99	116673.7089121703	116674.0124	0.3442	116673.992	0.3460
100	116657.509990596	116657.8134	0.3441	116657.806	0.3450
101	116638.7828562031	116639.0862	0.3440	116639.094	0.3440
103	116587.7846141636	116588.0876	0.3437	116588.075	0.3450
105	116373.9098975597	116374.2118	0.3425	116374.185	0.3425
113	116076.8929102456	116077.1933	0.3408	116077.162	0.3408
115	115978.7138032445	115979.0137	0.3402	115979.005	0.3420
116	115951.8152728695	115952.115	0.3401	115952.050	0.3410
117	115898.6091965316	115898.9086	0.3398	115898.774	0.3410
119	115828.0049757744	115828.3041	0.3394	115828.270	0.3410
121	115697.8963001218	115698.1947	0.3386	115698.210	0.3386
122	115662.8103861435	115663.1086	0.3384	115663.142	0.3390
126	115142.3904067661	115142.6859	0.3354	115142.690	0.3370
128	114995.6871444693	114995.9819	0.3346	114995.972	0.3420
132	114687.8156148324	114688.1088	0.3328	114688.116	0.3340
134	114604.1063365959	114604.3991	0.3324	114604.363	0.3340
136	114409.7999579192	114410.0918	0.3313	114410.101	0.3330
139	114353.5155986627	114353.8071	0.3310	114353.772	0.3320
142	114115.5070999009	114115.7974	0.3296	114115.779	0.3296
147	113657.0106982313	113657.2987	0.3270	113657.294	0.3280
149	113431.2943622854	113431.5812	0.3257	113431.600	0.3270
153	113101.9836479762	113102.2688	0.3239	113102.203	0.3260
154	112958.7150532001	112958.9995	0.3231	112958.950	0.3250
155	112920.9937323896	112921.278	0.3229	112921.189	0.3250
156	112837.1165119941	112837.4003	0.3224	112837.318	0.3240
159	112448.4994565522	112448.8632	0.7000	112448.799	0.7000
165	110572.2223071238	110572.574	0.3099	110572.519	0.3120
166	110241.0855206369	110241.4351	0.3081	110241.377	0.3090
167	109902.9047857028	109903.2522	0.3062	109903.283	0.3080
168	109608.2836611934	109608.6293	0.3046	109608.666	0.3060
169	109430.1174744678	109430.462	0.3037	109430.424	0.3060
170	109333.2128818404	109333.5568	0.3032	109333.538	0.3050
171	108695.2990536711	108695.639	0.2997	108695.575	0.3010
172	107393.7156993235	107394.0475	0.2928	107394.018	0.2950
173	107273.5903881556	107273.9214	0.2921	107273.840	0.2930
174	107057.8995906727	107058.2293	0.2910	107058.171	0.2920
177	106803.8135872207	106804.1417	0.2896	106804.107	0.2920
178	104727.7107255088	104728.0262	0.2788	104727.910	0.2800
179	103750.695941495	103751.0055	0.2738	103750.923	0.2750
180	103677.3145042454	103677.6237	0.2734	103677.617	0.2740
181	103593.3196420143	103593.6283	0.2730	103593.561	0.2740
182	103462.798289919	103462.7755	0.2723	103462.666	0.2740
183	103290.821683464	103290.7989	0.2714	103290.712	0.2730
184	103189.5954232932	103189.5727	0.2709	103189.501	0.2720
185	103085.888582338	103085.8659	0.2704	103085.796	0.2720
186	103015.588206499	103015.5656	0.2700	103015.472	0.2710
187	102948.6260860564	102948.6035	0.2697	102948.505	0.2710
188	102915.0855495591	102915.0629	0.2695	102914.976	0.2710
189	102864.9980490967	102864.9754	0.2693	102864.952	0.2710
190	102852.8136453116	102852.791	0.2692	102852.727	0.2710
191	102764.3817134665	102764.3592	0.2688	102764.277	0.2700
192	102645.0813114364	102645.0588	0.2682	102645.055	0.2700
193	102388.1000216581	102388.0776	0.2669	102387.959	0.2680
194	102257.0080618299	102256.9858	0.2662	102256.916	0.2690
195	102249.3924527073	102249.3702	0.2662	102249.296	0.2680
196	102122.3027582761	102122.2806	0.2539	102122.247	0.2560
197	102072.6942472799	102072.672	0.2653	102072.590	0.2660
198	102051.3162437697	102051.294	0.2652	102051.143	0.2680
199	101797.775038887	101797.7529	0.2639	101797.667	0.2650
200	101759.5115469316	101759.4894	0.2637	101759.418	0.2650
201	101750.5076621774	101750.4856	0.2637	101750.398	0.2650
202	101681.7067016573	101681.6846	0.2633	101681.591	0.2650
204	101510.488302036	101510.4663	0.2625	101510.412	0.2980
205	101432.2111674777	101432.1893	0.2621	101432.188	0.2630
206	101314.7813317052	101314.7594	0.2615	101314.675	0.2615
207	101281.811084674	101281.7892	0.2613	101281.770	0.2630
208	101218.6867395442	101218.6648	0.2610	101218.608	0.2640
209	101214.4865599444	101214.4647	0.2610	101214.406	0.2640
210	101178.4122644692	101178.3905	0.2608	101178.384	0.2620
211	101073.2987005959	101073.2769	0.2603	101073.183	0.2620
212	101048.1866323571	101048.1648	0.2601	101048.090	0.2620
213	100933.6177313688	100933.596	0.2596	100933.521	0.2610
214	100797.8072348593	100797.7855	0.2589	100797.738	0.2620
215	100789.2905796784	100789.2689	0.2589	100789.267	0.2600
216	100662.1781225908	100662.1565	0.2582	100662.086	0.2600
217	100644.1110479236	100644.0894	0.2581	100643.990	0.2820
218	100639.8843435676	100639.8627	0.2581	100639.778	0.2600
219	100624.3872814066	100624.3657	0.2580	100624.310	0.2590
220	100596.0155561799	100595.994	0.2579	100595.995	0.2590
221	100591.187317068	100591.1657	0.2539	100591.056	0.2550
222	100565.1882789959	100565.1667	0.2577	100565.161	0.2600
223	100548.4960556223	100548.4745	0.5000	100548.456	0.5120
224	100543.1168207541	100543.0952	0.2576	100543.025	0.2590
225	100464.4233511499	100464.4019	0.2572	100464.304	0.2590
226	100450.0079638402	100449.9865	0.6736	100449.946	0.6820
227	100444.8852970455	100444.8638	0.5000	100444.847	0.5070
228	100405.9204431974	100405.8989	0.2570	100405.818	0.2580
229	100369.2794039728	100369.2579	0.2568	100369.197	0.2580
230	100358.7913861284	100358.7699	0.2567	100358.751	0.2590
231	100312.4867603824	100312.4653	0.2539	100312.368	0.2590
232	100296.0870820765	100296.0656	0.2564	100295.973	0.2590
233	100117.4188329382	100117.5472	0.2555	100117.506	0.2555
234	100107.0071837969	100107.1356	0.2555	100107.106	0.2570
235	100088.2889500743	100088.4173	0.2539	100088.396	0.2640
237	99997.70002645062	99997.8281	0.2549	99997.770	0.2560
238	99964.90616221141	99965.0342	0.2548	99964.995	0.2570
239	99947.51378848136	99947.6418	0.2547	99947.606	0.2560
240	99937.01985749447	99937.1479	0.2539	99937.076	0.2550
241	99880.42160637943	99880.5494	0.5087	99880.510	0.5087
242	99877.72487795135	99877.8527	0.5087	99877.795	0.5087
243	99847.41661167204	99847.5443	0.2542	99847.476	0.2550
244	99796.90666773717	99797.0343	0.8307	99796.952	0.8800
246	99713.21245391296	99713.3399	0.2536	99713.202	0.2550
247	99675.22919340433	99675.3565	0.2534	99675.317	0.2550
248	99661.22587767958	99661.3532	0.2533	99661.251	0.2550
249	99575.90313412908	99576.0301	0.2529	99575.949	0.2540
250	99548.77252193794	99548.8995	0.2527	99548.895	0.2540
251	99511.20049519686	99511.3274	0.2526	99511.273	0.2540
252	99474.7864576226	99474.9133	0.2524	99474.838	0.2530
253	99444.70039979539	99444.8271	0.2522	99444.769	0.2530
254	99435.60177711683	99435.7285	0.2522	99435.696	0.2530
255	99417.70529602963	99417.8319	0.2539	99417.750	0.2550
256	99381.72336482839	99381.8499	0.2519	99381.782	0.2530
257	99365.72452202007	99365.851	0.2518	99365.773	0.2530
258	99336.31720250756	99336.4436	0.2517	99336.391	0.2530
259	99321.71616349972	99321.8426	0.2516	99321.836	0.2530
260	99296.19422714254	99296.3205	0.2515	99296.308	0.2540
261	99271.72155912816	99271.8479	0.2514	99271.794	0.2530
262	99266.2122131045	99266.3384	0.2514	99266.245	0.2530
263	99259.61140499216	99259.7376	0.2539	99259.693	0.2550
264	99221.40487446157	99221.531	0.2511	99221.478	0.2530
265	99184.70089013895	99184.8269	0.6572	99184.758	0.6750
266	99178.30392396332	99178.4299	0.2509	99178.379	0.2520
267	99153.61253953802	99153.7385	0.2508	99153.657	0.2520
268	99146.1762635995	99146.3022	0.2508	99146.247	0.2530
270	99114.10916687043	99114.2351	0.2506	99114.199	0.2520
271	99105.18948217078	99105.3153	0.2506	99105.310	0.2530
273	99034.40736978836	99034.5331	0.2502	99034.464	0.2520
274	99006.58372937916	99006.7093	0.2501	99006.612	0.2520
275	98994.90241392462	98995.028	0.2500	98994.999	0.2520
277	98955.01778193761	98955.1433	0.2498	98955.087	0.2520
278	98920.39128514602	98920.5167	0.2497	98920.447	0.2520
279	98910.79710434763	98910.9224	0.2496	98910.863	0.3090
280	98881.92141240844	98882.0467	0.2495	98882.000	0.2520
281	98832.89103981678	98833.0161	0.2493	98832.982	0.2510
282	98804.38378861162	98804.5089	0.2491	98804.487	0.2510
283	98784.92313933313	98785.0481	0.2490	98785.040	0.2500
284	98740.08801480367	98740.2129	0.2488	98740.155	0.2510
285	98733.07816072936	98733.2031	0.2539	98733.122	0.2560
286	98702.82420706726	98702.949	0.2486	98702.893	0.2500
287	98682.19893696047	98682.3237	0.2485	98682.294	0.2500
288	98671.69066661841	98671.8154	0.2485	98671.826	0.2510
289	98640.715785742	98640.8405	0.2483	98640.711	0.2510
290	98634.79783788884	98634.9224	0.2483	98634.904	0.2490
291	98599.69344102708	98599.818	0.2481	98599.771	0.2500
292	98596.8835334924	98597.0081	0.4962	98596.979	0.4970
293	98558.88568170666	98559.0102	0.2479	98558.976	0.2500
294	98546.42059060339	98546.545	0.2479	98546.462	0.2580
295	98540.11441352898	98540.2388	0.2478	98540.207	0.2510
296	98517.70136249752	98517.8258	0.2477	98517.742	0.2490
297	98505.68403405156	98505.8083	0.2477	98505.785	0.2500
298	98495.58894144099	98495.7132	0.2476	98495.609	0.2490
299	98489.18765512957	98489.312	0.2476	98489.277	0.2476
300	98476.68169348336	98476.8059	0.2475	98476.795	0.2490
301	98454.38191633961	98454.5061	0.2474	98454.507	0.2500
302	98451.37943032474	98451.5036	0.2474	98451.501	0.2490
303	98446.01517346683	98446.1394	0.2474	98446.106	0.2490
304	98379.59472143838	98379.7187	0.2471	98379.648	0.2500
305	98356.08787960421	98356.2118	0.2469	98356.157	0.2490
306	98329.2933240419	98329.4172	0.2468	98329.400	0.2490
307	98306.09369222262	98306.2175	0.2467	98306.198	0.2480
308	98298.42780502811	98298.5516	0.4933	98298.488	0.4940
309	98295.08550657798	98295.2093	0.4933	98295.170	0.4940
310	98290.12309153877	98290.2469	0.4933	98290.193	0.4940
311	98278.57561590475	98278.6993	0.2466	98278.697	0.2490
312	98246.0072029067	98246.1309	0.2539	98246.084	0.2550
313	98208.49010050557	98208.6137	0.2462	98208.601	0.2480
315	98179.38025684557	98179.5038	0.2461	98179.528	0.2480
316	98146.0112304922	98146.1346	0.2459	98146.028	0.2480
317	98138.50454749986	98138.6279	0.2459	98138.619	0.2480
318	98115.49775503838	98115.6211	0.2458	98115.640	0.2470
319	98105.49220262648	98105.6155	0.2457	98105.613	0.2480
320	98089.79961023926	98089.9229	0.2457	98089.912	0.3030
321	98084.01382676832	98084.1371	0.2456	98084.080	0.2470
322	98074.69774031977	98074.8209	0.2539	98074.782	0.2700
323	98068.17683386923	98068.3	0.5000	98068.217	0.5010
324	98049.79463851907	98049.9178	0.2455	98049.914	0.2455
325	98040.923816404	98041.047	0.2454	98040.932	0.2460
326	98034.20928616985	98034.3324	0.2454	98034.269	0.2470
327	98021.0275389228	98021.1506	0.2453	98021.107	0.2460
328	98015.00011213757	98015.1232	0.2453	98015.108	0.2620
329	97980.70803249901	97980.831	0.2451	97980.820	0.2470
330	97944.17513076201	97944.298	0.2450	97944.251	0.2470
331	97939.42701543627	97939.5499	0.2449	97939.492	0.2460
332	97928.80299955294	97928.9259	0.2449	97928.961	0.2460
333	97909.41963900455	97909.5424	0.2448	97909.498	0.2470
334	97887.78828888878	97887.9111	0.2447	97887.811	0.2460
335	97879.51965510895	97879.6424	0.2446	97879.618	0.2680
336	97873.59906414642	97873.7218	0.2539	97873.665	0.2700
337	97869.97821576505	97870.1009	0.2446	97870.076	0.2520
338	97860.29210862498	97860.4148	0.6403	97860.385	0.6410
339	97839.99301565622	97840.1156	0.2445	97840.159	0.2460
340	97833.39056626652	97833.5132	0.2444	97833.521	0.2480
341	97818.5253445156	97818.6479	0.2444	97818.579	0.2450
342	97809.57651206177	97809.6991	0.2443	97809.711	0.2460
343	97793.78563302344	97793.9081	0.2442	97793.868	0.2460
344	97775.01639863104	97775.1389	0.2441	97775.103	0.2450
345	97761.28274603252	97761.4051	0.4882	97761.377	0.4890
346	97757.91152864136	97758.0339	0.2441	97757.956	0.2540
347	97730.4035370321	97730.5259	0.2439	97730.511	0.2450
348	97726.1046536053	97726.2271	0.2439	97726.210	0.2460
349	97696.99418167674	97697.1165	0.2438	97697.105	0.2510
350	97687.7164329034	97687.8387	0.4875	97687.833	0.5350
351	97658.52035631926	97658.6426	0.2436	97658.567	0.2450
352	97652.80884751886	97652.931	0.2436	97652.886	0.2436
353	97644.51111267596	97644.6333	0.2435	97644.621	0.2450
354	97636.21411691782	97636.3362	0.5000	97636.329	0.5010
355	97626.89248758557	97627.0146	0.2434	97626.940	0.2500
356	97622.11068611885	97622.2328	0.2434	97622.198	0.2450
357	97588.49517756669	97588.6172	0.6369	97588.570	0.6560
358	97566.30318002471	97566.4252	0.6366	97566.383	0.6650
359	97547.28499441495	97547.4504	0.2431	97547.396	0.2440
360	97537.82729628842	97537.9926	0.2430	97537.961	0.2440
361	97494.98128979487	97495.1465	0.6357	97495.126	0.6357
362	97471.10630667147	97471.2714	0.2427	97471.169	0.2560
363	97465.99050458251	97466.1556	0.4853	97466.119	0.4860
364	97463.01952521667	97463.1846	0.4853	97463.094	0.4860
365	97448.50303575397	97448.668	0.2426	97448.635	0.2450
366	97442.02565159323	97442.1907	0.2425	97442.103	0.2450
367	97434.28082226007	97434.4458	0.2425	97434.413	0.2440
368	97426.48923856132	97426.6541	0.2425	97426.611	0.2710
369	97420.59732137245	97420.7622	0.2424	97420.741	0.2440
370	97398.88204558723	97399.0469	0.2423	97398.983	0.2460
371	97378.38908649555	97378.5539	0.2422	97378.533	0.2440
372	97357.12264863585	97357.2873	0.2421	97357.229	0.2440
373	97349.57937760251	97349.7441	0.2421	97349.652	0.2430
374	97324.71982520005	97324.8844	0.6335	97324.809	0.6550
375	97317.08197747383	97317.2466	0.7957	97317.192	0.8210
376	97273.51081298682	97273.6752	0.2417	97273.680	0.2417
377	97260.77270777598	97260.9371	0.4834	97260.895	0.4840
378	97250.07891318174	97250.2432	0.2416	97250.235	0.2720
379	97209.01663896622	97209.1808	0.6321	97209.177	0.6330
380	97191.08973738094	97191.2538	0.2413	97191.187	0.2810
381	97178.7040999435	97178.8682	0.2413	97178.777	0.2450
382	97166.805366219	97166.9695	0.2412	97166.935	0.2430
383	97161.70638061863	97161.8705	0.2412	97161.821	0.2430
384	97154.90817350958	97155.0722	0.6314	97155.062	0.6730
385	97144.6147841334	97144.7788	0.2411	97144.719	0.2420
386	97122.1856568966	97122.3496	0.2410	97122.352	0.2420
387	97114.61445264654	97114.7784	0.2410	97114.749	0.2420
388	97107.62576922352	97107.7897	0.2410	97107.758	0.2420
389	97082.92575942962	97083.0896	0.2408	97083.012	0.2430
390	97075.5987403169	97075.7625	0.2408	97075.839	0.2408
391	97069.19467529295	97069.3584	0.2408	97069.339	0.2420
392	97056.38788662755	97056.5516	0.2407	97056.523	0.2420
393	97040.28500754062	97040.4486	0.2406	97040.417	0.2420
394	97030.82958629807	97030.9932	0.2406	97031.011	0.2470
395	97022.68168987171	97022.8453	0.2405	97022.817	0.2670
396	97007.21588329613	97007.3794	0.2405	97007.325	0.2420
398	96977.11379988042	96977.2772	0.2403	96977.290	0.2460
400	96959.37592037051	96959.5393	0.2402	96959.572	0.2430
401	96952.30229029567	96952.4656	0.2402	96952.478	0.2410
402	96942.80610482222	96942.9694	0.2402	96942.869	0.2460
403	96933.50449307816	96933.6678	0.2401	96933.591	0.2500
404	96911.41734357628	96911.5805	0.2400	96911.607	0.2410
405	96891.41710557647	96891.5802	0.2399	96891.486	0.2410
406	96885.4128998449	96885.576	0.2399	96885.510	0.2410
407	96878.48859188295	96878.6517	0.2399	96878.608	0.2420
408	96871.17790763991	96871.341	0.2398	96871.343	0.2410
409	96856.99502857256	96857.158	0.2398	96857.148	0.2410
410	96852.6869454019	96852.8499	0.2397	96852.844	0.2420
411	96824.37594916277	96824.5388	0.2396	96824.515	0.2410
413	96798.87957659383	96799.0424	0.2395	96799.011	0.2500
414	96786.01407220043	96786.1769	0.4788	96786.147	0.4788
415	96783.11202297686	96783.2748	0.4788	96783.212	0.5070
416	96774.59966829144	96774.7624	0.2394	96774.696	0.2670
417	96765.70167218405	96765.8644	0.2393	96765.912	0.2430
418	96750.90581474679	96751.0685	0.2393	96751.042	0.2410
419	96744.37805777509	96744.5407	0.2392	96744.503	0.2410
420	96741.72039315804	96741.883	0.2392	96741.872	0.2410
421	96736.30552380974	96736.4681	0.2392	96736.400	0.2400
422	96731.7134364817	96731.876	0.2392	96731.841	0.2400
423	96727.99068723233	96728.1533	0.2391	96728.100	0.2610
424	96710.68745016257	96710.85	1.0000	96710.860	1.0000
425	96707.59471650394	96707.7572	0.4781	96707.768	0.4781
426	96701.11995206018	96701.2825	0.2390	96701.321	0.2410
427	96680.197570915	96680.36	0.2389	96680.262	0.2400
428	96636.63085474054	96636.7932	0.2387	96636.740	0.2420
429	96634.60176561955	96634.7641	0.2387	96634.742	0.2410
430	96624.22081759952	96624.383	0.2387	96624.350	0.2400
431	96612.48756351485	96612.6498	0.2386	96612.663	0.2410
432	96607.99819905746	96608.1604	0.2386	96608.120	0.2400
433	96594.09588644284	96594.258	0.2385	96594.220	0.2385
434	96589.22177688275	96589.3839	0.2385	96589.328	0.2400
436	96566.68323814386	96566.8452	0.2384	96566.766	0.2390
437	96555.39282229515	96555.5548	0.2383	96555.514	0.2420
438	96546.99821512589	96547.1602	0.7851	96547.149	0.8180
439	96511.01593672036	96511.1778	0.4762	96511.166	0.4762
440	96508.89330840611	96509.0552	0.4762	96509.020	0.4770
441	96486.90618759836	96487.068	0.2539	96487.028	0.2560
442	96467.09245048504	96467.2542	0.2379	96467.217	0.2400
444	96448.48804793305	96448.6497	0.2378	96448.597	0.2390
445	96410.42482057509	96410.5863	0.2376	96410.572	0.2376
446	96395.77984495387	96395.9413	0.2376	96395.907	0.2400
447	96391.87847915941	96392.04	0.2539	96392.014	0.2600
448	96387.49632043269	96387.6577	0.2375	96387.623	0.2375
449	96377.72096601456	96377.8824	0.2375	96377.869	0.2390
450	96366.69291628613	96366.8543	0.4749	96366.829	0.4770
451	96363.41966862907	96363.5811	0.4748	96363.517	0.4760
452	96351.91260746388	96352.0739	0.2374	96352.020	0.2380
453	96332.99380033748	96333.1551	0.2373	96333.098	0.2380
454	96321.8288558713	96321.9901	0.2372	96321.949	0.2390
455	96311.91470910789	96312.0759	0.2372	96312.044	0.2390
456	96306.09131716867	96306.2525	0.2371	96306.226	0.2750
457	96297.28577102367	96297.4469	0.2371	96297.435	0.2580
458	96267.41248097476	96267.5735	0.2370	96267.563	0.2380
459	96249.90590285425	96250.0669	0.2369	96250.036	0.2390
460	96243.31827032375	96243.4793	0.2369	96243.477	0.2380
461	96231.92265096576	96232.0836	0.4736	96232.054	0.4736
462	96227.88255149788	96228.0435	0.4736	96228.079	0.4750
463	96222.97854125136	96223.1394	0.4735	96223.119	0.4870
464	96211.20152541378	96211.3624	0.2367	96211.394	0.2367
465	96174.38689544456	96174.5476	0.2365	96174.481	0.2365
466	96159.10884807972	96159.2695	0.2365	96159.285	0.2380
467	96149.11679487329	96149.2774	0.2364	96149.285	0.2380
468	96146.28133797336	96146.4419	0.2364	96146.429	0.2380
469	96140.99813405276	96141.1587	0.2364	96141.137	0.2390
470	96137.20378697774	96137.3644	0.2364	96137.313	0.2430
471	96131.0081110231	96131.1687	0.2363	96131.154	0.2370
474	96099.21938349998	96099.3799	0.2362	96099.386	0.2380
475	96094.17673575458	96094.3372	0.2361	96094.328	0.2370
476	96075.40829259575	96075.5687	0.2361	96075.534	0.2370
477	96061.297186622	96061.4576	0.2360	96061.413	0.2550
478	96048.10048022753	96048.2608	0.2359	96048.224	0.2380
479	96042.58166537732	96042.742	0.2359	96042.690	0.2380
480	96037.49623773985	96037.6565	0.2359	96037.709	0.2380
481	96019.12290577673	96019.2831	0.2358	96019.249	0.2370
482	96009.57560174525	96009.7358	0.2357	96009.709	0.2380
483	96003.82171073381	96003.9819	0.2357	96003.975	0.2400
484	95993.22275464053	95993.3829	0.2357	95993.323	0.2370
485	95981.08929476321	95981.2494	0.2356	95981.228	0.2410
486	95972.69874861393	95972.8588	0.2356	95972.814	0.2370
488	95946.28380941576	95946.4438	0.2355	95946.478	0.2400
489	95941.10821817776	95941.2682	0.2354	95941.206	0.2360
490	95925.29226377232	95925.4522	0.2354	95925.403	0.2360
491	95909.38346944693	95909.5433	0.2353	95909.586	0.2370
492	95893.9099218811	95894.0697	0.2352	95894.025	0.2360
493	95880.59267388309	95880.7525	0.2351	95880.689	0.2380
494	95867.18181458279	95867.3415	0.2351	95867.354	0.2370
495	95856.79040210668	95856.9501	0.2350	95856.958	0.2370
496	95850.23193583301	95850.3916	0.2350	95850.378	0.2370
497	95831.22441740579	95831.384	0.2349	95831.371	0.2360
498	95818.5855017931	95818.745	0.2349	95818.687	0.2360
499	95804.08327323607	95804.2428	0.2348	95804.221	0.2370
500	95798.9160362164	95799.0755	0.2348	95799.055	0.2360
501	95788.19627950613	95788.3557	0.2347	95788.307	0.2360
502	95782.78912965943	95782.9485	0.2347	95782.926	0.2370
503	95774.7039321483	95774.8633	0.2346	95774.814	0.2360
504	95766.81047569487	95766.9699	0.2346	95766.945	0.2360
505	95763.50963534857	95763.669	0.2346	95763.641	0.2370
506	95729.69455869438	95729.8539	0.2344	95729.872	0.2350
507	95707.41426088226	95707.5735	0.2343	95707.583	0.2360
508	95702.10748976942	95702.2667	0.2539	95702.273	0.2550
509	95694.41137808895	95694.5705	0.2343	95694.546	0.2350
512	95671.08649981247	95671.2456	0.2342	95671.235	0.2370
513	95656.17724852217	95656.3362	0.4682	95656.275	0.4730
514	95652.88055508833	95653.0396	0.4681	95652.992	0.4690
515	95647.00488564787	95647.1639	0.7728	95647.156	0.7728
516	95629.08996280523	95629.2489	0.2340	95629.238	0.2350
517	95623.78791390416	95623.9468	0.2339	95623.912	0.2350
518	95615.28623573024	95615.4451	0.2339	95615.403	0.2339
519	95611.41913605711	95611.578	0.2339	95611.593	0.2350
520	95601.00811870472	95601.1669	0.2338	95601.201	0.2360
521	95591.98234230357	95592.1411	0.2338	95592.185	0.2480
522	95584.48646647611	95584.6453	0.2338	95584.626	0.2360
523	95552.69514525897	95552.8538	0.2336	95552.753	0.2350
524	95548.0190151383	95548.1776	0.2336	95548.170	0.2350
525	95538.37744346686	95538.536	0.2335	95538.528	0.2490
526	95531.12641129816	95531.285	0.2335	95531.296	0.2350
530	95488.71661029471	95488.875	0.2333	95488.827	0.2360
531	95478.89120181209	95479.0496	0.4665	95479.059	0.4790
532	95476.7930125508	95476.9514	0.4665	95476.950	0.4665
533	95454.00169504705	95454.16	0.2331	95454.154	0.2340
534	95442.41800328578	95442.5763	0.2331	95442.511	0.2340
535	95437.07747187353	95437.2358	0.2539	95437.207	0.2700
536	95426.78228228481	95426.9405	0.2330	95426.924	0.2340
537	95422.9235692818	95423.0818	0.2330	95423.081	0.2350
538	95408.72219470148	95408.8804	0.2329	95408.882	0.2329
539	95396.61934186259	95396.7774	0.2329	95396.709	0.2350
541	95382.2321219588	95382.3902	0.2328	95382.464	0.2350
542	95361.32102688444	95361.479	0.4654	95361.421	0.4670
543	95358.70070654721	95358.8587	0.4654	95358.821	0.4660
544	95355.89039660698	95356.0484	0.4654	95356.003	0.4660
545	95335.8904795518	95336.0484	0.2326	95336.041	0.2340
546	95333.32069127575	95333.4786	0.2326	95333.458	0.2340
547	95321.08354487026	95321.2414	0.2325	95321.210	0.2350
548	95308.18325324816	95308.3412	0.2325	95308.275	0.2340
549	95287.4798395343	95287.6376	0.2539	95287.641	0.2550
550	95279.29571805817	95279.4535	0.2323	95279.487	0.2330
552	95233.00885797768	95233.1771	0.2321	95233.139	0.2330
553	95228.3950677248	95228.5632	0.2321	95228.523	0.2330
554	95208.80394990236	95208.972	0.2320	95208.944	0.2330
555	95198.82034264946	95198.9883	0.2320	95198.892	0.2340
556	95184.17668594832	95184.3447	0.2319	95184.355	0.2330
557	95178.9964932504	95179.1645	0.2319	95179.294	0.2330
558	95168.302827925	95168.4707	0.2318	95168.465	0.2330
559	95158.22908467265	95158.397	0.2539	95158.366	0.2550
560	95151.00517090576	95151.1731	0.2317	95151.123	0.2317
561	95139.07801723859	95139.2458	0.2317	95139.191	0.2330
562	95119.17305869055	95119.3409	0.2316	95119.272	0.2330
563	95116.08619847924	95116.2539	0.2316	95116.227	0.2330
564	95109.19979516235	95109.3675	0.2315	95109.413	0.2315
565	95096.09179471043	95096.2595	0.2315	95096.258	0.2330
566	95081.23105810456	95081.3987	0.2314	95081.395	0.2320
567	95075.8178767375	95075.9855	0.2314	95075.946	0.2330
568	95070.49974073014	95070.6673	0.2314	95070.614	0.2330
569	95063.42757759761	95063.5952	0.2313	95063.602	0.2320
570	95045.00995170887	95045.1775	0.4625	95045.243	0.4625
571	95038.79192014273	95038.9594	0.4624	95038.929	0.5170
572	95033.38139228936	95033.5489	0.5000	95033.525	0.5150
573	95015.82680013134	95015.9942	0.2311	95015.995	0.2320
574	95005.4821262782	95005.6495	0.2310	95005.653	0.2330
575	94999.88443108817	95000.0517	0.2310	95000.037	0.2320
576	94983.42708691802	94983.5944	0.2309	94983.607	0.2330
577	94979.39419587796	94979.5615	0.4619	94979.502	0.5030
578	94964.88221321533	94965.0494	0.2309	94965.025	0.3450
579	94957.29611564164	94957.4633	0.2308	94957.476	0.2330
580	94950.80068530583	94950.9679	0.2308	94950.918	0.2320
582	94935.77102371062	94935.9381	0.2307	94935.926	0.2720
583	94929.61058462213	94929.7777	0.2307	94929.848	0.2320
584	94917.9030377806	94918.07	0.2539	94918.002	0.2590
586	94887.81304212267	94887.9799	0.2305	94887.949	0.2320
587	94852.99562868528	94853.1624	0.2303	94853.234	0.2320
588	94841.72601352603	94841.8928	0.2303	94841.840	0.2560
589	94836.98892896745	94837.1557	0.2303	94837.203	0.2310
590	94829.41413786403	94829.5808	0.4605	94829.539	0.4605
591	94826.47683201137	94826.6435	0.4604	94826.601	0.4620
592	94821.50703688717	94821.6737	0.2302	94821.651	0.2310
593	94780.27866176583	94780.4453	0.2300	94780.421	0.2310
594	94773.89099475286	94774.0575	0.2300	94774.003	0.2310
595	94760.02952485009	94760.196	0.2299	94760.182	0.2310
596	94726.77297408097	94726.9394	0.2298	94726.930	0.2310
597	94709.79721916476	94709.9635	0.2297	94709.933	0.2297
598	94694.28864711555	94694.4549	0.2296	94694.411	0.2310
599	94678.02884249172	94678.195	0.2295	94678.186	0.2540
600	94668.81112837106	94668.9773	0.2295	94668.915	0.2320
601	94650.52260004275	94650.6887	1.2542	94650.755	1.2542
602	94641.496277682	94641.6624	0.2294	94641.699	0.2310
603	94623.92264727903	94624.0886	0.2539	94624.031	0.2550
604	94600.2108127639	94600.3767	0.2292	94600.336	0.2310
605	94586.98695224593	94587.1529	0.2291	94587.098	0.2330
606	94579.6226568548	94579.7886	0.2291	94579.772	0.2300
607	94566.59024270283	94566.756	0.2539	94566.788	0.2550
608	94563.52332245724	94563.6891	0.4580	94563.649	0.4580
609	94542.89436040766	94543.0601	0.2289	94543.036	0.2390
610	94537.326906145	94537.4926	0.2289	94537.468	0.2590
611	94528.21847152848	94528.3842	0.4577	94528.360	0.4590
613	94516.37240530459	94516.538	0.2288	94516.537	0.2300
614	94504.57766248922	94504.7433	0.2287	94504.677	0.2300
615	94486.88862130656	94487.0541	0.2286	94487.038	0.2380
617	94472.4104518133	94472.576	0.2286	94472.590	0.2610
618	94449.3047799946	94449.4702	0.2285	94449.428	0.2320
619	94433.3241083011	94433.4894	0.2284	94433.490	0.2300
620	94426.7691791125	94426.9345	0.2284	94426.904	0.2290
621	94414.70504639533	94414.8703	0.2283	94414.824	0.2840
622	94406.41094360343	94406.5762	0.4565	94406.541	0.4980
623	94403.67593422439	94403.8411	0.4565	94403.821	0.4565
624	94392.17863540119	94392.3438	0.2282	94392.317	0.2290
625	94376.39655465771	94376.5617	0.4563	94376.527	0.4580
626	94372.48602857417	94372.6511	0.4562	94372.632	0.4570
627	94365.09074669764	94365.2558	0.2281	94365.193	0.2350
628	94355.48172449083	94355.6468	0.2280	94355.686	0.2300
629	94346.20506326984	94346.3701	0.2280	94346.432	0.2320
630	94332.78335068749	94332.9484	0.2279	94332.938	0.2290
632	94317.38770584085	94317.5526	0.2279	94317.565	0.2290
633	94296.39365418289	94296.5586	0.2278	94296.514	0.2290
634	94291.03007791676	94291.1949	0.2277	94291.198	0.2290
635	94274.32352446379	94274.4883	0.2277	94274.441	0.2290
636	94263.40646118986	94263.5713	0.2276	94263.590	0.2290
637	94251.31604582908	94251.4807	0.2276	94251.464	0.2290
638	94246.18695791553	94246.3517	0.4551	94246.322	0.4551
639	94244.30638011082	94244.4711	0.4550	94244.437	0.4550
640	94240.02697458999	94240.1917	0.4550	94240.153	0.4560
641	94236.31023136797	94236.4749	0.4550	94236.442	0.4560
642	94221.58825756043	94221.7529	0.2274	94221.754	0.2300
643	94204.61434099963	94204.7788	0.2273	94204.784	0.2280
644	94197.51486089412	94197.6794	0.2273	94197.671	0.2290
645	94189.00508354198	94189.1696	0.2273	94189.164	0.2280
646	94177.01902362214	94177.1835	0.2272	94177.186	0.2350
648	94170.01553499178	94170.1799	0.4544	94170.175	0.4550
649	94164.18613804808	94164.3505	0.2272	94164.331	0.2290
650	94153.52025432966	94153.6847	0.2271	94153.646	0.2280
651	94130.40251929776	94130.5668	0.4540	94130.585	0.4550
652	94127.20829887898	94127.3726	0.4540	94127.345	0.4740
653	94102.31400447938	94102.4782	0.2269	94102.473	0.2290
654	94089.39893521123	94089.563	0.2268	94089.497	0.2280
655	94081.23039949696	94081.3945	0.5000	94081.387	0.5020
656	94064.18560887774	94064.3497	0.2267	94064.346	0.2267
657	94058.97434880823	94059.1383	0.2267	94059.157	0.2310
658	94050.80878330456	94050.9728	0.2266	94050.883	0.2290
659	94041.37298911593	94041.537	0.2266	94041.539	0.2280
660	94015.61320201062	94015.7771	0.2265	94015.750	0.2265
661	94007.4022589289	94007.5662	0.2264	94007.543	0.2270
662	93997.50403563012	93997.6678	0.2539	93997.610	0.2570
666	93959.42330417984	93959.587	0.2262	93959.551	0.2750
667	93950.51441914601	93950.6781	0.2262	93950.627	0.2390
668	93940.90311108838	93941.0667	0.2261	93941.002	0.2290
669	93933.30941136485	93933.473	0.2261	93933.410	0.2270
670	93928.47980277923	93928.6434	0.4521	93928.651	0.4521
672	93907.8134086518	93907.9769	0.2260	93908.015	0.2280
673	93899.28340086894	93899.4469	0.2259	93899.453	0.2270
674	93885.41673226906	93885.5801	0.2259	93885.515	0.2280
676	93867.52238285837	93867.6858	0.2258	93867.666	0.2270
677	93855.81263523974	93855.9759	0.2257	93855.964	0.2270
678	93850.52105433744	93850.6844	0.2257	93850.654	0.2420
679	93845.08693040223	93845.2502	0.2257	93845.242	0.2270
680	93841.62378413422	93841.7871	0.2257	93841.786	0.2257
681	93827.01471774642	93827.1779	0.2256	93827.143	0.2470
682	93805.62168127092	93805.7849	0.2255	93805.743	0.2270
683	93800.79943364816	93800.9625	0.4510	93800.939	0.4510
685	93789.00584435568	93789.1689	0.2539	93789.152	0.2580
686	93778.28872937187	93778.4518	0.2254	93778.422	0.2290
687	93767.71576994832	93767.8788	0.2253	93767.837	0.2270
688	93762.89571194675	93763.0587	0.2253	93763.057	0.2260
689	93758.4982308783	93758.6612	0.2253	93758.691	0.2270
690	93729.8271375731	93729.99	0.2252	93729.967	0.2260
691	93720.70693047474	93720.8698	0.2251	93720.885	0.2260
692	93714.7224856451	93714.8853	0.2251	93714.766	0.2270
694	93706.02597801965	93706.1888	0.2250	93706.168	0.2260
695	93684.19257685292	93684.3553	0.2249	93684.384	0.2270
696	93676.57272896648	93676.7354	0.2249	93676.721	0.2260
697	93652.32157459218	93652.4842	0.2248	93652.482	0.2260
698	93646.29250306194	93646.4551	0.5881	93646.385	0.5890
699	93640.82820102874	93640.9908	0.4495	93640.922	0.4520
700	93637.32406883835	93637.4867	0.2247	93637.481	0.2270
703	93598.18089076842	93598.3433	0.2246	93598.325	0.2246
704	93576.79728355688	93576.9597	0.5000	93576.920	0.5010
705	93566.29345606692	93566.4558	0.5871	93566.479	0.5871
706	93561.11329467097	93561.2756	0.4488	93561.272	0.4520
707	93558.31267540061	93558.475	0.4487	93558.460	0.4487
708	93535.91113819969	93536.0733	0.2243	93536.053	0.2260
709	93522.19195495079	93522.3542	0.2242	93522.385	0.2250
710	93511.69506939828	93511.8572	0.2242	93511.850	0.2250
711	93499.89308501883	93500.0552	0.2241	93500.051	0.2270
712	93490.98388688582	93491.146	0.2241	93491.140	0.2250
713	93483.28895250647	93483.451	0.2240	93483.413	0.2250
714	93478.2068601831	93478.3689	0.2240	93478.357	0.2250
715	93468.32211968859	93468.4841	0.2240	93468.429	0.2280
716	93436.478589931	93436.6405	0.2238	93436.620	0.2710
717	93428.60317647296	93428.765	0.2238	93428.620	0.2270
718	93417.69758196508	93417.8594	0.2237	93417.873	0.2260
719	93409.58890615201	93409.7507	0.2237	93409.724	0.2260
720	93404.0908089859	93404.2526	0.2237	93404.245	0.2237
721	93392.48972330677	93392.6514	0.2236	93392.610	0.2250
722	93352.10896818324	93352.2706	0.2234	93352.190	0.2280
723	93341.5842435492	93341.7457	0.2234	93341.709	0.2540
724	93333.90328696514	93334.0648	0.2233	93334.052	0.2250
725	93328.22492403013	93328.3864	0.2233	93328.262	0.2260
726	93295.31765770215	93295.4791	0.2232	93295.473	0.2240
727	93286.38108312967	93286.5425	0.2231	93286.586	0.2250
728	93282.799392056	93282.9607	0.2231	93282.946	0.2240
730	93274.19149840974	93274.3528	0.4461	93274.354	0.4470
731	93262.97911743328	93263.1404	0.2230	93263.142	0.2240
732	93253.81784121139	93253.979	0.2230	93253.996	0.2240
733	93246.60796252063	93246.7692	0.2229	93246.737	0.2250
734	93243.02801802248	93243.1892	0.2229	93243.193	0.2240
735	93237.58412674245	93237.7453	0.2229	93237.734	0.2240
736	93231.40019118672	93231.5614	0.2229	93231.547	0.2229
737	93185.70132911086	93185.8623	0.2227	93185.865	0.2330
738	93169.90051581188	93170.0615	0.2226	93169.936	0.2250
739	93167.11322288062	93167.2741	0.2226	93167.291	0.2260
740	93139.28194269676	93139.4427	0.2225	93139.455	0.2225
741	93127.11429362917	93127.2751	0.2224	93127.247	0.2230
742	93118.43036227743	93118.5912	0.2224	93118.489	0.2240
744	93095.02698304667	93095.1877	0.2223	93095.241	0.2240
745	93079.28660500147	93079.4472	0.2222	93079.431	0.2230
746	93068.79690995101	93068.9575	0.2221	93068.977	0.2240
747	93065.22479148148	93065.3854	0.2221	93065.399	0.2250
748	93058.77027769391	93058.9309	0.2221	93058.897	0.2230
749	93051.90408371003	93052.0646	0.2221	93052.054	0.2230
750	93046.98398024049	93047.1445	0.2220	93047.131	0.2230
751	93035.80276096269	93035.9633	0.2220	93035.951	0.2930
752	93010.52125598108	93010.5853	0.2219	93010.541	0.2230
754	92977.22454618792	92977.2884	0.4434	92977.375	0.4440
755	92974.39439353149	92974.4583	0.4434	92974.468	0.4440
756	92972.58566244118	92972.6496	0.4434	92972.640	0.4440
757	92962.10973630114	92962.1736	0.2216	92962.178	0.2230
758	92940.18374881077	92940.2476	0.2215	92940.146	0.2215
759	92924.98364429401	92925.0475	0.2215	92925.056	0.2290
760	92908.72314440523	92908.7869	0.2214	92908.750	0.2230
762	92868.61076079364	92868.6746	0.2212	92868.664	0.2230
763	92865.09014849436	92865.1539	0.2212	92865.191	0.2220
764	92858.9771954247	92859.041	0.2539	92859.016	0.2550
765	92817.5938608923	92817.6576	0.2210	92817.656	0.2220
766	92811.62598306988	92811.6897	0.2210	92811.627	0.2230
767	92801.30551885736	92801.3692	0.2209	92801.351	0.2220
768	92796.81811331032	92796.8818	0.2209	92796.865	0.2280
769	92786.59154992239	92786.6552	0.2209	92786.625	0.2220
770	92783.1239356312	92783.1876	0.2208	92783.180	0.2670
771	92777.20117392454	92777.2648	0.2208	92777.277	0.2220
772	92766.79310896619	92766.8567	0.2208	92767.015	0.2220
773	92719.9981232969	92720.0617	0.2205	92720.027	0.2220
774	92706.5927295996	92706.6563	0.2205	92706.665	0.2220
776	92673.4140497133	92673.4775	0.4407	92673.463	0.4407
777	92671.7038973908	92671.7674	0.4407	92671.750	0.4407
778	92660.89257326526	92660.9561	0.2203	92660.877	0.2740
779	92655.3956008286	92655.4591	0.2203	92655.489	0.2220
780	92639.59920021078	92639.6627	0.2202	92639.626	0.2220
781	92618.49508429396	92618.5585	0.2201	92618.531	0.2330
782	92616.0022239279	92616.0656	0.2201	92616.028	0.2210
783	92599.38044353946	92599.4438	0.2200	92599.465	0.2210
784	92597.12115715639	92597.1846	0.2200	92597.201	0.2210
785	92590.97906457928	92591.0425	0.2200	92590.956	0.2230
786	92583.1785707466	92583.242	0.2199	92583.241	0.2210
787	92576.57874464287	92576.6421	0.2199	92576.644	0.2210
788	92553.27546299378	92553.3388	0.2198	92553.273	0.2220
789	92545.20347240803	92545.2668	0.2198	92545.121	0.2230
790	92524.30754610233	92524.3708	0.2197	92524.314	0.2210
791	92515.68125829575	92515.7446	0.2196	92515.747	0.2210
792	92488.98307502181	92489.0464	0.2195	92489.084	0.2195
793	92485.3873308674	92485.4505	0.2195	92485.471	0.2210
794	92476.49031409963	92476.5535	0.2194	92476.526	0.2200
795	92457.82533343969	92457.8885	0.2194	92457.761	0.2200
796	92443.12476166776	92443.188	0.2193	92443.198	0.2200
797	92437.91747890654	92437.9807	0.2193	92437.953	0.2200
798	92417.59893554768	92417.6621	0.2192	92417.627	0.2250
799	92413.68234053464	92413.7455	0.2192	92413.729	0.2200
800	92383.42703872363	92383.4901	0.2190	92383.483	0.2200
801	92361.36940796103	92361.4325	0.2189	92361.425	0.2200
802	92351.10667942183	92351.1698	0.2189	92351.193	0.2220
803	92346.22919054571	92346.2923	0.2189	92346.247	0.2220
804	92336.01051409078	92336.0735	0.2188	92336.086	0.2200
806	92306.42469341785	92306.4877	0.2187	92306.414	0.2200
807	92302.60496216155	92302.668	0.2187	92302.714	0.2200
808	92289.40278603912	92289.4658	0.2539	92289.472	0.2580
809	92276.70911512038	92276.7721	0.2185	92276.690	0.2200
810	92272.43387082595	92272.4969	0.2185	92272.423	0.2185
811	92266.68209993067	92266.7451	0.2539	92266.713	0.2720
812	92261.48631837714	92261.5492	0.2185	92261.561	0.2200
813	92256.38224307455	92256.4451	0.2539	92256.391	0.2560
814	92244.88877048237	92244.9517	0.2184	92244.932	0.2200
815	92237.57875577091	92237.6417	0.2184	92237.602	0.2200
816	92233.57963740412	92233.6425	0.2184	92233.636	0.2260
817	92228.61803689723	92228.6809	0.7275	92228.656	0.7560
818	92215.42813793592	92215.491	0.2183	92215.462	0.2220
819	92176.69300925775	92176.7558	0.2539	92176.737	0.2680
820	92167.92169753811	92167.9845	0.2181	92167.924	0.2200
821	92156.39169237432	92156.4545	0.2180	92156.458	0.2190
822	92145.83244278519	92145.8952	0.2180	92145.896	0.2280
823	92141.87983609147	92141.9426	0.2179	92141.927	0.2190
824	92133.61779524115	92133.6806	0.2179	92133.674	0.2190
825	92128.97798279028	92129.0408	0.2179	92129.069	0.2200
826	92120.80849101944	92120.8713	0.2178	92120.929	0.2200
827	92095.61009306028	92095.6728	0.2177	92095.645	0.2190
828	92088.22265694196	92088.2854	0.2177	92088.278	0.2190
829	92057.29794044635	92057.3606	0.2176	92057.352	0.2190
830	92053.81282174602	92053.8755	0.2175	92053.869	0.2200
831	92048.12611436666	92048.1888	0.2175	92048.209	0.2190
832	92035.42173208561	92035.4843	0.2175	92035.403	0.2175
833	92030.37396693706	92030.4366	0.2174	92030.461	0.2190
834	92021.70997352926	92021.7726	0.2174	92021.750	0.2180
835	91996.90733184092	91996.9699	0.2173	91996.964	0.2180
837	91982.42470583414	91982.4873	0.2172	91982.512	0.2180
838	91974.99855251583	91975.0612	0.2172	91975.065	0.2190
839	91965.69598783887	91965.7585	0.2171	91965.780	0.2190
840	91960.97496241212	91961.0375	0.2171	91961.044	0.2180
841	91956.98980998754	91957.0523	0.2171	91957.120	0.2180
843	91945.49048450605	91945.553	0.2171	91945.625	0.2180
844	91928.31477299216	91928.3773	0.2170	91928.329	0.2180
845	91901.20362064827	91901.2661	0.2169	91901.267	0.2169
846	91887.78791111964	91887.8503	0.2168	91887.873	0.2180
847	91881.93137759695	91881.9938	0.2168	91881.972	0.2180
848	91863.48179953828	91863.5442	0.2167	91863.571	0.2180
849	91856.11611317033	91856.1785	0.2167	91856.121	0.2180
850	91837.58172722983	91837.6441	0.2166	91837.563	0.2180
851	91833.00848508041	91833.0709	0.2165	91833.068	0.2165
852	91813.29113258068	91813.3534	0.2165	91813.385	0.2180
853	91801.07861296157	91801.1409	0.2539	91801.133	0.2550
854	91788.23246490666	91788.2948	0.2163	91788.280	0.2170
855	91779.22430752165	91779.2866	0.2163	91779.279	0.2170
856	91756.23005179048	91756.2924	0.2539	91756.236	0.2630
857	91749.78186850081	91749.8441	0.2162	91749.831	0.2180
858	91742.6083474365	91742.6705	0.2161	91742.687	0.2170
859	91712.31412536209	91712.3763	0.2539	91712.366	0.2539
860	91698.01604657553	91698.0782	0.2159	91698.035	0.2170
862	91680.97729664289	91681.0395	0.2159	91681.053	0.2360
863	91672.57458074848	91672.6367	0.2158	91672.642	0.2170
864	91669.42772705882	91669.4898	0.2158	91669.552	0.2170
865	91655.08823773066	91655.1503	0.2158	91655.153	0.2170
867	91634.41113581647	91634.4732	0.2539	91634.432	0.3160
868	91622.9098103711	91622.9719	0.5638	91622.956	0.5800
869	91618.98319672726	91619.0453	0.2156	91619.001	0.2156
870	91612.41436109824	91612.4765	0.2156	91612.462	0.2170
871	91602.28255408054	91602.3446	0.2155	91602.315	0.2155
872	91576.51010797471	91576.5721	0.2154	91576.545	0.2170
873	91572.4047761378	91572.4668	0.2154	91572.470	0.2170
874	91549.87455393362	91549.9366	0.4306	91549.958	0.4320
875	91547.82654621039	91547.8885	0.4305	91547.835	0.4305
876	91534.78395259625	91534.846	0.2152	91534.862	0.2160
877	91530.77128414904	91530.8333	0.2539	91530.815	0.2840
878	91498.82500993721	91498.8869	0.2151	91498.774	0.2170
879	91475.8148372054	91475.8767	0.2150	91475.900	0.2160
880	91470.12085734576	91470.1828	0.2149	91470.192	0.2160
881	91447.7105734413	91447.7724	0.2148	91447.723	0.2148
882	91441.01666091572	91441.0785	0.2148	91441.108	0.2148
883	91418.52443906639	91418.5862	0.2147	91418.530	0.2250
884	91402.81907626316	91402.8809	0.2146	91402.829	0.2170
885	91386.38646973859	91386.4483	0.2146	91386.418	0.2160
886	91367.09364068846	91367.1553	0.2145	91367.161	0.2160
887	91354.49148299299	91354.5532	0.2144	91354.564	0.2160
888	91343.62211139707	91343.6838	0.2144	91343.649	0.2160
889	91338.20851857544	91338.2702	0.2143	91338.258	0.2150
890	91334.38642644434	91334.4481	0.2143	91334.421	0.2150
891	91330.20364856097	91330.2653	0.2143	91330.213	0.2150
892	91290.60155596076	91290.6632	0.2141	91290.666	0.2160
893	91281.42135761499	91281.483	0.2141	91281.469	0.2340
894	91275.28270431407	91275.3443	0.2539	91275.345	0.2570
895	91260.37657838642	91260.4382	0.2140	91260.381	0.2150
896	91252.87953233403	91252.9411	0.2140	91252.946	0.2150
897	91234.20973546337	91234.2713	0.7148	91234.238	0.7360
898	91230.80230306515	91230.8638	0.2139	91230.784	0.2160
899	91210.31995493852	91210.3815	0.5590	91210.392	0.6030
900	91180.07721940528	91180.1387	0.2539	91180.104	0.2560
902	91145.40360279713	91145.465	0.2135	91145.451	0.2150
903	91108.29215771244	91108.3536	0.2133	91108.350	0.2150
904	91077.41098171583	91077.4723	0.2132	91077.511	0.2140
905	91061.08822589737	91061.1495	0.2131	91061.149	0.2140
906	91054.51767593781	91054.579	0.2131	91054.602	0.2140
907	91050.12124555175	91050.1825	0.2131	91050.209	0.2150
908	91032.71773111282	91032.779	0.2130	91032.810	0.2140
909	91027.18694659855	91027.2482	0.2539	91027.161	0.2560
910	91013.77433781998	91013.8356	0.2129	91013.843	0.2150
911	90993.39043105395	90993.4516	0.2128	90993.428	0.2140
912	90988.09116540472	90988.1524	0.2128	90988.160	0.2140
913	90959.6088099242	90959.67	0.2127	90959.699	0.2140
914	90950.01093510138	90950.0721	0.2126	90950.103	0.2140
915	90942.49501549722	90942.5562	0.2126	90942.518	0.2150
916	90925.38504138775	90925.4461	0.2125	90925.371	0.2150
917	90917.8309420011	90917.892	0.2125	90917.903	0.2140
918	90876.97236329496	90876.6935	0.2123	90876.592	0.2150
919	90866.56958087388	90866.2907	0.2122	90866.310	0.2130
920	90863.99365444147	90863.7148	0.2539	90863.766	0.2590
921	90853.50302305662	90853.2242	0.2122	90853.271	0.2130
923	90772.10449506604	90771.8262	0.2118	90771.840	0.2130
924	90764.10944929013	90763.8311	0.2118	90763.810	0.2130
925	90749.11486788797	90748.8367	0.2117	90748.783	0.2130
926	90711.82021520488	90711.5423	0.2116	90711.538	0.2130
927	90698.32442053845	90698.0465	0.2115	90697.896	0.2130
928	90666.91658193599	90666.6389	0.7000	90666.636	0.7000
929	90658.97291098117	90658.6953	0.2113	90658.717	0.2140
930	90649.50220503044	90649.2246	0.2113	90649.226	0.2120
931	90646.61654698156	90646.339	0.2113	90646.319	0.2120
932	90632.72593529198	90632.4484	0.2112	90632.414	0.2130
933	90616.39996254671	90616.1226	0.5520	90616.127	0.5780
934	90612.11806659952	90611.8408	0.2111	90611.845	0.2130
935	90607.60875982874	90607.3315	0.2111	90607.310	0.2470
936	90597.77851903395	90597.5013	0.2111	90597.471	0.2120
937	90565.51091959153	90565.2339	0.2109	90565.220	0.2130
938	90547.80308959085	90547.5262	0.2108	90547.425	0.2120
939	90536.67369959228	90536.3968	0.2108	90536.379	0.2120
940	90520.5958013368	90520.319	0.2107	90520.254	0.2120
941	90510.5984640808	90510.3218	0.2107	90510.256	0.2130
943	90466.12144653586	90465.845	0.2105	90465.867	0.2120
944	90457.47692431323	90457.2005	0.2104	90457.201	0.2120
946	90419.01188061073	90418.7358	0.2103	90418.714	0.2110
947	90411.00506207535	90410.729	0.2102	90410.766	0.2120
948	90395.31007339052	90395.0341	0.2102	90394.950	0.2120
949	90390.49759030768	90390.2216	0.2101	90390.169	0.2120
950	90388.02693610036	90387.7509	0.4202	90387.748	0.4250
951	90381.36762008375	90381.0917	0.2101	90381.124	0.2110
952	90369.5906953601	90369.3149	0.2100	90369.284	0.2110
953	90354.22026625239	90353.9446	0.2100	90353.943	0.2110
954	90338.48812604479	90338.2124	0.2099	90338.219	0.2110
956	90290.51127782367	90290.2359	0.2097	90290.250	0.2120
957	90262.40109891303	90262.1259	0.4191	90262.124	0.4200
958	90259.97457747013	90259.6994	0.2539	90259.609	0.2560
959	90252.88226188131	90252.6072	0.2095	90252.586	0.2110
960	90243.32475280667	90243.0497	0.2095	90243.084	0.2110
961	90199.97308032373	90199.6983	0.2093	90199.663	0.2100
962	90194.99551957152	90194.7207	0.2093	90194.687	0.2190
963	90186.20449132635	90185.9298	0.2092	90185.883	0.2120
965	90170.41874191353	90170.1441	0.2092	90170.118	0.2100
966	90158.6259815174	90158.3514	0.2091	90158.292	0.2110
967	90128.81272636204	90128.5383	0.2090	90128.572	0.2100
968	90106.22668306642	90105.9525	0.2089	90105.936	0.2089
969	90083.42127042018	90083.1472	0.2088	90083.121	0.2100
970	90076.11950589369	90075.8454	0.2088	90075.832	0.2100
971	90047.90330963812	90047.6294	0.2086	90047.621	0.2100
972	90036.88739161454	90036.6136	0.2086	90036.660	0.2110
973	90017.27906046889	90017.0054	0.2085	90016.965	0.2240
974	90006.1791232991	90005.9055	0.2084	90005.899	0.2090
976	89994.90379739655	89994.6302	0.2084	89994.248	0.2120
977	89978.79516680064	89978.5217	0.2083	89978.548	0.2090
978	89970.52093345215	89970.2475	0.2083	89970.253	0.2090
979	89965.372413627	89965.099	0.2083	89965.130	0.2100
980	89952.80649985853	89952.5332	0.2082	89952.450	0.2110
982	89935.99006604392	89935.7169	0.2081	89935.735	0.2090
983	89924.00859066885	89923.7355	0.2081	89923.749	0.2090
984	89914.9748626788	89914.7018	0.2080	89914.707	0.2100
985	89906.39362956674	89906.1206	0.2080	89906.060	0.2090
986	89895.71268171082	89895.4397	0.2080	89895.467	0.2090
987	89883.68882307892	89883.4159	0.2079	89883.441	0.2090
988	89881.00938600859	89880.7365	0.2079	89880.758	0.2090
989	89850.09099915977	89849.8183	0.2078	89849.831	0.2090
990	89807.80140698655	89807.529	0.2076	89807.480	0.2090
991	89786.50885160011	89786.2366	0.2075	89786.246	0.2090
992	89748.22319404573	89747.9511	0.2073	89747.860	0.2100
993	89731.492414521	89731.2204	0.2072	89731.273	0.2080
994	89719.80849099292	89719.5366	0.2072	89719.502	0.2080
995	89693.186387887	89692.9147	0.2071	89692.836	0.2100
996	89657.70835040417	89657.4369	0.2069	89657.489	0.2080
997	89651.60297582405	89651.3315	0.2069	89651.233	0.2090
998	89640.1958852043	89639.9245	0.2068	89639.932	0.2080
999	89627.81244472154	89627.5411	0.2068	89627.550	0.2080
1000	89594.58515287608	89594.3141	0.2066	89594.312	0.2090
1001	89584.52598715677	89584.2549	0.2066	89583.851	0.2100
1002	89575.08404004469	89574.813	0.2539	89574.828	0.2550
1003	89564.31418064618	89564.0433	0.2065	89564.021	0.2100
1004	89551.09351486531	89550.8226	0.2065	89550.750	0.2090
1005	89507.09055071088	89506.82	0.2063	89506.860	0.2080
1006	89485.47478284147	89485.2043	0.2539	89485.243	0.2550
1007	89461.2012304582	89460.9309	0.2061	89460.898	0.2070
1008	89453.11183271978	89452.8415	0.2060	89452.880	0.2070
1009	89447.28685006277	89447.0167	0.2060	89447.008	0.2070
1010	89443.28670957006	89443.0165	0.2060	89443.057	0.2070
1011	89413.82899178742	89413.559	0.2059	89413.536	0.2070
1012	89404.80870724458	89404.5387	0.2058	89404.539	0.2070
1013	89387.61962155979	89387.3497	0.2057	89387.043	0.2120
1014	89361.19546839783	89360.9258	0.5374	89360.936	0.5590
1015	89353.29249412326	89353.0228	0.2056	89352.988	0.2140
1016	89346.27699374092	89346.0074	0.2056	89345.999	0.2070
1017	89327.99118030019	89327.7217	0.2055	89327.753	0.2070
1018	89321.20214716392	89320.9326	0.2055	89320.912	0.2055
1019	89314.72540829942	89314.456	0.2539	89314.451	0.2700
1020	89309.79757627283	89309.5282	0.2054	89309.604	0.2070
1021	89265.2190241365	89264.9499	0.2052	89264.846	0.2070
1022	89261.80298114913	89261.5339	0.2052	89261.538	0.2060
1023	89248.8119067736	89248.5429	0.2051	89248.479	0.2080
1024	89239.72440568627	89239.4554	0.2051	89239.408	0.2080
1025	89229.3927991353	89229.1239	0.2051	89229.110	0.2070
1026	89196.90953504121	89196.6408	0.2049	89196.253	0.2080
1027	89170.10711008294	89169.8385	0.2048	89169.905	0.2060
1028	89126.17703194985	89125.9087	0.2046	89125.886	0.2330
1029	89095.90501881142	89095.6369	0.2045	89095.702	0.2060
1030	89062.81146449206	89062.5436	0.2043	89062.503	0.2060
1031	89043.92706322414	89043.6593	0.2042	89043.592	0.2170
1032	89039.01748661054	89038.7497	0.2042	89038.774	0.2050
1033	88995.91309951023	88995.6456	0.2040	88995.547	0.2070
1034	88991.09398468262	88990.8265	0.2040	88990.914	0.2050
1035	88974.30259479069	88974.0352	0.2039	88974.035	0.2050
1036	88966.87749880762	88966.6102	0.2039	88966.559	0.2050
1038	88915.11768046446	88914.8507	0.2037	88914.896	0.2050
1039	88860.82978399147	88860.4535	0.2035	88860.491	0.2050
1040	88853.98715452697	88853.611	0.2034	88853.546	0.2060
1041	88841.81384225219	88841.4377	0.2034	88841.459	0.2040
1042	88831.62577872373	88831.2498	0.5000	88831.281	0.5140
1043	88818.21790859678	88817.842	0.2033	88817.748	0.2060
1044	88815.08378418302	88814.7079	0.2033	88814.684	0.2050
1045	88799.83220936608	88799.4564	0.5310	88799.442	0.5630
1046	88787.70638948833	88787.3307	0.2031	88787.261	0.2060
1047	88760.82257575486	88760.4472	0.2030	88760.469	0.2050
1048	88746.72242704022	88746.3471	0.2030	88746.344	0.2050
1049	88728.78933814765	88728.4141	0.2029	88728.435	0.2029
1050	88722.71302164136	88722.3379	0.2029	88722.416	0.2060
1051	88702.27488386843	88701.8999	0.2028	88701.919	0.2040
1052	88595.08036419518	88594.7064	0.2023	88594.701	0.2060
1053	88569.71422059825	88569.3404	0.2022	88569.400	0.2040
1054	88512.4099636324	88512.0367	0.2020	88511.967	0.2110
1055	88504.5024753916	88504.1292	0.2019	88504.128	0.2030
1056	88483.59671362756	88483.2236	0.2018	88483.132	0.2170
1058	88444.39196840575	88444.0192	0.2017	88444.057	0.2017
1059	88436.62701914564	88436.2543	0.2016	88436.201	0.2030
1060	88418.28009004338	88417.9075	0.2015	88417.903	0.2220
1061	88395.20711227159	88394.8347	0.2014	88394.828	0.2030
1062	88373.71799117276	88373.3458	0.2014	88373.248	0.2040
1063	88361.17315417454	88360.8011	0.2013	88360.801	0.2030
1064	88341.31845558679	88340.9466	0.2012	88341.001	0.2030
1065	88272.87636166526	88272.5051	0.2009	88272.454	0.2020
1066	88240.08098857518	88239.7099	0.2008	88239.733	0.2020
1067	88223.62703120214	88223.2561	0.2007	88223.206	0.2020
1068	88160.23377874959	88159.8634	0.2004	88159.892	0.2030
1069	88147.50596636233	88147.1357	0.2004	88147.160	0.2020
1070	88125.07507048888	88124.705	0.2003	88124.748	0.2020
1071	88105.4102139298	88105.0403	0.2002	88104.975	0.2030
1072	88084.91745562576	88084.5477	0.2001	88084.468	0.2020
1073	88054.99286737345	88054.6234	0.2000	88054.595	0.2010
1074	88040.97292190869	88040.6035	0.1999	88040.637	0.2010
1075	88033.81631704375	88033.447	0.1999	88033.474	0.2010
1076	87990.68751262428	87990.3185	0.1997	87990.280	0.2010
1077	87985.49559302354	87985.1267	0.1997	87985.040	0.2010
1078	87979.52028692284	87979.1514	0.1997	87979.180	0.2010
1079	87973.27696379433	87972.9082	0.1996	87972.898	0.2010
1080	87962.19835241338	87961.8297	0.1996	87961.841	0.1996
1081	87935.50726761253	87935.1388	0.1995	87935.151	0.2020
1082	87895.56991440413	87895.2017	0.1993	87895.233	0.2000
1083	87888.20828221894	87887.8402	0.1993	87887.877	0.2000
1084	87882.27863193692	87881.9105	0.1992	87881.918	0.2010
1085	87855.61792403883	87855.2501	0.1991	87855.257	0.2000
1086	87818.51113891239	87818.1436	0.1990	87818.096	0.2010
1087	87810.02212689442	87809.6547	0.1989	87809.693	0.2000
1088	87799.56870950299	87799.2013	0.1989	87799.232	0.2110
1089	87789.38477375584	87789.0175	0.1989	87789.029	0.2000
1090	87777.41979390512	87777.0526	0.1988	87777.032	0.2220
1091	87743.30766278873	87742.9408	0.1987	87742.992	0.1987
1092	87733.08359598916	87732.7168	0.1986	87732.678	0.2000
1093	87705.90725872606	87705.5407	0.1985	87705.500	0.2010
1094	87687.51932189731	87687.1529	0.1984	87687.113	0.2020
1095	87630.37553975303	87630.0096	0.1982	87630.037	0.2010
1096	87622.29925986643	87621.9334	0.1981	87621.988	0.1990
1097	87610.22928877849	87609.8635	0.1981	87609.872	0.2260
1098	87606.71002541154	87606.3443	0.1981	87606.337	0.1990
1099	87588.90862161285	87588.543	0.1980	87588.484	0.2010
1100	87581.39745642373	87581.032	0.1980	87581.048	0.1990
1101	87575.79801801169	87575.4325	0.1979	87575.329	0.2000
1102	87564.77111672238	87564.4057	0.1979	87564.444	0.2000
1103	87512.79921010791	87512.4342	0.1977	87512.402	0.1990
1104	87505.29626198037	87504.9314	0.1976	87504.958	0.1990
1107	87470.39449507522	87470.0299	0.1975	87470.033	0.1975
1108	87462.89613123296	87462.5316	0.1975	87462.475	0.2010
1109	87425.11286749247	87424.7487	0.5000	87424.378	0.5010
1110	87417.4009361116	87417.0367	0.1973	87416.973	0.2000
1112	87357.16790986549	87356.8042	0.1970	87356.841	0.1980
1114	87301.48509853556	87301.1219	0.1968	87301.068	0.2000
1115	87270.00683228367	87269.6439	0.1966	87269.588	0.2080
1116	87255.47882766629	87255.116	0.1966	87255.074	0.1980
1117	87233.69830944043	87233.3357	0.1965	87233.253	0.1990
1118	87214.38285066938	87214.0204	0.1964	87214.008	0.1970
1119	87209.89075985739	87209.5284	0.1964	87209.449	0.1980
1120	87205.48378720006	87205.1214	0.1964	87205.152	0.1980
1121	87097.6972981877	87097.2231	0.1959	87097.141	0.1980
1122	87070.61404080053	87070.1401	0.5114	87070.058	0.5120
1123	87044.61654235047	87044.1429	0.1957	87044.086	0.1990
1124	87033.79530474148	87033.3218	0.1956	87033.340	0.1956
1125	87018.58078209178	87018.1075	0.1956	87018.159	0.1970
1126	86976.19104498722	86975.7181	0.1954	86975.688	0.1970
1127	86959.83110912243	86959.3584	0.1953	86959.411	0.1990
1128	86917.38162119592	86916.9094	0.1952	86916.842	0.1980
1129	86884.29646298687	86883.8246	0.1950	86883.884	0.1960
1130	86845.20563264805	86844.7342	0.1948	86844.752	0.1960
1131	86840.99073863443	86840.5193	0.1948	86840.433	0.1970
1132	86826.80639850815	86826.3352	0.1948	86826.339	0.1960
1133	86815.88725402931	86815.4162	0.1947	86815.371	0.1970
1134	86811.42131005597	86810.9502	0.1947	86810.923	0.1960
1135	86779.41038190442	86778.9397	0.1946	86778.901	0.1970
1136	86670.42169806043	86669.9522	0.1941	86669.890	0.1960
1137	86648.28714685504	86647.8178	0.1940	86647.738	0.2280
1138	86615.62094639432	86615.1519	0.1939	86614.800	0.1970
1139	86602.2036852563	86601.7349	0.1938	86601.811	0.1950
1140	86532.50796333064	86532.0399	0.1935	86532.023	0.1950
1141	86524.11718727442	86523.6492	0.1935	86523.644	0.1960
1142	86514.82861743284	86514.3607	0.1935	86514.294	0.1960
1143	86474.51300849492	86474.0456	0.1933	86474.007	0.1950
1144	86409.59141265575	86409.1247	0.1930	86409.107	0.1950
1146	86358.48107998873	86358.0149	0.1928	86357.920	0.1960
1147	86339.22169877849	86338.7557	0.5033	86338.702	0.5040
1148	86290.88802383615	86290.4226	0.1925	86290.469	0.1940
1149	86244.29604822659	86243.8311	0.1923	86243.819	0.1940
1150	86220.41561148361	86219.9509	0.1922	86219.896	0.1950
1151	86176.50767139635	86176.0435	0.1920	86176.089	0.1930
1152	86153.62881299866	86153.1648	0.1919	86153.155	0.1940
1153	86145.91678560396	86145.4529	0.1919	86145.430	0.1940
1154	86140.67249869602	86140.2087	0.1919	86140.171	0.1940
1155	86098.5201088595	86098.0567	0.1917	86098.028	0.1930
1156	86093.19623128421	86092.7329	0.1917	86092.612	0.1940
1159	85862.02722541911	85862.0272	0.6500	85862.107	0.6500
1160	85804.07488900545	85804.0749	0.5000	85803.988	0.5010
1161	85704.19812015604	85704.1981	0.1901	85704.172	0.1920
1167	85076.697796448	85076.343	0.1875	85076.318	0.1890
1168	85073.21478049719	85072.86	0.1875	85072.892	0.1890
1169	85060.19809744878	85059.8434	0.1874	85059.819	0.1900
1170	84994.40484141289	84994.0507	0.1871	84993.983	0.1900
1171	84897.87327109692	84897.52	0.3735	84897.467	0.3750
1172	84896.07203738969	84895.7187	0.3735	84895.734	0.3735
1174	84879.5709754716	84879.2178	0.1867	84879.251	0.1880
1175	84849.88918940189	84849.5363	0.1865	84849.628	0.1880
1176	84764.50756635655	84764.1554	0.1862	84764.157	0.1880
1177	84761.12285140691	84760.7707	0.1862	84760.669	0.1910
1179	84616.40000805525	84616.049	0.1856	84615.618	0.1910
1180	84612.97579136555	84612.6249	0.1856	84612.578	0.1880
1182	84571.97364768786	84571.623	0.4839	84571.572	0.4850
1183	84555.50847556801	84555.158	0.1853	84555.170	0.1860
1184	84545.58410494875	84545.2337	0.1853	84545.202	0.1870
1186	84477.21680430092	84476.867	0.1850	84476.762	0.1880
1188	84402.00223284728	84401.653	0.1847	84401.709	0.1900
1190	84341.07910625264	84340.7304	0.1845	84340.704	0.1860
1191	84233.50582910521	84233.158	0.1840	84233.071	0.1850
1192	84216.3277280478	84215.98	0.1840	84215.934	0.1850
1193	84212.63579228868	84212.2882	0.1839	84212.269	0.1850
1194	84204.21026892956	84203.8627	0.1839	84203.848	0.1850
1195	84131.02383157586	84130.6768	0.1836	84130.675	0.1850
1198	84024.29539765173	84023.9493	0.1832	84023.962	0.1840
1200	83889.30650966638	83888.9615	0.1826	83888.900	0.1826
1202	83836.78203237744	83836.4375	0.1824	83836.330	0.1860
1203	83730.3696720153	83730.026	0.1820	83729.997	0.1850
1204	83633.58514539726	83633.2422	0.1816	83633.236	0.1840
1205	83576.19450056239	83575.8521	0.1814	83575.808	0.1820
1206	83549.67130405718	83549.3291	0.1812	83549.300	0.1970
1207	83542.27215964049	83541.9301	0.1812	83541.852	0.1840
1208	83506.97188782794	83506.6301	0.1811	83506.617	0.1830
1209	83501.1006473218	83500.7588	0.1811	83500.703	0.1840
1210	83496.78538190502	83496.4437	0.1810	83496.394	0.1820
1212	83444.67469110375	83444.3334	0.1808	83444.221	0.1850
1215	83323.60826248789	83323.5603	0.1803	83323.562	0.1820
1216	83319.22597665204	83319.178	0.6201	83318.743	0.6220
1217	83315.69876992477	83315.6508	0.5000	83315.229	0.5030
1218	83294.11058982855	83294.0626	0.1802	83293.946	0.1840
1219	83272.32454478808	83272.2765	0.1801	83272.273	0.1830
1220	83194.76264798323	83194.7147	0.1798	83194.733	0.1810
1221	83167.77306883688	83167.7253	0.1797	83167.684	0.1810
1223	83159.03100538101	83158.9832	0.1797	83158.979	0.1830
1226	83121.79213598516	83121.7443	0.4684	83121.328	0.4700
1227	83118.19711411321	83118.1493	0.4683	83118.130	0.4690
1228	83107.12937731012	83107.0816	0.1795	83106.963	0.1810
1229	83094.58301770581	83094.5352	0.1794	83094.495	0.1820
1231	83056.48536823096	83056.4377	0.1793	83056.361	0.1820
1232	83051.09865734098	83051.051	0.1792	83051.018	0.1820
1233	83021.22891075783	83021.1812	0.4673	83021.126	0.4680
1236	82941.09395213112	82941.0464	0.4664	82941.078	0.4670
1238	82762.81471317468	82762.7673	0.1781	82762.674	0.1790
1239	82729.76653531461	82729.7192	0.2539	82729.609	0.2560
1244	82608.30528918524	82608.2581	0.1775	82608.632	0.1840
1245	82568.81018199942	82568.763	0.1773	82568.609	0.1810
1247	82508.39110146425	82508.344	0.1771	82508.356	0.1790
1248	82504.62934954636	82504.5822	0.1771	82504.577	0.1780
1249	82489.80432132006	82489.7572	0.1770	82489.698	0.1790
1250	82334.20529114065	82334.1584	0.1764	82334.065	0.2180
1251	82237.10866083979	82237.0619	0.1760	82236.932	0.1790
1253	82157.87235179478	82157.8257	0.1757	82157.841	0.1780
1254	82137.33102089485	82137.2843	0.1756	82137.228	0.1780
1256	82074.63451531377	82074.5879	0.1754	82074.598	0.1760
1257	82065.89586462833	82065.8493	0.1753	82065.860	0.1760
1258	82020.4719004522	82020.4254	0.1751	82020.345	0.1960
1259	82000.8137784272	82000.7673	0.1751	82000.777	0.1760
1260	81968.89504296522	81968.8485	0.1749	81968.751	0.1780
1261	81948.48100568367	81948.4345	0.1749	81948.384	0.1770
1262	81940.48739443008	81940.441	0.1748	81940.350	0.1790
1263	81821.48411280988	81821.4378	0.1744	81821.446	0.1750
1264	81818.72225971126	81818.676	0.1743	81818.614	0.1770
1265	81799.7942929187	81799.748	0.1743	81799.675	0.1760
1268	81698.33126936172	81698.2851	0.1739	81698.228	0.1760
1269	81428.78748320631	81429.0737	0.1728	81428.990	0.1760
1270	81392.79547012702	81393.0814	0.3453	81392.923	0.3470
1274	81087.09016179322	81087.374	0.1715	81087.358	0.1730
1275	81065.31963601298	81065.6032	0.1714	81065.646	0.1730
1276	81045.88664538828	81046.1701	0.2539	81046.143	0.2550
1277	81027.41941532436	81027.7028	0.1712	81027.646	0.1720
1278	81014.2233375567	81014.5066	0.1712	81014.459	0.1720
1279	81002.21700163426	81002.5002	0.1711	81002.507	0.1730
1280	80994.68563957674	80994.9688	0.1711	80994.982	0.1720
1283	80867.1682506287	80867.4506	0.1706	80867.459	0.1720
1285	80774.99126077937	80775.2729	0.1703	80775.141	0.1750
1286	80679.82852347603	80680.1095	0.1699	80680.220	0.1710
1287	80578.41699522753	80578.6972	0.4418	80578.940	0.4560
1288	80472.08690843688	80472.3664	0.1691	80472.342	0.1700
1289	80342.63198626786	80342.9106	0.1686	80342.934	0.1686
1290	80287.69070272322	80287.9689	0.1684	80287.712	0.1890
1292	80062.43452454891	80062.7112	0.1675	80062.817	0.1690
1295	79812.48051915156	79812.6595	0.2539	79812.659	0.2560
1296	79686.68004995096	79686.8585	0.1661	79686.890	0.1680
1297	79670.99335442549	79671.1718	0.1660	79671.169	0.1690
1298	79651.58015183525	79651.7585	0.1659	79651.760	0.1659
1299	79594.89559599163	79595.0736	0.1657	79595.014	0.1870
1301	79495.30016997036	79495.4778	0.6000	79495.461	0.6010
1302	79447.03471283363	79447.2121	0.1652	79447.247	0.1670
1305	79381.01329182438	79381.1904	0.1649	79381.214	0.1660
1306	79302.70512826125	79302.8818	0.1646	79302.891	0.1660
1307	79247.40233843001	79247.5788	0.1644	79247.581	0.1660
1309	79159.39324982838	79159.5693	0.1641	79159.536	0.1660
1310	79145.91475326457	79146.0908	0.1640	79146.011	0.1660
1312	79029.70352149126	79029.879	0.2539	79029.821	0.2640
1313	79009.17258539116	79009.348	0.1635	79009.365	0.1760
1316	78877.83757814919	78878.0125	0.1630	78877.965	0.1650
1317	78859.12106102619	78859.2959	0.1629	78859.335	0.1640
1318	78813.434478126	78813.6091	0.1628	78813.635	0.1628
1319	78787.80172347443	78787.9762	0.1627	78788.018	0.1640
1320	78780.79171013323	78780.9661	0.1626	78780.992	0.1900
1321	78771.22296079338	78771.3974	0.1626	78771.407	0.1640
1322	78626.91615544069	78627.0899	0.1621	78627.179	0.1630
1324	78573.7214741169	78573.895	0.1619	78574.000	0.1630
1325	78565.70325753238	78565.8768	0.1618	78565.875	0.1618
1326	78560.70364628707	78560.8771	0.1618	78560.846	0.1640
1327	78532.31817135359	78532.4915	0.1617	78532.437	0.1660
1328	78436.0347861962	78436.2077	0.1613	78435.940	0.1850
1330	78349.81981195626	78349.8679	0.1610	78349.920	0.1620
1331	78332.32608181161	78332.3742	0.4191	78332.103	0.4200
1333	78312.39936331025	78312.4474	0.1609	78312.563	0.1620
1338	77880.21819377536	77880.2657	0.1593	77880.282	0.1620
1341	77704.0015716601	77704.0489	0.1586	77703.958	0.1640
1343	77579.58472571927	77579.6318	0.1581	77579.720	0.1600
1344	77530.38408929449	77530.4312	0.1580	77530.457	0.1590
1345	77453.09588641573	77453.1429	0.2539	77453.028	0.2570
1346	77395.6755458509	77395.7224	0.1575	77395.741	0.1790
1348	77334.79666824827	77334.8436	0.1572	77334.886	0.1580
1349	77277.18876711607	77277.2356	0.1570	77277.077	0.1830
1350	77273.60137805337	77273.6482	0.1570	77273.667	0.1580
1351	77252.52156656503	77252.5684	0.1569	77252.560	0.1580
1353	77191.88731437385	77191.934	0.1567	77191.897	0.1600
1354	77051.80940566245	77051.8559	0.1562	77051.949	0.1570
1359	76970.86895884176	76970.9154	0.1559	76970.843	0.1590
1360	76958.18644744565	76958.2328	0.1559	76958.160	0.1590
1362	76906.21238240539	76906.2111	0.1557	76905.975	0.1770
1363	76886.5891562809	76886.5879	0.1556	76886.482	0.1600
1364	76763.8854850217	76763.8842	0.1551	76763.779	0.1600
1366	76748.27623045433	76748.2749	0.1551	76748.281	0.1570
1367	76716.48036107804	76716.4791	0.1550	76716.558	0.1560
1368	76591.79105869353	76591.7898	0.1545	76591.792	0.1640
1369	76583.1050884688	76583.1038	0.1545	76583.019	0.1590
1370	76576.00809607327	76576.0068	0.1545	76575.938	0.1570
1371	76545.07176947924	76545.0705	0.1543	76545.190	0.1560
1373	76438.91829058208	76438.917	0.1540	76438.849	0.1580
1374	76418.89150623391	76418.8902	0.1539	76418.793	0.1610
1375	76345.72018623241	76345.719	0.3996	76345.677	0.4010
1376	76335.81462496241	76335.8134	0.1536	76335.753	0.1550
1377	76317.9945145257	76317.9933	0.1535	76317.919	0.1580
1379	76279.28491023564	76279.2837	0.3990	76279.386	0.4000
1380	76199.99817641656	76199.997	0.1531	76199.938	0.1550
1382	76130.27606451687	76130.2749	0.1528	76130.325	0.1540
1383	76127.71343682536	76127.7122	0.1528	76127.652	0.1560
1384	76095.61857701319	76095.6174	0.1527	76095.529	0.1560
1385	76070.32138065565	76070.3202	0.1526	76070.259	0.1770
1386	76011.18251892242	76011.1813	0.1524	76011.060	0.1570
1387	75972.60093095066	75972.5997	0.1523	75972.517	0.1580
1388	75946.361327278	75946.3601	0.1522	75946.241	0.1570
1389	75769.28913668396	75769.2879	0.1515	75769.210	0.1770
1390	75766.52255203122	75766.5214	0.1515	75766.472	0.1540
1391	75670.43019814705	75670.429	0.1512	75670.394	0.1540
1392	75621.44305478802	75621.4419	0.1510	75621.512	0.1520
1394	75462.87763420535	75462.732	0.1504	75462.656	0.1560
1395	75289.4766798712	75289.3317	0.1498	75289.288	0.1510
1396	75275.58782264178	75275.4429	0.1498	75275.293	0.1710
1397	75218.57450908981	75218.4298	0.3000	75218.664	0.3100
1398	75132.3203319287	75132.1759	0.1493	75132.132	0.1530
1399	75103.8235528159	75103.6794	0.1492	75103.614	0.1750
1400	75054.83516876581	75054.6911	0.1490	75054.444	0.1740
1403	74907.31590848733	74907.1724	0.1485	74907.315	0.1540
1404	74898.83735011506	74898.6939	0.1484	74898.614	0.1520
1407	74693.19823870742	74693.0555	0.1477	74693.026	0.1520
1409	74468.20301226884	74468.0612	0.1469	74468.015	0.1510
1411	74365.80642198797	74365.665	0.1465	74365.731	0.1480
1414	74230.11709610329	74229.9762	0.1461	74230.033	0.1700
1416	74210.78989847354	74210.6491	0.1460	74210.582	0.1520
1418	74110.62713516346	74110.4866	0.1456	74110.392	0.1500
1419	74095.03090972957	74094.8905	0.1456	74094.907	0.1510
1420	74088.33299786698	74088.1926	0.1456	74088.083	0.1560
1423	74024.43866600074	74024.194	0.1453	74024.161	0.1500
1424	73936.54010290923	73936.296	0.1450	73936.047	0.1700
1426	73910.53093025535	73910.287	0.1449	73910.254	0.1500
1429	73855.40567276598	73855.1621	0.1447	73855.307	0.1510
1431	73789.08783858546	73788.8447	0.1445	73788.818	0.1460
1435	73625.07698308228	73624.835	0.1439	73624.798	0.1500
1437	73579.0827098719	73578.841	0.3735	73578.905	0.3735
1438	73431.51632210724	73431.2755	0.1433	73431.201	0.1530
1439	73415.3597565965	73415.1191	0.1432	73415.128	0.1440
1440	73401.4348612917	73401.1943	0.3718	73401.184	0.3718
1443	73297.50048774369	73297.2606	0.1428	73297.249	0.1540
1444	73293.24390953674	73293.004	0.1428	73293.074	0.1440
1445	73279.12421904423	73278.8844	0.1427	73278.808	0.1530
1447	73178.48283837135	73178.2437	0.1424	73178.430	0.1620
1448	73165.68561349763	73165.4466	0.1424	73165.240	0.1620
1451	72985.82207708032	72985.5842	0.1417	72985.754	0.1620
1452	72967.61151832959	72967.3738	0.1417	72967.340	0.1430
1453	72927.76707603993	72927.5296	0.3675	72927.542	0.3675
1456	72783.42738692787	72783.1909	0.1410	72783.155	0.1420
1459	72682.5002400827	72682.2837	0.1407	72682.237	0.1480
1461	72672.72231657383	72672.5058	0.1407	72672.505	0.1450
1462	72633.77907568148	72633.5629	0.1405	72633.526	0.1450
1463	72599.22666939828	72599.0107	0.1404	72598.965	0.1510
1464	72569.37009099127	72569.1542	0.1403	72569.208	0.1650
1465	72548.67736121548	72548.4617	0.1402	72548.473	0.1490
1466	72465.97930815228	72465.7641	0.1400	72465.724	0.1420
1468	72400.33069050244	72400.1158	0.1397	72399.959	0.1620
1469	72387.91425328287	72387.6995	0.1397	72387.643	0.1670
1470	72368.52771656154	72368.313	0.3000	72368.540	0.3100
1471	72364.87603333742	72364.6614	0.1396	72364.627	0.1410
1472	72356.53461792895	72356.32	0.1396	72356.372	0.1440
1473	72348.7972068699	72348.5826	0.1396	72348.425	0.1510
1474	72340.52128688799	72340.3068	0.1395	72340.167	0.1420
1475	72274.8048386674	72274.5907	0.1393	72274.548	0.1410
1477	72264.98981364998	72264.7757	0.1393	72264.741	0.1400
1478	72219.42022403798	72219.2064	0.1391	72219.320	0.1630
1480	72141.59053097472	72141.3772	0.1388	72141.382	0.1400
1483	72057.79239750929	72057.5796	0.1386	72057.362	0.1640
1484	72045.90148493192	72045.6887	0.1385	72045.601	0.1400
1485	72042.31618185826	72042.1035	0.1385	72042.266	0.1590
1489	71953.51875321216	71953.3066	0.1382	71953.392	0.1440
1490	71937.8315119854	71937.6194	0.1382	71937.589	0.1400
1495	71805.49921690744	71805.2879	0.1377	71805.201	0.1480
1496	71796.52262584925	71796.3113	0.1377	71796.501	0.1580
1498	71760.40954567524	71760.1984	0.1376	71760.079	0.1400
1501	71719.39491488336	71719.1841	0.1374	71719.218	0.1390
1502	71713.62619259013	71713.4154	0.1374	71713.425	0.1390
1504	71705.91556674632	71705.7048	0.2539	71705.534	0.2670
1506	71695.69136356145	71695.4807	0.1373	71695.756	0.1400
1510	71650.79306697498	71650.5827	0.1372	71650.495	0.1390
1511	71647.50453923053	71647.2941	0.1372	71647.312	0.1390
1513	71610.4699138218	71610.2597	0.1371	71610.302	0.1390
1515	71570.32519621663	71570.1152	0.1369	71569.977	0.1400
1516	71564.33105739094	71564.1212	0.1369	71564.077	0.1450
1519	71534.90233953846	71534.6925	0.1368	71534.591	0.1390
1520	71499.10014573747	71498.8906	0.1367	71498.949	0.1390
1523	71472.41972040293	71472.2103	0.1366	71472.148	0.1410
1524	71420.40721804588	71420.2523	0.1364	71420.438	0.1580
1526	71406.42812221998	71406.2732	0.1364	71406.341	0.1430
1528	71368.61729844472	71368.4626	0.1362	71368.373	0.1380
1529	71356.96793582104	71356.8133	0.1362	71356.707	0.1380
1530	71338.18075343357	71338.0262	0.1361	71338.224	0.1580
1531	71325.16024888484	71325.0057	0.2722	71324.963	0.2740
1532	71324.28819067363	71324.1337	0.2722	71324.043	0.2740
1533	71320.47614541338	71320.3216	0.1361	71320.377	0.1720
1534	71303.3865396536	71303.2321	0.1360	71303.062	0.1590
1535	71296.21199779114	71296.0576	0.1360	71296.123	0.1380
1537	71280.57014058498	71280.4158	0.1360	71280.295	0.1390
1538	71267.16131112353	71267.0071	0.1359	71266.933	0.1380
1539	71260.0938073914	71259.9396	0.1359	71259.875	0.1430
1540	71245.47659857523	71245.3224	0.1358	71245.232	0.1380
1543	71219.89771727836	71219.7437	0.1357	71219.753	0.1400
1547	71152.3987870788	71152.245	0.1355	71152.302	0.1390
1548	71146.82386661497	71146.6702	0.1355	71146.706	0.1600
1549	71120.17126847719	71120.0177	0.1354	71119.972	0.1370
1551	71062.49844286946	71062.345	0.3500	71062.414	0.3510
1552	71060.07943128902	71059.926	0.2704	71059.918	0.2720
1553	71058.91020975457	71058.7569	0.2704	71058.638	0.2760
1555	71048.71159623834	71048.5583	0.3505	71048.829	0.3550
1556	71044.21768203714	71044.0644	0.1352	71044.202	0.1390
1557	71034.18367309596	71034.0305	0.1351	71034.150	0.1390
1558	71027.57613541691	71027.4229	0.1351	71027.438	0.1370
1559	71011.58507417192	71011.432	0.1351	71011.357	0.1400
1560	70995.29782425554	70995.1447	0.1350	70995.070	0.1470
1561	70948.20113901945	70948.0482	0.1348	70948.214	0.1390
1562	70945.3861945475	70945.2333	0.1348	70945.190	0.1390
1563	70936.68104697361	70936.5282	0.1348	70936.242	0.1470
1564	70931.99743474303	70931.8446	0.3495	70931.824	0.3510
1565	70906.69850758929	70906.5458	0.1347	70906.542	0.1600
1566	70895.43012621852	70895.2775	0.4971	70895.494	0.5030
1567	70889.26494728564	70889.1123	0.1346	70889.257	0.1380
1568	70884.52606099921	70884.3735	0.1346	70884.520	0.1600
1570	70853.03377578588	70852.8813	0.2691	70853.045	0.2700
1571	70851.68951468797	70851.537	0.2690	70851.553	0.2700
1572	70834.97950375977	70834.8271	0.3486	70834.776	0.3650
1573	70830.607434807	70830.455	0.1345	70830.552	0.1590
1574	70825.33345564139	70825.1812	0.1344	70825.039	0.1390
1576	70806.6289934084	70806.4767	0.1344	70806.320	0.1390
1577	70796.86895062815	70796.7168	0.1343	70796.813	0.1580
1579	70780.17959457467	70780.0275	0.5000	70779.998	0.5010
1580	70759.63207539722	70759.48	0.3480	70759.774	0.3600
1581	70753.42564527362	70753.2736	0.1342	70753.346	0.1400
1582	70737.67323550316	70737.5212	0.1341	70737.484	0.1350
1584	70714.50515543012	70714.3533	0.1341	70714.363	0.1380
1588	70627.76284484738	70627.6113	0.1338	70627.653	0.1390
1589	70613.23258686559	70613.0812	0.1337	70613.388	0.1590
1590	70582.63084943492	70582.4795	0.1336	70582.843	0.1510
1591	70567.59707343974	70567.4459	0.1336	70567.359	0.1450
1592	70548.82207952328	70548.6709	0.1335	70548.503	0.1590
1593	70498.13765511064	70497.9868	0.1334	70497.971	0.1350
1594	70473.84178072575	70473.691	0.1333	70473.639	0.1400
1596	70419.01144598097	70418.8608	0.3450	70419.051	0.3520
1597	70405.9798772055	70405.8294	0.1331	70405.743	0.1440
1598	70383.12454735284	70382.9741	0.1330	70383.171	0.1540
1599	70360.00320979887	70359.8529	0.1329	70359.676	0.1560
1600	70349.27026812005	70349.12	0.1329	70349.246	0.1560
1603	70319.58505569994	70319.4349	0.3441	70319.614	0.3560
1605	70287.99842709112	70287.8484	0.1327	70287.788	0.1450
1606	70276.88705292746	70276.7371	0.1326	70276.770	0.1400
1607	70268.43175142615	70268.2818	0.3437	70268.708	0.3510
1609	70254.67277231609	70254.5229	0.1326	70254.890	0.1460
1610	70241.82864310766	70241.6788	0.1325	70241.694	0.1325
1611	70224.67569657897	70224.5259	0.1325	70224.421	0.1450
1612	70186.51664055423	70186.367	0.1323	70186.423	0.1720
1613	70122.92618233844	70122.8391	0.1321	70122.836	0.1370
1615	70049.53710884305	70049.4502	0.1319	70049.693	0.1560
1617	70027.12298284803	70027.0361	0.1318	70026.956	0.1390
1621	69913.98775102249	69913.9012	0.1314	69913.922	0.1570
1622	69903.52110430566	69903.4345	0.1314	69903.545	0.1540
1623	69884.61654519572	69884.53	0.1313	69884.482	0.1430
1625	69876.17774140571	69876.0912	0.1313	69875.921	0.1530
1626	69869.2907414337	69869.2042	0.1313	69869.271	0.1500
1627	69854.14723986547	69854.0608	0.1312	69853.869	0.1570
1628	69846.49866767054	69846.4123	0.2624	69846.110	0.2690
1629	69831.67637551787	69831.59	0.3398	69831.591	0.3410
1631	69738.11570040684	69738.0295	0.1309	69737.876	0.1550
1636	69693.93160911302	69693.8455	0.1307	69693.869	0.1460
1637	69638.9987015825	69638.9128	0.1305	69639.132	0.1550
1639	69547.27418736643	69547.1885	0.1302	69547.173	0.1320
1642	69506.28059765775	69506.195	0.1301	69506.248	0.1350
1643	69504.00447217925	69503.9189	0.1301	69503.928	0.1370
1644	69496.32058099711	69496.235	0.1301	69496.202	0.1530
1645	69472.42140728782	69472.3359	0.3367	69472.117	0.3420
1646	69466.62853120119	69466.543	0.1300	69466.318	0.1610
1647	69448.20504801933	69448.1196	0.1299	69448.054	0.1420
1648	69433.16880576749	69433.0834	0.1299	69433.391	0.1520
1652	69377.5774075621	69377.4921	0.1297	69377.734	0.1520
1654	69344.03253109344	69343.9473	0.1296	69344.054	0.1540
1655	69334.18686750416	69334.1017	0.1296	69334.124	0.1330
1658	69299.82370799007	69299.7386	0.1294	69299.727	0.1420
1660	69268.4286733797	69268.3437	0.3350	69268.307	0.3370
1661	69246.9953934214	69246.9104	0.1293	69247.133	0.1540
1662	69236.20563993786	69236.1207	0.1292	69236.010	0.1340
1663	69225.66950915869	69225.5846	0.3346	69225.481	0.3510
1666	69179.40070370567	69179.3159	0.1291	69179.305	0.1340
1667	69172.60464731322	69172.5198	0.1290	69172.417	0.1420
1668	69164.80592922629	69164.7211	0.3341	69165.013	0.3430
1669	69139.02635042342	69138.9417	0.1289	69138.946	0.1300
1670	69094.1224943112	69094.0379	0.1288	69094.010	0.1570
1672	69062.53112049516	69062.4466	0.1287	69062.406	0.1750
1673	69052.76890434383	69052.6844	0.1287	69052.512	0.1530
1675	69021.9775499747	69021.8931	0.1286	69021.876	0.1360
1677	68946.36322058472	68946.3216	0.1283	68946.219	0.1750
1678	68941.73607626927	68941.6945	0.1283	68941.595	0.1400
1679	68919.8898196405	68919.8482	0.3320	68919.929	0.3350
1680	68908.81788212903	68908.7763	0.1282	68908.860	0.1530
1681	68900.9901273856	68900.9486	0.3318	68901.256	0.3540
1682	68880.81435607097	68880.7729	0.1281	68881.157	0.1460
1683	68870.28878287874	68870.2473	0.3316	68870.145	0.3580
1685	68847.8478697599	68847.8064	0.1280	68847.787	0.1290
1686	68843.55547210434	68843.514	0.1280	68843.557	0.1330
1687	68828.48151749355	68828.44	0.1279	68828.636	0.1560
1689	68818.6774832231	68818.6361	0.3311	68818.716	0.3320
1690	68803.93806401557	68803.8967	0.1279	68803.827	0.1400
1692	68789.75716720012	68789.7158	0.1278	68789.765	0.1530
1693	68778.91057014036	68778.8692	0.1278	68778.960	0.1540
1694	68774.41570392057	68774.3743	0.1278	68774.350	0.1290
1695	68763.24774183739	68763.2063	0.1277	68763.591	0.1420
1696	68747.32243611298	68747.281	0.1277	68747.306	0.1310
1699	68730.56202351714	68730.5207	0.4790	68730.933	0.4840
1700	68700.99568331946	68700.9544	0.1275	68700.811	0.1510
1701	68654.24341677917	68654.2021	0.1274	68654.266	0.1290
1702	68646.51959472631	68646.4784	0.1274	68646.364	0.1320
1708	68610.07524761991	68610.034	0.1272	68610.025	0.1420
1709	68597.27395043135	68597.2328	0.1272	68597.266	0.1530
1710	68592.09380134229	68592.0526	0.1272	68592.151	0.1310
1712	68577.60366414668	68577.5625	0.1271	68577.568	0.1290
1713	68558.22788842936	68558.1868	0.3289	68558.241	0.3550
1714	68554.13693444141	68554.0958	0.1271	68554.432	0.1500
1717	68528.02038324643	68527.9793	0.3286	68527.942	0.3300
1719	68521.07981860999	68521.0387	0.1270	68521.004	0.1340
1720	68508.43915222632	68508.3981	0.1269	68508.280	0.1540
1723	68472.51240546975	68472.4714	0.1268	68472.360	0.1390
1728	68417.41879010636	68417.3778	0.3277	68417.730	0.3390
1729	68398.57038550824	68398.5295	0.1266	68398.621	0.1550
1730	68392.20157626651	68392.1607	0.1265	68392.338	0.1550
1732	68366.71566001172	68366.6748	0.1265	68366.984	0.1530
1734	68337.19351998436	68337.1526	0.1264	68337.549	0.1460
1736	68317.39766948664	68317.3569	0.1263	68317.364	0.1280
1741	68271.40730316115	68271.3665	0.4753	68271.352	0.4760
1744	68253.60704037391	68253.5662	0.1261	68253.544	0.1280
1745	68249.318872099	68249.2781	0.1261	68249.273	0.1320
1747	68213.57410412426	68213.5334	0.5000	68213.676	0.5080
1751	68162.56895873249	68162.5283	0.3256	68162.478	0.3256
1752	68159.21415092428	68159.1735	0.1258	68159.182	0.1280
1754	68147.32166855798	68147.2811	0.1258	68147.465	0.1500
1755	68138.69135264025	68138.6508	0.1257	68138.650	0.1290
1758	68109.3486436352	68109.308	0.1257	68109.436	0.1500
1759	68101.38449838269	68101.3439	0.1256	68101.341	0.1540
1760	68093.31016594122	68093.2696	0.2539	68093.226	0.2550
1764	68049.83942106795	68049.7989	0.1255	68049.900	0.1310
1765	68043.4477582667	68043.4073	0.1254	68043.269	0.1390
1766	68032.43342797016	68032.3929	0.1254	68032.436	0.1300
1767	68025.12345915679	68025.083	0.2539	68025.438	0.2680
1768	68015.12860598549	68015.0881	0.4733	68014.824	0.4780
1772	67969.18580262703	67969.1454	0.1252	67969.280	0.1420
1773	67957.02871923373	67956.9883	0.1252	67957.027	0.1510
1774	67945.53097353241	67945.4906	0.1251	67945.306	0.1470
1778	67919.4701654602	67919.4298	0.1251	67919.407	0.1280
1779	67913.73637401036	67913.696	0.1250	67913.711	0.1260
1781	67881.5161637015	67881.4759	0.1249	67881.499	0.1530
1782	67871.89212126298	67871.8518	0.1249	67871.818	0.1270
1783	67855.49582342313	67855.4555	0.3230	67855.397	0.3260
1789	67770.7903798088	67770.7131	0.1246	67770.465	0.1380
1790	67764.4419279398	67764.3646	0.1246	67764.344	0.1260
1791	67759.81085682548	67759.7336	0.1246	67759.690	0.1270
1792	67738.10232814643	67738.0251	0.1245	67737.877	0.1370
1796	67702.6987556031	67702.6217	0.1244	67702.567	0.1280
1798	67681.61673269872	67681.5396	0.1243	67681.484	0.1280
1800	67675.02027863998	67674.9432	0.1243	67674.966	0.1260
1801	67660.04261302538	67659.9656	0.4705	67660.022	0.4705
1803	67653.50479927554	67653.4278	0.1242	67653.454	0.1500
1804	67647.41566590233	67647.3387	0.1242	67647.349	0.1260
1805	67644.17520994517	67644.0982	0.1242	67644.046	0.1280
1806	67639.03769589562	67638.9607	0.1242	67638.946	0.1370
1807	67634.8855741421	67634.8086	0.1242	67634.535	0.1430
1808	67632.81993268483	67632.7429	0.1242	67632.702	0.1280
1809	67630.71657055189	67630.6396	0.1241	67630.790	0.1490
1810	67620.79677411418	67620.7199	0.1241	67620.872	0.1490
1813	67607.02933090692	67606.9524	0.1241	67607.039	0.1280
1816	67581.49572652488	67581.4188	0.1240	67581.353	0.1280
1817	67574.46854729169	67574.3917	0.1240	67574.404	0.1280
1818	67572.72220669915	67572.6454	0.1240	67572.582	0.1260
1820	67563.3182348282	67563.2414	0.7000	67563.433	0.7040
1821	67543.51373954657	67543.4369	0.1239	67543.295	0.1480
1822	67524.08967632103	67524.013	0.1238	67523.925	0.1280
1823	67520.34052274292	67520.2638	0.1238	67520.287	0.1290
1826	67500.2961193967	67500.2194	0.1237	67500.337	0.1290
1827	67494.1920809426	67494.1154	0.1237	67494.129	0.1280
1828	67489.86937610424	67489.7928	0.1237	67489.766	0.1250
1829	67470.60113666329	67470.5245	0.1236	67470.611	0.1280
1830	67457.40193597571	67457.3253	0.1236	67457.301	0.1280
1832	67449.76550161382	67449.6889	0.1236	67449.625	0.1260
1833	67446.24594399506	67446.1694	0.1236	67446.367	0.1480
1834	67412.70045816324	67412.624	0.1235	67412.833	0.1490
1835	67409.51622264973	67409.4397	0.1235	67409.348	0.1280
1836	67407.7940985463	67407.7176	0.1235	67407.770	0.1500
1837	67403.70306587697	67403.6267	0.1234	67403.595	0.1250
1838	67393.39343265655	67393.317	0.1234	67393.405	0.1270
1839	67383.36355511741	67383.2872	0.1234	67383.323	0.1270
1840	67375.87099830827	67375.7946	0.1234	67375.830	0.1260
1841	67371.91316900482	67371.8368	0.2539	67372.271	0.2640
1842	67355.43601793681	67355.3597	0.1233	67355.272	0.1280
1843	67343.15941419781	67343.0831	0.1233	67343.181	0.1270
1845	67270.39671951954	67270.3206	0.1230	67270.159	0.1370
1847	67257.31698031115	67257.2409	0.1230	67257.253	0.1260
1849	67224.12823559744	67224.0522	0.1229	67223.980	0.1270
1850	67216.81152920908	67216.7355	0.1229	67216.770	0.1240
1852	67201.09549100025	67201.0195	0.1228	67200.836	0.1500
1853	67195.18268007538	67195.1067	0.5000	67195.029	0.5030
1857	67144.78527306502	67144.7094	0.1226	67144.659	0.1310
1861	67113.46954262207	67113.3937	0.3168	67113.503	0.3180
1862	67094.68838714865	67094.6127	0.1225	67094.567	0.1250
1863	67091.84164630421	67091.7659	0.1225	67091.798	0.1280
1864	67075.07037239462	67074.9947	0.1224	67074.903	0.1270
1865	67037.01986586914	67036.9443	0.3162	67036.912	0.3170
1866	67031.77200590985	67031.6964	0.1223	67031.746	0.1490
1867	67008.31643874534	67008.2408	0.2539	67008.117	0.2570
1868	66984.89130015207	66984.8158	0.1221	66984.812	0.1260
1869	66981.42893205972	66981.3534	0.1221	66981.391	0.1470
1870	66952.78185221685	66952.7065	0.1220	66952.782	0.1260
1872	66946.77665075418	66946.7013	0.2441	66946.692	0.2540
1874	66900.96151609281	66900.8862	0.1219	66900.922	0.1260
1878	66867.00016606468	66866.925	0.1218	66867.186	0.1470
1879	66865.17254697644	66865.0973	0.1218	66865.180	0.1260
1881	66833.88753422849	66833.8123	0.1217	66833.857	0.1270
1882	66807.80775381529	66807.7327	0.1216	66807.697	0.1240
1884	66784.56970895035	66784.4947	0.1215	66784.504	0.1510
1885	66767.97993063676	66767.9049	0.1215	66767.853	0.1290
1886	66736.69641679904	66736.6215	0.1214	66736.786	0.1460
1887	66730.46744303468	66730.3925	0.1214	66730.455	0.1250
1890	66677.51075049225	66677.4142	0.2539	66677.825	0.2630
1891	66663.10943702515	66663.0128	0.1212	66662.998	0.1330
1893	66636.68342816053	66636.5869	0.1211	66636.521	0.1700
1894	66626.63864574314	66626.5421	0.2539	66626.877	0.2660
1895	66619.84604530451	66619.7495	0.1210	66619.729	0.1280
1896	66592.2673370069	66592.1709	0.1209	66592.067	0.1240
1898	66558.61658549988	66558.5203	0.1208	66558.461	0.1250
1899	66547.41145478725	66547.3152	0.1208	66547.449	0.1260
1901	66535.06681986651	66534.9706	0.1208	66534.992	0.1460
1902	66514.92003238082	66514.8238	0.2414	66514.893	0.2440
1903	66506.73355985958	66506.6375	0.1207	66506.717	0.1470
1904	66485.56653923528	66485.4704	0.1206	66485.375	0.1330
1905	66477.47639248206	66477.3803	0.1206	66477.505	0.1330
1906	66471.77609904038	66471.6801	0.4612	66472.358	0.4700
1907	66460.10723707516	66460.0112	0.1205	66460.082	0.1240
1909	66454.77035561901	66454.6744	0.1205	66454.644	0.1250
1911	66427.12547429658	66427.0296	0.1204	66426.818	0.1480
1913	66411.02384311217	66410.9279	0.1204	66410.971	0.1460
1915	66365.59004616251	66365.4943	0.1202	66365.474	0.1360
1916	66363.02819753381	66362.9325	0.1202	66362.957	0.1250
1918	66298.61753461586	66298.522	0.1200	66298.731	0.1380
1919	66274.89470085716	66274.7992	0.2539	66275.220	0.2630
1924	66169.33182241734	66169.2366	0.1196	66169.219	0.1280
1925	66138.09248162054	66137.9974	0.1196	66138.022	0.1360
1926	66128.56353273899	66128.4685	0.2539	66128.731	0.2600
1927	66109.92761107857	66109.8326	0.1195	66109.581	0.1340
1928	66107.91889656761	66107.8239	0.1195	66107.784	0.1270
1929	66070.70745247815	66070.6126	0.2539	66070.668	0.2610
1930	66067.5714230244	66067.4765	0.1193	66067.549	0.1270
1932	66011.26877128478	66011.1741	0.4577	66011.115	0.4910
1933	65976.3813511881	65976.2868	0.1191	65976.215	0.1320
1934	65947.18562089062	65947.0911	0.1190	65947.044	0.1230
1935	65939.88094173855	65939.7864	0.2539	65939.626	0.2880
1936	65930.31091536203	65930.2164	0.1189	65930.188	0.1230
1938	65900.41725601756	65900.3229	0.1188	65900.352	0.1310
1942	65859.92228183926	65859.828	0.1187	65859.647	0.1340
1943	65851.86604226037	65851.7717	0.1187	65851.615	0.1220
1944	65847.73389738899	65847.6397	0.1187	65847.608	0.1220
1946	65822.0845054743	65821.9903	0.1186	65821.730	0.1320
1947	65788.17914079723	65788.085	0.1185	65788.209	0.1440
1948	65783.92862396457	65783.8345	0.1185	65783.774	0.1400
1949	65736.0167861677	65735.9229	0.1183	65735.954	0.1250
1951	65692.61710291782	65692.5233	0.3052	65692.371	0.3170
1952	65681.9164747517	65681.8227	0.3051	65682.186	0.3130
1953	65365.83620739247	65365.9554	0.1172	65366.002	0.1210
1955	63721.01211057578	63721.1254	0.1124	63721.117	0.1430
1956	63557.11177251455	63557.2245	0.2883	63556.904	0.3010
1958	63296.90695604782	63297.0188	0.1112	63297.295	0.1360
1959	63286.92883724161	63287.0405	0.1111	63286.995	0.1190
1961	62712.74591297068	62712.8556	0.1095	62712.889	0.1150
1962	62314.38352208058	62314.4918	0.1084	62314.483	0.1090
1964	61938.6034678049	61938.7105	0.1073	61938.820	0.1210
1965	61680.88073015158	61680.9868	0.1066	61681.117	0.1340
1966	61628.64190827901	61628.7479	0.1065	61628.843	0.1110
1967	61539.63106929875	61539.7368	0.1062	61539.455	0.1320
1968	61446.42122279295	61446.5265	0.2724	61446.826	0.2860
1969	61344.16582607335	61344.2708	0.2716	61344.052	0.2760
1971	60677.15138969896	60677.2541	0.1039	60677.182	0.1080
1973	60483.22176279921	60483.3239	0.1034	60483.351	0.1120
1974	60452.8354061478	60452.9374	0.1033	60452.932	0.1070
1975	60342.52501163795	60342.6266	0.1030	60342.555	0.1050
1976	60205.38643182905	60205.4875	0.5000	60205.813	0.5060
1977	60109.19501345287	60109.2958	0.3500	60109.295	0.3510
1978	60055.40629921043	60055.6875	0.1022	60055.706	0.1090
1979	60019.76327087422	60020.0441	0.1021	60019.880	0.1110
1980	60016.87941638246	60017.1602	0.1021	60017.207	0.1070
1981	59959.37478843257	59959.6551	0.1020	59959.655	0.1070
1982	59829.11425248787	59829.3933	0.5000	59829.513	0.5070
1983	59775.9318194055	59776.2104	0.1015	59776.231	0.1110
1984	59749.18658184344	59749.4649	0.1014	59749.458	0.1040
1985	59734.51411971552	59734.7923	0.2600	59734.465	0.2710
1987	59633.84276406185	59634.12	0.1011	59634.396	0.1360
1988	59619.12588498597	59619.403	0.2592	59619.664	0.2630
1990	59494.02408029192	59494.3	0.1007	59494.287	0.1040
1991	59485.8146632912	59486.0906	0.2582	59486.274	0.2820
1992	59386.40689959804	59386.6818	0.1005	59386.629	0.1170
1993	59361.87487137327	59362.1496	0.1004	59362.042	0.1060
1994	59346.01667435237	59346.2913	0.1004	59346.364	0.1290
1995	59315.32066590098	59315.595	0.1003	59315.527	0.1020
1997	59178.60090667099	59178.8739	0.0999	59178.828	0.1030
1998	59111.22426885283	59111.4967	0.3000	59111.732	0.3060
1999	59074.90938771666	59075.1815	0.0997	59075.279	0.1140
2000	59012.81936696965	59013.0909	0.0995	59013.207	0.1400
2001	59000.6734633099	59000.9449	0.0995	59001.010	0.1100
2002	58959.51588581666	58959.7869	0.0994	58959.718	0.1010
2004	58868.9247689331	58869.0948	0.0991	58869.013	0.1010
2005	58843.73926128969	58843.9092	0.0991	58843.854	0.1110
2006	58819.10060684264	58819.2703	0.0990	58819.376	0.1020
2007	58790.60596002836	58790.7756	0.0989	58790.699	0.1160
2008	58745.22277002531	58745.3921	0.0988	58745.325	0.1150
2009	58626.7864231084	58626.955	0.2522	58626.566	0.2600
2010	58591.1263185635	58591.2947	0.0984	58591.291	0.1030
2011	58564.67633815723	58564.8446	0.0983	58564.784	0.1000
2013	58474.78115410695	58474.949	0.0981	58474.887	0.1000
2014	58431.41810073127	58431.5856	0.2509	58431.565	0.2570
2015	58409.23236826358	58409.3998	0.0979	58409.412	0.1110
2017	58382.29697130044	58382.4642	0.2505	58382.191	0.2630
2019	58293.02560522148	58293.1923	0.0976	58293.201	0.1050
2020	58235.96664047031	58236.133	0.0975	58236.024	0.1130
2021	58215.01015634043	58215.1765	0.5000	58214.948	0.5070
2022	58141.5668643271	58141.7327	0.0973	58141.683	0.1000
2023	58138.38710931032	58138.5529	0.0973	58138.604	0.1140
2024	58102.30796214047	58102.4736	0.7000	58102.991	0.7050
2027	58071.63442006244	58071.7998	0.0971	58071.769	0.1000
2029	58016.71938343853	58016.8845	0.0969	58016.848	0.1010
2031	57952.43245666203	57952.6019	0.4042	57953.114	0.4140
2032	57897.37819382511	57897.5472	0.0966	57897.600	0.1060
2034	57860.26242959316	57860.4312	0.0966	57860.380	0.1020
2035	57813.42412621974	57813.5927	0.0964	57813.713	0.1010
2036	57755.32487268063	57755.4931	0.0963	57755.524	0.0990
2037	57752.52322322985	57752.6914	0.0963	57752.704	0.0990
2038	57723.99035289155	57724.1584	0.0962	57724.173	0.1030
2039	57669.16614078623	57669.3338	0.0961	57669.689	0.1160
2040	57611.75582065205	57611.9232	0.5000	57612.053	0.5060
2041	57610.29151518163	57610.4589	0.0959	57610.432	0.1040
2042	57582.2532788383	57582.4205	0.5000	57582.418	0.5030
2044	57570.65087771543	57570.818	0.0958	57570.672	0.1300
2045	57538.32368333387	57538.4907	0.2448	57538.286	0.2580
2046	57505.27457598638	57505.4414	0.0957	57505.485	0.1080
2047	57476.55453012502	57476.7211	0.0956	57476.623	0.1150
2048	57469.41332406102	57469.5799	0.0956	57469.530	0.1020
2049	57455.71055119615	57455.8771	0.0955	57455.901	0.0990
2050	57419.68705712457	57419.8534	0.0954	57419.777	0.1010
2051	57402.87814247869	57403.0443	0.0954	57403.075	0.0990
2053	57359.93603213612	57360.1019	0.0953	57360.028	0.1130
2055	57340.86691252433	57341.0327	0.0953	57341.085	0.1010
2057	57295.78897383974	57295.9545	0.0951	57295.963	0.0990
2058	57291.02537654195	57291.1909	0.2431	57291.085	0.2640
2059	57277.73433755927	57277.8997	0.0951	57277.868	0.0980
2060	57266.39000013815	57266.5554	0.0951	57266.354	0.1270
2061	57209.90646182788	57210.0716	0.0949	57210.025	0.1130
2062	57197.43599052474	57197.601	0.0949	57197.503	0.1000
2063	57170.29899381095	57170.4638	0.0948	57170.649	0.1050
2067	56993.59913966681	56993.6754	0.5000	56993.579	0.5060
2068	56982.19990989475	56982.2761	0.2411	56982.366	0.2480
2069	56965.6114971737	56965.6877	0.0943	56965.683	0.1020
2070	56963.11276147518	56963.189	0.0943	56963.062	0.0990
2071	56876.48208515148	56876.558	0.0941	56876.506	0.0990
2072	56873.86382003579	56873.9397	0.0941	56873.891	0.1020
2074	56841.499775082	56841.5757	0.1880	56841.559	0.1920
2075	56840.20669927051	56840.2826	0.0940	56840.303	0.1050
2077	56801.46749791237	56801.5432	0.2399	56801.185	0.2550
2078	56790.46757256366	56790.5433	0.0939	56790.488	0.0990
2079	56784.23653093212	56784.3122	0.0939	56784.298	0.1020
2081	56732.27965337186	56732.3553	0.0938	56732.401	0.1090
2082	56721.33315017703	56721.4087	0.0937	56721.299	0.0970
2084	56661.74561376261	56661.821	0.2389	56661.271	0.2500
2085	56654.42828409122	56654.5037	0.0936	56654.274	0.0990
2086	56647.62484111532	56647.7001	0.0935	56647.699	0.0990
2087	56639.79876163648	56639.8741	0.5000	56640.150	0.5080
2088	56611.2939001842	56611.3691	0.0935	56611.373	0.0960
2089	56557.43553384189	56557.5106	0.0933	56557.438	0.0960
2092	56527.07043913245	56527.1454	0.0933	56527.084	0.0970
2093	56516.39737055505	56516.4724	0.0932	56516.704	0.1100
2094	56454.81641279913	56454.8912	0.0931	56454.831	0.0990
2099	56429.30052274424	56429.3753	0.0930	56429.343	0.1320
2100	56420.99170592814	56421.0664	0.0930	56421.244	0.1230
2102	56361.61877277228	56361.6934	0.0929	56361.620	0.1010
2104	56289.98498624019	56290.2759	0.2365	56290.397	0.2600
2105	56278.44750912918	56278.7383	0.0927	56278.687	0.1000
2107	56251.94977193163	56252.2403	0.0926	56252.239	0.0960
2108	56229.62162797676	56229.9119	0.0925	56229.889	0.0980
2109	56219.82182880512	56220.112	0.0925	56220.080	0.1040
2110	56210.56797298905	56210.8581	0.0925	56210.829	0.0980
2111	56196.82160113637	56197.1116	0.0925	56197.133	0.1040
2112	56173.14375517888	56173.4335	0.0924	56173.478	0.1270
2113	56160.9734611133	56161.2631	0.0924	56161.175	0.0960
2114	56149.39802235794	56149.6875	0.3941	56149.890	0.3980
2115	56012.04897353707	56012.337	0.0920	56012.318	0.0970
2116	55994.6427127814	55994.9306	0.0920	55994.943	0.0950
2118	55969.38814721099	55969.6757	0.2344	55970.000	0.2490
2119	55960.83312017966	55961.1206	0.0919	55961.160	0.1050
2120	55954.88809863297	55955.1756	0.0919	55955.082	0.0960
2121	55939.82834229142	55940.1156	0.0918	55939.956	0.0940
2122	55935.60631145349	55935.8936	0.0918	55935.857	0.0960
2123	55913.96726481908	55914.2543	0.0918	55914.224	0.1020
2124	55893.1172579253	55893.4041	0.0917	55893.370	0.0950
2125	55889.42989992032	55889.7167	0.0917	55889.727	0.0950
2127	55867.32394129573	55867.6105	0.0917	55867.546	0.0950
2129	55863.70543537846	55863.9919	0.0917	55863.939	0.1000
2130	55826.18952871335	55826.4756	0.0916	55826.480	0.0980
2131	55813.22426389062	55813.5103	0.0915	55813.870	0.1250
2132	55805.50200485264	55805.7879	0.5000	55805.800	0.5050
2133	55800.42409120635	55800.71	0.0915	55800.490	0.1110
2134	55785.86186658163	55786.1476	0.0915	55786.005	0.0980
2135	55778.851889774	55779.1376	0.0915	55779.151	0.0990
2137	55756.83441378025	55757.1198	0.0914	55757.121	0.0970
2138	55750.83497448004	55751.1204	0.0914	55751.157	0.1120
2139	55742.19910501088	55742.4844	0.0914	55742.512	0.0950
2141	55722.28999192073	55722.5751	0.2328	55722.309	0.2500
2142	55715.8286680729	55716.1137	0.0913	55716.103	0.0950
2143	55689.77071311094	55690.0554	0.0912	55690.063	0.1040
2144	55687.93481177642	55688.2195	0.0912	55688.177	0.0960
2145	55647.96540559933	55648.2497	0.0911	55648.274	0.0970
2146	55645.67319752061	55645.9575	0.0911	55645.832	0.0950
2149	55572.43962443043	55572.7231	0.0910	55572.760	0.0940
2150	55529.67494086648	55530.0123	0.0909	55530.149	0.1130
2151	55527.72738921433	55528.0648	0.0909	55528.029	0.0950
2152	55519.40571067795	55519.743	0.2539	55519.585	0.2560
2154	55488.17100643276	55488.5079	0.0908	55488.485	0.1030
2155	55484.90436327206	55485.2412	0.0908	55485.115	0.0950
2156	55480.65176451925	55480.9886	0.3906	55481.535	0.4010
2157	55460.03749332522	55460.374	0.3904	55460.849	0.4020
2158	55456.01097590152	55456.3475	0.3904	55456.219	0.4090
2159	55450.84191238229	55451.1783	0.0907	55451.308	0.1230
2160	55421.49736096244	55421.8335	0.0906	55421.782	0.0950
2162	55386.90222796299	55387.2378	0.0905	55387.218	0.0960
2163	55316.58893214478	55316.9237	0.0904	55316.980	0.0990
2164	55312.39644880838	55312.7311	0.0904	55312.742	0.0940
2165	55306.49267224939	55306.8274	0.0903	55306.768	0.0960
2166	55293.94912466969	55294.2836	0.0903	55294.206	0.0940
2167	55262.17695865194	55262.5111	0.0902	55262.517	0.0970
2169	55224.97505305371	55225.3088	0.5000	55225.133	0.5040
2170	55190.8694119315	55191.2027	0.2539	55190.685	0.2830
2171	55176.21743374997	55176.5505	0.0900	55176.462	0.0970
2172	55117.82575966758	55118.1582	0.0899	55118.056	0.0950
2175	55051.40641467947	55051.738	0.0897	55051.760	0.0950
2176	55046.58963226144	55046.9211	0.0897	55046.870	0.0950
2177	55035.07857188945	55035.41	0.0897	55035.494	0.0980
2178	55025.35940541788	55025.6907	0.0897	55025.747	0.1160
2179	55023.62738743157	55023.9587	0.0897	55023.896	0.0950
2183	54966.43435705275	54966.765	0.0895	54966.760	0.0895
2184	54957.28575053093	54957.6163	0.0895	54957.640	0.0920
2185	54936.11858645165	54936.4488	0.4000	54936.463	0.4040
2186	54919.10381273228	54919.4338	0.0894	54919.388	0.0970
2187	54904.83820206106	54905.168	0.0894	54905.262	0.0980
2188	54901.28601547411	54901.6158	0.0894	54901.625	0.0940
2189	54891.30890883895	54891.6386	0.0894	54891.593	0.1300
2190	54869.2660813956	54869.5955	0.0893	54869.556	0.0920
2192	54837.76308424841	54838.0921	0.0892	54837.896	0.0920
2193	54833.4907217319	54833.8197	0.0892	54833.784	0.0950
2194	54828.91839937062	54829.2473	0.0892	54829.217	0.1070
2195	54825.7667290008	54826.0956	0.0892	54825.978	0.0930
2196	54788.06886852293	54788.4431	0.0891	54788.399	0.0930
2197	54770.75554303848	54771.1295	0.0891	54771.141	0.0920
2200	54711.83507632402	54712.2083	0.0890	54712.165	0.0920
2201	54703.24456201451	54703.6177	0.0889	54703.548	0.0950
2202	54698.72784082708	54699.1008	0.0889	54699.139	0.0940
2203	54686.97658647998	54687.3494	0.0889	54687.403	0.0980
2204	54679.19987913647	54679.5726	0.3864	54679.749	0.4040
2205	54665.32813367208	54665.7006	0.2261	54666.072	0.2370
2206	54652.5127171157	54652.8851	0.2260	54652.814	0.2560
2207	54635.52175152889	54635.8939	0.0888	54635.909	0.0910
2208	54627.10658590234	54627.4786	0.2258	54627.507	0.2290
2209	54623.10802841928	54623.48	0.0887	54623.444	0.0930
2210	54618.78415416888	54619.1561	0.0887	54619.132	0.0920
2212	54607.09178857142	54607.4635	0.0887	54607.443	0.0940
2213	54575.29296985814	54575.6643	0.0886	54575.691	0.0990
2215	54551.80219698646	54552.1732	0.0886	54552.126	0.0930
2216	54548.22898050195	54548.5999	0.0886	54548.531	0.0930
2218	54489.40892407174	54489.779	0.0884	54489.777	0.0950
2220	54475.24669217633	54475.6167	0.0884	54475.605	0.0930
2221	54452.26504708358	54452.6346	0.0884	54452.545	0.0930
2222	54447.39975025592	54447.7694	0.0883	54447.659	0.0920
2223	54445.32265330724	54445.6922	0.0883	54445.639	0.0910
2224	54439.92772887941	54440.2972	0.0883	54440.373	0.0950
2225	54434.38951865114	54434.7589	0.4000	54434.767	0.4010
2227	54427.36961717322	54427.7389	0.0883	54427.700	0.0910
2229	54407.4346758617	54407.8037	0.0883	54407.740	0.0990
2230	54401.10339246214	54401.4723	0.0882	54401.471	0.0910
2231	54393.47177335407	54393.8406	0.0882	54393.744	0.0960
2232	54361.20881095419	54361.5772	0.0881	54361.583	0.0930
2233	54343.80861889893	54344.1768	0.0881	54344.234	0.0930
2235	54319.66552432349	54320.0333	0.1761	54320.044	0.1770
2238	54303.14051998125	54303.5081	0.0880	54303.495	0.0900
2239	54296.80441242063	54297.1719	0.0880	54297.117	0.0930
2240	54290.99776917439	54291.3653	0.0880	54291.781	0.1140
2242	54278.0641874734	54278.4315	0.0880	54278.370	0.0920
2243	54265.57465359615	54265.9418	0.2539	54265.910	0.2570
2244	54260.82928037475	54261.1963	0.0879	54261.209	0.0920
2245	54248.88237230653	54249.2493	0.0879	54249.218	0.0960
2246	54242.46870208889	54242.8355	0.0879	54242.764	0.0910
2247	54232.58329554381	54232.95	0.0879	54232.912	0.0910
2250	54201.98298463579	54202.3492	0.0878	54202.265	0.0920
2254	54146.65476822916	54147.0203	0.0877	54146.958	0.0920
2256	54141.4380015473	54141.8034	0.0876	54141.791	0.0930
2257	54136.96017663276	54137.3256	0.0876	54137.321	0.0930
2259	54132.82268147384	54133.188	0.3837	54133.489	0.3900
2262	54102.07540669396	54102.4403	0.0876	54102.452	0.0960
2264	54072.14265548866	54072.5072	0.0875	54072.523	0.0940
2265	54051.1646073689	54051.3688	0.0874	54051.337	0.0890
2266	53998.85388284123	53999.0577	0.0873	53998.989	0.0900
2268	53981.66338030909	53981.867	0.0873	53981.913	0.0910
2270	53958.15793764001	53958.3614	0.0872	53958.275	0.1290
2271	53957.04427843609	53957.2477	0.3000	53957.144	0.3080
2272	53944.59103392019	53944.7944	0.0872	53944.748	0.0890
2274	53932.16990222834	53932.3732	0.1743	53932.357	0.1770
2275	53908.23647085796	53908.4396	0.0871	53908.397	0.0900
2276	53904.95929665804	53905.1624	0.0871	53905.111	0.0920
2278	53890.8960584212	53891.0991	0.0871	53891.142	0.0930
2279	53882.84815419162	53883.0511	0.1741	53882.988	0.1770
2281	53875.128017439	53875.3308	0.0870	53875.284	0.0900
2282	53852.29737157466	53852.5001	0.0870	53852.470	0.1010
2284	53844.1453732986	53844.348	0.0870	53844.343	0.0910
2286	53827.37056565851	53827.5731	0.2539	53827.853	0.2580
2287	53815.57999617	53815.7824	0.0869	53815.769	0.0900
2288	53784.55372277138	53784.7559	0.0868	53784.688	0.0930
2289	53782.87424626985	53783.0763	0.0868	53783.041	0.0900
2290	53772.7193714851	53772.9215	0.2206	53772.942	0.2370
2291	53758.61305553227	53758.8151	0.2539	53758.803	0.2550
2293	53738.1294755104	53738.3313	0.0867	53738.347	0.0940
2294	53733.39665903388	53733.5985	0.0867	53733.590	0.0920
2295	53721.07279761964	53721.2745	0.0867	53721.270	0.0890
2297	53675.59775663934	53675.7991	0.0866	53675.769	0.0900
2298	53668.53682272206	53668.7381	0.0866	53668.570	0.1060
2300	53665.54111030533	53665.7424	0.0866	53665.645	0.0910
2301	53657.57057117759	53657.7718	0.5000	53657.566	0.5070
2302	53644.01000539393	53644.2111	0.3813	53643.861	0.3910
2304	53615.30642477434	53615.5073	0.0865	53615.501	0.0890
2305	53612.63113743526	53612.832	0.0865	53612.783	0.0900
2308	53599.23949057553	53599.4403	0.0864	53599.468	0.0930
2310	53585.42564964014	53585.6263	0.0864	53585.642	0.0950
2311	53571.10306579863	53571.3036	0.0864	53571.302	0.0890
2312	53563.09777955372	53563.2983	0.0863	53563.065	0.1240
2313	53555.43552519297	53555.6359	0.0863	53555.564	0.0900
2314	53545.66278217492	53545.8632	0.0863	53545.863	0.0890
2315	53533.70593973901	53533.9062	0.0863	53533.929	0.0890
2319	53452.32342431125	53452.5231	0.0861	53452.437	0.0900
2321	53397.78233148078	53397.9816	0.0860	53397.982	0.0920
2323	53377.91347378551	53378.1126	0.0859	53378.109	0.0920
2324	53376.8897099337	53377.0888	0.0859	53377.010	0.0940
2325	53364.23875903156	53364.4378	0.3799	53364.678	0.4220
2326	53361.88000226602	53362.079	0.0859	53362.020	0.0940
2327	53359.54027603615	53359.7393	0.0859	53359.826	0.0910
2328	53333.87574571691	53334.0745	0.0858	53334.095	0.0960
2329	53324.54952909355	53324.6051	0.0858	53324.566	0.0890
2330	53322.29923413821	53322.3548	0.0858	53322.324	0.0880
2331	53311.89522876737	53311.9507	0.0858	53311.910	0.0910
2332	53289.30856772749	53289.3641	0.0857	53289.249	0.0900
2333	53285.72906967162	53285.7846	0.0857	53285.703	0.0890
2334	53278.40633714623	53278.4618	0.3795	53278.655	0.3890
2335	53268.55438685554	53268.6098	0.0857	53268.582	0.0920
2336	53256.8129049202	53256.8683	0.0857	53256.829	0.0880
2337	53235.12330285947	53235.1787	0.0856	53235.119	0.0890
2338	53224.81063735404	53224.866	0.0856	53224.769	0.0880
2339	53213.13942110597	53213.1947	0.0856	53213.138	0.0880
2341	53203.62775353213	53203.6831	0.1711	53203.686	0.1720
2342	53200.73971382147	53200.795	0.0855	53200.762	0.0880
2343	53197.5415030304	53197.5968	0.0855	53197.657	0.0930
2344	53195.8770311343	53195.9323	0.0855	53195.902	0.0940
2345	53175.33589670293	53175.3911	0.0855	53175.389	0.0890
2346	53165.50044579669	53165.5556	0.0855	53165.546	0.0880
2347	53156.88225602056	53156.9375	0.0854	53156.911	0.0980
2348	53134.08850559546	53134.1437	0.0854	53134.132	0.0910
2349	53111.17484004908	53111.2299	0.0853	53111.185	0.0910
2352	53101.55892880519	53101.614	0.0853	53101.656	0.0910
2354	53088.50306919237	53088.5582	0.1706	53088.427	0.1730
2355	53087.00890173545	53087.064	0.1706	53087.059	0.1720
2356	53084.50139152597	53084.5565	0.0853	53084.462	0.0890
2357	53075.59835859205	53075.6534	0.0853	53075.604	0.0890
2359	53067.31619952244	53067.3712	0.0852	53067.497	0.1200
2360	53060.16798948353	53060.223	0.0852	53060.113	0.1020
2361	53049.97751084286	53050.0325	0.0852	53049.957	0.0890
2362	53041.17074855345	53041.2257	0.0852	53041.313	0.0960
2364	53023.95943035853	53024.0143	0.0852	53024.093	0.0930
2365	53018.56164675893	53018.6165	0.0851	53018.549	0.0900
2366	53010.6898749086	53010.7448	0.0851	53010.688	0.0910
2367	53008.47141968679	53008.5263	0.0851	53008.533	0.0870
2368	53004.72990222694	53004.7848	0.0851	53004.544	0.1130
2369	53000.01178973576	53000.0667	0.0851	52999.982	0.0890
2370	52989.11486371174	52989.1698	0.0851	52989.679	0.1290
2371	52980.41218150305	52980.467	0.0851	52980.426	0.0900
2372	52957.85106342904	52957.9059	0.0850	52957.874	0.0880
2373	52919.18216727235	52919.2369	0.0849	52919.161	0.1060
2374	52914.75961044109	52914.8143	0.0849	52914.717	0.0880
2376	52886.91056219184	52886.9652	0.0849	52886.996	0.0910
2378	52865.04423710438	52865.0988	0.0848	52865.062	0.0920
2379	52852.72400610812	52852.7786	0.0848	52852.818	0.0870
2380	52849.01011525113	52849.0647	0.0848	52849.047	0.0880
2381	52846.69332197583	52846.7479	0.0848	52846.685	0.0920
2382	52839.99164721737	52840.0462	0.0847	52840.021	0.0880
2383	52821.15479801033	52821.2093	0.2148	52820.885	0.2260
2384	52816.88405202826	52816.9386	0.2148	52816.980	0.2200
2385	52810.32598878755	52810.3805	0.0847	52810.325	0.0870
2386	52805.24884623311	52805.3033	0.0847	52805.259	0.1220
2388	52788.33016892517	52788.3846	0.0846	52788.425	0.0846
2389	52783.81725328222	52783.8717	0.0846	52783.819	0.0930
2390	52779.58516373143	52779.6396	0.0846	52779.572	0.0890
2391	52766.38438128554	52766.4388	0.0846	52766.355	0.0880
2392	52757.24851711303	52757.3029	0.0846	52757.272	0.0920
2393	52734.55367757753	52734.608	0.0845	52734.669	0.0890
2395	52730.65298063307	52730.7073	0.1690	52730.793	0.1760
2396	52712.53184410338	52712.5861	0.0845	52712.595	0.0910
2397	52686.48496774415	52686.5392	0.2539	52686.228	0.2610
2398	52681.48860306363	52681.5428	0.0844	52681.468	0.0920
2399	52645.68370066272	52645.7379	0.0843	52645.733	0.0890
2400	52641.91243149208	52641.9665	0.0843	52641.932	0.0860
2401	52616.04028099462	52616.0944	0.0843	52616.077	0.0920
2402	52609.12151070603	52609.1756	0.0842	52609.219	0.0850
2405	52570.29354603231	52570.3475	0.0842	52570.223	0.0910
2406	52546.3145286326	52546.3685	0.1682	52546.310	0.1700
2407	52545.42982090652	52545.4838	0.1682	52545.406	0.1690
2408	52538.78036848758	52538.8344	0.0841	52538.793	0.0880
2409	52515.16387460796	52515.2178	0.0840	52515.204	0.0860
2411	52497.23835666536	52497.2923	0.0840	52497.382	0.0980
2412	52493.96457221857	52494.0185	0.0840	52494.024	0.0860
2414	52470.88138445942	52470.9352	0.2128	52471.127	0.2200
2415	52464.79639494165	52464.8502	0.0839	52464.842	0.0870
2416	52462.42698712515	52462.4808	0.0839	52462.382	0.0890
2417	52445.26305462887	52445.3169	0.3756	52445.587	0.3850
2419	52412.10942155268	52412.1631	0.0838	52412.115	0.0880
2420	52376.37042721274	52376.424	0.0837	52376.391	0.0880
2421	52370.52386359946	52370.5775	0.0837	52370.522	0.0870
2422	52358.89935936598	52358.953	0.0837	52358.907	0.0880
2424	52349.38901749876	52349.4426	0.0837	52349.370	0.0890
2425	52321.75494161427	52321.8084	0.5000	52321.224	0.5050
2426	52283.44996500632	52283.5034	0.0835	52283.495	0.0870
2428	52266.15904754576	52266.2124	0.3748	52266.135	0.3760
2430	52256.92261715179	52256.976	0.0835	52256.959	0.0890
2431	52247.58760744773	52247.641	0.0835	52247.601	0.0890
2432	52228.01980024064	52228.0731	0.0834	52228.037	0.0860
2434	52189.1809279157	52189.2341	0.0833	52189.155	0.0880
2436	52171.89039323918	52171.9436	0.0833	52171.928	0.0860
2437	52159.37385302094	52159.4271	0.0833	52159.474	0.0890
2438	52122.37282314989	52122.4259	0.0832	52122.387	0.0870
2439	52106.07714866534	52106.1302	0.0832	52106.129	0.0870
2442	52035.55599720444	52035.6089	0.0830	52035.621	0.0860
2443	52033.79331636647	52033.8462	0.0830	52032.937	0.2260
2444	52027.86649768538	52027.9194	0.2539	52028.023	0.2650
2445	52024.31700188296	52024.3699	0.0830	52024.327	0.0850
2446	52018.47465577006	52018.5276	0.0830	52018.453	0.0880
2447	52016.71305480161	52016.766	0.0830	52016.769	0.0860
2448	52010.49213209253	52010.545	0.0830	52010.544	0.0870
2450	51992.21077905651	51992.2636	0.0829	51992.187	0.0880
2451	51962.87342647654	51962.9262	0.0829	51962.950	0.0860
2452	51943.08788068292	51943.0989	0.0828	51943.157	0.0890
2453	51932.42959877663	51932.4406	0.3733	51931.927	0.3800
2454	51897.26273543601	51897.2737	0.0827	51897.182	0.0860
2455	51891.57924256236	51891.5902	0.0827	51891.585	0.0860
2456	51875.88492696924	51875.8959	0.0827	51875.838	0.0910
2457	51873.30046716661	51873.3115	0.0827	51873.282	0.0860
2458	51872.03341792756	51872.0444	0.0827	51872.000	0.0850
2459	51860.60265625107	51860.6137	0.0826	51860.558	0.0860
2460	51821.36785279037	51821.3788	0.0826	51821.289	0.0850
2461	51815.61800257368	51815.6289	0.0825	51815.556	0.0850
2462	51813.44165413212	51813.4526	0.0825	51813.393	0.0870
2463	51804.10356102887	51804.1145	0.0825	51804.044	0.0850
2464	51791.65093844341	51791.6618	0.0825	51791.692	0.1130
2465	51776.77359525135	51776.7845	0.0825	51776.729	0.0930
2466	51766.82585642855	51766.8368	0.4000	51766.893	0.4000
2467	51754.98664532798	51754.9975	0.3725	51755.202	0.4090
2468	51736.48444108946	51736.4953	0.0824	51736.414	0.0880
2469	51719.91874136848	51719.9296	0.0823	51719.967	0.0870
2470	51712.32271529375	51712.3336	0.0823	51712.306	0.0850
2471	51709.91652234789	51709.9274	0.0823	51710.135	0.1000
2472	51671.83963723623	51671.8505	0.0822	51671.828	0.1010
2473	51663.88800416944	51663.8989	0.0822	51663.856	0.0860
2475	51640.13974193713	51640.1506	0.0822	51640.153	0.0890
2476	51635.31520361306	51635.3261	0.0822	51635.264	0.0860
2477	51622.83870656018	51622.8496	0.0821	51622.788	0.0850
2478	51606.88462322957	51606.8954	0.0821	51606.812	0.0850
2479	51568.6942875767	51568.7051	0.0820	51568.689	0.0900
2480	51565.02266654963	51565.0335	0.0820	51565.136	0.0960
2481	51525.93805268069	51525.9489	0.0819	51525.948	0.0830
2482	51523.73479147312	51523.7456	0.0819	51523.679	0.0860
2483	51521.69365594616	51521.7045	0.0819	51521.688	0.0840
2484	51513.20024062224	51513.211	0.0819	51513.123	0.0900
2485	51505.0827082005	51505.0935	0.0819	51505.018	0.0890
2486	51494.9218374464	51494.9326	0.0819	51494.917	0.0850
2487	51460.23331072341	51460.2441	0.0818	51460.224	0.0890
2489	51449.59276867531	51449.6036	0.0818	51449.532	0.0850
2490	51444.69594973299	51444.7067	0.0818	51444.610	0.0860
2491	51412.48204544957	51412.4928	0.0817	51412.412	0.0860
2492	51396.81040982932	51396.8212	0.0817	51396.662	0.0840
2493	51376.44881838903	51376.4595	0.0816	51376.351	0.0860
2494	51365.55627640962	51365.567	0.0816	51365.901	0.1050
2495	51363.70598825613	51363.7167	0.0816	51363.689	0.0850
2496	51360.11744831065	51360.1281	0.0816	51360.093	0.0840
2497	51325.11097329202	51325.1217	0.0815	51325.095	0.0850
2498	51304.25961472972	51304.2703	0.0815	51304.258	0.0860
2499	51288.39064812611	51288.4013	0.0814	51288.379	0.0860
2500	51259.33690386086	51259.3836	0.0814	51259.295	0.0880
2501	51255.29381714588	51255.3405	0.3703	51255.159	0.3810
2502	51230.34494272844	51230.3915	0.0813	51230.358	0.0820
2503	51219.14085538014	51219.1875	0.0813	51219.153	0.0850
2504	51194.86490397522	51194.9114	0.0812	51194.831	0.0850
2505	51189.36178918101	51189.4083	0.0812	51189.463	0.1150
2506	51174.66558017836	51174.7121	0.0812	51174.699	0.0830
2507	51171.93721284444	51171.9837	0.0812	51171.945	0.0820
2508	51166.96721709125	51167.0137	0.0812	51166.965	0.0860
2509	51165.16123059096	51165.2077	0.2539	51164.965	0.2690
2510	51163.06664603986	51163.1131	0.0812	51163.008	0.0850
2511	51143.8851294729	51143.9316	0.0811	51143.997	0.0840
2512	51137.26935100256	51137.3158	0.0811	51137.301	0.0840
2513	51124.95005656236	51124.9965	0.0811	51125.008	0.0880
2514	51107.18696827788	51107.2334	0.0811	51107.206	0.0850
2515	51099.74036911636	51099.7868	0.0811	51099.732	0.0950
2516	51097.60191039929	51097.6483	0.0810	51097.637	0.0860
2517	51096.7134136178	51096.7598	0.0810	51096.764	0.1070
2518	51089.79667459217	51089.8431	0.0810	51089.839	0.0840
2519	51074.92137145613	51074.9677	0.0810	51074.962	0.0840
2520	51072.49709619059	51072.5434	0.0810	51072.560	0.0870
2521	51071.13798270537	51071.1843	0.0810	51071.405	0.0840
2522	51062.42852042572	51062.4748	0.0810	51062.431	0.0850
2523	51054.60893494452	51054.6552	0.0810	51054.673	0.0830
2524	51023.6890028718	51023.7352	0.3693	51023.703	0.3890
2525	51021.42190130801	51021.4681	0.0809	51021.443	0.0880
2526	51001.28377970609	51001.33	0.0808	51001.245	0.0860
2527	50987.50038804701	50987.5466	0.0808	50987.343	0.1170
2528	50970.24129409798	50970.2874	0.0808	50970.276	0.0850
2529	50957.54046568577	50957.5866	0.0808	50957.534	0.0820
2530	50949.00147828131	50949.0476	0.0807	50949.008	0.0840
2531	50932.02876037318	50932.0749	0.0807	50932.175	0.0910
2532	50923.47348083113	50923.5196	0.1614	50923.466	0.1630
2533	50922.04261224667	50922.0886	0.1614	50922.010	0.1640
2534	50918.80409040492	50918.8501	0.0807	50918.774	0.0840
2535	50917.17282760182	50917.2188	0.0807	50917.213	0.0840
2537	50865.47757647859	50865.5235	0.0806	50865.478	0.0830
2538	50859.31785977667	50859.3638	0.2539	50859.368	0.2550
2539	50851.7144168786	50851.7603	0.0805	50851.767	0.0860
2540	50846.33494815065	50846.3808	0.0805	50846.457	0.0820
2541	50832.81827785125	50832.8642	0.0805	50832.849	0.0830
2542	50829.20205289407	50829.248	0.0805	50829.300	0.0840
2543	50827.29099318387	50827.3369	0.0805	50827.211	0.0830
2544	50823.12947052545	50823.1754	0.0805	50823.162	0.0830
2545	50807.15101675601	50807.1968	0.0805	50807.090	0.0850
2546	50799.32570511334	50799.3715	0.0804	50799.294	0.0850
2547	50775.13111506082	50775.1769	0.0804	50775.125	0.0840
2548	50770.43886661094	50770.4847	0.0804	50770.401	0.0860
2549	50766.80678900876	50766.8526	0.0804	50766.817	0.0860
2550	50759.07806714518	50759.1239	0.0804	50759.082	0.1230
2551	50746.6634223264	50746.7091	0.0803	50746.647	0.0850
2552	50729.28517155226	50729.3309	0.0803	50729.277	0.0910
2553	50728.2817672621	50728.3275	0.0803	50728.338	0.0820
2554	50719.30105855608	50719.3468	0.0803	50719.291	0.0820
2555	50716.88418930153	50716.9299	0.0803	50716.845	0.0850
2556	50712.17791089864	50712.2236	0.0803	50712.289	0.0830
2557	50704.79687999518	50704.8426	0.0802	50704.797	0.0820
2558	50694.07933339805	50694.1249	0.0802	50694.054	0.0860
2559	50687.91030375537	50687.9559	0.0802	50687.911	0.0820
2560	50674.81043424533	50674.856	0.0802	50674.801	0.0890
2561	50669.08618180527	50669.1318	0.0802	50669.090	0.0840
2563	50622.04098145366	50622.0923	0.0801	50622.142	0.0910
2564	50617.99540392479	50618.0467	0.0801	50617.963	0.0850
2565	50612.87302799983	50612.9243	0.0801	50612.903	0.1260
2566	50611.12757790911	50611.1789	0.0801	50610.768	0.0960
2567	50545.20550380335	50545.2566	0.0799	50545.180	0.0840
2568	50512.90757534093	50512.9587	0.0799	50512.878	0.0860
2569	50511.55848377289	50511.6096	0.3671	50511.572	0.3680
2570	50500.180304129	50500.2314	0.2015	50500.034	0.2170
2571	50497.72899878802	50497.78	0.0798	50497.779	0.0840
2572	50482.94844288286	50482.9994	0.0798	50483.093	0.0860
2573	50480.82808127445	50480.8791	0.0798	50480.855	0.0830
2574	50475.98926884053	50476.0403	0.0798	50475.985	0.0830
2575	50468.11598256665	50468.167	0.0798	50468.069	0.0890
2576	50464.78180937962	50464.8328	0.0798	50464.746	0.0870
2577	50443.19427245321	50443.2452	0.0797	50443.186	0.0830
2578	50441.56756389923	50441.6185	0.0797	50441.599	0.0840
2579	50434.11090987485	50434.1618	0.0797	50434.099	0.0840
2580	50429.12503420978	50429.1759	0.0797	50429.112	0.0820
2581	50426.96723244618	50427.0181	0.0797	50426.902	0.0840
2582	50420.73365500203	50420.7846	0.0797	50420.658	0.0850
2583	50396.8768848426	50396.9277	0.0796	50396.896	0.0830
2584	50394.38728834598	50394.4381	0.1592	50394.587	0.1820
2585	50393.57539807737	50393.6262	0.0796	50393.654	0.0796
2586	50385.49948925775	50385.5503	0.0796	50385.495	0.0840
2587	50381.13125925667	50381.1821	0.0796	50381.215	0.0820
2588	50377.24700915551	50377.2978	0.0796	50377.241	0.0820
2589	50352.59439975673	50352.6452	0.2539	50352.641	0.2550
2591	50311.15235547039	50311.2031	0.0794	50311.229	0.0820
2592	50298.29439171869	50298.345	0.0794	50298.366	0.0830
2594	50283.92650601011	50283.9771	0.0794	50283.890	0.0870
2595	50282.33319108782	50282.3838	0.0794	50282.419	0.0820
2596	50268.46118234075	50268.5118	0.0794	50268.447	0.0820
2597	50260.19721762323	50260.2478	0.0793	50260.196	0.0820
2600	50213.18124804169	50213.2317	0.0792	50213.270	0.0810
2601	50210.3292197269	50210.3797	0.3000	50210.482	0.3100
2602	50204.93436759659	50204.9849	0.0792	50205.009	0.0830
2603	50201.22974767748	50201.2802	0.0792	50201.278	0.0830
2604	50166.90497857629	50166.9554	0.1583	50166.925	0.1600
2605	50164.99309796129	50165.0435	0.1583	50164.957	0.1610
2606	50149.77394311676	50149.8242	0.0791	50149.858	0.0820
2607	50133.04996670217	50133.1003	0.0791	50133.091	0.0830
2609	50119.88755448411	50119.9379	0.0791	50119.892	0.0830
2610	50100.4778981369	50100.5281	0.0790	50100.600	0.0890
2611	50099.62173146307	50099.6719	0.1580	50099.663	0.1600
2612	50089.58609827375	50089.6363	0.0790	50089.472	0.1180
2613	50082.26247313982	50082.3127	0.0790	50082.199	0.0830
2614	50052.25133207381	50052.3015	0.0789	50052.223	0.0820
2615	50048.44412790234	50048.4942	0.0789	50048.443	0.0840
2617	50035.07608610398	50035.1262	0.0789	50035.115	0.1230
2618	50027.39058570674	50027.4407	0.0789	50027.301	0.0850
2619	50005.12402329611	50005.1741	0.0788	50005.105	0.0840
2620	50002.44717127894	50002.4973	0.0788	50002.529	0.0810
2621	49997.10015829887	49997.2533	0.2539	49997.258	0.2550
2622	49988.44957204845	49988.6026	0.0788	49988.487	0.0850
2623	49985.32758388069	49985.4806	0.0788	49985.427	0.0820
2624	49980.40722907977	49980.5601	0.0788	49980.569	0.0840
2625	49973.78940839066	49973.9423	0.0788	49973.972	0.0870
2626	49964.00088233723	49964.1537	0.0788	49964.080	0.0820
2627	49961.32817513144	49961.481	0.0787	49961.350	0.0850
2628	49954.06915586424	49954.222	0.0787	49954.210	0.0830
2630	49925.08814297969	49925.2407	0.0787	49925.241	0.0810
2631	49902.49108627255	49902.6436	0.0786	49902.656	0.0810
2632	49889.84070447662	49889.9931	0.0786	49889.918	0.0820
2633	49854.99693153973	49855.1491	0.0785	49855.123	0.0850
2634	49848.66182691632	49848.8139	0.0785	49848.859	0.0870
2635	49836.41128175642	49836.5634	0.0785	49836.546	0.0830
2636	49831.49510233143	49831.6471	0.0785	49831.583	0.0810
2637	49807.29583005345	49807.4477	0.0784	49807.447	0.0830
2638	49799.16230602184	49799.3141	0.0784	49799.246	0.0810
2639	49773.35950422569	49773.5112	0.0784	49773.445	0.0820
2640	49771.62158377827	49771.7733	0.2539	49771.767	0.2550
2641	49764.43771035905	49764.5893	0.0784	49764.570	0.0810
2642	49761.66843384537	49761.82	0.0784	49761.772	0.0960
2643	49753.59558944748	49753.7472	0.0783	49753.674	0.0820
2644	49742.8511811073	49743.0027	0.0783	49742.937	0.0860
2646	49726.30604020733	49726.4574	0.2539	49726.466	0.2539
2647	49716.91121822635	49717.0625	0.0783	49717.103	0.0800
2648	49711.84268212143	49711.994	0.0783	49711.922	0.0830
2649	49679.66749664865	49679.8186	0.0782	49679.872	0.0810
2650	49676.72704127115	49676.8781	0.0782	49676.822	0.0830
2651	49654.97400445081	49655.125	0.0781	49655.111	0.0790
2653	49629.12034049571	49629.2711	0.0781	49629.235	0.0840
2654	49622.52025120075	49622.6711	0.0781	49622.629	0.0860
2655	49621.21550428716	49621.3663	0.0781	49621.292	0.0810
2656	49615.77683863242	49615.9275	0.0781	49615.831	0.0810
2657	49613.23770329296	49613.3884	0.0781	49613.372	0.0850
2658	49591.7860629292	49591.9367	0.0780	49591.966	0.0980
2659	49587.50596777642	49587.6566	0.0780	49587.668	0.0800
2660	49585.6875468372	49585.838	0.0780	49585.800	0.0800
2661	49560.27778731914	49560.4282	0.0780	49560.392	0.0850
2662	49544.56379860524	49544.7141	0.0779	49544.747	0.0800
2664	49485.89158238932	49486.0415	0.0778	49486.003	0.0810
2665	49474.36194568174	49474.5118	0.0778	49474.436	0.0820
2666	49467.1377102515	49467.2875	0.0778	49467.228	0.0900
2667	49455.32244853517	49455.4722	0.0777	49455.424	0.0800
2669	49437.2582141751	49437.4078	0.0777	49437.410	0.0800
2670	49431.41429385175	49431.5639	0.0777	49431.570	0.0820
2671	49422.00905739248	49422.1587	0.0777	49422.154	0.0810
2672	49410.82389464008	49410.9734	0.0777	49410.855	0.0850
2673	49399.83900486449	49399.9884	0.5000	49399.903	0.5050
2674	49393.93435538883	49394.0838	0.0776	49394.064	0.0820
2675	49393.12953447318	49393.2789	0.1553	49393.203	0.1570
2677	49383.83573001857	49383.985	0.0776	49383.944	0.0820
2678	49375.49876588694	49375.6493	0.0776	49375.577	0.0820
2679	49358.1726465861	49358.323	0.1551	49358.270	0.1570
2680	49341.43757577418	49341.5879	0.0775	49341.464	0.0820
2681	49335.25916943119	49335.4094	0.0775	49335.424	0.0800
2682	49331.50823741181	49331.6584	0.0775	49331.676	0.0810
2683	49329.27159867558	49329.4218	0.0775	49329.456	0.0800
2684	49326.32426990629	49326.4745	0.0775	49326.426	0.0850
2685	49304.58442254321	49304.7344	0.0775	49304.750	0.0790
2686	49290.70635502685	49290.8563	0.0774	49290.850	0.0820
2687	49287.16204734058	49287.3119	0.0774	49287.332	0.0850
2688	49286.36050715568	49286.5104	0.0774	49286.533	0.0840
2689	49280.69897881425	49280.8489	0.0774	49280.714	0.1060
2690	49272.24616313736	49272.396	0.0774	49272.296	0.0830
2692	49265.59786059882	49265.7477	0.0774	49265.793	0.0810
2694	49257.90475198849	49258.0545	0.0774	49258.065	0.0810
2695	49230.62248999675	49230.7721	0.0773	49230.764	0.0800
2696	49225.80114425842	49225.9506	0.0773	49225.882	0.0810
2697	49223.30516016479	49223.4547	0.0773	49223.416	0.0800
2698	49215.86994364559	49216.0194	0.0773	49216.019	0.0820
2699	49209.76692830247	49209.9163	0.0773	49209.860	0.0810
2700	49206.47339192326	49206.6228	0.0773	49206.476	0.0850
2701	49200.97746774958	49201.1269	0.0773	49201.050	0.0860
2702	49188.02703502157	49188.1763	0.0772	49188.203	0.0840
2703	49185.2722116964	49185.4215	0.0772	49185.444	0.0790
2704	49183.38459061505	49183.5339	0.2539	49183.492	0.2560
2705	49176.82745282397	49176.9767	0.0772	49176.942	0.0840
2706	49171.0014173531	49171.1506	0.0772	49171.178	0.0900
2707	49165.41610464951	49165.5653	0.0772	49165.487	0.0820
2708	49159.7123065184	49159.8614	0.0772	49159.849	0.0800
2709	49157.19981979262	49157.3489	0.0772	49157.328	0.0810
2710	49142.60841188046	49142.7574	0.0771	49142.764	0.0840
2711	49134.97987310105	49135.1289	0.0771	49135.173	0.0850
2712	49114.43974015659	49114.5886	0.0771	49114.586	0.0810
2713	49113.42734642115	49113.5762	0.0771	49113.949	0.1200
2714	49105.90401493677	49106.0528	0.1541	49106.014	0.1570
2715	49077.87711918875	49078.0257	0.0770	49078.220	0.1160
2716	49058.90289486406	49059.0514	0.0770	49058.975	0.0810
2717	49051.29889340242	49051.4474	0.0770	49051.648	0.1170
2718	49034.48718547554	49034.6356	0.0769	49034.595	0.0810
2720	48956.8263946341	48956.9743	0.0768	48956.947	0.0970
2721	48945.16067521447	48945.3085	0.0768	48945.262	0.0810
2722	48929.11226597801	48929.26	0.0767	48929.283	0.0810
2724	48907.26687382857	48907.4145	0.0767	48907.465	0.0780
2725	48888.63690537932	48888.7844	0.0767	48888.689	0.0840
2726	48886.27439266269	48886.4219	0.0767	48886.446	0.0870
2727	48877.90929372203	48878.0567	0.0766	48878.071	0.0840
2728	48866.53840125915	48866.6858	0.0766	48866.649	0.0800
2729	48859.32845815723	48859.4758	0.0766	48859.515	0.0810
2730	48857.84734198973	48857.9946	0.0766	48857.982	0.0790
2731	48853.81531881741	48853.9626	0.0766	48853.946	0.0810
2732	48847.01424558296	48847.1615	0.0766	48847.117	0.0800
2733	48844.08146964714	48844.2287	0.0766	48844.153	0.0800
2734	48843.17525717684	48843.3225	0.0766	48843.306	0.0800
2735	48833.18107344472	48833.3283	0.0765	48833.377	0.0780
2736	48824.59683960288	48824.7439	0.0765	48824.711	0.0800
2737	48817.9946183607	48818.1417	0.0765	48818.106	0.0820
2739	48809.10625298688	48809.2533	0.0765	48809.225	0.0800
2740	48807.50993587975	48807.6569	0.0765	48807.599	0.0810
2741	48789.43454413629	48789.5814	0.0765	48789.495	0.0810
2742	48779.62951584062	48779.7602	0.0764	48779.738	0.0800
2743	48766.52264624617	48766.6532	0.0764	48766.645	0.0840
2744	48761.17503430519	48761.3056	0.0764	48761.290	0.0820
2745	48758.81879851074	48758.9494	0.0764	48758.894	0.0810
2747	48739.21326347476	48739.3438	0.0764	48739.292	0.0810
2748	48733.22693993922	48733.3573	0.0764	48733.301	0.0810
2750	48731.0915924928	48731.222	0.0764	48731.169	0.0810
2751	48729.83081226482	48729.9612	0.0764	48729.868	0.0790
2752	48728.2394005229	48728.3698	0.0763	48728.331	0.0780
2753	48722.63652586885	48722.7669	0.0763	48722.767	0.0790
2754	48710.3200523613	48710.4504	0.2539	48710.378	0.2580
2755	48696.61028368664	48696.7405	0.0763	48696.685	0.0830
2756	48689.87834799068	48690.0085	0.0763	48690.054	0.0800
2757	48681.50945270485	48681.6397	0.0763	48681.589	0.0800
2758	48673.42840759391	48673.5585	0.0762	48673.549	0.0840
2759	48671.34818836383	48671.4783	0.0762	48671.413	0.0800
2760	48630.42030531613	48630.5502	0.0762	48630.570	0.0900
2761	48628.45553297537	48628.5854	0.0762	48628.540	0.0810
2762	48625.24055509606	48625.3705	0.0762	48625.377	0.0810
2763	48619.89984210551	48620.0296	0.0761	48620.017	0.0800
2764	48613.49481244537	48613.6246	0.0761	48613.583	0.0820
2765	48601.39770958263	48601.5274	0.0761	48601.482	0.0830
2767	48582.10655345949	48582.2362	0.0761	48582.279	0.0900
2768	48575.21520394081	48575.3448	0.0761	48575.345	0.0780
2769	48572.07920685755	48572.2088	0.0761	48572.200	0.0810
2770	48561.48800812585	48561.6175	0.0760	48561.618	0.0960
2771	48546.25497664184	48546.3844	0.0760	48546.371	0.0780
2773	48530.28540568257	48530.4148	0.0760	48530.457	0.0780
2774	48528.70632059219	48528.8357	0.0760	48528.857	0.0790
2775	48526.11541571372	48526.2447	0.0760	48526.264	0.1200
2776	48510.22528331354	48510.3546	0.0759	48510.313	0.0810
2777	48485.86147091583	48485.9906	0.2539	48485.955	0.2560
2778	48476.15466068165	48476.2838	0.0759	48476.288	0.0790
2779	48469.31402953513	48469.443	0.0759	48469.420	0.0810
2780	48461.87038148374	48461.9994	0.0758	48461.990	0.0780
2781	48459.19198746547	48459.321	0.0758	48459.308	0.0790
2782	48455.12780601261	48455.2568	0.0758	48455.231	0.0770
2783	48450.40997088445	48450.5389	0.0758	48450.476	0.0790
2784	48445.48236446823	48445.6113	0.0758	48445.640	0.0780
2785	48442.7834457002	48442.9123	0.0758	48442.860	0.0800
2786	48432.33976747194	48432.4686	0.0758	48432.417	0.0810
2787	48421.99968146312	48422.1285	0.0758	48422.063	0.0800
2788	48405.17216827276	48405.3009	0.0757	48405.186	0.0830
2789	48396.38649859229	48396.5151	0.0757	48396.484	0.0770
2790	48378.49799611319	48378.6266	0.0757	48378.582	0.0790
2791	48362.63284475235	48362.7613	0.0757	48362.706	0.0820
2792	48349.79738787415	48349.9258	0.0756	48349.952	0.1050
2793	48342.83024234096	48342.9586	0.0756	48342.916	0.0780
2794	48326.50149533334	48326.6298	0.0756	48326.624	0.0780
2795	48308.19865107674	48308.3269	0.0756	48308.276	0.0780
2796	48301.2922862107	48301.4204	0.0755	48301.360	0.0790
2797	48294.03535680212	48294.1635	0.0755	48294.191	0.0790
2798	48291.26394663441	48291.392	0.0755	48291.398	0.0790
2799	48273.42695838374	48273.555	0.0755	48273.567	0.0780
2800	48262.76006481091	48262.888	0.0755	48262.943	0.0780
2801	48250.11247061747	48250.2404	0.0754	48250.180	0.0830
2803	48241.91870646912	48242.0465	0.0754	48242.062	0.0780
2804	48234.2660138493	48234.3938	0.0754	48234.349	0.0780
2805	48228.51735554953	48228.6452	0.0754	48228.609	0.0800
2806	48222.07738574238	48222.2051	0.0754	48222.155	0.0800
2807	48196.23028793481	48196.3579	0.0753	48196.346	0.0810
2808	48175.42650272889	48175.554	0.0753	48175.417	0.0780
2809	48169.76742248872	48169.8833	0.0753	48169.881	0.0800
2810	48161.24894290126	48161.3648	0.0753	48161.352	0.0840
2811	48157.83999238822	48157.9558	0.0753	48157.975	0.0770
2812	48150.04836705419	48150.1642	0.0753	48150.171	0.0790
2813	48138.55664093926	48138.6724	0.0752	48138.669	0.0780
2814	48135.9340546103	48136.0498	0.0752	48135.995	0.0780
2815	48133.76008009468	48133.8758	0.0752	48133.854	0.0780
2816	48113.33029231322	48113.4459	0.0752	48113.390	0.0830
2817	48111.87492113861	48111.9905	0.0752	48111.994	0.0780
2818	48108.26472422262	48108.3803	0.0752	48108.394	0.0810
2819	48099.58612428681	48099.7017	0.0752	48099.686	0.0790
2820	48089.84482595453	48089.9603	0.0751	48089.980	0.0780
2821	48088.55461081391	48088.6701	0.0751	48088.593	0.0820
2822	48070.44941590049	48070.5648	0.0751	48070.659	0.0770
2824	48035.6293470891	48035.7446	0.0750	48035.808	0.0770
2826	48012.06261612054	48012.1777	0.0750	48012.145	0.0780
2828	48004.8442209348	48004.9593	0.0750	48004.843	0.0830
2829	47998.1882139928	47998.3033	0.0750	47998.354	0.0810
2830	47996.06976649284	47996.1849	0.0750	47996.226	0.0770
2831	47976.72424631131	47976.8392	0.0749	47976.836	0.0800
2832	47968.5528540378	47968.6678	0.2539	47968.655	0.2560
2835	47955.97395804496	47956.0889	0.0749	47956.054	0.0780
2836	47922.28248444801	47922.3972	0.0748	47922.437	0.0810
2837	47911.07819021183	47911.1929	0.0748	47911.305	0.0840
2838	47908.78259652858	47908.8973	0.0748	47908.933	0.0748
2839	47906.78565007821	47906.9003	0.0748	47906.899	0.0800
2840	47891.75911729261	47891.8737	0.0748	47891.909	0.0780
2841	47884.78610609434	47884.9006	0.0748	47884.766	0.0790
2843	47875.08874145962	47875.2032	0.0748	47875.231	0.0770
2844	47873.2786413557	47873.3931	0.0747	47873.374	0.0790
2845	47862.78398473705	47862.8984	0.0747	47862.787	0.0800
2846	47858.9598439024	47859.0742	0.0747	47859.086	0.0780
2847	47852.74878378148	47852.8632	0.0747	47852.914	0.0760
2848	47843.38816174863	47843.5025	0.0747	47843.531	0.0770
2849	47818.56663299094	47818.6808	0.0746	47818.713	0.0790
2850	47814.6089058773	47814.7231	0.0746	47814.689	0.0830
2851	47806.67856511234	47806.7928	0.0746	47806.747	0.0780
2852	47805.1222106787	47805.2364	0.0746	47805.151	0.0770
2853	47789.51868800873	47789.6328	0.0746	47789.629	0.0790
2855	47757.56892257747	47757.6828	0.0745	47757.645	0.0770
2856	47751.95934711296	47752.0732	0.0745	47752.020	0.0790
2857	47740.08107195136	47740.1949	0.0745	47740.162	0.0850
2858	47733.76936473375	47733.8832	0.0745	47733.900	0.0760
2859	47698.63441895025	47698.748	0.0744	47698.682	0.0790
2860	47692.01559722715	47692.1292	0.0744	47692.110	0.0770
2861	47690.99323811402	47691.1068	0.0744	47691.003	0.0800
2862	47689.67504569548	47689.7886	0.0744	47689.745	0.0770
2863	47687.51261091334	47687.6262	0.0744	47687.629	0.0810
2864	47685.46830094392	47685.5819	0.0744	47685.582	0.0760
2865	47683.53225457158	47683.6459	0.0744	47683.590	0.0790
2866	47681.84890133388	47681.9625	0.0744	47681.964	0.0780
2867	47680.71395540089	47680.8276	0.0744	47680.804	0.0790
2868	47675.5085990734	47675.6221	0.0744	47675.603	0.0790
2869	47673.5084890803	47673.622	0.0744	47673.588	0.0790
2870	47668.84775215283	47668.9613	0.0744	47668.966	0.0770
2871	47658.19564699411	47658.3091	0.0744	47658.278	0.0760
2872	47652.565057001	47652.6785	0.0743	47652.662	0.0780
2873	47643.93414432568	47644.0475	0.0743	47644.033	0.0760
2875	47632.61100570182	47632.7243	0.0743	47632.709	0.0770
2876	47624.56049315512	47624.6738	0.0743	47624.597	0.0760
2877	47620.22547646769	47620.3388	0.0743	47620.377	0.0780
2878	47581.63746686435	47581.7506	0.0742	47581.780	0.0820
2879	47578.76600726774	47578.8791	0.0742	47578.867	0.0770
2880	47576.52213532667	47576.6352	0.0742	47576.684	0.0770
2881	47562.60633495086	47562.7193	0.0742	47562.697	0.0830
2882	47553.21938420006	47553.3324	0.0742	47553.315	0.0770
2883	47540.83009448607	47540.839	0.2500	47540.839	0.2510
2884	47440.1709137397	47440.1798	0.0542	47440.192	0.0550
2886	47379.90042312283	47379.9093	0.2000	47379.925	0.2010
2887	47348.28957245383	47348.2984	0.0540	47348.292	0.0550
2888	47315.77065683813	47315.7795	0.0539	47315.745	0.0560
2890	47252.28960743397	47252.2984	0.2200	47252.287	0.2200
2891	47232.44044389793	47232.4492	0.0538	47232.443	0.0550
2892	47104.48963009213	47104.4984	0.0535	47104.447	0.0560
2893	47102.29013986758	47102.2989	0.0535	47102.321	0.0550
2894	47046.87989834335	47046.8886	0.0534	47046.874	0.0550
2895	47033.22066289324	47033.2294	0.0534	47033.205	0.0550
2896	46924.77020312647	46924.7789	0.0532	46924.758	0.0550
2897	46919.30998876524	46919.3187	0.0531	46919.278	0.0550
2898	46802.98971619688	46802.9983	0.0529	46802.972	0.0540
2899	46798.27970056816	46798.2883	0.0529	46798.280	0.0540
2900	46788.40019099391	46788.4088	0.0529	46788.397	0.0540
2901	46786.64991314011	46786.6585	0.0529	46786.630	0.0550
2902	46716.10053426918	46716.1091	0.0528	46716.108	0.0540
2903	46715.33984407844	46715.3484	0.0528	46715.347	0.0540
2904	46703.68931512188	46703.6979	0.0527	46703.702	0.0540
2905	46700.91095365248	46700.9196	0.0527	46700.938	0.0540
2906	46680.68012655505	46680.6887	0.1054	46680.695	0.1060
2907	46672.09086564924	46672.0995	0.1053	46672.099	0.1060
2908	46658.22010930658	46658.2287	0.0526	46658.241	0.0540
2909	46651.68987007166	46651.6985	0.1053	46651.706	0.1060
2911	46600.28103659981	46600.1902	0.0525	46600.199	0.0525
2912	46562.34996774291	46562.2593	0.0525	46562.248	0.0540
2913	46558.4006130823	46558.31	0.0525	46558.327	0.0525
2914	46537.209805545	46537.1192	0.1048	46537.127	0.1048
2915	46535.88957461072	46535.799	0.0524	46535.787	0.0540
2916	46497.06025599843	46496.9699	0.0523	46496.954	0.0540
2917	46447.50973435536	46447.4195	0.0522	46447.438	0.0530
2918	46390.59010068003	46390.5001	0.0521	46390.517	0.0530
2919	46377.03064321934	46376.9407	0.0521	46376.932	0.0530
2920	46233.55982009214	46233.4704	0.0518	46233.459	0.0530
2921	46225.88088439409	46225.7915	0.1036	46225.741	0.1050
2922	46221.54940264471	46221.4601	0.1036	46221.469	0.1036
2923	46206.25031575978	46206.161	0.0518	46206.157	0.0590
2924	46172.45016025251	46172.3611	0.0517	46172.354	0.0530
2925	46162.90000286522	46162.8109	0.4000	46162.804	0.4000
2926	46144.1906255957	46144.1016	0.0517	46144.056	0.0530
2927	46115.03084806017	46114.9419	0.0516	46114.940	0.0530
2928	46087.65086348008	46087.5621	0.0516	46087.584	0.0530
2929	46054.06991372063	46053.9812	0.0515	46053.987	0.0515
2930	46043.61060572141	46043.5219	0.0515	46043.533	0.0515
2931	46024.09041126981	46023.9897	0.1029	46023.982	0.1029
2933	46018.83974437588	46018.7391	0.0514	46018.714	0.0520
2934	45994.32059457205	45994.2201	0.0514	45994.197	0.0530
2935	45966.41002608019	45966.3096	0.0513	45966.317	0.0520
2936	45964.86953375686	45964.7691	0.0513	45964.749	0.0520
2937	45945.60056761961	45945.5003	0.0513	45945.500	0.0530
2938	45927.21997508793	45927.1198	0.0513	45927.106	0.0520
2939	45909.48069025455	45909.3805	0.0512	45909.387	0.0530
2940	45863.84931576061	45863.7493	0.1023	45863.753	0.1030
2941	45861.02948337328	45860.9296	0.0511	45860.963	0.0530
2942	45840.39990488405	45840.3	0.0511	45840.278	0.0520
2943	45832.83080047044	45832.731	0.0511	45832.718	0.0520
2944	45831.61105978994	45831.5113	0.1022	45831.501	0.1030
2945	45827.60059731249	45827.5008	0.0511	45827.466	0.0520
2946	45760.85987815142	45760.7604	0.1019	45760.718	0.1030
2947	45754.30084049274	45754.2013	0.0509	45754.206	0.0520
2948	45718.75943333546	45718.6601	0.0509	45718.687	0.0520
2949	45705.2308426546	45705.1315	0.1017	45705.113	0.1030
2950	45696.0808895201	45695.9817	0.0508	45695.988	0.0520
2951	45649.84980649215	45649.7508	0.0507	45649.723	0.0520
2952	45641.2404219308	45641.1704	0.1014	45641.185	0.1020
2953	45629.2206177589	45629.1506	0.0507	45629.177	0.0530
2954	45626.89019894906	45626.8202	0.0507	45626.851	0.0520
2955	45624.89041087167	45624.8204	0.0507	45624.785	0.0670
2956	45604.99931230001	45604.9294	0.1500	45604.916	0.1500
2957	45601.41973490681	45601.3498	0.0506	45601.342	0.0506
2958	45575.41067518079	45575.3409	0.0506	45575.347	0.0520
2960	45565.54950241964	45565.4797	0.1012	45565.501	0.1020
2961	45559.69036700464	45559.6206	0.1011	45559.647	0.1020
2962	45558.07049603599	45558.0007	0.0506	45557.977	0.0520
2963	45556.93016548332	45556.8604	0.1011	45556.877	0.1020
2964	45556.28950451547	45556.2197	0.1011	45556.216	0.1020
2965	45546.59101877932	45546.5213	0.0505	45546.545	0.0520
2966	45532.84052892886	45532.7708	0.0505	45532.810	0.0520
2968	45514.080717164	45514.0111	0.0505	45513.998	0.0520
2969	45507.06017391675	45506.9906	0.0505	45507.005	0.0520
2970	45497.1604044509	45497.0908	0.1009	45497.092	0.1020
2972	45486.41984342083	45486.3503	0.0504	45486.369	0.0510
2973	45448.26998017191	45448.2006	0.0504	45448.178	0.0510
2974	45405.72999016976	45405.6607	0.1006	45405.658	0.1006
2975	45386.31060164558	45386.2414	0.0502	45386.232	0.0530
2977	45364.52097831536	45364.5467	0.0502	45364.582	0.0510
2978	45351.78949928982	45351.8152	0.0502	45351.799	0.0510
2979	45350.55058932208	45350.5763	0.0502	45350.552	0.0520
2980	45334.94096339974	45334.9667	0.2300	45334.964	0.2300
2981	45331.88043366939	45331.906	0.1003	45331.900	0.1010
2982	45327.50089271909	45327.5265	0.1003	45327.563	0.1010
2984	45317.76923172521	45317.7948	0.0501	45317.799	0.0540
2985	45316.38995463946	45316.4156	0.0501	45316.372	0.0530
2986	45314.41961732305	45314.4452	0.0501	45314.426	0.0520
2987	45311.46013104347	45311.4857	0.1002	45311.440	0.1010
2988	45306.2691896567	45306.2948	0.1002	45306.255	0.1010
2991	45294.25969022737	45294.2853	0.0501	45294.311	0.0510
2992	45293.41943983183	45293.445	0.1002	45293.433	0.1010
2994	45266.06017974622	45266.0858	0.0500	45266.076	0.0580
2996	45262.31014562277	45262.3357	0.0500	45262.326	0.0510
2997	45256.49039238893	45256.516	0.0500	45256.481	0.0520
2998	45235.52082638042	45235.5463	0.0500	45235.576	0.0510
2999	45207.52048964782	45207.546	0.0499	45207.553	0.0499
3000	45201.79993027226	45201.8254	0.0499	45201.815	0.0510
3001	45179.82016203209	45179.8457	0.0499	45179.869	0.0510
3002	45168.77965723006	45168.8052	0.0498	45168.808	0.0510
3003	45159.31031073827	45159.3358	0.0498	45159.341	0.0520
3004	45156.35079391517	45156.3762	0.0498	45156.370	0.0510
3005	45151.43987852585	45151.4653	0.0498	45151.430	0.0510
3006	45149.7092671182	45149.7347	0.0498	45149.742	0.0498
3008	45145.32057296132	45145.346	0.0498	45145.366	0.0510
3009	45143.91930418953	45143.9447	0.0996	45143.951	0.0996
3010	45142.46984338972	45142.4952	0.0498	45142.485	0.0510
3013	45127.61098546534	45127.6364	0.0995	45127.637	0.0995
3014	45122.91004931413	45122.9354	0.0498	45122.955	0.0510
3015	45117.59914443422	45117.6245	0.0498	45117.643	0.0510
3016	45106.50038446977	45106.5258	0.0497	45106.529	0.0497
3017	45101.9608413794	45101.9862	0.0994	45101.985	0.1000
3020	45089.49108485116	45089.5165	0.0994	45089.516	0.1000
3021	45088.05035800979	45088.0758	0.0497	45088.093	0.0497
3023	45083.33096077855	45083.3564	0.0497	45083.347	0.0510
3024	45062.83037648791	45062.8557	0.0993	45062.878	0.1120
3025	45061.02084557997	45061.0461	0.0496	45061.038	0.0496
3026	45050.0600011937	45050.0853	0.0496	45050.125	0.0496
3028	45009.49957192506	45009.5249	0.0496	45009.481	0.0510
3029	45001.86000398857	45001.8853	0.0991	45001.895	0.1000
3030	44984.66985820269	44984.6952	0.0495	44984.745	0.0510
3031	44980.25946679304	44980.2848	0.0990	44980.274	0.1000
3034	44968.17986703084	44968.2051	0.0495	44968.216	0.0495
3035	44965.52998389834	44965.5552	0.0989	44965.560	0.1000
3037	44960.09010128034	44960.1153	0.0989	44960.116	0.0989
3039	44945.17084577606	44945.196	0.0494	44945.205	0.0500
3041	44932.30949146433	44932.3301	0.0988	44932.351	0.0988
3042	44931.68028169855	44931.7009	0.0988	44931.692	0.1010
3043	44926.75096862249	44926.7716	0.0494	44926.766	0.0500
3044	44917.71045879719	44917.7311	0.0494	44917.726	0.0520
3045	44916.78079903709	44916.8014	0.0988	44916.791	0.0988
3046	44914.8694256844	44914.89	0.0494	44914.881	0.0500
3047	44909.66036189463	44909.681	0.0987	44909.694	0.0987
3048	44908.7307679399	44908.7514	0.0494	44908.776	0.0510
3049	44906.49096429888	44906.5116	0.0987	44906.501	0.0987
3050	44905.80982470408	44905.8304	0.0494	44905.832	0.0510
3051	44898.26939777429	44898.29	0.0494	44898.273	0.0500
3052	44894.23093716623	44894.2515	0.0493	44894.283	0.0510
3053	44885.44941808866	44885.4699	0.0493	44885.439	0.0520
3054	44877.85025609326	44877.8708	0.0493	44877.816	0.0520
3055	44871.16085441893	44871.1814	0.0493	44871.196	0.0500
3056	44862.14080935736	44862.1613	0.0493	44862.134	0.0500
3057	44856.32943765594	44856.3499	0.0986	44856.322	0.0986
3058	44855.40028126142	44855.4208	0.0985	44855.444	0.0985
3059	44841.98049483595	44842.001	0.0492	44842.025	0.0500
3060	44840.83923189608	44840.8597	0.3000	44840.853	0.3000
3063	44822.12006680582	44822.1406	0.0984	44822.144	0.1000
3067	44804.78109116666	44804.8016	0.0492	44804.773	0.0500
3068	44798.92063656299	44798.9411	0.0492	44798.931	0.0500
3069	44790.83098638438	44790.8515	0.0492	44790.857	0.0510
3070	44784.59102672307	44784.6115	0.0491	44784.576	0.0500
3071	44778.59955459341	44778.62	0.0983	44778.601	0.0990
3072	44764.12047312273	44764.1409	0.0491	44764.156	0.0500
3073	44752.16003553016	44752.1804	0.0491	44752.210	0.0500
3074	44740.84100972527	44740.8614	0.0491	44740.887	0.0500
3076	44728.37100230122	44728.3914	0.0490	44728.399	0.0500
3078	44712.53045638285	44712.5509	0.0490	44712.543	0.0510
3080	44699.5796773028	44699.6001	0.0490	44699.603	0.0500
3082	44690.32946856607	44690.3499	0.2000	44690.368	0.2000
3083	44683.65923577423	44683.6796	0.0979	44683.682	0.0979
3084	44680.88009080737	44680.9005	0.0490	44680.896	0.0500
3086	44677.54920467622	44677.5696	0.0490	44677.568	0.0530
3087	44669.36037032575	44669.3807	0.0489	44669.380	0.0500
3088	44667.2692729956	44667.2896	0.0489	44667.327	0.0500
3089	44657.70990824595	44657.7302	0.0978	44657.708	0.0990
3090	44652.54075777536	44652.5611	0.1948	44652.556	0.1948
3091	44650.98965673445	44651.01	0.0489	44651.036	0.0500
3092	44647.79957817702	44647.8199	0.0489	44647.805	0.0500
3093	44645.28116358566	44645.3015	0.0489	44645.436	0.0530
3094	44643.01063720498	44643.0309	0.0489	44643.002	0.0500
3095	44640.66021170912	44640.6805	0.0489	44640.646	0.0500
3097	44616.61917690574	44616.6395	0.0488	44616.681	0.0500
3098	44613.80973492096	44613.83	0.0488	44613.857	0.0500
3100	44604.55066592133	44604.571	0.0488	44604.533	0.0488
3101	44600.91038637477	44600.9307	0.0976	44600.904	0.0976
3102	44600.15916433513	44600.1795	0.0488	44600.165	0.0500
3103	44598.30911369756	44598.3294	0.0488	44598.324	0.0488
3105	44590.32987906703	44590.3502	0.0488	44590.337	0.0520
3106	44589.41092968097	44589.4312	0.0488	44589.442	0.0488
3108	44580.94092979952	44580.9612	0.0976	44580.941	0.0976
3109	44580.12991650348	44580.1502	0.0975	44580.161	0.0975
3111	44570.62997258958	44570.6503	0.0975	44570.100	0.1100
3112	44559.6808836005	44559.7011	0.0975	44559.661	0.0990
3113	44541.42015088203	44541.4404	0.0974	44541.462	0.0980
3114	44540.46964991956	44540.4898	0.0974	44540.489	0.1000
3115	44534.69096642306	44534.7112	0.0487	44534.707	0.0500
3116	44529.9108942807	44529.9311	0.0487	44529.956	0.0500
3117	44528.52921348414	44528.5494	0.0487	44528.516	0.0500
3118	44525.84978532402	44525.87	0.0487	44525.885	0.0487
3119	44517.22094656154	44517.2411	0.0487	44517.240	0.0500
3120	44516.29061835862	44516.3108	0.0487	44516.324	0.0510
3121	44514.52980258512	44514.55	0.0487	44514.593	0.0500
3123	44507.94997281494	44507.9702	0.0486	44507.995	0.0500
3124	44495.27053473672	44495.2907	0.0486	44495.286	0.0486
3125	44494.08091666266	44494.1011	0.2300	44493.455	0.2310
3126	44492.63980706667	44492.66	0.0972	44492.664	0.0980
3127	44489.92930683629	44489.9495	0.0486	44489.959	0.0486
3128	44487.13107286068	44487.1513	0.0486	44487.136	0.0486
3129	44475.99067490855	44476.0109	0.0486	44476.016	0.0486
3130	44456.80995392885	44456.8302	0.0486	44456.836	0.0500
3131	44453.78906810162	44453.8093	0.0485	44453.816	0.0500
3133	44450.06995896756	44450.0901	0.0485	44450.116	0.0500
3134	44447.52012327559	44447.5402	0.0485	44447.556	0.0485
3135	44437.14979465075	44437.172	0.0485	44437.196	0.0500
3136	44435.7293835001	44435.7516	0.0485	44435.787	0.0500
3137	44428.53985611545	44428.5621	0.0485	44428.571	0.0500
3138	44402.15965718657	44402.1819	0.0485	44402.150	0.0520
3139	44400.10950177833	44400.1317	0.0485	44400.098	0.0500
3140	44387.19919639635	44387.2214	0.0484	44387.224	0.0490
3141	44384.37963739497	44384.4018	0.0484	44384.415	0.0490
3142	44374.27049122947	44374.2926	0.0484	44374.296	0.0490
3143	44371.04054385183	44371.0626	0.0484	44371.028	0.0520
3144	44368.81949863299	44368.8416	0.0484	44368.807	0.0500
3145	44367.32023647978	44367.3423	0.0484	44367.328	0.0490
3146	44363.10961956316	44363.1317	0.0484	44363.147	0.0500
3147	44356.10027935795	44356.1224	0.0484	44356.100	0.0500
3148	44346.65948983186	44346.6816	0.0484	44346.709	0.0500
3149	44344.67018173373	44344.6923	0.0484	44344.700	0.0500
3150	44342.1108416759	44342.1329	0.0483	44342.090	0.0520
3151	44331.4196142479	44331.4417	0.0483	44331.438	0.0490
3152	44330.80974623816	44330.8318	0.0483	44330.858	0.0490
3153	44324.02965708297	44324.0518	0.0483	44324.063	0.0490
3154	44318.17067490669	44318.1928	0.0966	44318.223	0.0980
3155	44317.17028723753	44317.1924	0.0966	44317.172	0.0966
3157	44309.37081598408	44309.3929	0.0483	44309.384	0.0500
3158	44305.89967260385	44305.9218	0.0483	44305.911	0.0490
3159	44301.4403832557	44301.4625	0.0483	44301.472	0.0490
3160	44300.32060893322	44300.3427	0.0483	44300.335	0.0490
3161	44298.3201743465	44298.3423	0.0483	44298.355	0.0490
3163	44286.1709629196	44286.1931	0.0965	44286.211	0.0980
3164	44284.44968055709	44284.4718	0.0482	44284.474	0.0490
3165	44282.1706575982	44282.1928	0.0482	44282.207	0.0490
3167	44247.07073397061	44247.0927	0.0482	44247.073	0.0500
3168	44245.54921109445	44245.5712	0.0482	44245.539	0.0500
3169	44242.08013181535	44242.1021	0.0482	44242.094	0.0490
3170	44240.55074869748	44240.5727	0.0482	44240.563	0.0500
3171	44224.80003277922	44224.822	0.0481	44224.775	0.0500
3173	44218.85081712426	44218.8728	0.0481	44218.893	0.0490
3174	44214.45082730689	44214.4728	0.0481	44214.474	0.0490
3175	44212.06971082144	44212.0917	0.0481	44212.062	0.0500
3176	44205.61950666231	44205.6415	0.0481	44205.627	0.0490
3177	44204.17026880428	44204.1923	0.0481	44204.195	0.0490
3178	44190.49093758058	44190.5129	0.0481	44190.485	0.0510
3180	44177.52977766372	44177.5517	0.0481	44177.570	0.0490
3181	44166.54030751845	44166.5622	0.0480	44166.581	0.0490
3183	44146.35932771942	44146.3812	0.0480	44146.374	0.0480
3184	44134.04010314571	44134.062	0.4000	44134.129	0.4010
3185	44132.11038093035	44132.1323	0.0480	44132.161	0.0490
3187	44116.0094183111	44116.0313	0.0479	44116.057	0.0490
3188	44114.25110753805	44114.273	0.0479	44114.275	0.0479
3189	44110.51965823251	44110.5416	0.0479	44110.548	0.0479
3190	44104.42952531971	44104.4514	0.0479	44104.471	0.0490
3191	44095.05038198862	44095.0723	0.0479	44095.029	0.0490
3194	44085.67998138013	44085.7019	0.0479	44085.690	0.0490
3195	44083.85055598311	44083.8725	0.0479	44083.877	0.0490
3196	44081.03090364522	44081.0528	0.0479	44081.049	0.0490
3198	44073.24042454857	44073.2622	0.0479	44073.291	0.0490
3201	44030.19025957061	44030.23	0.0478	44030.216	0.0490
3202	44027.28059063455	44027.3203	0.0956	44027.298	0.0956
3203	44026.11990524601	44026.1596	0.0478	44026.173	0.0490
3204	44022.4590909646	44022.4988	0.0478	44022.493	0.0490
3207	44000.93013014711	44000.9698	0.0477	44000.979	0.0490
3208	43999.26111363451	43999.3008	0.0477	43999.311	0.0490
3209	43988.05929421459	43988.0989	0.0477	43988.119	0.0490
3210	43978.63072176084	43978.6703	0.0477	43978.681	0.0490
3211	43977.43085215014	43977.4705	0.0477	43977.459	0.0510
3213	43970.41066796659	43970.4503	0.0477	43970.485	0.0500
3214	43965.17066429084	43965.2103	0.0953	43965.212	0.1000
3215	43956.55043744392	43956.59	0.0477	43956.605	0.0490
3216	43943.39106103972	43943.4307	0.0476	43943.428	0.0490
3217	43940.67039252605	43940.71	0.0476	43940.704	0.0490
3218	43924.8403612518	43924.8799	0.0476	43924.884	0.0490
3219	43919.95996368108	43919.9995	0.0476	43919.987	0.0490
3220	43912.61002413144	43912.6495	0.0476	43912.665	0.0510
3221	43905.41938671831	43905.4589	0.0476	43905.450	0.0476
3222	43903.58116235764	43903.6207	0.0476	43903.672	0.0490
3223	43896.16088130493	43896.2004	0.0476	43896.216	0.0490
3224	43892.42905122904	43892.4686	0.0475	43892.471	0.0475
3225	43885.89086865937	43885.9304	0.0475	43885.917	0.0490
3226	43882.77075626969	43882.8103	0.0475	43882.802	0.0490
3227	43878.69012225549	43878.7295	0.0475	43878.695	0.0475
3228	43874.28021944758	43874.3196	0.0950	43874.346	0.0960
3229	43870.43013365731	43870.4695	0.0475	43870.467	0.0475
3230	43862.40100122942	43862.4404	0.0475	43862.437	0.0490
3231	43860.7896455182	43860.829	0.0475	43860.824	0.0475
3233	43854.30101699303	43854.3404	0.0475	43854.330	0.0475
3236	43834.6190994046	43834.6585	0.0474	43834.629	0.0480
3237	43828.42960677027	43828.469	0.0474	43828.460	0.0480
3238	43821.12962561843	43821.1689	0.0474	43821.180	0.0490
3239	43816.48013244125	43816.5194	0.0474	43816.516	0.0510
3240	43767.83910657847	43767.8153	0.0473	43767.824	0.0480
3241	43757.54980825226	43757.526	0.0946	43757.551	0.0946
3242	43751.3806904158	43751.3569	0.0473	43751.342	0.0480
3243	43743.51906246869	43743.4954	0.0473	43743.477	0.0490
3245	43737.1208783569	43737.0972	0.0473	43737.124	0.0500
3246	43728.53103594499	43728.5073	0.0473	43728.526	0.0480
3247	43720.92085822622	43720.8972	0.0472	43720.920	0.0490
3248	43718.78058694486	43718.7569	0.0472	43718.731	0.0490
3249	43714.95990742799	43714.9362	0.0472	43714.921	0.0480
3250	43707.52116753736	43707.4975	0.0472	43707.518	0.0490
3251	43704.00998000888	43703.9863	0.0472	43704.020	0.0490
3252	43702.32973534313	43702.306	0.0472	43702.272	0.0480
3253	43700.2492752368	43700.2256	0.0472	43700.206	0.0480
3255	43690.31918648166	43690.2955	0.0472	43690.272	0.0510
3256	43684.70080019545	43684.6771	0.0472	43684.672	0.0490
3258	43669.1307986816	43669.1071	0.0472	43669.158	0.0480
3259	43656.30013170544	43656.2765	0.0471	43656.260	0.0480
3260	43654.5295325406	43654.5059	0.0471	43654.461	0.0490
3261	43650.06955442247	43650.046	0.0471	43650.027	0.0480
3263	43640.80956404434	43640.786	0.0471	43640.748	0.0490
3264	43631.81968331584	43631.7961	0.0471	43631.825	0.0480
3265	43630.59998095836	43630.5764	0.0942	43630.589	0.0950
3267	43615.39040964659	43615.3668	0.0471	43615.413	0.0490
3268	43606.90944141933	43606.8858	0.0941	43606.885	0.0950
3269	43605.95923169333	43605.9356	0.0941	43605.947	0.0950
3270	43599.31996709797	43599.2964	0.0470	43599.260	0.0490
3272	43591.01058070541	43590.987	0.0470	43590.973	0.0480
3273	43588.42957219531	43588.406	0.0470	43588.411	0.0490
3274	43586.60081349446	43586.5772	0.0470	43586.599	0.0480
3275	43577.35036994497	43577.3268	0.0470	43577.324	0.0480
3278	43568.84087927202	43568.8173	0.0470	43568.798	0.0490
3279	43567.13115592143	43567.1076	0.0939	43567.099	0.0950
3280	43564.68921419263	43564.6657	0.0470	43564.683	0.0480
3281	43562.25928250933	43562.2358	0.0470	43562.278	0.0480
3282	43560.73962668503	43560.7161	0.0470	43560.706	0.0500
3283	43552.6390280929	43552.6155	0.0469	43552.581	0.0480
3284	43543.3204431277	43543.2969	0.0469	43543.284	0.0480
3285	43530.33898208837	43530.3155	0.0469	43530.292	0.0480
3286	43514.6693011179	43514.6458	0.0469	43514.640	0.0480
3288	43511.75006979571	43511.7266	0.0469	43511.719	0.0480
3289	43510.29048621727	43510.267	0.0469	43510.279	0.0480
3290	43506.20055054919	43506.1771	0.0469	43506.194	0.0480
3291	43504.21103626905	43504.1875	0.0469	43504.170	0.0469
3292	43496.03964900336	43496.0161	0.0468	43496.011	0.0468
3293	43493.14072810489	43493.1172	0.0937	43493.097	0.0937
3294	43491.66946990442	43491.646	0.0468	43491.650	0.0480
3295	43487.46953515514	43487.446	0.0468	43487.472	0.0468
3296	43484.93072298842	43484.9072	0.0468	43484.944	0.0480
3297	43480.71912588198	43480.6956	0.0468	43480.721	0.0468
3298	43474.68100286547	43474.6575	0.0468	43474.669	0.0480
3301	43458.50961677321	43458.4862	0.0468	43458.480	0.0468
3302	43453.03014816104	43453.0067	0.0935	43452.994	0.0935
3303	43444.40034614431	43444.3769	0.0935	43444.335	0.0935
3306	43416.98971812673	43417.0216	0.0467	43417.034	0.0467
3307	43415.87919426257	43415.9111	0.0467	43415.941	0.0480
3308	43410.16098051088	43410.1929	0.0934	43410.181	0.0940
3309	43409.12952086415	43409.1614	0.0934	43409.155	0.0940
3310	43407.46984355142	43407.5017	0.0467	43407.479	0.0480
3311	43405.98010708662	43406.012	0.0467	43406.039	0.0480
3312	43399.78030587263	43399.8122	0.0934	43399.852	0.0940
3313	43398.65023043937	43398.6821	0.0467	43398.684	0.0480
3314	43397.21986035117	43397.2518	0.0934	43397.263	0.0940
3315	43395.67104633585	43395.7029	0.0933	43395.701	0.0940
3316	43393.88119062204	43393.9131	0.0933	43393.940	0.0940
3317	43391.88979272117	43391.9217	0.0467	43391.929	0.0480
3318	43385.6394507376	43385.6714	0.0467	43385.638	0.0480
3319	43381.7401339608	43381.772	0.0466	43381.750	0.0480
3320	43369.73094532693	43369.7628	0.0466	43369.804	0.0480
3321	43368.3799480755	43368.4118	0.0466	43368.415	0.0466
3322	43364.99084066893	43365.0226	0.0466	43365.014	0.0466
3323	43359.63083996539	43359.6626	0.0466	43359.688	0.0480
3324	43340.59066313095	43340.6225	0.0466	43340.656	0.0480
3325	43334.24077803415	43334.2726	0.0466	43334.261	0.0466
3327	43329.9405992848	43329.9724	0.0466	43329.964	0.0480
3328	43327.80044549958	43327.8322	0.0466	43327.847	0.0480
3329	43325.79065374376	43325.8225	0.0466	43325.816	0.0490
3330	43321.96068992585	43321.9925	0.0465	43322.017	0.0480
3331	43318.62043197623	43318.6522	0.0465	43318.675	0.0480
3333	43314.099792008	43314.1316	0.0465	43314.171	0.0480
3334	43313.38911364914	43313.4209	0.0931	43313.428	0.0940
3336	43306.55928028571	43306.5911	0.0465	43306.624	0.0480
3337	43301.66028307557	43301.6921	0.0465	43301.671	0.0480
3340	43293.63908224332	43293.6708	0.0930	43293.679	0.0940
3341	43291.16029366481	43291.192	0.0465	43291.165	0.0480
3342	43288.23938972571	43288.2711	0.0465	43288.287	0.0465
3344	43277.76056182032	43277.7923	0.0465	43277.787	0.0480
3346	43272.08932259545	43272.121	0.0465	43272.054	0.0490
3347	43266.78940723551	43266.8211	0.0465	43266.788	0.0480
3349	43257.74119814746	43257.7729	0.0464	43257.745	0.0490
3351	43252.61948863367	43252.6512	0.0464	43252.669	0.0470
3352	43249.73916473219	43249.7709	0.0464	43249.769	0.0470
3353	43239.22089997413	43239.2526	0.0464	43239.251	0.0470
3355	43220.45932567542	43220.4909	0.0464	43220.485	0.0470
3356	43217.95076469157	43217.9824	0.0464	43217.978	0.0470
3357	43214.92936678456	43214.961	0.0464	43214.976	0.0470
3358	43208.29932749298	43208.3309	0.0463	43208.328	0.0470
3359	43204.52116507824	43204.5528	0.0463	43204.556	0.0470
3360	43202.35990333676	43202.3915	0.0463	43202.381	0.0480
3361	43200.88107040293	43200.9127	0.0463	43200.895	0.0470
3362	43198.6094454561	43198.641	0.0463	43198.620	0.0480
3363	43194.9498710797	43194.9815	0.0463	43194.982	0.0470
3367	43178.16000332273	43178.1916	0.0463	43178.211	0.0470
3368	43174.78112906075	43174.8127	0.0926	43174.824	0.0970
3369	43168.83959873492	43168.8712	0.0463	43168.882	0.0470
3370	43166.8408626309	43166.8725	0.0463	43166.894	0.0470
3372	43148.21090151207	43148.2424	0.0462	43148.244	0.0470
3373	43144.62007201288	43144.6516	0.0462	43144.654	0.0480
3374	43142.29069651203	43142.3222	0.0462	43142.337	0.0470
3375	43134.40024227797	43134.4317	0.0462	43134.442	0.0480
3376	43126.19903364604	43126.2305	0.0462	43126.254	0.0480
3377	43124.54002327159	43124.5715	0.0462	43124.576	0.0470
3378	43120.61124968213	43120.6427	0.0462	43120.639	0.0480
3379	43115.48070467229	43115.5122	0.0462	43115.511	0.0470
3380	43112.21020737221	43112.2417	0.0462	43112.231	0.0470
3381	43109.29053344108	43109.322	0.0462	43109.314	0.0480
3382	43105.94927220916	43105.9808	0.1800	43105.940	0.1800
3383	43103.40016121423	43103.4317	0.0923	43103.392	0.0930
3384	43101.30020795669	43101.3317	0.0923	43101.357	0.0930
3385	43088.0001804324	43088.0316	0.0461	43087.995	0.0500
3386	43086.0699154469	43086.1013	0.0461	43086.101	0.0480
3387	43082.67042993786	43082.7018	0.0461	43082.703	0.0480
3388	43073.39028752749	43073.4217	0.0461	43073.431	0.0470
3390	43060.88939377526	43060.9208	0.0461	43060.871	0.0470
3391	43059.18024728302	43059.2116	0.0461	43059.211	0.0461
3392	43058.3492313869	43058.3806	0.0461	43058.384	0.0490
3394	43043.36954828304	43043.4009	0.0461	43043.399	0.0640
3395	43029.21105027461	43029.2483	0.0460	43029.235	0.0470
3397	43025.45125942097	43025.4885	0.0460	43025.476	0.0470
3398	43007.94922594949	43007.9863	0.0460	43007.986	0.0470
3400	43001.12018483054	43001.1573	0.0460	43001.139	0.0490
3401	42997.2590266805	42997.2961	0.0460	42997.250	0.0470
3403	42983.94904256908	42983.9861	0.0919	42983.972	0.0919
3404	42982.20970454318	42982.2468	0.0460	42982.215	0.0470
3405	42977.71973218252	42977.7568	0.0460	42977.800	0.0470
3406	42976.6809621828	42976.7181	0.0459	42976.755	0.0470
3407	42975.42955776057	42975.4667	0.0919	42975.445	0.0930
3408	42973.26927937893	42973.3064	0.0459	42973.316	0.0470
3409	42966.3795923735	42966.4167	0.0459	42966.421	0.0470
3410	42964.71918359804	42964.7563	0.0459	42964.789	0.0470
3411	42940.7412177019	42940.7782	0.0459	42940.786	0.0470
3412	42934.03070431436	42934.0677	0.0459	42934.067	0.0480
3413	42931.8910155023	42931.928	0.0917	42931.949	0.0917
3414	42929.51918426342	42929.5562	0.0459	42929.575	0.0470
3415	42927.24982013692	42927.2868	0.0459	42927.273	0.0459
3416	42924.35901006879	42924.396	0.0459	42924.396	0.0480
3418	42921.88915648893	42921.9262	0.0459	42921.914	0.0470
3419	42920.20988702032	42920.2469	0.0459	42920.262	0.0470
3420	42916.50915620151	42916.5462	0.0458	42916.544	0.0470
3421	42915.30974347242	42915.3467	0.0458	42915.292	0.0470
3422	42913.24904041098	42913.286	0.0458	42913.305	0.0470
3423	42898.05114731708	42898.0881	0.0458	42898.086	0.0480
3424	42891.1901150643	42891.227	0.0458	42891.195	0.0470
3425	42871.62026820072	42871.6572	0.0458	42871.647	0.0480
3426	42866.12116758129	42866.1581	0.0458	42866.183	0.0480
3427	42861.67950325456	42861.7164	0.0458	42861.730	0.0458
3429	42857.72942821949	42857.7663	0.0457	42857.765	0.0470
3431	42839.82053884758	42839.8574	0.0457	42839.817	0.0470
3432	42836.79085452741	42836.8278	0.0457	42836.850	0.0470
3435	42797.42090577144	42797.4577	0.0456	42797.401	0.0500
3436	42795.51970701716	42795.5565	0.0456	42795.545	0.0470
3437	42792.69950408766	42792.7363	0.0913	42792.796	0.0920
3438	42778.23067070085	42778.2675	0.0456	42778.255	0.0470
3439	42775.70934195589	42775.746	0.0456	42775.754	0.0456
3440	42771.3896269016	42771.4263	0.0456	42771.383	0.0470
3441	42769.35940153767	42769.3961	0.0456	42769.420	0.0480
3442	42768.14997233689	42768.1867	0.0456	42768.189	0.0470
3443	42755.10985505123	42755.1466	0.0456	42755.157	0.0480
3445	42747.43033282706	42747.467	0.0456	42747.467	0.0470
3446	42741.54928616528	42741.586	0.0455	42741.567	0.0470
3447	42736.5401923489	42736.5769	0.0455	42736.574	0.0455
3449	42727.86120170393	42727.8979	0.0455	42727.894	0.0470
3450	42726.2596130103	42726.2963	0.0455	42726.298	0.0455
3453	42698.63034110554	42698.6669	0.0455	42698.645	0.0455
3454	42691.3200407383	42691.3566	0.0455	42691.380	0.0455
3456	42664.12018623808	42664.1643	0.0908	42664.184	0.0908
3458	42635.28076171051	42635.3248	0.0454	42635.312	0.0480
3459	42630.84939624957	42630.8934	0.0454	42630.920	0.0470
3460	42616.45123963317	42616.4952	0.0453	42616.490	0.0460
3461	42614.7690675553	42614.8131	0.0453	42614.757	0.0470
3463	42588.35079533268	42588.3947	0.0453	42588.383	0.0460
3464	42564.36126752386	42564.4052	0.2500	42564.371	0.2500
3465	42562.15110825337	42562.195	0.0905	42562.156	0.0905
3466	42546.84984790716	42546.8936	0.0452	42546.845	0.0460
3467	42539.17084812527	42539.2146	0.0452	42539.208	0.0460
3468	42500.47121370544	42500.5149	0.0903	42500.479	0.0920
3469	42494.06055841852	42494.1043	0.0903	42494.099	0.0930
3470	42481.74953392486	42481.7932	0.0902	42481.784	0.0910
3471	42479.7801279195	42479.8238	0.0451	42479.815	0.0460
3472	42473.35904794869	42473.4027	0.0902	42473.394	0.0910
3473	42471.47987449954	42471.5236	0.0451	42471.490	0.0460
3474	42465.580106725	42465.6238	0.0451	42465.621	0.0510
3476	42460.31099227225	42460.3546	0.0451	42460.365	0.0460
3477	42451.62098412093	42451.6646	0.0901	42451.634	0.0910
3478	42450.90074765068	42450.9443	0.0901	42450.923	0.0940
3479	42449.10018158235	42449.1438	0.0451	42449.116	0.0460
3480	42445.15095058401	42445.1946	0.0450	42445.175	0.0460
3481	42430.32971882761	42430.3733	0.0450	42430.368	0.0460
3482	42427.77045177265	42427.8141	0.0450	42427.899	0.0470
3483	42410.67091651106	42410.7144	0.0450	42410.668	0.0470
3484	42405.81928153264	42405.8628	0.0450	42405.855	0.0460
3486	42402.5603872361	42402.6039	0.0450	42402.625	0.0460
3487	42383.72070802414	42383.7642	0.0449	42383.805	0.0460
3488	42381.89008411486	42381.9336	0.0449	42381.935	0.0460
3489	42372.85124228205	42372.8947	0.0449	42372.849	0.0460
3490	42370.96992412303	42371.0134	0.0449	42370.982	0.0460
3491	42365.99909347681	42366.0425	0.0449	42365.952	0.0490
3492	42364.8493425557	42364.8927	0.0449	42364.922	0.0460
3493	42354.68974605141	42354.7331	0.0449	42354.760	0.0470
3494	42351.02972239091	42351.0731	0.0449	42351.057	0.0470
3495	42347.85086927052	42347.8943	0.0449	42347.888	0.0460
3496	42345.82924946112	42345.8726	0.0449	42345.878	0.0460
3497	42340.35932405651	42340.4027	0.0449	42340.369	0.0460
3498	42329.38909216124	42329.4325	0.0448	42329.468	0.0460
3501	42319.99934519344	42320.0427	0.0448	42320.007	0.0460
3502	42318.38120209874	42318.4246	0.0448	42318.390	0.0480
3503	42308.48042347772	42308.5237	0.0448	42308.560	0.0460
3504	42292.96110172027	42293.0044	0.1118	42292.904	0.1150
3505	42292.46087779475	42292.5042	0.0896	42292.477	0.0896
3506	42283.35984883455	42283.4031	0.0448	42283.394	0.0460
3507	42279.28058899647	42279.3239	0.0448	42279.348	0.0460
3508	42269.3993998728	42269.4427	0.0447	42269.468	0.0470
3509	42268.50094192418	42268.5441	0.0447	42268.526	0.0447
3510	42261.16012988309	42261.2033	0.0447	42261.204	0.0460
3511	42256.15980870446	42256.203	0.0447	42256.157	0.0470
3513	42225.80034446875	42225.8435	0.0447	42225.805	0.0460
3514	42224.67950162978	42224.7227	0.0447	42224.759	0.0480
3516	42219.97011166694	42220.0133	0.0447	42220.023	0.0460
3517	42212.43000862391	42212.4731	0.0447	42212.443	0.0480
3518	42210.22002702898	42210.2631	0.0446	42210.268	0.0460
3519	42206.40922338473	42206.4523	0.0446	42206.459	0.0470
3520	42203.00091763246	42203.044	0.0446	42203.053	0.0470
3521	42197.57023354655	42197.6133	0.0446	42197.574	0.0460
3523	42190.21918041941	42190.2623	0.0446	42190.312	0.0470
3524	42183.68083328533	42183.7239	0.0446	42183.747	0.0446
3525	42180.7805990072	42180.8237	0.0446	42180.830	0.0460
3526	42178.20052988028	42178.2436	0.0446	42178.279	0.0460
3527	42162.94011430247	42162.9831	0.0446	42163.094	0.0510
3528	42157.42977061783	42157.4728	0.0446	42157.508	0.0460
3529	42154.63959673929	42154.6826	0.0446	42154.696	0.0446
3530	42146.89005442092	42146.9331	0.0445	42146.962	0.0490
3532	42143.3511478908	42143.3941	0.0445	42143.375	0.0460
3533	42123.36031363063	42123.3897	0.0445	42123.392	0.0445
3534	42117.34895578342	42117.3783	0.1200	42117.457	0.1240
3535	42109.89121867573	42109.9205	0.0445	42109.826	0.0500
3536	42102.80040522152	42102.8297	0.0445	42102.815	0.0460
3537	42081.94079282785	42081.9701	0.0444	42081.969	0.0450
3538	42077.76083519258	42077.7901	0.0444	42077.809	0.0450
3540	42072.87909010071	42072.9084	0.0444	42072.914	0.0450
3541	42064.87120604494	42064.9005	0.0444	42064.807	0.0500
3542	42058.15015047144	42058.1795	0.0444	42058.176	0.0450
3543	42056.8910811784	42056.9204	0.0444	42056.899	0.0480
3544	42056.02941532764	42056.0587	0.0444	42056.045	0.0450
3545	42045.45023778638	42045.4794	0.0444	42045.477	0.0450
3546	42038.18117841223	42038.2104	0.0887	42038.275	0.0900
3547	42035.10986654441	42035.1391	0.0444	42035.120	0.0450
3548	42030.44101089633	42030.4702	0.0887	42030.448	0.0887
3550	42023.99897271906	42024.0282	0.0887	42024.012	0.0900
3551	42022.12083767167	42022.15	0.0887	42022.132	0.0887
3554	42015.8197233876	42015.8489	0.0443	42015.883	0.0480
3556	42003.0904439264	42003.1196	0.0443	42003.095	0.0450
3557	41985.54020006397	41985.5694	0.0443	41985.551	0.0470
3558	41978.5092452995	41978.5384	0.0443	41978.545	0.0450
3559	41966.85985309338	41966.889	0.0885	41966.853	0.0885
3560	41965.06064029565	41965.0897	0.0442	41965.143	0.0460
3561	41958.3700323891	41958.3991	0.0442	41958.366	0.0450
3563	41951.48905736562	41951.5182	0.0442	41951.509	0.0450
3564	41927.54043912682	41927.5695	0.0442	41927.607	0.0450
3565	41924.65959863956	41924.6887	0.0442	41924.658	0.0460
3566	41920.21022087555	41920.2393	0.0442	41920.281	0.0480
3567	41884.7313221654	41884.7603	0.0441	41884.757	0.0450
3568	41881.92951416682	41881.9585	0.0441	41881.951	0.0450
3569	41877.19034963757	41877.2193	0.0441	41877.226	0.0450
3570	41873.31128400621	41873.3403	0.0441	41873.292	0.0460
3571	41848.47976489346	41848.5088	0.0440	41848.497	0.0450
3572	41845.44971422325	41845.4787	0.0440	41845.494	0.0450
3573	41840.00063356532	41840.0296	0.0440	41840.002	0.0460
3574	41837.48032343225	41837.5093	0.0440	41837.507	0.0450
3576	41826.71922383129	41826.7481	0.0440	41826.735	0.0450
3577	41823.28935574186	41823.3183	0.0440	41823.324	0.0450
3578	41818.94972120973	41818.9786	0.0440	41818.963	0.0450
3580	41802.47943443588	41802.5083	0.0440	41802.465	0.0450
3581	41777.34034040936	41777.3692	0.0439	41777.349	0.0450
3582	41762.99908823409	41763.028	0.0439	41763.058	0.0450
3583	41757.97065174941	41757.9995	0.0439	41757.973	0.0460
3584	41757.25939550931	41757.2882	0.0439	41757.286	0.0450
3585	41747.02059782408	41747.0494	0.0439	41747.071	0.0450
3586	41744.21901890622	41744.2478	0.0878	41744.239	0.0878
3587	41733.20082964779	41733.2296	0.0439	41733.255	0.0450
3588	41707.90916490499	41707.938	0.0438	41707.938	0.0450
3589	41691.45081121816	41691.4796	0.0438	41691.480	0.0450
3590	41687.68022518055	41687.7089	0.0438	41687.722	0.0438
3592	41659.24125938334	41659.2694	0.0437	41659.240	0.0460
3593	41656.12017298867	41656.1483	0.0437	41656.161	0.0450
3594	41643.94004082624	41643.9681	0.0437	41643.983	0.0450
3595	41641.89085396113	41641.919	0.0437	41641.897	0.0450
3596	41639.41082861531	41639.4389	0.0437	41639.450	0.0450
3597	41614.69945591408	41614.7275	0.0437	41614.637	0.0470
3598	41610.0708569173	41610.0989	0.0437	41610.073	0.0437
3600	41557.66905718714	41557.6971	0.0871	41557.709	0.0880
3602	41544.31936806599	41544.3473	0.0435	41544.395	0.0450
3604	41534.58083155871	41534.6087	0.0435	41534.631	0.0450
3606	41530.21955174534	41530.2475	0.0435	41530.249	0.0450
3607	41526.0291256229	41526.057	0.0435	41526.063	0.0450
3608	41514.57924270102	41514.6071	0.0435	41514.617	0.0435
3610	41512.37014578126	41512.398	0.0435	41512.418	0.0435
3611	41495.26040447043	41495.2883	0.0435	41495.320	0.0435
3612	41484.56979796957	41484.5977	0.0434	41484.629	0.0450
3613	41475.94923613495	41475.977	0.0434	41476.009	0.0460
3614	41473.79906049907	41473.8269	0.0869	41473.829	0.1100
3615	41464.26926280188	41464.2971	0.0434	41464.306	0.0440
3617	41455.87918068682	41455.907	0.0434	41455.915	0.0440
3618	41448.1599931684	41448.1878	0.0434	41448.197	0.0440
3619	41446.71914414105	41446.7469	0.0434	41446.744	0.0440
3620	41443.00888445641	41443.0367	0.0434	41443.019	0.0450
3621	41439.94947640991	41439.9773	0.0434	41440.014	0.0450
3622	41423.770985541	41423.7988	0.0433	41423.824	0.0450
3623	41414.9006129742	41414.9284	0.0433	41414.965	0.0440
3625	41403.18956580211	41403.2173	0.0433	41403.259	0.0450
3626	41386.71933959334	41386.747	0.0800	41386.743	0.0870
3627	41382.79112574038	41382.8188	0.0433	41382.821	0.0440
3628	41369.12994805884	41369.1576	0.0433	41369.204	0.0470
3629	41367.05965088341	41367.0874	0.0433	41367.055	0.0440
3630	41349.21104383302	41349.2387	0.0432	41349.271	0.0450
3631	41327.69116105302	41327.7188	0.0432	41327.701	0.0440
3632	41305.85899648908	41305.8866	0.0432	41305.923	0.0440
3633	41298.58933397856	41298.6169	0.0431	41298.686	0.0450
3634	41296.54008750024	41296.5677	0.0431	41296.534	0.0440
3635	41290.02134080375	41290.0489	0.0431	41290.047	0.0440
3636	41279.94990843307	41279.9775	0.0431	41279.989	0.0440
3638	41271.39133542719	41271.4189	0.0431	41271.405	0.0450
3639	41262.7213116403	41262.7489	0.0431	41262.753	0.0460
3640	41260.61089822759	41260.6385	0.0862	41260.627	0.0990
3641	41255.74102434651	41255.7686	0.0431	41255.818	0.0450
3643	41246.70899855481	41246.7365	0.0431	41246.759	0.0450
3646	41240.87004235468	41240.8975	0.0431	41240.897	0.0440
3647	41235.95110194376	41235.9572	0.0430	41235.981	0.0440
3648	41232.24920265762	41232.2553	0.0430	41232.238	0.0440
3649	41230.68064462797	41230.6867	0.0430	41230.671	0.0450
3650	41227.96054398421	41227.9666	0.0861	41227.981	0.0870
3651	41224.08901743242	41224.0951	0.0430	41224.087	0.0450
3652	41217.35897538406	41217.3651	0.0430	41217.323	0.0460
3654	41210.91918514512	41210.9253	0.0430	41210.932	0.0440
3655	41205.24099487418	41205.2471	0.0430	41205.295	0.0440
3656	41202.08137587397	41202.0875	0.0430	41202.071	0.0440
3657	41193.15891820665	41193.165	0.0430	41193.136	0.0440
3658	41163.81104660194	41163.8171	0.0429	41163.783	0.0450
3660	41147.19111644942	41147.1972	0.0429	41147.177	0.0440
3661	41145.19899451821	41145.2051	0.0429	41145.181	0.0440
3663	41134.41065380975	41134.4168	0.0858	41134.433	0.0858
3664	41118.45977515553	41118.4659	0.0429	41118.461	0.0460
3665	41110.79995104267	41110.8061	0.0428	41110.860	0.0450
3666	41103.48034144865	41103.4864	0.0428	41103.473	0.0440
3667	41094.49080623562	41094.4969	0.0428	41094.508	0.0440
3668	41086.65921449253	41086.6653	0.0428	41086.642	0.0450
3669	41078.60114567688	41078.6072	0.0428	41078.683	0.0480
3670	41069.17040626281	41069.1765	0.0856	41069.218	0.0856
3671	41065.64893490632	41065.655	0.0428	41065.663	0.0440
3672	41059.64048628227	41059.6466	0.0428	41059.681	0.0450
3673	41048.53059625546	41048.5367	0.0427	41048.556	0.0440
3675	41040.02076781991	41040.0268	0.0427	41040.044	0.0440
3676	41023.48899900969	41023.495	0.0427	41023.488	0.0440
3677	41020.54015080106	41020.5462	0.0427	41020.554	0.0440
3678	41012.51101916812	41012.517	0.0427	41012.558	0.0440
3679	41010.62991906004	41010.6359	0.0427	41010.615	0.0440
3680	40999.10986056531	40999.1159	0.0427	40999.143	0.0440
3681	40994.25027449869	40994.2563	0.0427	40994.244	0.0440
3682	40975.81992603365	40975.8259	0.0426	40975.842	0.0440
3684	40965.59123298209	40965.5972	0.0426	40965.565	0.0450
3685	40953.93052543959	40953.9365	0.0426	40953.939	0.0440
3686	40951.86964586332	40951.8756	0.0426	40951.908	0.0426
3687	40948.36081286144	40948.3668	0.0426	40948.353	0.0440
3688	40943.6310689188	40943.6371	0.0426	40943.627	0.0426
3689	40939.99890230108	40940.0049	0.0426	40940.021	0.0440
3690	40932.11945785846	40932.1255	0.0426	40932.113	0.0426
3691	40925.95048256615	40925.9565	0.0425	40925.941	0.0440
3692	40921.34137474621	40921.3474	0.0425	40921.356	0.0425
3693	40902.2908634644	40902.2969	0.0425	40902.314	0.0530
3694	40901.35900260889	40901.365	0.0425	40901.357	0.0425
3695	40889.31051687199	40889.3165	0.0850	40889.270	0.0860
3696	40888.52894321031	40888.5349	0.0850	40888.563	0.0850
3697	40879.28013360703	40879.2861	0.0425	40879.298	0.0440
3699	40869.58950164852	40869.5955	0.0425	40869.611	0.0425
3700	40857.82992587634	40857.8359	0.0424	40857.835	0.0450
3701	40845.66023760878	40845.6662	0.0424	40845.686	0.0430
3702	40834.680916865	40834.6869	0.0424	40834.720	0.0430
3703	40810.03021005423	40810.0165	0.0424	40810.037	0.0440
3704	40805.50005505024	40805.4864	0.0424	40805.471	0.0470
3705	40803.63131568903	40803.6176	0.0423	40803.561	0.0540
3706	40801.18922943246	40801.1755	0.0423	40801.005	0.0500
3707	40799.22062195656	40799.2069	0.0423	40799.182	0.0440
3708	40790.20006991552	40790.1864	0.3500	40789.674	0.3520
3709	40780.98067746469	40780.9671	0.0423	40780.986	0.0440
3711	40773.18062844055	40773.167	0.0423	40773.216	0.0440
3712	40770.30890174133	40770.2953	0.0423	40770.333	0.0430
3713	40767.7106308416	40767.697	0.0423	40767.733	0.0440
3714	40757.24053617325	40757.2269	0.0846	40757.252	0.0846
3715	40756.59107110622	40756.5775	0.0845	40756.539	0.0860
3717	40749.13142053325	40749.1178	0.0423	40749.083	0.0440
3718	40741.11130366698	40741.0977	0.0422	40741.091	0.0450
3719	40727.52059423662	40727.507	0.0422	40727.505	0.0430
3720	40723.85891294014	40723.8453	0.0422	40723.852	0.0430
3722	40718.91086797505	40718.8973	0.0844	40718.952	0.0850
3723	40715.04987296743	40715.0363	0.0422	40715.005	0.0440
3724	40708.73084186192	40708.7172	0.0422	40708.748	0.0440
3725	40705.73084127583	40705.7172	0.0422	40705.733	0.0430
3726	40704.47096467756	40704.4574	0.0422	40704.468	0.0430
3728	40692.09942011305	40692.0858	0.0422	40692.074	0.0440
3729	40672.23074783605	40672.2171	0.0421	40672.251	0.0430
3730	40667.15100965205	40667.1374	0.0421	40667.095	0.0500
3731	40649.54112272645	40649.5275	0.0421	40649.525	0.0430
3732	40647.92121767924	40647.9076	0.0421	40647.928	0.0430
3733	40641.8791426596	40641.8655	0.0842	40641.882	0.0850
3734	40640.68927453556	40640.6757	0.0421	40640.688	0.0450
3737	40627.77064417634	40627.7571	0.0421	40627.753	0.0440
3738	40626.23920335759	40626.2257	0.0841	40626.205	0.0850
3739	40602.21122502704	40602.1977	0.0420	40602.213	0.0430
3742	40590.34887089595	40590.3354	0.0420	40590.311	0.0450
3743	40583.75135970089	40583.7379	0.0420	40583.752	0.0430
3745	40567.63086425878	40567.6174	0.0420	40567.621	0.0440
3748	40551.21044651667	40551.1969	0.0419	40551.185	0.0430
3749	40547.18063269842	40547.1671	0.0419	40547.228	0.0440
3750	40540.68940424666	40540.6759	0.0419	40540.645	0.0430
3751	40536.24991308912	40536.2364	0.0419	40536.181	0.0460
3753	40531.07083898367	40531.0573	0.0419	40531.047	0.0430
3754	40527.49036783986	40527.4769	0.0419	40527.501	0.0430
3755	40518.22939617316	40518.2159	0.0419	40518.216	0.0430
3756	40515.51958729726	40515.5061	0.0838	40515.474	0.0850
3758	40508.60927275751	40508.5958	0.0419	40508.597	0.0430
3760	40503.15968693953	40503.1462	0.0419	40503.132	0.0440
3762	40496.03963610254	40496.0261	0.0419	40496.004	0.0430
3763	40490.52945058086	40490.516	0.0419	40490.508	0.0470
3764	40484.95087090052	40484.9374	0.0418	40484.954	0.0430
3765	40476.93948039426	40476.9261	0.0418	40476.957	0.0430
3767	40454.72964129993	40454.7162	0.0418	40454.753	0.0430
3768	40434.70059047088	40434.6872	0.0418	40434.678	0.0470
3770	40417.62001517435	40417.6066	0.0835	40417.599	0.0850
3772	40402.93893021723	40402.9819	0.1400	40402.979	0.1400
3774	40391.06980695497	40391.1128	0.0417	40391.130	0.0430
3775	40386.23991698534	40386.2829	0.0417	40386.350	0.0430
3777	40380.5491322449	40380.5921	0.0417	40380.635	0.0430
3778	40376.40125595177	40376.4443	0.0417	40376.437	0.0430
3779	40374.48014841247	40374.5231	0.0833	40374.554	0.0840
3780	40371.30037339147	40371.3434	0.0833	40371.350	0.0840
3781	40356.30970482666	40356.3526	0.0416	40356.368	0.0416
3782	40354.74140516769	40354.7843	0.0416	40354.773	0.0416
3783	40346.6313504039	40346.6743	0.0416	40346.691	0.0416
3784	40339.21043276487	40339.2533	0.0832	40339.268	0.0840
3785	40337.66147749824	40337.7044	0.0832	40337.729	0.0840
3788	40322.04928802445	40322.0922	0.0416	40322.084	0.0450
3789	40310.78018788303	40310.823	0.0416	40310.841	0.0430
3790	40306.66972693043	40306.7125	0.0831	40306.738	0.0840
3791	40306.37904069107	40306.4218	0.0831	40306.458	0.0840
3793	40302.4908733911	40302.5337	0.0416	40302.528	0.0416
3794	40299.1490775077	40299.1919	0.0416	40299.210	0.0430
3795	40293.75120021845	40293.794	0.0415	40293.802	0.0430
3797	40281.65985594711	40281.7027	0.0415	40281.691	0.0415
3802	40271.69911772668	40271.7418	0.0415	40271.715	0.0430
3804	40268.5689594479	40268.6117	0.0415	40268.607	0.0430
3805	40266.53969909316	40266.5824	0.0830	40266.577	0.0850
3806	40260.2492902165	40260.292	0.0415	40260.311	0.0415
3807	40257.83052019811	40257.8732	0.0415	40257.880	0.0430
3808	40256.76055421358	40256.8033	0.0415	40256.776	0.0440
3809	40253.77989639465	40253.8226	0.0830	40253.235	0.0870
3811	40245.69103320023	40245.7337	0.0415	40245.733	0.0430
3812	40242.210234796	40242.2529	0.0415	40242.264	0.0415
3813	40235.74968083776	40235.7924	0.0829	40235.821	0.0829
3814	40234.12989464599	40234.1726	0.0415	40234.164	0.0430
3815	40231.29897480034	40231.3417	0.0414	40231.330	0.0420
3817	40226.77999266569	40226.8227	0.0829	40226.826	0.0829
3818	40204.6689762883	40204.7116	0.0414	40204.715	0.0420
3819	40199.34938133774	40199.392	0.0414	40199.363	0.0420
3820	40194.62959610178	40194.6722	0.0414	40194.691	0.0450
3822	40191.49104659172	40191.5336	0.0414	40191.505	0.0430
3823	40186.77900248994	40186.8216	0.0414	40186.849	0.0430
3824	40184.83946553469	40184.8821	0.0414	40184.863	0.0420
3827	40175.14978749098	40175.1923	0.0827	40175.064	0.0860
3829	40170.62982656416	40170.6723	0.0827	40170.652	0.0827
3830	40169.19080945887	40169.2333	0.0827	40169.215	0.0850
3831	40163.20891761727	40163.2514	0.0413	40163.235	0.0420
3833	40150.60970843113	40150.6522	0.1461	40150.638	0.1461
3834	40145.40039653367	40145.4429	0.0413	40145.426	0.0430
3836	40131.01032938534	40131.0528	0.0413	40131.070	0.0420
3837	40128.5913970857	40128.6338	0.0413	40128.630	0.0420
3838	40127.16043679538	40127.2028	0.0413	40127.205	0.0420
3840	40116.74109533034	40116.7835	0.0413	40116.797	0.0420
3841	40110.74015374107	40110.7826	0.0413	40110.847	0.0440
3842	40106.73109563196	40106.7735	0.0413	40106.809	0.0420
3843	40104.01140340076	40104.0538	0.0412	40104.100	0.0430
3844	40101.71131534345	40101.7537	0.0412	40101.751	0.0440
3845	40091.80963127167	40091.852	0.0412	40091.836	0.0420
3846	40089.20120815383	40089.2436	0.0412	40089.232	0.0420
3848	40080.94094723793	40080.9832	0.0824	40080.964	0.0840
3850	40075.85008655474	40075.8924	0.1500	40075.904	0.1500
3851	40074.93130033201	40074.9736	0.0412	40074.957	0.0420
3852	40070.40145135509	40070.4438	0.0412	40070.444	0.0420
3853	40065.28074822919	40065.323	0.0412	40065.322	0.0420
3854	40064.15966157693	40064.202	0.0824	40064.211	0.0830
3855	40062.08938189069	40062.1317	0.0824	40062.156	0.0830
3856	40059.92019345682	40059.9625	0.0824	40059.958	0.0840
3857	40058.70022365123	40058.7425	0.0412	40058.746	0.0430
3858	40053.08107257772	40053.1234	0.0412	40053.151	0.0430
3859	40048.57149797061	40048.6138	0.0412	40048.597	0.0610
3860	40047.27886517515	40047.3212	0.0412	40047.295	0.0420
3861	40033.69093649074	40033.7331	0.0411	40033.744	0.0420
3865	40018.42053921941	40018.4084	0.0411	40018.391	0.0430
3866	40017.04122902377	40017.0291	0.0822	40017.075	0.0830
3867	40015.20069302116	40015.1886	0.0411	40015.192	0.0420
3868	40008.17076665033	40008.1587	0.0411	40008.132	0.0420
3870	40000.20034009575	40000.1882	0.0411	40000.192	0.0420
3871	39994.40961950216	39994.3975	0.0411	39994.443	0.0420
3872	39992.96965308383	39992.9576	0.0411	39992.936	0.0440
3873	39988.4593849587	39988.4474	0.0411	39988.444	0.0430
3874	39983.81998549234	39983.808	0.0411	39983.832	0.0520
3875	39981.72148064576	39981.7095	0.0411	39981.817	0.0580
3877	39974.48098892131	39974.469	0.0410	39974.474	0.0420
3878	39972.30997291131	39972.298	0.0410	39972.334	0.0420
3880	39960.64908779657	39960.6371	0.0821	39961.054	0.0860
3884	39947.5887971526	39947.5768	0.0820	39947.577	0.0830
3885	39946.30966972454	39946.2977	0.0820	39946.304	0.0830
3886	39945.54076814646	39945.5288	0.0410	39945.512	0.0420
3887	39942.86044980987	39942.8484	0.0410	39942.855	0.0430
3888	39941.47092899181	39941.4589	0.0410	39941.480	0.0420
3889	39939.82994335479	39939.8179	0.0410	39939.801	0.0420
3890	39937.481258455	39937.4693	0.0410	39937.471	0.0430
3892	39933.78099804732	39933.769	0.0410	39933.762	0.0430
3893	39932.63144299792	39932.6194	0.0820	39932.668	0.0830
3894	39931.48908501807	39931.4771	0.0410	39931.394	0.0460
3895	39930.19139243	39930.1794	0.0410	39930.163	0.0420
3896	39924.16930336852	39924.1573	0.0410	39924.164	0.0420
3899	39910.65066667046	39910.6387	0.0409	39910.641	0.0420
3900	39908.83891431302	39908.8269	0.0409	39908.809	0.0420
3901	39903.86896786045	39903.857	0.0409	39903.866	0.0430
3902	39902.4308427482	39902.4188	0.0409	39902.428	0.0430
3903	39892.62145178044	39892.6095	0.0409	39892.628	0.0430
3904	39884.55897434019	39884.547	0.0409	39884.516	0.0420
3905	39871.8608656875	39871.8489	0.0409	39871.872	0.0420
3906	39870.89087731417	39870.8789	0.0409	39870.751	0.0470
3907	39851.12073151663	39851.1087	0.0817	39851.085	0.0817
3908	39850.63004378333	39850.618	0.0409	39850.598	0.0420
3911	39840.65921342502	39840.6472	0.0408	39840.641	0.0420
3912	39827.18075599154	39827.1688	0.0408	39827.187	0.0420
3913	39826.38982600168	39826.3778	0.0816	39826.365	0.0816
3914	39823.23070565823	39823.2188	0.0408	39823.268	0.0420
3915	39821.88119634651	39821.8693	0.0408	39821.875	0.0420
3917	39810.97127228734	39810.9594	0.0816	39810.974	0.0816
3918	39808.26108762297	39808.2492	0.0408	39808.252	0.0420
3919	39800.84917053385	39800.8373	0.0408	39800.918	0.0470
3921	39787.27078497176	39787.2589	0.0408	39787.254	0.0420
3922	39785.51150016838	39785.4996	0.0408	39785.509	0.0420
3923	39772.34912332499	39772.3372	0.0407	39772.333	0.0407
3924	39768.83135196245	39768.8195	0.2000	39768.851	0.2050
3926	39763.0111677488	39762.9993	0.0407	39762.998	0.0407
3928	39751.03005390253	39751.0182	0.0407	39751.025	0.0420
3929	39748.75125225575	39748.7394	0.0407	39748.753	0.0420
3930	39741.77015435636	39741.7583	0.0407	39741.755	0.0420
3932	39728.34913305518	39728.3372	0.0407	39728.341	0.0420
3933	39719.05015664074	39719.0383	0.1228	39718.468	0.1240
3934	39710.70138556168	39710.6895	0.0813	39710.673	0.0820
3935	39709.75956159223	39709.7477	0.0406	39709.747	0.0420
3936	39703.43136924474	39703.4195	0.0406	39703.398	0.0420
3937	39696.97035302767	39696.9585	0.0406	39696.962	0.0420
3939	39688.47920640356	39688.4673	0.0812	39688.435	0.0820
3942	39671.9098397409	39671.8979	0.0406	39671.926	0.0430
3943	39668.91960748765	39668.9077	0.0406	39668.874	0.0430
3944	39660.18141277664	39660.1695	0.0406	39660.171	0.0420
3945	39659.09981716256	39659.0879	0.0406	39658.934	0.0480
3946	39658.21953546585	39658.2076	0.0406	39658.223	0.0440
3947	39654.53930225397	39654.5275	0.0406	39654.524	0.0420
3948	39644.22068151776	39644.2089	0.0405	39644.199	0.0420
3950	39624.86126742623	39624.8457	0.0405	39624.838	0.0405
3951	39622.13055334006	39622.115	0.0405	39622.106	0.0405
3953	39611.11046680791	39611.095	0.0810	39611.062	0.0820
3954	39601.21032776179	39601.1948	0.0405	39601.202	0.0420
3955	39595.92872298119	39595.9132	0.0405	39595.878	0.0420
3956	39590.12117923257	39590.1057	0.0809	39590.101	0.0809
3957	39566.41950991539	39566.404	0.0404	39566.408	0.0410
3959	39545.85101586914	39545.8355	0.0404	39545.812	0.0420
3960	39542.58130855904	39542.5658	0.0404	39542.544	0.0420
3961	39539.91008178445	39539.8946	0.0404	39539.902	0.0410
3962	39533.73126418232	39533.7158	0.0404	39533.725	0.0410
3963	39533.2802925439	39533.2648	0.0404	39533.243	0.0420
3964	39527.71902261883	39527.7035	0.1221	39527.692	0.1270
3965	39522.71892159214	39522.7034	0.0404	39522.713	0.0410
3966	39518.09060877316	39518.0751	0.0403	39518.049	0.0410
3967	39517.43885072933	39517.4234	0.0403	39517.418	0.0410
3968	39506.569291208	39506.5538	0.0807	39506.534	0.0807
3969	39503.5888425942	39503.5733	0.0403	39503.607	0.0420
3970	39498.7002951368	39498.6848	0.0403	39498.714	0.0410
3972	39493.13022413167	39493.1147	0.0806	39493.153	0.0806
3973	39488.32893123451	39488.3134	0.0403	39488.267	0.0570
3974	39483.77074382924	39483.7553	0.0403	39483.745	0.0420
3975	39480.76095271153	39480.7456	0.0403	39480.741	0.0420
3976	39472.37915897285	39472.3638	0.0403	39472.326	0.0430
3977	39456.84164913341	39456.8262	0.0805	39456.810	0.0805
3978	39452.93925399749	39452.9239	0.0805	39452.934	0.0805
3979	39447.47101883723	39447.4556	0.0805	39447.478	0.0850
3981	39439.63013155539	39439.6147	0.0805	39439.618	0.0805
3982	39435.83132871448	39435.8159	0.0402	39435.800	0.0410
3983	39421.18903749603	39421.1736	0.0804	39421.169	0.0810
3985	39410.26068816682	39410.2453	0.0402	39410.216	0.0460
3986	39408.73998417032	39408.7246	0.0402	39408.694	0.0420
3987	39403.25916820947	39403.2438	0.0402	39403.266	0.0450
3988	39395.26027417745	39395.2449	0.0402	39395.241	0.0420
3989	39383.65081461419	39383.6354	0.0803	39383.624	0.0810
3990	39380.73891164318	39380.7235	0.0401	39380.698	0.0410
3992	39361.99033474576	39361.9749	0.0401	39361.984	0.0410
3993	39360.95083702119	39360.9354	0.0802	39360.964	0.0810
3995	39353.43955578819	39353.4243	0.0401	39353.432	0.0410
3996	39348.65073198397	39348.6354	0.0401	39348.584	0.0450
3998	39341.52995619624	39341.5147	0.0802	39341.516	0.0810
4001	39322.52944919944	39322.5141	0.0401	39322.489	0.0410
4002	39315.66068420108	39315.6224	0.0400	39315.601	0.0410
4003	39307.28127789577	39307.243	0.0801	39307.258	0.0870
4004	39303.22008335606	39303.1818	0.0400	39303.186	0.0420
4005	39301.87884465568	39301.8405	0.0400	39301.822	0.0410
4011	39268.74950670852	39268.7113	0.0799	39268.686	0.0810
4012	39267.15991972667	39267.1217	0.0400	39267.173	0.0410
4013	39262.59152014495	39262.5533	0.0400	39262.524	0.0420
4014	39253.7908245571	39253.7526	0.0399	39253.737	0.0410
4015	39236.47913646651	39236.441	0.0798	39236.489	0.0810
4016	39229.77994927466	39229.7418	0.0399	39229.729	0.0410
4017	39225.45141551568	39225.4133	0.0399	39225.441	0.0410
4018	39224.65133767329	39224.6132	0.0399	39224.608	0.0410
4019	39211.13057383859	39211.0925	0.0399	39211.072	0.0410
4020	39201.73933735467	39201.7012	0.0797	39201.716	0.0797
4023	39193.45129472817	39193.4133	0.0399	39193.396	0.0410
4026	39183.94874930145	39183.9107	0.0797	39183.897	0.0810
4027	39180.58083733435	39180.5428	0.0797	39180.498	0.0810
4028	39175.04015403704	39175.0022	0.0398	39175.007	0.0410
4029	39172.63019229903	39172.5922	0.0398	39172.607	0.0410
4030	39171.44965496773	39171.4117	0.0398	39171.416	0.0410
4032	39168.04058551395	39168.0026	0.0398	39167.973	0.0410
4033	39152.96109618325	39152.9231	0.0398	39152.920	0.0410
4034	39152.02951476094	39151.9915	0.0398	39151.972	0.0410
4036	39138.66091688629	39138.623	0.0795	39138.627	0.0795
4037	39128.98059517262	39128.9427	0.0398	39128.908	0.0410
4038	39127.52915696524	39127.4913	0.0398	39127.511	0.0410
4041	39121.80025963602	39121.7624	0.0397	39121.788	0.0410
4042	39116.4410585505	39116.4032	0.0795	39116.408	0.0795
4043	39108.68870231786	39108.6508	0.0397	39108.663	0.0410
4044	39104.61900876245	39104.5811	0.0397	39104.585	0.0410
4045	39102.64110630998	39102.6032	0.0397	39102.588	0.0410
4046	39099.46085365835	39099.423	0.0397	39099.427	0.0410
4047	39093.42111727848	39093.3832	0.0397	39093.408	0.0410
4048	39091.6687573845	39091.631	0.0397	39091.584	0.0440
4049	39082.60115266719	39082.5634	0.0397	39082.561	0.0410
4050	39073.11953479761	39073.0817	0.0397	39073.082	0.0420
4051	39071.01036310106	39070.9726	0.0397	39070.987	0.0410
4052	39066.1402989292	39066.1025	0.0793	39066.091	0.0800
4053	39061.820424766	39061.7826	0.0397	39061.795	0.0410
4054	39052.84985188195	39052.8121	0.0396	39052.807	0.0396
4055	39051.99157932858	39051.9538	0.0396	39051.949	0.0410
4057	39030.92161342155	39030.8839	0.0792	39030.887	0.0800
4058	39029.00864586516	39028.9709	0.0396	39028.956	0.0410
4060	38997.87068955759	38997.833	0.0396	38997.803	0.0420
4061	38991.33068078686	38991.293	0.0396	38991.258	0.0410
4062	38989.23115534039	38989.1935	0.0396	38989.177	0.0410
4063	38982.13129832187	38982.0937	0.0395	38982.089	0.0410
4065	38969.41889425119	38969.3813	0.0790	38969.354	0.0810
4066	38966.59038014823	38966.5528	0.0395	38966.543	0.0410
4067	38964.11874387085	38964.0811	0.0395	38964.165	0.0460
4068	38962.58065380658	38962.5431	0.0395	38962.577	0.0410
4069	38940.38001009903	38940.3424	0.0840	38940.367	0.0850
4071	38924.50895215358	38924.4715	0.0395	38924.465	0.0410
4072	38913.41891709422	38913.3814	0.0394	38913.391	0.0420
4073	38912.08109908875	38912.0436	0.0394	38912.015	0.0400
4074	38910.91923634552	38910.8817	0.0789	38910.841	0.0800
4075	38908.50991234626	38908.4724	0.0394	38908.476	0.0410
4076	38896.27957010386	38896.2421	0.0394	38896.247	0.0420
4077	38891.40891848105	38891.3714	0.0394	38891.330	0.0460
4078	38884.56980060464	38884.5324	0.0788	38884.553	0.0800
4079	38882.55939190235	38882.522	0.0394	38882.533	0.0400
4080	38873.01948155162	38872.9821	0.1917	38873.002	0.1917
4081	38871.31012576368	38871.2727	0.0394	38871.273	0.0400
4082	38867.48912009487	38867.4517	0.0394	38867.456	0.0430
4083	38866.23091059878	38866.1935	0.0787	38866.133	0.0810
4084	38859.72058717054	38859.688	0.0394	38859.677	0.0410
4085	38858.06015852046	38858.0276	0.0394	38857.985	0.0440
4087	38842.35990607202	38842.3273	0.0393	38842.413	0.0450
4089	38825.75054055282	38825.718	0.1700	38825.719	0.1810
4090	38824.57869411111	38824.5462	0.0786	38824.556	0.0880
4093	38806.61067709075	38806.5782	0.0393	38806.576	0.0400
4095	38798.61164109851	38798.5791	0.0393	38798.606	0.0400
4096	38794.36993458566	38794.3374	0.0785	38794.378	0.0810
4097	38780.16134979424	38780.1288	0.0785	38780.103	0.0800
4098	38770.68997063652	38770.6576	0.0392	38770.652	0.0700
4099	38768.11970950585	38768.0873	0.0392	38768.080	0.0430
4100	38766.51017330286	38766.4778	0.0784	38766.450	0.0790
4102	38757.23940301639	38757.207	0.0392	38757.184	0.0410
4103	38748.36013558353	38748.3277	0.0784	38748.306	0.0800
4104	38746.75110358197	38746.7187	0.0392	38746.706	0.0410
4106	38734.78969630309	38734.7573	0.0783	38734.772	0.0790
4107	38726.38898462799	38726.3566	0.0783	38726.338	0.0810
4108	38717.70096661101	38717.6687	0.0391	38717.645	0.0420
4109	38716.05118649182	38716.0189	0.0783	38715.986	0.0830
4110	38714.13149687644	38714.0992	0.0391	38714.108	0.0400
4111	38707.40150925214	38707.3692	0.0391	38707.421	0.0430
4113	38697.6688706459	38697.6366	0.0391	38697.603	0.0400
4114	38683.41059507169	38683.3783	0.0391	38683.387	0.0400
4115	38677.47021692881	38677.4379	0.0782	38677.439	0.0790
4116	38676.64930684628	38676.617	0.0391	38676.692	0.0450
4117	38667.74913311481	38667.7168	0.0781	38667.646	0.0810
4118	38663.85974015988	38663.8274	0.0781	38663.877	0.0790
4120	38657.370269994	38657.3381	0.0391	38657.327	0.0410
4121	38653.73968521325	38653.7075	0.0391	38653.692	0.0400
4122	38652.36127517683	38652.3291	0.0391	38652.334	0.0400
4123	38647.31119129952	38647.279	0.0781	38647.267	0.0790
4125	38640.32103497912	38640.2888	0.0390	38640.218	0.0440
4126	38632.66110786688	38632.6289	0.0780	38632.609	0.0790
4127	38631.06885665603	38631.0367	0.0390	38631.019	0.0400
4128	38618.75166020391	38618.7195	0.0390	38618.782	0.0440
4129	38617.06991893192	38617.0377	0.0390	38617.009	0.0400
4130	38609.3898034136	38609.3576	0.0390	38609.314	0.0430
4131	38606.6787179587	38606.6465	0.0390	38606.663	0.0400
4132	38604.69098325003	38604.6588	0.0390	38604.677	0.0440
4133	38599.98099637504	38599.9489	0.0390	38599.954	0.0430
4135	38594.79926166511	38594.7672	0.0390	38594.780	0.0400
4136	38593.15962415623	38593.1275	0.0779	38593.110	0.0790
4138	38570.05036608765	38570.0183	0.0389	38570.016	0.0400
4139	38562.40135930025	38562.3693	0.0389	38562.371	0.0410
4140	38556.33896736005	38556.3069	0.0389	38556.388	0.0440
4141	38546.65972359178	38546.6276	0.0389	38546.618	0.0420
4142	38545.36880484373	38545.3367	0.0389	38545.314	0.0460
4143	38539.45074996456	38539.4187	0.0389	38539.434	0.0400
4144	38536.91066304743	38536.8787	0.0389	38536.866	0.0400
4145	38532.60150223083	38532.5695	0.0389	38532.556	0.0400
4146	38519.68958154262	38519.6576	0.0777	38519.637	0.0800
4147	38517.47920396324	38517.4472	0.0777	38517.453	0.0777
4148	38509.91025132068	38509.8783	0.0388	38509.833	0.0410
4149	38496.78921819771	38496.7572	0.0776	38496.728	0.0910
4150	38482.78136188401	38482.7494	0.0388	38482.765	0.0400
4151	38479.15861191055	38479.1267	0.0388	38479.137	0.0400
4153	38469.96024328948	38469.9283	0.0388	38469.931	0.0400
4154	38466.08088092968	38466.049	0.0388	38466.027	0.0400
4155	38450.63934567606	38450.6074	0.0775	38450.673	0.0800
4157	38425.7686709726	38425.7371	0.3000	38425.791	0.3010
4158	38421.54073296472	38421.5091	0.0774	38421.460	0.0790
4159	38417.18904316864	38417.1574	0.0387	38417.204	0.0400
4160	38413.91000179126	38413.8784	0.0774	38413.855	0.0790
4161	38411.40031650527	38411.3687	0.0387	38411.353	0.0440
4162	38410.30967131625	38410.2781	0.0387	38410.301	0.0440
4163	38401.85158827258	38401.82	0.0387	38401.792	0.0400
4164	38401.01134859562	38400.9797	0.0387	38400.986	0.0400
4165	38397.63901036666	38397.6074	0.0387	38397.603	0.0400
4166	38396.20887378843	38396.1773	0.0387	38396.209	0.0400
4167	38384.25031259971	38384.2187	0.0387	38384.229	0.0400
4168	38355.85970378726	38355.8282	0.1056	38355.214	0.1200
4169	38353.94879315333	38353.9173	0.0386	38353.886	0.0420
4170	38350.26939849672	38350.2379	0.0386	38350.231	0.0420
4171	38333.60932328414	38333.5778	0.0772	38333.537	0.0830
4172	38328.50945665251	38328.478	0.0386	38328.463	0.0410
4173	38323.93965839414	38323.9082	0.0771	38323.876	0.0780
4174	38318.15052161468	38318.119	0.0386	38318.151	0.0400
4175	38313.89098044818	38313.8595	0.0386	38313.868	0.0420
4176	38301.73981000654	38301.7084	0.0385	38301.795	0.0420
4177	38297.58910827682	38297.5577	0.0771	38297.609	0.0800
4178	38288.52093407737	38288.4895	0.0385	38288.482	0.0400
4179	38285.61992741974	38285.5885	0.0385	38285.593	0.0400
4180	38283.23003721861	38283.1986	0.0385	38283.205	0.0410
4181	38282.27913333883	38282.2477	0.0385	38282.265	0.0400
4182	38280.34076402903	38280.3094	0.0385	38280.386	0.0440
4184	38253.24176312148	38253.2104	0.0385	38253.157	0.0410
4185	38249.01873785275	38248.9873	0.0769	38248.946	0.0790
4186	38244.67013484617	38244.6388	0.0769	38244.616	0.0790
4187	38236.14096223816	38236.1097	0.0769	38236.112	0.0780
4188	38220.22148486743	38220.1902	0.0768	38220.236	0.0790
4189	38214.20863916689	38214.1773	0.0384	38214.172	0.0400
4190	38211.98860903391	38211.9573	0.0384	38211.946	0.0400
4192	38201.72033933537	38201.689	0.0384	38201.671	0.0390
4193	38193.06900667782	38193.0377	0.0384	38193.022	0.0390
4194	38189.49081057395	38189.4595	0.0384	38189.459	0.0400
4195	38183.61145179207	38183.5803	0.0384	38183.601	0.0400
4198	38172.70977817413	38172.6786	0.0384	38172.747	0.0430
4199	38168.75996280815	38168.7288	0.0383	38168.730	0.0410
4200	38164.60913955443	38164.5779	0.1053	38163.984	0.1120
4201	38160.83139555041	38160.8002	0.0383	38160.772	0.0390
4202	38157.35109263044	38157.3199	0.0383	38157.326	0.0390
4203	38152.37109331463	38152.3399	0.0766	38152.273	0.0790
4204	38139.36053147084	38139.3293	0.0383	38139.347	0.0400
4205	38132.23118721922	38132.2	0.0383	38132.157	0.0420
4206	38127.46122637881	38127.43	0.0383	38127.414	0.0400
4207	38120.93879686865	38120.9077	0.0383	38120.959	0.0420
4208	38116.77985532019	38116.7488	0.0765	38116.767	0.0765
4209	38098.15941453834	38098.1283	0.0382	38098.186	0.0440
4210	38089.33102627469	38089.2999	0.0765	38089.282	0.0765
4211	38085.28158747434	38085.2505	0.0765	38085.256	0.0765
4212	38080.32119905594	38080.2901	0.0382	38080.365	0.0440
4213	38072.84026982637	38072.8092	0.0382	38072.848	0.0390
4214	38069.1412849571	38069.1102	0.0382	38069.085	0.0410
4215	38066.3306318821	38066.2995	0.0382	38066.333	0.0400
4216	38055.78107072147	38055.7501	0.0382	38055.777	0.0430
4217	38052.91849266707	38052.8875	0.1200	38052.833	0.1220
4218	38038.6284788638	38038.5975	0.1150	38038.569	0.1160
4220	38025.71997341498	38025.689	0.0381	38025.649	0.0430
4222	38019.96146075876	38019.9305	0.0381	38019.895	0.0410
4223	38012.66139593493	38012.6304	0.0762	38012.636	0.0770
4225	38000.57030457963	38000.5394	0.0381	38000.552	0.0400
4226	37993.95896138252	37993.9329	0.1051	37994.352	0.1080
4227	37992.55879374908	37992.5327	0.1051	37992.812	0.1210
4228	37968.41909412712	37968.393	0.1050	37967.690	0.1140
4229	37943.57141538574	37943.5454	0.0760	37943.611	0.0780
4230	37914.82123406157	37914.7952	0.0380	37914.813	0.0390
4232	37906.55928104523	37906.5333	0.1166	37906.675	0.1230
4233	37883.54902822487	37883.523	0.0379	37883.551	0.0390
4234	37871.76169639081	37871.7358	0.0379	37871.759	0.0400
4235	37870.33020583017	37870.3043	0.0379	37870.285	0.0400
4236	37868.88060025688	37868.8547	0.0379	37868.849	0.0400
4237	37863.34865254375	37863.3228	0.0758	37863.375	0.0920
4238	37842.49099307225	37842.4651	0.0379	37842.466	0.0420
4239	37841.04880913816	37841.0229	0.0379	37840.992	0.0390
4240	37833.68863724828	37833.6627	0.0379	37833.689	0.0390
4242	37804.60037889702	37804.5746	0.1048	37804.546	0.1200
4243	37801.42929822328	37801.4035	0.0756	37801.450	0.0770
4244	37795.71051653237	37795.6847	0.0378	37795.645	0.0410
4246	37770.69150236305	37770.6657	0.0756	37770.672	0.0756
4247	37767.09965373603	37767.0739	0.0378	37767.032	0.0410
4248	37762.4790191891	37762.4532	0.0378	37762.551	0.0450
4249	37752.19863860004	37752.1728	0.0378	37752.190	0.0400
4251	37739.46994419074	37739.4441	0.0755	37739.377	0.0790
4252	37732.44927989048	37732.4236	0.0377	37732.429	0.0410
4254	37723.81996008849	37723.7943	0.0377	37723.784	0.0390
4255	37721.69970001819	37721.674	0.0377	37721.709	0.0390
4256	37718.65117244388	37718.6255	0.0377	37718.665	0.0390
4257	37715.0103054162	37714.9846	0.0377	37714.986	0.0390
4258	37682.91075943312	37682.8704	0.0753	37682.062	0.1820
4259	37675.25940483944	37675.219	0.0376	37675.194	0.0390
4260	37673.46979650789	37673.4295	0.0376	37673.498	0.0430
4261	37641.31127739653	37641.271	0.0376	37641.259	0.0420
4262	37638.50932889093	37638.469	0.0376	37638.462	0.0390
4263	37628.08059092743	37628.0403	0.0376	37628.052	0.0390
4264	37626.99044082689	37626.9502	0.0752	37626.951	0.0780
4265	37622.24929751736	37622.2091	0.1046	37621.433	0.1200
4266	37619.54131762365	37619.5011	0.0376	37619.427	0.0430
4267	37607.81084981658	37607.7706	0.0375	37607.795	0.0375
4268	37589.17874060825	37589.1385	0.0375	37589.114	0.0390
4269	37585.00916494137	37584.969	0.0375	37584.954	0.0390
4270	37577.09883952981	37577.0587	0.0375	37577.163	0.0410
4271	37570.50062925296	37570.4605	0.0375	37570.552	0.0450
4272	37568.68021575686	37568.6401	0.0375	37568.658	0.0375
4273	37563.78084655001	37563.7407	0.0375	37563.751	0.0390
4274	37547.03898607948	37546.9989	0.0375	37547.015	0.0375
4275	37534.61931028331	37534.5792	0.0374	37534.555	0.0400
4276	37524.79949360889	37524.7595	0.0749	37524.777	0.0749
4277	37512.46152258007	37512.4215	0.0374	37512.444	0.0390
4278	37509.34003353855	37509.3	0.2900	37509.718	0.2920
4279	37501.72940160813	37501.6894	0.0374	37501.728	0.0390
4280	37498.11110921141	37498.0711	0.0374	37498.084	0.0380
4281	37495.16000010804	37495.12	0.0374	37495.109	0.0390
4282	37476.94140861488	37476.9015	0.0747	37476.905	0.0760
4283	37472.82946402017	37472.7896	0.0374	37472.778	0.0410
4284	37468.75853815527	37468.7186	0.0374	37468.743	0.0420
4285	37467.37984731869	37467.3399	0.0374	37467.375	0.0380
4287	37452.85078111735	37452.8109	0.0373	37452.833	0.0420
4288	37428.88982791623	37428.85	0.0373	37428.797	0.0570
4289	37422.55894535488	37422.5191	0.0373	37422.527	0.0380
4290	37418.49170297616	37418.4519	0.0373	37418.457	0.0380
4291	37413.32931992778	37413.2895	0.0373	37413.278	0.0390
4292	37408.80872704642	37408.7689	0.0373	37408.802	0.0380
4293	37405.26175360865	37405.222	0.0745	37405.210	0.0760
4294	37404.18919304038	37404.1494	0.0373	37404.166	0.0390
4296	37375.31071908202	37375.295	0.0372	37375.282	0.0380
4297	37374.71044558537	37374.6947	0.1800	37374.701	0.1800
4298	37365.10034595719	37365.0846	0.0372	37365.107	0.0390
4299	37348.44944588915	37348.4338	0.0372	37348.424	0.0390
4301	37336.77130585851	37336.7557	0.3000	37337.030	0.3180
4302	37321.70890966167	37321.6933	0.0371	37321.712	0.0380
4303	37309.75883737853	37309.7432	0.0743	37309.747	0.0750
4304	37297.22987021089	37297.2143	0.0371	37297.251	0.0380
4305	37290.53935291158	37290.5238	0.0371	37290.522	0.0380
4306	37288.42137155714	37288.4058	0.0371	37288.422	0.0380
4307	37286.35064976996	37286.335	0.0371	37286.301	0.0380
4309	37262.53073154393	37262.5151	0.0371	37262.471	0.0390
4310	37260.86850486998	37260.8529	0.0371	37260.873	0.0380
4312	37256.740553728	37256.725	0.0371	37256.757	0.0380
4314	37252.86945069204	37252.8539	0.0371	37252.907	0.0390
4315	37244.66879300385	37244.6532	0.0741	37244.699	0.0750
4316	37243.18065114901	37243.1651	0.1041	37243.765	0.1160
4317	37237.70086455276	37237.6853	0.0370	37237.687	0.0380
4318	37228.56156504605	37228.5461	0.1040	37229.000	0.1080
4320	37214.09905187805	37214.0836	0.0740	37214.077	0.0750
4321	37212.72859975979	37212.7131	0.0370	37212.710	0.0380
4322	37206.8918752859	37206.8764	0.0370	37206.917	0.0380
4323	37201.67860694363	37201.6631	0.0370	37201.667	0.0400
4324	37198.17136975718	37198.1559	0.0740	37198.172	0.0750
4326	37188.76168943691	37188.7462	0.0370	37188.703	0.0410
4327	37179.99884417489	37179.9833	0.0370	37179.998	0.0390
4328	37179.38940343814	37179.3739	0.0370	37179.394	0.0390
4329	37146.34169296086	37146.3262	0.0369	37146.352	0.0380
4330	37144.42881671512	37144.4133	0.0369	37144.455	0.0380
4333	37125.86017298088	37125.8447	0.0369	37125.882	0.0390
4334	37093.42048192568	37093.4051	0.0368	37093.429	0.0380
4335	37086.50004581764	37086.4846	0.0368	37086.504	0.0380
4336	37085.90950700575	37085.8941	0.0368	37085.891	0.0380
4337	37068.21062870898	37068.1952	0.0368	37068.135	0.0520
4338	37050.99958063909	37050.9842	0.1038	37050.311	0.1100
4339	37037.91920135969	37037.9038	0.0735	37037.848	0.1290
4341	37017.81106790214	37017.7764	0.0367	37017.742	0.0390
4342	37014.78145520452	37014.7468	0.0734	37014.748	0.0740
4343	37006.72925134021	37006.6947	0.0367	37006.767	0.0410
4346	36987.45024867836	36987.4156	0.0367	36987.464	0.0380
4347	36982.82864061832	36982.794	0.0367	36982.751	0.0410
4348	36977.51957787717	36977.485	0.0367	36977.545	0.0390
4349	36972.18848684691	36972.1539	0.0733	36972.172	0.0910
4350	36967.19853172616	36967.1639	0.0367	36967.110	0.0400
4351	36965.77148639856	36965.7369	0.0367	36965.740	0.0390
4352	36954.03902179861	36954.0045	0.1136	36953.967	0.1150
4353	36948.62961759564	36948.5951	0.0366	36948.585	0.0380
4355	36935.61999332792	36935.5855	0.0366	36935.530	0.0420
4356	36931.41915643789	36931.3847	0.0366	36931.398	0.0366
4357	36929.72859598196	36929.6941	0.0366	36929.714	0.0380
4358	36924.55882522331	36924.5243	0.0366	36924.539	0.0380
4359	36914.56106533579	36914.5266	0.1036	36915.116	0.1170
4360	36907.6803880489	36907.6459	0.0366	36907.663	0.0366
4361	36895.80136039718	36895.767	0.1036	36896.193	0.1260
4362	36893.13185140822	36893.0975	0.0366	36893.087	0.0390
4363	36887.62080911006	36887.5864	0.1036	36888.195	0.1100
4364	36885.34983739587	36885.3154	0.0731	36885.320	0.0740
4365	36879.29165384256	36879.2573	0.0731	36879.337	0.0750
4366	36875.86887685575	36875.8345	0.0731	36876.225	0.0780
4368	36868.40036659384	36868.366	0.0365	36868.399	0.0380
4369	36866.25104983502	36866.2166	0.0365	36866.238	0.0380
4370	36863.20932460378	36863.1749	0.0730	36863.172	0.0730
4371	36859.78110644138	36859.7467	0.0365	36859.749	0.0380
4372	36857.01037115027	36856.976	0.0365	36856.977	0.0365
4373	36855.38021359967	36855.3458	0.0365	36855.315	0.0390
4374	36833.56002696726	36833.5257	0.5000	36833.617	0.5030
4375	36815.27868720024	36815.2444	0.0365	36815.272	0.0390
4376	36808.70082571638	36808.6665	0.0364	36808.661	0.0400
4377	36773.87977782164	36773.8456	0.1034	36773.022	0.1580
4378	36772.0109952274	36771.9768	0.0728	36771.992	0.0740
4379	36770.64888095335	36770.6147	0.0728	36770.613	0.0740
4380	36768.82041534586	36768.7862	0.0728	36768.852	0.0740
4381	36752.64056301387	36752.6064	0.0364	36752.604	0.0370
4383	36748.29057284388	36748.2564	0.0727	36748.272	0.0740
4384	36744.50995398493	36744.4758	0.0364	36744.487	0.0380
4385	36739.27026002496	36739.2362	0.0727	36739.243	0.0727
4386	36724.64052284394	36724.6064	0.0727	36724.615	0.0727
4388	36699.4483973777	36699.4143	0.0726	36699.416	0.0740
4391	36667.31877979132	36667.2833	0.0680	36667.280	0.0680
4392	36659.42149409002	36659.386	0.0725	36659.381	0.0725
4393	36647.54177423523	36647.5064	0.0724	36647.916	0.0800
4394	36641.62060040076	36641.5852	0.0362	36641.579	0.0370
4395	36638.93857788228	36638.9032	0.0724	36638.932	0.0790
4396	36630.12992132255	36630.0945	0.0724	36630.100	0.0730
4397	36622.96157680857	36622.9262	0.0362	36622.905	0.0380
4398	36615.72049697708	36615.6851	0.0362	36615.715	0.0380
4399	36613.5384394653	36613.503	0.0362	36613.499	0.0380
4400	36601.31033347466	36601.275	0.0362	36601.279	0.0370
4401	36599.71872123564	36599.6834	0.0362	36599.700	0.0370
4402	36583.48160503311	36583.4463	0.0361	36583.498	0.0380
4403	36579.64103415803	36579.6057	0.0723	36579.987	0.0790
4404	36575.24003576977	36575.2047	0.0723	36575.226	0.0740
4405	36569.0196855684	36568.9844	0.0361	36569.004	0.0370
4406	36567.93845306396	36567.9032	0.0722	36567.883	0.0740
4407	36560.70037228958	36560.6651	0.0361	36560.666	0.0370
4408	36546.88057266218	36546.8454	0.0361	36546.869	0.0370
4409	36543.54068417457	36543.5055	0.0361	36543.478	0.0390
4411	36504.25984899081	36504.2246	0.0360	36504.295	0.0420
4412	36468.75980271732	36468.7247	0.0720	36468.784	0.0820
4413	36463.43966006325	36463.4046	0.0360	36463.413	0.0370
4414	36454.79881728705	36454.7637	0.0360	36454.776	0.0370
4415	36440.26009564217	36440.2251	0.0359	36440.241	0.0370
4416	36437.75004048417	36437.715	0.0719	36437.739	0.0719
4417	36436.62047765281	36436.5855	0.0359	36436.584	0.0380
4418	36424.5403578577	36424.5054	0.0359	36424.493	0.0370
4419	36417.90885948323	36417.8739	0.1030	36418.269	0.1130
4420	36411.22075693982	36411.1858	0.1030	36410.608	0.1090
4421	36402.53935212049	36402.5044	0.0359	36402.482	0.0370
4422	36323.15898106762	36323.1267	0.0358	36323.158	0.0370
4423	36321.61117904488	36321.5789	0.0358	36321.578	0.0370
4424	36316.37191789867	36316.3396	0.5000	36316.167	0.5010
4425	36302.2109427586	36302.1786	0.1116	36301.403	0.1170
4426	36287.31007007749	36287.2778	0.0715	36287.348	0.0750
4429	36258.89872271562	36258.8665	0.1028	36258.698	0.1170
4430	36245.34133996938	36245.3091	0.1028	36245.759	0.1160
4431	36230.18850474901	36230.1563	0.0357	36230.138	0.0400
4432	36219.30179263129	36219.2697	0.1028	36219.733	0.1070
4433	36213.08864893802	36213.0565	0.0713	36213.032	0.0720
4434	36205.32098838848	36205.2889	0.0356	36205.295	0.0370
4436	36193.29014221259	36193.258	0.1112	36193.340	0.1120
4437	36190.44901272979	36190.4169	0.0356	36190.403	0.0356
4439	36150.11854311862	36150.0865	0.0356	36150.074	0.0380
4440	36145.6088749111	36145.5769	0.0356	36145.608	0.0370
4441	36144.47001972962	36144.438	0.0356	36144.427	0.0390
4442	36136.47168919463	36136.4397	0.0711	36136.462	0.0720
4443	36131.12003670041	36131.088	0.0355	36131.093	0.0355
4445	36093.17184807188	36093.1467	0.1026	36093.412	0.1190
4446	36087.31084716952	36087.2857	0.0355	36087.295	0.0370
4447	36058.67910185329	36058.654	0.0354	36058.629	0.0360
4448	36029.19087620945	36029.1659	0.0354	36029.138	0.0370
4449	36028.07841692753	36028.0534	0.0354	36028.071	0.0360
4450	36022.6783130107	36022.6533	0.0354	36022.678	0.0360
4451	36012.69888458104	36012.6739	0.0354	36012.683	0.0390
4452	36008.29997549487	36008.275	0.0354	36008.261	0.0360
4453	36002.97015267071	36002.9452	0.1025	36002.182	0.1190
4454	36001.1693746559	36001.1444	0.1025	36001.444	0.1070
4455	35995.71048813363	35995.6855	0.0354	35995.694	0.0360
4456	35989.06150129269	35989.0365	0.0353	35989.063	0.0360
4457	35985.65891889275	35985.6339	0.0353	35985.629	0.0380
4458	35980.63078786134	35980.6058	0.1025	35980.028	0.1100
4459	35972.56871372538	35972.5437	0.5000	35972.427	0.5000
4461	35925.17945030121	35925.1795	0.0353	35925.203	0.0360
4462	35924.09156881189	35924.0916	0.0353	35924.089	0.0370
4463	35906.95992670596	35906.9599	0.0352	35906.952	0.0370
4464	35870.62970028369	35870.6297	0.0352	35870.641	0.0370
4465	35794.49880168497	35794.4988	0.0702	35794.519	0.0710
4469	35730.25093911865	35730.2509	0.1022	35730.345	0.1070
4472	35664.40852949877	35664.4085	0.0349	35664.392	0.0360
4473	35646.45033408949	35646.4503	0.0349	35646.523	0.0380
4474	35631.71137864961	35631.7114	0.0349	35631.773	0.0370
4475	35602.11029411828	35602.0901	0.0348	35602.074	0.0370
4476	35598.15831507815	35598.1381	0.0348	35598.130	0.0360
4477	35553.24003308309	35553.2198	0.0348	35553.204	0.0360
4479	35529.43839330017	35529.4182	0.0348	35529.415	0.0360
4481	35514.98168781334	35514.9616	0.0347	35514.950	0.0370
4483	35462.07199861693	35462.0519	0.0693	35462.062	0.0700
4484	35458.83006295181	35458.81	0.0693	35458.845	0.0700
4487	35410.6291033286	35410.6091	0.1018	35410.697	0.1060
4489	35378.14927522239	35378.1293	0.5000	35378.198	0.5030
4490	35361.80829125426	35361.7883	0.0691	35361.736	0.0790
4492	35354.42908408786	35354.4091	0.0345	35354.399	0.0360
4494	35338.10884097774	35338.0889	0.0345	35338.095	0.0360
4495	35327.76906658654	35327.7492	0.1017	35327.175	0.1070
4496	35310.97106237285	35310.9512	0.0345	35310.949	0.0360
4497	35266.46901118122	35266.4491	0.1086	35265.961	0.1130
4498	35261.8011741024	35261.7813	0.0344	35261.803	0.0360
4499	35260.69848138858	35260.6786	0.0344	35260.668	0.0350
4500	35250.62830061156	35250.6085	0.0344	35250.609	0.0370
4503	35220.00083038078	35219.981	0.0628	35220.024	0.0640
4504	35206.61979237102	35206.6	0.1016	35206.038	0.1830
4505	35193.65835688727	35193.6386	0.0343	35193.926	0.0370
4508	35178.34989103673	35178.3301	0.0343	35178.302	0.0370
4510	35158.7295451125	35158.7098	0.0686	35158.739	0.0686
4511	35150.32121495183	35150.3015	0.0343	35150.308	0.0350
4512	35102.46084275682	35102.461	0.0342	35102.433	0.0390
4514	35096.17903617166	35096.1792	0.0342	35096.197	0.0370
4515	35094.42926823457	35094.4295	0.0684	35094.400	0.0700
4520	35047.99878769682	35047.999	0.0341	35047.987	0.0370
4523	34984.78833168646	34984.7885	0.0341	34984.806	0.0350
4524	34982.90024379445	34982.9004	0.0341	34982.924	0.0350
4526	34966.60125736937	34966.6015	0.0681	34966.641	0.0690
4527	34954.35133653469	34954.3515	0.0340	34954.373	0.0350
4528	34952.12969492633	34952.1299	0.1013	34952.233	0.1190
4529	34940.53870109903	34940.5389	0.0618	34940.580	0.0630
4532	34911.49909717007	34911.4993	0.0617	34911.543	0.0630
4533	34908.13133929051	34908.1315	0.0617	34908.195	0.0640
4534	34895.99900553765	34895.9992	0.0339	34895.987	0.0350
4535	34887.81172689302	34887.8119	0.0339	34887.823	0.0360
4537	34861.88980384801	34861.89	0.1012	34861.355	0.2200
4541	34826.01844378842	34826.0186	0.0339	34825.999	0.0390
4543	34757.54894241813	34757.5635	0.0676	34757.404	0.0790
4544	34756.3889380661	34756.4035	0.0338	34756.410	0.0350
4545	34733.42025737836	34733.4349	0.0675	34733.466	0.0675
4546	34715.61949272925	34715.634	0.0675	34715.638	0.0690
4551	34682.34143553778	34682.3559	0.0337	34682.359	0.0360
4553	34671.69951093938	34671.714	0.0448	34671.654	0.0460
4555	34636.53982485738	34636.5543	0.0673	34636.599	0.0680
4556	34629.60206826244	34629.6166	0.1009	34629.216	0.1770
4558	34625.15813467211	34625.1726	0.0336	34625.190	0.0336
4559	34614.13931796489	34614.1538	0.0336	34614.140	0.0350
4563	34581.85946018714	34581.8739	0.0671	34581.706	0.0720
4565	34554.8315426278	34554.8459	0.0671	34554.861	0.0680
4566	34553.84102082052	34553.8554	0.0335	34553.867	0.0350
4567	34524.44036559964	34524.4548	0.0335	34524.476	0.0335
4568	34521.00900912974	34521.0234	0.0335	34521.036	0.0335
4569	34506.18816501914	34506.2026	0.0335	34506.205	0.0335
4570	34500.77975274255	34500.7942	0.0335	34500.810	0.0335
4571	34489.2210648725	34489.2354	0.0669	34489.223	0.0680
4574	34474.52120630394	34474.5539	0.0334	34474.378	0.0540
4575	34466.79897723378	34466.8317	0.0334	34466.830	0.0350
4576	34463.29105408626	34463.3238	0.0668	34463.337	0.0668
4577	34458.25838560415	34458.2911	0.0334	34458.273	0.0360
4579	34406.94099411413	34406.9736	0.2000	34406.913	0.2010
4580	34406.49100931927	34406.5236	0.0333	34406.513	0.0360
4581	34404.23039300962	34404.263	0.0599	34404.322	0.0620
4582	34400.52816761901	34400.5608	0.0333	34400.557	0.0350
4585	34395.48159394453	34395.5142	0.0667	34395.271	0.0667
4591	34359.44064680861	34359.4731	0.0333	34359.450	0.0360
4593	34351.40073284221	34351.4332	0.0333	34351.443	0.0360
4594	34350.05843410036	34350.0909	0.1060	34349.951	0.1250
4595	34346.97839506565	34347.0109	0.0444	34346.954	0.0470
4600	34333.31879559582	34333.3513	0.0444	34333.284	0.0480
4601	34308.39913336576	34308.4315	0.0332	34308.466	0.0340
4604	34284.84143718691	34284.8738	0.0332	34284.847	0.0350
4605	34281.36150450162	34281.3939	0.0664	34281.402	0.0670
4607	34218.44949998388	34218.4817	0.0331	34218.503	0.0340
4610	34161.51930267458	34161.555	0.0442	34161.498	0.0460
4614	34149.60186143812	34149.6376	0.0661	34149.628	0.0680
4615	34144.12118607425	34144.1569	0.0330	34144.156	0.0420
4616	34141.49968376211	34141.5354	0.1004	34142.055	0.1570
4623	34113.73903237883	34113.7746	0.0330	34113.758	0.0370
4625	34090.86920465434	34090.9048	0.0659	34090.886	0.0659
4626	34075.2021987746	34075.2377	0.0329	34075.250	0.0350
4627	34058.86016847954	34058.8957	0.0329	34058.924	0.0350
4632	34035.99203690175	34036.0274	0.0329	34035.966	0.0350
4633	34002.92079283926	34002.9562	0.1003	34003.245	0.1750
4637	33972.14041818788	33972.1757	0.0657	33972.169	0.0657
4640	33962.59864108637	33962.6339	0.0328	33962.596	0.0370
4643	33934.58170978675	33934.6169	0.0656	33934.838	0.0720
4644	33933.53820991307	33933.5734	0.0656	33933.570	0.0656
4648	33884.668959508	33884.7001	0.1001	33885.065	0.1040
4652	33862.59877868718	33862.6299	0.0580	33862.694	0.0600
4653	33857.76963662686	33857.8007	0.0654	33857.785	0.0670
4655	33837.97930029812	33838.0103	0.0653	33838.001	0.0670
4659	33818.09841170893	33818.1294	0.1000	33818.174	0.1000
4661	33814.85968441806	33814.8907	0.0326	33814.902	0.0360
4662	33811.41869966254	33811.4497	0.0326	33811.430	0.0340
4664	33777.14865288749	33777.1796	0.0652	33777.151	0.0670
4665	33772.32017439877	33772.3511	0.0326	33772.357	0.0340
4666	33766.83164763224	33766.8625	0.0652	33766.880	0.0652
4667	33763.11836033122	33763.1493	0.0577	33763.202	0.0600
4668	33758.17989115676	33758.2108	0.0651	33758.214	0.0660
4670	33739.35962484467	33739.3904	0.0326	33739.364	0.0370
4673	33724.77983808576	33724.8106	0.0651	33724.802	0.0660
4674	33722.47016166137	33722.501	0.3000	33722.516	0.3000
4676	33709.65814942582	33709.6889	0.0650	33709.711	0.0660
4682	33650.98143251349	33651.0121	0.0999	33650.520	0.1060
4683	33645.13987193092	33645.1706	0.0649	33645.175	0.0660
4685	33629.48894939949	33629.5195	0.0999	33629.837	0.1040
4686	33616.7683115605	33616.7989	0.0648	33616.809	0.0660
4688	33602.55093966705	33602.5809	0.1400	33602.614	0.1460
4689	33594.18232040756	33594.2123	0.0571	33594.247	0.0580
4691	33582.64048909667	33582.6705	0.0571	33582.726	0.0590
4696	33549.56209128464	33549.592	0.0998	33549.184	0.1040
4699	33533.741196655	33533.7711	0.0569	33533.818	0.0580
4701	33528.64919575421	33528.6791	0.0569	33528.724	0.0580
4703	33520.08091005468	33520.1108	0.0998	33520.078	0.1220
4706	33506.10861934355	33506.1385	0.0434	33506.131	0.0434
4710	33491.88791316673	33491.9177	0.0997	33491.100	0.1110
4713	33467.94912024527	33467.9789	0.0645	33467.936	0.0670
4714	33446.90967394179	33446.9394	0.0644	33447.006	0.0760
4715	33445.18828333864	33445.218	0.0644	33445.183	0.0650
4718	33415.56117196987	33415.5909	0.0322	33415.620	0.0340
4719	33401.32933528512	33401.359	0.0322	33401.321	0.0370
4721	33381.75798111852	33381.7876	0.0321	33381.812	0.0340
4723	33372.10806403728	33372.1377	0.0642	33372.149	0.0642
4725	33370.03169448979	33370.0613	0.0321	33370.054	0.0330
4728	33350.06157660465	33350.0912	0.0321	33350.088	0.0360
4729	33341.91038840249	33341.94	0.0321	33341.962	0.0350
4733	33311.17058345316	33311.199	0.0641	33311.204	0.0650
4734	33309.79227168651	33309.8207	0.0321	33309.829	0.0340
4735	33307.20972779546	33307.2381	0.0641	33307.184	0.0670
4737	33300.24101748052	33300.2694	0.0641	33300.292	0.0650
4738	33295.57146472467	33295.5999	0.0641	33295.585	0.0650
4739	33292.04884622844	33292.0772	0.0995	33292.355	0.1050
4748	33207.65034545563	33207.6785	0.0995	33206.941	0.1080
4749	33206.16079016102	33206.189	0.0558	33206.244	0.0570
4750	33198.77171687163	33198.7999	0.0431	33198.787	0.0440
4754	33177.00180946293	33177.03	0.0994	33177.344	0.1080
4757	33158.77029657921	33158.7985	0.1030	33158.783	0.1090
4762	33087.69031938058	33087.7183	0.0318	33087.701	0.0340
4763	33083.52998418777	33083.558	0.0430	33083.488	0.0510
4764	33081.99878360786	33082.0268	0.0318	33081.815	0.0470
4767	33052.33813316334	33052.3157	0.0318	33052.312	0.0340
4769	33044.22992624505	33044.2075	0.1027	33044.320	0.1050
4771	33039.44850478097	33039.4261	0.0635	33039.453	0.0650
4772	33034.87108972526	33034.8487	0.0317	33034.816	0.0350
4775	33025.25927342947	33025.237	0.0317	33025.228	0.0350
4777	33015.73874257784	33015.7164	0.0634	33015.668	0.0730
4781	32981.25185441908	32981.2296	0.1025	32981.189	0.1025
4783	32973.21790730233	32973.1956	0.0633	32973.193	0.0640
4790	32918.59170561496	32918.5695	0.0316	32918.569	0.0330
4791	32910.97798673264	32910.9558	0.0316	32910.952	0.0340
4792	32888.62970876892	32888.6075	0.0316	32888.631	0.0340
4793	32884.98168654357	32884.9595	0.0316	32884.958	0.0340
4794	32875.02197782504	32874.9999	0.0991	32875.250	0.1060
4798	32846.2917665347	32846.2697	0.0631	32846.255	0.0660
4805	32806.63993930476	32806.6178	0.0315	32806.605	0.0330
4811	32766.40230618228	32766.4099	0.0629	32766.372	0.0650
4812	32742.90153237493	32742.9091	0.0314	32743.020	0.0370
4816	32723.53865040696	32723.5463	0.0314	32723.546	0.0330
4818	32712.14213818634	32712.1497	0.0628	32712.180	0.0640
4819	32697.16837551107	32697.176	0.0314	32697.169	0.0340
4822	32687.40816213834	32687.4158	0.0314	32687.410	0.0340
4824	32658.92895208032	32658.9365	0.0626	32658.967	0.0626
4826	32636.3486042229	32636.3561	0.0989	32636.372	0.1120
4830	32592.70133367621	32592.7088	0.0312	32592.707	0.0340
4831	32580.98864694059	32580.9961	0.0989	32581.262	0.1020
4832	32573.92895127736	32573.9365	0.0989	32573.509	0.1030
4833	32572.76016575352	32572.7677	0.1015	32573.302	0.1050
4835	32568.05985462402	32568.0674	0.0312	32568.090	0.0340
4837	32561.71834333034	32561.7258	0.0536	32561.725	0.0536
4838	32556.69015941904	32556.6977	0.0988	32556.719	0.1040
4839	32546.24004036334	32546.2475	0.1015	32546.270	0.1015
4843	32497.86005289993	32497.8778	0.0623	32497.905	0.0630
4851	32422.77894333521	32422.7965	0.0621	32422.770	0.0630
4853	32405.6385134746	32405.6561	0.0310	32405.678	0.0330
4855	32374.29100474785	32374.3085	0.0310	32374.301	0.0350
4856	32370.83138093871	32370.8489	0.0620	32370.795	0.0650
4858	32346.67023908245	32346.6877	0.0310	32346.694	0.0320
4859	32338.13131145633	32338.1488	0.0310	32338.139	0.0330
4860	32334.70103820678	32334.7185	0.0310	32334.740	0.0320
4861	32332.58990691441	32332.6074	0.0310	32332.591	0.0330
4862	32326.27773480881	32326.2952	0.0310	32326.300	0.0330
4864	32305.65247806523	32305.67	0.0309	32305.735	0.0490
4865	32294.91848678423	32294.9359	0.0528	32294.977	0.0680
4868	32243.57908438835	32243.5644	0.0309	32243.621	0.0370
4870	32206.9919450165	32206.9772	0.0308	32206.995	0.0320
4872	32161.25058862385	32161.2359	0.0616	32161.252	0.0616
4873	32156.55231580586	32156.5376	0.0523	32156.542	0.0523
4874	32108.31239109345	32108.2978	0.0307	32108.265	0.0350
4875	32105.40864507528	32105.394	0.3500	32105.347	0.3510
4877	32052.95119382149	32052.9366	0.0613	32052.915	0.0630
4879	32024.70839788087	32024.6939	0.0306	32024.669	0.0350
4881	32010.88212601456	32010.8676	0.0984	32011.200	0.1090
4883	31903.78883703478	31903.7835	0.0305	31903.803	0.0320
4884	31877.70230473605	31877.697	0.0982	31878.001	0.1020
4885	31855.90838209517	31855.9031	0.0982	31856.087	0.1150
4886	31852.03991497066	31852.0346	0.0304	31852.036	0.0310
4887	31828.40108974247	31828.3958	0.0304	31828.343	0.0360
4889	31799.63009306333	31799.6248	0.0608	31799.632	0.0620
4890	31766.66004981365	31766.6547	0.0511	31766.702	0.0520
4893	31699.02242709437	31699.0171	0.0606	31699.064	0.0630
4894	31691.30887147569	31691.3036	0.0606	31691.293	0.0606
4895	31664.75926658509	31664.754	0.1200	31664.763	0.1200
4896	31636.66094469635	31636.6557	0.0980	31636.151	0.1030
4897	31635.2501798898	31635.245	0.0414	31635.192	0.0430
4899	31597.6779486994	31597.6727	0.0505	31597.724	0.0520
4902	31535.17175803043	31535.1666	0.0979	31534.810	0.1020
4909	31478.92162790565	31478.9213	0.0301	31479.183	0.0320
4912	31445.53814417457	31445.5378	0.0990	31445.518	0.1000
4913	31418.55890801203	31418.5586	0.0300	31418.552	0.0310
4914	31398.87104041308	31398.8707	0.0978	31399.344	0.1280
4918	31288.71193219543	31288.7116	0.0977	31288.771	0.1670
4922	31243.94934602741	31243.949	0.0298	31243.949	0.0310
4925	31177.37069374709	31177.3704	0.0976	31176.891	0.1050
4927	31156.62850897553	31156.6282	0.0976	31156.785	0.1060
4931	31019.50961306162	31019.5096	0.0980	31019.504	0.0980
4932	31015.82181484997	31015.8218	0.0296	31015.802	0.0296
4935	30879.97874155331	30879.9787	0.0483	30880.014	0.0490
4937	30793.80164925008	30793.8016	0.0294	30793.842	0.0320
4938	30775.6403241689	30775.6403	0.0587	30775.656	0.0587
4942	30661.96947424329	30661.9535	0.0292	30661.955	0.0310
4946	30627.3280998374	30627.3121	0.0292	30627.321	0.0300
4947	30624.56902020252	30624.553	0.0292	30624.594	0.1200
4951	30553.02846872138	30553.0126	0.0291	30552.965	0.0330
4955	30470.51174160855	30470.4959	0.0403	30470.446	0.0420
4956	30454.96766509064	30454.9435	0.0581	30455.007	0.0600
4958	30408.78887218297	30408.7647	0.0290	30408.785	0.0300
4959	30380.6115859637	30380.5875	0.0970	30380.949	0.1000
4965	30297.27143343365	30297.2474	0.0289	30297.246	0.0300
4966	30271.43964780926	30271.4157	0.0577	30271.395	0.0600
4968	30260.05020948432	30260.0263	0.0969	30260.584	0.1020
4969	30251.59943193845	30251.5755	0.0969	30252.070	0.1060
4971	30200.56982695671	30200.546	0.0288	30200.552	0.0300
4972	30164.93080815159	30164.907	0.0288	30164.887	0.0300
4975	30134.00936799842	30133.9857	0.0459	30134.022	0.0470
4976	30126.30918766864	30126.2847	0.0968	30126.852	0.1020
4978	30108.26147266006	30108.237	0.0459	30108.274	0.0470
4981	30088.58065974822	30088.5563	0.0287	30088.554	0.0287
4982	30074.38935255032	30074.365	0.1900	30074.985	0.1910
4983	30067.57888881369	30067.5545	0.0573	30067.534	0.0580
4985	30040.73753289755	30040.7132	0.0286	30040.708	0.0300
4989	29960.47832646085	29960.4541	0.0286	29960.447	0.0286
4990	29953.23166567798	29953.2075	0.0286	29953.171	0.0310
4991	29951.1977794088	29951.1736	0.0571	29951.225	0.0590
4996	29914.0117295492	29913.9876	0.0285	29914.021	0.0320
5002	29880.78004951733	29880.7559	0.0285	29880.722	0.0300
5006	29837.28863311049	29837.2775	0.0284	29837.290	0.0320
5007	29832.63995045744	29832.6289	0.0569	29832.642	0.0590
5011	29793.03198762677	29793.0209	0.0284	29792.983	0.0330
5018	29749.80265635537	29749.7917	0.0567	29749.780	0.0567
5019	29745.39815699394	29745.3872	0.0284	29745.396	0.0300
5022	29724.60256463975	29724.5916	0.0283	29724.618	0.0300
5027	29708.00868396019	29707.9977	0.0283	29708.010	0.0290
5031	29679.70768204242	29679.6967	0.0283	29679.715	0.0290
5032	29660.46780913962	29660.4568	0.0283	29660.425	0.0320
5035	29637.21887018639	29637.208	0.0283	29637.228	0.0300
5038	29595.0610434126	29595.0567	0.0964	29595.392	0.1010
5043	29564.88284142405	29564.8785	0.0442	29564.919	0.0450
5046	29533.60029581323	29533.596	0.0964	29533.756	0.2320
5047	29519.95164070604	29519.9473	0.0282	29519.965	0.0310
5051	29453.43958624094	29453.4353	0.0562	29453.495	0.0590
5053	29437.36022906381	29437.3559	0.0949	29437.333	0.0960
5057	29415.55060445593	29415.5463	0.0561	29415.560	0.0561
5058	29410.18769041856	29410.199	0.0393	29410.149	0.0410
5059	29405.16007065728	29405.1714	0.0281	29405.159	0.0300
5063	29289.53102825968	29289.5422	0.0962	29289.235	0.1010
5065	29280.24089399736	29280.2521	0.0559	29280.226	0.0570
5067	29268.06046589077	29268.0717	0.0279	29268.060	0.0320
5068	29262.27901370872	29262.2902	0.0559	29262.259	0.0570
5069	29251.84990600317	29251.8611	0.0279	29251.837	0.0330
5070	29239.60837203381	29239.6196	0.0279	29239.606	0.0279
5073	29179.19262504681	29179.2038	0.0279	29179.178	0.0290
5074	29177.91833061555	29177.9295	0.0961	29178.249	0.1010
5075	29171.52187845195	29171.5331	0.0431	29171.580	0.0450
5076	29164.25758657803	29164.2687	0.0961	29163.882	0.1790
5078	29144.23227837584	29144.2434	0.0430	29144.311	0.0460
5081	29016.83258794754	29016.8192	0.0426	29016.847	0.0426
5082	28982.31115279684	28982.2979	0.0277	28982.285	0.0277
5085	28873.16225925796	28873.1491	0.0422	28873.148	0.0422
5086	28870.92954139602	28870.9163	0.0422	28870.954	0.0430
5089	28744.1821785841	28744.1676	0.0275	28744.146	0.0320
5091	28701.01851303006	28701.0039	0.0274	28700.957	0.0290
5093	28658.99075274614	28658.9763	0.0274	28658.981	0.0280
5094	28654.97265789895	28654.9582	0.0274	28654.944	0.0290
5097	28599.49715010944	28599.4828	0.0958	28599.735	0.1010
5099	28568.86249115762	28568.8481	0.0273	28568.834	0.0320
5100	28508.8216150332	28508.8072	0.2500	28508.833	0.2500
5101	28504.36900500337	28504.3546	0.0273	28504.357	0.0310
5103	28477.56764075092	28477.5533	0.0385	28477.516	0.0410
5104	28470.82805484979	28470.8138	0.0272	28470.825	0.0290
5105	28461.5525879236	28461.5383	0.0545	28461.501	0.0570
5107	28420.9920711542	28420.9778	0.0272	28420.953	0.0300
5111	28339.12302577161	28339.1049	0.0271	28339.101	0.0290
5112	28338.39242078645	28338.3743	0.0271	28338.383	0.0500
5114	28304.78296091396	28304.7649	0.0542	28304.739	0.0550
5118	28216.71818670864	28216.7003	0.0927	28216.771	0.0980
5120	28207.71169104826	28207.6938	0.0270	28207.682	0.0320
5122	28177.15140175869	28177.1335	0.0270	28177.140	0.0280
5129	28019.71240875707	28019.6947	0.0954	28019.774	0.1000
5130	28015.62188331345	28015.6042	0.0269	28015.625	0.0290
5133	27967.5321005303	27967.5134	0.0268	27967.615	0.0340
5134	27950.08090735816	27950.0622	0.0268	27950.012	0.0330
5137	27888.64975824805	27888.6312	0.0268	27888.645	0.0268
5138	27848.05106330368	27848.0325	0.0392	27848.084	0.0410
5139	27836.78321054792	27836.7646	0.0953	27836.987	0.0980
5140	27835.45987801644	27835.4413	0.0267	27835.417	0.0280
5141	27807.74982194768	27807.7313	0.0267	27807.749	0.0267
5143	27760.66210540257	27760.6436	0.0267	27760.617	0.0280
5144	27744.27810800298	27744.2597	0.0266	27744.273	0.0266
5146	27683.04015649374	27683.0219	0.0266	27683.006	0.0280
5147	27665.80229882263	27665.784	0.0266	27665.781	0.0280
5154	27544.80300363208	27544.797	0.0265	27544.809	0.0265
5155	27509.0171142727	27509.0111	0.0951	27509.078	0.1730
5156	27508.80223705115	27508.7962	0.0915	27508.787	0.0915
5158	27446.76126305203	27446.7553	0.0264	27446.735	0.0300
5159	27443.33248497776	27443.3265	0.0914	27443.540	0.0930
5160	27440.78864239821	27440.7826	0.0377	27440.729	0.0400
5161	27431.01314691866	27431.0071	0.0381	27431.057	0.0400
5163	27399.03275822014	27399.0268	0.0264	27398.997	0.0520
5164	27389.11063751032	27389.1046	0.0264	27389.112	0.0280
5165	27380.31976443623	27380.3138	0.0264	27380.329	0.0290
5167	27362.61937158575	27362.6134	0.0263	27362.579	0.0310
5168	27357.52833571635	27357.5223	0.0263	27357.499	0.0270
5171	27350.51292258818	27350.5069	0.0263	27350.577	0.0290
5174	27322.35821811005	27322.3523	0.0263	27322.351	0.0300
5175	27312.15230616734	27312.1464	0.5000	27312.019	0.5000
5176	27298.58866608438	27298.5828	0.0263	27298.583	0.0270
5178	27265.56111828184	27265.5552	0.0263	27265.531	0.0300
5179	27260.16273543152	27260.1568	0.0911	27260.195	0.1000
5180	27257.91142202328	27257.9055	0.0263	27257.894	0.0330
5182	27237.38743151422	27237.3855	0.0262	27237.357	0.0290
5183	27220.83203033084	27220.8301	0.0262	27220.801	0.0290
5185	27203.44109838538	27203.4393	0.0262	27203.440	0.0270
5186	27197.73729329128	27197.7355	0.0262	27197.750	0.0280
5189	27174.78068068921	27174.7789	0.0262	27174.769	0.0290
5192	27157.80991532546	27157.8081	0.0262	27157.806	0.0270
5193	27150.98838832027	27150.9866	0.0262	27150.864	0.0330
5194	27146.3371000438	27146.3353	0.0262	27146.328	0.0310
5195	27138.56077556812	27138.559	0.0262	27138.538	0.0280
5198	27116.36047955979	27116.3587	0.0909	27116.396	0.0909
5202	27094.03326866881	27094.0315	0.0261	27093.978	0.0300
5203	27085.38043794051	27085.3786	0.0909	27085.403	0.0909
5205	27075.08125561419	27075.0795	0.0261	27075.098	0.0270
5207	27059.91966689543	27059.9179	0.0261	27059.931	0.0280
5208	27059.46699954299	27059.4652	0.0261	27059.453	0.0270
5209	27057.01959710857	27057.0178	0.0261	27056.976	0.0470
5210	27009.8701003129	27009.8683	0.0522	27009.812	0.0560
5211	26982.64986610709	26982.6481	0.0261	26982.601	0.0320
5212	26979.03879030931	26979.037	0.0261	26979.047	0.0300
5215	26937.83321021198	26937.8314	0.3000	26938.137	0.3030
5216	26898.12330158161	26898.0963	0.0520	26898.130	0.0530
5220	26756.77259908601	26756.7459	0.0947	26756.961	0.0990
5222	26730.24793382232	26730.2212	0.0259	26730.228	0.0290
5224	26693.50340850986	26693.4768	0.0258	26693.455	0.0310
5225	26645.84315068048	26645.8167	0.0258	26645.806	0.0270
5226	26633.02330321475	26632.9968	0.0258	26632.996	0.0270
5227	26597.80150965416	26597.7751	0.0515	26597.741	0.0515
5228	26581.20308955451	26581.1767	0.0258	26581.165	0.0310
5229	26579.97330501064	26579.9469	0.0901	26579.993	0.0920
5230	26569.0192606915	26568.9929	0.0258	26569.373	0.0300
5231	26564.31004473593	26564.2836	0.0946	26564.571	0.0990
5232	26529.6987971021	26529.6701	0.0257	26529.649	0.0280
5233	26525.96029932674	26525.9317	0.0257	26525.930	0.0480
5234	26507.73016818286	26507.7016	0.0514	26507.760	0.0640
5238	26422.38709884328	26422.3587	0.0513	26422.318	0.0540
5239	26415.33302364369	26415.3046	0.0256	26415.310	0.0280
5240	26409.08953689273	26409.0611	0.0899	26408.905	0.0930
5241	26332.54701743836	26332.5188	0.0512	26332.513	0.0540
5247	26252.94113335583	26252.913	0.0255	26253.042	0.0330
5248	26247.40006644482	26247.372	0.0255	26247.391	0.0255
5250	26211.10792973763	26211.0799	0.0255	26211.050	0.0270
5251	26189.40958312401	26189.3817	0.0255	26189.378	0.0270
5252	26172.56248456318	26172.5346	0.0255	26172.521	0.0270
5253	26163.57806732943	26163.5502	0.0255	26163.509	0.0300
5254	26157.98290824086	26157.955	0.0255	26157.931	0.0280
5255	26152.88751393262	26152.8597	0.0255	26152.835	0.0255
5257	26036.58794330647	26036.5813	0.0254	26036.589	0.0280
5259	26008.11115481535	26008.1046	0.0893	26008.115	0.0910
5260	26000.06960408343	26000.063	0.0893	26000.097	0.0900
5261	25916.53980602547	25916.5333	0.0253	25916.497	0.0290
5263	25895.21197837294	25895.2055	0.0506	25895.252	0.0520
5265	25876.02269971361	25876.0162	0.0367	25875.950	0.0400
5270	25795.56288139063	25795.5564	0.0504	25795.549	0.0520
5281	25732.98348425262	25732.9771	0.0252	25732.975	0.0252
5284	25657.6628479237	25657.6564	0.0941	25657.705	0.1660
5285	25640.33847971532	25640.3321	0.0251	25640.341	0.0270
5286	25598.7080571408	25598.7168	0.0251	25598.704	0.0280
5290	25495.78907105626	25495.7978	0.0250	25495.796	0.0300
5292	25448.02230072218	25448.0309	0.0500	25448.015	0.0510
5293	25429.65948642104	25429.6681	0.0250	25429.658	0.0290
5296	25409.83736771005	25409.846	0.0940	25409.732	0.1020
5298	25318.86917193633	25318.8778	0.0940	25318.737	0.0980
5303	25132.13810178451	25132.1465	0.0248	25132.131	0.0280
5304	25124.1025409048	25124.1109	0.0248	25124.129	0.0270
5306	25115.2799185372	25115.2883	0.0248	25115.276	0.0280
5313	25006.2801824137	25006.2836	0.0247	25006.280	0.0260
5314	24991.6900927177	24991.6935	0.1200	24991.712	0.1210
5315	24986.91853785613	24986.9219	0.0247	24986.940	0.0290
5320	24913.50336488183	24913.5068	0.0246	24913.538	0.0260
5321	24906.59752646077	24906.6009	0.0246	24906.554	0.0490
5322	24894.94929280199	24894.9527	0.0492	24894.934	0.0500
5323	24878.72280896546	24878.7262	0.0246	24878.724	0.0260
5326	24809.3225849165	24809.326	0.0246	24809.329	0.0270
5328	24792.52085857561	24792.5243	0.0246	24792.645	0.0310
5333	24686.43950374442	24686.4428	0.0245	24686.423	0.0300
5334	24671.37263624886	24671.3759	0.0245	24671.378	0.0460
5345	24489.39943012195	24489.4405	0.0244	24489.425	0.0290
5346	24487.15694847206	24487.198	0.0244	24487.217	0.0270
5349	24458.29192853436	24458.3329	0.0244	24458.354	0.0260
5350	24417.83880798303	24417.8797	0.0243	24417.892	0.0270
5354	24365.41663306093	24365.4573	0.0243	24365.441	0.0290
5355	24364.92190568146	24364.9626	0.0300	24365.005	0.0320
5356	24350.62020657185	24350.6609	0.0872	24350.710	0.0950
5359	24307.11048375247	24307.151	0.0243	24307.151	0.0260
5362	24259.97716741201	24260.0176	0.0871	24259.987	0.0871
5364	24195.25072382745	24195.2909	0.0242	24195.300	0.0250
5365	24187.58187729468	24187.622	0.0870	24187.657	0.0870
5366	24171.99100267676	24172.0311	0.0242	24172.020	0.0270
5367	24170.17289136912	24170.213	0.0870	24170.215	0.0880
5368	24165.24221241688	24165.2814	0.0870	24165.324	0.0980
5369	24133.42120517244	24133.4603	0.0242	24133.454	0.0270
5370	24121.69318282844	24121.7323	0.0242	24121.742	0.0250
5371	24111.57116574059	24111.6103	0.0869	24111.591	0.0880
5374	24110.23996416199	24110.2791	0.0869	24110.275	0.0880
5375	24107.7175311914	24107.7565	0.0483	24107.730	0.0500
5376	24106.78745702313	24106.8265	0.0869	24106.810	0.0880
5377	24102.07930633913	24102.1183	0.0241	24102.115	0.0270
5380	24092.41304325958	24092.452	0.0241	24092.427	0.0260
5383	24083.81201965739	24083.851	0.0241	24083.864	0.0260
5384	24075.14842628947	24075.1873	0.0241	24075.189	0.0260
5385	24071.93732717794	24071.9762	0.0241	24071.964	0.0260
5386	24070.86999547826	24070.9089	0.0241	24070.901	0.0270
5387	24062.3233980977	24062.3623	0.0483	24062.351	0.0500
5390	24039.48113122768	24039.5199	0.0241	24039.426	0.0290
5391	24031.98058819071	24032.0194	0.0482	24031.990	0.0490
5393	24025.31708925962	24025.3559	0.0241	24025.343	0.0260
5394	24002.27181894762	24002.3105	0.0482	24002.301	0.0490
5395	23997.46802920368	23997.5067	0.0241	23997.505	0.0260
5397	23990.81705495208	23990.8558	0.0482	23990.854	0.0490
5398	23961.72035423494	23961.759	0.0241	23961.758	0.0280
5399	23953.54377664738	23953.5823	0.0481	23953.566	0.0490
5402	23946.64204551188	23946.6879	0.0241	23946.701	0.0290
5406	23929.04727400274	23929.0931	0.0867	23929.083	0.0867
5407	23927.69358989508	23927.7394	0.0240	23927.728	0.0260
5409	23918.02700925597	23918.0728	0.0240	23918.072	0.0270
5410	23914.91944833135	23914.9652	0.0240	23914.968	0.0260
5411	23911.86360628181	23911.9094	0.0240	23911.907	0.0260
5413	23898.4093919231	23898.4551	0.0240	23898.439	0.0290
5414	23897.67170399254	23897.7174	0.0240	23897.704	0.0270
5416	23892.83359257902	23892.8793	0.0240	23892.869	0.0280
5419	23875.83717739595	23875.8828	0.0934	23875.778	0.1050
5421	23864.20305220769	23864.2487	0.0240	23864.262	0.0260
5422	23858.95903517273	23859.0046	0.0240	23859.013	0.0240
5423	23856.82951595373	23856.8751	0.0866	23856.849	0.0900
5425	23819.77339451783	23819.8188	0.0240	23819.817	0.0270
5427	23812.48971556047	23812.5351	0.0240	23812.531	0.0250
5432	23789.9090875999	23789.9544	0.0240	23789.946	0.0270
5433	23788.3075890276	23788.3529	0.0240	23788.343	0.0270
5435	23785.30789798264	23785.3532	0.0240	23785.339	0.0270
5438	23777.56206255138	23777.6074	0.0240	23777.627	0.0270
5440	23773.16286726864	23773.2004	0.0240	23773.188	0.0260
5442	23754.56869573973	23754.6061	0.0865	23754.610	0.0865
5444	23749.13979299853	23749.1772	0.0239	23749.199	0.0290
5453	23694.87183256052	23694.909	0.0478	23694.887	0.0490
5454	23693.10934263452	23693.1465	0.0239	23693.143	0.0270
5455	23665.59924534123	23665.6363	0.0239	23665.631	0.0260
5456	23661.17984433577	23661.2169	0.0239	23661.233	0.0250
5457	23651.80269472016	23651.8398	0.0864	23651.816	0.0870
5458	23643.87794713635	23643.915	0.0239	23643.901	0.0260
5459	23637.75021587958	23637.7872	0.0239	23637.791	0.0250
5460	23636.86791982057	23636.9049	0.0239	23636.937	0.0290
5461	23635.54882789874	23635.5858	0.0864	23635.558	0.0870
5463	23625.8865073791	23625.9235	0.0239	23625.924	0.0270
5464	23623.83735339237	23623.8744	0.0239	23623.679	0.0390
5468	23580.75869485766	23580.7956	0.0239	23580.796	0.0260
5471	23569.92887343902	23569.9657	0.0238	23569.970	0.0310
5472	23565.76122753908	23565.798	0.0238	23565.790	0.0270
5473	23557.73808461452	23557.7749	0.0238	23557.663	0.0310
5475	23550.43342160976	23550.4702	0.0238	23550.470	0.0260
5476	23547.72150528497	23547.7583	0.0238	23547.766	0.0260
5477	23546.54049140547	23546.5772	0.0477	23546.570	0.0490
5480	23539.18934074369	23539.226	0.0238	23539.210	0.0270
5486	23525.80719617119	23525.8112	0.0238	23525.826	0.0250
5488	23521.90967476647	23521.9137	0.0476	23521.950	0.0630
5489	23521.13367833676	23521.1377	0.0238	23521.135	0.0260
5492	23484.55145347031	23484.5555	0.0238	23484.560	0.0260
5493	23480.65171982138	23480.6557	0.0862	23480.653	0.0870
5494	23475.45876884165	23475.4628	0.0238	23475.468	0.0260
5498	23462.93643097908	23462.9404	0.0238	23462.948	0.0260
5499	23453.9970330039	23454.001	0.0476	23454.008	0.0490
5500	23438.08242097966	23438.0864	0.0238	23438.066	0.0260
5503	23428.29412059582	23428.2981	0.0238	23428.297	0.0250
5506	23419.09788195622	23419.1019	0.0238	23419.091	0.0300
5507	23413.70674401446	23413.7107	0.0238	23413.696	0.0260
5508	23412.27359069416	23412.2776	0.0238	23412.262	0.0260
5510	23396.86786104551	23396.8719	0.0475	23396.864	0.0560
5511	23391.49111005017	23391.4951	0.0238	23391.481	0.0260
5512	23391.01638046268	23391.0204	0.0238	23391.006	0.0260
5514	23386.17870026697	23386.1827	0.0238	23386.176	0.0260
5515	23385.39695652483	23385.401	0.0237	23385.399	0.0260
5516	23384.83853617821	23384.8425	0.0237	23384.865	0.0280
5517	23380.15750833445	23380.1615	0.0475	23380.153	0.0490
5518	23379.54989100347	23379.5539	0.0237	23379.547	0.0260
5519	23375.25247661138	23375.2565	0.0475	23375.250	0.0475
5523	23361.96905175943	23361.9731	0.0237	23361.967	0.0280
5525	23351.58341645451	23351.5874	0.0237	23351.709	0.0450
5526	23350.13281555753	23350.1368	0.0475	23350.123	0.0475
5527	23346.76288293407	23346.7669	0.0237	23346.756	0.0250
5530	23333.8215957173	23333.8256	0.0237	23333.821	0.0270
5531	23332.26353807712	23332.2675	0.0237	23332.275	0.0250
5532	23323.46210955374	23323.466	0.0237	23323.463	0.0270
5533	23322.70723947671	23322.7111	0.0237	23322.707	0.0290
5534	23319.13824603701	23319.1421	0.0237	23319.136	0.0260
5540	23304.98841416159	23304.9923	0.0237	23304.986	0.0250
5542	23300.28972879593	23300.2936	0.0861	23300.293	0.0870
5544	23292.06644796361	23292.0703	0.0237	23292.055	0.0270
5546	23280.53316769478	23280.5371	0.0474	23280.537	0.0480
5550	23262.77104935097	23262.7749	0.0237	23262.817	0.0290
5555	23248.35362331868	23248.3946	0.0237	23248.396	0.0237
5560	23232.97246404339	23233.0134	0.0237	23233.036	0.0250
5563	23225.18375585879	23225.2247	0.0931	23225.450	0.1960
5568	23211.60759413572	23211.6485	0.0473	23211.611	0.0480
5569	23202.08850907643	23202.1293	0.0473	23202.111	0.0480
5570	23185.70872991032	23185.7495	0.0473	23185.726	0.0480
5572	23171.9190006534	23171.9597	0.0236	23171.940	0.0260
5574	23161.24728082714	23161.288	0.0236	23161.289	0.0270
5579	23138.29211481611	23138.3327	0.0472	23138.299	0.0480
5581	23134.68939626895	23134.73	0.0236	23134.736	0.0236
5586	23124.27682036998	23124.3174	0.0472	23124.287	0.0480
5587	23122.33348777566	23122.374	0.0236	23122.366	0.0260
5589	23116.29872523155	23116.3392	0.0236	23116.329	0.0260
5590	23115.67871909988	23115.7192	0.0236	23115.710	0.0260
5591	23112.32819489395	23112.3687	0.0236	23112.347	0.0250
5593	23110.09345159773	23110.134	0.0236	23110.128	0.0236
5595	23098.53981381823	23098.5803	0.0236	23098.570	0.0270
5598	23085.16213686267	23085.2025	0.0236	23085.193	0.0250
5599	23083.64281043623	23083.6832	0.0236	23083.710	0.0410
5604	23063.17904653662	23063.2193	0.0472	23063.204	0.0490
5609	23010.28123022566	23010.3084	0.0471	23010.278	0.0480
5610	23007.58067864766	23007.6078	0.0236	23007.589	0.0260
5612	22999.26025454911	22999.2874	0.0235	22999.268	0.0250
5613	22994.53717648577	22994.5643	0.0235	22994.395	0.0360
5615	22989.24268661323	22989.2698	0.0235	22989.269	0.0290
5616	22986.1573176858	22986.1844	0.0235	22986.163	0.0250
5619	22970.68146283596	22970.7086	0.0235	22970.691	0.0260
5620	22965.73176495286	22965.7588	0.0235	22965.744	0.0250
5621	22960.1995666008	22960.2266	0.0235	22960.217	0.0235
5622	22959.46726861597	22959.4943	0.0235	22959.492	0.0260
5623	22957.8420457318	22957.869	0.0471	22957.865	0.0480
5624	22952.61310598618	22952.6401	0.0235	22952.624	0.0280
5629	22941.29403784337	22941.321	0.0235	22941.313	0.0260
5631	22937.85214999689	22937.8791	0.0857	22937.877	0.0857
5632	22931.42263362123	22931.4496	0.0235	22931.451	0.0250
5635	22907.65180563976	22907.6787	0.0930	22907.534	0.1050
5636	22906.2507129236	22906.2776	0.0235	22906.244	0.0270
5637	22905.61049325863	22905.6374	0.0235	22905.626	0.0250
5638	22890.94096450366	22890.9679	0.0235	22890.942	0.0270
5640	22878.93971269477	22878.9665	0.0235	22879.138	0.0360
5644	22866.26643583937	22866.2932	0.0235	22866.296	0.0250
5645	22858.13657798429	22858.1634	0.0235	22858.141	0.0260
5646	22855.41864892533	22855.4501	0.0235	22855.459	0.0260
5647	22853.13404535301	22853.1655	0.0235	22853.165	0.0250
5650	22829.901098634	22829.9326	0.0235	22829.925	0.0250
5651	22825.5739959734	22825.6055	0.0235	22825.591	0.0260
5655	22816.98988719112	22817.0213	0.0235	22817.018	0.0270
5656	22816.37636993572	22816.4078	0.0235	22816.390	0.0260
5657	22814.63708879133	22814.6685	0.0930	22814.638	0.0990
5659	22800.42712520166	22800.4585	0.0234	22800.461	0.0250
5660	22791.90747372959	22791.9389	0.0234	22791.927	0.0260
5661	22790.81037149623	22790.8418	0.0234	22790.846	0.0240
5662	22790.49900886295	22790.5304	0.0234	22790.518	0.0260
5669	22775.83084991515	22775.8621	0.0234	22775.861	0.0240
5670	22775.18818134658	22775.2195	0.0234	22775.214	0.0260
5672	22764.69706451991	22764.7284	0.0469	22764.706	0.0480
5673	22727.63095590073	22727.6622	0.0468	22727.652	0.0480
5675	22715.83710510806	22715.8749	0.0234	22715.838	0.0250
5676	22715.36735583933	22715.4052	0.0234	22715.390	0.0270
5677	22709.97968119435	22710.0175	0.0234	22710.019	0.0260
5678	22709.39119217615	22709.429	0.0234	22709.406	0.0250
5679	22708.12204061978	22708.1598	0.0468	22708.133	0.0480
5680	22706.01251124471	22706.0503	0.0468	22706.044	0.0480
5682	22703.20851774012	22703.2463	0.0468	22703.230	0.0490
5683	22700.69807873375	22700.7359	0.0468	22700.713	0.0480
5686	22696.6167437284	22696.6545	0.0234	22696.681	0.0280
5689	22688.4104439743	22688.4482	0.0234	22688.435	0.0280
5690	22686.39801014938	22686.4357	0.0234	22686.417	0.0250
5697	22677.48356368243	22677.5213	0.0234	22677.509	0.0260
5698	22665.34678260041	22665.3845	0.0234	22665.392	0.0280
5699	22660.78303376416	22660.8207	0.0468	22660.815	0.0480
5708	22630.66206319157	22630.6997	0.0854	22630.854	0.0890
5711	22612.42986148788	22612.4674	0.0234	22612.479	0.0270
5718	22577.09795634094	22577.1544	0.0853	22577.109	0.0860
5721	22561.95972176766	22562.0161	0.0233	22562.019	0.0250
5722	22560.42162183567	22560.4779	0.0467	22560.467	0.0480
5724	22557.62792857843	22557.6842	0.0233	22557.684	0.0260
5726	22551.33242882213	22551.3887	0.0466	22551.358	0.0480
5727	22549.05953310222	22549.1158	0.0233	22549.112	0.0260
5736	22527.70273963971	22527.7589	0.0466	22527.742	0.0480
5737	22524.46011851066	22524.5163	0.0233	22524.516	0.0240
5738	22523.00299090956	22523.0592	0.0466	22523.042	0.0480
5740	22513.25632475601	22513.3124	0.0466	22513.317	0.0480
5742	22491.90108544784	22491.9571	0.0233	22491.959	0.0260
5743	22490.75826316991	22490.8143	0.0233	22490.822	0.0250
5746	22479.399622206	22479.4555	0.0233	22479.469	0.0250
5747	22476.0591664544	22476.1151	0.0466	22476.092	0.0480
5748	22464.91188937593	22464.9678	0.0466	22464.949	0.0466
5749	22460.55135411864	22460.6072	0.0466	22460.635	0.0490
5750	22446.22389899907	22446.2797	0.0465	22446.260	0.0465
5752	22434.6296707572	22434.711	0.0465	22434.680	0.0480
5754	22433.02899895993	22433.1103	0.0465	22433.077	0.0480
5762	22413.97772464891	22414.0588	0.0465	22414.049	0.0480
5763	22412.46975629304	22412.5509	0.0233	22412.531	0.0260
5764	22410.11275153462	22410.1939	0.0233	22410.177	0.0260
5765	22406.1204068776	22406.2015	0.0233	22406.200	0.0270
5770	22389.81157556068	22389.8926	0.0232	22389.886	0.0240
5773	22372.69080603888	22372.7716	0.0600	22372.988	0.0610
5774	22369.17749008667	22369.2583	0.0232	22369.272	0.0250
5775	22343.74380882979	22343.8244	0.0464	22343.817	0.0480
5776	22332.73318884013	22332.8137	0.0851	22332.851	0.0860
5777	22323.3431821582	22323.4237	0.0232	22323.452	0.0260
5788	22266.64290066939	22266.723	0.0232	22266.742	0.0250
5790	22263.00325221076	22263.0833	0.0232	22263.059	0.0250
5791	22260.24236270764	22260.3224	0.0232	22260.322	0.0250
5795	22214.45407941879	22214.5338	0.0463	22214.504	0.0480
5799	22194.72848401088	22194.8081	0.0928	22194.624	0.1060
5800	22192.38236618031	22192.4619	0.0232	22192.480	0.0280
5801	22172.86188906454	22172.8896	0.0231	22172.875	0.0250
5803	22120.78913350222	22120.8166	0.0231	22120.928	0.0290
5805	22083.91086765797	22083.9384	0.0231	22083.972	0.0280
5807	22043.90302597639	22043.9304	0.0462	22043.916	0.0470
5808	22024.83793644032	22024.8652	0.0231	22024.867	0.0240
5810	22017.85200428749	22017.8793	0.0231	22017.858	0.0250
5813	21977.80298303214	21977.8302	0.0231	21977.820	0.0240
5816	21963.71353488902	21963.7407	0.0230	21963.735	0.0240
5819	21949.55123838231	21949.5783	0.0461	21949.581	0.0470
5824	21873.24181453168	21873.2687	0.0230	21873.236	0.0250
5832	21847.19695927142	21847.2125	0.0230	21847.214	0.0240
5833	21838.05212620343	21838.0675	0.0230	21838.061	0.0240
5837	21811.65778179745	21811.6732	0.0230	21811.685	0.0240
5841	21792.43950567833	21792.4549	0.0230	21792.463	0.0260
5842	21777.72263177698	21777.738	0.0230	21777.754	0.0260
5844	21773.89635280845	21773.9118	0.0459	21773.898	0.0470
5845	21762.57173212909	21762.587	0.0230	21762.588	0.0260
5847	21755.80372219361	21755.819	0.0230	21755.812	0.0250
5849	21728.96042661266	21728.9757	0.0229	21728.974	0.0250
5851	21718.10301024679	21718.1183	0.0229	21718.135	0.0260
5854	21676.39150431676	21676.4067	0.0458	21676.388	0.0458
5855	21663.89213759434	21663.9073	0.0229	21663.911	0.0260
5856	21614.70253182798	21614.7176	0.0458	21614.708	0.0470
5859	21546.57815392663	21546.5932	0.0229	21546.615	0.0250
5860	21535.14687142491	21535.1619	0.0457	21535.156	0.0470
5861	21525.58040924973	21525.5954	0.0228	21525.626	0.0270
5862	21512.09215302539	21512.1072	0.0457	21512.103	0.0457
5863	21505.74296764158	21505.758	0.0457	21505.784	0.0457
5865	21486.80177901116	21486.8299	0.0228	21486.830	0.0280
5866	21480.14411874851	21480.1722	0.0228	21480.180	0.0228
5867	21447.98870574084	21448.0167	0.0456	21448.004	0.0470
5868	21433.91789304091	21433.9459	0.0228	21433.969	0.0240
5869	21412.75869135368	21412.7866	0.0843	21412.834	0.0950
5871	21338.64395876189	21338.6717	0.0228	21338.683	0.0228
5877	21269.05061322726	21269.0782	0.0227	21269.053	0.0250
5878	21248.40079625767	21248.4283	0.0227	21248.425	0.0250
5879	21244.62678984773	21244.6543	0.0455	21244.644	0.0470
5880	21243.14998729862	21243.1775	0.0227	21243.178	0.0250
5881	21221.76715171224	21221.7946	0.0454	21221.768	0.0460
5883	21208.82257562504	21208.85	0.0454	21208.834	0.0460
5884	21196.86676825302	21196.8942	0.0454	21196.884	0.0460
5887	21159.55801828313	21159.586	0.0454	21159.569	0.0460
5888	21155.62689125659	21155.6548	0.0454	21155.630	0.0470
5891	21143.73303988349	21143.7609	0.0227	21143.789	0.0280
5892	21136.85859884307	21136.8865	0.0454	21136.923	0.0490
5894	21059.55859961114	21059.5863	0.0227	21059.599	0.0260
5895	21052.50756627849	21052.5353	0.0226	21052.532	0.0226
5905	20950.47673110177	20950.5041	0.0452	20950.489	0.0460
5907	20935.26108500755	20935.2885	0.0452	20935.280	0.0460
5908	20923.93398594992	20923.9613	0.0452	20923.919	0.0470
5909	20897.90674857169	20897.934	0.0226	20897.955	0.0240
5910	20866.00382636895	20866.031	0.0839	20865.800	0.0960
5912	20833.40638866022	20833.4335	0.0451	20833.442	0.0470
5916	20804.48340461098	20804.5104	0.0451	20804.508	0.0451
5917	20791.83213714934	20791.8591	0.0838	20791.854	0.0838
5919	20754.62947795335	20754.6157	0.0451	20754.646	0.0470
5920	20737.66229531431	20737.6485	0.0450	20737.629	0.0470
5921	20733.35802956214	20733.3442	0.0450	20733.349	0.0460
5923	20686.66285125405	20686.6492	0.0924	20686.810	0.1010
5924	20632.71133327099	20632.6977	0.0225	20632.698	0.0240
5925	20581.45602887298	20581.4424	0.0225	20581.448	0.0280
5926	20553.00025541044	20552.9868	0.0225	20552.995	0.0260
5927	20549.13917689105	20549.1257	0.0225	20549.111	0.0240
5930	20472.77907742085	20472.7657	0.0224	20472.787	0.0260
5932	20357.51361531151	20357.5003	0.0224	20357.496	0.0250
5933	20315.66635506324	20315.6532	0.0224	20315.650	0.0250
5936	20281.95154007154	20281.9383	0.0223	20281.939	0.0250
5937	20136.83684212717	20136.8368	0.0223	20136.834	0.0250
5938	20123.32231654368	20123.3223	0.0223	20123.333	0.0250
5939	19872.49036168287	19872.4904	0.0832	19872.459	0.0840
5941	19694.11880758709	19694.1074	0.0221	19694.126	0.0240
5942	19648.39447289934	19648.3832	0.0221	19648.369	0.0230
5945	19581.04397522315	19581.0327	0.0221	19581.076	0.0280
5947	19493.0372527793	19493.0261	0.0221	19493.023	0.0230
5949	19353.13774777145	19353.1267	0.0220	19353.132	0.0240
5950	19348.90879763235	19348.8978	0.0220	19348.893	0.0230
5951	19319.35883847051	19319.3478	0.0220	19319.384	0.0280
5956	19194.00385083107	19193.9931	0.0220	19194.022	0.0260
5957	19076.80605108542	19076.7954	0.0219	19076.803	0.0230
5958	19064.47718471377	19064.4665	0.0219	19064.483	0.0250
5961	19000.05632420677	19000.0457	0.0219	19000.056	0.0260
5963	18990.07709757051	18990.0665	0.0219	18990.069	0.0240
5967	18917.29704918363	18917.2865	0.0219	18917.286	0.0240
5969	18883.71158575628	18883.7011	0.0219	18883.703	0.0260
5971	18862.70106735202	18862.6907	0.0219	18862.687	0.0240
5972	18798.28045529581	18798.2701	0.0219	18798.272	0.0240
5973	18768.16019767619	18768.1499	0.0218	18768.164	0.0230
5975	18721.33166546165	18721.3214	0.0218	18721.320	0.0240
5976	18687.82022822683	18687.8099	0.0218	18687.819	0.0260
5977	18645.83425684175	18645.8241	0.0218	18645.813	0.0230
5982	18504.03036560243	18503.9962	0.0218	18504.000	0.0218
5988	18418.89034012912	18418.8564	0.0217	18418.864	0.0250
5989	18408.81758966823	18408.7837	0.0217	18408.799	0.0230
5990	18345.65695010432	18345.6234	0.0217	18345.621	0.0240
5992	18328.87672066563	18328.8431	0.0217	18328.887	0.0240
5993	18303.9525080973	18303.919	0.0434	18303.974	0.0470
5994	18302.56191523578	18302.5284	0.0217	18302.519	0.0240
5995	18260.55312314265	18260.5198	0.0217	18260.562	0.0280
5996	18241.54150558681	18241.5082	0.0217	18241.515	0.0250
6000	18148.26931189729	18148.2364	0.0217	18148.226	0.0250
6002	18142.68712855882	18142.6542	0.0217	18142.646	0.0217
6005	18063.38363615275	18063.3574	0.0216	18063.349	0.0240
6006	18042.23337806292	18042.2072	0.0216	18042.225	0.0216
6007	18011.13674155386	18011.1106	0.0216	18011.135	0.0250
6010	17996.05350320803	17996.0275	0.0216	17996.037	0.0250
6011	17989.5902364305	17989.5642	0.0216	17989.547	0.0216
6012	17981.91461025721	17981.8886	0.0216	17981.903	0.0216
6013	17979.68038912008	17979.6544	0.0432	17979.646	0.0460
6015	17965.84161410045	17965.8157	0.0216	17965.801	0.0216
6016	17961.75190754482	17961.726	0.0216	17961.737	0.0240
6019	17936.09800374106	17936.0722	0.0216	17936.051	0.0270
6020	17933.24068942922	17933.2149	0.0432	17933.214	0.0450
6022	17929.12372626	17929.0979	0.0216	17929.084	0.0280
6025	17910.60299342305	17910.5772	0.0216	17910.569	0.0240
6027	17881.67840908482	17881.6527	0.0216	17881.662	0.0250
6028	17870.40417938309	17870.3785	0.0216	17870.366	0.0280
6030	17859.7925726916	17859.767	0.0216	17859.761	0.0230
6033	17837.62323258508	17837.5976	0.0216	17837.595	0.0216
6034	17810.20237698039	17810.1769	0.0431	17810.176	0.0450
6036	17778.00205151645	17777.9767	0.0216	17777.966	0.0230
6038	17725.56080406303	17725.5621	0.0431	17725.566	0.0450
6040	17704.23402701369	17704.2353	0.0215	17704.232	0.0230
6042	17693.03276963122	17693.0341	0.0215	17693.023	0.0215
6043	17627.01664768548	17627.0179	0.0215	17627.001	0.0240
6044	17606.2047801854	17606.2061	0.0819	17606.210	0.0819
6045	17594.27631841261	17594.2776	0.0215	17594.296	0.0230
6049	17490.79918264048	17490.8005	0.0819	17490.757	0.0830
6052	17461.49252753416	17461.4938	0.0215	17461.501	0.0250
6053	17428.73807920452	17428.7469	0.0430	17428.704	0.0480
6054	17425.14383618088	17425.1526	0.0215	17425.138	0.0270
6055	17424.61609853828	17424.6249	0.0215	17424.662	0.0230
6056	17414.36622191556	17414.375	0.0215	17414.344	0.0240
6057	17371.18670410443	17371.1954	0.0215	17371.165	0.0280
6058	17367.13058349414	17367.1393	0.0215	17367.131	0.0230
6060	17347.39172498622	17347.4004	0.0215	17347.428	0.0250
6061	17345.31195679935	17345.3207	0.0215	17345.347	0.0270
6062	17340.44392988141	17340.4526	0.0215	17340.456	0.0240
6063	17331.44354164608	17331.4522	0.0718	17331.439	0.0740
6064	17317.91883608956	17317.9275	0.0429	17317.952	0.0480
6066	17314.28055979555	17314.2893	0.0214	17314.299	0.0240
6067	17311.56116149786	17311.5699	0.0214	17311.568	0.0240
6073	17195.12767449843	17195.1363	0.0214	17195.109	0.0240
6074	17192.70867911051	17192.7173	0.0214	17192.702	0.0250
6078	17144.67613409138	17144.6846	0.0214	17144.688	0.0230
6081	17105.61669434419	17105.6252	0.0214	17105.617	0.0230
6082	17097.00120933164	17097.0097	0.0428	17097.004	0.0450
6083	17093.40606110421	17093.4144	0.0214	17093.407	0.0240
6087	17082.7886842135	17082.797	0.0214	17082.818	0.0230
6095	17018.94749696647	17018.9557	0.0214	17018.878	0.0360
6096	17006.99893764285	17007.0071	0.0214	17007.004	0.0250
6102	16983.95398262391	16983.9622	0.0214	16983.960	0.0240
6103	16976.06954994774	16976.0777	0.0214	16976.077	0.0250
6106	16959.74934372833	16959.7575	0.0214	16959.740	0.0220
6107	16957.54870000263	16957.5569	0.0214	16957.547	0.0220
6109	16906.65209587081	16906.6602	0.0427	16906.646	0.0450
6110	16904.19689791525	16904.205	0.0214	16904.203	0.0240
6112	16852.70779695421	16852.7159	0.0213	16852.712	0.0220
6113	16843.20153266817	16843.2095	0.0213	16843.219	0.0240
6116	16816.47906098057	16816.4871	0.0213	16816.477	0.0250
6117	16807.76579373384	16807.7738	0.0213	16807.765	0.0230
6122	16784.99485042989	16784.9943	0.0427	16784.990	0.0440
6126	16768.43576829627	16768.4352	0.0213	16768.453	0.0240
6129	16745.19683075495	16745.1962	0.0213	16745.208	0.0220
6131	16734.36293779453	16734.3623	0.0213	16734.362	0.0240
6132	16722.82780146686	16722.8272	0.0213	16722.812	0.0260
6135	16679.40943754118	16679.4088	0.0213	16679.404	0.0260
6137	16664.9845071252	16664.9839	0.0426	16664.978	0.0440
6139	16628.13655481838	16628.136	0.0213	16628.127	0.0260
6140	16606.3601339941	16606.3595	0.0213	16606.355	0.0250
6141	16593.38652205396	16593.3859	0.0213	16593.378	0.0230
6142	16569.39684177671	16569.3962	0.0426	16569.389	0.0460
6143	16547.66406910051	16547.6635	0.0213	16547.660	0.0250
6145	16516.14120189482	16516.1406	0.0425	16516.136	0.0440
6146	16477.92088642179	16477.9203	0.0213	16477.923	0.0230
6148	16466.95864045283	16466.958	0.0213	16466.969	0.0240
6153	16415.77339989621	16415.7777	0.0425	16415.770	0.0440
6154	16414.09991868259	16414.1042	0.0425	16414.082	0.0425
6157	16340.77307476764	16340.7773	0.0212	16340.780	0.0220
6158	16308.77964190994	16308.7838	0.0212	16308.802	0.0220
6160	16288.83982337653	16288.844	0.0212	16288.839	0.0220
6161	16286.45395841169	16286.4582	0.0424	16286.462	0.0480
6162	16279.50609960031	16279.5103	0.0212	16279.536	0.0230
6164	16228.63203206525	16228.6362	0.0212	16228.622	0.0230
6165	16226.0508229062	16226.055	0.0424	16226.067	0.0450
6168	16189.18877408804	16189.193	0.0212	16189.221	0.0230
6169	16180.94253806437	16180.9467	0.0813	16180.991	0.0820
6171	16155.06186194153	16155.0819	0.0212	16155.079	0.0220
6173	16137.44707849549	16137.4671	0.0212	16137.462	0.0220
6174	16135.94926824684	16135.9693	0.0212	16135.960	0.0230
6175	16132.01219700889	16132.0322	0.0813	16132.001	0.0830
6178	16106.02292075893	16106.0428	0.0424	16106.028	0.0470
6180	16091.6975262696	16091.7174	0.0212	16091.724	0.0220
6182	16062.31956317031	16062.3394	0.0424	16062.331	0.0430
6183	16059.26735361288	16059.2872	0.0424	16059.317	0.0450
6184	16049.88000604785	16049.8998	0.0212	16049.878	0.0270
6186	16041.21694343093	16041.2367	0.0423	16041.285	0.0460
6188	16028.78149741128	16028.8012	0.0212	16028.798	0.0220
6189	16028.09574146565	16028.1154	0.0212	16028.124	0.0240
6190	16023.96962826915	16023.9893	0.0423	16024.024	0.0450
6191	16019.61756747211	16019.6373	0.0423	16019.648	0.0470
6192	16016.95856214051	16016.9783	0.0423	16017.007	0.0460
6193	16007.80249826947	16007.8222	0.0423	16007.869	0.0460
6195	15995.15832234098	15995.1779	0.0423	15995.212	0.0460
6196	15981.4864328851	15981.506	0.0423	15981.528	0.0460
6202	15910.37564257057	15910.395	0.0423	15910.480	0.0510
6203	15894.27468387381	15894.2941	0.0423	15894.323	0.0460
6204	15874.52337050847	15874.5191	0.0211	15874.510	0.0220
6205	15870.06067011395	15870.0564	0.0211	15870.092	0.0260
6206	15842.57267636091	15842.5684	0.0211	15842.570	0.0220
6209	15796.80778527301	15796.8035	0.0211	15796.813	0.0220
6210	15791.05653600841	15791.0522	0.0423	15791.032	0.0450
6211	15783.52979888819	15783.5255	0.0422	15783.511	0.0440
6212	15736.25150596019	15736.2472	0.0211	15736.235	0.0270
6213	15714.85007185795	15714.8459	0.0211	15714.858	0.0240
6215	15655.09628837296	15655.0921	0.0422	15655.093	0.0422
6216	15587.92310698768	15587.9208	0.0211	15587.933	0.0220
6217	15573.72031086317	15573.718	0.0211	15573.722	0.0220
6218	15556.01821555392	15556.0159	0.0422	15556.030	0.0450
6219	15549.59910191231	15549.5968	0.0211	15549.588	0.0220
6220	15525.51641627059	15525.5142	0.0211	15525.525	0.0240
6221	15512.23790972205	15512.2357	0.0211	15512.242	0.0260
6223	15504.94600849203	15504.9438	0.0211	15504.930	0.0211
6225	15487.2699205443	15487.2677	0.0211	15487.248	0.0240
6226	15486.22372136858	15486.2215	0.0211	15486.231	0.0220
6227	15474.15020721627	15474.148	0.0211	15474.174	0.0230
6229	15458.21756516692	15458.2154	0.0211	15458.198	0.0220
6231	15380.27598664266	15380.2738	0.0211	15380.272	0.0220
6232	15376.84305264687	15376.8409	0.0211	15376.847	0.0230
6233	15375.05288346789	15375.0507	0.0211	15375.058	0.0240
6235	15348.39881139071	15348.3966	0.0210	15348.407	0.0240
6237	15271.5904560401	15271.5883	0.0210	15271.612	0.0230
6239	15195.9097699869	15195.9056	0.0210	15195.921	0.0240
6240	15193.28160015447	15193.2774	0.0210	15193.272	0.0220
6244	15109.65148544203	15109.6474	0.0210	15109.628	0.0230
6245	15090.57296750688	15090.5689	0.0210	15090.575	0.0220
6246	15084.36639845176	15084.3623	0.0750	15084.349	0.0750
6247	15080.52770757992	15080.5236	0.0210	15080.526	0.0220
6249	15001.00227137524	15000.9982	0.0420	15000.980	0.0430
6252	14984.74616587666	14984.7421	0.0210	14984.784	0.0230
6255	14938.55305645373	14938.5491	0.0420	14938.554	0.0420
6257	14906.33641747979	14906.3324	0.0210	14906.342	0.0240
6260	14885.67040955743	14885.6782	0.0210	14885.709	0.0250
6261	14879.96295548209	14879.9708	0.0419	14879.974	0.0419
6263	14859.97990446398	14859.9877	0.0210	14860.004	0.0240
6264	14833.11011635437	14833.1178	0.0419	14833.145	0.0440
6265	14819.6334842447	14819.6412	0.0210	14819.621	0.0220
6266	14800.57014954211	14800.5778	0.0419	14800.617	0.0440
6267	14755.10794535194	14755.1156	0.0210	14755.109	0.0230
6268	14708.05191409736	14708.0595	0.0419	14708.039	0.0419
6270	14666.33251915634	14666.3401	0.0808	14666.309	0.0820
6271	14641.61162727583	14641.6191	0.0209	14641.647	0.0250
6272	14584.65538264219	14584.6629	0.0209	14584.651	0.0209
6273	14578.97412934951	14578.9816	0.0209	14578.990	0.0250
6275	14558.8046953864	14558.8122	0.0209	14558.821	0.0240
6277	14550.67015853081	14550.6771	0.0209	14550.695	0.0230
6278	14530.99724139321	14531.0041	0.0209	14530.999	0.0230
6280	14490.73250026551	14490.7394	0.0209	14490.737	0.0220
6281	14481.36448364107	14481.3714	0.0209	14481.395	0.0260
6283	14467.48737761943	14467.4943	0.0209	14467.501	0.0240
6286	14437.95624468187	14437.963	0.0418	14437.927	0.0430
6287	14437.56392146423	14437.5707	0.0209	14437.564	0.0220
6288	14416.56761272869	14416.5744	0.0418	14416.569	0.0440
6289	14380.89838819008	14380.9052	0.0209	14380.896	0.0220
6290	14343.62070348688	14343.6274	0.0209	14343.660	0.0250
6291	14341.26062807488	14341.2673	0.0209	14341.266	0.0230
6292	14334.26936845074	14334.2761	0.0209	14334.320	0.0270
6293	14333.51924096897	14333.5259	0.0209	14333.541	0.0230
6294	14332.72181677877	14332.7285	0.0209	14332.733	0.0220
6295	14323.04626423935	14323.053	0.0209	14323.058	0.0220
6296	14243.08954353304	14243.091	0.0418	14243.053	0.0440
6298	14220.04450938592	14220.046	0.0209	14220.059	0.0240
6301	14174.85122748152	14174.8527	0.0209	14174.869	0.0220
6302	14171.00958743707	14171.0111	0.0417	14171.015	0.0417
6303	14162.21080252439	14162.2123	0.0209	14162.221	0.0220
6305	14129.9540364808	14129.9555	0.0209	14129.973	0.0230
6306	14127.14888218522	14127.1504	0.0209	14127.164	0.0240
6308	14112.44139018908	14112.4429	0.0209	14112.445	0.0220
6309	14105.93625117303	14105.9378	0.0209	14105.934	0.0209
6310	14077.10175929279	14077.1033	0.0209	14077.116	0.0220
6311	14055.82346778137	14055.825	0.0209	14055.866	0.0260
6312	14018.06933732343	14018.0708	0.0208	14018.096	0.0230
6313	14005.75187803795	14005.7534	0.0208	14005.761	0.0220
6314	13951.64187118094	13951.6434	0.0417	13951.634	0.0417
6316	13928.96114512377	13928.9814	0.0208	13929.009	0.0230
6317	13920.22375687563	13920.2441	0.0417	13920.234	0.0417
6322	13824.34085582289	13824.3609	0.0208	13824.367	0.0220
6323	13815.86803547206	13815.888	0.0208	13815.892	0.0230
6324	13811.66295607708	13811.683	0.0416	13811.673	0.0430
6325	13807.95264291005	13807.9725	0.0208	13807.964	0.0220
6326	13765.91875708918	13765.9386	0.0416	13765.923	0.0416
6327	13741.72323524356	13741.7429	0.0416	13741.788	0.0440
6329	13716.66234573665	13716.682	0.0416	13716.678	0.0416
6330	13648.04630026419	13648.0658	0.0208	13648.073	0.0230
6331	13618.94186787958	13618.9613	0.0416	13618.944	0.0416
6332	13613.36348842644	13613.3829	0.0208	13613.373	0.0220
6333	13611.81963362581	13611.839	0.0208	13611.838	0.0220
6334	13602.15959939692	13602.1789	0.0208	13602.178	0.0220
6335	13600.57181985435	13600.5911	0.0416	13600.585	0.0430
6337	13595.21368128741	13595.233	0.0208	13595.229	0.0208
6338	13591.49699589986	13591.5163	0.0416	13591.492	0.0416
6340	13564.8487775956	13564.868	0.0416	13564.844	0.0430
6341	13541.11223715619	13541.1314	0.0208	13541.149	0.0260
6343	13513.72034234682	13513.7226	0.0208	13513.746	0.0220
6344	13510.99914893313	13511.0014	0.0416	13511.039	0.0416
6346	13461.63080473418	13461.6331	0.0208	13461.652	0.0240
6347	13456.95947435869	13456.9618	0.0208	13456.965	0.0250
6350	13426.87264642264	13426.8749	0.0415	13426.862	0.0415
6351	13413.64230624826	13413.6446	0.0208	13413.636	0.0250
6352	13409.33881450285	13409.3411	0.0415	13409.336	0.0415
6353	13406.33388249772	13406.3362	0.0208	13406.339	0.0220
6354	13394.64963581903	13394.6519	0.0208	13394.660	0.0220
6355	13394.021478327	13394.0238	0.0208	13394.063	0.0260
6356	13367.09035315105	13367.0926	0.0415	13367.064	0.0430
6357	13352.09948026095	13352.1017	0.0208	13352.154	0.0270
6358	13341.75920739247	13341.7614	0.0208	13341.747	0.0208
6361	13318.33696726673	13318.315	0.0415	13318.281	0.0430
6362	13309.83832527588	13309.8164	0.0208	13309.840	0.0250
6365	13300.48329520726	13300.4614	0.0090	13300.475	0.0100
6367	13284.28918362151	13284.2673	0.0415	13284.258	0.0415
6368	13278.12085955384	13278.0991	0.0208	13278.119	0.0260
6369	13277.23204758109	13277.2102	0.0415	13277.244	0.0440
6370	13272.22969134688	13272.2079	0.0208	13272.213	0.0220
6371	13250.98770261472	13250.966	0.0208	13250.976	0.0230
6372	13242.78878552486	13242.7671	0.0415	13242.751	0.0415
6373	13241.8432097535	13241.8215	0.0208	13241.790	0.0240
6374	13217.84040474158	13217.8188	0.0415	13217.799	0.0415
6376	13177.20858358673	13177.1871	0.0207	13177.191	0.0207
6377	13173.9684109512	13173.9469	0.0415	13173.934	0.0430
6379	13160.48995528411	13160.4686	0.0207	13160.480	0.0240
6381	13115.46742414742	13115.449	0.0207	13115.443	0.0207
6382	13110.05661370956	13110.0382	0.0415	13110.019	0.0415
6385	13081.02173546432	13081.0033	0.0207	13081.029	0.0240
6386	13071.12611402218	13071.1078	0.0415	13071.131	0.0430
6388	13044.1198328206	13044.1016	0.0207	13044.088	0.0240
6389	13033.11068450156	13033.0925	0.0415	13033.094	0.0415
6390	13026.33146985486	13026.3133	0.0415	13026.330	0.0415
6391	13015.59648804308	13015.5783	0.0415	13015.605	0.0440
6392	13013.49043376872	13013.4722	0.0207	13013.456	0.0240
6394	13010.6876043347	13010.6694	0.0415	13010.713	0.0460
6395	13005.1833628405	13005.1653	0.0415	13005.208	0.0460
6396	12994.15040763428	12994.1323	0.0415	12994.147	0.0415
6398	12985.53072823392	12985.5303	0.0207	12985.555	0.0220
6399	12978.80939316158	12978.809	0.0207	12978.793	0.0240
6400	12972.82890790226	12972.8285	0.0414	12972.744	0.0480
6405	12936.27113358916	12936.2707	0.0207	12936.294	0.0280
6407	12924.06135194044	12924.061	0.0414	12924.113	0.0460
6409	12916.60584539564	12916.6055	0.0414	12916.532	0.0460
6410	12912.44674813724	12912.4464	0.0207	12912.443	0.0207
6411	12907.0154968224	12907.0152	0.0414	12907.002	0.0420
6414	12892.50614572689	12892.5058	0.0207	12892.490	0.0220
6415	12890.5610433153	12890.5607	0.0414	12890.494	0.0480
6422	12870.68960748738	12870.6893	0.0207	12870.675	0.0230
6425	12849.70477120067	12849.7045	0.0414	12849.752	0.0460
6426	12846.65686577681	12846.6566	0.0207	12846.675	0.0240
6435	12802.18660991769	12802.1913	0.0207	12802.178	0.0220
6436	12801.26191132996	12801.2666	0.0414	12801.289	0.0420
6438	12798.82671434076	12798.8314	0.0414	12798.760	0.0470
6440	12792.81770005143	12792.8224	0.0414	12792.840	0.0420
6442	12786.17472811584	12786.1794	0.0414	12786.096	0.0480
6443	12783.09137801739	12783.0961	0.0414	12783.028	0.0480
6444	12781.31481488208	12781.3195	0.0414	12781.327	0.0440
6445	12780.51260035052	12780.5173	0.0414	12780.537	0.0440
6446	12778.63390725183	12778.6386	0.0207	12778.647	0.0220
6447	12777.02201914013	12777.0267	0.0414	12776.961	0.0480
6448	12775.31093138074	12775.3156	0.0414	12775.369	0.0450
6450	12772.05159046954	12772.0563	0.0414	12772.065	0.0420
6451	12743.57359506745	12743.5782	0.0414	12743.493	0.0480
6453	12740.59847789325	12740.6031	0.0414	12740.521	0.0480
6457	12727.37772291131	12727.3823	0.0414	12727.315	0.0470
6459	12709.2205943719	12709.2271	0.0414	12709.215	0.0420
6460	12699.47412804201	12699.4806	0.0414	12699.501	0.0430
6462	12691.5277957611	12691.5343	0.0414	12691.587	0.0460
6464	12673.81014816604	12673.8166	0.0207	12673.819	0.0207
6466	12659.40972497637	12659.4162	0.0207	12659.427	0.0230
6467	12658.44151722913	12658.448	0.0414	12658.376	0.0480
6469	12634.34943156495	12634.3558	0.0414	12634.345	0.0440
6470	12632.35556776719	12632.362	0.0207	12632.376	0.0240
6471	12622.44281589013	12622.4492	0.0414	12622.506	0.0470
6472	12617.74962904834	12617.756	0.0207	12617.759	0.0207
6474	12609.21956881455	12609.226	0.1100	12609.290	0.1190
6475	12608.64067862534	12608.6471	0.0414	12608.628	0.0420
6476	12596.46034378136	12596.4667	0.0414	12596.519	0.0460
6479	12586.62450382083	12586.6309	0.0207	12586.629	0.0260
6480	12582.62939062757	12582.6358	0.0414	12582.676	0.0420
6482	12564.02535889739	12564.0318	0.0414	12564.022	0.0420
6483	12561.03216831172	12561.0386	0.0414	12561.080	0.0440
6484	12559.35954176602	12559.3659	0.0207	12559.362	0.0220
6485	12539.27793310279	12539.2842	0.0414	12539.269	0.0420
6487	12516.33396186681	12516.3504	0.0414	12516.274	0.0480
6488	12501.55592611427	12501.5723	0.0414	12501.566	0.0420
6489	12499.26280133423	12499.2792	0.0207	12499.282	0.0250
6490	12494.77638614455	12494.7928	0.0207	12494.789	0.0230
6494	12436.69302290711	12436.7092	0.0207	12436.705	0.0240
6495	12426.52428522475	12426.5405	0.0207	12426.529	0.0240
6496	12407.09901470409	12407.1151	0.0413	12407.113	0.0440
6497	12391.05364997144	12391.0697	0.0207	12391.057	0.0230
6500	12348.02016833056	12348.0362	0.0207	12348.038	0.0250
6501	12345.69636858324	12345.7124	0.0207	12345.711	0.0240
6503	12337.86185654672	12337.8779	0.0207	12337.892	0.0260
6506	12326.2201307067	12326.236	0.0207	12326.243	0.0250
6508	12312.58776631069	12312.6037	0.0207	12312.630	0.0270
6509	12293.36555974818	12293.3814	0.0207	12293.378	0.0220
6511	12284.13613605917	12284.1519	0.0207	12284.181	0.0240
6512	12240.52160961509	12240.5373	0.0207	12240.540	0.0220
6513	12236.79998588096	12236.8157	0.0207	12236.821	0.0250
6514	12227.95137979132	12227.9671	0.0413	12227.931	0.0420
6517	12208.57036203686	12208.5903	0.0206	12208.608	0.0220
6518	12199.00181844889	12199.0217	0.0413	12199.020	0.0420
6519	12181.28392435502	12181.3038	0.0206	12181.298	0.0240
6521	12160.76046017668	12160.7803	0.0413	12160.783	0.0420
6522	12154.31430583792	12154.3341	0.0206	12154.337	0.0240
6523	12139.47300120704	12139.4927	0.0413	12139.479	0.0420
6524	12125.39594893411	12125.4156	0.0413	12125.406	0.0420
6525	12117.53436262605	12117.554	0.0206	12117.557	0.0240
6526	12112.2139824136	12112.2336	0.0413	12112.240	0.0440
6527	12100.36128677839	12100.3809	0.0413	12100.409	0.0420
6529	12047.35250905127	12047.3719	0.0803	12047.360	0.0810
6530	12046.21296057019	12046.2324	0.0413	12046.245	0.0460
6533	11966.79984983063	11966.819	0.0206	11966.839	0.0240
6536	11942.76767109161	11942.807	0.0413	11942.831	0.0420
6537	11934.86765245777	11934.9069	0.0206	11934.908	0.0230
6538	11915.48914551836	11915.5282	0.0206	11915.516	0.0230
6539	11899.13270598009	11899.1717	0.0412	11899.167	0.0420
6540	11891.83482123522	11891.8737	0.0206	11891.880	0.0206
6541	11890.65678713296	11890.6957	0.0206	11890.700	0.0250
6542	11890.16746003981	11890.2064	0.0206	11890.213	0.0220
6543	11888.61636928017	11888.6553	0.0206	11888.674	0.0220
6548	11840.79336830618	11840.832	0.0803	11840.849	0.0810
6550	11831.80796230783	11831.8466	0.0206	11831.845	0.0240
6551	11830.73391657158	11830.7724	0.0206	11830.777	0.0240
6554	11779.34283247716	11779.381	0.0206	11779.387	0.0240
6556	11772.96194786414	11772.9901	0.0206	11772.983	0.0206
6557	11768.41641420418	11768.4446	0.0412	11768.460	0.0440
6558	11765.62274396274	11765.6509	0.0206	11765.656	0.0240
6559	11753.8924288682	11753.9205	0.0206	11753.944	0.0220
6560	11752.95840641	11752.9865	0.0206	11752.979	0.0240
6561	11749.7205670459	11749.7487	0.0206	11749.757	0.0240
6563	11747.5942454994	11747.6223	0.0206	11747.614	0.0220
6564	11734.55552581182	11734.5835	0.0206	11734.585	0.0250
6566	11710.21564073009	11710.2435	0.0206	11710.142	0.0320
6568	11695.04131884773	11695.0691	0.0206	11695.086	0.0220
6569	11680.53826605346	11680.5661	0.0206	11680.585	0.0220
6571	11672.13346002127	11672.1612	0.0206	11672.165	0.0250
6572	11668.63778219693	11668.6655	0.0412	11668.696	0.0420
6574	11631.21767696034	11631.2452	0.0206	11631.262	0.0230
6575	11628.4090493343	11628.4365	0.0412	11628.421	0.0412
6577	11621.01511408166	11621.0426	0.0412	11621.031	0.0430
6578	11618.41001097249	11618.4375	0.0206	11618.448	0.0240
6579	11593.96276340443	11593.9796	0.0206	11593.979	0.0240
6580	11562.67750070216	11562.6942	0.0412	11562.679	0.0430
6581	11558.89270327994	11558.9094	0.0206	11558.912	0.0240
6582	11531.21327479761	11531.23	0.0206	11531.235	0.0260
6583	11523.35943903575	11523.376	0.0412	11523.364	0.0412
6584	11522.13631736235	11522.1529	0.0206	11522.154	0.0230
6585	11516.43819120504	11516.4548	0.0206	11516.453	0.0240
6586	11513.79616178328	11513.8128	0.0412	11513.860	0.0460
6588	11502.22752157346	11502.2441	0.0206	11502.251	0.0230
6589	11488.46235213806	11488.4789	0.0206	11488.481	0.0240
6591	11476.0921691305	11476.1087	0.0412	11476.047	0.0480
6592	11473.00505052383	11473.0216	0.0206	11473.024	0.0220
6593	11470.47241215272	11470.4889	0.0412	11470.475	0.0430
6594	11439.0467832417	11439.0632	0.0206	11439.060	0.0230
6596	11407.79012051243	11407.7901	0.0206	11407.704	0.0320
6597	11397.58068474617	11397.5807	0.0800	11397.580	0.0810
6598	11291.16225268472	11291.1623	0.0206	11291.163	0.0240
6599	11280.66144323038	11280.6614	0.0206	11280.681	0.0220
6600	11250.34937650645	11250.3494	0.0206	11250.370	0.0240
6601	11237.55277344418	11237.5528	0.0206	11237.553	0.0250
6602	11221.90372323841	11221.9037	0.0206	11221.922	0.0220
6603	11174.03801294572	11174.038	0.0206	11174.028	0.0240
6604	11156.7134574766	11156.7135	0.0206	11156.743	0.0220
6605	11088.01841112165	11088.0184	0.0206	11088.032	0.0260
6606	11064.26954769475	11064.276	0.0206	11064.265	0.0240
6607	11055.92595116292	11055.9325	0.0206	11055.946	0.0270
6608	11025.29524869125	11025.3016	0.0206	11025.313	0.0270
6610	11003.53223125289	11003.5386	0.0206	11003.538	0.0260
6612	10986.01484719005	10986.0212	0.0206	10986.029	0.0220
6614	10947.62012547143	10947.6264	0.0206	10947.624	0.0220
6615	10922.52509445405	10922.5314	0.0206	10922.510	0.0230
6616	10893.33913500264	10893.3454	0.0206	10893.349	0.0270
6618	10840.28362556876	10840.2898	0.0205	10840.291	0.0220
6619	10834.13616200766	10834.1424	0.0205	10834.153	0.0240
6620	10800.47262474852	10800.4788	0.0205	10800.464	0.0240
6621	10789.69381115438	10789.6999	0.0411	10789.726	0.0420
6622	10766.02401921674	10766.0334	0.0205	10766.053	0.0220
6623	10741.82885646611	10741.8383	0.0205	10741.834	0.0220
6624	10729.40809567118	10729.4175	0.0205	10729.442	0.0260
6625	10726.05128987144	10726.0607	0.0205	10726.032	0.0220
6626	10710.20071275576	10710.21	0.0205	10710.232	0.0220
6627	10686.56735477516	10686.5767	0.0205	10686.576	0.0220
6628	10682.64251890472	10682.6518	0.0205	10682.655	0.0250
6629	10676.10582728403	10676.1151	0.0205	10676.156	0.0230
6631	10660.96625772257	10660.9756	0.0205	10661.010	0.0220
6632	10657.46348285668	10657.4728	0.0205	10657.479	0.0240
6633	10653.20931912343	10653.2185	0.0205	10653.215	0.0240
6634	10648.33584146358	10648.345	0.0205	10648.340	0.0205
6635	10606.75420437794	10606.7634	0.0205	10606.756	0.0240
6636	10599.81096259683	10599.8202	0.0205	10599.862	0.0250
6638	10583.32146321749	10583.3306	0.0205	10583.313	0.0220
6639	10573.66934759555	10573.6784	0.0205	10573.662	0.0220
6640	10541.27360752632	10541.2827	0.0205	10541.273	0.0230
6641	10516.29570973302	10516.2997	0.0205	10516.303	0.0220
6642	10511.98760221952	10511.9916	0.0205	10511.987	0.0230
6643	10491.48753235419	10491.4915	0.0205	10491.486	0.0205
6644	10468.58813717126	10468.5921	0.0205	10468.644	0.0230
6645	10435.82985104365	10435.8338	0.0205	10435.857	0.0220
6646	10371.26670459717	10371.2706	0.0205	10371.279	0.0230
6647	10356.81677411565	10356.8207	0.0205	10356.834	0.0230
6648	10319.25187527425	10319.2558	0.0205	10319.263	0.0220
6649	10305.00271088319	10305.0065	0.0410	10304.998	0.0420
6650	10282.65020273536	10282.654	0.0205	10282.663	0.0230
6651	10276.17109525531	10276.1749	0.0205	10276.174	0.0205
6652	10273.94604509893	10273.9498	0.0205	10273.937	0.0205
6653	10255.93884893507	10255.9426	0.0205	10255.937	0.0240
6654	10221.75168709316	10221.7555	0.0205	10221.780	0.0220
6655	10198.18636887015	10198.1902	0.0205	10198.193	0.0205
6656	10194.65985348858	10194.6637	0.0205	10194.656	0.0220
6657	10121.86096761896	10121.8683	0.0205	10121.854	0.0205
6659	10095.66949958514	10095.6768	0.0205	10095.671	0.0240
6660	10063.31869145661	10063.3259	0.0205	10063.310	0.0205
6661	10022.19333877198	10022.2005	0.0205	10022.226	0.0220
6662	10006.10862402224	10006.1157	0.0410	10006.080	0.0420
6663	9966.266273748055	9966.2734	0.0205	9966.281	0.0230
6664	9839.49910620193	9839.506	0.0205	9839.487	0.0230
6665	9764.259343349939	9764.2661	0.0205	9764.267	0.0220
6666	9704.584384783459	9704.5911	0.0205	9704.592	0.0230
6667	9682.960030085029	9682.9667	0.0205	9682.968	0.0220
6668	9328.776971086725	9328.777	0.0205	9328.776	0.0220
