121547.299   0.591      1361.914          059003.000059   059003.000538          1.0000  cm-1
121279.416   0.588      684.679           059003.000047   059003.000525 P        0.0000  cm-1
121229.786   0.588      2056.103          059003.000057   059003.000533          1.0000  cm-1
121152.798   0.587      4805.048          059003.000041   059003.000512 P        0.0000  cm-1
121152.798   0.587      4805.048          059003.000061   059003.000610 P        0.0000  cm-1
121152.798   0.587      4805.048          059003.000048   059003.000601 P        0.0000  cm-1
121152.798   0.587      4805.048          059003.000049   059003.000528          1.0000  cm-1
121152.798   0.587      4805.048          059003.000061   059003.000609 P        0.0000  cm-1
121066.996   0.586      20628.731         059003.000046   059003.000522          1.0000  cm-1
120868.588   0.584      690.370           059003.000042   059003.000517          1.0000  cm-1
120868.588   0.584      690.370           059003.000051   059003.000597 P        0.0000  cm-1
120868.588   0.584      690.370           059003.000051   059003.000596 P        0.0000  cm-1
120748.300   0.583      692.032           059003.000041   059003.000510          1.0000  cm-1
120719.893   0.583      34621.188         059003.000041   059003.000509          1.0000  cm-1
120719.893   0.583      34621.188         059003.000042   059003.000514 P        0.0000  cm-1
120579.997   0.582      2083.059          059003.000049   059003.000523          1.0000  cm-1
120473.092   0.581      1391.651          059003.000049   059003.000522          1.0000  cm-1
120473.092   0.581      1391.651          059003.000052   059003.000595 P        0.0000  cm-1
120425.907   0.580      696.475           059003.000059   059003.000530          1.0000  cm-1
120425.907   0.580      696.475           059003.000048   059003.000429 P        0.0000  cm-1
120347.505   0.579      1395.105          059003.000062   059003.000534 P        0.0000  cm-1
120298.412   0.579      139645.434        059003.000044   059003.000589 P        0.0000  cm-1
120298.412   0.579      139645.434        059003.000053   059003.000526 P        0.0000  cm-1
120298.412   0.579      139645.434        059003.000042   059003.000511          1.0000  cm-1
120214.587   0.578      6993.779          059003.000042   059003.000509          1.0000  cm-1
120204.003   0.578      2098.569          059003.000064   059003.000535          1.0000  cm-1
120190.410   0.578      699.710           059003.000041   059003.000504          0.7556  cm-1
120190.410   0.578      699.710           059003.000053   059003.000525          0.2444  cm-1
120168.607   0.578      700.009           059003.000064   059003.000534          1.0000  cm-1
120101.207   0.577      1401.865          059003.000064   059003.000533          1.0000  cm-1
120020.614   0.576      7020.359          059003.000042   059003.000507 P        0.0000  cm-1
119979.191   0.576      7026.027          059003.000066   059003.000537          1.0000  cm-1
119575.010   0.572      708.115           059003.000040   059003.000577 P        0.0000  cm-1
119510.889   0.571      5671.896          059003.000045   059003.000514          1.0000  cm-1
119442.497   0.571      2129.747          059003.000045   059003.000512          1.0000  cm-1
119372.789   0.570      1421.722          059003.000057   059003.000527          1.0000  cm-1
119138.692   1.136      21420.864         059003.000046   059003.000512 P        0.0000  cm-1
119138.692   1.136      21420.864         059003.000072   059003.000536          1.0000  cm-1
119138.692   1.136      21420.864         059003.000069   059003.000535 P        0.0000  cm-1
119114.403   0.568      714.357           059003.000047   059003.000516 P        0.0000  cm-1
119114.403   0.568      714.357           059003.000066   059003.000531          1.0000  cm-1
119101.613   0.567      714.529           059003.000055   059003.000429 P        0.0000  cm-1
119101.613   0.567      714.529           059003.000069   059003.000534          1.0000  cm-1
119048.309   0.567      42914.907         059003.000070   059003.000534 P        0.0000  cm-1
119048.309   0.567      42914.907         059003.000049   059003.000518          1.0000  cm-1
119039.514   0.567      42922.022         059003.000066   059003.000530          1.0000  cm-1
119039.514   0.567      42922.022         059003.000048   059003.000588 P        0.0000  cm-1
119039.514   0.567      42922.022         059003.000045   059003.000510 P        0.0000  cm-1
119007.689   0.567      5726.368          059003.000061   059003.000606 P        0.0000  cm-1
119007.689   0.567      5726.368          059003.000045   059003.000509          1.0000  cm-1
118982.601   0.566      4296.804          059003.000070   059003.000533          1.0000  cm-1
118982.601   0.566      4296.804          059003.000048   059003.000582 P        0.0000  cm-1
118921.606   1.131      21508.650         059003.000057   059003.000523          1.0000  cm-1
118921.606   1.131      21508.650         059003.000061   059003.000595 P        0.0000  cm-1
118921.606   1.131      21508.650         059003.000061   059003.000594 P        0.0000  cm-1
118817.313   1.129      14367.137         059003.000057   059003.000522 P        0.0000  cm-1
118817.313   1.129      14367.137         059003.000045   059003.000507 P        0.0000  cm-1
118796.009   0.564      718.643           059003.000053   059003.000520          1.0000  cm-1
118766.219   0.564      2157.128          059003.000049   059003.000517          1.0000  cm-1
118746.504   0.564      719.307           059003.000045   059003.000506 P        0.0000  cm-1
118746.504   0.564      719.307           059003.000072   059003.000535 P        0.0000  cm-1
118710.702   0.564      719.787           059003.000072   059003.000534          1.0000  cm-1
118694.795   0.564      28800.010         059003.000050   059003.000517          1.0000  cm-1
118580.092   1.125      7215.354          059003.000062   059003.000529          1.0000  cm-1
118576.406   0.562      144316.930        059003.000059   059003.000524          1.0000  cm-1
118576.406   0.562      144316.930        059003.000073   059003.000535 P        0.0000  cm-1
118547.714   1.124      28878.724         059003.000049   059003.000513 P        0.0000  cm-1
118547.714   1.124      28878.724         059003.000047   059003.000510          1.0000  cm-1
118547.714   1.124      28878.724         059003.000050   059003.000514 P        0.0000  cm-1
118499.293   0.562      7226.147          059003.000059   059003.000523          1.0000  cm-1
118483.698   0.562      1445.646          059003.000050   059003.000513          1.0000  cm-1
118427.996   0.561      72356.573         059003.000071   059003.000532          1.0000  cm-1
118333.984   0.560      3624.088          059003.000072   059003.000531          1.0000  cm-1
118310.818   0.560      7251.258          059003.000052   059003.000579 P        0.0000  cm-1
118310.818   0.560      7251.258          059003.000071   059003.000530          1.0000  cm-1
118243.814   0.559      5082.113          059003.000037   059003.000419 P        0.0000  cm-1
118243.814   0.559      5082.113          059003.000064   059003.000527          1.0000  cm-1
118174.105   0.559      1453.882          059003.000039   059003.000574 P        0.0000  cm-1
118124.407   0.558      1455.199          059003.000050   059003.000511          1.0000  cm-1
117863.391   0.556      731.047           059003.000053   059003.000512 P        0.0000  cm-1
117833.212   0.555      7314.445          059003.000062   059003.000521          1.0000  cm-1
117833.212   0.555      7314.445          059003.000047   059003.000503 P        0.0000  cm-1
117661.598   0.554      14673.972         059003.000055   059003.000582 P        0.0000  cm-1
117661.598   0.554      14673.972         059003.000079   059003.000537          1.0000  cm-1
117645.512   0.554      733.909           059003.000054   059003.000515 P        0.0000  cm-1
117645.512   0.554      733.909           059003.000054   059003.000516          1.0000  cm-1
117645.512   0.554      733.909           059003.000055   059003.000578 P        0.0000  cm-1
117638.606   0.554      734.000           059003.000055   059003.000581 P        0.0000  cm-1
117638.606   0.554      734.000           059003.000055   059003.000580          1.0000  cm-1
117625.490   1.107      7341.717          059003.000050   059003.000505 P        0.0000  cm-1
117625.490   1.107      7341.717          059003.000049   059003.000424          1.0000  cm-1
117601.287   0.553      3672.443          059003.000079   059003.000536          1.0000  cm-1
117485.607   0.552      11040.010         059003.000054   059003.000512          1.0000  cm-1
117458.995   0.552      5890.784          059003.000053   059003.000510          1.0000  cm-1
117448.388   0.552      2209.459          059003.000067   059003.000526 P        0.0000  cm-1
117389.206   0.551      1474.515          059003.000057   059003.000518          1.0000  cm-1
117189.602   0.549      1479.700          059003.000066   059003.000524          1.0000  cm-1
117176.586   0.549      7400.187          059003.000069   059003.000527          1.0000  cm-1
117125.906   0.549      1481.349          059003.000050   059003.000501          0.5200  cm-1
117125.906   0.549      1481.349          059003.000070   059003.000527          0.4800  cm-1
116953.888   0.547      742.894           059003.000071   059003.000528 P        0.0000  cm-1
116953.888   0.547      742.894           059003.000057   059003.000514 P        0.0000  cm-1
116848.614   0.546      2232.743          059003.000061   059003.000590 P        0.0000  cm-1
116796.211   0.546      14898.396         059003.000079   059003.000531          1.0000  cm-1
116783.517   0.546      745.082           059003.000072   059003.000527          1.0000  cm-1
116709.804   0.545      746.026           059003.000035   059003.000570 P        0.0000  cm-1
116673.709   0.545      746.487           059003.000070   059003.000523          1.0000  cm-1
116657.510   0.544      746.694           059003.000063   059003.000519          1.0000  cm-1
116657.510   0.544      746.694           059003.000084   059003.000534 P        0.0000  cm-1
116587.785   0.544      5980.667          059003.000069   059003.000521          1.0000  cm-1
116587.785   0.544      5980.667          059003.000084   059003.000533 P        0.0000  cm-1
116400.605   0.542      5249.731          059003.000068   059003.000428 P        0.0000  cm-1
116373.910   0.542      750.300           059003.000060   059003.000512          1.0000  cm-1
116102.607   0.539      753.720           059003.000062   059003.000515 P        0.0000  cm-1
116102.607   0.539      753.720           059003.000062   059003.000516 P        0.0000  cm-1
115978.714   0.538      755.271           059003.000052   059003.000577 P        0.0000  cm-1
115978.714   0.538      755.271           059003.000064   059003.000517          1.0000  cm-1
115951.815   0.538      1511.215          059003.000063   059003.000516          1.0000  cm-1
115898.609   0.537      1512.543          059003.000054   059003.000500          1.0000  cm-1
115857.289   1.074      2270.359          059003.000043   059003.000573 P        0.0000  cm-1
115828.005   0.537      757.151           059003.000064   059003.000514          1.0000  cm-1
115748.616   0.536      6065.093          059003.000061   059003.000426 P        0.0000  cm-1
115697.896   0.535      758.765           059003.000052   059003.000576 P        0.0000  cm-1
115697.896   0.535      758.765           059003.000088   059003.000535          1.0000  cm-1
115662.810   0.535      759.199           059003.000091   059003.000536 P        0.0000  cm-1
115662.810   0.535      759.199           059003.000088   059003.000534          1.0000  cm-1
115662.810   0.535      759.199           059003.000059   059003.000422 P        0.0000  cm-1
115618.988   0.535      759.741           059003.000059   059003.000505 P        0.0000  cm-1
115435.419   0.533      3048.000          059003.000068   059003.000588 P        0.0000  cm-1
115435.419   0.533      3048.000          059003.000068   059003.000587 P        0.0000  cm-1
115142.390   0.530      765.575           059003.000070   059003.000518          1.0000  cm-1
115142.390   0.530      765.575           059003.000080   059003.000526 P        0.0000  cm-1
114995.687   0.529      767.349           059003.000073   059003.000519          0.6932  cm-1
114995.687   0.529      767.349           059003.000099   059003.000536          0.3068  cm-1
114995.687   0.529      767.349           059003.000116   059003.000622 P        0.0000  cm-1
114824.688   0.527      769.405           059003.000083   059003.000526          1.0000  cm-1
114824.688   0.527      769.405           059003.000044   059003.000571 P        0.0000  cm-1
114718.499   0.526      2312.022          059003.000083   059003.000525 P        0.0000  cm-1
114687.816   0.526      771.040           059003.000079   059003.000522          1.0000  cm-1
114665.209   0.526      23139.260         059003.000063   059003.000503 P        0.0000  cm-1
114604.106   0.525      772.035           059003.000067   059003.000510          1.0000  cm-1
114604.106   0.525      772.035           059003.000099   059003.000535 P        0.0000  cm-1
114449.316   0.524      773.866           059003.000066   059003.000425 P        0.0000  cm-1
114409.800   0.524      774.331           059003.000064   059003.000501          1.0000  cm-1
114353.516   0.523      774.993           059003.000085   059003.000526          1.0000  cm-1
114353.516   0.523      774.993           059003.000045   059003.000499 P        0.0000  cm-1
114353.516   0.523      774.993           059003.000062   059003.000500 P        0.0000  cm-1
114115.507   0.521      777.772           059003.000087   059003.000529          1.0000  cm-1
113867.312   0.519      7806.367          059003.000047   059003.000499 P        0.0000  cm-1
113867.312   0.519      7806.367          059003.000072   059003.000509 P        0.0000  cm-1
113798.114   0.518      781.429           059003.000087   059003.000525 P        0.0000  cm-1
113708.598   0.517      7824.508          059003.000046   059003.000418 P        0.0000  cm-1
113657.011   0.517      1566.075          059003.000106   059003.000535          1.0000  cm-1
113597.219   0.516      7837.153          059003.000077   059003.000585 P        0.0000  cm-1
113431.294   0.515      2356.757          059003.000047   059003.000497 P        0.0000  cm-1
113431.294   0.515      2356.757          059003.000091   059003.000528          1.0000  cm-1
113431.294   0.515      2356.757          059003.000110   059003.000614 P        0.0000  cm-1
113431.294   0.515      2356.757          059003.000071   059003.000424 P        0.0000  cm-1
113335.504   0.514      786.658           059003.000072   059003.000504 P        0.0000  cm-1
113335.504   0.514      786.658           059003.000082   059003.000519 P        0.0000  cm-1
113251.587   0.513      2362.779          059003.000075   059003.000509 P        0.0000  cm-1
113101.984   0.512      31569.967         059003.000113   059003.000538          1.0000  cm-1
112958.715   0.510      15816.445         059003.000096   059003.000528          1.0000  cm-1
112920.994   0.510      1582.469          059003.000113   059003.000537          1.0000  cm-1
112837.117   0.509      1584.295          059003.000096   059003.000527          1.0000  cm-1
112448.499   0.506      1592.636          059003.000116   059003.000621          1.0000  cm-1
112324.707   0.505      797.626           059003.000079   059003.000509 P        0.0000  cm-1
110572.222   0.489      1629.900          059003.000096   059003.000517          1.0000  cm-1
110241.086   0.486      817.954           059003.000063   059003.000417          1.0000  cm-1
109902.905   0.483      3283.699          059003.000091   059003.000424          1.0000  cm-1
109608.284   0.481      823.431           059003.000091   059003.000502          1.0000  cm-1
109430.117   0.479      49494.562         059003.000096   059003.000424          1.0000  cm-1
109333.213   0.478      825.701           059003.000058   059003.000570          1.0000  cm-1
108695.299   0.473      830.690           059003.000073   059003.000418          1.0000  cm-1
107393.716   0.461      33583.991         059003.000113   059003.000425          1.0000  cm-1
107273.590   0.460      2520.992          059003.000114   059003.000507 P        0.0000  cm-1
107273.590   0.460      2520.992          059003.000080   059003.000418          1.0000  cm-1
107057.900   0.458      1683.206          059003.000130   059003.000525 P        0.0000  cm-1
107057.900   0.458      1683.206          059003.000080   059003.000415          1.0000  cm-1
107057.900   0.458      1683.206          059003.000114   059003.000505 P        0.0000  cm-1
106803.814   0.456      4215.167          059003.000113   059003.000502          1.0000  cm-1
104727.711   0.439      6814.231          059003.000042   059003.000401 P        0.0000  cm-1
104727.711   0.439      6814.231          059003.000098   059003.000497 P        0.0000  cm-1
104727.711   0.439      6814.231          059003.000041   059003.000396          1.0000  cm-1
103750.696   0.431      8539.259          059003.000104   059003.000414 P        0.0000  cm-1
103750.696   0.431      8539.259          059003.000046   059003.000406          1.0000  cm-1
103677.315   0.430      854.033           059003.000039   059003.000564 P        0.0000  cm-1
103677.315   0.430      854.033           059003.000135   059003.000520          1.0000  cm-1
103677.315   0.430      854.033           059003.000131   059003.000508 P        0.0000  cm-1
103593.320   0.429      8541.450          059003.000106   059003.000416          1.0000  cm-1
103462.798   0.428      1708.599          059003.000041   059003.000388          1.0000  cm-1
103290.822   0.427      1708.929          059003.000064   059003.000413          1.0000  cm-1
103189.595   0.426      17090.818         059003.000064   059003.000412          1.0000  cm-1
103085.889   0.425      8546.035          059003.000041   059003.000385 P        0.0000  cm-1
103085.889   0.425      8546.035          059003.000050   059003.000406          1.0000  cm-1
103015.588   0.424      4273.183          059003.000045   059003.000396          1.0000  cm-1
103015.588   0.424      4273.183          059003.000134   059003.000513 P        0.0000  cm-1
102948.626   0.424      854.661           059003.000045   059003.000482          1.0000  cm-1
102915.086   0.424      8546.711          059003.000133   059003.000511 P        0.0000  cm-1
102915.086   0.424      8546.711          059003.000046   059003.000399          1.0000  cm-1
102864.998   0.423      1709.365          059003.000112   059003.000498 P        0.0000  cm-1
102864.998   0.423      1709.365          059003.000132   059003.000507          1.0000  cm-1
102852.814   0.423      854.685           059003.000064   059003.000409          1.0000  cm-1
102852.814   0.423      854.685           059003.000053   059003.000489 P        0.0000  cm-1
102764.382   0.422      2564.082          059003.000118   059003.000573 P        0.0000  cm-1
102764.382   0.422      2564.082          059003.000045   059003.000394          1.0000  cm-1
102645.081   0.421      1709.375          059003.000132   059003.000505          1.0000  cm-1
102645.081   0.421      1709.375          059003.000150   059003.000535 P        0.0000  cm-1
102645.081   0.421      1709.375          059003.000041   059003.000472 P        0.0000  cm-1
102388.100   0.419      8545.982          059003.000046   059003.000393          1.0000  cm-1
102257.008   0.418      5981.590          059003.000154   059003.000537 P        0.0000  cm-1
102257.008   0.418      5981.590          059003.000114   059003.000415 P        0.0000  cm-1
102257.008   0.418      5981.590          059003.000064   059003.000408          0.8317  cm-1
102257.008   0.418      5981.590          059003.000135   059003.000508          0.1683  cm-1
102249.392   0.418      3418.029          059003.000050   059003.000399          1.0000  cm-1
102249.392   0.418      3418.029          059003.000041   059003.000469 P        0.0000  cm-1
102122.303   0.834      854.397           059003.000118   059003.000419 P        0.0000  cm-1
102122.303   0.834      854.397           059003.000032   059003.000338 P        0.0000  cm-1
102122.303   0.834      854.397           059003.000069   059003.000412          0.9195  cm-1
102122.303   0.834      854.397           059003.000115   059003.000418          0.0805  cm-1
102122.303   0.834      854.397           059003.000049   059003.000396 P        0.0000  cm-1
102072.694   0.417      1708.694          059003.000069   059003.000411 P        0.0000  cm-1
102072.694   0.417      1708.694          059003.000054   059003.000486          1.0000  cm-1
102072.694   0.417      1708.694          059003.000070   059003.000412 P        0.0000  cm-1
102051.316   0.417      854.324           059003.000135   059003.000506          0.1050  cm-1
102051.316   0.417      854.324           059003.000042   059003.000378          0.8950  cm-1
102051.316   0.417      854.324           059003.000050   059003.000396 P        0.0000  cm-1
101797.775   0.415      853.999           059003.000050   059003.000394          1.0000  cm-1
101759.512   0.414      17078.809         059003.000070   059003.000410          1.0000  cm-1
101750.508   0.414      3415.706          059003.000045   059003.000388          1.0000  cm-1
101681.707   0.414      6830.519          059003.000072   059003.000411          0.2395  cm-1
101681.707   0.414      6830.519          059003.000047   059003.000391          0.7605  cm-1
101510.488   0.412      2560.511          059003.000053   059003.000397          0.5780  cm-1
101510.488   0.412      2560.511          059003.000073   059003.000411          0.4220  cm-1
101432.211   0.412      1706.691          059003.000031   059003.000327          1.0000  cm-1
101432.211   0.412      1706.691          059003.000119   059003.000418 P        0.0000  cm-1
101314.781   0.411      1706.178          059003.000119   059003.000417          1.0000  cm-1
101281.811   0.410      3412.051          059003.000047   059003.000624          1.0000  cm-1
101218.687   0.410      2558.586          059003.000031   059003.000326          0.2245  cm-1
101218.687   0.410      2558.586          059003.000046   059003.000476          0.7755  cm-1
101218.687   0.410      2558.586          059003.000075   059003.000413 P        0.0000  cm-1
101214.487   0.410      51171.104         059003.000119   059003.000415          1.0000  cm-1
101178.412   0.409      1705.525          059003.000033   059003.000342          1.0000  cm-1
101073.299   0.409      17049.787         059003.000046   059003.000385          1.0000  cm-1
101048.187   0.408      1704.843          059003.000041   059003.000468          1.0000  cm-1
100933.618   0.408      4260.489          059003.000041   059003.000370          1.0000  cm-1
100797.807   0.406      25550.566         059003.000072   059003.000408          0.8108  cm-1
100797.807   0.406      25550.566         059003.000062   059003.000487          0.1892  cm-1
100789.291   0.406      4258.293          059003.000001   059003.000317          1.0000  cm-1
100662.178   0.405      3404.970          059003.000057   059003.000399          1.0000  cm-1
100644.111   0.405      851.181           059003.000060   059003.000403          0.2785  cm-1
100644.111   0.405      851.181           059003.000064   059003.000488          0.7215  cm-1
100639.884   0.405      1702.333          059003.000046   059003.000381          1.0000  cm-1
100624.387   0.405      85111.331         059003.000001   059003.000316 P        0.0000  cm-1
100624.387   0.405      85111.331         059003.000049   059003.000476 P        0.0000  cm-1
100624.387   0.405      85111.331         059003.000047   059003.000382          1.0000  cm-1
100596.016   0.405      1702.030          059003.000033   059003.000339          1.0000  cm-1
100591.187   0.809      850.998           059003.000053   059003.000391          0.9204  cm-1
100591.187   0.809      850.998           059003.000032   059003.000332          0.0796  cm-1
100565.188   0.405      2552.719          059003.000033   059003.000338          0.9013  cm-1
100565.188   0.405      2552.719          059003.000076   059003.000493          0.0987  cm-1
100548.496   0.404      5105.080          059003.000046   059003.000379          1.0000  cm-1
100543.117   0.404      59557.918         059003.000046   059003.000378          1.0000  cm-1
100543.117   0.404      59557.918         059003.000042   059003.000468 P        0.0000  cm-1
100543.117   0.404      59557.918         059003.000141   059003.000513 P        0.0000  cm-1
100464.423   0.404      2551.619          059003.000046   059003.000377          1.0000  cm-1
100450.008   0.807      4252.429          059003.000060   059003.000401 P        0.0000  cm-1
100450.008   0.807      4252.429          059003.000032   059003.000331          1.0000  cm-1
100444.885   0.404      1700.933          059003.000041   059003.000365          0.1863  cm-1
100444.885   0.404      1700.933          059003.000047   059003.000472          0.8137  cm-1
100405.920   0.403      1700.638          059003.000050   059003.000385 P        0.0000  cm-1
100405.920   0.403      1700.638          059003.000062   059003.000405          1.0000  cm-1
100369.279   0.403      8501.775          059003.000064   059003.000406          1.0000  cm-1
100358.791   0.403      4250.683          059003.000046   059003.000471          1.0000  cm-1
100312.487   0.805      849.954           059003.000046   059003.000470 P        0.0000  cm-1
100312.487   0.805      849.954           059003.000042   059003.000369          0.8507  cm-1
100312.487   0.805      849.954           059003.000041   059003.000364          0.1493  cm-1
100296.087   0.402      8498.882          059003.000166   059003.000538          1.0000  cm-1
100296.087   0.402      8498.882          059003.000079   059003.000413 P        0.0000  cm-1
100117.419   0.401      849.143           059003.000080   059003.000493          1.0000  cm-1
100107.007   0.401      8490.975          059003.000063   059003.000404          1.0000  cm-1
100107.007   0.401      8490.975          059003.000145   059003.000520 P        0.0000  cm-1
100088.289   0.801      2547.047          059003.000032   059003.000328          0.1579  cm-1
100088.289   0.801      2547.047          059003.000080   059003.000411          0.8421  cm-1
99997.700    0.400      4243.059          059003.000082   059003.000413          1.0000  cm-1
99997.700    0.400      4243.059          059003.000067   059003.000489 P        0.0000  cm-1
99997.700    0.400      4243.059          059003.000161   059003.000535 P        0.0000  cm-1
99997.700    0.400      4243.059          059003.000048   059003.000564 P        0.0000  cm-1
99964.906    0.400      2545.386          059003.000043   059003.000563 P        0.0000  cm-1
99964.906    0.400      2545.386          059003.000154   059003.000528          1.0000  cm-1
99964.906    0.400      2545.386          059003.000161   059003.000534 P        0.0000  cm-1
99947.514    0.400      5938.671          059003.000049   059003.000378 P        0.0000  cm-1
99947.514    0.400      5938.671          059003.000060   059003.000396          1.0000  cm-1
99937.020    0.799      67866.635         059003.000046   059003.000375          0.1572  cm-1
99937.020    0.799      67866.635         059003.000054   059003.000389          0.8428  cm-1
99937.020    0.799      67866.635         059003.000142   059003.000510 P        0.0000  cm-1
99880.422    0.798      16961.341         059003.000050   059003.000379 P        0.0000  cm-1
99880.422    0.798      16961.341         059003.000060   059003.000482 P        0.0000  cm-1
99880.422    0.798      16961.341         059003.000079   059003.000410          1.0000  cm-1
99877.725    0.798      42402.711         059003.000050   059003.000378          1.0000  cm-1
99877.725    0.798      42402.711         059003.000082   059003.000493 P        0.0000  cm-1
99847.417    0.399      3391.637          059003.000126   059003.000418 P        0.0000  cm-1
99847.417    0.399      3391.637          059003.000082   059003.000411          1.0000  cm-1
99796.907    0.797      16953.286         059003.000050   059003.000377          0.4590  cm-1
99796.907    0.797      16953.286         059003.000041   059003.000360          0.5410  cm-1
99796.907    0.797      16953.286         059003.000153   059003.000526 P        0.0000  cm-1
99713.212    0.398      847.248           059003.000059   059003.000393          1.0000  cm-1
99675.229    0.397      8470.552          059003.000084   059003.000412          1.0000  cm-1
99675.229    0.397      8470.552          059003.000155   059003.000525 P        0.0000  cm-1
99661.226    0.397      6775.868          059003.000126   059003.000416          1.0000  cm-1
99575.903    0.397      846.538           059003.000148   059003.000519 P        0.0000  cm-1
99575.903    0.397      846.538           059003.000069   059003.000488          1.0000  cm-1
99575.903    0.397      846.538           059003.000169   059003.000612 P        0.0000  cm-1
99548.773    0.396      1692.788          059003.000031   059003.000318          1.0000  cm-1
99511.200    0.396      25385.766         059003.000062   059003.000396          1.0000  cm-1
99474.786    0.396      2537.982          059003.000063   059003.000483          1.0000  cm-1
99444.700    0.396      845.828           059003.000062   059003.000482          1.0000  cm-1
99435.602    0.395      4228.891          059003.000063   059003.000397          1.0000  cm-1
99417.705    0.791      8456.786          059003.000167   059003.000535 P        0.0000  cm-1
99417.705    0.791      8456.786          059003.000080   059003.000492 P        0.0000  cm-1
99417.705    0.791      8456.786          059003.000042   059003.000361          0.2139  cm-1
99417.705    0.791      8456.786          059003.000060   059003.000392          0.7861  cm-1
99381.723    0.395      2536.430          059003.000063   059003.000398          1.0000  cm-1
99365.725    0.395      2536.159          059003.000054   059003.000474          1.0000  cm-1
99365.725    0.395      2536.159          059003.000053   059003.000381 P        0.0000  cm-1
99336.317    0.395      4226.093          059003.000145   059003.000515 P        0.0000  cm-1
99336.317    0.395      4226.093          059003.000145   059003.000516 P        0.0000  cm-1
99336.317    0.395      4226.093          059003.000045   059003.000468          1.0000  cm-1
99321.716    0.395      2535.404          059003.000062   059003.000480          1.0000  cm-1
99296.194    0.394      844.987           059003.000142   059003.000623 P        0.0000  cm-1
99296.194    0.394      844.987           059003.000081   059003.000492 P        0.0000  cm-1
99296.194    0.394      844.987           059003.000045   059003.000467          1.0000  cm-1
99271.722    0.394      5913.915          059003.000050   059003.000375          1.0000  cm-1
99266.212    0.394      844.813           059003.000064   059003.000482          1.0000  cm-1
99259.611    0.788      33790.962         059003.000079   059003.000408          0.1409  cm-1
99259.611    0.788      33790.962         059003.000062   059003.000394          0.8591  cm-1
99259.611    0.788      33790.962         059003.000156   059003.000522 P        0.0000  cm-1
99221.405    0.394      33781.946         059003.000045   059003.000370          1.0000  cm-1
99184.701    0.787      16886.592         059003.000053   059003.000377 P        0.0000  cm-1
99184.701    0.787      16886.592         059003.000130   059003.000417          0.4858  cm-1
99184.701    0.787      16886.592         059003.000141   059003.000501 P        0.0000  cm-1
99184.701    0.787      16886.592         059003.000072   059003.000488          0.5142  cm-1
99178.304    0.393      1688.582          059003.000072   059003.000407          1.0000  cm-1
99178.304    0.393      1688.582          059003.000145   059003.000512 P        0.0000  cm-1
99153.613    0.393      2532.426          059003.000054   059003.000382          1.0000  cm-1
99146.176    0.393      422048.509        059003.000041   059003.000359          1.0000  cm-1
99133.388    0.393      12660.288         059003.000150   059003.000520 P        0.0000  cm-1
99114.109    0.393      843.901           059003.000073   059003.000489          1.0000  cm-1
99105.189    0.393      843.847           059003.000172   059003.000536 P        0.0000  cm-1
99105.189    0.393      843.847           059003.000045   059003.000369          0.0361  cm-1
99105.189    0.393      843.847           059003.000083   059003.000492          0.9639  cm-1
99105.189    0.393      843.847           059003.000151   059003.000520 P        0.0000  cm-1
99052.086    0.392      843.518           059003.000087   059003.000494 P        0.0000  cm-1
99034.407    0.392      843.407           059003.000046   059003.000468          1.0000  cm-1
99006.584    0.392      16864.631         059003.000064   059003.000393          1.0000  cm-1
98994.902    0.392      16863.150         059003.000046   059003.000467          1.0000  cm-1
98982.282    0.392      16861.544         059003.000054   059003.000381 P        0.0000  cm-1
98982.282    0.392      16861.544         059003.000062   059003.000392 P        0.0000  cm-1
98982.282    0.392      16861.544         059003.000539   059003.000491 P        0.0000  cm-1
98955.018    0.392      42145.139         059003.000059   059003.000390          1.0000  cm-1
98920.391    0.391      8426.793          059003.000539   059003.000490 P        0.0000  cm-1
98920.391    0.391      8426.793          059003.000046   059003.000370          1.0000  cm-1
98910.797    0.391      50557.016         059003.000070   059003.000403          0.5110  cm-1
98910.797    0.391      50557.016         059003.000174   059003.000617 P        0.0000  cm-1
98910.797    0.391      50557.016         059003.000072   059003.000406          0.4890  cm-1
98881.921    0.391      8424.283          059003.000041   059003.000459          1.0000  cm-1
98881.921    0.391      8424.283          059003.000174   059003.000613 P        0.0000  cm-1
98832.891    0.391      42105.229         059003.000088   059003.000494 P        0.0000  cm-1
98832.891    0.391      42105.229         059003.000063   059003.000392          1.0000  cm-1
98804.384    0.390      336765.717        059003.000046   059003.000369          1.0000  cm-1
98784.923    0.390      1683.567          059003.000088   059003.000413          1.0000  cm-1
98740.088    0.390      841.480           059003.000046   059003.000367          1.0000  cm-1
98733.078    0.780      4207.159          059003.000131   059003.000418          0.0404  cm-1
98733.078    0.780      4207.159          059003.000045   059003.000365          0.9596  cm-1
98702.824    0.390      67297.931         059003.000059   059003.000387 P        0.0000  cm-1
98702.824    0.390      67297.931         059003.000070   059003.000400          1.0000  cm-1
98682.199    0.390      4205.408          059003.000060   059003.000388          1.0000  cm-1
98671.691    0.389      84100.873         059003.000041   059003.000458          1.0000  cm-1
98640.716    0.389      25223.779         059003.000124   059003.000570 P        0.0000  cm-1
98640.716    0.389      25223.779         059003.000042   059003.000359          1.0000  cm-1
98634.798    0.389      3363.005          059003.000088   059003.000411          1.0000  cm-1
98634.798    0.389      3363.005          059003.000085   059003.000492 P        0.0000  cm-1
98599.693    0.389      84050.368         059003.000045   059003.000364          1.0000  cm-1
98596.884    0.778      8404.838          059003.000073   059003.000405          1.0000  cm-1
98558.886    0.389      25206.394         059003.000057   059003.000383          1.0000  cm-1
98546.421    0.388      8401.237          059003.000131   059003.000416          0.8983  cm-1
98546.421    0.388      8401.237          059003.000075   059003.000487          0.1017  cm-1
98546.421    0.388      8401.237          059003.000040   059003.000561 P        0.0000  cm-1
98540.114    0.388      2520.235          059003.000035   059003.000560 P        0.0000  cm-1
98540.114    0.388      2520.235          059003.000173   059003.000534 P        0.0000  cm-1
98517.701    0.388      2519.750          059003.000067   059003.000482          0.8243  cm-1
98517.701    0.388      2519.750          059003.000131   059003.000415          0.1757  cm-1
98517.701    0.388      2519.750          059003.000160   059003.000526 P        0.0000  cm-1
98505.684    0.388      6718.637          059003.000045   059003.000464          1.0000  cm-1
98495.589    0.388      25192.689         059003.000041   059003.000357          1.0000  cm-1
98489.188    0.388      839.710           059003.000097   059003.000496          1.0000  cm-1
98489.188    0.388      839.710           059003.000146   059003.000508 P        0.0000  cm-1
98476.682    0.388      4198.092          059003.000066   059003.000481          1.0000  cm-1
98454.382    0.388      1678.910          059003.000066   059003.000479          1.0000  cm-1
98451.379    0.388      8394.328          059003.000060   059003.000476          1.0000  cm-1
98446.015    0.388      16787.865         059003.000073   059003.000404          1.0000  cm-1
98379.595    0.387      167779.925        059003.000072   059003.000401 P        0.0000  cm-1
98379.595    0.387      167779.925        059003.000049   059003.000372          1.0000  cm-1
98356.088    0.387      4193.615          059003.000091   059003.000413 P        0.0000  cm-1
98356.088    0.387      4193.615          059003.000144   059003.000503          1.0000  cm-1
98329.293    0.387      8385.203          059003.000050   059003.000467          1.0000  cm-1
98306.094    0.387      4191.719          059003.000060   059003.000385          1.0000  cm-1
98306.094    0.387      4191.719          059003.000148   059003.000510 P        0.0000  cm-1
98298.428    0.773      16765.703         059003.000172   059003.000531 P        0.0000  cm-1
98298.428    0.773      16765.703         059003.000046   059003.000364          1.0000  cm-1
98298.428    0.773      16765.703         059003.000099   059003.000496 P        0.0000  cm-1
98295.086    0.773      41912.979         059003.000057   059003.000379          1.0000  cm-1
98290.123    0.773      4191.108          059003.000153   059003.000520          0.2801  cm-1
98290.123    0.773      4191.108          059003.000057   059003.000378          0.7199  cm-1
98278.576    0.386      8381.330          059003.000045   059003.000463          1.0000  cm-1
98246.007    0.772      1675.763          059003.000047   059003.000365          0.0590  cm-1
98246.007    0.772      1675.763          059003.000062   059003.000388          0.9410  cm-1
98208.490    0.386      83758.975         059003.000049   059003.000369 P        0.0000  cm-1
98208.490    0.386      83758.975         059003.000073   059003.000401          1.0000  cm-1
98195.825    0.386      4187.453          059003.000073   059003.000484          1.0000  cm-1
98195.825    0.386      4187.453          059003.000161   059003.000529 P        0.0000  cm-1
98179.380    0.386      837.361           059003.000047   059003.000466          0.5314  cm-1
98179.380    0.386      837.361           059003.000151   059003.000513          0.4686  cm-1
98146.011    0.385      2511.293          059003.000049   059003.000367          1.0000  cm-1
98138.505    0.385      167407.611        059003.000050   059003.000369          1.0000  cm-1
98138.505    0.385      167407.611        059003.000076   059003.000489 P        0.0000  cm-1
98138.505    0.385      167407.611        059003.000059   059003.000383 P        0.0000  cm-1
98115.498    0.385      1673.709          059003.000063   059003.000624          1.0000  cm-1
98105.492    0.385      83677.460         059003.000057   059003.000471          1.0000  cm-1
98105.492    0.385      83677.460         059003.000539   059003.000485 P        0.0000  cm-1
98089.800    0.385      836.649           059003.000093   059003.000413          0.6449  cm-1
98089.800    0.385      836.649           059003.000069   059003.000481          0.3551  cm-1
98084.014    0.385      50196.125         059003.000045   059003.000360          1.0000  cm-1
98074.698    0.769      50191.619         059003.000069   059003.000480 P        0.0000  cm-1
98074.698    0.769      50191.619         059003.000041   059003.000353          0.1596  cm-1
98074.698    0.769      50191.619         059003.000050   059003.000367          0.2863  cm-1
98074.698    0.769      50191.619         059003.000072   059003.000399          0.5541  cm-1
98068.177    0.385      836.474           059003.000064   059003.000388          1.0000  cm-1
98049.795    0.385      8363.254          059003.000145   059003.000503 P        0.0000  cm-1
98049.795    0.385      8363.254          059003.000095   059003.000495          1.0000  cm-1
98049.795    0.385      8363.254          059003.000095   059003.000494 P        0.0000  cm-1
98040.924    0.384      1672.507          059003.000060   059003.000382 P        0.0000  cm-1
98040.924    0.384      1672.507          059003.000074   059003.000485          1.0000  cm-1
98034.209    0.384      33447.947         059003.000041   059003.000352          1.0000  cm-1
98015.000    0.384      4180.209          059003.000148   059003.000506 P        0.0000  cm-1
98015.000    0.384      4180.209          059003.000070   059003.000479          0.4688  cm-1
98015.000    0.384      4180.209          059003.000062   059003.000476          0.4083  cm-1
98015.000    0.384      4180.209          059003.000069   059003.000394          0.1229  cm-1
97980.708    0.384      8357.601          059003.000057   059003.000469          1.0000  cm-1
97944.175    0.384      41772.871         059003.000091   059003.000410          1.0000  cm-1
97939.427    0.384      5847.925          059003.000093   059003.000411 P        0.0000  cm-1
97939.427    0.384      5847.925          059003.000069   059003.000393          1.0000  cm-1
97928.803    0.384      16706.586         059003.000097   059003.000494          0.3019  cm-1
97928.803    0.384      16706.586         059003.000078   059003.000491          0.6981  cm-1
97909.420    0.383      835167.154        059003.000046   059003.000361          1.0000  cm-1
97887.788    0.383      12524.780         059003.000070   059003.000393          1.0000  cm-1
97879.520    0.383      5844.409          059003.000095   059003.000493          1.0000  cm-1
97879.520    0.383      5844.409          059003.000161   059003.000525 P        0.0000  cm-1
97873.599    0.766      25045.967         059003.000132   059003.000416 P        0.0000  cm-1
97873.599    0.766      25045.967         059003.000072   059003.000396          0.0717  cm-1
97873.599    0.766      25045.967         059003.000059   059003.000379          0.6921  cm-1
97873.599    0.766      25045.967         059003.000178   059003.000537 P        0.0000  cm-1
97873.599    0.766      25045.967         059003.000060   059003.000381          0.2362  cm-1
97869.978    0.383      834.835           059003.000078   059003.000490          0.1509  cm-1
97869.978    0.383      834.835           059003.000062   059003.000385          0.8491  cm-1
97860.292    0.766      4173.765          059003.000060   059003.000472 P        0.0000  cm-1
97860.292    0.766      4173.765          059003.000154   059003.000518          1.0000  cm-1
97860.292    0.766      4173.765          059003.000158   059003.000519 P        0.0000  cm-1
97839.993    0.383      3338.322          059003.000078   059003.000489 P        0.0000  cm-1
97833.391    0.383      3338.097          059003.000133   059003.000418 P        0.0000  cm-1
97833.391    0.383      3338.097          059003.000098   059003.000495 P        0.0000  cm-1
97818.525    0.383      3337.588          059003.000166   059003.000528 P        0.0000  cm-1
97818.525    0.383      3337.588          059003.000062   059003.000474          1.0000  cm-1
97809.577    0.383      1668.641          059003.000063   059003.000386          1.0000  cm-1
97793.786    0.383      1668.370          059003.000150   059003.000510 P        0.0000  cm-1
97793.786    0.383      1668.370          059003.000060   059003.000380          1.0000  cm-1
97775.016    0.382      41701.147         059003.000060   059003.000378 P        0.0000  cm-1
97775.016    0.382      41701.147         059003.000073   059003.000397          1.0000  cm-1
97761.283    0.765      8339.041          059003.000075   059003.000401 P        0.0000  cm-1
97761.283    0.765      8339.041          059003.000097   059003.000493          1.0000  cm-1
97757.912    0.382      166774.967        059003.000053   059003.000468          0.1751  cm-1
97757.912    0.382      166774.967        059003.000042   059003.000354          0.5735  cm-1
97757.912    0.382      166774.967        059003.000049   059003.000465          0.2515  cm-1
97730.404    0.382      8336.355          059003.000032   059003.000316 P        0.0000  cm-1
97730.404    0.382      8336.355          059003.000097   059003.000411          1.0000  cm-1
97726.105    0.382      83359.795         059003.000071   059003.000479          1.0000  cm-1
97696.994    0.382      25000.285         059003.000166   059003.000527 P        0.0000  cm-1
97696.994    0.382      25000.285         059003.000060   059003.000377          0.7664  cm-1
97696.994    0.382      25000.285         059003.000072   059003.000481          0.2336  cm-1
97687.716    0.763      4166.306          059003.000064   059003.000385 P        0.0000  cm-1
97687.716    0.763      4166.306          059003.000099   059003.000413          0.5915  cm-1
97687.716    0.763      4166.306          059003.000109   059003.000567 P        0.0000  cm-1
97687.716    0.763      4166.306          059003.000050   059003.000465          0.4085  cm-1
97687.716    0.763      4166.306          059003.000072   059003.000480 P        0.0000  cm-1
97687.716    0.763      4166.306          059003.000059   059003.000471 P        0.0000  cm-1
97687.716    0.763      4166.306          059003.000057   059003.000375 P        0.0000  cm-1
97658.520    0.381      16660.063         059003.000081   059003.000491          1.0000  cm-1
97658.520    0.381      16660.063         059003.000135   059003.000499 P        0.0000  cm-1
97652.809    0.381      8329.525          059003.000093   059003.000409          1.0000  cm-1
97644.511    0.381      832.879           059003.000053   059003.000370          1.0000  cm-1
97636.214    0.381      4164.025          059003.000073   059003.000482          1.0000  cm-1
97626.892    0.381      832.722           059003.000100   059003.000495          1.0000  cm-1
97622.111    0.381      6661.433          059003.000072   059003.000394          1.0000  cm-1
97588.495    0.762      8323.776          059003.000145   059003.000500 P        0.0000  cm-1
97588.495    0.762      8323.776          059003.000080   059003.000488          0.2532  cm-1
97588.495    0.762      8323.776          059003.000063   059003.000384          0.7468  cm-1
97588.495    0.762      8323.776          059003.000148   059003.000503 P        0.0000  cm-1
97566.303    0.762      8321.774          059003.000042   059003.000353 P        0.0000  cm-1
97566.303    0.762      8321.774          059003.000066   059003.000390 P        0.0000  cm-1
97566.303    0.762      8321.774          059003.000081   059003.000489 P        0.0000  cm-1
97566.303    0.762      8321.774          059003.000099   059003.000493          0.1934  cm-1
97566.303    0.762      8321.774          059003.000080   059003.000487          0.8066  cm-1
97547.285    0.381      41600.255         059003.000060   059003.000470 P        0.0000  cm-1
97547.285    0.381      41600.255         059003.000072   059003.000393          1.0000  cm-1
97547.285    0.381      41600.255         059003.000135   059003.000498 P        0.0000  cm-1
97537.827    0.381      8319.191          059003.000099   059003.000411          1.0000  cm-1
97494.981    0.760      33261.103         059003.000053   059003.000368          1.0000  cm-1
97494.981    0.760      33261.103         059003.000156   059003.000515 P        0.0000  cm-1
97494.981    0.760      33261.103         059003.000149   059003.000503 P        0.0000  cm-1
97471.106    0.380      3325.231          059003.000096   059003.000410          0.8853  cm-1
97471.106    0.380      3325.231          059003.000076   059003.000404          0.1147  cm-1
97465.991    0.760      8312.606          059003.000060   059003.000469 P        0.0000  cm-1
97465.991    0.760      8312.606          059003.000083   059003.000491          1.0000  cm-1
97463.020    0.760      83123.315         059003.000067   059003.000389          1.0000  cm-1
97448.503    0.380      415549.392        059003.000041   059003.000349          1.0000  cm-1
97448.503    0.380      415549.392        059003.000161   059003.000521 P        0.0000  cm-1
97448.503    0.380      415549.392        059003.000096   059003.000409 P        0.0000  cm-1
97442.026    0.380      83103.870         059003.000539   059003.000395 P        0.0000  cm-1
97442.026    0.380      83103.870         059003.000049   059003.000362          1.0000  cm-1
97442.026    0.380      83103.870         059003.000081   059003.000487 P        0.0000  cm-1
97442.026    0.380      83103.870         059003.000078   059003.000486 P        0.0000  cm-1
97434.281    0.380      1661.933          059003.000062   059003.000381 P        0.0000  cm-1
97434.281    0.380      1661.933          059003.000045   059003.000359          1.0000  cm-1
97434.281    0.380      1661.933          059003.000074   059003.000398 P        0.0000  cm-1
97426.489    0.380      830.894           059003.000154   059003.000514          0.5210  cm-1
97426.489    0.380      830.894           059003.000062   059003.000472          0.4790  cm-1
97420.597    0.380      16616.787         059003.000177   059003.000535 P        0.0000  cm-1
97420.597    0.380      16616.787         059003.000053   059003.000366          1.0000  cm-1
97420.597    0.380      16616.787         059003.000540   059003.000490 P        0.0000  cm-1
97398.882    0.379      830.636           059003.000156   059003.000514          1.0000  cm-1
97398.882    0.379      830.636           059003.000054   059003.000373 P        0.0000  cm-1
97378.389    0.379      1660.888          059003.000074   059003.000395 P        0.0000  cm-1
97378.389    0.379      1660.888          059003.000054   059003.000468          1.0000  cm-1
97357.123    0.379      2490.731          059003.000134   059003.000415 P        0.0000  cm-1
97357.123    0.379      2490.731          059003.000062   059003.000380          1.0000  cm-1
97349.579    0.379      33206.890         059003.000082   059003.000488          1.0000  cm-1
97324.720    0.758      8299.364          059003.000082   059003.000487          0.4841  cm-1
97324.720    0.758      8299.364          059003.000166   059003.000524          0.1991  cm-1
97324.720    0.758      8299.364          059003.000091   059003.000408          0.3168  cm-1
97317.082    0.758      82986.374         059003.000136   059003.000419 P        0.0000  cm-1
97317.082    0.758      82986.374         059003.000066   059003.000387          0.7014  cm-1
97317.082    0.758      82986.374         059003.000049   059003.000361          0.2986  cm-1
97317.082    0.758      82986.374         059003.000168   059003.000526 P        0.0000  cm-1
97317.082    0.758      82986.374         059003.000135   059003.000418 P        0.0000  cm-1
97273.511    0.378      1658.894          059003.000102   059003.000495          1.0000  cm-1
97260.773    0.757      16586.486         059003.000054   059003.000370 P        0.0000  cm-1
97260.773    0.757      16586.486         059003.000539   059003.000478 P        0.0000  cm-1
97260.773    0.757      16586.486         059003.000059   059003.000375 P        0.0000  cm-1
97260.773    0.757      16586.486         059003.000062   059003.000377          0.1017  cm-1
97260.773    0.757      16586.486         059003.000075   059003.000396          0.8983  cm-1
97260.773    0.757      16586.486         059003.000064   059003.000381 P        0.0000  cm-1
97250.079    0.378      8292.212          059003.000099   059003.000409          0.5821  cm-1
97250.079    0.378      8292.212          059003.000083   059003.000487          0.4179  cm-1
97250.079    0.378      8292.212          059003.000166   059003.000523 P        0.0000  cm-1
97209.017    0.756      6630.585          059003.000063   059003.000380          1.0000  cm-1
97209.017    0.756      6630.585          059003.000151   059003.000504 P        0.0000  cm-1
97191.090    0.378      82864.824         059003.000075   059003.000482 P        0.0000  cm-1
97191.090    0.378      82864.824         059003.000059   059003.000374          1.0000  cm-1
97191.090    0.378      82864.824         059003.000035   059003.000555 P        0.0000  cm-1
97178.704    0.378      1657054.170       059003.000042   059003.000351          1.0000  cm-1
97166.805    0.378      24852.312         059003.000064   059003.000379          1.0000  cm-1
97161.706    0.378      82836.033         059003.000064   059003.000378          1.0000  cm-1
97161.706    0.378      82836.033         059003.000036   059003.000346 P        0.0000  cm-1
97154.908    0.755      8282.935          059003.000150   059003.000623 P        0.0000  cm-1
97154.908    0.755      8282.935          059003.000053   059003.000365          1.0000  cm-1
97154.908    0.755      8282.935          059003.000158   059003.000516 P        0.0000  cm-1
97144.615    0.377      4140.960          059003.000035   059003.000554 P        0.0000  cm-1
97144.615    0.377      4140.960          059003.000069   059003.000389          1.0000  cm-1
97122.186    0.377      41398.522         059003.000148   059003.000500 P        0.0000  cm-1
97122.186    0.377      41398.522         059003.000084   059003.000407 P        0.0000  cm-1
97122.186    0.377      41398.522         059003.000104   059003.000495          1.0000  cm-1
97122.186    0.377      41398.522         059003.000104   059003.000494 P        0.0000  cm-1
97114.614    0.377      165579.078        059003.000054   059003.000368          1.0000  cm-1
97114.614    0.377      165579.078        059003.000062   059003.000470 P        0.0000  cm-1
97107.626    0.377      16556.520         059003.000108   059003.000496          1.0000  cm-1
97082.926    0.377      16551.602         059003.000064   059003.000377          1.0000  cm-1
97075.599    0.377      2482.521          059003.000078   059003.000402          1.0000  cm-1
97075.599    0.377      2482.521          059003.000150   059003.000503 P        0.0000  cm-1
97069.195    0.377      33097.714         059003.000075   059003.000480          1.0000  cm-1
97056.388    0.377      16546.291         059003.000093   059003.000408          1.0000  cm-1
97040.285    0.377      16543.055         059003.000054   059003.000366          1.0000  cm-1
97030.830    0.377      4135.287          059003.000079   059003.000403 P        0.0000  cm-1
97030.830    0.377      4135.287          059003.000067   059003.000386          0.1119  cm-1
97030.830    0.377      4135.287          059003.000149   059003.000500 P        0.0000  cm-1
97030.830    0.377      4135.287          059003.000062   059003.000469          0.8881  cm-1
97022.682    0.377      41348.763         059003.000080   059003.000404 P        0.0000  cm-1
97022.682    0.377      41348.763         059003.000053   059003.000364          1.0000  cm-1
97007.216    0.376      248045.655        059003.000154   059003.000511 P        0.0000  cm-1
97007.216    0.376      248045.655        059003.000075   059003.000394          1.0000  cm-1
96998.489    0.376      4133.652          059003.000069   059003.000388 P        0.0000  cm-1
96977.114    0.376      16530.261         059003.000083   059003.000486          0.5503  cm-1
96977.114    0.376      16530.261         059003.000064   059003.000471          0.4497  cm-1
96965.288    0.376      1652.785          059003.000098   059003.000492 P        0.0000  cm-1
96959.376    0.376      2478.996          059003.000045   059003.000458          1.0000  cm-1
96952.302    0.376      4131.298          059003.000104   059003.000493          1.0000  cm-1
96942.806    0.376      247848.722        059003.000042   059003.000349          1.0000  cm-1
96942.806    0.376      247848.722        059003.000155   059003.000510 P        0.0000  cm-1
96942.806    0.376      247848.722        059003.000105   059003.000493 P        0.0000  cm-1
96933.504    0.376      16521.339         059003.000064   059003.000470          0.1693  cm-1
96933.504    0.376      16521.339         059003.000178   059003.000530 P        0.0000  cm-1
96933.504    0.376      16521.339         059003.000082   059003.000405          0.8307  cm-1
96911.417    0.376      8258.396          059003.000105   059003.000411          1.0000  cm-1
96911.417    0.376      8258.396          059003.000172   059003.000529 P        0.0000  cm-1
96891.417    0.376      330253.134        059003.000067   059003.000474          1.0000  cm-1
96878.489    0.375      5778.492          059003.000171   059003.000528 P        0.0000  cm-1
96878.489    0.375      5778.492          059003.000070   059003.000387          1.0000  cm-1
96871.178    0.375      8254.228          059003.000167   059003.000521 P        0.0000  cm-1
96871.178    0.375      8254.228          059003.000153   059003.000508          1.0000  cm-1
96856.995    0.375      165055.043        059003.000047   059003.000462          1.0000  cm-1
96856.995    0.375      165055.043        059003.000084   059003.000406 P        0.0000  cm-1
96852.687    0.375      1650.461          059003.000073   059003.000391 P        0.0000  cm-1
96852.687    0.375      1650.461          059003.000064   059003.000469          1.0000  cm-1
96852.687    0.375      1650.461          059003.000096   059003.000408 P        0.0000  cm-1
96824.376    0.375      57745.393         059003.000079   059003.000400          1.0000  cm-1
96798.880    0.375      12369.992         059003.000086   059003.000491          0.1762  cm-1
96798.880    0.375      12369.992         059003.000076   059003.000397          0.8238  cm-1
96798.880    0.375      12369.992         059003.000039   059003.000348 P        0.0000  cm-1
96786.014    0.749      16490.609         059003.000080   059003.000401          1.0000  cm-1
96786.014    0.749      16490.609         059003.000103   059003.000566 P        0.0000  cm-1
96783.112    0.749      41224.989         059003.000045   059003.000357          0.9139  cm-1
96783.112    0.749      41224.989         059003.000082   059003.000404          0.0293  cm-1
96783.112    0.749      41224.989         059003.000081   059003.000485          0.0568  cm-1
96783.112    0.749      41224.989         059003.000085   059003.000487 P        0.0000  cm-1
96774.600    0.375      24732.292         059003.000054   059003.000365          0.2801  cm-1
96774.600    0.375      24732.292         059003.000080   059003.000484          0.7199  cm-1
96774.600    0.375      24732.292         059003.000173   059003.000529 P        0.0000  cm-1
96750.906    0.374      82415.839         059003.000072   059003.000389 P        0.0000  cm-1
96750.906    0.374      82415.839         059003.000172   059003.000527 P        0.0000  cm-1
96750.906    0.374      82415.839         059003.000066   059003.000383          1.0000  cm-1
96744.378    0.374      8240.890          059003.000076   059003.000398          0.2411  cm-1
96744.378    0.374      8240.890          059003.000106   059003.000413          0.7589  cm-1
96741.720    0.374      16481.213         059003.000057   059003.000467          0.9010  cm-1
96741.720    0.374      16481.213         059003.000086   059003.000490          0.0990  cm-1
96736.306    0.374      16480.059         059003.000082   059003.000403          1.0000  cm-1
96731.713    0.374      4119.770          059003.000111   059003.000496          1.0000  cm-1
96727.991    0.374      8239.143          059003.000075   059003.000392 P        0.0000  cm-1
96727.991    0.374      8239.143          059003.000154   059003.000507          0.8361  cm-1
96727.991    0.374      8239.143          059003.000047   059003.000460          0.1639  cm-1
96710.687    0.748      8237.292          059003.000084   059003.000405 P        0.0000  cm-1
96710.687    0.748      8237.292          059003.000054   059003.000466          0.7494  cm-1
96710.687    0.748      8237.292          059003.000086   059003.000489          0.2506  cm-1
96707.595    0.748      16473.922         059003.000083   059003.000404          1.0000  cm-1
96701.120    0.374      5765.387          059003.000053   059003.000463          1.0000  cm-1
96701.120    0.374      5765.387          059003.000174   059003.000603 P        0.0000  cm-1
96701.120    0.374      5765.387          059003.000156   059003.000507 P        0.0000  cm-1
96680.198    0.374      82340.174         059003.000539   059003.000477          0.1945  cm-1
96680.198    0.374      82340.174         059003.000067   059003.000382          0.8055  cm-1
96680.198    0.374      82340.174         059003.000174   059003.000602 P        0.0000  cm-1
96636.631    0.374      24687.919         059003.000156   059003.000506          1.0000  cm-1
96624.221    0.373      2468.387          059003.000540   059003.000402 P        0.0000  cm-1
96624.221    0.373      2468.387          059003.000106   059003.000493 P        0.0000  cm-1
96624.221    0.373      2468.387          059003.000069   059003.000385          1.0000  cm-1
96612.488    0.373      1645.336          059003.000150   059003.000500 P        0.0000  cm-1
96612.488    0.373      1645.336          059003.000083   059003.000402          1.0000  cm-1
96607.998    0.373      41130.948         059003.000072   059003.000388          1.0000  cm-1
96607.998    0.373      41130.948         059003.000036   059003.000344 P        0.0000  cm-1
96594.096    0.373      8224.671          059003.000106   059003.000411          1.0000  cm-1
96589.222    0.373      8224.137          059003.000083   059003.000485 P        0.0000  cm-1
96589.222    0.373      8224.137          059003.000071   059003.000387          1.0000  cm-1
96589.222    0.373      8224.137          059003.000151   059003.000500 P        0.0000  cm-1
96582.320    0.373      16446.762         059003.000158   059003.000510 P        0.0000  cm-1
96582.320    0.373      16446.762         059003.000073   059003.000389 P        0.0000  cm-1
96566.683    0.373      8221.664          059003.000074   059003.000391          1.0000  cm-1
96555.393    0.373      24661.264         059003.000064   059003.000375          1.0000  cm-1
96546.998    0.746      6575.597          059003.000054   059003.000464          0.5433  cm-1
96546.998    0.746      6575.597          059003.000108   059003.000494          0.2862  cm-1
96546.998    0.746      6575.597          059003.000082   059003.000401          0.1705  cm-1
96511.016    0.745      32862.052         059003.000138   059003.000498          1.0000  cm-1
96508.893    0.745      32861.109         059003.000067   059003.000381 P        0.0000  cm-1
96508.893    0.745      32861.109         059003.000154   059003.000505          1.0000  cm-1
96508.893    0.745      32861.109         059003.000085   059003.000486 P        0.0000  cm-1
96486.906    0.745      49276.980         059003.000066   059003.000379          0.1921  cm-1
96486.906    0.745      49276.980         059003.000057   059003.000367          0.8079  cm-1
96486.906    0.745      49276.980         059003.000161   059003.000520 P        0.0000  cm-1
96467.092    0.372      8210.616          059003.000050   059003.000359          1.0000  cm-1
96467.092    0.372      8210.616          059003.000101   059003.000492 P        0.0000  cm-1
96455.380    0.372      4104.652          059003.000173   059003.000525 P        0.0000  cm-1
96455.380    0.372      4104.652          059003.000073   059003.000624          1.0000  cm-1
96448.488    0.372      12312.796         059003.000047   059003.000358          1.0000  cm-1
96410.425    0.372      8204.243          059003.000137   059003.000414          1.0000  cm-1
96395.780    0.372      24607.755         059003.000154   059003.000504          1.0000  cm-1
96391.878    0.743      1640.429          059003.000068   059003.000564 P        0.0000  cm-1
96391.878    0.743      1640.429          059003.000078   059003.000395          0.4383  cm-1
96391.878    0.743      1640.429          059003.000080   059003.000483          0.5617  cm-1
96387.496    0.372      4100.823          059003.000085   059003.000405          1.0000  cm-1
96387.496    0.372      4100.823          059003.000171   059003.000524 P        0.0000  cm-1
96377.721    0.372      16401.070         059003.000108   059003.000493          0.2815  cm-1
96377.721    0.372      16401.070         059003.000072   059003.000476          0.7185  cm-1
96366.693    0.743      40996.401         059003.000156   059003.000504          1.0000  cm-1
96363.420    0.743      40994.536         059003.000037   059003.000555 P        0.0000  cm-1
96363.420    0.743      40994.536         059003.000045   059003.000353          1.0000  cm-1
96351.913    0.371      4098.797          059003.000080   059003.000397          1.0000  cm-1
96332.994    0.371      32781.722         059003.000067   059003.000377 P        0.0000  cm-1
96332.994    0.371      32781.722         059003.000087   059003.000487          1.0000  cm-1
96321.829    0.371      327765.999        059003.000045   059003.000352          1.0000  cm-1
96321.829    0.371      327765.999        059003.000054   059003.000463 P        0.0000  cm-1
96311.915    0.371      819301.089        059003.000038   059003.000556 P        0.0000  cm-1
96311.915    0.371      819301.089        059003.000070   059003.000383          1.0000  cm-1
96311.915    0.371      819301.089        059003.000086   059003.000486 P        0.0000  cm-1
96306.091    0.371      5734.639          059003.000106   059003.000409          0.2452  cm-1
96306.091    0.371      5734.639          059003.000155   059003.000623          0.7548  cm-1
96297.286    0.371      8191.327          059003.000059   059003.000372 P        0.0000  cm-1
96297.286    0.371      8191.327          059003.000080   059003.000398 P        0.0000  cm-1
96297.286    0.371      8191.327          059003.000066   059003.000471          0.4415  cm-1
96297.286    0.371      8191.327          059003.000047   059003.000357          0.5585  cm-1
96267.412    0.371      2456.362          059003.000060   059003.000468          0.8018  cm-1
96267.412    0.371      2456.362          059003.000081   059003.000483          0.1982  cm-1
96249.906    0.371      8185.842          059003.000046   059003.000354          1.0000  cm-1
96243.318    0.371      4092.538          059003.000105   059003.000492 P        0.0000  cm-1
96243.318    0.371      4092.538          059003.000160   059003.000515          0.6913  cm-1
96243.318    0.371      4092.538          059003.000160   059003.000516          0.3087  cm-1
96231.923    0.741      81837.489         059003.000072   059003.000385          1.0000  cm-1
96227.883    0.741      40916.388         059003.000176   059003.000526 P        0.0000  cm-1
96227.883    0.741      40916.388         059003.000081   059003.000397          0.1222  cm-1
96227.883    0.741      40916.388         059003.000175   059003.000525 P        0.0000  cm-1
96227.883    0.741      40916.388         059003.000060   059003.000467          0.8778  cm-1
96222.979    0.741      49096.232         059003.000155   059003.000503          0.2340  cm-1
96222.979    0.741      49096.232         059003.000037   059003.000345 P        0.0000  cm-1
96222.979    0.741      49096.232         059003.000047   059003.000355          0.7660  cm-1
96222.979    0.741      49096.232         059003.000169   059003.000428 P        0.0000  cm-1
96211.202    0.370      8181.329          059003.000080   059003.000482 P        0.0000  cm-1
96211.202    0.370      8181.329          059003.000078   059003.000478          1.0000  cm-1
96174.387    0.370      40885.042         059003.000163   059003.000519 P        0.0000  cm-1
96174.387    0.370      40885.042         059003.000081   059003.000398          1.0000  cm-1
96159.109    0.370      8175.207          059003.000079   059003.000481          1.0000  cm-1
96149.117    0.370      4087.013          059003.000073   059003.000386          1.0000  cm-1
96146.281    0.370      4086.846          059003.000079   059003.000480          1.0000  cm-1
96140.998    0.370      40865.332         059003.000165   059003.000519 P        0.0000  cm-1
96140.998    0.370      40865.332         059003.000154   059003.000502          1.0000  cm-1
96137.204    0.370      81726.171         059003.000075   059003.000389          0.5056  cm-1
96137.204    0.370      81726.171         059003.000088   059003.000488          0.3807  cm-1
96137.204    0.370      81726.171         059003.000079   059003.000479          0.1137  cm-1
96131.008    0.370      16343.765         059003.000088   059003.000407          1.0000  cm-1
96113.478    0.370      4901.881          059003.000088   059003.000487 P        0.0000  cm-1
96113.478    0.370      4901.881          059003.000082   059003.000397 P        0.0000  cm-1
96099.219    0.369      81681.028         059003.000069   059003.000379          1.0000  cm-1
96099.219    0.369      81681.028         059003.000057   059003.000465 P        0.0000  cm-1
96094.177    0.369      40837.507         059003.000069   059003.000378          1.0000  cm-1
96094.177    0.369      40837.507         059003.000039   059003.000347 P        0.0000  cm-1
96075.408    0.369      8165.258          059003.000083   059003.000483          1.0000  cm-1
96061.297    0.369      48981.404         059003.000046   059003.000353          0.2284  cm-1
96061.297    0.369      48981.404         059003.000108   059003.000409          0.4188  cm-1
96061.297    0.369      48981.404         059003.000087   059003.000486          0.3528  cm-1
96048.100    0.369      81619.822         059003.000070   059003.000379          1.0000  cm-1
96048.100    0.369      81619.822         059003.000114   059003.000496 P        0.0000  cm-1
96042.582    0.369      16322.637         059003.000070   059003.000378          1.0000  cm-1
96037.496    0.369      163214.120        059003.000082   059003.000396 P        0.0000  cm-1
96037.496    0.369      163214.120        059003.000060   059003.000369          1.0000  cm-1
96037.496    0.369      163214.120        059003.000083   059003.000397 P        0.0000  cm-1
96019.123    0.369      326339.579        059003.000046   059003.000352 P        0.0000  cm-1
96019.123    0.369      326339.579        059003.000084   059003.000399          1.0000  cm-1
96009.576    0.369      16314.670         059003.000154   059003.000501          1.0000  cm-1
96009.576    0.369      16314.670         059003.000073   059003.000474 P        0.0000  cm-1
96009.576    0.369      16314.670         059003.000079   059003.000393 P        0.0000  cm-1
96003.822    0.369      81566.384         059003.000060   059003.000368          0.8641  cm-1
96003.822    0.369      81566.384         059003.000111   059003.000493          0.1359  cm-1
95993.223    0.369      81553.535         059003.000075   059003.000388          1.0000  cm-1
95993.223    0.369      81553.535         059003.000050   059003.000458 P        0.0000  cm-1
95981.089    0.368      81538.797         059003.000083   059003.000398          0.0819  cm-1
95981.089    0.368      81538.797         059003.000156   059003.000501          0.9181  cm-1
95972.699    0.368      48917.153         059003.000111   059003.000411          0.4014  cm-1
95972.699    0.368      48917.153         059003.000082   059003.000482          0.5986  cm-1
95966.419    0.368      2445.628          059003.000089   059003.000490 P        0.0000  cm-1
95966.419    0.368      2445.628          059003.000034   059003.000545 P        0.0000  cm-1
95946.284    0.368      16299.272         059003.000086   059003.000402          0.6649  cm-1
95946.284    0.368      16299.272         059003.000158   059003.000623          0.3351  cm-1
95941.108    0.368      1629.801          059003.000540   059003.000395 P        0.0000  cm-1
95941.108    0.368      1629.801          059003.000087   059003.000405          1.0000  cm-1
95925.292    0.368      81470.648         059003.000138   059003.000414          1.0000  cm-1
95925.292    0.368      81470.648         059003.000086   059003.000485 P        0.0000  cm-1
95909.383    0.368      5701.577          059003.000069   059003.000471          1.0000  cm-1
95909.383    0.368      5701.577          059003.000167   059003.000520 P        0.0000  cm-1
95893.910    0.368      8143.204          059003.000539   059003.000475          1.0000  cm-1
95880.593    0.368      814156.035        059003.000049   059003.000356          1.0000  cm-1
95880.593    0.368      814156.035        059003.000076   059003.000391 P        0.0000  cm-1
95867.182    0.368      8139.901          059003.000069   059003.000470          1.0000  cm-1
95856.790    0.368      162772.259        059003.000070   059003.000471 P        0.0000  cm-1
95856.790    0.368      162772.259        059003.000053   059003.000359          1.0000  cm-1
95850.232    0.367      4068.899          059003.000082   059003.000480          1.0000  cm-1
95831.224    0.367      40677.173         059003.000062   059003.000468          1.0000  cm-1
95831.224    0.367      40677.173         059003.000074   059003.000475 P        0.0000  cm-1
95818.586    0.367      8133.858          059003.000034   059003.000544 P        0.0000  cm-1
95818.586    0.367      8133.858          059003.000084   059003.000396          1.0000  cm-1
95804.083    0.367      406602.299        059003.000037   059003.000343 P        0.0000  cm-1
95804.083    0.367      406602.299        059003.000066   059003.000374          1.0000  cm-1
95798.916    0.367      40656.996         059003.000164   059003.000518 P        0.0000  cm-1
95798.916    0.367      40656.996         059003.000072   059003.000381          1.0000  cm-1
95798.916    0.367      40656.996         059003.000073   059003.000382 P        0.0000  cm-1
95788.196    0.367      2439.017          059003.000082   059003.000394          1.0000  cm-1
95782.789    0.367      406468.854        059003.000057   059003.000362          1.0000  cm-1
95774.704    0.367      2438.508          059003.000153   059003.000500 P        0.0000  cm-1
95774.704    0.367      2438.508          059003.000045   059003.000350          1.0000  cm-1
95766.810    0.367      40636.842         059003.000053   059003.000462          1.0000  cm-1
95763.510    0.367      40634.764         059003.000155   059003.000500          0.6128  cm-1
95763.510    0.367      40634.764         059003.000075   059003.000476          0.3872  cm-1
95707.414    0.366      8119.857          059003.000072   059003.000379          1.0000  cm-1
95707.414    0.366      8119.857          059003.000075   059003.000386 P        0.0000  cm-1
95702.107    0.733      24357.547         059003.000091   059003.000407 P        0.0000  cm-1
95702.107    0.733      24357.547         059003.000063   059003.000373          1.0000  cm-1
95702.107    0.733      24357.547         059003.000072   059003.000378 P        0.0000  cm-1
95694.411    0.366      3247.281          059003.000115   059003.000496          1.0000  cm-1
95677.204    0.366      811.601           059003.000160   059003.000510 P        0.0000  cm-1
95671.086    0.366      6492.182          059003.000046   059003.000351          1.0000  cm-1
95656.177    0.732      243399.615        059003.000057   059003.000361          0.3616  cm-1
95656.177    0.732      243399.615        059003.000049   059003.000354          0.6384  cm-1
95652.881    0.732      16225.796         059003.000064   059003.000468          1.0000  cm-1
95647.005    0.732      8112.145          059003.000112   059003.000495          0.3155  cm-1
95647.005    0.732      8112.145          059003.000112   059003.000494          0.6845  cm-1
95629.090    0.366      16219.687         059003.000084   059003.000480          0.3025  cm-1
95629.090    0.366      16219.687         059003.000078   059003.000477          0.6975  cm-1
95629.090    0.366      16219.687         059003.000073   059003.000381 P        0.0000  cm-1
95623.788    0.366      4054.581          059003.000081   059003.000392 P        0.0000  cm-1
95623.788    0.366      4054.581          059003.000072   059003.000377          1.0000  cm-1
95623.788    0.366      4054.581          059003.000139   059003.000416 P        0.0000  cm-1
95615.286    0.366      81080.661         059003.000539   059003.000473          1.0000  cm-1
95611.419    0.366      8107.567          059003.000064   059003.000467 P        0.0000  cm-1
95611.419    0.366      8107.567          059003.000063   059003.000371          1.0000  cm-1
95601.008    0.366      24318.670         059003.000062   059003.000369          1.0000  cm-1
95591.982    0.366      8105.057          059003.000053   059003.000459          0.2262  cm-1
95591.982    0.366      8105.057          059003.000160   059003.000508          0.7738  cm-1
95584.486    0.365      405204.310        059003.000060   059003.000465 P        0.0000  cm-1
95584.486    0.365      405204.310        059003.000050   059003.000354          1.0000  cm-1
95552.695    0.365      809.996           059003.000087   059003.000401          0.8667  cm-1
95552.695    0.365      809.996           059003.000161   059003.000512          0.1333  cm-1
95552.695    0.365      809.996           059003.000074   059003.000473 P        0.0000  cm-1
95548.019    0.365      809.935           059003.000073   059003.000380          1.0000  cm-1
95538.377    0.365      16196.185         059003.000064   059003.000370          0.5096  cm-1
95538.377    0.365      16196.185         059003.000089   059003.000486          0.4904  cm-1
95538.377    0.365      16196.185         059003.000039   059003.000346 P        0.0000  cm-1
95531.126    0.365      242914.380        059003.000060   059003.000364          1.0000  cm-1
95531.126    0.365      242914.380        059003.000057   059003.000360 P        0.0000  cm-1
95516.382    0.365      2428.565          059003.000072   059003.000471 P        0.0000  cm-1
95501.403    0.365      2427.977          059003.000035   059003.000547 P        0.0000  cm-1
95488.717    0.365      2427476.756       059003.000059   059003.000363          1.0000  cm-1
95488.717    0.365      2427476.756       059003.000069   059003.000375 P        0.0000  cm-1
95478.891    0.729      8090.297          059003.000076   059003.000624          1.0000  cm-1
95476.793    0.729      8090.020          059003.000112   059003.000493 P        0.0000  cm-1
95476.793    0.729      8090.020          059003.000054   059003.000359          1.0000  cm-1
95476.793    0.729      8090.020          059003.000072   059003.000470 P        0.0000  cm-1
95454.002    0.364      8087.014          059003.000095   059003.000489          1.0000  cm-1
95454.002    0.364      8087.014          059003.000073   059003.000377 P        0.0000  cm-1
95454.002    0.364      8087.014          059003.000113   059003.000412 P        0.0000  cm-1
95442.418    0.364      808.548           059003.000093   059003.000488          1.0000  cm-1
95437.077    0.729      80847.742         059003.000060   059003.000464 P        0.0000  cm-1
95437.077    0.729      80847.742         059003.000114   059003.000413          0.6434  cm-1
95437.077    0.729      80847.742         059003.000070   059003.000375          0.0543  cm-1
95437.077    0.729      80847.742         059003.000093   059003.000407          0.1752  cm-1
95437.077    0.729      80847.742         059003.000165   059003.000515 P        0.0000  cm-1
95437.077    0.729      80847.742         059003.000165   059003.000516 P        0.0000  cm-1
95437.077    0.729      80847.742         059003.000091   059003.000406          0.1271  cm-1
95437.077    0.729      80847.742         059003.000046   059003.000349 P        0.0000  cm-1
95437.077    0.729      80847.742         059003.000166   059003.000517 P        0.0000  cm-1
95437.077    0.729      80847.742         059003.000038   059003.000551 P        0.0000  cm-1
95437.077    0.729      80847.742         059003.000083   059003.000392 P        0.0000  cm-1
95426.782    0.364      6466.727          059003.000085   059003.000482          0.9598  cm-1
95426.782    0.364      6466.727          059003.000049   059003.000352          0.0402  cm-1
95422.924    0.364      2424.869          059003.000064   059003.000369          1.0000  cm-1
95408.722    0.364      5656.706          059003.000086   059003.000483          1.0000  cm-1
95396.619    0.364      32317.589         059003.000050   059003.000353          1.0000  cm-1
95396.619    0.364      32317.589         059003.000036   059003.000547 P        0.0000  cm-1
95382.232    0.364      2423.243          059003.000053   059003.000458          1.0000  cm-1
95361.321    0.728      161493.585        059003.000037   059003.000549 P        0.0000  cm-1
95361.321    0.728      161493.585        059003.000059   059003.000362          1.0000  cm-1
95358.701    0.727      16148.656         059003.000040   059003.000347 P        0.0000  cm-1
95358.701    0.727      16148.656         059003.000081   059003.000477 P        0.0000  cm-1
95358.701    0.727      16148.656         059003.000053   059003.000358          0.0374  cm-1
95358.701    0.727      16148.656         059003.000064   059003.000367          0.9626  cm-1
95355.890    0.727      80739.512         059003.000050   059003.000352          1.0000  cm-1
95355.890    0.727      80739.512         059003.000075   059003.000382 P        0.0000  cm-1
95335.890    0.364      12106.897         059003.000114   059003.000412          1.0000  cm-1
95335.890    0.364      12106.897         059003.000097   059003.000489 P        0.0000  cm-1
95333.321    0.364      4035.459          059003.000051   059003.000561 P        0.0000  cm-1
95333.321    0.364      4035.459          059003.000088   059003.000401          1.0000  cm-1
95321.084    0.363      1613854.077       059003.000088   059003.000484 P        0.0000  cm-1
95321.084    0.363      1613854.077       059003.000071   059003.000376          1.0000  cm-1
95321.084    0.363      1613854.077       059003.000039   059003.000345 P        0.0000  cm-1
95308.183    0.363      16135.059         059003.000081   059003.000391          1.0000  cm-1
95308.183    0.363      16135.059         059003.000164   059003.000513 P        0.0000  cm-1
95287.480    0.726      80647.282         059003.000047   059003.000350          0.9207  cm-1
95287.480    0.726      80647.282         059003.000114   059003.000411          0.0793  cm-1
95233.009    0.363      16114.634         059003.000059   059003.000361 P        0.0000  cm-1
95233.009    0.363      16114.634         059003.000097   059003.000488          1.0000  cm-1
95233.009    0.363      16114.634         059003.000096   059003.000407 P        0.0000  cm-1
95228.395    0.363      56396.806         059003.000169   059003.000586 P        0.0000  cm-1
95228.395    0.363      56396.806         059003.000062   059003.000365          1.0000  cm-1
95208.804    0.363      80540.046         059003.000060   059003.000463 P        0.0000  cm-1
95208.804    0.363      80540.046         059003.000097   059003.000487          1.0000  cm-1
95198.820    0.363      16105.270         059003.000169   059003.000582 P        0.0000  cm-1
95198.820    0.363      16105.270         059003.000036   059003.000545 P        0.0000  cm-1
95198.820    0.363      16105.270         059003.000172   059003.000520          1.0000  cm-1
95184.177    0.362      2415.187          059003.000075   059003.000381          1.0000  cm-1
95178.996    0.362      5634.936          059003.000169   059003.000581 P        0.0000  cm-1
95178.996    0.362      5634.936          059003.000078   059003.000624          0.6039  cm-1
95178.996    0.362      5634.936          059003.000540   059003.000477          0.3961  cm-1
95178.996    0.362      5634.936          059003.000169   059003.000580 P        0.0000  cm-1
95168.303    0.362      804.844           059003.000093   059003.000406          1.0000  cm-1
95168.303    0.362      804.844           059003.000083   059003.000477 P        0.0000  cm-1
95158.229    0.724      8047.045          059003.000087   059003.000483 P        0.0000  cm-1
95158.229    0.724      8047.045          059003.000080   059003.000389          1.0000  cm-1
95151.005    0.362      4023.023          059003.000089   059003.000485          1.0000  cm-1
95139.078    0.362      8044.396          059003.000140   059003.000497 P        0.0000  cm-1
95139.078    0.362      8044.396          059003.000142   059003.000498 P        0.0000  cm-1
95139.078    0.362      8044.396          059003.000113   059003.000410 P        0.0000  cm-1
95139.078    0.362      8044.396          059003.000167   059003.000515          0.8786  cm-1
95139.078    0.362      8044.396          059003.000167   059003.000516          0.1214  cm-1
95119.173    0.362      16083.271         059003.000087   059003.000397          1.0000  cm-1
95119.173    0.362      16083.271         059003.000161   059003.000509 P        0.0000  cm-1
95116.086    0.362      4020.603          059003.000083   059003.000391          1.0000  cm-1
95109.200    0.362      24120.748         059003.000098   059003.000487          1.0000  cm-1
95096.092    0.362      160768.481        059003.000091   059003.000403 P        0.0000  cm-1
95096.092    0.362      160768.481        059003.000072   059003.000375          1.0000  cm-1
95096.092    0.362      160768.481        059003.000062   059003.000364 P        0.0000  cm-1
95081.231    0.362      32145.403         059003.000086   059003.000478          1.0000  cm-1
95081.231    0.362      32145.403         059003.000063   059003.000365 P        0.0000  cm-1
95075.818    0.362      160711.886        059003.000049   059003.000351 P        0.0000  cm-1
95075.818    0.362      160711.886        059003.000071   059003.000374          1.0000  cm-1
95070.500    0.362      4017.425          059003.000079   059003.000388          1.0000  cm-1
95063.428    0.361      24101.582         059003.000087   059003.000398 P        0.0000  cm-1
95063.428    0.361      24101.582         059003.000100   059003.000490          1.0000  cm-1
95063.428    0.361      24101.582         059003.000161   059003.000508 P        0.0000  cm-1
95063.428    0.361      24101.582         059003.000173   059003.000520 P        0.0000  cm-1
95045.010    0.723      4015.639          059003.000167   059003.000514          1.0000  cm-1
95038.792    0.723      4015.202          059003.000099   059003.000488          0.4969  cm-1
95038.792    0.723      4015.202          059003.000160   059003.000623          0.5031  cm-1
95033.381    0.361      2408.893          059003.000099   059003.000407          0.3354  cm-1
95033.381    0.361      2408.893          059003.000080   059003.000624          0.6646  cm-1
95015.827    0.361      2408.152          059003.000099   059003.000487 P        0.0000  cm-1
95015.827    0.361      2408.152          059003.000060   059003.000360          1.0000  cm-1
95015.827    0.361      2408.152          059003.000063   059003.000466 P        0.0000  cm-1
95005.482    0.361      80257.127         059003.000178   059003.000523 P        0.0000  cm-1
95005.482    0.361      80257.127         059003.000050   059003.000351          1.0000  cm-1
94999.884    0.361      802492.192        059003.000062   059003.000464 P        0.0000  cm-1
94999.884    0.361      802492.192        059003.000079   059003.000387          0.8900  cm-1
94999.884    0.361      802492.192        059003.000114   059003.000409          0.1100  cm-1
94999.884    0.361      802492.192        059003.000173   059003.000519 P        0.0000  cm-1
94983.427    0.361      32090.374         059003.000167   059003.000513          1.0000  cm-1
94979.394    0.722      80220.221         059003.000087   059003.000482          0.4979  cm-1
94979.394    0.722      80220.221         059003.000054   059003.000358          0.5021  cm-1
94979.394    0.722      80220.221         059003.000167   059003.000512 P        0.0000  cm-1
94964.882    0.361      80199.631         059003.000115   059003.000493          1.0000  cm-1
94964.882    0.361      80199.631         059003.000085   059003.000392 P        0.0000  cm-1
94964.882    0.361      80199.631         059003.000096   059003.000406 P        0.0000  cm-1
94957.296    0.361      801.889           059003.000160   059003.000503          1.0000  cm-1
94950.801    0.361      801.796           059003.000076   059003.000384 P        0.0000  cm-1
94950.801    0.361      801.796           059003.000052   059003.000561 P        0.0000  cm-1
94935.771    0.361      32063.280         059003.000097   059003.000486          0.3749  cm-1
94935.771    0.361      32063.280         059003.000115   059003.000411          0.6251  cm-1
94917.903    0.721      2403.981          059003.000082   059003.000389          0.9022  cm-1
94917.903    0.721      2403.981          059003.000064   059003.000364          0.0978  cm-1
94914.112    0.360      4807.636          059003.000141   059003.000416 P        0.0000  cm-1
94914.112    0.360      4807.636          059003.000066   059003.000372 P        0.0000  cm-1
94887.813    0.360      320358.289        059003.000091   059003.000400          1.0000  cm-1
94887.813    0.360      320358.289        059003.000141   059003.000415 P        0.0000  cm-1
94852.996    0.360      5602.762          059003.000063   059003.000464          1.0000  cm-1
94841.726    0.360      4001.159          059003.000078   059003.000475          0.6871  cm-1
94841.726    0.360      4001.159          059003.000049   059003.000349          0.3129  cm-1
94841.726    0.360      4001.159          059003.000079   059003.000476 P        0.0000  cm-1
94836.989    0.360      48009.801         059003.000098   059003.000486          1.0000  cm-1
94829.414    0.719      64004.300         059003.000124   059003.000567 P        0.0000  cm-1
94829.414    0.719      64004.300         059003.000093   059003.000403          1.0000  cm-1
94826.477    0.719      40000.561         059003.000101   059003.000491 P        0.0000  cm-1
94826.477    0.719      40000.561         059003.000088   059003.000396          0.2029  cm-1
94826.477    0.719      40000.561         059003.000054   059003.000357          0.7971  cm-1
94821.507    0.360      39996.961         059003.000076   059003.000382          1.0000  cm-1
94821.507    0.360      39996.961         059003.000142   059003.000497 P        0.0000  cm-1
94780.279    0.359      23980.199         059003.000112   059003.000492          1.0000  cm-1
94780.279    0.359      23980.199         059003.000075   059003.000469 P        0.0000  cm-1
94773.891    0.359      239774.047        059003.000062   059003.000463 P        0.0000  cm-1
94773.891    0.359      239774.047        059003.000082   059003.000388          1.0000  cm-1
94760.030    0.359      15980.888         059003.000120   059003.000496 P        0.0000  cm-1
94760.030    0.359      15980.888         059003.000088   059003.000482          1.0000  cm-1
94726.773    0.359      15971.143         059003.000080   059003.000386          1.0000  cm-1
94709.797    0.359      15966.151         059003.000102   059003.000490          1.0000  cm-1
94694.289    0.359      63846.324         059003.000079   059003.000385          1.0000  cm-1
94678.029    0.359      39891.947         059003.000066   059003.000367          0.3228  cm-1
94678.029    0.359      39891.947         059003.000102   059003.000489          0.6772  cm-1
94668.811    0.358      15954.052         059003.000164   059003.000507          1.0000  cm-1
94668.811    0.358      15954.052         059003.000095   059003.000485 P        0.0000  cm-1
94650.523    0.358      79743.153         059003.000078   059003.000384 P        0.0000  cm-1
94641.496    0.358      6378.380          059003.000076   059003.000472          1.0000  cm-1
94641.496    0.358      6378.380          059003.000067   059003.000368 P        0.0000  cm-1
94623.923    0.716      7970.361          059003.000099   059003.000405          0.9195  cm-1
94623.923    0.716      7970.361          059003.000096   059003.000403          0.0805  cm-1
94600.211    0.358      31867.295         059003.000091   059003.000399          1.0000  cm-1
94586.987    0.358      159296.920        059003.000161   059003.000504 P        0.0000  cm-1
94586.987    0.358      159296.920        059003.000166   059003.000425          0.9030  cm-1
94586.987    0.358      159296.920        059003.000040   059003.000345 P        0.0000  cm-1
94586.987    0.358      159296.920        059003.000080   059003.000474          0.0970  cm-1
94586.987    0.358      159296.920        059003.000069   059003.000468 P        0.0000  cm-1
94579.623    0.358      318549.725        059003.000165   059003.000506 P        0.0000  cm-1
94579.623    0.358      318549.725        059003.000062   059003.000360          1.0000  cm-1
94566.590    0.715      15923.577         059003.000098   059003.000404          0.9427  cm-1
94566.590    0.715      15923.577         059003.000067   059003.000366          0.0573  cm-1
94563.523    0.715      7961.328          059003.000078   059003.000473          1.0000  cm-1
94542.894    0.358      79582.263         059003.000039   059003.000550 P        0.0000  cm-1
94542.894    0.358      79582.263         059003.000082   059003.000476          0.7712  cm-1
94542.894    0.358      79582.263         059003.000089   059003.000398          0.2288  cm-1
94542.894    0.358      79582.263         059003.000167   059003.000509 P        0.0000  cm-1
94537.327    0.357      79573.877         059003.000123   059003.000496          0.6631  cm-1
94537.327    0.357      79573.877         059003.000095   059003.000484          0.3369  cm-1
94528.218    0.715      7956.014          059003.000064   059003.000361          1.0000  cm-1
94526.614    0.715      3977.886          059003.000104   059003.000489          1.0000  cm-1
94516.372    0.357      15908.451         059003.000087   059003.000392          0.0435  cm-1
94516.372    0.357      15908.451         059003.000105   059003.000489          0.9565  cm-1
94504.578    0.357      3180.977          059003.000080   059003.000384          1.0000  cm-1
94486.889    0.357      2384.928          059003.000167   059003.000508          0.3659  cm-1
94486.889    0.357      2384.928          059003.000172   059003.000517          0.2848  cm-1
94486.889    0.357      2384.928          059003.000082   059003.000386          0.3492  cm-1
94486.889    0.357      2384.928          059003.000174   059003.000582 P        0.0000  cm-1
94472.410    0.357      79475.625         059003.000099   059003.000404 P        0.0000  cm-1
94472.410    0.357      79475.625         059003.000070   059003.000372 P        0.0000  cm-1
94472.410    0.357      79475.625         059003.000098   059003.000402          0.6040  cm-1
94472.410    0.357      79475.625         059003.000069   059003.000370          0.3960  cm-1
94449.305    0.357      47664.269         059003.000098   059003.000485          0.1150  cm-1
94449.305    0.357      47664.269         059003.000086   059003.000391 P        0.0000  cm-1
94449.305    0.357      47664.269         059003.000164   059003.000505          0.8850  cm-1
94433.324    0.357      7941.606          059003.000079   059003.000383          1.0000  cm-1
94426.769    0.357      47643.621         059003.000161   059003.000503 P        0.0000  cm-1
94426.769    0.357      47643.621         059003.000099   059003.000403          1.0000  cm-1
94414.705    0.357      158775.139        059003.000096   059003.000400          0.4870  cm-1
94414.705    0.357      158775.139        059003.000105   059003.000488          0.5130  cm-1
94406.411    0.713      79374.857         059003.000166   059003.000422          0.2346  cm-1
94406.411    0.713      79374.857         059003.000054   059003.000353          0.7654  cm-1
94403.676    0.713      317482.650        059003.000114   059003.000408          0.7785  cm-1
94403.676    0.713      317482.650        059003.000064   059003.000360          0.2215  cm-1
94403.676    0.713      317482.650        059003.000104   059003.000487 P        0.0000  cm-1
94392.179    0.356      39676.506         059003.000144   059003.000499 P        0.0000  cm-1
94392.179    0.356      39676.506         059003.000540   059003.000475          1.0000  cm-1
94392.179    0.356      39676.506         059003.000039   059003.000548 P        0.0000  cm-1
94392.179    0.356      39676.506         059003.000105   059003.000487 P        0.0000  cm-1
94376.397    0.713      79328.739         059003.000083   059003.000475 P        0.0000  cm-1
94376.397    0.713      79328.739         059003.000164   059003.000424          1.0000  cm-1
94376.397    0.713      79328.739         059003.000080   059003.000382 P        0.0000  cm-1
94372.486    0.712      79322.717         059003.000085   059003.000389          1.0000  cm-1
94365.091    0.356      7931.132          059003.000060   059003.000359          0.1295  cm-1
94365.091    0.356      7931.132          059003.000166   059003.000505          0.8705  cm-1
94355.482    0.356      15859.299         059003.000069   059003.000369          1.0000  cm-1
94346.205    0.356      7928.216          059003.000082   059003.000474          0.1171  cm-1
94346.205    0.356      7928.216          059003.000167   059003.000507          0.8829  cm-1
94332.783    0.356      15852.280         059003.000093   059003.000399          1.0000  cm-1
94317.388    0.356      23771.261         059003.000098   059003.000484          1.0000  cm-1
94296.394    0.356      7920.492          059003.000088   059003.000392          1.0000  cm-1
94291.030    0.356      158393.137        059003.000173   059003.000515 P        0.0000  cm-1
94291.030    0.356      158393.137        059003.000173   059003.000516 P        0.0000  cm-1
94291.030    0.356      158393.137        059003.000166   059003.000424 P        0.0000  cm-1
94291.030    0.356      158393.137        059003.000069   059003.000367          1.0000  cm-1
94274.324    0.356      15834.106         059003.000055   059003.000561 P        0.0000  cm-1
94274.324    0.356      15834.106         059003.000172   059003.000513          0.1216  cm-1
94274.324    0.356      15834.106         059003.000119   059003.000493          0.8784  cm-1
94263.406    0.355      79153.483         059003.000163   059003.000623          1.0000  cm-1
94251.316    0.355      79134.576         059003.000081   059003.000382          1.0000  cm-1
94246.187    0.711      3956.327          059003.000085   059003.000624          0.0220  cm-1
94246.187    0.711      3956.327          059003.000100   059003.000485          0.9780  cm-1
94244.306    0.711      3956.180          059003.000119   059003.000411          1.0000  cm-1
94240.027    0.710      23735.069         059003.000038   059003.000544 P        0.0000  cm-1
94240.027    0.710      23735.069         059003.000070   059003.000367          1.0000  cm-1
94236.310    0.710      23733.321         059003.000099   059003.000401          1.0000  cm-1
94236.310    0.710      23733.321         059003.000067   059003.000466 P        0.0000  cm-1
94221.588    0.355      158175.924        059003.000091   059003.000481 P        0.0000  cm-1
94221.588    0.355      158175.924        059003.000057   059003.000356          1.0000  cm-1
94204.614    0.355      3953.063          059003.000080   059003.000381          1.0000  cm-1
94197.515    0.355      395250.414        059003.000087   059003.000391 P        0.0000  cm-1
94197.515    0.355      395250.414        059003.000173   059003.000514 P        0.0000  cm-1
94197.515    0.355      395250.414        059003.000053   059003.000350          1.0000  cm-1
94189.005    0.355      7903.666          059003.000083   059003.000384          1.0000  cm-1
94177.019    0.355      3160.710          059003.000084   059003.000385          1.0000  cm-1
94170.016    0.709      15801.334         059003.000079   059003.000379          1.0000  cm-1
94170.016    0.709      15801.334         059003.000067   059003.000364 P        0.0000  cm-1
94164.186    0.355      31598.978         059003.000079   059003.000378          1.0000  cm-1
94164.186    0.355      31598.978         059003.000118   059003.000566 P        0.0000  cm-1
94153.520    0.355      63184.442         059003.000072   059003.000467          0.1163  cm-1
94153.520    0.355      63184.442         059003.000095   059003.000483          0.8837  cm-1
94153.520    0.355      63184.442         059003.000120   059003.000413 P        0.0000  cm-1
94130.403    0.709      39471.930         059003.000093   059003.000396          0.1148  cm-1
94130.403    0.709      39471.930         059003.000173   059003.000512 P        0.0000  cm-1
94130.403    0.709      39471.930         059003.000121   059003.000495          0.8852  cm-1
94127.208    0.709      39469.391         059003.000121   059003.000494          0.1820  cm-1
94127.208    0.709      39469.391         059003.000104   059003.000486          0.3669  cm-1
94127.208    0.709      39469.391         059003.000096   059003.000399          0.1955  cm-1
94127.208    0.709      39469.391         059003.000080   059003.000380          0.2557  cm-1
94127.208    0.709      39469.391         059003.000084   059003.000474 P        0.0000  cm-1
94102.314    0.354      78899.131         059003.000066   059003.000363          1.0000  cm-1
94102.314    0.354      78899.131         059003.000060   059003.000459 P        0.0000  cm-1
94089.399    0.354      3943.926          059003.000106   059003.000407 P        0.0000  cm-1
94089.399    0.354      3943.926          059003.000145   059003.000499 P        0.0000  cm-1
94081.230    0.354      7886.545          059003.000164   059003.000502          1.0000  cm-1
94081.230    0.354      7886.545          059003.000107   059003.000565 P        0.0000  cm-1
94081.230    0.354      7886.545          059003.000072   059003.000370 P        0.0000  cm-1
94064.186    0.354      39419.078         059003.000093   059003.000482 P        0.0000  cm-1
94064.186    0.354      39419.078         059003.000175   059003.000516          1.0000  cm-1
94058.974    0.354      55180.860         059003.000095   059003.000398          0.0633  cm-1
94058.974    0.354      55180.860         059003.000083   059003.000382          0.9367  cm-1
94050.809    0.354      78816.695         059003.000120   059003.000412          0.9369  cm-1
94050.809    0.354      78816.695         059003.000086   059003.000624          0.0631  cm-1
94041.373    0.354      15760.307         059003.000073   059003.000373          1.0000  cm-1
94015.613    0.354      15752.011         059003.000143   059003.000414          1.0000  cm-1
94007.402    0.353      7874.680          059003.000095   059003.000395          1.0000  cm-1
93997.504    0.707      47238.487         059003.000105   059003.000405          0.0365  cm-1
93997.504    0.707      47238.487         059003.000166   059003.000502          0.9261  cm-1
93997.504    0.707      47238.487         059003.000057   059003.000354          0.0374  cm-1
93997.504    0.707      47238.487         059003.000097   059003.000397 P        0.0000  cm-1
93975.974    0.707      3934.798          059003.000123   059003.000494          0.8452  cm-1
93975.974    0.707      3934.798          059003.000066   059003.000362          0.1548  cm-1
93975.974    0.707      3934.798          059003.000101   059003.000402 P        0.0000  cm-1
93973.726    0.706      7869.231          059003.000145   059003.000498 P        0.0000  cm-1
93959.423    0.353      39334.551         059003.000121   059003.000493          0.4579  cm-1
93959.423    0.353      39334.551         059003.000144   059003.000497          0.5421  cm-1
93950.514    0.353      78654.624         059003.000101   059003.000485          0.6049  cm-1
93950.514    0.353      78654.624         059003.000164   059003.000501          0.3951  cm-1
93940.903    0.353      31455.594         059003.000093   059003.000480 P        0.0000  cm-1
93940.903    0.353      31455.594         059003.000097   059003.000398          0.8622  cm-1
93940.903    0.353      31455.594         059003.000085   059003.000386          0.1378  cm-1
93933.309    0.353      78626.616         059003.000098   059003.000483 P        0.0000  cm-1
93933.309    0.353      78626.616         059003.000167   059003.000623 P        0.0000  cm-1
93933.309    0.353      78626.616         059003.000144   059003.000417          1.0000  cm-1
93928.480    0.706      15723.749         059003.000062   059003.000359 P        0.0000  cm-1
93928.480    0.706      15723.749         059003.000123   059003.000413          1.0000  cm-1
93928.480    0.706      15723.749         059003.000096   059003.000396 P        0.0000  cm-1
93928.480    0.706      15723.749         059003.000087   059003.000389 P        0.0000  cm-1
93914.795    0.353      39298.204         059003.000102   059003.000402          1.0000  cm-1
93907.813    0.353      7858.500          059003.000177   059003.000520 P        0.0000  cm-1
93907.813    0.353      7858.500          059003.000073   059003.000370          1.0000  cm-1
93899.283    0.353      31428.419         059003.000072   059003.000367          1.0000  cm-1
93885.417    0.353      15709.667         059003.000082   059003.000380          1.0000  cm-1
93876.982    0.353      1570.690          059003.000083   059003.000472 P        0.0000  cm-1
93867.522    0.352      31407.586         059003.000082   059003.000378          1.0000  cm-1
93867.522    0.352      31407.586         059003.000166   059003.000501 P        0.0000  cm-1
93855.813    0.352      15699.942         059003.000104   059003.000404 P        0.0000  cm-1
93855.813    0.352      15699.942         059003.000097   059003.000482          1.0000  cm-1
93855.813    0.352      15699.942         059003.000079   059003.000469 P        0.0000  cm-1
93850.521    0.352      62792.802         059003.000167   059003.000503 P        0.0000  cm-1
93850.521    0.352      62792.802         059003.000070   059003.000465 P        0.0000  cm-1
93850.521    0.352      62792.802         059003.000108   059003.000488          0.8402  cm-1
93850.521    0.352      62792.802         059003.000069   059003.000364          0.1598  cm-1
93845.087    0.352      7848.205          059003.000108   059003.000407          1.0000  cm-1
93845.087    0.352      7848.205          059003.000177   059003.000519 P        0.0000  cm-1
93841.624    0.352      7847.635          059003.000098   059003.000398          1.0000  cm-1
93827.015    0.352      23535.673         059003.000108   059003.000487          1.0000  cm-1
93805.622    0.352      392084.359        059003.000093   059003.000393          1.0000  cm-1
93805.622    0.352      392084.359        059003.000039   059003.000341 P        0.0000  cm-1
93800.799    0.704      15681.777         059003.000099   059003.000397          0.1126  cm-1
93800.799    0.704      15681.777         059003.000085   059003.000474          0.7506  cm-1
93800.799    0.704      15681.777         059003.000059   059003.000356 P        0.0000  cm-1
93800.799    0.704      15681.777         059003.000087   059003.000624          0.1369  cm-1
93789.006    0.352      15677.867         059003.000082   059003.000377          0.5235  cm-1
93789.006    0.352      15677.867         059003.000098   059003.000395          0.4765  cm-1
93778.289    0.352      78371.543         059003.000172   059003.000508          0.3226  cm-1
93778.289    0.352      78371.543         059003.000123   059003.000411          0.6774  cm-1
93767.716    0.352      2350.619          059003.000057   059003.000352          1.0000  cm-1
93767.716    0.352      2350.619          059003.000179   059003.000535 P        0.0000  cm-1
93762.896    0.352      1566.919          059003.000104   059003.000402          1.0000  cm-1
93758.498    0.352      15667.726         059003.000073   059003.000368          1.0000  cm-1
93758.498    0.352      15667.726         059003.000036   059003.000334 P        0.0000  cm-1
93729.827    0.351      156581.604        059003.000099   059003.000396          1.0000  cm-1
93729.827    0.351      156581.604        059003.000096   059003.000479 P        0.0000  cm-1
93720.707    0.351      7827.555          059003.000163   059003.000500          1.0000  cm-1
93720.707    0.351      7827.555          059003.000085   059003.000384 P        0.0000  cm-1
93714.722    0.351      15653.108         059003.000060   059003.000357 P        0.0000  cm-1
93714.722    0.351      15653.108         059003.000120   059003.000409          1.0000  cm-1
93714.722    0.351      15653.108         059003.000086   059003.000475 P        0.0000  cm-1
93706.026    0.351      7825.097          059003.000088   059003.000389          1.0000  cm-1
93684.193    0.351      31285.734         059003.000073   059003.000366          1.0000  cm-1
93676.573    0.351      39100.762         059003.000089   059003.000391          1.0000  cm-1
93676.573    0.351      39100.762         059003.000096   059003.000394 P        0.0000  cm-1
93652.322    0.351      15632.136         059003.000145   059003.000497 P        0.0000  cm-1
93652.322    0.351      15632.136         059003.000084   059003.000379          1.0000  cm-1
93646.293    0.702      7815.050          059003.000084   059003.000378 P        0.0000  cm-1
93646.293    0.702      7815.050          059003.000171   059003.000425          1.0000  cm-1
93640.828    0.701      3907.064          059003.000173   059003.000508          0.8129  cm-1
93640.828    0.701      3907.064          059003.000082   059003.000470          0.1871  cm-1
93637.324    0.351      234406.074        059003.000172   059003.000507          1.0000  cm-1
93631.718    0.351      7812.588          059003.000058   059003.000561 P        0.0000  cm-1
93609.296    0.351      1561.758          059003.000105   059003.000401          1.0000  cm-1
93609.296    0.351      1561.758          059003.000104   059003.000484 P        0.0000  cm-1
93598.181    0.350      156138.115        059003.000105   059003.000484          1.0000  cm-1
93576.797    0.350      62426.165         059003.000111   059003.000489 P        0.0000  cm-1
93576.797    0.350      62426.165         059003.000119   059003.000492 P        0.0000  cm-1
93576.797    0.350      62426.165         059003.000059   059003.000354 P        0.0000  cm-1
93576.797    0.350      62426.165         059003.000172   059003.000506 P        0.0000  cm-1
93566.293    0.700      7801.482          059003.000084   059003.000377 P        0.0000  cm-1
93561.113    0.700      3900.299          059003.000088   059003.000388          0.2724  cm-1
93561.113    0.700      3900.299          059003.000063   059003.000460          0.7276  cm-1
93558.313    0.700      390006.045        059003.000082   059003.000469 P        0.0000  cm-1
93558.313    0.700      390006.045        059003.000079   059003.000375          1.0000  cm-1
93535.911    0.350      15592.589         059003.000070   059003.000362          1.0000  cm-1
93522.192    0.350      3896.973          059003.000086   059003.000384          1.0000  cm-1
93511.695    0.350      46752.879         059003.000095   059003.000392          1.0000  cm-1
93511.695    0.350      46752.879         059003.000072   059003.000465 P        0.0000  cm-1
93499.893    0.350      779.012           059003.000173   059003.000507          1.0000  cm-1
93490.984    0.350      77885.894         059003.000123   059003.000409          1.0000  cm-1
93483.289    0.350      31149.063         059003.000106   059003.000403          1.0000  cm-1
93478.207    0.350      15572.781         059003.000099   059003.000394          1.0000  cm-1
93468.322    0.349      389234.371        059003.000171   059003.000422          1.0000  cm-1
93436.479    0.349      77791.868         059003.000173   059003.000506          0.5549  cm-1
93436.479    0.349      77791.868         059003.000101   059003.000483          0.4451  cm-1
93436.479    0.349      77791.868         059003.000108   059003.000405 P        0.0000  cm-1
93436.479    0.349      77791.868         059003.000086   059003.000473 P        0.0000  cm-1
93428.603    0.349      7777.823          059003.000146   059003.000417          1.0000  cm-1
93417.698    0.349      46655.598         059003.000073   059003.000365 P        0.0000  cm-1
93417.698    0.349      46655.598         059003.000085   059003.000381 P        0.0000  cm-1
93417.698    0.349      46655.598         059003.000057   059003.000351          0.0406  cm-1
93417.698    0.349      46655.598         059003.000172   059003.000505          0.9594  cm-1
93417.698    0.349      46655.598         059003.000149   059003.000498 P        0.0000  cm-1
93409.589    0.349      62196.207         059003.000043   059003.000346 P        0.0000  cm-1
93409.589    0.349      62196.207         059003.000070   059003.000361          1.0000  cm-1
93409.589    0.349      62196.207         059003.000085   059003.000472 P        0.0000  cm-1
93404.091    0.349      5441.500          059003.000100   059003.000478          1.0000  cm-1
93392.490    0.349      2331.466          059003.000097   059003.000392          1.0000  cm-1
93392.490    0.349      2331.466          059003.000167   059003.000500 P        0.0000  cm-1
93352.109    0.349      77645.134         059003.000087   059003.000474 P        0.0000  cm-1
93352.109    0.349      77645.134         059003.000073   059003.000466 P        0.0000  cm-1
93352.109    0.349      77645.134         059003.000171   059003.000424          1.0000  cm-1
93341.584    0.349      38813.364         059003.000101   059003.000398          0.4744  cm-1
93341.584    0.349      38813.364         059003.000147   059003.000497          0.5256  cm-1
93341.584    0.349      38813.364         059003.000085   059003.000380 P        0.0000  cm-1
93333.903    0.348      232839.844        059003.000043   059003.000555 P        0.0000  cm-1
93333.903    0.348      232839.844        059003.000069   059003.000360          1.0000  cm-1
93328.225    0.348      77603.333         059003.000146   059003.000415          1.0000  cm-1
93295.318    0.348      155091.099        059003.000060   059003.000353          1.0000  cm-1
93286.381    0.348      7752.982          059003.000073   059003.000364          1.0000  cm-1
93286.381    0.348      7752.982          059003.000108   059003.000404 P        0.0000  cm-1
93282.799    0.348      77523.511         059003.000102   059003.000398 P        0.0000  cm-1
93282.799    0.348      77523.511         059003.000070   059003.000360 P        0.0000  cm-1
93282.799    0.348      77523.511         059003.000063   059003.000358          1.0000  cm-1
93282.799    0.348      77523.511         059003.000106   059003.000484 P        0.0000  cm-1
93276.982    0.696      7751.326          059003.000062   059003.000357 P        0.0000  cm-1
93276.982    0.696      7751.326          059003.000148   059003.000418          0.0271  cm-1
93276.982    0.696      7751.326          059003.000089   059003.000624          0.8758  cm-1
93276.982    0.696      7751.326          059003.000064   059003.000458 P        0.0000  cm-1
93276.982    0.696      7751.326          059003.000035   059003.000329          0.0971  cm-1
93274.191    0.696      38754.169         059003.000088   059003.000386          0.7751  cm-1
93274.191    0.696      38754.169         059003.000087   059003.000384          0.2249  cm-1
93262.979    0.348      6199.084          059003.000121   059003.000492          1.0000  cm-1
93253.818    0.348      15494.473         059003.000060   059003.000352          1.0000  cm-1
93246.608    0.348      3872.981          059003.000071   059003.000362          1.0000  cm-1
93243.028    0.348      15490.656         059003.000095   059003.000477 P        0.0000  cm-1
93243.028    0.348      15490.656         059003.000085   059003.000377          1.0000  cm-1
93237.584    0.348      77443.642         059003.000108   059003.000403          1.0000  cm-1
93231.400    0.348      23229.806         059003.000102   059003.000395          1.0000  cm-1
93185.701    0.347      154702.971        059003.000104   059003.000397          0.5175  cm-1
93185.701    0.347      154702.971        059003.000088   059003.000385          0.4825  cm-1
93169.901    0.347      2319.699          059003.000036   059003.000329          1.0000  cm-1
93167.113    0.347      15463.667         059003.000173   059003.000504          1.0000  cm-1
93139.282    0.347      77268.571         059003.000177   059003.000515          0.8053  cm-1
93139.282    0.347      77268.571         059003.000177   059003.000516          0.1947  cm-1
93139.282    0.347      77268.571         059003.000040   059003.000342 P        0.0000  cm-1
93118.430    0.347      154462.366        059003.000120   059003.000408          1.0000  cm-1
93095.027    0.347      3859.456          059003.000149   059003.000497 P        0.0000  cm-1
93095.027    0.347      3859.456          059003.000085   059003.000470          1.0000  cm-1
93079.287    0.347      5401.253          059003.000104   059003.000395          1.0000  cm-1
93068.797    0.346      3857.092          059003.000149   059003.000417 P        0.0000  cm-1
93068.797    0.346      3857.092          059003.000072   059003.000361          1.0000  cm-1
93065.225    0.346      77135.385         059003.000076   059003.000373          0.7444  cm-1
93065.225    0.346      77135.385         059003.000074   059003.000466          0.2556  cm-1
93065.225    0.346      77135.385         059003.000091   059003.000387 P        0.0000  cm-1
93058.770    0.346      5398.661          059003.000111   059003.000405          1.0000  cm-1
93058.770    0.346      5398.661          059003.000171   059003.000502 P        0.0000  cm-1
93051.904    0.346      30844.524         059003.000112   059003.000489          1.0000  cm-1
93051.904    0.346      30844.524         059003.000102   059003.000478 P        0.0000  cm-1
93046.984    0.346      3855.120          059003.000108   059003.000401          1.0000  cm-1
93035.803    0.346      77082.163         059003.000105   059003.000482 P        0.0000  cm-1
93035.803    0.346      77082.163         059003.000037   059003.000334 P        0.0000  cm-1
93035.803    0.346      77082.163         059003.000044   059003.000555 P        0.0000  cm-1
93035.803    0.346      77082.163         059003.000108   059003.000484          1.0000  cm-1
93035.803    0.346      77082.163         059003.000181   059003.000536 P        0.0000  cm-1
93010.521    0.346      770.363           059003.000093   059003.000389          1.0000  cm-1
92984.503    0.346      769.889           059003.000125   059003.000411 P        0.0000  cm-1
92977.225    0.692      7697.568          059003.000177   059003.000512          1.0000  cm-1
92974.394    0.692      38485.258         059003.000075   059003.000365 P        0.0000  cm-1
92974.394    0.692      38485.258         059003.000076   059003.000371          1.0000  cm-1
92972.586    0.692      7696.722          059003.000098   059003.000391 P        0.0000  cm-1
92972.586    0.692      7696.722          059003.000087   059003.000381          1.0000  cm-1
92962.110    0.346      1538.962          059003.000087   059003.000472          1.0000  cm-1
92940.184    0.346      76907.986         059003.000089   059003.000475 P        0.0000  cm-1
92924.984    0.345      3844.006          059003.000112   059003.000487          0.3839  cm-1
92924.984    0.345      3844.006          059003.000171   059003.000501          0.6161  cm-1
92908.723    0.345      23055.082         059003.000111   059003.000404          1.0000  cm-1
92868.611    0.345      7677.640          059003.000051   059003.000560 P        0.0000  cm-1
92868.611    0.345      7677.640          059003.000064   059003.000354          1.0000  cm-1
92868.611    0.345      7677.640          059003.000093   059003.000388 P        0.0000  cm-1
92858.977    0.690      30703.444         059003.000126   059003.000494 P        0.0000  cm-1
92858.977    0.690      30703.444         059003.000175   059003.000623          0.0473  cm-1
92858.977    0.690      30703.444         059003.000106   059003.000397          0.0339  cm-1
92858.977    0.690      30703.444         059003.000062   059003.000353          0.9188  cm-1
92858.977    0.690      30703.444         059003.000043   059003.000344 P        0.0000  cm-1
92817.594    0.345      15336.395         059003.000062   059003.000352          1.0000  cm-1
92811.626    0.345      7667.089          059003.000126   059003.000413          1.0000  cm-1
92801.306    0.344      22995.515         059003.000097   059003.000389          1.0000  cm-1
92796.818    0.344      1532.867          059003.000035   059003.000327          0.1676  cm-1
92796.818    0.344      1532.867          059003.000087   059003.000377          0.8324  cm-1
92786.592    0.344      3064.973          059003.000106   059003.000396          1.0000  cm-1
92783.124    0.344      30647.151         059003.000114   059003.000407          0.6123  cm-1
92783.124    0.344      30647.151         059003.000076   059003.000368          0.3877  cm-1
92777.201    0.344      766.068           059003.000175   059003.000503          1.0000  cm-1
92777.201    0.344      766.068           059003.000043   059003.000343 P        0.0000  cm-1
92766.793    0.344      1531.749          059003.000150   059003.000418          1.0000  cm-1
92766.793    0.344      1531.749          059003.000078   059003.000373 P        0.0000  cm-1
92719.998    0.344      1529.997          059003.000106   059003.000482          1.0000  cm-1
92706.593    0.344      764.747           059003.000076   059003.000366 P        0.0000  cm-1
92706.593    0.344      764.747           059003.000060   059003.000350          1.0000  cm-1
92677.294    0.344      7641.958          059003.000150   059003.000497 P        0.0000  cm-1
92677.294    0.344      7641.958          059003.000097   059003.000624 P        0.0000  cm-1
92673.414    0.687      38206.136         059003.000078   059003.000371 P        0.0000  cm-1
92673.414    0.687      38206.136         059003.000088   059003.000380          1.0000  cm-1
92671.704    0.687      38204.524         059003.000111   059003.000401          1.0000  cm-1
92671.704    0.687      38204.524         059003.000060   059003.000349 P        0.0000  cm-1
92660.893    0.343      763.887           059003.000126   059003.000411          0.6297  cm-1
92660.893    0.343      763.887           059003.000096   059003.000388          0.0464  cm-1
92660.893    0.343      763.887           059003.000089   059003.000473          0.3239  cm-1
92660.893    0.343      763.887           059003.000111   059003.000484 P        0.0000  cm-1
92655.396    0.343      45826.963         059003.000088   059003.000378          1.0000  cm-1
92655.396    0.343      45826.963         059003.000112   059003.000486 P        0.0000  cm-1
92639.599    0.343      76348.410         059003.000064   059003.000352          1.0000  cm-1
92639.599    0.343      76348.410         059003.000181   059003.000535 P        0.0000  cm-1
92618.495    0.343      7630.844          059003.000080   059003.000373          1.0000  cm-1
92616.002    0.343      7630.371          059003.000079   059003.000467 P        0.0000  cm-1
92616.002    0.343      7630.371          059003.000152   059003.000497          1.0000  cm-1
92599.380    0.343      7627.215          059003.000080   059003.000468          1.0000  cm-1
92597.121    0.343      2288.036          059003.000106   059003.000480          1.0000  cm-1
92590.979    0.343      1525.124          059003.000096   059003.000387          1.0000  cm-1
92583.179    0.343      15248.269         059003.000035   059003.000326 P        0.0000  cm-1
92583.179    0.343      15248.269         059003.000104   059003.000392          1.0000  cm-1
92576.579    0.343      38114.388         059003.000088   059003.000377          0.8521  cm-1
92576.579    0.343      38114.388         059003.000098   059003.000624          0.1479  cm-1
92553.275    0.343      228553.010        059003.000151   059003.000416          1.0000  cm-1
92553.275    0.343      228553.010        059003.000150   059003.000415 P        0.0000  cm-1
92545.203    0.343      1523.378          059003.000173   059003.000500          1.0000  cm-1
92524.308    0.342      4567.737          059003.000040   059003.000338          0.1141  cm-1
92524.308    0.342      4567.737          059003.000151   059003.000415          0.8859  cm-1
92515.681    0.342      76112.413         059003.000114   059003.000406          1.0000  cm-1
92488.983    0.342      3803.058          059003.000095   059003.000386          1.0000  cm-1
92488.983    0.342      3803.058          059003.000177   059003.000508 P        0.0000  cm-1
92485.387    0.342      3802.712          059003.000080   059003.000370          1.0000  cm-1
92476.490    0.342      15207.426         059003.000044   059003.000343 P        0.0000  cm-1
92476.490    0.342      15207.426         059003.000101   059003.000391          1.0000  cm-1
92476.490    0.342      15207.426         059003.000037   059003.000330 P        0.0000  cm-1
92457.825    0.342      2280.035          059003.000095   059003.000475          1.0000  cm-1
92443.125    0.342      7597.280          059003.000076   059003.000365          1.0000  cm-1
92437.917    0.342      2278.882          059003.000093   059003.000474 P        0.0000  cm-1
92437.917    0.342      2278.882          059003.000115   059003.000488          1.0000  cm-1
92417.599    0.342      7592.343          059003.000043   059003.000550 P        0.0000  cm-1
92417.599    0.342      7592.343          059003.000102   059003.000391          1.0000  cm-1
92413.682    0.342      15183.168         059003.000115   059003.000487          0.9654  cm-1
92413.682    0.342      15183.168         059003.000066   059003.000356          0.0346  cm-1
92383.427    0.341      6068.570          059003.000112   059003.000404          1.0000  cm-1
92361.369    0.341      37907.105         059003.000079   059003.000367          1.0000  cm-1
92361.369    0.341      37907.105         059003.000082   059003.000468 P        0.0000  cm-1
92351.107    0.341      6063.537          059003.000067   059003.000357 P        0.0000  cm-1
92351.107    0.341      6063.537          059003.000108   059003.000480          0.8508  cm-1
92351.107    0.341      6063.537          059003.000152   059003.000414          0.1492  cm-1
92346.229    0.341      30313.878         059003.000088   059003.000469 P        0.0000  cm-1
92346.229    0.341      30313.878         059003.000178   059003.000425          1.0000  cm-1
92336.011    0.341      7576.475          059003.000043   059003.000549 P        0.0000  cm-1
92336.011    0.341      7576.475          059003.000080   059003.000368          1.0000  cm-1
92311.806    0.341      757.174           059003.000130   059003.000494 P        0.0000  cm-1
92306.425    0.341      15141.375         059003.000131   059003.000496          1.0000  cm-1
92302.605    0.341      7569.939          059003.000083   059003.000373          1.0000  cm-1
92289.403    0.681      3783.675          059003.000072   059003.000359 P        0.0000  cm-1
92289.403    0.681      3783.675          059003.000064   059003.000351          0.6804  cm-1
92289.403    0.681      3783.675          059003.000112   059003.000402          0.1927  cm-1
92289.403    0.681      3783.675          059003.000108   059003.000394          0.1269  cm-1
92276.709    0.341      1512.971          059003.000111   059003.000483          1.0000  cm-1
92272.434    0.341      15128.034         059003.000153   059003.000499          1.0000  cm-1
92266.682    0.681      7562.886          059003.000098   059003.000386 P        0.0000  cm-1
92266.682    0.681      7562.886          059003.000062   059003.000350 P        0.0000  cm-1
92266.682    0.681      7562.886          059003.000129   059003.000413 P        0.0000  cm-1
92266.682    0.681      7562.886          059003.000095   059003.000384          0.6337  cm-1
92266.682    0.681      7562.886          059003.000112   059003.000485          0.1495  cm-1
92266.682    0.681      7562.886          059003.000043   059003.000548 P        0.0000  cm-1
92266.682    0.681      7562.886          059003.000104   059003.000391          0.2168  cm-1
92261.486    0.340      30247.455         059003.000080   059003.000366          1.0000  cm-1
92261.486    0.340      30247.455         059003.000155   059003.000499 P        0.0000  cm-1
92256.382    0.681      15121.718         059003.000106   059003.000392          0.6861  cm-1
92256.382    0.681      15121.718         059003.000105   059003.000391          0.3139  cm-1
92244.889    0.340      755.859           059003.000082   059003.000370          1.0000  cm-1
92237.579    0.340      15114.306         059003.000098   059003.000475 P        0.0000  cm-1
92237.579    0.340      15114.306         059003.000111   059003.000397          1.0000  cm-1
92233.580    0.340      5289.455          059003.000099   059003.000476          0.2472  cm-1
92233.580    0.340      5289.455          059003.000091   059003.000379          0.7528  cm-1
92233.580    0.340      5289.455          059003.000062   059003.000349 P        0.0000  cm-1
92228.618    0.680      6044.307          059003.000097   059003.000474          0.4137  cm-1
92228.618    0.680      6044.307          059003.000091   059003.000378          0.5863  cm-1
92215.428    0.340      377638.904        059003.000076   059003.000464 P        0.0000  cm-1
92215.428    0.340      377638.904        059003.000178   059003.000423          1.0000  cm-1
92176.693    0.680      7545.104          059003.000099   059003.000386          0.6867  cm-1
92176.693    0.680      7545.104          059003.000114   059003.000403          0.3133  cm-1
92167.922    0.340      11315.043         059003.000129   059003.000412          1.0000  cm-1
92167.922    0.340      11315.043         059003.000178   059003.000422 P        0.0000  cm-1
92145.832    0.340      7538.969          059003.000130   059003.000493          1.0000  cm-1
92141.880    0.340      1507.636          059003.000115   059003.000486          1.0000  cm-1
92133.618    0.340      753.653           059003.000039   059003.000334          0.3047  cm-1
92133.618    0.340      753.653           059003.000112   059003.000484          0.6953  cm-1
92128.978    0.340      753.561           059003.000082   059003.000369          1.0000  cm-1
92120.808    0.339      15067.959         059003.000063   059003.000350 P        0.0000  cm-1
92120.808    0.339      15067.959         059003.000073   059003.000359          1.0000  cm-1
92095.610    0.339      15057.886         059003.000082   059003.000368          1.0000  cm-1
92088.223    0.339      30109.856         059003.000099   059003.000385          1.0000  cm-1
92057.298    0.339      1504.252          059003.000093   059003.000381          1.0000  cm-1
92053.813    0.339      2256.168          059003.000064   059003.000349          1.0000  cm-1
92048.126    0.339      1503.884          059003.000098   059003.000384          1.0000  cm-1
92035.422    0.339      751.686           059003.000099   059003.000474 P        0.0000  cm-1
92035.422    0.339      751.686           059003.000044   059003.000549 P        0.0000  cm-1
92035.422    0.339      751.686           059003.000100   059003.000475          1.0000  cm-1
92030.374    0.339      7515.845          059003.000073   059003.000462          1.0000  cm-1
92021.710    0.339      30056.397         059003.000115   059003.000405          1.0000  cm-1
91996.907    0.339      3754.546          059003.000080   059003.000365          1.0000  cm-1
91990.993    0.338      750.790           059003.000051   059003.000558 P        0.0000  cm-1
91982.425    0.338      3002.465          059003.000105   059003.000389          1.0000  cm-1
91974.999    0.338      3001.864          059003.000070   059003.000356          1.0000  cm-1
91974.999    0.338      3001.864          059003.000169   059003.000420 P        0.0000  cm-1
91965.696    0.338      750.278           059003.000093   059003.000379          1.0000  cm-1
91965.696    0.338      750.278           059003.000179   059003.000529 P        0.0000  cm-1
91960.975    0.338      1500.364          059003.000093   059003.000378          1.0000  cm-1
91956.990    0.338      1500.202          059003.000095   059003.000472          1.0000  cm-1
91945.490    0.338      2999.470          059003.000083   059003.000366          1.0000  cm-1
91928.315    0.338      74951.834         059003.000153   059003.000418          1.0000  cm-1
91901.204    0.338      52427.619         059003.000158   059003.000499          1.0000  cm-1
91887.788    0.338      7486.921          059003.000052   059003.000559 P        0.0000  cm-1
91887.788    0.338      7486.921          059003.000095   059003.000380          1.0000  cm-1
91881.931    0.338      7485.724          059003.000093   059003.000377          1.0000  cm-1
91863.482    0.338      14963.900         059003.000080   059003.000364          1.0000  cm-1
91856.116    0.338      374022.073        059003.000105   059003.000624 P        0.0000  cm-1
91856.116    0.338      374022.073        059003.000073   059003.000459 P        0.0000  cm-1
91856.116    0.338      374022.073        059003.000129   059003.000410          1.0000  cm-1
91856.116    0.338      374022.073        059003.000048   059003.000346 P        0.0000  cm-1
91837.582    0.337      2242.992          059003.000153   059003.000497 P        0.0000  cm-1
91837.582    0.337      2242.992          059003.000097   059003.000472          1.0000  cm-1
91833.008    0.337      22427.104         059003.000085   059003.000373          1.0000  cm-1
91833.008    0.337      22427.104         059003.000129   059003.000409 P        0.0000  cm-1
91813.291    0.337      747.165           059003.000085   059003.000468          0.9685  cm-1
91813.291    0.337      747.165           059003.000153   059003.000417          0.0315  cm-1
91801.079    0.674      5975.307          059003.000069   059003.000354          0.0958  cm-1
91801.079    0.674      5975.307          059003.000155   059003.000417          0.9042  cm-1
91788.232    0.337      11199.729         059003.000158   059003.000498          1.0000  cm-1
91779.224    0.337      14929.254         059003.000048   059003.000555 P        0.0000  cm-1
91779.224    0.337      14929.254         059003.000128   059003.000492          1.0000  cm-1
91756.230    0.674      2983.950          059003.000100   059003.000473 P        0.0000  cm-1
91756.230    0.674      2983.950          059003.000082   059003.000365          0.3436  cm-1
91756.230    0.674      2983.950          059003.000178   059003.000502          0.4852  cm-1
91756.230    0.674      2983.950          059003.000096   059003.000378          0.1712  cm-1
91756.230    0.674      2983.950          059003.000179   059003.000526 P        0.0000  cm-1
91749.782    0.337      745.854           059003.000112   059003.000483 P        0.0000  cm-1
91749.782    0.337      745.854           059003.000070   059003.000354          1.0000  cm-1
91742.608    0.337      11185.583         059003.000074   059003.000462          1.0000  cm-1
91712.314    0.673      7450.770          059003.000153   059003.000415 P        0.0000  cm-1
91712.314    0.673      7450.770          059003.000112   059003.000397          1.0000  cm-1
91712.314    0.673      7450.770          059003.000156   059003.000416 P        0.0000  cm-1
91698.016    0.336      148955.951        059003.000085   059003.000370 P        0.0000  cm-1
91698.016    0.336      148955.951        059003.000051   059003.000557 P        0.0000  cm-1
91698.016    0.336      148955.951        059003.000131   059003.000413          1.0000  cm-1
91680.977    0.336      3722.125          059003.000539   059003.000461 P        0.0000  cm-1
91680.977    0.336      3722.125          059003.000156   059003.000415 P        0.0000  cm-1
91680.977    0.336      3722.125          059003.000102   059003.000475          0.2385  cm-1
91680.977    0.336      3722.125          059003.000083   059003.000365          0.7615  cm-1
91680.977    0.336      3722.125          059003.000114   059003.000399 P        0.0000  cm-1
91672.575    0.336      1488.500          059003.000097   059003.000377          1.0000  cm-1
91669.428    0.336      1488.368          059003.000098   059003.000380          1.0000  cm-1
91655.088    0.336      1487.770          059003.000099   059003.000381          1.0000  cm-1
91650.888    0.336      743.797           059003.000093   059003.000469 P        0.0000  cm-1
91634.411    0.672      1486.905          059003.000086   059003.000373 P        0.0000  cm-1
91634.411    0.672      1486.905          059003.000132   059003.000496          0.2668  cm-1
91634.411    0.672      1486.905          059003.000111   059003.000392          0.1133  cm-1
91634.411    0.672      1486.905          059003.000115   059003.000401          0.6199  cm-1
91622.910    0.672      22296.348         059003.000037   059003.000325 P        0.0000  cm-1
91622.910    0.672      22296.348         059003.000121   059003.000491 P        0.0000  cm-1
91622.910    0.672      22296.348         059003.000082   059003.000364          0.6445  cm-1
91622.910    0.672      22296.348         059003.000073   059003.000358          0.3555  cm-1
91622.910    0.672      22296.348         059003.000115   059003.000484 P        0.0000  cm-1
91622.910    0.672      22296.348         059003.000091   059003.000375 P        0.0000  cm-1
91618.983    0.336      52019.052         059003.000074   059003.000461          1.0000  cm-1
91612.414    0.336      22289.748         059003.000069   059003.000353 P        0.0000  cm-1
91612.414    0.336      22289.748         059003.000074   059003.000460          1.0000  cm-1
91602.283    0.336      742.779           059003.000159   059003.000498          1.0000  cm-1
91576.510    0.335      2226.712          059003.000131   059003.000493 P        0.0000  cm-1
91576.510    0.335      2226.712          059003.000099   059003.000380          1.0000  cm-1
91572.405    0.335      1484.302          059003.000039   059003.000330 P        0.0000  cm-1
91572.405    0.335      1484.302          059003.000069   059003.000352          1.0000  cm-1
91572.405    0.335      1484.302          059003.000096   059003.000471 P        0.0000  cm-1
91549.875    0.671      14833.520         059003.000105   059003.000386 P        0.0000  cm-1
91549.875    0.671      14833.520         059003.000085   059003.000368          0.8951  cm-1
91549.875    0.671      14833.520         059003.000101   059003.000384          0.1049  cm-1
91547.827    0.670      14832.656         059003.000131   059003.000411          1.0000  cm-1
91547.827    0.670      14832.656         059003.000039   059003.000329 P        0.0000  cm-1
91547.827    0.670      14832.656         059003.000086   059003.000371 P        0.0000  cm-1
91534.784    0.335      4448.144          059003.000121   059003.000489          1.0000  cm-1
91530.771    0.670      1482.545          059003.000180   059003.000526 P        0.0000  cm-1
91530.771    0.670      1482.545          059003.000157   059003.000414 P        0.0000  cm-1
91530.771    0.670      1482.545          059003.000079   059003.000361          0.5953  cm-1
91530.771    0.670      1482.545          059003.000082   059003.000464          0.1928  cm-1
91530.771    0.670      1482.545          059003.000104   059003.000475          0.2119  cm-1
91530.771    0.670      1482.545          059003.000036   059003.000322 P        0.0000  cm-1
91498.825    0.335      14811.928         059003.000120   059003.000407          1.0000  cm-1
91475.815    0.335      44406.484         059003.000085   059003.000366          1.0000  cm-1
91470.121    0.335      59198.966         059003.000073   059003.000357          1.0000  cm-1
91447.711    0.335      59160.819         059003.000130   059003.000492          1.0000  cm-1
91447.711    0.335      59160.819         059003.000096   059003.000469 P        0.0000  cm-1
91441.017    0.334      739.368           059003.000158   059003.000417          1.0000  cm-1
91418.524    0.334      7388.877          059003.000108   059003.000389          0.1572  cm-1
91418.524    0.334      7388.877          059003.000113   059003.000481          0.8428  cm-1
91402.819    0.334      2215.656          059003.000079   059003.000360 P        0.0000  cm-1
91402.819    0.334      2215.656          059003.000102   059003.000473          0.3816  cm-1
91402.819    0.334      2215.656          059003.000084   059003.000364          0.6184  cm-1
91386.386    0.334      59056.029         059003.000087   059003.000373          1.0000  cm-1
91367.094    0.334      22133.602         059003.000087   059003.000468          1.0000  cm-1
91354.491    0.334      737.516           059003.000093   059003.000375          1.0000  cm-1
91343.622    0.334      11059.238         059003.000067   059003.000350          1.0000  cm-1
91338.209    0.334      737.166           059003.000104   059003.000384          1.0000  cm-1
91334.386    0.334      22112.515         059003.000074   059003.000358          1.0000  cm-1
91330.204    0.334      58959.504         059003.000099   059003.000470 P        0.0000  cm-1
91330.204    0.334      58959.504         059003.000119   059003.000405          1.0000  cm-1
91330.204    0.334      58959.504         059003.000105   059003.000384 P        0.0000  cm-1
91290.602    0.333      11042.094         059003.000106   059003.000476          0.8730  cm-1
91290.602    0.333      11042.094         059003.000114   059003.000480          0.1270  cm-1
91281.421    0.333      22078.234         059003.000159   059003.000497          0.7597  cm-1
91281.421    0.333      22078.234         059003.000123   059003.000488          0.2403  cm-1
91275.283    0.666      44148.500         059003.000108   059003.000388          0.2144  cm-1
91275.283    0.666      44148.500         059003.000123   059003.000407          0.7856  cm-1
91260.377    0.333      73548.557         059003.000131   059003.000409          1.0000  cm-1
91252.880    0.333      22059.692         059003.000087   059003.000370          1.0000  cm-1
91234.210    0.666      36745.896         059003.000129   059003.000408          0.2588  cm-1
91234.210    0.666      36745.896         059003.000106   059003.000386          0.7412  cm-1
91230.802    0.333      73484.390         059003.000120   059003.000406          1.0000  cm-1
91210.320    0.666      7343.985          059003.000085   059003.000365          0.5360  cm-1
91210.320    0.666      7343.985          059003.000104   059003.000382          0.4640  cm-1
91180.077    0.665      14674.787         059003.000072   059003.000352          0.3529  cm-1
91180.077    0.665      14674.787         059003.000119   059003.000404          0.6471  cm-1
91145.404    0.332      36649.070         059003.000088   059003.000468 P        0.0000  cm-1
91145.404    0.332      36649.070         059003.000134   059003.000496 P        0.0000  cm-1
91145.404    0.332      36649.070         059003.000115   059003.000398 P        0.0000  cm-1
91145.404    0.332      36649.070         059003.000106   059003.000385          1.0000  cm-1
91145.404    0.332      36649.070         059003.000085   059003.000466 P        0.0000  cm-1
91108.292    0.332      73216.756         059003.000112   059003.000392 P        0.0000  cm-1
91108.292    0.332      73216.756         059003.000074   059003.000355          0.8725  cm-1
91108.292    0.332      73216.756         059003.000082   059003.000360          0.1275  cm-1
91108.292    0.332      73216.756         059003.000088   059003.000467 P        0.0000  cm-1
91077.411    0.332      731.488           059003.000085   059003.000364          1.0000  cm-1
91061.088    0.332      1462.257          059003.000115   059003.000482          1.0000  cm-1
91054.518    0.332      14619.671         059003.000076   059003.000462          1.0000  cm-1
91050.121    0.332      29235.460         059003.000073   059003.000353          1.0000  cm-1
91032.718    0.331      2922.008          059003.000088   059003.000370          1.0000  cm-1
91027.187    0.663      29215.185         059003.000087   059003.000366 P        0.0000  cm-1
91027.187    0.663      29215.185         059003.000105   059003.000381 P        0.0000  cm-1
91027.187    0.663      29215.185         059003.000104   059003.000472 P        0.0000  cm-1
91027.187    0.663      29215.185         059003.000132   059003.000413          0.8879  cm-1
91027.187    0.663      29215.185         059003.000075   059003.000357          0.1121  cm-1
91027.187    0.663      29215.185         059003.000048   059003.000553 P        0.0000  cm-1
91013.774    0.331      730.083           059003.000084   059003.000361          1.0000  cm-1
90993.390    0.331      2188.892          059003.000160   059003.000499          1.0000  cm-1
90988.091    0.331      29180.527         059003.000108   059003.000386          1.0000  cm-1
90988.091    0.331      29180.527         059003.000069   059003.000349 P        0.0000  cm-1
90959.609    0.331      5102.161          059003.000051   059003.000343 P        0.0000  cm-1
90959.609    0.331      5102.161          059003.000104   059003.000380          1.0000  cm-1
90950.011    0.331      14573.328         059003.000105   059003.000380          1.0000  cm-1
90942.495    0.331      2913.996          059003.000119   059003.000401          1.0000  cm-1
90942.495    0.331      2913.996          059003.000048   059003.000551 P        0.0000  cm-1
90925.385    0.331      145623.460        059003.000132   059003.000412          1.0000  cm-1
90925.385    0.331      145623.460        059003.000076   059003.000460 P        0.0000  cm-1
90917.831    0.331      2911.794          059003.000111   059003.000624          0.8172  cm-1
90917.831    0.331      2911.794          059003.000088   059003.000369          0.1828  cm-1
90876.972    0.330      2908.137          059003.000132   059003.000411          1.0000  cm-1
90866.570    0.330      1453.602          059003.000121   059003.000404          1.0000  cm-1
90866.570    0.330      1453.602          059003.000124   059003.000565 P        0.0000  cm-1
90863.994    0.661      726.743           059003.000123   059003.000405          0.0946  cm-1
90863.994    0.661      726.743           059003.000089   059003.000373          0.9054  cm-1
90863.994    0.661      726.743           059003.000048   059003.000550 P        0.0000  cm-1
90853.503    0.330      29060.310         059003.000105   059003.000377          1.0000  cm-1
90781.819    0.330      724.893           059003.000048   059003.000549 P        0.0000  cm-1
90772.104    0.330      724.673           059003.000089   059003.000371 P        0.0000  cm-1
90772.104    0.330      724.673           059003.000121   059003.000402          1.0000  cm-1
90764.109    0.330      72449.215         059003.000087   059003.000365          1.0000  cm-1
90764.109    0.330      72449.215         059003.000051   059003.000553 P        0.0000  cm-1
90749.115    0.329      14483.051         059003.000121   059003.000485          1.0000  cm-1
90711.820    0.329      144661.199        059003.000106   059003.000381          1.0000  cm-1
90711.820    0.329      144661.199        059003.000048   059003.000548 P        0.0000  cm-1
90698.324    0.329      14459.980         059003.000080   059003.000359          0.6328  cm-1
90698.324    0.329      14459.980         059003.000087   059003.000466 P        0.0000  cm-1
90698.324    0.329      14459.980         059003.000133   059003.000412          0.3672  cm-1
90666.917    0.329      722.283           059003.000123   059003.000403          1.0000  cm-1
90658.973    0.329      288840.732        059003.000091   059003.000372          1.0000  cm-1
90649.502    0.329      10828.282         059003.000036   059003.000317 P        0.0000  cm-1
90649.502    0.329      10828.282         059003.000160   059003.000418          1.0000  cm-1
90649.502    0.329      10828.282         059003.000133   059003.000411 P        0.0000  cm-1
90646.617    0.329      5774.556          059003.000076   059003.000358          1.0000  cm-1
90632.726    0.329      3607.509          059003.000106   059003.000380          1.0000  cm-1
90616.400    0.657      14422.557         059003.000121   059003.000484          0.3494  cm-1
90616.400    0.657      14422.557         059003.000106   059003.000378          0.6506  cm-1
90612.118    0.328      7210.297          059003.000111   059003.000386          1.0000  cm-1
90607.609    0.328      28837.052         059003.000080   059003.000462          0.3433  cm-1
90607.609    0.328      28837.052         059003.000075   059003.000353          0.6567  cm-1
90597.779    0.328      14414.015         059003.000115   059003.000392          1.0000  cm-1
90565.511    0.328      1439.918          059003.000075   059003.000352          1.0000  cm-1
90547.803    0.328      2878.205          059003.000119   059003.000483          1.0000  cm-1
90536.674    0.328      28771.783         059003.000134   059003.000413 P        0.0000  cm-1
90536.674    0.328      28771.783         059003.000087   059003.000464 P        0.0000  cm-1
90536.674    0.328      28771.783         059003.000106   059003.000377          1.0000  cm-1
90536.674    0.328      28771.783         059003.000055   059003.000346 P        0.0000  cm-1
90520.596    0.328      7189.234          059003.000181   059003.000525          1.0000  cm-1
90520.596    0.328      7189.234          059003.000182   059003.000525 P        0.0000  cm-1
90520.596    0.328      7189.234          059003.000051   059003.000549 P        0.0000  cm-1
90510.598    0.328      1437384.648       059003.000113   059003.000390          1.0000  cm-1
90466.121    0.327      57412.966         059003.000108   059003.000381          1.0000  cm-1
90466.121    0.327      57412.966         059003.000123   059003.000484 P        0.0000  cm-1
90466.121    0.327      57412.966         059003.000161   059003.000499 P        0.0000  cm-1
90457.477    0.327      1434.923          059003.000055   059003.000555 P        0.0000  cm-1
90457.477    0.327      1434.923          059003.000082   059003.000359          1.0000  cm-1
90457.477    0.327      1434.923          059003.000108   059003.000472 P        0.0000  cm-1
90419.012    0.327      143313.343        059003.000076   059003.000355 P        0.0000  cm-1
90419.012    0.327      143313.343        059003.000134   059003.000493 P        0.0000  cm-1
90411.005    0.327      2865.521          059003.000093   059003.000467 P        0.0000  cm-1
90411.005    0.327      2865.521          059003.000088   059003.000364          1.0000  cm-1
90395.310    0.327      2148.042          059003.000120   059003.000399          1.0000  cm-1
90390.498    0.327      21477.050         059003.000111   059003.000384          1.0000  cm-1
90388.027    0.654      7158.440          059003.000106   059003.000470          0.1285  cm-1
90388.027    0.654      7158.440          059003.000134   059003.000411 P        0.0000  cm-1
90388.027    0.654      7158.440          059003.000108   059003.000380          0.8715  cm-1
90381.368    0.327      14313.768         059003.000095   059003.000373          1.0000  cm-1
90369.591    0.327      57233.045         059003.000119   059003.000482          1.0000  cm-1
90369.591    0.327      57233.045         059003.000108   059003.000378 P        0.0000  cm-1
90354.220    0.327      2145.160          059003.000081   059003.000460          1.0000  cm-1
90338.488    0.326      1429.369          059003.000093   059003.000370          1.0000  cm-1
90326.402    0.326      14288.022         059003.000135   059003.000494          1.0000  cm-1
90290.511    0.326      71355.743         059003.000083   059003.000462 P        0.0000  cm-1
90290.511    0.326      71355.743         059003.000108   059003.000377          0.8147  cm-1
90290.511    0.326      71355.743         059003.000095   059003.000371          0.1853  cm-1
90262.401    0.652      14257.899         059003.000097   059003.000373          1.0000  cm-1
90259.975    0.652      57027.016         059003.000111   059003.000382 P        0.0000  cm-1
90259.975    0.652      57027.016         059003.000113   059003.000387          1.0000  cm-1
90252.882    0.326      28506.812         059003.000179   059003.000520          1.0000  cm-1
90243.325    0.326      4274.667          059003.000097   059003.000468          1.0000  cm-1
90199.973    0.325      2134.255          059003.000080   059003.000358          1.0000  cm-1
90194.996    0.325      14226.006         059003.000121   059003.000397          0.5978  cm-1
90194.996    0.325      14226.006         059003.000120   059003.000396          0.4022  cm-1
90194.996    0.325      14226.006         059003.000082   059003.000459 P        0.0000  cm-1
90186.204    0.325      355545.851        059003.000165   059003.000499 P        0.0000  cm-1
90186.204    0.325      355545.851        059003.000096   059003.000372          1.0000  cm-1
90181.179    0.325      7109.724          059003.000035   059003.000541 P        0.0000  cm-1
90181.179    0.325      7109.724          059003.000540   059003.000461 P        0.0000  cm-1
90158.626    0.325      142087.266        059003.000126   059003.000407          0.8342  cm-1
90158.626    0.325      142087.266        059003.000135   059003.000493          0.1658  cm-1
90158.626    0.325      142087.266        059003.000093   059003.000367 P        0.0000  cm-1
90128.813    0.325      10645.894         059003.000097   059003.000370          0.7896  cm-1
90128.813    0.325      10645.894         059003.000135   059003.000411          0.2104  cm-1
90128.813    0.325      10645.894         059003.000120   059003.000482 P        0.0000  cm-1
90106.227    0.325      3545.936          059003.000163   059003.000498          1.0000  cm-1
90083.421    0.325      708.642           059003.000128   059003.000490          1.0000  cm-1
90076.120    0.325      21254.013         059003.000036   059003.000541 P        0.0000  cm-1
90076.120    0.325      21254.013         059003.000081   059003.000358          1.0000  cm-1
90047.903    0.324      141558.143        059003.000080   059003.000357          1.0000  cm-1
90036.887    0.324      707.526           059003.000091   059003.000465          1.0000  cm-1
90017.279    0.324      707.055           059003.000075   059003.000350          0.1395  cm-1
90017.279    0.324      707.055           059003.000120   059003.000481          0.2121  cm-1
90017.279    0.324      707.055           059003.000096   059003.000369          0.6484  cm-1
90006.179    0.324      706.788           059003.000115   059003.000389          1.0000  cm-1
90006.179    0.324      706.788           059003.000161   059003.000417 P        0.0000  cm-1
90006.179    0.324      706.788           059003.000120   059003.000480 P        0.0000  cm-1
89999.514    0.324      706.627           059003.000127   059003.000488          1.0000  cm-1
89994.904    0.324      35325.809         059003.000058   059003.000557 P        0.0000  cm-1
89994.904    0.324      35325.809         059003.000127   059003.000407          1.0000  cm-1
89994.904    0.324      35325.809         059003.000132   059003.000408 P        0.0000  cm-1
89978.795    0.324      2118.383          059003.000075   059003.000349 P        0.0000  cm-1
89978.795    0.324      2118.383          059003.000097   059003.000368          1.0000  cm-1
89970.521    0.324      7059.281          059003.000123   059003.000396          1.0000  cm-1
89965.372    0.324      14116.075         059003.000180   059003.000519          1.0000  cm-1
89952.806    0.324      70550.009         059003.000096   059003.000367          1.0000  cm-1
89935.990    0.324      7050.933          059003.000099   059003.000370          1.0000  cm-1
89924.009    0.323      3524.015          059003.000081   059003.000357          1.0000  cm-1
89914.975    0.323      7045.841          059003.000111   059003.000377          1.0000  cm-1
89906.394    0.323      21131.280         059003.000119   059003.000392          1.0000  cm-1
89906.394    0.323      21131.280         059003.000097   059003.000366 P        0.0000  cm-1
89906.394    0.323      21131.280         059003.000161   059003.000415 P        0.0000  cm-1
89895.713    0.323      704.117           059003.000088   059003.000360          1.0000  cm-1
89895.713    0.323      704.117           059003.000048   059003.000545 P        0.0000  cm-1
89883.689    0.323      3519.123          059003.000083   059003.000358          1.0000  cm-1
89881.009    0.323      7037.595          059003.000115   059003.000624          1.0000  cm-1
89881.009    0.323      7037.595          059003.000169   059003.000419 P        0.0000  cm-1
89881.009    0.323      7037.595          059003.000098   059003.000368 P        0.0000  cm-1
89850.091    0.323      7030.070          059003.000081   059003.000355          1.0000  cm-1
89807.801    0.323      7019.748          059003.000130   059003.000491 P        0.0000  cm-1
89807.801    0.323      7019.748          059003.000082   059003.000357          1.0000  cm-1
89786.509    0.322      7014.539          059003.000114   059003.000474 P        0.0000  cm-1
89786.509    0.322      7014.539          059003.000099   059003.000368          1.0000  cm-1
89786.509    0.322      7014.539          059003.000044   059003.000543 P        0.0000  cm-1
89786.509    0.322      7014.539          059003.000163   059003.000497 P        0.0000  cm-1
89748.223    0.322      14010.301         059003.000126   059003.000405          1.0000  cm-1
89731.492    0.322      700.104           059003.000083   059003.000357          1.0000  cm-1
89719.808    0.322      20994.497         059003.000091   059003.000362 P        0.0000  cm-1
89719.808    0.322      20994.497         059003.000130   059003.000489          1.0000  cm-1
89719.808    0.322      20994.497         059003.000123   059003.000394 P        0.0000  cm-1
89693.186    0.322      41949.645         059003.000113   059003.000383          1.0000  cm-1
89693.186    0.322      41949.645         059003.000095   059003.000466 P        0.0000  cm-1
89657.708    0.322      698.285           059003.000083   059003.000355          1.0000  cm-1
89651.603    0.321      6981.338          059003.000128   059003.000486 P        0.0000  cm-1
89651.603    0.321      6981.338          059003.000184   059003.000526          1.0000  cm-1
89651.603    0.321      6981.338          059003.000056   059003.000344 P        0.0000  cm-1
89640.196    0.321      20935.545         059003.000097   059003.000365          1.0000  cm-1
89627.812    0.321      10463.172         059003.000080   059003.000353          1.0000  cm-1
89627.812    0.321      10463.172         059003.000165   059003.000415 P        0.0000  cm-1
89594.585    0.321      34836.023         059003.000091   059003.000361          1.0000  cm-1
89594.585    0.321      34836.023         059003.000130   059003.000487 P        0.0000  cm-1
89584.526    0.321      2089.411          059003.000127   059003.000405          1.0000  cm-1
89575.084    0.642      20887.071         059003.000115   059003.000386          1.0000  cm-1
89575.084    0.642      20887.071         059003.000097   059003.000466 P        0.0000  cm-1
89575.084    0.642      20887.071         059003.000101   059003.000371 P        0.0000  cm-1
89564.314    0.321      2087.903          059003.000096   059003.000465          1.0000  cm-1
89551.094    0.321      20869.152         059003.000126   059003.000403          1.0000  cm-1
89507.091    0.320      2083.620          059003.000097   059003.000364          1.0000  cm-1
89485.475    0.641      4163.996          059003.000112   059003.000380          0.0410  cm-1
89485.475    0.641      4163.996          059003.000076   059003.000350          0.9590  cm-1
89485.475    0.641      4163.996          059003.000179   059003.000515 P        0.0000  cm-1
89485.475    0.641      4163.996          059003.000179   059003.000516 P        0.0000  cm-1
89461.201    0.320      6933.909          059003.000037   059003.000314 P        0.0000  cm-1
89461.201    0.320      6933.909          059003.000135   059003.000492          1.0000  cm-1
89461.201    0.320      6933.909          059003.000055   059003.000549 P        0.0000  cm-1
89453.112    0.320      3465.940          059003.000104   059003.000373          1.0000  cm-1
89447.287    0.320      13860.835         059003.000043   059003.000330 P        0.0000  cm-1
89447.287    0.320      13860.835         059003.000099   059003.000365          1.0000  cm-1
89443.287    0.320      5543.530          059003.000105   059003.000373          1.0000  cm-1
89413.829    0.320      10383.009         059003.000085   059003.000358          1.0000  cm-1
89413.829    0.320      10383.009         059003.000097   059003.000464 P        0.0000  cm-1
89404.809    0.320      20759.205         059003.000114   059003.000381          1.0000  cm-1
89404.809    0.320      20759.205         059003.000039   059003.000320 P        0.0000  cm-1
89387.620    0.320      2766.161          059003.000082   059003.000353          1.0000  cm-1
89387.620    0.320      2766.161          059003.000127   059003.000403 P        0.0000  cm-1
89361.195    0.639      69087.333         059003.000104   059003.000371          0.6970  cm-1
89361.195    0.639      69087.333         059003.000052   059003.000340 P        0.0000  cm-1
89361.195    0.639      69087.333         059003.000126   059003.000401          0.3030  cm-1
89361.195    0.639      69087.333         059003.000168   059003.000497 P        0.0000  cm-1
89353.292    0.319      27626.944         059003.000084   059003.000354          0.1092  cm-1
89353.292    0.319      27626.944         059003.000115   059003.000384          0.8908  cm-1
89346.277    0.319      27619.848         059003.000129   059003.000406 P        0.0000  cm-1
89346.277    0.319      27619.848         059003.000082   059003.000352          1.0000  cm-1
89327.991    0.319      6900.334          059003.000167   059003.000415 P        0.0000  cm-1
89327.991    0.319      6900.334          059003.000093   059003.000361          1.0000  cm-1
89321.202    0.319      689.861           059003.000179   059003.000512 P        0.0000  cm-1
89321.202    0.319      689.861           059003.000130   059003.000486          1.0000  cm-1
89314.725    0.638      20690.918         059003.000119   059003.000389          0.4635  cm-1
89314.725    0.638      20690.918         059003.000099   059003.000364          0.5365  cm-1
89314.725    0.638      20690.918         059003.000114   059003.000379 P        0.0000  cm-1
89314.725    0.638      20690.918         059003.000098   059003.000464 P        0.0000  cm-1
89309.798    0.319      1379.145          059003.000105   059003.000370          1.0000  cm-1
89265.219    0.319      688.440           059003.000128   059003.000485          1.0000  cm-1
89261.803    0.319      2753.413          059003.000085   059003.000357          1.0000  cm-1
89248.812    0.319      688.022           059003.000096   059003.000362          1.0000  cm-1
89248.812    0.319      688.022           059003.000125   059003.000397 P        0.0000  cm-1
89248.812    0.319      688.022           059003.000102   059003.000366 P        0.0000  cm-1
89239.724    0.319      1375.582          059003.000113   059003.000471          1.0000  cm-1
89229.393    0.318      2062.583          059003.000114   059003.000377          1.0000  cm-1
89196.910    0.318      3433.491          059003.000127   059003.000401 P        0.0000  cm-1
89170.107    0.318      2058.037          059003.000104   059003.000368          1.0000  cm-1
89126.177    0.318      27395.425         059003.000181   059003.000520          1.0000  cm-1
89126.177    0.318      27395.425         059003.000084   059003.000352 P        0.0000  cm-1
89095.905    0.318      4788.750          059003.000104   059003.000366          1.0000  cm-1
89062.811    0.317      2049.763          059003.000181   059003.000519          1.0000  cm-1
89062.811    0.317      2049.763          059003.000182   059003.000519 P        0.0000  cm-1
89043.927    0.317      682.767           059003.000131   059003.000407          0.8402  cm-1
89043.927    0.317      682.767           059003.000173   059003.000499          0.1598  cm-1
89043.927    0.317      682.767           059003.000115   059003.000472 P        0.0000  cm-1
89039.017    0.317      1365.280          059003.000080   059003.000350          1.0000  cm-1
88995.913    0.317      2044.573          059003.000096   059003.000360          1.0000  cm-1
88991.094    0.317      681.399           059003.000106   059003.000370 P        0.0000  cm-1
88991.094    0.317      681.399           059003.000086   059003.000355          1.0000  cm-1
88991.094    0.317      681.399           059003.000087   059003.000458 P        0.0000  cm-1
88974.303    0.317      10214.454         059003.000101   059003.000466 P        0.0000  cm-1
88974.303    0.317      10214.454         059003.000115   059003.000380          1.0000  cm-1
88966.877    0.317      680.771           059003.000107   059003.000563 P        0.0000  cm-1
88966.877    0.317      680.771           059003.000087   059003.000358          1.0000  cm-1
88915.118    0.316      20382.724         059003.000102   059003.000466 P        0.0000  cm-1
88915.118    0.316      20382.724         059003.000179   059003.000510 P        0.0000  cm-1
88915.118    0.316      20382.724         059003.000081   059003.000350          1.0000  cm-1
88860.830    0.316      678.007           059003.000108   059003.000468          1.0000  cm-1
88853.987    0.316      3389.138          059003.000126   059003.000396          1.0000  cm-1
88853.987    0.316      3389.138          059003.000089   059003.000462 P        0.0000  cm-1
88841.814    0.316      13550.177         059003.000106   059003.000368 P        0.0000  cm-1
88841.814    0.316      13550.177         059003.000085   059003.000353          1.0000  cm-1
88831.626    0.316      13544.838         059003.000179   059003.000508          1.0000  cm-1
88831.626    0.316      13544.838         059003.000104   059003.000365 P        0.0000  cm-1
88818.218    0.316      3384.452          059003.000113   059003.000375          1.0000  cm-1
88815.084    0.316      2707.232          059003.000052   059003.000337 P        0.0000  cm-1
88815.084    0.316      2707.232          059003.000087   059003.000357          0.8713  cm-1
88815.084    0.316      2707.232          059003.000175   059003.000499          0.1287  cm-1
88799.832    0.631      202922.310        059003.000055   059003.000341 P        0.0000  cm-1
88799.832    0.631      202922.310        059003.000130   059003.000484 P        0.0000  cm-1
88799.832    0.631      202922.310        059003.000129   059003.000400          0.5051  cm-1
88799.832    0.631      202922.310        059003.000099   059003.000360          0.4949  cm-1
88799.832    0.631      202922.310        059003.000082   059003.000350 P        0.0000  cm-1
88787.706    0.315      2028.267          059003.000126   059003.000482          1.0000  cm-1
88760.823    0.315      1350.763          059003.000127   059003.000397 P        0.0000  cm-1
88760.823    0.315      1350.763          059003.000082   059003.000349          1.0000  cm-1
88746.722    0.315      3375.051          059003.000108   059003.000370          0.6395  cm-1
88746.722    0.315      3375.051          059003.000113   059003.000374          0.3605  cm-1
88728.789    0.315      1349.075          059003.000115   059003.000470 P        0.0000  cm-1
88728.789    0.315      1349.075          059003.000170   059003.000414 P        0.0000  cm-1
88728.789    0.315      1349.075          059003.000089   059003.000461          1.0000  cm-1
88722.713    0.315      2697.507          059003.000083   059003.000350          0.7978  cm-1
88722.713    0.315      2697.507          059003.000089   059003.000460          0.2022  cm-1
88702.275    0.315      26953.477         059003.000114   059003.000375          1.0000  cm-1
88702.275    0.315      26953.477         059003.000175   059003.000498 P        0.0000  cm-1
88595.080    0.314      670.993           059003.000088   059003.000357          0.4384  cm-1
88595.080    0.314      670.993           059003.000176   059003.000498          0.5616  cm-1
88595.080    0.314      670.993           059003.000105   059003.000464 P        0.0000  cm-1
88569.714    0.314      670.317           059003.000121   059003.000386          1.0000  cm-1
88512.410    0.313      6687.863          059003.000129   059003.000399          0.7304  cm-1
88512.410    0.313      6687.863          059003.000173   059003.000416          0.2696  cm-1
88504.502    0.313      2005.724          059003.000111   059003.000373          1.0000  cm-1
88504.502    0.313      2005.724          059003.000106   059003.000365 P        0.0000  cm-1
88483.597    0.313      2004.043          059003.000111   059003.000468 P        0.0000  cm-1
88483.597    0.313      2004.043          059003.000131   059003.000404          1.0000  cm-1
88483.597    0.313      2004.043          059003.000173   059003.000415 P        0.0000  cm-1
88444.392    0.313      666.962           059003.000089   059003.000358          1.0000  cm-1
88436.627    0.313      1333.506          059003.000127   059003.000394 P        0.0000  cm-1
88436.627    0.313      1333.506          059003.000131   059003.000403          1.0000  cm-1
88418.280    0.313      9993.890          059003.000130   059003.000483          0.2209  cm-1
88418.280    0.313      9993.890          059003.000123   059003.000386          0.7791  cm-1
88395.207    0.313      5325.101          059003.000087   059003.000353          1.0000  cm-1
88373.718    0.312      6650.578          059003.000132   059003.000407          1.0000  cm-1
88361.173    0.312      1329.438          059003.000119   059003.000381          1.0000  cm-1
88341.318    0.312      664.182           059003.000097   059003.000359          1.0000  cm-1
88272.876    0.312      26493.050         059003.000176   059003.000497 P        0.0000  cm-1
88272.876    0.312      26493.050         059003.000130   059003.000395          1.0000  cm-1
88240.081    0.311      13228.684         059003.000189   059003.000537 P        0.0000  cm-1
88240.081    0.311      13228.684         059003.000095   059003.000460          1.0000  cm-1
88223.627    0.311      19829.580         059003.000058   059003.000342 P        0.0000  cm-1
88160.234    0.311      32962.740         059003.000091   059003.000356          1.0000  cm-1
88160.234    0.311      32962.740         059003.000127   059003.000392 P        0.0000  cm-1
88147.506    0.311      2635.626          059003.000184   059003.000520 P        0.0000  cm-1
88147.506    0.311      2635.626          059003.000099   059003.000359 P        0.0000  cm-1
88147.506    0.311      2635.626          059003.000111   059003.000366          1.0000  cm-1
88125.075    0.311      5266.334          059003.000108   059003.000364          1.0000  cm-1
88105.410    0.311      197325.670        059003.000132   059003.000406          1.0000  cm-1
88084.917    0.310      6571.893          059003.000184   059003.000519          1.0000  cm-1
88054.993    0.310      656.366           059003.000180   059003.000623          1.0000  cm-1
88054.993    0.310      656.366           059003.000125   059003.000389 P        0.0000  cm-1
88040.973    0.310      655.980           059003.000058   059003.000340          1.0000  cm-1
88033.816    0.310      13115.650         059003.000185   059003.000526          1.0000  cm-1
87990.688    0.310      2618.367          059003.000061   059003.000342          1.0000  cm-1
87985.496    0.310      654.448           059003.000129   059003.000393          1.0000  cm-1
87979.520    0.310      5234.264          059003.000112   059003.000373          1.0000  cm-1
87973.277    0.310      32705.514         059003.000180   059003.000503          1.0000  cm-1
87962.198    0.309      1961.411          059003.000132   059003.000405 P        0.0000  cm-1
87962.198    0.309      1961.411          059003.000095   059003.000358          1.0000  cm-1
87935.507    0.309      13061.279         059003.000040   059003.000315 P        0.0000  cm-1
87935.507    0.309      13061.279         059003.000091   059003.000354          1.0000  cm-1
87895.570    0.309      65195.501         059003.000123   059003.000381          1.0000  cm-1
87888.208    0.309      32587.516         059003.000177   059003.000499 P        0.0000  cm-1
87888.208    0.309      32587.516         059003.000112   059003.000371          1.0000  cm-1
87882.279    0.309      19547.561         059003.000111   059003.000365          1.0000  cm-1
87855.618    0.309      1301.686          059003.000106   059003.000360          1.0000  cm-1
87855.618    0.309      1301.686          059003.000113   059003.000372 P        0.0000  cm-1
87818.511    0.308      51984.637         059003.000100   059003.000460 P        0.0000  cm-1
87810.022    0.308      1299.142          059003.000095   059003.000357          1.0000  cm-1
87799.569    0.308      1947.836          059003.000114   059003.000468          0.4887  cm-1
87799.569    0.308      1947.836          059003.000123   059003.000378          0.5113  cm-1
87799.569    0.308      1947.836          059003.000188   059003.000535 P        0.0000  cm-1
87789.385    0.308      1946.982          059003.000128   059003.000391 P        0.0000  cm-1
87789.385    0.308      1946.982          059003.000181   059003.000510          1.0000  cm-1
87789.385    0.308      1946.982          059003.000182   059003.000510 P        0.0000  cm-1
87777.420    0.308      648.659           059003.000043   059003.000322          0.2175  cm-1
87777.420    0.308      648.659           059003.000130   059003.000392          0.7825  cm-1
87777.420    0.308      648.659           059003.000177   059003.000498 P        0.0000  cm-1
87743.308    0.308      6477.033          059003.000098   059003.000358          1.0000  cm-1
87733.084    0.308      6474.165          059003.000126   059003.000389          0.3441  cm-1
87733.084    0.308      6474.165          059003.000135   059003.000489          0.6559  cm-1
87705.907    0.308      19399.596         059003.000091   059003.000352          0.0816  cm-1
87705.907    0.308      19399.596         059003.000181   059003.000508          0.9184  cm-1
87687.519    0.308      129227.221        059003.000096   059003.000356          1.0000  cm-1
87630.376    0.307      1289.051          059003.000135   059003.000488          0.2305  cm-1
87630.376    0.307      1289.051          059003.000051   059003.000330          0.7695  cm-1
87630.376    0.307      1289.051          059003.000141   059003.000409 P        0.0000  cm-1
87622.299    0.307      1932.893          059003.000125   059003.000386 P        0.0000  cm-1
87622.299    0.307      1932.893          059003.000112   059003.000366          1.0000  cm-1
87622.299    0.307      1932.893          059003.000113   059003.000367 P        0.0000  cm-1
87610.229    0.307      643.957           059003.000058   059003.000338          1.0000  cm-1
87610.229    0.307      643.957           059003.000108   059003.000360 P        0.0000  cm-1
87606.710    0.307      2575.429          059003.000135   059003.000487          1.0000  cm-1
87588.909    0.307      25734.149         059003.000126   059003.000388          1.0000  cm-1
87581.397    0.307      12862.823         059003.000186   059003.000525          1.0000  cm-1
87575.798    0.307      1285.965          059003.000132   059003.000401          1.0000  cm-1
87564.771    0.307      12853.406         059003.000181   059003.000507          1.0000  cm-1
87512.799    0.306      12823.913         059003.000180   059003.000500          1.0000  cm-1
87505.296    0.306      6409.824          059003.000114   059003.000367          1.0000  cm-1
87496.712    0.306      12814.766         059003.000099   059003.000357 P        0.0000  cm-1
87487.521    0.306      1280.954          059003.000131   059003.000394          1.0000  cm-1
87470.394    0.306      639.989           059003.000102   059003.000461          1.0000  cm-1
87462.896    0.306      31988.783         059003.000102   059003.000460 P        0.0000  cm-1
87462.896    0.306      31988.783         059003.000096   059003.000354          1.0000  cm-1
87425.113    0.306      1277.396          059003.000127   059003.000388 P        0.0000  cm-1
87417.401    0.306      2553.911          059003.000120   059003.000375          1.0000  cm-1
87357.168    0.305      6367.543          059003.000126   059003.000476          0.1235  cm-1
87357.168    0.305      6367.543          059003.000112   059003.000365          0.8765  cm-1
87357.168    0.305      6367.543          059003.000091   059003.000351 P        0.0000  cm-1
87301.485    0.305      6351.560          059003.000126   059003.000386          1.0000  cm-1
87270.007    0.305      2537.002          059003.000125   059003.000382 P        0.0000  cm-1
87270.007    0.305      2537.002          059003.000097   059003.000353          0.1508  cm-1
87270.007    0.305      2537.002          059003.000132   059003.000399          0.8492  cm-1
87255.479    0.305      633.832           059003.000052   059003.000331          1.0000  cm-1
87233.698    0.304      2532.816          059003.000096   059003.000352          1.0000  cm-1
87214.383    0.304      632.646           059003.000137   059003.000490 P        0.0000  cm-1
87214.383    0.304      632.646           059003.000135   059003.000405          1.0000  cm-1
87209.891    0.304      632.517           059003.000131   059003.000392          1.0000  cm-1
87205.484    0.304      632.389           059003.000106   059003.000359          1.0000  cm-1
87070.614    0.607      12569.569         059003.000181   059003.000503          1.0000  cm-1
87070.614    0.607      12569.569         059003.000182   059003.000503 P        0.0000  cm-1
87070.614    0.607      12569.569         059003.000132   059003.000396 P        0.0000  cm-1
87044.617    0.303      62772.143         059003.000129   059003.000388 P        0.0000  cm-1
87044.617    0.303      62772.143         059003.000113   059003.000363          1.0000  cm-1
87033.795    0.303      6274.060          059003.000104   059003.000358          1.0000  cm-1
87033.795    0.303      6274.060          059003.000141   059003.000408 P        0.0000  cm-1
87018.581    0.303      3134.811          059003.000101   059003.000355          1.0000  cm-1
86976.191    0.303      12514.482         059003.000129   059003.000387          1.0000  cm-1
86959.831    0.302      18757.365         059003.000102   059003.000355          0.4354  cm-1
86959.831    0.302      18757.365         059003.000108   059003.000359          0.5646  cm-1
86917.382    0.302      12480.037         059003.000113   059003.000362          1.0000  cm-1
86884.296    0.302      1246.061          059003.000044   059003.000319          1.0000  cm-1
86884.296    0.302      1246.061          059003.000096   059003.000351 P        0.0000  cm-1
86845.206    0.302      6218.811          059003.000115   059003.000365          1.0000  cm-1
86840.991    0.302      6217.570          059003.000133   059003.000396 P        0.0000  cm-1
86826.806    0.302      3106.696          059003.000135   059003.000401          1.0000  cm-1
86815.887    0.301      1863.052          059003.000132   059003.000394 P        0.0000  cm-1
86815.887    0.301      1863.052          059003.000129   059003.000476          1.0000  cm-1
86815.887    0.301      1863.052          059003.000135   059003.000484 P        0.0000  cm-1
86811.421    0.301      1241.772          059003.000184   059003.000510          1.0000  cm-1
86779.410    0.301      6199.412          059003.000051   059003.000325 P        0.0000  cm-1
86779.410    0.301      6199.412          059003.000126   059003.000381          1.0000  cm-1
86779.410    0.301      6199.412          059003.000115   059003.000466 P        0.0000  cm-1
86670.422    0.300      3083.569          059003.000129   059003.000385          1.0000  cm-1
86648.287    0.300      616.056           059003.000096   059003.000349          1.0000  cm-1
86615.621    0.300      615.084           059003.000127   059003.000381 P        0.0000  cm-1
86602.204    0.300      614.685           059003.000126   059003.000377 P        0.0000  cm-1
86602.204    0.300      614.685           059003.000044   059003.000317          1.0000  cm-1
86532.508    0.300      1225.210          059003.000130   059003.000384          1.0000  cm-1
86524.117    0.299      24494.176         059003.000184   059003.000506          1.0000  cm-1
86514.829    0.299      1836.230          059003.000133   059003.000393 P        0.0000  cm-1
86514.829    0.299      1836.230          059003.000120   059003.000468          1.0000  cm-1
86514.829    0.299      1836.230          059003.000134   059003.000482 P        0.0000  cm-1
86474.513    0.299      9163.041          059003.000120   059003.000467 P        0.0000  cm-1
86474.513    0.299      9163.041          059003.000131   059003.000388          1.0000  cm-1
86409.591    0.299      12178.413         059003.000129   059003.000383          1.0000  cm-1
86358.481    0.298      1214.765          059003.000146   059003.000411          1.0000  cm-1
86339.222    0.596      3034.009          059003.000150   059003.000496          0.0736  cm-1
86339.222    0.596      3034.009          059003.000135   059003.000398          0.9264  cm-1
86290.888    0.298      605.342           059003.000068   059003.000545 P        0.0000  cm-1
86290.888    0.298      605.342           059003.000127   059003.000470 P        0.0000  cm-1
86290.888    0.298      605.342           059003.000123   059003.000468          1.0000  cm-1
86290.888    0.298      605.342           059003.000148   059003.000494 P        0.0000  cm-1
86244.296    0.298      6039.325          059003.000131   059003.000476          1.0000  cm-1
86220.416    0.297      12064.174         059003.000048   059003.000322 P        0.0000  cm-1
86220.416    0.297      12064.174         059003.000130   059003.000472 P        0.0000  cm-1
86220.416    0.297      12064.174         059003.000120   059003.000367          1.0000  cm-1
86176.508    0.297      2407.504          059003.000123   059003.000370          1.0000  cm-1
86153.629    0.297      6011.804          059003.000119   059003.000365          0.6640  cm-1
86153.629    0.297      6011.804          059003.000130   059003.000380          0.3360  cm-1
86145.917    0.297      1802.837          059003.000129   059003.000379          1.0000  cm-1
86145.917    0.297      1802.837          059003.000068   059003.000544 P        0.0000  cm-1
86140.672    0.297      1201.572          059003.000129   059003.000378          1.0000  cm-1
86098.520    0.297      4796.018          059003.000131   059003.000385          1.0000  cm-1
86093.196    0.296      4195.379          059003.000106   059003.000352 P        0.0000  cm-1
86093.196    0.296      4195.379          059003.000184   059003.000503          1.0000  cm-1
86093.196    0.296      4195.379          059003.000148   059003.000411 P        0.0000  cm-1
85925.031    0.295      2376.770          059003.000119   059003.000464 P        0.0000  cm-1
85925.031    0.295      2376.770          059003.000058   059003.000330          1.0000  cm-1
85862.027    0.295      592.254           059003.000105   059003.000350          1.0000  cm-1
85804.075    0.294      1771.402          059003.000148   059003.000409 P        0.0000  cm-1
85804.075    0.294      1771.402          059003.000132   059003.000388          1.0000  cm-1
85704.198    0.294      5873.770          059003.000151   059003.000413          1.0000  cm-1
85535.593    0.293      5821.315          059003.000129   059003.000375 P        0.0000  cm-1
85428.903    0.292      5787.941          059003.000132   059003.000385 P        0.0000  cm-1
85390.769    0.292      2310.392          059003.000120   059003.000361 P        0.0000  cm-1
85263.914    0.291      17208.179         059003.000120   059003.000360 P        0.0000  cm-1
85076.698    0.290      567.680           059003.000052   059003.000320          1.0000  cm-1
85073.215    0.289      567.569           059003.000135   059003.000624          1.0000  cm-1
85060.198    0.289      5671.557          059003.000126   059003.000370          1.0000  cm-1
84994.405    0.289      2825.312          059003.000132   059003.000381          1.0000  cm-1
84897.873    0.577      11239.645         059003.000157   059003.000495 P        0.0000  cm-1
84897.873    0.577      11239.645         059003.000132   059003.000378          1.0000  cm-1
84896.072    0.577      2809.623          059003.000115   059003.000357          1.0000  cm-1
84896.072    0.577      2809.623          059003.000127   059003.000370 P        0.0000  cm-1
84888.786    0.288      2808.459          059003.000134   059003.000474 P        0.0000  cm-1
84879.571    0.288      22455.883         059003.000143   059003.000491 P        0.0000  cm-1
84849.889    0.288      1681.342          059003.000068   059003.000334 P        0.0000  cm-1
84849.889    0.288      1681.342          059003.000186   059003.000510          1.0000  cm-1
84764.508    0.287      2230.840          059003.000119   059003.000462          1.0000  cm-1
84761.123    0.287      2230.405          059003.000156   059003.000412          1.0000  cm-1
84761.123    0.287      2230.405          059003.000155   059003.000493 P        0.0000  cm-1
84744.609    0.287      44565.663         059003.000127   059003.000368 P        0.0000  cm-1
84744.609    0.287      44565.663         059003.000046   059003.000456 P        0.0000  cm-1
84616.400    0.286      552.943           059003.000051   059003.000314 P        0.0000  cm-1
84616.400    0.286      552.943           059003.000139   059003.000479          1.0000  cm-1
84612.976    0.286      1105.665          059003.000141   059003.000401 P        0.0000  cm-1
84612.976    0.286      1105.665          059003.000120   059003.000359          1.0000  cm-1
84571.974    0.572      3309.051          059003.000126   059003.000365          1.0000  cm-1
84571.974    0.572      3309.051          059003.000129   059003.000372 P        0.0000  cm-1
84571.974    0.572      3309.051          059003.000158   059003.000495 P        0.0000  cm-1
84571.974    0.572      3309.051          059003.000056   059003.000322 P        0.0000  cm-1
84571.974    0.572      3309.051          059003.000158   059003.000494 P        0.0000  cm-1
84555.508    0.286      8264.646          059003.000144   059003.000491 P        0.0000  cm-1
84555.508    0.286      8264.646          059003.000130   059003.000371          1.0000  cm-1
84545.584    0.286      11013.111         059003.000135   059003.000384          1.0000  cm-1
84477.217    0.285      548.442           059003.000154   059003.000410          1.0000  cm-1
84474.009    0.285      548.338           059003.000115   059003.000353 P        0.0000  cm-1
84402.002    0.285      546.002           059003.000129   059003.000369          0.5005  cm-1
84402.002    0.285      546.002           059003.000055   059003.000320          0.4995  cm-1
84402.002    0.285      546.002           059003.000158   059003.000493 P        0.0000  cm-1
84378.582    0.285      1090.482          059003.000119   059003.000458 P        0.0000  cm-1
84341.079    0.285      544.021           059003.000144   059003.000487          1.0000  cm-1
84233.506    0.284      1081.030          059003.000179   059003.000499          1.0000  cm-1
84216.328    0.284      539.954           059003.000103   059003.000560          1.0000  cm-1
84212.636    0.284      2159.334          059003.000186   059003.000623          1.0000  cm-1
84204.210    0.284      8093.374          059003.000119   059003.000357          1.0000  cm-1
84131.024    0.283      1611.493          059003.000186   059003.000503          1.0000  cm-1
84024.295    0.282      5336.647          059003.000143   059003.000402 P        0.0000  cm-1
84024.295    0.282      5336.647          059003.000055   059003.000317 P        0.0000  cm-1
84024.295    0.282      5336.647          059003.000130   059003.000365          1.0000  cm-1
83889.307    0.281      7938.350          059003.000121   059003.000357 P        0.0000  cm-1
83889.307    0.281      7938.350          059003.000179   059003.000418          1.0000  cm-1
83859.408    0.281      528.237           059003.000146   059003.000488 P        0.0000  cm-1
83836.782    0.281      1582.473          059003.000146   059003.000487          1.0000  cm-1
83730.370    0.280      10479.475         059003.000120   059003.000354          1.0000  cm-1
83633.585    0.280      2083.067          059003.000129   059003.000362          1.0000  cm-1
83576.195    0.279      518.861           059003.000180   059003.000497          1.0000  cm-1
83549.671    0.279      5179.798          059003.000180   059003.000417          0.7540  cm-1
83549.671    0.279      5179.798          059003.000139   059003.000388 P        0.0000  cm-1
83549.671    0.279      5179.798          059003.000193   059003.000603 P        0.0000  cm-1
83549.671    0.279      5179.798          059003.000144   059003.000484          0.2460  cm-1
83542.272    0.279      517.734           059003.000120   059003.000353          1.0000  cm-1
83506.972    0.279      15496.788         059003.000129   059003.000361          1.0000  cm-1
83501.101    0.279      25818.210         059003.000120   059003.000352          1.0000  cm-1
83501.101    0.279      25818.210         059003.000092   059003.000344 P        0.0000  cm-1
83496.785    0.279      1032.441          059003.000103   059003.000347          1.0000  cm-1
83444.675    0.279      20579.399         059003.000146   059003.000405          1.0000  cm-1
83438.889    0.557      1028.584          059003.000140   059003.000477 P        0.0000  cm-1
83328.687    0.555      2553.073          059003.000125   059003.000459 P        0.0000  cm-1
83323.608    0.278      4083.558          059003.000131   059003.000364          1.0000  cm-1
83319.226    0.555      2551.492          059003.000139   059003.000476          0.9035  cm-1
83319.226    0.555      2551.492          059003.000123   059003.000353          0.0965  cm-1
83294.111    0.278      1528.376          059003.000146   059003.000404          1.0000  cm-1
83294.111    0.278      1528.376          059003.000090   059003.000551 P        0.0000  cm-1
83272.325    0.277      508.730           059003.000126   059003.000359          1.0000  cm-1
83194.763    0.277      506.133           059003.000119   059003.000350          1.0000  cm-1
83167.773    0.277      2020.914          059003.000110   059003.000348          1.0000  cm-1
83167.773    0.277      2020.914          059003.000144   059003.000483 P        0.0000  cm-1
83162.628    0.553      2525.280          059003.000133   059003.000468 P        0.0000  cm-1
83159.031    0.277      1009.871          059003.000143   059003.000478 P        0.0000  cm-1
83159.031    0.277      1009.871          059003.000132   059003.000369          1.0000  cm-1
83133.193    0.276      504.069           059003.000161   059003.000494 P        0.0000  cm-1
83125.718    0.276      503.818           059003.000144   059003.000397 P        0.0000  cm-1
83121.792    0.553      1007.372          059003.000152   059003.000489 P        0.0000  cm-1
83121.792    0.553      1007.372          059003.000133   059003.000467          1.0000  cm-1
83118.197    0.553      5035.654          059003.000125   059003.000458 P        0.0000  cm-1
83118.197    0.553      5035.654          059003.000142   059003.000477 P        0.0000  cm-1
83118.197    0.553      5035.654          059003.000167   059003.000496          1.0000  cm-1
83118.197    0.553      5035.654          059003.000077   059003.000543 P        0.0000  cm-1
83107.129    0.276      503.194           059003.000127   059003.000359 P        0.0000  cm-1
83107.129    0.276      503.194           059003.000181   059003.000499          1.0000  cm-1
83107.129    0.276      503.194           059003.000182   059003.000499 P        0.0000  cm-1
83094.583    0.276      1005.545          059003.000125   059003.000358 P        0.0000  cm-1
83094.583    0.276      1005.545          059003.000132   059003.000367          1.0000  cm-1
83060.203    0.552      1003.236          059003.000150   059003.000487 P        0.0000  cm-1
83056.485    0.276      2005.972          059003.000146   059003.000401          0.4613  cm-1
83056.485    0.276      2005.972          059003.000151   059003.000488          0.5387  cm-1
83051.099    0.276      25065.594         059003.000151   059003.000407          1.0000  cm-1
83021.229    0.551      2001.231          059003.000058   059003.000315 P        0.0000  cm-1
83021.229    0.551      2001.231          059003.000144   059003.000395          1.0000  cm-1
82987.614    0.551      9983.539          059003.000140   059003.000624 P        0.0000  cm-1
82987.614    0.551      9983.539          059003.000141   059003.000389 P        0.0000  cm-1
82941.094    0.550      995.222           059003.000125   059003.000357 P        0.0000  cm-1
82780.577    0.548      19687.862         059003.000148   059003.000484 P        0.0000  cm-1
82762.815    0.274      983.193           059003.000181   059003.000418          1.0000  cm-1
82729.767    0.548      980.959           059003.000068   059003.000542 P        0.0000  cm-1
82729.767    0.548      980.959           059003.000164   059003.000412          0.9723  cm-1
82729.767    0.548      980.959           059003.000123   059003.000350          0.0277  cm-1
82717.219    0.547      980.110           059003.000163   059003.000493 P        0.0000  cm-1
82639.301    0.273      9748.369          059003.000151   059003.000405 P        0.0000  cm-1
82639.301    0.273      9748.369          059003.000135   059003.000468 P        0.0000  cm-1
82633.826    0.273      1948.932          059003.000130   059003.000462 P        0.0000  cm-1
82633.826    0.273      1948.932          059003.000183   059003.000497 P        0.0000  cm-1
82633.826    0.273      1948.932          059003.000127   059003.000458 P        0.0000  cm-1
82568.810    0.273      1455.091          059003.000146   059003.000398          1.0000  cm-1
82508.391    0.272      482.981           059003.000167   059003.000413          1.0000  cm-1
82504.629    0.272      965.707           059003.000130   059003.000460          1.0000  cm-1
82504.629    0.272      965.707           059003.000188   059003.000505 P        0.0000  cm-1
82489.804    0.272      482.350           059003.000151   059003.000404          1.0000  cm-1
82334.205    0.271      477.063           059003.000155   059003.000489          0.3288  cm-1
82334.205    0.271      477.063           059003.000139   059003.000469 P        0.0000  cm-1
82334.205    0.271      477.063           059003.000166   059003.000410          0.6712  cm-1
82237.109    0.271      947.514           059003.000154   059003.000407          1.0000  cm-1
82165.011    0.270      471.300           059003.000134   059003.000364 P        0.0000  cm-1
82157.872    0.270      1884.226          059003.000131   059003.000359          1.0000  cm-1
82157.872    0.270      1884.226          059003.000149   059003.000395 P        0.0000  cm-1
82137.331    0.270      1411.068          059003.000132   059003.000360          1.0000  cm-1
82125.807    0.270      18798.512         059003.000189   059003.000502 P        0.0000  cm-1
82074.635    0.269      1872.866          059003.000130   059003.000357          1.0000  cm-1
82065.896    0.269      935.836           059003.000136   059003.000563 P        0.0000  cm-1
82065.896    0.269      935.836           059003.000158   059003.000491          1.0000  cm-1
82020.472    0.269      9327.340          059003.000163   059003.000492          0.2494  cm-1
82020.472    0.269      9327.340          059003.000146   059003.000392          0.7506  cm-1
82020.472    0.269      9327.340          059003.000137   059003.000371 P        0.0000  cm-1
82000.814    0.269      465.695           059003.000130   059003.000355          1.0000  cm-1
81968.895    0.269      929.209           059003.000154   059003.000406          1.0000  cm-1
81948.481    0.269      1855.628          059003.000103   059003.000550          0.7517  cm-1
81948.481    0.269      1855.628          059003.000153   059003.000486          0.2483  cm-1
81940.487    0.269      463.634           059003.000156   059003.000406          1.0000  cm-1
81821.484    0.268      459.563           059003.000152   059003.000483 P        0.0000  cm-1
81821.484    0.268      459.563           059003.000159   059003.000490          1.0000  cm-1
81818.722    0.268      918.936           059003.000151   059003.000397          1.0000  cm-1
81799.794    0.268      4588.200          059003.000172   059003.000413          1.0000  cm-1
81799.794    0.268      4588.200          059003.000156   059003.000405 P        0.0000  cm-1
81698.331    0.267      2276.722          059003.000172   059003.000412          1.0000  cm-1
81698.331    0.267      2276.722          059003.000064   059003.000457 P        0.0000  cm-1
81428.787    0.265      892.193           059003.000146   059003.000389          0.7556  cm-1
81428.787    0.265      892.193           059003.000153   059003.000484          0.2444  cm-1
81392.795    0.530      4448.601          059003.000171   059003.000410          1.0000  cm-1
81392.795    0.530      4448.601          059003.000149   059003.000477 P        0.0000  cm-1
81392.795    0.530      4448.601          059003.000159   059003.000486 P        0.0000  cm-1
81301.528    0.529      1325.172          059003.000146   059003.000624 P        0.0000  cm-1
81087.090    0.263      434.349           059003.000131   059003.000353          1.0000  cm-1
81065.320    0.263      433.600           059003.000130   059003.000350          1.0000  cm-1
81045.887    0.525      1298.795          059003.000153   059003.000483          0.4910  cm-1
81045.887    0.525      1298.795          059003.000131   059003.000352          0.5090  cm-1
81027.419    0.263      1296.888          059003.000159   059003.000402 P        0.0000  cm-1
81002.217    0.262      1294.286          059003.000110   059003.000552          1.0000  cm-1
80994.686    0.262      431.169           059003.000155   059003.000397          1.0000  cm-1
80931.887    0.524      8580.156          059003.000154   059003.000396 P        0.0000  cm-1
80867.168    0.262      426.780           059003.000153   059003.000482          1.0000  cm-1
80774.991    0.261      1694.423          059003.000146   059003.000384          1.0000  cm-1
80679.829    0.260      2942.299          059003.000154   059003.000394 P        0.0000  cm-1
80679.829    0.260      2942.299          059003.000107   059003.000341          1.0000  cm-1
80578.417    0.519      2084.179          059003.000158   059003.000398 P        0.0000  cm-1
80578.417    0.519      2084.179          059003.000070   059003.000457          0.8472  cm-1
80578.417    0.519      2084.179          059003.000156   059003.000393          0.1528  cm-1
80578.417    0.519      2084.179          059003.000140   059003.000373 P        0.0000  cm-1
80472.087    0.259      413.174           059003.000124   059003.000560          1.0000  cm-1
80342.632    0.258      817.433           059003.000159   059003.000395          1.0000  cm-1
80342.632    0.258      817.433           059003.000117   059003.000556 P        0.0000  cm-1
80287.691    0.258      2034.125          059003.000046   059003.000312          1.0000  cm-1
80201.476    0.515      2019.287          059003.000148   059003.000472 P        0.0000  cm-1
80062.435    0.256      1197.220          059003.000092   059003.000329          1.0000  cm-1
79812.481    0.510      2733.372          059003.000153   059003.000389          0.8962  cm-1
79812.481    0.510      2733.372          059003.000185   059003.000414          0.1038  cm-1
79686.680    0.254      1930.813          059003.000153   059003.000624          1.0000  cm-1
79686.680    0.254      1930.813          059003.000118   059003.000343 P        0.0000  cm-1
79670.993    0.254      1156.873          059003.000151   059003.000381          1.0000  cm-1
79651.580    0.254      384.958           059003.000162   059003.000485          1.0000  cm-1
79594.896    0.253      7660.283          059003.000124   059003.000558 P        0.0000  cm-1
79594.896    0.253      7660.283          059003.000041   059003.000308          1.0000  cm-1
79495.300    0.253      379.601           059003.000151   059003.000377          1.0000  cm-1
79447.035    0.252      755.895           059003.000103   059003.000333          1.0000  cm-1
79443.629    0.252      377.831           059003.000167   059003.000405 P        0.0000  cm-1
79437.010    0.505      1510.417          059003.000154   059003.000476 P        0.0000  cm-1
79381.013    0.252      1502.750          059003.000153   059003.000386          1.0000  cm-1
79302.705    0.252      7460.176          059003.000141   059003.000361 P        0.0000  cm-1
79302.705    0.252      7460.176          059003.000144   059003.000371          1.0000  cm-1
79302.705    0.252      7460.176          059003.000124   059003.000557 P        0.0000  cm-1
79247.402    0.251      7422.371          059003.000167   059003.000403          1.0000  cm-1
79159.393    0.251      7362.258          059003.000153   059003.000384          1.0000  cm-1
79145.915    0.251      7353.057          059003.000172   059003.000407          1.0000  cm-1
79029.704    0.500      1818.449          059003.000154   059003.000383          0.8245  cm-1
79029.704    0.500      1818.449          059003.000153   059003.000382          0.0538  cm-1
79029.704    0.500      1818.449          059003.000157   059003.000473          0.1217  cm-1
79009.173    0.250      7259.806          059003.000158   059003.000386          0.1534  cm-1
79009.173    0.250      7259.806          059003.000107   059003.000334          0.3672  cm-1
79009.173    0.250      7259.806          059003.000173   059003.000407          0.4794  cm-1
78877.838    0.249      14340.814         059003.000172   059003.000406          1.0000  cm-1
78859.121    0.249      357.884           059003.000153   059003.000381          1.0000  cm-1
78813.434    0.248      712.663           059003.000176   059003.000490          1.0000  cm-1
78787.802    0.248      710.922           059003.000158   059003.000384          1.0000  cm-1
78787.802    0.248      710.922           059003.000122   059003.000551 P        0.0000  cm-1
78780.792    0.248      355.223           059003.000176   059003.000489          0.3361  cm-1
78780.792    0.248      355.223           059003.000165   059003.000482 P        0.0000  cm-1
78780.792    0.248      355.223           059003.000153   059003.000380          0.6639  cm-1
78771.223    0.248      354.898           059003.000144   059003.000365          1.0000  cm-1
78626.916    0.247      350.005           059003.000122   059003.000549          1.0000  cm-1
78620.423    0.494      3497.853          059003.000167   059003.000397 P        0.0000  cm-1
78620.423    0.494      3497.853          059003.000164   059003.000394 P        0.0000  cm-1
78620.423    0.494      3497.853          059003.000063   059003.000313 P        0.0000  cm-1
78573.721    0.247      1044.614          059003.000139   059003.000356 P        0.0000  cm-1
78573.721    0.247      1044.614          059003.000090   059003.000322          1.0000  cm-1
78573.721    0.247      1044.614          059003.000187   059003.000498 P        0.0000  cm-1
78565.703    0.247      347.933           059003.000168   059003.000483          1.0000  cm-1
78565.703    0.247      347.933           059003.000140   059003.000462 P        0.0000  cm-1
78560.704    0.247      6955.283          059003.000109   059003.000333          1.0000  cm-1
78532.318    0.247      1734.021          059003.000160   059003.000389 P        0.0000  cm-1
78532.318    0.247      1734.021          059003.000146   059003.000366          1.0000  cm-1
78532.318    0.247      1734.021          059003.000092   059003.000542 P        0.0000  cm-1
78436.035    0.246      6871.035          059003.000046   059003.000310          1.0000  cm-1
78349.820    0.246      340.644           059003.000163   059003.000392          1.0000  cm-1
78349.820    0.246      340.644           059003.000139   059003.000354 P        0.0000  cm-1
78332.326    0.491      680.110           059003.000145   059003.000364          1.0000  cm-1
78332.326    0.491      680.110           059003.000198   059003.000617 P        0.0000  cm-1
78319.770    0.491      679.264           059003.000165   059003.000392 P        0.0000  cm-1
78312.399    0.245      339.384           059003.000094   059003.000542          1.0000  cm-1
77880.218    0.243      3248.996          059003.000160   059003.000384          1.0000  cm-1
77728.473    0.483      12793.922         059003.000165   059003.000389 P        0.0000  cm-1
77704.002    0.242      95710.551         059003.000188   059003.000415 P        0.0000  cm-1
77704.002    0.242      95710.551         059003.000173   059003.000396          0.1202  cm-1
77704.002    0.242      95710.551         059003.000166   059003.000390          0.8798  cm-1
77655.677    0.482      634.863           059003.000168   059003.000477 P        0.0000  cm-1
77579.585    0.241      629.821           059003.000143   059003.000461 P        0.0000  cm-1
77579.585    0.241      629.821           059003.000160   059003.000381          1.0000  cm-1
77530.384    0.240      313.283           059003.000124   059003.000342          1.0000  cm-1
77453.096    0.480      6214.619          059003.000166   059003.000387          0.9593  cm-1
77453.096    0.480      6214.619          059003.000173   059003.000394          0.0407  cm-1
77453.096    0.480      6214.619          059003.000054   059003.000311 P        0.0000  cm-1
77395.676    0.240      308.838           059003.000047   059003.000308          1.0000  cm-1
77334.797    0.239      1534.177          059003.000176   059003.000395          1.0000  cm-1
77277.189    0.239      3049.432          059003.000200   059003.000619 P        0.0000  cm-1
77277.189    0.239      3049.432          059003.000042   059003.000307          1.0000  cm-1
77273.601    0.239      914.476           059003.000153   059003.000373          1.0000  cm-1
77273.601    0.239      914.476           059003.000041   059003.000306 P        0.0000  cm-1
77252.522    0.239      608.268           059003.000144   059003.000460          1.0000  cm-1
77191.887    0.238      9064.418          059003.000154   059003.000372          1.0000  cm-1
77191.887    0.238      9064.418          059003.000088   059003.000457 P        0.0000  cm-1
77051.809    0.237      892.715           059003.000117   059003.000543          0.9605  cm-1
77051.809    0.237      892.715           059003.000161   059003.000381          0.0395  cm-1
76970.869    0.237      589.874           059003.000164   059003.000383          1.0000  cm-1
76958.186    0.237      2945.248          059003.000154   059003.000367          1.0000  cm-1
76958.186    0.237      2945.248          059003.000073   059003.000313 P        0.0000  cm-1
76906.212    0.237      878.512           059003.000064   059003.000312          1.0000  cm-1
76886.589    0.236      14610.048         059003.000166   059003.000383          1.0000  cm-1
76763.885    0.236      2882.313          059003.000091   059003.000457 P        0.0000  cm-1
76763.885    0.236      2882.313          059003.000171   059003.000390          1.0000  cm-1
76763.885    0.236      2882.313          059003.000165   059003.000472 P        0.0000  cm-1
76748.276    0.236      863.182           059003.000144   059003.000355          1.0000  cm-1
76716.480    0.235      573.404           059003.000159   059003.000373          1.0000  cm-1
76591.791    0.235      282.692           059003.000168   059003.000473 P        0.0000  cm-1
76583.105    0.235      282.413           059003.000173   059003.000389          1.0000  cm-1
76576.008    0.235      282.186           059003.000172   059003.000388          1.0000  cm-1
76545.072    0.234      281.194           059003.000158   059003.000366          1.0000  cm-1
76498.508    0.468      5594.074          059003.000124   059003.000335 P        0.0000  cm-1
76498.508    0.468      5594.074          059003.000093   059003.000457 P        0.0000  cm-1
76438.918    0.234      555.600           059003.000173   059003.000388          1.0000  cm-1
76438.918    0.234      555.600           059003.000148   059003.000459 P        0.0000  cm-1
76418.892    0.234      554.323           059003.000053   059003.000309          1.0000  cm-1
76345.720    0.466      549.663           059003.000172   059003.000476          0.8918  cm-1
76345.720    0.466      549.663           059003.000149   059003.000459          0.1082  cm-1
76335.815    0.233      274.517           059003.000181   059003.000496          1.0000  cm-1
76317.995    0.233      547.901           059003.000146   059003.000357          1.0000  cm-1
76279.285    0.465      272.722           059003.000195   059003.000586 P        0.0000  cm-1
76279.285    0.465      272.722           059003.000158   059003.000365          1.0000  cm-1
76199.998    0.232      1891.479          059003.000172   059003.000385          1.0000  cm-1
76139.644    0.464      1341.528          059003.000197   059003.000594 P        0.0000  cm-1
76130.276    0.232      536.020           059003.000147   059003.000355          1.0000  cm-1
76127.713    0.232      2679.294          059003.000154   059003.000361          1.0000  cm-1
76095.619    0.232      5338.367          059003.000164   059003.000375          1.0000  cm-1
76095.619    0.232      5338.367          059003.000099   059003.000457 P        0.0000  cm-1
76070.321    0.231      532.245           059003.000045   059003.000307          1.0000  cm-1
76070.321    0.231      532.245           059003.000167   059003.000469 P        0.0000  cm-1
76011.183    0.231      264.265           059003.000173   059003.000474 P        0.0000  cm-1
76011.183    0.231      264.265           059003.000166   059003.000375          1.0000  cm-1
75972.601    0.231      263.055           059003.000156   059003.000360          1.0000  cm-1
75946.361    0.231      786.702           059003.000171   059003.000383          1.0000  cm-1
75769.289    0.230      256.715           059003.000046   059003.000307          1.0000  cm-1
75766.523    0.230      256.629           059003.000172   059003.000381          1.0000  cm-1
75670.430    0.229      1268.264          059003.000172   059003.000378          1.0000  cm-1
75670.430    0.229      1268.264          059003.000060   059003.000310 P        0.0000  cm-1
75621.443    0.229      252.140           059003.000430   059003.000549          1.0000  cm-1
75494.780    0.456      12412.269         059003.000171   059003.000471 P        0.0000  cm-1
75462.878    0.228      989.072           059003.000178   059003.000390          1.0000  cm-1
75289.477    0.227      1209.908          059003.000181   059003.000409          1.0000  cm-1
75275.588    0.227      7246.803          059003.000073   059003.000312          1.0000  cm-1
75218.575    0.226      239.833           059003.000163   059003.000373 P        0.0000  cm-1
75218.575    0.226      239.833           059003.000083   059003.000313 P        0.0000  cm-1
75132.320    0.226      14233.751         059003.000105   059003.000456 P        0.0000  cm-1
75132.320    0.226      14233.751         059003.000164   059003.000372          1.0000  cm-1
75103.824    0.226      236.371           059003.000050   059003.000307          1.0000  cm-1
75054.835    0.225      234.900           059003.000064   059003.000310          1.0000  cm-1
75054.835    0.225      234.900           059003.000165   059003.000370 P        0.0000  cm-1
75054.835    0.225      234.900           059003.000211   059003.000613 P        0.0000  cm-1
74973.636    0.450      4649.378          059003.000212   059003.000607 P        0.0000  cm-1
74916.980    0.225      461.558           059003.000160   059003.000463 P        0.0000  cm-1
74907.316    0.224      2304.911          059003.000182   059003.000492 P        0.0000  cm-1
74898.837    0.224      23023.874         059003.000164   059003.000367          1.0000  cm-1
74706.701    0.446      449.102           059003.000159   059003.000462 P        0.0000  cm-1
74706.701    0.446      449.102           059003.000230   059003.000622 P        0.0000  cm-1
74693.198    0.223      896.614           059003.000154   059003.000356          1.0000  cm-1
74468.203    0.222      2175.744          059003.000154   059003.000354          1.0000  cm-1
74365.806    0.221      1073.041          059003.000136   059003.000548          1.0000  cm-1
74344.626    0.442      42799.394         059003.000063   059003.000309 P        0.0000  cm-1
74339.819    0.442      21385.835         059003.000165   059003.000464 P        0.0000  cm-1
74339.819    0.442      21385.835         059003.000170   059003.000371 P        0.0000  cm-1
74230.117    0.220      6321.160          059003.000063   059003.000308          1.0000  cm-1
74210.790    0.220      2101.520          059003.000156   059003.000352          1.0000  cm-1
74110.627    0.220      1451.063          059003.000165   059003.000463 P        0.0000  cm-1
74110.627    0.220      1451.063          059003.000166   059003.000362          1.0000  cm-1
74095.031    0.220      1447.960          059003.000073   059003.000311          1.0000  cm-1
74088.333    0.220      206.661           059003.000046   059003.000305 P        0.0000  cm-1
74088.333    0.220      206.661           059003.000199   059003.000428          1.0000  cm-1
74056.193    0.439      2057.493          059003.000217   059003.000618 P        0.0000  cm-1
74024.439    0.219      204.850           059003.000173   059003.000468          1.0000  cm-1
73936.540    0.219      60711.238         059003.000070   059003.000310          1.0000  cm-1
73910.531    0.219      403.280           059003.000206   059003.000599 P        0.0000  cm-1
73910.531    0.219      403.280           059003.000173   059003.000370          1.0000  cm-1
73877.011    0.437      2006.994          059003.000206   059003.000594 P        0.0000  cm-1
73877.011    0.437      2006.994          059003.000206   059003.000593 P        0.0000  cm-1
73877.011    0.437      2006.994          059003.000206   059003.000592 P        0.0000  cm-1
73810.812    0.218      397.697           059003.000431   059003.000619 P        0.0000  cm-1
73789.088    0.218      594.728           059003.000179   059003.000405          1.0000  cm-1
73727.008    0.435      393.033           059003.000201   059003.000428 P        0.0000  cm-1
73625.077    0.217      387.395           059003.000156   059003.000349          1.0000  cm-1
73579.083    0.433      577.295           059003.000221   059003.000618 P        0.0000  cm-1
73579.083    0.433      577.295           059003.000124   059003.000323          1.0000  cm-1
73415.360    0.216      187.958           059003.000180   059003.000404          1.0000  cm-1
73401.435    0.431      3751.601          059003.000179   059003.000401          1.0000  cm-1
73397.021    0.431      7498.411          059003.000207   059003.000602 P        0.0000  cm-1
73297.500    0.215      184.769           059003.000180   059003.000485          0.0955  cm-1
73297.500    0.215      184.769           059003.000171   059003.000363          0.6589  cm-1
73297.500    0.215      184.769           059003.000095   059003.000313          0.2456  cm-1
73293.244    0.215      369.309           059003.000430   059003.000334          1.0000  cm-1
73178.483    0.214      544.728           059003.000097   059003.000313          1.0000  cm-1
73165.686    0.214      543.702           059003.000180   059003.000484          1.0000  cm-1
73064.109    0.427      17853.284         059003.000209   059003.000603 P        0.0000  cm-1
73064.109    0.427      17853.284         059003.000124   059003.000320 P        0.0000  cm-1
73064.109    0.427      17853.284         059003.000209   059003.000600 P        0.0000  cm-1
72985.822    0.213      352.929           059003.000099   059003.000313          1.0000  cm-1
72967.612    0.213      2639.779          059003.000167   059003.000359 P        0.0000  cm-1
72967.612    0.213      2639.779          059003.000179   059003.000397          1.0000  cm-1
72967.612    0.213      2639.779          059003.000173   059003.000463 P        0.0000  cm-1
72927.767    0.425      349.877           059003.000223   059003.000617 P        0.0000  cm-1
72917.117    0.425      17465.953         059003.000224   059003.000617 P        0.0000  cm-1
72879.708    0.425      521.042           059003.000223   059003.000612 P        0.0000  cm-1
72783.427    0.212      1711.738          059003.000180   059003.000483          1.0000  cm-1
72783.427    0.212      1711.738          059003.000168   059003.000462 P        0.0000  cm-1
72769.672    0.212      341.634           059003.000201   059003.000589 P        0.0000  cm-1
72682.500    0.211      168.566           059003.000073   059003.000309          1.0000  cm-1
72674.832    0.211      673.474           059003.000226   059003.000614 P        0.0000  cm-1
72672.722    0.211      1346.514          059003.000080   059003.000311          1.0000  cm-1
72633.779    0.211      2509.714          059003.000164   059003.000356          1.0000  cm-1
72569.370    0.211      2485.005          059003.000073   059003.000308          1.0000  cm-1
72548.677    0.211      165.140           059003.000166   059003.000356          0.1057  cm-1
72548.677    0.211      165.140           059003.000081   059003.000311          0.8943  cm-1
72465.979    0.210      489.121           059003.000119   059003.000456 P        0.0000  cm-1
72465.979    0.210      489.121           059003.000047   059003.000303 P        0.0000  cm-1
72465.979    0.210      489.121           059003.000181   059003.000403          1.0000  cm-1
72400.331    0.210      1613.839          059003.000088   059003.000312          1.0000  cm-1
72387.914    0.210      16107.162         059003.000064   059003.000307          1.0000  cm-1
72368.528    0.209      642.339           059003.000104   059003.000313 P        0.0000  cm-1
72364.876    0.209      320.986           059003.000179   059003.000392          1.0000  cm-1
72356.535    0.209      160.284           059003.000183   059003.000485 P        0.0000  cm-1
72356.535    0.209      160.284           059003.000083   059003.000311          1.0000  cm-1
72356.535    0.209      160.284           059003.000214   059003.000596 P        0.0000  cm-1
72340.521    0.209      319.765           059003.000202   059003.000580 P        0.0000  cm-1
72340.521    0.209      319.765           059003.000214   059003.000593 P        0.0000  cm-1
72340.521    0.209      319.765           059003.000214   059003.000592 P        0.0000  cm-1
72274.805    0.209      316.483           059003.000210   059003.000429 P        0.0000  cm-1
72274.805    0.209      316.483           059003.000181   059003.000401          1.0000  cm-1
72272.299    0.418      47453.662         059003.000049   059003.000454 P        0.0000  cm-1
72219.420    0.209      470.595           059003.000124   059003.000314 P        0.0000  cm-1
72219.420    0.209      470.595           059003.000216   059003.000602 P        0.0000  cm-1
72178.236    0.417      779.229           059003.000164   059003.000352 P        0.0000  cm-1
72141.591    0.208      464.825           059003.000180   059003.000392          1.0000  cm-1
72057.792    0.208      6115.409          059003.000230   059003.000609 P        0.0000  cm-1
72057.792    0.208      6115.409          059003.000079   059003.000310          1.0000  cm-1
72045.901    0.208      152.595           059003.000179   059003.000391 P        0.0000  cm-1
72042.316    0.208      152.507           059003.000106   059003.000313          1.0000  cm-1
71820.136    0.206      147.133           059003.000217   059003.000600 P        0.0000  cm-1
71805.499    0.206      440.348           059003.000184   059003.000486 P        0.0000  cm-1
71796.523    0.206      14656.796         059003.000108   059003.000313          1.0000  cm-1
71760.410    0.206      291.412           059003.000082   059003.000310 P        0.0000  cm-1
71760.410    0.206      291.412           059003.000195   059003.000574          1.0000  cm-1
71713.626    0.206      433.782           059003.000218   059003.000596 P        0.0000  cm-1
71708.227    0.206      288.932           059003.000219   059003.000597 P        0.0000  cm-1
71705.916    0.411      8664.658          059003.000076   059003.000309          0.0759  cm-1
71705.916    0.411      8664.658          059003.000219   059003.000596 P        0.0000  cm-1
71705.916    0.411      8664.658          059003.000093   059003.000312          0.9241  cm-1
71699.086    0.411      2884.982          059003.000218   059003.000593 P        0.0000  cm-1
71699.086    0.411      2884.982          059003.000176   059003.000462 P        0.0000  cm-1
71695.691    0.206      1441.687          059003.000183   059003.000395          1.0000  cm-1
71674.514    0.411      574.670           059003.000211   059003.000428 P        0.0000  cm-1
71674.514    0.411      574.670           059003.000175   059003.000460 P        0.0000  cm-1
71650.793    0.205      715.536           059003.000197   059003.000577          1.0000  cm-1
71647.505    0.205      286.059           059003.000173   059003.000458 P        0.0000  cm-1
71647.505    0.205      286.059           059003.000179   059003.000624          1.0000  cm-1
71610.470    0.205      7107.888          059003.000235   059003.000617 P        0.0000  cm-1
71570.325    0.205      706.079           059003.000195   059003.000573          1.0000  cm-1
71564.331    0.205      2821.511          059003.000041   059003.000299          1.0000  cm-1
71534.902    0.205      280.775           059003.000184   059003.000404          1.0000  cm-1
71495.212    0.204      697.315           059003.000097   059003.000312 P        0.0000  cm-1
71495.212    0.204      697.315           059003.000188   059003.000496 P        0.0000  cm-1
71488.617    0.204      5572.383          059003.000236   059003.000619 P        0.0000  cm-1
71472.420    0.204      694.667           059003.000173   059003.000357          1.0000  cm-1
71420.407    0.204      413.188           059003.000111   059003.000313          1.0000  cm-1
71406.428    0.204      961.846           059003.000078   059003.000309          1.0000  cm-1
71397.409    0.408      2743.973          059003.000175   059003.000358 P        0.0000  cm-1
71368.617    0.204      13653.603         059003.000197   059003.000576          1.0000  cm-1
71338.181    0.204      407.513           059003.000042   059003.000448          1.0000  cm-1
71324.288    0.407      13551.935         059003.000221   059003.000602 P        0.0000  cm-1
71320.476    0.203      1083.457          059003.000060   059003.000305 P        0.0000  cm-1
71320.476    0.203      1083.457          059003.000069   059003.000307          1.0000  cm-1
71303.387    0.203      1080.332          059003.000041   059003.000446 P        0.0000  cm-1
71303.387    0.203      1080.332          059003.000099   059003.000312          1.0000  cm-1
71296.212    0.203      404.633           059003.000184   059003.000401 P        0.0000  cm-1
71296.212    0.203      404.633           059003.000194   059003.000572          1.0000  cm-1
71288.897    0.203      2694.215          059003.000176   059003.000358 P        0.0000  cm-1
71280.570    0.203      5380.835          059003.000195   059003.000572          1.0000  cm-1
71267.161    0.203      13421.546         059003.000207   059003.000589 P        0.0000  cm-1
71260.094    0.203      13405.464         059003.000080   059003.000309          1.0000  cm-1
71260.094    0.203      13405.464         059003.000207   059003.000588 P        0.0000  cm-1
71219.898    0.203      2662.841          059003.000088   059003.000311          1.0000  cm-1
71175.696    0.203      3964.278          059003.000430   059003.000542 P        0.0000  cm-1
71169.309    0.203      131.999           059003.000175   059003.000355 P        0.0000  cm-1
71152.399    0.203      263.235           059003.000203   059003.000426          1.0000  cm-1
71146.824    0.202      6574.605          059003.000080   059003.000308          1.0000  cm-1
71120.171    0.202      1963.398          059003.000179   059003.000384          1.0000  cm-1
71062.498    0.202      648.013           059003.000176   059003.000355 P        0.0000  cm-1
71062.498    0.202      648.013           059003.000430   059003.000322          1.0000  cm-1
71060.079    0.404      1295.486          059003.000196   059003.000421          1.0000  cm-1
71058.910    0.404      1295.226          059003.000257   059003.000622 P        0.0000  cm-1
71058.910    0.404      1295.226          059003.000042   059003.000299          1.0000  cm-1
71048.712    0.404      3878.855          059003.000066   059003.000455          1.0000  cm-1
71044.218    0.202      387.585           059003.000216   059003.000428          1.0000  cm-1
71034.184    0.202      2579.433          059003.000196   059003.000420          1.0000  cm-1
71011.585    0.202      1284.694          059003.000218   059003.000429          1.0000  cm-1
71011.585    0.202      1284.694          059003.000173   059003.000352 P        0.0000  cm-1
70995.298    0.202      384.324           059003.000054   059003.000303          1.0000  cm-1
70948.201    0.201      2541.330          059003.000194   059003.000419          1.0000  cm-1
70945.386    0.201      381.013           059003.000205   059003.000427          1.0000  cm-1
70936.681    0.201      634.062           059003.000047   059003.000450          1.0000  cm-1
70931.997    0.403      12670.926         059003.000183   059003.000477 P        0.0000  cm-1
70931.997    0.403      12670.926         059003.000195   059003.000419          1.0000  cm-1
70931.997    0.403      12670.926         059003.000050   059003.000452 P        0.0000  cm-1
70906.699    0.201      7569.162          059003.000082   059003.000308          1.0000  cm-1
70895.430    0.402      1259.052          059003.000180   059003.000384 P        0.0000  cm-1
70895.430    0.402      1259.052          059003.000112   059003.000313          1.0000  cm-1
70889.265    0.201      12576.999         059003.000220   059003.000429          1.0000  cm-1
70884.526    0.201      1256.661          059003.000188   059003.000413 P        0.0000  cm-1
70884.526    0.201      1256.661          059003.000062   059003.000305          1.0000  cm-1
70884.526    0.201      1256.661          059003.000126   059003.000456 P        0.0000  cm-1
70862.485    0.201      250.367           059003.000184   059003.000397 P        0.0000  cm-1
70862.485    0.201      250.367           059003.000210   059003.000586 P        0.0000  cm-1
70853.034    0.402      374.930           059003.000432   059003.000602 P        0.0000  cm-1
70851.690    0.402      1249.474          059003.000194   059003.000571          1.0000  cm-1
70851.690    0.402      1249.474          059003.000209   059003.000582 P        0.0000  cm-1
70834.980    0.401      12458.259         059003.000195   059003.000571          0.5739  cm-1
70834.980    0.401      12458.259         059003.000205   059003.000426          0.4261  cm-1
70830.607    0.201      2489.745          059003.000083   059003.000308          1.0000  cm-1
70825.333    0.201      2487.446          059003.000206   059003.000427          1.0000  cm-1
70806.629    0.201      2479.301          059003.000197   059003.000421          1.0000  cm-1
70780.180    0.200      49356.221         059003.000197   059003.000420          1.0000  cm-1
70759.632    0.401      368.836           059003.000041   059003.000296          0.1758  cm-1
70759.632    0.401      368.836           059003.000070   059003.000306          0.8242  cm-1
70733.071    0.200      367.113           059003.000222   059003.000603 P        0.0000  cm-1
70714.505    0.200      6098.537          059003.000206   059003.000426          1.0000  cm-1
70714.505    0.200      6098.537          059003.000190   059003.000495 P        0.0000  cm-1
70709.845    0.200      243.741           059003.000222   059003.000602 P        0.0000  cm-1
70633.632    0.200      36070.645         059003.000223   059003.000593 P        0.0000  cm-1
70633.632    0.200      36070.645         059003.000223   059003.000592 P        0.0000  cm-1
70627.763    0.200      120.110           059003.000217   059003.000428          1.0000  cm-1
70613.233    0.199      599.000           059003.000057   059003.000454          1.0000  cm-1
70613.233    0.199      599.000           059003.000241   059003.000617 P        0.0000  cm-1
70582.631    0.199      2382.973          059003.000060   059003.000304          1.0000  cm-1
70548.822    0.199      118.431           059003.000088   059003.000310          1.0000  cm-1
70473.842    0.199      817.948           059003.000085   059003.000309          1.0000  cm-1
70421.495    0.397      1157.530          059003.000226   059003.000596 P        0.0000  cm-1
70419.011    0.397      5785.054          059003.000072   059003.000306          1.0000  cm-1
70405.980    0.198      577.145           059003.000226   059003.000592 P        0.0000  cm-1
70383.125    0.198      1724.294          059003.000115   059003.000313          1.0000  cm-1
70383.125    0.198      1724.294          059003.000245   059003.000618 P        0.0000  cm-1
70360.003    0.198      11447.240         059003.000085   059003.000308 P        0.0000  cm-1
70360.003    0.198      11447.240         059003.000106   059003.000312          1.0000  cm-1
70349.270    0.198      114.250           059003.000227   059003.000606 P        0.0000  cm-1
70319.585    0.396      340.906           059003.000053   059003.000452          1.0000  cm-1
70319.585    0.396      340.906           059003.000177   059003.000357 P        0.0000  cm-1
70296.240    0.395      1131.535          059003.000246   059003.000614 P        0.0000  cm-1
70296.240    0.395      1131.535          059003.000246   059003.000613 P        0.0000  cm-1
70287.998    0.198      1129.837          059003.000227   059003.000599 P        0.0000  cm-1
70287.998    0.198      1129.837          059003.000227   059003.000598 P        0.0000  cm-1
70276.887    0.198      225.510           059003.000213   059003.000583 P        0.0000  cm-1
70276.887    0.198      225.510           059003.000214   059003.000590 P        0.0000  cm-1
70276.887    0.198      225.510           059003.000086   059003.000309          1.0000  cm-1
70268.432    0.395      225.162           059003.000191   059003.000495 P        0.0000  cm-1
70268.432    0.395      225.162           059003.000072   059003.000455          1.0000  cm-1
70268.432    0.395      225.162           059003.000191   059003.000494 P        0.0000  cm-1
70264.828    0.395      450.028           059003.000246   059003.000607 P        0.0000  cm-1
70254.673    0.197      336.896           059003.000247   059003.000612 P        0.0000  cm-1
70254.673    0.197      336.896           059003.000042   059003.000296          0.1313  cm-1
70254.673    0.197      336.896           059003.000213   059003.000581 P        0.0000  cm-1
70254.673    0.197      336.896           059003.000053   059003.000451          0.8687  cm-1
70254.673    0.197      336.896           059003.000227   059003.000592 P        0.0000  cm-1
70241.829    0.197      560.176           059003.000186   059003.000489          1.0000  cm-1
70186.517    0.197      221.810           059003.000185   059003.000486          0.1719  cm-1
70186.517    0.197      221.810           059003.000214   059003.000579 P        0.0000  cm-1
70186.517    0.197      221.810           059003.000430   059003.000317          0.8281  cm-1
70122.926    0.197      10961.457         059003.000099   059003.000311          1.0000  cm-1
70076.398    0.196      10867.599         059003.000181   059003.000474 P        0.0000  cm-1
70049.537    0.196      324.409           059003.000248   059003.000617 P        0.0000  cm-1
70027.123    0.196      4307.492          059003.000087   059003.000309          1.0000  cm-1
69993.563    0.196      321.051           059003.000182   059003.000384          1.0000  cm-1
69913.988    0.196      2108.759          059003.000087   059003.000308          1.0000  cm-1
69884.617    0.195      314.576           059003.000060   059003.000303          1.0000  cm-1
69869.291    0.195      2091.145          059003.000199   059003.000421          1.0000  cm-1
69854.147    0.195      312.780           059003.000093   059003.000310          1.0000  cm-1
69854.147    0.195      312.780           059003.000230   059003.000599 P        0.0000  cm-1
69846.499    0.390      520.549           059003.000053   059003.000450          1.0000  cm-1
69831.676    0.390      519.098           059003.000046   059003.000448 P        0.0000  cm-1
69785.086    0.390      514.551           059003.000233   059003.000604 P        0.0000  cm-1
69785.086    0.390      514.551           059003.000231   059003.000600 P        0.0000  cm-1
69738.116    0.195      2039.970          059003.000111   059003.000312          1.0000  cm-1
69693.932    0.194      4045.816          059003.000088   059003.000308          0.5730  cm-1
69693.932    0.194      4045.816          059003.000181   059003.000381          0.4270  cm-1
69638.999    0.194      1000.909          059003.000069   059003.000305          1.0000  cm-1
69569.812    0.194      691.407           059003.000218   059003.000582 P        0.0000  cm-1
69547.274    0.193      98.345            059003.000237   059003.000601 P        0.0000  cm-1
69547.274    0.193      98.345            059003.000203   059003.000576          1.0000  cm-1
69539.232    0.387      4909.654          059003.000219   059003.000581 P        0.0000  cm-1
69539.232    0.387      4909.654          059003.000219   059003.000580 P        0.0000  cm-1
69539.232    0.387      4909.654          059003.000049   059003.000301 P        0.0000  cm-1
69515.309    0.387      1954.827          059003.000197   059003.000574 P        0.0000  cm-1
69506.281    0.193      487.856           059003.000237   059003.000593 P        0.0000  cm-1
69506.281    0.193      487.856           059003.000104   059003.000311          1.0000  cm-1
69504.004    0.193      292.585           059003.000089   059003.000309          1.0000  cm-1
69496.321    0.193      194.767           059003.000105   059003.000311          1.0000  cm-1
69466.629    0.193      9682.610          059003.000054   059003.000450          1.0000  cm-1
69448.205    0.193      2894.434          059003.000062   059003.000303          1.0000  cm-1
69433.169    0.193      481.001           059003.000132   059003.000457          1.0000  cm-1
69409.111    0.385      957.516           059003.000431   059003.000588 P        0.0000  cm-1
69403.773    0.385      95.652            059003.000191   059003.000492 P        0.0000  cm-1
69398.765    0.385      1911.183          059003.000235   059003.000600 P        0.0000  cm-1
69377.577    0.193      1903.314          059003.000121   059003.000313          1.0000  cm-1
69334.187    0.192      943.632           059003.000080   059003.000307          0.0719  cm-1
69334.187    0.192      943.632           059003.000169   059003.000348          0.9281  cm-1
69334.187    0.192      943.632           059003.000236   059003.000604 P        0.0000  cm-1
69299.824    0.192      93.731            059003.000063   059003.000303          1.0000  cm-1
69268.429    0.384      186.310           059003.000215   059003.000427          1.0000  cm-1
69246.995    0.192      1855.266          059003.000072   059003.000305          1.0000  cm-1
69246.995    0.192      1855.266          059003.000236   059003.000603 P        0.0000  cm-1
69236.206    0.192      185.133           059003.000041   059003.000445          1.0000  cm-1
69225.670    0.383      4618.730          059003.000123   059003.000313          0.3154  cm-1
69225.670    0.383      4618.730          059003.000236   059003.000602 P        0.0000  cm-1
69225.670    0.383      4618.730          059003.000047   059003.000298          0.6846  cm-1
69225.670    0.383      4618.730          059003.000198   059003.000573 P        0.0000  cm-1
69202.577    0.383      275.865           059003.000254   059003.000619 P        0.0000  cm-1
69190.794    0.191      183.482           059003.000185   059003.000398          1.0000  cm-1
69179.401    0.191      27460.445         059003.000106   059003.000311          1.0000  cm-1
69172.605    0.191      365.647           059003.000234   059003.000597 P        0.0000  cm-1
69172.605    0.191      365.647           059003.000234   059003.000596 P        0.0000  cm-1
69164.806    0.383      4563.546          059003.000255   059003.000617 P        0.0000  cm-1
69164.806    0.383      4563.546          059003.000050   059003.000448          1.0000  cm-1
69164.806    0.383      4563.546          059003.000202   059003.000421 P        0.0000  cm-1
69139.026    0.191      90.806            059003.000185   059003.000395          1.0000  cm-1
69094.122    0.191      269.999           059003.000082   059003.000307          1.0000  cm-1
69052.769    0.191      8926.110          059003.000114   059003.000312          1.0000  cm-1
69035.793    0.381      889.590           059003.000197   059003.000572 P        0.0000  cm-1
69021.978    0.191      443.568           059003.000095   059003.000309          1.0000  cm-1
68941.736    0.190      174.594           059003.000186   059003.000483 P        0.0000  cm-1
68941.736    0.190      174.594           059003.000238   059003.000602 P        0.0000  cm-1
68919.890    0.380      347.656           059003.000180   059003.000371          1.0000  cm-1
68908.818    0.190      2601.608          059003.000095   059003.000308          1.0000  cm-1
68900.990    0.380      25975.031         059003.000097   059003.000309 P        0.0000  cm-1
68900.990    0.380      25975.031         059003.000186   059003.000397 P        0.0000  cm-1
68900.990    0.380      25975.031         059003.000069   059003.000304          1.0000  cm-1
68880.814    0.190      8623.140          059003.000079   059003.000306          1.0000  cm-1
68870.289    0.379      688.385           059003.000133   059003.000456          1.0000  cm-1
68847.848    0.190      85.658            059003.000186   059003.000398          1.0000  cm-1
68843.555    0.190      85.584            059003.000256   059003.000614 P        0.0000  cm-1
68843.555    0.190      85.584            059003.000256   059003.000613 P        0.0000  cm-1
68843.555    0.190      85.584            059003.000046   059003.000297          1.0000  cm-1
68843.555    0.190      85.584            059003.000196   059003.000571 P        0.0000  cm-1
68828.482    0.189      3412.901          059003.000060   059003.000452          1.0000  cm-1
68822.469    0.379      8521.850          059003.000256   059003.000612 P        0.0000  cm-1
68822.469    0.379      8521.850          059003.000256   059003.000611 P        0.0000  cm-1
68818.677    0.379      1703.059          059003.000237   059003.000429          1.0000  cm-1
68803.938    0.189      2546.952          059003.000098   059003.000309 P        0.0000  cm-1
68789.757    0.189      592.578           059003.000054   059003.000302 P        0.0000  cm-1
68789.757    0.189      592.578           059003.000097   059003.000308          1.0000  cm-1
68763.248    0.189      1683.965          059003.000229   059003.000428 P        0.0000  cm-1
68763.248    0.189      1683.965          059003.000060   059003.000451          1.0000  cm-1
68763.248    0.189      1683.965          059003.000240   059003.000604 P        0.0000  cm-1
68747.322    0.378      419.626           059003.000046   059003.000296          1.0000  cm-1
68730.562    0.378      33455.396         059003.000079   059003.000455          1.0000  cm-1
68700.996    0.189      2494.027          059003.000239   059003.000597 P        0.0000  cm-1
68700.996    0.189      2494.027          059003.000115   059003.000312          1.0000  cm-1
68700.996    0.189      2494.027          059003.000239   059003.000596 P        0.0000  cm-1
68654.243    0.189      164.682           059003.000240   059003.000602          1.0000  cm-1
68654.243    0.189      164.682           059003.000180   059003.000366 P        0.0000  cm-1
68646.520    0.188      82.210            059003.000218   059003.000427          1.0000  cm-1
68636.586    0.188      3281.699          059003.000184   059003.000380 P        0.0000  cm-1
68613.791    0.377      326.633           059003.000179   059003.000365 P        0.0000  cm-1
68610.075    0.188      2447.875          059003.000134   059003.000456          1.0000  cm-1
68597.274    0.188      813.807           059003.000099   059003.000308          1.0000  cm-1
68592.094    0.188      162.588           059003.000231   059003.000428          1.0000  cm-1
68577.604    0.188      810.509           059003.000199   059003.000574          1.0000  cm-1
68558.228    0.376      2421.806          059003.000111   059003.000311          1.0000  cm-1
68554.137    0.188      161.317           059003.000053   059003.000448          1.0000  cm-1
68528.020    0.376      160.447           059003.000219   059003.000426          1.0000  cm-1
68521.080    0.188      240.324           059003.000206   059003.000420          0.6387  cm-1
68521.080    0.188      240.324           059003.000067   059003.000303          0.3613  cm-1
68508.439    0.188      3195.921          059003.000072   059003.000304 P        0.0000  cm-1
68508.439    0.188      3195.921          059003.000106   059003.000310          1.0000  cm-1
68490.804    0.188      3184.232          059003.000224   059003.000582 P        0.0000  cm-1
68482.692    0.188      79.472            059003.000223   059003.000581 P        0.0000  cm-1
68436.048    0.187      157.406           059003.000225   059003.000580 P        0.0000  cm-1
68436.048    0.187      157.406           059003.000225   059003.000579 P        0.0000  cm-1
68427.301    0.187      314.237           059003.000136   059003.000541 P        0.0000  cm-1
68417.419    0.374      7839.715          059003.000257   059003.000612 P        0.0000  cm-1
68417.419    0.374      7839.715          059003.000257   059003.000611 P        0.0000  cm-1
68417.419    0.374      7839.715          059003.000069   059003.000454          1.0000  cm-1
68392.202    0.187      3899.230          059003.000184   059003.000470 P        0.0000  cm-1
68392.202    0.187      3899.230          059003.000062   059003.000452          1.0000  cm-1
68366.716    0.187      2327.073          059003.000070   059003.000454          1.0000  cm-1
68337.194    0.187      15417.918         059003.000073   059003.000304          1.0000  cm-1
68326.822    0.187      30768.635         059003.000062   059003.000451 P        0.0000  cm-1
68317.398    0.187      767.691           059003.000241   059003.000593 P        0.0000  cm-1
68317.398    0.187      767.691           059003.000241   059003.000592 P        0.0000  cm-1
68282.598    0.373      4572.477          059003.000242   059003.000599 P        0.0000  cm-1
68282.598    0.373      4572.477          059003.000242   059003.000598 P        0.0000  cm-1
68258.406    0.186      15163.880         059003.000226   059003.000578 P        0.0000  cm-1
68253.607    0.186      15148.496         059003.000242   059003.000595 P        0.0000  cm-1
68253.607    0.186      15148.496         059003.000226   059003.000579 P        0.0000  cm-1
68253.607    0.186      15148.496         059003.000212   059003.000577          1.0000  cm-1
68253.607    0.186      15148.496         059003.000242   059003.000594 P        0.0000  cm-1
68249.319    0.186      151.348           059003.000242   059003.000592 P        0.0000  cm-1
68249.319    0.186      151.348           059003.000049   059003.000297          1.0000  cm-1
68213.574    0.186      75.103            059003.000064   059003.000452          1.0000  cm-1
68213.574    0.186      75.103            059003.000084   059003.000455 P        0.0000  cm-1
68197.931    0.186      74.854            059003.000244   059003.000597 P        0.0000  cm-1
68162.569    0.372      742.929           059003.000228   059003.000589 P        0.0000  cm-1
68162.569    0.372      742.929           059003.000180   059003.000464 P        0.0000  cm-1
68154.842    0.186      222.512           059003.000228   059003.000587 P        0.0000  cm-1
68138.691    0.186      739.158           059003.000200   059003.000573          1.0000  cm-1
68133.906    0.371      7384.036          059003.000227   059003.000584 P        0.0000  cm-1
68109.349    0.186      1469.081          059003.000126   059003.000313          1.0000  cm-1
68101.384    0.186      14665.810         059003.000087   059003.000307          1.0000  cm-1
68101.384    0.186      14665.810         059003.000227   059003.000579 P        0.0000  cm-1
68093.310    0.371      366.012           059003.000247   059003.000600 P        0.0000  cm-1
68093.310    0.371      366.012           059003.000104   059003.000309          1.0000  cm-1
68083.769    0.185      730.531           059003.000105   059003.000309          1.0000  cm-1
68049.839    0.185      507.664           059003.000236   059003.000428          1.0000  cm-1
68049.839    0.185      507.664           059003.000181   059003.000467 P        0.0000  cm-1
68032.433    0.185      144.505           059003.000246   059003.000594 P        0.0000  cm-1
68032.433    0.185      144.505           059003.000112   059003.000311          1.0000  cm-1
68032.433    0.185      144.505           059003.000186   059003.000477 P        0.0000  cm-1
68025.123    0.370      216.418           059003.000247   059003.000596 P        0.0000  cm-1
68025.123    0.370      216.418           059003.000072   059003.000454          1.0000  cm-1
68015.129    0.370      1439.685          059003.000182   059003.000371 P        0.0000  cm-1
68015.129    0.370      1439.685          059003.000053   059003.000446          1.0000  cm-1
68012.217    0.185      719.391           059003.000247   059003.000593 P        0.0000  cm-1
67945.531    0.185      2127.334          059003.000127   059003.000313          1.0000  cm-1
67919.470    0.185      1410.241          059003.000213   059003.000577          1.0000  cm-1
67913.736    0.184      70.424            059003.000054   059003.000300 P        0.0000  cm-1
67913.736    0.184      70.424            059003.000174   059003.000347          1.0000  cm-1
67881.516    0.184      139.867           059003.000088   059003.000307          1.0000  cm-1
67871.892    0.184      139.575           059003.000202   059003.000574          1.0000  cm-1
67855.496    0.368      278.155           059003.000169   059003.000345 P        0.0000  cm-1
67855.496    0.368      278.155           059003.000214   059003.000577          1.0000  cm-1
67855.496    0.368      278.155           059003.000258   059003.000618 P        0.0000  cm-1
67773.274    0.367      1366.019          059003.000229   059003.000586 P        0.0000  cm-1
67773.274    0.367      1366.019          059003.000229   059003.000585 P        0.0000  cm-1
67770.790    0.184      682.638           059003.000248   059003.000597 P        0.0000  cm-1
67770.790    0.184      682.638           059003.000063   059003.000450          1.0000  cm-1
67764.442    0.184      681.689           059003.000191   059003.000491 P        0.0000  cm-1
67712.004    0.183      2021.645          059003.000183   059003.000366 P        0.0000  cm-1
67681.617    0.183      200.816           059003.000202   059003.000573          1.0000  cm-1
67675.020    0.183      534.730           059003.000191   059003.000489 P        0.0000  cm-1
67660.043    0.366      1332.411          059003.000205   059003.000575          1.0000  cm-1
67660.043    0.366      1332.411          059003.000249   059003.000600 P        0.0000  cm-1
67653.505    0.183      6652.436          059003.000106   059003.000308          1.0000  cm-1
67653.505    0.183      6652.436          059003.000080   059003.000305 P        0.0000  cm-1
67639.038    0.183      663.119           059003.000073   059003.000303          1.0000  cm-1
67634.886    0.183      1325.020          059003.000054   059003.000446          1.0000  cm-1
67632.820    0.183      529.766           059003.000250   059003.000602 P        0.0000  cm-1
67632.820    0.183      529.766           059003.000210   059003.000421          1.0000  cm-1
67630.717    0.183      198.570           059003.000241   059003.000429          1.0000  cm-1
67620.797    0.183      330.223           059003.000232   059003.000589 P        0.0000  cm-1
67614.434    0.183      131.903           059003.000232   059003.000588 P        0.0000  cm-1
67609.448    0.183      1317.575          059003.000250   059003.000601 P        0.0000  cm-1
67607.029    0.183      658.434           059003.000210   059003.000420          1.0000  cm-1
67588.170    0.365      655.684           059003.000185   059003.000475 P        0.0000  cm-1
67588.170    0.365      655.684           059003.000232   059003.000585 P        0.0000  cm-1
67581.496    0.183      1309.426          059003.000186   059003.000624 P        0.0000  cm-1
67581.496    0.183      1309.426          059003.000223   059003.000427          1.0000  cm-1
67574.469    0.183      130.738           059003.000239   059003.000428          1.0000  cm-1
67572.722    0.183      2613.750          059003.000231   059003.000582 P        0.0000  cm-1
67572.722    0.183      2613.750          059003.000214   059003.000576          1.0000  cm-1
67563.318    0.365      652.072           059003.000130   059003.000313          1.0000  cm-1
67543.514    0.182      129.841           059003.000123   059003.000312          1.0000  cm-1
67524.090    0.182      193.919           059003.000045   059003.000445          1.0000  cm-1
67520.341    0.182      2583.431          059003.000115   059003.000311          1.0000  cm-1
67513.138    0.182      322.410           059003.000041   059003.000289 P        0.0000  cm-1
67500.296    0.182      450.081           059003.000200   059003.000419          1.0000  cm-1
67500.296    0.182      450.081           059003.000251   059003.000600 P        0.0000  cm-1
67494.192    0.182      64.210            059003.000244   059003.000429          1.0000  cm-1
67489.869    0.182      192.443           059003.000259   059003.000618 P        0.0000  cm-1
67470.601    0.182      638.715           059003.000223   059003.000426          1.0000  cm-1
67457.402    0.182      1273.658          059003.000211   059003.000421          1.0000  cm-1
67457.402    0.182      1273.658          059003.000059   059003.000301 P        0.0000  cm-1
67446.246    0.182      190.571           059003.000047   059003.000293          1.0000  cm-1
67412.700    0.182      630.469           059003.000082   059003.000305          1.0000  cm-1
67409.516    0.182      504.014           059003.000212   059003.000421          1.0000  cm-1
67407.794    0.182      314.887           059003.000108   059003.000308          1.0000  cm-1
67403.703    0.182      629.194           059003.000189   059003.000400 P        0.0000  cm-1
67403.703    0.182      629.194           059003.000200   059003.000571          1.0000  cm-1
67383.364    0.182      187.895           059003.000212   059003.000420          1.0000  cm-1
67383.364    0.182      187.895           059003.000260   059003.000619 P        0.0000  cm-1
67375.871    0.182      187.578           059003.000237   059003.000582 P        0.0000  cm-1
67375.871    0.182      187.578           059003.000245   059003.000429 P        0.0000  cm-1
67375.871    0.182      187.578           059003.000205   059003.000574          1.0000  cm-1
67371.913    0.363      18741.082         059003.000088   059003.000306          1.0000  cm-1
67355.436    0.181      3111.918          059003.000237   059003.000581 P        0.0000  cm-1
67355.436    0.181      3111.918          059003.000226   059003.000427          1.0000  cm-1
67355.436    0.181      3111.918          059003.000190   059003.000402 P        0.0000  cm-1
67343.159    0.181      1241.319          059003.000246   059003.000429          1.0000  cm-1
67257.317    0.181      60.869            059003.000182   059003.000464 P        0.0000  cm-1
67243.300    0.362      6067.555          059003.000186   059003.000475 P        0.0000  cm-1
67243.300    0.362      6067.555          059003.000226   059003.000426 P        0.0000  cm-1
67243.300    0.362      6067.555          059003.000169   059003.000553 P        0.0000  cm-1
67211.394    0.181      1204.716          059003.000253   059003.000603 P        0.0000  cm-1
67201.095    0.181      1802.830          059003.000114   059003.000310          1.0000  cm-1
67195.183    0.181      60.013            059003.000075   059003.000303 P        0.0000  cm-1
67150.728    0.361      237.623           059003.000252   059003.000594 P        0.0000  cm-1
67144.785    0.180      2372.991          059003.000111   059003.000309          1.0000  cm-1
67128.104    0.180      177.294           059003.000188   059003.000399 P        0.0000  cm-1
67116.926    0.360      2947.328          059003.000189   059003.000399 P        0.0000  cm-1
67113.470    0.360      176.699           059003.000263   059003.000617 P        0.0000  cm-1
67113.470    0.360      176.699           059003.000433   059003.000428          0.8733  cm-1
67113.470    0.360      176.699           059003.000243   059003.000428          0.1267  cm-1
67094.688    0.180      117.292           059003.000063   059003.000302          1.0000  cm-1
67091.842    0.180      2930.370          059003.000227   059003.000426          1.0000  cm-1
67075.070    0.180      408.670           059003.000213   059003.000421          1.0000  cm-1
67037.020    0.360      578.709           059003.000047   059003.000445          1.0000  cm-1
67031.772    0.180      173.402           059003.000111   059003.000308          1.0000  cm-1
67031.772    0.180      173.402           059003.000181   059003.000463 P        0.0000  cm-1
67008.316    0.359      5748.775          059003.000042   059003.000289          1.0000  cm-1
67008.316    0.359      5748.775          059003.000234   059003.000578 P        0.0000  cm-1
67008.316    0.359      5748.775          059003.000234   059003.000581 P        0.0000  cm-1
66984.891    0.179      3430.584          059003.000214   059003.000420          1.0000  cm-1
66952.782    0.179      283.757           059003.000245   059003.000428          1.0000  cm-1
66952.782    0.179      283.757           059003.000255   059003.000600 P        0.0000  cm-1
66946.777    0.359      226.689           059003.000202   059003.000571          1.0000  cm-1
66946.777    0.359      226.689           059003.000091   059003.000306 P        0.0000  cm-1
66925.438    0.358      2255.654          059003.000188   059003.000396 P        0.0000  cm-1
66925.438    0.358      2255.654          059003.000186   059003.000382 P        0.0000  cm-1
66900.962    0.179      560.703           059003.000247   059003.000428          1.0000  cm-1
66887.524    0.358      111.789           059003.000265   059003.000619 P        0.0000  cm-1
66887.524    0.358      111.789           059003.000191   059003.000485 P        0.0000  cm-1
66887.524    0.358      111.789           059003.000255   059003.000597 P        0.0000  cm-1
66879.792    0.179      11158.740         059003.000265   059003.000618 P        0.0000  cm-1
66867.000    0.179      389.389           059003.000085   059003.000305          1.0000  cm-1
66865.173    0.179      1668.096          059003.000203   059003.000419          1.0000  cm-1
66805.619    0.179      383.823           059003.000174   059003.000344 P        0.0000  cm-1
66784.570    0.178      163.683           059003.000099   059003.000307          1.0000  cm-1
66784.570    0.178      163.683           059003.000060   059003.000299 P        0.0000  cm-1
66767.980    0.178      54.348            059003.000435   059003.000428 P        0.0000  cm-1
66767.980    0.178      54.348            059003.000230   059003.000427          1.0000  cm-1
66736.696    0.178      53.948            059003.000188   059003.000480 P        0.0000  cm-1
66730.467    0.178      215.476           059003.000251   059003.000429          1.0000  cm-1
66677.511    0.356      2659.884          059003.000093   059003.000306          1.0000  cm-1
66677.511    0.356      2659.884          059003.000188   059003.000394 P        0.0000  cm-1
66663.109    0.178      2650.806          059003.000076   059003.000303          0.9627  cm-1
66663.109    0.178      2650.806          059003.000179   059003.000357          0.0373  cm-1
66626.639    0.355      157.675           059003.000062   059003.000448          1.0000  cm-1
66619.846    0.178      1049.465          059003.000112   059003.000309          1.0000  cm-1
66592.267    0.177      521.292           059003.000256   059003.000596 P        0.0000  cm-1
66592.267    0.177      521.292           059003.000063   059003.000449          1.0000  cm-1
66547.411    0.177      515.730           059003.000205   059003.000419          1.0000  cm-1
66535.067    0.177      514.207           059003.000239   059003.000581 P        0.0000  cm-1
66514.920    0.354      5117.271          059003.000240   059003.000588 P        0.0000  cm-1
66514.920    0.354      5117.271          059003.000121   059003.000311          1.0000  cm-1
66514.920    0.354      5117.271          059003.000240   059003.000587 P        0.0000  cm-1
66506.734    0.177      1021.444          059003.000112   059003.000308          1.0000  cm-1
66471.776    0.353      20257.808         059003.000204   059003.000571 P        0.0000  cm-1
66471.776    0.353      20257.808         059003.000141   059003.000457          1.0000  cm-1
66471.776    0.353      20257.808         059003.000096   059003.000306 P        0.0000  cm-1
66460.107    0.177      101.005           059003.000252   059003.000429          1.0000  cm-1
66454.770    0.177      1513.121          059003.000237   059003.000427          1.0000  cm-1
66454.770    0.177      1513.121          059003.000084   059003.000304 P        0.0000  cm-1
66427.125    0.177      250.510           059003.000126   059003.000312          1.0000  cm-1
66365.590    0.176      49.361            059003.000062   059003.000300 P        0.0000  cm-1
66365.590    0.176      49.361            059003.000174   059003.000550          0.4526  cm-1
66365.590    0.176      49.361            059003.000180   059003.000355          0.5474  cm-1
66363.028    0.176      147.990           059003.000123   059003.000311          1.0000  cm-1
66309.736    0.352      973.896           059003.000169   059003.000547 P        0.0000  cm-1
66274.895    0.351      337.978           059003.000099   059003.000306          1.0000  cm-1
66262.239    0.351      96.267            059003.000127   059003.000312          1.0000  cm-1
66244.241    0.351      2396.093          059003.000179   059003.000353 P        0.0000  cm-1
66169.332    0.175      188.194           059003.000064   059003.000299          1.0000  cm-1
66169.332    0.175      188.194           059003.000241   059003.000578 P        0.0000  cm-1
66169.332    0.175      188.194           059003.000059   059003.000297 P        0.0000  cm-1
66138.092    0.175      466.876           059003.000141   059003.000456          1.0000  cm-1
66128.564    0.350      4657.789          059003.000085   059003.000304          0.5912  cm-1
66128.564    0.350      4657.789          059003.000046   059003.000291          0.4088  cm-1
66128.564    0.350      4657.789          059003.000242   059003.000584 P        0.0000  cm-1
66109.928    0.175      46.364            059003.000073   059003.000450          1.0000  cm-1
66107.919    0.175      46.341            059003.000115   059003.000309          1.0000  cm-1
66070.707    0.349      229.579           059003.000066   059003.000301          1.0000  cm-1
66067.571    0.175      229.400           059003.000213   059003.000575          1.0000  cm-1
65976.381    0.174      672.759           059003.000082   059003.000303          1.0000  cm-1
65976.381    0.174      672.759           059003.000211   059003.000573 P        0.0000  cm-1
65947.186    0.174      44.525            059003.000053   059003.000445          1.0000  cm-1
65939.881    0.348      1777.727          059003.000063   059003.000446          1.0000  cm-1
65930.311    0.174      221.684           059003.000221   059003.000421          1.0000  cm-1
65904.769    0.347      4405.373          059003.000246   059003.000583 P        0.0000  cm-1
65900.417    0.174      440.056           059003.000083   059003.000303          1.0000  cm-1
65892.567    0.347      878.379           059003.000256   059003.000429 P        0.0000  cm-1
65851.866    0.173      86.943            059003.000047   059003.000290          1.0000  cm-1
65847.734    0.173      86.853            059003.000041   059003.000282          1.0000  cm-1
65834.249    0.347      173.116           059003.000134   059003.000313 P        0.0000  cm-1
65822.085    0.173      4314.620          059003.000074   059003.000450          1.0000  cm-1
65822.085    0.173      4314.620          059003.000266   059003.000617 P        0.0000  cm-1
65783.929    0.173      42.732            059003.000042   059003.000284          0.6649  cm-1
65783.929    0.173      42.732            059003.000213   059003.000574          0.3351  cm-1
65692.617    0.345      4175.208          059003.000123   059003.000310          1.0000  cm-1
65681.916    0.345      83.277            059003.000087   059003.000304          1.0000  cm-1
65365.836    0.171      2292.540          059003.000064   059003.000296          1.0000  cm-1
63721.012    0.162      2086.900          059003.000126   059003.000308          1.0000  cm-1
63557.112    0.323      20668.966         059003.000272   059003.000617 P        0.0000  cm-1
63557.112    0.323      20668.966         059003.000127   059003.000308          1.0000  cm-1
63296.907    0.160      2035.325          059003.000154   059003.000457          1.0000  cm-1
63286.929    0.160      6102.355          059003.000130   059003.000309          1.0000  cm-1
62712.746    0.157      19652.761         059003.000135   059003.000311          1.0000  cm-1
61680.881    0.152      184438.861        059003.000141   059003.000312          1.0000  cm-1
61628.642    0.152      1838.366          059003.000070   059003.000291          1.0000  cm-1
61539.631    0.151      1828.127          059003.000255   059003.000421 P        0.0000  cm-1
61539.631    0.151      1828.127          059003.000148   059003.000313          1.0000  cm-1
61446.421    0.302      363486.791        059003.000134   059003.000308          1.0000  cm-1
61446.421    0.302      363486.791        059003.000149   059003.000313 P        0.0000  cm-1
61344.166    0.301      9028.691          059003.000085   059003.000295 P        0.0000  cm-1
61344.166    0.301      9028.691          059003.000188   059003.000359 P        0.0000  cm-1
61344.166    0.301      9028.691          059003.000272   059003.000600 P        0.0000  cm-1
61344.166    0.301      9028.691          059003.000096   059003.000301          0.0948  cm-1
61344.166    0.301      9028.691          059003.000042   059003.000437          0.7109  cm-1
61344.166    0.301      9028.691          059003.000078   059003.000293 P        0.0000  cm-1
61344.166    0.301      9028.691          059003.000123   059003.000305          0.1942  cm-1
60677.151    0.147      5191.043          059003.000433   059003.000571 P        0.0000  cm-1
60677.151    0.147      5191.043          059003.000243   059003.000571 P        0.0000  cm-1
60677.151    0.147      5191.043          059003.000063   059003.000283          1.0000  cm-1
60677.151    0.147      5191.043          059003.000189   059003.000356 P        0.0000  cm-1
60635.933    0.294      690296.125        059003.000438   059003.000602 P        0.0000  cm-1
60635.933    0.294      690296.125        059003.000244   059003.000571 P        0.0000  cm-1
60452.835    0.146      5116.041          059003.000064   059003.000282          1.0000  cm-1
60452.835    0.146      5116.041          059003.000291   059003.000622 P        0.0000  cm-1
60342.525    0.146      3386.237          059003.000104   059003.000449 P        0.0000  cm-1
60205.386    0.145      5033.928          059003.000172   059003.000457          1.0000  cm-1
60205.386    0.145      5033.928          059003.000258   059003.000421 P        0.0000  cm-1
60109.195    0.145      1667.395          059003.000080   059003.000292 P        0.0000  cm-1
60055.406    0.144      13291.942         059003.000096   059003.000297          1.0000  cm-1
60055.406    0.144      13291.942         059003.000441   059003.000599 P        0.0000  cm-1
60019.763    0.144      1657.587          059003.000441   059003.000592 P        0.0000  cm-1
60019.763    0.144      1657.587          059003.000101   059003.000298          1.0000  cm-1
60016.879    0.144      11600.901         059003.000271   059003.000588 P        0.0000  cm-1
60016.879    0.144      11600.901         059003.000070   059003.000443          1.0000  cm-1
60016.879    0.144      11600.901         059003.000271   059003.000587 P        0.0000  cm-1
59959.375    0.144      6603.924          059003.000096   059003.000296          1.0000  cm-1
59959.375    0.144      6603.924          059003.000105   059003.000300 P        0.0000  cm-1
59775.932    0.143      6523.971          059003.000070   059003.000284          1.0000  cm-1
59749.187    0.143      1628.089          059003.000079   059003.000291 P        0.0000  cm-1
59749.187    0.143      1628.089          059003.000078   059003.000290          1.0000  cm-1
59749.187    0.143      1628.089          059003.000278   059003.000603 P        0.0000  cm-1
59734.514    0.285      6505.987          059003.000173   059003.000456          1.0000  cm-1
59652.957    0.142      4852.983          059003.000284   059003.000607 P        0.0000  cm-1
59633.843    0.142      48467.818         059003.000134   059003.000307 P        0.0000  cm-1
59633.843    0.142      48467.818         059003.000262   059003.000421 P        0.0000  cm-1
59494.024    0.142      12804.098         059003.000073   059003.000285          1.0000  cm-1
59485.815    0.283      1599.629          059003.000121   059003.000453          1.0000  cm-1
59386.407    0.141      7944.761          059003.000133   059003.000306          1.0000  cm-1
59361.875    0.141      1586.323          059003.000106   059003.000446 P        0.0000  cm-1
59346.017    0.845      3169.249          059003.000150   059003.000312          1.0000  cm-1
59346.017    0.845      3169.249          059003.000234   059003.000570 P        0.0000  cm-1
59315.321    0.141      1581.339          059003.000076   059003.000288          1.0000  cm-1
59273.832    0.141      1576.904          059003.000098   059003.000294 P        0.0000  cm-1
59178.601    0.140      3133.498          059003.000225   059003.000569 P        0.0000  cm-1
59111.224    0.140      15595.835         059003.000125   059003.000303 P        0.0000  cm-1
59111.224    0.140      15595.835         059003.000272   059003.000581 P        0.0000  cm-1
59074.909    0.140      46671.853         059003.000120   059003.000452 P        0.0000  cm-1
59012.819    0.139      154914.821        059003.000113   059003.000301          1.0000  cm-1
59000.673    0.139      1547.863          059003.000111   059003.000299          1.0000  cm-1
59000.673    0.139      1547.863          059003.000059   059003.000441 P        0.0000  cm-1
58959.516    0.139      23152.656         059003.000095   059003.000293          1.0000  cm-1
58868.925    0.139      15339.525         059003.000112   059003.000449          1.0000  cm-1
58843.739    0.139      4593.902          059003.000227   059003.000569          1.0000  cm-1
58843.739    0.139      4593.902          059003.000119   059003.000450 P        0.0000  cm-1
58819.101    0.138      1528.709          059003.000279   059003.000603 P        0.0000  cm-1
58819.101    0.138      1528.709          059003.000045   059003.000267 P        0.0000  cm-1
58819.101    0.138      1528.709          059003.000106   059003.000296          1.0000  cm-1
58790.606    0.138      30514.273         059003.000126   059003.000303          1.0000  cm-1
58745.223    0.138      1520.950          059003.000041   059003.000262 P        0.0000  cm-1
58745.223    0.138      1520.950          059003.000081   059003.000288          1.0000  cm-1
58626.786    0.275      75427.649         059003.000225   059003.000568 P        0.0000  cm-1
58626.786    0.275      75427.649         059003.000127   059003.000303          1.0000  cm-1
58591.126    0.137      15048.305         059003.000073   059003.000281          1.0000  cm-1
58564.676    0.137      1502.072          059003.000104   059003.000294          1.0000  cm-1
58474.781    0.137      2985.436          059003.000112   059003.000447          1.0000  cm-1
58431.418    0.273      2976.432          059003.000097   059003.000445          1.0000  cm-1
58409.232    0.136      1485.916          059003.000230   059003.000569          1.0000  cm-1
58382.297    0.273      88987.503         059003.000161   059003.000313          1.0000  cm-1
58293.026    0.136      7369.476          059003.000227   059003.000568          0.4536  cm-1
58293.026    0.136      7369.476          059003.000064   059003.000441          0.5464  cm-1
58215.010    0.136      293170.663        059003.000112   059003.000446 P        0.0000  cm-1
58215.010    0.136      293170.663        059003.000133   059003.000305          1.0000  cm-1
58138.387    0.135      2915.954          059003.000151   059003.000311 P        0.0000  cm-1
58138.387    0.135      2915.954          059003.000079   059003.000443          1.0000  cm-1
58102.308    0.270      7271.377          059003.000054   059003.000436 P        0.0000  cm-1
58071.634    0.135      21766.988         059003.000080   059003.000285          1.0000  cm-1
58016.719    0.135      14455.144         059003.000111   059003.000295          1.0000  cm-1
57952.432    0.269      4316.855          059003.000134   059003.000305 P        0.0000  cm-1
57897.378    0.134      1433.344          059003.000079   059003.000284          1.0000  cm-1
57894.454    0.134      1433.046          059003.000441   059003.000583 P        0.0000  cm-1
57860.262    0.134      1429.569          059003.000282   059003.000593 P        0.0000  cm-1
57860.262    0.134      1429.569          059003.000282   059003.000592 P        0.0000  cm-1
57860.262    0.134      1429.569          059003.000082   059003.000286          1.0000  cm-1
57813.424    0.134      4274.440          059003.000091   059003.000291          1.0000  cm-1
57755.325    0.133      2837.851          059003.000083   059003.000285          1.0000  cm-1
57752.523    0.133      2837.284          059003.000276   059003.000426 P        0.0000  cm-1
57752.523    0.133      2837.284          059003.000283   059003.000603 P        0.0000  cm-1
57752.523    0.133      2837.284          059003.000097   059003.000292          1.0000  cm-1
57723.990    0.133      28315.101         059003.000113   059003.000297          1.0000  cm-1
57669.166    0.133      2820.434          059003.000126   059003.000451 P        0.0000  cm-1
57669.166    0.133      2820.434          059003.000042   059003.000258          1.0000  cm-1
57611.756    0.133      1404.430          059003.000105   059003.000445 P        0.0000  cm-1
57610.292    0.133      5617.128          059003.000199   059003.000565          1.0000  cm-1
57582.253    0.133      280292.051        059003.000125   059003.000450          1.0000  cm-1
57570.651    0.133      14002.934         059003.000127   059003.000452          1.0000  cm-1
57505.275    0.132      41811.839         059003.000127   059003.000451          1.0000  cm-1
57476.555    0.132      278169.757        059003.000133   059003.000304          1.0000  cm-1
57476.555    0.132      278169.757        059003.000264   059003.000572 P        0.0000  cm-1
57469.413    0.132      1390.133          059003.000053   059003.000268 P        0.0000  cm-1
57455.711    0.132      1388.761          059003.000079   059003.000282          1.0000  cm-1
57419.687    0.132      1385.157          059003.000045   059003.000264          1.0000  cm-1
57419.687    0.132      1385.157          059003.000284   059003.000593 P        0.0000  cm-1
57402.878    0.132      13834.768         059003.000063   059003.000275          1.0000  cm-1
57359.936    0.132      551675.767        059003.000139   059003.000306          1.0000  cm-1
57340.867    0.132      4131.863          059003.000096   059003.000291          1.0000  cm-1
57291.025    0.263      13723.237         059003.000119   059003.000300 P        0.0000  cm-1
57291.025    0.263      13723.237         059003.000540   059003.000283 P        0.0000  cm-1
57277.734    0.131      4113.005          059003.000083   059003.000283          1.0000  cm-1
57209.906    0.131      136426.443        059003.000139   059003.000455          1.0000  cm-1
57197.436    0.131      6815.138          059003.000063   059003.000273 P        0.0000  cm-1
57170.299    0.131      2720.677          059003.000149   059003.000309          1.0000  cm-1
57127.778    0.261      6780.650          059003.000264   059003.000419 P        0.0000  cm-1
56993.599    0.130      268578.907        059003.000133   059003.000454          1.0000  cm-1
56982.200    0.260      13417.732         059003.000281   059003.000428 P        0.0000  cm-1
56965.611    0.130      5360.569          059003.000225   059003.000567          1.0000  cm-1
56876.482    0.129      9319.782          059003.000046   059003.000263          1.0000  cm-1
56840.207    0.129      39835.402         059003.000242   059003.000569          1.0000  cm-1
56840.207    0.129      39835.402         059003.000041   059003.000255 P        0.0000  cm-1
56820.894    0.129      1325.958          059003.000069   059003.000439 P        0.0000  cm-1
56801.467    0.258      13240.604         059003.000445   059003.000619 P        0.0000  cm-1
56784.237    0.129      2644.756          059003.000226   059003.000567          1.0000  cm-1
56732.280    0.129      9221.185          059003.000046   059003.000262          0.4721  cm-1
56732.280    0.129      9221.185          059003.000134   059003.000454          0.1693  cm-1
56732.280    0.129      9221.185          059003.000074   059003.000278          0.3586  cm-1
56732.280    0.129      9221.185          059003.000175   059003.000313 P        0.0000  cm-1
56654.428    0.128      5238.962          059003.000154   059003.000310          1.0000  cm-1
56647.625    0.128      1309.080          059003.000088   059003.000286          1.0000  cm-1
56647.625    0.128      1309.080          059003.000101   059003.000290 P        0.0000  cm-1
56639.799    0.128      2616.640          059003.000150   059003.000308 P        0.0000  cm-1
56611.294    0.128      3916.665          059003.000086   059003.000283          1.0000  cm-1
56557.436    0.128      6501.695          059003.000112   059003.000293          1.0000  cm-1
56545.769    0.128      12992.107         059003.000123   059003.000446 P        0.0000  cm-1
56527.070    0.128      25948.063         059003.000080   059003.000279          1.0000  cm-1
56516.397    0.128      129637.199        059003.000134   059003.000303 P        0.0000  cm-1
56516.397    0.128      129637.199        059003.000099   059003.000289 P        0.0000  cm-1
56454.816    0.127      5161.724          059003.000047   059003.000260 P        0.0000  cm-1
56454.816    0.127      5161.724          059003.000064   059003.000437          1.0000  cm-1
56429.301    0.127      3863.921          059003.000072   059003.000439          1.0000  cm-1
56420.992    0.127      1287.174          059003.000165   059003.000312          1.0000  cm-1
56361.619    0.127      1281.467          059003.000257   059003.000570          1.0000  cm-1
56289.985    0.253      19118.995         059003.000125   059003.000448          0.0505  cm-1
56289.985    0.253      19118.995         059003.000242   059003.000568          0.9495  cm-1
56278.448    0.127      25469.908         059003.000219   059003.000566          1.0000  cm-1
56251.950    0.127      5083.845          059003.000063   059003.000271          1.0000  cm-1
56210.568    0.126      2534.017          059003.000050   059003.000263          0.7483  cm-1
56210.568    0.126      2534.017          059003.000083   059003.000279          0.2517  cm-1
56210.568    0.126      2534.017          059003.000289   059003.000596 P        0.0000  cm-1
56196.822    0.126      5062.789          059003.000289   059003.000594 P        0.0000  cm-1
56196.822    0.126      5062.789          059003.000230   059003.000567          1.0000  cm-1
56160.973    0.126      6311.402          059003.000046   059003.000258          1.0000  cm-1
56149.398    0.252      12611.782         059003.000276   059003.000576 P        0.0000  cm-1
55994.643    0.125      12464.909         059003.000111   059003.000292          1.0000  cm-1
55969.388    0.251      12441.027         059003.000126   059003.000448          1.0000  cm-1
55960.833    0.125      4973.177          059003.000091   059003.000284          1.0000  cm-1
55954.888    0.125      18640.989         059003.000041   059003.000248          1.0000  cm-1
55939.828    0.125      1241.310          059003.000439   059003.000577 P        0.0000  cm-1
55935.606    0.125      3722.736          059003.000087   059003.000281          1.0000  cm-1
55913.967    0.125      2477.741          059003.000153   059003.000309          1.0000  cm-1
55913.967    0.125      2477.741          059003.000101   059003.000288 P        0.0000  cm-1
55893.117    0.125      1236.905          059003.000063   059003.000270          1.0000  cm-1
55889.430    0.125      1236.557          059003.000073   059003.000277          1.0000  cm-1
55867.324    0.125      1234.476          059003.000128   059003.000449 P        0.0000  cm-1
55805.502    0.125      36859.914         059003.000127   059003.000448          1.0000  cm-1
55785.862    0.124      1226.820          059003.000042   059003.000251          1.0000  cm-1
55750.835    0.124      122353.664        059003.000060   059003.000267 P        0.0000  cm-1
55750.835    0.124      122353.664        059003.000125   059003.000446          1.0000  cm-1
55742.199    0.124      48909.109         059003.000073   059003.000275          1.0000  cm-1
55722.290    0.248      48834.559         059003.000290   059003.000602 P        0.0000  cm-1
55722.290    0.248      48834.559         059003.000258   059003.000570 P        0.0000  cm-1
55722.290    0.248      48834.559         059003.000133   059003.000452          1.0000  cm-1
55715.829    0.124      12202.594         059003.000088   059003.000281          1.0000  cm-1
55689.771    0.124      12178.230         059003.000126   059003.000299          1.0000  cm-1
55687.935    0.124      2435.303          059003.000073   059003.000274 P        0.0000  cm-1
55645.673    0.124      24274.114         059003.000041   059003.000245          1.0000  cm-1
55572.440    0.124      1206.884          059003.000106   059003.000289 P        0.0000  cm-1
55527.727    0.123      24054.597         059003.000041   059003.000244          1.0000  cm-1
55519.406    0.247      120195.748        059003.000091   059003.000282          0.6227  cm-1
55519.406    0.247      120195.748        059003.000161   059003.000311          0.3773  cm-1
55495.004    0.123      1199.694          059003.000050   059003.000258 P        0.0000  cm-1
55488.171    0.123      5995.304          059003.000096   059003.000284          1.0000  cm-1
55484.904    0.123      23975.160         059003.000041   059003.000243          1.0000  cm-1
55480.652    0.500      23967.279         059003.000141   059003.000305          1.0000  cm-1
55480.652    0.500      23967.279         059003.000193   059003.000560 P        0.0000  cm-1
55480.652    0.500      23967.279         059003.000054   059003.000265 P        0.0000  cm-1
55460.037    0.500      3589.364          059003.000054   059003.000264 P        0.0000  cm-1
55460.037    0.500      3589.364          059003.000134   059003.000452          1.0000  cm-1
55456.011    0.500      3588.246          059003.000295   059003.000619 P        0.0000  cm-1
55456.011    0.500      3588.246          059003.000053   059003.000262 P        0.0000  cm-1
55456.011    0.500      3588.246          059003.000074   059003.000275 P        0.0000  cm-1
55421.497    0.123      11928.898         059003.000073   059003.000272          1.0000  cm-1
55386.902    0.123      5948.473          059003.000069   059003.000437 P        0.0000  cm-1
55312.396    0.122      4731.315          059003.000539   059003.000273 P        0.0000  cm-1
55293.949    0.122      17716.981         059003.000087   059003.000279          1.0000  cm-1
55293.949    0.122      17716.981         059003.000540   059003.000278 P        0.0000  cm-1
55262.177    0.122      4712.852          059003.000078   059003.000440 P        0.0000  cm-1
55262.177    0.122      4712.852          059003.000089   059003.000280          1.0000  cm-1
55190.869    0.244      234335.090        059003.000296   059003.000611 P        0.0000  cm-1
55190.869    0.244      234335.090        059003.000042   059003.000247 P        0.0000  cm-1
55176.217    0.122      23406.691         059003.000225   059003.000566          1.0000  cm-1
55117.826    0.122      46599.961         059003.000046   059003.000256          1.0000  cm-1
55095.663    0.121      4651.909          059003.000297   059003.000611 P        0.0000  cm-1
55095.663    0.121      4651.909          059003.000439   059003.000421 P        0.0000  cm-1
55051.406    0.121      2317.892          059003.000443   059003.000583 P        0.0000  cm-1
55046.590    0.121      463403.014        059003.000096   059003.000282          1.0000  cm-1
55025.359    0.121      8096.037          059003.000443   059003.000579 P        0.0000  cm-1
55023.627    0.121      3469.258          059003.000041   059003.000239 P        0.0000  cm-1
54977.891    0.121      11522.658         059003.000075   059003.000272 P        0.0000  cm-1
54966.434    0.121      17268.399         059003.000139   059003.000454          0.4663  cm-1
54966.434    0.121      17268.399         059003.000062   059003.000266          0.5337  cm-1
54957.286    0.121      34511.914         059003.000115   059003.000292          1.0000  cm-1
54919.104    0.121      57346.944         059003.000198   059003.000564          1.0000  cm-1
54904.838    0.121      1145.648          059003.000104   059003.000285 P        0.0000  cm-1
54891.309    0.121      4577.700          059003.000079   059003.000439 P        0.0000  cm-1
54869.266    0.120      22848.667         059003.000054   059003.000259          1.0000  cm-1
54828.918    0.120      17081.891         059003.000148   059003.000306          1.0000  cm-1
54825.767    0.120      3415.526          059003.000046   059003.000255 P        0.0000  cm-1
54788.069    0.120      2270.227          059003.000064   059003.000266          1.0000  cm-1
54770.756    0.120      1133.556          059003.000089   059003.000279 P        0.0000  cm-1
54711.835    0.120      4513.055          059003.000076   059003.000274 P        0.0000  cm-1
54711.835    0.120      4513.055          059003.000098   059003.000281 P        0.0000  cm-1
54698.728    0.120      2254.177          059003.000282   059003.000426 P        0.0000  cm-1
54665.328    0.239      112409.617        059003.000441   059003.000420 P        0.0000  cm-1
54635.522    0.119      22428.591         059003.000047   059003.000254          1.0000  cm-1
54635.522    0.119      22428.591         059003.000160   059003.000309 P        0.0000  cm-1
54627.107    0.239      112067.729        059003.000242   059003.000567          1.0000  cm-1
54623.108    0.119      1120.320          059003.000057   059003.000263          1.0000  cm-1
54618.784    0.119      55996.680         059003.000099   059003.000281          1.0000  cm-1
54607.092    0.119      4475.557          059003.000106   059003.000286 P        0.0000  cm-1
54575.293    0.119      16740.774         059003.000131   059003.000299          1.0000  cm-1
54551.802    0.119      111395.787        059003.000041   059003.000234          1.0000  cm-1
54548.229    0.119      111363.957        059003.000046   059003.000252          1.0000  cm-1
54513.797    0.119      8884.600          059003.000445   059003.000601 P        0.0000  cm-1
54489.409    0.119      1108.407          059003.000445   059003.000597 P        0.0000  cm-1
54452.265    0.119      7735.768          059003.000050   059003.000256          1.0000  cm-1
54447.400    0.119      5523.391          059003.000082   059003.000438          1.0000  cm-1
54445.323    0.119      3313.482          059003.000076   059003.000272          1.0000  cm-1
54445.323    0.119      3313.482          059003.000300   059003.000618 P        0.0000  cm-1
54439.928    0.119      3312.047          059003.000299   059003.000617 P        0.0000  cm-1
54439.928    0.119      3312.047          059003.000129   059003.000297 P        0.0000  cm-1
54427.370    0.118      1102.903          059003.000104   059003.000283 P        0.0000  cm-1
54407.435    0.118      22022.742         059003.000230   059003.000566          1.0000  cm-1
54407.435    0.118      22022.742         059003.000246   059003.000567 P        0.0000  cm-1
54401.103    0.118      55028.835         059003.000079   059003.000276          1.0000  cm-1
54393.472    0.118      219980.279        059003.000041   059003.000235          1.0000  cm-1
54361.209    0.118      2194.098          059003.000108   059003.000286 P        0.0000  cm-1
54343.809    0.118      3286.537          059003.000129   059003.000296 P        0.0000  cm-1
54330.556    0.118      1094.343          059003.000085   059003.000440 P        0.0000  cm-1
54319.666    0.236      10933.820         059003.000080   059003.000275          1.0000  cm-1
54304.644    0.118      2184.115          059003.000075   059003.000436 P        0.0000  cm-1
54303.141    0.118      6551.551          059003.000074   059003.000271          1.0000  cm-1
54296.804    0.118      2182.734          059003.000069   059003.000268          1.0000  cm-1
54290.998    0.240      1090.855          059003.000151   059003.000306          1.0000  cm-1
54290.998    0.240      1090.855          059003.000288   059003.000585 P        0.0000  cm-1
54278.064    0.118      65382.996         059003.000046   059003.000251          1.0000  cm-1
54265.575    0.236      217723.497        059003.000119   059003.000292 P        0.0000  cm-1
54265.575    0.236      217723.497        059003.000080   059003.000274          0.7235  cm-1
54265.575    0.236      217723.497        059003.000114   059003.000289          0.2765  cm-1
54260.829    0.118      10882.000         059003.000078   059003.000273          0.5267  cm-1
54260.829    0.118      10882.000         059003.000141   059003.000454          0.4733  cm-1
54248.882    0.118      10871.494         059003.000070   059003.000269          1.0000  cm-1
54242.469    0.118      4346.343          059003.000045   059003.000248 P        0.0000  cm-1
54232.583    0.118      21714.341         059003.000073   059003.000270          1.0000  cm-1
54212.590    0.118      1083.961          059003.000257   059003.000568 P        0.0000  cm-1
54201.983    0.118      2166.061          059003.000041   059003.000237 P        0.0000  cm-1
54160.091    0.117      21587.174         059003.000050   059003.000255 P        0.0000  cm-1
54160.091    0.117      21587.174         059003.000272   059003.000572 P        0.0000  cm-1
54146.655    0.117      43127.294         059003.000088   059003.000442          1.0000  cm-1
54141.438    0.117      10777.258         059003.000081   059003.000274 P        0.0000  cm-1
54132.823    0.234      10769.722         059003.000086   059003.000440          0.1849  cm-1
54132.823    0.234      10769.722         059003.000181   059003.000457          0.8151  cm-1
54132.823    0.234      10769.722         059003.000448   059003.000614 P        0.0000  cm-1
54132.823    0.234      10769.722         059003.000448   059003.000613 P        0.0000  cm-1
54127.670    0.117      10765.216         059003.000293   059003.000602 P        0.0000  cm-1
54102.075    0.117      4297.139          059003.000219   059003.000565          1.0000  cm-1
54051.165    0.117      8558.742          059003.000135   059003.000302          1.0000  cm-1
53998.854    0.117      1065.289          059003.000080   059003.000272          1.0000  cm-1
53981.663    0.117      2127.590          059003.000277   059003.000573          1.0000  cm-1
53958.158    0.116      4247.016          059003.000156   059003.000307 P        0.0000  cm-1
53957.044    0.116      4246.630          059003.000111   059003.000285          0.0539  cm-1
53957.044    0.116      4246.630          059003.000133   059003.000448          0.9461  cm-1
53944.591    0.116      1060.577          059003.000074   059003.000270          1.0000  cm-1
53932.170    0.233      5297.500          059003.000047   059003.000249 P        0.0000  cm-1
53908.236    0.116      31722.790         059003.000072   059003.000269          1.0000  cm-1
53904.959    0.116      3171.428          059003.000072   059003.000268          1.0000  cm-1
53904.959    0.116      3171.428          059003.000132   059003.000299 P        0.0000  cm-1
53882.848    0.232      10552.291         059003.000084   059003.000276 P        0.0000  cm-1
53882.848    0.232      10552.291         059003.000087   059003.000440          0.1008  cm-1
53882.848    0.232      10552.291         059003.000050   059003.000252          0.8992  cm-1
53875.128    0.116      10545.614         059003.000081   059003.000272          1.0000  cm-1
53827.371    0.232      5252.182          059003.000165   059003.000309 P        0.0000  cm-1
53815.580    0.116      10494.194         059003.000045   059003.000244          1.0000  cm-1
53782.874    0.116      5233.005          059003.000063   059003.000265          1.0000  cm-1
53772.719    0.231      41829.073         059003.000045   059003.000243          0.3571  cm-1
53772.719    0.231      41829.073         059003.000131   059003.000296          0.6429  cm-1
53758.613    0.231      104451.309        059003.000082   059003.000272 P        0.0000  cm-1
53758.613    0.231      104451.309        059003.000060   059003.000259          1.0000  cm-1
53758.613    0.231      104451.309        059003.000130   059003.000294 P        0.0000  cm-1
53756.012    0.116      10442.894         059003.000047   059003.000248          1.0000  cm-1
53733.397    0.115      10423.454         059003.000073   059003.000268          1.0000  cm-1
53721.073    0.115      62477.209         059003.000201   059003.000564 P        0.0000  cm-1
53721.073    0.115      62477.209         059003.000069   059003.000266          1.0000  cm-1
53675.598    0.115      103738.596        059003.000106   059003.000281          1.0000  cm-1
53665.541    0.115      20730.488         059003.000046   059003.000246          1.0000  cm-1
53657.571    0.115      20716.836         059003.000148   059003.000305          1.0000  cm-1
53615.306    0.115      41289.062         059003.000294   059003.000603 P        0.0000  cm-1
53615.306    0.115      41289.062         059003.000076   059003.000271          1.0000  cm-1
53612.631    0.115      20639.959         059003.000050   059003.000251          1.0000  cm-1
53571.103    0.115      1028.453          059003.000101   059003.000279          1.0000  cm-1
53563.098    0.115      5138.851          059003.000172   059003.000310 P        0.0000  cm-1
53555.436    0.115      5135.585          059003.000128   059003.000293 P        0.0000  cm-1
53545.663    0.115      205256.877        059003.000053   059003.000254          1.0000  cm-1
53533.706    0.115      5126.330          059003.000085   059003.000275          1.0000  cm-1
53465.813    0.114      1019.495          059003.000276   059003.000419 P        0.0000  cm-1
53452.323    0.114      5091.750          059003.000093   059003.000442          1.0000  cm-1
53397.782    0.114      202745.889        059003.000113   059003.000443          1.0000  cm-1
53377.913    0.114      7084.344          059003.000046   059003.000241          1.0000  cm-1
53376.890    0.114      5059.813          059003.000202   059003.000564          1.0000  cm-1
53361.880    0.114      20213.884         059003.000445   059003.000428 P        0.0000  cm-1
53361.880    0.114      20213.884         059003.000126   059003.000445          1.0000  cm-1
53359.540    0.114      60629.795         059003.000091   059003.000441          0.9128  cm-1
53359.540    0.114      60629.795         059003.000095   059003.000278          0.0872  cm-1
53333.876    0.114      20166.603         059003.000198   059003.000563          1.0000  cm-1
53324.550    0.114      20150.871         059003.000080   059003.000436 P        0.0000  cm-1
53324.550    0.114      20150.871         059003.000063   059003.000261          1.0000  cm-1
53324.550    0.114      20150.871         059003.000439   059003.000572 P        0.0000  cm-1
53322.299    0.114      10073.538         059003.000062   059003.000259          1.0000  cm-1
53311.895    0.114      8051.814          059003.000045   059003.000239          1.0000  cm-1
53289.309    0.114      20091.485         059003.000063   059003.000260          1.0000  cm-1
53285.729    0.114      2008.546          059003.000047   059003.000243          0.1260  cm-1
53285.729    0.114      2008.546          059003.000047   059003.000433          0.8740  cm-1
53278.406    0.227      100365.661        059003.000142   059003.000453 P        0.0000  cm-1
53268.554    0.114      5014.139          059003.000057   059003.000257          1.0000  cm-1
53256.813    0.113      10018.405         059003.000076   059003.000270          1.0000  cm-1
53235.123    0.113      20000.363         059003.000088   059003.000438          1.0000  cm-1
53235.123    0.113      20000.363         059003.000087   059003.000277 P        0.0000  cm-1
53224.811    0.113      9991.523          059003.000130   059003.000293          1.0000  cm-1
53213.139    0.113      19963.458         059003.000193   059003.000550 P        0.0000  cm-1
53213.139    0.113      19963.458         059003.000085   059003.000272          1.0000  cm-1
53200.740    0.113      997.133           059003.000081   059003.000436          1.0000  cm-1
53197.542    0.113      3987.459          059003.000132   059003.000297          0.7555  cm-1
53197.542    0.113      3987.459          059003.000127   059003.000445          0.2445  cm-1
53175.336    0.113      9950.043          059003.000135   059003.000300 P        0.0000  cm-1
53165.500    0.113      9941.808          059003.000054   059003.000254          1.0000  cm-1
53156.882    0.113      496729.777        059003.000113   059003.000284          1.0000  cm-1
53156.882    0.113      496729.777        059003.000134   059003.000446 P        0.0000  cm-1
53134.089    0.113      19831.067         059003.000269   059003.000570          1.0000  cm-1
53101.559    0.113      49441.823         059003.000132   059003.000296          1.0000  cm-1
53088.503    0.225      49387.359         059003.000041   059003.000224          1.0000  cm-1
53087.009    0.225      49381.128         059003.000087   059003.000275          1.0000  cm-1
53084.501    0.113      2962.240          059003.000082   059003.000436          1.0000  cm-1
53084.501    0.113      2962.240          059003.000292   059003.000589 P        0.0000  cm-1
53075.598    0.113      986.671           059003.000041   059003.000223          1.0000  cm-1
53075.598    0.113      986.671           059003.000292   059003.000587 P        0.0000  cm-1
53049.978    0.113      4922.684          059003.000292   059003.000586 P        0.0000  cm-1
53049.978    0.113      4922.684          059003.000099   059003.000442          1.0000  cm-1
53049.978    0.113      4922.684          059003.000292   059003.000585 P        0.0000  cm-1
53041.171    0.113      2951.411          059003.000114   059003.000284          1.0000  cm-1
53025.956    0.112      3930.152          059003.000438   059003.000571 P        0.0000  cm-1
53018.562    0.112      981.923           059003.000050   059003.000247          1.0000  cm-1
53010.690    0.112      4906.344          059003.000046   059003.000239          1.0000  cm-1
53008.471    0.112      6867.592          059003.000083   059003.000436          1.0000  cm-1
53004.730    0.112      9807.737          059003.000125   059003.000292 P        0.0000  cm-1
53004.730    0.112      9807.737          059003.000067   059003.000265          1.0000  cm-1
53000.012    0.112      3921.527          059003.000137   059003.000449 P        0.0000  cm-1
53000.012    0.112      3921.527          059003.000050   059003.000246          1.0000  cm-1
52989.115    0.112      9794.769          059003.000296   059003.000601 P        0.0000  cm-1
52989.115    0.112      9794.769          059003.000141   059003.000452          1.0000  cm-1
52980.412    0.112      978.755           059003.000120   059003.000289          1.0000  cm-1
52957.851    0.112      29306.499         059003.000062   059003.000258          1.0000  cm-1
52919.182    0.112      58420.842         059003.000115   059003.000285 P        0.0000  cm-1
52919.182    0.112      58420.842         059003.000047   059003.000240 P        0.0000  cm-1
52919.182    0.112      58420.842         059003.000148   059003.000304          1.0000  cm-1
52914.760    0.112      1946.630          059003.000054   059003.000253          1.0000  cm-1
52886.911    0.112      194202.482        059003.000096   059003.000441          1.0000  cm-1
52865.044    0.112      1938.414          059003.000195   059003.000561 P        0.0000  cm-1
52865.044    0.112      1938.414          059003.000540   059003.000271          0.2361  cm-1
52865.044    0.112      1938.414          059003.000057   059003.000256          0.7639  cm-1
52852.724    0.112      3872.761          059003.000083   059003.000271          1.0000  cm-1
52852.724    0.112      3872.761          059003.000297   059003.000593 P        0.0000  cm-1
52849.010    0.112      4839.420          059003.000442   059003.000573 P        0.0000  cm-1
52849.010    0.112      4839.420          059003.000050   059003.000244          1.0000  cm-1
52846.693    0.112      967.693           059003.000059   059003.000257          1.0000  cm-1
52839.992    0.112      58028.418         059003.000045   059003.000234          1.0000  cm-1
52821.155    0.223      9655.881          059003.000184   059003.000456          1.0000  cm-1
52810.326    0.112      2894.089          059003.000080   059003.000270          1.0000  cm-1
52783.817    0.111      962.516           059003.000049   059003.000241          1.0000  cm-1
52779.585    0.111      1924.335          059003.000064   059003.000258          1.0000  cm-1
52766.384    0.111      961.083           059003.000087   059003.000272          1.0000  cm-1
52730.653    0.222      5748.901          059003.000142   059003.000451          1.0000  cm-1
52712.532    0.111      956.665           059003.000050   059003.000241          1.0000  cm-1
52686.485    0.222      4772.659          059003.000081   059003.000270          0.0598  cm-1
52686.485    0.222      4772.659          059003.000145   059003.000303          0.9402  cm-1
52681.489    0.111      76329.840         059003.000045   059003.000235          1.0000  cm-1
52641.912    0.111      950.888           059003.000101   059003.000278          1.0000  cm-1
52570.294    0.111      1890.099          059003.000042   059003.000223          1.0000  cm-1
52546.315    0.221      9430.992          059003.000088   059003.000272          1.0000  cm-1
52546.315    0.221      9430.992          059003.000067   059003.000261 P        0.0000  cm-1
52538.780    0.110      56549.214         059003.000046   059003.000234          0.5305  cm-1
52538.780    0.110      56549.214         059003.000085   059003.000436          0.4695  cm-1
52515.164    0.110      3762.276          059003.000138   059003.000449          1.0000  cm-1
52515.164    0.110      3762.276          059003.000291   059003.000427 P        0.0000  cm-1
52497.238    0.110      2817.344          059003.000199   059003.000563          1.0000  cm-1
52493.965    0.110      938.849           059003.000083   059003.000270          1.0000  cm-1
52493.965    0.110      938.849           059003.000451   059003.000619 P        0.0000  cm-1
52470.881    0.220      18739.571         059003.000054   059003.000250          1.0000  cm-1
52464.796    0.110      37459.431         059003.000091   059003.000276          1.0000  cm-1
52462.427    0.110      1872.588          059003.000054   059003.000249          1.0000  cm-1
52445.263    0.220      9349.049          059003.000446   059003.000601 P        0.0000  cm-1
52412.109    0.110      3728.901          059003.000111   059003.000279          1.0000  cm-1
52376.370    0.110      278802.397        059003.000070   059003.000263          1.0000  cm-1
52370.524    0.110      185774.005        059003.000079   059003.000269          1.0000  cm-1
52358.899    0.110      2783.800          059003.000089   059003.000273          1.0000  cm-1
52349.389    0.110      1854.335          059003.000298   059003.000602 P        0.0000  cm-1
52349.389    0.110      1854.335          059003.000047   059003.000236          1.0000  cm-1
52349.389    0.110      1854.335          059003.000176   059003.000309 P        0.0000  cm-1
52321.755    0.110      2774.832          059003.000142   059003.000450          1.0000  cm-1
52283.450    0.109      18437.334         059003.000069   059003.000262          1.0000  cm-1
52256.923    0.109      919.739           059003.000119   059003.000286          1.0000  cm-1
52247.588    0.109      64329.367         059003.000131   059003.000445          1.0000  cm-1
52228.020    0.109      1834.848          059003.000119   059003.000285          1.0000  cm-1
52228.020    0.109      1834.848          059003.000299   059003.000600 P        0.0000  cm-1
52211.247    0.109      916.082           059003.000300   059003.000603 P        0.0000  cm-1
52211.247    0.109      916.082           059003.000442   059003.000419 P        0.0000  cm-1
52189.181    0.109      45715.910         059003.000046   059003.000237          1.0000  cm-1
52171.890    0.109      3651.750          059003.000135   059003.000295          1.0000  cm-1
52122.373    0.109      90898.967         059003.000073   059003.000265          1.0000  cm-1
52106.077    0.109      27230.778         059003.000106   059003.000442 P        0.0000  cm-1
52106.077    0.109      27230.778         059003.000073   059003.000264          1.0000  cm-1
52059.773    0.108      904.013           059003.000060   059003.000255 P        0.0000  cm-1
52035.556    0.108      45104.571         059003.000072   059003.000263          1.0000  cm-1
52027.866    0.217      9014.819          059003.000054   059003.000247          0.0654  cm-1
52027.866    0.217      9014.819          059003.000095   059003.000274          0.9346  cm-1
52024.317    0.108      18024.011         059003.000085   059003.000270          1.0000  cm-1
52018.475    0.108      900.738           059003.000295   059003.000428 P        0.0000  cm-1
52018.475    0.108      900.738           059003.000041   059003.000219          1.0000  cm-1
52016.713    0.108      2701.794          059003.000115   059003.000281          1.0000  cm-1
52010.492    0.108      180021.081        059003.000041   059003.000218          1.0000  cm-1
51992.211    0.108      269597.513        059003.000096   059003.000276          1.0000  cm-1
51962.873    0.108      26890.169         059003.000097   059003.000275          1.0000  cm-1
51943.088    0.108      8947.766          059003.000121   059003.000286          1.0000  cm-1
51897.263    0.108      2673.492          059003.000047   059003.000233          1.0000  cm-1
51891.579    0.108      267214.961        059003.000072   059003.000262          1.0000  cm-1
51875.885    0.108      3557.926          059003.000046   059003.000230          1.0000  cm-1
51873.300    0.108      17785.565         059003.000050   059003.000234          1.0000  cm-1
51872.033    0.108      17783.572         059003.000088   059003.000436          1.0000  cm-1
51860.603    0.108      6217.959          059003.000108   059003.000442          1.0000  cm-1
51821.368    0.107      26555.970         059003.000047   059003.000232          1.0000  cm-1
51815.618    0.107      17694.960         059003.000449   059003.000602 P        0.0000  cm-1
51815.618    0.107      17694.960         059003.000054   059003.000243          1.0000  cm-1
51815.618    0.107      17694.960         059003.000054   059003.000433 P        0.0000  cm-1
51804.104    0.107      8838.452          059003.000060   059003.000253          1.0000  cm-1
51791.651    0.107      35314.780         059003.000202   059003.000563          1.0000  cm-1
51791.651    0.107      35314.780         059003.000123   059003.000286 P        0.0000  cm-1
51766.826    0.429      4404.631          059003.000083   059003.000267          1.0000  cm-1
51754.987    0.214      4400.001          059003.000120   059003.000284 P        0.0000  cm-1
51736.484    0.107      7028.434          059003.000064   059003.000256          1.0000  cm-1
51719.919    0.107      877.261           059003.000073   059003.000262          1.0000  cm-1
51712.323    0.107      87666.805         059003.000069   059003.000258          1.0000  cm-1
51709.917    0.642      8764.803          059003.000150   059003.000303          1.0000  cm-1
51709.917    0.642      8764.803          059003.000289   059003.000577 P        0.0000  cm-1
51671.840    0.107      873.513           059003.000161   059003.000306          1.0000  cm-1
51663.888    0.107      26186.815         059003.000073   059003.000261          1.0000  cm-1
51640.140    0.107      2613.140          059003.000126   059003.000289          1.0000  cm-1
51635.315    0.107      34826.865         059003.000047   059003.000229          1.0000  cm-1
51622.839    0.107      8697.023          059003.000062   059003.000255          1.0000  cm-1
51568.694    0.106      8655.028          059003.000234   059003.000565          1.0000  cm-1
51565.023    0.106      86521.843         059003.000145   059003.000451          1.0000  cm-1
51523.735    0.106      4310.122          059003.000282   059003.000575 P        0.0000  cm-1
51523.735    0.106      4310.122          059003.000050   059003.000237          1.0000  cm-1
51521.694    0.106      1723.733          059003.000104   059003.000438          1.0000  cm-1
51513.200    0.106      1722.421          059003.000073   059003.000259          0.3612  cm-1
51513.200    0.106      1722.421          059003.000042   059003.000219          0.6388  cm-1
51505.083    0.106      86058.370         059003.000042   059003.000218          1.0000  cm-1
51494.922    0.106      1719.599          059003.000082   059003.000266          1.0000  cm-1
51460.233    0.106      25713.751         059003.000066   059003.000257          1.0000  cm-1
51449.593    0.106      3425.223          059003.000099   059003.000272          1.0000  cm-1
51444.696    0.106      6847.429          059003.000064   059003.000255          1.0000  cm-1
51412.482    0.106      853.451           059003.000057   059003.000246          1.0000  cm-1
51376.449    0.106      68054.800         059003.000045   059003.000224          1.0000  cm-1
51376.449    0.106      68054.800         059003.000074   059003.000261 P        0.0000  cm-1
51365.556    0.106      2549.549          059003.000146   059003.000451 P        0.0000  cm-1
51363.706    0.106      849.708           059003.000101   059003.000275 P        0.0000  cm-1
51363.706    0.106      849.708           059003.000045   059003.000223          1.0000  cm-1
51363.706    0.106      849.708           059003.000303   059003.000618 P        0.0000  cm-1
51360.117    0.106      8494.329          059003.000060   059003.000250          1.0000  cm-1
51325.111    0.105      8467.526          059003.000119   059003.000281          1.0000  cm-1
51304.260    0.105      50709.500         059003.000041   059003.000213          1.0000  cm-1
51288.391    0.105      84394.619         059003.000046   059003.000226          1.0000  cm-1
51288.391    0.105      84394.619         059003.000238   059003.000565 P        0.0000  cm-1
51259.337    0.105      841.729           059003.000053   059003.000236          1.0000  cm-1
51219.141    0.105      838.668           059003.000063   059003.000253          1.0000  cm-1
51194.865    0.105      4184.112          059003.000106   059003.000438          1.0000  cm-1
51174.666    0.105      1670.577          059003.000060   059003.000248          1.0000  cm-1
51166.967    0.105      16694.081         059003.000064   059003.000252          1.0000  cm-1
51165.161    0.209      50074.020         059003.000256   059003.000566 P        0.0000  cm-1
51165.161    0.209      50074.020         059003.000148   059003.000452          1.0000  cm-1
51163.067    0.105      8344.081          059003.000054   059003.000238          1.0000  cm-1
51143.885    0.105      2498.861          059003.000142   059003.000449 P        0.0000  cm-1
51143.885    0.105      2498.861          059003.000105   059003.000275          1.0000  cm-1
51137.269    0.105      2497.357          059003.000138   059003.000295 P        0.0000  cm-1
51124.950    0.105      12472.791         059003.000057   059003.000241          1.0000  cm-1
51124.950    0.105      12472.791         059003.000454   059003.000617 P        0.0000  cm-1
51107.187    0.104      4150.876          059003.000046   059003.000225          1.0000  cm-1
51099.740    0.104      16592.240         059003.000148   059003.000451          1.0000  cm-1
51099.740    0.104      16592.240         059003.000104   059003.000274 P        0.0000  cm-1
51097.602    0.104      2488.351          059003.000129   059003.000289          1.0000  cm-1
51096.713    0.104      4976.299          059003.000239   059003.000565          0.5936  cm-1
51096.713    0.104      4976.299          059003.000108   059003.000439          0.4064  cm-1
51089.797    0.104      828.860           059003.000123   059003.000282 P        0.0000  cm-1
51089.797    0.104      828.860           059003.000105   059003.000274          1.0000  cm-1
51074.921    0.104      2483.210          059003.000062   059003.000251          1.0000  cm-1
51074.921    0.104      2483.210          059003.000152   059003.000453 P        0.0000  cm-1
51072.497    0.104      827.554           059003.000454   059003.000612 P        0.0000  cm-1
51072.497    0.104      827.554           059003.000454   059003.000611 P        0.0000  cm-1
51072.497    0.104      827.554           059003.000069   059003.000257          1.0000  cm-1
51071.138    0.104      1654.902          059003.000140   059003.000447 P        0.0000  cm-1
51062.429    0.104      82679.349         059003.000046   059003.000223          1.0000  cm-1
51062.429    0.104      82679.349         059003.000295   059003.000589 P        0.0000  cm-1
51062.429    0.104      82679.349         059003.000454   059003.000607 P        0.0000  cm-1
51054.609    0.104      1652.407          059003.000089   059003.000270          1.0000  cm-1
51054.609    0.104      1652.407          059003.000295   059003.000588 P        0.0000  cm-1
51023.689    0.208      8238.730          059003.000181   059003.000313 P        0.0000  cm-1
51023.689    0.208      8238.730          059003.000182   059003.000313          1.0000  cm-1
51021.422    0.104      24711.067         059003.000070   059003.000257          1.0000  cm-1
51001.284    0.104      8221.865          059003.000111   059003.000440          1.0000  cm-1
50970.241    0.104      163970.652        059003.000041   059003.000212          1.0000  cm-1
50957.540    0.104      8188.997          059003.000146   059003.000450 P        0.0000  cm-1
50957.540    0.104      8188.997          059003.000112   059003.000278          1.0000  cm-1
50949.001    0.104      3273.036          059003.000085   059003.000266          0.1519  cm-1
50949.001    0.104      3273.036          059003.000108   059003.000438          0.8481  cm-1
50932.029    0.104      81698.626         059003.000140   059003.000298          1.0000  cm-1
50923.473    0.207      16326.903         059003.000062   059003.000250          1.0000  cm-1
50922.043    0.207      81623.797         059003.000041   059003.000211          1.0000  cm-1
50917.173    0.104      1631.746          059003.000060   059003.000247          1.0000  cm-1
50865.478    0.103      64960.543         059003.000060   059003.000245          1.0000  cm-1
50865.478    0.103      64960.543         059003.000289   059003.000421 P        0.0000  cm-1
50859.318    0.207      32461.872         059003.000123   059003.000281          1.0000  cm-1
50859.318    0.207      32461.872         059003.000155   059003.000303 P        0.0000  cm-1
50859.318    0.207      32461.872         059003.000088   059003.000268 P        0.0000  cm-1
50851.714    0.103      2432.938          059003.000106   059003.000276 P        0.0000  cm-1
50851.714    0.103      2432.938          059003.000099   059003.000437          1.0000  cm-1
50846.335    0.103      1621.155          059003.000078   059003.000265          1.0000  cm-1
50832.818    0.103      809.570           059003.000104   059003.000272          1.0000  cm-1
50823.129    0.103      8088.473          059003.000105   059003.000272          1.0000  cm-1
50807.151    0.103      32306.281         059003.000053   059003.000233          1.0000  cm-1
50799.326    0.103      48424.468         059003.000296   059003.000578 P        0.0000  cm-1
50799.326    0.103      48424.468         059003.000114   059003.000442          1.0000  cm-1
50799.326    0.103      48424.468         059003.000291   059003.000576 P        0.0000  cm-1
50799.326    0.103      48424.468         059003.000042   059003.000213 P        0.0000  cm-1
50775.131    0.103      8052.748          059003.000063   059003.000250          0.0975  cm-1
50775.131    0.103      8052.748          059003.000099   059003.000436          0.9025  cm-1
50770.439    0.103      16098.521         059003.000059   059003.000242          1.0000  cm-1
50770.439    0.103      16098.521         059003.000142   059003.000300 P        0.0000  cm-1
50766.807    0.103      32186.245         059003.000063   059003.000249          1.0000  cm-1
50759.078    0.103      804.082           059003.000173   059003.000307          1.0000  cm-1
50746.663    0.103      64252.818         059003.000041   059003.000210          1.0000  cm-1
50746.663    0.103      64252.818         059003.000450   059003.000604 P        0.0000  cm-1
50729.285    0.103      3207.484          059003.000241   059003.000565          1.0000  cm-1
50728.282    0.103      3207.186          059003.000108   059003.000277          1.0000  cm-1
50719.301    0.103      160226.155        059003.000047   059003.000432          1.0000  cm-1
50716.884    0.103      12014.275         059003.000053   059003.000231          1.0000  cm-1
50712.178    0.103      1601.206          059003.000098   059003.000271          1.0000  cm-1
50704.797    0.103      24001.686         059003.000060   059003.000243          1.0000  cm-1
50694.079    0.103      3996.313          059003.000049   059003.000226          1.0000  cm-1
50687.910    0.103      7988.062          059003.000076   059003.000261          1.0000  cm-1
50674.810    0.103      7978.372          059003.000126   059003.000286          1.0000  cm-1
50669.086    0.103      1594.828          059003.000069   059003.000256          1.0000  cm-1
50622.041    0.103      2381.823          059003.000208   059003.000563          0.2149  cm-1
50622.041    0.103      2381.823          059003.000217   059003.000564          0.7851  cm-1
50617.995    0.102      158728.523        059003.000070   059003.000256          1.0000  cm-1
50612.873    0.102      3173.060          059003.000439   059003.000570          1.0000  cm-1
50612.873    0.102      3173.060          059003.000304   059003.000614 P        0.0000  cm-1
50612.873    0.102      3173.060          059003.000304   059003.000613 P        0.0000  cm-1
50611.128    0.102      1586.273          059003.000060   059003.000241          1.0000  cm-1
50545.206    0.102      157657.435        059003.000281   059003.000571 P        0.0000  cm-1
50545.206    0.102      157657.435        059003.000053   059003.000229          1.0000  cm-1
50512.908    0.102      15718.351         059003.000049   059003.000225          1.0000  cm-1
50511.558    0.204      3929.093          059003.000127   059003.000286 P        0.0000  cm-1
50500.180    0.204      78498.493         059003.000161   059003.000305          1.0000  cm-1
50500.180    0.204      78498.493         059003.000158   059003.000303 P        0.0000  cm-1
50497.729    0.102      156961.074        059003.000079   059003.000263          1.0000  cm-1
50482.948    0.102      1567.446          059003.000132   059003.000291          1.0000  cm-1
50480.828    0.102      7835.680          059003.000062   059003.000247          1.0000  cm-1
50480.828    0.102      7835.680          059003.000145   059003.000302 P        0.0000  cm-1
50475.989    0.102      3132.856          059003.000112   059003.000440          1.0000  cm-1
50468.116    0.102      1565.276          059003.000049   059003.000223          0.8979  cm-1
50468.116    0.102      1565.276          059003.000179   059003.000312          0.1021  cm-1
50464.782    0.102      78239.432         059003.000042   059003.000212          1.0000  cm-1
50464.782    0.102      78239.432         059003.000063   059003.000435 P        0.0000  cm-1
50443.194    0.102      780.817           059003.000082   059003.000264          1.0000  cm-1
50441.568    0.102      3903.490          059003.000128   059003.000444 P        0.0000  cm-1
50441.568    0.102      3903.490          059003.000246   059003.000565 P        0.0000  cm-1
50441.568    0.102      3903.490          059003.000050   059003.000225          1.0000  cm-1
50434.111    0.102      1560.307          059003.000091   059003.000269          1.0000  cm-1
50429.125    0.102      233936.941        059003.000062   059003.000245          1.0000  cm-1
50426.967    0.102      1559.265          059003.000054   059003.000233          1.0000  cm-1
50420.734    0.102      7791.776          059003.000045   059003.000220          1.0000  cm-1
50396.877    0.102      38871.929         059003.000050   059003.000223          1.0000  cm-1
50385.499    0.102      15532.200         059003.000041   059003.000208          1.0000  cm-1
50385.499    0.102      15532.200         059003.000195   059003.000348 P        0.0000  cm-1
50377.247    0.102      776.009           059003.000069   059003.000255          1.0000  cm-1
50352.594    0.203      3871.083          059003.000098   059003.000270 P        0.0000  cm-1
50352.594    0.203      3871.083          059003.000078   059003.000260          1.0000  cm-1
50352.594    0.203      3871.083          059003.000111   059003.000277 P        0.0000  cm-1
50311.152    0.101      30848.330         059003.000062   059003.000244          1.0000  cm-1
50298.294    0.101      231082.872        059003.000045   059003.000218          1.0000  cm-1
50283.927    0.101      1538.471          059003.000064   059003.000246          0.6842  cm-1
50283.927    0.101      1538.471          059003.000144   059003.000449          0.3158  cm-1
50282.333    0.101      4614.721          059003.000088   059003.000266          1.0000  cm-1
50268.461    0.101      230434.890        059003.000062   059003.000243          1.0000  cm-1
50260.197    0.101      38375.930         059003.000108   059003.000272          1.0000  cm-1
50224.782    0.101      764.960           059003.000105   059003.000437 P        0.0000  cm-1
50213.181    0.101      22923.698         059003.000101   059003.000271          1.0000  cm-1
50210.329    0.101      45835.055         059003.000298   059003.000588 P        0.0000  cm-1
50204.934    0.101      4581.172          059003.000111   059003.000275          1.0000  cm-1
50201.230    0.101      7632.615          059003.000082   059003.000263          1.0000  cm-1
50166.905    0.201      76078.983         059003.000093   059003.000269          1.0000  cm-1
50164.993    0.201      228195.688        059003.000248   059003.000565 P        0.0000  cm-1
50164.993    0.201      228195.688        059003.000054   059003.000229          1.0000  cm-1
50149.774    0.101      15191.159         059003.000135   059003.000292          1.0000  cm-1
50133.050    0.101      303342.592        059003.000064   059003.000244          1.0000  cm-1
50119.888    0.100      75741.164         059003.000063   059003.000243          0.0623  cm-1
50119.888    0.100      75741.164         059003.000063   059003.000433          0.9377  cm-1
50099.622    0.201      3779.791          059003.000452   059003.000593 P        0.0000  cm-1
50099.622    0.201      3779.791          059003.000069   059003.000252          1.0000  cm-1
50099.622    0.201      3779.791          059003.000130   059003.000285 P        0.0000  cm-1
50082.262    0.100      22641.437         059003.000081   059003.000260          1.0000  cm-1
50052.251    0.100      15051.345         059003.000060   059003.000238          1.0000  cm-1
50048.444    0.100      300918.042        059003.000070   059003.000252          1.0000  cm-1
50048.444    0.100      300918.042        059003.000112   059003.000438 P        0.0000  cm-1
50035.076    0.100      7513.400          059003.000114   059003.000439          1.0000  cm-1
50027.391    0.100      22523.735         059003.000047   059003.000431          1.0000  cm-1
50005.124    0.100      74920.244         059003.000046   059003.000219          1.0000  cm-1
50002.447    0.100      22470.348         059003.000104   059003.000271          1.0000  cm-1
49997.100    0.200      299452.170        059003.000046   059003.000218          1.0000  cm-1
49997.100    0.200      299452.170        059003.000067   059003.000250 P        0.0000  cm-1
49997.100    0.200      299452.170        059003.000064   059003.000241 P        0.0000  cm-1
49997.100    0.200      299452.170        059003.000299   059003.000578 P        0.0000  cm-1
49997.100    0.200      299452.170        059003.000300   059003.000582 P        0.0000  cm-1
49988.450    0.100      14960.280         059003.000067   059003.000249          1.0000  cm-1
49985.328    0.100      149558.324        059003.000072   059003.000255          1.0000  cm-1
49980.407    0.100      1494.882          059003.000084   059003.000263          0.8337  cm-1
49980.407    0.100      1494.882          059003.000250   059003.000565          0.1663  cm-1
49973.789    0.100      3734.850          059003.000126   059003.000282          1.0000  cm-1
49964.001    0.100      29850.938         059003.000115   059003.000440          1.0000  cm-1
49961.328    0.100      7460.833          059003.000096   059003.000269          1.0000  cm-1
49954.069    0.100      745.567           059003.000097   059003.000268          1.0000  cm-1
49925.088    0.100      7435.080          059003.000083   059003.000261          1.0000  cm-1
49902.491    0.100      14838.097         059003.000305   059003.000617 P        0.0000  cm-1
49902.491    0.100      14838.097         059003.000540   059003.000260          1.0000  cm-1
49889.841    0.100      7410.082          059003.000083   059003.000260          1.0000  cm-1
49889.841    0.100      7410.082          059003.000144   059003.000447 P        0.0000  cm-1
49854.997    0.099      22156.256         059003.000132   059003.000289          1.0000  cm-1
49854.997    0.099      22156.256         059003.000101   059003.000270 P        0.0000  cm-1
49848.662    0.099      7380.940          059003.000442   059003.000570          1.0000  cm-1
49836.411    0.099      22116.848         059003.000084   059003.000262          1.0000  cm-1
49831.495    0.099      736.881           059003.000106   059003.000436          1.0000  cm-1
49807.296    0.099      14703.463         059003.000062   059003.000239          1.0000  cm-1
49799.162    0.099      7345.997          059003.000053   059003.000224          1.0000  cm-1
49773.360    0.099      29311.280         059003.000053   059003.000222          1.0000  cm-1
49771.622    0.198      29306.386         059003.000060   059003.000234          0.4251  cm-1
49771.622    0.198      29306.386         059003.000047   059003.000217          0.5749  cm-1
49764.438    0.099      3660.771          059003.000448   059003.000586 P        0.0000  cm-1
49764.438    0.099      3660.771          059003.000099   059003.000269          1.0000  cm-1
49761.668    0.099      29278.371         059003.000161   059003.000304          0.5134  cm-1
49761.668    0.099      29278.371         059003.000099   059003.000268          0.4866  cm-1
49753.596    0.099      58511.320         059003.000063   059003.000240          1.0000  cm-1
49742.851    0.099      58450.898         059003.000126   059003.000281          1.0000  cm-1
49726.306    0.198      729.474           059003.000097   059003.000267          1.0000  cm-1
49726.306    0.198      729.474           059003.000080   059003.000258 P        0.0000  cm-1
49716.911    0.099      2186.444          059003.000086   059003.000265          1.0000  cm-1
49716.911    0.099      2186.444          059003.000448   059003.000578 P        0.0000  cm-1
49711.843    0.099      72845.903         059003.000041   059003.000205          1.0000  cm-1
49679.667    0.099      21786.118         059003.000112   059003.000275          1.0000  cm-1
49676.727    0.099      72599.803         059003.000045   059003.000215          1.0000  cm-1
49676.727    0.099      72599.803         059003.000449   059003.000588 P        0.0000  cm-1
49642.447    0.099      1447.201          059003.000285   059003.000571 P        0.0000  cm-1
49629.120    0.099      72266.937         059003.000064   059003.000239          1.0000  cm-1
49622.520    0.098      72220.859         059003.000057   059003.000230          1.0000  cm-1
49621.216    0.098      14442.350         059003.000130   059003.000283          1.0000  cm-1
49615.777    0.098      144347.597        059003.000062   059003.000238          1.0000  cm-1
49613.238    0.098      72156.083         059003.000286   059003.000571 P        0.0000  cm-1
49613.238    0.098      72156.083         059003.000060   059003.000235          1.0000  cm-1
49591.786    0.098      720.065           059003.000045   059003.000213          0.5196  cm-1
49591.786    0.098      720.065           059003.000160   059003.000303          0.4804  cm-1
49587.506    0.098      1439.534          059003.000093   059003.000266          1.0000  cm-1
49585.688    0.098      71964.032         059003.000108   059003.000436          1.0000  cm-1
49585.688    0.098      71964.032         059003.000145   059003.000299 P        0.0000  cm-1
49560.278    0.098      21536.150         059003.000131   059003.000286          1.0000  cm-1
49544.564    0.098      7167.791          059003.000114   059003.000276          1.0000  cm-1
49485.892    0.098      7127.085          059003.000082   059003.000258          1.0000  cm-1
49474.362    0.098      711.910           059003.000112   059003.000273          1.0000  cm-1
49467.138    0.098      35570.514         059003.000063   059003.000238          0.4232  cm-1
49467.138    0.098      35570.514         059003.000087   059003.000265          0.5768  cm-1
49455.322    0.098      710.593           059003.000085   059003.000261          1.0000  cm-1
49437.258    0.098      49654.128         059003.000072   059003.000251          1.0000  cm-1
49437.258    0.098      49654.128         059003.000301   059003.000583 P        0.0000  cm-1
49431.414    0.098      141788.221        059003.000129   059003.000282          1.0000  cm-1
49422.009    0.098      7082.919          059003.000125   059003.000279 P        0.0000  cm-1
49422.009    0.098      7082.919          059003.000060   059003.000237          1.0000  cm-1
49410.824    0.098      7075.202          059003.000049   059003.000219          1.0000  cm-1
49399.839    0.098      49473.397         059003.000148   059003.000448 P        0.0000  cm-1
49393.934    0.098      282542.364        059003.000041   059003.000203          1.0000  cm-1
49393.130    0.195      14126.009         059003.000054   059003.000222          1.0000  cm-1
49383.836    0.098      70566.030         059003.000066   059003.000242          1.0000  cm-1
49383.836    0.098      70566.030         059003.000289   059003.000573 P        0.0000  cm-1
49375.499    0.098      21152.590         059003.000046   059003.000215          1.0000  cm-1
49358.173    0.195      21116.831         059003.000112   059003.000272 P        0.0000  cm-1
49341.438    0.097      7027.442          059003.000181   059003.000312 P        0.0000  cm-1
49341.438    0.097      7027.442          059003.000153   059003.000450 P        0.0000  cm-1
49341.438    0.097      7027.442          059003.000067   059003.000243          0.1125  cm-1
49341.438    0.097      7027.442          059003.000067   059003.000433          0.8875  cm-1
49335.259    0.097      7023.199          059003.000062   059003.000234          1.0000  cm-1
49331.508    0.097      210618.691        059003.000050   059003.000218          1.0000  cm-1
49329.272    0.097      28076.350         059003.000155   059003.000450 P        0.0000  cm-1
49326.324    0.097      2105.119          059003.000042   059003.000206          1.0000  cm-1
49304.584    0.097      28008.610         059003.000085   059003.000259          1.0000  cm-1
49290.706    0.097      69926.427         059003.000188   059003.000457 P        0.0000  cm-1
49290.706    0.097      69926.427         059003.000046   059003.000213          1.0000  cm-1
49290.706    0.097      69926.427         059003.000123   059003.000442 P        0.0000  cm-1
49287.162    0.097      3495.108          059003.000179   059003.000311          1.0000  cm-1
49286.361    0.097      1397.933          059003.000111   059003.000437          1.0000  cm-1
49280.699    0.097      209573.700        059003.000255   059003.000565 P        0.0000  cm-1
49280.699    0.097      209573.700        059003.000189   059003.000457          1.0000  cm-1
49272.246    0.097      13960.010         059003.000119   059003.000440          0.9258  cm-1
49272.246    0.097      13960.010         059003.000147   059003.000447          0.0742  cm-1
49265.598    0.097      4882.820          059003.000073   059003.000251          1.0000  cm-1
49265.598    0.097      4882.820          059003.000084   059003.000258 P        0.0000  cm-1
49257.905    0.097      69701.961         059003.000045   059003.000212          1.0000  cm-1
49230.622    0.097      6951.559          059003.000088   059003.000264          1.0000  cm-1
49225.801    0.097      277930.721        059003.000060   059003.000231          1.0000  cm-1
49223.305    0.097      694.656           059003.000086   059003.000260          1.0000  cm-1
49215.870    0.097      277659.712        059003.000041   059003.000202          1.0000  cm-1
49215.870    0.097      277659.712        059003.000172   059003.000305 P        0.0000  cm-1
49209.767    0.097      693733.117        059003.000111   059003.000436 P        0.0000  cm-1
49209.767    0.097      693733.117        059003.000045   059003.000211          1.0000  cm-1
49206.473    0.097      277403.437        059003.000042   059003.000205          1.0000  cm-1
49200.977    0.097      138626.804        059003.000059   059003.000230          1.0000  cm-1
49188.027    0.097      69225.187         059003.000057   059003.000227          1.0000  cm-1
49185.272    0.097      34603.215         059003.000167   059003.000304 P        0.0000  cm-1
49185.272    0.097      34603.215         059003.000099   059003.000266          1.0000  cm-1
49183.385    0.194      138387.159        059003.000042   059003.000204          0.1154  cm-1
49183.385    0.194      138387.159        059003.000063   059003.000236          0.8846  cm-1
49183.385    0.194      138387.159        059003.000302   059003.000589 P        0.0000  cm-1
49176.827    0.097      27659.580         059003.000062   059003.000235          1.0000  cm-1
49165.416    0.097      1381426.473       059003.000070   059003.000246          1.0000  cm-1
49159.712    0.097      4832.278          059003.000053   059003.000221          1.0000  cm-1
49157.200    0.097      690.155           059003.000064   059003.000234          1.0000  cm-1
49142.608    0.097      68916.325         059003.000079   059003.000257          1.0000  cm-1
49134.980    0.097      6886.453          059003.000105   059003.000268          1.0000  cm-1
49114.440    0.096      68725.176         059003.000073   059003.000250          1.0000  cm-1
49113.427    0.096      687.183           059003.000115   059003.000274 P        0.0000  cm-1
49105.904    0.193      13733.463         059003.000073   059003.000249          1.0000  cm-1
49077.877    0.096      2054.326          059003.000173   059003.000305          1.0000  cm-1
49034.487    0.096      136368.654        059003.000045   059003.000210          1.0000  cm-1
48956.826    0.096      270645.535        059003.000188   059003.000456          0.8492  cm-1
48956.826    0.096      270645.535        059003.000046   059003.000212          0.1508  cm-1
48945.161    0.096      33791.518         059003.000070   059003.000242          1.0000  cm-1
48929.112    0.096      337376.695        059003.000073   059003.000248          0.9019  cm-1
48929.112    0.096      337376.695        059003.000069   059003.000241          0.0981  cm-1
48907.267    0.096      6732.890          059003.000195   059003.000345 P        0.0000  cm-1
48907.267    0.096      6732.890          059003.000105   059003.000267          1.0000  cm-1
48888.637    0.096      134408.340        059003.000150   059003.000448 P        0.0000  cm-1
48888.637    0.096      134408.340        059003.000042   059003.000203          1.0000  cm-1
48886.274    0.096      1343.767          059003.000149   059003.000298          1.0000  cm-1
48877.909    0.096      6713.241          059003.000070   059003.000241          1.0000  cm-1
48859.328    0.095      13401.643         059003.000148   059003.000446 P        0.0000  cm-1
48859.328    0.095      13401.643         059003.000131   059003.000282          1.0000  cm-1
48857.847    0.095      6699.832          059003.000087   059003.000259          1.0000  cm-1
48853.815    0.095      46879.976         059003.000057   059003.000225          1.0000  cm-1
48847.014    0.095      1338.520          059003.000115   059003.000272          1.0000  cm-1
48844.081    0.095      669.064           059003.000119   059003.000438          1.0000  cm-1
48844.081    0.095      669.064           059003.000454   059003.000596 P        0.0000  cm-1
48843.175    0.095      53520.289         059003.000053   059003.000220 P        0.0000  cm-1
48843.175    0.095      53520.289         059003.000072   059003.000247          1.0000  cm-1
48833.181    0.095      13366.736         059003.000076   059003.000254          1.0000  cm-1
48824.597    0.095      66776.440         059003.000455   059003.000609 P        0.0000  cm-1
48824.597    0.095      66776.440         059003.000072   059003.000246          1.0000  cm-1
48817.995    0.095      6673.243          059003.000455   059003.000608 P        0.0000  cm-1
48817.995    0.095      6673.243          059003.000074   059003.000249 P        0.0000  cm-1
48817.995    0.095      6673.243          059003.000106   059003.000268          1.0000  cm-1
48813.109    0.095      666.999           059003.000448   059003.000427 P        0.0000  cm-1
48809.106    0.095      66673.219         059003.000057   059003.000223          1.0000  cm-1
48807.510    0.095      266650.349        059003.000064   059003.000237          1.0000  cm-1
48789.435    0.095      13308.455         059003.000062   059003.000231          1.0000  cm-1
48779.630    0.095      13295.412         059003.000054   059003.000221          1.0000  cm-1
48766.523    0.095      132779.898        059003.000059   059003.000227          1.0000  cm-1
48766.523    0.095      132779.898        059003.000149   059003.000446 P        0.0000  cm-1
48761.175    0.095      265417.706        059003.000049   059003.000214          1.0000  cm-1
48758.819    0.095      6633.878          059003.000041   059003.000200          1.0000  cm-1
48758.819    0.095      6633.878          059003.000229   059003.000564 P        0.0000  cm-1
48739.213    0.095      132417.318        059003.000079   059003.000256          1.0000  cm-1
48733.227    0.095      66168.959         059003.000046   059003.000210          1.0000  cm-1
48731.092    0.095      6615.480          059003.000306   059003.000617 P        0.0000  cm-1
48731.092    0.095      6615.480          059003.000063   059003.000233          1.0000  cm-1
48722.637    0.095      1321.975          059003.000047   059003.000211          1.0000  cm-1
48710.320    0.190      1320343.467       059003.000042   059003.000202          0.7870  cm-1
48710.320    0.190      1320343.467       059003.000050   059003.000215          0.2130  cm-1
48696.610    0.095      659264.284        059003.000049   059003.000213          1.0000  cm-1
48689.878    0.095      6588.190          059003.000050   059003.000214          1.0000  cm-1
48681.509    0.095      131653.123        059003.000053   059003.000217          1.0000  cm-1
48673.428    0.095      657731.554        059003.000072   059003.000244          0.3558  cm-1
48673.428    0.095      657731.554        059003.000045   059003.000208          0.6442  cm-1
48671.348    0.095      32879.706         059003.000073   059003.000247 P        0.0000  cm-1
48671.348    0.095      32879.706         059003.000075   059003.000250          1.0000  cm-1
48630.420    0.095      65489.354         059003.000132   059003.000284          1.0000  cm-1
48628.456    0.095      19642.922         059003.000150   059003.000300 P        0.0000  cm-1
48628.456    0.095      19642.922         059003.000131   059003.000281          1.0000  cm-1
48625.241    0.095      19636.567         059003.000084   059003.000257 P        0.0000  cm-1
48625.241    0.095      19636.567         059003.000050   059003.000213          1.0000  cm-1
48619.900    0.095      3271.002          059003.000073   059003.000245          1.0000  cm-1
48613.495    0.095      6537.787          059003.000059   059003.000226          1.0000  cm-1
48601.398    1.134      65298.250         059003.000151   059003.000300          0.7379  cm-1
48601.398    1.134      65298.250         059003.000145   059003.000295 P        0.0000  cm-1
48601.398    1.134      65298.250         059003.000114   059003.000437          0.2621  cm-1
48582.107    0.094      6517.141          059003.000076   059003.000253 P        0.0000  cm-1
48582.107    0.094      6517.141          059003.000151   059003.000299          1.0000  cm-1
48575.215    0.094      19537.839         059003.000108   059003.000269          1.0000  cm-1
48572.079    0.094      39063.320         059003.000108   059003.000268          1.0000  cm-1
48561.488    0.094      2601439.924       059003.000069   059003.000239          0.6031  cm-1
48561.488    0.094      2601439.924       059003.000091   059003.000263          0.3969  cm-1
48546.255    0.094      6493.606          059003.000152   059003.000447          1.0000  cm-1
48530.285    0.094      19449.419         059003.000047   059003.000209          1.0000  cm-1
48530.285    0.094      19449.419         059003.000121   059003.000438 P        0.0000  cm-1
48528.706    0.094      6482.105          059003.000112   059003.000271          1.0000  cm-1
48526.115    0.094      12960.816         059003.000123   059003.000439          1.0000  cm-1
48510.225    0.094      51760.048         059003.000041   059003.000199          1.0000  cm-1
48485.861    0.188      129081.516        059003.000075   059003.000248          0.8579  cm-1
48485.861    0.188      129081.516        059003.000089   059003.000261          0.1421  cm-1
48476.155    0.094      128954.711        059003.000119   059003.000275          1.0000  cm-1
48469.314    0.094      2577.308          059003.000063   059003.000229          1.0000  cm-1
48461.870    0.094      1931.524          059003.000095   059003.000265          1.0000  cm-1
48459.192    0.094      643.666           059003.000539   059003.000434 P        0.0000  cm-1
48459.192    0.094      643.666           059003.000073   059003.000243          1.0000  cm-1
48459.192    0.094      643.666           059003.000073   059003.000433 P        0.0000  cm-1
48450.410    0.094      3215.469          059003.000089   059003.000260          1.0000  cm-1
48445.482    0.094      6427.725          059003.000095   059003.000264          1.0000  cm-1
48442.783    0.094      1285.193          059003.000082   059003.000256          1.0000  cm-1
48432.340    0.094      641916.259        059003.000059   059003.000225          1.0000  cm-1
48422.000    0.094      3206.215          059003.000119   059003.000274          1.0000  cm-1
48405.172    0.094      192044.508        059003.000067   059003.000236          1.0000  cm-1
48396.386    0.094      6395.773          059003.000074   059003.000434 P        0.0000  cm-1
48378.498    0.094      127683.077        059003.000123   059003.000438          1.0000  cm-1
48362.633    0.094      127477.195        059003.000049   059003.000212          1.0000  cm-1
48362.633    0.094      127477.195        059003.000304   059003.000597 P        0.0000  cm-1
48349.797    0.094      127310.773        059003.000154   059003.000301          0.7734  cm-1
48349.797    0.094      127310.773        059003.000150   059003.000446          0.2266  cm-1
48342.830    0.093      19083.074         059003.000097   059003.000265          1.0000  cm-1
48326.501    0.093      31752.264         059003.000097   059003.000264          1.0000  cm-1
48308.199    0.093      253544.602        059003.000060   059003.000224          1.0000  cm-1
48301.292    0.093      31670.758         059003.000054   059003.000217          1.0000  cm-1
48294.035    0.093      126589.274        059003.000195   059003.000553 P        0.0000  cm-1
48294.035    0.093      126589.274        059003.000158   059003.000302          0.1758  cm-1
48294.035    0.093      126589.274        059003.000093   059003.000263          0.8242  cm-1
48294.035    0.093      126589.274        059003.000143   059003.000293 P        0.0000  cm-1
48291.264    0.093      31638.370         059003.000050   059003.000212          1.0000  cm-1
48273.427    0.093      3158.081          059003.000088   059003.000258          1.0000  cm-1
48262.760    0.093      50474.269         059003.000081   059003.000254          1.0000  cm-1
48250.112    0.093      252045.350        059003.000067   059003.000235          1.0000  cm-1
48249.040    0.093      9450.665          059003.000115   059003.000437 P        0.0000  cm-1
48241.919    0.093      6295.857          059003.000106   059003.000266          1.0000  cm-1
48228.517    0.093      125744.655        059003.000139   059003.000291 P        0.0000  cm-1
48228.517    0.093      125744.655        059003.000075   059003.000247          1.0000  cm-1
48222.077    0.093      12566.182         059003.000084   059003.000256          1.0000  cm-1
48222.077    0.093      12566.182         059003.000307   059003.000617 P        0.0000  cm-1
48196.230    0.093      3133.242          059003.000111   059003.000268          1.0000  cm-1
48175.427    0.093      312656.761        059003.000047   059003.000207          1.0000  cm-1
48169.767    0.093      187485.215        059003.000112   059003.000270 P        0.0000  cm-1
48169.767    0.093      187485.215        059003.000072   059003.000239          0.6337  cm-1
48169.767    0.093      187485.215        059003.000079   059003.000252          0.3663  cm-1
48161.249    0.093      62440.483         059003.000181   059003.000311          1.0000  cm-1
48157.840    0.093      1872.559          059003.000123   059003.000277          1.0000  cm-1
48150.048    0.093      124737.502        059003.000093   059003.000262          1.0000  cm-1
48138.557    0.093      1868.856          059003.000076   059003.000250          1.0000  cm-1
48135.934    0.093      24911.371         059003.000080   059003.000253          1.0000  cm-1
48133.760    0.093      37358.713         059003.000099   059003.000264          1.0000  cm-1
48113.330    0.093      1864.018          059003.000266   059003.000566          1.0000  cm-1
48111.875    0.093      12424.929         059003.000135   059003.000285          1.0000  cm-1
48108.265    0.093      12420.317         059003.000159   059003.000302          0.1866  cm-1
48108.265    0.093      12420.317         059003.000121   059003.000274          0.8134  cm-1
48099.586    0.093      620.462           059003.000053   059003.000215          1.0000  cm-1
48089.845    0.093      185952.080        059003.000451   059003.000588 P        0.0000  cm-1
48089.845    0.093      185952.080        059003.000069   059003.000234          1.0000  cm-1
48088.555    0.093      61975.797         059003.000096   059003.000263          1.0000  cm-1
48070.449    0.092      18558.115         059003.000083   059003.000254          1.0000  cm-1
48035.629    0.092      1232.776          059003.000123   059003.000276          1.0000  cm-1
48035.629    0.092      1232.776          059003.000451   059003.000582 P        0.0000  cm-1
48015.681    0.092      1845.361          059003.000075   059003.000243 P        0.0000  cm-1
48012.063    0.092      1844.672          059003.000081   059003.000253          1.0000  cm-1
48012.063    0.092      1844.672          059003.000125   059003.000440 P        0.0000  cm-1
48004.844    0.092      245773.011        059003.000042   059003.000199          1.0000  cm-1
47998.188    0.092      614.010           059003.000073   059003.000239          1.0000  cm-1
47996.070    0.092      613.876           059003.000108   059003.000266          1.0000  cm-1
47996.070    0.092      613.876           059003.000194   059003.000548 P        0.0000  cm-1
47976.724    0.092      36758.985         059003.000045   059003.000204          1.0000  cm-1
47968.553    0.184      1836.397          059003.000111   059003.000267          0.7796  cm-1
47968.553    0.184      1836.397          059003.000095   059003.000260          0.2204  cm-1
47955.974    0.092      18340.086         059003.000128   059003.000278          1.0000  cm-1
47922.282    0.092      6092.070          059003.000075   059003.000241          1.0000  cm-1
47906.786    0.092      2432.917          059003.000064   059003.000226          1.0000  cm-1
47891.759    0.092      3036.409          059003.000099   059003.000263          1.0000  cm-1
47884.786    0.092      242737.020        059003.000054   059003.000216          1.0000  cm-1
47884.786    0.092      242737.020        059003.000097   059003.000261 P        0.0000  cm-1
47875.089    0.092      6062.319          059003.000138   059003.000288          1.0000  cm-1
47875.089    0.092      6062.319          059003.000179   059003.000309 P        0.0000  cm-1
47873.279    0.092      1212.236          059003.000082   059003.000252          1.0000  cm-1
47862.784    0.092      3027.288          059003.000067   059003.000231          1.0000  cm-1
47858.960    0.092      6052.172          059003.000062   059003.000223          1.0000  cm-1
47852.749    0.092      604.827           059003.000095   059003.000259          1.0000  cm-1
47843.388    0.092      12084.769         059003.000080   059003.000251          1.0000  cm-1
47818.567    0.091      60268.030         059003.000046   059003.000206          1.0000  cm-1
47818.567    0.091      60268.030         059003.000168   059003.000453 P        0.0000  cm-1
47814.609    0.091      2409728.332       059003.000066   059003.000230          1.0000  cm-1
47806.679    0.091      12038.698         059003.000073   059003.000238          1.0000  cm-1
47805.122    0.091      18055.120         059003.000074   059003.000240          1.0000  cm-1
47789.519    0.091      6008.599          059003.000153   059003.000300          1.0000  cm-1
47757.569    0.091      2994.307          059003.000155   059003.000447          1.0000  cm-1
47751.959    0.091      2394043.829       059003.000057   059003.000219          1.0000  cm-1
47740.081    0.091      239107.698        059003.000069   059003.000237          0.4906  cm-1
47740.081    0.091      239107.698        059003.000156   059003.000299          0.5094  cm-1
47733.769    0.091      11947.507         059003.000097   059003.000259          1.0000  cm-1
47698.634    0.091      238074.205        059003.000046   059003.000205          1.0000  cm-1
47692.016    0.091      3568.641          059003.000080   059003.000250          1.0000  cm-1
47690.993    0.091      118941.981        059003.000067   059003.000229          1.0000  cm-1
47689.675    0.091      2973.139          059003.000305   059003.000600 P        0.0000  cm-1
47689.675    0.091      2973.139          059003.000123   059003.000272          1.0000  cm-1
47685.468    0.091      2971.831          059003.000102   059003.000265          1.0000  cm-1
47683.532    0.091      23769.829         059003.000080   059003.000249          1.0000  cm-1
47681.849    0.091      59414.103         059003.000045   059003.000203          1.0000  cm-1
47680.714    0.091      11881.409         059003.000064   059003.000223          1.0000  cm-1
47675.509    0.091      296873.396        059003.000046   059003.000204          1.0000  cm-1
47673.508    0.091      593622.459        059003.000041   059003.000198          1.0000  cm-1
47668.848    0.091      59333.279         059003.000060   059003.000221          1.0000  cm-1
47658.196    0.091      2963.355          059003.000304   059003.000429 P        0.0000  cm-1
47658.196    0.091      2963.355          059003.000115   059003.000270          1.0000  cm-1
47652.565    0.091      59232.147         059003.000084   059003.000252          1.0000  cm-1
47643.934    0.091      11835.717         059003.000076   059003.000245          1.0000  cm-1
47632.611    0.091      118216.708        059003.000053   059003.000211          1.0000  cm-1
47624.560    0.091      29529.227         059003.000130   059003.000278          1.0000  cm-1
47624.560    0.091      29529.227         059003.000305   059003.000597 P        0.0000  cm-1
47620.225    0.091      2951.580          059003.000111   059003.000266          1.0000  cm-1
47581.637    0.091      1175.856          059003.000259   059003.000565          1.0000  cm-1
47578.766    0.091      58775.079         059003.000093   059003.000258          1.0000  cm-1
47562.606    0.090      1760.258          059003.000152   059003.000295          0.4810  cm-1
47562.606    0.090      1760.258          059003.000144   059003.000445          0.5190  cm-1
47553.219    0.090      11723.471         059003.000063   059003.000432          1.0000  cm-1
47540.830    0.090      1756.229          059003.000099   059003.000259          1.0000  cm-1
47440.171    0.068      509385.903        059003.000053   059003.000209          1.0000  cm-1
47379.900    0.067      2610490.631       059003.000066   059003.000227          1.0000  cm-1
47348.290    0.067      401121.012        059003.000072   059003.000237          1.0000  cm-1
47315.771    0.067      369339.765        059003.000120   059003.000437          1.0000  cm-1
47252.290    0.067      315342.200        059003.000054   059003.000211 P        0.0000  cm-1
47232.440    0.067      300386.499        059003.000062   059003.000221          1.0000  cm-1
47104.490    0.067      443395.186        059003.000049   059003.000205          1.0000  cm-1
47102.290    0.067      882297.518        059003.000057   059003.000214          1.0000  cm-1
47046.880    0.066      777548.159        059003.000045   059003.000200          1.0000  cm-1
47033.221    0.066      754047.198        059003.000050   059003.000205          1.0000  cm-1
47033.221    0.066      754047.198        059003.000156   059003.000297 P        0.0000  cm-1
46924.770    0.066      446112.061        059003.000075   059003.000235          1.0000  cm-1
46924.770    0.066      446112.061        059003.000104   059003.000259 P        0.0000  cm-1
46919.310    0.154      146983.114        059003.000067   059003.000222          1.0000  cm-1
46919.310    0.154      146983.114        059003.000126   059003.000276 P        0.0000  cm-1
46802.990    0.066      230975.471        059003.000091   059003.000256          1.0000  cm-1
46798.280    0.066      686380.428        059003.000045   059003.000199          1.0000  cm-1
46788.400    0.066      785045.615        059003.000084   059003.000247          1.0000  cm-1
46788.400    0.066      785045.615        059003.000070   059003.000226 P        0.0000  cm-1
46786.650    0.066      782298.552        059003.000049   059003.000203          1.0000  cm-1
46716.101    0.065      97266.101         059003.000054   059003.000208          1.0000  cm-1
46715.340    0.065      291369.152        059003.000050   059003.000203          1.0000  cm-1
46715.340    0.065      291369.152        059003.000130   059003.000438 P        0.0000  cm-1
46703.689    0.065      94964.698         059003.000057   059003.000212          1.0000  cm-1
46700.911    0.065      94458.889         059003.000086   059003.000249          1.0000  cm-1
46680.680    0.153      817883.890        059003.000059   059003.000214          1.0000  cm-1
46680.680    0.153      817883.890        059003.000454   059003.000578 P        0.0000  cm-1
46672.091    0.153      625846.161        059003.000047   059003.000201          1.0000  cm-1
46658.220    0.065      87096.366         059003.000069   059003.000225          1.0000  cm-1
46651.690    0.152      774313.615        059003.000071   059003.000227          1.0000  cm-1
46600.281    0.065      78225.920         059003.000138   059003.000283          1.0000  cm-1
46562.350    0.065      365184.648        059003.000070   059003.000223          1.0000  cm-1
46558.401    0.065      72522.376         059003.000108   059003.000262          1.0000  cm-1
46537.210    0.152      698398.441        059003.000075   059003.000231 P        0.0000  cm-1
46537.210    0.152      698398.441        059003.000050   059003.000202          1.0000  cm-1
46535.890    0.065      69676.989         059003.000448   059003.000421 P        0.0000  cm-1
46535.890    0.065      69676.989         059003.000093   059003.000256          1.0000  cm-1
46497.060    0.065      260399.304        059003.000199   059003.000347 P        0.0000  cm-1
46497.060    0.065      260399.304        059003.000046   059003.000199          1.0000  cm-1
46497.060    0.065      260399.304        059003.000305   059003.000428 P        0.0000  cm-1
46497.060    0.065      260399.304        059003.000202   059003.000348 P        0.0000  cm-1
46447.510    0.065      239248.081        059003.000072   059003.000226          1.0000  cm-1
46447.510    0.065      239248.081        059003.000437   059003.000566 P        0.0000  cm-1
46390.590    0.065      163243.569        059003.000088   059003.000251          1.0000  cm-1
46377.031    0.065      266125.529        059003.000129   059003.000276          1.0000  cm-1
46233.560    0.064      340398.702        059003.000091   059003.000252          1.0000  cm-1
46225.881    0.150      84129.042         059003.000120   059003.000268          1.0000  cm-1
46225.881    0.150      84129.042         059003.000198   059003.000344 P        0.0000  cm-1
46221.549    0.150      334353.273        059003.000072   059003.000223          1.0000  cm-1
46206.250    0.064      122575.161        059003.000166   059003.000301          1.0000  cm-1
46172.450    0.064      194462.723        059003.000062   059003.000215 P        0.0000  cm-1
46144.191    0.064      74699.925         059003.000082   059003.000238          1.0000  cm-1
46115.031    0.064      143392.253        059003.000084   059003.000239          1.0000  cm-1
46087.651    0.064      34515.623         059003.000062   059003.000213          1.0000  cm-1
46054.070    0.064      98932.310         059003.000086   059003.000433 P        0.0000  cm-1
46054.070    0.064      98932.310         059003.000088   059003.000248          1.0000  cm-1
46043.611    0.064      130075.232        059003.000112   059003.000264          1.0000  cm-1
46024.090    0.148      31687.648         059003.000138   059003.000280          1.0000  cm-1
46024.090    0.148      31687.648         059003.000204   059003.000348 P        0.0000  cm-1
46018.840    0.064      62938.880         059003.000076   059003.000232          1.0000  cm-1
45994.321    0.120      152397.428        059003.000064   059003.000215          1.0000  cm-1
45966.410    0.063      29408.342         059003.000060   059003.000210          1.0000  cm-1
45966.410    0.063      29408.342         059003.000093   059003.000252 P        0.0000  cm-1
45964.870    0.063      29350.881         059003.000087   059003.000245          1.0000  cm-1
45945.601    0.063      28646.307         059003.000080   059003.000235          1.0000  cm-1
45927.220    0.063      83993.885         059003.000131   059003.000277          1.0000  cm-1
45909.481    0.063      164360.128        059003.000064   059003.000213          1.0000  cm-1
45863.849    0.147      25927.971         059003.000198   059003.000551 P        0.0000  cm-1
45863.849    0.147      25927.971         059003.000082   059003.000234          1.0000  cm-1
45861.029    0.063      25841.464         059003.000045   059003.000197          1.0000  cm-1
45840.400    0.063      25222.239         059003.000155   059003.000293          1.0000  cm-1
45832.831    0.063      25000.931         059003.000076   059003.000229          1.0000  cm-1
45831.611    0.147      224690.020        059003.000050   059003.000199          1.0000  cm-1
45827.601    0.063      149098.877        059003.000067   059003.000217          1.0000  cm-1
45760.860    0.147      138263.619        059003.000096   059003.000252          1.0000  cm-1
45754.301    0.063      91512.281         059003.000291   059003.000570 P        0.0000  cm-1
45754.301    0.063      91512.281         059003.000080   059003.000237          1.0000  cm-1
45718.759    0.063      22012.795         059003.000078   059003.000232          1.0000  cm-1
45705.231    0.146      130186.465        059003.000125   059003.000270 P        0.0000  cm-1
45705.231    0.146      130186.465        059003.000062   059003.000211 P        0.0000  cm-1
45705.231    0.146      130186.465        059003.000082   059003.000235          1.0000  cm-1
45696.081    0.063      107444.808        059003.000093   059003.000251          1.0000  cm-1
45649.850    0.063      102423.591        059003.000120   059003.000266 P        0.0000  cm-1
45641.240    0.146      162453.217        059003.000114   059003.000263          1.0000  cm-1
45629.221    0.062      20062.543         059003.000083   059003.000235          1.0000  cm-1
45626.890    0.062      20015.812         059003.000088   059003.000244          1.0000  cm-1
45624.890    0.062      39951.728         059003.000132   059003.000439          1.0000  cm-1
45604.999    0.062      19586.084         059003.000060   059003.000208 P        0.0000  cm-1
45604.999    0.062      19586.084         059003.000074   059003.000432 P        0.0000  cm-1
45601.420    0.062      117104.253        059003.000112   059003.000261          1.0000  cm-1
45575.411    0.062      152247.050        059003.000064   059003.000212          1.0000  cm-1
45565.550    0.145      150817.090        059003.000112   059003.000260 P        0.0000  cm-1
45565.550    0.145      150817.090        059003.000057   059003.000206          1.0000  cm-1
45559.690    0.145      187473.788        059003.000046   059003.000197          1.0000  cm-1
45558.070    0.062      18718.605         059003.000080   059003.000231          1.0000  cm-1
45556.930    0.145      112190.384        059003.000063   059003.000211          1.0000  cm-1
45556.290    0.145      130809.434        059003.000069   059003.000219          1.0000  cm-1
45546.591    0.062      18516.999         059003.000054   059003.000202          1.0000  cm-1
45532.841    0.062      18280.738         059003.000138   059003.000279 P        0.0000  cm-1
45532.841    0.062      18280.738         059003.000078   059003.000229          1.0000  cm-1
45530.021    0.145      164096.793        059003.000062   059003.000210          1.0000  cm-1
45514.081    0.062      35934.695         059003.000082   059003.000237          1.0000  cm-1
45507.060    0.062      124968.574        059003.000160   059003.000295          1.0000  cm-1
45507.060    0.062      124968.574        059003.000305   059003.000586 P        0.0000  cm-1
45497.160    0.145      176932.620        059003.000114   059003.000262          0.4451  cm-1
45497.160    0.145      176932.620        059003.000079   059003.000230          0.5549  cm-1
45492.501    0.062      17619.175         059003.000310   059003.000607 P        0.0000  cm-1
45486.420    0.062      52570.132         059003.000097   059003.000251          1.0000  cm-1
45448.270    0.062      84723.220         059003.000081   059003.000232          1.0000  cm-1
45405.730    1.011      114395.704        059003.000067   059003.000216 P        0.0000  cm-1
45405.730    1.011      114395.704        059003.000167   059003.000300          1.0000  cm-1
45405.730    1.011      114395.704        059003.000196   059003.000341 P        0.0000  cm-1
45386.311    0.144      48244.184         059003.000167   059003.000299          0.1867  cm-1
45386.311    0.144      48244.184         059003.000080   059003.000229          0.8133  cm-1
45368.041    0.062      15843.698         059003.000196   059003.000547 P        0.0000  cm-1
45364.521    0.062      78993.690         059003.000063   059003.000209          1.0000  cm-1
45351.789    0.062      125106.684        059003.000130   059003.000436 P        0.0000  cm-1
45351.789    0.062      125106.684        059003.000064   059003.000210          1.0000  cm-1
45350.551    0.062      124983.278        059003.000091   059003.000246          1.0000  cm-1
45334.941    0.062      15431.287         059003.000097   059003.000250 P        0.0000  cm-1
45331.880    0.144      30788.606         059003.000083   059003.000233          1.0000  cm-1
45327.501    0.144      153417.103        059003.000041   059003.000195          1.0000  cm-1
45317.769    0.144      30452.445         059003.000085   059003.000234          0.6729  cm-1
45317.769    0.144      30452.445         059003.000082   059003.000231          0.3271  cm-1
45314.420    0.062      91121.440         059003.000085   059003.000236          1.0000  cm-1
45314.420    0.062      91121.440         059003.000300   059003.000573 P        0.0000  cm-1
45311.460    0.144      151523.535        059003.000041   059003.000194          1.0000  cm-1
45306.269    0.144      120737.284        059003.000046   059003.000196          1.0000  cm-1
45294.260    0.062      134594.052        059003.000066   059003.000214          1.0000  cm-1
45293.419    0.144      74726.969         059003.000304   059003.000427 P        0.0000  cm-1
45293.419    0.144      74726.969         059003.000099   059003.000251 P        0.0000  cm-1
45293.419    0.144      74726.969         059003.000084   059003.000237          1.0000  cm-1
45268.701    0.061      29343.603         059003.000095   059003.000248 P        0.0000  cm-1
45268.701    0.061      29343.603         059003.000540   059003.000232 P        0.0000  cm-1
45266.060    0.061      14643.237         059003.000171   059003.000301          1.0000  cm-1
45262.310    0.061      43808.668         059003.000081   059003.000229          1.0000  cm-1
45256.490    0.061      87244.633         059003.000132   059003.000277          1.0000  cm-1
45235.521    0.061      14321.900         059003.000098   059003.000250          1.0000  cm-1
45207.520    0.061      14041.342         059003.000175   059003.000302          1.0000  cm-1
45201.800    0.061      83913.710         059003.000054   059003.000201          1.0000  cm-1
45179.820    0.061      13776.393         059003.000143   059003.000444          1.0000  cm-1
45168.780    0.143      13674.156         059003.000128   059003.000270          0.0272  cm-1
45168.780    0.143      13674.156         059003.000062   059003.000208          0.9728  cm-1
45159.310    0.061      13587.956         059003.000085   059003.000235          1.0000  cm-1
45159.310    0.061      13587.956         059003.000161   059003.000296 P        0.0000  cm-1
45156.351    0.061      67806.464         059003.000135   059003.000440          0.6189  cm-1
45156.351    0.061      67806.464         059003.000072   059003.000218          0.3811  cm-1
45151.440    0.061      27034.677         059003.000087   059003.000238          1.0000  cm-1
45149.709    0.061      27003.869         059003.000168   059003.000298 P        0.0000  cm-1
45149.709    0.061      27003.869         059003.000097   059003.000248          1.0000  cm-1
45145.321    0.061      26926.140         059003.000115   059003.000262          1.0000  cm-1
45143.919    0.143      134507.205        059003.000059   059003.000206          1.0000  cm-1
45143.919    0.143      134507.205        059003.000095   059003.000435 P        0.0000  cm-1
45142.470    0.061      26875.954         059003.000099   059003.000250          1.0000  cm-1
45127.611    0.143      133090.976        059003.000057   059003.000203          1.0000  cm-1
45122.910    0.061      13268.984         059003.000088   059003.000239          1.0000  cm-1
45117.599    0.061      13224.043         059003.000086   059003.000236          1.0000  cm-1
45117.599    0.061      13224.043         059003.000223   059003.000561 P        0.0000  cm-1
45101.961    0.142      104751.983        059003.000093   059003.000247          1.0000  cm-1
45089.491    0.142      129927.068        059003.000054   059003.000200          1.0000  cm-1
45089.491    0.142      129927.068        059003.000115   059003.000261 P        0.0000  cm-1
45089.491    0.142      129927.068        059003.000137   059003.000278 P        0.0000  cm-1
45083.331    0.061      116490.972        059003.000093   059003.000246          1.0000  cm-1
45062.830    0.142      76698.551         059003.000091   059003.000241          0.4876  cm-1
45062.830    0.142      76698.551         059003.000079   059003.000227          0.5124  cm-1
45061.021    0.061      12769.200         059003.000076   059003.000222          1.0000  cm-1
45050.060    0.061      12685.949         059003.000098   059003.000248          1.0000  cm-1
45009.500    0.061      12390.836         059003.000063   059003.000207          1.0000  cm-1
45001.860    0.142      86362.255         059003.000164   059003.000297          1.0000  cm-1
44984.670    0.061      48879.404         059003.000073   059003.000218          1.0000  cm-1
44980.259    0.142      97521.762         059003.000210   059003.000560 P        0.0000  cm-1
44980.259    0.142      97521.762         059003.000075   059003.000221          1.0000  cm-1
44980.259    0.142      97521.762         059003.000084   059003.000230 P        0.0000  cm-1
44968.180    0.061      60550.923         059003.000085   059003.000237          1.0000  cm-1
44965.530    0.142      120928.446        059003.000210   059003.000348 P        0.0000  cm-1
44965.530    0.142      120928.446        059003.000049   059003.000197          1.0000  cm-1
44960.090    0.142      72344.941         059003.000105   059003.000253          1.0000  cm-1
44960.090    0.142      72344.941         059003.000095   059003.000245 P        0.0000  cm-1
44957.060    0.061      60189.676         059003.000172   059003.000448 P        0.0000  cm-1
44957.060    0.061      60189.676         059003.000099   059003.000248          1.0000  cm-1
44945.171    0.061      83735.272         059003.000073   059003.000217          1.0000  cm-1
44936.910    0.061      23820.878         059003.000203   059003.000554 P        0.0000  cm-1
44932.309    0.141      71291.595         059003.000093   059003.000244          1.0000  cm-1
44931.680    0.141      83146.359         059003.000060   059003.000205          0.5256  cm-1
44931.680    0.141      83146.359         059003.000088   059003.000238          0.4744  cm-1
44926.751    0.061      82934.520         059003.000069   059003.000215          1.0000  cm-1
44917.710    0.061      11792.941         059003.000166   059003.000297          1.0000  cm-1
44916.781    0.141      11787.349         059003.000076   059003.000432          1.0000  cm-1
44916.781    0.141      11787.349         059003.000311   059003.000619 P        0.0000  cm-1
44914.869    0.061      70655.274         059003.000089   059003.000240          1.0000  cm-1
44909.660    0.141      93958.471         059003.000079   059003.000226          1.0000  cm-1
44908.731    0.061      70435.759         059003.000060   059003.000204          1.0000  cm-1
44906.491    0.141      35178.118         059003.000069   059003.000214          0.7782  cm-1
44906.491    0.141      35178.118         059003.000133   059003.000276          0.2218  cm-1
44905.810    0.061      82054.131         059003.000164   059003.000296          1.0000  cm-1
44898.269    0.060      70066.927         059003.000106   059003.000255          1.0000  cm-1
44894.231    0.060      81580.685         059003.000050   059003.000197          1.0000  cm-1
44885.449    0.060      34811.925         059003.000126   059003.000268          1.0000  cm-1
44877.850    0.060      80926.738         059003.000096   059003.000246          1.0000  cm-1
44871.161    0.060      11523.562         059003.000087   059003.000234          1.0000  cm-1
44862.141    0.060      68842.842         059003.000085   059003.000233          1.0000  cm-1
44856.329    0.141      68652.955         059003.000119   059003.000265          1.0000  cm-1
44855.400    0.141      80059.899         059003.000070   059003.000214          1.0000  cm-1
44855.400    0.141      80059.899         059003.000311   059003.000613 P        0.0000  cm-1
44841.980    0.060      68192.194         059003.000069   059003.000213          1.0000  cm-1
44840.839    0.141      11359.339         059003.000203   059003.000345 P        0.0000  cm-1
44840.839    0.141      11359.339         059003.000054   059003.000199          0.0952  cm-1
44840.839    0.141      11359.339         059003.000097   059003.000245          0.9048  cm-1
44822.120    0.141      112621.826        059003.000042   059003.000195          1.0000  cm-1
44804.781    0.060      67049.859         059003.000098   059003.000434          1.0000  cm-1
44798.921    0.060      78022.669         059003.000095   059003.000243 P        0.0000  cm-1
44798.921    0.060      78022.669         059003.000095   059003.000433          1.0000  cm-1
44790.831    0.060      77747.001         059003.000070   059003.000213          1.0000  cm-1
44784.591    0.060      22153.438         059003.000131   059003.000436          1.0000  cm-1
44778.600    0.140      66289.365         059003.000200   059003.000551 P        0.0000  cm-1
44778.600    0.140      66289.365         059003.000067   059003.000211          1.0000  cm-1
44764.120    0.060      65883.663         059003.000448   059003.000572 P        0.0000  cm-1
44764.120    0.060      65883.663         059003.000153   059003.000292          1.0000  cm-1
44752.160    0.060      21852.108         059003.000155   059003.000292          1.0000  cm-1
44740.841    0.060      65252.918         059003.000098   059003.000245          1.0000  cm-1
44728.371    0.060      64925.724         059003.000079   059003.000225          1.0000  cm-1
44728.371    0.060      64925.724         059003.000135   059003.000438 P        0.0000  cm-1
44725.251    0.060      10807.499         059003.000206   059003.000557 P        0.0000  cm-1
44712.530    0.060      10753.429         059003.000087   059003.000235          1.0000  cm-1
44699.580    0.060      74897.540         059003.000099   059003.000247          1.0000  cm-1
44690.329    0.060      10662.007         059003.000143   059003.000283 P        0.0000  cm-1
44683.659    0.140      106352.578        059003.000079   059003.000223          1.0000  cm-1
44680.880    0.060      10624.209         059003.000099   059003.000246          1.0000  cm-1
44677.549    0.060      10611.042         059003.000172   059003.000299          1.0000  cm-1
44669.360    0.060      84632.103         059003.000102   059003.000249          1.0000  cm-1
44667.269    0.060      63425.469         059003.000105   059003.000251          1.0000  cm-1
44657.710    0.140      63205.652         059003.000126   059003.000267          1.0000  cm-1
44657.710    0.140      63205.652         059003.000096   059003.000242 P        0.0000  cm-1
44657.710    0.140      63205.652         059003.000074   059003.000217 P        0.0000  cm-1
44652.541    0.140      10514.735         059003.000108   059003.000255          1.0000  cm-1
44650.990    0.060      21017.817         059003.000088   059003.000234          1.0000  cm-1
44647.800    0.060      104969.781        059003.000099   059003.000245          1.0000  cm-1
44645.281    0.060      10487.610         059003.000134   059003.000276          1.0000  cm-1
44643.011    0.060      20958.404         059003.000106   059003.000253          1.0000  cm-1
44640.660    0.060      104705.356        059003.000050   059003.000196          1.0000  cm-1
44616.619    0.060      51920.360         059003.000078   059003.000432          1.0000  cm-1
44613.810    0.060      62245.341         059003.000060   059003.000203          1.0000  cm-1
44604.551    0.060      31026.415         059003.000147   059003.000287          1.0000  cm-1
44600.910    0.139      30989.038         059003.000100   059003.000434          1.0000  cm-1
44600.159    0.060      30981.358         059003.000085   059003.000229          1.0000  cm-1
44598.309    0.060      10320.830         059003.000299   059003.000571 P        0.0000  cm-1
44598.309    0.060      10320.830         059003.000176   059003.000449          1.0000  cm-1
44590.330    0.060      82351.687         059003.000096   059003.000241          1.0000  cm-1
44589.411    0.060      61745.358         059003.000086   059003.000232          1.0000  cm-1
44586.191    0.139      102801.855        059003.000067   059003.000209          1.0000  cm-1
44580.130    0.139      92341.933         059003.000098   059003.000243          0.1427  cm-1
44580.130    0.139      92341.933         059003.000098   059003.000433          0.8573  cm-1
44580.130    0.139      92341.933         059003.000300   059003.000571 P        0.0000  cm-1
44570.630    0.139      10229.384         059003.000145   059003.000286 P        0.0000  cm-1
44559.681    1.140      10194.558         059003.000173   059003.000300          1.0000  cm-1
44559.681    1.140      10194.558         059003.000305   059003.000427 P        0.0000  cm-1
44541.420    0.139      70966.939         059003.000075   059003.000218          1.0000  cm-1
44541.420    0.139      70966.939         059003.000145   059003.000285 P        0.0000  cm-1
44540.470    0.139      70946.773         059003.000173   059003.000299          1.0000  cm-1
44534.691    0.060      10117.857         059003.000072   059003.000215          1.0000  cm-1
44529.911    0.060      60621.713         059003.000099   059003.000244          1.0000  cm-1
44528.529    0.060      30298.587         059003.000073   059003.000216          1.0000  cm-1
44525.850    0.059      50458.152         059003.000121   059003.000264 P        0.0000  cm-1
44525.850    0.059      50458.152         059003.000104   059003.000250          1.0000  cm-1
44517.221    0.059      10066.485         059003.000104   059003.000249          1.0000  cm-1
44516.291    0.059      20127.600         059003.000081   059003.000224          0.1223  cm-1
44516.291    0.059      20127.600         059003.000105   059003.000250          0.8777  cm-1
44514.530    0.059      70411.127         059003.000072   059003.000214          1.0000  cm-1
44507.950    0.059      80319.663         059003.000069   059003.000212          1.0000  cm-1
44507.950    0.059      80319.663         059003.000105   059003.000249 P        0.0000  cm-1
44495.271    0.059      20008.982         059003.000062   059003.000205          1.0000  cm-1
44492.640    0.139      69980.739         059003.000127   059003.000267 P        0.0000  cm-1
44492.640    0.139      69980.739         059003.000088   059003.000235          1.0000  cm-1
44487.131    0.059      9982.211          059003.000099   059003.000243          1.0000  cm-1
44475.991    0.059      9952.328          059003.000162   059003.000294          1.0000  cm-1
44456.810    0.059      79220.050         059003.000070   059003.000212          1.0000  cm-1
44453.789    0.059      19789.689         059003.000119   059003.000262          1.0000  cm-1
44450.070    0.059      79083.847         059003.000072   059003.000213          1.0000  cm-1
44447.520    0.059      79032.836         059003.000076   059003.000221          1.0000  cm-1
44437.150    0.059      78828.268         059003.000455   059003.000578 P        0.0000  cm-1
44437.150    0.059      78828.268         059003.000064   059003.000206          1.0000  cm-1
44435.729    0.059      68950.533         059003.000060   059003.000202          1.0000  cm-1
44428.540    0.059      88494.673         059003.000093   059003.000239          1.0000  cm-1
44402.160    0.059      78171.727         059003.000113   059003.000257          1.0000  cm-1
44400.110    0.059      87901.695         059003.000082   059003.000224          1.0000  cm-1
44387.199    0.059      58429.872         059003.000082   059003.000223          1.0000  cm-1
44384.380    0.059      77857.525         059003.000053   059003.000198          1.0000  cm-1
44374.270    0.059      67973.999         059003.000108   059003.000252 P        0.0000  cm-1
44374.270    0.059      67973.999         059003.000123   059003.000264          1.0000  cm-1
44371.041    0.059      48518.855         059003.000146   059003.000286          1.0000  cm-1
44368.819    0.059      48495.625         059003.000197   059003.000336 P        0.0000  cm-1
44368.819    0.059      48495.625         059003.000144   059003.000283          1.0000  cm-1
44367.320    0.059      48480.012         059003.000102   059003.000435          1.0000  cm-1
44363.110    0.059      19374.585         059003.000073   059003.000215          1.0000  cm-1
44356.100    0.059      9672.986          059003.000120   059003.000263          1.0000  cm-1
44346.659    0.059      77232.746         059003.000154   059003.000291          1.0000  cm-1
44344.670    0.059      9650.167          059003.000089   059003.000236          1.0000  cm-1
44342.111    0.059      9645.144          059003.000146   059003.000285          1.0000  cm-1
44331.420    0.059      67371.495         059003.000163   059003.000294          1.0000  cm-1
44331.420    0.059      67371.495         059003.000175   059003.000300 P        0.0000  cm-1
44330.810    0.059      57740.028         059003.000105   059003.000248          1.0000  cm-1
44324.030    0.059      19221.091         059003.000083   059003.000224          1.0000  cm-1
44324.030    0.059      19221.091         059003.000215   059003.000348 P        0.0000  cm-1
44318.171    0.138      76797.316         059003.000448   059003.000571 P        0.0000  cm-1
44318.171    0.138      76797.316         059003.000156   059003.000291          1.0000  cm-1
44317.170    0.138      76782.581         059003.000064   059003.000205          1.0000  cm-1
44314.109    0.059      9592.216          059003.000181   059003.000306 P        0.0000  cm-1
44309.371    0.059      9583.622          059003.000126   059003.000266          1.0000  cm-1
44305.900    0.059      9577.392          059003.000168   059003.000295 P        0.0000  cm-1
44305.900    0.059      9577.392          059003.000135   059003.000274          1.0000  cm-1
44305.900    0.059      9577.392          059003.000101   059003.000434 P        0.0000  cm-1
44301.440    0.059      47847.350         059003.000088   059003.000237          1.0000  cm-1
44300.321    0.059      47837.475         059003.000152   059003.000288          1.0000  cm-1
44298.320    0.059      9563.981          059003.000083   059003.000222          1.0000  cm-1
44286.171    0.137      47715.144         059003.000114   059003.000257          1.0000  cm-1
44286.171    0.137      47715.144         059003.000306   059003.000581 P        0.0000  cm-1
44284.450    0.059      76320.912         059003.000069   059003.000210          1.0000  cm-1
44282.171    0.059      38145.101         059003.000306   059003.000579 P        0.0000  cm-1
44282.171    0.059      38145.101         059003.000177   059003.000302          1.0000  cm-1
44247.071    0.059      18960.098         059003.000102   059003.000434          0.4508  cm-1
44247.071    0.059      18960.098         059003.000119   059003.000259          0.5492  cm-1
44245.549    0.059      9477.733          059003.000155   059003.000290          1.0000  cm-1
44242.080    0.059      18944.978         059003.000067   059003.000208          1.0000  cm-1
44240.551    0.059      28410.581         059003.000074   059003.000216 P        0.0000  cm-1
44240.551    0.059      28410.581         059003.000147   059003.000444          1.0000  cm-1
44224.800    0.059      9447.130          059003.000076   059003.000431          1.0000  cm-1
44218.851    0.059      9438.691          059003.000097   059003.000239          1.0000  cm-1
44214.451    0.059      66027.802         059003.000157   059003.000290          1.0000  cm-1
44212.070    0.059      84863.249         059003.000120   059003.000262          1.0000  cm-1
44205.620    0.059      56522.677         059003.000105   059003.000435          1.0000  cm-1
44204.170    0.059      56510.950         059003.000176   059003.000447          1.0000  cm-1
44190.491    0.059      56402.786         059003.000132   059003.000437          1.0000  cm-1
44177.530    0.059      75072.637         059003.000199   059003.000547 P        0.0000  cm-1
44177.530    0.059      75072.637         059003.000062   059003.000203          1.0000  cm-1
44166.540    0.059      18741.421         059003.000084   059003.000223          0.6637  cm-1
44166.540    0.059      18741.421         059003.000540   059003.000432          0.3363  cm-1
44146.359    0.058      56084.339         059003.000095   059003.000238          1.0000  cm-1
44132.110    0.058      55991.206         059003.000123   059003.000263          1.0000  cm-1
44116.009    0.058      46576.253         059003.000072   059003.000212          1.0000  cm-1
44114.251    0.058      46567.473         059003.000143   059003.000280          1.0000  cm-1
44110.520    0.058      9309.806          059003.000130   059003.000267          1.0000  cm-1
44104.430    0.058      74431.163         059003.000148   059003.000286 P        0.0000  cm-1
44104.430    0.058      74431.163         059003.000108   059003.000251          1.0000  cm-1
44095.050    0.058      9295.059          059003.000104   059003.000434          1.0000  cm-1
44093.380    0.058      9293.518          059003.000199   059003.000340 P        0.0000  cm-1
44085.680    0.058      9286.549          059003.000211   059003.000347          1.0000  cm-1
44083.851    0.058      46424.623         059003.000121   059003.000261          1.0000  cm-1
44083.851    0.058      46424.623         059003.000309   059003.000600 P        0.0000  cm-1
44081.031    0.058      46412.221         059003.000101   059003.000433          1.0000  cm-1
44073.240    0.058      9275.738          059003.000105   059003.000247          1.0000  cm-1
44047.070    0.058      9254.775          059003.000086   059003.000228          1.0000  cm-1
44030.190    0.058      83182.584         059003.000208   059003.000556 P        0.0000  cm-1
44030.190    0.058      83182.584         059003.000053   059003.000196          1.0000  cm-1
44027.281    0.136      73923.942         059003.000097   059003.000238          1.0000  cm-1
44026.120    0.058      83157.266         059003.000099   059003.000239          1.0000  cm-1
44022.459    0.058      73897.710         059003.000102   059003.000433          1.0000  cm-1
44022.459    0.058      73897.710         059003.000105   059003.000245 P        0.0000  cm-1
44010.090    0.058      83062.414         059003.000100   059003.000240          1.0000  cm-1
44000.930    0.058      55341.099         059003.000080   059003.000221          1.0000  cm-1
43999.261    0.136      83002.666         059003.000062   059003.000202          0.3123  cm-1
43999.261    0.136      83002.666         059003.000064   059003.000203          0.6877  cm-1
43988.059    0.058      82944.488         059003.000123   059003.000262          1.0000  cm-1
43978.631    0.058      9210.927          059003.000060   059003.000200          1.0000  cm-1
43977.431    0.058      82892.655         059003.000171   059003.000297          1.0000  cm-1
43970.411    0.058      55240.132         059003.000172   059003.000297          1.0000  cm-1
43965.171    0.135      82836.887         059003.000178   059003.000301          1.0000  cm-1
43956.550    0.058      46000.125         059003.000093   059003.000234          1.0000  cm-1
43943.391    0.058      9194.252          059003.000144   059003.000281          1.0000  cm-1
43924.840    0.058      9187.015          059003.000078   059003.000431          1.0000  cm-1
43919.960    0.058      36741.133         059003.000075   059003.000215          1.0000  cm-1
43912.610    0.058      9182.810          059003.000203   059003.000548 P        0.0000  cm-1
43905.419    0.058      36722.181         059003.000168   059003.000294          1.0000  cm-1
43903.581    0.058      73439.925         059003.000105   059003.000244          1.0000  cm-1
43896.161    0.058      45889.264         059003.000073   059003.000211          1.0000  cm-1
43892.429    0.135      45884.191         059003.000072   059003.000210          0.6449  cm-1
43892.429    0.135      45884.191         059003.000089   059003.000233          0.3551  cm-1
43885.891    0.058      9175.158          059003.000158   059003.000290          1.0000  cm-1
43882.771    0.058      9174.399          059003.000114   059003.000256          1.0000  cm-1
43882.771    0.058      9174.399          059003.000119   059003.000258 P        0.0000  cm-1
43878.690    0.058      55040.697         059003.000152   059003.000287          1.0000  cm-1
43874.280    0.135      64207.333         059003.000172   059003.000296          1.0000  cm-1
43870.430    0.058      55030.030         059003.000104   059003.000243          0.2726  cm-1
43870.430    0.058      55030.030         059003.000104   059003.000433          0.7274  cm-1
43862.401    0.058      64190.897         059003.000095   059003.000236          1.0000  cm-1
43860.790    0.058      64188.882         059003.000105   059003.000243          0.0777  cm-1
43860.790    0.058      64188.882         059003.000105   059003.000433          0.9223  cm-1
43854.301    0.058      18337.508         059003.000085   059003.000224          1.0000  cm-1
43834.619    0.058      54997.014         059003.000099   059003.000238          1.0000  cm-1
43828.430    0.058      9165.574          059003.000085   059003.000222          1.0000  cm-1
43821.130    0.058      64155.034         059003.000064   059003.000202          1.0000  cm-1
43816.480    0.058      82482.447         059003.000201   059003.000547          0.2739  cm-1
43816.480    0.058      82482.447         059003.000089   059003.000232          0.7261  cm-1
43767.839    0.057      64155.518         059003.000108   059003.000248          1.0000  cm-1
43757.550    0.134      91659.192         059003.000066   059003.000206          1.0000  cm-1
43751.381    0.057      9166.551          059003.000147   059003.000283          1.0000  cm-1
43743.519    0.057      55004.950         059003.000097   059003.000236          1.0000  cm-1
43737.121    0.057      9168.368          059003.000173   059003.000296          1.0000  cm-1
43728.531    0.057      55018.189         059003.000111   059003.000251          1.0000  cm-1
43720.921    0.057      64197.165         059003.000073   059003.000210          1.0000  cm-1
43718.781    0.057      64199.946         059003.000154   059003.000289          1.0000  cm-1
43714.960    0.057      73377.255         059003.000101   059003.000240          1.0000  cm-1
43707.521    0.057      9173.687          059003.000095   059003.000235          1.0000  cm-1
43704.010    0.057      45872.272         059003.000073   059003.000209 P        0.0000  cm-1
43702.330    0.057      18349.663         059003.000218   059003.000348          1.0000  cm-1
43700.249    0.057      27525.922         059003.000159   059003.000290          1.0000  cm-1
43690.319    0.057      82599.434         059003.000156   059003.000289          1.0000  cm-1
43684.701    0.134      45895.880         059003.000083   059003.000221          0.3125  cm-1
43684.701    0.134      45895.880         059003.000080   059003.000220          0.6875  cm-1
43669.131    0.057      45917.965         059003.000078   059003.000217          1.0000  cm-1
43656.300    0.057      45938.166         059003.000102   059003.000240          1.0000  cm-1
43654.530    0.057      45941.094         059003.000081   059003.000431          1.0000  cm-1
43650.070    0.057      82707.513         059003.000054   059003.000196          1.0000  cm-1
43647.111    0.057      9190.745          059003.000209   059003.000555 P        0.0000  cm-1
43640.810    0.057      9192.983          059003.000234   059003.000561 P        0.0000  cm-1
43640.810    0.057      9192.983          059003.000120   059003.000258          1.0000  cm-1
43631.820    0.057      45981.605         059003.000086   059003.000222          1.0000  cm-1
43630.600    0.133      9196.787          059003.000089   059003.000229          1.0000  cm-1
43615.390    0.057      73622.830         059003.000045   059003.000195          1.0000  cm-1
43606.909    0.133      73651.531         059003.000093   059003.000237          1.0000  cm-1
43605.959    0.133      73654.819         059003.000137   059003.000273          1.0000  cm-1
43605.959    0.133      73654.819         059003.000291   059003.000568 P        0.0000  cm-1
43599.320    0.057      73678.193         059003.000045   059003.000194          1.0000  cm-1
43594.569    0.057      9211.918          059003.000220   059003.000560 P        0.0000  cm-1
43594.569    0.057      9211.918          059003.000150   059003.000286 P        0.0000  cm-1
43591.011    0.057      9213.554          059003.000114   059003.000255          1.0000  cm-1
43588.430    0.057      9214.756          059003.000097   059003.000235          1.0000  cm-1
43586.601    0.057      64509.304         059003.000106   059003.000244          1.0000  cm-1
43577.350    0.057      46100.303         059003.000111   059003.000250          1.0000  cm-1
43568.841    0.057      73794.359         059003.000111   059003.000249          1.0000  cm-1
43567.131    0.133      83026.460         059003.000151   059003.000286          1.0000  cm-1
43562.259    0.057      73821.311         059003.000080   059003.000218          1.0000  cm-1
43560.740    0.133      83056.079         059003.000091   059003.000230          0.4944  cm-1
43560.740    0.133      83056.079         059003.000081   059003.000220          0.5056  cm-1
43552.639    0.057      64629.134         059003.000076   059003.000216          1.0000  cm-1
43543.320    0.057      36951.226         059003.000131   059003.000267          1.0000  cm-1
43530.339    0.057      18490.270         059003.000211   059003.000346          1.0000  cm-1
43530.339    0.057      18490.270         059003.000179   059003.000304 P        0.0000  cm-1
43514.669    0.057      9254.378          059003.000152   059003.000444          1.0000  cm-1
43511.750    0.057      74049.174         059003.000155   059003.000288          1.0000  cm-1
43510.290    0.057      46285.183         059003.000108   059003.000247          1.0000  cm-1
43506.201    0.057      74076.398         059003.000063   059003.000201          1.0000  cm-1
43504.211    0.057      27782.348         059003.000104   059003.000240          1.0000  cm-1
43504.211    0.057      27782.348         059003.000202   059003.000341 P        0.0000  cm-1
43496.040    0.057      9265.916          059003.000112   059003.000253          1.0000  cm-1
43491.669    0.057      55612.238         059003.000108   059003.000246          1.0000  cm-1
43487.470    0.057      55628.510         059003.000086   059003.000432          1.0000  cm-1
43484.931    0.057      55638.429         059003.000160   059003.000292          1.0000  cm-1
43480.719    0.057      9275.837          059003.000157   059003.000288          1.0000  cm-1
43474.681    0.057      55679.115         059003.000540   059003.000431          1.0000  cm-1
43472.431    0.057      9281.364          059003.000202   059003.000547 P        0.0000  cm-1
43458.510    0.057      37163.564         059003.000108   059003.000245          1.0000  cm-1
43453.030    0.132      83652.511         059003.000198   059003.000543 P        0.0000  cm-1
43453.030    0.132      83652.511         059003.000075   059003.000211          1.0000  cm-1
43444.400    0.132      83707.670         059003.000265   059003.000564 P        0.0000  cm-1
43444.400    0.132      83707.670         059003.000082   059003.000220          1.0000  cm-1
43422.780    0.057      9316.693          059003.000455   059003.000426 P        0.0000  cm-1
43416.990    0.057      9321.050          059003.000123   059003.000258          1.0000  cm-1
43415.879    0.057      65253.241         059003.000074   059003.000209          1.0000  cm-1
43410.161    0.132      46631.250         059003.000095   059003.000233          1.0000  cm-1
43409.130    0.132      46635.205         059003.000211   059003.000554          1.0000  cm-1
43407.470    0.057      9328.317          059003.000087   059003.000224          1.0000  cm-1
43405.980    1.020      65306.259         059003.000177   059003.000300          1.0000  cm-1
43405.980    1.020      65306.259         059003.000148   059003.000282 P        0.0000  cm-1
43399.780    0.132      18668.556         059003.000105   059003.000239          1.0000  cm-1
43398.650    0.057      56010.966         059003.000081   059003.000217          1.0000  cm-1
43397.220    0.132      46681.404         059003.000097   059003.000237          1.0000  cm-1
43395.671    0.132      56024.980         059003.000099   059003.000235          1.0000  cm-1
43393.881    0.132      84050.151         059003.000063   059003.000200          1.0000  cm-1
43391.890    0.057      65383.348         059003.000111   059003.000248          1.0000  cm-1
43385.639    0.056      56072.692         059003.000197   059003.000333          1.0000  cm-1
43381.740    0.056      18697.151         059003.000087   059003.000222          1.0000  cm-1
43369.731    0.056      74866.628         059003.000069   059003.000206          1.0000  cm-1
43368.380    0.056      74875.497         059003.000083   059003.000220          1.0000  cm-1
43364.991    0.056      9362.228          059003.000135   059003.000436          1.0000  cm-1
43359.631    0.056      28100.016         059003.000073   059003.000208 P        0.0000  cm-1
43340.591    0.056      28148.212         059003.000108   059003.000244          1.0000  cm-1
43334.241    0.056      84493.709         059003.000095   059003.000232          1.0000  cm-1
43329.941    0.056      18783.817         059003.000082   059003.000219          1.0000  cm-1
43327.800    0.056      18787.534         059003.000175   059003.000295          1.0000  cm-1
43325.791    0.056      56373.103         059003.000138   059003.000275          0.2123  cm-1
43325.791    0.056      56373.103         059003.000203   059003.000341          0.7877  cm-1
43321.961    0.056      93988.643         059003.000082   059003.000218          1.0000  cm-1
43318.620    0.056      94017.968         059003.000070   059003.000206          1.0000  cm-1
43314.100    0.056      56434.708         059003.000046   059003.000195          1.0000  cm-1
43313.389    0.131      28219.241         059003.000114   059003.000252          1.0000  cm-1
43313.389    0.131      28219.241         059003.000211   059003.000345 P        0.0000  cm-1
43306.559    0.056      94124.853         059003.000057   059003.000197          1.0000  cm-1
43301.660    0.056      47084.353         059003.000144   059003.000279          1.0000  cm-1
43293.639    0.131      84816.934         059003.000062   059003.000199          0.2815  cm-1
43293.639    0.131      84816.934         059003.000093   059003.000230          0.7185  cm-1
43291.160    0.056      65984.465         059003.000097   059003.000233          1.0000  cm-1
43288.239    0.056      9429.009          059003.000452   059003.000573 P        0.0000  cm-1
43288.239    0.056      9429.009          059003.000194   059003.000321          1.0000  cm-1
43277.761    0.056      18877.221         059003.000075   059003.000210          1.0000  cm-1
43274.351    0.056      9441.758          059003.000310   059003.000596 P        0.0000  cm-1
43274.351    0.056      9441.758          059003.000089   059003.000228          1.0000  cm-1
43272.089    0.056      28331.552         059003.000195   059003.000321          1.0000  cm-1
43272.089    0.056      28331.552         059003.000138   059003.000274 P        0.0000  cm-1
43266.789    0.056      37795.097         059003.000111   059003.000435          1.0000  cm-1
43257.741    0.056      9457.239          059003.000126   059003.000264          1.0000  cm-1
43252.619    0.056      94620.623         059003.000078   059003.000216          1.0000  cm-1
43249.739    0.056      94647.848         059003.000069   059003.000205          1.0000  cm-1
43239.221    0.056      56848.713         059003.000115   059003.000255          1.0000  cm-1
43217.951    0.056      56971.673         059003.000104   059003.000238          1.0000  cm-1
43214.929    0.056      66487.523         059003.000085   059003.000221          1.0000  cm-1
43208.299    0.056      57028.135         059003.000105   059003.000238          1.0000  cm-1
43204.521    0.056      57050.345         059003.000099   059003.000237          1.0000  cm-1
43200.881    0.056      28535.900         059003.000097   059003.000231          1.0000  cm-1
43198.609    0.056      95142.025         059003.000070   059003.000205          1.0000  cm-1
43194.950    0.056      19035.623         059003.000131   059003.000266          1.0000  cm-1
43187.801    0.056      9524.887          059003.000088   059003.000224 P        0.0000  cm-1
43178.160    0.056      9534.479          059003.000196   059003.000331          1.0000  cm-1
43174.781    0.131      95378.541         059003.000147   059003.000280          0.2410  cm-1
43174.781    0.131      95378.541         059003.000088   059003.000223          0.7590  cm-1
43168.840    0.056      19087.609         059003.000239   059003.000561 P        0.0000  cm-1
43168.840    0.056      19087.609         059003.000196   059003.000330          1.0000  cm-1
43152.630    0.056      9560.135          059003.000208   059003.000551 P        0.0000  cm-1
43148.211    0.056      66952.266         059003.000095   059003.000229          1.0000  cm-1
43144.620    0.056      9568.253          059003.000101   059003.000236          1.0000  cm-1
43142.291    0.056      86135.571         059003.000196   059003.000329          1.0000  cm-1
43142.291    0.056      86135.571         059003.000181   059003.000305 P        0.0000  cm-1
43134.400    0.056      47893.264         059003.000111   059003.000247          1.0000  cm-1
43126.199    0.056      47935.155         059003.000177   059003.000446 P        0.0000  cm-1
43126.199    0.056      47935.155         059003.000091   059003.000227          1.0000  cm-1
43124.540    0.056      95887.290         059003.000539   059003.000207          1.0000  cm-1
43120.611    0.056      95927.544         059003.000138   059003.000273          1.0000  cm-1
43115.481    0.056      95980.196         059003.000098   059003.000232          0.4355  cm-1
43115.481    0.056      95980.196         059003.000064   059003.000199          0.5645  cm-1
43112.210    0.056      96013.807         059003.000047   059003.000194          1.0000  cm-1
43109.291    0.056      96043.843         059003.000084   059003.000219          1.0000  cm-1
43105.949    0.056      9607.825          059003.000080   059003.000216 P        0.0000  cm-1
43103.400    0.130      28831.357         059003.000132   059003.000269          1.0000  cm-1
43101.300    0.130      96126.182         059003.000084   059003.000218          1.0000  cm-1
43101.300    0.130      96126.182         059003.000098   059003.000231 P        0.0000  cm-1
43088.000    0.056      28879.092         059003.000096   059003.000230          1.0000  cm-1
43086.070    0.056      28885.088         059003.000102   059003.000236          1.0000  cm-1
43082.670    0.130      96318.847         059003.000106   059003.000239          0.4631  cm-1
43082.670    0.130      96318.847         059003.000111   059003.000245          0.5369  cm-1
43073.390    0.056      19283.024         059003.000205   059003.000342          1.0000  cm-1
43060.889    0.056      48272.521         059003.000074   059003.000207          1.0000  cm-1
43059.180    0.056      19312.564         059003.000157   059003.000287          1.0000  cm-1
43058.349    0.056      48285.734         059003.000167   059003.000445          0.4039  cm-1
43058.349    0.056      48285.734         059003.000128   059003.000265          0.5961  cm-1
43043.370    0.056      77381.961         059003.000112   059003.000249 P        0.0000  cm-1
43029.211    0.056      29062.502         059003.000097   059003.000229          1.0000  cm-1
43027.920    0.056      9688.847          059003.000450   059003.000571 P        0.0000  cm-1
43025.451    0.056      9691.419          059003.000152   059003.000283          1.0000  cm-1
43007.949    0.056      67967.587         059003.000099   059003.000231 P        0.0000  cm-1
43007.949    0.056      67967.587         059003.000205   059003.000341          1.0000  cm-1
43001.120    0.055      9716.764          059003.000120   059003.000257          1.0000  cm-1
42997.259    0.055      19441.563         059003.000218   059003.000347          1.0000  cm-1
42990.801    0.129      38909.986         059003.000195   059003.000320 P        0.0000  cm-1
42990.801    0.129      38909.986         059003.000304   059003.000420 P        0.0000  cm-1
42983.949    0.129      9734.613          059003.000438   059003.000565 P        0.0000  cm-1
42983.949    0.129      9734.613          059003.000115   059003.000253          1.0000  cm-1
42982.210    0.055      87627.762         059003.000081   059003.000216          1.0000  cm-1
42977.720    0.055      58446.450         059003.000072   059003.000206          1.0000  cm-1
42976.681    0.055      68195.063         059003.000211   059003.000344 P        0.0000  cm-1
42976.681    0.055      68195.063         059003.000079   059003.000214          1.0000  cm-1
42973.269    0.055      77965.495         059003.000091   059003.000226          1.0000  cm-1
42966.380    0.055      9752.817          059003.000159   059003.000288          1.0000  cm-1
42964.719    0.055      9754.533          059003.000111   059003.000244          1.0000  cm-1
42940.741    0.055      48896.136         059003.000080   059003.000215          1.0000  cm-1
42934.031    0.055      68502.711         059003.000104   059003.000236          1.0000  cm-1
42931.891    0.129      97882.898         059003.000069   059003.000203          1.0000  cm-1
42929.519    0.055      68534.992         059003.000098   059003.000229          1.0000  cm-1
42927.250    0.055      58758.177         059003.000175   059003.000294          1.0000  cm-1
42924.359    0.055      58775.861         059003.000197   059003.000331 P        0.0000  cm-1
42924.359    0.055      58775.861         059003.000105   059003.000236          1.0000  cm-1
42921.889    0.055      48992.461         059003.000111   059003.000243          0.7111  cm-1
42921.889    0.055      48992.461         059003.000111   059003.000433          0.2889  cm-1
42920.210    0.055      88201.806         059003.000076   059003.000211          1.0000  cm-1
42916.509    0.055      88235.651         059003.000075   059003.000208          1.0000  cm-1
42915.310    0.055      19610.357         059003.000197   059003.000330          1.0000  cm-1
42913.249    0.055      68650.879         059003.000194   059003.000319          1.0000  cm-1
42898.051    0.055      58935.680         059003.000216   059003.000346          1.0000  cm-1
42891.190    0.055      49147.493         059003.000106   059003.000238          1.0000  cm-1
42871.620    0.055      39395.909         059003.000126   059003.000262          1.0000  cm-1
42866.121    0.055      9854.404          059003.000151   059003.000282          1.0000  cm-1
42861.680    0.055      49293.862         059003.000216   059003.000556          1.0000  cm-1
42857.729    0.055      49313.224         059003.000072   059003.000205          1.0000  cm-1
42841.620    0.055      29634.935         059003.000202   059003.000337 P        0.0000  cm-1
42839.821    0.055      49400.246         059003.000218   059003.000558          1.0000  cm-1
42836.791    0.055      49414.838         059003.000439   059003.000565 P        0.0000  cm-1
42836.791    0.055      49414.838         059003.000108   059003.000239          1.0000  cm-1
42820.151    0.055      19797.708         059003.000176   059003.000294          1.0000  cm-1
42797.421    0.055      59520.799         059003.000146   059003.000279          1.0000  cm-1
42795.520    0.055      19843.779         059003.000086   059003.000431          1.0000  cm-1
42792.700    0.128      99244.876         059003.000060   059003.000197          1.0000  cm-1
42792.700    0.128      99244.876         059003.000091   059003.000225 P        0.0000  cm-1
42778.231    0.055      19875.365         059003.000203   059003.000338          1.0000  cm-1
42771.390    0.055      19887.679         059003.000206   059003.000340          1.0000  cm-1
42769.359    0.055      89510.906         059003.000105   059003.000235          1.0000  cm-1
42768.150    0.055      89520.626         059003.000087   059003.000221          1.0000  cm-1
42755.110    0.055      29874.807         059003.000153   059003.000286          1.0000  cm-1
42750.901    0.055      9961.947          059003.000142   059003.000440 P        0.0000  cm-1
42747.430    0.055      29894.887         059003.000091   059003.000223          1.0000  cm-1
42741.549    0.055      19940.074         059003.000112   059003.000435          1.0000  cm-1
42736.540    0.055      29922.971         059003.000085   059003.000217          1.0000  cm-1
42727.861    0.128      89835.040         059003.000067   059003.000201          0.7156  cm-1
42727.861    0.128      89835.040         059003.000076   059003.000209          0.2844  cm-1
42726.260    0.055      69881.110         059003.000153   059003.000285          1.0000  cm-1
42726.260    0.055      69881.110         059003.000202   059003.000336 P        0.0000  cm-1
42710.651    0.055      19991.861         059003.000130   059003.000264          1.0000  cm-1
42691.320    0.055      20022.853         059003.000115   059003.000251          1.0000  cm-1
42664.120    0.127      50161.163         059003.000196   059003.000327          1.0000  cm-1
42664.120    0.127      50161.163         059003.000141   059003.000439 P        0.0000  cm-1
42664.120    0.127      50161.163         059003.000203   059003.000337 P        0.0000  cm-1
42635.281    0.055      30158.744         059003.000151   059003.000281          1.0000  cm-1
42630.849    0.055      40223.837         059003.000194   059003.000317          1.0000  cm-1
42630.849    0.055      40223.837         059003.000210   059003.000549 P        0.0000  cm-1
42616.451    0.055      30196.786         059003.000101   059003.000232          1.0000  cm-1
42614.769    0.054      20133.390         059003.000195   059003.000317          1.0000  cm-1
42614.769    0.054      20133.390         059003.000134   059003.000269 P        0.0000  cm-1
42599.891    0.127      50380.888         059003.000128   059003.000261          1.0000  cm-1
42564.361    0.054      20193.938         059003.000128   059003.000260 P        0.0000  cm-1
42562.151    0.127      40392.689         059003.000197   059003.000328          1.0000  cm-1
42546.850    0.054      30318.600         059003.000218   059003.000557          1.0000  cm-1
42539.171    0.054      90990.232         059003.000060   059003.000196          1.0000  cm-1
42500.471    0.126      30381.438         059003.000096   059003.000226          0.8888  cm-1
42500.471    0.126      30381.438         059003.000127   059003.000259          0.1112  cm-1
42494.061    0.126      50648.102         059003.000154   059003.000284          1.0000  cm-1
42481.750    0.126      40536.290         059003.000104   059003.000233          1.0000  cm-1
42481.750    0.126      40536.290         059003.000217   059003.000346 P        0.0000  cm-1
42479.780    0.054      40538.991         059003.000084   059003.000215          1.0000  cm-1
42473.359    0.126      91231.891         059003.000080   059003.000211 P        0.0000  cm-1
42473.359    0.126      91231.891         059003.000129   059003.000263          1.0000  cm-1
42465.580    0.054      20278.614         059003.000156   059003.000284          1.0000  cm-1
42460.311    0.054      40563.435         059003.000205   059003.000338          1.0000  cm-1
42451.621    0.126      50716.248         059003.000106   059003.000235 P        0.0000  cm-1
42451.621    0.126      50716.248         059003.000087   059003.000220          1.0000  cm-1
42450.901    0.126      60860.630         059003.000196   059003.000326          0.2243  cm-1
42450.901    0.126      60860.630         059003.000195   059003.000316          0.7757  cm-1
42449.100    0.054      30431.711         059003.000152   059003.000280          0.8669  cm-1
42449.100    0.054      30431.711         059003.000114   059003.000247          0.1331  cm-1
42449.100    0.054      30431.711         059003.000282   059003.000566 P        0.0000  cm-1
42445.151    0.054      20289.784         059003.000217   059003.000556          1.0000  cm-1
42430.330    0.054      40592.809         059003.000101   059003.000229 P        0.0000  cm-1
42430.330    0.054      40592.809         059003.000114   059003.000246          1.0000  cm-1
42427.770    0.054      30446.127         059003.000078   059003.000209          1.0000  cm-1
42410.671    0.054      30454.792         059003.000197   059003.000327          1.0000  cm-1
42405.819    0.054      50761.283         059003.000104   059003.000232          1.0000  cm-1
42405.819    0.054      50761.283         059003.000217   059003.000555 P        0.0000  cm-1
42404.110    0.054      30457.415         059003.000181   059003.000304 P        0.0000  cm-1
42402.560    0.054      30457.977         059003.000177   059003.000295          1.0000  cm-1
42402.560    0.054      30457.977         059003.000095   059003.000224 P        0.0000  cm-1
42383.721    0.054      40617.360         059003.000134   059003.000267          0.1708  cm-1
42383.721    0.054      40617.360         059003.000076   059003.000208          0.8292  cm-1
42383.721    0.054      40617.360         059003.000158   059003.000286 P        0.0000  cm-1
42381.890    0.054      40617.775         059003.000105   059003.000231          1.0000  cm-1
42372.851    0.054      50773.999         059003.000076   059003.000207          1.0000  cm-1
42370.970    0.054      60929.045         059003.000206   059003.000339          1.0000  cm-1
42365.999    0.054      20309.788         059003.000218   059003.000555          1.0000  cm-1
42364.849    0.054      20309.790         059003.000108   059003.000234          1.0000  cm-1
42354.690    0.126      50773.566         059003.000158   059003.000285          0.6603  cm-1
42354.690    0.126      50773.566         059003.000115   059003.000248          0.3397  cm-1
42351.030    0.054      50772.821         059003.000135   059003.000268 P        0.0000  cm-1
42347.851    0.054      30463.195         059003.000162   059003.000290          1.0000  cm-1
42345.829    0.054      50771.376         059003.000205   059003.000337          1.0000  cm-1
42340.359    0.054      60923.237         059003.000206   059003.000338          1.0000  cm-1
42329.389    0.054      50763.794         059003.000087   059003.000218          1.0000  cm-1
42319.999    0.054      40605.901         059003.000085   059003.000216          1.0000  cm-1
42318.381    0.054      20302.446         059003.000196   059003.000325          1.0000  cm-1
42308.480    0.054      10149.479         059003.000063   059003.000198          1.0000  cm-1
42292.461    0.125      10145.915         059003.000119   059003.000253          1.0000  cm-1
42283.360    0.054      71004.330         059003.000097   059003.000224          0.8984  cm-1
42283.360    0.054      71004.330         059003.000220   059003.000556          0.1016  cm-1
42279.281    0.054      81138.268         059003.000114   059003.000244          1.0000  cm-1
42269.399    0.054      60834.834         059003.000111   059003.000238          0.6143  cm-1
42269.399    0.054      60834.834         059003.000196   059003.000324          0.3857  cm-1
42268.501    0.054      70971.845         059003.000130   059003.000261          1.0000  cm-1
42261.160    0.054      101362.370        059003.000106   059003.000237          1.0000  cm-1
42256.160    0.054      81074.802         059003.000195   059003.000315          1.0000  cm-1
42225.800    0.054      30362.466         059003.000206   059003.000337          1.0000  cm-1
42224.680    0.054      40481.014         059003.000218   059003.000345          1.0000  cm-1
42219.970    0.125      50589.049         059003.000075   059003.000204          0.8857  cm-1
42219.970    0.125      50589.049         059003.000104   059003.000229          0.1143  cm-1
42212.430    0.053      60682.274         059003.000173   059003.000445          1.0000  cm-1
42210.220    0.053      50562.340         059003.000105   059003.000229          1.0000  cm-1
42206.409    0.053      60661.656         059003.000108   059003.000235          1.0000  cm-1
42203.001    0.053      101082.657        059003.000166   059003.000291          1.0000  cm-1
42197.570    0.053      101049.645        059003.000197   059003.000326          1.0000  cm-1
42190.219    0.053      20200.606         059003.000073   059003.000202          1.0000  cm-1
42183.681    0.053      60575.817         059003.000098   059003.000224          1.0000  cm-1
42180.781    0.053      60563.942         059003.000159   059003.000444          1.0000  cm-1
42178.201    0.053      40368.800         059003.000064   059003.000197          1.0000  cm-1
42162.940    0.053      70567.267         059003.000194   059003.000314          1.0000  cm-1
42157.430    0.124      90690.884         059003.000098   059003.000222 P        0.0000  cm-1
42157.430    0.124      90690.884         059003.000083   059003.000211          0.5272  cm-1
42157.430    0.124      90690.884         059003.000081   059003.000209          0.4728  cm-1
42154.640    0.053      30223.655         059003.000085   059003.000215          1.0000  cm-1
42146.890    0.053      20136.457         059003.000195   059003.000314          1.0000  cm-1
42143.351    0.053      90587.292         059003.000131   059003.000264          1.0000  cm-1
42123.360    0.053      70331.997         059003.000135   059003.000267 P        0.0000  cm-1
42123.360    0.053      70331.997         059003.000086   059003.000216          1.0000  cm-1
42117.349    0.053      40166.892         059003.000088   059003.000219          0.3284  cm-1
42117.349    0.053      40166.892         059003.000207   059003.000545          0.6716  cm-1
42109.891    0.053      40137.684         059003.000206   059003.000336          1.0000  cm-1
42102.800    0.053      60163.482         059003.000062   059003.000196          1.0000  cm-1
42081.941    0.053      50024.104         059003.000123   059003.000255          1.0000  cm-1
42077.761    0.053      50000.437         059003.000099   059003.000223          1.0000  cm-1
42074.291    0.124      39984.385         059003.000101   059003.000228          1.0000  cm-1
42072.879    0.053      79955.656         059003.000078   059003.000207          1.0000  cm-1
42072.879    0.053      79955.656         059003.000442   059003.000565 P        0.0000  cm-1
42064.871    0.124      29954.945         059003.000197   059003.000325          0.9100  cm-1
42064.871    0.124      29954.945         059003.000106   059003.000231          0.0900  cm-1
42058.150    0.053      39907.193         059003.000082   059003.000210          1.0000  cm-1
42056.891    0.053      39900.967         059003.000194   059003.000541          1.0000  cm-1
42056.029    0.053      49870.861         059003.000223   059003.000559          1.0000  cm-1
42045.450    0.053      69725.289         059003.000115   059003.000245          1.0000  cm-1
42038.181    0.124      99512.297         059003.000053   059003.000195          1.0000  cm-1
42035.110    0.053      19894.259         059003.000134   059003.000266 P        0.0000  cm-1
42035.110    0.053      19894.259         059003.000180   059003.000453          1.0000  cm-1
42030.441    0.124      49704.048         059003.000112   059003.000240          1.0000  cm-1
42023.999    0.124      59591.510         059003.000156   059003.000282          1.0000  cm-1
42022.121    0.124      99292.886         059003.000089   059003.000431 P        0.0000  cm-1
42022.121    0.124      99292.886         059003.000053   059003.000194          1.0000  cm-1
42017.651    0.053      29768.885         059003.000454   059003.000573 P        0.0000  cm-1
42015.820    0.053      9920.341          059003.000197   059003.000324          1.0000  cm-1
42015.820    0.053      9920.341          059003.000102   059003.000228 P        0.0000  cm-1
42003.090    0.053      39606.715         059003.000221   059003.000346          1.0000  cm-1
42003.090    0.053      39606.715         059003.000213   059003.000548 P        0.0000  cm-1
41985.540    0.053      29623.946         059003.000111   059003.000236          1.0000  cm-1
41978.509    0.053      19726.788         059003.000121   059003.000253          1.0000  cm-1
41966.860    0.123      9844.205          059003.000221   059003.000556          1.0000  cm-1
41965.061    0.053      68888.269         059003.000083   059003.000209          1.0000  cm-1
41958.370    0.053      58978.764         059003.000209   059003.000547          1.0000  cm-1
41958.370    0.053      58978.764         059003.000152   059003.000279 P        0.0000  cm-1
41954.939    0.053      39295.470         059003.000142   059003.000275 P        0.0000  cm-1
41951.489    0.053      29453.544         059003.000199   059003.000329          1.0000  cm-1
41927.540    0.053      48872.019         059003.000115   059003.000244          1.0000  cm-1
41927.540    0.053      48872.019         059003.000221   059003.000555 P        0.0000  cm-1
41924.660    0.053      39075.925         059003.000064   059003.000196          1.0000  cm-1
41920.210    0.053      48802.613         059003.000206   059003.000335          1.0000  cm-1
41884.731    0.053      58136.561         059003.000115   059003.000243          1.0000  cm-1
41884.731    0.053      58136.561         059003.000115   059003.000433 P        0.0000  cm-1
41881.930    0.053      48417.672         059003.000221   059003.000554          1.0000  cm-1
41877.190    0.053      67714.321         059003.000158   059003.000283          1.0000  cm-1
41873.311    0.053      28995.459         059003.000087   059003.000216          1.0000  cm-1
41848.480    0.053      38440.061         059003.000119   059003.000250          1.0000  cm-1
41845.450    0.053      9603.065          059003.000073   059003.000201          1.0000  cm-1
41840.001    0.053      47952.221         059003.000119   059003.000249          1.0000  cm-1
41837.480    0.053      38338.215         059003.000084   059003.000210          1.0000  cm-1
41830.791    0.053      38275.028         059003.000111   059003.000235 P        0.0000  cm-1
41826.719    0.053      57354.149         059003.000123   059003.000253          1.0000  cm-1
41823.289    0.052      19101.518         059003.000230   059003.000348 P        0.0000  cm-1
41823.289    0.052      19101.518         059003.000153   059003.000281          1.0000  cm-1
41823.289    0.052      19101.518         059003.000216   059003.000549 P        0.0000  cm-1
41818.950    0.052      47701.056         059003.000108   059003.000231          1.0000  cm-1
41818.950    0.052      47701.056         059003.000455   059003.000576 P        0.0000  cm-1
41802.479    0.052      47496.336         059003.000081   059003.000207          1.0000  cm-1
41777.340    0.052      56603.893         059003.000168   059003.000290          1.0000  cm-1
41762.999    0.052      37580.894         059003.000095   059003.000221          1.0000  cm-1
41757.971    0.052      65669.609         059003.000120   059003.000251          1.0000  cm-1
41757.259    0.052      37517.610         059003.000131   059003.000262          1.0000  cm-1
41747.021    0.052      46753.705         059003.000075   059003.000202          1.0000  cm-1
41744.219    0.122      56056.803         059003.000112   059003.000238          1.0000  cm-1
41733.201    0.052      93111.626         059003.000073   059003.000200          1.0000  cm-1
41707.909    0.052      73888.588         059003.000087   059003.000215          1.0000  cm-1
41691.451    0.052      55112.193         059003.000159   059003.000283          1.0000  cm-1
41687.680    0.052      82561.894         059003.000085   059003.000211          1.0000  cm-1
41659.241    0.052      90819.298         059003.000164   059003.000289          1.0000  cm-1
41656.120    0.052      9071.612          059003.000072   059003.000199          1.0000  cm-1
41643.940    0.052      36123.407         059003.000097   059003.000221          1.0000  cm-1
41641.891    0.052      72191.333         059003.000054   059003.000194          1.0000  cm-1
41639.411    0.052      63108.455         059003.000111   059003.000237          1.0000  cm-1
41614.699    0.052      8929.785          059003.000209   059003.000544          1.0000  cm-1
41610.071    0.052      53480.234         059003.000083   059003.000207          1.0000  cm-1
41564.269    0.052      8744.920          059003.000203   059003.000333 P        0.0000  cm-1
41557.669    0.121      87197.487         059003.000074   059003.000201          1.0000  cm-1
41544.319    0.052      60677.057         059003.000098   059003.000221          1.0000  cm-1
41537.981    0.052      51859.996         059003.000119   059003.000435 P        0.0000  cm-1
41534.581    0.052      34519.746         059003.000121   059003.000250          1.0000  cm-1
41534.581    0.052      34519.746         059003.000304   059003.000573 P        0.0000  cm-1
41530.220    0.052      60288.666         059003.000067   059003.000198          1.0000  cm-1
41526.029    0.052      8595.982          059003.000121   059003.000249          1.0000  cm-1
41514.579    0.052      8549.944          059003.000101   059003.000432          1.0000  cm-1
41512.370    0.052      85409.853         059003.000085   059003.000210          1.0000  cm-1
41495.260    0.052      8470.779          059003.000085   059003.000209          1.0000  cm-1
41484.570    0.052      84261.767         059003.000073   059003.000199          1.0000  cm-1
41475.949    0.052      16779.606         059003.000160   059003.000286          1.0000  cm-1
41473.799    0.120      16761.349         059003.000104   059003.000224          0.5128  cm-1
41473.799    0.120      16761.349         059003.000199   059003.000327          0.4872  cm-1
41464.269    0.052      8339.945          059003.000105   059003.000224          1.0000  cm-1
41455.879    0.052      8303.725          059003.000102   059003.000432          1.0000  cm-1
41448.160    0.052      8270.103          059003.000104   059003.000222          1.0000  cm-1
41446.719    0.052      41318.982         059003.000095   059003.000220          1.0000  cm-1
41443.009    0.052      8247.510          059003.000111   059003.000231          1.0000  cm-1
41439.949    0.052      82340.323         059003.000079   059003.000206          1.0000  cm-1
41423.771    0.051      57134.210         059003.000115   059003.000239          1.0000  cm-1
41414.901    0.051      56854.260         059003.000093   059003.000218          1.0000  cm-1
41403.190    0.051      48412.114         059003.000088   059003.000213          1.0000  cm-1
41386.719    0.051      31970.424         059003.000146   059003.000440 P        0.0000  cm-1
41382.791    0.051      31897.129         059003.000123   059003.000250          1.0000  cm-1
41369.130    0.051      7910.031          059003.000221   059003.000343          1.0000  cm-1
41367.060    0.051      23700.669         059003.000218   059003.000549          1.0000  cm-1
41349.211    0.051      78149.044         059003.000121   059003.000248          1.0000  cm-1
41327.691    0.051      77102.578         059003.000097   059003.000220          1.0000  cm-1
41327.691    0.051      77102.578         059003.000224   059003.000556 P        0.0000  cm-1
41305.859    0.051      45613.003         059003.000175   059003.000292          1.0000  cm-1
41298.589    0.051      7565.757          059003.000086   059003.000209          1.0000  cm-1
41296.540    0.051      7555.456          059003.000218   059003.000548          1.0000  cm-1
41290.021    0.051      60180.647         059003.000075   059003.000200          1.0000  cm-1
41279.950    0.051      37357.357         059003.000196   059003.000321 P        0.0000  cm-1
41273.440    0.051      7438.233          059003.000147   059003.000440 P        0.0000  cm-1
41271.391    0.051      7427.741          059003.000111   059003.000229          1.0000  cm-1
41262.721    0.051      36915.831         059003.000171   059003.000291          1.0000  cm-1
41260.611    0.119      44233.649         059003.000197   059003.000323          0.4507  cm-1
41260.611    0.119      44233.649         059003.000199   059003.000326          0.5493  cm-1
41255.741    0.051      51429.570         059003.000172   059003.000291          1.0000  cm-1
41255.741    0.051      51429.570         059003.000226   059003.000557 P        0.0000  cm-1
41255.741    0.051      51429.570         059003.000223   059003.000554 P        0.0000  cm-1
41246.709    0.051      21900.400         059003.000205   059003.000333          1.0000  cm-1
41242.949    0.051      7280.504          059003.000230   059003.000559 P        0.0000  cm-1
41242.381    0.051      7277.536          059003.000224   059003.000554 P        0.0000  cm-1
41240.870    0.051      36348.153         059003.000087   059003.000211          1.0000  cm-1
41240.870    0.051      36348.153         059003.000080   059003.000204 P        0.0000  cm-1
41235.951    0.051      14487.686         059003.000119   059003.000244          1.0000  cm-1
41232.249    0.051      36121.907         059003.000115   059003.000238          1.0000  cm-1
41230.681    0.051      43296.727         059003.000132   059003.000263          1.0000  cm-1
41230.681    0.051      43296.727         059003.000455   059003.000420 P        0.0000  cm-1
41227.961    0.119      43210.663         059003.000098   059003.000220          1.0000  cm-1
41224.089    0.051      21543.956         059003.000121   059003.000435          1.0000  cm-1
41217.359    0.051      14291.275         059003.000096   059003.000219          1.0000  cm-1
41210.919    0.051      7111.357          059003.000143   059003.000273          1.0000  cm-1
41205.241    0.051      70810.198         059003.000097   059003.000218          1.0000  cm-1
41202.081    0.051      14128.190         059003.000212   059003.000338          1.0000  cm-1
41193.159    0.051      70161.326         059003.000119   059003.000243          0.2618  cm-1
41193.159    0.051      70161.326         059003.000119   059003.000433          0.7382  cm-1
41163.811    0.051      6856.693          059003.000120   059003.000247          1.0000  cm-1
41147.191    0.051      6765.318          059003.000106   059003.000224          1.0000  cm-1
41145.199    0.051      6754.315          059003.000120   059003.000246          0.2257  cm-1
41145.199    0.051      6754.315          059003.000198   059003.000322          0.7743  cm-1
41134.411    0.118      66945.522         059003.000099   059003.000220 P        0.0000  cm-1
41134.411    0.118      66945.522         059003.000106   059003.000223          1.0000  cm-1
41118.460    0.051      52845.230         059003.000129   059003.000257          1.0000  cm-1
41110.800    0.051      59064.710         059003.000069   059003.000197          1.0000  cm-1
41110.800    0.051      59064.710         059003.000310   059003.000578 P        0.0000  cm-1
41103.480    0.051      13043.233         059003.000203   059003.000331          1.0000  cm-1
41094.491    0.051      45296.579         059003.000144   059003.000275          1.0000  cm-1
41094.491    0.051      45296.579         059003.000203   059003.000330 P        0.0000  cm-1
41086.659    0.051      19279.946         059003.000132   059003.000262          1.0000  cm-1
41078.601    0.051      6380.943          059003.000180   059003.000450 P        0.0000  cm-1
41078.601    0.051      6380.943          059003.000199   059003.000324          1.0000  cm-1
41069.170    0.118      63272.877         059003.000088   059003.000212          1.0000  cm-1
41065.649    0.051      63072.085         059003.000087   059003.000210          1.0000  cm-1
41059.640    0.051      37637.371         059003.000070   059003.000197          1.0000  cm-1
41048.531    0.051      18627.832         059003.000087   059003.000209          1.0000  cm-1
41040.021    0.051      61604.049         059003.000121   059003.000245          1.0000  cm-1
41023.489    0.051      60651.325         059003.000082   059003.000205          1.0000  cm-1
41020.540    0.050      48384.762         059003.000099   059003.000219          1.0000  cm-1
41012.511    0.050      18004.933         059003.000099   059003.000218          1.0000  cm-1
41010.630    0.050      29953.745         059003.000221   059003.000550          1.0000  cm-1
40999.110    0.050      29619.626         059003.000196   059003.000320          1.0000  cm-1
40994.250    0.050      58956.877         059003.000120   059003.000244          1.0000  cm-1
40975.820    0.050      52095.222         059003.000091   059003.000213          1.0000  cm-1
40965.591    0.050      22914.585         059003.000126   059003.000255          1.0000  cm-1
40953.931    0.050      39623.267         059003.000114   059003.000237          1.0000  cm-1
40951.870    0.050      22593.624         059003.000115   059003.000234          1.0000  cm-1
40948.361    0.050      16883.595         059003.000115   059003.000236          1.0000  cm-1
40943.631    0.050      44801.308         059003.000086   059003.000207          1.0000  cm-1
40939.999    0.050      5578.881          059003.000123   059003.000247          1.0000  cm-1
40932.119    0.050      5532.686          059003.000112   059003.000232          1.0000  cm-1
40925.950    0.050      5496.497          059003.000198   059003.000321          1.0000  cm-1
40921.341    0.050      38286.136         059003.000123   059003.000246          1.0000  cm-1
40901.359    0.050      21408.394         059003.000108   059003.000224          1.0000  cm-1
40889.311    0.117      47531.736         059003.000144   059003.000273          1.0000  cm-1
40888.529    0.117      52767.113         059003.000108   059003.000223          1.0000  cm-1
40888.529    0.117      52767.113         059003.000123   059003.000245 P        0.0000  cm-1
40879.280    0.050      52223.622         059003.000121   059003.000243          0.7015  cm-1
40879.280    0.050      52223.622         059003.000121   059003.000433          0.2985  cm-1
40869.590    0.050      25827.116         059003.000076   059003.000201          1.0000  cm-1
40857.830    0.050      50963.500         059003.000221   059003.000548 P        0.0000  cm-1
40857.830    0.050      50963.500         059003.000120   059003.000241          1.0000  cm-1
40845.660    0.050      40199.292         059003.000088   059003.000210          1.0000  cm-1
40834.681    0.050      49605.143         059003.000104   059003.000221          1.0000  cm-1
40810.030    0.050      4816.190          059003.000158   059003.000279          1.0000  cm-1
40805.500    0.117      19158.862         059003.000206   059003.000332          0.3763  cm-1
40805.500    0.117      19158.862         059003.000237   059003.000347          0.6237  cm-1
40803.631    0.117      3032.662          059003.000142   059003.000271          0.1947  cm-1
40803.631    0.117      3032.662          059003.000214   059003.000338          0.8053  cm-1
40801.189    0.050      3035.520          059003.000127   059003.000255          1.0000  cm-1
40799.221    0.050      21264.759         059003.000204   059003.000330 P        0.0000  cm-1
40799.221    0.050      21264.759         059003.000304   059003.000571 P        0.0000  cm-1
40799.221    0.050      21264.759         059003.000175   059003.000290          1.0000  cm-1
40790.200    0.050      15241.818         059003.000216   059003.000544 P        0.0000  cm-1
40780.981    0.050      6118.237          059003.000196   059003.000318          1.0000  cm-1
40780.050    0.116      3060.203          059003.000084   059003.000204          1.0000  cm-1
40773.181    0.050      18409.214         059003.000093   059003.000214          1.0000  cm-1
40773.181    0.050      18409.214         059003.000204   059003.000329 P        0.0000  cm-1
40770.309    0.050      30715.432         059003.000123   059003.000244          1.0000  cm-1
40767.711    0.116      3074.564          059003.000202   059003.000327          0.0967  cm-1
40767.711    0.116      3074.564          059003.000080   059003.000202          0.9033  cm-1
40757.241    0.116      30867.219         059003.000076   059003.000200          1.0000  cm-1
40756.591    0.116      30874.751         059003.000113   059003.000230          1.0000  cm-1
40749.131    0.050      3096.120          059003.000097   059003.000216          1.0000  cm-1
40741.111    0.050      15526.991         059003.000208   059003.000543          0.5644  cm-1
40741.111    0.050      15526.991         059003.000203   059003.000328          0.4356  cm-1
40727.521    0.050      31210.837         059003.000184   059003.000303 P        0.0000  cm-1
40727.521    0.050      31210.837         059003.000123   059003.000243          1.0000  cm-1
40723.859    0.050      31253.015         059003.000135   059003.000264          1.0000  cm-1
40718.911    0.116      18785.972         059003.000072   059003.000197          1.0000  cm-1
40715.050    0.050      6270.867          059003.000129   059003.000256          1.0000  cm-1
40708.731    0.050      6285.377          059003.000093   059003.000213          1.0000  cm-1
40705.731    0.050      3146.129          059003.000082   059003.000203          1.0000  cm-1
40704.471    0.050      9442.720          059003.000087   059003.000208          1.0000  cm-1
40692.099    0.050      3161.730          059003.000176   059003.000290          1.0000  cm-1
40692.099    0.050      3161.730          059003.000148   059003.000438 P        0.0000  cm-1
40672.231    0.050      19106.235         059003.000163   059003.000285          1.0000  cm-1
40649.541    0.050      25680.658         059003.000181   059003.000452 P        0.0000  cm-1
40649.541    0.050      25680.658         059003.000098   059003.000216          1.0000  cm-1
40647.921    0.050      22483.381         059003.000237   059003.000558          0.3849  cm-1
40647.921    0.050      22483.381         059003.000073   059003.000198          0.6151  cm-1
40641.879    0.116      32187.272         059003.000091   059003.000212          1.0000  cm-1
40640.689    0.050      22540.476         059003.000114   059003.000230          1.0000  cm-1
40627.771    0.050      19407.572         059003.000172   059003.000289          1.0000  cm-1
40626.239    0.116      32363.137         059003.000179   059003.000302          1.0000  cm-1
40602.211    0.049      32631.702         059003.000115   059003.000237          1.0000  cm-1
40598.881    0.049      3266.876          059003.000149   059003.000438 P        0.0000  cm-1
40596.541    0.049      3269.479          059003.000307   059003.000421 P        0.0000  cm-1
40590.349    0.049      32763.539         059003.000146   059003.000275          1.0000  cm-1
40583.751    0.049      26269.313         059003.000097   059003.000215          1.0000  cm-1
40583.751    0.049      26269.313         059003.000182   059003.000451 P        0.0000  cm-1
40567.631    0.049      13205.833         059003.000096   059003.000214          1.0000  cm-1
40551.210    0.049      6638.963          059003.000198   059003.000319          1.0000  cm-1
40547.181    0.049      6647.777          059003.000152   059003.000440          0.1271  cm-1
40547.181    0.049      6647.777          059003.000060   059003.000195          0.8729  cm-1
40540.689    0.049      19985.844         059003.000119   059003.000238          1.0000  cm-1
40536.250    0.049      23350.671         059003.000146   059003.000274          1.0000  cm-1
40531.071    0.049      6682.884          059003.000060   059003.000194          1.0000  cm-1
40527.490    0.115      20071.973         059003.000192   059003.000309 P        0.0000  cm-1
40527.490    0.115      20071.973         059003.000082   059003.000202          1.0000  cm-1
40527.490    0.115      20071.973         059003.000197   059003.000318 P        0.0000  cm-1
40518.229    0.049      3355.358          059003.000104   059003.000220          1.0000  cm-1
40515.520    0.115      30224.573         059003.000132   059003.000258          1.0000  cm-1
40508.609    0.049      30291.645         059003.000105   059003.000220          1.0000  cm-1
40508.609    0.049      30291.645         059003.000102   059003.000217 P        0.0000  cm-1
40503.160    0.049      33716.011         059003.000096   059003.000213          1.0000  cm-1
40496.040    0.049      3379.242          059003.000115   059003.000233          1.0000  cm-1
40490.529    0.049      33851.397         059003.000173   059003.000289          0.7492  cm-1
40490.529    0.049      33851.397         059003.000120   059003.000239          0.2508  cm-1
40484.951    0.049      20346.584         059003.000084   059003.000203          1.0000  cm-1
40476.939    0.049      3399.629          059003.000147   059003.000275          1.0000  cm-1
40454.730    0.049      27385.033         059003.000085   059003.000204          1.0000  cm-1
40434.701    0.049      17220.626         059003.000164   059003.000284          1.0000  cm-1
40417.620    0.114      34618.784         059003.000126   059003.000251          1.0000  cm-1
40402.939    0.170      3477.023          059003.000180   059003.000302          1.0000  cm-1
40402.939    0.170      3477.023          059003.000125   059003.000248 P        0.0000  cm-1
40391.070    0.114      27913.497         059003.000134   059003.000259          0.0930  cm-1
40391.070    0.114      27913.497         059003.000099   059003.000215          0.9070  cm-1
40386.240    0.049      17470.583         059003.000105   059003.000218          1.0000  cm-1
40383.090    0.114      3497.324          059003.000214   059003.000335 P        0.0000  cm-1
40380.549    0.049      6999.818          059003.000177   059003.000292          1.0000  cm-1
40376.401    0.049      3504.120          059003.000203   059003.000326          1.0000  cm-1
40374.480    0.114      17530.340         059003.000093   059003.000212          1.0000  cm-1
40371.300    0.114      17546.436         059003.000224   059003.000550          0.4240  cm-1
40371.300    0.114      17546.436         059003.000167   059003.000286          0.5760  cm-1
40356.310    0.049      31719.521         059003.000104   059003.000217          1.0000  cm-1
40356.310    0.049      31719.521         059003.000233   059003.000346 P        0.0000  cm-1
40354.741    0.049      3525.964          059003.000237   059003.000557          1.0000  cm-1
40346.631    0.049      3534.079          059003.000105   059003.000217          1.0000  cm-1
40339.210    0.114      3541.472          059003.000162   059003.000283          1.0000  cm-1
40337.661    0.114      35430.110         059003.000135   059003.000262          1.0000  cm-1
40322.049    0.049      17792.259         059003.000113   059003.000227          1.0000  cm-1
40310.780    0.049      35695.116         059003.000080   059003.000200          1.0000  cm-1
40306.670    0.114      17867.639         059003.000084   059003.000202          1.0000  cm-1
40306.379    0.114      17869.057         059003.000099   059003.000213          1.0000  cm-1
40303.760    0.114      10729.094         059003.000206   059003.000328 P        0.0000  cm-1
40302.491    0.049      32198.406         059003.000210   059003.000334          1.0000  cm-1
40299.149    0.049      32227.654         059003.000081   059003.000201          1.0000  cm-1
40293.751    0.049      35860.860         059003.000073   059003.000196          1.0000  cm-1
40281.660    0.049      32379.764         059003.000135   059003.000261          1.0000  cm-1
40271.699    0.114      25251.074         059003.000205   059003.000327 P        0.0000  cm-1
40271.699    0.114      25251.074         059003.000147   059003.000273          1.0000  cm-1
40270.591    0.049      21650.126         059003.000221   059003.000341 P        0.0000  cm-1
40268.569    0.049      3610.283          059003.000198   059003.000317          1.0000  cm-1
40266.540    0.114      18061.084         059003.000123   059003.000239          0.4302  cm-1
40266.540    0.114      18061.084         059003.000126   059003.000250          0.5698  cm-1
40260.249    0.049      14472.776         059003.000119   059003.000234          1.0000  cm-1
40257.831    0.049      21722.915         059003.000168   059003.000444          1.0000  cm-1
40256.761    0.049      36214.986         059003.000170   059003.000287 P        0.0000  cm-1
40256.761    0.049      36214.986         059003.000119   059003.000236          1.0000  cm-1
40253.780    0.113      18121.580         059003.000153   059003.000442 P        0.0000  cm-1
40253.780    0.113      18121.580         059003.000127   059003.000251 P        0.0000  cm-1
40245.691    0.049      36319.344         059003.000226   059003.000552          1.0000  cm-1
40242.210    0.049      10905.601         059003.000243   059003.000560          1.0000  cm-1
40235.750    0.113      36412.417         059003.000095   059003.000211          1.0000  cm-1
40234.130    0.049      3642.752          059003.000115   059003.000229          1.0000  cm-1
40231.299    0.049      32808.495         059003.000223   059003.000548          1.0000  cm-1
40226.780    0.113      36495.859         059003.000121   059003.000238          1.0000  cm-1
40204.669    0.049      33029.421         059003.000211   059003.000543          0.9571  cm-1
40204.669    0.049      33029.421         059003.000075   059003.000198          0.0429  cm-1
40199.349    0.048      18373.921         059003.000244   059003.000560          1.0000  cm-1
40194.630    0.048      18395.353         059003.000203   059003.000324 P        0.0000  cm-1
40194.630    0.048      18395.353         059003.000163   059003.000283          1.0000  cm-1
40191.491    0.048      22091.476         059003.000106   059003.000220          1.0000  cm-1
40186.779    0.048      29489.341         059003.000081   059003.000200          1.0000  cm-1
40184.839    0.048      22127.488         059003.000244   059003.000348          1.0000  cm-1
40175.150    0.113      11089.815         059003.000238   059003.000347 P        0.0000  cm-1
40175.150    0.113      11089.815         059003.000182   059003.000450 P        0.0000  cm-1
40170.630    0.113      29605.099         059003.000089   059003.000207          1.0000  cm-1
40169.191    0.113      37019.182         059003.000096   059003.000212          0.4958  cm-1
40169.191    0.113      37019.182         059003.000113   059003.000226          0.5042  cm-1
40163.209    0.048      18536.138         059003.000130   059003.000253          1.0000  cm-1
40150.610    0.113      18591.651         059003.000093   059003.000210 P        0.0000  cm-1
40150.610    0.113      18591.651         059003.000101   059003.000216          1.0000  cm-1
40145.400    0.048      33505.998         059003.000272   059003.000564 P        0.0000  cm-1
40145.400    0.048      33505.998         059003.000129   059003.000252          1.0000  cm-1
40131.010    0.048      3735.383          059003.000135   059003.000259          1.0000  cm-1
40128.591    0.048      7474.937          059003.000237   059003.000554          1.0000  cm-1
40127.160    0.048      22432.203         059003.000211   059003.000334          1.0000  cm-1
40116.741    0.048      37476.274         059003.000097   059003.000211          1.0000  cm-1
40110.740    0.048      22516.401         059003.000062   059003.000195          1.0000  cm-1
40106.731    0.048      22536.782         059003.000083   059003.000201          1.0000  cm-1
40104.011    0.048      7516.856          059003.000075   059003.000197          1.0000  cm-1
40101.711    0.048      22562.203         059003.000127   059003.000250 P        0.0000  cm-1
40101.711    0.048      22562.203         059003.000119   059003.000235          1.0000  cm-1
40091.810    0.048      30149.365         059003.000102   059003.000216          1.0000  cm-1
40089.201    0.048      22625.077         059003.000199   059003.000321          1.0000  cm-1
40080.941    0.112      37777.022         059003.000245   059003.000560 P        0.0000  cm-1
40080.941    0.112      37777.022         059003.000126   059003.000248          1.0000  cm-1
40074.931    0.048      11347.976         059003.000123   059003.000238          1.0000  cm-1
40070.401    0.048      11359.130         059003.000082   059003.000200          1.0000  cm-1
40065.281    0.048      7581.122          059003.000175   059003.000288          1.0000  cm-1
40064.160    0.112      11374.424         059003.000229   059003.000344 P        0.0000  cm-1
40062.089    0.112      37931.591         059003.000080   059003.000199          1.0000  cm-1
40059.920    0.112      37949.205         059003.000201   059003.000542          0.4807  cm-1
40059.920    0.112      37949.205         059003.000200   059003.000322          0.5193  cm-1
40058.700    0.048      7591.819          059003.000235   059003.000346          0.3892  cm-1
40058.700    0.048      7591.819          059003.000205   059003.000326          0.6108  cm-1
40053.081    0.048      26603.156         059003.000114   059003.000226          1.0000  cm-1
40048.571    0.048      3804.078          059003.000196   059003.000541 P        0.0000  cm-1
40048.571    0.048      3804.078          059003.000246   059003.000560 P        0.0000  cm-1
40047.279    0.048      3805.115          059003.000218   059003.000337          1.0000  cm-1
40033.691    0.048      7631.872          059003.000246   059003.000348          1.0000  cm-1
40022.410    0.048      3824.811          059003.000235   059003.000556 P        0.0000  cm-1
40018.421    0.048      3827.926          059003.000258   059003.000561 P        0.0000  cm-1
40018.421    0.048      3827.926          059003.000120   059003.000234          1.0000  cm-1
40017.041    0.112      34461.002         059003.000098   059003.000211          1.0000  cm-1
40015.201    0.112      3830.431          059003.000161   059003.000281          0.3190  cm-1
40015.201    0.112      3830.431          059003.000247   059003.000348          0.6810  cm-1
40008.171    0.048      19179.359         059003.000087   059003.000204 P        0.0000  cm-1
40004.921    0.048      3838.374          059003.000234   059003.000557 P        0.0000  cm-1
40000.200    0.048      19209.965         059003.000112   059003.000224          1.0000  cm-1
39994.410    0.048      26924.859         059003.000083   059003.000200          1.0000  cm-1
39992.970    0.048      23085.013         059003.000164   059003.000282          1.0000  cm-1
39988.459    0.048      38509.175         059003.000212   059003.000333          1.0000  cm-1
39983.820    0.048      3854.413          059003.000229   059003.000343          0.4572  cm-1
39983.820    0.048      3854.413          059003.000239   059003.000347          0.5428  cm-1
39981.721    0.048      15423.956         059003.000188   059003.000307          0.9181  cm-1
39981.721    0.048      15423.956         059003.000085   059003.000202          0.0819  cm-1
39974.481    0.048      3861.398          059003.000112   059003.000222          1.0000  cm-1
39972.310    0.048      19315.057         059003.000099   059003.000212          1.0000  cm-1
39964.579    0.048      3868.726          059003.000455   059003.000574 P        0.0000  cm-1
39960.649    0.112      3871.612          059003.000150   059003.000277 P        0.0000  cm-1
39947.589    0.112      19405.554         059003.000201   059003.000322          1.0000  cm-1
39946.310    0.112      27174.235         059003.000063   059003.000194          1.0000  cm-1
39945.541    0.048      23295.526         059003.000108   059003.000220          1.0000  cm-1
39942.860    0.048      3884.515          059003.000121   059003.000236          1.0000  cm-1
39941.471    0.048      31084.095         059003.000097   059003.000210          1.0000  cm-1
39939.830    0.048      31093.496         059003.000104   059003.000216          1.0000  cm-1
39937.481    0.048      3888.365          059003.000235   059003.000554          1.0000  cm-1
39933.781    0.048      19454.997         059003.000151   059003.000277          1.0000  cm-1
39932.631    0.112      19459.077         059003.000064   059003.000195          1.0000  cm-1
39932.631    0.112      19459.077         059003.000125   059003.000243 P        0.0000  cm-1
39932.631    0.112      19459.077         059003.000125   059003.000433 P        0.0000  cm-1
39931.489    0.048      11677.876         059003.000218   059003.000336          1.0000  cm-1
39930.191    0.048      19467.719         059003.000105   059003.000216          1.0000  cm-1
39924.169    0.048      7795.576          059003.000097   059003.000209 P        0.0000  cm-1
39924.169    0.048      7795.576          059003.000099   059003.000211          1.0000  cm-1
39917.569    0.500      7804.808          059003.000038   059003.000190 P        0.0000  cm-1
39917.569    0.500      7804.808          059003.000127   059003.000248          1.0000  cm-1
39910.651    0.048      11721.611         059003.000119   059003.000237          1.0000  cm-1
39903.869    0.048      3911.868          059003.000236   059003.000346          1.0000  cm-1
39902.431    0.048      3912.852          059003.000160   059003.000279          1.0000  cm-1
39892.621    0.048      11758.549         059003.000231   059003.000344 P        0.0000  cm-1
39892.621    0.048      11758.549         059003.000154   059003.000441          1.0000  cm-1
39871.861    0.048      3933.345          059003.000114   059003.000225          1.0000  cm-1
39870.891    0.048      3933.982          059003.000145   059003.000437 P        0.0000  cm-1
39851.121    0.111      19733.900         059003.000131   059003.000255          1.0000  cm-1
39850.630    0.048      19735.466         059003.000075   059003.000196          1.0000  cm-1
39840.659    0.048      27673.877         059003.000200   059003.000321          1.0000  cm-1
39827.181    0.048      27732.663         059003.000114   059003.000223          1.0000  cm-1
39826.390    0.111      3962.297          059003.000239   059003.000558          1.0000  cm-1
39823.231    0.048      27749.672         059003.000126   059003.000247 P        0.0000  cm-1
39823.231    0.048      27749.672         059003.000108   059003.000218          1.0000  cm-1
39821.881    0.048      27755.460         059003.000082   059003.000199          1.0000  cm-1
39810.971    0.111      35745.205         059003.000151   059003.000276 P        0.0000  cm-1
39810.971    0.111      35745.205         059003.000313   059003.000603 P        0.0000  cm-1
39810.971    0.111      35745.205         059003.000088   059003.000205          1.0000  cm-1
39808.261    0.048      31786.544         059003.000199   059003.000320          1.0000  cm-1
39808.261    0.048      31786.544         059003.000313   059003.000600 P        0.0000  cm-1
39800.849    0.048      3977.737          059003.000198   059003.000314          1.0000  cm-1
39790.440    0.111      3983.857          059003.000313   059003.000602 P        0.0000  cm-1
39787.271    0.048      15942.802         059003.000229   059003.000553          1.0000  cm-1
39772.349    0.047      19971.267         059003.000248   059003.000560          1.0000  cm-1
39768.831    0.047      3996.239          059003.000168   059003.000283 P        0.0000  cm-1
39763.011    0.047      3999.499          059003.000162   059003.000280          1.0000  cm-1
39751.030    0.111      28042.761         059003.000152   059003.000275          0.0595  cm-1
39751.030    0.111      28042.761         059003.000210   059003.000331          0.9405  cm-1
39748.751    0.047      28051.453         059003.000099   059003.000210          1.0000  cm-1
39741.770    0.047      28077.863         059003.000313   059003.000597 P        0.0000  cm-1
39741.770    0.047      28077.863         059003.000210   059003.000330          1.0000  cm-1
39728.349    0.047      4018.245          059003.000201   059003.000321          1.0000  cm-1
39719.050    0.110      4023.077          059003.000130   059003.000250          1.0000  cm-1
39710.701    0.110      36246.098         059003.000130   059003.000249          1.0000  cm-1
39709.760    0.047      32222.570         059003.000223   059003.000342          1.0000  cm-1
39703.431    0.047      4031.004          059003.000229   059003.000551          1.0000  cm-1
39696.970    0.047      4034.214          059003.000152   059003.000274          1.0000  cm-1
39688.479    0.110      4038.369          059003.000095   059003.000207          1.0000  cm-1
39671.910    0.047      32370.174         059003.000076   059003.000198          1.0000  cm-1
39671.910    0.047      32370.174         059003.000184   059003.000452 P        0.0000  cm-1
39671.910    0.047      32370.174         059003.000146   059003.000437 P        0.0000  cm-1
39668.920    0.047      20238.344         059003.000120   059003.000237          1.0000  cm-1
39660.181    0.047      8103.401          059003.000215   059003.000334          1.0000  cm-1
39659.100    0.047      16208.776         059003.000127   059003.000247          1.0000  cm-1
39658.220    0.047      24315.569         059003.000230   059003.000552          1.0000  cm-1
39654.539    0.047      28379.838         059003.000213   059003.000333          1.0000  cm-1
39644.221    0.047      4058.866          059003.000223   059003.000341          1.0000  cm-1
39624.861    0.047      4067.211          059003.000222   059003.000547 P        0.0000  cm-1
39611.110    0.110      24437.439         059003.000126   059003.000243          1.0000  cm-1
39601.210    0.047      24461.320         059003.000084   059003.000199          1.0000  cm-1
39595.929    0.047      20394.844         059003.000131   059003.000253          1.0000  cm-1
39590.121    0.110      32649.798         059003.000199   059003.000318          1.0000  cm-1
39590.121    0.110      32649.798         059003.000214   059003.000333 P        0.0000  cm-1
39566.420    0.047      4090.068          059003.000211   059003.000330          1.0000  cm-1
39545.851    0.047      12291.795         059003.000152   059003.000273          1.0000  cm-1
39542.581    0.047      12295.104         059003.000119   059003.000229          1.0000  cm-1
39539.910    0.047      8198.522          059003.000211   059003.000329          1.0000  cm-1
39533.731    0.047      28709.077         059003.000130   059003.000248          1.0000  cm-1
39533.280    0.047      16405.775         059003.000239   059003.000557          1.0000  cm-1
39527.719    0.109      36929.148         059003.000223   059003.000340          0.7107  cm-1
39527.719    0.109      36929.148         059003.000212   059003.000331          0.2893  cm-1
39522.719    0.047      8209.649          059003.000243   059003.000347          1.0000  cm-1
39518.091    0.047      16425.074         059003.000212   059003.000330          1.0000  cm-1
39517.439    0.047      20532.350         059003.000232   059003.000551          0.8515  cm-1
39517.439    0.047      20532.350         059003.000126   059003.000241          0.1485  cm-1
39506.569    0.109      36987.873         059003.000180   059003.000447          1.0000  cm-1
39503.589    0.047      16442.579         059003.000091   059003.000206          1.0000  cm-1
39498.700    0.047      4112.069          059003.000238   059003.000554          1.0000  cm-1
39493.130    0.109      37022.944         059003.000088   059003.000203          1.0000  cm-1
39493.130    0.109      37022.944         059003.000150   059003.000272 P        0.0000  cm-1
39488.329    0.047      24690.032         059003.000154   059003.000439          0.9268  cm-1
39488.329    0.047      24690.032         059003.000115   059003.000224          0.0732  cm-1
39483.771    0.047      28813.814         059003.000226   059003.000342          1.0000  cm-1
39480.761    0.047      12351.224         059003.000098   059003.000208 P        0.0000  cm-1
39472.379    0.047      12357.882         059003.000188   059003.000306 P        0.0000  cm-1
39472.379    0.047      12357.882         059003.000132   059003.000256          1.0000  cm-1
39456.842    0.109      37108.852         059003.000263   059003.000562          1.0000  cm-1
39456.842    0.109      37108.852         059003.000438   059003.000564 P        0.0000  cm-1
39452.939    0.109      37117.322         059003.000246   059003.000559          1.0000  cm-1
39447.471    0.109      24752.625         059003.000106   059003.000215          0.2612  cm-1
39447.471    0.109      24752.625         059003.000111   059003.000218          0.1993  cm-1
39447.471    0.109      24752.625         059003.000262   059003.000561          0.5394  cm-1
39441.791    0.109      20633.717         059003.000233   059003.000551 P        0.0000  cm-1
39439.630    0.109      37145.078         059003.000203   059003.000323          1.0000  cm-1
39439.630    0.109      37145.078         059003.000167   059003.000281 P        0.0000  cm-1
39435.831    0.047      16512.302         059003.000251   059003.000560          1.0000  cm-1
39421.189    0.109      28918.275         059003.000251   059003.000348          1.0000  cm-1
39419.850    0.109      16525.817         059003.000237   059003.000553 P        0.0000  cm-1
39410.261    0.047      28933.424         059003.000171   059003.000284          1.0000  cm-1
39408.740    0.047      33069.095         059003.000130   059003.000435          1.0000  cm-1
39403.259    0.047      8269.326          059003.000224   059003.000545          0.1104  cm-1
39403.259    0.047      8269.326          059003.000172   059003.000284          0.8896  cm-1
39395.260    0.047      12408.303         059003.000128   059003.000433          1.0000  cm-1
39383.651    0.109      37242.549         059003.000202   059003.000321          0.0484  cm-1
39383.651    0.109      37242.549         059003.000091   059003.000205          0.9516  cm-1
39361.990    0.046      20706.574         059003.000245   059003.000347          1.0000  cm-1
39360.951    0.108      33131.662         059003.000112   059003.000221          1.0000  cm-1
39353.440    0.046      28997.180         059003.000201   059003.000319          1.0000  cm-1
39341.530    0.108      33151.232         059003.000200   059003.000318          1.0000  cm-1
39322.529    0.046      4145.885          059003.000244   059003.000558          1.0000  cm-1
39322.529    0.046      4145.885          059003.000188   059003.000455 P        0.0000  cm-1
39307.281    0.108      4147.178          059003.000104   059003.000211          0.6334  cm-1
39307.281    0.108      4147.178          059003.000239   059003.000554          0.3666  cm-1
39307.281    0.108      4147.178          059003.000312   059003.000586 P        0.0000  cm-1
39303.220    0.046      24884.870         059003.000263   059003.000561          0.5593  cm-1
39303.220    0.046      24884.870         059003.000131   059003.000251          0.4407  cm-1
39301.879    0.046      4147.573          059003.000226   059003.000340          1.0000  cm-1
39287.960    0.108      4148.437          059003.000130   059003.000434 P        0.0000  cm-1
39282.159    0.108      12446.196         059003.000222   059003.000544 P        0.0000  cm-1
39268.750    0.108      37343.392         059003.000214   059003.000332          1.0000  cm-1
39267.160    0.046      20746.577         059003.000102   059003.000209          1.0000  cm-1
39262.592    0.046      33195.535         059003.000129   059003.000246          1.0000  cm-1
39236.479    0.108      37347.339         059003.000093   059003.000206          1.0000  cm-1
39225.451    0.046      8299.159          059003.000080   059003.000198          1.0000  cm-1
39224.651    0.046      4149.565          059003.000130   059003.000245          1.0000  cm-1
39211.131    0.046      4149.207          059003.000239   059003.000345          1.0000  cm-1
39201.739    0.108      16595.338         059003.000108   059003.000215          1.0000  cm-1
39198.789    0.046      12446.089         059003.000184   059003.000450 P        0.0000  cm-1
39193.451    0.046      20742.103         059003.000213   059003.000331          1.0000  cm-1
39183.949    0.108      37330.632         059003.000213   059003.000330 P        0.0000  cm-1
39183.949    0.108      37330.632         059003.000067   059003.000195          0.0708  cm-1
39183.949    0.108      37330.632         059003.000227   059003.000546          0.9292  cm-1
39180.581    0.107      37328.580         059003.000079   059003.000197 P        0.0000  cm-1
39180.581    0.107      37328.580         059003.000132   059003.000255          1.0000  cm-1
39175.040    0.046      29030.513         059003.000237   059003.000549          1.0000  cm-1
39172.630    0.046      4147.029          059003.000176   059003.000444          1.0000  cm-1
39171.450    0.046      16587.742         059003.000246   059003.000558          1.0000  cm-1
39168.041    0.046      20733.275         059003.000067   059003.000194          1.0000  cm-1
39152.961    0.046      20726.262         059003.000247   059003.000558          1.0000  cm-1
39152.030    0.046      12435.471         059003.000131   059003.000250          1.0000  cm-1
39138.661    0.107      4143.678          059003.000112   059003.000431 P        0.0000  cm-1
39128.981    0.046      4142.477          059003.000214   059003.000331          1.0000  cm-1
39127.529    0.046      4142.287          059003.000163   059003.000279          1.0000  cm-1
39121.800    0.107      28990.607         059003.000153   059003.000277 P        0.0000  cm-1
39121.800    0.107      28990.607         059003.000205   059003.000323          1.0000  cm-1
39116.441    0.107      37266.826         059003.000108   059003.000213 P        0.0000  cm-1
39116.441    0.107      37266.826         059003.000093   059003.000205          1.0000  cm-1
39108.689    0.046      16558.417         059003.000215   059003.000331          1.0000  cm-1
39104.619    0.046      24833.823         059003.000237   059003.000548          1.0000  cm-1
39102.641    0.046      24831.932         059003.000202   059003.000320          1.0000  cm-1
39099.461    0.046      16552.557         059003.000215   059003.000330          1.0000  cm-1
39093.421    0.046      4137.126          059003.000093   059003.000204          1.0000  cm-1
39091.669    0.046      12410.474         059003.000156   059003.000277          1.0000  cm-1
39082.601    0.046      4135.205          059003.000225   059003.000339          1.0000  cm-1
39073.120    0.046      16533.639         059003.000199   059003.000315 P        0.0000  cm-1
39073.120    0.046      16533.639         059003.000236   059003.000553          1.0000  cm-1
39073.120    0.046      16533.639         059003.000215   059003.000329 P        0.0000  cm-1
39071.010    0.046      20664.980         059003.000201   059003.000317          1.0000  cm-1
39066.140    0.107      37188.187         059003.000238   059003.000344 P        0.0000  cm-1
39066.140    0.107      37188.187         059003.000235   059003.000550          1.0000  cm-1
39066.140    0.107      37188.187         059003.000091   059003.000203 P        0.0000  cm-1
39061.820    0.046      8262.265          059003.000211   059003.000327          1.0000  cm-1
39052.850    0.046      4129.219          059003.000248   059003.000347          1.0000  cm-1
39051.992    0.046      4129.030          059003.000225   059003.000338          1.0000  cm-1
39030.922    0.107      4124.144          059003.000034   059003.000185 P        0.0000  cm-1
39030.922    0.107      4124.144          059003.000096   059003.000206          1.0000  cm-1
39029.009    0.046      16494.698         059003.000128   059003.000240          1.0000  cm-1
39029.009    0.046      16494.698         059003.000106   059003.000212 P        0.0000  cm-1
39023.761    0.046      24734.191         059003.000210   059003.000326          1.0000  cm-1
38997.871    0.046      28808.040         059003.000154   059003.000276          1.0000  cm-1
38991.331    0.046      8227.119          059003.000111   059003.000216          1.0000  cm-1
38989.231    0.046      8225.895          059003.000236   059003.000551          1.0000  cm-1
38982.131    0.046      16443.354         059003.000223   059003.000337          1.0000  cm-1
38974.659    0.046      4108.556          059003.000153   059003.000275 P        0.0000  cm-1
38969.419    0.106      4106.916          059003.000156   059003.000276          1.0000  cm-1
38966.590    0.046      32848.140         059003.000131   059003.000248          1.0000  cm-1
38964.119    0.046      4105.225          059003.000199   059003.000314          1.0000  cm-1
38962.581    0.046      4104.728          059003.000155   059003.000275          1.0000  cm-1
38940.380    0.046      8194.500          059003.000219   059003.000333 P        0.0000  cm-1
38930.811    0.045      28656.951         059003.000433   059003.000556 P        0.0000  cm-1
38930.811    0.045      28656.951         059003.000243   059003.000556 P        0.0000  cm-1
38924.509    0.106      24549.319         059003.000244   059003.000346 P        0.0000  cm-1
38924.509    0.106      24549.319         059003.000203   059003.000320          1.0000  cm-1
38913.419    0.045      4087.399          059003.000235   059003.000548          1.0000  cm-1
38912.081    0.045      24521.330         059003.000457   059003.000617 P        0.0000  cm-1
38912.081    0.045      24521.330         059003.000102   059003.000207          1.0000  cm-1
38910.919    0.106      36777.988         059003.000096   059003.000205          1.0000  cm-1
38910.919    0.106      36777.988         059003.000204   059003.000321 P        0.0000  cm-1
38908.510    0.045      4085.515          059003.000155   059003.000274          1.0000  cm-1
38896.280    0.045      16322.797         059003.000230   059003.000342          1.0000  cm-1
38891.409    0.045      16314.933         059003.000433   059003.000555          0.2419  cm-1
38891.409    0.045      16314.933         059003.000243   059003.000555 P        0.0000  cm-1
38891.409    0.045      16314.933         059003.000210   059003.000325          0.7581  cm-1
38884.570    0.106      36683.339         059003.000082   059003.000197          0.6158  cm-1
38884.570    0.106      36683.339         059003.000202   059003.000318          0.3842  cm-1
38884.570    0.106      36683.339         059003.000181   059003.000448 P        0.0000  cm-1
38882.559    0.045      4075.091          059003.000457   059003.000614 P        0.0000  cm-1
38882.559    0.045      4075.091          059003.000457   059003.000613 P        0.0000  cm-1
38882.559    0.045      4075.091          059003.000112   059003.000217          1.0000  cm-1
38873.019    0.106      8142.128          059003.000255   059003.000348          1.0000  cm-1
38871.310    0.045      32562.652         059003.000080   059003.000196          1.0000  cm-1
38867.489    0.045      4068.682          059003.000151   059003.000437 P        0.0000  cm-1
38867.489    0.045      4068.682          059003.000250   059003.000347          1.0000  cm-1
38866.231    0.106      8136.269          059003.000223   059003.000336          0.8281  cm-1
38866.231    0.106      8136.269          059003.000228   059003.000544          0.1719  cm-1
38859.721    0.045      28456.928         059003.000457   059003.000611 P        0.0000  cm-1
38859.721    0.045      28456.928         059003.000247   059003.000557          1.0000  cm-1
38858.060    0.045      16258.153         059003.000144   059003.000267          0.1167  cm-1
38858.060    0.045      16258.153         059003.000199   059003.000541          0.8833  cm-1
38858.060    0.045      16258.153         059003.000088   059003.000200 P        0.0000  cm-1
38842.360    0.045      12172.239         059003.000210   059003.000324          1.0000  cm-1
38825.751    0.045      8099.136          059003.000111   059003.000215 P        0.0000  cm-1
38824.579    0.106      28343.020         059003.000200   059003.000315          0.4457  cm-1
38824.579    0.106      28343.020         059003.000173   059003.000282          0.5543  cm-1
38818.470    0.045      4046.030          059003.000150   059003.000436 P        0.0000  cm-1
38806.611    0.045      4040.138          059003.000245   059003.000346          1.0000  cm-1
38798.612    0.045      8072.147          059003.000093   059003.000203          1.0000  cm-1
38794.370    0.105      12101.666         059003.000239   059003.000343          1.0000  cm-1
38794.370    0.105      12101.666         059003.000127   059003.000238 P        0.0000  cm-1
38780.161    0.105      8052.844          059003.000145   059003.000268 P        0.0000  cm-1
38780.161    0.105      8052.844          059003.000240   059003.000344          1.0000  cm-1
38770.690    0.045      4021.318          059003.000104   059003.000208 P        0.0000  cm-1
38770.690    0.045      4021.318          059003.000119   059003.000222 P        0.0000  cm-1
38768.120    0.045      8039.831          059003.000120   059003.000226          1.0000  cm-1
38766.510    0.105      36171.299         059003.000214   059003.000328          1.0000  cm-1
38766.510    0.105      36171.299         059003.000186   059003.000303 P        0.0000  cm-1
38757.239    0.045      4013.896          059003.000155   059003.000273          1.0000  cm-1
38748.360    0.105      36079.967         059003.000227   059003.000339          1.0000  cm-1
38746.751    0.045      12023.903         059003.000179   059003.000295          1.0000  cm-1
38734.790    0.105      8002.114          059003.000108   059003.000211          1.0000  cm-1
38726.389    0.105      3996.108          059003.000001   059003.000165          0.1509  cm-1
38726.389    0.105      3996.108          059003.000157   059003.000273          0.8270  cm-1
38726.389    0.105      3996.108          059003.000202   059003.000317          0.0221  cm-1
38717.701    0.045      15963.627         059003.000227   059003.000338          1.0000  cm-1
38716.051    0.105      19949.548         059003.000251   059003.000347          0.3676  cm-1
38716.051    0.105      19949.548         059003.000211   059003.000325          0.6324  cm-1
38714.131    0.045      19943.728         059003.000230   059003.000340 P        0.0000  cm-1
38714.131    0.045      19943.728         059003.000099   059003.000205          1.0000  cm-1
38707.402    0.045      3984.633          059003.000244   059003.000345          1.0000  cm-1
38701.860    0.105      11943.626         059003.000168   059003.000279 P        0.0000  cm-1
38697.669    0.045      3978.596          059003.000130   059003.000240          1.0000  cm-1
38683.411    0.045      3969.564          059003.000176   059003.000283          1.0000  cm-1
38677.470    0.105      23794.413         059003.000221   059003.000543          1.0000  cm-1
38676.649    0.045      11895.610         059003.000223   059003.000335          1.0000  cm-1
38667.749    0.105      15837.547         059003.000212   059003.000325          1.0000  cm-1
38667.749    0.105      15837.547         059003.000089   059003.000201 P        0.0000  cm-1
38663.860    0.105      11870.453         059003.000084   059003.000197          1.0000  cm-1
38657.370    0.045      3952.495          059003.000229   059003.000545          0.1289  cm-1
38657.370    0.045      3952.495          059003.000131   059003.000245          0.8711  cm-1
38653.740    0.045      3950.056          059003.000153   059003.000272          1.0000  cm-1
38652.361    0.045      7898.253          059003.000246   059003.000554          1.0000  cm-1
38640.321    0.045      19704.596         059003.000226   059003.000336          1.0000  cm-1
38632.661    0.105      78712.325         059003.000132   059003.000251          1.0000  cm-1
38631.069    0.045      35410.554         059003.000082   059003.000196          1.0000  cm-1
38618.752    0.045      7851.651          059003.000212   059003.000324          1.0000  cm-1
38609.390    0.045      23514.715         059003.000200   059003.000541          1.0000  cm-1
38609.390    0.045      23514.715         059003.000088   059003.000199 P        0.0000  cm-1
38606.679    0.045      19585.799         059003.000205   059003.000320          1.0000  cm-1
38606.679    0.045      19585.799         059003.000289   059003.000565 P        0.0000  cm-1
38604.691    0.045      7831.436          059003.000181   059003.000299          1.0000  cm-1
38599.981    0.104      15649.141         059003.000152   059003.000271          0.2346  cm-1
38599.981    0.104      15649.141         059003.000221   059003.000334          0.7654  cm-1
38594.799    0.045      11725.444         059003.000215   059003.000327          1.0000  cm-1
38593.160    0.104      35165.446         059003.000173   059003.000281 P        0.0000  cm-1
38593.160    0.104      35165.446         059003.000096   059003.000203          1.0000  cm-1
38570.050    0.045      23339.533         059003.000252   059003.000559          1.0000  cm-1
38562.401    0.045      7768.112          059003.000202   059003.000316          1.0000  cm-1
38556.339    0.045      19396.818         059003.000246   059003.000345          1.0000  cm-1
38546.660    0.045      3871.792          059003.000435   059003.000555          1.0000  cm-1
38539.451    0.045      23196.539         059003.000131   059003.000244          1.0000  cm-1
38536.911    0.045      15456.272         059003.000185   059003.000453          1.0000  cm-1
38532.602    0.045      15442.490         059003.000115   059003.000220          1.0000  cm-1
38519.690    0.104      34651.663         059003.000126   059003.000235          1.0000  cm-1
38519.690    0.104      34651.663         059003.000314   059003.000536 P        0.0000  cm-1
38517.479    0.104      3848.381          059003.000237   059003.000341          1.0000  cm-1
38509.910    0.045      3842.166          059003.000229   059003.000544          1.0000  cm-1
38496.789    0.104      34481.290         059003.000201   059003.000541          0.4983  cm-1
38496.789    0.104      34481.290         059003.000131   059003.000243          0.5017  cm-1
38482.781    0.044      3819.414          059003.000121   059003.000224          1.0000  cm-1
38479.159    0.044      15265.279         059003.000219   059003.000331          1.0000  cm-1
38471.810    0.044      15240.013         059003.000031   059003.000173 P        0.0000  cm-1
38469.960    0.044      3808.404          059003.000219   059003.000330          1.0000  cm-1
38466.081    0.044      3805.041          059003.000112   059003.000216          1.0000  cm-1
38450.639    0.104      3791.505          059003.000226   059003.000335          1.0000  cm-1
38435.960    0.044      22670.524         059003.000239   059003.000550 P        0.0000  cm-1
38425.769    0.103      3769.214          059003.000183   059003.000298          1.0000  cm-1
38421.541    0.103      11296.093         059003.000248   059003.000555          1.0000  cm-1
38417.189    0.044      3761.384          059003.000159   059003.000275          1.0000  cm-1
38413.910    0.103      7516.747          059003.000433   059003.000344          0.9183  cm-1
38413.910    0.103      7516.747          059003.000243   059003.000344 P        0.0000  cm-1
38413.910    0.103      7516.747          059003.000134   059003.000252          0.0817  cm-1
38411.400    0.044      15024.248         059003.000204   059003.000318          0.4732  cm-1
38411.400    0.044      15024.248         059003.000130   059003.000238          0.5268  cm-1
38410.310    0.044      15020.222         059003.000084   059003.000196          0.4339  cm-1
38410.310    0.044      15020.222         059003.000115   059003.000218          0.5661  cm-1
38410.310    0.044      15020.222         059003.000315   059003.000536 P        0.0000  cm-1
38401.852    0.044      3747.212          059003.000214   059003.000326          1.0000  cm-1
38401.011    0.044      7492.859          059003.000237   059003.000340          1.0000  cm-1
38397.639    0.044      7486.561          059003.000158   059003.000273          1.0000  cm-1
38396.209    0.044      22451.652         059003.000099   059003.000203          1.0000  cm-1
38384.250    0.044      11192.019         059003.000203   059003.000316          1.0000  cm-1
38355.860    0.427      22220.298         059003.000312   059003.000427 P        0.0000  cm-1
38355.860    0.427      22220.298         059003.000220   059003.000330 P        0.0000  cm-1
38355.860    0.427      22220.298         059003.000127   059003.000235          1.0000  cm-1
38353.949    0.044      18507.597         059003.000146   059003.000267          1.0000  cm-1
38350.269    0.044      7395.843          059003.000178   059003.000443          1.0000  cm-1
38333.609    0.103      18407.378         059003.000213   059003.000325          0.8092  cm-1
38333.609    0.103      18407.378         059003.000433   059003.000343          0.1908  cm-1
38333.609    0.103      18407.378         059003.000243   059003.000343 P        0.0000  cm-1
38328.509    0.044      22058.345         059003.000126   059003.000237          1.0000  cm-1
38323.940    0.103      11015.444         059003.000232   059003.000544          1.0000  cm-1
38318.151    0.103      25661.935         059003.000142   059003.000264 P        0.0000  cm-1
38318.151    0.103      25661.935         059003.000148   059003.000269 P        0.0000  cm-1
38318.151    0.103      25661.935         059003.000123   059003.000223          1.0000  cm-1
38313.891    0.044      14646.745         059003.000230   059003.000339          1.0000  cm-1
38301.740    0.044      21895.910         059003.000073   059003.000195          1.0000  cm-1
38297.589    0.103      29160.510         059003.000227   059003.000335          1.0000  cm-1
38288.521    0.044      7271.432          059003.000252   059003.000558          1.0000  cm-1
38285.620    0.044      25428.971         059003.000073   059003.000194          1.0000  cm-1
38283.230    0.044      10890.685         059003.000230   059003.000338          1.0000  cm-1
38283.230    0.044      10890.685         059003.000239   059003.000548 P        0.0000  cm-1
38282.279    0.044      10887.719         059003.000158   059003.000272 P        0.0000  cm-1
38280.341    0.044      3627.222          059003.000248   059003.000345          1.0000  cm-1
38253.242    0.044      10796.010         059003.000204   059003.000317 P        0.0000  cm-1
38253.242    0.044      10796.010         059003.000245   059003.000344          1.0000  cm-1
38249.019    0.102      7188.329          059003.000215   059003.000325          1.0000  cm-1
38244.670    0.102      10768.527         059003.000249   059003.000555          1.0000  cm-1
38236.141    0.102      32222.985         059003.000250   059003.000555 P        0.0000  cm-1
38236.141    0.102      32222.985         059003.000113   059003.000214          1.0000  cm-1
38220.221    0.102      32067.368         059003.000214   059003.000324          1.0000  cm-1
38214.209    0.044      3556.456          059003.000316   059003.000536 P        0.0000  cm-1
38214.209    0.044      3556.456          059003.000276   059003.000563 P        0.0000  cm-1
38214.209    0.044      3556.456          059003.000208   059003.000321          1.0000  cm-1
38211.989    0.044      10662.051         059003.000159   059003.000273          1.0000  cm-1
38201.720    0.044      14170.739         059003.000209   059003.000542          1.0000  cm-1
38193.069    0.044      28264.568         059003.000186   059003.000453          1.0000  cm-1
38189.491    0.044      10587.231         059003.000203   059003.000315          1.0000  cm-1
38189.491    0.044      10587.231         059003.000434   059003.000344 P        0.0000  cm-1
38183.611    0.044      21134.957         059003.000111   059003.000210          1.0000  cm-1
38172.710    0.044      7020.423          059003.000245   059003.000343          1.0000  cm-1
38168.760    0.044      3505.739          059003.000230   059003.000337          1.0000  cm-1
38164.609    0.423      3501.025          059003.000111   059003.000209 P        0.0000  cm-1
38164.609    0.423      3501.025          059003.000127   059003.000237          1.0000  cm-1
38164.609    0.423      3501.025          059003.000040   059003.000189 P        0.0000  cm-1
38164.609    0.423      3501.025          059003.000140   059003.000260 P        0.0000  cm-1
38160.831    0.044      10490.172         059003.000251   059003.000346          1.0000  cm-1
38157.351    0.044      3492.751          059003.000119   059003.000221          1.0000  cm-1
38152.371    0.102      6974.102          059003.000040   059003.000188 P        0.0000  cm-1
38152.371    0.102      6974.102          059003.000202   059003.000541          1.0000  cm-1
38139.361    0.044      3472.068          059003.000236   059003.000547          1.0000  cm-1
38132.231    0.044      17319.021         059003.000126   059003.000231          1.0000  cm-1
38127.461    0.044      6916.507          059003.000130   059003.000236          1.0000  cm-1
38120.939    0.044      17253.181         059003.000247   059003.000343          1.0000  cm-1
38116.780    0.102      3445.763          059003.000219   059003.000328          1.0000  cm-1
38098.159    0.044      23966.513         059003.000235   059003.000545          1.0000  cm-1
38089.331    0.102      3413.281          059003.000314   059003.000534 P        0.0000  cm-1
38089.331    0.102      3413.281          059003.000204   059003.000316 P        0.0000  cm-1
38089.331    0.102      3413.281          059003.000209   059003.000322          1.0000  cm-1
38089.331    0.102      3413.281          059003.000242   059003.000552 P        0.0000  cm-1
38085.282    0.102      136337.728        059003.000085   059003.000196          1.0000  cm-1
38085.282    0.102      136337.728        059003.000251   059003.000555 P        0.0000  cm-1
38080.321    0.044      23817.508         059003.000203   059003.000314          1.0000  cm-1
38072.840    0.043      16967.536         059003.000095   059003.000200          1.0000  cm-1
38069.141    0.043      3389.045          059003.000435   059003.000344          1.0000  cm-1
38066.331    0.043      6771.298          059003.000205   059003.000316          1.0000  cm-1
38066.331    0.043      6771.298          059003.000097   059003.000201 P        0.0000  cm-1
38055.781    0.043      16864.258         059003.000153   059003.000437          0.5249  cm-1
38055.781    0.043      16864.258         059003.000114   059003.000213          0.4751  cm-1
38052.918    0.043      3369.366          059003.000433   059003.000551 P        0.0000  cm-1
38052.918    0.043      3369.366          059003.000243   059003.000551 P        0.0000  cm-1
38052.918    0.043      3369.366          059003.000230   059003.000336 P        0.0000  cm-1
38038.628    0.043      16759.413         059003.000132   059003.000247 P        0.0000  cm-1
38025.720    0.043      23351.803         059003.000156   059003.000437          1.0000  cm-1
38019.961    0.043      23301.870         059003.000132   059003.000246          1.0000  cm-1
38012.661    0.101      3319.765          059003.000221   059003.000329          1.0000  cm-1
38006.279    0.101      3311.804          059003.000128   059003.000233          1.0000  cm-1
38000.570    0.043      3304.660          059003.000256   059003.000559          1.0000  cm-1
37993.959    0.419      13185.449         059003.000252   059003.000557 P        0.0000  cm-1
37993.959    0.419      13185.449         059003.000149   059003.000267          1.0000  cm-1
37992.559    0.419      3294.601          059003.000087   059003.000198          0.4105  cm-1
37992.559    0.419      3294.601          059003.000134   059003.000250          0.5895  cm-1
37968.419    0.418      9792.150          059003.000127   059003.000231          1.0000  cm-1
37968.419    0.418      9792.150          059003.000155   059003.000436 P        0.0000  cm-1
37968.419    0.418      9792.150          059003.000098   059003.000201 P        0.0000  cm-1
37943.571    0.101      16161.175         059003.000248   059003.000344 P        0.0000  cm-1
37943.571    0.101      16161.175         059003.000251   059003.000345          1.0000  cm-1
37943.571    0.101      16161.175         059003.000236   059003.000545 P        0.0000  cm-1
37914.821    0.043      9584.928          059003.000093   059003.000199          1.0000  cm-1
37906.559    0.101      3184.183          059003.000184   059003.000448          1.0000  cm-1
37883.549    0.043      3153.929          059003.000135   059003.000251          1.0000  cm-1
37871.762    0.043      6276.646          059003.000205   059003.000315          1.0000  cm-1
37871.762    0.043      6276.646          059003.000438   059003.000563 P        0.0000  cm-1
37870.330    0.043      12545.691         059003.000167   059003.000442          1.0000  cm-1
37868.881    0.043      25075.980         059003.000132   059003.000244          1.0000  cm-1
37863.349    0.100      12508.562         059003.000212   059003.000323          0.3607  cm-1
37863.349    0.100      12508.562         059003.000248   059003.000343 P        0.0000  cm-1
37863.349    0.100      12508.562         059003.000230   059003.000335          0.6393  cm-1
37842.491    0.043      3099.264          059003.000160   059003.000277          0.4239  cm-1
37842.491    0.043      3099.264          059003.000075   059003.000194          0.5761  cm-1
37841.049    0.100      9291.985          059003.000142   059003.000260          0.0232  cm-1
37841.049    0.100      9291.985          059003.000119   059003.000220          0.9768  cm-1
37833.689    0.043      9262.306          059003.000112   059003.000211          1.0000  cm-1
37804.600    0.415      6096.176          059003.000150   059003.000268          1.0000  cm-1
37801.429    0.100      60875.509         059003.000181   059003.000296          1.0000  cm-1
37795.711    0.043      3035.986          059003.000236   059003.000544          1.0000  cm-1
37795.711    0.043      3035.986          059003.000305   059003.000570 P        0.0000  cm-1
37770.692    0.100      27015.692         059003.000106   059003.000205          1.0000  cm-1
37767.100    0.043      2996.806          059003.000249   059003.000344          1.0000  cm-1
37762.479    0.043      17942.676         059003.000205   059003.000314          1.0000  cm-1
37762.479    0.043      17942.676         059003.000247   059003.000550 P        0.0000  cm-1
37752.199    0.043      2976.265          059003.000219   059003.000326          1.0000  cm-1
37739.470    0.100      23669.192         059003.000237   059003.000336          1.0000  cm-1
37739.470    0.100      23669.192         059003.000148   059003.000266 P        0.0000  cm-1
37732.449    0.043      2948.906          059003.000132   059003.000241          1.0000  cm-1
37732.449    0.043      2948.906          059003.000135   059003.000250 P        0.0000  cm-1
37723.820    0.043      2936.905          059003.000439   059003.000563 P        0.0000  cm-1
37723.820    0.043      2936.905          059003.000135   059003.000249          1.0000  cm-1
37721.700    0.043      14669.760         059003.000114   059003.000212          1.0000  cm-1
37718.651    0.043      2929.703          059003.000119   059003.000218          1.0000  cm-1
37718.651    0.043      2929.703          059003.000316   059003.000533 P        0.0000  cm-1
37715.010    0.043      2924.625          059003.000208   059003.000318          1.0000  cm-1
37675.259    0.043      2868.877          059003.000130   059003.000233          1.0000  cm-1
37675.259    0.043      2868.877          059003.000320   059003.000536 P        0.0000  cm-1
37673.470    0.043      8599.066          059003.000252   059003.000345          1.0000  cm-1
37641.311    0.043      2820.865          059003.000112   059003.000209          1.0000  cm-1
37641.311    0.043      2820.865          059003.000160   059003.000274 P        0.0000  cm-1
37641.311    0.043      2820.865          059003.000133   059003.000244 P        0.0000  cm-1
37638.509    0.043      19718.209         059003.000087   059003.000196          1.0000  cm-1
37628.081    0.042      11208.246         059003.000246   059003.000548          1.0000  cm-1
37626.990    0.099      56010.199         059003.000218   059003.000325 P        0.0000  cm-1
37626.990    0.099      56010.199         059003.000184   059003.000299          1.0000  cm-1
37619.541    0.042      2789.900          059003.000219   059003.000325          0.7934  cm-1
37619.541    0.042      2789.900          059003.000182   059003.000295          0.2066  cm-1
37607.811    0.042      5546.324          059003.000158   059003.000436          1.0000  cm-1
37589.179    0.042      5493.011          059003.000180   059003.000293          1.0000  cm-1
37585.009    0.042      2740.529          059003.000130   059003.000231          1.0000  cm-1
37577.099    0.042      5458.359          059003.000150   059003.000267 P        0.0000  cm-1
37570.501    0.042      2719.702          059003.000219   059003.000324          1.0000  cm-1
37563.781    0.042      10840.159         059003.000131   059003.000234          1.0000  cm-1
37547.039    0.042      5371.855          059003.000135   059003.000248          1.0000  cm-1
37534.619    0.042      8004.014          059003.000221   059003.000327          0.8537  cm-1
37534.619    0.042      8004.014          059003.000161   059003.000438          0.1463  cm-1
37524.799    0.099      23884.329         059003.000108   059003.000205          1.0000  cm-1
37512.462    0.042      13179.809         059003.000099   059003.000199          1.0000  cm-1
37501.729    0.042      10481.652         059003.000108   059003.000204          1.0000  cm-1
37498.111    0.042      2615.167          059003.000318   059003.000535 P        0.0000  cm-1
37498.111    0.042      2615.167          059003.000114   059003.000210          1.0000  cm-1
37498.111    0.042      2615.167          059003.000134   059003.000245 P        0.0000  cm-1
37495.160    0.042      5221.774          059003.000209   059003.000319          1.0000  cm-1
37476.941    0.098      51688.747         059003.000120   059003.000218          1.0000  cm-1
37472.829    0.042      12892.309         059003.000129   059003.000230          1.0000  cm-1
37467.380    0.042      12852.696         059003.000101   059003.000201          1.0000  cm-1
37452.851    0.098      15296.406         059003.000155   059003.000270          0.3035  cm-1
37452.851    0.098      15296.406         059003.000106   059003.000203          0.6965  cm-1
37428.890    0.042      10057.984         059003.000164   059003.000439          1.0000  cm-1
37422.559    0.042      2505.266          059003.000248   059003.000549          1.0000  cm-1
37418.492    0.042      12496.671         059003.000088   059003.000196          1.0000  cm-1
37413.329    0.042      4983.608          059003.000130   059003.000229          1.0000  cm-1
37408.809    0.042      12426.043         059003.000102   059003.000201          1.0000  cm-1
37405.262    0.098      19840.264         059003.000131   059003.000235          1.0000  cm-1
37399.261    0.172      12356.375         059003.000224   059003.000330 P        0.0000  cm-1
37399.261    0.172      12356.375         059003.000222   059003.000329 P        0.0000  cm-1
37375.311    0.042      12181.531         059003.000123   059003.000220          1.0000  cm-1
37374.710    0.042      4870.859          059003.000160   059003.000272 P        0.0000  cm-1
37365.100    0.098      12106.967         059003.000121   059003.000217          1.0000  cm-1
37365.100    0.098      12106.967         059003.000132   059003.000239 P        0.0000  cm-1
37348.449    0.042      9588.283          059003.000212   059003.000320          1.0000  cm-1
37336.771    0.404      14280.072         059003.000134   059003.000243          0.6862  cm-1
37336.771    0.404      14280.072         059003.000226   059003.000332          0.3138  cm-1
37321.709    0.042      7074.037          059003.000115   059003.000211          1.0000  cm-1
37309.759    0.097      163839.375        059003.000076   059003.000194          1.0000  cm-1
37297.230    0.042      2322.273          059003.000112   059003.000208          1.0000  cm-1
37290.539    0.042      2312.509          059003.000168   059003.000440          1.0000  cm-1
37288.421    0.042      11547.096         059003.000163   059003.000438          1.0000  cm-1
37286.351    0.042      4612.796          059003.000112   059003.000207          1.0000  cm-1
37266.211    0.042      9108.118          059003.000159   059003.000271 P        0.0000  cm-1
37262.531    0.042      15901.661         059003.000119   059003.000216          1.0000  cm-1
37260.869    0.042      2269.244          059003.000123   059003.000219          1.0000  cm-1
37258.938    0.042      6799.295          059003.000311   059003.000421 P        0.0000  cm-1
37256.741    0.042      6789.689          059003.000104   059003.000201          1.0000  cm-1
37252.869    0.042      9030.364          059003.000123   059003.000218          1.0000  cm-1
37244.669    0.097      20210.855         059003.000320   059003.000534 P        0.0000  cm-1
37244.669    0.097      20210.855         059003.000091   059003.000197          1.0000  cm-1
37243.181    0.402      17947.876         059003.000134   059003.000241          1.0000  cm-1
37237.701    0.042      6706.530          059003.000135   059003.000245          1.0000  cm-1
37228.562    0.402      13333.304         059003.000150   059003.000266          1.0000  cm-1
37214.099    0.097      19810.813         059003.000126   059003.000224 P        0.0000  cm-1
37214.099    0.097      19810.813         059003.000131   059003.000237          1.0000  cm-1
37212.729    0.042      6597.634          059003.000209   059003.000317          1.0000  cm-1
37206.892    0.042      10953.690         059003.000108   059003.000203          1.0000  cm-1
37201.679    0.042      17465.389         059003.000126   059003.000223          1.0000  cm-1
37201.679    0.042      17465.389         059003.000151   059003.000266 P        0.0000  cm-1
37198.171    0.097      2178.087          059003.000208   059003.000315          1.0000  cm-1
37191.600    0.097      13011.364         059003.000244   059003.000341 P        0.0000  cm-1
37191.600    0.097      13011.364         059003.000161   059003.000276          1.0000  cm-1
37188.762    0.042      15151.132         059003.000221   059003.000325          1.0000  cm-1
37179.999    0.041      10758.787         059003.000242   059003.000546          1.0000  cm-1
37179.389    0.041      17207.002         059003.000180   059003.000445          1.0000  cm-1
37146.342    0.041      8412.527          059003.000115   059003.000210          1.0000  cm-1
37144.429    0.041      10501.870         059003.000104   059003.000200          1.0000  cm-1
37136.190    0.500      12531.026         059003.000133   059003.000239          1.0000  cm-1
37136.190    0.500      12531.026         059003.000105   059003.000200 P        0.0000  cm-1
37125.860    0.041      8294.564          059003.000111   059003.000204          1.0000  cm-1
37093.420    0.041      6081.323          059003.000158   059003.000270          1.0000  cm-1
37085.910    0.041      4032.733          059003.000251   059003.000549          1.0000  cm-1
37068.211    0.041      1991.109          059003.000189   059003.000454          1.0000  cm-1
37037.919    0.096      3896.129          059003.000129   059003.000227 P        0.0000  cm-1
37037.919    0.096      3896.129          059003.000253   059003.000553 P        0.0000  cm-1
37035.651    0.100      9724.258          059003.000165   059003.000277          1.0000  cm-1
37017.811    0.041      7678.509          059003.000131   059003.000231          1.0000  cm-1
37014.781    0.096      1915.353          059003.000225   059003.000328          1.0000  cm-1
37014.781    0.096      1915.353          059003.000213   059003.000320 P        0.0000  cm-1
37006.729    0.041      1904.005          059003.000433   059003.000545          0.1365  cm-1
37006.729    0.041      1904.005          059003.000243   059003.000545          0.8635  cm-1
36998.250    0.041      7568.304          059003.000321   059003.000535 P        0.0000  cm-1
36987.450    0.041      11261.482         059003.000095   059003.000198          1.0000  cm-1
36982.829    0.041      3740.873          059003.000208   059003.000541          1.0000  cm-1
36977.520    0.041      11178.023         059003.000093   059003.000197          1.0000  cm-1
36967.199    0.041      9242.903          059003.000456   059003.000597 P        0.0000  cm-1
36967.199    0.041      9242.903          059003.000262   059003.000348 P        0.0000  cm-1
36967.199    0.041      9242.903          059003.000154   059003.000269 P        0.0000  cm-1
36965.771    0.041      1846.589          059003.000456   059003.000596 P        0.0000  cm-1
36965.771    0.041      1846.589          059003.000153   059003.000268          1.0000  cm-1
36954.039    0.096      10981.447         059003.000146   059003.000264          1.0000  cm-1
36954.039    0.096      10981.447         059003.000253   059003.000551 P        0.0000  cm-1
36948.630    0.041      7290.877          059003.000121   059003.000216          1.0000  cm-1
36947.469    0.500      3642.215          059003.000214   059003.000320 P        0.0000  cm-1
36935.620    0.041      9023.351          059003.000156   059003.000268          1.0000  cm-1
36929.729    0.041      1796.516          059003.000215   059003.000320          1.0000  cm-1
36924.559    0.041      3578.742          059003.000246   059003.000340          1.0000  cm-1
36914.561    0.395      15980.220         059003.000141   059003.000257          1.0000  cm-1
36907.680    0.041      1766.110          059003.000159   059003.000270          1.0000  cm-1
36895.801    0.395      3499.604          059003.000125   059003.000221          0.8089  cm-1
36895.801    0.395      3499.604          059003.000224   059003.000327          0.1911  cm-1
36893.132    0.041      6984.577          059003.000132   059003.000234          1.0000  cm-1
36887.621    0.395      5215.806          059003.000165   059003.000275          1.0000  cm-1
36887.621    0.395      5215.806          059003.000105   059003.000199 P        0.0000  cm-1
36885.350    0.095      69419.901         059003.000129   059003.000226          1.0000  cm-1
36879.292    0.095      15545.028         059003.000080   059003.000195          1.0000  cm-1
36875.869    0.381      6890.232          059003.000134   059003.000239          1.0000  cm-1
36875.869    0.381      6890.232          059003.000253   059003.000550 P        0.0000  cm-1
36868.400    0.041      3424.779          059003.000097   059003.000198          1.0000  cm-1
36868.400    0.041      3424.779          059003.000454   059003.000568 P        0.0000  cm-1
36866.251    0.041      8547.337          059003.000163   059003.000274          1.0000  cm-1
36863.209    0.095      15348.015         059003.000080   059003.000194          1.0000  cm-1
36859.781    0.041      1700.682          059003.000162   059003.000273          1.0000  cm-1
36857.010    0.041      3393.850          059003.000147   059003.000265          1.0000  cm-1
36855.380    0.041      8473.579          059003.000120   059003.000215          1.0000  cm-1
36833.560    0.095      6661.005          059003.000226   059003.000328          1.0000  cm-1
36833.560    0.095      6661.005          059003.000258   059003.000347 P        0.0000  cm-1
36815.279    0.041      1640.719          059003.000219   059003.000323          1.0000  cm-1
36808.701    0.041      8159.632          059003.000171   059003.000441          1.0000  cm-1
36773.880    0.095      4757.103          059003.000455   059003.000570          1.0000  cm-1
36772.011    0.095      31664.711         059003.000096   059003.000197          1.0000  cm-1
36770.649    0.095      12651.517         059003.000120   059003.000213          1.0000  cm-1
36768.820    0.095      4737.090          059003.000098   059003.000198          1.0000  cm-1
36752.641    0.041      7788.877          059003.000137   059003.000434          1.0000  cm-1
36748.291    0.095      1552.082          059003.000230   059003.000332          1.0000  cm-1
36744.510    0.041      4641.422          059003.000242   059003.000339          1.0000  cm-1
36739.270    0.095      12322.430         059003.000081   059003.000194          1.0000  cm-1
36724.641    0.094      13691.556         059003.000179   059003.000292          1.0000  cm-1
36704.482    0.040      4485.737          059003.000431   059003.000542 P        0.0000  cm-1
36699.448    0.094      148877.580        059003.000113   059003.000206          1.0000  cm-1
36680.810    0.040      2929.855          059003.000227   059003.000328 P        0.0000  cm-1
36667.319    0.100      8686.648          059003.000130   059003.000224          1.0000  cm-1
36659.421    0.094      12939.996         059003.000129   059003.000223          1.0000  cm-1
36647.542    0.094      1422.800          059003.000183   059003.000293 P        0.0000  cm-1
36641.621    0.040      1415.362          059003.000130   059003.000222          1.0000  cm-1
36638.939    0.094      11295.991         059003.000082   059003.000195          0.7093  cm-1
36638.939    0.094      11295.991         059003.000209   059003.000541          0.2907  cm-1
36630.130    0.094      12608.826         059003.000119   059003.000211          1.0000  cm-1
36622.962    0.040      9744.314          059003.000306   059003.000570 P        0.0000  cm-1
36622.962    0.040      9744.314          059003.000082   059003.000194          1.0000  cm-1
36615.720    0.040      4149.138          059003.000457   059003.000593 P        0.0000  cm-1
36615.720    0.040      4149.138          059003.000457   059003.000592 P        0.0000  cm-1
36615.720    0.040      4149.138          059003.000167   059003.000276          1.0000  cm-1
36613.538    0.040      1380.340          059003.000212   059003.000315          1.0000  cm-1
36599.719    0.040      1363.261          059003.000163   059003.000272 P        0.0000  cm-1
36583.482    0.040      9403.292          059003.000114   059003.000206          1.0000  cm-1
36579.641    0.094      1338.634          059003.000125   059003.000220 P        0.0000  cm-1
36579.641    0.094      1338.634          059003.000250   059003.000341          1.0000  cm-1
36575.240    0.094      11999.388         059003.000126   059003.000221          0.5811  cm-1
36575.240    0.094      11999.388         059003.000099   059003.000197          0.4189  cm-1
36569.020    0.040      3977.088          059003.000106   059003.000199          1.0000  cm-1
36567.938    0.094      1324.383          059003.000146   059003.000262          1.0000  cm-1
36567.938    0.094      1324.383          059003.000308   059003.000571 P        0.0000  cm-1
36567.938    0.094      1324.383          059003.000165   059003.000272 P        0.0000  cm-1
36560.700    0.040      10524.851         059003.000186   059003.000302          1.0000  cm-1
36546.881    0.040      10391.456         059003.000083   059003.000194          1.0000  cm-1
36546.881    0.040      10391.456         059003.000123   059003.000213 P        0.0000  cm-1
36543.541    0.040      2589.837          059003.000132   059003.000237          1.0000  cm-1
36537.062    0.093      1287.151          059003.000248   059003.000545 P        0.0000  cm-1
36504.260    0.040      7489.174          059003.000212   059003.000314          1.0000  cm-1
36468.760    0.093      1206.745          059003.000226   059003.000326          0.1908  cm-1
36468.760    0.093      1206.745          059003.000259   059003.000347 P        0.0000  cm-1
36468.760    0.093      1206.745          059003.000225   059003.000324          0.8092  cm-1
36463.440    0.040      4802.391          059003.000114   059003.000205          1.0000  cm-1
36454.799    0.040      8334.545          059003.000119   059003.000210          1.0000  cm-1
36454.799    0.040      8334.545          059003.000309   059003.000571 P        0.0000  cm-1
36440.260    0.040      1174.012          059003.000114   059003.000204 P        0.0000  cm-1
36440.260    0.040      1174.012          059003.000168   059003.000274          1.0000  cm-1
36437.750    0.093      10540.372         059003.000119   059003.000209          1.0000  cm-1
36436.620    0.040      10528.803         059003.000120   059003.000212          1.0000  cm-1
36436.620    0.040      10528.803         059003.000034   059003.000182 P        0.0000  cm-1
36424.540    0.040      4624.669          059003.000135   059003.000238          1.0000  cm-1
36417.909    0.385      5743.422          059003.000084   059003.000195          0.1720  cm-1
36417.909    0.385      5743.422          059003.000125   059003.000217          0.8280  cm-1
36411.221    0.385      4564.661          059003.000127   059003.000221          1.0000  cm-1
36411.221    0.385      4564.661          059003.000214   059003.000316 P        0.0000  cm-1
36402.539    0.040      7920.121          059003.000324   059003.000536 P        0.0000  cm-1
36402.539    0.040      7920.121          059003.000185   059003.000449          1.0000  cm-1
36323.159    0.040      3134.257          059003.000108   059003.000199          1.0000  cm-1
36323.159    0.040      3134.257          059003.000314   059003.000529 P        0.0000  cm-1
36321.611    0.040      5215.508          059003.000099   059003.000196          1.0000  cm-1
36316.372    0.092      5187.623          059003.000121   059003.000211          1.0000  cm-1
36287.310    0.092      3020.723          059003.000226   059003.000324          1.0000  cm-1
36277.710    0.039      1993.827          059003.000258   059003.000346 P        0.0000  cm-1
36258.899    0.381      7820.009          059003.000173   059003.000439 P        0.0000  cm-1
36258.899    0.381      7820.009          059003.000237   059003.000329 P        0.0000  cm-1
36258.899    0.381      7820.009          059003.000126   059003.000220          1.0000  cm-1
36245.341    0.381      5781.917          059003.000230   059003.000328 P        0.0000  cm-1
36245.341    0.381      5781.917          059003.000134   059003.000235          1.0000  cm-1
36245.341    0.381      5781.917          059003.000247   059003.000336 P        0.0000  cm-1
36230.189    0.039      1896.633          059003.000132   059003.000230          1.0000  cm-1
36219.302    0.381      7499.119          059003.000541   059003.000526 P        0.0000  cm-1
36219.302    0.381      7499.119          059003.000141   059003.000255          1.0000  cm-1
36213.089    0.092      8380.699          059003.000315   059003.000529 P        0.0000  cm-1
36213.089    0.092      8380.699          059003.000120   059003.000210          1.0000  cm-1
36213.089    0.092      8380.699          059003.000123   059003.000212 P        0.0000  cm-1
36205.321    0.039      2770.415          059003.000176   059003.000440          1.0000  cm-1
36194.929    0.039      4566.048          059003.000215   059003.000315 P        0.0000  cm-1
36193.290    0.092      5469.583          059003.000150   059003.000265 P        0.0000  cm-1
36150.119    0.039      6088.386          059003.000151   059003.000264          1.0000  cm-1
36145.609    0.039      1730.942          059003.000114   059003.000203          1.0000  cm-1
36144.470    0.039      5186.326          059003.000126   059003.000219          1.0000  cm-1
36136.472    0.091      7711.226          059003.000128   059003.000431 P        0.0000  cm-1
36136.472    0.091      7711.226          059003.000126   059003.000218          1.0000  cm-1
36131.120    0.039      2555.255          059003.000152   059003.000265          1.0000  cm-1
36116.569    0.039      1676.225          059003.000149   059003.000260 P        0.0000  cm-1
36093.172    0.378      4082.383          059003.000235   059003.000330 P        0.0000  cm-1
36093.172    0.378      4082.383          059003.000148   059003.000259 P        0.0000  cm-1
36093.172    0.378      4082.383          059003.000127   059003.000220 P        0.0000  cm-1
36093.172    0.378      4082.383          059003.000119   059003.000208          0.2302  cm-1
36093.172    0.378      4082.383          059003.000085   059003.000195          0.7698  cm-1
36093.172    0.378      4082.383          059003.000220   059003.000319 P        0.0000  cm-1
36087.311    0.039      3244.453          059003.000131   059003.000223          1.0000  cm-1
36058.679    0.039      7067.167          059003.000186   059003.000449          1.0000  cm-1
36029.191    0.039      3036.649          059003.000172   059003.000277          1.0000  cm-1
36028.078    0.039      4549.138          059003.000130   059003.000221          1.0000  cm-1
36012.699    0.039      2979.313          059003.000432   059003.000542 P        0.0000  cm-1
36012.699    0.039      2979.313          059003.000257   059003.000552          1.0000  cm-1
36008.300    0.039      2964.142          059003.000324   059003.000535 P        0.0000  cm-1
36008.300    0.039      2964.142          059003.000327   059003.000536 P        0.0000  cm-1
36008.300    0.039      2964.142          059003.000185   059003.000447          1.0000  cm-1
36002.970    0.376      736.457           059003.000133   059003.000230          1.0000  cm-1
36001.169    0.376      5144.402          059003.000125   059003.000216          1.0000  cm-1
36001.169    0.376      5144.402          059003.000149   059003.000259 P        0.0000  cm-1
35989.062    0.039      1449.196          059003.000123   059003.000210          1.0000  cm-1
35985.659    0.039      1443.433          059003.000135   059003.000235          1.0000  cm-1
35980.631    0.376      2152.416          059003.000127   059003.000219          1.0000  cm-1
35980.631    0.376      2152.416          059003.000215   059003.000541 P        0.0000  cm-1
35972.569    0.091      3553.507          059003.000127   059003.000218 P        0.0000  cm-1
35969.770    0.500      3541.806          059003.000217   059003.000317 P        0.0000  cm-1
35969.770    0.500      3541.806          059003.000165   059003.000437          1.0000  cm-1
35969.770    0.500      3541.806          059003.000220   059003.000318 P        0.0000  cm-1
35969.770    0.500      3541.806          059003.000114   059003.000202 P        0.0000  cm-1
35925.179    0.039      1343.539          059003.000325   059003.000534 P        0.0000  cm-1
35925.179    0.039      1343.539          059003.000163   059003.000436          1.0000  cm-1
35924.092    0.039      1341.786          059003.000170   059003.000273          1.0000  cm-1
35906.960    0.039      657.194           059003.000324   059003.000533 P        0.0000  cm-1
35906.960    0.039      657.194           059003.000172   059003.000276          1.0000  cm-1
35870.630    0.039      4401.457          059003.000177   059003.000442          1.0000  cm-1
35794.499    0.090      5148.115          059003.000135   059003.000237          1.0000  cm-1
35794.499    0.090      5148.115          059003.000326   059003.000534 P        0.0000  cm-1
35765.379    0.090      4961.552          059003.000139   059003.000246          1.0000  cm-1
35730.251    0.370      526.992           059003.000224   059003.000322          0.0281  cm-1
35730.251    0.370      526.992           059003.000148   059003.000258          0.9719  cm-1
35671.789    0.100      9347.370          059003.000167   059003.000437 P        0.0000  cm-1
35671.789    0.100      9347.370          059003.000141   059003.000251          1.0000  cm-1
35664.409    0.038      3132.427          059003.000186   059003.000447          1.0000  cm-1
35646.450    0.038      2115.430          059003.000087   059003.000195          1.0000  cm-1
35646.450    0.038      2115.430          059003.000317   059003.000526 P        0.0000  cm-1
35631.711    0.089      7482.565          059003.000231   059003.000325 P        0.0000  cm-1
35631.711    0.089      7482.565          059003.000106   059003.000197          1.0000  cm-1
35602.110    0.038      4366.815          059003.000129   059003.000219          1.0000  cm-1
35598.158    0.038      6568.597          059003.000135   059003.000231          1.0000  cm-1
35553.240    0.038      1129.948          059003.000276   059003.000562          1.0000  cm-1
35544.971    0.088      10228.491         059003.000139   059003.000242          1.0000  cm-1
35529.438    0.038      1148.868          059003.000266   059003.000348          1.0000  cm-1
35514.982    0.038      6962.725          059003.000126   059003.000215          1.0000  cm-1
35462.072    0.088      2406.911          059003.000175   059003.000274          1.0000  cm-1
35458.830    0.088      2412.242          059003.000160   059003.000267          1.0000  cm-1
35414.802    0.088      11183.944         059003.000332   059003.000537 P        0.0000  cm-1
35414.802    0.088      11183.944         059003.000133   059003.000226          1.0000  cm-1
35410.629    0.364      3738.470          059003.000163   059003.000270          1.0000  cm-1
35410.629    0.364      3738.470          059003.000088   059003.000194 P        0.0000  cm-1
35410.629    0.364      3738.470          059003.000176   059003.000275 P        0.0000  cm-1
35378.149    0.038      8914.942          059003.000106   059003.000196          1.0000  cm-1
35361.808    0.088      2574.962          059003.000328   059003.000533 P        0.0000  cm-1
35354.429    0.038      3881.381          059003.000153   059003.000265          1.0000  cm-1
35350.462    0.088      11674.755         059003.000127   059003.000215          1.0000  cm-1
35338.109    0.037      3923.453          059003.000140   059003.000435 P        0.0000  cm-1
35338.109    0.037      3923.453          059003.000153   059003.000264          1.0000  cm-1
35327.769    0.362      2633.493          059003.000142   059003.000250          1.0000  cm-1
35327.769    0.362      2633.493          059003.000155   059003.000264 P        0.0000  cm-1
35310.971    0.037      2662.648          059003.000175   059003.000273          1.0000  cm-1
35261.801    0.037      4123.503          059003.000114   059003.000199          1.0000  cm-1
35260.698    0.037      6877.389          059003.000180   059003.000288          1.0000  cm-1
35250.628    0.037      1384.416          059003.000257   059003.000342          1.0000  cm-1
35233.570    0.087      12596.647         059003.000133   059003.000225          1.0000  cm-1
35226.358    0.500      2812.168          059003.000265   059003.000555 P        0.0000  cm-1
35220.001    0.100      9882.527          059003.000150   059003.000258          1.0000  cm-1
35193.658    0.037      2871.117          059003.000125   059003.000210 P        0.0000  cm-1
35188.811    0.087      11519.636         059003.000133   059003.000223          1.0000  cm-1
35178.350    0.037      11595.722         059003.000120   059003.000205          1.0000  cm-1
35176.901    0.100      29015.708         059003.000125   059003.000209          1.0000  cm-1
35158.730    0.087      1467.389          059003.000115   059003.000200          1.0000  cm-1
35102.461    0.037      1519.403          059003.000255   059003.000336          1.0000  cm-1
35101.440    0.037      1520.356          059003.000331   059003.000535 P        0.0000  cm-1
35096.179    0.037      10676.858         059003.000126   059003.000212          1.0000  cm-1
35094.429    0.086      3053.800          059003.000333   059003.000537 P        0.0000  cm-1
35094.429    0.086      3053.800          059003.000154   059003.000263          1.0000  cm-1
35094.429    0.086      3053.800          059003.000248   059003.000334 P        0.0000  cm-1
35077.692    0.100      7712.900          059003.000141   059003.000247          1.0000  cm-1
35077.692    0.100      7712.900          059003.000191   059003.000451 P        0.0000  cm-1
35074.972    0.086      3090.270          059003.000330   059003.000534 P        0.0000  cm-1
35066.080    0.086      1553.503          059003.000331   059003.000534 P        0.0000  cm-1
35066.080    0.086      1553.503          059003.000156   059003.000263 P        0.0000  cm-1
35059.131    0.100      9360.340          059003.000141   059003.000246          1.0000  cm-1
35047.999    0.037      4711.749          059003.000126   059003.000211          1.0000  cm-1
35037.459    0.500      4741.738          059003.000234   059003.000324 P        0.0000  cm-1
35037.459    0.500      4741.738          059003.000333   059003.000536 P        0.0000  cm-1
34984.788    0.037      4892.900          059003.000168   059003.000270          1.0000  cm-1
34982.900    0.037      6531.144          059003.000158   059003.000265          1.0000  cm-1
34966.601    0.086      1648.528          059003.000158   059003.000264          1.0000  cm-1
34954.351    0.037      4981.208          059003.000123   059003.000205          1.0000  cm-1
34952.130    0.086      8312.801          059003.000129   059003.000214          0.5314  cm-1
34952.130    0.086      8312.801          059003.000153   059003.000262          0.4686  cm-1
34940.539    0.100      11716.850         059003.000134   059003.000224          1.0000  cm-1
34931.880    0.085      15140.513         059003.000261   059003.000553 P        0.0000  cm-1
34931.880    0.085      15140.513         059003.000127   059003.000212          1.0000  cm-1
34926.912    0.500      1687.133          059003.000134   059003.000223 P        0.0000  cm-1
34926.912    0.500      1687.133          059003.000256   059003.000337          1.0000  cm-1
34926.912    0.500      1687.133          059003.000323   059003.000528 P        0.0000  cm-1
34911.499    0.500      11915.574         059003.000192   059003.000453          1.0000  cm-1
34911.499    0.500      11915.574         059003.000232   059003.000542 P        0.0000  cm-1
34911.499    0.500      11915.574         059003.000144   059003.000253 P        0.0000  cm-1
34911.499    0.500      11915.574         059003.000115   059003.000199 P        0.0000  cm-1
34911.499    0.500      11915.574         059003.000439   059003.000561 P        0.0000  cm-1
34911.499    0.500      11915.574         059003.000250   059003.000334 P        0.0000  cm-1
34908.131    0.100      6822.120          059003.000141   059003.000244          1.0000  cm-1
34895.999    0.037      8587.290          059003.000153   059003.000261          1.0000  cm-1
34887.812    0.037      5176.579          059003.000129   059003.000213          1.0000  cm-1
34883.480    0.085      6919.203          059003.000127   059003.000211          1.0000  cm-1
34883.480    0.085      6919.203          059003.000260   059003.000551 P        0.0000  cm-1
34861.890    0.353      12258.190         059003.000145   059003.000255          1.0000  cm-1
34861.890    0.353      12258.190         059003.000120   059003.000203 P        0.0000  cm-1
34854.539    0.500      8792.346          059003.000038   059003.000182 P        0.0000  cm-1
34854.539    0.500      8792.346          059003.000145   059003.000254 P        0.0000  cm-1
34854.539    0.500      8792.346          059003.000224   059003.000317 P        0.0000  cm-1
34832.712    0.100      16021.887         059003.000125   059003.000208          1.0000  cm-1
34832.712    0.100      16021.887         059003.000142   059003.000245 P        0.0000  cm-1
34826.018    0.036      1786.896          059003.000173   059003.000437          1.0000  cm-1
34757.549    0.085      1855.816          059003.000251   059003.000334 P        0.0000  cm-1
34756.389    0.036      12998.940         059003.000111   059003.000196          1.0000  cm-1
34733.420    0.084      1880.316          059003.000155   059003.000259          1.0000  cm-1
34733.420    0.084      1880.316          059003.000320   059003.000521 P        0.0000  cm-1
34715.619    0.084      15187.658         059003.000179   059003.000286          1.0000  cm-1
34708.241    0.084      7623.971          059003.000127   059003.000210          1.0000  cm-1
34686.978    0.084      13494.318         059003.000148   059003.000256          1.0000  cm-1
34686.978    0.084      13494.318         059003.000179   059003.000285 P        0.0000  cm-1
34686.978    0.084      13494.318         059003.000264   059003.000343 P        0.0000  cm-1
34682.341    0.036      13527.616         059003.000120   059003.000202          1.0000  cm-1
34680.512    0.036      15475.154         059003.000135   059003.000224          1.0000  cm-1
34671.700    0.084      11660.679         059003.000142   059003.000243          0.3906  cm-1
34671.700    0.084      11660.679         059003.000142   059003.000433          0.6094  cm-1
34651.870    0.100      11783.159         059003.000165   059003.000267          1.0000  cm-1
34636.540    0.084      9898.411          059003.000123   059003.000203          1.0000  cm-1
34626.979    0.100      3979.134          059003.000140   059003.000240          1.0000  cm-1
34625.158    0.036      11948.707         059003.000095   059003.000194          1.0000  cm-1
34625.158    0.036      11948.707         059003.000455   059003.000568 P        0.0000  cm-1
34605.418    0.084      12071.434         059003.000145   059003.000253          1.0000  cm-1
34605.418    0.084      12071.434         059003.000333   059003.000534 P        0.0000  cm-1
34581.859    0.084      4072.771          059003.000167   059003.000268          1.0000  cm-1
34581.859    0.084      4072.771          059003.000161   059003.000266 P        0.0000  cm-1
34554.832    0.084      18580.995         059003.000181   059003.000289          1.0000  cm-1
34553.841    0.036      6196.767          059003.000129   059003.000212          1.0000  cm-1
34524.440    0.036      4192.659          059003.000158   059003.000261          1.0000  cm-1
34521.009    0.036      6299.769          059003.000137   059003.000228 P        0.0000  cm-1
34521.009    0.036      6299.769          059003.000175   059003.000436          1.0000  cm-1
34506.188    0.036      6346.376          059003.000097   059003.000194          1.0000  cm-1
34500.780    0.036      8484.533          059003.000315   059003.000520 P        0.0000  cm-1
34500.780    0.036      8484.533          059003.000130   059003.000211          1.0000  cm-1
34489.221    0.083      2133.270          059003.000457   059003.000583 P        0.0000  cm-1
34489.221    0.083      2133.270          059003.000158   059003.000260          1.0000  cm-1
34476.889    0.036      4292.462          059003.000226   059003.000316 P        0.0000  cm-1
34474.521    0.036      10743.609         059003.000306   059003.000568          1.0000  cm-1
34466.799    0.036      10784.232         059003.000144   059003.000250          1.0000  cm-1
34466.799    0.036      10784.232         059003.000457   059003.000581 P        0.0000  cm-1
34463.291    0.083      4321.077          059003.000457   059003.000580 P        0.0000  cm-1
34463.291    0.083      4321.077          059003.000180   059003.000285          1.0000  cm-1
34463.291    0.083      4321.077          059003.000457   059003.000579 P        0.0000  cm-1
34458.258    0.036      12995.026         059003.000123   059003.000202 P        0.0000  cm-1
34458.258    0.036      12995.026         059003.000144   059003.000249          1.0000  cm-1
34406.941    0.036      4439.942          059003.000257   059003.000336 P        0.0000  cm-1
34406.491    0.036      4440.893          059003.000098   059003.000194          0.4829  cm-1
34406.491    0.036      4440.893          059003.000146   059003.000253          0.5171  cm-1
34404.230    0.100      11114.174         059003.000141   059003.000239          1.0000  cm-1
34400.528    0.036      11133.736         059003.000131   059003.000215          1.0000  cm-1
34398.501    0.036      2228.890          059003.000223   059003.000314 P        0.0000  cm-1
34395.482    0.083      4464.162          059003.000313   059003.000421          0.0338  cm-1
34395.482    0.083      4464.162          059003.000148   059003.000255          0.9662  cm-1
34359.441    0.035      13621.254         059003.000132   059003.000219          1.0000  cm-1
34357.361    0.083      6817.230          059003.000143   059003.000434 P        0.0000  cm-1
34357.361    0.083      6817.230          059003.000182   059003.000288 P        0.0000  cm-1
34351.401    0.035      18229.770         059003.000132   059003.000218          1.0000  cm-1
34346.978    0.083      159838.309        059003.000127   059003.000208          1.0000  cm-1
34337.951    0.083      13757.798         059003.000245   059003.000327 P        0.0000  cm-1
34333.319    0.083      114893.647        059003.000189   059003.000301          1.0000  cm-1
34308.399    0.035      13945.674         059003.000130   059003.000209          1.0000  cm-1
34308.399    0.035      13945.674         059003.000316   059003.000520 P        0.0000  cm-1
34305.360    0.082      23274.998         059003.000222   059003.000541 P        0.0000  cm-1
34305.360    0.082      23274.998         059003.000142   059003.000240          1.0000  cm-1
34301.289    0.100      233181.468        059003.000335   059003.000537 P        0.0000  cm-1
34301.289    0.100      233181.468        059003.000134   059003.000221          1.0000  cm-1
34284.841    0.035      14095.495         059003.000128   059003.000207          1.0000  cm-1
34281.362    0.082      21176.441         059003.000144   059003.000248          1.0000  cm-1
34218.449    0.035      16937.261         059003.000231   059003.000319 P        0.0000  cm-1
34218.449    0.035      16937.261         059003.000119   059003.000199          1.0000  cm-1
34181.991    0.082      4916.402          059003.000187   059003.000447          1.0000  cm-1
34161.519    0.082      17358.928         059003.000145   059003.000250          1.0000  cm-1
34156.279    0.035      17397.687         059003.000144   059003.000435 P        0.0000  cm-1
34149.602    0.082      4984.874          059003.000151   059003.000256          1.0000  cm-1
34144.121    0.035      2498.224          059003.000317   059003.000520 P        0.0000  cm-1
34139.960    0.035      10010.468         059003.000148   059003.000253          1.0000  cm-1
34131.521    0.082      50230.446         059003.000133   059003.000219          1.0000  cm-1
34123.191    0.082      2520.307          059003.000133   059003.000218 P        0.0000  cm-1
34117.472    0.082      126316.783        059003.000148   059003.000252          1.0000  cm-1
34113.739    0.035      17711.885         059003.000146   059003.000251          1.0000  cm-1
34094.498    0.035      7651.581          059003.000231   059003.000318 P        0.0000  cm-1
34090.869    0.081      2554.344          059003.000268   059003.000558 P        0.0000  cm-1
34090.869    0.081      2554.344          059003.000185   059003.000293          1.0000  cm-1
34075.202    0.035      2570.810          059003.000160   059003.000265          1.0000  cm-1
34058.860    0.035      15527.759         059003.000160   059003.000264          1.0000  cm-1
34056.932    0.100      51799.631         059003.000140   059003.000236          1.0000  cm-1
34046.681    0.100      18205.063         059003.000149   059003.000253          1.0000  cm-1
34042.649    0.500      7814.835          059003.000037   059003.000180 P        0.0000  cm-1
34042.649    0.500      7814.835          059003.000039   059003.000181 P        0.0000  cm-1
34042.649    0.500      7814.835          059003.000188   059003.000448          0.9044  cm-1
34042.649    0.500      7814.835          059003.000187   059003.000298          0.0956  cm-1
34042.649    0.500      7814.835          059003.000135   059003.000221 P        0.0000  cm-1
34035.992    0.035      13059.555         059003.000144   059003.000434          0.3431  cm-1
34035.992    0.035      13059.555         059003.000138   059003.000228          0.6569  cm-1
33993.301    0.081      18595.196         059003.000191   059003.000302          1.0000  cm-1
33975.618    0.081      187238.546        059003.000139   059003.000230          1.0000  cm-1
33972.140    0.081      24106.014         059003.000144   059003.000245          1.0000  cm-1
33962.599    0.035      5376.680          059003.000146   059003.000250          1.0000  cm-1
33935.690    0.035      10864.664         059003.000252   059003.000331 P        0.0000  cm-1
33935.690    0.035      10864.664         059003.000337   059003.000536 P        0.0000  cm-1
33934.582    0.081      5434.619          059003.000190   059003.000449 P        0.0000  cm-1
33933.538    0.081      21747.087         059003.000131   059003.000211          1.0000  cm-1
33932.398    0.100      21756.495         059003.000141   059003.000234          1.0000  cm-1
33884.669    0.333      24917.276         059003.000150   059003.000255          1.0000  cm-1
33884.669    0.333      24917.276         059003.000267   059003.000556 P        0.0000  cm-1
33884.669    0.333      24917.276         059003.000055   059003.000188 P        0.0000  cm-1
33884.669    0.333      24917.276         059003.000258   059003.000337 P        0.0000  cm-1
33882.809    0.034      2770.488          059003.000338   059003.000537 P        0.0000  cm-1
33874.001    0.500      11117.943         059003.000172   059003.000269 P        0.0000  cm-1
33874.001    0.500      11117.943         059003.000172   059003.000268 P        0.0000  cm-1
33870.501    0.100      25047.512         059003.000134   059003.000219          1.0000  cm-1
33862.599    0.100      16746.661         059003.000437   059003.000348 P        0.0000  cm-1
33862.599    0.100      16746.661         059003.000134   059003.000218          1.0000  cm-1
33857.770    0.080      25164.229         059003.000262   059003.000340 P        0.0000  cm-1
33857.770    0.080      25164.229         059003.000151   059003.000255          1.0000  cm-1
33847.280    0.080      196467.976        059003.000148   059003.000251          1.0000  cm-1
33837.979    0.080      253450.633        059003.000126   059003.000205          1.0000  cm-1
33820.179    0.034      14170.588         059003.000338   059003.000536 P        0.0000  cm-1
33818.098    0.034      2836.217          059003.000152   059003.000254 P        0.0000  cm-1
33814.860    0.034      11357.932         059003.000126   059003.000204          1.0000  cm-1
33811.419    0.034      56859.005         059003.000335   059003.000534 P        0.0000  cm-1
33811.419    0.034      56859.005         059003.000144   059003.000243          0.2274  cm-1
33811.419    0.034      56859.005         059003.000144   059003.000433          0.7726  cm-1
33783.742    0.034      8612.210          059003.000179   059003.000281 P        0.0000  cm-1
33777.149    0.080      23018.630         059003.000032   059003.000156 P        0.0000  cm-1
33777.149    0.080      23018.630         059003.000146   059003.000248          1.0000  cm-1
33766.832    0.080      8662.867          059003.000238   059003.000321 P        0.0000  cm-1
33766.832    0.080      8662.867          059003.000320   059003.000520 P        0.0000  cm-1
33766.832    0.080      8662.867          059003.000143   059003.000240          1.0000  cm-1
33766.832    0.080      8662.867          059003.000234   059003.000320 P        0.0000  cm-1
33763.118    0.100      86739.614         059003.000188   059003.000299          1.0000  cm-1
33758.180    0.080      26066.101         059003.000131   059003.000210          1.0000  cm-1
33739.360    0.034      5829.796          059003.000154   059003.000257          1.0000  cm-1
33735.281    0.080      58378.606         059003.000142   059003.000236          1.0000  cm-1
33724.780    0.080      23434.340         059003.000135   059003.000220          1.0000  cm-1
33718.692    0.080      264175.708        059003.000145   059003.000247          1.0000  cm-1
33709.658    0.080      26497.437         059003.000132   059003.000214          1.0000  cm-1
33687.450    0.034      17795.258         059003.000314   059003.000513 P        0.0000  cm-1
33673.438    0.080      446925.408        059003.000127   059003.000205          1.0000  cm-1
33666.870    0.080      238869.602        059003.000145   059003.000245          1.0000  cm-1
33663.289    0.100      119573.439        059003.000125   059003.000202          1.0000  cm-1
33650.981    0.328      21008.528         059003.000146   059003.000435 P        0.0000  cm-1
33650.981    0.328      21008.528         059003.000127   059003.000204          1.0000  cm-1
33645.140    0.079      24054.730         059003.000132   059003.000213          1.0000  cm-1
33629.489    0.328      24174.823         059003.000150   059003.000253          1.0000  cm-1
33616.768    0.079      27305.957         059003.000268   059003.000555 P        0.0000  cm-1
33616.768    0.079      27305.957         059003.000160   059003.000261          1.0000  cm-1
33604.630    0.100      27409.783         059003.000140   059003.000233          1.0000  cm-1
33602.551    0.034      24380.021         059003.000151   059003.000253          1.0000  cm-1
33602.551    0.034      24380.021         059003.000135   059003.000218 P        0.0000  cm-1
33594.182    0.100      61108.425         059003.000316   059003.000517 P        0.0000  cm-1
33594.182    0.100      61108.425         059003.000149   059003.000249          1.0000  cm-1
33588.430    0.080      122434.028        059003.000182   059003.000286          1.0000  cm-1
33588.430    0.080      122434.028        059003.000264   059003.000341 P        0.0000  cm-1
33582.640    0.100      459945.444        059003.000141   059003.000237          1.0000  cm-1
33580.361    0.080      460266.971        059003.000142   059003.000235          1.0000  cm-1
33580.361    0.080      460266.971        059003.000151   059003.000252 P        0.0000  cm-1
33559.562    0.080      27791.285         059003.000182   059003.000285          1.0000  cm-1
33554.482    0.034      18555.920         059003.000336   059003.000533 P        0.0000  cm-1
33549.562    0.327      24777.828         059003.000145   059003.000244          1.0000  cm-1
33549.562    0.327      24777.828         059003.000235   059003.000317 P        0.0000  cm-1
33549.562    0.327      24777.828         059003.000234   059003.000318 P        0.0000  cm-1
33541.211    0.080      1552486.475       059003.000139   059003.000227          1.0000  cm-1
33540.698    0.100      15527.241         059003.000337   059003.000535 P        0.0000  cm-1
33540.698    0.100      15527.241         059003.000190   059003.000447          1.0000  cm-1
33533.741    0.500      18671.273         059003.000229   059003.000541 P        0.0000  cm-1
33533.741    0.500      18671.273         059003.000183   059003.000444          1.0000  cm-1
33530.078    0.080      28037.316         059003.000161   059003.000264          1.0000  cm-1
33528.649    0.100      311657.417        059003.000140   059003.000232          1.0000  cm-1
33522.108    0.100      28103.324         059003.000183   059003.000285          1.0000  cm-1
33520.081    0.326      468667.934        059003.000126   059003.000203          0.4254  cm-1
33520.081    0.326      468667.934        059003.000146   059003.000247          0.5746  cm-1
33510.631    0.080      28197.985         059003.000148   059003.000248          1.0000  cm-1
33506.109    0.080      125489.615        059003.000145   059003.000243          0.0505  cm-1
33506.109    0.080      125489.615        059003.000145   059003.000433          0.9495  cm-1
33506.109    0.080      125489.615        059003.000337   059003.000534 P        0.0000  cm-1
33501.999    0.080      28268.885         059003.000328   059003.000527 P        0.0000  cm-1
33501.999    0.080      28268.885         059003.000133   059003.000215          1.0000  cm-1
33491.888    0.079      15750.886         059003.000324   059003.000522 P        0.0000  cm-1
33487.230    0.079      18926.383         059003.000321   059003.000520 P        0.0000  cm-1
33481.891    0.080      1579611.909       059003.000133   059003.000214          1.0000  cm-1
33467.949    0.078      28545.953         059003.000231   059003.000314 P        0.0000  cm-1
33467.949    0.078      28545.953         059003.000146   059003.000245          1.0000  cm-1
33446.910    0.078      9571.677          059003.000310   059003.000570 P        0.0000  cm-1
33445.188    0.078      63841.759         059003.000144   059003.000240          1.0000  cm-1
33445.188    0.078      63841.759         059003.000316   059003.000514 P        0.0000  cm-1
33417.350    0.080      64332.773         059003.000149   059003.000248          0.1392  cm-1
33417.350    0.080      64332.773         059003.000133   059003.000213          0.8608  cm-1
33415.561    0.034      25745.638         059003.000129   059003.000206          1.0000  cm-1
33415.561    0.034      25745.638         059003.000546   059003.000537 P        0.0000  cm-1
33401.329    0.033      12922.461         059003.000190   059003.000298          1.0000  cm-1
33388.152    0.080      64840.521         059003.000340   059003.000536 P        0.0000  cm-1
33388.152    0.080      64840.521         059003.000139   059003.000226          1.0000  cm-1
33381.758    0.033      22732.745         059003.000316   059003.000513 P        0.0000  cm-1
33381.758    0.033      22732.745         059003.000119   059003.000198          1.0000  cm-1
33373.562    0.078      29291.122         059003.000317   059003.000515 P        0.0000  cm-1
33373.562    0.078      29291.122         059003.000317   059003.000516 P        0.0000  cm-1
33370.032    0.033      9772.769          059003.000106   059003.000194          1.0000  cm-1
33367.519    0.033      3259.737          059003.000267   059003.000344 P        0.0000  cm-1
33355.681    0.080      490471.350        059003.000127   059003.000203          1.0000  cm-1
33350.062    0.033      22921.976         059003.000146   059003.000244          1.0000  cm-1
33341.910    0.033      29533.000         059003.000126   059003.000202          1.0000  cm-1
33337.051    0.100      229987.027        059003.000186   059003.000445 P        0.0000  cm-1
33337.051    0.100      229987.027        059003.000150   059003.000251          1.0000  cm-1
33318.510    0.100      495151.561        059003.000125   059003.000201          1.0000  cm-1
33311.171    0.078      19842.556         059003.000040   059003.000181 P        0.0000  cm-1
33311.171    0.078      19842.556         059003.000132   059003.000212          1.0000  cm-1
33309.792    0.033      13232.928         059003.000151   059003.000251          1.0000  cm-1
33309.792    0.033      13232.928         059003.000326   059003.000522 P        0.0000  cm-1
33307.210    0.078      66207.285         059003.000156   059003.000256 P        0.0000  cm-1
33307.210    0.078      66207.285         059003.000146   059003.000243          0.3205  cm-1
33307.210    0.078      66207.285         059003.000146   059003.000433          0.6795  cm-1
33300.241    0.078      6632.203          059003.000163   059003.000265          0.8836  cm-1
33300.241    0.078      6632.203          059003.000331   059003.000529          0.1164  cm-1
33295.571    0.078      29879.395         059003.000129   059003.000205          1.0000  cm-1
33292.049    0.078      33228.157         059003.000339   059003.000533 P        0.0000  cm-1
33292.049    0.078      33228.157         059003.000149   059003.000435 P        0.0000  cm-1
33288.080    0.080      498908.535        059003.000161   059003.000263          1.0000  cm-1
33283.028    0.080      29971.534         059003.000142   059003.000233          1.0000  cm-1
33283.028    0.080      29971.534         059003.000263   059003.000338 P        0.0000  cm-1
33279.228    0.100      33332.564         059003.000175   059003.000267 P        0.0000  cm-1
33279.228    0.100      33332.564         059003.000326   059003.000521 P        0.0000  cm-1
33279.228    0.100      33332.564         059003.000192   059003.000302          1.0000  cm-1
33275.859    0.500      30023.875         059003.000266   059003.000550 P        0.0000  cm-1
33275.859    0.500      30023.875         059003.000314   059003.000510 P        0.0000  cm-1
33275.859    0.500      30023.875         059003.000341   059003.000536 P        0.0000  cm-1
33269.312    0.100      66825.502         059003.000137   059003.000431 P        0.0000  cm-1
33269.312    0.100      66825.502         059003.000141   059003.000230          1.0000  cm-1
33269.312    0.100      66825.502         059003.000342   059003.000537 P        0.0000  cm-1
33251.919    0.100      201313.100        059003.000165   059003.000264          1.0000  cm-1
33241.008    0.100      134555.447        059003.000134   059003.000215          1.0000  cm-1
33234.551    0.080      505347.979        059003.000436   059003.000347 P        0.0000  cm-1
33234.551    0.080      505347.979        059003.000148   059003.000246          1.0000  cm-1
33207.650    0.320      33899.990         059003.000252   059003.000326 P        0.0000  cm-1
33207.650    0.320      33899.990         059003.000342   059003.000536 P        0.0000  cm-1
33207.650    0.320      33899.990         059003.000142   059003.000232          0.1991  cm-1
33207.650    0.320      33899.990         059003.000139   059003.000225          0.8009  cm-1
33206.161    0.100      508672.686        059003.000125   059003.000200          1.0000  cm-1
33198.772    0.080      67936.987         059003.000187   059003.000295          1.0000  cm-1
33192.889    0.080      13605.459         059003.000142   059003.000231          1.0000  cm-1
33185.849    0.100      34067.438         059003.000150   059003.000250          1.0000  cm-1
33177.531    0.080      68261.281         059003.000127   059003.000202          1.0000  cm-1
33177.002    0.319      136538.599        059003.000150   059003.000249          1.0000  cm-1
33171.772    0.077      30756.759         059003.000149   059003.000434 P        0.0000  cm-1
33162.180    0.080      308216.558        059003.000139   059003.000223          1.0000  cm-1
33158.770    0.077      20563.076         059003.000144   059003.000238          0.3311  cm-1
33158.770    0.077      20563.076         059003.000151   059003.000250          0.6689  cm-1
33156.361    0.100      342897.789        059003.000134   059003.000213          1.0000  cm-1
33143.998    0.080      309433.981        059003.000255   059003.000327 P        0.0000  cm-1
33143.998    0.080      309433.981        059003.000161   059003.000262          1.0000  cm-1
33117.188    1.040      69155.198         059003.000332   059003.000528 P        0.0000  cm-1
33117.188    1.040      69155.198         059003.000318   059003.000514 P        0.0000  cm-1
33117.188    1.040      69155.198         059003.000270   059003.000555 P        0.0000  cm-1
33117.188    1.040      69155.198         059003.000191   059003.000300          1.0000  cm-1
33117.188    1.040      69155.198         059003.000152   059003.000249 P        0.0000  cm-1
33117.188    1.040      69155.198         059003.000433   059003.000321 P        0.0000  cm-1
33117.188    1.040      69155.198         059003.000243   059003.000321 P        0.0000  cm-1
33108.249    0.100      69284.093         059003.000149   059003.000245          1.0000  cm-1
33087.690    0.033      17394.247         059003.000132   059003.000210          1.0000  cm-1
33083.530    0.080      243724.800        059003.000148   059003.000244          0.3991  cm-1
33083.530    0.080      243724.800        059003.000133   059003.000212          0.6009  cm-1
33081.999    0.033      17414.300         059003.000182   059003.000283          1.0000  cm-1
33081.999    0.033      17414.300         059003.000315   059003.000508 P        0.0000  cm-1
33072.029    0.077      6979.677          059003.000244   059003.000321 P        0.0000  cm-1
33056.150    0.100      105024.932        059003.000188   059003.000297          1.0000  cm-1
33056.150    0.100      105024.932        059003.000320   059003.000517 P        0.0000  cm-1
33052.338    0.033      3503.447          059003.000328   059003.000523          1.0000  cm-1
33052.338    0.033      3503.447          059003.000263   059003.000336 P        0.0000  cm-1
33045.368    0.080      245574.581        059003.000145   059003.000239          1.0000  cm-1
33044.230    0.076      7017.966          059003.000183   059003.000283 P        0.0000  cm-1
33040.759    0.080      7022.681          059003.000153   059003.000254 P        0.0000  cm-1
33040.759    0.080      7022.681          059003.000148   059003.000243          1.0000  cm-1
33039.449    0.076      24585.600         059003.000120   059003.000197          1.0000  cm-1
33034.871    0.033      10545.968         059003.000164   059003.000263          1.0000  cm-1
33025.259    0.033      7043.556          059003.000316   059003.000511          1.0000  cm-1
33021.148    0.080      70490.429         059003.000142   059003.000229          1.0000  cm-1
33015.739    0.076      7056.231          059003.000338   059003.000531          0.1643  cm-1
33015.739    0.076      7056.231          059003.000156   059003.000255          0.8357  cm-1
33000.490    0.100      353814.901        059003.000332   059003.000527 P        0.0000  cm-1
33000.490    0.100      353814.901        059003.000437   059003.000558 P        0.0000  cm-1
33000.490    0.100      353814.901        059003.000150   059003.000248          1.0000  cm-1
32993.739    0.033      21255.268         059003.000340   059003.000535 P        0.0000  cm-1
32985.890    0.316      7095.239          059003.000140   059003.000228          1.0000  cm-1
32985.890    0.316      7095.239          059003.000314   059003.000506 P        0.0000  cm-1
32985.890    0.316      7095.239          059003.000339   059003.000531 P        0.0000  cm-1
32981.252    0.076      3550.600          059003.000135   059003.000215 P        0.0000  cm-1
32981.252    0.076      3550.600          059003.000068   059003.000192 P        0.0000  cm-1
32974.650    0.033      10664.454         059003.000235   059003.000541 P        0.0000  cm-1
32973.218    0.076      32001.569         059003.000151   059003.000248          1.0000  cm-1
32959.988    0.100      32076.792         059003.000340   059003.000534 P        0.0000  cm-1
32959.988    0.100      32076.792         059003.000188   059003.000296          1.0000  cm-1
32957.702    0.100      356552.100        059003.000191   059003.000298 P        0.0000  cm-1
32957.702    0.100      356552.100        059003.000125   059003.000199          1.0000  cm-1
32948.632    0.080      32140.554         059003.000189   059003.000296          1.0000  cm-1
32947.518    0.100      321467.676        059003.000149   059003.000243 P        0.0000  cm-1
32947.518    0.100      321467.676        059003.000149   059003.000433          1.0000  cm-1
32947.149    0.076      35720.920         059003.000148   059003.000241          1.0000  cm-1
32918.592    0.033      28716.078         059003.000180   059003.000279          1.0000  cm-1
32910.978    0.033      7188.127          059003.000339   059003.000530          1.0000  cm-1
32910.978    0.033      7188.127          059003.000547   059003.000535 P        0.0000  cm-1
32888.630    0.032      25250.449         059003.000181   059003.000282          1.0000  cm-1
32884.982    0.032      252652.461        059003.000126   059003.000200          1.0000  cm-1
32875.022    0.314      216902.793        059003.000315   059003.000506 P        0.0000  cm-1
32875.022    0.314      216902.793        059003.000150   059003.000435          0.9632  cm-1
32875.022    0.314      216902.793        059003.000144   059003.000236          0.0368  cm-1
32875.022    0.314      216902.793        059003.000258   059003.000334 P        0.0000  cm-1
32875.022    0.314      216902.793        059003.000168   059003.000265 P        0.0000  cm-1
32865.912    0.100      217213.518        059003.000165   059003.000262          1.0000  cm-1
32859.769    0.080      362368.556        059003.000133   059003.000210          1.0000  cm-1
32852.640    0.076      14510.675         059003.000256   059003.000327 P        0.0000  cm-1
32846.292    0.076      32680.682         059003.000146   059003.000239          1.0000  cm-1
32844.439    0.032      3632.208          059003.000341   059003.000534 P        0.0000  cm-1
32844.439    0.032      3632.208          059003.000320   059003.000513 P        0.0000  cm-1
32835.710    0.075      7273.979          059003.000320   059003.000512 P        0.0000  cm-1
32822.419    0.100      364416.842        059003.000134   059003.000212          1.0000  cm-1
32822.419    0.100      364416.842        059003.000323   059003.000518 P        0.0000  cm-1
32809.808    0.100      255560.718        059003.000165   059003.000261          1.0000  cm-1
32806.640    0.032      14610.131         059003.000163   059003.000260 P        0.0000  cm-1
32806.640    0.032      14610.131         059003.000317   059003.000510 P        0.0000  cm-1
32801.290    0.032      18276.645         059003.000333   059003.000528 P        0.0000  cm-1
32798.102    0.080      29255.886         059003.000255   059003.000325 P        0.0000  cm-1
32798.102    0.080      29255.886         059003.000187   059003.000294          1.0000  cm-1
32777.159    0.500      29341.542         059003.000155   059003.000253 P        0.0000  cm-1
32777.159    0.500      29341.542         059003.000342   059003.000534 P        0.0000  cm-1
32777.159    0.500      29341.542         059003.000192   059003.000449          1.0000  cm-1
32777.159    0.500      29341.542         059003.000075   059003.000193 P        0.0000  cm-1
32777.159    0.500      29341.542         059003.000267   059003.000548 P        0.0000  cm-1
32774.098    0.100      440307.805        059003.000134   059003.000211          1.0000  cm-1
32766.402    0.075      7346.143          059003.000154   059003.000252          1.0000  cm-1
32742.902    0.032      29476.287         059003.000541   059003.000623 P        0.0000  cm-1
32742.902    0.032      29476.287         059003.000150   059003.000247 P        0.0000  cm-1
32723.539    0.032      18468.418         059003.000131   059003.000205          1.0000  cm-1
32720.508    0.080      258656.356        059003.000127   059003.000200          1.0000  cm-1
32712.142    0.075      25892.587         059003.000167   059003.000263          1.0000  cm-1
32712.142    0.075      25892.587         059003.000342   059003.000533 P        0.0000  cm-1
32697.168    0.032      25939.934         059003.000269   059003.000550 P        0.0000  cm-1
32697.168    0.032      25939.934         059003.000151   059003.000246          1.0000  cm-1
32687.408    0.032      3710.025          059003.000552   059003.000538          1.0000  cm-1
32687.408    0.032      3710.025          059003.000548   059003.000536 P        0.0000  cm-1
32681.979    0.100      556859.752        059003.000316   059003.000506 P        0.0000  cm-1
32681.979    0.100      556859.752        059003.000141   059003.000226          1.0000  cm-1
32658.929    0.075      26055.618         059003.000165   059003.000259 P        0.0000  cm-1
32658.929    0.075      26055.618         059003.000186   059003.000292          1.0000  cm-1
32656.611    0.080      33508.782         059003.000182   059003.000281          1.0000  cm-1
32636.349    0.309      33583.329         059003.000314   059003.000623 P        0.0000  cm-1
32636.349    0.309      33583.329         059003.000126   059003.000199          1.0000  cm-1
32598.760    0.100      561904.690        059003.000134   059003.000210          1.0000  cm-1
32592.701    0.032      14993.107         059003.000546   059003.000532          1.0000  cm-1
32580.989    0.308      33772.848         059003.000331   059003.000522 P        0.0000  cm-1
32580.989    0.308      33772.848         059003.000177   059003.000268 P        0.0000  cm-1
32580.989    0.308      33772.848         059003.000149   059003.000240          1.0000  cm-1
32580.989    0.308      33772.848         059003.000148   059003.000239 P        0.0000  cm-1
32572.760    0.074      33799.232         059003.000161   059003.000258          1.0000  cm-1
32572.760    0.074      33799.232         059003.000244   059003.000318 P        0.0000  cm-1
32571.138    0.100      30048.336         059003.000140   059003.000222          1.0000  cm-1
32568.060    0.032      15028.487         059003.000167   059003.000262          1.0000  cm-1
32565.079    0.500      30065.281         059003.000318   059003.000508 P        0.0000  cm-1
32561.718    0.100      15037.292         059003.000123   059003.000196          1.0000  cm-1
32561.718    0.100      15037.292         059003.000330   059003.000521 P        0.0000  cm-1
32546.240    0.074      26351.964         059003.000151   059003.000244          1.0000  cm-1
32530.388    0.100      33927.705         059003.000150   059003.000243 P        0.0000  cm-1
32530.388    0.100      33927.705         059003.000150   059003.000433          1.0000  cm-1
32500.711    0.100      26452.426         059003.000141   059003.000225          1.0000  cm-1
32497.860    0.074      30238.105         059003.000153   059003.000251          1.0000  cm-1
32497.860    0.074      30238.105         059003.000322   059003.000516 P        0.0000  cm-1
32497.860    0.074      30238.105         059003.000324   059003.000520 P        0.0000  cm-1
32471.969    0.080      265100.385        059003.000260   059003.000543 P        0.0000  cm-1
32471.969    0.080      265100.385        059003.000127   059003.000199          1.0000  cm-1
32468.232    0.100      34093.538         059003.000183   059003.000280          1.0000  cm-1
32468.232    0.100      34093.538         059003.000152   059003.000433 P        0.0000  cm-1
32468.232    0.100      34093.538         059003.000249   059003.000321 P        0.0000  cm-1
32455.968    0.100      568717.508        059003.000141   059003.000223          1.0000  cm-1
32426.792    0.032      30390.198         059003.000140   059003.000432          1.0000  cm-1
32422.779    0.074      34197.568         059003.000318   059003.000507 P        0.0000  cm-1
32422.779    0.074      34197.568         059003.000144   059003.000233          1.0000  cm-1
32414.851    0.080      30412.631         059003.000145   059003.000235          1.0000  cm-1
32414.851    0.080      30412.631         059003.000244   059003.000317 P        0.0000  cm-1
32405.639    0.032      15214.659         059003.000131   059003.000203 P        0.0000  cm-1
32382.670    0.400      3808.572          059003.000325   059003.000519 P        0.0000  cm-1
32382.670    0.400      3808.572          059003.000192   059003.000447          1.0000  cm-1
32382.670    0.400      3808.572          059003.000168   059003.000260 P        0.0000  cm-1
32374.291    0.031      11430.772         059003.000146   059003.000234          1.0000  cm-1
32370.831    0.073      34298.431         059003.000146   059003.000236          1.0000  cm-1
32362.910    0.031      15249.827         059003.000270   059003.000553 P        0.0000  cm-1
32346.670    0.031      22892.496         059003.000144   059003.000232 P        0.0000  cm-1
32346.670    0.031      22892.496         059003.000153   059003.000250          1.0000  cm-1
32346.670    0.031      22892.496         059003.000320   059003.000508 P        0.0000  cm-1
32338.131    0.031      22901.324         059003.000153   059003.000249          1.0000  cm-1
32334.701    0.031      11452.386         059003.000155   059003.000250          1.0000  cm-1
32332.590    0.031      26724.675         059003.000144   059003.000231          1.0000  cm-1
32326.278    0.031      19094.163         059003.000323   059003.000513 P        0.0000  cm-1
32326.278    0.031      19094.163         059003.000155   059003.000249          1.0000  cm-1
32294.918    0.400      19117.172         059003.000245   059003.000317 P        0.0000  cm-1
32294.918    0.400      19117.172         059003.000149   059003.000238          0.4918  cm-1
32294.918    0.400      19117.172         059003.000165   059003.000258          0.5082  cm-1
32275.231    0.080      34433.264         059003.000313   059003.000419 P        0.0000  cm-1
32275.231    0.080      34433.264         059003.000142   059003.000224          1.0000  cm-1
32264.589    0.080      11481.392         059003.000187   059003.000293          1.0000  cm-1
32243.579    0.031      15317.021         059003.000192   059003.000298          1.0000  cm-1
32237.590    0.100      26808.569         059003.000134   059003.000208          1.0000  cm-1
32161.251    0.072      30673.063         059003.000153   059003.000248          1.0000  cm-1
32161.251    0.072      30673.063         059003.000144   059003.000229 P        0.0000  cm-1
32156.552    0.100      26839.717         059003.000190   059003.000294          1.0000  cm-1
32156.552    0.100      26839.717         059003.000267   059003.000547 P        0.0000  cm-1
32108.312    0.031      15337.449         059003.000173   059003.000264          1.0000  cm-1
32105.409    0.400      30674.473         059003.000142   059003.000432          0.2962  cm-1
32105.409    0.400      30674.473         059003.000139   059003.000219          0.7038  cm-1
32105.409    0.400      30674.473         059003.000550   059003.000534 P        0.0000  cm-1
32069.610    0.100      26831.633         059003.000150   059003.000239          1.0000  cm-1
32052.951    0.072      30657.353         059003.000132   059003.000205          1.0000  cm-1
32027.321    0.080      26812.190         059003.000145   059003.000231          1.0000  cm-1
32027.321    0.080      26812.190         059003.000251   059003.000320 P        0.0000  cm-1
32027.321    0.080      26812.190         059003.000316   059003.000501 P        0.0000  cm-1
32024.708    0.031      34470.844         059003.000441   059003.000348 P        0.0000  cm-1
32024.708    0.031      34470.844         059003.000146   059003.000237          1.0000  cm-1
32014.841    0.080      26804.516         059003.000182   059003.000279          1.0000  cm-1
32010.882    0.297      38288.427         059003.000149   059003.000236          1.0000  cm-1
32010.882    0.297      38288.427         059003.000318   059003.000623 P        0.0000  cm-1
31945.148    0.080      34387.090         059003.000133   059003.000206          1.0000  cm-1
31903.789    0.031      19069.721         059003.000153   059003.000247          1.0000  cm-1
31903.789    0.031      19069.721         059003.000284   059003.000561 P        0.0000  cm-1
31877.702    0.295      38089.268         059003.000150   059003.000238          1.0000  cm-1
31855.908    0.294      38043.215         059003.000149   059003.000235          0.7613  cm-1
31855.908    0.294      38043.215         059003.000145   059003.000229          0.2387  cm-1
31855.908    0.294      38043.215         059003.000336   059003.000529 P        0.0000  cm-1
31855.908    0.294      38043.215         059003.000156   059003.000246 P        0.0000  cm-1
31852.040    0.030      22820.789         059003.000153   059003.000245          1.0000  cm-1
31828.401    0.030      22787.844         059003.000146   059003.000231          1.0000  cm-1
31802.089    0.080      26539.428         059003.000133   059003.000204          1.0000  cm-1
31802.089    0.080      26539.428         059003.000250   059003.000317 P        0.0000  cm-1
31799.630    0.071      75813.998         059003.000126   059003.000198          1.0000  cm-1
31766.660    0.100      75631.423         059003.000125   059003.000196          0.9798  cm-1
31766.660    0.100      75631.423         059003.000160   059003.000255          0.0202  cm-1
31758.232    0.080      34011.922         059003.000266   059003.000336 P        0.0000  cm-1
31758.232    0.080      34011.922         059003.000148   059003.000237          1.0000  cm-1
31758.232    0.080      34011.922         059003.000345   059003.000536 P        0.0000  cm-1
31734.798    0.500      33947.556         059003.000132   059003.000203 P        0.0000  cm-1
31734.798    0.500      33947.556         059003.000140   059003.000431          1.0000  cm-1
31734.798    0.500      33947.556         059003.000153   059003.000244 P        0.0000  cm-1
31699.022    0.070      33841.998         059003.000126   059003.000197          1.0000  cm-1
31691.309    0.070      30060.525         059003.000153   059003.000243          1.0000  cm-1
31691.309    0.070      30060.525         059003.000153   059003.000433 P        0.0000  cm-1
31664.759    0.030      22488.476         059003.000442   059003.000348 P        0.0000  cm-1
31664.759    0.030      22488.476         059003.000158   059003.000435 P        0.0000  cm-1
31636.661    0.290      37374.642         059003.000142   059003.000221          1.0000  cm-1
31635.250    0.080      74738.314         059003.000127   059003.000198          1.0000  cm-1
31623.101    0.100      26124.920         059003.000329   059003.000520 P        0.0000  cm-1
31623.101    0.100      26124.920         059003.000190   059003.000293          1.0000  cm-1
31597.678    0.100      11165.303         059003.000150   059003.000234          1.0000  cm-1
31597.678    0.100      11165.303         059003.000330   059003.000520 P        0.0000  cm-1
31564.078    0.100      22244.075         059003.000134   059003.000205          1.0000  cm-1
31558.079    0.910      14818.739         059003.000148   059003.000231 P        0.0000  cm-1
31558.079    0.910      14818.739         059003.000329   059003.000519 P        0.0000  cm-1
31558.079    0.910      14818.739         059003.000149   059003.000233          1.0000  cm-1
31558.079    0.910      14818.739         059003.000082   059003.000193 P        0.0000  cm-1
31558.079    0.910      14818.739         059003.000339   059003.000528 P        0.0000  cm-1
31558.079    0.910      14818.739         059003.000132   059003.000202 P        0.0000  cm-1
31535.172    0.288      36942.858         059003.000127   059003.000197          1.0000  cm-1
31535.172    0.288      36942.858         059003.000065   059003.000187 P        0.0000  cm-1
31535.172    0.288      36942.858         059003.000436   059003.000548 P        0.0000  cm-1
31535.172    0.288      36942.858         059003.000330   059003.000519 P        0.0000  cm-1
31520.469    0.030      11062.243         059003.000328   059003.000518 P        0.0000  cm-1
31507.278    0.080      110433.560        059003.000180   059003.000440 P        0.0000  cm-1
31507.278    0.080      110433.560        059003.000133   059003.000203          1.0000  cm-1
31478.922    0.030      7334.343          059003.000255   059003.000320 P        0.0000  cm-1
31478.922    0.030      7334.343          059003.000159   059003.000435 P        0.0000  cm-1
31468.759    0.100      18310.181         059003.000149   059003.000231          1.0000  cm-1
31468.759    0.100      18310.181         059003.000318   059003.000500 P        0.0000  cm-1
31455.370    0.080      25586.139         059003.000303   059003.000565 P        0.0000  cm-1
31455.370    0.080      25586.139         059003.000139   059003.000214          1.0000  cm-1
31445.538    0.069      32850.327         059003.000126   059003.000196          1.0000  cm-1
31418.559    0.030      7271.263          059003.000186   059003.000288          1.0000  cm-1
31398.871    0.286      21748.857         059003.000192   059003.000295          0.3557  cm-1
31398.871    0.286      21748.857         059003.000141   059003.000219          0.6443  cm-1
31398.871    0.286      21748.857         059003.000323   059003.000424 P        0.0000  cm-1
31391.653    0.286      18103.885         059003.000139   059003.000213          1.0000  cm-1
31391.380    0.650      25344.366         059003.000326   059003.000513 P        0.0000  cm-1
31391.380    0.650      25344.366         059003.000141   059003.000218          1.0000  cm-1
31391.380    0.650      25344.366         059003.000254   059003.000319 P        0.0000  cm-1
31391.380    0.650      25344.366         059003.000144   059003.000222 P        0.0000  cm-1
31319.531    0.080      3578.609          059003.000158   059003.000243 P        0.0000  cm-1
31319.531    0.080      3578.609          059003.000158   059003.000433 P        0.0000  cm-1
31319.531    0.080      3578.609          059003.000277   059003.000345 P        0.0000  cm-1
31319.531    0.080      3578.609          059003.000142   059003.000220          1.0000  cm-1
31288.712    0.069      10678.719         059003.000446   059003.000564          1.0000  cm-1
31280.970    0.080      24882.881         059003.000127   059003.000196          1.0000  cm-1
31280.970    0.080      24882.881         059003.000135   059003.000204 P        0.0000  cm-1
31248.011    0.100      17667.632         059003.000150   059003.000237          1.0000  cm-1
31246.281    0.100      14129.589         059003.000134   059003.000203          1.0000  cm-1
31243.949    0.029      7061.743          059003.000544   059003.000526 P        0.0000  cm-1
31240.259    0.029      7056.902          059003.000454   059003.000565 P        0.0000  cm-1
31240.259    0.029      7056.902          059003.000438   059003.000555 P        0.0000  cm-1
31237.809    0.080      14107.357         059003.000327   059003.000514 P        0.0000  cm-1
31237.809    0.080      14107.357         059003.000328   059003.000517 P        0.0000  cm-1
31237.809    0.080      14107.357         059003.000262   059003.000327 P        0.0000  cm-1
31237.809    0.080      14107.357         059003.000161   059003.000255          1.0000  cm-1
31177.371    0.282      6971.901          059003.000327   059003.000513 P        0.0000  cm-1
31177.371    0.282      6971.901          059003.000187   059003.000292          1.0000  cm-1
31157.560    0.080      13888.340         059003.000142   059003.000217          1.0000  cm-1
31156.629    0.282      13885.711         059003.000129   059003.000197          1.0000  cm-1
31147.580    0.068      3465.016          059003.000346   059003.000535 P        0.0000  cm-1
31056.781    0.080      10194.527         059003.000139   059003.000212          1.0000  cm-1
31019.510    0.067      67389.506         059003.000119   059003.000194          1.0000  cm-1
31019.510    0.067      67389.506         059003.000332   059003.000518 P        0.0000  cm-1
31015.822    0.029      6733.194          059003.000043   059003.000180          1.0000  cm-1
30982.558    0.080      3340.331          059003.000161   059003.000253          1.0000  cm-1
30959.672    0.100      66438.922         059003.000161   059003.000252 P        0.0000  cm-1
30959.672    0.100      66438.922         059003.000442   059003.000347 P        0.0000  cm-1
30959.672    0.100      66438.922         059003.000165   059003.000255          1.0000  cm-1
30879.979    0.100      9768.082          059003.000150   059003.000229          1.0000  cm-1
30793.802    0.028      12726.590         059003.000120   059003.000195          1.0000  cm-1
30775.640    0.066      158279.570        059003.000144   059003.000221          1.0000  cm-1
30704.430    0.100      12405.805         059003.000165   059003.000253          1.0000  cm-1
30689.961    0.080      15440.996         059003.000326   059003.000506 P        0.0000  cm-1
30689.961    0.080      15440.996         059003.000161   059003.000251          1.0000  cm-1
30684.582    0.100      6166.509          059003.000141   059003.000213          1.0000  cm-1
30661.969    0.028      3062.363          059003.000331   059003.000513 P        0.0000  cm-1
30661.969    0.028      3062.363          059003.000167   059003.000255          1.0000  cm-1
30644.198    0.080      18274.973         059003.000558   059003.000533 P        0.0000  cm-1
30644.198    0.080      18274.973         059003.000148   059003.000224          1.0000  cm-1
30631.472    0.080      18203.566         059003.000148   059003.000223          1.0000  cm-1
30631.472    0.080      18203.566         059003.000557   059003.000531 P        0.0000  cm-1
30627.328    0.028      6060.083          059003.000147   059003.000432          1.0000  cm-1
30624.569    0.066      6054.902          059003.000546   059003.000524 P        0.0000  cm-1
30624.569    0.066      6054.902          059003.000160   059003.000247          1.0000  cm-1
30623.548    0.080      60529.832         059003.000133   059003.000199          1.0000  cm-1
30611.102    0.100      9044.323          059003.000134   059003.000200          1.0000  cm-1
30566.450    0.500      8917.106          059003.000177   059003.000262 P        0.0000  cm-1
30566.450    0.500      8917.106          059003.000183   059003.000440          1.0000  cm-1
30566.450    0.500      8917.106          059003.000087   059003.000193 P        0.0000  cm-1
30553.028    0.028      2959.513          059003.000144   059003.000431          1.0000  cm-1
30553.028    0.028      2959.513          059003.000325   059003.000504 P        0.0000  cm-1
30525.219    0.100      5865.455          059003.000149   059003.000222          1.0000  cm-1
30470.512    0.080      259152.999        059003.000145   059003.000221          1.0000  cm-1
30454.968    0.065      5728.445          059003.000160   059003.000244          1.0000  cm-1
30411.840    0.100      5643.264          059003.000160   059003.000243 P        0.0000  cm-1
30411.840    0.100      5643.264          059003.000160   059003.000433 P        0.0000  cm-1
30411.840    0.100      5643.264          059003.000165   059003.000251          1.0000  cm-1
30408.789    0.028      8455.813          059003.000153   059003.000237          1.0000  cm-1
30380.612    0.065      2790.566          059003.000149   059003.000432 P        0.0000  cm-1
30362.548    0.100      249526.589        059003.000559   059003.000533 P        0.0000  cm-1
30362.548    0.100      249526.589        059003.000048   059003.000181 P        0.0000  cm-1
30362.548    0.100      249526.589        059003.000134   059003.000199          1.0000  cm-1
30353.320    0.080      13816.376         059003.000161   059003.000248          1.0000  cm-1
30350.553    0.100      11042.006         059003.000135   059003.000200 P        0.0000  cm-1
30350.553    0.100      11042.006         059003.000141   059003.000212          1.0000  cm-1
30341.462    0.100      13756.899         059003.000188   059003.000291          1.0000  cm-1
30330.198    0.080      246605.370        059003.000189   059003.000291          1.0000  cm-1
30330.198    0.080      246605.370        059003.000341   059003.000521 P        0.0000  cm-1
30330.198    0.080      246605.370        059003.000456   059003.000574 P        0.0000  cm-1
30297.271    0.028      13534.306         059003.000144   059003.000217          1.0000  cm-1
30271.440    0.064      80421.409         059003.000146   059003.000221          1.0000  cm-1
30265.209    0.027      13371.971         059003.000560   059003.000536 P        0.0000  cm-1
30265.209    0.027      13371.971         059003.000342   059003.000521 P        0.0000  cm-1
30265.209    0.027      13371.971         059003.000333   059003.000514 P        0.0000  cm-1
30260.050    0.266      2669.159          059003.000165   059003.000250          1.0000  cm-1
30260.050    0.266      2669.159          059003.000330   059003.000510 P        0.0000  cm-1
30251.599    0.265      2660.575          059003.000165   059003.000249          1.0000  cm-1
30238.092    0.100      264683.983        059003.000140   059003.000209          1.0000  cm-1
30200.570    0.027      10434.348         059003.000155   059003.000231          1.0000  cm-1
30164.931    0.027      2572.141          059003.000037   059003.000177          1.0000  cm-1
30134.009    0.100      20323.572         059003.000150   059003.000224          1.0000  cm-1
30108.770    0.080      10058.149         059003.000142   059003.000211          1.0000  cm-1
30108.261    0.100      7542.044          059003.000150   059003.000222          1.0000  cm-1
30108.261    0.100      7542.044          059003.000173   059003.000256 P        0.0000  cm-1
30091.850    0.080      14982.914         059003.000191   059003.000292          1.0000  cm-1
30091.850    0.080      14982.914         059003.000552   059003.000527 P        0.0000  cm-1
30067.579    0.063      2472.197          059003.000036   059003.000176          1.0000  cm-1
30044.049    0.080      48959.812         059003.000272   059003.000545 P        0.0000  cm-1
30044.049    0.080      48959.812         059003.000161   059003.000245          1.0000  cm-1
30040.738    0.027      4889.166          059003.000153   059003.000229          1.0000  cm-1
30031.801    0.080      17047.707         059003.000145   059003.000218          1.0000  cm-1
30004.969    0.080      14446.642         059003.000148   059003.000221          1.0000  cm-1
29992.051    0.080      143668.774        059003.000276   059003.000342 P        0.0000  cm-1
29992.051    0.080      143668.774        059003.000145   059003.000217          1.0000  cm-1
29960.478    0.027      7085.992          059003.000036   059003.000175          1.0000  cm-1
29953.232    0.027      7063.635          059003.000172   059003.000255          1.0000  cm-1
29951.198    0.063      7057.360          059003.000160   059003.000239          1.0000  cm-1
29936.262    0.080      16359.691         059003.000187   059003.000288          1.0000  cm-1
29926.299    0.080      209417.488        059003.000276   059003.000341 P        0.0000  cm-1
29926.299    0.080      209417.488        059003.000161   059003.000244          1.0000  cm-1
29926.299    0.080      209417.488        059003.000258   059003.000318 P        0.0000  cm-1
29918.669    0.080      1159511.296       059003.000139   059003.000206          1.0000  cm-1
29916.449    0.080      162171.960        059003.000142   059003.000209          1.0000  cm-1
29914.012    0.027      69427.182         059003.000132   059003.000197          1.0000  cm-1
29911.792    0.100      69358.798         059003.000149   059003.000221          1.0000  cm-1
29883.333    0.080      159792.956        059003.000161   059003.000243          1.0000  cm-1
29882.832    0.100      159757.059        059003.000140   059003.000207          1.0000  cm-1
29880.780    0.027      15960.976         059003.000144   059003.000216          1.0000  cm-1
29850.740    0.027      2249.369          059003.000348   059003.000534 P        0.0000  cm-1
29837.289    0.027      6706.829          059003.000035   059003.000173          1.0000  cm-1
29837.289    0.027      6706.829          059003.000560   059003.000534 P        0.0000  cm-1
29832.640    0.062      111542.891        059003.000146   059003.000218          1.0000  cm-1
29807.770    0.080      110273.266        059003.000182   059003.000275          1.0000  cm-1
29798.460    0.080      548993.138        059003.000139   059003.000205          1.0000  cm-1
29793.032    0.027      15333.096         059003.000146   059003.000217          1.0000  cm-1
29774.950    0.100      1086019.239       059003.000125   059003.000195          1.0000  cm-1
29770.340    0.100      65020.537         059003.000442   059003.000343 P        0.0000  cm-1
29770.340    0.100      65020.537         059003.000343   059003.000526 P        0.0000  cm-1
29770.340    0.100      65020.537         059003.000183   059003.000275          1.0000  cm-1
29765.909    0.100      10814.241         059003.000165   059003.000245          1.0000  cm-1
29758.543    0.100      1077683.589       059003.000125   059003.000194          1.0000  cm-1
29753.592    0.080      6451.028          059003.000182   059003.000274          1.0000  cm-1
29749.803    0.062      2146.498          059003.000034   059003.000168          1.0000  cm-1
29745.398    0.027      10710.157         059003.000159   059003.000233          1.0000  cm-1
29725.817    0.027      12733.211         059003.000269   059003.000330 P        0.0000  cm-1
29716.131    0.100      12674.451         059003.000552   059003.000524 P        0.0000  cm-1
29716.131    0.100      12674.451         059003.000180   059003.000436 P        0.0000  cm-1
29716.131    0.100      12674.451         059003.000183   059003.000274          1.0000  cm-1
29713.359    0.100      210960.833        059003.000188   059003.000289          1.0000  cm-1
29710.222    0.026      105322.013        059003.000332   059003.000422 P        0.0000  cm-1
29708.009    0.026      10521.029         059003.000065   059003.000185          1.0000  cm-1
29702.050    0.080      104909.655        059003.000330   059003.000504 P        0.0000  cm-1
29702.050    0.080      104909.655        059003.000268   059003.000329 P        0.0000  cm-1
29702.050    0.080      104909.655        059003.000189   059003.000289          1.0000  cm-1
29688.412    0.080      416889.748        059003.000344   059003.000526 P        0.0000  cm-1
29688.412    0.080      416889.748        059003.000148   059003.000220          1.0000  cm-1
29688.412    0.080      416889.748        059003.000277   059003.000340 P        0.0000  cm-1
29686.369    0.080      1041195.962       059003.000133   059003.000197          1.0000  cm-1
29679.708    0.026      10378.445         059003.000147   059003.000217          1.0000  cm-1
29660.468    0.026      14394.544         059003.000343   059003.000525 P        0.0000  cm-1
29660.468    0.026      14394.544         059003.000132   059003.000196          1.0000  cm-1
29648.142    0.100      204400.974        059003.000165   059003.000244          1.0000  cm-1
29637.219    0.026      6099.243          059003.000163   059003.000243          0.2111  cm-1
29637.219    0.026      6099.243          059003.000163   059003.000433          0.7889  cm-1
29602.342    0.080      199830.649        059003.000182   059003.000273          1.0000  cm-1
29595.061    0.254      9955.354          059003.000031   059003.000134 P        0.0000  cm-1
29595.061    0.254      9955.354          059003.000149   059003.000220          1.0000  cm-1
29595.061    0.254      9955.354          059003.000332   059003.000424 P        0.0000  cm-1
29584.911    0.080      99049.927         059003.000327   059003.000500 P        0.0000  cm-1
29584.911    0.080      99049.927         059003.000191   059003.000290          1.0000  cm-1
29575.441    0.080      295742.529        059003.000145   059003.000216          1.0000  cm-1
29566.292    0.080      294385.065        059003.000148   059003.000218          1.0000  cm-1
29564.883    0.100      9805.875          059003.000333   059003.000507 P        0.0000  cm-1
29564.883    0.100      9805.875          059003.000183   059003.000273          1.0000  cm-1
29561.198    0.080      587260.487        059003.000345   059003.000529 P        0.0000  cm-1
29561.198    0.080      587260.487        059003.000259   059003.000318 P        0.0000  cm-1
29561.198    0.080      587260.487        059003.000142   059003.000207          1.0000  cm-1
29561.198    0.080      587260.487        059003.000173   059003.000253 P        0.0000  cm-1
29533.600    0.061      1930.352          059003.000552   059003.000522 P        0.0000  cm-1
29519.952    0.026      1916.959          059003.000167   059003.000247          1.0000  cm-1
29514.531    0.080      11469.896         059003.000187   059003.000287          1.0000  cm-1
29480.692    0.080      187863.145        059003.000340   059003.000520 P        0.0000  cm-1
29480.692    0.080      187863.145        059003.000139   059003.000203          1.0000  cm-1
29453.440    0.061      1852204.927       059003.000126   059003.000195          1.0000  cm-1
29453.440    0.061      1852204.927       059003.000339   059003.000518 P        0.0000  cm-1
29437.360    0.061      1102010.658       059003.000126   059003.000194          1.0000  cm-1
29432.541    0.080      549613.002        059003.000133   059003.000196          1.0000  cm-1
29432.541    0.080      549613.002        059003.000336   059003.000517 P        0.0000  cm-1
29425.342    0.100      547535.760        059003.000179   059003.000270 P        0.0000  cm-1
29425.342    0.100      547535.760        059003.000134   059003.000197          1.0000  cm-1
29422.478    0.080      63782.882         059003.000161   059003.000239          1.0000  cm-1
29415.551    0.061      1815.720          059003.000162   059003.000240          1.0000  cm-1
29410.188    0.080      5431.742          059003.000334   059003.000506 P        0.0000  cm-1
29410.188    0.080      5431.742          059003.000145   059003.000215          1.0000  cm-1
29410.188    0.080      5431.742          059003.000335   059003.000513 P        0.0000  cm-1
29405.160    0.026      12640.379         059003.000172   059003.000251          1.0000  cm-1
29405.160    0.026      12640.379         059003.000456   059003.000571 P        0.0000  cm-1
29377.672    0.100      88977.823         059003.000192   059003.000292          1.0000  cm-1
29294.708    0.100      11910.522         059003.000153   059003.000224 P        0.0000  cm-1
29294.708    0.100      11910.522         059003.000190   059003.000288          1.0000  cm-1
29289.531    0.249      848343.607        059003.000127   059003.000195          1.0000  cm-1
29280.241    0.060      3376.124          059003.000336   059003.000514 P        0.0000  cm-1
29280.241    0.060      3376.124          059003.000154   059003.000223          1.0000  cm-1
29272.878    0.080      504372.612        059003.000127   059003.000194          1.0000  cm-1
29272.878    0.080      504372.612        059003.000333   059003.000424 P        0.0000  cm-1
29268.060    0.026      11737.506         059003.000173   059003.000251          1.0000  cm-1
29262.279    0.060      11700.134         059003.000039   059003.000177          1.0000  cm-1
29251.850    0.026      3323.677          059003.000156   059003.000223          1.0000  cm-1
29239.608    0.026      13204.758         059003.000557   059003.000529 P        0.0000  cm-1
29239.608    0.026      13204.758         059003.000037   059003.000175          1.0000  cm-1
29230.778    0.080      246376.198        059003.000161   059003.000238          1.0000  cm-1
29212.402    0.100      487723.785        059003.000336   059003.000512 P        0.0000  cm-1
29212.402    0.100      487723.785        059003.000141   059003.000206          1.0000  cm-1
29212.402    0.100      487723.785        059003.000555   059003.000526 P        0.0000  cm-1
29179.193    0.026      7978.399          059003.000034   059003.000162          1.0000  cm-1
29177.918    0.247      79726.601         059003.000286   059003.000560 P        0.0000  cm-1
29177.918    0.247      79726.601         059003.000150   059003.000220          1.0000  cm-1
29171.522    0.100      794388.685        059003.000556   059003.000526 P        0.0000  cm-1
29171.522    0.100      794388.685        059003.000134   059003.000196          1.0000  cm-1
29171.522    0.100      794388.685        059003.000339   059003.000517 P        0.0000  cm-1
29164.258    0.060      6329.022          059003.000337   059003.000514 P        0.0000  cm-1
29164.258    0.060      6329.022          059003.000448   059003.000563          1.0000  cm-1
29151.128    0.100      3141.008          059003.000151   059003.000220          1.0000  cm-1
29144.232    0.100      9386.111          059003.000165   059003.000239          1.0000  cm-1
29092.239    0.100      455517.123        059003.000141   059003.000205          1.0000  cm-1
29056.178    0.100      223045.039        059003.000150   059003.000218          1.0000  cm-1
29056.178    0.100      223045.039        059003.000144   059003.000209 P        0.0000  cm-1
29016.833    0.100      72655.788         059003.000546   059003.000518 P        0.0000  cm-1
29016.833    0.100      72655.788         059003.000149   059003.000216          1.0000  cm-1
29016.833    0.100      72655.788         059003.000150   059003.000217 P        0.0000  cm-1
28982.311    0.025      7118.973          059003.000036   059003.000168          1.0000  cm-1
28952.641    0.100      41966.470         059003.000165   059003.000238          1.0000  cm-1
28943.220    0.080      97371.999         059003.000145   059003.000211          1.0000  cm-1
28873.162    0.100      1333.487          059003.000190   059003.000287          1.0000  cm-1
28870.930    0.100      1331.679          059003.000192   059003.000290          1.0000  cm-1
28870.930    0.100      1331.679          059003.000342   059003.000518 P        0.0000  cm-1
28774.448    0.100      25100.892         059003.000141   059003.000203          1.0000  cm-1
28774.448    0.100      25100.892         059003.000439   059003.000337 P        0.0000  cm-1
28767.907    0.080      4999.831          059003.000145   059003.000210          1.0000  cm-1
28744.182    0.025      7389.737          059003.000146   059003.000211          1.0000  cm-1
28718.489    0.500      1211.974          059003.000001   059003.000126 P        0.0000  cm-1
28718.489    0.500      1211.974          059003.000554   059003.000521 P        0.0000  cm-1
28718.489    0.500      1211.974          059003.000189   059003.000443          1.0000  cm-1
28701.019    0.025      4794.947          059003.000144   059003.000207          1.0000  cm-1
28654.973    0.025      4657.317          059003.000167   059003.000238          1.0000  cm-1
28599.497    0.237      4495.228          059003.000339   059003.000511 P        0.0000  cm-1
28599.497    0.237      4495.228          059003.000150   059003.000216          1.0000  cm-1
28596.222    0.237      1121.446          059003.000341   059003.000515 P        0.0000  cm-1
28596.222    0.237      1121.446          059003.000141   059003.000202          1.0000  cm-1
28596.222    0.237      1121.446          059003.000341   059003.000516 P        0.0000  cm-1
28568.862    0.024      8814.944          059003.000146   059003.000210          1.0000  cm-1
28508.822    0.057      15896.658         059003.000190   059003.000444 P        0.0000  cm-1
28504.369    0.024      2113.407          059003.000349   059003.000612 P        0.0000  cm-1
28504.369    0.024      2113.407          059003.000173   059003.000244          1.0000  cm-1
28488.848    0.100      3138.124          059003.000188   059003.000284          1.0000  cm-1
28488.848    0.100      3138.124          059003.000350   059003.000613 P        0.0000  cm-1
28477.568    0.080      20766.868         059003.000148   059003.000211          0.1927  cm-1
28477.568    0.080      20766.868         059003.000189   059003.000284          0.8073  cm-1
28470.828    0.024      2067.528          059003.000176   059003.000435          1.0000  cm-1
28461.553    0.057      4109.947          059003.000173   059003.000243          1.0000  cm-1
28434.460    0.100      1009.316          059003.000341   059003.000512 P        0.0000  cm-1
28434.460    0.100      1009.316          059003.000150   059003.000215          1.0000  cm-1
28420.992    0.024      2000.748          059003.000155   059003.000431          1.0000  cm-1
28384.560    0.100      29294.685         059003.000149   059003.000211          1.0000  cm-1
28379.728    0.100      29200.631         059003.000140   059003.000201          1.0000  cm-1
28339.123    0.056      18946.401         059003.000153   059003.000220          0.9373  cm-1
28339.123    0.056      18946.401         059003.000131   059003.000195          0.0627  cm-1
28338.392    0.024      14202.850         059003.000307   059003.000565 P        0.0000  cm-1
28322.699    0.100      8432.508          059003.000131   059003.000194          0.1161  cm-1
28322.699    0.100      8432.508          059003.000165   059003.000237          0.8839  cm-1
28322.699    0.100      8432.508          059003.000151   059003.000213 P        0.0000  cm-1
28304.783    0.056      1851.460          059003.000106   059003.000193          1.0000  cm-1
28302.363    0.080      1848.446          059003.000148   059003.000210          1.0000  cm-1
28216.718    0.056      17442.837         059003.000153   059003.000218          1.0000  cm-1
28216.718    0.056      17442.837         059003.000165   059003.000233 P        0.0000  cm-1
28207.712    0.024      3467.220          059003.000146   059003.000208          1.0000  cm-1
28192.232    0.100      5146.165          059003.000149   059003.000209          1.0000  cm-1
28177.151    0.024      2546.680          059003.000153   059003.000217          1.0000  cm-1
28084.999    0.024      1593.429          059003.000187   059003.000280          1.0000  cm-1
28084.999    0.024      1593.429          059003.000348   059003.000529 P        0.0000  cm-1
28058.072    0.080      19549.554         059003.000338   059003.000424 P        0.0000  cm-1
28058.072    0.080      19549.554         059003.000142   059003.000201          1.0000  cm-1
28047.162    0.100      23282.362         059003.000188   059003.000282          1.0000  cm-1
28035.839    0.080      6929.922          059003.000189   059003.000282          1.0000  cm-1
28019.712    0.228      761.392           059003.000190   059003.000283          1.0000  cm-1
28019.712    0.228      761.392           059003.000338   059003.000504 P        0.0000  cm-1
28015.622    0.024      1518.448          059003.000160   059003.000224          1.0000  cm-1
27990.500    0.024      746.022           059003.000438   059003.000543 P        0.0000  cm-1
27967.532    0.055      1468.252          059003.000158   059003.000220          0.1386  cm-1
27967.532    0.055      1468.252          059003.000150   059003.000211          0.8614  cm-1
27950.081    0.023      6526.767          059003.000315   059003.000416 P        0.0000  cm-1
27950.081    0.023      6526.767          059003.000166   059003.000230          1.0000  cm-1
27950.081    0.023      6526.767          059003.000559   059003.000522 P        0.0000  cm-1
27945.783    0.080      5784.091          059003.000142   059003.000200          1.0000  cm-1
27945.783    0.080      5784.091          059003.000341   059003.000508 P        0.0000  cm-1
27941.231    0.080      5044.925          059003.000352   059003.000614 P        0.0000  cm-1
27941.231    0.080      5044.925          059003.000352   059003.000613 P        0.0000  cm-1
27941.231    0.080      5044.925          059003.000148   059003.000208          1.0000  cm-1
27888.650    0.023      6250.573          059003.000077   059003.000186          1.0000  cm-1
27848.051    0.100      5398.855          059003.000149   059003.000208          1.0000  cm-1
27848.051    0.100      5398.855          059003.000548   059003.000512 P        0.0000  cm-1
27836.783    0.225      20084.722         059003.000149   059003.000207          1.0000  cm-1
27836.783    0.225      20084.722         059003.000184   059003.000436 P        0.0000  cm-1
27835.460    0.023      2675.452          059003.000037   059003.000163          1.0000  cm-1
27807.750    0.023      1311.677          059003.000056   059003.000180          1.0000  cm-1
27760.662    0.023      4439.580          059003.000153   059003.000216          1.0000  cm-1
27760.662    0.023      4439.580          059003.000281   059003.000549 P        0.0000  cm-1
27744.278    0.023      4388.003          059003.000038   059003.000163          1.0000  cm-1
27715.441    0.100      2456.311          059003.000192   059003.000287          1.0000  cm-1
27683.040    0.023      600.002           059003.000111   059003.000193          1.0000  cm-1
27665.802    0.023      592.635           059003.000172   059003.000234          1.0000  cm-1
27664.059    0.023      591.895           059003.000317   059003.000417 P        0.0000  cm-1
27659.728    0.080      590.059           059003.000139   059003.000197          1.0000  cm-1
27544.803    0.053      543.243           059003.000156   059003.000214          0.0432  cm-1
27544.803    0.053      543.243           059003.000077   059003.000185          0.9568  cm-1
27508.802    0.053      4763.822          059003.000154   059003.000213          1.0000  cm-1
27508.802    0.053      4763.822          059003.000357   059003.000617 P        0.0000  cm-1
27446.761    0.023      3036.637          059003.000164   059003.000226          1.0000  cm-1
27446.761    0.023      3036.637          059003.000342   059003.000424 P        0.0000  cm-1
27443.332    0.053      4543.674          059003.000190   059003.000280 P        0.0000  cm-1
27440.789    0.080      503.925           059003.000548   059003.000510 P        0.0000  cm-1
27440.789    0.080      503.925           059003.000133   059003.000195          1.0000  cm-1
27431.013    0.100      4503.361          059003.000150   059003.000208          1.0000  cm-1
27423.731    0.023      497.744           059003.000547   059003.000623 P        0.0000  cm-1
27399.033    0.023      488.926           059003.000452   059003.000563 P        0.0000  cm-1
27389.111    0.023      1941.704          059003.000358   059003.000619 P        0.0000  cm-1
27389.111    0.023      1941.704          059003.000158   059003.000216          1.0000  cm-1
27380.320    0.022      482.346           059003.000001   059003.000120          1.0000  cm-1
27380.320    0.022      482.346           059003.000358   059003.000618 P        0.0000  cm-1
27368.628    0.022      4304.515          059003.000348   059003.000522 P        0.0000  cm-1
27362.619    0.022      85716.500         059003.000166   059003.000226          1.0000  cm-1
27357.528    0.022      3795.601          059003.000548   059003.000508 P        0.0000  cm-1
27357.528    0.022      3795.601          059003.000152   059003.000207          1.0000  cm-1
27351.480    0.022      3779.009          059003.000192   059003.000444          1.0000  cm-1
27350.513    0.022      1888.182          059003.000177   059003.000244          1.0000  cm-1
27322.358    0.022      1387.547          059003.000560   059003.000521 P        0.0000  cm-1
27322.358    0.022      1387.547          059003.000031   059003.000126          1.0000  cm-1
27298.589    0.022      4546.193          059003.000179   059003.000264          1.0000  cm-1
27298.589    0.022      4546.193          059003.000285   059003.000343 P        0.0000  cm-1
27298.589    0.022      4546.193          059003.000546   059003.000502 P        0.0000  cm-1
27267.659    0.080      889.092           059003.000148   059003.000205          1.0000  cm-1
27265.561    0.022      443.871           059003.000164   059003.000225          1.0000  cm-1
27260.163    0.052      1768.555          059003.000550   059003.000509 P        0.0000  cm-1
27257.911    0.022      882.837           059003.000284   059003.000552          1.0000  cm-1
27237.387    0.022      869.810           059003.000186   059003.000438          1.0000  cm-1
27220.832    0.022      3437.778          059003.000164   059003.000223          1.0000  cm-1
27208.707    0.100      1703.866          059003.000165   059003.000224          1.0000  cm-1
27203.441    0.022      424.346           059003.000159   059003.000216          1.0000  cm-1
27197.737    0.022      2112.986          059003.000144   059003.000201          1.0000  cm-1
27187.262    0.022      419.405           059003.000320   059003.000415 P        0.0000  cm-1
27179.820    0.100      12514.586         059003.000134   059003.000195          1.0000  cm-1
27174.781    0.022      12469.041         059003.000154   059003.000212          1.0000  cm-1
27163.478    0.100      1236.750          059003.000134   059003.000194          1.0000  cm-1
27157.810    0.022      410.564           059003.000112   059003.000193          1.0000  cm-1
27150.988    0.022      408.543           059003.000065   059003.000183          1.0000  cm-1
27150.988    0.022      408.543           059003.000342   059003.000502 P        0.0000  cm-1
27150.988    0.022      408.543           059003.000191   059003.000281 P        0.0000  cm-1
27150.988    0.022      408.543           059003.000562   059003.000533 P        0.0000  cm-1
27146.337    0.022      1221.515          059003.000156   059003.000212          1.0000  cm-1
27138.561    0.022      1619.556          059003.000456   059003.000570 P        0.0000  cm-1
27138.561    0.022      1619.556          059003.000001   059003.000119          1.0000  cm-1
27116.360    0.051      3586.007          059003.000155   059003.000211          1.0000  cm-1
27094.033    0.022      392.073           059003.000041   059003.000174          1.0000  cm-1
27085.380    0.051      3896.317          059003.000144   059003.000200          1.0000  cm-1
27085.380    0.051      3896.317          059003.000549   059003.000506 P        0.0000  cm-1
27076.393    0.022      387.113           059003.000545   059003.000500 P        0.0000  cm-1
27075.081    0.022      386.747           059003.000180   059003.000264          1.0000  cm-1
27059.920    0.022      765.084           059003.000160   059003.000220          1.0000  cm-1
27059.467    0.022      1529.668          059003.000036   059003.000159          1.0000  cm-1
27009.870    0.051      738.000           059003.000171   059003.000230          1.0000  cm-1
26982.650    0.022      361.851           059003.000173   059003.000231          1.0000  cm-1
26979.039    0.022      360.914           059003.000552   059003.000425          1.0000  cm-1
26953.479    0.100      3189.200          059003.000141   059003.000197          1.0000  cm-1
26953.479    0.100      3189.200          059003.000153   059003.000210 P        0.0000  cm-1
26937.833    0.051      700.809           059003.000282   059003.000342 P        0.0000  cm-1
26937.833    0.051      700.809           059003.000160   059003.000218 P        0.0000  cm-1
26898.123    0.051      1021.775          059003.000167   059003.000223          1.0000  cm-1
26898.123    0.051      1021.775          059003.000160   059003.000217 P        0.0000  cm-1
26822.501    0.050      322.733           059003.000554   059003.000512 P        0.0000  cm-1
26822.501    0.050      322.733           059003.000184   059003.000268 P        0.0000  cm-1
26756.773    0.208      924.187           059003.000158   059003.000211          1.0000  cm-1
26756.773    0.208      924.187           059003.000552   059003.000505 P        0.0000  cm-1
26756.773    0.208      924.187           059003.000282   059003.000340 P        0.0000  cm-1
26730.248    0.021      2116.510          059003.000550   059003.000504 P        0.0000  cm-1
26730.248    0.021      2116.510          059003.000151   059003.000205          1.0000  cm-1
26693.503    0.021      589.315           059003.000146   059003.000201          1.0000  cm-1
26645.843    0.021      570.015           059003.000115   059003.000193          1.0000  cm-1
26633.023    0.021      1129.902          059003.000180   059003.000261          1.0000  cm-1
26597.802    0.050      275.656           059003.000180   059003.000260 P        0.0000  cm-1
26597.802    0.050      275.656           059003.000557   059003.000512 P        0.0000  cm-1
26581.203    0.021      545.022           059003.000146   059003.000200          1.0000  cm-1
26579.973    0.049      544.560           059003.000147   059003.000201 P        0.0000  cm-1
26579.973    0.049      544.560           059003.000155   059003.000208          1.0000  cm-1
26569.019    0.021      1621.380          059003.000155   059003.000207          1.0000  cm-1
26564.310    0.205      269.355           059003.000158   059003.000209          1.0000  cm-1
26529.699    0.021      1052.101          059003.000040   059003.000167          1.0000  cm-1
26525.960    0.021      1049.410          059003.000308   059003.000565 P        0.0000  cm-1
26491.173    0.021      256.194           059003.000551   059003.000503 P        0.0000  cm-1
26491.173    0.021      256.194           059003.000305   059003.000564 P        0.0000  cm-1
26491.173    0.021      256.194           059003.000445   059003.000560 P        0.0000  cm-1
26422.387    0.049      2200.849          059003.000171   059003.000226          1.0000  cm-1
26415.333    0.021      973.528           059003.000172   059003.000226          1.0000  cm-1
26415.333    0.021      973.528           059003.000291   059003.000557 P        0.0000  cm-1
26332.547    0.049      1381.916          059003.000146   059003.000199          1.0000  cm-1
26332.547    0.049      1381.916          059003.000556   059003.000510 P        0.0000  cm-1
26314.727    0.021      227.629           059003.000148   059003.000200          1.0000  cm-1
26311.532    0.021      227.150           059003.000558   059003.000513 P        0.0000  cm-1
26285.901    0.100      893.456           059003.000192   059003.000280          1.0000  cm-1
26261.631    0.100      659.570           059003.000548   059003.000500 P        0.0000  cm-1
26261.631    0.100      659.570           059003.000150   059003.000202          1.0000  cm-1
26252.941    0.108      218.619           059003.000165   059003.000220          1.0000  cm-1
26247.400    0.021      2178.350          059003.000038   059003.000159          1.0000  cm-1
26221.570    0.100      856.921           059003.000149   059003.000200          1.0000  cm-1
26211.108    0.021      425.587           059003.000343   059003.000503 P        0.0000  cm-1
26211.108    0.021      425.587           059003.000043   059003.000175          1.0000  cm-1
26189.410    0.021      12591.409         059003.000172   059003.000223          1.0000  cm-1
26172.562    0.021      1660.927          059003.000181   059003.000264          1.0000  cm-1
26163.578    0.021      1445.042          059003.000164   059003.000219          1.0000  cm-1
26163.578    0.021      1445.042          059003.000557   059003.000509 P        0.0000  cm-1
26157.983    0.021      1645.631          059003.000039   059003.000160 P        0.0000  cm-1
26152.888    0.021      205.042           059003.000347   059003.000513 P        0.0000  cm-1
26152.888    0.021      205.042           059003.000037   059003.000158          1.0000  cm-1
26130.813    0.100      1819.867          059003.000344   059003.000503 P        0.0000  cm-1
26130.813    0.100      1819.867          059003.000165   059003.000218          1.0000  cm-1
26130.813    0.100      1819.867          059003.000554   059003.000506 P        0.0000  cm-1
26036.588    0.020      554.691           059003.000154   059003.000206          1.0000  cm-1
26008.111    0.047      540.365           059003.000346   059003.000506 P        0.0000  cm-1
26008.111    0.047      540.365           059003.000156   059003.000206          1.0000  cm-1
26000.070    0.047      1341.000          059003.000144   059003.000198          1.0000  cm-1
25916.540    0.020      3729.043          059003.000324   059003.000415 P        0.0000  cm-1
25916.540    0.020      3729.043          059003.000154   059003.000205          1.0000  cm-1
25895.212    0.047      975.512           059003.000153   059003.000204          1.0000  cm-1
25887.328    0.500      14529.533         059003.000156   059003.000205 P        0.0000  cm-1
25887.328    0.500      14529.533         059003.000188   059003.000441          1.0000  cm-1
25887.328    0.500      14529.533         059003.000274   059003.000321 P        0.0000  cm-1
25876.023    0.500      1438.315          059003.000345   059003.000623 P        0.0000  cm-1
25876.023    0.500      1438.315          059003.000189   059003.000441          1.0000  cm-1
25876.023    0.500      1438.315          059003.000186   059003.000436 P        0.0000  cm-1
25876.023    0.500      1438.315          059003.000042   059003.000169 P        0.0000  cm-1
25860.100    0.020      472.667           059003.000554   059003.000504 P        0.0000  cm-1
25795.563    0.047      223.191           059003.000035   059003.000151          1.0000  cm-1
25787.288    0.020      664.713           059003.000161   059003.000215          1.0000  cm-1
25780.371    0.020      220.228           059003.000554   059003.000623 P        0.0000  cm-1
25763.821    0.020      651.164           059003.000326   059003.000416 P        0.0000  cm-1
25739.148    0.046      424.854           059003.000327   059003.000418 P        0.0000  cm-1
25732.983    0.020      2112.901          059003.000038   059003.000157          1.0000  cm-1
25691.767    0.100      1631.015          059003.000183   059003.000261          1.0000  cm-1
25657.663    0.046      395.969           059003.000347   059003.000508 P        0.0000  cm-1
25640.338    0.020      1365.509          059003.000121   059003.000193          1.0000  cm-1
25598.708    0.020      1882.905          059003.000154   059003.000203          1.0000  cm-1
25555.970    0.020      726.531           059003.000150   059003.000199 P        0.0000  cm-1
25548.669    0.500      1444.200          059003.000327   059003.000416 P        0.0000  cm-1
25548.669    0.500      1444.200          059003.000439   059003.000323 P        0.0000  cm-1
25495.789    0.020      1036.518          059003.000146   059003.000198          1.0000  cm-1
25495.789    0.020      1036.518          059003.000560   059003.000514 P        0.0000  cm-1
25460.279    0.019      335.544           059003.000355   059003.000604 P        0.0000  cm-1
25448.022    0.045      332.190           059003.000348   059003.000513 P        0.0000  cm-1
25448.022    0.045      332.190           059003.000354   059003.000594          1.0000  cm-1
25429.659    0.019      2454.349          059003.000166   059003.000214          1.0000  cm-1
25414.508    0.019      1292.953          059003.000562   059003.000528 P        0.0000  cm-1
25409.837    0.045      161.008           059003.000001   059003.000111          1.0000  cm-1
25340.662    0.019      456.881           059003.000145   059003.000196          1.0000  cm-1
25340.662    0.019      456.881           059003.000558   059003.000504 P        0.0000  cm-1
25318.869    0.186      1197.409          059003.000051   059003.000177          1.0000  cm-1
25318.869    0.186      1197.409          059003.000366   059003.000618 P        0.0000  cm-1
25216.339    0.019      138.126           059003.000445   059003.000346 P        0.0000  cm-1
25193.214    0.500      814.118           059003.000184   059003.000264 P        0.0000  cm-1
25193.214    0.500      814.118           059003.000367   059003.000609 P        0.0000  cm-1
25193.214    0.500      814.118           059003.000555   059003.000500 P        0.0000  cm-1
25193.214    0.500      814.118           059003.000368   059003.000613 P        0.0000  cm-1
25155.623    0.019      527.370           059003.000092   059003.000185          1.0000  cm-1
25132.138    0.019      1036.126          059003.000172   059003.000219          1.0000  cm-1
25124.103    0.019      2574.647          059003.000172   059003.000218          1.0000  cm-1
25124.103    0.019      2574.647          059003.000369   059003.000607 P        0.0000  cm-1
25117.551    0.019      512.394           059003.000330   059003.000417 P        0.0000  cm-1
25117.551    0.019      512.394           059003.000346   059003.000500 P        0.0000  cm-1
25115.280    0.019      19181.955         059003.000164   059003.000212          1.0000  cm-1
25103.833    0.019      760.709           059003.000347   059003.000623 P        0.0000  cm-1
25095.490    0.500      377.985           059003.000191   059003.000440 P        0.0000  cm-1
25095.490    0.500      377.985           059003.000370   059003.000618 P        0.0000  cm-1
25094.968    0.019      251.892           059003.000445   059003.000554 P        0.0000  cm-1
25082.632    0.500      374.373           059003.000283   059003.000543 P        0.0000  cm-1
25044.191    0.500      485.137           059003.000330   059003.000416 P        0.0000  cm-1
25044.191    0.500      485.137           059003.000329   059003.000415 P        0.0000  cm-1
25042.950    0.500      484.693           059003.000165   059003.000211          1.0000  cm-1
25042.950    0.500      484.693           059003.000370   059003.000614 P        0.0000  cm-1
25042.950    0.500      484.693           059003.000370   059003.000613 P        0.0000  cm-1
25006.280    0.019      471.834           059003.000348   059003.000509 P        0.0000  cm-1
25006.280    0.019      471.834           059003.000179   059003.000255          1.0000  cm-1
24991.690    0.120      23342.504         059003.000560   059003.000509 P        0.0000  cm-1
24991.690    0.120      23342.504         059003.000035   059003.000146          1.0000  cm-1
24986.919    0.019      930.472           059003.000173   059003.000218          1.0000  cm-1
24986.919    0.019      930.472           059003.000563   059003.000536 P        0.0000  cm-1
24933.308    0.044      223.817           059003.000044   059003.000168 P        0.0000  cm-1
24925.047    0.500      333.755           059003.000468   059003.000614 P        0.0000  cm-1
24925.047    0.500      333.755           059003.000468   059003.000613 P        0.0000  cm-1
24913.503    0.019      1103.428          059003.000038   059003.000152          1.0000  cm-1
24906.598    0.019      109.804           059003.000305   059003.000563 P        0.0000  cm-1
24894.949    0.043      217.809           059003.000047   059003.000174          1.0000  cm-1
24878.723    0.019      9690.155          059003.000039   059003.000153          1.0000  cm-1
24866.922    0.019      640.694           059003.000165   059003.000210 P        0.0000  cm-1
24809.323    0.018      18469.139         059003.000033   059003.000129          1.0000  cm-1
24803.938    0.043      408.913           059003.000559   059003.000502 P        0.0000  cm-1
24792.521    0.018      710.035           059003.000167   059003.000212 P        0.0000  cm-1
24792.521    0.018      710.035           059003.000035   059003.000145          1.0000  cm-1
24719.230    0.018      675.814           059003.000150   059003.000198          1.0000  cm-1
24686.440    0.018      755.780           059003.000156   059003.000199          1.0000  cm-1
24671.373    0.018      187.086           059003.000162   059003.000207          1.0000  cm-1
24669.189    0.018      560.457           059003.000284   059003.000333 P        0.0000  cm-1
24593.417    0.500      622.680           059003.000158   059003.000200          1.0000  cm-1
24593.417    0.500      622.680           059003.000348   059003.000505 P        0.0000  cm-1
24593.417    0.500      622.680           059003.000151   059003.000197 P        0.0000  cm-1
24593.417    0.500      622.680           059003.000563   059003.000535 P        0.0000  cm-1
24586.528    0.500      88.566            059003.000452   059003.000561 P        0.0000  cm-1
24586.528    0.500      88.566            059003.000334   059003.000497 P        0.0000  cm-1
24576.368    0.042      87.998            059003.000333   059003.000416 P        0.0000  cm-1
24498.063    0.080      335.248           059003.000142   059003.000194          1.0000  cm-1
24489.399    0.018      416.844           059003.000171   059003.000214          1.0000  cm-1
24487.157    0.018      1248.823          059003.000032   059003.000120          1.0000  cm-1
24477.101    0.018      82.747            059003.000348   059003.000504 P        0.0000  cm-1
24458.292    0.018      654.477           059003.000179   059003.000251          1.0000  cm-1
24417.839    0.018      558.980           059003.000172   059003.000213 P        0.0000  cm-1
24365.417    0.018      619.495           059003.000173   059003.000215          1.0000  cm-1
24364.922    0.100      387.073           059003.000150   059003.000196          1.0000  cm-1
24350.620    0.042      383.888           059003.000458   059003.000429 P        0.0000  cm-1
24307.110    0.018      1497.910          059003.000179   059003.000250          1.0000  cm-1
24259.977    0.041      2188.469          059003.000055   059003.000177          1.0000  cm-1
24195.251    0.018      563.399           059003.000176   059003.000216          1.0000  cm-1
24187.582    0.041      490.957           059003.000038   059003.000147          1.0000  cm-1
24171.991    0.018      139.116           059003.000181   059003.000256          1.0000  cm-1
24170.173    0.041      208.474           059003.000374   059003.000621          1.0000  cm-1
24165.242    0.041      415.863           059003.000037   059003.000146 P        0.0000  cm-1
24165.242    0.041      415.863           059003.000051   059003.000173 P        0.0000  cm-1
24133.421    0.017      6134.956          059003.000349   059003.000583          1.0000  cm-1
24121.693    0.017      8130.464          059003.000179   059003.000248          1.0000  cm-1
24111.571    0.041      404.412           059003.000349   059003.000578          1.0000  cm-1
24110.240    0.041      538.848           059003.000161   059003.000205          0.8508  cm-1
24110.240    0.041      538.848           059003.000349   059003.000581          0.1492  cm-1
24107.718    0.041      672.691           059003.000374   059003.000616 P        0.0000  cm-1
24107.718    0.041      672.691           059003.000349   059003.000580          1.0000  cm-1
24106.787    0.041      537.896           059003.000443   059003.000332 P        0.0000  cm-1
24106.787    0.041      537.896           059003.000349   059003.000579          1.0000  cm-1
24102.079    0.017      6036.794          059003.000374   059003.000615          1.0000  cm-1
24092.413    0.017      1001.194          059003.000350   059003.000582          1.0000  cm-1
24092.413    0.017      1001.194          059003.000348   059003.000501 P        0.0000  cm-1
24087.289    0.017      399.438           059003.000161   059003.000204          1.0000  cm-1
24083.812    0.017      664.561           059003.000172   059003.000212 P        0.0000  cm-1
24075.148    0.017      529.331           059003.000180   059003.000249          1.0000  cm-1
24071.937    0.017      1651.493          059003.000350   059003.000581          1.0000  cm-1
24070.870    0.017      1320.487          059003.000445   059003.000548 P        0.0000  cm-1
24070.870    0.017      1320.487          059003.000374   059003.000610          1.0000  cm-1
24062.323    0.041      197.227           059003.000374   059003.000608          1.0000  cm-1
24039.481    0.017      130.003           059003.000039   059003.000150          1.0000  cm-1
24031.981    0.040      259.047           059003.000043   059003.000160          1.0000  cm-1
24025.317    0.017      322.753           059003.000375   059003.000614          1.0000  cm-1
24002.272    0.040      510.654           059003.000375   059003.000611          1.0000  cm-1
23997.468    0.017      509.473           059003.000375   059003.000609          1.0000  cm-1
23990.817    0.040      571.328           059003.000375   059003.000608          1.0000  cm-1
23961.720    0.017      5634.786          059003.000351   059003.000590          1.0000  cm-1
23953.544    0.040      374.211           059003.000360   059003.000601          1.0000  cm-1
23946.642    0.017      62.167            059003.000173   059003.000212          1.0000  cm-1
23929.047    0.040      184.984           059003.000360   059003.000597 P        0.0000  cm-1
23927.694    0.017      1540.569          059003.000360   059003.000596          1.0000  cm-1
23922.924    0.040      184.462           059003.000282   059003.000326 P        0.0000  cm-1
23918.027    0.017      9202.376          059003.000376   059003.000620          1.0000  cm-1
23914.919    0.017      551.357           059003.000360   059003.000594          1.0000  cm-1
23911.864    0.017      1529.406          059003.000360   059003.000592          1.0000  cm-1
23898.409    0.081      486.422           059003.000173   059003.000211          0.5122  cm-1
23898.409    0.081      486.422           059003.000180   059003.000248          0.4878  cm-1
23897.672    0.017      1215.648          059003.000351   059003.000583          1.0000  cm-1
23892.834    0.105      10916.916         059003.000166   059003.000206          1.0000  cm-1
23892.834    0.105      10916.916         059003.000561   059003.000520 P        0.0000  cm-1
23875.837    0.040      60.188            059003.000351   059003.000578          1.0000  cm-1
23875.837    0.040      60.188            059003.000359   059003.000429 P        0.0000  cm-1
23864.203    0.017      59.877            059003.000179   059003.000247          1.0000  cm-1
23858.959    0.017      298.693           059003.000107   059003.000186          1.0000  cm-1
23856.830    0.040      895.237           059003.000376   059003.000615          1.0000  cm-1
23819.773    0.017      14094.346         059003.000361   059003.000599          1.0000  cm-1
23819.773    0.017      14094.346         059003.000312   059003.000565 P        0.0000  cm-1
23812.490    0.017      409.802           059003.000179   059003.000245          1.0000  cm-1
23792.497    0.017      58.047            059003.000161   059003.000203          1.0000  cm-1
23789.909    0.017      1159.683          059003.000361   059003.000595          1.0000  cm-1
23788.308    0.017      869.176           059003.000361   059003.000594          1.0000  cm-1
23785.308    0.017      462.976           059003.000361   059003.000592          1.0000  cm-1
23780.047    0.017      1443.611          059003.000336   059003.000418 P        0.0000  cm-1
23777.562    0.017      1442.111          059003.000154   059003.000197          1.0000  cm-1
23773.163    0.017      575.787           059003.000180   059003.000435          1.0000  cm-1
23754.569    0.040      285.687           059003.000362   059003.000606          1.0000  cm-1
23749.140    0.017      855.154           059003.000156   059003.000197          1.0000  cm-1
23733.197    0.039      169.925           059003.000463   059003.000596 P        0.0000  cm-1
23732.036    0.039      113.230           059003.000044   059003.000160 P        0.0000  cm-1
23693.109    0.017      6689.270          059003.000362   059003.000599 P        0.0000  cm-1
23693.109    0.017      6689.270          059003.000362   059003.000598          1.0000  cm-1
23665.599    0.017      330.910           059003.000399   059003.000622          1.0000  cm-1
23661.180    0.017      1651.751          059003.000037   059003.000144          1.0000  cm-1
23651.803    0.039      384.033           059003.000001   059003.000097          0.6619  cm-1
23651.803    0.039      384.033           059003.000179   059003.000243          0.1765  cm-1
23651.803    0.039      384.033           059003.000179   059003.000433          0.1616  cm-1
23643.878    0.017      1640.927          059003.000052   059003.000172          1.0000  cm-1
23637.750    0.017      1091.431          059003.000144   059003.000194          1.0000  cm-1
23636.868    0.017      1636.604          059003.000052   059003.000171          1.0000  cm-1
23635.549    0.039      327.159           059003.000031   059003.000108          1.0000  cm-1
23625.887    0.017      9779.433          059003.000363   059003.000605          1.0000  cm-1
23623.837    0.017      54.289            059003.000182   059003.000253          1.0000  cm-1
23623.837    0.017      54.289            059003.000470   059003.000612 P        0.0000  cm-1
23593.976    0.017      161.094           059003.000336   059003.000416 P        0.0000  cm-1
23580.759    0.017      106.886           059003.000048   059003.000167          1.0000  cm-1
23580.759    0.017      106.886           059003.000471   059003.000611 P        0.0000  cm-1
23574.659    0.017      426.616           059003.000545   059003.000499 P        0.0000  cm-1
23569.929    0.017      106.475           059003.000038   059003.000144 P        0.0000  cm-1
23569.929    0.017      106.475           059003.000471   059003.000607          1.0000  cm-1
23565.761    0.017      1063.183          059003.000363   059003.000599 P        0.0000  cm-1
23565.761    0.017      1063.183          059003.000363   059003.000598          1.0000  cm-1
23550.433    0.017      264.371           059003.000377   059003.000618          1.0000  cm-1
23547.722    0.017      792.366           059003.000352   059003.000583          1.0000  cm-1
23539.189    0.017      1580.062          059003.000164   059003.000203          1.0000  cm-1
23533.748    0.060      420.562           059003.000192   059003.000274          1.0000  cm-1
23529.311    0.017      262.453           059003.000039   059003.000148          1.0000  cm-1
23526.726    0.017      1573.329          059003.000377   059003.000617          1.0000  cm-1
23525.807    0.017      1572.837          059003.000352   059003.000578 P        0.0000  cm-1
23525.807    0.017      1572.837          059003.000153   059003.000196          1.0000  cm-1
23521.910    0.039      523.585           059003.000352   059003.000580          0.7270  cm-1
23521.910    0.039      523.585           059003.000036   059003.000142          0.2730  cm-1
23521.134    0.017      2093.790          059003.000352   059003.000579          1.0000  cm-1
23484.551    0.017      1292.774          059003.000353   059003.000578          1.0000  cm-1
23480.652    0.039      1032.903          059003.000353   059003.000580          1.0000  cm-1
23475.459    0.017      464.022           059003.000377   059003.000612          1.0000  cm-1
23462.936    0.017      462.154           059003.000380   059003.000619          1.0000  cm-1
23453.997    0.039      204.817           059003.000380   059003.000618          1.0000  cm-1
23438.082    0.016      1018.972          059003.000364   059003.000601          1.0000  cm-1
23428.294    0.016      1015.880          059003.000180   059003.000243          0.1709  cm-1
23428.294    0.016      1015.880          059003.000180   059003.000433          0.8291  cm-1
23424.228    0.016      1014.607          059003.000300   059003.000347 P        0.0000  cm-1
23419.098    0.016      506.506           059003.000378   059003.000614          0.4169  cm-1
23419.098    0.016      506.506           059003.000378   059003.000613          0.5831  cm-1
23413.707    0.016      1011.348          059003.000364   059003.000597          1.0000  cm-1
23412.274    0.016      303.272           059003.000364   059003.000596          1.0000  cm-1
23396.868    0.038      1509.343          059003.000364   059003.000593          1.0000  cm-1
23396.868    0.038      1509.343          059003.000378   059003.000612 P        0.0000  cm-1
23391.491    0.016      251.155           059003.000379   059003.000612          1.0000  cm-1
23391.016    0.016      200.896           059003.000379   059003.000611          1.0000  cm-1
23386.179    0.016      1504.562          059003.000379   059003.000609          1.0000  cm-1
23385.397    0.016      401.124           059003.000378   059003.000607          1.0000  cm-1
23384.839    0.016      9023.805          059003.000061   059003.000178          1.0000  cm-1
23380.158    0.038      500.633           059003.000379   059003.000607          1.0000  cm-1
23379.550    0.016      300.327           059003.000379   059003.000608          1.0000  cm-1
23375.252    0.038      449.925           059003.000381   059003.000618          1.0000  cm-1
23361.969    0.016      249.000           059003.000338   059003.000416 P        0.0000  cm-1
23361.969    0.016      249.000           059003.000173   059003.000208          1.0000  cm-1
23351.583    0.016      198.610           059003.000381   059003.000617          1.0000  cm-1
23350.133    0.038      446.690           059003.000365   059003.000603          1.0000  cm-1
23346.763    0.016      297.510           059003.000365   059003.000600          1.0000  cm-1
23346.763    0.016      297.510           059003.000341   059003.000499 P        0.0000  cm-1
23333.822    0.016      1976.230          059003.000040   059003.000151          1.0000  cm-1
23332.264    0.016      98.769            059003.000181   059003.000251          1.0000  cm-1
23323.462    0.016      5911.768          059003.000354   059003.000584          1.0000  cm-1
23322.707    0.016      492.545           059003.000381   059003.000614          0.3509  cm-1
23322.707    0.016      492.545           059003.000381   059003.000613          0.6491  cm-1
23319.138    0.016      1476.196          059003.000051   059003.000167          1.0000  cm-1
23319.138    0.016      1476.196          059003.000295   059003.000344 P        0.0000  cm-1
23312.672    0.016      196.481           059003.000454   059003.000561 P        0.0000  cm-1
23310.167    0.016      490.870           059003.000562   059003.000518 P        0.0000  cm-1
23304.988    0.016      392.149           059003.000365   059003.000601          1.0000  cm-1
23300.290    0.038      440.615           059003.000381   059003.000612          1.0000  cm-1
23292.066    0.016      1465.519          059003.000354   059003.000579          1.0000  cm-1
23280.533    0.038      292.221           059003.000365   059003.000597          1.0000  cm-1
23265.847    0.016      388.159           059003.000547   059003.000498 P        0.0000  cm-1
23262.771    0.016      290.892           059003.000039   059003.000146          1.0000  cm-1
23257.781    0.016      387.367           059003.000131   059003.000193 P        0.0000  cm-1
23248.354    0.016      48.307            059003.000038   059003.000143          1.0000  cm-1
23232.972    0.048      1443.729          059003.000186   059003.000264          1.0000  cm-1
23225.184    0.038      384.269           059003.000360   059003.000429 P        0.0000  cm-1
23225.184    0.038      384.269           059003.000307   059003.000563          1.0000  cm-1
23211.608    0.038      430.906           059003.000177   059003.000215 P        0.0000  cm-1
23211.608    0.038      430.906           059003.000355   059003.000587          1.0000  cm-1
23202.089    0.038      429.946           059003.000032   059003.000114          1.0000  cm-1
23202.089    0.038      429.946           059003.000281   059003.000322 P        0.0000  cm-1
23185.709    0.038      428.330           059003.000355   059003.000585          1.0000  cm-1
23171.919    0.016      189.780           059003.000366   059003.000604          1.0000  cm-1
23161.247    0.016      4260.028          059003.000356   059003.000591          0.6607  cm-1
23161.247    0.016      4260.028          059003.000383   059003.000616          0.3393  cm-1
23138.292    0.037      235.506           059003.000357   059003.000588          1.0000  cm-1
23134.689    0.016      329.460           059003.000185   059003.000261          1.0000  cm-1
23133.919    0.016      141.174           059003.000183   059003.000249          1.0000  cm-1
23133.448    0.016      94.107            059003.000175   059003.000208          1.0000  cm-1
23124.277    0.037      469.642           059003.000043   059003.000158          0.7039  cm-1
23124.277    0.037      469.642           059003.000383   059003.000610          0.2961  cm-1
23124.277    0.037      469.642           059003.000561   059003.000515 P        0.0000  cm-1
23122.333    0.016      1173.637          059003.000383   059003.000609          1.0000  cm-1
23117.651    0.037      187.603           059003.000340   059003.000418 P        0.0000  cm-1
23116.299    0.016      93.776            059003.000383   059003.000607          1.0000  cm-1
23115.679    0.016      187.528           059003.000383   059003.000608          1.0000  cm-1
23112.328    0.016      1171.256          059003.000357   059003.000586          1.0000  cm-1
23112.328    0.016      1171.256          059003.000446   059003.000556 P        0.0000  cm-1
23110.093    0.016      187.317           059003.000056   059003.000176          1.0000  cm-1
23098.540    0.016      420.498           059003.000356   059003.000584          1.0000  cm-1
23085.162    0.016      1398.030          059003.000366   059003.000603 P        0.0000  cm-1
23083.643    0.016      139.762           059003.000384   059003.000619          1.0000  cm-1
23083.643    0.016      139.762           059003.000357   059003.000582 P        0.0000  cm-1
23081.779    0.016      186.284           059003.000366   059003.000600 P        0.0000  cm-1
23063.179    0.633      417.683           059003.000039   059003.000145 P        0.0000  cm-1
23063.179    0.633      417.683           059003.000366   059003.000602          0.6218  cm-1
23063.179    0.633      417.683           059003.000357   059003.000581          0.1246  cm-1
23063.179    0.633      417.683           059003.000180   059003.000240          0.2535  cm-1
23033.747    0.016      276.998           059003.000547   059003.000418 P        0.0000  cm-1
23026.673    0.016      1152.758          059003.000446   059003.000554 P        0.0000  cm-1
23026.673    0.016      1152.758          059003.000562   059003.000517 P        0.0000  cm-1
23023.546    0.016      276.515           059003.000163   059003.000201 P        0.0000  cm-1
23023.546    0.016      276.515           059003.000544   059003.000414 P        0.0000  cm-1
23010.281    0.037      229.920           059003.000044   059003.000159          1.0000  cm-1
23007.581    0.016      321.745           059003.000368   059003.000600          1.0000  cm-1
23007.581    0.016      321.745           059003.000564   059003.000535 P        0.0000  cm-1
23001.361    0.016      1147.931          059003.000341   059003.000418 P        0.0000  cm-1
22999.260    0.016      183.607           059003.000179   059003.000238          1.0000  cm-1
22994.537    0.016      412.805           059003.000182   059003.000248          1.0000  cm-1
22994.537    0.016      412.805           059003.000457   059003.000567 P        0.0000  cm-1
22992.293    0.016      412.658           059003.000298   059003.000556 P        0.0000  cm-1
22989.243    0.016      91.658            059003.000367   059003.000599          0.7852  cm-1
22989.243    0.016      91.658            059003.000368   059003.000602          0.2148  cm-1
22986.157    0.016      916.136           059003.000358   059003.000588          1.0000  cm-1
22970.681    0.016      365.589           059003.000367   059003.000596          1.0000  cm-1
22965.732    0.016      228.325           059003.000368   059003.000601          1.0000  cm-1
22960.200    0.016      365.023           059003.000358   059003.000586          1.0000  cm-1
22959.467    0.016      2737.379          059003.000367   059003.000595          1.0000  cm-1
22957.842    0.037      182.449           059003.000295   059003.000551 P        0.0000  cm-1
22957.842    0.037      182.449           059003.000367   059003.000594          1.0000  cm-1
22952.613    0.096      455.778           059003.000171   059003.000206          1.0000  cm-1
22950.284    0.016      45.563            059003.000189   059003.000269 P        0.0000  cm-1
22945.839    0.037      227.670           059003.000172   059003.000206 P        0.0000  cm-1
22944.522    0.016      318.679           059003.000547   059003.000497 P        0.0000  cm-1
22941.294    0.016      182.020           059003.000368   059003.000597          1.0000  cm-1
22940.152    0.016      318.485           059003.000474   059003.000614 P        0.0000  cm-1
22940.152    0.016      318.485           059003.000474   059003.000613 P        0.0000  cm-1
22931.423    0.016      181.774           059003.000340   059003.000416 P        0.0000  cm-1
22931.423    0.016      181.774           059003.000358   059003.000582          1.0000  cm-1
22931.423    0.016      181.774           059003.000446   059003.000345 P        0.0000  cm-1
22907.652    0.037      135.907           059003.000369   059003.000597          0.8521  cm-1
22907.652    0.037      135.907           059003.000458   059003.000582          0.1479  cm-1
22906.251    0.016      226.472           059003.000369   059003.000596          1.0000  cm-1
22905.610    0.016      271.744           059003.000371   059003.000604          1.0000  cm-1
22890.941    0.016      406.882           059003.000369   059003.000593          1.0000  cm-1
22889.228    0.037      316.399           059003.000385   059003.000614          1.0000  cm-1
22889.228    0.037      316.399           059003.000385   059003.000613 P        0.0000  cm-1
22876.008    0.037      90.260            059003.000562   059003.000514 P        0.0000  cm-1
22876.008    0.037      90.260            059003.000545   059003.000414 P        0.0000  cm-1
22866.266    0.016      405.724           059003.000385   059003.000611          1.0000  cm-1
22858.137    0.016      45.040            059003.000370   059003.000600          1.0000  cm-1
22855.419    0.016      270.164           059003.000385   059003.000607          1.0000  cm-1
22853.134    0.016      315.115           059003.000386   059003.000618          1.0000  cm-1
22829.901    0.016      359.284           059003.000406   059003.000622          1.0000  cm-1
22829.901    0.016      359.284           059003.000304   059003.000561 P        0.0000  cm-1
22825.574    0.070      4040.264          059003.000172   059003.000205          1.0000  cm-1
22816.990    0.016      4037.017          059003.000372   059003.000606          1.0000  cm-1
22816.376    0.016      313.973           059003.000370   059003.000601          1.0000  cm-1
22814.637    0.036      134.538           059003.000341   059003.000416 P        0.0000  cm-1
22814.637    0.036      134.538           059003.000562   059003.000513 P        0.0000  cm-1
22814.637    0.036      134.538           059003.000373   059003.000604          1.0000  cm-1
22800.972    0.016      44.792            059003.000037   059003.000142          1.0000  cm-1
22800.427    0.016      134.369           059003.000386   059003.000613 P        0.0000  cm-1
22791.907    0.016      223.789           059003.000370   059003.000597          1.0000  cm-1
22790.810    0.069      402.784           059003.000186   059003.000261          1.0000  cm-1
22790.499    0.016      402.774           059003.000370   059003.000596          1.0000  cm-1
22789.023    0.016      313.231           059003.000563   059003.000529 P        0.0000  cm-1
22786.390    0.036      223.689           059003.000341   059003.000415 P        0.0000  cm-1
22775.831    0.016      178.803           059003.000180   059003.000238          1.0000  cm-1
22775.188    0.016      223.493           059003.000370   059003.000593          1.0000  cm-1
22773.897    0.100      357.554           059003.000149   059003.000194          1.0000  cm-1
22764.697    0.036      1339.922          059003.000043   059003.000155          1.0000  cm-1
22727.631    0.036      222.787           059003.000373   059003.000603          1.0000  cm-1
22715.837    0.015      267.171           059003.000460   059003.000589          1.0000  cm-1
22715.367    0.015      178.110           059003.000090   059003.000182 P        0.0000  cm-1
22715.367    0.015      178.110           059003.000179   059003.000236          1.0000  cm-1
22709.980    0.015      89.030            059003.000364   059003.000429 P        0.0000  cm-1
22709.980    0.015      89.030            059003.000476   059003.000607          1.0000  cm-1
22709.391    0.015      133.542           059003.000054   059003.000169          0.2940  cm-1
22709.391    0.015      133.542           059003.000461   059003.000589          0.7060  cm-1
22708.122    0.036      311.577           059003.000460   059003.000588          1.0000  cm-1
22706.013    0.036      311.545           059003.000373   059003.000602          1.0000  cm-1
22703.209    0.036      89.001            059003.000467   059003.000594          1.0000  cm-1
22700.698    0.036      177.981           059003.000461   059003.000587 P        0.0000  cm-1
22700.698    0.036      177.981           059003.000467   059003.000593          1.0000  cm-1
22699.372    0.015      133.477           059003.000296   059003.000550 P        0.0000  cm-1
22698.668    0.015      44.491            059003.000293   059003.000544 P        0.0000  cm-1
22696.617    0.015      5338.421          059003.000052   059003.000166          1.0000  cm-1
22688.410    0.015      222.355           059003.000549   059003.000499 P        0.0000  cm-1
22688.410    0.015      222.355           059003.000173   059003.000205 P        0.0000  cm-1
22686.398    0.074      222.337           059003.000181   059003.000245          1.0000  cm-1
22685.233    0.084      133.396           059003.000182   059003.000245          1.0000  cm-1
22677.484    0.015      222.259           059003.000468   059003.000597          1.0000  cm-1
22665.347    0.015      88.866            059003.000173   059003.000204 P        0.0000  cm-1
22660.783    0.036      355.413           059003.000468   059003.000593          1.0000  cm-1
22630.662    0.036      44.394            059003.000122   059003.000187          1.0000  cm-1
22630.662    0.036      44.394            059003.000165   059003.000199 P        0.0000  cm-1
22612.430    0.015      5325.792          059003.000052   059003.000164          1.0000  cm-1
22577.098    0.036      310.627           059003.000462   059003.000587          1.0000  cm-1
22577.098    0.036      310.627           059003.000365   059003.000429 P        0.0000  cm-1
22577.098    0.036      310.627           059003.000549   059003.000498 P        0.0000  cm-1
22560.422    0.036      399.422           059003.000387   059003.000611 P        0.0000  cm-1
22560.422    0.036      399.422           059003.000179   059003.000235          1.0000  cm-1
22557.628    0.015      5325.792          059003.000387   059003.000610          1.0000  cm-1
22551.332    0.036      887.702           059003.000462   059003.000585          1.0000  cm-1
22549.060    0.015      1331.596          059003.000387   059003.000608          1.0000  cm-1
22545.652    0.015      44.389            059003.000124   059003.000188          1.0000  cm-1
22527.703    0.036      399.643           059003.000551   059003.000499 P        0.0000  cm-1
22527.703    0.036      399.643           059003.000001   059003.000087          1.0000  cm-1
22527.703    0.036      399.643           059003.000561   059003.000509 P        0.0000  cm-1
22524.460    0.015      266.449           059003.000182   059003.000433 P        0.0000  cm-1
22523.003    0.036      399.689           059003.000462   059003.000582          1.0000  cm-1
22513.256    0.035      310.953           059003.000388   059003.000614          0.8629  cm-1
22513.256    0.035      310.953           059003.000388   059003.000613          0.1371  cm-1
22491.901    0.015      1111.353          059003.000180   059003.000236          1.0000  cm-1
22490.758    0.015      222.281           059003.000388   059003.000612          1.0000  cm-1
22487.030    0.015      889.254           059003.000183   059003.000433          1.0000  cm-1
22479.400    0.015      311.339           059003.000388   059003.000607          1.0000  cm-1
22476.059    0.035      6672.543          059003.000048   059003.000160          1.0000  cm-1
22464.912    0.035      8011.296          059003.000044   059003.000155          1.0000  cm-1
22460.551    0.035      5342.048          059003.000058   059003.000173          1.0000  cm-1
22446.224    0.035      311.864           059003.000031   059003.000099          1.0000  cm-1
22433.029    0.035      401.289           059003.000034   059003.000137          0.3415  cm-1
22433.029    0.035      401.289           059003.000359   059003.000582          0.6585  cm-1
22416.008    0.015      267.831           059003.000551   059003.000498 P        0.0000  cm-1
22413.978    0.035      357.160           059003.000359   059003.000578          1.0000  cm-1
22412.470    0.015      1116.246          059003.000359   059003.000581          1.0000  cm-1
22410.113    0.015      5358.898          059003.000359   059003.000580 P        0.0000  cm-1
22406.120    0.015      8934.137          059003.000390   059003.000621          1.0000  cm-1
22397.969    0.035      268.192           059003.000389   059003.000617          1.0000  cm-1
22389.812    0.015      4025.506          059003.000056   059003.000170          1.0000  cm-1
22373.187    0.015      268.749           059003.000562   059003.000509 P        0.0000  cm-1
22369.177    0.015      2688.457          059003.000179   059003.000237          1.0000  cm-1
22369.177    0.015      2688.457          059003.000389   059003.000614 P        0.0000  cm-1
22369.177    0.015      2688.457          059003.000389   059003.000613 P        0.0000  cm-1
22343.744    0.035      898.351           059003.000549   059003.000418 P        0.0000  cm-1
22343.744    0.035      898.351           059003.000390   059003.000616          1.0000  cm-1
22332.733    0.035      224.846           059003.000167   059003.000199          1.0000  cm-1
22332.733    0.035      224.846           059003.000553   059003.000498 P        0.0000  cm-1
22323.343    0.066      315.106           059003.000058   059003.000172          1.0000  cm-1
22306.812    0.035      315.702           059003.000390   059003.000610 P        0.0000  cm-1
22270.299    0.035      362.468           059003.000286   059003.000322 P        0.0000  cm-1
22268.121    0.035      271.930           059003.000561   059003.000506 P        0.0000  cm-1
22263.003    0.015      317.474           059003.000179   059003.000233          1.0000  cm-1
22263.003    0.015      317.474           059003.000550   059003.000418 P        0.0000  cm-1
22260.242    0.015      4083.360          059003.000055   059003.000167          1.0000  cm-1
22214.454    0.035      13704.332         059003.000051   059003.000160          1.0000  cm-1
22194.728    0.034      320.802           059003.000184   059003.000249          1.0000  cm-1
22192.382    0.015      412.623           059003.000173   059003.000202 P        0.0000  cm-1
22172.862    0.015      414.024           059003.000179   059003.000231          1.0000  cm-1
22120.789    0.015      92.920            059003.000183   059003.000240          1.0000  cm-1
22083.911    0.015      1170.556          059003.000061   059003.000171          1.0000  cm-1
22043.903    0.034      1181.307          059003.000031   059003.000093          1.0000  cm-1
22043.903    0.034      1181.307          059003.000563   059003.000521 P        0.0000  cm-1
22024.838    0.015      1424.135          059003.000056   059003.000168          1.0000  cm-1
22024.838    0.015      1424.135          059003.000296   059003.000342 P        0.0000  cm-1
22017.852    0.015      285.322           059003.000184   059003.000248          1.0000  cm-1
21985.097    0.015      239.787           059003.000553   059003.000417 P        0.0000  cm-1
21977.803    0.086      144.153           059003.000068   059003.000177          1.0000  cm-1
21963.714    0.014      192.945           059003.000180   059003.000232          1.0000  cm-1
21949.551    0.034      48.428            059003.000180   059003.000231          1.0000  cm-1
21873.242    0.014      396.441           059003.000181   059003.000238          1.0000  cm-1
21872.002    0.090      347.024           059003.000182   059003.000238          1.0000  cm-1
21863.958    0.014      198.815           059003.000374   059003.000599 P        0.0000  cm-1
21863.958    0.014      198.815           059003.000374   059003.000598 P        0.0000  cm-1
21857.561    0.014      49.808            059003.000281   059003.000314 P        0.0000  cm-1
21838.052    0.014      3007.942          059003.000135   059003.000193          1.0000  cm-1
21831.724    0.033      351.681           059003.000345   059003.000499 P        0.0000  cm-1
21813.884    0.033      101.101           059003.000343   059003.000497 P        0.0000  cm-1
21813.884    0.033      101.101           059003.000368   059003.000428 P        0.0000  cm-1
21811.658    0.014      455.312           059003.000090   059003.000180          1.0000  cm-1
21794.714    0.033      50.896            059003.000300   059003.000549 P        0.0000  cm-1
21792.440    0.014      203.749           059003.000375   059003.000599          1.0000  cm-1
21777.723    0.014      409.690           059003.000448   059003.000553 P        0.0000  cm-1
21777.723    0.014      409.690           059003.000180   059003.000229          0.3933  cm-1
21777.723    0.014      409.690           059003.000392   059003.000613          0.6067  cm-1
21773.896    0.033      51.284            059003.000375   059003.000596 P        0.0000  cm-1
21762.572    0.014      257.504           059003.000375   059003.000595          1.0000  cm-1
21760.904    0.014      309.198           059003.000375   059003.000594 P        0.0000  cm-1
21755.804    0.014      309.795           059003.000001   059003.000084          1.0000  cm-1
21728.960    0.014      1043.410          059003.000063   059003.000174          1.0000  cm-1
21718.103    0.014      471.557           059003.000164   059003.000197          1.0000  cm-1
21687.941    0.014      265.207           059003.000343   059003.000415 P        0.0000  cm-1
21676.392    0.033      23983.902         059003.000044   059003.000152          1.0000  cm-1
21663.892    0.014      428.643           059003.000361   059003.000584          1.0000  cm-1
21614.703    0.033      32851.023         059003.000058   059003.000167          1.0000  cm-1
21614.703    0.033      32851.023         059003.000346   059003.000499 P        0.0000  cm-1
21546.578    0.014      56.536            059003.000393   059003.000609          1.0000  cm-1
21535.147    0.032      1705.645          059003.000001   059003.000082          1.0000  cm-1
21525.580    0.014      1713.785          059003.000033   059003.000113          1.0000  cm-1
21512.092    0.032      1725.475          059003.000176   059003.000201 P        0.0000  cm-1
21512.092    0.032      1725.475          059003.000065   059003.000176          1.0000  cm-1
21505.743    0.032      403.915           059003.000362   059003.000579 P        0.0000  cm-1
21505.743    0.032      403.915           059003.000155   059003.000194          1.0000  cm-1
21496.541    0.080      521.779           059003.000043   059003.000149          1.0000  cm-1
21486.802    0.031      874.038           059003.000173   059003.000199          1.0000  cm-1
21486.802    0.031      874.038           059003.000345   059003.000418 P        0.0000  cm-1
21480.144    0.014      7016.702          059003.000117   059003.000185          1.0000  cm-1
21447.989    0.032      535.366           059003.000103   059003.000181          1.0000  cm-1
21433.918    0.014      539.500           059003.000092   059003.000179          1.0000  cm-1
21412.759    0.032      121.309           059003.000308   059003.000563          1.0000  cm-1
21412.759    0.032      121.309           059003.000479   059003.000607 P        0.0000  cm-1
21343.041    0.014      505.329           059003.000395   059003.000619 P        0.0000  cm-1
21343.041    0.014      505.329           059003.000482   059003.000617 P        0.0000  cm-1
21338.644    0.014      570.005           059003.000038   059003.000138          1.0000  cm-1
21317.604    0.014      64.152            059003.000450   059003.000346 P        0.0000  cm-1
21273.147    0.014      131.943           059003.000187   059003.000260          1.0000  cm-1
21269.051    0.014      132.291           059003.000346   059003.000418 P        0.0000  cm-1
21248.401    0.014      402.238           059003.000364   059003.000578          1.0000  cm-1
21248.401    0.014      402.238           059003.000396   059003.000614 P        0.0000  cm-1
21248.401    0.014      402.238           059003.000396   059003.000613 P        0.0000  cm-1
21244.627    0.032      268.825           059003.000364   059003.000580 P        0.0000  cm-1
21243.150    0.060      605.444           059003.000181   059003.000237          1.0000  cm-1
21221.767    0.032      1023.537          059003.000035   059003.000135          1.0000  cm-1
21211.203    0.014      274.896           059003.000314   059003.000413 P        0.0000  cm-1
21208.823    0.031      41301.134         059003.000048   059003.000155          1.0000  cm-1
21196.867    0.031      624.597           059003.000541   059003.000493 P        0.0000  cm-1
21196.867    0.031      624.597           059003.000483   059003.000619 P        0.0000  cm-1
21196.867    0.031      624.597           059003.000048   059003.000153          0.9026  cm-1
21196.867    0.031      624.597           059003.000044   059003.000149          0.0974  cm-1
21159.558    0.094      569.837           059003.000068   059003.000176          1.0000  cm-1
21155.627    0.031      21428.591         059003.000055   059003.000160          1.0000  cm-1
21149.763    0.013      143.456           059003.000315   059003.000494 P        0.0000  cm-1
21149.763    0.013      143.456           059003.000379   059003.000594 P        0.0000  cm-1
21148.328    0.013      4308.089          059003.000122   059003.000186          1.0000  cm-1
21143.733    0.013      19450.353         059003.000061   059003.000166          1.0000  cm-1
21136.859    0.031      1447.918          059003.000043   059003.000146          1.0000  cm-1
21136.859    0.031      1447.918          059003.000300   059003.000341 P        0.0000  cm-1
21077.580    0.080      226.930           059003.000563   059003.000520 P        0.0000  cm-1
21077.580    0.080      226.930           059003.000189   059003.000263          1.0000  cm-1
21059.559    0.013      23007.539         059003.000061   059003.000164          1.0000  cm-1
21059.559    0.013      23007.539         059003.000347   059003.000499 P        0.0000  cm-1
21052.508    0.063      3084.404          059003.000068   059003.000175          1.0000  cm-1
21011.154    0.500      79.659            059003.000399   059003.000607 P        0.0000  cm-1
21011.154    0.500      79.659            059003.000399   059003.000608 P        0.0000  cm-1
20978.920    0.013      81.764            059003.000557   059003.000416 P        0.0000  cm-1
20971.748    0.013      246.742           059003.000382   059003.000603 P        0.0000  cm-1
20971.748    0.013      246.742           059003.000040   059003.000141          1.0000  cm-1
20950.477    0.031      25114.014         059003.000067   059003.000174 P        0.0000  cm-1
20950.477    0.031      25114.014         059003.000044   059003.000147          1.0000  cm-1
20947.320    0.013      83.935            059003.000294   059003.000543 P        0.0000  cm-1
20935.261    0.031      38156.787         059003.000051   059003.000153          1.0000  cm-1
20923.934    0.031      171.227           059003.000366   059003.000588          1.0000  cm-1
20897.907    0.013      262.671           059003.000366   059003.000586 P        0.0000  cm-1
20833.406    0.030      92.739            059003.000367   059003.000584          1.0000  cm-1
20814.438    0.013      188.739           059003.000484   059003.000619 P        0.0000  cm-1
20804.483    0.030      857.208           059003.000289   059003.000320 P        0.0000  cm-1
20804.483    0.030      857.208           059003.000122   059003.000185          1.0000  cm-1
20791.832    0.030      771.035           059003.000317   059003.000494 P        0.0000  cm-1
20791.832    0.030      771.035           059003.000065   059003.000170          1.0000  cm-1
20754.629    0.030      798.832           059003.000032   059003.000096          1.0000  cm-1
20737.662    0.030      101.511           059003.000475   059003.000604 P        0.0000  cm-1
20737.662    0.030      101.511           059003.000369   059003.000579          1.0000  cm-1
20733.358    0.030      101.939           059003.000400   059003.000610          1.0000  cm-1
20686.663    0.124      213.567           059003.000172   059003.000197          1.0000  cm-1
20632.711    0.013      10158.823         059003.000318   059003.000494 P        0.0000  cm-1
20632.711    0.013      10158.823         059003.000043   059003.000144          1.0000  cm-1
20581.456    0.013      71523.928         059003.000052   059003.000156          1.0000  cm-1
20553.000    0.013      7378.222          059003.000052   059003.000154          1.0000  cm-1
20549.139    0.013      33978.905         059003.000032   059003.000093          1.0000  cm-1
20472.779    0.013      531.873           059003.000035   059003.000132          1.0000  cm-1
20357.514    0.012      43571.702         059003.000031   059003.000084          1.0000  cm-1
20315.666    0.012      37437.938         059003.000001   059003.000075          1.0000  cm-1
20311.456    0.029      932.764           059003.000624   059003.000600 P        0.0000  cm-1
20281.952    0.012      36431.072         059003.000032   059003.000091          1.0000  cm-1
20136.837    0.012      24319.088         059003.000031   059003.000082          1.0000  cm-1
20123.322    0.012      801.949           059003.000051   059003.000151          1.0000  cm-1
19872.490    0.028      658.197           059003.000565   059003.000536 P        0.0000  cm-1
19872.490    0.028      658.197           059003.000001   059003.000073          1.0000  cm-1
19648.394    0.012      2770.136          059003.000068   059003.000163          1.0000  cm-1
19643.848    0.012      276.059           059003.000319   059003.000492 P        0.0000  cm-1
19581.044    0.012      263.255           059003.000048   059003.000146          1.0000  cm-1
19493.037    0.011      3696.816          059003.000039   059003.000135          1.0000  cm-1
19493.037    0.011      3696.816          059003.000564   059003.000520 P        0.0000  cm-1
19353.138    0.011      1111.298          059003.000073   059003.000169          1.0000  cm-1
19348.909    0.011      3323.595          059003.000077   059003.000176          1.0000  cm-1
19319.359    0.026      6505.356          059003.000051   059003.000146          1.0000  cm-1
19319.359    0.026      6505.356          059003.000189   059003.000256 P        0.0000  cm-1
19194.004    0.011      29712.270         059003.000304   059003.000557 P        0.0000  cm-1
19194.004    0.011      29712.270         059003.000033   059003.000096          1.0000  cm-1
19076.806    0.011      1822.858          059003.000048   059003.000144          1.0000  cm-1
19064.477    0.011      180.715           059003.000055   059003.000151          1.0000  cm-1
19064.477    0.011      180.715           059003.000482   059003.000597 P        0.0000  cm-1
19000.056    0.011      25915.971         059003.000061   059003.000154          1.0000  cm-1
19000.056    0.011      25915.971         059003.000378   059003.000580 P        0.0000  cm-1
18998.020    0.011      517.587           059003.000396   059003.000597 P        0.0000  cm-1
18990.077    0.011      171581.798        059003.000001   059003.000067          1.0000  cm-1
18925.226    0.011      656.335           059003.000397   059003.000597 P        0.0000  cm-1
18917.297    0.011      244793.167        059003.000031   059003.000075          1.0000  cm-1
18883.712    0.011      1594.987          059003.000356   059003.000575          1.0000  cm-1
18862.701    0.011      235859.530        059003.000032   059003.000084          1.0000  cm-1
18798.280    0.011      602.247           059003.000036   059003.000128          1.0000  cm-1
18768.160    0.011      1475.636          059003.000473   059003.000587 P        0.0000  cm-1
18768.160    0.011      1475.636          059003.000056   059003.000152 P        0.0000  cm-1
18721.332    0.011      214579.886        059003.000033   059003.000091          1.0000  cm-1
18687.820    0.010      699.674           059003.000035   059003.000126          1.0000  cm-1
18645.834    0.010      544.607           059003.000541   059003.000487 P        0.0000  cm-1
18645.834    0.010      544.607           059003.000080   059003.000174          1.0000  cm-1
18625.961    0.010      940.856           059003.000384   059003.000582 P        0.0000  cm-1
18504.030    0.010      994.672           059003.000402   059003.000604 P        0.0000  cm-1
18504.030    0.010      994.672           059003.000065   059003.000159          1.0000  cm-1
18504.030    0.010      994.672           059003.000484   059003.000597 P        0.0000  cm-1
18476.583    0.500      122.207           059003.000326   059003.000409 P        0.0000  cm-1
18476.583    0.500      122.207           059003.000401   059003.000593 P        0.0000  cm-1
18464.128    0.010      121.259           059003.000475   059003.000585 P        0.0000  cm-1
18448.644    0.010      360.280           059003.000452   059003.000337 P        0.0000  cm-1
18448.644    0.010      360.280           059003.000187   059003.000435 P        0.0000  cm-1
18448.644    0.010      360.280           059003.000315   059003.000407 P        0.0000  cm-1
18418.890    0.010      11789.673         059003.000058   059003.000151          1.0000  cm-1
18418.890    0.010      11789.673         059003.000485   059003.000602 P        0.0000  cm-1
18408.818    0.010      1171.657          059003.000037   059003.000130          1.0000  cm-1
18345.657    0.010      5636.119          059003.000032   059003.000079          1.0000  cm-1
18303.953    0.023      219.835           059003.000173   059003.000195          1.0000  cm-1
18302.562    0.010      2196.511          059003.000031   059003.000072          1.0000  cm-1
18260.553    0.043      2142.053          059003.000055   059003.000146          1.0000  cm-1
18241.542    0.010      847.218           059003.000001   059003.000064          1.0000  cm-1
18167.279    0.010      811.169           059003.000492   059003.000619 P        0.0000  cm-1
18148.269    0.010      501.440           059003.000314   059003.000405 P        0.0000  cm-1
18142.687    0.010      1499.492          059003.000430   059003.000186          1.0000  cm-1
18128.028    0.010      99.128            059003.000405   059003.000601 P        0.0000  cm-1
18063.384    0.010      3822.210          059003.000001   059003.000062          1.0000  cm-1
18063.384    0.010      3822.210          059003.000324   059003.000408 P        0.0000  cm-1
18042.233    0.010      1888.577          059003.000056   059003.000147 P        0.0000  cm-1
18011.137    0.046      7424.771          059003.000040   059003.000132          1.0000  cm-1
18011.137    0.046      7424.771          059003.000181   059003.000212 P        0.0000  cm-1
17989.590    0.010      733.703           059003.000378   059003.000426 P        0.0000  cm-1
17989.590    0.010      733.703           059003.000065   059003.000157          1.0000  cm-1
17981.915    0.010      913.272           059003.000117   059003.000180          1.0000  cm-1
17965.842    0.010      5431.656          059003.000068   059003.000158          1.0000  cm-1
17961.752    0.010      722.607           059003.000031   059003.000070          1.0000  cm-1
17944.636    0.010      89.490            059003.000307   059003.000560 P        0.0000  cm-1
17944.636    0.010      89.490            059003.000406   059003.000593 P        0.0000  cm-1
17936.098    0.010      801.693           059003.000458   059003.000572          1.0000  cm-1
17933.241    0.023      889.396           059003.000467   059003.000576          1.0000  cm-1
17910.603    0.010      8786.310          059003.000031   059003.000069          1.0000  cm-1
17881.678    0.010      778.663           059003.000326   059003.000408 P        0.0000  cm-1
17868.610    0.022      515.528           059003.000564   059003.000506 P        0.0000  cm-1
17859.793    0.010      684.181           059003.000085   059003.000174          1.0000  cm-1
17837.623    0.010      760.802           059003.000077   059003.000163          1.0000  cm-1
17778.002    0.009      819.668           059003.000092   059003.000177          1.0000  cm-1
17778.002    0.009      819.668           059003.000487   059003.000600 P        0.0000  cm-1
17769.072    0.085      652.750           059003.000182   059003.000209 P        0.0000  cm-1
17725.561    0.022      718.359           059003.000459   059003.000572          1.0000  cm-1
17711.564    0.009      396.304           059003.000487   059003.000597 P        0.0000  cm-1
17704.234    0.054      11845.769         059003.000409   059003.000612 P        0.0000  cm-1
17704.234    0.054      11845.769         059003.000409   059003.000611 P        0.0000  cm-1
17704.234    0.054      11845.769         059003.000124   059003.000181          1.0000  cm-1
17693.033    0.009      314.135           059003.000409   059003.000607 P        0.0000  cm-1
17693.033    0.009      314.135           059003.000077   059003.000162          1.0000  cm-1
17627.017    0.009      6083.182          059003.000001   059003.000060          1.0000  cm-1
17606.205    0.022      150.567           059003.000068   059003.000155          1.0000  cm-1
17594.276    0.009      673.708           059003.000068   059003.000153          1.0000  cm-1
17519.252    0.021      144.546           059003.000564   059003.000623 P        0.0000  cm-1
17490.799    0.021      356.693           059003.000458   059003.000571          1.0000  cm-1
17461.493    0.009      211.204           059003.000493   059003.000618 P        0.0000  cm-1
17461.493    0.009      211.204           059003.000359   059003.000572          1.0000  cm-1
17425.144    0.009      69.273            059003.000476   059003.000427          1.0000  cm-1
17425.144    0.009      69.273            059003.000182   059003.000208 P        0.0000  cm-1
17424.616    0.009      346.286           059003.000056   059003.000144          1.0000  cm-1
17414.366    0.009      68.946            059003.000321   059003.000487 P        0.0000  cm-1
17371.187    0.009      135.336           059003.000318   059003.000404 P        0.0000  cm-1
17371.187    0.009      135.336           059003.000467   059003.000421          1.0000  cm-1
17367.131    0.009      1351.008          059003.000043   059003.000135          1.0000  cm-1
17352.508    0.009      268.523           059003.000336   059003.000496 P        0.0000  cm-1
17347.392    0.009      1004.779          059003.000035   059003.000120          1.0000  cm-1
17345.312    0.009      200.779           059003.000467   059003.000420          1.0000  cm-1
17340.444    0.009      40073.325         059003.000040   059003.000131          1.0000  cm-1
17314.281    0.009      990.912           059003.000476   059003.000426          0.2002  cm-1
17314.281    0.009      990.912           059003.000036   059003.000121          0.7998  cm-1
17256.412    0.009      64.514            059003.000413   059003.000607 P        0.0000  cm-1
17242.439    0.009      64.153            059003.000494   059003.000613 P        0.0000  cm-1
17235.406    0.009      127.947           059003.000300   059003.000322 P        0.0000  cm-1
17195.128    0.009      125.936           059003.000322   059003.000487 P        0.0000  cm-1
17177.312    0.021      625.361           059003.000454   059003.000337 P        0.0000  cm-1
17144.676    0.009      61.764            059003.000085   059003.000169          1.0000  cm-1
17144.676    0.009      61.764            059003.000315   059003.000396 P        0.0000  cm-1
17119.712    0.021      305.956           059003.000478   059003.000587 P        0.0000  cm-1
17105.617    0.009      91310.797         059003.000394   059003.000583 P        0.0000  cm-1
17105.617    0.009      91310.797         059003.000035   059003.000119          1.0000  cm-1
17097.001    0.020      910.233           059003.000463   059003.000574          1.0000  cm-1
17082.789    0.043      1207.394          059003.000122   059003.000179          1.0000  cm-1
17082.789    0.043      1207.394          059003.000394   059003.000581 P        0.0000  cm-1
17077.434    0.020      2410.126          059003.000315   059003.000482 P        0.0000  cm-1
17023.712    0.009      354.718           059003.000313   059003.000563 P        0.0000  cm-1
17021.923    0.009      118.166           059003.000480   059003.000578 P        0.0000  cm-1
17018.947    0.009      177.066           059003.000191   059003.000243          1.0000  cm-1
17018.947    0.009      177.066           059003.000191   059003.000433 P        0.0000  cm-1
17006.999    0.039      1763.399          059003.000487   059003.000429 P        0.0000  cm-1
17006.999    0.039      1763.399          059003.000465   059003.000575          0.6721  cm-1
17006.999    0.039      1763.399          059003.000090   059003.000175          0.3279  cm-1
16983.954    0.009      524.895           059003.000488   059003.000429 P        0.0000  cm-1
16976.070    0.009      2908.374          059003.000405   059003.000428 P        0.0000  cm-1
16976.070    0.009      2908.374          059003.000564   059003.000500 P        0.0000  cm-1
16976.070    0.009      2908.374          059003.000469   059003.000577          1.0000  cm-1
16959.749    0.009      173.558           059003.000092   059003.000176          1.0000  cm-1
16957.549    0.009      4624.843          059003.000136   059003.000186          1.0000  cm-1
16914.138    0.020      57.002            059003.000395   059003.000585 P        0.0000  cm-1
16906.652    0.020      454.935           059003.000463   059003.000573          1.0000  cm-1
16852.708    0.024      2237.006          059003.000452   059003.000329 P        0.0000  cm-1
16852.708    0.024      2237.006          059003.000092   059003.000175          1.0000  cm-1
16843.202    0.009      4461.223          059003.000031   059003.000064          1.0000  cm-1
16807.766    0.008      11037.069         059003.000032   059003.000072          1.0000  cm-1
16807.766    0.008      11037.069         059003.000397   059003.000586 P        0.0000  cm-1
16793.674    0.008      329.770           059003.000483   059003.000587 P        0.0000  cm-1
16784.995    0.020      383780.333        059003.000033   059003.000079          1.0000  cm-1
16768.436    0.008      491.136           059003.000040   059003.000129          1.0000  cm-1
16768.436    0.008      491.136           059003.000483   059003.000586 P        0.0000  cm-1
16767.336    0.008      2727.694          059003.000483   059003.000585 P        0.0000  cm-1
16745.197    0.008      487.994           059003.000037   059003.000123          1.0000  cm-1
16722.828    0.008      269.477           059003.000465   059003.000574          1.0000  cm-1
16679.409    0.008      319.735           059003.000464   059003.000573          1.0000  cm-1
16664.985    0.019      47786.146         059003.000031   059003.000062          1.0000  cm-1
16628.137    0.008      52.619            059003.000337   059003.000413 P        0.0000  cm-1
16628.137    0.008      52.619            059003.000318   059003.000396 P        0.0000  cm-1
16606.360    0.008      314.093           059003.000547   059003.000496 P        0.0000  cm-1
16593.387    0.008      469.730           059003.000336   059003.000411 P        0.0000  cm-1
16593.387    0.008      469.730           059003.000037   059003.000121          1.0000  cm-1
16569.397    0.019      519.104           059003.000471   059003.000576          1.0000  cm-1
16516.141    0.019      76982.971         059003.000001   059003.000054          1.0000  cm-1
16477.921    0.008      101.862           059003.000337   059003.000411 P        0.0000  cm-1
16477.921    0.008      101.862           059003.000088   059003.000169          1.0000  cm-1
16468.974    0.019      50.843            059003.000319   059003.000395 P        0.0000  cm-1
16466.959    0.008      45741.149         059003.000032   059003.000070          1.0000  cm-1
16423.821    0.008      100.843           059003.000455   059003.000552 P        0.0000  cm-1
16423.457    0.008      302.509           059003.000542   059003.000485 P        0.0000  cm-1
16415.773    0.019      453150.346        059003.000185   059003.000217 P        0.0000  cm-1
16415.773    0.019      453150.346        059003.000032   059003.000069          1.0000  cm-1
16414.100    0.019      151.006           059003.000035   059003.000115          1.0000  cm-1
16408.960    0.008      251.452           059003.000320   059003.000396 P        0.0000  cm-1
16390.529    0.100      4010.674          059003.000544   059003.000495 P        0.0000  cm-1
16390.529    0.100      4010.674          059003.000040   059003.000127          1.0000  cm-1
16340.773    0.008      3979.118          059003.000077   059003.000159          1.0000  cm-1
16308.780    0.008      445.572           059003.000036   059003.000115          1.0000  cm-1
16306.317    0.008      49.491            059003.000336   059003.000409 P        0.0000  cm-1
16288.840    0.008      98.746            059003.000097   059003.000174          1.0000  cm-1
16286.454    0.019      246.787           059003.000485   059003.000589 P        0.0000  cm-1
16279.506    0.008      345.186           059003.000446   059003.000315 P        0.0000  cm-1
16279.506    0.008      345.186           059003.000037   059003.000119          1.0000  cm-1
16279.506    0.008      345.186           059003.000485   059003.000588 P        0.0000  cm-1
16252.651    0.008      245.728           059003.000485   059003.000585 P        0.0000  cm-1
16228.632    0.008      245036.006        059003.000031   059003.000060          1.0000  cm-1
16226.051    0.018      73489.376         059003.000040   059003.000126          1.0000  cm-1
16189.189    0.008      48.802            059003.000098   059003.000174          1.0000  cm-1
16180.943    0.018      146.286           059003.000430   059003.000184          1.0000  cm-1
16180.943    0.018      146.286           059003.000394   059003.000427 P        0.0000  cm-1
16155.062    0.008      437.808           059003.000077   059003.000158          1.0000  cm-1
16137.447    0.008      4857.257          059003.000107   059003.000177          1.0000  cm-1
16135.949    0.008      97133.278         059003.000404   059003.000586 P        0.0000  cm-1
16135.949    0.008      97133.278         059003.000001   059003.000053          1.0000  cm-1
16135.949    0.008      97133.278         059003.000404   059003.000585 P        0.0000  cm-1
16132.012    0.018      242.756           059003.000314   059003.000389 P        0.0000  cm-1
16132.012    0.018      242.756           059003.000469   059003.000421          1.0000  cm-1
16106.023    0.018      436.106           059003.000469   059003.000420          0.3062  cm-1
16106.023    0.018      436.106           059003.000481   059003.000427          0.6938  cm-1
16091.698    0.033      1452.270          059003.000068   059003.000147          1.0000  cm-1
16091.698    0.033      1452.270          059003.000408   059003.000599 P        0.0000  cm-1
16062.320    0.018      193.293           059003.000035   059003.000114          1.0000  cm-1
16059.267    0.018      241.576           059003.000408   059003.000594 P        0.0000  cm-1
16049.880    0.008      193.166           059003.000470   059003.000421          1.0000  cm-1
16041.217    0.018      193.084           059003.000464   059003.000419          1.0000  cm-1
16028.781    0.008      1929.762          059003.000452   059003.000325 P        0.0000  cm-1
16028.781    0.008      1929.762          059003.000090   059003.000168          1.0000  cm-1
16028.096    0.008      3859.411          059003.000032   059003.000066          1.0000  cm-1
16023.970    0.018      144.703           059003.000470   059003.000420          1.0000  cm-1
16019.618    0.018      48.226            059003.000299   059003.000315          1.0000  cm-1
16016.959    0.018      385.767           059003.000479   059003.000426          1.0000  cm-1
16007.802    0.018      48.205            059003.000480   059003.000426          1.0000  cm-1
15995.158    0.018      96.369            059003.000481   059003.000426          1.0000  cm-1
15981.486    0.018      433.497           059003.000322   059003.000397 P        0.0000  cm-1
15981.486    0.018      433.497           059003.000471   059003.000420          1.0000  cm-1
15981.486    0.018      433.497           059003.000340   059003.000412 P        0.0000  cm-1
15910.376    0.018      48.126            059003.000299   059003.000314 P        0.0000  cm-1
15894.275    0.018      433.162           059003.000465   059003.000419          1.0000  cm-1
15894.275    0.018      433.162           059003.000323   059003.000396 P        0.0000  cm-1
15874.523    0.050      240.701           059003.000322   059003.000395 P        0.0000  cm-1
15874.523    0.050      240.701           059003.000092   059003.000168          1.0000  cm-1
15842.573    0.008      9634.696          059003.000039   059003.000123          1.0000  cm-1
15796.808    0.007      482.550           059003.000303   059003.000329 P        0.0000  cm-1
15796.808    0.007      482.550           059003.000036   059003.000112          1.0000  cm-1
15783.530    0.017      434.576           059003.000466   059003.000571          1.0000  cm-1
15736.252    0.007      338.979           059003.000472   059003.000421          1.0000  cm-1
15714.850    0.007      4850.335          059003.000031   059003.000057          1.0000  cm-1
15655.096    0.137      731.551           059003.000319   059003.000391 P        0.0000  cm-1
15655.096    0.137      731.551           059003.000186   059003.000216 P        0.0000  cm-1
15655.096    0.137      731.551           059003.000094   059003.000168          1.0000  cm-1
15655.096    0.137      731.551           059003.000326   059003.000403 P        0.0000  cm-1
15587.923    0.007      3932.814          059003.000037   059003.000115          1.0000  cm-1
15573.720    0.007      344.787           059003.000097   059003.000169          1.0000  cm-1
15556.018    0.017      49.380            059003.000382   059003.000421          1.0000  cm-1
15549.599    0.007      14828.158         059003.000051   059003.000135          1.0000  cm-1
15525.516    0.007      2480.604          059003.000330   059003.000487 P        0.0000  cm-1
15525.516    0.007      2480.604          059003.000001   059003.000050          1.0000  cm-1
15525.516    0.007      2480.604          059003.000544   059003.000492 P        0.0000  cm-1
15512.238    0.007      14915.929         059003.000103   059003.000173          1.0000  cm-1
15512.238    0.007      14915.929         059003.000306   059003.000342 P        0.0000  cm-1
15504.946    0.007      248.903           059003.000065   059003.000143          1.0000  cm-1
15493.580    0.017      99.756            059003.000489   059003.000588 P        0.0000  cm-1
15493.580    0.017      99.756            059003.000489   059003.000587 P        0.0000  cm-1
15487.270    0.007      49.934            059003.000342   059003.000410          1.0000  cm-1
15486.224    0.007      299.657           059003.000179   059003.000196          1.0000  cm-1
15474.150    0.030      1001.037          059003.000068   059003.000144          1.0000  cm-1
15458.218    0.007      351.408           059003.000090   059003.000162          1.0000  cm-1
15401.909    0.007      50.780            059003.000491   059003.000587 P        0.0000  cm-1
15380.276    0.007      30614.040         059003.000043   059003.000130          1.0000  cm-1
15376.843    0.017      15318.970         059003.000545   059003.000492 P        0.0000  cm-1
15376.843    0.017      15318.970         059003.000039   059003.000119          0.7080  cm-1
15376.843    0.017      15318.970         059003.000035   059003.000111          0.2920  cm-1
15376.843    0.017      15318.970         059003.000491   059003.000585 P        0.0000  cm-1
15375.053    0.022      510.841           059003.000103   059003.000172          1.0000  cm-1
15348.399    0.007      514.054           059003.000032   059003.000064          1.0000  cm-1
15271.590    0.030      1573.258          059003.000036   059003.000111          1.0000  cm-1
15228.603    0.007      53.098            059003.000493   059003.000603 P        0.0000  cm-1
15228.603    0.007      53.098            059003.000548   059003.000411 P        0.0000  cm-1
15195.910    0.007      10726.886         059003.000551   059003.000494 P        0.0000  cm-1
15195.910    0.007      10726.886         059003.000033   059003.000071          1.0000  cm-1
15195.910    0.007      10726.886         059003.000565   059003.000515 P        0.0000  cm-1
15195.910    0.007      10726.886         059003.000565   059003.000516 P        0.0000  cm-1
15193.282    0.007      3220.744          059003.000056   059003.000138          1.0000  cm-1
15189.588    0.007      53.742            059003.000411   059003.000597 P        0.0000  cm-1
15189.588    0.007      53.742            059003.000549   059003.000493 P        0.0000  cm-1
15140.005    0.016      54.633            059003.000412   059003.000596 P        0.0000  cm-1
15109.651    0.007      5522.022          059003.000040   059003.000123          1.0000  cm-1
15090.573    0.007      1668.179          059003.000034   059003.000104          1.0000  cm-1
15090.573    0.007      1668.179          059003.000325   059003.000396 P        0.0000  cm-1
15084.366    0.104      2229.373          059003.000094   059003.000162          1.0000  cm-1
15080.528    0.007      223.258           059003.000044   059003.000130          1.0000  cm-1
15080.528    0.007      223.258           059003.000455   059003.000339 P        0.0000  cm-1
15047.726    0.007      56.521            059003.000340   059003.000408 P        0.0000  cm-1
15001.002    0.016      576.009           059003.000035   059003.000108          1.0000  cm-1
14997.607    0.500      57.683            059003.000471   059003.000575 P        0.0000  cm-1
14997.607    0.500      57.683            059003.000542   059003.000477 P        0.0000  cm-1
14997.607    0.500      57.683            059003.000043   059003.000127          1.0000  cm-1
14997.607    0.500      57.683            059003.000136   059003.000184 P        0.0000  cm-1
14984.746    0.007      579.973           059003.000038   059003.000112          1.0000  cm-1
14938.553    0.016      2959.257          059003.000034   059003.000102          1.0000  cm-1
14906.336    0.007      36041.921         059003.000033   059003.000070          1.0000  cm-1
14905.358    0.007      60.097            059003.000307   059003.000547 P        0.0000  cm-1
14885.670    0.007      3033.144          059003.000040   059003.000120          1.0000  cm-1
14879.963    0.016      1216.605          059003.000034   059003.000101          1.0000  cm-1
14859.980    0.007      6142.891          059003.000001   059003.000046          1.0000  cm-1
14833.110    0.015      560.390           059003.000043   059003.000126          1.0000  cm-1
14819.633    0.007      250.797           059003.000185   059003.000207          1.0000  cm-1
14819.633    0.007      250.797           059003.000455   059003.000336 P        0.0000  cm-1
14800.570    0.015      1266.584          059003.000051   059003.000132          1.0000  cm-1
14755.108    0.007      64.913            059003.000035   059003.000106 P        0.0000  cm-1
14755.108    0.007      64.913            059003.000566   059003.000521 P        0.0000  cm-1
14708.052    0.015      2667.208          059003.000056   059003.000137          1.0000  cm-1
14708.052    0.015      2667.208          059003.000309   059003.000556 P        0.0000  cm-1
14666.333    0.015      2734.541          059003.000344   059003.000493 P        0.0000  cm-1
14666.333    0.015      2734.541          059003.000103   059003.000167          1.0000  cm-1
14641.612    0.006      13883.178         059003.000032   059003.000059          1.0000  cm-1
14584.655    0.006      7200.669          059003.000034   059003.000100          1.0000  cm-1
14578.974    0.006      14455.691         059003.000116   059003.000178          1.0000  cm-1
14558.805    0.006      73263.711         059003.000001   059003.000045          1.0000  cm-1
14550.670    0.006      4420.217          059003.000037   059003.000111          1.0000  cm-1
14530.997    0.006      36.069            059003.000111   059003.000174          1.0000  cm-1
14528.339    0.006      143.838           059003.000563   059003.000416 P        0.0000  cm-1
14490.733    0.006      34480.933         059003.000549   059003.000492 P        0.0000  cm-1
14490.733    0.006      34480.933         059003.000055   059003.000135          1.0000  cm-1
14481.364    0.006      17065.387         059003.000109   059003.000171          1.0000  cm-1
14467.487    0.006      235373.669        059003.000033   059003.000066          1.0000  cm-1
14456.186    0.006      166.119           059003.000493   059003.000429 P        0.0000  cm-1
14437.956    0.015      2444.757          059003.000035   059003.000105          1.0000  cm-1
14437.564    0.006      651.671           059003.000106   059003.000169          1.0000  cm-1
14416.568    0.015      4783.740          059003.000052   059003.000132          1.0000  cm-1
14380.898    0.006      1077.468          059003.000034   059003.000098 P        0.0000  cm-1
14343.621    0.006      742.863           059003.000103   059003.000164          1.0000  cm-1
14341.261    0.006      14824.787         059003.000110   059003.000172          1.0000  cm-1
14341.261    0.006      14824.787         059003.000328   059003.000394 P        0.0000  cm-1
14341.261    0.006      14824.787         059003.000565   059003.000506 P        0.0000  cm-1
14334.269    0.011      736.477           059003.000320   059003.000381 P        0.0000  cm-1
14334.269    0.011      736.477           059003.000110   059003.000171          1.0000  cm-1
14333.519    0.006      147.194           059003.000039   059003.000114          1.0000  cm-1
14333.519    0.006      147.194           059003.000452   059003.000317 P        0.0000  cm-1
14332.722    0.006      147.087           059003.000036   059003.000105 P        0.0000  cm-1
14323.046    0.006      2915.920          059003.000036   059003.000104          1.0000  cm-1
14243.090    0.014      680.466           059003.000320   059003.000379 P        0.0000  cm-1
14225.963    0.006      536.891           059003.000304   059003.000324 P        0.0000  cm-1
14220.045    0.006      133592.308        059003.000032   059003.000057          1.0000  cm-1
14214.123    0.006      531.878           059003.000327   059003.000392 P        0.0000  cm-1
14214.123    0.006      531.878           059003.000396   059003.000576 P        0.0000  cm-1
14174.851    0.006      129.036           059003.000037   059003.000108          1.0000  cm-1
14171.010    0.014      1930.031          059003.000036   059003.000102          1.0000  cm-1
14162.211    0.006      639.198           059003.000034   059003.000095          1.0000  cm-1
14133.052    0.014      500.816           059003.000041   059003.000118          1.0000  cm-1
14129.954    0.006      2498.678          059003.000377   059003.000572 P        0.0000  cm-1
14129.954    0.006      2498.678          059003.000051   059003.000131          1.0000  cm-1
14127.149    0.006      112221.786        059003.000031   059003.000050          1.0000  cm-1
14112.441    0.006      2468.825          059003.000036   059003.000101          1.0000  cm-1
14105.936    0.006      860.310           059003.000090   059003.000159          1.0000  cm-1
14077.102    0.006      361.806           059003.000430   059003.000179          1.0000  cm-1
14055.823    0.006      11899.890         059003.000031   059003.000049          1.0000  cm-1
14018.069    0.031      349.024           059003.000136   059003.000181          1.0000  cm-1
14005.752    0.006      577.620           059003.000112   059003.000174          1.0000  cm-1
13951.642    0.014      2244.120          059003.000092   059003.000159          1.0000  cm-1
13928.961    0.006      110.941           059003.000037   059003.000106          1.0000  cm-1
13920.224    0.014      662.838           059003.000090   059003.000158          1.0000  cm-1
13900.250    0.500      109.441           059003.000394   059003.000421 P        0.0000  cm-1
13862.372    0.006      107.627           059003.000474   059003.000573 P        0.0000  cm-1
13824.341    0.039      5299.242          059003.000325   059003.000388 P        0.0000  cm-1
13824.341    0.039      5299.242          059003.000451   059003.000541 P        0.0000  cm-1
13824.341    0.039      5299.242          059003.000048   059003.000130          1.0000  cm-1
13824.341    0.039      5299.242          059003.000322   059003.000472 P        0.0000  cm-1
13815.868    0.006      528.213           059003.000568   059003.000534 P        0.0000  cm-1
13815.868    0.006      528.213           059003.000111   059003.000169          1.0000  cm-1
13811.663    0.013      2109.514          059003.000035   059003.000099          1.0000  cm-1
13807.953    0.006      5266.512          059003.000107   059003.000163          1.0000  cm-1
13765.919    0.013      2075.820          059003.000092   059003.000158          1.0000  cm-1
13765.919    0.013      2075.820          059003.000492   059003.000588 P        0.0000  cm-1
13741.723    0.013      720.950           059003.000055   059003.000132          1.0000  cm-1
13722.217    0.500      102.395           059003.000400   059003.000576 P        0.0000  cm-1
13722.217    0.500      102.395           059003.000062   059003.000136 P        0.0000  cm-1
13722.217    0.500      102.395           059003.000323   059003.000378 P        0.0000  cm-1
13722.217    0.500      102.395           059003.000386   059003.000573 P        0.0000  cm-1
13716.662    0.013      408.925           059003.000043   059003.000123          1.0000  cm-1
13648.046    0.006      803.758           059003.000545   059003.000489 P        0.0000  cm-1
13648.046    0.006      803.758           059003.000039   059003.000111          1.0000  cm-1
13618.942    0.013      2995.771          059003.000543   059003.000398 P        0.0000  cm-1
13618.942    0.013      2995.771          059003.000035   059003.000097          1.0000  cm-1
13613.363    0.006      6982.566          059003.000036   059003.000098          1.0000  cm-1
13611.820    0.006      997.215           059003.000334   059003.000482 P        0.0000  cm-1
13611.820    0.006      997.215           059003.000037   059003.000105          1.0000  cm-1
13602.160    0.006      3981.695          059003.000037   059003.000104          1.0000  cm-1
13600.572    0.013      5970.824          059003.000040   059003.000114          1.0000  cm-1
13595.214    0.056      397.675           059003.000065   059003.000138          1.0000  cm-1
13591.497    0.013      1987.088          059003.000090   059003.000157          1.0000  cm-1
13564.849    0.013      197.857           059003.000043   059003.000121          1.0000  cm-1
13564.849    0.013      197.857           059003.000337   059003.000405 P        0.0000  cm-1
13541.112    0.013      986.015           059003.000109   059003.000166          1.0000  cm-1
13513.720    0.005      589.700           059003.000455   059003.000332 P        0.0000  cm-1
13513.720    0.005      589.700           059003.000036   059003.000097          1.0000  cm-1
13510.999    0.013      884.296           059003.000038   059003.000104          1.0000  cm-1
13461.631    0.005      39139.511         059003.000031   059003.000046          1.0000  cm-1
13456.959    0.005      78256.380         059003.000109   059003.000164          1.0000  cm-1
13426.873    0.013      293.038           059003.000122   059003.000177          1.0000  cm-1
13413.642    0.005      97.639            059003.000323   059003.000469          1.0000  cm-1
13409.339    0.013      195.259           059003.000035   059003.000093          1.0000  cm-1
13406.334    0.034      488.116           059003.000092   059003.000155          1.0000  cm-1
13394.650    0.030      976.058           059003.000036   059003.000095          1.0000  cm-1
13394.021    0.005      1952.102          059003.000110   059003.000166          1.0000  cm-1
13367.090    0.013      97.605            059003.000337   059003.000403          1.0000  cm-1
13352.099    0.005      4881.435          059003.000001   059003.000042          1.0000  cm-1
13341.759    0.005      3906.181          059003.000541   059003.000366 P        0.0000  cm-1
13341.759    0.005      3906.181          059003.000077   059003.000143          1.0000  cm-1
13318.337    0.012      97.742            059003.000341   059003.000488          1.0000  cm-1
13309.838    0.005      1955.667          059003.000409   059003.000581 P        0.0000  cm-1
13309.838    0.005      1955.667          059003.000110   059003.000164          1.0000  cm-1
13309.838    0.005      1955.667          059003.000314   059003.000368 P        0.0000  cm-1
13303.687    0.005      782.533           059003.000496   059003.000428 P        0.0000  cm-1
13300.483    0.500      587.010           059003.000038   059003.000101          1.0000  cm-1
13284.289    0.040      293.818           059003.000117   059003.000176          1.0000  cm-1
13278.121    0.005      9798.376          059003.000116   059003.000171          1.0000  cm-1
13277.232    0.012      97.990            059003.000303   059003.000317 P        0.0000  cm-1
13277.232    0.012      97.990            059003.000048   059003.000126          1.0000  cm-1
13272.230    0.005      882.259           059003.000039   059003.000108          1.0000  cm-1
13250.988    0.038      294.635           059003.000043   059003.000119          1.0000  cm-1
13250.988    0.038      294.635           059003.000545   059003.000486 P        0.0000  cm-1
13242.789    0.043      1965.810          059003.000068   059003.000138          1.0000  cm-1
13241.843    0.033      491.499           059003.000046   059003.000124          1.0000  cm-1
13217.840    0.061      887.033           059003.000094   059003.000157          1.0000  cm-1
13177.209    0.010      297.264           059003.000117   059003.000175          1.0000  cm-1
13177.209    0.010      297.264           059003.000406   059003.000576 P        0.0000  cm-1
13173.968    0.012      2974.045          059003.000052   059003.000129          1.0000  cm-1
13172.805    0.005      99.152            059003.000385   059003.000419 P        0.0000  cm-1
13160.490    0.005      5960.264          059003.000031   059003.000045          1.0000  cm-1
13115.467    0.005      100.103           059003.000136   059003.000180          1.0000  cm-1
13110.057    0.012      2004.079          059003.000065   059003.000137          1.0000  cm-1
13093.856    0.005      1005.177          059003.000557   059003.000408 P        0.0000  cm-1
13081.022    0.022      604.670           059003.000033   059003.000059          1.0000  cm-1
13071.126    0.012      2019.732          059003.000543   059003.000392 P        0.0000  cm-1
13071.126    0.012      2019.732          059003.000055   059003.000131          1.0000  cm-1
13044.120    0.005      304.761           059003.000338   059003.000400          1.0000  cm-1
13033.111    0.042      2036.904          059003.000544   059003.000402 P        0.0000  cm-1
13033.111    0.042      2036.904          059003.000107   059003.000160          1.0000  cm-1
13026.331    0.012      4080.319          059003.000039   059003.000106          1.0000  cm-1
13015.596    0.012      306.815           059003.000051   059003.000126          1.0000  cm-1
13013.490    0.005      102.324           059003.000564   059003.000417 P        0.0000  cm-1
13013.490    0.005      102.324           059003.000339   059003.000400          1.0000  cm-1
13013.047    0.005      102.335           059003.000493   059003.000582 P        0.0000  cm-1
13013.047    0.005      102.335           059003.000455   059003.000328 P        0.0000  cm-1
13010.688    0.012      921.553           059003.000541   059003.000466          1.0000  cm-1
13010.688    0.012      921.553           059003.000544   059003.000485 P        0.0000  cm-1
13005.183    0.012      922.811           059003.000325   059003.000472          1.0000  cm-1
13005.183    0.012      922.811           059003.000408   059003.000427 P        0.0000  cm-1
12994.150    0.012      102.821           059003.000567   059003.000522 P        0.0000  cm-1
12994.150    0.012      102.821           059003.000175   059003.000193          1.0000  cm-1
12985.531    0.005      721.345           059003.000037   059003.000099          1.0000  cm-1
12978.809    0.005      103.231           059003.000342   059003.000406          1.0000  cm-1
12972.829    0.012      103.395           059003.000348   059003.000413 P        0.0000  cm-1
12972.829    0.012      103.395           059003.000324   059003.000379          1.0000  cm-1
12943.515    0.005      416.922           059003.000541   059003.000364 P        0.0000  cm-1
12936.271    0.005      104.445           059003.000325   059003.000380          1.0000  cm-1
12925.891    0.012      419.034           059003.000566   059003.000514 P        0.0000  cm-1
12912.447    0.005      10517.398         059003.000564   059003.000415 P        0.0000  cm-1
12912.447    0.005      10517.398         059003.000036   059003.000089          1.0000  cm-1
12907.015    0.012      5267.250          059003.000404   059003.000421 P        0.0000  cm-1
12907.015    0.012      5267.250          059003.000034   059003.000086          1.0000  cm-1
12906.191    0.012      210.742           059003.000495   059003.000589 P        0.0000  cm-1
12897.865    0.005      105.637           059003.000454   059003.000316 P        0.0000  cm-1
12897.865    0.005      105.637           059003.000495   059003.000588 P        0.0000  cm-1
12897.865    0.005      105.637           059003.000495   059003.000587 P        0.0000  cm-1
12892.506    0.005      10581.068         059003.000037   059003.000098          1.0000  cm-1
12890.561    0.058      2117.482          059003.000314   059003.000465          0.5083  cm-1
12890.561    0.058      2117.482          059003.000118   059003.000173          0.4917  cm-1
12890.561    0.058      2117.482          059003.000569   059003.000531 P        0.0000  cm-1
12882.324    0.012      106.145           059003.000326   059003.000381 P        0.0000  cm-1
12872.372    0.012      745.346           059003.000494   059003.000585 P        0.0000  cm-1
12872.372    0.012      745.346           059003.000413   059003.000581 P        0.0000  cm-1
12872.372    0.012      745.346           059003.000348   059003.000412 P        0.0000  cm-1
12872.372    0.012      745.346           059003.000495   059003.000585 P        0.0000  cm-1
12870.690    0.005      106.535           059003.000337   059003.000399          1.0000  cm-1
12870.690    0.005      106.535           059003.000413   059003.000580 P        0.0000  cm-1
12869.541    0.012      532.869           059003.000413   059003.000579 P        0.0000  cm-1
12849.705    0.012      965.326           059003.000541   059003.000464          1.0000  cm-1
12846.657    0.005      64419.451         059003.000001   059003.000041          1.0000  cm-1
12831.723    0.012      107.899           059003.000334   059003.000391 P        0.0000  cm-1
12802.187    0.005      871.949           059003.000119   059003.000174          1.0000  cm-1
12801.262    0.011      545.144           059003.000558   059003.000408 P        0.0000  cm-1
12801.262    0.011      545.144           059003.000038   059003.000098          1.0000  cm-1
12798.827    0.011      654.728           059003.000335   059003.000481          1.0000  cm-1
12792.818    0.011      4374.059          059003.000037   059003.000097          1.0000  cm-1
12786.175    0.011      657.650           059003.000335   059003.000480          1.0000  cm-1
12786.175    0.011      657.650           059003.000336   059003.000396 P        0.0000  cm-1
12783.091    0.011      987.555           059003.000324   059003.000471          1.0000  cm-1
12781.315    0.011      878.382           059003.000315   059003.000465          1.0000  cm-1
12778.634    0.005      109.903           059003.000115   059003.000169          1.0000  cm-1
12777.022    0.011      989.696           059003.000335   059003.000479          1.0000  cm-1
12772.052    0.011      991.464           059003.000090   059003.000152          1.0000  cm-1
12743.574    0.011      890.524           059003.000314   059003.000464          1.0000  cm-1
12743.574    0.011      890.524           059003.000330   059003.000476 P        0.0000  cm-1
12740.598    0.011      445.755           059003.000324   059003.000470 P        0.0000  cm-1
12731.063    0.011      782.856           059003.000548   059003.000488 P        0.0000  cm-1
12731.063    0.011      782.856           059003.000405   059003.000420 P        0.0000  cm-1
12731.063    0.011      782.856           059003.000545   059003.000484 P        0.0000  cm-1
12709.221    0.011      33830.254         059003.000039   059003.000105          1.0000  cm-1
12699.474    0.011      113.191           059003.000392   059003.000573 P        0.0000  cm-1
12692.394    0.011      340.508           059003.000551   059003.000491 P        0.0000  cm-1
12691.528    0.011      567.705           059003.000325   059003.000470          1.0000  cm-1
12673.810    0.005      22866.607         059003.000037   059003.000095          1.0000  cm-1
12659.410    0.020      9199.148          059003.000033   059003.000057          1.0000  cm-1
12659.410    0.020      9199.148          059003.000327   059003.000472 P        0.0000  cm-1
12658.442    0.011      575.169           059003.000324   059003.000469          1.0000  cm-1
12644.039    0.011      347.107           059003.000396   059003.000575 P        0.0000  cm-1
12634.349    0.011      580.791           059003.000315   059003.000464 P        0.0000  cm-1
12632.356    0.005      23250.511         059003.000032   059003.000050          1.0000  cm-1
12622.443    0.011      583.626           059003.000541   059003.000463          1.0000  cm-1
12617.750    0.005      2339.014          059003.000092   059003.000152          1.0000  cm-1
12608.641    0.011      1173.917          059003.000122   059003.000176          1.0000  cm-1
12596.460    0.011      471.953           059003.000336   059003.000480          1.0000  cm-1
12593.139    0.500      472.609           059003.000454   059003.000314 P        0.0000  cm-1
12593.139    0.500      472.609           059003.000327   059003.000380 P        0.0000  cm-1
12587.720    0.500      118.421           059003.000406   059003.000420 P        0.0000  cm-1
12587.720    0.500      118.421           059003.000331   059003.000385 P        0.0000  cm-1
12586.625    0.005      236.951           059003.000316   059003.000465          1.0000  cm-1
12582.629    0.011      1186.748          059003.000038   059003.000095          1.0000  cm-1
12564.025    0.035      1196.136          059003.000117   059003.000170          1.0000  cm-1
12561.032    0.011      119.766           059003.000032   059003.000049          1.0000  cm-1
12559.360    0.005      359.555           059003.000043   059003.000115          1.0000  cm-1
12539.278    0.011      24177.826         059003.000040   059003.000108          1.0000  cm-1
12516.334    0.011      488.393           059003.000314   059003.000463          1.0000  cm-1
12501.556    0.011      1106.012          059003.000122   059003.000175          1.0000  cm-1
12499.263    0.005      123.014           059003.000320   059003.000369          1.0000  cm-1
12494.776    0.005      6162.851          059003.000035   059003.000087          1.0000  cm-1
12493.193    0.005      370.029           059003.000337   059003.000481 P        0.0000  cm-1
12480.522    0.005      372.105           059003.000337   059003.000480 P        0.0000  cm-1
12436.693    0.005      379.451           059003.000317   059003.000466          1.0000  cm-1
12426.524    0.005      381.190           059003.000482   059003.000574 P        0.0000  cm-1
12426.524    0.005      381.190           059003.000328   059003.000379          1.0000  cm-1
12407.099    0.011      640.915           059003.000315   059003.000463          1.0000  cm-1
12391.054    0.005      516.477           059003.000063   059003.000430          1.0000  cm-1
12348.020    0.005      131.678           059003.000339   059003.000481          1.0000  cm-1
12348.020    0.005      131.678           059003.000545   059003.000483 P        0.0000  cm-1
12345.696    0.005      131.818           059003.000327   059003.000470          1.0000  cm-1
12337.862    0.005      79374.883         059003.000116   059003.000166          1.0000  cm-1
12332.721    0.005      132.603           059003.000344   059003.000491 P        0.0000  cm-1
12326.220    0.005      930.993           059003.000339   059003.000479          1.0000  cm-1
12312.588    0.005      6691.659          059003.000496   059003.000586 P        0.0000  cm-1
12312.588    0.005      6691.659          059003.000103   059003.000156          1.0000  cm-1
12293.366    0.025      10801.537         059003.000040   059003.000106          1.0000  cm-1
12284.136    0.005      2711.852          059003.000496   059003.000582 P        0.0000  cm-1
12284.136    0.005      2711.852          059003.000103   059003.000154          1.0000  cm-1
12240.522    0.004      1106.667          059003.000034   059003.000083          1.0000  cm-1
12236.800    0.004      554.278           059003.000328   059003.000471          1.0000  cm-1
12227.951    0.010      695.660           059003.000034   059003.000540          1.0000  cm-1
12227.726    0.004      1113.170          059003.000566   059003.000507 P        0.0000  cm-1
12208.570    0.050      1263.329          059003.000068   059003.000135          1.0000  cm-1
12199.002    0.094      986.887           059003.000117   059003.000168          1.0000  cm-1
12181.284    0.004      142.125           059003.000329   059003.000472          1.0000  cm-1
12160.760    0.010      143.453           059003.000048   059003.000123          1.0000  cm-1
12154.314    0.004      143.871           059003.000319   059003.000466          1.0000  cm-1
12139.473    0.010      4345.085          059003.000036   059003.000086          1.0000  cm-1
12125.396    0.010      7287.669          059003.000107   059003.000158          1.0000  cm-1
12117.534    0.004      438.799           059003.000318   059003.000464          1.0000  cm-1
12112.214    0.010      146.614           059003.000547   059003.000397 P        0.0000  cm-1
12112.214    0.010      146.614           059003.000328   059003.000469          1.0000  cm-1
12100.361    0.010      1179.104          059003.000038   059003.000089          1.0000  cm-1
12082.875    0.004      148.531           059003.000039   059003.000099 P        0.0000  cm-1
12047.353    0.010      754.269           059003.000043   059003.000112          1.0000  cm-1
12046.213    0.093      150.928           059003.000320   059003.000465          0.2920  cm-1
12046.213    0.093      150.928           059003.000090   059003.000147          0.7080  cm-1
12004.667    0.004      460.906           059003.000304   059003.000541 P        0.0000  cm-1
11966.800    0.020      156.084           059003.000032   059003.000046          1.0000  cm-1
11956.920    0.100      156.718           059003.000055   059003.000126          1.0000  cm-1
11942.768    0.010      1418.605          059003.000036   059003.000085          1.0000  cm-1
11942.768    0.010      1418.605          059003.000342   059003.000396 P        0.0000  cm-1
11934.868    0.004      790.629           059003.000340   059003.000480          1.0000  cm-1
11915.489    0.004      956.113           059003.000073   059003.000136          1.0000  cm-1
11915.489    0.004      956.113           059003.000548   059003.000484 P        0.0000  cm-1
11899.133    0.010      801.891           059003.000051   059003.000123          1.0000  cm-1
11891.835    0.004      964.999           059003.000092   059003.000147          1.0000  cm-1
11890.657    0.004      1448.158          059003.000568   059003.000527 P        0.0000  cm-1
11890.657    0.004      1448.158          059003.000546   059003.000479          1.0000  cm-1
11890.167    0.023      1448.432          059003.000318   059003.000463 P        0.0000  cm-1
11890.167    0.023      1448.432          059003.000039   059003.000097          1.0000  cm-1
11888.616    0.004      3220.664          059003.000037   059003.000088          1.0000  cm-1
11860.125    0.004      325.573           059003.000413   059003.000426 P        0.0000  cm-1
11842.940    0.004      491.481           059003.000344   059003.000486 P        0.0000  cm-1
11840.793    0.039      819.781           059003.000305   059003.000317 P        0.0000  cm-1
11840.793    0.039      819.781           059003.000056   059003.000128          1.0000  cm-1
11831.808    0.004      328.988           059003.000331   059003.000470          1.0000  cm-1
11779.343    0.004      167.548           059003.000345   059003.000487 P        0.0000  cm-1
11777.630    0.500      167.645           059003.000321   059003.000466 P        0.0000  cm-1
11777.630    0.500      167.645           059003.000542   059003.000366 P        0.0000  cm-1
11777.630    0.500      167.645           059003.000092   059003.000146 P        0.0000  cm-1
11777.630    0.500      167.645           059003.000541   059003.000359          0.4244  cm-1
11777.630    0.500      167.645           059003.000034   059003.000078          0.5756  cm-1
11772.962    0.004      167.908           059003.000117   059003.000163 P        0.0000  cm-1
11768.416    0.010      3363.267          059003.000124   059003.000173          1.0000  cm-1
11765.623    0.004      841.597           059003.000342   059003.000481          1.0000  cm-1
11753.892    0.022      168.969           059003.000107   059003.000153          1.0000  cm-1
11752.958    0.004      338.041           059003.000342   059003.000480          1.0000  cm-1
11749.721    0.004      676.793           059003.000331   059003.000469          1.0000  cm-1
11747.594    0.036      507.943           059003.000044   059003.000112          1.0000  cm-1
11734.556    0.004      1530.179          059003.000332   059003.000471          1.0000  cm-1
11710.216    0.004      1027.816          059003.000455   059003.000323 P        0.0000  cm-1
11710.216    0.004      1027.816          059003.000335   059003.000388 P        0.0000  cm-1
11698.632    0.004      171.897           059003.000362   059003.000568 P        0.0000  cm-1
11695.041    0.029      172.079           059003.000048   059003.000119          1.0000  cm-1
11680.538    0.022      345.604           059003.000039   059003.000093          1.0000  cm-1
11672.133    0.004      692.852           059003.000320   059003.000463          1.0000  cm-1
11668.638    0.010      6935.281          059003.000037   059003.000087          1.0000  cm-1
11668.638    0.010      6935.281          059003.000570   059003.000534 P        0.0000  cm-1
11631.218    0.004      1576.077          059003.000124   059003.000172          1.0000  cm-1
11628.409    0.009      700.978           059003.000117   059003.000162          1.0000  cm-1
11621.015    0.009      175569.587        059003.000061   059003.000129          1.0000  cm-1
11618.410    0.004      351.365           059003.000321   059003.000464          1.0000  cm-1
11593.963    0.004      176.710           059003.000334   059003.000472          1.0000  cm-1
11562.678    0.009      177.927           059003.000315   059003.000359          1.0000  cm-1
11562.678    0.009      177.927           059003.000346   059003.000487 P        0.0000  cm-1
11531.213    0.004      1253.235          059003.000396   059003.000419 P        0.0000  cm-1
11531.213    0.004      1253.235          059003.000323   059003.000465          1.0000  cm-1
11523.359    0.093      358.581           059003.000122   059003.000168          1.0000  cm-1
11522.136    0.004      1434.639          059003.000043   059003.000111          1.0000  cm-1
11516.438    0.004      179.510           059003.000543   059003.000472          1.0000  cm-1
11513.796    0.009      179.593           059003.000541   059003.000459 P        0.0000  cm-1
11502.228    0.013      17994.223         059003.000035   059003.000082          1.0000  cm-1
11477.773    0.100      1444.970          059003.000344   059003.000402 P        0.0000  cm-1
11477.773    0.100      1444.970          059003.000341   059003.000392 P        0.0000  cm-1
11477.773    0.100      1444.970          059003.000320   059003.000360 P        0.0000  cm-1
11477.773    0.100      1444.970          059003.000034   059003.000076          1.0000  cm-1
11476.092    0.527      180.665           059003.000058   059003.000127          1.0000  cm-1
11476.092    0.527      180.665           059003.000557   059003.000407 P        0.0000  cm-1
11473.005    0.004      1626.696          059003.000036   059003.000083          1.0000  cm-1
11470.472    0.009      180.808           059003.000103   059003.000151          1.0000  cm-1
11439.047    0.004      181.523           059003.000568   059003.000523 P        0.0000  cm-1
11439.047    0.004      181.523           059003.000545   059003.000477          1.0000  cm-1
11407.790    0.004      182.088           059003.000314   059003.000459          1.0000  cm-1
11397.581    0.061      18223.952         059003.000109   059003.000154          1.0000  cm-1
11291.162    0.004      36557.418         059003.000052   059003.000120          1.0000  cm-1
11291.162    0.004      36557.418         059003.000554   059003.000405 P        0.0000  cm-1
11280.661    0.004      913.669           059003.000036   059003.000081          1.0000  cm-1
11250.349    0.017      4561.671          059003.000110   059003.000154          1.0000  cm-1
11237.553    0.004      1823.027          059003.000326   059003.000467          1.0000  cm-1
11221.904    0.024      3641.200          059003.000037   059003.000085          1.0000  cm-1
11174.038    0.004      1810.257          059003.000337   059003.000476          1.0000  cm-1
11156.713    0.004      1805.412          059003.000036   059003.000080          1.0000  cm-1
11088.018    0.004      1780.348          059003.000315   059003.000458 P        0.0000  cm-1
11064.270    0.004      1769.490          059003.000327   059003.000468          1.0000  cm-1
11055.926    0.004      1765.408          059003.000556   059003.000404 P        0.0000  cm-1
11025.295    0.004      874.614           059003.000401   059003.000419 P        0.0000  cm-1
11003.532    0.042      2604.898          059003.000552   059003.000481          0.4203  cm-1
11003.532    0.042      2604.898          059003.000048   059003.000115          0.5797  cm-1
10986.913    0.004      863.162           059003.000345   059003.000484 P        0.0000  cm-1
10986.015    0.015      8628.762          059003.000039   059003.000088          1.0000  cm-1
10986.015    0.015      8628.762          059003.000405   059003.000572 P        0.0000  cm-1
10947.620    0.004      8499.411          059003.000040   059003.000093          1.0000  cm-1
10922.525    0.025      1681.440          059003.000124   059003.000167          1.0000  cm-1
10893.339    0.004      1658.501          059003.000308   059003.000330 P        0.0000  cm-1
10893.339    0.004      1658.501          059003.000316   059003.000458          1.0000  cm-1
10840.284    0.004      6451.337          059003.000055   059003.000123          1.0000  cm-1
10834.136    0.004      803.611           059003.000327   059003.000369          1.0000  cm-1
10800.473    0.004      787.683           059003.000327   059003.000368          1.0000  cm-1
10800.473    0.004      787.683           059003.000544   059003.000475 P        0.0000  cm-1
10789.694    0.008      7823.856          059003.000034   059003.000074          1.0000  cm-1
10766.024    0.014      2311.295          059003.000039   059003.000087          1.0000  cm-1
10741.829    0.003      2273.314          059003.000051   059003.000115          1.0000  cm-1
10729.408    0.003      751.106           059003.000317   059003.000458          1.0000  cm-1
10726.051    0.003      3746.430          059003.000034   059003.000539          1.0000  cm-1
10710.201    0.003      7405.865          059003.000036   059003.000076          1.0000  cm-1
10676.106    0.003      721.312           059003.000037   059003.000082          1.0000  cm-1
10660.966    0.016      4987.650          059003.000038   059003.000083          1.0000  cm-1
10657.463    0.003      710.468           059003.000319   059003.000459          1.0000  cm-1
10653.209    0.003      707.966           059003.000338   059003.000383          1.0000  cm-1
10648.336    0.003      4935.600          059003.000038   059003.000540          1.0000  cm-1
10606.754    0.003      679.999           059003.000342   059003.000387          1.0000  cm-1
10599.811    0.003      2027.180          059003.000124   059003.000164          1.0000  cm-1
10594.081    0.003      672.184           059003.000487   059003.000572 P        0.0000  cm-1
10583.321    0.021      1996.475          059003.000043   059003.000105          1.0000  cm-1
10573.669    0.029      1318.893          059003.000043   059003.000104          1.0000  cm-1
10541.274    0.003      638.891           059003.000326   059003.000364          1.0000  cm-1
10511.988    0.003      620.002           059003.000341   059003.000476          1.0000  cm-1
10491.488    0.003      1213.274          059003.000048   059003.000112          1.0000  cm-1
10468.588    0.003      4141.166          059003.000416   059003.000617 P        0.0000  cm-1
10468.588    0.003      4141.166          059003.000415   059003.000613 P        0.0000  cm-1
10468.588    0.003      4141.166          059003.000313   059003.000346 P        0.0000  cm-1
10468.588    0.003      4141.166          059003.000038   059003.000081          1.0000  cm-1
10435.830    0.003      2279.684          059003.000037   059003.000080          1.0000  cm-1
10371.267    0.003      526.939           059003.000557   059003.000399          1.0000  cm-1
10356.817    0.003      1034.634          059003.000412   059003.000576 P        0.0000  cm-1
10356.817    0.003      1034.634          059003.000056   059003.000121          1.0000  cm-1
10319.252    0.003      492.379           059003.000039   059003.000085          1.0000  cm-1
10305.003    0.007      482.965           059003.000560   059003.000407          1.0000  cm-1
10282.650    0.003      468.267           059003.000321   059003.000459 P        0.0000  cm-1
10282.650    0.003      468.267           059003.000418   059003.000617 P        0.0000  cm-1
10276.171    0.021      464.025           059003.000117   059003.000159          1.0000  cm-1
10273.946    0.056      462.571           059003.000044   059003.000104          1.0000  cm-1
10255.939    0.003      450.842           059003.000413   059003.000576 P        0.0000  cm-1
10221.752    0.018      428.815           059003.000068   059003.000130          1.0000  cm-1
10198.186    0.003      2483.066          059003.000038   059003.000078          1.0000  cm-1
10198.186    0.003      2483.066          059003.000335   059003.000375 P        0.0000  cm-1
10194.660    0.020      2881.344          059003.000058   059003.000123          1.0000  cm-1
10121.861    0.003      1100.470          059003.000044   059003.000102          1.0000  cm-1
10095.669    0.003      351.286           059003.000552   059003.000390          1.0000  cm-1
10063.319    0.040      665.144           059003.000322   059003.000459 P        0.0000  cm-1
10063.319    0.040      665.144           059003.000044   059003.000101          1.0000  cm-1
10022.193    0.013      309.596           059003.000036   059003.000074          1.0000  cm-1
10022.193    0.013      309.596           059003.000489   059003.000571 P        0.0000  cm-1
10006.109    0.007      6017.423          059003.000052   059003.000114          1.0000  cm-1
10006.109    0.007      6017.423          059003.000311   059003.000543 P        0.0000  cm-1
9966.266     0.003      5598.400          059003.000048   059003.000111          1.0000  cm-1
9839.499     0.003      4397.580          059003.000035   059003.000073          1.0000  cm-1
9764.259     0.021      3783.514          059003.000043   059003.000097          1.0000  cm-1
9704.584     0.026      3348.640          059003.000051   059003.000111          1.0000  cm-1
9682.960     0.030      3202.218          059003.000055   059003.000115          1.0000  cm-1
9328.777     0.003      1549.768          059003.000051   059003.000108          1.0000  cm-1
