shift,wn_obs,unc_wn_obs,obs_intens,low_id,upp_id,dif_wn_O-C,grade,u_calc,calc_intens,imputed
-11.3,120305.917,0.579,2859.37,059003.000045,059003.000519,1.3455,3C,1.1098,319.606,0
-11.3,119361.4894,0.57,5499.52,059003.000046,059003.000517,0.5134,2B,0.8021,3947.493,0
-11.3,119103.1027,0.5675,2720.22,059003.000069,059003.000534,0.0001,2B,0.7783,4511.737,0
-11.3,118784.7087,0.5645,2684.08,059003.000057,059003.000521,0.0435,2B,0.763,1896.79,0
-11.3,118699.4023,0.5637,2674.44,059003.000060,059003.000525,0.3319,2B,1.2616,1347.768,0
-11.3,118113.1069,0.5581,5217.58,059003.000049,059003.000509,0.0001,2E,2.2551,101.978,0
-11.3,117663.0108,0.5539,51181.14,059003.000079,059003.000537,0.0001,2A,0.6432,31531.374,0
-11.3,117190.5103,0.5495,10029.87,059003.000066,059003.000524,-0.0002,2B,0.7598,5644.036,0
-11.3,117178.302,0.5493,5012.29,059003.000069,059003.000527,0.0001,2B,0.6813,13550.021,0
-11.3,116362.6099,0.5417,2418.61,059003.000085,059003.000535,-0.9663,2B,0.7106,672.879,0
-11.3,116197.212,0.5402,4802.17,059003.000072,059003.000521,-0.04,2B,0.722,2295.206,0
-11.3,116091.3074,0.5392,2389.91,059003.000088,059003.000536,0.0723,2B,0.8589,1835.732,0
-11.3,115967.4138,0.538,2376.87,059003.000060,059003.000510,-0.8777,2D,2.2133,78.012,0
-11.3,115141.1182,0.5304,2291.05,059003.000080,059003.000526,-1.8386,4C,1.2441,314.99,0
-11.3,114790.1883,0.5272,4510.35,059003.000082,059003.000525,-0.2901,2C,1.1362,315.078,0
-11.3,114592.8063,0.5254,2235.15,059003.000093,059003.000531,0.0002,2B,0.659,862.048,0
-11.3,113419.9944,0.5147,6355.33,059003.000070,059003.000502,-1.1133,3G,0.4796,1898.746,0
-11.3,112313.4067,0.5047,2011.85,059003.000084,059003.000514,0.0001,2B,0.7746,643.782,0
-11.3,102853.698,0.4232,2473.23,059003.000064,059003.000409,-0.4888,2B,0.6022,1276.585,0
-11.3,101786.475,0.4145,1163.92,059003.000069,059003.000409,0.5569,2A,0.5822,1565.336,0
-11.3,101748.2115,0.4142,23227.39,059003.000045,059003.000388,0.5515,2C,0.7506,5288.663,0
-11.3,101036.8866,0.4084,2229.16,059003.000033,059003.000546,-0.0212,2C,0.7722,492.729,0
-11.3,100553.8883,0.4045,3250.59,059003.000050,059003.000476,0.5821,2E,1.9005,95.948,0
-11.3,100453.1234,0.4037,3231.38,059003.000060,059003.000401,-0.7274,2B,0.6921,902.511,0
-11.3,100438.708,0.8072,5381.06,059003.000041,059003.000365,-1.982,3B,0.778,1785.041,0
-11.3,99649.9259,0.3973,8215.74,059003.000050,059003.000470,0.9441,3C,1.3477,970.433,0
-11.3,99537.4725,0.3964,2040.14,059003.000128,059003.000497,-0.4274,2G,0.6225,321.47,0
-11.3,99433.4004,0.3956,1013.72,059003.000063,059003.000397,-0.117,2G,0.613,11251.944,0
-11.3,99424.3018,0.3955,5065.81,059003.000158,059003.000526,0.6568,2D,2.5142,117.645,0
-11.3,99354.4245,0.3949,3026.74,059003.000053,059003.000472,0.5815,2B,1.4312,990.944,0
-11.3,99284.8942,0.3944,1004.69,059003.000154,059003.000522,0.0001,2D,2.1173,94.364,0
-11.3,99284.8942,0.3944,1004.69,059003.000054,059003.000384,0.1617,2B,0.615,349.888,0
-11.3,99260.4216,0.3942,7022.49,059003.000062,059003.000394,-0.5065,2B,0.7872,24515.283,0
-11.3,99142.3125,0.3933,2988.25,059003.000066,059003.000400,0.144,2G,0.5857,20625.317,0
-11.3,99102.8092,0.3929,993.71,059003.000172,059003.000536,-1.4905,4E,1.7843,17.091,0
-11.3,99102.8092,0.3929,993.71,059003.000045,059003.000369,-0.24,2D,2.5111,69.768,0
-11.3,99102.8092,0.3929,993.71,059003.000151,059003.000520,2.1083,5E,2.2698,19.67,0
-11.3,98970.9818,0.3919,19716.0,059003.000539,059003.000491,-0.3723,2G,0.634,3040.461,0
-11.3,98909.0913,0.3914,9821.03,059003.000070,059003.000403,-0.9564,3A,0.5831,10498.002,0
-11.3,98728.788,0.39,971.39,059003.000045,059003.000365,-0.2369,2G,0.5228,8589.649,0
-11.3,98547.5857,0.3886,28820.78,059003.000131,059003.000416,0.9656,3G,0.6027,6944.838,0
-11.3,98528.8144,0.3884,2878.77,059003.000089,059003.000495,0.301,2C,0.7304,571.768,0
-11.3,98477.8877,0.388,956.6,059003.000066,059003.000481,0.4135,2C,0.7563,6554.185,0
-11.3,98434.7152,0.3877,19081.45,059003.000144,059003.000503,-1.3189,4B,0.624,5796.319,0
-11.3,98294.7937,0.3866,4729.54,059003.000057,059003.000379,0.4088,2G,0.7342,78897.556,0
-11.3,98267.2756,0.3863,9443.08,059003.000069,059003.000396,0.089,2C,1.4951,490.353,0
-11.3,98168.0803,0.3856,938.55,059003.000042,059003.000458,0.3924,2G,0.6581,18162.415,0
-11.3,98072.7138,0.3848,55982.76,059003.000072,059003.000399,0.4286,2G,0.5917,13711.39,0
-11.3,98009.7275,0.3843,4647.1,059003.000076,059003.000487,0.3906,2B,0.6233,1689.993,0
-11.3,97868.2197,0.3832,6449.14,059003.000062,059003.000385,0.0296,2B,1.0529,1746.952,0
-11.3,97862.2991,0.7663,27629.04,059003.000060,059003.000472,-0.0958,2E,2.329,301.105,0
-11.3,97828.693,0.3829,3676.2,059003.000098,059003.000495,-0.5316,2B,0.6227,1593.867,0
-11.3,97719.1035,0.382,9128.09,059003.000073,059003.000483,-0.5918,2C,1.4198,823.062,0
-11.3,97685.6942,0.3818,27327.36,059003.000050,059003.000465,0.6513,2B,0.4856,9329.079,0
-11.3,97647.2204,0.3815,18174.62,059003.000053,059003.000370,0.7438,2D,2.1385,575.763,0
-11.3,97641.5088,0.3814,9084.08,059003.000079,059003.000407,-0.5836,2G,0.6118,2321.5,0
-11.3,97633.2111,0.3814,907.94,059003.000050,059003.000364,0.6987,2B,0.5728,2021.826,0
-11.3,97633.2111,0.3814,907.94,059003.000100,059003.000495,1.9354,5A,0.6422,1087.977,0
-11.3,97615.5925,0.3812,906.94,059003.000167,059003.000529,-0.2116,2B,0.7192,336.59,0
-11.3,97577.1952,0.7619,9047.71,059003.000154,059003.000517,-0.917,2B,1.2607,1765.73,0
-11.3,97535.985,0.3806,45122.28,059003.000099,059003.000411,0.6124,2B,0.568,16424.087,0
-11.3,97526.5273,0.3805,9019.12,059003.000153,059003.000515,0.4299,2B,0.66,2391.643,0
-11.3,97313.4198,0.7578,8899.57,059003.000135,059003.000418,2.0083,3A,0.6179,7580.134,0
-11.3,97249.4727,0.7568,17727.8,059003.000099,059003.000409,-0.2932,2B,0.5719,9552.212,0
-11.3,97197.7166,0.756,7068.08,059003.000075,059003.000482,1.7288,3B,0.5531,23836.042,0
-11.3,97179.7897,0.3778,88251.44,059003.000042,059003.000351,0.1588,2G,0.5692,603465.421,0
-11.3,97143.6082,0.7551,8805.07,059003.000069,059003.000389,-1.1553,2A,0.5711,6100.161,0
-11.3,97071.6258,0.377,17530.42,059003.000075,059003.000480,0.1802,2B,1.4591,20628.172,0
-11.3,97057.8947,0.3769,35030.49,059003.000093,059003.000408,0.0762,2A,0.5903,22377.318,0
-11.3,96953.9882,0.3761,1740.07,059003.000104,059003.000493,0.5359,2B,0.5861,5363.319,0
-11.3,96948.0759,0.376,2609.13,059003.000160,059003.000519,0.3879,2G,0.6336,583.727,0
-11.3,96941.0023,0.376,4346.6,059003.000155,059003.000510,0.6936,2B,0.652,1224.977,0
-11.3,96874.1129,0.3755,1731.3,059003.000153,059003.000508,0.6656,2G,0.6181,10487.383,0
-11.3,96841.3869,0.3752,1727.71,059003.000156,059003.000508,-0.669,2A,0.6036,2333.664,0
-11.3,96796.2875,0.3749,1722.78,059003.000086,059003.000491,-0.2895,2A,0.5614,2396.389,0
-11.3,96787.5796,0.3748,12913.7,059003.000080,059003.000401,0.1319,2A,0.6693,14077.044,0
-11.3,96774.7141,0.7494,17204.22,059003.000054,059003.000365,-0.1941,2B,0.6021,4719.143,0
-11.3,96739.6058,0.3744,85829.58,059003.000057,059003.000467,-0.385,2G,0.4824,18369.577,0
-11.3,96730.4204,0.3744,17155.9,059003.000111,059003.000496,0.648,2B,0.6027,8682.789,0
-11.3,96720.4134,0.3743,4286.25,059003.000057,059003.000372,0.4425,2A,0.6229,4748.345,0
-11.3,96716.6907,0.3743,8570.47,059003.000070,059003.000476,0.1474,2A,0.5125,11467.885,0
-11.3,96699.3875,0.7482,8561.06,059003.000053,059003.000463,-0.3058,2A,0.4294,7213.433,0
-11.3,96699.3875,0.7482,8561.06,059003.000156,059003.000507,-0.0764,2A,0.6091,5075.018,0
-11.3,96601.1876,0.3734,1701.55,059003.000540,059003.000402,-0.0329,2C,0.8183,319.751,0
-11.3,96571.02,0.3731,16982.81,059003.000069,059003.000474,-0.8687,3G,0.5507,3197.433,0
-11.3,96535.6982,0.7457,6777.84,059003.000078,059003.000398,-1.3714,2C,1.0125,633.396,0
-11.3,96535.6982,0.7457,6777.84,059003.000079,059003.000399,-0.3151,2G,1.0207,247.502,0
-11.3,96535.6982,0.7457,6777.84,059003.000082,059003.000484,0.8114,2B,0.8756,1785.781,0
-11.3,96497.5933,0.7451,33806.93,059003.000067,059003.000472,0.258,2B,1.1215,7674.861,0
-11.3,96376.1963,0.3716,4193.21,059003.000108,059003.000493,-0.7358,2G,0.6133,993.39,0
-11.3,96366.421,0.3715,16762.36,059003.000156,059003.000504,-0.2894,2B,0.5186,48932.327,0
-11.3,96294.7913,0.371,5839.97,059003.000066,059003.000471,-0.7703,3A,0.4533,6188.552,0
-11.3,96238.6059,0.3706,8312.81,059003.000176,059003.000526,0.8232,3D,1.6111,503.816,0
-11.3,96211.6785,0.7407,49790.75,059003.000047,059003.000355,-0.0615,2A,0.5646,57704.036,0
-11.3,96036.8005,0.369,82056.4,059003.000060,059003.000369,0.5904,2B,0.8329,28156.557,0
-11.3,95992.5217,0.3687,81822.51,059003.000075,059003.000388,-0.7993,3A,0.6159,71727.41,0
-11.3,95981.9228,0.3686,81766.59,059003.000156,059003.000501,-0.0302,2B,0.6217,43559.447,0
-11.3,95969.7893,0.3685,81702.61,059003.000111,059003.000411,-0.9093,3G,0.5616,15059.235,0
-11.3,95819.9244,0.3673,40457.56,059003.000084,059003.000396,-0.564,2E,1.9071,845.485,0
-11.3,95787.616,0.3671,40373.01,059003.000082,059003.000394,-0.8663,3B,1.0356,7773.338,0
-11.3,95763.4039,0.3669,2418.58,059003.000155,059003.000500,0.0002,2G,0.6073,17971.093,0
-11.3,95718.3946,0.3666,24115.36,059003.000062,059003.000370,-0.4876,2B,0.5489,62960.253,0
-11.3,95696.1143,0.3664,8026.84,059003.000115,059003.000496,0.9609,3A,0.5778,8830.929,0
-11.3,95677.9962,0.3663,801.74,059003.000160,059003.000510,-0.2509,2C,1.0583,70.357,0
-11.3,95641.5806,0.732,15996.94,059003.000084,059003.000481,-1.22,2C,1.0292,1679.547,0
-11.3,95612.4879,0.3658,3991.68,059003.000064,059003.000467,-0.2419,2B,1.587,676.241,0
-11.3,95589.7081,0.3656,23914.64,059003.000166,059003.000518,0.0002,2G,0.5718,3748.93,0
-11.3,95589.7081,0.3656,23914.64,059003.000053,059003.000459,0.973,3G,0.5647,5263.367,0
-11.3,95541.3951,0.3652,794.65,059003.000064,059003.000370,0.0875,2B,1.3444,4413.887,0
-11.3,95536.719,0.3652,794.41,059003.000089,059003.000486,0.5341,2G,0.5954,4348.707,0
-11.3,95467.5912,0.7293,7908.4,059003.000163,059003.000516,-0.8767,2G,0.6311,1355.365,0
-11.3,95385.3193,0.364,31464.21,059003.000053,059003.000458,0.3983,2E,1.6811,933.024,0
-11.3,95344.5904,0.7274,78451.46,059003.000114,059003.000412,-0.5336,2B,0.544,24865.398,0
-11.3,95344.5904,0.7274,78451.46,059003.000063,059003.000366,1.4823,3G,0.7444,6547.914,0
-11.3,95146.9291,0.7244,7744.21,059003.000062,059003.000465,-0.663,2D,2.6474,496.395,0
-11.3,95139.7052,0.3621,3870.27,059003.000167,059003.000515,-0.504,2B,0.5709,9899.003,0
-11.3,95139.7052,0.3621,3870.27,059003.000167,059003.000516,1.893,5B,0.5514,1367.493,0
-11.3,95084.7918,0.3617,154253.38,059003.000086,059003.000478,0.0725,2G,0.5537,29777.236,0
-11.3,95069.9311,0.3616,30820.55,059003.000079,059003.000388,-0.7451,3B,0.6219,11207.219,0
-11.3,95033.71,0.7227,3843.4,059003.000099,059003.000407,-0.3856,2A,0.5466,5910.344,0
-11.3,95027.4919,0.7226,3841.83,059003.000093,059003.000405,-0.3576,2B,0.6933,1331.528,0
-11.3,94968.0942,0.7217,76536.61,059003.000115,059003.000493,0.8008,2B,0.543,25327.057,0
-11.3,94918.3106,0.3605,762.86,059003.000082,059003.000389,0.1496,2G,0.5853,2828.018,0
-11.3,94902.812,0.3603,4572.47,059003.000067,059003.000468,0.5182,2E,2.0463,69.373,0
-11.3,94841.6956,0.3599,5313.07,059003.000079,059003.000476,-0.1612,2D,2.1535,636.352,0
-11.3,94830.426,0.3598,3792.22,059003.000093,059003.000403,0.1476,2G,0.5647,88703.481,0
-11.3,94666.7288,0.3586,37513.49,059003.000164,059003.000507,-0.6637,2G,0.5787,9099.529,0
-11.3,94666.7288,0.3586,37513.49,059003.000095,059003.000402,-0.1605,2A,0.5698,21742.878,0
-11.3,94639.2226,0.3583,74890.22,059003.000085,059003.000391,-0.416,2G,0.5697,9346.526,0
-11.3,94639.2226,0.3583,74890.22,059003.000076,059003.000472,0.6323,2D,1.8012,19622.505,0
-11.3,94531.5944,0.3575,74356.7,059003.000064,059003.000361,0.0413,2G,0.5533,20071.309,0
-11.3,94515.3138,0.7148,3713.81,059003.000105,059003.000489,-0.2443,2A,0.5619,5603.653,0
-11.3,94505.0724,0.3573,14845.12,059003.000080,059003.000384,-0.5348,2B,0.5278,4469.792,0
-11.3,94471.579,0.3571,2221.81,059003.000070,059003.000372,0.6067,2A,0.573,1329.553,0
-11.3,94415.4692,0.3567,44270.38,059003.000096,059003.000400,-0.7895,3A,0.5757,50156.834,0
-11.3,94403.405,0.3566,147449.28,059003.000166,059003.000422,-2.1767,5G,0.5178,42276.66,0
-11.3,94403.405,0.3566,147449.28,059003.000114,059003.000408,-0.9733,3A,0.5639,106228.461,0
-11.3,94403.405,0.3566,147449.28,059003.000054,059003.000353,-0.7095,2A,0.5617,123765.98,0
-11.3,94403.405,0.3566,147449.28,059003.000064,059003.000360,0.3918,2G,0.5846,29087.889,0
-11.3,94395.1109,0.713,73683.87,059003.000082,059003.000385,-0.6335,2C,1.0592,8188.141,0
-11.3,94380.8786,0.3564,36806.98,059003.000083,059003.000475,-0.0315,2G,0.5437,9909.6,0
-11.3,94380.8786,0.3564,36806.98,059003.000081,059003.000384,0.4113,2G,0.5906,1650.839,0
-11.3,94353.7907,0.3562,7348.1,059003.000069,059003.000369,-0.4299,2A,0.4779,5430.716,0
-11.3,94344.1817,0.3561,14686.77,059003.000167,059003.000507,-0.7853,3G,0.5234,3288.929,0
-11.3,94334.9051,0.356,7338.84,059003.000164,059003.000504,0.2659,2C,1.5019,344.85,0
-11.3,94321.4834,0.3559,14664.53,059003.000098,059003.000484,-0.3837,2A,0.5942,8925.15,0
-11.3,94285.0937,0.3557,7314.46,059003.000102,059003.000486,0.0304,2G,0.6417,1779.735,0
-11.3,94263.0235,0.3555,14607.34,059003.000163,059003.000503,-1.9162,5C,1.1085,1999.948,0
-11.3,94252.1065,0.3554,72983.37,059003.000081,059003.000382,-0.1272,2B,0.741,54906.007,0
-11.3,94234.887,0.7106,3644.97,059003.000099,059003.000401,-0.8221,2G,0.5672,49797.884,0
-11.3,94193.3143,0.355,3634.84,059003.000072,059003.000468,-0.1661,2B,1.3069,1846.49,0
-11.3,94165.719,0.3548,2902.5,059003.000067,059003.000364,-0.4292,2G,0.6029,495.082,0
-11.3,94069.9304,0.3541,7209.76,059003.000106,059003.000487,-0.8076,3B,0.6437,2282.799,0
-11.3,93996.1023,0.3535,7174.07,059003.000166,059003.000502,-1.1841,4G,0.5571,42830.435,0
-11.3,93964.6738,0.7065,3579.46,059003.000082,059003.000381,0.3381,2B,1.282,937.396,0
-11.3,93939.2144,0.3531,71466.57,059003.000097,059003.000483,0.2223,2G,1.1528,3017.733,0
-11.3,93939.2144,0.3531,71466.57,059003.000098,059003.000398,0.7069,3G,0.5788,11799.453,0
-11.3,93929.6031,0.353,28568.13,059003.000123,059003.000413,-0.5035,2A,0.5575,42345.252,0
-11.3,93929.6031,0.353,28568.13,059003.000144,059003.000417,-0.4493,2B,0.5302,51350.666,0
-11.3,93903.495,0.3528,35647.4,059003.000102,059003.000402,0.2959,2A,0.5563,23986.788,0
-11.3,93865.6823,0.3525,1422.27,059003.000166,059003.000501,0.028,2B,0.6065,2959.273,0
-11.3,93844.5126,0.3524,14202.35,059003.000108,059003.000407,0.0714,2A,0.5828,15241.004,0
-11.3,93789.4994,0.7039,14149.7,059003.000082,059003.000377,-0.7214,2A,0.5691,12579.011,0
-11.3,93789.4994,0.7039,14149.7,059003.000098,059003.000395,0.9748,2A,0.548,11576.015,0
-11.3,93777.7058,0.3519,14138.43,059003.000172,059003.000508,0.0362,2A,0.5578,14918.717,0
-11.3,93777.7058,0.3519,14138.43,059003.000123,059003.000411,0.6165,2B,0.5388,29529.715,0
-11.3,93756.4158,0.3517,2117.71,059003.000073,059003.000368,-0.7269,3G,0.5322,41015.757,0
-11.3,93672.8926,0.3511,28077.05,059003.000089,059003.000391,0.1077,2B,0.5744,59296.348,0
-11.3,93665.2727,0.351,35078.21,059003.000099,059003.000482,-0.0734,2G,0.5598,6554.839,0
-11.3,93634.9925,0.7016,7001.26,059003.000172,059003.000507,-0.085,2G,0.5303,44163.445,0
-11.3,93629.5282,0.7015,3499.33,059003.000171,059003.000424,0.0,2G,0.531,27002.527,0
-11.3,93597.9963,0.3505,1396.74,059003.000105,059003.000484,0.2096,2G,0.5775,45720.299,0
-11.3,93554.9935,0.7004,6963.37,059003.000061,059003.000562,0.7833,2C,0.7715,1064.8,0
-11.3,93479.6839,0.3496,69278.22,059003.000099,059003.000394,0.7513,3A,0.6114,42550.832,0
-11.3,93466.9069,0.3495,13843.61,059003.000171,059003.000422,0.0412,2G,0.5582,107136.215,0
-11.3,93425.1786,0.3492,69021.74,059003.000146,059003.000417,-0.6479,2G,0.5743,11743.438,0
-11.3,93417.3032,0.3492,6898.47,059003.000073,059003.000365,-0.1986,2B,0.5315,4015.944,0
-11.3,93417.3032,0.3492,6898.47,059003.000172,059003.000505,-0.1523,2G,0.6124,25820.546,0
-11.3,93417.3032,0.3492,6898.47,059003.000100,059003.000478,0.6344,2A,0.5362,7830.721,0
-11.3,93392.7908,0.349,4820.88,059003.000074,059003.000366,0.0239,2A,0.4742,4074.818,0
-11.3,93284.0177,0.3482,136721.07,059003.000063,059003.000358,-0.5213,2B,0.5333,61754.565,0
-11.3,93265.6825,0.696,6827.5,059003.000121,059003.000492,0.3565,2A,0.5037,7589.605,0
-11.3,93242.5178,0.3479,13633.4,059003.000085,059003.000377,-0.8258,3A,0.6144,21161.44,0
-11.3,93115.8143,0.3469,675.78,059003.000101,059003.000478,-0.094,2G,0.5581,3588.524,0
-11.3,93083.727,0.3467,3371.49,059003.000151,059003.000499,-0.3989,2G,0.4823,1002.25,0
-11.3,93057.4969,0.3465,3365.43,059003.000171,059003.000502,-1.0734,4D,1.8271,3359.357,0
-11.3,93057.4969,0.3465,3365.43,059003.000074,059003.000466,0.1316,2B,0.563,6471.723,0
-11.3,93057.4969,0.3465,3365.43,059003.000112,059003.000489,0.6861,2G,0.5683,26211.548,0
-11.3,93035.684,0.3463,3360.39,059003.000108,059003.000484,0.0012,2G,0.5505,28596.183,0
-11.3,92973.2029,0.3458,669.2,059003.000098,059003.000391,-0.2931,2G,0.6314,4131.331,0
-11.3,92973.2029,0.3458,669.2,059003.000087,059003.000381,0.6575,2B,0.6662,2039.373,0
-11.3,92913.6836,0.3454,3332.33,059003.000111,059003.000404,0.0198,2G,0.6477,24654.408,0
-11.3,92864.3951,0.345,1328.41,059003.000175,059003.000503,2.1518,5B,0.6091,3268.378,0
-11.3,92765.9012,0.3443,659.71,059003.000150,059003.000418,-0.3738,2A,0.5354,968.903,0
-11.3,92660.4039,0.687,32745.73,059003.000111,059003.000484,-0.2592,2E,1.638,993.826,0
-11.3,92649.5926,0.3434,654.42,059003.000127,059003.000413,0.1117,2B,0.6074,1996.139,0
-11.3,92585.8212,0.343,1954.62,059003.000104,059003.000392,0.8046,3G,0.5804,15389.498,0
-11.3,92533.9035,0.3426,1298.4,059003.000106,059003.000394,-0.7672,3B,1.5496,1285.938,0
-11.3,92474.0873,0.3421,3232.53,059003.000101,059003.000391,-0.6993,3B,0.6006,10271.357,0
-11.3,92431.8248,0.3418,6446.09,059003.000096,059003.000476,-0.2531,2C,1.5378,299.596,0
-11.3,92426.6175,0.3418,1933.13,059003.000088,059003.000470,-0.6278,2D,2.5879,64.149,0
-11.3,92291.305,0.3408,6383.3,059003.000064,059003.000351,-0.3903,2A,0.5511,4567.398,0
-11.3,92278.1028,0.6814,3188.71,059003.000111,059003.000398,0.7992,2B,0.8494,938.257,0
-11.3,92261.1339,0.3406,12739.74,059003.000080,059003.000366,-0.6067,2B,0.5711,6767.955,0
-11.3,92255.3821,0.6811,6367.31,059003.000106,059003.000392,1.4933,3A,0.5537,8334.605,0
-11.3,92245.0822,0.6809,12725.47,059003.000082,059003.000370,-1.3542,2B,1.3477,1936.22,0
-11.3,92245.0822,0.6809,12725.47,059003.000098,059003.000475,-0.432,2A,0.5197,7655.221,0
-11.3,92233.5888,0.3404,635.76,059003.000099,059003.000476,-0.2712,2B,1.2815,1624.161,0
-11.3,92130.5798,0.3396,1262.4,059003.000039,059003.000334,-0.206,2B,0.4683,453.463,0
-11.3,92122.3178,0.3395,630.83,059003.000063,059003.000350,0.049,2B,0.576,1814.122,0
-11.3,92024.1217,0.3388,626.51,059003.000096,059003.000383,-0.0927,2E,2.3386,5.972,0
-11.3,91985.6073,0.3385,3124.07,059003.000114,059003.000401,0.4243,2A,0.509,2029.3,0
-11.3,91963.6986,0.3384,2495.42,059003.000179,059003.000529,0.1668,2G,0.5244,536.167,0
-11.3,91937.3978,0.3382,622.7,059003.000177,059003.000503,0.6711,2B,0.5283,189.256,0
-11.3,91870.6314,0.3377,6197.83,059003.000081,059003.000365,-0.0116,2C,1.1894,932.034,0
-11.3,91826.2817,0.3374,1853.55,059003.000155,059003.000497,0.3101,2A,0.577,1587.455,0
-11.3,91801.9911,0.3372,616.79,059003.000081,059003.000466,0.7921,3B,0.6596,1261.696,0
-11.3,91776.9325,0.337,9235.55,059003.000128,059003.000492,0.4642,2B,0.5323,19069.33,0
-11.3,91744.9301,0.6735,2457.26,059003.000101,059003.000475,-1.8749,3A,0.6072,1969.434,0
-11.3,91744.9301,0.6735,2457.26,059003.000070,059003.000354,-1.0848,2A,0.5354,2837.185,0
-11.3,91744.9301,0.6735,2457.26,059003.000131,059003.000494,0.913,2B,0.4871,5625.11,0
-11.3,91738.4819,0.3367,614.03,059003.000154,059003.000416,-0.7251,3G,0.4679,127.689,0
-11.3,91658.1277,0.3361,1221.11,059003.000079,059003.000362,-0.2742,2B,0.5985,599.819,0
-11.3,91623.1111,0.6717,1218.09,059003.000073,059003.000358,-1.7792,3G,0.5241,11056.093,0
-11.3,91623.1111,0.6717,1218.09,059003.000082,059003.000364,0.4951,2G,0.5244,20206.893,0
-11.3,91623.1111,0.6717,1218.09,059003.000121,059003.000491,2.2209,4B,0.5191,3658.29,0
-11.3,91536.5265,0.6705,12106.42,059003.000104,059003.000475,0.6764,2G,0.5574,1163.798,0
-11.3,91536.5265,0.6705,12106.42,059003.000079,059003.000361,1.3975,3G,0.5326,3218.699,0
-11.3,91519.4713,0.6702,1209.18,059003.000106,059003.000388,1.0539,2G,0.5532,39644.655,0
-11.3,91407.2244,0.3343,5997.87,059003.000105,059003.000474,-0.9616,3G,0.5384,1177.05,0
-11.3,91407.2244,0.3343,5997.87,059003.000079,059003.000360,0.6352,2G,0.5554,740.647,0
-11.3,91332.3221,0.3337,8948.97,059003.000119,059003.000405,0.4737,2G,0.5498,45291.123,0
-11.3,91326.9085,0.3337,596.37,059003.000105,059003.000384,0.5903,2G,0.5471,5504.905,0
-11.3,91199.02,0.6655,5909.51,059003.000158,059003.000414,-0.0001,2G,0.5406,1446.165,0
-11.3,91199.02,0.6655,5909.51,059003.000105,059003.000382,0.9353,2G,0.6451,1000.533,0
-11.3,91150.1251,0.3324,588.89,059003.000096,059003.000375,-0.3035,2B,0.546,1060.495,0
-11.3,91066.111,0.3318,585.36,059003.000115,059003.000482,0.0579,2G,0.5276,13638.799,0
-11.3,91015.8869,0.6629,23330.11,059003.000084,059003.000361,-0.6992,2G,0.579,4869.675,0
-11.3,90982.0904,0.3312,1745.52,059003.000085,059003.000464,-0.306,2A,0.5852,1612.491,0
-11.3,90865.6724,0.3303,2307.96,059003.000089,059003.000373,-0.3168,2A,0.5417,2119.01,0
-11.3,90635.3165,0.3287,4539.83,059003.000108,059003.000382,-0.6641,3E,1.7961,102.743,0
-11.3,90536.5031,0.328,2253.73,059003.000087,059003.000464,-0.9802,3B,1.1556,1345.61,0
-11.3,90536.5031,0.328,2253.73,059003.000134,059003.000413,-0.4958,2G,0.5808,486.9,0
-11.3,90536.5031,0.328,2253.73,059003.000106,059003.000377,0.0939,2D,1.7402,352.67,0
-11.3,90536.5031,0.328,2253.73,059003.000160,059003.000417,0.7675,3B,0.5466,822.406,0
-11.3,90399.7051,0.327,2231.45,059003.000035,059003.000315,0.0014,2B,0.6533,656.193,0
-11.3,90384.0101,0.3269,1671.68,059003.000134,059003.000411,0.0284,2G,0.5519,284.558,0
-11.3,90251.1011,0.6518,11037.15,059003.000179,059003.000520,-0.1977,2B,0.5901,29007.683,0
-11.3,90241.5823,0.3258,22058.98,059003.000097,059003.000468,-0.3838,2C,0.886,4008.524,0
-11.3,90188.6731,0.3254,1648.04,059003.000082,059003.000459,-0.0219,2G,0.3622,202.98,0
-11.3,90188.6731,0.3254,1648.04,059003.000179,059003.000519,0.6907,3C,0.7165,259.118,0
-11.3,90159.1187,0.3252,10963.25,059003.000126,059003.000407,0.7515,3G,0.5377,109441.396,0
-11.3,89994.8791,0.324,541.61,059003.000127,059003.000407,-0.3075,2G,0.6197,6848.698,0
-11.3,89983.6038,0.324,27058.01,059003.000114,059003.000476,0.2699,2D,2.8085,911.972,0
-11.3,89959.2209,0.3238,5401.92,059003.000180,059003.000519,-0.923,3B,0.6131,15059.585,0
-11.3,89838.791,0.3229,5354.3,059003.000081,059003.000355,0.1798,2B,0.5111,12478.686,0
-11.3,89720.1924,0.3221,530.77,059003.000123,059003.000394,-0.4569,2B,1.3514,1127.973,0
-11.3,89720.1924,0.3221,530.77,059003.000091,059003.000362,0.8694,3B,0.8251,211.206,0
-11.3,89583.2852,0.3211,26271.12,059003.000119,059003.000391,-0.5938,2G,0.5851,4818.4,0
-11.3,89563.784,0.6419,15739.92,059003.000096,059003.000465,-0.0305,2B,0.5353,7257.099,0
-11.3,89553.0142,0.3209,1572.74,059003.000126,059003.000403,1.3782,5G,0.5299,27035.469,0
-11.3,89309.9021,0.3191,514.86,059003.000105,059003.000370,0.5658,2G,0.5014,3371.396,0
-11.3,89051.5115,0.3173,1515.04,059003.000131,059003.000488,-0.0478,2B,0.4885,502.977,0
-11.3,88849.5298,0.3158,497.41,059003.000123,059003.000389,-0.7981,3A,0.6028,468.017,0
-11.3,88830.5138,0.3157,9933.99,059003.000172,059003.000418,-2.2835,5G,0.4746,910.815,0
-11.3,88830.5138,0.3157,9933.99,059003.000104,059003.000365,-0.3962,2A,0.5902,6509.268,0
-11.3,88806.9179,0.3155,2479.09,059003.000130,059003.000484,0.6544,3B,1.3845,2623.093,0
-11.3,88583.7804,0.314,487.53,059003.000173,059003.000417,0.5775,2A,0.4431,413.304,0
-11.3,88425.327,0.3128,963.41,059003.000138,059003.000492,-0.845,3B,0.498,369.609,0
-11.3,88362.418,0.3124,4794.05,059003.000119,059003.000381,0.7191,3B,0.491,8995.136,0
-11.3,88029.6729,0.31,467.37,059003.000185,059003.000526,-0.767,3G,1.0123,8025.803,0
-11.3,88029.6729,0.31,467.37,059003.000098,059003.000460,-0.6513,3G,0.5181,3829.542,0
-11.3,87876.9083,0.309,23095.9,059003.000133,059003.000406,0.0345,2G,0.6426,3568.695,0
-11.3,87798.7221,0.3084,918.29,059003.000114,059003.000468,0.0365,2B,0.6122,2351.397,0
-11.3,87778.0848,0.3083,1375.24,059003.000043,059003.000322,-0.3799,2B,0.4197,623.12,0
-11.3,87766.1198,0.3082,457.99,059003.000132,059003.000403,-0.7864,3G,1.2987,24.734,0
-11.3,87732.0077,0.308,4567.87,059003.000126,059003.000389,-0.8752,3A,0.5224,2865.112,0
-11.3,87732.0077,0.308,4567.87,059003.000135,059003.000489,-0.4893,2A,0.4851,5529.73,0
-11.3,87721.7836,0.3079,4564.27,059003.000123,059003.000377,-0.6042,2B,0.8733,3931.064,0
-11.3,87564.498,0.3068,901.81,059003.000181,059003.000507,0.6438,3G,0.5123,9762.595,0
-11.3,87501.4992,0.3063,8974.17,059003.000181,059003.000506,0.084,2G,0.5105,2130.153,0
-11.3,86768.1104,0.3012,4236.76,059003.000126,059003.000472,-0.4145,2E,5.9528,0.044,0
-11.3,86590.9037,0.3,417.78,059003.000133,059003.000394,1.1884,4D,1.9233,63.846,0
-11.3,86521.208,0.2995,830.95,059003.000184,059003.000506,-0.0798,2G,0.5062,7666.689,0
-11.3,86398.2914,0.2987,8228.71,059003.000120,059003.000370,0.2108,2C,1.1298,847.099,0
-11.3,86279.588,0.2978,407.56,059003.000120,059003.000369,0.3257,2B,0.4656,1130.36,0
-11.3,85692.8981,0.2938,3887.87,059003.000146,059003.000492,0.3289,2G,0.4305,801.542,0
-11.3,85417.6028,0.2919,3801.94,059003.000186,059003.000516,0.1226,2G,0.5059,826.601,0
-11.3,84590.917,0.5726,1065.61,059003.000129,059003.000467,-0.6723,2A,0.4892,1222.229,0
-11.3,84222.2058,0.2838,688.89,059003.000160,059003.000496,-0.3378,2B,0.4727,387.656,0
-11.3,84201.3358,0.2837,1375.37,059003.000103,059003.000348,0.4147,2G,0.3906,301.927,0
-11.3,84119.7238,0.2831,1024.49,059003.000179,059003.000498,0.2912,2G,0.6831,186.271,0
-11.3,83147.731,0.2766,628.85,059003.000120,059003.000351,-0.7372,3B,0.5284,253.523,0
-11.3,83114.4182,0.2764,313.53,059003.000167,059003.000496,-0.6921,3A,0.4272,405.272,0
-11.3,83106.8971,0.5527,3133.25,059003.000181,059003.000499,1.0139,2G,0.4203,709.231,0
-11.3,83083.283,0.2762,625.38,059003.000065,059003.000542,-0.3242,2B,0.3631,257.527,0
-11.3,82493.3293,0.2723,594.19,059003.000189,059003.000505,0.0433,2D,1.8134,28.408,0
-11.3,82126.031,0.2699,863.03,059003.000189,059003.000502,1.0017,4E,2.3406,15.742,0
-11.3,82063.3345,0.2694,1144.36,059003.000158,059003.000491,0.9623,4B,0.4129,1998.235,0
-11.3,81751.1805,0.2674,278.29,059003.000148,059003.000392,-0.4118,2G,0.443,78.104,0
-11.3,81034.5866,0.5255,782.89,059003.000159,059003.000485,0.6052,2B,0.5019,274.22,0
-11.3,81002.9233,0.2625,260.21,059003.000110,059003.000552,-0.1834,2G,0.6551,1612.113,0
-11.3,80990.917,0.2625,779.8,059003.000155,059003.000397,0.347,2B,0.3941,423.917,0
-11.3,80936.1818,0.2621,258.65,059003.000155,059003.000483,-0.2148,2B,1.2205,38.879,0
-11.3,80765.7072,0.261,509.34,059003.000172,059003.000408,0.0284,2A,0.4948,350.11,0
-11.3,80567.117,0.5194,1250.45,059003.000147,059003.000473,0.0002,2G,0.562,279.402,0
-11.3,80051.1345,0.2564,715.44,059003.000186,059003.000498,-0.2385,2B,0.4048,282.206,0
-11.3,79659.6934,0.2539,689.81,059003.000162,059003.000402,-0.1092,2E,1.709,17.537,0
-11.3,79435.7347,0.2525,450.3,059003.000154,059003.000476,-0.5699,3C,1.1639,44.644,0
-11.3,78562.4215,0.247,621.55,059003.000109,059003.000333,-0.0,2G,0.4603,6675.261,0
-11.3,78211.8332,0.4895,600.83,059003.000173,059003.000401,0.5596,2B,0.4066,1178.079,0
-11.3,76334.4202,0.4663,332.28,059003.000181,059003.000496,0.4228,2B,0.4108,826.752,0
-11.3,76334.4202,0.4663,332.28,059003.000118,059003.000329,0.4258,2B,0.3575,123.582,0
-11.3,76267.9849,0.4655,165.02,059003.000103,059003.000316,0.7079,2D,2.1235,5.593,0
-11.3,75755.2226,0.2296,156.54,059003.000063,059003.000311,0.6068,3B,0.3701,312.767,0
-11.3,75207.2745,0.2263,147.84,059003.000105,059003.000456,0.4253,2D,1.7622,12.519,0
-11.3,74083.7309,0.2196,918.03,059003.000180,059003.000489,0.0692,2B,0.5177,369.613,0
-11.3,73890.2864,0.2185,385.27,059003.000154,059003.000351,0.5674,3G,0.3824,84.334,0
-11.3,73777.7878,0.2178,380.57,059003.000136,059003.000341,0.3193,2B,0.3639,655.292,0
-11.3,73404.0598,0.2156,121.76,059003.000179,059003.000401,-0.0409,2G,0.5467,1455.105,0
-11.3,73267.8242,0.2148,119.94,059003.000182,059003.000491,-0.4072,2C,0.741,20.498,0
-11.3,72663.5322,0.2113,448.47,059003.000181,059003.000405,-0.9543,5B,0.3359,786.24,0
-11.3,72389.0307,0.2097,1086.94,059003.000064,059003.000307,0.1354,2G,0.4047,4318.733,0
-11.3,72357.2277,0.2095,433.21,059003.000105,059003.000313,0.342,2G,0.522,96.555,0
-11.3,72353.576,0.2095,216.51,059003.000083,059003.000311,0.1406,2B,0.4753,471.663,0
-11.3,71794.1992,0.2062,304.64,059003.000108,059003.000313,-0.5826,3B,0.8931,482.42,0
-11.3,71729.6004,0.2059,403.17,059003.000064,059003.000455,-0.0606,2B,1.5307,91.182,0
-11.3,71708.0949,0.2057,2010.85,059003.000093,059003.000312,-0.2257,2A,0.4417,2639.86,0
-11.3,71696.9265,0.2057,200.83,059003.000054,059003.000304,0.2463,2B,1.3985,34.575,0
-11.3,71663.2138,0.411,400.09,059003.000220,059003.000603,-0.4143,2D,1.9367,19.455,0
-11.3,71292.0865,0.2034,766.37,059003.000194,059003.000572,0.0234,2B,0.9727,612.18,0
-11.3,71284.912,0.2033,287.15,059003.000184,059003.000484,0.1513,2C,1.5767,28.728,0
-11.3,71277.5969,0.2033,1912.68,059003.000195,059003.000572,-0.1777,2D,2.1618,883.085,0
-11.3,71048.7794,0.404,931.0,059003.000066,059003.000455,-0.5884,2D,2.418,372.107,0
-11.3,71047.6102,0.4039,930.88,059003.000216,059003.000428,-0.3116,2A,0.5626,1411.883,0
-11.3,71044.123,0.202,558.3,059003.000136,059003.000327,-0.2752,2A,0.4087,379.341,0
-11.3,70895.3985,0.2011,5485.85,059003.000220,059003.000429,-0.3139,2B,0.5644,1612.668,0
-11.3,70884.1301,0.4021,913.09,059003.000062,059003.000305,0.3635,2B,1.0047,283.413,0
-11.3,70805.8731,0.2006,904.67,059003.000197,059003.000421,-0.1207,2A,0.662,1505.635,0
-11.3,70795.329,0.2005,1807.08,059003.000127,059003.000456,-0.1616,2B,0.5292,863.255,0
-11.3,70616.4628,0.1995,88.45,059003.000185,059003.000490,0.0002,2G,0.2968,442.998,0
-11.3,70462.5418,0.1987,607.89,059003.000430,059003.000319,0.1081,2B,0.4203,351.663,0
-11.3,70257.1318,0.395,169.45,059003.000184,059003.000392,-0.4426,2A,0.348,160.214,0
-11.3,70257.1318,0.395,169.45,059003.000042,059003.000296,1.2354,4D,1.7096,110.002,0
-11.3,70243.3728,0.1974,253.76,059003.000186,059003.000489,-0.0676,2G,0.4109,1306.557,0
-11.3,69873.3165,0.1954,242.64,059003.000054,059003.000451,0.1909,2D,1.7062,122.034,0
-11.3,69535.9742,0.1935,77.61,059003.000049,059003.000301,-0.4313,3B,1.0794,35.411,0
-11.3,69392.4725,0.3854,76.25,059003.000252,059003.000612,0.9618,3E,2.3223,1.299,0
-11.3,69366.2774,0.1925,1520.12,059003.000047,059003.000298,0.3617,2B,1.5653,245.891,0
-11.3,69288.5237,0.1921,75.28,059003.000214,059003.000427,0.3037,2G,0.4898,292.362,0
-11.3,69179.4942,0.1915,148.54,059003.000214,059003.000426,0.5518,3A,0.452,171.343,0
-11.3,69010.6775,0.1906,363.62,059003.000180,059003.000373,-0.046,2G,0.4492,85.907,0
-11.3,68942.7462,0.3804,721.09,059003.000186,059003.000398,0.4367,2A,0.3853,619.506,0
-11.3,68930.4361,0.1901,144.0,059003.000198,059003.000572,-0.2034,2B,0.7968,66.745,0
-11.3,68792.6381,0.1894,2122.97,059003.000186,059003.000395,0.3115,2G,0.2982,429.809,0
-11.3,68632.9123,0.1885,69.36,059003.000174,059003.000560,0.0994,2A,0.6373,88.394,0
-11.3,68509.7798,0.1878,204.86,059003.000072,059003.000304,-0.3052,2D,1.7369,18.289,0
-11.3,68471.3923,0.1876,67.96,059003.000169,059003.000558,0.7345,4D,1.9762,28.702,0
-11.3,68416.0009,0.1873,269.92,059003.000069,059003.000454,-0.4172,3G,0.4959,1660.633,0
-11.3,68387.2704,0.1871,67.23,059003.000199,059003.000573,0.4276,3G,0.7543,2028.652,0
-11.3,68306.0977,0.1867,665.43,059003.000101,059003.000309,-0.4421,3A,0.5822,398.931,0
-11.3,68276.0437,0.1865,66.29,059003.000053,059003.000299,0.2264,2B,0.7412,87.662,0
-11.3,68206.2196,0.1861,131.4,059003.000235,059003.000428,-0.7955,5D,1.8618,6.848,0
-11.3,68013.8235,0.3702,192.3,059003.000053,059003.000446,-0.6938,2B,0.3342,316.075,0
-11.3,67945.7287,0.1847,190.63,059003.000127,059003.000313,0.2015,2G,0.3778,2370.485,0
-11.3,67877.5943,0.1844,62.99,059003.000057,059003.000301,0.3914,3B,1.2479,12.304,0
-11.3,67826.9826,0.1841,3128.84,059003.000213,059003.000577,0.1857,2B,0.8647,2155.468,0
-11.3,67761.9741,0.3675,1241.06,059003.000214,059003.000577,-0.1891,2B,0.7499,411.814,0
-11.3,67667.8938,0.1832,367.81,059003.000230,059003.000580,0.6326,4E,2.9683,1.15,0
-11.3,67636.1157,0.183,610.49,059003.000054,059003.000446,0.3243,2B,0.5513,1461.742,0
-11.3,67632.8752,0.183,1220.46,059003.000210,059003.000421,0.0549,2A,0.56,1497.234,0
-11.3,67588.2334,0.1828,121.34,059003.000185,059003.000475,0.0274,2B,0.3641,64.757,0
-11.3,67576.87,0.3655,605.8,059003.000239,059003.000428,0.7703,3B,0.5796,1592.845,0
-11.3,67512.7897,0.1824,180.23,059003.000041,059003.000289,0.0155,2B,0.365,489.737,0
-11.3,67501.8385,0.1823,299.95,059003.000203,059003.000573,-0.355,2D,2.0061,186.429,0
-11.3,67398.2162,0.1818,473.48,059003.000204,059003.000574,0.1279,2B,0.9816,353.509,0
-11.3,67183.8827,0.1806,57.54,059003.000205,059003.000573,-0.05,2C,0.7487,403.931,0
-11.3,67144.5791,0.3608,572.46,059003.000111,059003.000309,0.5338,2B,0.7641,1102.801,0
-11.3,67116.8044,0.1802,171.11,059003.000433,059003.000428,0.6206,4A,0.6926,206.338,0
-11.3,66794.3186,0.1785,382.55,059003.000091,059003.000455,0.1606,2B,0.6855,124.612,0
-11.3,66466.1764,0.1768,52.3,059003.000252,059003.000429,0.7658,5C,0.7125,427.731,0
-11.3,66448.8072,0.1767,104.36,059003.000064,059003.000448,-0.0714,2G,0.4415,615.962,0
-11.3,66419.3671,0.353,1039.46,059003.000087,059003.000305,-0.1636,2B,0.8249,281.55,0
-11.3,66214.43,0.1754,202.21,059003.000141,059003.000456,-0.1317,2G,0.5518,2966.086,0
-11.3,65928.5809,0.3478,1944.97,059003.000221,059003.000421,0.2265,2B,0.687,830.578,0
-11.3,65840.566,0.1735,96.08,059003.000106,059003.000307,0.3536,3D,2.3181,14.746,0
-11.3,60008.4633,0.1441,1299.18,059003.000230,059003.000570,0.8078,5B,0.6022,634.759,0
-11.3,59474.5147,0.2831,1248.33,059003.000256,059003.000572,0.4346,2B,0.551,650.887,0
-11.3,59334.7167,0.8453,2470.41,059003.000088,059003.000445,0.1465,2G,1.3746,115.819,0
-11.3,58037.3433,0.1348,2234.11,059003.000104,059003.000293,-0.1858,2B,0.4456,4304.711,0
-11.3,57527.0237,0.2649,5362.04,059003.000146,059003.000309,0.1164,2C,1.3853,402.558,0
-11.3,57329.5669,0.1315,3166.23,059003.000212,059003.000566,-0.0429,2B,0.49,1772.75,0
-11.3,57284.489,0.1313,2103.1,059003.000540,059003.000283,-0.2219,2G,0.5382,524.799,0
-11.3,57158.999,0.1307,2081.7,059003.000082,059003.000282,0.3153,3C,1.3831,117.871,0
-11.3,56954.3115,0.1298,4094.13,059003.000158,059003.000311,0.3752,3G,0.4277,1031.255,0
-11.3,56809.5943,0.1291,1011.39,059003.000121,059003.000447,-0.0781,2B,1.4123,360.748,0
-11.3,56753.0861,0.1289,20133.39,059003.000150,059003.000309,0.115,2B,0.6243,9876.126,0
-11.3,56546.1355,0.1279,4947.47,059003.000073,059003.000440,0.1065,2B,0.312,8844.164,0
-11.3,56423.4419,0.1274,3917.57,059003.000266,059003.000572,0.0288,2D,1.9245,374.924,0
-11.3,56199.268,0.1264,1922.17,059003.000230,059003.000567,0.6118,5B,0.4437,4802.095,0
-11.3,55678.4707,0.1241,9193.35,059003.000195,059003.000563,-0.1849,2B,0.5888,3621.425,0
-11.3,55676.6348,0.124,1838.38,059003.000041,059003.000246,0.341,3B,0.6358,527.677,0
-11.3,55518.3749,0.1233,9067.16,059003.000161,059003.000311,0.2109,2A,0.5652,6513.499,0
-11.3,55518.3749,0.1233,9067.16,059003.000091,059003.000282,0.323,3A,0.3711,9979.696,0
-11.3,55483.704,0.1232,904.0,059003.000041,059003.000243,-0.0134,2B,0.688,2599.094,0
-11.3,54966.5914,0.1209,8640.05,059003.000139,059003.000454,0.4961,5G,0.5497,1512.625,0
-11.3,54854.1724,0.1204,1710.9,059003.000131,059003.000448,-0.1431,2G,0.4406,5705.532,0
-11.3,54463.9467,0.1187,1652.29,059003.000078,059003.000275,0.0644,2B,1.24,257.731,0
-11.3,54270.592,0.1179,4059.25,059003.000080,059003.000274,0.1898,2A,0.5055,5113.544,0
-11.3,54148.7915,0.1173,16058.41,059003.000088,059003.000442,-0.0658,2A,0.4753,21541.625,0
-11.3,54130.138,0.1173,8015.58,059003.000181,059003.000457,-0.9603,5B,0.7151,4817.395,0
-11.3,54096.537,0.1171,1598.22,059003.000173,059003.000311,-0.5371,5B,0.396,576.321,0
-11.3,53987.5539,0.1166,791.19,059003.000111,059003.000286,-0.1611,2B,0.6308,218.757,0
-11.3,53933.291,0.1164,787.26,059003.000047,059003.000249,-0.2146,2B,0.5537,293.48,0
-11.3,53882.2089,0.2324,7835.81,059003.000050,059003.000252,0.1702,2G,0.4003,50492.133,0
-11.3,53773.2537,0.1157,3878.78,059003.000131,059003.000296,-0.1438,2B,0.7079,2842.98,0
-11.3,53606.2531,0.115,1527.71,059003.000120,059003.000291,0.2401,3D,1.6437,100.978,0
-11.3,53352.9388,0.2278,3730.07,059003.000064,059003.000262,0.5513,3G,0.361,38144.428,0
-11.3,53310.9992,0.1137,7430.84,059003.000045,059003.000239,0.0007,2A,0.5617,5318.926,0
-11.3,53184.577,0.1132,2937.18,059003.000146,059003.000304,0.5727,5A,0.6146,2693.04,0
-11.3,53090.2589,0.1128,36388.93,059003.000041,059003.000224,0.1984,2B,0.3281,21033.39,0
-11.3,53086.5648,0.1128,1455.05,059003.000087,059003.000275,0.0151,2G,0.3796,26275.507,0
-11.3,52999.3899,0.1124,3607.67,059003.000050,059003.000246,0.2956,3B,1.4503,6422.532,0
-11.3,52988.7118,0.1124,2883.21,059003.000141,059003.000452,0.0266,2G,0.5522,726.248,0
-11.3,52837.7101,0.1117,3552.51,059003.000045,059003.000237,0.2566,3D,2.5319,81.808,0
-11.3,52433.9631,0.22,6834.02,059003.000104,059003.000278,0.4645,3G,0.6504,1151.51,0
-11.3,52166.9625,0.1089,665.83,059003.000135,059003.000295,0.0911,2G,0.4676,5806.764,0
-11.3,52024.256,0.1083,32827.68,059003.000085,059003.000270,-0.3517,4B,0.4501,14168.534,0
-11.3,52016.5665,0.2166,6560.56,059003.000041,059003.000219,0.0847,2B,0.4965,3450.197,0
-11.3,52016.5665,0.2166,6560.56,059003.000115,059003.000281,0.2895,2G,0.5019,1114.233,0
-11.3,51864.5849,0.1076,2585.07,059003.000144,059003.000451,-0.0908,2G,0.6507,550.64,0
-11.3,51804.318,0.1074,12848.21,059003.000060,059003.000253,0.1999,2B,0.8286,5654.073,0
-11.3,51792.8036,0.1073,6416.75,059003.000202,059003.000563,0.8454,5B,0.489,10954.741,0
-11.3,51624.0152,0.1066,25238.25,059003.000062,059003.000255,0.1852,2B,0.421,12378.391,0
-11.3,51512.4348,0.1062,3119.66,059003.000073,059003.000259,-0.2811,3B,0.4555,1294.319,0
-11.3,51512.4348,0.1062,3119.66,059003.000042,059003.000219,0.2422,3A,0.6093,2217.24,0
-11.3,51510.3937,0.1062,1247.61,059003.000105,059003.000438,-0.626,5G,0.5133,11822.52,0
-11.3,51447.7411,0.1059,6198.8,059003.000099,059003.000272,-0.1683,2B,0.4413,10685.676,0
-11.3,51313.811,0.1054,6115.45,059003.000102,059003.000275,0.3236,4B,0.4674,2475.142,0
-11.3,51219.0449,0.105,1211.38,059003.000063,059003.000253,-0.0377,2G,0.4469,5138.344,0
-11.3,51163.3656,0.1048,1204.53,059003.000054,059003.000238,-0.3281,4G,0.528,8580.752,0
-11.3,51095.887,0.1045,2990.65,059003.000148,059003.000451,0.1837,2B,0.5516,9120.619,0
-11.3,51085.4134,0.1044,3584.94,059003.000134,059003.000445,-0.0561,2E,1.6854,116.901,0
-11.3,51078.4967,0.1044,597.07,059003.000087,059003.000268,0.3108,3A,0.5368,950.782,0
-11.3,50946.2405,0.1039,5890.25,059003.000141,059003.000299,-0.1491,2B,0.661,1562.365,0
-11.3,50946.2405,0.1039,5890.25,059003.000085,059003.000266,0.0362,2B,0.4751,2459.125,0
-11.3,50920.7288,0.1038,58748.14,059003.000041,059003.000211,-0.2369,3B,0.5376,33306.724,0
-11.3,50835.0349,0.1034,1164.63,059003.000104,059003.000272,0.2596,3A,0.5378,918.181,0
-11.3,50676.6103,0.1028,5728.37,059003.000126,059003.000286,-0.0503,2D,1.9013,1768.254,0
-11.3,50610.741,0.1025,1706.77,059003.000439,059003.000570,-0.4088,4B,0.5008,2994.627,0
-11.3,50464.6893,0.1019,2241.23,059003.000042,059003.000212,-0.1415,2G,0.3767,35854.177,0
-11.3,50382.2754,0.1016,2221.93,059003.000041,059003.000208,0.287,3G,0.5792,22281.332,0
-11.3,50365.947,0.1015,554.53,059003.000121,059003.000279,-0.1825,2A,0.4341,836.583,0
-11.3,50299.8524,0.1012,22027.32,059003.000080,059003.000262,0.1473,2B,0.581,10511.855,0
-11.3,50284.2642,0.1012,5497.78,059003.000064,059003.000246,0.1952,2D,1.946,756.707,0
-11.3,50213.4821,0.1009,545.68,059003.000101,059003.000271,0.2333,3D,1.7157,193.923,0
-11.3,49985.8002,0.2,213052.29,059003.000072,059003.000255,-0.3032,2B,0.4273,135204.594,0
-11.3,49837.3618,0.0994,5242.29,059003.000084,059003.000262,-0.0588,2B,0.5205,12508.2,0
-11.3,49762.0595,0.0991,20799.94,059003.000161,059003.000304,-0.4112,5A,0.53,20847.274,0
-11.3,49760.3216,0.1982,20796.04,059003.000099,059003.000268,-0.1048,2A,0.5952,18398.416,0
-11.3,49444.0224,0.0978,502.37,059003.000152,059003.000302,0.995,5A,0.5478,415.472,0
-11.3,49410.7091,0.0977,5005.44,059003.000049,059003.000219,-0.0116,2G,0.4875,34370.959,0
-11.3,49376.0011,0.0976,997.29,059003.000097,059003.000266,-0.285,3B,0.878,274.134,0
-11.3,49323.9592,0.0974,4958.12,059003.000269,059003.000567,-0.5398,5B,0.5468,1859.003,0
-11.3,49323.9592,0.0974,4958.12,059003.000145,059003.000446,-0.1839,2B,0.483,2868.186,0
-11.3,48874.9744,0.0956,943.55,059003.000220,059003.000563,-0.5607,5D,1.6519,43.092,0
-11.3,48832.7815,0.0954,469.55,059003.000142,059003.000293,-0.0201,2D,2.1439,62.988,0
-11.3,48685.3103,0.0949,461844.68,059003.000053,059003.000217,-0.1632,2G,0.3606,121699.475,0
-11.3,48670.2095,0.0948,92211.99,059003.000045,059003.000208,-0.1139,2A,0.452,140774.459,0
-11.3,48570.8066,0.0944,4559.16,059003.000108,059003.000268,0.0345,2A,0.5289,4084.45,0
-11.3,48262.127,0.0932,2200.87,059003.000081,059003.000254,0.4515,5G,0.4731,60198.049,0
-11.3,48184.9303,0.0929,2181.46,059003.000047,059003.000208,-0.1399,2A,0.5394,1410.325,0
-11.3,48146.54,0.0928,1303.11,059003.000194,059003.000550,-0.5684,5B,0.8016,391.224,0
-11.3,48059.1494,0.0924,12900.42,059003.000075,059003.000244,0.0252,2D,2.1049,388.829,0
-11.3,48000.7626,0.0922,1281.36,059003.000095,059003.000261,0.2525,3B,0.5913,3613.112,0
-11.3,47999.1716,0.0922,854.08,059003.000045,059003.000205,-0.11,2D,1.6948,199.301,0
-11.3,47957.2529,0.1841,1274.91,059003.000121,059003.000273,0.0799,2D,2.7787,383.81,0
-11.3,47895.4857,0.0918,1687.73,059003.000082,059003.000253,-0.0407,2D,2.8925,402.902,0
-11.3,47861.9786,0.0917,840.58,059003.000067,059003.000231,0.1338,2D,2.2979,3494.459,0
-11.3,47861.9786,0.0917,840.58,059003.000539,059003.000240,0.1535,2B,0.5966,418.153,0
-11.3,47670.5489,0.0909,41098.49,059003.000060,059003.000221,0.2064,3B,1.1942,8685.612,0
-11.3,47608.9255,0.0907,2040.09,059003.000155,059003.000447,0.039,2B,0.917,4049.27,0
-11.3,47551.3063,0.0905,1215.77,059003.000100,059003.000260,0.0251,2C,1.004,131.035,0
-11.3,47541.9194,0.0905,8096.15,059003.000268,059003.000566,0.2618,3A,0.4433,5727.303,0
-11.3,46786.9797,0.0657,291832.91,059003.000049,059003.000203,0.055,2A,0.6208,517945.146,0
-11.3,46660.7909,0.1525,300688.64,059003.000069,059003.000225,0.3835,3G,0.468,93770.405,0
-11.3,46547.1006,0.0651,38522.94,059003.000081,059003.000240,0.0855,2A,0.4146,37832.141,0
-11.3,45829.0999,0.0631,20681.31,059003.000067,059003.000217,0.1342,3G,0.3951,95566.243,0
-11.3,45546.7705,0.0623,16697.46,059003.000054,059003.000202,0.0389,2A,0.4557,20964.472,0
-11.3,45311.3711,0.0616,28301.41,059003.000041,059003.000194,-0.1563,3G,0.7768,362818.333,0
-11.3,45305.09,0.0616,14090.6,059003.000046,059003.000196,-0.0204,2G,0.8125,305543.37,0
-11.3,45294.9692,0.1437,111956.19,059003.000066,059003.000214,0.3245,3B,0.7738,163812.746,0
-11.3,45196.2205,0.0613,13105.44,059003.000130,059003.000271,-0.1342,3B,0.4211,4850.539,0
-11.3,45157.4797,0.1429,12779.3,059003.000085,059003.000235,-0.2953,3B,1.3542,2904.666,0
-11.3,45157.4797,0.1429,12779.3,059003.000072,059003.000218,-0.0575,2B,0.3808,7490.161,0
-11.3,45138.4093,0.0612,25246.37,059003.000132,059003.000276,-0.0478,2B,0.3947,73144.116,0
-11.3,45131.1698,0.0612,25129.34,059003.000091,059003.000242,-0.0466,2C,1.1881,2130.34,0
-11.3,44949.5397,0.1415,56106.8,059003.000073,059003.000217,0.1985,2B,0.3366,21856.806,0
-11.3,44925.6104,0.0606,22121.92,059003.000069,059003.000215,0.0018,2A,0.6287,38030.397,0
-11.3,44906.4105,0.0605,10934.84,059003.000164,059003.000296,-0.2188,4G,0.4576,128121.89,0
-11.3,44897.4308,0.0605,65259.74,059003.000106,059003.000255,-0.1419,3A,0.362,62420.052,0
-11.3,44820.0892,0.0603,10394.84,059003.000173,059003.000448,0.0669,2B,0.7603,13828.796,0
-11.3,44752.8205,0.0601,60017.43,059003.000155,059003.000292,0.3851,5G,0.4394,13964.11,0
-11.3,44685.1602,0.06,28896.93,059003.000079,059003.000223,0.039,2G,0.665,262553.011,0
-11.3,44624.7195,0.0598,9319.99,059003.000208,059003.000347,0.0822,2B,0.7974,4255.05,0
-11.3,44593.2507,0.0597,27492.03,059003.000096,059003.000241,-0.0801,2G,0.3368,265085.956,0
-11.3,44583.6607,0.0597,9117.35,059003.000098,059003.000243,0.0592,2B,0.8561,8305.672,0
-11.3,44559.33,0.1391,9000.74,059003.000173,059003.000300,0.1348,2D,2.062,3322.74,0
-11.3,44548.3809,1.1401,8949.09,059003.000075,059003.000219,-2.0969,2B,0.4695,5005.425,0
-11.3,44517.2292,0.0595,26414.63,059003.000105,059003.000250,-0.1266,3D,2.7387,8166.54,0
-11.3,44514.5498,0.0595,43963.28,059003.000072,059003.000214,-0.2359,4A,0.6236,40803.647,0
-11.3,44505.9209,0.0595,8753.51,059003.000135,059003.000277,0.0705,2C,1.2277,770.792,0
-11.3,44375.8992,0.0591,49190.67,059003.000102,059003.000435,0.1682,3A,0.4707,58755.874,0
-11.3,44373.0796,0.0591,65496.8,059003.000108,059003.000252,0.1414,3B,0.4283,24408.129,0
-11.3,44362.9705,0.0591,57026.56,059003.000073,059003.000215,0.0567,2G,0.6759,10678.491,0
-11.3,44333.3702,0.059,8030.26,059003.000175,059003.000300,1.1162,5B,0.9146,5010.543,0
-11.3,44320.1196,0.059,55853.86,059003.000156,059003.000291,0.1398,3B,0.5773,30126.195,0
-11.3,44312.7297,0.059,15901.72,059003.000101,059003.000434,0.1518,3E,1.742,386.23,0
-11.3,44302.8094,0.0589,7913.21,059003.000088,059003.000234,0.0733,2G,0.3577,45444.981,0
-11.3,44235.7707,0.0588,15334.2,059003.000147,059003.000444,-0.1837,4A,0.5582,18906.569,0
-11.3,44213.5,0.0587,7588.45,059003.000084,059003.000225,-0.2091,4B,1.0597,2057.904,0
-11.3,44209.9201,0.0587,7575.95,059003.000159,059003.000292,-0.1046,2B,0.4198,2832.621,0
-11.3,44200.7697,0.0587,67897.59,059003.000106,059003.000250,0.1255,3E,6.6419,0.308,0
-11.3,44083.7504,0.0583,7159.12,059003.000101,059003.000433,-0.0039,2B,0.7143,21601.765,0
-11.3,44018.8903,0.0582,62655.63,059003.000100,059003.000240,-0.1073,2B,0.5289,125403.416,0
-11.3,43989.6301,0.0581,41257.2,059003.000123,059003.000262,-0.0531,2G,0.4769,230437.924,0
-11.3,43976.7593,0.0581,61553.17,059003.000171,059003.000297,0.0285,2G,0.4675,380140.46,0
-11.3,43967.3307,0.058,6812.42,059003.000172,059003.000297,-0.0284,2G,0.5539,38102.122,0
-11.3,43929.3704,0.0579,20119.76,059003.000098,059003.000238,0.0107,2A,0.415,16486.747,0
-11.3,43892.2812,0.0578,52851.26,059003.000072,059003.000210,0.2774,5B,0.4678,19064.841,0
-11.3,43874.5909,0.0578,6559.72,059003.000172,059003.000296,0.2767,5G,0.5094,137203.158,0
-11.3,43729.4005,0.0574,6201.64,059003.000060,059003.000199,-0.1319,3B,0.5303,17939.717,0
-11.3,43691.0297,0.0573,12228.1,059003.000156,059003.000289,-0.2594,5G,0.6007,119711.646,0
-11.3,43588.02,0.057,47138.34,059003.000097,059003.000235,0.1633,3G,0.3773,14179.74,0
-11.3,43583.2694,0.057,5882.52,059003.000210,059003.000554,-0.2615,5C,0.7277,1327.805,0
-11.3,43559.6504,0.057,5834.48,059003.000091,059003.000230,-0.0101,2G,0.4155,70386.989,0
-11.3,43476.1695,0.0568,34032.16,059003.000540,059003.000431,0.7962,5B,0.3502,48399.236,0
-11.3,43461.1311,0.0567,5643.94,059003.000215,059003.000558,-0.7952,5B,0.6704,2053.532,0
-11.3,43441.7301,0.1322,50473.88,059003.000082,059003.000220,-0.1103,2B,0.5751,100036.742,0
-11.3,43405.6897,0.0566,5543.34,059003.000177,059003.000300,-1.0476,5G,0.4852,39806.076,0
-11.3,43370.4401,0.0565,10963.47,059003.000069,059003.000206,0.0087,2G,0.5464,135155.542,0
-11.3,43353.6908,0.0564,5453.09,059003.000165,059003.000445,-0.0732,2A,0.5542,3396.431,0
-11.3,43329.2907,0.0564,16236.15,059003.000082,059003.000219,-0.0951,2A,0.4354,13448.87,0
-11.3,43322.9408,0.0564,48613.56,059003.000082,059003.000218,0.1227,3G,0.5999,178747.025,0
-11.3,43314.4907,0.0563,32325.36,059003.000046,059003.000195,0.012,2B,1.1907,9500.001,0
-11.3,43290.3603,0.0563,26741.33,059003.000097,059003.000233,-0.0764,2A,0.671,15569.663,0
-11.3,43266.4606,0.0562,10620.22,059003.000111,059003.000435,0.1007,2B,0.4432,24847.775,0
-11.3,43196.9993,0.056,31220.31,059003.000070,059003.000205,0.0151,2G,0.5927,226840.387,0
-11.3,43193.2212,0.056,31186.52,059003.000131,059003.000266,-0.1683,4A,0.3644,23832.14,0
-11.3,43191.0599,0.056,15583.62,059003.000088,059003.000224,-0.0645,2D,1.9576,976.712,0
-11.3,43172.3604,0.056,5166.97,059003.000147,059003.000280,0.2842,5G,0.5102,29833.613,0
-11.3,43109.3112,0.0558,50770.96,059003.000084,059003.000219,0.0211,2B,0.3721,144820.577,0
-11.3,43104.1807,0.0558,50699.86,059003.000132,059003.000269,-0.2609,5B,0.4186,20331.387,0
-11.3,43094.6493,0.0558,5056.86,059003.000127,059003.000264,0.1183,3A,0.306,4904.044,0
-11.3,43062.0903,0.0557,10025.56,059003.000157,059003.000287,0.946,5A,0.5069,11822.333,0
-11.3,43014.1513,0.0556,4950.0,059003.000126,059003.000263,-0.0782,2C,1.477,399.153,0
-11.3,42996.6492,0.0555,34493.83,059003.000218,059003.000347,-0.0623,2A,0.6613,20100.93,0
-11.3,42989.8202,0.0555,4919.07,059003.000195,059003.000320,-0.0671,2A,0.655,2786.691,0
-11.3,42970.9097,0.0554,44059.17,059003.000091,059003.000226,0.0078,2B,0.4587,84180.967,0
-11.3,42964.1296,0.1293,4887.09,059003.000111,059003.000244,0.3211,3B,0.6899,17014.012,0
-11.3,42961.9693,0.0554,39075.43,059003.000159,059003.000288,-0.44,5G,0.5405,7329.249,0
-11.3,42915.9498,0.0553,28973.44,059003.000075,059003.000208,-0.0345,2G,0.3861,95031.479,0
-11.3,42470.4495,0.1264,17553.82,059003.000105,059003.000233,0.3175,3E,4.1191,6.242,0
-11.3,42460.1799,0.0541,13140.36,059003.000084,059003.000214,0.2089,4A,0.3017,16212.655,0
-11.3,42454.2801,0.0541,8750.73,059003.000152,059003.000280,0.9677,5B,0.4963,4758.908,0
-11.3,42437.8002,0.0541,13086.62,059003.000217,059003.000556,-0.1932,4A,0.6172,8326.887,0
-11.3,42399.3709,0.054,12996.69,059003.000175,059003.000293,0.0844,2G,0.5534,2543.123,0
-11.3,42372.4207,0.0539,17247.15,059003.000206,059003.000339,0.1074,2G,0.6023,111159.944,0
-11.3,42359.6699,0.0539,25813.66,059003.000162,059003.000290,-0.1604,3A,0.5141,16716.676,0
-11.3,42354.6991,0.0539,8597.2,059003.000158,059003.000285,-0.273,5G,0.484,38398.53,0
-11.3,42318.0891,0.0538,21359.87,059003.000218,059003.000554,0.0915,2B,0.9505,11208.807,0
-11.3,42297.1804,0.0537,4257.14,059003.000176,059003.000293,-0.0472,2B,0.3872,2281.52,0
-11.3,42281.6611,0.1252,4246.3,059003.000082,059003.000212,-0.3629,3B,1.4762,3758.448,0
-11.3,42281.6611,0.1252,4246.3,059003.000220,059003.000556,0.0748,2B,0.5972,9500.349,0
-11.3,42267.9806,0.0536,33894.9,059003.000111,059003.000238,-0.1752,4D,1.8799,26006.485,0
-11.3,42257.2009,0.0536,29606.53,059003.000195,059003.000315,-0.1015,2G,0.5246,124968.632,0
-11.3,42244.8598,0.0536,33769.31,059003.000075,059003.000205,-0.0828,2G,0.4008,9021.743,0
-11.3,42210.0408,0.0535,4198.1,059003.000163,059003.000290,0.1914,4G,0.4632,18319.868,0
-11.3,42198.92,0.0535,20954.41,059003.000197,059003.000326,0.0315,2G,0.6247,111099.47,0
-11.3,42182.0696,0.0534,8360.15,059003.000159,059003.000444,0.0453,2G,0.5033,32494.232,0
-11.3,42178.9192,0.0534,8356.14,059003.000064,059003.000197,-0.0632,2B,0.4645,21754.564,0
-11.3,42106.049,0.0532,16532.86,059003.000220,059003.000345,0.0598,2A,0.5067,18159.919,0
-11.3,42034.1502,0.0531,28641.56,059003.000112,059003.000240,0.0314,2C,0.7359,6130.123,0
-11.3,42023.8099,0.053,8171.77,059003.000156,059003.000282,-0.4847,5G,0.3791,90371.91,0
-11.3,42023.8099,0.053,8171.77,059003.000120,059003.000252,0.0235,2G,0.4375,26869.484,0
-11.3,42015.1309,0.1237,12243.25,059003.000197,059003.000324,-0.2954,3G,0.4136,48053.366,0
-11.3,42010.8208,0.1236,40787.13,059003.000098,059003.000432,-0.0558,2G,0.5728,10236.249,0
-11.3,41991.7904,0.0529,16273.41,059003.000215,059003.000549,0.9012,5G,0.6016,3218.328,0
-11.3,41953.7606,0.0528,28337.07,059003.000199,059003.000329,-0.2123,5A,0.6396,18351.946,0
-11.3,41837.1798,0.0526,15960.97,059003.000084,059003.000210,-0.0093,2B,1.3729,15608.488,0
-11.3,41746.6707,0.0523,27644.12,059003.000112,059003.000238,0.1385,3A,0.3961,22177.756,0
-11.3,41746.6707,0.0523,27644.12,059003.000075,059003.000202,0.1613,4B,0.4805,14356.831,0
-11.3,41644.8202,0.0521,3906.62,059003.000097,059003.000221,-0.1351,3B,0.7116,8221.337,0
-11.3,41533.0194,0.0518,27047.94,059003.000111,059003.000233,0.011,2D,1.8152,1084.186,0
-11.3,41483.9604,0.0517,3846.51,059003.000220,059003.000553,0.0454,2C,0.7593,529.671,0
-11.3,41285.2401,0.0512,3782.41,059003.000224,059003.000555,0.1183,3B,0.6737,1769.241,0
-11.3,41262.1399,0.0511,3775.58,059003.000199,059003.000326,0.0807,2G,0.5705,19268.641,0
-11.3,41235.409,0.0511,11303.47,059003.000119,059003.000244,0.0136,2C,0.7128,2513.395,0
-11.3,41229.57,0.051,18830.75,059003.000132,059003.000263,0.0704,2B,0.798,16176.056,0
-11.3,41206.059,0.051,7518.95,059003.000097,059003.000218,0.0363,2G,0.4738,86586.676,0
-11.3,41202.59,0.051,3758.5,059003.000212,059003.000338,0.0178,2A,0.6143,5572.841,0
-11.3,41199.6192,0.051,3757.67,059003.000162,059003.000287,-0.8035,5B,0.5355,7221.073,0
-11.3,41193.941,0.051,37560.8,059003.000119,059003.000243,-0.0435,2A,0.5991,21353.221,0
-11.3,41181.8589,0.0509,37527.22,059003.000153,059003.000279,0.1221,3D,2.9897,633.497,0
-11.3,41135.8911,0.0508,3740.2,059003.000216,059003.000547,-0.1347,3B,0.6318,1425.925,0
-11.3,41009.2402,0.0505,29660.27,059003.000221,059003.000550,-0.5491,5B,0.5585,11453.767,0
-11.3,41001.211,0.0505,11116.63,059003.000231,059003.000347,-0.006,2A,0.6402,7329.157,0
-11.3,40999.3299,0.0505,18525.4,059003.000196,059003.000320,0.0743,2A,0.6104,24011.517,0
-11.3,40940.5696,0.0503,14763.14,059003.000123,059003.000247,0.1536,4D,2.5116,403.321,0
-11.3,40937.0608,0.0503,11069.84,059003.000112,059003.000232,-0.0362,2G,0.3263,2355.337,0
-11.3,40878.0105,0.1171,33084.08,059003.000121,059003.000243,-0.0058,2B,0.5071,65515.305,0
-11.3,40867.9801,0.0501,36736.76,059003.000076,059003.000201,0.0808,2B,0.4521,14567.613,0
-11.3,40792.3313,0.1166,3656.37,059003.000093,059003.000215,-0.039,2A,0.4342,4679.802,0
-11.3,40787.9206,0.05,25587.61,059003.000145,059003.000275,-0.0853,2B,0.8633,12392.284,0
-11.3,40737.8314,0.0498,3644.16,059003.000145,059003.000274,-0.0479,2D,1.9456,152.944,0
-11.3,40716.2206,0.0498,36393.61,059003.000129,059003.000256,0.0754,2B,0.6717,11806.866,0
-11.3,40703.7499,0.0497,7273.21,059003.000163,059003.000286,0.0413,2C,0.8812,819.855,0
-11.3,40628.2493,0.0496,21720.17,059003.000179,059003.000302,-0.2552,5B,0.4025,62569.53,0
-11.3,40627.0903,0.0496,10859.32,059003.000172,059003.000289,0.1875,4A,0.4085,12845.709,0
-11.3,40590.9112,0.0495,36118.78,059003.000166,059003.000443,0.0002,2D,2.2753,852.854,0
-11.3,40539.9104,0.0493,7201.52,059003.000119,059003.000238,0.1678,4A,0.5983,10632.103,0
-11.3,40504.2196,0.1149,32336.71,059003.000096,059003.000213,0.1185,2G,0.6046,156299.961,0
-11.3,40385.2011,0.049,10700.15,059003.000177,059003.000292,-0.1822,4B,0.544,4043.628,0
-11.3,40369.2491,0.0489,7126.29,059003.000224,059003.000550,0.6738,5A,0.6447,7961.329,0
-11.3,40322.6397,0.0488,7105.24,059003.000231,059003.000554,0.1366,3A,0.681,6678.264,0
-11.3,40320.9111,0.0488,7104.45,059003.000113,059003.000227,-0.0299,2A,0.4821,6923.716,0
-11.3,40310.7493,0.0488,17749.55,059003.000080,059003.000200,0.294,5G,0.4109,54029.999,0
-11.3,40299.4802,0.0488,35473.3,059003.000237,059003.000558,0.5704,5B,0.6061,14534.984,0
-11.3,40262.0315,0.0487,3538.68,059003.000168,059003.000444,-0.0423,2G,0.5274,14012.835,0
-11.3,40260.3991,0.1136,24768.07,059003.000119,059003.000236,0.1074,2B,0.7273,18921.498,0
-11.3,40259.291,0.0487,21228.22,059003.000119,059003.000237,-0.0947,2B,0.6076,52891.926,0
-11.3,40255.2397,0.1135,17685.46,059003.000170,059003.000287,0.0563,2G,0.5231,4229.779,0
-11.3,40246.5305,0.0486,21210.33,059003.000226,059003.000552,0.0031,2B,0.7876,53509.141,0
-11.3,40193.369,0.0485,31701.98,059003.000163,059003.000283,0.0569,2B,0.5378,10427.03,0
-11.3,40188.0494,0.0485,17605.81,059003.000106,059003.000220,0.0206,2G,0.4683,4412.641,0
-11.3,40151.9089,0.0484,17561.88,059003.000101,059003.000216,-0.1074,3A,0.4465,17000.896,0
-11.3,40111.1409,0.0483,3502.25,059003.000062,059003.000195,-0.0247,2G,0.388,13490.28,0
-11.3,40105.4411,0.0483,35008.21,059003.000083,059003.000201,-0.047,2G,0.5384,4446.066,0
-11.3,40105.4411,0.0483,35008.21,059003.000075,059003.000197,0.2379,5G,0.4836,5515.354,0
-11.3,40092.7114,0.0483,6995.2,059003.000227,059003.000552,0.2335,5G,0.5905,1306.705,0
-11.3,40080.5096,0.0482,27955.94,059003.000245,059003.000560,-0.0654,2G,0.6268,6593.347,0
-11.3,40077.9012,0.0482,20962.95,059003.000126,059003.000248,-0.0849,2G,0.6363,81174.682,0
-11.3,40064.5501,0.0482,3490.39,059003.000200,059003.000322,0.0336,2G,0.6068,46487.483,0
-11.3,40063.6313,0.0482,10470.46,059003.000175,059003.000288,0.3469,5A,0.5186,8202.404,0
-11.3,40035.9789,0.0481,3482.95,059003.000128,059003.000249,0.1137,3A,0.4422,2987.007,0
-11.3,40020.8396,0.0481,6957.89,059003.000098,059003.000211,-0.0103,2C,0.9321,1124.504,0
-11.3,40013.7513,0.0481,3477.06,059003.000120,059003.000237,0.0846,2C,0.8397,17046.037,0
-11.3,40007.1205,0.0481,3475.29,059003.000112,059003.000224,0.0034,2B,0.423,5782.487,0
-11.3,39988.9003,0.048,17351.88,059003.000113,059003.000225,-0.2624,5D,2.1689,197358.878,0
-11.3,39981.6697,0.048,20810.46,059003.000188,059003.000307,-0.0342,2B,0.4775,8426.914,0
-11.3,39972.52,0.048,3465.91,059003.000099,059003.000212,0.0458,2A,0.676,5157.177,0
-11.3,39961.01,0.0479,17313.69,059003.000150,059003.000277,0.2962,5B,0.5822,6125.794,0
-11.3,39944.3306,0.0479,6916.2,059003.000121,059003.000236,0.0071,2B,0.5009,3300.074,0
-11.3,39942.5599,0.0479,3457.6,059003.000108,059003.000220,-0.0765,2B,1.119,15163.608,0
-11.3,39899.3507,0.0478,10335.93,059003.000204,059003.000324,-0.0627,2G,0.5086,3011.53,0
-11.3,39892.569,0.0478,3443.35,059003.000154,059003.000441,0.0001,2B,1.1031,1479.11,0
-11.3,39892.569,0.0478,3443.35,059003.000231,059003.000344,0.6096,5G,0.4169,912.873,0
-11.3,39860.5609,0.0477,3433.94,059003.000236,059003.000556,0.0626,2C,1.5878,239.272,0
-11.3,39829.3592,0.0476,23971.85,059003.000098,059003.000209,-0.0152,2C,0.7632,4442.887,0
-11.3,39807.65,0.0476,6835.77,059003.000199,059003.000320,-0.0167,2G,0.6438,54372.745,0
-11.3,39799.6713,0.111,30738.65,059003.000198,059003.000314,-0.2716,3G,0.4149,8622.17,0
-11.3,39779.1399,0.1109,3408.96,059003.000229,059003.000553,-0.2682,3G,0.5759,35646.175,0
-11.3,39779.1399,0.1109,3408.96,059003.000237,059003.000554,0.3468,4B,0.8328,4742.215,0
-11.3,39717.0491,0.0474,3388.8,059003.000142,059003.000267,0.0345,2B,0.588,8434.458,0
-11.3,39685.6704,0.0473,3378.23,059003.000237,059003.000345,-0.1367,3A,0.3824,4750.346,0
-11.3,39670.7688,0.0473,6746.23,059003.000076,059003.000198,0.1264,3G,0.3742,57963.723,0
-11.3,39660.6098,0.0472,26956.76,059003.000215,059003.000334,-0.1119,3B,0.6792,11833.551,0
-11.3,39657.6196,0.0472,16842.76,059003.000230,059003.000552,-0.1492,4A,0.6105,30903.041,0
-11.3,39647.7998,0.0472,13460.44,059003.000133,059003.000257,-0.0675,2B,0.603,5823.641,0
-11.3,39643.2393,0.0472,23544.52,059003.000223,059003.000341,0.0662,2B,0.5717,7632.327,0
-11.3,39627.1699,0.0472,6715.58,059003.000222,059003.000547,0.3678,5B,0.5949,1903.4,0
-11.3,39584.6287,0.047,16711.49,059003.000144,059003.000270,0.2796,5B,0.4195,8333.672,0
-11.3,39534.551,0.0469,9970.06,059003.000130,059003.000248,-0.0899,2B,0.5529,30020.866,0
-11.3,39531.2813,0.0469,9966.26,059003.000231,059003.000551,0.0594,2G,0.6108,1728.43,0
-11.3,39516.419,0.1094,29846.67,059003.000232,059003.000551,-0.1711,2A,0.6185,20825.457,0
-11.3,39506.7906,0.0469,13250.03,059003.000180,059003.000298,0.0492,2B,0.9838,22651.837,0
-11.3,39472.4707,0.0468,23091.25,059003.000132,059003.000256,0.0641,2G,0.3405,7003.923,0
-11.3,39461.0792,0.0468,9882.29,059003.000263,059003.000562,0.0251,2G,0.5969,97980.898,0
-11.3,39445.5416,0.109,29589.12,059003.000262,059003.000561,-0.7405,5B,0.5865,56214.722,0
-11.3,39445.5416,0.109,29589.12,059003.000106,059003.000215,0.3473,4A,0.3669,21669.252,0
-11.3,39436.171,0.109,19702.62,059003.000167,059003.000281,-0.0629,2D,1.8478,632.775,0
-11.3,39408.55,0.1088,13088.27,059003.000171,059003.000284,-0.2073,2G,0.4308,44122.377,0
-11.3,39330.23,0.1084,25899.26,059003.000227,059003.000342,-0.2177,3G,0.52,3912.179,0
-11.3,39330.23,0.1084,25899.26,059003.000246,059003.000347,-0.1018,2G,0.6596,3455.556,0
-11.3,39327.8488,0.0464,3236.32,059003.000148,059003.000436,-0.0036,2B,0.4247,1726.279,0
-11.3,39326.0198,0.1084,3235.48,059003.000296,059003.000567,0.1609,2D,2.7306,80.297,0
-11.3,39311.2294,0.0464,3228.66,059003.000104,059003.000211,0.0437,2B,0.5647,10481.313,0
-11.3,39304.3607,0.0464,3225.47,059003.000263,059003.000561,0.0698,2G,0.6076,26418.203,0
-11.3,39295.9813,0.1082,3221.54,059003.000130,059003.000434,0.2976,3G,0.4966,708.615,0
-11.3,39199.8306,0.0461,3174.61,059003.000108,059003.000215,0.0286,2G,0.37,13647.559,0
-11.3,39185.399,0.0461,9501.75,059003.000213,059003.000330,0.0423,2A,0.6225,5138.944,0
-11.3,39182.1513,0.0461,15827.9,059003.000067,059003.000195,-0.1009,3A,0.4236,11989.601,0
-11.3,39174.9801,0.0461,15809.42,059003.000234,059003.000549,-0.3391,5B,1.1703,3360.23,0
-11.3,39127.3609,0.1073,3136.81,059003.000214,059003.000331,-0.0181,2B,0.5417,6281.125,0
-11.3,39116.2292,0.0459,3130.81,059003.000108,059003.000213,0.0003,2B,0.6316,5977.876,0
-11.3,39105.1411,0.1071,28123.08,059003.000105,059003.000209,-0.1531,2B,0.6649,7948.836,0
-11.3,39091.3411,0.0459,18703.31,059003.000156,059003.000277,-0.2814,5A,0.4321,17178.149,0
-11.3,39082.1211,0.0459,3112.12,059003.000225,059003.000339,-0.2163,5B,0.723,7301.747,0
-11.3,39071.3012,0.0458,3106.09,059003.000201,059003.000317,0.0591,2G,0.5196,23454.019,0
-11.3,39050.5204,0.0458,6188.73,059003.000225,059003.000338,-0.2709,5B,0.6047,2532.651,0
-11.3,39032.5504,0.0457,15420.39,059003.000096,059003.000206,0.0533,2C,1.0646,1357.563,0
-11.3,38986.5707,0.0456,21399.93,059003.000236,059003.000551,-0.0353,2B,0.7134,8252.071,0
-11.3,38980.0307,0.0456,6106.45,059003.000106,059003.000211,-0.0273,2A,0.432,4825.715,0
-11.3,38970.8313,0.0456,12190.8,059003.000158,059003.000438,-0.1655,4B,0.4335,5147.152,0
-11.3,38952.8187,0.0456,3036.77,059003.000133,059003.000255,0.2015,5B,0.2876,7042.211,0
-11.3,38902.1189,0.0454,3005.25,059003.000132,059003.000252,-0.0155,2D,2.2762,176.135,0
-11.3,38871.2594,0.0454,2985.51,059003.000080,059003.000196,-0.281,5B,0.5593,5783.303,0
-11.3,38861.7195,0.1058,5958.65,059003.000228,059003.000544,-0.3061,3A,0.4393,4880.141,0
-11.3,38860.0101,0.0453,23825.68,059003.000247,059003.000557,-0.0,2A,0.6318,27584.826,0
-11.3,38827.5412,0.0453,2956.82,059003.000237,059003.000549,-0.3316,5G,0.6508,44890.6,0
-11.3,38807.1701,0.0452,2943.16,059003.000245,059003.000346,0.0734,2B,0.7387,6160.085,0
-11.3,38790.4908,0.1054,2931.84,059003.000175,059003.000283,-0.1248,2G,0.452,923.714,0
-11.3,38750.3403,0.0451,5808.13,059003.000227,059003.000339,-0.2189,5G,0.5897,74760.144,0
-11.3,38745.9394,0.0451,2900.98,059003.000179,059003.000295,0.065,2B,1.301,4195.008,0
-11.3,38704.7512,0.105,14358.27,059003.000203,059003.000318,0.1928,2G,0.5834,3968.034,0
-11.3,38629.021,0.0448,14078.72,059003.000225,059003.000335,0.1482,4B,0.6388,7241.128,0
-11.3,38605.7699,0.0448,2798.06,059003.000181,059003.000299,-0.0086,2B,0.493,7376.415,0
-11.3,38598.0898,0.0447,16753.0,059003.000221,059003.000334,0.1127,3A,0.6017,14654.638,0
-11.3,38558.7504,0.0446,16569.38,059003.000251,059003.000558,-0.8371,5B,0.6368,4982.365,0
-11.3,38558.7504,0.0446,16569.38,059003.000246,059003.000345,0.1185,3A,0.4972,22814.603,0
-11.3,38551.1014,0.0446,5511.06,059003.000158,059003.000274,0.011,2G,0.4488,1684.854,0
-11.3,38534.0688,0.0446,2742.01,059003.000185,059003.000453,0.0002,2G,0.3294,13290.646,0
-11.3,38471.4814,0.0444,2691.22,059003.000219,059003.000330,0.0775,2B,0.6564,7501.534,0
-11.3,38467.8586,0.0444,10752.92,059003.000112,059003.000216,-0.0395,2C,1.3633,971.987,0
-11.3,38424.6597,0.0443,15912.67,059003.000248,059003.000555,-0.1623,4B,0.7288,12298.484,0
-11.3,38414.4687,0.1034,2643.47,059003.000433,059003.000344,-0.3198,4B,0.4501,5093.544,0
-11.3,38402.61,0.1033,5266.73,059003.000133,059003.000251,0.0322,2A,0.4851,5743.685,0
-11.3,38386.339,0.0442,5238.8,059003.000205,059003.000318,0.0415,2A,0.5659,3614.213,0
-11.3,38302.591,0.0441,10183.08,059003.000073,059003.000195,-0.0367,2B,0.5076,25019.07,0
-11.3,38269.0408,0.044,2515.47,059003.000250,059003.000556,0.0698,2B,0.8669,611.219,0
-11.3,38233.3701,0.1024,7448.27,059003.000250,059003.000555,-0.2602,3D,2.4851,520.512,0
-11.3,38202.9086,0.0438,2454.43,059003.000145,059003.000266,0.1613,4G,0.6694,357.286,0
-11.3,38190.4203,0.0438,9770.88,059003.000203,059003.000315,-0.0122,2C,0.9005,1589.678,0
-11.3,38168.0887,0.0437,2421.63,059003.000255,059003.000347,-0.0566,2G,0.7192,116.443,0
-11.3,38168.0887,0.0437,2421.63,059003.000165,059003.000442,0.0375,2B,0.508,760.568,0
-11.3,38163.0108,0.0437,4833.61,059003.000251,059003.000346,-0.0875,3D,2.8243,716.946,0
-11.3,38128.0605,0.0437,2383.36,059003.000141,059003.000262,-0.068,2B,0.7141,5948.822,0
-11.3,38120.9312,0.0436,11882.41,059003.000247,059003.000343,-0.0226,2A,0.4483,8976.265,0
-11.3,38116.1612,0.0436,4743.74,059003.000176,059003.000280,-0.801,5G,0.425,1497.597,0
-11.3,38086.8594,0.0436,16403.6,059003.000251,059003.000555,0.118,3B,0.4577,8153.124,0
-11.3,38057.8413,0.0435,2314.86,059003.000153,059003.000437,-0.014,2B,0.4123,4294.554,0
-11.3,38055.0306,0.0435,4624.16,059003.000230,059003.000336,-0.219,5B,0.4181,7988.33,0
-11.3,38013.3499,0.0434,4541.2,059003.000221,059003.000329,0.187,5B,0.5762,8503.107,0
-11.3,38001.3614,0.1012,2258.57,059003.000256,059003.000559,0.5543,5G,0.6268,11465.982,0
-11.3,37994.9791,0.1011,2252.14,059003.000149,059003.000267,-0.0707,2G,0.6197,17492.677,0
-11.3,37981.2588,0.4187,2238.29,059003.000153,059003.000436,0.296,2A,0.4789,3496.796,0
-11.3,37872.249,0.0431,2126.29,059003.000205,059003.000315,0.0773,2B,0.9629,1289.255,0
-11.3,37755.7997,0.0428,2003.35,059003.000250,059003.000344,-0.0164,2G,0.6827,453.899,0
-11.3,37715.3918,0.0997,3920.07,059003.000208,059003.000318,0.136,2A,0.6349,3196.348,0
-11.3,37627.2093,0.0425,13052.02,059003.000246,059003.000548,0.0477,2C,0.7474,2562.159,0
-11.3,37608.2413,0.0425,1843.9,059003.000247,059003.000548,0.131,4A,0.5908,1745.566,0
-11.3,37577.8787,0.0424,3621.46,059003.000183,059003.000295,-0.0777,2G,0.6354,618.198,0
-11.3,37535.739,0.0423,3529.11,059003.000125,059003.000224,-0.1781,5G,0.626,662.077,0
-11.3,37535.739,0.0423,3529.11,059003.000161,059003.000438,0.5145,5B,0.4328,1442.946,0
-11.3,37417.5898,0.042,6538.36,059003.000130,059003.000229,-0.1341,4B,0.4557,3211.63,0
-11.3,37417.5898,0.042,6538.36,059003.000088,059003.000196,0.0783,2B,0.3893,2678.114,0
-11.3,37337.1494,0.0419,6184.39,059003.000226,059003.000332,-0.0019,2D,2.8609,972.801,0
-11.3,37254.911,0.0417,5824.08,059003.000123,059003.000218,-0.0741,2A,0.4757,5369.387,0
-11.3,37243.7606,0.0417,1443.86,059003.000134,059003.000241,0.0386,2G,0.5872,40581.139,0
-11.3,37217.2616,0.402,8490.07,059003.000126,059003.000224,-0.4248,2C,1.202,830.906,0
-11.3,37211.9293,0.0416,8455.32,059003.000209,059003.000317,-0.0305,2A,0.5428,6028.149,0
-11.3,37201.4286,0.0416,4193.47,059003.000126,059003.000223,0.0327,2A,0.607,2501.996,0
-11.3,37195.5919,0.0415,6957.48,059003.000161,059003.000276,0.0222,2G,0.6189,31554.041,0
-11.3,37180.3003,0.0969,8249.66,059003.000242,059003.000546,-0.1172,2A,0.6413,7734.439,0
-11.3,37177.4617,0.0415,9603.12,059003.000180,059003.000445,0.048,2A,0.4372,12436.121,0
-11.3,37026.6192,0.0961,2422.12,059003.000173,059003.000442,-0.0928,2B,0.491,853.948,0
-11.3,36971.5286,0.041,2307.36,059003.000146,059003.000265,0.1033,3B,0.3224,1605.512,0
-11.3,36960.8885,0.0957,2285.4,059003.000217,059003.000542,-0.0803,2B,0.9589,602.174,0
-11.3,36936.1694,0.5,2234.63,059003.000156,059003.000268,0.5824,2B,0.4481,3951.099,0
-11.3,36920.1192,0.0409,1100.93,059003.000239,059003.000336,0.1449,4B,0.7831,661.148,0
-11.3,36884.5014,0.3949,2129.77,059003.000165,059003.000275,-1.1925,4G,0.4213,10604.849,0
-11.3,36884.5014,0.3949,2129.77,059003.000129,059003.000226,-0.763,2G,0.665,22431.843,0
-11.3,36757.5204,0.0947,2820.22,059003.000137,059003.000434,0.1754,2B,0.4463,6757.944,0
-11.3,36741.3406,0.0405,4623.11,059003.000081,059003.000194,-0.1398,4B,0.624,13144.122,0
-11.3,36741.3406,0.0405,4623.11,059003.000153,059003.000267,-0.0878,3B,0.3554,8656.94,0
-11.3,36736.9906,0.0946,920.49,059003.000167,059003.000277,-0.1352,2G,0.4447,3971.465,0
-11.3,36733.21,0.0405,2750.7,059003.000235,059003.000543,0.0023,2B,0.7731,938.68,0
-11.3,36693.1816,0.0404,2637.88,059003.000176,059003.000278,-0.0155,2B,0.4424,6007.217,0
-11.3,36648.1215,0.0941,7540.24,059003.000139,059003.000252,-0.3005,4B,0.6803,2640.917,0
-11.3,36457.4598,0.0931,673.06,059003.000448,059003.000566,-0.1664,2A,0.4516,813.51,0
-11.3,36443.4988,0.0399,4632.08,059003.000148,059003.000263,0.0994,3C,1.5677,240.282,0
-11.3,36413.2404,0.0398,2550.08,059003.000127,059003.000221,-0.0516,2G,0.6767,18607.291,0
-11.3,36268.5589,0.0395,881.96,059003.000167,059003.000272,-0.0145,2D,1.8392,44.852,0
-11.3,36266.4104,0.0395,1765.47,059003.000138,059003.000434,-0.1377,4B,0.9972,413.299,0
-11.3,36218.8885,0.0394,1799.92,059003.000176,059003.000440,-0.2474,5B,0.4787,3874.66,0
-11.3,36134.3089,0.0392,1861.86,059003.000128,059003.000431,-0.433,5G,0.3806,575.789,0
-11.3,36011.3783,0.0389,3906.37,059003.000257,059003.000552,-0.0484,2A,0.5939,5852.234,0
-11.3,36001.3989,0.0389,3921.32,059003.000133,059003.000230,-0.1263,4G,0.6659,18872.44,0
-11.3,35997.0,0.0389,3927.92,059003.000125,059003.000216,0.3019,5G,0.5746,19995.94,0
-11.3,35989.8694,0.376,6892.58,059003.000123,059003.000210,0.4177,2B,0.4555,2291.356,0
-11.3,35984.4105,0.0389,1973.41,059003.000135,059003.000235,-0.0804,3D,2.4532,66.168,0
-11.3,35974.3589,0.0389,1980.96,059003.000127,059003.000218,-0.0005,2G,0.3,9149.705,0
-11.3,35969.3308,0.3755,2977.11,059003.000217,059003.000317,0.4102,2G,0.6052,388.421,0
-11.3,35969.3308,0.3755,2977.11,059003.000165,059003.000437,1.1239,3G,0.5547,13689.921,0
-11.3,35666.481,0.0382,7754.68,059003.000186,059003.000298,-0.0391,2D,1.8276,637.228,0
-11.3,35383.1803,0.0877,1217.29,059003.000252,059003.000336,-0.2193,3G,0.409,252.504,0
-11.3,35366.8493,0.0376,8565.22,059003.000125,059003.000211,0.027,2A,0.5092,12774.722,0
-11.3,35350.5083,0.0876,2459.83,059003.000127,059003.000215,-0.0391,2G,0.6401,32387.313,0
-11.3,35343.1291,0.0375,3698.3,059003.000168,059003.000271,-0.0969,3G,0.5415,997.963,0
-11.3,35255.169,0.0871,2533.37,059003.000180,059003.000288,-0.0453,2B,0.8193,4773.404,0
-11.3,35249.3985,0.0373,6344.51,059003.000257,059003.000342,0.0021,2B,0.6758,2053.884,0
-11.3,35208.7008,0.1,8991.79,059003.000454,059003.000567,-0.432,5A,0.4455,12588.45,0
-11.3,35195.3198,0.0868,6448.37,059003.000151,059003.000258,0.0433,2A,0.4752,4374.136,0
-11.3,35063.6718,0.0861,2679.77,059003.000439,059003.000562,-0.0918,2D,2.134,73.491,0
-11.3,34971.6002,0.0367,5498.43,059003.000170,059003.000271,0.1107,4A,0.5467,4891.131,0
-11.3,34872.1803,0.0852,5646.5,059003.000126,059003.000210,0.1736,3D,1.9843,1521.222,0
-11.3,34814.7184,0.0364,1432.76,059003.000157,059003.000260,-0.0038,2B,0.7811,862.186,0
-11.3,34669.212,0.0361,11881.85,059003.000142,059003.000243,0.0021,2B,0.8579,6545.527,0
-11.3,34585.6605,0.0359,1514.59,059003.000167,059003.000269,0.0969,3A,0.6402,2012.721,0
-11.3,34509.709,0.0358,4622.19,059003.000126,059003.000208,0.0948,3D,1.8789,1716.442,0
-11.3,34465.5895,0.0357,3111.3,059003.000119,059003.000200,-0.0401,2E,3.0332,23.372,0
-11.3,34463.2212,0.0357,7782.23,059003.000180,059003.000285,0.1226,4G,0.363,2700.389,0
-11.3,34395.191,0.0355,3158.05,059003.000148,059003.000255,-0.0852,3B,0.458,6404.194,0
-11.3,34384.1816,0.0828,3165.27,059003.000153,059003.000258,0.1468,2B,0.7608,1960.381,0
-11.3,34359.4484,0.0355,7953.42,059003.000132,059003.000219,0.0705,2B,0.3994,14335.432,0
-11.3,34132.8212,0.035,1660.9,059003.000125,059003.000204,-0.2554,5G,0.6651,26828.08,0
-11.3,33862.7008,0.5,6940.02,059003.000134,059003.000218,0.8233,2B,0.5608,21720.883,0
-11.3,33817.9303,0.0343,5238.44,059003.000152,059003.000254,-0.0611,2G,0.6055,1348.251,0
-11.3,33698.3581,0.0796,15967.62,059003.000148,059003.000250,0.0104,2E,7.5566,0.423,0
-11.3,33649.0408,0.034,10709.9,059003.000146,059003.000435,-0.1811,5G,0.4418,3043.538,0
-11.3,33619.9511,0.0792,5373.43,059003.000160,059003.000261,-0.2689,4B,0.4501,10705.786,0
-11.3,33577.1296,0.08,71996.52,059003.000142,059003.000235,-0.111,2B,0.6683,255389.243,0
-11.3,33522.4412,0.5,10863.57,059003.000183,059003.000285,-0.5777,2G,0.5219,74709.89,0
-11.3,33487.7001,0.0337,5451.22,059003.000191,059003.000449,0.0002,2A,0.5244,5127.448,0
-11.3,33291.2917,0.0333,1849.03,059003.000149,059003.000435,0.0845,3G,0.7145,19300.632,0
-11.3,33196.3503,0.3199,18615.34,059003.000187,059003.000295,0.3824,2B,0.5301,48292.473,0
-11.3,33105.8879,1.04,37431.99,059003.000149,059003.000245,-2.0823,3G,0.4982,220732.84,0
-11.3,33032.9299,0.0765,3756.75,059003.000164,059003.000263,-0.1173,2G,0.6062,947.802,0
-11.3,32982.4393,0.0327,11294.13,059003.000140,059003.000228,-0.0295,2G,0.5307,110828.439,0
-11.3,32795.3399,0.0323,7567.79,059003.000187,059003.000294,0.0001,2B,0.5178,15169.748,0
-11.3,32724.2286,0.0322,1893.44,059003.000131,059003.000205,0.07,3G,0.3719,7409.361,0
-11.3,32683.8479,0.0321,1893.75,059003.000552,059003.000538,0.0001,2A,0.5358,1723.659,0
-11.3,32497.7402,0.0317,1890.19,059003.000185,059003.000290,-0.0111,2G,0.5869,427.0,0
-11.3,32371.3703,0.4,1883.08,059003.000146,059003.000236,-0.1965,2G,0.2803,7281.759,0
-11.3,32371.3703,0.4,1883.08,059003.000146,059003.000237,0.7094,2A,0.5942,3063.285,0
-11.3,32294.3525,0.0313,1876.9,059003.000165,059003.000258,-0.0339,2B,0.6003,3879.171,0
-11.3,32294.3525,0.0313,1876.9,059003.000548,059003.000535,0.2585,5G,0.5442,488.137,0
-11.3,32013.4084,0.0308,16584.48,059003.000182,059003.000279,-0.0623,3A,0.5442,23788.232,0
-11.3,31546.7793,0.91,6991.76,059003.000158,059003.000434,-0.4047,2B,0.5144,3665.916,0
-11.3,31514.7024,0.0298,1739.82,059003.000173,059003.000259,-0.1205,5G,0.4344,339.708,0
-11.3,31501.6187,0.0298,1736.46,059003.000454,059003.000565,0.0579,2A,0.4404,1380.064,0
-11.3,31444.0704,0.08,12048.95,059003.000126,059003.000196,-0.0031,2B,0.4333,4593.855,0
-11.3,31232.6493,0.0293,3321.15,059003.000153,059003.000239,0.0794,3B,1.2803,693.577,0
-11.3,30616.0281,0.0281,2894.82,059003.000147,059003.000432,0.0031,2A,0.4215,2980.212,0
-11.3,30029.4375,0.0271,2429.23,059003.000190,059003.000290,-0.0,2A,0.4898,2944.882,0
-11.3,29924.9619,0.08,8204.06,059003.000161,059003.000244,-0.1751,3G,0.501,129999.795,0
-11.3,29914.9992,0.08,105114.84,059003.000142,059003.000209,0.0164,2A,0.5114,122736.724,0
-11.3,29713.3026,0.0265,8686.3,059003.000188,059003.000289,-0.0554,3G,0.4988,101812.285,0
-11.3,29435.9891,0.026,1948.85,059003.000149,059003.000217,-0.0681,3B,0.6939,3716.604,0
-11.3,29152.9576,0.0596,3458.14,059003.000187,059003.000444,0.1964,4A,0.5123,2539.974,0
-11.3,28707.1887,0.5,703.27,059003.000144,059003.000208,-0.5679,2B,1.0406,692.153,0
-11.3,28423.1603,0.1,609.97,059003.000155,059003.000431,0.3466,4B,0.4879,1036.482,0
-11.3,28046.7722,0.08,12479.34,059003.000188,059003.000282,0.4088,5B,0.4932,40631.837,0
-11.3,28035.8623,0.1,14885.65,059003.000189,059003.000282,0.1233,2A,0.5496,9823.54,0
-11.3,27938.7809,0.0234,4231.75,059003.000148,059003.000208,-0.0033,2B,0.5046,7242.371,0
-11.3,27671.7402,0.023,403.94,059003.000439,059003.000333,0.0428,2B,0.6028,139.55,0
-11.3,27593.6892,0.0229,386.02,059003.000187,059003.000279,0.0193,2B,0.4693,170.866,0
-11.3,27490.1319,0.0227,726.46,059003.000161,059003.000224,0.0627,3B,0.9425,301.746,0
-11.3,27429.4886,0.08,350.4,059003.000150,059003.000208,-0.1059,2G,0.5261,6740.225,0
-11.3,27321.7994,0.0224,328.54,059003.000031,059003.000126,-0.0,2B,0.5442,904.503,0
-11.3,27315.71,0.0224,327.34,059003.000172,059003.000234,-0.0907,5B,0.7012,234.689,0
-11.3,27163.4807,0.0222,8955.42,059003.000134,059003.000194,-0.0101,2B,0.5357,4358.393,0
-11.3,27149.1971,0.0221,295.92,059003.000191,059003.000281,0.0026,2B,0.6285,153.803,0
-11.3,27093.7607,0.022,572.12,059003.000180,059003.000265,-0.0298,2G,0.361,154.487,0
-11.3,26479.8731,0.0211,195.14,059003.000180,059003.000259,0.0615,3B,0.5162,68.227,0
-11.3,26300.232,0.0208,174.26,059003.000103,059003.000189,-0.0034,2A,0.3542,231.003,0
-11.3,26025.2879,0.0203,293.23,059003.000159,059003.000207,0.0644,4B,0.4446,187.672,0
-11.3,25998.6313,0.0203,288.38,059003.000144,059003.000198,-0.0881,5G,0.2909,1525.407,0
-11.3,25996.8112,0.0474,288.06,059003.000312,059003.000566,0.1337,3A,0.4455,211.883,0
-11.3,25864.7227,0.5,795.95,059003.000156,059003.000204,-1.0122,3G,0.3059,163.779,0
-11.3,25831.9132,0.02,129.99,059003.000177,059003.000231,0.0437,3D,1.864,5.461,0
-11.3,25812.1093,0.02,256.82,059003.000175,059003.000222,0.0665,4G,1.5532,9.031,0
-11.3,25776.4794,0.02,376.85,059003.000151,059003.000200,-0.031,2G,0.3195,135.728,0
-11.3,25769.0708,0.0199,125.04,059003.000035,059003.000150,0.0917,5G,0.4262,791.563,0
-11.3,25629.0385,0.0197,803.43,059003.000068,059003.000179,0.0868,5A,0.5473,1020.944,0
-11.3,25484.4891,0.0195,631.18,059003.000188,059003.000439,0.0113,2A,0.5256,781.166,0
-11.3,25448.979,0.0195,205.99,059003.000164,059003.000213,0.0063,2G,0.6642,2143.598,0
-11.3,25144.3228,0.019,345.2,059003.000161,059003.000210,-0.0667,4A,0.6443,231.86,0
-11.3,25106.2511,0.0189,337.89,059003.000191,059003.000440,0.0551,3B,0.4851,194.883,0
-11.3,24994.9802,0.0188,317.74,059003.000035,059003.000146,-0.0628,4G,0.6085,10299.155,0
-11.3,24895.2975,0.0186,75.28,059003.000047,059003.000174,0.0111,2B,0.761,102.661,0
-11.3,24565.0676,0.0423,63.75,059003.000359,059003.000593,-0.0507,2C,0.7112,9.553,0
-11.3,24528.7502,0.0181,125.33,059003.000037,059003.000149,-0.0023,2B,1.405,18.509,0
-11.3,24122.1212,0.0175,4753.56,059003.000179,059003.000248,0.0151,2B,0.6131,2561.664,0
-11.3,24099.8521,0.0174,157.16,059003.000191,059003.000273,-0.0005,2D,1.6647,30.712,0
-11.3,24098.94,0.0407,418.96,059003.000349,059003.000578,-0.0002,2B,0.4057,1169.201,0
-11.3,24090.7793,0.0174,4699.43,059003.000350,059003.000582,-0.0964,5G,0.4093,1533.628,0
-11.3,24076.4004,0.0174,155.84,059003.000312,059003.000565,-0.0198,2B,0.5034,53.178,0
-11.3,24072.512,0.0174,518.75,059003.000350,059003.000581,0.0958,5G,0.4078,2213.494,0
-11.3,23986.168,0.0173,402.87,059003.000375,059003.000607,-0.0201,2B,0.4594,128.947,0
-11.3,23927.4187,0.0172,49.42,059003.000360,059003.000597,0.0105,2B,0.4112,18.954,0
-11.3,23911.624,0.0401,147.52,059003.000360,059003.000593,-0.399,5A,0.4053,193.084,0
-11.3,23911.624,0.0401,147.52,059003.000360,059003.000592,-0.0639,2G,0.4023,1712.871,0
-11.3,23894.2518,0.0171,342.4,059003.000180,059003.000248,-0.0159,2B,0.461,119.277,0
-11.3,23883.9214,0.0171,48.76,059003.000448,059003.000560,0.0074,2B,1.4585,6.116,0
-11.3,23880.3921,0.0171,48.71,059003.000187,059003.000270,-0.0282,2B,0.5949,19.912,0
-11.3,23844.8116,0.0171,433.87,059003.000001,059003.000099,0.002,2B,0.6648,174.277,0
-11.3,23805.1494,0.017,95.35,059003.000053,059003.000174,0.0007,2D,1.6436,11.566,0
-11.3,23801.1897,0.017,333.37,059003.000291,059003.000336,0.0167,2G,0.3633,98.096,0
-11.3,23783.483,0.017,142.19,059003.000361,059003.000593,-0.0001,2A,0.4012,183.599,0
-11.3,23777.0076,0.017,709.76,059003.000154,059003.000197,0.0014,2B,0.4767,1728.901,0
-11.3,23756.4825,0.017,47.07,059003.000362,059003.000606,-0.0014,2G,0.4082,221.514,0
-11.3,23727.1527,0.0169,186.88,059003.000044,059003.000160,-0.0075,2A,0.6238,131.233,0
-11.3,23654.2992,0.0168,275.6,059003.000179,059003.000433,-0.0261,2B,0.5063,101.823,0
-11.3,23624.2488,0.0391,273.83,059003.000182,059003.000253,-0.0137,2B,0.5118,100.731,0
-11.3,23612.5374,0.0167,45.53,059003.000161,059003.000202,0.0153,2B,0.8712,28.482,0
-11.3,23582.6765,0.0167,135.78,059003.000471,059003.000612,0.0072,2B,0.5856,41.953,0
-11.3,23554.4612,0.0167,900.42,059003.000399,059003.000622,0.0097,2A,0.4085,705.153,0
-11.3,23539.1334,0.0166,224.49,059003.000164,059003.000203,0.004,2G,0.4444,1472.226,0
-11.3,23535.2405,0.0388,448.67,059003.000353,059003.000586,0.363,5B,0.4015,275.134,0
-11.3,23522.4483,0.06,358.15,059003.000352,059003.000580,-0.0678,2G,0.4023,1375.064,0
-11.3,23521.5329,0.0388,447.62,059003.000352,059003.000579,0.0004,2G,0.4037,3361.93,0
-11.3,23508.7676,0.0166,89.33,059003.000158,059003.000198,0.0355,3B,0.7779,27.945,0
-11.3,23473.2515,0.0166,1110.5,059003.000377,059003.000612,-0.1806,5G,0.5415,293.308,0
-11.3,23473.2515,0.0166,1110.5,059003.000353,059003.000578,-0.1095,5A,0.4152,1032.578,0
-11.3,23453.3419,0.0165,221.46,059003.000380,059003.000618,-0.0592,4B,0.4169,432.436,0
-11.3,23442.697,0.0385,176.91,059003.000289,059003.000333,-0.1201,4G,0.6927,29.51,0
-11.3,23420.5766,0.0165,396.88,059003.000378,059003.000613,-0.008,2A,0.3954,431.789,0
-11.3,23414.8533,0.0165,220.33,059003.000379,059003.000614,0.0007,2B,0.3951,97.35,0
-11.3,23412.9283,0.0165,881.12,059003.000364,059003.000597,-0.006,2A,0.3944,1045.213,0
-11.3,23402.4067,0.0165,880.0,059003.000380,059003.000613,0.0686,5G,0.4135,184.845,0
-11.3,23385.5679,0.0383,1317.43,059003.000061,059003.000178,0.0,2B,0.5641,4180.085,0
-11.3,23379.7164,0.0164,175.54,059003.000379,059003.000608,-0.0001,2G,0.3905,814.645,0
-11.3,23379.7164,0.0164,175.54,059003.000378,059003.000607,0.0223,2G,0.3937,1257.499,0
-11.3,23377.2521,0.0164,87.75,059003.000177,059003.000216,-0.0503,4G,0.2744,24.917,0
-11.3,23322.5216,0.0163,1745.76,059003.000051,059003.000167,-0.0,2A,0.5191,1771.334,0
-11.3,23320.9635,0.0163,87.28,059003.000354,059003.000583,0.0,2B,0.3939,49.542,0
-11.3,23304.4539,0.0163,174.32,059003.000365,059003.000600,0.0162,2G,0.4492,885.566,0
-11.3,23301.3717,0.0163,174.28,059003.000284,059003.000324,-0.0046,2G,0.3576,47.054,0
-11.3,23293.6884,0.0163,348.37,059003.000354,059003.000579,-0.0001,2G,0.3987,1320.431,0
-11.3,23281.9382,0.0163,1305.35,059003.000365,059003.000597,-0.0181,2B,0.4204,563.416,0
-11.3,23262.4767,0.0163,391.14,059003.000039,059003.000146,0.057,4A,0.5577,643.154,0
-11.3,23251.471,0.0162,260.61,059003.000038,059003.000143,-0.0,2G,0.5398,64.314,0
-11.3,23251.471,0.0162,260.61,059003.000048,059003.000163,0.042,3G,0.8767,12.604,0
-11.3,23233.7621,0.0162,260.39,059003.000186,059003.000264,-0.0097,2B,0.4319,686.726,0
-11.3,23216.6971,0.0162,86.74,059003.000167,059003.000203,-0.0069,2G,0.4263,18.595,0
-11.3,23212.0716,0.0162,260.18,059003.000036,059003.000140,-0.0072,2B,0.3103,99.523,0
-11.3,23210.5337,0.0162,173.44,059003.000355,059003.000587,0.0001,2G,0.4011,820.187,0
-11.3,23202.8189,0.0377,216.75,059003.000032,059003.000114,0.113,3G,0.581,1255.264,0
-11.3,23200.3076,0.0377,390.13,059003.000355,059003.000585,0.1199,4B,0.4001,659.722,0
-11.3,23143.1394,0.0375,173.26,059003.000357,059003.000588,0.1077,3B,0.398,414.403,0
-11.3,23134.2616,0.0161,129.95,059003.000183,059003.000249,0.0099,2A,0.5184,151.613,0
-11.3,23131.3479,0.0161,129.95,059003.000185,059003.000261,0.0036,2B,0.3508,197.553,0
-11.3,23123.3894,0.0161,303.24,059003.000383,059003.000609,0.0,2B,0.4021,801.201,0
-11.3,23106.3506,0.0374,173.33,059003.000055,059003.000173,0.0743,2B,0.8336,48.816,0
-11.3,23104.3787,0.016,173.33,059003.000056,059003.000176,0.0315,2C,1.271,21.043,0
-11.3,23087.2398,0.016,390.16,059003.000032,059003.000113,-0.0324,3B,0.5192,138.258,0
-11.3,23084.6893,0.0374,173.42,059003.000366,059003.000604,0.0,2G,0.4103,601.519,0
-11.3,23084.6893,0.0374,173.42,059003.000384,059003.000619,0.0275,2B,0.4108,264.611,0
-11.3,23065.1503,0.016,173.54,059003.000357,059003.000581,-0.0198,2A,0.4089,117.775,0
-11.3,23012.2464,0.0159,261.06,059003.000368,059003.000603,0.0128,2A,0.5372,282.996,0
-11.3,22990.0608,0.0159,1089.57,059003.000367,059003.000599,0.0338,3B,0.3922,1785.498,0
-11.3,22987.9603,0.0159,174.36,059003.000358,059003.000588,-0.0475,3G,0.4077,918.176,0
-11.3,22987.9603,0.0159,174.36,059003.000368,059003.000602,0.0,2B,0.4392,488.545,0
-11.3,22970.4017,0.0158,174.63,059003.000367,059003.000596,-0.0884,5A,0.392,186.176,0
-11.3,22970.4017,0.0158,174.63,059003.000474,059003.000617,0.4477,5G,0.414,37.121,0
-11.3,22964.7193,0.037,218.4,059003.000368,059003.000600,-0.0775,3B,0.4011,441.022,0
-11.3,22959.3815,0.0158,349.62,059003.000367,059003.000595,0.0199,2G,0.3943,1770.726,0
-11.3,22954.4318,0.0158,218.62,059003.000171,059003.000206,0.0066,2G,0.4185,1147.474,0
-11.3,22954.4318,0.0158,218.62,059003.000367,059003.000592,0.0449,3G,0.3916,843.235,0
-11.3,22929.994,0.0158,175.35,059003.000369,059003.000601,0.1539,5G,0.4991,47.723,0
-11.3,22920.1226,0.0158,175.55,059003.000034,059003.000138,-0.0241,2A,0.6482,125.009,0
-11.3,22894.3105,0.0157,264.19,059003.000369,059003.000594,0.0014,2B,0.4488,671.454,0
-11.3,22867.6397,0.0157,353.59,059003.000385,059003.000611,0.0,2B,0.3916,831.031,0
-11.3,22863.1486,0.0157,132.68,059003.000386,059003.000619,0.0023,2A,0.4216,115.893,0
-11.3,22854.9664,0.0157,398.56,059003.000386,059003.000618,-0.0018,2A,0.4105,289.582,0
-11.3,22825.0828,0.0156,890.06,059003.000172,059003.000205,0.0075,2A,0.3311,709.544,0
-11.3,22818.6011,0.0156,356.43,059003.000372,059003.000606,0.0012,2G,0.3948,4520.363,0
-11.3,22810.8885,0.0156,178.46,059003.000370,059003.000601,-0.1333,5G,0.5014,692.513,0
-11.3,22789.6719,0.0156,44.8,059003.000371,059003.000602,-0.0,2B,1.3448,141.068,0
-11.3,22789.6719,0.0156,44.8,059003.000370,059003.000596,0.1752,5G,0.4653,710.897,0
-11.3,22789.1271,0.0156,134.4,059003.000370,059003.000597,0.0133,2B,0.7182,99.337,0
-11.3,22775.0899,0.0364,224.63,059003.000149,059003.000194,0.0347,2G,0.3746,911.032,0
-11.3,22716.331,0.0362,227.58,059003.000406,059003.000622,-0.0458,2G,0.3877,968.729,0
-11.3,22704.5371,0.0155,273.88,059003.000476,059003.000607,-0.0017,2B,1.1004,110.56,0
-11.3,22704.0674,0.0155,182.61,059003.000467,059003.000594,-0.0013,2G,0.4722,937.753,0
-11.3,22698.6797,0.0155,91.43,059003.000468,059003.000601,-0.0171,2C,0.7564,448.936,0
-11.3,22688.0723,0.0155,137.51,059003.000461,059003.000587,-0.0001,2B,0.396,244.427,0
-11.3,22687.3675,0.0155,45.85,059003.000181,059003.000245,0.0198,2G,0.4587,11.512,0
-11.3,22678.3103,0.0154,275.73,059003.000460,059003.000585,-0.0957,5G,0.4052,36.932,0
-11.3,22678.3103,0.0154,275.73,059003.000373,059003.000600,-0.0013,2A,0.3935,288.516,0
-11.3,22677.1104,0.0154,229.85,059003.000468,059003.000596,-0.0612,4B,0.7081,505.806,0
-11.3,22666.1836,0.0154,230.52,059003.000173,059003.000204,0.0448,3B,0.3282,91.779,0
-11.3,22585.9539,0.0358,236.11,059003.000462,059003.000589,0.0,2B,0.3812,159.631,0
-11.3,22557.0107,0.0153,286.09,059003.000124,059003.000189,0.0081,2A,0.346,365.208,0
-11.3,22554.7696,0.0153,238.59,059003.000462,059003.000585,-0.0185,2G,0.4007,892.546,0
-11.3,22550.6597,0.0153,47.79,059003.000462,059003.000586,-0.0562,4B,0.3805,106.403,0
-11.3,22548.099,0.0153,95.66,059003.000387,059003.000608,0.0,2G,0.3868,1118.633,0
-11.3,22542.9486,0.0356,191.66,059003.000388,059003.000617,-0.0625,2B,0.4502,117.672,0
-11.3,22524.2391,0.0152,241.2,059003.000182,059003.000433,0.0194,2A,0.4544,343.075,0
-11.3,22522.6999,0.0152,144.8,059003.000462,059003.000582,0.0736,5G,0.404,834.017,0
-11.3,22475.7296,0.0152,982.93,059003.000388,059003.000607,0.0101,2G,0.4384,233.725,0
-11.3,22421.729,0.0352,155.31,059003.000389,059003.000618,-0.0121,2B,0.4005,70.499,0
-11.3,22416.0276,0.0151,518.69,059003.000359,059003.000581,-0.0544,4B,0.3878,1131.952,0
-11.3,22401.1698,0.0151,434.48,059003.000359,059003.000578,0.0551,4G,0.381,1780.074,0
-11.3,22394.8204,0.0151,3483.72,059003.000056,059003.000170,-0.03,2B,0.5164,1110.048,0
-11.3,22247.9374,0.0149,55.6,059003.000160,059003.000196,0.0384,3A,0.5668,36.761,0
-11.3,22161.5619,0.0148,174.39,059003.000391,059003.000619,-0.0024,2B,0.5084,68.935,0
-11.3,21973.7975,0.0145,108.74,059003.000298,059003.000551,0.0009,2C,1.6054,5.872,0
-11.3,21971.2007,0.0145,174.29,059003.000161,059003.000197,-0.0152,2A,0.3762,121.927,0
-11.3,21964.929,0.0145,131.28,059003.000055,059003.000165,-0.0082,2B,1.4957,189.951,0
-11.3,21937.4222,0.0145,44.6,059003.000043,059003.000151,-0.0156,2G,0.4817,9.671,0
-11.3,21837.433,0.0334,23.99,059003.000135,059003.000193,-0.0001,2G,0.8918,726.731,0
-11.3,21793.6823,0.0143,198.52,059003.000375,059003.000599,-0.0273,2G,0.4055,60.247,0
-11.3,21781.1395,0.0143,100.25,059003.000392,059003.000613,0.0009,2A,0.3867,138.079,0
-11.3,21762.9567,0.0332,25.43,059003.000375,059003.000595,-0.0874,3G,0.44,91.201,0
-11.3,21717.6604,0.0142,527.56,059003.000164,059003.000197,0.0096,2A,0.4203,479.02,0
-11.3,21707.2382,0.0142,239.45,059003.000184,059003.000245,0.0179,2G,0.4782,53.07,0
-11.3,21535.2782,0.0139,30.88,059003.000001,059003.000082,0.0184,2G,0.6204,1090.995,0
-11.3,21436.6887,0.0322,304.22,059003.000480,059003.000614,-0.063,2G,0.4859,20.375,0
-11.3,21436.6887,0.0322,304.22,059003.000165,059003.000196,-0.0167,2G,0.341,81.732,0
-11.3,21422.6179,0.0138,308.25,059003.000430,059003.000192,-0.0127,2G,0.3864,102.228,0
-11.3,21401.4587,0.0321,69.88,059003.000452,059003.000347,0.002,2E,1.8617,1.864,0
-11.3,21261.8472,0.0136,79.94,059003.000179,059003.000224,0.0408,4G,1.5448,2.803,0
-11.3,21210.4672,0.0315,630.62,059003.000457,059003.000566,-0.0695,3G,0.4752,160.65,0
-11.3,21144.3269,0.0313,13469.05,059003.000061,059003.000166,-0.0093,2B,0.7867,7014.756,0
-11.3,21137.0276,0.0134,2713.51,059003.000043,059003.000146,-0.0158,2B,0.6911,766.91,0
-11.3,21037.4832,0.031,99.95,059003.000058,059003.000161,-0.0001,2C,0.8798,1156.707,0
-11.3,20969.8269,0.0132,53.5,059003.000040,059003.000141,-0.007,2G,0.6397,653.9,0
-11.3,20936.0199,0.0132,55.36,059003.000043,059003.000145,0.0041,2G,0.4827,324.414,0
-11.3,20912.634,0.0307,113.36,059003.000451,059003.000346,0.0022,2E,1.7739,3.352,0
-11.3,20837.2723,0.013,61.15,059003.000183,059003.000229,0.0012,2A,0.5277,85.37,0
-11.3,20675.3629,0.1241,143.65,059003.000474,059003.000593,0.484,4G,0.4009,29.543,0
-11.3,20277.3933,0.0124,103.82,059003.000451,059003.000343,0.0018,2B,0.2524,66.229,0
-11.3,19341.8377,0.0112,868.01,059003.000077,059003.000176,-0.0991,5B,0.5081,2366.91,0
-11.3,19239.9635,0.0111,351.33,059003.000077,059003.000175,0.0855,5B,0.4825,140.195,0
-11.3,19053.1772,0.0109,174.67,059003.000352,059003.000574,0.0022,2B,0.6181,51.998,0
-11.3,19049.6801,0.0109,174.59,059003.000483,059003.000603,-0.0009,2E,2.1196,3.168,0
-11.3,18318.0129,0.0101,238.1,059003.000180,059003.000207,-0.0158,2G,0.3381,76.6,0
-11.3,18317.5767,0.0101,238.01,059003.000404,059003.000603,-0.0042,2G,1.571,8.81,0
-11.3,18136.9693,0.0099,497.78,059003.000430,059003.000186,-0.0055,2B,0.5007,1226.604,0
-11.3,17984.7535,0.0097,251.58,059003.000065,059003.000157,0.0211,3A,0.5531,309.862,0
-11.3,17933.3361,0.0097,78.84,059003.000467,059003.000576,-0.0,2B,1.2296,453.709,0
-11.3,17837.1895,0.0096,419.71,059003.000077,059003.000163,0.0079,2A,0.4698,475.017,0
-11.3,17781.364,0.0095,65.12,059003.000092,059003.000177,-0.0429,5G,0.487,539.898,0
-11.3,17700.2641,0.0094,292.79,059003.000118,059003.000179,0.025,3G,0.5211,58.258,0
-11.3,17690.2822,0.0094,57.79,059003.000082,059003.000169,0.0077,2B,0.7217,62.339,0
-11.3,17582.9763,0.0093,450.72,059003.000458,059003.000419,0.0007,2A,0.5576,287.241,0
-11.3,17463.2646,0.0092,42.67,059003.000385,059003.000426,-0.0001,2B,1.0069,41.634,0
-11.3,17413.8438,0.0091,39.97,059003.000321,059003.000487,-0.0002,2A,0.4449,28.487,0
-11.3,17413.3161,0.0091,199.72,059003.000087,059003.000174,-0.0023,2B,0.8908,102.718,0
-11.3,17403.0662,0.0091,39.41,059003.000405,059003.000429,-0.0014,2B,0.6202,12.603,0
-11.3,17305.6771,0.009,278.15,059003.000468,059003.000420,-0.0226,3D,2.1085,62.722,0
-11.3,17296.2239,0.009,34.36,059003.000446,059003.000321,-0.0045,2C,1.1525,4.309,0
-11.3,17296.2239,0.009,34.36,059003.000494,059003.000618,0.031,4B,0.3516,15.402,0
-11.3,17245.1117,0.0089,32.26,059003.000494,059003.000613,-0.0182,3G,0.3449,8.762,0
-11.3,17181.4087,0.0089,59.83,059003.000191,059003.000245,-0.0124,2A,0.4818,71.724,0
-11.3,17161.1085,0.0088,29.23,059003.000319,059003.000485,0.0021,2G,0.5249,8.041,0
-11.3,17133.3761,0.0088,28.34,059003.000319,059003.000402,0.0012,2B,0.7867,12.145,0
-11.3,17079.2276,0.0088,80.28,059003.000122,059003.000179,-0.0302,4G,0.4478,496.457,0
-11.3,17007.6475,0.0087,74.9,059003.000465,059003.000575,0.0,2G,0.8892,2210.774,0
-11.3,16948.4493,0.0086,71.19,059003.000192,059003.000249,-0.005,2B,0.3875,156.947,0
-11.3,16855.8888,0.0085,1111.82,059003.000092,059003.000175,-0.0014,2A,0.511,1309.718,0
-11.3,16775.5979,0.0085,85.48,059003.000364,059003.000574,0.0015,2B,1.2952,13.525,0
-11.3,16766.7178,0.0084,106.5,059003.000040,059003.000129,0.0024,2B,1.5754,126.714,0
-11.3,16761.2459,0.0084,42.52,059003.000471,059003.000577,-0.0003,2B,0.9639,70.016,0
-11.3,16753.0833,0.0084,21.2,059003.000068,059003.000150,-0.0081,2G,0.2782,172.335,0
-11.3,16723.0629,0.0084,147.19,059003.000465,059003.000574,-0.003,2B,0.8648,570.122,0
-11.3,16616.8366,0.0083,20.91,059003.000319,059003.000398,-0.014,2G,0.48,4.952,0
-11.3,16616.8366,0.0083,20.91,059003.000463,059003.000572,-0.0048,2B,0.9672,19.787,0
-11.3,16457.6738,0.019,27.85,059003.000303,059003.000543,-0.0003,2D,1.7011,13.544,0
-11.3,16421.6486,0.0081,29.07,059003.000542,059003.000402,-0.0009,2A,0.6255,25.298,0
-11.3,16412.5209,0.0081,58.75,059003.000035,059003.000115,-0.0032,2G,0.7655,1831.395,0
-11.3,16402.7999,0.0189,89.09,059003.000375,059003.000420,0.0992,5D,1.8806,3.241,0
-11.3,16268.2061,0.008,237.46,059003.000463,059003.000419,0.0027,2A,0.5265,258.045,0
-11.3,16241.3511,0.0079,173.47,059003.000465,059003.000572,0.0029,2C,0.9366,25.613,0
-11.3,16177.8888,0.0079,36.39,059003.000430,059003.000184,0.0056,2G,0.6624,185.54,0
-11.3,16131.3505,0.0078,150.09,059003.000469,059003.000421,0.0,2B,0.5641,274.031,0
-11.3,16117.9325,0.0078,151.31,059003.000480,059003.000427,-0.0005,2B,0.8324,157.714,0
-11.3,16115.6484,0.0078,37.88,059003.000383,059003.000576,0.0,2G,0.3576,8.902,0
-11.3,16093.7629,0.0078,38.35,059003.000323,059003.000399,0.0,2G,0.4733,8.992,0
-11.3,16051.0196,0.0181,156.83,059003.000470,059003.000421,-0.0002,2A,0.5263,255.035,0
-11.3,16038.58,0.0077,157.75,059003.000464,059003.000419,-0.003,2A,0.5566,236.598,0
-11.3,16032.97,0.018,197.68,059003.000306,059003.000548,-0.0311,2C,1.5907,15.325,0
-11.3,16025.0533,0.0077,198.38,059003.000090,059003.000168,-0.0284,4G,0.5439,1826.768,0
-11.3,16017.4815,0.0077,1592.22,059003.000479,059003.000426,-0.0105,2B,0.4991,676.578,0
-11.3,16008.3176,0.018,39.96,059003.000480,059003.000426,-0.338,5C,0.773,177.691,0
-11.3,15996.5025,0.0179,40.15,059003.000481,059003.000426,0.3896,5G,0.6217,209.78,0
-11.3,15899.0756,0.0177,41.4,059003.000486,059003.000588,0.0012,2G,0.3874,12.107,0
-11.3,15813.3526,0.0175,84.05,059003.000048,059003.000135,-0.0075,2B,0.4138,45.392,0
-11.3,15789.3923,0.0075,126.37,059003.000466,059003.000571,-0.0,2B,0.5108,320.479,0
-11.3,15562.4203,0.0073,290.25,059003.000047,059003.000430,-0.0005,2G,0.5123,58.186,0
-11.3,15474.9237,0.0072,243.2,059003.000068,059003.000144,-0.0056,2B,0.5076,636.772,0
-11.3,15069.2277,0.0068,132.69,059003.000094,059003.000162,-0.0026,2G,0.5671,1811.344,0
-11.3,14986.3067,0.5,31.37,059003.000330,059003.000404,-0.7913,2G,0.5028,9.235,0
-11.3,14986.3067,0.5,31.37,059003.000318,059003.000385,0.7105,2G,0.4642,5.2,0
-11.3,14986.3067,0.5,31.37,059003.000107,059003.000173,0.9582,2G,0.7058,1.838,0
-11.3,14948.4066,0.0067,30.54,059003.000305,059003.000334,-0.0002,2B,1.331,8.032,0
-11.3,14927.2531,0.0156,1503.62,059003.000034,059003.000102,0.0127,2A,0.6393,1348.885,0
-11.3,14901.242,0.0067,59.01,059003.000306,059003.000338,0.0042,2B,0.7945,13.887,0
-11.3,14888.8043,0.0067,87.7,059003.000040,059003.000120,0.0023,2G,0.594,1825.181,0
-11.3,14858.248,0.0066,28.57,059003.000308,059003.000346,0.0,2D,1.6853,1.39,0
-11.3,14808.3335,0.0066,109.99,059003.000450,059003.000317,-0.0003,2C,1.0047,13.132,0
-11.3,14743.8079,0.0065,26.14,059003.000327,059003.000396,0.0007,2B,0.4711,14.238,0
-11.3,14573.3554,0.0064,2276.79,059003.000034,059003.000100,-0.0011,2B,0.5832,4722.473,0
-11.3,14553.5902,0.0064,89.6,059003.000037,059003.000111,-0.0098,2G,0.569,3125.741,0
-11.3,14470.0645,0.0063,10455.34,059003.000033,059003.000066,0.0004,2G,0.6214,87489.211,0
-11.3,14322.2192,0.0062,92.66,059003.000036,059003.000104,-0.0022,2G,0.6029,1142.136,0
-11.3,14163.5512,0.006,81.78,059003.000034,059003.000095,0.0011,2G,0.5949,960.502,0
-11.3,13602.0635,0.0056,4045.8,059003.000037,059003.000104,0.0034,2B,0.5682,1736.626,0
-11.3,13600.5196,0.0056,577.59,059003.000040,059003.000114,-0.0023,2G,0.5914,4092.131,0
-11.3,13590.8596,0.0056,2300.88,059003.000090,059003.000157,0.0024,2A,0.5983,2491.598,0
-11.3,13563.6847,0.0055,56.88,059003.000543,059003.000395,0.0,2G,0.4811,15.649,0
-11.3,13398.0388,0.0126,107.74,059003.000092,059003.000153,0.0773,5A,0.5583,72.105,0
-11.3,13321.4042,0.0053,52.97,059003.000341,059003.000488,0.0001,2A,0.4523,70.121,0
-11.3,13311.5061,0.0053,475.87,059003.000110,059003.000164,0.0,2B,0.6863,1350.913,0
-11.3,13276.2591,0.0053,105.16,059003.000117,059003.000176,0.0017,2B,0.827,41.08,0
-11.3,13161.5055,0.0052,52.05,059003.000340,059003.000406,-0.0011,2G,0.3571,12.816,0
-11.3,13104.1674,0.0052,52.04,059003.000065,059003.000137,0.0005,2G,0.614,1949.366,0
-11.3,13082.556,0.0051,520.75,059003.000033,059003.000059,0.0,2B,0.7604,126.404,0
-11.3,13076.5015,0.0051,52.09,059003.000541,059003.000365,-0.0,2B,1.2446,17.367,0
-11.3,13038.7435,0.0119,104.45,059003.000544,059003.000485,-0.0039,2C,0.86,15.021,0
-11.3,13032.8198,0.0051,156.75,059003.000107,059003.000160,0.004,2B,0.5143,295.096,0
-11.3,13004.2965,0.0119,157.23,059003.000325,059003.000472,-0.0005,2G,0.6487,942.829,0
-11.3,12982.8504,0.0118,52.56,059003.000545,059003.000404,-0.0055,2B,1.326,10.71,0
-11.3,12936.9994,0.0117,211.8,059003.000325,059003.000380,0.0045,2C,1.0032,31.74,0
-11.3,12905.3058,0.0117,373.01,059003.000034,059003.000086,-0.0002,2G,0.5853,3949.842,0
-11.3,12868.6855,0.005,161.23,059003.000337,059003.000399,0.0006,2B,0.4406,78.323,0
-11.3,12840.7141,0.005,54.14,059003.000325,059003.000377,-0.0007,2D,2.5176,3.955,0
-11.3,12838.4048,0.0116,487.57,059003.000327,059003.000382,-0.0031,2E,1.6419,18.019,0
-11.3,12800.2478,0.0049,109.58,059003.000335,059003.000481,0.0293,5G,0.4869,736.436,0
-11.3,12796.1937,0.0115,109.72,059003.000037,059003.000097,0.0221,2G,0.6138,3612.69,0
-11.3,12787.5267,0.0115,330.07,059003.000335,059003.000480,-0.1492,5A,0.6776,516.37,0
-11.3,12781.5177,0.0115,2204.8,059003.000324,059003.000471,0.0715,5A,0.4951,1773.789,0
-11.3,12770.0148,0.0114,442.66,059003.000090,059003.000152,0.0501,5A,0.5879,570.088,0
-11.3,12729.8602,0.0114,392.95,059003.000545,059003.000484,0.0051,2C,1.0994,35.993,0
-11.3,12717.4712,0.0049,169.21,059003.000318,059003.000369,0.0012,2C,1.3932,9.491,0
-11.3,12662.5101,0.0048,11537.96,059003.000033,059003.000057,0.0003,2G,0.6234,2359.332,0
-11.3,12632.7392,0.0112,175.39,059003.000032,059003.000050,0.0056,2G,0.6044,4307.857,0
-11.3,12597.9196,0.0111,237.73,059003.000326,059003.000471,-0.0643,5B,0.4401,130.344,0
-11.3,12585.1603,0.0111,239.23,059003.000316,059003.000465,0.0004,2A,0.4928,148.97,0
-11.3,12576.4197,0.5,60.07,059003.000050,059003.000124,0.5811,2C,0.91,9.874,0
-11.3,12575.3245,0.0048,120.2,059003.000546,059003.000400,-0.0003,2G,0.3792,26.739,0
-11.3,12566.7655,0.0047,60.36,059003.000117,059003.000170,0.0049,2G,0.5709,795.57,0
-11.3,12505.034,0.011,249.54,059003.000341,059003.000484,-0.0058,2G,0.6111,63.553,0
-11.3,12425.393,0.0046,196.05,059003.000328,059003.000379,0.0,2A,0.4421,255.262,0
-11.3,12395.799,0.0108,332.79,059003.000063,059003.000430,-0.0004,2A,0.5377,202.068,0
-11.3,12378.2995,0.0046,471.08,059003.000338,059003.000481,-0.0006,2D,1.9583,20.099,0
-11.3,12334.3964,0.0046,69.24,059003.000330,059003.000382,0.0013,2B,1.2835,18.329,0
-11.3,12325.3713,0.0046,139.31,059003.000339,059003.000479,-0.0036,2G,0.455,620.611,0
-11.3,12229.2216,0.0045,595.28,059003.000034,059003.000540,0.0025,2B,0.5914,1708.898,0
-11.3,12169.9839,0.0045,77.63,059003.000056,059003.000130,-0.0013,2A,0.4837,49.595,0
-11.3,12161.0317,0.0044,78.13,059003.000048,059003.000123,-0.0003,2A,0.5965,70.023,0
-11.3,12149.4605,0.0104,78.8,059003.000319,059003.000466,-0.0129,2B,0.5071,261.292,0
-11.3,12100.914,0.0103,81.65,059003.000038,059003.000089,0.0004,2G,0.6223,699.316,0
-11.3,11948.7626,0.0043,365.51,059003.000340,059003.000481,0.0007,2B,0.5788,115.484,0
-11.3,11923.5677,0.0043,465.4,059003.000332,059003.000379,-0.0,2C,0.8034,77.609,0
-11.3,11887.8327,0.0099,477.61,059003.000039,059003.000097,-0.0207,3G,0.5759,2035.481,0
-11.3,11848.825,0.0042,196.43,059003.000056,059003.000128,0.0004,2G,0.5649,1346.443,0
-11.3,11831.6395,0.0042,298.23,059003.000331,059003.000470,-0.0,2A,0.5006,343.757,0
-11.3,11820.508,0.0042,200.37,059003.000341,059003.000480,0.0015,2B,0.9247,43.872,0
-11.3,11770.7569,0.0042,103.63,059003.000107,059003.000155,0.0027,2B,1.308,47.261,0
-11.3,11768.0428,0.0042,103.82,059003.000124,059003.000173,-0.0003,2G,0.526,2257.038,0
-11.3,11766.3305,0.5,103.94,059003.000342,059003.000481,-0.535,2G,0.4918,359.084,0
-11.3,11754.3227,0.0042,523.83,059003.000107,059003.000153,-0.0382,5B,0.5031,162.145,0
-11.3,11754.3227,0.0042,523.83,059003.000342,059003.000480,-0.0001,2B,0.6926,255.983,0
-11.3,11683.7413,0.0287,109.55,059003.000554,059003.000487,0.0073,2G,0.3866,29.522,0
-11.3,11669.2383,0.0218,221.0,059003.000314,059003.000359,-0.0105,2D,1.7162,17.091,0
-11.3,11668.8533,0.0041,110.53,059003.000094,059003.000147,0.0007,2A,0.5658,77.418,0
-11.3,11621.5161,0.0041,113.55,059003.000117,059003.000162,-0.0051,2G,0.6344,761.663,0
-11.3,11619.9177,0.0041,1022.87,059003.000061,059003.000129,-0.0001,2G,0.527,28902.02,0
-11.3,11551.3775,0.0094,117.7,059003.000322,059003.000466,0.0102,2A,0.569,70.601,0
-11.3,11519.9133,0.004,835.66,059003.000043,059003.000111,0.0078,2A,0.6354,1519.461,0
-11.3,11519.9133,0.004,835.66,059003.000122,059003.000168,0.0615,5A,0.6589,707.003,0
-11.3,11477.1624,0.004,121.46,059003.000036,059003.000083,0.0009,2G,0.602,1230.537,0
-11.3,11459.1724,0.0092,122.25,059003.000324,059003.000468,-0.0516,5B,0.593,286.747,0
-11.3,11396.4901,0.0039,124.56,059003.000322,059003.000464,-0.0006,2B,0.5638,273.744,0
-11.3,11226.2528,0.0038,1265.25,059003.000037,059003.000085,-0.0006,2A,0.6298,1931.065,0
-11.3,11044.626,0.0037,1198.59,059003.000326,059003.000369,0.0075,3E,5.4741,0.087,0
-11.3,11013.9952,0.0036,588.83,059003.000036,059003.000078,0.0001,2G,0.5826,131.921,0
-11.3,11002.0424,0.0036,1168.75,059003.000048,059003.000115,0.0008,2B,0.6039,459.275,0
-11.3,10947.0818,0.0036,561.29,059003.000040,059003.000093,-0.0001,2G,0.5838,7104.702,0
-11.3,10840.1241,0.0035,505.28,059003.000055,059003.000123,0.0,2B,0.6368,1878.947,0
-11.3,10789.1726,0.0035,474.35,059003.000034,059003.000074,0.0,2G,0.5901,5642.372,0
-11.3,10730.5289,0.0035,1308.78,059003.000034,059003.000539,-0.0,2A,0.6021,1434.642,0
-11.3,10730.5289,0.0035,1308.78,059003.000317,059003.000458,0.0019,2G,0.3405,281.008,0
-11.3,10714.7513,0.0035,2128.36,059003.000036,059003.000076,0.0011,2A,0.6009,3830.186,0
-11.3,10664.8058,0.0034,391.53,059003.000038,059003.000083,-0.0007,2G,0.6268,4018.228,0
-11.3,10654.0154,0.0034,384.07,059003.000319,059003.000459,-0.0028,2B,0.5394,168.082,0
-11.3,10654.0154,0.0034,384.07,059003.000038,059003.000540,0.0016,2G,0.6258,1534.046,0
-11.3,10595.4542,0.0034,343.45,059003.000337,059003.000381,-0.0003,2C,1.2184,29.488,0
-11.3,10582.7812,0.0034,334.68,059003.000043,059003.000105,-0.0007,2B,0.6088,1026.078,0
-11.3,10562.3693,0.0293,641.29,059003.000037,059003.000081,0.0421,2B,0.5727,290.958,0
-11.3,10504.9957,0.0033,281.94,059003.000126,059003.000169,-0.0007,2B,0.6936,227.26,0
-11.3,10359.9667,0.0032,193.14,059003.000056,059003.000121,-0.0002,2B,0.6176,691.038,0
-11.3,10345.5168,0.0032,370.5,059003.000346,059003.000397,-0.001,2B,0.5181,123.171,0
-11.3,10345.5168,0.0032,370.5,059003.000547,059003.000474,0.0019,2A,0.4901,459.137,0
-11.3,10244.6388,0.0032,135.83,059003.000065,059003.000128,-0.0287,5A,0.6642,121.428,0
-11.3,10244.6388,0.0032,135.83,059003.000329,059003.000366,0.0006,2B,0.4994,246.21,0
-11.3,10244.6388,0.0032,135.83,059003.000562,059003.000412,0.0007,2G,0.4866,39.82,0
-11.3,10210.4517,0.0183,121.42,059003.000346,059003.000482,-0.001,2B,0.5243,214.969,0
-11.3,10186.8864,0.0031,673.0,059003.000319,059003.000355,0.0009,2G,0.5,155.144,0
-11.3,10110.561,0.0031,257.9,059003.000322,059003.000460,-0.0002,2A,0.4962,204.331,0
-11.3,10110.561,0.0031,257.9,059003.000044,059003.000102,0.0008,2B,0.719,295.907,0
-11.3,10084.3695,0.0031,78.24,059003.000559,059003.000400,0.0005,2G,0.4867,616.508,0
-11.3,10052.0187,0.04,139.07,059003.000348,059003.000406,0.0082,2G,0.489,513.69,0
-11.3,9828.1991,0.0029,604.42,059003.000322,059003.000358,-0.0005,2G,0.494,158.125,0
-11.3,9693.2844,0.0256,379.94,059003.000118,059003.000156,-0.1857,5B,0.7915,519.188,0
-9.7,120307.517,0.579,2859.37,059003.000045,059003.000519,-1.2083,3C,1.1098,319.606,0
-9.7,119363.0894,0.57,5499.52,059003.000046,059003.000517,0.3133,2B,0.8021,3947.493,0
-9.7,119206.917,0.5685,2731.88,059003.000046,059003.000514,-0.0484,2D,2.5433,79.213,0
-9.7,119112.5041,0.5676,5442.21,059003.000066,059003.000531,-0.0001,2B,0.7239,3220.265,0
-9.7,119038.6092,0.5669,162761.47,059003.000066,059003.000530,-0.0001,2B,0.7518,38724.184,0
-9.7,118786.3087,0.5645,2684.08,059003.000053,059003.000520,-1.2495,3C,1.0254,374.89,0
-9.7,118701.0023,0.5637,2674.44,059003.000050,059003.000517,0.1626,2C,0.7559,27188.616,0
-9.7,118114.7069,0.5581,5217.58,059003.000049,059003.000509,2.0199,4E,2.2551,101.978,0
-9.7,117664.6108,0.5539,51181.14,059003.000079,059003.000537,-0.0,2A,0.6432,31531.374,0
-9.7,116944.1883,0.5471,2480.65,059003.000072,059003.000529,0.8054,2B,0.5305,1234.757,0
-9.7,116773.8166,0.5455,2462.33,059003.000073,059003.000529,1.2852,3G,0.6337,410.321,0
-9.7,116364.2099,0.5417,2418.61,059003.000085,059003.000535,-0.0001,2B,0.7106,672.879,0
-9.7,116092.9074,0.5392,2389.91,059003.000088,059003.000536,-0.0003,2B,0.8589,1835.732,0
-9.7,115969.0138,0.538,2376.87,059003.000060,059003.000510,-1.803,4D,2.2133,78.012,0
-9.7,115942.1153,0.5378,4748.1,059003.000062,059003.000513,-0.0,2E,3.0425,9.806,0
-9.7,114791.7883,0.5272,4510.35,059003.000082,059003.000525,-0.0003,2C,1.1362,315.078,0
-9.7,113788.4142,0.518,2154.53,059003.000070,059003.000505,-0.4086,2B,1.2807,653.256,0
-9.7,113421.5944,0.5147,6355.33,059003.000070,059003.000502,-3.28,5G,0.4796,1898.746,0
-9.7,112315.0067,0.5047,2011.85,059003.000114,059003.000534,-0.0001,2G,0.765,128.067,0
-9.7,112315.0067,0.5047,2011.85,059003.000084,059003.000514,0.7503,2B,0.7746,643.782,0
-9.7,110732.3975,0.4906,5595.91,059003.000096,059003.000518,-0.9109,2D,1.769,1387.732,0
-9.7,102062.9942,0.4168,2364.75,059003.000054,059003.000486,-0.5462,2B,0.7159,4397.413,0
-9.7,100630.1843,0.4051,2176.59,059003.000001,059003.000316,-0.2699,2B,0.6659,566.669,0
-9.7,100581.4873,0.8095,1085.19,059003.000053,059003.000391,0.3233,2B,0.8026,4229.992,0
-9.7,100359.5794,0.403,10711.01,059003.000046,059003.000471,0.6524,2B,0.4576,6299.392,0
-9.7,100349.0914,0.4029,5352.19,059003.000144,059003.000519,0.3965,2G,0.5294,1547.153,0
-9.7,100107.7188,0.4009,1055.26,059003.000063,059003.000404,-0.0905,2G,0.6888,7878.162,0
-9.7,99651.5259,0.3973,8215.74,059003.000050,059003.000470,0.0858,2C,1.3477,970.433,0
-9.7,99539.0725,0.3964,2040.14,059003.000128,059003.000497,0.5873,2G,0.6225,321.47,0
-9.7,99435.0004,0.3956,1013.72,059003.000063,059003.000397,-0.7896,2G,0.613,11251.944,0
-9.7,99356.0245,0.3949,3026.74,059003.000171,059003.000538,0.7405,2B,0.3574,4579.887,0
-9.7,99256.5122,0.3942,1002.88,059003.000062,059003.000394,0.0033,2G,0.7872,24515.283,0
-9.7,99104.4092,0.3929,993.71,059003.000151,059003.000520,0.5412,2E,2.2698,19.67,0
-9.7,98775.2231,0.3903,1948.09,059003.000069,059003.000401,0.4819,2B,0.6051,5232.671,0
-9.7,98730.388,0.39,971.39,059003.000160,059003.000529,1.9158,5A,0.5498,1278.428,0
-9.7,98631.0158,0.3892,28965.35,059003.000088,059003.000411,-1.3986,4B,0.5912,8199.029,0
-9.7,98530.4144,0.3884,2878.77,059003.000089,059003.000495,-0.7266,2C,0.7304,571.768,0
-9.7,98444.6819,0.3877,1909.12,059003.000073,059003.000404,0.5296,2C,0.8279,8816.197,0
-9.7,98296.3937,0.3866,4729.54,059003.000057,059003.000379,-0.5411,2G,0.7342,78897.556,0
-9.7,98288.7278,0.773,18909.24,059003.000057,059003.000378,-1.6669,3B,0.7312,6667.111,0
-9.7,98288.7278,0.773,18909.24,059003.000153,059003.000520,-0.0094,2G,0.5795,2853.684,0
-9.7,98268.8756,0.3863,9443.08,059003.000069,059003.000396,0.8432,3C,1.4951,490.353,0
-9.7,98105.7978,0.3851,1869.72,059003.000057,059003.000471,-0.9286,3G,0.4442,36217.635,0
-9.7,98064.9977,0.7695,55950.54,059003.000064,059003.000388,0.3378,2D,1.7083,2373.86,0
-9.7,97878.0883,0.3833,13826.69,059003.000095,059003.000493,-0.114,2G,0.6045,2894.53,0
-9.7,97869.8197,0.3832,6449.14,059003.000062,059003.000385,-0.7687,3B,1.0529,1746.952,0
-9.7,97869.8197,0.3832,6449.14,059003.000078,059003.000490,1.4165,4G,0.661,315.236,0
-9.7,97830.293,0.3829,3676.2,059003.000098,059003.000495,0.909,3B,0.6227,1593.867,0
-9.7,97823.6906,0.3829,3674.69,059003.000166,059003.000528,-0.0003,2B,0.6167,1647.888,0
-9.7,97784.0856,0.3825,1832.83,059003.000164,059003.000527,-0.0,2E,3.0192,5.205,0
-9.7,97751.5827,0.7646,9145.64,059003.000053,059003.000468,0.2758,2A,0.5323,13866.978,0
-9.7,97687.2942,0.3818,27327.36,059003.000059,059003.000471,0.6127,2A,0.6808,20188.603,0
-9.7,97687.2942,0.3818,27327.36,059003.000099,059003.000413,1.3721,4B,0.5552,14065.796,0
-9.7,97648.8204,0.3815,18174.62,059003.000093,059003.000409,-0.8521,3G,0.6025,4405.962,0
-9.7,97643.1088,0.3814,9084.08,059003.000079,059003.000407,-0.3193,2G,0.6118,2321.5,0
-9.7,97626.5141,0.3813,4537.34,059003.000100,059003.000495,-0.2013,2G,0.6422,1087.977,0
-9.7,97617.1925,0.3812,906.94,059003.000072,059003.000394,-0.5747,2G,0.4618,13153.809,0
-9.7,97556.6032,0.7615,9035.18,059003.000156,059003.000517,-0.856,2A,0.4471,7412.592,0
-9.7,97537.585,0.3806,45122.28,059003.000099,059003.000411,1.2179,4B,0.568,16424.087,0
-9.7,97461.4063,0.38,3592.63,059003.000067,059003.000389,0.1093,2G,0.5636,60134.424,0
-9.7,97453.3195,0.7599,89770.34,059003.000041,059003.000349,-0.5003,2G,0.5734,348616.126,0
-9.7,97315.0198,0.7578,8899.57,059003.000050,059003.000463,-2.1206,3B,0.5057,20495.916,0
-9.7,97315.0198,0.7578,8899.57,059003.000066,059003.000387,-1.0789,2G,0.5837,137339.037,0
-9.7,97315.0198,0.7578,8899.57,059003.000049,059003.000361,0.3645,2G,0.566,57496.474,0
-9.7,97263.8108,0.3785,1774.2,059003.000539,059003.000478,-0.3934,2B,0.5858,4760.897,0
-9.7,97112.4857,0.3773,43934.67,059003.000062,059003.000470,0.776,3C,0.9824,5213.828,0
-9.7,97065.8987,0.3769,2628.35,059003.000097,059003.000492,-0.8197,3A,0.578,1988.8,0
-9.7,97021.1296,0.3766,4368.22,059003.000080,059003.000404,-0.4179,2G,0.6891,20496.056,0
-9.7,96949.6759,0.376,2609.13,059003.000160,059003.000519,-1.4428,4G,0.6336,583.727,0
-9.7,96949.6759,0.376,2609.13,059003.000104,059003.000493,-0.8725,3B,0.5861,5363.319,0
-9.7,96901.7173,0.3757,8670.74,059003.000156,059003.000509,-1.0156,3C,1.4367,698.31,0
-9.7,96868.7886,0.3754,6056.88,059003.000153,059003.000508,0.4222,2A,0.6181,10487.383,0
-9.7,96842.9869,0.3752,1727.71,059003.000156,059003.000508,-0.0962,2A,0.6036,2333.664,0
-9.7,96797.8875,0.3749,1722.78,059003.000076,059003.000397,0.5784,2G,0.5873,11123.072,0
-9.7,96789.1796,0.3748,12913.7,059003.000080,059003.000401,0.9463,3A,0.6693,14077.044,0
-9.7,96776.3141,0.7494,17204.22,059003.000054,059003.000365,-1.3464,2B,0.6021,4719.143,0
-9.7,96773.412,0.7494,43002.62,059003.000080,059003.000484,1.5595,3B,0.659,12414.573,0
-9.7,96734.6781,0.3744,8579.4,059003.000082,059003.000403,0.777,3G,0.5657,31356.571,0
-9.7,96726.6055,0.3743,17150.0,059003.000154,059003.000507,-0.3881,2B,0.6062,8073.01,0
-9.7,96700.9875,0.7482,8561.06,059003.000156,059003.000507,-0.6866,2A,0.6091,5075.018,0
-9.7,96697.8947,0.7482,17118.75,059003.000053,059003.000463,0.0305,2B,0.4294,7213.433,0
-9.7,96624.9018,0.3735,4259.86,059003.000069,059003.000385,0.0036,2B,0.8448,16129.593,0
-9.7,96614.5208,0.3734,2554.23,059003.000083,059003.000485,-0.2365,2B,1.1317,881.415,0
-9.7,96572.62,0.3731,16982.81,059003.000070,059003.000385,-0.8853,3C,1.1578,1938.602,0
-9.7,96545.6928,0.3729,25430.52,059003.000054,059003.000464,0.0801,2C,1.0232,4124.339,0
-9.7,96537.2982,0.7457,6777.84,059003.000078,059003.000398,-1.4139,2C,1.0125,633.396,0
-9.7,96537.2982,0.7457,6777.84,059003.000079,059003.000399,0.7734,2G,1.0207,247.502,0
-9.7,96457.3925,0.3722,8429.21,059003.000083,059003.000484,-1.0374,3A,0.6581,10454.334,0
-9.7,96377.7963,0.3716,4193.21,059003.000108,059003.000493,1.1253,4G,0.6133,993.39,0
-9.7,96368.021,0.3715,16762.36,059003.000156,059003.000504,-0.4541,2B,0.5186,48932.327,0
-9.7,96368.021,0.3715,16762.36,059003.000045,059003.000353,0.6818,2G,0.5851,78421.583,0
-9.7,96342.2126,0.3713,4183.67,059003.000079,059003.000396,0.8951,3C,0.7422,631.649,0
-9.7,96312.1289,0.3711,334049.44,059003.000070,059003.000383,-0.2156,2A,0.5729,321715.4,0
-9.7,96257.7125,0.3707,2496.65,059003.000104,059003.000492,0.069,2C,0.9133,297.068,0
-9.7,96213.2785,0.7407,49790.75,059003.000078,059003.000478,1.5468,3G,0.5453,8971.209,0
-9.7,96139.4168,0.3698,4129.58,059003.000088,059003.000488,-0.5296,2G,0.6138,31507.374,0
-9.7,96131.2981,0.3697,41274.29,059003.000088,059003.000407,-0.09,2B,0.5891,16626.981,0
-9.7,96103.7784,0.3695,4944.15,059003.000057,059003.000465,0.318,2A,0.4326,4736.604,0
-9.7,96065.7083,0.3692,8220.09,059003.000046,059003.000353,0.6565,2A,0.5879,8541.648,0
-9.7,96051.5972,0.3691,49275.72,059003.000087,059003.000486,0.0144,2G,0.5744,13695.909,0
-9.7,95983.5228,0.3686,81766.59,059003.000156,059003.000501,-0.054,2B,0.6217,43559.447,0
-9.7,95971.3893,0.3685,81702.61,059003.000111,059003.000411,-0.0747,2G,0.5616,15059.235,0
-9.7,95765.0039,0.3669,2418.58,059003.000155,059003.000500,0.0002,2G,0.6073,17971.093,0
-9.7,95719.9946,0.3666,24115.36,059003.000088,059003.000405,-1.0146,3G,0.5938,5491.056,0
-9.7,95692.4075,0.7327,24072.24,059003.000115,059003.000496,0.3415,2B,0.5778,8830.929,0
-9.7,95679.5962,0.3663,801.74,059003.000164,059003.000518,0.5077,2G,0.4863,14901.081,0
-9.7,95667.5044,0.3662,801.11,059003.000060,059003.000365,-0.742,3C,0.7205,7338.049,0
-9.7,95643.1806,0.732,15996.94,059003.000112,059003.000494,-1.3287,2A,0.6595,23276.545,0
-9.7,95619.39,0.3658,15972.23,059003.000075,059003.000385,0.5894,2B,0.7733,14924.537,0
-9.7,95614.0879,0.3658,3991.68,059003.000063,059003.000371,-0.4566,2B,0.574,7093.131,0
-9.7,95614.0879,0.3658,3991.68,059003.000539,059003.000473,-0.0072,2G,0.5442,42950.676,0
-9.7,95601.7191,0.3657,7976.94,059003.000062,059003.000369,-0.3749,2B,0.6312,27862.881,0
-9.7,95467.093,0.7293,7907.32,059003.000163,059003.000516,-0.3096,2G,0.6311,1355.365,0
-9.7,95444.3017,0.3645,7895.57,059003.000093,059003.000488,-0.6235,2B,0.607,3372.982,0
-9.7,95413.2236,0.3642,2363.87,059003.000086,059003.000398,0.5896,2G,0.6237,15909.5,0
-9.7,95326.1905,0.3636,11752.34,059003.000098,059003.000491,-0.5332,2G,0.5574,2898.439,0
-9.7,95236.198,0.3629,778.89,059003.000098,059003.000489,-0.901,3G,0.6025,3127.175,0
-9.7,95174.4767,0.3624,2327.22,059003.000089,059003.000485,-0.8069,3B,0.9925,2504.896,0
-9.7,95141.3052,0.3621,3870.27,059003.000167,059003.000515,-0.0,2B,0.5709,9899.003,0
-9.7,95141.3052,0.3621,3870.27,059003.000167,059003.000516,0.2425,2B,0.5514,1367.493,0
-9.7,95129.378,0.3621,7734.48,059003.000115,059003.000494,0.5917,2E,1.614,264.286,0
-9.7,95099.4998,0.3618,23157.95,059003.000062,059003.000364,0.4191,2B,0.6457,6791.205,0
-9.7,95086.3918,0.3617,154253.38,059003.000086,059003.000478,0.7383,3G,0.5537,29777.236,0
-9.7,95071.5311,0.3616,30820.55,059003.000071,059003.000374,0.0,2G,0.5661,152665.649,0
-9.7,95035.31,0.7227,3843.4,059003.000099,059003.000407,-0.0308,2A,0.5466,5910.344,0
-9.7,94995.7821,0.361,76668.26,059003.000114,059003.000409,-0.4485,2B,0.5908,31048.109,0
-9.7,94995.7821,0.361,76668.26,059003.000173,059003.000519,1.1558,4G,0.6039,9322.583,0
-9.7,94947.5961,0.3607,764.25,059003.000076,059003.000384,0.0515,2G,0.5596,2999.031,0
-9.7,94933.6104,0.3606,1527.1,059003.000115,059003.000411,0.2605,2G,0.5695,24046.85,0
-9.7,94904.412,0.3603,4572.47,059003.000067,059003.000468,0.0973,2E,2.0463,69.373,0
-9.7,94827.2889,0.3598,45492.43,059003.000054,059003.000357,-0.9331,3A,0.5715,49801.172,0
-9.7,94827.2889,0.3598,45492.43,059003.000093,059003.000403,0.9754,3B,0.5647,88703.481,0
-9.7,94770.5787,0.3593,22661.07,059003.000082,059003.000388,-0.061,2B,0.6095,54217.03,0
-9.7,94668.3288,0.3586,37513.49,059003.000164,059003.000507,0.5578,2G,0.5787,9099.529,0
-9.7,94590.5108,0.358,29856.2,059003.000166,059003.000425,-2.8901,5A,0.6812,53613.284,0
-9.7,94577.287,0.3579,149149.9,059003.000062,059003.000360,-0.0683,2A,0.565,120121.794,0
-9.7,94516.9138,0.7148,3713.81,059003.000105,059003.000489,1.2288,2A,0.5619,5603.653,0
-9.7,94473.179,0.3571,2221.81,059003.000098,059003.000485,-0.3476,2D,2.5753,2749.869,0
-9.7,94473.179,0.3571,2221.81,059003.000099,059003.000404,-0.0741,2G,0.4976,403.434,0
-9.7,94417.0692,0.3567,44270.38,059003.000097,059003.000484,0.5149,2G,0.5481,10354.866,0
-9.7,94405.005,0.3566,147449.28,059003.000166,059003.000422,-1.7358,5G,0.5178,42276.66,0
-9.7,94382.4786,0.3564,36806.98,059003.000083,059003.000475,0.9638,3G,0.5437,9909.6,0
-9.7,94345.7817,0.3561,14686.77,059003.000167,059003.000507,0.4458,2G,0.5234,3288.929,0
-9.7,94345.7817,0.3561,14686.77,059003.000082,059003.000474,0.9003,3G,0.6036,400.666,0
-9.7,94336.5051,0.356,7338.84,059003.000164,059003.000504,1.933,5C,1.5019,344.85,0
-9.7,94323.0834,0.3559,14664.53,059003.000084,059003.000476,0.2747,2C,1.1768,1045.967,0
-9.7,94286.6937,0.3557,7314.46,059003.000167,059003.000506,0.596,2G,0.5474,1647.689,0
-9.7,94241.616,0.3553,72924.36,059003.000119,059003.000411,-1.0886,4G,0.632,16056.439,0
-9.7,94241.616,0.3553,72924.36,059003.000070,059003.000367,-0.7369,3A,0.5414,43527.637,0
-9.7,94236.487,0.7106,3644.97,059003.000067,059003.000466,-0.1178,2C,0.7157,840.67,0
-9.7,94194.9143,0.355,3634.84,059003.000173,059003.000514,-0.2394,2B,0.7678,2607.593,0
-9.7,94179.3051,0.3549,7262.07,059003.000084,059003.000385,-0.2411,2A,0.5999,5185.793,0
-9.7,94154.4861,0.3547,29000.01,059003.000072,059003.000467,-0.5417,2C,0.9428,4476.919,0
-9.7,94117.5083,0.7088,36160.23,059003.000104,059003.000486,-1.5333,3B,0.5392,12026.6,0
-9.7,94117.5083,0.7088,36160.23,059003.000540,059003.000473,2.1608,4G,0.6127,1336.062,0
-9.7,94079.6989,0.3541,3606.86,059003.000072,059003.000370,0.7162,3A,0.5498,4379.008,0
-9.7,94071.5304,0.3541,7209.76,059003.000106,059003.000487,-0.7242,3B,0.6437,2282.799,0
-9.7,93997.7023,0.3535,7174.07,059003.000166,059003.000502,-2.5408,5G,0.5571,42830.435,0
-9.7,93964.0256,0.7065,7157.83,059003.000082,059003.000381,-0.5813,2C,1.282,937.396,0
-9.7,93949.7233,0.3531,35754.73,059003.000164,059003.000501,0.0495,2A,0.5016,23159.544,0
-9.7,93931.2031,0.353,28568.13,059003.000144,059003.000417,-1.1969,4B,0.5302,51350.666,0
-9.7,93918.7798,0.7058,14272.12,059003.000102,059003.000485,0.7734,2D,1.6798,2847.379,0
-9.7,93857.8224,0.3524,28427.16,059003.000097,059003.000482,-0.5592,2A,0.5855,16775.403,0
-9.7,93846.1126,0.3524,14202.35,059003.000108,059003.000407,0.7283,3A,0.5828,15241.004,0
-9.7,93791.0994,0.7039,14149.7,059003.000082,059003.000377,0.5793,2A,0.5691,12579.011,0
-9.7,93791.0994,0.7039,14149.7,059003.000098,059003.000395,1.8924,3A,0.548,11576.015,0
-9.7,93779.3058,0.3519,14138.43,059003.000172,059003.000508,-0.2392,2A,0.5578,14918.717,0
-9.7,93753.1957,0.3517,1411.35,059003.000064,059003.000359,0.0532,2A,0.5152,1801.322,0
-9.7,93711.0069,0.3513,7036.64,059003.000120,059003.000409,0.0578,2B,0.543,23532.988,0
-9.7,93696.326,0.3512,7029.65,059003.000173,059003.000509,0.0877,2B,0.6004,2008.091,0
-9.7,93674.4926,0.3511,28077.05,059003.000089,059003.000391,-1.1228,4B,0.5744,59296.348,0
-9.7,93636.5925,0.7016,7001.26,059003.000172,059003.000507,-1.5435,3G,0.5303,44163.445,0
-9.7,93631.1282,0.7015,3499.33,059003.000171,059003.000424,-0.0005,2G,0.531,27002.527,0
-9.7,93556.5935,0.7004,6963.37,059003.000088,059003.000388,-1.4798,3G,0.4861,24751.58,0
-9.7,93490.1931,0.3497,693.2,059003.000087,059003.000386,0.7127,3G,0.5235,6856.704,0
-9.7,93468.5069,0.3495,13843.61,059003.000171,059003.000422,1.6672,5G,0.5582,107136.215,0
-9.7,93426.7786,0.3492,69021.74,059003.000146,059003.000417,0.8078,3G,0.5743,11743.438,0
-9.7,93418.9032,0.3492,6898.47,059003.000172,059003.000505,0.1855,2G,0.6124,25820.546,0
-9.7,93407.9976,0.3491,41360.11,059003.000100,059003.000478,-0.6958,2G,0.5362,7830.721,0
-9.7,93382.7897,0.3489,2064.46,059003.000102,059003.000398,-0.0324,2D,2.5962,221.038,0
-9.7,93342.409,0.3486,68626.03,059003.000101,059003.000483,0.3049,2B,0.6295,26459.237,0
-9.7,93331.8842,0.3485,34288.39,059003.000069,059003.000360,0.2191,2G,0.5422,130131.254,0
-9.7,93285.6177,0.3482,136721.07,059003.000063,059003.000358,-0.2389,2B,0.5333,61754.565,0
-9.7,93276.6811,0.3481,6831.88,059003.000106,059003.000484,-0.5769,2B,0.7613,4235.733,0
-9.7,93267.2825,0.696,6827.5,059003.000087,059003.000384,-0.6491,2A,0.5547,4388.521,0
-9.7,93264.4915,0.696,34130.98,059003.000121,059003.000492,-0.5552,2G,0.5037,7589.605,0
-9.7,93233.328,0.3478,13623.34,059003.000102,059003.000395,-0.3588,2B,0.5586,24458.456,0
-9.7,93227.8841,0.3477,68091.36,059003.000104,059003.000398,-0.7383,3B,0.5491,21561.333,0
-9.7,93160.2005,0.3472,2033.3,059003.000173,059003.000504,-1.7799,5G,0.6723,10836.567,0
-9.7,93085.327,0.3467,3371.49,059003.000173,059003.000503,0.0499,2B,0.5626,6978.702,0
-9.7,93069.5866,0.3466,4714.99,059003.000076,059003.000373,-0.0297,2G,0.5588,18910.634,0
-9.7,93069.5866,0.3466,4714.99,059003.000072,059003.000361,-0.023,2A,0.5434,7682.084,0
-9.7,93059.0969,0.3465,3365.43,059003.000171,059003.000502,-1.245,4D,1.8271,3359.357,0
-9.7,93059.0969,0.3465,3365.43,059003.000111,059003.000405,-0.9618,3B,0.876,2905.729,0
-9.7,93059.0969,0.3465,3365.43,059003.000063,059003.000355,0.452,2B,0.5584,1518.861,0
-9.7,93055.5248,0.3464,67292.1,059003.000112,059003.000489,-0.6391,2B,0.5683,26211.548,0
-9.7,93049.0703,0.3464,4708.36,059003.000108,059003.000401,-0.9123,3A,0.5336,4390.105,0
-9.7,93037.284,0.3463,3360.39,059003.000105,059003.000482,-0.3285,2G,0.5493,30182.84,0
-9.7,92974.8029,0.3458,669.2,059003.000098,059003.000391,0.9445,3G,0.6314,4131.331,0
-9.7,92967.5245,0.6916,6688.65,059003.000073,059003.000463,-0.2922,2D,1.8815,214.56,0
-9.7,92858.9108,0.345,6638.83,059003.000175,059003.000503,-0.0494,2B,0.6091,3268.378,0
-9.7,92855.3901,0.345,1991.16,059003.000106,059003.000397,0.4566,2A,0.6204,2099.389,0
-9.7,92767.5012,0.3443,659.71,059003.000150,059003.000418,0.0002,2A,0.5354,968.903,0
-9.7,92710.2981,0.3439,1314.21,059003.000060,059003.000350,0.8745,3A,0.5373,1289.814,0
-9.7,92535.5035,0.3426,1298.4,059003.000067,059003.000458,-0.6693,2G,0.5706,338.453,0
-9.7,92475.6873,0.3421,3232.53,059003.000101,059003.000391,0.1085,2B,0.6006,10271.357,0
-9.7,92475.6873,0.3421,3232.53,059003.000108,059003.000482,0.2583,2B,0.618,1377.596,0
-9.7,92407.8989,0.3416,6434.65,059003.000040,059003.000337,0.0417,2C,0.8941,851.456,0
-9.7,92403.9823,0.3416,12865.8,059003.000081,059003.000371,-0.1075,2G,0.635,2303.5,0
-9.7,92403.9823,0.3416,12865.8,059003.000078,059003.000366,1.0483,4G,0.5833,1191.071,0
-9.7,92351.6694,0.3412,32047.53,059003.000178,059003.000425,2.6257,5A,0.543,31984.849,0
-9.7,92326.3105,0.341,6398.19,059003.000075,059003.000360,0.743,3G,0.6038,1468.097,0
-9.7,92279.7028,0.6814,3188.71,059003.000111,059003.000398,-0.0955,2B,0.8494,938.257,0
-9.7,92267.0091,0.3406,1274.35,059003.000129,059003.000413,-0.3087,2B,0.5376,2773.621,0
-9.7,92267.0091,0.3406,1274.35,059003.000112,059003.000402,-0.097,2B,0.7215,1342.979,0
-9.7,92256.9821,0.6811,6367.31,059003.000080,059003.000366,-0.2355,2A,0.5711,6767.955,0
-9.7,92246.6822,0.6809,12725.47,059003.000082,059003.000370,0.8365,2B,1.3477,1936.22,0
-9.7,92235.1888,0.3404,635.76,059003.000091,059003.000379,-0.7538,3G,0.552,4929.216,0
-9.7,92227.8788,0.3403,12708.76,059003.000540,059003.000371,0.1548,2G,0.5457,2231.463,0
-9.7,92136.1324,0.3396,6313.74,059003.000112,059003.000484,-0.1316,2B,1.4617,1109.027,0
-9.7,92132.1798,0.3396,1262.4,059003.000039,059003.000334,-0.2173,2B,0.4683,453.463,0
-9.7,92038.4261,0.3389,1254.13,059003.000100,059003.000475,0.8105,3B,0.5412,3094.444,0
-9.7,92020.674,0.3388,6262.85,059003.000115,059003.000405,-1.2708,4A,0.6242,3641.292,0
-9.7,92020.674,0.3388,6262.85,059003.000097,059003.000382,-0.1744,2B,0.5914,1967.988,0
-9.7,91987.2073,0.3385,3124.07,059003.000114,059003.000401,-0.3161,2A,0.509,2029.3,0
-9.7,91965.2986,0.3384,2495.42,059003.000179,059003.000529,-2.2445,5G,0.5244,536.167,0
-9.7,91827.8817,0.3374,1853.55,059003.000155,059003.000497,-1.3323,4A,0.577,1587.455,0
-9.7,91803.5911,0.3372,616.79,059003.000155,059003.000417,0.9403,3G,0.5425,5663.119,0
-9.7,91778.5325,0.337,9235.55,059003.000128,059003.000492,0.8718,3B,0.5323,19069.33,0
-9.7,91732.9083,0.3367,9205.86,059003.000093,059003.000470,0.665,2C,1.2751,1025.48,0
-9.7,91702.6141,0.6729,6124.12,059003.000085,059003.000370,0.898,2B,0.4778,10511.914,0
-9.7,91702.6141,0.6729,6124.12,059003.000034,059003.000319,1.5123,3G,0.4683,1115.93,0
-9.7,91659.7277,0.3361,1221.11,059003.000112,059003.000483,0.2792,2A,0.5795,1165.204,0
-9.7,91641.1882,0.336,609.76,059003.000081,059003.000464,-0.1063,2A,0.5994,605.458,0
-9.7,91624.7111,0.6717,1218.09,059003.000121,059003.000491,0.3041,2B,0.5191,3658.29,0
-9.7,91613.2098,0.6716,18256.52,059003.000074,059003.000460,-0.4392,2A,0.5366,27038.807,0
-9.7,91525.084,0.3351,3628.57,059003.000082,059003.000464,-0.7227,3G,0.4905,1043.803,0
-9.7,91525.084,0.3351,3628.57,059003.000097,059003.000470,0.8707,3D,2.1105,1068.941,0
-9.7,91489.125,0.3349,12064.4,059003.000102,059003.000384,-0.4651,2G,0.5393,2567.94,0
-9.7,91408.8244,0.3343,5997.87,059003.000072,059003.000354,-0.8569,3B,0.558,3267.599,0
-9.7,91408.8244,0.3343,5997.87,059003.000105,059003.000474,0.3298,2G,0.5384,1177.05,0
-9.7,91280.9016,0.3334,8915.21,059003.000159,059003.000497,0.8856,3A,0.5364,12716.585,0
-9.7,91271.7214,0.3333,17818.74,059003.000108,059003.000388,-0.3481,2C,0.7067,4177.149,0
-9.7,91200.62,0.6655,5909.51,059003.000158,059003.000414,-0.0001,2G,0.5406,1446.165,0
-9.7,91200.62,0.6655,5909.51,059003.000105,059003.000382,0.5406,2G,0.6451,1000.533,0
-9.7,91151.7251,0.3324,588.89,059003.000114,059003.000393,-0.7475,3G,0.5832,9424.684,0
-9.7,91023.0177,0.3315,2333.94,059003.000132,059003.000413,-0.8711,3G,0.5353,25459.952,0
-9.7,91017.4869,0.6629,23330.11,059003.000084,059003.000361,0.1778,2G,0.579,4869.675,0
-9.7,90983.6904,0.3312,1745.52,059003.000108,059003.000386,0.6287,2B,1.2912,1860.404,0
-9.7,90772.1186,0.3297,573.05,059003.000121,059003.000485,0.9087,3G,0.5993,10974.861,0
-9.7,90606.7,0.6569,11324.79,059003.000080,059003.000462,-0.0893,2A,0.5347,8624.312,0
-9.7,90597.9088,0.3284,22635.17,059003.000115,059003.000392,0.6509,2G,0.6103,5204.2,0
-9.7,90538.1031,0.328,2253.73,059003.000134,059003.000413,0.8119,3G,0.5808,486.9,0
-9.7,90447.7769,0.3273,1119.5,059003.000051,059003.000548,-0.2836,2A,0.3979,949.582,0
-9.7,90385.6101,0.3269,1671.68,059003.000111,059003.000384,-0.9562,3G,0.5446,7078.982,0
-9.7,90385.6101,0.3269,1671.68,059003.000095,059003.000373,0.4941,2B,0.5705,3012.491,0
-9.7,90385.6101,0.3269,1671.68,059003.000106,059003.000470,0.6931,3A,0.6501,2513.47,0
-9.7,90371.6676,0.3268,11133.24,059003.000119,059003.000482,-0.0555,2B,0.5414,20963.635,0
-9.7,90252.7011,0.6518,11037.15,059003.000179,059003.000520,0.1787,2B,0.5901,29007.683,0
-9.7,90243.1823,0.3258,22058.98,059003.000097,059003.000468,-0.1741,2C,0.886,4008.524,0
-9.7,90190.2731,0.3254,1648.04,059003.000179,059003.000519,0.0836,2C,0.7165,259.118,0
-9.7,90160.7187,0.3252,10963.25,059003.000135,059003.000493,-1.0607,4B,0.5256,22018.088,0
-9.7,90160.7187,0.3252,10963.25,059003.000126,059003.000407,-0.4511,2G,0.5377,109441.396,0
-9.7,90073.7213,0.3246,544.68,059003.000098,059003.000371,0.092,2G,0.5623,3357.897,0
-9.7,89989.8139,0.324,541.34,059003.000132,059003.000408,-0.1011,2E,2.4861,7.082,0
-9.7,89989.8139,0.324,541.34,059003.000040,059003.000325,0.5171,2E,1.9025,2.113,0
-9.7,89937.1142,0.3236,21570.1,059003.000099,059003.000370,-0.1179,2B,0.6391,8780.236,0
-9.7,89886.0127,0.3232,537.23,059003.000083,059003.000358,-0.1593,2G,0.5555,4366.249,0
-9.7,89871.3094,0.3231,5366.5,059003.000100,059003.000371,0.3487,2B,0.4788,1720.81,0
-9.7,89721.7924,0.3221,530.77,059003.000165,059003.000417,-0.5482,2G,0.5306,94.063,0
-9.7,89648.0084,0.3215,527.88,059003.000184,059003.000526,0.0006,2B,1.5436,4415.213,0
-9.7,89641.903,0.3215,5276.44,059003.000097,059003.000365,-0.3338,2G,0.5514,26147.285,0
-9.7,89630.4959,0.3214,15815.97,059003.000080,059003.000353,-0.691,3A,0.5322,10771.196,0
-9.7,89574.826,0.321,1575.09,059003.000101,059003.000371,-0.5237,2B,0.5702,800.521,0
-9.7,89497.3906,0.3205,1566.08,059003.000086,059003.000460,-0.126,2A,0.4744,1424.123,0
-9.7,89404.129,0.3198,7776.33,059003.000114,059003.000381,0.5514,2A,0.6085,13503.82,0
-9.7,89318.2912,0.3192,5151.21,059003.000099,059003.000364,-0.2971,2A,0.4882,8046.527,0
-9.7,89311.5021,0.3191,514.86,059003.000098,059003.000464,0.6683,3C,0.86,63.49,0
-9.7,89053.1115,0.3173,1515.04,059003.000115,059003.000381,0.1354,2G,0.59,5762.78,0
-9.7,88832.1138,0.3157,9933.99,059003.000179,059003.000508,-0.0378,2B,0.5795,2843.68,0
-9.7,88434.692,0.3129,481.99,059003.000131,059003.000403,0.4883,2G,0.6235,2032.798,0
-9.7,87800.3221,0.3084,918.29,059003.000123,059003.000378,0.1612,2B,0.5069,2478.455,0
-9.7,87789.8687,0.3084,1376.32,059003.000181,059003.000510,0.5921,2B,0.974,403.45,0
-9.7,87571.6975,0.3068,9022.04,059003.000123,059003.000470,0.7552,3C,0.8582,1439.312,0
-9.7,87503.0992,0.3063,8974.17,059003.000181,059003.000506,0.0403,2G,0.5105,2130.153,0
-9.7,87415.4129,0.3057,891.32,059003.000120,059003.000375,-0.1082,2G,0.5373,3625.467,0
-9.7,87204.6829,0.3043,438.4,059003.000106,059003.000359,0.4747,2A,0.5859,308.782,0
-9.7,87195.7838,0.3042,438.1,059003.000058,059003.000335,-0.233,2D,1.6871,23.742,0
-9.7,86835.5056,0.3017,4258.8,059003.000135,059003.000401,0.4146,2A,0.503,4168.483,0
-9.7,86522.808,0.2995,830.95,059003.000184,059003.000506,-0.4606,2G,0.5062,7666.689,0
-9.7,86399.8914,0.2987,8228.71,059003.000120,059003.000370,0.3565,2C,1.1298,847.099,0
-9.7,85419.2028,0.2919,3801.94,059003.000186,059003.000516,0.0479,2G,0.5059,826.601,0
-9.7,85063.5148,0.2895,369.29,059003.000126,059003.000370,0.4537,2G,0.5357,3057.403,0
-9.7,84592.517,0.5726,1065.61,059003.000133,059003.000377,-0.0254,2E,1.9134,29.436,0
-9.7,84467.5168,0.2855,351.53,059003.000144,059003.000489,-0.3574,2G,0.5159,2506.183,0
-9.7,84206.6277,0.2837,343.95,059003.000119,059003.000357,0.488,2G,0.4684,4651.215,0
-9.7,84121.3238,0.2831,1024.49,059003.000179,059003.000498,0.7009,3G,0.6831,186.271,0
-9.7,83849.7076,0.2813,333.77,059003.000147,059003.000489,-0.3659,2G,0.5132,98.4,0
-9.7,83149.331,0.2766,628.85,059003.000120,059003.000351,-0.1207,2B,0.5284,253.523,0
-9.7,83123.4934,0.2764,313.73,059003.000133,059003.000467,-0.4197,2B,0.447,187.079,0
-9.7,83116.0182,0.2764,313.53,059003.000142,059003.000477,-1.4588,5G,0.6531,50.179,0
-9.7,83116.0182,0.2764,313.53,059003.000167,059003.000496,0.4308,2A,0.4272,405.272,0
-9.7,83112.0921,0.5527,626.84,059003.000077,059003.000543,-0.861,2A,0.3733,448.234,0
-9.7,83108.4971,0.5527,3133.25,059003.000181,059003.000499,-0.0001,2G,0.4203,709.231,0
-9.7,83097.4294,0.2763,313.03,059003.000132,059003.000367,0.5191,2G,0.5302,1745.423,0
-9.7,82127.631,0.2699,863.03,059003.000189,059003.000502,2.523,5E,2.3406,15.742,0
-9.7,82064.9345,0.2694,1144.36,059003.000158,059003.000491,0.2438,2B,0.4129,1998.235,0
-9.7,81055.6196,0.2629,261.42,059003.000158,059003.000484,0.4535,2C,1.0547,26.885,0
-9.7,80765.2913,0.261,1018.48,059003.000172,059003.000408,0.0387,2B,0.4948,350.11,0
-9.7,80052.7345,0.2564,715.44,059003.000186,059003.000498,-0.5741,3B,0.4048,282.206,0
-9.7,79485.6002,0.2528,226.18,059003.000138,059003.000460,-0.2534,2B,0.3934,99.782,0
-9.7,79156.8249,0.2507,219.26,059003.000172,059003.000488,-0.3784,2G,0.5655,50.648,0
-9.7,78778.1017,0.2483,422.97,059003.000153,059003.000380,-0.1873,2A,0.4561,558.551,0
-9.7,78556.0033,0.2469,207.02,059003.000118,059003.000547,0.0137,2B,0.4502,103.631,0
-9.7,77569.8847,0.2407,376.08,059003.000161,059003.000386,0.3485,2B,0.4295,155.274,0
-9.7,76961.169,0.237,353.97,059003.000154,059003.000367,0.0635,2B,0.4054,897.612,0
-9.7,76573.4051,0.2346,170.2,059003.000176,059003.000477,0.013,2B,0.5584,76.346,0
-9.7,76129.9437,0.4638,813.38,059003.000154,059003.000361,-0.0772,2G,0.3875,3154.317,0
-9.7,76060.6214,0.2315,323.04,059003.000173,059003.000385,0.1778,2B,0.8449,126.58,0
-9.7,75208.8745,0.2263,147.84,059003.000105,059003.000456,-0.8979,4D,1.7622,12.519,0
-9.7,75094.1236,0.2256,146.07,059003.000157,059003.000461,0.0001,2B,0.4213,68.363,0
-9.7,75045.1352,0.2253,145.32,059003.000166,059003.000372,0.4269,2B,0.3435,294.141,0
-9.7,74963.9355,0.4497,2881.51,059003.000164,059003.000369,-0.6054,2G,1.5337,108.616,0
-9.7,74377.1883,0.2213,1353.41,059003.000062,059003.000308,0.5085,3C,0.9898,180.38,0
-9.7,74085.3309,0.2196,918.03,059003.000180,059003.000489,0.9059,5B,0.5177,369.613,0
-9.7,73900.8309,0.2185,257.09,059003.000179,059003.000486,-0.2005,2A,0.3797,193.547,0
-9.7,73779.3878,0.2178,380.57,059003.000136,059003.000341,-0.2477,2B,0.3639,655.292,0
-9.7,73405.6598,0.2156,121.76,059003.000179,059003.000401,-0.19,2G,0.5467,1455.105,0
-9.7,72672.8002,0.2113,112.21,059003.000080,059003.000311,0.4932,3G,0.3806,1162.27,0
-9.7,72665.1322,0.2113,448.47,059003.000186,059003.000493,-0.0918,2G,0.4652,109.396,0
-9.7,72663.0223,0.2113,896.72,059003.000181,059003.000405,0.5949,3A,0.3359,786.24,0
-9.7,72358.8277,0.2095,433.21,059003.000105,059003.000313,-0.1149,2G,0.522,96.555,0
-9.7,72358.8277,0.2095,433.21,059003.000083,059003.000311,-0.0567,2A,0.4753,471.663,0
-9.7,71972.1024,0.4145,725.39,059003.000186,059003.000492,-0.2166,2A,0.4041,963.656,0
-9.7,71698.5265,0.2057,200.83,059003.000176,059003.000462,-0.3321,2G,0.3471,19.615,0
-9.7,71698.5265,0.2057,200.83,059003.000054,059003.000304,0.3377,2B,1.3985,34.575,0
-9.7,71664.8138,0.411,400.09,059003.000220,059003.000603,-0.794,2D,1.9367,19.455,0
-9.7,71347.2679,0.2037,385.59,059003.000047,059003.000451,-0.6066,3D,1.7925,105.294,0
-9.7,71052.7984,0.202,465.63,059003.000173,059003.000353,-0.4418,3A,0.3912,344.977,0
-9.7,71049.2102,0.4039,930.88,059003.000066,059003.000455,-0.3256,2D,2.418,372.107,0
-9.7,71045.723,0.202,558.3,059003.000216,059003.000428,0.2414,2B,0.5626,1411.883,0
-9.7,71034.5177,0.2019,278.78,059003.000196,059003.000420,-0.421,3B,1.231,518.587,0
-9.7,70935.6862,0.2013,275.55,059003.000195,059003.000419,0.2916,2C,0.7453,2429.116,0
-9.7,70796.929,0.2005,1807.08,059003.000127,059003.000456,0.4344,3B,0.5292,863.255,0
-9.7,70723.3707,0.2001,268.71,059003.000184,059003.000482,0.31,2B,0.4071,611.51,0
-9.7,70618.0628,0.1995,88.45,059003.000185,059003.000490,-0.0086,2G,0.2968,442.998,0
-9.7,70258.7318,0.395,169.45,059003.000184,059003.000392,0.7816,2A,0.348,160.214,0
-9.7,69938.6123,0.1957,81.51,059003.000224,059003.000429,0.6829,4B,0.6377,182.884,0
-9.7,69874.9165,0.1954,242.64,059003.000054,059003.000451,-0.1957,2D,1.7062,122.034,0
-9.7,69859.5907,0.1953,1614.6,059003.000093,059003.000310,0.5818,3B,0.4427,682.636,0
-9.7,69496.5806,0.1932,386.11,059003.000105,059003.000311,0.3409,2B,0.4117,607.858,0
-9.7,69486.6206,0.1932,154.25,059003.000064,059003.000454,0.0933,2B,0.2859,79.668,0
-9.7,69290.1237,0.1921,75.28,059003.000214,059003.000427,0.0519,2G,0.4898,292.362,0
-9.7,69226.5056,0.1917,149.38,059003.000123,059003.000313,0.065,2B,1.5544,120.352,0
-9.7,68944.3462,0.3804,721.09,059003.000196,059003.000419,0.2688,2B,0.5529,247.563,0
-9.7,68794.2381,0.1894,2122.97,059003.000186,059003.000395,0.0755,2G,0.2982,429.809,0
-9.7,68764.7157,0.1892,2820.15,059003.000060,059003.000451,-0.9824,5B,1.4963,684.623,0
-9.7,68644.5434,0.1885,138.89,059003.000205,059003.000420,0.2867,2E,1.9846,2.196,0
-9.7,68634.5123,0.1885,69.36,059003.000235,059003.000429,-0.0973,2E,2.5811,0.365,0
-9.7,68548.5279,0.376,2058.24,059003.000053,059003.000448,0.1357,2C,0.8697,260.815,0
-9.7,68511.3798,0.1878,204.86,059003.000106,059003.000310,-0.3027,2D,2.0333,126.066,0
-9.7,68511.3798,0.1878,204.86,059003.000072,059003.000304,-0.1398,2D,1.7369,18.289,0
-9.7,68472.9923,0.1876,67.96,059003.000237,059003.000429,0.6167,4B,0.8087,248.732,0
-9.7,68388.8704,0.1871,67.23,059003.000184,059003.000470,-0.022,2E,1.8148,1.472,0
-9.7,68207.8196,0.1861,131.4,059003.000235,059003.000428,0.0599,2D,1.8618,6.848,0
-9.7,68149.5142,0.1858,456.49,059003.000049,059003.000296,0.3463,2C,1.0374,37.894,0
-9.7,67845.7958,0.3683,250.86,059003.000248,059003.000603,0.3533,2E,2.4391,4.198,0
-9.7,67754.7419,0.1837,619.82,059003.000199,059003.000419,0.1539,2A,0.6188,1008.446,0
-9.7,67692.9988,0.1833,430.42,059003.000203,059003.000574,0.2478,2B,0.7928,1461.173,0
-9.7,67665.3203,0.1832,490.14,059003.000230,059003.000580,0.332,2E,2.9683,1.15,0
-9.7,67650.3426,0.3662,1222.98,059003.000106,059003.000308,0.4555,2A,0.5247,1045.412,0
-9.7,67647.1012,0.1831,1222.46,059003.000249,059003.000602,0.452,3D,1.7014,60.356,0
-9.7,67589.8334,0.1828,121.34,059003.000185,059003.000475,-0.4889,3B,0.3641,64.757,0
-9.7,67571.7957,0.1827,1210.55,059003.000214,059003.000576,-0.3565,2B,0.7839,3369.125,0
-9.7,67571.7957,0.1827,1210.55,059003.000239,059003.000428,-0.3246,2A,0.5796,1592.845,0
-9.7,67506.6309,0.1823,300.08,059003.000200,059003.000419,0.1787,2G,0.5491,1184.863,0
-9.7,67436.5459,0.182,178.41,059003.000225,059003.000426,0.367,3B,0.9682,607.788,0
-9.7,67398.0941,0.1818,295.86,059003.000204,059003.000574,0.2788,2B,0.9816,353.509,0
-9.7,67345.736,0.1815,2938.34,059003.000246,059003.000429,-0.8012,5A,0.6363,1882.226,0
-9.7,67146.1791,0.3608,572.46,059003.000111,059003.000309,-0.3971,2B,0.7641,1102.801,0
-9.7,66870.0919,0.1789,11038.35,059003.000085,059003.000305,0.1295,2C,1.1902,846.461,0
-9.7,66548.9166,0.1772,158.62,059003.000041,059003.000286,0.0817,2B,0.6408,72.768,0
-9.7,66467.7764,0.1768,52.3,059003.000249,059003.000428,-0.2076,2A,0.493,41.138,0
-9.7,66450.4072,0.1767,104.36,059003.000064,059003.000448,0.3276,2G,0.4415,615.962,0
-9.7,66216.03,0.1754,202.21,059003.000141,059003.000456,0.2074,2G,0.5518,2966.086,0
-9.7,65920.6109,0.1739,242.8,059003.000120,059003.000310,0.3252,2C,1.1115,28.467,0
-9.7,65890.7173,0.1737,483.62,059003.000256,059003.000429,-0.25,2B,0.8425,164.187,0
-9.7,65838.0339,0.1734,96.03,059003.000134,059003.000313,-0.0509,2G,0.6135,1363.952,0
-9.7,63287.207,0.1603,1635.62,059003.000130,059003.000309,-0.1534,2G,0.383,9689.296,0
-9.7,59949.6748,0.1438,5173.49,059003.000104,059003.000298,0.0889,2C,1.3072,377.593,0
-9.7,59484.3241,0.1416,9992.84,059003.000121,059003.000453,-0.3369,3C,1.3835,717.5,0
-9.7,59336.3167,0.8453,2470.41,059003.000070,059003.000282,1.8613,3B,0.5449,5861.218,0
-9.7,58834.0393,0.1385,3566.02,059003.000227,059003.000569,0.5176,4B,0.3875,9304.333,0
-9.7,58283.3256,0.1359,5694.01,059003.000227,059003.000568,-0.549,5B,0.834,7513.359,0
-9.7,57991.0339,0.1346,1112.82,059003.000125,059003.000451,0.8548,5A,0.5333,1509.904,0
-9.7,57528.6237,0.2649,5362.04,059003.000146,059003.000309,-0.8426,4C,1.3853,402.558,0
-9.7,57160.599,0.1307,2081.7,059003.000078,059003.000280,0.042,2B,0.7034,938.18,0
-9.7,56955.9115,0.1298,4094.13,059003.000158,059003.000311,0.2908,3G,0.4277,1031.255,0
-9.7,56754.6861,0.1289,20133.39,059003.000150,059003.000309,0.3497,3B,0.6243,9876.126,0
-9.7,56419.6005,0.1274,2936.83,059003.000165,059003.000312,0.0041,2A,0.5979,2625.092,0
-9.7,56002.349,0.1255,945.05,059003.000123,059003.000296,0.2525,3B,0.5081,1759.002,0
-9.7,55854.0054,0.1248,1866.32,059003.000268,059003.000572,0.1613,2A,0.633,1869.545,0
-9.7,55790.7241,0.1245,928.12,059003.000100,059003.000287,-0.4217,4B,0.6953,377.968,0
-9.7,55638.2654,0.1239,916.03,059003.000115,059003.000445,0.2502,3B,0.4973,2831.965,0
-9.7,55519.9749,0.1233,9067.16,059003.000161,059003.000311,-0.5559,5A,0.5652,6513.499,0
-9.7,55485.304,0.1232,904.0,059003.000041,059003.000243,-0.0312,2B,0.688,2599.094,0
-9.7,54994.8658,0.242,8660.42,059003.000226,059003.000566,-0.5301,3D,1.9023,493.395,0
-9.7,54957.7317,0.1209,8632.07,059003.000115,059003.000292,-0.0339,2B,0.3449,21479.783,0
-9.7,54613.408,0.1193,837.18,059003.000256,059003.000568,0.4233,4A,0.59,1279.966,0
-9.7,54465.5467,0.1187,1652.29,059003.000078,059003.000275,-0.182,2B,1.24,257.731,0
-9.7,54442.565,0.1186,5771.08,059003.000129,059003.000297,1.3604,5A,0.6879,4130.073,0
-9.7,54391.4034,0.1184,41032.37,059003.000041,059003.000235,0.1483,2B,0.5662,20889.365,0
-9.7,54299.4284,0.118,1627.71,059003.000069,059003.000269,0.075,2C,1.442,162.382,0
-9.7,53873.1482,0.2323,7828.13,059003.000081,059003.000272,-0.4637,2A,0.4197,6366.398,0
-9.7,53842.5974,0.116,780.62,059003.000089,059003.000278,0.4083,4D,2.0418,35.57,0
-9.7,53834.4454,0.116,7800.3,059003.000200,059003.000564,0.3815,4B,0.652,2195.255,0
-9.7,53553.3978,0.1148,3799.99,059003.000128,059003.000293,0.2879,3A,0.4409,2780.443,0
-9.7,53376.4199,0.114,1495.09,059003.000202,059003.000564,-0.3202,3G,0.4908,6778.873,0
-9.7,53367.1897,0.114,3734.49,059003.000126,059003.000445,0.3283,3B,0.3502,9897.336,0
-9.7,53352.18,0.1139,14916.97,059003.000064,059003.000262,-0.2,2B,0.361,38144.428,0
-9.7,53225.4233,0.1134,14740.33,059003.000130,059003.000293,0.3706,4B,0.363,5467.257,0
-9.7,53187.8415,0.1132,2937.64,059003.000146,059003.000304,0.0855,2A,0.6146,2693.04,0
-9.7,53165.6359,0.1131,7328.73,059003.000054,059003.000254,-0.0923,2G,0.4724,44742.903,0
-9.7,53088.1648,0.1128,1455.05,059003.000087,059003.000275,-0.0154,2G,0.3796,26275.507,0
-9.7,53088.1648,0.1128,1455.05,059003.000041,059003.000224,0.2295,3G,0.3281,21033.39,0
-9.7,53065.8984,0.1127,725.99,059003.000193,059003.000548,0.1435,2B,0.5419,252.388,0
-9.7,53050.468,0.1126,2174.79,059003.000099,059003.000442,0.3323,3B,0.406,5828.624,0
-9.7,53008.8616,0.1124,722.07,059003.000083,059003.000436,0.0297,2G,0.4277,7320.765,0
-9.7,53000.9899,0.1124,3607.67,059003.000050,059003.000246,-0.089,2B,1.4503,6422.532,0
-9.7,52990.3118,0.1124,2883.21,059003.000141,059003.000452,0.457,5G,0.5522,726.248,0
-9.7,52778.6302,0.1115,2119.17,059003.000049,059003.000241,0.0056,2B,0.4226,5980.975,0
-9.7,52756.6844,0.1114,704.9,059003.000097,059003.000440,-0.192,2G,0.4059,5016.764,0
-9.7,52756.6844,0.1114,704.9,059003.000123,059003.000289,0.1168,2B,0.4946,2189.214,0
-9.7,52676.785,0.2221,3497.58,059003.000045,059003.000235,-0.4453,3G,0.5332,26938.339,0
-9.7,52461.1814,0.2203,13702.06,059003.000054,059003.000249,0.2022,2B,0.5815,7021.304,0
-9.7,52083.426,0.1085,660.29,059003.000095,059003.000275,0.1332,2B,1.1305,786.887,0
-9.7,52025.856,0.1083,32827.68,059003.000085,059003.000270,0.0784,2B,0.4501,14168.534,0
-9.7,51887.5627,0.1077,1942.92,059003.000112,059003.000279,0.1643,2B,1.4986,1250.296,0
-9.7,51767.0736,0.1072,639.93,059003.000083,059003.000267,-0.3455,4A,0.5527,395.632,0
-9.7,51662.1396,0.1068,633.27,059003.000075,059003.000264,0.4182,4B,0.3711,1513.26,0
-9.7,51630.4397,0.1067,1893.78,059003.000145,059003.000452,-0.1283,2B,0.519,912.195,0
-9.7,51514.0348,0.1062,3119.66,059003.000105,059003.000438,0.0651,2G,0.5133,11822.52,0
-9.7,51511.9937,0.1062,1247.61,059003.000042,059003.000219,0.2698,3A,0.6093,2217.24,0
-9.7,51503.5002,0.1061,1246.54,059003.000042,059003.000218,-0.0428,2G,0.4436,30834.835,0
-9.7,51485.2218,0.1061,1244.25,059003.000111,059003.000442,-0.0107,2C,0.7339,189.985,0
-9.7,51449.3411,0.1059,6198.8,059003.000099,059003.000272,-0.1692,2B,0.4413,10685.676,0
-9.7,51354.006,0.1055,613.94,059003.000239,059003.000565,-0.7726,5B,0.3891,1127.622,0
-9.7,51164.9656,0.1048,1204.53,059003.000148,059003.000452,-0.2733,3G,0.5382,25724.465,0
-9.7,50991.5838,0.104,5916.78,059003.000241,059003.000565,0.2103,3A,0.5378,3973.557,0
-9.7,50947.8405,0.1039,5890.25,059003.000104,059003.000273,0.1918,2D,2.3048,3887.903,0
-9.7,50797.451,0.1033,23198.45,059003.000114,059003.000442,-0.2691,3A,0.3976,31458.504,0
-9.7,50765.4311,0.1031,5780.43,059003.000282,059003.000572,0.0244,2G,0.5625,980.029,0
-9.7,50749.3781,0.1031,577.08,059003.000060,059003.000244,0.2645,3G,0.404,6424.08,0
-9.7,50678.2103,0.1028,5728.37,059003.000072,059003.000257,-0.2324,3D,2.003,467.689,0
-9.7,50503.2076,0.1021,11249.57,059003.000106,059003.000272,-0.0025,2B,1.4609,1688.838,0
-9.7,50501.8585,0.2041,2812.0,059003.000161,059003.000305,-0.1379,2G,0.5402,28139.901,0
-9.7,50458.416,0.1019,1119.69,059003.000220,059003.000564,-0.0387,2A,0.4564,873.147,0
-9.7,50433.4943,0.1018,558.39,059003.000091,059003.000269,-0.0234,2C,0.7194,3309.22,0
-9.7,50387.1769,0.1016,27783.8,059003.000041,059003.000208,-0.1466,2A,0.5792,22281.332,0
-9.7,50384.6873,0.2032,1111.06,059003.000083,059003.000265,-0.1244,2B,0.4464,398.082,0
-9.7,50367.547,0.1015,554.53,059003.000083,059003.000264,-0.3414,4B,0.5415,213.539,0
-9.7,50215.0821,0.1009,545.68,059003.000101,059003.000271,0.3573,4D,1.7157,193.923,0
-9.7,50089.9217,0.2008,2692.41,059003.000080,059003.000259,0.0321,2A,0.4818,2579.255,0
-9.7,49995.424,0.1,53308.73,059003.000046,059003.000218,0.2114,3B,0.4646,121841.429,0
-9.7,49978.7496,0.1,10642.78,059003.000084,059003.000263,-0.0966,2G,0.4782,2451.223,0
-9.7,49838.9618,0.0994,5242.29,059003.000084,059003.000262,-0.2344,3B,0.5205,12508.2,0
-9.7,49645.274,0.0986,2566.96,059003.000104,059003.000270,0.0595,2B,0.5442,4757.113,0
-9.7,49611.5155,0.0985,10230.33,059003.000060,059003.000235,-0.2739,3D,2.4469,5719.441,0
-9.7,49476.1916,0.098,5040.46,059003.000112,059003.000273,-0.2419,3A,0.5334,8141.281,0
-9.7,49445.6224,0.0978,502.37,059003.000152,059003.000302,-0.2609,3A,0.5478,415.472,0
-9.7,49401.1239,0.0977,4999.32,059003.000148,059003.000448,0.017,2G,0.5173,36141.33,0
-9.7,49325.5592,0.0974,4958.12,059003.000269,059003.000567,-0.3332,4B,0.5468,1859.003,0
-9.7,49255.8979,0.0971,3444.23,059003.000045,059003.000212,0.0645,2G,0.3762,40179.975,0
-9.7,49216.1011,0.0969,195952.7,059003.000041,059003.000202,0.0035,2A,0.3906,225440.988,0
-9.7,49173.6846,0.1935,97519.17,059003.000062,059003.000235,0.4085,3B,0.6219,26744.49,0
-9.7,49103.7273,0.0965,483.84,059003.000073,059003.000249,0.2688,3B,1.2793,938.598,0
-9.7,48848.1473,0.0955,4702.76,059003.000119,059003.000438,0.0671,2G,0.4317,1006.014,0
-9.7,48833.4753,0.0954,37560.41,059003.000076,059003.000254,0.0916,2A,0.5053,30234.121,0
-9.7,48756.8226,0.0951,93097.76,059003.000049,059003.000214,-0.1539,2A,0.5777,98438.571,0
-9.7,48671.8095,0.0948,92211.99,059003.000075,059003.000250,-0.1141,2G,0.5704,13275.132,0
-9.7,48671.8095,0.0948,92211.99,059003.000072,059003.000244,-0.0491,2A,0.4199,79732.832,0
-9.7,48610.1998,0.0946,2289.34,059003.000059,059003.000226,0.0728,2E,2.4043,135999.213,0
-9.7,48603.7948,0.0945,4575.36,059003.000114,059003.000437,0.1303,2A,0.559,6710.085,0
-9.7,48603.7948,0.0945,4575.36,059003.000151,059003.000300,0.7735,5G,0.3721,19806.929,0
-9.7,48572.4066,0.0944,4559.16,059003.000108,059003.000268,-0.2455,3A,0.5289,4084.45,0
-9.7,48532.716,0.0943,453.87,059003.000121,059003.000438,-0.351,4B,1.175,388.736,0
-9.7,48519.0063,0.0942,4531.67,059003.000123,059003.000439,-0.1456,2G,0.4987,14980.455,0
-9.7,48449.492,0.0939,449.6,059003.000089,059003.000260,-0.0428,2G,0.6553,3371.669,0
-9.7,48412.2997,0.0938,2238.53,059003.000152,059003.000447,0.0702,2B,0.4359,1108.739,0
-9.7,48291.5923,0.0933,22079.01,059003.000050,059003.000212,-0.0173,2B,0.5819,43000.756,0
-9.7,48239.3401,0.0931,6584.18,059003.000106,059003.000266,-0.229,3E,3.6102,14.44,0
-9.7,48128.8566,0.0927,1300.22,059003.000076,059003.000249,0.222,3D,2.3955,54.422,0
-9.7,48002.3626,0.0922,1281.36,059003.000042,059003.000199,-0.2937,4D,2.3476,11660.311,0
-9.7,48002.3626,0.0922,1281.36,059003.000095,059003.000261,0.2941,4B,0.5913,3613.112,0
-9.7,47853.084,0.0916,2098.88,059003.000095,059003.000259,-0.0862,2B,0.5422,3621.298,0
-9.7,47779.8187,0.0914,4162.02,059003.000155,059003.000300,-0.6133,5G,0.403,585.244,0
-9.7,47779.8187,0.0914,4162.02,059003.000151,059003.000296,0.1908,3B,0.5441,1663.512,0
-9.7,47724.0694,0.0911,8269.91,059003.000063,059003.000224,0.0493,2D,1.7656,825.71,0
-9.7,47682.3156,0.091,2468.85,059003.000045,059003.000203,0.0636,2G,0.5888,10132.98,0
-9.7,47671.014,0.0909,8218.6,059003.000060,059003.000221,0.0057,2B,1.1942,8685.612,0
-9.7,47622.911,0.0908,81722.63,059003.000130,059003.000278,0.2388,3G,0.4171,25577.489,0
-9.7,47566.8221,0.0905,4059.22,059003.000152,059003.000295,0.2301,3B,1.2262,609.844,0
-9.7,47222.7404,0.0669,76645.76,059003.000066,059003.000226,0.1208,2A,0.6556,110852.756,0
-9.7,46706.4005,0.0655,44839.86,059003.000074,059003.000232,0.1619,3G,0.4558,11987.653,0
-9.7,46211.8494,0.1496,226967.74,059003.000166,059003.000301,-0.3146,3B,0.5242,126239.287,0
-9.7,45899.7807,0.0633,131098.46,059003.000126,059003.000436,-0.0087,2G,0.4075,37933.933,0
-9.7,45695.5308,0.1463,111767.67,059003.000093,059003.000251,0.0296,2A,0.3885,133386.031,0
-9.7,45617.1902,0.0625,17563.93,059003.000132,059003.000439,-0.2034,4B,0.6701,47011.507,0
-9.7,45555.8495,0.1454,134309.57,059003.000069,059003.000219,-0.1869,2A,0.4561,179298.849,0
-9.7,45523.1405,0.0622,16394.75,059003.000128,059003.000271,-0.1612,3B,0.4662,6632.757,0
-9.7,45504.3807,0.0622,32349.28,059003.000070,059003.000219,-0.2628,5D,1.6862,10753.942,0
-9.7,45487.4604,0.1449,159796.7,059003.000097,059003.000251,-0.0107,2B,0.4726,62002.58,0
-9.7,45304.7196,0.0616,84430.91,059003.000046,059003.000196,-0.1169,2B,0.8125,305543.37,0
-9.7,45253.9606,0.0615,13600.36,059003.000132,059003.000277,0.077,2G,0.3583,99662.492,0
-9.7,45146.6508,0.0612,63386.16,059003.000115,059003.000262,-0.078,2B,0.5113,25071.59,0
-9.7,45073.631,0.061,108914.04,059003.000079,059003.000227,0.0074,2B,0.8642,59044.318,0
-9.7,45012.7098,0.0608,11651.04,059003.000063,059003.000207,-0.0547,2A,0.523,18077.35,0
-9.7,44955.83,0.1416,112532.22,059003.000099,059003.000248,-0.2468,2B,1.1192,31078.937,0
-9.7,44927.2104,0.0606,22121.92,059003.000069,059003.000215,0.1137,2A,0.6287,38030.397,0
-9.7,44917.051,0.0606,76957.6,059003.000076,059003.000432,-0.4082,5C,1.2108,7643.267,0
-9.7,44917.051,0.0606,76957.6,059003.000089,059003.000240,-0.0529,2B,0.5166,27853.381,0
-9.7,44905.1694,0.0605,65498.2,059003.000164,059003.000296,-0.1414,3B,0.4576,128121.89,0
-9.7,44896.791,0.1412,32586.54,059003.000050,059003.000197,0.2204,2B,0.9301,11057.156,0
-9.7,44896.1098,0.0605,76004.54,059003.000106,059003.000255,0.2016,4A,0.362,62420.052,0
-9.7,44888.5694,0.0605,64856.48,059003.000126,059003.000268,0.1318,3G,0.5946,17393.633,0
-9.7,44798.4198,0.0603,10256.51,059003.000095,059003.000243,-0.0189,2D,1.665,810.23,0
-9.7,44702.8305,0.06,9718.27,059003.000175,059003.000449,-0.2742,5B,0.3958,4073.641,0
-9.7,44702.8305,0.06,9718.27,059003.000200,059003.000550,0.5732,5B,0.6809,2698.468,0
-9.7,44698.5907,0.06,9695.47,059003.000165,059003.000295,-0.1007,2C,1.4824,441.873,0
-9.7,44686.7602,0.06,28896.93,059003.000079,059003.000223,-0.023,2G,0.665,262553.011,0
-9.7,44642.8408,0.1396,9403.68,059003.000050,059003.000196,-0.0593,2C,0.7733,96246.916,0
-9.7,44606.9192,0.0597,46116.54,059003.000147,059003.000287,0.1302,3G,0.5247,10635.336,0
-9.7,44599.61,0.0597,18374.64,059003.000176,059003.000449,0.1722,3B,0.6193,5387.733,0
-9.7,44549.9809,1.1401,8949.09,059003.000075,059003.000219,0.0421,2B,0.4695,5005.425,0
-9.7,44504.8298,0.0595,61189.51,059003.000105,059003.000249,0.0434,2B,0.3543,35450.812,0
-9.7,44377.4992,0.0591,49190.67,059003.000053,059003.000198,-0.0253,2A,0.4644,76092.75,0
-9.7,44374.6796,0.0591,65496.8,059003.000108,059003.000252,0.1139,2B,0.4283,24408.129,0
-9.7,44346.4003,0.059,8074.85,059003.000154,059003.000291,0.0992,2G,0.5604,142689.537,0
-9.7,44321.1097,0.059,47860.7,059003.000156,059003.000291,0.1283,3A,0.5773,30126.195,0
-9.7,44215.1,0.0587,7588.45,059003.000098,059003.000240,-0.2469,5A,0.4715,11738.077,0
-9.7,44204.7508,0.0587,52866.95,059003.000105,059003.000435,-0.1554,3B,0.7319,30139.102,0
-9.7,44178.2193,0.0586,7461.5,059003.000062,059003.000203,-0.0785,2G,0.5747,61601.637,0
-9.7,44104.5511,0.0584,36098.38,059003.000108,059003.000251,0.0325,2G,0.3736,133026.609,0
-9.7,44085.3504,0.0583,7159.12,059003.000211,059003.000347,-0.0381,2A,0.606,4295.603,0
-9.7,44081.8503,0.0583,7148.19,059003.000101,059003.000433,-0.0372,2B,0.7143,21601.765,0
-9.7,44081.8503,0.0583,7148.19,059003.000121,059003.000261,0.0324,2G,0.4604,28994.131,0
-9.7,44012.7591,0.0581,55511.43,059003.000100,059003.000240,0.0807,2B,0.5289,125403.416,0
-9.7,44000.3905,0.0581,62124.75,059003.000064,059003.000203,-0.0489,2B,0.542,110119.055,0
-9.7,44000.3905,0.0581,62124.75,059003.000080,059003.000221,0.0935,2G,0.4522,15737.901,0
-9.7,43978.3593,0.0581,61553.17,059003.000171,059003.000297,-0.3266,5G,0.4675,380140.46,0
-9.7,43967.7309,0.058,61281.22,059003.000178,059003.000301,-0.076,2G,0.4701,434272.568,0
-9.7,43895.7194,0.0578,26445.2,059003.000073,059003.000211,-0.1208,3B,0.5159,49970.398,0
-9.7,43893.8812,0.0578,52851.26,059003.000072,059003.000210,0.1503,3B,0.4678,19064.841,0
-9.7,43886.4609,0.0578,32933.69,059003.000158,059003.000290,-0.1922,4B,0.6016,12188.178,0
-9.7,43882.7291,0.1349,32884.47,059003.000152,059003.000287,0.2982,3A,0.5256,53997.92,0
-9.7,43876.1909,0.0578,6559.72,059003.000081,059003.000221,0.0868,2C,0.6994,1069.633,0
-9.7,43818.7296,0.0576,6412.77,059003.000201,059003.000547,0.0936,2G,0.6358,31006.674,0
-9.7,43747.8498,0.1341,62409.95,059003.000097,059003.000237,-0.1638,2G,0.6492,13838.919,0
-9.7,43731.0005,0.0574,6201.64,059003.000060,059003.000199,-0.1718,3B,0.5303,17939.717,0
-9.7,43718.831,0.0574,37041.33,059003.000154,059003.000289,-0.1735,4B,0.4326,99209.989,0
-9.7,43687.0305,0.0573,6101.5,059003.000083,059003.000221,0.1563,3A,0.4797,9012.182,0
-9.7,43631.1096,0.0572,5979.33,059003.000089,059003.000229,0.1906,4B,0.3844,11855.057,0
-9.7,43596.2592,0.1331,47248.16,059003.000045,059003.000194,0.0394,2B,0.7014,70154.671,0
-9.7,43589.62,0.057,47138.34,059003.000114,059003.000255,-0.1729,4G,0.5344,9570.055,0
-9.7,43567.6504,0.057,29237.01,059003.000111,059003.000249,-0.0059,2B,0.5084,54017.882,0
-9.7,43567.6504,0.057,29237.01,059003.000151,059003.000286,0.0305,2G,0.3428,154668.116,0
-9.7,43561.2504,0.057,5834.48,059003.000080,059003.000218,-0.0973,2G,0.5758,43627.295,0
-9.7,43561.2504,0.057,5834.48,059003.000091,059003.000230,-0.0263,2G,0.4155,70386.989,0
-9.7,43554.9892,0.057,46575.2,059003.000099,059003.000237,-0.0284,2C,0.7074,6927.731,0
-9.7,43551.0396,0.1329,52326.0,059003.000076,059003.000216,-0.0974,2B,1.5814,6528.911,0
-9.7,43504.9693,0.0568,5723.73,059003.000063,059003.000201,-0.1023,2G,0.5066,50764.767,0
-9.7,43486.3396,0.0568,5688.19,059003.000098,059003.000235,-0.085,2A,0.6177,6482.13,0
-9.7,43459.4294,0.0567,5637.82,059003.000215,059003.000558,0.0481,2B,0.6704,2053.532,0
-9.7,43407.2897,0.0566,5543.34,059003.000177,059003.000300,-0.1384,3G,0.4852,39806.076,0
-9.7,43406.1792,0.0566,38789.61,059003.000211,059003.000554,0.1689,3A,0.5913,34104.217,0
-9.7,43400.461,0.132,27656.33,059003.000105,059003.000239,-0.1891,2B,0.4352,16631.79,0
-9.7,43397.7698,0.0565,5526.53,059003.000081,059003.000217,-0.0513,2B,1.4163,2971.704,0
-9.7,43396.2801,1.0198,38667.35,059003.000063,059003.000200,1.4215,2G,0.4625,259707.051,0
-9.7,43382.1898,0.0565,38495.04,059003.000197,059003.000333,-0.3232,5A,0.6106,52542.843,0
-9.7,43355.2908,0.0564,5453.09,059003.000165,059003.000445,-0.0983,2A,0.5542,3396.431,0
-9.7,43306.2396,0.0563,5371.42,059003.000057,059003.000197,-0.0668,2G,0.7502,127407.888,0
-9.7,43275.2397,0.0562,5321.49,059003.000089,059003.000228,0.0605,2G,0.4093,81043.223,0
-9.7,43248.0412,0.0562,5278.72,059003.000069,059003.000205,-0.1203,3G,0.5454,99471.582,0
-9.7,43205.2294,0.056,36493.17,059003.000099,059003.000234,0.0128,2G,0.478,7635.25,0
-9.7,43194.8212,0.056,31186.52,059003.000131,059003.000266,0.0355,2A,0.3644,23832.14,0
-9.7,43191.1811,0.056,15577.03,059003.000098,059003.000233,-0.025,2B,1.4933,2041.386,0
-9.7,43173.9604,0.056,5166.97,059003.000148,059003.000281,-0.1876,4B,1.0933,1940.424,0
-9.7,43168.46,0.0559,5158.94,059003.000215,059003.000557,-0.4187,5A,0.677,4243.056,0
-9.7,43134.9201,0.0559,5110.77,059003.000111,059003.000247,0.1078,2A,0.617,7457.725,0
-9.7,43124.7002,0.0558,25481.77,059003.000539,059003.000207,0.0087,2G,0.5195,156887.624,0
-9.7,43114.84,0.0558,50825.61,059003.000064,059003.000199,0.0394,2B,0.5764,92334.646,0
-9.7,43110.9112,0.0558,50770.96,059003.000084,059003.000219,0.2269,5B,0.3721,144820.577,0
-9.7,43102.5102,0.0558,50654.69,059003.000132,059003.000269,-0.0077,2B,0.4186,20331.387,0
-9.7,43102.5102,0.0558,50654.69,059003.000084,059003.000218,0.0066,2B,0.7164,188796.665,0
-9.7,43055.9706,0.0557,5002.5,059003.000112,059003.000250,0.0459,2A,0.4991,5024.505,0
-9.7,42987.559,0.0555,9828.44,059003.000215,059003.000555,0.3174,5G,0.588,1836.106,0
-9.7,42966.981,0.0554,34220.41,059003.000159,059003.000288,0.1773,4G,0.5405,7329.249,0
-9.7,42922.191,0.1291,48344.11,059003.000111,059003.000243,0.2304,2B,0.4938,83823.67,0
-9.7,42917.5498,0.0553,28973.44,059003.000075,059003.000208,-0.0069,2G,0.3861,95031.479,0
-9.7,42914.659,0.0553,28952.94,059003.000194,059003.000319,0.1675,4B,0.6272,59498.293,0
-9.7,42881.4901,0.0552,23934.28,059003.000070,059003.000203,0.2754,5B,1.2859,5891.527,0
-9.7,42861.9203,0.0552,19058.23,059003.000216,059003.000556,-0.1334,3A,0.6081,32989.88,0
-9.7,42856.4212,0.0551,4758.36,059003.000135,059003.000270,-0.0244,2G,0.4453,1252.075,0
-9.7,42787.7209,0.055,28099.35,059003.000091,059003.000225,-0.0449,2B,1.6035,5157.327,0
-9.7,42768.5307,0.0549,9325.99,059003.000087,059003.000221,0.0659,2G,0.5285,253812.987,0
-9.7,42745.4099,0.0549,13917.14,059003.000112,059003.000435,0.0247,2A,0.5117,14761.074,0
-9.7,42716.5596,0.0548,32268.65,059003.000089,059003.000432,-0.2222,5D,1.8563,1412.584,0
-9.7,42700.9505,0.0547,9188.56,059003.000082,059003.000215,0.0423,2G,0.4845,34724.205,0
-9.7,42537.1498,0.0543,13329.03,059003.000211,059003.000550,-0.4688,5A,0.608,8345.477,0
-9.7,42529.4708,0.0543,39927.76,059003.000115,059003.000249,-0.0714,2G,0.692,7165.01,0
-9.7,42470.0801,0.0542,17547.41,059003.000156,059003.000284,0.0413,2B,0.6135,8942.231,0
-9.7,42452.4509,0.0541,13117.84,059003.000087,059003.000220,0.0771,2B,0.6479,43691.702,0
-9.7,42400.9709,0.054,12996.69,059003.000095,059003.000224,-0.0678,2B,0.3693,20803.878,0
-9.7,42392.8604,0.054,12978.09,059003.000175,059003.000293,-0.342,5G,0.5534,2543.123,0
-9.7,42344.9897,0.1256,21451.42,059003.000205,059003.000337,0.1991,2B,0.692,55678.233,0
-9.7,42319.6891,0.0538,21359.87,059003.000085,059003.000216,0.1433,3A,0.6444,21563.123,0
-9.7,42283.2611,0.1252,4246.3,059003.000168,059003.000292,-0.401,4A,0.6724,6144.026,0
-9.7,42282.7609,0.1252,4245.95,059003.000097,059003.000224,0.301,3G,0.4795,68639.842,0
-9.7,42258.8009,0.0536,29606.53,059003.000106,059003.000234,-0.1154,3B,0.9162,17037.603,0
-9.7,42251.4601,0.0536,42245.32,059003.000195,059003.000315,-0.0322,2B,0.5246,124968.632,0
-9.7,42228.7109,0.0535,4209.32,059003.000121,059003.000254,0.0783,2B,0.4757,1922.592,0
-9.7,42202.73,0.0535,25153.87,059003.000166,059003.000291,-0.1872,4G,0.3524,414805.165,0
-9.7,42180.5192,0.0534,8356.14,059003.000159,059003.000444,-0.1873,4G,0.5033,32494.232,0
-9.7,42072.2408,0.0531,20562.11,059003.000078,059003.000207,0.0217,2G,0.484,88464.674,0
-9.7,42012.4208,0.1236,40787.13,059003.000053,059003.000194,-0.2989,3G,0.519,324015.762,0
-9.7,41968.8092,0.0529,8110.44,059003.000207,059003.000544,0.0081,2G,0.4928,1938.078,0
-9.7,41767.6403,0.0524,23746.09,059003.000209,059003.000545,0.0725,2B,0.4787,7830.229,0
-9.7,41748.2707,0.0523,27644.12,059003.000112,059003.000238,-0.0309,2A,0.3961,22177.756,0
-9.7,41659.8092,0.0521,3912.0,059003.000054,059003.000195,0.0294,2B,0.905,13313.959,0
-9.7,41534.6194,0.0518,27047.94,059003.000121,059003.000250,0.0762,2D,2.3819,855.713,0
-9.7,41516.3291,0.0517,3857.39,059003.000085,059003.000210,-0.1351,3G,0.5143,58164.539,0
-9.7,41485.5604,0.0517,3846.51,059003.000220,059003.000553,-0.0719,2C,0.7593,529.671,0
-9.7,41464.0991,0.1204,7678.18,059003.000112,059003.000236,-0.2197,2B,0.4036,2835.474,0
-9.7,41447.5505,0.0516,15333.81,059003.000095,059003.000220,0.0641,2D,1.8318,1085.577,0
-9.7,41288.8893,0.0512,3783.03,059003.000075,059003.000200,-0.1178,3C,0.8237,32342.598,0
-9.7,41241.2292,0.0511,11307.12,059003.000087,059003.000211,-0.1741,4B,0.4397,19699.94,0
-9.7,41232.6811,0.051,3766.58,059003.000115,059003.000238,0.1025,3B,1.4911,17618.601,0
-9.7,41218.2605,0.119,22574.83,059003.000096,059003.000219,-0.1329,2B,0.9,9060.524,0
-9.7,41204.19,0.051,3758.5,059003.000256,059003.000562,0.0102,2C,0.7072,647.833,0
-9.7,41201.2192,0.051,3757.67,059003.000176,059003.000292,0.0728,2B,0.397,2453.926,0
-9.7,41126.4013,0.0508,11211.7,059003.000191,059003.000308,-0.0353,2G,0.5527,3190.937,0
-9.7,41010.8402,0.0505,29660.27,059003.000221,059003.000550,0.283,5B,0.5585,11453.767,0
-9.7,41000.9299,0.0505,18525.4,059003.000196,059003.000320,0.0992,2A,0.6104,24011.517,0
-9.7,40835.9602,0.0501,29327.41,059003.000104,059003.000221,0.0366,2G,0.5183,98999.87,0
-9.7,40771.2807,0.0499,7302.54,059003.000093,059003.000214,0.0744,2B,0.765,5314.783,0
-9.7,40717.8206,0.0498,36393.61,059003.000129,059003.000256,-0.0012,2B,0.6717,11806.866,0
-9.7,40705.3499,0.0497,7273.21,059003.000087,059003.000208,0.0356,2B,1.0107,7711.298,0
-9.7,40686.7012,0.0497,3632.49,059003.000239,059003.000348,0.051,2A,0.6017,4020.347,0
-9.7,40639.8411,0.0496,28977.7,059003.000114,059003.000230,-0.0534,2A,0.4148,26156.475,0
-9.7,40638.2212,0.0496,25353.0,059003.000165,059003.000285,0.0072,2E,2.3119,286.546,0
-9.7,40629.8493,0.0496,21720.17,059003.000179,059003.000302,0.3126,5B,0.4025,62569.53,0
-9.7,40592.5112,0.0495,36118.78,059003.000166,059003.000443,-0.0003,2D,2.2753,852.854,0
-9.7,40547.1701,0.0494,3601.99,059003.000160,059003.000281,-0.1566,4B,0.8106,6603.206,0
-9.7,40530.9894,0.0493,21590.79,059003.000060,059003.000194,0.2106,5G,0.3606,5096.86,0
-9.7,40445.0296,0.0491,28637.03,059003.000231,059003.000346,-0.0798,2G,0.5927,4883.48,0
-9.7,40393.2389,0.17,3568.15,059003.000134,059003.000259,0.2745,2B,0.4796,1198.409,0
-9.7,40373.3904,0.1142,3563.72,059003.000224,059003.000550,0.2945,3B,0.6447,7961.329,0
-9.7,40370.8491,0.0489,7126.29,059003.000167,059003.000286,-0.0186,2A,0.3777,9485.91,0
-9.7,40345.0414,0.0489,3557.34,059003.000135,059003.000262,0.1434,3G,0.5473,47187.569,0
-9.7,40296.679,0.1138,17731.59,059003.000151,059003.000439,-0.0042,2G,0.5605,2453.733,0
-9.7,40296.679,0.1138,17731.59,059003.000237,059003.000558,0.0209,2A,0.6061,14534.984,0
-9.7,40273.3091,0.0487,3540.92,059003.000198,059003.000317,-0.202,5A,0.6857,3959.629,0
-9.7,40268.3898,0.1136,3539.78,059003.000123,059003.000239,0.2417,3A,0.5906,2603.96,0
-9.7,40250.5493,0.0486,14142.48,059003.000226,059003.000552,-0.1917,4B,0.7876,53509.141,0
-9.7,40232.5102,0.0486,10594.14,059003.000115,059003.000229,0.0063,2B,0.8192,6876.821,0
-9.7,40224.4299,0.0486,3529.47,059003.000231,059003.000345,-0.0146,2B,0.5017,1455.37,0
-9.7,40189.6494,0.0485,17605.81,059003.000106,059003.000220,0.0381,2G,0.4683,4412.641,0
-9.7,40184.9296,0.0485,17600.12,059003.000244,059003.000348,-0.0358,2A,0.5907,20809.324,0
-9.7,40140.9097,0.1129,17546.36,059003.000141,059003.000268,0.0241,2G,0.4497,4842.628,0
-9.7,40066.1501,0.0482,3490.39,059003.000229,059003.000344,-0.0336,2G,0.5147,630.651,0
-9.7,40065.2313,0.0482,10470.46,059003.000175,059003.000288,-0.1341,3A,0.5186,8202.404,0
-9.7,40060.7015,0.0482,10466.95,059003.000201,059003.000542,0.0651,2G,0.603,43056.785,0
-9.7,40015.3513,0.0481,3477.06,059003.000247,059003.000348,-0.0065,2B,0.7265,8442.825,0
-9.7,39995.2208,0.048,3471.65,059003.000083,059003.000200,0.0467,2B,0.4991,9170.406,0
-9.7,39978.7594,0.048,34671.78,059003.000188,059003.000307,-0.0012,2G,0.4775,8426.914,0
-9.7,39945.9306,0.0479,6916.2,059003.000108,059003.000220,-0.0245,2B,1.119,15163.608,0
-9.7,39944.1599,0.0479,3457.6,059003.000144,059003.000271,0.3802,5E,2.3904,48.996,0
-9.7,39933.1604,0.0479,3454.51,059003.000151,059003.000277,-0.0128,2G,0.416,34181.713,0
-9.7,39900.9507,0.0478,10335.93,059003.000204,059003.000324,-0.0534,2G,0.5086,3011.53,0
-9.7,39899.1389,0.0478,3444.79,059003.000237,059003.000346,0.0401,2E,2.7935,25.641,0
-9.7,39894.169,0.0478,3443.35,059003.000154,059003.000441,-1.0265,5B,1.1031,1479.11,0
-9.7,39892.7308,0.0478,3442.93,059003.000231,059003.000344,0.0331,2G,0.4169,912.873,0
-9.7,39874.859,0.0477,3437.7,059003.000132,059003.000257,0.2002,5B,0.7599,1337.098,0
-9.7,39775.8115,0.0475,13629.57,059003.000237,059003.000554,-0.1222,3B,0.8328,4742.215,0
-9.7,39748.27,0.0474,6797.08,059003.000210,059003.000331,0.0,2G,0.5794,52342.163,0
-9.7,39615.1613,0.0471,3352.89,059003.000234,059003.000343,-0.0257,2G,0.5642,616.649,0
-9.7,39612.4306,0.0471,16759.52,059003.000231,059003.000553,-0.1063,3B,0.6797,7355.401,0
-9.7,39601.4105,0.1099,20087.33,059003.000084,059003.000199,-0.2064,2B,0.8412,14880.127,0
-9.7,39586.2287,0.047,16711.49,059003.000250,059003.000560,0.0132,2E,1.9187,325.613,0
-9.7,39542.1112,0.1095,3325.65,059003.000119,059003.000229,0.2526,3B,0.5478,6638.289,0
-9.7,39532.8813,0.0469,9966.26,059003.000239,059003.000557,0.1313,3G,0.5904,55274.875,0
-9.7,39524.0313,0.0469,23230.53,059003.000233,059003.000553,0.0525,2E,2.2683,234.67,0
-9.7,39523.5803,0.0469,13273.89,059003.000243,059003.000347,0.1145,3E,2.6989,127.759,0
-9.7,39493.8888,0.0468,13226.96,059003.000088,059003.000203,0.0362,2G,0.5342,89038.901,0
-9.7,39489.0003,0.0468,3304.78,059003.000127,059003.000244,-0.0567,2G,0.5832,556.791,0
-9.7,39486.3495,0.0468,3303.72,059003.000115,059003.000224,-0.0972,3B,0.3683,8006.147,0
-9.7,39371.0389,0.0465,19530.22,059003.000180,059003.000447,0.0999,3B,0.5938,54985.453,0
-9.7,39329.4488,0.0464,3236.32,059003.000246,059003.000347,-0.0247,2A,0.6596,3455.556,0
-9.7,39327.6198,0.1084,3235.48,059003.000148,059003.000436,-0.0017,2B,0.4247,1726.279,0
-9.7,39305.9607,0.0464,3225.47,059003.000263,059003.000561,0.1795,4G,0.6076,26418.203,0
-9.7,39183.7513,0.0461,15827.9,059003.000227,059003.000546,0.01,2G,0.5954,198278.666,0
-9.7,39176.0594,0.0461,15808.07,059003.000234,059003.000549,0.0,2B,1.1703,3360.23,0
-9.7,39170.8808,0.1075,28430.38,059003.000246,059003.000558,0.0611,2A,0.6123,23778.94,0
-9.7,39117.8292,0.0459,3130.81,059003.000153,059003.000277,-0.2133,5C,1.1904,324.519,0
-9.7,39114.3992,0.1072,6257.9,059003.000093,059003.000205,0.0138,2G,0.6115,49828.693,0
-9.7,39092.9411,0.0459,18703.31,059003.000156,059003.000277,0.1818,4A,0.4321,17178.149,0
-9.7,39042.2916,0.0458,3088.75,059003.000218,059003.000334,-0.14,4B,0.7071,2261.988,0
-9.7,38979.5312,0.0456,6103.94,059003.000223,059003.000337,0.0771,2B,0.9704,2523.85,0
-9.7,38972.4313,0.0456,12190.8,059003.000139,059003.000263,-0.0831,2G,0.5417,3029.475,0
-9.7,38964.9592,0.0456,3043.18,059003.000131,059003.000248,-0.0339,2G,0.6715,26142.676,0
-9.7,38930.68,0.0455,6044.31,059003.000433,059003.000556,0.0908,2G,0.5978,1178.77,0
-9.7,38902.3811,0.0454,18026.43,059003.000132,059003.000252,-0.1078,3E,2.2762,176.135,0
-9.7,38898.8099,0.0454,3002.14,059003.000150,059003.000437,-0.1274,3B,0.8991,776.582,0
-9.7,38886.5796,0.0454,11977.36,059003.000112,059003.000217,0.1541,4G,0.3294,3644.023,0
-9.7,38872.8594,0.0454,2985.51,059003.000255,059003.000348,-0.0054,2A,0.6447,5026.681,0
-9.7,38861.6101,0.0453,23825.68,059003.000247,059003.000557,0.1524,4A,0.6318,27584.826,0
-9.7,38792.0908,0.1054,2931.84,059003.000239,059003.000343,0.1103,2G,0.4412,18167.03,0
-9.7,38760.99,0.0451,2910.39,059003.000105,059003.000208,-0.089,2A,0.6139,5154.07,0
-9.7,38758.4197,0.0451,5817.19,059003.000155,059003.000273,0.0251,2D,2.0791,1706.04,0
-9.7,38725.0897,0.1051,5770.18,059003.000157,059003.000273,-0.0527,2D,1.7573,391.977,0
-9.7,38697.7015,0.045,2865.4,059003.000130,059003.000240,0.1145,3B,1.3448,6111.501,0
-9.7,38644.0397,0.0448,2825.84,059003.000155,059003.000272,-0.1377,4A,0.549,3498.915,0
-9.7,38607.3699,0.0448,2798.06,059003.000181,059003.000299,-0.04,2B,0.493,7376.415,0
-9.7,38594.991,0.0447,5577.1,059003.000096,059003.000203,0.0263,2G,0.6139,51637.11,0
-9.7,38546.639,0.0446,13753.67,059003.000435,059003.000555,-0.2178,5G,0.6703,3249.09,0
-9.7,38536.9597,0.0446,2743.04,059003.000185,059003.000453,-0.056,2G,0.3294,13290.646,0
-9.7,38487.0892,0.1038,24324.65,059003.000231,059003.000545,-0.2845,3B,0.5318,10968.633,0
-9.7,38473.0814,0.0444,2691.22,059003.000072,059003.000195,-0.0293,2B,0.4899,1342.912,0
-9.7,38440.9393,0.1035,2664.48,059003.000085,059003.000198,-0.1227,2B,0.9916,579.971,0
-9.7,38416.0687,0.1034,2643.47,059003.000134,059003.000252,0.1773,2C,0.8805,377.551,0
-9.7,38411.8407,0.1034,7919.63,059003.000084,059003.000196,-0.2867,3A,0.4206,7491.827,0
-9.7,38401.7003,0.0443,10524.88,059003.000214,059003.000326,0.0289,2A,0.5123,13021.545,0
-9.7,38392.1516,0.0443,2623.03,059003.000205,059003.000318,-0.1155,3A,0.5659,3614.213,0
-9.7,38278.8209,0.044,5045.79,059003.000125,059003.000229,-0.1868,5B,0.4672,1641.58,0
-9.7,38243.5418,0.0439,7471.99,059003.000152,059003.000270,-0.0092,2B,0.534,2221.68,0
-9.7,38202.2886,0.0438,7357.07,059003.000209,059003.000542,-0.0504,2A,0.6332,12766.816,0
-9.7,38193.5215,0.0438,2444.13,059003.000163,059003.000278,-0.1138,3B,0.6837,1214.174,0
-9.7,38192.0203,0.0438,9770.88,059003.000186,059003.000453,0.0872,2G,0.3272,40170.006,0
-9.7,38169.6887,0.0437,2421.63,059003.000245,059003.000343,0.0032,2G,0.4652,8280.202,0
-9.7,38117.7612,0.0436,4743.74,059003.000114,059003.000214,-0.0033,2B,1.1631,1182.579,0
-9.7,38107.0799,0.1017,2361.52,059003.000176,059003.000280,0.1699,2B,0.425,1497.597,0
-9.7,37905.1212,0.0431,6476.27,059003.000184,059003.000448,0.0004,2B,0.8298,11328.29,0
-9.7,37896.8593,0.1006,2150.21,059003.000211,059003.000322,0.2989,3B,0.8081,856.194,0
-9.7,37873.849,0.0431,2126.29,059003.000256,059003.000347,-0.0545,2G,0.6821,340.557,0
-9.7,37859.1806,0.043,16887.85,059003.000212,059003.000323,-0.0467,2B,0.6289,7570.258,0
-9.7,37823.9886,0.043,6222.09,059003.000111,059003.000208,0.0397,2D,1.9733,278.279,0
-9.7,37794.9004,0.4146,4086.54,059003.000236,059003.000544,-0.4962,2A,0.5004,2529.435,0
-9.7,37752.779,0.0428,11990.5,059003.000166,059003.000441,0.9674,5D,2.5702,1259.219,0
-9.7,37739.6302,0.0428,3968.68,059003.000148,059003.000266,0.0996,3B,0.4247,2550.14,0
-9.7,37729.7699,0.0997,15790.13,059003.000132,059003.000241,-0.025,2B,0.3983,6081.392,0
-9.7,37716.9918,0.0997,3920.07,059003.000208,059003.000318,0.2175,3A,0.6349,3196.348,0
-9.7,37705.3103,0.0427,1947.46,059003.000097,059003.000199,0.1477,4A,0.4723,2055.564,0
-9.7,37673.2108,0.0994,1912.78,059003.000130,059003.000233,-0.2354,3B,1.4135,1516.708,0
-9.7,37665.5594,0.0426,1904.5,059003.000248,059003.000553,0.0924,3E,2.0808,39.561,0
-9.7,37628.8093,0.0425,13052.02,059003.000246,059003.000548,0.0422,2C,0.7474,2562.159,0
-9.7,37609.8413,0.0425,1843.9,059003.000247,059003.000548,-0.0665,2A,0.5908,1745.566,0
-9.7,37598.1108,0.0424,3662.2,059003.000130,059003.000232,0.0562,2C,1.0886,332.706,0
-9.7,37575.3092,0.0424,1806.17,059003.000150,059003.000267,-0.0955,3B,0.6393,546.927,0
-9.7,37537.339,0.0423,3529.11,059003.000255,059003.000555,0.0114,2B,0.6058,1259.788,0
-9.7,37502.7615,0.0422,8632.85,059003.000108,059003.000204,-0.023,2B,0.4306,4286.626,0
-9.7,37408.7917,0.042,8115.71,059003.000102,059003.000201,0.1555,4C,0.7104,1599.119,0
-9.7,37365.0104,0.0419,3149.92,059003.000121,059003.000217,-0.0335,2B,0.3662,2160.942,0
-9.7,37252.8307,0.0417,10164.02,059003.000123,059003.000218,0.0524,2B,0.4757,5369.387,0
-9.7,37245.3606,0.0417,1443.86,059003.000091,059003.000197,0.0463,2G,0.6015,33293.089,0
-9.7,37243.1695,0.0416,5765.87,059003.000134,059003.000241,-0.0279,2G,0.5872,40581.139,0
-9.7,37218.8616,0.402,8490.07,059003.000229,059003.000334,-1.1023,3G,0.4226,185.984,0
-9.7,37218.8616,0.402,8490.07,059003.000139,059003.000256,-0.6829,2G,0.641,1830.586,0
-9.7,37203.0286,0.0416,4193.47,059003.000151,059003.000266,-0.0971,3B,0.4561,2476.484,0
-9.7,37181.9003,0.0969,8249.66,059003.000180,059003.000445,-0.099,2A,0.4372,12436.121,0
-9.7,37126.4898,0.5,7891.77,059003.000111,059003.000204,-1.348,3B,0.4123,4230.745,0
-9.7,37126.4898,0.5,7891.77,059003.000115,059003.000209,0.6942,2G,0.6501,1724.794,0
-9.7,36962.4885,0.0957,2285.4,059003.000167,059003.000438,0.2415,3A,0.4657,1491.91,0
-9.7,36957.4985,0.041,5687.8,059003.000217,059003.000542,0.0664,2C,0.9589,602.174,0
-9.7,36938.9296,0.041,4474.01,059003.000164,059003.000276,-0.0,2A,0.6595,4815.747,0
-9.7,36914.8588,0.0409,2187.91,059003.000141,059003.000257,-0.1103,3G,0.5842,43482.412,0
-9.7,36886.1014,0.3949,2129.77,059003.000165,059003.000275,0.0266,2G,0.4213,10604.849,0
-9.7,36869.5917,0.0952,9434.87,059003.000097,059003.000198,0.0177,2B,0.5298,2878.756,0
-9.7,36856.551,0.0408,5176.51,059003.000147,059003.000265,-0.0045,2B,0.3788,2820.808,0
-9.7,36742.9406,0.0405,4623.11,059003.000242,059003.000339,0.0,2A,0.4566,4293.931,0
-9.7,36734.81,0.0405,2750.7,059003.000153,059003.000267,0.1369,4G,0.3554,8656.94,0
-9.7,36671.11,0.0404,1714.77,059003.000216,059003.000319,-0.0929,3B,0.6137,744.316,0
-9.7,36631.9206,0.0403,821.67,059003.000123,059003.000215,-0.0988,3D,3.8597,4.785,0
-9.7,36620.4299,0.094,7302.02,059003.000082,059003.000194,0.043,2G,0.3246,1966.841,0
-9.7,36453.7397,0.0399,2674.91,059003.000231,059003.000329,0.0612,2E,1.8296,79.859,0
-9.7,36430.5601,0.0398,650.03,059003.000135,059003.000238,-0.1876,5B,1.519,1129.13,0
-9.7,36392.8394,0.0398,4341.61,059003.000172,059003.000439,0.1082,3C,0.8657,635.639,0
-9.7,36277.6101,0.0922,2637.82,059003.000258,059003.000346,0.1088,2C,1.4318,131.741,0
-9.7,36270.1589,0.0395,881.96,059003.000167,059003.000272,0.1443,4D,1.8392,44.852,0
-9.7,36268.0104,0.0395,1765.47,059003.000138,059003.000434,0.0001,2B,0.9972,413.299,0
-9.7,36220.4885,0.0394,1799.92,059003.000141,059003.000255,0.0029,2G,0.4697,22755.559,0
-9.7,36195.621,0.0393,2727.08,059003.000145,059003.000258,0.0155,2B,0.5917,856.677,0
-9.7,36002.9989,0.0389,3921.32,059003.000133,059003.000230,0.0528,2G,0.6659,18872.44,0
-9.7,35998.6,0.0389,3927.92,059003.000125,059003.000216,0.0515,2G,0.5746,19995.94,0
-9.7,35970.9308,0.3755,2977.11,059003.000127,059003.000218,-1.0717,3G,0.3,9149.705,0
-9.7,35970.9308,0.3755,2977.11,059003.000165,059003.000437,0.4938,2G,0.5547,13689.921,0
-9.7,35730.2994,0.0894,2167.78,059003.000148,059003.000258,0.023,2B,0.3896,4954.012,0
-9.7,35636.7503,0.0381,2239.77,059003.000140,059003.000249,-0.0875,3A,0.5252,3139.249,0
-9.7,35543.54,0.0379,1155.88,059003.000266,059003.000560,-0.025,2A,0.6811,850.222,0
-9.7,35368.4493,0.0376,8565.22,059003.000125,059003.000211,0.0215,2A,0.5092,12774.722,0
-9.7,35352.1083,0.0876,2459.83,059003.000153,059003.000265,0.0427,2B,0.3979,958.626,0
-9.7,35171.8912,0.0371,1299.26,059003.000455,059003.000569,-0.0372,2G,0.4422,18764.984,0
-9.7,35140.6212,0.0371,2622.43,059003.000142,059003.000248,0.0957,3D,2.5022,786.592,0
-9.7,35091.7397,0.037,1329.84,059003.000154,059003.000263,0.1818,5A,0.3739,1259.215,0
-9.7,35084.7293,0.0862,2665.0,059003.000446,059003.000565,0.3715,5A,0.4561,3286.521,0
-9.7,34975.0883,0.0367,4121.7,059003.000170,059003.000271,-0.2147,5A,0.5467,4891.131,0
-9.7,34964.5989,0.0856,2755.66,059003.000158,059003.000264,-0.0258,2B,0.4277,1234.64,0
-9.7,34670.812,0.0361,11881.85,059003.000142,059003.000433,-0.1629,5A,0.5668,10210.712,0
-9.7,34604.4393,0.036,4525.82,059003.000145,059003.000253,0.0001,2B,0.3988,13246.356,0
-9.7,34514.7404,0.0358,3079.12,059003.000126,059003.000208,0.0593,2D,1.8789,1716.442,0
-9.7,34464.8212,0.0357,7782.23,059003.000180,059003.000285,-0.003,2G,0.363,2700.389,0
-9.7,34351.1106,0.5,7969.49,059003.000132,059003.000218,0.0905,2B,0.3117,15451.777,0
-9.7,34337.2784,0.0826,111884.73,059003.000189,059003.000301,0.2494,4B,0.5129,367240.395,0
-9.7,34131.7997,0.0816,6646.71,059003.000133,059003.000219,-0.0704,2G,0.5891,158701.903,0
-9.7,33993.2208,0.081,6804.23,059003.000191,059003.000302,-0.6544,5G,0.5202,43725.369,0
-9.7,33864.3008,0.5,6940.02,059003.000134,059003.000218,-0.1217,2B,0.5608,21720.883,0
-9.7,33848.0696,0.0803,15651.75,059003.000148,059003.000251,-0.0667,2G,0.5169,229935.673,0
-9.7,33819.5303,0.0343,5238.44,059003.000152,059003.000254,-0.0355,2G,0.6055,1348.251,0
-9.7,33774.0418,0.0343,5271.34,059003.000146,059003.000248,-0.022,2E,1.8572,106.849,0
-9.7,33762.6202,0.0342,8799.04,059003.000188,059003.000299,0.0233,2G,0.5908,155245.603,0
-9.7,33730.9906,0.0797,3534.3,059003.000135,059003.000220,-0.073,2A,0.6858,4175.12,0
-9.7,33650.6408,0.034,10709.9,059003.000146,059003.000435,-0.0255,2G,0.4418,3043.538,0
-9.7,33592.8509,0.0339,14376.48,059003.000149,059003.000249,0.0234,2G,0.5269,132420.705,0
-9.7,33524.0412,0.5,10863.57,059003.000126,059003.000203,0.4068,2B,0.6401,32297.745,0
-9.7,33510.3809,0.3259,271975.61,059003.000148,059003.000248,0.6428,2B,0.5855,80927.819,0
-9.7,33489.3001,0.0337,5451.22,059003.000191,059003.000449,-0.0232,2A,0.5244,5127.448,0
-9.7,33411.7183,0.0335,3661.31,059003.000454,059003.000566,0.0024,2A,0.4153,3566.776,0
-9.7,33405.8612,0.0335,14653.04,059003.000190,059003.000447,-0.0617,2B,0.6469,33614.317,0
-9.7,33292.8917,0.0333,1849.03,059003.000149,059003.000435,-0.0557,2G,0.7145,19300.632,0
-9.7,33282.3488,0.0776,18505.15,059003.000142,059003.000233,0.3351,5D,2.7213,2027.203,0
-9.7,33162.0723,0.077,16791.7,059003.000139,059003.000223,0.2579,4G,0.5096,333482.999,0
-9.7,33020.4901,0.0327,1879.54,059003.000316,059003.000511,-0.0,2A,0.5718,1902.853,0
-9.7,32984.0393,0.0327,11294.13,059003.000140,059003.000228,-0.0204,2G,0.5307,110828.439,0
-9.7,32963.5179,0.0761,16954.25,059003.000455,059003.000567,0.2038,3G,0.4161,5384.336,0
-9.7,32791.4295,0.0323,5676.31,059003.000187,059003.000294,-0.0002,2B,0.5178,15169.748,0
-9.7,32767.4592,0.5,15141.67,059003.000154,059003.000252,0.7751,2G,0.6001,3449.897,0
-9.7,32685.4479,0.0321,1893.75,059003.000552,059003.000538,-0.0049,2A,0.5358,1723.659,0
-9.7,32619.5514,0.0319,1893.43,059003.000332,059003.000524,-0.0,2A,0.5214,2316.416,0
-9.7,32583.0013,0.0319,7571.23,059003.000546,059003.000532,0.0,2B,0.5177,2302.72,0
-9.7,32571.2886,0.3079,17032.86,059003.000145,059003.000236,0.6854,3D,1.7336,2564.905,0
-9.7,32425.7413,0.0316,5659.52,059003.000140,059003.000432,0.079,3G,0.4544,33828.157,0
-9.7,32295.9525,0.0313,1876.9,059003.000149,059003.000238,0.0886,3B,0.5713,3693.265,0
-9.7,31625.5502,0.08,35333.4,059003.000190,059003.000293,0.4276,5G,0.4765,10037.897,0
-9.7,31469.2216,0.0297,3455.12,059003.000149,059003.000231,-0.0535,2G,0.5194,42116.334,0
-9.7,31435.8381,0.0692,15467.63,059003.000150,059003.000235,0.1973,3G,0.6063,4025.801,0
-9.7,31230.5591,0.0293,3318.9,059003.000153,059003.000239,0.0104,2B,1.2803,693.577,0
-9.7,31167.6707,0.282,3279.92,059003.000455,059003.000566,-0.809,3B,0.4341,2117.036,0
-9.7,30643.1887,0.0282,4371.23,059003.000148,059003.000224,0.0635,3G,0.5395,46666.532,0
-9.7,30352.8484,0.1,120996.86,059003.000161,059003.000248,0.2535,3G,0.5321,27761.462,0
-9.7,30031.0375,0.0271,2429.23,059003.000190,059003.000290,0.0415,2A,0.4898,2944.882,0
-9.7,29926.5619,0.08,8204.06,059003.000161,059003.000244,-0.0642,2G,0.501,129999.795,0
-9.7,29716.1174,0.0265,6517.68,059003.000183,059003.000274,-0.0,2B,1.2054,3134.095,0
-9.7,29700.522,0.0265,53997.7,059003.000189,059003.000289,0.0363,2A,0.5247,72149.213,0
-9.7,29585.361,0.2541,5167.16,059003.000191,059003.000290,0.0667,2G,0.5089,55222.08,0
-9.7,29534.9079,0.0611,5065.93,059003.000164,059003.000241,0.1403,3B,1.3892,1179.796,0
-9.7,29510.2516,0.0262,1003.33,059003.000187,059003.000287,-0.0178,2G,0.5144,19688.914,0
-9.7,29437.5891,0.026,1948.85,059003.000126,059003.000194,-0.0132,2G,0.4937,22027.193,0
-9.7,29427.6602,0.0607,582296.3,059003.000134,059003.000197,-0.0566,2A,0.5048,366576.708,0
-9.7,28972.6112,0.0252,3983.65,059003.000051,059003.000179,0.0847,4G,0.6459,880.332,0
-9.7,28708.7887,0.5,703.27,059003.000159,059003.000222,-0.7916,2G,0.5159,43.667,0
-9.7,28708.7887,0.5,703.27,059003.000056,059003.000182,0.2912,2B,0.3359,350.822,0
-9.7,28601.7381,0.0246,2668.66,059003.000161,059003.000234,0.0035,2B,0.5817,5929.353,0
-9.7,28076.6315,0.0237,506.97,059003.000187,059003.000280,-0.0107,2B,0.5177,1526.663,0
-9.7,27838.3511,0.1,3551.8,059003.000037,059003.000163,-0.2856,3A,0.5866,2119.898,0
-9.7,27838.3511,0.1,3551.8,059003.000032,059003.000133,-0.0733,2G,0.3054,567.714,0
-9.7,27838.3511,0.1,3551.8,059003.000310,059003.000566,0.7247,5A,0.4347,2890.259,0
-9.7,27584.7809,0.0229,383.66,059003.000187,059003.000279,-0.0076,2B,0.4693,170.866,0
-9.7,27358.9278,0.0225,3020.62,059003.000166,059003.000226,-0.0636,3B,1.191,3492.439,0
-9.7,27347.8283,0.0225,2667.19,059003.000192,059003.000444,0.0329,2A,0.4608,3119.705,0
-9.7,27177.5618,0.0222,300.79,059003.000166,059003.000225,-0.0156,2G,0.8852,8612.64,0
-9.7,27150.7971,0.0221,295.92,059003.000191,059003.000281,0.0611,3B,0.6285,153.803,0
-9.7,27148.1099,0.0221,295.44,059003.000156,059003.000212,-0.1192,5B,0.5221,694.945,0
-9.7,26730.5785,0.0215,456.35,059003.000151,059003.000205,-0.0371,2G,0.4093,1379.946,0
-9.7,26237.7001,0.0207,1673.61,059003.000171,059003.000225,0.0239,2B,1.0112,2132.524,0
-9.7,26153.8781,0.0205,1111.37,059003.000037,059003.000158,0.0052,2G,0.6265,179.953,0
-9.7,26148.2829,0.0205,1265.68,059003.000183,059003.000265,0.0,2B,0.5215,743.181,0
-9.7,26026.8879,0.0203,293.23,059003.000177,059003.000234,0.0082,2G,0.673,55.858,0
-9.7,25990.3696,0.0473,716.53,059003.000312,059003.000566,0.0001,2G,0.4455,211.883,0
-9.7,25885.512,0.047,536.99,059003.000188,059003.000441,-0.1739,4G,0.477,9257.711,0
-9.7,25833.5132,0.02,129.99,059003.000167,059003.000218,-0.0444,3B,0.4581,66.957,0
-9.7,25777.5879,0.02,376.73,059003.000151,059003.000200,0.0291,2G,0.3195,135.728,0
-9.7,25734.0673,0.0199,244.52,059003.000038,059003.000157,-0.0162,2G,0.4844,1244.313,0
-9.7,25729.4475,0.0464,243.83,059003.000182,059003.000261,-0.0104,2B,0.536,425.182,0
-9.7,25630.6385,0.0197,803.43,059003.000353,059003.000593,-0.0129,2G,0.4479,201.688,0
-9.7,25450.579,0.0195,205.99,059003.000164,059003.000213,-0.0,2G,0.6642,2143.598,0
-9.7,25230.1035,0.0446,181.07,059003.000148,059003.000198,-0.1357,4A,0.4401,134.416,0
-9.7,25183.5137,0.5,528.95,059003.000367,059003.000608,-0.9736,2B,0.4541,276.664,0
-9.7,25183.5137,0.5,528.95,059003.000367,059003.000607,0.739,2G,0.4541,61.751,0
-9.7,25114.4025,0.0189,1695.69,059003.000164,059003.000212,0.0764,5G,0.4453,6607.157,0
-9.7,25107.8511,0.0189,337.89,059003.000282,059003.000333,0.0363,2B,0.5364,181.168,0
-9.7,25094.1325,0.0189,502.97,059003.000191,059003.000440,0.0029,2B,0.4851,194.883,0
-9.7,24973.0287,0.0187,78.42,059003.000175,059003.000431,0.0001,2B,0.6222,37.41,0
-9.7,24486.7614,0.018,429.92,059003.000032,059003.000120,0.004,2G,0.6123,2121.439,0
-9.7,24358.7204,0.0178,58.03,059003.000284,059003.000332,0.0045,2A,0.5496,48.303,0
-9.7,24101.8712,0.0407,314.37,059003.000349,059003.000580,-0.0788,2A,0.438,362.233,0
-9.7,24098.0175,0.0407,523.22,059003.000349,059003.000578,0.0775,2B,0.4057,1169.201,0
-9.7,24092.3793,0.0174,4699.43,059003.000350,059003.000582,0.0022,2G,0.4093,1533.628,0
-9.7,24089.2594,0.0174,312.94,059003.000161,059003.000204,0.0003,2B,0.4471,661.099,0
-9.7,24078.0004,0.0174,155.84,059003.000393,059003.000622,-0.0,2G,0.4608,1406.307,0
-9.7,24074.112,0.0174,518.75,059003.000374,059003.000610,-0.0847,5G,0.4091,1621.516,0
-9.7,24065.4484,0.0174,413.73,059003.000374,059003.000608,0.0846,5B,0.4059,253.017,0
-9.7,24048.7505,0.0174,102.83,059003.000188,059003.000437,0.0179,2B,0.4596,34.822,0
-9.7,24029.7811,0.0173,102.15,059003.000043,059003.000160,0.0119,2G,0.6596,460.929,0
-9.7,23936.942,0.0172,49.54,059003.000360,059003.000597,0.002,2B,0.4112,18.954,0
-9.7,23925.0474,0.0172,98.71,059003.000376,059003.000621,-0.0,2G,0.4092,22.623,0
-9.7,23917.9936,0.0172,1231.17,059003.000376,059003.000620,0.0,2G,0.4088,6407.541,0
-9.7,23895.8518,0.0171,342.4,059003.000166,059003.000206,-0.0714,5G,0.4627,3795.716,0
-9.7,23881.9921,0.0171,48.71,059003.000448,059003.000560,0.0034,2B,1.4585,6.116,0
-9.7,23866.1372,0.0399,48.48,059003.000351,059003.000578,-0.0025,2A,0.4001,52.903,0
-9.7,23785.083,0.017,142.19,059003.000361,059003.000592,-0.0144,2G,0.4179,839.555,0
-9.7,23778.6076,0.017,709.76,059003.000154,059003.000197,0.098,5B,0.4767,1728.901,0
-9.7,23744.8687,0.0395,234.54,059003.000362,059003.000606,-0.0133,2A,0.4082,221.514,0
-9.7,23736.8833,0.0169,46.81,059003.000463,059003.000597,-0.002,2A,0.5055,49.4,0
-9.7,23722.3363,0.0394,93.29,059003.000173,059003.000210,0.0085,2G,0.3125,348.021,0
-9.7,23655.8992,0.0168,275.6,059003.000362,059003.000595,0.0024,2G,0.4031,1462.093,0
-9.7,23625.8488,0.0391,273.83,059003.000363,059003.000605,-0.0,2G,0.4051,6326.279,0
-9.7,23614.1374,0.0167,45.53,059003.000161,059003.000202,-0.0069,2B,0.8712,28.482,0
-9.7,23584.2765,0.0167,135.78,059003.000464,059003.000603,-0.0499,3C,1.2619,12.863,0
-9.7,23584.2765,0.0167,135.78,059003.000192,059003.000275,0.0007,2B,1.4715,45.694,0
-9.7,23571.0587,0.0167,90.29,059003.000038,059003.000144,-0.0233,2A,0.4762,63.35,0
-9.7,23564.9588,0.0167,360.76,059003.000471,059003.000607,0.0082,2B,0.5535,183.95,0
-9.7,23561.2616,0.0167,1126.59,059003.000363,059003.000598,0.0,2A,0.4043,884.742,0
-9.7,23548.0381,0.0167,179.82,059003.000352,059003.000583,0.0,2G,0.397,663.694,0
-9.7,23540.7334,0.0166,224.49,059003.000164,059003.000203,-0.0113,2G,0.4444,1472.226,0
-9.7,23529.4893,0.0166,1344.31,059003.000353,059003.000586,0.0062,2G,0.4015,275.134,0
-9.7,23523.1329,0.0388,447.62,059003.000039,059003.000148,-0.1182,4A,0.2829,566.492,0
-9.7,23523.1329,0.0388,447.62,059003.000377,059003.000617,0.2424,5A,0.5531,605.256,0
-9.7,23521.632,0.0166,223.75,059003.000352,059003.000579,-0.0553,4G,0.4037,3361.93,0
-9.7,23461.6087,0.0165,310.34,059003.000380,059003.000619,0.0025,2B,0.4209,480.413,0
-9.7,23453.2364,0.0165,398.53,059003.000380,059003.000618,-0.1774,5A,0.4169,432.436,0
-9.7,23444.297,0.0385,176.91,059003.000378,059003.000617,-0.0638,2A,0.4097,202.316,0
-9.7,23416.4533,0.0165,220.33,059003.000378,059003.000614,0.0497,4A,0.4123,308.775,0
-9.7,23409.3979,0.0165,440.28,059003.000364,059003.000596,0.0142,2A,0.4266,288.23,0
-9.7,23402.5736,0.0164,263.95,059003.000380,059003.000613,0.1725,5A,0.4135,184.845,0
-9.7,23392.183,0.0164,87.88,059003.000379,059003.000611,-0.0968,5B,0.4017,178.132,0
-9.7,23376.4787,0.0164,1315.89,059003.000379,059003.000608,0.0239,2B,0.3905,814.645,0
-9.7,23352.2691,0.0164,218.77,059003.000365,059003.000603,-0.0096,2B,0.48,468.755,0
-9.7,23335.6341,0.0164,305.81,059003.000472,059003.000613,0.0028,2E,2.7438,1.453,0
-9.7,23324.1216,0.0163,1745.76,059003.000354,059003.000584,-0.0548,4B,0.4132,4826.15,0
-9.7,23322.5635,0.0163,87.28,059003.000381,059003.000613,-0.0078,2G,0.4971,799.552,0
-9.7,23306.0539,0.0163,174.32,059003.000365,059003.000601,0.0319,2G,0.4994,661.428,0
-9.7,23300.4672,0.0163,435.63,059003.000381,059003.000612,0.0093,2A,0.4994,715.532,0
-9.7,23293.1097,0.0163,174.16,059003.000354,059003.000579,0.053,4G,0.3987,1320.431,0
-9.7,23228.3283,0.0162,43.39,059003.000307,059003.000563,-0.0,2G,0.4456,777.048,0
-9.7,23218.2971,0.0162,86.74,059003.000167,059003.000203,-0.0125,2G,0.4263,18.595,0
-9.7,23212.1337,0.0162,173.44,059003.000355,059003.000587,0.0,2G,0.4011,820.187,0
-9.7,23162.219,0.0161,173.27,059003.000383,059003.000616,-0.0799,5G,0.3972,3023.58,0
-9.7,23156.8282,0.0161,43.32,059003.000356,059003.000590,-0.0,2A,0.4001,41.823,0
-9.7,23156.8282,0.0161,43.32,059003.000161,059003.000200,0.0077,2A,0.5499,56.818,0
-9.7,23135.8616,0.0161,129.95,059003.000357,059003.000588,-0.0589,4G,0.398,414.403,0
-9.7,23124.9894,0.0161,303.24,059003.000043,059003.000158,-0.0119,2A,0.6355,512.625,0
-9.7,23124.2187,0.0161,129.96,059003.000383,059003.000609,0.0387,3G,0.4021,801.201,0
-9.7,23123.3573,0.0161,43.32,059003.000383,059003.000610,0.0287,2G,0.4104,354.158,0
-9.7,23114.5768,0.0374,433.26,059003.000383,059003.000608,0.0811,3A,0.4039,499.395,0
-9.7,23112.6335,0.016,1083.19,059003.000357,059003.000586,0.0599,4A,0.3989,1446.855,0
-9.7,23100.3935,0.016,173.35,059003.000356,059003.000584,0.0,2G,0.4131,721.391,0
-9.7,23092.6086,0.016,216.73,059003.000366,059003.000603,0.0125,2A,0.5858,161.706,0
-9.7,23088.8398,0.016,390.16,059003.000366,059003.000604,-0.0,2B,0.4103,601.519,0
-9.7,23086.2893,0.0374,173.42,059003.000384,059003.000619,-0.0111,2B,0.4108,264.611,0
-9.7,23082.8316,0.0373,86.72,059003.000032,059003.000113,0.0,2A,0.5192,138.258,0
-9.7,23070.282,0.016,867.58,059003.000366,059003.000602,-0.0033,2A,0.4622,594.011,0
-9.7,23024.047,0.0159,260.89,059003.000051,059003.000165,-0.0334,3G,0.3323,884.117,0
-9.7,22989.5603,0.0159,174.36,059003.000367,059003.000599,0.0018,2G,0.3922,1785.498,0
-9.7,22979.5427,0.0159,87.25,059003.000282,059003.000323,-0.0254,2B,0.5337,43.454,0
-9.7,22966.3193,0.037,218.4,059003.000368,059003.000601,-0.1636,5A,0.4365,195.757,0
-9.7,22960.9815,0.0158,349.62,059003.000358,059003.000586,-0.094,5B,0.4037,883.962,0
-9.7,22956.0318,0.0158,218.62,059003.000171,059003.000206,0.0097,2G,0.4185,1147.474,0
-9.7,22950.4996,0.0158,349.98,059003.000172,059003.000206,0.0502,4D,2.2532,12.197,0
-9.7,22948.142,0.0369,175.03,059003.000189,059003.000269,-0.0522,2B,0.4793,60.751,0
-9.7,22940.5839,0.0158,43.79,059003.000474,059003.000614,0.012,2B,0.4142,17.582,0
-9.7,22931.594,0.0158,175.35,059003.000358,059003.000582,0.0993,5B,0.3834,393.967,0
-9.7,22900.4883,0.0158,88.01,059003.000458,059003.000582,-0.0883,5G,0.4317,18.538,0
-9.7,22881.241,0.0157,397.09,059003.000458,059003.000581,-0.0409,3G,0.4296,102.377,0
-9.7,22869.2397,0.0157,353.59,059003.000385,059003.000611,0.0798,5B,0.3916,831.031,0
-9.7,22866.3084,0.0366,88.44,059003.000385,059003.000612,-0.0469,2B,1.2292,111.502,0
-9.7,22864.7486,0.0157,132.68,059003.000386,059003.000619,-0.003,2A,0.4216,115.893,0
-9.7,22856.5664,0.0157,398.56,059003.000386,059003.000618,0.0073,2A,0.4105,289.582,0
-9.7,22826.6828,0.0156,890.06,059003.000172,059003.000205,0.0192,2A,0.3311,709.544,0
-9.7,22825.4106,0.0156,178.05,059003.000304,059003.000561,0.0025,2D,2.12,10.725,0
-9.7,22820.2011,0.0156,356.43,059003.000372,059003.000606,0.0021,2G,0.3948,4520.363,0
-9.7,22790.7271,0.0156,134.4,059003.000370,059003.000596,-0.0128,2G,0.4653,710.897,0
-9.7,22717.931,0.0362,227.58,059003.000406,059003.000622,0.0,2G,0.3877,968.729,0
-9.7,22708.2932,0.0155,912.46,059003.000476,059003.000607,-0.0666,5C,1.1004,110.56,0
-9.7,22706.1371,0.0155,273.88,059003.000460,059003.000588,-0.0015,2B,0.3952,468.059,0
-9.7,22705.6674,0.0155,182.61,059003.000373,059003.000602,-0.0001,2B,1.3541,176.234,0
-9.7,22700.2797,0.0155,91.43,059003.000467,059003.000593,0.0128,2G,0.4828,713.852,0
-9.7,22699.6912,0.0155,137.16,059003.000467,059003.000592,0.0119,2B,0.5183,440.513,0
-9.7,22689.6723,0.0155,137.51,059003.000182,059003.000245,-0.01,2D,1.7695,21.36,0
-9.7,22679.9103,0.0154,275.73,059003.000373,059003.000600,0.0,2A,0.3935,288.516,0
-9.7,22587.5539,0.0358,236.11,059003.000462,059003.000589,0.0,2B,0.3812,159.631,0
-9.7,22577.7275,0.0153,378.99,059003.000462,059003.000587,-0.0,2A,0.397,333.37,0
-9.7,22558.6107,0.0153,286.09,059003.000387,059003.000610,0.0393,3G,0.385,2477.601,0
-9.7,22556.3696,0.0153,238.59,059003.000124,059003.000189,0.0198,2B,0.346,365.208,0
-9.7,22552.2597,0.0153,47.79,059003.000462,059003.000585,-0.0,2G,0.4007,892.546,0
-9.7,22549.699,0.0153,95.66,059003.000387,059003.000608,-0.0394,3G,0.3868,1118.633,0
-9.7,22525.8391,0.0152,241.2,059003.000182,059003.000243,0.0111,2A,0.6485,189.203,0
-9.7,22524.2999,0.0152,144.8,059003.000462,059003.000582,-0.0003,2G,0.404,834.017,0
-9.7,22514.7601,0.0152,290.63,059003.000388,059003.000614,-0.0536,4A,0.4494,291.684,0
-9.7,22432.2678,0.0151,344.1,059003.000359,059003.000582,-0.0189,2B,0.3866,224.739,0
-9.7,22432.2678,0.0151,344.1,059003.000034,059003.000137,0.0,2G,0.674,70.663,0
-9.7,22413.0295,0.0151,51.95,059003.000359,059003.000581,0.0377,3G,0.3878,1131.952,0
-9.7,22406.8101,0.0151,52.06,059003.000359,059003.000580,0.0201,2G,0.415,698.077,0
-9.7,22402.7698,0.0151,434.48,059003.000359,059003.000578,-0.0103,2G,0.381,1780.074,0
-9.7,22391.4862,0.0151,261.75,059003.000056,059003.000170,-0.0361,3G,0.5164,1110.048,0
-9.7,22323.0332,0.0349,89.63,059003.000058,059003.000172,0.4129,5B,0.7429,103.495,0
-9.7,22310.4195,0.0149,54.07,059003.000390,059003.000609,-0.0335,3A,0.3868,55.834,0
-9.7,22255.6435,0.0347,73.91,059003.000055,059003.000167,-0.0421,2G,0.6832,1469.621,0
-9.7,22249.5374,0.0149,55.6,059003.000160,059003.000196,0.0202,2A,0.5668,36.761,0
-9.7,22200.8866,0.0148,56.97,059003.000184,059003.000250,-0.0075,2B,1.5275,6.27,0
-9.7,22111.0891,0.0147,39.91,059003.000447,059003.000551,-0.0006,2D,2.043,1.142,0
-9.7,21975.3975,0.0145,108.74,059003.000298,059003.000551,0.0006,2C,1.6054,5.872,0
-9.7,21972.8007,0.0145,174.29,059003.000161,059003.000197,-0.0651,5A,0.3762,121.927,0
-9.7,21839.033,0.0334,23.99,059003.000135,059003.000193,0.0126,2G,0.8918,726.731,0
-9.7,21837.497,0.0143,48.04,059003.000392,059003.000619,0.0022,2G,0.3868,250.892,0
-9.7,21795.2823,0.0143,198.52,059003.000375,059003.000599,-0.0015,2G,0.4055,60.247,0
-9.7,21764.1964,0.0332,25.43,059003.000375,059003.000594,0.0,2B,0.4504,14.999,0
-9.7,21764.1964,0.0332,25.43,059003.000360,059003.000579,0.0719,3G,0.756,1.646,0
-9.7,21719.2604,0.0142,527.56,059003.000164,059003.000197,-0.0266,2A,0.4203,479.02,0
-9.7,21708.403,0.0142,239.54,059003.000184,059003.000245,0.0098,2G,0.4782,53.07,0
-9.7,21538.4932,0.0139,30.83,059003.000393,059003.000608,-0.0494,4A,0.3954,27.12,0
-9.7,21536.8782,0.0139,30.88,059003.000393,059003.000607,0.0481,4A,0.408,35.977,0
-9.7,21477.1018,0.031,489.08,059003.000117,059003.000185,-0.0701,3G,0.4475,1978.858,0
-9.7,21264.2335,0.0136,39.94,059003.000187,059003.000260,0.0007,2A,0.4974,54.005,0
-9.7,21238.7008,0.0135,245.71,059003.000364,059003.000580,-0.0093,2B,0.3701,87.092,0
-9.7,21201.5029,0.0135,169.93,059003.000457,059003.000566,-0.0004,2A,0.4752,160.65,0
-9.7,21157.1874,0.0134,177.58,059003.000068,059003.000176,0.007,2B,0.5819,413.291,0
-9.7,21149.858,0.094,357.77,059003.000122,059003.000186,0.0424,2G,0.4204,1664.882,0
-9.7,21138.6276,0.0134,2713.51,059003.000043,059003.000146,0.0054,2B,0.6911,766.91,0
-9.7,21039.0832,0.031,99.95,059003.000058,059003.000161,-0.3233,5C,0.8798,1156.707,0
-9.7,20971.4269,0.0132,53.5,059003.000040,059003.000141,-0.0033,2G,0.6397,653.9,0
-9.7,20937.6199,0.0132,55.36,059003.000043,059003.000145,0.001,2G,0.4827,324.414,0
-9.7,20914.234,0.0307,113.36,059003.000383,059003.000598,-0.0,2B,0.3847,193.922,0
-9.7,20888.2067,0.0131,174.57,059003.000383,059003.000595,-0.0022,2B,0.3857,61.513,0
-9.7,20838.8723,0.013,61.15,059003.000044,059003.000146,-0.0118,2C,0.7014,12.328,0
-9.7,20823.7064,0.0304,62.09,059003.000368,059003.000586,0.1105,4G,0.4666,19.11,0
-9.7,20804.7381,0.013,126.55,059003.000122,059003.000185,0.0051,2G,0.4934,1017.784,0
-9.7,20773.6428,0.013,65.27,059003.000400,059003.000616,0.0517,4A,0.374,75.367,0
-9.7,20700.4725,0.0129,70.19,059003.000035,059003.000133,0.0031,2B,0.711,29.782,0
-9.7,20676.9629,0.1241,143.65,059003.000474,059003.000593,-0.3134,3G,0.4009,29.543,0
-9.7,20533.9742,0.0127,247.38,059003.000403,059003.000611,0.0056,2G,0.396,51.531,0
-9.7,20301.7563,0.0289,203.62,059003.000179,059003.000220,-0.0661,3A,0.3899,165.081,0
-9.7,19241.5635,0.0111,351.33,059003.000077,059003.000175,-0.0224,3B,0.4825,140.195,0
-9.7,19054.7772,0.0109,174.67,059003.000483,059003.000603,0.0005,2E,2.1196,3.168,0
-9.7,19051.2801,0.0109,174.59,059003.000352,059003.000574,0.0238,3B,0.6181,51.998,0
-9.7,18990.3563,0.0108,25929.09,059003.000001,059003.000067,-0.0005,2G,0.5773,221231.433,0
-9.7,18860.9197,0.0107,668.06,059003.000352,059003.000573,0.0,2G,0.4417,129.757,0
-9.7,18319.6129,0.0101,238.1,059003.000038,059003.000130,-0.0043,2G,0.5711,40.78,0
-9.7,18319.1767,0.0101,238.01,059003.000180,059003.000207,0.0014,2G,0.3381,76.6,0
-9.7,18138.5693,0.0099,497.78,059003.000430,059003.000186,0.0032,2B,0.5007,1226.604,0
-9.7,18096.6448,0.0098,95.13,059003.000187,059003.000433,0.0227,3B,0.4616,41.843,0
-9.7,17988.7639,0.0097,168.2,059003.000065,059003.000157,0.0007,2B,0.5531,309.862,0
-9.7,17979.8902,0.0097,665.76,059003.000117,059003.000180,0.0062,2A,0.4397,737.786,0
-9.7,17929.0594,0.0097,313.12,059003.000080,059003.000169,-0.0015,2B,0.4423,917.129,0
-9.7,17929.0594,0.0097,313.12,059003.000467,059003.000576,0.0042,2B,1.2296,453.709,0
-9.7,17838.7895,0.0096,419.71,059003.000077,059003.000163,0.0171,2A,0.4698,475.017,0
-9.7,17782.964,0.0095,65.12,059003.000487,059003.000603,-0.0006,2C,1.2133,5.846,0
-9.7,17691.8822,0.0094,57.79,059003.000077,059003.000162,0.0,2A,0.6023,100.57,0
-9.7,17584.5763,0.0093,450.72,059003.000458,059003.000419,0.0401,5A,0.5576,287.241,0
-9.7,17535.9914,0.0092,46.92,059003.000369,059003.000420,-0.023,3G,0.6321,275.343,0
-9.7,17465.9431,0.0092,85.46,059003.000359,059003.000572,-0.0011,2A,0.6088,75.862,0
-9.7,17464.8646,0.0092,42.67,059003.000385,059003.000426,-0.0176,2B,1.0069,41.634,0
-9.7,17321.7435,0.021,35.41,059003.000476,059003.000426,0.1238,5G,0.6383,301.475,0
-9.7,17307.2771,0.009,278.15,059003.000468,059003.000420,0.0215,3D,2.1085,62.722,0
-9.7,17297.8239,0.009,34.36,059003.000494,059003.000618,0.0501,5B,0.3516,15.402,0
-9.7,17246.7117,0.0089,32.26,059003.000494,059003.000613,-0.0494,5G,0.3449,8.762,0
-9.7,17225.7057,0.0089,62.91,059003.000045,059003.000136,-0.0005,2G,0.6813,12.356,0
-9.7,17162.7085,0.0088,29.23,059003.000186,059003.000222,0.0006,2G,0.4332,8.442,0
-9.7,17162.7085,0.0088,29.23,059003.000361,059003.000574,0.0111,2B,0.3607,12.259,0
-9.7,17136.3196,0.0088,28.38,059003.000321,059003.000486,0.019,3A,0.4247,23.477,0
-9.7,17082.458,0.0205,107.21,059003.000122,059003.000179,-0.0433,3G,0.4478,496.457,0
-9.7,17009.8411,0.0087,24.98,059003.000090,059003.000175,-0.0017,2G,0.5183,695.13,0
-9.7,16997.2989,0.0389,740.94,059003.000465,059003.000575,0.0,2B,0.8892,2210.774,0
-9.7,16843.0078,0.024,882.03,059003.000031,059003.000064,0.0001,2B,0.6044,1928.102,0
-9.7,16806.7791,0.0085,108.21,059003.000446,059003.000318,-0.0033,2C,1.3008,6.196,0
-9.7,16768.3178,0.0084,106.5,059003.000040,059003.000129,0.0063,2B,1.5754,126.714,0
-9.7,16758.7358,0.0084,191.07,059003.000471,059003.000577,-0.0,2B,0.9639,70.016,0
-9.7,16754.6833,0.0084,21.2,059003.000068,059003.000150,-0.0037,2G,0.2782,172.335,0
-9.7,16663.6838,0.0083,83.44,059003.000399,059003.000584,0.0143,2G,0.3799,20.772,0
-9.7,16618.4366,0.0083,20.91,059003.000319,059003.000398,-0.0002,2G,0.48,4.952,0
-9.7,16423.2486,0.0081,29.07,059003.000542,059003.000402,0.0001,2A,0.6255,25.298,0
-9.7,16414.1209,0.0081,58.75,059003.000035,059003.000115,-0.0016,2G,0.7655,1831.395,0
-9.7,16404.3999,0.0189,89.09,059003.000375,059003.000420,0.0022,2D,1.8806,3.241,0
-9.7,16399.2596,0.0081,149.34,059003.000464,059003.000572,-0.0001,2E,2.1788,1.977,0
-9.7,16299.0796,0.008,297.47,059003.000192,059003.000433,-0.0043,2G,0.4107,94.126,0
-9.7,16279.1398,0.008,67.3,059003.000037,059003.000119,-0.0034,2B,1.1763,10.935,0
-9.7,16269.8061,0.008,237.46,059003.000463,059003.000419,-0.0309,4A,0.5265,258.045,0
-9.7,16242.9511,0.0079,173.47,059003.000465,059003.000572,0.0002,2C,0.9366,25.613,0
-9.7,16189.1732,0.0184,36.15,059003.000098,059003.000174,0.0187,2A,0.4301,25.768,0
-9.7,16179.4888,0.0079,36.39,059003.000430,059003.000184,0.0014,2G,0.6624,185.54,0
-9.7,16145.3619,0.0078,335.08,059003.000107,059003.000177,-0.0014,2G,0.5055,3023.99,0
-9.7,16132.9505,0.0078,150.09,059003.000469,059003.000421,-0.0013,2B,0.5641,274.031,0
-9.7,16117.2484,0.0078,37.88,059003.000480,059003.000427,-0.0001,2B,0.8324,157.714,0
-9.7,16049.5674,0.0181,196.32,059003.000464,059003.000419,0.0057,2A,0.5566,236.598,0
-9.7,16049.5674,0.0181,196.32,059003.000470,059003.000421,0.026,2A,0.5263,255.035,0
-9.7,16040.18,0.0077,157.75,059003.000468,059003.000574,-0.0159,3C,1.0702,17.209,0
-9.7,16026.6533,0.0077,198.38,059003.000032,059003.000066,-0.0006,2G,0.6284,3840.261,0
-9.7,16018.3957,0.0077,3185.37,059003.000479,059003.000426,-0.0048,2G,0.4991,676.578,0
-9.7,15998.1025,0.0179,40.15,059003.000190,059003.000232,-0.022,2G,0.3857,8.883,0
-9.7,15985.4583,0.0179,80.68,059003.000548,059003.000496,-0.0016,2B,0.4724,36.976,0
-9.7,15900.6756,0.0177,41.4,059003.000486,059003.000588,0.0736,5G,0.3874,12.107,0
-9.7,15790.9923,0.0075,126.37,059003.000450,059003.000542,-0.0023,2D,1.7823,25.302,0
-9.7,15787.1078,0.0075,421.35,059003.000466,059003.000571,0.0,2A,0.5108,320.479,0
-9.7,15654.1873,0.0074,126.16,059003.000094,059003.000168,-0.0014,2G,0.5384,973.619,0
-9.7,15564.0203,0.0073,290.25,059003.000047,059003.000430,0.0008,2G,0.5123,58.186,0
-9.7,15515.8164,0.0072,2049.61,059003.000103,059003.000173,0.0063,2G,0.486,14680.124,0
-9.7,15483.88,0.0168,81.25,059003.000342,059003.000410,-0.0001,2G,0.4664,23.214,0
-9.7,15461.5576,0.0072,40.34,059003.000342,059003.000409,-0.0045,2G,0.5564,7.889,0
-9.7,15448.5176,0.0072,281.19,059003.000092,059003.000163,-0.0125,2B,1.5101,35.801,0
-9.7,15370.576,0.0071,23405.19,059003.000039,059003.000119,0.0013,2B,0.5691,10591.405,0
-9.7,15364.1708,0.0071,38.9,059003.000192,059003.000236,0.0001,2B,0.4247,15.511,0
-9.7,15336.3026,0.0071,38.44,059003.000306,059003.000340,0.0041,2B,1.2065,16.99,0
-9.7,15130.3045,0.016,34.44,059003.000412,059003.000595,0.001,2G,0.378,8.834,0
-9.7,14974.5943,0.0067,62.15,059003.000303,059003.000325,-0.0,2B,0.2862,30.578,0
-9.7,14950.0066,0.0067,30.54,059003.000305,059003.000334,0.0001,2B,1.331,8.032,0
-9.7,14902.842,0.0067,59.01,059003.000306,059003.000338,-0.0036,2B,0.7945,13.887,0
-9.7,14809.9335,0.0066,109.99,059003.000450,059003.000317,0.0017,2C,1.0047,13.132,0
-9.7,14745.4079,0.0065,26.14,059003.000327,059003.000396,-0.0006,2B,0.4711,14.238,0
-9.7,14555.1902,0.0064,89.6,059003.000327,059003.000480,0.0084,2C,0.9807,12.931,0
-9.7,14481.0325,0.0063,21072.7,059003.000055,059003.000135,-0.0053,2B,0.5951,9882.612,0
-9.7,14481.0325,0.0063,21072.7,059003.000109,059003.000171,0.0005,2G,0.6151,4673.459,0
-9.7,14471.6645,0.0063,10455.34,059003.000033,059003.000066,0.0013,2G,0.6214,87489.211,0
-9.7,14463.7901,0.0147,311.63,059003.000053,059003.000430,0.0062,2B,0.8275,112.911,0
-9.7,14333.9207,0.0062,467.08,059003.000110,059003.000171,0.0005,2A,0.6905,658.108,0
-9.7,14323.0218,0.0062,92.6,059003.000036,059003.000104,0.0007,2G,0.6029,1142.136,0
-9.7,14165.1512,0.006,81.78,059003.000187,059003.000216,-0.0065,2A,0.3979,89.247,0
-9.7,14111.5801,0.006,314.17,059003.000036,059003.000101,-0.0007,2B,0.734,586.638,0
-9.7,13852.6721,0.0058,65.84,059003.000107,059003.000165,0.0024,2B,0.46,21.371,0
-9.7,13602.1196,0.0056,577.59,059003.000040,059003.000114,-0.0033,2G,0.5914,4092.131,0
-9.7,13592.4596,0.0056,2300.88,059003.000090,059003.000157,0.0009,2A,0.5983,2491.598,0
-9.7,13565.2847,0.0055,56.88,059003.000043,059003.000121,-0.0003,2G,0.5402,455.657,0
-9.7,13457.5596,0.0054,54.76,059003.000335,059003.000400,0.009,2C,0.8158,7.105,0
-9.7,13441.6756,0.0054,54.5,059003.000048,059003.000127,-0.0005,2B,0.6993,18.303,0
-9.7,13417.1726,0.0126,162.36,059003.000323,059003.000469,-0.0201,2G,0.562,36.354,0
-9.7,13357.3904,0.0125,53.34,059003.000038,059003.000102,0.0129,2A,0.692,65.605,0
-9.7,13342.3995,0.0053,2658.45,059003.000077,059003.000143,-0.0,2A,0.6117,2684.385,0
-9.7,13323.0042,0.0053,52.97,059003.000341,059003.000488,0.0003,2A,0.4523,70.121,0
-9.7,13300.1383,0.0053,1055.17,059003.000038,059003.000101,0.0014,2G,0.6308,174.972,0
-9.7,13241.2877,0.0376,157.02,059003.000068,059003.000138,0.013,2G,0.6219,3154.664,0
-9.7,13172.7282,0.0052,104.14,059003.000052,059003.000129,0.0001,2G,0.5653,1679.624,0
-9.7,13084.156,0.0051,520.75,059003.000033,059003.000059,0.0003,2B,0.7604,126.404,0
-9.7,13078.1015,0.0051,52.09,059003.000541,059003.000365,-0.0,2B,1.2446,17.367,0
-9.7,13003.3467,0.0051,52.43,059003.000325,059003.000472,0.003,2G,0.6487,942.829,0
-9.7,12984.4504,0.0118,52.56,059003.000336,059003.000399,0.0401,4D,2.5168,1.25,0
-9.7,12969.1094,0.0051,52.68,059003.000314,059003.000365,-0.0036,2B,1.4527,9.827,0
-9.7,12906.9058,0.0117,373.01,059003.000034,059003.000086,0.0012,2G,0.5853,3949.842,0
-9.7,12896.4906,0.0117,106.82,059003.000118,059003.000173,0.0,2G,0.6795,1429.831,0
-9.7,12888.1653,0.005,53.51,059003.000324,059003.000377,0.004,2D,2.1983,14.401,0
-9.7,12870.2855,0.005,161.23,059003.000337,059003.000399,-0.0021,2B,0.4406,78.323,0
-9.7,12842.3141,0.005,54.14,059003.000325,059003.000377,-0.0028,2D,2.5176,3.955,0
-9.7,12840.0048,0.0116,487.57,059003.000327,059003.000382,-0.0259,3E,1.6419,18.019,0
-9.7,12831.6037,0.0049,54.3,059003.000318,059003.000370,-0.002,2D,2.007,1.724,0
-9.7,12801.8478,0.0049,109.58,059003.000038,059003.000098,-0.0094,2B,0.821,91.906,0
-9.7,12801.8478,0.0049,109.58,059003.000119,059003.000174,-0.0033,2B,0.8148,191.218,0
-9.7,12792.4866,0.0049,439.62,059003.000037,059003.000097,0.0018,2G,0.6138,3612.69,0
-9.7,12776.4747,0.0114,331.45,059003.000335,059003.000479,-0.0107,2G,0.4815,1967.177,0
-9.7,12771.6148,0.0114,442.66,059003.000090,059003.000152,-0.0013,2A,0.5879,570.088,0
-9.7,12689.7741,0.0113,57.07,059003.000320,059003.000467,0.005,2A,0.5462,48.984,0
-9.7,12664.1101,0.0048,11537.96,059003.000033,059003.000057,-0.0007,2G,0.6234,2359.332,0
-9.7,12634.3392,0.0112,175.39,059003.000315,059003.000464,-0.0014,2B,0.6023,55.835,0
-9.7,12608.0496,0.0048,1183.75,059003.000122,059003.000176,0.0012,2A,0.5737,1872.964,0
-9.7,12604.9164,0.0048,177.83,059003.000326,059003.000471,0.0003,2A,0.4401,130.344,0
-9.7,12598.9407,0.0111,594.49,059003.000336,059003.000480,-0.0356,4A,0.6565,689.447,0
-9.7,12583.4394,0.5,239.62,059003.000038,059003.000095,-0.484,2B,0.608,579.01,0
-9.7,12568.3655,0.0047,60.36,059003.000546,059003.000400,0.0001,2B,0.3792,26.739,0
-9.7,12426.993,0.0046,196.05,059003.000328,059003.000379,-0.0056,2A,0.4421,255.262,0
-9.7,12397.399,0.0108,332.79,059003.000063,059003.000430,0.0054,2A,0.5377,202.068,0
-9.7,12379.7336,0.0046,336.52,059003.000338,059003.000481,-0.0017,2D,1.9583,20.099,0
-9.7,12335.9964,0.0046,69.24,059003.000330,059003.000382,0.0055,2B,1.2835,18.329,0
-9.7,12309.313,0.0046,563.88,059003.000103,059003.000156,-0.0024,2G,0.6619,3893.802,0
-9.7,12227.1,0.0045,298.42,059003.000034,059003.000540,-0.0015,2G,0.5914,1708.898,0
-9.7,12171.5839,0.0045,77.63,059003.000056,059003.000130,0.0031,2A,0.4837,49.595,0
-9.7,12151.0605,0.0104,78.8,059003.000330,059003.000472,-0.0113,2B,1.0721,32.261,0
-9.7,12107.8344,0.0044,243.99,059003.000328,059003.000469,0.005,2B,0.5299,111.821,0
-9.7,11950.3626,0.0043,365.51,059003.000055,059003.000126,0.0018,2A,0.5146,391.818,0
-9.7,11889.4327,0.0099,477.61,059003.000037,059003.000088,-0.0008,2B,0.5826,1370.164,0
-9.7,11850.425,0.0042,196.43,059003.000321,059003.000365,0.0043,2E,4.8284,0.03,0
-9.7,11822.108,0.0042,200.37,059003.000341,059003.000480,-0.0003,2B,0.9247,43.872,0
-9.7,11783.8304,0.0042,102.84,059003.000321,059003.000466,0.0001,2B,0.5007,41.599,0
-9.7,11772.3569,0.0042,103.63,059003.000334,059003.000382,-0.0105,3B,1.2636,23.695,0
-9.7,11772.3569,0.0042,103.63,059003.000107,059003.000155,-0.0025,2B,1.308,47.261,0
-9.7,11769.6428,0.0042,103.82,059003.000124,059003.000173,-0.0024,2G,0.526,2257.038,0
-9.7,11767.9305,0.5,103.94,059003.000342,059003.000481,0.4216,2G,0.4918,359.084,0
-9.7,11755.9227,0.0042,523.83,059003.000330,059003.000469,-0.0226,5G,0.5521,134.859,0
-9.7,11755.9227,0.0042,523.83,059003.000342,059003.000480,0.0035,2B,0.6926,255.983,0
-9.7,11744.1924,0.0225,105.57,059003.000044,059003.000112,0.0272,2B,0.561,275.068,0
-9.7,11724.8555,0.0041,962.02,059003.000332,059003.000471,0.0002,2A,0.501,991.093,0
-9.7,11701.9299,0.0041,108.44,059003.000335,059003.000388,-0.0038,2B,0.6011,37.54,0
-9.7,11700.5156,0.0041,651.2,059003.000543,059003.000382,-0.0,2C,1.0949,66.168,0
-9.7,11688.9323,0.0041,109.31,059003.000342,059003.000394,-0.0,2B,0.9033,64.782,0
-9.7,11670.4533,0.0041,110.53,059003.000094,059003.000147,0.0007,2A,0.5658,77.418,0
-9.7,11670.4533,0.0041,110.53,059003.000314,059003.000359,0.0726,5D,1.7162,17.091,0
-9.7,11621.5177,0.0041,1022.87,059003.000061,059003.000129,0.0001,2G,0.527,28902.02,0
-9.7,11549.1927,0.004,117.9,059003.000337,059003.000389,-0.0,2G,0.4839,33.032,0
-9.7,11521.5133,0.004,835.66,059003.000043,059003.000111,0.0009,2A,0.6354,1519.461,0
-9.7,11513.6594,0.093,239.56,059003.000541,059003.000459,0.0,2B,0.4426,669.334,0
-9.7,11478.7624,0.004,121.46,059003.000034,059003.000076,0.0005,2G,0.5587,1224.138,0
-9.7,11429.3468,0.0039,123.5,059003.000077,059003.000138,-0.0002,2A,0.6144,96.938,0
-9.7,11419.5333,0.0039,123.85,059003.000324,059003.000467,0.0012,2G,0.4979,407.577,0
-9.7,11398.0901,0.0039,124.56,059003.000321,059003.000463,-0.0075,2A,0.5344,123.049,0
-9.7,11270.9614,0.0038,633.55,059003.000092,059003.000144,0.0035,2B,0.524,253.011,0
-9.7,11227.8528,0.0038,1265.25,059003.000324,059003.000369,-0.0038,2B,0.6245,408.323,0
-9.7,11003.6424,0.0036,1168.75,059003.000048,059003.000115,0.0001,2B,0.6039,459.275,0
-9.7,11003.6424,0.0036,1168.75,059003.000552,059003.000481,0.0036,2B,0.4841,518.789,0
-9.7,10948.6818,0.0036,561.29,059003.000040,059003.000093,0.0006,2G,0.5838,7104.702,0
-9.7,10790.7726,0.0035,474.35,059003.000034,059003.000074,0.0005,2G,0.5901,5642.372,0
-9.7,10732.1289,0.0035,1308.78,059003.000317,059003.000458,-0.0006,2G,0.3405,281.008,0
-9.7,10676.8674,0.0034,398.74,059003.000037,059003.000082,0.0003,2B,0.7028,325.166,0
-9.7,10647.7635,0.0034,378.63,059003.000038,059003.000540,0.0009,2G,0.6258,1534.046,0
-9.7,10597.0542,0.0034,343.45,059003.000124,059003.000164,0.0007,2B,0.7382,401.495,0
-9.7,10584.3812,0.0034,334.68,059003.000043,059003.000105,-0.001,2B,0.6088,1026.078,0
-9.7,10573.6215,0.0215,981.81,059003.000558,059003.000403,0.0099,2G,0.4891,189.84,0
-9.7,10506.5957,0.0033,281.94,059003.000126,059003.000169,0.0001,2B,0.6936,227.26,0
-9.7,10502.2876,0.0033,279.09,059003.000337,059003.000378,0.0015,2B,0.6989,227.207,0
-9.7,10481.7875,0.0033,531.39,059003.000316,059003.000354,-0.0001,2G,0.4967,127.138,0
-9.7,10481.7875,0.0033,531.39,059003.000340,059003.000385,0.0022,2B,0.5339,228.912,0
-9.7,10361.5667,0.0032,193.14,059003.000339,059003.000379,0.0,2B,0.3781,74.193,0
-9.7,10347.1168,0.0032,370.5,059003.000346,059003.000397,-0.0006,2B,0.5181,123.171,0
-9.7,10347.1168,0.0032,370.5,059003.000547,059003.000474,0.0005,2A,0.4901,459.137,0
-9.7,10309.5519,0.0032,165.66,059003.000345,059003.000480,-0.0001,2C,1.2872,11.099,0
-9.7,10272.9502,0.0032,147.92,059003.000044,059003.000104,0.0001,2B,0.5625,316.812,0
-9.7,10246.2388,0.0032,135.83,059003.000065,059003.000128,-0.0009,2A,0.6642,121.428,0
-9.7,10246.2388,0.0032,135.83,059003.000329,059003.000366,0.001,2B,0.4994,246.21,0
-9.7,10246.2388,0.0032,135.83,059003.000562,059003.000412,0.0041,2G,0.4866,39.82,0
-9.7,10212.0517,0.0183,121.42,059003.000554,059003.000480,-0.0005,2B,1.5151,38.542,0
-9.7,10091.7065,0.0031,239.64,059003.000552,059003.000390,-0.0014,2G,0.4838,912.78,0
-9.7,10085.9695,0.0031,78.24,059003.000559,059003.000400,-0.0,2G,0.4867,616.508,0
-9.7,10053.6187,0.04,139.07,059003.000561,059003.000409,0.1496,4A,0.5039,86.163,0
-9.7,9829.7991,0.0029,604.42,059003.000322,059003.000358,0.0002,2G,0.494,158.125,0
-8.3,120206.2867,0.5781,28473.35,059003.000042,059003.000509,-0.6212,2B,0.8866,11822.484,0
-8.3,119364.4894,0.57,5499.52,059003.000046,059003.000517,1.0386,2B,0.8021,3947.493,0
-8.3,119208.317,0.5685,2731.88,059003.000046,059003.000514,0.9625,2D,2.5433,79.213,0
-8.3,119113.9041,0.5676,5442.21,059003.000047,059003.000516,-0.3705,2G,0.8457,374.302,0
-8.3,119113.9041,0.5676,5442.21,059003.000066,059003.000531,0.0001,2B,0.7239,3220.265,0
-8.3,119040.0092,0.5669,162761.47,059003.000066,059003.000530,0.0001,2B,0.7518,38724.184,0
-8.3,118787.7087,0.5645,2684.08,059003.000057,059003.000521,-0.4458,2B,0.763,1896.79,0
-8.3,118702.4023,0.5637,2674.44,059003.000046,059003.000509,0.4758,2C,1.5075,236.232,0
-8.3,118475.3977,0.5615,5297.81,059003.000050,059003.000512,-0.092,2B,0.6941,1580.406,0
-8.3,118475.3977,0.5615,5297.81,059003.000050,059003.000513,0.0001,2G,1.5251,211.131,0
-8.3,118116.1069,0.5581,5217.58,059003.000049,059003.000509,1.4359,3E,2.2551,101.978,0
-8.3,117193.5103,0.5495,10029.87,059003.000066,059003.000524,0.0001,2B,0.7598,5644.036,0
-8.3,116649.21,0.5444,2448.83,059003.000063,059003.000519,-0.1597,2A,0.5391,2387.068,0
-8.3,115970.4138,0.538,2376.87,059003.000060,059003.000510,-1.4207,3D,2.2133,78.012,0
-8.3,115943.5153,0.5378,4748.1,059003.000062,059003.000512,0.9412,2B,0.8165,3767.456,0
-8.3,115134.0904,0.5303,2290.02,059003.000080,059003.000526,1.7197,4C,1.2441,314.99,0
-8.3,114793.1883,0.5272,4510.35,059003.000064,059003.000504,0.2442,2E,3.0947,14.602,0
-8.3,114233.1199,0.522,2198.65,059003.000085,059003.000525,0.5337,2D,1.7495,348.67,0
-8.3,113789.8142,0.518,2154.53,059003.000070,059003.000505,0.0433,2B,1.2807,653.256,0
-8.3,113422.9944,0.5147,6355.33,059003.000070,059003.000502,0.9495,2G,0.4796,1898.746,0
-8.3,112571.7116,0.507,2036.14,059003.000061,059003.000575,-2.109,5C,0.7826,380.268,0
-8.3,112316.4067,0.5047,2011.85,059003.000084,059003.000514,-0.4503,2B,0.7746,643.782,0
-8.3,103007.2882,0.4245,6235.53,059003.000132,059003.000508,1.6763,4B,0.6753,1794.587,0
-8.3,102940.3261,0.4239,1242.43,059003.000050,059003.000405,-0.5045,2D,2.0048,101.597,0
-8.3,102856.698,0.4232,2473.23,059003.000112,059003.000498,-1.1398,3C,0.9568,264.744,0
-8.3,102248.7081,0.4183,8363.94,059003.000050,059003.000399,-0.3901,2A,0.5921,10325.084,0
-8.3,101789.475,0.4145,1163.92,059003.000069,059003.000409,0.4437,2A,0.5822,1565.336,0
-8.3,101170.1123,0.4095,2246.1,059003.000054,059003.000398,-0.3717,2A,0.6362,2207.238,0
-8.3,100635.811,0.4052,1088.56,059003.000046,059003.000381,-0.9855,3B,0.7744,3410.56,0
-8.3,100631.5843,0.4051,2176.59,059003.000064,059003.000407,0.6973,2B,0.5929,1000.907,0
-8.3,100441.708,0.8072,5381.06,059003.000060,059003.000484,-0.2908,2G,0.6165,937.632,0
-8.3,100441.708,0.8072,5381.06,059003.000047,059003.000472,-0.2842,2B,1.5018,7879.781,0
-8.3,100304.1868,0.805,1067.52,059003.000042,059003.000369,1.5311,2A,0.4384,1159.198,0
-8.3,99989.4,0.4,5238.93,059003.000540,059003.000495,-0.0741,2G,0.68,537.66,0
-8.3,99989.4,0.4,5238.93,059003.000041,059003.000463,0.2647,2G,0.6262,752.731,0
-8.3,99939.2138,0.3996,7312.65,059003.000054,059003.000389,0.3268,2B,0.5804,25551.263,0
-8.3,99540.4725,0.3964,2040.14,059003.000128,059003.000497,-1.8911,5G,0.6225,321.47,0
-8.3,99436.4004,0.3956,1013.72,059003.000063,059003.000397,0.1274,2G,0.613,11251.944,0
-8.3,99409.4053,0.7907,10120.73,059003.000042,059003.000361,-0.2296,2B,0.6553,2918.673,0
-8.3,99263.4216,0.3942,7022.49,059003.000062,059003.000394,0.9171,3B,0.7872,24515.283,0
-8.3,99257.9122,0.3942,1002.88,059003.000079,059003.000408,0.4979,2G,0.669,4084.747,0
-8.3,99176.4009,0.787,19959.13,059003.000072,059003.000407,0.3169,2G,0.5878,3967.448,0
-8.3,98986.6024,0.392,19731.1,059003.000539,059003.000491,0.4108,2G,0.634,3040.461,0
-8.3,98731.788,0.39,971.39,059003.000131,059003.000418,1.4163,4B,0.8146,389.248,0
-8.3,98632.4158,0.3892,28965.35,059003.000088,059003.000411,-0.3294,2B,0.5912,8199.029,0
-8.3,98632.4158,0.3892,28965.35,059003.000042,059003.000359,-0.2298,2A,0.4387,34972.617,0
-8.3,98588.5835,0.7777,9629.28,059003.000047,059003.000368,-0.3195,2B,0.6271,2595.655,0
-8.3,98531.8144,0.3884,2878.77,059003.000033,059003.000328,-0.1424,2B,1.5651,475.819,0
-8.3,98531.8144,0.3884,2878.77,059003.000089,059003.000495,0.0292,2C,0.7304,571.768,0
-8.3,98497.384,0.3881,7660.55,059003.000041,059003.000357,0.4131,2A,0.5999,11433.128,0
-8.3,98446.0819,0.3877,1909.12,059003.000073,059003.000404,-0.0797,2C,0.8279,8816.197,0
-8.3,98446.0819,0.3877,1909.12,059003.000060,059003.000476,0.0643,2G,0.5368,12356.748,0
-8.3,98437.7152,0.3877,19081.45,059003.000144,059003.000503,1.1253,3B,0.624,5796.319,0
-8.3,98347.7879,0.387,4744.1,059003.000088,059003.000409,0.0145,2A,0.5719,2978.833,0
-8.3,98297.7937,0.3866,4729.54,059003.000046,059003.000364,-0.8909,3G,0.6372,42962.725,0
-8.3,98270.2756,0.3863,9443.08,059003.000032,059003.000320,0.5363,2D,1.6581,472.848,0
-8.3,98059.8768,0.3847,932.13,059003.000074,059003.000485,-0.6372,2C,0.7664,4214.975,0
-8.3,98059.8768,0.3847,932.13,059003.000064,059003.000388,0.0271,2D,1.7083,2373.86,0
-8.3,98032.6238,0.3845,1861.13,059003.000074,059003.000402,0.9202,3B,0.8231,6819.256,0
-8.3,98012.7275,0.3843,4647.1,059003.000070,059003.000479,-0.9115,3B,0.4853,1646.158,0
-8.3,97871.2197,0.3832,6449.14,059003.000095,059003.000493,1.2709,4B,0.6045,2894.53,0
-8.3,97831.693,0.3829,3676.2,059003.000098,059003.000495,0.6158,2B,0.6227,1593.867,0
-8.3,97785.4856,0.3825,1832.83,059003.000164,059003.000527,-0.0001,2E,3.0192,5.205,0
-8.3,97752.9827,0.7646,9145.64,059003.000097,059003.000493,0.9392,2A,0.5998,8309.826,0
-8.3,97688.6942,0.3818,27327.36,059003.000099,059003.000413,0.5992,2B,0.5552,14065.796,0
-8.3,97679.4164,0.7634,4551.93,059003.000072,059003.000480,0.7241,2D,2.4945,335.486,0
-8.3,97627.9141,0.3813,4537.34,059003.000100,059003.000495,-0.6075,2G,0.6422,1087.977,0
-8.3,97618.5925,0.3812,906.94,059003.000167,059003.000529,1.6398,5B,0.7192,336.59,0
-8.3,97558.0032,0.7615,9035.18,059003.000099,059003.000493,-1.8705,3B,0.626,3154.979,0
-8.3,97486.6813,0.7604,35980.0,059003.000041,059003.000350,-2.2241,3A,0.5857,47552.585,0
-8.3,97486.6813,0.7604,35980.0,059003.000540,059003.000491,2.3919,4G,0.6213,3043.959,0
-8.3,97462.8063,0.38,3592.63,059003.000063,059003.000382,0.7373,2E,4.127,1.001,0
-8.3,97454.7195,0.7599,89770.34,059003.000041,059003.000349,1.1402,2G,0.5734,348616.126,0
-8.3,97440.203,0.3798,448444.06,059003.000049,059003.000362,-0.3474,2G,0.5734,74343.605,0
-8.3,97425.9808,0.3797,1792.18,059003.000154,059003.000514,-0.1743,2A,0.4579,2763.678,0
-8.3,97316.4198,0.7578,8899.57,059003.000049,059003.000361,-0.9783,2G,0.566,57496.474,0
-8.3,97316.4198,0.7578,8899.57,059003.000135,059003.000418,2.2306,3A,0.6179,7580.134,0
-8.3,97265.2108,0.3785,1774.2,059003.000539,059003.000478,0.0,2B,0.5858,4760.897,0
-8.3,97252.4727,0.7568,17727.8,059003.000064,059003.000381,-1.7927,3B,1.1437,6122.262,0
-8.3,97252.4727,0.7568,17727.8,059003.000083,059003.000487,-0.5743,2B,0.6207,6782.931,0
-8.3,97146.6082,0.7551,8805.07,059003.000069,059003.000389,-1.699,3A,0.5711,6100.161,0
-8.3,97146.6082,0.7551,8805.07,059003.000158,059003.000516,-1.3691,2B,0.6797,2811.346,0
-8.3,97113.8857,0.3773,43934.67,059003.000050,059003.000360,0.1817,2G,0.6424,8106.629,0
-8.3,97074.6258,0.377,17530.42,059003.000064,059003.000377,-0.2897,2B,0.7574,22238.812,0
-8.3,96951.0759,0.376,2609.13,059003.000155,059003.000510,-0.2927,2B,0.652,1224.977,0
-8.3,96877.1129,0.3755,1731.3,059003.000171,059003.000528,-0.0,2A,0.63,1082.205,0
-8.3,96877.1129,0.3755,1731.3,059003.000167,059003.000521,1.1947,4B,0.5359,740.638,0
-8.3,96870.1886,0.3754,6056.88,059003.000153,059003.000508,-1.7247,5A,0.6181,10487.383,0
-8.3,96844.3869,0.3752,1727.71,059003.000064,059003.000469,-0.5859,2B,0.4277,3885.955,0
-8.3,96799.2875,0.3749,1722.78,059003.000086,059003.000491,-0.5123,2A,0.5614,2396.389,0
-8.3,96799.2875,0.3749,1722.78,059003.000085,059003.000488,0.1465,2C,0.8403,348.07,0
-8.3,96790.5796,0.3748,12913.7,059003.000080,059003.000401,0.5892,2A,0.6693,14077.044,0
-8.3,96733.4204,0.3744,17155.9,059003.000082,059003.000403,0.611,2B,0.5657,31356.571,0
-8.3,96728.0055,0.3743,17150.0,059003.000154,059003.000507,-0.3746,2B,0.6062,8073.01,0
-8.3,96723.4134,0.3743,4286.25,059003.000057,059003.000372,-0.0,2A,0.6229,4748.345,0
-8.3,96702.3875,0.7482,8561.06,059003.000054,059003.000466,-0.353,2A,0.4413,6690.823,0
-8.3,96702.3875,0.7482,8561.06,059003.000053,059003.000463,0.2443,2A,0.4294,7213.433,0
-8.3,96699.2947,0.7482,17118.75,059003.000156,059003.000507,0.1399,2B,0.6091,5075.018,0
-8.3,96692.82,0.374,5989.1,059003.000539,059003.000477,0.1998,2B,1.3041,8845.466,0
-8.3,96628.3309,0.3735,25562.48,059003.000069,059003.000385,-0.3263,2B,0.8448,16129.593,0
-8.3,96615.9208,0.3734,2554.23,059003.000106,059003.000493,-0.9783,3B,0.612,1352.834,0
-8.3,96615.9208,0.3734,2554.23,059003.000083,059003.000485,-0.8571,3B,1.1317,881.415,0
-8.3,96604.1876,0.3734,1701.55,059003.000072,059003.000388,-0.8591,3G,0.607,51634.692,0
-8.3,96558.3832,0.373,8482.94,059003.000074,059003.000391,-0.0009,2A,0.6211,8829.501,0
-8.3,96458.7925,0.3722,8429.21,059003.000083,059003.000484,-0.6818,2A,0.6581,10454.334,0
-8.3,96383.5785,0.7433,1677.75,059003.000085,059003.000405,-0.5495,2G,0.5959,9459.705,0
-8.3,96297.7913,0.371,5839.97,059003.000047,059003.000357,-0.3414,2A,0.5927,7681.484,0
-8.3,96241.6059,0.3706,8312.81,059003.000160,059003.000516,1.156,4B,0.5649,2729.586,0
-8.3,96235.0183,0.3705,4154.65,059003.000072,059003.000385,-0.2965,2G,0.6241,85905.714,0
-8.3,96223.6227,0.7408,83032.24,059003.000047,059003.000355,-0.3378,2A,0.5646,57704.036,0
-8.3,96140.8168,0.3698,4129.58,059003.000075,059003.000389,0.309,2G,0.5641,41345.591,0
-8.3,96137.9813,0.3698,4128.83,059003.000079,059003.000480,0.4749,2B,0.5004,12369.103,0
-8.3,96128.9038,0.3697,82528.44,059003.000088,059003.000407,0.7353,2G,0.5891,16626.981,0
-8.3,95972.7893,0.3685,81702.61,059003.000111,059003.000411,0.1069,2G,0.5616,15059.235,0
-8.3,95916.9923,0.3681,81408.81,059003.000138,059003.000414,-0.0905,2G,0.5613,19976.672,0
-8.3,95901.0835,0.3679,5692.76,059003.000539,059003.000475,0.8019,3B,0.5892,12329.987,0
-8.3,95858.8818,0.3676,8110.36,059003.000053,059003.000359,0.6305,2G,0.542,96979.191,0
-8.3,95822.9244,0.3673,40457.56,059003.000084,059003.000396,0.1299,2E,1.9071,845.485,0
-8.3,95790.616,0.3671,40373.01,059003.000062,059003.000467,-0.1253,2A,0.6763,39728.881,0
-8.3,95766.4039,0.3669,2418.58,059003.000155,059003.000500,0.0592,2G,0.6073,17971.093,0
-8.3,95721.3946,0.3666,24115.36,059003.000088,059003.000405,0.1088,2G,0.5938,5491.056,0
-8.3,95699.1143,0.3664,8026.84,059003.000115,059003.000496,-0.4536,2A,0.5778,8830.929,0
-8.3,95680.9962,0.3663,801.74,059003.000160,059003.000510,1.2526,4C,1.0583,70.357,0
-8.3,95644.5806,0.732,15996.94,059003.000084,059003.000481,0.346,2C,1.0292,1679.547,0
-8.3,95638.7049,0.7319,7995.42,059003.000112,059003.000494,-1.4125,2B,0.6595,23276.545,0
-8.3,95638.7049,0.7319,7995.42,059003.000078,059003.000477,1.0704,2B,0.5212,24000.367,0
-8.3,95620.79,0.3658,15972.23,059003.000075,059003.000385,-0.0679,2B,0.7733,14924.537,0
-8.3,95620.79,0.3658,15972.23,059003.000072,059003.000377,0.6775,2B,1.2005,3463.267,0
-8.3,95615.4879,0.3658,3991.68,059003.000063,059003.000371,0.1857,2B,0.574,7093.131,0
-8.3,95592.7081,0.3656,23914.64,059003.000160,059003.000508,-0.701,2A,0.5535,20019.406,0
-8.3,95544.3951,0.3652,794.65,059003.000073,059003.000380,-0.6578,2G,0.5708,6944.143,0
-8.3,95544.3951,0.3652,794.65,059003.000087,059003.000484,0.3522,2B,0.8113,1407.174,0
-8.3,95539.719,0.3652,794.41,059003.000095,059003.000491,0.136,2E,2.4539,6.468,0
-8.3,95428.7775,0.7287,78868.59,059003.000093,059003.000407,-0.439,2G,0.616,10972.687,0
-8.3,95428.7775,0.7287,78868.59,059003.000085,059003.000482,1.8037,3G,0.5252,16052.759,0
-8.3,95414.6236,0.3642,2363.87,059003.000064,059003.000369,-0.5196,2A,0.4025,3145.126,0
-8.3,95382.6013,0.364,3145.25,059003.000160,059003.000506,-0.9837,3E,2.7353,39.428,0
-8.3,95350.4007,0.7275,15693.17,059003.000050,059003.000352,0.2764,2G,0.5683,96728.889,0
-8.3,95325.0207,0.3635,3916.79,059003.000095,059003.000487,0.4238,2A,0.6489,7112.024,0
-8.3,95325.0207,0.3635,3916.79,059003.000097,059003.000489,1.2926,4B,0.6125,1294.084,0
-8.3,95237.598,0.3629,778.89,059003.000062,059003.000365,0.0486,2G,0.7436,36999.23,0
-8.3,95190.5203,0.3625,15529.74,059003.000540,059003.000477,-0.1977,2B,0.7706,14329.968,0
-8.3,95175.8767,0.3624,2327.22,059003.000089,059003.000485,0.5314,2B,0.9925,2504.896,0
-8.3,95170.6965,0.3624,5428.34,059003.000075,059003.000472,-0.7634,3D,1.6917,276.537,0
-8.3,95170.6965,0.3624,5428.34,059003.000093,059003.000406,0.9338,3A,0.5498,3990.622,0
-8.3,95160.0028,0.3623,774.93,059003.000080,059003.000389,0.023,2G,0.5913,10647.148,0
-8.3,95149.9291,0.7244,7744.21,059003.000062,059003.000465,-1.3255,2D,2.6474,496.395,0
-8.3,95142.7052,0.3621,3870.27,059003.000167,059003.000515,-0.0001,2B,0.5709,9899.003,0
-8.3,95110.8731,0.3619,15448.75,059003.000098,059003.000487,-0.0334,2A,0.5989,13362.436,0
-8.3,95100.8998,0.3618,23157.95,059003.000075,059003.000380,-0.5868,2G,0.7041,911.032,0
-8.3,95100.8998,0.3618,23157.95,059003.000062,059003.000364,0.8357,3B,0.6457,6791.205,0
-8.3,95036.71,0.7227,3843.4,059003.000099,059003.000488,-0.7961,2A,0.6397,3061.822,0
-8.3,95036.71,0.7227,3843.4,059003.000160,059003.000503,0.7698,2G,0.5723,888.767,0
-8.3,95030.4919,0.7226,3841.83,059003.000099,059003.000407,1.1161,2A,0.5466,5910.344,0
-8.3,95007.5268,0.3611,2301.62,059003.000063,059003.000466,-0.4966,2B,0.4665,3803.987,0
-8.3,95007.5268,0.3611,2301.62,059003.000054,059003.000458,-0.3496,2B,0.7288,5935.546,0
-8.3,94844.6956,0.3599,5313.07,059003.000078,059003.000475,-0.6003,2A,0.5949,6530.44,0
-8.3,94669.7288,0.3586,37513.49,059003.000102,059003.000489,0.2057,2B,0.5672,18797.196,0
-8.3,94558.2902,0.7154,14894.79,059003.000078,059003.000473,0.1004,2A,0.542,14864.77,0
-8.3,94519.9185,0.7148,7428.41,059003.000104,059003.000489,-1.2189,2A,0.5413,10083.894,0
-8.3,94474.579,0.3571,2221.81,059003.000098,059003.000485,-0.0583,2D,2.5753,2749.869,0
-8.3,94425.0241,0.3567,7381.62,059003.000099,059003.000403,0.8733,3B,0.6345,3020.592,0
-8.3,94406.405,0.3566,147449.28,059003.000166,059003.000422,-0.3873,2G,0.5178,42276.66,0
-8.3,94398.1109,0.713,73683.87,059003.000540,059003.000475,-0.2684,2A,0.5572,45440.702,0
-8.3,94398.1109,0.713,73683.87,059003.000114,059003.000408,-0.1841,2A,0.5639,106228.461,0
-8.3,94398.1109,0.713,73683.87,059003.000064,059003.000360,1.2333,2B,0.5846,29087.889,0
-8.3,94337.9051,0.356,7338.84,059003.000164,059003.000504,-0.1114,2C,1.5019,344.85,0
-8.3,94317.0915,0.3559,29314.58,059003.000098,059003.000484,-0.2422,2B,0.5942,8925.15,0
-8.3,94243.016,0.3553,72924.36,059003.000119,059003.000411,0.9479,3G,0.632,16056.439,0
-8.3,94237.887,0.7106,3644.97,059003.000099,059003.000401,-0.3803,2G,0.5672,49797.884,0
-8.3,94237.887,0.7106,3644.97,059003.000070,059003.000367,0.0816,2G,0.5414,43527.637,0
-8.3,94122.1025,0.7088,36167.98,059003.000121,059003.000494,0.561,2G,0.4661,6054.089,0
-8.3,94122.1025,0.7088,36167.98,059003.000080,059003.000380,1.144,2G,0.5375,8253.129,0
-8.3,94072.9304,0.3541,7209.76,059003.000091,059003.000393,-0.4133,2B,0.6114,16814.854,0
-8.3,94050.6743,0.3539,50392.92,059003.000095,059003.000483,0.0009,2A,0.5802,34635.367,0
-8.3,94050.6743,0.3539,50392.92,059003.000120,059003.000412,0.896,3A,0.5628,48659.515,0
-8.3,94033.073,0.3538,14380.96,059003.000097,059003.000398,1.0495,3A,0.557,22903.326,0
-8.3,93999.1023,0.3535,7174.07,059003.000081,059003.000380,-0.4577,2B,0.5405,2609.126,0
-8.3,93999.1023,0.3535,7174.07,059003.000057,059003.000354,-0.0919,2G,0.6165,1555.134,0
-8.3,93999.1023,0.3535,7174.07,059003.000105,059003.000405,0.868,3C,0.6939,1573.192,0
-8.3,93951.1233,0.3531,35754.73,059003.000164,059003.000501,-0.0001,2A,0.5016,23159.544,0
-8.3,93932.6031,0.353,28568.13,059003.000144,059003.000417,-0.6442,2B,0.5302,51350.666,0
-8.3,93899.5134,0.3527,7126.13,059003.000072,059003.000367,-0.5431,2G,0.5696,41791.511,0
-8.3,93877.1167,0.3526,14230.75,059003.000082,059003.000380,-0.7771,3A,0.5323,13096.072,0
-8.3,93847.5126,0.3524,14202.35,059003.000066,059003.000361,0.8757,3G,0.5624,3535.304,0
-8.3,93836.7869,0.3523,7096.04,059003.000098,059003.000483,-0.196,2E,3.8558,8.549,0
-8.3,93818.7147,0.3521,21262.16,059003.000054,059003.000350,0.8007,3B,0.5648,68941.492,0
-8.3,93780.7058,0.3519,14138.43,059003.000123,059003.000411,0.1085,2B,0.5388,29529.715,0
-8.3,93780.7058,0.3519,14138.43,059003.000172,059003.000508,1.2461,4A,0.5578,14918.717,0
-8.3,93712.4069,0.3513,7036.64,059003.000086,059003.000475,-1.4829,5B,0.5406,15381.309,0
-8.3,93712.4069,0.3513,7036.64,059003.000085,059003.000384,-0.4167,2B,0.5667,2796.062,0
-8.3,93697.726,0.3512,7029.65,059003.000173,059003.000509,-0.524,2B,0.6004,2008.091,0
-8.3,93644.0216,0.3508,14008.25,059003.000171,059003.000425,-0.0,2A,0.669,20892.355,0
-8.3,93623.4178,0.3507,6994.35,059003.000171,059003.000424,-0.0,2G,0.531,27002.527,0
-8.3,93600.9963,0.3505,1396.74,059003.000096,059003.000393,0.4708,2B,0.6163,4314.252,0
-8.3,93557.9935,0.7004,6963.37,059003.000079,059003.000375,-0.0753,2G,0.5544,184938.991,0
-8.3,93557.9935,0.7004,6963.37,059003.000088,059003.000388,0.8622,2G,0.4861,24751.58,0
-8.3,93527.6111,0.35,13898.02,059003.000145,059003.000415,-0.0002,2A,0.4414,10528.106,0
-8.3,93491.5931,0.3497,693.2,059003.000087,059003.000386,0.6182,2G,0.5235,6856.704,0
-8.3,93469.9069,0.3495,13843.61,059003.000171,059003.000422,0.3722,2G,0.5582,107136.215,0
-8.3,93428.1786,0.3492,69021.74,059003.000146,059003.000417,-0.1937,2G,0.5743,11743.438,0
-8.3,93420.3032,0.3492,6898.47,059003.000172,059003.000505,-0.0201,2G,0.6124,25820.546,0
-8.3,93384.1897,0.3489,2064.46,059003.000097,059003.000392,-0.869,3B,0.5789,4895.33,0
-8.3,93343.809,0.3486,68626.03,059003.000147,059003.000497,1.7,5G,0.5259,19630.059,0
-8.3,93278.0811,0.3481,6831.88,059003.000035,059003.000329,-0.7702,3G,0.4509,897.355,0
-8.3,93278.0811,0.3481,6831.88,059003.000102,059003.000483,-0.4822,2B,0.7619,2986.46,0
-8.3,93278.0811,0.3481,6831.88,059003.000106,059003.000484,0.1066,2B,0.7613,4235.733,0
-8.3,93265.8915,0.696,34130.98,059003.000088,059003.000386,-0.7822,2B,0.5739,15145.217,0
-8.3,93229.2841,0.3477,68091.36,059003.000104,059003.000398,-0.1487,2B,0.5491,21561.333,0
-8.3,93229.2841,0.3477,68091.36,059003.000102,059003.000395,-0.0,2B,0.5586,24458.456,0
-8.3,93118.8143,0.3469,675.78,059003.000150,059003.000499,0.3559,2B,0.5429,389.543,0
-8.3,93086.727,0.3467,3371.49,059003.000085,059003.000470,-1.0069,3D,1.9833,3383.048,0
-8.3,93086.727,0.3467,3371.49,059003.000173,059003.000503,-0.6204,2B,0.5626,6978.702,0
-8.3,93056.9248,0.3464,67292.1,059003.000171,059003.000502,-0.4302,2D,1.8271,3359.357,0
-8.3,92976.2029,0.3458,669.2,059003.000087,059003.000381,0.3549,2B,0.6662,2039.373,0
-8.3,92964.2857,0.6915,6686.52,059003.000073,059003.000463,0.9544,2D,1.8815,214.56,0
-8.3,92856.7901,0.345,1991.16,059003.000175,059003.000503,-1.6757,5A,0.6091,3268.378,0
-8.3,92856.7901,0.345,1991.16,059003.000106,059003.000397,-0.5951,2A,0.6204,2099.389,0
-8.3,92774.8239,0.3443,26399.15,059003.000114,059003.000407,-0.9549,3A,0.541,21569.552,0
-8.3,92768.9012,0.3443,659.71,059003.000150,059003.000418,-0.972,3A,0.5354,968.903,0
-8.3,92652.5926,0.3434,654.42,059003.000089,059003.000473,-0.9918,3B,0.5504,1196.321,0
-8.3,92652.5926,0.3434,654.42,059003.000112,059003.000486,1.0306,4B,0.5538,1991.259,0
-8.3,92588.8212,0.343,1954.62,059003.000106,059003.000480,-0.1885,2G,0.4935,15393.977,0
-8.3,92582.6791,0.3429,1302.52,059003.000104,059003.000392,0.211,2G,0.5804,15389.498,0
-8.3,92516.0075,0.3424,3889.54,059003.000114,059003.000406,-0.3175,2G,0.5284,59422.788,0
-8.3,92409.2989,0.3416,6434.65,059003.000081,059003.000371,-0.4146,2B,0.635,2303.5,0
-8.3,92327.7105,0.341,6398.19,059003.000075,059003.000360,0.0929,2G,0.6038,1468.097,0
-8.3,92281.1028,0.6814,3188.71,059003.000177,059003.000506,0.2943,2C,0.794,547.625,0
-8.3,92268.4091,0.3406,1274.35,059003.000129,059003.000413,0.1103,2B,0.5376,2773.621,0
-8.3,92236.5888,0.3404,635.76,059003.000062,059003.000349,-0.7908,3C,1.2208,48.846,0
-8.3,92229.2788,0.3403,12708.76,059003.000097,059003.000474,0.7623,3B,0.5135,5148.521,0
-8.3,92225.2796,0.3403,4446.82,059003.000099,059003.000476,0.3117,2B,1.2815,1624.161,0
-8.3,92168.393,0.6797,6327.39,059003.000099,059003.000386,0.5119,2A,0.5467,7627.238,0
-8.3,92039.8261,0.3389,1254.13,059003.000091,059003.000471,-0.4526,2D,1.6281,242.221,0
-8.3,92027.1217,0.3388,626.51,059003.000084,059003.000370,0.7034,3B,0.5215,2091.99,0
-8.3,91957.396,0.3383,623.45,059003.000179,059003.000529,-1.2913,4A,0.5244,536.167,0
-8.3,91948.6898,0.3382,1246.13,059003.000095,059003.000472,-0.5939,2A,0.6027,1706.759,0
-8.3,91879.4879,0.3377,6200.39,059003.000095,059003.000380,0.1775,2B,0.7487,2152.608,0
-8.3,91873.6314,0.3377,6197.83,059003.000093,059003.000377,0.3865,2G,0.5358,25497.718,0
-8.3,91855.1818,0.3376,12379.57,059003.000129,059003.000410,-0.0001,2G,0.5518,229499.411,0
-8.3,91829.2817,0.3374,1853.55,059003.000155,059003.000497,-0.4109,2A,0.577,1587.455,0
-8.3,91829.2817,0.3374,1853.55,059003.000129,059003.000409,0.0971,2B,0.4949,569.31,0
-8.3,91824.7085,0.3373,18529.52,059003.000085,059003.000373,-0.6487,2A,0.5551,15522.585,0
-8.3,91804.9911,0.3372,616.79,059003.000155,059003.000417,0.7684,3G,0.5425,5663.119,0
-8.3,91779.9325,0.337,9235.55,059003.000158,059003.000498,-0.8481,3A,0.5665,11122.842,0
-8.3,91741.4819,0.3367,614.03,059003.000101,059003.000475,0.833,3B,0.6072,1969.434,0
-8.3,91626.1111,0.6717,1218.09,059003.000121,059003.000491,1.6355,3B,0.5191,3658.29,0
-8.3,91593.9826,0.3356,607.66,059003.000159,059003.000498,0.9769,3G,0.5824,2860.337,0
-8.3,91526.484,0.3351,3628.57,059003.000121,059003.000489,-0.0421,2A,0.5509,5378.868,0
-8.3,91526.484,0.3351,3628.57,059003.000079,059003.000361,0.3505,2A,0.5326,3218.699,0
-8.3,91526.484,0.3351,3628.57,059003.000082,059003.000464,0.6187,2G,0.4905,1043.803,0
-8.3,91410.2244,0.3343,5997.87,059003.000121,059003.000487,0.7349,3G,0.5363,1211.678,0
-8.3,91394.5191,0.3342,1797.35,059003.000102,059003.000473,0.0624,2A,0.5222,2910.108,0
-8.3,91326.0864,0.3337,17886.16,059003.000105,059003.000384,-0.8434,3B,0.5471,5504.905,0
-8.3,91326.0864,0.3337,17886.16,059003.000099,059003.000470,-0.0125,2G,0.6291,1976.254,0
-8.3,91282.3016,0.3334,8915.21,059003.000108,059003.000388,0.1668,2B,0.7067,4177.149,0
-8.3,91282.3016,0.3334,8915.21,059003.000106,059003.000476,0.3082,2D,2.316,4764.463,0
-8.3,91225.9097,0.6659,29597.99,059003.000106,059003.000386,1.0032,2B,0.5322,82424.16,0
-8.3,91202.02,0.6655,5909.51,059003.000115,059003.000397,-1.5321,3C,0.7937,682.665,0
-8.3,91202.02,0.6655,5909.51,059003.000105,059003.000382,0.1229,2G,0.6451,1000.533,0
-8.3,91202.02,0.6655,5909.51,059003.000158,059003.000414,1.3852,3G,0.5406,1446.165,0
-8.3,91069.111,0.3318,585.36,059003.000115,059003.000482,0.5799,2G,0.5276,13638.799,0
-8.3,90868.6724,0.3303,2307.96,059003.000123,059003.000405,-0.4656,2C,0.8493,226.245,0
-8.3,90868.6724,0.3303,2307.96,059003.000048,059003.000550,-0.2199,2D,1.9852,109.889,0
-8.3,90773.5186,0.3297,573.05,059003.000121,059003.000485,0.2982,2G,0.5993,10974.861,0
-8.3,90608.1,0.6569,11324.79,059003.000111,059003.000386,1.489,3B,0.5672,6378.251,0
-8.3,90589.4785,0.3283,11309.53,059003.000132,059003.000409,-0.6638,3B,0.5879,3581.891,0
-8.3,90539.5031,0.328,2253.73,059003.000087,059003.000464,-0.7975,3B,1.1556,1345.61,0
-8.3,90512.2958,0.3278,5623.22,059003.000181,059003.000525,-0.3884,2A,0.659,9769.027,0
-8.3,90449.1769,0.3273,1119.5,059003.000119,059003.000483,0.4629,2B,0.7188,926.034,0
-8.3,90387.0101,0.3269,1671.68,059003.000134,059003.000411,-0.9195,3G,0.5519,284.558,0
-8.3,90373.0676,0.3268,11133.24,059003.000119,059003.000482,-0.3869,2B,0.5414,20963.635,0
-8.3,90254.1011,0.6518,11037.15,059003.000097,059003.000373,-1.7909,3A,0.5235,14006.521,0
-8.3,90254.1011,0.6518,11037.15,059003.000179,059003.000520,-0.0,2B,0.5901,29007.683,0
-8.3,90075.1213,0.3246,544.68,059003.000098,059003.000371,-0.6523,3G,0.5623,3357.897,0
-8.3,89997.8791,0.324,541.61,059003.000120,059003.000480,0.2254,2B,0.7982,137.779,0
-8.3,89991.2139,0.324,541.34,059003.000127,059003.000407,-0.4293,2G,0.6197,6848.698,0
-8.3,89962.2209,0.3238,5401.92,059003.000180,059003.000519,0.7624,3B,0.6131,15059.585,0
-8.3,89872.7094,0.3231,5366.5,059003.000100,059003.000371,-0.5086,2B,0.4788,1720.81,0
-8.3,89778.2089,0.3225,5329.27,059003.000123,059003.000480,-0.4202,2B,0.8901,1689.326,0
-8.3,89739.9232,0.3222,10628.48,059003.000112,059003.000382,0.2239,2D,1.8719,895.089,0
-8.3,89723.1924,0.3221,530.77,059003.000123,059003.000394,-0.535,2B,1.3514,1127.973,0
-8.3,89649.4084,0.3215,527.88,059003.000184,059003.000526,0.2343,2B,1.5436,4415.213,0
-8.3,89452.9012,0.3201,5202.5,059003.000104,059003.000373,-0.4001,2B,0.5049,15260.036,0
-8.3,89452.9012,0.3201,5202.5,059003.000099,059003.000365,0.7738,3G,0.5707,20937.348,0
-8.3,89352.8955,0.6388,51639.61,059003.000084,059003.000354,-1.5023,3G,0.6059,2820.297,0
-8.3,89352.8955,0.6388,51639.61,059003.000115,059003.000384,-1.4855,3B,0.4957,23545.695,0
-8.3,89256.919,0.3187,512.72,059003.000085,059003.000357,-0.0652,2G,0.5606,5631.627,0
-8.3,89054.5115,0.3173,1515.04,059003.000181,059003.000519,-0.678,3B,0.5374,3037.416,0
-8.3,88930.7067,0.3164,500.34,059003.000126,059003.000397,-0.4212,2G,0.4795,2602.483,0
-8.3,88833.5138,0.3157,9933.99,059003.000172,059003.000418,-1.978,5G,0.4746,910.815,0
-8.3,88833.5138,0.3157,9933.99,059003.000179,059003.000508,1.2239,4B,0.5795,2843.68,0
-8.3,88806.7838,0.3155,1982.8,059003.000130,059003.000484,-0.217,2B,1.3845,2623.093,0
-8.3,88806.7838,0.3155,1982.8,059003.000055,059003.000341,0.0425,2B,0.4152,1010.654,0
-8.3,88752.5226,0.3151,987.35,059003.000128,059003.000398,-0.5858,2B,0.8853,1538.768,0
-8.3,88352.8732,0.3123,957.89,059003.000181,059003.000516,-0.3509,2B,0.6615,362.085,0
-8.3,88025.5163,0.31,9342.29,059003.000185,059003.000526,-0.8054,3B,1.0123,8025.803,0
-8.3,87982.3875,0.3097,1862.28,059003.000129,059003.000393,0.5043,2B,0.7122,1888.001,0
-8.3,87977.1956,0.3097,465.39,059003.000112,059003.000373,-0.0702,2G,0.5126,7469.137,0
-8.3,87791.2687,0.3084,1376.32,059003.000181,059003.000510,-1.2491,5B,0.974,403.45,0
-8.3,87791.2687,0.3084,1376.32,059003.000120,059003.000470,-0.4998,2B,0.7148,548.208,0
-8.3,87724.7836,0.3079,4564.27,059003.000135,059003.000489,-0.4815,2A,0.4851,5529.73,0
-8.3,87622.0755,0.3072,905.63,059003.000112,059003.000366,-0.5357,2B,0.547,3079.353,0
-8.3,87622.0755,0.3072,905.63,059003.000113,059003.000367,0.0281,2B,0.5125,490.751,0
-8.3,87580.6086,0.3069,18054.59,059003.000186,059003.000525,0.1561,2A,0.6082,17083.308,0
-8.3,87573.0975,0.3068,9022.04,059003.000123,059003.000470,0.3537,2C,0.8582,1439.312,0
-8.3,87567.498,0.3068,901.81,059003.000181,059003.000507,0.228,2G,0.5123,9762.595,0
-8.3,87496.9963,0.3063,4484.47,059003.000181,059003.000506,0.637,3B,0.5105,2130.153,0
-8.3,87462.0945,0.306,447.23,059003.000130,059003.000391,-0.08,2A,0.543,599.898,0
-8.3,87225.3983,0.3044,1756.25,059003.000184,059003.000512,-0.2805,2G,0.4599,335.251,0
-8.3,86967.891,0.3026,8605.86,059003.000108,059003.000359,0.4731,2B,0.4918,3385.923,0
-8.3,86832.6907,0.3017,4257.39,059003.000135,059003.000401,0.7167,3A,0.503,4168.483,0
-8.3,86771.1104,0.3012,4236.76,059003.000119,059003.000373,-0.7275,3B,0.5174,2199.618,0
-8.3,86771.1104,0.3012,4236.76,059003.000128,059003.000473,1.3639,5G,0.4832,369.764,0
-8.3,86607.3209,0.3001,418.22,059003.000044,059003.000317,-0.326,2G,0.285,2400.485,0
-8.3,86607.3209,0.3001,418.22,059003.000181,059003.000500,-0.1729,2G,0.4675,2205.841,0
-8.3,85420.6028,0.2919,3801.94,059003.000186,059003.000516,-0.3896,2G,0.5059,826.601,0
-8.3,84563.6736,0.5722,2125.87,059003.000139,059003.000394,-0.7003,2G,0.9521,156.311,0
-8.3,84563.6736,0.5722,2125.87,059003.000158,059003.000494,0.6136,2B,0.5102,762.496,0
-8.3,84225.2058,0.2838,688.89,059003.000160,059003.000496,-0.1285,2B,0.4727,387.656,0
-8.3,83533.9722,0.2792,324.91,059003.000193,059003.000602,-0.1177,2C,1.5835,24.514,0
-8.3,83488.4854,0.2789,647.3,059003.000160,059003.000493,-0.3471,2A,0.4924,864.339,0
-8.3,83310.926,0.5554,1593.89,059003.000139,059003.000476,-1.3334,3B,0.3904,775.164,0
-8.3,83154.3284,0.5533,1572.62,059003.000132,059003.000369,-0.4651,2B,0.4698,827.986,0
-8.3,83124.8934,0.2764,313.73,059003.000142,059003.000477,-0.0335,2G,0.6531,50.179,0
-8.3,83109.8971,0.5527,3133.25,059003.000181,059003.000499,-0.9036,2G,0.4203,709.231,0
-8.3,83098.8294,0.2763,313.03,059003.000124,059003.000562,0.4996,2G,0.4091,65.254,0
-8.3,83048.1854,0.2759,1246.66,059003.000133,059003.000370,-0.2326,2B,0.5222,582.929,0
-8.3,82625.5258,0.2731,1201.85,059003.000126,059003.000357,-0.5916,3B,0.4142,703.059,0
-8.3,82066.3345,0.2694,1144.36,059003.000158,059003.000491,0.3404,2B,0.4129,1998.235,0
-8.3,81057.0196,0.2629,261.42,059003.000158,059003.000484,-0.4157,2C,1.0547,26.885,0
-8.3,80766.6913,0.261,1018.48,059003.000172,059003.000408,-0.2102,2B,0.4948,350.11,0
-8.3,80570.117,0.5194,1250.45,059003.000070,059003.000457,-0.1177,2A,0.4787,959.445,0
-8.3,80570.117,0.5194,1250.45,059003.000147,059003.000473,0.6251,2G,0.562,279.402,0
-8.3,80054.1345,0.2564,715.44,059003.000186,059003.000498,0.3389,2B,0.4048,282.206,0
-8.3,79493.3882,0.5056,2263.11,059003.000151,059003.000377,-0.2084,2C,0.9269,317.156,0
-8.3,78805.1345,0.2485,424.01,059003.000160,059003.000391,0.053,2B,0.6976,196.349,0
-8.3,78255.7298,0.245,402.15,059003.000103,059003.000326,-0.5943,3D,1.7343,17.183,0
-8.3,77647.3769,0.4824,378.92,059003.000172,059003.000480,0.3834,2E,2.1613,4.889,0
-8.3,76925.9718,0.4735,5290.09,059003.000156,059003.000367,-0.9942,3G,0.4977,1055.299,0
-8.3,76708.1804,0.2354,345.02,059003.000164,059003.000379,-0.0181,2A,0.4788,315.938,0
-8.3,76708.1804,0.2354,345.02,059003.000164,059003.000378,0.2539,2B,0.3855,179.338,0
-8.3,76337.4202,0.4663,332.28,059003.000060,059003.000311,-1.3519,3A,0.423,400.179,0
-8.3,76337.4202,0.4663,332.28,059003.000181,059003.000496,-0.6884,2B,0.4108,826.752,0
-8.3,74080.033,0.2196,131.05,059003.000088,059003.000313,-1.013,5A,0.5764,113.201,0
-8.3,74080.033,0.2196,131.05,059003.000180,059003.000489,0.4727,3B,0.5177,369.613,0
-8.3,73270.8242,0.2148,119.94,059003.000182,059003.000491,-0.4265,2C,0.741,20.498,0
-8.3,72664.4223,0.2113,896.72,059003.000181,059003.000405,0.1963,2A,0.3359,786.24,0
-8.3,72625.4791,0.211,1674.0,059003.000087,059003.000312,-0.6795,4E,1.7364,58.272,0
-8.3,72360.2277,0.2095,433.21,059003.000179,059003.000392,-0.5008,3A,0.4143,604.019,0
-8.3,72356.576,0.2095,216.51,059003.000083,059003.000311,0.3284,2B,0.4753,471.663,0
-8.3,72332.2213,0.2093,215.92,059003.000123,059003.000457,-0.2012,2C,1.348,22.666,0
-8.3,72082.6879,0.2079,209.86,059003.000184,059003.000487,-0.3606,2G,0.3795,61.532,0
-8.3,71666.2138,0.411,400.09,059003.000220,059003.000603,0.7619,2D,1.9367,19.455,0
-8.3,71280.5969,0.2033,1912.68,059003.000195,059003.000572,0.2148,2D,2.1618,883.085,0
-8.3,71047.123,0.202,558.3,059003.000216,059003.000428,-0.318,2B,0.5626,1411.883,0
-8.3,71035.9177,0.2019,278.78,059003.000196,059003.000420,0.1567,2B,1.231,518.587,0
-8.3,70887.1301,0.4021,913.09,059003.000220,059003.000429,0.1792,2B,0.5644,1612.668,0
-8.3,70826.6795,0.4014,9065.81,059003.000195,059003.000571,-0.7797,2G,0.6656,2070.508,0
-8.3,70826.6795,0.4014,9065.81,059003.000206,059003.000427,-0.3067,2G,0.6303,1371.583,0
-8.3,70798.329,0.2005,1807.08,059003.000127,059003.000456,0.0259,2B,0.5292,863.255,0
-8.3,70619.4628,0.1995,88.45,059003.000057,059003.000454,-0.663,4D,1.986,513.977,0
-8.3,70619.4628,0.1995,88.45,059003.000185,059003.000490,-0.0,2G,0.2968,442.998,0
-8.3,70256.5283,0.395,338.76,059003.000053,059003.000451,-0.4778,2B,1.5378,737.76,0
-8.3,69845.8472,0.1952,241.74,059003.000131,059003.000456,-0.0778,2D,2.4167,178.595,0
-8.3,69845.8472,0.1952,241.74,059003.000199,059003.000420,0.4638,3B,1.3972,139.116,0
-8.3,69823.3764,0.3901,401.8,059003.000185,059003.000485,-0.5505,2B,0.3655,230.245,0
-8.3,69538.9742,0.1935,77.61,059003.000049,059003.000301,-0.0345,2B,1.0794,35.411,0
-8.3,69507.0093,0.3866,1546.14,059003.000104,059003.000311,-0.2923,2A,0.5394,1472.904,0
-8.3,69497.9806,0.1932,386.11,059003.000089,059003.000309,-0.5153,3B,0.5257,783.47,0
-8.3,69227.9056,0.1917,149.38,059003.000123,059003.000313,-0.9925,5B,1.5544,120.352,0
-8.3,68938.0632,0.1901,288.16,059003.000198,059003.000572,-0.0982,2B,0.7968,66.745,0
-8.3,68900.5179,0.1899,2151.07,059003.000095,059003.000308,-0.1528,2C,0.9579,311.917,0
-8.3,68839.5479,0.1896,71.16,059003.000196,059003.000571,-0.2741,2G,0.5712,370.297,0
-8.3,68839.5479,0.1896,71.16,059003.000046,059003.000297,0.5195,3A,0.3313,78.02,0
-8.3,68638.2196,0.1885,69.38,059003.000184,059003.000380,0.4577,3B,0.3891,112.286,0
-8.3,68519.7204,0.3757,136.69,059003.000067,059003.000303,0.1063,2G,0.3005,33.843,0
-8.3,68474.3923,0.1876,67.96,059003.000223,059003.000578,-0.1548,2D,2.5657,4.224,0
-8.3,68464.2124,0.1875,135.73,059003.000225,059003.000584,-0.2958,2D,1.6824,7.779,0
-8.3,68263.1073,0.3729,330.77,059003.000108,059003.000310,-0.5517,2A,0.5776,524.131,0
-8.3,68130.3914,0.1857,650.42,059003.000245,059003.000602,-0.2055,2C,1.5833,30.955,0
-8.3,68075.4688,0.1854,645.85,059003.000169,059003.000346,-0.2985,2A,0.5448,490.887,0
-8.3,68048.1199,0.1853,193.08,059003.000237,059003.000428,0.4865,3B,1.1328,78.642,0
-8.3,67976.9143,0.1849,191.32,059003.000203,059003.000575,-0.9391,5G,0.8495,5163.156,0
-8.3,67911.1702,0.1845,1264.71,059003.000174,059003.000347,-0.187,2B,0.4526,470.152,0
-8.3,67880.5943,0.1844,62.99,059003.000057,059003.000301,0.0312,2B,1.2479,12.304,0
-8.3,67756.1419,0.1837,619.82,059003.000214,059003.000577,-0.1642,2B,0.7499,411.814,0
-8.3,67666.7203,0.1832,490.14,059003.000249,059003.000603,0.0859,2C,1.571,22.221,0
-8.3,67639.1157,0.183,610.49,059003.000073,059003.000303,-0.263,2B,1.2535,447.083,0
-8.3,67573.1957,0.1827,1210.55,059003.000239,059003.000428,-0.8915,5A,0.5796,1592.845,0
-8.3,67491.9961,0.1823,419.23,059003.000244,059003.000429,0.1358,2A,0.6286,294.735,0
-8.3,67399.4941,0.1818,295.86,059003.000202,059003.000572,0.2978,2E,2.4076,3.442,0
-8.3,67186.8827,0.1806,57.54,059003.000253,059003.000602,0.0955,2D,2.1124,2.315,0
-8.3,67086.3884,0.1801,113.57,059003.000236,059003.000588,0.1514,2E,2.017,2.154,0
-8.3,67066.7704,0.18,396.47,059003.000248,059003.000429,-0.1683,2A,0.6415,380.014,0
-8.3,67028.7199,0.3595,563.54,059003.000111,059003.000308,-0.6057,2D,1.6311,114.181,0
-8.3,66825.5875,0.1787,1097.12,059003.000119,059003.000311,-0.2505,2A,0.4438,1699.493,0
-8.3,66469.1764,0.1768,52.3,059003.000249,059003.000428,0.6354,4A,0.493,41.138,0
-8.3,66422.3671,0.353,1039.46,059003.000087,059003.000305,0.8489,3B,0.8249,281.55,0
-8.3,66402.7238,0.1764,155.51,059003.000212,059003.000575,1.1105,5C,0.8821,849.167,0
-8.3,66059.2714,0.1746,247.39,059003.000063,059003.000447,-0.0263,2D,1.8955,78.426,0
-8.3,65931.5809,0.3478,1944.97,059003.000221,059003.000421,0.5071,2B,0.687,830.578,0
-8.3,65779.8791,0.1731,142.87,059003.000213,059003.000574,-0.5035,3C,1.2346,18.474,0
-8.3,63288.607,0.1603,1635.62,059003.000154,059003.000457,-0.0138,2B,0.5643,3828.587,0
-8.3,59170.3009,0.1401,2439.17,059003.000225,059003.000569,0.0137,2B,1.1635,733.49,0
-8.3,58582.8263,0.1373,11656.49,059003.000108,059003.000296,-0.5736,5G,0.5396,3264.973,0
-8.3,58400.9324,0.1365,1149.23,059003.000230,059003.000569,-0.3748,3A,0.529,1870.058,0
-8.3,58070.4594,0.1349,1119.72,059003.000080,059003.000285,0.3974,3C,1.3206,9622.059,0
-8.3,57258.09,0.1312,1049.04,059003.000195,059003.000564,-0.5217,4A,0.4479,1584.687,0
-8.3,57161.999,0.1307,2081.7,059003.000141,059003.000307,-0.1226,2A,0.5257,2115.402,0
-8.3,56782.1676,0.129,10088.46,059003.000226,059003.000567,0.7891,5A,0.6162,13179.746,0
-8.3,56537.4693,0.1279,9885.31,059003.000073,059003.000440,-0.1307,2A,0.312,8844.164,0
-8.3,55679.6348,0.124,1838.38,059003.000041,059003.000246,-0.2282,2B,0.6358,527.677,0
-8.3,55519.4274,0.1233,18131.27,059003.000161,059003.000311,0.0566,2B,0.5652,6513.499,0
-8.3,55221.677,0.122,2650.1,059003.000223,059003.000566,0.0975,2C,0.9999,270.457,0
-8.3,55015.3274,0.1211,2602.5,059003.000042,059003.000244,-0.1105,2A,0.4939,3883.318,0
-8.3,54969.5914,0.1209,8640.05,059003.000139,059003.000454,0.5155,5G,0.5497,1512.625,0
-8.3,54627.2218,0.1194,16762.19,059003.000242,059003.000567,-0.3986,4A,0.4908,16827.813,0
-8.3,54614.808,0.1193,837.18,059003.000256,059003.000568,0.0,2A,0.59,1279.966,0
-8.3,54600.3383,0.1193,6688.77,059003.000106,059003.000286,-0.2317,2B,1.0339,9225.622,0
-8.3,54562.974,0.1191,1666.6,059003.000081,059003.000438,-0.1724,2A,0.4419,1494.724,0
-8.3,54296.3441,0.118,1627.05,059003.000069,059003.000268,-0.2128,2G,0.4917,20675.959,0
-8.3,54234.1687,0.1177,3235.82,059003.000073,059003.000270,0.2093,2G,0.6308,25188.215,0
-8.3,54127.8063,0.2345,16023.38,059003.000181,059003.000457,0.2956,2B,0.7151,4817.395,0
-8.3,53885.2089,0.2324,7835.81,059003.000087,059003.000440,0.3327,2A,0.4471,5856.542,0
-8.3,53824.1705,0.1159,3895.96,059003.000165,059003.000309,-0.2183,2G,0.4921,13307.761,0
-8.3,53609.2531,0.115,1527.71,059003.000120,059003.000291,0.431,4D,1.6437,100.978,0
-8.3,53554.7978,0.1148,3799.99,059003.000172,059003.000310,-0.0744,2A,0.4827,2719.607,0
-8.3,53547.1355,0.1147,3797.29,059003.000053,059003.000254,0.0526,2G,0.4569,66341.176,0
-8.3,53444.0234,0.1143,3760.95,059003.000093,059003.000442,-0.2423,3B,0.4287,9116.86,0
-8.3,53377.8199,0.114,1495.09,059003.000202,059003.000564,0.394,4G,0.4908,6778.873,0
-8.3,53325.5757,0.1138,14877.84,059003.000063,059003.000261,0.1172,2A,0.4651,10178.498,0
-8.3,53196.1471,0.1132,3674.44,059003.000132,059003.000297,-0.0005,2B,0.7365,3547.476,0
-8.3,53195.3278,0.2264,1469.66,059003.000127,059003.000445,0.4532,3B,0.8232,1138.885,0
-8.3,53187.577,0.1132,2937.18,059003.000146,059003.000304,0.0378,2A,0.6146,2693.04,0
-8.3,53157.2004,0.1131,7321.92,059003.000073,059003.000266,-0.1974,2D,2.0739,332.764,0
-8.3,53100.3652,0.1128,1456.54,059003.000132,059003.000296,-0.4,4G,0.52,18657.825,0
-8.3,52996.4299,0.1124,7211.25,059003.000050,059003.000246,-0.1489,2B,1.4503,6422.532,0
-8.3,52775.5173,0.1114,706.08,059003.000064,059003.000258,-0.2843,3B,0.624,1402.774,0
-8.3,52637.3837,0.1109,3483.88,059003.000101,059003.000278,0.4723,5A,0.5683,5796.574,0
-8.3,52368.0704,0.1097,203652.54,059003.000079,059003.000269,-0.0,2B,0.4516,91831.855,0
-8.3,52248.6226,0.1092,670.98,059003.000200,059003.000563,-0.3863,4B,0.3536,1797.835,0
-8.3,52151.0739,0.1088,664.6,059003.000179,059003.000313,0.9809,5B,0.3796,1762.333,0
-8.3,52019.5665,0.2166,6560.56,059003.000085,059003.000270,-0.2103,2B,0.4501,14168.534,0
-8.3,51807.318,0.1074,12848.21,059003.000098,059003.000274,0.1166,2G,0.4558,3951.548,0
-8.3,51655.588,0.1068,18982.89,059003.000098,059003.000273,-0.2989,3C,1.0902,2914.051,0
-8.3,51355.406,0.1055,613.94,059003.000054,059003.000239,0.1809,2G,0.3884,3266.988,0
-8.3,51163.6372,0.1047,24083.88,059003.000148,059003.000452,0.411,4A,0.5382,25724.465,0
-8.3,51156.8612,0.2094,36100.87,059003.000101,059003.000273,0.308,2B,0.8421,11663.558,0
-8.3,51128.9694,0.1046,1799.91,059003.000057,059003.000241,0.0815,2G,0.3364,18573.417,0
-8.3,50979.2004,0.104,1772.52,059003.000277,059003.000570,-0.4703,5G,0.5412,340.934,0
-8.3,50949.2405,0.1039,5890.25,059003.000104,059003.000273,0.1591,2D,2.3048,3887.903,0
-8.3,50940.7015,0.1038,2354.03,059003.000141,059003.000299,-0.4165,5A,0.661,1562.365,0
-8.3,50820.9021,0.1033,581.28,059003.000105,059003.000272,0.2038,2G,0.5438,8976.93,0
-8.3,50791.0257,0.1032,34769.52,059003.000114,059003.000442,0.1976,2A,0.3976,31458.504,0
-8.3,50762.1389,0.1031,11555.24,059003.000257,059003.000566,-0.231,3G,0.5019,2766.858,0
-8.3,50750.7781,0.1031,577.08,059003.000142,059003.000298,0.1004,2C,0.8336,2810.531,0
-8.3,50679.6103,0.1028,5728.37,059003.000119,059003.000279,-0.1692,2B,0.4071,16181.496,0
-8.3,50613.741,0.1025,1706.77,059003.000439,059003.000570,-0.922,5B,0.5008,2994.627,0
-8.3,50504.6076,0.1021,11249.57,059003.000087,059003.000266,-0.0665,2E,2.2642,128.105,0
-8.3,50305.1021,0.1013,1101.63,059003.000045,059003.000219,0.0484,2G,0.4649,3515.642,0
-8.3,50141.4739,0.1006,10827.2,059003.000135,059003.000292,-0.0868,2A,0.3797,10278.033,0
-8.3,49756.1377,0.0991,2597.49,059003.000063,059003.000240,0.0526,2G,0.6504,24364.213,0
-8.3,49634.1474,0.0986,1025.39,059003.000105,059003.000270,0.2644,3B,1.566,329.411,0
-8.3,49612.9155,0.0985,10230.33,059003.000060,059003.000235,0.1884,2D,2.4469,5719.441,0
-8.3,49413.7091,0.0977,5005.44,059003.000049,059003.000219,0.0005,2G,0.4875,34370.959,0
-8.3,49296.2844,0.0972,19765.82,059003.000085,059003.000259,-0.1936,2B,0.4929,41218.751,0
-8.3,49257.2979,0.0971,3444.23,059003.000045,059003.000212,0.0799,2G,0.3762,40179.975,0
-8.3,49176.9722,0.0968,24384.87,059003.000062,059003.000235,-0.1271,2A,0.6219,26744.49,0
-8.3,48723.5761,0.095,463.68,059003.000053,059003.000218,0.0935,2G,0.6566,2475.031,0
-8.3,48673.2095,0.0948,92211.99,059003.000072,059003.000244,0.0872,2A,0.4199,79732.832,0
-8.3,48622.1203,0.0946,45841.13,059003.000131,059003.000281,-0.2039,3B,0.5398,26017.174,0
-8.3,48616.9406,0.0946,13744.3,059003.000059,059003.000226,0.2552,3D,2.4043,135999.213,0
-8.3,48605.1948,0.0945,4575.36,059003.000151,059003.000300,-0.7452,5G,0.3721,19806.929,0
-8.3,48580.4379,0.0944,2281.29,059003.000108,059003.000268,0.1354,2B,0.5289,4084.45,0
-8.3,48534.116,0.0943,453.87,059003.000078,059003.000254,-0.0355,2B,0.4219,862.327,0
-8.3,48437.1824,0.0939,4489.05,059003.000095,059003.000264,-0.1491,2C,1.3511,274.666,0
-8.3,48099.9647,0.0926,8637.91,059003.000159,059003.000302,-0.1234,2G,0.5014,2187.423,0
-8.3,48091.2861,0.0925,431.46,059003.000186,059003.000313,-0.4685,5G,0.4223,1706.053,0
-8.3,48007.381,0.0922,1281.9,059003.000161,059003.000452,-0.319,4A,0.5488,1566.748,0
-8.3,47954.3894,0.092,4246.82,059003.000121,059003.000273,-0.0806,2D,2.7787,383.81,0
-8.3,47864.9786,0.0917,840.58,059003.000138,059003.000288,0.2457,3G,0.511,5169.989,0
-8.3,47844.4488,0.0916,419.29,059003.000259,059003.000565,0.3589,4G,0.4869,2781.765,0
-8.3,47683.7156,0.091,2468.85,059003.000102,059003.000265,0.12,2B,1.5441,600.65,0
-8.3,46164.1502,0.064,135952.27,059003.000074,059003.000228,0.1874,3G,0.3466,30999.178,0
-8.3,46015.7904,0.1483,23990.21,059003.000158,059003.000294,0.4455,4B,0.6129,12928.196,0
-8.3,46010.5397,0.0636,47772.46,059003.000138,059003.000280,0.0581,2B,0.5416,16063.39,0
-8.3,45823.3111,0.1471,184848.53,059003.000067,059003.000217,-0.3853,3B,0.3951,95566.243,0
-8.3,45618.5902,0.0625,17563.93,059003.000075,059003.000224,-0.1931,4D,2.2073,741.057,0
-8.3,45567.1107,0.0623,135280.51,059003.000057,059003.000206,0.0592,2B,0.518,242368.451,0
-8.3,45549.7705,0.0623,16697.46,059003.000143,059003.000287,-0.21,4G,0.5464,3420.291,0
-8.3,45524.5405,0.0622,16394.75,059003.000138,059003.000279,-0.0575,2B,0.6215,4514.291,0
-8.3,45505.7807,0.0622,32349.28,059003.000160,059003.000295,0.3051,5A,0.5919,41328.364,0
-8.3,45308.09,0.0616,14090.6,059003.000085,059003.000236,0.1004,2G,0.3698,88068.544,0
-8.3,45255.3606,0.0615,13600.36,059003.000132,059003.000277,-0.2644,5G,0.3583,99662.492,0
-8.3,45227.2208,0.0614,13348.9,059003.000186,059003.000311,-0.0029,2A,0.4291,10124.426,0
-8.3,45199.2205,0.0613,13105.44,059003.000130,059003.000271,-0.1804,3B,0.4211,4850.539,0
-8.3,45148.0508,0.0612,63386.16,059003.000115,059003.000262,-0.0508,2B,0.5113,25071.59,0
-8.3,45141.4093,0.0612,25246.37,059003.000059,059003.000206,-0.1068,2G,0.5977,354328.973,0
-8.3,45098.2004,0.0611,12279.88,059003.000093,059003.000247,0.0899,2B,0.8261,45013.786,0
-8.3,45001.1996,0.0608,11558.86,059003.000164,059003.000297,-0.37,5G,0.528,138461.887,0
-8.3,44918.451,0.0606,76957.6,059003.000076,059003.000432,0.1101,2C,1.2108,7643.267,0
-8.3,44909.4105,0.0605,10934.84,059003.000079,059003.000226,0.0088,2B,1.2977,54055.938,0
-8.3,44908.4808,0.1413,10928.79,059003.000069,059003.000214,0.0391,2B,1.4647,4049.729,0
-8.3,44906.5694,0.0605,65498.2,059003.000164,059003.000296,0.3823,5B,0.4576,128121.89,0
-8.3,44877.1494,0.0605,32183.82,059003.000096,059003.000246,0.0619,2D,1.8216,35276.526,0
-8.3,44853.8408,0.0604,63493.63,059003.000119,059003.000265,0.0944,2A,0.3713,77797.708,0
-8.3,44804.4396,0.0603,10283.74,059003.000098,059003.000434,-0.0028,2G,0.4305,64857.233,0
-8.3,44790.6206,0.0602,71418.45,059003.000093,059003.000241,0.2335,4G,0.4803,17871.882,0
-8.3,44699.9907,0.06,9695.47,059003.000200,059003.000550,-0.043,2B,0.6809,2698.468,0
-8.3,44670.6207,0.0599,9539.91,059003.000105,059003.000251,0.0201,2B,1.1569,5013.11,0
-8.3,44658.9693,0.0599,56876.03,059003.000126,059003.000267,-0.2564,5B,0.3762,108134.66,0
-8.3,44601.01,0.0597,18374.64,059003.000176,059003.000449,0.1874,4B,0.6193,5387.733,0
-8.3,44586.6607,0.0597,9117.35,059003.000067,059003.000209,-0.1681,3G,0.5706,307135.502,0
-8.3,44577.8907,0.1392,90750.22,059003.000098,059003.000433,-0.2444,2B,0.4921,49902.55,0
-8.3,44567.1797,0.0596,9023.78,059003.000173,059003.000300,1.066,5D,2.062,3322.74,0
-8.3,44551.3809,1.1401,8949.09,059003.000075,059003.000219,2.208,2B,0.4695,5005.425,0
-8.3,44526.391,0.0595,8833.08,059003.000099,059003.000244,-0.0232,2G,0.5988,44931.738,0
-8.3,44484.3398,0.1386,60505.3,059003.000099,059003.000243,0.3193,3A,0.5601,89244.244,0
-8.3,44354.8096,0.0591,16204.82,059003.000120,059003.000263,-0.0619,2B,0.6564,5156.632,0
-8.3,44347.8003,0.059,8074.85,059003.000081,059003.000432,0.078,2E,1.961,217.37,0
-8.3,44336.3702,0.059,8030.26,059003.000175,059003.000300,-0.862,5B,0.9146,5010.543,0
-8.3,44333.8108,0.059,8020.34,059003.000163,059003.000294,1.0002,5G,0.4965,64842.338,0
-8.3,44305.8094,0.0589,7913.21,059003.000168,059003.000295,-0.3314,5B,1.512,885.992,0
-8.3,44297.5997,0.0589,7882.29,059003.000152,059003.000288,-0.0414,2G,0.4985,36140.04,0
-8.3,44293.1404,0.0589,39327.96,059003.000064,059003.000204,0.1062,2B,0.6423,11855.684,0
-8.3,44277.871,0.1373,39044.48,059003.000177,059003.000302,0.312,3A,0.5515,49039.779,0
-8.3,44238.7707,0.0588,15334.2,059003.000067,059003.000208,0.1703,3A,0.6115,11606.671,0
-8.3,44238.7707,0.0588,15334.2,059003.000147,059003.000444,0.3344,5A,0.5582,18906.569,0
-8.3,44216.5,0.0587,7588.45,059003.000098,059003.000240,-0.0565,2A,0.4715,11738.077,0
-8.3,44210.5508,0.0587,7567.7,059003.000120,059003.000262,-0.028,2G,0.7268,114672.548,0
-8.3,44147.1803,0.0585,7353.13,059003.000185,059003.000309,0.1028,2A,0.4422,5651.986,0
-8.3,44085.0799,0.0583,7153.9,059003.000211,059003.000347,0.0673,2A,0.606,4295.603,0
-8.3,44067.0799,0.0583,7098.1,059003.000176,059003.000447,-0.0403,2B,0.673,2240.458,0
-8.3,44038.7695,0.0582,7012.06,059003.000135,059003.000272,0.1057,2G,0.3594,2314.3,0
-8.3,44014.1591,0.0581,55511.43,059003.000100,059003.000240,0.1582,3B,0.5289,125403.416,0
-8.3,43970.3307,0.058,6812.42,059003.000172,059003.000297,0.3353,5G,0.5539,38102.122,0
-8.3,43897.1194,0.0578,26445.2,059003.000073,059003.000211,-0.1755,4B,0.5159,49970.398,0
-8.3,43877.5909,0.0578,6559.72,059003.000114,059003.000256,-0.066,2A,0.4617,9613.296,0
-8.3,43874.4708,0.0578,6551.56,059003.000172,059003.000296,-0.1423,3G,0.5094,137203.158,0
-8.3,43743.0807,0.0574,6226.52,059003.000097,059003.000237,-0.1377,3B,0.6492,13838.919,0
-8.3,43735.2191,0.0574,37249.1,059003.000106,059003.000246,-0.0477,2G,0.5447,9157.663,0
-8.3,43732.4005,0.0574,6201.64,059003.000196,059003.000334,0.0096,2A,0.5763,3769.989,0
-8.3,43728.8209,0.0574,6193.35,059003.000060,059003.000199,-0.0461,2B,0.5303,17939.717,0
-8.3,43720.231,0.0574,37041.33,059003.000073,059003.000210,0.2135,4B,0.4582,75979.533,0
-8.3,43706.6599,0.0573,49140.57,059003.000073,059003.000209,0.0666,2B,0.5588,18655.57,0
-8.3,43699.2212,0.0573,6125.74,059003.000159,059003.000290,0.2102,4B,0.4899,15783.201,0
-8.3,43688.4305,0.0573,6101.5,059003.000156,059003.000289,0.03,2G,0.6007,119711.646,0
-8.3,43648.0001,0.0572,30063.03,059003.000054,059003.000196,-0.07,2B,0.5068,91226.364,0
-8.3,43622.3,0.1333,5957.63,059003.000079,059003.000219,-0.1439,2D,2.0794,170.867,0
-8.3,43597.6592,0.1331,47248.16,059003.000045,059003.000194,-0.1647,2B,0.7014,70154.671,0
-8.3,43586.2694,0.057,5882.52,059003.000210,059003.000554,0.295,5C,0.7277,1327.805,0
-8.3,43562.6504,0.057,5834.48,059003.000091,059003.000230,0.142,3G,0.4155,70386.989,0
-8.3,43560.5409,0.057,46641.86,059003.000080,059003.000218,-0.0355,2A,0.5758,43627.295,0
-8.3,43544.339,0.0569,40585.14,059003.000062,059003.000200,0.0889,2A,0.6128,38918.134,0
-8.3,43501.9905,0.0568,28576.63,059003.000108,059003.000246,-0.047,2A,0.5832,46735.365,0
-8.3,43487.7396,0.0568,5688.19,059003.000086,059003.000432,0.05,2G,0.3471,29921.343,0
-8.3,43479.1695,0.0568,34032.16,059003.000540,059003.000431,-0.009,2B,0.3502,48399.236,0
-8.3,43476.6307,0.0567,34003.56,059003.000160,059003.000292,-0.182,4A,0.5641,37478.557,0
-8.3,43472.4191,0.0567,5659.37,059003.000201,059003.000544,-0.1067,2A,0.4912,5198.396,0
-8.3,43460.8294,0.0567,5637.82,059003.000215,059003.000558,-0.0387,2B,0.6704,2053.532,0
-8.3,43412.0292,0.0566,5549.27,059003.000177,059003.000300,0.0992,2G,0.4852,39806.076,0
-8.3,43397.6801,1.0198,38667.35,059003.000081,059003.000217,-0.2877,2C,1.4163,2971.704,0
-8.3,43317.4907,0.0563,32325.36,059003.000082,059003.000218,-0.021,2G,0.5999,178747.025,0
-8.3,43301.3702,0.0563,10722.44,059003.000144,059003.000279,0.0979,2A,0.3728,8229.402,0
-8.3,43293.3603,0.0563,26741.33,059003.000062,059003.000199,0.1211,3B,0.5966,12645.222,0
-8.3,43290.6799,0.0563,5343.95,059003.000093,059003.000230,-0.0047,2G,0.4077,33126.685,0
-8.3,43290.6799,0.0563,5343.95,059003.000194,059003.000321,0.0778,2A,0.5878,7352.805,0
-8.3,43279.9394,0.0562,5326.75,059003.000221,059003.000560,0.126,3B,0.5762,1833.822,0
-8.3,43276.6397,0.0562,5321.49,059003.000075,059003.000210,0.1886,4E,2.3613,76.919,0
-8.3,43263.7893,0.0562,15903.49,059003.000138,059003.000274,0.0383,2E,2.2614,287.324,0
-8.3,43196.2212,0.056,31186.52,059003.000070,059003.000205,-0.0262,2G,0.5927,226840.387,0
-8.3,43192.5811,0.056,15577.03,059003.000098,059003.000233,0.3331,5B,1.4933,2041.386,0
-8.3,43112.3112,0.0558,50770.96,059003.000138,059003.000273,-0.1253,3B,0.6957,42435.624,0
-8.3,43103.9102,0.0558,50654.69,059003.000132,059003.000269,0.2004,4B,0.4186,20331.387,0
-8.3,43097.6493,0.0558,5056.86,059003.000132,059003.000268,-0.0187,2C,1.559,402.496,0
-8.3,43074.3704,0.13,50252.21,059003.000205,059003.000342,0.1374,2G,0.6801,9653.437,0
-8.3,43065.0903,0.0557,10025.56,059003.000157,059003.000287,-0.0294,2A,0.5069,11822.333,0
-8.3,42998.1102,0.0555,29554.46,059003.000120,059003.000257,-0.058,2G,0.4221,6232.472,0
-8.3,42975.649,0.1294,4897.62,059003.000091,059003.000226,0.1053,2G,0.4587,84180.967,0
-8.3,42975.649,0.1294,4897.62,059003.000072,059003.000206,0.2308,2B,0.4754,8468.399,0
-8.3,42973.9097,0.0554,44059.17,059003.000079,059003.000214,-0.0037,2A,0.586,49018.131,0
-8.3,42969.4197,0.0554,29339.47,059003.000211,059003.000344,0.0672,2G,0.4553,8509.344,0
-8.3,42964.9693,0.0554,39075.43,059003.000111,059003.000244,-0.1748,4B,0.6899,17014.012,0
-8.3,42932.4412,0.0553,24224.83,059003.000098,059003.000229,-0.0985,2B,0.5518,80245.661,0
-8.3,42921.2192,0.0553,33821.17,059003.000197,059003.000330,-0.0142,2B,0.6452,15884.139,0
-8.3,42914.5291,0.0553,4823.68,059003.000194,059003.000319,0.1172,3G,0.6272,59498.293,0
-8.3,42769.9307,0.0549,9325.99,059003.000087,059003.000221,0.0983,2G,0.5285,253812.987,0
-8.3,42767.4093,0.0549,9320.72,059003.000105,059003.000235,-0.0093,2B,0.9678,23201.617,0
-8.3,42728.2402,0.0548,13860.44,059003.000067,059003.000201,0.0181,2G,0.717,204116.408,0
-8.3,42626.9808,0.0545,13566.26,059003.000189,059003.000310,0.0284,2A,0.4955,18680.319,0
-8.3,42556.0613,0.0544,8916.41,059003.000102,059003.000232,-0.3169,5B,0.7745,2263.428,0
-8.3,42538.5498,0.0543,13329.03,059003.000086,059003.000217,0.6147,5G,0.4121,71875.09,0
-8.3,42485.7606,0.1264,21992.72,059003.000104,059003.000233,0.318,3A,0.4058,32728.27,0
-8.3,42471.4801,0.0542,17547.41,059003.000105,059003.000233,-0.1245,3E,4.1191,6.242,0
-8.3,42463.1799,0.0541,13140.36,059003.000111,059003.000239,-0.1448,3A,0.4504,20372.286,0
-8.3,42457.2801,0.0541,8750.73,059003.000062,059003.000198,-0.165,4B,0.7267,2924.111,0
-8.3,42402.3709,0.054,12996.69,059003.000177,059003.000295,-0.3281,5A,0.6014,11230.875,0
-8.3,42397.5193,0.054,21642.58,059003.000112,059003.000243,-0.0448,2E,1.9197,598.54,0
-8.3,42375.4207,0.0539,17247.15,059003.000100,059003.000228,-0.1097,3A,0.4511,11284.227,0
-8.3,42373.5901,0.0539,17241.66,059003.000076,059003.000207,0.0623,2B,0.5956,51620.865,0
-8.3,42357.6991,0.0539,8597.2,059003.000072,059003.000202,0.0027,2B,0.4951,4374.846,0
-8.3,42342.7297,0.0538,21438.05,059003.000206,059003.000338,0.1475,3G,0.6385,103908.692,0
-8.3,42332.0593,0.0538,25679.19,059003.000087,059003.000218,0.1123,3A,0.5886,27096.18,0
-8.3,42321.0891,0.0538,21359.87,059003.000218,059003.000554,-0.232,5B,0.9505,11208.807,0
-8.3,42270.9806,0.0536,33894.9,059003.000194,059003.000315,-0.2931,5B,0.7333,74576.666,0
-8.3,42230.1109,0.0535,4209.32,059003.000082,059003.000211,-0.0248,2B,0.5886,1469.444,0
-8.3,42230.1109,0.0535,4209.32,059003.000088,059003.000220,-0.0053,2C,1.5256,348.034,0
-8.3,42213.0408,0.0535,4198.1,059003.000173,059003.000445,0.0677,2G,0.434,86067.477,0
-8.3,42211.6701,0.1248,20986.05,059003.000105,059003.000229,-0.2263,2B,0.5489,65844.799,0
-8.3,42204.13,0.0535,25153.87,059003.000163,059003.000290,-0.1215,3A,0.4632,18319.868,0
-8.3,42136.6703,0.0533,16599.54,059003.000114,059003.000241,-0.2792,5A,0.4375,18329.661,0
-8.3,42101.5912,0.0532,16515.13,059003.000115,059003.000247,0.129,3A,0.3808,19939.131,0
-8.3,42047.7294,0.0531,20488.03,059003.000154,059003.000282,-0.1834,4C,0.9837,2516.492,0
-8.3,42007.5197,0.053,4075.26,059003.000225,059003.000559,0.0902,2C,1.1965,366.484,0
-8.3,41873.6295,0.0526,20031.3,059003.000158,059003.000283,-0.2615,5B,0.4948,53504.891,0
-8.3,41754.6991,0.0523,15805.43,059003.000131,059003.000262,-0.0994,2B,0.718,25195.321,0
-8.3,41683.1508,0.0522,23525.73,059003.000085,059003.000211,0.0386,2B,0.451,58469.995,0
-8.3,41601.7709,0.052,23331.42,059003.000102,059003.000222,0.1575,4E,2.1819,467.091,0
-8.3,41505.7095,0.0517,3853.11,059003.000085,059003.000210,-0.1253,3G,0.5143,58164.539,0
-8.3,41486.9604,0.0517,3846.51,059003.000088,059003.000215,-0.0881,2B,1.3494,640.049,0
-8.3,41476.2698,0.0516,38427.99,059003.000104,059003.000224,0.1585,4G,0.449,11466.884,0
-8.3,41465.4991,0.1204,7678.18,059003.000163,059003.000288,-0.2515,3A,0.4991,7038.661,0
-8.3,41448.9505,0.0516,15333.81,059003.000158,059003.000281,0.0294,2G,0.3599,5237.16,0
-8.3,41447.5792,0.0516,3832.99,059003.000160,059003.000285,0.2816,5B,0.6073,12638.888,0
-8.3,41297.559,0.0512,22711.21,059003.000114,059003.000237,0.1074,3A,0.4198,18246.865,0
-8.3,41288.2401,0.0512,3782.41,059003.000224,059003.000555,-0.1181,3B,0.6737,1769.241,0
-8.3,41263.0913,0.0511,3774.98,059003.000171,059003.000291,0.1717,4D,4.5615,9.154,0
-8.3,41242.6292,0.0511,11307.12,059003.000205,059003.000333,0.1142,3A,0.6679,12389.535,0
-8.3,41227.6511,0.051,7529.49,059003.000098,059003.000220,-0.057,2G,0.6295,48600.866,0
-8.3,41222.3806,0.051,22579.46,059003.000121,059003.000435,0.0941,2D,3.151,1001.446,0
-8.3,41215.789,0.051,11284.13,059003.000143,059003.000273,0.1408,3A,0.6627,9117.356,0
-8.3,41196.941,0.051,37560.8,059003.000162,059003.000287,0.1652,4G,0.5355,7221.073,0
-8.3,41155.511,0.0508,3744.68,059003.000145,059003.000438,0.0745,2E,1.7364,119.618,0
-8.3,41136.899,0.0508,3739.66,059003.000216,059003.000547,0.3101,5B,0.6318,1425.925,0
-8.3,41110.1598,0.0507,29860.49,059003.000069,059003.000197,-0.1152,3B,0.4783,48621.091,0
-8.3,41095.1803,0.0507,7457.27,059003.000144,059003.000275,-0.1586,4G,0.5101,56357.901,0
-8.3,41086.1908,0.0507,26084.08,059003.000132,059003.000262,0.12,3B,1.2195,7092.741,0
-8.3,41040.2306,0.0506,11143.62,059003.000144,059003.000274,-0.1946,4B,0.9317,2843.488,0
-8.3,41040.2306,0.0506,11143.62,059003.000075,059003.000199,0.1621,4D,2.3472,2415.515,0
-8.3,41012.2402,0.0505,29660.27,059003.000221,059003.000550,0.1168,3B,0.5585,11453.767,0
-8.3,40931.6989,0.0503,3687.95,059003.000112,059003.000232,-0.2579,5B,0.3263,2355.337,0
-8.3,40861.2895,0.0501,18357.16,059003.000095,059003.000216,-0.0265,2B,0.8784,15979.977,0
-8.3,40801.7302,0.05,3657.82,059003.000175,059003.000290,-0.0538,2B,0.4667,9504.89,0
-8.3,40781.9001,0.0499,18266.71,059003.000196,059003.000318,-0.0511,2B,0.5968,8995.858,0
-8.3,40759.4106,0.1164,3648.3,059003.000076,059003.000200,-0.3608,4G,0.6324,31342.027,0
-8.3,40759.4106,0.1164,3648.3,059003.000113,059003.000230,-0.1325,2G,0.7986,78449.719,0
-8.3,40732.8113,0.0498,18211.87,059003.000119,059003.000239,0.1008,3G,0.5762,3402.691,0
-8.3,40697.4308,0.0497,3634.55,059003.000163,059003.000286,-0.0656,2B,0.8812,819.855,0
-8.3,40688.1012,0.0497,3632.49,059003.000239,059003.000348,-0.1876,4A,0.6017,4020.347,0
-8.3,40641.2411,0.0496,28977.7,059003.000165,059003.000285,-0.0832,2E,2.3119,286.546,0
-8.3,40619.4706,0.0495,21704.73,059003.000179,059003.000302,0.2542,5B,0.4025,62569.53,0
-8.3,40590.5811,0.0495,3611.15,059003.000146,059003.000275,0.1172,3G,0.5784,103496.297,0
-8.3,40588.2408,0.0495,3610.64,059003.000166,059003.000443,0.0959,2D,2.2753,852.854,0
-8.3,40567.1891,0.0494,3606.05,059003.000096,059003.000214,-0.0482,2B,0.8524,4922.708,0
-8.3,40527.9499,0.0493,25182.47,059003.000089,059003.000209,0.0816,2A,0.5313,37021.785,0
-8.3,40507.2196,0.1149,32336.71,059003.000105,059003.000220,0.1548,2B,1.1737,8867.652,0
-8.3,40388.2011,0.049,10700.15,059003.000099,059003.000215,-0.0547,2A,0.5144,11293.74,0
-8.3,40372.2491,0.0489,7126.29,059003.000224,059003.000550,-0.0806,2A,0.6447,7961.329,0
-8.3,40368.1013,0.0489,3562.22,059003.000231,059003.000555,-0.1419,3D,2.1046,854.785,0
-8.3,40323.9111,0.0488,7104.45,059003.000113,059003.000227,0.0196,2A,0.4821,6923.716,0
-8.3,40302.4802,0.0488,35473.3,059003.000081,059003.000201,-0.0134,2B,0.5221,15307.263,0
-8.3,40298.079,0.1138,17731.59,059003.000237,059003.000558,0.0037,2A,0.6061,14534.984,0
-8.3,40239.3205,0.0486,10597.97,059003.000115,059003.000229,-0.027,2B,0.8192,6876.821,0
-8.3,40191.0494,0.0485,17605.81,059003.000163,059003.000283,-0.3073,5A,0.5378,10427.03,0
-8.3,40186.3296,0.0485,17600.12,059003.000244,059003.000348,-0.1398,3A,0.5907,20809.324,0
-8.3,40172.5308,0.0484,7033.36,059003.000113,059003.000226,-0.0478,2G,0.7153,276155.505,0
-8.3,40120.2914,0.0483,7007.59,059003.000431,059003.000544,-0.0064,2G,0.5222,1381.115,0
-8.3,40102.4402,0.0483,20995.84,059003.000075,059003.000197,-0.0355,2G,0.4836,5515.354,0
-8.3,40067.5501,0.0482,3490.39,059003.000082,059003.000200,0.0633,2B,0.9061,2437.969,0
-8.3,40050.4002,0.0482,6971.88,059003.000114,059003.000226,0.1178,3D,2.1179,828.613,0
-8.3,40016.7513,0.0481,3477.06,059003.000120,059003.000237,0.0331,2C,0.8397,17046.037,0
-8.3,40014.1103,0.0481,3476.36,059003.000161,059003.000281,0.0269,2A,0.6223,3415.378,0
-8.3,40006.9007,0.1121,3474.42,059003.000237,059003.000557,0.4819,5A,0.6566,2114.569,0
-8.3,39999.8708,0.048,17362.66,059003.000112,059003.000224,-0.2049,5B,0.423,5782.487,0
-8.3,39991.9003,0.048,17351.88,059003.000164,059003.000282,0.2472,5B,0.8863,46393.724,0
-8.3,39984.6697,0.048,20810.46,059003.000188,059003.000307,-0.0274,2B,0.4775,8426.914,0
-8.3,39972.3511,0.1119,10395.11,059003.000085,059003.000202,-0.2721,3D,2.0771,653.985,0
-8.3,39964.01,0.0479,17313.69,059003.000150,059003.000277,0.1558,4B,0.5822,6125.794,0
-8.3,39945.5599,0.0479,3457.6,059003.000063,059003.000194,-0.0453,2G,0.4667,33520.394,0
-8.3,39934.5604,0.0479,3454.51,059003.000151,059003.000277,-0.0952,2G,0.416,34181.713,0
-8.3,39909.2695,0.5,6894.61,059003.000198,059003.000315,0.327,2B,1.0304,3788.31,0
-8.3,39876.259,0.0477,3437.7,059003.000158,059003.000278,-0.0877,2A,0.3769,2474.87,0
-8.3,39835.2913,0.0476,3425.44,059003.000286,059003.000565,-0.0971,3C,1.0948,295.497,0
-8.3,39810.65,0.0476,6835.77,059003.000088,059003.000205,0.067,2G,0.5242,187182.304,0
-8.3,39778.9708,0.0475,13631.8,059003.000237,059003.000554,-0.1548,4B,0.8328,4742.215,0
-8.3,39760.5314,0.0475,3402.06,059003.000162,059003.000280,0.0427,2B,0.4647,5805.539,0
-8.3,39754.7112,0.0474,3400.18,059003.000210,059003.000331,0.1088,3G,0.5794,52342.163,0
-8.3,39695.1314,0.0473,3380.43,059003.000198,059003.000541,-0.1253,3C,0.9639,346.926,0
-8.3,39681.4814,0.1103,3375.77,059003.000237,059003.000345,0.0422,2A,0.3824,4750.346,0
-8.3,39673.7688,0.0473,6746.23,059003.000146,059003.000437,0.405,5A,0.4586,7054.597,0
-8.3,39650.7998,0.0472,13460.44,059003.000171,059003.000443,-0.0874,2G,0.3251,2916.658,0
-8.3,39649.9195,0.0472,20188.81,059003.000213,059003.000333,-0.0502,2B,0.6085,44603.491,0
-8.3,39613.8306,0.0471,16759.52,059003.000231,059003.000553,-0.1818,4B,0.6797,7355.401,0
-8.3,39587.6287,0.047,16711.49,059003.000144,059003.000270,-0.1215,3B,0.4195,8333.672,0
-8.3,39587.6287,0.047,16711.49,059003.000146,059003.000436,-0.0313,2G,0.4251,2254.345,0
-8.3,39543.5112,0.1095,3325.65,059003.000238,059003.000555,0.0556,2G,0.5537,942.971,0
-8.3,39537.551,0.0469,9970.06,059003.000130,059003.000248,0.1635,4B,0.5529,30020.866,0
-8.3,39524.9803,0.0469,13273.89,059003.000233,059003.000553,0.1841,4E,2.2683,234.67,0
-8.3,39509.7906,0.0469,13250.03,059003.000180,059003.000298,0.1013,3B,0.9838,22651.837,0
-8.3,39480.0289,0.0468,19803.6,059003.000244,059003.000347,-0.0468,2G,0.6088,3362.766,0
-8.3,39472.461,0.0468,9892.57,059003.000132,059003.000256,0.0455,2B,0.3405,7003.923,0
-8.3,39464.0792,0.0468,9882.29,059003.000263,059003.000562,-0.0143,2G,0.5969,97980.898,0
-8.3,39394.9592,0.0466,6529.82,059003.000128,059003.000433,-0.046,2A,0.4531,6061.033,0
-8.3,39330.8488,0.0464,3236.32,059003.000227,059003.000342,0.0177,2A,0.52,3912.179,0
-8.3,39293.5788,0.0464,3219.0,059003.000240,059003.000556,-0.0406,2G,0.671,800.967,0
-8.3,39177.9801,0.0461,15809.42,059003.000234,059003.000549,0.0445,2B,1.1703,3360.23,0
-8.3,39143.7295,0.046,9431.82,059003.000131,059003.000250,0.0593,2D,2.1597,1166.246,0
-8.3,39130.3609,0.1073,3136.81,059003.000214,059003.000331,-0.0502,2B,0.5417,6281.125,0
-8.3,39120.6806,0.0459,3131.59,059003.000205,059003.000323,-0.0408,2G,0.6299,69058.629,0
-8.3,39074.3012,0.0458,3106.09,059003.000236,059003.000553,-0.0038,2G,0.6823,13986.23,0
-8.3,38989.5707,0.0456,21399.93,059003.000236,059003.000551,0.0489,2B,0.7134,8252.071,0
-8.3,38973.8313,0.0456,12190.8,059003.000199,059003.000314,0.0215,2A,0.5101,9693.536,0
-8.3,38966.3592,0.0456,3043.18,059003.000155,059003.000275,0.0449,2B,0.4497,7889.336,0
-8.3,38961.1189,0.1063,3040.0,059003.000131,059003.000248,-0.1062,2G,0.6715,26142.676,0
-8.3,38954.2807,0.0456,3035.83,059003.000133,059003.000255,0.001,2B,0.2876,7042.211,0
-8.3,38932.08,0.0455,6044.31,059003.000433,059003.000556,0.0391,2G,0.5978,1178.77,0
-8.3,38887.9796,0.0454,11977.36,059003.000202,059003.000318,-0.4231,5B,0.626,25726.377,0
-8.3,38874.2594,0.0454,2985.51,059003.000255,059003.000348,0.1111,3A,0.6447,5026.681,0
-8.3,38863.0101,0.0453,23825.68,059003.000228,059003.000544,0.0167,2G,0.4393,4880.141,0
-8.3,38859.1891,0.0453,2975.72,059003.000247,059003.000557,-0.0084,2G,0.6318,27584.826,0
-8.3,38857.9309,0.1058,5949.79,059003.000144,059003.000267,-0.135,2G,0.4657,1285.881,0
-8.3,38851.4206,0.0453,20794.41,059003.000229,059003.000547,-0.2541,5B,0.5794,7878.85,0
-8.3,38801.2915,0.0452,2937.15,059003.000106,059003.000210,0.0662,2B,0.8214,2519.842,0
-8.3,38793.4908,0.1054,2931.84,059003.000127,059003.000238,-0.2113,3G,0.5433,734.119,0
-8.3,38771.8613,0.1053,5833.93,059003.000119,059003.000222,0.0971,2B,1.2438,2541.01,0
-8.3,38758.2102,0.1052,26167.25,059003.000237,059003.000548,-0.2165,3A,0.6316,28077.819,0
-8.3,38669.1702,0.1047,17060.96,059003.000089,059003.000201,-0.0914,2B,0.5745,5219.433,0
-8.3,38654.5407,0.0449,14163.2,059003.000229,059003.000545,-0.132,3B,0.4671,6160.641,0
-8.3,38645.4397,0.0448,2825.84,059003.000155,059003.000272,-0.1011,3A,0.549,3498.915,0
-8.3,38637.5799,0.1046,2819.94,059003.000226,059003.000336,0.2095,3G,0.6352,13088.023,0
-8.3,38632.021,0.0448,14078.72,059003.000247,059003.000554,0.1167,3B,0.8421,3259.404,0
-8.3,38624.3611,0.1045,56198.91,059003.000204,059003.000320,0.2235,3G,0.6156,9414.533,0
-8.3,38591.681,0.1043,11139.64,059003.000096,059003.000203,-0.0112,2G,0.6139,51637.11,0
-8.3,38554.1014,0.0446,5511.06,059003.000246,059003.000345,-0.1452,4G,0.4972,22814.603,0
-8.3,38537.0688,0.0446,2742.01,059003.000185,059003.000453,-0.0,2G,0.3294,13290.646,0
-8.3,38474.4814,0.0444,2691.22,059003.000219,059003.000330,-0.0547,2B,0.6564,7501.534,0
-8.3,38417.4687,0.1034,2643.47,059003.000130,059003.000238,-0.0178,2B,0.8571,4825.923,0
-8.3,38408.889,0.0443,2636.17,059003.000433,059003.000344,-0.1903,5B,0.4501,5093.544,0
-8.3,38305.591,0.0441,10183.08,059003.000073,059003.000195,-0.0291,2B,0.5076,25019.07,0
-8.3,38280.2209,0.044,5045.79,059003.000230,059003.000338,-0.2274,5B,0.8665,6330.675,0
-8.3,38280.2209,0.044,5045.79,059003.000213,059003.000324,0.1736,4A,0.4878,3288.72,0
-8.3,38251.46,0.0439,9986.62,059003.000245,059003.000344,0.145,4A,0.4499,8235.929,0
-8.3,38244.9418,0.0439,7471.99,059003.000249,059003.000555,0.1924,5A,0.6357,7677.519,0
-8.3,38181.1908,0.0438,7293.57,059003.000245,059003.000343,0.0,2A,0.4652,8280.202,0
-8.3,38166.0108,0.0437,4833.61,059003.000237,059003.000341,0.0867,2A,0.6079,8573.369,0
-8.3,38156.3091,0.4225,2407.56,059003.000202,059003.000541,0.0175,2G,0.431,11168.558,0
-8.3,38123.9312,0.0436,11882.41,059003.000141,059003.000262,0.0211,2B,0.7141,5948.822,0
-8.3,38044.6185,0.0435,2298.79,059003.000221,059003.000330,-0.1007,3A,0.5751,4084.737,0
-8.3,37997.9791,0.1011,2252.14,059003.000256,059003.000559,-0.0606,2G,0.6268,11465.982,0
-8.3,37992.2703,0.0433,2246.39,059003.000149,059003.000267,-0.1742,5G,0.6197,17492.677,0
-8.3,37898.2593,0.1006,2150.21,059003.000433,059003.000549,-0.005,2B,0.435,1136.681,0
-8.3,37875.249,0.0431,2126.29,059003.000256,059003.000347,0.0131,2G,0.6821,340.557,0
-8.3,37863.4617,0.043,4227.99,059003.000212,059003.000323,0.0358,2A,0.6289,7570.258,0
-8.3,37862.0302,0.043,8449.99,059003.000075,059003.000195,-0.0235,2C,1.2041,1122.621,0
-8.3,37860.5806,0.043,16887.85,059003.000230,059003.000335,0.1062,3A,0.4056,13611.489,0
-8.3,37834.191,0.043,2083.3,059003.000164,059003.000441,0.3783,5A,0.5882,2208.769,0
-8.3,37758.7997,0.0428,2003.35,059003.000099,059003.000200,-0.0286,2B,0.5569,981.636,0
-8.3,37743.8986,0.0428,1987.41,059003.000166,059003.000441,-0.3554,5D,2.5702,1259.219,0
-8.3,37718.3918,0.0997,3920.07,059003.000255,059003.000557,-0.3404,4G,0.6522,780.575,0
-8.3,37715.52,0.0427,1956.95,059003.000114,059003.000212,0.031,2B,0.5158,5736.448,0
-8.3,37666.9594,0.0426,1904.5,059003.000252,059003.000345,0.0264,2B,0.5171,5847.84,0
-8.3,37630.2093,0.0425,13052.02,059003.000184,059003.000299,-0.4344,5G,0.4757,83704.538,0
-8.3,37619.7806,0.0425,7412.85,059003.000139,059003.000257,-0.0095,2A,0.5632,12063.137,0
-8.3,37611.2413,0.0425,1843.9,059003.000247,059003.000548,0.036,2A,0.5908,1745.566,0
-8.3,37580.8787,0.0424,3621.46,059003.000183,059003.000295,0.2319,5G,0.6354,618.198,0
-8.3,37538.739,0.0423,3529.11,059003.000258,059003.000348,0.1458,4B,0.5691,1051.828,0
-8.3,37526.3193,0.0423,5252.75,059003.000121,059003.000220,0.028,2C,0.7132,878.372,0
-8.3,37493.4294,0.0422,6859.07,059003.000134,059003.000245,-0.0624,2B,0.4011,14526.789,0
-8.3,37493.4294,0.0422,6859.07,059003.000209,059003.000319,0.1012,3A,0.5737,7481.895,0
-8.3,37410.1917,0.042,8115.71,059003.000102,059003.000201,0.0578,2C,0.7104,1599.119,0
-8.3,37244.5695,0.0416,5765.87,059003.000134,059003.000241,0.0458,2G,0.5872,40581.139,0
-8.3,37198.5919,0.0415,6957.48,059003.000208,059003.000315,0.1735,5G,0.5176,1716.686,0
-8.3,37193.3786,0.0415,11086.79,059003.000161,059003.000276,0.0559,2B,0.6189,31554.041,0
-8.3,37180.4617,0.0415,9603.12,059003.000242,059003.000546,-0.2407,5A,0.6413,7734.439,0
-8.3,37180.4617,0.0415,9603.12,059003.000180,059003.000445,-0.1475,4A,0.4372,12436.121,0
-8.3,37085.1205,0.0413,3808.99,059003.000251,059003.000549,-0.0348,2B,0.5752,1360.431,0
-8.3,37077.6095,0.0413,2523.38,059003.000135,059003.000243,-0.1178,3A,0.6491,1353.31,0
-8.3,37006.4815,0.0959,1186.86,059003.000243,059003.000545,-0.3259,4G,0.4007,316.037,0
-8.3,36963.8885,0.0957,2285.4,059003.000153,059003.000268,-0.0808,2B,0.7558,703.874,0
-8.3,36958.8985,0.041,5687.8,059003.000167,059003.000438,-0.0282,2G,0.4657,1491.91,0
-8.3,36957.4715,0.041,1136.09,059003.000217,059003.000542,0.3199,5B,0.9589,602.174,0
-8.3,36939.1694,0.5,2234.63,059003.000164,059003.000276,0.9116,2B,0.6595,4815.747,0
-8.3,36927.32,0.0409,5526.07,059003.000215,059003.000320,-0.0849,3B,0.6342,1977.287,0
-8.3,36927.32,0.0409,5526.07,059003.000246,059003.000340,0.1448,4B,0.4831,3317.904,0
-8.3,36906.2611,0.3953,9754.36,059003.000159,059003.000270,-0.5921,2G,0.6561,1589.145,0
-8.3,36887.5014,0.3949,2129.77,059003.000456,059003.000596,-1.3723,4E,2.2494,0.04,0
-8.3,36887.5014,0.3949,2129.77,059003.000165,059003.000275,-1.2147,4G,0.4213,10604.849,0
-8.3,36879.3208,0.3947,3169.99,059003.000134,059003.000239,0.749,2B,0.485,9004.576,0
-8.3,36851.4811,0.0408,1028.87,059003.000245,059003.000545,0.1679,5G,0.5094,201.843,0
-8.3,36806.9787,0.0407,985.02,059003.000171,059003.000441,-0.0177,2G,0.8571,16693.763,0
-8.3,36744.3406,0.0405,4623.11,059003.000230,059003.000332,0.0845,3A,0.6245,4207.162,0
-8.3,36743.2088,0.0405,6464.82,059003.000242,059003.000339,0.0352,2A,0.4566,4293.931,0
-8.3,36736.21,0.0405,2750.7,059003.000153,059003.000267,0.2896,5G,0.3554,8656.94,0
-8.3,36621.8299,0.094,7302.02,059003.000306,059003.000570,1.1585,5G,0.42,1991.779,0
-8.3,36575.1816,0.0402,5390.18,059003.000114,059003.000206,0.0685,2B,0.8319,7557.586,0
-8.3,36560.7197,0.0401,2272.3,059003.000186,059003.000302,-0.1585,4G,0.4031,13520.561,0
-8.3,36495.9598,0.04,4214.05,059003.000180,059003.000292,0.1039,3C,1.098,552.497,0
-8.3,36446.4988,0.0399,4632.08,059003.000148,059003.000263,0.1223,4C,1.5677,240.282,0
-8.3,36409.6089,0.3847,3161.4,059003.000127,059003.000221,0.603,2G,0.6767,18607.291,0
-8.3,36394.2394,0.0398,4341.61,059003.000172,059003.000439,-0.2411,5C,0.8657,635.639,0
-8.3,36313.3112,0.0396,4334.72,059003.000175,059003.000440,0.0444,2C,1.209,465.883,0
-8.3,36293.9109,0.0923,2621.72,059003.000242,059003.000335,0.2301,3A,0.4465,2282.966,0
-8.3,36197.021,0.0393,2727.08,059003.000145,059003.000258,0.1158,3B,0.5917,856.677,0
-8.3,36000.0,0.0389,3927.92,059003.000125,059003.000216,0.1862,5G,0.5746,19995.94,0
-8.3,35972.3308,0.3755,2977.11,059003.000165,059003.000437,0.7148,2G,0.5547,13689.921,0
-8.3,35916.8795,0.0387,2026.57,059003.000163,059003.000436,0.0009,2B,0.6499,1007.497,0
-8.3,35731.6994,0.0894,2167.78,059003.000148,059003.000258,0.2344,3B,0.3896,4954.012,0
-8.3,35544.94,0.0379,1155.88,059003.000266,059003.000560,-0.0316,2A,0.6811,850.222,0
-8.3,35369.8493,0.0376,8565.22,059003.000125,059003.000211,-0.2008,5A,0.5092,12774.722,0
-8.3,35319.4691,0.362,2486.12,059003.000142,059003.000249,0.3377,2B,0.3838,1622.597,0
-8.3,35253.5012,0.0373,3805.44,059003.000257,059003.000342,-0.0236,2A,0.6758,2053.884,0
-8.3,35242.3283,0.0373,1272.78,059003.000235,059003.000325,-0.0127,2B,0.3962,716.287,0
-8.3,35218.0584,0.5,2564.2,059003.000140,059003.000434,0.1892,2G,0.5737,710.774,0
-8.3,35173.2912,0.0371,1299.26,059003.000455,059003.000569,0.0268,2G,0.4422,18764.984,0
-8.3,34974.6002,0.0367,5498.43,059003.000170,059003.000271,0.0646,2A,0.5467,4891.131,0
-8.3,34958.3013,0.0856,1380.71,059003.000123,059003.000205,-0.134,2A,0.4763,1363.456,0
-8.3,34918.6117,0.5,1395.52,059003.000119,059003.000202,-0.4923,2A,0.3569,1254.471,0
-8.3,34918.6117,0.5,1395.52,059003.000156,059003.000262,0.0847,2A,0.3814,1026.262,0
-8.3,34879.5117,0.0365,4230.07,059003.000165,059003.000268,0.0199,2B,1.1237,1924.284,0
-8.3,34875.1803,0.0852,5646.5,059003.000126,059003.000210,0.2122,3D,1.9843,1521.222,0
-8.3,34831.2601,0.085,2855.59,059003.000125,059003.000208,0.1399,2G,0.5976,52344.334,0
-8.3,34663.3995,0.0842,8930.14,059003.000146,059003.000255,-0.069,2B,0.4165,3512.22,0
-8.3,34605.8393,0.036,4525.82,059003.000145,059003.000253,-0.1,3B,0.3988,13246.356,0
-8.3,34588.6605,0.0359,1514.59,059003.000167,059003.000269,0.0074,2A,0.6402,2012.721,0
-8.3,34466.2212,0.0357,7782.23,059003.000180,059003.000285,-0.1196,4G,0.363,2700.389,0
-8.3,34398.191,0.0355,3158.05,059003.000131,059003.000215,0.0459,2A,0.5486,5023.717,0
-8.3,34358.0504,0.0354,4776.32,059003.000132,059003.000219,-0.0328,2G,0.3994,14335.432,0
-8.3,33985.0011,0.0809,11925.78,059003.000191,059003.000302,-0.0486,2G,0.5202,43725.369,0
-8.3,33954.7323,0.0346,6847.39,059003.000146,059003.000249,-0.142,5B,0.3421,10258.748,0
-8.3,33764.0202,0.0342,8799.04,059003.000188,059003.000299,0.3267,5G,0.5908,155245.603,0
-8.3,33652.0408,0.034,10709.9,059003.000146,059003.000435,-0.0114,2G,0.4418,3043.538,0
-8.3,33594.2509,0.0339,14376.48,059003.000149,059003.000249,0.1229,4G,0.5269,132420.705,0
-8.3,33585.8823,0.1,35975.11,059003.000151,059003.000252,0.1352,2B,0.399,19482.648,0
-8.3,33490.7001,0.0337,5451.22,059003.000191,059003.000449,-0.0597,2A,0.5244,5127.448,0
-8.3,33413.1183,0.0335,3661.31,059003.000454,059003.000566,0.0342,2A,0.4153,3566.776,0
-8.3,33409.0499,0.08,36626.67,059003.000129,059003.000206,0.1359,2G,0.5664,6649.61,0
-8.3,33291.941,0.0776,3698.73,059003.000129,059003.000205,-0.0532,2G,0.5927,14870.101,0
-8.3,33267.5592,0.5,16674.74,059003.000165,059003.000265,-1.0571,3A,0.5921,15907.419,0
-8.3,33079.3903,0.0329,9372.43,059003.000182,059003.000283,0.2428,5A,0.4996,11490.811,0
-8.3,33063.7289,0.0766,3751.87,059003.000320,059003.000517,-0.0188,2B,0.5954,1056.457,0
-8.3,33035.9299,0.0765,3756.75,059003.000120,059003.000197,0.036,2A,0.3817,5176.418,0
-8.3,33026.5711,0.0327,5637.47,059003.000316,059003.000511,-0.0001,2B,0.5718,1902.853,0
-8.3,32966.3505,0.0326,5651.12,059003.000455,059003.000567,-0.0207,2A,0.4161,5384.336,0
-8.3,32876.6817,0.0325,132224.79,059003.000150,059003.000435,-0.0279,2B,0.6325,69909.058,0
-8.3,32798.3399,0.0323,7567.79,059003.000187,059003.000294,-0.3209,5B,0.5178,15169.748,0
-8.3,32768.8592,0.5,15141.67,059003.000111,059003.000195,0.3268,2G,0.3691,984.019,0
-8.3,32768.8592,0.5,15141.67,059003.000154,059003.000252,0.4612,2G,0.6001,3449.897,0
-8.3,32715.2387,0.0321,9467.85,059003.000167,059003.000263,-0.0682,3B,0.5274,22659.26,0
-8.3,32688.8684,0.0321,13256.2,059003.000150,059003.000245,-0.0371,2B,0.6301,3748.965,0
-8.3,32572.6886,0.3079,17032.86,059003.000140,059003.000222,-0.7712,3B,0.5999,7760.859,0
-8.3,32500.7402,0.0317,1890.19,059003.000141,059003.000225,-0.1246,4E,1.9714,269726.284,0
-8.3,32427.1413,0.0316,5659.52,059003.000140,059003.000432,-0.0677,3G,0.4544,33828.157,0
-8.3,32414.4789,0.0736,16971.69,059003.000145,059003.000235,0.1867,3E,2.0901,308.46,0
-8.3,32297.3525,0.0313,1876.9,059003.000548,059003.000535,0.0,2G,0.5442,488.137,0
-8.3,32266.9313,0.08,16866.68,059003.000187,059003.000293,-0.0148,2B,0.5339,7185.92,0
-8.3,31628.3609,0.2903,17670.02,059003.000190,059003.000293,0.1949,2B,0.4765,10037.897,0
-8.3,31589.3779,0.1,5273.08,059003.000166,059003.000257,-0.1455,2B,1.1055,3584.059,0
-8.3,31517.7024,0.0298,1739.82,059003.000131,059003.000199,-0.0041,2B,0.4084,4792.591,0
-8.3,31512.1692,0.0298,5215.21,059003.000160,059003.000253,-0.114,4G,0.4827,1039.076,0
-8.3,31470.6216,0.0297,3455.12,059003.000149,059003.000231,-0.0126,2G,0.5194,42116.334,0
-8.3,31231.9591,0.0293,3318.9,059003.000153,059003.000239,-0.0986,4B,1.2803,693.577,0
-8.3,30795.4727,0.0285,3025.84,059003.000120,059003.000195,0.0006,2B,0.5427,5917.003,0
-8.3,30623.1722,0.08,8693.88,059003.000133,059003.000199,-0.1895,3G,0.5287,81302.984,0
-8.3,30256.9088,0.0275,6527.62,059003.000165,059003.000250,0.1424,5D,1.8409,2646.139,0
-8.3,30099.9615,0.1,3726.27,059003.000161,059003.000247,0.0432,2A,0.568,3155.187,0
-8.3,29927.9619,0.08,8204.06,059003.000161,059003.000244,-0.1007,2G,0.501,129999.795,0
-8.3,29882.4502,0.0268,4613.75,059003.000140,059003.000207,0.0542,3G,0.512,35188.932,0
-8.3,29716.3026,0.0265,8686.3,059003.000188,059003.000289,-0.0565,3G,0.4988,101812.285,0
-8.3,29707.8309,0.1,6494.1,059003.000446,059003.000563,0.5144,5A,0.4396,4423.77,0
-8.3,29701.922,0.0265,53997.7,059003.000189,059003.000289,0.0497,2A,0.5247,72149.213,0
-8.3,29424.2411,0.08,290576.33,059003.000134,059003.000197,0.0396,2A,0.5048,366576.708,0
-8.3,29275.1311,0.06,910.22,059003.000173,059003.000251,-0.0942,2B,0.62,435.996,0
-8.3,28944.341,0.1,23577.58,059003.000145,059003.000211,0.249,3B,0.5077,57814.003,0
-8.3,28603.7011,0.0246,2669.41,059003.000161,059003.000234,-0.0264,2B,0.5817,5929.353,0
-8.3,28235.6799,0.0239,552.01,059003.000175,059003.000243,0.175,5C,0.7165,114.712,0
-8.3,28077.4491,0.0237,1013.61,059003.000187,059003.000280,0.0997,5A,0.5177,1526.663,0
-8.3,28007.3219,0.0236,975.26,059003.000185,059003.000440,-0.1347,5G,0.688,154.443,0
-8.3,27959.2321,0.0548,949.58,059003.000165,059003.000229,0.0914,2C,0.7686,188.911,0
-8.3,27941.7809,0.0234,4231.75,059003.000151,059003.000211,0.1114,5B,0.4112,1404.899,0
-8.3,27752.3621,0.0231,2956.87,059003.000038,059003.000163,-0.0127,2A,0.4941,2504.769,0
-8.3,27674.7402,0.023,403.94,059003.000439,059003.000333,-0.0941,5B,0.6028,139.55,0
-8.3,27674.7402,0.023,403.94,059003.000111,059003.000193,-0.0116,2B,0.7911,92.69,0
-8.3,27657.5023,0.023,399.93,059003.000139,059003.000197,-0.0135,2G,0.5025,2658.283,0
-8.3,27438.4613,0.0226,2109.88,059003.000190,059003.000280,-0.108,5A,0.4924,2171.976,0
-8.3,27372.0198,0.0225,337.98,059003.000173,059003.000235,-0.0236,2B,0.8104,702.088,0
-8.3,27349.2283,0.0225,2667.19,059003.000192,059003.000444,-0.0188,2A,0.4608,3119.705,0
-8.3,27318.71,0.0224,327.34,059003.000031,059003.000126,0.0282,2B,0.5442,904.503,0
-8.3,27257.2611,0.0223,315.43,059003.000284,059003.000552,-0.0001,2B,0.5553,562.084,0
-8.3,27233.5311,0.0223,621.86,059003.000145,059003.000202,-0.0719,4B,1.4433,136.456,0
-8.3,27178.9618,0.0222,300.79,059003.000166,059003.000225,0.0729,4G,0.8852,8612.64,0
-8.3,27149.5099,0.0221,295.44,059003.000112,059003.000193,-0.0555,3A,0.474,220.133,0
-8.3,27142.6884,0.0221,294.21,059003.000156,059003.000212,-0.0153,2B,0.5221,694.945,0
-8.3,27096.7607,0.022,572.12,059003.000041,059003.000174,0.0063,2D,1.6308,26.86,0
-8.3,26974.3499,0.0218,265.3,059003.000276,059003.000326,0.0172,2G,0.4421,80.755,0
-8.3,26731.9785,0.0215,456.35,059003.000151,059003.000205,-0.0041,2G,0.4093,1379.946,0
-8.3,26696.7576,0.0499,892.8,059003.000146,059003.000201,-0.1448,3B,0.2592,433.827,0
-8.3,26637.5432,0.0213,430.13,059003.000180,059003.000261,-0.0042,2B,0.5353,199.642,0
-8.3,26482.8731,0.0211,195.14,059003.000180,059003.000259,0.028,2B,0.5162,68.227,0
-8.3,26303.232,0.0208,174.26,059003.000103,059003.000189,0.0044,2A,0.3542,231.003,0
-8.3,26202.8079,0.0206,327.17,059003.000031,059003.000123,0.0029,2A,0.5852,235.872,0
-8.3,26149.6829,0.0205,1265.68,059003.000183,059003.000265,-0.0779,4B,0.5215,743.181,0
-8.3,26028.2879,0.0203,293.23,059003.000177,059003.000234,0.0267,2G,0.673,55.858,0
-8.3,26001.6313,0.0203,288.38,059003.000144,059003.000198,-0.0004,2G,0.2909,1525.407,0
-8.3,25991.7696,0.0473,716.53,059003.000312,059003.000566,-0.0342,2G,0.4455,211.883,0
-8.3,25834.9132,0.02,129.99,059003.000167,059003.000218,-0.0449,3B,0.4581,66.957,0
-8.3,25815.1093,0.02,256.82,059003.000175,059003.000222,-0.0237,2G,1.5532,9.031,0
-8.3,25779.4794,0.02,376.85,059003.000037,059003.000153,0.0161,2B,0.8867,395.181,0
-8.3,25778.9879,0.02,376.73,059003.000151,059003.000200,-0.0326,2G,0.3195,135.728,0
-8.3,25705.9726,0.0198,360.21,059003.000161,059003.000213,-0.0114,2A,0.586,216.44,0
-8.3,25566.4671,0.0458,110.31,059003.000156,059003.000203,0.0034,2A,0.685,91.433,0
-8.3,25109.2511,0.0189,337.89,059003.000282,059003.000333,0.0154,2B,0.5364,181.168,0
-8.3,25095.5325,0.0189,502.97,059003.000191,059003.000440,0.0773,5B,0.4851,194.883,0
-8.3,24784.2209,0.0184,496.51,059003.000161,059003.000208,0.0251,2A,0.4921,374.12,0
-8.3,24751.8193,0.5,279.07,059003.000179,059003.000253,0.6552,2B,0.3681,191.641,0
-8.3,24531.3936,0.0181,125.31,059003.000180,059003.000253,0.0671,4A,0.3646,127.899,0
-8.3,24488.413,0.018,368.55,059003.000032,059003.000120,0.0039,2G,0.6123,2121.439,0
-8.3,24488.1614,0.018,429.92,059003.000171,059003.000214,0.0032,2A,0.4153,430.724,0
-8.3,24360.1204,0.0178,58.03,059003.000046,059003.000169,0.0012,2B,1.5273,37.538,0
-8.3,24102.8521,0.0174,157.16,059003.000349,059003.000580,-0.0014,2B,0.438,362.233,0
-8.3,24091.8725,0.0174,156.54,059003.000350,059003.000582,0.001,2G,0.4093,1533.628,0
-8.3,24084.113,0.0174,780.52,059003.000172,059003.000212,0.0177,2B,0.3633,282.199,0
-8.3,24078.9889,0.0174,311.64,059003.000393,059003.000622,0.1056,5G,0.4608,1406.307,0
-8.3,24050.1505,0.0174,102.83,059003.000188,059003.000437,-0.0563,4B,0.4596,34.822,0
-8.3,23989.168,0.0173,402.87,059003.000375,059003.000608,0.0754,5B,0.4109,1111.101,0
-8.3,23985.9929,0.0173,150.92,059003.000375,059003.000607,0.0528,4A,0.4594,128.947,0
-8.3,23930.4187,0.0172,49.42,059003.000360,059003.000597,0.0864,5B,0.4112,18.954,0
-8.3,23909.727,0.0172,7365.07,059003.000360,059003.000592,-0.0854,5G,0.4023,1712.871,0
-8.3,23897.2518,0.0171,342.4,059003.000351,059003.000583,0.0001,2B,0.4083,793.325,0
-8.3,23886.9214,0.0171,48.76,059003.000448,059003.000560,-0.0164,2B,1.4585,6.116,0
-8.3,23880.4766,0.0171,243.35,059003.000181,059003.000255,0.0084,2G,0.6573,45.469,0
-8.3,23847.8116,0.0171,433.87,059003.000001,059003.000099,-0.0039,2B,0.6648,174.277,0
-8.3,23804.1897,0.017,333.37,059003.000361,059003.000596,-0.1085,5B,0.3984,115.007,0
-8.3,23798.252,0.0397,95.1,059003.000291,059003.000336,0.1547,4A,0.3633,98.096,0
-8.3,23786.483,0.017,142.19,059003.000361,059003.000593,0.052,4A,0.4012,183.599,0
-8.3,23784.6207,0.017,47.37,059003.000361,059003.000592,0.053,4G,0.4179,839.555,0
-8.3,23773.0872,0.017,708.47,059003.000154,059003.000197,0.0197,2B,0.4767,1728.901,0
-8.3,23759.4825,0.017,47.07,059003.000362,059003.000606,0.0,2G,0.4082,221.514,0
-8.3,23738.2833,0.0169,46.81,059003.000463,059003.000597,0.0982,5A,0.5055,49.4,0
-8.3,23657.2992,0.0168,275.6,059003.000037,059003.000144,-0.0185,2G,0.572,1960.661,0
-8.3,23566.3588,0.0167,360.76,059003.000363,059003.000598,0.0,2B,0.4043,884.742,0
-8.3,23549.4381,0.0167,179.82,059003.000399,059003.000622,-0.3639,5G,0.4085,705.153,0
-8.3,23549.4381,0.0167,179.82,059003.000352,059003.000583,-0.0002,2G,0.397,663.694,0
-8.3,23539.4215,0.0166,673.15,059003.000164,059003.000203,-0.0079,2B,0.4444,1472.226,0
-8.3,23530.8893,0.0166,1344.31,059003.000353,059003.000586,0.0228,2G,0.4015,275.134,0
-8.3,23523.032,0.0166,223.75,059003.000352,059003.000580,0.0077,2G,0.4023,1375.064,0
-8.3,23521.0109,0.0166,223.68,059003.000352,059003.000579,-0.0072,2G,0.4037,3361.93,0
-8.3,23476.2515,0.0166,1110.5,059003.000353,059003.000580,-0.0224,2B,0.3934,1787.385,0
-8.3,23462.5184,0.0165,310.32,059003.000380,059003.000619,-0.0218,2B,0.4209,480.413,0
-8.3,23429.7824,0.0165,882.67,059003.000180,059003.000433,0.0299,2B,0.56,344.83,0
-8.3,23393.583,0.0164,87.88,059003.000378,059003.000612,0.1083,5G,0.4161,1176.997,0
-8.3,23382.7164,0.0164,175.54,059003.000061,059003.000178,0.0,2G,0.5641,4180.085,0
-8.3,23343.2834,0.0164,174.85,059003.000381,059003.000617,0.0384,3G,0.4279,641.43,0
-8.3,23325.5216,0.0163,1745.76,059003.000354,059003.000584,0.0022,2B,0.4132,4826.15,0
-8.3,23315.1621,0.0163,5232.84,059003.000051,059003.000167,-0.047,3B,0.5191,1771.334,0
-8.3,23303.6323,0.0381,435.69,059003.000365,059003.000601,-0.0,2A,0.4994,661.428,0
-8.3,23301.8672,0.0163,435.63,059003.000381,059003.000612,-0.1963,5A,0.4994,715.532,0
-8.3,23301.8672,0.0163,435.63,059003.000365,059003.000600,-0.0957,5B,0.4492,885.566,0
-8.3,23291.9897,0.038,391.79,059003.000354,059003.000579,0.0376,2G,0.3987,1320.431,0
-8.3,23236.7621,0.0162,260.39,059003.000186,059003.000264,0.0044,2B,0.4319,686.726,0
-8.3,23224.6725,0.048,1301.31,059003.000307,059003.000563,-0.0439,2B,0.4456,777.048,0
-8.3,23211.2207,0.0378,390.21,059003.000355,059003.000587,-0.0008,2B,0.4011,820.187,0
-8.3,23175.4615,0.0161,129.97,059003.000182,059003.000250,-0.0621,4D,1.9739,9.706,0
-8.3,23175.4615,0.0161,129.97,059003.000181,059003.000250,-0.0524,4D,1.8433,5.812,0
-8.3,23163.619,0.0161,173.27,059003.000383,059003.000616,0.0,2G,0.3972,3023.58,0
-8.3,23158.2282,0.0161,43.32,059003.000356,059003.000590,-0.0,2A,0.4001,41.823,0
-8.3,23151.2508,0.0376,129.95,059003.000446,059003.000346,-0.0727,2E,2.1408,1.508,0
-8.3,23137.2616,0.0161,129.95,059003.000357,059003.000588,0.0193,2G,0.398,414.403,0
-8.3,23134.3479,0.0161,129.95,059003.000146,059003.000194,-0.0774,5A,0.5302,76.648,0
-8.3,23134.3479,0.0161,129.95,059003.000183,059003.000249,0.0769,5A,0.5184,151.613,0
-8.3,23125.1479,0.0161,86.64,059003.000043,059003.000158,-0.0109,2G,0.6355,512.625,0
-8.3,23124.7573,0.0161,43.32,059003.000383,059003.000610,-0.1347,5G,0.4104,354.158,0
-8.3,23120.9996,0.0161,1299.69,059003.000383,059003.000609,0.0501,4B,0.4021,801.201,0
-8.3,23114.0335,0.016,1083.19,059003.000357,059003.000586,-0.0212,2A,0.3989,1446.855,0
-8.3,23087.6893,0.0374,173.42,059003.000366,059003.000603,-0.0184,2A,0.5858,161.706,0
-8.3,23084.2316,0.0373,86.72,059003.000366,059003.000604,0.0186,2G,0.4103,601.519,0
-8.3,23074.619,0.016,216.87,059003.000384,059003.000618,-0.0019,2B,0.411,88.749,0
-8.3,23068.1503,0.016,173.54,059003.000180,059003.000240,-0.0236,2A,0.3467,173.297,0
-8.3,23068.1503,0.016,173.54,059003.000356,059003.000579,0.0006,2G,0.3923,51.4,0
-8.3,23018.3732,0.0159,1087.54,059003.000051,059003.000165,0.0447,3A,0.3323,884.117,0
-8.3,23015.2464,0.0159,261.06,059003.000044,059003.000159,0.0293,2G,0.5805,939.036,0
-8.3,22999.2807,0.0159,304.93,059003.000179,059003.000238,0.0063,2C,1.332,25.797,0
-8.3,22993.0608,0.0159,1089.57,059003.000182,059003.000248,-0.0177,2A,0.4562,1180.4,0
-8.3,22986.2372,0.0159,392.47,059003.000358,059003.000588,-0.1733,5B,0.4077,918.176,0
-8.3,22986.2372,0.0159,392.47,059003.000367,059003.000599,0.2143,5G,0.3922,1785.498,0
-8.3,22983.9932,0.0159,392.54,059003.000368,059003.000602,0.0011,2A,0.4392,488.545,0
-8.3,22962.3815,0.0158,349.62,059003.000367,059003.000595,-0.0828,5G,0.3943,1770.726,0
-8.3,22957.4318,0.0158,218.62,059003.000367,059003.000594,-0.0816,5B,0.4226,429.146,0
-8.3,22951.8996,0.0158,349.98,059003.000367,059003.000592,0.0691,5B,0.3916,843.235,0
-8.3,22949.542,0.0369,175.03,059003.000189,059003.000269,-0.0957,3B,0.4793,60.751,0
-8.3,22939.5781,0.0158,1314.16,059003.000368,059003.000597,-0.0011,2B,0.4324,590.479,0
-8.3,22932.994,0.0158,175.35,059003.000358,059003.000582,0.0199,2B,0.3834,393.967,0
-8.3,22901.8883,0.0158,88.01,059003.000458,059003.000582,-0.0208,2G,0.4317,18.538,0
-8.3,22897.3105,0.0157,264.19,059003.000369,059003.000594,0.0807,5B,0.4488,671.454,0
-8.3,22882.641,0.0157,397.09,059003.000458,059003.000581,-0.0,2G,0.4296,102.377,0
-8.3,22870.6397,0.0157,353.59,059003.000458,059003.000578,0.0496,4B,0.4166,194.367,0
-8.3,22866.1486,0.0157,132.68,059003.000385,059003.000612,-0.0625,4B,1.2292,111.502,0
-8.3,22865.4268,0.0366,88.47,059003.000385,059003.000611,0.4396,5G,0.3916,831.031,0
-8.3,22857.9664,0.0157,398.56,059003.000386,059003.000618,0.0379,3A,0.4105,289.582,0
-8.3,22849.8366,0.0157,44.34,059003.000385,059003.000607,-0.0435,3B,1.1903,165.648,0
-8.3,22828.0828,0.0156,890.06,059003.000386,059003.000617,-0.0354,3G,0.3956,224.534,0
-8.3,22826.8106,0.0156,178.05,059003.000172,059003.000205,0.0109,2G,0.3311,709.544,0
-8.3,22821.6011,0.0156,356.43,059003.000304,059003.000561,-0.0002,2D,2.12,10.725,0
-8.3,22813.8885,0.0156,178.46,059003.000371,059003.000604,-0.0033,2B,0.3825,425.186,0
-8.3,22792.6719,0.0156,44.8,059003.000370,059003.000597,-0.1534,5B,0.7182,99.337,0
-8.3,22792.1271,0.0156,134.4,059003.000370,059003.000596,0.0912,5G,0.4653,710.897,0
-8.3,22771.0291,0.0156,89.98,059003.000476,059003.000617,-0.0021,2D,2.3661,8.263,0
-8.3,22707.5371,0.0155,273.88,059003.000460,059003.000588,0.0001,2B,0.3952,468.059,0
-8.3,22707.0674,0.0155,182.61,059003.000461,059003.000587,0.0001,2A,0.396,244.427,0
-8.3,22707.0674,0.0155,182.61,059003.000468,059003.000600,0.1872,5B,0.7628,150.253,0
-8.3,22701.6797,0.0155,91.43,059003.000467,059003.000593,-0.0431,3G,0.4828,713.852,0
-8.3,22699.822,0.0361,320.15,059003.000467,059003.000592,-0.0374,2A,0.5183,440.513,0
-8.3,22690.3675,0.0155,45.85,059003.000373,059003.000600,-0.0007,2G,0.3935,288.516,0
-8.3,22681.3103,0.0154,275.73,059003.000182,059003.000245,0.0528,4D,1.7695,21.36,0
-8.3,22671.8864,0.0154,322.49,059003.000173,059003.000204,-0.0025,2G,0.3282,91.779,0
-8.3,22630.2536,0.0154,233.09,059003.000122,059003.000187,0.0039,2G,0.3357,71.625,0
-8.3,22576.0235,0.0357,379.38,059003.000462,059003.000587,0.0005,2A,0.397,333.37,0
-8.3,22560.0107,0.0153,286.09,059003.000387,059003.000611,-0.0765,5A,0.384,312.366,0
-8.3,22557.7696,0.0153,238.59,059003.000387,059003.000610,0.122,5G,0.385,2477.601,0
-8.3,22553.6597,0.0153,47.79,059003.000387,059003.000609,-0.0453,3G,0.4041,417.497,0
-8.3,22551.099,0.0153,95.66,059003.000462,059003.000585,-0.0,2G,0.4007,892.546,0
-8.3,22537.6883,0.0153,48.06,059003.000388,059003.000617,0.0277,2B,0.4502,117.672,0
-8.3,22525.6999,0.0152,144.8,059003.000182,059003.000243,-0.0634,5A,0.6485,189.203,0
-8.3,22522.7798,0.0152,386.55,059003.000462,059003.000582,0.0001,2B,0.404,834.017,0
-8.3,22516.1601,0.0152,290.63,059003.000388,059003.000614,-0.0044,2A,0.4494,291.684,0
-8.3,22411.2873,0.0151,138.69,059003.000359,059003.000580,0.0979,5G,0.415,698.077,0
-8.3,22404.1698,0.0151,434.48,059003.000359,059003.000578,-0.0447,3G,0.381,1780.074,0
-8.3,22392.8862,0.0151,261.75,059003.000448,059003.000345,0.0124,2B,0.328,98.019,0
-8.3,22387.661,0.0351,52.45,059003.000389,059003.000617,-0.0816,3B,0.379,32.385,0
-8.3,22202.2866,0.0148,56.97,059003.000184,059003.000250,-0.0209,2B,1.5275,6.27,0
-8.3,22112.4891,0.0147,39.91,059003.000447,059003.000551,-0.0027,2D,2.043,1.142,0
-8.3,21974.2007,0.0145,174.29,059003.000298,059003.000551,0.0117,2G,1.6054,5.872,0
-8.3,21954.6225,0.0145,66.24,059003.000180,059003.000231,-0.0267,2A,0.5763,59.231,0
-8.3,21838.897,0.0143,48.04,059003.000392,059003.000619,0.0104,2G,0.3868,250.892,0
-8.3,21829.7521,0.0143,1451.25,059003.000135,059003.000193,0.0235,2B,0.8918,726.731,0
-8.3,21786.4141,0.0333,25.02,059003.000375,059003.000599,-0.4106,5B,0.4055,60.247,0
-8.3,21784.1395,0.0143,100.25,059003.000180,059003.000229,-0.0177,2B,0.8282,62.956,0
-8.3,21765.5964,0.0332,25.43,059003.000187,059003.000265,0.1635,5B,0.4803,13.063,0
-8.3,21754.2717,0.0142,128.33,059003.000001,059003.000084,0.0012,2A,0.6021,171.5,0
-8.3,21752.6038,0.0142,154.2,059003.000375,059003.000592,-0.0285,3G,0.4353,47.048,0
-8.3,21539.8932,0.0139,30.83,059003.000393,059003.000608,-0.0665,5A,0.3954,27.12,0
-8.3,21526.8469,0.0325,935.9,059003.000033,059003.000113,-0.0181,2A,0.6312,1190.814,0
-8.3,21497.443,0.0324,224.3,059003.000394,059003.000613,-0.1485,5G,0.453,5.251,0
-8.3,21497.443,0.0324,224.3,059003.000394,059003.000614,0.0224,2C,1.4649,13.918,0
-8.3,21488.2412,0.08,290.83,059003.000173,059003.000199,0.058,2A,0.3084,293.509,0
-8.3,21425.6179,0.0138,308.25,059003.000430,059003.000192,-0.0071,2G,0.3864,102.228,0
-8.3,21309.3043,0.0136,38.27,059003.000482,059003.000613,-0.0309,3A,0.3969,46.24,0
-8.3,21309.3043,0.0136,38.27,059003.000482,059003.000614,0.14,5G,0.3887,5.232,0
-8.3,21240.1008,0.0135,245.71,059003.000364,059003.000580,-0.0682,5B,0.3701,87.092,0
-8.3,20977.5877,0.0132,53.25,059003.000064,059003.000169,-0.0004,2C,0.8058,10.875,0
-8.3,20970.8929,0.0132,53.61,059003.000040,059003.000141,-0.0277,3G,0.6397,653.9,0
-8.3,20970.6204,0.0132,53.62,059003.000382,059003.000603,0.0008,2G,1.3848,2.674,0
-8.3,20963.4476,0.0132,162.04,059003.000035,059003.000134,0.0024,2B,1.0929,213.724,0
-8.3,20939.0199,0.0132,55.36,059003.000043,059003.000145,-0.0103,2G,0.4827,324.414,0
-8.3,20915.634,0.0307,113.36,059003.000383,059003.000598,-0.0002,2B,0.3847,193.922,0
-8.3,20889.6067,0.0131,174.57,059003.000383,059003.000595,0.0563,5B,0.3857,61.513,0
-8.3,20840.2723,0.013,61.15,059003.000183,059003.000229,-0.0129,2A,0.5277,85.37,0
-8.3,20810.8532,0.0303,125.96,059003.000484,059003.000619,0.0268,2G,0.4656,26.304,0
-8.3,20804.3396,0.013,316.95,059003.000122,059003.000185,-0.038,3B,0.4934,1017.784,0
-8.3,20775.0428,0.013,65.27,059003.000484,059003.000617,-0.0072,2G,0.4343,21.083,0
-8.3,20725.058,0.0301,68.6,059003.000400,059003.000608,0.0817,3B,0.423,162.418,0
-8.3,20701.8725,0.0129,70.19,059003.000035,059003.000133,-0.0053,2B,0.711,29.782,0
-8.3,20115.0223,0.0122,237.45,059003.000181,059003.000223,0.0003,2G,0.4009,67.445,0
-8.3,19640.0945,0.0116,1587.39,059003.000068,059003.000163,0.0123,2A,0.5243,2348.821,0
-8.3,19242.9635,0.0111,351.33,059003.000077,059003.000175,0.0,2B,0.4825,140.195,0
-8.3,19056.1772,0.0109,174.67,059003.000483,059003.000603,0.0002,2E,2.1196,3.168,0
-8.3,18991.7563,0.0108,25929.09,059003.000001,059003.000067,-0.006,2G,0.5773,221231.433,0
-8.3,18901.1467,0.0107,507.2,059003.000362,059003.000576,-0.0002,2B,0.522,169.421,0
-8.3,18862.3197,0.0107,668.06,059003.000352,059003.000573,-0.0,2G,0.4417,129.757,0
-8.3,18320.5767,0.0101,238.01,059003.000180,059003.000207,-0.0099,2G,0.3381,76.6,0
-8.3,18139.9693,0.0099,497.78,059003.000430,059003.000186,0.0347,4B,0.5007,1226.604,0
-8.3,17993.0683,0.0097,337.55,059003.000038,059003.000128,-0.0037,2G,0.5784,90.474,0
-8.3,17981.2902,0.0097,665.76,059003.000065,059003.000157,-0.0009,2B,0.5531,309.862,0
-8.3,17957.5416,0.0097,4853.45,059003.000068,059003.000158,-0.0062,2B,0.5419,2544.863,0
-8.3,17927.798,0.0097,702.23,059003.000080,059003.000169,-0.0021,2A,0.4423,917.129,0
-8.3,17909.3938,0.0096,686.55,059003.000031,059003.000069,-0.0055,2G,0.5856,3464.508,0
-8.3,17879.3708,0.0096,293.97,059003.000058,059003.000148,0.0132,2B,1.1362,258.109,0
-8.3,17684.7328,0.0094,228.55,059003.000082,059003.000169,-0.0027,2B,0.7217,62.339,0
-8.3,17420.4381,0.0213,200.81,059003.000056,059003.000144,-0.0364,2B,0.4858,64.538,0
-8.3,17420.4381,0.0213,200.81,059003.000370,059003.000420,0.1108,5B,1.544,37.733,0
-8.3,17305.9806,0.009,519.76,059003.000468,059003.000420,-0.0099,2D,2.1085,62.722,0
-8.3,17299.2239,0.009,34.36,059003.000494,059003.000618,-0.0118,2B,0.3516,15.402,0
-8.3,17248.1117,0.0089,32.26,059003.000494,059003.000613,0.0116,2G,0.3449,8.762,0
-8.3,17227.1057,0.0089,62.91,059003.000045,059003.000136,-0.0391,5G,0.6813,12.356,0
-8.3,17164.1085,0.0088,29.23,059003.000361,059003.000574,0.0013,2B,0.3607,12.259,0
-8.3,17137.7196,0.0088,28.38,059003.000321,059003.000486,-0.0048,2A,0.4247,23.477,0
-8.3,17137.7196,0.0088,28.38,059003.000085,059003.000169,0.0078,2B,0.3051,75.57,0
-8.3,17085.1061,0.0088,107.35,059003.000388,059003.000426,-0.0082,2G,0.6895,25.937,0
-8.3,17082.2276,0.0088,80.28,059003.000122,059003.000179,0.0154,2G,0.4478,496.457,0
-8.3,17015.4115,0.0087,150.45,059003.000191,059003.000433,-0.0118,2G,0.4609,29.472,0
-8.3,17013.623,0.0087,50.07,059003.000359,059003.000571,-0.0169,2A,0.5274,32.214,0
-8.3,16962.1932,0.0086,23.94,059003.000092,059003.000176,0.002,2G,0.5591,170.598,0
-8.3,16951.4493,0.0086,71.19,059003.000136,059003.000186,-0.0365,5G,0.5156,2212.924,0
-8.3,16769.7178,0.0084,106.5,059003.000040,059003.000129,0.0003,2B,1.5754,126.714,0
-8.3,16756.0833,0.0084,21.2,059003.000471,059003.000577,0.0003,2B,0.9639,70.016,0
-8.3,16690.9687,0.0084,62.7,059003.000340,059003.000496,0.0096,2B,0.4112,21.57,0
-8.3,16561.0968,0.0192,212.21,059003.000056,059003.000142,0.0043,2G,0.2927,69.695,0
-8.3,16469.6209,0.0081,55.08,059003.000032,059003.000070,-0.0007,2G,0.6156,2179.209,0
-8.3,16460.6738,0.019,27.85,059003.000303,059003.000543,-0.0027,2D,1.7011,13.544,0
-8.3,16424.6486,0.0081,29.07,059003.000542,059003.000402,0.0011,2A,0.6255,25.298,0
-8.3,16414.2313,0.0081,294.17,059003.000035,059003.000115,0.0013,2C,0.7655,1831.395,0
-8.3,16400.6596,0.0081,149.34,059003.000375,059003.000420,0.0054,2E,1.8806,3.241,0
-8.3,16271.2061,0.008,237.46,059003.000463,059003.000419,-0.0345,5A,0.5265,258.045,0
-8.3,16244.3511,0.0079,173.47,059003.000465,059003.000572,-0.0007,2C,0.9366,25.613,0
-8.3,16180.8888,0.0079,36.39,059003.000430,059003.000184,-0.0205,3G,0.6624,185.54,0
-8.3,16169.7622,0.0079,36.67,059003.000463,059003.000571,0.0142,2G,0.4985,299.72,0
-8.3,16134.3505,0.0078,150.09,059003.000469,059003.000421,-0.0003,2B,0.5641,274.031,0
-8.3,16123.7122,0.0182,188.82,059003.000480,059003.000427,0.0001,2B,0.8324,157.714,0
-8.3,16118.6484,0.0078,37.88,059003.000383,059003.000576,0.0001,2G,0.3576,8.902,0
-8.3,16041.58,0.0077,157.75,059003.000464,059003.000419,0.0326,5A,0.5566,236.598,0
-8.3,16035.97,0.018,197.68,059003.000306,059003.000548,-0.0426,3C,1.5907,15.325,0
-8.3,16028.0533,0.0077,198.38,059003.000032,059003.000066,0.0004,2G,0.6284,3840.261,0
-8.3,15999.5025,0.0179,40.15,059003.000190,059003.000232,0.0673,4G,0.3857,8.883,0
-8.3,15992.7695,0.0077,80.5,059003.000481,059003.000426,0.0063,2B,0.6217,209.78,0
-8.3,15986.8583,0.0179,80.68,059003.000548,059003.000496,-0.042,3B,0.4724,36.976,0
-8.3,15902.0756,0.0177,41.4,059003.000492,059003.000602,0.0001,2E,2.0893,0.55,0
-8.3,15816.3526,0.0175,84.05,059003.000048,059003.000135,0.029,2B,0.4138,45.392,0
-8.3,15792.3923,0.0075,126.37,059003.000450,059003.000542,-0.0097,2D,1.7823,25.302,0
-8.3,15655.5873,0.0074,126.16,059003.000094,059003.000168,-0.0029,2G,0.5384,973.619,0
-8.3,15485.28,0.0168,81.25,059003.000179,059003.000196,0.0006,2B,0.3849,40.484,0
-8.3,15462.9576,0.0072,40.34,059003.000342,059003.000409,0.0002,2G,0.5564,7.889,0
-8.3,15449.9176,0.0072,281.19,059003.000090,059003.000162,0.004,2G,0.4451,62.379,0
-8.3,15131.7045,0.016,34.44,059003.000412,059003.000595,0.0007,2G,0.378,8.834,0
-8.3,15082.273,0.0068,1001.64,059003.000094,059003.000162,0.0002,2B,0.5671,1811.344,0
-8.3,14992.7023,0.0158,314.4,059003.000038,059003.000112,-0.0809,5B,0.6011,576.12,0
-8.3,14951.4066,0.0067,30.54,059003.000305,059003.000334,0.0003,2B,1.331,8.032,0
-8.3,14877.3704,0.0066,1445.98,059003.000034,059003.000101,-0.012,2A,0.6024,1666.381,0
-8.3,14861.248,0.0066,28.57,059003.000308,059003.000346,-0.0005,2D,1.6853,1.39,0
-8.3,14811.3335,0.0066,109.99,059003.000450,059003.000317,0.0077,2C,1.0047,13.132,0
-8.3,14746.8079,0.0065,26.14,059003.000330,059003.000401,-0.0015,2A,0.4425,17.887,0
-8.3,14746.8079,0.0065,26.14,059003.000327,059003.000396,-0.0001,2B,0.4711,14.238,0
-8.3,14482.4325,0.0063,21072.7,059003.000109,059003.000171,0.0,2G,0.6151,4673.459,0
-8.3,14465.1901,0.0147,311.63,059003.000053,059003.000430,-0.0035,2B,0.8275,112.911,0
-8.3,14335.3207,0.0062,467.08,059003.000110,059003.000171,0.0009,2A,0.6905,658.108,0
-8.3,14199.8735,0.0061,83.9,059003.000108,059003.000169,0.0004,2C,1.0186,11.418,0
-8.3,14121.654,0.006,1581.05,059003.000036,059003.000101,0.0116,2B,0.734,586.638,0
-8.3,14104.1414,0.006,1560.61,059003.000090,059003.000159,-0.0022,2C,0.7064,378.399,0
-8.3,13939.2505,0.0058,69.5,059003.000451,059003.000314,-0.0001,2G,0.3021,19.194,0
-8.3,13807.568,0.0057,320.25,059003.000107,059003.000163,0.0001,2G,0.604,4657.349,0
-8.3,13713.9166,0.5,60.85,059003.000043,059003.000123,-1.0835,3G,0.616,229.936,0
-8.3,13603.5196,0.0056,577.59,059003.000040,059003.000114,0.0013,2G,0.5914,4092.131,0
-8.3,13566.6847,0.0055,56.88,059003.000043,059003.000121,0.0074,2G,0.5402,455.657,0
-8.3,13458.9596,0.0054,54.76,059003.000326,059003.000476,-0.0014,2B,0.396,29.062,0
-8.3,13447.7628,0.0054,54.57,059003.000048,059003.000127,-0.0003,2B,0.6993,18.303,0
-8.3,13405.3423,0.0054,53.93,059003.000092,059003.000155,-0.0007,2G,0.6029,353.481,0
-8.3,13398.0339,0.034,269.15,059003.000110,059003.000166,-0.0282,2B,0.71,966.041,0
-8.3,13358.7904,0.0125,53.34,059003.000001,059003.000042,-0.0013,2G,0.6238,4503.914,0
-8.3,13279.2591,0.0053,105.16,059003.000048,059003.000126,-0.0031,2A,0.4968,114.292,0
-8.3,13268.932,0.0123,52.5,059003.000044,059003.000121,-0.0287,3B,0.6071,16.532,0
-8.3,13263.9297,0.0053,472.23,059003.000039,059003.000108,-0.0005,2G,0.59,2760.173,0
-8.3,13174.1282,0.0052,104.14,059003.000052,059003.000129,0.0001,2G,0.5653,1679.624,0
-8.3,13164.5055,0.0052,52.05,059003.000340,059003.000406,-0.0001,2G,0.3571,12.816,0
-8.3,13107.1674,0.0052,52.04,059003.000065,059003.000137,0.0,2G,0.614,1949.366,0
-8.3,13005.1904,0.0051,52.42,059003.000325,059003.000472,0.0002,2G,0.6487,942.829,0
-8.3,13004.7467,0.0051,52.43,059003.000544,059003.000402,-0.0007,2C,1.414,4.067,0
-8.3,12977.2307,0.0051,368.36,059003.000324,059003.000379,-0.0013,2A,0.6528,289.076,0
-8.3,12970.5094,0.0051,52.68,059003.000314,059003.000365,0.0091,2B,1.4527,9.827,0
-8.3,12935.2148,0.005,211.99,059003.000325,059003.000380,-0.0021,2C,1.0032,31.74,0
-8.3,12904.1467,0.005,5333.55,059003.000034,059003.000086,0.0053,2A,0.5853,3949.842,0
-8.3,12889.5653,0.005,53.51,059003.000118,059003.000173,0.013,3G,0.6795,1429.831,0
-8.3,12884.2061,0.005,5357.91,059003.000314,059003.000465,0.0005,2B,0.4724,2113.627,0
-8.3,12873.0512,0.0116,53.72,059003.000337,059003.000399,-0.0467,5A,0.4406,78.323,0
-8.3,12843.7141,0.005,54.14,059003.000327,059003.000382,-0.0001,2D,1.6419,18.019,0
-8.3,12833.0037,0.0049,54.3,059003.000318,059003.000370,-0.4789,5D,2.007,1.724,0
-8.3,12833.0037,0.0049,54.3,059003.000314,059003.000364,-0.0114,3B,0.6597,14.322,0
-8.3,12803.2478,0.0049,109.58,059003.000119,059003.000174,-0.0005,2B,0.8148,191.218,0
-8.3,12794.7521,0.0115,329.62,059003.000037,059003.000097,-0.0043,2G,0.6138,3612.69,0
-8.3,12777.8747,0.0114,331.45,059003.000335,059003.000479,0.0111,2G,0.4815,1967.177,0
-8.3,12767.0109,0.0114,277.24,059003.000090,059003.000152,-0.0016,2B,0.5879,570.088,0
-8.3,12676.8506,0.0048,57.41,059003.000037,059003.000095,-0.0005,2B,1.258,256.612,0
-8.3,12657.2249,0.0112,115.8,059003.000033,059003.000057,0.0022,2G,0.6234,2359.332,0
-8.3,12635.7392,0.0112,175.39,059003.000032,059003.000050,-0.0019,2G,0.6044,4307.857,0
-8.3,12609.4496,0.0048,1183.75,059003.000325,059003.000469,0.0064,2A,0.4726,1002.383,0
-8.3,12609.4496,0.0048,1183.75,059003.000336,059003.000481,0.0098,3A,0.4846,1096.298,0
-8.3,12606.3164,0.0048,177.83,059003.000122,059003.000176,0.0003,2G,0.5737,1872.964,0
-8.3,12588.1603,0.0111,239.23,059003.000316,059003.000465,-0.0042,2A,0.4928,148.97,0
-8.3,12578.3245,0.0048,120.2,059003.000546,059003.000400,0.0017,2G,0.3792,26.739,0
-8.3,12569.7655,0.0047,60.36,059003.000117,059003.000170,0.0011,2G,0.5709,795.57,0
-8.3,12552.7322,0.011,60.9,059003.000047,059003.000122,0.0005,2B,0.5716,21.266,0
-8.3,12490.9628,0.0047,62.99,059003.000327,059003.000377,0.0001,2E,2.1951,0.926,0
-8.3,12428.393,0.0046,196.05,059003.000317,059003.000466,0.0014,2A,0.4603,235.505,0
-8.3,12418.2243,0.0046,197.28,059003.000045,059003.000118,0.0105,3B,0.9845,61.564,0
-8.3,12334.6984,0.0046,69.37,059003.000330,059003.000382,0.0004,2B,1.2835,18.329,0
-8.3,12328.3713,0.0046,139.31,059003.000339,059003.000479,0.0004,2G,0.455,620.611,0
-8.3,12232.2216,0.0045,595.28,059003.000328,059003.000471,-0.0,2A,0.6292,331.715,0
-8.3,12219.6514,0.0105,375.37,059003.000034,059003.000540,-0.0005,2G,0.5914,1708.898,0
-8.3,12201.3261,0.0045,380.31,059003.000117,059003.000168,-0.0008,2A,0.5927,544.683,0
-8.3,12200.2704,0.0496,685.07,059003.000068,059003.000135,-0.0569,2A,0.5645,623.884,0
-8.3,12164.0317,0.0044,78.13,059003.000056,059003.000130,0.0004,2A,0.4837,49.595,0
-8.3,12109.2344,0.0044,243.99,059003.000038,059003.000089,0.0003,2B,0.6223,699.316,0
-8.3,11934.4677,0.01,832.9,059003.000551,059003.000404,-0.0,2E,2.3,7.547,0
-8.3,11926.5677,0.0043,465.4,059003.000340,059003.000480,-0.0001,2A,0.5593,504.417,0
-8.3,11926.5677,0.0043,465.4,059003.000332,059003.000379,0.0528,5C,0.8034,77.609,0
-8.3,11890.8327,0.0099,477.61,059003.000546,059003.000479,-0.0093,2B,0.5256,1024.851,0
-8.3,11851.825,0.0042,196.43,059003.000321,059003.000365,-0.0084,2E,4.8284,0.03,0
-8.3,11834.6395,0.0042,298.23,059003.000330,059003.000470,-0.0016,2A,0.4943,426.717,0
-8.3,11827.2984,0.0042,99.92,059003.000331,059003.000470,0.0018,2G,0.5006,343.757,0
-8.3,11764.6619,0.0042,104.26,059003.000124,059003.000173,-0.0065,2G,0.526,2257.038,0
-8.3,11764.6619,0.0042,104.26,059003.000342,059003.000481,-0.0043,2G,0.4918,359.084,0
-8.3,11744.6584,0.0041,211.27,059003.000331,059003.000469,-0.001,2B,0.5124,391.82,0
-8.3,11701.9156,0.0041,651.2,059003.000543,059003.000382,-0.0027,2C,1.0949,66.168,0
-8.3,11701.9156,0.0041,651.2,059003.000048,059003.000119,0.0009,2B,0.5172,241.981,0
-8.3,11672.2383,0.0218,221.0,059003.000094,059003.000147,0.0243,2B,0.5658,77.418,0
-8.3,11671.8533,0.0041,110.53,059003.000320,059003.000463,0.0003,2G,0.5185,632.503,0
-8.3,11663.8335,0.0041,444.2,059003.000037,059003.000087,0.0011,2G,0.5889,6182.832,0
-8.3,11622.9177,0.0041,1022.87,059003.000061,059003.000129,0.0002,2G,0.527,28902.02,0
-8.3,11616.9205,0.0041,456.09,059003.000321,059003.000464,0.0078,2A,0.4885,376.647,0
-8.3,11585.6628,0.004,115.91,059003.000346,059003.000488,0.0008,2G,0.638,29.539,0
-8.3,11554.3775,0.0094,117.7,059003.000322,059003.000466,-0.0062,2A,0.569,70.601,0
-8.3,11550.5927,0.004,117.9,059003.000337,059003.000389,-0.0011,2G,0.4839,33.032,0
-8.3,11522.9133,0.004,835.66,059003.000043,059003.000111,-0.0018,2A,0.6354,1519.461,0
-8.3,11513.8363,0.004,958.74,059003.000541,059003.000459,-0.0009,2A,0.4426,669.334,0
-8.3,11480.1624,0.004,121.46,059003.000036,059003.000083,-0.0058,2G,0.602,1230.537,0
-8.3,11420.9333,0.0039,123.85,059003.000324,059003.000467,-0.0031,2G,0.4979,407.577,0
-8.3,11399.4901,0.0039,124.56,059003.000314,059003.000459,0.0002,2G,0.4591,555.894,0
-8.3,11399.4901,0.0039,124.56,059003.000322,059003.000464,0.0099,3B,0.5638,273.744,0
-8.3,11229.2528,0.0038,1265.25,059003.000324,059003.000369,0.0038,2B,0.6245,408.323,0
-8.3,11047.626,0.0037,1198.59,059003.000326,059003.000369,0.001,2E,5.4741,0.087,0
-8.3,11016.9952,0.0036,588.83,059003.000036,059003.000078,-0.0001,2G,0.5826,131.921,0
-8.3,11005.0424,0.0036,1168.75,059003.000552,059003.000481,-0.0,2B,0.4841,518.789,0
-8.3,10950.0818,0.0036,561.29,059003.000040,059003.000093,0.001,2G,0.5838,7104.702,0
-8.3,10843.1241,0.0035,505.28,059003.000055,059003.000123,0.0004,2B,0.6368,1878.947,0
-8.3,10792.1726,0.0035,474.35,059003.000034,059003.000074,0.0006,2G,0.5901,5642.372,0
-8.3,10733.5289,0.0035,1308.78,059003.000317,059003.000458,0.0013,2G,0.3405,281.008,0
-8.3,10717.7513,0.0035,2128.36,059003.000036,059003.000076,0.0011,2A,0.6009,3830.186,0
-8.3,10717.7513,0.0035,2128.36,059003.000034,059003.000539,0.0016,2A,0.6021,1434.642,0
-8.3,10678.2674,0.0034,398.74,059003.000037,059003.000082,-0.0003,2B,0.7028,325.166,0
-8.3,10678.2674,0.0034,398.74,059003.000040,059003.000091,0.0103,4C,0.7072,90.537,0
-8.3,10667.8058,0.0034,391.53,059003.000038,059003.000083,0.0043,2G,0.6268,4018.228,0
-8.3,10657.0154,0.0034,384.07,059003.000319,059003.000459,0.0023,2B,0.5394,168.082,0
-8.3,10657.0154,0.0034,384.07,059003.000551,059003.000392,0.0029,2B,0.4838,183.024,0
-8.3,10598.4542,0.0034,343.45,059003.000124,059003.000164,0.0033,2B,0.7382,401.495,0
-8.3,10585.7812,0.0034,334.68,059003.000329,059003.000468,-0.0001,2C,0.9129,54.915,0
-8.3,10575.0215,0.0215,981.81,059003.000558,059003.000403,-0.0054,2G,0.4891,189.84,0
-8.3,10507.9957,0.0033,281.94,059003.000341,059003.000476,0.0005,2B,0.6227,148.216,0
-8.3,10503.6876,0.0033,279.09,059003.000561,059003.000413,-0.0002,2G,0.4983,66.903,0
-8.3,10503.6876,0.0033,279.09,059003.000337,059003.000378,0.0074,3B,0.6989,227.207,0
-8.3,10483.1875,0.0033,531.39,059003.000340,059003.000385,-0.0026,2B,0.5339,228.912,0
-8.3,10483.1875,0.0033,531.39,059003.000316,059003.000354,0.0029,2G,0.4967,127.138,0
-8.3,10348.5168,0.0032,370.5,059003.000547,059003.000474,-0.0001,2A,0.4901,459.137,0
-8.3,10348.5168,0.0032,370.5,059003.000346,059003.000397,0.0012,2B,0.5181,123.171,0
-8.3,10310.9519,0.0032,165.66,059003.000560,059003.000488,-0.0023,2G,0.4471,48.14,0
-8.3,10310.9519,0.0032,165.66,059003.000337,059003.000471,0.0003,2B,0.5337,69.846,0
-8.3,10274.3502,0.0032,147.92,059003.000044,059003.000104,0.0009,2B,0.5625,316.812,0
-8.3,10247.6388,0.0032,135.83,059003.000329,059003.000366,0.0001,2B,0.4994,246.21,0
-8.3,10213.4517,0.0183,121.42,059003.000346,059003.000482,-0.043,3B,0.5243,214.969,0
-8.3,10189.8864,0.0031,673.0,059003.000058,059003.000123,-0.0009,2G,0.5697,4640.355,0
-8.3,10087.3695,0.0031,78.24,059003.000559,059003.000400,0.0002,2G,0.4867,616.508,0
-8.3,10013.8933,0.0134,59.73,059003.000334,059003.000373,0.0018,2B,0.4976,182.558,0
-8.3,9696.2844,0.0256,379.94,059003.000118,059003.000156,-0.0161,2B,0.7915,519.188,0
-6.9,121222.8856,0.5879,8903.14,059003.000041,059003.000514,-0.8793,2C,0.8158,1956.598,0
-6.9,121145.8978,0.5871,20709.37,059003.000049,059003.000528,-0.9396,2B,0.7462,12001.731,0
-6.9,120746.5015,0.5833,2910.86,059003.000041,059003.000510,0.7058,2B,0.7522,5154.329,0
-6.9,120310.317,0.579,2859.37,059003.000045,059003.000519,-0.7671,2C,1.1098,319.606,0
-6.9,119972.2908,0.5758,28198.45,059003.000066,059003.000537,0.0002,2A,0.6293,16235.489,0
-6.9,119115.3041,0.5676,5442.21,059003.000066,059003.000531,0.2092,2B,0.7239,3220.265,0
-6.9,118914.7063,1.1314,80948.94,059003.000049,059003.000518,0.2078,2B,0.75,40025.894,0
-6.9,118914.7063,1.1314,80948.94,059003.000057,059003.000523,0.4809,2B,0.7439,32150.308,0
-6.9,118703.8023,0.5637,2674.44,059003.000060,059003.000525,0.9097,2B,1.2616,1347.768,0
-6.9,118492.3925,0.5617,26506.56,059003.000059,059003.000523,-0.1587,2B,0.7581,11959.675,0
-6.9,118476.7977,0.5615,5297.81,059003.000050,059003.000512,-0.5569,2B,0.6941,1580.406,0
-6.9,117194.9103,0.5495,10029.87,059003.000066,059003.000524,0.0002,2B,0.7598,5644.036,0
-6.9,116776.6166,0.5455,2462.33,059003.000073,059003.000529,1.0607,2G,0.6337,410.321,0
-6.9,116367.0099,0.5417,2418.61,059003.000085,059003.000535,0.0002,2B,0.7106,672.879,0
-6.9,115944.9153,0.5378,4748.1,059003.000062,059003.000513,0.0002,2E,3.0425,9.806,0
-6.9,115145.5182,0.5304,2291.05,059003.000080,059003.000526,0.7214,2C,1.2441,314.99,0
-6.9,114794.5883,0.5272,4510.35,059003.000082,059003.000525,0.5967,2C,1.1362,315.078,0
-6.9,114597.2063,0.5254,2235.15,059003.000093,059003.000531,-0.1792,2B,0.659,862.048,0
-6.9,114442.4163,0.5239,2219.53,059003.000066,059003.000425,-0.4014,2G,0.447,432.054,0
-6.9,113791.2142,0.518,2154.53,059003.000070,059003.000505,-1.8385,4B,1.2807,653.256,0
-6.9,112441.5995,0.5058,4047.21,059003.000116,059003.000621,-1.0657,3B,0.7255,3726.542,0
-6.9,112317.8067,0.5047,2011.85,059003.000084,059003.000514,2.3907,5B,0.7746,643.782,0
-6.9,103008.6882,0.4245,6235.53,059003.000132,059003.000508,0.8916,3B,0.6753,1794.587,0
-6.9,102858.098,0.4232,2473.23,059003.000064,059003.000409,-0.593,2B,0.6022,1276.585,0
-6.9,102065.7942,0.4168,2364.75,059003.000070,059003.000412,-0.6888,2B,0.5187,842.682,0
-6.9,101790.875,0.4145,1163.92,059003.000069,059003.000409,0.9854,3A,0.5822,1565.336,0
-6.9,100790.9072,0.4064,32952.37,059003.000001,059003.000317,0.4534,2D,1.9782,1840.511,0
-6.9,100589.1156,0.4048,2170.99,059003.000053,059003.000391,0.3718,2B,0.8026,4229.992,0
-6.9,100443.108,0.8072,5381.06,059003.000041,059003.000365,-2.2676,3B,0.778,1785.041,0
-6.9,100443.108,0.8072,5381.06,059003.000060,059003.000484,0.5663,2G,0.6165,937.632,0
-6.9,100351.8914,0.4029,5352.19,059003.000144,059003.000519,0.7906,2G,0.5294,1547.153,0
-6.9,100081.389,0.8014,3160.32,059003.000032,059003.000328,-0.5431,2D,1.6315,630.928,0
-6.9,99958.0062,0.3997,3137.24,059003.000154,059003.000528,0.0735,2B,0.3917,7422.242,0
-6.9,99940.6138,0.3996,7312.65,059003.000046,059003.000375,-0.9184,3B,0.7166,4728.289,0
-6.9,99940.6138,0.3996,7312.65,059003.000054,059003.000389,0.93,3B,0.5804,25551.263,0
-6.9,99428.7018,0.3955,5065.81,059003.000158,059003.000526,0.0592,2D,2.5142,117.645,0
-6.9,99289.2942,0.3944,1004.69,059003.000045,059003.000467,-0.5769,2G,0.5034,5167.727,0
-6.9,99264.8216,0.3942,7022.49,059003.000062,059003.000394,0.2157,2B,0.7872,24515.283,0
-6.9,99259.3122,0.3942,1002.88,059003.000079,059003.000408,-1.7349,5G,0.669,4084.747,0
-6.9,99107.2092,0.3929,993.71,059003.000045,059003.000369,-0.0641,2D,2.5111,69.768,0
-6.9,99107.2092,0.3929,993.71,059003.000172,059003.000536,0.0001,2E,1.7843,17.091,0
-6.9,98975.3818,0.3919,19716.0,059003.000146,059003.000512,-1.9578,5G,0.6335,269.118,0
-6.9,98975.3818,0.3919,19716.0,059003.000054,059003.000472,0.2501,2B,1.4794,2652.745,0
-6.9,98733.188,0.39,971.39,059003.000131,059003.000418,-0.2503,2B,0.8146,389.248,0
-6.9,98726.1782,0.7799,4854.85,059003.000160,059003.000529,-1.1408,2G,0.5498,1278.428,0
-6.9,98633.8158,0.3892,28965.35,059003.000088,059003.000411,0.7962,3B,0.5912,8199.029,0
-6.9,98510.8014,0.3882,2874.82,059003.000063,059003.000391,-0.0771,2E,2.4311,34.18,0
-6.9,98498.784,0.3881,7660.55,059003.000041,059003.000357,-0.0993,2A,0.5999,11433.128,0
-6.9,98469.7817,0.3879,4779.34,059003.000069,059003.000399,0.9164,3B,0.6989,3726.252,0
-6.9,98372.6947,0.3871,190038.21,059003.000049,059003.000372,1.031,3A,0.5775,110512.26,0
-6.9,98349.1879,0.387,4744.1,059003.000088,059003.000409,-0.8803,3A,0.5719,2978.833,0
-6.9,98322.3933,0.3867,9472.59,059003.000066,059003.000393,0.385,2D,1.8145,2400.66,0
-6.9,98299.1937,0.3866,4729.54,059003.000057,059003.000379,0.6079,2G,0.7342,78897.556,0
-6.9,98139.1112,0.3853,2809.87,059003.000059,059003.000383,-0.5462,2G,0.5638,20323.354,0
-6.9,98061.2768,0.3847,932.13,059003.000132,059003.000418,-0.957,3G,0.6372,149.444,0
-6.9,98042.8946,0.3846,9310.75,059003.000095,059003.000494,-0.8614,3G,0.4698,965.71,0
-6.9,98042.8946,0.3846,9310.75,059003.000095,059003.000495,-0.3367,2A,0.6027,5236.76,0
-6.9,98014.1275,0.3843,4647.1,059003.000070,059003.000479,0.7526,2B,0.4853,1646.158,0
-6.9,97880.8883,0.3833,13826.69,059003.000095,059003.000493,-0.2775,2G,0.6045,2894.53,0
-6.9,97880.8883,0.3833,13826.69,059003.000060,059003.000381,0.8265,3A,0.6802,8569.892,0
-6.9,97866.6991,0.7663,27629.04,059003.000060,059003.000472,0.1921,2E,2.329,301.105,0
-6.9,97826.4906,0.3829,3674.69,059003.000098,059003.000495,-1.4766,4B,0.6227,1593.867,0
-6.9,97811.6253,0.3827,3671.3,059003.000073,059003.000398,-0.9833,3A,0.6008,3420.066,0
-6.9,97619.9925,0.3812,906.94,059003.000100,059003.000495,1.5028,4A,0.6422,1087.977,0
-6.9,97581.5952,0.7619,9047.71,059003.000154,059003.000517,0.6838,2B,1.2607,1765.73,0
-6.9,97488.0813,0.7604,35980.0,059003.000041,059003.000350,0.148,2A,0.5857,47552.585,0
-6.9,97427.3808,0.3797,1792.18,059003.000154,059003.000514,1.4047,4A,0.4579,2763.678,0
-6.9,97371.4891,0.3793,1785.92,059003.000079,059003.000406,-0.2212,2B,1.3656,650.19,0
-6.9,97342.6794,0.3791,35653.83,059003.000082,059003.000407,-0.7408,2G,0.5555,7652.762,0
-6.9,97317.8198,0.7578,8899.57,059003.000135,059003.000418,1.4587,2A,0.6179,7580.134,0
-6.9,97310.182,0.7576,88953.02,059003.000050,059003.000463,0.9838,2G,0.5057,20495.916,0
-6.9,97310.182,0.7576,88953.02,059003.000049,059003.000361,1.5873,3A,0.566,57496.474,0
-6.9,97266.6108,0.3785,1774.2,059003.000064,059003.000381,0.4471,2B,1.1437,6122.262,0
-6.9,97253.8727,0.7568,17727.8,059003.000083,059003.000487,-1.589,3B,0.6207,6782.931,0
-6.9,97253.8727,0.7568,17727.8,059003.000099,059003.000409,1.6907,3B,0.5719,9552.212,0
-6.9,97148.0082,0.7551,8805.07,059003.000069,059003.000389,-0.3514,2A,0.5711,6100.161,0
-6.9,97115.2857,0.3773,43934.67,059003.000054,059003.000368,0.1467,2A,0.5712,31540.02,0
-6.9,97115.2857,0.3773,43934.67,059003.000104,059003.000495,1.6555,5G,0.5876,11808.764,0
-6.9,97076.0258,0.377,17530.42,059003.000078,059003.000485,0.86,3D,2.1042,438.021,0
-6.9,96958.3882,0.3761,1740.07,059003.000045,059003.000458,-0.2782,2A,0.5144,2379.95,0
-6.9,96952.4759,0.376,2609.13,059003.000160,059003.000519,0.1013,2G,0.6336,583.727,0
-6.9,96952.4759,0.376,2609.13,059003.000104,059003.000493,0.9112,3B,0.5861,5363.319,0
-6.9,96945.4023,0.376,4346.6,059003.000105,059003.000493,0.8605,3B,0.5885,12126.416,0
-6.9,96878.5129,0.3755,1731.3,059003.000171,059003.000528,0.3194,2A,0.63,1082.205,0
-6.9,96800.6875,0.3749,1722.78,059003.000086,059003.000491,0.1438,2A,0.5614,2396.389,0
-6.9,96776.212,0.7494,43002.62,059003.000054,059003.000365,-0.0244,2G,0.6021,4719.143,0
-6.9,96776.212,0.7494,43002.62,059003.000080,059003.000484,1.8811,3B,0.659,12414.573,0
-6.9,96737.4781,0.3744,8579.4,059003.000082,059003.000403,-0.1434,2G,0.5657,31356.571,0
-6.9,96734.8204,0.3744,17155.9,059003.000111,059003.000496,0.7446,3B,0.6027,8682.789,0
-6.9,96703.7875,0.7482,8561.06,059003.000054,059003.000466,-1.5553,3A,0.4413,6690.823,0
-6.9,96700.6947,0.7482,17118.75,059003.000156,059003.000507,-0.69,2B,0.6091,5075.018,0
-6.9,96700.6947,0.7482,17118.75,059003.000053,059003.000463,1.6512,3B,0.4294,7213.433,0
-6.9,96627.7018,0.3735,4259.86,059003.000106,059003.000493,-0.1308,2B,0.612,1352.834,0
-6.9,96617.3208,0.3734,2554.23,059003.000074,059003.000477,-0.1764,2B,0.5067,5288.729,0
-6.9,96605.5876,0.3734,1701.55,059003.000072,059003.000388,-0.7594,3G,0.607,51634.692,0
-6.9,96587.1959,0.3732,8497.78,059003.000071,059003.000387,1.6227,5A,0.6793,8788.799,0
-6.9,96559.7832,0.373,8482.94,059003.000064,059003.000375,-0.1457,2A,0.6886,13110.995,0
-6.9,96501.9933,0.7451,33806.93,059003.000067,059003.000472,-0.915,2B,1.1215,7674.861,0
-6.9,96460.1925,0.3722,8429.21,059003.000083,059003.000484,-0.8698,3A,0.6581,10454.334,0
-6.9,96388.8798,0.3717,25172.6,059003.000154,059003.000504,-0.1994,2B,0.6287,10506.989,0
-6.9,96388.8798,0.3717,25172.6,059003.000078,059003.000395,0.881,3G,0.5735,3824.794,0
-6.9,96380.5963,0.3716,4193.21,059003.000108,059003.000493,-0.2423,2G,0.6133,993.39,0
-6.9,96314.9289,0.3711,334049.44,059003.000045,059003.000352,-0.5325,2A,0.5886,256858.163,0
-6.9,96299.1913,0.371,5839.97,059003.000155,059003.000503,-0.5861,2B,0.5397,19595.782,0
-6.9,96290.3858,0.3709,8338.11,059003.000066,059003.000471,-0.2647,2A,0.4533,6188.552,0
-6.9,96243.0059,0.3706,8312.81,059003.000160,059003.000515,0.0001,2A,0.5527,6112.787,0
-6.9,96236.4183,0.3705,4154.65,059003.000176,059003.000526,-0.3246,2D,1.6111,503.816,0
-6.9,96225.0227,0.7408,83032.24,059003.000047,059003.000355,0.7758,2A,0.5646,57704.036,0
-6.9,96167.4869,0.37,41362.98,059003.000111,059003.000494,-0.2486,2B,0.7176,14230.436,0
-6.9,96139.3813,0.3698,4128.83,059003.000075,059003.000389,-0.3909,2G,0.5641,41345.591,0
-6.9,96139.3813,0.3698,4128.83,059003.000154,059003.000502,0.4168,2G,0.6817,52693.727,0
-6.9,96139.3813,0.3698,4128.83,059003.000088,059003.000488,0.6268,2G,0.6138,31507.374,0
-6.9,96130.3038,0.3697,82528.44,059003.000088,059003.000407,0.5036,2G,0.5891,16626.981,0
-6.9,95986.3228,0.3686,81766.59,059003.000083,059003.000483,-2.3133,5G,0.5678,18504.777,0
-6.9,95939.3838,0.3682,16303.85,059003.000089,059003.000489,0.4493,2G,0.6101,2705.81,0
-6.9,95902.4835,0.3679,5692.76,059003.000539,059003.000475,1.0256,3B,0.5892,12329.987,0
-6.9,95873.6927,0.3677,811739.62,059003.000049,059003.000356,0.3843,2A,0.5689,487099.751,0
-6.9,95797.1833,0.3671,403865.27,059003.000066,059003.000374,-0.5235,2A,0.5735,403518.605,0
-6.9,95756.6096,0.3668,40280.5,059003.000155,059003.000500,0.5783,2B,0.6073,17971.093,0
-6.9,95722.7946,0.3666,24115.36,059003.000062,059003.000370,0.6006,2B,0.5489,62960.253,0
-6.9,95700.5143,0.3664,8026.84,059003.000063,059003.000373,0.7251,2A,0.5754,10201.516,0
-6.9,95695.2075,0.7327,24072.24,059003.000115,059003.000496,-1.6918,3B,0.5778,8830.929,0
-6.9,95670.3044,0.3662,801.11,059003.000164,059003.000518,0.4462,2G,0.4863,14901.081,0
-6.9,95645.9806,0.732,15996.94,059003.000112,059003.000494,2.1268,3A,0.6595,23276.545,0
-6.9,95645.9806,0.732,15996.94,059003.000112,059003.000495,2.6515,4A,0.5562,10727.13,0
-6.9,95622.19,0.3658,15972.23,059003.000078,059003.000477,-0.5691,2A,0.5212,24000.367,0
-6.9,95622.19,0.3658,15972.23,059003.000072,059003.000377,0.7629,3B,1.2005,3463.267,0
-6.9,95616.8879,0.3658,3991.68,059003.000539,059003.000473,-0.1072,2G,0.5442,42950.676,0
-6.9,95616.8879,0.3658,3991.68,059003.000063,059003.000371,0.1488,2B,0.574,7093.131,0
-6.9,95608.3862,0.3657,79789.5,059003.000062,059003.000369,0.8638,3B,0.6312,27862.881,0
-6.9,95594.1081,0.3656,23914.64,059003.000160,059003.000508,-0.5313,2A,0.5535,20019.406,0
-6.9,95585.0823,0.3655,7966.87,059003.000166,059003.000518,-0.4513,2B,0.5718,3748.93,0
-6.9,95545.7951,0.3652,794.65,059003.000095,059003.000491,0.3212,2E,2.4539,6.468,0
-6.9,95541.119,0.3652,794.41,059003.000087,059003.000484,-0.3687,2B,0.8113,1407.174,0
-6.9,95509.4816,0.3649,2378.33,059003.000082,059003.000392,-0.4966,2A,0.5475,1667.05,0
-6.9,95469.893,0.7293,7907.32,059003.000163,059003.000516,-0.0075,2G,0.6311,1355.365,0
-6.9,95435.518,0.3644,788.96,059003.000070,059003.000375,-0.5323,2C,0.7018,3335.194,0
-6.9,95430.1775,0.7287,78868.59,059003.000114,059003.000413,-0.8481,2B,0.5695,40831.846,0
-6.9,95430.1775,0.7287,78868.59,059003.000085,059003.000482,0.3158,2G,0.5252,16052.759,0
-6.9,95401.8222,0.3641,5510.59,059003.000158,059003.000500,-1.5399,5A,0.6915,3268.465,0
-6.9,95384.0013,0.364,3145.25,059003.000053,059003.000458,-0.2649,2D,1.6811,933.024,0
-6.9,95351.8007,0.7275,15693.17,059003.000050,059003.000352,0.5848,2G,0.5683,96728.889,0
-6.9,95328.9905,0.3636,11752.34,059003.000095,059003.000487,0.5229,2A,0.6489,7112.024,0
-6.9,95328.9905,0.3636,11752.34,059003.000114,059003.000412,0.6508,2B,0.544,24865.398,0
-6.9,95177.2767,0.3624,2327.22,059003.000540,059003.000477,0.3421,2C,0.7706,14329.968,0
-6.9,95144.1052,0.3621,3870.27,059003.000167,059003.000516,-0.2158,2B,0.5514,1367.493,0
-6.9,95112.2731,0.3619,15448.75,059003.000098,059003.000487,-0.9304,3A,0.5989,13362.436,0
-6.9,95068.9179,0.3616,154047.91,059003.000071,059003.000374,-1.7221,5A,0.5661,152665.649,0
-6.9,95038.11,0.7227,3843.4,059003.000160,059003.000503,0.9536,2G,0.5723,888.767,0
-6.9,95031.8919,0.7226,3841.83,059003.000099,059003.000407,-0.0221,2A,0.5466,5910.344,0
-6.9,95026.4814,0.3613,2304.28,059003.000093,059003.000405,-0.6916,2B,0.6933,1331.528,0
-6.9,95008.9268,0.3611,2301.62,059003.000063,059003.000466,0.0818,2B,0.4665,3803.987,0
-6.9,94998.5821,0.361,76668.26,059003.000050,059003.000351,-0.3075,2A,0.58,76517.206,0
-6.9,94936.4104,0.3606,1527.1,059003.000097,059003.000486,0.1593,2G,0.555,14226.4,0
-6.9,94922.7106,0.3605,762.86,059003.000082,059003.000389,0.5524,2G,0.5853,2828.018,0
-6.9,94907.212,0.3603,4572.47,059003.000067,059003.000468,0.6086,2E,2.0463,69.373,0
-6.9,94830.0889,0.3598,45492.43,059003.000054,059003.000357,0.3448,2A,0.5715,49801.172,0
-6.9,94719.873,0.3589,15053.95,059003.000102,059003.000490,0.2457,2B,0.5675,30357.881,0
-6.9,94671.1288,0.3586,37513.49,059003.000164,059003.000507,-0.1672,2G,0.5787,9099.529,0
-6.9,94559.6902,0.7154,14894.79,059003.000078,059003.000473,0.4088,2A,0.542,14864.77,0
-6.9,94521.3185,0.7148,7428.41,059003.000104,059003.000489,-0.5962,2A,0.5413,10083.894,0
-6.9,94509.4724,0.3573,14845.12,059003.000080,059003.000384,-0.387,2B,0.5278,4469.792,0
-6.9,94497.6777,0.3572,2966.7,059003.000086,059003.000477,0.2435,2A,0.523,3905.711,0
-6.9,94479.9886,0.3571,2222.4,059003.000098,059003.000485,0.4816,2D,2.5753,2749.869,0
-6.9,94475.979,0.3571,2221.81,059003.000099,059003.000404,0.0671,2G,0.4976,403.434,0
-6.9,94407.805,0.3566,147449.28,059003.000166,059003.000422,-1.6221,5G,0.5178,42276.66,0
-6.9,94396.7759,0.713,294681.73,059003.000540,059003.000475,-1.1438,2G,0.5572,45440.702,0
-6.9,94396.7759,0.713,294681.73,059003.000114,059003.000408,0.4911,2B,0.5639,106228.461,0
-6.9,94348.5817,0.3561,14686.77,059003.000167,059003.000507,0.2084,2G,0.5234,3288.929,0
-6.9,94325.8834,0.3559,14664.53,059003.000084,059003.000476,-0.0835,2C,1.1768,1045.967,0
-6.9,94318.4915,0.3559,29314.58,059003.000098,059003.000484,-0.3125,2B,0.5942,8925.15,0
-6.9,94233.127,0.7105,21860.78,059003.000099,059003.000401,-1.6434,3B,0.5672,49797.884,0
-6.9,94197.7143,0.355,3634.84,059003.000173,059003.000514,-2.0895,5B,0.7678,2607.593,0
-6.9,94082.4989,0.3541,3606.86,059003.000164,059003.000502,-0.7301,3B,1.4996,713.997,0
-6.9,94074.3304,0.3541,7209.76,059003.000106,059003.000487,-0.8039,3B,0.6437,2282.799,0
-6.9,94074.3304,0.3541,7209.76,059003.000091,059003.000393,0.6659,2B,0.6114,16814.854,0
-6.9,94043.9088,0.3538,71950.4,059003.000120,059003.000412,1.6097,5A,0.5628,48659.515,0
-6.9,94000.5023,0.3535,7174.07,059003.000166,059003.000502,1.5979,5G,0.5571,42830.435,0
-6.9,93966.8256,0.7065,7157.83,059003.000072,059003.000369,0.9337,2A,0.4758,5887.52,0
-6.9,93952.5233,0.3531,35754.73,059003.000144,059003.000497,-0.3123,2B,0.5674,14542.629,0
-6.9,93934.0031,0.353,28568.13,059003.000098,059003.000398,-0.9477,3B,0.5788,11799.453,0
-6.9,93934.0031,0.353,28568.13,059003.000144,059003.000417,0.0895,2B,0.5302,51350.666,0
-6.9,93921.5798,0.7058,14272.12,059003.000102,059003.000485,-1.4647,3D,1.6798,2847.379,0
-6.9,93848.9126,0.3524,14202.35,059003.000069,059003.000364,0.279,2B,0.5427,7705.508,0
-6.9,93843.6211,0.3523,56789.14,059003.000108,059003.000407,0.1007,2G,0.5828,15241.004,0
-6.9,93838.1869,0.3523,7096.04,059003.000066,059003.000361,-0.7456,3B,0.5624,3535.304,0
-6.9,93793.8994,0.7039,14149.7,059003.000098,059003.000395,1.5593,3A,0.548,11576.015,0
-6.9,93782.1058,0.3519,14138.43,059003.000172,059003.000508,0.7471,3A,0.5578,14918.717,0
-6.9,93760.8158,0.3517,2117.71,059003.000073,059003.000368,0.3815,2G,0.5322,41015.757,0
-6.9,93713.8069,0.3513,7036.64,059003.000163,059003.000500,-0.8165,3A,0.5843,7543.795,0
-6.9,93707.8225,0.3513,14067.58,059003.000088,059003.000389,-0.7156,3A,0.5492,9198.154,0
-6.9,93677.2926,0.3511,28077.05,059003.000089,059003.000391,-0.404,2B,0.5744,59296.348,0
-6.9,93639.3925,0.7016,7001.26,059003.000172,059003.000507,-0.0664,2G,0.5303,44163.445,0
-6.9,93624.8178,0.3507,6994.35,059003.000171,059003.000424,-0.0001,2G,0.531,27002.527,0
-6.9,93559.3935,0.7004,6963.37,059003.000088,059003.000388,-1.4215,3G,0.4861,24751.58,0
-6.9,93554.2133,0.7003,3480.46,059003.000061,059003.000562,-0.0619,2B,0.7715,1064.8,0
-6.9,93471.3069,0.3495,13843.61,059003.000171,059003.000422,1.5588,5G,0.5582,107136.215,0
-6.9,93429.5786,0.3492,69021.74,059003.000146,059003.000417,-0.0578,2G,0.5743,11743.438,0
-6.9,93421.7032,0.3492,6898.47,059003.000172,059003.000505,-1.5287,5G,0.6124,25820.546,0
-6.9,93421.7032,0.3492,6898.47,059003.000073,059003.000365,0.1715,2B,0.5315,4015.944,0
-6.9,93402.6889,0.349,55116.36,059003.000100,059003.000478,-0.0001,2G,0.5362,7830.721,0
-6.9,93402.6889,0.349,55116.36,059003.000070,059003.000361,0.7509,3A,0.5395,39723.417,0
-6.9,93334.6842,0.3485,34288.39,059003.000147,059003.000497,0.9932,3B,0.5259,19630.059,0
-6.9,93327.0033,0.3484,205622.52,059003.000146,059003.000415,0.0001,2B,0.592,63406.066,0
-6.9,93267.2915,0.696,34130.98,059003.000121,059003.000492,0.1868,2G,0.5037,7589.605,0
-6.9,93239.708,0.3478,3406.67,059003.000071,059003.000362,-1.4742,5G,0.5925,596.245,0
-6.9,93236.128,0.3478,13623.34,059003.000102,059003.000395,0.2504,2B,0.5586,24458.456,0
-6.9,93163.0005,0.3472,2033.3,059003.000173,059003.000504,0.0936,2G,0.6723,10836.567,0
-6.9,93111.5304,0.3468,135076.26,059003.000120,059003.000408,1.2862,4A,0.5437,96464.527,0
-6.9,93072.3866,0.3466,4714.99,059003.000040,059003.000341,-0.8103,3G,0.3911,818.479,0
-6.9,93072.3866,0.3466,4714.99,059003.000147,059003.000414,-0.4614,2G,0.586,365.987,0
-6.9,93072.3866,0.3466,4714.99,059003.000097,059003.000391,0.7749,3G,0.6567,1115.87,0
-6.9,93061.8969,0.3465,3365.43,059003.000072,059003.000361,-0.829,3B,0.5434,7682.084,0
-6.9,93061.8969,0.3465,3365.43,059003.000111,059003.000405,0.7263,3B,0.876,2905.729,0
-6.9,93058.3248,0.3464,67292.1,059003.000171,059003.000502,-0.9006,3D,1.8271,3359.357,0
-6.9,93051.8703,0.3464,4708.36,059003.000112,059003.000489,0.2568,2G,0.5683,26211.548,0
-6.9,93040.084,0.3463,3360.39,059003.000105,059003.000482,0.1148,2G,0.5493,30182.84,0
-6.9,92977.6029,0.3458,669.2,059003.000177,059003.000512,0.2241,2G,0.6671,8227.912,0
-6.9,92965.6857,0.6915,6686.52,059003.000087,059003.000472,0.2327,2B,1.1391,2996.076,0
-6.9,92861.7108,0.345,6638.83,059003.000062,059003.000353,-0.6924,3G,0.5496,55032.284,0
-6.9,92858.1901,0.345,1991.16,059003.000175,059003.000503,1.6241,5A,0.6091,3268.378,0
-6.9,92804.726,0.3446,6612.79,059003.000097,059003.000389,0.8066,3B,0.5472,21556.622,0
-6.9,92776.2239,0.3443,26399.15,059003.000114,059003.000407,-0.177,2A,0.541,21569.552,0
-6.9,92770.3012,0.3443,659.71,059003.000150,059003.000418,0.6604,2A,0.5354,968.903,0
-6.9,92670.3939,0.3436,6551.68,059003.000111,059003.000401,-0.2896,2G,0.5379,90983.771,0
-6.9,92611.5951,0.3431,6525.06,059003.000152,059003.000497,0.6223,2B,0.5672,3068.062,0
-6.9,92611.5951,0.3431,6525.06,059003.000099,059003.000389,0.9432,3G,0.6022,314.401,0
-6.9,92592.4804,0.343,6516.42,059003.000096,059003.000387,-0.7653,3B,0.5327,2410.416,0
-6.9,92576.2786,0.3429,13018.2,059003.000088,059003.000377,0.3836,2B,0.5226,35586.075,0
-6.9,92538.3035,0.3426,1298.4,059003.000115,059003.000489,-0.0152,2C,0.7304,199.555,0
-6.9,92538.3035,0.3426,1298.4,059003.000106,059003.000394,0.1461,2B,1.5496,1285.938,0
-6.9,92478.4873,0.3421,3232.53,059003.000037,059003.000330,-0.4395,2G,0.4768,673.515,0
-6.9,92436.2248,0.3418,6446.09,059003.000096,059003.000476,-0.1507,2C,1.5378,299.596,0
-6.9,92431.0175,0.3418,1933.13,059003.000088,059003.000470,0.7131,3D,2.5879,64.149,0
-6.9,92410.6989,0.3416,6434.65,059003.000081,059003.000371,0.1745,2B,0.635,2303.5,0
-6.9,92344.2067,0.3411,5123.94,059003.000178,059003.000425,-0.7245,3G,0.543,31984.849,0
-6.9,92269.8091,0.3406,1274.35,059003.000153,059003.000499,-1.6381,5G,0.5537,13124.16,0
-6.9,92269.8091,0.3406,1274.35,059003.000129,059003.000413,-0.0188,2B,0.5376,2773.621,0
-6.9,92269.8091,0.3406,1274.35,059003.000095,059003.000384,0.2124,2B,0.6166,2639.559,0
-6.9,92249.4822,0.6809,12725.47,059003.000082,059003.000370,0.8309,2B,1.3477,1936.22,0
-6.9,92249.4822,0.6809,12725.47,059003.000098,059003.000475,1.3969,3A,0.5197,7655.221,0
-6.9,92230.6788,0.3403,12708.76,059003.000540,059003.000371,-0.0299,2G,0.5457,2231.463,0
-6.9,92221.718,0.6805,5080.32,059003.000083,059003.000371,-1.4145,3B,0.5357,16705.069,0
-6.9,92221.718,0.6805,5080.32,059003.000076,059003.000464,0.6326,2B,0.5731,2536.058,0
-6.9,92169.793,0.6797,6327.39,059003.000114,059003.000403,-0.8092,2B,0.5473,3517.871,0
-6.9,92138.9324,0.3396,6313.74,059003.000095,059003.000382,-0.7779,3D,1.7334,822.895,0
-6.9,92138.9324,0.3396,6313.74,059003.000081,059003.000366,0.9608,3G,0.7232,238.406,0
-6.9,92023.474,0.3388,6262.85,059003.000115,059003.000405,-0.5201,2A,0.6242,3641.292,0
-6.9,91968.0986,0.3384,2495.42,059003.000179,059003.000529,-0.1932,2G,0.5244,536.167,0
-6.9,91950.0898,0.3382,1246.13,059003.000083,059003.000366,-0.4899,2G,0.5202,4829.749,0
-6.9,91875.0314,0.3377,6197.83,059003.000115,059003.000404,0.383,2A,0.5495,5540.35,0
-6.9,91794.1786,0.6742,4930.09,059003.000158,059003.000498,1.3989,3B,0.5665,11122.842,0
-6.9,91781.3325,0.337,9235.55,059003.000128,059003.000492,-0.2838,2B,0.5323,19069.33,0
-6.9,91749.3301,0.6735,2457.26,059003.000119,059003.000488,1.5858,3B,0.5745,1362.135,0
-6.9,91742.8819,0.3367,614.03,059003.000098,059003.000472,0.1126,2B,0.7434,2540.655,0
-6.9,91742.8819,0.3367,614.03,059003.000131,059003.000494,0.6076,2G,0.4871,5625.11,0
-6.9,91662.5277,0.3361,1221.11,059003.000112,059003.000483,0.788,3A,0.5795,1165.204,0
-6.9,91648.1882,0.336,1219.88,059003.000179,059003.000525,-1.3602,5B,0.8225,2460.518,0
-6.9,91648.1882,0.336,1219.88,059003.000081,059003.000464,-0.3127,2B,0.5994,605.458,0
-6.9,91627.5111,0.6717,1218.09,059003.000121,059003.000491,-1.3993,3B,0.5191,3658.29,0
-6.9,91627.5111,0.6717,1218.09,059003.000073,059003.000358,-0.7029,2G,0.5241,11056.093,0
-6.9,91411.6244,0.3343,5997.87,059003.000121,059003.000487,-0.2797,2G,0.5363,1211.678,0
-6.9,91411.6244,0.3343,5997.87,059003.000105,059003.000474,-0.1037,2G,0.5384,1177.05,0
-6.9,91347.5915,0.3338,597.06,059003.000044,059003.000547,-0.6667,2D,2.116,16.834,0
-6.9,91274.5214,0.3333,17818.74,059003.000123,059003.000407,0.6196,2A,0.54,15499.793,0
-6.9,91203.42,0.6655,5909.51,059003.000158,059003.000414,0.2017,2G,0.5406,1446.165,0
-6.9,91203.42,0.6655,5909.51,059003.000105,059003.000382,0.3337,2G,0.6451,1000.533,0
-6.9,91203.42,0.6655,5909.51,059003.000115,059003.000397,0.9597,2C,0.7937,682.665,0
-6.9,91173.1772,0.6651,11793.49,059003.000072,059003.000352,-0.9028,2B,0.5259,6236.853,0
-6.9,91173.1772,0.6651,11793.49,059003.000539,059003.000355,-0.5295,2G,0.4741,773.321,0
-6.9,91047.6177,0.3316,11687.94,059003.000108,059003.000476,-0.1335,2B,0.4955,6545.374,0
-6.9,91025.8177,0.3315,2333.94,059003.000132,059003.000413,0.0318,2G,0.5353,25459.952,0
-6.9,91020.2869,0.6629,23330.11,059003.000105,059003.000472,-1.1225,2E,2.1084,365.729,0
-6.9,90765.2045,0.3296,572.65,059003.000051,059003.000553,0.4954,2B,0.5028,325.254,0
-6.9,90639.7165,0.3287,4539.83,059003.000108,059003.000382,0.3335,2E,1.7961,102.743,0
-6.9,90590.8785,0.3283,11309.53,059003.000132,059003.000409,-0.5509,2B,0.5879,3581.891,0
-6.9,90590.8785,0.3283,11309.53,059003.000037,059003.000321,-0.2345,2G,0.4488,700.082,0
-6.9,90540.9031,0.328,2253.73,059003.000087,059003.000464,-0.6314,2B,1.1556,1345.61,0
-6.9,90540.9031,0.328,2253.73,059003.000134,059003.000413,0.816,3G,0.5808,486.9,0
-6.9,90503.6985,0.3277,1123828.33,059003.000113,059003.000390,0.504,2B,0.5346,398964.889,0
-6.9,90388.4101,0.3269,1671.68,059003.000134,059003.000411,-0.2718,2G,0.5519,284.558,0
-6.9,90374.4676,0.3268,11133.24,059003.000108,059003.000378,0.3866,2E,1.6259,340.467,0
-6.9,90253.0746,0.6517,44140.79,059003.000179,059003.000520,-0.0,2A,0.5901,29007.683,0
-6.9,90193.0731,0.3254,1648.04,059003.000179,059003.000519,-0.2743,2C,0.7165,259.118,0
-6.9,90188.0955,0.3254,10982.96,059003.000120,059003.000396,-0.1298,2B,0.4596,5007.554,0
-6.9,90163.5187,0.3252,10963.25,059003.000098,059003.000373,-0.4057,2A,0.5094,9814.606,0
-6.9,90163.5187,0.3252,10963.25,059003.000135,059003.000493,0.9118,3B,0.5256,22018.088,0
-6.9,90010.3791,0.3241,542.05,059003.000111,059003.000380,-0.9302,3B,0.8188,156.919,0
-6.9,90010.3791,0.3241,542.05,059003.000043,059003.000334,0.7525,3B,0.3912,855.441,0
-6.9,89999.2791,0.324,541.61,059003.000120,059003.000480,0.2791,2B,0.7982,137.779,0
-6.9,89992.6139,0.324,541.34,059003.000127,059003.000407,-0.3554,2G,0.6197,6848.698,0
-6.9,89971.8952,0.3238,1621.56,059003.000123,059003.000396,0.1284,2G,0.5952,11894.497,0
-6.9,89712.9085,0.322,15909.31,059003.000093,059003.000364,0.067,2B,0.48,6064.305,0
-6.9,89557.4142,0.3209,1572.74,059003.000096,059003.000465,-0.1223,2G,0.5353,7257.099,0
-6.9,89321.0912,0.3192,5151.21,059003.000093,059003.000361,-0.1319,2B,0.4961,14606.911,0
-6.9,89222.4928,0.3185,1534.04,059003.000114,059003.000377,-0.003,2G,0.5675,9035.747,0
-6.9,89119.277,0.3177,20296.68,059003.000096,059003.000361,-0.2613,2B,0.5102,9122.033,0
-6.9,88959.9775,0.3166,501.39,059003.000130,059003.000485,0.1252,2D,1.6252,20.16,0
-6.9,88834.9138,0.3157,9933.99,059003.000179,059003.000508,-0.6984,3B,0.5795,2843.68,0
-6.9,88811.3179,0.3155,2479.09,059003.000175,059003.000499,0.7046,3B,0.6242,1313.985,0
-6.9,88808.1838,0.3155,1982.8,059003.000129,059003.000400,0.6524,3G,0.5326,29608.179,0
-6.9,88753.9226,0.3151,987.35,059003.000061,059003.000552,0.1542,2B,0.4502,1752.642,0
-6.9,88429.727,0.3128,963.41,059003.000138,059003.000492,0.2065,2B,0.498,369.609,0
-6.9,88366.818,0.3124,4794.05,059003.000119,059003.000381,0.2874,2B,0.491,8995.136,0
-6.9,88233.181,0.3115,9490.92,059003.000131,059003.000484,0.5945,2C,1.3576,538.901,0
-6.9,88140.606,0.3108,1884.8,059003.000055,059003.000337,0.6183,2B,0.3676,1258.539,0
-6.9,88118.1751,0.3106,3763.14,059003.000120,059003.000381,0.0741,2G,0.4342,1187.1,0
-6.9,88034.0729,0.31,467.37,059003.000185,059003.000526,-0.0554,2G,1.0123,8025.803,0
-6.9,88026.9163,0.31,9342.29,059003.000098,059003.000460,-0.6544,3B,0.5181,3829.542,0
-6.9,87978.5956,0.3097,465.39,059003.000112,059003.000373,-0.6907,3G,0.5126,7469.137,0
-6.9,87966.377,0.3096,23247.45,059003.000095,059003.000358,0.5565,2A,0.4851,16060.531,0
-6.9,87875.3786,0.3089,13851.22,059003.000133,059003.000406,0.4769,2G,0.6426,3568.695,0
-6.9,87736.4077,0.308,4567.87,059003.000126,059003.000389,0.3315,2A,0.5224,2865.112,0
-6.9,87736.4077,0.308,4567.87,059003.000095,059003.000355,0.8093,3A,0.4956,3063.067,0
-6.9,87623.4755,0.3072,905.63,059003.000112,059003.000366,-0.2078,2B,0.547,3079.353,0
-6.9,87582.0086,0.3069,18054.59,059003.000186,059003.000525,0.2591,2A,0.6082,17083.308,0
-6.9,87574.4975,0.3068,9022.04,059003.000123,059003.000470,0.0915,2C,0.8582,1439.312,0
-6.9,87574.4975,0.3068,9022.04,059003.000132,059003.000401,0.4797,2G,0.5501,1998.076,0
-6.9,87505.8992,0.3063,8974.17,059003.000181,059003.000506,0.8671,3G,0.5105,2130.153,0
-6.9,87489.8119,0.3062,8962.97,059003.000131,059003.000394,-0.1971,2B,0.8111,2263.216,0
-6.9,87480.6208,0.3062,895.66,059003.000102,059003.000461,0.4379,2B,0.8237,673.717,0
-6.9,87312.8823,0.305,442.02,059003.000104,059003.000460,-0.3515,2B,0.5813,868.023,0
-6.9,87263.1068,0.3046,1761.23,059003.000052,059003.000331,0.5828,2A,0.4951,2072.575,0
-6.9,87037.7165,0.3031,43261.09,059003.000113,059003.000363,-0.63,3A,0.5261,29877.801,0
-6.9,86819.9064,0.3016,2126.31,059003.000129,059003.000476,0.4722,2B,0.7436,3255.172,0
-6.9,86808.9873,0.3015,1274.69,059003.000184,059003.000510,-0.1887,2D,2.133,76.073,0
-6.9,86608.7209,0.3001,418.22,059003.000181,059003.000500,1.2544,5G,0.4675,2205.841,0
-6.9,86525.608,0.2995,830.95,059003.000184,059003.000506,-0.829,3G,0.5062,7666.689,0
-6.9,86507.9286,0.2994,1244.68,059003.000120,059003.000468,-0.3126,2B,0.5671,3731.323,0
-6.9,86355.4313,0.2983,16395.57,059003.000146,059003.000411,-0.2412,2G,0.5211,3867.626,0
-6.9,86146.7288,0.2969,4031.12,059003.000129,059003.000379,-0.2842,2A,0.4701,3854.055,0
-6.9,85953.6839,0.5911,1190.74,059003.000129,059003.000471,-0.6312,2A,0.5963,911.711,0
-6.9,85953.6839,0.5911,1190.74,059003.000109,059003.000562,1.2549,3G,0.4735,210.359,0
-6.9,85422.0028,0.2919,3801.94,059003.000186,059003.000516,0.1417,2G,0.5059,826.601,0
-6.9,84757.6076,0.2874,1440.05,059003.000156,059003.000412,-0.9805,4A,0.4191,2080.35,0
-6.9,84209.4277,0.2837,343.95,059003.000186,059003.000503,-0.9024,4G,0.4663,2166.112,0
-6.9,84124.1238,0.2831,1024.49,059003.000179,059003.000498,0.3232,2G,0.6831,186.271,0
-6.9,83569.2945,0.2794,325.85,059003.000180,059003.000497,-0.7823,3G,0.4259,1000.704,0
-6.9,83535.3722,0.2792,324.91,059003.000120,059003.000353,-0.4285,2G,0.4561,1245.235,0
-6.9,83087.683,0.2762,625.38,059003.000147,059003.000485,-0.8263,3A,0.4684,488.001,0
-6.9,83049.5854,0.2759,1246.66,059003.000133,059003.000370,-0.0005,2B,0.5222,582.929,0
-6.9,82497.7293,0.2723,594.19,059003.000189,059003.000505,1.2043,5D,1.8134,28.408,0
-6.9,82067.7345,0.2694,1144.36,059003.000129,059003.000356,0.4237,2B,0.5562,486.374,0
-6.9,81058.4196,0.2629,261.42,059003.000158,059003.000484,0.243,2C,1.0547,26.885,0
-6.9,80940.5818,0.2621,258.65,059003.000155,059003.000483,2.1621,5B,1.2205,38.879,0
-6.9,80672.9285,0.2604,1766.94,059003.000158,059003.000398,-1.395,5B,0.5488,569.422,0
-6.9,80571.517,0.5194,1250.45,059003.000147,059003.000473,-1.108,3G,0.562,279.402,0
-6.9,80571.517,0.5194,1250.45,059003.000070,059003.000457,-1.0694,3A,0.4787,959.445,0
-6.9,80055.5345,0.2564,715.44,059003.000186,059003.000498,-0.4671,2B,0.4048,282.206,0
-6.9,79494.7882,0.5056,2263.11,059003.000151,059003.000377,0.9402,2C,0.9269,317.156,0
-6.9,79488.4002,0.2528,226.18,059003.000138,059003.000460,-0.2871,2B,0.3934,99.782,0
-6.9,78852.2211,0.2488,212.94,059003.000153,059003.000472,-0.2126,2B,1.4459,38.403,0
-6.9,78764.323,0.2482,211.15,059003.000154,059003.000379,0.2171,2A,0.5105,286.483,0
-6.9,78613.5228,0.4945,2081.17,059003.000166,059003.000481,-0.6866,2D,2.2268,498.308,0
-6.9,78558.8033,0.2469,207.02,059003.000168,059003.000398,-1.5533,5D,2.1196,5.312,0
-6.9,77221.5194,0.2386,363.21,059003.000110,059003.000326,0.3301,2A,0.344,352.299,0
-6.9,76927.3718,0.4735,5290.09,059003.000156,059003.000367,-0.0938,2G,0.4977,1055.299,0
-6.9,76899.3124,0.2366,527.52,059003.000179,059003.000494,0.4269,2B,0.5528,1386.704,0
-6.9,76756.9855,0.2357,1733.38,059003.000171,059003.000390,0.1268,2G,0.5628,6317.036,0
-6.9,76584.8911,0.2347,170.35,059003.000173,059003.000389,0.0292,2G,0.3955,698.334,0
-6.9,76569.1081,0.2346,170.08,059003.000177,059003.000483,-1.1787,5G,0.2883,45.321,0
-6.9,75211.6745,0.2263,147.84,059003.000105,059003.000456,-0.2468,2D,1.7622,12.519,0
-6.9,74103.7271,0.2197,919.58,059003.000171,059003.000372,0.7074,4G,0.3619,258.492,0
-6.9,74081.433,0.2196,131.05,059003.000180,059003.000489,-0.2068,2B,0.5177,369.613,0
-6.9,73272.2242,0.2148,119.94,059003.000182,059003.000491,-0.1497,2C,0.741,20.498,0
-6.9,72667.9322,0.2113,448.47,059003.000186,059003.000493,-0.5641,3G,0.4652,109.396,0
-6.9,72665.8223,0.2113,896.72,059003.000181,059003.000405,0.4182,2A,0.3359,786.24,0
-6.9,72333.6213,0.2093,215.92,059003.000202,059003.000578,0.2044,2D,2.1441,10.555,0
-6.9,72212.5202,0.2086,319.44,059003.000208,059003.000428,0.432,3C,0.7217,72.49,0
-6.9,72077.2197,0.2078,419.39,059003.000053,059003.000304,1.1809,5D,1.7123,53.701,0
-6.9,72039.0015,0.2076,104.39,059003.000106,059003.000313,-0.2922,2G,0.6447,548.987,0
-6.9,71563.4252,0.2049,494.11,059003.000041,059003.000299,0.0934,2B,0.5991,920.129,0
-6.9,71399.5281,0.204,678.69,059003.000078,059003.000309,0.0494,2A,0.4124,518.14,0
-6.9,71318.2602,0.407,2881.21,059003.000069,059003.000307,-0.6634,2G,0.3992,887.188,0
-6.9,71296.4865,0.2034,766.37,059003.000184,059003.000401,0.1648,2B,0.4357,384.93,0
-6.9,71052.0102,0.4039,930.88,059003.000173,059003.000353,0.4459,2B,0.3912,344.977,0
-6.9,71041.8116,0.4038,2789.28,059003.000216,059003.000428,-0.3793,2B,0.5626,1411.883,0
-6.9,71037.3177,0.2019,278.78,059003.000196,059003.000420,-0.2375,2B,1.231,518.587,0
-6.9,71004.6851,0.2017,925.7,059003.000173,059003.000352,-0.1866,2G,0.4498,286.378,0
-6.9,70929.781,0.2013,458.78,059003.000050,059003.000452,-0.2516,2B,1.4014,175.302,0
-6.9,70888.5301,0.4021,913.09,059003.000062,059003.000305,-0.3434,2B,1.0047,283.413,0
-6.9,70888.5301,0.4021,913.09,059003.000220,059003.000429,0.3652,2B,0.5644,1612.668,0
-6.9,70781.7938,0.4009,450.81,059003.000197,059003.000420,0.4353,2G,0.5217,3049.443,0
-6.9,70726.1707,0.2001,268.71,059003.000184,059003.000482,-0.0403,2B,0.4071,611.51,0
-6.9,70620.8628,0.1995,88.45,059003.000185,059003.000490,-0.0852,2G,0.2968,442.998,0
-6.9,70257.9283,0.395,338.76,059003.000042,059003.000296,-0.5879,2D,1.7096,110.002,0
-6.9,70217.7757,0.1973,84.28,059003.000098,059003.000311,-0.6505,4B,0.5892,188.293,0
-6.9,69941.4123,0.1957,81.51,059003.000229,059003.000602,0.2869,2D,1.7787,10.907,0
-6.9,69847.2472,0.1952,241.74,059003.000131,059003.000456,0.1836,2D,2.4167,178.595,0
-6.9,69824.7764,0.3901,401.8,059003.000185,059003.000485,0.4111,2B,0.3655,230.245,0
-6.9,69697.5261,0.3887,3164.86,059003.000088,059003.000308,0.1677,2B,0.4516,1256.345,0
-6.9,69497.1045,0.1932,231.6,059003.000105,059003.000311,0.0382,2B,0.4117,607.858,0
-6.9,69045.8689,0.1907,7300.35,059003.000114,059003.000312,0.2709,2B,0.4248,3093.995,0
-6.9,69028.8926,0.3813,728.49,059003.000197,059003.000572,-0.0856,2D,1.9748,30.737,0
-6.9,69015.0775,0.1906,363.62,059003.000231,059003.000429,-0.0966,2C,0.8643,42.694,0
-6.9,68939.4632,0.1901,288.16,059003.000186,059003.000398,1.9178,5B,0.3853,619.506,0
-6.9,68901.9179,0.1899,2151.07,059003.000069,059003.000304,-1.429,5D,2.181,787.685,0
-6.9,68729.5482,0.189,280.67,059003.000063,059003.000453,0.0136,2G,0.3142,65.086,0
-6.9,68639.6196,0.1885,69.38,059003.000219,059003.000427,0.0223,2B,0.4709,32.61,0
-6.9,68637.3123,0.1885,69.36,059003.000184,059003.000380,0.3647,2B,0.3891,112.286,0
-6.9,68585.1938,0.1882,137.8,059003.000082,059003.000306,0.0481,2B,1.4511,247.12,0
-6.9,68205.41,0.1861,65.66,059003.000235,059003.000428,0.413,3D,1.8618,6.848,0
-6.9,68152.3142,0.1858,456.49,059003.000245,059003.000603,-0.37,2C,1.4727,24.611,0
-6.9,68152.3142,0.1858,456.49,059003.000049,059003.000296,-0.1486,2C,1.0374,37.894,0
-6.9,68152.3142,0.1858,456.49,059003.000190,059003.000490,0.3684,2G,0.8754,10.94,0
-6.9,68018.2235,0.3702,192.3,059003.000053,059003.000446,0.0059,2B,0.3342,316.075,0
-6.9,68008.2286,0.3701,1280.38,059003.000119,059003.000312,0.2417,2D,1.7198,285.47,0
-6.9,67757.5419,0.1837,619.82,059003.000230,059003.000590,0.2725,2D,3.4519,4.124,0
-6.9,67668.1203,0.1832,490.14,059003.000230,059003.000580,-0.4269,3E,2.9683,1.15,0
-6.9,67649.9012,0.1831,1222.46,059003.000199,059003.000571,-0.0257,2A,0.636,1069.568,0
-6.9,67637.2752,0.183,1220.46,059003.000054,059003.000446,0.4253,3A,0.5513,1461.742,0
-6.9,67627.9856,0.183,1218.99,059003.000210,059003.000421,0.173,2A,0.56,1497.234,0
-6.9,67607.5338,0.1829,121.57,059003.000210,059003.000420,-0.2855,2G,0.5938,733.091,0
-6.9,67592.6334,0.1828,121.34,059003.000185,059003.000475,-0.3104,2B,0.3641,64.757,0
-6.9,67574.5957,0.1827,1210.55,059003.000239,059003.000428,-0.6515,4A,0.5796,1592.845,0
-6.9,67493.3961,0.1823,419.23,059003.000244,059003.000429,0.0571,2A,0.6286,294.735,0
-6.9,67487.2921,0.1822,59.84,059003.000181,059003.000365,-0.059,2B,0.4651,27.27,0
-6.9,67439.3459,0.182,178.41,059003.000169,059003.000343,0.3019,2D,2.0697,6.211,0
-6.9,67402.6162,0.1818,473.48,059003.000212,059003.000421,-0.2545,2B,0.5792,991.332,0
-6.9,67376.4636,0.1816,176.95,059003.000245,059003.000429,0.0733,2C,0.8289,25.777,0
-6.9,67194.1955,0.1806,1727.63,059003.000075,059003.000303,-0.4367,3G,0.383,101.219,0
-6.9,67194.1955,0.1806,1727.63,059003.000114,059003.000310,0.0,2B,0.4012,730.464,0
-6.9,67143.8282,0.3607,228.83,059003.000111,059003.000309,0.7647,3C,0.7641,1102.801,0
-6.9,66974.5289,0.1795,223.76,059003.000097,059003.000307,0.0454,2B,1.4735,33.187,0
-6.9,66880.6244,0.3579,110.5,059003.000250,059003.000429,0.7331,3E,2.5919,0.539,0
-6.9,66800.9078,0.1785,437.33,059003.000091,059003.000455,-0.0307,2B,0.6855,124.612,0
-6.9,66729.7964,0.1782,54.15,059003.000251,059003.000429,-0.2588,2G,0.5938,824.801,0
-6.9,66678.1764,0.3558,161.33,059003.000082,059003.000304,1.0309,3D,1.9852,21.737,0
-6.9,66619.7386,0.3551,160.08,059003.000112,059003.000309,0.5569,2G,0.5198,2782.646,0
-6.9,66453.2072,0.1767,104.36,059003.000252,059003.000429,-0.0893,2C,0.7125,427.731,0
-6.9,66453.2072,0.1767,104.36,059003.000064,059003.000448,0.4254,3G,0.4415,615.962,0
-6.9,66423.7671,0.353,1039.46,059003.000087,059003.000305,0.5892,2B,0.8249,281.55,0
-6.9,66131.1925,0.175,499.56,059003.000046,059003.000291,-0.1736,2A,0.3139,599.641,0
-6.9,66131.1925,0.175,499.56,059003.000085,059003.000304,0.3511,2D,2.0954,898.294,0
-6.9,66054.3841,0.3491,494.36,059003.000063,059003.000447,-0.1796,2D,1.8955,78.426,0
-6.9,65969.4814,0.1741,733.01,059003.000084,059003.000454,-0.0795,2C,1.326,70.457,0
-6.9,65940.2856,0.174,48.67,059003.000063,059003.000446,-0.0666,2G,0.6043,543.226,0
-6.9,60335.625,0.1456,2660.92,059003.000104,059003.000449,-0.4429,4B,0.3461,6064.378,0
-6.9,59478.9147,0.2831,1248.33,059003.000081,059003.000290,-0.624,3G,0.5022,239.858,0
-6.9,59339.1167,0.8453,2470.41,059003.000088,059003.000445,1.125,2G,1.3746,115.819,0
-6.9,58862.0248,0.1386,11909.83,059003.000115,059003.000302,-0.2911,3B,1.3711,1818.686,0
-6.9,58467.8812,0.1368,2310.26,059003.000045,059003.000266,-0.3896,3D,2.5663,1453.884,0
-6.9,58375.397,0.2727,68808.29,059003.000161,059003.000313,-0.5609,3A,0.577,42912.463,0
-6.9,57945.5325,0.2687,3325.68,059003.000081,059003.000285,-0.3538,2B,0.6743,1042.895,0
-6.9,57604.8558,0.1328,1078.77,059003.000251,059003.000570,0.1829,2G,0.6044,190.45,0
-6.9,57163.399,0.1307,2081.7,059003.000202,059003.000565,-0.2465,2D,2.9627,46.331,0
-6.9,56783.5676,0.129,10088.46,059003.000226,059003.000567,-2.0393,5A,0.6162,13179.746,0
-6.9,56632.8988,0.1283,1992.62,059003.000062,059003.000437,0.5916,5B,0.6311,4222.96,0
-6.9,56005.149,0.1255,945.05,059003.000123,059003.000296,-0.0145,2B,0.5081,1759.002,0
-6.9,55953.9331,0.1253,3763.73,059003.000041,059003.000248,0.1144,2B,0.5074,8137.836,0
-6.9,55860.4239,0.1248,933.45,059003.000095,059003.000286,-0.1701,2A,0.4146,1031.803,0
-6.9,55729.368,0.1243,923.02,059003.000096,059003.000443,-0.1564,2A,0.3986,1168.079,0
-6.9,55522.7749,0.1233,9067.16,059003.000046,059003.000257,0.2159,2D,2.1901,557.382,0
-6.9,54628.6218,0.1194,16762.19,059003.000242,059003.000567,0.7084,5A,0.4908,16827.813,0
-6.9,54616.208,0.1193,837.18,059003.000256,059003.000568,0.0,2A,0.59,1279.966,0
-6.9,54424.0828,0.1185,1645.72,059003.000104,059003.000283,-0.1513,2A,0.6514,1331.42,0
-6.9,54354.3088,0.1182,1635.39,059003.000100,059003.000280,-0.1445,2A,0.6001,1356.819,0
-6.9,54302.2284,0.118,1627.71,059003.000075,059003.000436,0.371,4B,0.3646,795.106,0
-6.9,54130.0602,0.1172,1602.46,059003.000181,059003.000457,-0.0425,2B,0.7151,4817.395,0
-6.9,53974.7634,0.1166,1579.89,059003.000060,059003.000262,-0.0907,2B,0.7138,1451.082,0
-6.9,53886.6089,0.2324,7835.81,059003.000087,059003.000440,0.0576,2A,0.4471,5856.542,0
-6.9,53825.5705,0.1159,3895.96,059003.000165,059003.000309,0.2309,2G,0.4921,13307.761,0
-6.9,53659.9717,0.1152,3836.79,059003.000108,059003.000282,-0.2408,3C,1.3263,292.688,0
-6.9,53658.6411,0.1152,15345.29,059003.000148,059003.000305,-0.0592,2A,0.5948,9801.48,0
-6.9,53519.2385,0.1146,757.39,059003.000252,059003.000567,0.9568,5A,0.6707,401.392,0
-6.9,53357.3388,0.2278,3730.07,059003.000095,059003.000278,0.5374,3B,0.4929,1534.506,0
-6.9,53197.5471,0.1132,3674.44,059003.000132,059003.000297,-0.1405,2B,0.7365,3547.476,0
-6.9,53158.6004,0.1131,7321.92,059003.000082,059003.000437,-0.1641,2E,5.1229,0.3,0
-6.9,53043.0775,0.1126,3621.15,059003.000081,059003.000271,-0.067,2G,0.4373,18758.045,0
-6.9,53011.6616,0.1124,722.07,059003.000083,059003.000436,-0.0031,2G,0.4277,7320.765,0
-6.9,52973.5122,0.1123,719.46,059003.000120,059003.000289,0.0597,2G,0.5042,3313.668,0
-6.9,52912.2822,0.112,42916.65,059003.000054,059003.000253,0.0151,2G,0.5316,7524.732,0
-6.9,52638.7837,0.1109,3483.88,059003.000101,059003.000278,0.1344,2A,0.5683,5796.574,0
-6.9,52539.4145,0.2209,6901.25,059003.000053,059003.000435,0.2028,2B,0.7674,1781.547,0
-6.9,52496.8756,0.1103,687.29,059003.000199,059003.000563,-0.4486,5G,0.461,6955.791,0
-6.9,52314.8549,0.1095,2025.72,059003.000080,059003.000268,-0.0576,2A,0.4755,1568.097,0
-6.9,51514.7937,0.1062,1247.61,059003.000073,059003.000259,0.0864,2A,0.4555,1294.319,0
-6.9,51165.0372,0.1047,24083.88,059003.000148,059003.000452,0.6832,5A,0.5382,25724.465,0
-6.9,51160.0672,0.1047,12035.84,059003.000101,059003.000273,0.1769,2B,0.8421,11663.558,0
-6.9,51130.3694,0.1046,1799.91,059003.000076,059003.000264,-0.3891,4G,0.4182,514.732,0
-6.9,51100.287,0.1045,2990.65,059003.000148,059003.000451,-0.0,2B,0.5516,9120.619,0
-6.9,51090.7019,0.1044,1792.63,059003.000123,059003.000282,0.1081,2D,1.7065,110.506,0
-6.9,51016.789,0.2083,5930.39,059003.000070,059003.000257,-0.2881,2B,0.3982,10032.924,0
-6.9,50980.6004,0.104,1772.52,059003.000277,059003.000570,-0.1327,2G,0.5412,340.934,0
-6.9,50822.3021,0.1033,581.28,059003.000105,059003.000272,-0.0124,2G,0.5438,8976.93,0
-6.9,50800.251,0.1033,23198.45,059003.000042,059003.000213,0.3298,4D,1.7555,3971.038,0
-6.9,50792.4257,0.1032,34769.52,059003.000114,059003.000442,-0.3876,4A,0.3976,31458.504,0
-6.9,50705.2779,0.1029,1148.56,059003.000075,059003.000258,0.2075,2G,0.341,3255.931,0
-6.9,50655.5344,0.1027,1713.96,059003.000150,059003.000452,-0.5983,5B,0.5311,865.654,0
-6.9,50615.141,0.1025,1706.77,059003.000070,059003.000256,-0.1667,2G,0.9853,51237.2,0
-6.9,50461.216,0.1019,1119.69,059003.000063,059003.000435,-0.1305,2B,0.6138,2694.699,0
-6.9,50436.2943,0.1018,558.39,059003.000091,059003.000269,0.1521,2C,0.7194,3309.22,0
-6.9,50386.6754,0.1016,2221.93,059003.000041,059003.000208,0.1575,2G,0.5792,22281.332,0
-6.9,50306.5021,0.1013,1101.63,059003.000080,059003.000262,-0.1413,2G,0.581,10511.855,0
-6.9,50304.2524,0.1012,22027.32,059003.000064,059003.000247,-0.2215,3C,1.4151,1677.518,0
-6.9,50206.2812,0.1009,16350.33,059003.000082,059003.000263,0.0056,2B,0.4666,7203.745,0
-6.9,50206.2812,0.1009,16350.33,059003.000111,059003.000275,0.1092,2B,0.4011,8955.363,0
-6.9,50092.7217,0.2008,2692.41,059003.000080,059003.000259,0.1453,2A,0.4818,2579.255,0
-6.9,49966.8894,0.0999,2656.53,059003.000081,059003.000259,0.1897,2A,0.5522,3278.121,0
-6.9,49848.0969,0.0994,15737.57,059003.000442,059003.000570,-0.2225,3B,0.49,7813.12,0
-6.9,49764.7216,0.1982,20796.04,059003.000099,059003.000269,-0.1396,2B,0.479,7568.314,0
-6.9,49615.6203,0.0985,51158.91,059003.000060,059003.000235,-0.2247,3D,2.4469,5719.441,0
-6.9,49584.8861,0.0984,509.89,059003.000145,059003.000299,-0.0801,2A,0.5363,301.393,0
-6.9,49537.6638,0.0982,5072.77,059003.000114,059003.000276,0.185,2D,2.95,92.755,0
-6.9,49534.5419,0.0982,507.1,059003.000115,059003.000438,-0.265,3A,0.5154,463.519,0
-6.9,49440.034,0.0978,1505.73,059003.000121,059003.000278,-0.2038,3B,0.5313,600.727,0
-6.9,49392.939,0.0976,34953.22,059003.000041,059003.000203,-0.1726,2A,0.4795,56104.11,0
-6.9,49216.4052,0.0969,489.75,059003.000172,059003.000305,-0.2291,3C,0.8492,100.031,0
-6.9,49216.4052,0.0969,489.75,059003.000069,059003.000246,0.0894,2B,0.7015,948.299,0
-6.9,49150.2998,0.0967,486.19,059003.000140,059003.000293,-0.7523,5A,0.6774,313.587,0
-6.9,49106.5273,0.0965,483.84,059003.000073,059003.000249,-0.0578,2B,1.2793,938.598,0
-6.9,48852.4285,0.0955,9407.09,059003.000088,059003.000262,0.0953,2G,0.4209,2182.914,0
-6.9,48811.0946,0.0953,4681.83,059003.000057,059003.000223,-0.0429,2G,0.3895,78378.135,0
-6.9,48722.9308,0.095,1390.72,059003.000047,059003.000211,-0.0603,2G,0.5882,8282.558,0
-6.9,48722.9308,0.095,1390.72,059003.000053,059003.000218,0.0985,2A,0.6566,2475.031,0
-6.9,48581.8379,0.0944,2281.29,059003.000076,059003.000253,-0.3013,4A,0.5008,1463.049,0
-6.9,48301.2987,0.0933,176771.74,059003.000054,059003.000217,-0.1727,2D,2.7777,2519.668,0
-6.9,48168.5265,0.0928,217624.76,059003.000072,059003.000239,-0.0795,2G,0.4165,59279.158,0
-6.9,48150.94,0.0928,1303.11,059003.000194,059003.000550,-0.1746,2B,0.8016,391.224,0
-6.9,48005.1626,0.0922,1281.36,059003.000042,059003.000199,-0.0571,2D,2.3476,11660.311,0
-6.9,48005.1626,0.0922,1281.36,059003.000161,059003.000452,0.4197,5A,0.5488,1566.748,0
-6.9,47955.7894,0.092,4246.82,059003.000067,059003.000233,0.1307,2G,0.3859,76638.67,0
-6.9,47852.0598,0.0916,4195.89,059003.000095,059003.000259,-0.2539,3A,0.5422,3621.298,0
-6.9,47726.8694,0.0911,8269.91,059003.000064,059003.000225,0.218,3C,0.8938,1353.365,0
-6.9,47682.775,0.091,2056.81,059003.000064,059003.000223,-0.0093,2G,0.6191,8137.822,0
-6.9,47533.9301,0.0904,1212.65,059003.000104,059003.000265,-0.0859,2A,0.6681,1673.906,0
-6.9,46673.7801,0.1526,389839.38,059003.000047,059003.000201,0.3157,3A,0.504,401201.276,0
-6.9,46651.3201,0.0653,42381.99,059003.000071,059003.000227,0.0585,2G,0.6243,1563929.079,0
-6.9,46165.5502,0.064,135952.27,059003.000074,059003.000228,-0.3089,5G,0.3466,30999.178,0
-6.9,46017.1904,0.1483,23990.21,059003.000087,059003.000247,-0.1276,2D,1.6194,1523.565,0
-6.9,45622.3206,0.0625,17594.35,059003.000132,059003.000439,-0.0031,2B,0.6701,47011.507,0
-6.9,45617.9904,0.0625,35075.75,059003.000075,059003.000224,-0.0724,2E,2.2073,741.057,0
-6.9,45558.6495,0.1454,134309.57,059003.000069,059003.000219,-0.0865,2A,0.4561,179298.849,0
-6.9,45361.141,0.0618,14596.13,059003.000063,059003.000209,0.0394,2G,0.5628,65514.22,0
-6.9,45309.49,0.0616,14090.6,059003.000041,059003.000194,-0.0163,2G,0.7768,362818.333,0
-6.9,45255.4101,0.0615,40764.39,059003.000132,059003.000277,0.2501,5B,0.3583,99662.492,0
-6.9,45132.3096,0.0611,12538.45,059003.000132,059003.000276,0.0704,2G,0.3947,73144.116,0
-6.9,45002.5996,0.0608,11558.86,059003.000164,059003.000297,-0.4873,5G,0.528,138461.887,0
-6.9,44963.3405,0.0607,56426.82,059003.000049,059003.000197,-0.0273,2G,0.5724,879576.136,0
-6.9,44958.63,0.1416,112532.22,059003.000105,059003.000253,0.0853,2B,0.3472,63761.189,0
-6.9,44925.4095,0.1414,66183.2,059003.000098,059003.000435,-0.0722,2D,1.7207,3666.453,0
-6.9,44919.851,0.0606,76957.6,059003.000076,059003.000432,0.3079,5C,1.2108,7643.267,0
-6.9,44910.8105,0.0605,10934.84,059003.000079,059003.000226,0.1549,3B,1.2977,54055.938,0
-6.9,44910.8105,0.0605,10934.84,059003.000060,059003.000204,0.1697,3G,0.4701,71454.747,0
-6.9,44907.9694,0.0605,65498.2,059003.000164,059003.000296,0.147,3B,0.4576,128121.89,0
-6.9,44864.2609,0.0604,10638.27,059003.000085,059003.000233,0.2085,4B,0.7795,12119.671,0
-6.9,44855.2408,0.0604,63493.63,059003.000070,059003.000214,-0.0777,2A,0.5322,62778.622,0
-6.9,44757.2205,0.0601,60017.43,059003.000078,059003.000222,0.1338,3C,1.007,7041.548,0
-6.9,44701.3907,0.06,9695.47,059003.000165,059003.000295,-0.0303,2C,1.4824,441.873,0
-6.9,44660.3693,0.0599,56876.03,059003.000126,059003.000267,-0.3995,5B,0.3762,108134.66,0
-6.9,44638.3812,0.0598,9366.75,059003.000050,059003.000196,-0.0571,2C,0.7733,96246.916,0
-6.9,44597.6507,0.0597,27492.03,059003.000176,059003.000449,-0.2272,4G,0.6193,5387.733,0
-6.9,44593.2592,0.0597,27427.77,059003.000096,059003.000241,-0.0552,2G,0.3368,265085.956,0
-6.9,44588.0607,0.0597,9117.35,059003.000086,059003.000232,0.0204,2G,0.4584,55389.69,0
-6.9,44568.5797,0.0596,9023.78,059003.000145,059003.000286,0.1139,2B,0.3429,6001.318,0
-6.9,44552.7809,1.1401,8949.09,059003.000075,059003.000219,2.6322,3B,0.4695,5005.425,0
-6.9,44533.5696,0.1389,62017.76,059003.000072,059003.000215,0.1241,2C,1.1526,5133.003,0
-6.9,44510.3209,0.0595,8753.51,059003.000069,059003.000212,0.0515,2G,0.6441,44933.244,0
-6.9,44507.6298,0.0595,61189.51,059003.000105,059003.000249,0.0623,2B,0.3543,35450.812,0
-6.9,44487.1809,0.1386,8649.99,059003.000099,059003.000243,0.1004,2G,0.5601,89244.244,0
-6.9,44480.2311,0.0594,8619.31,059003.000162,059003.000294,-0.4263,5B,0.5286,3238.125,0
-6.9,44449.91,0.0593,67901.34,059003.000076,059003.000221,-0.0514,2A,0.5576,42489.703,0
-6.9,44380.2992,0.0591,49190.67,059003.000108,059003.000252,-0.0387,2B,0.4283,24408.129,0
-6.9,44339.7595,0.059,64303.89,059003.000146,059003.000285,-0.3463,5G,0.3553,17623.621,0
-6.9,44311.2707,0.1375,63428.66,059003.000135,059003.000274,-0.1316,2A,0.4236,64899.007,0
-6.9,44307.2094,0.0589,7913.21,059003.000101,059003.000434,0.2783,5D,1.742,386.23,0
-6.9,44279.271,0.1373,39044.48,059003.000114,059003.000257,0.3372,3G,0.4025,9871.279,0
-6.9,44277.5497,0.0589,62420.41,059003.000111,059003.000255,-0.1077,2E,2.5069,469.039,0
-6.9,44214.3201,0.0587,7575.95,059003.000157,059003.000290,0.057,2B,0.4968,24338.967,0
-6.9,44148.5803,0.0585,7353.13,059003.000185,059003.000309,-0.0979,2A,0.4422,5651.986,0
-6.9,44116.0397,0.0584,36237.05,059003.000072,059003.000212,0.0595,2A,0.5327,23383.579,0
-6.9,44103.6197,0.0584,7207.83,059003.000108,059003.000251,0.0405,2G,0.3736,133026.609,0
-6.9,44086.4799,0.0583,7153.9,059003.000211,059003.000347,-0.3892,5A,0.606,4295.603,0
-6.9,44078.78,0.0583,7129.92,059003.000101,059003.000433,-0.0323,2B,0.7143,21601.765,0
-6.9,44040.1695,0.0582,7012.06,059003.000135,059003.000272,-0.2101,4G,0.3594,2314.3,0
-6.9,44027.8696,0.0582,6975.32,059003.000104,059003.000245,-0.1006,2A,0.5664,7151.701,0
-6.9,44003.1905,0.0581,62124.75,059003.000080,059003.000221,-0.0631,2G,0.4522,15737.901,0
-6.9,43981.1593,0.0581,61553.17,059003.000060,059003.000200,0.0954,2D,2.1938,8674.535,0
-6.9,43971.7307,0.058,6812.42,059003.000172,059003.000297,0.481,5G,0.5539,38102.122,0
-6.9,43963.5107,0.058,40735.29,059003.000178,059003.000301,0.1411,3G,0.4701,434272.568,0
-6.9,43896.6812,0.0578,52851.26,059003.000073,059003.000211,-0.0551,2A,0.5159,49970.398,0
-6.9,43889.2609,0.0578,32933.69,059003.000158,059003.000290,-0.0002,2B,0.6016,12188.178,0
-6.9,43875.8708,0.0578,6551.56,059003.000172,059003.000296,-0.1145,2G,0.5094,137203.158,0
-6.9,43867.3802,0.1348,45706.15,059003.000104,059003.000433,0.0171,2A,0.5283,34695.548,0
-6.9,43853.8896,0.0577,45462.56,059003.000085,059003.000224,-0.2549,5G,0.358,14996.659,0
-6.9,43730.2209,0.0574,6193.35,059003.000060,059003.000199,-0.0656,2B,0.5303,17939.717,0
-6.9,43700.6212,0.0573,6125.74,059003.000218,059003.000348,-0.2314,5B,0.6249,16517.624,0
-6.9,43689.8305,0.0573,6101.5,059003.000156,059003.000289,0.089,2G,0.6007,119711.646,0
-6.9,43566.5596,0.057,5839.54,059003.000150,059003.000285,0.3387,5B,0.6509,1841.908,0
-6.9,43560.2312,0.1329,52441.18,059003.000081,059003.000220,0.0485,2A,0.529,71353.403,0
-6.9,43557.7892,0.057,46575.2,059003.000091,059003.000230,0.0472,2A,0.4155,70386.989,0
-6.9,43545.739,0.0569,40585.14,059003.000131,059003.000267,-0.0574,2G,0.3156,113466.811,0
-6.9,43545.739,0.0569,40585.14,059003.000062,059003.000200,0.0335,2A,0.6128,38918.134,0
-6.9,43545.739,0.0569,40585.14,059003.000106,059003.000243,0.0582,2B,0.3866,20130.819,0
-6.9,43506.9901,0.0568,5722.23,059003.000155,059003.000288,0.1612,3G,0.5227,61654.736,0
-6.9,43484.7695,0.0568,34079.6,059003.000160,059003.000292,-0.0472,2A,0.5641,37478.557,0
-6.9,43451.6096,0.0567,22472.97,059003.000075,059003.000211,0.0803,2C,0.9337,155591.674,0
-6.9,43415.8795,0.0566,5553.63,059003.000074,059003.000209,0.2457,5G,0.5733,39445.448,0
-6.9,43408.9792,0.0566,38789.61,059003.000211,059003.000554,0.0003,2A,0.5913,34104.217,0
-6.9,43400.5698,0.0565,5526.53,059003.000105,059003.000239,0.0726,2B,0.4352,16631.79,0
-6.9,43399.0801,1.0198,38667.35,059003.000081,059003.000217,0.3211,2C,1.4163,2971.704,0
-6.9,43392.8803,0.1319,11026.08,059003.000203,059003.000342,-0.004,2B,0.6954,4425.975,0
-6.9,43391.7502,0.0565,33066.4,059003.000111,059003.000248,0.1895,4B,0.7884,50910.327,0
-6.9,43384.9898,0.0565,38495.04,059003.000197,059003.000333,-0.1595,3A,0.6106,52542.843,0
-6.9,43358.0908,0.0564,5453.09,059003.000165,059003.000445,-0.2037,4A,0.5542,3396.431,0
-6.9,43327.3408,0.0564,48613.56,059003.000203,059003.000341,0.0324,2A,0.6597,32133.369,0
-6.9,43318.8907,0.0563,32325.36,059003.000095,059003.000231,0.1032,2G,0.3407,10396.752,0
-6.9,43302.7702,0.0563,10722.44,059003.000144,059003.000279,0.4818,5A,0.3728,8229.402,0
-6.9,43294.7603,0.0563,26741.33,059003.000062,059003.000199,-0.1679,4B,0.5966,12645.222,0
-6.9,43292.0799,0.0563,5343.95,059003.000097,059003.000233,-0.0379,2B,0.671,15569.663,0
-6.9,43288.701,0.0563,5338.52,059003.000093,059003.000230,0.3245,5G,0.4077,33126.685,0
-6.9,43278.0397,0.0562,5321.49,059003.000089,059003.000228,-0.1052,2G,0.4093,81043.223,0
-6.9,43215.721,0.0561,5224.89,059003.000104,059003.000238,-0.1933,4G,0.499,30122.64,0
-6.9,43195.4599,0.056,15583.62,059003.000070,059003.000205,0.162,3G,0.5927,226840.387,0
-6.9,43117.64,0.0558,50825.61,059003.000098,059003.000232,-0.0664,2A,0.4433,73163.107,0
-6.9,43102.3905,0.0558,50614.47,059003.000084,059003.000218,0.1357,3B,0.7164,188796.665,0
-6.9,43036.4695,0.0556,39785.38,059003.000114,059003.000251,0.0098,2G,0.5113,11776.642,0
-6.9,42975.3097,0.0554,44059.17,059003.000072,059003.000206,-0.0182,2G,0.4754,8468.399,0
-6.9,42933.8412,0.0553,24224.83,059003.000098,059003.000229,-0.0663,2B,0.5518,80245.661,0
-6.9,42917.459,0.0553,28952.94,059003.000197,059003.000330,-0.1383,3A,0.6452,15884.139,0
-6.9,42917.459,0.0553,28952.94,059003.000075,059003.000208,-0.008,2G,0.3861,95031.479,0
-6.9,42829.8909,0.0551,23628.77,059003.000176,059003.000294,0.4028,5B,0.5374,12608.921,0
-6.9,42771.3307,0.0549,9325.99,059003.000206,059003.000340,0.0502,2A,0.6299,12395.537,0
-6.9,42729.6402,0.0548,13860.44,059003.000067,059003.000201,-0.0506,2G,0.717,204116.408,0
-6.9,42633.569,0.0546,13580.73,059003.000194,059003.000317,-0.0392,2G,0.6348,82049.034,0
-6.9,42592.9911,0.1271,22448.66,059003.000225,059003.000348,-0.1519,2E,2.9748,127.437,0
-6.9,42539.9498,0.0543,13329.03,059003.000211,059003.000550,-0.0909,2A,0.608,8345.477,0
-6.9,42474.8495,0.1264,17553.82,059003.000080,059003.000211,0.2442,3B,0.6536,38513.319,0
-6.9,42420.8705,0.054,13036.35,059003.000078,059003.000209,-0.0252,2B,0.4724,36803.479,0
-6.9,42403.7709,0.054,12996.69,059003.000177,059003.000295,-0.0393,2A,0.6014,11230.875,0
-6.9,42365.9512,0.0539,21518.37,059003.000108,059003.000237,0.0371,2G,0.5008,74194.966,0
-6.9,42364.0699,0.0539,25813.66,059003.000218,059003.000555,0.1015,2A,0.5426,17748.673,0
-6.9,42359.0991,0.0539,8597.2,059003.000062,059003.000197,-0.0305,2B,1.5244,3537.101,0
-6.9,42344.1297,0.0538,21438.05,059003.000206,059003.000338,0.1333,3G,0.6385,103908.692,0
-6.9,42301.5804,0.0537,4257.14,059003.000126,059003.000258,0.2061,4B,0.4288,2166.396,0
-6.9,42262.4994,0.0536,25380.69,059003.000106,059003.000234,0.0361,2B,0.9162,17037.603,0
-6.9,42249.2598,0.0536,33769.31,059003.000195,059003.000315,-0.204,4G,0.5246,124968.632,0
-6.9,42231.5109,0.0535,4209.32,059003.000121,059003.000254,-0.0001,2B,0.4757,1922.592,0
-6.9,42214.4408,0.0535,4198.1,059003.000173,059003.000445,0.1254,3G,0.434,86067.477,0
-6.9,42116.4603,0.0532,28957.67,059003.000207,059003.000545,0.0296,2B,0.4388,16021.452,0
-6.9,42110.449,0.0532,16532.86,059003.000088,059003.000218,0.13,3D,1.6651,953.47,0
-6.9,42102.9912,0.0532,16515.13,059003.000062,059003.000196,0.0584,2G,0.5064,175256.27,0
-6.9,42070.8608,0.0531,20550.05,059003.000078,059003.000207,-0.0949,2G,0.484,88464.674,0
-6.9,42049.1294,0.0531,20488.03,059003.000154,059003.000282,0.1411,3C,0.9837,2516.492,0
-6.9,42038.5502,0.0531,28641.56,059003.000053,059003.000195,0.1224,3G,0.5851,136148.453,0
-6.9,42028.2099,0.053,8171.77,059003.000089,059003.000431,0.1062,3G,0.4575,26612.238,0
-6.9,42023.541,0.1237,20416.49,059003.000156,059003.000282,0.1996,2G,0.3791,90371.91,0
-6.9,42017.099,0.1237,24478.47,059003.000098,059003.000432,-0.2095,2B,0.5728,10236.249,0
-6.9,41978.6402,0.0529,12176.84,059003.000121,059003.000253,0.0349,2B,0.5019,3866.542,0
-6.9,41920.6404,0.0528,20144.35,059003.000224,059003.000347,0.3049,5G,0.5991,4404.511,0
-6.9,41877.8313,0.0526,24045.74,059003.000158,059003.000283,-0.1123,3B,0.4948,53504.891,0
-6.9,41830.5803,0.0525,15940.3,059003.000226,059003.000559,0.0476,2E,2.3143,176.644,0
-6.9,41816.3894,0.0525,7956.96,059003.000138,059003.000270,-0.2493,5C,1.1009,652.729,0
-6.9,41750.3594,0.0523,15795.4,059003.000120,059003.000251,-0.0597,2B,0.8486,25195.519,0
-6.9,41662.6092,0.0521,3912.0,059003.000119,059003.000248,0.0856,2B,1.394,1402.871,0
-6.9,41527.6808,0.0518,15441.86,059003.000121,059003.000249,0.0528,2A,0.3796,13638.464,0
-6.9,41488.3604,0.0517,3846.51,059003.000220,059003.000553,-0.0085,2C,0.7593,529.671,0
-6.9,41439.8191,0.0516,19149.52,059003.000105,059003.000222,-0.2489,5B,0.4545,8557.234,0
-6.9,41405.0505,0.0515,3818.4,059003.000119,059003.000247,0.2098,5B,0.5367,2033.291,0
-6.9,41298.959,0.0512,22711.21,059003.000114,059003.000237,0.1643,4A,0.4198,18246.865,0
-6.9,41289.6401,0.0512,3782.41,059003.000075,059003.000200,-0.137,3C,0.8237,32342.598,0
-6.9,41273.0499,0.0511,18887.48,059003.000111,059003.000229,-0.1011,2D,1.7811,3515.887,0
-6.9,41255.8213,0.0511,18862.27,059003.000172,059003.000291,-0.2421,5B,0.4851,37375.147,0
-6.9,41235.4811,0.051,3766.58,059003.000119,059003.000244,-0.0838,2B,0.7128,2513.395,0
-6.9,41233.97,0.051,18830.75,059003.000132,059003.000263,-0.0467,2B,0.798,16176.056,0
-6.9,41221.0605,0.119,22574.83,059003.000096,059003.000219,-0.1985,2B,0.9,9060.524,0
-6.9,41186.2589,0.0509,37527.22,059003.000131,059003.000258,-0.1431,3C,0.7241,9001.48,0
-6.9,41129.2013,0.0508,11211.7,059003.000191,059003.000308,-0.0028,2G,0.5527,3190.937,0
-6.9,40933.0989,0.0503,3687.95,059003.000112,059003.000232,0.0306,2B,0.3263,2355.337,0
-6.9,40882.4105,0.1171,33084.08,059003.000121,059003.000243,-0.0402,2B,0.5071,65515.305,0
-6.9,40803.1302,0.05,3657.82,059003.000214,059003.000338,-0.0876,2B,0.6421,1144.761,0
-6.9,40798.6001,0.1166,14627.16,059003.000175,059003.000290,-0.1189,2A,0.4667,9504.89,0
-6.9,40794.2892,0.05,3655.82,059003.000115,059003.000235,0.1148,3B,0.6889,1766.191,0
-6.9,40760.8106,0.1164,3648.3,059003.000281,059003.000565,0.1953,2B,1.1392,763.361,0
-6.9,40631.4903,0.0496,10859.32,059003.000179,059003.000302,0.8479,5G,0.4025,62569.53,0
-6.9,40589.6408,0.0495,3610.64,059003.000166,059003.000443,0.025,2D,2.2753,852.854,0
-6.9,40583.4489,0.0494,36092.92,059003.000097,059003.000215,0.1541,4B,0.5119,16142.321,0
-6.9,40549.9701,0.0494,3601.99,059003.000202,059003.000326,0.0049,2A,0.6808,2271.759,0
-6.9,40544.3104,0.0493,7201.52,059003.000160,059003.000281,0.0504,2B,0.8106,6603.206,0
-6.9,40540.2806,0.0493,7199.76,059003.000119,059003.000238,-0.177,4A,0.5983,10632.103,0
-6.9,40489.1396,0.0492,3588.7,059003.000173,059003.000289,-0.0765,2G,0.4941,75259.514,0
-6.9,40483.6295,0.0492,35874.97,059003.000120,059003.000239,-0.0046,2A,0.6246,23702.769,0
-6.9,40417.4508,0.049,7145.82,059003.000126,059003.000251,0.0539,2G,0.4814,55569.222,0
-6.9,40379.3399,0.0489,17822.11,059003.000177,059003.000292,0.0351,2G,0.544,4043.628,0
-6.9,40373.6491,0.0489,7126.29,059003.000224,059003.000550,0.1419,4A,0.6447,7961.329,0
-6.9,40349.4097,0.0489,32019.22,059003.000166,059003.000284,0.2193,5D,2.057,7276.716,0
-6.9,40347.8414,0.0489,3557.34,059003.000135,059003.000262,0.0197,2G,0.5473,47187.569,0
-6.9,40347.8414,0.0489,3557.34,059003.000105,059003.000217,0.0924,2A,0.5028,4726.854,0
-6.9,40325.3111,0.0488,7104.45,059003.000113,059003.000227,-0.3713,5A,0.4821,6923.716,0
-6.9,40299.479,0.1138,17731.59,059003.000081,059003.000201,0.277,3A,0.5221,15307.263,0
-6.9,40295.5909,0.0487,31908.82,059003.000237,059003.000558,0.2037,5B,0.6061,14534.984,0
-6.9,40292.2491,0.0487,31901.9,059003.000073,059003.000196,0.0378,2B,0.4879,96248.582,0
-6.9,40267.9104,0.0487,21234.12,059003.000198,059003.000317,0.0885,2G,0.6857,3959.629,0
-6.9,40259.6397,0.1135,17685.46,059003.000170,059003.000287,-0.0581,2G,0.5231,4229.779,0
-6.9,40253.3493,0.0486,14142.48,059003.000119,059003.000236,-0.1943,5B,0.7273,18921.498,0
-6.9,40228.8497,0.1134,35298.54,059003.000121,059003.000238,-0.1022,2B,0.5406,81953.828,0
-6.9,40192.4494,0.0485,17605.81,059003.000106,059003.000220,-0.014,2G,0.4683,4412.641,0
-6.9,40184.591,0.0485,21115.6,059003.000244,059003.000348,-0.0054,2A,0.5907,20809.324,0
-6.9,40168.2498,0.113,10545.89,059003.000113,059003.000226,-0.1354,2G,0.7153,276155.505,0
-6.9,40115.5409,0.0483,3502.25,059003.000097,059003.000211,-0.1357,3B,1.4574,10786.157,0
-6.9,40072.1799,0.0482,3491.22,059003.000082,059003.000200,0.0168,2B,0.9061,2437.969,0
-6.9,40063.5015,0.0482,10466.95,059003.000175,059003.000288,-0.116,3A,0.5186,8202.404,0
-6.9,40058.3807,0.0482,6975.31,059003.000235,059003.000346,0.0119,2D,1.882,1121.695,0
-6.9,40040.3789,0.0481,3482.95,059003.000095,059003.000209,-0.1221,3A,0.5672,3892.291,0
-6.9,40015.5103,0.0481,3476.36,059003.000247,059003.000348,0.1897,4B,0.7265,8442.825,0
-6.9,39993.3003,0.048,17351.88,059003.000164,059003.000282,0.0475,2B,0.8863,46393.724,0
-6.9,39987.5096,0.048,24281.61,059003.000113,059003.000225,0.3884,5D,2.1689,197358.878,0
-6.9,39981.5594,0.048,34671.78,059003.000188,059003.000307,0.0909,2G,0.4775,8426.914,0
-6.9,39976.92,0.048,3465.91,059003.000112,059003.000222,0.1302,3G,0.3473,1023.891,0
-6.9,39940.6888,0.1117,17279.22,059003.000104,059003.000216,0.1123,2A,0.5818,26475.637,0
-6.9,39935.9604,0.0479,3454.51,059003.000235,059003.000554,0.0104,2B,0.8565,1671.171,0
-6.9,39934.5709,0.0479,27632.95,059003.000064,059003.000195,0.0336,2A,0.5078,17234.407,0
-6.9,39930.5813,0.0479,3452.99,059003.000218,059003.000336,-0.0164,2B,0.8029,2589.516,0
-6.9,39910.6695,0.5,6894.61,059003.000119,059003.000234,-0.0693,2B,0.7611,8162.392,0
-6.9,39903.7507,0.0478,10335.93,059003.000160,059003.000279,0.1885,4B,0.3829,4926.581,0
-6.9,39895.5308,0.0478,3442.93,059003.000231,059003.000344,0.0268,2G,0.4169,912.873,0
-6.9,39812.05,0.0476,6835.77,059003.000231,059003.000343,0.1958,5G,0.4405,1697.553,0
-6.9,39765.4491,0.0475,17015.93,059003.000163,059003.000281,-0.0242,2B,0.357,6286.642,0
-6.9,39765.4491,0.0475,17015.93,059003.000105,059003.000215,0.1122,3G,0.6853,1946.475,0
-6.9,39756.1112,0.0474,3400.18,059003.000210,059003.000331,0.0218,2G,0.5794,52342.163,0
-6.9,39721.4491,0.0474,3388.8,059003.000142,059003.000267,0.2672,5B,0.588,8434.458,0
-6.9,39682.8814,0.1103,3375.77,059003.000237,059003.000345,-0.0451,2A,0.3824,4750.346,0
-6.9,39662.0196,0.0472,16842.76,059003.000215,059003.000334,0.0781,2A,0.6792,11833.551,0
-6.9,39615.2306,0.0471,16759.52,059003.000231,059003.000553,-0.1476,4B,0.6797,7355.401,0
-6.9,39606.5805,0.0471,10046.27,059003.000127,059003.000245,-0.1125,3G,0.4573,2118.996,0
-6.9,39533.0101,0.0469,6642.1,059003.000239,059003.000557,-0.1842,4G,0.5904,55274.875,0
-6.9,39526.8313,0.0469,23230.53,059003.000223,059003.000340,-0.0835,2B,0.5856,76544.514,0
-6.9,39486.2302,0.1092,29722.86,059003.000226,059003.000342,-0.1883,2B,0.8369,19029.013,0
-6.9,39446.0393,0.109,29574.5,059003.000123,059003.000234,0.1886,2C,1.1207,3869.753,0
-6.9,39401.84,0.0466,26138.28,059003.000172,059003.000284,0.1622,4B,0.9118,9124.397,0
-6.9,39388.3603,0.0466,9784.27,059003.000099,059003.000208,0.0135,2E,1.7693,279.497,0
-6.9,39354.0508,0.1085,25969.68,059003.000127,059003.000241,-0.0881,2A,0.5991,19172.552,0
-6.9,39340.0613,0.0465,6479.77,059003.000200,059003.000318,0.1153,3G,0.5714,58326.185,0
-6.9,39330.4198,0.1084,3235.48,059003.000246,059003.000347,-0.2501,3A,0.6596,3455.556,0
-6.9,39296.3201,0.0464,19317.8,059003.000263,059003.000561,0.3222,5A,0.6076,26418.203,0
-6.9,39294.9788,0.0464,3219.0,059003.000240,059003.000556,-0.1521,4G,0.671,800.967,0
-6.9,39275.2589,0.108,9628.88,059003.000085,059003.000199,0.1775,2A,0.4511,12115.27,0
-6.9,39229.5791,0.1078,28685.98,059003.000080,059003.000198,0.2614,3B,1.1413,5837.844,0
-6.9,39222.8799,0.0462,3183.99,059003.000130,059003.000245,0.2275,5A,0.5805,3380.445,0
-6.9,39179.3801,0.0461,15809.42,059003.000227,059003.000546,-0.3032,5G,0.5954,198278.666,0
-6.9,39168.1402,0.0461,22092.34,059003.000067,059003.000194,-0.0034,2B,1.6079,7817.51,0
-6.9,39145.1295,0.046,9431.82,059003.000253,059003.000560,-0.1475,4G,0.6151,2230.384,0
-6.9,39122.0806,0.0459,3131.59,059003.000153,059003.000277,-0.1659,4C,1.1904,324.519,0
-6.9,39101.7887,0.0459,12482.18,059003.000215,059003.000330,0.1379,3A,0.6201,15944.404,0
-6.9,39084.7688,0.0459,9333.43,059003.000225,059003.000339,-0.0117,2B,0.723,7301.747,0
-6.9,39075.7012,0.0458,3106.09,059003.000236,059003.000553,0.1369,3G,0.6823,13986.23,0
-6.9,39045.9499,0.0458,3089.25,059003.000112,059003.000220,0.0555,2A,0.4015,2069.354,0
-6.9,38975.2313,0.0456,12190.8,059003.000139,059003.000263,0.0553,2G,0.5417,3029.475,0
-6.9,38967.7592,0.0456,3043.18,059003.000156,059003.000276,0.0321,2B,0.365,5975.983,0
-6.9,38933.48,0.0455,6044.31,059003.000433,059003.000556,-0.1212,3G,0.5978,1178.77,0
-6.9,38906.5189,0.0454,3005.25,059003.000155,059003.000274,-0.22,5C,1.3341,188.851,0
-6.9,38884.5089,0.0454,11964.86,059003.000112,059003.000217,0.0382,2G,0.3294,3644.023,0
-6.9,38860.5891,0.0453,2975.72,059003.000247,059003.000557,0.172,4G,0.6318,27584.826,0
-6.9,38852.8206,0.0453,20794.41,059003.000229,059003.000547,-0.112,3B,0.5794,7878.85,0
-6.9,38847.3214,0.1057,5934.02,059003.000244,059003.000555,-0.3908,4B,0.4555,2605.263,0
-6.9,38802.6915,0.0452,2937.15,059003.000244,059003.000554,-0.0074,2G,0.5434,548.626,0
-6.9,38773.2613,0.1053,5833.93,059003.000245,059003.000556,0.2672,3A,0.5542,6484.829,0
-6.9,38763.79,0.0451,2910.39,059003.000105,059003.000208,0.1336,3A,0.6139,5154.07,0
-6.9,38761.2197,0.0451,5817.19,059003.000214,059003.000328,-0.0173,2G,0.5869,67724.397,0
-6.9,38754.7403,0.0451,5808.13,059003.000155,059003.000273,-0.0798,2D,2.0791,1706.04,0
-6.9,38750.3394,0.0451,2900.98,059003.000179,059003.000295,0.0445,2B,1.301,4195.008,0
-6.9,38700.5015,0.045,2865.4,059003.000130,059003.000240,-0.0142,2B,1.3448,6111.501,0
-6.9,38676.5106,0.0449,2847.87,059003.000221,059003.000543,-0.0179,2G,0.6212,28114.571,0
-6.9,38633.421,0.0448,14078.72,059003.000247,059003.000554,-0.0021,2B,0.8421,3259.404,0
-6.9,38599.7787,0.0447,13950.4,059003.000152,059003.000271,0.0002,2G,0.4714,3891.566,0
-6.9,38591.4412,0.0447,2783.64,059003.000233,059003.000547,0.1209,3B,1.053,492.23,0
-6.9,38563.1504,0.0446,16569.38,059003.000252,059003.000559,-0.0572,2A,0.6308,23541.675,0
-6.9,38538.4688,0.0446,2742.01,059003.000185,059003.000453,-0.0594,2G,0.3294,13290.646,0
-6.9,38532.5507,0.0446,16423.69,059003.000115,059003.000220,-0.0488,2B,1.0285,3188.699,0
-6.9,38510.5792,0.1039,2719.59,059003.000229,059003.000544,0.0358,2B,0.4435,5015.377,0
-6.9,38443.7393,0.1035,2664.48,059003.000161,059003.000442,0.1486,2B,0.4652,894.343,0
-6.9,38410.289,0.0443,2636.17,059003.000204,059003.000318,-0.0802,2B,0.7129,5097.809,0
-6.9,38404.5003,0.0443,10524.88,059003.000133,059003.000251,0.0868,3B,0.4851,5743.685,0
-6.9,38394.9516,0.0443,2623.03,059003.000099,059003.000203,0.011,2C,0.7717,13806.255,0
-6.9,38326.7093,0.1029,12816.84,059003.000232,059003.000544,-0.0351,2A,0.4575,8167.1,0
-6.9,38321.6095,0.0441,15352.99,059003.000249,059003.000346,0.0606,2D,1.9944,1431.773,0
-6.9,38281.6209,0.044,5045.79,059003.000248,059003.000345,0.0343,2A,0.4336,3995.269,0
-6.9,38242.1187,0.1024,4973.54,059003.000152,059003.000270,0.3124,4B,0.534,2221.68,0
-6.9,38196.3215,0.0438,2444.13,059003.000186,059003.000453,0.057,2G,0.3272,40170.006,0
-6.9,38182.5908,0.0438,7293.57,059003.000203,059003.000315,0.0392,2B,0.9005,1589.678,0
-6.9,38176.7115,0.0438,14553.77,059003.000135,059003.000253,0.1016,3B,1.0463,4132.974,0
-6.9,38172.4887,0.0437,2421.63,059003.000230,059003.000337,0.2908,5B,1.4615,687.687,0
-6.9,38161.86,0.0437,2411.52,059003.000251,059003.000346,0.026,2D,2.8243,716.946,0
-6.9,38157.7091,0.4225,2407.56,059003.000119,059003.000221,-0.224,2A,0.3863,1682.742,0
-6.9,38120.5612,0.0436,4743.74,059003.000247,059003.000343,-0.182,5B,0.4483,8976.265,0
-6.9,38062.2413,0.0435,2314.86,059003.000160,059003.000438,0.0807,2C,1.6078,186.322,0
-6.9,38048.8811,0.0435,11508.18,059003.000237,059003.000340,-0.0013,2A,0.6457,8876.912,0
-6.9,38017.7499,0.0434,4541.2,059003.000132,059003.000246,-0.1057,3G,0.464,17745.398,0
-6.9,38005.7614,0.1012,2258.57,059003.000266,059003.000561,-1.5348,5B,0.5924,1080.852,0
-6.9,37999.3791,0.1011,2252.14,059003.000256,059003.000559,0.1174,2G,0.6268,11465.982,0
-6.9,37907.9212,0.0431,6476.27,059003.000184,059003.000448,0.097,3B,0.8298,11328.29,0
-6.9,37876.649,0.0431,2126.29,059003.000256,059003.000347,0.0484,2G,0.6821,340.557,0
-6.9,37864.8617,0.043,4227.99,059003.000205,059003.000315,0.0372,2B,0.9629,1289.255,0
-6.9,37835.591,0.043,2083.3,059003.000253,059003.000556,0.1943,5G,0.5244,394.893,0
-6.9,37788.8105,0.0429,2033.84,059003.000115,059003.000215,0.0467,2B,1.4952,702.189,0
-6.9,37763.7915,0.0999,18064.71,059003.000205,059003.000314,-0.063,2A,0.459,21165.349,0
-6.9,37760.1997,0.0428,2003.35,059003.000250,059003.000344,-0.0215,2G,0.6827,453.899,0
-6.9,37732.5699,0.0997,15790.13,059003.000132,059003.000241,0.2389,3B,0.3983,6081.392,0
-6.9,37716.92,0.0427,1956.95,059003.000256,059003.000558,-0.0975,3B,0.8876,2156.997,0
-6.9,37668.3594,0.0426,1904.5,059003.000252,059003.000345,-0.1434,4B,0.5171,5847.84,0
-6.9,37578.1092,0.0424,1806.17,059003.000239,059003.000340,0.1068,3G,0.6604,444.445,0
-6.9,37505.5615,0.0422,8632.85,059003.000133,059003.000241,0.0371,2A,0.6779,5034.972,0
-6.9,37470.0414,0.0983,33749.9,059003.000129,059003.000230,0.291,3B,1.3325,4660.436,0
-6.9,37415.6589,0.042,1627.62,059003.000088,059003.000196,-0.1113,3B,0.3893,2678.114,0
-6.9,37367.8104,0.0419,3149.92,059003.000121,059003.000217,0.0009,2B,0.3662,2160.942,0
-6.9,37283.6394,0.0417,1482.6,059003.000163,059003.000438,0.2655,5G,0.4724,11400.586,0
-6.9,37253.9685,0.0417,1450.19,059003.000165,059003.000438,-0.291,5E,2.0837,25.224,0
-6.9,37248.1606,0.0417,1443.86,059003.000105,059003.000201,-0.0314,2A,0.6101,956.0,0
-6.9,37216.3293,0.0416,8455.32,059003.000209,059003.000317,-0.0466,2A,0.5428,6028.149,0
-6.9,37137.5288,0.0414,6620.64,059003.000133,059003.000239,-0.0996,3G,0.5235,39801.051,0
-6.9,37129.2898,0.5,7891.77,059003.000212,059003.000318,1.2489,3C,0.9017,1304.537,0
-6.9,37086.5205,0.0413,3808.99,059003.000251,059003.000549,0.0557,2B,0.5752,1360.431,0
-6.9,37007.8815,0.0959,1186.86,059003.000243,059003.000545,-0.0962,2G,0.4007,316.037,0
-6.9,36975.9286,0.041,2307.36,059003.000093,059003.000197,-0.0676,2G,0.6061,9651.225,0
-6.9,36965.2885,0.0957,2285.4,059003.000154,059003.000269,0.0451,2G,0.4667,16448.574,0
-6.9,36924.5192,0.0409,1100.93,059003.000246,059003.000340,-0.0627,2B,0.4831,3317.904,0
-6.9,36917.6588,0.0409,2187.91,059003.000163,059003.000275,0.0964,3C,1.3673,236.466,0
-6.9,36907.6611,0.3953,9754.36,059003.000159,059003.000270,-0.2879,2G,0.6561,1589.145,0
-6.9,36888.9014,0.3949,2129.77,059003.000165,059003.000275,0.4532,2G,0.4213,10604.849,0
-6.9,36880.7208,0.3947,3169.99,059003.000080,059003.000195,0.4962,2G,0.5029,16985.119,0
-6.9,36861.5004,0.0408,2074.89,059003.000162,059003.000273,0.08,2B,1.3879,2175.633,0
-6.9,36808.3787,0.0407,985.02,059003.000171,059003.000441,-0.139,4G,0.8571,16693.763,0
-6.9,36766.9798,0.0947,2834.78,059003.000455,059003.000570,-0.0084,2G,0.4474,9678.819,0
-6.9,36745.7406,0.0405,4623.11,059003.000242,059003.000339,-0.0825,3A,0.4566,4293.931,0
-6.9,36741.3906,0.0946,920.49,059003.000252,059003.000548,0.2176,3A,0.4005,731.083,0
-6.9,36737.61,0.0405,2750.7,059003.000081,059003.000194,-0.0448,2G,0.624,13144.122,0
-6.9,36632.0386,0.094,6554.03,059003.000123,059003.000215,0.0235,2E,3.8597,4.785,0
-6.9,36623.2299,0.094,7302.02,059003.000306,059003.000570,0.2237,3G,0.42,1991.779,0
-6.9,36594.4103,0.0402,785.69,059003.000163,059003.000272,0.102,3B,1.2885,400.155,0
-6.9,36576.5816,0.0402,5390.18,059003.000125,059003.000220,-0.2363,5B,0.5592,1881.507,0
-6.9,36576.5816,0.0402,5390.18,059003.000126,059003.000221,0.1002,3G,0.4036,16968.086,0
-6.9,36576.5816,0.0402,5390.18,059003.000114,059003.000206,0.185,5B,0.8319,7557.586,0
-6.9,36562.1197,0.0401,2272.3,059003.000186,059003.000302,-0.7237,5G,0.4031,13520.561,0
-6.9,36536.6407,0.0401,1471.01,059003.000255,059003.000549,-0.0525,2A,0.5988,873.119,0
-6.9,36497.3598,0.04,4214.05,059003.000130,059003.000432,-0.2939,5G,0.4303,921.613,0
-6.9,36497.3598,0.04,4214.05,059003.000246,059003.000338,0.062,2G,0.4907,1012.136,0
-6.9,36430.85,0.093,5832.23,059003.000120,059003.000212,-0.1581,2B,1.1576,8169.793,0
-6.9,36417.6404,0.0398,2550.08,059003.000084,059003.000195,-0.21,5A,0.6892,2268.084,0
-6.9,36395.6394,0.0398,4341.61,059003.000172,059003.000439,-0.2465,5C,0.8657,635.639,0
-6.9,36395.6394,0.0398,4341.61,059003.000185,059003.000449,0.3761,5B,1.3348,953.986,0
-6.9,36316.259,0.0396,2599.17,059003.000133,059003.000234,-0.0447,2B,0.6111,5483.808,0
-6.9,36309.4719,0.0923,4344.11,059003.000148,059003.000262,0.1494,2A,0.61,4608.254,0
-6.9,36280.4101,0.0922,2637.82,059003.000181,059003.000445,0.158,2B,0.5577,879.881,0
-6.9,36272.9589,0.0395,881.96,059003.000213,059003.000315,0.0476,2C,1.2121,77.783,0
-6.9,36270.8104,0.0395,1765.47,059003.000138,059003.000434,-0.1251,4B,0.9972,413.299,0
-6.9,36138.7089,0.0392,1861.86,059003.000128,059003.000431,0.0758,2G,0.3806,575.789,0
-6.9,36124.22,0.0392,2808.82,059003.000149,059003.000260,0.1629,5C,0.7079,471.031,0
-6.9,36005.7989,0.0389,3921.32,059003.000185,059003.000298,-0.1369,4B,0.8784,1712.252,0
-6.9,36001.4,0.0389,3927.92,059003.000125,059003.000216,0.2011,5G,0.5746,19995.94,0
-6.9,35996.0702,0.376,983.98,059003.000146,059003.000258,-0.4192,2C,0.7074,213.656,0
-6.9,35988.8105,0.0389,1973.41,059003.000135,059003.000235,-0.0021,2D,2.4532,66.168,0
-6.9,35982.1615,0.0389,1978.4,059003.000127,059003.000219,0.0778,2G,0.5905,23577.724,0
-6.9,35978.7589,0.0389,1980.96,059003.000231,059003.000327,-0.0439,2G,0.5902,375.362,0
-6.9,35973.7308,0.3755,2977.11,059003.000127,059003.000218,0.2427,2G,0.3,9149.705,0
-6.9,35965.6687,0.0906,4977.02,059003.000165,059003.000437,0.2212,3B,0.5547,13689.921,0
-6.9,35863.7297,0.0386,7237.81,059003.000185,059003.000447,0.1724,5B,0.7316,2873.968,0
-6.9,35670.881,0.0382,7754.68,059003.000141,059003.000251,-0.0172,2G,0.4919,27919.199,0
-6.9,35595.2103,0.038,4547.99,059003.000167,059003.000436,0.7493,5G,0.5006,889.931,0
-6.9,35481.1807,0.0882,1181.09,059003.000311,059003.000572,-0.1215,2B,0.3596,578.428,0
-6.9,35171.4499,0.0371,10404.02,059003.000125,059003.000209,-0.0724,2G,0.5274,195619.28,0
-6.9,35170.0006,0.1,26021.14,059003.000455,059003.000569,0.0,2A,0.4422,18764.984,0
-6.9,34977.8883,0.0367,4121.7,059003.000170,059003.000271,0.0074,2A,0.5467,4891.131,0
-6.9,34959.7013,0.0856,1380.71,059003.000172,059003.000437,-0.3666,5G,0.4083,361.759,0
-6.9,34933.6387,0.1,9733.12,059003.000127,059003.000212,0.0216,2G,0.5307,114057.064,0
-6.9,34880.9117,0.0365,4230.07,059003.000165,059003.000268,0.0064,2B,1.1237,1924.284,0
-6.9,34819.1184,0.0364,1432.76,059003.000157,059003.000260,-0.1407,4B,0.7811,862.186,0
-6.9,34708.7195,0.0844,11781.74,059003.000127,059003.000210,0.0442,2A,0.449,15911.252,0
-6.9,34673.612,0.0361,11881.85,059003.000120,059003.000202,0.026,2B,0.5193,6959.912,0
-6.9,34517.5404,0.0358,3079.12,059003.000175,059003.000436,-0.6966,5A,0.5104,5033.474,0
-6.9,34499.2882,0.0357,4637.29,059003.000130,059003.000211,-0.1356,4B,0.3686,1626.148,0
-6.9,34467.6212,0.0357,7782.23,059003.000119,059003.000200,0.0885,3E,3.0332,23.372,0
-6.9,34350.4614,0.0827,4785.03,059003.000156,059003.000258,-0.2241,3B,0.6233,1771.711,0
-6.9,34301.4991,0.0353,9663.94,059003.000165,059003.000266,-0.1611,5A,0.5182,7375.473,0
-6.9,34178.7021,0.0351,8242.79,059003.000187,059003.000298,-0.1126,4B,1.0585,2541.39,0
-6.9,34133.4907,0.035,4986.01,059003.000133,059003.000219,0.0216,2G,0.5891,158701.903,0
-6.9,34133.0601,0.035,6648.52,059003.000125,059003.000204,-0.1284,4G,0.6651,26828.08,0
-6.9,34124.6208,0.0816,33292.13,059003.000133,059003.000218,-0.2528,3C,0.9214,3565.594,0
-6.9,34035.7488,0.5,5070.19,059003.000138,059003.000228,-0.8297,2G,0.5391,858.003,0
-6.9,34035.7488,0.5,5070.19,059003.000187,059003.000447,-0.6874,2A,0.6597,5746.554,0
-6.9,33955.6986,0.0346,3423.93,059003.000130,059003.000207,0.0564,2B,1.203,970.125,0
-6.9,33867.1008,0.5,6940.02,059003.000134,059003.000218,1.1194,3B,0.5608,21720.883,0
-6.9,33765.4202,0.0342,8799.04,059003.000188,059003.000299,0.007,2G,0.5908,155245.603,0
-6.9,33732.4596,0.0342,3534.91,059003.000142,059003.000236,-0.0454,2G,0.6442,66435.15,0
-6.9,33717.8798,0.0796,14166.22,059003.000145,059003.000247,0.1097,2G,0.6474,162462.768,0
-6.9,33711.7919,0.08,159493.69,059003.000132,059003.000214,-0.1438,2B,0.6182,50203.106,0
-6.9,33680.5497,0.0341,10674.61,059003.000160,059003.000262,0.0125,2A,0.3345,12631.948,0
-6.9,33644.0814,0.3285,12508.88,059003.000132,059003.000213,0.2532,2A,0.4633,9495.673,0
-6.9,33587.2823,0.1,35975.11,059003.000182,059003.000286,-0.2117,3A,0.5792,61690.794,0
-6.9,33548.4512,0.0788,12645.11,059003.000145,059003.000244,-0.0432,2B,0.7029,22777.836,0
-6.9,33526.8412,0.5,10863.57,059003.000161,059003.000264,-0.2776,2G,0.5184,95169.99,0
-6.9,33440.0097,0.0783,5478.98,059003.000241,059003.000323,0.0995,2G,0.5961,1182.158,0
-6.9,33414.5183,0.0335,3661.31,059003.000454,059003.000566,-0.0031,2A,0.4153,3566.776,0
-6.9,33394.4293,0.0335,7335.88,059003.000190,059003.000447,-0.1256,4G,0.6469,33614.317,0
-6.9,33281.1795,0.08,277660.22,059003.000192,059003.000302,0.7649,5G,0.5169,55857.479,0
-6.9,33268.9592,0.5,16674.74,059003.000165,059003.000265,-0.9135,2A,0.5921,15907.419,0
-6.9,33149.461,0.1,186746.52,059003.000161,059003.000262,-0.2504,3A,0.5039,297943.757,0
-6.9,33110.2879,1.04,37431.99,059003.000149,059003.000245,-1.1919,2G,0.4982,220732.84,0
-6.9,33080.7903,0.0329,9372.43,059003.000182,059003.000283,0.0552,2A,0.4996,11490.811,0
-6.9,33065.1289,0.0766,3751.87,059003.000320,059003.000517,-0.0095,2B,0.5954,1056.457,0
-6.9,33065.1289,0.0766,3751.87,059003.000327,059003.000521,-0.0002,2G,0.5872,143.207,0
-6.9,33045.4381,0.0328,1877.68,059003.000328,059003.000523,0.0003,2A,0.5655,1439.987,0
-6.9,33032.5485,0.0764,13151.45,059003.000120,059003.000197,0.0214,2B,0.3817,5176.418,0
-6.9,33027.9711,0.0327,5637.47,059003.000316,059003.000511,-0.0004,2B,0.5718,1902.853,0
-6.9,32986.8393,0.0327,11294.13,059003.000140,059003.000228,0.1162,4G,0.5307,110828.439,0
-6.9,32978.9899,0.3156,3765.84,059003.000129,059003.000203,0.7599,3C,0.974,532.052,0
-6.9,32953.0881,0.1,16962.19,059003.000125,059003.000199,0.2538,3G,0.4904,307364.022,0
-6.9,32950.8019,0.1,188483.67,059003.000149,059003.000433,-0.0709,2A,0.511,120573.032,0
-6.9,32919.2813,0.0325,5660.28,059003.000180,059003.000279,-0.2483,5A,0.3912,7726.156,0
-6.9,32904.078,0.0325,3775.21,059003.000339,059003.000530,0.0008,2B,0.5431,1504.348,0
-6.9,32845.7402,0.0756,7561.39,059003.000146,059003.000239,0.0133,2G,0.5068,59854.413,0
-6.9,32837.539,0.0324,1890.67,059003.000191,059003.000446,-0.011,2B,0.9951,691.484,0
-6.9,32828.8104,0.0755,3781.99,059003.000147,059003.000240,-0.3624,5C,1.2004,439.536,0
-6.9,32799.7399,0.0323,7567.79,059003.000187,059003.000294,-0.0125,2B,0.5178,15169.748,0
-6.9,32770.2592,0.5,15141.67,059003.000192,059003.000449,-0.3116,2B,0.5081,32807.754,0
-6.9,32770.2592,0.5,15141.67,059003.000154,059003.000252,1.1455,3G,0.6001,3449.897,0
-6.9,32716.6387,0.0321,9467.85,059003.000167,059003.000263,0.1454,5B,0.5274,22659.26,0
-6.9,32688.2479,0.0321,1893.75,059003.000552,059003.000538,0.0001,2A,0.5358,1723.659,0
-6.9,32622.3514,0.0319,1893.43,059003.000313,059003.000572,-0.0141,2A,0.4887,1271.061,0
-6.9,32428.5413,0.0316,5659.52,059003.000140,059003.000432,-0.0282,2G,0.4544,33828.157,0
-6.9,32375.7703,0.4,1883.08,059003.000146,059003.000237,0.9234,3A,0.5942,3063.285,0
-6.9,32367.391,0.0315,5647.42,059003.000146,059003.000236,0.1841,5A,0.2803,7281.759,0
-6.9,32257.6888,0.08,5619.11,059003.000187,059003.000293,0.1606,3A,0.5339,7185.92,0
-6.9,32101.4124,0.0309,7419.09,059003.000139,059003.000219,-0.0227,2G,0.533,26896.985,0
-6.9,31616.2012,0.1,12346.58,059003.000190,059003.000293,0.5543,5A,0.4765,10037.897,0
-6.9,31384.7526,0.2859,8518.91,059003.000139,059003.000213,-0.2348,2G,0.621,35122.824,0
-6.9,31237.0493,0.0293,3321.15,059003.000161,059003.000255,0.0405,2B,0.8432,6627.045,0
-6.9,30975.6582,0.08,1575.94,059003.000185,059003.000444,0.3128,4B,0.5253,675.158,0
-6.9,30655.0695,0.0282,1460.5,059003.000171,059003.000257,-0.0204,2B,1.1612,584.102,0
-6.9,30508.06,0.0652,1404.28,059003.000180,059003.000273,-0.1063,2B,1.2646,408.776,0
-6.9,30404.9403,0.1,2727.85,059003.000167,059003.000253,-0.0188,2B,1.255,496.792,0
-6.9,30343.6528,0.1,5358.57,059003.000188,059003.000291,0.1464,2G,0.5225,50681.406,0
-6.9,29832.9088,0.0267,6795.96,059003.000146,059003.000218,-0.0632,3G,0.5672,1786.406,0
-6.9,29717.5007,0.0265,7599.94,059003.000183,059003.000274,0.0797,4B,1.2054,3134.095,0
-6.9,29701.1087,0.0265,5395.28,059003.000189,059003.000289,-0.0002,2G,0.5247,72149.213,0
-6.9,29578.0108,0.08,51467.62,059003.000145,059003.000216,-0.0386,2G,0.4945,195393.79,0
-6.9,29537.7079,0.0611,5065.93,059003.000164,059003.000241,-0.0225,2B,1.3892,1179.796,0
-6.9,29513.0516,0.0262,1003.33,059003.000187,059003.000287,0.0031,2G,0.5144,19688.914,0
-6.9,29501.7091,0.0261,998.8,059003.000154,059003.000226,-0.0795,4D,2.5683,143.518,0
-6.9,29430.4602,0.0607,582296.3,059003.000133,059003.000196,0.1355,4B,0.5095,341379.997,0
-6.9,29276.5311,0.06,910.22,059003.000154,059003.000223,-0.1265,3A,0.4109,974.943,0
-6.9,28975.4112,0.0252,3983.65,059003.000051,059003.000179,-0.0029,2G,0.6459,880.332,0
-6.9,28297.883,0.0561,1140.19,059003.000182,059003.000270,0.1967,4E,2.2255,17.342,0
-6.9,28008.7219,0.0236,975.26,059003.000185,059003.000440,-0.0041,2G,0.688,154.443,0
-6.9,27943.1809,0.0234,4231.75,059003.000148,059003.000208,-0.0414,2B,0.5046,7242.371,0
-6.9,27828.5599,0.0233,1763.27,059003.000167,059003.000231,-0.0179,2G,0.6435,403.997,0
-6.9,27676.1402,0.023,403.94,059003.000439,059003.000333,-0.0136,2B,0.6028,139.55,0
-6.9,27439.8613,0.0226,2109.88,059003.000190,059003.000280,0.0745,4A,0.4924,2171.976,0
-6.9,27361.7278,0.0225,3020.62,059003.000166,059003.000226,-0.0006,2B,1.191,3492.439,0
-6.9,27350.6283,0.0225,2667.19,059003.000192,059003.000444,-0.0247,2A,0.4608,3119.705,0
-6.9,27258.6611,0.0223,315.43,059003.000284,059003.000552,0.0827,4B,0.5553,562.084,0
-6.9,27234.9311,0.0223,621.86,059003.000145,059003.000202,-0.0139,2B,1.4433,136.456,0
-6.9,27180.3618,0.0222,300.79,059003.000166,059003.000225,-0.1027,5G,0.8852,8612.64,0
-6.9,27172.9198,0.1,8982.96,059003.000154,059003.000212,-0.0244,2B,0.3817,3094.862,0
-6.9,27150.9099,0.0221,295.44,059003.000065,059003.000183,0.0723,4A,0.3251,382.905,0
-6.9,26975.7499,0.0218,265.3,059003.000552,059003.000425,0.0038,2B,0.3648,154.533,0
-6.9,26972.1388,0.0218,264.71,059003.000276,059003.000326,0.0257,2G,0.4421,80.755,0
-6.9,26484.2731,0.0211,195.14,059003.000160,059003.000216,-0.0612,3B,0.5884,365.879,0
-6.9,26283.7788,0.0484,171.98,059003.000192,059003.000280,-0.3178,5B,0.4913,526.947,0
-6.9,26165.6625,0.0206,1277.33,059003.000164,059003.000219,-0.0126,2A,0.3852,1277.519,0
-6.9,26151.0829,0.0205,1265.68,059003.000183,059003.000265,0.0059,2B,0.5215,743.181,0
-6.9,25993.1696,0.0473,716.53,059003.000312,059003.000566,0.0205,2G,0.4455,211.883,0
-6.9,25888.312,0.047,536.99,059003.000188,059003.000441,0.1849,4G,0.477,9257.711,0
-6.9,25816.5093,0.02,256.82,059003.000363,059003.000616,-0.0031,2G,0.4492,53.938,0
-6.9,25780.8794,0.02,376.85,059003.000037,059003.000153,-0.0355,2B,0.8867,395.181,0
-6.9,25767.3775,0.0199,249.15,059003.000035,059003.000150,0.022,2G,0.4262,791.563,0
-6.9,25488.8891,0.0195,631.18,059003.000123,059003.000193,-0.0137,2G,0.2661,213.225,0
-6.9,25125.2381,0.019,681.34,059003.000172,059003.000218,-0.0042,2A,0.3079,840.124,0
-6.9,25117.2025,0.0189,1695.69,059003.000164,059003.000212,-0.006,2G,0.4453,6607.157,0
-6.9,25110.6511,0.0189,337.89,059003.000282,059003.000333,0.0271,2B,0.5364,181.168,0
-6.9,25096.9325,0.0189,502.97,059003.000191,059003.000440,0.0024,2B,0.4851,194.883,0
-6.9,24664.4726,0.0183,133.48,059003.000045,059003.000169,0.009,2C,1.0473,13.084,0
-6.9,24489.5614,0.018,429.92,059003.000032,059003.000120,0.001,2G,0.6123,2121.439,0
-6.9,24470.2013,0.018,60.88,059003.000001,059003.000105,0.0003,2B,0.5232,26.518,0
-6.9,24260.5537,0.0177,111.27,059003.000055,059003.000177,-0.1966,5G,0.5985,3225.807,0
-6.9,24165.091,0.0175,107.17,059003.000374,059003.000621,0.0013,2B,0.414,213.441,0
-6.9,24104.6712,0.0407,314.37,059003.000349,059003.000579,-0.0744,2B,0.4077,486.434,0
-6.9,24100.8175,0.0407,523.22,059003.000374,059003.000615,0.0,2G,0.4089,4765.196,0
-6.9,24099.8875,0.0407,418.44,059003.000349,059003.000578,0.0744,2B,0.4057,1169.201,0
-6.9,24093.2725,0.0174,156.54,059003.000350,059003.000582,0.0034,2G,0.4093,1533.628,0
-6.9,24085.513,0.0174,780.52,059003.000161,059003.000204,0.015,2A,0.4471,661.099,0
-6.9,24080.8004,0.0174,155.84,059003.000393,059003.000622,-0.0033,2G,0.4608,1406.307,0
-6.9,24068.2484,0.0174,413.73,059003.000350,059003.000581,-0.004,2G,0.4078,2213.494,0
-6.9,24063.97,0.0174,1032.76,059003.000374,059003.000608,-0.006,2G,0.4059,253.017,0
-6.9,23931.8187,0.0172,49.42,059003.000360,059003.000597,0.0324,2B,0.4112,18.954,0
-6.9,23927.8474,0.0172,98.71,059003.000360,059003.000596,0.0507,3G,0.4072,1574.973,0
-6.9,23911.127,0.0172,7365.07,059003.000360,059003.000592,-0.0826,5G,0.4023,1712.871,0
-6.9,23898.6518,0.0171,342.4,059003.000351,059003.000583,-0.0005,2B,0.4083,793.325,0
-6.9,23881.8766,0.0171,243.35,059003.000181,059003.000255,-0.0143,2G,0.6573,45.469,0
-6.9,23857.3031,0.0171,48.32,059003.000164,059003.000205,-0.0113,2G,0.443,953.173,0
-6.9,23805.5897,0.017,333.37,059003.000053,059003.000174,-0.0597,4E,1.6436,11.566,0
-6.9,23799.652,0.0397,95.1,059003.000291,059003.000336,-0.1246,4A,0.3633,98.096,0
-6.9,23787.883,0.017,142.19,059003.000361,059003.000595,-0.1358,5G,0.3992,1464.516,0
-6.9,23774.4872,0.017,708.47,059003.000154,059003.000197,0.0241,2B,0.4767,1728.901,0
-6.9,23739.6833,0.0169,46.81,059003.000170,059003.000207,-0.0003,2G,0.3855,207.325,0
-6.9,23658.6992,0.0168,275.6,059003.000362,059003.000595,-0.0032,2G,0.4031,1462.093,0
-6.9,23587.0765,0.0167,135.78,059003.000192,059003.000275,-0.0178,2B,1.4715,45.694,0
-6.9,23573.8587,0.0167,90.29,059003.000363,059003.000598,-0.0,2G,0.4043,884.742,0
-6.9,23567.7588,0.0167,360.76,059003.000471,059003.000607,0.0798,5B,0.5535,183.95,0
-6.9,23546.3264,0.0166,1347.6,059003.000352,059003.000583,0.0004,2B,0.397,663.694,0
-6.9,23539.6405,0.0388,448.67,059003.000164,059003.000203,0.0532,2G,0.4444,1472.226,0
-6.9,23524.432,0.0166,223.75,059003.000352,059003.000580,0.0855,5G,0.4023,1375.064,0
-6.9,23513.1676,0.0166,89.33,059003.000158,059003.000198,0.004,2B,0.7779,27.945,0
-6.9,23503.4274,0.0166,401.37,059003.000377,059003.000613,-0.147,5A,0.4975,470.666,0
-6.9,23477.6515,0.0166,1110.5,059003.000353,059003.000580,-0.0024,2B,0.3934,1787.385,0
-6.9,23426.9975,0.0165,264.66,059003.000180,059003.000433,-0.0907,5A,0.56,344.83,0
-6.9,23419.2533,0.0165,220.33,059003.000378,059003.000613,0.1449,5B,0.3954,431.789,0
-6.9,23417.3283,0.0165,881.12,059003.000378,059003.000614,0.0002,2B,0.4123,308.775,0
-6.9,23412.1979,0.0165,440.28,059003.000364,059003.000596,0.0009,2A,0.4266,288.23,0
-6.9,23394.983,0.0164,87.88,059003.000378,059003.000612,-0.1439,5G,0.4161,1176.997,0
-6.9,23384.5911,0.0164,219.44,059003.000061,059003.000178,0.0079,2G,0.5641,4180.085,0
-6.9,23384.1164,0.0164,175.54,059003.000379,059003.000609,-0.1259,5G,0.4112,1077.994,0
-6.9,23381.6521,0.0164,87.75,059003.000354,059003.000590,0.0818,5G,0.4276,18.902,0
-6.9,23378.497,0.0164,350.87,059003.000379,059003.000608,0.1626,5B,0.3905,814.645,0
-6.9,23372.6499,0.0164,262.99,059003.000381,059003.000618,-0.1414,5A,0.5562,299.738,0
-6.9,23344.6834,0.0164,174.85,059003.000381,059003.000617,-0.0005,2G,0.4279,641.43,0
-6.9,23298.0884,0.0163,348.37,059003.000381,059003.000612,0.1415,5B,0.4994,715.532,0
-6.9,23258.9472,0.0162,347.53,059003.000400,059003.000622,0.0019,2A,0.396,401.26,0
-6.9,23231.1283,0.0162,43.39,059003.000186,059003.000264,0.0099,2G,0.4319,686.726,0
-6.9,23226.0725,0.048,1301.31,059003.000307,059003.000563,0.085,2B,0.4456,777.048,0
-6.9,23212.6207,0.0378,390.21,059003.000355,059003.000587,0.0049,2B,0.4011,820.187,0
-6.9,23159.6282,0.0161,43.32,059003.000356,059003.000590,-0.0808,5A,0.4001,41.823,0
-6.9,23138.6616,0.0161,129.95,059003.000357,059003.000588,0.0008,2G,0.398,414.403,0
-6.9,23135.7479,0.0161,129.95,059003.000185,059003.000261,-0.0219,2B,0.3508,197.553,0
-6.9,23126.1573,0.0161,43.32,059003.000383,059003.000610,0.2247,5G,0.4104,354.158,0
-6.9,23115.4335,0.016,1083.19,059003.000383,059003.000608,-0.1552,5B,0.4039,499.395,0
-6.9,23104.3424,0.0374,86.67,059003.000056,059003.000176,0.1802,5B,1.271,21.043,0
-6.9,23103.1935,0.016,173.35,059003.000356,059003.000584,-0.0,2G,0.4131,721.391,0
-6.9,23074.8787,0.016,173.5,059003.000384,059003.000618,0.0958,5B,0.411,88.749,0
-6.9,23069.5503,0.016,173.54,059003.000356,059003.000579,0.0827,5G,0.3923,51.4,0
-6.9,23056.279,0.6332,390.7,059003.000357,059003.000581,-1.0233,2G,0.4089,117.775,0
-6.9,23003.3812,0.0371,217.76,059003.000448,059003.000558,-0.0409,2E,2.0184,5.184,0
-6.9,23000.6807,0.0159,304.93,059003.000179,059003.000238,0.0359,3C,1.332,25.797,0
-6.9,22994.4608,0.0159,1089.57,059003.000182,059003.000248,-0.0204,2A,0.4562,1180.4,0
-6.9,22992.3603,0.0159,174.36,059003.000368,059003.000602,0.1039,5B,0.4392,488.545,0
-6.9,22987.6372,0.0159,392.47,059003.000367,059003.000599,0.2223,5G,0.3922,1785.498,0
-6.9,22963.7815,0.0158,349.62,059003.000368,059003.000600,-0.0528,4A,0.4011,441.022,0
-6.9,22958.8318,0.0158,218.62,059003.000358,059003.000586,0.0224,2G,0.4037,883.962,0
-6.9,22952.5673,0.0158,2625.08,059003.000171,059003.000206,0.0146,2B,0.4185,1147.474,0
-6.9,22950.942,0.0369,175.03,059003.000189,059003.000269,-0.0218,2B,0.4793,60.751,0
-6.9,22943.3839,0.0158,43.79,059003.000474,059003.000614,-0.0002,2B,0.4142,17.582,0
-6.9,22940.9781,0.0158,1314.16,059003.000368,059003.000597,-0.0274,2B,0.4324,590.479,0
-6.9,22924.5226,0.0158,175.55,059003.000369,059003.000601,0.0,2G,0.4991,47.723,0
-6.9,22884.041,0.0157,397.09,059003.000458,059003.000581,-0.1069,5G,0.4296,102.377,0
-6.9,22884.041,0.0157,397.09,059003.000369,059003.000594,0.0445,3B,0.4488,671.454,0
-6.9,22867.5486,0.0157,132.68,059003.000385,059003.000611,-0.1547,5G,0.3916,831.031,0
-6.9,22867.5486,0.0157,132.68,059003.000182,059003.000435,-0.0972,5A,0.5383,141.29,0
-6.9,22859.3664,0.0157,398.56,059003.000386,059003.000619,0.0554,4G,0.4216,115.893,0
-6.9,22851.2366,0.0157,44.34,059003.000386,059003.000618,0.0359,3G,0.4105,289.582,0
-6.9,22828.2106,0.0156,178.05,059003.000183,059003.000435,0.0049,2A,0.6248,174.003,0
-6.9,22823.0011,0.0156,356.43,059003.000386,059003.000617,-0.0922,5B,0.3956,224.534,0
-6.9,22818.674,0.07,4012.97,059003.000372,059003.000606,0.0,2A,0.3948,4520.363,0
-6.9,22815.2885,0.0156,178.46,059003.000371,059003.000604,0.0931,5B,0.3825,425.186,0
-6.9,22814.0796,0.0365,133.88,059003.000371,059003.000603,-0.0373,2B,0.5001,69.738,0
-6.9,22812.9431,0.0365,133.91,059003.000370,059003.000600,0.1469,5B,0.4476,254.794,0
-6.9,22794.0719,0.0156,44.8,059003.000371,059003.000602,-0.0867,5B,1.3448,141.068,0
-6.9,22793.5271,0.0156,134.4,059003.000186,059003.000261,0.0211,2B,0.3914,383.083,0
-6.9,22768.9308,0.0156,180.1,059003.000043,059003.000155,-0.0156,2G,0.6511,2722.179,0
-6.9,22768.2882,0.0156,225.15,059003.000476,059003.000617,0.0943,5D,2.3661,8.263,0
-6.9,22757.7971,0.0363,1353.95,059003.000372,059003.000599,0.0286,2B,0.3937,589.379,0
-6.9,22720.731,0.0362,227.58,059003.000406,059003.000622,0.0047,2G,0.3877,968.729,0
-6.9,22711.0932,0.0155,912.46,059003.000373,059003.000602,-0.0153,2B,1.3541,176.234,0
-6.9,22708.9371,0.0155,273.88,059003.000461,059003.000589,-0.0,2B,0.3962,125.282,0
-6.9,22708.4674,0.0155,182.61,059003.000460,059003.000588,-0.0043,2B,0.3952,468.059,0
-6.9,22703.0797,0.0155,91.43,059003.000467,059003.000593,-0.0455,3G,0.4828,713.852,0
-6.9,22702.4912,0.0155,137.16,059003.000476,059003.000607,-0.0687,5B,1.1004,110.56,0
-6.9,22701.222,0.0361,320.15,059003.000467,059003.000594,-0.1766,5B,0.4722,937.753,0
-6.9,22698.3438,0.0361,137.31,059003.000052,059003.000166,-0.1488,5G,0.6139,2227.648,0
-6.9,22696.3085,0.0361,91.58,059003.000461,059003.000587,0.0039,2B,0.396,244.427,0
-6.9,22682.7103,0.0154,275.73,059003.000373,059003.000600,0.0239,2A,0.3935,288.516,0
-6.9,22679.2667,0.0154,183.99,059003.000460,059003.000585,-0.0,2G,0.4052,36.932,0
-6.9,22673.2864,0.0154,322.49,059003.000468,059003.000596,-0.0417,3B,0.7081,505.806,0
-6.9,22658.4468,0.0154,92.52,059003.000468,059003.000593,0.0451,3G,0.5601,405.696,0
-6.9,22594.8667,0.0153,330.07,059003.000387,059003.000616,0.0018,2B,0.4067,724.45,0
-6.9,22580.5275,0.0153,378.99,059003.000462,059003.000588,0.0034,2B,0.3775,233.8,0
-6.9,22577.4235,0.0357,379.38,059003.000462,059003.000587,-0.0082,2A,0.397,333.37,0
-6.9,22561.4107,0.0153,286.09,059003.000387,059003.000611,0.107,5A,0.384,312.366,0
-6.9,22559.1696,0.0153,238.59,059003.000387,059003.000610,-0.2172,5G,0.385,2477.601,0
-6.9,22555.0597,0.0153,47.79,059003.000387,059003.000609,0.109,5G,0.4041,417.497,0
-6.9,22544.4324,0.0356,959.31,059003.000124,059003.000188,0.1825,5G,0.3274,198.306,0
-6.9,22541.4074,0.0153,384.14,059003.000388,059003.000617,-0.0025,2G,0.4502,117.672,0
-6.9,22524.1798,0.0152,386.55,059003.000462,059003.000582,-0.0026,2B,0.404,834.017,0
-6.9,22412.6873,0.0151,138.69,059003.000359,059003.000581,0.0053,2G,0.3878,1131.952,0
-6.9,22409.6101,0.0151,52.06,059003.000359,059003.000580,-0.0656,5G,0.415,698.077,0
-6.9,22403.2128,0.0151,2087.25,059003.000359,059003.000578,-0.0113,2A,0.381,1780.074,0
-6.9,22391.0686,0.0351,104.82,059003.000448,059003.000345,0.1072,4A,0.328,98.019,0
-6.9,22316.4432,0.066,125.99,059003.000390,059003.000610,0.2569,4B,0.3992,42.837,0
-6.9,22259.7429,0.0149,55.4,059003.000055,059003.000167,0.1381,5G,0.6832,1469.621,0
-6.9,22203.6866,0.0148,56.97,059003.000184,059003.000250,-0.0014,2B,1.5275,6.27,0
-6.9,22085.6433,0.0342,101.48,059003.000061,059003.000171,-0.0352,2G,0.8341,1789.216,0
-6.9,21975.6007,0.0145,174.29,059003.000298,059003.000551,-0.0386,3G,1.6054,5.872,0
-6.9,21969.329,0.0145,131.28,059003.000161,059003.000197,-0.0163,2A,0.3762,121.927,0
-6.9,21941.8222,0.0145,44.6,059003.000043,059003.000151,0.0036,2G,0.4817,9.671,0
-6.9,21841.833,0.0334,23.99,059003.000392,059003.000619,-0.2514,5G,0.3868,250.892,0
-6.9,21840.297,0.0143,48.04,059003.000135,059003.000193,0.0073,2G,0.8918,726.731,0
-6.9,21786.5414,0.0143,50.08,059003.000375,059003.000599,-0.1838,5A,0.4055,60.247,0
-6.9,21755.6717,0.0142,128.33,059003.000001,059003.000084,-0.0167,2A,0.6021,171.5,0
-6.9,21754.0038,0.0142,154.2,059003.000375,059003.000595,0.0973,5B,0.44,91.201,0
-6.9,21566.584,0.014,90.42,059003.000048,059003.000158,-0.01,2B,1.3979,421.382,0
-6.9,21539.6782,0.0139,30.88,059003.000393,059003.000608,0.0037,2A,0.3954,27.12,0
-6.9,21427.0179,0.0138,308.25,059003.000430,059003.000192,0.016,2G,0.3864,102.228,0
-6.9,21405.8587,0.0321,69.88,059003.000301,059003.000552,0.0431,2G,0.2969,16.147,0
-6.9,21204.3029,0.0135,169.93,059003.000457,059003.000566,-0.0012,2A,0.4752,160.65,0
-6.9,21159.9874,0.0134,177.58,059003.000068,059003.000176,-0.0079,2B,0.5819,413.291,0
-6.9,21142.8627,0.0134,90.32,059003.000379,059003.000592,0.0505,4A,0.3781,118.147,0
-6.9,20972.0204,0.0132,53.62,059003.000040,059003.000141,-0.0021,2G,0.6397,653.9,0
-6.9,20960.4527,0.0132,54.25,059003.000035,059003.000134,-0.0085,2B,1.0929,213.724,0
-6.9,20841.6723,0.013,61.15,059003.000384,059003.000604,-0.0648,5G,0.396,15.194,0
-6.9,20826.5064,0.0304,62.09,059003.000368,059003.000586,-0.0827,3G,0.4666,19.11,0
-6.9,20747.7295,0.0302,537.32,059003.000032,059003.000096,-0.0466,2A,0.5812,457.426,0
-6.9,20730.7623,0.0301,68.3,059003.000369,059003.000579,-0.2531,5A,0.4053,69.872,0
-6.9,20546.1003,0.0127,4904.03,059003.000032,059003.000093,0.009,2A,0.5651,6058.85,0
-6.9,20116.4223,0.0122,237.45,059003.000181,059003.000223,0.0004,2G,0.4009,67.445,0
-6.9,19492.121,0.0114,1677.41,059003.000039,059003.000135,-0.0016,2B,0.5449,2926.177,0
-6.9,19244.3635,0.0111,351.33,059003.000077,059003.000175,-0.072,5B,0.4825,140.195,0
-6.9,19054.0801,0.0109,174.59,059003.000352,059003.000574,-0.0377,4B,0.6181,51.998,0
-6.9,18338.757,0.0101,6040.4,059003.000032,059003.000079,-0.0005,2A,0.5823,4562.388,0
-6.9,18322.4129,0.0101,238.1,059003.000404,059003.000603,0.003,2G,1.571,8.81,0
-6.9,18099.4448,0.0098,95.13,059003.000187,059003.000433,0.0074,2B,0.4616,41.843,0
-6.9,17989.1535,0.0097,251.58,059003.000065,059003.000157,-0.0336,4A,0.5531,309.862,0
-6.9,17982.6902,0.0097,665.76,059003.000117,059003.000180,-0.0573,5A,0.4397,737.786,0
-6.9,17937.7361,0.0097,78.84,059003.000467,059003.000576,0.0303,4B,1.2296,453.709,0
-6.9,17931.8594,0.0097,313.12,059003.000080,059003.000169,-0.0008,2B,0.4423,917.129,0
-6.9,17929.198,0.0097,702.23,059003.000458,059003.000572,0.0058,2B,0.9767,172.628,0
-6.9,17910.7938,0.0096,686.55,059003.000031,059003.000069,-0.0011,2G,0.5856,3464.508,0
-6.9,17880.7708,0.0096,293.97,059003.000058,059003.000148,0.0,2B,1.1362,258.109,0
-6.9,17694.6822,0.0094,57.79,059003.000077,059003.000162,0.0585,5A,0.6023,100.57,0
-6.9,17587.3763,0.0093,450.72,059003.000458,059003.000419,-0.0041,2A,0.5576,287.241,0
-6.9,17574.0433,0.0093,147.58,059003.000385,059003.000427,0.0332,4B,0.7008,52.951,0
-6.9,17418.2438,0.0091,39.97,059003.000370,059003.000420,-0.0503,5B,1.544,37.733,0
-6.9,17364.2867,0.0091,74.52,059003.000043,059003.000135,0.0036,2G,0.4519,1024.993,0
-6.9,17340.4917,0.009,542.05,059003.000040,059003.000131,-0.0043,2G,0.535,11631.544,0
-6.9,17300.6239,0.009,34.36,059003.000494,059003.000618,0.0004,2B,0.3516,15.402,0
-6.9,17188.2277,0.0089,60.0,059003.000186,059003.000224,0.0211,3C,0.7057,8.824,0
-6.9,17165.5085,0.0088,29.23,059003.000361,059003.000574,0.0367,5B,0.3607,12.259,0
-6.9,17139.1196,0.0088,28.38,059003.000321,059003.000486,0.0003,2A,0.4247,23.477,0
-6.9,17137.7761,0.0088,28.34,059003.000319,059003.000402,0.0012,2B,0.7867,12.145,0
-6.9,17079.4239,0.0088,186.51,059003.000122,059003.000179,0.0389,5B,0.4478,496.457,0
-6.9,17016.8115,0.0087,150.45,059003.000191,059003.000243,-0.0009,2G,0.6367,25.083,0
-6.9,17015.023,0.0087,50.07,059003.000465,059003.000575,-0.0,2G,0.8892,2210.774,0
-6.9,16989.3429,0.0087,73.4,059003.000375,059003.000576,-0.0144,2D,2.0202,5.155,0
-6.9,16963.5932,0.0086,23.94,059003.000306,059003.000345,-0.0016,2B,0.3417,9.061,0
-6.9,16958.3835,0.0202,214.52,059003.000136,059003.000186,-0.0003,2G,0.5156,2212.924,0
-6.9,16767.6546,0.0084,127.65,059003.000040,059003.000129,-0.0039,2B,1.5754,126.714,0
-6.9,16761.5358,0.0084,191.07,059003.000471,059003.000577,0.0,2B,0.9639,70.016,0
-6.9,16757.4833,0.0084,21.2,059003.000068,059003.000150,-0.0002,2G,0.2782,172.335,0
-6.9,16727.4629,0.0084,147.19,059003.000465,059003.000574,-0.0107,2B,0.8648,570.122,0
-6.9,16692.3687,0.0084,62.7,059003.000469,059003.000576,-0.0093,2B,0.8597,99.688,0
-6.9,16675.0003,0.0084,20.87,059003.000464,059003.000573,0.0,2G,0.9343,428.873,0
-6.9,16562.4968,0.0192,212.21,059003.000056,059003.000142,0.0296,2G,0.2927,69.695,0
-6.9,16462.0738,0.019,27.85,059003.000303,059003.000543,0.0,2D,1.7011,13.544,0
-6.9,16426.0486,0.0081,29.07,059003.000542,059003.000402,-0.0004,2A,0.6255,25.298,0
-6.9,16407.1999,0.0189,89.09,059003.000095,059003.000174,0.0164,2G,0.2904,314.273,0
-6.9,16402.0596,0.0081,149.34,059003.000375,059003.000420,0.0403,5E,1.8806,3.241,0
-6.9,16301.8796,0.008,297.47,059003.000192,059003.000433,0.0137,2G,0.4107,94.126,0
-6.9,16272.6061,0.008,237.46,059003.000463,059003.000419,0.003,2A,0.5265,258.045,0
-6.9,16245.7511,0.0079,173.47,059003.000465,059003.000572,-0.002,2C,0.9366,25.613,0
-6.9,16191.9732,0.0184,36.15,059003.000098,059003.000174,0.0538,3A,0.4301,25.768,0
-6.9,16182.2888,0.0079,36.39,059003.000430,059003.000184,0.0029,2G,0.6624,185.54,0
-6.9,16171.1622,0.0079,36.67,059003.000463,059003.000571,0.0,2G,0.4985,299.72,0
-6.9,16135.7505,0.0078,150.09,059003.000107,059003.000177,0.0374,5G,0.5055,3023.99,0
-6.9,16125.1122,0.0182,188.82,059003.000469,059003.000421,0.0788,5A,0.5641,274.031,0
-6.9,16120.0484,0.0078,37.88,059003.000480,059003.000427,-0.0235,4B,0.8324,157.714,0
-6.9,16098.1629,0.0078,38.35,059003.000323,059003.000399,-0.0008,2G,0.4733,8.992,0
-6.9,16042.98,0.0077,157.75,059003.000470,059003.000421,-0.0343,5A,0.5263,255.035,0
-6.9,15994.1695,0.0077,80.5,059003.000481,059003.000426,-0.0,2B,0.6217,209.78,0
-6.9,15988.2583,0.0179,80.68,059003.000548,059003.000496,0.0001,2B,0.4724,36.976,0
-6.9,15793.7923,0.0075,126.37,059003.000450,059003.000542,-0.0003,2D,1.7823,25.302,0
-6.9,15729.3515,0.0074,295.54,059003.000472,059003.000421,0.0188,3B,0.8289,239.465,0
-6.9,15656.9873,0.0074,126.16,059003.000094,059003.000168,0.0435,5G,0.5384,973.619,0
-6.9,15549.1182,0.0169,41.3,059003.000330,059003.000488,-0.072,5B,0.4719,13.955,0
-6.9,15549.1182,0.0169,41.3,059003.000048,059003.000134,0.0307,2A,0.3359,31.672,0
-6.9,15486.68,0.0168,81.25,059003.000342,059003.000410,0.0001,2G,0.4664,23.214,0
-6.9,15480.3699,0.0072,40.55,059003.000092,059003.000165,-0.0172,3G,0.3121,9.27,0
-6.9,15479.3237,0.0072,243.2,059003.000068,059003.000144,0.0024,2B,0.5076,636.772,0
-6.9,15464.3576,0.0072,40.34,059003.000342,059003.000409,0.0004,2G,0.5564,7.889,0
-6.9,15451.3176,0.0072,281.19,059003.000092,059003.000163,0.0447,5B,1.5101,35.801,0
-6.9,15366.9708,0.0071,38.9,059003.000191,059003.000229,0.0009,2B,0.4471,14.516,0
-6.9,15341.4988,0.0071,384.78,059003.000032,059003.000064,0.0011,2B,0.5976,854.864,0
-6.9,15083.673,0.0068,1001.64,059003.000094,059003.000162,-0.0343,5B,0.5671,1811.344,0
-6.9,14878.7704,0.0066,1445.98,059003.000034,059003.000101,0.0021,2A,0.6024,1666.381,0
-6.9,14748.2079,0.0065,26.14,059003.000044,059003.000128,0.002,2B,0.8848,12.487,0
-6.9,14701.1519,0.0151,1007.03,059003.000056,059003.000137,-0.0479,4A,0.6232,1532.843,0
-6.9,14577.7554,0.0064,2276.79,059003.000116,059003.000178,0.0003,2G,0.5575,8634.541,0
-6.9,14524.0972,0.0063,21.78,059003.000077,059003.000149,0.0039,2B,0.3378,54.718,0
-6.9,14483.8325,0.0063,21072.7,059003.000109,059003.000171,0.0001,2G,0.6151,4673.459,0
-6.9,14474.4645,0.0063,10455.34,059003.000033,059003.000066,-0.0004,2G,0.6214,87489.211,0
-6.9,14466.5901,0.0147,311.63,059003.000053,059003.000430,0.0278,2B,0.8275,112.911,0
-6.9,14325.8218,0.0062,92.6,059003.000036,059003.000104,-0.0037,2G,0.6029,1142.136,0
-6.9,14213.1445,0.0061,84678.63,059003.000032,059003.000057,-0.0,2A,0.6218,77293.804,0
-6.9,14201.2735,0.0061,83.9,059003.000190,059003.000431,-0.0033,2G,0.4042,17.706,0
-6.9,14167.9512,0.006,81.78,059003.000036,059003.000102,0.0002,2G,0.5872,1917.133,0
-6.9,14114.3801,0.006,314.17,059003.000036,059003.000101,0.0038,2B,0.734,586.638,0
-6.9,14105.5414,0.006,1560.61,059003.000090,059003.000159,-0.0336,5C,0.7064,378.399,0
-6.9,13808.968,0.0057,320.25,059003.000107,059003.000163,-0.02,4G,0.604,4657.349,0
-6.9,13715.3166,0.5,60.85,059003.000043,059003.000123,-0.3534,2G,0.616,229.936,0
-6.9,13606.4635,0.0056,4045.8,059003.000040,059003.000114,0.0026,2A,0.5914,4092.131,0
-6.9,13604.9196,0.0056,577.59,059003.000037,059003.000104,0.0034,2B,0.5682,1736.626,0
-6.9,13593.6718,0.013,3449.01,059003.000090,059003.000157,0.0446,4A,0.5983,2491.598,0
-6.9,13568.0847,0.0055,56.88,059003.000543,059003.000395,-0.0003,2G,0.4811,15.649,0
-6.9,13345.1995,0.0053,2658.45,059003.000077,059003.000143,0.0,2A,0.6117,2684.385,0
-6.9,13311.437,0.0124,52.83,059003.000110,059003.000164,-0.0007,2G,0.6863,1350.913,0
-6.9,13299.0232,0.0124,316.35,059003.000038,059003.000101,-0.0083,2A,0.6308,174.972,0
-6.9,13280.6591,0.0053,105.16,059003.000117,059003.000176,-0.0037,2B,0.827,41.08,0
-6.9,13175.5282,0.0052,104.14,059003.000052,059003.000129,0.0029,2G,0.5653,1679.624,0
-6.9,13103.1566,0.012,1040.88,059003.000065,059003.000137,0.0302,3B,0.614,1949.366,0
-6.9,13080.9015,0.0051,52.09,059003.000033,059003.000059,-0.0001,2B,0.7604,126.404,0
-6.9,13006.5904,0.0051,52.42,059003.000325,059003.000472,0.0086,2G,0.6487,942.829,0
-6.9,13006.1467,0.0051,52.43,059003.000541,059003.000466,0.0065,2G,0.5113,994.11,0
-6.9,12987.2504,0.0118,52.56,059003.000037,059003.000099,0.0017,2G,0.5337,250.792,0
-6.9,12971.9094,0.0051,52.68,059003.000324,059003.000379,-0.0012,2G,0.6528,289.076,0
-6.9,12935.8777,0.005,318.03,059003.000325,059003.000380,-0.0005,2C,1.0032,31.74,0
-6.9,12905.5467,0.005,5333.55,059003.000034,059003.000086,0.0002,2A,0.5853,3949.842,0
-6.9,12890.9653,0.005,53.51,059003.000118,059003.000173,-0.0002,2G,0.6795,1429.831,0
-6.9,12834.4037,0.0049,54.3,059003.000314,059003.000364,-0.0002,2B,0.6597,14.322,0
-6.9,12796.1521,0.0115,329.62,059003.000038,059003.000098,0.0085,2B,0.821,91.906,0
-6.9,12793.98,0.0115,439.8,059003.000037,059003.000097,-0.0012,2G,0.6138,3612.69,0
-6.9,12785.9177,0.0115,2204.8,059003.000335,059003.000480,-0.0513,5G,0.6776,516.37,0
-6.9,12776.1914,0.0114,497.7,059003.000335,059003.000479,0.0315,3G,0.4815,1967.177,0
-6.9,12771.7339,0.0049,55.38,059003.000090,059003.000152,0.0162,4G,0.5879,570.088,0
-6.9,12721.8712,0.0049,169.21,059003.000318,059003.000369,0.0004,2C,1.3932,9.491,0
-6.9,12692.5741,0.0113,57.07,059003.000328,059003.000383,0.0302,3B,0.4934,30.986,0
-6.9,12658.6249,0.0112,115.8,059003.000324,059003.000469,0.0387,4G,0.4598,832.743,0
-6.9,12627.4494,0.0112,293.62,059003.000032,059003.000050,-0.0031,2G,0.6044,4307.857,0
-6.9,12615.5428,0.0112,295.28,059003.000092,059003.000152,-0.0799,5B,0.609,954.548,0
-6.9,12610.8496,0.0048,1183.75,059003.000325,059003.000469,-0.0316,5A,0.4726,1002.383,0
-6.9,12610.8496,0.0048,1183.75,059003.000336,059003.000481,-0.0072,2A,0.4846,1096.298,0
-6.9,12602.3196,0.0111,237.73,059003.000122,059003.000176,0.0139,2G,0.5737,1872.964,0
-6.9,12580.8197,0.5,60.07,059003.000038,059003.000095,-0.0598,2G,0.608,579.01,0
-6.9,12579.7245,0.0048,120.2,059003.000316,059003.000465,-0.0059,2A,0.4928,148.97,0
-6.9,12554.1322,0.011,60.9,059003.000047,059003.000122,-0.0018,2B,0.5716,21.266,0
-6.9,12554.1322,0.011,60.9,059003.000550,059003.000487,0.048,5G,0.374,3.585,0
-6.9,12494.6559,0.0109,566.15,059003.000035,059003.000087,-0.0007,2G,0.5247,4021.857,0
-6.9,12492.3628,0.0047,62.99,059003.000327,059003.000377,0.0107,3E,2.1951,0.926,0
-6.9,12429.793,0.0046,196.05,059003.000328,059003.000379,-0.0053,2A,0.4421,255.262,0
-6.9,12419.6243,0.0046,197.28,059003.000045,059003.000118,0.0001,2B,0.9845,61.564,0
-6.9,12336.0984,0.0046,69.37,059003.000330,059003.000382,-0.0002,2B,1.2835,18.329,0
-6.9,12325.8206,0.0046,69.84,059003.000339,059003.000479,-0.0012,2G,0.455,620.611,0
-6.9,12312.113,0.0046,563.88,059003.000103,059003.000156,0.0002,2G,0.6619,3893.802,0
-6.9,12286.4656,0.0245,5737.9,059003.000103,059003.000154,-0.0003,2C,0.715,1200.245,0
-6.9,12233.6216,0.0045,595.28,059003.000034,059003.000083,-0.0006,2A,0.6564,370.431,0
-6.9,12202.7261,0.0045,380.31,059003.000117,059003.000168,-0.004,2A,0.5927,544.683,0
-6.9,12093.4613,0.0103,658.94,059003.000038,059003.000089,0.0005,2A,0.6223,699.316,0
-6.9,11974.2801,0.0043,89.97,059003.000331,059003.000377,-0.0194,5E,5.16,0.034,0
-6.9,11959.8998,0.0202,90.93,059003.000032,059003.000046,0.0053,2B,1.2562,34.246,0
-6.9,11953.1626,0.0043,365.51,059003.000031,059003.000042,0.0004,2B,0.6312,135.338,0
-6.9,11935.8677,0.01,832.9,059003.000551,059003.000404,0.0031,2E,2.3,7.547,0
-6.9,11892.2327,0.0099,477.61,059003.000546,059003.000479,-0.1251,5B,0.5256,1024.851,0
-6.9,11892.2327,0.0099,477.61,059003.000039,059003.000097,0.0029,2G,0.5759,2035.481,0
-6.9,11867.3302,0.0042,194.48,059003.000331,059003.000471,0.0139,4G,0.4367,49.935,0
-6.9,11828.6984,0.0042,99.92,059003.000331,059003.000470,-0.0105,3G,0.5006,343.757,0
-6.9,11775.1569,0.0042,103.63,059003.000541,059003.000359,-0.0051,2A,0.4213,92.987,0
-6.9,11772.4428,0.0042,103.82,059003.000321,059003.000466,-0.0037,2B,0.5007,41.599,0
-6.9,11770.7305,0.5,103.94,059003.000124,059003.000173,0.4381,2G,0.526,2257.038,0
-6.9,11766.0619,0.0042,104.26,059003.000342,059003.000481,-0.0005,2G,0.4918,359.084,0
-6.9,11758.7227,0.0042,523.83,059003.000330,059003.000469,0.0016,2G,0.5521,134.859,0
-6.9,11746.9924,0.0225,105.57,059003.000118,059003.000165,0.0061,2B,0.4881,50.72,0
-6.9,11746.0584,0.0041,211.27,059003.000044,059003.000112,0.0021,2A,0.561,275.068,0
-6.9,11727.6555,0.0041,962.02,059003.000332,059003.000471,0.0,2A,0.501,991.093,0
-6.9,11691.7323,0.0041,109.31,059003.000342,059003.000394,0.0001,2B,0.9033,64.782,0
-6.9,11673.2533,0.0041,110.53,059003.000094,059003.000147,-0.0938,5A,0.5658,77.418,0
-6.9,11673.2533,0.0041,110.53,059003.000320,059003.000463,0.0,2G,0.5185,632.503,0
-6.9,11625.9161,0.0041,113.55,059003.000322,059003.000365,0.0004,2C,0.998,14.469,0
-6.9,11618.3205,0.0041,456.09,059003.000321,059003.000464,0.0035,2A,0.4885,376.647,0
-6.9,11587.0628,0.004,115.91,059003.000346,059003.000488,0.0012,2G,0.638,29.539,0
-6.9,11551.9927,0.004,117.9,059003.000337,059003.000389,-0.0003,2G,0.4839,33.032,0
-6.9,11524.3133,0.004,835.66,059003.000122,059003.000168,-0.0597,5A,0.6589,707.003,0
-6.9,11524.3133,0.004,835.66,059003.000323,059003.000465,0.0014,2A,0.5043,1018.857,0
-6.9,11509.5382,0.004,120.13,059003.000541,059003.000459,0.0007,2G,0.4426,669.334,0
-6.9,11481.5624,0.004,121.46,059003.000335,059003.000476,0.0023,2B,0.5763,425.961,0
-6.9,11470.8734,0.1,975.46,059003.000103,059003.000151,-0.1355,2B,0.5108,551.974,0
-6.9,11469.1922,0.5269,122.01,059003.000036,059003.000083,-0.0381,2G,0.602,1230.537,0
-6.9,11432.1468,0.0039,123.5,059003.000077,059003.000138,-0.0027,2A,0.6144,96.938,0
-6.9,11400.8901,0.0039,124.56,059003.000322,059003.000464,-0.0024,2B,0.5638,273.744,0
-6.9,11273.7614,0.0038,633.55,059003.000092,059003.000144,0.0016,2B,0.524,253.011,0
-6.9,11230.6528,0.0038,1265.25,059003.000324,059003.000369,-0.0079,3B,0.6245,408.323,0
-6.9,11230.6528,0.0038,1265.25,059003.000548,059003.000480,0.0035,2G,0.6777,186.632,0
-6.9,11057.3695,0.0037,1203.81,059003.000326,059003.000369,0.0008,2E,5.4741,0.087,0
-6.9,11006.4424,0.0036,1168.75,059003.000552,059003.000481,0.0018,2B,0.4841,518.789,0
-6.9,10951.4818,0.0036,561.29,059003.000327,059003.000370,-0.0067,2C,1.5654,45.191,0
-6.9,10722.5081,0.0035,427.93,059003.000034,059003.000539,0.0001,2B,0.6021,1434.642,0
-6.9,10679.6674,0.0034,398.74,059003.000040,059003.000091,0.0004,2C,0.7072,90.537,0
-6.9,10675.7425,0.0034,396.04,059003.000037,059003.000082,0.0,2B,0.7028,325.166,0
-6.9,10658.4154,0.0034,384.07,059003.000551,059003.000392,-0.0092,3B,0.4838,183.024,0
-6.9,10658.4154,0.0034,384.07,059003.000319,059003.000459,-0.0008,2B,0.5394,168.082,0
-6.9,10650.5635,0.0034,378.63,059003.000338,059003.000383,0.0003,2A,0.4676,419.823,0
-6.9,10646.3093,0.0034,375.68,059003.000038,059003.000540,0.0,2G,0.6258,1534.046,0
-6.9,10599.8542,0.0034,343.45,059003.000124,059003.000164,-0.0014,2B,0.7382,401.495,0
-6.9,10587.1812,0.0034,334.68,059003.000329,059003.000468,-0.0,2C,0.9129,54.915,0
-6.9,10576.4215,0.0215,981.81,059003.000558,059003.000403,0.0012,2G,0.4891,189.84,0
-6.9,10505.0876,0.0033,279.09,059003.000126,059003.000169,-0.0005,2B,0.6936,227.26,0
-6.9,10505.0876,0.0033,279.09,059003.000337,059003.000379,0.0229,5A,0.4291,307.165,0
-6.9,10484.5875,0.0033,531.39,059003.000316,059003.000354,0.0028,2G,0.4967,127.138,0
-6.9,10364.3667,0.0032,193.14,059003.000341,059003.000385,0.0001,2C,0.7356,41.78,0
-6.9,10349.9168,0.0032,370.5,059003.000346,059003.000397,-0.0002,2B,0.5181,123.171,0
-6.9,10312.3519,0.0032,165.66,059003.000337,059003.000471,-0.0149,5B,0.5337,69.846,0
-6.9,10312.3519,0.0032,165.66,059003.000560,059003.000488,-0.0043,2G,0.4471,48.14,0
-6.9,10275.7502,0.0032,147.92,059003.000044,059003.000104,-0.005,2B,0.5625,316.812,0
-6.9,10275.7502,0.0032,147.92,059003.000117,059003.000159,0.0413,5B,0.5684,290.491,0
-6.9,10249.0388,0.0032,135.83,059003.000329,059003.000366,0.0005,2B,0.4994,246.21,0
-6.9,10249.0388,0.0032,135.83,059003.000331,059003.000367,0.0179,5G,0.4783,568.665,0
-6.9,10088.7695,0.0031,78.24,059003.000552,059003.000390,0.0006,2G,0.4838,912.78,0
-6.9,10015.2933,0.0134,59.73,059003.000334,059003.000373,0.0072,2B,0.4976,182.558,0
-6.9,9832.5991,0.0029,604.42,059003.000322,059003.000358,0.0011,2G,0.494,158.125,0
6.9,119449.3968,0.5707,8273.29,059003.000045,059003.000513,1.7964,4C,1.31,500.551,0
6.9,119121.3027,0.5675,2720.22,059003.000047,059003.000516,1.3011,3C,0.8457,374.302,0
6.9,118340.884,0.5601,13160.73,059003.000052,059003.000584,-0.8212,2G,0.6471,2177.675,0
6.9,117870.2907,0.5557,2579.88,059003.000053,059003.000512,0.7121,2D,2.0101,147.585,0
6.9,117831.6885,0.5553,2575.62,059003.000062,059003.000521,-0.0222,2C,0.7436,11777.973,0
6.9,117652.4125,0.5536,2555.89,059003.000064,059003.000521,-1.391,3A,0.6612,3886.602,0
6.9,117645.5057,0.5536,2555.14,059003.000054,059003.000515,0.0002,2B,1.2188,2818.666,0
6.9,116908.288,0.5466,2475.0,059003.000082,059003.000535,0.2142,2D,1.7478,166.509,0
6.9,115669.7104,0.5351,2343.83,059003.000057,059003.000502,-0.4193,2B,0.5737,1025.455,0
6.9,114360.4156,0.5231,2209.89,059003.000082,059003.000521,1.2614,3C,0.8214,451.423,0
6.9,114248.3199,0.522,2198.65,059003.000085,059003.000525,-0.6026,2D,1.7495,348.67,0
6.9,114115.9031,0.5208,4370.83,059003.000087,059003.000529,-0.0661,2B,0.7403,4201.837,0
6.9,113805.0142,0.518,2154.53,059003.000108,059003.000536,0.0001,2B,1.2459,494.993,0
6.9,103469.6983,0.4282,2557.21,059003.000131,059003.000506,-0.3793,2B,0.9055,2629.332,0
6.9,103469.6983,0.4282,2557.21,059003.000062,059003.000413,1.2485,3A,0.6092,1560.873,0
6.9,102256.2925,0.4182,4777.33,059003.000064,059003.000408,0.5366,2A,0.6168,4982.815,0
6.9,102256.2925,0.4182,4777.33,059003.000135,059003.000508,1.2142,3C,0.7508,1074.138,0
6.9,102129.2028,0.8343,1185.72,059003.000032,059003.000338,1.3804,2B,1.5973,502.425,0
6.9,101804.675,0.4145,1163.92,059003.000153,059003.000535,-1.1132,3G,0.5881,151.089,0
6.9,101804.675,0.4145,1163.92,059003.000054,059003.000404,-0.1181,2G,0.4966,303.186,0
6.9,101321.6813,0.4106,2263.94,059003.000045,059003.000474,0.2993,2B,0.7059,959.545,0
6.9,100796.1906,0.4063,5489.33,059003.000072,059003.000408,0.4923,2B,0.6374,13033.47,0
6.9,100796.1906,0.4063,5489.33,059003.000062,059003.000487,0.6306,2A,0.6416,3016.41,0
6.9,100598.0873,0.8095,1085.19,059003.000033,059003.000339,0.0001,2D,1.6397,1286.253,0
6.9,100365.6914,0.4029,5352.19,059003.000041,059003.000465,0.7252,2A,0.4424,4649.969,0
6.9,100319.3868,0.805,1067.52,059003.000053,059003.000389,1.4191,2C,0.7128,8815.567,0
6.9,100113.9072,0.4009,10546.1,059003.000080,059003.000493,-0.1102,2G,0.562,1781.054,0
6.9,99971.8062,0.3997,3137.24,059003.000083,059003.000495,-0.0044,2A,0.6202,2718.15,0
6.9,99887.3216,0.7981,20809.98,059003.000050,059003.000379,0.0828,2G,0.6917,4301.683,0
6.9,99884.6249,0.798,52016.58,059003.000079,059003.000410,1.1584,2B,0.5799,15398.176,0
6.9,99582.8031,0.3966,1021.73,059003.000062,059003.000397,-0.251,2B,0.6095,3648.116,0
6.9,99424.6053,0.7907,10120.73,059003.000158,059003.000526,-0.0003,2E,2.5142,117.645,0
6.9,99328.6162,0.3946,3018.72,059003.000085,059003.000493,-0.187,2A,0.6213,2875.455,0
6.9,99303.0942,0.3944,1004.69,059003.000085,059003.000411,0.817,3A,0.5808,1084.616,0
6.9,99303.0942,0.3944,1004.69,059003.000069,059003.000406,1.0322,3D,2.4298,187.372,0
6.9,99185.2039,0.3935,1995.14,059003.000072,059003.000488,-0.0671,2B,0.7212,6138.965,0
6.9,99160.5125,0.3933,2988.25,059003.000069,059003.000405,-0.0288,2B,0.7896,1004.235,0
6.9,98739.9782,0.7799,4854.85,059003.000046,059003.000367,-1.6158,3A,0.5977,8459.609,0
6.9,98739.9782,0.7799,4854.85,059003.000084,059003.000408,-1.3224,2B,0.5863,2226.973,0
6.9,98547.0144,0.3884,2878.77,059003.000131,059003.000416,0.2885,2B,0.6027,6944.838,0
6.9,98512.584,0.3881,7660.55,059003.000047,059003.000366,0.6141,2B,1.5887,1010.956,0
6.9,98496.0877,0.388,956.6,059003.000041,059003.000357,0.0249,2G,0.5999,11433.128,0
6.9,98483.5817,0.3879,4779.34,059003.000146,059003.000508,-0.0328,2G,0.621,1020.772,0
6.9,98305.3278,0.773,18909.24,059003.000060,059003.000385,0.3991,2B,1.3921,8065.763,0
6.9,98297.0231,0.7729,4724.9,059003.000057,059003.000379,-0.6558,2G,0.7342,78897.556,0
6.9,98252.9072,0.7722,1884.83,059003.000060,059003.000474,-0.7115,2B,0.6241,676.706,0
6.9,98047.8238,0.3845,1861.13,059003.000095,059003.000494,0.5079,2B,0.4698,965.71,0
6.9,98041.1093,0.3844,37207.1,059003.000060,059003.000382,-1.0693,3G,0.676,1156.722,0
6.9,98041.1093,0.3844,37207.1,059003.000074,059003.000402,0.8869,3C,0.8231,6819.256,0
6.9,98027.9275,0.3843,4647.1,059003.000070,059003.000480,-0.0203,2B,0.7162,1730.233,0
6.9,97946.327,0.3837,6473.15,059003.000091,059003.000410,-0.9971,3G,0.6138,37420.78,0
6.9,97876.8782,0.3831,920.76,059003.000095,059003.000493,0.3489,2B,0.6045,2894.53,0
6.9,97816.4765,0.3827,1834.63,059003.000073,059003.000398,0.2267,2B,0.6008,3420.066,0
6.9,97694.6164,0.7634,4551.93,059003.000060,059003.000377,-0.2886,2C,0.7154,24036.243,0
6.9,97659.7088,0.3814,9084.08,059003.000081,059003.000491,0.1177,2B,0.6045,18785.938,0
6.9,97651.4111,0.3814,907.94,059003.000093,059003.000409,-0.998,3G,0.6025,4405.962,0
6.9,97643.1141,0.3813,4537.34,059003.000053,059003.000370,0.0715,2D,2.1385,575.763,0
6.9,97643.1141,0.3813,4537.34,059003.000079,059003.000407,0.1194,2B,0.6118,2321.5,0
6.9,97633.7925,0.3812,906.94,059003.000163,059003.000525,-0.8156,3E,1.7021,24.019,0
6.9,97544.7273,0.3805,9019.12,059003.000072,059003.000393,-0.6453,2B,1.2807,20347.294,0
6.9,97478.0063,0.38,3592.63,059003.000151,059003.000506,-0.2675,2B,0.583,1524.691,0
6.9,97472.8905,0.76,8978.7,059003.000096,059003.000410,-0.3974,2A,0.5909,8952.16,0
6.9,97448.9257,0.3798,89652.45,059003.000041,059003.000349,-0.7322,2G,0.5734,348616.126,0
6.9,97441.1808,0.3797,1792.18,059003.000078,059003.000486,0.3888,2B,0.6123,4535.481,0
6.9,97433.3892,0.3797,895.65,059003.000045,059003.000359,-0.5545,2B,1.1926,454.964,0
6.9,97433.3892,0.3797,895.65,059003.000074,059003.000483,0.9284,3A,0.6738,1184.46,0
6.9,97331.6198,0.7578,8899.57,059003.000164,059003.000523,-1.2575,2G,0.4399,633.355,0
6.9,97331.6198,0.7578,8899.57,059003.000101,059003.000495,0.2201,2C,0.6954,1311.149,0
6.9,97331.6198,0.7578,8899.57,059003.000075,059003.000397,1.0105,2B,0.555,3098.901,0
6.9,97173.7054,0.3777,26434.99,059003.000080,059003.000405,0.138,2A,0.5874,35629.734,0
6.9,97161.8082,0.7551,8805.07,059003.000064,059003.000378,-0.02,2G,0.544,95872.313,0
6.9,97151.5148,0.3775,4399.68,059003.000158,059003.000516,-0.144,2A,0.6797,2811.346,0
6.9,97114.5258,0.3772,17557.75,059003.000062,059003.000470,-0.6288,2B,0.9824,5213.828,0
6.9,97114.5258,0.3772,17557.75,059003.000054,059003.000368,-0.4638,2B,0.5712,31540.02,0
6.9,97082.4987,0.3769,2628.35,059003.000064,059003.000377,0.3683,2C,0.7574,22238.812,0
6.9,96805.7796,0.3748,12913.7,059003.000081,059003.000485,0.2597,2C,0.7534,1897.158,0
6.9,96805.7796,0.3748,12913.7,059003.000085,059003.000488,0.9521,3G,0.8403,348.07,0
6.9,96781.4997,0.3746,25787.64,059003.000045,059003.000357,0.0394,2A,0.5909,29515.406,0
6.9,96772.6017,0.3745,4295.51,059003.000080,059003.000484,-0.6636,2B,0.659,12414.573,0
6.9,96751.2781,0.3744,8579.4,059003.000066,059003.000383,0.3103,2G,0.5731,64785.789,0
6.9,96743.2055,0.3743,17150.0,059003.000106,059003.000413,-0.6682,2B,0.5568,8423.608,0
6.9,96734.8907,0.3743,8570.47,059003.000082,059003.000403,-0.545,2G,0.5657,31356.571,0
6.9,96708.02,0.374,5989.1,059003.000083,059003.000404,-0.1137,2B,0.7642,11107.585,0
6.9,96643.5309,0.3735,25562.48,059003.000054,059003.000364,0.2582,2G,0.5905,5233.194,0
6.9,96596.1218,0.3732,8495.14,059003.000106,059003.000411,0.0122,2A,0.5931,12812.683,0
6.9,96589.22,0.3731,16982.81,059003.000071,059003.000387,-0.8421,3A,0.6793,8788.799,0
6.9,96589.22,0.3731,16982.81,059003.000083,059003.000402,-0.1758,2B,0.6149,5709.808,0
6.9,96573.5832,0.373,8482.94,059003.000069,059003.000474,1.0521,3B,0.5507,3197.433,0
6.9,96515.7933,0.7451,33806.93,059003.000084,059003.000403,0.1637,2G,0.5467,6141.689,0
6.9,96515.7933,0.7451,33806.93,059003.000138,059003.000498,1.5273,3A,0.5839,29408.25,0
6.9,96398.7785,0.7433,1677.75,059003.000078,059003.000395,0.3502,2B,0.5735,3824.794,0
6.9,96394.3963,0.3716,4193.21,059003.000154,059003.000504,0.0002,2B,0.6287,10506.989,0
6.9,96250.2183,0.3705,4154.65,059003.000046,059003.000354,0.2708,2G,0.5827,54086.591,0
6.9,96229.8785,0.7407,49790.75,059003.000060,059003.000467,0.5007,2B,0.567,94742.659,0
6.9,96218.1015,0.3703,8292.18,059003.000047,059003.000355,-0.3921,2G,0.5646,57704.036,0
6.9,96147.8981,0.3697,41274.29,059003.000079,059003.000480,-0.0556,2G,0.5004,12369.103,0
6.9,96137.9081,0.3696,16499.11,059003.000075,059003.000389,-0.2971,2B,0.5641,41345.591,0
6.9,96101.0767,0.3694,41150.14,059003.000069,059003.000379,-0.7277,2B,0.5895,81867.432,0
6.9,96044.3962,0.3689,164000.7,059003.000114,059003.000496,-0.2967,2G,0.5598,4345.368,0
6.9,96044.3962,0.3689,164000.7,059003.000070,059003.000378,-0.1744,2G,0.5966,27591.213,0
6.9,96010.7217,0.3687,81822.51,059003.000154,059003.000501,1.0137,3B,0.5059,26640.199,0
6.9,96000.1228,0.3686,81766.59,059003.000111,059003.000493,-0.0665,2G,0.5723,14212.787,0
6.9,95979.5987,0.3684,48995.03,059003.000156,059003.000501,-0.8436,3A,0.6217,43559.447,0
6.9,95973.3188,0.3684,2448.76,059003.000111,059003.000411,-0.3445,2G,0.5616,15059.235,0
6.9,95874.0818,0.3676,8110.36,059003.000066,059003.000375,0.1776,2B,0.5711,24081.444,0
6.9,95795.0963,0.367,2420.7,059003.000062,059003.000467,0.5858,2G,0.6763,39728.881,0
6.9,95709.0075,0.7327,24072.24,059003.000072,059003.000379,-1.0524,2B,0.5956,47568.361,0
6.9,95701.3114,0.3663,3208.03,059003.000063,059003.000373,-0.249,2B,0.5754,10201.516,0
6.9,95653.9049,0.7319,7995.42,059003.000064,059003.000468,0.184,2A,0.597,13954.372,0
6.9,95653.9049,0.7319,7995.42,059003.000049,059003.000354,0.5869,2G,0.5635,96057.721,0
6.9,95630.6879,0.3658,3991.68,059003.000084,059003.000480,-0.0622,2B,1.0467,10441.627,0
6.9,95618.3191,0.3657,7976.94,059003.000075,059003.000385,0.7025,2B,0.7733,14924.537,0
6.9,95559.5951,0.3652,794.65,059003.000161,059003.000513,-0.7357,3B,0.6467,2752.732,0
6.9,95523.2816,0.3649,2378.33,059003.000088,059003.000403,0.3848,2C,0.8908,477.069,0
6.9,95485.7912,0.7293,7908.4,059003.000069,059003.000375,-1.7731,3G,0.591,44568.298,0
6.9,95433.6823,0.3643,6305.25,059003.000114,059003.000413,-0.684,2G,0.5695,40831.846,0
6.9,95362.7904,0.7274,78451.46,059003.000059,059003.000362,-0.2533,2B,0.5654,138116.545,0
6.9,95315.0833,0.3633,15641.41,059003.000086,059003.000483,-0.8845,3B,0.711,12470.509,0
6.9,95286.1957,0.3631,15611.86,059003.000114,059003.000411,-0.4064,2B,0.5629,6560.188,0
6.9,95235.2951,0.3627,54459.59,059003.000098,059003.000489,-0.0003,2G,0.6025,3127.175,0
6.9,95235.2951,0.3627,54459.59,059003.000097,059003.000488,0.1516,2A,0.5871,30615.387,0
6.9,95205.7203,0.3625,15529.74,059003.000053,059003.000357,-0.427,2A,0.6052,13700.875,0
6.9,95157.9052,0.3621,3870.27,059003.000080,059003.000389,0.4494,2B,0.5913,10647.148,0
6.9,95082.7179,0.3616,154047.91,059003.000086,059003.000478,-0.0002,2G,0.5537,29777.236,0
6.9,95077.3997,0.3615,3849.85,059003.000049,059003.000351,0.1881,2G,0.578,853.238,0
6.9,95051.91,0.7227,3843.4,059003.000095,059003.000486,-1.3925,2G,0.5278,20013.42,0
6.9,95045.6919,0.7226,3841.83,059003.000167,059003.000514,0.0001,2B,0.9889,2890.031,0
6.9,95040.2814,0.3613,2304.28,059003.000160,059003.000503,0.4328,2B,0.5723,888.767,0
6.9,94964.1961,0.3607,764.25,059003.000085,059003.000392,0.1875,2G,0.577,21580.081,0
6.9,94936.5106,0.3605,762.86,059003.000097,059003.000486,0.6182,2G,0.555,14226.4,0
6.9,94936.5106,0.3605,762.86,059003.000115,059003.000411,0.7183,2G,0.5695,24046.85,0
6.9,94924.803,0.7208,2286.81,059003.000067,059003.000373,-0.4732,2B,0.5285,723.078,0
6.9,94833.3768,0.7194,37884.02,059003.000098,059003.000486,-0.8255,2A,0.562,22971.322,0
6.9,94828.407,0.3596,37871.58,059003.000093,059003.000403,0.0032,2B,0.5647,88703.481,0
6.9,94828.407,0.3596,37871.58,059003.000088,059003.000396,1.571,5B,0.5953,13070.025,0
6.9,94573.4902,0.7154,14894.79,059003.000088,059003.000394,-1.2134,2B,0.5313,7628.261,0
6.9,94573.4902,0.7154,14894.79,059003.000076,059003.000380,-0.8311,2G,0.6641,1732.637,0
6.9,94573.4902,0.7154,14894.79,059003.000081,059003.000475,-0.7308,2G,0.5804,1527.663,0
6.9,94544.2269,0.3575,74329.17,059003.000082,059003.000476,0.8806,3B,0.4916,31173.173,0
6.9,94535.1185,0.7148,7428.41,059003.000123,059003.000496,-0.9444,2G,0.5652,34105.012,0
6.9,94535.1185,0.7148,7428.41,059003.000095,059003.000484,-0.6587,2B,0.5886,16985.557,0
6.9,94413.3109,0.713,73683.87,059003.000096,059003.000400,-0.2939,2A,0.5757,50156.834,0
6.9,94399.0786,0.3564,36806.98,059003.000114,059003.000408,-0.5009,2B,0.5639,106228.461,0
6.9,94371.9907,0.3562,7348.1,059003.000085,059003.000389,-0.2509,2G,0.5671,42371.797,0
6.9,94362.3817,0.3561,14686.77,059003.000166,059003.000505,1.3045,4C,0.9431,2608.857,0
6.9,94251.2064,0.7106,3644.51,059003.000081,059003.000382,-0.2128,2G,0.741,54906.007,0
6.9,94246.927,0.7105,21860.78,059003.000100,059003.000402,1.6635,3D,2.9029,282.3,0
6.9,94243.2102,0.7104,21855.35,059003.000119,059003.000411,-1.8073,3A,0.632,16056.439,0
6.9,94243.2102,0.7104,21855.35,059003.000070,059003.000367,0.8058,2B,0.5414,43527.637,0
6.9,94211.5143,0.355,3634.84,059003.000091,059003.000480,-0.297,2C,0.8906,539.897,0
6.9,94065.8743,0.3539,50392.92,059003.000175,059003.000516,-0.3796,2B,0.5597,21546.466,0
6.9,94057.7088,0.3538,71950.4,059003.000083,059003.000382,-0.5368,2G,0.6718,13036.737,0
6.9,94014.3023,0.3535,7174.07,059003.000143,059003.000414,-0.1159,2A,0.5876,4735.229,0
6.9,93982.8738,0.7065,3579.46,059003.000079,059003.000471,0.9427,2D,1.7134,265.323,0
6.9,93966.3233,0.3531,35754.73,059003.000144,059003.000497,0.2436,2B,0.5674,14542.629,0
6.9,93940.2094,0.3529,71383.8,059003.000144,059003.000417,0.9109,3A,0.5302,51350.666,0
6.9,93935.3798,0.7058,14272.12,059003.000098,059003.000398,0.7466,2A,0.5788,11799.453,0
6.9,93892.3167,0.3526,14230.75,059003.000102,059003.000402,-0.3921,2A,0.5563,23986.788,0
6.9,93862.7126,0.3524,14202.35,059003.000166,059003.000501,-0.1542,2G,0.6065,2959.273,0
6.9,93851.9869,0.3523,7096.04,059003.000108,059003.000488,0.2168,2G,0.5484,41676.385,0
6.9,93848.5238,0.3522,7094.38,059003.000066,059003.000361,0.2036,2B,0.5624,3535.304,0
6.9,93799.9321,0.3519,2121.34,059003.000085,059003.000474,-0.411,2G,0.5212,28025.2,0
6.9,93721.6225,0.3513,14067.58,059003.000089,059003.000477,-0.2334,2A,0.5313,20501.724,0
6.9,93721.6225,0.3513,14067.58,059003.000163,059003.000500,0.169,2B,0.5843,7543.795,0
6.9,93691.0926,0.3511,28077.05,059003.000063,059003.000462,0.6479,2B,0.5776,11654.077,0
6.9,93638.6178,0.3507,6994.35,059003.000172,059003.000507,0.0001,2G,0.5303,44163.445,0
6.9,93573.1935,0.7004,6963.37,059003.000172,059003.000506,-0.6889,2G,0.5985,1146.403,0
6.9,93568.0133,0.7003,3480.46,059003.000084,059003.000377,0.3381,2A,0.6337,2050.904,0
6.9,93542.8111,0.35,13898.02,059003.000099,059003.000480,0.3122,2D,2.386,2889.371,0
6.9,93542.8111,0.35,13898.02,059003.000075,059003.000467,0.7454,3D,1.7264,747.844,0
6.9,93529.092,0.3499,3471.27,059003.000145,059003.000415,0.4434,2B,0.4414,10528.106,0
6.9,93490.189,0.3496,27696.79,059003.000123,059003.000409,0.9051,3B,0.5718,53235.488,0
6.9,93435.5032,0.3492,6898.47,059003.000108,059003.000405,0.2073,2A,0.5386,5513.664,0
6.9,93435.5032,0.3492,6898.47,059003.000173,059003.000506,0.5611,2G,0.5316,35616.91,0
6.9,93435.5032,0.3492,6898.47,059003.000101,059003.000398,0.5641,2B,0.6813,16809.076,0
6.9,93416.4889,0.349,55116.36,059003.000172,059003.000505,-1.2528,4B,0.6124,25820.546,0
6.9,93335.1249,0.3484,68514.28,059003.000069,059003.000360,0.2327,2B,0.5422,130131.254,0
6.9,93293.2811,0.3481,6831.88,059003.000098,059003.000392,0.6465,2B,0.5942,20154.19,0
6.9,93293.2811,0.3481,6831.88,059003.000101,059003.000395,1.1367,4B,0.7852,3176.458,0
6.9,93283.8825,0.696,6827.5,059003.000070,059003.000360,-2.0652,3G,0.5689,645.396,0
6.9,93283.8825,0.696,6827.5,059003.000102,059003.000483,-1.0649,2B,0.7619,2986.46,0
6.9,93281.0915,0.696,34130.98,059003.000063,059003.000358,0.8077,2B,0.5333,61754.565,0
6.9,93260.7178,0.3479,13633.4,059003.000121,059003.000492,0.0,2B,0.5037,7589.605,0
6.9,93253.508,0.3478,3406.67,059003.000060,059003.000352,0.1263,2A,0.5966,5057.362,0
6.9,93176.8005,0.3472,2033.3,059003.000111,059003.000486,-0.1619,2A,0.5635,3106.121,0
6.9,93174.0132,0.3472,13552.76,059003.000105,059003.000397,-0.8441,3G,0.5864,2425.533,0
6.9,93134.0143,0.3469,675.78,059003.000091,059003.000388,-0.9328,3B,0.9775,324.566,0
6.9,93134.0143,0.3469,675.78,059003.000088,059003.000474,0.3583,2A,0.5215,760.409,0
6.9,93134.0143,0.3469,675.78,059003.000104,059003.000483,0.455,2B,1.4687,1531.543,0
6.9,93065.6703,0.3464,4708.36,059003.000076,059003.000373,0.454,2G,0.5588,18910.634,0
6.9,93058.8041,0.3463,26892.24,059003.000111,059003.000405,-0.9352,3C,0.876,2905.729,0
6.9,93058.8041,0.3463,26892.24,059003.000171,059003.000502,1.2008,4D,1.8271,3359.357,0
6.9,92981.2944,0.6915,33436.75,059003.000177,059003.000512,0.2533,2G,0.6671,8227.912,0
6.9,92979.4857,0.6915,6686.52,059003.000076,059003.000371,1.4555,3G,0.5544,29612.831,0
6.9,92818.526,0.3446,6612.79,059003.000062,059003.000352,0.0116,2G,0.5559,30267.233,0
6.9,92808.2055,0.3445,19824.23,059003.000126,059003.000413,0.3872,2A,0.5723,13153.603,0
6.9,92784.1012,0.3443,659.71,059003.000114,059003.000407,0.031,2G,0.541,21569.552,0
6.9,92667.7926,0.3434,654.42,059003.000060,059003.000349,0.5006,2A,0.5305,856.349,0
6.9,92597.8791,0.3429,1302.52,059003.000106,059003.000480,-0.6575,2G,0.4935,15393.977,0
6.9,92597.8791,0.3429,1302.52,059003.000080,059003.000468,-0.5549,2G,0.6513,13653.262,0
6.9,92590.0786,0.3429,13018.2,059003.000096,059003.000387,0.2531,2G,0.5327,2410.416,0
6.9,92552.1035,0.3426,1298.4,059003.000150,059003.000415,-0.425,2B,0.5696,386.401,0
6.9,92495.8831,0.3422,3233.34,059003.000127,059003.000411,-1.1195,4G,0.5427,425.176,0
6.9,92495.8831,0.3422,3233.34,059003.000081,059003.000373,0.3107,2A,0.5778,2492.662,0
6.9,92483.3903,0.3421,12922.13,059003.000080,059003.000370,0.8596,3B,0.9918,4766.404,0
6.9,92420.5823,0.3416,12865.8,059003.000102,059003.000391,0.8001,3D,2.7193,539.629,0
6.9,92318.7063,0.3409,638.74,059003.000175,059003.000500,0.1265,2G,0.5246,5174.113,0
6.9,92313.3247,0.3408,12770.0,059003.000130,059003.000494,-0.3992,2A,0.5692,22188.56,0
6.9,92279.3339,0.3406,12739.74,059003.000153,059003.000499,1.1757,4A,0.5537,13124.16,0
6.9,92240.4796,0.3403,4446.82,059003.000098,059003.000475,0.1489,2B,0.5197,7655.221,0
6.9,92235.518,0.6805,5080.32,059003.000091,059003.000379,-1.2054,2A,0.552,4929.216,0
6.9,92235.518,0.6805,5080.32,059003.000111,059003.000397,-0.5138,2A,0.5415,7661.807,0
6.9,92235.518,0.6805,5080.32,059003.000099,059003.000476,0.229,2B,1.2815,1624.161,0
6.9,92183.593,0.6797,6327.39,059003.000111,059003.000483,-0.0847,2C,0.7199,1496.141,0
6.9,92174.8217,0.3398,9485.26,059003.000114,059003.000403,0.913,3B,0.5473,3517.871,0
6.9,92148.7798,0.3396,1262.4,059003.000155,059003.000498,-0.217,2C,1.557,66.484,0
6.9,92135.878,0.3395,630.63,059003.000095,059003.000382,-0.751,3D,1.7334,822.895,0
6.9,92135.878,0.3395,630.63,059003.000039,059003.000334,0.911,3A,0.4683,453.463,0
6.9,92102.5101,0.3393,12583.13,059003.000084,059003.000467,0.3621,2D,1.6443,675.754,0
6.9,92095.1227,0.3392,25153.24,059003.000082,059003.000368,0.2833,2A,0.5449,18726.387,0
6.9,92055.0261,0.3389,1254.13,059003.000064,059003.000349,0.5087,2G,0.5872,4723.04,0
6.9,92037.274,0.3388,6262.85,059003.000100,059003.000475,0.3589,2B,0.5412,3094.444,0
6.9,91981.8986,0.3384,2495.42,059003.000105,059003.000389,-0.5546,2G,0.5622,11927.139,0
6.9,91967.875,0.3383,1246.48,059003.000093,059003.000379,-0.5614,2B,0.5913,3506.095,0
6.9,91807.9786,0.6742,4930.09,059003.000081,059003.000466,1.5878,3G,0.6596,1261.696,0
6.9,91756.6819,0.3367,614.03,059003.000082,059003.000365,-0.8834,3B,0.8874,2283.175,0
6.9,91756.6819,0.3367,614.03,059003.000178,059003.000502,-0.433,2G,0.6027,3545.473,0
6.9,91719.2141,0.6729,6124.12,059003.000119,059003.000487,-0.6778,2B,0.5605,2225.619,0
6.9,91697.3768,0.3363,30573.35,059003.000085,059003.000370,0.0603,2B,0.4778,10511.914,0
6.9,91697.3768,0.3363,30573.35,059003.000131,059003.000413,1.0845,4A,0.5735,35670.963,0
6.9,91679.4746,0.3362,1221.39,059003.000075,059003.000359,0.6063,2C,0.7926,228.543,0
6.9,91676.3277,0.3361,1221.11,059003.000539,059003.000460,-0.2982,2G,0.4791,156.42,0
6.9,91676.3277,0.3361,1221.11,059003.000114,059003.000399,-0.2801,2B,0.7993,402.694,0
6.9,91657.7882,0.336,609.76,059003.000079,059003.000362,0.5883,2A,0.5985,599.819,0
6.9,91579.3048,0.3354,1212.75,059003.000099,059003.000380,-0.651,2G,0.5029,5913.146,0
6.9,91447.9167,0.3345,600.75,059003.000119,059003.000486,-0.4,2A,0.656,426.898,0
6.9,91409.7191,0.3342,1797.35,059003.000105,059003.000474,-0.8355,3A,0.5384,1177.05,0
6.9,91409.7191,0.3342,1797.35,059003.000114,059003.000482,-0.3856,2G,0.5672,252.571,0
6.9,91345.1085,0.3337,596.37,059003.000067,059003.000350,-0.051,2G,0.5522,16726.292,0
6.9,91282.1827,0.6665,35621.88,059003.000159,059003.000497,-1.4707,3B,0.5364,12716.585,0
6.9,91282.1827,0.6665,35621.88,059003.000123,059003.000488,1.6605,3G,0.5684,3837.915,0
6.9,91259.7795,0.3331,17782.49,059003.000131,059003.000409,-0.0605,2G,0.5331,73830.141,0
6.9,91241.1097,0.6659,29597.99,059003.000115,059003.000398,1.5875,3E,2.4054,360.524,0
6.9,91020.6743,0.3313,582.69,059003.000105,059003.000472,0.3598,2D,2.1084,365.729,0
6.9,90994.9912,0.3312,23264.74,059003.000160,059003.000499,-1.1116,4G,0.5837,3880.038,0
6.9,90924.7309,0.3306,2314.76,059003.000076,059003.000460,-0.242,2G,0.5164,28110.702,0
6.9,90614.5088,0.3284,22635.17,059003.000106,059003.000378,-0.6506,2A,0.5461,13550.14,0
6.9,90464.3769,0.3273,1119.5,059003.000123,059003.000484,0.6311,2B,0.6509,3989.162,0
6.9,90394.9269,0.6536,5569.32,059003.000120,059003.000399,0.6602,2A,0.5374,3480.787,0
6.9,90090.3213,0.3246,544.68,059003.000037,059003.000318,-0.4364,2B,0.4584,172.518,0
6.9,90090.3213,0.3246,544.68,059003.000111,059003.000381,0.5535,2D,2.0699,135.975,0
6.9,90083.0195,0.3245,16331.78,059003.000128,059003.000490,2.1806,5G,0.522,3008.445,0
6.9,90013.0791,0.324,541.61,059003.000099,059003.000467,-0.8177,3B,0.5841,242.91,0
6.9,90013.0791,0.324,541.61,059003.000111,059003.000380,-0.4681,2B,0.8188,156.919,0
6.9,90006.4139,0.324,541.34,059003.000115,059003.000389,0.6573,3G,0.5409,6366.055,0
6.9,89913.2936,0.3233,16129.58,059003.000111,059003.000377,0.2782,2B,0.5971,7034.579,0
6.9,89664.6084,0.3215,527.88,059003.000540,059003.000355,0.5364,2A,0.4767,463.87,0
6.9,89664.6084,0.3215,527.88,059003.000162,059003.000414,1.4367,5B,0.5705,161.204,0
6.9,89591.426,0.321,1575.09,059003.000130,059003.000487,0.1404,2B,0.5614,3472.539,0
6.9,89460.0118,0.3201,2599.69,059003.000055,059003.000549,0.1862,2G,0.4268,568.574,0
6.9,89454.1869,0.32,10394.26,059003.000104,059003.000373,-0.1369,2A,0.5049,15260.036,0
6.9,89450.1867,0.32,4156.47,059003.000099,059003.000365,0.6786,3G,0.5707,20937.348,0
6.9,89411.7087,0.3197,15542.24,059003.000085,059003.000358,-0.0709,2A,0.4754,12595.114,0
6.9,89368.0955,0.6388,51639.61,059003.000104,059003.000371,0.9578,2B,0.5014,21833.153,0
6.9,89353.177,0.3193,20632.91,059003.000084,059003.000354,-0.3832,2G,0.6059,2820.297,0
6.9,89353.177,0.3193,20632.91,059003.000115,059003.000384,-0.0545,2A,0.4957,23545.695,0
6.9,89328.1021,0.3191,514.86,059003.000093,059003.000361,-0.5101,2G,0.4961,14606.911,0
6.9,89272.119,0.3187,512.72,059003.000121,059003.000391,-0.3445,2G,0.5686,110.149,0
6.9,89246.6244,0.3185,1023.48,059003.000096,059003.000362,-0.3969,2B,0.6703,2173.475,0
6.9,89069.7115,0.3173,1515.04,059003.000106,059003.000467,-0.223,2A,0.5788,1368.724,0
6.9,89045.9175,0.3171,1008.23,059003.000131,059003.000407,-0.0787,2B,1.175,433.976,0
6.9,88821.9838,0.3155,1982.8,059003.000105,059003.000365,0.0588,2A,0.5594,1662.875,0
6.9,88729.613,0.3149,1969.03,059003.000089,059003.000461,0.5314,2B,0.4861,5941.139,0
6.9,88511.4025,0.3133,1452.58,059003.000173,059003.000416,-0.1879,2A,0.5294,1795.83,0
6.9,88380.618,0.3124,4794.05,059003.000132,059003.000488,-0.1983,2G,0.5112,1305.907,0
6.9,88246.981,0.3115,9490.92,059003.000131,059003.000401,-0.2723,2A,0.5263,9903.798,0
6.9,88061.8929,0.3101,467.87,059003.000129,059003.000394,0.2865,2B,1.1278,289.799,0
6.9,87889.1786,0.3089,13851.22,059003.000112,059003.000371,-0.5143,2B,0.4958,24308.665,0
6.9,87806.4687,0.3084,1376.32,059003.000087,059003.000350,0.6021,2A,0.4789,1832.53,0
6.9,87796.2848,0.3083,1375.24,059003.000123,059003.000378,-0.7371,3B,0.5069,2478.455,0
6.9,87739.9836,0.3079,4564.27,059003.000131,059003.000396,0.2095,2G,0.5556,43324.215,0
6.9,87588.2975,0.3068,9022.04,059003.000098,059003.000357,-0.7497,3G,0.5074,1661.715,0
6.9,87582.698,0.3068,901.81,059003.000186,059003.000525,0.7363,3G,0.6082,17083.308,0
6.9,87571.6711,0.3067,9010.42,059003.000123,059003.000470,-0.7699,3C,0.8582,1439.312,0
6.9,87512.1963,0.3063,4484.47,059003.000180,059003.000500,0.4648,2B,0.5102,13354.529,0
6.9,87503.6119,0.3062,8962.97,059003.000114,059003.000367,0.1261,2A,0.4968,9423.327,0
6.9,87494.4208,0.3062,895.66,059003.000058,059003.000337,-0.5732,2B,0.4957,329.98,0
6.9,87326.6823,0.305,442.02,059003.000134,059003.000404,0.104,2C,1.1803,30.035,0
6.9,87240.5983,0.3044,1756.25,059003.000101,059003.000358,-0.1131,2A,0.5106,1987.367,0
6.9,87221.2829,0.3043,438.4,059003.000184,059003.000512,-0.2623,2A,0.4599,335.251,0
6.9,87216.7908,0.3042,438.25,059003.000135,059003.000405,-0.0346,2G,0.4684,3449.492,0
6.9,87212.3838,0.3042,438.1,059003.000137,059003.000490,-1.2602,5B,0.4179,195.714,0
6.9,86818.3213,0.3014,849.49,059003.000129,059003.000476,0.6114,3B,0.7436,3255.172,0
6.9,86609.1037,0.3,417.78,059003.000181,059003.000500,-0.5528,2G,0.4675,2205.841,0
6.9,86521.7286,0.2994,1244.68,059003.000184,059003.000506,0.2093,2G,0.5062,7666.689,0
6.9,86160.5288,0.2969,4031.12,059003.000061,059003.000333,0.2052,2G,0.453,1052.911,0
6.9,84480.9093,0.2854,351.43,059003.000154,059003.000410,0.4599,2B,0.4015,890.176,0
6.9,84408.9022,0.2849,349.33,059003.000142,059003.000484,0.6012,3G,0.6678,70.937,0
6.9,84211.1103,0.2836,5154.0,059003.000186,059003.000503,-0.2666,2B,0.4663,2166.112,0
6.9,83549.1722,0.2792,324.91,059003.000180,059003.000417,-0.5701,3G,0.5168,2393.609,0
6.9,83445.7889,0.557,644.11,059003.000146,059003.000405,0.4273,2G,0.5085,7560.347,0
6.9,83169.5284,0.5533,1572.62,059003.000110,059003.000348,1.3478,3B,0.4195,3791.794,0
6.9,83128.6921,0.5527,626.84,059003.000144,059003.000397,-1.4733,3G,0.4007,144.627,0
6.9,83114.0294,0.2763,313.03,059003.000142,059003.000477,0.5903,3G,0.6531,50.179,0
6.9,83063.3854,0.2759,1246.66,059003.000147,059003.000402,-0.3301,2D,2.6214,69.909,0
6.9,83028.1289,0.5514,1242.87,059003.000144,059003.000395,-0.6033,2B,0.4595,520.25,0
6.9,82072.7959,0.2694,571.74,059003.000129,059003.000356,0.1953,2A,0.5562,486.374,0
6.9,81947.3874,0.2686,282.72,059003.000103,059003.000550,0.2457,2G,0.428,890.256,0
6.9,81034.3194,0.2626,781.58,059003.000155,059003.000398,-0.4837,2B,0.4528,376.371,0
6.9,81009.117,0.2625,779.8,059003.000153,059003.000397,0.905,4B,0.4093,320.247,0
6.9,81001.5856,0.2624,259.75,059003.000110,059003.000552,-0.0337,2G,0.6551,1612.113,0
6.9,79443.91,0.5048,899.75,059003.000103,059003.000333,-0.8285,2A,0.661,1157.234,0
6.9,79443.91,0.5048,899.75,059003.000167,059003.000405,-0.2557,2A,0.4163,619.23,0
6.9,79309.6051,0.2516,4442.1,059003.000157,059003.000475,-0.1791,2G,0.4703,1019.362,0
6.9,78950.3153,0.4986,429.31,059003.000163,059003.000397,-0.016,2B,0.4783,134.898,0
6.9,78794.7017,0.2483,422.97,059003.000159,059003.000475,-0.0964,2B,0.3721,169.363,0
6.9,78787.6917,0.2483,211.35,059003.000158,059003.000384,-0.2414,2G,0.4586,1066.459,0
6.9,78627.3228,0.4945,2081.17,059003.000122,059003.000549,-0.2614,2A,0.4003,2176.938,0
6.9,78572.6033,0.2469,207.02,059003.000090,059003.000322,0.2166,2G,0.3818,2812.629,0
6.9,78539.2182,0.2467,1031.8,059003.000172,059003.000403,-0.4214,2B,0.4112,442.744,0
6.9,77378.9801,0.4789,552.65,059003.000164,059003.000476,0.2868,2B,1.0779,148.109,0
6.9,77024.1815,0.2373,355.62,059003.000154,059003.000369,0.3947,2E,1.6344,10.467,0
6.9,76977.769,0.237,353.97,059003.000155,059003.000368,-0.0144,2G,0.5222,71.861,0
6.9,76582.9081,0.2346,170.08,059003.000173,059003.000389,-0.4489,2G,0.3955,698.334,0
6.9,75773.4226,0.2296,156.54,059003.000110,059003.000320,-0.2064,2B,0.4447,74.777,0
6.9,75139.2203,0.2258,8790.5,059003.000164,059003.000372,0.543,3A,0.5043,13167.554,0
6.9,73908.4864,0.2185,385.27,059003.000173,059003.000370,0.0544,2B,0.695,432.141,0
6.9,73862.3057,0.2182,255.56,059003.000156,059003.000351,-0.0691,2G,0.3549,62.984,0
6.9,73585.9827,0.4331,371.92,059003.000114,059003.000456,0.942,3G,0.3078,112.663,0
6.9,73403.9211,0.431,4860.54,059003.000179,059003.000401,0.7199,2B,0.5467,1455.105,0
6.9,73300.1439,0.2149,240.26,059003.000095,059003.000313,0.5122,3B,0.7458,184.755,0
6.9,72355.6972,0.2094,216.12,059003.000083,059003.000311,-0.4248,3B,0.4753,471.663,0
6.9,72049.2162,0.2076,104.35,059003.000179,059003.000391,-0.1092,2A,0.5649,159.862,0
6.9,71767.3095,0.206,202.04,059003.000181,059003.000396,-0.1021,2B,0.4508,98.079,0
6.9,71705.9856,0.4113,2006.13,059003.000093,059003.000312,-1.0256,3A,0.4417,2639.86,0
6.9,71596.946,0.205,693.34,059003.000046,059003.000452,0.1741,2D,2.4872,103.067,0
6.9,71375.5173,0.2037,9652.89,059003.000053,059003.000303,-0.1806,2D,1.7542,362.055,0
6.9,71066.9794,0.404,931.0,059003.000430,059003.000322,-0.204,2A,0.4664,671.297,0
6.9,71041.0837,0.2018,1856.34,059003.000136,059003.000327,0.2848,2G,0.4087,379.341,0
6.9,71034.4761,0.2018,185.49,059003.000196,059003.000420,0.3774,2B,1.231,518.587,0
6.9,70943.581,0.2013,458.78,059003.000205,059003.000427,-0.3946,2B,0.7566,945.083,0
6.9,70938.8974,0.4025,9170.47,059003.000047,059003.000450,-0.3182,2D,2.2844,939.072,0
6.9,70896.1649,0.201,9124.26,059003.000112,059003.000313,0.4364,3E,1.7145,324.154,0
6.9,70891.4261,0.201,911.91,059003.000220,059003.000429,0.1481,2B,0.5644,1612.668,0
6.9,70824.0731,0.2006,904.67,059003.000206,059003.000427,-0.6749,4A,0.6303,1371.583,0
6.9,70795.5938,0.4009,450.81,059003.000127,059003.000456,0.1526,2B,0.5292,863.255,0
6.9,70708.6059,0.1999,267.71,059003.000064,059003.000305,-0.4237,3A,0.4546,192.967,0
6.9,70620.1326,0.1994,441.5,059003.000185,059003.000490,-0.2816,2A,0.2968,442.998,0
6.9,70261.5728,0.1974,253.76,059003.000184,059003.000392,-0.1285,2B,0.348,160.214,0
6.9,69737.5247,0.389,793.76,059003.000203,059003.000577,0.0,2B,0.8061,933.109,0
6.9,69503.2206,0.1932,154.25,059003.000089,059003.000309,-0.2597,2G,0.5257,783.47,0
6.9,69179.5046,0.1914,296.4,059003.000214,059003.000426,0.4504,3B,0.452,171.343,0
6.9,69145.9264,0.1912,73.79,059003.000185,059003.000395,-0.3704,2G,0.4254,520.242,0
6.9,68948.6361,0.1901,144.0,059003.000133,059003.000456,-0.4128,3B,0.6212,53.268,0
6.9,68877.1888,0.3794,570.86,059003.000179,059003.000366,-0.4206,2A,0.3434,533.826,0
6.9,68850.4555,0.1896,71.12,059003.000187,059003.000491,-0.0297,2C,0.9766,7.319,0
6.9,68796.6572,0.1893,494.48,059003.000186,059003.000395,0.4054,3A,0.2982,429.809,0
6.9,68746.0608,0.189,350.96,059003.000046,059003.000296,-0.2421,2A,0.4711,416.979,0
6.9,68707.8957,0.1888,2095.67,059003.000184,059003.000472,0.1,2E,2.744,8.424,0
6.9,68651.1123,0.1885,69.36,059003.000180,059003.000366,-0.2617,2A,0.406,68.354,0
6.9,68598.9938,0.1882,137.8,059003.000099,059003.000308,-0.7365,4G,0.5373,802.287,0
6.9,68584.5037,0.1881,687.76,059003.000082,059003.000306,-0.1701,2B,1.4511,247.12,0
6.9,68557.7454,0.188,548.35,059003.000111,059003.000311,-0.42,3A,0.5519,612.827,0
6.9,68527.9798,0.1878,204.86,059003.000219,059003.000426,0.0668,2B,0.7021,92.13,0
6.9,68489.5923,0.1876,67.96,059003.000198,059003.000571,0.3633,2D,2.069,8.787,0
6.9,68479.4124,0.1875,135.73,059003.000179,059003.000364,-0.057,2B,0.4577,72.838,0
6.9,68470.4118,0.1875,135.58,059003.000237,059003.000429,0.1646,2B,0.8087,248.732,0
6.9,68429.5721,0.1873,67.44,059003.000135,059003.000456,0.3842,3C,1.4098,4.226,0
6.9,68289.4976,0.373,3974.9,059003.000433,059003.000602,0.1833,2D,2.2755,95.532,0
6.9,68273.1292,0.1864,198.33,059003.000053,059003.000299,-0.3642,2B,0.7412,87.662,0
6.9,68204.831,0.186,65.54,059003.000235,059003.000428,0.3996,3D,1.8618,6.848,0
6.9,68050.3478,0.1852,128.5,059003.000181,059003.000467,0.3571,2B,1.1686,22.629,0
6.9,68050.3478,0.1852,128.5,059003.000236,059003.000428,0.7662,5G,0.5653,29.811,0
6.9,67963.9287,0.1847,190.63,059003.000435,059003.000603,-0.3368,2E,3.209,0.34,0
6.9,67946.5238,0.1846,190.2,059003.000127,059003.000313,-0.1072,2G,0.3778,2370.485,0
6.9,67895.7943,0.1844,62.99,059003.000075,059003.000304,0.0552,2B,1.3972,9.113,0
6.9,67681.9203,0.1832,490.14,059003.000202,059003.000573,-0.083,2G,0.5692,1831.124,0
6.9,67660.4048,0.1831,6109.69,059003.000205,059003.000575,0.073,2B,0.8022,3867.807,0
6.9,67651.0752,0.183,1220.46,059003.000199,059003.000571,-0.3459,2A,0.636,1069.568,0
6.9,67641.7856,0.183,1218.99,059003.000249,059003.000602,0.0117,2D,1.7014,60.356,0
6.9,67639.7199,0.183,487.46,059003.000073,059003.000303,-0.4945,3B,1.2535,447.083,0
6.9,67637.6166,0.183,182.75,059003.000054,059003.000446,0.3105,2G,0.5513,1461.742,0
6.9,67581.3685,0.1827,120.94,059003.000223,059003.000427,0.8563,5G,0.7691,1751.321,0
6.9,67523.2309,0.1823,300.08,059003.000045,059003.000445,0.0042,2G,0.5388,1811.946,0
6.9,67520.0385,0.1823,299.95,059003.000115,059003.000311,-0.2559,2G,0.5564,1544.437,0
6.9,67414.6941,0.1818,295.86,059003.000082,059003.000305,0.3137,2A,0.682,501.473,0
6.9,67410.6031,0.1817,591.39,059003.000212,059003.000421,0.2392,2A,0.5792,991.332,0
6.9,67390.2636,0.1816,176.95,059003.000202,059003.000572,-0.0855,2D,2.4076,3.442,0
6.9,67207.9955,0.1806,1727.63,059003.000204,059003.000573,0.0807,2G,0.6731,416.344,0
6.9,67038.672,0.1797,168.95,059003.000047,059003.000445,-0.0751,2G,0.3398,547.685,0
6.9,66953.6767,0.3585,222.74,059003.000245,059003.000428,-0.2248,2B,0.6182,791.024,0
6.9,66894.4244,0.3579,110.5,059003.000264,059003.000618,-0.6334,2G,0.5858,1.632,0
6.9,66894.4244,0.3579,110.5,059003.000205,059003.000572,0.7809,3D,2.4678,2.514,0
6.9,66549.0369,0.1771,105.52,059003.000041,059003.000286,0.2288,2A,0.6408,72.768,0
6.9,66467.0072,0.1767,104.36,059003.000249,059003.000428,-0.5311,4B,0.493,41.138,0
6.9,66461.6704,0.1766,1564.26,059003.000252,059003.000429,-0.2606,2B,0.7125,427.731,0
6.9,66369.9282,0.1762,154.5,059003.000218,059003.000421,-0.4881,3A,0.6144,90.357,0
6.9,66281.7947,0.3514,356.24,059003.000184,059003.000464,0.0308,2D,2.4368,6.52,0
6.9,66201.6883,0.3505,503.42,059003.000088,059003.000305,-0.1531,2D,2.0883,39.138,0
6.9,66068.1841,0.3491,494.36,059003.000066,059003.000301,0.1478,2B,0.9729,319.1,0
6.9,65899.4671,0.3473,966.21,059003.000083,059003.000303,0.1526,2B,1.3589,191.286,0
6.9,65688.8165,0.3451,93.87,059003.000123,059003.000310,0.4278,2G,0.4869,335.462,0
6.9,60795.5864,0.1478,1374.37,059003.000131,059003.000307,0.0652,2G,1.5718,45.933,0
6.9,59492.7147,0.2831,1248.33,059003.000095,059003.000294,0.2429,2A,0.4526,1405.838,0
6.9,59322.2207,0.1407,1232.33,059003.000151,059003.000312,-0.4177,3G,0.4814,314.093,0
6.9,58055.5433,0.1348,2234.11,059003.000125,059003.000452,-0.1989,2A,0.5588,2171.478,0
6.9,57867.1624,0.1339,1100.45,059003.000199,059003.000565,-0.1116,2G,0.4483,4835.507,0
6.9,57676.0661,0.133,2167.51,059003.000131,059003.000303,-0.1566,2B,0.5495,4055.642,0
6.9,57617.1915,0.1328,4314.57,059003.000145,059003.000308,-0.0397,2C,0.7007,739.02,0
6.9,56878.3697,0.1294,5078.12,059003.000046,059003.000263,0.0729,2B,0.311,11968.692,0
6.9,56654.5248,0.1284,996.96,059003.000141,059003.000306,0.3326,3G,0.5257,4044.739,0
6.9,56646.6988,0.1283,1992.62,059003.000088,059003.000286,0.2193,2E,2.2052,28.699,0
6.9,56361.0894,0.127,4863.96,059003.000257,059003.000570,0.2786,3G,0.5155,1283.213,0
6.9,55961.7881,0.1252,14106.82,059003.000091,059003.000284,-0.0042,2G,0.3383,4413.563,0
6.9,55785.7519,0.1245,2779.2,059003.000042,059003.000251,-0.2694,3A,0.4472,2143.358,0
6.9,55722.7287,0.1242,9213.98,059003.000133,059003.000452,0.0567,2A,0.5261,9166.656,0
6.9,55646.7456,0.1238,18307.78,059003.000041,059003.000245,-0.0868,2A,0.3743,22701.54,0
6.9,55487.5518,0.5,18057.45,059003.000096,059003.000284,-0.2044,2B,0.4297,8340.095,0
6.9,55462.911,0.5,2702.83,059003.000134,059003.000452,0.7848,2B,0.5737,9066.685,0
6.9,55323.4889,0.1224,890.08,059003.000075,059003.000276,0.1505,2C,1.4202,46.39,0
6.9,54943.0186,0.1207,3443.28,059003.000167,059003.000311,0.4267,4B,0.3669,2042.487,0
6.9,54832.6667,0.1202,2557.32,059003.000041,059003.000238,0.069,2D,2.0792,513.269,0
6.9,54686.0999,0.2392,4206.94,059003.000080,059003.000438,-0.3861,2B,0.8449,989.322,0
6.9,54625.6842,0.1193,41842.78,059003.000242,059003.000567,-0.0,2B,0.4908,16827.813,0
6.9,54578.174,0.1191,1666.6,059003.000102,059003.000283,0.0093,2B,0.9699,1114.104,0
6.9,54454.2998,0.1186,4120.39,059003.000050,059003.000256,0.0082,2B,0.8674,10387.075,0
6.9,54446.8277,0.1185,2470.57,059003.000082,059003.000438,-0.2959,3G,0.4536,12203.824,0
6.9,54400.3718,0.1183,164016.52,059003.000079,059003.000276,-0.2525,3D,2.2189,5818.68,0
6.9,54368.1088,0.1182,1635.39,059003.000218,059003.000565,-1.6148,5B,0.8215,452.748,0
6.9,54368.1088,0.1182,1635.39,059003.000087,059003.000442,0.3666,4B,0.514,960.913,0
6.9,54368.1088,0.1182,1635.39,059003.000284,059003.000427,1.0314,5G,0.5153,169.425,0
6.9,54297.8978,0.24,812.52,059003.000069,059003.000268,0.0941,2G,0.4917,20675.959,0
6.9,54249.3687,0.1177,3235.82,059003.000070,059003.000269,-0.3189,3G,0.4859,15550.07,0
6.9,54172.5944,0.1174,4819.98,059003.000097,059003.000279,0.2401,3E,2.0502,70.845,0
6.9,54148.338,0.1173,8015.58,059003.000088,059003.000442,0.2101,2B,0.4753,21541.625,0
6.9,54108.9754,0.1171,3194.75,059003.000060,059003.000263,-0.164,2G,0.6014,620.574,0
6.9,54082.0882,0.117,1593.46,059003.000199,059003.000564,-0.1455,2B,0.5732,3201.483,0
6.9,53965.0579,0.1165,3152.98,059003.000045,059003.000246,0.0228,2C,0.9525,525.661,0
6.9,53963.9443,0.1165,3152.66,059003.000060,059003.000262,0.0941,2B,0.7138,1451.082,0
6.9,53884.674,0.1161,7824.48,059003.000050,059003.000252,-0.2584,3G,0.4003,50492.133,0
6.9,53834.2706,0.2318,3894.13,059003.000200,059003.000564,0.181,2A,0.652,2195.255,0
6.9,53610.9719,0.2299,7629.0,059003.000076,059003.000271,-0.0682,2D,2.1374,276.514,0
6.9,53610.9719,0.2299,7629.0,059003.000120,059003.000291,0.4352,2E,1.6437,100.978,0
6.9,53562.3355,0.1147,3797.29,059003.000172,059003.000310,-0.4141,4A,0.4827,2719.607,0
6.9,53429.1861,0.1142,15001.6,059003.000108,059003.000281,-0.0721,2B,0.5366,8551.966,0
6.9,53384.8135,0.114,5228.79,059003.000145,059003.000304,-0.2576,3B,0.5651,15552.494,0
6.9,53331.4495,0.1137,14864.82,059003.000198,059003.000563,0.153,2G,0.5054,3740.773,0
6.9,52921.6596,0.112,1429.95,059003.000047,059003.000240,0.1248,2B,0.8649,3379.815,0
6.9,52898.3398,0.1119,1426.77,059003.000184,059003.000456,-0.0687,2B,0.6812,5607.434,0
6.9,52871.9442,0.1118,1423.18,059003.000133,059003.000296,-0.2587,3C,0.7941,255.215,0
6.9,52616.0215,0.1107,3471.62,059003.000042,059003.000225,0.0841,2G,0.5332,672.601,0
6.9,52481.3878,0.1101,6853.42,059003.000096,059003.000439,-0.0067,2G,0.3926,66475.807,0
6.9,52356.289,0.1096,1354.12,059003.000089,059003.000273,0.3836,4B,1.3417,1368.728,0
6.9,51867.5027,0.1076,4517.01,059003.000088,059003.000436,0.2156,3B,0.5531,14736.505,0
6.9,51822.518,0.1074,12848.21,059003.000047,059003.000232,-0.2782,3D,1.9238,6040.357,0
6.9,51456.4928,0.1059,2477.16,059003.000255,059003.000566,0.0016,2B,0.4363,1031.36,0
6.9,51419.382,0.1057,616.97,059003.000177,059003.000308,0.2577,3B,0.5013,321.287,0
6.9,51367.0174,0.1055,6137.17,059003.000062,059003.000253,0.1356,2A,0.5464,9404.217,0
6.9,51226.0409,0.1049,605.0,059003.000141,059003.000448,0.1669,2G,0.5714,6162.139,0
6.9,51106.6404,0.1044,11953.51,059003.000053,059003.000235,0.2534,3D,2.096,1757.056,0
6.9,51103.6134,0.1044,3584.94,059003.000276,059003.000570,-0.3559,4B,0.6807,1404.005,0
6.9,50964.4405,0.1039,5890.25,059003.000097,059003.000436,0.1503,2B,0.7224,2025.202,0
6.9,50930.3735,0.2075,11739.29,059003.000140,059003.000447,0.3291,2B,1.0091,14173.374,0
6.9,50866.2179,0.2069,23323.82,059003.000047,059003.000222,0.4233,3E,1.8651,640.877,0
6.9,50858.6144,0.1034,1747.91,059003.000088,059003.000268,-0.3141,4G,0.5356,19857.963,0
6.9,50853.2349,0.1034,1164.63,059003.000078,059003.000265,0.2307,3G,0.3612,5160.819,0
6.9,50619.773,0.1025,2273.52,059003.000070,059003.000256,-0.1397,2G,0.9853,51237.2,0
6.9,50448.4676,0.1018,2791.45,059003.000115,059003.000442,0.1376,2B,0.5206,1381.463,0
6.9,50433.8672,0.1017,1114.87,059003.000091,059003.000269,0.3161,4B,0.7194,3309.22,0
6.9,50302.4642,0.1012,5497.78,059003.000064,059003.000247,0.2676,3B,1.4151,1677.518,0
6.9,50049.4105,0.1002,535.22,059003.000184,059003.000313,-0.1879,2G,0.4372,106.514,0
6.9,49855.5618,0.0994,5242.29,059003.000132,059003.000289,0.0567,2B,0.4637,8514.394,0
6.9,49622.6768,0.0985,102243.03,059003.000057,059003.000230,0.3911,4B,0.4801,59958.295,0
6.9,49342.1592,0.0974,4958.12,059003.000050,059003.000219,-0.2249,3D,1.7431,1654.372,0
6.9,49342.1592,0.0974,4958.12,059003.000067,059003.000433,-0.0745,2A,0.5107,3637.504,0
6.9,49216.6669,0.0969,489016.84,059003.000041,059003.000202,-0.0559,2B,0.3906,225440.988,0
6.9,49207.8775,0.0968,97708.63,059003.000042,059003.000205,0.0988,2A,0.5436,109407.928,0
6.9,49183.7275,0.0967,19489.72,059003.000063,059003.000236,-0.2875,3B,0.4182,51623.405,0
6.9,49065.8029,0.0963,480.93,059003.000069,059003.000244,-0.1086,2B,1.4446,1517.634,0
6.9,48928.9035,0.0957,473.66,059003.000069,059003.000241,-0.0184,2G,0.5423,9353.412,0
6.9,48860.7153,0.0955,32904.51,059003.000131,059003.000282,0.2764,3B,0.3225,15521.588,0
6.9,48853.9142,0.0954,939.41,059003.000057,059003.000225,-0.0938,2G,1.3541,53935.994,0
6.9,48831.4968,0.0954,46852.97,059003.000076,059003.000254,-0.6321,5A,0.5053,30234.121,0
6.9,48820.0088,0.0953,467.93,059003.000106,059003.000269,-0.2676,3B,1.0199,904.869,0
6.9,48786.5295,0.0952,9323.48,059003.000165,059003.000303,0.2417,3A,0.5475,8782.268,0
6.9,48740.1269,0.095,46375.1,059003.000079,059003.000256,0.2083,3G,0.419,210735.093,0
6.9,48626.7998,0.0946,2289.34,059003.000084,059003.000257,0.2207,3G,0.4702,602.038,0
6.9,48582.1152,0.0944,13666.81,059003.000151,059003.000299,-0.0993,2G,0.4427,3376.265,0
6.9,48537.1854,0.0942,13597.44,059003.000072,059003.000241,0.0081,2G,0.3373,3788.09,0
6.9,48476.214,0.094,1800.49,059003.000119,059003.000275,-0.2058,3G,0.7006,35042.089,0
6.9,48468.7704,0.0939,1349.23,059003.000063,059003.000229,0.149,2B,1.4718,11093.062,0
6.9,48403.2865,0.0937,4464.02,059003.000133,059003.000284,0.2682,3A,0.4335,4447.215,0
6.9,48349.7302,0.0935,13310.47,059003.000154,059003.000301,-0.0104,2B,0.6357,33540.606,0
6.9,48176.6674,0.0928,130489.88,059003.000047,059003.000207,0.0286,2A,0.4672,125801.684,0
6.9,48042.5293,0.0923,856.57,059003.000149,059003.000295,-0.1247,2B,0.6671,302.001,0
6.9,47975.4529,0.1841,1274.91,059003.000144,059003.000293,-0.7908,5B,0.3271,2083.357,0
6.9,47969.5894,0.092,4246.82,059003.000111,059003.000267,-0.0362,2A,0.5017,6777.592,0
6.9,47880.1786,0.0917,840.58,059003.000138,059003.000288,0.4032,5G,0.511,5169.989,0
6.9,47859.6488,0.0916,419.29,059003.000062,059003.000223,-0.0099,2G,0.411,10329.223,0
6.9,47692.3683,0.091,2055.8,059003.000067,059003.000229,0.0311,2G,0.4911,44966.246,0
6.9,47690.4323,0.0909,16442.65,059003.000102,059003.000265,-0.012,2G,1.5441,600.65,0
6.9,47650.8341,0.0908,8183.16,059003.000180,059003.000309,0.0571,2B,0.4584,2938.364,0
6.9,47547.7301,0.0904,1212.65,059003.000100,059003.000260,-0.0207,2C,1.004,131.035,0
6.9,47259.1896,0.067,78335.4,059003.000126,059003.000438,0.1409,3B,0.3564,29641.919,0
6.9,46926.21,0.1541,54978.57,059003.000075,059003.000235,-0.4145,3G,0.3282,466202.32,0
6.9,46723.0005,0.0655,44839.86,059003.000085,059003.000248,0.0734,2C,0.7295,9790.869,0
6.9,46653.7106,0.0653,41917.31,059003.000071,059003.000227,0.0095,2G,0.6243,1563929.079,0
6.9,46025.7397,0.0636,47772.46,059003.000138,059003.000280,-0.2272,4B,0.5416,16063.39,0
6.9,45971.7695,0.0634,22851.11,059003.000126,059003.000437,-0.0967,2G,0.53,6568.38,0
6.9,45839.7308,0.063,20558.43,059003.000155,059003.000293,0.2109,4A,0.4571,27879.177,0
6.9,45574.9198,0.0623,16818.99,059003.000064,059003.000212,-0.0779,2G,0.4871,226612.049,0
6.9,45564.9705,0.0623,16697.46,059003.000057,059003.000206,-0.1066,2G,0.518,242368.451,0
6.9,45513.9602,0.0621,112653.37,059003.000082,059003.000234,0.0775,2B,0.3901,70951.447,0
6.9,45412.63,1.0105,104871.86,059003.000067,059003.000216,1.3561,2D,1.7728,4540.151,0
6.9,45270.5606,0.0615,13600.36,059003.000095,059003.000248,-0.0926,2E,1.9064,273.753,0
6.9,45214.4205,0.0613,13105.44,059003.000105,059003.000255,0.1665,3B,1.3169,2209.894,0
6.9,45146.1096,0.0611,12538.45,059003.000059,059003.000206,0.0018,2G,0.5977,354328.973,0
6.9,45129.81,0.0611,12408.59,059003.000091,059003.000242,-0.2042,4B,1.1881,2130.34,0
6.9,45029.3098,0.0608,11651.04,059003.000133,059003.000277,-0.3431,5B,0.334,7440.636,0
6.9,45008.76,0.1418,80533.93,059003.000063,059003.000207,0.1764,2G,0.523,18077.35,0
6.9,44982.4606,0.0607,11321.84,059003.000075,059003.000221,-0.0435,2G,0.5331,224775.845,0
6.9,44967.7397,0.1415,56106.8,059003.000085,059003.000234,-0.2911,3G,0.5066,12181.639,0
6.9,44963.9596,0.0607,55978.91,059003.000049,059003.000197,-0.0084,2G,0.5724,879576.136,0
6.9,44943.8104,0.0606,22121.92,059003.000108,059003.000256,0.1985,4B,0.9594,4754.733,0
6.9,44923.6808,0.1413,10928.79,059003.000114,059003.000258,-0.155,2B,0.6312,4674.471,0
6.9,44913.391,0.1412,32586.54,059003.000089,059003.000240,-0.2512,2A,0.5166,27853.381,0
6.9,44905.1694,0.0605,64856.48,059003.000164,059003.000296,0.1006,2B,0.4576,128121.89,0
6.9,44838.2892,0.0603,10394.84,059003.000130,059003.000270,-0.2983,5G,0.3701,2139.177,0
6.9,44791.491,0.0602,20239.24,059003.000070,059003.000213,0.1297,3B,0.499,58416.467,0
6.9,44732.1507,0.06,9787.21,059003.000540,059003.000228,-0.2035,4G,0.6769,62777.479,0
6.9,44684.4492,0.0599,9532.75,059003.000079,059003.000223,-0.0506,2G,0.665,262553.011,0
6.9,44652.1812,0.0598,9366.75,059003.000088,059003.000237,-0.1254,3B,0.943,22242.445,0
6.9,44616.21,0.0597,18374.64,059003.000078,059003.000432,-0.0888,2A,0.3792,17718.579,0
6.9,44566.5809,1.1401,8949.09,059003.000145,059003.000286,-1.8813,2B,0.3429,6001.318,0
6.9,44500.9809,0.1386,8649.99,059003.000188,059003.000312,0.5219,4B,0.4814,3418.095,0
6.9,44494.0311,0.0594,8619.31,059003.000088,059003.000235,0.0573,2B,0.7375,33373.946,0
6.9,44374.2202,0.0591,40595.25,059003.000108,059003.000252,-0.0324,2B,0.4283,24408.129,0
6.9,44370.0096,0.0591,16204.82,059003.000146,059003.000286,-0.1653,3A,0.3716,17928.668,0
6.9,44330.9297,0.059,15901.72,059003.000163,059003.000294,0.4984,5G,0.4965,64842.338,0
6.9,44324.0703,0.1375,63398.32,059003.000087,059003.000231,0.031,2C,1.138,4905.482,0
6.9,44307.2206,0.0589,39307.04,059003.000135,059003.000274,0.1224,3B,0.4236,64899.007,0
6.9,44247.4507,0.0587,22931.75,059003.000119,059003.000259,-0.0,2G,0.5815,4458.634,0
6.9,44212.5195,0.0586,45131.57,059003.000120,059003.000262,-0.0388,2B,0.7268,114672.548,0
6.9,44162.3803,0.0585,7353.13,059003.000142,059003.000279,0.092,2B,0.4142,2940.068,0
6.9,44162.3803,0.0585,7353.13,059003.000212,059003.000559,0.1656,3G,0.7743,378.209,0
6.9,44053.9695,0.0582,7012.06,059003.000086,059003.000228,0.077,2G,0.366,35427.359,0
6.9,44041.6696,0.0582,6975.32,059003.000135,059003.000272,0.0927,2G,0.3594,2314.3,0
6.9,44010.2702,0.0581,6883.25,059003.000100,059003.000240,0.0845,2G,0.5289,125403.416,0
6.9,43977.3107,0.058,40735.29,059003.000171,059003.000297,0.1055,2G,0.4675,380140.46,0
6.9,43972.0707,0.1353,60970.54,059003.000172,059003.000297,0.3458,3A,0.5539,38102.122,0
6.9,43947.5704,0.0579,20119.76,059003.000144,059003.000281,-0.2648,5G,0.4247,6256.885,0
6.9,43919.51,0.0579,6630.51,059003.000075,059003.000215,0.0117,2B,0.5099,17931.299,0
6.9,43892.7909,0.0578,6559.72,059003.000089,059003.000233,0.186,4B,0.3853,10669.305,0
6.9,43885.5901,0.0578,39245.47,059003.000158,059003.000290,0.5074,5B,0.6016,12188.178,0
6.9,43881.1802,0.1348,45706.15,059003.000114,059003.000256,0.1862,2G,0.4617,9613.296,0
6.9,43744.0209,0.0574,6193.35,059003.000112,059003.000254,0.2293,4B,0.3904,2763.33,0
6.9,43721.8599,0.0573,49140.57,059003.000073,059003.000210,-0.049,2A,0.4582,75979.533,0
6.9,43714.4212,0.0573,6125.74,059003.000206,059003.000552,-0.0159,2G,0.6164,55445.161,0
6.9,43703.6305,0.0573,6101.5,059003.000218,059003.000348,0.0616,2B,0.6249,16517.624,0
6.9,43690.3805,0.1336,12144.08,059003.000156,059003.000289,-0.1025,2G,0.6007,119711.646,0
6.9,43656.9696,0.0572,53992.55,059003.000081,059003.000431,0.1029,2G,0.3258,16306.922,0
6.9,43637.5,0.1333,5957.63,059003.000145,059003.000281,-0.1111,2B,1.1216,1497.568,0
6.9,43613.8094,0.1332,47263.92,059003.000045,059003.000195,0.2328,2B,0.4784,16629.313,0
6.9,43597.9106,0.057,5875.22,059003.000045,059003.000194,-0.0722,2G,0.7014,70154.671,0
6.9,43559.539,0.0569,40585.14,059003.000080,059003.000218,-0.1192,3A,0.5758,43627.295,0
6.9,43521.5693,0.0568,5723.73,059003.000080,059003.000217,0.0892,2B,1.0074,1143.738,0
6.9,43416.0295,0.1319,27647.24,059003.000074,059003.000209,-0.2466,2A,0.5733,39445.448,0
6.9,43412.8801,1.0198,38667.35,059003.000211,059003.000554,0.7145,2A,0.5913,34104.217,0
6.9,43412.8801,1.0198,38667.35,059003.000095,059003.000233,1.216,2C,0.7104,8934.412,0
6.9,43406.6803,0.1319,11026.08,059003.000177,059003.000300,-0.5288,5G,0.4852,39806.076,0
6.9,43398.7898,0.0565,38495.04,059003.000081,059003.000217,0.0076,2C,1.4163,2971.704,0
6.9,43320.2891,0.1314,16101.8,059003.000082,059003.000218,-0.0068,2G,0.5999,178747.025,0
6.9,43320.2891,0.1314,16101.8,059003.000070,059003.000206,0.031,2G,0.4924,430911.119,0
6.9,43278.9893,0.0562,15903.49,059003.000089,059003.000228,0.1061,2G,0.4093,81043.223,0
6.9,43227.3593,0.0561,31329.78,059003.000069,059003.000204,0.0016,2C,1.2866,2123.17,0
6.9,43175.7396,0.0559,10290.85,059003.000147,059003.000280,0.1755,4B,0.5102,29833.613,0
6.9,43133.099,0.0558,25424.37,059003.000111,059003.000247,0.0175,2B,0.617,7457.725,0
6.9,43127.5112,0.0558,50770.96,059003.000091,059003.000227,0.0106,2G,0.2863,12592.092,0
6.9,43092.9699,0.0557,15089.41,059003.000127,059003.000264,0.1767,4G,0.306,4904.044,0
6.9,43060.1298,0.0556,29916.44,059003.000074,059003.000207,-0.1188,3B,0.7983,21621.47,0
6.9,43060.1298,0.0556,29916.44,059003.000157,059003.000287,-0.0828,2B,0.5069,11822.333,0
6.9,42997.7007,0.1294,19624.57,059003.000218,059003.000347,-0.2213,2A,0.6613,20100.93,0
6.9,42990.849,0.1294,4897.62,059003.000195,059003.000320,-0.0746,2A,0.655,2786.691,0
6.9,42982.3296,0.1293,4887.09,059003.000115,059003.000253,0.3411,3A,0.3738,5584.478,0
6.9,42938.791,0.1291,48344.11,059003.000080,059003.000215,0.0422,2B,0.4007,29682.61,0
6.9,42928.7892,0.0553,24112.88,059003.000098,059003.000229,0.0461,2B,0.5518,80245.661,0
6.9,42927.1099,0.0553,43385.39,059003.000175,059003.000294,-0.4476,5A,0.5347,30723.054,0
6.9,42898.0901,0.0552,23934.28,059003.000216,059003.000346,-0.162,3B,0.7127,20201.302,0
6.9,42898.0901,0.0552,23934.28,059003.000085,059003.000220,0.1272,3C,0.7547,4071.098,0
6.9,42868.5795,0.0551,23766.84,059003.000151,059003.000282,-0.0557,2G,0.3407,5078.908,0
6.9,42778.2896,0.0549,9311.72,059003.000203,059003.000338,-0.006,2B,0.5894,19064.745,0
6.9,42748.4493,0.0548,9250.43,059003.000091,059003.000223,0.0919,2B,0.6926,23239.436,0
6.9,42740.3509,0.0548,4617.03,059003.000112,059003.000435,-0.1063,2B,0.5117,14761.074,0
6.9,42731.6799,0.1278,13824.98,059003.000130,059003.000265,-0.2427,2A,0.5216,9793.482,0
6.9,42705.5303,0.0547,18329.83,059003.000093,059003.000226,0.0425,2G,0.6423,2930.899,0
6.9,42637.7494,0.0545,18071.93,059003.000189,059003.000310,0.083,2A,0.4955,18680.319,0
6.9,42472.4801,0.0541,8750.73,059003.000080,059003.000211,-0.1917,4G,0.6536,38513.319,0
6.9,42437.2297,0.054,17389.77,059003.000149,059003.000279,0.2287,5C,0.786,3677.688,0
6.9,42372.8991,0.0539,8597.2,059003.000206,059003.000339,-0.1082,3G,0.6023,111159.944,0
6.9,42361.5897,0.1256,21451.42,059003.000072,059003.000202,0.0649,2G,0.4951,4374.846,0
6.9,42347.2593,0.0538,25679.19,059003.000216,059003.000344,-0.4558,5G,0.541,2022.207,0
6.9,42347.2593,0.0538,25679.19,059003.000162,059003.000290,0.098,2A,0.5141,16716.676,0
6.9,42325.2812,0.0537,8528.26,059003.000218,059003.000554,0.102,2B,0.9505,11208.807,0
6.9,42245.3109,0.0535,4209.32,059003.000220,059003.000555,0.1498,3A,0.4434,3794.88,0
6.9,42213.3092,0.0535,25130.55,059003.000173,059003.000445,0.0061,2G,0.434,86067.477,0
6.9,42197.1192,0.0534,8356.14,059003.000197,059003.000326,-0.0361,2G,0.6247,111099.47,0
6.9,42116.7912,0.0532,16515.13,059003.000207,059003.000545,-0.1845,4A,0.4388,16021.452,0
6.9,42079.7791,0.0531,32857.62,059003.000123,059003.000255,0.0419,2A,0.4083,45264.62,0
6.9,42065.0502,0.0531,16395.22,059003.000106,059003.000231,0.1059,2D,1.6377,1845.141,0
6.9,42029.0208,0.1236,40787.13,059003.000120,059003.000252,-0.2729,3A,0.4375,26869.484,0
6.9,42029.0208,0.1236,40787.13,059003.000112,059003.000240,0.2226,2C,0.7359,6130.123,0
6.9,42022.7197,0.053,4075.26,059003.000089,059003.000431,-0.2975,5G,0.4575,26612.238,0
6.9,42009.9904,0.0529,16273.41,059003.000098,059003.000432,0.2814,5A,0.5728,10236.249,0
6.9,41973.7599,0.1233,4049.09,059003.000121,059003.000253,-0.0506,2A,0.5019,3866.542,0
6.9,41965.27,0.0528,24268.01,059003.000221,059003.000556,-0.0362,2G,0.6462,4591.375,0
6.9,41958.3891,0.0528,12123.32,059003.000209,059003.000547,-0.115,3G,0.5815,66466.1,0
6.9,41927.1102,0.0527,20125.88,059003.000115,059003.000244,-0.1282,3B,0.5139,36310.085,0
6.9,41884.0903,0.0526,28027.74,059003.000115,059003.000243,-0.0082,2G,0.363,86632.476,0
6.9,41846.9006,0.0525,19931.27,059003.000217,059003.000343,0.0136,2G,0.47,4088.612,0
6.9,41837.6911,0.0525,15927.83,059003.000084,059003.000210,-0.0211,2B,1.3729,15608.488,0
6.9,41830.1894,0.0525,7956.96,059003.000226,059003.000559,0.1458,3D,2.3143,176.644,0
6.9,41825.8497,0.0525,19882.41,059003.000153,059003.000281,-0.032,2A,0.5281,19025.052,0
6.9,41764.1594,0.0523,15795.4,059003.000095,059003.000221,-0.1071,3B,0.5848,4553.84,0
6.9,41650.84,0.052,15607.1,059003.000217,059003.000553,-0.0822,2G,0.6549,3556.503,0
6.9,41471.1693,0.0516,3835.83,059003.000163,059003.000288,-0.2266,5B,0.4991,7038.661,0
6.9,41464.1505,0.0516,15333.81,059003.000105,059003.000224,-0.1366,3B,0.8559,8217.032,0
6.9,41453.6191,0.0516,19149.52,059003.000102,059003.000432,-0.1196,3G,0.3417,4512.474,0
6.9,41449.9089,0.0515,3828.66,059003.000221,059003.000344,-0.3195,5B,0.4132,6082.862,0
6.9,41303.4401,0.0512,3782.41,059003.000114,059003.000237,0.1215,3G,0.4198,18246.865,0
6.9,41249.8489,0.051,3766.75,059003.000202,059003.000329,0.0581,2B,0.7496,1728.306,0
6.9,41217.8192,0.051,3757.67,059003.000096,059003.000219,-0.0134,2B,0.9,9060.524,0
6.9,41208.9814,0.0509,7510.4,059003.000143,059003.000273,0.2011,4A,0.6627,9117.356,0
6.9,41170.711,0.0508,3744.68,059003.000221,059003.000553,0.0633,2A,0.5759,6351.041,0
6.9,41110.3803,0.0507,7457.27,059003.000069,059003.000197,0.0278,2G,0.4783,48621.091,0
6.9,41093.5592,0.0507,11172.81,059003.000203,059003.000330,0.1401,3A,0.6323,7182.95,0
6.9,41049.13,0.0505,7425.91,059003.000087,059003.000209,0.0958,2A,0.6087,4749.958,0
6.9,41001.1503,0.0504,37010.51,059003.000231,059003.000347,-0.1039,3G,0.6402,7329.157,0
6.9,40757.3611,0.0498,3644.45,059003.000076,059003.000200,0.163,4G,0.6324,31342.027,0
6.9,40756.0314,0.0498,3644.16,059003.000113,059003.000230,0.0335,2G,0.7986,78449.719,0
6.9,40726.4409,0.1161,10912.79,059003.000135,059003.000264,-0.0991,2G,0.4283,183673.786,0
6.9,40698.9994,0.0497,3631.55,059003.000163,059003.000286,0.1473,3B,0.8812,819.855,0
6.9,40647.5893,0.0496,25341.94,059003.000098,059003.000216,-0.0904,2B,1.106,6605.076,0
6.9,40590.6514,0.0494,28862.83,059003.000146,059003.000275,-0.0365,2G,0.5784,103496.297,0
6.9,40515.5093,0.0492,32323.11,059003.000132,059003.000258,0.0095,2B,0.3419,20131.169,0
6.9,40491.8509,0.0492,21517.64,059003.000120,059003.000239,-0.1287,3A,0.6246,23702.769,0
6.9,40413.9196,0.049,3569.06,059003.000126,059003.000251,0.1132,3G,0.4814,55569.222,0
6.9,40353.5314,0.0489,3555.5,059003.000233,059003.000346,0.1635,4G,0.621,945.975,0
6.9,40339.1111,0.0488,7104.45,059003.000135,059003.000262,0.0645,2G,0.5473,47187.569,0
6.9,40254.5205,0.0486,10597.97,059003.000170,059003.000287,0.1245,3B,0.5231,4229.779,0
6.9,40235.2996,0.0486,3528.11,059003.000095,059003.000211,0.1159,3G,0.441,61935.517,0
6.9,40233.68,0.1133,35277.26,059003.000115,059003.000229,0.0479,2C,0.8192,6876.821,0
6.9,40184.2603,0.0484,10547.51,059003.000244,059003.000348,-0.0292,2B,0.5907,20809.324,0
6.9,40167.5898,0.0484,7023.51,059003.000096,059003.000212,0.0223,2G,0.6878,268478.733,0
6.9,40117.6402,0.0483,20995.84,059003.000097,059003.000211,-0.1335,3B,1.4574,10786.157,0
6.9,40110.9114,0.0483,6995.2,059003.000062,059003.000195,-0.0346,2B,0.388,13490.28,0
6.9,40091.071,0.0482,3492.53,059003.000227,059003.000552,0.0128,2B,0.5905,1306.705,0
6.9,40081.8313,0.0482,10470.46,059003.000245,059003.000560,0.0972,3A,0.6268,6593.347,0
6.9,40071.0597,0.1124,10462.09,059003.000082,059003.000200,0.1699,2B,0.9061,2437.969,0
6.9,40068.9894,0.1124,34868.23,059003.000175,059003.000288,0.4673,5G,0.5186,8202.404,0
6.9,40059.9811,0.0481,24391.29,059003.000201,059003.000542,0.0443,2A,0.603,43056.785,0
6.9,39995.3594,0.048,34671.78,059003.000164,059003.000282,-0.0275,2B,0.8863,46393.724,0
6.9,39988.6215,0.048,13861.33,059003.000212,059003.000333,-0.0022,2G,0.6747,67338.978,0
6.9,39987.5511,0.1119,10395.11,059003.000113,059003.000225,-0.1691,2D,2.1689,197358.878,0
6.9,39981.381,0.048,3463.34,059003.000188,059003.000307,-0.1571,4B,0.4775,8426.914,0
6.9,39960.7599,0.0479,3457.6,059003.000150,059003.000277,0.2645,5A,0.5822,6125.794,0
6.9,39948.3709,0.0479,27632.95,059003.000201,059003.000322,0.0064,2B,0.5891,11391.613,0
6.9,39944.3813,0.0479,3452.99,059003.000144,059003.000271,-0.0183,2E,2.3904,48.996,0
6.9,39940.681,0.0479,17259.7,059003.000121,059003.000236,-0.1667,4G,0.5009,3300.074,0
6.9,39924.4695,0.5,6894.61,059003.000099,059003.000211,-0.7828,2B,0.3603,3159.108,0
6.9,39917.5507,0.0478,10335.93,059003.000127,059003.000248,-0.1017,3A,0.5766,8562.668,0
6.9,39910.769,0.0478,3443.35,059003.000119,059003.000234,-0.0021,2B,0.7611,8162.392,0
6.9,39899.5215,0.0478,10320.2,059003.000204,059003.000324,-0.0547,2G,0.5086,3011.53,0
6.9,39769.9112,0.0474,3400.18,059003.000248,059003.000560,-0.0867,2G,0.6159,32262.019,0
6.9,39738.8607,0.0474,13560.01,059003.000165,059003.000281,0.2292,5G,0.335,3124.068,0
6.9,39703.8704,0.0473,3378.23,059003.000229,059003.000551,0.0877,2G,0.5758,19921.588,0
6.9,39661.4393,0.0472,23544.52,059003.000215,059003.000334,-0.0277,2B,0.6792,11833.551,0
6.9,39651.1207,0.0472,3359.84,059003.000171,059003.000443,0.0001,2A,0.3251,2916.658,0
6.9,39645.3699,0.0472,6715.58,059003.000223,059003.000341,-0.019,2A,0.5717,7632.327,0
6.9,39602.8287,0.047,16711.49,059003.000084,059003.000199,-0.1108,3B,0.8412,14880.127,0
6.9,39524.9906,0.0469,13250.03,059003.000085,059003.000200,-0.0473,2A,0.5229,13462.877,0
6.9,39505.6003,0.0468,3304.78,059003.000180,059003.000298,-0.0002,2C,0.9838,22651.837,0
6.9,39487.661,0.0468,9892.57,059003.000115,059003.000224,0.0703,2A,0.3683,8006.147,0
6.9,39454.371,0.109,19702.62,059003.000231,059003.000550,-0.0404,2A,0.658,32150.036,0
6.9,39448.6909,0.1089,16406.92,059003.000262,059003.000561,0.3969,4B,0.5865,56214.722,0
6.9,39410.1592,0.0466,6529.82,059003.000171,059003.000284,-0.0621,2G,0.4308,44122.377,0
6.9,39365.6204,0.0465,9735.62,059003.000180,059003.000447,0.4752,5G,0.5938,54985.453,0
6.9,39353.8613,0.0465,6479.77,059003.000201,059003.000319,-0.0463,2G,0.5971,32585.573,0
6.9,39322.5607,0.0464,3225.47,059003.000147,059003.000271,0.0185,2B,0.5013,1099.511,0
6.9,39308.7788,0.0464,3219.0,059003.000104,059003.000211,0.0535,2B,0.5647,10481.313,0
6.9,39269.4915,0.0463,25601.4,059003.000214,059003.000332,0.0,2G,0.5987,197411.948,0
6.9,39179.5302,0.046,3154.79,059003.000200,059003.000317,0.0157,2B,0.7623,6602.103,0
6.9,39174.9406,0.046,15761.94,059003.000234,059003.000549,-0.1216,3B,1.1703,3360.23,0
6.9,39156.4112,0.046,3142.6,059003.000437,059003.000563,0.1183,3G,0.363,672.618,0
6.9,39106.3609,0.0459,12461.85,059003.000105,059003.000209,0.0424,2A,0.6649,7948.836,0
6.9,39077.9104,0.0458,15497.85,059003.000087,059003.000200,-0.0548,2D,1.8921,474.661,0
6.9,38981.5592,0.0456,3043.18,059003.000223,059003.000337,-0.1293,3B,0.9704,2523.85,0
6.9,38976.3189,0.1063,3040.0,059003.000160,059003.000442,-0.0069,2A,0.5538,2066.179,0
6.9,38969.4807,0.0456,3035.83,059003.000158,059003.000438,-0.0078,2B,0.4335,5147.152,0
6.9,38931.409,0.1061,18073.46,059003.000243,059003.000556,0.1458,2E,2.3994,139.664,0
6.9,38903.1796,0.0454,11977.36,059003.000132,059003.000252,-0.1192,3E,2.2762,176.135,0
6.9,38879.9195,0.1058,5958.65,059003.000112,059003.000217,-0.1693,2B,0.3294,3644.023,0
6.9,38861.1214,0.1057,5934.02,059003.000247,059003.000557,0.1087,2G,0.6318,27584.826,0
6.9,38849.2599,0.0453,8877.48,059003.000244,059003.000555,-0.1408,4G,0.4555,2605.263,0
6.9,38849.2599,0.0453,8877.48,059003.000243,059003.000554,0.2202,5G,0.6961,476.237,0
6.9,38805.5116,0.0452,5859.33,059003.000106,059003.000210,0.013,2B,0.8214,2519.842,0
6.9,38755.2601,0.1051,26052.49,059003.000247,059003.000346,-0.3503,4D,1.6922,1642.415,0
6.9,38753.6511,0.0451,8680.75,059003.000237,059003.000548,-0.0857,2B,0.6316,28077.819,0
6.9,38690.3106,0.0449,2847.87,059003.000131,059003.000246,0.0636,2B,0.4197,1736.556,0
6.9,38683.5493,0.0449,8528.66,059003.000231,059003.000547,0.0503,2G,0.662,1427.329,0
6.9,38664.2703,0.0448,2828.56,059003.000084,059003.000197,0.06,2B,1.157,6133.609,0
6.9,38637.9689,0.0448,25278.63,059003.000247,059003.000554,0.0411,2C,0.8421,3259.404,0
6.9,38623.9699,0.0448,2798.06,059003.000181,059003.000300,0.061,2B,0.8613,1950.737,0
6.9,38601.6993,0.0447,8342.69,059003.000181,059003.000299,0.0434,2A,0.493,7376.415,0
6.9,38569.3014,0.0446,5511.06,059003.000252,059003.000559,-0.1,3G,0.6308,23541.675,0
6.9,38563.239,0.0446,13753.67,059003.000202,059003.000316,-0.0385,2A,0.6125,10019.937,0
6.9,38553.5597,0.0446,2743.04,059003.000145,059003.000267,0.0246,2G,0.3125,10212.501,0
6.9,38546.3507,0.0446,16423.69,059003.000435,059003.000555,-0.1391,4G,0.6703,3249.09,0
6.9,38486.0586,0.0444,10752.92,059003.000231,059003.000545,0.1155,3A,0.5318,10968.633,0
6.9,38472.9809,0.0444,2677.38,059003.000072,059003.000195,-0.0003,2B,0.4899,1342.912,0
6.9,38432.6687,0.1034,2643.47,059003.000135,059003.000255,0.1541,2A,0.5868,1688.737,0
6.9,38424.089,0.0443,2636.17,059003.000253,059003.000347,0.1964,5G,0.5749,471.682,0
6.9,38407.9113,0.0443,5244.61,059003.000115,059003.000218,-0.0477,2B,0.5282,10001.373,0
6.9,38404.539,0.0442,5238.8,059003.000133,059003.000251,0.1764,4A,0.4851,5743.685,0
6.9,38320.791,0.0441,10183.08,059003.000232,059003.000544,0.0,2A,0.4575,8167.1,0
6.9,38289.1791,0.044,7551.69,059003.000252,059003.000558,-0.1546,4A,0.5642,6606.189,0
6.9,38287.2408,0.044,2515.47,059003.000073,059003.000194,0.0544,2G,0.4578,21972.139,0
6.9,38266.66,0.0439,9986.62,059003.000251,059003.000557,-0.0188,2B,0.7229,2880.222,0
6.9,38255.9187,0.1024,4973.54,059003.000245,059003.000344,0.3408,4B,0.4499,8235.929,0
6.9,38221.1086,0.0438,2454.43,059003.000214,059003.000324,-0.0169,2G,0.4693,44958.226,0
6.9,38210.1215,0.0438,2444.13,059003.000159,059003.000273,-0.2105,5D,1.7756,375.876,0
6.9,38199.969,0.0438,19476.56,059003.000209,059003.000542,-0.0366,2A,0.6332,12766.816,0
6.9,38190.5115,0.0438,14553.77,059003.000186,059003.000453,0.0002,2B,0.3272,40170.006,0
6.9,38171.5091,0.4225,2407.56,059003.000245,059003.000343,-0.453,2G,0.4652,8280.202,0
6.9,38167.7314,0.0437,7211.87,059003.000237,059003.000341,0.086,2A,0.6079,8573.369,0
6.9,38139.1312,0.0436,11882.41,059003.000236,059003.000547,0.031,2B,0.6467,4026.128,0
6.9,38087.2212,0.0435,16281.14,059003.000251,059003.000555,0.1266,3B,0.4577,8153.124,0
6.9,38079.7403,0.0435,11592.54,059003.000203,059003.000314,0.0,2B,0.4398,25520.094,0
6.9,38007.4703,0.0433,2246.39,059003.000128,059003.000233,0.0234,2G,0.4209,560.741,0
6.9,37999.4588,0.4187,2238.29,059003.000256,059003.000559,-0.5833,2G,0.6268,11465.982,0
6.9,37975.3191,0.4182,6641.33,059003.000245,059003.000553,-0.6783,2G,0.5021,236.347,0
6.9,37975.3191,0.4182,6641.33,059003.000218,059003.000327,-0.6203,2G,0.68,752.801,0
6.9,37975.3191,0.4182,6641.33,059003.000130,059003.000235,0.5242,2D,1.6731,1410.146,0
6.9,37870.2487,0.1004,8420.77,059003.000167,059003.000442,-0.3788,4B,0.4759,15604.337,0
6.9,37840.5886,0.043,6222.09,059003.000119,059003.000220,-0.1146,3B,0.3145,10240.548,0
6.9,37834.4711,0.0429,12405.46,059003.000164,059003.000441,0.046,2G,0.5882,2208.769,0
6.9,37811.5004,0.4146,4086.54,059003.000134,059003.000248,0.786,2D,1.9548,3606.847,0
6.9,37769.379,0.0428,11990.5,059003.000249,059003.000344,0.1641,4B,0.4313,5496.285,0
6.9,37746.3699,0.0997,15790.13,059003.000166,059003.000441,-0.2475,3D,2.5702,1259.219,0
6.9,37682.1594,0.0426,1904.5,059003.000161,059003.000439,0.0664,2D,1.9045,689.126,0
6.9,37629.1493,0.0991,1846.86,059003.000246,059003.000548,0.4149,5B,0.7474,2562.159,0
6.9,37583.9988,0.0424,3595.02,059003.000183,059003.000295,-0.0001,2G,0.6354,618.198,0
6.9,37577.4006,0.0424,1790.28,059003.000150,059003.000267,-0.0144,2B,0.6393,546.927,0
6.9,37505.0111,0.0422,1710.79,059003.000133,059003.000241,-0.0557,2B,0.6779,5034.972,0
6.9,37474.2798,0.0421,8384.85,059003.000129,059003.000230,-0.1589,4B,1.3325,4660.436,0
6.9,37429.4589,0.042,1627.62,059003.000164,059003.000439,-0.0635,2B,1.2634,734.571,0
6.9,37420.2293,0.042,3234.92,059003.000248,059003.000549,0.0634,2B,0.6578,1262.773,0
6.9,37295.3214,0.0417,7401.44,059003.000112,059003.000208,0.0214,2B,0.7101,2727.48,0
6.9,37261.9606,0.0417,1443.86,059003.000119,059003.000216,0.1665,4G,0.4244,5085.865,0
6.9,37250.0807,0.4024,11447.31,059003.000123,059003.000218,-0.0582,2B,0.4757,5369.387,0
6.9,37244.6009,0.0416,4274.85,059003.000134,059003.000241,0.0799,2G,0.5872,40581.139,0
6.9,37208.5786,0.0415,11086.79,059003.000209,059003.000317,0.1331,4B,0.5428,6028.149,0
6.9,37195.6617,0.0415,9603.12,059003.000208,059003.000315,0.0264,2G,0.5176,1716.686,0
6.9,37153.2417,0.0414,5304.73,059003.000145,059003.000264,-0.1219,3D,2.1413,191.995,0
6.9,37132.7602,0.0414,5216.96,059003.000212,059003.000318,0.0022,2B,0.9017,1304.537,0
6.9,37092.8095,0.0413,2523.38,059003.000158,059003.000270,0.1394,4A,0.546,4160.915,0
6.9,37042.5513,0.1,6043.42,059003.000246,059003.000341,-0.0917,2C,0.8694,1145.13,0
6.9,36979.0885,0.0957,2285.4,059003.000255,059003.000343,-0.022,2G,0.4351,726.957,0
6.9,36954.3694,0.5,2234.63,059003.000146,059003.000264,-0.707,2A,0.5875,2765.055,0
6.9,36936.6286,0.0409,1099.21,059003.000156,059003.000268,0.0463,2G,0.4481,3951.099,0
6.9,36894.5208,0.3947,3169.99,059003.000132,059003.000237,-0.4617,2D,1.8146,2196.371,0
6.9,36862.2802,0.0408,5122.5,059003.000080,059003.000194,0.1222,4B,0.4358,15527.056,0
6.9,36822.1787,0.0407,985.02,059003.000263,059003.000348,0.0295,2G,0.6134,181.36,0
6.9,36815.6008,0.0407,4893.04,059003.000219,059003.000323,0.0734,2A,0.5932,4985.602,0
6.9,36751.41,0.0405,2750.7,059003.000035,059003.000184,0.0658,2G,0.3294,930.802,0
6.9,36706.3484,0.0943,87461.27,059003.000129,059003.000225,0.1872,2D,2.2976,10163.021,0
6.9,36687.71,0.0404,1714.77,059003.000176,059003.000278,-0.1044,3G,0.4424,6007.217,0
6.9,36654.4418,0.094,827.02,059003.000235,059003.000334,0.101,2A,0.6817,763.886,0
6.9,36648.5206,0.0403,821.67,059003.000139,059003.000252,-0.0652,2B,0.6803,2640.917,0
6.9,36645.8386,0.094,6554.03,059003.000183,059003.000293,-1.193,5B,0.5483,2749.427,0
6.9,36645.8386,0.094,6554.03,059003.000184,059003.000295,0.4546,5B,0.5854,3114.083,0
6.9,36622.6205,0.0402,2395.39,059003.000082,059003.000194,-0.1752,5A,0.3246,1966.841,0
6.9,36622.6205,0.0402,2395.39,059003.000306,059003.000570,0.0983,3A,0.42,1991.779,0
6.9,36575.9197,0.0401,2272.3,059003.000099,059003.000197,-0.0394,2G,0.6518,11942.691,0
6.9,36567.6004,0.0401,6001.9,059003.000146,059003.000262,0.0175,2B,0.3933,2073.609,0
6.9,36553.7806,0.0401,5906.88,059003.000186,059003.000302,0.0002,2B,0.4031,13520.561,0
6.9,36550.4407,0.0401,1471.01,059003.000224,059003.000325,-0.1944,5B,0.5216,814.312,0
6.9,36543.9617,0.0935,729.98,059003.000132,059003.000234,-0.058,2C,1.0396,4346.174,0
6.9,36424.8089,0.3847,3161.4,059003.000135,059003.000238,-0.6194,2B,1.519,1129.13,0
6.9,36418.1208,0.3846,2508.08,059003.000084,059003.000195,-0.4627,2A,0.6892,2268.084,0
6.9,36418.1208,0.3846,2508.08,059003.000125,059003.000217,0.4515,2G,0.587,11278.544,0
6.9,36409.4394,0.0398,4341.61,059003.000185,059003.000449,0.0707,2B,1.3348,953.986,0
6.9,36294.2101,0.0922,2637.82,059003.000242,059003.000335,-0.4653,5A,0.4465,2282.966,0
6.9,36200.1901,0.0917,5480.54,059003.000176,059003.000440,-0.1209,2A,0.4787,3874.66,0
6.9,36152.5089,0.0392,1861.86,059003.000151,059003.000264,-0.0063,2G,0.4205,6794.174,0
6.9,36094.2108,0.0391,3809.98,059003.000119,059003.000208,-0.0066,2D,2.596,1213.223,0
6.9,36002.6105,0.0389,1973.41,059003.000133,059003.000230,0.0542,2G,0.6659,18872.44,0
6.9,35992.5589,0.0389,1980.96,059003.000180,059003.000290,-0.2707,5B,0.8062,1116.908,0
6.9,35987.5308,0.3755,2977.11,059003.000123,059003.000210,0.1697,2A,0.4555,2291.356,0
6.9,35979.4687,0.0906,4977.02,059003.000127,059003.000219,-0.0182,2G,0.5905,23577.724,0
6.9,35671.3085,0.0382,3338.89,059003.000141,059003.000251,-0.0914,3G,0.4919,27919.199,0
6.9,35638.6114,0.0889,7878.99,059003.000140,059003.000249,0.1948,3B,0.5252,3139.249,0
6.9,35605.0583,0.038,6831.14,059003.000129,059003.000219,0.0811,3B,0.5159,2938.942,0
6.9,35529.9602,0.0884,1167.55,059003.000266,059003.000348,-0.2233,3B,0.6007,2872.028,0
6.9,35521.8817,0.0379,7024.07,059003.000186,059003.000447,-0.3392,5B,0.4322,3345.286,0
6.9,35417.5291,0.3637,3633.14,059003.000132,059003.000223,0.29,2G,0.528,16733.386,0
6.9,35401.3803,0.0877,1217.29,059003.000276,059003.000561,-0.1135,2A,0.5931,962.954,0
6.9,35385.0493,0.0376,8565.22,059003.000108,059003.000197,-0.0578,2B,0.4686,5186.592,0
6.9,35368.7083,0.0876,2459.83,059003.000125,059003.000211,-0.1526,2G,0.5092,12774.722,0
6.9,35361.3291,0.0375,3698.3,059003.000153,059003.000265,-0.0257,2G,0.3979,958.626,0
6.9,35317.8711,0.0374,2499.08,059003.000142,059003.000249,0.0671,2B,0.3838,1622.597,0
6.9,35233.2584,0.5,2564.2,059003.000133,059003.000225,-1.0203,3G,0.7731,83961.348,0
6.9,35195.711,0.0867,10371.98,059003.000175,059003.000272,-0.2056,3B,0.5741,4845.542,0
6.9,35157.2212,0.0371,2622.43,059003.000120,059003.000204,0.0677,2A,0.319,2877.754,0
6.9,35109.3608,0.037,1329.45,059003.000160,059003.000266,0.0206,2E,2.4596,14.141,0
6.9,35108.3397,0.037,1329.84,059003.000241,059003.000331,0.0188,2A,0.658,1575.807,0
6.9,35072.98,0.0861,1343.26,059003.000446,059003.000565,0.1162,2B,0.4561,3286.521,0
6.9,35044.3593,0.5,4062.23,059003.000126,059003.000211,-0.8753,2B,0.4805,8332.932,0
6.9,35016.8221,0.0368,1364.46,059003.000142,059003.000435,-0.0622,2A,0.4927,1133.2,0
6.9,34868.7898,0.3526,9937.13,059003.000126,059003.000210,-0.6534,2D,1.9843,1521.222,0
6.9,34832.9184,0.0364,1432.76,059003.000125,059003.000208,0.0381,2G,0.5976,52344.334,0
6.9,34715.1412,0.0844,5901.42,059003.000179,059003.000286,-0.2243,3G,0.3388,19727.736,0
6.9,34603.8605,0.0359,1514.59,059003.000145,059003.000253,0.0915,3G,0.3988,13246.356,0
6.9,34407.4282,0.0355,7904.91,059003.000257,059003.000336,0.0093,2G,0.4017,1713.509,0
6.9,34405.4007,0.0355,1581.65,059003.000141,059003.000239,0.0345,2G,0.6864,23233.96,0
6.9,34383.0811,0.0355,6355.69,059003.000153,059003.000258,0.0039,2B,0.7608,1960.381,0
6.9,34350.5603,0.0354,1599.42,059003.000156,059003.000258,0.0827,3A,0.6233,1771.711,0
6.9,34350.5603,0.0354,1599.42,059003.000132,059003.000218,0.1273,4G,0.3117,15451.777,0
6.9,34288.2615,0.0823,14572.52,059003.000144,059003.000248,-0.1853,3B,0.4083,7354.746,0
6.9,34161.6011,0.0817,9946.67,059003.000145,059003.000250,0.1474,2B,0.7883,16685.355,0
6.9,34151.0212,0.035,1660.9,059003.000151,059003.000256,-0.0952,3G,0.3887,11556.61,0
6.9,34042.892,0.0348,8459.61,059003.000188,059003.000448,0.1207,4B,0.6338,24063.48,0
6.9,34042.892,0.0348,8459.61,059003.000187,059003.000447,0.3001,5A,0.6597,5746.554,0
6.9,33979.0404,0.0808,15384.65,059003.000120,059003.000199,0.1629,3B,0.7396,12019.944,0
6.9,33978.0492,0.0808,8548.36,059003.000145,059003.000248,-0.1735,3D,2.4322,642.035,0
6.9,33729.3702,0.0796,12399.1,059003.000132,059003.000215,-0.1533,2E,2.4912,181.293,0
6.9,33540.6412,0.5,10863.57,059003.000147,059003.000435,0.3446,2G,0.4425,3064.575,0
6.9,33526.9809,0.3259,271975.61,059003.000140,059003.000232,-0.1185,2A,0.5266,216983.619,0
6.9,33522.3299,0.0337,12698.27,059003.000183,059003.000285,-0.006,2G,0.5219,74709.89,0
6.9,33505.9001,0.0337,5451.22,059003.000145,059003.000243,0.0209,2D,2.5727,4934.485,0
6.9,33494.1299,0.0785,10915.27,059003.000191,059003.000449,-0.2748,4B,0.5244,5127.448,0
6.9,33309.4917,0.0333,1849.03,059003.000330,059003.000529,0.0002,2G,0.654,452.581,0
6.9,33307.141,0.0776,3698.73,059003.000146,059003.000433,0.1191,2G,0.3875,16675.408,0
6.9,33282.7592,0.5,16674.74,059003.000142,059003.000233,-1.4289,3D,2.7213,2027.203,0
6.9,33282.7592,0.5,16674.74,059003.000163,059003.000264,-0.9944,2G,0.4328,2692.306,0
6.9,33241.4514,0.08,278728.67,059003.000134,059003.000215,0.1295,2B,0.6075,136130.484,0
6.9,33078.9289,0.0766,3751.87,059003.000182,059003.000283,0.2443,4B,0.4996,11490.811,0
6.9,33051.1299,0.0765,3756.75,059003.000328,059003.000523,0.0002,2B,0.5655,1439.987,0
6.9,33047.6586,0.08,3757.34,059003.000153,059003.000255,0.0499,2B,0.724,1414.333,0
6.9,33046.3485,0.0764,13151.45,059003.000189,059003.000297,-0.2932,4G,0.4986,77107.073,0
6.9,33041.7711,0.0327,5637.47,059003.000183,059003.000283,-0.0456,2G,0.5161,101339.436,0
6.9,33037.0901,0.0327,1879.54,059003.000164,059003.000263,0.0274,2B,0.6062,947.802,0
6.9,32954.0485,0.076,18855.06,059003.000167,059003.000264,0.1681,3C,1.5402,1249.208,0
6.9,32917.878,0.0325,3775.21,059003.000180,059003.000279,-0.1239,4B,0.3912,7726.156,0
6.9,32847.0314,0.0324,13235.82,059003.000146,059003.000239,0.0272,2G,0.5068,59854.413,0
6.9,32839.5024,0.0755,5673.32,059003.000191,059003.000446,0.0782,2C,0.9951,691.484,0
6.9,32808.1901,0.0323,9460.5,059003.000165,059003.000261,-0.0711,3G,0.5059,274393.82,0
6.9,32695.3516,0.0321,1893.76,059003.000323,059003.000518,0.0002,2A,0.5394,1816.999,0
6.9,32694.3082,0.0321,1893.77,059003.000152,059003.000434,-0.0002,2G,0.4093,415.597,0
6.9,32571.9794,0.5,15137.01,059003.000150,059003.000244,-0.9196,2G,0.4928,57160.266,0
6.9,32515.9402,0.0317,1890.19,059003.000135,059003.000211,0.0105,2D,1.8516,357.747,0
6.9,32421.7507,0.08,15081.98,059003.000140,059003.000432,-0.1951,3B,0.4544,33828.157,0
6.9,31564.9793,0.91,6991.76,059003.000134,059003.000205,-0.5948,2G,0.5201,24669.296,0
6.9,31533.9693,0.0298,1740.1,059003.000152,059003.000236,0.1127,4C,0.7372,322.277,0
6.9,31532.9024,0.0298,1739.82,059003.000127,059003.000197,0.0127,2G,0.4831,42584.125,0
6.9,31326.4306,0.08,1683.14,059003.000176,059003.000261,0.0837,2G,0.376,409.932,0
6.9,31287.87,0.08,11702.19,059003.000446,059003.000564,0.0465,2A,0.4217,8097.24,0
6.9,31247.1591,0.0293,3318.9,059003.000150,059003.000234,-0.0472,2D,2.3954,2310.061,0
6.9,31156.4797,0.0291,1631.16,059003.000142,059003.000217,-0.0362,2G,0.5257,16668.269,0
6.9,30659.7887,0.0282,4371.23,059003.000167,059003.000255,-0.0663,3A,0.5671,4332.826,0
6.9,30630.4477,0.08,28919.46,059003.000148,059003.000223,0.045,2B,0.4792,53004.296,0
6.9,30559.9285,0.028,1419.0,059003.000144,059003.000431,0.0584,3A,0.4747,1111.529,0
6.9,30461.8677,0.0649,2761.77,059003.000277,059003.000549,0.0945,2E,2.0924,35.788,0
6.9,30095.4807,0.0272,4936.36,059003.000191,059003.000292,0.0001,2G,0.5143,41951.854,0
6.9,30047.6375,0.0271,2429.23,059003.000152,059003.000222,0.0566,3A,0.444,3649.541,0
6.9,29918.6919,0.1,34860.68,059003.000139,059003.000206,0.4015,5G,0.5027,685114.551,0
6.9,29880.9393,0.0625,6879.72,059003.000140,059003.000207,-0.0027,2G,0.512,35188.932,0
6.9,29817.9876,0.0267,5604.78,059003.000165,059003.000247,-0.0239,2C,1.0216,798.373,0
6.9,29714.9087,0.0265,5395.28,059003.000183,059003.000274,-0.025,2B,1.2054,3134.095,0
6.9,29571.7828,0.1,5106.56,059003.000142,059003.000208,0.0558,2B,0.5537,2386.431,0
6.9,29526.8516,0.0262,1003.33,059003.000134,059003.000198,-0.0214,2B,0.5519,3043.444,0
6.9,29515.5091,0.0261,998.8,059003.000187,059003.000287,-0.0343,2G,0.5144,19688.914,0
6.9,29151.1323,0.1,5141.71,059003.000187,059003.000444,-0.0005,2B,0.5123,2539.974,0
6.9,28284.7828,0.056,562.05,059003.000158,059003.000221,0.0257,2D,1.7051,22.774,0
6.9,28009.0017,0.0235,484.0,059003.000185,059003.000440,0.0081,2B,0.688,154.443,0
6.9,27601.3809,0.0229,383.66,059003.000038,059003.000162,-0.1124,5A,0.4858,336.288,0
6.9,27508.3319,0.0227,726.46,059003.000154,059003.000213,-0.0183,2B,1.1098,452.218,0
6.9,27447.6886,0.08,350.4,059003.000164,059003.000226,-0.178,3B,1.1705,307.459,0
6.9,27430.6307,0.0226,346.86,059003.000150,059003.000208,-0.0219,2G,0.5261,6740.225,0
6.9,27405.9328,0.0225,341.79,059003.000151,059003.000208,0.0085,2B,1.3588,209.883,0
6.9,27387.2198,0.0225,337.98,059003.000158,059003.000216,-0.0506,3A,0.546,513.073,0
6.9,27358.3799,0.0224,2657.53,059003.000152,059003.000207,-0.0453,3G,0.6015,456.282,0
6.9,27339.9994,0.0224,328.54,059003.000192,059003.000285,0.0023,2B,0.5801,174.761,0
6.9,27244.2874,0.0223,620.19,059003.000148,059003.000204,-0.0346,2B,0.3342,322.6,0
6.9,27210.3411,0.0222,303.77,059003.000165,059003.000224,-0.0505,3G,0.4681,2663.121,0
6.9,27164.7099,0.0221,295.44,059003.000134,059003.000194,-0.0211,2G,0.5357,4358.393,0
6.9,27145.4608,0.0221,1167.95,059003.000156,059003.000212,-0.0025,2A,0.5221,694.945,0
6.9,26982.9605,0.0218,264.22,059003.000552,059003.000425,0.0001,2B,0.3648,154.533,0
6.9,26897.0304,0.0217,250.52,059003.000167,059003.000223,-0.0324,2B,0.5214,665.357,0
6.9,26422.233,0.0209,744.14,059003.000171,059003.000226,0.0292,2B,1.0225,1236.343,0
6.9,26254.3001,0.0207,1673.61,059003.000165,059003.000220,0.0211,2A,0.5161,1022.845,0
6.9,26016.8313,0.0203,288.38,059003.000044,059003.000176,-0.1471,5G,0.6087,72.37,0
6.9,25918.0472,0.0201,813.5,059003.000154,059003.000205,0.0279,2G,0.5384,2983.549,0
6.9,25867.0004,0.0201,262.71,059003.000186,059003.000436,-0.0129,2A,0.6152,216.903,0
6.9,25830.3093,0.02,256.82,059003.000167,059003.000218,0.0527,3G,0.4581,66.957,0
6.9,25794.6794,0.02,376.85,059003.000037,059003.000155,-0.0278,2B,0.778,479.097,0
6.9,25787.2708,0.0199,125.04,059003.000161,059003.000215,-0.0333,2G,0.483,2383.045,0
6.9,25773.1268,0.0199,247.92,059003.000034,059003.000147,0.0245,2B,1.5706,68.194,0
6.9,25581.6671,0.0458,110.31,059003.000191,059003.000278,0.1341,3B,0.4652,242.086,0
6.9,25555.5691,0.5,868.68,059003.000150,059003.000199,-0.5001,2G,0.5409,167.713,0
6.9,25427.5198,0.0452,100.6,059003.000173,059003.000221,-0.1361,4A,0.5078,156.512,0
6.9,25200.1137,0.5,528.95,059003.000367,059003.000611,-0.4674,2B,0.4573,191.942,0
6.9,25124.4511,0.0189,337.89,059003.000172,059003.000218,-0.0488,3B,0.3079,840.124,0
6.9,24993.8185,0.0187,628.82,059003.000077,059003.000183,-0.0725,4G,0.3232,170.104,0
6.9,24989.6287,0.0187,78.42,059003.000188,059003.000276,-0.0138,2G,0.6851,550.881,0
6.9,24913.4975,0.0186,75.28,059003.000038,059003.000152,0.0548,3G,0.5028,696.583,0
6.9,24901.8493,0.0434,149.64,059003.000305,059003.000563,-0.0045,2A,0.4314,98.311,0
6.9,24593.4277,0.5,64.05,059003.000158,059003.000200,0.1731,2G,0.3248,205.045,0
6.9,24593.4277,0.5,64.05,059003.000151,059003.000197,0.816,2B,0.8763,114.701,0
6.9,24503.613,0.018,368.55,059003.000172,059003.000215,0.0226,2D,1.7811,42.431,0
6.9,24489.1575,0.018,61.02,059003.000171,059003.000214,0.0012,2G,0.4153,430.724,0
6.9,24308.3502,0.0177,338.48,059003.000179,059003.000250,-0.0068,2B,0.8728,310.888,0
6.9,24118.4712,0.0407,314.37,059003.000350,059003.000585,0.0097,2A,0.4091,367.194,0
6.9,24107.0725,0.0174,156.54,059003.000349,059003.000579,0.0,2G,0.4077,486.434,0
6.9,24107.0725,0.0174,156.54,059003.000374,059003.000616,0.0002,2B,0.4119,86.851,0
6.9,24099.313,0.0174,780.52,059003.000349,059003.000578,0.0008,2A,0.4057,1169.201,0
6.9,24094.1889,0.0174,311.64,059003.000350,059003.000582,-0.0002,2G,0.4093,1533.628,0
6.9,24082.0484,0.0174,413.73,059003.000393,059003.000622,0.0732,5G,0.4608,1406.307,0
6.9,24046.3811,0.0173,102.15,059003.000188,059003.000437,0.024,2B,0.4596,34.822,0
6.9,24033.1734,0.0404,305.09,059003.000043,059003.000160,-0.0405,2A,0.6596,460.929,0
6.9,24004.368,0.0173,402.87,059003.000375,059003.000611,0.0023,2G,0.406,1693.091,0
6.9,23960.4438,0.0402,297.88,059003.000351,059003.000590,0.0036,2G,0.4096,6483.861,0
6.9,23955.1714,0.0172,99.13,059003.000177,059003.000220,0.0198,2B,0.4477,38.857,0
6.9,23953.542,0.0172,49.54,059003.000360,059003.000601,0.016,2G,0.4485,394.373,0
6.9,23945.6187,0.0172,49.42,059003.000173,059003.000212,0.0067,2G,1.357,2.368,0
6.9,23912.4518,0.0171,342.4,059003.000360,059003.000593,-0.0162,2B,0.4053,193.084,0
6.9,23898.5921,0.0171,48.71,059003.000173,059003.000211,0.019,2B,0.3158,122.203,0
6.9,23895.6766,0.0171,243.35,059003.000351,059003.000583,-0.0009,2G,0.4083,793.325,0
6.9,23882.7372,0.0399,48.48,059003.000153,059003.000198,0.0852,3B,0.6587,23.613,0
6.9,23863.0116,0.0171,433.87,059003.000107,059003.000186,-0.0235,2B,0.6551,121.586,0
6.9,23819.3897,0.017,333.37,059003.000361,059003.000599,0.0,2G,0.4065,2281.912,0
6.9,23813.452,0.0397,95.1,059003.000179,059003.000245,0.0623,2B,0.3801,57.131,0
6.9,23801.683,0.017,142.19,059003.000361,059003.000596,-0.17,5A,0.3984,115.007,0
6.9,23799.3971,0.017,47.37,059003.000291,059003.000336,-0.0021,2B,0.3633,98.096,0
6.9,23793.9832,0.0396,141.91,059003.000161,059003.000203,0.0826,3A,0.6002,200.373,0
6.9,23788.2872,0.017,708.47,059003.000361,059003.000595,-0.0003,2B,0.3992,1464.516,0
6.9,23784.4621,0.017,1179.61,059003.000361,059003.000592,0.1688,5A,0.4179,839.555,0
6.9,23756.0398,0.0169,702.66,059003.000362,059003.000606,-0.0,2G,0.4082,221.514,0
6.9,23701.7718,0.0393,184.95,059003.000050,059003.000169,0.0321,2B,1.3604,25.903,0
6.9,23668.0798,0.0168,1376.66,059003.000118,059003.000188,0.0058,2G,0.3382,470.555,0
6.9,23650.7779,0.0168,1371.55,059003.000001,059003.000097,0.0038,2G,0.4973,335.502,0
6.9,23644.6502,0.0168,913.19,059003.000470,059003.000614,0.1789,5G,1.5833,29.209,0
6.9,23642.4488,0.0391,273.83,059003.000144,059003.000194,-0.0146,2G,0.4182,1132.338,0
6.9,23634.3775,0.0168,182.25,059003.000052,059003.000171,0.0213,2G,0.6073,1371.062,0
6.9,23626.522,0.0391,318.42,059003.000363,059003.000605,-0.0,2G,0.4051,6326.279,0
6.9,23600.8765,0.0167,135.78,059003.000185,059003.000265,0.0038,2B,0.7645,82.934,0
6.9,23587.6587,0.0167,90.29,059003.000192,059003.000275,0.0104,2B,1.4715,45.694,0
6.9,23576.8289,0.0167,90.11,059003.000464,059003.000603,0.0003,2B,1.2619,12.863,0
6.9,23572.6612,0.0167,900.42,059003.000471,059003.000609,-0.3332,5G,0.4874,261.292,0
6.9,23564.6381,0.0167,179.82,059003.000471,059003.000607,0.1385,5A,0.5535,183.95,0
6.9,23554.6215,0.0166,673.15,059003.000399,059003.000622,0.0002,2A,0.4085,705.153,0
6.9,23551.5106,0.0388,448.52,059003.000377,059003.000618,0.0142,2A,0.4604,324.651,0
6.9,23546.9811,0.0388,358.54,059003.000352,059003.000583,0.0015,2B,0.397,663.694,0
6.9,23536.2109,0.0166,223.68,059003.000363,059003.000595,-0.0,2G,0.3992,71.68,0
6.9,23532.7072,0.0166,1341.28,059003.000353,059003.000586,0.0004,2G,0.4015,275.134,0
6.9,23528.0337,0.0166,1787.0,059003.000153,059003.000196,-0.0157,2G,0.3166,512.894,0
6.9,23471.5419,0.0165,221.46,059003.000353,059003.000578,-0.0007,2G,0.4152,1032.578,0
6.9,23460.897,0.0385,176.91,059003.000380,059003.000619,-0.0095,2B,0.4209,480.413,0
6.9,23438.7766,0.0165,396.88,059003.000364,059003.000600,-0.0123,2B,0.4184,245.485,0
6.9,23425.9979,0.0165,440.28,059003.000180,059003.000433,0.0208,2A,0.56,344.83,0
6.9,23398.3911,0.0164,219.44,059003.000378,059003.000611,-0.0238,2B,0.4207,127.67,0
6.9,23397.9164,0.0164,175.54,059003.000364,059003.000593,0.0148,2G,0.3907,1187.885,0
6.9,23395.4521,0.0164,87.75,059003.000466,059003.000602,-0.0011,2B,0.9377,22.401,0
6.9,23382.1525,0.0383,394.32,059003.000061,059003.000178,-0.0033,2G,0.5641,4180.085,0
6.9,23382.1525,0.0383,394.32,059003.000379,059003.000609,0.0928,3B,0.4112,1077.994,0
6.9,23376.5691,0.0382,437.88,059003.000379,059003.000608,-0.024,2B,0.3905,814.645,0
6.9,23349.1888,0.0164,436.76,059003.000365,059003.000603,0.0024,2A,0.48,468.755,0
6.9,23322.6539,0.0163,174.32,059003.000381,059003.000614,-0.182,5B,0.4116,432.152,0
6.9,23321.2967,0.0163,217.88,059003.000381,059003.000613,0.1173,5G,0.4971,799.552,0
6.9,23319.5717,0.0163,174.28,059003.000354,059003.000583,0.0005,2G,0.3939,49.542,0
6.9,23300.1382,0.0163,1305.35,059003.000381,059003.000612,0.065,4B,0.4994,715.532,0
6.9,23280.6767,0.0163,391.14,059003.000365,059003.000597,-0.0017,2A,0.4204,563.416,0
6.9,23266.4721,0.0162,390.85,059003.000400,059003.000622,0.1018,5A,0.396,401.26,0
6.9,23221.0189,0.0377,216.75,059003.000307,059003.000563,-0.0931,3G,0.4456,777.048,0
6.9,23149.5479,0.0161,129.95,059003.000146,059003.000195,0.0019,2A,0.4551,202.677,0
6.9,23139.9573,0.0161,43.32,059003.000357,059003.000588,-0.0032,2G,0.398,414.403,0
6.9,23123.1987,0.016,86.67,059003.000383,059003.000610,0.0088,2G,0.4104,354.158,0
6.9,23119.2282,0.016,1083.41,059003.000383,059003.000609,-0.008,2A,0.4021,801.201,0
6.9,23099.4316,0.0373,86.72,059003.000356,059003.000584,0.0036,2G,0.4131,721.391,0
6.9,23089.819,0.016,216.87,059003.000053,059003.000169,-0.0244,2G,0.5832,38.422,0
6.9,23083.3503,0.016,173.54,059003.000384,059003.000619,-0.0009,2B,0.4108,264.611,0
6.9,23040.647,0.0159,260.89,059003.000366,059003.000600,-0.002,2G,0.4232,54.838,0
6.9,23008.2608,0.0159,1089.57,059003.000044,059003.000159,-0.0259,2A,0.5805,939.036,0
6.9,23006.1603,0.0159,174.36,059003.000448,059003.000558,0.0201,2D,2.0184,5.184,0
6.9,22999.1932,0.0159,392.54,059003.000179,059003.000238,0.0381,3C,1.332,25.797,0
6.9,22996.1427,0.0159,87.25,059003.000182,059003.000248,0.04,3G,0.4562,1180.4,0
6.9,22996.1427,0.0159,87.25,059003.000358,059003.000589,0.0655,5G,0.4121,313.782,0
6.9,22988.6017,0.0158,174.63,059003.000358,059003.000588,-0.0004,2G,0.4077,918.176,0
6.9,22972.6318,0.0158,218.62,059003.000367,059003.000596,0.1475,5A,0.392,186.176,0
6.9,22967.0996,0.0158,349.98,059003.000368,059003.000601,-0.1431,5B,0.4365,195.757,0
6.9,22967.0996,0.0158,349.98,059003.000368,059003.000600,0.0276,2A,0.4011,441.022,0
6.9,22959.5131,0.0961,437.83,059003.000358,059003.000585,-0.1081,2B,0.3827,187.674,0
6.9,22954.7781,0.0158,1314.16,059003.000367,059003.000592,-0.1465,5B,0.3916,843.235,0
6.9,22951.4221,0.0158,306.75,059003.000189,059003.000269,0.0056,2G,0.4793,60.751,0
6.9,22947.0522,0.0158,306.9,059003.000172,059003.000206,-0.0181,2D,2.2532,12.197,0
6.9,22917.0883,0.0158,88.01,059003.000385,059003.000617,0.0017,2G,0.3836,401.814,0
6.9,22881.3486,0.0157,132.68,059003.000165,059003.000200,-0.0053,2B,0.628,36.561,0
6.9,22862.3186,0.0157,266.16,059003.000386,059003.000619,0.0024,2B,0.4216,115.893,0
6.9,22829.0885,0.0156,178.46,059003.000304,059003.000561,-0.0046,2D,2.12,10.725,0
6.9,22827.8796,0.0365,133.88,059003.000172,059003.000205,0.037,2G,0.3311,709.544,0
6.9,22823.2764,0.0156,312.65,059003.000044,059003.000158,0.113,5C,1.3686,36.803,0
6.9,22798.8075,0.0156,224.38,059003.000386,059003.000613,-0.0021,2A,0.4067,201.263,0
6.9,22797.399,0.0156,403.99,059003.000040,059003.000148,-0.0153,2B,1.3593,537.09,0
6.9,22722.2674,0.0155,182.61,059003.000476,059003.000611,0.0198,2B,1.5657,34.05,0
6.9,22716.8797,0.0155,91.43,059003.000406,059003.000622,-0.1506,5G,0.3877,968.729,0
6.9,22716.2912,0.0155,137.16,059003.000467,059003.000597,0.0015,2A,0.4804,158.694,0
6.9,22715.022,0.0361,320.15,059003.000460,059003.000589,-0.0219,2B,0.3957,773.508,0
6.9,22710.1085,0.0361,91.58,059003.000054,059003.000169,-0.011,2B,0.5799,32.792,0
6.9,22707.5981,0.0361,183.29,059003.000460,059003.000588,0.0292,2B,0.3952,468.059,0
6.9,22707.5981,0.0361,183.29,059003.000461,059003.000589,0.1562,5A,0.3962,125.282,0
6.9,22706.2723,0.0155,137.51,059003.000373,059003.000602,0.0006,2B,1.3541,176.234,0
6.9,22705.5675,0.0155,45.85,059003.000476,059003.000607,-0.1193,5B,1.1004,110.56,0
6.9,22696.5103,0.0154,275.73,059003.000052,059003.000166,0.0093,2G,0.6139,2227.648,0
6.9,22684.3836,0.0154,230.52,059003.000182,059003.000245,0.0172,2D,1.7695,21.36,0
6.9,22631.0486,0.0358,280.93,059003.000122,059003.000187,-0.0324,2G,0.3357,71.625,0
6.9,22608.6667,0.0153,330.07,059003.000052,059003.000164,-0.0266,2C,0.9502,3096.206,0
6.9,22594.3275,0.0153,378.99,059003.000387,059003.000616,-0.0,2B,0.4067,724.45,0
6.9,22568.8597,0.0153,47.79,059003.000177,059003.000210,0.0047,2B,0.4479,16.539,0
6.9,22555.2074,0.0153,384.14,059003.000387,059003.000609,0.2859,5A,0.4041,417.497,0
6.9,22552.5519,0.0153,48.06,059003.000462,059003.000586,-0.0003,2B,0.3805,106.403,0
6.9,22549.4672,0.0152,433.05,059003.000462,059003.000585,0.0069,2B,0.4007,892.546,0
6.9,22549.4672,0.0152,433.05,059003.000387,059003.000608,0.0123,2B,0.3868,1118.633,0
6.9,22540.8999,0.0152,144.8,059003.000388,059003.000617,0.0002,2A,0.4502,117.672,0
6.9,22528.1992,0.0355,96.99,059003.000001,059003.000087,0.0363,2G,0.6185,657.477,0
6.9,22486.2996,0.0152,345.09,059003.000183,059003.000433,-0.0215,2G,0.4622,1222.339,0
6.9,22434.2276,0.0151,518.69,059003.000359,059003.000582,0.0039,2B,0.3866,224.739,0
6.9,22420.8777,0.0352,138.96,059003.000389,059003.000618,-0.0065,2B,0.4005,70.499,0
6.9,22413.0204,0.0151,3483.72,059003.000359,059003.000581,-0.0,2G,0.3878,1131.952,0
6.9,22409.4064,0.0151,436.03,059003.000359,059003.000580,-0.0,2B,0.415,698.077,0
6.9,22393.8734,0.0351,105.25,059003.000056,059003.000170,0.1295,4G,0.5164,1110.048,0
6.9,22380.0873,0.015,105.81,059003.000188,059003.000266,-0.0099,2B,0.5558,35.451,0
6.9,22266.1374,0.0149,55.6,059003.000179,059003.000233,0.0005,2B,0.5384,19.13,0
6.9,22024.752,0.0145,127.66,059003.000056,059003.000168,-0.0583,5G,0.5564,818.433,0
6.9,21991.9975,0.0145,108.74,059003.000291,059003.000328,0.0017,2G,0.397,21.87,0
6.9,21870.8577,0.0143,94.87,059003.000181,059003.000238,0.013,2G,0.358,27.644,0
6.9,21870.0879,0.0143,47.46,059003.000182,059003.000238,-0.0439,4G,0.4521,410.512,0
6.9,21811.8823,0.0143,198.52,059003.000090,059003.000180,-0.0005,2B,0.4359,322.672,0
6.9,21762.7037,0.0142,154.84,059003.000375,059003.000595,0.0002,2B,0.44,91.201,0
6.9,21553.4782,0.0139,30.88,059003.000393,059003.000612,-0.0476,4G,0.4302,8.723,0
6.9,21512.643,0.0324,224.3,059003.000065,059003.000176,0.1381,5G,0.4529,995.79,0
6.9,21503.4412,0.08,290.83,059003.000156,059003.000195,-0.0632,2A,0.4486,417.514,0
6.9,21440.8179,0.0138,308.25,059003.000165,059003.000196,0.0187,2G,0.341,81.732,0
6.9,21419.6587,0.0321,69.88,059003.000479,059003.000610,-0.0354,2A,0.3822,49.131,0
6.9,21342.9584,0.0137,75.19,059003.000482,059003.000617,-0.0014,2G,0.3908,15.459,0
6.9,21313.701,0.0136,116.03,059003.000482,059003.000613,-0.0802,5B,0.3969,46.24,0
6.9,21280.8335,0.0136,39.94,059003.000483,059003.000618,-0.0006,2G,0.4248,10.788,0
6.9,21275.9506,0.0136,80.26,059003.000187,059003.000260,-0.0001,2A,0.4974,54.005,0
6.9,21203.7668,0.0315,387.82,059003.000457,059003.000566,-0.0001,2B,0.4752,160.65,0
6.9,21155.2276,0.0134,2713.51,059003.000055,059003.000160,0.0058,2G,0.5637,20945.932,0
6.9,21143.7586,0.0313,914.93,059003.000061,059003.000166,-0.0535,2C,0.7867,7014.756,0
6.9,20855.4723,0.013,61.15,059003.000038,059003.000137,-0.0023,2B,0.5975,31.608,0
6.9,20840.3064,0.0304,62.09,059003.000384,059003.000604,0.0,2G,0.396,15.194,0
6.9,20790.2428,0.013,65.27,059003.000451,059003.000554,0.0051,2C,1.2408,5.288,0
6.9,20740.258,0.0301,68.6,059003.000401,059003.000614,0.0429,2G,0.3802,17.501,0
6.9,20550.5742,0.0127,247.38,059003.000032,059003.000093,-0.0014,2G,0.5651,6058.85,0
6.9,20479.6791,0.0126,88.12,059003.000476,059003.000594,0.0,2G,0.4874,20.346,0
6.9,20295.5933,0.0124,103.82,059003.000173,059003.000196,-0.0053,2B,0.2948,52.855,0
6.9,19587.944,0.0115,163.13,059003.000056,059003.000157,0.0167,2B,0.558,90.626,0
6.9,19505.921,0.0114,1677.41,059003.000192,059003.000261,0.0069,2B,0.4311,631.083,0
6.9,19355.8088,0.0112,2605.82,059003.000077,059003.000176,0.0118,2A,0.5081,2366.91,0
6.9,19071.3772,0.0109,174.67,059003.000048,059003.000144,-0.0084,2G,0.6128,1287.956,0
6.9,18996.9771,0.0108,172513.3,059003.000061,059003.000154,0.0061,2G,0.5447,47386.529,0
6.9,18151.1538,0.0099,297.39,059003.000068,059003.000159,-0.001,2B,0.5912,126.599,0
6.9,18149.5871,0.0099,1484.45,059003.000430,059003.000186,-0.0168,2A,0.5007,1226.604,0
6.9,18002.9535,0.0097,251.58,059003.000390,059003.000590,-0.0002,2E,3.1261,0.684,0
6.9,17988.8146,0.0097,824.63,059003.000065,059003.000157,-0.0125,2B,0.5531,309.862,0
6.9,17951.5361,0.0097,78.84,059003.000372,059003.000576,0.001,2G,0.4408,21.813,0
6.9,17936.5445,0.0096,77.41,059003.000458,059003.000572,0.0,2B,0.9767,172.628,0
6.9,17844.5232,0.0095,620.93,059003.000077,059003.000163,0.0101,2A,0.4698,475.017,0
6.9,17799.564,0.0095,65.12,059003.000430,059003.000185,0.005,2G,0.5596,2230.191,0
6.9,17699.9328,0.0094,228.55,059003.000391,059003.000582,-0.0691,5G,0.5091,16.98,0
6.9,17699.9328,0.0094,228.55,059003.000077,059003.000162,0.0293,4B,0.6023,100.57,0
6.9,17587.8433,0.0093,147.58,059003.000458,059003.000419,-0.0,2B,0.5576,287.241,0
6.9,17421.2662,0.0091,39.41,059003.000370,059003.000420,0.0008,2B,1.544,37.733,0
6.9,17378.0867,0.0091,74.52,059003.000459,059003.000419,0.0,2G,0.4829,367.783,0
6.9,17265.5582,0.0209,258.78,059003.000151,059003.000193,0.0509,3E,1.6821,8.455,0
6.9,17179.3085,0.0088,29.23,059003.000191,059003.000245,-0.0026,2B,0.4818,71.724,0
6.9,17152.9196,0.0088,28.38,059003.000319,059003.000485,-0.0007,2G,0.5249,8.041,0
6.9,17125.2399,0.0088,165.28,059003.000039,059003.000127,-0.0001,2B,0.4656,60.174,0
6.9,17097.4276,0.0088,80.28,059003.000190,059003.000240,-0.0643,5G,0.4082,262.41,0
6.9,17097.4276,0.0088,80.28,059003.000463,059003.000574,-0.0004,2G,0.8795,1319.45,0
6.9,17082.2831,0.0087,210.81,059003.000122,059003.000179,-0.0092,2B,0.4478,496.457,0
6.9,16993.6365,0.0087,242.66,059003.000375,059003.000576,-0.0008,2E,2.0202,5.155,0
6.9,16921.038,0.02,22.93,059003.000322,059003.000486,0.002,2A,0.4544,33.101,0
6.9,16793.7979,0.0085,85.48,059003.000184,059003.000209,-0.0017,2G,0.4495,23.38,0
6.9,16775.3358,0.0084,191.07,059003.000364,059003.000574,0.0003,2C,1.2952,13.525,0
6.9,16751.6676,0.0084,168.65,059003.000181,059003.000205,-0.0077,2G,0.4272,35.686,0
6.9,16639.6481,0.0083,83.59,059003.000187,059003.000232,0.0012,2B,0.4599,39.13,0
6.9,16554.5641,0.0082,21.41,059003.000369,059003.000575,-0.0001,2B,1.105,61.239,0
6.9,16439.8486,0.0081,29.07,059003.000155,059003.000193,-0.0075,2G,0.5462,7.32,0
6.9,16184.9622,0.0079,36.67,059003.000430,059003.000184,0.0118,2G,0.6624,185.54,0
6.9,16161.9619,0.0078,335.08,059003.000077,059003.000158,-0.0202,3A,0.463,304.291,0
6.9,16138.9122,0.0182,188.82,059003.000107,059003.000177,0.0266,2G,0.5055,3023.99,0
6.9,16048.1169,0.018,158.36,059003.000470,059003.000421,0.0028,2A,0.5263,255.035,0
6.9,16030.8696,0.018,119.66,059003.000032,059003.000066,0.0021,2G,0.6284,3840.261,0
6.9,16007.9695,0.0077,80.5,059003.000480,059003.000426,-0.0008,2B,0.773,177.691,0
6.9,15979.891,0.0077,365.92,059003.000471,059003.000420,-0.0094,2B,0.7531,312.657,0
6.9,15948.4762,0.0076,246.34,059003.000043,059003.000131,0.0023,2B,0.5831,565.026,0
6.9,15942.6009,0.0178,82.25,059003.000317,059003.000391,0.0267,2G,0.6927,13.779,0
6.9,15917.2756,0.0177,41.4,059003.000549,059003.000496,0.0005,2B,0.4346,16.991,0
6.9,15876.9607,0.0076,83.49,059003.000377,059003.000420,0.0081,2E,1.9253,2.231,0
6.9,15797.9565,0.0175,337.22,059003.000036,059003.000112,0.0114,2A,0.6328,261.723,0
6.9,15478.1576,0.0072,40.34,059003.000092,059003.000165,0.0026,2G,0.3121,9.27,0
6.9,15381.9529,0.022,389.24,059003.000099,059003.000169,0.0409,2C,0.806,66.472,0
6.9,15087.4277,0.0068,132.69,059003.000450,059003.000319,0.0006,2C,1.1523,11.876,0
6.9,15054.6257,0.0068,32.46,059003.000451,059003.000321,-0.0011,2C,1.0619,3.773,0
6.9,14992.6569,0.0157,31.11,059003.000136,059003.000184,-0.0658,5C,0.8022,5.312,0
6.9,14591.5554,0.0064,2276.79,059003.000034,059003.000100,0.0012,2B,0.5832,4722.473,0
6.9,14535.2386,0.0063,86.94,059003.000077,059003.000149,0.0026,2B,0.3378,54.718,0
6.9,14488.2645,0.0063,10455.34,059003.000055,059003.000135,0.0039,2A,0.5951,9882.612,0
6.9,14463.0864,0.0063,102.41,059003.000053,059003.000430,0.0034,2B,0.8275,112.911,0
6.9,14340.4192,0.0062,92.66,059003.000103,059003.000164,-0.0002,2B,0.7155,367.441,0
6.9,14169.1108,0.006,404.98,059003.000036,059003.000102,-0.0016,2G,0.5872,1917.133,0
6.9,14128.1801,0.006,314.17,059003.000051,059003.000131,0.0007,2G,0.5413,1842.059,0
6.9,14112.8363,0.006,543.6,059003.000036,059003.000101,-0.0,2B,0.734,586.638,0
6.9,13883.2007,0.0058,66.41,059003.000192,059003.000222,-0.0032,2G,0.3934,18.325,0
6.9,13822.768,0.0057,320.25,059003.000048,059003.000130,-0.0032,2G,0.5717,3638.966,0
6.9,13729.1166,0.5,60.85,059003.000323,059003.000379,-0.2107,2G,0.4606,13.686,0
6.9,13729.1166,0.5,60.85,059003.000400,059003.000576,0.6371,2G,0.399,4.45,0
6.9,13729.1166,0.5,60.85,059003.000062,059003.000136,1.1236,3G,0.953,2.687,0
6.9,13618.7196,0.0056,577.59,059003.000035,059003.000097,-0.0012,2G,0.619,5049.432,0
6.9,13602.2449,0.0055,172.07,059003.000040,059003.000114,0.0031,2G,0.5914,4092.131,0
6.9,13602.2449,0.0055,172.07,059003.000037,059003.000104,0.0094,2G,0.5682,1736.626,0
6.9,13462.9628,0.0054,54.57,059003.000335,059003.000400,0.0113,3C,0.8158,7.105,0
6.9,13416.2388,0.0126,107.74,059003.000329,059003.000391,-0.0156,2G,0.4854,23.148,0
6.9,13348.6592,0.0053,2122.41,059003.000077,059003.000143,0.0022,2A,0.6117,2684.385,0
6.9,13284.132,0.0123,52.5,059003.000117,059003.000176,0.0102,2B,0.827,41.08,0
6.9,13279.1297,0.0053,472.23,059003.000048,059003.000126,0.0014,2G,0.4968,114.292,0
6.9,13184.1086,0.0104,156.18,059003.000325,059003.000382,-0.0836,5B,1.2127,178.363,0
6.9,13179.7055,0.0052,52.05,059003.000051,059003.000127,0.0005,2B,0.419,100.562,0
6.9,12985.7094,0.0051,52.68,059003.000037,059003.000099,0.0009,2G,0.5337,250.792,0
6.9,12979.7289,0.0118,52.73,059003.000342,059003.000406,-0.0876,5B,0.3769,32.563,0
6.9,12943.1711,0.005,53.07,059003.000541,059003.000364,-0.0,2B,0.5711,26.913,0
6.9,12913.0906,0.0117,106.82,059003.000034,059003.000086,0.0022,2G,0.5853,3949.842,0
6.9,12889.2238,0.0116,53.71,059003.000118,059003.000173,-0.0026,2G,0.6795,1429.831,0
6.9,12888.2512,0.0116,53.72,059003.000136,059003.000179,0.0347,3B,1.4877,27.402,0
6.9,12886.8855,0.005,161.23,059003.000324,059003.000377,0.002,2D,2.1983,14.401,0
6.9,12838.6227,0.0115,54.45,059003.000327,059003.000382,0.1032,5D,1.6419,18.019,0
6.9,12803.1726,0.0115,385.4,059003.000038,059003.000098,0.01,2B,0.821,91.906,0
6.9,12783.922,0.0114,498.73,059003.000324,059003.000471,-0.0138,2G,0.4951,1773.789,0
6.9,12782.2109,0.0114,277.24,059003.000315,059003.000465,-0.0013,2E,2.5216,4.386,0
6.9,12723.8079,0.0113,169.99,059003.000335,059003.000394,-0.0004,2B,1.087,106.317,0
6.9,12692.0506,0.0048,57.41,059003.000325,059003.000470,0.0151,4G,0.4607,785.87,0
6.9,12616.1196,0.0111,237.73,059003.000092,059003.000152,-0.0055,2G,0.609,954.548,0
6.9,12603.3603,0.0111,239.23,059003.000326,059003.000471,-0.0016,2B,0.4401,130.344,0
6.9,12584.9655,0.0047,60.36,059003.000316,059003.000465,-0.0004,2B,0.4928,148.97,0
6.9,12566.2595,0.0047,182.85,059003.000117,059003.000170,-0.0012,2G,0.5709,795.57,0
6.9,12501.6764,0.0047,3157.41,059003.000122,059003.000175,-0.003,2G,0.5429,855.119,0
6.9,12500.0929,0.0047,189.62,059003.000320,059003.000369,-0.0002,2B,0.4331,78.876,0
6.9,12352.5964,0.0046,69.24,059003.000190,059003.000207,0.0005,2B,0.3697,37.531,0
6.9,12325.913,0.0046,563.88,059003.000339,059003.000479,-0.0008,2A,0.455,620.611,0
6.9,12247.4216,0.0045,595.28,059003.000034,059003.000083,-0.0003,2A,0.6564,370.431,0
6.9,12234.6257,0.0045,600.69,059003.000034,059003.000540,-0.0011,2B,0.5914,1708.898,0
6.9,12205.9018,0.0938,536.51,059003.000068,059003.000135,0.1258,2A,0.5645,623.884,0
6.9,12179.2317,0.0044,78.13,059003.000329,059003.000472,0.0008,2B,0.9144,117.966,0
6.9,12161.2143,0.0044,79.17,059003.000048,059003.000123,0.0038,2A,0.5965,70.023,0
6.9,12054.2525,0.0102,428.33,059003.000034,059003.000081,0.0042,2C,0.9461,70.175,0
6.9,12011.5668,0.0043,265.26,059003.000048,059003.000121,-0.0015,2A,0.5795,432.986,0
6.9,11988.0801,0.0043,89.97,059003.000330,059003.000377,0.0011,2B,1.2836,39.798,0
6.9,11966.9626,0.0043,365.51,059003.000032,059003.000046,0.0,2C,1.2562,34.246,0
6.9,11941.7677,0.0043,465.4,059003.000036,059003.000085,-0.0004,2B,0.5491,1041.776,0
6.9,11898.7348,0.0042,576.15,059003.000051,059003.000123,-0.0007,2B,0.748,378.368,0
6.9,11873.5825,0.0042,195.52,059003.000331,059003.000471,-0.0445,5G,0.4367,49.935,0
6.9,11873.5825,0.0042,195.52,059003.000340,059003.000394,0.0,2D,2.6456,41.23,0
6.9,11847.6934,0.0393,497.79,059003.000321,059003.000365,-0.0078,2E,4.8284,0.03,0
6.9,11842.4984,0.0042,99.92,059003.000056,059003.000128,0.0006,2G,0.5649,1346.443,0
6.9,11779.8619,0.0042,104.26,059003.000321,059003.000466,-0.0003,2B,0.5007,41.599,0
6.9,11759.8584,0.0041,211.27,059003.000330,059003.000469,-0.0001,2A,0.5521,134.859,0
6.9,11754.6366,0.0041,105.99,059003.000342,059003.000480,-0.0102,3B,0.6926,255.983,0
6.9,11632.1205,0.0041,456.09,059003.000124,059003.000172,-0.0023,2B,0.6999,1170.73,0
6.9,11600.8628,0.004,115.91,059003.000553,059003.000484,-0.0001,2C,1.1603,7.864,0
6.9,11565.7927,0.004,117.9,059003.000315,059003.000359,0.0004,2G,0.3825,786.343,0
6.9,11529.0363,0.004,958.74,059003.000323,059003.000465,0.0007,2A,0.5043,1018.857,0
6.9,11523.3382,0.004,120.13,059003.000043,059003.000111,-0.0005,2G,0.6354,1519.461,0
6.9,11523.3382,0.004,120.13,059003.000122,059003.000168,0.0433,5G,0.6589,707.003,0
6.9,11518.2951,0.004,120.38,059003.000543,059003.000472,0.0,2B,0.7023,278.115,0
6.9,11479.9051,0.0039,1099.25,059003.000335,059003.000476,-0.0068,2B,0.5763,425.961,0
6.9,11477.3724,0.0092,122.25,059003.000341,059003.000392,0.0029,2A,0.4991,93.277,0
6.9,11477.3724,0.0092,122.25,059003.000058,059003.000127,0.0425,5G,0.6628,11.584,0
6.9,11436.1333,0.0039,123.85,059003.000545,059003.000477,-0.0007,2B,0.656,60.84,0
6.9,11436.1333,0.0039,123.85,059003.000077,059003.000138,-0.0003,2A,0.6144,96.938,0
6.9,11228.8037,0.0238,2526.62,059003.000324,059003.000369,-0.0049,2G,0.6245,408.323,0
6.9,11062.826,0.0037,1198.59,059003.000327,059003.000468,-0.0104,3G,0.4001,367.402,0
6.9,10841.0362,0.0035,495.05,059003.000055,059003.000123,-0.0017,2G,0.6368,1878.947,0
6.9,10796.5938,0.0082,4675.21,059003.000034,059003.000074,-0.0015,2A,0.5901,5642.372,0
6.9,10732.9513,0.0035,2128.36,059003.000034,059003.000539,-0.0,2A,0.6021,1434.642,0
6.9,10683.0058,0.0034,391.53,059003.000328,059003.000369,0.0001,2A,0.402,373.066,0
6.9,10660.1093,0.0034,375.68,059003.000551,059003.000392,0.0005,2B,0.4838,183.024,0
6.9,10606.711,0.0034,1015.93,059003.000342,059003.000387,0.0139,5B,0.4678,449.035,0
6.9,10600.9812,0.0034,334.68,059003.000124,059003.000164,0.0015,2B,0.7382,401.495,0
6.9,10548.1736,0.0033,298.62,059003.000331,059003.000468,0.0085,3D,2.0035,12.789,0
6.9,10498.3875,0.0033,531.39,059003.000337,059003.000378,-0.0007,2B,0.6989,227.207,0
6.9,10326.1519,0.0032,165.66,059003.000554,059003.000482,-0.0047,2A,0.4896,133.589,0
6.9,10311.9027,0.0074,158.6,059003.000560,059003.000488,0.0002,2G,0.4471,48.14,0
6.9,10283.0711,0.0211,144.92,059003.000035,059003.000075,-0.0021,2A,0.5773,185.28,0
6.9,10228.6517,0.0183,121.42,059003.000347,059003.000401,0.0154,2B,0.4211,53.484,0
6.9,10205.0864,0.0031,673.0,059003.000554,059003.000480,0.0054,2C,1.5151,38.542,0
6.9,9846.3991,0.0029,604.42,059003.000329,059003.000364,0.0007,2G,0.3978,139.04,0
8.3,120212.3033,0.578,8538.29,059003.000042,059003.000509,0.0002,2B,0.8866,11822.484,0
8.3,120198.7096,0.5778,2844.5,059003.000064,059003.000535,-2.4094,5B,0.7178,1085.714,0
8.3,120198.7096,0.5778,2844.5,059003.000041,059003.000504,-0.7267,2B,0.6595,1379.907,0
8.3,119450.7968,0.5707,8273.29,059003.000045,059003.000513,1.1023,2C,1.31,500.551,0
8.3,118342.284,0.5601,13160.73,059003.000052,059003.000584,0.869,2G,0.6471,2177.675,0
8.3,117833.0885,0.5553,2575.62,059003.000062,059003.000521,1.3517,3C,0.7436,11777.973,0
8.3,117653.8125,0.5536,2555.89,059003.000064,059003.000521,-0.5555,2A,0.6612,3886.602,0
8.3,117646.9057,0.5536,2555.14,059003.000054,059003.000516,-1.3062,3B,0.8491,996.231,0
8.3,117646.9057,0.5536,2555.14,059003.000054,059003.000515,-0.0,2B,1.2188,2818.666,0
8.3,117456.6875,0.5518,7602.93,059003.000053,059003.000510,0.0021,2B,0.7875,10783.318,0
8.3,116909.688,0.5466,2475.0,059003.000082,059003.000535,0.418,2D,1.7478,166.509,0
8.3,115836.305,0.5366,2361.08,059003.000059,059003.000425,0.9495,2B,0.635,646.59,0
8.3,115671.1104,0.5351,2343.83,059003.000057,059003.000502,-1.4543,3B,0.5737,1025.455,0
8.3,114361.8156,0.5231,2209.89,059003.000082,059003.000521,-0.7033,2C,0.8214,451.423,0
8.3,113806.4142,0.518,2154.53,059003.000108,059003.000536,-0.0,2B,1.2459,494.993,0
8.3,103471.0983,0.4282,2557.21,059003.000131,059003.000506,-0.2407,2B,0.9055,2629.332,0
8.3,102653.3813,0.4214,2442.8,059003.000041,059003.000381,0.089,2B,0.7416,2075.937,0
8.3,102257.6925,0.4182,4777.33,059003.000064,059003.000408,-1.0226,3A,0.6168,4982.815,0
8.3,102257.6925,0.4182,4777.33,059003.000154,059003.000537,0.0002,2G,0.3935,588.27,0
8.3,101440.5112,0.4115,2279.37,059003.000042,059003.000375,-0.5471,2G,0.6779,396.364,0
8.3,101323.0813,0.4106,2263.94,059003.000045,059003.000474,-0.5039,2B,0.7059,959.545,0
8.3,100797.5906,0.4063,5489.33,059003.000062,059003.000487,-0.9276,3A,0.6416,3016.41,0
8.3,100367.0914,0.4029,5352.19,059003.000064,059003.000406,-0.8002,2B,0.5767,10026.865,0
8.3,100115.3072,0.4009,10546.1,059003.000080,059003.000493,-0.5593,2G,0.562,1781.054,0
8.3,99973.2062,0.3997,3137.24,059003.000050,059003.000381,-0.7244,2A,0.6156,5788.073,0
8.3,99973.2062,0.3997,3137.24,059003.000083,059003.000495,0.1989,2A,0.6202,2718.15,0
8.3,99955.8138,0.3996,7312.65,059003.000154,059003.000528,-0.3317,2A,0.3917,7422.242,0
8.3,99886.0249,0.798,52016.58,059003.000079,059003.000410,-0.2118,2B,0.5799,15398.176,0
8.3,99855.7166,0.3988,4153.82,059003.000042,059003.000465,-0.3402,2A,0.5382,2581.375,0
8.3,99855.7166,0.3988,4153.82,059003.000063,059003.000484,0.628,2D,1.6519,273.803,0
8.3,99584.2031,0.3966,1021.73,059003.000062,059003.000397,0.0168,2B,0.6095,3648.116,0
8.3,99426.0053,0.7907,10120.73,059003.000158,059003.000526,0.0,2E,2.5142,117.645,0
8.3,99330.0162,0.3946,3018.72,059003.000085,059003.000493,0.3184,2A,0.6213,2875.455,0
8.3,99330.0162,0.3946,3018.72,059003.000063,059003.000395,1.5261,4G,0.573,616.889,0
8.3,99280.0216,0.3942,7022.49,059003.000154,059003.000522,0.0002,2E,2.1173,94.364,0
8.3,99186.6039,0.3935,1995.14,059003.000130,059003.000417,-0.0005,2B,0.6482,6077.253,0
8.3,99186.6039,0.3935,1995.14,059003.000072,059003.000488,0.5801,2B,0.7212,6138.965,0
8.3,99141.6878,0.3931,14922.98,059003.000066,059003.000400,-0.766,2A,0.5857,20625.317,0
8.3,98919.0971,0.3913,58891.83,059003.000046,059003.000370,-0.8066,3G,0.6772,12431.278,0
8.3,98548.4144,0.3884,2878.77,059003.000131,059003.000416,0.8723,3B,0.6027,6944.838,0
8.3,98513.984,0.3881,7660.55,059003.000047,059003.000366,-0.5079,2B,1.5887,1010.956,0
8.3,98497.4877,0.388,956.6,059003.000041,059003.000357,0.3755,2G,0.5999,11433.128,0
8.3,98454.3152,0.3877,19081.45,059003.000066,059003.000479,-1.0053,3B,0.9792,4189.999,0
8.3,98306.7278,0.773,18909.24,059003.000060,059003.000385,0.3173,2B,1.3921,8065.763,0
8.3,98298.4231,0.7729,4724.9,059003.000046,059003.000364,-1.0773,2G,0.6372,42962.725,0
8.3,98254.3072,0.7722,1884.83,059003.000050,059003.000370,-0.3688,2B,1.2463,1127.298,0
8.3,98254.3072,0.7722,1884.83,059003.000091,059003.000412,1.1726,2A,0.6058,1568.646,0
8.3,98082.9977,0.7695,55950.54,059003.000045,059003.000360,0.9011,2B,0.6013,24258.911,0
8.3,98076.4768,0.3847,932.13,059003.000041,059003.000353,0.0775,2G,0.5942,3819.74,0
8.3,98049.2238,0.3845,1861.13,059003.000095,059003.000495,-0.0255,2B,0.6027,5236.76,0
8.3,97937.103,0.3836,18482.53,059003.000069,059003.000393,-0.5272,2B,0.8819,14280.366,0
8.3,97878.2782,0.3831,920.76,059003.000095,059003.000493,1.0783,3B,0.6045,2894.53,0
8.3,97868.5921,0.7661,4601.04,059003.000059,059003.000379,-0.0768,2G,0.4523,25100.868,0
8.3,97817.8765,0.3827,1834.63,059003.000062,059003.000474,-0.0227,2B,0.6453,5953.486,0
8.3,97817.8765,0.3827,1834.63,059003.000166,059003.000528,6.4775,5A,0.6167,1647.888,0
8.3,97738.7035,0.382,9128.09,059003.000076,059003.000486,-0.1137,2A,0.612,5149.05,0
8.3,97696.0164,0.7634,4551.93,059003.000072,059003.000481,2.0868,3A,0.6393,7401.08,0
8.3,97696.0164,0.7634,4551.93,059003.000151,059003.000508,2.3452,4G,0.6697,247.742,0
8.3,97661.1088,0.3814,9084.08,059003.000081,059003.000491,-0.6685,2B,0.6045,18785.938,0
8.3,97661.1088,0.3814,9084.08,059003.000098,059003.000493,0.5832,2B,0.6861,2314.552,0
8.3,97652.8111,0.3814,907.94,059003.000093,059003.000409,-1.3212,4G,0.6025,4405.962,0
8.3,97546.1273,0.3805,9019.12,059003.000072,059003.000393,-0.0048,2B,1.2807,20347.294,0
8.3,97479.4063,0.38,3592.63,059003.000540,059003.000491,1.5577,5A,0.6213,3043.959,0
8.3,97434.7892,0.3797,895.65,059003.000062,059003.000381,0.5192,2B,0.8196,494.867,0
8.3,97428.8973,0.3796,17906.45,059003.000074,059003.000483,-1.25,4G,0.6738,1184.46,0
8.3,97428.8973,0.3796,17906.45,059003.000154,059003.000514,-0.1562,2G,0.4579,2763.678,0
8.3,97333.0198,0.7578,8899.57,059003.000101,059003.000495,0.3506,2C,0.6954,1311.149,0
8.3,97333.0198,0.7578,8899.57,059003.000075,059003.000397,0.7299,2B,0.555,3098.901,0
8.3,97333.0198,0.7578,8899.57,059003.000156,059003.000512,1.0379,2G,0.5009,447.142,0
8.3,97258.3789,0.3783,8857.95,059003.000075,059003.000396,-0.629,2G,0.5574,69702.022,0
8.3,97217.3166,0.756,7068.08,059003.000076,059003.000484,-1.3031,2C,0.7319,1267.059,0
8.3,97217.3166,0.756,7068.08,059003.000151,059003.000504,-0.3995,2G,1.3683,186.184,0
8.3,97163.2082,0.7551,8805.07,059003.000064,059003.000379,-1.6359,3G,0.6196,44308.729,0
8.3,97163.2082,0.7551,8805.07,059003.000064,059003.000378,2.1458,3G,0.544,95872.313,0
8.3,97152.9148,0.3775,4399.68,059003.000158,059003.000516,0.5327,2A,0.6797,2811.346,0
8.3,97115.9258,0.3772,17557.75,059003.000050,059003.000360,-0.1453,2B,0.6424,8106.629,0
8.3,97083.8987,0.3769,2628.35,059003.000064,059003.000377,0.9014,3C,0.7574,22238.812,0
8.3,97077.4947,0.3769,35030.49,059003.000078,059003.000485,0.4771,2E,2.1042,438.021,0
8.3,96941.8045,0.3758,17365.74,059003.000042,059003.000349,-0.7487,2G,0.5638,151632.848,0
8.3,96879.4779,0.3754,8648.68,059003.000153,059003.000508,0.1937,2A,0.6181,10487.383,0
8.3,96807.1796,0.3748,12913.7,059003.000081,059003.000485,-0.1271,2C,0.7534,1897.158,0
8.3,96807.1796,0.3748,12913.7,059003.000085,059003.000488,0.927,3G,0.8403,348.07,0
8.3,96782.8997,0.3746,25787.64,059003.000045,059003.000357,-0.8762,3A,0.5909,29515.406,0
8.3,96752.6781,0.3744,8579.4,059003.000066,059003.000383,0.9244,3G,0.5731,64785.789,0
8.3,96744.6055,0.3743,17150.0,059003.000106,059003.000413,0.3526,2B,0.5568,8423.608,0
8.3,96736.2907,0.3743,8570.47,059003.000082,059003.000403,0.8582,3G,0.5657,31356.571,0
8.3,96718.9875,0.7482,8561.06,059003.000070,059003.000476,0.9901,2A,0.5125,11467.885,0
8.3,96709.42,0.374,5989.1,059003.000054,059003.000466,0.0026,2A,0.4413,6690.823,0
8.3,96642.9018,0.3735,4259.86,059003.000054,059003.000364,-0.3418,2A,0.5905,5233.194,0
8.3,96620.7876,0.3734,1701.55,059003.000069,059003.000385,-0.768,3C,0.8448,16129.593,0
8.3,96597.5218,0.3732,8495.14,059003.000106,059003.000411,-0.1036,2A,0.5931,12812.683,0
8.3,96590.62,0.3731,16982.81,059003.000071,059003.000387,-0.1787,2A,0.6793,8788.799,0
8.3,96590.62,0.3731,16982.81,059003.000083,059003.000402,0.4598,2B,0.6149,5709.808,0
8.3,96555.2982,0.7457,6777.84,059003.000064,059003.000375,1.5911,3A,0.6886,13110.995,0
8.3,96463.6796,0.3721,4211.45,059003.000101,059003.000492,-0.7171,2B,0.5965,1842.969,0
8.3,96456.788,0.3721,12628.79,059003.000083,059003.000484,-0.3137,2A,0.6581,10454.334,0
8.3,96404.0798,0.3717,25172.6,059003.000137,059003.000414,0.153,2A,0.5677,15414.834,0
8.3,96404.0798,0.3717,25172.6,059003.000154,059003.000504,1.3295,4B,0.6287,10506.989,0
8.3,96386.021,0.3715,16762.36,059003.000085,059003.000405,-0.903,3A,0.5959,9459.705,0
8.3,96374.9929,0.7429,41876.32,059003.000156,059003.000504,0.6969,2A,0.5186,48932.327,0
8.3,96320.2147,0.371,834593.23,059003.000045,059003.000352,-0.4507,2B,0.5886,256858.163,0
8.3,96305.5858,0.3709,8338.11,059003.000155,059003.000503,-0.4851,2B,0.5397,19595.782,0
8.3,96231.2785,0.7407,49790.75,059003.000072,059003.000385,1.2211,2A,0.6241,85905.714,0
8.3,96231.2785,0.7407,49790.75,059003.000081,059003.000397,1.5732,3G,0.5497,13434.007,0
8.3,96154.5813,0.3698,4128.83,059003.000060,059003.000370,0.3835,2D,2.9482,2890.147,0
8.3,96145.5038,0.3697,82528.44,059003.000154,059003.000502,0.4707,2A,0.6817,52693.727,0
8.3,96139.3081,0.3696,16499.11,059003.000079,059003.000479,0.8935,3B,0.4674,9341.096,0
8.3,96050.8817,0.369,16405.45,059003.000114,059003.000496,0.3026,2G,0.5598,4345.368,0
8.3,96001.5228,0.3686,81766.59,059003.000111,059003.000493,-0.2192,2G,0.5723,14212.787,0
8.3,95980.9987,0.3684,48995.03,059003.000083,059003.000483,0.1307,2B,0.5678,18504.777,0
8.3,95980.9987,0.3684,48995.03,059003.000156,059003.000501,0.4383,2A,0.6217,43559.447,0
8.3,95974.7188,0.3684,2448.76,059003.000111,059003.000411,-0.2029,2G,0.5616,15059.235,0
8.3,95917.6835,0.3679,5692.76,059003.000138,059003.000414,1.1889,4G,0.5613,19976.672,0
8.3,95875.4818,0.3676,8110.36,059003.000066,059003.000375,-0.584,2B,0.5711,24081.444,0
8.3,95783.0039,0.3669,2418.58,059003.000069,059003.000469,-0.2295,2B,0.5809,5378.476,0
8.3,95737.9946,0.3666,24115.36,059003.000045,059003.000349,-0.2624,2B,0.5742,64122.729,0
8.3,95715.7143,0.3664,8026.84,059003.000062,059003.000370,0.6987,2G,0.5489,62960.253,0
8.3,95702.7114,0.3663,3208.03,059003.000091,059003.000407,1.8158,5B,0.5918,942.419,0
8.3,95679.3865,0.3661,6406.35,059003.000164,059003.000518,0.0002,2B,0.4863,14901.081,0
8.3,95655.3049,0.7319,7995.42,059003.000057,059003.000361,1.1967,2G,0.5785,54856.352,0
8.3,95600.2823,0.3655,7966.87,059003.000160,059003.000508,0.3789,2B,0.5535,20019.406,0
8.3,95560.9951,0.3652,794.65,059003.000161,059003.000513,-0.4516,2B,0.6467,2752.732,0
8.3,95546.6774,0.3651,15878.24,059003.000073,059003.000380,0.7742,3B,0.5708,6944.143,0
8.3,95509.7034,0.3648,2376.01,059003.000085,059003.000483,0.0955,2C,0.791,423.191,0
8.3,95485.093,0.7293,7907.32,059003.000069,059003.000375,-0.3103,2G,0.591,44568.298,0
8.3,95450.718,0.3644,788.96,059003.000095,059003.000489,-0.2291,2G,0.5655,4047.161,0
8.3,95435.0823,0.3643,6305.25,059003.000093,059003.000407,-1.7963,5A,0.616,10972.687,0
8.3,95431.2236,0.3642,2363.87,059003.000166,059003.000517,-0.7101,2B,0.4431,1466.925,0
8.3,95404.9193,0.364,31464.21,059003.000158,059003.000500,-1.812,5G,0.6915,3268.465,0
8.3,95404.9193,0.364,31464.21,059003.000086,059003.000398,0.4963,2B,0.6237,15909.5,0
8.3,95287.5957,0.3631,15611.86,059003.000047,059003.000350,-0.0256,2G,0.5637,72157.155,0
8.3,95159.3052,0.3621,3870.27,059003.000080,059003.000389,0.4928,2B,0.5913,10647.148,0
8.3,95078.7997,0.3615,3849.85,059003.000086,059003.000478,0.1077,2G,0.5537,29777.236,0
8.3,95053.31,0.7227,3843.4,059003.000095,059003.000486,-0.2314,2G,0.5278,20013.42,0
8.3,95047.0919,0.7226,3841.83,059003.000167,059003.000514,0.2778,2B,0.9889,2890.031,0
8.3,94937.9106,0.3605,762.86,059003.000115,059003.000411,0.7151,2G,0.5695,24046.85,0
8.3,94845.2889,0.3598,45492.43,059003.000078,059003.000475,-0.4685,2G,0.5949,6530.44,0
8.3,94845.2889,0.3598,45492.43,059003.000049,059003.000349,1.2367,4G,0.5753,2892.904,0
8.3,94837.7141,0.7194,60626.21,059003.000098,059003.000486,0.847,2B,0.562,22971.322,0
8.3,94735.073,0.3589,15053.95,059003.000101,059003.000489,0.706,2C,0.9095,1628.314,0
8.3,94677.1111,0.3585,14996.23,059003.000164,059003.000507,0.0002,2A,0.5787,9099.529,0
8.3,94649.7963,0.3583,5987.63,059003.000164,059003.000424,-1.6777,5G,0.6796,52195.345,0
8.3,94587.9227,0.3578,298153.87,059003.000166,059003.000425,1.4333,5G,0.6812,53613.284,0
8.3,94574.8902,0.7154,14894.79,059003.000062,059003.000360,-1.5204,3G,0.565,120121.794,0
8.3,94571.8233,0.7154,7445.88,059003.000076,059003.000380,1.5628,3G,0.6641,1732.637,0
8.3,94534.9138,0.7148,3713.81,059003.000095,059003.000484,1.5699,3G,0.5886,16985.557,0
8.3,94524.6724,0.3573,14845.12,059003.000104,059003.000489,1.0317,3A,0.5413,10083.894,0
8.3,94495.1886,0.3571,2222.4,059003.000167,059003.000508,-1.2775,4G,0.6008,437.467,0
8.3,94495.1886,0.3571,2222.4,059003.000070,059003.000467,0.1063,2A,0.4364,2423.778,0
8.3,94491.179,0.3571,2221.81,059003.000089,059003.000395,-0.9237,3A,0.5659,1793.773,0
8.3,94457.6048,0.3568,44336.93,059003.000164,059003.000505,-0.4772,2B,0.5539,22766.255,0
8.3,94441.6241,0.3567,7381.62,059003.000119,059003.000494,0.5974,2C,1.253,510.412,0
8.3,94414.7109,0.713,73683.87,059003.000096,059003.000400,-1.1517,2A,0.5757,50156.834,0
8.3,94414.7109,0.713,73683.87,059003.000097,059003.000484,-0.5314,2G,0.5481,10354.866,0
8.3,94373.3907,0.3562,7348.1,059003.000085,059003.000389,0.7471,3G,0.5671,42371.797,0
8.3,94363.7817,0.3561,14686.77,059003.000166,059003.000505,0.4364,2C,0.9431,2608.857,0
8.3,94333.6915,0.3559,29314.58,059003.000093,059003.000399,0.613,2B,0.6491,14226.211,0
8.3,94304.6937,0.3557,7314.46,059003.000070,059003.000369,-0.2026,2E,5.4953,0.172,0
8.3,94252.6064,0.7106,3644.51,059003.000081,059003.000382,1.3447,2G,0.741,54906.007,0
8.3,94244.6102,0.7104,21855.35,059003.000119,059003.000411,-1.6502,3A,0.632,16056.439,0
8.3,94197.3051,0.3549,7262.07,059003.000053,059003.000350,0.3826,2G,0.5361,114769.805,0
8.3,94067.2743,0.3539,50392.92,059003.000175,059003.000516,0.8739,3B,0.5597,21546.466,0
8.3,94049.673,0.3538,14380.96,059003.000120,059003.000412,0.2379,2B,0.5628,48659.515,0
8.3,93999.7997,0.3534,14332.8,059003.000166,059003.000502,-0.4869,2B,0.5571,42830.435,0
8.3,93984.2738,0.7065,3579.46,059003.000079,059003.000471,0.8291,2D,1.7134,265.323,0
8.3,93958.8144,0.3531,71466.57,059003.000144,059003.000497,-1.8995,5G,0.5674,14542.629,0
8.3,93958.8144,0.3531,71466.57,059003.000164,059003.000501,-0.1905,2B,0.5016,23159.544,0
8.3,93958.8144,0.3531,71466.57,059003.000121,059003.000493,-0.0492,2G,0.5628,11867.008,0
8.3,93885.2823,0.3525,1422.27,059003.000082,059003.000380,0.0757,2G,0.5323,13096.072,0
8.3,93864.1126,0.3524,14202.35,059003.000166,059003.000501,-0.1557,2G,0.6065,2959.273,0
8.3,93853.3869,0.3523,7096.04,059003.000097,059003.000482,-0.756,3B,0.5855,16775.403,0
8.3,93853.3869,0.3523,7096.04,059003.000108,059003.000488,-0.3913,2G,0.5484,41676.385,0
8.3,93849.9238,0.3522,7094.38,059003.000066,059003.000361,0.6937,2B,0.5624,3535.304,0
8.3,93809.0994,0.7039,14149.7,059003.000083,059003.000380,0.3569,2B,0.6202,5262.337,0
8.3,93801.3321,0.3519,2121.34,059003.000085,059003.000474,0.3749,2G,0.5212,28025.2,0
8.3,93776.0158,0.3517,2117.71,059003.000146,059003.000498,0.0018,2B,0.5686,1019.163,0
8.3,93723.0225,0.3513,14067.58,059003.000163,059003.000500,1.3924,4B,0.5843,7543.795,0
8.3,93714.326,0.3512,7029.65,059003.000086,059003.000475,-0.1833,2B,0.5406,15381.309,0
8.3,93714.326,0.3512,7029.65,059003.000120,059003.000409,-0.1238,2B,0.543,23532.988,0
8.3,93649.1282,0.7015,3499.33,059003.000084,059003.000379,-1.5011,3B,0.6294,7412.467,0
8.3,93617.5963,0.3505,1396.74,059003.000171,059003.000424,1.6061,5G,0.531,27002.527,0
8.3,93574.5935,0.7004,6963.37,059003.000119,059003.000492,-2.264,4B,0.5186,2815.009,0
8.3,93574.5935,0.7004,6963.37,059003.000111,059003.000489,-0.8956,2A,0.57,8281.838,0
8.3,93574.5935,0.7004,6963.37,059003.000172,059003.000506,0.5896,2G,0.5985,1146.403,0
8.3,93569.4133,0.7003,3480.46,059003.000084,059003.000377,0.6308,2A,0.6337,2050.904,0
8.3,93530.492,0.3499,3471.27,059003.000145,059003.000415,0.1216,2B,0.4414,10528.106,0
8.3,93491.589,0.3496,27696.79,059003.000123,059003.000409,0.4366,2B,0.5718,53235.488,0
8.3,93436.9032,0.3492,6898.47,059003.000173,059003.000506,-0.2637,2G,0.5316,35616.91,0
8.3,93417.8889,0.349,55116.36,059003.000172,059003.000505,0.038,2B,0.6124,25820.546,0
8.3,93400.7897,0.3489,2064.46,059003.000100,059003.000478,-0.1005,2G,0.5362,7830.721,0
8.3,93294.6811,0.3481,6831.88,059003.000098,059003.000392,0.1446,2B,0.5942,20154.19,0
8.3,93285.2825,0.696,6827.5,059003.000073,059003.000364,-0.8085,2G,0.5417,29958.439,0
8.3,93262.1178,0.3479,13633.4,059003.000121,059003.000492,-0.5226,2B,0.5037,7589.605,0
8.3,93254.908,0.3478,3406.67,059003.000060,059003.000352,0.7463,3A,0.5966,5057.362,0
8.3,93178.2005,0.3472,2033.3,059003.000105,059003.000397,0.0084,2A,0.5864,2425.533,0
8.3,93178.2005,0.3472,2033.3,059003.000111,059003.000486,0.1171,2A,0.5635,3106.121,0
8.3,93175.4132,0.3472,13552.76,059003.000173,059003.000504,-0.2592,2A,0.6723,10836.567,0
8.3,93135.4143,0.3469,675.78,059003.000088,059003.000474,0.212,2A,0.5215,760.409,0
8.3,93087.5866,0.3466,4714.99,059003.000151,059003.000499,-1.6802,5G,0.4823,1002.25,0
8.3,93087.5866,0.3466,4714.99,059003.000173,059003.000503,0.0861,2A,0.5626,6978.702,0
8.3,93060.2041,0.3463,26892.24,059003.000171,059003.000502,0.6646,2D,1.8271,3359.357,0
8.3,93055.284,0.3463,3360.39,059003.000063,059003.000355,-0.1666,2B,0.5584,1518.861,0
8.3,92980.8857,0.6915,6686.52,059003.000177,059003.000512,1.6788,3A,0.6671,8227.912,0
8.3,92809.6055,0.3445,19824.23,059003.000126,059003.000413,-0.5063,2A,0.5723,13153.603,0
8.3,92785.5012,0.3443,659.71,059003.000114,059003.000407,0.0005,2G,0.541,21569.552,0
8.3,92599.2791,0.3429,1302.52,059003.000080,059003.000468,0.1035,2G,0.6513,13653.262,0
8.3,92584.8787,0.3428,32530.61,059003.000104,059003.000392,0.9743,3B,0.5804,15389.498,0
8.3,92553.5035,0.3426,1298.4,059003.000150,059003.000415,-0.1167,2B,0.5696,386.401,0
8.3,92497.2831,0.3422,3233.34,059003.000177,059003.000508,-0.193,2A,0.5754,4522.031,0
8.3,92493.6873,0.3421,3232.53,059003.000081,059003.000373,-0.8254,3A,0.5778,2492.662,0
8.3,92493.6873,0.3421,3232.53,059003.000091,059003.000383,-0.1288,2C,1.6004,305.111,0
8.3,92484.7903,0.3421,12922.13,059003.000080,059003.000370,0.5481,2B,0.9918,4766.404,0
8.3,92344.3105,0.341,6398.19,059003.000178,059003.000425,-1.6851,5G,0.543,31984.849,0
8.3,92320.1063,0.3409,638.74,059003.000175,059003.000500,-0.6434,2G,0.5246,5174.113,0
8.3,92285.0091,0.3406,1274.35,059003.000096,059003.000385,-0.6179,2A,0.5126,906.137,0
8.3,92274.9821,0.6811,6367.31,059003.000153,059003.000499,0.1024,2B,0.5537,13124.16,0
8.3,92264.6822,0.6809,12725.47,059003.000129,059003.000413,-0.539,2G,0.5376,2773.621,0
8.3,92264.6822,0.6809,12725.47,059003.000112,059003.000402,-0.3511,2C,0.7215,1342.979,0
8.3,92264.6822,0.6809,12725.47,059003.000080,059003.000366,0.7157,2B,0.5711,6767.955,0
8.3,92176.2217,0.3398,9485.26,059003.000114,059003.000403,-0.0861,2B,0.5473,3517.871,0
8.3,92164.6917,0.3397,5054.73,059003.000129,059003.000412,-0.1645,2B,0.5801,16552.099,0
8.3,92150.1798,0.3396,1262.4,059003.000097,059003.000384,-0.0541,2C,1.5373,63.242,0
8.3,92150.1798,0.3396,1262.4,059003.000155,059003.000498,1.2925,4C,1.557,66.484,0
8.3,92129.1085,0.3394,12605.37,059003.000082,059003.000369,-0.4663,2C,1.3843,1170.677,0
8.3,92096.5227,0.3392,25153.24,059003.000082,059003.000368,-0.5447,2A,0.5449,18726.387,0
8.3,91983.2986,0.3384,2495.42,059003.000105,059003.000389,-0.2929,2G,0.5622,11927.139,0
8.3,91845.8817,0.3374,1853.55,059003.000119,059003.000489,-0.946,3G,0.6623,382.839,0
8.3,91845.8817,0.3374,1853.55,059003.000097,059003.000381,-0.847,3B,0.8849,2322.562,0
8.3,91787.5243,0.3369,12306.25,059003.000158,059003.000498,-0.3359,2A,0.5665,11122.842,0
8.3,91758.0819,0.3367,614.03,059003.000082,059003.000365,-0.2458,2B,0.8874,2283.175,0
8.3,91698.7768,0.3363,30573.35,059003.000034,059003.000319,-0.7697,3G,0.4683,1115.93,0
8.3,91698.7768,0.3363,30573.35,059003.000085,059003.000370,0.7033,3B,0.4778,10511.914,0
8.3,91680.8746,0.3362,1221.39,059003.000114,059003.000399,-0.8261,3B,0.7993,402.694,0
8.3,91620.7144,0.3357,18242.95,059003.000115,059003.000484,0.5548,2G,0.6113,3118.219,0
8.3,91478.4209,0.3347,48159.3,059003.000085,059003.000366,0.623,2A,0.5346,52328.053,0
8.3,91449.3167,0.3345,600.75,059003.000119,059003.000486,-0.1054,2A,0.656,426.898,0
8.3,91411.1191,0.3342,1797.35,059003.000105,059003.000474,-0.7859,3A,0.5384,1177.05,0
8.3,91411.1191,0.3342,1797.35,059003.000121,059003.000487,0.3771,2A,0.5363,1211.678,0
8.3,91342.6864,0.3337,17886.16,059003.000067,059003.000350,0.0932,2A,0.5522,16726.292,0
8.3,91283.5827,0.6665,35621.88,059003.000159,059003.000497,0.5823,2B,0.5364,12716.585,0
8.3,91261.1795,0.3331,17782.49,059003.000131,059003.000409,0.6521,2G,0.5331,73830.141,0
8.3,91169.7251,0.3324,588.89,059003.000539,059003.000355,-1.541,5A,0.4741,773.321,0
8.3,91058.4212,0.3316,23368.52,059003.000115,059003.000482,-0.6388,2B,0.5276,13638.799,0
8.3,90675.2166,0.3288,568.31,059003.000091,059003.000467,-0.8145,3G,0.4197,2580.766,0
8.3,90615.9088,0.3284,22635.17,059003.000106,059003.000378,-0.3281,2A,0.5461,13550.14,0
8.3,90615.9088,0.3284,22635.17,059003.000121,059003.000484,0.9012,3B,0.5319,7373.351,0
8.3,90606.0785,0.3283,11309.53,059003.000080,059003.000462,-0.0145,2A,0.5347,8624.312,0
8.3,90606.0785,0.3283,11309.53,059003.000075,059003.000353,0.598,2A,0.5463,16418.027,0
8.3,90419.3051,0.327,2231.45,059003.000076,059003.000355,0.3233,2G,0.4927,25563.148,0
8.3,90261.1823,0.3258,22058.98,059003.000097,059003.000373,-0.2701,2A,0.5235,14006.521,0
8.3,90261.1823,0.3258,22058.98,059003.000113,059003.000387,0.8699,3A,0.5251,34896.107,0
8.3,90251.6248,0.3258,3306.54,059003.000179,059003.000520,0.0,2G,0.5901,29007.683,0
8.3,90084.4195,0.3245,16331.78,059003.000128,059003.000490,0.0999,2G,0.522,3008.445,0
8.3,90025.5791,0.3241,542.05,059003.000095,059003.000366,0.279,2B,0.8708,576.042,0
8.3,90014.4791,0.324,541.61,059003.000120,059003.000481,0.0258,2B,1.2675,1125.513,0
8.3,90007.8139,0.324,541.34,059003.000043,059003.000334,-0.5417,2B,0.3912,855.441,0
8.3,90007.8139,0.324,541.34,059003.000115,059003.000389,0.8523,3G,0.5409,6366.055,0
8.3,89978.8209,0.3238,5401.92,059003.000097,059003.000368,0.077,2B,0.6669,2255.682,0
8.3,89923.2749,0.3234,5379.92,059003.000081,059003.000357,-0.334,2B,0.5212,9637.686,0
8.3,89914.6936,0.3233,16129.58,059003.000111,059003.000377,-0.7747,3B,0.5971,7034.579,0
8.3,89666.0084,0.3215,527.88,059003.000540,059003.000355,1.2724,4A,0.4767,463.87,0
8.3,89592.826,0.321,1575.09,059003.000121,059003.000392,-0.0485,2A,0.4976,2365.184,0
8.3,89469.5012,0.3201,5202.5,059003.000087,059003.000359,0.074,2A,0.5387,3277.997,0
8.3,89461.4118,0.3201,2599.69,059003.000135,059003.000492,0.9978,4B,0.5053,6686.529,0
8.3,89451.5867,0.32,4156.47,059003.000104,059003.000373,-0.6609,3G,0.5049,15260.036,0
8.3,89354.577,0.3193,20632.91,059003.000115,059003.000384,-0.5742,2A,0.4957,23545.695,0
8.3,89257.1119,0.3186,512.09,059003.000180,059003.000516,-1.058,4B,0.7662,1649.886,0
8.3,89052.2271,0.3172,504.3,059003.000115,059003.000381,0.5812,2G,0.59,5762.78,0
8.3,88975.1775,0.3166,501.39,059003.000101,059003.000466,0.4114,2B,0.5731,908.753,0
8.3,88839.9258,0.3156,9926.37,059003.000179,059003.000508,-1.0226,4B,0.5795,2843.68,0
8.3,88839.9258,0.3156,9926.37,059003.000085,059003.000353,-0.5091,2B,0.4924,16279.948,0
8.3,88796.0064,0.3153,1484.04,059003.000099,059003.000360,-0.4388,2G,0.5,28256.82,0
8.3,88796.0064,0.3153,1484.04,059003.000129,059003.000400,-0.2315,2G,0.5326,29608.179,0
8.3,88603.3804,0.314,487.53,059003.000128,059003.000395,0.6839,3C,1.0661,53.286,0
8.3,88512.8025,0.3133,1452.58,059003.000173,059003.000416,-0.5676,2A,0.5294,1795.83,0
8.3,88452.692,0.3129,481.99,059003.000048,059003.000334,0.0225,2B,0.6233,143.906,0
8.3,88369.4732,0.3123,957.89,059003.000111,059003.000370,-0.6445,3A,0.6241,608.879,0
8.3,88063.2929,0.3101,467.87,059003.000141,059003.000413,0.1753,2B,0.5406,211.755,0
8.3,87998.9875,0.3097,1862.28,059003.000176,059003.000414,-0.8803,3A,0.5263,1211.184,0
8.3,87987.8203,0.3096,3721.38,059003.000061,059003.000342,0.4529,2A,0.4912,2568.533,0
8.3,87890.5786,0.3089,13851.22,059003.000112,059003.000371,0.122,2B,0.4958,24308.665,0
8.3,87807.8687,0.3084,1376.32,059003.000095,059003.000357,-0.7813,3B,0.5043,3637.724,0
8.3,87785.7198,0.3082,457.99,059003.000181,059003.000510,-0.0005,2B,0.974,403.45,0
8.3,87741.3836,0.3079,4564.27,059003.000131,059003.000396,1.0487,4G,0.5556,43324.215,0
8.3,87714.2073,0.3077,13664.09,059003.000181,059003.000508,-0.2498,2A,0.5033,12813.705,0
8.3,87714.2073,0.3077,13664.09,059003.000052,059003.000333,-0.0439,2G,0.4399,1517.687,0
8.3,87630.5993,0.3071,1357.6,059003.000051,059003.000330,0.7022,3A,0.4903,1853.033,0
8.3,87513.5963,0.3063,4484.47,059003.000180,059003.000500,1.077,4B,0.5102,13354.529,0
8.3,87495.8208,0.3062,895.66,059003.000058,059003.000337,-0.7366,3B,0.4957,329.98,0
8.3,87241.9983,0.3044,1756.25,059003.000101,059003.000358,0.2309,2A,0.5106,1987.367,0
8.3,87218.1908,0.3042,438.25,059003.000184,059003.000512,-0.8185,3A,0.4599,335.251,0
8.3,87218.1908,0.3042,438.25,059003.000137,059003.000490,-0.6466,3B,0.4179,195.714,0
8.3,87213.7838,0.3042,438.1,059003.000135,059003.000405,-0.0797,2G,0.4684,3449.492,0
8.3,87042.0953,0.303,4322.44,059003.000133,059003.000399,0.6476,3G,0.6255,325.601,0
8.3,87042.0953,0.303,4322.44,059003.000129,059003.000388,0.7633,3B,0.4978,2397.511,0
8.3,86892.5965,0.302,854.39,059003.000132,059003.000481,-0.3116,2D,1.6713,653.279,0
8.3,86610.5037,0.3,417.78,059003.000181,059003.000500,-1.5141,5G,0.4675,2205.841,0
8.3,86523.1286,0.2994,1244.68,059003.000184,059003.000506,0.3108,2G,0.5062,7666.689,0
8.3,86154.2168,0.2968,1208.59,059003.000119,059003.000365,0.2305,2A,0.6262,1765.628,0
8.3,84904.372,0.5766,1819.74,059003.000132,059003.000379,0.3516,2E,2.6718,9.109,0
8.3,84858.1892,0.288,1087.69,059003.000119,059003.000359,0.3205,2B,0.5785,432.709,0
8.3,84224.6277,0.2837,343.95,059003.000103,059003.000560,-0.0343,2G,0.4257,2138.797,0
8.3,84212.5103,0.2836,5154.0,059003.000186,059003.000503,0.2392,2B,0.4663,2166.112,0
8.3,83550.5722,0.2792,324.91,059003.000193,059003.000603,-0.1458,2D,2.3522,9.643,0
8.3,83505.0854,0.2789,647.3,059003.000103,059003.000347,0.643,3G,0.4173,2419.567,0
8.3,83489.8884,0.2788,969.7,059003.000160,059003.000493,-0.2858,2A,0.4924,864.339,0
8.3,83141.4934,0.2764,313.73,059003.000092,059003.000551,0.7425,3A,0.4849,351.263,0
8.3,83064.7854,0.2759,1246.66,059003.000147,059003.000402,0.6249,3D,2.6214,69.909,0
8.3,82738.0665,0.5475,605.96,059003.000164,059003.000412,-0.3422,2B,0.488,1172.143,0
8.3,82642.1258,0.2731,1201.85,059003.000151,059003.000405,0.9577,4B,0.4478,1972.431,0
8.3,82342.5053,0.2712,292.7,059003.000153,059003.000489,-0.7967,3B,0.7155,117.003,0
8.3,82245.4087,0.2705,580.43,059003.000153,059003.000488,-0.701,3A,0.4146,442.869,0
8.3,81035.7194,0.2626,781.58,059003.000155,059003.000398,1.4494,5B,0.4528,376.371,0
8.3,80875.4683,0.2616,256.77,059003.000118,059003.000347,-0.1051,2B,0.439,564.675,0
8.3,80480.3869,0.259,247.66,059003.000151,059003.000388,0.5268,3C,0.7153,52.289,0
8.3,79455.3347,0.2525,450.3,059003.000103,059003.000333,0.6211,3B,0.661,1157.234,0
8.3,79311.0051,0.2516,4442.1,059003.000157,059003.000475,0.1057,2G,0.4703,1019.362,0
8.3,79038.0035,0.4997,1082.14,059003.000144,059003.000366,-0.0061,2G,0.4757,267.479,0
8.3,78951.7153,0.4986,429.31,059003.000163,059003.000397,-0.1713,2B,0.4783,134.898,0
8.3,78796.1017,0.2483,422.97,059003.000159,059003.000475,0.018,2B,0.3721,169.363,0
8.3,78779.523,0.2482,211.15,059003.000165,059003.000482,-0.2762,2G,0.4124,60.672,0
8.3,77663.9769,0.4824,378.92,059003.000172,059003.000481,0.781,2C,1.0543,43.975,0
8.3,77403.9755,0.2396,184.65,059003.000160,059003.000377,0.075,2A,0.6601,213.495,0
8.3,77380.3801,0.4789,552.65,059003.000144,059003.000462,0.2441,2A,0.4995,583.708,0
8.3,76979.169,0.237,353.97,059003.000164,059003.000383,0.0787,2B,0.5002,903.865,0
8.3,76584.3081,0.2346,170.08,059003.000173,059003.000389,-0.536,3G,0.3955,698.334,0
8.3,76344.1146,0.2331,165.97,059003.000172,059003.000476,0.1255,2B,1.2467,282.364,0
8.3,76344.1146,0.2331,165.97,059003.000060,059003.000311,0.6993,3B,0.423,400.179,0
8.3,76103.9186,0.2316,3238.84,059003.000164,059003.000375,0.5161,3A,0.4165,2715.875,0
8.3,74907.1374,0.2244,14293.91,059003.000164,059003.000367,0.4172,2G,0.4021,4764.996,0
8.3,74701.4982,0.2232,559.4,059003.000153,059003.000357,0.4933,3B,0.4472,223.577,0
8.3,74374.1064,0.2212,675.17,059003.000062,059003.000308,-0.2869,2B,0.9898,180.38,0
8.3,73788.1874,0.2177,126.73,059003.000179,059003.000405,-0.258,2G,0.4697,2176.415,0
8.3,72777.9722,0.2118,226.64,059003.000180,059003.000398,-1.0585,5B,0.94,667.09,0
8.3,72556.9774,0.2105,110.53,059003.000120,059003.000457,0.0353,2D,1.7285,12.69,0
8.3,72364.8346,0.2094,108.15,059003.000179,059003.000392,-0.3953,2G,0.4143,604.019,0
8.3,72357.0972,0.2094,216.12,059003.000105,059003.000313,-0.2155,2B,0.522,96.555,0
8.3,72273.2898,0.2089,1070.35,059003.000181,059003.000401,-0.1688,2B,0.3878,606.598,0
8.3,72186.5359,0.4168,529.91,059003.000164,059003.000352,-0.77,2B,0.3328,354.995,0
8.3,72099.2879,0.2079,209.86,059003.000211,059003.000429,-0.0,2B,1.2128,61.9,0
8.3,72054.2015,0.2076,104.39,059003.000062,059003.000306,0.0699,2B,1.6093,21.412,0
8.3,71768.7095,0.206,202.04,059003.000181,059003.000396,-0.2827,2B,0.4508,98.079,0
8.3,71727.6949,0.2057,2010.85,059003.000064,059003.000455,-0.4302,3C,1.5307,91.182,0
8.3,71707.3856,0.4113,2006.13,059003.000093,059003.000312,0.9949,3A,0.4417,2639.86,0
8.3,71676.663,0.2055,299.85,059003.000211,059003.000428,-0.8688,5A,0.677,274.699,0
8.3,71598.346,0.205,693.34,059003.000046,059003.000452,1.5749,5D,2.4872,103.067,0
8.3,71418.5681,0.408,678.99,059003.000111,059003.000313,0.159,2G,0.3271,181.406,0
8.3,71405.7092,0.4078,1937.07,059003.000078,059003.000309,-0.3421,2G,0.4124,518.14,0
8.3,71376.9173,0.2037,9652.89,059003.000053,059003.000303,0.0006,2D,1.7542,362.055,0
8.3,71297.1969,0.2033,1912.68,059003.000194,059003.000572,0.2461,2B,0.9727,612.18,0
8.3,71052.5177,0.2019,278.78,059003.000173,059003.000353,-0.1177,2A,0.3912,344.977,0
8.3,71042.4837,0.2018,1856.34,059003.000136,059003.000327,-0.0002,2G,0.4087,379.341,0
8.3,70892.8261,0.201,911.91,059003.000112,059003.000313,0.3279,2D,1.7145,324.154,0
8.3,70796.9938,0.4009,450.81,059003.000127,059003.000456,-0.3491,2B,0.5292,863.255,0
8.3,70357.5703,0.198,85.55,059003.000085,059003.000308,0.119,2A,0.558,105.902,0
8.3,70250.1286,0.1974,422.28,059003.000042,059003.000296,-0.0858,2D,1.7096,110.002,0
8.3,69911.8211,0.1955,405.33,059003.000087,059003.000308,-0.5715,3B,1.5212,628.297,0
8.3,69738.9247,0.389,793.76,059003.000203,059003.000577,-1.1892,4B,0.8061,933.109,0
8.3,69738.9247,0.389,793.76,059003.000111,059003.000312,0.4673,2D,1.8222,129.693,0
8.3,69417.4108,0.3854,763.02,059003.000205,059003.000577,-1.5058,4C,1.5016,66.249,0
8.3,69369.412,0.1924,530.96,059003.000181,059003.000470,0.3331,2D,2.0964,14.081,0
8.3,69180.9046,0.1914,296.4,059003.000132,059003.000456,0.2696,2D,1.9738,35.477,0
8.3,68962.3462,0.3804,721.09,059003.000203,059003.000420,-0.5324,2C,1.0209,120.421,0
8.3,68950.0361,0.1901,144.0,059003.000133,059003.000456,-0.196,2B,0.6212,53.268,0
8.3,68878.5888,0.3794,570.86,059003.000179,059003.000366,-0.7305,2A,0.3434,533.826,0
8.3,68851.8555,0.1896,71.12,059003.000187,059003.000491,-0.2566,2C,0.9766,7.319,0
8.3,68787.2106,0.1892,352.72,059003.000097,059003.000308,0.3586,2B,0.7971,450.608,0
8.3,68744.7482,0.189,280.67,059003.000046,059003.000296,-0.3721,2A,0.4711,416.979,0
8.3,68652.5123,0.1885,69.36,059003.000240,059003.000602,-0.4545,3D,2.4279,84.113,0
8.3,68559.1454,0.188,548.35,059003.000111,059003.000311,-0.1898,2A,0.5519,612.827,0
8.3,68163.1416,0.1858,195.53,059003.000212,059003.000577,0.5591,4G,0.8209,3273.793,0
8.3,68142.2063,0.3714,6500.17,059003.000200,059003.000573,0.1854,2B,0.9801,1562.531,0
8.3,68051.7478,0.1852,128.5,059003.000236,059003.000428,0.2486,2G,0.5653,29.811,0
8.3,68033.4235,0.3702,192.3,059003.000112,059003.000311,-0.0008,2B,0.5261,613.06,0
8.3,68023.4286,0.3701,1280.38,059003.000072,059003.000454,-0.1974,2A,0.4305,1407.715,0
8.3,67977.4858,0.1848,318.21,059003.000104,059003.000308,-0.1613,2A,0.639,192.108,0
8.3,67655.7157,0.183,610.49,059003.000205,059003.000575,0.0682,2C,0.8022,3867.807,0
8.3,67652.4752,0.183,1220.46,059003.000106,059003.000308,0.2762,2A,0.5247,1045.412,0
8.3,67639.0166,0.183,182.75,059003.000073,059003.000303,-0.3257,2B,1.2535,447.083,0
8.3,67524.6309,0.1823,300.08,059003.000045,059003.000445,-0.4261,3G,0.5388,1811.946,0
8.3,67521.4385,0.1823,299.95,059003.000115,059003.000311,-0.1704,2G,0.5564,1544.437,0
8.3,67458.0655,0.182,594.97,059003.000211,059003.000421,-0.3165,2A,0.62,942.061,0
8.3,67412.0031,0.1817,591.39,059003.000212,059003.000421,0.1863,2A,0.5792,991.332,0
8.3,67391.6636,0.1816,176.95,059003.000202,059003.000572,0.3353,2D,2.4076,3.442,0
8.3,66993.1913,0.1795,3358.01,059003.000131,059003.000313,0.4538,3B,0.4407,1672.12,0
8.3,66895.8244,0.3579,110.5,059003.000205,059003.000572,0.2838,2D,2.4678,2.514,0
8.3,66792.8697,0.1784,163.49,059003.000091,059003.000455,0.3235,2A,0.6855,124.612,0
8.3,66744.9964,0.1782,54.15,059003.000186,059003.000472,-0.2248,2E,1.9217,1.099,0
8.3,66371.3282,0.1762,154.5,059003.000218,059003.000421,0.0166,2A,0.6144,90.357,0
8.3,66306.9175,0.1758,153.16,059003.000251,059003.000428,0.5665,4C,1.3136,15.985,0
8.3,66118.2276,0.1748,49.76,059003.000212,059003.000574,-0.2445,2B,1.1576,269.533,0
8.3,65948.1809,0.3478,1944.97,059003.000053,059003.000445,-0.2431,2G,0.3976,462.412,0
8.3,65792.2286,0.1731,47.6,059003.000078,059003.000453,-0.0252,2D,1.8977,2.016,0
8.3,60063.7063,0.1443,10420.91,059003.000127,059003.000305,0.532,4B,0.5413,5922.982,0
8.3,59494.1147,0.2831,1248.33,059003.000073,059003.000285,0.5157,2G,0.4027,6493.369,0
8.3,58599.4263,0.1373,11656.49,059003.000084,059003.000289,-0.1314,2E,1.9715,213.361,0
8.3,58380.4063,0.1363,4583.56,059003.000161,059003.000313,-0.339,3G,0.577,42912.463,0
8.3,57868.5624,0.1339,1100.45,059003.000199,059003.000565,-0.3427,3G,0.4483,4835.507,0
8.3,57677.4661,0.133,2167.51,059003.000131,059003.000303,0.1721,2B,0.5495,4055.642,0
8.3,57355.7065,0.1315,1055.97,059003.000121,059003.000449,0.3884,3G,0.3964,3762.836,0
8.3,56655.9248,0.1284,996.96,059003.000154,059003.000310,0.3956,4B,0.9807,543.702,0
8.3,56648.0988,0.1283,1992.62,059003.000101,059003.000290,0.0225,2D,1.7659,280.769,0
8.3,56619.5939,0.1282,2981.84,059003.000131,059003.000452,-1.7196,5G,0.4749,804.583,0
8.3,56437.6005,0.1274,2936.83,059003.000104,059003.000290,0.2505,2G,0.4511,595.907,0
8.3,56369.9188,0.1271,973.4,059003.000128,059003.000302,0.1201,2B,0.8805,435.9,0
8.3,56362.4894,0.127,4863.96,059003.000257,059003.000570,0.6679,5G,0.5155,1283.213,0
8.3,56286.7475,0.1267,19332.18,059003.000242,059003.000568,-0.3181,3B,0.4376,33148.925,0
8.3,55969.1331,0.1253,3763.73,059003.000126,059003.000448,-0.2207,2B,1.0811,2821.086,0
8.3,55724.1287,0.1242,9213.98,059003.000133,059003.000452,0.8411,5A,0.5261,9166.656,0
8.3,55698.0707,0.1241,9193.35,059003.000041,059003.000247,-0.2829,3B,0.7606,3774.976,0
8.3,55468.3375,0.5,2703.78,059003.000112,059003.000292,-0.6403,2G,0.3525,715.039,0
8.3,55464.311,0.5,2702.83,059003.000277,059003.000421,0.8455,2B,0.6207,821.507,0
8.3,55395.2022,0.1227,4477.74,059003.000041,059003.000241,0.1094,2D,2.4755,89.159,0
8.3,54944.4186,0.1207,3443.28,059003.000167,059003.000311,0.0885,2B,0.3669,2042.487,0
8.3,54779.0555,0.12,848.28,059003.000084,059003.000441,0.1225,2B,0.5629,271.653,0
8.3,54631.408,0.1193,837.18,059003.000121,059003.000445,-0.1868,2B,0.4163,487.987,0
8.3,54627.0842,0.1193,41842.78,059003.000242,059003.000567,0.0,2B,0.4908,16827.813,0
8.3,54448.2277,0.1185,2470.57,059003.000082,059003.000438,0.2882,3G,0.4536,12203.824,0
8.3,54369.5088,0.1182,1635.39,059003.000218,059003.000565,-0.3497,3B,0.8215,452.748,0
8.3,54352.1086,0.1181,2449.24,059003.000100,059003.000280,-0.2497,3A,0.6001,1356.819,0
8.3,54338.8563,0.1181,815.43,059003.000129,059003.000296,-0.1498,2C,0.8885,4014.271,0
8.3,54257.1824,0.1177,8094.25,059003.000141,059003.000454,-0.2849,3G,0.5666,1702.335,0
8.3,54149.738,0.1173,8015.58,059003.000088,059003.000442,-0.3858,4B,0.4753,21541.625,0
8.3,54110.3754,0.1171,3194.75,059003.000060,059003.000263,-0.1084,2G,0.6014,620.574,0
8.3,53992.0617,0.2331,1580.19,059003.000161,059003.000308,0.2301,2B,0.6534,3047.147,0
8.3,53965.3443,0.1165,3152.66,059003.000045,059003.000246,-0.2221,2C,0.9525,525.661,0
8.3,53913.2593,0.1162,2353.22,059003.000062,059003.000264,-0.1143,2E,3.0247,7.063,0
8.3,53835.6706,0.2318,3894.13,059003.000200,059003.000564,0.1462,2A,0.652,2195.255,0
8.3,53683.8978,0.1152,76797.98,059003.000046,059003.000247,-0.3217,3G,0.3248,19494.461,0
8.3,53613.142,0.2299,7629.54,059003.000076,059003.000271,-0.4829,3D,2.1374,276.514,0
8.3,53385.1897,0.114,3734.49,059003.000145,059003.000304,-0.0084,2G,0.5651,15552.494,0
8.3,53332.8495,0.1137,14864.82,059003.000198,059003.000563,0.2466,3G,0.5054,3740.773,0
8.3,53212.7471,0.1132,3674.44,059003.000085,059003.000272,-0.2663,3G,0.4651,17464.868,0
8.3,53083.8984,0.1127,725.99,059003.000082,059003.000436,-0.3826,4G,0.4939,8268.564,0
8.3,53018.9899,0.1124,3607.67,059003.000050,059003.000247,-0.0019,2G,0.3746,23493.042,0
8.3,53016.7714,0.1124,5049.67,059003.000088,059003.000277,-0.1873,2A,0.401,5891.435,0
8.3,53008.3118,0.1124,2883.21,059003.000083,059003.000436,0.4949,5B,0.4277,7320.765,0
8.3,52988.7122,0.1123,719.46,059003.000141,059003.000452,0.1588,2A,0.5522,726.248,0
8.3,52923.0596,0.112,1429.95,059003.000047,059003.000240,0.3206,3B,0.8649,3379.815,0
8.3,52899.7398,0.1119,1426.77,059003.000184,059003.000456,0.003,2B,0.6812,5607.434,0
8.3,52861.024,0.1117,2843.02,059003.000057,059003.000256,-0.242,3A,0.5234,1956.902,0
8.3,52854.9933,0.1117,710.34,059003.000263,059003.000568,0.4564,5D,1.7201,26.689,0
8.3,52810.4018,0.1115,2121.96,059003.000080,059003.000270,-0.2047,2G,0.439,11894.227,0
8.3,52787.8852,0.1114,1411.59,059003.000049,059003.000241,0.3334,3G,0.4226,5980.975,0
8.3,52547.0804,0.1104,41377.35,059003.000088,059003.000272,-0.1782,2A,0.5069,27602.938,0
8.3,52470.727,0.1101,1369.08,059003.000054,059003.000250,-0.0237,2G,0.4129,4432.947,0
8.3,52420.4094,0.1099,2724.82,059003.000144,059003.000453,0.1158,2E,2.2805,26.105,0
8.3,52361.7738,0.1096,677.33,059003.000089,059003.000273,0.1076,2B,1.3417,1368.728,0
8.3,51940.7296,0.2158,1949.7,059003.000105,059003.000440,0.2638,2G,0.5232,469.696,0
8.3,51467.3411,0.1059,6198.8,059003.000140,059003.000449,0.2971,3G,0.5852,1191.884,0
8.3,51457.8928,0.1059,2477.16,059003.000255,059003.000566,0.2141,3B,0.4363,1031.36,0
8.3,51405.1104,0.1057,1232.0,059003.000539,059003.000260,0.1867,2A,0.6164,1645.452,0
8.3,51373.8563,0.1055,1842.16,059003.000115,059003.000279,-0.2099,2C,1.5656,89.9,0
8.3,51145.5694,0.1046,1799.91,059003.000073,059003.000258,-0.2407,3B,0.4897,4116.277,0
8.3,51145.5694,0.1046,1799.91,059003.000105,059003.000275,-0.1621,2B,0.6374,3633.151,0
8.3,51098.0967,0.1044,597.07,059003.000102,059003.000273,-0.1632,2B,1.4783,198.781,0
8.3,51080.7971,0.1043,596.01,059003.000087,059003.000268,0.2124,3A,0.5368,950.782,0
8.3,51062.9089,0.1043,1189.84,059003.000046,059003.000223,0.2451,3G,0.5581,9800.61,0
8.3,50965.8405,0.1039,5890.25,059003.000097,059003.000436,-0.117,2B,0.7224,2025.202,0
8.3,50889.9243,0.1036,584.44,059003.000047,059003.000224,-0.0349,2D,1.6344,115.584,0
8.3,50860.0144,0.1034,1747.91,059003.000088,059003.000268,0.1259,2G,0.5356,19857.963,0
8.3,50807.6257,0.1032,34769.52,059003.000053,059003.000233,0.1503,2D,2.0613,2000.796,0
8.3,50702.3793,0.1028,2866.02,059003.000075,059003.000258,-0.0555,2A,0.341,3255.931,0
8.3,50449.8676,0.1018,2791.45,059003.000115,059003.000442,-0.329,4B,0.5206,1381.463,0
8.3,50442.4109,0.1017,1115.71,059003.000114,059003.000441,0.2368,3G,0.6521,241.523,0
8.3,50290.6332,0.1011,3294.06,059003.000155,059003.000453,-0.2195,3G,0.4975,612.541,0
8.3,50137.2297,0.1005,540.16,059003.000141,059003.000296,0.3273,4B,0.461,298.23,0
8.3,50005.4002,0.2,213052.29,059003.000046,059003.000219,-0.3066,2G,0.336,47072.376,0
8.3,49996.7496,0.1,10642.78,059003.000046,059003.000218,0.052,2G,0.4646,121841.429,0
8.3,49962.3692,0.0998,530.19,059003.000096,059003.000269,-0.1507,2G,0.3812,7011.431,0
8.3,49950.9678,0.0998,1059.08,059003.000128,059003.000283,0.1121,2B,0.2825,761.047,0
8.3,49898.1407,0.0996,5265.51,059003.000540,059003.000260,-0.253,3A,0.5444,8135.228,0
8.3,49844.7113,0.0993,15706.17,059003.000442,059003.000570,-0.5903,5B,0.49,7813.12,0
8.3,49629.5155,0.0985,10230.33,059003.000064,059003.000239,-0.0048,2G,0.3817,74930.526,0
8.3,49621.5377,0.0985,51107.44,059003.000130,059003.000283,-0.1404,2G,0.6775,9778.016,0
8.3,49383.7988,0.0975,14940.1,059003.000066,059003.000242,0.036,2C,0.7699,129667.107,0
8.3,49343.5592,0.0974,4958.12,059003.000067,059003.000433,0.0786,2A,0.5107,3637.504,0
8.3,49288.999,0.0971,147855.09,059003.000189,059003.000457,-0.2665,3A,0.5215,98668.031,0
8.3,49218.0669,0.0969,489016.84,059003.000041,059003.000202,-0.1379,2B,0.3906,225440.988,0
8.3,49196.327,0.0968,48784.57,059003.000059,059003.000230,-0.1334,2G,0.339,168130.268,0
8.3,49114.204,0.1929,9668.75,059003.000075,059003.000253,0.2667,2C,1.2761,624.387,0
8.3,48930.3035,0.0957,473.66,059003.000069,059003.000241,-0.0943,2G,0.5423,9353.412,0
8.3,48851.4753,0.0954,37560.41,059003.000057,059003.000225,0.0691,2B,1.3541,53935.994,0
8.3,48832.8968,0.0954,46852.97,059003.000076,059003.000254,-0.2709,3A,0.5053,30234.121,0
8.3,48765.7388,0.0951,9300.29,059003.000059,059003.000227,0.2056,3G,0.6406,48037.097,0
8.3,48765.7388,0.0951,9300.29,059003.000049,059003.000214,0.5234,5G,0.5777,98438.571,0
8.3,48730.9365,0.095,926.4,059003.000063,059003.000233,0.2094,3C,1.3044,7437.142,0
8.3,48628.1998,0.0946,2289.34,059003.000131,059003.000281,0.212,3G,0.5398,26017.174,0
8.3,48621.7948,0.0945,4575.36,059003.000073,059003.000245,-0.1439,2B,0.7079,9870.513,0
8.3,48583.5152,0.0944,13666.81,059003.000151,059003.000299,0.7751,5G,0.4427,3376.265,0
8.3,48538.5854,0.0942,13597.44,059003.000072,059003.000241,-0.3142,4G,0.3373,3788.09,0
8.3,48404.6865,0.0937,4464.02,059003.000133,059003.000284,0.3664,4A,0.4335,4447.215,0
8.3,48309.5923,0.0933,22079.01,059003.000060,059003.000224,0.2028,3G,0.3661,87012.253,0
8.3,48302.3354,0.0933,88242.74,059003.000054,059003.000217,0.0407,2D,2.7777,2519.668,0
8.3,48178.0674,0.0928,130489.88,059003.000047,059003.000207,-0.1614,2A,0.4672,125801.684,0
8.3,48169.5489,0.0928,43454.01,059003.000072,059003.000239,-0.1693,2A,0.4165,59279.158,0
8.3,48043.9293,0.0923,856.57,059003.000237,059003.000564,0.063,2E,2.0051,20.645,0
8.3,47970.9894,0.092,4246.82,059003.000144,059003.000293,0.1478,2B,0.3271,2083.357,0
8.3,47871.084,0.0916,2098.88,059003.000539,059003.000240,-0.0233,2G,0.5966,418.153,0
8.3,47851.6882,0.0916,8376.56,059003.000095,059003.000259,0.2247,3B,0.5422,3621.298,0
8.3,47697.975,0.091,2056.81,059003.000134,059003.000282,0.2106,3B,0.6954,3047.721,0
8.3,47690.1489,0.0909,41098.49,059003.000067,059003.000229,-0.2469,3A,0.4911,44966.246,0
8.3,47260.5896,0.067,78335.4,059003.000126,059003.000438,-0.2323,4B,0.3564,29641.919,0
8.3,46709.211,0.0654,44178.18,059003.000074,059003.000232,0.4195,5G,0.4558,11987.653,0
8.3,46680.3909,0.1525,300688.64,059003.000059,059003.000214,0.2008,2G,0.606,1280867.198,0
8.3,46655.1106,0.0653,41917.31,059003.000071,059003.000227,0.002,2G,0.6243,1563929.079,0
8.3,46171.2,0.064,26968.26,059003.000062,059003.000215,-0.0413,2G,0.5467,164946.529,0
8.3,46002.6206,0.12,117042.22,059003.000123,059003.000268,-0.0203,2G,0.363,25210.319,0
8.3,45974.71,0.0634,22879.82,059003.000126,059003.000437,0.4507,5G,0.53,6568.38,0
8.3,45841.1308,0.063,20558.43,059003.000155,059003.000293,-0.2699,5A,0.4571,27879.177,0
8.3,45762.6008,0.0628,77359.63,059003.000096,059003.000252,-0.04,2A,0.354,97353.542,0
8.3,45649.5404,0.1459,142019.52,059003.000120,059003.000266,0.0174,2B,0.3571,234578.487,0
8.3,45573.8495,0.1454,134309.57,059003.000064,059003.000212,-0.086,2B,0.4871,226612.049,0
8.3,45566.3705,0.0623,16697.46,059003.000057,059003.000206,0.1102,2G,0.518,242368.451,0
8.3,45554.891,0.0623,16558.76,059003.000069,059003.000219,-0.2549,5G,0.4561,179298.849,0
8.3,45324.69,0.0616,14090.6,059003.000170,059003.000449,-0.1861,4G,0.3915,2941.967,0
8.3,45264.7904,0.0615,81213.76,059003.000171,059003.000301,0.1025,2B,0.503,27470.625,0
8.3,45210.0999,0.0613,78339.05,059003.000175,059003.000302,-0.0075,2G,0.5268,19592.305,0
8.3,45156.9211,0.0612,12614.37,059003.000135,059003.000440,0.4636,5A,0.3758,12867.399,0
8.3,45150.7698,0.0612,25129.34,059003.000097,059003.000248,-0.1365,3A,0.4603,37894.578,0
8.3,45114.8004,0.0611,12279.88,059003.000086,059003.000236,0.047,2A,0.6461,7894.297,0
8.3,45102.4907,0.061,12184.65,059003.000093,059003.000247,0.124,3B,0.8261,45013.786,0
8.3,45030.7098,0.0608,11651.04,059003.000133,059003.000277,-0.3503,5B,0.334,7440.636,0
8.3,44965.3596,0.0607,55978.91,059003.000049,059003.000197,-0.1983,4G,0.5724,879576.136,0
8.3,44945.2104,0.0606,22121.92,059003.000073,059003.000217,0.0683,2A,0.3366,21856.806,0
8.3,44926.0105,0.0605,10934.84,059003.000114,059003.000258,0.0217,2B,0.6312,4674.471,0
8.3,44917.9604,0.1412,87061.02,059003.000076,059003.000432,-0.251,2C,1.2108,7643.267,0
8.3,44893.7494,0.0605,32183.82,059003.000050,059003.000197,0.0124,2B,0.9301,11057.156,0
8.3,44886.1503,0.0604,74760.71,059003.000126,059003.000268,-0.0996,2G,0.5946,17393.633,0
8.3,44839.6892,0.0603,10394.84,059003.000119,059003.000264,-0.1252,3C,1.5736,893.756,0
8.3,44821.0396,0.0603,10283.74,059003.000173,059003.000448,0.0919,2B,0.7603,13828.796,0
8.3,44799.131,0.0602,71089.45,059003.000095,059003.000433,-0.1859,4A,0.504,107386.441,0
8.3,44799.131,0.0602,71089.45,059003.000093,059003.000241,0.0251,2G,0.4803,17871.882,0
8.3,44760.46,0.0601,19871.43,059003.000078,059003.000222,-0.09,2B,1.007,7041.548,0
8.3,44720.8305,0.06,9718.27,059003.000540,059003.000228,0.2035,4G,0.6769,62777.479,0
8.3,44685.8492,0.0599,9532.75,059003.000079,059003.000223,-0.0106,2G,0.665,262553.011,0
8.3,44617.61,0.0597,18374.64,059003.000078,059003.000432,0.0047,2A,0.3792,17718.579,0
8.3,44612.8507,0.0597,27492.03,059003.000060,059003.000203,-0.1045,2G,0.391,86797.177,0
8.3,44603.2607,0.0597,9117.35,059003.000138,059003.000278,-0.3405,5G,0.4207,1656.152,0
8.3,44603.2607,0.0597,9117.35,059003.000147,059003.000287,-0.0002,2A,0.5247,10635.336,0
8.3,44598.6299,0.0597,72759.65,059003.000085,059003.000229,-0.1,2B,1.487,44797.602,0
8.3,44594.4907,0.1392,90750.22,059003.000096,059003.000241,0.0214,2G,0.3368,265085.956,0
8.3,44589.2409,0.1392,36199.38,059003.000086,059003.000232,0.065,2A,0.4584,55389.69,0
8.3,44542.991,0.0595,8833.08,059003.000121,059003.000265,0.3287,5D,2.6993,168.47,0
8.3,44525.5209,0.0595,8753.51,059003.000121,059003.000264,-0.0765,2B,0.4676,14488.883,0
8.3,44525.5209,0.0595,8753.51,059003.000104,059003.000250,0.1477,3B,0.3897,19920.313,0
8.3,44516.25,0.0594,69694.22,059003.000105,059003.000250,0.1248,3D,2.7387,8166.54,0
8.3,44503.5705,0.0594,17310.52,059003.000188,059003.000312,-0.0208,2G,0.4814,3418.095,0
8.3,44364.4003,0.059,8074.85,059003.000102,059003.000435,0.1669,3G,0.4707,58755.874,0
8.3,44332.3297,0.059,15901.72,059003.000105,059003.000248,-0.1238,3B,0.5628,30617.811,0
8.3,44325.4703,0.1375,63398.32,059003.000087,059003.000231,0.1692,2C,1.138,4905.482,0
8.3,44317.6708,0.0589,7895.34,059003.000064,059003.000205,0.0694,2G,0.5633,68413.873,0
8.3,44309.7404,0.0589,39327.96,059003.000126,059003.000266,-0.0943,2B,0.4284,60475.974,0
8.3,44294.471,0.1373,39044.48,059003.000064,059003.000204,0.1911,2B,0.6423,11855.684,0
8.3,44163.7803,0.0585,7353.13,059003.000540,059003.000432,-0.1853,4B,0.4289,3395.671,0
8.3,44131.2397,0.0584,36237.05,059003.000123,059003.000263,-0.1174,3A,0.5413,43596.121,0
8.3,44083.6799,0.0583,7098.1,059003.000121,059003.000261,-0.1252,3G,0.4604,28994.131,0
8.3,44043.0696,0.0582,6975.32,059003.000086,059003.000228,0.0511,2G,0.366,35427.359,0
8.3,44030.7591,0.0581,55511.43,059003.000053,059003.000196,-0.0512,2G,0.4539,216067.423,0
8.3,44009.2301,0.0581,41257.2,059003.000100,059003.000240,0.0632,2B,0.5289,125403.416,0
8.3,43996.3593,0.0581,61553.17,059003.000064,059003.000203,-0.0447,2B,0.542,110119.055,0
8.3,43978.7107,0.058,40735.29,059003.000171,059003.000297,0.0767,2G,0.4675,380140.46,0
8.3,43973.4707,0.1353,60970.54,059003.000172,059003.000297,-0.4159,4A,0.5539,38102.122,0
8.3,43964.8504,0.058,33752.24,059003.000178,059003.000301,-0.0908,2G,0.4701,434272.568,0
8.3,43928.26,0.0579,26601.04,059003.000078,059003.000431,0.0834,2B,0.4751,13412.484,0
8.3,43904.4609,0.0578,32933.69,059003.000168,059003.000294,-0.413,5B,0.5227,10827.329,0
8.3,43894.1909,0.0578,6559.72,059003.000089,059003.000233,-0.1489,3B,0.3853,10669.305,0
8.3,43886.9901,0.0578,39245.47,059003.000158,059003.000290,0.0923,2B,0.6016,12188.178,0
8.3,43869.0896,0.0577,45462.56,059003.000104,059003.000243,-0.0386,2B,0.6472,13000.28,0
8.3,43862.601,0.0577,12956.11,059003.000105,059003.000433,-0.1615,3G,0.3815,47100.049,0
8.3,43860.0691,0.0577,6471.6,059003.000105,059003.000243,0.1889,4D,3.0928,3969.698,0
8.3,43745.4209,0.0574,6193.35,059003.000097,059003.000237,-0.1213,3B,0.6492,13838.919,0
8.3,43715.8212,0.0573,6125.74,059003.000206,059003.000552,-0.5212,5G,0.6164,55445.161,0
8.3,43705.0305,0.0573,6101.5,059003.000095,059003.000235,-0.0737,2E,3.3778,7.845,0
8.3,43658.3696,0.0572,53992.55,059003.000081,059003.000431,-0.0961,2G,0.3258,16306.922,0
8.3,43655.4109,0.0572,5992.82,059003.000102,059003.000240,-0.0872,2E,2.6286,72.006,0
8.3,43629.1903,0.0571,5937.17,059003.000086,059003.000222,-0.1115,2G,0.3651,29442.526,0
8.3,43599.3106,0.057,5875.22,059003.000045,059003.000194,0.0646,2G,0.7014,70154.671,0
8.3,43577.1409,0.057,46641.86,059003.000111,059003.000250,-0.0806,2A,0.616,49569.085,0
8.3,43570.5593,0.0569,46536.29,059003.000111,059003.000249,-0.0272,2A,0.5084,54017.882,0
8.3,43560.939,0.0569,40585.14,059003.000080,059003.000218,-0.0971,2A,0.5758,43627.295,0
8.3,43551.6204,0.0569,23117.85,059003.000076,059003.000216,-0.0509,2B,1.5814,6528.911,0
8.3,43522.9693,0.0568,5723.73,059003.000080,059003.000217,0.0793,2B,1.0074,1143.738,0
8.3,43504.3396,0.0568,5688.19,059003.000063,059003.000201,-0.1651,3G,0.5066,50764.767,0
8.3,43482.981,0.0567,33888.7,059003.000160,059003.000292,-0.3399,5A,0.5641,37478.557,0
8.3,43452.7003,0.1322,50332.5,059003.000075,059003.000211,-0.1422,2B,0.9337,155591.674,0
8.3,43415.7698,0.0565,5526.53,059003.000074,059003.000209,0.2519,5G,0.5733,39445.448,0
8.3,43408.0803,0.1319,11026.08,059003.000177,059003.000300,-0.2767,3G,0.4852,39806.076,0
8.3,43393.9395,0.0565,32930.78,059003.000063,059003.000200,0.2091,4G,0.4625,259707.051,0
8.3,43340.0293,0.0563,5397.35,059003.000108,059003.000244,-0.1116,2C,0.7155,40170.856,0
8.3,43322.3998,0.0563,32210.55,059003.000082,059003.000218,-0.1918,4G,0.5999,178747.025,0
8.3,43322.3998,0.0563,32210.55,059003.000070,059003.000206,-0.0962,2G,0.4924,430911.119,0
8.3,43317.9702,0.0563,10722.44,059003.000095,059003.000231,0.1082,2A,0.3407,10396.752,0
8.3,43314.8593,0.0563,53561.8,059003.000046,059003.000195,-0.0502,2B,1.1907,9500.001,0
8.3,43303.901,0.0563,5338.52,059003.000057,059003.000197,-0.0436,2G,0.7502,127407.888,0
8.3,43296.5394,0.0562,5326.75,059003.000108,059003.000243,0.0814,2E,1.7119,186.275,0
8.3,43293.2397,0.0562,5321.49,059003.000093,059003.000230,0.1999,4G,0.4077,33126.685,0
8.3,43275.0894,0.0562,21171.37,059003.000089,059003.000228,0.1353,3G,0.4093,81043.223,0
8.3,43226.2508,0.0561,31307.1,059003.000069,059003.000204,0.2748,5C,1.2866,2123.17,0
8.3,43175.1409,0.0559,10285.07,059003.000088,059003.000223,0.062,2G,0.4796,88437.613,0
8.3,43160.9295,0.0559,5122.15,059003.000207,059003.000551,-0.1602,3A,0.6928,2731.761,0
8.3,43152.9201,0.0559,5110.77,059003.000158,059003.000288,-0.1257,3B,0.5571,2264.424,0
8.3,43142.7002,0.0558,25481.77,059003.000196,059003.000329,-0.1024,2B,0.6231,72444.282,0
8.3,43134.499,0.0558,25424.37,059003.000111,059003.000247,0.0656,2B,0.617,7457.725,0
8.3,43109.6002,0.1301,50504.9,059003.000084,059003.000219,0.3652,3B,0.3721,144820.577,0
8.3,43073.9706,0.0557,5002.5,059003.000067,059003.000202,0.0642,2B,1.0814,940.732,0
8.3,43061.5298,0.0556,29916.44,059003.000074,059003.000207,-0.5443,5B,0.7983,21621.47,0
8.3,42992.249,0.1294,4897.62,059003.000195,059003.000320,0.2816,3A,0.655,2786.691,0
8.3,42981.5693,0.0554,39075.43,059003.000079,059003.000214,-0.2489,5A,0.586,49018.131,0
8.3,42981.5693,0.0554,39075.43,059003.000081,059003.000216,0.2149,4G,0.5078,150106.585,0
8.3,42973.0192,0.0554,4873.95,059003.000091,059003.000226,-0.0068,2G,0.4587,84180.967,0
8.3,42940.191,0.1291,48344.11,059003.000080,059003.000215,-0.277,3B,0.4007,29682.61,0
8.3,42928.5099,0.0553,43385.39,059003.000175,059003.000294,0.3775,5A,0.5347,30723.054,0
8.3,42924.8092,0.0553,43346.25,059003.000105,059003.000236,0.0317,2B,0.5083,25463.55,0
8.3,42899.4901,0.0552,23934.28,059003.000216,059003.000346,0.1292,3B,0.7127,20201.302,0
8.3,42879.9203,0.0552,19058.23,059003.000070,059003.000203,0.0438,2B,1.2859,5891.527,0
8.3,42755.7303,0.0548,13893.59,059003.000153,059003.000286,0.0926,2B,0.5001,6639.887,0
8.3,42744.8402,0.0548,13860.44,059003.000091,059003.000223,0.0121,2A,0.6926,23239.436,0
8.3,42699.62,0.0547,9150.65,059003.000211,059003.000553,-0.0454,2G,0.5593,2373.782,0
8.3,42648.769,0.0546,13580.73,059003.000189,059003.000310,-0.1001,2A,0.4955,18680.319,0
8.3,42547.4708,0.0543,39927.76,059003.000218,059003.000557,0.232,5A,0.5865,27746.473,0
8.3,42481.659,0.1263,39434.77,059003.000104,059003.000233,-0.0171,2A,0.4058,32728.27,0
8.3,42479.7799,0.0541,13140.36,059003.000084,059003.000215,0.1222,3G,0.4551,74159.368,0
8.3,42473.8801,0.0541,8750.73,059003.000080,059003.000211,-0.0856,2G,0.6536,38513.319,0
8.3,42459.2007,0.1262,26181.82,059003.000205,059003.000338,0.16,2A,0.5571,41151.817,0
8.3,42453.451,0.0541,8718.16,059003.000087,059003.000220,-0.0048,2G,0.6479,43691.702,0
8.3,42436.0705,0.054,13036.35,059003.000149,059003.000279,0.0581,2B,0.786,3677.688,0
8.3,42381.1512,0.0539,21518.37,059003.000105,059003.000231,-0.1564,3G,0.4003,99661.52,0
8.3,42374.2991,0.0539,8597.2,059003.000076,059003.000207,-0.0138,2G,0.5956,51620.865,0
8.3,42373.1493,0.0539,8595.5,059003.000144,059003.000278,-0.125,3B,0.3752,3118.564,0
8.3,42359.3297,0.0538,21438.05,059003.000203,059003.000335,0.0007,2B,0.5794,7743.947,0
8.3,42354.1292,0.0538,21419.13,059003.000062,059003.000197,0.0527,2B,1.5244,3537.101,0
8.3,42337.6891,0.0538,21359.87,059003.000206,059003.000338,0.0705,2G,0.6385,103908.692,0
8.3,42329.8709,0.1254,4266.4,059003.000087,059003.000218,0.0622,2G,0.5886,27096.18,0
8.3,42326.6812,0.0537,8528.26,059003.000187,059003.000309,0.0062,2G,0.5206,1899.809,0
8.3,42291.6598,0.0537,29677.65,059003.000087,059003.000217,-0.0028,2B,0.3155,13306.904,0
8.3,42264.4598,0.0536,33769.31,059003.000216,059003.000343,-0.1497,3B,0.4448,16728.104,0
8.3,42234.1003,0.0535,12603.05,059003.000130,059003.000260,-0.0366,2G,0.4606,3280.635,0
8.3,42232.9795,0.0535,16801.14,059003.000095,059003.000432,0.044,2D,2.2186,447.182,0
8.3,42229.6408,0.0535,4198.1,059003.000121,059003.000254,0.0852,2B,0.4757,1922.592,0
8.3,42228.2701,0.1248,20986.05,059003.000205,059003.000336,0.3064,3A,0.3947,21033.026,0
8.3,42214.7092,0.0535,25130.55,059003.000173,059003.000445,0.0799,2G,0.434,86067.477,0
8.3,42201.6696,0.0534,8360.15,059003.000163,059003.000290,-0.1269,3B,0.4632,18319.868,0
8.3,42118.1912,0.0532,16515.13,059003.000088,059003.000219,0.0695,2B,0.5126,6431.984,0
8.3,42090.2408,0.0531,20562.11,059003.000099,059003.000224,-0.001,2C,1.3994,1128.634,0
8.3,42081.1791,0.0531,32857.62,059003.000123,059003.000255,0.0369,2A,0.4083,45264.62,0
8.3,42073.1712,0.1239,12307.87,059003.000101,059003.000228,0.1544,2A,0.4663,16261.73,0
8.3,42065.1911,0.0531,16392.37,059003.000106,059003.000231,0.0835,2D,1.6377,1845.141,0
8.3,42032.299,0.1237,24478.47,059003.000112,059003.000240,0.1207,2B,0.7359,6130.123,0
8.3,42027.6501,0.053,16308.78,059003.000120,059003.000252,0.0552,2B,0.4375,26869.484,0
8.3,42018.8206,0.053,20361.88,059003.000197,059003.000324,0.0084,2B,0.4136,48053.366,0
8.3,42011.3904,0.0529,16273.41,059003.000102,059003.000228,-0.1574,3E,1.9395,331.427,0
8.3,41966.67,0.0528,24268.01,059003.000207,059003.000544,-0.1789,4G,0.4928,1938.078,0
8.3,41966.67,0.0528,24268.01,059003.000221,059003.000556,0.1337,3G,0.6462,4591.375,0
8.3,41959.7891,0.0528,12123.32,059003.000209,059003.000547,0.2798,5G,0.5815,66466.1,0
8.3,41935.8404,0.0528,20144.35,059003.000080,059003.000208,0.0081,2B,0.8461,5148.884,0
8.3,41881.6113,0.0526,12006.27,059003.000221,059003.000554,-0.0559,2B,0.5581,37489.772,0
8.3,41546.2807,0.0518,23170.16,059003.000098,059003.000221,-0.0699,2B,0.4726,54129.469,0
8.3,41534.3291,0.0517,3857.39,059003.000121,059003.000250,-0.0141,2D,2.3819,855.713,0
8.3,41484.2492,0.0516,7679.65,059003.000073,059003.000199,0.0077,2G,0.5152,122739.561,0
8.3,41464.1792,0.0516,3832.99,059003.000105,059003.000224,-0.0338,2B,0.8559,8217.032,0
8.3,41455.0191,0.0516,19149.52,059003.000102,059003.000432,0.1327,3G,0.3417,4512.474,0
8.3,41451.3089,0.0515,3828.66,059003.000158,059003.000281,-0.05,2A,0.3599,5237.16,0
8.3,41306.8893,0.0512,3783.03,059003.000175,059003.000292,0.283,5G,0.4884,30179.375,0
8.3,41304.8401,0.0512,3782.41,059003.000114,059003.000237,0.0991,2G,0.4198,18246.865,0
8.3,41279.6913,0.0511,3774.98,059003.000196,059003.000321,-0.3155,5A,0.6406,6738.337,0
8.3,41271.0213,0.0511,18862.27,059003.000111,059003.000229,0.2472,5D,1.7811,3515.887,0
8.3,41219.2192,0.051,3757.67,059003.000096,059003.000219,0.0017,2B,0.9,9060.524,0
8.3,41172.111,0.0508,3744.68,059003.000221,059003.000553,0.1714,4A,0.5759,6351.041,0
8.3,41156.6799,0.0508,3740.52,059003.000145,059003.000438,0.0846,2E,1.7364,119.618,0
8.3,41111.7803,0.0507,7457.27,059003.000159,059003.000280,0.0457,2A,0.5089,5410.836,0
8.3,41094.9592,0.0507,11172.81,059003.000144,059003.000275,-0.0361,2G,0.5101,56357.901,0
8.3,41020.811,0.0505,11116.63,059003.000099,059003.000219,-0.0422,2G,0.396,36662.28,0
8.3,41002.5503,0.0504,37010.51,059003.000231,059003.000347,0.179,4G,0.6402,7329.157,0
8.3,40948.2989,0.0503,3687.95,059003.000115,059003.000236,0.1514,4B,0.408,10538.508,0
8.3,40934.2505,0.0503,3684.61,059003.000112,059003.000232,-0.1349,3B,0.3263,2355.337,0
8.3,40877.8895,0.0501,18357.16,059003.000121,059003.000243,-0.2087,5G,0.5071,65515.305,0
8.3,40809.4892,0.05,3655.82,059003.000158,059003.000279,-0.0027,2A,0.5184,5905.832,0
8.3,40757.4314,0.0498,3644.16,059003.000076,059003.000200,0.1699,4G,0.6324,31342.027,0
8.3,40723.3499,0.0497,7273.21,059003.000135,059003.000264,-0.0211,2G,0.4283,183673.786,0
8.3,40717.0308,0.0497,7270.42,059003.000072,059003.000197,0.1251,3G,0.4272,38372.081,0
8.3,40704.7012,0.0497,3632.49,059003.000087,059003.000208,0.0962,2B,1.0107,7711.298,0
8.3,40700.3994,0.0497,3631.55,059003.000163,059003.000286,-0.0235,2B,0.8812,819.855,0
8.3,40583.7891,0.0494,3606.05,059003.000097,059003.000215,0.0892,2G,0.5119,16142.321,0
8.3,40505.8494,0.0492,7178.07,059003.000096,059003.000213,0.0736,2G,0.6046,156299.961,0
8.3,40404.8011,0.049,10700.15,059003.000115,059003.000231,0.1234,3D,1.8986,1345.06,0
8.3,40391.3904,0.1142,3563.72,059003.000134,059003.000259,0.5438,5B,0.4796,1198.409,0
8.3,40354.9314,0.0489,3555.5,059003.000234,059003.000557,-0.1878,4B,0.7458,1128.125,0
8.3,40347.5104,0.1139,3553.82,059003.000105,059003.000217,-0.1587,2A,0.5028,4726.854,0
8.3,40310.7909,0.0487,31908.82,059003.000080,059003.000200,0.1387,3B,0.4109,54029.999,0
8.3,40307.4491,0.0487,31901.9,059003.000084,059003.000202,-0.1498,4B,0.6284,9067.955,0
8.3,40302.0512,0.0487,35434.1,059003.000210,059003.000334,0.0283,2A,0.6195,43436.918,0
8.3,40281.6315,0.0487,3538.68,059003.000135,059003.000261,0.0528,2G,0.6853,30544.856,0
8.3,40268.5493,0.0486,14142.48,059003.000198,059003.000317,0.0616,2B,0.6857,3959.629,0
8.3,40255.9205,0.0486,10597.97,059003.000168,059003.000444,0.1372,3A,0.5274,14012.835,0
8.3,40235.08,0.1133,35277.26,059003.000095,059003.000211,-0.2192,2B,0.441,61935.517,0
8.3,40200.459,0.0485,3519.43,059003.000244,059003.000560,0.1235,3B,0.591,9006.2,0
8.3,40193.1395,0.0485,21105.93,059003.000106,059003.000220,-0.1227,3G,0.4683,4412.641,0
8.3,40185.6603,0.0484,10547.51,059003.000244,059003.000348,0.1978,5B,0.5907,20809.324,0
8.3,40171.5089,0.0484,17561.88,059003.000113,059003.000226,-0.0098,2G,0.7153,276155.505,0
8.3,40139.3103,0.0483,3504.4,059003.000141,059003.000268,0.0546,2A,0.4497,4842.628,0
8.3,40130.7409,0.0483,3502.25,059003.000135,059003.000259,-0.1599,4G,0.3949,987.251,0
8.3,40112.3114,0.0483,6995.2,059003.000431,059003.000544,-0.0676,2G,0.5222,1381.115,0
8.3,40089.2409,0.1125,34917.04,059003.000199,059003.000321,0.2397,3B,0.7001,9336.071,0
8.3,40078.7015,0.0482,10466.95,059003.000106,059003.000219,0.0771,2C,1.2471,1301.834,0
8.3,40067.0002,0.0482,6971.88,059003.000175,059003.000288,-0.0639,2A,0.5186,8202.404,0
8.3,40061.3811,0.0481,24391.29,059003.000201,059003.000542,0.142,3A,0.603,43056.785,0
8.3,40041.9909,0.0481,6958.72,059003.000128,059003.000249,-0.0045,2B,0.4422,2987.007,0
8.3,40033.3513,0.0481,3477.06,059003.000234,059003.000345,0.0241,2D,2.7585,64.48,0
8.3,40030.7103,0.0481,3476.36,059003.000247,059003.000560,0.1488,4B,0.8046,2029.225,0
8.3,40016.4708,0.048,17362.66,059003.000120,059003.000237,0.0343,2B,0.8397,17046.037,0
8.3,39982.781,0.048,3463.34,059003.000239,059003.000347,-0.003,2D,2.4618,68.903,0
8.3,39980.61,0.0479,17313.69,059003.000188,059003.000307,0.0161,2B,0.4775,8426.914,0
8.3,39962.1599,0.0479,3457.6,059003.000150,059003.000277,-0.1834,4A,0.5822,6125.794,0
8.3,39945.7813,0.0479,3452.99,059003.000063,059003.000194,-0.0836,2G,0.4667,33520.394,0
8.3,39925.8695,0.5,6894.61,059003.000099,059003.000211,1.0959,3B,0.3603,3159.108,0
8.3,39917.1389,0.0478,3444.79,059003.000127,059003.000248,0.176,4B,0.5766,8562.668,0
8.3,39892.859,0.0477,3437.7,059003.000154,059003.000441,0.0059,2B,1.1031,1479.11,0
8.3,39809.1492,0.0475,3412.24,059003.000199,059003.000320,-0.0768,2G,0.6438,54372.745,0
8.3,39771.3112,0.0474,3400.18,059003.000248,059003.000560,-0.1339,3G,0.6159,32262.019,0
8.3,39766.27,0.0474,6797.08,059003.000163,059003.000281,0.0124,2A,0.357,6286.642,0
8.3,39736.6491,0.0474,3388.8,059003.000165,059003.000281,-0.0232,2A,0.335,3124.068,0
8.3,39718.0596,0.0473,27060.59,059003.000142,059003.000267,-0.2564,5B,0.588,8434.458,0
8.3,39698.0814,0.1103,3375.77,059003.000198,059003.000541,-0.0963,2C,0.9639,346.926,0
8.3,39698.0814,0.1103,3375.77,059003.000137,059003.000260,0.2491,3B,0.4775,1059.673,0
8.3,39667.3998,0.0472,13460.44,059003.000120,059003.000234,0.1178,3E,4.2396,3.032,0
8.3,39662.8393,0.0472,23544.52,059003.000230,059003.000552,0.109,3A,0.6105,30903.041,0
8.3,39652.5207,0.0472,3359.84,059003.000213,059003.000333,-0.0466,2G,0.6085,44603.491,0
8.3,39542.0313,0.0469,23230.53,059003.000119,059003.000229,-0.0815,2G,0.5478,6638.289,0
8.3,39536.019,0.1094,29846.67,059003.000130,059003.000248,0.2379,3A,0.5529,30020.866,0
8.3,39531.0189,0.0469,6628.66,059003.000223,059003.000340,0.0771,2G,0.5856,76544.514,0
8.3,39525.7389,0.0469,16561.24,059003.000233,059003.000553,-0.2432,5E,2.2683,234.67,0
8.3,39514.8693,0.1093,29771.39,059003.000232,059003.000551,0.4969,5A,0.6185,20825.457,0
8.3,39501.4302,0.1092,29722.86,059003.000180,059003.000298,-0.3818,4B,0.9838,22651.837,0
8.3,39480.6792,0.0468,9882.29,059003.000226,059003.000342,-0.0052,2B,0.8369,19029.013,0
8.3,39444.1313,0.0467,13115.48,059003.000127,059003.000243,-0.2584,5C,0.9091,1168.435,0
8.3,39444.1313,0.0467,13115.48,059003.000123,059003.000234,0.1467,4B,1.1207,3869.753,0
8.3,39428.15,0.1088,13088.27,059003.000239,059003.000346,-0.1572,2C,0.8724,2059.154,0
8.3,39367.0204,0.0465,9735.62,059003.000180,059003.000447,-0.0044,2G,0.5938,54985.453,0
8.3,39361.7396,0.0465,22699.75,059003.000112,059003.000221,0.0836,2B,0.5289,47601.698,0
8.3,39355.2613,0.0465,6479.77,059003.000201,059003.000319,-0.0065,2G,0.5971,32585.573,0
8.3,39323.9607,0.0464,3225.47,059003.000244,059003.000558,0.2815,5A,0.5728,3772.221,0
8.3,39310.1788,0.0464,3219.0,059003.000247,059003.000347,-0.1629,4B,1.0689,968.426,0
8.3,39296.2602,0.1081,3212.4,059003.000240,059003.000556,0.2461,3G,0.671,800.967,0
8.3,39201.7513,0.0461,15827.9,059003.000108,059003.000215,-0.0736,2A,0.37,13647.559,0
8.3,39183.3402,0.0461,22092.34,059003.000227,059003.000546,0.0,2G,0.5954,198278.666,0
8.3,39176.3406,0.046,15761.94,059003.000234,059003.000549,0.0067,2B,1.1703,3360.23,0
8.3,39157.8112,0.046,3142.6,059003.000437,059003.000563,0.2374,5G,0.363,672.618,0
8.3,39079.3104,0.0458,15497.85,059003.000087,059003.000200,-0.1144,3D,1.8921,474.661,0
8.3,39039.2216,0.1067,3076.59,059003.000218,059003.000334,-0.1373,2B,0.7071,2261.988,0
8.3,38974.8904,0.0456,24306.25,059003.000139,059003.000263,-0.029,2G,0.5417,3029.475,0
8.3,38974.8904,0.0456,24306.25,059003.000153,059003.000275,0.2497,5C,1.5467,1852.213,0
8.3,38972.4187,0.0456,3036.77,059003.000101,059003.000207,-0.0381,2B,0.9188,1545.038,0
8.3,38939.1106,0.0455,21113.35,059003.000219,059003.000333,-0.0151,2A,0.6245,12457.597,0
8.3,38932.809,0.1061,18073.46,059003.000243,059003.000556,-0.3177,3E,2.3994,139.664,0
8.3,38868.0206,0.0453,20794.41,059003.000226,059003.000338,-0.0167,2D,1.6967,1034.008,0
8.3,38866.3602,0.0453,11878.15,059003.000228,059003.000544,0.0712,2B,0.4393,4880.141,0
8.3,38847.1412,0.0453,2956.82,059003.000244,059003.000555,-0.2425,5A,0.4555,2605.263,0
8.3,38806.9116,0.0452,5859.33,059003.000106,059003.000210,-0.0395,2B,0.8214,2519.842,0
8.3,38769.9403,0.0451,5808.13,059003.000104,059003.000208,0.0807,2B,0.7823,1484.685,0
8.3,38765.5394,0.0451,2900.98,059003.000214,059003.000328,-0.0641,2G,0.5869,67724.397,0
8.3,38755.0511,0.0451,8680.75,059003.000237,059003.000548,0.061,2B,0.6316,28077.819,0
8.3,38747.1704,0.045,5775.99,059003.000227,059003.000339,0.1168,3G,0.5897,74760.144,0
8.3,38691.7106,0.0449,2847.87,059003.000099,059003.000204,0.0274,2B,1.0753,825.38,0
8.3,38654.1799,0.1046,2819.94,059003.000246,059003.000554,-0.0716,2B,0.6066,1534.02,0
8.3,38625.3699,0.0448,2798.06,059003.000181,059003.000300,0.032,2B,0.8613,1950.737,0
8.3,38603.0993,0.0447,8342.69,059003.000181,059003.000299,-0.4267,5A,0.493,7376.415,0
8.3,38570.7014,0.0446,5511.06,059003.000252,059003.000559,0.0,2G,0.6308,23541.675,0
8.3,38553.6688,0.0446,2742.01,059003.000145,059003.000267,0.0755,2G,0.3125,10212.501,0
8.3,38545.2107,0.0446,10940.99,059003.000435,059003.000555,-0.0079,2B,0.6703,3249.09,0
8.3,38518.2103,0.0445,2713.45,059003.000234,059003.000341,-0.0609,2B,1.0877,749.96,0
8.3,38418.6097,0.0443,10521.15,059003.000248,059003.000555,0.1164,3B,0.7288,12298.484,0
8.3,38409.3113,0.0443,5244.61,059003.000115,059003.000218,0.1261,3B,0.5282,10001.373,0
8.3,38332.2397,0.1028,7664.27,059003.000433,059003.000343,0.5515,5B,0.4555,2609.979,0
8.3,38296.8209,0.044,5045.79,059003.000235,059003.000547,-0.065,2B,0.6566,1650.79,0
8.3,38293.9199,0.044,17641.85,059003.000227,059003.000335,-0.1047,3B,0.4751,45912.523,0
8.3,38288.6408,0.044,2515.47,059003.000252,059003.000558,-0.3536,5B,0.5642,6606.189,0
8.3,38201.369,0.0438,19476.56,059003.000209,059003.000542,-0.1493,4A,0.6332,12766.816,0
8.3,38197.7908,0.0438,7293.57,059003.000163,059003.000278,0.0859,2G,0.6837,1214.174,0
8.3,38191.9115,0.0438,14553.77,059003.000203,059003.000315,-0.0362,2C,0.9005,1589.678,0
8.3,38182.6108,0.0437,4833.61,059003.000095,059003.000201,-0.1492,4A,0.6283,2769.978,0
8.3,38169.1314,0.0437,7211.87,059003.000237,059003.000341,0.0147,2A,0.6079,8573.369,0
8.3,38140.5312,0.0436,11882.41,059003.000236,059003.000547,-0.1271,3B,0.6467,4026.128,0
8.3,38135.7612,0.0436,4743.74,059003.000433,059003.000553,0.1135,3G,0.5336,985.819,0
8.3,38125.0799,0.1017,2361.52,059003.000114,059003.000214,-0.3116,4B,1.1631,1182.579,0
8.3,38125.0799,0.1017,2361.52,059003.000141,059003.000262,0.3289,4B,0.7141,5948.822,0
8.3,38097.631,0.1016,2334.73,059003.000235,059003.000545,-0.1628,2G,0.506,10674.687,0
8.3,38088.6212,0.0435,16281.14,059003.000209,059003.000322,-0.0015,2G,0.6076,4407.594,0
8.3,38081.1403,0.0435,11592.54,059003.000251,059003.000555,0.1191,3A,0.4577,8153.124,0
8.3,38008.8703,0.0433,2246.39,059003.000266,059003.000561,0.0004,2B,0.5924,1080.852,0
8.3,37976.7191,0.4182,6641.33,059003.000153,059003.000436,0.3052,2B,0.4789,3496.796,0
8.3,37850.791,0.043,2083.3,059003.000244,059003.000549,0.0853,2B,0.6313,667.061,0
8.3,37841.9886,0.043,6222.09,059003.000119,059003.000220,0.0914,3B,0.3145,10240.548,0
8.3,37760.4986,0.0428,1987.41,059003.000250,059003.000344,0.1158,3G,0.6827,453.899,0
8.3,37747.7699,0.0997,15790.13,059003.000166,059003.000441,-0.3366,4D,2.5702,1259.219,0
8.3,37732.12,0.0427,1956.95,059003.000135,059003.000250,0.0032,2D,2.6454,424.19,0
8.3,37683.5594,0.0426,1904.5,059003.000161,059003.000439,0.2159,5D,1.9045,689.126,0
8.3,37627.8413,0.0425,1843.9,059003.000246,059003.000548,-0.3519,5B,0.7474,2562.159,0
8.3,37616.1108,0.0424,3662.2,059003.000182,059003.000295,0.0003,2C,0.806,697.581,0
8.3,37593.3092,0.0424,1806.17,059003.000105,059003.000202,0.1208,3B,0.7681,597.794,0
8.3,37578.8006,0.0424,1790.28,059003.000183,059003.000295,-0.0016,2B,0.6354,618.198,0
8.3,37576.9802,0.0424,3576.57,059003.000150,059003.000267,0.1371,4G,0.6393,546.927,0
8.3,37572.0808,0.0423,7131.66,059003.000219,059003.000324,0.0108,2A,0.4069,8433.217,0
8.3,37533.0995,0.0986,15661.18,059003.000221,059003.000327,-0.1583,2A,0.5276,9601.52,0
8.3,37510.0294,0.0422,6859.07,059003.000125,059003.000222,-0.0143,2A,0.5412,5708.422,0
8.3,37421.6293,0.042,3234.92,059003.000135,059003.000435,-0.0904,3A,0.4401,3678.982,0
8.3,37373.4003,0.0978,7821.97,059003.000160,059003.000272,-0.0895,2B,0.497,4397.995,0
8.3,37305.5299,0.0417,1489.93,059003.000143,059003.000260,0.0167,2B,0.508,2553.371,0
8.3,37263.3606,0.0417,1443.86,059003.000159,059003.000271,0.0155,2C,0.8482,202.096,0
8.3,37246.0009,0.0416,4274.85,059003.000134,059003.000241,-0.0128,2G,0.5872,40581.139,0
8.3,37215.1919,0.0415,6957.48,059003.000139,059003.000256,0.176,5G,0.641,1830.586,0
8.3,37144.4898,0.5,7891.77,059003.000104,059003.000200,-0.1895,2B,0.407,3143.333,0
8.3,37094.2095,0.0413,2523.38,059003.000158,059003.000270,0.0281,2A,0.546,4160.915,0
8.3,37076.5106,0.0412,1242.95,059003.000189,059003.000454,0.0375,2A,0.4538,807.392,0
8.3,37023.0815,0.0959,1186.86,059003.000247,059003.000341,0.2125,3A,0.4453,935.872,0
8.3,36938.0286,0.0409,1099.21,059003.000156,059003.000269,0.0256,2G,0.6708,179.336,0
8.3,36915.9804,0.0409,1076.86,059003.000239,059003.000336,-0.0645,2B,0.7831,661.148,0
8.3,36904.1014,0.3949,2129.77,059003.000185,059003.000302,-0.8506,3B,0.43,846.438,0
8.3,36895.9208,0.3947,3169.99,059003.000224,059003.000327,0.4055,2B,0.6377,973.494,0
8.3,36884.1689,0.3809,4179.59,059003.000129,059003.000226,-0.5787,2G,0.665,22431.843,0
8.3,36876.7004,0.0408,2074.89,059003.000134,059003.000239,-0.132,4G,0.485,9004.576,0
8.3,36865.3104,0.0408,2052.23,059003.000163,059003.000274,-0.0116,2G,0.4492,9187.619,0
8.3,36823.5787,0.0407,985.02,059003.000263,059003.000348,-0.1395,4G,0.6134,181.36,0
8.3,36752.81,0.0405,2750.7,059003.000137,059003.000434,-0.1647,5B,0.4463,6757.944,0
8.3,36747.5703,0.0945,7295.5,059003.000242,059003.000339,0.2123,3B,0.4566,4293.931,0
8.3,36689.11,0.0404,1714.77,059003.000138,059003.000249,0.0291,2B,0.4328,793.054,0
8.3,36667.7215,0.0941,7540.24,059003.000130,059003.000224,0.1808,2B,0.3662,4345.536,0
8.3,36631.2616,0.0402,5634.44,059003.000119,059003.000211,0.0818,3G,0.3758,18146.874,0
8.3,36624.0205,0.0402,2395.39,059003.000306,059003.000570,0.0298,2A,0.42,1991.779,0
8.3,36609.6103,0.0402,785.69,059003.000149,059003.000265,-0.15,4B,1.2864,118.488,0
8.3,36587.941,0.0937,766.67,059003.000114,059003.000206,-0.1087,2C,0.8319,7557.586,0
8.3,36576.2385,0.0936,756.5,059003.000126,059003.000221,0.1092,2G,0.4036,16968.086,0
8.3,36569.0004,0.0401,6001.9,059003.000146,059003.000262,-0.0356,2B,0.3933,2073.609,0
8.3,36512.5598,0.04,4214.05,059003.000146,059003.000261,0.0233,2B,0.4882,1645.363,0
8.3,36426.2089,0.3847,3161.4,059003.000251,059003.000341,-0.0717,2C,1.0572,318.615,0
8.3,36426.2089,0.3847,3161.4,059003.000135,059003.000238,0.1038,2B,1.519,1129.13,0
8.3,36410.8394,0.0398,4341.61,059003.000127,059003.000221,-0.1407,4G,0.6767,18607.291,0
8.3,36253.6413,0.3811,5366.72,059003.000217,059003.000319,-0.163,2G,0.4428,1160.404,0
8.3,36203.2294,0.0393,4564.12,059003.000176,059003.000440,-0.2005,5A,0.4787,3874.66,0
8.3,36139.42,0.0392,2808.82,059003.000128,059003.000431,-0.0378,2G,0.3806,575.789,0
8.3,36016.6,0.0389,3927.92,059003.000257,059003.000552,0.166,5A,0.5939,5852.234,0
8.3,35978.0704,0.5,4982.28,059003.000127,059003.000219,-1.2636,3G,0.5905,23577.724,0
8.3,35686.081,0.0382,7754.68,059003.000160,059003.000268,-0.0388,2A,0.6578,4019.954,0
8.3,35672.7085,0.0382,3338.89,059003.000141,059003.000251,0.1184,4G,0.4919,27919.199,0
8.3,35553.2712,0.0885,10431.71,059003.000276,059003.000562,0.0,2B,0.6046,4112.054,0
8.3,35418.9291,0.3637,3633.14,059003.000132,059003.000223,-0.6542,2G,0.528,16733.386,0
8.3,35336.0691,0.362,2486.12,059003.000153,059003.000264,-0.2196,2B,0.7869,3322.22,0
8.3,35258.9283,0.0373,1272.78,059003.000180,059003.000288,0.0947,3B,0.8193,4773.404,0
8.3,35197.111,0.0867,10371.98,059003.000175,059003.000272,0.3356,4B,0.5741,4845.542,0
8.3,35167.0295,0.0866,1308.0,059003.000248,059003.000543,-0.0199,2C,0.8334,169.17,0
8.3,35158.6212,0.0371,2622.43,059003.000115,059003.000200,-0.1801,5G,0.4173,607.327,0
8.3,35110.7608,0.037,1329.45,059003.000111,059003.000198,0.093,3B,0.596,690.862,0
8.3,35109.7397,0.037,1329.84,059003.000160,059003.000266,0.0351,2E,2.4596,14.141,0
8.3,35074.38,0.0861,1343.26,059003.000446,059003.000565,0.3272,4B,0.4561,3286.521,0
8.3,35056.2988,0.0369,4050.29,059003.000141,059003.000246,-0.2519,5B,0.5743,12264.104,0
8.3,34940.1804,0.0854,12543.05,059003.000134,059003.000224,0.03,2B,0.5755,26503.976,0
8.3,34916.4313,0.1,5609.99,059003.000192,059003.000453,0.1263,2G,0.5484,30336.694,0
8.3,34896.1117,0.0365,4230.07,059003.000142,059003.000434,0.0054,2G,0.6461,639.642,0
8.3,34679.9995,0.0842,8930.14,059003.000135,059003.000224,-0.2051,3A,0.3604,9715.212,0
8.3,34605.2605,0.0359,1514.59,059003.000145,059003.000253,-0.0111,2G,0.3988,13246.356,0
8.3,34471.5911,0.0832,3120.41,059003.000306,059003.000568,-0.1159,2G,0.4329,15757.409,0
8.3,34406.8007,0.0355,1581.65,059003.000146,059003.000253,0.0116,2B,1.0691,1108.848,0
8.3,34406.8007,0.0355,1581.65,059003.000257,059003.000336,0.1674,5A,0.4017,1713.509,0
8.3,34403.7816,0.0828,3165.27,059003.000141,059003.000239,0.2222,3G,0.6864,23233.96,0
8.3,34348.2205,0.0354,11204.32,059003.000156,059003.000258,0.0072,2G,0.6233,1771.711,0
8.3,34316.6991,0.0353,9663.94,059003.000131,059003.000213,-0.1084,4B,0.6913,3610.133,0
8.3,34244.0418,0.0821,3266.64,059003.000241,059003.000325,-0.1199,2B,0.3965,1277.674,0
8.3,34148.6907,0.035,4986.01,059003.000151,059003.000256,-0.0094,2B,0.3887,11556.61,0
8.3,34123.2386,0.0815,5008.33,059003.000133,059003.000218,0.0246,2B,0.9214,3565.594,0
8.3,34054.9807,0.1,11822.53,059003.000140,059003.000236,0.2593,3G,0.6073,66592.122,0
8.3,34044.292,0.0348,8459.61,059003.000187,059003.000447,0.0029,2A,0.6597,5746.554,0
8.3,33982.8893,0.0346,5126.24,059003.000180,059003.000283,-0.0446,2B,1.5068,597.123,0
8.3,33934.3185,0.0345,10329.8,059003.000131,059003.000211,0.149,5A,0.3218,12841.017,0
8.3,33870.8988,0.1,10427.25,059003.000134,059003.000219,0.1369,2G,0.6112,70564.137,0
8.3,33766.4799,0.0798,15868.02,059003.000188,059003.000299,0.8059,5G,0.5908,155245.603,0
8.3,33747.6596,0.0342,3534.91,059003.000186,059003.000293,0.0587,2C,1.408,193.593,0
8.3,33738.8705,0.0341,5308.39,059003.000154,059003.000257,0.2334,5G,0.4462,1591.301,0
8.3,33733.0798,0.0796,14166.22,059003.000132,059003.000215,0.031,2E,2.4912,181.293,0
8.3,33602.4823,0.1,35975.11,059003.000140,059003.000233,0.1102,2D,2.7148,1424.107,0
8.3,33588.6611,0.08,270228.89,059003.000182,059003.000286,-0.136,2G,0.5792,61690.794,0
8.3,33557.8621,0.3265,14460.52,059003.000182,059003.000285,-0.3326,2G,0.5293,70103.445,0
8.3,33548.998,0.1,9046.34,059003.000145,059003.000244,0.0028,2B,0.7029,22777.836,0
8.3,33538.3784,0.08,16301.6,059003.000190,059003.000298,-0.3615,5B,1.1585,12871.421,0
8.3,33530.4079,0.1,16315.12,059003.000183,059003.000444,-0.5804,5B,0.5493,6967.397,0
8.3,33528.3809,0.3259,271975.61,059003.000140,059003.000232,-0.763,3A,0.5266,216983.619,0
8.3,33381.8622,0.078,16545.72,059003.000119,059003.000198,-0.1443,2B,0.3895,6560.892,0
8.3,33310.8917,0.0333,1849.03,059003.000330,059003.000529,-0.0004,2G,0.654,452.581,0
8.3,33185.3018,0.3193,74605.95,059003.000150,059003.000250,0.4947,2D,2.4116,12024.69,0
8.3,33080.3289,0.0766,3751.87,059003.000182,059003.000283,-0.0901,2B,0.4996,11490.811,0
8.3,33052.5299,0.0765,3756.75,059003.000328,059003.000523,0.0002,2B,0.5655,1439.987,0
8.3,33052.5299,0.0765,3756.75,059003.000320,059003.000517,0.1748,3B,0.5954,1056.457,0
8.3,33043.1711,0.0327,5637.47,059003.000183,059003.000283,0.0603,2G,0.5161,101339.436,0
8.3,32989.5519,0.0762,1883.25,059003.000330,059003.000525,-0.0004,2E,2.1961,29.961,0
8.3,32982.9505,0.0326,5651.12,059003.000140,059003.000228,-0.0361,2G,0.5307,110828.439,0
8.3,32955.8182,0.1,169693.5,059003.000189,059003.000296,-0.0902,2A,0.5347,120982.743,0
8.3,32695.7082,0.0321,1893.77,059003.000152,059003.000434,0.0986,4G,0.4093,415.597,0
8.3,32582.229,0.0743,17031.27,059003.000149,059003.000240,-0.0801,2G,0.4939,234467.676,0
8.3,32581.0602,0.0743,17031.0,059003.000148,059003.000239,0.0771,2B,0.4972,8390.266,0
8.3,32573.3794,0.5,15137.01,059003.000150,059003.000244,1.1344,3G,0.4928,57160.266,0
8.3,32570.0183,0.1,7568.12,059003.000145,059003.000236,-0.1912,2D,1.7336,2564.905,0
8.3,32413.9385,0.0315,7538.61,059003.000145,059003.000235,-0.0434,2D,2.0901,308.46,0
8.3,32390.9703,0.4,1883.08,059003.000148,059003.000238,0.7688,2A,0.5795,2074.382,0
8.3,32382.591,0.0315,5647.42,059003.000192,059003.000298,0.0873,3B,0.8817,1170.618,0
8.3,31766.532,0.08,16146.9,059003.000125,059003.000196,0.0512,2G,0.5057,83922.903,0
8.3,31566.3793,0.91,6991.76,059003.000134,059003.000205,1.4658,2G,0.5201,24669.296,0
8.3,31535.3693,0.0298,1740.1,059003.000277,059003.000346,-0.1714,5E,1.7633,40.95,0
8.3,31534.3024,0.0298,1739.82,059003.000152,059003.000236,-0.1329,5C,0.7372,322.277,0
8.3,31528.7692,0.0298,5215.21,059003.000161,059003.000256,-0.067,3A,0.4595,7089.155,0
8.3,31522.1606,0.0298,1736.7,059003.000131,059003.000199,-0.0327,2B,0.4084,4792.591,0
8.3,31399.6796,0.65,11925.94,059003.000192,059003.000295,0.3625,2B,0.4826,5742.625,0
8.3,31289.27,0.08,11702.19,059003.000446,059003.000564,-0.0648,2A,0.4217,8097.24,0
8.3,31157.8797,0.0291,1631.16,059003.000142,059003.000217,0.0558,2G,0.5257,16668.269,0
8.3,30661.1887,0.0282,4371.23,059003.000167,059003.000255,0.005,2A,0.5671,4332.826,0
8.3,30631.8477,0.08,28919.46,059003.000148,059003.000223,-0.022,2B,0.4792,53004.296,0
8.3,30273.5088,0.0275,6527.62,059003.000146,059003.000221,0.0887,4G,0.3939,27251.771,0
8.3,30259.8994,0.2655,1300.05,059003.000165,059003.000250,-0.3349,2D,1.8409,2646.139,0
8.3,30173.2308,0.0273,1265.08,059003.000182,059003.000438,-0.0011,2B,0.5104,3641.273,0
8.3,30049.0375,0.0271,2429.23,059003.000152,059003.000222,0.0537,2A,0.444,3649.541,0
8.3,29959.4978,0.0628,3534.31,059003.000036,059003.000175,0.0914,2A,0.6197,2279.47,0
8.3,29926.969,0.08,582414.48,059003.000161,059003.000244,-0.0265,2G,0.501,129999.795,0
8.3,29920.0919,0.1,34860.68,059003.000139,059003.000206,0.0817,2G,0.5027,685114.551,0
8.3,29882.3393,0.0625,6879.72,059003.000140,059003.000207,-0.0873,2G,0.512,35188.932,0
8.3,29859.04,0.0267,1137.12,059003.000168,059003.000249,-0.0056,2B,0.4997,427.784,0
8.3,29753.6982,0.0266,5471.16,059003.000182,059003.000274,0.002,2D,2.3091,327.22,0
8.3,29603.361,0.2541,5167.16,059003.000165,059003.000243,-0.6283,3G,0.5512,30912.903,0
8.3,29516.9091,0.0261,998.8,059003.000457,059003.000572,-0.0125,2B,0.3707,416.556,0
8.3,29247.9084,0.0257,7146.5,059003.000144,059003.000211,-0.1003,4D,1.977,336.447,0
8.3,29152.5323,0.1,5141.71,059003.000151,059003.000220,-0.2263,3B,0.8581,9600.811,0
8.3,28512.669,0.0244,1264.36,059003.000165,059003.000235,0.01,2B,0.5409,663.873,0
8.3,28216.4727,0.0239,541.55,059003.000165,059003.000233,-0.0646,3B,0.51,1517.985,0
8.3,28023.9219,0.0236,975.26,059003.000167,059003.000234,-0.1043,5D,2.0256,36.516,0
8.3,27845.0832,0.2248,13234.45,059003.000310,059003.000566,-0.4892,3G,0.4347,2890.259,0
8.3,27774.5777,0.0231,847.54,059003.000150,059003.000209,-0.0307,2B,0.3975,463.667,0
8.3,27674.1023,0.023,399.93,059003.000439,059003.000333,0.0632,3B,0.6028,139.55,0
8.3,27509.7319,0.0227,726.46,059003.000154,059003.000213,0.0185,2B,1.1098,452.218,0
8.3,27388.6198,0.0225,337.98,059003.000158,059003.000216,-0.0171,2A,0.546,513.073,0
8.3,27341.3994,0.0224,328.54,059003.000192,059003.000285,-0.0019,2B,0.5801,174.761,0
8.3,27273.8611,0.0223,315.43,059003.000164,059003.000225,-0.0036,2B,0.9047,715.233,0
8.3,27245.6874,0.0223,620.19,059003.000148,059003.000204,-0.0552,3B,0.3342,322.6,0
8.3,27195.5618,0.0222,300.79,059003.000144,059003.000201,0.0922,5B,0.3495,765.109,0
8.3,27159.2884,0.0221,294.21,059003.000185,059003.000274,0.0022,2A,0.5521,192.459,0
8.3,27138.2217,0.0221,290.45,059003.000001,059003.000119,0.0055,2G,0.6097,1529.056,0
8.3,27084.6929,0.022,281.07,059003.000144,059003.000200,-0.0022,2G,0.4043,2009.656,0
8.3,26589.5031,0.0212,413.02,059003.000153,059003.000208,-0.0177,2B,0.6773,167.957,0
8.3,26572.61,0.2047,204.33,059003.000155,059003.000207,0.3045,2E,1.6736,6.78,0
8.3,26298.9788,0.0484,171.98,059003.000103,059003.000189,-0.1143,3A,0.3542,231.003,0
8.3,26219.4079,0.0206,327.17,059003.000158,059003.000208,0.0007,2B,0.6613,166.768,0
8.3,26044.8879,0.0203,293.23,059003.000276,059003.000323,0.0223,2C,0.6969,54.381,0
8.3,26018.2313,0.0203,288.38,059003.000044,059003.000176,-0.0096,2G,0.6087,72.37,0
8.3,25868.4004,0.0201,262.71,059003.000363,059003.000621,0.0022,2A,0.4479,387.241,0
8.3,25803.8629,0.0466,126.22,059003.000363,059003.000615,-0.0,2G,0.4472,30.03,0
8.3,25788.6708,0.0199,125.04,059003.000161,059003.000215,-0.0088,2G,0.483,2383.045,0
8.3,25763.7636,0.0199,123.14,059003.000034,059003.000147,0.0032,2B,1.5706,68.194,0
8.3,25722.5726,0.0198,360.21,059003.000036,059003.000152,0.0101,2C,1.5218,18.464,0
8.3,25648.6385,0.0197,803.43,059003.000353,059003.000597,0.0046,2G,0.4523,173.576,0
8.3,25123.5799,0.0189,12654.96,059003.000164,059003.000212,-0.0509,3B,0.4453,6607.157,0
8.3,25112.1325,0.0189,502.97,059003.000282,059003.000333,0.0095,2B,0.5364,181.168,0
8.3,25103.2681,0.0189,166.83,059003.000117,059003.000192,0.0297,2B,0.3826,102.259,0
8.3,24991.0287,0.0187,78.42,059003.000188,059003.000276,0.0192,2G,0.6851,550.881,0
8.3,24990.2793,0.0187,156.78,059003.000077,059003.000183,-0.0009,2A,0.3232,170.104,0
8.3,24941.6076,0.0435,152.73,059003.000037,059003.000150,-0.0994,3B,0.5269,45.718,0
8.3,24903.2493,0.0434,149.64,059003.000305,059003.000563,-0.2604,5A,0.4314,98.311,0
8.3,24812.2383,0.0431,285.39,059003.000033,059003.000129,0.0,2G,0.6125,7088.028,0
8.3,24694.7395,0.0183,537.9,059003.000031,059003.000114,0.023,2B,0.6248,163.361,0
8.3,24594.8277,0.5,64.05,059003.000158,059003.000200,0.6006,2G,0.3248,205.045,0
8.3,24504.7614,0.018,429.92,059003.000165,059003.000208,0.0408,3A,0.5861,274.698,0
8.3,24497.6994,0.018,306.1,059003.000142,059003.000194,-0.0211,2G,0.612,1451.204,0
8.3,24490.5575,0.018,61.02,059003.000171,059003.000214,-0.0193,2G,0.4153,430.724,0
8.3,24345.5225,0.0178,229.05,059003.000284,059003.000332,0.0136,2G,0.5496,48.303,0
8.3,24129.9932,0.0175,6310.77,059003.000349,059003.000583,0.05,3A,0.4126,4253.923,0
8.3,24119.8712,0.0407,314.37,059003.000350,059003.000585,0.006,2A,0.4091,367.194,0
8.3,24108.4725,0.0174,156.54,059003.000349,059003.000580,-0.0638,4B,0.438,362.233,0
8.3,24108.4725,0.0174,156.54,059003.000349,059003.000581,0.2359,5A,0.4052,178.681,0
8.3,24107.2594,0.0174,312.94,059003.000349,059003.000579,-0.068,4B,0.4077,486.434,0
8.3,24107.2594,0.0174,312.94,059003.000374,059003.000616,-0.0243,2G,0.4119,86.851,0
8.3,24096.0004,0.0174,155.84,059003.000191,059003.000273,0.0025,2D,1.6647,30.712,0
8.3,24083.4484,0.0174,413.73,059003.000172,059003.000212,0.0487,3B,0.3633,282.199,0
8.3,24080.2373,0.0174,1291.43,059003.000393,059003.000622,-0.0012,2A,0.4608,1406.307,0
8.3,24070.6234,0.0405,154.45,059003.000374,059003.000610,0.003,2G,0.4091,1621.516,0
8.3,24033.6171,0.0173,254.16,059003.000043,059003.000160,-0.0358,3A,0.6596,460.929,0
8.3,24002.5929,0.0173,150.92,059003.000375,059003.000611,0.0022,2G,0.406,1693.091,0
8.3,23961.8438,0.0402,297.88,059003.000351,059003.000590,-0.2396,5G,0.4096,6483.861,0
8.3,23956.5714,0.0172,99.13,059003.000177,059003.000220,0.008,2B,0.4477,38.857,0
8.3,23955.4234,0.0172,99.09,059003.000360,059003.000601,0.0617,4G,0.4485,394.373,0
8.3,23947.0187,0.0172,49.42,059003.000117,059003.000190,0.0164,2G,0.3819,251.065,0
8.3,23913.8518,0.0171,342.4,059003.000360,059003.000592,-0.0627,4G,0.4023,1712.871,0
8.3,23903.5214,0.0171,48.76,059003.000351,059003.000584,0.044,3A,0.4082,44.98,0
8.3,23899.9921,0.0171,48.71,059003.000173,059003.000211,-0.0053,2B,0.3158,122.203,0
8.3,23897.0766,0.0171,243.35,059003.000180,059003.000248,0.0396,3B,0.461,119.277,0
8.3,23884.1372,0.0399,48.48,059003.000448,059003.000560,-0.0663,2B,1.4585,6.116,0
8.3,23867.259,0.0171,241.24,059003.000164,059003.000205,-0.0377,3G,0.443,953.173,0
8.3,23824.7494,0.017,95.35,059003.000130,059003.000193,0.0001,2D,1.6623,16.576,0
8.3,23820.7897,0.017,333.37,059003.000361,059003.000599,0.3398,5G,0.4065,2281.912,0
8.3,23801.2207,0.017,47.37,059003.000361,059003.000596,0.0,2B,0.3984,115.007,0
8.3,23789.6872,0.017,708.47,059003.000361,059003.000595,-0.073,5B,0.3992,1464.516,0
8.3,23785.8621,0.017,1179.61,059003.000361,059003.000592,-0.2228,5A,0.4179,839.555,0
8.3,23754.8833,0.0169,46.81,059003.000362,059003.000606,0.0,2G,0.4082,221.514,0
8.3,23740.3363,0.0394,93.29,059003.000170,059003.000207,0.0776,2B,0.3855,207.325,0
8.3,23673.8992,0.0168,275.6,059003.000470,059003.000617,0.0362,3D,1.8321,52.839,0
8.3,23660.1027,0.0392,320.57,059003.000362,059003.000595,0.0008,2G,0.4031,1462.093,0
8.3,23652.1779,0.0168,1371.55,059003.000001,059003.000097,-0.0204,2G,0.4973,335.502,0
8.3,23646.0502,0.0168,913.19,059003.000470,059003.000614,0.0094,2G,1.5833,29.209,0
8.3,23635.7775,0.0168,182.25,059003.000031,059003.000108,-0.0128,2A,0.5975,326.586,0
8.3,23602.2765,0.0167,135.78,059003.000181,059003.000252,-0.0535,4G,0.2822,39.396,0
8.3,23589.0587,0.0167,90.29,059003.000180,059003.000245,0.0094,2A,0.578,139.781,0
8.3,23561.5264,0.0166,1347.6,059003.000363,059003.000598,-0.0,2B,0.4043,884.742,0
8.3,23548.3811,0.0388,358.54,059003.000377,059003.000618,-0.0325,2A,0.4604,324.651,0
8.3,23547.4893,0.0166,1344.31,059003.000352,059003.000583,-0.0454,3B,0.397,663.694,0
8.3,23531.3324,0.0387,312.82,059003.000353,059003.000586,0.0093,2A,0.4015,275.134,0
8.3,23529.4337,0.0166,1787.0,059003.000039,059003.000148,0.0602,4G,0.2829,566.492,0
8.3,23528.3676,0.0166,89.33,059003.000464,059003.000601,-0.0574,4B,1.2832,17.445,0
8.3,23483.7588,0.0165,399.25,059003.000353,059003.000580,0.0285,2G,0.3934,1787.385,0
8.3,23472.9419,0.0165,221.46,059003.000353,059003.000578,-0.0,2G,0.4152,1032.578,0
8.3,23446.3824,0.0165,882.67,059003.000378,059003.000617,-0.0404,3G,0.4097,202.316,0
8.3,23440.1766,0.0165,396.88,059003.000364,059003.000600,0.0054,2B,0.4184,245.485,0
8.3,23427.3979,0.0165,440.28,059003.000180,059003.000433,0.0518,4A,0.56,344.83,0
8.3,23396.8521,0.0164,87.75,059003.000364,059003.000593,-0.029,2G,0.3907,1187.885,0
8.3,23396.8521,0.0164,87.75,059003.000378,059003.000612,0.2176,5G,0.4161,1176.997,0
8.3,23393.697,0.0164,350.87,059003.000472,059003.000619,-0.0129,2D,2.0368,9.429,0
8.3,23388.4575,0.0383,438.35,059003.000379,059003.000609,-0.0613,2B,0.4112,1077.994,0
8.3,23383.5525,0.0383,394.32,059003.000061,059003.000178,-0.0607,2G,0.5641,4180.085,0
8.3,23350.5888,0.0164,436.76,059003.000365,059003.000603,0.0005,2A,0.48,468.755,0
8.3,23327.4382,0.0163,1307.77,059003.000354,059003.000584,-0.0407,3G,0.4132,4826.15,0
8.3,23322.6967,0.0163,217.88,059003.000381,059003.000614,-0.0651,5B,0.4116,432.152,0
8.3,23322.6967,0.0163,217.88,059003.000381,059003.000613,0.1472,5G,0.4971,799.552,0
8.3,23300.3664,0.0163,1305.25,059003.000381,059003.000612,-0.4292,5B,0.4994,715.532,0
8.3,23300.3664,0.0163,1305.25,059003.000354,059003.000579,0.0973,5A,0.3987,1320.431,0
8.3,23266.0813,0.0162,347.39,059003.000400,059003.000622,0.0037,2A,0.396,401.26,0
8.3,23247.1173,0.0162,347.09,059003.000038,059003.000143,0.0001,2G,0.5398,64.314,0
8.3,23233.4838,0.0378,346.92,059003.000186,059003.000264,0.0811,3B,0.4319,686.726,0
8.3,23227.8207,0.0378,390.21,059003.000307,059003.000563,0.01,2B,0.4456,777.048,0
8.3,23180.219,0.0161,173.27,059003.000181,059003.000250,0.0117,2D,1.8433,5.812,0
8.3,23150.9479,0.0161,129.95,059003.000146,059003.000195,-0.0287,2A,0.4551,202.677,0
8.3,23124.5987,0.016,86.67,059003.000383,059003.000610,-0.0088,2G,0.4104,354.158,0
8.3,23123.9787,0.016,173.33,059003.000383,059003.000609,0.0108,2G,0.4021,801.201,0
8.3,23110.6086,0.016,216.73,059003.000357,059003.000586,-0.0016,2G,0.3989,1446.855,0
8.3,23100.8316,0.0373,86.72,059003.000356,059003.000584,0.0003,2G,0.4131,721.391,0
8.3,23084.7503,0.016,173.54,059003.000366,059003.000604,0.0018,2G,0.4103,601.519,0
8.3,23071.479,0.6332,390.7,059003.000384,059003.000618,0.4746,2G,0.411,88.749,0
8.3,23009.6608,0.0159,1089.57,059003.000044,059003.000159,0.0063,2A,0.5805,939.036,0
8.3,23007.5603,0.0159,174.36,059003.000448,059003.000558,0.0131,2D,2.0184,5.184,0
8.3,23000.5932,0.0159,392.54,059003.000179,059003.000238,-0.0937,5C,1.332,25.797,0
8.3,22994.4573,0.0159,872.78,059003.000182,059003.000248,-0.0648,5A,0.4562,1180.4,0
8.3,22994.4573,0.0159,872.78,059003.000358,059003.000589,0.0137,2B,0.4121,313.782,0
8.3,22990.0017,0.0158,174.63,059003.000367,059003.000599,-0.2948,5G,0.3922,1785.498,0
8.3,22968.4996,0.0158,349.98,059003.000368,059003.000600,0.0014,2A,0.4011,441.022,0
8.3,22960.9131,0.0961,437.83,059003.000358,059003.000586,0.0005,2B,0.4037,883.962,0
8.3,22958.5839,0.0158,43.79,059003.000367,059003.000594,0.0029,2G,0.4226,429.146,0
8.3,22956.1781,0.0158,1314.16,059003.000367,059003.000592,0.2466,5B,0.3916,843.235,0
8.3,22948.4522,0.0158,306.9,059003.000172,059003.000206,-0.0355,3D,2.2532,12.197,0
8.3,22939.7226,0.0158,175.55,059003.000368,059003.000597,-0.003,2G,0.4324,590.479,0
8.3,22918.4883,0.0158,88.01,059003.000034,059003.000138,0.0062,2A,0.6482,125.009,0
8.3,22887.2397,0.0157,353.59,059003.000458,059003.000581,-0.0245,2G,0.4296,102.377,0
8.3,22884.3084,0.0366,88.44,059003.000148,059003.000195,0.1931,5C,0.8715,13.031,0
8.3,22866.4366,0.0157,44.34,059003.000385,059003.000611,-0.0019,2G,0.3916,831.031,0
8.3,22861.434,0.0157,310.64,059003.000386,059003.000619,0.0118,2B,0.4216,115.893,0
8.3,22830.4885,0.0156,178.46,059003.000183,059003.000435,0.0,2A,0.6248,174.003,0
8.3,22829.2796,0.0365,133.88,059003.000304,059003.000561,-0.0002,2D,2.12,10.725,0
8.3,22800.2075,0.0156,224.38,059003.000037,059003.000142,-0.0267,2B,0.2763,317.744,0
8.3,22799.1104,0.069,403.97,059003.000386,059003.000613,-0.2293,4B,0.4067,201.263,0
8.3,22797.3226,0.0156,314.31,059003.000040,059003.000148,-0.0414,3B,1.3593,537.09,0
8.3,22794.6899,0.0364,224.63,059003.000371,059003.000602,0.0014,2B,1.3448,141.068,0
8.3,22772.9971,0.0363,1353.95,059003.000149,059003.000194,0.1151,4B,0.3746,911.032,0
8.3,22723.6674,0.0155,182.61,059003.000372,059003.000595,0.0606,4G,0.4155,38.512,0
8.3,22718.2797,0.0155,91.43,059003.000406,059003.000622,-0.0013,2G,0.3877,968.729,0
8.3,22717.6912,0.0155,137.16,059003.000460,059003.000589,-0.0269,2G,0.3957,773.508,0
8.3,22717.6912,0.0155,137.16,059003.000179,059003.000237,0.0283,2G,0.4571,766.292,0
8.3,22708.9981,0.0361,183.29,059003.000460,059003.000588,0.0287,2B,0.3952,468.059,0
8.3,22707.6723,0.0155,137.51,059003.000461,059003.000589,-0.0001,2A,0.3962,125.282,0
8.3,22706.9675,0.0155,45.85,059003.000476,059003.000607,-0.0,2B,1.1004,110.56,0
8.3,22706.9675,0.0155,45.85,059003.000373,059003.000602,0.0074,2B,1.3541,176.234,0
8.3,22696.7104,0.0154,229.85,059003.000052,059003.000166,-0.0066,2G,0.6139,2227.648,0
8.3,22685.7836,0.0154,230.52,059003.000373,059003.000600,-0.0061,2A,0.3935,288.516,0
8.3,22661.5509,0.0154,185.67,059003.000468,059003.000593,0.0064,2B,0.5601,405.696,0
8.3,22632.4486,0.0358,280.93,059003.000122,059003.000187,0.0018,2G,0.3357,71.625,0
8.3,22585.398,0.0357,332.77,059003.000462,059003.000589,0.0334,2B,0.3812,159.631,0
8.3,22576.6107,0.0153,286.09,059003.000462,059003.000588,-0.0051,2A,0.3775,233.8,0
8.3,22570.2597,0.0153,47.79,059003.000177,059003.000210,0.0073,2B,0.4479,16.539,0
8.3,22567.699,0.0153,95.66,059003.000181,059003.000244,0.0538,4B,0.3394,40.674,0
8.3,22556.6074,0.0153,384.14,059003.000387,059003.000610,0.0034,2G,0.385,2477.601,0
8.3,22550.8672,0.0152,433.05,059003.000462,059003.000585,-0.0008,2B,0.4007,892.546,0
8.3,22549.0314,0.0356,144.45,059003.000387,059003.000608,-0.0,2G,0.3868,1118.633,0
8.3,22543.8391,0.0152,241.2,059003.000124,059003.000188,0.0424,3A,0.3274,198.306,0
8.3,22542.2999,0.0152,144.8,059003.000388,059003.000617,0.0039,2A,0.4502,117.672,0
8.3,22431.0295,0.0151,51.95,059003.000034,059003.000137,-0.0203,2A,0.674,70.663,0
8.3,22409.4862,0.0151,261.75,059003.000359,059003.000580,-0.1931,5B,0.415,698.077,0
8.3,22409.4862,0.0151,261.75,059003.000390,059003.000621,-0.0024,2G,0.392,4568.537,0
8.3,22409.4862,0.0151,261.75,059003.000359,059003.000581,0.1066,5G,0.3878,1131.952,0
8.3,22395.2734,0.0351,105.25,059003.000389,059003.000617,0.005,2G,0.379,32.385,0
8.3,22203.0285,0.0345,134.04,059003.000184,059003.000250,-0.0002,2C,1.5275,6.27,0
8.3,22129.0891,0.0147,39.91,059003.000289,059003.000325,-0.0017,2A,0.3533,30.194,0
8.3,22026.152,0.0145,127.66,059003.000056,059003.000168,-0.0015,2G,0.5564,818.433,0
8.3,21993.3975,0.0145,108.74,059003.000291,059003.000328,-0.0002,2G,0.397,21.87,0
8.3,21872.2577,0.0143,94.87,059003.000182,059003.000238,0.0757,5G,0.4521,410.512,0
8.3,21813.2823,0.0143,198.52,059003.000090,059003.000180,0.068,5B,0.4359,322.672,0
8.3,21726.403,0.0142,239.54,059003.000164,059003.000197,-0.0,2B,0.4203,479.02,0
8.3,21533.8804,0.0139,944.05,059003.000001,059003.000082,0.0056,2A,0.6204,1090.995,0
8.3,21421.0587,0.0321,69.88,059003.000479,059003.000610,0.018,2A,0.3822,49.131,0
8.3,21315.101,0.0136,116.03,059003.000482,059003.000613,-0.0343,3B,0.3969,46.24,0
8.3,21282.2335,0.0136,39.94,059003.000483,059003.000618,0.0038,2G,0.4248,10.788,0
8.3,21205.1668,0.0315,387.82,059003.000457,059003.000566,-0.0093,2B,0.4752,160.65,0
8.3,21156.6276,0.0134,2713.51,059003.000055,059003.000160,0.0007,2G,0.5637,20945.932,0
8.3,20841.7064,0.0304,62.09,059003.000384,059003.000604,-0.0067,2G,0.396,15.194,0
8.3,20827.4532,0.0303,125.96,059003.000408,059003.000622,-0.0044,2G,0.4506,28.174,0
8.3,20741.658,0.0301,68.6,059003.000401,059003.000614,-0.0031,2G,0.3802,17.501,0
8.3,20551.9742,0.0127,247.38,059003.000052,059003.000154,0.0036,2G,0.7044,5526.402,0
8.3,20481.0791,0.0126,88.12,059003.000476,059003.000594,-0.0018,2G,0.4874,20.346,0
8.3,20296.9933,0.0124,103.82,059003.000173,059003.000196,-0.0223,2B,0.2948,52.855,0
8.3,19589.344,0.0115,163.13,059003.000056,059003.000157,0.0011,2B,0.558,90.626,0
8.3,18998.3771,0.0108,172513.3,059003.000061,059003.000154,0.0041,2G,0.5447,47386.529,0
8.3,18152.5538,0.0099,297.39,059003.000068,059003.000159,0.0003,2B,0.5912,126.599,0
8.3,18009.6683,0.0097,337.55,059003.000040,059003.000132,0.0179,2G,0.5586,3097.948,0
8.3,18004.3535,0.0097,251.58,059003.000390,059003.000590,0.0015,2E,3.1261,0.684,0
8.3,17990.2146,0.0097,824.63,059003.000065,059003.000157,-0.0006,2B,0.5531,309.862,0
8.3,17952.9361,0.0097,78.84,059003.000372,059003.000576,-0.0001,2G,0.4408,21.813,0
8.3,17800.964,0.0095,65.12,059003.000430,059003.000185,-0.0001,2G,0.5596,2230.191,0
8.3,17709.8822,0.0094,57.79,059003.000410,059003.000616,0.0002,2A,0.3791,42.451,0
8.3,17701.3328,0.0094,228.55,059003.000118,059003.000179,0.0119,2G,0.5211,58.258,0
8.3,17589.2433,0.0093,147.58,059003.000458,059003.000419,-0.0,2B,0.5576,287.241,0
8.3,17422.6662,0.0091,39.41,059003.000182,059003.000208,-0.0139,2A,0.4671,41.181,0
8.3,17379.4867,0.0091,74.52,059003.000484,059003.000428,-0.0004,2C,1.3578,6.839,0
8.3,17315.8239,0.009,34.36,059003.000476,059003.000426,-0.0164,2G,0.6383,301.475,0
8.3,17264.7117,0.0089,32.26,059003.000151,059003.000193,-0.0062,2D,1.6821,8.455,0
8.3,17203.4277,0.0089,60.0,059003.000305,059003.000548,0.013,2C,1.4113,3.681,0
8.3,17180.7085,0.0088,29.23,059003.000191,059003.000245,-0.0006,2B,0.4818,71.724,0
8.3,17154.3196,0.0088,28.38,059003.000319,059003.000485,-0.0003,2G,0.5249,8.041,0
8.3,17152.9761,0.0088,28.34,059003.000387,059003.000426,0.0094,2B,0.5305,9.738,0
8.3,17098.8276,0.0088,80.28,059003.000463,059003.000574,0.0006,2G,0.8795,1319.45,0
8.3,17094.6239,0.0088,186.51,059003.000481,059003.000590,0.0102,2D,3.5063,3.617,0
8.3,17083.6831,0.0087,210.81,059003.000122,059003.000179,-0.0381,5B,0.4478,496.457,0
8.3,17004.5429,0.0087,73.4,059003.000090,059003.000175,-0.4409,5G,0.5183,695.13,0
8.3,17004.5429,0.0087,73.4,059003.000465,059003.000575,-0.0003,2G,0.8892,2210.774,0
8.3,16992.254,0.0087,217.87,059003.000375,059003.000576,0.0001,2E,2.0202,5.155,0
8.3,16922.438,0.02,22.93,059003.000322,059003.000486,0.0001,2A,0.4544,33.101,0
8.3,16912.4969,0.0086,159.39,059003.000463,059003.000573,-0.0001,2C,0.8394,807.513,0
8.3,16795.1979,0.0085,85.48,059003.000446,059003.000318,-0.0011,2C,1.3008,6.196,0
8.3,16772.6833,0.0084,21.2,059003.000040,059003.000129,-0.0007,2B,1.5754,126.714,0
8.3,16753.0676,0.0084,168.65,059003.000181,059003.000205,0.0095,2G,0.4272,35.686,0
8.3,16690.2003,0.0084,20.87,059003.000340,059003.000496,-0.0038,2A,0.4112,21.57,0
8.3,16641.0481,0.0083,83.59,059003.000187,059003.000232,0.0003,2B,0.4599,39.13,0
8.3,16636.4366,0.0083,20.91,059003.000446,059003.000317,-0.0018,2D,1.8822,1.429,0
8.3,16477.2738,0.019,27.85,059003.000088,059003.000169,-0.0001,2B,0.9041,48.219,0
8.3,16441.2486,0.0081,29.07,059003.000155,059003.000193,0.004,2G,0.5462,7.32,0
8.3,16422.3999,0.0189,89.09,059003.000542,059003.000402,-0.0032,2B,0.6255,25.298,0
8.3,16287.8061,0.008,237.46,059003.000097,059003.000174,-0.0014,2B,0.679,66.225,0
8.3,16189.2425,0.0183,109.8,059003.000098,059003.000174,0.0078,2G,0.4301,25.768,0
8.3,16137.5325,0.0078,151.31,059003.000107,059003.000177,0.0027,2G,0.5055,3023.99,0
8.3,16135.2484,0.0078,37.88,059003.000403,059003.000579,0.0004,2G,0.3703,8.302,0
8.3,16114.3229,0.0182,344.99,059003.000480,059003.000427,-0.0,2B,0.8324,157.714,0
8.3,16073.6862,0.0077,39.15,059003.000186,059003.000217,-0.0062,2B,0.4498,14.256,0
8.3,16070.6196,0.0181,156.83,059003.000394,059003.000426,0.0265,2B,0.9592,40.322,0
8.3,16016.1025,0.0179,40.15,059003.000094,059003.000170,0.0003,2B,0.7217,39.496,0
8.3,15981.291,0.0077,365.92,059003.000471,059003.000420,0.0002,2B,0.7531,312.657,0
8.3,15944.0009,0.0178,82.25,059003.000464,059003.000571,-0.0,2B,0.5526,211.731,0
8.3,15918.6756,0.0177,41.4,059003.000549,059003.000496,0.017,2B,0.4346,16.991,0
8.3,15501.88,0.0168,81.25,059003.000065,059003.000143,0.0026,2B,0.5652,277.854,0
8.3,15354.3026,0.0071,38.44,059003.000549,059003.000494,-0.0204,3B,0.5093,14.173,0
8.3,15354.3026,0.0071,38.44,059003.000058,059003.000139,0.0066,2G,0.3327,118.322,0
8.3,15088.8277,0.0068,132.69,059003.000034,059003.000104,0.0028,2B,0.5855,354.237,0
8.3,15056.0257,0.0068,32.46,059003.000451,059003.000321,0.0001,2C,1.0619,3.773,0
8.3,15005.9067,0.5,31.37,059003.000077,059003.000152,0.524,2C,0.8367,5.422,0
8.3,14674.6325,0.0151,973.62,059003.000103,059003.000167,-0.0398,3B,0.5074,2320.603,0
8.3,14558.9702,0.0064,1328.39,059003.000001,059003.000045,-0.0008,2G,0.6176,27269.151,0
8.3,14481.7901,0.0147,311.63,059003.000109,059003.000171,-0.0002,2G,0.6151,4673.459,0
8.3,14331.3463,0.0062,1837.57,059003.000110,059003.000171,0.0007,2B,0.6905,658.108,0
8.3,14129.5801,0.006,314.17,059003.000051,059003.000131,-0.0012,2G,0.5413,1842.059,0
8.3,13884.6007,0.0058,66.41,059003.000192,059003.000222,-0.0005,2G,0.3934,18.325,0
8.3,13824.168,0.0057,320.25,059003.000048,059003.000130,0.0004,2G,0.5717,3638.966,0
8.3,13620.1196,0.0056,577.59,059003.000035,059003.000097,0.0002,2G,0.619,5049.432,0
8.3,13599.797,0.0129,1145.33,059003.000040,059003.000114,-0.0035,2B,0.5914,4092.131,0
8.3,13464.3628,0.0054,54.57,059003.000335,059003.000400,0.0008,2C,0.8158,7.105,0
8.3,13459.6756,0.0054,54.5,059003.000326,059003.000476,0.0,2B,0.396,29.062,0
8.3,13417.6388,0.0126,107.74,059003.000329,059003.000391,0.0,2G,0.4854,23.148,0
8.3,13341.0042,0.0053,52.97,059003.000314,059003.000369,0.0004,2B,0.5095,137.369,0
8.3,13341.0042,0.0053,52.97,059003.000541,059003.000366,0.0078,2B,0.8868,29.125,0
8.3,13295.8591,0.0053,105.16,059003.000110,059003.000164,-0.0028,2G,0.6863,1350.913,0
8.3,13285.532,0.0123,52.5,059003.000117,059003.000176,-0.0176,2B,0.827,41.08,0
8.3,13280.5297,0.0053,472.23,059003.000116,059003.000171,-0.0002,2G,0.5227,12025.8,0
8.3,13185.5086,0.0104,156.18,059003.000325,059003.000382,-0.0019,2B,1.2127,178.363,0
8.3,13096.1015,0.0051,52.09,059003.000058,059003.000132,-0.0049,2B,0.8547,14.824,0
8.3,12987.1094,0.0051,52.68,059003.000336,059003.000399,0.0002,2D,2.5168,1.25,0
8.3,12981.1289,0.0118,52.73,059003.000545,059003.000404,-0.0074,2B,1.326,10.71,0
8.3,12934.1911,0.0117,212.73,059003.000325,059003.000380,-0.0012,2C,1.0032,31.74,0
8.3,12906.1653,0.005,53.51,059003.000318,059003.000467,0.0007,2A,0.4822,36.926,0
8.3,12890.6238,0.0116,53.71,059003.000118,059003.000173,-0.018,2G,0.6795,1429.831,0
8.3,12888.2855,0.005,161.23,059003.000314,059003.000465,-0.0002,2G,0.4724,2113.627,0
8.3,12849.6037,0.0049,54.3,059003.000541,059003.000464,-0.0002,2G,0.5248,732.735,0
8.3,12840.0227,0.0115,54.45,059003.000327,059003.000382,0.0025,2D,1.6419,18.019,0
8.3,12789.6148,0.0114,442.66,059003.000335,059003.000480,0.0196,2A,0.6776,516.37,0
8.3,12780.3516,0.0114,499.59,059003.000315,059003.000465,-0.0025,2E,2.5216,4.386,0
8.3,12673.8249,0.0112,115.8,059003.000037,059003.000095,-0.0096,2B,1.258,256.612,0
8.3,12617.5196,0.0111,237.73,059003.000092,059003.000152,-0.001,2G,0.609,954.548,0
8.3,12586.3655,0.0047,60.36,059003.000316,059003.000465,0.0,2B,0.4928,148.97,0
8.3,12501.4929,0.0047,189.62,059003.000122,059003.000175,0.0123,3G,0.5429,855.119,0
8.3,12356.3202,0.0046,69.14,059003.000338,059003.000479,0.0006,2B,0.5667,125.554,0
8.3,12353.9964,0.0046,69.24,059003.000190,059003.000207,0.0023,2B,0.3697,37.531,0
8.3,12344.9713,0.0046,139.31,059003.000339,059003.000481,0.0017,2A,0.5049,127.392,0
8.3,12320.8878,0.0045,3539.57,059003.000103,059003.000156,0.0005,2A,0.6619,3893.802,0
8.3,12292.4361,0.0045,1443.6,059003.000103,059003.000154,0.0032,2B,0.715,1200.245,0
8.3,12236.0257,0.0045,600.69,059003.000328,059003.000471,0.0026,2A,0.6292,331.715,0
8.3,12180.6317,0.0044,78.13,059003.000329,059003.000472,-0.0007,2B,0.9144,117.966,0
8.3,12125.8344,0.0044,243.99,059003.000107,059003.000158,-0.0009,2G,0.6132,3400.93,0
8.3,12120.514,0.0103,81.65,059003.000318,059003.000464,-0.0193,2G,0.5281,376.312,0
8.3,11989.4801,0.0043,89.97,059003.000330,059003.000377,-0.0009,2B,1.2836,39.798,0
8.3,11943.1677,0.0043,465.4,059003.000036,059003.000085,-0.0006,2B,0.5491,1041.776,0
8.3,11923.7891,0.0043,566.4,059003.000332,059003.000379,0.0008,2C,0.8034,77.609,0
8.3,11898.9568,0.0042,864.95,059003.000051,059003.000123,0.0004,2B,0.748,378.368,0
8.3,11874.9825,0.0042,195.52,059003.000331,059003.000471,-0.0018,2G,0.4367,49.935,0
8.3,11868.425,0.0042,196.43,059003.000340,059003.000394,0.0016,2D,2.6456,41.23,0
8.3,11840.108,0.0042,200.37,059003.000330,059003.000470,0.0022,2B,0.4943,426.717,0
8.3,11781.2619,0.0042,104.26,059003.000345,059003.000487,0.0002,2E,1.9958,1.818,0
8.3,11762.1924,0.0225,105.57,059003.000550,059003.000484,-0.0,2D,1.7911,6.647,0
8.3,11758.0206,0.0041,423.43,059003.000330,059003.000469,-0.0004,2B,0.5521,134.859,0
8.3,11756.0366,0.0041,105.99,059003.000342,059003.000480,-0.0024,2B,0.6926,255.983,0
8.3,11680.4335,0.0041,444.2,059003.000039,059003.000093,0.0014,2B,0.5066,154.426,0
8.3,11626.71,0.0041,228.88,059003.000117,059003.000162,-0.0,2B,0.6344,761.663,0
8.3,11602.2628,0.004,115.91,059003.000333,059003.000379,-0.0059,2G,0.4207,29.883,0
8.3,11602.2628,0.004,115.91,059003.000320,059003.000361,0.0113,3G,0.5184,24.305,0
8.3,11570.9775,0.0094,117.7,059003.000344,059003.000404,0.0055,2E,2.6985,0.729,0
8.3,11530.4363,0.004,958.74,059003.000323,059003.000465,0.0009,2A,0.5043,1018.857,0
8.3,11524.7382,0.004,120.13,059003.000122,059003.000168,-0.001,2G,0.6589,707.003,0
8.3,11522.0962,0.0093,120.26,059003.000043,059003.000111,0.0111,2G,0.6354,1519.461,0
8.3,11519.6951,0.004,120.38,059003.000543,059003.000472,-0.0,2B,0.7023,278.115,0
8.3,11478.7724,0.0092,122.25,059003.000335,059003.000476,-0.0195,3B,0.5763,425.961,0
8.3,11447.3468,0.0039,123.5,059003.000031,059003.000041,-0.0048,2B,0.7271,102.701,0
8.3,11447.3468,0.0039,123.5,059003.000542,059003.000466,-0.0002,2B,0.5049,276.756,0
8.3,11437.5333,0.0039,123.85,059003.000545,059003.000477,0.0006,2B,0.656,60.84,0
8.3,11416.0901,0.0039,124.56,059003.000324,059003.000467,0.0001,2B,0.4979,407.577,0
8.3,11288.9614,0.0038,633.55,059003.000333,059003.000469,-0.0004,2A,0.5053,565.435,0
8.3,11288.9614,0.0038,633.55,059003.000336,059003.000476,0.0017,2A,0.5206,446.903,0
8.3,11245.8528,0.0038,1265.25,059003.000110,059003.000154,0.0007,2A,0.6766,2378.832,0
8.3,11064.226,0.0037,1198.59,059003.000327,059003.000468,-0.0004,2G,0.4001,367.402,0
8.3,10995.2131,0.0036,573.8,059003.000042,059003.000103,0.0002,2C,1.195,37.803,0
8.3,10684.4058,0.0034,391.53,059003.000040,059003.000091,0.0002,2C,0.7072,90.537,0
8.3,10673.6154,0.0034,384.07,059003.000037,059003.000082,0.0029,2B,0.7028,325.166,0
8.3,10661.5093,0.0034,375.68,059003.000038,059003.000083,0.0004,2G,0.6268,4018.228,0
8.3,10615.0542,0.0034,343.45,059003.000328,059003.000367,-0.0018,2G,0.5473,61.318,0
8.3,10608.111,0.0034,1015.93,059003.000342,059003.000387,0.0016,2B,0.4678,449.035,0
8.3,10591.6215,0.0215,981.81,059003.000124,059003.000164,-0.0848,4B,0.7382,401.495,0
8.3,10549.5736,0.0033,298.62,059003.000331,059003.000468,0.0011,2D,2.0035,12.789,0
8.3,10499.7875,0.0033,531.39,059003.000337,059003.000378,-0.0001,2B,0.6989,227.207,0
8.3,10444.1299,0.0033,922.76,059003.000330,059003.000370,-0.0005,2G,0.4739,219.355,0
8.3,10327.5519,0.0032,165.66,059003.000554,059003.000482,-0.0005,2A,0.4896,133.589,0
8.3,10327.5519,0.0032,165.66,059003.000556,059003.000483,0.003,2B,0.7861,41.811,0
8.3,10313.3027,0.0074,158.6,059003.000560,059003.000488,0.0009,2G,0.4471,48.14,0
8.3,10284.4711,0.0211,144.92,059003.000035,059003.000075,-0.0034,2A,0.5773,185.28,0
8.3,10206.4864,0.0031,673.0,059003.000346,059003.000482,-0.0016,2B,0.5243,214.969,0
8.3,10103.9695,0.0031,78.24,059003.000322,059003.000460,-0.0,2B,0.4962,204.331,0
8.3,10071.6187,0.04,139.07,059003.000321,059003.000458,-0.1606,5G,0.4824,27.765,0
8.3,10030.4933,0.0134,59.73,059003.000333,059003.000372,0.044,4G,0.4846,931.229,0
8.3,9974.5663,0.003,969.01,059003.000318,059003.000353,0.0034,2G,0.5451,250.789,0
8.3,9974.5663,0.003,969.01,059003.000058,059003.000120,0.0053,2G,0.5955,161.0,0
8.3,9772.5593,0.0207,462.76,059003.000039,059003.000082,-0.1259,5A,0.6065,831.112,0
8.3,9712.8844,0.0256,379.94,059003.000320,059003.000352,-0.1062,5B,0.5174,203.053,0
9.7,120213.7033,0.578,8538.29,059003.000042,059003.000509,-0.7819,2B,0.8866,11822.484,0
9.7,119111.3133,0.5674,2718.76,059003.000066,059003.000531,-0.1927,2B,0.7239,3220.265,0
9.7,118756.204,0.564,2678.48,059003.000049,059003.000517,1.246,3B,0.7654,7170.7,0
9.7,118720.4023,0.5637,2674.44,059003.000069,059003.000531,-2.2384,4A,0.6458,4789.911,0
9.7,117834.4885,0.5553,2575.62,059003.000062,059003.000521,-0.0058,2C,0.7436,11777.973,0
9.7,117655.2125,0.5536,2555.89,059003.000064,059003.000521,-1.7288,4A,0.6612,3886.602,0
9.7,117648.3057,0.5536,2555.14,059003.000054,059003.000515,-0.0001,2B,1.2188,2818.666,0
9.7,117458.0875,0.5518,7602.93,059003.000053,059003.000510,3.8437,5B,0.7875,10783.318,0
9.7,116963.5883,0.5471,2480.65,059003.000057,059003.000514,2.0412,4C,1.4471,161.594,0
9.7,116911.088,0.5466,2475.0,059003.000082,059003.000535,-0.0307,2D,1.7478,166.509,0
9.7,116793.2166,0.5455,2462.33,059003.000079,059003.000531,2.2747,5C,0.7584,19798.216,0
9.7,116112.3074,0.5392,2389.91,059003.000062,059003.000516,1.0777,2E,2.9333,16.89,0
9.7,114363.2156,0.5231,2209.89,059003.000082,059003.000521,1.5483,3C,0.8214,451.423,0
9.7,113807.8142,0.518,2154.53,059003.000108,059003.000536,0.0,2B,1.2459,494.993,0
9.7,103472.4983,0.4282,2557.21,059003.000131,059003.000506,0.5104,2B,0.9055,2629.332,0
9.7,102862.5136,0.4231,1235.77,059003.000132,059003.000507,0.6069,2B,0.8096,4211.784,0
9.7,102259.0925,0.4182,4777.33,059003.000064,059003.000408,-0.1991,2A,0.6168,4982.815,0
9.7,102259.0925,0.4182,4777.33,059003.000154,059003.000537,-0.0001,2G,0.3935,588.27,0
9.7,101807.475,0.4145,1163.92,059003.000054,059003.000404,-0.0204,2G,0.4966,303.186,0
9.7,101807.475,0.4145,1163.92,059003.000153,059003.000535,0.1589,2G,0.5881,151.089,0
9.7,101324.4813,0.4106,2263.94,059003.000045,059003.000474,-0.2811,2B,0.7059,959.545,0
9.7,100454.5853,0.4036,2151.77,059003.000060,059003.000401,0.5094,2B,0.6921,902.511,0
9.7,100368.4914,0.4029,5352.19,059003.000064,059003.000406,-0.5622,2B,0.5767,10026.865,0
9.7,99974.6062,0.3997,3137.24,059003.000083,059003.000495,0.0176,2A,0.6202,2718.15,0
9.7,99585.6031,0.3966,1021.73,059003.000062,059003.000397,0.6167,2B,0.6095,3648.116,0
9.7,99558.4725,0.3964,2040.14,059003.000082,059003.000409,-0.8002,3A,0.5963,2723.299,0
9.7,99484.4865,0.3958,3046.65,059003.000042,059003.000463,-0.676,2A,0.5266,4895.169,0
9.7,99445.3018,0.3955,5065.81,059003.000062,059003.000482,-0.4529,2A,0.5972,3514.434,0
9.7,99427.4053,0.7907,10120.73,059003.000158,059003.000526,-0.0001,2E,2.5142,117.645,0
9.7,99331.4162,0.3946,3018.72,059003.000063,059003.000395,-0.7461,2G,0.573,616.889,0
9.7,99331.4162,0.3946,3018.72,059003.000085,059003.000493,0.7969,3A,0.6213,2875.455,0
9.7,99305.8942,0.3944,1004.69,059003.000142,059003.000503,2.9035,5G,0.5837,228.306,0
9.7,99114.8895,0.3929,993.17,059003.000073,059003.000489,-0.0646,2B,0.6311,2597.593,0
9.7,98742.7782,0.7799,4854.85,059003.000084,059003.000408,0.1149,2B,0.5863,2226.973,0
9.7,98742.7782,0.7799,4854.85,059003.000046,059003.000367,0.6201,2A,0.5977,8459.609,0
9.7,98568.5857,0.3886,28820.78,059003.000063,059003.000477,0.1408,2C,1.1225,2359.342,0
9.7,98549.8144,0.3884,2878.77,059003.000075,059003.000487,0.1527,2G,0.6211,750.87,0
9.7,98486.3817,0.3879,4779.34,059003.000146,059003.000508,-0.2862,2G,0.621,1020.772,0
9.7,98299.8231,0.7729,4724.9,059003.000057,059003.000378,0.5419,2B,0.7312,6667.111,0
9.7,98255.7072,0.7722,1884.83,059003.000091,059003.000412,-1.3394,2A,0.6058,1568.646,0
9.7,98255.7072,0.7722,1884.83,059003.000060,059003.000474,-1.0965,2B,0.6241,676.706,0
9.7,98077.8768,0.3847,932.13,059003.000069,059003.000480,-0.4679,2B,0.7709,864.558,0
9.7,98077.8768,0.3847,932.13,059003.000050,059003.000367,0.6834,2G,0.6014,6940.816,0
9.7,98059.4946,0.3846,9310.75,059003.000074,059003.000485,-0.1484,2B,0.7664,4214.975,0
9.7,98050.6238,0.3845,1861.13,059003.000095,059003.000495,-0.6279,2B,0.6027,5236.76,0
9.7,98050.6238,0.3845,1861.13,059003.000178,059003.000538,-0.0001,2B,0.691,859.181,0
9.7,97938.503,0.3836,18482.53,059003.000069,059003.000393,-0.2745,2B,0.8819,14280.366,0
9.7,97869.9921,0.7661,4601.04,059003.000062,059003.000385,1.1305,2B,1.0529,1746.952,0
9.7,97819.2765,0.3827,1834.63,059003.000166,059003.000528,0.0,2A,0.6167,1647.888,0
9.7,97740.1035,0.382,9128.09,059003.000067,059003.000391,-0.2724,2C,1.1625,636.297,0
9.7,97697.4164,0.7634,4551.93,059003.000072,059003.000481,1.301,2A,0.6393,7401.08,0
9.7,97662.5088,0.3814,9084.08,059003.000098,059003.000493,-0.8184,3B,0.6861,2314.552,0
9.7,97654.2111,0.3814,907.94,059003.000093,059003.000409,1.4428,4G,0.6025,4405.962,0
9.7,97636.5925,0.3812,906.94,059003.000050,059003.000364,-0.967,3B,0.5728,2021.826,0
9.7,97636.5925,0.3812,906.94,059003.000073,059003.000482,0.0636,2G,0.586,10949.984,0
9.7,97480.8063,0.38,3592.63,059003.000540,059003.000491,-2.1717,5A,0.6213,3043.959,0
9.7,97480.8063,0.38,3592.63,059003.000151,059003.000506,1.1995,4B,0.583,1524.691,0
9.7,97443.9808,0.3797,1792.18,059003.000078,059003.000486,0.8921,3B,0.6123,4535.481,0
9.7,97436.1892,0.3797,895.65,059003.000062,059003.000381,-0.4421,2B,0.8196,494.867,0
9.7,97334.4198,0.7578,8899.57,059003.000075,059003.000397,1.0954,2B,0.555,3098.901,0
9.7,97334.4198,0.7578,8899.57,059003.000156,059003.000512,2.1039,3G,0.5009,447.142,0
9.7,97259.7789,0.3783,8857.95,059003.000539,059003.000478,-1.7811,5B,0.5858,4760.897,0
9.7,97259.7789,0.3783,8857.95,059003.000064,059003.000381,0.7006,2B,1.1437,6122.262,0
9.7,97176.5054,0.3777,26434.99,059003.000042,059003.000351,0.0727,2G,0.5692,603465.421,0
9.7,97164.6082,0.7551,8805.07,059003.000064,059003.000378,-0.7625,2G,0.544,95872.313,0
9.7,97085.2987,0.3769,2628.35,059003.000064,059003.000377,0.4278,2C,0.7574,22238.812,0
9.7,97078.8947,0.3769,35030.49,059003.000078,059003.000485,-0.9171,3E,2.1042,438.021,0
9.7,97040.5296,0.3766,4368.22,059003.000054,059003.000366,0.3571,2B,0.9917,5276.728,0
9.7,96895.1129,0.3755,1731.3,059003.000156,059003.000509,0.33,2B,1.4367,698.31,0
9.7,96784.2997,0.3746,25787.64,059003.000045,059003.000357,0.1726,2A,0.5909,29515.406,0
9.7,96775.4017,0.3745,4295.51,059003.000054,059003.000365,-0.8926,3A,0.6021,4719.143,0
9.7,96717.2947,0.7482,17118.75,059003.000070,059003.000476,1.4792,2A,0.5125,11467.885,0
9.7,96710.82,0.374,5989.1,059003.000083,059003.000404,0.7028,2B,0.7642,11107.585,0
9.7,96622.1876,0.3734,1701.55,059003.000069,059003.000385,-0.3223,2C,0.8448,16129.593,0
9.7,96592.02,0.3731,16982.81,059003.000106,059003.000411,-1.5724,5A,0.5931,12812.683,0
9.7,96556.6982,0.7457,6777.84,059003.000064,059003.000375,-0.6611,2A,0.6886,13110.995,0
9.7,96465.0796,0.3721,4211.45,059003.000101,059003.000492,-1.4897,5B,0.5965,1842.969,0
9.7,96458.188,0.3721,12628.79,059003.000087,059003.000489,-0.6922,2G,0.6764,2980.632,0
9.7,96397.1963,0.3716,4193.21,059003.000078,059003.000395,-1.213,4A,0.5735,3824.794,0
9.7,96387.421,0.3715,16762.36,059003.000085,059003.000405,0.4614,2A,0.5959,9459.705,0
9.7,96306.9858,0.3709,8338.11,059003.000155,059003.000503,1.4166,4B,0.5397,19595.782,0
9.7,96140.7081,0.3696,16499.11,059003.000154,059003.000502,-1.4351,4B,0.6817,52693.727,0
9.7,96140.7081,0.3696,16499.11,059003.000088,059003.000488,-0.0205,2B,0.6138,31507.374,0
9.7,96002.9228,0.3686,81766.59,059003.000111,059003.000493,0.1424,2G,0.5723,14212.787,0
9.7,95982.3987,0.3684,48995.03,059003.000156,059003.000501,1.0754,3A,0.6217,43559.447,0
9.7,95950.8082,0.3682,1629.84,059003.000158,059003.000503,-0.3812,2D,3.2359,54.807,0
9.7,95876.8818,0.3676,8110.36,059003.000066,059003.000375,-0.5443,2B,0.5711,24081.444,0
9.7,95797.8963,0.367,2420.7,059003.000072,059003.000381,0.2567,2G,0.6243,42416.343,0
9.7,95717.1143,0.3664,8026.84,059003.000062,059003.000370,0.039,2G,0.5489,62960.253,0
9.7,95704.1114,0.3663,3208.03,059003.000072,059003.000378,0.1793,2E,2.3056,36.222,0
9.7,95656.7049,0.7319,7995.42,059003.000112,059003.000495,1.6194,3A,0.5562,10727.13,0
9.7,95557.719,0.3652,794.41,059003.000161,059003.000513,-0.0001,2B,0.6467,2752.732,0
9.7,95526.0816,0.3649,2378.33,059003.000088,059003.000403,-0.0001,2C,0.8908,477.069,0
9.7,95526.0816,0.3649,2378.33,059003.000037,059003.000551,0.6816,2B,0.7866,803.23,0
9.7,95511.1034,0.3648,2376.01,059003.000085,059003.000483,0.5308,2C,0.791,423.191,0
9.7,95488.5912,0.7293,7908.4,059003.000069,059003.000375,0.0306,2G,0.591,44568.298,0
9.7,95452.118,0.3644,788.96,059003.000073,059003.000377,-1.0803,3B,0.7717,2547.13,0
9.7,95452.118,0.3644,788.96,059003.000095,059003.000489,0.9798,3G,0.5655,4047.161,0
9.7,95436.4823,0.3643,6305.25,059003.000091,059003.000406,0.0015,2A,0.6163,7952.448,0
9.7,95436.4823,0.3643,6305.25,059003.000114,059003.000413,1.2613,4G,0.5695,40831.846,0
9.7,95406.3193,0.364,31464.21,059003.000086,059003.000398,2.2422,5B,0.6237,15909.5,0
9.7,95400.6013,0.364,3145.25,059003.000050,059003.000353,-0.6979,2G,0.6036,16933.253,0
9.7,95178.0028,0.3623,774.93,059003.000089,059003.000485,0.8125,3B,0.9925,2504.896,0
9.7,95167.9291,0.7244,7744.21,059003.000093,059003.000406,0.6538,2B,0.5498,3990.622,0
9.7,95167.9291,0.7244,7744.21,059003.000083,059003.000477,1.4081,2G,0.4326,898.889,0
9.7,95148.778,0.3621,7734.48,059003.000167,059003.000516,-0.754,3G,0.5514,1367.493,0
9.7,95148.778,0.3621,7734.48,059003.000062,059003.000465,-0.296,2D,2.6474,496.395,0
9.7,95118.8998,0.3618,23157.95,059003.000087,059003.000397,-0.7869,3A,0.5801,19270.904,0
9.7,95080.1997,0.3615,3849.85,059003.000086,059003.000478,-0.8087,3G,0.5537,29777.236,0
9.7,95043.0814,0.3613,2304.28,059003.000167,059003.000514,-0.4106,2B,0.9889,2890.031,0
9.7,94960.5007,0.3606,763.92,059003.000085,059003.000392,-0.211,2G,0.577,21580.081,0
9.7,94939.3106,0.3605,762.86,059003.000115,059003.000411,0.9421,3G,0.5695,24046.85,0
9.7,94927.603,0.7208,2286.81,059003.000067,059003.000373,-0.2573,2B,0.5285,723.078,0
9.7,94839.1141,0.7194,60626.21,059003.000049,059003.000349,-2.0936,3G,0.5753,2892.904,0
9.7,94839.1141,0.7194,60626.21,059003.000098,059003.000486,1.2243,2B,0.562,22971.322,0
9.7,94836.1768,0.7194,37884.02,059003.000079,059003.000476,0.863,2E,2.1535,636.352,0
9.7,94831.207,0.3596,37871.58,059003.000088,059003.000396,0.0934,2B,0.5953,13070.025,0
9.7,94678.5111,0.3585,14996.23,059003.000066,059003.000367,0.7013,2A,0.5724,8727.174,0
9.7,94678.5111,0.3585,14996.23,059003.000102,059003.000489,1.1195,4A,0.5672,18797.196,0
9.7,94651.1963,0.3583,5987.63,059003.000164,059003.000424,0.4984,2G,0.6796,52195.345,0
9.7,94633.6226,0.7163,7475.81,059003.000089,059003.000398,-1.3226,2A,0.5706,9321.049,0
9.7,94573.2233,0.7154,7445.88,059003.000098,059003.000404,0.1339,2B,0.588,22088.896,0
9.7,94496.5886,0.3571,2222.4,059003.000089,059003.000395,0.8007,3A,0.5659,1793.773,0
9.7,94416.1109,0.713,73683.87,059003.000097,059003.000484,0.1503,2G,0.5481,10354.866,0
9.7,94416.1109,0.713,73683.87,059003.000105,059003.000488,0.7774,2A,0.5778,53048.055,0
9.7,94413.3759,0.713,294681.73,059003.000096,059003.000400,-1.147,2G,0.5757,50156.834,0
9.7,94365.1817,0.3561,14686.77,059003.000060,059003.000359,-0.8522,3G,0.7289,350.196,0
9.7,94365.1817,0.3561,14686.77,059003.000166,059003.000505,-0.571,2C,0.9431,2608.857,0
9.7,94306.0937,0.3557,7314.46,059003.000173,059003.000516,0.5817,2C,0.9266,1042.359,0
9.7,94249.727,0.7105,21860.78,059003.000081,059003.000382,1.3955,2B,0.741,54906.007,0
9.7,94246.0102,0.7104,21855.35,059003.000119,059003.000411,-0.2718,2A,0.632,16056.439,0
9.7,94231.2883,0.3551,145558.78,059003.000099,059003.000401,-0.3055,2B,0.5672,49797.884,0
9.7,94214.3143,0.355,3634.84,059003.000091,059003.000480,-0.2562,2C,0.8906,539.897,0
9.7,94198.7051,0.3549,7262.07,059003.000173,059003.000514,-0.7668,3B,0.7678,2607.593,0
9.7,94198.7051,0.3549,7262.07,059003.000080,059003.000472,0.667,2C,0.8582,750.271,0
9.7,94186.719,0.3548,2902.5,059003.000083,059003.000384,-0.8782,3B,0.6018,5491.796,0
9.7,94173.8861,0.3547,29000.01,059003.000084,059003.000385,-0.7941,3G,0.5999,5185.793,0
9.7,94073.8856,0.3539,36007.55,059003.000175,059003.000516,0.2424,2A,0.5597,21546.466,0
9.7,94073.8856,0.3539,36007.55,059003.000081,059003.000472,0.5425,2B,1.2018,6913.777,0
9.7,94051.073,0.3538,14380.96,059003.000120,059003.000412,0.1994,2B,0.5628,48659.515,0
9.7,94017.1023,0.3535,7174.07,059003.000143,059003.000414,-0.0001,2A,0.5876,4735.229,0
9.7,94001.1997,0.3534,14332.8,059003.000166,059003.000502,1.3736,4B,0.5571,42830.435,0
9.7,93960.2144,0.3531,71466.57,059003.000144,059003.000497,-0.155,2G,0.5674,14542.629,0
9.7,93950.6031,0.353,28568.13,059003.000164,059003.000501,1.2604,4A,0.5016,23159.544,0
9.7,93938.1798,0.7058,14272.12,059003.000097,059003.000483,-1.6835,3B,1.1528,3017.733,0
9.7,93938.1798,0.7058,14272.12,059003.000085,059003.000386,-1.1305,2G,0.5768,3631.473,0
9.7,93924.495,0.3528,35647.4,059003.000123,059003.000413,-0.4289,2A,0.5575,42345.252,0
9.7,93924.495,0.3528,35647.4,059003.000087,059003.000389,-0.2254,2G,0.6205,6824.208,0
9.7,93886.6823,0.3525,1422.27,059003.000146,059003.000499,-0.2042,2B,0.6933,919.125,0
9.7,93865.5126,0.3524,14202.35,059003.000166,059003.000501,-2.2395,5G,0.6065,2959.273,0
9.7,93854.7869,0.3523,7096.04,059003.000097,059003.000482,-0.8177,3B,0.5855,16775.403,0
9.7,93798.7058,0.3519,14138.43,059003.000099,059003.000397,0.0277,2B,0.5818,4239.707,0
9.7,93777.4158,0.3517,2117.71,059003.000172,059003.000508,-0.7311,3G,0.5578,14918.717,0
9.7,93777.4158,0.3517,2117.71,059003.000123,059003.000411,1.4828,5G,0.5388,29529.715,0
9.7,93715.726,0.3512,7029.65,059003.000120,059003.000409,-0.0749,2B,0.543,23532.988,0
9.7,93650.5282,0.7015,3499.33,059003.000084,059003.000379,-1.2124,2B,0.6294,7412.467,0
9.7,93641.4178,0.3507,6994.35,059003.000173,059003.000508,0.2607,2G,0.6874,1038.546,0
9.7,93575.9935,0.7004,6963.37,059003.000111,059003.000489,-0.9069,2A,0.57,8281.838,0
9.7,93575.9935,0.7004,6963.37,059003.000172,059003.000506,-0.3791,2G,0.5985,1146.403,0
9.7,93545.6111,0.35,13898.02,059003.000146,059003.000418,-0.0001,2D,1.7605,1995.461,0
9.7,93521.3951,0.3498,41625.51,059003.000086,059003.000384,-0.8836,3G,0.5576,10689.413,0
9.7,93492.989,0.3496,27696.79,059003.000087,059003.000386,-0.4624,2G,0.5235,6856.704,0
9.7,93487.9069,0.3495,13843.61,059003.000123,059003.000409,-0.5158,2G,0.5718,53235.488,0
9.7,93438.3032,0.3492,6898.47,059003.000173,059003.000506,-1.0795,4G,0.5316,35616.91,0
9.7,93438.3032,0.3492,6898.47,059003.000108,059003.000405,1.2442,4A,0.5386,5513.664,0
9.7,93427.3976,0.3491,41360.11,059003.000146,059003.000417,-2.2529,5B,0.5743,11743.438,0
9.7,93419.2889,0.349,55116.36,059003.000073,059003.000365,-0.1061,2G,0.5315,4015.944,0
9.7,93419.2889,0.349,55116.36,059003.000172,059003.000505,0.5692,2B,0.6124,25820.546,0
9.7,93402.1897,0.3489,2064.46,059003.000100,059003.000478,1.0429,3G,0.5362,7830.721,0
9.7,93296.0811,0.3481,6831.88,059003.000101,059003.000395,1.139,4B,0.7852,3176.458,0
9.7,93286.6825,0.696,6827.5,059003.000073,059003.000364,0.246,2G,0.5417,29958.439,0
9.7,93283.8915,0.696,34130.98,059003.000063,059003.000358,-0.3651,2B,0.5333,61754.565,0
9.7,93272.6791,0.3479,5456.77,059003.000087,059003.000384,0.6768,2A,0.5547,4388.521,0
9.7,93256.308,0.3478,3406.67,059003.000121,059003.000492,-1.2302,4B,0.5037,7589.605,0
9.7,93176.8132,0.3472,13552.76,059003.000105,059003.000397,-1.0404,3G,0.5864,2425.533,0
9.7,93176.8132,0.3472,13552.76,059003.000111,059003.000486,-0.5297,2G,0.5635,3106.121,0
9.7,93136.8143,0.3469,675.78,059003.000091,059003.000388,-0.4452,2B,0.9775,324.566,0
9.7,93088.9866,0.3466,4714.99,059003.000173,059003.000503,-3.1412,5A,0.5626,6978.702,0
9.7,93061.6041,0.3463,26892.24,059003.000171,059003.000502,-0.4369,2D,1.8271,3359.357,0
9.7,93056.684,0.3463,3360.39,059003.000072,059003.000361,0.733,3B,0.5434,7682.084,0
9.7,92971.8097,0.3457,1336.34,059003.000087,059003.000381,0.478,2A,0.6662,2039.373,0
9.7,92806.5181,0.3444,1321.21,059003.000126,059003.000413,-0.4871,2G,0.5723,13153.603,0
9.7,92796.2915,0.3444,2640.55,059003.000087,059003.000377,-0.8328,3B,0.804,3504.806,0
9.7,92786.9012,0.3443,659.71,059003.000106,059003.000396,0.0674,2B,1.1511,311.913,0
9.7,92554.9035,0.3426,1298.4,059003.000150,059003.000415,0.0078,2B,0.5696,386.401,0
9.7,92498.6831,0.3422,3233.34,059003.000081,059003.000373,0.8487,3A,0.5778,2492.662,0
9.7,92486.1903,0.3421,12922.13,059003.000080,059003.000370,-0.4285,2B,0.9918,4766.404,0
9.7,92486.1903,0.3421,12922.13,059003.000095,059003.000386,0.481,2A,0.5412,8286.458,0
9.7,92486.1903,0.3421,12922.13,059003.000177,059003.000508,0.7882,3B,0.5754,4522.031,0
9.7,92452.8248,0.3418,6446.09,059003.000095,059003.000475,-1.2992,4E,2.3646,76.329,0
9.7,92321.5063,0.3409,638.74,059003.000178,059003.000424,-0.4512,2B,0.9139,424.462,0
9.7,92316.1247,0.3408,12770.0,059003.000175,059003.000500,-0.5658,2B,0.5246,5174.113,0
9.7,92316.1247,0.3408,12770.0,059003.000130,059003.000494,1.0188,3A,0.5692,22188.56,0
9.7,92271.1863,0.3405,25460.01,059003.000062,059003.000350,-0.0505,2G,0.5427,1986.094,0
9.7,92271.1863,0.3405,25460.01,059003.000153,059003.000499,0.7224,3B,0.5537,13124.16,0
9.7,92266.0822,0.6809,12725.47,059003.000112,059003.000402,-1.5115,3C,0.7215,1342.979,0
9.7,92266.0822,0.6809,12725.47,059003.000095,059003.000384,1.822,3G,0.6166,2639.559,0
9.7,92254.5888,0.3404,635.76,059003.000106,059003.000392,0.454,2G,0.5537,8334.605,0
9.7,92238.318,0.6805,5080.32,059003.000098,059003.000475,-2.115,4A,0.5197,7655.221,0
9.7,92238.318,0.6805,5080.32,059003.000111,059003.000397,0.6112,2A,0.5415,7661.807,0
9.7,92143.3178,0.3395,630.83,059003.000115,059003.000486,-0.0631,2G,0.5616,3167.85,0
9.7,92138.678,0.3395,630.63,059003.000084,059003.000468,0.5514,2E,1.9506,16.211,0
9.7,92130.5085,0.3394,12605.37,059003.000095,059003.000382,0.0672,2D,1.7334,822.895,0
9.7,91984.6986,0.3384,2495.42,059003.000114,059003.000401,0.1766,2A,0.509,2029.3,0
9.7,91975.396,0.3383,623.45,059003.000070,059003.000356,0.1537,2G,0.5541,7962.225,0
9.7,91966.6898,0.3382,1246.13,059003.000093,059003.000379,0.0992,2B,0.5913,3506.095,0
9.7,91955.1905,0.3382,2490.24,059003.000095,059003.000472,-0.2623,2A,0.6027,1706.759,0
9.7,91873.1818,0.3376,12379.57,059003.000081,059003.000365,-0.2876,2C,1.1894,932.034,0
9.7,91847.2817,0.3374,1853.55,059003.000097,059003.000381,0.8003,3B,0.8849,2322.562,0
9.7,91822.9911,0.3372,616.79,059003.000155,059003.000497,-0.3093,2B,0.577,1587.455,0
9.7,91797.9325,0.337,9235.55,059003.000155,059003.000417,0.3515,2A,0.5425,5663.119,0
9.7,91788.9243,0.3369,12306.25,059003.000158,059003.000498,-0.7177,3A,0.5665,11122.842,0
9.7,91752.3083,0.3367,9205.86,059003.000178,059003.000502,-0.3679,2B,0.6027,3545.473,0
9.7,91682.2746,0.3362,1221.39,059003.000539,059003.000461,-0.4233,2A,0.5144,1386.534,0
9.7,91682.2746,0.3362,1221.39,059003.000156,059003.000415,-0.3429,2G,0.5175,241.825,0
9.7,91679.1277,0.3361,1221.11,059003.000102,059003.000475,-1.2497,4A,0.5252,1871.411,0
9.7,91660.5882,0.336,609.76,059003.000112,059003.000483,-0.2172,2B,0.5795,1165.204,0
9.7,91644.1111,0.6717,1218.09,059003.000081,059003.000464,-0.8576,2B,0.5994,605.458,0
9.7,91622.1144,0.3357,18242.95,059003.000082,059003.000364,-0.7209,3A,0.5244,20206.893,0
9.7,91622.1144,0.3357,18242.95,059003.000073,059003.000358,-0.6973,3A,0.5241,11056.093,0
9.7,91622.1144,0.3357,18242.95,059003.000121,059003.000491,2.179,5G,0.5191,3658.29,0
9.7,91611.9826,0.3356,607.66,059003.000052,059003.000558,-0.4115,2A,0.5792,349.192,0
9.7,91450.7167,0.3345,600.75,059003.000083,059003.000464,0.3013,2B,0.9713,247.912,0
9.7,91412.5191,0.3342,1797.35,059003.000105,059003.000474,-0.978,3A,0.5384,1177.05,0
9.7,91412.5191,0.3342,1797.35,059003.000114,059003.000482,0.1445,2G,0.5672,252.571,0
9.7,91347.9085,0.3337,596.37,059003.000044,059003.000547,0.5116,2D,2.116,16.834,0
9.7,91284.9827,0.6665,35621.88,059003.000159,059003.000497,1.7604,3B,0.5364,12716.585,0
9.7,91270.0766,0.3331,59306.68,059003.000123,059003.000407,0.5025,2G,0.54,15499.793,0
9.7,91240.5023,0.3329,59181.58,059003.000129,059003.000408,-0.1464,2B,0.5195,29414.696,0
9.7,91171.1251,0.3324,588.89,059003.000539,059003.000355,-0.0168,2A,0.4741,773.321,0
9.7,91064.2177,0.3316,11687.94,059003.000115,059003.000482,-0.2954,2A,0.5276,13638.799,0
9.7,91023.4743,0.3313,582.69,059003.000048,059003.000553,0.6359,2A,0.33,658.735,0
9.7,90886.6724,0.3303,2307.96,059003.000135,059003.000496,-0.2906,2G,0.5476,51440.803,0
9.7,90876.2696,0.3303,1153.12,059003.000160,059003.000498,-0.4416,2B,0.4892,387.627,0
9.7,90876.2696,0.3303,1153.12,059003.000132,059003.000411,-0.095,2B,0.532,3592.501,0
9.7,90617.3088,0.3284,22635.17,059003.000106,059003.000378,0.4025,2A,0.5461,13550.14,0
9.7,90607.4785,0.3283,11309.53,059003.000075,059003.000353,-0.2614,2A,0.5463,16418.027,0
9.7,90467.1769,0.3273,1119.5,059003.000108,059003.000381,-0.1133,2D,1.844,1746.008,0
9.7,90391.0676,0.3268,11133.24,059003.000111,059003.000384,1.0452,4A,0.5446,7078.982,0
9.7,90262.5823,0.3258,22058.98,059003.000097,059003.000373,-0.2535,2A,0.5235,14006.521,0
9.7,90253.0248,0.3258,3306.54,059003.000179,059003.000520,-0.0001,2G,0.5901,29007.683,0
9.7,90190.8789,0.3253,5485.94,059003.000121,059003.000397,-0.0753,2A,0.5102,7445.436,0
9.7,90085.8195,0.3245,16331.78,059003.000128,059003.000490,-0.6912,3G,0.522,3008.445,0
9.7,90046.5874,0.3243,542.83,059003.000099,059003.000468,0.5876,2G,0.7625,8621.389,0
9.7,90009.2139,0.324,541.34,059003.000115,059003.000389,0.4354,2G,0.5409,6366.055,0
9.7,90009.2139,0.324,541.34,059003.000043,059003.000334,1.072,4B,0.3912,855.441,0
9.7,89980.2209,0.3238,5401.92,059003.000075,059003.000349,-0.0717,2G,0.5676,200.224,0
9.7,89980.2209,0.3238,5401.92,059003.000114,059003.000476,0.2367,2D,2.8085,911.972,0
9.7,89924.6749,0.3234,5379.92,059003.000081,059003.000357,-0.1682,2B,0.5212,9637.686,0
9.7,89667.4084,0.3215,527.88,059003.000101,059003.000373,-0.5763,2G,0.5271,2433.391,0
9.7,89584.784,0.6419,15739.92,059003.000121,059003.000392,-1.3361,3G,0.4976,2365.184,0
9.7,89584.784,0.6419,15739.92,059003.000091,059003.000361,-0.0328,2A,0.5097,20191.751,0
9.7,89560.7935,0.3208,15711.96,059003.000096,059003.000465,-0.6782,3B,0.5353,7257.099,0
9.7,89495.1748,0.6406,3127.13,059003.000086,059003.000460,-0.4017,2B,0.4744,1424.123,0
9.7,89462.8118,0.3201,2599.69,059003.000135,059003.000492,2.1436,5B,0.5053,6686.529,0
9.7,89456.9869,0.32,10394.26,059003.000104,059003.000373,0.4403,2A,0.5049,15260.036,0
9.7,89355.977,0.3193,20632.91,059003.000126,059003.000401,-0.3293,2B,0.5398,9688.796,0
9.7,89355.977,0.3193,20632.91,059003.000115,059003.000384,-0.0834,2A,0.4957,23545.695,0
9.7,89271.503,0.3187,2050.34,059003.000180,059003.000516,-0.642,3B,0.7662,1649.886,0
9.7,89105.605,0.3175,3543.88,059003.000106,059003.000468,-0.6854,3C,1.0954,367.237,0
9.7,88976.5775,0.3166,501.39,059003.000115,059003.000380,0.0166,2G,0.5292,12221.341,0
9.7,88863.6872,0.3158,2485.78,059003.000108,059003.000468,0.7203,3B,0.8296,2748.878,0
9.7,88851.5138,0.3157,9933.99,059003.000126,059003.000396,0.2583,2A,0.5244,10844.304,0
9.7,88732.413,0.3149,1969.03,059003.000089,059003.000461,-0.6014,2B,0.4861,5941.139,0
9.7,87982.977,0.3096,23247.45,059003.000112,059003.000373,-0.8009,3B,0.5126,7469.137,0
9.7,87799.0848,0.3083,1375.24,059003.000123,059003.000378,-0.162,2B,0.5069,2478.455,0
9.7,87787.1198,0.3082,457.99,059003.000181,059003.000510,-1.1992,4B,0.974,403.45,0
9.7,87631.9993,0.3071,1357.6,059003.000135,059003.000488,0.4351,2B,0.6488,598.724,0
9.7,87574.4711,0.3067,9010.42,059003.000132,059003.000401,-0.1855,2G,0.5501,1998.076,0
9.7,87514.9963,0.3063,4484.47,059003.000180,059003.000500,-0.1961,2B,0.5102,13354.529,0
9.7,87219.5908,0.3042,438.25,059003.000137,059003.000490,-0.3366,2B,0.4179,195.714,0
9.7,87219.5908,0.3042,438.25,059003.000184,059003.000512,-0.0136,2A,0.4599,335.251,0
9.7,87215.1838,0.3042,438.1,059003.000135,059003.000405,-0.3142,2G,0.4684,3449.492,0
9.7,87043.4953,0.303,4322.44,059003.000113,059003.000363,0.0327,2G,0.5261,29877.801,0
9.7,87028.2808,0.3029,2158.64,059003.000099,059003.000352,0.1391,2B,0.4681,1008.871,0
9.7,86893.9965,0.302,854.39,059003.000144,059003.000493,-0.8559,3G,0.485,162.778,0
9.7,86611.9037,0.3,417.78,059003.000181,059003.000500,0.2037,2G,0.4675,2205.841,0
9.7,86524.5286,0.2994,1244.68,059003.000184,059003.000506,0.2635,2G,0.5062,7666.689,0
9.7,86186.2077,0.2971,1615.4,059003.000131,059003.000386,0.5693,2G,0.5079,327.366,0
9.7,86155.6168,0.2968,1208.59,059003.000119,059003.000365,0.3239,2A,0.6262,1765.628,0
9.7,86150.3725,0.2968,805.39,059003.000129,059003.000379,0.6465,3G,0.4701,3854.055,0
9.7,85970.2839,0.5911,1190.74,059003.000112,059003.000462,0.0998,2B,0.494,390.042,0
9.7,84898.486,0.2882,1818.64,059003.000115,059003.000357,-0.267,2B,0.506,970.626,0
9.7,84611.917,0.5726,1065.61,059003.000139,059003.000479,-1.8208,4B,0.5334,370.94,0
9.7,84611.917,0.5726,1065.61,059003.000120,059003.000359,-1.6442,3B,0.4281,2476.28,0
9.7,84486.9168,0.2855,351.53,059003.000139,059003.000393,-0.8288,3G,0.4598,30.364,0
9.7,84486.9168,0.2855,351.53,059003.000126,059003.000465,-0.5614,2B,0.4976,159.767,0
9.7,84411.7022,0.2849,349.33,059003.000142,059003.000484,0.4465,2G,0.6678,70.937,0
9.7,84213.9103,0.2836,5154.0,059003.000103,059003.000560,0.4139,2B,0.4257,2138.797,0
9.7,83643.2851,0.2798,1309.77,059003.000145,059003.000405,-0.9621,4A,0.3609,1476.146,0
9.7,83585.8945,0.2794,325.85,059003.000148,059003.000407,-0.2478,2A,0.465,367.658,0
9.7,83551.9722,0.2792,324.91,059003.000180,059003.000417,1.1995,5G,0.5168,2393.609,0
9.7,83491.2884,0.2788,969.7,059003.000160,059003.000493,0.8155,3A,0.4924,864.339,0
9.7,83172.3284,0.5533,1572.62,059003.000110,059003.000348,0.5046,2B,0.4195,3791.794,0
9.7,83131.4921,0.5527,626.84,059003.000077,059003.000543,0.1788,2A,0.3733,448.234,0
9.7,83131.4921,0.5527,626.84,059003.000144,059003.000397,1.7132,4G,0.4007,144.627,0
9.7,83116.8294,0.2763,313.03,059003.000167,059003.000496,0.662,3A,0.4272,405.272,0
9.7,83104.283,0.2762,625.38,059003.000181,059003.000499,-0.2333,2A,0.4203,709.231,0
9.7,82726.919,0.5474,605.3,059003.000164,059003.000412,-0.1491,2B,0.488,1172.143,0
9.7,82618.0053,0.273,899.38,059003.000126,059003.000357,-0.3935,2A,0.4142,703.059,0
9.7,81004.3856,0.2624,259.75,059003.000159,059003.000402,-0.0613,2D,1.7931,12.473,0
9.7,80786.7072,0.261,509.34,059003.000148,059003.000476,0.4517,2G,0.4371,105.196,0
9.7,80481.7869,0.259,247.66,059003.000151,059003.000388,-0.1048,2C,0.7153,52.289,0
9.7,79312.4051,0.2516,4442.1,059003.000157,059003.000475,1.4755,5G,0.4703,1019.362,0
9.7,78953.1153,0.4986,429.31,059003.000163,059003.000397,0.525,2B,0.4783,134.898,0
9.7,78790.4917,0.2483,211.35,059003.000158,059003.000384,-0.1541,2G,0.4586,1066.459,0
9.7,78780.923,0.2482,211.15,059003.000153,059003.000380,-0.25,2B,0.4561,558.551,0
9.7,78630.1228,0.4945,2081.17,059003.000122,059003.000549,0.165,2A,0.4003,2176.938,0
9.7,78342.0261,0.4909,404.82,059003.000171,059003.000400,-0.619,2B,0.4499,158.624,0
9.7,78342.0261,0.4909,404.82,059003.000148,059003.000368,0.756,2G,0.405,46.733,0
9.7,76915.9124,0.2366,527.52,059003.000118,059003.000334,-0.0168,2B,0.3658,210.041,0
9.7,76915.9124,0.2366,527.52,059003.000153,059003.000366,0.0429,2B,0.3929,1153.934,0
9.7,76762.5028,0.4713,519.43,059003.000171,059003.000390,-0.3135,2G,0.5628,6317.036,0
9.7,76585.7081,0.2346,170.08,059003.000153,059003.000466,0.5871,3C,0.8976,19.093,0
9.7,76345.5146,0.2331,165.97,059003.000149,059003.000459,0.7448,4G,0.669,33.539,0
9.7,75631.1431,0.2287,154.2,059003.000173,059003.000381,0.2294,2A,0.4604,133.127,0
9.7,74702.8982,0.2232,559.4,059003.000153,059003.000357,-0.4668,3B,0.4472,223.577,0
9.7,74065.893,0.4387,1305.97,059003.000122,059003.000322,-0.2059,2G,0.4671,247.985,0
9.7,73911.2864,0.2185,385.27,059003.000173,059003.000370,-0.0711,2B,0.695,432.141,0
9.7,73789.5874,0.2177,126.73,059003.000179,059003.000405,0.5763,3G,0.4697,2176.415,0
9.7,73175.3856,0.2141,355.32,059003.000097,059003.000313,0.3928,2A,0.4492,404.335,0
9.7,72779.3722,0.2118,226.64,059003.000180,059003.000398,-0.6436,4B,0.94,667.09,0
9.7,72684.5322,0.2113,448.47,059003.000073,059003.000309,-0.7926,4G,0.4623,1683.729,0
9.7,72358.4972,0.2094,216.12,059003.000105,059003.000313,0.4872,3B,0.522,96.555,0
9.7,72350.2213,0.2093,215.92,059003.000083,059003.000311,0.1933,2B,0.4753,471.663,0
9.7,72100.6879,0.2079,209.86,059003.000211,059003.000429,-0.0,2B,1.2128,61.9,0
9.7,72055.6015,0.2076,104.39,059003.000079,059003.000310,-0.162,2G,0.3794,1287.115,0
9.7,71829.8356,0.2063,101.72,059003.000045,059003.000451,-0.1937,2G,0.3949,27.27,0
9.7,71770.1095,0.206,202.04,059003.000181,059003.000396,-0.1647,2B,0.4508,98.079,0
9.7,71705.3914,0.2056,1002.67,059003.000093,059003.000312,-0.2096,2B,0.4417,2639.86,0
9.7,71678.063,0.2055,299.85,059003.000211,059003.000428,-0.529,3A,0.677,274.699,0
9.7,71599.746,0.205,693.34,059003.000046,059003.000452,0.1459,2D,2.4872,103.067,0
9.7,71570.0968,0.4097,9870.78,059003.000195,059003.000573,-0.7412,2G,0.6213,1534.752,0
9.7,71298.5969,0.2033,1912.68,059003.000099,059003.000312,-0.0272,2C,1.0079,179.533,0
9.7,71058.4116,0.4038,2789.28,059003.000430,059003.000322,0.1609,2G,0.4664,671.297,0
9.7,71053.9177,0.2019,278.78,059003.000173,059003.000353,0.2335,2A,0.3912,344.977,0
9.7,71037.2761,0.2018,185.49,059003.000196,059003.000420,0.1957,2B,1.231,518.587,0
9.7,70957.9011,0.2013,1837.61,059003.000126,059003.000456,-0.1342,2E,1.8101,43.758,0
9.7,70840.3074,0.2007,1812.22,059003.000430,059003.000321,-0.4841,3B,0.3858,912.439,0
9.7,70806.569,0.2005,270.75,059003.000197,059003.000421,0.1552,2G,0.662,1505.635,0
9.7,70798.3938,0.4009,450.81,059003.000127,059003.000456,0.5314,2B,0.5292,863.255,0
9.7,70622.9326,0.1994,441.5,059003.000185,059003.000490,0.2806,2A,0.2968,442.998,0
9.7,70358.9703,0.198,85.55,059003.000106,059003.000312,0.0555,2G,0.725,2710.194,0
9.7,69841.3764,0.3901,401.8,059003.000053,059003.000450,0.455,2D,1.6203,58.016,0
9.7,69579.5122,0.1936,544.79,059003.000196,059003.000573,-0.63,4B,0.8166,564.036,0
9.7,69579.5122,0.1936,544.79,059003.000186,059003.000404,-0.0657,2G,0.677,107.588,0
9.7,69370.812,0.1924,530.96,059003.000121,059003.000313,-0.2986,2B,0.8556,692.026,0
9.7,69174.5059,0.3827,3701.43,059003.000106,059003.000311,0.7907,3B,0.4021,8773.845,0
9.7,69103.8225,0.191,220.14,059003.000047,059003.000446,0.0779,2D,2.174,25.96,0
9.7,68951.4361,0.1901,144.0,059003.000179,059003.000368,0.4462,3B,0.5036,55.933,0
9.7,68929.5898,0.38,287.21,059003.000108,059003.000311,-0.8018,3G,0.6398,3017.403,0
9.7,68879.9888,0.3794,570.86,059003.000079,059003.000306,0.5809,2B,1.5619,1288.366,0
9.7,68853.2555,0.1896,71.12,059003.000187,059003.000491,0.2321,2C,0.9766,7.319,0
9.7,68807.2073,0.1893,1060.63,059003.000098,059003.000309,-0.6107,4C,0.8252,185.423,0
9.7,68799.4572,0.1893,494.48,059003.000186,059003.000395,-0.2419,2A,0.2982,429.809,0
9.7,68631.78,0.1884,345.82,059003.000174,059003.000560,-0.069,2G,0.6373,88.394,0
9.7,68381.7956,0.187,1340.15,059003.000047,059003.000295,-0.2397,2G,0.4786,356.729,0
9.7,68177.3781,0.1859,130.57,059003.000050,059003.000297,0.0234,2C,0.6976,17.051,0
9.7,68177.3781,0.1859,130.57,059003.000054,059003.000448,0.2612,2G,0.4005,40.921,0
9.7,68164.5416,0.1858,195.53,059003.000212,059003.000577,-0.2444,2G,0.8209,3273.793,0
9.7,68103.0102,0.3709,323.32,059003.000126,059003.000313,-0.5369,2G,0.4485,1673.457,0
9.7,68053.1478,0.1852,128.5,059003.000236,059003.000428,0.2676,2G,0.5653,29.811,0
9.7,68024.8286,0.3701,1280.38,059003.000072,059003.000454,1.1588,4A,0.4305,1407.715,0
9.7,67769.5109,0.1837,247.78,059003.000063,059003.000450,-0.282,2D,1.6501,480.7,0
9.7,67769.5109,0.1837,247.78,059003.000120,059003.000312,0.8774,5A,0.414,322.818,0
9.7,67644.5856,0.183,1218.99,059003.000106,059003.000308,0.6395,4A,0.5247,1045.412,0
9.7,67642.5199,0.183,487.46,059003.000249,059003.000602,-0.3426,2D,1.7014,60.356,0
9.7,67640.4166,0.183,182.75,059003.000213,059003.000576,-0.4202,3B,1.031,42.569,0
9.7,67522.8385,0.1823,299.95,059003.000045,059003.000445,0.1566,2G,0.5388,1811.946,0
9.7,67503.8921,0.1822,59.84,059003.000203,059003.000573,0.7918,5D,2.0061,186.429,0
9.7,67413.4031,0.1817,591.39,059003.000082,059003.000305,-0.0682,2A,0.682,501.473,0
9.7,67385.571,0.1816,176.77,059003.000212,059003.000420,0.0247,2G,0.5241,737.557,0
9.7,67352.8594,0.1814,1173.45,059003.000181,059003.000364,-0.2257,2G,0.354,375.937,0
9.7,67210.7955,0.1806,1727.63,059003.000204,059003.000573,0.2789,2G,0.6731,416.344,0
9.7,67041.472,0.1797,168.95,059003.000202,059003.000419,-0.4118,3G,0.6191,644.076,0
9.7,66991.1289,0.1795,223.76,059003.000215,059003.000421,-0.4799,3B,0.585,534.25,0
9.7,66901.8315,0.358,1105.65,059003.000247,059003.000428,0.8561,3B,0.7693,565.974,0
9.7,66794.2697,0.1784,163.49,059003.000091,059003.000455,-0.0806,2A,0.6855,124.612,0
9.7,66629.546,0.1775,1066.21,059003.000062,059003.000448,0.1027,2A,0.4423,685.917,0
9.7,66420.7238,0.1764,155.51,059003.000087,059003.000305,-0.2747,2B,0.8249,281.55,0
9.7,66308.3175,0.1758,153.16,059003.000251,059003.000428,-0.0603,2C,1.3136,15.985,0
9.7,66271.9386,0.3513,101.61,059003.000099,059003.000306,0.7885,3D,1.6276,273.98,0
9.7,66204.4883,0.3505,503.42,059003.000088,059003.000305,-0.0721,2D,2.0883,39.138,0
9.7,65940.0109,0.1739,242.8,059003.000063,059003.000446,0.0979,2B,0.6043,543.226,0
9.7,65831.7845,0.1733,4784.61,059003.000134,059003.000313,-0.1817,2B,0.6135,1363.952,0
9.7,63296.6288,0.1602,4903.6,059003.000154,059003.000457,-0.0151,2A,0.5643,3828.587,0
9.7,58574.3763,0.1372,1163.25,059003.000108,059003.000296,-0.2661,2B,0.5396,3264.973,0
9.7,58407.9167,0.1364,1148.24,059003.000230,059003.000569,0.0,2A,0.529,1870.058,0
9.7,58099.4884,0.135,1120.7,059003.000165,059003.000313,-0.0305,2G,0.5597,15658.959,0
9.7,58058.3433,0.1348,2234.11,059003.000125,059003.000452,-0.2572,2A,0.5588,2171.478,0
9.7,57869.9624,0.1339,1100.45,059003.000199,059003.000565,0.293,3G,0.4483,4835.507,0
9.7,57465.4106,0.132,1065.28,059003.000053,059003.000268,-0.269,3A,0.4672,699.288,0
9.7,57276.09,0.1312,1049.04,059003.000083,059003.000283,0.2895,3G,0.5394,5514.642,0
9.7,57207.136,0.1309,5215.8,059003.000139,059003.000455,0.0434,2G,0.5614,63500.189,0
9.7,56991.8999,0.2598,10249.3,059003.000133,059003.000454,-0.1443,2G,0.5564,57976.327,0
9.7,56731.0332,0.1287,1003.08,059003.000134,059003.000454,1.5482,5A,0.5323,1343.605,0
9.7,56649.4988,0.1283,1992.62,059003.000101,059003.000290,0.0565,2D,1.7659,280.769,0
9.7,56363.8894,0.127,4863.96,059003.000257,059003.000570,-0.0796,2G,0.5155,1283.213,0
9.7,56288.1475,0.1267,19332.18,059003.000242,059003.000568,0.3619,3B,0.4376,33148.925,0
9.7,55949.5283,0.1252,939.25,059003.000132,059003.000452,0.0355,2B,1.1952,162.756,0
9.7,55902.8173,0.125,935.51,059003.000155,059003.000309,0.5431,5A,0.3734,700.964,0
9.7,55745.968,0.1243,923.02,059003.000078,059003.000278,-0.1287,2B,0.3459,1754.163,0
9.7,55326.2889,0.1224,890.08,059003.000108,059003.000289,-0.5534,5B,0.4998,2380.516,0
9.7,55035.0594,0.1211,6073.42,059003.000121,059003.000293,-0.2689,3G,0.4035,1249.732,0
9.7,55014.2658,0.242,8660.42,059003.000113,059003.000291,-0.2423,2D,1.9445,5074.001,0
9.7,54945.8186,0.1207,3443.28,059003.000119,059003.000445,0.5971,5B,0.7303,1124.821,0
9.7,54632.808,0.1193,837.18,059003.000047,059003.000254,0.5229,5G,0.4518,22295.748,0
9.7,54616.7918,0.1193,3343.92,059003.000256,059003.000568,0.1233,2B,0.59,1279.966,0
9.7,54557.929,0.119,83158.17,059003.000076,059003.000273,-0.2433,3D,1.8399,8416.884,0
9.7,54457.0998,0.1186,4120.39,059003.000050,059003.000256,-0.0095,2B,0.8674,10387.075,0
9.7,54410.8034,0.1184,41032.37,059003.000230,059003.000566,0.091,2G,0.4806,7743.219,0
9.7,54370.9088,0.1182,1635.39,059003.000083,059003.000438,0.1626,2B,0.403,4392.329,0
9.7,54318.8284,0.118,1627.71,059003.000080,059003.000275,-0.2049,2G,0.4218,17563.524,0
9.7,54314.3441,0.118,1627.05,059003.000131,059003.000446,-0.2372,3E,2.5576,10.21,0
9.7,54252.1687,0.1177,3235.82,059003.000070,059003.000269,0.4233,4G,0.4859,15550.07,0
9.7,54242.2833,0.1176,16164.57,059003.000045,059003.000248,-0.1732,2B,0.604,4828.657,0
9.7,53954.291,0.1164,787.26,059003.000049,059003.000252,-0.4196,4B,1.5083,105.832,0
9.7,53954.291,0.1164,787.26,059003.000111,059003.000285,-0.2813,3D,2.9368,250.76,0
9.7,53903.2089,0.2324,7835.81,059003.000072,059003.000268,-0.1311,2B,0.496,17426.236,0
9.7,53887.474,0.1161,7824.48,059003.000050,059003.000252,0.1192,2G,0.4003,50492.133,0
9.7,53765.7123,0.1156,7737.15,059003.000063,059003.000264,0.1627,2G,0.4262,1667.736,0
9.7,53614.542,0.2299,7629.54,059003.000439,059003.000573,-0.852,4D,3.2088,67.006,0
9.7,53613.7719,0.2299,7629.0,059003.000076,059003.000271,0.4598,2D,2.1374,276.514,0
9.7,53565.1355,0.1147,3797.29,059003.000172,059003.000310,0.0494,2A,0.4827,2719.607,0
9.7,53386.5897,0.114,3734.49,059003.000145,059003.000304,-0.021,2G,0.5651,15552.494,0
9.7,53334.2495,0.1137,14864.82,059003.000198,059003.000563,0.0813,2G,0.5054,3740.773,0
9.7,53120.8748,0.1128,2185.32,059003.000151,059003.000305,0.0703,2B,0.488,1142.913,0
9.7,53098.2031,0.2255,36343.96,059003.000041,059003.000224,0.2633,2B,0.3281,21033.39,0
9.7,53083.9762,0.1127,7259.0,059003.000087,059003.000275,-0.2139,2G,0.3796,26275.507,0
9.7,53077.0162,0.1126,14508.43,059003.000082,059003.000436,-0.2065,2B,0.4939,8268.564,0
9.7,52849.6916,0.1117,42593.4,059003.000083,059003.000271,-0.2961,3G,0.4777,8247.178,0
9.7,52811.8018,0.1115,2121.96,059003.000080,059003.000270,-0.0066,2G,0.439,11894.227,0
9.7,52472.127,0.1101,1369.08,059003.000128,059003.000292,-0.1962,2A,0.354,1244.142,0
9.7,52472.127,0.1101,1369.08,059003.000054,059003.000250,0.2608,3G,0.4129,4432.947,0
9.7,52257.2876,0.1092,46925.66,059003.000119,059003.000286,0.2314,3E,2.4362,815.32,0
9.7,52220.9474,0.109,667.99,059003.000148,059003.000303,-0.0001,2A,0.518,661.661,0
9.7,52181.5904,0.1089,2661.66,059003.000161,059003.000307,-0.3749,4A,0.5616,4224.887,0
9.7,51906.9627,0.1077,1942.92,059003.000097,059003.000274,-0.2814,3D,1.7949,6107.057,0
9.7,51786.4736,0.1072,639.93,059003.000123,059003.000286,-0.2335,3G,0.4221,10989.451,0
9.7,51729.6187,0.107,636.32,059003.000129,059003.000291,-0.3984,4B,0.7101,159.195,0
9.7,51729.6187,0.107,636.32,059003.000053,059003.000239,0.0693,2B,0.4274,1161.932,0
9.7,51719.6165,0.6417,6356.8,059003.000073,059003.000262,-0.7543,2B,1.521,695.043,0
9.7,51652.5901,0.1067,631.43,059003.000142,059003.000302,0.6704,5D,2.9594,22.253,0
9.7,51632.5387,0.1066,6301.68,059003.000047,059003.000229,-0.145,2G,0.3467,23031.24,0
9.7,51522.9002,0.1061,1246.54,059003.000085,059003.000268,0.009,2A,0.6388,2111.554,0
9.7,51468.7411,0.1059,6198.8,059003.000063,059003.000254,0.2876,3G,0.4752,1792.678,0
9.7,51459.2928,0.1059,2477.16,059003.000066,059003.000257,0.0592,2G,0.3363,26815.614,0
9.7,51174.8612,0.2094,36100.87,059003.000060,059003.000248,0.3634,2D,1.8308,2320.988,0
9.7,51107.3019,0.1044,1792.63,059003.000046,059003.000225,0.0277,2D,2.4368,8494.322,0
9.7,51099.4967,0.1044,597.07,059003.000129,059003.000289,-0.4908,5G,0.4077,7885.56,0
9.7,51082.1971,0.1043,596.01,059003.000154,059003.000454,-1.0866,5C,0.905,66.865,0
9.7,50926.8728,0.1037,1173.17,059003.000095,059003.000271,0.222,3B,0.7172,353.735,0
9.7,50861.4144,0.1034,1747.91,059003.000047,059003.000222,-0.2057,2D,1.8651,640.877,0
9.7,50776.5068,0.1031,23101.78,059003.000063,059003.000250,0.095,2C,1.4153,1688.824,0
9.7,50622.573,0.1025,2273.52,059003.000217,059003.000564,0.0,2B,0.5122,3965.243,0
9.7,50522.6076,0.1021,11249.57,059003.000131,059003.000289,-0.4634,5D,2.5498,342.689,0
9.7,50509.8803,0.204,56173.0,059003.000049,059003.000225,0.2149,2B,0.324,31949.116,0
9.7,50451.2676,0.1018,2791.45,059003.000115,059003.000442,0.5344,5B,0.5206,1381.463,0
9.7,50443.8109,0.1017,1115.71,059003.000067,059003.000253,0.3081,4B,0.5294,521.623,0
9.7,50430.4337,0.1017,5570.7,059003.000128,059003.000285,0.1561,2B,0.6372,2275.233,0
9.7,50234.4821,0.1009,545.68,059003.000141,059003.000297,0.6203,5A,0.6297,338.149,0
9.7,50214.6344,0.1008,3267.21,059003.000101,059003.000271,-0.0571,2D,1.7157,193.923,0
9.7,50099.2861,0.1004,1613.72,059003.000069,059003.000252,0.1803,2D,1.8587,277.7,0
9.7,50052.2105,0.1002,535.22,059003.000060,059003.000238,-0.2171,3G,0.4249,11965.759,0
9.7,49990.1072,0.0999,1063.36,059003.000067,059003.000249,-0.2748,3G,0.5074,16918.555,0
9.7,49952.3678,0.0998,1059.08,059003.000097,059003.000268,0.186,2G,0.5087,4435.334,0
9.7,49726.6112,0.0989,1550.52,059003.000097,059003.000267,-0.4421,5A,0.5632,2299.964,0
9.7,49402.8295,0.1952,9979.3,059003.000148,059003.000448,0.4951,3G,0.5173,36141.33,0
9.7,49393.5357,0.0976,49845.79,059003.000054,059003.000222,0.2927,4A,0.3567,64947.985,0
9.7,49281.9462,0.0971,9847.85,059003.000179,059003.000311,-0.3975,5B,0.4306,6347.615,0
9.7,49271.1965,0.0971,983.62,059003.000119,059003.000440,0.1458,2G,0.4333,23763.149,0
9.7,49225.5699,0.0969,195738.37,059003.000060,059003.000231,-0.19,2A,0.3564,202136.725,0
9.7,49123.1273,0.0965,483.84,059003.000138,059003.000292,0.0541,2C,1.3186,62.974,0
9.7,49060.9989,0.0962,480.52,059003.000180,059003.000311,0.3509,4A,0.4221,474.651,0
9.7,48887.6093,0.0956,4713.32,059003.000149,059003.000447,0.5458,5B,0.7327,2054.515,0
9.7,48789.3295,0.0952,9323.48,059003.000062,059003.000231,-0.2566,3B,0.5187,26505.401,0
9.7,48732.3365,0.095,926.4,059003.000063,059003.000233,-0.079,2C,1.3044,7437.142,0
9.7,48629.5998,0.0946,2289.34,059003.000050,059003.000213,0.0089,2C,1.0149,29129.529,0
9.7,48611.0977,1.1338,45691.1,059003.000059,059003.000226,-0.0793,2D,2.4043,135999.213,0
9.7,48598.4379,0.0944,2281.29,059003.000114,059003.000437,0.2252,3B,0.559,6710.085,0
9.7,48538.4063,0.0942,4531.67,059003.000072,059003.000241,-0.03,2A,0.3373,3788.09,0
9.7,48468.892,0.0939,449.6,059003.000063,059003.000229,0.0398,2G,1.4718,11093.062,0
9.7,48464.8278,0.0939,898.79,059003.000439,059003.000568,-0.2753,3G,0.5164,242.19,0
9.7,48460.11,0.0939,2245.78,059003.000089,059003.000260,-0.3063,4A,0.6553,3371.669,0
9.7,48406.0865,0.0937,4464.02,059003.000067,059003.000236,-0.073,2G,0.4126,41327.813,0
9.7,48406.0865,0.0937,4464.02,059003.000146,059003.000295,0.3088,4A,0.4513,6667.749,0
9.7,48300.9639,0.0933,22053.69,059003.000158,059003.000302,0.8455,5G,0.596,6003.424,0
9.7,48243.966,0.0931,1314.61,059003.000098,059003.000265,-0.1304,2G,0.4882,7817.908,0
9.7,48231.7774,0.093,8751.78,059003.000075,059003.000247,0.2497,3G,0.3466,68646.476,0
9.7,48167.54,0.0928,1303.11,059003.000079,059003.000252,0.133,2G,0.6942,34525.328,0
9.7,48148.2566,0.0927,1300.22,059003.000194,059003.000550,-0.2669,3B,0.8016,391.224,0
9.7,48007.8882,0.0922,426.43,059003.000161,059003.000452,0.0714,2G,0.5488,1566.748,0
9.7,48005.7698,0.0921,426.33,059003.000042,059003.000199,0.1241,2D,2.3476,11660.311,0
9.7,47872.484,0.0916,2098.88,059003.000082,059003.000252,-0.1466,2D,1.6306,246.867,0
9.7,47799.2187,0.0914,4162.02,059003.000074,059003.000240,0.1557,2G,0.4725,16848.387,0
9.7,47701.7156,0.091,2468.85,059003.000046,059003.000205,0.0676,2C,1.0604,15026.315,0
9.7,47699.375,0.091,2056.81,059003.000134,059003.000282,0.1285,2B,0.6954,3047.721,0
9.7,47691.5489,0.0909,41098.49,059003.000067,059003.000229,0.0412,2A,0.4911,44966.246,0
9.7,47678.5478,0.0909,41035.78,059003.000046,059003.000204,0.0313,2G,0.3855,333426.729,0
9.7,47562.9194,0.0905,8096.15,059003.000152,059003.000295,-0.061,2C,1.2262,609.844,0
9.7,47042.9207,0.0664,247535.09,059003.000066,059003.000225,-0.0053,2C,0.8056,52458.675,0
9.7,46798.1002,0.0657,337132.33,059003.000045,059003.000199,-0.0994,2B,0.4047,531737.32,0
9.7,46545.5896,0.065,37713.94,059003.000081,059003.000240,-0.0245,2A,0.4146,37832.141,0
9.7,46235.5809,0.1496,56956.52,059003.000091,059003.000252,0.2492,2B,0.4957,175102.696,0
9.7,46028.5397,0.0636,47772.46,059003.000138,059003.000280,-0.0883,2B,0.5416,16063.39,0
9.7,45976.11,0.0634,22879.82,059003.000081,059003.000236,-0.0234,2C,0.7098,3573.101,0
9.7,45976.11,0.0634,22879.82,059003.000111,059003.000259,0.105,2A,0.4546,17949.496,0
9.7,45974.5695,0.0634,22851.11,059003.000064,059003.000214,-0.1803,3B,0.3417,8677.999,0
9.7,45837.3006,0.063,122844.61,059003.000155,059003.000293,0.2165,4G,0.4571,27879.177,0
9.7,45556.291,0.0623,16558.76,059003.000069,059003.000219,-0.026,2G,0.4561,179298.849,0
9.7,45496.1198,0.0621,47572.88,059003.000114,059003.000262,-0.0967,2G,0.4626,284711.007,0
9.7,45415.43,1.0105,104871.86,059003.000205,059003.000559,-1.28,2G,0.7209,1605.451,0
9.7,45415.43,1.0105,104871.86,059003.000067,059003.000216,2.44,3D,1.7728,4540.151,0
9.7,45308.8204,0.0616,13927.24,059003.000046,059003.000196,-0.0706,2G,0.8125,305543.37,0
9.7,45272.0101,0.0615,40764.39,059003.000540,059003.000232,-0.3882,5C,1.4645,2575.902,0
9.7,45266.1904,0.0615,81213.76,059003.000171,059003.000301,-0.0,2B,0.503,27470.625,0
9.7,45217.2205,0.0613,13105.44,059003.000105,059003.000255,0.0291,2B,1.3169,2209.894,0
9.7,45155.0206,0.0612,25175.33,059003.000072,059003.000218,-0.0506,2G,0.3808,7490.161,0
9.7,45142.0001,0.0611,12483.15,059003.000059,059003.000206,0.0002,2G,0.5977,354328.973,0
9.7,45116.2004,0.0611,12279.88,059003.000086,059003.000236,-0.0612,2A,0.6461,7894.297,0
9.7,45103.8907,0.061,12184.65,059003.000093,059003.000247,0.0323,2B,0.8261,45013.786,0
9.7,45059.76,0.0609,11852.29,059003.000079,059003.000227,-0.2639,5C,0.8642,59044.318,0
9.7,45019.1996,0.0608,11558.86,059003.000095,059003.000434,-0.1255,3B,1.486,1355.354,0
9.7,45019.1996,0.0608,11558.86,059003.000063,059003.000208,-0.0678,2B,0.7401,9429.228,0
9.7,44966.7596,0.0607,55978.91,059003.000049,059003.000197,-0.0232,2G,0.5724,879576.136,0
9.7,44916.191,0.1412,32586.54,059003.000089,059003.000240,-0.4193,3A,0.5166,27853.381,0
9.7,44907.9694,0.0605,64856.48,059003.000060,059003.000204,0.1409,3A,0.4701,71454.747,0
9.7,44907.9694,0.0605,64856.48,059003.000074,059003.000431,0.2046,4G,0.3738,8537.302,0
9.7,44903.9309,0.0605,75485.5,059003.000164,059003.000296,0.0517,2B,0.4576,128121.89,0
9.7,44722.2305,0.06,9718.27,059003.000079,059003.000225,-0.1313,3G,1.0209,161546.628,0
9.7,44679.0604,0.0599,75921.3,059003.000079,059003.000223,0.1013,2B,0.665,262553.011,0
9.7,44676.9693,0.0599,56876.03,059003.000172,059003.000299,0.1959,4G,0.4458,11286.496,0
9.7,44654.9812,0.0598,9366.75,059003.000108,059003.000255,-0.0018,2B,0.539,21896.405,0
9.7,44652.7106,0.0598,18710.51,059003.000074,059003.000217,0.2357,4C,1.1864,2852.59,0
9.7,44604.6607,0.0597,9117.35,059003.000147,059003.000287,0.1414,3A,0.5247,10635.336,0
9.7,44589.8299,0.1392,81413.7,059003.000096,059003.000241,0.004,2G,0.3368,265085.956,0
9.7,44569.3809,1.1401,8949.09,059003.000145,059003.000286,1.1496,2B,0.3429,6001.318,0
9.7,44539.6109,0.0595,52867.12,059003.000173,059003.000299,-0.1727,3A,0.5017,85831.48,0
9.7,44519.4306,0.0595,8719.77,059003.000121,059003.000264,0.1325,3B,0.4676,14488.883,0
9.7,44446.8498,0.0593,67233.4,059003.000076,059003.000221,0.1429,3A,0.5576,42489.703,0
9.7,44409.8095,0.0592,74256.79,059003.000082,059003.000224,-0.0107,2B,0.3805,129481.793,0
9.7,44383.9705,0.0591,57026.56,059003.000082,059003.000223,-0.2121,4B,0.4379,20198.241,0
9.7,44365.8003,0.059,8074.85,059003.000102,059003.000435,-0.0972,2G,0.4707,58755.874,0
9.7,44333.7297,0.059,15901.72,059003.000163,059003.000294,1.1479,5G,0.4965,64842.338,0
9.7,44298.7796,0.0589,7819.64,059003.000152,059003.000288,0.8359,5G,0.4985,36140.04,0
9.7,44295.871,0.1373,39044.48,059003.000083,059003.000222,0.0063,2B,0.4142,15609.628,0
9.7,44294.1497,0.0589,62420.41,059003.000064,059003.000204,0.0481,2G,0.6423,11855.684,0
9.7,44250.2507,0.0587,22931.75,059003.000119,059003.000259,0.2942,5G,0.5815,4458.634,0
9.7,44114.1295,0.0584,57508.6,059003.000143,059003.000280,0.0743,2A,0.5108,37772.152,0
9.7,44085.0799,0.0583,7098.1,059003.000211,059003.000347,0.2104,4A,0.606,4295.603,0
9.7,44044.4696,0.0582,6975.32,059003.000086,059003.000228,0.0606,2G,0.366,35427.359,0
9.7,44019.7905,0.0581,62124.75,059003.000099,059003.000239,-0.103,2B,0.435,179183.615,0
9.7,43966.2504,0.058,33752.24,059003.000172,059003.000297,-0.4791,5A,0.5539,38102.122,0
9.7,43929.66,0.0579,26601.04,059003.000098,059003.000238,0.1388,3B,0.415,16486.747,0
9.7,43892.4708,0.0578,6551.56,059003.000072,059003.000210,0.0556,2B,0.4678,19064.841,0
9.7,43872.101,0.0577,45491.51,059003.000104,059003.000243,-0.0836,2B,0.6472,13000.28,0
9.7,43861.4691,0.0577,6471.6,059003.000105,059003.000243,-0.0219,2D,3.0928,3969.698,0
9.7,43826.1801,0.0576,57447.81,059003.000085,059003.000222,0.0513,2D,1.6539,4988.704,0
9.7,43750.4005,0.0574,6201.64,059003.000147,059003.000283,-0.3466,5A,0.5087,8940.43,0
9.7,43746.8209,0.0574,6193.35,059003.000112,059003.000254,-0.2057,4B,0.3904,2763.33,0
9.7,43728.4806,0.0574,43058.81,059003.000111,059003.000251,-0.0271,2G,0.4255,12979.257,0
9.7,43717.2212,0.0573,6125.74,059003.000154,059003.000289,0.4155,5G,0.4326,99209.989,0
9.7,43706.4305,0.0573,6101.5,059003.000095,059003.000235,-0.1714,3E,3.3778,7.845,0
9.7,43640.3,0.1333,5957.63,059003.000120,059003.000258,-0.3273,3G,0.6453,1226.865,0
9.7,43630.5903,0.0571,5937.17,059003.000086,059003.000222,0.0442,2G,0.3651,29442.526,0
9.7,43615.6592,0.1331,47248.16,059003.000045,059003.000195,0.1934,2B,0.4784,16629.313,0
9.7,43598.1296,0.057,5869.94,059003.000045,059003.000194,0.081,2G,0.7014,70154.671,0
9.7,43523.5901,0.0568,5722.23,059003.000080,059003.000217,-0.131,3B,1.0074,1143.738,0
9.7,43513.911,0.0568,17111.13,059003.000108,059003.000247,0.0625,2D,2.9816,2403.079,0
9.7,43484.381,0.0567,33888.7,059003.000160,059003.000292,0.0706,2A,0.5641,37478.557,0
9.7,43478.8294,0.0567,5637.82,059003.000540,059003.000431,0.3517,5G,0.3502,48399.236,0
9.7,43417.1698,0.0565,5526.53,059003.000087,059003.000224,-0.1777,4B,0.7673,2350.915,0
9.7,43408.3502,0.0565,33066.4,059003.000177,059003.000300,0.2925,5A,0.4852,39806.076,0
9.7,43406.9199,0.1319,27542.85,059003.000074,059003.000209,0.0666,2A,0.5733,39445.448,0
9.7,43391.4401,0.0565,10963.47,059003.000203,059003.000342,0.0406,2B,0.6954,4425.975,0
9.7,43316.2593,0.0563,53561.8,059003.000070,059003.000206,0.1008,2G,0.4924,430911.119,0
9.7,43276.4894,0.0562,21171.37,059003.000138,059003.000274,-0.0806,2E,2.2614,287.324,0
9.7,43272.0895,0.0562,5285.96,059003.000195,059003.000321,0.1001,2B,0.6669,13850.964,0
9.7,43204.6499,0.056,10367.13,059003.000083,059003.000217,0.1771,4D,1.7835,353.307,0
9.7,43193.3604,0.056,5166.97,059003.000098,059003.000233,-0.1034,2B,1.4933,2041.386,0
9.7,43176.5409,0.0559,10285.07,059003.000148,059003.000281,0.0425,2B,1.0933,1940.424,0
9.7,43154.3201,0.0559,5110.77,059003.000158,059003.000288,0.0283,2B,0.5571,2264.424,0
9.7,43130.3112,0.0558,50770.96,059003.000539,059003.000207,0.0163,2B,0.5195,156887.624,0
9.7,43075.3706,0.0557,5002.5,059003.000208,059003.000550,-0.0208,2B,0.7026,1358.413,0
9.7,43062.9298,0.0556,29916.44,059003.000074,059003.000207,-0.1344,3B,0.7983,21621.47,0
9.7,43062.9298,0.0556,29916.44,059003.000157,059003.000287,-0.1117,3B,0.5069,11822.333,0
9.7,43000.5007,0.1294,19624.57,059003.000120,059003.000257,0.0797,2G,0.4221,6232.472,0
9.7,42982.9693,0.0554,39075.43,059003.000081,059003.000216,0.0053,2G,0.5078,150106.585,0
9.7,42976.0796,0.0554,4875.98,059003.000211,059003.000344,0.176,4B,0.4553,8509.344,0
9.7,42974.4192,0.0554,4873.95,059003.000079,059003.000214,0.1668,4G,0.586,49018.131,0
9.7,42929.9099,0.0553,43385.39,059003.000098,059003.000229,0.0094,2B,0.5518,80245.661,0
9.7,42926.2092,0.0553,43346.25,059003.000175,059003.000294,-1.1822,5A,0.5347,30723.054,0
9.7,42881.3203,0.0552,19058.23,059003.000070,059003.000203,-0.2019,4B,1.2859,5891.527,0
9.7,42743.1509,0.0548,4617.03,059003.000112,059003.000435,-0.327,5B,0.5117,14761.074,0
9.7,42734.4799,0.1278,13824.98,059003.000085,059003.000217,-0.257,3A,0.6544,19602.774,0
9.7,42598.0508,0.0544,8958.78,059003.000225,059003.000348,-0.0851,2D,2.9748,127.437,0
9.7,42556.5498,0.0543,13329.03,059003.000102,059003.000232,-0.0499,2C,0.7745,2263.428,0
9.7,42475.2801,0.0541,8750.73,059003.000080,059003.000211,0.1635,4G,0.6536,38513.319,0
9.7,42458.8002,0.0541,13086.62,059003.000111,059003.000239,-0.1221,3A,0.4504,20372.286,0
9.7,42440.0297,0.054,17389.77,059003.000149,059003.000279,-0.0049,2C,0.786,3677.688,0
9.7,42393.4207,0.0539,17247.15,059003.000084,059003.000213,-0.0915,2B,0.8693,6050.95,0
9.7,42382.5512,0.0539,21518.37,059003.000105,059003.000231,0.0979,2G,0.4003,99661.52,0
9.7,42364.3897,0.1256,21451.42,059003.000100,059003.000228,-0.1576,2B,0.4511,11284.227,0
9.7,42360.7297,0.0538,21438.05,059003.000072,059003.000202,0.0751,2G,0.4951,4374.846,0
9.7,42357.5509,0.0538,12855.89,059003.000062,059003.000197,0.0211,2B,1.5244,3537.101,0
9.7,42350.0593,0.0538,25679.19,059003.000162,059003.000290,-0.0108,2A,0.5141,16716.676,0
9.7,42288.9806,0.0536,33894.9,059003.000087,059003.000217,0.1027,2B,0.3155,13306.904,0
9.7,42278.2009,0.0536,29606.53,059003.000114,059003.000244,-0.0672,2B,0.672,95823.576,0
9.7,42265.8598,0.0536,33769.31,059003.000216,059003.000343,0.0493,2B,0.4448,16728.104,0
9.7,42219.92,0.0535,20954.41,059003.000075,059003.000204,-0.0726,2G,0.3883,109858.967,0
9.7,42212.7009,0.0534,41862.32,059003.000173,059003.000445,-0.1307,3B,0.434,86067.477,0
9.7,42199.9192,0.0534,8356.14,059003.000220,059003.000554,-0.2199,5G,0.5375,1838.318,0
9.7,42190.4806,0.0534,25032.6,059003.000073,059003.000202,0.06,2B,0.5634,46222.754,0
9.7,42112.5004,0.0532,24747.57,059003.000207,059003.000545,-0.0251,2A,0.4388,16021.452,0
9.7,42074.5712,0.1239,12307.87,059003.000101,059003.000228,0.14,2A,0.4663,16261.73,0
9.7,42036.1309,0.1237,12243.25,059003.000134,059003.000266,0.1299,2B,1.3539,2439.592,0
9.7,42031.8208,0.1236,40787.13,059003.000112,059003.000240,0.2632,3C,0.7359,6130.123,0
9.7,42029.0501,0.053,16308.78,059003.000120,059003.000252,-0.1085,3B,0.4375,26869.484,0
9.7,42025.5197,0.053,4075.26,059003.000089,059003.000431,0.2077,4G,0.4575,26612.238,0
9.7,42012.7904,0.0529,16273.41,059003.000102,059003.000228,0.1464,3E,1.9395,331.427,0
9.7,41968.07,0.0528,24268.01,059003.000221,059003.000556,0.097,2G,0.6462,4591.375,0
9.7,41849.7006,0.0525,19931.27,059003.000217,059003.000343,-0.0478,2G,0.47,4088.612,0
9.7,41828.6497,0.0525,19882.41,059003.000226,059003.000559,0.0379,2E,2.3143,176.644,0
9.7,41554.0194,0.0518,27047.94,059003.000074,059003.000201,-0.1874,4G,0.4778,287137.711,0
9.7,41456.4191,0.0516,19149.52,059003.000102,059003.000432,-0.1945,4G,0.3417,4512.474,0
9.7,41306.2401,0.0512,3782.41,059003.000175,059003.000292,-0.0708,2G,0.4884,30179.375,0
9.7,41281.0913,0.0511,3774.98,059003.000095,059003.000217,-0.0445,2G,0.4616,12670.746,0
9.7,41240.3806,0.051,22579.46,059003.000087,059003.000211,0.1072,3A,0.4397,19699.94,0
9.7,41233.789,0.051,11284.13,059003.000214,059003.000340,-0.1687,4G,0.6396,2395.301,0
9.7,41214.941,0.051,37560.8,059003.000096,059003.000219,-0.1256,3B,0.9,9060.524,0
9.7,41158.0799,0.0508,3740.52,059003.000145,059003.000438,-0.2181,5E,1.7364,119.618,0
9.7,41145.8013,0.0508,11211.7,059003.000120,059003.000246,0.0985,2G,0.5332,2939.078,0
9.7,41144.1107,0.1185,37367.84,059003.000198,059003.000322,-0.0889,2B,0.6683,11848.678,0
9.7,41120.5,0.0507,33574.95,059003.000129,059003.000257,-0.024,2G,0.3995,109416.255,0
9.7,41088.3011,0.0506,3722.2,059003.000212,059003.000337,0.1282,3B,0.7897,4216.897,0
9.7,40949.6989,0.0503,3687.95,059003.000086,059003.000207,-0.0445,2C,0.7468,20288.217,0
9.7,40813.3313,0.1166,3656.37,059003.000158,059003.000279,0.022,2A,0.5184,5905.832,0
9.7,40799.9001,0.0499,18266.71,059003.000204,059003.000330,0.0093,2G,0.5842,4795.507,0
9.7,40777.4106,0.1164,3648.3,059003.000084,059003.000204,-0.0626,2D,2.2574,122.902,0
9.7,40760.1611,0.0498,3644.45,059003.000113,059003.000230,-0.0109,2G,0.7986,78449.719,0
9.7,40724.7499,0.0497,7273.21,059003.000123,059003.000243,-0.1969,4B,0.7001,9857.956,0
9.7,40718.4308,0.0497,7270.42,059003.000072,059003.000197,-0.1071,3G,0.4272,38372.081,0
9.7,40706.1012,0.0497,3632.49,059003.000082,059003.000203,-0.1428,3D,1.8565,470.302,0
9.7,40701.7994,0.0497,3631.55,059003.000087,059003.000208,0.0508,2B,1.0107,7711.298,0
9.7,40651.5791,0.1157,36205.37,059003.000098,059003.000216,0.1963,2B,1.106,6605.076,0
9.7,40608.5811,0.0495,3611.15,059003.000150,059003.000440,0.048,2G,0.5174,856.823,0
9.7,40550.3894,0.0493,21590.79,059003.000198,059003.000319,0.002,2G,0.6414,5454.691,0
9.7,40537.1904,0.115,21573.5,059003.000146,059003.000274,0.0031,2D,1.869,2206.25,0
9.7,40507.2494,0.0492,7178.07,059003.000102,059003.000217,-0.1399,3B,0.4648,2409.797,0
9.7,40500.2295,0.0492,35874.97,059003.000096,059003.000213,0.138,3G,0.6046,156299.961,0
9.7,40283.0315,0.0487,3538.68,059003.000135,059003.000261,0.0684,2G,0.6853,30544.856,0
9.7,40269.9493,0.0486,14142.48,059003.000147,059003.000273,0.1548,4A,0.5325,18960.599,0
9.7,40263.4799,0.1135,17670.52,059003.000108,059003.000221,-0.2662,3C,0.7148,2253.623,0
9.7,40263.4799,0.1135,17670.52,059003.000119,059003.000237,0.3143,3B,0.6076,52891.926,0
9.7,40243.8299,0.0486,3529.47,059003.000226,059003.000552,-0.077,2G,0.7876,53509.141,0
9.7,40190.5308,0.0484,7033.36,059003.000106,059003.000220,-0.1116,3A,0.4683,4412.641,0
9.7,40187.0603,0.0484,10547.51,059003.000244,059003.000348,0.1603,4B,0.5907,20809.324,0
9.7,40180.3298,0.113,28113.55,059003.000089,059003.000207,-0.2816,3B,0.5397,54408.022,0
9.7,40155.1004,0.0484,31571.84,059003.000151,059003.000438,0.1431,3D,2.9441,801.859,0
9.7,40140.7103,0.0483,3504.4,059003.000141,059003.000268,-0.0259,2A,0.4497,4842.628,0
9.7,40132.1409,0.0483,3502.25,059003.000135,059003.000259,-0.2415,5G,0.3949,987.251,0
9.7,40111.4113,0.0483,20982.1,059003.000062,059003.000195,0.078,2B,0.388,13490.28,0
9.7,40093.871,0.0482,3492.53,059003.000062,059003.000194,-0.0451,2G,0.3617,916.017,0
9.7,40088.7799,0.0482,3491.22,059003.000227,059003.000552,0.063,2B,0.5905,1306.705,0
9.7,40068.4002,0.0482,6971.88,059003.000082,059003.000200,-0.093,2B,0.9061,2437.969,0
9.7,40062.7811,0.0481,24391.29,059003.000175,059003.000288,-0.5803,5B,0.5186,8202.404,0
9.7,40058.2715,0.0481,3483.29,059003.000235,059003.000346,0.0457,2D,1.882,1121.695,0
9.7,40056.9789,0.0481,3482.95,059003.000201,059003.000542,-0.1141,3G,0.603,43056.785,0
9.7,40032.1103,0.0481,3476.36,059003.000234,059003.000345,0.3686,5D,2.7585,64.48,0
9.7,40028.1205,0.0481,3475.29,059003.000247,059003.000560,0.1314,3B,0.8046,2029.225,0
9.7,39984.181,0.048,3463.34,059003.000239,059003.000347,-0.0598,2D,2.4618,68.903,0
9.7,39965.3306,0.0479,6916.2,059003.000150,059003.000277,0.0594,2A,0.5822,6125.794,0
9.7,39947.1813,0.0479,3452.99,059003.000108,059003.000220,-0.1375,3B,1.119,15163.608,0
9.7,39946.0694,0.0479,3452.67,059003.000063,059003.000194,-0.0658,2G,0.4667,33520.394,0
9.7,39941.1891,0.0479,10353.86,059003.000097,059003.000210,-0.0678,2B,0.7964,16250.17,0
9.7,39933.8693,0.0478,6898.4,059003.000064,059003.000195,0.0891,2B,0.5078,17234.407,0
9.7,39918.5389,0.0478,3444.79,059003.000097,059003.000209,0.1331,3C,1.1236,293.121,0
9.7,39913.569,0.0478,3443.35,059003.000119,059003.000234,-0.023,2B,0.7611,8162.392,0
9.7,39902.3215,0.0478,10320.2,059003.000180,059003.000449,0.0472,2D,1.8436,922.933,0
9.7,39880.5909,0.0477,3433.65,059003.000158,059003.000278,-0.3835,5A,0.3769,2474.87,0
9.7,39850.3592,0.0476,23971.85,059003.000075,059003.000196,-0.0079,2B,1.4699,3493.677,0
9.7,39800.1399,0.1109,3408.96,059003.000126,059003.000246,-0.266,3C,1.2923,206.149,0
9.7,39772.7112,0.0474,3400.18,059003.000248,059003.000560,-0.1437,4G,0.6159,32262.019,0
9.7,39767.67,0.0474,6797.08,059003.000153,059003.000440,-0.0792,2B,0.3243,2923.342,0
9.7,39751.4702,0.0474,23752.71,059003.000210,059003.000331,-0.1566,4B,0.5794,52342.163,0
9.7,39738.0491,0.0474,3388.8,059003.000165,059003.000281,0.0658,2A,0.335,3124.068,0
9.7,39706.6704,0.0473,3378.23,059003.000229,059003.000551,0.0942,2G,0.5758,19921.588,0
9.7,39669.8814,0.0472,6730.98,059003.000225,059003.000342,-0.1768,4B,1.5358,23924.246,0
9.7,39648.1699,0.0472,6715.58,059003.000223,059003.000341,-0.0262,2A,0.5717,7632.327,0
9.7,39623.1805,0.0471,10046.27,059003.000222,059003.000547,0.0882,2G,0.5949,1903.4,0
9.7,39599.8212,0.1097,26721.13,059003.000084,059003.000199,-0.0645,2B,0.8412,14880.127,0
9.7,39543.4313,0.0469,23230.53,059003.000119,059003.000229,0.1261,3G,0.5478,6638.289,0
9.7,39532.4189,0.0469,6628.66,059003.000239,059003.000557,-0.2284,5G,0.5904,55274.875,0
9.7,39457.171,0.109,19702.62,059003.000263,059003.000562,0.0,2G,0.5969,97980.898,0
9.7,39449.3301,0.1089,29524.27,059003.000246,059003.000559,-0.1643,2B,0.5859,90522.266,0
9.7,39404.9603,0.0466,9784.27,059003.000172,059003.000284,-0.0643,2B,0.9118,9124.397,0
9.7,39368.4204,0.0465,9735.62,059003.000180,059003.000447,0.5108,5G,0.5938,54985.453,0
9.7,39332.2294,0.0464,3228.66,059003.000227,059003.000342,-0.1667,4A,0.52,3912.179,0
9.7,39325.3607,0.0464,3225.47,059003.000296,059003.000567,0.0,2D,2.7306,80.297,0
9.7,39235.1514,0.0462,6363.65,059003.000210,059003.000327,-0.1288,3A,0.6629,5043.991,0
9.7,39234.3513,0.0462,3181.43,059003.000093,059003.000206,-0.0245,2G,0.5477,49945.84,0
9.7,39203.1513,0.0461,15827.9,059003.000108,059003.000215,0.1578,4A,0.37,13647.559,0
9.7,39195.4594,0.0461,15808.07,059003.000213,059003.000331,0.1195,3A,0.604,20394.044,0
9.7,39184.7402,0.0461,22092.34,059003.000227,059003.000546,0.0,2G,0.5954,198278.666,0
9.7,39181.1497,0.046,12616.69,059003.000132,059003.000255,0.0709,2G,0.5331,76461.23,0
9.7,39177.7406,0.046,15761.94,059003.000234,059003.000549,0.0198,2B,1.1703,3360.23,0
9.7,39159.2112,0.046,3142.6,059003.000437,059003.000563,0.0535,2G,0.363,672.618,0
9.7,39118.3887,0.0459,12482.18,059003.000108,059003.000213,0.0362,2B,0.6316,5977.876,0
9.7,39101.3688,0.0459,9333.43,059003.000105,059003.000209,-0.0543,2A,0.6649,7948.836,0
9.7,39092.3012,0.0458,3106.09,059003.000202,059003.000320,0.1955,5G,0.5892,47094.705,0
9.7,39071.5204,0.0458,6188.73,059003.000236,059003.000553,0.3014,5B,0.6823,13986.23,0
9.7,39062.5499,0.0458,3089.25,059003.000235,059003.000550,-0.2462,5G,0.6709,39679.07,0
9.7,38998.9312,0.0456,6103.94,059003.000154,059003.000276,-0.0725,2D,2.735,5194.906,0
9.7,38991.8313,0.0456,12190.8,059003.000236,059003.000551,-0.093,3B,0.7134,8252.071,0
9.7,38984.3592,0.0456,3043.18,059003.000127,059003.000239,-0.0738,2B,1.0397,1390.92,0
9.7,38973.8187,0.0456,3036.77,059003.000158,059003.000438,0.0239,2B,0.4335,5147.152,0
9.7,38972.2807,0.0456,3035.83,059003.000160,059003.000442,-0.1071,3A,0.5538,2066.179,0
9.7,38877.1891,0.0453,2975.72,059003.000246,059003.000557,0.3417,5B,0.5622,1126.209,0
9.7,38867.7602,0.0453,11878.15,059003.000228,059003.000544,0.1098,3B,0.4393,4880.141,0
9.7,38852.0599,0.0453,8877.48,059003.000229,059003.000547,0.0312,2A,0.5794,7878.85,0
9.7,38828.1701,0.0452,2943.16,059003.000237,059003.000549,0.023,2G,0.6508,44890.6,0
9.7,38808.3116,0.0452,5859.33,059003.000245,059003.000346,0.0888,2B,0.7387,6160.085,0
9.7,38780.39,0.0451,2910.39,059003.000240,059003.000344,-0.3212,5G,0.4485,11025.483,0
9.7,38771.3403,0.0451,5808.13,059003.000245,059003.000556,-0.0735,2A,0.5542,6484.829,0
9.7,38748.5704,0.045,5775.99,059003.000179,059003.000295,-0.0251,2B,1.301,4195.008,0
9.7,38744.4897,0.1051,5770.18,059003.000227,059003.000339,0.1553,2G,0.5897,74760.144,0
9.7,38707.3689,0.0449,2858.32,059003.000244,059003.000345,0.3555,5A,0.5625,2905.853,0
9.7,38663.4397,0.0448,2825.84,059003.000084,059003.000197,0.0914,3B,1.157,6133.609,0
9.7,38657.0112,0.1046,2821.01,059003.000153,059003.000272,-0.3986,4A,0.5246,4242.729,0
9.7,38626.7699,0.0448,2798.06,059003.000181,059003.000300,-0.1834,5B,0.8613,1950.737,0
9.7,38602.8596,0.1043,25016.62,059003.000181,059003.000299,-0.0646,2G,0.493,7376.415,0
9.7,38566.039,0.0446,13753.67,059003.000252,059003.000559,0.0004,2A,0.6308,23541.675,0
9.7,38556.3597,0.0446,2743.04,059003.000246,059003.000345,-0.3001,5G,0.4972,22814.603,0
9.7,38555.0688,0.0446,2742.01,059003.000145,059003.000267,0.0184,2G,0.3125,10212.501,0
9.7,38527.1792,0.1039,2719.59,059003.000180,059003.000295,0.2793,3D,2.1316,110.293,0
9.7,38488.8586,0.0444,10752.92,059003.000218,059003.000331,-0.1121,3G,0.6544,1946.536,0
9.7,38435.4687,0.1034,2643.47,059003.000134,059003.000253,0.017,2E,1.7535,91.219,0
9.7,38410.7113,0.0443,5244.61,059003.000433,059003.000344,0.1968,5A,0.4501,5093.544,0
9.7,38323.591,0.0441,10183.08,059003.000232,059003.000544,-0.1038,3A,0.4575,8167.1,0
9.7,38298.2209,0.044,5045.79,059003.000227,059003.000335,-0.068,2G,0.4751,45912.523,0
9.7,38292.93,0.044,7554.28,059003.000252,059003.000558,-0.0112,2A,0.5642,6606.189,0
9.7,38262.9418,0.0439,7471.99,059003.000251,059003.000557,-0.1202,3B,0.7229,2880.222,0
9.7,38199.1908,0.0438,7293.57,059003.000215,059003.000324,0.1306,3G,0.4892,2211.388,0
9.7,38193.3115,0.0438,14553.77,059003.000186,059003.000453,-0.0001,2B,0.3272,40170.006,0
9.7,38184.0108,0.0437,4833.61,059003.000111,059003.000210,-0.1165,3B,0.6281,16524.945,0
9.7,38174.3091,0.4225,2407.56,059003.000245,059003.000343,0.0297,2G,0.4652,8280.202,0
9.7,38162.0711,0.1019,4791.72,059003.000251,059003.000346,-0.0111,2D,2.8243,716.946,0
9.7,38137.1612,0.0436,4743.74,059003.000236,059003.000547,-0.2157,5A,0.6467,4026.128,0
9.7,38126.4799,0.1017,2361.52,059003.000180,059003.000294,0.5867,5A,0.3064,2084.324,0
9.7,38082.5403,0.0435,11592.54,059003.000085,059003.000196,-0.0482,2G,0.5646,104637.615,0
9.7,38010.2703,0.0433,2246.39,059003.000266,059003.000561,0.0027,2B,0.5924,1080.852,0
9.7,37843.3886,0.043,6222.09,059003.000119,059003.000220,0.0567,2B,0.3145,10240.548,0
9.7,37776.7997,0.0428,2003.35,059003.000151,059003.000268,-0.0385,2A,0.6188,3069.991,0
9.7,37772.179,0.0428,11990.5,059003.000168,059003.000278,0.3237,5G,0.5531,2956.926,0
9.7,37749.1699,0.0997,15790.13,059003.000166,059003.000441,0.0,2D,2.5702,1259.219,0
9.7,37724.7103,0.0427,1947.46,059003.000135,059003.000249,0.105,3D,1.7607,692.852,0
9.7,37636.6904,0.0991,37040.51,059003.000087,059003.000196,-0.039,2B,0.6535,11502.218,0
9.7,37629.2413,0.0425,1843.9,059003.000246,059003.000548,0.1165,3B,0.7474,2562.159,0
9.7,37511.4294,0.0422,6859.07,059003.000125,059003.000222,-0.0023,2A,0.5412,5708.422,0
9.7,37507.8111,0.0422,1710.79,059003.000099,059003.000199,0.0523,2B,0.2971,3993.017,0
9.7,37374.8003,0.0978,7821.97,059003.000160,059003.000272,0.3481,4B,0.497,4397.995,0
9.7,37298.1214,0.0417,7401.44,059003.000112,059003.000208,0.281,5B,0.7101,2727.48,0
9.7,37264.7606,0.0417,1443.86,059003.000119,059003.000216,-0.0269,2G,0.4244,5085.865,0
9.7,37247.4009,0.0416,4274.85,059003.000091,059003.000197,-0.003,2G,0.6015,33293.089,0
9.7,37238.2616,0.402,8490.07,059003.000135,059003.000245,-0.4828,2G,0.6472,1538.807,0
9.7,37145.8898,0.5,7891.77,059003.000104,059003.000200,1.0088,3B,0.407,3143.333,0
9.7,37135.5602,0.0414,5216.96,059003.000133,059003.000239,-0.0242,2G,0.5235,39801.051,0
9.7,37103.1205,0.0413,3808.99,059003.000256,059003.000345,-0.3292,5A,0.4991,3370.928,0
9.7,37095.6095,0.0413,2523.38,059003.000158,059003.000270,0.0008,2A,0.546,4160.915,0
9.7,37077.9106,0.0412,1242.95,059003.000135,059003.000243,0.189,5A,0.6491,1353.31,0
9.7,37060.6996,0.0961,1224.8,059003.000127,059003.000224,-0.1788,2B,0.7212,4770.982,0
9.7,37016.4293,0.0411,1178.47,059003.000131,059003.000231,-0.0443,2G,0.4985,23389.267,0
9.7,36941.1192,0.0409,1100.93,059003.000156,059003.000269,-0.0512,2G,0.6708,179.336,0
9.7,36934.2588,0.0409,2187.91,059003.000156,059003.000268,0.0508,2B,0.4481,3951.099,0
9.7,36924.2611,0.3953,9754.36,059003.000246,059003.000340,0.0021,2B,0.4831,3317.904,0
9.7,36872.9093,0.0952,9290.48,059003.000134,059003.000239,-0.1158,2A,0.485,9004.576,0
9.7,36865.0802,0.0408,5122.5,059003.000163,059003.000274,0.0822,3B,0.4492,9187.619,0
9.7,36824.9787,0.0407,985.02,059003.000263,059003.000348,-0.0714,2G,0.6134,181.36,0
9.7,36754.21,0.0405,2750.7,059003.000137,059003.000434,0.0008,2B,0.4463,6757.944,0
9.7,36748.9703,0.0945,7295.5,059003.000230,059003.000332,0.1174,2A,0.6245,4207.162,0
9.7,36690.51,0.0404,1714.77,059003.000160,059003.000436,0.0473,2G,0.5926,439.28,0
9.7,36683.081,0.0404,4252.8,059003.000134,059003.000238,0.0038,2E,2.2949,77.97,0
9.7,36648.6386,0.094,6554.03,059003.000183,059003.000293,0.1095,2B,0.5483,2749.427,0
9.7,36623.2384,0.0402,796.52,059003.000306,059003.000570,0.008,2B,0.42,1991.779,0
9.7,36611.0103,0.0402,785.69,059003.000230,059003.000331,-0.1462,4G,0.9907,40.174,0
9.7,36611.0103,0.0402,785.69,059003.000149,059003.000265,0.1121,3B,1.2864,118.488,0
9.7,36553.2407,0.0401,1471.01,059003.000249,059003.000547,0.0863,3G,0.6022,261.812,0
9.7,36446.3205,0.0398,5824.11,059003.000148,059003.000263,-0.0687,2G,1.5677,240.282,0
9.7,36420.9208,0.3846,2508.08,059003.000125,059003.000217,0.881,3G,0.587,11278.544,0
9.7,36255.0413,0.3811,5366.72,059003.000126,059003.000220,-0.0228,2B,0.2958,13567.977,0
9.7,36239.8885,0.0394,1799.92,059003.000247,059003.000336,0.0748,2A,0.4472,1165.888,0
9.7,36229.0018,0.3805,7231.4,059003.000132,059003.000230,0.3701,2G,0.4988,1386.02,0
9.7,36222.7886,0.0918,8155.71,059003.000141,059003.000255,0.0601,2B,0.4697,22755.559,0
9.7,36215.021,0.0393,2727.08,059003.000120,059003.000210,-0.087,3G,0.6772,13985.587,0
9.7,36032.3783,0.0389,3906.37,059003.000172,059003.000277,-0.0105,2B,0.7054,2441.303,0
9.7,36012.6702,0.376,983.98,059003.000240,059003.000543,0.2332,2B,0.3387,371.932,0
9.7,36010.8694,0.376,6892.58,059003.000257,059003.000552,0.7981,3A,0.5939,5852.234,0
9.7,35995.3589,0.0389,1980.96,059003.000180,059003.000290,0.0003,2B,0.8062,1116.908,0
9.7,35674.1085,0.0382,3338.89,059003.000141,059003.000251,-0.083,3G,0.4919,27919.199,0
9.7,35371.5083,0.0876,2459.83,059003.000125,059003.000211,0.073,2G,0.5092,12774.722,0
9.7,35337.4691,0.362,2486.12,059003.000153,059003.000264,0.7682,3B,0.7869,3322.22,0
9.7,35320.6711,0.0374,2499.08,059003.000142,059003.000249,0.0185,2B,0.3838,1622.597,0
9.7,35229.7008,0.1,8991.79,059003.000133,059003.000225,-0.0941,2C,0.7731,83961.348,0
9.7,35191.2912,0.0371,1299.26,059003.000151,059003.000258,-0.1413,4G,0.4752,4374.136,0
9.7,35186.6006,0.1,26021.14,059003.000133,059003.000223,0.2084,3A,0.4407,36692.048,0
9.7,35160.0212,0.0371,2622.43,059003.000115,059003.000200,-0.0575,2G,0.4173,607.327,0
9.7,35084.6718,0.0861,2679.77,059003.000187,059003.000302,-1.1585,5C,0.872,543.464,0
9.7,35075.78,0.0861,1343.26,059003.000446,059003.000565,-0.2626,4B,0.4561,3286.521,0
9.7,34983.9989,0.0856,2755.66,059003.000158,059003.000265,-0.174,3A,0.4065,4022.992,0
9.7,34897.5117,0.0365,4230.07,059003.000142,059003.000434,-0.0002,2G,0.6461,639.642,0
9.7,34606.6605,0.0359,1514.59,059003.000145,059003.000253,0.1852,5G,0.3988,13246.356,0
9.7,34472.9911,0.0832,3120.41,059003.000267,059003.000347,-0.2482,3B,0.596,1093.036,0
9.7,34467.9584,0.0356,9371.34,059003.000119,059003.000200,-0.0339,2E,3.0332,23.372,0
9.7,34408.2007,0.0355,1581.65,059003.000146,059003.000253,-0.2207,5B,1.0691,1108.848,0
9.7,34380.4484,0.0355,7953.42,059003.000153,059003.000258,0.1516,5B,0.7608,1960.381,0
9.7,34149.6601,0.035,6648.52,059003.000151,059003.000256,-0.0581,2B,0.3887,11556.61,0
9.7,34123.439,0.0349,11688.55,059003.000133,059003.000218,-0.0065,2B,0.9214,3565.594,0
9.7,34056.3807,0.1,11822.53,059003.000140,059003.000236,0.1605,2G,0.6073,66592.122,0
9.7,34045.692,0.0348,8459.61,059003.000187,059003.000447,-0.3581,5A,0.6597,5746.554,0
9.7,33750.3906,0.0797,3534.3,059003.000123,059003.000199,0.0005,2B,0.3507,1702.678,0
9.7,33749.0596,0.0342,3534.91,059003.000186,059003.000293,-0.0568,2C,1.408,193.593,0
9.7,33697.1497,0.0341,10674.61,059003.000148,059003.000250,0.066,2E,7.5566,0.423,0
9.7,33672.9894,0.1,71374.03,059003.000127,059003.000205,-0.0281,2G,0.5676,498685.434,0
9.7,33670.0408,0.034,10709.9,059003.000160,059003.000262,0.0312,2A,0.3345,12631.948,0
9.7,33614.3302,0.1,16169.73,059003.000160,059003.000261,0.052,2A,0.4501,10705.786,0
9.7,33559.2621,0.3265,14460.52,059003.000182,059003.000285,-0.0697,2G,0.5293,70103.445,0
9.7,33508.7001,0.0337,5451.22,059003.000145,059003.000433,-0.1091,4G,0.5697,92844.683,0
9.7,33501.5879,0.0785,9091.84,059003.000133,059003.000215,-0.1294,2G,0.5672,75488.052,0
9.7,33351.6104,0.0334,16589.53,059003.000146,059003.000244,0.1691,5D,1.8719,1080.677,0
9.7,33292.728,0.08,16665.9,059003.000149,059003.000435,-0.0268,2B,0.7145,19300.632,0
9.7,33285.5592,0.5,16674.74,059003.000142,059003.000233,0.2176,2D,2.7213,2027.203,0
9.7,33202.589,0.08,7453.2,059003.000139,059003.000225,-0.4396,5G,0.7495,157069.864,0
9.7,33053.9299,0.0765,3756.75,059003.000320,059003.000517,-0.0229,2B,0.5954,1056.457,0
9.7,33050.4586,0.08,3757.34,059003.000328,059003.000523,0.0001,2B,0.5655,1439.987,0
9.7,33049.1485,0.0764,13151.45,059003.000188,059003.000297,0.4759,5G,0.5102,236841.467,0
9.7,33044.5711,0.0327,5637.47,059003.000183,059003.000283,-0.1028,4G,0.5161,101339.436,0
9.7,33025.4387,0.0763,3761.39,059003.000316,059003.000511,-0.0003,2B,0.5718,1902.853,0
9.7,32984.3505,0.0326,5651.12,059003.000140,059003.000228,-0.0171,2G,0.5307,110828.439,0
9.7,32854.139,0.0324,1890.67,059003.000145,059003.000238,0.0381,2E,4.7141,0.268,0
9.7,32776.1023,0.0752,3785.87,059003.000192,059003.000449,-0.1174,2G,0.5081,32807.754,0
9.7,32721.8421,0.0749,13255.66,059003.000131,059003.000205,0.1686,3B,0.3719,7409.361,0
9.7,32574.7794,0.5,15137.01,059003.000150,059003.000244,-1.0232,3G,0.4928,57160.266,0
9.7,32335.9777,0.0314,9393.45,059003.000130,059003.000200,-0.1057,4G,0.3664,1930.439,0
9.7,32334.419,0.0314,5635.68,059003.000144,059003.000231,0.0404,2E,1.9117,99.47,0
9.7,31536.7693,0.0298,1740.1,059003.000277,059003.000346,0.0167,2E,1.7633,40.95,0
9.7,31535.7024,0.0298,1739.82,059003.000127,059003.000197,-0.0586,2G,0.4831,42584.125,0
9.7,31530.1692,0.0298,5215.21,059003.000161,059003.000256,-0.1213,5A,0.4595,7089.155,0
9.7,31455.2381,0.0692,15467.63,059003.000139,059003.000214,0.3188,5A,0.4876,23389.054,0
9.7,31401.0796,0.65,11925.94,059003.000141,059003.000219,0.0064,2A,0.4654,9500.435,0
9.7,31401.0796,0.65,11925.94,059003.000192,059003.000295,0.2343,2B,0.4826,5742.625,0
9.7,31329.2306,0.08,1683.14,059003.000133,059003.000202,0.2016,3C,0.8445,7889.644,0
9.7,31159.2797,0.0291,1631.16,059003.000142,059003.000217,-0.043,2G,0.5257,16668.269,0
9.7,31066.4809,0.08,4802.85,059003.000134,059003.000202,0.0111,2B,0.6405,13199.367,0
9.7,30662.5887,0.0282,4371.23,059003.000167,059003.000255,-0.0378,2A,0.5671,4332.826,0
9.7,30098.2807,0.0272,4936.36,059003.000161,059003.000247,0.0124,2A,0.568,3155.187,0
9.7,30077.2789,0.0633,1225.55,059003.000161,059003.000246,0.1986,4C,1.3469,94.187,0
9.7,29900.4502,0.0268,4613.75,059003.000152,059003.000432,0.0525,2C,0.8354,561.201,0
9.7,29689.4077,0.0264,5337.96,059003.000149,059003.000431,-0.1288,5A,0.5143,7657.698,0
9.7,29575.9915,0.08,153281.47,059003.000145,059003.000216,0.029,2A,0.4945,195393.79,0
9.7,29518.3091,0.0261,998.8,059003.000187,059003.000287,-0.0242,2G,0.5144,19688.914,0
9.7,29432.1781,0.08,33761.4,059003.000126,059003.000194,-0.1422,2A,0.4937,22027.193,0
9.7,29261.5499,0.0257,1796.05,059003.000039,059003.000177,0.0911,4G,0.5907,12003.86,0
9.7,29153.9323,0.1,5141.71,059003.000187,059003.000444,-0.0001,2B,0.5123,2539.974,0
9.7,28664.6727,0.0246,2726.86,059003.000187,059003.000283,0.1116,5A,0.5186,1774.258,0
9.7,28514.069,0.0244,1264.36,059003.000165,059003.000235,0.0494,3B,0.5409,663.873,0
9.7,28217.8727,0.0239,541.55,059003.000167,059003.000235,-0.0732,4B,0.3454,871.881,0
9.7,28217.4117,0.0239,2165.65,059003.000153,059003.000218,-0.0218,2B,0.3126,5527.342,0
9.7,28045.5386,0.08,4437.94,059003.000188,059003.000282,-0.0997,2G,0.4932,40631.837,0
9.7,28025.3219,0.0236,975.26,059003.000167,059003.000234,0.0996,5D,2.0256,36.516,0
9.7,27898.3498,0.0233,4088.46,059003.000077,059003.000186,-0.0052,2A,0.3805,3336.436,0
9.7,27675.5023,0.023,399.93,059003.000439,059003.000333,0.0159,2B,0.6028,139.55,0
9.7,27440.7131,0.1,3135.31,059003.000133,059003.000195,-0.0028,2B,0.46,1742.971,0
9.7,27361.1799,0.0224,2657.53,059003.000166,059003.000226,-0.0095,2B,1.191,3492.439,0
9.7,27336.71,0.0224,327.34,059003.000192,059003.000285,-0.0025,2B,0.5801,174.761,0
9.7,27275.2611,0.0223,315.43,059003.000178,059003.000242,0.0112,2G,0.5045,72.681,0
9.7,27267.6114,0.0223,627.95,059003.000148,059003.000205,-0.0658,3B,0.7066,2341.446,0
9.7,27160.6884,0.0221,294.21,059003.000134,059003.000194,-0.0511,3G,0.5357,4358.393,0
9.7,27156.0371,0.0221,880.13,059003.000191,059003.000281,-0.0211,2G,0.6285,153.803,0
9.7,27086.0929,0.022,281.07,059003.000144,059003.000200,-0.0198,2G,0.4043,2009.656,0
9.7,26985.7605,0.0218,264.22,059003.000552,059003.000425,0.0001,2B,0.3648,154.533,0
9.7,26793.821,0.0502,234.51,059003.000308,059003.000565,0.0482,2B,0.4584,147.464,0
9.7,26517.4302,0.0492,1380.26,059003.000036,059003.000155,0.0264,2G,0.4949,304.356,0
9.7,26496.7819,0.0211,583.9,059003.000284,059003.000342,0.0638,4G,0.537,118.896,0
9.7,26425.033,0.0209,744.14,059003.000107,059003.000191,0.0213,2G,0.2976,182.851,0
9.7,26271.3306,0.1,506.6,059003.000167,059003.000221,-0.059,2G,0.4688,145.061,0
9.7,26162.5875,0.0205,157.7,059003.000164,059003.000219,0.0232,2G,0.3852,1277.519,0
9.7,26019.6313,0.0203,288.38,059003.000044,059003.000176,0.0455,3G,0.6087,72.37,0
9.7,25885.7227,0.5,795.95,059003.000156,059003.000205,-0.9397,2A,0.3824,802.455,0
9.7,25869.8004,0.0201,262.71,059003.000186,059003.000436,-0.0052,2A,0.6152,216.903,0
9.7,25863.5283,0.0201,130.85,059003.000156,059003.000204,-0.0025,2A,0.3059,163.779,0
9.7,25852.9132,0.02,129.99,059003.000152,059003.000201,0.0082,2G,0.4417,415.183,0
9.7,25775.9268,0.0199,247.92,059003.000151,059003.000200,0.1002,5B,0.3195,135.728,0
9.7,25650.0385,0.0197,803.43,059003.000353,059003.000597,-0.0582,3G,0.4523,173.576,0
9.7,25558.3691,0.5,868.68,059003.000150,059003.000199,0.1475,2G,0.5409,167.713,0
9.7,25469.979,0.0195,205.99,059003.000189,059003.000439,-0.0064,2A,0.4815,320.855,0
9.7,25430.3198,0.0452,100.6,059003.000166,059003.000214,-0.2882,5G,0.486,1621.907,0
9.7,25141.8381,0.019,681.34,059003.000146,059003.000196,0.0159,2B,0.2579,1447.405,0
9.7,24991.6793,0.0187,156.78,059003.000188,059003.000276,0.0827,5B,0.6851,550.881,0
9.7,24934.7466,0.5,228.08,059003.000094,059003.000185,-0.2317,2G,0.424,22.818,0
9.7,24934.7466,0.5,228.08,059003.000044,059003.000168,0.2363,2G,0.5938,62.832,0
9.7,24916.2975,0.0186,75.28,059003.000038,059003.000152,0.0895,5G,0.5028,696.583,0
9.7,24876.6222,0.0186,442.34,059003.000039,059003.000153,0.0066,2G,0.559,4778.251,0
9.7,24793.9721,0.0184,70.63,059003.000560,059003.000507,-0.0013,2G,0.3592,16.886,0
9.7,24681.0726,0.0183,133.48,059003.000276,059003.000314,0.0676,4B,0.5401,46.012,0
9.7,24680.3422,0.0183,133.43,059003.000162,059003.000207,-0.0512,3B,0.3756,51.804,0
9.7,24499.0994,0.018,306.1,059003.000142,059003.000194,0.0382,3G,0.612,1451.204,0
9.7,24346.9225,0.0178,229.05,059003.000284,059003.000332,-0.0549,4G,0.5496,48.303,0
9.7,24197.2819,0.041,377.35,059003.000176,059003.000216,0.0172,2A,0.3394,294.104,0
9.7,24131.3932,0.0175,6310.77,059003.000349,059003.000583,0.0086,2A,0.4126,4253.923,0
9.7,24120.8521,0.0174,157.16,059003.000179,059003.000248,-0.0828,5G,0.6131,2561.664,0
9.7,24120.4219,0.0174,209.52,059003.000350,059003.000585,-0.0002,2B,0.4091,367.194,0
9.7,24109.8725,0.0174,156.54,059003.000161,059003.000205,0.0078,2G,0.4696,717.745,0
9.7,24108.6594,0.0174,312.94,059003.000349,059003.000579,-0.0,2B,0.4077,486.434,0
9.7,24102.113,0.0174,780.52,059003.000374,059003.000615,-0.0073,2G,0.4089,4765.196,0
9.7,24097.4004,0.0174,155.84,059003.000349,059003.000578,-0.0095,2G,0.4057,1169.201,0
9.7,24096.9889,0.0174,311.64,059003.000191,059003.000273,-0.0147,2D,1.6647,30.712,0
9.7,24084.8484,0.0174,413.73,059003.000172,059003.000212,0.0132,2B,0.3633,282.199,0
9.7,24080.57,0.0174,1032.76,059003.000393,059003.000622,-0.0008,2A,0.4608,1406.307,0
9.7,24072.0234,0.0405,154.45,059003.000374,059003.000610,0.3387,5G,0.4091,1621.516,0
9.7,24063.5311,0.0405,1026.62,059003.000374,059003.000608,-0.299,5G,0.4059,253.017,0
9.7,24035.9734,0.0404,305.09,059003.000039,059003.000150,0.1418,4G,0.6833,56.797,0
9.7,24035.9734,0.0404,305.09,059003.000043,059003.000160,0.1616,4A,0.6596,460.929,0
9.7,23963.2438,0.0402,297.88,059003.000351,059003.000590,0.0454,2G,0.4096,6483.861,0
9.7,23956.342,0.0172,49.54,059003.000360,059003.000601,0.0985,5G,0.4485,394.373,0
9.7,23948.4187,0.0172,49.42,059003.000117,059003.000190,-0.0494,3G,0.3819,251.065,0
9.7,23915.2518,0.0171,342.4,059003.000360,059003.000594,-0.098,5G,0.4277,1278.672,0
9.7,23898.4766,0.0171,243.35,059003.000351,059003.000583,-0.0084,2G,0.4083,793.325,0
9.7,23865.8116,0.0171,433.87,059003.000179,059003.000247,0.0109,2B,0.6309,209.202,0
9.7,23826.1494,0.017,95.35,059003.000376,059003.000610,0.0001,2A,0.403,84.659,0
9.7,23802.6207,0.017,47.37,059003.000053,059003.000174,-0.0568,4D,1.6436,11.566,0
9.7,23798.0076,0.017,709.76,059003.000361,059003.000594,0.0961,5A,0.4014,791.848,0
9.7,23796.7832,0.0396,141.91,059003.000291,059003.000336,-0.0071,2B,0.3633,98.096,0
9.7,23795.0079,0.017,378.24,059003.000361,059003.000592,0.14,5B,0.4179,839.555,0
9.7,23789.7467,0.017,1180.37,059003.000361,059003.000595,-0.2458,5A,0.3992,1464.516,0
9.7,23756.2833,0.0169,46.81,059003.000362,059003.000606,-0.0,2G,0.4082,221.514,0
9.7,23670.8798,0.0168,1376.66,059003.000118,059003.000188,0.0829,5G,0.3382,470.555,0
9.7,23653.5779,0.0168,1371.55,059003.000362,059003.000595,-0.0002,2A,0.4031,1462.093,0
9.7,23633.5374,0.0167,45.53,059003.000052,059003.000171,0.0621,4G,0.6073,1371.062,0
9.7,23629.322,0.0391,318.42,059003.000363,059003.000605,-0.0,2G,0.4051,6326.279,0
9.7,23590.4587,0.0167,90.29,059003.000180,059003.000245,-0.1031,5A,0.578,139.781,0
9.7,23584.3588,0.0167,360.76,059003.000192,059003.000275,0.0084,2B,1.4715,45.694,0
9.7,23575.4612,0.0167,900.42,059003.000471,059003.000609,-0.01,2G,0.4874,261.292,0
9.7,23567.4381,0.0167,179.82,059003.000363,059003.000598,0.0,2G,0.4043,884.742,0
9.7,23554.3106,0.0388,448.52,059003.000399,059003.000622,0.0122,2B,0.4085,705.153,0
9.7,23549.7811,0.0388,358.54,059003.000377,059003.000618,0.0,2A,0.4604,324.651,0
9.7,23548.8893,0.0166,1344.31,059003.000352,059003.000583,0.0001,2B,0.397,663.694,0
9.7,23539.0109,0.0166,223.68,059003.000164,059003.000203,0.0444,3G,0.4444,1472.226,0
9.7,23532.7324,0.0387,312.82,059003.000353,059003.000586,0.1125,3A,0.4015,275.134,0
9.7,23529.7676,0.0166,89.33,059003.000363,059003.000595,-0.0001,2A,0.3992,71.68,0
9.7,23520.0274,0.0166,401.37,059003.000036,059003.000142,0.0452,3A,0.3353,315.962,0
9.7,23480.5184,0.0165,310.32,059003.000353,059003.000580,0.0197,2G,0.3934,1787.385,0
9.7,23463.697,0.0385,176.91,059003.000380,059003.000619,-0.0738,2B,0.4209,480.413,0
9.7,23437.9941,0.0165,881.57,059003.000364,059003.000601,-0.0917,5B,0.463,468.012,0
9.7,23435.8533,0.0165,220.33,059003.000364,059003.000600,-0.051,4A,0.4184,245.485,0
9.7,23411.583,0.0164,87.88,059003.000379,059003.000614,0.0019,2A,0.3951,97.35,0
9.7,23401.1911,0.0164,219.44,059003.000380,059003.000613,0.0124,2A,0.4135,184.845,0
9.7,23398.2521,0.0164,87.75,059003.000364,059003.000593,0.0,2G,0.3907,1187.885,0
9.7,23389.2499,0.0164,262.99,059003.000061,059003.000178,0.0041,2G,0.5641,4180.085,0
9.7,23361.2834,0.0164,174.85,059003.000173,059003.000208,-0.047,3D,1.9834,26.813,0
9.7,23351.9888,0.0164,436.76,059003.000365,059003.000603,0.0099,2A,0.48,468.755,0
9.7,23322.3717,0.0163,174.28,059003.000381,059003.000613,0.0219,2G,0.4971,799.552,0
9.7,23319.8672,0.0163,435.63,059003.000354,059003.000584,0.0189,2G,0.4132,4826.15,0
9.7,23302.9382,0.0163,1305.35,059003.000365,059003.000600,-0.0076,2A,0.4492,885.566,0
9.7,23301.7664,0.0163,1305.25,059003.000381,059003.000612,-0.0178,2B,0.4994,715.532,0
9.7,23291.1183,0.038,347.84,059003.000354,059003.000580,-0.1035,3B,0.3969,156.084,0
9.7,23248.5173,0.0162,347.09,059003.000038,059003.000143,-0.0834,5G,0.5398,64.314,0
9.7,23233.0716,0.0162,260.18,059003.000186,059003.000264,-0.0147,2B,0.4319,686.726,0
9.7,23223.8189,0.0377,216.75,059003.000307,059003.000563,-0.0449,2G,0.4456,777.048,0
9.7,23211.7885,0.0377,390.03,059003.000355,059003.000587,-0.0005,2B,0.4011,820.187,0
9.7,23181.619,0.0161,173.27,059003.000182,059003.000250,-0.0537,4D,1.9739,9.706,0
9.7,23181.619,0.0161,173.27,059003.000181,059003.000250,0.0034,2D,1.8433,5.812,0
9.7,23155.2616,0.0161,129.95,059003.000356,059003.000590,0.0001,2G,0.4001,41.823,0
9.7,23138.9996,0.0161,1299.69,059003.000357,059003.000588,0.0139,2G,0.398,414.403,0
9.7,23112.0086,0.016,216.73,059003.000357,059003.000586,-0.0187,2G,0.3989,1446.855,0
9.7,23108.2398,0.016,390.16,059003.000383,059003.000607,-0.0062,2B,0.3922,198.946,0
9.7,23086.1503,0.016,173.54,059003.000366,059003.000604,0.0652,5G,0.4103,601.519,0
9.7,23011.0608,0.0159,1089.57,059003.000044,059003.000159,-0.0289,2A,0.5805,939.036,0
9.7,23008.9603,0.0159,174.36,059003.000448,059003.000558,0.0049,2D,2.0184,5.184,0
9.7,22998.9427,0.0159,87.25,059003.000179,059003.000238,0.078,5B,1.332,25.797,0
9.7,22995.8573,0.0159,872.78,059003.000182,059003.000248,0.0533,4A,0.4562,1180.4,0
9.7,22991.4017,0.0158,174.63,059003.000367,059003.000599,0.0,2G,0.3922,1785.498,0
9.7,22967.542,0.0369,175.03,059003.000474,059003.000617,-0.0108,2G,0.414,37.121,0
9.7,22959.9839,0.0158,43.79,059003.000358,059003.000586,-0.0005,2G,0.4037,883.962,0
9.7,22954.2221,0.0158,306.75,059003.000171,059003.000206,-0.0051,2G,0.4185,1147.474,0
9.7,22949.8522,0.0158,306.9,059003.000367,059003.000595,0.2131,5G,0.3943,1770.726,0
9.7,22941.1226,0.0158,175.55,059003.000368,059003.000597,0.003,2G,0.4324,590.479,0
9.7,22888.6397,0.0157,353.59,059003.000385,059003.000614,-0.0018,2B,0.3862,915.685,0
9.7,22884.1486,0.0157,132.68,059003.000148,059003.000195,-0.0759,5C,0.8715,13.031,0
9.7,22884.1486,0.0157,132.68,059003.000458,059003.000580,-0.0001,2G,0.6454,17.553,0
9.7,22867.8366,0.0157,44.34,059003.000385,059003.000611,-0.0,2G,0.3916,831.031,0
9.7,22862.834,0.0157,310.64,059003.000386,059003.000619,0.0117,2B,0.4216,115.893,0
9.7,22831.8885,0.0156,178.46,059003.000183,059003.000435,0.0343,3A,0.6248,174.003,0
9.7,22830.6796,0.0365,133.88,059003.000304,059003.000561,-0.0019,2D,2.12,10.725,0
9.7,22829.5431,0.0365,133.91,059003.000386,059003.000617,0.1113,4B,0.3956,224.534,0
9.7,22826.0764,0.0156,312.65,059003.000172,059003.000205,0.0182,2B,0.3311,709.544,0
9.7,22800.199,0.0156,403.99,059003.000386,059003.000613,-0.0312,3B,0.4067,201.263,0
9.7,22796.0899,0.0364,224.63,059003.000371,059003.000602,0.1192,4B,1.3448,141.068,0
9.7,22727.6932,0.0155,912.46,059003.000373,059003.000603,0.0793,5A,0.4317,622.116,0
9.7,22725.5371,0.0155,273.88,059003.000373,059003.000604,-0.0612,4G,0.3788,60.135,0
9.7,22725.0674,0.0155,182.61,059003.000476,059003.000612,0.0161,2B,1.027,92.281,0
9.7,22719.0912,0.0155,137.16,059003.000179,059003.000237,-0.0133,2G,0.4571,766.292,0
9.7,22719.0912,0.0155,137.16,059003.000406,059003.000622,-0.0022,2G,0.3877,968.729,0
9.7,22717.822,0.0361,320.15,059003.000467,059003.000597,0.1789,5B,0.4804,158.694,0
9.7,22715.7125,0.0361,320.32,059003.000460,059003.000589,0.0681,2B,0.3957,773.508,0
9.7,22714.9438,0.0361,137.31,059003.000467,059003.000596,0.0,2A,0.4758,202.015,0
9.7,22710.3981,0.0361,183.29,059003.000054,059003.000169,-0.057,2G,0.5799,32.792,0
9.7,22709.0723,0.0155,137.51,059003.000461,059003.000589,-0.0023,2A,0.3962,125.282,0
9.7,22708.3675,0.0155,45.85,059003.000460,059003.000588,-0.0129,2G,0.3952,468.059,0
9.7,22705.2802,0.0361,2752.96,059003.000373,059003.000602,-0.104,3C,1.3541,176.234,0
9.7,22699.3103,0.0154,275.73,059003.000468,059003.000600,0.0517,4B,0.7628,150.253,0
9.7,22695.6497,0.0154,138.0,059003.000052,059003.000166,-0.0406,3G,0.6139,2227.648,0
9.7,22687.1836,0.0154,230.52,059003.000182,059003.000245,0.057,4D,1.7695,21.36,0
9.7,22594.0235,0.0357,379.38,059003.000387,059003.000616,0.0,2B,0.4067,724.45,0
9.7,22586.798,0.0357,332.77,059003.000462,059003.000589,-0.0544,2B,0.3812,159.631,0
9.7,22578.0107,0.0153,286.09,059003.000462,059003.000587,0.0001,2A,0.397,333.37,0
9.7,22571.6597,0.0153,47.79,059003.000549,059003.000498,0.0023,2B,0.4225,24.505,0
9.7,22569.099,0.0153,95.66,059003.000181,059003.000244,0.028,2B,0.3394,40.674,0
9.7,22558.0074,0.0153,384.14,059003.000387,059003.000610,-0.048,4G,0.385,2477.601,0
9.7,22555.6883,0.0153,48.06,059003.000387,059003.000609,0.008,2G,0.4041,417.497,0
9.7,22552.2672,0.0152,433.05,059003.000462,059003.000585,0.0002,2B,0.4007,892.546,0
9.7,22550.4314,0.0356,144.45,059003.000387,059003.000608,0.2306,5G,0.3868,1118.633,0
9.7,22540.7798,0.0152,386.55,059003.000388,059003.000617,-0.0176,2G,0.4502,117.672,0
9.7,22522.9563,0.0355,340.51,059003.000462,059003.000582,0.0496,2B,0.404,834.017,0
9.7,22432.4295,0.0151,51.95,059003.000359,059003.000582,-0.009,2G,0.3866,224.739,0
9.7,22412.2064,0.0151,436.03,059003.000359,059003.000581,0.0,2B,0.3878,1131.952,0
9.7,22410.8862,0.0151,261.75,059003.000390,059003.000621,0.0,2G,0.392,4568.537,0
9.7,22399.5116,0.015,1577.09,059003.000359,059003.000578,0.0071,2A,0.381,1780.074,0
9.7,22382.3908,0.015,70.55,059003.000188,059003.000266,-0.0019,2B,0.5558,35.451,0
9.7,22342.4332,0.0349,89.63,059003.000390,059003.000615,0.0294,2B,0.3979,175.147,0
9.7,22071.6609,0.0146,82.73,059003.000161,059003.000198,0.0001,2B,0.431,49.233,0
9.7,21973.4135,0.0145,88.28,059003.000298,059003.000551,0.0001,2C,1.6054,5.872,0
9.7,21972.6225,0.0145,66.24,059003.000161,059003.000197,0.0142,2B,0.3762,121.927,0
9.7,21873.6577,0.0143,94.87,059003.000182,059003.000238,-0.076,5G,0.4521,410.512,0
9.7,21841.4235,0.0334,170.14,059003.000392,059003.000619,0.0025,2B,0.3868,250.892,0
9.7,21754.8005,0.0142,182.22,059003.000375,059003.000592,-0.0978,5G,0.4353,47.048,0
9.7,21673.5921,0.0141,222.85,059003.000361,059003.000584,0.0078,2A,0.4479,262.945,0
9.7,21521.7922,0.0324,955.73,059003.000033,059003.000113,-0.0086,2A,0.6312,1190.814,0
9.7,21345.7584,0.0137,75.19,059003.000031,059003.000088,-0.0176,2G,0.5703,409.317,0
9.7,21283.6335,0.0136,39.94,059003.000187,059003.000260,0.0063,2A,0.4974,54.005,0
9.7,21206.5668,0.0315,387.82,059003.000457,059003.000566,-0.001,2B,0.4752,160.65,0
9.7,21159.4627,0.0134,90.32,059003.000068,059003.000176,-0.0072,2G,0.5819,413.291,0
9.7,21020.8544,0.5,51.91,059003.000399,059003.000609,0.3667,2B,0.4273,99.25,0
9.7,20977.0527,0.0132,54.25,059003.000382,059003.000603,-0.064,5G,1.3848,2.674,0
9.7,20828.8532,0.0303,125.96,059003.000408,059003.000622,-0.0022,2G,0.4506,28.174,0
9.7,20793.0428,0.013,65.27,059003.000065,059003.000170,-0.0569,5G,0.467,402.674,0
9.7,20719.8725,0.0129,70.19,059003.000400,059003.000607,0.004,2G,0.3946,14.133,0
9.7,20553.3742,0.0127,247.38,059003.000052,059003.000154,0.0011,2G,0.7044,5526.402,0
9.7,20553.3742,0.0127,247.38,059003.000032,059003.000093,0.0022,2G,0.5651,6058.85,0
9.7,19590.744,0.0115,163.13,059003.000186,059003.000433,0.0259,3G,0.4063,34.36,0
9.7,19508.721,0.0114,1677.41,059003.000192,059003.000261,-0.0048,2B,0.4311,631.083,0
9.7,18999.7771,0.0108,172513.3,059003.000061,059003.000154,-0.0017,2G,0.5447,47386.529,0
9.7,18418.5176,0.0102,1275.32,059003.000058,059003.000151,0.0153,2G,0.5505,8658.622,0
9.7,18313.6525,0.0235,232.63,059003.000369,059003.000577,0.0039,2B,0.9789,300.205,0
9.7,18137.7278,0.0099,97.41,059003.000430,059003.000186,0.0148,2G,0.5007,1226.604,0
9.7,18073.0836,0.0098,3626.73,059003.000039,059003.000131,-0.015,2G,0.555,710.628,0
9.7,18011.0683,0.0097,337.55,059003.000040,059003.000132,0.0037,2G,0.5586,3097.948,0
9.7,18005.7535,0.0097,251.58,059003.000390,059003.000590,-0.0027,2E,3.1261,0.684,0
9.7,17954.3361,0.0097,78.84,059003.000372,059003.000576,-0.0129,2G,0.4408,21.813,0
9.7,17939.3445,0.0096,77.41,059003.000389,059003.000578,-0.0,2G,0.4469,23.266,0
9.7,17880.1042,0.0096,1438.36,059003.000058,059003.000148,-0.0134,2B,1.1362,258.109,0
9.7,17802.364,0.0095,65.12,059003.000148,059003.000193,-0.0001,2A,0.4262,45.509,0
9.7,17711.2822,0.0094,57.79,059003.000488,059003.000601,0.0005,2G,0.5798,9.87,0
9.7,17590.6433,0.0093,147.58,059003.000188,059003.000241,0.0,2B,0.485,73.671,0
9.7,17424.0662,0.0091,39.41,059003.000056,059003.000144,-0.0008,2B,0.4858,64.538,0
9.7,17376.8306,0.0091,741.27,059003.000459,059003.000419,0.001,2B,0.4829,367.783,0
9.7,17317.2239,0.009,34.36,059003.000476,059003.000426,0.0007,2G,0.6383,301.475,0
9.7,17266.1117,0.0089,32.26,059003.000566,059003.000534,0.0004,2G,0.2829,7.627,0
9.7,17204.8277,0.0089,60.0,059003.000305,059003.000548,-0.0007,2C,1.4113,3.681,0
9.7,17202.4087,0.0089,59.83,059003.000186,059003.000224,0.0056,2C,0.7057,8.824,0
9.7,17182.1085,0.0088,29.23,059003.000191,059003.000245,0.011,2B,0.4818,71.724,0
9.7,17154.3761,0.0088,28.34,059003.000387,059003.000426,-0.0023,2B,0.5305,9.738,0
9.7,17154.3761,0.0088,28.34,059003.000319,059003.000485,0.0003,2G,0.5249,8.041,0
9.7,17100.2276,0.0088,80.28,059003.000463,059003.000574,0.007,2G,0.8795,1319.45,0
9.7,17096.0239,0.0088,186.51,059003.000190,059003.000240,-0.0128,2A,0.4082,262.41,0
9.7,17033.4115,0.0087,150.45,059003.000481,059003.000584,-0.0084,2E,1.988,2.867,0
9.7,17005.9429,0.0087,73.4,059003.000465,059003.000575,0.0,2G,0.8892,2210.774,0
9.7,17005.9429,0.0087,73.4,059003.000090,059003.000175,0.0001,2G,0.5183,695.13,0
9.7,16993.654,0.0087,217.87,059003.000375,059003.000576,0.0359,5E,2.0202,5.155,0
9.7,16923.838,0.02,22.93,059003.000322,059003.000486,-0.0026,2A,0.4544,33.101,0
9.7,16852.9015,0.0085,1754.86,059003.000092,059003.000175,-0.0129,2A,0.511,1309.718,0
9.7,16796.5979,0.0085,85.48,059003.000446,059003.000318,-0.0018,2C,1.3008,6.196,0
9.7,16787.7178,0.0084,106.5,059003.000184,059003.000209,-0.0026,2G,0.4495,23.38,0
9.7,16778.1358,0.0084,191.07,059003.000364,059003.000574,-0.0065,2C,1.2952,13.525,0
9.7,16754.4676,0.0084,168.65,059003.000068,059003.000150,0.0029,2A,0.2782,172.335,0
9.7,16691.6003,0.0084,20.87,059003.000340,059003.000496,-0.0041,2A,0.4112,21.57,0
9.7,16642.4481,0.0083,83.59,059003.000187,059003.000232,0.0044,2B,0.4599,39.13,0
9.7,16637.8366,0.0083,20.91,059003.000446,059003.000317,0.0033,2D,1.8822,1.429,0
9.7,16423.7999,0.0189,89.09,059003.000542,059003.000402,0.0005,2B,0.6255,25.298,0
9.7,16350.4731,0.008,2565.38,059003.000077,059003.000159,0.0076,2B,0.553,1070.625,0
9.7,16289.2061,0.008,237.46,059003.000097,059003.000174,0.0263,4B,0.679,66.225,0
9.7,16164.7619,0.0078,335.08,059003.000077,059003.000158,-0.0052,2A,0.463,304.291,0
9.7,16138.9325,0.0078,151.31,059003.000107,059003.000177,-0.0028,2G,0.5055,3023.99,0
9.7,16136.6484,0.0078,37.88,059003.000469,059003.000421,-0.0046,2G,0.5641,274.031,0
9.7,16115.7229,0.0182,344.99,059003.000480,059003.000427,-0.0,2B,0.8324,157.714,0
9.7,16114.7629,0.0078,38.35,059003.000383,059003.000576,-0.0199,3G,0.3576,8.902,0
9.7,16075.0862,0.0077,39.15,059003.000189,059003.000230,0.001,2G,0.4936,8.631,0
9.7,16050.9169,0.018,158.36,059003.000470,059003.000421,0.0283,2A,0.5263,255.035,0
9.7,16033.6696,0.018,119.66,059003.000306,059003.000548,0.0015,2B,1.5907,15.325,0
9.7,15986.742,0.0077,81.2,059003.000548,059003.000496,0.0035,2B,0.4724,36.976,0
9.7,15982.691,0.0077,365.92,059003.000471,059003.000420,-0.0003,2B,0.7531,312.657,0
9.7,15945.4009,0.0178,82.25,059003.000464,059003.000571,-0.0,2B,0.5526,211.731,0
9.7,15834.3526,0.0175,84.05,059003.000077,059003.000157,0.0058,2A,0.6693,77.932,0
9.7,15810.3923,0.0075,126.37,059003.000077,059003.000155,0.005,2C,1.0415,11.314,0
9.7,15673.5873,0.0074,126.16,059003.000370,059003.000572,0.0,2D,2.1297,3.826,0
9.7,15583.4203,0.0073,290.25,059003.000037,059003.000115,-0.012,2G,0.588,1581.279,0
9.7,15503.28,0.0168,81.25,059003.000065,059003.000143,0.0959,5B,0.5652,277.854,0
9.7,15480.9576,0.0072,40.34,059003.000092,059003.000165,0.0057,2G,0.3121,9.27,0
9.7,15355.7026,0.0071,38.44,059003.000549,059003.000494,0.0006,2B,0.5093,14.173,0
9.7,15238.3031,0.007,36.26,059003.000430,059003.000183,0.0028,2A,0.3924,34.428,0
9.7,15090.2277,0.0068,132.69,059003.000034,059003.000104,-0.0008,2B,0.5855,354.237,0
9.7,15057.4257,0.0068,32.46,059003.000451,059003.000321,-0.0002,2C,1.0619,3.773,0
9.7,14995.4569,0.0157,31.11,059003.000136,059003.000184,-0.0085,2C,0.8022,5.312,0
9.7,14969.4066,0.0067,30.54,059003.000334,059003.000487,0.0,2G,0.4796,7.11,0
9.7,14915.0584,0.0067,29.35,059003.000192,059003.000233,0.0014,2B,0.4151,15.904,0
9.7,14829.3335,0.0066,109.99,059003.000185,059003.000207,-0.0003,2B,0.3715,48.977,0
9.7,14588.6741,0.0064,4532.36,059003.000034,059003.000100,-0.0001,2A,0.5832,4722.473,0
9.7,14538.0386,0.0063,86.94,059003.000077,059003.000149,-0.0031,2B,0.3378,54.718,0
9.7,14491.0645,0.0063,10455.34,059003.000055,059003.000135,0.0044,2A,0.5951,9882.612,0
9.7,14465.8864,0.0063,102.41,059003.000053,059003.000430,0.0076,2B,0.8275,112.911,0
9.7,14342.4218,0.0062,92.6,059003.000103,059003.000164,-0.0002,2B,0.7155,367.441,0
9.7,14332.7463,0.0062,1837.57,059003.000110,059003.000171,-0.0094,2B,0.6905,658.108,0
9.7,14171.9108,0.006,404.98,059003.000036,059003.000102,-0.0047,2G,0.5872,1917.133,0
9.7,14130.9801,0.006,314.17,059003.000051,059003.000131,0.0039,2G,0.5413,1842.059,0
9.7,14122.1414,0.006,1560.61,059003.000031,059003.000050,0.0004,2G,0.6205,33870.41,0
9.7,13825.568,0.0057,320.25,059003.000048,059003.000130,-0.0033,2G,0.5717,3638.966,0
9.7,13817.6526,0.0057,3187.87,059003.000035,059003.000099,-0.0129,3A,0.5933,2608.038,0
9.7,13731.9166,0.5,60.85,059003.000094,059003.000159,0.0166,2B,1.0753,15.846,0
9.7,13621.5196,0.0056,577.59,059003.000035,059003.000097,0.0124,3G,0.619,5049.432,0
9.7,13611.8596,0.0056,2300.88,059003.000036,059003.000098,-0.0003,2A,0.6034,1708.104,0
9.7,13601.197,0.0129,1145.33,059003.000040,059003.000114,-0.0022,2B,0.5914,4092.131,0
9.7,13465.7628,0.0054,54.57,059003.000335,059003.000400,0.001,2C,0.8158,7.105,0
9.7,13461.0756,0.0054,54.5,059003.000326,059003.000476,-0.0,2B,0.396,29.062,0
9.7,13419.0388,0.0126,107.74,059003.000329,059003.000391,0.0003,2G,0.4854,23.148,0
9.7,13351.4592,0.0053,2122.41,059003.000001,059003.000042,-0.002,2B,0.6238,4503.914,0
9.7,13342.4042,0.0053,52.97,059003.000541,059003.000366,0.0069,2B,0.8868,29.125,0
9.7,13313.3871,0.0053,421.65,059003.000110,059003.000164,0.007,2B,0.6863,1350.913,0
9.7,13281.9297,0.0053,472.23,059003.000048,059003.000126,-0.0006,2G,0.4968,114.292,0
9.7,13182.5055,0.0052,52.05,059003.000325,059003.000382,-0.0076,2B,1.2127,178.363,0
9.7,13170.19,0.0052,3122.06,059003.000052,059003.000129,-0.0013,2B,0.5653,1679.624,0
9.7,13003.8504,0.0118,52.56,059003.000187,059003.000207,0.0279,3G,0.401,16.341,0
9.7,12988.5094,0.0051,52.68,059003.000037,059003.000099,0.0103,3G,0.5337,250.792,0
9.7,12982.5289,0.0118,52.73,059003.000545,059003.000404,-0.0009,2B,1.326,10.71,0
9.7,12947.9919,0.0117,106.1,059003.000318,059003.000468,-0.0226,2B,0.427,40.638,0
9.7,12907.5653,0.005,53.51,059003.000318,059003.000467,0.0035,2A,0.4822,36.926,0
9.7,12892.0238,0.0116,53.71,059003.000136,059003.000179,0.0047,2B,1.4877,27.402,0
9.7,12891.0512,0.0116,53.72,059003.000324,059003.000377,0.022,2D,2.1983,14.401,0
9.7,12889.6855,0.005,161.23,059003.000118,059003.000173,-0.0443,5G,0.6795,1429.831,0
9.7,12889.6855,0.005,161.23,059003.000314,059003.000465,-0.0019,2G,0.4724,2113.627,0
9.7,12850.0125,0.0049,217.27,059003.000541,059003.000464,-0.006,2B,0.5248,732.735,0
9.7,12841.4227,0.0115,54.45,059003.000325,059003.000377,-0.0315,3D,2.5176,3.955,0
9.7,12805.9726,0.0115,385.4,059003.000119,059003.000174,-0.0293,3B,0.8148,191.218,0
9.7,12798.7307,0.0115,275.95,059003.000335,059003.000481,-0.0132,2B,0.4869,736.436,0
9.7,12788.3339,0.0049,55.38,059003.000335,059003.000480,0.0008,2G,0.6776,516.37,0
9.7,12785.0109,0.0114,277.24,059003.000324,059003.000471,-0.0124,2G,0.4951,1773.789,0
9.7,12781.7516,0.0114,499.59,059003.000315,059003.000465,-0.0,2E,2.5216,4.386,0
9.7,12740.7632,0.0113,394.46,059003.000314,059003.000464,0.0296,3A,0.5629,638.244,0
9.7,12694.8506,0.0048,57.41,059003.000328,059003.000383,-0.0081,2B,0.4934,30.986,0
9.7,12675.2249,0.0112,115.8,059003.000037,059003.000095,-0.0075,2B,1.258,256.612,0
9.7,12653.7392,0.0112,175.39,059003.000033,059003.000057,0.001,2G,0.6234,2359.332,0
9.7,12632.1428,0.0112,295.28,059003.000032,059003.000050,-0.0004,2G,0.6044,4307.857,0
9.7,12618.3407,0.0111,594.49,059003.000092,059003.000152,0.0085,2A,0.609,954.548,0
9.7,12606.1603,0.0111,239.23,059003.000122,059003.000176,-0.0074,2G,0.5737,1872.964,0
9.7,12602.8394,0.5,239.62,059003.000336,059003.000480,1.1463,3B,0.6565,689.447,0
9.7,12587.7655,0.0047,60.36,059003.000316,059003.000465,0.0,2B,0.4928,148.97,0
9.7,12569.0595,0.0047,182.85,059003.000117,059003.000170,0.0076,2G,0.5709,795.57,0
9.7,12502.8929,0.0047,189.62,059003.000122,059003.000175,-0.0107,3G,0.5429,855.119,0
9.7,12436.2243,0.0046,197.28,059003.000317,059003.000466,0.001,2A,0.4603,235.505,0
9.7,12357.7202,0.0046,69.14,059003.000338,059003.000479,-0.0,2B,0.5667,125.554,0
9.7,12352.6984,0.0046,69.37,059003.000339,059003.000481,-0.0,2B,0.5049,127.392,0
9.7,12346.3713,0.0046,139.31,059003.000327,059003.000470,0.0035,2C,0.7491,19.917,0
9.7,12328.713,0.0046,563.88,059003.000339,059003.000479,0.0003,2A,0.455,620.611,0
9.7,12293.8361,0.0045,1443.6,059003.000040,059003.000106,-0.0006,2B,0.9503,322.725,0
9.7,12182.0317,0.0044,78.13,059003.000329,059003.000472,0.0001,2B,0.9144,117.966,0
9.7,12164.0143,0.0044,79.17,059003.000048,059003.000123,0.0027,2A,0.5965,70.023,0
9.7,12121.914,0.0103,81.65,059003.000055,059003.000127,-0.0127,2B,0.4537,148.096,0
9.7,12014.3668,0.0043,265.26,059003.000048,059003.000121,0.0,2A,0.5795,432.986,0
9.7,11990.8801,0.0043,89.97,059003.000330,059003.000377,0.0015,2B,1.2836,39.798,0
9.7,11952.4677,0.01,832.9,059003.000031,059003.000042,0.0079,2G,0.6312,135.338,0
9.7,11944.5677,0.0043,465.4,059003.000036,059003.000085,-0.0003,2B,0.5491,1041.776,0
9.7,11925.1891,0.0043,566.4,059003.000332,059003.000379,-0.0029,2C,0.8034,77.609,0
9.7,11901.5348,0.0042,576.15,059003.000051,059003.000123,-0.0059,2B,0.748,378.368,0
9.7,11883.9302,0.0042,194.48,059003.000037,059003.000088,0.0017,2G,0.5826,1370.164,0
9.7,11876.3825,0.0042,195.52,059003.000340,059003.000394,0.0007,2D,2.6456,41.23,0
9.7,11845.2984,0.0042,99.92,059003.000321,059003.000365,0.0003,2E,4.8284,0.03,0
9.7,11841.508,0.0042,200.37,059003.000330,059003.000470,-0.0014,2B,0.4943,426.717,0
9.7,11840.4339,0.0042,701.8,059003.000056,059003.000128,0.0001,2B,0.5649,1346.443,0
9.7,11782.6619,0.0042,104.26,059003.000345,059003.000487,-0.0001,2E,1.9958,1.818,0
9.7,11775.3227,0.0042,523.83,059003.000034,059003.000078,-0.0003,2G,0.6574,80.981,0
9.7,11763.5924,0.0225,105.57,059003.000550,059003.000484,-0.0785,4D,1.7911,6.647,0
9.7,11757.4366,0.0041,105.99,059003.000341,059003.000394,-0.0002,2B,0.4928,39.32,0
9.7,11744.2555,0.0041,962.02,059003.000331,059003.000469,-0.0013,2B,0.5124,391.82,0
9.7,11690.2383,0.0218,221.0,059003.000543,059003.000382,-0.0422,2B,1.0949,66.168,0
9.7,11681.8335,0.0041,444.2,059003.000320,059003.000463,0.0016,2A,0.5185,632.503,0
9.7,11628.11,0.0041,228.88,059003.000117,059003.000162,-0.0026,2B,0.6344,761.663,0
9.7,11603.6628,0.004,115.91,059003.000333,059003.000379,0.0043,2G,0.4207,29.883,0
9.7,11603.6628,0.004,115.91,059003.000553,059003.000484,0.0561,5C,1.1603,7.864,0
9.7,11531.8363,0.004,958.74,059003.000323,059003.000465,0.0,2A,0.5043,1018.857,0
9.7,11523.4962,0.0093,120.26,059003.000043,059003.000111,-0.0082,2G,0.6354,1519.461,0
9.7,11521.0951,0.004,120.38,059003.000122,059003.000168,0.0028,2G,0.6589,707.003,0
9.7,11480.1724,0.0092,122.25,059003.000034,059003.000076,0.0027,2G,0.5587,1224.138,0
9.7,11448.7468,0.0039,123.5,059003.000542,059003.000466,-0.0015,2B,0.5049,276.756,0
9.7,11448.7468,0.0039,123.5,059003.000031,059003.000041,0.0011,2B,0.7271,102.701,0
9.7,11438.9333,0.0039,123.85,059003.000077,059003.000138,-0.0017,2A,0.6144,96.938,0
9.7,11438.9333,0.0039,123.85,059003.000545,059003.000477,-0.0003,2B,0.656,60.84,0
9.7,11290.3614,0.0038,633.55,059003.000336,059003.000476,0.0006,2A,0.5206,446.903,0
9.7,11183.738,0.0037,1253.03,059003.000325,059003.000369,0.0073,2C,0.7324,223.204,0
9.7,11097.7184,0.0037,1217.53,059003.000122,059003.000163,0.0052,2B,0.6136,478.981,0
9.7,11065.626,0.0037,1198.59,059003.000327,059003.000468,0.005,2G,0.4001,367.402,0
9.7,10861.1241,0.0035,505.28,059003.000340,059003.000388,-0.0006,2G,0.6679,83.248,0
9.7,10843.8362,0.0035,495.05,059003.000055,059003.000123,0.0012,2G,0.6368,1878.947,0
9.7,10739.1081,0.0035,427.93,059003.000051,059003.000115,0.0029,2D,1.7049,18.449,0
9.7,10685.8058,0.0034,391.53,059003.000328,059003.000369,-0.0059,2A,0.402,373.066,0
9.7,10675.0154,0.0034,384.07,059003.000037,059003.000082,-0.0023,2B,0.7028,325.166,0
9.7,10662.9093,0.0034,375.68,059003.000038,059003.000083,0.0008,2G,0.6268,4018.228,0
9.7,10616.4542,0.0034,343.45,059003.000055,059003.000120,-0.0026,2G,0.6435,73.55,0
9.7,10616.4542,0.0034,343.45,059003.000328,059003.000367,0.0469,5G,0.5473,61.318,0
9.7,10603.7812,0.0034,334.68,059003.000124,059003.000164,0.0,2B,0.7382,401.495,0
9.7,10583.3693,0.0293,641.29,059003.000043,059003.000105,0.0118,2A,0.6088,1026.078,0
9.7,10501.1875,0.0033,531.39,059003.000337,059003.000378,-0.0001,2B,0.6989,227.207,0
9.7,10501.1875,0.0033,531.39,059003.000126,059003.000169,0.0018,2B,0.6936,227.26,0
9.7,10445.5299,0.0033,922.76,059003.000330,059003.000370,0.0,2G,0.4739,219.355,0
9.7,10328.9519,0.0032,165.66,059003.000327,059003.000364,-0.0232,5A,0.6245,186.018,0
9.7,10328.9519,0.0032,165.66,059003.000554,059003.000482,-0.0038,2A,0.4896,133.589,0
9.7,10328.9519,0.0032,165.66,059003.000556,059003.000483,-0.0011,2B,0.7861,41.811,0
9.7,10314.7027,0.0074,158.6,059003.000348,059003.000407,-0.0003,2A,0.4856,115.084,0
9.7,10314.7027,0.0074,158.6,059003.000337,059003.000471,0.0206,3B,0.5337,69.846,0
9.7,10285.8711,0.0211,144.92,059003.000555,059003.000482,0.0,2B,1.5167,17.267,0
9.7,10207.8864,0.0031,673.0,059003.000554,059003.000480,-0.0111,4C,1.5151,38.542,0
9.7,10207.8864,0.0031,673.0,059003.000346,059003.000482,0.0011,2B,0.5243,214.969,0
9.7,10073.0187,0.04,139.07,059003.000558,059003.000399,0.0158,2A,0.5172,158.155,0
9.7,10031.8933,0.0134,59.73,059003.000333,059003.000372,-0.0245,2G,0.4846,931.229,0
9.7,9849.1991,0.0029,604.42,059003.000329,059003.000364,-0.0002,2G,0.3978,139.04,0
9.7,9849.1991,0.0029,604.42,059003.000543,059003.000371,0.0023,2B,0.4971,191.897,0
11.3,120215.3033,0.578,8538.29,059003.000042,059003.000509,-1.351,3B,0.8866,11822.484,0
11.3,119112.9133,0.5674,2718.76,059003.000066,059003.000531,-0.0534,2B,0.7239,3220.265,0
11.3,117836.0885,0.5553,2575.62,059003.000062,059003.000521,1.1038,2C,0.7436,11777.973,0
11.3,117656.8125,0.5536,2555.89,059003.000064,059003.000521,-1.3391,3A,0.6612,3886.602,0
11.3,117649.9057,0.5536,2555.14,059003.000054,059003.000516,2.4186,5B,0.8491,996.231,0
11.3,117636.7901,1.1069,25536.97,059003.000054,059003.000515,0.7871,2C,1.2188,2818.666,0
11.3,117459.6875,0.5518,7602.93,059003.000053,059003.000510,3.2179,5B,0.7875,10783.318,0
11.3,116794.8166,0.5455,2462.33,059003.000079,059003.000531,0.0495,2C,0.7584,19798.216,0
11.3,116088.1929,0.539,2387.2,059003.000062,059003.000515,0.5516,2D,2.9574,48.341,0
11.3,115963.1153,0.5378,4748.1,059003.000060,059003.000510,-3.0907,5E,2.2133,78.012,0
11.3,115839.305,0.5366,2361.08,059003.000059,059003.000425,0.0873,2B,0.635,646.59,0
11.3,115674.1104,0.5351,2343.83,059003.000057,059003.000502,0.9633,2B,0.5737,1025.455,0
11.3,114364.8156,0.5231,2209.89,059003.000082,059003.000521,0.2161,2C,0.8214,451.423,0
11.3,114126.8071,0.5209,2186.06,059003.000052,059003.000575,-0.692,2G,0.6234,318.914,0
11.3,114126.8071,0.5209,2186.06,059003.000073,059003.000512,0.5192,2B,0.7579,3058.736,0
11.3,112705.1128,0.508,8188.1,059003.000080,059003.000512,-0.3644,2G,0.6493,1379.016,0
11.3,102260.6925,0.4182,4777.33,059003.000135,059003.000508,0.9228,3C,0.7508,1074.138,0
11.3,102062.6162,0.4166,1180.93,059003.000042,059003.000379,-0.1049,2C,0.813,160.557,0
11.3,101521.7883,0.4122,3434.54,059003.000045,059003.000476,-0.3399,2A,0.5263,3629.957,0
11.3,101293.1111,0.4103,4519.23,059003.000147,059003.000526,-1.7417,5E,3.0457,15.939,0
11.3,100944.9177,0.4075,5535.82,059003.000045,059003.000381,0.4412,2B,0.7668,3320.883,0
11.3,100461.308,0.8072,5381.06,059003.000057,059003.000396,-2.2185,3G,0.6835,171.423,0
11.3,100461.308,0.8072,5381.06,059003.000060,059003.000401,2.2878,3G,0.6921,902.511,0
11.3,100370.0914,0.4029,5352.19,059003.000064,059003.000406,-0.4791,2B,0.5767,10026.865,0
11.3,100118.3072,0.4009,10546.1,059003.000080,059003.000493,0.6188,2G,0.562,1781.054,0
11.3,99948.3199,0.799,83520.94,059003.000060,059003.000396,-0.6689,2C,0.7094,11582.286,0
11.3,99560.0725,0.3964,2040.14,059003.000082,059003.000409,-0.397,2A,0.5963,2723.299,0
11.3,99446.9018,0.3955,5065.81,059003.000062,059003.000482,0.8661,3A,0.5972,3514.434,0
11.3,99429.0053,0.7907,10120.73,059003.000158,059003.000526,1.3911,2E,2.5142,117.645,0
11.3,99393.0234,0.3951,3029.65,059003.000154,059003.000523,-0.7955,3G,0.3817,828.85,0
11.3,99333.0162,0.3946,3018.72,059003.000064,059003.000396,-0.947,3B,0.8732,1309.175,0
11.3,99333.0162,0.3946,3018.72,059003.000085,059003.000493,0.6242,2A,0.6213,2875.455,0
11.3,99333.0162,0.3946,3018.72,059003.000063,059003.000395,2.0751,5G,0.573,616.889,0
11.3,99283.0216,0.3942,7022.49,059003.000154,059003.000522,-0.6593,2E,2.1173,94.364,0
11.3,99270.9114,0.7882,40099.21,059003.000050,059003.000375,0.2274,2B,0.6192,11005.961,0
11.3,99270.9114,0.7882,40099.21,059003.000064,059003.000482,1.7088,3G,0.5696,3637.201,0
11.3,99189.6039,0.3935,1995.14,059003.000130,059003.000417,1.007,3B,0.6482,6077.253,0
11.3,99006.2024,0.392,19731.1,059003.000064,059003.000393,0.4847,2A,0.6919,21757.742,0
11.3,98922.0971,0.3913,58891.83,059003.000046,059003.000370,0.1171,2G,0.6772,12431.278,0
11.3,98646.0978,0.3892,3860.65,059003.000042,059003.000359,0.8686,3G,0.4387,34972.617,0
11.3,98551.4144,0.3884,2878.77,059003.000075,059003.000487,0.4616,2G,0.6211,750.87,0
11.3,98529.0014,0.3882,2874.82,059003.000033,059003.000328,0.0001,2B,1.5651,475.819,0
11.3,98487.9817,0.3879,4779.34,059003.000097,059003.000496,0.196,2B,0.667,2247.091,0
11.3,98465.6819,0.3877,1909.12,059003.000069,059003.000399,0.2498,2B,0.6989,3726.252,0
11.3,98306.3855,0.773,47263.39,059003.000060,059003.000385,-0.2188,2B,1.3921,8065.763,0
11.3,98301.4231,0.7729,4724.9,059003.000046,059003.000364,1.0238,2G,0.6372,42962.725,0
11.3,98257.3072,0.7722,1884.83,059003.000050,059003.000370,1.0029,2B,1.2463,1127.298,0
11.3,98257.3072,0.7722,1884.83,059003.000091,059003.000412,1.5249,2A,0.6058,1568.646,0
11.3,98085.9977,0.7695,55950.54,059003.000045,059003.000360,-0.8477,2B,0.6013,24258.911,0
11.3,98079.4768,0.3847,932.13,059003.000069,059003.000480,0.2592,2B,0.7709,864.558,0
11.3,98079.4768,0.3847,932.13,059003.000041,059003.000353,0.6376,2G,0.5942,3819.74,0
11.3,98052.2238,0.3845,1861.13,059003.000178,059003.000538,-0.0001,2B,0.691,859.181,0
11.3,98045.5093,0.3844,37207.1,059003.000074,059003.000402,0.6264,2C,0.8231,6819.256,0
11.3,97884.8991,0.7663,27629.04,059003.000070,059003.000393,-0.3039,2A,0.6833,14771.106,0
11.3,97881.2782,0.3831,920.76,059003.000095,059003.000493,-0.7615,2B,0.6045,2894.53,0
11.3,97871.5921,0.7661,4601.04,059003.000059,059003.000379,-1.2203,2G,0.4523,25100.868,0
11.3,97820.8765,0.3827,1834.63,059003.000166,059003.000528,0.0,2A,0.6167,1647.888,0
11.3,97699.0164,0.7634,4551.93,059003.000060,059003.000377,0.0644,2C,0.7154,24036.243,0
11.3,97699.0164,0.7634,4551.93,059003.000072,059003.000481,1.1365,2A,0.6393,7401.08,0
11.3,97664.1088,0.3814,9084.08,059003.000098,059003.000493,-0.1921,2B,0.6861,2314.552,0
11.3,97638.1925,0.3812,906.94,059003.000064,059003.000474,-0.4479,2B,0.5772,308.683,0
11.3,97633.4107,0.3812,7253.36,059003.000073,059003.000482,-0.8121,3A,0.586,10949.984,0
11.3,97477.2905,0.76,8978.7,059003.000151,059003.000506,0.0657,2G,0.583,1524.691,0
11.3,97477.2905,0.76,8978.7,059003.000540,059003.000491,1.1118,2B,0.6213,3043.959,0
11.3,97261.3789,0.3783,8857.95,059003.000539,059003.000478,-1.0796,3B,0.5858,4760.897,0
11.3,97261.3789,0.3783,8857.95,059003.000062,059003.000377,0.6194,2B,0.872,7804.653,0
11.3,97220.3166,0.756,7068.08,059003.000076,059003.000484,-1.6595,3C,0.7319,1267.059,0
11.3,97173.0064,0.3776,88088.36,059003.000080,059003.000405,0.0351,2B,0.5874,35629.734,0
11.3,97166.2082,0.7551,8805.07,059003.000064,059003.000379,-1.3682,2G,0.6196,44308.729,0
11.3,97155.9148,0.3775,4399.68,059003.000053,059003.000365,-0.522,2B,0.6503,12702.62,0
11.3,97155.9148,0.3775,4399.68,059003.000158,059003.000516,1.1347,4A,0.6797,2811.346,0
11.3,96976.5882,0.3761,1740.07,059003.000083,059003.000486,-0.5659,2G,0.5769,16436.619,0
11.3,96896.7129,0.3755,1731.3,059003.000081,059003.000404,-0.7377,2B,0.7646,807.233,0
11.3,96896.7129,0.3755,1731.3,059003.000156,059003.000509,2.6504,5B,1.4367,698.31,0
11.3,96797.3141,0.7494,17204.22,059003.000076,059003.000397,0.6108,2A,0.5873,11123.072,0
11.3,96797.3141,0.7494,17204.22,059003.000086,059003.000491,1.3057,2G,0.5614,2396.389,0
11.3,96777.0017,0.3745,4295.51,059003.000054,059003.000365,0.6595,2A,0.6021,4719.143,0
11.3,96739.2907,0.3743,8570.47,059003.000082,059003.000403,-0.8213,3G,0.5657,31356.571,0
11.3,96712.42,0.374,5989.1,059003.000084,059003.000405,-0.8252,3D,1.9607,257.524,0
11.3,96635.5208,0.3734,2554.23,059003.000156,059003.000506,-1.0206,3G,0.6039,17430.338,0
11.3,96600.5218,0.3732,8495.14,059003.000106,059003.000411,0.2511,2A,0.5931,12812.683,0
11.3,96403.1785,0.7433,1677.75,059003.000137,059003.000414,-1.031,2G,0.5677,15414.834,0
11.3,96389.021,0.3715,16762.36,059003.000078,059003.000395,1.1765,4G,0.5735,3824.794,0
11.3,96377.9929,0.7429,41876.32,059003.000108,059003.000493,-2.0624,3G,0.6133,993.39,0
11.3,96377.9929,0.7429,41876.32,059003.000072,059003.000476,-0.7073,2D,2.3651,2470.558,0
11.3,96308.5858,0.3709,8338.11,059003.000155,059003.000503,-0.438,2B,0.5397,19595.782,0
11.3,96261.2059,0.3706,8312.81,059003.000081,059003.000398,1.0165,3B,0.5855,27905.16,0
11.3,96234.2785,0.7407,49790.75,059003.000072,059003.000385,1.4367,2A,0.6241,85905.714,0
11.3,96142.3081,0.3696,16499.11,059003.000154,059003.000502,-0.9954,3B,0.6817,52693.727,0
11.3,96020.8756,0.3687,16370.58,059003.000071,059003.000383,0.0149,2G,0.5987,4449.362,0
11.3,96020.8756,0.3687,16370.58,059003.000046,059003.000352,0.7291,2C,1.1127,1944.559,0
11.3,96004.5228,0.3686,81766.59,059003.000111,059003.000493,-0.1906,2G,0.5723,14212.787,0
11.3,95983.9987,0.3684,48995.03,059003.000156,059003.000501,-0.6908,2A,0.6217,43559.447,0
11.3,95977.7188,0.3684,2448.76,059003.000111,059003.000411,0.0785,2G,0.5616,15059.235,0
11.3,95952.4082,0.3682,1629.84,059003.000158,059003.000503,-0.1072,2D,3.2359,54.807,0
11.3,95920.6835,0.3679,5692.76,059003.000138,059003.000414,1.0892,3G,0.5613,19976.672,0
11.3,95786.0039,0.3669,2418.58,059003.000069,059003.000469,-0.3687,2B,0.5809,5378.476,0
11.3,95718.7143,0.3664,8026.84,059003.000062,059003.000370,0.8517,3G,0.5489,62960.253,0
11.3,95705.7114,0.3663,3208.03,059003.000091,059003.000407,-0.9615,3B,0.5918,942.419,0
11.3,95658.3049,0.7319,7995.42,059003.000057,059003.000361,-1.3255,2G,0.5785,54856.352,0
11.3,95658.3049,0.7319,7995.42,059003.000049,059003.000354,1.1743,2G,0.5635,96057.721,0
11.3,95640.39,0.3658,15972.23,059003.000084,059003.000481,-0.7101,2C,1.0292,1679.547,0
11.3,95612.3081,0.3656,23914.64,059003.000063,059003.000371,0.4295,2B,0.574,7093.131,0
11.3,95612.3081,0.3656,23914.64,059003.000539,059003.000473,1.5783,5B,0.5442,42950.676,0
11.3,95563.9951,0.3652,794.65,059003.000062,059003.000368,-0.6988,2B,1.0464,1642.814,0
11.3,95563.9951,0.3652,794.65,059003.000075,059003.000474,-0.4572,2D,1.7077,281.937,0
11.3,95559.319,0.3652,794.41,059003.000161,059003.000513,0.0,2B,0.6467,2752.732,0
11.3,95517.9029,0.3649,792.27,059003.000164,059003.000517,-1.0626,3D,2.7405,254.215,0
11.3,95512.7034,0.3648,2376.01,059003.000082,059003.000392,-1.0161,3A,0.5475,1667.05,0
11.3,95512.7034,0.3648,2376.01,059003.000085,059003.000483,1.0731,3C,0.791,423.191,0
11.3,95490.1912,0.7293,7908.4,059003.000084,059003.000393,-0.0098,2G,0.6899,52723.427,0
11.3,95453.718,0.3644,788.96,059003.000095,059003.000489,-0.1769,2G,0.5655,4047.161,0
11.3,95438.0823,0.3643,6305.25,059003.000093,059003.000407,-1.7482,5A,0.616,10972.687,0
11.3,95438.0823,0.3643,6305.25,059003.000114,059003.000413,0.8255,3G,0.5695,40831.846,0
11.3,95434.2236,0.3642,2363.87,059003.000070,059003.000375,-0.6709,2B,0.7018,3335.194,0
11.3,95434.2236,0.3642,2363.87,059003.000080,059003.000391,0.7311,3B,0.7927,2281.303,0
11.3,95434.2236,0.3642,2363.87,059003.000046,059003.000349,1.0786,3B,0.5568,4920.989,0
11.3,95393.5321,0.3639,2357.6,059003.000072,059003.000469,-0.67,2B,1.0103,646.381,0
11.3,95344.6207,0.3635,3916.79,059003.000063,059003.000366,-0.2009,2B,0.7444,6547.914,0
11.3,95210.1203,0.3625,15529.74,059003.000053,059003.000357,0.8609,3A,0.6052,13700.875,0
11.3,95169.5291,0.7244,7744.21,059003.000093,059003.000406,0.4758,2B,0.5498,3990.622,0
11.3,95169.5291,0.7244,7744.21,059003.000083,059003.000477,1.529,3G,0.4326,898.889,0
11.3,95127.3862,0.3619,3861.41,059003.000167,059003.000515,0.0043,2B,0.5709,9899.003,0
11.3,95081.7997,0.3615,3849.85,059003.000086,059003.000478,1.6453,5G,0.5537,29777.236,0
11.3,95074.7276,0.3615,23088.36,059003.000071,059003.000374,-0.0069,2G,0.5661,152665.649,0
11.3,95044.6814,0.3613,2304.28,059003.000167,059003.000514,0.8196,3B,0.9889,2890.031,0
11.3,95027.1268,0.3611,2301.62,059003.000093,059003.000405,-0.1178,2B,0.6933,1331.528,0
11.3,95016.7821,0.361,76668.26,059003.000060,059003.000360,-0.3978,2G,0.6197,14755.575,0
11.3,94968.5961,0.3607,764.25,059003.000115,059003.000493,0.5111,2G,0.543,25327.057,0
11.3,94940.9106,0.3605,762.86,059003.000115,059003.000411,-0.1014,2G,0.5695,24046.85,0
11.3,94840.7141,0.7194,60626.21,059003.000098,059003.000486,-1.5905,3B,0.562,22971.322,0
11.3,94837.7768,0.7194,37884.02,059003.000078,059003.000475,-0.8233,2G,0.5949,6530.44,0
11.3,94832.807,0.3596,37871.58,059003.000093,059003.000403,0.6602,2B,0.5647,88703.481,0
11.3,94680.1111,0.3585,14996.23,059003.000066,059003.000367,-0.7657,3A,0.5724,8727.174,0
11.3,94590.9227,0.3578,298153.87,059003.000166,059003.000425,1.2134,4G,0.6812,53613.284,0
11.3,94577.8902,0.7154,14894.79,059003.000062,059003.000360,-1.0971,2G,0.565,120121.794,0
11.3,94574.8233,0.7154,7445.88,059003.000081,059003.000475,1.5662,3G,0.5804,1527.663,0
11.3,94554.1944,0.3575,74356.7,059003.000078,059003.000473,-1.1121,4G,0.542,14864.77,0
11.3,94537.9138,0.7148,3713.81,059003.000123,059003.000496,1.3964,2G,0.5652,34105.012,0
11.3,94515.8777,0.3572,2966.7,059003.000105,059003.000489,0.6092,2B,0.5619,5603.653,0
11.3,94494.179,0.3571,2221.81,059003.000070,059003.000467,-0.4862,2A,0.4364,2423.778,0
11.3,94414.9759,0.713,294681.73,059003.000096,059003.000400,-0.0429,2G,0.5757,50156.834,0
11.3,94403.4786,0.3564,36806.98,059003.000114,059003.000408,-0.1862,2B,0.5639,106228.461,0
11.3,94376.3907,0.3562,7348.1,059003.000083,059003.000475,-0.1075,2A,0.5437,9909.6,0
11.3,94366.7817,0.3561,14686.77,059003.000166,059003.000505,-0.1445,2C,0.9431,2608.857,0
11.3,94357.5051,0.356,7338.84,059003.000069,059003.000369,-0.8055,3A,0.4779,5430.716,0
11.3,94251.327,0.7105,21860.78,059003.000081,059003.000382,0.9367,2B,0.741,54906.007,0
11.3,94247.6102,0.7104,21855.35,059003.000119,059003.000411,-0.8074,2A,0.632,16056.439,0
11.3,94200.3051,0.3549,7262.07,059003.000173,059003.000514,-1.9837,5B,0.7678,2607.593,0
11.3,94200.3051,0.3549,7262.07,059003.000091,059003.000479,-0.2188,2G,0.5678,1522.488,0
11.3,94175.4861,0.3547,29000.01,059003.000084,059003.000385,-0.5759,2G,0.5999,5185.793,0
11.3,94070.2743,0.3539,50392.92,059003.000091,059003.000393,-0.7685,3B,0.6114,16814.854,0
11.3,94062.1088,0.3538,71950.4,059003.000095,059003.000483,0.8307,3B,0.5802,34635.367,0
11.3,94002.7997,0.3534,14332.8,059003.000081,059003.000380,0.4652,2G,0.5405,2609.126,0
11.3,93970.7233,0.3531,35754.73,059003.000144,059003.000497,0.8036,3B,0.5674,14542.629,0
11.3,93952.2031,0.353,28568.13,059003.000164,059003.000501,1.3885,4A,0.5016,23159.544,0
11.3,93939.7798,0.7058,14272.12,059003.000085,059003.000386,0.0425,2G,0.5768,3631.473,0
11.3,93939.7798,0.7058,14272.12,059003.000097,059003.000483,0.3951,2B,1.1528,3017.733,0
11.3,93926.095,0.3528,35647.4,059003.000123,059003.000413,-0.3271,2A,0.5575,42345.252,0
11.3,93919.1134,0.3527,7126.13,059003.000102,059003.000485,0.7799,3D,1.6798,2847.379,0
11.3,93867.1126,0.3524,14202.35,059003.000166,059003.000501,-0.7516,3G,0.6065,2959.273,0
11.3,93856.3869,0.3523,7096.04,059003.000097,059003.000482,0.517,2B,0.5855,16775.403,0
11.3,93852.9238,0.3522,7094.38,059003.000069,059003.000364,0.0413,2A,0.5427,7705.508,0
11.3,93804.3321,0.3519,2121.34,059003.000099,059003.000397,-0.792,3B,0.5818,4239.707,0
11.3,93789.5887,0.3518,70640.95,059003.000082,059003.000377,-0.7857,3G,0.5691,12579.011,0
11.3,93774.1957,0.3517,1411.35,059003.000146,059003.000498,0.3346,2A,0.5686,1019.163,0
11.3,93732.0069,0.3513,7036.64,059003.000089,059003.000477,-0.8589,3B,0.5313,20501.724,0
11.3,93726.0225,0.3513,14067.58,059003.000085,059003.000384,0.3741,2G,0.5667,2796.062,0
11.3,93726.0225,0.3513,14067.58,059003.000163,059003.000500,0.6265,2B,0.5843,7543.795,0
11.3,93657.5925,0.7016,7001.26,059003.000074,059003.000371,-2.041,3G,0.5698,968.694,0
11.3,93657.5925,0.7016,7001.26,059003.000147,059003.000498,1.4231,3G,0.6207,792.955,0
11.3,93652.1282,0.7015,3499.33,059003.000084,059003.000379,0.0685,2B,0.6294,7412.467,0
11.3,93643.0178,0.3507,6994.35,059003.000082,059003.000470,0.2671,2E,1.6176,218.555,0
11.3,93572.4133,0.7003,3480.46,059003.000172,059003.000506,-1.1266,2B,0.5985,1146.403,0
11.3,93572.4133,0.7003,3480.46,059003.000119,059003.000492,1.1434,2A,0.5186,2815.009,0
11.3,93489.5069,0.3495,13843.61,059003.000123,059003.000409,0.0862,2G,0.5718,53235.488,0
11.3,93439.9032,0.3492,6898.47,059003.000173,059003.000506,0.9141,3G,0.5316,35616.91,0
11.3,93428.9976,0.3491,41360.11,059003.000146,059003.000417,-1.5775,5B,0.5743,11743.438,0
11.3,93420.8889,0.349,55116.36,059003.000172,059003.000505,0.1389,2B,0.6124,25820.546,0
11.3,93415.3908,0.349,4820.88,059003.000073,059003.000365,-0.7769,3A,0.5315,4015.944,0
11.3,93415.3908,0.349,4820.88,059003.000057,059003.000351,0.7206,3G,0.5571,978.246,0
11.3,93403.7897,0.3489,2064.46,059003.000100,059003.000478,-0.0997,2G,0.5362,7830.721,0
11.3,93297.6811,0.3481,6831.88,059003.000098,059003.000392,-0.4124,2B,0.5942,20154.19,0
11.3,93288.2825,0.696,6827.5,059003.000101,059003.000395,-0.138,2B,0.7852,3176.458,0
11.3,93285.4915,0.696,34130.98,059003.000063,059003.000358,0.0546,2B,0.5333,61754.565,0
11.3,93285.4915,0.696,34130.98,059003.000073,059003.000364,1.0224,2A,0.5417,29958.439,0
11.3,93257.908,0.3478,3406.67,059003.000121,059003.000492,-0.49,2B,0.5037,7589.605,0
11.3,93242.7002,0.3477,20418.77,059003.000085,059003.000377,-0.1392,2A,0.6144,21161.44,0
11.3,93181.2005,0.3472,2033.3,059003.000057,059003.000349,-0.5573,2G,0.5966,353.561,0
11.3,93138.4143,0.3469,675.78,059003.000177,059003.000516,1.5007,5G,0.5676,9718.843,0
11.3,93117.6087,0.3468,3374.1,059003.000120,059003.000408,-0.4199,2G,0.5437,96464.527,0
11.3,93106.327,0.3467,3371.49,059003.000101,059003.000478,-1.2841,4A,0.5581,3588.524,0
11.3,93090.5866,0.3466,4714.99,059003.000148,059003.000416,-1.03,3A,0.5241,4532.533,0
11.3,93080.0969,0.3465,3365.43,059003.000151,059003.000499,-0.0389,2G,0.4823,1002.25,0
11.3,93058.284,0.3463,3360.39,059003.000171,059003.000502,0.4699,2D,1.8271,3359.357,0
11.3,92973.4097,0.3457,1336.34,059003.000076,059003.000371,0.4282,2G,0.5544,29612.831,0
11.3,92797.8915,0.3444,2640.55,059003.000035,059003.000327,-0.0598,2B,0.79,663.858,0
11.3,92788.5012,0.3443,659.71,059003.000114,059003.000407,0.9197,3G,0.541,21569.552,0
11.3,92629.7951,0.3431,6525.06,059003.000113,059003.000406,-0.2438,2G,0.3874,1625.421,0
11.3,92535.6075,0.3424,3889.54,059003.000106,059003.000394,-0.4192,2B,1.5496,1285.938,0
11.3,92487.7903,0.3421,12922.13,059003.000177,059003.000508,-0.6173,2B,0.5754,4522.031,0
11.3,92469.1253,0.3419,1935.81,059003.000099,059003.000388,-0.3696,2A,0.5923,1761.133,0
11.3,92362.4067,0.3411,5123.94,059003.000079,059003.000367,-0.2705,2G,0.5395,21021.41,0
11.3,92347.3105,0.341,6398.19,059003.000178,059003.000425,-1.1377,4G,0.543,31984.849,0
11.3,92323.1063,0.3409,638.74,059003.000178,059003.000424,-0.0001,2B,0.9139,424.462,0
11.3,92313.905,0.3408,6383.3,059003.000175,059003.000500,-0.2559,2A,0.5246,5174.113,0
11.3,92288.0091,0.3406,1274.35,059003.000108,059003.000394,-0.7293,3B,1.557,880.568,0
11.3,92267.6822,0.6809,12725.47,059003.000129,059003.000413,-0.4438,2G,0.5376,2773.621,0
11.3,92267.6822,0.6809,12725.47,059003.000153,059003.000499,0.3587,2A,0.5537,13124.16,0
11.3,92267.6822,0.6809,12725.47,059003.000062,059003.000350,1.8585,3G,0.5427,1986.094,0
11.3,92256.1888,0.3404,635.76,059003.000155,059003.000499,0.2932,2D,1.712,86.47,0
11.3,92239.918,0.6805,5080.32,059003.000098,059003.000475,-1.7308,3A,0.5197,7655.221,0
11.3,92179.2217,0.3398,9485.26,059003.000114,059003.000403,-0.6761,2B,0.5473,3517.871,0
11.3,92167.6917,0.3397,5054.73,059003.000129,059003.000412,0.1316,2B,0.5801,16552.099,0
11.3,92153.1798,0.3396,1262.4,059003.000097,059003.000384,-0.2229,2C,1.5373,63.242,0
11.3,92144.9178,0.3395,630.83,059003.000155,059003.000498,-0.5214,2B,1.557,66.484,0
11.3,92132.1085,0.3394,12605.37,059003.000039,059003.000334,-0.6817,3G,0.4683,453.463,0
11.3,92132.1085,0.3394,12605.37,059003.000082,059003.000369,0.7836,3C,1.3843,1170.677,0
11.3,91899.0879,0.3377,6200.39,059003.000158,059003.000499,-0.2993,2G,0.5362,35683.167,0
11.3,91812.3786,0.6742,4930.09,059003.000085,059003.000468,-1.268,2D,1.7531,1106.919,0
11.3,91812.3786,0.6742,4930.09,059003.000081,059003.000466,1.4451,3G,0.6596,1261.696,0
11.3,91767.5301,0.6735,2457.26,059003.000080,059003.000464,0.0984,2A,0.6804,1792.808,0
11.3,91767.5301,0.6735,2457.26,059003.000097,059003.000380,0.9585,2B,0.4941,939.919,0
11.3,91761.0819,0.3367,614.03,059003.000096,059003.000379,0.3335,2G,0.623,117.922,0
11.3,91683.8746,0.3362,1221.39,059003.000102,059003.000475,-0.1817,2A,0.5252,1871.411,0
11.3,91683.8746,0.3362,1221.39,059003.000156,059003.000415,-0.0001,2G,0.5175,241.825,0
11.3,91623.7144,0.3357,18242.95,059003.000121,059003.000491,-0.5411,2G,0.5191,3658.29,0
11.3,91542.0713,0.6702,1209.18,059003.000086,059003.000371,0.1698,2A,0.5156,1203.887,0
11.3,91452.3167,0.3345,600.75,059003.000084,059003.000465,-0.3784,2D,1.8565,40.228,0
11.3,91414.1191,0.3342,1797.35,059003.000121,059003.000487,-0.1614,2A,0.5363,1211.678,0
11.3,91286.5827,0.6665,35621.88,059003.000159,059003.000497,-2.1237,4B,0.5364,12716.585,0
11.3,91088.711,0.3318,585.36,059003.000120,059003.000405,-0.6485,2B,0.7502,432.381,0
11.3,91044.0177,0.3315,2333.94,059003.000108,059003.000476,0.0044,2B,0.4955,6545.374,0
11.3,91025.0743,0.3313,582.69,059003.000048,059003.000553,-0.1066,2A,0.33,658.735,0
11.3,90877.8696,0.3303,1153.12,059003.000160,059003.000498,0.6451,2B,0.4892,387.627,0
11.3,90864.803,0.3302,23040.67,059003.000121,059003.000404,0.643,2G,0.5736,4750.822,0
11.3,90709.6244,0.329,11392.09,059003.000123,059003.000404,-0.795,3B,1.1067,1982.085,0
11.3,90618.9088,0.3284,22635.17,059003.000121,059003.000484,-0.2344,2B,0.5319,7373.351,0
11.3,90447.3169,0.3271,3353.27,059003.000051,059003.000548,-0.7732,3G,0.3979,949.582,0
11.3,90399.3269,0.6536,5569.32,059003.000111,059003.000384,1.3572,3A,0.5446,7078.982,0
11.3,90392.6676,0.3268,11133.24,059003.000120,059003.000399,0.0715,2B,0.5374,3480.787,0
11.3,90254.6248,0.3258,3306.54,059003.000179,059003.000520,0.0001,2G,0.5901,29007.683,0
11.3,90087.4195,0.3245,16331.78,059003.000121,059003.000395,-1.7914,5B,0.5173,8340.006,0
11.3,90017.4791,0.324,541.61,059003.000096,059003.000369,-0.5698,2G,0.6121,3378.707,0
11.3,90017.4791,0.324,541.61,059003.000120,059003.000481,0.2647,2B,1.2675,1125.513,0
11.3,90010.8139,0.324,541.34,059003.000111,059003.000380,-0.3246,2B,0.8188,156.919,0
11.3,89981.8209,0.3238,5401.92,059003.000082,059003.000458,-0.4202,2G,0.4955,997.92,0
11.3,89926.2749,0.3234,5379.92,059003.000081,059003.000357,-0.1255,2B,0.5212,9637.686,0
11.3,89651.4959,0.3214,15815.97,059003.000184,059003.000526,0.8389,3B,1.5436,4415.213,0
11.3,89595.826,0.321,1575.09,059003.000121,059003.000392,-0.5852,2A,0.4976,2365.184,0
11.3,89595.826,0.321,1575.09,059003.000091,059003.000361,0.4338,2G,0.5097,20191.751,0
11.3,89575.6142,0.3209,1572.74,059003.000115,059003.000386,0.1838,2G,0.4975,33507.53,0
11.3,89518.3906,0.3205,1566.08,059003.000163,059003.000414,-1.061,4B,0.5531,670.411,0
11.3,89518.3906,0.3205,1566.08,059003.000174,059003.000572,0.7079,3G,0.5842,196.383,0
11.3,89472.5012,0.3201,5202.5,059003.000179,059003.000515,-0.2637,2G,0.5212,1200.747,0
11.3,89454.5867,0.32,4156.47,059003.000135,059003.000492,-0.6549,3A,0.5053,6686.529,0
11.3,89425.129,0.3198,7776.33,059003.000105,059003.000468,0.461,2B,1.3366,1291.8,0
11.3,89364.5925,0.3194,20643.7,059003.000104,059003.000371,-0.7617,3A,0.5014,21833.153,0
11.3,89260.1119,0.3186,512.09,059003.000180,059003.000516,-2.0936,5B,0.7662,1649.886,0
11.3,89050.3175,0.3171,1008.23,059003.000130,059003.000404,-0.1427,2G,0.6128,22941.516,0
11.3,88853.1138,0.3157,9933.99,059003.000126,059003.000396,0.0315,2A,0.5244,10844.304,0
11.3,88799.0064,0.3153,1484.04,059003.000129,059003.000400,0.0565,2G,0.5326,29608.179,0
11.3,88772.1226,0.3151,987.35,059003.000104,059003.000466,-0.726,3B,1.0881,184.019,0
11.3,88772.1226,0.3151,987.35,059003.000088,059003.000458,0.7961,3G,0.5745,113.183,0
11.3,88758.0224,0.315,2465.76,059003.000082,059003.000349,-0.6201,2A,0.5175,3353.672,0
11.3,88740.0893,0.3149,984.97,059003.000119,059003.000474,-0.5627,2A,0.5694,601.194,0
11.3,88606.3804,0.314,487.53,059003.000128,059003.000395,0.8427,3C,1.0661,53.286,0
11.3,88515.8025,0.3133,1452.58,059003.000173,059003.000416,0.8418,3A,0.5294,1795.83,0
11.3,88372.4732,0.3123,957.89,059003.000111,059003.000370,0.2093,2A,0.6241,608.879,0
11.3,88251.381,0.3115,9490.92,059003.000131,059003.000401,0.4122,2A,0.5263,9903.798,0
11.3,88158.806,0.3108,1884.8,059003.000091,059003.000356,-0.3546,2G,0.5413,19456.76,0
11.3,88066.2929,0.3101,467.87,059003.000141,059003.000413,-0.1169,2B,0.5406,211.755,0
11.3,87866.9179,0.3087,921.52,059003.000048,059003.000329,0.2849,2B,0.4209,1728.047,0
11.3,87800.6848,0.3083,1375.24,059003.000114,059003.000468,-0.2827,2A,0.6122,2351.397,0
11.3,87788.7198,0.3082,457.99,059003.000181,059003.000510,0.0111,2B,0.974,403.45,0
11.3,87516.5963,0.3063,4484.47,059003.000180,059003.000500,0.3383,2B,0.5102,13354.529,0
11.3,87498.8208,0.3062,895.66,059003.000058,059003.000337,0.6724,3B,0.4957,329.98,0
11.3,87266.7788,0.3045,439.81,059003.000097,059003.000353,0.1378,2A,0.5295,639.851,0
11.3,87216.7838,0.3042,438.1,059003.000184,059003.000512,-0.0144,2A,0.4599,335.251,0
11.3,87045.0953,0.303,4322.44,059003.000113,059003.000363,0.5607,2G,0.5261,29877.801,0
11.3,86895.5965,0.302,854.39,059003.000144,059003.000493,-0.091,2G,0.485,162.778,0
11.3,86613.5037,0.3,417.78,059003.000181,059003.000500,-0.3695,2G,0.4675,2205.841,0
11.3,86187.8077,0.2971,1615.4,059003.000131,059003.000386,0.009,2G,0.5079,327.366,0
11.3,84900.086,0.2882,1818.64,059003.000132,059003.000378,0.4529,2B,0.4842,5552.227,0
11.3,84556.8841,0.2859,7070.7,059003.000130,059003.000371,0.4354,2A,0.4625,5310.801,0
11.3,84215.5103,0.2836,5154.0,059003.000186,059003.000503,0.3197,2B,0.4663,2166.112,0
11.3,83644.8851,0.2798,1309.77,059003.000145,059003.000405,0.2004,2A,0.3609,1476.146,0
11.3,83587.4945,0.2794,325.85,059003.000180,059003.000497,-0.1298,2G,0.4259,1000.704,0
11.3,83553.5722,0.2792,324.91,059003.000180,059003.000417,0.502,2G,0.5168,2393.609,0
11.3,83326.9988,0.2777,1593.41,059003.000131,059003.000364,0.5757,3A,0.4804,1880.835,0
11.3,83133.0921,0.5527,626.84,059003.000092,059003.000551,0.5131,2B,0.4849,351.263,0
11.3,82728.519,0.5474,605.3,059003.000164,059003.000412,-0.6162,2B,0.488,1172.143,0
11.3,82345.5053,0.2712,292.7,059003.000153,059003.000489,-0.2529,2B,0.7155,117.003,0
11.3,82012.1138,0.269,284.23,059003.000110,059003.000557,-0.3422,2G,0.4367,87.08,0
11.3,82012.1138,0.269,284.23,059003.000184,059003.000498,0.1402,2G,0.486,27.185,0
11.3,81951.7874,0.2686,282.72,059003.000153,059003.000486,-0.1193,2A,0.4365,312.238,0
11.3,81440.0875,0.2652,540.24,059003.000064,059003.000456,0.4722,2A,0.6563,298.661,0
11.3,81038.7194,0.2626,781.58,059003.000153,059003.000398,0.5363,3D,2.2836,33.868,0
11.3,81025.5233,0.2625,260.21,059003.000155,059003.000398,-1.2318,5A,0.4528,376.371,0
11.3,81025.5233,0.2625,260.21,059003.000159,059003.000485,-0.576,3A,0.5019,274.22,0
11.3,79448.31,0.5048,899.75,059003.000103,059003.000333,0.8383,2A,0.661,1157.234,0
11.3,78954.7153,0.4986,429.31,059003.000163,059003.000397,0.9336,2B,0.4783,134.898,0
11.3,78799.1017,0.2483,422.97,059003.000158,059003.000384,-0.1214,2B,0.4586,1066.459,0
11.3,78792.0917,0.2483,211.35,059003.000159,059003.000475,0.2696,2A,0.3721,169.363,0
11.3,78631.7228,0.4945,2081.17,059003.000122,059003.000549,0.1693,2A,0.4003,2176.938,0
11.3,78543.6182,0.2467,1031.8,059003.000172,059003.000403,0.4027,2B,0.4112,442.744,0
11.3,77666.9769,0.4824,378.92,059003.000172,059003.000481,0.8088,2C,1.0543,43.975,0
11.3,77590.8847,0.2407,376.08,059003.000110,059003.000328,0.2382,2C,1.3808,45.022,0
11.3,77383.3801,0.4789,552.65,059003.000144,059003.000462,-1.0148,3A,0.4995,583.708,0
11.3,76509.8076,0.4682,3374.87,059003.000171,059003.000387,-0.5136,2B,0.439,1208.87,0
11.3,76347.1146,0.2331,165.97,059003.000172,059003.000476,0.1262,2B,1.2467,282.364,0
11.3,74704.4982,0.2232,559.4,059003.000153,059003.000357,0.1041,2B,0.4472,223.577,0
11.3,74232.2821,0.2204,664.72,059003.000063,059003.000308,-0.3221,2B,1.4725,117.336,0
11.3,73791.1874,0.2177,126.73,059003.000179,059003.000405,0.4689,3G,0.4697,2176.415,0
11.3,73426.6598,0.2156,121.76,059003.000173,059003.000365,0.5117,3B,0.4021,241.195,0
11.3,73176.9856,0.2141,355.32,059003.000097,059003.000313,0.1054,2A,0.4492,404.335,0
11.3,72360.0972,0.2094,216.12,059003.000105,059003.000313,-0.05,2B,0.522,96.555,0
11.3,72102.2879,0.2079,209.86,059003.000211,059003.000429,-0.0,2B,1.2128,61.9,0
11.3,71964.8188,0.2071,723.04,059003.000186,059003.000492,0.3976,2A,0.4041,963.656,0
11.3,71706.9914,0.2056,1002.67,059003.000093,059003.000312,1.1653,5B,0.4417,2639.86,0
11.3,71679.663,0.2055,299.85,059003.000211,059003.000428,0.779,4A,0.677,274.699,0
11.3,71421.5681,0.408,678.99,059003.000111,059003.000313,0.1209,2G,0.3271,181.406,0
11.3,71307.512,0.2033,287.15,059003.000041,059003.000446,-0.2981,2B,1.3331,98.729,0
11.3,71307.512,0.2033,287.15,059003.000099,059003.000312,-0.2247,2B,1.0079,179.533,0
11.3,71045.4837,0.2018,1856.34,059003.000136,059003.000327,0.3585,2G,0.4087,379.341,0
11.3,70959.5011,0.2013,1837.61,059003.000126,059003.000456,0.7667,4E,1.8101,43.758,0
11.3,70906.7301,0.4021,913.09,059003.000180,059003.000384,0.0816,2A,0.396,914.751,0
11.3,70895.8261,0.201,911.91,059003.000112,059003.000313,-0.117,2D,1.7145,324.154,0
11.3,70841.9074,0.2007,1812.22,059003.000430,059003.000321,-0.1359,2B,0.3858,912.439,0
11.3,70836.6335,0.2006,1811.09,059003.000195,059003.000571,0.0,2A,0.6656,2070.508,0
11.3,70836.6335,0.2006,1811.09,059003.000205,059003.000426,0.3452,2A,0.5802,1570.328,0
11.3,70432.795,0.3967,862.99,059003.000095,059003.000311,0.5365,2B,0.7237,288.322,0
11.3,70360.5703,0.198,85.55,059003.000106,059003.000312,-0.6376,4G,0.725,2710.194,0
11.3,70330.8851,0.3956,255.75,059003.000186,059003.000491,0.6064,2A,0.3383,251.153,0
11.3,70276.1283,0.395,338.76,059003.000214,059003.000590,0.4551,2E,3.308,0.66,0
11.3,70253.1286,0.1974,422.28,059003.000053,059003.000451,-0.3428,2B,1.5378,737.76,0
11.3,69914.8211,0.1955,405.33,059003.000087,059003.000308,0.2873,2B,1.5212,628.297,0
11.3,69842.9764,0.3901,401.8,059003.000053,059003.000450,-0.8165,3D,1.6203,58.016,0
11.3,69737.2116,0.3889,1586.6,059003.000111,059003.000312,-1.3659,4D,1.8222,129.693,0
11.3,69507.6206,0.1932,154.25,059003.000104,059003.000311,-0.4226,3G,0.5394,1472.904,0
11.3,69279.7287,0.3838,149.97,059003.000185,059003.000398,-1.3037,4B,0.7441,54.686,0
11.3,69247.5056,0.1917,149.38,059003.000072,059003.000305,-0.1047,2B,1.5831,986.877,0
11.3,69202.0942,0.1915,148.54,059003.000133,059003.000457,-0.3816,2A,0.693,273.563,0
11.3,68931.1898,0.38,287.21,059003.000186,059003.000398,-1.7321,5B,0.3853,619.506,0
11.3,68931.1898,0.38,287.21,059003.000108,059003.000311,0.9158,3G,0.6398,3017.403,0
11.3,68881.5888,0.3794,570.86,059003.000050,059003.000299,0.1013,2E,2.2411,9.374,0
11.3,68829.9775,0.3789,1417.94,059003.000060,059003.000452,0.5386,2B,0.4505,607.343,0
11.3,68801.0572,0.1893,494.48,059003.000098,059003.000309,0.0608,2B,0.8252,185.423,0
11.3,68747.7482,0.189,280.67,059003.000046,059003.000296,-0.2129,2A,0.4711,416.979,0
11.3,68539.3204,0.3757,136.69,059003.000184,059003.000377,-0.1365,2G,0.5384,32.298,0
11.3,68383.3956,0.187,1340.15,059003.000047,059003.000295,0.5512,3G,0.4786,356.729,0
11.3,68298.6437,0.1865,66.29,059003.000101,059003.000309,0.1201,2G,0.5822,398.931,0
11.3,68178.9781,0.1859,130.57,059003.000063,059003.000451,-0.0739,2B,1.3126,209.685,0
11.3,68158.6217,0.1858,260.45,059003.000049,059003.000296,0.4124,3C,1.0374,37.894,0
11.3,68147.6179,0.1857,195.07,059003.000245,059003.000603,0.1963,2B,1.4727,24.611,0
11.3,68026.4286,0.3701,1280.38,059003.000072,059003.000454,-0.8131,3A,0.4305,1407.715,0
11.3,67996.5143,0.1849,191.32,059003.000169,059003.000555,-0.4386,3D,3.0049,2.79,0
11.3,67883.1921,0.1843,125.7,059003.000088,059003.000307,0.5213,3G,0.4415,630.138,0
11.3,67658.7157,0.183,610.49,059003.000205,059003.000575,0.0831,2C,0.8022,3867.807,0
11.3,67655.4752,0.183,1220.46,059003.000106,059003.000308,-0.1238,2A,0.5247,1045.412,0
11.3,67574.6182,0.3652,603.85,059003.000239,059003.000428,-0.4972,2B,0.5796,1592.845,0
11.3,67524.4385,0.1823,299.95,059003.000045,059003.000445,0.3919,3G,0.5388,1811.946,0
11.3,67505.4921,0.1822,59.84,059003.000203,059003.000573,-0.1839,2D,2.0061,186.429,0
11.3,67457.5459,0.182,178.41,059003.000211,059003.000421,-0.1498,2G,0.62,942.061,0
11.3,67394.6636,0.1816,176.95,059003.000202,059003.000572,-0.4875,3D,2.4076,3.442,0
11.3,67212.3955,0.1806,1727.63,059003.000204,059003.000573,-0.0575,2G,0.6731,416.344,0
11.3,66658.1956,0.3553,1070.08,059003.000230,059003.000426,0.0558,2B,0.6999,786.63,0
11.3,66553.4369,0.1771,105.52,059003.000041,059003.000286,-0.2252,2A,0.6408,72.768,0
11.3,66488.7764,0.1768,52.3,059003.000079,059003.000454,0.2447,2D,2.1222,1.29,0
11.3,66309.9175,0.1758,153.16,059003.000251,059003.000428,-0.4552,3C,1.3136,15.985,0
11.3,65863.166,0.1735,96.08,059003.000210,059003.000572,-0.2693,2D,2.3828,8.293,0
11.3,61639.9419,0.1519,1459.15,059003.000076,059003.000293,-0.4792,4B,0.371,2401.836,0
11.3,59326.6207,0.1407,1232.33,059003.000127,059003.000304,0.4049,3B,0.5191,4063.457,0
11.3,58409.5167,0.1364,1148.24,059003.000230,059003.000569,0.0,2A,0.529,1870.058,0
11.3,58383.4063,0.1363,4583.56,059003.000161,059003.000313,0.0189,2G,0.577,42912.463,0
11.3,57208.736,0.1309,5215.8,059003.000139,059003.000455,0.0,2G,0.5614,63500.189,0
11.3,56993.4999,0.2598,10249.3,059003.000133,059003.000454,0.3996,2G,0.5564,57976.327,0
11.3,56732.6332,0.1287,1003.08,059003.000134,059003.000454,-0.1293,2A,0.5323,1343.605,0
11.3,56454.9014,0.1274,980.12,059003.000069,059003.000277,0.1207,2B,0.7538,1655.77,0
11.3,56289.7475,0.1267,19332.18,059003.000242,059003.000568,-0.0447,2B,0.4376,33148.925,0
11.3,56208.1216,0.1263,3839.89,059003.000083,059003.000279,0.1484,2B,0.4125,2361.866,0
11.3,55951.1283,0.1252,939.25,059003.000132,059003.000452,0.3437,3B,1.1952,162.756,0
11.3,55790.1519,0.1245,2779.2,059003.000100,059003.000287,0.0218,2C,0.6953,377.968,0
11.3,55790.1519,0.1245,2779.2,059003.000042,059003.000251,0.2362,2A,0.4472,2143.358,0
11.3,55651.1456,0.1238,18307.78,059003.000041,059003.000245,0.1145,2A,0.3743,22701.54,0
11.3,55540.9749,0.1233,9067.16,059003.000062,059003.000268,-0.1483,2A,0.5248,8594.962,0
11.3,54916.1382,0.1206,858.44,059003.000198,059003.000564,-1.219,5G,0.4579,20041.842,0
11.3,54634.408,0.1193,837.18,059003.000047,059003.000254,-0.1849,2G,0.4518,22295.748,0
11.3,54525.0971,0.1189,6632.12,059003.000042,059003.000239,-0.0758,2B,1.1533,1225.065,0
11.3,54438.6696,0.1185,822.59,059003.000129,059003.000297,-0.3506,3G,0.6879,4130.073,0
11.3,54315.9441,0.118,1627.05,059003.000131,059003.000446,0.0253,2E,2.5576,10.21,0
11.3,54148.2602,0.1172,1602.46,059003.000088,059003.000442,-0.3787,4G,0.4753,21541.625,0
11.3,54083.4427,0.117,7965.09,059003.000199,059003.000564,0.8251,5B,0.5732,3201.483,0
11.3,54062.4646,0.1169,6359.87,059003.000101,059003.000280,0.389,4B,0.7865,1589.053,0
11.3,53995.0617,0.2331,1580.19,059003.000161,059003.000308,0.1528,2B,0.6534,3047.147,0
11.3,53955.891,0.1164,787.26,059003.000133,059003.000448,-0.2724,3G,0.6042,4515.203,0
11.3,53902.1961,0.1162,1566.78,059003.000085,059003.000438,-0.1041,2B,0.7845,745.515,0
11.3,53826.88,0.1158,7779.8,059003.000165,059003.000309,0.285,3B,0.4921,13307.761,0
11.3,53678.1717,0.1152,3836.79,059003.000083,059003.000272,-0.074,2A,0.4243,3721.768,0
11.3,53676.8411,0.1152,15345.29,059003.000106,059003.000281,-0.1774,2G,0.3301,83936.4,0
11.3,53628.8531,0.115,1527.71,059003.000047,059003.000435,-0.0474,2G,1.4245,69.734,0
11.3,53615.3719,0.2299,7629.0,059003.000439,059003.000573,0.3858,2D,3.2088,67.006,0
11.3,53545.0059,0.1146,3789.61,059003.000053,059003.000254,0.4261,4G,0.4569,66341.176,0
11.3,53323.1952,0.1137,5938.87,059003.000062,059003.000259,0.0079,2G,0.4516,44199.26,0
11.3,53186.6359,0.1131,7328.73,059003.000146,059003.000304,-0.1254,2B,0.6146,2693.04,0
11.3,53122.4748,0.1128,2185.32,059003.000045,059003.000238,0.0031,2B,0.9028,3883.976,0
11.3,52894.8252,0.1119,3564.24,059003.000184,059003.000456,-0.3205,3A,0.6812,5607.434,0
11.3,52857.9933,0.1117,710.34,059003.000263,059003.000568,0.2012,2D,1.7201,26.689,0
11.3,52851.2916,0.1117,42593.4,059003.000083,059003.000271,0.1981,2G,0.4777,8247.178,0
11.3,52515.0756,0.1103,687.29,059003.000138,059003.000449,0.1033,2G,0.3169,6182.79,0
11.3,52423.4094,0.1099,2724.82,059003.000105,059003.000442,0.3695,4C,0.7175,425.515,0
11.3,52222.5474,0.109,667.99,059003.000148,059003.000303,-0.0002,2A,0.518,661.661,0
11.3,52071.0729,0.1084,658.12,059003.000082,059003.000268,0.3348,4B,0.8813,365.484,0
11.3,52035.617,0.1083,13116.52,059003.000072,059003.000263,-0.048,2A,0.4705,20563.029,0
11.3,52028.0131,0.1082,1966.0,059003.000095,059003.000274,-0.1269,2B,0.4949,3600.82,0
11.3,51943.7296,0.2158,1949.7,059003.000121,059003.000286,-0.2067,2A,0.5522,1346.523,0
11.3,51871.9027,0.1076,4517.01,059003.000050,059003.000237,-0.1416,2B,0.9354,7909.622,0
11.3,51815.4036,0.1073,6416.75,059003.000047,059003.000231,0.0093,2B,0.3927,2181.091,0
11.3,51470.3411,0.1059,6198.8,059003.000063,059003.000254,0.1807,2G,0.4752,1792.678,0
11.3,51460.8928,0.1059,2477.16,059003.000144,059003.000450,0.1807,2G,0.4735,470.097,0
11.3,51455.9959,0.1059,4951.87,059003.000100,059003.000273,-0.344,4G,0.4269,1482.257,0
11.3,51376.8563,0.1055,1842.16,059003.000115,059003.000279,-0.0516,2C,1.5656,89.9,0
11.3,51086.2214,0.1043,1788.48,059003.000134,059003.000445,0.082,2D,1.6854,116.901,0
11.3,51012.5838,0.104,5916.78,059003.000121,059003.000281,0.2902,3C,0.857,1252.72,0
11.3,50863.0144,0.1034,1747.91,059003.000088,059003.000269,-0.5498,5A,0.3484,2232.983,0
11.3,50680.3862,0.1027,1143.43,059003.000072,059003.000257,0.0834,2D,2.003,467.689,0
11.3,50673.7344,0.1027,1713.96,059003.000126,059003.000286,-0.1813,2D,1.9013,1768.254,0
11.3,50622.4276,0.1025,1136.56,059003.000050,059003.000226,0.0944,2D,3.3978,903.854,0
11.3,50622.4276,0.1025,1136.56,059003.000217,059003.000564,0.3722,4G,0.5122,3965.243,0
11.3,50432.0337,0.1017,5570.7,059003.000054,059003.000233,0.0142,2C,0.7555,36125.903,0
11.3,50295.2265,0.1011,1098.21,059003.000080,059003.000262,0.1118,2G,0.581,10511.855,0
11.3,50100.8861,0.1004,1613.72,059003.000069,059003.000252,-0.2888,3D,1.8587,277.7,0
11.3,49810.4623,0.0992,5214.46,059003.000127,059003.000282,-0.5029,5C,0.9995,873.489,0
11.3,49810.4623,0.0992,5214.46,059003.000073,059003.000255,-0.1262,2A,0.6917,5232.716,0
11.3,49764.8956,0.099,41511.33,059003.000099,059003.000268,0.212,3B,0.5952,18398.416,0
11.3,49737.606,0.1978,517.37,059003.000155,059003.000451,0.4278,3D,1.6487,20.982,0
11.3,49624.5377,0.0985,51107.44,059003.000057,059003.000230,-0.2964,4A,0.4801,59958.295,0
11.3,49485.6619,0.0979,503.41,059003.000165,059003.000304,-0.1019,2B,0.539,923.036,0
11.3,49422.1239,0.0977,4999.32,059003.000060,059003.000234,0.0845,2B,1.0417,3025.24,0
11.3,49337.6243,0.0973,1485.98,059003.000067,059003.000433,-0.2286,3B,0.5107,3637.504,0
11.3,49276.8979,0.0971,3444.23,059003.000189,059003.000457,0.1319,2G,0.5215,98668.031,0
11.3,49212.2775,0.0968,97708.63,059003.000042,059003.000205,0.0103,2A,0.5436,109407.928,0
11.3,49168.4998,0.0967,486.19,059003.000115,059003.000275,-0.2413,3G,0.5229,6191.203,0
11.3,48820.4063,0.0953,46771.73,059003.000075,059003.000251,-0.1766,2E,2.4662,351.345,0
11.3,48624.7948,0.0945,4575.36,059003.000050,059003.000213,0.2351,3C,1.0149,29129.529,0
11.3,48612.6977,1.1338,45691.1,059003.000059,059003.000226,0.4033,2D,2.4043,135999.213,0
11.3,48557.555,0.0943,4540.69,059003.000130,059003.000279,-0.1868,2C,1.5582,342.772,0
11.3,48456.7824,0.0939,4489.05,059003.000539,059003.000434,0.2672,3B,0.6036,1894.484,0
11.3,48454.0834,0.0939,897.53,059003.000073,059003.000243,0.2502,3G,0.6128,17438.807,0
11.3,48407.6865,0.0937,4464.02,059003.000152,059003.000447,-0.2363,3G,0.4359,1108.739,0
11.3,48261.4125,0.0931,175599.61,059003.000081,059003.000254,-0.3084,4B,0.4731,60198.049,0
11.3,48245.566,0.0931,1314.61,059003.000098,059003.000265,0.5226,5G,0.4882,7817.908,0
11.3,48161.3484,0.0927,86796.03,059003.000181,059003.000311,0.1223,2B,0.4394,28942.579,0
11.3,48068.214,0.0924,429.34,059003.000050,059003.000210,0.1575,2D,2.6739,3734.445,0
11.3,48021.7716,0.0922,854.08,059003.000156,059003.000448,0.1771,2C,0.9553,6022.83,0
11.3,48007.3698,0.0921,426.33,059003.000161,059003.000452,-0.218,3G,0.5488,1566.748,0
11.3,47874.084,0.0916,2098.88,059003.000082,059003.000252,-0.1052,2D,1.6306,246.867,0
11.3,47854.6882,0.0916,8376.56,059003.000095,059003.000259,-0.2268,3B,0.5422,3621.298,0
11.3,47700.975,0.091,2056.81,059003.000134,059003.000282,0.0983,2B,0.6954,3047.721,0
11.3,47564.5194,0.0905,8096.15,059003.000152,059003.000295,-0.2367,3C,1.2262,609.844,0
11.3,46930.61,0.1541,54978.57,059003.000104,059003.000259,-0.0896,2G,0.6282,10221.683,0
11.3,46799.7002,0.0657,337132.33,059003.000045,059003.000199,0.1484,3B,0.4047,531737.32,0
11.3,46232.8494,0.1496,226967.74,059003.000091,059003.000252,-0.217,2A,0.4957,175102.696,0
11.3,46174.2,0.064,26968.26,059003.000062,059003.000215,-0.0163,2G,0.5467,164946.529,0
11.3,46126.3308,0.0638,103557.51,059003.000111,059003.000261,0.0556,2G,0.5563,29671.421,0
11.3,46098.9509,0.0637,25297.49,059003.000076,059003.000233,0.1533,3B,0.5102,13405.877,0
11.3,45977.71,0.0634,22879.82,059003.000111,059003.000259,0.1215,2A,0.4546,17949.496,0
11.3,45765.6008,0.0628,77359.63,059003.000184,059003.000309,-0.104,2G,0.4546,20638.889,0
11.3,45640.5206,0.0625,17594.35,059003.000114,059003.000263,-0.1151,2G,0.5212,222510.131,0
11.3,45568.2302,0.1453,100101.65,059003.000057,059003.000206,0.3082,3B,0.518,242368.451,0
11.3,45525.3807,0.0622,32349.28,059003.000078,059003.000229,-0.1058,2A,0.6672,32334.371,0
11.3,45503.8008,0.0621,15926.56,059003.000089,059003.000434,-0.0548,2C,0.8833,2861.97,0
11.3,45497.7198,0.0621,47572.88,059003.000079,059003.000230,-0.1042,2G,0.4757,346598.796,0
11.3,45459.57,0.062,77173.25,059003.000131,059003.000272,0.0214,2G,0.3495,16338.767,0
11.3,45417.03,1.0105,104871.86,059003.000073,059003.000221,-1.6503,2G,1.1014,4954.201,0
11.3,45417.03,1.0105,104871.86,059003.000067,059003.000216,-0.5433,2D,1.7728,4540.151,0
11.3,45267.7904,0.0615,81213.76,059003.000171,059003.000301,0.0931,2B,0.503,27470.625,0
11.3,45246.8208,0.0614,13348.9,059003.000067,059003.000215,-0.0925,2G,0.4045,2670.4,0
11.3,45218.8205,0.0613,13105.44,059003.000186,059003.000311,-0.0401,2A,0.4291,10124.426,0
11.3,45170.6103,0.0612,12701.43,059003.000078,059003.000228,-0.087,2E,1.9204,221.861,0
11.3,45150.5096,0.0611,12538.45,059003.000087,059003.000238,-0.0703,2B,0.7144,12522.613,0
11.3,45143.6001,0.0611,12483.15,059003.000059,059003.000206,0.0055,2G,0.5977,354328.973,0
11.3,45128.8991,0.0611,12366.71,059003.000057,059003.000203,-0.0877,2G,0.7789,365490.02,0
11.3,45061.36,0.0609,11852.29,059003.000076,059003.000222,0.0394,2A,0.5009,9367.905,0
11.3,44968.3596,0.0607,55978.91,059003.000049,059003.000197,-0.0472,2G,0.5724,879576.136,0
11.3,44928.0808,0.1413,10928.79,059003.000114,059003.000258,0.2249,2B,0.6312,4674.471,0
11.3,44917.791,0.1412,32586.54,059003.000166,059003.000297,0.1461,2D,2.1227,1938.137,0
11.3,44917.1098,0.0605,76004.54,059003.000076,059003.000432,0.2485,5C,1.2108,7643.267,0
11.3,44909.5694,0.0605,64856.48,059003.000079,059003.000226,-0.0422,2B,1.2977,54055.938,0
11.3,44905.5309,0.0605,75485.5,059003.000164,059003.000296,-0.1577,3B,0.4576,128121.89,0
11.3,44842.6892,0.0603,10394.84,059003.000069,059003.000213,-0.0294,2B,0.5725,29557.118,0
11.3,44824.0396,0.0603,10283.74,059003.000173,059003.000448,-0.0026,2B,0.7603,13828.796,0
11.3,44736.5507,0.06,9787.21,059003.000163,059003.000295,-0.0425,2B,0.3522,5197.59,0
11.3,44723.8305,0.06,9718.27,059003.000540,059003.000228,-0.1566,3G,0.6769,62777.479,0
11.3,44663.8408,0.1396,9403.68,059003.000075,059003.000220,0.0029,2C,1.1887,919.489,0
11.3,44654.3106,0.0598,18710.51,059003.000074,059003.000217,0.2632,5C,1.1864,2852.59,0
11.3,44651.9602,0.0598,93433.74,059003.000108,059003.000255,-0.1845,4G,0.539,21896.405,0
11.3,44606.2607,0.0597,9117.35,059003.000176,059003.000449,-0.1031,2A,0.6193,5387.733,0
11.3,44591.4299,0.1392,81413.7,059003.000096,059003.000241,0.2654,2G,0.3368,265085.956,0
11.3,44570.9809,1.1401,8949.09,059003.000145,059003.000286,0.2614,2B,0.3429,6001.318,0
11.3,44541.2109,0.0595,52867.12,059003.000173,059003.000299,-0.0024,2A,0.5017,85831.48,0
11.3,44398.4992,0.0591,49190.67,059003.000113,059003.000257,-0.0088,2G,0.332,283979.183,0
11.3,44385.5705,0.0591,57026.56,059003.000053,059003.000198,0.1603,3A,0.4644,76092.75,0
11.3,44374.4096,0.0591,16204.82,059003.000108,059003.000252,0.092,2A,0.4283,24408.129,0
11.3,44335.3297,0.059,15901.72,059003.000163,059003.000294,-0.2421,5G,0.4965,64842.338,0
11.3,44320.6708,0.0589,7895.34,059003.000156,059003.000291,-0.194,4G,0.5773,30126.195,0
11.3,44317.1997,0.0589,7882.29,059003.000064,059003.000205,0.0773,2G,0.5633,68413.873,0
11.3,44232.5201,0.0587,7575.95,059003.000147,059003.000444,0.1667,3B,0.5582,18906.569,0
11.3,44225.7508,0.0587,52866.95,059003.000076,059003.000431,-0.2745,5C,1.0685,4633.038,0
11.3,44106.3504,0.0583,7159.12,059003.000148,059003.000286,-0.1027,2A,0.5316,6158.543,0
11.3,44084.5404,0.0583,7091.52,059003.000211,059003.000347,-0.1406,3A,0.606,4295.603,0
11.3,44010.5611,0.1356,61842.45,059003.000100,059003.000240,0.5786,5B,0.5289,125403.416,0
11.3,43999.3593,0.0581,61553.17,059003.000064,059003.000203,-0.0642,2B,0.542,110119.055,0
11.3,43976.4707,0.1353,60970.54,059003.000171,059003.000297,0.3231,3G,0.4675,380140.46,0
11.3,43967.8504,0.058,33752.24,059003.000178,059003.000301,-0.0831,2G,0.4701,434272.568,0
11.3,43954.6911,0.0579,6714.06,059003.000108,059003.000250,-0.0377,2B,1.1711,9161.041,0
11.3,43897.1909,0.0578,6559.72,059003.000089,059003.000233,-0.171,3B,0.3853,10669.305,0
11.3,43894.0708,0.0578,6551.56,059003.000072,059003.000210,0.0259,2B,0.4678,19064.841,0
11.3,43718.8212,0.0573,6125.74,059003.000154,059003.000289,0.001,2G,0.4326,99209.989,0
11.3,43713.6297,0.0573,12228.1,059003.000101,059003.000240,-0.0744,2G,0.4914,151653.467,0
11.3,43708.0305,0.0573,6101.5,059003.000095,059003.000235,0.125,3E,3.3778,7.845,0
11.3,43701.6192,0.0573,54784.83,059003.000159,059003.000290,0.1202,3G,0.4899,15783.201,0
11.3,43658.4109,0.0572,5992.82,059003.000102,059003.000240,-0.1734,4E,2.6286,72.006,0
11.3,43641.9,0.1333,5957.63,059003.000120,059003.000258,-0.3197,3G,0.6453,1226.865,0
11.3,43641.9,0.1333,5957.63,059003.000237,059003.000561,0.57,5G,0.7398,216.784,0
11.3,43597.9008,0.057,41063.42,059003.000150,059003.000286,0.1924,4G,0.409,12612.162,0
11.3,43496.2307,0.0567,34003.56,059003.000112,059003.000253,0.0764,2G,0.4581,8615.748,0
11.3,43485.981,0.0567,33888.7,059003.000086,059003.000432,0.1997,4A,0.3471,29921.343,0
11.3,43417.2801,1.0198,38667.35,059003.000123,059003.000258,0.259,2G,0.9736,1051.628,0
11.3,43417.2801,1.0198,38667.35,059003.000095,059003.000233,1.8946,2C,0.7104,8934.412,0
11.3,43405.1812,0.1319,49524.78,059003.000177,059003.000300,-0.2839,3A,0.4852,39806.076,0
11.3,43329.9204,0.0563,53758.02,059003.000082,059003.000219,0.0975,2G,0.4354,13448.87,0
11.3,43317.8593,0.0563,53561.8,059003.000070,059003.000206,0.0153,2G,0.4924,430911.119,0
11.3,43312.9603,0.0563,26741.33,059003.000046,059003.000195,-0.1327,3B,1.1907,9500.001,0
11.3,43306.901,0.0563,5338.52,059003.000057,059003.000197,0.1295,3G,0.7502,127407.888,0
11.3,43273.6895,0.0562,5285.96,059003.000089,059003.000228,0.2283,5G,0.4093,81043.223,0
11.3,43269.0412,0.0562,5278.72,059003.000138,059003.000274,0.268,5D,2.2614,287.324,0
11.3,43261.0392,0.0561,52663.18,059003.000126,059003.000264,0.1187,3G,0.341,12925.896,0
11.3,43250.5209,0.0561,31500.84,059003.000069,059003.000205,-0.0351,2B,0.5454,99471.582,0
11.3,43226.2294,0.056,36493.17,059003.000069,059003.000204,0.1492,3C,1.2866,2123.17,0
11.3,43178.1409,0.0559,10285.07,059003.000088,059003.000223,0.1005,2G,0.4796,88437.613,0
11.3,43120.5905,0.0558,50614.47,059003.000138,059003.000273,-0.3158,5B,0.6957,42435.624,0
11.3,43070.4802,0.0556,9987.82,059003.000067,059003.000202,-0.1158,3C,1.0814,940.732,0
11.3,42995.249,0.1294,4897.62,059003.000218,059003.000347,0.2163,2G,0.6613,20100.93,0
11.3,42977.6796,0.0554,4875.98,059003.000079,059003.000214,0.1009,2G,0.586,49018.131,0
11.3,42926.6097,0.0553,9629.69,059003.000105,059003.000237,-0.094,2B,0.5204,3907.962,0
11.3,42924.549,0.0553,33687.02,059003.000175,059003.000294,0.2124,4A,0.5347,30723.054,0
11.3,42872.9795,0.0551,23766.84,059003.000220,059003.000347,0.0647,2A,0.6877,13367.224,0
11.3,42789.5307,0.0549,9325.99,059003.000091,059003.000225,0.0604,2B,1.6035,5157.327,0
11.3,42766.4099,0.0549,13917.14,059003.000087,059003.000221,-0.0496,2G,0.5285,253812.987,0
11.3,42747.8402,0.0548,13860.44,059003.000091,059003.000223,0.0079,2A,0.6926,23239.436,0
11.3,42739.1612,0.1278,41502.71,059003.000112,059003.000435,-0.1671,2B,0.5117,14761.074,0
11.3,42689.8097,0.0547,4562.93,059003.000157,059003.000444,0.0669,2B,0.6033,2339.751,0
11.3,42558.1498,0.0543,13329.03,059003.000102,059003.000232,-0.1115,3C,0.7745,2263.428,0
11.3,42491.0801,0.0542,17547.41,059003.000104,059003.000233,-0.0901,2B,0.4058,32728.27,0
11.3,42476.8801,0.0541,8750.73,059003.000105,059003.000233,0.121,3E,4.1191,6.242,0
11.3,42471.611,0.0541,17484.55,059003.000129,059003.000263,0.1061,2G,0.6929,316759.279,0
11.3,42439.0705,0.054,13036.35,059003.000149,059003.000279,-0.1262,3B,0.786,3677.688,0
11.3,42365.9897,0.1256,21451.42,059003.000218,059003.000555,0.1685,2A,0.5426,17748.673,0
11.3,42362.3297,0.0538,21438.05,059003.000072,059003.000202,0.0006,2G,0.4951,4374.846,0
11.3,42359.1509,0.0538,12855.89,059003.000158,059003.000285,0.138,3B,0.484,38398.53,0
11.3,42280.6994,0.0536,25380.69,059003.000097,059003.000224,-0.094,2B,0.4795,68639.842,0
11.3,42272.4601,0.0536,42245.32,059003.000194,059003.000315,-0.0471,2B,0.7333,74576.666,0
11.3,42235.9795,0.0535,16801.14,059003.000130,059003.000260,0.0067,2G,0.4606,3280.635,0
11.3,42232.6408,0.0535,4198.1,059003.000082,059003.000211,-0.0668,2B,0.5886,1469.444,0
11.3,42214.3009,0.0534,41862.32,059003.000173,059003.000445,-0.0551,2B,0.434,86067.477,0
11.3,42174.2401,0.0533,29126.63,059003.000141,059003.000276,-0.1136,3C,0.8257,4744.757,0
11.3,42156.2703,0.0533,16599.54,059003.000085,059003.000215,-0.0258,2A,0.5919,17048.622,0
11.3,42156.2703,0.0533,16599.54,059003.000081,059003.000209,0.0502,2G,0.5172,76715.657,0
11.3,42041.741,0.1237,20416.49,059003.000205,059003.000335,-0.3044,3A,0.5198,14763.331,0
11.3,42037.7309,0.1237,12243.25,059003.000053,059003.000195,0.299,3G,0.5851,136148.453,0
11.3,41884.6113,0.0526,12006.27,059003.000221,059003.000554,-0.3796,5B,0.5581,37489.772,0
11.3,41856.7497,0.0525,3988.81,059003.000217,059003.000343,-0.4534,5A,0.47,4088.612,0
11.3,41838.0192,0.0525,23880.41,059003.000119,059003.000249,0.0779,2B,0.4094,49698.29,0
11.3,41830.2497,0.0525,19882.41,059003.000226,059003.000559,0.0445,2E,2.3143,176.644,0
11.3,41813.7794,0.0524,19844.79,059003.000081,059003.000208,0.0261,2G,0.3589,64079.62,0
11.3,41755.519,0.122,23659.17,059003.000120,059003.000251,0.1505,2B,0.8486,25195.519,0
11.3,41621.3709,0.052,23331.42,059003.000540,059003.000207,0.1151,3B,0.703,8379.063,0
11.3,41555.6194,0.0518,27047.94,059003.000074,059003.000201,-0.2054,4G,0.4778,287137.711,0
11.3,41537.3291,0.0517,3857.39,059003.000121,059003.000250,0.0371,2D,2.3819,855.713,0
11.3,41525.3095,0.0517,3853.11,059003.000121,059003.000249,0.2402,5G,0.3796,13638.464,0
11.3,41475.5693,0.0516,3835.83,059003.000199,059003.000327,-0.1089,3B,0.6594,13041.982,0
11.3,41475.5693,0.0516,3835.83,059003.000160,059003.000286,-0.0086,2B,0.3679,7673.028,0
11.3,41414.4896,0.0514,22893.34,059003.000093,059003.000218,0.0989,2B,0.6567,58676.127,0
11.3,41307.8401,0.0512,3782.41,059003.000431,059003.000551,0.017,2B,0.6747,1764.504,0
11.3,41291.2499,0.0511,18887.48,059003.000075,059003.000200,-0.0579,2B,0.8237,32342.598,0
11.3,41262.2292,0.0511,11307.12,059003.000197,059003.000323,-0.0,2A,0.5643,15739.277,0
11.3,41258.009,0.0511,11303.47,059003.000172,059003.000291,0.1457,3G,0.4851,37375.147,0
11.3,41239.2605,0.119,22574.83,059003.000087,059003.000211,0.2015,2A,0.4397,19699.94,0
11.3,41216.541,0.051,37560.8,059003.000096,059003.000219,-0.006,2B,0.9,9060.524,0
11.3,41175.111,0.0508,3744.68,059003.000067,059003.000196,0.2229,5E,3.5988,2.856,0
11.3,41159.6799,0.0508,3740.52,059003.000237,059003.000348,0.1801,4B,0.6508,1507.455,0
11.3,41159.6799,0.0508,3740.52,059003.000223,059003.000345,0.1845,4B,0.7021,1671.512,0
11.3,41145.7107,0.1185,37367.84,059003.000198,059003.000322,-0.2163,2B,0.6683,11848.678,0
11.3,41114.7803,0.0507,7457.27,059003.000159,059003.000280,0.0587,2A,0.5089,5410.836,0
11.3,41023.811,0.0505,11116.63,059003.000099,059003.000219,0.0425,2G,0.396,36662.28,0
11.3,41010.4099,0.0504,18511.21,059003.000221,059003.000550,0.3155,5A,0.5585,11453.767,0
11.3,40937.2505,0.0503,3684.61,059003.000145,059003.000277,-0.0195,2B,0.6291,1067.985,0
11.3,40900.6105,0.1171,33084.08,059003.000108,059003.000224,-0.0919,2A,0.4045,26915.592,0
11.3,40869.1299,0.0501,36687.2,059003.000076,059003.000201,-0.0429,2B,0.4521,14567.613,0
11.3,40781.6089,0.0499,36488.81,059003.000196,059003.000318,-0.1753,4G,0.5968,8995.858,0
11.3,40768.5405,0.1163,36459.63,059003.000123,059003.000244,0.0188,2B,0.7352,41996.299,0
11.3,40761.7611,0.0498,3644.45,059003.000281,059003.000565,0.0,2B,1.1392,763.361,0
11.3,40707.7012,0.0497,3632.49,059003.000093,059003.000213,-0.0665,2B,0.4651,9699.653,0
11.3,40678.451,0.0496,3626.07,059003.000170,059003.000288,0.1265,3B,0.4457,1833.182,0
11.3,40601.6489,0.0494,36092.92,059003.000115,059003.000234,0.0291,2D,2.0112,2866.661,0
11.3,40572.8102,0.0494,3603.01,059003.000214,059003.000336,-0.0251,2B,0.4608,2056.315,0
11.3,40568.1701,0.0494,3601.99,059003.000096,059003.000214,-0.0273,2B,0.8524,4922.708,0
11.3,40508.8494,0.0492,7178.07,059003.000102,059003.000217,0.1972,5B,0.4648,2409.797,0
11.3,40414.2389,0.17,3568.15,059003.000126,059003.000251,0.3489,3G,0.4814,55569.222,0
11.3,40345.2397,0.0488,7105.24,059003.000105,059003.000217,-0.1175,3A,0.5028,4726.854,0
11.3,40271.5493,0.0486,14142.48,059003.000147,059003.000273,0.1106,3A,0.5325,18960.599,0
11.3,40258.9205,0.0486,10597.97,059003.000168,059003.000444,0.0986,3A,0.5274,14012.835,0
11.3,40258.9205,0.0486,10597.97,059003.000119,059003.000237,0.1394,3G,0.6076,52891.926,0
11.3,40256.991,0.0486,35322.02,059003.000119,059003.000236,-0.1066,3B,0.7273,18921.498,0
11.3,40245.4299,0.0486,3529.47,059003.000226,059003.000552,-0.0579,2G,0.7876,53509.141,0
11.3,40156.7004,0.0484,31571.84,059003.000101,059003.000216,0.308,5B,0.4465,17000.896,0
11.3,40139.8914,0.0483,7007.59,059003.000141,059003.000268,0.2145,5A,0.4497,4842.628,0
11.3,40128.0411,0.0483,35008.21,059003.000211,059003.000334,0.1665,4B,0.5839,15439.948,0
11.3,40113.0113,0.0483,20982.1,059003.000097,059003.000211,0.0844,2B,1.4574,10786.157,0
11.3,40103.1096,0.0482,27955.94,059003.000075,059003.000197,0.0895,2G,0.4836,5515.354,0
11.3,40090.3799,0.0482,3491.22,059003.000227,059003.000552,0.0445,2B,0.5905,1306.705,0
11.3,40081.7015,0.0482,10466.95,059003.000245,059003.000560,-0.2431,5A,0.6268,6593.347,0
11.3,40073.3894,0.1124,34868.23,059003.000123,059003.000238,0.2097,2B,1.1888,5413.315,0
11.3,40059.8715,0.0481,3483.29,059003.000175,059003.000288,-0.0195,2B,0.5186,8202.404,0
11.3,40016.2208,0.048,3471.65,059003.000161,059003.000281,-0.1076,3A,0.6223,3415.378,0
11.3,39993.0215,0.048,13861.33,059003.000164,059003.000282,0.2507,5B,0.8863,46393.724,0
11.3,39983.61,0.0479,17313.69,059003.000113,059003.000225,-0.0035,2D,2.1689,197358.878,0
11.3,39948.7813,0.0479,3452.99,059003.000201,059003.000322,-0.0665,2B,0.5891,11391.613,0
11.3,39947.6694,0.0479,3452.67,059003.000144,059003.000271,0.0387,2E,2.3904,48.996,0
11.3,39943.9314,0.1117,17258.06,059003.000121,059003.000236,-0.2942,3G,0.5009,3300.074,0
11.3,39822.2713,0.111,30738.65,059003.000108,059003.000218,-0.213,2B,0.7627,17116.035,0
11.3,39812.1492,0.0475,3412.24,059003.000151,059003.000276,-0.0541,2B,0.6221,1533.839,0
11.3,39774.3112,0.0474,3400.18,059003.000248,059003.000560,0.2362,5G,0.6159,32262.019,0
11.3,39753.0702,0.0474,23752.71,059003.000099,059003.000210,-0.105,3A,0.6455,30137.153,0
11.3,39739.6491,0.0474,3388.8,059003.000165,059003.000281,0.0747,2A,0.335,3124.068,0
11.3,39722.0014,0.1104,30446.02,059003.000119,059003.000231,-0.1021,2B,0.4091,13785.784,0
11.3,39714.7314,0.0473,3380.43,059003.000142,059003.000267,-0.1373,3B,0.588,8434.458,0
11.3,39708.2704,0.0473,3378.23,059003.000223,059003.000342,0.0684,2G,0.5912,71595.111,0
11.3,39699.7792,0.1103,3375.33,059003.000095,059003.000208,-0.1046,2B,0.7267,3531.103,0
11.3,39670.3998,0.0472,13460.44,059003.000167,059003.000282,-0.2667,5G,0.3219,3705.034,0
11.3,39655.5207,0.0472,3359.84,059003.000213,059003.000333,0.0416,2G,0.6085,44603.491,0
11.3,39649.7699,0.0472,6715.58,059003.000171,059003.000443,-0.0002,2B,0.3251,2916.658,0
11.3,39636.1613,0.0471,3352.89,059003.000085,059003.000201,0.0482,2C,0.712,618.103,0
11.3,39607.2287,0.047,16711.49,059003.000231,059003.000553,0.1282,3B,0.6797,7355.401,0
11.3,39534.0189,0.0469,6628.66,059003.000239,059003.000557,0.1646,4G,0.5904,55274.875,0
11.3,39453.0909,0.1089,16406.92,059003.000246,059003.000559,-0.1917,2G,0.5859,90522.266,0
11.3,39447.1313,0.0467,13115.48,059003.000262,059003.000561,-0.0628,2G,0.5865,56214.722,0
11.3,39421.5607,0.0466,22875.59,059003.000251,059003.000348,0.0623,2B,0.6017,41889.999,0
11.3,39406.5603,0.0466,9784.27,059003.000171,059003.000284,0.0353,2G,0.4308,44122.377,0
11.3,39326.9607,0.0464,3225.47,059003.000246,059003.000347,0.001,2A,0.6596,3455.556,0
11.3,39273.8915,0.0463,25601.4,059003.000085,059003.000199,0.118,3B,0.4511,12115.27,0
11.3,39236.7514,0.0462,6363.65,059003.000093,059003.000206,-0.09,2G,0.5477,49945.84,0
11.3,39182.7497,0.046,12616.69,059003.000227,059003.000546,0.0,2G,0.5954,198278.666,0
11.3,39115.919,0.0459,18709.84,059003.000108,059003.000213,0.0577,2B,0.6316,5977.876,0
11.3,39104.7211,0.0459,3112.12,059003.000215,059003.000331,-0.0554,2G,0.6433,15874.392,0
11.3,39093.9012,0.0458,3106.09,059003.000156,059003.000277,0.0011,2G,0.4321,17178.149,0
11.3,39084.4195,0.0458,12403.04,059003.000225,059003.000339,-0.08,2B,0.723,7301.747,0
11.3,39064.1499,0.0458,3089.25,059003.000235,059003.000550,-0.2597,5G,0.6709,39679.07,0
11.3,38975.4187,0.0456,3036.77,059003.000139,059003.000263,0.028,2A,0.5417,3029.475,0
11.3,38973.8807,0.0456,3035.83,059003.000160,059003.000442,-0.0063,2A,0.5538,2066.179,0
11.3,38871.0206,0.0453,20794.41,059003.000226,059003.000338,-0.1233,3D,1.6967,1034.008,0
11.3,38871.0206,0.0453,20794.41,059003.000255,059003.000348,0.3197,5G,0.6447,5026.681,0
11.3,38869.3602,0.0453,11878.15,059003.000080,059003.000196,-0.2074,5B,0.5593,5783.303,0
11.3,38850.1412,0.0453,2956.82,059003.000243,059003.000554,0.3033,5C,0.6961,476.237,0
11.3,38829.7701,0.0452,2943.16,059003.000170,059003.000280,-0.2058,5G,0.4174,956.62,0
11.3,38829.7701,0.0452,2943.16,059003.000307,059003.000572,0.6907,5G,0.3613,382.426,0
11.3,38779.4197,0.0451,5817.19,059003.000240,059003.000344,-0.0525,2B,0.4485,11025.483,0
11.3,38729.001,0.045,11491.37,059003.000157,059003.000273,0.1729,4E,1.7573,391.977,0
11.3,38708.9689,0.0449,2858.32,059003.000244,059003.000345,0.089,2A,0.5625,2905.853,0
11.3,38688.7702,0.1047,17060.96,059003.000176,059003.000283,-0.0002,2G,0.4535,3682.608,0
11.3,38668.6703,0.0448,2828.56,059003.000212,059003.000325,-0.1428,4G,0.5505,10880.661,0
11.3,38628.3699,0.0448,2798.06,059003.000181,059003.000300,-0.0023,2B,0.8613,1950.737,0
11.3,38606.0993,0.0447,8342.69,059003.000200,059003.000541,-0.0121,2B,0.4322,20855.498,0
11.3,38557.9597,0.0446,2743.04,059003.000246,059003.000345,-0.0618,2G,0.4972,22814.603,0
11.3,38548.2107,0.0446,10940.99,059003.000435,059003.000555,0.0796,2B,0.6703,3249.09,0
11.3,38508.0892,0.1038,24324.65,059003.000229,059003.000544,0.0,2G,0.4435,5015.377,0
11.3,38483.1104,0.0444,10728.58,059003.000121,059003.000224,-0.1554,4G,0.3972,3037.459,0
11.3,38437.0687,0.1034,2643.47,059003.000134,059003.000253,-0.1394,2E,1.7535,91.219,0
11.3,38425.21,0.1033,5266.73,059003.000183,059003.000447,0.2873,3B,0.6479,1848.768,0
11.3,38421.6097,0.0443,10521.15,059003.000248,059003.000555,-0.0844,2B,0.7288,12298.484,0
11.3,38413.1516,0.0443,2623.03,059003.000130,059003.000238,-0.0689,2B,0.8571,4825.923,0
11.3,38299.8209,0.044,5045.79,059003.000244,059003.000343,0.3178,5C,0.926,526.94,0
11.3,38296.9199,0.044,17641.85,059003.000227,059003.000335,-0.0371,2B,0.4751,45912.523,0
11.3,38213.0203,0.0438,9770.88,059003.000208,059003.000321,0.1027,3B,0.5803,4643.112,0
11.3,38200.7908,0.0438,7293.57,059003.000163,059003.000278,-0.0727,2G,0.6837,1214.174,0
11.3,38190.6887,0.0437,2421.63,059003.000186,059003.000453,0.0209,2G,0.3272,40170.006,0
11.3,38185.6108,0.0437,4833.61,059003.000095,059003.000201,-0.15,4A,0.6283,2769.978,0
11.3,38184.0098,0.0437,4830.56,059003.000111,059003.000210,-0.0063,2B,0.6281,16524.945,0
11.3,38175.9091,0.4225,2407.56,059003.000135,059003.000253,-0.4984,2B,1.0463,4132.974,0
11.3,38163.6711,0.1019,4791.72,059003.000127,059003.000234,-0.2152,3B,1.1831,1890.328,0
11.3,38138.7612,0.0436,4743.74,059003.000433,059003.000553,-0.1084,3G,0.5336,985.819,0
11.3,38084.1403,0.0435,11592.54,059003.000085,059003.000196,-0.1308,4G,0.5646,104637.615,0
11.3,38067.0811,0.0435,11508.18,059003.000205,059003.000316,0.0,2A,0.6012,8916.636,0
11.3,38064.2185,0.0435,2298.79,059003.000160,059003.000438,0.0499,2C,1.6078,186.322,0
11.3,38035.9499,0.0434,4541.2,059003.000224,059003.000543,-0.129,3B,0.7836,2165.388,0
11.3,38011.8703,0.0433,2246.39,059003.000255,059003.000558,0.0318,2B,0.5937,846.71,0
11.3,37979.7191,0.4182,6641.33,059003.000153,059003.000436,-0.3746,2B,0.4789,3496.796,0
11.3,37894.849,0.0431,2126.29,059003.000433,059003.000549,-0.0105,2B,0.435,1136.681,0
11.3,37807.0105,0.0429,2033.84,059003.000150,059003.000268,-0.1914,5D,2.3083,86.937,0
11.3,37804.9104,0.1,6094.81,059003.000181,059003.000296,0.3715,4G,0.4918,94572.285,0
11.3,37778.3997,0.0428,2003.35,059003.000168,059003.000278,0.3926,5A,0.5531,2956.926,0
11.3,37750.7699,0.0997,15790.13,059003.000166,059003.000441,0.0,2D,2.5702,1259.219,0
11.3,37686.5594,0.0426,1904.5,059003.000165,059003.000440,0.0137,2B,0.4707,901.259,0
11.3,37638.2904,0.0991,37040.51,059003.000087,059003.000196,0.133,2B,0.6535,11502.218,0
11.3,37600.4787,0.0424,3621.46,059003.000130,059003.000232,0.0069,2C,1.0886,332.706,0
11.3,37588.3988,0.0424,3595.02,059003.000180,059003.000293,0.0373,2D,2.7176,59.148,0
11.3,37581.8006,0.0424,1790.28,059003.000183,059003.000295,0.0446,2B,0.6354,618.198,0
11.3,37579.9802,0.0424,3576.57,059003.000218,059003.000324,-0.201,5G,0.5718,401.574,0
11.3,37579.9802,0.0424,3576.57,059003.000150,059003.000267,0.114,3G,0.6393,546.927,0
11.3,37545.9193,0.0423,5252.75,059003.000135,059003.000248,-0.0992,3B,0.5425,2451.327,0
11.3,37523.7615,0.0422,8632.85,059003.000108,059003.000205,0.0628,2G,0.508,66400.373,0
11.3,37509.4111,0.0422,1710.79,059003.000125,059003.000222,-0.0261,2B,0.5412,5708.422,0
11.3,37465.319,0.0421,6649.04,059003.000101,059003.000201,-0.2304,5A,0.5596,9837.689,0
11.3,37433.8589,0.042,1627.62,059003.000268,059003.000561,0.0496,2B,1.1532,302.216,0
11.3,37410.5608,0.1724,8009.86,059003.000102,059003.000201,0.1313,2C,0.7104,1599.119,0
11.3,37299.7214,0.0417,7401.44,059003.000143,059003.000260,-0.0042,2B,0.508,2553.371,0
11.3,37270.2384,0.0417,4344.25,059003.000119,059003.000216,0.1836,5A,0.4244,5085.865,0
11.3,37266.3606,0.0417,1443.86,059003.000159,059003.000271,-0.0568,2C,0.8482,202.096,0
11.3,37218.1919,0.0415,6957.48,059003.000139,059003.000256,-0.0233,2G,0.641,1830.586,0
11.3,37202.9003,0.0969,8249.66,059003.000151,059003.000266,-0.1066,2G,0.4561,2476.484,0
11.3,37157.6417,0.0414,5304.73,059003.000145,059003.000264,-0.0825,2D,2.1413,191.995,0
11.3,37147.4898,0.5,7891.77,059003.000115,059003.000210,0.1021,2G,0.3449,2450.565,0
11.3,37137.1602,0.0414,5216.96,059003.000133,059003.000239,0.0102,2G,0.5235,39801.051,0
11.3,37104.7205,0.0413,3808.99,059003.000256,059003.000345,-0.0558,2A,0.4991,3370.928,0
11.3,37018.0293,0.0411,1178.47,059003.000225,059003.000328,0.1014,3C,0.7443,5687.825,0
11.3,36988.8196,0.041,6889.19,059003.000095,059003.000198,0.1379,4B,0.3919,13921.893,0
11.3,36959.9296,0.041,4474.01,059003.000167,059003.000438,-0.0313,2B,0.4657,1491.91,0
11.3,36958.7694,0.5,2234.63,059003.000146,059003.000264,-0.4499,2A,0.5875,2765.055,0
11.3,36941.0286,0.0409,1099.21,059003.000156,059003.000269,0.4447,5G,0.6708,179.336,0
11.3,36925.8611,0.3953,9754.36,059003.000246,059003.000340,-0.6073,2B,0.4831,3317.904,0
11.3,36907.1014,0.3949,2129.77,059003.000223,059003.000327,-0.9303,3G,0.5327,280.291,0
11.3,36907.1014,0.3949,2129.77,059003.000185,059003.000302,0.8144,3B,0.43,846.438,0
11.3,36890.5917,0.0952,9434.87,059003.000165,059003.000275,0.0359,2A,0.4213,10604.849,0
11.3,36866.6802,0.0408,5122.5,059003.000097,059003.000198,-0.1081,3B,0.5298,2878.756,0
11.3,36715.7816,0.0404,2637.88,059003.000242,059003.000338,-0.0188,2G,1.5511,96.666,0
11.3,36692.11,0.0404,1714.77,059003.000176,059003.000278,-0.2878,5G,0.4424,6007.217,0
11.3,36684.681,0.0404,4252.8,059003.000134,059003.000238,0.1164,3E,2.2949,77.97,0
11.3,36624.8384,0.0402,796.52,059003.000306,059003.000570,0.0,2B,0.42,1991.779,0
11.3,36611.0187,0.0402,784.29,059003.000149,059003.000265,-0.0975,3B,1.2864,118.488,0
11.3,36558.1806,0.0401,5906.88,059003.000186,059003.000302,0.004,2B,0.4031,13520.561,0
11.3,36435.8404,0.0398,2550.08,059003.000119,059003.000209,0.0388,2G,0.3906,14242.902,0
11.3,36289.0104,0.0395,1765.47,059003.000226,059003.000324,-0.0203,2D,1.8984,1182.706,0
11.3,36256.6413,0.3811,5366.72,059003.000126,059003.000220,-0.5037,2B,0.2958,13567.977,0
11.3,36142.42,0.0392,2808.82,059003.000126,059003.000219,-0.0741,2A,0.3499,2403.433,0
11.3,36023.9989,0.0389,3921.32,059003.000239,059003.000334,-0.1071,3B,0.7293,1321.866,0
11.3,36014.2702,0.376,983.98,059003.000257,059003.000552,0.7636,3G,0.5939,5852.234,0
11.3,36000.3615,0.0389,1978.4,059003.000180,059003.000290,-0.0553,2B,0.8062,1116.908,0
11.3,35981.0704,0.5,4982.28,059003.000127,059003.000219,0.8229,2G,0.5905,23577.724,0
11.3,35526.2817,0.0379,7024.07,059003.000266,059003.000348,-0.217,5B,0.6007,2872.028,0
11.3,35473.372,0.0881,2382.3,059003.000256,059003.000340,0.149,2G,0.3475,541.89,0
11.3,35261.9283,0.0373,1272.78,059003.000180,059003.000288,-0.0598,2B,0.8193,4773.404,0
11.3,35231.3008,0.1,8991.79,059003.000133,059003.000225,0.0339,2C,0.7731,83961.348,0
11.3,35192.8912,0.0371,1299.26,059003.000125,059003.000210,0.0202,2G,0.6053,6003.041,0
11.3,35189.6499,0.0371,10404.02,059003.000133,059003.000223,0.021,2G,0.4407,36692.048,0
11.3,35170.0295,0.0866,1308.0,059003.000248,059003.000543,-0.1403,2C,0.8334,169.17,0
11.3,35077.38,0.0861,1343.26,059003.000187,059003.000302,-0.0403,2B,0.872,543.464,0
11.3,35059.2988,0.0369,4050.29,059003.000141,059003.000246,-0.069,2B,0.5743,12264.104,0
11.3,34951.8387,0.1,9733.12,059003.000129,059003.000214,-0.2898,3G,0.6381,1720.18,0
11.3,34907.299,0.0365,7034.97,059003.000192,059003.000453,-0.0146,2G,0.5484,30336.694,0
11.3,34663.1701,0.1,8972.19,059003.000146,059003.000255,0.1837,2B,0.4165,3512.22,0
11.3,34517.4882,0.0357,4637.29,059003.000175,059003.000436,0.0026,2A,0.5104,5033.474,0
11.3,34474.5911,0.0832,3120.41,059003.000306,059003.000568,-0.0922,2G,0.4329,15757.409,0
11.3,34407.8603,0.0355,11075.96,059003.000146,059003.000253,0.0182,2C,1.0691,1108.848,0
11.3,34382.0484,0.0355,7953.42,059003.000153,059003.000258,0.0022,2B,0.7608,1960.381,0
11.3,34047.292,0.0348,8459.61,059003.000149,059003.000253,-0.0269,2A,0.6199,5776.227,0
11.3,33974.3323,0.0346,6847.39,059003.000144,059003.000245,-0.0417,2A,0.4953,6442.738,0
11.3,33733.7702,0.0796,12399.1,059003.000132,059003.000215,0.0155,2E,2.4912,181.293,0
11.3,33671.6408,0.034,10709.9,059003.000160,059003.000262,-0.0459,2A,0.3345,12631.948,0
11.3,33615.9302,0.1,16169.73,059003.000160,059003.000261,0.1079,2A,0.4501,10705.786,0
11.3,33541.3784,0.08,16301.6,059003.000190,059003.000298,-0.0512,2B,1.1585,12871.421,0
11.3,33526.7299,0.0337,12698.27,059003.000140,059003.000232,0.0712,3G,0.5266,216983.619,0
11.3,33313.8917,0.0333,1849.03,059003.000326,059003.000522,0.0048,2A,0.5656,1056.134,0
11.3,33311.541,0.0776,3698.73,059003.000040,059003.000181,0.0325,2G,0.3489,1238.417,0
11.3,33294.328,0.08,16665.9,059003.000129,059003.000205,0.1026,2A,0.5927,14870.101,0
11.3,33290.528,0.1,18522.89,059003.000163,059003.000264,-0.3244,4G,0.4328,2692.306,0
11.3,33290.528,0.1,18522.89,059003.000149,059003.000435,0.035,2B,0.7145,19300.632,0
11.3,33170.0703,0.077,11203.2,059003.000149,059003.000434,-0.143,2G,0.5753,1895.091,0
11.3,33119.5486,0.1,37449.9,059003.000191,059003.000300,0.1751,2G,0.5394,137630.713,0
11.3,33055.5299,0.0765,3756.75,059003.000320,059003.000517,0.0466,2B,0.5954,1056.457,0
11.3,33052.0586,0.08,3757.34,059003.000328,059003.000523,0.0325,2B,0.5655,1439.987,0
11.3,33046.1711,0.0327,5637.47,059003.000153,059003.000255,0.1787,5B,0.724,1414.333,0
11.3,32992.5519,0.0762,1883.25,059003.000330,059003.000525,-0.0001,2E,2.1961,29.961,0
11.3,32984.5179,0.0761,16954.25,059003.000140,059003.000228,-0.0329,2G,0.5307,110828.439,0
11.3,32958.4485,0.076,18855.06,059003.000167,059003.000264,0.0736,2C,1.5402,1249.208,0
11.3,32922.278,0.0325,3775.21,059003.000180,059003.000279,0.063,2B,0.3912,7726.156,0
11.3,32777.7023,0.0752,3785.87,059003.000192,059003.000449,0.1153,2G,0.5081,32807.754,0
11.3,32699.7516,0.0321,1893.76,059003.000131,059003.000204,0.1309,5D,1.7114,234.093,0
11.3,32582.4385,0.1,15138.33,059003.000149,059003.000240,0.1887,2G,0.4939,234467.676,0
11.3,32576.3794,0.5,15137.01,059003.000150,059003.000244,0.3449,2G,0.4928,57160.266,0
11.3,32512.0112,0.1,13228.84,059003.000135,059003.000211,-0.2317,3E,1.8516,357.747,0
11.3,32426.1507,0.08,15081.98,059003.000140,059003.000432,-0.3647,5B,0.4544,33828.157,0
11.3,32374.2105,0.0314,7526.5,059003.000146,059003.000237,0.023,2B,0.5942,3063.285,0
11.3,32254.8791,0.0312,7483.64,059003.000147,059003.000236,0.0668,3G,0.309,1800.023,0
11.3,32036.0084,0.0308,16584.48,059003.000145,059003.000231,-0.0064,2B,0.7114,17358.126,0
11.3,31569.3793,0.91,6991.76,059003.000151,059003.000237,-0.6265,2B,0.2916,10170.415,0
11.3,31546.4718,0.2885,17421.62,059003.000158,059003.000434,0.6656,3G,0.5144,3665.916,0
11.3,31538.3693,0.0298,1740.1,059003.000277,059003.000346,0.0002,2E,1.7633,40.95,0
11.3,31537.3024,0.0298,1739.82,059003.000147,059003.000229,-0.137,5B,0.2829,909.543,0
11.3,30815.0727,0.0285,3025.84,059003.000152,059003.000229,0.1454,5C,1.4852,140.286,0
11.3,30564.3285,0.028,1419.0,059003.000183,059003.000440,-0.0107,2B,0.7459,1223.744,0
11.3,30526.26,0.0652,1404.28,059003.000149,059003.000222,0.0173,2G,0.5232,14960.267,0
11.3,30361.8528,0.1,5358.57,059003.000134,059003.000199,0.2083,3G,0.5126,104311.086,0
11.3,30271.3502,0.2656,1303.45,059003.000146,059003.000221,0.2722,2G,0.3939,27251.771,0
11.3,30085.6894,0.0271,2456.64,059003.000191,059003.000292,0.0001,2G,0.5143,41951.854,0
11.3,29964.5317,0.0269,3536.8,059003.000036,059003.000175,-0.3215,5A,0.6197,2279.47,0
11.3,29902.0502,0.0268,4613.75,059003.000152,059003.000432,-0.0525,2C,0.8354,561.201,0
11.3,29862.04,0.0267,1137.12,059003.000168,059003.000249,-0.0844,4B,0.4997,427.784,0
11.3,29809.7596,0.08,278953.5,059003.000182,059003.000275,-0.2013,3G,0.5163,54072.356,0
11.3,29713.35,0.08,53832.04,059003.000188,059003.000289,-0.0031,2B,0.4988,101812.285,0
11.3,29691.0077,0.0264,5337.96,059003.000149,059003.000431,0.0603,3A,0.5143,7657.698,0
11.3,29519.9091,0.0261,998.8,059003.000187,059003.000287,-0.0001,2G,0.5144,19688.914,0
11.3,29305.5095,0.0258,5486.38,059003.000167,059003.000243,0.1228,5A,0.6727,3013.503,0
11.3,29294.7311,0.06,910.22,059003.000153,059003.000224,0.181,4E,1.8972,21.125,0
11.3,28515.669,0.0244,1264.36,059003.000165,059003.000235,-0.0963,4B,0.5409,663.873,0
11.3,28255.2799,0.0239,552.01,059003.000183,059003.000270,-0.0203,2C,0.9042,101.642,0
11.3,28188.4514,0.0238,1597.77,059003.000156,059003.000218,-0.0095,2B,0.4682,619.718,0
11.3,28013.4017,0.0235,484.0,059003.000185,059003.000440,0.0033,2B,0.688,154.443,0
11.3,27848.0832,0.2248,13234.45,059003.000149,059003.000208,-0.1346,2B,0.4965,28020.013,0
11.3,27846.7599,0.0233,1763.27,059003.000310,059003.000566,-0.0002,2B,0.4347,2890.259,0
11.3,27674.7218,0.023,399.38,059003.000439,059003.000333,0.0711,4B,0.6028,139.55,0
11.3,27616.2892,0.0229,386.02,059003.000159,059003.000217,-0.1289,5C,0.9112,47.803,0
11.3,27400.4106,0.0225,1359.06,059003.000158,059003.000216,-0.1202,5B,0.546,513.073,0
11.3,27362.7799,0.0224,2657.53,059003.000166,059003.000226,-0.0061,2B,1.191,3492.439,0
11.3,27344.3994,0.0224,328.54,059003.000192,059003.000444,-0.0365,2G,0.4608,3119.705,0
11.3,27338.31,0.0224,327.34,059003.000192,059003.000285,-0.0239,2B,0.5801,174.761,0
11.3,27276.8611,0.0223,315.43,059003.000178,059003.000242,-0.0073,2G,0.5045,72.681,0
11.3,27174.778,0.1,889.39,059003.000154,059003.000212,0.0186,2G,0.3817,3094.862,0
11.3,27162.2884,0.0221,294.21,059003.000134,059003.000194,-0.0445,3G,0.5357,4358.393,0
11.3,27149.8608,0.0221,1167.95,059003.000065,059003.000183,0.0014,2G,0.3251,382.905,0
11.3,27087.6929,0.022,281.07,059003.000144,059003.000200,-0.0114,2G,0.4043,2009.656,0
11.3,26901.4304,0.0217,250.52,059003.000135,059003.000194,-0.1019,5B,0.6906,69.117,0
11.3,26592.5031,0.0212,413.02,059003.000184,059003.000267,0.0182,2E,2.1542,4.602,0
11.3,26580.3193,0.0212,1229.59,059003.000155,059003.000208,0.0001,2B,0.3528,537.4,0
11.3,26575.61,0.2047,204.33,059003.000175,059003.000229,0.0808,2B,0.4347,83.679,0
11.3,26537.2603,0.0211,797.82,059003.000157,059003.000207,-0.0481,3G,0.5444,189.634,0
11.3,26498.3819,0.0211,583.9,059003.000284,059003.000342,-0.0325,2G,0.537,118.896,0
11.3,26426.633,0.0209,744.14,059003.000107,059003.000191,0.0077,2G,0.2976,182.851,0
11.3,26264.2411,0.1084,167.95,059003.000150,059003.000202,0.2634,3G,0.4719,925.509,0
11.3,26222.4079,0.0206,327.17,059003.000149,059003.000200,0.0173,2G,0.3773,1624.837,0
11.3,26021.2313,0.0203,288.38,059003.000159,059003.000207,0.0433,3A,0.4446,187.672,0
11.3,25871.4004,0.0201,262.71,059003.000363,059003.000621,-0.0,2A,0.4479,387.241,0
11.3,25865.1283,0.0201,130.85,059003.000156,059003.000204,-0.0711,4A,0.3059,163.779,0
11.3,25854.5132,0.02,129.99,059003.000152,059003.000201,0.0991,5G,0.4417,415.183,0
11.3,25834.7093,0.02,256.82,059003.000177,059003.000231,-0.0038,2E,1.864,5.461,0
11.3,25806.8629,0.0466,126.22,059003.000363,059003.000615,0.0628,2G,0.4472,30.03,0
11.3,25806.8629,0.0466,126.22,059003.000363,059003.000616,0.169,4B,0.4492,53.938,0
11.3,25725.5726,0.0198,360.21,059003.000036,059003.000152,0.1175,5C,1.5218,18.464,0
11.3,25651.6385,0.0197,803.43,059003.000353,059003.000597,-0.0017,2G,0.4523,173.576,0
11.3,25471.579,0.0195,205.99,059003.000189,059003.000439,0.0538,3A,0.4815,320.855,0
11.3,25227.6393,0.0191,89.33,059003.000357,059003.000597,-0.0044,2B,0.4426,36.994,0
11.3,25128.8511,0.0189,337.89,059003.000148,059003.000197,-0.0136,2G,0.2822,77.056,0
11.3,24993.2793,0.0187,156.78,059003.000188,059003.000276,0.0597,4B,0.6851,550.881,0
11.3,24906.2493,0.0434,149.64,059003.000305,059003.000563,0.0228,2A,0.4314,98.311,0
11.3,24878.2222,0.0186,442.34,059003.000039,059003.000153,-0.0097,2G,0.559,4778.251,0
11.3,24795.5721,0.0184,70.63,059003.000560,059003.000507,0.0001,2G,0.3592,16.886,0
11.3,24791.4695,0.0184,352.42,059003.000035,059003.000145,-0.0203,2G,0.574,1956.89,0
11.3,24681.9422,0.0183,133.43,059003.000276,059003.000314,0.0364,3B,0.5401,46.012,0
11.3,24597.8277,0.5,64.05,059003.000158,059003.000200,-0.1559,2G,0.3248,205.045,0
11.3,24507.7614,0.018,429.92,059003.000165,059003.000208,0.0178,2A,0.5861,274.698,0
11.3,24493.5575,0.018,61.02,059003.000142,059003.000194,0.0943,5G,0.612,1451.204,0
11.3,24488.4013,0.018,60.88,059003.000032,059003.000120,-0.0145,2G,0.6123,2121.439,0
11.3,24348.5225,0.0178,229.05,059003.000284,059003.000332,0.0283,2G,0.5496,48.303,0
11.3,24122.0219,0.0174,209.52,059003.000179,059003.000248,0.0301,2G,0.6131,2561.664,0
11.3,24110.2594,0.0174,312.94,059003.000349,059003.000581,-0.1229,5B,0.4052,178.681,0
11.3,24110.2594,0.0174,312.94,059003.000161,059003.000205,-0.0375,3B,0.4696,717.745,0
11.3,24099.0004,0.0174,155.84,059003.000349,059003.000578,0.0024,2G,0.4057,1169.201,0
11.3,24095.112,0.0174,518.75,059003.000350,059003.000582,-0.0065,2B,0.4093,1533.628,0
11.3,24082.17,0.0174,1032.76,059003.000393,059003.000622,-0.0012,2A,0.4608,1406.307,0
11.3,24073.6234,0.0405,154.45,059003.000350,059003.000581,0.0373,2G,0.4078,2213.494,0
11.3,24069.7505,0.0174,102.83,059003.000374,059003.000609,0.0,2E,4.215,0.107,0
11.3,24050.7811,0.0173,102.15,059003.000188,059003.000437,-0.0008,2B,0.4596,34.822,0
11.3,23950.0187,0.0172,49.42,059003.000173,059003.000212,-0.0214,2G,1.357,2.368,0
11.3,23944.5909,0.0401,148.0,059003.000117,059003.000190,-0.0793,2B,0.3819,251.065,0
11.3,23929.327,0.0172,7365.07,059003.000360,059003.000596,-0.0585,4G,0.4072,1574.973,0
11.3,23916.8518,0.0171,342.4,059003.000360,059003.000594,0.0565,4G,0.4277,1278.672,0
11.3,23906.5214,0.0171,48.76,059003.000351,059003.000584,-0.0,2A,0.4082,44.98,0
11.3,23902.9921,0.0171,48.71,059003.000351,059003.000583,-0.0,2G,0.4083,793.325,0
11.3,23875.5031,0.0171,48.32,059003.000187,059003.000270,0.0103,2B,0.5949,19.912,0
11.3,23867.4116,0.0171,433.87,059003.000179,059003.000247,0.0001,2B,0.6309,209.202,0
11.3,23827.7494,0.017,95.35,059003.000130,059003.000193,0.012,2D,1.6623,16.576,0
11.3,23803.7971,0.017,47.37,059003.000053,059003.000174,-0.0266,2D,1.6436,11.566,0
11.3,23792.6872,0.017,708.47,059003.000161,059003.000203,0.0891,5B,0.6002,200.373,0
11.3,23788.8621,0.017,1179.61,059003.000361,059003.000594,-0.0204,2A,0.4014,791.848,0
11.3,23786.2038,0.0396,377.21,059003.000361,059003.000593,0.1046,3B,0.4012,183.599,0
11.3,23749.7527,0.0169,186.88,059003.000156,059003.000197,-0.0084,2B,0.3738,378.855,0
11.3,23663.1027,0.0392,320.57,059003.000362,059003.000595,0.0001,2G,0.4031,1462.093,0
11.3,23605.2765,0.0167,135.78,059003.000181,059003.000252,0.0069,2G,0.2822,39.396,0
11.3,23592.0587,0.0167,90.29,059003.000180,059003.000245,-0.0199,2A,0.578,139.781,0
11.3,23585.9588,0.0167,360.76,059003.000192,059003.000275,0.0149,2B,1.4715,45.694,0
11.3,23564.5264,0.0166,1347.6,059003.000363,059003.000598,-0.0,2B,0.4043,884.742,0
11.3,23555.9106,0.0388,448.52,059003.000399,059003.000622,0.0203,2B,0.4085,705.153,0
11.3,23550.4893,0.0166,1344.31,059003.000377,059003.000618,-0.0256,2G,0.4604,324.651,0
11.3,23538.0265,0.0166,1341.49,059003.000164,059003.000203,-0.0751,5A,0.4444,1472.226,0
11.3,23534.3324,0.0387,312.82,059003.000363,059003.000595,-0.0436,2G,0.3992,71.68,0
11.3,23531.3676,0.0166,89.33,059003.000192,059003.000274,-0.0204,2A,0.5329,89.929,0
11.3,23521.6274,0.0166,401.37,059003.000352,059003.000579,-0.0,2G,0.4037,3361.93,0
11.3,23521.6274,0.0166,401.37,059003.000352,059003.000580,0.0024,2G,0.4023,1375.064,0
11.3,23482.6087,0.0165,310.34,059003.000353,059003.000581,0.0055,2G,0.4007,103.151,0
11.3,23475.9419,0.0165,221.46,059003.000377,059003.000612,0.0235,2A,0.5415,293.308,0
11.3,23445.1975,0.0165,264.66,059003.000378,059003.000617,-0.0269,2A,0.4097,202.316,0
11.3,23413.183,0.0164,87.88,059003.000466,059003.000604,-0.0082,2B,0.9232,19.895,0
11.3,23396.697,0.0164,350.87,059003.000364,059003.000593,-0.0205,2G,0.3907,1187.885,0
11.3,23396.697,0.0164,350.87,059003.000378,059003.000612,0.1138,5G,0.4161,1176.997,0
11.3,23391.4575,0.0383,438.35,059003.000472,059003.000619,0.0001,2E,2.0368,9.429,0
11.3,23390.8499,0.0164,262.99,059003.000379,059003.000611,0.0676,5A,0.4017,178.132,0
11.3,23386.5525,0.0383,394.32,059003.000061,059003.000178,-0.0719,2G,0.5641,4180.085,0
11.3,23376.3314,0.5,218.84,059003.000379,059003.000607,0.569,2G,0.3996,1130.022,0
11.3,23374.7915,0.0382,262.57,059003.000381,059003.000618,0.1354,4A,0.5562,299.738,0
11.3,23325.6967,0.0163,217.88,059003.000354,059003.000584,0.0002,2G,0.4132,4826.15,0
11.3,23321.4672,0.0163,435.63,059003.000381,059003.000614,-0.5078,5A,0.4116,432.152,0
11.3,23321.4672,0.0163,435.63,059003.000381,059003.000613,0.0916,5B,0.4971,799.552,0
11.3,23304.5382,0.0163,1305.35,059003.000365,059003.000601,0.0365,3B,0.4994,661.428,0
11.3,23303.3664,0.0163,1305.25,059003.000365,059003.000600,0.0367,3A,0.4492,885.566,0
11.3,23261.2539,0.0162,217.04,059003.000039,059003.000146,0.0159,2B,0.5577,643.154,0
11.3,23225.4189,0.0377,216.75,059003.000307,059003.000563,-0.0172,2G,0.4456,777.048,0
11.3,23213.3885,0.0377,390.03,059003.000355,059003.000587,-0.1973,5B,0.4011,820.187,0
11.3,23183.219,0.0161,173.27,059003.000355,059003.000585,0.0369,3G,0.4001,659.722,0
11.3,23156.8616,0.0161,129.95,059003.000356,059003.000590,-0.0017,2G,0.4001,41.823,0
11.3,23149.5921,0.0375,216.59,059003.000146,059003.000195,0.0315,2A,0.4551,202.677,0
11.3,23135.5768,0.0374,433.26,059003.000357,059003.000588,-0.0046,2A,0.398,414.403,0
11.3,23123.6282,0.016,1083.41,059003.000383,059003.000609,0.004,2A,0.4021,801.201,0
11.3,23121.3935,0.016,173.35,059003.000043,059003.000158,-0.0477,3B,0.6355,512.625,0
11.3,23113.6086,0.016,216.73,059003.000383,059003.000607,0.0294,2A,0.3922,198.946,0
11.3,23109.8398,0.016,390.16,059003.000357,059003.000586,0.0066,2G,0.3989,1446.855,0
11.3,23087.7503,0.016,173.54,059003.000366,059003.000604,0.0077,2G,0.4103,601.519,0
11.3,23018.8807,0.0159,304.93,059003.000051,059003.000165,-0.013,2G,0.3323,884.117,0
11.3,23010.5603,0.0159,174.36,059003.000044,059003.000159,-0.0294,2G,0.5805,939.036,0
11.3,22993.0017,0.0158,174.63,059003.000358,059003.000589,0.0068,2B,0.4121,313.782,0
11.3,22971.4996,0.0158,349.98,059003.000367,059003.000596,0.0838,5B,0.392,186.176,0
11.3,22969.142,0.0369,175.03,059003.000055,059003.000172,0.0429,2D,1.6741,28.384,0
11.3,22959.1781,0.0158,1314.16,059003.000367,059003.000595,-0.1401,5A,0.3943,1770.726,0
11.3,22959.1781,0.0158,1314.16,059003.000358,059003.000586,-0.0582,4A,0.4037,883.962,0
11.3,22955.8221,0.0158,306.75,059003.000367,059003.000592,-0.0081,2B,0.3916,843.235,0
11.3,22952.594,0.0158,175.35,059003.000171,059003.000206,0.0051,2G,0.4185,1147.474,0
11.3,22949.1521,0.0368,263.13,059003.000189,059003.000269,-0.2907,5G,0.4793,60.751,0
11.3,22916.9105,0.0157,264.19,059003.000385,059003.000617,0.0031,2B,0.3836,401.814,0
11.3,22890.2397,0.0157,353.59,059003.000385,059003.000614,0.058,4B,0.3862,915.685,0
11.3,22885.0268,0.0366,88.47,059003.000458,059003.000580,-0.001,2G,0.6454,17.553,0
11.3,22869.4366,0.0157,44.34,059003.000182,059003.000435,0.0126,2B,0.5383,141.29,0
11.3,22866.7186,0.0157,266.16,059003.000385,059003.000611,-0.0613,4G,0.3916,831.031,0
11.3,22827.6764,0.0156,312.65,059003.000386,059003.000617,0.0146,2A,0.3956,224.534,0
11.3,22803.2075,0.0156,224.38,059003.000037,059003.000142,0.056,4B,0.2763,317.744,0
11.3,22800.3226,0.0156,314.31,059003.000386,059003.000613,-0.014,2B,0.4067,201.263,0
11.3,22797.6899,0.0364,224.63,059003.000371,059003.000602,-0.2915,5B,1.3448,141.068,0
11.3,22790.6291,0.0156,89.98,059003.000370,059003.000596,0.1188,5G,0.4653,710.897,0
11.3,22790.1716,0.0363,134.99,059003.000186,059003.000261,-0.0322,2B,0.3914,383.083,0
11.3,22727.1371,0.0155,273.88,059003.000373,059003.000603,-0.053,4B,0.4317,622.116,0
11.3,22721.2797,0.0155,91.43,059003.000372,059003.000595,0.0668,5B,0.4155,38.512,0
11.3,22720.6912,0.0155,137.16,059003.000372,059003.000594,-0.0291,2G,0.392,42.632,0
11.3,22717.3125,0.0361,320.32,059003.000406,059003.000622,-0.0059,2G,0.3877,968.729,0
11.3,22716.5438,0.0361,137.31,059003.000467,059003.000597,0.1098,4A,0.4804,158.694,0
11.3,22716.5438,0.0361,137.31,059003.000467,059003.000596,0.1839,5A,0.4758,202.015,0
11.3,22714.5085,0.0361,91.58,059003.000460,059003.000589,-0.0355,2G,0.3957,773.508,0
11.3,22709.9675,0.0155,45.85,059003.000054,059003.000169,-0.0035,2A,0.5799,32.792,0
11.3,22706.8802,0.0361,2752.96,059003.000373,059003.000602,0.2869,5C,1.3541,176.234,0
11.3,22700.9103,0.0154,275.73,059003.000467,059003.000593,-0.0761,5B,0.4828,713.852,0
11.3,22700.9103,0.0154,275.73,059003.000468,059003.000601,-0.0052,2B,0.7564,448.936,0
11.3,22700.9103,0.0154,275.73,059003.000461,059003.000587,0.0007,2A,0.396,244.427,0
11.3,22700.9103,0.0154,275.73,059003.000467,059003.000592,0.136,5A,0.5183,440.513,0
11.3,22699.7104,0.0154,229.85,059003.000468,059003.000600,-0.0331,3B,0.7628,150.253,0
11.3,22696.0133,0.036,322.1,059003.000052,059003.000166,-0.0033,2G,0.6139,2227.648,0
11.3,22676.6468,0.0154,92.52,059003.000468,059003.000596,-0.1593,5C,0.7081,505.806,0
11.3,22613.0667,0.0153,330.07,059003.000052,059003.000164,0.0005,2C,0.9502,3096.206,0
11.3,22595.6235,0.0357,379.38,059003.000387,059003.000616,-0.0457,2B,0.4067,724.45,0
11.3,22577.3696,0.0153,238.59,059003.000462,059003.000588,0.0045,2A,0.3775,233.8,0
11.3,22577.3696,0.0153,238.59,059003.000462,059003.000587,0.0938,5A,0.397,333.37,0
11.3,22573.2597,0.0153,47.79,059003.000549,059003.000498,-0.0011,2B,0.4225,24.505,0
11.3,22570.699,0.0153,95.66,059003.000181,059003.000244,0.048,4B,0.3394,40.674,0
11.3,22559.6074,0.0153,384.14,059003.000387,059003.000610,0.0,2G,0.385,2477.601,0
11.3,22557.2883,0.0153,48.06,059003.000387,059003.000609,-0.0046,2G,0.4041,417.497,0
11.3,22552.0314,0.0356,144.45,059003.000387,059003.000608,0.0,2G,0.3868,1118.633,0
11.3,22546.8391,0.0152,241.2,059003.000462,059003.000585,-0.033,3G,0.4007,892.546,0
11.3,22524.5563,0.0355,340.51,059003.000182,059003.000243,-0.0825,3A,0.6485,189.203,0
11.3,22524.1094,0.0152,389.22,059003.000182,059003.000433,-0.0392,3A,0.4544,343.075,0
11.3,22490.6996,0.0152,345.09,059003.000388,059003.000612,-0.0438,3B,0.4617,182.901,0
11.3,22434.0295,0.0151,51.95,059003.000359,059003.000582,0.0049,2G,0.3866,224.739,0
11.3,22430.8873,0.0151,138.69,059003.000034,059003.000137,-0.0004,2B,0.674,70.663,0
11.3,22412.4862,0.0151,261.75,059003.000359,059003.000581,-0.0061,2G,0.3878,1131.952,0
11.3,22401.1116,0.015,1577.09,059003.000359,059003.000578,0.0035,2A,0.381,1780.074,0
11.3,22398.2734,0.0351,105.25,059003.000389,059003.000617,0.033,2G,0.379,32.385,0
11.3,22383.9908,0.015,70.55,059003.000188,059003.000266,-0.0325,3B,0.5558,35.451,0
11.3,22344.0332,0.0349,89.63,059003.000390,059003.000615,-0.0989,3B,0.3979,175.147,0
11.3,22344.0332,0.0349,89.63,059003.000390,059003.000616,0.0074,2G,0.3911,645.023,0
11.3,22331.4195,0.0149,54.07,059003.000167,059003.000199,-0.0147,2A,0.4002,45.138,0
11.3,22203.6824,0.0148,172.55,059003.000184,059003.000250,-0.0005,2G,1.5275,6.27,0
11.3,22073.2609,0.0146,82.73,059003.000161,059003.000198,-0.0345,3B,0.431,49.233,0
11.3,21974.5509,0.0145,22.08,059003.000298,059003.000551,-0.0017,2B,1.6054,5.872,0
11.3,21960.0222,0.0145,44.6,059003.000180,059003.000231,0.0172,2A,0.5763,59.231,0
11.3,21875.2577,0.0143,94.87,059003.000181,059003.000238,-0.0512,4G,0.358,27.644,0
11.3,21873.6506,0.0143,118.73,059003.000182,059003.000238,0.0442,4G,0.4521,410.512,0
11.3,21823.6037,0.0143,49.35,059003.000117,059003.000186,-0.0102,2B,0.8581,22.932,0
11.3,21816.2823,0.0143,198.52,059003.000090,059003.000180,-0.0,2B,0.4359,322.672,0
11.3,21773.8717,0.0142,128.33,059003.000392,059003.000613,-0.0177,2A,0.3867,138.079,0
11.3,21756.4005,0.0142,182.22,059003.000001,059003.000084,-0.0111,2A,0.6021,171.5,0
11.3,21729.403,0.0142,239.54,059003.000063,059003.000174,-0.0012,2A,0.6867,414.141,0
11.3,21445.2179,0.0138,308.25,059003.000103,059003.000181,0.0385,3A,0.4276,337.339,0
11.3,21285.2335,0.0136,39.94,059003.000483,059003.000619,-0.0,2A,0.4307,31.545,0
11.3,21208.1668,0.0315,387.82,059003.000457,059003.000566,0.0033,2B,0.4752,160.65,0
11.3,21197.6099,0.0135,130.64,059003.000048,059003.000153,0.0454,4G,0.6144,717.02,0
11.3,21022.4544,0.5,51.91,059003.000399,059003.000609,1.069,3B,0.4273,99.25,0
11.3,20830.4532,0.0303,125.96,059003.000408,059003.000622,-0.0047,2G,0.4506,28.174,0
11.3,20721.4725,0.0129,70.19,059003.000400,059003.000607,-0.0194,2G,0.3946,14.133,0
11.3,20299.9933,0.0124,103.82,059003.000179,059003.000220,0.0108,2B,0.3899,165.081,0
11.3,19592.344,0.0115,163.13,059003.000392,059003.000603,0.0285,3E,2.5315,1.844,0
11.3,19075.7772,0.0109,174.67,059003.000048,059003.000144,-0.0029,2G,0.6128,1287.956,0
11.3,19001.3771,0.0108,172513.3,059003.000061,059003.000154,0.0059,2G,0.5447,47386.529,0
11.3,18881.9197,0.0107,668.06,059003.000356,059003.000575,0.0002,2B,0.4883,283.964,0
11.3,18420.1176,0.0102,1275.32,059003.000058,059003.000151,-0.0038,2G,0.5505,8658.622,0
11.3,18313.8619,0.0101,2323.32,059003.000369,059003.000577,-0.0,2C,0.9789,300.205,0
11.3,18012.6683,0.0097,337.55,059003.000040,059003.000132,0.0028,2G,0.5586,3097.948,0
11.3,17940.9445,0.0096,77.41,059003.000389,059003.000578,-0.0022,2G,0.4469,23.266,0
11.3,17940.4237,0.0096,386.81,059003.000458,059003.000572,-0.0001,2B,0.9767,172.628,0
11.3,17928.9938,0.0096,686.55,059003.000080,059003.000169,0.0081,2A,0.4423,917.129,0
11.3,17881.7042,0.0096,1438.36,059003.000058,059003.000148,0.003,2B,1.1362,258.109,0
11.3,17803.964,0.0095,65.12,059003.000148,059003.000193,0.0099,2A,0.4262,45.509,0
11.3,17722.8641,0.0094,292.79,059003.000459,059003.000572,0.0001,2B,0.7629,154.223,0
11.3,17712.8822,0.0094,57.79,059003.000488,059003.000601,-0.012,2G,0.5798,9.87,0
11.3,17704.3328,0.0094,228.55,059003.000409,059003.000611,-0.0043,2G,0.3513,13.976,0
11.3,17704.3328,0.0094,228.55,059003.000118,059003.000179,0.0026,2G,0.5211,58.258,0
11.3,17605.5763,0.0093,450.72,059003.000068,059003.000155,0.0,2B,0.7733,119.99,0
11.3,17592.2433,0.0093,147.58,059003.000188,059003.000241,-0.002,2B,0.485,73.671,0
11.3,17425.6662,0.0091,39.41,059003.000476,059003.000427,-0.0007,2B,0.9149,139.314,0
11.3,17329.2188,0.021,243.67,059003.000468,059003.000421,-0.0028,2B,0.7123,123.54,0
11.3,17267.7117,0.0089,32.26,059003.000566,059003.000534,0.0002,2G,0.2829,7.627,0
11.3,17206.4277,0.0089,60.0,059003.000305,059003.000548,-0.001,2C,1.4113,3.681,0
11.3,17157.3196,0.0088,28.38,059003.000387,059003.000426,-0.0002,2B,0.5305,9.738,0
11.3,17155.9761,0.0088,28.34,059003.000319,059003.000485,-0.0019,2G,0.5249,8.041,0
11.3,17097.6239,0.0088,186.51,059003.000463,059003.000574,0.0068,2C,0.8795,1319.45,0
11.3,17094.0887,0.043,530.98,059003.000481,059003.000590,0.0067,2D,3.5063,3.617,0
11.3,17035.0115,0.0087,150.45,059003.000481,059003.000584,-0.0001,2E,1.988,2.867,0
11.3,17007.5429,0.0087,73.4,059003.000465,059003.000575,-0.0003,2G,0.8892,2210.774,0
11.3,16981.7932,0.0086,23.94,059003.000184,059003.000211,0.0031,2G,0.2646,6.703,0
11.3,16925.438,0.02,22.93,059003.000322,059003.000486,0.0033,2A,0.4544,33.101,0
11.3,16852.8874,0.0085,87.67,059003.000092,059003.000175,0.0,2G,0.511,1309.718,0
11.3,16798.1979,0.0085,85.48,059003.000446,059003.000318,0.0002,2C,1.3008,6.196,0
11.3,16789.3178,0.0084,106.5,059003.000184,059003.000209,-0.0025,2G,0.4495,23.38,0
11.3,16775.6833,0.0084,21.2,059003.000364,059003.000574,-0.0063,2B,1.2952,13.525,0
11.3,16745.6629,0.0084,147.19,059003.000037,059003.000123,-0.0038,2G,0.5819,789.797,0
11.3,16693.2003,0.0084,20.87,059003.000469,059003.000576,0.009,2C,0.8597,99.688,0
11.3,16639.4366,0.0083,20.91,059003.000187,059003.000232,-0.002,2B,0.4599,39.13,0
11.3,16558.9641,0.0082,21.41,059003.000034,059003.000112,-0.0027,2B,0.5795,60.989,0
11.3,16480.2738,0.019,27.85,059003.000088,059003.000169,-0.0358,2B,0.9041,48.219,0
11.3,16444.2486,0.0081,29.07,059003.000542,059003.000485,0.001,2B,1.0608,5.702,0
11.3,16425.3999,0.0189,89.09,059003.000542,059003.000402,-0.0017,2B,0.6255,25.298,0
11.3,16300.1398,0.008,67.3,059003.000192,059003.000433,0.0083,2A,0.4107,94.126,0
11.3,16263.9511,0.0079,173.47,059003.000463,059003.000419,-0.0,2A,0.5265,258.045,0
11.3,16233.1859,0.0079,106.62,059003.000186,059003.000220,-0.0028,2B,0.4591,47.409,0
11.3,16200.4888,0.0079,36.39,059003.000321,059003.000397,-0.0012,2G,0.4952,7.741,0
11.3,16189.3622,0.0079,36.67,059003.000098,059003.000174,0.0059,2A,0.4301,25.768,0
11.3,16153.9505,0.0078,150.09,059003.000077,059003.000158,0.0,2B,0.463,304.291,0
11.3,16140.5325,0.0078,151.31,059003.000107,059003.000177,-0.0011,2G,0.5055,3023.99,0
11.3,16117.3229,0.0182,344.99,059003.000480,059003.000427,0.003,2B,0.8324,157.714,0
11.3,16116.3629,0.0078,38.35,059003.000383,059003.000576,-0.0078,2G,0.3576,8.902,0
11.3,16076.6862,0.0077,39.15,059003.000189,059003.000230,0.0035,2G,0.4936,8.631,0
11.3,16061.18,0.0077,157.75,059003.000035,059003.000114,0.0012,2A,0.6691,154.595,0
11.3,16047.6533,0.0077,198.38,059003.000470,059003.000421,0.0007,2A,0.5263,255.035,0
11.3,16035.2696,0.018,119.66,059003.000306,059003.000548,0.0045,2B,1.5907,15.325,0
11.3,16028.2586,0.018,320.01,059003.000032,059003.000066,-0.002,2G,0.6284,3840.261,0
11.3,15988.342,0.0077,81.2,059003.000548,059003.000496,-0.0004,2B,0.4724,36.976,0
11.3,15981.3335,0.0077,162.79,059003.000471,059003.000420,0.0,2B,0.7531,312.657,0
11.3,15947.0009,0.0178,82.25,059003.000043,059003.000131,0.0463,3G,0.5831,565.026,0
11.3,15811.9923,0.0075,126.37,059003.000048,059003.000135,-0.0129,2B,0.4138,45.392,0
11.3,15802.3565,0.0175,337.22,059003.000450,059003.000542,0.0034,2D,1.7823,25.302,0
11.3,15675.1873,0.0074,126.16,059003.000370,059003.000572,-0.0002,2D,2.1297,3.826,0
11.3,15504.88,0.0168,81.25,059003.000065,059003.000143,-0.0007,2B,0.5652,277.854,0
11.3,15385.1708,0.0071,38.9,059003.000099,059003.000169,0.001,2B,0.806,66.472,0
11.3,15357.3026,0.0071,38.44,059003.000549,059003.000494,-0.0,2B,0.5093,14.173,0
11.3,15239.9031,0.007,36.26,059003.000315,059003.000382,-0.0008,2G,1.4554,1.526,0
11.3,15091.8277,0.0068,132.69,059003.000317,059003.000474,0.0,2B,0.4588,56.372,0
11.3,15008.9067,0.5,31.37,059003.000077,059003.000152,-0.3174,2C,0.8367,5.422,0
11.3,14997.0569,0.0157,31.11,059003.000043,059003.000127,0.0005,2A,0.5296,18.977,0
11.3,14971.0066,0.0067,30.54,059003.000334,059003.000487,0.0,2G,0.4796,7.11,0
11.3,14492.6645,0.0063,10455.34,059003.000055,059003.000135,-0.0027,2A,0.5951,9882.612,0
11.3,14467.4864,0.0063,102.41,059003.000053,059003.000430,-0.0002,2B,0.8275,112.911,0
11.3,14344.8192,0.0062,92.66,059003.000543,059003.000404,0.0039,2G,0.6607,16.207,0
11.3,14344.0218,0.0062,92.6,059003.000103,059003.000164,-0.0079,2B,0.7155,367.441,0
11.3,14334.3463,0.0062,1837.57,059003.000110,059003.000171,0.0031,2B,0.6905,658.108,0
11.3,14132.5801,0.006,314.17,059003.000041,059003.000118,0.0015,2B,0.9434,139.264,0
11.3,14017.0519,0.0059,361.46,059003.000136,059003.000181,-0.0062,2B,0.6942,172.866,0
11.3,13733.5166,0.5,60.85,059003.000094,059003.000159,0.0,2B,1.0753,15.846,0
11.3,13733.5166,0.5,60.85,059003.000558,059003.000412,0.4663,2G,0.5793,3.143,0
11.3,13611.8718,0.013,3449.01,059003.000036,059003.000098,0.0245,2B,0.6034,1708.104,0
11.3,13602.797,0.0129,1145.33,059003.000040,059003.000114,-0.0061,2B,0.5914,4092.131,0
11.3,13478.5596,0.0054,54.76,059003.000327,059003.000388,-0.0031,2G,0.6128,12.148,0
11.3,13468.2595,0.0054,43669.54,059003.000031,059003.000046,-0.0017,2A,0.6379,33303.793,0
11.3,13467.3628,0.0054,54.57,059003.000326,059003.000476,-0.0001,2B,0.396,29.062,0
11.3,13462.6756,0.0054,54.5,059003.000335,059003.000400,-0.0034,2C,0.8158,7.105,0
11.3,13420.6388,0.0126,107.74,059003.000329,059003.000391,0.0002,2G,0.4854,23.148,0
11.3,13344.0042,0.0053,52.97,059003.000314,059003.000369,0.0001,2B,0.5095,137.369,0
11.3,13317.2232,0.0124,316.35,059003.000341,059003.000488,-0.0212,2G,0.4523,70.121,0
11.3,13184.1055,0.0052,52.05,059003.000325,059003.000382,-0.0019,2B,1.2127,178.363,0
11.3,13024.7904,0.0051,52.42,059003.000039,059003.000106,-0.0009,2G,0.6564,1487.83,0
11.3,12990.1094,0.0051,52.68,059003.000175,059003.000193,-0.0041,2B,0.416,18.759,0
11.3,12984.1289,0.0118,52.73,059003.000336,059003.000399,-0.0088,2D,2.5168,1.25,0
11.3,12949.5919,0.0117,106.1,059003.000044,059003.000119,0.0187,2G,0.6016,25.789,0
11.3,12947.5711,0.005,53.07,059003.000318,059003.000468,-0.0203,5A,0.427,40.638,0
11.3,12903.8061,0.005,5357.91,059003.000034,059003.000086,0.0019,2A,0.5853,3949.842,0
11.3,12892.6512,0.0116,53.72,059003.000136,059003.000179,0.0214,2B,1.4877,27.402,0
11.3,12891.2855,0.005,161.23,059003.000118,059003.000173,-0.0007,2G,0.6795,1429.831,0
11.3,12851.6125,0.0049,217.27,059003.000541,059003.000464,-0.0025,2B,0.5248,732.735,0
11.3,12797.4747,0.0114,331.45,059003.000335,059003.000481,0.0258,3B,0.4869,736.436,0
11.3,12794.3914,0.0114,497.7,059003.000037,059003.000097,-0.007,2G,0.6138,3612.69,0
11.3,12786.6109,0.0114,277.24,059003.000335,059003.000480,-0.0053,2A,0.6776,516.37,0
11.3,12783.3516,0.0114,499.59,059003.000324,059003.000471,0.0001,2G,0.4951,1773.789,0
11.3,12742.3632,0.0113,394.46,059003.000314,059003.000464,0.0138,2A,0.5629,638.244,0
11.3,12740.2138,0.0049,225.59,059003.000324,059003.000470,0.0002,2B,0.4669,643.702,0
11.3,12728.2079,0.0113,169.99,059003.000545,059003.000484,-0.0002,2B,1.0994,35.993,0
11.3,12633.7428,0.0112,295.28,059003.000032,059003.000050,0.0042,2G,0.6044,4307.857,0
11.3,12625.9164,0.0048,177.83,059003.000541,059003.000463,0.0022,2G,0.4767,830.047,0
11.3,12607.7603,0.0111,239.23,059003.000122,059003.000176,-0.0254,3G,0.5737,1872.964,0
11.3,12597.9245,0.0048,120.2,059003.000336,059003.000480,0.0012,2G,0.6565,689.447,0
11.3,12589.3655,0.0047,60.36,059003.000327,059003.000380,0.0,2C,1.0879,5.725,0
11.3,12510.5628,0.0047,62.99,059003.000122,059003.000175,0.0076,2G,0.5429,855.119,0
11.3,12504.4929,0.0047,189.62,059003.000341,059003.000484,0.0001,2B,0.6111,63.553,0
11.3,12491.8225,0.0047,191.01,059003.000337,059003.000481,-0.0036,2E,2.6107,2.043,0
11.3,12484.8262,0.0047,63.93,059003.000319,059003.000366,0.0005,2B,0.71,18.766,0
11.3,12418.399,0.0108,332.79,059003.000045,059003.000118,-0.0053,2C,0.9845,61.564,0
11.3,12359.3202,0.0046,69.14,059003.000324,059003.000375,0.0001,2B,0.6598,21.438,0
11.3,12359.3202,0.0046,69.14,059003.000329,059003.000382,0.0046,2B,1.5086,54.488,0
11.3,12356.9964,0.0046,69.24,059003.000338,059003.000479,-0.0,2B,0.5667,125.554,0
11.3,12354.2984,0.0046,69.37,059003.000190,059003.000207,-0.0009,2B,0.3697,37.531,0
11.3,12347.9713,0.0046,139.31,059003.000339,059003.000481,-0.0008,2A,0.5049,127.392,0
11.3,12344.0206,0.0046,69.84,059003.000318,059003.000365,0.0153,4C,1.3346,7.661,0
11.3,12303.9596,0.0045,71.76,059003.000338,059003.000394,-0.0002,2G,0.3225,18.1,0
11.3,12239.0257,0.0045,600.69,059003.000034,059003.000083,0.0001,2A,0.6564,370.431,0
11.3,12192.5839,0.0045,77.63,059003.000117,059003.000168,0.0019,2G,0.5927,544.683,0
11.3,12183.6317,0.0044,78.13,059003.000321,059003.000368,0.0115,3B,0.4175,40.347,0
11.3,12172.0605,0.0104,78.8,059003.000056,059003.000130,0.0002,2A,0.4837,49.595,0
11.3,12123.514,0.0103,81.65,059003.000340,059003.000396,0.0002,2C,0.9666,11.083,0
11.3,11968.2199,0.1,91.59,059003.000032,059003.000046,0.157,2B,1.2562,34.246,0
11.3,11954.0677,0.01,832.9,059003.000031,059003.000042,0.0008,2G,0.6312,135.338,0
11.3,11946.1677,0.0043,465.4,059003.000340,059003.000481,0.0003,2G,0.5788,115.484,0
11.3,11926.7891,0.0043,566.4,059003.000332,059003.000379,0.0016,2C,0.8034,77.609,0
11.3,11910.4327,0.0099,477.61,059003.000073,059003.000136,-0.001,2A,0.5765,299.356,0
11.3,11899.9164,0.0042,1924.93,059003.000051,059003.000123,0.0012,2C,0.748,378.368,0
11.3,11885.5302,0.0042,194.48,059003.000037,059003.000088,-0.0023,2G,0.5826,1370.164,0
11.3,11846.8984,0.0042,99.92,059003.000321,059003.000365,-0.0085,3E,4.8284,0.03,0
11.3,11842.0339,0.0042,701.8,059003.000056,059003.000128,0.0002,2B,0.5649,1346.443,0
11.3,11784.2619,0.0042,104.26,059003.000321,059003.000466,-0.0006,2B,0.5007,41.599,0
11.3,11776.9227,0.0042,523.83,059003.000034,059003.000078,-0.0009,2G,0.6574,80.981,0
11.3,11764.2584,0.0041,211.27,059003.000124,059003.000173,-0.0007,2G,0.526,2257.038,0
11.3,11759.0366,0.0041,105.99,059003.000330,059003.000469,0.0022,2A,0.5521,134.859,0
11.3,11745.8555,0.0041,962.02,059003.000044,059003.000112,0.0009,2B,0.561,275.068,0
11.3,11722.9299,0.0041,108.44,059003.000035,059003.000084,0.0006,2C,0.7999,23.247,0
11.3,11709.9323,0.0041,109.31,059003.000335,059003.000388,-0.0013,2B,0.6011,37.54,0
11.3,11691.4533,0.0041,110.53,059003.000342,059003.000394,0.0003,2B,0.9033,64.782,0
11.3,11629.71,0.0041,228.88,059003.000117,059003.000162,0.0,2B,0.6344,761.663,0
11.3,11629.71,0.0041,228.88,059003.000124,059003.000172,0.0017,2C,0.6999,1170.73,0
11.3,11605.2628,0.004,115.91,059003.000320,059003.000361,-0.0001,2G,0.5184,24.305,0
11.3,11570.1927,0.004,117.9,059003.000344,059003.000404,-0.0004,2E,2.6985,0.729,0
11.3,11522.6951,0.004,120.38,059003.000043,059003.000111,0.0005,2G,0.6354,1519.461,0
11.3,11481.7724,0.0092,122.25,059003.000341,059003.000392,0.0114,2A,0.4991,93.277,0
11.3,11450.3468,0.0039,123.5,059003.000031,059003.000041,0.0007,2B,0.7271,102.701,0
11.3,11440.5333,0.0039,123.85,059003.000545,059003.000477,0.0,2B,0.656,60.84,0
11.3,11419.0901,0.0039,124.56,059003.000324,059003.000467,-0.0007,2B,0.4979,407.577,0
11.3,11248.8528,0.0038,1265.25,059003.000110,059003.000154,-0.0009,2A,0.6766,2378.832,0
11.3,11099.3184,0.0037,1217.53,059003.000122,059003.000163,-0.0016,2B,0.6136,478.981,0
11.3,11024.6424,0.0036,1168.75,059003.000327,059003.000467,0.0013,2D,1.7648,44.202,0
11.3,10740.7081,0.0035,427.93,059003.000051,059003.000115,-0.0002,2D,1.7049,18.449,0
11.3,10721.5007,0.0034,4149.26,059003.000034,059003.000539,0.0004,2B,0.6021,1434.642,0
11.3,10664.5093,0.0034,375.68,059003.000038,059003.000083,0.0001,2G,0.6268,4018.228,0
11.3,10618.0542,0.0034,343.45,059003.000055,059003.000120,0.0013,2G,0.6435,73.55,0
11.3,10618.0542,0.0034,343.45,059003.000328,059003.000367,0.0033,2G,0.5473,61.318,0
11.3,10605.3812,0.0034,334.68,059003.000342,059003.000387,-0.0007,2A,0.4678,449.035,0
11.3,10552.5736,0.0033,298.62,059003.000331,059003.000468,-0.0003,2D,2.0035,12.789,0
11.3,10502.7875,0.0033,531.39,059003.000337,059003.000379,0.0019,2B,0.4291,307.165,0
11.3,10447.1299,0.0033,922.76,059003.000330,059003.000370,0.005,2G,0.4739,219.355,0
11.3,10382.5667,0.0032,193.14,059003.000556,059003.000397,0.0001,2B,0.4934,79.57,0
11.3,10368.1168,0.0032,370.5,059003.000557,059003.000399,0.0007,2A,0.4829,371.087,0
11.3,10330.5519,0.0032,165.66,059003.000556,059003.000483,-0.0015,2B,0.7861,41.811,0
11.3,10330.5519,0.0032,165.66,059003.000554,059003.000482,0.0002,2A,0.4896,133.589,0
11.3,10293.9502,0.0032,147.92,059003.000330,059003.000368,-0.006,2B,0.5466,83.904,0
11.3,10287.4711,0.0211,144.92,059003.000555,059003.000482,-0.0023,2B,1.5167,17.267,0
11.3,10267.2388,0.0032,135.83,059003.000044,059003.000104,-0.0006,2B,0.5625,316.812,0
11.3,10233.0517,0.0183,121.42,059003.000347,059003.000401,-0.0022,2B,0.4211,53.484,0
11.3,10209.4864,0.0031,673.0,059003.000346,059003.000482,0.0,2B,0.5243,214.969,0
11.3,10133.161,0.0031,257.9,059003.000317,059003.000353,-0.0,2G,0.5565,55.476,0
11.3,10133.161,0.0031,257.9,059003.000547,059003.000382,0.0,2G,0.6407,58.899,0
11.3,10106.9695,0.0031,78.24,059003.000322,059003.000460,-0.0005,2B,0.4962,204.331,0
11.3,10074.6187,0.04,139.07,059003.000558,059003.000399,0.027,2A,0.5172,158.155,0
11.3,10033.4933,0.0134,59.73,059003.000333,059003.000372,0.0281,3G,0.4846,931.229,0
11.3,9850.7991,0.0029,604.42,059003.000329,059003.000364,-0.0053,2G,0.3978,139.04,0
11.3,9850.7991,0.0029,604.42,059003.000543,059003.000371,-0.0047,2B,0.4971,191.897,0
