missing-gA policy: impute
============================================================
classify_lines.py — Spectral Line Classification for Pr III
CHANCE-COINCIDENCE RUN: wavenumber shift -11.300 cm^-1
============================================================
Step 1: Reading energy levels...
  Read 593 energy levels.
Step 2: Reading calculated transitions...
  Read 30206 calculated transitions.
Step 3: Reading observed spectral lines...
  NOTE: all observed wavenumbers shifted by -11.300 cm^-1 (chance-coincidence run)
  Read 6667 observed lines.
Step 4: Generating all possible transitions...
  Transitions absent from Icalc.xlsx are imputed with gA = 175.8 s^-1 (cutoff 1000 s^-1), u_ln = 1.7383,
    through Icalc = 252.641 * gA * (rwn/1e8) * exp(-Eup/12365.9).
  Generated 30237 possible transitions.
  1075 of them are absent from Icalc.xlsx and were given an imputed intensity.
Step 5 cycle 1:
Step 5.1: Matching observed lines to transitions & grading...
  Matching complete.
Step 5.2: Resolving conflicts...
  Max number of conflicting assignments: 3
  Total number of conflicting assignments: 94
Step 5.3: Weeding assignments (iterative)...
  Baseline: Step1=2648, Step2=50, Step3=217, Accepted=535
  Iteration 1: Step1=2648, Step2=50, Step3=217, Accepted=535
  Iteration 1: 0 changes (+0 accepted, -0 rejected)
  Converged after 1 iteration(s).
Weeding complete. Decisions made: 2648 in Step1, 50 in Step2, 217 in Step3
  Total number of accepted assignments: 535
  Accepted assignments: 535, max energy change in optimization: 2.379290 cm^-1
Step 5 cycle 2:
Step 5.1: Matching observed lines to transitions & grading...
  Matching complete.
Step 5.2: Resolving conflicts...
  Max number of conflicting assignments: 15
  Total number of conflicting assignments: 1756
Step 5.3: Weeding assignments (iterative)...
  Baseline: Step1=6903, Step2=179, Step3=408, Accepted=1374
  Iteration 1: Step1=6903, Step2=179, Step3=408, Accepted=1374
  Iteration 1: 0 changes (+0 accepted, -0 rejected)
  Converged after 1 iteration(s).
Weeding complete. Decisions made: 6903 in Step1, 179 in Step2, 408 in Step3
  Total number of accepted assignments: 1374
  Accepted assignments: 1374, max energy change in optimization: 12.343776 cm^-1
Step 5 cycle 3:
Step 5.1: Matching observed lines to transitions & grading...
  Matching complete.
Step 5.2: Resolving conflicts...
  Max number of conflicting assignments: 17
  Total number of conflicting assignments: 3369
Step 5.3: Weeding assignments (iterative)...
  Baseline: Step1=10049, Step2=395, Step3=477, Accepted=2261
  Iteration 1: Step1=10049, Step2=395, Step3=477, Accepted=2261
  Iteration 1: 0 changes (+0 accepted, -0 rejected)
  Converged after 1 iteration(s).
Weeding complete. Decisions made: 10049 in Step1, 395 in Step2, 477 in Step3
  Total number of accepted assignments: 2261
  Blacklisted 1734 transition(s) oscillating between cycles.
  Accepted assignments: 2261, max energy change in optimization: 3.379054 cm^-1
Step 5 cycle 4:
Step 5.1: Matching observed lines to transitions & grading...
  Matching complete.
Step 5.2: Resolving conflicts...
  Max number of conflicting assignments: 9
  Total number of conflicting assignments: 1970
Step 5.3: Weeding assignments (iterative)...
  Baseline: Step1=8259, Step2=236, Step3=713, Accepted=1867
  Iteration 1: Step1=8259, Step2=236, Step3=713, Accepted=1867
  Iteration 1: 0 changes (+0 accepted, -0 rejected)
  Converged after 1 iteration(s).
  Blacklisted 1734 oscillating transition(s) (cumulative).
Weeding complete. Decisions made: 8259 in Step1, 236 in Step2, 713 in Step3
  Total number of accepted assignments: 1867
  Blacklisted 2256 transition(s) oscillating between cycles.
  Accepted assignments: 1867, max energy change in optimization: 1.636724 cm^-1
Step 5 cycle 5:
Step 5.1: Matching observed lines to transitions & grading...
  Matching complete.
Step 5.2: Resolving conflicts...
  Max number of conflicting assignments: 6
  Total number of conflicting assignments: 1126
Step 5.3: Weeding assignments (iterative)...
  Baseline: Step1=6508, Step2=146, Step3=853, Accepted=1577
  Iteration 1: Step1=6508, Step2=146, Step3=853, Accepted=1577
  Iteration 1: 0 changes (+0 accepted, -0 rejected)
  Converged after 1 iteration(s).
  Blacklisted 3990 oscillating transition(s) (cumulative).
Weeding complete. Decisions made: 6508 in Step1, 146 in Step2, 853 in Step3
  Total number of accepted assignments: 1577
  Blacklisted 632 transition(s) oscillating between cycles.
  Accepted assignments: 1577, max energy change in optimization: 1.235493 cm^-1
Step 5 cycle 6:
Step 5.1: Matching observed lines to transitions & grading...
  Matching complete.
Step 5.2: Resolving conflicts...
  Max number of conflicting assignments: 6
  Total number of conflicting assignments: 772
Step 5.3: Weeding assignments (iterative)...
  Baseline: Step1=5460, Step2=101, Step3=895, Accepted=1363
  Iteration 1: Step1=5460, Step2=101, Step3=895, Accepted=1363
  Iteration 1: 0 changes (+0 accepted, -0 rejected)
  Converged after 1 iteration(s).
  Blacklisted 4622 oscillating transition(s) (cumulative).
Weeding complete. Decisions made: 5460 in Step1, 101 in Step2, 895 in Step3
  Total number of accepted assignments: 1363
  Blacklisted 229 transition(s) oscillating between cycles.
  Accepted assignments: 1363, max energy change in optimization: 0.854459 cm^-1
Step 5 cycle 7:
Step 5.1: Matching observed lines to transitions & grading...
  Matching complete.
Step 5.2: Resolving conflicts...
  Max number of conflicting assignments: 6
  Total number of conflicting assignments: 597
Step 5.3: Weeding assignments (iterative)...
  Baseline: Step1=4807, Step2=69, Step3=806, Accepted=1288
  Iteration 1: Step1=4807, Step2=69, Step3=806, Accepted=1288
  Iteration 1: 0 changes (+0 accepted, -0 rejected)
  Converged after 1 iteration(s).
  Blacklisted 4851 oscillating transition(s) (cumulative).
Weeding complete. Decisions made: 4807 in Step1, 69 in Step2, 806 in Step3
  Total number of accepted assignments: 1288
  Blacklisted 127 transition(s) oscillating between cycles.
  Accepted assignments: 1288, max energy change in optimization: 0.972252 cm^-1
Step 5 cycle 8:
Step 5.1: Matching observed lines to transitions & grading...
  Matching complete.
Step 5.2: Resolving conflicts...
  Max number of conflicting assignments: 6
  Total number of conflicting assignments: 518
Step 5.3: Weeding assignments (iterative)...
  Baseline: Step1=4530, Step2=69, Step3=810, Accepted=1274
  Iteration 1: Step1=4530, Step2=69, Step3=810, Accepted=1274
  Iteration 1: 0 changes (+0 accepted, -0 rejected)
  Converged after 1 iteration(s).
  Blacklisted 4978 oscillating transition(s) (cumulative).
Weeding complete. Decisions made: 4530 in Step1, 69 in Step2, 810 in Step3
  Total number of accepted assignments: 1274
  Blacklisted 86 transition(s) oscillating between cycles.
  Accepted assignments: 1274, max energy change in optimization: 0.491791 cm^-1
Step 5 cycle 9:
Step 5.1: Matching observed lines to transitions & grading...
  Matching complete.
Step 5.2: Resolving conflicts...
  Max number of conflicting assignments: 6
  Total number of conflicting assignments: 503
Step 5.3: Weeding assignments (iterative)...
  Baseline: Step1=4417, Step2=57, Step3=845, Accepted=1250
  Iteration 1: Step1=4417, Step2=57, Step3=845, Accepted=1250
  Iteration 1: 0 changes (+0 accepted, -0 rejected)
  Converged after 1 iteration(s).
  Blacklisted 5064 oscillating transition(s) (cumulative).
Weeding complete. Decisions made: 4417 in Step1, 57 in Step2, 845 in Step3
  Total number of accepted assignments: 1250
  Blacklisted 63 transition(s) oscillating between cycles.
  Accepted assignments: 1250, max energy change in optimization: 0.330366 cm^-1
Step 5 cycle 10:
Step 5.1: Matching observed lines to transitions & grading...
  Matching complete.
Step 5.2: Resolving conflicts...
  Max number of conflicting assignments: 6
  Total number of conflicting assignments: 487
Step 5.3: Weeding assignments (iterative)...
  Baseline: Step1=4355, Step2=63, Step3=878, Accepted=1249
  Iteration 1: Step1=4355, Step2=63, Step3=878, Accepted=1249
  Iteration 1: 0 changes (+0 accepted, -0 rejected)
  Converged after 1 iteration(s).
  Blacklisted 5127 oscillating transition(s) (cumulative).
Weeding complete. Decisions made: 4355 in Step1, 63 in Step2, 878 in Step3
  Total number of accepted assignments: 1249
  Blacklisted 26 transition(s) oscillating between cycles.
  Accepted assignments: 1249, max energy change in optimization: 0.239586 cm^-1
Step 5 cycle 11:
Step 5.1: Matching observed lines to transitions & grading...
  Matching complete.
Step 5.2: Resolving conflicts...
  Max number of conflicting assignments: 6
  Total number of conflicting assignments: 480
Step 5.3: Weeding assignments (iterative)...
  Baseline: Step1=4334, Step2=61, Step3=872, Accepted=1256
  Iteration 1: Step1=4334, Step2=61, Step3=872, Accepted=1256
  Iteration 1: 0 changes (+0 accepted, -0 rejected)
  Converged after 1 iteration(s).
  Blacklisted 5153 oscillating transition(s) (cumulative).
Weeding complete. Decisions made: 4334 in Step1, 61 in Step2, 872 in Step3
  Total number of accepted assignments: 1256
  Blacklisted 12 transition(s) oscillating between cycles.
  Accepted assignments: 1256, max energy change in optimization: 0.256254 cm^-1
Step 5 cycle 12:
Step 5.1: Matching observed lines to transitions & grading...
  Matching complete.
Step 5.2: Resolving conflicts...
  Max number of conflicting assignments: 5
  Total number of conflicting assignments: 464
Step 5.3: Weeding assignments (iterative)...
  Baseline: Step1=4289, Step2=59, Step3=871, Accepted=1248
  Iteration 1: Step1=4289, Step2=59, Step3=871, Accepted=1248
  Iteration 1: 0 changes (+0 accepted, -0 rejected)
  Converged after 1 iteration(s).
  Blacklisted 5165 oscillating transition(s) (cumulative).
Weeding complete. Decisions made: 4289 in Step1, 59 in Step2, 871 in Step3
  Total number of accepted assignments: 1248
  Blacklisted 10 transition(s) oscillating between cycles.
  Accepted assignments: 1248, max energy change in optimization: 0.438444 cm^-1
Step 5 cycle 13:
Step 5.1: Matching observed lines to transitions & grading...
  Matching complete.
Step 5.2: Resolving conflicts...
  Max number of conflicting assignments: 5
  Total number of conflicting assignments: 456
Step 5.3: Weeding assignments (iterative)...
  Baseline: Step1=4284, Step2=55, Step3=865, Accepted=1249
  Iteration 1: Step1=4284, Step2=55, Step3=865, Accepted=1249
  Iteration 1: 0 changes (+0 accepted, -0 rejected)
  Converged after 1 iteration(s).
  Blacklisted 5175 oscillating transition(s) (cumulative).
Weeding complete. Decisions made: 4284 in Step1, 55 in Step2, 865 in Step3
  Total number of accepted assignments: 1249
  Blacklisted 6 transition(s) oscillating between cycles.
  Accepted assignments: 1249, max energy change in optimization: 0.107030 cm^-1
Step 5 cycle 14:
Step 5.1: Matching observed lines to transitions & grading...
  Matching complete.
Step 5.2: Resolving conflicts...
  Max number of conflicting assignments: 5
  Total number of conflicting assignments: 456
Step 5.3: Weeding assignments (iterative)...
  Baseline: Step1=4277, Step2=56, Step3=873, Accepted=1250
  Iteration 1: Step1=4277, Step2=56, Step3=873, Accepted=1250
  Iteration 1: 0 changes (+0 accepted, -0 rejected)
  Converged after 1 iteration(s).
  Blacklisted 5181 oscillating transition(s) (cumulative).
Weeding complete. Decisions made: 4277 in Step1, 56 in Step2, 873 in Step3
  Total number of accepted assignments: 1250
  Blacklisted 5 transition(s) oscillating between cycles.
  Accepted assignments: 1250, max energy change in optimization: 0.217680 cm^-1
Step 5 cycle 15:
Step 5.1: Matching observed lines to transitions & grading...
  Matching complete.
Step 5.2: Resolving conflicts...
  Max number of conflicting assignments: 5
  Total number of conflicting assignments: 453
Step 5.3: Weeding assignments (iterative)...
  Baseline: Step1=4278, Step2=56, Step3=872, Accepted=1251
  Iteration 1: Step1=4278, Step2=56, Step3=872, Accepted=1251
  Iteration 1: 0 changes (+0 accepted, -0 rejected)
  Converged after 1 iteration(s).
  Blacklisted 5186 oscillating transition(s) (cumulative).
Weeding complete. Decisions made: 4278 in Step1, 56 in Step2, 872 in Step3
  Total number of accepted assignments: 1251
  Blacklisted 2 transition(s) oscillating between cycles.
  Accepted assignments: 1251, max energy change in optimization: 0.138421 cm^-1
Step 5 cycle 16:
Step 5.1: Matching observed lines to transitions & grading...
  Matching complete.
Step 5.2: Resolving conflicts...
  Max number of conflicting assignments: 5
  Total number of conflicting assignments: 453
Step 5.3: Weeding assignments (iterative)...
  Baseline: Step1=4265, Step2=58, Step3=866, Accepted=1253
  Iteration 1: Step1=4265, Step2=58, Step3=866, Accepted=1253
  Iteration 1: 0 changes (+0 accepted, -0 rejected)
  Converged after 1 iteration(s).
  Blacklisted 5188 oscillating transition(s) (cumulative).
Weeding complete. Decisions made: 4265 in Step1, 58 in Step2, 866 in Step3
  Total number of accepted assignments: 1253
  Blacklisted 2 transition(s) oscillating between cycles.
  Accepted assignments: 1253, max energy change in optimization: 0.015408 cm^-1
Step 5 cycle 17:
Step 5.1: Matching observed lines to transitions & grading...
  Matching complete.
Step 5.2: Resolving conflicts...
  Max number of conflicting assignments: 5
  Total number of conflicting assignments: 453
Step 5.3: Weeding assignments (iterative)...
  Baseline: Step1=4271, Step2=58, Step3=867, Accepted=1253
  Iteration 1: Step1=4271, Step2=58, Step3=867, Accepted=1253
  Iteration 1: 0 changes (+0 accepted, -0 rejected)
  Converged after 1 iteration(s).
  Blacklisted 5190 oscillating transition(s) (cumulative).
Weeding complete. Decisions made: 4271 in Step1, 58 in Step2, 867 in Step3
  Total number of accepted assignments: 1253
  Blacklisted 1 transition(s) oscillating between cycles.
  Accepted assignments: 1253, max energy change in optimization: 0.000940 cm^-1
  Building output...
============================================================
Done.
============================================================

SHIFT -11.3 cm^-1 (0.1 min): candidates=5196, accepted=1253 (new=1253, old=0)
    levels by number of accepted-new lines  1:  38 2: 101 3: 117 4:  85 5:  58 6:  48 7:  29 8:  82   (8 = 8 or more)

============================================================
classify_lines.py — Spectral Line Classification for Pr III
CHANCE-COINCIDENCE RUN: wavenumber shift -9.700 cm^-1
============================================================
Step 1: Reading energy levels...
  Read 593 energy levels.
Step 2: Reading calculated transitions...
  Read 30206 calculated transitions.
Step 3: Reading observed spectral lines...
  NOTE: all observed wavenumbers shifted by -9.700 cm^-1 (chance-coincidence run)
  Read 6667 observed lines.
Step 4: Generating all possible transitions...
  Generated 30237 possible transitions.
  1075 of them are absent from Icalc.xlsx and were given an imputed intensity.
Step 5 cycle 1:
Step 5.1: Matching observed lines to transitions & grading...
  Matching complete.
Step 5.2: Resolving conflicts...
  Max number of conflicting assignments: 3
  Total number of conflicting assignments: 104
Step 5.3: Weeding assignments (iterative)...
  Baseline: Step1=2717, Step2=49, Step3=224, Accepted=583
  Iteration 1: Step1=2717, Step2=49, Step3=224, Accepted=583
  Iteration 1: 0 changes (+0 accepted, -0 rejected)
  Converged after 1 iteration(s).
Weeding complete. Decisions made: 2717 in Step1, 49 in Step2, 224 in Step3
  Total number of accepted assignments: 583
  Accepted assignments: 583, max energy change in optimization: 1.660045 cm^-1
Step 5 cycle 2:
Step 5.1: Matching observed lines to transitions & grading...
  Matching complete.
Step 5.2: Resolving conflicts...
  Max number of conflicting assignments: 19
  Total number of conflicting assignments: 1726
Step 5.3: Weeding assignments (iterative)...
  Baseline: Step1=6906, Step2=210, Step3=416, Accepted=1423
  Iteration 1: Step1=6906, Step2=210, Step3=416, Accepted=1423
  Iteration 1: 0 changes (+0 accepted, -0 rejected)
  Converged after 1 iteration(s).
Weeding complete. Decisions made: 6906 in Step1, 210 in Step2, 416 in Step3
  Total number of accepted assignments: 1423
  Accepted assignments: 1423, max energy change in optimization: 6.946632 cm^-1
Step 5 cycle 3:
Step 5.1: Matching observed lines to transitions & grading...
  Matching complete.
Step 5.2: Resolving conflicts...
  Max number of conflicting assignments: 15
  Total number of conflicting assignments: 5053
Step 5.3: Weeding assignments (iterative)...
  Baseline: Step1=12467, Step2=527, Step3=512, Accepted=2738
  Iteration 1: Step1=12467, Step2=527, Step3=512, Accepted=2738
  Iteration 1: 0 changes (+0 accepted, -0 rejected)
  Converged after 1 iteration(s).
Weeding complete. Decisions made: 12467 in Step1, 527 in Step2, 512 in Step3
  Total number of accepted assignments: 2738
  Blacklisted 1733 transition(s) oscillating between cycles.
  Accepted assignments: 2738, max energy change in optimization: 9.109172 cm^-1
Step 5 cycle 4:
Step 5.1: Matching observed lines to transitions & grading...
  Matching complete.
Step 5.2: Resolving conflicts...
  Max number of conflicting assignments: 10
  Total number of conflicting assignments: 3256
Step 5.3: Weeding assignments (iterative)...
  Baseline: Step1=10486, Step2=348, Step3=877, Accepted=2268
  Iteration 1: Step1=10486, Step2=348, Step3=877, Accepted=2268
  Iteration 1: 0 changes (+0 accepted, -0 rejected)
  Converged after 1 iteration(s).
  Blacklisted 1733 oscillating transition(s) (cumulative).
Weeding complete. Decisions made: 10486 in Step1, 348 in Step2, 877 in Step3
  Total number of accepted assignments: 2268
  Blacklisted 3154 transition(s) oscillating between cycles.
  Accepted assignments: 2268, max energy change in optimization: 3.661571 cm^-1
Step 5 cycle 5:
Step 5.1: Matching observed lines to transitions & grading...
  Matching complete.
Step 5.2: Resolving conflicts...
  Max number of conflicting assignments: 8
  Total number of conflicting assignments: 1681
Step 5.3: Weeding assignments (iterative)...
  Baseline: Step1=7911, Step2=194, Step3=1051, Accepted=1801
  Iteration 1: Step1=7911, Step2=194, Step3=1051, Accepted=1801
  Iteration 1: 0 changes (+0 accepted, -0 rejected)
  Converged after 1 iteration(s).
  Blacklisted 4887 oscillating transition(s) (cumulative).
Weeding complete. Decisions made: 7911 in Step1, 194 in Step2, 1051 in Step3
  Total number of accepted assignments: 1801
  Blacklisted 1036 transition(s) oscillating between cycles.
  Accepted assignments: 1801, max energy change in optimization: 1.731149 cm^-1
Step 5 cycle 6:
Step 5.1: Matching observed lines to transitions & grading...
  Matching complete.
Step 5.2: Resolving conflicts...
  Max number of conflicting assignments: 8
  Total number of conflicting assignments: 1029
Step 5.3: Weeding assignments (iterative)...
  Baseline: Step1=6294, Step2=135, Step3=1045, Accepted=1528
  Iteration 1: Step1=6294, Step2=135, Step3=1045, Accepted=1528
  Iteration 1: 0 changes (+0 accepted, -0 rejected)
  Converged after 1 iteration(s).
  Blacklisted 5923 oscillating transition(s) (cumulative).
Weeding complete. Decisions made: 6294 in Step1, 135 in Step2, 1045 in Step3
  Total number of accepted assignments: 1528
  Blacklisted 350 transition(s) oscillating between cycles.
  Accepted assignments: 1528, max energy change in optimization: 1.176676 cm^-1
Step 5 cycle 7:
Step 5.1: Matching observed lines to transitions & grading...
  Matching complete.
Step 5.2: Resolving conflicts...
  Max number of conflicting assignments: 8
  Total number of conflicting assignments: 720
Step 5.3: Weeding assignments (iterative)...
  Baseline: Step1=5332, Step2=82, Step3=1043, Accepted=1370
  Iteration 1: Step1=5332, Step2=82, Step3=1043, Accepted=1370
  Iteration 1: 0 changes (+0 accepted, -0 rejected)
  Converged after 1 iteration(s).
  Blacklisted 6273 oscillating transition(s) (cumulative).
Weeding complete. Decisions made: 5332 in Step1, 82 in Step2, 1043 in Step3
  Total number of accepted assignments: 1370
  Blacklisted 231 transition(s) oscillating between cycles.
  Accepted assignments: 1370, max energy change in optimization: 1.713060 cm^-1
Step 5 cycle 8:
Step 5.1: Matching observed lines to transitions & grading...
  Matching complete.
Step 5.2: Resolving conflicts...
  Max number of conflicting assignments: 8
  Total number of conflicting assignments: 580
Step 5.3: Weeding assignments (iterative)...
  Baseline: Step1=4697, Step2=64, Step3=1035, Accepted=1302
  Iteration 1: Step1=4697, Step2=64, Step3=1035, Accepted=1302
  Iteration 1: 0 changes (+0 accepted, -0 rejected)
  Converged after 1 iteration(s).
  Blacklisted 6504 oscillating transition(s) (cumulative).
Weeding complete. Decisions made: 4697 in Step1, 64 in Step2, 1035 in Step3
  Total number of accepted assignments: 1302
  Blacklisted 155 transition(s) oscillating between cycles.
  Accepted assignments: 1302, max energy change in optimization: 1.816457 cm^-1
Step 5 cycle 9:
Step 5.1: Matching observed lines to transitions & grading...
  Matching complete.
Step 5.2: Resolving conflicts...
  Max number of conflicting assignments: 7
  Total number of conflicting assignments: 521
Step 5.3: Weeding assignments (iterative)...
  Baseline: Step1=4404, Step2=59, Step3=1038, Accepted=1258
  Iteration 1: Step1=4404, Step2=59, Step3=1038, Accepted=1258
  Iteration 1: 0 changes (+0 accepted, -0 rejected)
  Converged after 1 iteration(s).
  Blacklisted 6659 oscillating transition(s) (cumulative).
Weeding complete. Decisions made: 4404 in Step1, 59 in Step2, 1038 in Step3
  Total number of accepted assignments: 1258
  Blacklisted 95 transition(s) oscillating between cycles.
  Accepted assignments: 1258, max energy change in optimization: 2.592608 cm^-1
Step 5 cycle 10:
Step 5.1: Matching observed lines to transitions & grading...
  Matching complete.
Step 5.2: Resolving conflicts...
  Max number of conflicting assignments: 8
  Total number of conflicting assignments: 491
Step 5.3: Weeding assignments (iterative)...
  Baseline: Step1=4286, Step2=55, Step3=1045, Accepted=1232
  Iteration 1: Step1=4286, Step2=55, Step3=1045, Accepted=1232
  Iteration 1: 0 changes (+0 accepted, -0 rejected)
  Converged after 1 iteration(s).
  Blacklisted 6754 oscillating transition(s) (cumulative).
Weeding complete. Decisions made: 4286 in Step1, 55 in Step2, 1045 in Step3
  Total number of accepted assignments: 1232
  Blacklisted 35 transition(s) oscillating between cycles.
  Accepted assignments: 1232, max energy change in optimization: 0.613668 cm^-1
Step 5 cycle 11:
Step 5.1: Matching observed lines to transitions & grading...
  Matching complete.
Step 5.2: Resolving conflicts...
  Max number of conflicting assignments: 8
  Total number of conflicting assignments: 475
Step 5.3: Weeding assignments (iterative)...
  Baseline: Step1=4191, Step2=54, Step3=1070, Accepted=1227
  Iteration 1: Step1=4191, Step2=54, Step3=1070, Accepted=1227
  Iteration 1: 0 changes (+0 accepted, -0 rejected)
  Converged after 1 iteration(s).
  Blacklisted 6789 oscillating transition(s) (cumulative).
Weeding complete. Decisions made: 4191 in Step1, 54 in Step2, 1070 in Step3
  Total number of accepted assignments: 1227
  Blacklisted 25 transition(s) oscillating between cycles.
  Accepted assignments: 1227, max energy change in optimization: 0.430524 cm^-1
Step 5 cycle 12:
Step 5.1: Matching observed lines to transitions & grading...
  Matching complete.
Step 5.2: Resolving conflicts...
  Max number of conflicting assignments: 8
  Total number of conflicting assignments: 470
Step 5.3: Weeding assignments (iterative)...
  Baseline: Step1=4199, Step2=54, Step3=1039, Accepted=1225
  Iteration 1: Step1=4199, Step2=54, Step3=1039, Accepted=1225
  Iteration 1: 0 changes (+0 accepted, -0 rejected)
  Converged after 1 iteration(s).
  Blacklisted 6814 oscillating transition(s) (cumulative).
Weeding complete. Decisions made: 4199 in Step1, 54 in Step2, 1039 in Step3
  Total number of accepted assignments: 1225
  Blacklisted 28 transition(s) oscillating between cycles.
  Accepted assignments: 1225, max energy change in optimization: 0.237212 cm^-1
Step 5 cycle 13:
Step 5.1: Matching observed lines to transitions & grading...
  Matching complete.
Step 5.2: Resolving conflicts...
  Max number of conflicting assignments: 8
  Total number of conflicting assignments: 471
Step 5.3: Weeding assignments (iterative)...
  Baseline: Step1=4202, Step2=51, Step3=1055, Accepted=1231
  Iteration 1: Step1=4202, Step2=51, Step3=1055, Accepted=1231
  Iteration 1: 0 changes (+0 accepted, -0 rejected)
  Converged after 1 iteration(s).
  Blacklisted 6842 oscillating transition(s) (cumulative).
Weeding complete. Decisions made: 4202 in Step1, 51 in Step2, 1055 in Step3
  Total number of accepted assignments: 1231
  Blacklisted 10 transition(s) oscillating between cycles.
  Accepted assignments: 1231, max energy change in optimization: 0.156654 cm^-1
Step 5 cycle 14:
Step 5.1: Matching observed lines to transitions & grading...
  Matching complete.
Step 5.2: Resolving conflicts...
  Max number of conflicting assignments: 8
  Total number of conflicting assignments: 463
Step 5.3: Weeding assignments (iterative)...
  Baseline: Step1=4196, Step2=49, Step3=1043, Accepted=1236
  Iteration 1: Step1=4196, Step2=49, Step3=1043, Accepted=1236
  Iteration 1: 0 changes (+0 accepted, -0 rejected)
  Converged after 1 iteration(s).
  Blacklisted 6852 oscillating transition(s) (cumulative).
Weeding complete. Decisions made: 4196 in Step1, 49 in Step2, 1043 in Step3
  Total number of accepted assignments: 1236
  Blacklisted 17 transition(s) oscillating between cycles.
  Accepted assignments: 1236, max energy change in optimization: 0.550120 cm^-1
Step 5 cycle 15:
Step 5.1: Matching observed lines to transitions & grading...
  Matching complete.
Step 5.2: Resolving conflicts...
  Max number of conflicting assignments: 8
  Total number of conflicting assignments: 467
Step 5.3: Weeding assignments (iterative)...
  Baseline: Step1=4188, Step2=51, Step3=1053, Accepted=1235
  Iteration 1: Step1=4188, Step2=51, Step3=1053, Accepted=1235
  Iteration 1: 0 changes (+0 accepted, -0 rejected)
  Converged after 1 iteration(s).
  Blacklisted 6869 oscillating transition(s) (cumulative).
Weeding complete. Decisions made: 4188 in Step1, 51 in Step2, 1053 in Step3
  Total number of accepted assignments: 1235
  Accepted assignments: 1235, max energy change in optimization: 0.140005 cm^-1
Step 5 cycle 16:
Step 5.1: Matching observed lines to transitions & grading...
  Matching complete.
Step 5.2: Resolving conflicts...
  Max number of conflicting assignments: 8
  Total number of conflicting assignments: 468
Step 5.3: Weeding assignments (iterative)...
  Baseline: Step1=4184, Step2=51, Step3=1057, Accepted=1234
  Iteration 1: Step1=4184, Step2=51, Step3=1057, Accepted=1234
  Iteration 1: 0 changes (+0 accepted, -0 rejected)
  Converged after 1 iteration(s).
  Blacklisted 6869 oscillating transition(s) (cumulative).
Weeding complete. Decisions made: 4184 in Step1, 51 in Step2, 1057 in Step3
  Total number of accepted assignments: 1234
  Blacklisted 1 transition(s) oscillating between cycles.
  Accepted assignments: 1234, max energy change in optimization: 0.193637 cm^-1
Step 5 cycle 17:
Step 5.1: Matching observed lines to transitions & grading...
  Matching complete.
Step 5.2: Resolving conflicts...
  Max number of conflicting assignments: 8
  Total number of conflicting assignments: 463
Step 5.3: Weeding assignments (iterative)...
  Baseline: Step1=4154, Step2=51, Step3=1052, Accepted=1234
  Iteration 1: Step1=4154, Step2=51, Step3=1052, Accepted=1234
  Iteration 1: 0 changes (+0 accepted, -0 rejected)
  Converged after 1 iteration(s).
  Blacklisted 6870 oscillating transition(s) (cumulative).
Weeding complete. Decisions made: 4154 in Step1, 51 in Step2, 1052 in Step3
  Total number of accepted assignments: 1234
  Blacklisted 4 transition(s) oscillating between cycles.
  Accepted assignments: 1234, max energy change in optimization: 0.060945 cm^-1
Step 5 cycle 18:
Step 5.1: Matching observed lines to transitions & grading...
  Matching complete.
Step 5.2: Resolving conflicts...
  Max number of conflicting assignments: 8
  Total number of conflicting assignments: 461
Step 5.3: Weeding assignments (iterative)...
  Baseline: Step1=4151, Step2=51, Step3=1047, Accepted=1232
  Iteration 1: Step1=4151, Step2=51, Step3=1047, Accepted=1232
  Iteration 1: 0 changes (+0 accepted, -0 rejected)
  Converged after 1 iteration(s).
  Blacklisted 6874 oscillating transition(s) (cumulative).
Weeding complete. Decisions made: 4151 in Step1, 51 in Step2, 1047 in Step3
  Total number of accepted assignments: 1232
  Blacklisted 4 transition(s) oscillating between cycles.
  Accepted assignments: 1232, max energy change in optimization: 0.091125 cm^-1
Step 5 cycle 19:
Step 5.1: Matching observed lines to transitions & grading...
  Matching complete.
Step 5.2: Resolving conflicts...
  Max number of conflicting assignments: 8
  Total number of conflicting assignments: 458
Step 5.3: Weeding assignments (iterative)...
  Baseline: Step1=4146, Step2=51, Step3=1044, Accepted=1234
  Iteration 1: Step1=4146, Step2=51, Step3=1044, Accepted=1234
  Iteration 1: 0 changes (+0 accepted, -0 rejected)
  Converged after 1 iteration(s).
  Blacklisted 6878 oscillating transition(s) (cumulative).
Weeding complete. Decisions made: 4146 in Step1, 51 in Step2, 1044 in Step3
  Total number of accepted assignments: 1234
  Blacklisted 1 transition(s) oscillating between cycles.
  Accepted assignments: 1234, max energy change in optimization: 0.497806 cm^-1
Step 5 cycle 20:
Step 5.1: Matching observed lines to transitions & grading...
  Matching complete.
Step 5.2: Resolving conflicts...
  Max number of conflicting assignments: 8
  Total number of conflicting assignments: 460
Step 5.3: Weeding assignments (iterative)...
  Baseline: Step1=4145, Step2=46, Step3=1044, Accepted=1231
  Iteration 1: Step1=4145, Step2=46, Step3=1044, Accepted=1231
  Iteration 1: 0 changes (+0 accepted, -0 rejected)
  Converged after 1 iteration(s).
  Blacklisted 6879 oscillating transition(s) (cumulative).
Weeding complete. Decisions made: 4145 in Step1, 46 in Step2, 1044 in Step3
  Total number of accepted assignments: 1231
  Accepted assignments: 1231, max energy change in optimization: 0.020202 cm^-1
  Building output...
============================================================
Done.
============================================================

SHIFT -9.7 cm^-1 (0.1 min): candidates=5235, accepted=1231 (new=1231, old=0)
    levels by number of accepted-new lines  1:  51 2: 105 3: 124 4:  94 5:  63 6:  44 7:  30 8:  68   (8 = 8 or more)

============================================================
classify_lines.py — Spectral Line Classification for Pr III
CHANCE-COINCIDENCE RUN: wavenumber shift -8.300 cm^-1
============================================================
Step 1: Reading energy levels...
  Read 593 energy levels.
Step 2: Reading calculated transitions...
  Read 30206 calculated transitions.
Step 3: Reading observed spectral lines...
  NOTE: all observed wavenumbers shifted by -8.300 cm^-1 (chance-coincidence run)
  Read 6667 observed lines.
Step 4: Generating all possible transitions...
  Generated 30237 possible transitions.
  1075 of them are absent from Icalc.xlsx and were given an imputed intensity.
Step 5 cycle 1:
Step 5.1: Matching observed lines to transitions & grading...
  Matching complete.
Step 5.2: Resolving conflicts...
  Max number of conflicting assignments: 3
  Total number of conflicting assignments: 94
Step 5.3: Weeding assignments (iterative)...
  Baseline: Step1=2619, Step2=52, Step3=231, Accepted=516
  Iteration 1: Step1=2619, Step2=52, Step3=231, Accepted=516
  Iteration 1: 0 changes (+0 accepted, -0 rejected)
  Converged after 1 iteration(s).
Weeding complete. Decisions made: 2619 in Step1, 52 in Step2, 231 in Step3
  Total number of accepted assignments: 516
  Accepted assignments: 516, max energy change in optimization: 2.178215 cm^-1
Step 5 cycle 2:
Step 5.1: Matching observed lines to transitions & grading...
  Matching complete.
Step 5.2: Resolving conflicts...
  Max number of conflicting assignments: 16
  Total number of conflicting assignments: 1968
Step 5.3: Weeding assignments (iterative)...
  Baseline: Step1=7118, Step2=243, Step3=403, Accepted=1451
  Iteration 1: Step1=7118, Step2=243, Step3=403, Accepted=1451
  Iteration 1: 0 changes (+0 accepted, -0 rejected)
  Converged after 1 iteration(s).
Weeding complete. Decisions made: 7118 in Step1, 243 in Step2, 403 in Step3
  Total number of accepted assignments: 1451
  Accepted assignments: 1451, max energy change in optimization: 6.278493 cm^-1
Step 5 cycle 3:
Step 5.1: Matching observed lines to transitions & grading...
  Matching complete.
Step 5.2: Resolving conflicts...
  Max number of conflicting assignments: 18
  Total number of conflicting assignments: 5555
Step 5.3: Weeding assignments (iterative)...
  Baseline: Step1=12660, Step2=592, Step3=510, Accepted=2791
  Iteration 1: Step1=12660, Step2=592, Step3=510, Accepted=2791
  Iteration 1: 0 changes (+0 accepted, -0 rejected)
  Converged after 1 iteration(s).
Weeding complete. Decisions made: 12660 in Step1, 592 in Step2, 510 in Step3
  Total number of accepted assignments: 2791
  Blacklisted 1888 transition(s) oscillating between cycles.
  Accepted assignments: 2791, max energy change in optimization: 5.085047 cm^-1
Step 5 cycle 4:
Step 5.1: Matching observed lines to transitions & grading...
  Matching complete.
Step 5.2: Resolving conflicts...
  Max number of conflicting assignments: 12
  Total number of conflicting assignments: 3529
Step 5.3: Weeding assignments (iterative)...
  Baseline: Step1=10704, Step2=392, Step3=884, Accepted=2258
  Iteration 1: Step1=10704, Step2=392, Step3=884, Accepted=2258
  Iteration 1: 0 changes (+0 accepted, -0 rejected)
  Converged after 1 iteration(s).
  Blacklisted 1888 oscillating transition(s) (cumulative).
Weeding complete. Decisions made: 10704 in Step1, 392 in Step2, 884 in Step3
  Total number of accepted assignments: 2258
  Blacklisted 3352 transition(s) oscillating between cycles.
  Accepted assignments: 2258, max energy change in optimization: 3.620688 cm^-1
Step 5 cycle 5:
Step 5.1: Matching observed lines to transitions & grading...
  Matching complete.
Step 5.2: Resolving conflicts...
  Max number of conflicting assignments: 9
  Total number of conflicting assignments: 1748
Step 5.3: Weeding assignments (iterative)...
  Baseline: Step1=7889, Step2=217, Step3=1015, Accepted=1769
  Iteration 1: Step1=7889, Step2=217, Step3=1015, Accepted=1769
  Iteration 1: 0 changes (+0 accepted, -0 rejected)
  Converged after 1 iteration(s).
  Blacklisted 5240 oscillating transition(s) (cumulative).
Weeding complete. Decisions made: 7889 in Step1, 217 in Step2, 1015 in Step3
  Total number of accepted assignments: 1769
  Blacklisted 1095 transition(s) oscillating between cycles.
  Accepted assignments: 1769, max energy change in optimization: 4.009864 cm^-1
Step 5 cycle 6:
Step 5.1: Matching observed lines to transitions & grading...
  Matching complete.
Step 5.2: Resolving conflicts...
  Max number of conflicting assignments: 6
  Total number of conflicting assignments: 972
Step 5.3: Weeding assignments (iterative)...
  Baseline: Step1=6161, Step2=116, Step3=1014, Accepted=1497
  Iteration 1: Step1=6161, Step2=116, Step3=1014, Accepted=1497
  Iteration 1: 0 changes (+0 accepted, -0 rejected)
  Converged after 1 iteration(s).
  Blacklisted 6335 oscillating transition(s) (cumulative).
Weeding complete. Decisions made: 6161 in Step1, 116 in Step2, 1014 in Step3
  Total number of accepted assignments: 1497
  Blacklisted 349 transition(s) oscillating between cycles.
  Accepted assignments: 1497, max energy change in optimization: 1.636019 cm^-1
Step 5 cycle 7:
Step 5.1: Matching observed lines to transitions & grading...
  Matching complete.
Step 5.2: Resolving conflicts...
  Max number of conflicting assignments: 7
  Total number of conflicting assignments: 599
Step 5.3: Weeding assignments (iterative)...
  Baseline: Step1=5104, Step2=85, Step3=938, Accepted=1331
  Iteration 1: Step1=5104, Step2=85, Step3=938, Accepted=1331
  Iteration 1: 0 changes (+0 accepted, -0 rejected)
  Converged after 1 iteration(s).
  Blacklisted 6684 oscillating transition(s) (cumulative).
Weeding complete. Decisions made: 5104 in Step1, 85 in Step2, 938 in Step3
  Total number of accepted assignments: 1331
  Blacklisted 250 transition(s) oscillating between cycles.
  Accepted assignments: 1331, max energy change in optimization: 1.713202 cm^-1
Step 5 cycle 8:
Step 5.1: Matching observed lines to transitions & grading...
  Matching complete.
Step 5.2: Resolving conflicts...
  Max number of conflicting assignments: 6
  Total number of conflicting assignments: 515
Step 5.3: Weeding assignments (iterative)...
  Baseline: Step1=4601, Step2=62, Step3=1003, Accepted=1268
  Iteration 1: Step1=4601, Step2=62, Step3=1003, Accepted=1268
  Iteration 1: 0 changes (+0 accepted, -0 rejected)
  Converged after 1 iteration(s).
  Blacklisted 6934 oscillating transition(s) (cumulative).
Weeding complete. Decisions made: 4601 in Step1, 62 in Step2, 1003 in Step3
  Total number of accepted assignments: 1268
  Blacklisted 126 transition(s) oscillating between cycles.
  Accepted assignments: 1268, max energy change in optimization: 1.515556 cm^-1
Step 5 cycle 9:
Step 5.1: Matching observed lines to transitions & grading...
  Matching complete.
Step 5.2: Resolving conflicts...
  Max number of conflicting assignments: 6
  Total number of conflicting assignments: 437
Step 5.3: Weeding assignments (iterative)...
  Baseline: Step1=4278, Step2=59, Step3=977, Accepted=1256
  Iteration 1: Step1=4278, Step2=59, Step3=977, Accepted=1256
  Iteration 1: 0 changes (+0 accepted, -0 rejected)
  Converged after 1 iteration(s).
  Blacklisted 7060 oscillating transition(s) (cumulative).
Weeding complete. Decisions made: 4278 in Step1, 59 in Step2, 977 in Step3
  Total number of accepted assignments: 1256
  Blacklisted 68 transition(s) oscillating between cycles.
  Accepted assignments: 1256, max energy change in optimization: 0.378181 cm^-1
Step 5 cycle 10:
Step 5.1: Matching observed lines to transitions & grading...
  Matching complete.
Step 5.2: Resolving conflicts...
  Max number of conflicting assignments: 6
  Total number of conflicting assignments: 437
Step 5.3: Weeding assignments (iterative)...
  Baseline: Step1=4190, Step2=50, Step3=982, Accepted=1249
  Iteration 1: Step1=4190, Step2=50, Step3=982, Accepted=1249
  Iteration 1: 0 changes (+0 accepted, -0 rejected)
  Converged after 1 iteration(s).
  Blacklisted 7128 oscillating transition(s) (cumulative).
Weeding complete. Decisions made: 4190 in Step1, 50 in Step2, 982 in Step3
  Total number of accepted assignments: 1249
  Blacklisted 41 transition(s) oscillating between cycles.
  Accepted assignments: 1249, max energy change in optimization: 0.432572 cm^-1
Step 5 cycle 11:
Step 5.1: Matching observed lines to transitions & grading...
  Matching complete.
Step 5.2: Resolving conflicts...
  Max number of conflicting assignments: 6
  Total number of conflicting assignments: 432
Step 5.3: Weeding assignments (iterative)...
  Baseline: Step1=4144, Step2=50, Step3=981, Accepted=1253
  Iteration 1: Step1=4144, Step2=50, Step3=981, Accepted=1253
  Iteration 1: 0 changes (+0 accepted, -0 rejected)
  Converged after 1 iteration(s).
  Blacklisted 7169 oscillating transition(s) (cumulative).
Weeding complete. Decisions made: 4144 in Step1, 50 in Step2, 981 in Step3
  Total number of accepted assignments: 1253
  Blacklisted 22 transition(s) oscillating between cycles.
  Accepted assignments: 1253, max energy change in optimization: 0.272620 cm^-1
Step 5 cycle 12:
Step 5.1: Matching observed lines to transitions & grading...
  Matching complete.
Step 5.2: Resolving conflicts...
  Max number of conflicting assignments: 6
  Total number of conflicting assignments: 437
Step 5.3: Weeding assignments (iterative)...
  Baseline: Step1=4113, Step2=52, Step3=986, Accepted=1252
  Iteration 1: Step1=4113, Step2=52, Step3=986, Accepted=1252
  Iteration 1: 0 changes (+0 accepted, -0 rejected)
  Converged after 1 iteration(s).
  Blacklisted 7191 oscillating transition(s) (cumulative).
Weeding complete. Decisions made: 4113 in Step1, 52 in Step2, 986 in Step3
  Total number of accepted assignments: 1252
  Blacklisted 11 transition(s) oscillating between cycles.
  Accepted assignments: 1252, max energy change in optimization: 0.068655 cm^-1
Step 5 cycle 13:
Step 5.1: Matching observed lines to transitions & grading...
  Matching complete.
Step 5.2: Resolving conflicts...
  Max number of conflicting assignments: 6
  Total number of conflicting assignments: 439
Step 5.3: Weeding assignments (iterative)...
  Baseline: Step1=4102, Step2=52, Step3=1000, Accepted=1251
  Iteration 1: Step1=4102, Step2=52, Step3=1000, Accepted=1251
  Iteration 1: 0 changes (+0 accepted, -0 rejected)
  Converged after 1 iteration(s).
  Blacklisted 7202 oscillating transition(s) (cumulative).
Weeding complete. Decisions made: 4102 in Step1, 52 in Step2, 1000 in Step3
  Total number of accepted assignments: 1251
  Blacklisted 1 transition(s) oscillating between cycles.
  Accepted assignments: 1251, max energy change in optimization: 0.028137 cm^-1
Step 5 cycle 14:
Step 5.1: Matching observed lines to transitions & grading...
  Matching complete.
Step 5.2: Resolving conflicts...
  Max number of conflicting assignments: 6
  Total number of conflicting assignments: 438
Step 5.3: Weeding assignments (iterative)...
  Baseline: Step1=4101, Step2=52, Step3=1003, Accepted=1251
  Iteration 1: Step1=4101, Step2=52, Step3=1003, Accepted=1251
  Iteration 1: 0 changes (+0 accepted, -0 rejected)
  Converged after 1 iteration(s).
  Blacklisted 7203 oscillating transition(s) (cumulative).
Weeding complete. Decisions made: 4101 in Step1, 52 in Step2, 1003 in Step3
  Total number of accepted assignments: 1251
  Accepted assignments: 1251, max energy change in optimization: 0.000993 cm^-1
  Building output...
============================================================
Done.
============================================================

SHIFT -8.3 cm^-1 (0.1 min): candidates=5156, accepted=1251 (new=1251, old=0)
    levels by number of accepted-new lines  1:  44 2:  97 3: 116 4: 105 5:  72 6:  41 7:  25 8:  71   (8 = 8 or more)

============================================================
classify_lines.py — Spectral Line Classification for Pr III
CHANCE-COINCIDENCE RUN: wavenumber shift -6.900 cm^-1
============================================================
Step 1: Reading energy levels...
  Read 593 energy levels.
Step 2: Reading calculated transitions...
  Read 30206 calculated transitions.
Step 3: Reading observed spectral lines...
  NOTE: all observed wavenumbers shifted by -6.900 cm^-1 (chance-coincidence run)
  Read 6667 observed lines.
Step 4: Generating all possible transitions...
  Generated 30237 possible transitions.
  1075 of them are absent from Icalc.xlsx and were given an imputed intensity.
Step 5 cycle 1:
Step 5.1: Matching observed lines to transitions & grading...
  Matching complete.
Step 5.2: Resolving conflicts...
  Max number of conflicting assignments: 3
  Total number of conflicting assignments: 102
Step 5.3: Weeding assignments (iterative)...
  Baseline: Step1=2643, Step2=49, Step3=228, Accepted=488
  Iteration 1: Step1=2643, Step2=49, Step3=228, Accepted=488
  Iteration 1: 0 changes (+0 accepted, -0 rejected)
  Converged after 1 iteration(s).
Weeding complete. Decisions made: 2643 in Step1, 49 in Step2, 228 in Step3
  Total number of accepted assignments: 488
  Accepted assignments: 488, max energy change in optimization: 2.213236 cm^-1
Step 5 cycle 2:
Step 5.1: Matching observed lines to transitions & grading...
  Matching complete.
Step 5.2: Resolving conflicts...
  Max number of conflicting assignments: 21
  Total number of conflicting assignments: 1949
Step 5.3: Weeding assignments (iterative)...
  Baseline: Step1=7165, Step2=230, Step3=396, Accepted=1471
  Iteration 1: Step1=7165, Step2=230, Step3=396, Accepted=1471
  Iteration 1: 0 changes (+0 accepted, -0 rejected)
  Converged after 1 iteration(s).
Weeding complete. Decisions made: 7165 in Step1, 230 in Step2, 396 in Step3
  Total number of accepted assignments: 1471
  Accepted assignments: 1471, max energy change in optimization: 7.145721 cm^-1
Step 5 cycle 3:
Step 5.1: Matching observed lines to transitions & grading...
  Matching complete.
Step 5.2: Resolving conflicts...
  Max number of conflicting assignments: 20
  Total number of conflicting assignments: 6143
Step 5.3: Weeding assignments (iterative)...
  Baseline: Step1=13468, Step2=622, Step3=507, Accepted=3093
  Iteration 1: Step1=13468, Step2=622, Step3=507, Accepted=3093
  Iteration 1: 0 changes (+0 accepted, -0 rejected)
  Converged after 1 iteration(s).
Weeding complete. Decisions made: 13468 in Step1, 622 in Step2, 507 in Step3
  Total number of accepted assignments: 3093
  Blacklisted 1772 transition(s) oscillating between cycles.
  Accepted assignments: 3093, max energy change in optimization: 8.762509 cm^-1
Step 5 cycle 4:
Step 5.1: Matching observed lines to transitions & grading...
  Matching complete.
Step 5.2: Resolving conflicts...
  Max number of conflicting assignments: 10
  Total number of conflicting assignments: 3519
Step 5.3: Weeding assignments (iterative)...
  Baseline: Step1=10961, Step2=392, Step3=793, Accepted=2457
  Iteration 1: Step1=10961, Step2=392, Step3=793, Accepted=2457
  Iteration 1: 0 changes (+0 accepted, -0 rejected)
  Converged after 1 iteration(s).
  Blacklisted 1772 oscillating transition(s) (cumulative).
Weeding complete. Decisions made: 10961 in Step1, 392 in Step2, 793 in Step3
  Total number of accepted assignments: 2457
  Blacklisted 3880 transition(s) oscillating between cycles.
  Accepted assignments: 2457, max energy change in optimization: 3.894977 cm^-1
Step 5 cycle 5:
Step 5.1: Matching observed lines to transitions & grading...
  Matching complete.
Step 5.2: Resolving conflicts...
  Max number of conflicting assignments: 6
  Total number of conflicting assignments: 1714
Step 5.3: Weeding assignments (iterative)...
  Baseline: Step1=8021, Step2=207, Step3=940, Accepted=1914
  Iteration 1: Step1=8021, Step2=207, Step3=940, Accepted=1914
  Iteration 1: 0 changes (+0 accepted, -0 rejected)
  Converged after 1 iteration(s).
  Blacklisted 5652 oscillating transition(s) (cumulative).
Weeding complete. Decisions made: 8021 in Step1, 207 in Step2, 940 in Step3
  Total number of accepted assignments: 1914
  Blacklisted 1105 transition(s) oscillating between cycles.
  Accepted assignments: 1914, max energy change in optimization: 2.790554 cm^-1
Step 5 cycle 6:
Step 5.1: Matching observed lines to transitions & grading...
  Matching complete.
Step 5.2: Resolving conflicts...
  Max number of conflicting assignments: 8
  Total number of conflicting assignments: 887
Step 5.3: Weeding assignments (iterative)...
  Baseline: Step1=6163, Step2=128, Step3=938, Accepted=1589
  Iteration 1: Step1=6163, Step2=128, Step3=938, Accepted=1589
  Iteration 1: 0 changes (+0 accepted, -0 rejected)
  Converged after 1 iteration(s).
  Blacklisted 6757 oscillating transition(s) (cumulative).
Weeding complete. Decisions made: 6163 in Step1, 128 in Step2, 938 in Step3
  Total number of accepted assignments: 1589
  Blacklisted 289 transition(s) oscillating between cycles.
  Accepted assignments: 1589, max energy change in optimization: 1.714481 cm^-1
Step 5 cycle 7:
Step 5.1: Matching observed lines to transitions & grading...
  Matching complete.
Step 5.2: Resolving conflicts...
  Max number of conflicting assignments: 8
  Total number of conflicting assignments: 613
Step 5.3: Weeding assignments (iterative)...
  Baseline: Step1=5254, Step2=92, Step3=871, Accepted=1459
  Iteration 1: Step1=5254, Step2=92, Step3=871, Accepted=1459
  Iteration 1: 0 changes (+0 accepted, -0 rejected)
  Converged after 1 iteration(s).
  Blacklisted 7046 oscillating transition(s) (cumulative).
Weeding complete. Decisions made: 5254 in Step1, 92 in Step2, 871 in Step3
  Total number of accepted assignments: 1459
  Blacklisted 223 transition(s) oscillating between cycles.
  Accepted assignments: 1459, max energy change in optimization: 0.875394 cm^-1
Step 5 cycle 8:
Step 5.1: Matching observed lines to transitions & grading...
  Matching complete.
Step 5.2: Resolving conflicts...
  Max number of conflicting assignments: 7
  Total number of conflicting assignments: 464
Step 5.3: Weeding assignments (iterative)...
  Baseline: Step1=4629, Step2=73, Step3=883, Accepted=1363
  Iteration 1: Step1=4629, Step2=73, Step3=883, Accepted=1363
  Iteration 1: 0 changes (+0 accepted, -0 rejected)
  Converged after 1 iteration(s).
  Blacklisted 7269 oscillating transition(s) (cumulative).
Weeding complete. Decisions made: 4629 in Step1, 73 in Step2, 883 in Step3
  Total number of accepted assignments: 1363
  Blacklisted 158 transition(s) oscillating between cycles.
  Accepted assignments: 1363, max energy change in optimization: 1.015826 cm^-1
Step 5 cycle 9:
Step 5.1: Matching observed lines to transitions & grading...
  Matching complete.
Step 5.2: Resolving conflicts...
  Max number of conflicting assignments: 7
  Total number of conflicting assignments: 415
Step 5.3: Weeding assignments (iterative)...
  Baseline: Step1=4301, Step2=57, Step3=907, Accepted=1310
  Iteration 1: Step1=4301, Step2=57, Step3=907, Accepted=1310
  Iteration 1: 0 changes (+0 accepted, -0 rejected)
  Converged after 1 iteration(s).
  Blacklisted 7427 oscillating transition(s) (cumulative).
Weeding complete. Decisions made: 4301 in Step1, 57 in Step2, 907 in Step3
  Total number of accepted assignments: 1310
  Blacklisted 76 transition(s) oscillating between cycles.
  Accepted assignments: 1310, max energy change in optimization: 0.760010 cm^-1
Step 5 cycle 10:
Step 5.1: Matching observed lines to transitions & grading...
  Matching complete.
Step 5.2: Resolving conflicts...
  Max number of conflicting assignments: 7
  Total number of conflicting assignments: 395
Step 5.3: Weeding assignments (iterative)...
  Baseline: Step1=4176, Step2=59, Step3=881, Accepted=1294
  Iteration 1: Step1=4176, Step2=59, Step3=881, Accepted=1294
  Iteration 1: 0 changes (+0 accepted, -0 rejected)
  Converged after 1 iteration(s).
  Blacklisted 7503 oscillating transition(s) (cumulative).
Weeding complete. Decisions made: 4176 in Step1, 59 in Step2, 881 in Step3
  Total number of accepted assignments: 1294
  Blacklisted 49 transition(s) oscillating between cycles.
  Accepted assignments: 1294, max energy change in optimization: 0.348865 cm^-1
Step 5 cycle 11:
Step 5.1: Matching observed lines to transitions & grading...
  Matching complete.
Step 5.2: Resolving conflicts...
  Max number of conflicting assignments: 7
  Total number of conflicting assignments: 383
Step 5.3: Weeding assignments (iterative)...
  Baseline: Step1=4107, Step2=51, Step3=887, Accepted=1287
  Iteration 1: Step1=4107, Step2=51, Step3=887, Accepted=1287
  Iteration 1: 0 changes (+0 accepted, -0 rejected)
  Converged after 1 iteration(s).
  Blacklisted 7552 oscillating transition(s) (cumulative).
Weeding complete. Decisions made: 4107 in Step1, 51 in Step2, 887 in Step3
  Total number of accepted assignments: 1287
  Blacklisted 35 transition(s) oscillating between cycles.
  Accepted assignments: 1287, max energy change in optimization: 0.339566 cm^-1
Step 5 cycle 12:
Step 5.1: Matching observed lines to transitions & grading...
  Matching complete.
Step 5.2: Resolving conflicts...
  Max number of conflicting assignments: 7
  Total number of conflicting assignments: 388
Step 5.3: Weeding assignments (iterative)...
  Baseline: Step1=4074, Step2=54, Step3=901, Accepted=1283
  Iteration 1: Step1=4074, Step2=54, Step3=901, Accepted=1283
  Iteration 1: 0 changes (+0 accepted, -0 rejected)
  Converged after 1 iteration(s).
  Blacklisted 7587 oscillating transition(s) (cumulative).
Weeding complete. Decisions made: 4074 in Step1, 54 in Step2, 901 in Step3
  Total number of accepted assignments: 1283
  Blacklisted 17 transition(s) oscillating between cycles.
  Accepted assignments: 1283, max energy change in optimization: 0.097767 cm^-1
Step 5 cycle 13:
Step 5.1: Matching observed lines to transitions & grading...
  Matching complete.
Step 5.2: Resolving conflicts...
  Max number of conflicting assignments: 7
  Total number of conflicting assignments: 386
Step 5.3: Weeding assignments (iterative)...
  Baseline: Step1=4056, Step2=56, Step3=916, Accepted=1283
  Iteration 1: Step1=4056, Step2=56, Step3=916, Accepted=1283
  Iteration 1: 0 changes (+0 accepted, -0 rejected)
  Converged after 1 iteration(s).
  Blacklisted 7604 oscillating transition(s) (cumulative).
Weeding complete. Decisions made: 4056 in Step1, 56 in Step2, 916 in Step3
  Total number of accepted assignments: 1283
  Blacklisted 7 transition(s) oscillating between cycles.
  Accepted assignments: 1283, max energy change in optimization: 0.843217 cm^-1
Step 5 cycle 14:
Step 5.1: Matching observed lines to transitions & grading...
  Matching complete.
Step 5.2: Resolving conflicts...
  Max number of conflicting assignments: 7
  Total number of conflicting assignments: 376
Step 5.3: Weeding assignments (iterative)...
  Baseline: Step1=4048, Step2=59, Step3=911, Accepted=1280
  Iteration 1: Step1=4048, Step2=59, Step3=911, Accepted=1280
  Iteration 1: 0 changes (+0 accepted, -0 rejected)
  Converged after 1 iteration(s).
  Blacklisted 7611 oscillating transition(s) (cumulative).
Weeding complete. Decisions made: 4048 in Step1, 59 in Step2, 911 in Step3
  Total number of accepted assignments: 1280
  Blacklisted 7 transition(s) oscillating between cycles.
  Accepted assignments: 1280, max energy change in optimization: 0.520058 cm^-1
Step 5 cycle 15:
Step 5.1: Matching observed lines to transitions & grading...
  Matching complete.
Step 5.2: Resolving conflicts...
  Max number of conflicting assignments: 7
  Total number of conflicting assignments: 375
Step 5.3: Weeding assignments (iterative)...
  Baseline: Step1=4034, Step2=58, Step3=911, Accepted=1275
  Iteration 1: Step1=4034, Step2=58, Step3=911, Accepted=1275
  Iteration 1: 0 changes (+0 accepted, -0 rejected)
  Converged after 1 iteration(s).
  Blacklisted 7618 oscillating transition(s) (cumulative).
Weeding complete. Decisions made: 4034 in Step1, 58 in Step2, 911 in Step3
  Total number of accepted assignments: 1275
  Blacklisted 2 transition(s) oscillating between cycles.
  Accepted assignments: 1275, max energy change in optimization: 0.043474 cm^-1
Step 5 cycle 16:
Step 5.1: Matching observed lines to transitions & grading...
  Matching complete.
Step 5.2: Resolving conflicts...
  Max number of conflicting assignments: 7
  Total number of conflicting assignments: 374
Step 5.3: Weeding assignments (iterative)...
  Baseline: Step1=4032, Step2=57, Step3=917, Accepted=1275
  Iteration 1: Step1=4032, Step2=57, Step3=917, Accepted=1275
  Iteration 1: 0 changes (+0 accepted, -0 rejected)
  Converged after 1 iteration(s).
  Blacklisted 7620 oscillating transition(s) (cumulative).
Weeding complete. Decisions made: 4032 in Step1, 57 in Step2, 917 in Step3
  Total number of accepted assignments: 1275
  Blacklisted 2 transition(s) oscillating between cycles.
  Accepted assignments: 1275, max energy change in optimization: 0.039135 cm^-1
Step 5 cycle 17:
Step 5.1: Matching observed lines to transitions & grading...
  Matching complete.
Step 5.2: Resolving conflicts...
  Max number of conflicting assignments: 7
  Total number of conflicting assignments: 373
Step 5.3: Weeding assignments (iterative)...
  Baseline: Step1=4029, Step2=58, Step3=915, Accepted=1276
  Iteration 1: Step1=4029, Step2=58, Step3=915, Accepted=1276
  Iteration 1: 0 changes (+0 accepted, -0 rejected)
  Converged after 1 iteration(s).
  Blacklisted 7622 oscillating transition(s) (cumulative).
Weeding complete. Decisions made: 4029 in Step1, 58 in Step2, 915 in Step3
  Total number of accepted assignments: 1276
  Accepted assignments: 1276, max energy change in optimization: 0.018324 cm^-1
Step 5 cycle 18:
Step 5.1: Matching observed lines to transitions & grading...
  Matching complete.
Step 5.2: Resolving conflicts...
  Max number of conflicting assignments: 7
  Total number of conflicting assignments: 373
Step 5.3: Weeding assignments (iterative)...
  Baseline: Step1=4034, Step2=58, Step3=914, Accepted=1276
  Iteration 1: Step1=4034, Step2=58, Step3=914, Accepted=1276
  Iteration 1: 0 changes (+0 accepted, -0 rejected)
  Converged after 1 iteration(s).
  Blacklisted 7622 oscillating transition(s) (cumulative).
Weeding complete. Decisions made: 4034 in Step1, 58 in Step2, 914 in Step3
  Total number of accepted assignments: 1276
  Blacklisted 1 transition(s) oscillating between cycles.
  Accepted assignments: 1276, max energy change in optimization: 0.000950 cm^-1
  Building output...
============================================================
Done.
============================================================

SHIFT -6.9 cm^-1 (0.1 min): candidates=5006, accepted=1276 (new=1276, old=0)
    levels by number of accepted-new lines  1:  42 2: 123 3: 113 4:  92 5:  69 6:  42 7:  34 8:  71   (8 = 8 or more)

============================================================
classify_lines.py — Spectral Line Classification for Pr III
CHANCE-COINCIDENCE RUN: wavenumber shift +6.900 cm^-1
============================================================
Step 1: Reading energy levels...
  Read 593 energy levels.
Step 2: Reading calculated transitions...
  Read 30206 calculated transitions.
Step 3: Reading observed spectral lines...
  NOTE: all observed wavenumbers shifted by +6.900 cm^-1 (chance-coincidence run)
  Read 6667 observed lines.
Step 4: Generating all possible transitions...
  Generated 30237 possible transitions.
  1075 of them are absent from Icalc.xlsx and were given an imputed intensity.
Step 5 cycle 1:
Step 5.1: Matching observed lines to transitions & grading...
  Matching complete.
Step 5.2: Resolving conflicts...
  Max number of conflicting assignments: 3
  Total number of conflicting assignments: 93
Step 5.3: Weeding assignments (iterative)...
  Baseline: Step1=2663, Step2=56, Step3=227, Accepted=534
  Iteration 1: Step1=2663, Step2=56, Step3=227, Accepted=534
  Iteration 1: 0 changes (+0 accepted, -0 rejected)
  Converged after 1 iteration(s).
Weeding complete. Decisions made: 2663 in Step1, 56 in Step2, 227 in Step3
  Total number of accepted assignments: 534
  Accepted assignments: 534, max energy change in optimization: 1.919056 cm^-1
Step 5 cycle 2:
Step 5.1: Matching observed lines to transitions & grading...
  Matching complete.
Step 5.2: Resolving conflicts...
  Max number of conflicting assignments: 16
  Total number of conflicting assignments: 1322
Step 5.3: Weeding assignments (iterative)...
  Baseline: Step1=6260, Step2=199, Step3=425, Accepted=1292
  Iteration 1: Step1=6260, Step2=199, Step3=425, Accepted=1292
  Iteration 1: 0 changes (+0 accepted, -0 rejected)
  Converged after 1 iteration(s).
Weeding complete. Decisions made: 6260 in Step1, 199 in Step2, 425 in Step3
  Total number of accepted assignments: 1292
  Accepted assignments: 1292, max energy change in optimization: 6.705671 cm^-1
Step 5 cycle 3:
Step 5.1: Matching observed lines to transitions & grading...
  Matching complete.
Step 5.2: Resolving conflicts...
  Max number of conflicting assignments: 16
  Total number of conflicting assignments: 3298
Step 5.3: Weeding assignments (iterative)...
  Baseline: Step1=9941, Step2=375, Step3=523, Accepted=2252
  Iteration 1: Step1=9941, Step2=375, Step3=523, Accepted=2252
  Iteration 1: 0 changes (+0 accepted, -0 rejected)
  Converged after 1 iteration(s).
Weeding complete. Decisions made: 9941 in Step1, 375 in Step2, 523 in Step3
  Total number of accepted assignments: 2252
  Blacklisted 1542 transition(s) oscillating between cycles.
  Accepted assignments: 2252, max energy change in optimization: 4.924386 cm^-1
Step 5 cycle 4:
Step 5.1: Matching observed lines to transitions & grading...
  Matching complete.
Step 5.2: Resolving conflicts...
  Max number of conflicting assignments: 8
  Total number of conflicting assignments: 2076
Step 5.3: Weeding assignments (iterative)...
  Baseline: Step1=8767, Step2=257, Step3=799, Accepted=1962
  Iteration 1: Step1=8767, Step2=257, Step3=799, Accepted=1962
  Iteration 1: 0 changes (+0 accepted, -0 rejected)
  Converged after 1 iteration(s).
  Blacklisted 1542 oscillating transition(s) (cumulative).
Weeding complete. Decisions made: 8767 in Step1, 257 in Step2, 799 in Step3
  Total number of accepted assignments: 1962
  Blacklisted 2410 transition(s) oscillating between cycles.
  Accepted assignments: 1962, max energy change in optimization: 1.772336 cm^-1
Step 5 cycle 5:
Step 5.1: Matching observed lines to transitions & grading...
  Matching complete.
Step 5.2: Resolving conflicts...
  Max number of conflicting assignments: 6
  Total number of conflicting assignments: 1027
Step 5.3: Weeding assignments (iterative)...
  Baseline: Step1=6634, Step2=159, Step3=851, Accepted=1626
  Iteration 1: Step1=6634, Step2=159, Step3=851, Accepted=1626
  Iteration 1: 0 changes (+0 accepted, -0 rejected)
  Converged after 1 iteration(s).
  Blacklisted 3952 oscillating transition(s) (cumulative).
Weeding complete. Decisions made: 6634 in Step1, 159 in Step2, 851 in Step3
  Total number of accepted assignments: 1626
  Blacklisted 916 transition(s) oscillating between cycles.
  Accepted assignments: 1626, max energy change in optimization: 2.474426 cm^-1
Step 5 cycle 6:
Step 5.1: Matching observed lines to transitions & grading...
  Matching complete.
Step 5.2: Resolving conflicts...
  Max number of conflicting assignments: 6
  Total number of conflicting assignments: 631
Step 5.3: Weeding assignments (iterative)...
  Baseline: Step1=5394, Step2=87, Step3=866, Accepted=1444
  Iteration 1: Step1=5394, Step2=87, Step3=866, Accepted=1444
  Iteration 1: 0 changes (+0 accepted, -0 rejected)
  Converged after 1 iteration(s).
  Blacklisted 4868 oscillating transition(s) (cumulative).
Weeding complete. Decisions made: 5394 in Step1, 87 in Step2, 866 in Step3
  Total number of accepted assignments: 1444
  Blacklisted 262 transition(s) oscillating between cycles.
  Accepted assignments: 1444, max energy change in optimization: 0.933253 cm^-1
Step 5 cycle 7:
Step 5.1: Matching observed lines to transitions & grading...
  Matching complete.
Step 5.2: Resolving conflicts...
  Max number of conflicting assignments: 4
  Total number of conflicting assignments: 476
Step 5.3: Weeding assignments (iterative)...
  Baseline: Step1=4689, Step2=78, Step3=878, Accepted=1366
  Iteration 1: Step1=4689, Step2=78, Step3=878, Accepted=1366
  Iteration 1: 0 changes (+0 accepted, -0 rejected)
  Converged after 1 iteration(s).
  Blacklisted 5130 oscillating transition(s) (cumulative).
Weeding complete. Decisions made: 4689 in Step1, 78 in Step2, 878 in Step3
  Total number of accepted assignments: 1366
  Blacklisted 178 transition(s) oscillating between cycles.
  Accepted assignments: 1366, max energy change in optimization: 0.535417 cm^-1
Step 5 cycle 8:
Step 5.1: Matching observed lines to transitions & grading...
  Matching complete.
Step 5.2: Resolving conflicts...
  Max number of conflicting assignments: 4
  Total number of conflicting assignments: 400
Step 5.3: Weeding assignments (iterative)...
  Baseline: Step1=4387, Step2=51, Step3=878, Accepted=1320
  Iteration 1: Step1=4387, Step2=51, Step3=878, Accepted=1320
  Iteration 1: 0 changes (+0 accepted, -0 rejected)
  Converged after 1 iteration(s).
  Blacklisted 5308 oscillating transition(s) (cumulative).
Weeding complete. Decisions made: 4387 in Step1, 51 in Step2, 878 in Step3
  Total number of accepted assignments: 1320
  Blacklisted 94 transition(s) oscillating between cycles.
  Accepted assignments: 1320, max energy change in optimization: 1.076627 cm^-1
Step 5 cycle 9:
Step 5.1: Matching observed lines to transitions & grading...
  Matching complete.
Step 5.2: Resolving conflicts...
  Max number of conflicting assignments: 5
  Total number of conflicting assignments: 374
Step 5.3: Weeding assignments (iterative)...
  Baseline: Step1=4279, Step2=60, Step3=868, Accepted=1312
  Iteration 1: Step1=4279, Step2=60, Step3=868, Accepted=1312
  Iteration 1: 0 changes (+0 accepted, -0 rejected)
  Converged after 1 iteration(s).
  Blacklisted 5402 oscillating transition(s) (cumulative).
Weeding complete. Decisions made: 4279 in Step1, 60 in Step2, 868 in Step3
  Total number of accepted assignments: 1312
  Blacklisted 54 transition(s) oscillating between cycles.
  Accepted assignments: 1312, max energy change in optimization: 0.509463 cm^-1
Step 5 cycle 10:
Step 5.1: Matching observed lines to transitions & grading...
  Matching complete.
Step 5.2: Resolving conflicts...
  Max number of conflicting assignments: 5
  Total number of conflicting assignments: 365
Step 5.3: Weeding assignments (iterative)...
  Baseline: Step1=4178, Step2=50, Step3=868, Accepted=1300
  Iteration 1: Step1=4178, Step2=50, Step3=868, Accepted=1300
  Iteration 1: 0 changes (+0 accepted, -0 rejected)
  Converged after 1 iteration(s).
  Blacklisted 5456 oscillating transition(s) (cumulative).
Weeding complete. Decisions made: 4178 in Step1, 50 in Step2, 868 in Step3
  Total number of accepted assignments: 1300
  Blacklisted 37 transition(s) oscillating between cycles.
  Accepted assignments: 1300, max energy change in optimization: 0.284412 cm^-1
Step 5 cycle 11:
Step 5.1: Matching observed lines to transitions & grading...
  Matching complete.
Step 5.2: Resolving conflicts...
  Max number of conflicting assignments: 5
  Total number of conflicting assignments: 367
Step 5.3: Weeding assignments (iterative)...
  Baseline: Step1=4123, Step2=48, Step3=885, Accepted=1295
  Iteration 1: Step1=4123, Step2=48, Step3=885, Accepted=1295
  Iteration 1: 0 changes (+0 accepted, -0 rejected)
  Converged after 1 iteration(s).
  Blacklisted 5493 oscillating transition(s) (cumulative).
Weeding complete. Decisions made: 4123 in Step1, 48 in Step2, 885 in Step3
  Total number of accepted assignments: 1295
  Blacklisted 13 transition(s) oscillating between cycles.
  Accepted assignments: 1295, max energy change in optimization: 0.424819 cm^-1
Step 5 cycle 12:
Step 5.1: Matching observed lines to transitions & grading...
  Matching complete.
Step 5.2: Resolving conflicts...
  Max number of conflicting assignments: 5
  Total number of conflicting assignments: 363
Step 5.3: Weeding assignments (iterative)...
  Baseline: Step1=4113, Step2=45, Step3=867, Accepted=1298
  Iteration 1: Step1=4113, Step2=45, Step3=867, Accepted=1298
  Iteration 1: 0 changes (+0 accepted, -0 rejected)
  Converged after 1 iteration(s).
  Blacklisted 5506 oscillating transition(s) (cumulative).
Weeding complete. Decisions made: 4113 in Step1, 45 in Step2, 867 in Step3
  Total number of accepted assignments: 1298
  Blacklisted 10 transition(s) oscillating between cycles.
  Accepted assignments: 1298, max energy change in optimization: 0.053957 cm^-1
Step 5 cycle 13:
Step 5.1: Matching observed lines to transitions & grading...
  Matching complete.
Step 5.2: Resolving conflicts...
  Max number of conflicting assignments: 5
  Total number of conflicting assignments: 359
Step 5.3: Weeding assignments (iterative)...
  Baseline: Step1=4109, Step2=45, Step3=881, Accepted=1293
  Iteration 1: Step1=4109, Step2=45, Step3=881, Accepted=1293
  Iteration 1: 0 changes (+0 accepted, -0 rejected)
  Converged after 1 iteration(s).
  Blacklisted 5516 oscillating transition(s) (cumulative).
Weeding complete. Decisions made: 4109 in Step1, 45 in Step2, 881 in Step3
  Total number of accepted assignments: 1293
  Blacklisted 4 transition(s) oscillating between cycles.
  Accepted assignments: 1293, max energy change in optimization: 0.128627 cm^-1
Step 5 cycle 14:
Step 5.1: Matching observed lines to transitions & grading...
  Matching complete.
Step 5.2: Resolving conflicts...
  Max number of conflicting assignments: 5
  Total number of conflicting assignments: 360
Step 5.3: Weeding assignments (iterative)...
  Baseline: Step1=4113, Step2=42, Step3=885, Accepted=1295
  Iteration 1: Step1=4113, Step2=42, Step3=885, Accepted=1295
  Iteration 1: 0 changes (+0 accepted, -0 rejected)
  Converged after 1 iteration(s).
  Blacklisted 5520 oscillating transition(s) (cumulative).
Weeding complete. Decisions made: 4113 in Step1, 42 in Step2, 885 in Step3
  Total number of accepted assignments: 1295
  Blacklisted 4 transition(s) oscillating between cycles.
  Accepted assignments: 1295, max energy change in optimization: 0.171212 cm^-1
Step 5 cycle 15:
Step 5.1: Matching observed lines to transitions & grading...
  Matching complete.
Step 5.2: Resolving conflicts...
  Max number of conflicting assignments: 5
  Total number of conflicting assignments: 361
Step 5.3: Weeding assignments (iterative)...
  Baseline: Step1=4097, Step2=40, Step3=884, Accepted=1294
  Iteration 1: Step1=4097, Step2=40, Step3=884, Accepted=1294
  Iteration 1: 0 changes (+0 accepted, -0 rejected)
  Converged after 1 iteration(s).
  Blacklisted 5524 oscillating transition(s) (cumulative).
Weeding complete. Decisions made: 4097 in Step1, 40 in Step2, 884 in Step3
  Total number of accepted assignments: 1294
  Blacklisted 6 transition(s) oscillating between cycles.
  Accepted assignments: 1294, max energy change in optimization: 0.172294 cm^-1
Step 5 cycle 16:
Step 5.1: Matching observed lines to transitions & grading...
  Matching complete.
Step 5.2: Resolving conflicts...
  Max number of conflicting assignments: 6
  Total number of conflicting assignments: 358
Step 5.3: Weeding assignments (iterative)...
  Baseline: Step1=4093, Step2=39, Step3=874, Accepted=1293
  Iteration 1: Step1=4093, Step2=39, Step3=874, Accepted=1293
  Iteration 1: 0 changes (+0 accepted, -0 rejected)
  Converged after 1 iteration(s).
  Blacklisted 5530 oscillating transition(s) (cumulative).
Weeding complete. Decisions made: 4093 in Step1, 39 in Step2, 874 in Step3
  Total number of accepted assignments: 1293
  Blacklisted 1 transition(s) oscillating between cycles.
  Accepted assignments: 1293, max energy change in optimization: 0.106057 cm^-1
Step 5 cycle 17:
Step 5.1: Matching observed lines to transitions & grading...
  Matching complete.
Step 5.2: Resolving conflicts...
  Max number of conflicting assignments: 6
  Total number of conflicting assignments: 356
Step 5.3: Weeding assignments (iterative)...
  Baseline: Step1=4088, Step2=40, Step3=876, Accepted=1288
  Iteration 1: Step1=4088, Step2=40, Step3=876, Accepted=1288
  Iteration 1: 0 changes (+0 accepted, -0 rejected)
  Converged after 1 iteration(s).
  Blacklisted 5531 oscillating transition(s) (cumulative).
Weeding complete. Decisions made: 4088 in Step1, 40 in Step2, 876 in Step3
  Total number of accepted assignments: 1288
  Blacklisted 3 transition(s) oscillating between cycles.
  Accepted assignments: 1288, max energy change in optimization: 0.045146 cm^-1
Step 5 cycle 18:
Step 5.1: Matching observed lines to transitions & grading...
  Matching complete.
Step 5.2: Resolving conflicts...
  Max number of conflicting assignments: 6
  Total number of conflicting assignments: 351
Step 5.3: Weeding assignments (iterative)...
  Baseline: Step1=4057, Step2=41, Step3=868, Accepted=1288
  Iteration 1: Step1=4057, Step2=41, Step3=868, Accepted=1288
  Iteration 1: 0 changes (+0 accepted, -0 rejected)
  Converged after 1 iteration(s).
  Blacklisted 5534 oscillating transition(s) (cumulative).
Weeding complete. Decisions made: 4057 in Step1, 41 in Step2, 868 in Step3
  Total number of accepted assignments: 1288
  Blacklisted 1 transition(s) oscillating between cycles.
  Accepted assignments: 1288, max energy change in optimization: 0.022793 cm^-1
Step 5 cycle 19:
Step 5.1: Matching observed lines to transitions & grading...
  Matching complete.
Step 5.2: Resolving conflicts...
  Max number of conflicting assignments: 6
  Total number of conflicting assignments: 351
Step 5.3: Weeding assignments (iterative)...
  Baseline: Step1=4058, Step2=41, Step3=870, Accepted=1289
  Iteration 1: Step1=4058, Step2=41, Step3=870, Accepted=1289
  Iteration 1: 0 changes (+0 accepted, -0 rejected)
  Converged after 1 iteration(s).
  Blacklisted 5535 oscillating transition(s) (cumulative).
Weeding complete. Decisions made: 4058 in Step1, 41 in Step2, 870 in Step3
  Total number of accepted assignments: 1289
  Accepted assignments: 1289, max energy change in optimization: 0.069603 cm^-1
Step 5 cycle 20:
Step 5.1: Matching observed lines to transitions & grading...
  Matching complete.
Step 5.2: Resolving conflicts...
  Max number of conflicting assignments: 6
  Total number of conflicting assignments: 351
Step 5.3: Weeding assignments (iterative)...
  Baseline: Step1=4047, Step2=45, Step3=869, Accepted=1290
  Iteration 1: Step1=4047, Step2=45, Step3=869, Accepted=1290
  Iteration 1: 0 changes (+0 accepted, -0 rejected)
  Converged after 1 iteration(s).
  Blacklisted 5535 oscillating transition(s) (cumulative).
Weeding complete. Decisions made: 4047 in Step1, 45 in Step2, 869 in Step3
  Total number of accepted assignments: 1290
  Blacklisted 1 transition(s) oscillating between cycles.
  Accepted assignments: 1290, max energy change in optimization: 0.054553 cm^-1
  Building output...
============================================================
Done.
============================================================

SHIFT +6.9 cm^-1 (0.1 min): candidates=4961, accepted=1290 (new=1290, old=0)
    levels by number of accepted-new lines  1:  39 2:  83 3: 129 4:  91 5:  56 6:  43 7:  36 8:  83   (8 = 8 or more)

============================================================
classify_lines.py — Spectral Line Classification for Pr III
CHANCE-COINCIDENCE RUN: wavenumber shift +8.300 cm^-1
============================================================
Step 1: Reading energy levels...
  Read 593 energy levels.
Step 2: Reading calculated transitions...
  Read 30206 calculated transitions.
Step 3: Reading observed spectral lines...
  NOTE: all observed wavenumbers shifted by +8.300 cm^-1 (chance-coincidence run)
  Read 6667 observed lines.
Step 4: Generating all possible transitions...
  Generated 30237 possible transitions.
  1075 of them are absent from Icalc.xlsx and were given an imputed intensity.
Step 5 cycle 1:
Step 5.1: Matching observed lines to transitions & grading...
  Matching complete.
Step 5.2: Resolving conflicts...
  Max number of conflicting assignments: 3
  Total number of conflicting assignments: 97
Step 5.3: Weeding assignments (iterative)...
  Baseline: Step1=2674, Step2=35, Step3=248, Accepted=515
  Iteration 1: Step1=2674, Step2=35, Step3=248, Accepted=515
  Iteration 1: 0 changes (+0 accepted, -0 rejected)
  Converged after 1 iteration(s).
Weeding complete. Decisions made: 2674 in Step1, 35 in Step2, 248 in Step3
  Total number of accepted assignments: 515
  Accepted assignments: 515, max energy change in optimization: 1.802797 cm^-1
Step 5 cycle 2:
Step 5.1: Matching observed lines to transitions & grading...
  Matching complete.
Step 5.2: Resolving conflicts...
  Max number of conflicting assignments: 13
  Total number of conflicting assignments: 1470
Step 5.3: Weeding assignments (iterative)...
  Baseline: Step1=6724, Step2=203, Step3=414, Accepted=1277
  Iteration 1: Step1=6724, Step2=203, Step3=414, Accepted=1277
  Iteration 1: 0 changes (+0 accepted, -0 rejected)
  Converged after 1 iteration(s).
Weeding complete. Decisions made: 6724 in Step1, 203 in Step2, 414 in Step3
  Total number of accepted assignments: 1277
  Accepted assignments: 1277, max energy change in optimization: 8.181726 cm^-1
Step 5 cycle 3:
Step 5.1: Matching observed lines to transitions & grading...
  Matching complete.
Step 5.2: Resolving conflicts...
  Max number of conflicting assignments: 13
  Total number of conflicting assignments: 2955
Step 5.3: Weeding assignments (iterative)...
  Baseline: Step1=9648, Step2=341, Step3=544, Accepted=2104
  Iteration 1: Step1=9648, Step2=341, Step3=544, Accepted=2104
  Iteration 1: 0 changes (+0 accepted, -0 rejected)
  Converged after 1 iteration(s).
Weeding complete. Decisions made: 9648 in Step1, 341 in Step2, 544 in Step3
  Total number of accepted assignments: 2104
  Blacklisted 1608 transition(s) oscillating between cycles.
  Accepted assignments: 2104, max energy change in optimization: 4.276509 cm^-1
Step 5 cycle 4:
Step 5.1: Matching observed lines to transitions & grading...
  Matching complete.
Step 5.2: Resolving conflicts...
  Max number of conflicting assignments: 7
  Total number of conflicting assignments: 1906
Step 5.3: Weeding assignments (iterative)...
  Baseline: Step1=8325, Step2=229, Step3=813, Accepted=1821
  Iteration 1: Step1=8325, Step2=229, Step3=813, Accepted=1821
  Iteration 1: 0 changes (+0 accepted, -0 rejected)
  Converged after 1 iteration(s).
  Blacklisted 1608 oscillating transition(s) (cumulative).
Weeding complete. Decisions made: 8325 in Step1, 229 in Step2, 813 in Step3
  Total number of accepted assignments: 1821
  Blacklisted 2159 transition(s) oscillating between cycles.
  Accepted assignments: 1821, max energy change in optimization: 2.087652 cm^-1
Step 5 cycle 5:
Step 5.1: Matching observed lines to transitions & grading...
  Matching complete.
Step 5.2: Resolving conflicts...
  Max number of conflicting assignments: 6
  Total number of conflicting assignments: 1011
Step 5.3: Weeding assignments (iterative)...
  Baseline: Step1=6493, Step2=139, Step3=879, Accepted=1540
  Iteration 1: Step1=6493, Step2=139, Step3=879, Accepted=1540
  Iteration 1: 0 changes (+0 accepted, -0 rejected)
  Converged after 1 iteration(s).
  Blacklisted 3767 oscillating transition(s) (cumulative).
Weeding complete. Decisions made: 6493 in Step1, 139 in Step2, 879 in Step3
  Total number of accepted assignments: 1540
  Blacklisted 707 transition(s) oscillating between cycles.
  Accepted assignments: 1540, max energy change in optimization: 1.284704 cm^-1
Step 5 cycle 6:
Step 5.1: Matching observed lines to transitions & grading...
  Matching complete.
Step 5.2: Resolving conflicts...
  Max number of conflicting assignments: 7
  Total number of conflicting assignments: 659
Step 5.3: Weeding assignments (iterative)...
  Baseline: Step1=5271, Step2=105, Step3=876, Accepted=1383
  Iteration 1: Step1=5271, Step2=105, Step3=876, Accepted=1383
  Iteration 1: 0 changes (+0 accepted, -0 rejected)
  Converged after 1 iteration(s).
  Blacklisted 4474 oscillating transition(s) (cumulative).
Weeding complete. Decisions made: 5271 in Step1, 105 in Step2, 876 in Step3
  Total number of accepted assignments: 1383
  Blacklisted 243 transition(s) oscillating between cycles.
  Accepted assignments: 1383, max energy change in optimization: 1.663748 cm^-1
Step 5 cycle 7:
Step 5.1: Matching observed lines to transitions & grading...
  Matching complete.
Step 5.2: Resolving conflicts...
  Max number of conflicting assignments: 7
  Total number of conflicting assignments: 539
Step 5.3: Weeding assignments (iterative)...
  Baseline: Step1=4833, Step2=93, Step3=876, Accepted=1317
  Iteration 1: Step1=4833, Step2=93, Step3=876, Accepted=1317
  Iteration 1: 0 changes (+0 accepted, -0 rejected)
  Converged after 1 iteration(s).
  Blacklisted 4717 oscillating transition(s) (cumulative).
Weeding complete. Decisions made: 4833 in Step1, 93 in Step2, 876 in Step3
  Total number of accepted assignments: 1317
  Blacklisted 132 transition(s) oscillating between cycles.
  Accepted assignments: 1317, max energy change in optimization: 1.340552 cm^-1
Step 5 cycle 8:
Step 5.1: Matching observed lines to transitions & grading...
  Matching complete.
Step 5.2: Resolving conflicts...
  Max number of conflicting assignments: 6
  Total number of conflicting assignments: 463
Step 5.3: Weeding assignments (iterative)...
  Baseline: Step1=4523, Step2=72, Step3=871, Accepted=1277
  Iteration 1: Step1=4523, Step2=72, Step3=871, Accepted=1277
  Iteration 1: 0 changes (+0 accepted, -0 rejected)
  Converged after 1 iteration(s).
  Blacklisted 4849 oscillating transition(s) (cumulative).
Weeding complete. Decisions made: 4523 in Step1, 72 in Step2, 871 in Step3
  Total number of accepted assignments: 1277
  Blacklisted 76 transition(s) oscillating between cycles.
  Accepted assignments: 1277, max energy change in optimization: 0.265650 cm^-1
Step 5 cycle 9:
Step 5.1: Matching observed lines to transitions & grading...
  Matching complete.
Step 5.2: Resolving conflicts...
  Max number of conflicting assignments: 6
  Total number of conflicting assignments: 431
Step 5.3: Weeding assignments (iterative)...
  Baseline: Step1=4358, Step2=68, Step3=890, Accepted=1262
  Iteration 1: Step1=4358, Step2=68, Step3=890, Accepted=1262
  Iteration 1: 0 changes (+0 accepted, -0 rejected)
  Converged after 1 iteration(s).
  Blacklisted 4925 oscillating transition(s) (cumulative).
Weeding complete. Decisions made: 4358 in Step1, 68 in Step2, 890 in Step3
  Total number of accepted assignments: 1262
  Blacklisted 49 transition(s) oscillating between cycles.
  Accepted assignments: 1262, max energy change in optimization: 0.706297 cm^-1
Step 5 cycle 10:
Step 5.1: Matching observed lines to transitions & grading...
  Matching complete.
Step 5.2: Resolving conflicts...
  Max number of conflicting assignments: 6
  Total number of conflicting assignments: 404
Step 5.3: Weeding assignments (iterative)...
  Baseline: Step1=4228, Step2=68, Step3=881, Accepted=1257
  Iteration 1: Step1=4228, Step2=68, Step3=881, Accepted=1257
  Iteration 1: 0 changes (+0 accepted, -0 rejected)
  Converged after 1 iteration(s).
  Blacklisted 4974 oscillating transition(s) (cumulative).
Weeding complete. Decisions made: 4228 in Step1, 68 in Step2, 881 in Step3
  Total number of accepted assignments: 1257
  Blacklisted 31 transition(s) oscillating between cycles.
  Accepted assignments: 1257, max energy change in optimization: 0.181676 cm^-1
Step 5 cycle 11:
Step 5.1: Matching observed lines to transitions & grading...
  Matching complete.
Step 5.2: Resolving conflicts...
  Max number of conflicting assignments: 6
  Total number of conflicting assignments: 404
Step 5.3: Weeding assignments (iterative)...
  Baseline: Step1=4216, Step2=62, Step3=888, Accepted=1263
  Iteration 1: Step1=4216, Step2=62, Step3=888, Accepted=1263
  Iteration 1: 0 changes (+0 accepted, -0 rejected)
  Converged after 1 iteration(s).
  Blacklisted 5005 oscillating transition(s) (cumulative).
Weeding complete. Decisions made: 4216 in Step1, 62 in Step2, 888 in Step3
  Total number of accepted assignments: 1263
  Blacklisted 8 transition(s) oscillating between cycles.
  Accepted assignments: 1263, max energy change in optimization: 0.360308 cm^-1
Step 5 cycle 12:
Step 5.1: Matching observed lines to transitions & grading...
  Matching complete.
Step 5.2: Resolving conflicts...
  Max number of conflicting assignments: 6
  Total number of conflicting assignments: 397
Step 5.3: Weeding assignments (iterative)...
  Baseline: Step1=4202, Step2=60, Step3=883, Accepted=1260
  Iteration 1: Step1=4202, Step2=60, Step3=883, Accepted=1260
  Iteration 1: 0 changes (+0 accepted, -0 rejected)
  Converged after 1 iteration(s).
  Blacklisted 5013 oscillating transition(s) (cumulative).
Weeding complete. Decisions made: 4202 in Step1, 60 in Step2, 883 in Step3
  Total number of accepted assignments: 1260
  Blacklisted 6 transition(s) oscillating between cycles.
  Accepted assignments: 1260, max energy change in optimization: 0.605995 cm^-1
Step 5 cycle 13:
Step 5.1: Matching observed lines to transitions & grading...
  Matching complete.
Step 5.2: Resolving conflicts...
  Max number of conflicting assignments: 6
  Total number of conflicting assignments: 386
Step 5.3: Weeding assignments (iterative)...
  Baseline: Step1=4168, Step2=59, Step3=878, Accepted=1259
  Iteration 1: Step1=4168, Step2=59, Step3=878, Accepted=1259
  Iteration 1: 0 changes (+0 accepted, -0 rejected)
  Converged after 1 iteration(s).
  Blacklisted 5019 oscillating transition(s) (cumulative).
Weeding complete. Decisions made: 4168 in Step1, 59 in Step2, 878 in Step3
  Total number of accepted assignments: 1259
  Blacklisted 11 transition(s) oscillating between cycles.
  Accepted assignments: 1259, max energy change in optimization: 0.546130 cm^-1
Step 5 cycle 14:
Step 5.1: Matching observed lines to transitions & grading...
  Matching complete.
Step 5.2: Resolving conflicts...
  Max number of conflicting assignments: 6
  Total number of conflicting assignments: 383
Step 5.3: Weeding assignments (iterative)...
  Baseline: Step1=4164, Step2=56, Step3=884, Accepted=1258
  Iteration 1: Step1=4164, Step2=56, Step3=884, Accepted=1258
  Iteration 1: 0 changes (+0 accepted, -0 rejected)
  Converged after 1 iteration(s).
  Blacklisted 5030 oscillating transition(s) (cumulative).
Weeding complete. Decisions made: 4164 in Step1, 56 in Step2, 884 in Step3
  Total number of accepted assignments: 1258
  Blacklisted 6 transition(s) oscillating between cycles.
  Accepted assignments: 1258, max energy change in optimization: 0.050069 cm^-1
Step 5 cycle 15:
Step 5.1: Matching observed lines to transitions & grading...
  Matching complete.
Step 5.2: Resolving conflicts...
  Max number of conflicting assignments: 6
  Total number of conflicting assignments: 381
Step 5.3: Weeding assignments (iterative)...
  Baseline: Step1=4155, Step2=55, Step3=893, Accepted=1258
  Iteration 1: Step1=4155, Step2=55, Step3=893, Accepted=1258
  Iteration 1: 0 changes (+0 accepted, -0 rejected)
  Converged after 1 iteration(s).
  Blacklisted 5036 oscillating transition(s) (cumulative).
Weeding complete. Decisions made: 4155 in Step1, 55 in Step2, 893 in Step3
  Total number of accepted assignments: 1258
  Blacklisted 2 transition(s) oscillating between cycles.
  Accepted assignments: 1258, max energy change in optimization: 0.000756 cm^-1
  Building output...
============================================================
Done.
============================================================

SHIFT +8.3 cm^-1 (0.1 min): candidates=5103, accepted=1258 (new=1258, old=0)
    levels by number of accepted-new lines  1:  46 2:  87 3: 127 4: 102 5:  54 6:  44 7:  32 8:  77   (8 = 8 or more)

============================================================
classify_lines.py — Spectral Line Classification for Pr III
CHANCE-COINCIDENCE RUN: wavenumber shift +9.700 cm^-1
============================================================
Step 1: Reading energy levels...
  Read 593 energy levels.
Step 2: Reading calculated transitions...
  Read 30206 calculated transitions.
Step 3: Reading observed spectral lines...
  NOTE: all observed wavenumbers shifted by +9.700 cm^-1 (chance-coincidence run)
  Read 6667 observed lines.
Step 4: Generating all possible transitions...
  Generated 30237 possible transitions.
  1075 of them are absent from Icalc.xlsx and were given an imputed intensity.
Step 5 cycle 1:
Step 5.1: Matching observed lines to transitions & grading...
  Matching complete.
Step 5.2: Resolving conflicts...
  Max number of conflicting assignments: 3
  Total number of conflicting assignments: 89
Step 5.3: Weeding assignments (iterative)...
  Baseline: Step1=2544, Step2=35, Step3=260, Accepted=516
  Iteration 1: Step1=2544, Step2=35, Step3=260, Accepted=516
  Iteration 1: 0 changes (+0 accepted, -0 rejected)
  Converged after 1 iteration(s).
Weeding complete. Decisions made: 2544 in Step1, 35 in Step2, 260 in Step3
  Total number of accepted assignments: 516
  Accepted assignments: 516, max energy change in optimization: 2.166820 cm^-1
Step 5 cycle 2:
Step 5.1: Matching observed lines to transitions & grading...
  Matching complete.
Step 5.2: Resolving conflicts...
  Max number of conflicting assignments: 20
  Total number of conflicting assignments: 1865
Step 5.3: Weeding assignments (iterative)...
  Baseline: Step1=6919, Step2=206, Step3=439, Accepted=1364
  Iteration 1: Step1=6919, Step2=206, Step3=439, Accepted=1364
  Iteration 1: 0 changes (+0 accepted, -0 rejected)
  Converged after 1 iteration(s).
Weeding complete. Decisions made: 6919 in Step1, 206 in Step2, 439 in Step3
  Total number of accepted assignments: 1364
  Accepted assignments: 1364, max energy change in optimization: 10.085644 cm^-1
Step 5 cycle 3:
Step 5.1: Matching observed lines to transitions & grading...
  Matching complete.
Step 5.2: Resolving conflicts...
  Max number of conflicting assignments: 21
  Total number of conflicting assignments: 5251
Step 5.3: Weeding assignments (iterative)...
  Baseline: Step1=12171, Step2=564, Step3=503, Accepted=2728
  Iteration 1: Step1=12171, Step2=564, Step3=503, Accepted=2728
  Iteration 1: 0 changes (+0 accepted, -0 rejected)
  Converged after 1 iteration(s).
Weeding complete. Decisions made: 12171 in Step1, 564 in Step2, 503 in Step3
  Total number of accepted assignments: 2728
  Blacklisted 1785 transition(s) oscillating between cycles.
  Accepted assignments: 2728, max energy change in optimization: 3.503180 cm^-1
Step 5 cycle 4:
Step 5.1: Matching observed lines to transitions & grading...
  Matching complete.
Step 5.2: Resolving conflicts...
  Max number of conflicting assignments: 8
  Total number of conflicting assignments: 3528
Step 5.3: Weeding assignments (iterative)...
  Baseline: Step1=10578, Step2=419, Step3=901, Accepted=2275
  Iteration 1: Step1=10578, Step2=419, Step3=901, Accepted=2275
  Iteration 1: 0 changes (+0 accepted, -0 rejected)
  Converged after 1 iteration(s).
  Blacklisted 1785 oscillating transition(s) (cumulative).
Weeding complete. Decisions made: 10578 in Step1, 419 in Step2, 901 in Step3
  Total number of accepted assignments: 2275
  Blacklisted 3241 transition(s) oscillating between cycles.
  Accepted assignments: 2275, max energy change in optimization: 6.757279 cm^-1
Step 5 cycle 5:
Step 5.1: Matching observed lines to transitions & grading...
  Matching complete.
Step 5.2: Resolving conflicts...
  Max number of conflicting assignments: 6
  Total number of conflicting assignments: 1784
Step 5.3: Weeding assignments (iterative)...
  Baseline: Step1=7891, Step2=212, Step3=1078, Accepted=1784
  Iteration 1: Step1=7891, Step2=212, Step3=1078, Accepted=1784
  Iteration 1: 0 changes (+0 accepted, -0 rejected)
  Converged after 1 iteration(s).
  Blacklisted 5026 oscillating transition(s) (cumulative).
Weeding complete. Decisions made: 7891 in Step1, 212 in Step2, 1078 in Step3
  Total number of accepted assignments: 1784
  Blacklisted 1129 transition(s) oscillating between cycles.
  Accepted assignments: 1784, max energy change in optimization: 1.744426 cm^-1
Step 5 cycle 6:
Step 5.1: Matching observed lines to transitions & grading...
  Matching complete.
Step 5.2: Resolving conflicts...
  Max number of conflicting assignments: 6
  Total number of conflicting assignments: 978
Step 5.3: Weeding assignments (iterative)...
  Baseline: Step1=6158, Step2=139, Step3=1031, Accepted=1521
  Iteration 1: Step1=6158, Step2=139, Step3=1031, Accepted=1521
  Iteration 1: 0 changes (+0 accepted, -0 rejected)
  Converged after 1 iteration(s).
  Blacklisted 6155 oscillating transition(s) (cumulative).
Weeding complete. Decisions made: 6158 in Step1, 139 in Step2, 1031 in Step3
  Total number of accepted assignments: 1521
  Blacklisted 368 transition(s) oscillating between cycles.
  Accepted assignments: 1521, max energy change in optimization: 1.108941 cm^-1
Step 5 cycle 7:
Step 5.1: Matching observed lines to transitions & grading...
  Matching complete.
Step 5.2: Resolving conflicts...
  Max number of conflicting assignments: 6
  Total number of conflicting assignments: 637
Step 5.3: Weeding assignments (iterative)...
  Baseline: Step1=5191, Step2=87, Step3=996, Accepted=1369
  Iteration 1: Step1=5191, Step2=87, Step3=996, Accepted=1369
  Iteration 1: 0 changes (+0 accepted, -0 rejected)
  Converged after 1 iteration(s).
  Blacklisted 6523 oscillating transition(s) (cumulative).
Weeding complete. Decisions made: 5191 in Step1, 87 in Step2, 996 in Step3
  Total number of accepted assignments: 1369
  Blacklisted 174 transition(s) oscillating between cycles.
  Accepted assignments: 1369, max energy change in optimization: 2.002424 cm^-1
Step 5 cycle 8:
Step 5.1: Matching observed lines to transitions & grading...
  Matching complete.
Step 5.2: Resolving conflicts...
  Max number of conflicting assignments: 5
  Total number of conflicting assignments: 514
Step 5.3: Weeding assignments (iterative)...
  Baseline: Step1=4683, Step2=70, Step3=922, Accepted=1282
  Iteration 1: Step1=4683, Step2=70, Step3=922, Accepted=1282
  Iteration 1: 0 changes (+0 accepted, -0 rejected)
  Converged after 1 iteration(s).
  Blacklisted 6697 oscillating transition(s) (cumulative).
Weeding complete. Decisions made: 4683 in Step1, 70 in Step2, 922 in Step3
  Total number of accepted assignments: 1282
  Blacklisted 162 transition(s) oscillating between cycles.
  Accepted assignments: 1282, max energy change in optimization: 1.747122 cm^-1
Step 5 cycle 9:
Step 5.1: Matching observed lines to transitions & grading...
  Matching complete.
Step 5.2: Resolving conflicts...
  Max number of conflicting assignments: 6
  Total number of conflicting assignments: 487
Step 5.3: Weeding assignments (iterative)...
  Baseline: Step1=4486, Step2=64, Step3=999, Accepted=1257
  Iteration 1: Step1=4486, Step2=64, Step3=999, Accepted=1257
  Iteration 1: 0 changes (+0 accepted, -0 rejected)
  Converged after 1 iteration(s).
  Blacklisted 6859 oscillating transition(s) (cumulative).
Weeding complete. Decisions made: 4486 in Step1, 64 in Step2, 999 in Step3
  Total number of accepted assignments: 1257
  Blacklisted 87 transition(s) oscillating between cycles.
  Accepted assignments: 1257, max energy change in optimization: 1.093479 cm^-1
Step 5 cycle 10:
Step 5.1: Matching observed lines to transitions & grading...
  Matching complete.
Step 5.2: Resolving conflicts...
  Max number of conflicting assignments: 6
  Total number of conflicting assignments: 452
Step 5.3: Weeding assignments (iterative)...
  Baseline: Step1=4336, Step2=57, Step3=1011, Accepted=1248
  Iteration 1: Step1=4336, Step2=57, Step3=1011, Accepted=1248
  Iteration 1: 0 changes (+0 accepted, -0 rejected)
  Converged after 1 iteration(s).
  Blacklisted 6946 oscillating transition(s) (cumulative).
Weeding complete. Decisions made: 4336 in Step1, 57 in Step2, 1011 in Step3
  Total number of accepted assignments: 1248
  Blacklisted 47 transition(s) oscillating between cycles.
  Accepted assignments: 1248, max energy change in optimization: 1.007697 cm^-1
Step 5 cycle 11:
Step 5.1: Matching observed lines to transitions & grading...
  Matching complete.
Step 5.2: Resolving conflicts...
  Max number of conflicting assignments: 6
  Total number of conflicting assignments: 445
Step 5.3: Weeding assignments (iterative)...
  Baseline: Step1=4282, Step2=56, Step3=1028, Accepted=1228
  Iteration 1: Step1=4282, Step2=56, Step3=1028, Accepted=1228
  Iteration 1: 0 changes (+0 accepted, -0 rejected)
  Converged after 1 iteration(s).
  Blacklisted 6993 oscillating transition(s) (cumulative).
Weeding complete. Decisions made: 4282 in Step1, 56 in Step2, 1028 in Step3
  Total number of accepted assignments: 1228
  Blacklisted 24 transition(s) oscillating between cycles.
  Accepted assignments: 1228, max energy change in optimization: 0.633187 cm^-1
Step 5 cycle 12:
Step 5.1: Matching observed lines to transitions & grading...
  Matching complete.
Step 5.2: Resolving conflicts...
  Max number of conflicting assignments: 6
  Total number of conflicting assignments: 433
Step 5.3: Weeding assignments (iterative)...
  Baseline: Step1=4236, Step2=61, Step3=1012, Accepted=1225
  Iteration 1: Step1=4236, Step2=61, Step3=1012, Accepted=1225
  Iteration 1: 0 changes (+0 accepted, -0 rejected)
  Converged after 1 iteration(s).
  Blacklisted 7017 oscillating transition(s) (cumulative).
Weeding complete. Decisions made: 4236 in Step1, 61 in Step2, 1012 in Step3
  Total number of accepted assignments: 1225
  Blacklisted 12 transition(s) oscillating between cycles.
  Accepted assignments: 1225, max energy change in optimization: 0.050969 cm^-1
Step 5 cycle 13:
Step 5.1: Matching observed lines to transitions & grading...
  Matching complete.
Step 5.2: Resolving conflicts...
  Max number of conflicting assignments: 6
  Total number of conflicting assignments: 426
Step 5.3: Weeding assignments (iterative)...
  Baseline: Step1=4224, Step2=52, Step3=997, Accepted=1222
  Iteration 1: Step1=4224, Step2=52, Step3=997, Accepted=1222
  Iteration 1: 0 changes (+0 accepted, -0 rejected)
  Converged after 1 iteration(s).
  Blacklisted 7029 oscillating transition(s) (cumulative).
Weeding complete. Decisions made: 4224 in Step1, 52 in Step2, 997 in Step3
  Total number of accepted assignments: 1222
  Blacklisted 6 transition(s) oscillating between cycles.
  Accepted assignments: 1222, max energy change in optimization: 0.461532 cm^-1
Step 5 cycle 14:
Step 5.1: Matching observed lines to transitions & grading...
  Matching complete.
Step 5.2: Resolving conflicts...
  Max number of conflicting assignments: 6
  Total number of conflicting assignments: 421
Step 5.3: Weeding assignments (iterative)...
  Baseline: Step1=4208, Step2=58, Step3=1004, Accepted=1225
  Iteration 1: Step1=4208, Step2=58, Step3=1004, Accepted=1225
  Iteration 1: 0 changes (+0 accepted, -0 rejected)
  Converged after 1 iteration(s).
  Blacklisted 7035 oscillating transition(s) (cumulative).
Weeding complete. Decisions made: 4208 in Step1, 58 in Step2, 1004 in Step3
  Total number of accepted assignments: 1225
  Blacklisted 2 transition(s) oscillating between cycles.
  Accepted assignments: 1225, max energy change in optimization: 0.139706 cm^-1
Step 5 cycle 15:
Step 5.1: Matching observed lines to transitions & grading...
  Matching complete.
Step 5.2: Resolving conflicts...
  Max number of conflicting assignments: 6
  Total number of conflicting assignments: 424
Step 5.3: Weeding assignments (iterative)...
  Baseline: Step1=4206, Step2=56, Step3=1004, Accepted=1222
  Iteration 1: Step1=4206, Step2=56, Step3=1004, Accepted=1222
  Iteration 1: 0 changes (+0 accepted, -0 rejected)
  Converged after 1 iteration(s).
  Blacklisted 7037 oscillating transition(s) (cumulative).
Weeding complete. Decisions made: 4206 in Step1, 56 in Step2, 1004 in Step3
  Total number of accepted assignments: 1222
  Blacklisted 7 transition(s) oscillating between cycles.
  Accepted assignments: 1222, max energy change in optimization: 0.276326 cm^-1
Step 5 cycle 16:
Step 5.1: Matching observed lines to transitions & grading...
  Matching complete.
Step 5.2: Resolving conflicts...
  Max number of conflicting assignments: 6
  Total number of conflicting assignments: 430
Step 5.3: Weeding assignments (iterative)...
  Baseline: Step1=4182, Step2=55, Step3=1010, Accepted=1222
  Iteration 1: Step1=4182, Step2=55, Step3=1010, Accepted=1222
  Iteration 1: 0 changes (+0 accepted, -0 rejected)
  Converged after 1 iteration(s).
  Blacklisted 7044 oscillating transition(s) (cumulative).
Weeding complete. Decisions made: 4182 in Step1, 55 in Step2, 1010 in Step3
  Total number of accepted assignments: 1222
  Blacklisted 1 transition(s) oscillating between cycles.
  Accepted assignments: 1222, max energy change in optimization: 0.122601 cm^-1
Step 5 cycle 17:
Step 5.1: Matching observed lines to transitions & grading...
  Matching complete.
Step 5.2: Resolving conflicts...
  Max number of conflicting assignments: 6
  Total number of conflicting assignments: 426
Step 5.3: Weeding assignments (iterative)...
  Baseline: Step1=4178, Step2=49, Step3=1023, Accepted=1219
  Iteration 1: Step1=4178, Step2=49, Step3=1023, Accepted=1219
  Iteration 1: 0 changes (+0 accepted, -0 rejected)
  Converged after 1 iteration(s).
  Blacklisted 7045 oscillating transition(s) (cumulative).
Weeding complete. Decisions made: 4178 in Step1, 49 in Step2, 1023 in Step3
  Total number of accepted assignments: 1219
  Blacklisted 11 transition(s) oscillating between cycles.
  Accepted assignments: 1219, max energy change in optimization: 0.126112 cm^-1
Step 5 cycle 18:
Step 5.1: Matching observed lines to transitions & grading...
  Matching complete.
Step 5.2: Resolving conflicts...
  Max number of conflicting assignments: 6
  Total number of conflicting assignments: 428
Step 5.3: Weeding assignments (iterative)...
  Baseline: Step1=4169, Step2=49, Step3=1028, Accepted=1220
  Iteration 1: Step1=4169, Step2=49, Step3=1028, Accepted=1220
  Iteration 1: 0 changes (+0 accepted, -0 rejected)
  Converged after 1 iteration(s).
  Blacklisted 7056 oscillating transition(s) (cumulative).
Weeding complete. Decisions made: 4169 in Step1, 49 in Step2, 1028 in Step3
  Total number of accepted assignments: 1220
  Blacklisted 5 transition(s) oscillating between cycles.
  Accepted assignments: 1220, max energy change in optimization: 0.072525 cm^-1
Step 5 cycle 19:
Step 5.1: Matching observed lines to transitions & grading...
  Matching complete.
Step 5.2: Resolving conflicts...
  Max number of conflicting assignments: 6
  Total number of conflicting assignments: 424
Step 5.3: Weeding assignments (iterative)...
  Baseline: Step1=4169, Step2=51, Step3=1028, Accepted=1220
  Iteration 1: Step1=4169, Step2=51, Step3=1028, Accepted=1220
  Iteration 1: 0 changes (+0 accepted, -0 rejected)
  Converged after 1 iteration(s).
  Blacklisted 7061 oscillating transition(s) (cumulative).
Weeding complete. Decisions made: 4169 in Step1, 51 in Step2, 1028 in Step3
  Total number of accepted assignments: 1220
  Blacklisted 5 transition(s) oscillating between cycles.
  Accepted assignments: 1220, max energy change in optimization: 0.109255 cm^-1
Step 5 cycle 20:
Step 5.1: Matching observed lines to transitions & grading...
  Matching complete.
Step 5.2: Resolving conflicts...
  Max number of conflicting assignments: 6
  Total number of conflicting assignments: 422
Step 5.3: Weeding assignments (iterative)...
  Baseline: Step1=4182, Step2=50, Step3=1018, Accepted=1222
  Iteration 1: Step1=4182, Step2=50, Step3=1018, Accepted=1222
  Iteration 1: 0 changes (+0 accepted, -0 rejected)
  Converged after 1 iteration(s).
  Blacklisted 7066 oscillating transition(s) (cumulative).
Weeding complete. Decisions made: 4182 in Step1, 50 in Step2, 1018 in Step3
  Total number of accepted assignments: 1222
  Blacklisted 2 transition(s) oscillating between cycles.
  Accepted assignments: 1222, max energy change in optimization: 0.268323 cm^-1
  Building output...
============================================================
Done.
============================================================

SHIFT +9.7 cm^-1 (0.1 min): candidates=5250, accepted=1222 (new=1222, old=0)
    levels by number of accepted-new lines  1:  38 2:  96 3: 143 4: 100 5:  64 6:  36 7:  26 8:  68   (8 = 8 or more)

============================================================
classify_lines.py — Spectral Line Classification for Pr III
CHANCE-COINCIDENCE RUN: wavenumber shift +11.300 cm^-1
============================================================
Step 1: Reading energy levels...
  Read 593 energy levels.
Step 2: Reading calculated transitions...
  Read 30206 calculated transitions.
Step 3: Reading observed spectral lines...
  NOTE: all observed wavenumbers shifted by +11.300 cm^-1 (chance-coincidence run)
  Read 6667 observed lines.
Step 4: Generating all possible transitions...
  Generated 30237 possible transitions.
  1075 of them are absent from Icalc.xlsx and were given an imputed intensity.
Step 5 cycle 1:
Step 5.1: Matching observed lines to transitions & grading...
  Matching complete.
Step 5.2: Resolving conflicts...
  Max number of conflicting assignments: 2
  Total number of conflicting assignments: 82
Step 5.3: Weeding assignments (iterative)...
  Baseline: Step1=2605, Step2=42, Step3=230, Accepted=524
  Iteration 1: Step1=2605, Step2=42, Step3=230, Accepted=524
  Iteration 1: 0 changes (+0 accepted, -0 rejected)
  Converged after 1 iteration(s).
Weeding complete. Decisions made: 2605 in Step1, 42 in Step2, 230 in Step3
  Total number of accepted assignments: 524
  Accepted assignments: 524, max energy change in optimization: 1.524783 cm^-1
Step 5 cycle 2:
Step 5.1: Matching observed lines to transitions & grading...
  Matching complete.
Step 5.2: Resolving conflicts...
  Max number of conflicting assignments: 24
  Total number of conflicting assignments: 1844
Step 5.3: Weeding assignments (iterative)...
  Baseline: Step1=6770, Step2=248, Step3=384, Accepted=1460
  Iteration 1: Step1=6770, Step2=248, Step3=384, Accepted=1460
  Iteration 1: 0 changes (+0 accepted, -0 rejected)
  Converged after 1 iteration(s).
Weeding complete. Decisions made: 6770 in Step1, 248 in Step2, 384 in Step3
  Total number of accepted assignments: 1460
  Accepted assignments: 1460, max energy change in optimization: 10.504643 cm^-1
Step 5 cycle 3:
Step 5.1: Matching observed lines to transitions & grading...
  Matching complete.
Step 5.2: Resolving conflicts...
  Max number of conflicting assignments: 15
  Total number of conflicting assignments: 4766
Step 5.3: Weeding assignments (iterative)...
  Baseline: Step1=11717, Step2=503, Step3=492, Accepted=2611
  Iteration 1: Step1=11717, Step2=503, Step3=492, Accepted=2611
  Iteration 1: 0 changes (+0 accepted, -0 rejected)
  Converged after 1 iteration(s).
Weeding complete. Decisions made: 11717 in Step1, 503 in Step2, 492 in Step3
  Total number of accepted assignments: 2611
  Blacklisted 1715 transition(s) oscillating between cycles.
  Accepted assignments: 2611, max energy change in optimization: 3.612763 cm^-1
Step 5 cycle 4:
Step 5.1: Matching observed lines to transitions & grading...
  Matching complete.
Step 5.2: Resolving conflicts...
  Max number of conflicting assignments: 9
  Total number of conflicting assignments: 2434
Step 5.3: Weeding assignments (iterative)...
  Baseline: Step1=9228, Step2=300, Step3=777, Accepted=2025
  Iteration 1: Step1=9228, Step2=300, Step3=777, Accepted=2025
  Iteration 1: 0 changes (+0 accepted, -0 rejected)
  Converged after 1 iteration(s).
  Blacklisted 1715 oscillating transition(s) (cumulative).
Weeding complete. Decisions made: 9228 in Step1, 300 in Step2, 777 in Step3
  Total number of accepted assignments: 2025
  Blacklisted 3152 transition(s) oscillating between cycles.
  Accepted assignments: 2025, max energy change in optimization: 2.240776 cm^-1
Step 5 cycle 5:
Step 5.1: Matching observed lines to transitions & grading...
  Matching complete.
Step 5.2: Resolving conflicts...
  Max number of conflicting assignments: 8
  Total number of conflicting assignments: 1240
Step 5.3: Weeding assignments (iterative)...
  Baseline: Step1=6952, Step2=169, Step3=847, Accepted=1652
  Iteration 1: Step1=6952, Step2=169, Step3=847, Accepted=1652
  Iteration 1: 0 changes (+0 accepted, -0 rejected)
  Converged after 1 iteration(s).
  Blacklisted 4867 oscillating transition(s) (cumulative).
Weeding complete. Decisions made: 6952 in Step1, 169 in Step2, 847 in Step3
  Total number of accepted assignments: 1652
  Blacklisted 649 transition(s) oscillating between cycles.
  Accepted assignments: 1652, max energy change in optimization: 1.842894 cm^-1
Step 5 cycle 6:
Step 5.1: Matching observed lines to transitions & grading...
  Matching complete.
Step 5.2: Resolving conflicts...
  Max number of conflicting assignments: 7
  Total number of conflicting assignments: 808
Step 5.3: Weeding assignments (iterative)...
  Baseline: Step1=5717, Step2=120, Step3=837, Accepted=1471
  Iteration 1: Step1=5717, Step2=120, Step3=837, Accepted=1471
  Iteration 1: 0 changes (+0 accepted, -0 rejected)
  Converged after 1 iteration(s).
  Blacklisted 5516 oscillating transition(s) (cumulative).
Weeding complete. Decisions made: 5717 in Step1, 120 in Step2, 837 in Step3
  Total number of accepted assignments: 1471
  Blacklisted 236 transition(s) oscillating between cycles.
  Accepted assignments: 1471, max energy change in optimization: 1.507744 cm^-1
Step 5 cycle 7:
Step 5.1: Matching observed lines to transitions & grading...
  Matching complete.
Step 5.2: Resolving conflicts...
  Max number of conflicting assignments: 6
  Total number of conflicting assignments: 683
Step 5.3: Weeding assignments (iterative)...
  Baseline: Step1=5155, Step2=91, Step3=904, Accepted=1359
  Iteration 1: Step1=5155, Step2=91, Step3=904, Accepted=1359
  Iteration 1: 0 changes (+0 accepted, -0 rejected)
  Converged after 1 iteration(s).
  Blacklisted 5752 oscillating transition(s) (cumulative).
Weeding complete. Decisions made: 5155 in Step1, 91 in Step2, 904 in Step3
  Total number of accepted assignments: 1359
  Blacklisted 140 transition(s) oscillating between cycles.
  Accepted assignments: 1359, max energy change in optimization: 1.196023 cm^-1
Step 5 cycle 8:
Step 5.1: Matching observed lines to transitions & grading...
  Matching complete.
Step 5.2: Resolving conflicts...
  Max number of conflicting assignments: 6
  Total number of conflicting assignments: 587
Step 5.3: Weeding assignments (iterative)...
  Baseline: Step1=4780, Step2=85, Step3=876, Accepted=1298
  Iteration 1: Step1=4780, Step2=85, Step3=876, Accepted=1298
  Iteration 1: 0 changes (+0 accepted, -0 rejected)
  Converged after 1 iteration(s).
  Blacklisted 5892 oscillating transition(s) (cumulative).
Weeding complete. Decisions made: 4780 in Step1, 85 in Step2, 876 in Step3
  Total number of accepted assignments: 1298
  Blacklisted 95 transition(s) oscillating between cycles.
  Accepted assignments: 1298, max energy change in optimization: 1.374417 cm^-1
Step 5 cycle 9:
Step 5.1: Matching observed lines to transitions & grading...
  Matching complete.
Step 5.2: Resolving conflicts...
  Max number of conflicting assignments: 6
  Total number of conflicting assignments: 544
Step 5.3: Weeding assignments (iterative)...
  Baseline: Step1=4572, Step2=81, Step3=886, Accepted=1277
  Iteration 1: Step1=4572, Step2=81, Step3=886, Accepted=1277
  Iteration 1: 0 changes (+0 accepted, -0 rejected)
  Converged after 1 iteration(s).
  Blacklisted 5987 oscillating transition(s) (cumulative).
Weeding complete. Decisions made: 4572 in Step1, 81 in Step2, 886 in Step3
  Total number of accepted assignments: 1277
  Blacklisted 83 transition(s) oscillating between cycles.
  Accepted assignments: 1277, max energy change in optimization: 0.660428 cm^-1
Step 5 cycle 10:
Step 5.1: Matching observed lines to transitions & grading...
  Matching complete.
Step 5.2: Resolving conflicts...
  Max number of conflicting assignments: 6
  Total number of conflicting assignments: 518
Step 5.3: Weeding assignments (iterative)...
  Baseline: Step1=4411, Step2=71, Step3=903, Accepted=1264
  Iteration 1: Step1=4411, Step2=71, Step3=903, Accepted=1264
  Iteration 1: 0 changes (+0 accepted, -0 rejected)
  Converged after 1 iteration(s).
  Blacklisted 6070 oscillating transition(s) (cumulative).
Weeding complete. Decisions made: 4411 in Step1, 71 in Step2, 903 in Step3
  Total number of accepted assignments: 1264
  Blacklisted 42 transition(s) oscillating between cycles.
  Accepted assignments: 1264, max energy change in optimization: 0.746085 cm^-1
Step 5 cycle 11:
Step 5.1: Matching observed lines to transitions & grading...
  Matching complete.
Step 5.2: Resolving conflicts...
  Max number of conflicting assignments: 6
  Total number of conflicting assignments: 507
Step 5.3: Weeding assignments (iterative)...
  Baseline: Step1=4338, Step2=72, Step3=910, Accepted=1252
  Iteration 1: Step1=4338, Step2=72, Step3=910, Accepted=1252
  Iteration 1: 0 changes (+0 accepted, -0 rejected)
  Converged after 1 iteration(s).
  Blacklisted 6112 oscillating transition(s) (cumulative).
Weeding complete. Decisions made: 4338 in Step1, 72 in Step2, 910 in Step3
  Total number of accepted assignments: 1252
  Blacklisted 30 transition(s) oscillating between cycles.
  Accepted assignments: 1252, max energy change in optimization: 0.374870 cm^-1
Step 5 cycle 12:
Step 5.1: Matching observed lines to transitions & grading...
  Matching complete.
Step 5.2: Resolving conflicts...
  Max number of conflicting assignments: 6
  Total number of conflicting assignments: 501
Step 5.3: Weeding assignments (iterative)...
  Baseline: Step1=4309, Step2=65, Step3=935, Accepted=1249
  Iteration 1: Step1=4309, Step2=65, Step3=935, Accepted=1249
  Iteration 1: 0 changes (+0 accepted, -0 rejected)
  Converged after 1 iteration(s).
  Blacklisted 6142 oscillating transition(s) (cumulative).
Weeding complete. Decisions made: 4309 in Step1, 65 in Step2, 935 in Step3
  Total number of accepted assignments: 1249
  Blacklisted 18 transition(s) oscillating between cycles.
  Accepted assignments: 1249, max energy change in optimization: 0.199763 cm^-1
Step 5 cycle 13:
Step 5.1: Matching observed lines to transitions & grading...
  Matching complete.
Step 5.2: Resolving conflicts...
  Max number of conflicting assignments: 6
  Total number of conflicting assignments: 496
Step 5.3: Weeding assignments (iterative)...
  Baseline: Step1=4296, Step2=64, Step3=920, Accepted=1246
  Iteration 1: Step1=4296, Step2=64, Step3=920, Accepted=1246
  Iteration 1: 0 changes (+0 accepted, -0 rejected)
  Converged after 1 iteration(s).
  Blacklisted 6160 oscillating transition(s) (cumulative).
Weeding complete. Decisions made: 4296 in Step1, 64 in Step2, 920 in Step3
  Total number of accepted assignments: 1246
  Blacklisted 8 transition(s) oscillating between cycles.
  Accepted assignments: 1246, max energy change in optimization: 0.317054 cm^-1
Step 5 cycle 14:
Step 5.1: Matching observed lines to transitions & grading...
  Matching complete.
Step 5.2: Resolving conflicts...
  Max number of conflicting assignments: 6
  Total number of conflicting assignments: 498
Step 5.3: Weeding assignments (iterative)...
  Baseline: Step1=4284, Step2=67, Step3=925, Accepted=1244
  Iteration 1: Step1=4284, Step2=67, Step3=925, Accepted=1244
  Iteration 1: 0 changes (+0 accepted, -0 rejected)
  Converged after 1 iteration(s).
  Blacklisted 6168 oscillating transition(s) (cumulative).
Weeding complete. Decisions made: 4284 in Step1, 67 in Step2, 925 in Step3
  Total number of accepted assignments: 1244
  Blacklisted 3 transition(s) oscillating between cycles.
  Accepted assignments: 1244, max energy change in optimization: 0.046188 cm^-1
Step 5 cycle 15:
Step 5.1: Matching observed lines to transitions & grading...
  Matching complete.
Step 5.2: Resolving conflicts...
  Max number of conflicting assignments: 6
  Total number of conflicting assignments: 501
Step 5.3: Weeding assignments (iterative)...
  Baseline: Step1=4293, Step2=65, Step3=925, Accepted=1241
  Iteration 1: Step1=4293, Step2=65, Step3=925, Accepted=1241
  Iteration 1: 0 changes (+0 accepted, -0 rejected)
  Converged after 1 iteration(s).
  Blacklisted 6171 oscillating transition(s) (cumulative).
Weeding complete. Decisions made: 4293 in Step1, 65 in Step2, 925 in Step3
  Total number of accepted assignments: 1241
  Blacklisted 4 transition(s) oscillating between cycles.
  Accepted assignments: 1241, max energy change in optimization: 0.059530 cm^-1
Step 5 cycle 16:
Step 5.1: Matching observed lines to transitions & grading...
  Matching complete.
Step 5.2: Resolving conflicts...
  Max number of conflicting assignments: 6
  Total number of conflicting assignments: 502
Step 5.3: Weeding assignments (iterative)...
  Baseline: Step1=4294, Step2=61, Step3=920, Accepted=1240
  Iteration 1: Step1=4294, Step2=61, Step3=920, Accepted=1240
  Iteration 1: 0 changes (+0 accepted, -0 rejected)
  Converged after 1 iteration(s).
  Blacklisted 6175 oscillating transition(s) (cumulative).
Weeding complete. Decisions made: 4294 in Step1, 61 in Step2, 920 in Step3
  Total number of accepted assignments: 1240
  Accepted assignments: 1240, max energy change in optimization: 0.433349 cm^-1
Step 5 cycle 17:
Step 5.1: Matching observed lines to transitions & grading...
  Matching complete.
Step 5.2: Resolving conflicts...
  Max number of conflicting assignments: 6
  Total number of conflicting assignments: 503
Step 5.3: Weeding assignments (iterative)...
  Baseline: Step1=4281, Step2=62, Step3=934, Accepted=1234
  Iteration 1: Step1=4281, Step2=62, Step3=934, Accepted=1234
  Iteration 1: 0 changes (+0 accepted, -0 rejected)
  Converged after 1 iteration(s).
  Blacklisted 6175 oscillating transition(s) (cumulative).
Weeding complete. Decisions made: 4281 in Step1, 62 in Step2, 934 in Step3
  Total number of accepted assignments: 1234
  Blacklisted 3 transition(s) oscillating between cycles.
  Accepted assignments: 1234, max energy change in optimization: 0.659664 cm^-1
Step 5 cycle 18:
Step 5.1: Matching observed lines to transitions & grading...
  Matching complete.
Step 5.2: Resolving conflicts...
  Max number of conflicting assignments: 6
  Total number of conflicting assignments: 488
Step 5.3: Weeding assignments (iterative)...
  Baseline: Step1=4253, Step2=59, Step3=929, Accepted=1230
  Iteration 1: Step1=4253, Step2=59, Step3=929, Accepted=1230
  Iteration 1: 0 changes (+0 accepted, -0 rejected)
  Converged after 1 iteration(s).
  Blacklisted 6178 oscillating transition(s) (cumulative).
Weeding complete. Decisions made: 4253 in Step1, 59 in Step2, 929 in Step3
  Total number of accepted assignments: 1230
  Blacklisted 16 transition(s) oscillating between cycles.
  Accepted assignments: 1230, max energy change in optimization: 0.360918 cm^-1
Step 5 cycle 19:
Step 5.1: Matching observed lines to transitions & grading...
  Matching complete.
Step 5.2: Resolving conflicts...
  Max number of conflicting assignments: 6
  Total number of conflicting assignments: 487
Step 5.3: Weeding assignments (iterative)...
  Baseline: Step1=4258, Step2=59, Step3=913, Accepted=1232
  Iteration 1: Step1=4258, Step2=59, Step3=913, Accepted=1232
  Iteration 1: 0 changes (+0 accepted, -0 rejected)
  Converged after 1 iteration(s).
  Blacklisted 6194 oscillating transition(s) (cumulative).
Weeding complete. Decisions made: 4258 in Step1, 59 in Step2, 913 in Step3
  Total number of accepted assignments: 1232
  Blacklisted 9 transition(s) oscillating between cycles.
  Accepted assignments: 1232, max energy change in optimization: 0.031596 cm^-1
Step 5 cycle 20:
Step 5.1: Matching observed lines to transitions & grading...
  Matching complete.
Step 5.2: Resolving conflicts...
  Max number of conflicting assignments: 6
  Total number of conflicting assignments: 485
Step 5.3: Weeding assignments (iterative)...
  Baseline: Step1=4249, Step2=59, Step3=923, Accepted=1229
  Iteration 1: Step1=4249, Step2=59, Step3=923, Accepted=1229
  Iteration 1: 0 changes (+0 accepted, -0 rejected)
  Converged after 1 iteration(s).
  Blacklisted 6203 oscillating transition(s) (cumulative).
Weeding complete. Decisions made: 4249 in Step1, 59 in Step2, 923 in Step3
  Total number of accepted assignments: 1229
  Accepted assignments: 1229, max energy change in optimization: 0.060544 cm^-1
  Building output...
============================================================
Done.
============================================================

SHIFT +11.3 cm^-1 (0.1 min): candidates=5231, accepted=1229 (new=1229, old=0)
    levels by number of accepted-new lines  1:  36 2:  88 3: 138 4:  98 5:  56 6:  56 7:  27 8:  64   (8 = 8 or more)

============================================================
CHANCE-COINCIDENCE SUMMARY
============================================================
shift -11.3: candidates=5196, accepted=1253 (new=1253, old=0)
    levels by number of accepted-new lines  1:  38 2: 101 3: 117 4:  85 5:  58 6:  48 7:  29 8:  82   (8 = 8 or more)
shift -9.7: candidates=5235, accepted=1231 (new=1231, old=0)
    levels by number of accepted-new lines  1:  51 2: 105 3: 124 4:  94 5:  63 6:  44 7:  30 8:  68   (8 = 8 or more)
shift -8.3: candidates=5156, accepted=1251 (new=1251, old=0)
    levels by number of accepted-new lines  1:  44 2:  97 3: 116 4: 105 5:  72 6:  41 7:  25 8:  71   (8 = 8 or more)
shift -6.9: candidates=5006, accepted=1276 (new=1276, old=0)
    levels by number of accepted-new lines  1:  42 2: 123 3: 113 4:  92 5:  69 6:  42 7:  34 8:  71   (8 = 8 or more)
shift +6.9: candidates=4961, accepted=1290 (new=1290, old=0)
    levels by number of accepted-new lines  1:  39 2:  83 3: 129 4:  91 5:  56 6:  43 7:  36 8:  83   (8 = 8 or more)
shift +8.3: candidates=5103, accepted=1258 (new=1258, old=0)
    levels by number of accepted-new lines  1:  46 2:  87 3: 127 4: 102 5:  54 6:  44 7:  32 8:  77   (8 = 8 or more)
shift +9.7: candidates=5250, accepted=1222 (new=1222, old=0)
    levels by number of accepted-new lines  1:  38 2:  96 3: 143 4: 100 5:  64 6:  36 7:  26 8:  68   (8 = 8 or more)
shift +11.3: candidates=5231, accepted=1229 (new=1229, old=0)
    levels by number of accepted-new lines  1:  36 2:  88 3: 138 4:  98 5:  56 6:  56 7:  27 8:  64   (8 = 8 or more)

Chance-accepted NEW classifications per run: mean = 1251.2, std = 23.7, range = 1222..1290

Mean number of levels acquiring n chance-accepted new lines per run:
  n = 1 :  41.75 levels   (>= 1: 569.62)
  n = 2 :  97.50 levels   (>= 2: 527.88)
  n = 3 : 125.88 levels   (>= 3: 430.38)
  n = 4 :  95.88 levels   (>= 4: 304.50)
  n = 5 :  61.50 levels   (>= 5: 208.62)
  n = 6 :  44.25 levels   (>= 6: 147.12)
  n = 7 :  29.88 levels   (>= 7: 102.88)
  n = 8+:  73.00 levels   (>= 8:  73.00)

Real (unshifted) run, for comparison [F:\UMD\AI\as-ai\LineClass\line_classifications.csv]:
real: candidates=7596, accepted=4880 (new=1465, old=3415)
    levels by number of accepted-new lines  1:  65 2:  78 3:  91 4:  63 5:  62 6:  55 7:  31 8: 120   (8 = 8 or more)
    levels by number of ALL accepted lines   1:   8 2:  22 3:  36 4:  26 5:  39 6:  30 7:  30 8: 402   (8 = 8 or more)

Written: F:\UMD\AI\as-ai\LineClass\chance_mc_summary.csv (+ .xlsx twin)
Written: F:\UMD\AI\as-ai\LineClass\chance_mc_levels.csv (+ .xlsx twin)
Written: F:\UMD\AI\as-ai\LineClass\chance_mc_lines.csv (+ .xlsx twin)
