row,wn,lambda,I_old,P_old,I_original,P_new,I_new
2,9328.7770,10719.5188,771.576,-6.473928,500,-6.474649,771.02
3,9682.9600,10327.4205,3057.26,-5.097090,500,-5.076437,3121.05
4,9704.5844,10304.4083,3262.11,-5.032235,500,-5.010509,3333.76
5,9764.2593,10241.4322,3863.11,-4.863135,500,-4.838569,3959.19
6,9839.4991,10163.1190,4688.39,-4.669519,500,-4.641624,4821.01
7,9966.2663,10033.8479,6209.75,-4.388487,500,-4.355578,6417.51
8,10006.1086,9993.8951,6710.59,-4.310922,500,-4.276583,6945.02
9,10022.1933,9977.8558,345.73,-4.280974,25,-4.246077,358.008
10,10063.3187,9937.0797,743.91,-4.207858,50,-4.171581,771.393
11,10095.6695,9905.2371,392.647,-4.153719,25,-4.116405,407.575
12,10101.4065,9899.6115,1188.95,-4.144420,75,-4.106927,1234.37
13,10121.8610,9879.6062,1228.14,-4.111990,75,-4.073866,1275.86
14,10194.6599,9809.0570,3187.9,-4.005423,175,-3.965187,3318.79
15,10198.1864,9805.6651,2745.7,-4.000600,150,-3.960266,2858.71
16,10221.7517,9783.0590,472.241,-3.969142,25,-3.928170,491.992
17,10255.9388,9750.4482,493.136,-3.925845,25,-3.883982,514.219
18,10273.9460,9733.3585,503.966,-3.904123,25,-3.861807,525.749
19,10276.1711,9731.2510,505.294,-3.901490,25,-3.859118,527.165
20,10282.6502,9725.1193,509.152,-3.893885,25,-3.851354,531.274
21,10305.0027,9704.0246,522.315,-3.868361,25,-3.825290,545.303
22,10319.2519,9690.6250,530.582,-3.852657,25,-3.809251,554.12
23,10356.8168,9655.4764,1103.75,-3.813312,50,-3.769055,1153.69
24,10371.2667,9642.0238,559.856,-3.798951,25,-3.754379,585.375
25,10435.8299,9582.3716,2375.86,-3.739809,100,-3.693911,2487.45
26,10468.5881,9552.3865,4271.57,-3.712806,175,-3.666285,4474.98
27,10491.4875,9531.5368,1242.28,-3.695074,50,-3.648137,1301.98
28,10511.9876,9512.9488,630.59,-3.679975,25,-3.632679,661.131
29,10516.2957,9509.0517,632.536,-3.676894,25,-3.629524,663.22
30,10541.2736,9486.5197,643.545,-3.659639,25,-3.611852,675.045
31,10573.6693,9457.4548,1314.22,-3.638779,50,-3.590476,1379.26
32,10583.3215,9448.8295,1982.98,-3.632887,75,-3.584436,2081.42
33,10594.0812,9439.2329,665.236,-3.626489,25,-3.577876,698.374
34,10599.8110,9434.1305,2002.37,-3.623154,75,-3.574457,2102.3
35,10606.7542,9427.9549,670.116,-3.619181,25,-3.570382,703.628
36,10648.3358,9391.1388,4796.57,-3.596885,175,-3.547506,5039.36
37,10653.2093,9386.8427,686.904,-3.594437,25,-3.544993,721.721
38,10657.4635,9383.0957,688.354,-3.592328,25,-3.542827,723.285
39,10660.9663,9380.0128,4826.76,-3.590610,175,-3.541064,5071.93
40,10665.3154,9376.1878,690.993,-3.588501,25,-3.538899,726.132
41,10676.1058,9366.7112,694.538,-3.583384,25,-3.533643,729.959
42,10682.6425,9360.9797,696.64,-3.580363,25,-3.530539,732.228
43,10686.5674,9357.5417,697.885,-3.578576,25,-3.528705,733.573
44,10710.2007,9336.8932,7051.21,-3.568262,250,-3.518105,7413.9
45,10726.0513,9323.0955,3548.6,-3.561760,125,-3.511419,3731.81
46,10729.4081,9320.1786,710.668,-3.560425,25,-3.510046,747.388
47,10741.8289,9309.4017,2142.29,-3.555611,75,-3.505094,2253.3
48,10766.0240,9288.4801,2161.27,-3.546793,75,-3.496018,2273.84
49,10789.6938,9268.1036,7261.58,-3.538863,250,-3.487849,7641.64
50,10800.4726,9258.8541,728.624,-3.535474,25,-3.484355,766.838
51,10834.1362,9230.0852,735.738,-3.525757,25,-3.474331,774.564
52,10840.2836,9224.8509,5895.54,-3.524122,200,-3.472642,6206.98
53,10851.4241,9215.3803,739.051,-3.521264,25,-3.469691,778.166
54,10893.3391,9179.9217,1492.29,-3.511712,50,-3.459809,1571.79
55,10922.5251,9155.3921,1500.63,-3.506136,50,-3.454027,1580.9
56,10947.6201,9134.4054,7534.14,-3.502016,250,-3.449745,7938.43
57,10958.3818,9125.4350,754.607,-3.500434,25,-3.448098,795.152
58,10986.0148,9102.4818,7573.05,-3.496865,250,-3.444373,7981.19
59,10986.9131,9101.7376,757.384,-3.496761,25,-3.444264,798.206
60,11003.5322,9087.9908,2276.25,-3.494960,75,-3.442378,2399.14
61,11013.3424,9079.8956,1518.94,-3.494011,50,-3.441381,1601.02
62,11025.2952,9070.0519,760.262,-3.492967,25,-3.440281,801.392
63,11055.9260,9044.9231,1523.76,-3.490839,50,-3.438023,1606.41
64,11064.2695,9038.1023,1524.45,-3.490392,50,-3.437544,1607.18
65,11088.0184,9018.7440,1525.93,-3.489421,50,-3.436490,1608.87
66,11156.7135,8963.2131,1526.58,-3.488991,50,-3.435880,1609.85
67,11174.0380,8949.3163,1525.95,-3.489408,50,-3.436265,1609.23
68,11221.9037,8911.1440,3045.27,-3.491579,100,-3.438379,3211.67
69,11237.5528,8898.7346,1521.09,-3.492599,50,-3.439389,1604.21
70,11250.3494,8888.6128,3799.13,-3.493541,125,-3.440326,4006.78
71,11280.6614,8864.7284,757.848,-3.496148,25,-3.442933,799.27
72,11291.1623,8856.4842,30283,-3.497170,1000,-3.443959,31938
73,11397.5807,8773.7918,14938.4,-3.510675,500,-3.457604,15752.6
74,11407.7901,8765.9397,149.149,-3.512247,5,-3.459199,157.275
75,11429.2333,8749.4933,148.636,-3.515691,5,-3.462697,156.726
76,11439.0468,8741.9872,148.393,-3.517330,5,-3.464363,156.465
77,11470.4724,8718.0367,147.579,-3.522831,5,-3.469959,155.591
78,11473.0051,8716.1123,1327.6,-3.523290,45,-3.470427,1399.67
79,11476.0922,8713.7676,147.428,-3.523854,5,-3.471001,155.429
80,11477.7734,8712.4913,1179.06,-3.524162,40,-3.471315,1243.05
81,11488.4624,8704.3851,147.091,-3.526145,5,-3.473335,155.067
82,11502.2275,8693.9682,14670.7,-3.528758,500,-3.475999,15465.5
83,11511.3951,8687.0444,146.446,-3.530534,5,-3.477810,154.375
84,11513.7962,8685.2328,146.378,-3.531004,5,-3.478289,154.301
85,11516.4382,8683.2403,146.302,-3.531523,5,-3.478819,154.219
86,11522.1363,8678.9461,1169.09,-3.532651,40,-3.479970,1232.33
87,11523.3594,8678.0249,292.202,-3.532894,10,-3.480218,308.007
88,11531.2133,8672.1143,1021.1,-3.534469,35,-3.481825,1076.29
89,11558.8927,8651.3477,145.042,-3.540171,5,-3.487648,152.863
90,11562.6775,8648.5159,144.926,-3.540968,5,-3.488463,152.739
91,11593.9628,8625.1786,143.952,-3.547716,5,-3.495362,151.689
92,11618.4100,8607.0297,286.337,-3.553171,10,-3.500946,301.688
93,11621.0151,8605.1002,143084,-3.553762,5000,-3.501550,150753
94,11625.2205,8601.9873,571.789,-3.554718,20,-3.502529,602.422
95,11628.4090,8599.6287,571.373,-3.555446,20,-3.503275,601.973
96,11631.2177,8597.5521,1284.76,-3.556089,45,-3.503934,1353.55
97,11632.8161,8596.3708,142.699,-3.556456,5,-3.504309,150.338
98,11668.6378,8569.9806,5660.35,-3.564832,200,-3.512894,5962.11
99,11672.1335,8567.4140,565.564,-3.565664,20,-3.513747,595.702
100,11680.1533,8561.5314,141.12,-3.567583,5,-3.515716,148.633
101,11680.5383,8561.2493,282.214,-3.567675,10,-3.515811,297.237
102,11695.0413,8550.6325,140.613,-3.571180,5,-3.519406,148.085
103,11698.6323,8548.0078,140.49,-3.572054,5,-3.520303,147.952
104,11710.2156,8539.5524,840.556,-3.574889,30,-3.523214,885.134
105,11711.6299,8538.5212,140.044,-3.575237,5,-3.523571,147.47
106,11734.5555,8521.8396,1253.25,-3.580925,45,-3.529414,1319.49
107,11747.5942,8512.3812,416.384,-3.584199,15,-3.532779,438.354
108,11747.7366,8512.2780,138.79,-3.584234,5,-3.532816,146.113
109,11749.7206,8510.8407,554.88,-3.584735,20,-3.533330,584.15
110,11752.9584,8508.4960,277.213,-3.585553,10,-3.534171,291.829
111,11753.8924,8507.8199,138.574,-3.585789,5,-3.534414,145.879
112,11765.6227,8499.3376,690.809,-3.588768,25,-3.537478,727.165
113,11768.4164,8497.3200,2761.27,-3.589481,100,-3.538210,2906.53
114,11772.9619,8494.0392,137.903,-3.590642,5,-3.539405,145.153
115,11777.6305,8490.6722,137.738,-3.591838,5,-3.540636,144.974
116,11779.3428,8489.4379,137.678,-3.592277,5,-3.541088,144.909
117,11782.0569,8487.4823,137.582,-3.592975,5,-3.541805,144.805
118,11793.5304,8479.2252,137.175,-3.595933,5,-3.544850,144.365
119,11830.7339,8452.5610,950.959,-3.605632,35,-3.554840,1000.51
120,11831.8080,8451.7937,271.626,-3.605914,10,-3.555131,285.776
121,11835.5984,8449.0870,135.678,-3.606911,5,-3.556159,142.741
122,11840.7934,8445.3800,677.46,-3.608280,25,-3.557570,712.701
123,11842.9395,8443.8496,406.246,-3.608846,15,-3.558153,427.371
124,11860.1250,8431.6143,269.602,-3.613395,10,-3.562845,283.58
125,11866.6825,8426.9551,269.132,-3.615138,10,-3.564642,283.071
126,11874.2302,8421.5986,268.592,-3.617148,10,-3.566716,282.485
127,11888.6164,8411.4078,2675.62,-3.620990,100,-3.570682,2813.66
128,11890.1675,8410.3105,1203.53,-3.621405,45,-3.571111,1265.61
129,11890.6568,8409.9644,1203.37,-3.621536,45,-3.571246,1265.44
130,11891.8348,8409.1313,801.994,-3.621851,30,-3.571572,843.349
131,11899.1327,8403.9738,667.022,-3.623807,25,-3.573592,701.372
132,11915.4891,8392.4377,796.917,-3.628203,30,-3.578133,837.834
133,11934.8677,8378.8110,660.636,-3.633427,25,-3.583534,694.434
134,11942.7677,8373.2685,1186.61,-3.635562,45,-3.585741,1247.23
135,11956.9199,8363.3578,131.342,-3.639391,5,-3.589703,138.033
136,11960.0626,8361.1603,524.92,-3.640242,20,-3.590584,551.645
137,11966.7998,8356.4530,130.991,-3.642068,5,-3.592473,137.651
138,11981.1801,8346.4233,130.481,-3.645967,5,-3.596511,137.096
139,12004.6668,8330.0938,388.955,-3.652342,15,-3.603115,408.581
140,12046.2130,8301.3641,128.198,-3.663617,5,-3.614811,134.61
141,12047.3525,8300.5789,640.792,-3.663925,25,-3.615132,672.835
142,12082.8745,8276.1763,126.932,-3.673539,5,-3.625119,133.23
143,12100.3613,8264.2161,1010.68,-3.678256,40,-3.630025,1060.62
144,12112.2140,8256.1289,125.933,-3.681446,5,-3.633343,132.138
145,12117.5344,8252.5039,377.258,-3.682875,15,-3.634831,395.826
146,12125.3959,8247.1534,6274.39,-3.684984,250,-3.637027,6582.63
147,12139.4730,8237.5899,3750.48,-3.688752,150,-3.640952,3934.1
148,12154.3143,8227.5312,124.522,-3.692711,5,-3.645078,130.597
149,12160.7605,8223.1700,124.309,-3.694425,5,-3.646866,130.364
150,12172.3317,8215.3529,123.928,-3.697495,5,-3.650069,129.947
151,12181.2839,8209.3153,123.635,-3.699863,5,-3.652540,129.626
152,12199.0018,8197.3920,861.412,-3.704530,35,-3.657414,902.97
153,12208.5704,8190.9672,1104.76,-3.707039,45,-3.660035,1157.92
154,12209.6261,8190.2590,613.583,-3.707315,25,-3.660324,643.104
155,12227.7257,8178.1357,977.111,-3.712035,40,-3.665259,1023.9
156,12227.9514,8177.9848,610.658,-3.712093,25,-3.665321,639.899
157,12236.8000,8172.0711,487.407,-3.714388,20,-3.667722,510.691
158,12240.5216,8169.5865,973.876,-3.715351,40,-3.668730,1020.35
159,12284.1361,8140.5806,2407.65,-3.726518,100,-3.680433,2521.21
160,12292.6596,8134.9361,120.123,-3.728673,5,-3.682695,125.775
161,12293.3656,8134.4689,9608.17,-3.728851,400,-3.682882,10060.2
162,12312.5878,8121.7695,5976.2,-3.733676,250,-3.687949,6255.82
163,12319.0130,8117.5335,954.662,-3.735277,40,-3.689632,999.248
164,12326.2201,8112.7871,833.836,-3.737067,35,-3.691514,872.698
165,12332.7206,8108.5110,118.928,-3.738675,5,-3.693205,124.46
166,12336.6713,8105.9143,237.624,-3.739649,10,-3.694230,248.666
167,12337.8619,8105.1321,71266.5,-3.739942,3000,-3.694538,74576.8
168,12342.9984,8101.7591,118.628,-3.741204,5,-3.695867,124.13
169,12345.6964,8099.9886,118.549,-3.741866,5,-3.696564,124.043
170,12348.0202,8098.4643,118.482,-3.742434,5,-3.697163,123.969
171,12389.4336,8071.3940,586.515,-3.752433,25,-3.707705,613.344
172,12389.5995,8071.2859,821.089,-3.752472,35,-3.707747,858.646
173,12391.0536,8070.3387,469.031,-3.752818,20,-3.708112,490.476
174,12407.0990,8059.9018,584.068,-3.756613,25,-3.712121,610.641
175,12426.5243,8047.3025,348.855,-3.761148,15,-3.716919,364.631
176,12436.6930,8040.7227,348.037,-3.763496,15,-3.719405,363.726
177,12473.5262,8016.9792,115.048,-3.771840,5,-3.728257,120.173
178,12480.5225,8012.4851,344.609,-3.773396,15,-3.729910,359.925
179,12493.1929,8004.3589,343.647,-3.776190,15,-3.732881,358.857
180,12494.7764,8003.3445,5725.47,-3.776536,250,-3.733250,5978.75
181,12499.2628,8000.4718,114.397,-3.777516,5,-3.734293,119.45
182,12501.5559,7999.0043,1029.06,-3.778016,45,-3.734825,1074.48
183,12516.3340,7989.5599,455.903,-3.781208,20,-3.738227,475.925
184,12531.2996,7980.0183,227.226,-3.784395,10,-3.741627,237.155
185,12539.2779,7974.9409,22684.5,-3.786075,1000,-3.743421,23673
186,12559.3595,7962.1894,338.852,-3.790243,15,-3.747879,353.515
187,12561.0322,7961.1292,112.912,-3.790586,5,-3.748246,117.795
188,12564.0254,7959.2326,1128.43,-3.791199,50,-3.748902,1177.18
189,12578.0655,7950.3482,112.522,-3.794046,5,-3.751954,117.359
190,12582.6294,7947.4645,1124.19,-3.794962,50,-3.752937,1172.44
191,12586.6245,7944.9419,224.658,-3.795760,10,-3.753793,234.287
192,12587.7197,7944.2506,112.305,-3.795978,5,-3.754027,117.116
193,12593.1394,7940.8317,448.736,-3.797053,20,-3.755182,467.924
194,12596.4603,7938.7381,448.442,-3.797709,20,-3.755887,467.594
195,12608.6407,7931.0691,1118.44,-3.800091,50,-3.758450,1165.99
196,12609.2196,7930.7049,447.324,-3.800204,20,-3.758570,466.341
197,12614.6164,7927.3120,335.143,-3.801248,15,-3.759694,349.363
198,12617.7496,7925.3435,2232.94,-3.801850,100,-3.760344,2327.57
199,12622.4428,7922.3968,557.734,-3.802749,25,-3.761313,581.33
200,12632.3556,7916.1800,22267.4,-3.804631,1000,-3.763342,23206.1
201,12634.3494,7914.9307,556.477,-3.805006,25,-3.763747,579.916
202,12644.0392,7908.8650,333.282,-3.806818,15,-3.765704,347.27
203,12658.4415,7899.8667,553.999,-3.809468,25,-3.768572,577.125
204,12659.4097,7899.2625,8862.43,-3.809644,400,-3.768763,9232.24
205,12665.5249,7895.4485,221.315,-3.810753,10,-3.769964,230.529
206,12673.8101,7890.2870,22098.6,-3.812239,1000,-3.771576,23015.8
207,12685.1506,7883.2331,110.272,-3.814247,5,-3.773757,114.828
208,12691.5278,7879.2720,550.744,-3.815361,25,-3.774969,573.445
209,12692.3945,7878.7340,330.397,-3.815512,15,-3.775133,344.011
210,12699.4741,7874.3418,109.998,-3.816735,5,-3.776465,114.518
211,12709.2206,7868.3031,32944.4,-3.818398,1500,-3.778278,34293
212,12716.9079,7863.5468,329.018,-3.819693,15,-3.779691,342.446
213,12727.3777,7857.0780,875.858,-3.821431,40,-3.781592,911.456
214,12728.7712,7856.2179,328.371,-3.821660,15,-3.781842,341.71
215,12728.9138,7856.1299,437.818,-3.821684,20,-3.781868,455.602
216,12731.0632,7854.8035,765.912,-3.822036,35,-3.782254,796.996
217,12740.5985,7848.9249,436.987,-3.823585,20,-3.783951,454.654
218,12741.1602,7848.5788,764.658,-3.823675,35,-3.784050,795.565
219,12743.5736,7847.0924,873.556,-3.824063,40,-3.784476,908.831
220,12772.0516,7829.5957,978.381,-3.828519,45,-3.789379,1017.43
221,12772.9849,7829.0236,108.693,-3.828661,5,-3.789536,113.03
222,12775.3109,7827.5981,543.275,-3.829015,25,-3.789927,564.932
223,12777.0220,7826.5499,977.642,-3.829274,45,-3.790213,1016.59
224,12778.6339,7825.5626,108.6,-3.829518,5,-3.790482,112.924
225,12780.5126,7824.4123,977.128,-3.829800,45,-3.790794,1015.99
226,12781.3148,7823.9212,868.453,-3.829921,40,-3.790927,902.986
227,12783.0914,7822.8339,976.75,-3.830187,45,-3.791222,1015.56
228,12786.1747,7820.9474,650.867,-3.830647,30,-3.791730,676.696
229,12789.0307,7819.2009,542.16,-3.831070,25,-3.792199,563.649
230,12792.8177,7816.8862,4334.86,-3.831629,200,-3.792818,4506.41
231,12796.2726,7814.7757,758.217,-3.832134,35,-3.793378,788.179
232,12798.8267,7813.2162,649.658,-3.832506,30,-3.793791,675.303
233,12800.8800,7811.9629,865.954,-3.832803,40,-3.794121,900.107
234,12801.2619,7811.7299,519.543,-3.832859,25,-3.794182,562.533
235,12802.1866,7811.1656,865.79,-3.832992,40,-3.794330,899.919
236,12803.0521,7810.6376,649.262,-3.833117,30,-3.794469,674.846
237,12807.4937,7807.9289,216.283,-3.833754,10,-3.795176,224.789
238,12811.5478,7805.4581,216.158,-3.834330,10,-3.795818,224.645
239,12826.2948,7796.4838,862.856,-3.836387,40,-3.798111,896.523
240,12831.7227,7793.1859,107.777,-3.837128,5,-3.798940,111.972
241,12835.5202,7790.8802,430.887,-3.837642,20,-3.799515,447.633
242,12840.3125,7787.9725,430.61,-3.838285,20,-3.800235,447.31
243,12841.3037,7787.3713,107.638,-3.838417,5,-3.800383,111.811
244,12846.6569,7784.1263,64537.3,-3.839125,3000,-3.801177,67033.3
245,12849.7048,7782.2800,967.672,-3.839524,45,-3.801626,1005.05
246,12852.0141,7780.8816,107.487,-3.839825,5,-3.801964,111.634
247,12869.5414,7770.2847,536.236,-3.842058,25,-3.804482,556.768
248,12870.6896,7769.5915,107.232,-3.842201,5,-3.804644,111.336
249,12872.3716,7768.5762,750.466,-3.842410,35,-3.804880,779.165
250,12876.6824,7765.9755,107.152,-3.842941,5,-3.805482,111.242
251,12879.9855,7763.9839,321.327,-3.843345,15,-3.805940,333.574
252,12881.3512,7763.1607,107.091,-3.843511,5,-3.806128,111.171
253,12882.3238,7762.5746,107.079,-3.843629,5,-3.806262,111.156
254,12888.0118,7759.1487,321.017,-3.844312,15,-3.807038,333.208
255,12890.5610,7757.6142,2139.46,-3.844615,100,-3.807383,2220.62
256,12892.5061,7756.4438,10438.2,-3.844845,500,-3.807645,11100.2
257,12897.8653,7753.2210,106.881,-3.845473,5,-3.808361,110.923
258,12906.1906,7748.2197,213.558,-3.846431,10,-3.809456,221.602
259,12907.0155,7747.7245,5338.45,-3.846525,250,-3.809564,5539.46
260,12912.4467,7744.4656,10670.4,-3.847137,500,-3.810266,11071.1
261,12916.6058,7741.9719,746.58,-3.847600,35,-3.810797,774.568
262,12923.2611,7737.9850,213.153,-3.848330,10,-3.811637,221.119
263,12924.0614,7737.5058,959.105,-3.848417,45,-3.811737,994.938
264,12925.8911,7736.4105,426.185,-3.848615,20,-3.811965,442.094
265,12936.2711,7730.2029,106.429,-3.849717,5,-3.813241,110.383
266,12938.2919,7728.9955,212.813,-3.849928,10,-3.813485,220.711
267,12942.7777,7726.3167,638.142,-3.850392,30,-3.814023,661.778
268,12943.5148,7725.8767,425.396,-3.850467,20,-3.814111,441.146
269,12948.2994,7723.0219,425.189,-3.850954,20,-3.814677,440.897
270,12972.8289,7708.4189,106.044,-3.853335,5,-3.817469,109.917
271,12978.8094,7704.8670,105.986,-3.853887,5,-3.818122,109.845
272,12985.5307,7700.8789,741.452,-3.854493,35,-3.818842,768.363
273,12988.1827,7699.3065,741.277,-3.854729,35,-3.819122,768.147
274,12994.1504,7695.7705,105.841,-3.855251,5,-3.819744,109.667
275,13005.1834,7689.2418,951.684,-3.856185,45,-3.820866,985.897
276,13010.6876,7685.9889,951.254,-3.856637,45,-3.821411,985.36
277,13013.0467,7684.5955,105.675,-3.856827,5,-3.821641,109.459
278,13013.4904,7684.3335,105.671,-3.856863,5,-3.821685,109.454
279,13015.5965,7683.0901,316.96,-3.857031,15,-3.821889,328.296
280,13026.3315,7676.7584,4222.6,-3.857867,200,-3.822907,4372.83
281,13033.1107,7672.7653,2110.22,-3.858376,100,-3.823531,2185.05
282,13044.1198,7666.2896,316.283,-3.859170,15,-3.824514,327.436
283,13050.0435,7662.8097,210.768,-3.859580,10,-3.825026,218.179
284,13071.1261,7650.4502,2104.8,-3.860949,100,-3.826757,2178.01
285,13081.0217,7644.6628,631.067,-3.861540,30,-3.827519,652.906
286,13087.8015,7640.7027,105.137,-3.861927,5,-3.828023,108.763
287,13093.8560,7637.1697,1051.02,-3.862259,50,-3.828460,1087.15
288,13110.0566,7627.7321,2100.31,-3.863087,100,-3.829569,2171.9
289,13115.4674,7624.5853,104.988,-3.863344,5,-3.829921,108.557
290,13153.2990,7602.6554,104.829,-3.864862,5,-3.832101,108.32
291,13160.4900,7598.5013,6288.28,-3.865095,300,-3.832460,6496.88
292,13172.8055,7591.3973,104.767,-3.865452,5,-3.833035,108.219
293,13173.9684,7590.7272,3142.92,-3.865483,150,-3.833087,3246.41
294,13177.2086,7588.8607,314.265,-3.865568,15,-3.833228,324.595
295,13182.4282,7585.8559,209.484,-3.865695,10,-3.833448,216.349
296,13217.8404,7565.5324,942.095,-3.866311,45,-3.834693,972.358
297,13241.8432,7551.8188,523.299,-3.866478,25,-3.835289,539.878
298,13242.7888,7551.2795,2093.19,-3.866480,100,-3.835308,2159.47
299,13250.9877,7546.6073,313.976,-3.866487,15,-3.835463,323.87
300,13272.2297,7534.5290,942.017,-3.866395,45,-3.835752,971.33
301,13277.2320,7531.6903,104.673,-3.866349,5,-3.835797,107.921
302,13278.1209,7531.1862,10467.4,-3.866340,500,-3.835804,10792
303,13284.2892,7527.6892,314.045,-3.866270,15,-3.835845,323.746
304,13287.5591,7525.8367,209.372,-3.866227,10,-3.835861,215.827
305,13300.4833,7518.5238,628.247,-3.866020,30,-3.835888,647.465
306,13303.6871,7516.7132,837.713,-3.865959,40,-3.835885,863.289
307,13305.9232,7515.4500,628.313,-3.865915,30,-3.835881,647.469
308,13309.8383,7513.2393,2094.55,-3.865832,100,-3.835870,2158.26
309,13318.3370,7508.4450,104.748,-3.865634,5,-3.835826,107.917
310,13322.8061,7505.9263,942.841,-3.865520,45,-3.835793,971.29
311,13332.7042,7500.3539,104.789,-3.865240,5,-3.835693,107.932
312,13341.7592,7495.2634,4192.79,-3.864952,200,-3.835571,4317.8
313,13352.0995,7489.4589,5242.9,-3.864587,250,-3.835395,5398.2
314,13367.0904,7481.0596,104.921,-3.863988,5,-3.835071,107.999
315,13394.0215,7466.0176,2101.11,-3.862703,100,-3.834281,2161.69
316,13394.6496,7465.6675,1050.59,-3.862669,50,-3.834259,1080.87
317,13406.3339,7459.1608,525.634,-3.862025,25,-3.833831,540.665
318,13409.3388,7457.4892,210.29,-3.861851,10,-3.833712,216.292
319,13413.6423,7455.0967,105.172,-3.861596,5,-3.833537,108.165
320,13426.8726,7447.7507,315.777,-3.860769,15,-3.832955,324.683
321,13451.3756,7434.1839,105.439,-3.859064,5,-3.831705,108.363
322,13456.0628,7431.5943,105.476,-3.858712,5,-3.831440,108.392
323,13456.9595,7431.0991,84386.4,-3.858644,4000,-3.831388,86718
324,13461.6308,7428.5205,42208.4,-3.858283,2000,-3.831115,43370.8
325,13467.2596,7425.4156,105.568,-3.857838,5,-3.830774,108.464
326,13510.9991,7401.3771,953.798,-3.853966,45,-3.827721,979.161
327,13513.7203,7399.8867,636.034,-3.853701,30,-3.827507,652.914
328,13539.1409,7385.9930,425.132,-3.851088,20,-3.825374,436.206
329,13541.1122,7384.9177,1063.06,-3.850875,50,-3.825198,1090.71
330,13564.8488,7371.9952,213.182,-3.848194,10,-3.822965,218.629
331,13574.9847,7366.4908,106.72,-3.846982,5,-3.821945,109.426
332,13591.4970,7357.5413,2138.8,-3.844924,100,-3.820200,2192.34
333,13595.2137,7355.5298,427.965,-3.844446,20,-3.819793,438.647
334,13595.3449,7355.4588,320.979,-3.844429,15,-3.819779,328.99
335,13600.5718,7352.6320,6423.96,-3.843747,300,-3.819196,6583.63
336,13602.1596,7351.7738,4283.54,-3.843538,200,-3.819018,4389.87
337,13611.8196,7346.5564,1072.27,-3.842245,50,-3.817908,1098.69
338,13613.3635,7345.7232,7185.72,-3.842035,350,-3.817727,7692.19
339,13618.9419,7342.7144,3219.95,-3.841268,150,-3.817067,3298.83
340,13648.0463,7327.0560,862.267,-3.837070,40,-3.813425,882.898
341,13716.6623,7290.4033,435.994,-3.825858,20,-3.803532,445.838
342,13722.2166,7287.4524,109.106,-3.824869,5,-3.802651,111.558
343,13741.7232,7277.1077,766.476,-3.821300,35,-3.799459,783.401
344,13765.9188,7264.3172,2200.11,-3.816663,100,-3.795290,2247.64
345,13807.9526,7242.2033,5547.84,-3.808052,250,-3.787498,5663.05
346,13811.6630,7240.2578,2220.9,-3.807259,100,-3.786776,2266.86
347,13815.8680,7238.0541,555.728,-3.806352,25,-3.785952,567.181
348,13824.3409,7233.6179,5567.56,-3.804504,250,-3.784269,5681.36
349,13845.5793,7222.5219,111.882,-3.799746,5,-3.779927,114.122
350,13862.3721,7213.7726,112.318,-3.795856,5,-3.776365,114.529
351,13876.3007,7206.5316,112.691,-3.792543,5,-3.773326,114.878
352,13900.2499,7194.1153,113.355,-3.786665,5,-3.767918,115.501
353,13920.2238,7183.7926,683.596,-3.781586,30,-3.763232,696.258
354,13928.9611,7179.2863,114.192,-3.779314,5,-3.761132,116.287
355,13947.5505,7169.7177,114.757,-3.774376,5,-3.756562,116.82
356,13951.6419,7167.6152,2297.68,-3.773271,100,-3.755537,2338.79
357,14005.7519,7139.9237,583.251,-3.758014,25,-3.741352,593.05
358,14018.0693,7133.6500,351.226,-3.754375,15,-3.737958,357.04
359,14055.8235,7114.4889,11843.4,-3.742839,500,-3.727173,12030.4
360,14077.1018,7103.7350,357.711,-3.736081,15,-3.720840,363.204
361,14105.9363,7089.2139,842.584,-3.726630,35,-3.711965,855.032
362,14112.4414,7085.9462,2412.63,-3.724452,100,-3.709916,2447.96
363,14121.2801,7081.5109,483.971,-3.721463,20,-3.707105,490.97
364,14127.1489,7078.5691,109112,-3.719462,4500,-3.705221,110677
365,14129.9540,7077.1639,2427.03,-3.718500,100,-3.704315,2461.71
366,14133.0523,7075.6124,485.925,-3.717434,20,-3.703311,492.836
367,14162.2108,7061.0445,613.647,-3.707211,25,-3.693673,622.011
368,14171.0096,7056.6602,1846.76,-3.704058,75,-3.690697,1871.6
369,14174.8512,7054.7478,123.288,-3.702672,5,-3.689387,124.937
370,14208.1735,7038.2024,124.811,-3.690393,5,-3.677779,126.395
371,14214.1227,7035.2565,500.363,-3.688153,20,-3.675658,506.654
372,14220.0445,7032.3268,125372,-3.685909,5000,-3.673534,126933
373,14225.9632,7029.4010,502.621,-3.683652,20,-3.671396,508.819
374,14243.0895,7020.9486,632.443,-3.677041,25,-3.665130,640.021
375,14323.0463,6981.7550,2613.2,-3.644593,100,-3.634298,2640.25
376,14332.7218,6977.0419,131.197,-3.640490,5,-3.630391,132.529
377,14333.5192,6976.6537,131.242,-3.640150,5,-3.630067,132.572
378,14334.2694,6976.2886,656.42,-3.639830,25,-3.629762,663.062
379,14341.2606,6972.8877,13167.8,-3.636837,500,-3.626911,13299.1
380,14343.6207,6971.7404,659.056,-3.635822,25,-3.625944,665.599
381,14380.8984,6953.6685,937.871,-3.619491,35,-3.610369,946.465
382,14416.5676,6936.4638,4084.91,-3.603335,150,-3.594938,4119.36
383,14437.5639,6926.3763,549.992,-3.593583,20,-3.585614,554.393
384,14437.9562,6926.1880,2062.85,-3.593399,75,-3.585438,2079.34
385,14456.1864,6917.4537,138.713,-3.584784,5,-3.577194,139.77
386,14461.4223,6914.9492,417.181,-3.582285,15,-3.574801,420.315
387,14467.4874,6912.0503,195252,-3.579376,7000,-3.572015,196694
388,14473.4901,6909.1836,419.609,-3.576482,15,-3.569244,422.657
389,14481.3645,6905.4266,14040.5,-3.572663,500,-3.565586,14140.2
390,14490.7325,6900.9624,28209.7,-3.568088,1000,-3.561201,28404.7
391,14528.3386,6883.0995,114.972,-3.549363,4,-3.543243,115.678
392,14530.9972,6881.8401,28.7816,-3.548017,1,-3.541952,28.9567
393,14550.6702,6872.5357,4420.61,-2.608068,60,-2.575436,4567.24
394,14552.7436,6871.5565,294.253,-2.609610,4,-2.576982,304.012
395,14558.8047,6868.6958,73233.6,-2.614102,1000,-2.581485,75661.6
396,14564.8902,6865.8259,291.624,-2.618586,4,-2.585981,301.289
397,14578.9741,6859.1932,14432,-2.628867,200,-2.596289,14910
398,14584.6554,6856.5213,7186.43,-2.632976,100,-2.600408,7424.33
399,14641.6116,6829.8492,13809.5,-2.672962,200,-2.640501,14265.1
400,14666.3325,6818.3372,2716.21,-2.689642,40,-2.657227,2805.7
401,14686.5187,6808.9656,67.0066,-2.702964,1,-2.670585,69.2117
402,14708.0519,6798.9969,2643.22,-2.716881,40,-2.684540,2730.1
403,14755.1079,6777.3140,64.1681,-2.746249,1,-2.713992,66.2718
404,14800.5701,6756.4965,1249.14,-2.773280,20,-2.741102,1289.98
405,14819.6335,6747.8052,247.107,-2.784229,4,-2.752083,255.179
406,14833.1101,6741.6745,551.779,-2.791832,9,-2.759710,569.791
407,14859.9799,6729.4842,6040.66,-2.806657,100,-2.774580,6237.57
408,14869.5480,6725.1540,60.095,-2.811829,1,-2.779767,62.0529
409,14879.9630,6720.4468,1195.23,-2.817395,20,-2.785351,1234.15
410,14885.6704,6717.8701,2979.05,-2.820417,50,-2.788383,3076.03
411,14900.1043,6711.3624,177.398,-2.827972,3,-2.795962,183.168
412,14905.3584,6708.9967,58.9721,-2.830691,1,-2.798689,60.8898
413,14906.3364,6708.5565,35365.4,-2.831195,600,-2.799195,36515.4
414,14912.5420,6705.7649,117.51,-2.834381,2,-2.802391,121.33
415,14938.5531,6694.0888,2899.5,-2.847486,50,-2.815538,2993.63
416,14959.7066,6684.6231,57.3923,-2.857846,1,-2.825932,59.2534
417,14984.2943,6673.6543,113.448,-2.869556,2,-2.837682,117.123
418,14984.7462,6673.4530,567.121,-2.869768,10,-2.837894,585.488
419,14985.7569,6673.0029,56.6852,-2.870242,1,-2.838370,58.521
420,14997.6067,6667.7305,56.3739,-2.875749,1,-2.843896,58.1985
421,15001.0023,6666.2212,562.859,-2.877312,10,-2.845464,581.073
422,15047.7257,6645.5225,55.1255,-2.898143,1,-2.866368,56.9052
423,15080.5277,6631.0677,217.463,-2.912022,4,-2.880297,224.472
424,15084.3664,6629.3802,2171.18,-2.913607,40,-2.881888,2241.16
425,15090.5730,6626.6536,1624.25,-2.916151,30,-2.884441,1676.58
426,15109.6515,6618.2863,5372.72,-2.923837,100,-2.892156,5545.65
427,15140.0045,6605.0178,53.0964,-2.935646,1,-2.904011,54.803
428,15162.0273,6595.4241,368.621,-2.943897,7,-2.912294,380.456
429,15189.5883,6583.4569,52.1386,-2.953850,1,-2.922286,53.8105
430,15193.2816,6581.8565,3124.25,-2.955152,60,-2.923594,3224.41
431,15195.9098,6580.7182,10404.6,-2.956074,200,-2.924520,10738.1
432,15228.6031,6566.5905,51.4453,-2.967237,1,-2.935729,53.092
433,15271.5905,6548.1065,1522.19,-2.981048,30,-2.949601,1570.82
434,15346.0026,6516.3550,49.6541,-3.002675,1,-2.971330,51.2351
435,15348.3988,6515.3376,496.218,-3.003324,10,-2.971983,512.017
436,15373.8708,6504.5428,49.2895,-3.010044,1,-2.978737,50.8571
437,15375.0529,6504.0427,492.745,-3.010348,10,-2.979042,508.415
438,15376.8431,6503.2855,14775.6,-3.010807,300,-2.979503,15245.4
439,15376.8431,6503.2855,14775.6,-3.010807,300,-2.979503,15245.4
440,15380.2760,6501.8339,29525.3,-3.011682,600,-2.980383,30464
441,15401.9093,6492.7015,48.9448,-3.017062,1,-2.985792,50.4995
442,15458.2176,6469.0511,338.218,-3.029976,7,-2.998779,348.935
443,15471.2576,6463.5987,48.1832,-3.032745,1,-3.001564,49.7093
444,15474.1502,6462.3904,963.083,-3.033348,20,-3.002170,993.582
445,15486.2237,6457.3521,288.211,-3.035820,6,-3.004658,297.334
446,15487.2699,6456.9159,48.0251,-3.036031,1,-3.004871,49.5452
447,15493.5800,6454.2862,95.9292,-3.037292,2,-3.006140,98.9647
448,15504.9460,6449.5549,239.29,-3.039515,5,-3.008377,246.859
449,15505.0470,6449.5129,191.429,-3.039535,4,-3.008397,197.483
450,15512.2379,6446.5231,14337.4,-3.040909,300,-3.009780,14790.8
451,15525.5164,6441.0096,2383.67,-3.043381,50,-3.012268,2459
452,15549.5991,6431.0340,14241.1,-3.047651,300,-3.016568,14690.7
453,15556.0182,6428.3802,47.4185,-3.048743,1,-3.017667,48.9152
454,15573.7203,6421.0733,330.965,-3.051653,7,-3.020599,341.404
455,15587.9231,6415.2228,3774.03,-3.053882,80,-3.022846,3893
456,15655.0963,6387.6963,701.095,-3.063161,15,-3.032204,723.139
457,15663.8873,6384.1113,140.07,-3.064223,3,-3.033276,144.473
458,15714.8501,6363.4078,4643.54,-3.069694,100,-3.038805,4789.21
459,15736.2515,6354.7535,324.414,-3.071646,7,-3.040782,334.583
460,15783.5298,6335.7184,415.604,-3.075247,9,-3.044435,428.609
461,15791.0565,6332.6985,369.247,-3.075731,8,-3.044927,380.798
462,15796.8078,6330.3929,461.396,-3.076084,10,-3.045287,475.827
463,15800.6923,6328.8366,138.387,-3.076315,3,-3.045521,142.715
464,15824.6526,6319.2540,92.14,-3.077594,2,-3.046826,95.019
465,15842.5727,6312.1061,9206.66,-3.078390,200,-3.047642,9494.15
466,15870.0607,6301.1731,91.9784,-3.079348,2,-3.048629,94.8478
467,15874.5234,6299.4017,229.917,-3.079474,5,-3.048759,237.089
468,15894.2747,6291.5737,413.662,-3.079931,9,-3.049236,426.556
469,15910.3756,6285.2067,45.9509,-3.080183,1,-3.049505,47.3824
470,15935.7009,6275.2182,91.8851,-3.080364,2,-3.049712,94.7451
471,15941.5762,6272.9054,275.654,-3.080368,6,-3.049722,284.232
472,15970.0335,6261.7276,183.802,-3.080192,4,-3.049574,189.516
473,15972.9910,6260.5682,413.569,-3.080155,9,-3.049540,426.426
474,15977.0420,6258.9808,91.9095,-3.080098,2,-3.049488,94.7664
475,15981.4864,6257.2402,413.622,-3.080028,9,-3.049422,426.477
476,15995.1583,6251.8919,91.9402,-3.079765,2,-3.049172,94.7963
477,16001.0695,6249.5823,91.9528,-3.079627,2,-3.049041,94.8088
478,16007.8025,6246.9536,45.9844,-3.079454,1,-3.048874,47.4123
479,16016.9586,6243.3826,367.972,-3.079190,8,-3.048618,379.395
480,16019.6176,6242.3463,46.0003,-3.079107,1,-3.048538,47.4282
481,16023.9696,6240.6509,138.021,-3.078965,3,-3.048400,142.304
482,16028.0957,6239.0443,3681.07,-3.078823,80,-3.048263,3795.3
483,16028.7815,6238.7774,1840.58,-3.078799,40,-3.048239,1897.7
484,16036.3533,6235.8317,230.137,-3.078520,5,-3.047967,237.276
485,16041.2169,6233.9410,184.145,-3.078329,4,-3.047781,189.857
486,16044.2700,6232.7548,230.209,-3.078204,5,-3.047659,237.35
487,16049.8800,6230.5762,184.211,-3.077965,4,-3.047426,189.924
488,16059.2674,6226.9341,230.363,-3.077538,5,-3.047008,237.504
489,16062.3196,6225.7509,184.317,-3.077392,4,-3.046864,190.031
490,16065.3862,6224.5625,46.0862,-3.077241,1,-3.046717,47.5147
491,16091.6975,6214.3848,1384.58,-3.075800,30,-3.045299,1427.46
492,16105.0629,6209.2275,46.1913,-3.074965,1,-3.044477,47.6212
493,16106.0229,6208.8574,415.747,-3.074902,9,-3.044416,428.617
494,16126.9484,6200.8011,46.2612,-3.073451,1,-3.042983,47.6924
495,16129.2325,6199.9230,185.076,-3.073282,4,-3.042817,190.801
496,16132.0122,6198.8547,231.393,-3.073074,5,-3.042612,238.551
497,16135.9493,6197.3422,92585,-3.072775,2000,-3.042316,95448.5
498,16137.4471,6196.7670,4629.79,-3.072660,100,-3.042202,4772.97
499,16142.6505,6194.7696,185.267,-3.072252,4,-3.041799,190.996
500,16155.0619,6190.0103,417.273,-3.071239,9,-3.040797,430.171
501,16178.0622,6181.2100,46.4579,-3.069208,1,-3.038787,47.8929
502,16180.9425,6180.1097,139.411,-3.068940,3,-3.038521,143.717
503,16189.1888,6176.9618,46.5069,-3.068155,1,-3.037744,47.9429
504,16198.8732,6173.2689,46.5513,-3.067201,1,-3.036798,47.9883
505,16221.8859,6164.5113,139.99,-3.064795,3,-3.034412,144.309
506,16226.0508,6162.9291,70027.1,-3.064338,1500,-3.033960,72187
507,16228.6320,6161.9488,233490,-3.064052,5000,-3.033676,240692
508,16252.6511,6152.8424,234.14,-3.061275,5,-3.030920,241.356
509,16279.5061,6142.6925,328.896,-3.057923,7,-3.027590,339.026
510,16286.4540,6140.0720,235.14,-3.057013,5,-3.026686,242.38
511,16288.8398,6139.1727,94.0857,-3.056697,2,-3.026372,96.9825
512,16306.3166,6132.5928,47.1549,-3.054318,1,-3.024007,48.606
513,16308.7796,6131.6666,424.54,-3.053974,9,-3.023665,437.604
514,16340.7731,6119.6615,3791.33,-3.049310,80,-3.019028,3907.89
515,16390.5288,6101.0844,3821.64,-3.041346,80,-3.011105,3938.98
516,16408.9596,6094.2316,239.61,-3.038179,5,-3.007953,246.964
517,16414.0999,6092.3231,143.896,-3.037275,3,-3.007053,148.312
518,16415.7734,6091.7020,431816,-3.036979,9000,-3.006758,445066
519,16422.5313,6089.1953,480.375,-3.035773,10,-3.005557,495.112
520,16423.4569,6088.8521,288.273,-3.035607,6,-3.005391,297.116
521,16423.8209,6088.7172,96.0973,-3.035541,2,-3.005326,99.0452
522,16432.9486,6085.3352,48.1284,-3.033884,1,-3.003676,49.6044
523,16466.9586,6072.7668,43594.7,-3.027460,900,-2.997278,44930.5
524,16468.9738,6072.0238,48.4575,-3.027068,1,-2.996887,49.9423
525,16477.9209,6068.7268,97.0858,-3.025307,2,-2.995134,100.06
526,16516.1412,6054.6830,73385.9,-3.017489,1500,-2.987344,75631.8
527,16533.4669,6048.3382,441.949,-3.013786,9,-2.983654,455.468
528,16547.6641,6043.1490,49.2582,-3.010680,1,-2.980558,50.7645
529,16569.3968,6035.2227,494.993,-3.005797,10,-2.975691,510.122
530,16593.3865,6026.4974,447.98,-3.000232,9,-2.970143,461.664
531,16606.3601,6021.7892,299.576,-2.997145,6,-2.967066,308.724
532,16628.1366,6013.9030,50.1947,-2.991845,1,-2.961781,51.7267
533,16632.7481,6012.2356,201.008,-2.990703,4,-2.960642,207.143
534,16664.9845,6000.6056,45597.7,-2.982537,900,-2.952498,46988.2
535,16673.3838,5997.5828,203.099,-2.980356,4,-2.950323,209.291
536,16679.4094,5995.4161,305.13,-2.978778,6,-2.948749,314.431
537,16681.9003,5994.5209,50.8883,-2.978123,1,-2.948095,52.4395
538,16699.2687,5988.2862,153.372,-2.973499,3,-2.943483,158.046
539,16722.8278,5979.8499,257.267,-2.967079,5,-2.937079,265.102
540,16734.3629,5975.7279,361.33,-2.963874,7,-2.933882,372.331
541,16744.7676,5972.0148,414.158,-2.960949,8,-2.930963,426.765
542,16745.1968,5971.8617,465.984,-2.960828,9,-2.930842,480.169
543,16764.3833,5965.0271,52.0606,-2.955346,1,-2.925373,53.6447
544,16767.3361,5963.9766,2605.25,-2.954492,50,-2.924521,2684.52
545,16768.4358,5963.5855,469.095,-2.954174,9,-2.924203,483.367
546,16772.5459,5962.1241,104.368,-2.952980,2,-2.923012,107.543
547,16774.5546,5961.4101,313.287,-2.952395,6,-2.922428,322.817
548,16778.0178,5960.1796,261.337,-2.951383,5,-2.921419,269.286
549,16784.9949,5957.7022,366622,-2.949334,7000,-2.919374,377772
550,16786.8979,5957.0268,209.616,-2.948773,4,-2.918814,215.991
551,16791.9873,5955.2213,262.415,-2.947266,5,-2.917311,270.395
552,16793.1776,5954.7992,262.508,-2.946913,5,-2.916958,270.49
553,16793.6736,5954.6233,315.056,-2.946765,6,-2.916811,324.636
554,16807.7658,5949.6307,10546.3,-2.942547,200,-2.912601,10866.8
555,16816.4791,5946.5480,264.353,-2.939909,5,-2.909969,272.387
556,16822.7610,5944.3275,423.775,-2.937994,8,-2.908057,436.653
557,16841.5874,5937.6826,213.122,-2.932184,4,-2.902259,219.596
558,16843.2015,5937.1135,4264.59,-2.931681,80,-2.901758,4394.13
559,16852.7078,5933.7645,2138.65,-2.928705,40,-2.898786,2203.6
560,16867.1888,5928.6702,2685.6,-2.924120,50,-2.894210,2767.14
561,16904.1969,5915.6907,380.519,-2.912129,7,-2.882242,392.063
562,16906.6521,5914.8316,435.231,-2.911320,8,-2.881434,448.434
563,16914.1380,5912.2138,54.5388,-2.908842,1,-2.878961,56.1931
564,16957.5487,5897.0787,4427.63,-2.894163,80,-2.864306,4561.81
565,16959.7493,5896.3136,166.162,-2.893404,3,-2.863549,171.198
566,16965.2835,5894.3902,499.44,-2.891492,9,-2.861640,514.574
567,16970.4932,5892.5807,55.5938,-2.889684,1,-2.859835,57.2782
568,16976.0695,5890.6450,2785.1,-2.887740,50,-2.857894,2869.47
569,16983.9540,5887.9104,502.705,-2.884977,9,-2.855136,517.932
570,16986.7365,5886.9460,559.108,-2.883998,10,-2.854158,576.043
571,16988.9967,5886.1628,447.643,-2.883201,8,-2.853362,461.201
572,16990.5296,5885.6317,111.971,-2.882660,2,-2.852822,115.363
573,16993.7297,5884.5234,448.393,-2.881528,8,-2.851692,461.972
574,16996.2429,5883.6533,168.297,-2.880637,3,-2.850802,173.394
575,17006.9989,5879.9322,1689.43,-2.876804,30,-2.846975,1740.59
576,17018.9475,5875.8040,169.671,-2.872509,3,-2.842687,174.807
577,17019.5411,5875.5991,56.569,-2.872295,1,-2.842473,58.2814
578,17021.9230,5874.7769,113.235,-2.871434,2,-2.841613,116.663
579,17023.7115,5874.1597,339.926,-2.870786,6,-2.840966,350.215
580,17031.3215,5871.5350,852.169,-2.868021,15,-2.838205,877.959
581,17048.4690,5865.6293,857.544,-2.861733,15,-2.831926,883.489
582,17075.3831,5856.3840,461.967,-2.851704,8,-2.821912,475.937
583,17077.4336,5855.6808,2311.62,-2.850932,40,-2.821141,2381.52
584,17082.7887,5853.8452,1158.15,-2.848911,20,-2.819123,1193.17
585,17086.3239,5852.6340,405.894,-2.847572,7,-2.817786,418.166
586,17090.5276,5851.1944,174.233,-2.845976,3,-2.816192,179.5
587,17092.1580,5850.6363,232.454,-2.845356,4,-2.815573,239.482
588,17093.4061,5850.2091,232.565,-2.844881,4,-2.815098,239.595
589,17097.0012,5848.9789,873.315,-2.843509,15,-2.813729,899.714
590,17105.6167,5846.0330,87620.2,-2.840209,1500,-2.810433,90268.4
591,17118.3399,5841.6879,352.205,-2.835300,6,-2.805530,362.848
592,17119.7117,5841.2199,293.661,-2.834768,5,-2.804999,302.534
593,17144.6761,5832.7144,59.3084,-2.825004,1,-2.795248,61.0997
594,17146.0196,5832.2574,59.3398,-2.824474,1,-2.794719,61.1321
595,17172.4085,5823.2950,59.9665,-2.813969,1,-2.784227,61.7769
596,17177.3120,5821.6326,600.849,-2.811997,10,-2.782257,618.986
597,17192.7087,5816.4191,120.921,-2.805767,2,-2.776034,124.57
598,17195.1277,5815.6009,121.04,-2.804782,2,-2.775051,124.693
599,17235.4057,5802.0102,123.067,-2.788174,2,-2.758461,126.778
600,17242.4387,5799.6437,61.7148,-2.785232,1,-2.755523,63.5758
601,17256.4117,5794.9475,62.0788,-2.779351,1,-2.749648,63.9503
602,17258.6582,5794.1932,497.102,-2.778401,8,-2.748699,512.089
603,17307.5239,5777.8340,63.4547,-2.757428,1,-2.727749,65.3663
604,17311.5612,5776.4865,508.532,-2.755669,8,-2.725992,523.85
605,17314.2806,5775.5793,954.629,-2.754482,15,-2.724806,983.384
606,17316.9771,5774.6799,509.736,-2.753304,8,-2.723629,525.089
607,17317.9188,5774.3659,446.203,-2.752892,7,-2.723217,459.642
608,17331.4435,5769.8598,64.1231,-2.746950,1,-2.717281,66.0541
609,17340.4439,5766.8650,38627.2,-2.742972,600,-2.713307,39790.3
610,17345.3120,5765.2466,193.554,-2.740812,3,-2.711149,199.381
611,17347.3917,5764.5554,968.664,-2.739887,15,-2.710226,997.827
612,17352.5078,5762.8558,258.9,-2.737609,4,-2.707949,266.694
613,17367.1306,5758.0036,1303,-2.731062,20,-2.701408,1342.22
614,17371.1867,5756.6591,130.538,-2.729236,2,-2.699585,134.467
615,17414.3662,5742.3853,66.5656,-2.709567,1,-2.679934,68.5677
616,17424.6161,5739.0074,334.407,-2.704834,5,-2.675205,344.464
617,17425.1438,5738.8335,66.8978,-2.704589,1,-2.674960,68.9096
618,17428.7381,5737.6501,335.047,-2.702923,5,-2.673296,345.122
619,17461.4925,5726.8873,204.131,-2.687604,3,-2.657989,210.267
620,17474.5646,5722.6032,68.4658,-2.681421,1,-2.651812,70.5233
621,17475.6431,5722.2501,137.002,-2.680909,2,-2.651301,141.119
622,17490.7992,5717.2916,344.986,-2.673688,5,-2.644086,355.352
623,17519.2520,5708.0062,139.898,-2.659992,2,-2.630400,144.099
624,17545.6914,5699.4049,70.8562,-2.647103,1,-2.617521,72.9836
625,17580.9433,5687.9769,216.305,-2.629677,3,-2.600107,222.797
626,17594.2763,5683.6666,653.254,-2.623014,9,-2.593450,672.855
627,17606.2048,5679.8158,146.04,-2.617021,2,-2.587461,150.421
628,17627.0166,5673.1097,5903.44,-2.606492,80,-2.576939,6080.51
629,17693.0328,5651.9423,305.384,-2.572478,4,-2.542948,314.537
630,17701.5822,5649.2125,76.6883,-2.568006,1,-2.538478,78.9865
631,17704.2340,5648.3664,11519.3,-2.566616,150,-2.537089,11864.5
632,17711.5641,5646.0287,385.456,-2.562765,5,-2.533241,397.006
633,17725.5608,5641.5704,698.963,-2.555382,9,-2.525861,719.904
634,17769.0723,5627.7558,635.89,-2.532170,8,-2.502664,654.933
635,17778.0021,5624.9290,798.697,-2.527359,10,-2.497855,822.612
636,17792.6640,5620.2939,80.5059,-2.519424,1,-2.489925,82.9162
637,17810.2024,5614.7593,731.505,-2.509876,9,-2.480382,753.401
638,17837.6232,5606.1281,742.599,-2.494824,9,-2.465338,764.821
639,17848.4895,5602.7150,498.048,-2.488818,6,-2.459335,512.951
640,17857.5146,5599.8834,750.822,-2.483812,9,-2.454331,773.286
641,17859.7926,5599.1692,668.243,-2.482545,8,-2.453066,688.236
642,17868.6096,5596.4063,503.649,-2.477635,6,-2.448158,518.716
643,17870.4042,5595.8443,1680.51,-2.476634,20,-2.447157,1730.78
644,17881.6784,5592.3162,761.013,-2.470330,9,-2.440856,783.777
645,17887.6708,5590.4428,339.367,-2.466969,4,-2.437496,349.517
646,17910.6030,5583.2849,8594.55,-2.454042,100,-2.424576,8851.56
647,17912.2525,5582.7708,344.103,-2.453108,4,-2.423643,354.393
648,17917.6938,5581.0754,776.623,-2.450025,9,-2.420560,799.846
649,17929.1237,5577.5174,434.269,-2.443528,5,-2.414067,447.254
650,17929.6445,5577.3554,86.8796,-2.443232,1,-2.413771,89.4773
651,17933.2407,5576.2370,870.579,-2.441182,10,-2.411722,896.607
652,17936.0980,5575.3487,784.799,-2.439552,9,-2.410093,808.263
653,17938.7594,5574.5215,349.33,-2.438032,4,-2.408574,359.774
654,17944.6361,5572.6959,87.6265,-2.434672,1,-2.405215,90.2461
655,17961.7519,5567.3857,707.933,-2.424847,8,-2.395394,729.094
656,17965.8416,5566.1183,5322.02,-2.422491,60,-2.393039,5481.1
657,17967.2399,5565.6851,798.947,-2.421685,9,-2.392234,822.827
658,17979.6804,5561.8341,894.124,-2.414496,10,-2.385048,920.846
659,17981.9146,5561.1431,895.282,-2.413202,10,-2.383754,922.037
660,17989.5902,5558.7703,719.422,-2.408749,8,-2.379303,740.921
661,17996.0535,5556.7739,270.799,-2.404991,3,-2.375547,278.891
662,17998.4639,5556.0297,180.786,-2.403587,2,-2.374144,186.188
663,18001.3683,5555.1333,362.185,-2.401895,4,-2.372452,373.007
664,18011.1367,5552.1204,7285.14,-2.396190,80,-2.366750,7502.8
665,18042.2334,5542.5511,1854.88,-2.377914,20,-2.348480,1910.28
666,18063.3836,5536.0614,3756.54,-2.365382,40,-2.335953,3868.73
667,18106.3448,5522.9259,96.3587,-2.339678,1,-2.310259,99.2356
668,18128.0278,5516.3199,97.6292,-2.326579,1,-2.297165,100.544
669,18142.6871,5511.8627,1477.53,-2.317676,15,-2.288265,1521.63
670,18144.2538,5511.3868,295.789,-2.316723,3,-2.287312,304.617
671,18148.2693,5510.1673,494.188,-2.314276,5,-2.284866,508.938
672,18167.2786,5504.4017,799.942,-2.302657,8,-2.273251,823.815
673,18171.7130,5503.0585,100.265,-2.299937,1,-2.270532,103.257
674,18204.7434,5493.0739,102.328,-2.279573,1,-2.250174,105.381
675,18241.5415,5481.9928,837.592,-2.256666,8,-2.227274,862.575
676,18260.5531,5476.2854,2119.1,-2.244742,20,-2.215353,2182.3
677,18302.5619,5463.7160,2176.14,-2.218178,20,-2.188796,2241.03
678,18303.9525,5463.3009,217.807,-2.217293,2,-2.187912,224.301
679,18328.8767,5455.8717,221.299,-2.201389,2,-2.172012,227.896
680,18329.3129,5455.7419,221.36,-2.201110,2,-2.171733,227.96
681,18345.6570,5450.8814,5592.34,-2.190625,50,-2.161250,5759.05
682,18408.8176,5432.1794,1165.19,-2.149700,10,-2.120335,1199.91
683,18418.8903,5429.2087,11728.9,-2.143114,100,-2.113751,12078.4
684,18448.6442,5420.4525,358.812,-2.123569,3,-2.094209,369.503
685,18462.5927,5416.3574,120.711,-2.114358,1,-2.085000,124.307
686,18464.1277,5415.9071,120.833,-2.113343,1,-2.083985,124.433
687,18476.5826,5412.2563,121.835,-2.105090,1,-2.075734,125.464
688,18478.7074,5411.6339,610.033,-2.103680,5,-2.074324,628.207
689,18504.0304,5404.2281,992.649,-2.086819,8,-2.057467,1022.22
690,18547.4945,5391.5638,766.521,-2.057653,6,-2.028305,789.35
691,18621.6660,5370.0888,806.162,-2.007230,6,-1.977890,830.165
692,18623.2538,5369.6309,134.507,-2.006142,1,-1.976802,138.511
693,18625.9606,5368.8506,943.295,-2.004286,7,-1.974946,971.381
694,18645.8343,5363.1282,546.439,-1.990627,4,-1.961289,562.708
695,18687.8202,5351.0789,703.178,-1.961583,5,-1.932249,724.111
696,18721.3317,5341.5004,215939,-1.938223,1500,-1.908891,222367
697,18746.0343,5334.4616,439.424,-1.920903,3,-1.891573,452.503
698,18768.1602,5328.1728,1487.75,-1.905318,10,-1.875989,1532.03
699,18798.2805,5319.6355,607.928,-1.883994,4,-1.854667,626.02
700,18862.7011,5301.4677,238708,-1.837978,1500,-1.808654,245812
701,18870.6197,5299.2430,640.191,-1.832283,4,-1.802960,659.241
702,18883.7116,5295.5691,1615.64,-1.822851,10,-1.793528,1663.72
703,18909.4467,5288.3620,493.797,-1.804244,3,-1.774922,508.49
704,18917.2970,5286.1675,248308,-1.798551,1500,-1.769229,255696
705,18921.1279,5285.0972,995.997,-1.795770,6,-1.766449,1025.63
706,18925.2258,5283.9528,665.978,-1.792793,4,-1.763472,685.794
707,18988.2836,5266.4054,1743.46,-1.746715,10,-1.717396,1795.33
708,18990.0771,5265.9081,174576,-1.745398,1000,-1.716078,179770
709,18998.0195,5263.7066,526.795,-1.739557,3,-1.710237,542.469
710,19000.0563,5263.1423,26379.3,-1.738057,150,-1.708738,27164.1
711,19006.4065,5261.3838,1060.12,-1.733380,6,-1.704061,1091.66
712,19060.9801,5246.3199,183.971,-1.692979,1,-1.663660,189.444
713,19064.4772,5245.3576,184.45,-1.690377,1,-1.661058,189.938
714,19076.8061,5241.9676,1861.51,-1.681195,10,-1.651876,1916.9
715,19194.0039,5209.9604,30497.1,-1.593003,150,-1.563683,31404.5
716,19211.0002,5205.3510,1853.63,-1.580080,9,-1.550760,1908.78
717,19251.2635,5194.4643,424.778,-1.549337,2,-1.520015,437.417
718,19257.6090,5192.7526,2134.24,-1.544475,10,-1.515153,2197.75
719,19317.4244,5176.6736,670.445,-1.498426,3,-1.469102,690.396
720,19319.3588,5176.1552,6714.49,-1.496930,30,-1.467606,6914.3
721,19319.3588,5176.1552,6714.49,-1.496930,30,-1.467606,6914.3
722,19348.9088,5168.2501,3435.01,-1.474030,15,-1.444705,3537.23
723,19353.1377,5167.1208,1148.77,-1.470746,5,-1.441420,1182.96
724,19403.6509,5153.6693,716.95,-1.431361,3,-1.402033,738.288
725,19493.0373,5130.0369,3846,-1.361016,15,-1.331682,3960.49
726,19499.0210,5128.4626,2576.18,-1.356278,10,-1.326943,2652.87
727,19581.0440,5106.9800,275.005,-1.290967,1,-1.261627,283.193
728,19593.0373,5103.8539,2498.93,-1.281362,9,-1.252021,2573.34
729,19643.8476,5090.6524,289.235,-1.240517,1,-1.211171,297.848
730,19648.3945,5089.4744,2902.97,-1.236850,10,-1.207503,2989.43
731,19694.1188,5077.6580,21086.4,-1.199865,70,-1.170514,21714.5
732,19719.2286,5071.1923,614.882,-1.179472,2,-1.150118,633.199
733,19872.4904,5032.0819,697.241,-1.053771,2,-1.024399,718.024
734,20123.3223,4969.3584,860.167,-0.843776,2,-0.814367,885.839
735,20136.8368,4966.0233,26102.3,-0.832321,60,-0.802909,26881.4
736,20281.9515,4930.4920,39392.2,-0.708460,80,-0.679023,40569
737,20288.6933,4928.8536,495.262,-0.702669,1,-0.673230,510.058
738,20311.4563,4923.3299,1010.11,-0.683091,2,-0.653648,1040.29
739,20315.6664,4922.3096,40551,-0.679466,80,-0.650023,41762.7
740,20357.5136,4912.1912,32317.4,-1.024203,90,-0.613917,48710.4
741,20443.1065,4891.6245,1662.54,-1.283413,6,-0.539697,3497.55
742,20472.7791,4884.5347,254.547,-1.368270,1,-0.513853,598.186
743,20524.9991,4872.1074,661.694,-1.511564,3,-1.412808,730.376
744,20543.6742,4867.6785,629.792,-1.560978,3,-1.466715,692.046
745,20549.1392,4866.3839,12417.2,-1.575259,60,-1.482286,13627.1
746,20553.0003,4865.4697,12293.2,-1.585300,60,-1.493233,13478.7
747,20581.4560,4858.7427,114304,-1.658064,600,-1.572509,124514
748,20632.7113,4846.6728,15120.8,-1.783740,90,-1.709209,16290.8
749,20686.6629,4834.0325,296.531,-1.908751,2,-1.844877,316.09
750,20710.1725,4828.5450,140.724,-1.960955,1,-1.901431,149.355
751,20733.3580,4823.1454,133.839,-2.011118,1,-1.955716,141.463
752,20737.6623,4822.1443,132.617,-2.020288,1,-1.965633,140.067
753,20754.6295,4818.2021,1023.71,-2.056004,8,-2.004237,1078.1
754,20783.3428,4811.5455,120.646,-2.114896,1,-2.067821,126.461
755,20791.8321,4809.5810,948.857,-2.131939,8,-2.086204,993.26
756,20804.4834,4806.6562,1041.01,-2.157029,9,-2.113253,1087.6
757,20812.6396,4804.7726,569.173,-2.173009,5,-2.130471,593.907
758,20814.4381,4804.3574,226.873,-2.176513,2,-2.134245,236.668
759,20819.1532,4803.2693,224.806,-2.185662,2,-2.144099,234.347
760,20833.4064,4799.9832,109.37,-2.213015,1,-2.173544,113.774
761,20848.5723,4796.4915,106.286,-2.241618,1,-2.204309,110.327
762,20866.0038,4792.4845,308.742,-2.273862,3,-2.238959,319.708
763,20897.9067,4785.1683,291.552,-2.331149,3,-2.300436,300.645
764,20923.9340,4779.2160,185.795,-2.376261,2,-2.348764,190.974
765,20935.2611,4776.6302,41009.5,-2.395445,450,-2.369293,42096.1
766,20947.3199,4773.8804,89.3162,-2.415572,1,-2.390815,91.555
767,20950.4767,4773.1611,26655.4,-2.420791,300,-2.396393,27313.7
768,20967.3527,4769.3193,86.4368,-2.448341,1,-2.425820,88.4056
769,20971.7476,4768.3198,257.481,-2.455420,3,-2.433376,263.22
770,20972.0992,4768.2399,171.557,-2.455984,2,-2.433978,175.375
771,20978.9204,4766.6895,84.8485,-2.466888,1,-2.445612,86.6731
772,20979.1929,4766.6276,84.8118,-2.467321,1,-2.446074,86.633
773,20981.1269,4766.1882,84.5515,-2.470394,1,-2.449352,86.3495
774,20985.8877,4765.1070,83.917,-2.477927,1,-2.457385,85.6587
775,21011.1544,4759.3768,80.6902,-2.517138,1,-2.499159,82.1541
776,21048.7832,4750.8685,152.584,-2.573184,2,-2.558739,154.805
777,21052.5076,4750.0280,3035.26,-2.578581,40,-2.564467,3078.41
778,21059.5586,4748.4376,22534.7,-2.588725,300,-2.575230,22840.9
779,21077.5803,4744.3776,219.675,-2.614218,3,-2.602254,222.319
780,21136.8586,4731.0720,1352.52,-2.693762,20,-2.686325,1362.62
781,21143.7330,4729.5338,18099,-2.702568,270,-2.695606,18225.4
782,21148.3276,4728.5063,3998.58,-2.708405,60,-2.701755,4025.26
783,21149.7627,4728.1854,133.044,-2.710220,2,-2.703668,133.919
784,21155.6269,4726.8748,19809.9,-2.717600,300,-2.711438,19932.4
785,21159.5580,4725.9966,525.675,-2.722513,8,-2.716608,528.788
786,21166.8874,4724.3602,260.461,-2.731598,4,-2.726166,261.879
787,21186.3099,4720.0291,190.786,-2.755213,3,-2.750977,191.596
788,21196.8668,4717.6784,565.217,-2.767770,9,-2.764153,567.265
789,21208.8226,4715.0189,37157.8,-2.781756,600,-2.778813,37267.3
790,21211.2029,4714.4898,247.037,-2.784511,4,-2.781699,247.733
791,21221.7672,4712.1429,915.239,-2.796620,15,-2.794375,917.296
792,21243.1500,4707.3998,536.16,-2.820548,9,-2.819384,536.784
793,21244.6268,4707.0726,237.907,-2.822172,4,-2.821079,238.167
794,21248.4008,4706.2365,355.388,-2.826305,6,-2.825393,355.712
795,21269.0506,4701.6673,115.862,-2.848501,2,-2.848530,115.859
796,21273.1472,4700.7619,115.363,-2.852820,2,-2.853026,115.339
797,21273.9335,4700.5882,57.6338,-2.853645,1,-2.853885,57.62
798,21306.8010,4693.3371,167.186,-2.887262,3,-2.888808,166.927
799,21317.6043,4690.9586,55.1372,-2.897931,1,-2.899864,55.0307
800,21336.0584,4686.9013,108.329,-2.915726,2,-2.918272,108.054
801,21338.6440,4686.3334,486.289,-2.918176,9,-2.920804,485.013
802,21343.0407,4685.3680,430.47,-2.922319,8,-2.925082,429.282
803,21412.7587,4670.1129,101.176,-2.984038,2,-2.988519,100.724
804,21433.9179,4665.5026,447.489,-3.001328,9,-3.006176,445.325
805,21447.9887,4662.4418,442.533,-3.012464,9,-3.017517,440.303
806,21480.1441,4655.4622,5758.31,-3.036848,120,-3.042259,5727.23
807,21486.8018,4654.0198,716.295,-3.041714,15,-3.047180,712.39
808,21496.5412,4651.9112,426.776,-3.048721,9,-3.054256,424.42
809,21505.7430,4649.9207,329.786,-3.055220,7,-3.060809,327.949
810,21512.0922,4648.5483,1407.14,-3.059637,30,-3.065255,1399.26
811,21525.5804,4645.6355,1394.26,-3.068837,30,-3.074499,1386.38
812,21535.1469,4643.5718,1385.39,-3.075212,30,-3.080890,1377.55
813,21546.5782,4641.1082,45.8367,-3.082670,1,-3.088350,45.5771
814,21548.1932,4640.7603,45.7891,-3.083709,1,-3.089389,45.5298
815,21573.4840,4635.3199,135.21,-3.099539,3,-3.105157,134.452
816,21614.7025,4626.4805,26400.1,-3.123561,600,-3.128904,26259.4
817,21663.8921,4615.9757,343.009,-3.149439,8,-3.154183,341.386
818,21676.3915,4613.3140,19176.8,-3.155545,450,-3.160091,19089.8
819,21687.9408,4610.8573,211.912,-3.161021,5,-3.165369,210.993
820,21703.9591,4607.4543,126.218,-3.168355,3,-3.172405,125.708
821,21718.1030,4604.4537,376.304,-3.174582,9,-3.178345,374.891
822,21718.5382,4604.3615,376.234,-3.174770,9,-3.178524,374.824
823,21728.9604,4602.1530,832.374,-3.179206,20,-3.182735,829.442
824,21745.1005,4598.7371,289.407,-3.185831,7,-3.188989,288.495
825,21755.8037,4596.4746,247.016,-3.190063,6,-3.192960,246.301
826,21760.9038,4595.3974,246.529,-3.192035,6,-3.194804,245.847
827,21762.5717,4595.0452,205.31,-3.192673,5,-3.195400,204.751
828,21773.8964,4592.6553,40.8877,-3.196927,1,-3.199358,40.7884
829,21774.2567,4592.5793,40.8822,-3.197060,1,-3.199481,40.7833
830,21777.7226,4591.8484,326.642,-3.198332,8,-3.200661,325.882
831,21792.4395,4588.7474,162.465,-3.203590,4,-3.205510,162.153
832,21793.4414,4588.5364,81.2039,-3.203939,2,-3.205831,81.0504
833,21794.7141,4588.2685,40.584,-3.204381,1,-3.206237,40.5088
834,21804.9823,4586.1078,323.536,-3.207886,8,-3.209442,323.033
835,21811.6578,4584.7042,363.172,-3.210104,9,-3.211461,362.679
836,21812.3037,4584.5685,80.6877,-3.210316,2,-3.211653,80.5799
837,21813.8837,4584.2364,80.646,-3.210833,2,-3.212122,80.5421
838,21831.7235,4580.4904,280.669,-3.216488,7,-3.217221,280.464
839,21838.0521,4579.1630,2401.11,-3.218414,60,-3.218943,2399.84
840,21847.1970,4577.2462,79.8203,-3.221124,2,-3.221352,79.8022
841,21848.7330,4576.9244,39.8923,-3.221571,1,-3.221747,39.8853
842,21857.5611,4575.0759,39.7919,-3.224092,1,-3.223970,39.7968
843,21862.3506,4574.0736,198.694,-3.225427,5,-3.225140,198.751
844,21863.1879,4573.8984,79.4593,-3.225658,2,-3.225342,79.4844
845,21863.9577,4573.7373,158.885,-3.225870,4,-3.225527,158.939
846,21872.0023,4572.0551,277.444,-3.228046,7,-3.227421,277.618
847,21872.7340,4571.9022,237.763,-3.228241,6,-3.227590,237.918
848,21873.2418,4571.7960,316.974,-3.228376,8,-3.227707,317.187
849,21944.2864,4556.9949,155.913,-3.244752,4,-3.241362,156.442
850,21945.5714,4556.7280,38.9684,-3.245003,1,-3.241561,39.1028
851,21946.7128,4556.4910,350.638,-3.245226,9,-3.241737,351.863
852,21948.7222,4556.0739,77.8893,-3.245614,2,-3.242042,78.168
853,21949.5512,4555.9018,38.9385,-3.245773,1,-3.242167,39.0791
854,21962.9225,4553.1281,116.526,-3.248252,3,-3.244087,117.012
855,21963.2509,4553.0600,38.8398,-3.248311,1,-3.244132,39.0024
856,21963.7135,4552.9641,155.346,-3.248393,4,-3.244195,156
857,21976.2290,4550.3712,232.516,-3.250555,6,-3.245823,233.619
858,21976.8613,4550.2403,348.737,-3.250661,9,-3.245901,350.401
859,21977.8030,4550.0453,116.228,-3.250817,3,-3.246016,116.787
860,21982.5007,4549.0730,309.702,-3.251585,8,-3.246580,311.256
861,21985.0975,4548.5357,193.483,-3.252001,5,-3.246883,194.476
862,22017.8520,4541.7691,231.084,-3.256734,6,-3.250148,232.611
863,22020.3891,4541.2458,115.504,-3.257061,3,-3.250359,116.281
864,22024.8379,4540.3285,1154.4,-3.257621,30,-3.250714,1162.4
865,22043.9030,4536.4017,959.874,-3.259829,25,-3.252029,967.39
866,22061.9609,4532.6887,153.303,-3.261636,4,-3.252972,154.637
867,22083.9109,4528.1835,956.388,-3.263467,25,-3.253728,965.748
868,22092.5433,4526.4141,191.161,-3.264080,5,-3.253910,193.114
869,22120.7891,4520.6344,76.343,-3.265666,2,-3.254064,77.2339
870,22149.9934,4514.6740,305.072,-3.266650,8,-3.253527,309.102
871,22172.8619,4510.0177,343.097,-3.266967,9,-3.252627,348.052
872,22192.3824,4506.0507,343.109,-3.266931,9,-3.251535,348.433
873,22194.7285,4505.5744,266.869,-3.266908,7,-3.251384,271.044
874,22205.7410,4503.3399,266.912,-3.266748,7,-3.250620,271.251
875,22210.5866,4502.3574,114.402,-3.266649,3,-3.250255,116.293
876,22211.8493,4502.1015,343.216,-3.266621,9,-3.250157,348.913
877,22214.4541,4501.5736,11441.2,-3.266559,300,-3.249951,11632.8
878,22215.9507,4501.2704,762.778,-3.266521,20,-3.249831,775.616
879,22216.7604,4501.1063,762.794,-3.266500,20,-3.249765,775.667
880,22259.2374,4492.5169,114.619,-3.264754,3,-3.245636,116.831
881,22260.2424,4492.3141,3438.76,-3.264698,90,-3.245523,3505.34
882,22263.0033,4491.7570,267.502,-3.264540,7,-3.245208,272.723
883,22265.3435,4491.2849,152.879,-3.264402,4,-3.244937,155.884
884,22266.6429,4491.0228,114.668,-3.264324,3,-3.244785,116.931
885,22267.4476,4490.8605,229.348,-3.264275,6,-3.244690,233.884
886,22268.1213,4490.7246,229.357,-3.264233,6,-3.244610,233.903
887,22270.2994,4490.2854,305.851,-3.264098,8,-3.244350,311.951
888,22275.9172,4489.1530,344.208,-3.263733,9,-3.243665,351.186
889,22278.6971,4488.5928,267.768,-3.263546,7,-3.243317,273.239
890,22284.6107,4487.4017,114.805,-3.263129,3,-3.242561,117.191
891,22300.9465,4484.1146,229.902,-3.261860,6,-3.240349,234.901
892,22303.7613,4483.5487,344.935,-3.261624,9,-3.239950,352.493
893,22306.8118,4482.9356,268.353,-3.261362,7,-3.239512,274.281
894,22320.1195,4480.2628,115.148,-3.260153,3,-3.237527,117.783
895,22323.3432,4479.6158,268.761,-3.259843,7,-3.237029,274.963
896,22332.7332,4477.7323,192.152,-3.258904,5,-3.235541,196.695
897,22343.7438,4475.5257,769.51,-3.257734,20,-3.233723,788.21
898,22369.1775,4470.4371,2315.42,-3.254752,60,-3.229237,2375.26
899,22372.6908,4469.7350,154.43,-3.254310,4,-3.228586,158.454
900,22373.1873,4469.6358,231.659,-3.254247,6,-3.228494,237.703
901,22386.9734,4466.8834,232.079,-3.252438,6,-3.225864,238.329
902,22389.8116,4466.3172,3482.52,-3.252052,90,-3.225309,3576.92
903,22395.9610,4465.0908,116.183,-3.251200,3,-3.224089,119.376
904,22397.9686,4464.6906,232.432,-3.250917,6,-3.223686,238.848
905,22401.1862,4464.0493,581.346,-3.250459,15,-3.223036,597.509
906,22402.5064,4463.7862,969.094,-3.250270,25,-3.222767,996.116
907,22406.1204,4463.0663,7756.82,-3.249745,200,-3.222027,7974.83
908,22410.1128,4462.2712,4656.82,-3.249158,120,-3.221200,4788.86
909,22412.4698,4461.8019,970.512,-3.248807,25,-3.220707,998.17
910,22413.9777,4461.5017,310.634,-3.248581,8,-3.220390,319.516
911,22416.0080,4461.0976,233.047,-3.248274,6,-3.219962,239.739
912,22416.5101,4460.9977,116.532,-3.248198,3,-3.219856,119.882
913,22419.2097,4460.4605,310.881,-3.247786,8,-3.219282,319.87
914,22419.5873,4460.3854,310.899,-3.247728,8,-3.219201,319.896
915,22422.7295,4459.7603,116.644,-3.247243,3,-3.218527,120.042
916,22427.3276,4458.8460,1167.28,-3.246523,30,-3.217531,1201.62
917,22429.9187,4458.3309,311.402,-3.246112,8,-3.216964,320.612
918,22433.0290,4457.7128,350.502,-3.245615,9,-3.216279,360.936
919,22433.7529,4457.5689,584.237,-3.245498,15,-3.216119,601.657
920,22434.6297,4457.3947,272.683,-3.245356,7,-3.215924,280.828
921,22441.9678,4455.9372,780.03,-3.244155,20,-3.214280,803.685
922,22446.2239,4455.0923,273.205,-3.243445,7,-3.213313,281.562
923,22460.5514,4452.2505,4695.05,-3.240984,120,-3.209987,4842.86
924,22464.9119,4451.3863,7048,-3.240213,180,-3.208952,7271.8
925,22476.0592,4449.1785,5885.17,-3.238199,150,-3.206263,6076.15
926,22479.3996,4448.5174,274.811,-3.237583,7,-3.205445,283.786
927,22486.1899,4447.1740,235.851,-3.236314,6,-3.203764,243.654
928,22487.0296,4447.0080,786.295,-3.236155,20,-3.203554,812.352
929,22490.7583,4446.2707,196.713,-3.235446,5,-3.202620,203.278
930,22491.9011,4446.0448,983.781,-3.235228,25,-3.202332,1016.68
931,22512.8094,4441.9156,316.108,-3.231114,8,-3.196950,327.094
932,22513.2563,4441.8275,276.619,-3.231024,7,-3.196832,286.241
933,22521.2992,4440.2412,79.1638,-3.229383,2,-3.194703,81.9574
934,22523.0030,4439.9053,356.362,-3.229031,9,-3.194248,368.976
935,22524.4601,4439.6181,237.647,-3.228730,6,-3.193858,246.08
936,22527.7027,4438.9790,356.711,-3.228054,9,-3.192985,369.442
937,22531.0798,4438.3137,317.301,-3.227346,8,-3.192072,328.693
938,22533.9999,4437.7386,119.061,-3.226729,3,-3.191277,123.358
939,22535.5391,4437.4354,198.5,-3.226402,5,-3.190857,205.683
940,22540.7314,4436.4133,119.233,-3.225291,3,-3.189431,123.586
941,22542.5672,4436.0520,357.84,-3.224895,9,-3.188924,370.946
942,22545.6519,4435.4451,39.7865,-3.224226,1,-3.188068,41.2515
943,22545.9883,4435.3789,39.7895,-3.224153,1,-3.187974,41.2554
944,22548.3074,4434.9227,318.477,-3.223647,8,-3.187328,330.256
945,22549.0595,4434.7748,1194.48,-3.223483,30,-3.187117,1238.72
946,22551.3324,4434.3278,796.72,-3.222984,20,-3.186481,826.341
947,22554.2486,4433.7544,159.447,-3.222340,4,-3.185660,165.404
948,22557.6279,4433.0902,4786.99,-3.221589,120,-3.184704,4966.86
949,22559.3990,4432.7422,79.8148,-3.221194,2,-3.184201,82.8226
950,22560.4216,4432.5413,359.249,-3.220965,9,-3.183910,372.81
951,22561.9597,4432.2391,39.9303,-3.220619,1,-3.183471,41.4416
952,22566.0696,4431.4319,199.837,-3.219691,5,-3.182294,207.452
953,22568.3107,4430.9918,239.927,-3.219182,6,-3.181649,249.103
954,22577.0980,4429.2672,280.48,-3.217163,7,-3.179097,291.363
955,22583.4171,4428.0279,160.511,-3.215690,4,-3.177242,166.802
956,22584.3235,4427.8501,321.089,-3.215477,8,-3.176974,333.693
957,22587.4275,4427.2417,321.324,-3.214746,8,-3.176055,334
958,22595.9174,4425.5782,120.74,-3.212725,3,-3.173520,125.568
959,22597.2539,4425.3165,201.299,-3.212404,5,-3.173118,209.364
960,22601.7667,4424.4329,282.125,-3.211314,7,-3.171756,293.509
961,22612.4299,4422.3465,4849.07,-3.208706,120,-3.168504,5047.98
962,22624.1486,4420.0558,243.163,-3.205784,6,-3.164875,253.316
963,22626.8678,4419.5246,202.775,-3.205097,5,-3.164025,211.277
964,22630.6621,4418.7837,40.594,-3.204135,1,-3.162835,42.3057
965,22631.7224,4418.5766,162.42,-3.203865,4,-3.162501,169.279
966,22633.5375,4418.2223,121.871,-3.203402,3,-3.161928,127.032
967,22634.6124,4418.0125,284.445,-3.203127,7,-3.161589,296.509
968,22637.1867,4417.5101,40.6618,-3.202466,1,-3.160774,42.3929
969,22638.5536,4417.2433,203.381,-3.202115,5,-3.160340,212.057
970,22639.3738,4417.0833,203.424,-3.201903,5,-3.160079,212.112
971,22645.4064,4415.9066,40.7484,-3.200340,1,-3.158154,42.5042
972,22653.2509,4414.3775,163.329,-3.198285,4,-3.155629,170.446
973,22660.7830,4412.9102,327.31,-3.196290,8,-3.153183,341.728
974,22665.3468,4412.0216,81.9273,-3.195070,2,-3.151690,85.5595
975,22677.4836,4409.6603,205.492,-3.191787,5,-3.147684,214.758
976,22680.1864,4409.1348,287.901,-3.191049,7,-3.146784,300.931
977,22682.2082,4408.7418,288.061,-3.190494,7,-3.146109,301.134
978,22684.7133,4408.2550,288.259,-3.189806,7,-3.145272,301.387
979,22685.2332,4408.1539,123.557,-3.189662,3,-3.145097,129.188
980,22685.9497,4408.0147,123.582,-3.189465,3,-3.144857,129.219
981,22686.1667,4407.9725,164.786,-3.189405,4,-3.144784,172.305
982,22686.3980,4407.9276,205.995,-3.189341,5,-3.144707,215.398
983,22688.4104,4407.5366,206.11,-3.188784,5,-3.144031,215.543
984,22689.6103,4407.3036,247.414,-3.188452,6,-3.143627,258.757
985,22695.5802,4406.1442,2478.25,-3.186790,60,-3.141611,2592.79
986,22696.6167,4405.9430,4957.95,-3.186500,120,-3.141260,5187.4
987,22698.6675,4405.5449,41.34,-3.185925,1,-3.140564,43.2584
988,22699.3723,4405.4082,124.044,-3.185728,3,-3.140324,129.806
989,22700.6981,4405.1509,165.454,-3.185355,4,-3.139873,173.153
990,22703.2085,4404.6638,82.7857,-3.184648,2,-3.139017,86.6507
991,22705.2438,4404.2689,124.25,-3.184072,3,-3.138321,130.067
992,22706.0125,4404.1198,289.98,-3.183855,7,-3.138058,303.568
993,22708.1220,4403.7107,290.153,-3.183256,7,-3.137335,303.788
994,22709.3912,4403.4646,124.396,-3.182896,3,-3.136900,130.252
995,22709.9797,4403.3505,82.9447,-3.182728,2,-3.136697,86.852
996,22715.3674,4402.3061,166.145,-3.181189,4,-3.134841,174.027
997,22715.8371,4402.2151,249.251,-3.181055,6,-3.134679,261.082
998,22717.9932,4401.7973,831.351,-3.180435,20,-3.133933,870.924
999,22727.6310,4399.9306,208.418,-3.177648,5,-3.130579,218.462
1000,22764.6971,4392.7666,1264.36,-3.166635,30,-3.117405,1328.16
1001,22773.8967,4390.9921,338.108,-3.163832,8,-3.114071,355.358
1002,22775.1882,4390.7431,211.401,-3.163436,5,-3.113600,222.203
1003,22775.8308,4390.6192,169.154,-3.163239,4,-3.113366,177.804
1004,22777.2997,4390.3361,126.923,-3.162788,3,-3.112831,133.425
1005,22778.8716,4390.0331,126.984,-3.162304,3,-3.112257,133.501
1006,22779.3291,4389.9449,84.6681,-3.162164,2,-3.112090,89.0157
1007,22780.2996,4389.7579,211.734,-3.161865,5,-3.111735,222.618
1008,22786.3899,4388.5846,212.133,-3.159982,5,-3.109502,223.116
1009,22789.0226,4388.0776,297.228,-3.159164,7,-3.108534,312.665
1010,22790.4990,4387.7934,382.326,-3.158705,9,-3.107990,402.216
1011,22790.8104,4387.7334,382.364,-3.158608,9,-3.107875,402.262
1012,22791.9075,4387.5222,212.497,-3.158266,5,-3.107471,223.57
1013,22800.4271,4385.8827,127.839,-3.155599,3,-3.104317,134.565
1014,22800.9719,4385.7780,42.6202,-3.155427,1,-3.104115,44.8642
1015,22814.6371,4383.1510,128.415,-3.151101,3,-3.099013,135.281
1016,22816.3764,4382.8169,299.801,-3.150547,7,-3.098360,315.862
1017,22816.9899,4382.6991,3855.34,-3.150351,90,-3.098129,4062.02
1018,22819.8431,4382.1511,128.629,-3.149439,3,-3.097056,135.546
1019,22820.9796,4381.9328,128.675,-3.149075,3,-3.096628,135.604
1020,22822.1885,4381.7007,171.634,-3.148687,4,-3.096172,180.888
1021,22825.5740,4381.0508,3865.96,-3.147600,90,-3.094894,4075.18
1022,22829.9011,4380.2205,344.121,-3.146205,8,-3.093256,362.832
1023,22835.1106,4379.2212,172.351,-3.144518,4,-3.091277,181.776
1024,22836.3828,4378.9772,862.11,-3.144105,20,-3.090793,909.318
1025,22853.1340,4375.7674,303.396,-3.138626,7,-3.084380,320.309
1026,22855.4186,4375.3300,260.25,-3.137872,6,-3.083500,274.792
1027,22858.1366,4374.8098,43.414,-3.136974,1,-3.082452,45.8467
1028,22866.2664,4373.2544,391.781,-3.134277,9,-3.079306,413.921
1029,22873.7268,4371.8280,87.2796,-3.131786,2,-3.076405,92.2495
1030,22874.4486,4371.6901,130.951,-3.131544,3,-3.076124,138.413
1031,22876.0084,4371.3920,87.3464,-3.131021,2,-3.075516,92.3316
1032,22878.9397,4370.8319,349.73,-3.130037,8,-3.074371,369.749
1033,22889.2280,4368.8673,307.078,-3.126565,7,-3.070339,324.838
1034,22890.9410,4368.5404,395.043,-3.125984,9,-3.069666,417.93
1035,22905.6105,4365.7426,264.683,-3.120982,6,-3.063872,280.239
1036,22906.2507,4365.6206,220.618,-3.120762,5,-3.063618,233.592
1037,22907.6518,4365.3536,132.434,-3.120282,3,-3.063062,140.233
1038,22910.1883,4364.8703,88.3664,-3.119410,2,-3.062055,93.5829
1039,22916.7374,4363.6229,265.698,-3.117153,6,-3.059448,281.481
1040,22931.4226,4360.8284,178.037,-3.112056,4,-3.053573,188.76
1041,22937.8521,4359.6061,267.657,-3.109809,6,-3.050988,283.873
1042,22940.1522,4359.1690,312.518,-3.109003,7,-3.050061,331.492
1043,22941.2940,4358.9520,178.653,-3.108603,4,-3.049601,189.511
1044,22944.5221,4358.3388,312.998,-3.107469,7,-3.048298,332.077
1045,22945.8394,4358.0885,223.674,-3.107005,5,-3.047766,237.324
1046,22947.8781,4357.7014,1343.01,-3.106287,30,-3.046942,1425.12
1047,22950.2839,4357.2446,44.8048,-3.105439,1,-3.045968,47.5503
1048,22952.6131,4356.8024,448.417,-3.104616,10,-3.045025,475.951
1049,22957.8420,4355.8101,179.699,-3.102766,4,-3.042903,190.785
1050,22959.4673,4355.5018,2697.04,-3.102189,60,-3.042243,2863.66
1051,22960.1996,4355.3628,359.699,-3.101929,8,-3.041945,381.936
1052,22965.7318,4354.3137,225.255,-3.099962,5,-3.039693,239.248
1053,22970.6815,4353.3754,361.044,-3.098197,8,-3.037674,383.57
1054,22976.0193,4352.3640,226.084,-3.096288,5,-3.035492,240.255
1055,22981.7017,4351.2879,181.236,-3.094249,4,-3.033165,192.652
1056,22986.1573,4350.4444,907.635,-3.092646,20,-3.031336,965.023
1057,22989.2427,4349.8606,90.8645,-3.091533,2,-3.030068,96.6247
1058,22992.2932,4349.2834,409.341,-3.090432,9,-3.028813,435.357
1059,22994.5372,4348.8590,409.673,-3.089620,9,-3.027889,435.76
1060,22999.2603,4347.9659,182.389,-3.087909,4,-3.025941,194.049
1061,23001.3608,4347.5689,1140.8,-3.087147,25,-3.025074,1213.86
1062,23007.5807,4346.3935,320.147,-3.084885,7,-3.022503,340.755
1063,23010.2812,4345.8834,228.902,-3.083900,5,-3.021385,243.668
1064,23023.5464,4343.3795,276.019,-3.079046,6,-3.015878,294.017
1065,23026.6732,4342.7897,1151.4,-3.077897,25,-3.014577,1226.67
1066,23033.7470,4341.4560,277.057,-3.075292,6,-3.011628,295.269
1067,23034.8437,4341.2493,138.585,-3.074887,3,-3.011170,147.702
1068,23063.1790,4335.9157,420.152,-3.064364,9,-2.999297,448.399
1069,23076.4503,4333.4221,187.665,-3.059393,4,-2.993706,200.406
1070,23079.9820,4332.7590,939.57,-3.058065,20,-2.992215,1003.52
1071,23081.7787,4332.4218,188.041,-3.057389,4,-2.991456,200.857
1072,23082.9190,4332.2077,235.152,-3.056960,5,-2.990974,251.192
1073,23083.6428,4332.0719,141.13,-3.056688,3,-2.990669,150.761
1074,23085.1621,4331.7868,1412.11,-3.056115,30,-2.990026,1508.58
1075,23092.5316,4330.4044,94.4026,-3.053334,2,-2.986908,100.886
1076,23095.9893,4329.7561,189.052,-3.052027,4,-2.985444,202.068
1077,23098.5398,4329.2780,425.778,-3.051061,9,-2.984363,455.145
1078,23102.3086,4328.5717,236.882,-3.049633,5,-2.982765,253.263
1079,23110.0935,4327.1136,190.066,-3.046677,4,-2.979460,203.281
1080,23111.2424,4326.8985,95.0747,-3.046240,2,-2.978972,101.69
1081,23112.3282,4326.6952,1188.92,-3.045827,25,-2.978510,1271.71
1082,23115.6787,4326.0681,190.471,-3.044551,4,-2.977086,203.764
1083,23116.2987,4325.9521,95.2578,-3.044315,2,-2.976822,101.909
1084,23117.6506,4325.6991,190.614,-3.043800,4,-2.976247,203.935
1085,23122.3335,4324.8230,1193.47,-3.042013,25,-2.974254,1277.14
1086,23124.2768,4324.4596,477.741,-3.041271,10,-2.973427,511.278
1087,23129.2996,4323.5205,1435.98,-3.039351,30,-2.971287,1537.12
1088,23133.0573,4322.8182,47.9348,-3.037913,1,-2.969685,51.3195
1089,23133.4479,4322.7452,95.884,-3.037763,2,-2.969518,102.656
1090,23133.9187,4322.6572,143.852,-3.037583,3,-2.969317,154.015
1091,23134.6894,4322.5132,335.754,-3.037287,7,-2.968989,359.487
1092,23137.5593,4321.9770,192.071,-3.036187,4,-2.967764,205.673
1093,23138.2921,4321.8402,240.156,-3.035906,5,-2.967452,257.171
1094,23142.6479,4321.0267,144.335,-3.034234,3,-2.965592,154.59
1095,23145.5616,4320.4828,144.496,-3.033114,3,-2.964348,154.782
1096,23154.4394,4318.8262,193.321,-3.029696,4,-2.960553,207.161
1097,23159.5508,4317.8730,145.277,-3.027725,3,-2.958367,155.711
1098,23161.2473,4317.5568,4361.17,-3.027070,90,-2.957641,4674.72
1099,23166.5282,4316.5726,48.5564,-3.025029,1,-2.955380,52.0589
1100,23171.9190,4315.5683,194.631,-3.022943,4,-2.953071,208.717
1101,23183.7615,4313.3639,146.645,-3.018351,3,-2.947994,157.334
1102,23185.7087,4313.0016,440.269,-3.017594,9,-2.947159,472.398
1103,23202.0885,4309.9568,443.085,-3.011219,9,-2.940129,475.73
1104,23211.6076,4308.1893,444.734,-3.007503,9,-2.936040,477.679
1105,23214.1189,4307.7233,247.317,-3.006522,5,-2.934961,265.664
1106,23219.5207,4306.7211,446.112,-3.004409,9,-2.932640,479.306
1107,23221.8337,4306.2922,198.452,-3.003504,4,-2.931646,213.237
1108,23223.3716,4306.0070,297.857,-3.002902,6,-2.930985,320.067
1109,23225.1838,4305.6710,397.424,-3.002192,8,-2.930206,427.088
1110,23227.4020,4305.2598,447.491,-3.001323,9,-2.929253,480.932
1111,23227.9971,4305.1495,99.4657,-3.001090,2,-2.928997,106.901
1112,23232.9725,4304.2275,1494.9,-2.999139,30,-2.926859,1606.95
1113,23238.0283,4303.2911,49.9289,-2.997155,1,-2.924685,53.6816
1114,23238.8173,4303.1450,399.555,-2.996845,8,-2.924346,429.598
1115,23239.9082,4302.9430,4496.92,-2.996417,90,-2.923877,4835.25
1116,23245.0621,4301.9889,300.402,-2.994392,6,-2.921661,323.065
1117,23248.3536,4301.3799,50.1319,-2.993098,1,-2.920246,53.9204
1118,23249.9539,4301.0838,250.817,-2.992469,5,-2.919558,269.788
1119,23257.7813,4299.6363,402.546,-2.989388,8,-2.916194,433.115
1120,23258.6096,4299.4831,4530.12,-2.989062,90,-2.915837,4874.28
1121,23259.5721,4299.3052,453.184,-2.988683,9,-2.915424,487.63
1122,23262.7710,4298.7140,302.503,-2.987422,6,-2.914049,325.534
1123,23263.2270,4298.6298,201.705,-2.987243,4,-2.913853,217.065
1124,23265.8472,4298.1457,403.827,-2.986210,8,-2.912727,434.619
1125,23273.7767,4296.6812,455.729,-2.983082,9,-2.909319,490.615
1126,23280.5332,4295.4343,304.631,-2.980415,6,-2.906417,328.028
1127,23281.4183,4295.2710,406.316,-2.980066,8,-2.906036,437.537
1128,23292.0664,4293.3073,1530.11,-2.975857,30,-2.901464,1648.28
1129,23293.2382,4293.0914,1530.82,-2.975394,30,-2.900961,1649.11
1130,23300.2897,4291.7921,460.529,-2.972604,9,-2.897935,496.233
1131,23302.8097,4291.3280,204.884,-2.971607,4,-2.896854,220.786
1132,23304.9884,4290.9268,410.121,-2.970745,8,-2.895919,441.986
1133,23310.1672,4289.9735,513.704,-2.968694,10,-2.893699,553.71
1134,23311.9323,4289.6487,514.063,-2.967995,10,-2.892942,554.129
1135,23312.6717,4289.5126,205.685,-2.967702,4,-2.892625,221.722
1136,23314.3967,4289.1953,257.282,-2.967019,5,-2.891886,277.357
1137,23315.7539,4288.9456,205.937,-2.966481,4,-2.891304,222.015
1138,23319.1382,4288.3231,1546.6,-2.965140,30,-2.889854,1667.53
1139,23322.7072,4287.6669,516.262,-2.963725,10,-2.888326,556.693
1140,23323.4621,4287.5281,6197,-2.963426,120,-2.888002,6682.48
1141,23332.2635,4285.9108,103.644,-2.959936,2,-2.884236,111.795
1142,23333.8216,4285.6246,2074.17,-2.959318,40,-2.883569,2237.39
1143,23342.2888,4284.0700,520.288,-2.955959,10,-2.879949,561.376
1144,23345.3341,4283.5112,364.642,-2.954750,7,-2.878648,393.475
1145,23346.7629,4283.2491,312.727,-2.954183,6,-2.878038,337.47
1146,23350.1328,4282.6309,469.719,-2.952846,9,-2.876599,506.934
1147,23351.5834,4282.3648,208.884,-2.952270,4,-2.875980,225.443
1148,23359.4411,4280.9243,419.074,-2.949150,8,-2.872629,452.401
1149,23361.9691,4280.4611,262.184,-2.948147,5,-2.871551,283.055
1150,23363.4915,4280.1822,314.811,-2.947542,6,-2.870902,339.887
1151,23365.0314,4279.9001,262.503,-2.946931,5,-2.870246,283.425
1152,23369.6691,4279.0507,525.974,-2.945089,10,-2.868272,567.97
1153,23375.2525,4278.0287,474.427,-2.942872,9,-2.865896,512.389
1154,23379.5499,4277.2423,316.825,-2.941166,6,-2.864069,342.217
1155,23380.1575,4277.1312,528.169,-2.940924,10,-2.863811,570.509
1156,23384.8385,4276.2750,9524.73,-2.939065,180,-2.861823,10289.6
1157,23385.3970,4276.1729,423.415,-2.938844,8,-2.861586,457.424
1158,23386.1787,4276.0299,1588.3,-2.938533,30,-2.861254,1715.91
1159,23388.5521,4275.5960,105.986,-2.937591,2,-2.860247,114.509
1160,23391.0164,4275.1456,212.18,-2.936612,4,-2.859201,229.258
1161,23391.4911,4275.0588,265.276,-2.936424,5,-2.859000,286.63
1162,23396.8679,4274.0764,1595.06,-2.934289,30,-2.856721,1723.71
1163,23401.8830,4273.1604,106.549,-2.932298,2,-2.854597,115.158
1164,23412.2736,4271.2639,320.968,-2.928174,6,-2.850204,346.995
1165,23413.7067,4271.0025,1070.5,-2.927605,20,-2.849599,1157.35
1166,23419.0979,4270.0193,536.397,-2.925466,10,-2.847324,579.993
1167,23424.2283,4269.0841,1074.98,-2.923431,20,-2.845162,1162.5
1168,23426.1533,4268.7333,268.95,-2.922667,5,-2.844351,290.86
1169,23428.2941,4268.3432,1076.71,-2.921818,20,-2.843450,1164.49
1170,23431.8766,4267.6906,485.21,-2.920398,9,-2.841943,524.81
1171,23433.8975,4267.3226,323.733,-2.919597,6,-2.841094,350.171
1172,23438.0824,4266.5606,1080.9,-2.917938,20,-2.839336,1169.29
1173,23453.9970,4263.6656,217.547,-2.911635,4,-2.832667,235.423
1174,23462.9364,4262.0411,491.215,-2.908097,9,-2.828933,531.683
1175,23464.6419,4261.7313,273.081,-2.907423,5,-2.828222,295.59
1176,23470.8184,4260.6099,383.249,-2.904981,7,-2.825648,414.892
1177,23471.3087,4260.5209,383.323,-2.904787,7,-2.825444,414.976
1178,23475.4588,4259.7677,493.653,-2.903148,9,-2.823718,534.463
1179,23480.6517,4258.8256,1099.26,-2.901097,20,-2.821561,1190.26
1180,23484.5515,4258.1184,1376.19,-2.899558,25,-2.819943,1490.23
1181,23510.3274,4253.4499,500.485,-2.889403,9,-2.809298,542.225
1182,23520.0676,4251.6885,111.645,-2.885575,2,-2.805299,120.977
1183,23521.1337,4251.4958,2233.84,-2.885156,40,-2.804863,2420.6
1184,23521.9097,4251.3555,558.631,-2.884852,10,-2.804545,605.343
1185,23523.0324,4251.1526,391.214,-2.884411,7,-2.804085,423.935
1186,23525.8072,4250.6512,1678.46,-2.883322,30,-2.802949,1818.93
1187,23526.7265,4250.4851,1679.06,-2.882962,30,-2.802573,1819.61
1188,23529.3109,4250.0182,280.128,-2.881948,5,-2.801517,303.589
1189,23531.3320,4249.6532,280.35,-2.881156,5,-2.800691,303.84
1190,23532.8329,4249.3822,561.029,-2.880567,10,-2.800079,608.053
1191,23533.7483,4249.2169,448.984,-2.880209,8,-2.799705,486.624
1192,23539.1893,4248.2347,1687.28,-2.878078,30,-2.797488,1828.89
1193,23540.0811,4248.0737,450.099,-2.877729,8,-2.797125,487.881
1194,23544.6106,4247.2565,563.622,-2.875957,10,-2.795284,610.975
1195,23546.5405,4246.9084,564.047,-2.875202,10,-2.794500,611.455
1196,23547.7215,4246.6954,846.462,-2.874740,15,-2.794020,917.622
1197,23550.4334,4246.2064,282.453,-2.873681,5,-2.792921,306.21
1198,23553.2264,4245.7028,1696.57,-2.872590,30,-2.791789,1839.34
1199,23557.7381,4244.8897,226.608,-2.870829,4,-2.789964,245.694
1200,23565.7612,4243.4445,1136.59,-2.867702,20,-2.786726,1232.45
1201,23569.9289,4242.6942,113.843,-2.866080,2,-2.785048,123.452
1202,23570.9616,4242.5083,1423.61,-2.865678,25,-2.784633,1543.79
1203,23574.6588,4241.8429,456.212,-2.864240,8,-2.783147,494.748
1204,23580.7587,4240.7457,114.323,-2.861870,2,-2.780702,123.99
1205,23593.9765,4238.3699,172.366,-2.856747,3,-2.775424,186.969
1206,23607.0836,4236.0167,1443.68,-2.851682,25,-2.770221,1566.2
1207,23619.6220,4233.7680,406.187,-2.846852,7,-2.765273,440.712
1208,23623.8374,4233.0126,58.1208,-2.845232,1,-2.763616,63.0633
1209,23625.8865,4232.6454,10470,-2.844445,180,-2.762812,11360.5
1210,23627.4775,4232.3604,232.808,-2.843835,4,-2.762188,252.614
1211,23635.5488,4230.9151,350.294,-2.840741,6,-2.759031,380.119
1212,23636.8679,4230.6790,1752.36,-2.840236,30,-2.758516,1901.57
1213,23637.7502,4230.5211,1168.63,-2.839898,20,-2.758172,1268.15
1214,23643.8779,4229.4246,1757.06,-2.837556,30,-2.755786,1906.77
1215,23651.8027,4228.0075,411.222,-2.834532,7,-2.752711,446.283
1216,23661.1798,4226.3319,1768.68,-2.830964,30,-2.749090,1919.58
1217,23665.5992,4225.5427,354.33,-2.829286,6,-2.747389,384.57
1218,23693.1093,4220.6364,7160.63,-2.818894,120,-2.736896,7772.53
1219,23694.8718,4220.3225,238.846,-2.818231,4,-2.736230,259.257
1220,23696.0733,4220.1085,179.215,-2.817780,3,-2.735775,194.531
1221,23697.6739,4219.8235,239.097,-2.817179,4,-2.735171,259.532
1222,23720.9307,4215.6862,301.482,-2.808484,5,-2.726454,327.255
1223,23732.0363,4213.7134,121.091,-2.804359,2,-2.722336,131.442
1224,23733.1968,4213.5074,181.715,-2.803929,3,-2.721907,197.248
1225,23738.4527,4212.5745,242.758,-2.801984,4,-2.719970,263.507
1226,23746.5833,4211.1321,60.8719,-2.798983,1,-2.716986,66.0736
1227,23746.9836,4211.0611,60.8809,-2.798835,1,-2.716839,66.0833
1228,23749.1398,4210.6788,913.939,-2.798041,15,-2.716051,992.031
1229,23750.5392,4210.4307,304.803,-2.797526,5,-2.715540,330.846
1230,23754.5687,4209.7165,305.255,-2.796045,5,-2.714071,331.333
1231,23767.7825,4207.3761,61.3472,-2.791205,1,-2.709282,66.5846
1232,23773.1629,4206.4239,614.678,-2.789243,10,-2.707344,667.138
1233,23774.9038,4206.1159,492.054,-2.788608,8,-2.706719,534.044
1234,23777.5621,4205.6456,1539.16,-2.787641,25,-2.705766,1670.48
1235,23780.0467,4205.2062,1540.55,-2.786738,25,-2.704876,1671.97
1236,23781.3872,4204.9692,924.778,-2.786251,15,-2.704397,1003.66
1237,23785.3079,4204.2760,493.917,-2.784829,8,-2.702998,536.035
1238,23787.0832,4203.9623,185.338,-2.784186,3,-2.702366,201.14
1239,23788.3076,4203.7459,927.101,-2.783743,15,-2.701930,1006.14
1240,23789.9091,4203.4629,1236.85,-2.783164,20,-2.701361,1342.28
1241,23792.4971,4203.0057,61.9004,-2.782228,1,-2.700443,67.1757
1242,23792.9207,4202.9308,61.9099,-2.782075,1,-2.700293,67.1858
1243,23794.7830,4202.6019,185.855,-2.781403,3,-2.699634,201.69
1244,23806.5520,4200.5243,124.429,-2.777168,2,-2.695488,135.019
1245,23812.4897,4199.4769,436.429,-2.775041,7,-2.693411,473.549
1246,23816.4494,4198.7787,124.87,-2.773625,2,-2.692031,135.486
1247,23819.7734,4198.1928,15002.2,-2.772439,240,-2.690875,16277.2
1248,23856.1116,4191.7980,569.851,-2.759604,9,-2.678447,618.028
1249,23856.8295,4191.6718,949.991,-2.759353,15,-2.678205,1030.3
1250,23858.9590,4191.2977,316.899,-2.758609,5,-2.677489,343.678
1251,23864.2031,4190.3767,63.4959,-2.756780,1,-2.675730,68.8565
1252,23865.5998,4190.1314,1588.17,-2.756294,25,-2.675263,1722.22
1253,23875.8372,4188.3348,63.7529,-2.752741,1,-2.671858,69.1237
1254,23888.7766,4186.0662,320.19,-2.748280,5,-2.667599,347.094
1255,23891.6921,4185.5554,64.102,-2.747280,1,-2.666646,69.4849
1256,23892.8336,4185.3554,11542.9,-2.746888,180,-2.666274,12511.9
1257,23895.2214,4184.9372,64.1795,-2.746071,1,-2.665496,69.5648
1258,23897.6717,4184.5081,1284.67,-2.745233,20,-2.664700,1392.4
1259,23898.4094,4184.3789,513.996,-2.744981,8,-2.664461,557.095
1260,23905.5518,4183.1287,450.843,-2.742547,7,-2.662152,488.585
1261,23911.8636,4182.0245,1613.6,-2.740405,25,-2.660125,1748.49
1262,23914.9194,4181.4901,581.499,-2.739371,9,-2.659148,630.071
1263,23918.0270,4180.9469,9701.82,-2.738322,150,-2.658157,10511.6
1264,23922.9240,4180.0910,194.357,-2.736672,3,-2.656603,210.559
1265,23927.6936,4179.2578,1622.24,-2.735070,25,-2.655096,1757.3
1266,23929.0473,4179.0214,194.757,-2.734616,3,-2.654669,210.966
1267,23933.2909,4178.2804,195.034,-2.733196,3,-2.653336,211.248
1268,23934.7474,4178.0261,130.086,-2.732710,2,-2.652880,140.896
1269,23938.7187,4177.3330,65.129,-2.731385,1,-2.651639,70.5355
1270,23946.6420,4175.9508,65.3006,-2.728754,1,-2.649180,70.7092
1271,23947.1234,4175.8669,130.622,-2.728595,2,-2.649031,141.439
1272,23948.2714,4175.6667,130.672,-2.728215,2,-2.648676,141.49
1273,23953.5438,4174.7476,392.698,-2.726473,6,-2.647054,425.158
1274,23961.7204,4173.3231,5906.33,-2.723785,90,-2.644555,6393.33
1275,23990.8171,4168.2615,596.237,-2.714342,9,-2.635844,644.926
1276,23994.2929,4167.6577,198.967,-2.713227,3,-2.634822,215.195
1277,23997.4680,4167.1063,531.119,-2.712211,8,-2.633893,574.387
1278,24002.2718,4166.2723,531.933,-2.710678,8,-2.632493,575.192
1279,24025.3171,4162.2760,334.886,-2.703404,5,-2.625889,361.877
1280,24026.2734,4162.1103,401.983,-2.703105,6,-2.625619,434.37
1281,24031.9806,4161.1219,268.466,-2.701325,4,-2.624014,290.045
1282,24039.4811,4159.8236,134.546,-2.698997,2,-2.621922,145.326
1283,24053.8311,4157.3419,1351.41,-2.694585,20,-2.617977,1459.01
1284,24058.4505,4156.5437,135.332,-2.693175,2,-2.616723,146.084
1285,24062.3234,4155.8747,203.236,-2.691998,3,-2.615677,219.355
1286,24070.8700,4154.3991,1358.42,-2.689413,20,-2.613390,1465.71
1287,24071.9373,4154.2149,1698.57,-2.689092,25,-2.613106,1832.66
1288,24075.1484,4153.6608,544.066,-2.688126,8,-2.612254,586.952
1289,24083.8120,4152.1666,681.847,-2.685536,10,-2.609977,735.363
1290,24087.2889,4151.5673,409.531,-2.684501,6,-2.609071,441.618
1291,24087.7004,4151.4963,204.791,-2.684379,3,-2.608964,220.832
1292,24092.4130,4150.6843,1025.38,-2.682983,15,-2.607743,1105.51
1293,24098.9594,4149.5568,410.946,-2.681054,6,-2.606062,442.948
1294,24100.1725,4149.3479,205.546,-2.680697,3,-2.605752,221.543
1295,24102.0793,4149.0196,6169.83,-2.680138,90,-2.605266,6649.51
1296,24106.7875,4148.2093,549.185,-2.678762,8,-2.604073,591.774
1297,24107.7175,4148.0493,686.667,-2.678490,10,-2.603838,739.891
1298,24110.2400,4147.6153,549.737,-2.677756,8,-2.603203,592.289
1299,24110.7219,4147.5324,274.907,-2.677616,4,-2.603082,296.18
1300,24111.1521,4147.4584,206.206,-2.677491,3,-2.602974,222.159
1301,24111.5712,4147.3863,412.463,-2.677369,6,-2.602869,444.365
1302,24121.6932,4145.6460,8273.42,-2.674443,120,-2.600350,8909.71
1303,24133.4212,4143.6313,6225.92,-2.671089,90,-2.597481,6701.48
1304,24165.2422,4138.1750,418.774,-2.662183,6,-2.589970,450.134
1305,24170.1729,4137.3308,209.671,-2.660829,3,-2.588842,225.321
1306,24171.9910,4137.0196,139.85,-2.660331,2,-2.588428,150.276
1307,24187.5819,4134.3529,491.549,-2.656104,7,-2.584938,527.805
1308,24195.2507,4133.0425,562.924,-2.654052,8,-2.583258,604.22
1309,24229.8307,4127.1440,71.0042,-2.645016,1,-2.575985,76.0789
1310,24259.9772,4122.0154,2146.33,-2.637438,30,-2.570056,2295.94
1311,24267.4537,4120.7455,143.351,-2.635603,2,-2.568646,153.279
1312,24301.4502,4114.9808,433.559,-2.627486,6,-2.562543,462.65
1313,24307.1105,4114.0225,1447.1,-2.626171,20,-2.561577,1543.66
1314,24329.7606,4110.1925,145.458,-2.621015,2,-2.557854,154.942
1315,24337.2225,4108.9323,291.4,-2.619354,4,-2.556678,310.248
1316,24350.6202,4106.6716,365.32,-2.616419,5,-2.554631,388.604
1317,24364.9219,4104.2611,366.442,-2.613353,5,-2.552537,389.419
1318,24365.4166,4104.1777,586.368,-2.613248,8,-2.552467,623.114
1319,24368.4204,4103.6718,73.3426,-2.612614,1,-2.552039,77.9226
1320,24407.8408,4097.0441,369.671,-2.604581,5,-2.546828,391.649
1321,24414.0699,4095.9988,518.17,-2.603361,7,-2.546072,548.723
1322,24417.8388,4095.3665,518.549,-2.602631,7,-2.545623,548.969
1323,24458.2919,4088.5930,597.102,-2.595109,8,-2.541242,630.148
1324,24477.1013,4085.4511,74.8839,-2.591816,1,-2.539478,78.9075
1325,24482.2575,4084.5906,74.9498,-2.590937,1,-2.539026,78.9433
1326,24487.1569,4083.7734,1125.18,-2.590110,15,-2.538608,1184.64
1327,24489.3994,4083.3994,375.2,-2.589735,5,-2.538420,394.955
1328,24496.4614,4082.2223,525.894,-2.588566,7,-2.537847,553.255
1329,24496.7130,4082.1803,450.785,-2.588524,6,-2.537827,474.228
1330,24498.0634,4081.9553,300.59,-2.588303,4,-2.537720,316.186
1331,24539.6936,4075.0305,151.272,-2.581821,2,-2.534886,158.542
1332,24540.0502,4074.9713,151.28,-2.581768,2,-2.534865,158.545
1333,24576.3676,4068.9496,76.0268,-2.576669,1,-2.533127,79.4103
1334,24586.5277,4067.2681,76.1283,-2.575336,1,-2.532764,79.4391
1335,24593.4169,4066.1288,533.367,-2.574455,7,-2.532549,556.194
1336,24669.1886,4053.6396,461.034,-2.566044,6,-2.531855,477.068
1337,24670.6422,4053.4008,153.699,-2.565906,2,-2.531872,159.02
1338,24671.3726,4053.2808,153.71,-2.565837,2,-2.531881,159.019
1339,24686.4395,4050.8069,615.685,-2.564462,8,-2.532133,635.915
1340,24719.2296,4045.4335,540.159,-2.561801,7,-2.533115,555.879
1341,24760.1193,4038.7528,309.488,-2.559132,4,-2.535184,316.988
1342,24780.1695,4035.4849,387.263,-2.558090,5,-2.536546,395.696
1343,24784.2721,4034.8169,77.4674,-2.557898,1,-2.536853,79.115
1344,24792.5209,4033.4745,542.468,-2.557536,7,-2.537500,553.447
1345,24803.9383,4031.6178,310.122,-2.557085,4,-2.538460,315.952
1346,24809.3226,4030.7429,13958.2,-2.556892,180,-2.538939,14211
1347,24815.6108,4029.7215,310.246,-2.556683,4,-2.539520,315.617
1348,24866.9222,4021.4064,465.85,-2.555651,6,-2.545125,470.78
1349,24878.7228,4019.4989,6988.22,-2.555584,90,-2.546634,7051.05
1350,24894.9493,4016.8790,155.292,-2.555597,2,-2.548845,156.344
1351,24906.5975,4015.0004,77.6393,-2.555681,1,-2.550529,78.0403
1352,24913.5034,4013.8875,776.331,-2.555761,10,-2.551567,779.594
1353,24925.0466,4012.0286,232.856,-2.555945,3,-2.553365,233.458
1354,24933.3076,4010.6993,155.211,-2.556115,2,-2.554702,155.431
1355,24981.9793,4002.8854,154.954,-2.557776,2,-2.563423,154.081
1356,24982.7287,4002.7653,77.4742,-2.557810,1,-2.563569,77.0293
1357,24986.9185,4002.0941,619.671,-2.558008,8,-2.564390,615.729
1358,24991.6901,4001.3300,15488.1,-2.558243,200,-2.565338,15378.6
1359,25006.2802,3998.9954,309.519,-2.559031,4,-2.568325,306.655
1360,25042.9496,3993.1399,308.765,-2.561468,4,-2.576419,304.183
1361,25044.1911,3992.9419,308.736,-2.561562,4,-2.576708,304.095
1362,25082.6323,3986.8224,230.792,-2.564853,3,-2.586134,225.932
1363,25094.9681,3984.8626,153.675,-2.566064,2,-2.589359,150.136
1364,25095.4902,3984.7797,230.5,-2.566117,3,-2.589497,225.173
1365,25103.8325,3983.4555,460.601,-2.566982,6,-2.591736,449.34
1366,25115.2799,3981.6399,11500.7,-2.568226,150,-2.594881,11198.2
1367,25117.5511,3981.2799,306.608,-2.568481,4,-2.595514,298.43
1368,25124.1025,3980.2417,2562.87,-2.054606,20,-2.597362,1489.4
1369,25132.1381,3978.9691,1028.33,-2.051504,8,-1.959603,1127.31
1370,25155.6228,3975.2544,518.919,-2.042302,4,-1.952729,567.545
1371,25193.2137,3969.3229,790.248,-2.027168,6,-1.941242,861.154
1372,25216.3393,3965.6827,132.972,-2.017615,1,-1.933884,144.586
1373,25239.8035,3961.9960,268.585,-2.007736,2,-1.926197,291.402
1374,25318.8692,3949.6235,1112.19,-1.973114,8,-1.898698,1198.11
1375,25340.6622,3946.2268,421.217,-1.963220,3,-1.890698,452.899
1376,25409.8374,3935.4837,145.024,-1.930857,1,-1.864148,155.028
1377,25414.5075,3934.7605,1162.79,-1.928621,8,-1.862294,1242.53
1378,25420.6198,3933.8144,145.776,-1.925685,1,-1.859855,155.695
1379,25429.6595,3932.4160,2196.2,-1.921322,15,-1.856225,2343.92
1380,25448.0223,3929.5784,295.454,-1.912388,2,-1.848763,314.864
1381,25460.2790,3927.6867,297.237,-1.906371,2,-1.843718,316.456
1382,25495.7891,3922.2163,907.607,-1.888703,6,-1.828815,963.623
1383,25548.6691,3914.0982,1243.19,-1.861759,8,-1.805851,1314.68
1384,25555.9702,3912.9800,623.95,-1.857980,4,-1.802610,659.472
1385,25574.7671,3910.1040,157.522,-1.848189,1,-1.794188,166.262
1386,25598.7081,3906.4471,1595.2,-1.835589,10,-1.783302,1680.82
1387,25640.3385,3900.1045,1141.76,-1.813338,7,-1.763958,1199.56
1388,25657.6628,3897.4711,329.293,-1.803954,2,-1.755757,345.553
1389,25691.7674,3892.2974,1342.01,-1.785275,8,-1.739356,1405.07
1390,25714.2726,3888.8909,509.57,-1.772801,3,-1.728353,532.73
1391,25732.9835,3886.0632,1716.42,-1.762343,10,-1.719097,1792.28
1392,25739.1475,3885.1326,344.475,-1.758881,2,-1.716027,359.558
1393,25743.7673,3884.4354,345.372,-1.756281,2,-1.713720,360.389
1394,25755.4636,3882.6713,173.83,-1.749676,1,-1.707851,181.255
1395,25757.3299,3882.3900,348.028,-1.748620,2,-1.706911,362.851
1396,25763.8211,3881.4118,523.967,-1.744939,3,-1.703635,546.062
1397,25766.2268,3881.0494,349.789,-1.743573,2,-1.702418,364.485
1398,25774.2775,3879.8372,351.395,-1.738991,2,-1.698334,365.976
1399,25780.3708,3878.9202,176.31,-1.735514,1,-1.695232,183.557
1400,25787.2879,3877.8797,531.026,-1.731557,3,-1.691698,552.619
1401,25787.7794,3877.8058,531.175,-1.731275,3,-1.691447,552.758
1402,25795.5629,3876.6357,177.851,-1.726810,1,-1.687454,184.99
1403,25823.4093,3872.4554,361.467,-1.710733,2,-1.673044,375.35
1404,25843.2132,3869.4879,182.829,-1.699202,1,-1.662676,189.631
1405,25853.8283,3867.8991,183.969,-1.692989,1,-1.657078,190.695
1406,25860.1004,3866.9610,369.294,-1.689308,2,-1.653757,382.659
1407,25876.0227,3864.5816,1118.32,-1.679928,6,-1.645285,1157.75
1408,25887.3282,3862.8938,11258.3,-1.673238,60,-1.639231,11647.8
1409,25895.2120,3861.7178,754.075,-1.668558,4,-1.634992,779.816
1410,25911.1472,3859.3428,1141.9,-1.659063,6,-1.626378,1179.84
1411,25916.5398,3858.5398,2863.98,-1.655839,15,-1.623450,2958.26
1412,26000.0696,3846.1435,1004.22,-1.605231,5,-1.577244,1032.72
1413,26008.1112,3844.9543,403.674,-1.600294,2,-1.572715,414.962
1414,26009.9313,3844.6853,404.126,-1.599175,2,-1.571688,415.389
1415,26036.5879,3840.7490,410.829,-1.582726,2,-1.556564,421.718
1416,26130.8126,3826.8997,1961.18,-1.523676,9,-1.501950,2004.26
1417,26152.8875,3823.6696,220.988,-1.509648,1,-1.488907,225.619
1418,26157.9829,3822.9247,1773.65,-1.506401,8,-1.485883,1810.42
1419,26163.5781,3822.1072,1557.5,-1.502830,7,-1.482558,1589.39
1420,26172.5625,3820.7952,1790.25,-1.497087,8,-1.477205,1826.2
1421,26189.4096,3818.3373,13572.6,-1.486288,60,-1.467130,13835.2
1422,26211.1079,3815.1764,458.784,-1.472323,2,-1.454079,467.231
1423,26221.5702,3813.6541,923.788,-1.465567,4,-1.447757,940.388
1424,26247.4001,3809.9012,2348.46,-1.448826,10,-1.432070,2388.14
1425,26252.9411,3809.0970,235.693,-1.445224,1,-1.428690,239.623
1426,26261.6306,3807.8367,711.091,-1.439567,3,-1.423379,722.696
1427,26285.9011,3804.3208,963.269,-1.423717,4,-1.408480,978.058
1428,26290.6788,3803.6294,241.572,-1.420588,1,-1.405537,245.235
1429,26311.5320,3800.6149,244.901,-1.406902,1,-1.392645,248.417
1430,26314.7270,3800.1534,245.416,-1.404800,1,-1.390664,248.91
1431,26332.5470,3797.5818,1489.89,-1.393058,6,-1.379586,1510.1
1432,26409.0895,3786.5751,1306.32,-1.342224,5,-1.331468,1320.45
1433,26415.3330,3785.6801,1049.43,-1.338051,4,-1.327506,1060.55
1434,26422.3871,3784.6694,2372.38,-1.333331,9,-1.323024,2396.96
1435,26451.1027,3780.5607,537.45,-1.314067,2,-1.304710,542.503
1436,26487.0819,3775.4253,825.96,-1.289821,3,-1.281612,832.769
1437,26491.1731,3774.8423,276.082,-1.287057,1,-1.278975,278.322
1438,26507.7302,3772.4845,1954.35,-1.275854,7,-1.268283,1969.2
1439,26525.9603,3769.8918,1130.66,-1.263493,4,-1.256473,1138.63
1440,26529.6988,3769.3605,1133.53,-1.260954,4,-1.254046,1141.39
1441,26564.3100,3764.4494,290.138,-1.237399,1,-1.231502,291.854
1442,26569.0193,3763.7821,1746.43,-1.234187,6,-1.228424,1756.52
1443,26579.9733,3762.2310,586.512,-1.226709,2,-1.221255,589.72
1444,26581.2031,3762.0570,587.005,-1.225869,2,-1.220450,590.195
1445,26597.8015,3759.7092,296.853,-1.214518,1,-1.209560,298.328
1446,26633.0233,3754.7371,1216.44,-1.190367,4,-1.186358,1221.32
1447,26645.8432,3752.9306,613.602,-1.181556,2,-1.177882,615.861
1448,26693.5034,3746.2299,634.094,-1.148706,2,-1.146232,635.664
1449,26705.0576,3744.6090,1278.35,-1.140721,4,-1.138528,1281.16
1450,26730.2479,3741.0802,2276.46,-1.123287,7,-1.121690,2280.1
1451,26740.2785,3739.6768,654.956,-1.116335,2,-1.114970,655.85
1452,26756.7726,3737.3715,993.74,-1.104892,3,-1.103903,994.724
1453,26784.1210,3733.5554,337.601,-1.085889,1,-1.085504,337.732
1454,26822.5014,3728.2131,346.746,-1.059162,1,-1.059587,346.599
1455,26890.1304,3718.8366,363.519,-1.011923,1,-1.013673,362.884
1456,26898.1233,3717.7315,1096.68,-1.006329,3,-1.008227,1094.6
1457,26937.8332,3712.2511,751.742,-0.978509,2,-0.981116,749.785
1458,26953.4790,3710.0962,3420.17,-0.967535,9,-0.970411,3410.35
1459,26976.0605,3706.9905,386.089,-0.951687,1,-0.954938,384.836
1460,26979.0388,3706.5813,386.897,-0.949596,1,-0.952895,385.623
1461,26982.6499,3706.0852,387.88,-0.947060,1,-0.950418,386.579
1462,27009.8701,3702.3503,790.737,-0.927937,2,-0.931725,787.747
1463,27057.0196,3695.8986,817.392,-0.894784,2,-0.899270,813.733
1464,27059.4670,3695.5643,1637.6,-0.893062,4,-0.897583,1630.21
1465,27059.9197,3695.5025,819.061,-0.892743,2,-0.897271,815.361
1466,27073.2328,3693.6852,826.77,-0.883376,2,-0.888090,822.881
1467,27075.0813,3693.4331,413.923,-0.882075,1,-0.886815,411.966
1468,27076.3929,3693.2541,414.305,-0.881152,1,-0.885910,412.339
1469,27085.3804,3692.0286,4169.34,-0.874827,10,-0.879708,4149.04
1470,27094.0333,3690.8495,419.481,-0.868737,1,-0.873734,417.39
1471,27097.1870,3690.4200,420.413,-0.866517,1,-0.871555,418.3
1472,27105.0607,3689.3480,845.5,-0.860975,2,-0.866116,841.164
1473,27109.5808,3688.7328,424.097,-0.857792,1,-0.862993,421.897
1474,27116.3605,3687.8105,3835.14,-0.853019,9,-0.858307,3814.91
1475,27118.5470,3687.5132,853.566,-0.851480,2,-0.856796,849.04
1476,27129.9217,3685.9672,430.214,-0.843471,1,-0.848930,427.872
1477,27138.5608,3684.7938,1731.36,-0.837388,4,-0.842954,1721.75
1478,27146.3371,3683.7382,1305.65,-0.831913,3,-0.837573,1298.28
1479,27150.9884,3683.1072,436.644,-0.828638,1,-0.834353,434.155
1480,27157.8099,3682.1820,438.746,-0.823834,1,-0.829631,436.21
1481,27160.4971,3681.8177,439.577,-0.821942,1,-0.827770,437.023
1482,27163.4780,3681.4137,1321.5,-0.819843,3,-0.825706,1313.78
1483,27174.7807,3679.8825,13320.6,-0.811884,30,-0.817877,13241
1484,27179.8198,3679.2003,13368,-0.808335,30,-0.814386,13287.3
1485,27187.2618,3678.1931,447.94,-0.803095,1,-0.809229,445.201
1486,27197.7373,3676.7765,2256.28,-0.795719,5,-0.801967,2242.23
1487,27203.4411,3676.0055,453.073,-0.791703,1,-0.798013,450.223
1488,27208.7072,3675.2941,1819.02,-0.787995,4,-0.794361,1807.48
1489,27220.8320,3673.6570,3669.23,-0.779459,8,-0.785952,3645.49
1490,27237.3874,3671.4241,928.061,-0.767805,2,-0.774466,921.9
1491,27241.8311,3670.8252,930.969,-0.764677,2,-0.771382,924.747
1492,27257.9114,3668.6597,941.564,-0.753360,2,-0.760221,935.126
1493,27260.1627,3668.3567,1886.11,-0.751776,4,-0.758658,1873.18
1494,27265.5611,3667.6304,473.323,-0.747977,1,-0.754910,470.053
1495,27267.6593,3667.3482,948.045,-0.746501,2,-0.753453,941.476
1496,27298.5887,3663.1930,4844.48,-0.724745,10,-0.731975,4809.58
1497,27312.1523,3661.3738,978.18,-0.715208,2,-0.722553,971.022
1498,27322.3582,3660.0062,1477.83,-0.708035,3,-0.715463,1466.9
1499,27327.0100,3659.3832,494.224,-0.704765,1,-0.712232,490.548
1500,27333.0994,3658.5679,496.344,-0.700487,1,-0.708001,492.628
1501,27350.5129,3656.2386,2009.81,-0.688254,4,-0.695903,1994.5
1502,27350.8376,3656.1952,1507.7,-0.688026,3,-0.695678,1496.21
1503,27351.4799,3656.1093,4022.35,-0.687575,8,-0.695231,3991.67
1504,27357.5283,3655.3010,4039.47,-0.683328,8,-0.691029,4008.48
1505,27362.6194,3654.6209,91213.6,-0.679753,180,-0.687492,90510.4
1506,27368.6278,3653.8186,4579.95,-0.675536,9,-0.683318,4544.45
1507,27380.3198,3652.2583,513.077,-0.667330,1,-0.675195,509.057
1508,27389.1106,3651.0861,2065,-0.661163,4,-0.669088,2048.7
1509,27399.0328,3649.7639,519.855,-0.654204,1,-0.662195,515.718
1510,27423.7307,3646.4769,528.933,-0.636894,1,-0.645040,524.642
1511,27431.0131,3645.5088,4784.74,-0.631793,9,-0.639983,4745.71
1512,27440.7886,3644.2101,535.289,-0.624948,1,-0.633195,530.893
1513,27443.3325,3643.8723,4826.19,-0.623167,9,-0.631428,4786.48
1514,27446.7613,3643.4171,3225.19,-0.620767,6,-0.629048,3198.6
1515,27501.4319,3636.1743,1116.94,-0.582551,2,-0.591109,1107.43
1516,27508.8022,3635.2001,5052.17,-0.577407,9,-0.585998,5008.95
1517,27509.0171,3635.1717,2245.75,-0.577257,4,-0.585849,2226.53
1518,27544.8030,3630.4489,575.62,-0.552308,1,-0.561047,570.611
1519,27544.8030,3630.4489,575.62,-0.552308,1,-0.561047,570.611
1520,27594.4809,3623.9131,595.855,-0.517758,1,-0.526663,590.573
1521,27604.9892,3622.5336,600.218,-0.510463,1,-0.519397,594.879
1522,27637.3992,3618.2855,613.855,-0.487996,1,-0.497010,608.347
1523,27659.7276,3615.3646,623.412,-0.472547,1,-0.481605,617.791
1524,27663.4218,3614.8818,625.006,-0.469994,1,-0.479057,619.367
1525,27664.0589,3614.7986,625.282,-0.469553,1,-0.478618,619.639
1526,27665.8023,3614.5708,626.035,-0.468348,1,-0.477416,620.384
1527,27683.0402,3612.3200,633.533,-0.456444,1,-0.465539,627.797
1528,27715.4411,3608.0970,2591.36,-0.434110,4,-0.443242,2567.81
1529,27744.2781,3604.3468,4625.7,-0.414282,7,-0.423432,4583.57
1530,27760.6621,3602.2196,4678.01,-0.403037,7,-0.412193,4635.38
1531,27766.2777,3601.4910,1341.73,-0.399186,2,-0.408343,1329.5
1532,27807.7498,3596.1198,1380.35,-0.370809,2,-0.379957,1367.78
1533,27835.4599,3592.5399,2813.38,-0.351909,4,-0.361037,2787.81
1534,27836.7832,3592.3691,21119.4,-0.351007,30,-0.360134,20927.5
1535,27848.0511,3590.9156,5675.19,-0.343337,8,-0.352452,5623.7
1536,27888.6498,3585.6881,6563.04,-0.315771,9,-0.324830,6503.85
1537,27941.2306,3578.9404,5289.21,-0.280242,7,-0.289193,5242.07
1538,27945.7827,3578.3575,6063.37,-0.277175,8,-0.286116,6009.4
1539,27950.0809,3577.8072,6841.06,-0.274281,9,-0.283211,6780.24
1540,27967.5321,3575.5747,1538.18,-0.262545,2,-0.271430,1524.58
1541,27967.5321,3575.5747,1538.18,-0.262545,2,-0.271430,1524.58
1542,27990.4997,3572.6408,781.035,-0.247135,1,-0.255954,774.178
1543,28002.1017,3571.1605,787.126,-0.239366,1,-0.248149,780.243
1544,28015.6219,3569.4371,1588.55,-0.230327,2,-0.239066,1574.73
1545,28019.7124,3568.9160,796.447,-0.227594,1,-0.236320,789.528
1546,28035.8386,3566.8632,7245.55,-0.216837,9,-0.225506,7183.01
1547,28047.1623,3565.4231,24334.7,-0.209295,30,-0.217923,24125.6
1548,28058.0722,3564.0367,20426.6,-0.202039,25,-0.210626,20251.9
1549,28084.9994,3560.6196,1663.58,-0.184173,2,-0.192652,1649.54
1550,28085.7491,3560.5246,1664.41,-0.183677,2,-0.192152,1650.36
1551,28086.3315,3560.4508,832.526,-0.183291,1,-0.191764,825.502
1552,28177.1514,3548.9748,2651.45,-0.123506,3,-0.131554,2630.2
1553,28192.2321,3547.0764,5355.42,-0.113651,6,-0.121620,5312.91
1554,28207.7117,3545.1298,3606.5,-0.103557,4,-0.111442,3578.17
1555,28208.1727,3545.0719,901.895,-0.103257,1,-0.111139,894.815
1556,28216.7182,3543.9983,18138.5,-0.097694,20,-0.105529,17997
1557,28243.9799,3540.5775,923.121,-0.079995,1,-0.087674,916.06
1558,28277.8828,3536.3326,943.569,-0.058085,1,-0.065559,936.543
1559,28302.3630,3533.2739,1917.1,-0.042335,2,-0.049655,1903.12
1560,28304.7830,3532.9718,1920.08,-0.040782,2,-0.048085,1906.1
1561,28322.6992,3530.7369,8740.15,-0.029297,9,-0.036484,8677.56
1562,28338.3924,3528.7817,14713.8,-0.019264,15,-0.026346,14610
1563,28339.1230,3528.6907,19627.6,-0.018798,20,-0.025875,19489.1
1564,28339.1230,3528.6907,19627.6,-0.018798,20,-0.025875,19489.1
1565,28369.6284,3524.8964,2001.26,0.000629,2,-0.006237,1987.56
1566,28379.7277,3523.6420,30211.9,0.007039,30,0.000244,30007.3
1567,28384.5605,3523.0420,30304.6,0.010103,30,0.003342,30100.4
1568,28420.9921,3518.5260,2067.34,0.033118,2,0.026624,2053.96
1569,28434.4603,3516.8594,1042.47,0.041590,1,0.035197,1035.82
1570,28461.5526,3513.5118,4241.29,0.058572,4,0.052387,4215.14
1571,28470.8281,3512.3671,2132.97,0.064368,2,0.058255,2119.97
1572,28477.5676,3511.5359,21419.6,0.068573,20,0.062514,21290.2
1573,28488.8476,3510.1455,3235.59,0.075599,3,0.069630,3216.33
1574,28504.3690,3508.2341,2177.97,0.085244,2,0.079400,2165.27
1575,28508.8216,3507.6862,16379.9,0.088006,15,0.082198,16285.1
1576,28568.8625,3500.3144,9065.42,0.125026,8,0.119720,9017.45
1577,28596.2218,3496.9655,1152.29,0.141756,1,0.136687,1146.47
1578,28599.4972,3496.5650,4618.39,0.143752,4,0.138712,4595.17
1579,28611.4381,3495.1057,4652.09,0.151022,4,0.146087,4629.19
1580,28612.0011,3495.0369,4653.68,0.151364,4,0.146434,4630.79
1581,28654.9727,3489.7957,4776.33,0.177378,4,0.172835,4754.68
1582,28658.9908,3489.3064,4787.91,0.179799,4,0.175292,4766.38
1583,28659.3874,3489.2581,4789.05,0.180038,4,0.175535,4767.53
1584,28701.0185,3484.1969,4910.11,0.205003,4,0.200886,4889.94
1585,28718.4887,3482.0774,1240.38,0.215415,1,0.211463,1235.48
1586,28744.1822,3478.9649,7556.57,0.230658,6,0.226952,7528.62
1587,28767.9073,3476.0957,5108.74,0.244659,4,0.241183,5091.02
1588,28774.4480,3475.3056,25642.2,0.248507,20,0.245094,25554.8
1589,28870.9295,3463.6917,1356.09,0.304608,1,0.302163,1352.78
1590,28873.1623,3463.4239,1357.84,0.305892,1,0.303469,1354.55
1591,28943.2202,3455.0406,98921.4,0.345830,70,0.344135,98753.9
1592,28952.6410,3453.9163,42621,0.351150,30,0.349554,42553
1593,28982.3112,3450.3805,7222.93,0.367823,5,0.366542,7213.68
1594,29016.8326,3446.2755,73632.8,0.387068,50,0.386157,73565.8
1595,29056.1776,3441.6089,225751,0.408797,150,0.408312,225642
1596,29092.2386,3437.3429,460494,0.428518,300,0.428428,460453
1597,29144.2323,3431.2106,9472.39,0.456622,6,0.457107,9476.98
1598,29151.1276,3430.3990,3169.16,0.460319,2,0.460881,3170.94
1599,29164.2576,3428.8546,6382.98,0.467340,4,0.468048,6387.5
1600,29171.5219,3428.0008,800969,0.471214,500,0.472003,801601
1601,29177.9183,3427.2493,80370,0.474618,50,0.475479,80439.2
1602,29179.1926,3427.0996,8042.45,0.475296,5,0.476171,8049.49
1603,29212.4022,3423.2036,491101,0.492867,300,0.494115,491714
1604,29230.7776,3421.0516,247932,0.502519,150,0.503973,248293
1605,29239.6084,3420.0184,13284.3,0.507139,8,0.508693,13304.9
1606,29251.8499,3418.5872,3342.34,0.513524,2,0.515217,3348
1607,29262.2790,3417.3688,11761.8,0.518947,7,0.520757,11783.1
1608,29268.0605,3416.6938,11797.1,0.521945,7,0.523821,11819.3
1609,29272.8783,3416.1314,506854,0.524440,300,0.526371,507833
1610,29280.2409,3415.2724,3391.91,0.528246,2,0.530261,3398.75
1611,29283.4311,3414.9004,1698.75,0.529893,1,0.531943,1702.24
1612,29289.5310,3414.1892,852050,0.533037,500,0.535157,853858
1613,29294.2095,3413.6439,10249.2,0.535444,6,0.537617,10271.5
1614,29294.7083,3413.5858,11960.5,0.535701,7,0.537880,11986.6
1615,29377.6722,3403.9457,89108.2,0.577828,50,0.580953,89387.1
1616,29405.1601,3400.7637,12647.5,0.591550,7,0.594989,12691.1
1617,29410.1877,3400.1823,5433.91,0.594047,3,0.597544,5452.95
1618,29415.5506,3399.5624,1816.13,0.596706,1,0.600264,1822.6
1619,29422.4781,3398.7620,63782.7,0.600134,35,0.603772,64015.2
1620,29425.3418,3398.4312,547483,0.601548,300,0.605219,549496
1621,29432.5411,3397.5999,549430,0.605100,300,0.608853,551497
1622,29437.3602,3397.0437,1.10147e+06,0.607472,600,0.611281,1.10567e+06
1623,29447.2891,3395.8983,3689.52,0.612349,2,0.616271,3704.02
1624,29453.4396,3395.1892,1.85033e+06,0.615362,1000,0.619355,1.85773e+06
1625,29480.6921,3392.0506,187506,0.628640,100,0.632945,188315
1626,29508.6091,3388.8415,1900.5,0.642118,1,0.646744,1909.31
1627,29514.5313,3388.1616,11435.5,0.644961,6,0.649655,11489.3
1628,29519.9516,3387.5394,1910.87,0.647558,1,0.652314,1919.98
1629,29533.6003,3385.9739,1923.37,0.654077,1,0.658989,1932.84
1630,29544.6079,3384.7124,9667.31,0.659313,5,0.664351,9716.14
1631,29561.1977,3382.8129,584612,0.667166,300,0.672394,587676
1632,29564.8828,3382.3912,9760.49,0.668904,5,0.674175,9812.06
1633,29566.2915,3382.2301,293009,0.669568,150,0.674855,294562
1634,29569.3284,3381.8827,9780.95,0.670998,5,0.676320,9833.13
1635,29575.4409,3381.1837,294273,0.673873,150,0.679264,295864
1636,29584.9108,3380.1015,98527.6,0.678313,50,0.683813,99070.9
1637,29595.0610,3378.9422,9899.6,0.683057,5,0.688672,9955.35
1638,29602.3422,3378.1111,198665,0.686449,100,0.692147,199800
1639,29609.4475,3377.3004,1993.22,0.689751,1,0.695530,2004.77
1640,29637.2189,3374.1358,6056.84,0.702577,3,0.708673,6093.88
1641,29640.5819,3373.7529,4044.14,0.704121,2,0.710256,4069.02
1642,29648.1416,3372.8927,202909,0.707586,100,0.713807,204175
1643,29660.4678,3371.4910,14283.8,0.713216,7,0.719576,14374.9
1644,29679.7077,3369.3054,10292.2,0.721952,5,0.728531,10360.2
1645,29686.3692,3368.5494,1.03233e+06,0.724963,500,0.731617,1.03922e+06
1646,29688.4121,3368.3176,413312,0.725884,200,0.732562,416081
1647,29702.0500,3366.7710,103964,0.732020,50,0.738852,104677
1648,29708.0087,3366.0957,10424.2,0.734691,5,0.741590,10496.4
1649,29710.2220,3365.8449,104345,0.735681,50,0.742606,105070
1650,29713.3591,3365.4896,208983,0.737084,100,0.744044,210443
1651,29716.1309,3365.1756,12554.5,0.738322,6,0.745313,12642.6
1652,29724.4007,3364.2394,14701,0.742007,7,0.749092,14805.5
1653,29724.6026,3364.2166,16802.7,0.742097,8,0.749184,16922.2
1654,29725.8174,3364.0791,12608.8,0.742638,6,0.749738,12698.7
1655,29726.1177,3364.0451,14712.3,0.742771,7,0.749875,14817.1
1656,29745.3982,3361.8646,10598.9,0.751314,5,0.758635,10676.8
1657,29749.8027,3361.3668,2123.91,0.753256,1,0.760627,2139.62
1658,29751.9628,3361.1228,10629.6,0.754208,5,0.761603,10708.5
1659,29753.5924,3360.9387,6382.36,0.754925,3,0.762338,6429.85
1660,29758.5428,3360.3796,1.06604e+06,0.757102,500,0.764570,1.07404e+06
1661,29765.9088,3359.5480,10694.9,0.760332,5,0.767883,10776
1662,29770.3398,3359.0480,64294.2,0.762271,30,0.769872,64784.7
1663,29774.9501,3358.5279,1.07373e+06,0.764285,500,0.771938,1.08198e+06
1664,29793.0320,3356.4895,15150.9,0.772149,7,0.780003,15270.4
1665,29798.4596,3355.8782,542376,0.774498,250,0.782413,546686
1666,29807.7702,3354.8299,108912,0.778517,50,0.786536,109789
1667,29811.0876,3354.4566,10906.8,0.779946,5,0.788001,10995
1668,29832.6400,3352.0332,110079,0.789179,50,0.797474,110996
1669,29837.2886,3351.5110,6617.86,0.791160,3,0.799507,6673.33
1670,29839.8088,3351.2279,13249.9,0.792233,6,0.800607,13361.4
1671,29850.7400,3350.0007,2218.59,0.796872,1,0.805367,2237.52
1672,29874.0393,3347.3880,13442.9,0.806692,6,0.815444,13561.1
1673,29880.7800,3346.6328,15727.7,0.809515,7,0.818341,15867.2
1674,29882.8324,3346.4030,157412,0.810373,70,0.819222,158811
1675,29883.3325,3346.3470,157445,0.810582,70,0.819436,158845
1676,29890.7502,3345.5166,9024.75,0.813677,4,0.822612,9105.75
1677,29901.6490,3344.2972,6799.29,0.818207,3,0.827261,6861.14
1678,29911.7919,3343.1631,68278.9,0.822403,30,0.831568,68907.6
1679,29914.0117,3342.9150,68341.5,0.823320,30,0.832509,68972.4
1680,29916.4488,3342.6427,159624,0.824324,70,0.833540,161102
1681,29918.6690,3342.3947,1.14121e+06,0.825239,500,0.834479,1.15181e+06
1682,29926.2992,3341.5425,206064,0.828375,90,0.837698,207994
1683,29936.2619,3340.4304,16092.7,0.832455,7,0.841886,16245.2
1684,29951.1978,3338.7646,6938.95,0.838539,3,0.848131,7005.84
1685,29953.2317,3338.5379,6944.68,0.839364,3,0.848979,7011.78
1686,29960.4783,3337.7304,6965.1,0.842299,3,0.851992,7032.94
1687,29992.0511,3334.2168,141080,0.854980,60,0.865011,142502
1688,30004.9695,3332.7813,14180.6,0.860118,6,0.870287,14325.6
1689,30031.8009,3329.8036,16720,0.870695,7,0.881148,16895.7
1690,30040.7375,3328.8131,4793.86,0.874189,2,0.884737,4844.69
1691,30044.0493,3328.4461,48000.6,0.875481,20,0.886063,48511.2
1692,30067.5789,3325.8414,2422.02,0.884600,1,0.895429,2448.39
1693,30074.3894,3325.0883,4856.74,0.887221,2,0.898121,4909.97
1694,30088.5807,3323.5200,9766.43,0.892656,4,0.903704,9874.92
1695,30090.1394,3323.3479,9772.24,0.893251,4,0.904315,9880.96
1696,30091.8503,3323.1589,14667.9,0.893904,6,0.904985,14831.4
1697,30108.2615,3321.3475,7379.8,0.900135,3,0.911386,7463.3
1698,30108.7703,3321.2914,9841.63,0.900327,4,0.911583,9953.04
1699,30126.3092,3319.3578,2476.71,0.906931,1,0.918368,2505.2
1700,30134.0094,3318.5096,19870.9,0.909813,8,0.921329,20101
1701,30147.8587,3316.9852,2496.7,0.914970,1,0.926627,2525.97
1702,30163.2918,3315.2880,5021.97,0.920676,2,0.932489,5081.65
1703,30164.9308,3315.1079,2512.5,0.921279,1,0.933109,2542.4
1704,30200.5698,3311.1958,10181.5,0.934281,4,0.946467,10306.4
1705,30238.0921,3307.0870,257982,0.947720,100,0.960278,261242
1706,30251.5994,3305.6103,2592.17,0.952495,1,0.965185,2625.27
1707,30260.0502,3304.6872,2599.88,0.955466,1,0.968238,2633.3
1708,30265.2088,3304.1239,13022.9,0.957273,5,0.970095,13191
1709,30271.4396,3303.4438,78307.7,0.959449,30,0.972332,79323.1
1710,30297.2714,3300.6273,13168.6,0.968395,5,0.981526,13342.6
1711,30330.1983,3297.0441,239710,0.979620,90,0.993064,242954
1712,30341.4620,3295.8201,13367.8,0.983414,5,0.996963,13550.2
1713,30350.5528,3294.8329,10726.9,0.986460,4,1.000094,10874.1
1714,30353.3197,3294.5326,13421,0.987383,5,1.001043,13605.6
1715,30362.5484,3293.5312,242321,0.990455,90,1.004200,245675
1716,30380.6116,3291.5730,2708.57,0.996420,1,1.010332,2746.51
1717,30408.7889,3288.5229,8200.68,1.005605,3,1.019774,8317.7
1718,30411.8403,3288.1930,5472.51,1.006591,2,1.020787,5550.76
1719,30454.9677,3283.5366,5548.27,1.020339,2,1.034920,5629.76
1720,30470.5117,3281.8615,250891,1.025209,90,1.039926,254611
1721,30511.6182,3277.4401,2823.2,1.037870,1,1.052942,2866.07
1722,30514.9600,3277.0811,2826.06,1.038885,1,1.053986,2869.06
1723,30525.2190,3275.9798,5669.7,1.041989,2,1.057177,5756.47
1724,30553.0285,3272.9980,2858.52,1.050304,1,1.065724,2902.94
1725,30566.4503,3271.5608,8609.59,1.054265,3,1.069796,8744.36
1726,30611.1016,3266.7887,8721.65,1.067196,3,1.083090,8861.37
1727,30623.5477,3265.4610,58350.4,1.070734,20,1.086726,59291
1728,30624.5690,3265.3521,5836.73,1.071023,2,1.087023,5930.86
1729,30627.3281,3265.0579,5841.28,1.071802,2,1.087824,5935.62
1730,30631.4722,3264.6162,17544.3,1.072971,6,1.089025,17828.3
1731,30644.1981,3263.2605,17607,1.076538,6,1.092692,17893.8
1732,30652.8887,3262.3353,8824.83,1.078956,3,1.095178,8969.14
1733,30661.9695,3261.3691,2949.01,1.081468,1,1.097760,2997.44
1734,30684.5818,3258.9657,5934.61,1.087655,2,1.104118,6033.13
1735,30689.9610,3258.3945,14858.2,1.089112,5,1.105616,15105.4
1736,30704.4301,3256.8590,11932.9,1.093004,4,1.109617,12132.8
1737,30775.6403,3249.3231,151957,1.111578,50,1.128703,154582
1738,30793.8016,3247.4068,12212.4,1.116159,4,1.133411,12424.9
1739,30803.7727,3246.3556,6121.42,1.118647,2,1.135967,6228.37
1740,30879.9787,3238.3442,9352.5,1.137031,3,1.154852,9520.66
1741,30959.6719,3230.0084,63483.9,1.155054,20,1.173356,64656.5
1742,30982.5582,3227.6224,3189.94,1.160002,1,1.178434,3249.28
1743,31015.8218,3224.1609,6424.75,1.167011,2,1.185626,6545.47
1744,31019.5096,3223.7776,64296.6,1.167775,20,1.186410,65506
1745,31056.7809,3219.9087,9717.78,1.175345,3,1.194174,9902.49
1746,31147.5801,3210.5223,3295.8,1.192648,1,1.211909,3359.89
1747,31149.5797,3210.3162,3296.99,1.193011,1,1.212280,3361.14
1748,31156.6285,3209.5899,13204.8,1.194283,4,1.213584,13462.1
1749,31157.5596,3209.4940,13207,1.194451,4,1.213755,13464.4
1750,31177.3707,3207.4546,6626.78,1.197972,2,1.217361,6756.52
1751,31237.8091,3201.2488,13390.3,1.208235,4,1.227863,13655.7
1752,31240.2591,3200.9978,6697.83,1.208636,2,1.228273,6830.65
1753,31243.9493,3200.6197,6701.86,1.209238,2,1.228889,6834.86
1754,31246.2813,3200.3808,13408.8,1.209617,4,1.229276,13675
1755,31248.0106,3200.2037,16765.7,1.209897,5,1.229562,17098.7
1756,31280.9700,3196.8318,23595,1.215123,7,1.234905,24066.4
1757,31288.7119,3196.0408,10124.2,1.216320,3,1.236127,10326.8
1758,31319.5306,3192.8959,3390.46,1.220965,1,1.240871,3458.62
1759,31391.3796,3185.5879,23974.1,1.231063,7,1.251169,24461
1760,31391.6526,3185.5602,17125,1.231099,5,1.251206,17472.8
1761,31398.8710,3184.8279,20569.6,1.232057,6,1.252181,20987.8
1762,31418.5589,3182.8322,6874.11,1.234615,2,1.254786,7014.18
1763,31445.5381,3180.1014,31038.3,1.237996,9,1.258225,31672.5
1764,31455.3704,3179.1074,24169.8,1.239192,7,1.259441,24664.2
1765,31468.7585,3177.7548,17291.7,1.240789,5,1.261064,17645.9
1766,31478.9216,3176.7289,6924.91,1.241978,2,1.262271,7066.87
1767,31507.2782,3173.8698,104207,1.245186,30,1.265526,106349
1768,31512.9187,3173.3017,3475.73,1.245805,1,1.266153,3547.18
1769,31513.8606,3173.2069,3476.09,1.245908,1,1.266257,3547.55
1770,31520.4692,3172.5416,10435.7,1.246624,3,1.266983,10650.4
1771,31526.0024,3171.9848,3480.64,1.247216,1,1.267583,3552.26
1772,31527.0693,3171.8774,3481.04,1.247330,1,1.267698,3552.66
1773,31535.1718,3171.0625,34840.1,1.248185,10,1.268564,35557.4
1774,31558.0793,3168.7607,13968.8,1.250532,4,1.270937,14256.8
1775,31564.0783,3168.1584,20965.7,1.251129,6,1.271541,21398.1
1776,31597.6779,3164.7895,10516.6,1.254340,3,1.274782,10733.8
1777,31623.1012,3162.2452,24594.7,1.256620,7,1.277078,25103
1778,31635.2502,3161.0308,70343.9,1.257663,20,1.278127,71798.2
1779,31636.6609,3160.8898,35176.1,1.257783,10,1.278247,35903.4
1780,31664.7593,3158.0850,21154.1,1.260075,6,1.280548,21591.7
1781,31691.3089,3155.4393,28262.5,1.262096,8,1.282569,28847.1
1782,31699.0224,3154.6714,31813.2,1.262656,9,1.283128,32471.2
1783,31734.7979,3151.1151,31891,1.265099,9,1.285560,32550.2
1784,31758.2320,3148.7899,31937.6,1.266560,9,1.287008,32597.4
1785,31766.6600,3147.9545,71007.9,1.267059,20,1.287500,72474.3
1786,31799.6301,3144.6907,71136.7,1.268871,20,1.289282,72603.6
1787,31802.0891,3144.4475,24901,1.268998,7,1.289406,25414.4
1788,31828.4011,3141.8481,21371,1.270274,6,1.290651,21810.9
1789,31852.0399,3139.5163,21393,1.271302,6,1.291645,21832.6
1790,31855.9084,3139.1351,35660.5,1.271460,10,1.291796,36393.2
1791,31877.7023,3136.9890,35690.2,1.272291,10,1.292590,36422.1
1792,31903.7888,3134.4240,17860.6,1.273160,5,1.293409,18226
1793,31945.1479,3130.3658,32184.4,1.274256,9,1.294413,32839.7
1794,32010.8821,3123.9377,35797.3,1.275288,10,1.295264,36519.6
1795,32014.8406,3123.5514,25059,1.275322,7,1.295286,25564.3
1796,32024.7084,3122.5889,32221,1.275394,9,1.295327,32869.7
1797,32027.3214,3122.3342,25061.2,1.275409,7,1.295334,25565.5
1798,32052.9512,3119.8375,28643.7,1.275490,8,1.295330,29217.6
1799,32069.6095,3118.2169,25062.7,1.275472,7,1.295252,25563.4
1800,32105.4086,3114.7400,28636.5,1.275242,8,1.294886,29204.6
1801,32108.3124,3114.4583,14317.8,1.275212,4,1.294844,14601.7
1802,32156.5523,3109.7861,25037.5,1.274465,7,1.293892,25528.7
1803,32161.2506,3109.3318,28611.5,1.274367,8,1.293773,29172.2
1804,32197.4405,3105.8369,14292.8,1.273463,4,1.292699,14570.4
1805,32206.9919,3104.9159,25005.4,1.273180,7,1.292369,25489.8
1806,32237.5897,3101.9689,24979.6,1.272150,7,1.291182,25459.6
1807,32243.5791,3101.3927,14270.9,1.271926,4,1.290926,14544.6
1808,32264.5888,3099.3731,10694.1,1.271084,3,1.289969,10898
1809,32275.2313,3098.3511,32067.7,1.270623,9,1.289448,32677
1810,32294.9185,3096.4624,17799.1,1.269711,5,1.288422,18135.3
1811,32305.6525,3095.4335,3557.93,1.269180,1,1.287828,3624.9
1812,32324.7190,3093.6077,10663.1,1.268180,3,1.286712,10862.6
1813,32326.2777,3093.4585,17770.4,1.268095,5,1.286617,18102.6
1814,32332.5899,3092.8546,24869.8,1.267746,7,1.286229,25333.8
1815,32334.7010,3092.6527,10657.2,1.267627,3,1.286097,10855.9
1816,32338.1313,3092.3246,21310.3,1.267433,6,1.285881,21707.1
1817,32346.6702,3091.5083,21299.8,1.266938,6,1.285332,21695.2
1818,32362.9105,3089.9569,14185.9,1.265956,4,1.284245,14447.8
1819,32370.8314,3089.2009,31902.4,1.265458,9,1.283694,32489.6
1820,32374.2910,3088.8707,10631.8,1.265236,3,1.283449,10827.2
1821,32382.6703,3088.0715,3541.99,1.264690,1,1.282846,3606.89
1822,32405.6385,3085.8827,14145.7,1.263118,4,1.281117,14402.6
1823,32414.8507,3085.0057,28272.8,1.262458,8,1.280391,28784.4
1824,32422.7789,3084.2514,31788.4,1.261876,9,1.279753,32361.8
1825,32426.0902,3083.9364,24718.2,1.261629,7,1.279482,25163.4
1826,32426.7924,3083.8696,28247.9,1.261577,8,1.279424,28756.6
1827,32435.4413,3083.0473,10586,1.260920,3,1.278705,10776
1828,32436.2617,3082.9693,31756,1.260857,9,1.278636,32325.6
1829,32455.9679,3081.0975,528444,1.259302,150,1.276935,537845
1830,32468.2322,3079.9336,31674.7,1.258294,9,1.275834,32235.2
1831,32471.9690,3079.5792,246282,1.257981,70,1.275492,250632
1832,32497.8601,3077.1257,28083.3,1.255735,8,1.273043,28573.6
1833,32500.7112,3076.8557,24566.6,1.255479,7,1.272765,24995
1834,32509.0402,3076.0674,3506.87,1.254723,1,1.271941,3567.77
1835,32530.3885,3074.0487,31498.7,1.252721,9,1.269764,32040.1
1836,32546.2400,3072.5515,24461.1,1.251174,7,1.268085,24878.3
1837,32556.6902,3071.5653,31417.1,1.250127,9,1.266948,31950
1838,32561.7183,3071.0910,13956,1.249615,4,1.266393,14192.1
1839,32565.0794,3070.7740,27902.4,1.249270,8,1.266019,28373.6
1840,32568.0599,3070.4930,13946.9,1.248962,4,1.265686,14182.1
1841,32571.1385,3070.2028,27884.9,1.248643,8,1.265339,28354.3
1842,32572.7602,3070.0499,31365.2,1.248473,9,1.265155,31892.8
1843,32573.9290,3069.9398,31361.3,1.248351,9,1.265023,31888.6
1844,32580.9886,3069.2746,31338,1.247607,9,1.264216,31862.9
1845,32592.7013,3068.1716,13910.5,1.246349,4,1.262855,14142
1846,32598.7602,3067.6013,521299,1.245688,150,1.262139,529945
1847,32629.2514,3064.7347,3463.39,1.242247,1,1.258418,3519.85
1848,32631.4589,3064.5274,24237.5,1.241991,7,1.258141,24632.1
1849,32636.3486,3064.0683,31144.7,1.241419,9,1.257523,31650.3
1850,32656.6113,3062.1671,31069.4,1.239000,9,1.254911,31567.7
1851,32658.9290,3061.9498,24158.3,1.238718,7,1.254606,24545.2
1852,32681.9790,3059.7902,516197,1.235854,150,1.251517,524346
1853,32687.4082,3059.2820,3438.94,1.235164,1,1.250773,3493.04
1854,32688.4516,3059.1844,3438.48,1.235031,1,1.250629,3492.54
1855,32695.1479,3058.5578,3435.53,1.234170,1,1.249701,3489.3
1856,32697.1684,3058.3688,24042.4,1.233908,7,1.249419,24418.2
1857,32712.1421,3056.9689,23995.2,1.231945,7,1.247303,24366.6
1858,32720.5082,3056.1872,239684,1.230828,70,1.246101,243373
1859,32723.5387,3055.9042,17113.3,1.230420,5,1.245661,17376.2
1860,32735.5286,3054.7849,3417.08,1.228787,1,1.243904,3469.13
1861,32740.0505,3054.3630,13659.8,1.228164,4,1.243233,13867.2
1862,32742.2186,3054.1608,27311.4,1.227864,8,1.242910,27725.5
1863,32742.9015,3054.0971,27308.8,1.227769,8,1.242808,27722.6
1864,32766.4023,3051.9066,6804.59,1.224450,2,1.239238,6905.96
1865,32774.0981,3051.1900,407822,1.223339,120,1.238043,413863
1866,32777.1592,3050.9050,27176,1.222894,8,1.237564,27577.7
1867,32798.1024,3048.9569,27092,1.219797,8,1.234236,27486
1868,32801.1295,3048.6755,10154.9,1.219342,3,1.233747,10302.2
1869,32801.2901,3048.6606,16924.4,1.219318,5,1.233721,17169.9
1870,32806.6399,3048.1634,13528.6,1.218510,4,1.232852,13724
1871,32809.8078,3047.8691,236636,1.218028,70,1.232335,240046
1872,32822.4195,3046.6980,337397,1.216091,100,1.230255,342210
1873,32832.6024,3045.7531,10105.9,1.214503,3,1.228550,10248.8
1874,32835.7104,3045.4648,6733.95,1.214015,2,1.228025,6828.96
1875,32840.1314,3045.0548,23552.4,1.213316,7,1.227276,23883.5
1876,32844.4390,3044.6554,3362.32,1.212632,1,1.226541,3409.42
1877,32846.2918,3044.4837,30252,1.212336,9,1.226224,30675
1878,32852.6402,3043.8954,13431.6,1.211319,4,1.225132,13618.5
1879,32859.7687,3043.2351,335404,1.210166,100,1.223895,340041
1880,32865.9117,3042.6662,201041,1.209165,60,1.222821,203805
1881,32875.0220,3041.8231,200740,1.207666,60,1.221213,203478
1882,32884.9817,3040.9018,233809,1.206008,70,1.219435,236969
1883,32888.6297,3040.5645,23366.6,1.205396,7,1.218778,23681.4
1884,32910.9780,3038.4998,6650.78,1.201586,2,1.214695,6738.53
1885,32918.5917,3037.7970,26568,1.200266,8,1.213279,26916
1886,32926.1813,3037.0968,9949.78,1.198938,3,1.211856,10079.1
1887,32947.1485,3035.1640,33042.5,1.195209,10,1.207861,33463.2
1888,32947.5182,3035.1300,297362,1.195142,90,1.207790,301147
1889,32948.6320,3035.0274,29730.3,1.194941,9,1.207575,30108.3
1890,32957.7019,3034.1921,329794,1.193298,100,1.205815,333948
1891,32959.9881,3033.9817,29669.1,1.192882,9,1.205368,30041.9
1892,32973.2179,3032.7644,29597,1.190449,9,1.202764,29963.7
1893,32974.6505,3032.6326,9863.05,1.190183,3,1.202479,9985.08
1894,32981.2519,3032.0256,3283.65,1.188955,1,1.201164,3323.98
1895,32985.8899,3031.5993,6561.59,1.188086,2,1.200234,6641.79
1896,32993.7393,3030.8780,19655.7,1.186606,6,1.198650,19893.8
1897,33000.4904,3030.2580,327175,1.185324,100,1.197277,331109
1898,33015.7387,3028.8585,6524.34,1.182393,2,1.194141,6601.44
1899,33021.1482,3028.3623,65174.9,1.181342,20,1.193016,65940.2
1900,33025.2593,3027.9853,6512.26,1.180539,2,1.192158,6588.36
1901,33025.6401,3027.9504,9767.66,1.180465,3,1.192078,9881.76
1902,33030.1901,3027.5333,3252.98,1.179572,1,1.191123,3290.78
1903,33034.8711,3027.1043,9749.95,1.178650,3,1.190136,9862.59
1904,33039.4485,3026.6849,22729.3,1.177743,7,1.189167,22990.4
1905,33040.7586,3026.5649,6492.39,1.177483,2,1.188888,6566.86
1906,33044.2299,3026.2469,6487.9,1.176792,2,1.188149,6562
1907,33045.3681,3026.1427,227025,1.176565,70,1.187906,229614
1908,33052.3381,3025.5046,3238.69,1.175168,1,1.186412,3275.31
1909,33056.1500,3025.1557,97086,1.174400,30,1.185591,98178.6
1910,33072.0289,3023.7032,6451.53,1.171170,2,1.182137,6522.67
1911,33081.9988,3022.7920,16095.7,1.169116,5,1.179941,16270.9
1912,33083.5300,3022.6521,225269,1.168799,70,1.179602,227716
1913,33087.6903,3022.2720,16076.7,1.167935,5,1.178678,16250.4
1914,33108.2486,3020.3953,64029.6,1.163613,20,1.174059,64701.9
1915,33117.1879,3019.5801,63907.7,1.161707,20,1.172022,64570.3
1916,33143.9983,3017.1375,285918,1.155897,90,1.165813,288768
1917,33156.3610,3016.0125,316822,1.153169,100,1.162899,319919
1918,33158.7703,3015.7934,18999.1,1.152633,6,1.162327,19184.2
1919,33162.1801,3015.4833,284770,1.151874,90,1.161516,287530
1920,33171.7723,3014.6113,28415.9,1.149725,9,1.159221,28687
1921,33177.0018,3014.1361,126144,1.148546,40,1.157962,127337
1922,33177.5311,3014.0880,63064.5,1.148426,20,1.157834,63660.6
1923,33185.8488,3013.3326,31472.8,1.146538,10,1.155818,31766.2
1924,33192.8890,3012.6935,12568.9,1.144930,4,1.154100,12684.7
1925,33198.7717,3012.1596,62759.5,1.143578,20,1.152656,63331.9
1926,33206.1608,3011.4894,469893,1.141870,150,1.150833,474124
1927,33207.6503,3011.3543,31315.4,1.141525,10,1.150464,31596.6
1928,33234.5514,3008.9168,466773,1.135207,150,1.143720,470763
1929,33241.0085,3008.3323,124281,1.133670,40,1.142079,125331
1930,33251.9195,3007.3452,185935,1.131052,60,1.139285,187472
1931,33269.3117,3005.7730,61717.2,1.126831,20,1.134780,62209.8
1932,33275.8592,3005.1816,27728.2,1.125226,9,1.133067,27946.5
1933,33279.2280,3004.8774,30783.6,1.124397,10,1.132183,31024.2
1934,33283.0280,3004.5343,27679.3,1.123459,9,1.131182,27893.9
1935,33288.0795,3004.0784,460744,1.122208,150,1.129847,464277
1936,33292.0488,3003.7202,30686,1.121221,10,1.128794,30919.3
1937,33295.5715,3003.4024,27593.1,1.120343,9,1.127857,27801.3
1938,33300.2410,3002.9813,6124.65,1.119175,2,1.126611,6170.36
1939,33302.5917,3002.7693,3060.52,1.118585,1,1.125982,3083.24
1940,33307.2097,3002.3530,61139.4,1.117424,20,1.124742,61588.5
1941,33309.7923,3002.1202,12219.9,1.116772,4,1.124047,12309.1
1942,33311.1706,3001.9960,18323.5,1.116424,6,1.123676,18456.8
1943,33313.8799,3001.7518,12207.3,1.115738,4,1.122945,12295.6
1944,33318.5097,3001.3347,457235,1.114563,150,1.121691,460506
1945,33337.0510,2999.6654,212366,1.109815,70,1.116626,213817
1946,33341.9104,2999.2283,27269.9,1.108559,9,1.115287,27454
1947,33350.0616,2998.4952,21165.1,1.106442,7,1.113029,21304.9
1948,33355.6812,2997.9900,452872,1.104975,150,1.111464,455821
1949,33367.5185,2996.9265,3009.77,1.101864,1,1.108146,3028.74
1950,33370.0317,2996.7008,9023.32,1.101200,3,1.107438,9079.78
1951,33371.0594,2996.6085,12027.8,1.100928,4,1.107148,12102.9
1952,33372.1081,2996.5143,27055.1,1.100650,9,1.106852,27223.4
1953,33373.5622,2996.3838,27044.6,1.100265,9,1.106441,27212.2
1954,33381.7580,2995.6481,20988.9,1.098084,7,1.104116,21115.9
1955,33388.1521,2995.0744,59865.9,1.096374,20,1.102292,60221.2
1956,33401.3293,2993.8928,11930.7,1.092824,4,1.098507,11998.7
1957,33415.5612,2992.6177,23769.2,1.088951,8,1.094378,23898.6
1958,33417.3499,2992.4575,59394,1.088461,20,1.093856,59715.3
1959,33421.4183,2992.0933,5932.78,1.087345,2,1.092666,5964.43
1960,33445.1883,2989.9667,58938.3,1.080760,20,1.085646,59227
1961,33446.9097,2989.8128,8836.5,1.080278,3,1.085133,8879.5
1962,33467.9491,2987.9333,26352.8,1.074348,9,1.078812,26470.7
1963,33481.8906,2986.6892,1.45823e+06,1.070371,500,1.074573,1.46437e+06
1964,33487.2299,2986.2130,17471.9,1.068837,6,1.072939,17543.8
1965,33491.8879,2985.7976,14540.4,1.067495,5,1.071508,14598.9
1966,33492.3479,2985.7566,14538.5,1.067362,5,1.071366,14596.8
1967,33499.0001,2985.1637,8706.32,1.065436,3,1.069315,8740.15
1968,33501.9989,2984.8965,26096.2,1.064566,9,1.068387,26196.1
1969,33506.1086,2984.5304,115844,1.063369,40,1.067112,116279
1970,33510.6313,2984.1276,26030.6,1.062049,9,1.065705,26126
1971,33515.4299,2983.7003,20217.6,1.060644,7,1.064208,20289.8
1972,33520.0809,2983.2864,432643,1.059277,150,1.062752,434149
1973,33522.1079,2983.1060,25943.1,1.058680,9,1.062116,26032.4
1974,33528.6492,2982.5240,287700,1.056749,100,1.060057,288654
1975,33530.0784,2982.3968,25882.1,1.056325,9,1.059607,25967.1
1976,33533.7412,2982.0711,17236,1.055239,6,1.058449,17291.4
1977,33540.6980,2981.4526,14333.6,1.053168,5,1.056243,14377.7
1978,33541.2113,2981.4069,1.43314e+06,1.053015,500,1.056080,1.43754e+06
1979,33549.5621,2980.6648,22873,1.050516,8,1.053417,22939.5
1980,33554.4824,2980.2278,17129.4,1.049037,6,1.051841,17177.5
1981,33555.3512,2980.1506,19979.1,1.048776,7,1.051563,20034.8
1982,33559.5623,2979.7766,25654.8,1.047505,9,1.050209,25724.2
1983,33580.3611,2977.9310,424884,1.041180,150,1.043471,425858
1984,33582.6405,2977.7289,424587,1.040482,150,1.042727,425541
1985,33588.4296,2977.2157,113022,1.038703,40,1.040833,113263
1986,33594.1823,2976.7059,56410.9,1.036930,20,1.038943,56524.6
1987,33602.5509,2975.9645,22505.9,1.034338,8,1.036182,22547.5
1988,33604.6302,2975.7804,25302.8,1.033691,9,1.035494,25348.5
1989,33616.7683,2974.7059,25207.1,1.029902,9,1.031458,25246.4
1990,33629.4889,2973.5807,22316.8,1.025900,8,1.027196,22345.8
1991,33631.2511,2973.4249,8364.16,1.025344,3,1.026603,8374.7
1992,33645.1399,2972.1975,22206.3,1.020933,8,1.021905,22227.9
1993,33650.9814,2971.6815,19394.2,1.019066,7,1.019917,19410.8
1994,33660.3408,2970.8552,16573.8,1.016062,6,1.016718,16584.6
1995,33663.2894,2970.5950,110387,1.015112,40,1.015706,110452
1996,33666.8704,2970.2791,220519,1.013955,80,1.014475,220633
1997,33673.4384,2969.6997,412594,1.011828,150,1.012209,412751
1998,33687.4497,2968.4645,16428.6,1.007262,6,1.007347,16430
1999,33709.6581,2966.5089,24463.2,0.999945,9,0.999556,24453.7
2000,33718.6919,2965.7141,243898,0.996941,90,0.996358,243756
2001,33722.4702,2965.3818,18946,0.995680,7,0.995015,18933.3
2002,33724.7798,2965.1787,21635.8,0.994908,8,0.994192,21620.3
2003,33730.5705,2964.6697,8097.69,0.992967,3,0.992126,8090.89
2004,33735.2815,2964.2557,53899.2,0.991383,20,0.990440,53848.4
2005,33739.3596,2963.8974,5382.52,0.990009,2,0.988976,5376.96
2006,33740.6906,2963.7805,5380.1,0.989559,2,0.988498,5374.39
2007,33758.1799,2962.2450,24067.1,0.983623,9,0.982177,24032.4
2008,33763.1184,2961.8117,80088.5,0.981935,30,0.980381,79964.1
2009,33766.8316,2961.4860,7998.68,0.980664,3,0.979027,7985.59
2010,33772.3202,2961.0047,13306,0.978779,5,0.977020,13282.6
2011,33777.1487,2960.5815,21254.3,0.977116,8,0.975250,21214.6
2012,33783.7418,2960.0037,7952.21,0.974838,3,0.972825,7936.22
2013,33811.4187,2957.5807,52505.3,0.965182,20,0.962546,52367.1
2014,33814.8597,2957.2798,10488.3,0.963971,4,0.961257,10459.9
2015,33816.2520,2957.1580,2620.8,0.963480,1,0.960734,2613.62
2016,33818.0984,2956.9965,2619.09,0.962829,1,0.960041,2611.8
2017,33820.1793,2956.8146,13085.9,0.962094,5,0.959259,13048.8
2018,33829.2303,2956.0235,7826.38,0.958888,3,0.955847,7802.61
2019,33833.2921,2955.6686,10420.1,0.957444,4,0.954310,10387.5
2020,33837.9793,2955.2592,234061,0.955774,90,0.952532,233304
2021,33847.2803,2954.4471,181443,0.952447,70,0.948991,180817
2022,33857.7696,2953.5318,23240.6,0.948675,9,0.944975,23154.8
2023,33857.7696,2953.5318,23240.6,0.948675,9,0.944975,23154.8
2024,33862.5988,2953.1106,15466.7,0.946931,6,0.943119,15407.9
2025,33870.5007,2952.4217,23133.7,0.944068,9,0.940071,23041.5
2026,33874.0008,2952.1166,10268.6,0.942795,4,0.938717,10226.8
2027,33882.8088,2951.3492,2558.91,0.939583,1,0.935299,2547.97
2028,33884.6690,2951.1872,23014.6,0.938903,9,0.934575,22915.2
2029,33914.0702,2948.6287,7588.79,0.928060,3,0.923035,7550.75
2030,33926.0185,2947.5902,15110.1,0.923606,6,0.918294,15030.1
2031,33932.3981,2947.0360,20098.8,0.921216,8,0.915751,19989.2
2032,33933.5382,2946.9370,20090.2,0.920788,8,0.915296,19980.1
2033,33934.5817,2946.8464,5020.57,0.920396,2,0.914879,4992.95
2034,33935.6899,2946.7502,10037,0.919980,4,0.914436,9981.47
2035,33952.5503,2945.2869,7479.96,0.913615,3,0.907662,7435.57
2036,33962.5986,2944.4154,4967.63,0.909796,2,0.903598,4936.94
2037,33963.0323,2944.3779,9933.62,0.909630,4,0.903422,9872.14
2038,33971.1492,2943.6743,12378.6,0.906530,5,0.900123,12299.5
2039,33972.1404,2943.5884,22273,0.906151,9,0.899719,22130.2
2040,33974.5893,2943.3763,7417.37,0.905212,3,0.898720,7369.37
2041,33975.6183,2943.2871,173004,0.904818,70,0.898300,171880
2042,33993.3011,2941.7561,17182.9,0.898004,7,0.891049,17063.8
2043,34002.9208,2940.9238,9782.21,0.894271,4,0.887078,9712.1
2044,34035.9920,2938.0663,12070.2,0.881303,5,0.873279,11973.7
2045,34038.3217,2937.8652,4823.64,0.880381,2,0.872298,4784.8
2046,34042.6488,2937.4917,7223.06,0.878667,3,0.870474,7164.13
2047,34046.6807,2937.1439,16826.9,0.877066,7,0.868770,16687.8
2048,34056.9319,2936.2598,47880.8,0.872982,20,0.864425,47472.8
2049,34058.8602,2936.0936,14353.2,0.872211,6,0.863605,14230.2
2050,34075.2022,2934.6854,2376.56,0.865652,1,0.856626,2355.2
2051,34090.8692,2933.3368,2361.54,0.859316,1,0.849884,2339.38
2052,34094.4981,2933.0246,7074.19,0.857841,3,0.848316,7007.13
2053,34113.7390,2931.3703,16377.2,0.849981,7,0.839952,16213.8
2054,34114.9386,2931.2672,7015.35,0.849488,3,0.839428,6945.13
2055,34117.4720,2931.0495,116801,0.848447,50,0.838321,115624
2056,34123.1910,2930.5583,2330.52,0.846093,1,0.835816,2306.7
2057,34131.5208,2929.8431,46450.4,0.842653,20,0.832156,45965.4
2058,34139.9601,2929.1188,9257.63,0.839153,4,0.828433,9158.91
2059,34140.3907,2929.0819,6941.98,0.838974,3,0.828243,6867.88
2060,34141.4997,2928.9867,9251.7,0.838513,4,0.827752,9152.68
2061,34144.1212,2928.7619,2310.41,0.837423,1,0.826592,2285.52
2062,34149.6019,2928.2918,4610.27,0.835139,2,0.824162,4559.94
2063,34154.7011,2927.8546,13801.4,0.833008,6,0.821895,13648.8
2064,34156.2791,2927.7194,16091,0.832348,7,0.821193,15912.5
2065,34157.7221,2927.5957,4594.64,0.831744,2,0.820550,4543.5
2066,34161.5193,2927.2703,16055.7,0.830152,7,0.818856,15875.3
2067,34181.9914,2925.5171,4547.91,0.821521,2,0.809674,4494.35
2068,34185.6021,2925.2081,11352.4,0.819990,5,0.808046,11217.6
2069,34218.4495,2922.4001,15671.8,0.805951,7,0.793110,15471.8
2070,34235.7418,2920.9240,4444.31,0.798476,2,0.785159,4385.51
2071,34281.3615,2917.0370,19603.5,0.778482,9,0.763889,19319.5
2072,34284.8414,2916.7409,13048.9,0.776941,6,0.762249,12858.5
2073,34301.2892,2915.3423,215895,0.769623,100,0.754465,212647
2074,34305.3603,2914.9964,21550.3,0.767804,10,0.752530,21223.6
2075,34308.3991,2914.7382,12912.6,0.766444,6,0.751083,12715.8
2076,34333.3188,2912.6226,106404,0.755225,50,0.739149,104708
2077,34337.9506,2912.2297,12741.8,0.753126,6,0.736917,12536.9
2078,34339.9205,2912.0627,14852.1,0.752233,7,0.735966,14612.5
2079,34341.6795,2911.9135,12720.2,0.751434,6,0.735117,12514.4
2080,34343.6603,2911.7456,2118.13,0.750534,1,0.734159,2083.73
2081,34346.9784,2911.4643,148046,0.749025,70,0.732554,145627
2082,34350.0584,2911.2032,10559.9,0.747622,5,0.731061,10386.4
2083,34351.4007,2911.0894,16885.4,0.747010,8,0.730410,16607.5
2084,34357.3614,2910.5844,6314.83,0.744288,3,0.727515,6209.79
2085,34359.4406,2910.4083,12617.6,0.743337,6,0.726504,12407
2086,34360.8106,2910.2922,10508.1,0.742710,5,0.725836,10332.3
2087,34366.3504,2909.8231,6288.88,0.740170,3,0.723135,6182.65
2088,34369.9519,2909.5182,2092.83,0.738516,1,0.721376,2057.26
2089,34370.7484,2909.4508,10460.3,0.738150,5,0.720987,10282.3
2090,34376.1811,2908.9910,8347.35,0.735650,4,0.718327,8203.99
2091,34395.4816,2907.3586,4136.57,0.726721,2,0.708829,4063.22
2092,34396.5603,2907.2674,14470.8,0.726220,7,0.708296,14213.7
2093,34398.5007,2907.1035,2065.39,0.725318,1,0.707336,2028.58
2094,34400.5282,2906.9321,10317.2,0.724374,5,0.706333,10132.7
2095,34404.2304,2906.6193,10299.4,0.722650,5,0.704499,10114.2
2096,34406.4910,2906.4283,4115.43,0.721596,2,0.703377,4041.13
2097,34406.4910,2906.4283,4115.43,0.721596,2,0.703377,4041.13
2098,34406.9410,2906.3903,4114.56,0.721386,2,0.703154,4040.23
2099,34430.5701,2904.3957,12207.7,0.710306,6,0.691369,11978.7
2100,34458.2584,2902.0619,12048.6,0.697188,6,0.677415,11812.7
2101,34463.2911,2901.6381,4006.57,0.694788,2,0.674862,3927.52
2102,34466.7990,2901.3428,9999.65,0.693112,5,0.673080,9801.33
2103,34474.5212,2900.6929,9962.75,0.689415,5,0.669147,9762.86
2104,34476.8895,2900.4937,3980.57,0.688279,2,0.667939,3900.43
2105,34477.6117,2900.4329,7958.39,0.687932,4,0.667570,7797.98
2106,34489.2211,2899.4566,1978.51,0.682346,1,0.661628,1937.94
2107,34500.7798,2898.4852,7869.96,0.676759,4,0.655685,7705.85
2108,34506.1882,2898.0309,5887.01,0.674135,3,0.652895,5763.28
2109,34521.0090,2896.7867,5844.68,0.666919,3,0.645219,5719.21
2110,34524.4404,2896.4988,3889.92,0.665242,2,0.643435,3806.01
2111,34553.8410,2894.0343,5751.13,0.650785,3,0.628057,5621.9
2112,34554.8315,2893.9513,17244.9,0.650295,9,0.627536,16856.9
2113,34559.3005,2893.5771,3823.74,0.648082,2,0.625183,3737.17
2114,34581.8595,2891.6895,3781.05,0.636854,2,0.613241,3692.81
2115,34596.9605,2890.4273,1876.27,0.629285,1,0.605189,1831.6
2116,34601.3091,2890.0641,9360.84,0.627097,5,0.602862,9136.71
2117,34605.4183,2889.7209,11209.8,0.625027,6,0.600660,10939.9
2118,34614.1393,2888.9928,5580.25,0.620622,3,0.595975,5444.4
2119,34625.1581,2888.0735,11098.3,0.615036,6,0.590033,10824.3
2120,34626.9793,2887.9216,3696.02,0.614111,2,0.589049,3604.55
2121,34629.6021,2887.7028,7382.2,0.612777,4,0.587630,7198.87
2122,34636.5398,2887.1244,9195.19,0.609242,5,0.583871,8964.82
2123,34651.8701,2885.8471,10948,0.601400,6,0.575529,10668.4
2124,34671.6995,2884.1967,10836.8,0.591190,6,0.564669,10553.2
2125,34680.5120,2883.4638,14383.3,0.586629,8,0.559818,14002.8
2126,34682.3414,2883.3117,12573.5,0.585680,7,0.558809,12240.1
2127,34686.9785,2882.9262,12543.3,0.583273,7,0.556248,12208.8
2128,34700.3016,2881.8193,7118.01,0.576333,4,0.548867,6925.16
2129,34703.2521,2881.5743,1776.76,0.574792,1,0.547228,1728.45
2130,34708.2412,2881.1601,7088.52,0.572182,4,0.544452,6894.65
2131,34715.6195,2880.5478,14122.3,0.568314,8,0.540337,13732.7
2132,34733.4203,2879.0715,1748.82,0.558939,1,0.530366,1699.55
2133,34756.3889,2877.1689,12093.5,0.546755,7,0.517406,11743.7
2134,34757.5489,2877.0728,1726.57,0.546137,1,0.516749,1676.57
2135,34759.7704,2876.8890,6898.11,0.544953,4,0.515489,6697.83
2136,34826.0184,2871.4164,1663.99,0.509217,1,0.477478,1612
2137,34832.7116,2870.8646,14921.2,0.505561,9,0.473589,14451.7
2138,34839.5601,2870.3003,3303.42,0.501811,2,0.469601,3198.71
2139,34854.5385,2869.0668,8190.85,0.493580,5,0.460846,7927.07
2140,34861.8898,2868.4618,11420.8,0.489525,7,0.456533,11050.1
2141,34883.4803,2866.6864,6448.53,0.477558,4,0.443804,6234.5
2142,34887.8117,2866.3305,4824.75,0.475147,3,0.441239,4663.9
2143,34895.9990,2865.6580,8004.61,0.470580,5,0.436381,7735.49
2144,34908.1313,2864.6621,6360.35,0.463789,4,0.429157,6143.85
2145,34911.4991,2864.3857,11109.6,0.461899,7,0.427147,10730.1
2146,34926.9117,2863.1217,1573.37,0.453223,1,0.417918,1518.8
2147,34931.8804,2862.7145,14120.7,0.450417,9,0.414933,13628.4
2148,34940.5387,2862.0051,10929.1,0.445515,7,0.409720,10544.8
2149,34952.1297,2861.0560,7755.25,0.438933,5,0.402718,7479.42
2150,34954.3513,2860.8741,4647.27,0.437668,3,0.401373,4481.62
2151,34966.6013,2859.8719,1538.3,0.430679,1,0.393938,1482.81
2152,34974.2989,2859.2424,3063.08,0.426273,2,0.389251,2951.75
2153,34982.9002,2858.5394,6095.99,0.421337,4,0.384001,5872.59
2154,34984.7883,2858.3852,4567.03,0.420251,3,0.382846,4399.36
2155,35009.9221,2856.3331,1500.41,0.405740,1,0.367410,1443.99
2156,35037.4593,2854.0882,4429.65,0.389708,3,0.350356,4258.72
2157,35047.9988,2853.2300,4402.39,0.383535,3,0.343790,4230.85
2158,35059.1309,2852.3240,8747.36,0.376992,6,0.336830,8403.01
2159,35066.0800,2851.7587,1451.93,0.372897,1,0.332474,1394.41
2160,35074.9718,2851.0358,2888.65,0.367643,2,0.326885,2773.28
2161,35077.6917,2850.8147,7210.02,0.366034,5,0.325173,6921.35
2162,35094.4293,2849.4551,2855.49,0.356097,2,0.314603,2739.43
2163,35096.1790,2849.3130,9983.82,0.355055,7,0.313494,9577.38
2164,35101.4397,2848.8860,1421.79,0.351920,1,0.310159,1363.64
2165,35102.4608,2848.8031,1420.93,0.351311,1,0.309511,1362.76
2166,35150.3212,2844.9242,2761.27,0.322544,2,0.278910,2643.38
2167,35158.7295,2844.2438,1373.62,0.317447,1,0.273487,1314.54
2168,35176.9006,2842.7746,27170.2,0.306388,20,0.261722,25983.3
2169,35178.3499,2842.6575,10858.5,0.305503,8,0.260781,10383.6
2170,35181.5912,2842.3956,1354.62,0.303523,1,0.258675,1295.21
2171,35188.8110,2841.8124,10789.2,0.299106,8,0.253976,10313.1
2172,35193.6584,2841.4210,2689.3,0.296135,2,0.250816,2570.15
2173,35206.6198,2840.3749,6669.92,0.288171,5,0.242342,6371.15
2174,35220.0008,2839.2958,9261.13,0.279916,7,0.233561,8841.63
2175,35226.3584,2838.7834,2635.65,0.275982,2,0.229376,2515.63
2176,35233.5695,2838.2024,11807.5,0.271512,9,0.224620,11266.6
2177,35250.6283,2836.8289,1298.1,0.260899,1,0.213330,1237.79
2178,35260.6985,2836.0187,6449.79,0.254609,5,0.206638,6147.69
2179,35261.8012,2835.9300,3867.2,0.253919,3,0.205904,3685.91
2180,35266.4690,2835.5546,2570.61,0.250996,2,0.202795,2449.64
2181,35310.9711,2831.9810,2499.47,0.222934,2,0.172939,2377.59
2182,35327.7691,2830.6344,2472.91,0.212248,2,0.161571,2350.71
2183,35338.1088,2829.8062,3684.95,0.205645,3,0.154546,3501.38
2184,35350.4619,2828.8174,10967.7,0.197731,9,0.146126,10416.1
2185,35354.4291,2828.4999,3646.6,0.195183,3,0.143416,3462.63
2186,35355.9902,2828.3750,3642.95,0.194180,3,0.142349,3458.94
2187,35361.8083,2827.9097,2419.56,0.190438,2,0.138367,2296.79
2188,35378.1493,2826.6035,8379.63,0.179893,7,0.127148,7949.1
2189,35394.4803,2825.2993,1184.48,0.169307,1,0.115885,1122.87
2190,35410.6291,2824.0108,3516.28,0.158792,3,0.104698,3331.12
2191,35414.8018,2823.6781,10520.1,0.156068,9,0.101799,9964.45
2192,35436.3201,2821.9634,1152.54,0.141967,1,0.086797,1090.67
2193,35458.8301,2820.1720,2271.13,0.127129,2,0.071008,2147.18
2194,35462.0720,2819.9142,2266.26,0.124984,2,0.068726,2142.29
2195,35488.0807,2817.8475,1113.73,0.107711,1,0.050348,1051.64
2196,35514.9817,2815.7131,6563.19,0.089717,6,0.031202,6190.17
2197,35523.0602,2815.0728,1087.94,0.084289,1,0.025426,1025.75
2198,35529.4384,2814.5674,1083.28,0.079994,1,0.020857,1021.08
2199,35544.9712,2813.3375,9647.81,0.069506,9,0.009697,9087.69
2200,35553.2400,2812.6832,1065.99,0.063905,1,0.003737,1003.74
2201,35598.1583,2809.1341,6202.96,0.033267,6,-0.028864,5829.29
2202,35602.1103,2808.8223,4124.11,0.030555,4,-0.031751,3874.99
2203,35631.7114,2806.4888,7071.4,0.010148,7,-0.053466,6635.57
2204,35631.7114,2806.4888,7071.4,0.010148,7,-0.053466,6635.57
2205,35646.4503,2805.3284,1999.86,-0.000071,2,-0.064340,1875.37
2206,35664.4085,2803.9158,2962.52,-0.012574,3,-0.077644,2775.88
2207,35671.7888,2803.3357,8841.85,-0.017728,9,-0.083130,8282.08
2208,35677.7810,2802.8649,6848.23,-0.021921,7,-0.087591,6412.95
2209,35730.2509,2798.7489,942.801,-0.058900,1,-0.126944,880.783
2210,35739.9994,2797.9855,1872.59,-0.065824,2,-0.134313,1748.63
2211,35765.3792,2796.0000,8275.47,-0.083929,9,-0.153580,7718.69
2212,35788.7019,2794.1779,904.235,-0.100665,1,-0.171392,842.491
2213,35794.4988,2793.7254,8104.22,-0.104840,9,-0.175835,7548.81
2214,35870.6297,2787.7961,5963.74,-0.160212,7,-0.234766,5535.29
2215,35906.9599,2784.9754,829.451,-0.186992,1,-0.263269,768.535
2216,35924.0916,2783.6473,1637.95,-0.199699,2,-0.276795,1516.42
2217,35925.1795,2783.5630,1636.63,-0.200508,2,-0.277655,1515.12
2218,35969.7704,2780.1123,3957.48,-0.233831,5,-0.313124,3655.8
2219,35972.5687,2779.8960,3949.17,-0.235934,5,-0.315362,3647.62
2220,35980.6308,2779.2731,2355.17,-0.241999,3,-0.321818,2174.49
2221,35985.6589,2778.8848,1564.18,-0.245788,2,-0.325851,1443.83
2222,35989.0615,2778.6221,1560.17,-0.248354,2,-0.328583,1439.89
2223,35995.7105,2778.1088,1552.35,-0.253374,2,-0.333926,1432.21
2224,36001.1694,2777.6876,5410.86,-0.257502,7,-0.338320,4990.77
2225,36002.9702,2777.5486,771.928,-0.258864,1,-0.339770,711.934
2226,36008.3000,2777.1375,3075.27,-0.262901,4,-0.344067,2835.53
2227,36012.6989,2776.7983,3065.03,-0.266236,4,-0.347617,2825.48
2228,36022.6783,2776.0290,3041.89,-0.273815,4,-0.355684,2802.77
2229,36028.0784,2775.6129,4544.13,-0.277923,6,-0.360057,4185.82
2230,36029.1909,2775.5272,3026.86,-0.278770,4,-0.360959,2788.03
2231,36058.6791,2773.2574,6658.72,-0.301298,9,-0.384939,6124.43
2232,36087.3108,2771.0571,2894.99,-0.323314,4,-0.408375,2658.92
2233,36093.1718,2770.6072,3602.4,-0.327838,5,-0.413191,3307.68
2234,36116.5687,2768.8123,1415.09,-0.345956,2,-0.432479,1297.8
2235,36131.1200,2767.6972,2098.75,-0.357272,3,-0.444525,1923.39
2236,36136.4717,2767.2873,6270.03,-0.361443,9,-0.448965,5744.59
2237,36144.4700,2766.6750,4154.01,-0.367686,6,-0.455611,3804.36
2238,36145.6089,2766.5878,1383.44,-0.368575,2,0.124294,2264.7
2239,36150.1185,2766.2427,4824.99,-0.372101,7,0.128016,7956
2240,36151.0701,2766.1698,688.772,-0.372845,1,0.128800,1137.46
2241,36190.4490,2763.1600,15393.6,0.536725,9,0.161019,10572.4
2242,36193.2901,2762.9431,10259.7,0.536462,6,0.163325,7064.52
2243,36194.9294,2762.8179,8548.46,0.536313,5,0.164655,5894.93
2244,36205.3210,2762.0250,5124.48,0.535418,3,0.173063,3566.82
2245,36213.0886,2761.4325,15364,0.534805,9,0.179327,10767.7
2246,36219.3018,2760.9588,13650.7,0.534349,8,0.184324,9619.24
2247,36230.1885,2760.1292,3410.2,0.533622,2,0.193051,2425.89
2248,36245.3413,2758.9753,10221.8,0.532765,6,0.205138,7366.17
2249,36258.8987,2757.9437,13620.7,0.532147,8,0.215893,9927.76
2250,36277.7104,2756.5135,3403.04,0.531521,2,0.230725,2519.02
2251,36279.8589,2756.3503,1701.43,0.531466,1,0.232412,1261.64
2252,36287.3101,2755.7843,5103.45,0.531304,3,0.238252,3807.09
2253,36302.2109,2754.6532,5102.41,0.531101,3,0.249880,3851.62
2254,36316.3719,2753.5790,8503.67,0.531060,5,0.260869,6490.29
2255,36321.6112,2753.1818,8503.85,0.531082,5,0.264920,6516.63
2256,36323.1590,2753.0645,5102.36,0.531092,3,0.266115,3914.66
2257,36402.5394,2747.0611,11938.7,0.533872,7,0.326442,9702.19
2258,36411.2208,2746.4061,6825.96,0.534438,4,0.332925,5580.17
2259,36417.9089,2745.9018,8536.46,0.534909,5,0.337905,7010.04
2260,36424.5404,2745.4018,6832.55,0.535404,4,0.342830,5635.72
2261,36436.6205,2744.4916,15388.3,0.536381,9,0.351767,12794.2
2262,36437.7500,2744.4066,15389.8,0.536477,9,0.352600,12804.9
2263,36440.2601,2744.2175,1710.34,0.536694,1,0.354451,1425.4
2264,36454.7988,2743.1231,11988.4,0.538030,7,0.365135,10085
2265,36463.4397,2742.4730,6856.4,0.538888,4,0.371455,5799.37
2266,36468.7598,2742.0730,1715.05,0.539440,1,0.375335,1455.48
2267,36504.2598,2739.4063,10332.9,0.543576,6,0.401015,8960.04
2268,36537.0617,2736.9470,1729.93,0.548081,1,0.424416,1528.7
2269,36543.5407,2736.4617,3463.21,0.549047,2,0.429001,3071.44
2270,36546.8806,2736.2116,13859.9,0.549555,8,0.431360,12314.8
2271,36560.7004,2735.1774,13890,0.551724,8,0.441086,12435.1
2272,36567.9385,2734.6360,1738.3,0.552905,1,0.446157,1562.3
2273,36569.0197,2734.5551,5215.82,0.553084,3,0.446914,4690.44
2274,36575.2400,2734.0901,15663.8,0.554126,9,0.451258,14132.6
2275,36579.6410,2733.7611,1741.73,0.554877,1,0.454325,1575.11
2276,36583.4816,2733.4741,12200.2,0.555541,7,0.456997,11055.3
2277,36599.7187,2732.2614,1747.94,0.558440,1,0.468247,1597.19
2278,36601.3103,2732.1426,1748.45,0.558732,1,0.469346,1598.95
2279,36613.5384,2731.2301,1752.46,0.561023,1,0.477762,1612.46
2280,36615.7205,2731.0674,5259.59,0.561441,3,0.479259,4844.63
2281,36622.9616,2730.5274,12289.6,0.562845,7,0.484218,11360.3
2282,36630.1299,2729.9930,15823.4,0.564263,9,0.489113,14677.8
2283,36638.9386,2729.3367,14090.3,0.566043,8,0.495107,13125.4
2284,36641.6206,2729.1369,1762.25,0.566593,1,0.496927,1643.66
2285,36647.5418,2728.6960,1764.42,0.567821,1,0.500940,1650.27
2286,36659.4215,2727.8117,15919.8,0.570341,9,0.508959,14972
2287,36667.3188,2727.2242,10631.5,0.572058,6,0.514268,10034.5
2288,36673.3810,2726.7734,8871.42,0.573397,5,0.518331,8396.12
2289,36680.8100,2726.2211,3554.49,0.575064,2,0.523297,3375.16
2290,36699.4484,2724.8366,178491,0.579369,100,0.535684,170862
2291,36704.4816,2724.4629,5361.13,0.580562,3,0.539013,5142.94
2292,36724.6405,2722.9674,16162.4,0.585464,9,0.552271,15634.7
2293,36739.2703,2721.8831,14419.6,0.589146,8,0.561821,14030.9
2294,36744.5100,2721.4950,5414.61,0.590489,3,0.565227,5279.54
2295,36748.2906,2721.2150,1806.64,0.591466,1,0.567680,1764.17
2296,36751.5088,2720.9767,12657,0.592304,7,0.569764,12375
2297,36752.6406,2720.8929,9043.42,0.592600,5,0.570497,8845.73
2298,36768.8204,2719.6956,5449.39,0.596892,3,0.580927,5363.09
2299,36770.6489,2719.5604,14538.9,0.597384,8,0.582102,14318.4
2300,36772.0110,2719.4596,36360.6,0.597752,20,0.582976,35827.2
2301,36773.8798,2719.3214,5456.85,0.598259,3,0.584174,5380.53
2302,36808.7008,2716.7490,9183.61,0.607982,5,0.606324,9168.4
2303,36815.2787,2716.2636,1840.21,0.609880,1,0.610471,1841.3
2304,36833.5600,2714.9154,7400.49,0.615252,4,0.621931,7450.08
2305,36833.5600,2714.9154,7400.49,0.615252,4,0.621931,7450.08
2306,36855.3802,2713.3081,9311.86,0.621851,5,0.635488,9439.72
2307,36857.0104,2713.1880,3726.61,0.622352,2,0.636496,3779.69
2308,36859.7811,2712.9841,1864.9,0.623206,1,0.638206,1893.08
2309,36863.2093,2712.7318,16801.9,0.624267,9,0.640320,17073.8
2310,36866.2510,2712.5080,9343.21,0.625212,5,0.642193,9503.22
2311,36868.4004,2712.3498,3739.79,0.625883,2,0.643515,3806.32
2312,36875.7593,2711.8086,5622.66,0.628193,3,0.648031,5735.32
2313,36875.8689,2711.8005,7497.14,0.628227,4,0.648098,7647.6
2314,36879.2917,2711.5488,16886.8,0.629309,9,0.650193,17243.2
2315,36885.3498,2711.1035,75197.3,0.631235,40,0.653894,76920.5
2316,36887.6208,2710.9366,5643.89,0.631961,3,0.655278,5777.03
2317,36893.1319,2710.5316,7538.52,0.633732,4,0.658632,7728.59
2318,36895.8014,2710.3355,3772.51,0.634593,2,0.660254,3870.57
2319,36907.6804,2709.4632,1893.57,0.638462,1,0.667447,1949.25
2320,36914.5611,2708.9581,17080.8,0.640728,9,0.671595,17616.2
2321,36924.5588,2708.2246,3808.37,0.644054,2,0.677600,3938.29
2322,36929.7286,2707.8455,1907.49,0.645788,1,0.680694,1975.25
2323,36931.4192,2707.7216,1908.58,0.646357,1,0.681704,1977.24
2324,36935.6200,2707.4136,9556.43,0.647776,5,0.684211,9911.04
2325,36947.4694,2706.5453,3838.04,0.651815,2,0.691256,3992.44
2326,36948.6296,2706.4603,7679.14,0.652214,4,0.691944,7990.38
2327,36954.0390,2706.0641,11540.2,0.654077,6,0.695146,12024
2328,36965.7715,2705.2053,1931.23,0.658155,1,0.702063,2017.91
2329,36967.1985,2705.1008,9660.95,0.658654,5,0.702902,10098
2330,36972.1885,2704.7358,3871.16,0.660406,2,0.705831,4051.06
2331,36977.5196,2704.3458,11635.3,0.662288,6,0.708952,12191.2
2332,36982.8286,2703.9576,3885.76,0.664172,2,0.712053,4076.34
2333,36987.4502,2703.6197,11676.5,0.665819,6,0.714746,12262
2334,36995.4188,2703.0374,11709.9,0.668678,6,0.719375,12318.9
2335,36998.2502,2702.8305,7814.6,0.669699,4,0.721016,8226.09
2336,37006.7293,2702.2112,1959.66,0.672773,1,0.725917,2066.63
2337,37014.7815,2701.6234,1965.44,0.675714,1,0.730553,2076.23
2338,37017.8111,2701.4023,7870.49,0.676826,4,0.732293,8319.38
2339,37035.6513,2700.1010,9903.38,0.683438,5,0.742488,10505.8
2340,37037.9192,2699.9357,3964.71,0.684286,2,0.743778,4207.74
2341,37050.9996,2698.9825,1992.14,0.689209,1,0.751190,2119.52
2342,37068.2106,2697.7294,2005.25,0.695768,1,0.760873,2140.14
2343,37085.9095,2696.4419,4038.02,0.702608,2,0.770747,4322.76
2344,37086.5000,2696.3990,4038.95,0.702837,2,0.771075,4324.18
2345,37093.4205,2695.8959,6074.81,0.705539,3,0.774913,6511.21
2346,37125.8602,2693.5403,8204.48,0.718387,4,0.792729,8837.67
2347,37136.1898,2692.7911,12357.9,0.722540,6,0.798344,13331.1
2348,37142.7994,2692.3119,2065.17,0.725213,1,0.801921,2229.82
2349,37144.4288,2692.1938,10332.7,0.725874,5,0.802802,11158.9
2350,37146.3417,2692.0551,8272.57,0.726650,4,0.803834,8936.36
2351,37179.3894,2689.6622,16771.2,0.740221,8,0.821518,18191.6
2352,37179.9988,2689.6182,10484.6,0.740474,5,0.821841,11373.4
2353,37188.7617,2688.9844,14732.1,0.744120,7,0.826481,15996.8
2354,37191.6003,2688.7792,12642.5,0.745306,6,0.827979,13732.1
2355,37198.1714,2688.3042,2112.89,0.748058,1,0.831440,2296.62
2356,37201.6786,2688.0507,16928.1,0.749531,8,0.833282,18406.9
2357,37206.8919,2687.6741,10603.3,0.751726,5,0.836015,11535.8
2358,37212.7286,2687.2526,6377.67,0.754191,3,0.839066,6942.61
2359,37214.0991,2687.1536,19144.1,0.754771,9,0.839781,20842.7
2360,37223.2293,2686.4945,12812.3,0.758647,6,0.844533,13961.3
2361,37228.5616,2686.1097,12841.5,0.760919,6,0.847298,14000
2362,37237.7009,2685.4504,6445.88,0.764829,3,0.852019,7033.13
2363,37243.1807,2685.0553,17229.5,0.767183,8,0.854840,18808
2364,37244.6688,2684.9480,19395.6,0.767823,9,0.855605,21175.2
2365,37252.8695,2684.3570,8650.82,0.771360,4,0.859808,9450.83
2366,37255.0606,2684.1991,2164.76,0.772308,1,0.860928,2365.35
2367,37256.7406,2684.0781,6498.99,0.773035,3,0.861786,7102.15
2368,37258.9384,2683.9197,6505.18,0.773987,3,0.862907,7110.12
2369,37260.8685,2683.7807,2170.21,0.774824,1,0.863891,2372.37
2370,37262.5307,2683.6610,15202.4,0.775546,7,0.864737,16620.7
2371,37266.2110,2683.3960,8701.02,0.777146,4,0.866609,9515.32
2372,37286.3506,2681.9466,4388.99,0.785951,2,0.876787,4806.33
2373,37288.4214,2681.7976,10982.5,0.786861,5,0.877827,12028.3
2374,37290.5394,2681.6453,2198.54,0.787793,1,0.878891,2408.23
2375,37297.2299,2681.1643,2205.03,0.790742,1,0.882241,2416.31
2376,37309.7588,2680.2639,155211,0.796289,70,0.888485,170201
2377,37321.7089,2679.4057,6687.36,0.801607,3,0.894402,7337.62
2378,37336.7713,2678.3248,13465.2,0.808349,6,0.901809,14784.3
2379,37340.1089,2678.0854,2247.57,0.809848,1,0.903442,2468.08
2380,37348.4494,2677.4873,9024.09,0.813604,4,0.907510,9912.58
2381,37365.1003,2676.2942,11365.4,0.821137,5,0.915580,12491.1
2382,37365.1003,2676.2942,11365.4,0.821137,5,0.915580,12491.1
2383,37374.7104,2675.6060,4566.07,0.825507,2,0.920205,5019.61
2384,37375.3107,2675.5630,11418.3,0.825780,5,0.920493,12552.6
2385,37399.2608,2673.8496,11544.1,0.836736,5,0.931912,12696.8
2386,37404.1892,2673.4973,13884.3,0.839002,6,0.934244,15271.7
2387,37405.2618,2673.4207,18521.6,0.839495,8,0.934751,20372.6
2388,37408.8087,2673.1672,11594.9,0.841129,5,0.936424,12754.2
2389,37413.3293,2672.8442,4647.64,0.843213,2,0.938552,5112.55
2390,37418.4917,2672.4754,11646.8,0.845597,5,0.940976,12812.4
2391,37422.5589,2672.1850,2333.75,0.847478,1,0.942881,2567.37
2392,37428.8898,2671.7330,9362.42,0.850410,4,0.945837,10299.9
2393,37452.8508,2670.0237,14201.1,0.861558,6,0.956936,15622.2
2394,37452.8508,2670.0237,14201.1,0.861558,6,0.956936,15622.2
2395,37454.0190,2669.9404,9472.54,0.862103,4,0.957473,10420.4
2396,37467.3798,2668.9883,11914.9,0.868353,5,0.963594,13105.5
2397,37468.7585,2668.8901,2384.52,0.869000,1,0.964223,2622.75
2398,37472.8295,2668.6002,11945.4,0.870909,5,0.966078,13138.1
2399,37476.9414,2668.3074,47874,0.872840,20,0.967948,52650.7
2400,37495.1600,2667.0109,4828.64,0.881418,2,0.976178,5308.59
2401,37498.1111,2666.8010,2417.69,0.882811,1,0.977504,2657.81
2402,37501.7294,2666.5437,9687.28,0.884520,4,0.979126,10648.5
2403,37509.3400,2666.0027,2430.55,0.888119,1,0.982527,2671.2
2404,37512.4615,2665.7808,12170.7,0.889598,5,0.983918,13374.6
2405,37524.7995,2664.9043,22035.9,0.895450,9,0.989391,24206.4
2406,37534.6193,2664.2071,7379.68,0.900118,3,0.993720,8103.79
2407,37547.0390,2663.3259,4948.98,0.906035,2,0.999160,5432
2408,37563.7808,2662.1388,9977.44,0.914032,4,1.006433,10943.3
2409,37568.6802,2661.7917,5000.43,0.916377,2,1.008548,5483.24
2410,37570.5006,2661.6627,2502.4,0.917249,1,1.009333,2743.77
2411,37577.0988,2661.1953,5020.64,0.920410,2,1.012169,5503.13
2412,37585.0092,2660.6352,2519.86,0.924205,1,1.015555,2760.9
2413,37589.1787,2660.3401,5049.83,0.926207,2,1.017334,5531.62
2414,37607.8108,2659.0221,5095.28,0.935168,2,1.025229,5575.47
2415,37619.5413,2658.1930,2562.08,0.940820,1,1.030155,2801.5
2416,37622.2493,2658.0016,2565.43,0.942126,1,1.031288,2804.68
2417,37626.9904,2657.6667,51426.1,0.944414,20,1.033266,56204.6
2418,37628.0806,2657.5897,10290.6,0.944940,4,1.033720,11246
2419,37638.5093,2656.8534,18099.6,0.949977,7,1.038050,19765.9
2420,37641.3113,2656.6556,2589.15,0.951331,1,1.039209,2826.98
2421,37673.4698,2654.3878,7889.33,0.966898,3,1.052369,8593.29
2422,37675.2594,2654.2618,2632.06,0.967766,1,1.053094,2866.51
2423,37682.9108,2653.7228,2641.84,0.971476,1,1.056185,2875.38
2424,37715.0103,2651.4642,2683.33,0.987059,1,1.068995,2912.45
2425,37718.6512,2651.2083,2688.08,0.988827,1,1.070433,2916.64
2426,37721.6997,2650.9940,13460.3,0.990309,5,1.071633,14600.7
2427,37723.8200,2650.8450,2694.84,0.991339,1,1.072467,2922.58
2428,37726.6918,2650.6432,5397.21,0.992735,2,1.073595,5851.76
2429,37732.4493,2650.2388,2706.17,0.995533,1,1.075850,2932.48
2430,37739.4699,2649.7457,21723.3,0.998946,8,1.078589,23524.2
2431,37749.3302,2649.0536,5456.93,1.003739,2,1.082415,5903.6
2432,37752.1986,2648.8523,2732.27,1.005134,1,1.083524,2955.07
2433,37762.4790,2648.1312,16475.8,1.010132,6,1.087481,17800.8
2434,37767.0997,2647.8072,2752.14,1.012379,1,1.089251,2972.05
2435,37770.6915,2647.5554,24812.6,1.014125,9,1.090624,26785.2
2436,37793.6104,2645.9499,8363.52,1.025267,3,1.099309,9006.28
2437,37795.7105,2645.8029,2790.69,1.026287,1,1.100099,3004.46
2438,37801.4293,2645.4026,55969,1.029066,20,1.102244,60218.3
2439,37804.6004,2645.1807,5605.53,1.030607,2,1.103429,6028.97
2440,37827.5711,2643.5744,17005.2,1.041761,6,1.111947,18241.6
2441,37833.6886,2643.1470,8527.89,1.044730,3,1.114195,9141.34
2442,37841.0488,2642.6329,8558.39,1.048300,3,1.116886,9165.98
2443,37841.0488,2642.6329,8558.39,1.048300,3,1.116886,9165.98
2444,37842.4910,2642.5322,2854.79,1.048999,1,1.117412,3056.93
2445,37863.3487,2641.0765,11535.2,1.059105,4,1.124964,12320.4
2446,37868.8806,2640.6907,23132.2,1.061782,8,1.126949,24689.8
2447,37870.3302,2640.5896,11574.2,1.062484,4,1.127468,12351.3
2448,37871.7617,2640.4898,5791.11,1.063176,2,1.127980,6178.82
2449,37883.5490,2639.6682,2912.1,1.068876,1,1.132178,3102.41
2450,37906.5593,2638.0659,2944.62,1.079981,1,1.140279,3127.64
2451,37911.1706,2637.7450,8853.53,1.082204,3,1.141887,9398.03
2452,37914.8212,2637.4910,8869.11,1.083962,3,1.143157,9409.97
2453,37943.5714,2635.4926,14987.5,1.097780,5,1.153047,15839.2
2454,37968.4191,2633.7678,9100.13,1.109676,3,1.161438,9583.57
2455,37992.5588,2632.0944,3068.49,1.121185,1,1.169452,3220.23
2456,37993.9590,2631.9974,12282.1,1.121851,4,1.169913,12886.8
2457,38000.5703,2631.5395,3080.2,1.124994,1,1.172082,3228.71
2458,38006.2791,2631.1442,3088.56,1.127704,1,1.173947,3234.73
2459,38012.6614,2630.7024,3097.92,1.130731,1,1.176022,3241.46
2460,38019.9615,2630.1973,21760.5,1.134188,7,1.178385,22743.9
2461,38024.6499,2629.8730,6231.1,1.136405,2,1.179896,6508.07
2462,38025.7200,2629.7990,21819.9,1.136911,7,1.180240,22786.1
2463,38031.2486,2629.4167,3125.27,1.139522,1,1.182014,3260.93
2464,38038.6285,2628.9066,15680.9,1.143003,5,1.184371,16343.1
2465,38052.9185,2627.9193,3157.33,1.149726,1,1.188898,3283.46
2466,38055.7811,2627.7217,15807.9,1.151070,5,1.189799,16432.1
2467,38066.3306,2626.9934,6354.5,1.156016,2,1.193105,6594.6
2468,38069.1413,2626.7995,3181.43,1.157331,1,1.193981,3300.19
2469,38072.8403,2626.5443,15934.7,1.159061,5,1.195131,16520
2470,38080.3212,2626.0283,22386.6,1.162555,7,1.197448,23181.6
2471,38085.2816,2625.6862,128220,1.164867,40,1.198978,132669
2472,38089.3310,2625.4071,3211.55,1.166753,1,1.200222,3320.85
2473,38098.1594,2624.7987,22573.3,1.170857,7,1.202921,23308.8
2474,38116.7799,2623.5165,3252.68,1.179481,1,1.208557,3348.65
2475,38120.9388,2623.2303,16294.7,1.181400,5,1.209805,16764.1
2476,38127.4612,2622.7815,6537.49,1.184406,2,1.211754,6718.74
2477,38132.2312,2622.4534,16379.6,1.186601,5,1.213173,16820.7
2478,38139.3605,2621.9632,3286.67,1.189875,1,1.215284,3371.25
2479,38152.3711,2621.0691,6612.62,1.195832,2,1.219108,6768.34
2480,38157.3511,2620.7270,3313.83,1.198106,1,1.220561,3389.09
2481,38160.8314,2620.4880,9957.29,1.199692,3,1.221574,10177.6
2482,38164.6091,2620.2286,3324.81,1.201413,1,1.222670,3396.24
2483,38168.7600,2619.9436,3331.09,1.203300,1,1.223870,3400.32
2484,38172.7098,2619.6726,6674.15,1.205094,2,1.225008,6808.39
2485,38174.3108,2619.5627,6679,1.205821,2,1.225469,6811.52
2486,38179.3887,2619.2143,3347.19,1.208122,1,1.226925,3410.73
2487,38183.6115,2618.9246,20121.6,1.210033,6,1.228132,20489.1
2488,38189.4908,2618.5214,10087.5,1.212688,3,1.229806,10261.7
2489,38193.0690,2618.2761,26943.5,1.214302,8,1.230821,27392.3
2490,38201.7203,2617.6832,13524.3,1.218195,4,1.233262,13729.6
2491,38203.2215,2617.5803,3383.36,1.218869,1,1.233684,3433.86
2492,38211.9886,2616.9797,10190,1.222799,3,1.236138,10326.9
2493,38214.2086,2616.8277,3400.06,1.223792,1,1.236757,3444.42
2494,38220.2215,2616.4160,30682.8,1.226478,9,1.238427,31051.6
2495,38236.1410,2615.3267,30900.8,1.233559,9,1.242809,31188
2496,38244.6701,2614.7434,10339.2,1.237334,3,1.245133,10420.2
2497,38249.0187,2614.4462,6906.07,1.239254,2,1.246312,6954.99
2498,38253.2418,2614.1575,10378.4,1.241115,3,1.247453,10444.4
2499,38259.7600,2613.7122,13877.6,1.243982,4,1.249206,13950.3
2500,38280.3408,2612.3069,3500.76,1.252981,1,1.254678,3506.71
2501,38282.2791,2612.1747,10511.2,1.253825,3,1.255189,10525.5
2502,38283.2300,2612.1098,10515.5,1.254238,3,1.255439,10528.1
2503,38285.6199,2611.9467,24561.7,1.255277,7,1.256067,24581.1
2504,38288.5209,2611.7488,7026.46,1.256536,2,1.256827,7028.51
2505,38297.5891,2611.1304,28216.4,1.260461,8,1.259192,28180.6
2506,38301.7398,2610.8475,21200.2,1.262253,6,1.260268,21158.2
2507,38313.8910,2610.0194,14207.5,1.267477,4,1.263397,14149.7
2508,38318.1505,2609.7293,24908.6,1.269302,7,1.264486,24788.9
2509,38318.1505,2609.7293,24908.6,1.269302,7,1.264486,24788.9
2510,38323.9397,2609.3351,10701.5,1.271775,3,1.265960,10639.5
2511,38328.5095,2609.0240,21444.8,1.273723,6,1.267118,21303.6
2512,38333.6093,2608.6769,17909.5,1.275892,5,1.268405,17775.9
2513,38350.2694,2607.5436,7214.45,1.282938,2,1.272569,7140.02
2514,38353.9488,2607.2935,18064.1,1.284487,5,1.273480,17866.3
2515,38355.8597,2607.1636,21694.3,1.285290,6,1.273952,21449.7
2516,38384.2503,2605.2352,10976.3,1.297126,3,1.280872,10799.3
2517,38396.2089,2604.4238,22061.1,1.302057,6,1.283734,21660.6
2518,38397.6390,2604.3268,7358.03,1.302645,2,1.284074,7222.65
2519,38401.0113,2604.0981,7368.22,1.304029,2,1.284874,7228.43
2520,38401.8516,2604.0411,3685.38,1.304373,1,1.285073,3614.93
2521,38410.3097,2603.4677,14792.6,1.307830,4,1.287068,14488.6
2522,38411.4003,2603.3938,14799.1,1.308275,4,1.287324,14492.3
2523,38413.9100,2603.2237,7407.14,1.309297,2,1.287913,7250.42
2524,38413.9100,2603.2237,7407.14,1.309297,2,1.287913,7250.42
2525,38417.1890,2603.0015,3708.51,1.310630,1,1.288679,3627.99
2526,38421.5407,2602.7067,11145.2,1.312395,3,1.289693,10895
2527,38425.7687,2602.4203,3721.42,1.314106,1,1.290674,3635.23
2528,38435.9597,2601.7303,22420.4,1.318212,6,1.293022,21862.7
2529,38450.6393,2600.7370,3758.74,1.324083,1,1.296365,3655.98
2530,38466.0809,2599.6930,3781.8,1.330201,1,1.299831,3668.68
2531,38469.9602,2599.4308,3787.59,1.331729,1,1.300694,3671.84
2532,38471.8104,2599.3058,15161.4,1.332456,4,1.301104,14693.4
2533,38479.1586,2598.8094,15205.1,1.335336,4,1.302726,14717.3
2534,38482.7814,2598.5648,3806.65,1.336751,1,1.303521,3682.24
2535,38496.7892,2597.6192,34446.7,1.342189,9,1.306570,33241.4
2536,38509.9103,2596.7342,3846.78,1.347237,1,1.309388,3703.91
2537,38517.4792,2596.2239,3857.92,1.350128,1,1.310996,3709.87
2538,38519.6896,2596.0749,34750.5,1.350970,9,1.311463,33404.4
2539,38532.6015,2595.2050,15520.4,1.355858,4,1.314173,14886.7
2540,38536.9107,2594.9148,15545.6,1.357480,4,1.315069,14900
2541,38539.4507,2594.7438,23340.6,1.358434,6,1.315595,22361.8
2542,38545.3688,2594.3454,3898.72,1.360648,1,1.316816,3731.52
2543,38546.6597,2594.2585,3900.6,1.361130,1,1.317082,3732.51
2544,38556.3390,2593.6072,19573.3,1.364728,5,1.319060,18699.5
2545,38562.4014,2593.1995,7846.87,1.366968,2,1.320289,7489.01
2546,38570.0504,2592.6852,23606.9,1.369780,6,1.321828,22501.6
2547,38580.0210,2592.0152,11846.5,1.373420,3,1.323816,11273.2
2548,38593.1596,2591.1328,35708.8,1.378173,9,1.326403,33907.2
2549,38594.7993,2591.0227,11910,1.378763,3,1.326724,11306
2550,38598.3412,2590.7849,3975.04,1.380034,1,1.327413,3771.28
2551,38599.9810,2590.6749,15909.5,1.380621,4,1.327732,15089.9
2552,38599.9810,2590.6749,15909.5,1.380621,4,1.327732,15089.9
2553,38604.6910,2590.3588,7968.14,1.382303,2,1.328644,7551.84
2554,38606.6787,2590.2254,19934.4,1.383011,5,1.329027,18886.8
2555,38609.3898,2590.0435,23944.4,1.383975,6,1.329548,22676
2556,38617.0699,2589.5284,4001.6,1.386694,1,1.331017,3784.89
2557,38618.7517,2589.4157,8007.94,1.387287,2,1.331337,7572.21
2558,38631.0689,2588.5900,36191.7,1.391604,9,1.333662,34154.2
2559,38632.6611,2588.4833,80470.5,1.392159,20,1.333961,75921
2560,38640.3210,2587.9702,20171.2,1.394817,5,1.335388,19007.4
2561,38645.8799,2587.5980,4041.98,1.396735,1,1.336416,3805.38
2562,38647.3112,2587.5021,4043.97,1.397227,1,1.336680,3806.38
2563,38652.3613,2587.1641,8101.96,1.398959,2,1.337606,7619.83
2564,38653.7397,2587.0718,4052.89,1.399430,1,1.337858,3810.87
2565,38657.3703,2586.8288,4057.91,1.400669,1,1.338520,3813.4
2566,38662.8407,2586.4628,20327.3,1.402528,5,1.339512,19085.9
2567,38663.8597,2586.3947,12200.6,1.402873,3,1.339696,11453.7
2568,38667.7491,2586.1345,16288.9,1.404188,4,1.340397,15282.2
2569,38676.6493,2585.5394,12253.2,1.407178,3,1.341989,11479.9
2570,38677.4702,2585.4845,24513.2,1.407452,6,1.342135,22963.2
2571,38683.4106,2585.0875,4093.63,1.409433,1,1.343186,3831.23
2572,38697.6689,2584.1350,4112.95,1.414141,1,1.345681,3840.8
2573,38701.8602,2583.8551,12355.8,1.415512,3,1.346406,11530.8
2574,38707.4015,2583.4852,4126.03,1.417317,1,1.347360,3847.25
2575,38714.1315,2583.0361,20675.2,1.419495,5,1.348509,19258.4
2576,38716.0512,2582.9080,20688,1.420114,5,1.348835,19264.7
2577,38717.7010,2582.7980,16559.2,1.420644,4,1.349114,15416
2578,38726.3890,2582.2185,4151.31,1.423424,1,1.350577,3859.65
2579,38726.3890,2582.2185,4151.31,1.423424,1,1.350577,3859.65
2580,38734.7897,2581.6585,8324.77,1.426089,2,1.351977,7730.12
2581,38738.8704,2581.3866,8335.49,1.427375,2,1.352651,7735.33
2582,38746.7511,2580.8615,12534.1,1.429842,3,1.353944,11618
2583,38748.3601,2580.7544,37621.2,1.430343,9,1.354206,34863.2
2584,38757.2394,2580.1631,4191.65,1.433093,1,1.355645,3879.26
2585,38761.6403,2579.8702,8394.64,1.434447,2,1.356352,7764.01
2586,38766.5102,2579.5461,37832.2,1.435936,9,1.357129,34965.2
2587,38768.1197,2579.4390,8411.28,1.436427,2,1.357385,7772.04
2588,38770.6900,2579.2680,4208.93,1.437209,1,1.357792,3887.6
2589,38780.1613,2578.6381,8441.98,1.440069,2,1.359282,7786.8
2590,38794.3699,2577.6936,12716.7,1.444303,3,1.361482,11705.9
2591,38798.6116,2577.4118,8488.39,1.445553,2,1.362131,7809.01
2592,38801.7908,2577.2006,4248.16,1.446486,1,1.362615,3906.4
2593,38806.6107,2576.8805,4254.14,1.447893,1,1.363345,3909.25
2594,38809.5915,2576.6826,4257.83,1.448759,1,1.363793,3911
2595,38818.4701,2576.0933,4268.75,1.451321,1,1.365119,3916.19
2596,38824.5787,2575.6880,29933.5,1.453068,7,1.366022,27438.1
2597,38825.7505,2575.6102,8555.28,1.453401,2,1.366195,7840.81
2598,38838.8412,2574.7421,4293.46,1.457093,1,1.368100,3927.88
2599,38842.3599,2574.5089,12893,1.458075,3,1.368607,11789.6
2600,38854.2214,2573.7229,8623.56,1.461351,2,1.370295,7873.02
2601,38858.0602,2573.4687,17265.2,1.462400,4,1.370835,15754.6
2602,38859.7206,2573.3587,30227.8,1.462852,7,1.371068,27576.9
2603,38866.2309,2572.9276,8651.76,1.464616,2,1.371975,7886.26
2604,38867.4891,2572.8444,4327.35,1.464955,1,1.372149,3943.82
2605,38871.3101,2572.5914,34654.3,1.465981,8,1.372676,31567.2
2606,38873.0195,2572.4783,8667.54,1.466438,2,1.372911,7893.65
2607,38882.5594,2571.8472,4344.75,1.468969,1,1.374211,3951.96
2608,38884.5698,2571.7142,39123.5,1.469498,9,1.374483,35577.3
2609,38884.5698,2571.7142,39123.5,1.469498,9,1.374483,35577.3
2610,38891.4089,2571.2620,17419.3,1.471287,4,1.375401,15826.7
2611,38896.2796,2570.9400,17441.4,1.472550,4,1.376049,15836.9
2612,38908.5099,2570.1318,4374.02,1.475682,1,1.377655,3965.59
2613,38910.9192,2569.9727,39390.2,1.476293,9,1.377968,35701.5
2614,38912.0811,2569.8960,26267.8,1.476586,6,1.378118,23804.6
2615,38913.4189,2569.8076,4379.45,1.476923,1,1.378291,3968.11
2616,38924.5090,2569.0754,26349.6,1.479693,6,1.379710,23842.5
2617,38924.5090,2569.0754,26349.6,1.479693,6,1.379710,23842.5
2618,38930.8106,2568.6596,30789,1.481246,7,1.380505,27838.4
2619,38940.3800,2568.0284,8817.36,1.483575,2,1.381697,7963.31
2620,38962.5807,2566.5651,4431.95,1.488840,1,1.384392,3992.4
2621,38964.1187,2566.4638,4433.54,1.489198,1,1.384575,3993.13
2622,38966.5904,2566.3010,35488.6,1.489770,8,1.384868,31954.4
2623,38969.4189,2566.1147,4438.97,1.490423,1,1.385202,3995.63
2624,38974.6592,2565.7697,4444.3,1.491623,1,1.385816,3998.09
2625,38982.1313,2565.2779,17807.3,1.493315,4,1.386683,16006.2
2626,38989.2312,2564.8108,8917.8,1.494902,2,1.387496,8009.62
2627,38991.3307,2564.6727,8921.95,1.495368,2,1.387734,8011.53
2628,38997.8707,2564.2426,31271.8,1.496807,7,1.388472,28061
2629,39023.7615,2562.5413,26952.9,1.502331,6,1.391306,24120.6
2630,39029.0086,2562.1968,17988.1,1.503417,4,1.391865,16089.4
2631,39030.9216,2562.0712,4498.8,1.503810,1,1.392067,4023.16
2632,39030.9216,2562.0712,4498.8,1.503810,1,1.392067,4023.16
2633,39043.8504,2561.2228,22552.9,1.506428,5,1.393414,20142.9
2634,39051.9916,2560.6889,4517.87,1.508040,1,1.394245,4031.93
2635,39052.8499,2560.6326,4518.63,1.508209,1,1.394332,4032.28
2636,39061.8204,2560.0445,9053.01,1.509950,2,1.395231,8071.82
2637,39066.1403,2559.7615,40772.2,1.510776,9,1.395659,36338.7
2638,39071.0104,2559.4424,22672.1,1.511698,5,1.396136,20197.8
2639,39073.1195,2559.3042,18144.9,1.512095,4,1.396341,16161.6
2640,39082.6012,2558.6833,4544.2,1.513853,1,1.397253,4044.08
2641,39091.6688,2558.0898,13655.1,1.515498,3,1.398109,12142.6
2642,39093.4211,2557.9752,4553.12,1.515812,1,1.398272,4048.2
2643,39099.4609,2557.5800,18232,1.516884,4,1.398831,16201.8
2644,39102.6411,2557.3720,27363.3,1.517442,6,1.399122,24309.9
2645,39104.6190,2557.2427,27372.7,1.517787,6,1.399303,24314.2
2646,39108.6887,2556.9766,18261.3,1.518491,4,1.399671,16215.5
2647,39116.4411,2556.4698,41142.3,1.519813,9,1.400364,36510.1
2648,39121.8003,2556.1196,32028.3,1.520711,7,1.400835,28410.1
2649,39121.8003,2556.1196,32028.3,1.520711,7,1.400835,28410.1
2650,39124.0992,2555.9694,9154.45,1.521093,2,1.401036,8118.81
2651,39124.9700,2555.9125,4577.88,1.521237,1,1.401112,4059.71
2652,39127.5292,2555.7453,4579.81,1.521658,1,1.401334,4060.61
2653,39128.9806,2555.6505,4580.9,1.521895,1,1.401459,4061.12
2654,39138.6609,2555.0184,4588.05,1.523455,1,1.402283,4064.47
2655,39149.5112,2554.3103,4595.86,1.525155,1,1.403186,4068.14
2656,39152.0295,2554.1460,13792.9,1.525542,3,1.403392,12206.9
2657,39152.9611,2554.0852,22991.5,1.525685,5,1.403468,20346.4
2658,39168.0406,2553.1019,23043.3,1.527937,5,1.404674,20371
2659,39169.2095,2553.0257,9218.89,1.528107,2,1.404765,8149.14
2660,39171.4497,2552.8797,18443.8,1.528432,4,1.404940,16301.1
2661,39172.6302,2552.8028,4611.73,1.528602,1,1.405032,4075.66
2662,39175.0402,2552.6458,32293.2,1.528948,7,1.405218,28534.9
2663,39180.5808,2552.2848,41552.5,1.529732,9,1.405643,36703.3
2664,39183.9487,2552.0654,41572,1.530202,9,1.405898,36712.7
2665,39185.7594,2551.9475,23101.3,1.530453,5,1.406034,20398.7
2666,39186.2801,2551.9136,23103,1.530525,5,1.406073,20399.5
2667,39193.4513,2551.4466,23125.6,1.531501,5,1.406606,20410.4
2668,39196.6990,2551.2352,13881.4,1.531935,3,1.406843,12249.1
2669,39198.7890,2551.0992,13885.2,1.532212,3,1.406995,12251
2670,39201.7393,2550.9072,18520.8,1.532600,4,1.407208,16338.1
2671,39211.1306,2550.2963,4635.79,1.533808,1,1.407876,4087.26
2672,39224.6513,2549.4172,4643.53,1.535475,1,1.408806,4091.07
2673,39225.4514,2549.3652,9287.95,1.535571,2,1.408860,8182.58
2674,39229.7799,2549.0839,4646.36,1.536085,1,1.409150,4092.47
2675,39236.4791,2548.6487,41849.9,1.536864,9,1.409591,36848.5
2676,39253.7908,2547.5247,13976.7,1.538780,3,1.410691,12296.4
2677,39262.5915,2546.9536,37305.5,1.539700,8,1.411229,32807.9
2678,39267.1599,2546.6573,23326.7,1.540163,5,1.411502,20510.6
2679,39268.7495,2546.5542,41994.8,1.540322,9,1.411596,36922.5
2680,39271.9707,2546.3454,23337.9,1.540640,5,1.411785,20516.4
2681,39282.1589,2545.6849,14016.4,1.541614,3,1.412370,12317
2682,39282.6012,2545.6563,14016.9,1.541655,3,1.412395,12317.3
2683,39287.9602,2545.3090,4674.61,1.542146,1,1.412694,4107.01
2684,39289.3616,2545.2182,9350.41,1.542273,2,1.412772,8214.65
2685,39301.8788,2544.4076,4680.28,1.543358,1,1.413446,4110.1
2686,39303.2201,2544.3208,28084.8,1.543470,6,1.413517,24662.3
2687,39307.2813,2544.0579,4682.37,1.543804,1,1.413728,4111.25
2688,39315.6607,2543.5157,4685.47,1.544467,1,1.414154,4113.01
2689,39322.5294,2543.0714,4687.9,1.544985,1,1.414493,4114.4
2690,39337.3198,2542.1152,4692.77,1.546022,1,1.415194,4117.28
2691,39339.1488,2541.9970,4693.33,1.546143,1,1.415277,4117.63
2692,39341.5300,2541.8432,37552.5,1.546298,8,1.415385,32944.6
2693,39346.9613,2541.4923,9391.34,1.546641,2,1.415628,8238.14
2694,39348.6507,2541.3832,18784.6,1.546744,4,1.415702,16477.5
2695,39353.4396,2541.0739,32882.5,1.547031,7,1.415909,28841.6
2696,39358.7204,2540.7330,14096.8,1.547333,3,1.416133,12363.5
2697,39360.9508,2540.5890,37596,1.547457,8,1.416226,32972.3
2698,39361.9903,2540.5219,23498.9,1.547514,5,1.416269,20608.6
2699,39368.2696,2540.1167,9402.66,1.547846,2,1.416525,8245.53
2700,39380.7389,2539.3124,28224.9,1.548446,6,1.417010,24748.6
2701,39383.6508,2539.1247,42342.9,1.548575,9,1.417119,37127
2702,39383.6508,2539.1247,42342.9,1.548575,9,1.417119,37127
2703,39395.2603,2538.3764,14121,1.549047,3,1.417537,12380.8
2704,39403.2592,2537.8611,9416.66,1.549333,2,1.417811,8256.15
2705,39408.7400,2537.5082,37673.3,1.549511,8,1.417992,33030.6
2706,39410.2607,2537.4103,32965.7,1.549557,7,1.418041,28903.2
2707,39419.8500,2536.7930,18842.6,1.549824,4,1.418341,16521
2708,39421.1890,2536.7068,32975.6,1.549857,7,1.418381,28913
2709,39435.8313,2535.7650,18849,1.550163,4,1.418802,16528.7
2710,39439.6301,2535.5207,42412.8,1.550225,9,1.418905,37193.3
2711,39441.7909,2535.3818,23563.4,1.550256,5,1.418962,20664.1
2712,39447.4710,2535.0168,28278.1,1.550328,6,1.419108,24800.6
2713,39452.9393,2534.6654,42419.4,1.550382,9,1.419243,37205.9
2714,39456.8416,2534.4147,42420.6,1.550411,9,1.419336,37209.4
2715,39472.3792,2533.4171,14140.7,1.550447,3,1.419678,12407.4
2716,39480.7610,2532.8792,14140.3,1.550414,3,1.419844,12409.4
2717,39483.7707,2532.6862,32993.3,1.550394,7,1.419900,28956.9
2718,39488.3289,2532.3938,28278.8,1.550353,6,1.419982,24822.3
2719,39493.1302,2532.0859,42415.9,1.550299,9,1.420064,37236.5
2720,39496.0495,2531.8988,4712.7,1.550260,1,1.420112,4137.59
2721,39498.7003,2531.7289,4712.51,1.550221,1,1.420155,4137.76
2722,39503.5888,2531.4156,18848.5,1.550139,4,1.420229,16552.3
2723,39506.5693,2531.2246,42406.7,1.550083,9,1.420272,37244.2
2724,39517.4389,2530.5284,23553.5,1.549838,5,1.420416,20694.2
2725,39518.0906,2530.4866,18842.5,1.549821,4,1.420423,16555.5
2726,39522.7189,2530.1903,9420.08,1.549697,2,1.420477,8278.19
2727,39527.7190,2529.8702,42384.1,1.549549,9,1.420531,37253.9
2728,39533.2803,2529.5144,18834,1.549369,4,1.420586,16558.2
2729,39533.7313,2529.4855,32959,1.549354,7,1.420590,28976.9
2730,39539.9101,2529.0902,9414.78,1.549133,2,1.420643,8279.56
2731,39542.5813,2528.9194,14120.7,1.549031,3,1.420664,12419.6
2732,39545.8510,2528.7103,14118.9,1.548902,3,1.420688,12419.9
2733,39551.8112,2528.3292,4705.12,1.548650,1,1.420726,4140.13
2734,39566.4195,2527.3957,4701.84,1.547954,1,1.420792,4140.4
2735,39590.1212,2525.8826,37563,1.546577,8,1.420816,33124
2736,39595.9287,2525.5122,23467.8,1.546193,5,1.420806,20702.3
2737,39601.2103,2525.1753,28151.1,1.545828,6,1.420792,24842.4
2738,39611.1105,2524.5442,28130.7,1.545102,6,1.420752,24841.4
2739,39613.4805,2524.3932,14062.8,1.544920,3,1.420739,12420.5
2740,39622.1306,2523.8421,23421.8,1.544230,5,1.420686,20699.8
2741,39624.8613,2523.6681,4683.31,1.544004,1,1.420666,4139.88
2742,39638.4699,2522.8017,9355.47,1.542814,2,1.420547,8278.77
2743,39644.2207,2522.4358,4675.24,1.542281,1,1.420487,4139.14
2744,39654.5393,2521.7794,32693.9,1.541277,7,1.420364,28970.4
2745,39658.2195,2521.5454,28012.9,1.540904,6,1.420315,24830.5
2746,39659.0998,2521.4894,18673.6,1.540814,4,1.420303,16553.5
2747,39660.1814,2521.4206,9335.74,1.540703,2,1.420288,8276.63
2748,39668.9196,2520.8652,23317.8,1.539778,5,1.420160,20688.9
2749,39671.9098,2520.6752,37296.3,1.539452,8,1.420113,33100.7
2750,39682.0688,2520.0299,9313.39,1.538306,2,1.419941,8273.75
2751,39684.6193,2519.8679,41897.8,1.538009,9,1.419895,37230.2
2752,39688.4792,2519.6229,4653.19,1.537553,1,1.419823,4136.39
2753,39689.7814,2519.5402,4652.47,1.537397,1,1.419798,4136.29
2754,39696.9704,2519.0839,4648.38,1.536520,1,1.419655,4135.69
2755,39703.4314,2518.6740,4644.6,1.535706,1,1.419519,4135.13
2756,39709.7596,2518.2726,37126.4,1.534886,8,1.419378,33076.4
2757,39710.7014,2518.2129,41762,1.534762,9,1.419357,37210.1
2758,39719.0502,2517.6836,4635.02,1.533640,1,1.419158,4133.64
2759,39728.3491,2517.0943,4629.01,1.532344,1,1.418923,4132.67
2760,39731.9607,2516.8655,18506.5,1.531827,4,1.418827,16529.1
2761,39741.7702,2516.2442,32339.7,1.530385,7,1.418556,28918.1
2762,39748.7513,2515.8023,32305.4,1.529325,7,1.418352,28912.2
2763,39751.0301,2515.6581,32294,1.528973,7,1.418284,28910.2
2764,39751.0301,2515.6581,32294,1.528973,7,1.418284,28910.2
2765,39757.9700,2515.2190,9216.81,1.527882,2,1.418070,8258.29
2766,39763.0112,2514.9001,4604.67,1.527072,1,1.417909,4128.48
2767,39765.4311,2514.7470,4602.86,1.526678,1,1.417830,4128.15
2768,39768.8314,2514.5320,4600.29,1.526118,1,1.417718,4127.69
2769,39772.3491,2514.3096,22988,1.525532,5,1.417600,20636
2770,39785.5115,2513.4778,18348.9,1.523276,4,1.417137,16501.2
2771,39787.2708,2513.3667,18343.2,1.522967,4,1.417072,16500.1
2772,39790.4399,2513.1665,4583.23,1.522405,1,1.416955,4124.54
2773,39800.8492,2512.5092,4574.6,1.520518,1,1.416559,4122.91
2774,39808.2611,2512.0414,36546.2,1.519136,8,1.416264,32973.6
2775,39810.9713,2511.8704,41093.4,1.518622,9,1.416154,37091.2
2776,39818.9500,2511.3671,9117.83,1.517085,2,1.415823,8239.75
2777,39821.8812,2511.1822,31894.1,1.516511,7,1.415698,28835.5
2778,39823.2307,2511.0971,31885.6,1.516245,7,1.415640,28833.9
2779,39826.3898,2510.8979,4552.23,1.515618,1,1.415503,4118.56
2780,39827.1808,2510.8481,31860.6,1.515460,7,1.415469,28828.9
2781,39840.6592,2509.9986,31773.1,1.512711,7,1.414864,28811.5
2782,39843.5913,2509.8139,4536.24,1.512099,1,1.414728,4115.37
2783,39849.5688,2509.4374,18122,1.510834,4,1.414446,16456.8
2784,39850.6300,2509.3706,22647.4,1.510608,5,1.414396,20570
2785,39851.1207,2509.3397,22645,1.510503,5,1.414372,20569.5
2786,39870.8909,2508.0955,4509.34,1.506150,1,1.413391,4109.87
2787,39871.8609,2508.0344,4508.35,1.505930,1,1.413341,4109.66
2788,39884.5590,2507.2359,4495.17,1.503003,1,1.412672,4106.91
2789,39892.6215,2506.7292,13459.8,1.501093,3,1.412233,12315.3
2790,39902.4308,2506.1130,4475.94,1.498717,1,1.411683,4102.85
2791,39903.8690,2506.0227,4474.36,1.498363,1,1.411601,4102.52
2792,39908.8389,2505.7106,4468.86,1.497132,1,1.411315,4101.34
2793,39910.6507,2505.5968,13400.5,1.496680,3,1.411210,12302.7
2794,39915.4307,2505.2968,8922.93,1.495477,2,1.410929,8199.52
2795,39917.5695,2505.1625,8918.08,1.494934,2,1.410802,8198.48
2796,39924.1693,2504.7484,8903,1.493241,2,1.410405,8195.23
2797,39930.1914,2504.3707,22222.6,1.491673,5,1.410037,20480.5
2798,39931.4891,2504.2893,13329,1.491332,3,1.409956,12287.3
2799,39932.6314,2504.2176,22208.4,1.491031,5,1.409886,20477.4
2800,39933.7810,2504.1456,22201.6,1.490727,5,1.409814,20476
2801,39936.3694,2503.9833,4437.28,1.490041,1,1.409652,4094.53
2802,39937.4813,2503.9135,4435.96,1.489744,1,1.409582,4094.24
2803,39939.8299,2503.7663,35465.4,1.489116,8,1.409434,32749.1
2804,39941.4709,2503.6634,35449.8,1.488675,8,1.409329,32745.7
2805,39942.8604,2503.5763,4429.56,1.488301,1,1.409241,4092.85
2806,39945.5408,2503.4083,26558.1,1.487574,6,1.409069,24552.9
2807,39946.3097,2503.3602,30977.9,1.487365,7,1.409019,28643.6
2808,39947.5888,2503.2800,22119.4,1.487017,5,1.408937,20458
2809,39953.8599,2502.8871,4416.26,1.485293,1,1.408527,4089.93
2810,39955.6306,2502.7762,8828.18,1.484801,2,1.408410,8178.9
2811,39956.5101,2502.7211,4413.01,1.484557,1,1.408352,4089.21
2812,39960.6491,2502.4619,4407.9,1.483399,1,1.408076,4088.08
2813,39964.5790,2502.2158,4403.01,1.482289,1,1.407812,4087
2814,39972.3100,2501.7318,21966.5,1.480079,5,1.407283,20424.2
2815,39974.4810,2501.5960,4390.54,1.479451,1,1.407133,4084.23
2816,39980.6511,2501.2099,13147.9,1.477652,3,1.406702,12247.4
2817,39981.7215,2501.1429,17525.1,1.477338,4,1.406626,16328.6
2818,39983.8200,2501.0117,4378.56,1.476719,1,1.406478,4081.55
2819,39988.4594,2500.7215,43725.3,1.475341,10,1.406147,40802
2820,39992.9697,2500.4395,26199.7,1.473989,6,1.405821,24473.2
2821,39994.4096,2500.3494,30553,1.473554,7,1.405716,28549.1
2822,40000.2003,2499.9875,21785.2,1.471794,5,1.405292,20383.6
2823,40004.9208,2499.6925,4350.73,1.470344,1,1.404941,4075.29
2824,40008.1708,2499.4894,21731.8,1.469337,5,1.404698,20371.5
2825,40015.2007,2499.0503,4336.8,1.467137,1,1.404165,4072.13
2826,40015.2007,2499.0503,4336.8,1.467137,1,1.404165,4072.13
2827,40017.0412,2498.9354,39008.5,1.466556,9,1.404025,36644
2828,40018.4205,2498.8492,4332.39,1.466119,1,1.403919,4071.12
2829,40022.4103,2498.6001,4326.88,1.464848,1,1.403610,4069.87
2830,40025.0513,2498.4353,4323.22,1.464001,1,1.403405,4069.03
2831,40032.1396,2497.9929,8626.63,1.461707,2,1.402847,8133.52
2832,40033.6909,2497.8961,8622.26,1.461200,2,1.402724,8132.52
2833,40047.2789,2497.0486,4291.77,1.456700,1,1.401627,4061.8
2834,40048.5715,2496.9680,4289.91,1.456265,1,1.401521,4061.37
2835,40053.0811,2496.6868,29983.6,1.454742,7,1.401149,28419
2836,40058.7002,2496.3366,8550.36,1.452826,2,1.400681,8115.93
2837,40059.9202,2496.2606,42733.9,1.452407,10,1.400579,40575.5
2838,40062.0894,2496.1254,42702,1.451660,10,1.400396,40568.1
2839,40064.1597,2495.9964,12801.4,1.450944,3,1.400221,12168.3
2840,40065.2807,2495.9266,8530.97,1.450556,2,1.400126,8111.42
2841,40070.4015,2495.6076,12773.6,1.448770,3,1.399689,12161.8
2842,40074.9313,2495.3256,12753.3,1.447177,3,1.399298,12157.1
2843,40075.8501,2495.2683,4249.72,1.446852,1,1.399219,4052.03
2844,40079.0799,2495.0673,4244.85,1.445706,1,1.398938,4050.9
2845,40080.9409,2494.9514,42420.3,1.445043,10,1.398775,40502.4
2846,40084.1710,2494.7504,4237.13,1.443886,1,1.398491,4049.09
2847,40089.2012,2494.4373,25376.7,1.442071,6,1.398046,24283.7
2848,40091.8096,2494.2750,33803.5,1.441124,8,1.397813,32370.7
2849,40101.7113,2493.6592,25260.6,1.437487,6,1.396919,24256.4
2850,40104.0114,2493.5161,8413.02,1.436633,2,1.396709,8083.76
2851,40106.7311,2493.3471,25213.5,1.435619,6,1.396460,24245.2
2852,40110.7402,2493.0978,25175.6,1.434116,6,1.396090,24236.2
2853,40116.7411,2492.7249,41864.2,1.431846,10,1.395531,40371.2
2854,40122.4409,2492.3708,4177.31,1.429668,1,1.394995,4034.95
2855,40127.1604,2492.0777,25018.3,1.427849,6,1.394546,24198.9
2856,40128.5914,2491.9888,8334.82,1.427295,2,1.394410,8065.19
2857,40131.0103,2491.8386,4163.49,1.426354,1,1.394178,4031.66
2858,40138.5693,2491.3693,4151.18,1.423392,1,1.393447,4028.71
2859,40145.4004,2490.9454,37259.5,1.420682,9,1.392778,36234.2
2860,40150.6097,2490.6222,20656.6,1.418595,5,1.392263,20119.7
2861,40160.6898,2489.9971,8228.91,1.414507,2,1.391253,8039.77
2862,40163.2089,2489.8409,20551.1,1.413475,5,1.390998,20094.3
2863,40169.1908,2489.4701,41000.8,1.411007,10,1.390388,40164.1
2864,40170.6298,2489.3809,32781.1,1.410410,8,1.390240,32126.5
2865,40172.9393,2489.2378,12281.1,1.409449,3,1.390003,12044.6
2866,40175.1498,2489.1009,12269.8,1.408525,3,1.389775,12041.8
2867,40177.3603,2488.9639,12258.4,1.407599,3,1.389545,12039.1
2868,40180.8308,2488.7489,8160.33,1.406138,2,1.389184,8023.15
2869,40184.8395,2488.5007,24439.5,1.404440,6,1.388764,24059.4
2870,40186.7790,2488.3806,32559.1,1.403615,8,1.388560,32072.6
2871,40191.4910,2488.0888,24370.2,1.401600,6,1.388062,24042.5
2872,40192.1590,2488.0475,4060.53,1.401313,1,1.387991,4006.79
2873,40194.6296,2487.8946,20281.1,1.400249,5,1.387728,20028.7
2874,40199.3494,2487.6024,20239.7,1.398206,5,1.387222,20018.6
2875,40204.6690,2487.2733,36347,1.395886,9,1.386648,36012.7
2876,40226.7800,2485.9062,39989.8,1.386040,10,1.384211,39916.7
2877,40228.3996,2485.8061,3996.05,1.385305,1,1.384029,3990.95
2878,40231.2990,2485.6269,35917,1.383987,9,1.383703,35906.8
2879,40234.1299,2485.4520,3985.63,1.382694,1,1.383383,3988.37
2880,40235.7497,2485.3520,39826.7,1.381952,10,1.383199,39876.4
2881,40242.2102,2484.9530,11912.5,1.378975,3,1.382462,11954.1
2882,40245.6910,2484.7381,39644.2,1.377359,10,1.382062,39831.1
2883,40247.6205,2484.6189,11882.6,1.376460,3,1.381840,11946.7
2884,40253.7799,2484.2388,19747.2,1.373573,5,1.381125,19896.9
2885,40256.7606,2484.0548,39438.9,1.372167,10,1.380777,39779.9
2886,40257.8305,2483.9888,23651.3,1.371660,6,1.380652,23865
2887,40260.2493,2483.8396,15749.5,1.370513,4,1.380368,15905.5
2888,40266.5397,2483.4515,19627.8,1.367511,5,1.379625,19867.1
2889,40268.5690,2483.3264,3921.75,1.366537,1,1.379384,3972.45
2890,40270.5910,2483.2017,23507.6,1.365563,6,1.379143,23829
2891,40271.6991,2483.1334,27410.8,1.365029,7,1.379011,27796.8
2892,40271.6991,2483.1334,27410.8,1.365029,7,1.379011,27796.8
2893,40273.3315,2483.0327,3912.75,1.364239,1,1.378815,3970.2
2894,40274.8104,2482.9415,23459.7,1.363523,6,1.378638,23816.9
2895,40276.3698,2482.8454,3906.98,1.362766,1,1.378451,3968.75
2896,40278.0898,2482.7394,3903.72,1.361929,1,1.378244,3967.93
2897,40281.6599,2482.5193,35072.2,1.360185,9,1.377812,35695.9
2898,40283.0091,2482.4362,3894.34,1.359524,1,1.377649,3965.57
2899,40293.7512,2481.7744,38737.2,1.354216,10,1.376336,39603.6
2900,40299.1491,2481.4420,34769.6,1.351519,9,1.375669,35619.5
2901,40302.4909,2481.2362,34711.2,1.349839,9,1.375254,35604.7
2902,40303.7601,2481.1581,11563,1.349199,3,1.375095,11866.4
2903,40306.3790,2480.9969,19246.2,1.347875,5,1.374768,19770.8
2904,40306.6697,2480.9790,19243.4,1.347728,5,1.374732,19770.1
2905,40310.7802,2480.7260,38406.4,1.345640,10,1.374216,39519.8
2906,40322.0493,2480.0327,19092.5,1.339856,5,1.372786,19731.7
2907,40332.2111,2479.4078,7596.69,1.334566,2,1.371480,7882.36
2908,40333.9397,2479.3016,7589.81,1.333659,2,1.371256,7880.59
2909,40337.6615,2479.0728,37874.8,1.331700,10,1.370772,39383.9
2910,40339.2104,2478.9776,3784.38,1.330881,1,1.370570,3937.59
2911,40346.6314,2478.5217,3769.48,1.326938,1,1.369597,3933.76
2912,40354.7414,2478.0236,3753.11,1.322585,1,1.368523,3929.54
2913,40356.3097,2477.9273,33749.4,1.321738,9,1.368314,35358.5
2914,40371.3004,2477.0072,18596.9,1.313556,5,1.366297,19604
2915,40374.4801,2476.8121,18564.3,1.311800,5,1.365864,19595.5
2916,40376.4013,2476.6942,3708.9,1.310736,1,1.365602,3918.08
2917,40380.5491,2476.4398,7400.72,1.308430,2,1.365034,7831.71
2918,40383.0904,2476.2840,3695.11,1.307012,1,1.364685,3914.49
2919,40386.2399,2476.0909,18443,1.305247,5,1.364250,19563.9
2920,40391.0698,2475.7948,29428.7,1.302528,8,1.363581,31281.4
2921,40391.0698,2475.7948,29428.7,1.302528,8,1.363581,31281.4
2922,40396.5011,2475.4619,11001.8,1.299450,3,1.362824,11721.6
2923,40402.9389,2475.0675,3653.83,1.295776,1,1.361920,3903.68
2924,40407.0196,2474.8175,3645.28,1.293433,1,1.361344,3901.43
2925,40417.6200,2474.1684,36229.5,1.287290,10,1.359834,38955.5
2926,40424.3508,2473.7565,7217.41,1.283348,2,1.358866,7783.56
2927,40434.7006,2473.1233,17933.4,1.277226,5,1.357364,19429.7
2928,40454.7296,2471.8989,28349.4,1.265165,8,1.354407,30995.7
2929,40457.5792,2471.7248,21225.1,1.263426,6,1.353981,23236.9
2930,40476.9395,2470.5425,3495.44,1.251459,1,1.351053,3861.49
2931,40484.9509,2470.0536,20867.4,1.246430,6,1.349824,23140.5
2932,40490.5295,2469.7133,34656.5,1.242900,10,1.348962,38534.2
2933,40496.0396,2469.3773,3453.52,1.239393,1,1.348106,3850.13
2934,40497.5494,2469.2852,6900.37,1.238428,2,1.347871,7698.44
2935,40503.1597,2468.9432,34377.9,1.234829,10,1.346992,38458.4
2936,40504.5890,2468.8561,17173.1,1.233908,5,1.346768,19224.9
2937,40508.6093,2468.6110,30831.5,1.231311,9,1.346135,34582.9
2938,40512.2811,2468.3873,6835.13,1.228929,2,1.345554,7680.63
2939,40515.5196,2468.1900,30693.3,1.226820,9,1.345040,34545.1
2940,40518.2294,2468.0249,3404.33,1.225049,1,1.344609,3836.69
2941,40527.4904,2467.4610,20302,1.218959,6,1.343126,22986
2942,40527.4904,2467.4610,20302,1.218959,6,1.343126,22986
2943,40531.0708,2467.2430,6751.3,1.216588,2,1.342550,7657.59
2944,40535.5598,2466.9698,23559.1,1.213602,7,1.341823,26782.1
2945,40536.2499,2466.9278,23548.3,1.213142,7,1.341712,26779.1
2946,40540.6894,2466.6576,20124.4,1.210172,6,1.340990,22937
2947,40547.1806,2466.2627,6678.9,1.205805,2,1.339929,7637.54
2948,40551.2104,2466.0176,6660.71,1.203079,2,1.339267,7632.49
2949,40556.8701,2465.6735,3317.56,1.199230,1,1.338333,3812.68
2950,40561.5102,2465.3914,3307.05,1.196058,1,1.337564,3809.75
2951,40567.6309,2465.0195,13172.7,1.191849,4,1.336543,15223.5
2952,40575.4891,2464.5421,3275.29,1.186406,1,1.335225,3800.85
2953,40583.7514,2464.0403,26051.5,1.180635,8,1.333828,30364.4
2954,40590.3489,2463.6398,32413.5,1.175991,10,1.332705,37912.8
2955,40596.5408,2463.2641,3227.17,1.171604,1,1.331645,3787.27
2956,40598.8811,2463.1221,3221.8,1.169939,1,1.331242,3785.74
2957,40602.2112,2462.9200,32141.5,1.167562,10,1.330669,37835.7
2958,40626.2392,2461.4634,31587.5,1.150175,10,1.326476,37677.4
2959,40627.7706,2461.3706,18931.2,1.149052,6,1.326206,22600.3
2960,40638.3903,2460.7274,9391.77,1.141222,3,1.324321,11278.9
2961,40639.5493,2460.6572,18767.4,1.140362,6,1.324115,22553.1
2962,40640.6893,2460.5882,21876.8,1.139515,7,1.323911,26306.6
2963,40641.8791,2460.5162,31224.9,1.138631,10,1.323699,37572.9
2964,40647.9212,2460.1504,21759.1,1.134123,7,1.322615,26272.6
2965,40649.5411,2460.0524,24837.4,1.132910,8,1.322324,30017.1
2966,40667.1510,2458.9871,3063.62,1.119598,1,1.319130,3740.17
2967,40672.2307,2458.6800,18310.5,1.115716,6,1.318200,22420.1
2968,40692.0994,2457.4795,3005.21,1.100348,1,1.314523,3722.98
2969,40696.4012,2457.2197,2995.11,1.096982,1,1.313719,3719.98
2970,40704.4710,2456.7326,8928.46,1.090631,3,1.312203,11143
2971,40705.7308,2456.6565,2973.19,1.089635,1,1.311965,3713.46
2972,40708.7308,2456.4755,5932.27,1.087259,2,1.311398,7422.72
2973,40715.0499,2456.0943,5902.52,1.082233,2,1.310200,7413.83
2974,40718.9109,2455.8614,17653,1.079147,6,1.309465,22225.1
2975,40719.5409,2455.8234,8822.05,1.078642,3,1.309345,11111.2
2976,40723.8589,2455.5630,29305.1,1.075176,10,1.308519,37006.9
2977,40727.5206,2455.3422,29218.7,1.072225,10,1.307817,36980.9
2978,40741.1113,2454.5231,14449,1.061187,5,1.305193,18442
2979,40749.1314,2454.0400,2870.85,1.054608,1,1.303631,3682.64
2980,40750.4611,2453.9600,2867.71,1.053513,1,1.303371,3681.69
2981,40756.5911,2453.5909,28532.1,1.048446,10,1.302169,36772.6
2982,40757.2405,2453.5518,28516.8,1.047908,10,1.302041,36767.9
2983,40767.7106,2452.9216,2826.91,1.039184,1,1.299974,3669.2
2984,40767.7106,2452.9216,2826.91,1.039184,1,1.299974,3669.2
2985,40770.3089,2452.7653,28207.6,1.037006,10,1.299459,36673.1
2986,40773.1806,2452.5926,16883.8,1.034593,6,1.298888,21991.3
2987,40780.0503,2452.1794,2797.7,1.028796,1,1.297517,3660.2
2988,40780.9807,2452.1235,5590.98,1.028008,2,1.297330,7319.03
2989,40790.2001,2451.5692,13868.3,1.020166,5,1.295478,18263.7
2990,40799.2206,2451.0272,19266,1.012431,7,1.293653,25522.6
2991,40801.1892,2450.9090,2747.62,1.010735,1,1.293253,3644.62
2992,40803.6313,2450.7623,2741.83,1.008627,1,1.292756,3642.81
2993,40803.6313,2450.7623,2741.83,1.008627,1,1.292756,3642.81
2994,40805.5001,2450.6500,10949.6,1.007010,4,1.446005,16984.5
2995,40805.5001,2450.6500,10949.6,1.007010,4,1.446005,16984.5
2996,40810.0302,2450.3780,4991.81,1.607798,1,1.453538,4278.23
2997,40834.6809,2448.8988,51422.4,1.637489,10,1.493853,44542.2
2998,40845.6602,2448.2405,41674.7,1.650454,8,1.511443,36266.1
2999,40857.8299,2447.5113,52837.7,1.664639,10,1.530680,46213.2
3000,40869.5895,2446.8071,26778.6,1.678163,5,1.549010,23534
3001,40871.3406,2446.7022,5366.42,1.680162,1,1.551718,4719.57
3002,40879.2801,2446.2270,54150,1.689173,10,1.563925,47775.4
3003,40888.5289,2445.6737,54715.9,1.699569,10,1.578001,48452.6
3004,40889.3105,2445.6270,49287.3,1.700442,9,1.579184,43658.9
3005,40901.3590,2444.9065,22200.2,1.713808,4,1.597273,19758.2
3006,40902.2909,2444.8508,5555.76,1.714834,1,1.598661,4946.4
3007,40921.3414,2443.7127,39705.1,1.735570,7,1.626701,35609.5
3008,40925.9505,2443.4374,5700.3,1.740519,1,1.633389,5121.2
3009,40932.1195,2443.0692,5737.94,1.747100,1,1.642281,5166.94
3010,40939.9989,2442.5990,5785.98,1.755437,1,1.653542,5225.45
3011,40943.6311,2442.3823,46464.9,1.759255,8,1.658696,42019.7
3012,40948.3608,2442.1002,17510.7,1.764201,3,1.665373,15862.9
3013,40951.8696,2441.8910,23433,1.767853,4,1.670302,21255.1
3014,40953.9305,2441.7681,41095.6,1.769990,7,1.673187,37303.9
3015,40965.5912,2441.0730,23766.6,1.781988,4,1.689371,21664.3
3016,40970.8808,2440.7579,5973.75,1.787375,1,1.696635,5455.56
3017,40975.8199,2440.4637,54033.3,1.792375,9,1.703375,49432.1
3018,40994.2503,2439.3665,61151.7,1.810772,10,1.728157,56302.7
3019,40999.1099,2439.0773,30722.4,1.815555,5,1.734596,28333.2
3020,41010.6299,2438.3922,31069.2,1.826780,5,1.749701,28764.4
3021,41012.5110,2438.2804,18675.5,1.828598,3,1.752146,17300.9
3022,41020.5402,2437.8031,50186.8,1.836311,8,1.762518,46616.7
3023,41023.4890,2437.6279,62910.3,1.839125,10,1.766300,58491.7
3024,41040.0208,2436.6459,63898.4,1.854710,10,1.787238,59729.3
3025,41042.2300,2436.5148,12806,1.856768,2,1.790002,11978.9
3026,41048.5306,2436.1408,19321.5,1.862608,3,1.797841,18109.8
3027,41059.6405,2435.4816,39038.7,1.872793,6,1.811505,36717.9
3028,41065.6489,2435.1253,65420,1.878242,10,1.818812,61645.3
3029,41069.1704,2434.9165,65628,1.881417,10,1.823068,61908.2
3030,41078.6011,2434.3575,6618.37,1.889849,1,1.834366,6261.16
3031,41086.6592,2433.8800,19997.1,1.896974,3,1.843907,18963.6
3032,41094.4908,2433.4162,46980.8,1.903828,7,1.853081,44656.1
3033,41103.4803,2432.8840,13528,1.911611,2,1.863493,12892.4
3034,41110.8000,2432.4508,61258.7,1.917882,9,1.871876,58504.3
3035,41118.4598,2431.9977,54807.2,1.924380,8,1.880559,52457.3
3036,41134.4107,2431.0546,69427.9,1.937704,10,1.898348,66748.6
3037,41136.1013,2430.9547,20857.5,1.939100,3,1.900211,20061.9
3038,41145.1990,2430.4172,7004.54,1.946558,1,1.910158,6754.16
3039,41147.1911,2430.2995,7015.9,1.948179,1,1.912319,6768.77
3040,41148.3799,2430.2293,7022.68,1.949145,1,1.913606,6777.48
3041,41163.8110,2429.3183,7110.24,1.961537,1,1.930114,6890.3
3042,41193.1589,2427.5876,72747,1.984403,10,1.960523,71030.4
3043,41202.0814,2427.0619,14648.3,1.991175,2,1.969514,14334.4
3044,41205.2410,2426.8757,73415.7,1.993553,10,1.972670,71898.5
3045,41210.9192,2426.5414,7372.82,1.997800,1,1.978305,7230.48
3046,41213.8900,2426.3665,7389.12,2.000009,1,1.981234,7251.69
3047,41217.3590,2426.1622,14816.2,2.002577,2,1.984639,14552.8
3048,41224.0890,2425.7662,22334.6,2.007523,3,1.991193,21972.8
3049,41227.9605,2425.5384,44795.5,2.010347,6,1.994934,44110.3
3050,41230.6806,2425.3783,44884,2.012322,6,1.997549,44225.8
3051,41232.2492,2425.2861,37445.8,2.013458,5,1.999053,36910.3
3052,41235.9511,2425.0684,15018.4,2.016128,2,2.002587,14816.4
3053,41240.8700,2424.7791,37678.6,2.019654,5,2.007252,37214.2
3054,41242.3811,2424.6903,7543.85,2.020732,1,2.008678,7453.46
3055,41242.9489,2424.6569,7546.9,2.021137,1,2.009213,7457.45
3056,41246.7090,2424.4359,22701.2,2.023808,3,2.012745,22451.5
3057,41250.9292,2424.1878,22769,2.026788,3,2.016685,22540.1
3058,41255.7410,2423.9051,53307.4,2.030165,7,2.021146,52828.8
3059,41260.6109,2423.6190,45847.4,2.033558,6,2.025628,45485.2
3060,41262.7213,2423.4950,38262.1,2.035022,5,2.027560,37977.7
3061,41271.3913,2422.9859,7698.2,2.040986,1,2.035431,7655.55
3062,41273.4399,2422.8657,7708.97,2.042385,1,2.037275,7669.68
3063,41279.9499,2422.4836,38715.5,2.046801,5,2.043097,38572.3
3064,41290.0213,2421.8927,62364.3,2.053551,8,2.051989,62266.9
3065,41296.5401,2421.5104,7829.25,2.057867,1,2.057669,7827.7
3066,41298.5893,2421.3902,7839.81,2.059215,1,2.059442,7841.6
3067,41305.8590,2420.9641,47262.8,2.063964,6,2.065688,47344.3
3068,41327.6912,2419.6851,79878.4,2.077921,10,2.084011,80366.4
3069,41349.2110,2418.4258,80948.9,2.091232,10,2.101446,81779.9
3070,41367.0597,2417.3824,24546.1,2.101943,3,2.115442,24879.8
3071,41369.1299,2417.2614,8192.06,2.103166,1,2.117039,8306.5
3072,41382.7911,2416.4634,33030.5,2.111137,4,2.127433,33573.2
3073,41386.7193,2416.2340,33105.3,2.113398,4,2.130378,33672.2
3074,41403.1896,2415.2729,50123.1,2.122722,6,2.142507,51124.7
3075,41411.9505,2414.7619,8394.55,2.127582,1,2.148819,8574.72
3076,41414.9006,2414.5899,58857.2,2.129203,7,2.150922,60149.5
3077,41423.7710,2414.0728,59142,2.134030,7,2.157181,60527.1
3078,41439.9495,2413.1304,85220.3,2.142655,10,2.168344,87438
3079,41443.0089,2412.9522,8535.72,2.144260,1,2.170419,8761.96
3080,41446.7191,2412.7362,42761.3,2.146196,5,2.172919,43919.5
3081,41448.1600,2412.6523,8558.66,2.146944,1,2.173886,8792.38
3082,41455.8792,2412.2031,8592.78,2.150923,1,2.179020,8837.65
3083,41457.2505,2412.1233,34395.2,2.151624,4,2.179925,35382.6
3084,41464.2693,2411.7150,8629.52,2.155189,1,2.184519,8886.37
3085,41473.7991,2411.1608,17341.6,2.159960,2,2.190661,17882.2
3086,41475.9492,2411.0358,17360.1,2.161026,2,2.192032,17906.8
3087,41484.5698,2410.5348,87168.7,2.165260,10,2.197472,90022.2
3088,41495.2604,2409.9138,8761.99,2.170423,1,2.204095,9062.05
3089,41512.3701,2408.9205,88329.3,2.178487,10,2.214415,91560.5
3090,41514.0095,2408.8254,8839.65,2.179247,1,2.215386,9164.94
3091,41514.5792,2408.7923,8841.98,2.179511,1,2.215722,9168.03
3092,41526.0291,2408.1282,8888.43,2.184750,1,2.222408,9229.53
3093,41530.2196,2407.8852,62336.8,2.186641,7,2.224818,64762.6
3094,41531.9409,2407.7854,8912.13,2.187414,1,2.225801,9260.9
3095,41534.5808,2407.6323,35690.6,2.188594,4,2.227304,37099.3
3096,41537.9807,2407.4353,53616.9,2.190105,6,2.229227,55756.1
3097,41544.3194,2407.0680,62728,2.192898,7,2.232776,65280.1
3098,41553.2411,2406.5511,17991.9,2.196774,2,2.237696,18743.4
3099,41557.6691,2406.2947,90130.5,2.198674,10,2.240104,93943.1
3100,41564.2690,2405.9126,9038.35,2.201477,1,2.243653,9427.7
3101,41610.0709,2403.2644,55243.1,2.219984,6,2.266954,57899.8
3102,41614.6995,2402.9970,9223.59,2.221764,1,2.269183,9671.49
3103,41639.4108,2401.5710,65163.7,2.230993,7,2.280692,68484.2
3104,41641.8909,2401.4279,74540,2.231894,8,2.281812,78355.3
3105,41643.9400,2401.3098,37297.6,2.232635,4,2.282732,39213.7
3106,41656.1202,2400.6076,9364.95,2.236974,1,2.288112,9856.31
3107,41659.2413,2400.4278,93752.1,2.238069,10,2.289466,98696.7
3108,41669.5092,2399.8363,9408.55,2.241619,1,2.293849,9913.02
3109,41687.6802,2398.7902,85194.7,2.247715,9,2.301344,89888.4
3110,41691.4508,2398.5733,56866.7,2.248950,6,2.302858,60016.4
3111,41707.9092,2397.6268,76223.1,2.254223,8,2.309298,80538.9
3112,41733.2008,2396.1737,96018.6,2.261957,10,2.318677,101622
3113,41744.2190,2395.5413,57797.6,2.265188,6,2.322570,61211.1
3114,41747.0206,2395.3805,48203.6,2.265996,5,2.323541,51058.8
3115,41757.2594,2394.7932,38675.3,2.268906,4,2.327027,40989.7
3116,41757.9707,2394.7524,67695.2,2.269105,7,2.327266,71749.1
3117,41762.9991,2394.4641,38737.2,2.270506,4,2.328939,41068.2
3118,41777.3403,2393.6421,58333,2.274408,6,2.333580,61888.8
3119,41802.4794,2392.2026,48928.5,2.280922,5,2.341258,51971.5
3120,41816.8306,2391.3816,58922.2,2.284458,6,2.345386,62623.8
3121,41818.9497,2391.2604,49126.9,2.284969,5,2.345980,52217.5
3122,41823.2894,2391.0123,19671.2,2.286007,2,2.347183,20912.2
3123,41826.7192,2390.8162,59061.4,2.286818,6,2.348123,62795.4
3124,41830.7911,2390.5835,39411.9,2.287772,4,2.349225,41909.8
3125,41837.4803,2390.2013,39472.8,2.289317,4,2.351004,41984.4
3126,41840.0006,2390.0573,49369.4,2.289892,5,2.351664,52515.2
3127,41845.4497,2389.7461,9886.02,2.291121,1,2.353073,10517.8
3128,41848.4798,2389.5731,39570.8,2.291797,4,2.353845,42103.9
3129,41873.3113,2388.1560,29836.6,2.297123,3,2.359877,31768.9
3130,41877.1903,2387.9348,69674.3,2.297921,7,2.360772,74193.9
3131,41881.9295,2387.6646,49815.3,2.298884,5,2.361848,53052.7
3132,41884.7313,2387.5049,59812,2.299447,6,2.362476,63703.2
3133,41920.2102,2385.4842,50180,2.306179,5,2.369867,53479.8
3134,41924.6596,2385.2311,40175.9,2.306972,4,2.370722,42820.5
3135,41927.5404,2385.0672,50245.3,2.307480,5,2.371267,53554.8
3136,41951.4891,2383.7056,30269.1,2.311517,3,2.375546,32270.7
3137,41954.9392,2383.5096,40381.3,2.312072,4,2.376126,43052.5
3138,41958.3700,2383.3147,60605,2.312617,6,2.376693,64615.4
3139,41965.0606,2382.9347,70779.8,2.313663,7,2.377774,75466.1
3140,41966.8599,2382.8326,10114.2,2.313940,1,2.378059,10783.9
3141,41978.5092,2382.1713,20263.8,2.315691,2,2.379843,21606.4
3142,41985.5402,2381.7724,30426.8,2.316712,3,2.380870,32442.9
3143,42003.0904,2380.7772,40668,2.319147,4,2.383274,43361.4
3144,42010.5206,2380.3561,50885,2.320129,5,2.384224,54253.2
3145,42015.8197,2380.0559,10183.9,2.320812,1,2.384877,10857.7
3146,42017.6513,2379.9522,30558.9,2.321045,3,2.385098,32580.4
3147,42019.3501,2379.8559,40754,2.321259,4,2.385301,43449.3
3148,42022.1208,2379.6990,101920,2.321606,10,2.385628,108659
3149,42023.9990,2379.5927,61166.4,2.321838,6,2.385846,65209.5
3150,42026.4309,2379.4550,30592.3,2.322137,3,2.386124,32613.8
3151,42030.4410,2379.2279,51012,2.322622,5,2.386575,54380.9
3152,42035.1099,2378.9637,20416.1,2.323177,2,2.387085,21763.5
3153,42038.1812,2378.7899,102117,2.323536,10,2.387412,108853
3154,42045.4502,2378.3786,71541.5,2.324367,7,2.388160,76254
3155,42056.0294,2377.7803,51160.5,2.325529,5,2.389183,54522.9
3156,42056.8911,2377.7316,40932.2,2.325622,4,2.389263,43621.8
3157,42058.1502,2377.6604,40937.6,2.325756,4,2.389379,43626.9
3158,42064.8712,2377.2805,30724.8,2.326458,3,2.389979,32739.8
3159,42064.8712,2377.2805,30724.8,2.326458,3,2.389979,32739.8
3160,42072.8791,2376.8281,81999.1,2.327267,8,2.390654,87365
3161,42074.2907,2376.7483,41005.3,2.327406,4,2.390768,43687.5
3162,42077.7608,2376.5523,51274,2.327745,5,2.391044,54624.5
3163,42081.9408,2376.3163,51294.5,2.328145,5,2.391365,54642
3164,42102.8004,2375.1389,61668.7,2.330017,6,2.392797,65664.4
3165,42109.8912,2374.7390,41136.7,2.330607,4,2.393219,43794.7
3166,42117.3490,2374.3185,41161.3,2.331203,4,2.393628,43812.6
3167,42123.3603,2373.9796,72065.4,2.331665,7,2.393932,76695.4
3168,42143.3511,2372.8535,92787,2.333082,9,2.394779,98691.9
3169,42144.9703,2372.7624,41243.1,2.333189,4,2.394837,43865.6
3170,42146.8901,2372.6543,20624.1,2.333315,2,2.394903,21934.3
3171,42154.6396,2372.2181,30951.4,2.333804,3,2.395148,32909.5
3172,42157.4298,2372.0611,92869.8,2.333974,9,2.395227,98736.2
3173,42157.4298,2372.0611,92869.8,2.333974,9,2.395227,98736.2
3174,42162.9401,2371.7511,72255.6,2.334300,7,2.395370,76805.8
3175,42178.2005,2370.8930,41323.4,2.335133,4,2.395670,43902.2
3176,42180.7806,2370.7480,61993.2,2.335265,6,2.395707,65855.7
3177,42183.6808,2370.5850,62002.1,2.335409,6,2.395744,65858.2
3178,42190.2192,2370.2176,20673.8,2.335720,2,2.395810,21954.2
3179,42193.3696,2370.0406,20676.8,2.335864,2,2.395833,21954.7
3180,42197.5702,2369.8047,103403,2.336050,10,2.395854,109776
3181,42203.0009,2369.4997,103427,2.336279,10,2.395867,109777
3182,42206.4092,2369.3084,62064.6,2.336416,6,2.395866,65866.2
3183,42210.2200,2369.0945,51728.2,2.336565,5,2.395858,54888.1
3184,42212.4300,2368.9705,62079,2.336648,6,2.395849,65865.1
3185,42219.9701,2368.5474,51746.4,2.336917,5,2.395799,54884.8
3186,42219.9701,2368.5474,51746.4,2.336917,5,2.395799,54884.8
3187,42221.3408,2368.4705,10349.8,2.336963,1,2.395787,10976.8
3188,42224.6795,2368.2832,41403.6,2.337074,4,2.395752,43905.8
3189,42225.8003,2368.2204,31053.8,2.337110,3,2.395739,32928.9
3190,42238.4109,2367.5133,10355.1,2.337480,1,2.395544,10974.2
3191,42256.1598,2366.5189,82875.4,2.337897,8,2.395125,87756.5
3192,42261.1601,2366.2389,103604,2.337992,10,2.394976,109679
3193,42268.5009,2365.8279,72531.9,2.338116,7,2.394735,76757
3194,42269.3994,2365.7776,62171,2.338129,6,2.394703,65789.7
3195,42279.2806,2365.2247,82905.5,2.338260,8,2.394330,87686.8
3196,42283.3598,2364.9965,72545.5,2.338304,7,2.394161,76713
3197,42292.4609,2364.4876,10364.4,2.338379,1,2.393754,10954.5
3198,42292.9611,2364.4596,10364.5,2.338383,1,2.393730,10954.3
3199,42308.4804,2363.5923,10365.1,2.338440,1,2.392937,10945.6
3200,42318.3812,2363.0393,20729.9,2.338432,2,2.392370,21878.8
3201,42319.9993,2362.9490,41459.7,2.338427,4,2.392273,43753.3
3202,42321.5709,2362.8613,10364.9,2.338422,1,2.392177,10937.3
3203,42323.7599,2362.7390,62188.7,2.338413,6,2.392042,65614.8
3204,42329.3891,2362.4248,51822.3,2.338383,5,2.391684,54659.4
3205,42340.3593,2361.8127,62181.2,2.338294,6,2.390943,65542.8
3206,42345.8292,2361.5077,51814.6,2.338234,5,2.390553,54597.7
3207,42347.8509,2361.3949,31088,2.338210,3,2.390405,32753.8
3208,42351.0297,2361.2177,51811.2,2.338168,5,2.390169,54576.7
3209,42354.6897,2361.0136,51808.5,2.338116,5,2.389892,54561.6
3210,42354.6897,2361.0136,51808.5,2.338116,5,2.389892,54561.6
3211,42364.8493,2360.4474,20720,2.337950,2,2.389090,21807.1
3212,42365.9991,2360.3834,20719.5,2.337929,2,2.388996,21805.1
3213,42370.9699,2360.1065,62152.6,2.337833,6,2.388585,65388.4
3214,42372.8512,2360.0017,51791.9,2.337795,5,2.388426,54481.7
3215,42381.8901,2359.4984,41425.2,2.337596,4,2.387643,43551.2
3216,42383.7207,2359.3964,41423.4,2.337553,4,2.387479,43544.1
3217,42402.5604,2358.3482,31051.8,2.337046,3,2.385719,32600.6
3218,42404.1096,2358.2620,31050.4,2.336999,3,2.385567,32595.7
3219,42405.8193,2358.1669,51747.9,2.336947,5,2.385399,54317
3220,42410.6709,2357.8971,31044,2.336794,3,2.384915,32574.4
3221,42427.7705,2356.9469,31025.6,2.336200,3,2.383132,32516.4
3222,42430.3297,2356.8047,41363.5,2.336104,4,2.382855,43343.2
3223,42445.1510,2355.9817,20669.4,2.335510,2,2.381200,21635.8
3224,42449.1002,2355.7625,30998.9,2.335341,3,2.380745,32438.9
3225,42450.9007,2355.6626,61993,2.335262,6,2.380536,64864.1
3226,42451.6210,2355.6227,51659.2,2.335231,5,2.380451,54048.9
3227,42460.3110,2355.1405,41311.2,2.334838,4,2.379420,43194.6
3228,42462.1509,2355.0385,30980.7,2.334753,3,2.379199,32388.7
3229,42465.5801,2354.8483,20650.5,2.334590,2,2.378782,21583.5
3230,42471.4799,2354.5212,30966.8,2.334304,3,2.378054,32351.7
3231,42473.3590,2354.4170,92891.8,2.334211,9,2.377820,97032.3
3232,42479.7801,2354.0611,41271.8,2.333885,4,2.377009,43090.5
3233,42481.7495,2353.9520,41267.6,2.333783,4,2.376757,43079.7
3234,42494.0606,2353.2700,51550.4,2.333123,5,2.375153,53763.3
3235,42500.4712,2352.9151,30919.1,2.332763,3,2.374297,32230.4
3236,42539.1708,2350.7745,92536.6,2.330380,9,2.368832,96164.2
3237,42546.8498,2350.3503,30829.7,2.329865,3,2.367690,32018.1
3238,42562.1511,2349.5053,41062.4,2.328799,4,2.365360,42591.5
3239,42564.3613,2349.3833,20528,2.328641,2,2.365018,21288.5
3240,42588.3508,2348.0599,20491.3,2.326855,2,2.361208,21207.5
3241,42599.8911,2347.4238,51182.2,2.325953,5,2.359317,52918.6
3242,42614.7691,2346.6043,20448.3,2.324751,2,2.356826,21114.8
3243,42616.4512,2346.5117,30668.2,2.324613,3,2.356541,31663.1
3244,42630.8494,2345.7192,40841.5,2.323404,4,2.354068,42113.2
3245,42635.2808,2345.4753,30619.5,2.323024,3,2.353296,31560.6
3246,42640.4690,2345.1900,30605.7,2.322575,3,2.352386,31531.9
3247,42664.1202,2343.8899,50902.1,2.320466,5,2.348157,52331.3
3248,42678.5097,2343.0996,10166.9,2.319137,1,2.345520,10438.7
3249,42691.3200,2342.3965,20309.2,2.317924,2,2.343135,20827.7
3250,42698.6303,2341.9955,40589.7,2.317221,4,2.341758,41598
3251,42710.6505,2341.3364,20271.1,2.316047,2,2.339471,20751.5
3252,42724.7799,2340.5621,30363.8,2.314640,3,2.336746,31042.5
3253,42726.2596,2340.4810,70838.4,2.314491,7,2.336458,72411.7
3254,42727.8612,2340.3933,91063.2,2.314329,9,2.336146,93071.8
3255,42727.8612,2340.3933,91063.2,2.314329,9,2.336146,93071.8
3256,42733.4509,2340.0872,10112.4,2.313763,1,2.335055,10330
3257,42736.5402,2339.9180,30327.6,2.313447,3,2.334449,30971.3
3258,42741.5493,2339.6438,20208.1,2.312934,2,2.333463,20627.2
3259,42747.4303,2339.3219,30293.7,2.312327,3,2.332300,30904.8
3260,42750.9010,2339.1320,10094.3,2.311966,1,2.331610,10294.5
3261,42755.1099,2338.9017,30269.5,2.311527,3,2.330772,30857.6
3262,42768.1500,2338.1886,90683.6,2.310152,9,2.328155,92331
3263,42769.3594,2338.1225,90672,2.310024,9,2.327911,92308.5
3264,42771.3896,2338.0115,20145,2.309807,2,2.327501,20504.6
3265,42775.7093,2337.7754,20135.7,2.309346,2,2.326626,20486.6
3266,42778.2307,2337.6376,20130.2,2.309075,2,2.326114,20476.2
3267,42792.6995,2336.8472,100494,2.307510,10,2.323157,102079
3268,42795.5197,2336.6932,20092.6,2.307202,2,2.322578,20403.9
3269,42797.4209,2336.5894,60265.1,2.306994,6,2.322186,61187.7
3270,42819.4003,2335.3900,10019.8,2.304562,1,2.317625,10151.5
3271,42820.1507,2335.3491,20037.9,2.304479,2,2.317468,20299.9
3272,42836.7909,2334.4419,50001,2.302606,5,2.313974,50572.7
3273,42839.8205,2334.2768,49983.9,2.302262,5,2.313334,50540.3
3274,42841.6203,2334.1788,29984.2,2.302058,3,2.312953,30312.7
3275,42857.7294,2333.3014,49881.6,2.300215,5,2.309532,50348.6
3276,42859.7497,2333.1914,49870,2.299983,5,2.309101,50326.9
3277,42861.6795,2333.0864,49859,2.299760,5,2.308689,50306.1
3278,42866.1212,2332.8446,9966.68,2.299247,1,2.307740,10051.7
3279,42871.6203,2332.5454,39841.3,2.298610,4,2.306562,40159.4
3280,42891.1901,2331.4811,49688,2.296326,5,2.302348,49988.1
3281,42898.0511,2331.1082,59577.6,2.295519,6,2.300863,59896.8
3282,42913.2490,2330.2827,69382.4,2.293723,7,2.297563,69649.3
3283,42915.3097,2330.1708,19818.7,2.293479,2,2.297114,19890.9
3284,42916.5092,2330.1056,89171.4,2.293336,9,2.296853,89485.6
3285,42920.2099,2329.9047,89132.2,2.292896,9,2.296046,89413.4
3286,42921.8892,2329.8136,49508,2.292697,5,2.295680,49655.9
3287,42922.8291,2329.7626,9900.49,2.292585,1,2.295475,9929.15
3288,42924.3590,2329.6795,59392.1,2.292402,6,2.295141,59555
3289,42927.2498,2329.5226,59371.7,2.292058,6,2.294510,59517.4
3290,42929.5192,2329.3995,69248.2,2.291787,7,2.294014,69402.6
3291,42931.8910,2329.2708,98898,2.291504,10,2.293495,99095.1
3292,42934.0307,2329.1547,69210.9,2.291248,7,2.293027,69334.1
3293,42940.7412,2328.7907,49396.6,2.290444,5,2.291558,49451.7
3294,42964.7192,2327.4911,9850.87,2.287560,1,2.286292,9838.39
3295,42966.3796,2327.4011,9848.9,2.287360,1,2.285927,9834.8
3296,42973.2693,2327.0280,78725.6,2.286527,8,2.284410,78559.2
3297,42975.4296,2326.9110,9838.13,2.286266,1,2.283934,9815.22
3298,42976.6810,2326.8432,68856.5,2.286115,7,2.283659,68687.6
3299,42977.7197,2326.7870,59012.5,2.285989,6,2.283430,58861.6
3300,42982.2097,2326.5440,88470.6,2.285446,9,2.282440,88205.1
3301,42983.9490,2326.4498,9827.99,2.285235,1,2.282057,9796.81
3302,42990.8007,2326.0790,39279.3,2.284404,4,2.280546,39128.1
3303,42997.2590,2325.7296,19624.3,2.283621,2,2.279121,19536.2
3304,43001.1202,2325.5208,9807.55,2.283152,1,2.278270,9759.78
3305,43006.4102,2325.2348,58807.5,2.282510,6,2.277102,58490.3
3306,43007.9492,2325.1516,68595.9,2.282323,7,2.276763,68215.6
3307,43025.4513,2324.2057,9778.59,2.280195,1,2.272900,9707.52
3308,43027.9196,2324.0724,9775.66,2.279895,1,2.272356,9702.23
3309,43029.2111,2324.0026,29322.4,2.279738,3,2.272071,29098.4
3310,43043.3695,2323.2382,78058.5,2.278017,8,2.268949,77353.9
3311,43053.2298,2322.7061,58473.8,2.276819,6,2.266778,57889.6
3312,43058.3492,2322.4300,48697.9,2.276197,5,2.265651,48187
3313,43059.1802,2322.3851,19477.2,2.276096,2,2.265468,19271.3
3314,43060.8894,2322.2930,48682.8,2.275889,5,2.265092,48160.1
3315,43065.6706,2322.0351,9730.92,2.275309,1,2.264041,9621.89
3316,43073.3903,2321.6190,19443.6,2.274373,2,2.262346,19211.2
3317,43082.6704,2321.1189,97109,2.273249,10,2.260311,95860.7
3318,43082.6704,2321.1189,97109,2.273249,10,2.260311,95860.7
3319,43086.0699,2320.9358,29120.7,2.272838,3,2.259566,28736.8
3320,43088.0002,2320.8318,29113.9,2.272605,3,2.259144,28724.7
3321,43101.3002,2320.1156,96890.9,2.271001,10,2.256238,95471
3322,43101.3002,2320.1156,96890.9,2.271001,10,2.256238,95471
3323,43103.4002,2320.0026,29059.9,2.270748,3,2.255780,28628.2
3324,43105.9493,2319.8654,9683.67,2.270441,1,2.255224,9537.43
3325,43109.2905,2319.6856,96797.8,2.270039,10,2.254497,95304.9
3326,43112.2102,2319.5285,96763.9,2.269689,10,2.253861,95244.4
3327,43115.4807,2319.3525,96725.9,2.269296,10,2.253150,95176.7
3328,43115.4807,2319.3525,96725.9,2.269296,10,2.253150,95176.7
3329,43120.6112,2319.0766,96666.4,2.268681,10,2.252036,95070.7
3330,43124.5400,2318.8653,96621,2.268211,10,2.251184,94989.8
3331,43126.1990,2318.7761,48300.9,2.268013,5,2.250825,47477.8
3332,43134.4002,2318.3352,48253.7,2.267034,5,2.249051,47393.7
3333,43142.2907,2317.9112,86775.1,2.266095,9,2.247350,85163.6
3334,43144.6201,2317.7861,9639.01,2.265819,1,2.246848,9457.88
3335,43148.2109,2317.5932,67444.4,2.265393,7,2.246076,66154.1
3336,43152.6295,2317.3559,9629.87,2.264870,1,2.245128,9441.62
3337,43166.8409,2316.5930,19227.5,2.263195,2,2.242089,18826
3338,43168.8396,2316.4857,19223,2.262960,2,2.241663,18817.9
3339,43174.7811,2316.1669,96048.1,2.262264,10,2.240400,93970.9
3340,43178.1600,2315.9857,9601.02,2.261869,1,2.239683,9390.35
3341,43183.6604,2315.6907,9594.87,2.261228,1,2.238518,9379.42
3342,43187.8007,2315.4687,9590.25,2.260747,1,2.237643,9371.22
3343,43189.4411,2315.3807,9588.42,2.260557,1,2.237297,9367.98
3344,43194.9499,2315.0855,19164.6,2.259919,2,2.236137,18714.2
3345,43198.6094,2314.8893,95782.6,2.259496,10,2.235369,93499.3
3346,43200.8811,2314.7676,28727.3,2.259234,3,2.234892,28036.4
3347,43202.3599,2314.6884,28722.4,2.259064,3,2.234583,28027.7
3348,43204.5212,2314.5726,57430.5,2.258816,6,2.234130,56030.1
3349,43208.2993,2314.3702,57405.6,2.258382,6,2.233341,55985.9
3350,43214.9294,2314.0151,66922.4,2.257624,7,2.231960,65226.8
3351,43217.9508,2313.8533,57342.3,2.257280,6,2.231333,55873.6
3352,43220.4593,2313.7190,57326,2.256994,6,2.230813,55844.6
3353,43222.6210,2313.6033,9551.98,2.256749,1,2.230365,9303.26
3354,43239.2209,2312.7151,57204.7,2.254877,6,2.226949,55629.2
3355,43249.7392,2312.1527,95229.4,2.253704,10,2.224804,92516.7
3356,43252.6195,2311.9987,95199,2.253384,10,2.224220,92462.7
3357,43254.7896,2311.8827,9517.61,2.253144,1,2.223780,9242.2
3358,43257.7412,2311.7250,9514.51,2.252818,1,2.223183,9236.69
3359,43262.3895,2311.4766,9509.65,2.252307,1,2.222246,9228.03
3360,43266.7894,2311.2415,38020.2,2.251825,4,2.221362,36879.5
3361,43272.0893,2310.9584,28498.7,2.251246,3,2.220301,27630.3
3362,43274.3507,2310.8377,9497.23,2.251000,1,2.219850,9205.95
3363,43277.7606,2310.6556,18987.4,2.250631,2,2.219170,18399.4
3364,43284.9397,2310.2724,9486.37,2.249856,1,2.217747,9186.61
3365,43288.2394,2310.0963,9483.02,2.249502,1,2.217096,9180.63
3366,43291.1603,2309.9404,66360.4,2.249190,7,2.216520,64227.4
3367,43293.6391,2309.8081,85297.9,2.248926,9,2.216034,82537.9
3368,43293.6391,2309.8081,85297.9,2.248926,9,2.216034,82537.9
3369,43295.6010,2309.7035,9475.57,2.248717,1,2.215649,9167.36
3370,43298.9799,2309.5232,9472.17,2.248358,1,2.214988,9161.3
3371,43301.6603,2309.3803,47347.5,2.248075,5,2.214465,45782.6
3372,43306.5593,2309.1190,94646.1,2.247559,10,2.213513,91477.9
3373,43309.6702,2308.9532,18923,2.247233,2,2.212910,18284.6
3374,43313.3891,2308.7549,28373.5,2.246845,3,2.212192,27407.2
3375,43314.0998,2308.7170,56742.9,2.246771,6,2.212055,54806.8
3376,43315.9396,2308.6190,9455.34,2.246579,1,2.211701,9131.24
3377,43318.6204,2308.4761,94527.1,2.246301,10,2.211186,91265.4
3378,43321.9607,2308.2981,94494.5,2.245956,10,2.210547,91207
3379,43325.7907,2308.0941,56674.3,2.245562,6,2.209816,54684.2
3380,43327.8004,2307.9870,18887.5,2.245356,2,2.209434,18221.1
3381,43329.9406,2307.8730,18883.4,2.245137,2,2.209027,18213.7
3382,43331.7293,2307.7777,9439.98,2.244954,1,2.208688,9103.77
3383,43334.2408,2307.6440,84938.2,2.244699,9,2.208214,81895
3384,43340.5907,2307.3059,28294.5,2.244056,3,2.207019,27265.7
3385,43359.6308,2306.2927,28241,2.242162,3,2.203484,27169.5
3386,43364.9908,2306.0076,9408.73,2.241638,1,2.202502,9047.62
3387,43368.3799,2305.8274,75245,2.241308,8,2.201885,72336.3
3388,43369.7309,2305.7556,75235.2,2.241177,8,2.201639,72318.6
3389,43381.7401,2305.1173,18787.1,2.240026,2,2.199475,18040.5
3390,43385.6395,2304.9101,56340.6,2.239657,6,2.198779,54084
3391,43391.8898,2304.5781,65692.2,2.239069,7,2.197670,63028.1
3392,43393.8812,2304.4724,84445.6,2.238883,9,2.197319,81007.6
3393,43395.6710,2304.3773,56287.7,2.238717,6,2.197004,53988.1
3394,43397.2199,2304.2951,46899.7,2.238573,5,2.196732,44977.8
3395,43398.6502,2304.2191,56272.2,2.238441,6,2.196481,53959.9
3396,43399.7803,2304.1591,18755.4,2.238336,2,2.196283,17983.1
3397,43405.9801,2303.8300,65606.7,2.237767,7,2.195203,62872.8
3398,43407.4698,2303.7510,9371.11,2.237632,1,2.194945,8979.51
3399,43409.1295,2303.6629,46848.5,2.237481,5,2.194659,44884.7
3400,43410.1610,2303.6081,46844.1,2.237387,5,2.194481,44876.7
3401,43415.8792,2303.3047,65547.9,2.236871,7,2.193499,62765.7
3402,43416.9897,2303.2458,9363.06,2.236772,1,2.193309,8964.83
3403,43420.3292,2303.0687,9360.27,2.236474,1,2.192740,8959.73
3404,43422.7795,2302.9387,9358.23,2.236256,1,2.192324,8956
3405,43444.4003,2301.7926,84066.2,2.234380,9,2.188720,80314
3406,43453.0301,2301.3355,84005.2,2.233654,9,2.187315,80201.3
3407,43458.5096,2301.0453,37318.7,2.233199,4,2.186432,35613.6
3408,43469.1294,2300.4832,9321.59,2.232333,1,2.184745,8888.38
3409,43472.4311,2300.3084,9319.12,2.232069,1,2.184227,8883.78
3410,43474.6810,2300.1894,55904.7,2.231889,6,2.183875,53283.9
3411,43480.7191,2299.8700,9313.01,2.231412,1,2.182939,8872.34
3412,43484.9307,2299.6472,55859.7,2.231084,6,2.182292,53199.6
3413,43487.4695,2299.5130,55848.7,2.230888,6,2.181904,53179
3414,43491.6695,2299.2909,55830.7,2.230565,6,2.181266,53145.1
3415,43493.1407,2299.2131,74432.7,2.230453,8,2.181044,70844.4
3416,43496.0396,2299.0599,9302.04,2.230234,1,2.180608,8851.69
3417,43504.2110,2298.6281,27889.1,2.229623,3,2.179392,26522.8
3418,43506.2006,2298.5229,74360,2.229477,8,2.179099,70706.7
3419,43510.2905,2298.3069,46461.1,2.229178,5,2.178500,44165.2
3420,43511.7501,2298.2298,74329.9,2.229072,8,2.178287,70649.4
3421,43513.8901,2298.1168,9289.8,2.228917,1,2.177977,8828.43
3422,43514.6693,2298.0756,9289.28,2.228861,1,2.177864,8827.43
3423,43530.3390,2297.2484,18558.1,2.227761,2,2.175635,17615.6
3424,43543.3204,2296.5635,37083.9,2.226887,4,2.173846,35168.1
3425,43552.6390,2296.0721,64857.5,2.226282,7,2.172593,61467.2
3426,43560.7396,2295.6451,83345.6,2.225772,9,2.171526,78945
3427,43560.7396,2295.6451,83345.6,2.225772,9,2.171526,78945
3428,43562.2593,2295.5651,74078,2.225677,8,2.171328,70159.4
3429,43564.6892,2295.4370,74066.9,2.225528,8,2.171014,70137.3
3430,43567.1312,2295.3084,83312.9,2.225379,9,2.170699,78879.7
3431,43568.8409,2295.2183,74048.2,2.225275,8,2.170481,70099.9
3432,43570.9504,2295.1072,9254.85,2.225148,1,2.170212,8760.14
3433,43573.4596,2294.9750,9253.47,2.224998,1,2.169894,8757.35
3434,43577.3504,2294.7701,46256.7,2.224769,5,2.169405,43765.4
3435,43586.6008,2294.2831,64725,2.224238,7,2.168263,61201.6
3436,43588.4296,2294.1868,9245.48,2.224135,1,2.168041,8741.14
3437,43591.0106,2294.0510,9244.15,2.223991,1,2.167729,8738.41
3438,43594.5694,2293.8637,9242.34,2.223795,1,2.167302,8734.69
3439,43599.3200,2293.6138,73919.8,2.223539,8,2.166739,69838.2
3440,43605.9592,2293.2645,73893.9,2.223189,8,2.165966,69784.2
3441,43606.9094,2293.2146,73890.3,2.223139,8,2.165857,69776.6
3442,43615.3904,2292.7687,73858.5,2.222709,8,2.164894,69709.4
3443,43620.8903,2292.4796,9229.82,2.222440,1,2.164282,8708.35
3444,43630.6000,2291.9694,9225.59,2.221981,1,2.163230,8699.19
3445,43631.8197,2291.9053,46125.4,2.221925,5,2.163100,43490.3
3446,43640.8096,2291.4332,9221.37,2.221524,1,2.162159,8689.88
3447,43647.1109,2291.1024,9218.89,2.221255,1,2.161517,8684.3
3448,43650.0696,2290.9471,82959.8,2.221132,9,2.161221,78135.5
3449,43654.5295,2290.7130,46080.4,2.220951,5,2.160780,43389.5
3450,43656.3001,2290.6201,46077.2,2.220880,5,2.160607,43382
3451,43669.1308,2289.9471,46054.7,2.220392,5,2.159389,43329.2
3452,43683.4805,2289.1949,18412.8,2.219898,2,2.158100,17309.4
3453,43684.7008,2289.1309,46030.1,2.219858,5,2.157994,43268.8
3454,43684.7008,2289.1309,46030.1,2.219858,5,2.157994,43268.8
3455,43690.3192,2288.8366,82839.5,2.219681,9,2.157513,77846.4
3456,43696.7305,2288.5007,9202.63,2.219489,1,2.156980,8644.99
3457,43700.2493,2288.3165,27605.1,2.219389,3,2.156694,25927.6
3458,43702.3297,2288.2075,18402.3,2.219331,2,2.156528,17282.2
3459,43704.0100,2288.1196,46003.7,2.219285,5,2.156394,43199.6
3460,43707.5212,2287.9357,9199.89,2.219191,1,2.156119,8637.55
3461,43714.9599,2287.5464,73585.3,2.219004,8,2.155553,69061.3
3462,43718.7806,2287.3465,64381.4,2.218914,7,2.155270,60411.6
3463,43720.9209,2287.2345,64378.2,2.218865,7,2.155115,60402.2
3464,43728.5310,2286.8365,55172.4,2.218702,6,2.154576,51745.4
3465,43737.1209,2286.3874,9193.88,2.218538,1,2.153997,8619.24
3466,43740.7005,2286.2002,9193.31,2.218476,1,2.153765,8617.24
3467,43743.5191,2286.0529,55157.3,2.218429,6,2.153586,51694.2
3468,43751.3807,2285.6422,9191.8,2.218312,1,2.153103,8611.54
3469,43757.5498,2285.3199,91910.6,2.218232,10,2.152743,86084.4
3470,43767.8391,2284.7827,64330.5,2.218123,7,2.152178,60225
3471,43816.4801,2282.2463,82703.5,2.218038,9,2.150129,77273.7
3472,43821.1296,2282.0042,64326.9,2.218068,7,2.149988,60093.3
3473,43828.4296,2281.6241,9190.11,2.218128,1,2.149788,8583.03
3474,43834.6191,2281.3019,55144.2,2.218193,6,2.149636,51490.4
3475,43843.1700,2280.8570,9191.71,2.218302,1,2.149457,8580.2
3476,43851.7691,2280.4097,9192.93,2.218435,1,2.149310,8578.94
3477,43854.3010,2280.2780,18386.7,2.218479,2,2.149274,17157.3
3478,43857.3211,2280.1210,9193.84,2.218534,1,2.149234,8578.29
3479,43860.7896,2279.9407,64361.2,2.218601,7,2.149194,60045.6
3480,43862.4010,2279.8570,64363.3,2.218633,7,2.149178,60044.6
3481,43870.4301,2279.4397,55178.1,2.218807,6,2.149113,51463.5
3482,43874.2802,2279.2397,64380.3,2.218898,7,2.149093,60039.5
3483,43878.6901,2279.0106,55189.2,2.219009,6,2.149079,51461.7
3484,43882.7708,2278.7987,9199.2,2.219116,1,2.149074,8576.91
3485,43885.8909,2278.6367,9199.99,2.219203,1,2.149076,8576.93
3486,43892.4291,2278.2972,46008.8,2.219394,5,2.149095,42885.5
3487,43892.4291,2278.2972,46008.8,2.219394,5,2.149095,42885.5
3488,43896.1609,2278.1036,46014.1,2.219510,5,2.149115,42886.3
3489,43903.5812,2277.7185,73640.5,2.219754,8,2.149176,68622.3
3490,43905.4194,2277.6232,36822.6,2.219817,4,2.149196,34311.8
3491,43912.6100,2277.2502,9208.03,2.220076,1,2.149287,8578.74
3492,43919.9600,2276.8691,36842.6,2.220359,4,2.149408,34319.1
3493,43924.8404,2276.6161,9212.47,2.220558,1,2.149503,8580.59
3494,43940.6704,2275.7960,27656.8,2.221259,3,2.149894,25751.9
3495,43943.3911,2275.6551,9220.12,2.221388,1,2.149974,8584.64
3496,43956.5504,2274.9738,46131.2,2.222051,5,2.150416,42942.2
3497,43965.1707,2274.5277,83075,2.222519,9,2.150755,77322.1
3498,43970.4107,2274.2567,55399.8,2.222817,6,2.150979,51559.6
3499,43974.3994,2274.0504,9235.46,2.223050,1,2.151160,8594.82
3500,43977.4309,2273.8936,83134.2,2.223231,9,2.151303,77364.5
3501,43978.6307,2273.8316,9237.8,2.223304,1,2.151361,8596.55
3502,43988.0593,2273.3442,83189.2,2.223894,9,2.151844,77406.3
3503,43999.2611,2272.7654,83251.1,2.224637,9,2.152479,77455.5
3504,43999.2611,2272.7654,83251.1,2.224637,9,2.152479,77455.5
3505,44000.9301,2272.6792,55507.1,2.224751,6,2.152579,51642.2
3506,44003.3702,2272.5532,9252.75,2.224921,1,2.152728,8608.31
3507,44010.0905,2272.2062,83314.6,2.225400,9,2.153157,77508
3508,44022.4591,2271.5678,74126.1,2.226326,8,2.154011,68954.9
3509,44026.1199,2271.3789,83415.6,2.226611,9,2.154279,77595.1
3510,44027.2806,2271.3190,74154,2.226702,8,2.154366,68979.4
3511,44030.1903,2271.1689,83442.6,2.226934,9,2.154587,77618.9
3512,44034.7696,2270.9327,9274.84,2.227305,1,2.154944,8627.41
3513,44047.0695,2270.2986,9284.46,2.228342,1,2.155961,8636.19
3514,44073.2404,2268.9505,9306.81,2.230746,1,2.158411,8657.37
3515,44075.3799,2268.8403,9308.75,2.230955,1,2.158629,8659.26
3516,44081.0309,2268.5495,46569.8,2.231514,5,2.159216,43321.7
3517,44083.8506,2268.4044,46583,2.231798,5,2.159516,43334.7
3518,44085.6800,2268.3103,9318.34,2.231984,1,2.159714,8668.65
3519,44091.5503,2268.0083,9323.99,2.232590,1,2.160359,8674.25
3520,44093.3799,2267.9141,9325.77,2.232782,1,2.160565,8676.04
3521,44095.0504,2267.8282,9327.42,2.232958,1,2.160754,8677.68
3522,44104.4295,2267.3460,74694.8,2.233968,8,2.161847,69497.4
3523,44110.5197,2267.0329,9343.15,2.234644,1,2.162585,8693.58
3524,44114.2511,2266.8412,46735.4,2.235065,5,2.163048,43488
3525,44116.0094,2266.7508,46744.8,2.235265,5,2.163269,43497.6
3526,44122.9397,2266.3948,46782.4,2.236068,5,2.164157,43536.3
3527,44132.1104,2265.9238,56200.2,2.237161,6,2.165378,52307.4
3528,44134.0401,2265.8247,9368.9,2.237395,1,2.165641,8720.19
3529,44146.3593,2265.1925,56299.7,2.238929,6,2.167375,52411.9
3530,44155.4803,2264.7245,9394.32,2.240106,1,2.168719,8747.07
3531,44166.5403,2264.1574,18816.4,2.241580,2,2.170416,17523.9
3532,44177.5298,2263.5942,75379.7,2.243097,8,2.172178,70219
3533,44187.9193,2263.0620,9436.44,2.244579,1,2.173913,8792.62
3534,44190.4909,2262.9303,56639.8,2.244953,6,2.174353,52778.9
3535,44204.1703,2262.2300,56755.4,2.246991,6,2.176763,52906.3
3536,44205.6195,2262.1558,56767.9,2.247212,6,2.177025,52920.2
3537,44212.0697,2261.8258,85236.6,2.248206,9,2.178209,79474.3
3538,44214.4508,2261.7040,66319.8,2.248578,7,2.178653,61840.8
3539,44218.8508,2261.4789,9480.82,2.249271,1,2.179482,8841.73
3540,44221.2201,2261.3578,9484.39,2.249648,1,2.179934,8845.72
3541,44224.8000,2261.1747,9489.84,2.250222,1,2.180623,8851.82
3542,44240.5507,2260.3697,28543.5,2.252817,3,2.183755,26638.8
3543,44242.0801,2260.2916,19033.9,2.253074,2,2.184068,17764.7
3544,44245.5492,2260.1143,9522.56,2.253663,1,2.184783,8888.72
3545,44247.0707,2260.0366,19050.1,2.253923,2,2.185099,17783.1
3546,44258.2197,2259.4673,19087,2.255861,2,2.187462,17825.1
3547,44282.1707,2258.2452,38340.6,2.260216,4,2.192815,35841.6
3548,44284.4497,2258.1290,76714.1,2.260644,8,2.193345,71721.2
3549,44286.1710,2258.0412,47961.9,2.260969,5,2.193747,44843.8
3550,44289.0796,2257.8929,9597.68,2.261521,1,2.194431,8974.89
3551,44298.3202,2257.4219,9614.79,2.263303,1,2.196642,8994.76
3552,44300.3206,2257.3200,48092.7,2.263693,5,2.197128,44995.6
3553,44301.4404,2257.2629,48103.3,2.263913,5,2.197401,45008
3554,44305.8997,2257.0358,9629.14,2.264793,1,2.198498,9011.47
3555,44309.3708,2256.8589,9635.8,2.265485,1,2.199362,9019.26
3556,44314.1094,2256.6176,9644.99,2.266439,1,2.200554,9030.01
3557,44317.1703,2256.4618,77207.9,2.267061,8,2.201332,72296.3
3558,44318.1707,2256.4108,77223.7,2.267265,8,2.201587,72314.8
3559,44324.0297,2256.1126,19329.2,2.268470,2,2.203099,18106
3560,44330.8097,2255.7675,58069.7,2.269885,6,2.204877,54414.8
3561,44331.4196,2255.7365,67756.7,2.270014,7,2.205039,63494.2
3562,44342.1108,2255.1926,9701.62,2.272293,1,2.207912,9096.7
3563,44344.6702,2255.0624,9707,2.272847,1,2.208612,9103.07
3564,44346.6595,2254.9613,77689.6,2.273280,8,2.209159,72864.4
3565,44356.1003,2254.4813,9731.42,2.275360,1,2.211792,9132.07
3566,44363.1096,2254.1251,19493.5,2.276932,2,2.213788,18300.6
3567,44367.3202,2253.9112,48780.3,2.277888,5,2.215004,45807.2
3568,44368.8195,2253.8350,48797,2.278230,5,2.215440,45827.2
3569,44371.0405,2253.7222,48821.8,2.278740,5,2.216088,45856.9
3570,44374.2705,2253.5582,68401.5,2.279485,7,2.217038,64260.7
3571,44384.3796,2253.0449,78358.3,2.281851,8,2.220057,73662.9
3572,44387.1992,2252.9018,58808.1,2.282519,6,2.220913,55294.4
3573,44400.1095,2252.2467,88487.1,2.285632,9,2.224901,83273.1
3574,44402.1597,2252.1427,78694.7,2.286134,8,2.225546,74068.3
3575,44428.5399,2250.8055,89122.1,2.292783,9,2.234110,84043.5
3576,44435.7294,2250.4413,69447.1,2.294656,7,2.236532,65525.7
3577,44437.1498,2250.3694,79397.8,2.295029,8,2.237015,74922.7
3578,44447.5201,2249.8443,79616.9,2.297785,8,2.240587,75190.8
3579,44450.0700,2249.7152,79671.6,2.298471,8,2.241478,75257.8
3580,44452.1410,2249.6104,9964.52,2.299031,1,2.242204,9414.06
3581,44453.7891,2249.5270,19937.9,2.299478,2,2.242785,18839.1
3582,44456.8100,2249.3742,79817.5,2.300301,8,2.243855,75436.9
3583,44475.9907,2248.4041,10030.6,2.305637,1,2.250804,9495.37
3584,44487.1311,2247.8411,10062.6,2.308824,1,2.254968,9534.99
3585,44489.9293,2247.6997,50353.7,2.309635,5,2.256028,47725.5
3586,44492.6398,2247.5628,70550.9,2.310424,7,2.257061,66884.8
3587,44494.0809,2247.4900,10082.9,2.310846,1,2.257613,9560.24
3588,44495.2705,2247.4299,20172.9,2.311194,2,2.258069,19129.2
3589,44507.9500,2246.7896,80995.8,2.314956,8,2.263001,76895.1
3590,44509.7306,2246.6997,10129.9,2.315491,1,2.263703,9618.64
3591,44514.5298,2246.4575,71012.2,2.316942,7,2.265608,67458.9
3592,44516.2906,2246.3687,20300.1,2.317477,2,2.266312,19287.5
3593,44517.2209,2246.3217,10152.9,2.317761,1,2.266685,9647.36
3594,44525.8498,2245.8864,50899.4,2.320413,5,2.270173,48405.4
3595,44528.5292,2245.7512,30565,2.321244,3,2.271267,29075
3596,44529.9109,2245.6816,61156.4,2.321674,6,2.271834,58183
3597,44534.6910,2245.4405,10208,2.323171,1,2.273806,9716.31
3598,44540.4696,2245.1492,71586.5,2.324997,7,2.276214,68178.1
3599,44541.4202,2245.1013,71608.2,2.325299,7,2.276612,68205.3
3600,44559.6809,2244.1812,10290.3,2.331197,1,2.284406,9819.85
3601,44570.6300,2243.6299,10327.6,2.334821,1,2.289205,9867.09
3602,44575.4797,2243.3858,10344.4,2.336447,1,2.291360,9888.38
3603,44580.1299,2243.1518,93246.2,2.338019,9,2.293445,89181.1
3604,44580.1299,2243.1518,93246.2,2.338019,9,2.293445,89181.1
3605,44580.9409,2243.1110,41454.2,2.338294,4,2.293810,39650.5
3606,44586.1907,2242.8469,103821,2.340085,10,2.296188,99362.3
3607,44589.4109,2242.6849,62361.6,2.341191,6,2.297657,59705
3608,44590.3299,2242.6387,83175.2,2.341508,8,2.298077,79640.2
3609,44594.9607,2242.4058,10413.6,2.343111,1,2.300208,9976.26
3610,44598.3091,2242.2375,10425.7,2.344277,1,2.301759,9991.75
3611,44600.1592,2242.1445,31297.4,2.344924,3,2.302620,30001.1
3612,44600.9104,2242.1067,31305.7,2.345188,3,2.302971,30011.6
3613,44604.5507,2241.9237,31345.8,2.346468,3,2.304675,30062.8
3614,44609.3100,2241.6845,20932.5,2.348154,2,2.306919,20086.9
3615,44613.8097,2241.4584,62898.3,2.349759,6,2.309058,60389.6
3616,44616.6192,2241.3173,52468.1,2.350767,5,2.310402,50392.4
3617,44636.0195,2240.3431,10568.2,2.357849,1,2.319855,10174.2
3618,44640.6602,2240.1102,105864,2.359575,10,2.322162,101977
3619,44643.0106,2239.9923,21191.5,2.360454,2,2.323337,20419.4
3620,44645.2812,2239.8784,10604.8,2.361305,1,2.324476,10221.3
3621,44647.7996,2239.7520,106148,2.362254,10,2.325745,102343
3622,44650.9897,2239.5920,21255.3,2.363460,2,2.327359,20501.7
3623,44652.5408,2239.5142,10633.9,2.364049,1,2.328147,10258.9
3624,44657.7099,2239.2550,63929.5,2.366021,6,2.330788,61716.3
3625,44667.2693,2238.7758,64165.6,2.369708,6,2.335729,62022
3626,44669.3604,2238.6710,85623.8,2.370521,8,2.336820,82786.3
3627,44677.5492,2238.2606,10737.4,2.373731,1,2.341128,10393
3628,44678.9207,2238.1919,10743.2,2.374273,1,2.341855,10400.5
3629,44680.8801,2238.0938,10751.5,2.375048,1,2.342896,10411.3
3630,44683.6592,2237.9546,107634,2.376152,10,2.344378,104268
3631,44690.3295,2237.6206,10792.2,2.378819,1,2.347962,10464.2
3632,44696.4602,2237.3136,32456.7,2.381294,3,2.351289,31497.3
3633,44699.5797,2237.1575,75828.3,2.382561,7,2.352994,73619.1
3634,44708.2907,2236.7216,10871.4,2.386131,1,2.357799,10567.7
3635,44712.5305,2236.5095,10890.4,2.387885,1,2.360160,10592.7
3636,44725.2507,2235.8734,10948.6,2.393209,1,2.367337,10668.9
3637,44728.3710,2235.7175,65778.3,2.394530,6,2.369119,64127.8
3638,44734.0998,2235.4311,10989.8,2.396970,1,2.372411,10723.2
3639,44740.8410,2235.0943,66130.2,2.399866,6,2.376321,64591.4
3640,44752.1600,2234.5290,22152.2,2.404790,2,2.382974,21674.2
3641,44764.1205,2233.9320,66808.9,2.410077,6,2.390125,65489.1
3642,44778.5996,2233.2096,67245.6,2.416592,6,2.398946,66069.4
3643,44784.5910,2232.9109,22476.5,2.419325,2,2.402650,22104.9
3644,44790.8310,2232.5998,78894,2.422195,7,2.406541,77668.6
3645,44798.9206,2232.1966,79190.9,2.425951,7,2.411636,78065.3
3646,44804.7811,2231.9047,68064.5,2.428697,6,2.415362,67163
3647,44808.1198,2231.7384,11362,2.430270,1,2.417499,11217.8
3648,44812.7396,2231.5083,11386.9,2.432459,1,2.420472,11251.2
3649,44817.4197,2231.2753,68473.7,2.434690,6,2.423503,67711.9
3650,44822.1201,2231.0413,114380,2.436944,10,2.426566,113199
3651,44826.7605,2230.8103,68782,2.439183,6,2.429610,68126.7
3652,44831.3892,2230.5800,11489.5,2.441429,1,2.432665,11389.2
3653,44840.8392,2230.1099,11542.7,2.446057,1,2.438962,11461.1
3654,44841.9805,2230.0532,69295.5,2.446620,6,2.439728,68819.5
3655,44855.4003,2229.3860,81386.3,2.453297,7,2.448821,81022.8
3656,44856.3294,2229.3398,69792.2,2.453763,6,2.449456,69492.3
3657,44862.1408,2229.0510,69997,2.456693,6,2.453449,69770.3
3658,44871.1609,2228.6029,11719.8,2.461283,1,2.459706,11701.4
3659,44877.8503,2228.2707,82321.3,2.464719,7,2.464395,82294.6
3660,44885.4494,2227.8935,35419.8,2.468658,3,2.469770,35459.2
3661,44894.2309,2227.4577,83027,2.473255,7,2.476047,83259.1
3662,44898.2694,2227.2573,71317.7,2.475386,6,2.478958,71572.9
3663,44905.8098,2226.8833,83538,2.479392,7,2.484432,83960.1
3664,44906.4910,2226.8496,35815,2.479755,3,2.484929,36000.8
3665,44906.4910,2226.8496,35815,2.479755,3,2.484929,36000.8
3666,44908.7308,2226.7385,71715.9,2.480953,6,2.486566,72119.6
3667,44909.6604,2226.6924,95668.9,2.481451,8,2.487247,96225
3668,44914.8694,2226.4342,71952.9,2.484253,6,2.491078,72445.7
3669,44916.7808,2226.3394,12004.5,2.485285,1,2.492490,12091.3
3670,44917.7105,2226.2933,12010.6,2.485788,1,2.493177,12099.7
3671,44926.7510,2225.8454,84488.8,2.490708,7,2.499909,85269.7
3672,44931.6803,2225.6012,84717.6,2.493413,7,2.503611,85585.9
3673,44932.3095,2225.5700,72640.2,2.493759,6,2.504085,73394.2
3674,44936.9104,2225.3421,24275,2.496300,2,2.507563,24550
3675,44945.1708,2224.9331,85353.9,2.500896,7,2.513858,86467.4
3676,44957.0596,2224.3448,61376.5,2.507589,5,2.523029,62331.5
3677,44960.0901,2224.1948,73778.6,2.509309,6,2.525388,74974.4
3678,44960.8397,2224.1577,61508.4,2.509736,5,2.525972,62515.2
3679,44965.5300,2223.9258,123347,2.512413,10,2.529644,125490
3680,44968.1799,2223.7947,61767,2.513932,5,2.531727,62876
3681,44970.2405,2223.6928,61840.2,2.515116,5,2.533351,62978.2
3682,44975.5606,2223.4298,12406.1,2.518187,1,2.537564,12648.8
3683,44980.2595,2223.1975,99519.8,2.520915,8,2.541307,101570
3684,44984.6699,2222.9795,49888.1,2.523488,4,2.544839,50964.7
3685,45001.8600,2222.1304,88195,2.533641,7,2.558782,90440.5
3686,45009.4996,2221.7532,12657.1,2.538216,1,2.565069,13001.6
3687,45022.4098,2221.1161,12756.4,2.546035,1,2.575820,13142.1
3688,45050.0600,2219.7529,12976.7,2.563158,1,2.599384,13455.4
3689,45061.0208,2219.2129,13067,2.570089,1,2.608930,13584.5
3690,45062.8304,2219.1238,78492.3,2.571241,6,2.610517,81636.5
3691,45083.3310,2218.1147,119304,2.584448,9,2.628721,124704
3692,45084.7195,2218.0464,13268,2.585352,1,2.629969,13873.3
3693,45088.0504,2217.8825,13296.9,2.587528,1,2.632970,13915
3694,45089.4911,2217.8117,133094,2.588472,10,2.634272,139332
3695,45089.4911,2217.8117,133094,2.588472,10,2.634272,139332
3696,45094.1907,2217.5805,13350.6,2.591560,1,2.638531,13992.6
3697,45096.6509,2217.4596,13372.3,2.593182,1,2.640770,14024
3698,45101.9608,2217.1985,107355,2.596698,8,2.645622,112738
3699,45106.5004,2216.9754,13460,2.599720,1,2.649792,14151.1
3700,45117.5991,2216.4300,13560.6,2.607166,1,2.660073,14297.3
3701,45122.9100,2216.1691,13609.4,2.610760,1,2.665035,14368.5
3702,45127.6110,2215.9383,136530,2.613957,10,2.669452,144321
3703,45132.3001,2215.7080,13696.8,2.617161,1,2.673879,14496.1
3704,45139.2096,2215.3689,13762,2.621911,1,2.680442,14591.5
3705,45142.4698,2215.2089,27586.1,2.624163,2,2.683555,29274.1
3706,45143.9193,2215.1378,138069,2.625167,10,2.684943,146574
3707,45145.3206,2215.0690,27640.6,2.626139,2,2.686286,29354.1
3708,45148.6211,2214.9071,13852.1,2.628433,1,2.689458,14723.7
3709,45149.7093,2214.8537,27725.1,2.629192,2,2.690507,29478.3
3710,45151.4399,2214.7688,27758.6,2.630399,2,2.692176,29527.5
3711,45156.3508,2214.5279,69635.5,2.633837,5,2.696930,74170.6
3712,45159.3103,2214.3828,13956.1,2.635917,1,2.699807,14876.9
3713,45168.7797,2213.9186,14049.9,2.642613,1,2.709070,15015.3
3714,45168.7797,2213.9186,14049.9,2.642613,1,2.709070,15015.3
3715,45179.8202,2213.3776,14161.1,2.650501,1,2.719985,15180.1
3716,45201.7999,2212.3013,86333.6,2.666460,6,2.742082,93115.6
3717,45207.5205,2212.0213,14449.6,2.670670,1,2.747914,15610
3718,45235.5208,2210.6521,14755.5,2.691613,1,2.776942,16069.8
3719,45256.4904,2209.6278,89965.5,2.707667,6,2.799211,98590.1
3720,45262.3101,2209.3437,45186.2,2.712178,3,2.805472,49604.6
3721,45263.6606,2209.2778,15077.9,2.713229,1,2.806930,16559
3722,45266.0602,2209.1607,15106.1,2.715099,1,2.809525,16602
3723,45268.7009,2209.0318,30274.6,2.717161,2,2.812388,33299.3
3724,45293.4194,2207.8262,77180.9,2.736714,5,2.839539,85539.4
3725,45294.2597,2207.7853,139019,2.737387,9,2.840473,154115
3726,45299.1204,2207.5484,15506.9,2.741287,1,2.845892,17216.9
3727,45301.6293,2207.4261,15538.3,2.743307,1,2.848699,17265.3
3728,45306.2692,2207.2001,124773,2.747055,8,2.853906,138844
3729,45311.4601,2206.9472,156625,2.751267,10,2.859760,174573
3730,45314.4196,2206.8031,94201.5,2.753677,6,2.863110,105095
3731,45316.3900,2206.7071,15725.5,2.755285,1,2.865345,17555.1
3732,45317.7692,2206.6399,31486.5,2.756413,2,2.866912,35165.3
3733,45317.7692,2206.6399,31486.5,2.756413,2,2.866912,35165.3
3734,45322.6711,2206.4013,31613.3,2.760431,2,2.872498,35362.3
3735,45327.5009,2206.1662,158696,2.764408,10,2.878027,177792
3736,45331.8804,2205.9531,31854.4,2.768029,2,2.883062,35737.8
3737,45334.9410,2205.8041,15967.7,2.770568,1,2.886593,17932.1
3738,45350.5506,2205.0449,129420,2.783624,8,2.904755,146086
3739,45351.7895,2204.9847,129556,2.784668,8,2.906207,146298
3740,45364.5210,2204.3658,81851.1,2.795464,5,2.921230,92820.5
3741,45368.0410,2204.1948,16419.5,2.798470,1,2.925414,18641.9
3742,45386.3106,2203.3075,50040.6,2.814222,3,2.947345,57165.9
3743,45386.3106,2203.3075,50040.6,2.814222,3,2.947345,57165.9
3744,45405.7300,2202.3652,118766,2.831241,7,2.971050,136587
3745,45448.2700,2200.3038,88143.1,2.869523,5,3.024412,102909
3746,45486.4198,2198.4584,54797.6,2.905034,3,3.073955,64881.8
3747,45492.5008,2198.1645,18371.5,2.910798,1,3.082001,21802
3748,45497.1604,2197.9394,184531,2.915234,10,3.088194,219374
3749,45497.1604,2197.9394,184531,2.915234,10,3.088194,219374
3750,45507.0602,2197.4612,130403,2.924716,7,3.101432,155608
3751,45514.0807,2197.1223,37511,2.931486,2,3.110886,44881.8
3752,45530.0205,2196.3531,171438,2.947000,9,3.132555,206392
3753,45532.8405,2196.2170,19101.5,2.949765,1,3.136418,23021.3
3754,45546.5910,2195.5540,19362.5,2.963339,1,3.155384,23462
3755,45556.2895,2195.0866,136854,2.973002,7,3.168889,166467
3756,45556.9302,2195.0557,117378,2.973643,6,3.169785,142814
3757,45558.0705,2195.0008,19585.4,2.974784,1,3.171381,23840.4
3758,45559.6904,2194.9227,196172,2.976408,10,3.173650,238945
3759,45565.5495,2194.6405,157865,2.982297,8,3.181883,192737
3760,45568.0198,2194.5215,19782.3,2.984789,1,3.185365,24176.1
3761,45575.4107,2194.1656,159447,2.992271,8,3.195827,195443
3762,45601.4197,2192.9142,122818,3.018947,6,3.233135,152154
3763,45604.9993,2192.7421,20545.9,3.022661,1,3.238330,25491.1
3764,45624.8904,2191.7861,41956.4,3.043483,2,3.267465,52489.4
3765,45626.8902,2191.6900,21022.5,3.045594,1,3.270419,26322.4
3766,45629.2206,2191.5781,21074.4,3.048059,1,3.273868,26413.3
3767,45641.2404,2191.0009,170763,3.060837,8,3.291754,215120
3768,45649.8498,2190.5877,107716,3.070062,5,3.304668,136197
3769,45696.0809,2188.3715,113302,3.120623,5,3.375483,146192
3770,45705.2308,2187.9334,137359,3.130837,6,3.389795,177959
3771,45705.2308,2187.9334,137359,3.130837,6,3.389795,177959
3772,45718.7594,2187.2859,23244.4,3.146064,1,3.411134,30299.6
3773,45754.3008,2185.5869,96841.8,3.186784,4,3.468223,128319
3774,45760.8599,2185.2736,146375,3.194413,6,3.478922,194549
3775,45827.6006,2182.0911,158514,3.274082,6,3.590707,217558
3776,45831.6111,2181.9002,238940,3.278988,9,3.597594,328593
3777,45832.8308,2181.8421,26588.6,3.280483,1,3.599692,36587
3778,45840.3999,2181.4818,26837.2,3.289787,1,3.612755,37068
3779,45861.0295,2180.5005,27533.2,3.315393,1,3.648710,38425.1
3780,45863.8493,2180.3665,27630.5,3.318921,1,3.653665,38615.9
3781,45909.4807,2178.1993,175689,3.376955,6,3.735191,251376
3782,45927.2200,2177.3580,89892,3.399997,3,3.767573,129825
3783,45945.6006,2176.4869,30696.8,3.424158,1,3.801534,44769.8
3784,45964.8695,2175.5745,31494.1,3.449800,1,4.565304,96091.8
3785,45966.4100,2175.5016,31559.2,3.451864,1,4.553583,94972.1
3786,45994.3206,2174.1815,163867,3.489615,5,4.355051,389354
3787,46018.8397,2173.0231,67795,3.523341,2,4.201610,133588
3788,46022.1406,2172.8672,34053.1,3.527921,1,4.182403,65523.1
3789,46024.0904,2172.7752,34145.5,3.530631,1,4.171216,64794.2
3790,46043.6106,2171.8540,140364,3.557948,4,4.065620,233204
3791,46054.0699,2171.3608,106840,3.572723,3,4.013736,166060
3792,46087.6509,2169.7786,37368,3.620815,1,3.868426,47867
3793,46115.0308,2168.4904,155565,3.660768,4,3.772854,174016
3794,46144.1906,2167.1200,81223.3,3.704055,2,3.692329,80276.4
3795,46162.9000,2166.2417,41772.2,3.732232,1,3.651595,38536.1
3796,46172.4502,2165.7937,211913,3.746736,5,3.633957,189312
3797,46206.2503,2164.2094,133934,3.798733,3,3.587834,108467
3798,46221.5494,2163.4930,365787,3.822610,8,3.574918,285534
3799,46225.8809,2163.2903,92070.6,3.829408,2,3.572122,71184.1
3800,46233.5598,2162.9310,372764,3.841504,8,3.568076,283587
3801,46377.0306,2156.2398,294981,4.077474,5,3.676952,197629
3802,46390.5901,2155.6096,181160,4.100766,3,3.702295,121621
3803,46447.5097,2152.9680,266860,4.200428,4,3.829655,184187
3804,46497.0603,2150.6736,291774,4.289686,4,3.962757,210409
3805,46535.8896,2148.8791,78356.5,4.361270,1,4.077346,58988.7
3806,46537.2098,2148.8181,785495,4.363729,10,4.081362,592261
3807,46558.4006,2147.8401,81730.9,4.403432,1,4.146649,63221.8
3808,46562.3500,2147.6579,411709,4.410880,5,4.158968,320027
3809,46600.2810,2145.9098,88515.3,4.483175,1,4.278904,72161.3
3810,46646.8106,2143.7693,96908.4,4.573766,1,4.427203,83697
3811,46651.6899,2143.5451,880608,4.583388,9,4.442648,764998
3812,46658.2201,2143.2451,99117.1,4.596302,1,4.463254,86769.4
3813,46672.0909,2142.6081,713214,4.623871,7,4.506714,634365
3814,46680.6801,2142.2139,932866,4.641037,9,4.533372,837647
3815,46700.9110,2141.2859,107960,4.681756,1,4.595196,99007.5
3816,46703.6893,2141.1585,108568,4.687380,1,4.603564,99839.5
3817,46715.3398,2140.6245,333504,4.711044,3,4.638289,310102
3818,46716.1005,2140.5896,111341,4.712594,1,4.640535,103600
3819,46786.6499,2137.3618,902096,4.858811,7,4.833965,879959
3820,46788.4002,2137.2819,905431,4.862501,7,4.838319,883798
3821,46798.2797,2136.8307,792465,4.883389,6,4.862417,776018
3822,46802.9897,2136.6156,266808,4.893381,2,4.873611,261585
3823,46919.3100,2131.3186,171952,5.147215,1,5.075763,160094
3824,46919.3100,2131.3186,171952,5.147215,1,5.075763,160094
3825,46924.7702,2131.0706,967814,5.776427,3,5.081106,482856
3826,47033.2207,2126.1568,727195,5.202900,4,5.089016,648921
3827,47046.8799,2125.5395,659949,5.105868,4,5.075191,640011
3828,47102.2901,2123.0390,425265,4.666418,4,4.980182,582003
3829,47104.4896,2122.9399,208669,4.647603,2,4.975057,289514
3830,47232.4404,2117.1889,30628.4,3.421929,1,4.477202,87988.1
3831,47252.2896,2116.2996,24918.3,3.215602,1,4.361716,78391.5
3832,47267.3898,2115.6235,21265,3.057064,1,4.266386,71263.6
3833,47315.7707,2113.4602,12728.8,2.543868,1,3.915716,50185
3834,47348.2896,2112.0087,9009.51,2.198280,1,3.639561,38075.1
3835,47379.9004,2110.5996,38746.9,1.865290,6,3.338420,169048
3836,47385.5398,2110.3484,6088.55,1.806410,1,3.281211,26608
3837,47440.1709,2107.9182,3485.95,1.248741,1,2.670376,14445.4
3838,47540.8301,2103.4551,4125.66,0.318614,3,1.259726,10573.4
3839,47553.2194,2102.9070,24828.8,0.216271,20,1.059040,57672
3840,47562.6063,2102.4920,3453.79,0.140861,3,0.902879,7400.08
3841,47576.5221,2101.8771,10331.5,0.032613,10,0.664786,19440.7
3842,47578.7660,2101.7779,101569,0.015568,100,0.625652,186946
3843,47581.6375,2101.6511,1987.89,-0.006074,2,0.575270,3555.22
3844,47620.2255,2099.9481,3788.69,-0.277419,5,-0.135188,4367.76
3845,47624.5605,2099.7569,36837.2,-0.305515,50,-0.218939,40168.5
3846,47632.6110,2099.4020,140047,-0.356341,200,-0.376613,137236
3847,47642.3231,2098.9741,1980.49,-0.415268,3,-0.570558,1695.63
3848,47643.9341,2098.9031,13078.2,-0.424785,20,-0.603126,10942
3849,47652.5651,2098.5229,62219.8,-0.474498,100,-0.779536,45861.9
3850,47658.1956,2098.2750,3015.25,-0.505755,5,-0.896384,2040.21
3851,47668.8478,2097.8061,56990.1,-0.562292,100,-0.768173,46386
3852,47673.5085,2097.6010,556582,-0.585940,1000,-0.766660,464562
3853,47675.5086,2097.5130,275538,-0.595882,500,-0.766011,232432
3854,47680.7140,2097.2840,10746.3,-0.621169,20,-0.764324,9312.98
3855,47681.8489,2097.2341,53442.2,-0.626569,100,-0.763956,46582
3856,47683.5323,2097.1601,21208,-0.634502,40,-0.763411,18643
3857,47685.4683,2097.0749,2627.21,-0.643515,5,-0.762784,2331.83
3858,47687.5126,2096.9850,2602.67,-0.652901,5,-0.762123,2333.37
3859,47689.6750,2096.8899,2577.33,-0.662684,5,-0.761424,2335.01
3860,47690.9932,2096.8320,102488,-0.668572,200,-0.760998,93440
3861,47692.0156,2096.7870,3060.75,-0.673100,6,-0.760667,2804.13
3862,47698.6344,2096.4961,198319,-0.701588,400,-0.758531,187342
3863,47733.7694,2094.9529,8739.12,-0.827923,20,-0.747246,9473.38
3864,47740.0811,2094.6760,171650,-0.846008,400,-0.745229,189850
3865,47751.9593,2094.1549,1.66565e+06,-0.876078,4000,-0.741442,1.90571e+06
3866,47757.5689,2093.9089,2056.47,-0.888447,5,-0.739657,2386.39
3867,47768.6301,2093.4241,16111.9,-0.909322,40,-0.736145,19158.3
3868,47789.5187,2092.5090,3923.17,-0.935686,10,-0.729539,4821.31
3869,47805.1222,2091.8261,11673.5,-0.943874,30,-0.724626,14535.2
3870,47806.6786,2091.7580,7780.3,-0.944138,20,-0.724137,9694.85
3871,47814.6089,2091.4110,1.55643e+06,-0.943897,4000,-0.721648,1.9438e+06
3872,47818.5666,2091.2379,38954.4,-0.942777,100,-0.720408,48655.4
3873,47843.3882,2090.1530,7968.44,-0.920244,20,-0.712658,9806.78
3874,47852.7488,2089.7441,404.69,-0.904635,1,-0.709748,491.768
3875,47858.9598,2089.4729,4098.04,-0.892076,10,-0.707820,4927.17
3876,47862.7840,2089.3060,2066.75,-0.883461,5,-0.706635,2466.51
3877,47873.2786,2088.8480,849.446,-0.856318,2,-0.703388,989.811
3878,47875.0887,2088.7690,4269.39,-0.851114,10,-0.702829,4951.83
3879,47878.2270,2088.6321,4309.68,-0.841722,10,-0.701860,4956.62
3880,47884.7861,2088.3460,176071,-0.820575,400,-0.699838,198666
3881,47891.7591,2088.0419,2256.05,-0.795823,5,-0.697691,2488.67
3882,47906.7857,2087.3870,1919.17,-0.734402,4,-0.693078,2000.14
3883,47908.7826,2087.3000,1936.53,-0.725398,4,-0.692467,2001.36
3884,47911.0782,2087.1999,1957.16,-0.714801,4,-0.691764,2002.77
3885,47922.2825,2086.7120,5172.31,-0.659266,10,-0.688339,5024.1
3886,47955.9740,2085.2459,19067.4,-0.453216,30,-0.678099,15227.4
3887,47958.2251,2085.1481,1291.54,-0.437310,2,-0.677418,1015.85
3888,47962.6894,2084.9540,6670.05,-0.404958,10,-0.676069,5086.13
3889,47968.5529,2084.6991,2091.3,-0.360826,3,-0.674299,1528.54
3890,47968.5529,2084.6991,2091.3,-0.360826,3,-0.674299,1528.54
3891,47976.7242,2084.3441,44619,-0.296186,60,-0.671836,30646.2
3892,47996.0698,2083.5039,879.53,-0.128368,1,-0.666026,513.746
3893,47998.1882,2083.4120,896.99,-0.108710,1,-0.665392,514.072
3894,48004.8442,2083.1231,382290,-0.045284,400,-0.663400,206039
3895,48010.4716,2082.8789,2020.76,0.010324,2,-0.661719,1031.93
3896,48012.0626,2082.8099,3080.19,0.026377,3,-0.661244,1548.63
3897,48015.6810,2082.6530,3196.47,0.063434,3,-0.660165,1550.3
3898,48035.6293,2081.7881,2650.27,0.281514,2,-0.654234,1039.68
3899,48056.9140,2080.8660,496.995,-0.699175,1,-0.647938,523.123
3900,48070.4494,2080.2801,14975.9,-0.694757,30,-0.643952,15756.4
3901,48088.5546,2079.4969,50214.3,-0.688869,100,-0.638642,52800.9
3902,48089.8448,2079.4411,150706,-0.688451,300,-0.638264,158463
3903,48099.5861,2079.0200,503.941,-0.685295,1,-0.635418,529.714
3904,48108.2647,2078.6449,10107.1,-0.682490,20,-0.632889,10621.1
3905,48111.8749,2078.4889,10118.9,-0.681325,20,-0.631838,10632.3
3906,48113.3303,2078.4261,1518.55,-0.680856,3,-0.631415,1595.52
3907,48133.7601,2077.5439,30571.2,-0.674285,60,-0.625491,32099.9
3908,48135.9341,2077.4501,20395,-0.673587,40,-0.624862,21413.4
3909,48138.5566,2077.3369,1530.92,-0.672747,3,-0.624104,1607.22
3910,48150.0484,2076.8411,102437,-0.669069,200,-0.620790,107504
3911,48157.8400,2076.5051,1540.38,-0.666582,3,-0.618548,1616.18
3912,48161.2489,2076.3581,51401.9,-0.665495,100,-0.617568,53925.4
3913,48169.7674,2075.9909,154624,-0.662784,300,-0.615125,162172
3914,48175.4265,2075.7471,258171,-0.660986,500,-0.613505,270725
3915,48196.2303,2074.8511,2598.78,-0.654398,5,-0.607568,2723.37
3916,48222.0774,2073.7389,10480,-0.646260,20,-0.600238,10973.6
3917,48228.5174,2073.4620,105012,-0.644240,200,-0.598419,109936
3918,48234.2660,2073.2149,1578.02,-0.642441,3,-0.596798,1651.72
3919,48241.9187,2072.8860,5272.67,-0.640049,10,-0.594644,5517.59
3920,48249.0401,2072.5801,7926.59,-0.637827,15,-0.592643,8292.96
3921,48250.1125,2072.5340,211446,-0.637493,400,-0.592342,221212
3922,48262.7601,2071.9909,42456,-0.633558,80,-0.588799,44399.5
3923,48273.4270,2071.5331,2662.3,-0.630249,5,-0.585820,2783.24
3924,48291.2639,2070.7679,26770.1,-0.624736,50,-0.580858,27970.9
3925,48294.0354,2070.6491,107172,-0.623882,200,-0.580089,111970
3926,48301.2923,2070.3380,26852.9,-0.621647,50,-0.578078,28048.8
3927,48308.1987,2070.0420,215280,-0.619525,400,-0.576168,224819
3928,48326.5015,2069.2580,27061.3,-0.613918,50,-0.571123,28244.5
3929,48342.8302,2068.5591,16317.8,-0.608938,30,-0.566642,17022.8
3930,48349.7974,2068.2610,109016,-0.606819,200,-0.564736,113702
3931,48362.6328,2067.7121,109442,-0.602926,200,-0.561235,114101
3932,48378.4980,2067.0340,109968,-0.598132,200,-0.556923,114594
3933,48396.3865,2066.2700,5528.05,-0.592749,10,-0.552083,5757.49
3934,48405.1722,2065.8949,166279,-0.590115,300,-0.549715,173134
3935,48421.9997,2065.1770,2785.29,-0.585086,5,-0.545194,2898.65
3936,48432.3398,2064.7361,558776,-0.582006,1000,-0.542426,581336
3937,48442.7834,2064.2910,1121.02,-0.578904,2,-0.539639,1165.92
3938,48445.4824,2064.1760,5609.61,-0.578104,10,-0.538920,5833.78
3939,48450.4100,2063.9660,2808.9,-0.576645,5,-0.537608,2920.72
3940,48455.1278,2063.7651,1125.13,-0.575249,2,-0.536354,1169.75
3941,48459.1920,2063.5920,563.241,-0.574048,1,-0.535275,585.508
3942,48461.8704,2063.4779,1691.06,-0.573257,3,-0.534564,1757.77
3943,48469.3140,2063.1610,2259.7,-0.571062,4,-0.532593,2348.32
3944,48476.1547,2062.8699,113213,-0.569049,200,-0.530784,117629
3945,48485.8615,2062.4569,113536,-0.566198,200,-0.528223,117930
3946,48485.8615,2062.4569,113536,-0.566198,200,-0.528223,117930
3947,48510.2253,2061.4211,45739,-0.559075,80,-0.521826,47474.9
3948,48526.1154,2060.7460,11487.7,-0.554454,20,-0.517677,11918.1
3949,48528.7063,2060.6360,5748.18,-0.553702,10,-0.517002,5963.06
3950,48530.2854,2060.5690,17252.4,-0.553244,30,-0.516591,17896.5
3951,48542.4160,2060.0540,577.104,-0.549733,1,-0.513439,598.434
3952,48546.2550,2059.8911,5777.44,-0.548624,10,-0.512444,5990.3
3953,48561.4880,2059.2450,2.32114e+06,-0.544235,4000,-0.508505,2.40558e+06
3954,48572.0792,2058.7960,34923.2,-0.541194,60,-0.505776,36182.3
3955,48575.2152,2058.6630,17477.3,-0.540295,30,-0.504969,18105.7
3956,48582.1066,2058.3710,5837.27,-0.538323,10,-0.503199,6045.93
3957,48588.7379,2058.0901,2924.17,-0.536428,5,-0.501499,3028.11
3958,48601.3977,2057.5540,58694.7,-0.532820,100,-0.498263,60758.5
3959,48613.4948,2057.0420,5889.68,-0.529384,10,-0.495181,6094.61
3960,48619.8998,2056.7710,2950.19,-0.527569,5,-0.493553,3052.27
3961,48625.2406,2056.5451,17727.9,-0.526058,30,-0.492198,18338.4
3962,48628.4555,2056.4091,17744,-0.525149,30,-0.491383,18353.4
3963,48630.4203,2056.3260,59179.5,-0.524595,100,-0.490886,61208.4
3964,48671.3482,2054.5969,29931.8,-0.513103,50,-0.480584,30921.1
3965,48673.4284,2054.5091,598983,-0.512522,1000,-0.480063,618744
3966,48681.5095,2054.1680,120067,-0.510269,200,-0.478044,123999
3967,48689.8783,2053.8149,6017.33,-0.507941,10,-0.475958,6212.9
3968,48696.6103,2053.5310,602859,-0.506072,1000,-0.474283,622331
3969,48710.3201,2052.9530,1.2103e+06,-0.502277,2000,-0.470883,1.2489e+06
3970,48710.3201,2052.9530,1.2103e+06,-0.502277,2000,-0.470883,1.2489e+06
3971,48722.6365,2052.4341,1214.42,-0.498879,2,-0.467839,1252.71
3972,48728.2394,2052.1981,1824.44,-0.497337,3,-0.466458,1881.66
3973,48729.8308,2052.1311,1825.24,-0.496900,3,-0.466067,1882.4
3974,48731.0916,2052.0780,6086.25,-0.496553,10,-0.465756,6276.6
3975,48731.8761,2052.0449,608.756,-0.496338,1,-0.465563,627.781
3976,48733.2269,2051.9881,60898.2,-0.495967,100,-0.465231,62799
3977,48739.2133,2051.7360,121997,-0.494324,200,-0.463760,125783
3978,48757.4388,2050.9691,12260.6,-0.489340,20,-0.459297,12634.6
3979,48758.8188,2050.9110,6132.62,-0.488963,10,-0.458960,6319.41
3980,48761.1750,2050.8119,245462,-0.488321,400,-0.458384,252922
3981,48766.5226,2050.5871,122910,-0.486865,200,-0.457081,126626
3982,48779.6295,2050.0361,12334.8,-0.483304,20,-0.453893,12703
3983,48789.4345,2049.6241,12367.6,-0.480649,20,-0.451517,12733.2
3984,48807.5099,2048.8650,248562,-0.475772,400,-0.447153,255778
3985,48809.1063,2048.7980,62167.2,-0.475343,100,-0.446769,63969.2
3986,48813.1088,2048.6300,622.341,-0.474267,1,-0.445806,640.308
3987,48817.9946,2048.4250,6231.58,-0.472955,10,-0.444632,6410.6
3988,48824.5968,2048.1480,62426.2,-0.471185,100,-0.443049,64207.6
3989,48833.1811,2047.7880,12513.9,-0.468888,20,-0.440995,12867.9
3990,48843.1753,2047.3689,50189.5,-0.466221,80,-0.438609,51594.6
3991,48844.0815,2047.3310,627.52,-0.465980,1,-0.438394,645.072
3992,48847.0142,2047.2080,1256.02,-0.465199,2,-0.437695,1291.05
3993,48853.8153,2046.9230,44040.3,-0.463390,70,-0.436078,45259.7
3994,48857.8473,2046.7541,6298.21,-0.462320,10,-0.435120,6471.87
3995,48859.3285,2046.6921,12601.4,-0.461927,20,-0.434769,12948.3
3996,48866.5384,2046.3901,6312.74,-0.460016,10,-0.433060,6485.21
3997,48877.9093,2045.9140,6331.74,-0.457010,10,-0.430373,6502.66
3998,48886.2744,2045.5639,1269.14,-0.454805,2,-0.428402,1303.1
3999,48888.6369,2045.4651,126993,-0.454183,200,-0.427846,130382
4000,48907.2669,2044.6859,6380.79,-0.449293,10,-0.423476,6547.67
4001,48922.0035,2044.0700,640.54,-0.445443,1,-0.420036,657.023
4002,48929.1123,2043.7730,320864,-0.443592,500,-0.418382,329055
4003,48945.1607,2043.1029,32220.3,-0.439425,50,-0.414661,33028.2
4004,48956.8264,2042.6161,258541,-0.436409,400,-0.411967,264939
4005,48973.3955,2041.9250,1298.24,-0.432141,2,-0.408156,1329.75
4006,49034.4872,2039.3810,131860,-0.416577,200,-0.394267,134835
4007,49051.2989,2038.6820,662.098,-0.412341,1,-0.390489,676.726
4008,49058.9029,2038.3660,663.364,-0.410432,1,-0.388786,677.879
4009,49077.8771,2037.5779,1999.56,-0.405686,3,-0.384555,2042.26
4010,49105.9040,2036.4150,13423.5,-0.398723,20,-0.378349,13699.8
4011,49113.4273,2036.1031,672.426,-0.396864,1,-0.376692,686.128
4012,49114.4397,2036.0611,67259.4,-0.396614,100,-0.376469,68628
4013,49134.9799,2035.2100,6760.02,-0.391559,10,-0.371966,6893.78
4014,49142.6084,2034.8940,67726.7,-0.389689,100,-0.370300,69052.7
4015,49157.1998,2034.2900,679.686,-0.386124,1,-0.367126,692.722
4016,49159.7123,2034.1860,4760.72,-0.385512,7,-0.366581,4851.7
4017,49165.4161,2033.9500,1.36209e+06,-0.384124,2000,-0.365345,1.38791e+06
4018,49171.0014,2033.7190,6819.72,-0.382766,10,-0.364136,6947.97
4019,49176.8275,2033.4781,27317.5,-0.381353,40,-0.362878,27826.9
4020,49183.3846,2033.2070,136804,-0.379765,200,-0.361465,139331
4021,49183.3846,2033.2070,136804,-0.379765,200,-0.361465,139331
4022,49185.2722,2033.1289,34216.7,-0.379309,50,-0.361058,34846.9
4023,49188.0270,2033.0151,68479,-0.378643,100,-0.360466,69735.2
4024,49200.9775,2032.4799,137386,-0.375520,200,-0.357686,139858
4025,49206.4734,2032.2529,275136,-0.374198,400,-0.356510,280046
4026,49209.7669,2032.1169,688385,-0.373407,1000,-0.355806,700608
4027,49215.8699,2031.8649,275757,-0.371943,400,-0.354504,280608
4028,49223.3052,2031.5580,690.621,-0.370163,1,-0.352921,702.633
4029,49225.8011,2031.4550,276413,-0.369567,400,-0.352390,281202
4030,49230.6225,2031.2561,6918.3,-0.368416,10,-0.351366,7037.26
4031,49257.9048,2030.1310,69632.9,-0.361932,100,-0.345601,70779.5
4032,49261.4965,2029.9830,1393.84,-0.361083,2,-0.344846,1416.66
4033,49265.5979,2029.8140,4883.18,-0.360114,7,-0.343984,4962.58
4034,49268.5098,2029.6940,1396.15,-0.359426,2,-0.343373,1418.75
4035,49272.2462,2029.5401,13973.8,-0.358545,20,-0.342590,14198.6
4036,49280.6990,2029.1920,210025,-0.356556,300,-0.340822,213356
4037,49286.3605,2028.9589,1402.03,-0.355226,2,-0.339640,1424.05
4038,49287.1620,2028.9259,3505.74,-0.355038,5,-0.339473,3560.73
4039,49290.7064,2028.7800,70173,-0.354207,100,-0.338734,71267.2
4040,49304.5844,2028.2090,28160.5,-0.350960,40,-0.335850,28589.2
4041,49326.3243,2027.3151,2122.74,-0.345903,3,-0.331357,2153.85
4042,49329.2716,2027.1939,28322.6,-0.345219,40,-0.330751,28735.4
4043,49331.5082,2027.1020,212530,-0.344701,300,-0.330291,215614
4044,49335.2592,2026.9479,7090.47,-0.343833,10,-0.329520,7192.69
4045,49341.4376,2026.6941,7100.6,-0.342406,10,-0.328252,7201.81
4046,49358.1726,2026.0069,21384,-0.338552,30,-0.324831,21679.5
4047,49375.4988,2025.2960,21469.1,-0.334583,30,-0.321309,21756
4048,49383.8357,2024.9541,71699.9,-0.332681,100,-0.319621,72642.5
4049,49387.3011,2024.8120,1435.13,-0.331891,2,-0.318920,1453.87
4050,49393.1295,2024.5731,14370.3,-0.330566,20,-0.317744,14555.8
4051,49393.9344,2024.5401,287459,-0.330383,400,-0.317582,291163
4052,49399.8390,2024.2981,50372.9,-0.329042,70,-0.316393,51014.1
4053,49410.8239,2023.8481,7214.05,-0.326555,10,-0.314187,7303.82
4054,49422.0091,2023.3900,7232.28,-0.324031,10,-0.311949,7320.19
4055,49431.4143,2023.0050,144952,-0.321915,200,-0.310073,146679
4056,49437.2582,2022.7659,50799.7,-0.320604,70,-0.308910,51397.3
4057,49446.9340,2022.3701,2181.85,-0.318438,3,-0.306990,2206.97
4058,49455.3224,2022.0271,728.648,-0.316565,1,-0.305331,736.88
4059,49467.1377,2021.5441,36528.3,-0.313935,50,-0.303000,36929.9
4060,49474.3619,2021.2489,731.739,-0.312332,1,-0.301580,739.649
4061,49485.8916,2020.7780,7336.08,-0.309780,10,-0.299320,7413.22
4062,49541.4419,2018.5121,742.587,-0.297615,1,-0.288551,749.349
4063,49544.5638,2018.3849,7430.9,-0.296938,10,-0.287952,7497.98
4064,49560.2778,2017.7449,22368.6,-0.293538,30,-0.284944,22561.7
4065,49585.6875,2016.7110,74970.5,-0.288076,100,-0.280114,75569.8
4066,49587.5060,2016.6370,1499.99,-0.287687,2,-0.279770,1511.92
4067,49591.7861,2016.4630,750.683,-0.286772,1,-0.278961,756.57
4068,49613.2377,2015.5911,75412,-0.282203,100,-0.274923,75963
4069,49615.7768,2015.4879,150905,-0.281665,200,-0.274447,151998
4070,49621.2155,2015.2670,15107.9,-0.280512,20,-0.273429,15215.3
4071,49622.5203,2015.2140,75560.5,-0.280236,100,-0.273185,76095.2
4072,49629.1203,2014.9461,75666,-0.278841,100,-0.271952,76189
4073,49642.4474,2014.4051,1517.58,-0.276032,2,-0.269472,1527.57
4074,49654.9740,2013.8969,3803.93,-0.273404,5,-0.267151,3827.79
4075,49676.7270,2013.0151,76424.7,-0.268864,100,-0.263143,76863.2
4076,49679.6675,2012.8959,22941.4,-0.268252,30,-0.262604,23071.4
4077,49711.8427,2011.5931,76981.8,-0.261602,100,-0.256736,77357.2
4078,49716.9112,2011.3880,2311.86,-0.260560,3,-0.255818,2322.85
4079,49726.3060,2011.0080,772.105,-0.258634,1,-0.254120,775.599
4080,49726.3060,2011.0080,772.105,-0.258634,1,-0.254120,775.599
4081,49734.0212,2010.6961,15466.5,-0.257057,20,-0.252729,15533.6
4082,49742.8512,2010.3391,61977.4,-0.255257,80,-0.251142,62232.9
4083,49753.5956,2009.9050,62112.8,-0.253074,80,-0.249218,62352.8
4084,49761.6684,2009.5789,31107.3,-0.251438,40,-0.247777,31221.4
4085,49764.4377,2009.4671,3890.58,-0.250878,5,-0.247284,3904.6
4086,49771.6216,2009.1771,31169.9,-0.249428,40,-0.246006,31276.7
4087,49771.6216,2009.1771,31169.9,-0.249428,40,-0.246006,31276.7
4088,49773.3595,2009.1069,31180.8,-0.249078,40,-0.245697,31286.4
4089,49799.1623,2008.0659,7835.67,-0.243899,10,-0.241137,7857.34
4090,49807.2958,2007.7380,15696.8,-0.242276,20,-0.239708,15737.1
4091,49831.4951,2006.7630,788.619,-0.237472,1,-0.235481,790.191
4092,49836.4113,2006.5650,23681.6,-0.236501,30,-0.234627,23726
4093,49848.6618,2006.0719,7912.92,-0.234088,10,-0.232504,7925.47
4094,49854.9969,2005.8170,23768.3,-0.232844,30,-0.231410,23802.4
4095,49889.8407,2004.4161,7976.79,-0.226048,10,-0.225437,7981.67
4096,49902.4911,2003.9080,15992.7,-0.223601,20,-0.223287,15997.7
4097,49925.0881,2003.0010,8031.17,-0.219255,10,-0.219470,8029.44
4098,49942.6678,2002.2959,1611.64,-0.215897,2,-0.216522,1610.63
4099,49954.0692,2001.8389,807.566,-0.213730,1,-0.214621,806.848
4100,49961.3282,2001.5481,8086.78,-0.212355,10,-0.213414,8078.22
4101,49964.0009,2001.4410,32363.5,-0.211849,40,-0.212970,32327.2
4102,49973.7894,2001.0490,4052.92,-0.210001,5,-0.211350,4047.45
4103,49980.4072,2000.7840,1623.19,-0.208756,2,-0.210258,1620.75
4104,49985.3276,2000.5871,162469,-0.207832,200,-0.209447,162206
4105,49988.4496,2000.4621,16256.4,-0.207246,20,-0.208934,16229
4106,49997.1002,2000.1160,325655,-0.205627,400,-0.207514,325041
4107,49997.1002,2000.1160,325655,-0.205627,400,-0.207514,325041
4108,50002.4472,1999.9021,24448.5,-0.204628,30,-0.206639,24399.4
4109,50005.1240,1999.7951,81535.7,-0.204129,100,-0.206201,81366.9
4110,50027.3906,1998.9050,24562.1,-0.199994,30,-0.202579,24498.7
4111,50035.0761,1998.5979,8198.99,-0.198575,10,-0.201336,8176.38
4112,50042.5105,1998.3010,821.022,-0.197205,1,-0.200136,818.619
4113,50048.4441,1998.0641,328767,-0.196114,400,-0.199181,327761
4114,50052.2513,1997.9121,16449.9,-0.195416,20,-0.198570,16398.1
4115,50082.2625,1996.7149,24810.2,-0.189941,30,-0.193779,24715.2
4116,50089.5861,1996.4230,2484.32,-0.188614,3,-0.192618,2474.39
4117,50099.6217,1996.0231,4148.04,-0.186801,5,-0.191033,4130.53
4118,50100.4779,1995.9889,8297.37,-0.186647,10,-0.190898,8262.17
4119,50119.8876,1995.2160,83263.6,-0.183159,100,-0.187849,82873.9
4120,50128.9297,1994.8561,833.983,-0.181543,1,-0.186437,829.911
4121,50133.0500,1994.6921,333838,-0.180808,400,-0.185795,332178
4122,50149.7739,1994.0269,16741.6,-0.177836,20,-0.183199,16652
4123,50164.9931,1993.4220,251800,-0.175148,300,-0.180852,250368
4124,50166.9050,1993.3460,83961.6,-0.174811,100,-0.180558,83480.4
4125,50201.2297,1991.9831,8446.74,-0.168805,10,-0.175318,8391.9
4126,50204.9344,1991.8361,5071.31,-0.168161,6,-0.174756,5037.97
4127,50210.3292,1991.6221,50760.6,-0.167225,60,-0.173940,50420.8
4128,50213.1812,1991.5090,25392.8,-0.166731,30,-0.173509,25221.3
4129,50224.7821,1991.0490,848.126,-0.164726,1,-0.171762,842.179
4130,50227.0483,1990.9591,2545.37,-0.164336,3,-0.171422,2527.4
4131,50260.1972,1989.6460,42664.3,-0.158660,50,-0.166477,42332.1
4132,50268.4612,1989.3189,256346,-0.157255,300,-0.165255,254303
4133,50282.3332,1988.7701,5138.97,-0.154908,6,-0.163211,5096.47
4134,50283.9265,1988.7071,1713.45,-0.154639,2,-0.162977,1699.22
4135,50295.5642,1988.2469,8584.05,-0.152680,10,-0.161273,8510.6
4136,50298.2944,1988.1390,257639,-0.152221,300,-0.160874,255420
4137,50311.1524,1987.6309,34426,-0.150069,40,-0.159002,34119.8
4138,50313.4021,1987.5420,1721.94,-0.149693,2,-0.158676,1706.55
4139,50352.5944,1985.9950,4332.9,-0.143201,5,-0.153035,4290.5
4140,50352.5944,1985.9950,4332.9,-0.143201,5,-0.153035,4290.5
4141,50377.2470,1985.0231,870.083,-0.139166,1,-0.149532,861.111
4142,50381.1313,1984.8701,8706.34,-0.138534,10,-0.148983,8615.83
4143,50385.4995,1984.6980,17425,-0.137824,20,-0.148367,17242.3
4144,50393.5754,1984.3799,3489.58,-0.136514,4,-0.147231,3452.38
4145,50394.3873,1984.3480,1745.02,-0.136383,2,-0.147117,1726.39
4146,50396.8769,1984.2499,43643,-0.135980,50,-0.146768,43174.7
4147,50420.7337,1983.3111,8762.18,-0.132140,10,-0.143439,8663.74
4148,50426.9672,1983.0659,1754.19,-0.131143,2,-0.142574,1734.25
4149,50429.1250,1982.9811,263219,-0.130798,300,-0.142276,260215
4150,50434.1109,1982.7850,1756.19,-0.130002,2,-0.141587,1735.96
4151,50441.5676,1982.4919,4395.68,-0.128815,5,-0.140558,4344.36
4152,50443.1943,1982.4280,879.363,-0.128557,1,-0.140335,869.067
4153,50464.7818,1981.5800,88237.1,-0.125142,100,-0.137378,87164.1
4154,50468.1160,1981.4490,1765.67,-0.124617,2,-0.136924,1744.07
4155,50475.9893,1981.1400,3535.71,-0.123381,4,-0.135854,3491.88
4156,50480.8281,1980.9501,8845.98,-0.122622,10,-0.135198,8735.43
4157,50482.9484,1980.8669,1769.78,-0.122291,2,-0.134911,1747.59
4158,50497.7290,1980.2871,177387,-0.119985,200,-0.132918,175107
4159,50500.1803,1980.1909,88727.1,-0.119604,100,-0.132588,87582.6
4160,50511.5585,1979.7449,4444.19,-0.117841,5,-0.131064,4385.81
4161,50512.9076,1979.6920,17780.5,-0.117632,20,-0.130883,17546.4
4162,50545.2055,1978.4270,178689,-0.112671,200,-0.126599,176217
4163,50611.1276,1975.8501,1804.72,-0.102741,2,-0.118037,1777.33
4164,50612.8730,1975.7819,3610.38,-0.102482,4,-0.117814,3555.45
4165,50617.9954,1975.5820,180656,-0.101722,200,-0.117159,177889
4166,50622.0410,1975.4241,2711.47,-0.101123,3,-0.116643,2669.71
4167,50662.4344,1973.8491,2727.59,-0.095195,3,-0.111543,2683.36
4168,50669.0862,1973.5900,1820.15,-0.094228,2,-0.110712,1790.39
4169,50674.8104,1973.3670,9108.31,-0.093398,10,-0.109998,8958.36
4170,50687.9103,1972.8570,9125.56,-0.091506,10,-0.108373,8972.93
4171,50694.0793,1972.6169,4566.83,-0.090618,5,-0.107611,4489.88
4172,50704.7969,1972.2000,27443.1,-0.089082,30,-0.106292,26974.9
4173,50712.1779,1971.9129,1831.47,-0.088028,2,-0.105387,1799.95
4174,50716.8842,1971.7300,13745.2,-0.087358,15,-0.104812,13507.4
4175,50719.3011,1971.6360,183333,-0.087014,200,-0.104517,180152
4176,50728.2818,1971.2870,3671.33,-0.085740,4,-0.103424,3606.98
4177,50729.2852,1971.2480,3671.85,-0.085597,4,-0.103302,3607.42
4178,50746.6634,1970.5729,73617.3,-0.083146,80,-0.101201,72300.1
4179,50759.0781,1970.0909,921.819,-0.081406,1,-0.099710,905.1
4180,50766.8068,1969.7910,36912.6,-0.080327,40,-0.098786,36237.5
4181,50770.4389,1969.6501,18465.6,-0.079822,20,-0.098353,18126.6
4182,50775.1311,1969.4681,9238.83,-0.079169,10,-0.097795,9068.35
4183,50799.3257,1968.5301,55618.6,-0.075827,60,-0.094935,54565.9
4184,50807.1510,1968.2269,37118.9,-0.074754,40,-0.094017,36410.7
4185,50823.1295,1967.6081,9299.98,-0.072573,10,-0.092153,9119.65
4186,50827.2910,1967.4470,18610.5,-0.072007,20,-0.091670,18248.1
4187,50829.2021,1967.3730,930.766,-0.071748,1,-0.091449,912.608
4188,50832.8183,1967.2330,931.222,-0.071258,1,-0.091030,912.99
4189,50846.3349,1966.7101,1865.85,-0.069432,2,-0.089471,1828.83
4190,50851.7144,1966.5020,2800.8,-0.068709,3,-0.088854,2744.94
4191,50859.3179,1966.2080,37382.1,-0.067689,40,-0.087984,36631
4192,50859.3179,1966.2080,37382.1,-0.067689,40,-0.087984,36631
4193,50865.4776,1965.9699,74825.7,-0.066865,80,-0.087281,73313.6
4194,50881.6243,1965.3461,937.333,-0.064717,1,-0.085449,918.1
4195,50917.1728,1963.9739,1883.45,-0.060040,2,-0.081467,1843.53
4196,50918.8041,1963.9110,1883.85,-0.059827,2,-0.081286,1843.86
4197,50922.0426,1963.7861,94232.5,-0.059405,100,-0.080926,92226.2
4198,50923.4735,1963.7309,18850,-0.059219,20,-0.080768,18448.2
4199,50932.0288,1963.4011,94354.9,-0.058107,100,-0.079823,92328
4200,50949.0015,1962.7470,3782.48,-0.055915,4,-0.077959,3700.01
4201,50957.5405,1962.4181,9466.57,-0.054818,10,-0.077027,9258.65
4202,50970.2413,1961.9291,189639,-0.053195,200,-0.075649,185428
4203,50987.5004,1961.2650,2850.82,-0.051004,3,-0.073790,2786.6
4204,51001.2838,1960.7350,9519.27,-0.049267,10,-0.072316,9302.36
4205,51021.4219,1959.9611,28629.8,-0.046748,30,-0.070182,27966.7
4206,51023.6890,1959.8740,9545.97,-0.046466,10,-0.069944,9324.46
4207,51054.6089,1958.6870,1916.5,-0.042648,2,-0.066713,1870.93
4208,51062.4285,1958.3871,95916.6,-0.041691,100,-0.065904,93622
4209,51071.1380,1958.0531,1920.37,-0.040630,2,-0.065007,1874.12
4210,51072.4971,1958.0010,960.344,-0.040464,1,-0.064868,937.191
4211,51074.9214,1957.9081,2881.88,-0.040170,3,-0.064619,2812.27
4212,51089.7967,1957.3380,962.357,-0.038370,1,-0.063099,938.85
4213,51096.7134,1957.0730,5778.95,-0.037537,6,-0.062397,5637.06
4214,51097.6019,1957.0390,2889.78,-0.037430,3,-0.062307,2818.78
4215,51099.7404,1956.9571,19270.2,-0.037174,20,-0.062090,18796
4216,51107.1870,1956.6720,4821.84,-0.036282,5,-0.061338,4702.53
4217,51124.9501,1955.9921,14496.2,-0.034166,15,-0.059555,14132.8
4218,51137.2694,1955.5209,2903.46,-0.032710,3,-0.058328,2830.02
4219,51143.8851,1955.2680,2905.72,-0.031931,3,-0.057673,2831.88
4220,51163.0666,1954.5349,9707.49,-0.029688,10,-0.055786,9457.42
4221,51165.1612,1954.4549,58259.1,-0.029444,60,-0.055581,56756.1
4222,51166.9672,1954.3859,19423.8,-0.029234,20,-0.055405,18922
4223,51171.9372,1954.1961,38870,-0.028657,40,-0.054920,37862.4
4224,51174.6656,1954.0919,1944.11,-0.028341,2,-0.054654,1893.62
4225,51189.3618,1953.5309,19474.1,-0.026646,20,-0.053231,18963.2
4226,51194.8649,1953.3209,4871.6,-0.026015,5,-0.052701,4743.32
4227,51219.1409,1952.3951,977.019,-0.023249,1,-0.050381,950.867
4228,51230.3449,1951.9681,1956.51,-0.021983,2,-0.049321,1903.75
4229,51255.2938,1951.0180,196198,-0.019191,200,-0.046984,190821
4230,51259.3369,1950.8641,981.433,-0.018742,1,-0.046608,954.461
4231,51288.3906,1949.7590,98457.9,-0.015541,100,-0.043934,95701.7
4232,51304.2596,1949.1559,59177,-0.013812,60,-0.042492,57503.9
4233,51325.1110,1948.3640,9885.05,-0.011562,10,-0.040617,9601.96
4234,51360.1174,1947.0360,9921.92,-0.007839,10,-0.037521,9631.75
4235,51363.7060,1946.9000,992.567,-0.007461,1,-0.037207,963.477
4236,51365.5563,1946.8299,2978.28,-0.007266,3,-0.037045,2890.9
4237,51376.4488,1946.4171,79511.5,-0.006125,80,-0.036098,77163.7
4238,51396.8104,1945.6460,1992,-0.004009,2,-0.034343,1932.48
4239,51412.4820,1945.0530,997.607,-0.002396,1,-0.033007,967.532
4240,51444.6959,1943.8350,8007.02,0.000877,8,-0.030300,7761.24
4241,51449.5928,1943.6500,4005.48,0.001370,4,-0.029893,3882.2
4242,51459.0411,1943.2931,10023.2,0.002317,10,-0.029112,9713.08
4243,51460.2333,1943.2481,30073.2,0.002436,30,-0.029013,29142.1
4244,51494.9218,1941.9391,2011.77,0.005867,2,-0.026186,1948.31
4245,51505.0827,1941.5560,100688,0.006860,100,-0.025369,97495
4246,51513.2002,1941.2500,2015.36,0.007649,2,-0.024721,1951.16
4247,51521.6937,1940.9300,2017.01,0.008471,2,-0.024046,1952.48
4248,51523.7348,1940.8531,5043.53,0.008668,5,-0.023884,4882
4249,51525.9381,1940.7701,2017.84,0.008880,2,-0.023710,1953.14
4250,51565.0227,1939.2991,101268,0.012602,100,-0.020659,97955.3
4251,51568.6943,1939.1610,10130.3,0.012948,10,-0.020376,9798.3
4252,51606.8846,1937.7260,20332.7,0.016497,20,-0.017477,19653.5
4253,51622.8387,1937.1271,10181.2,0.017957,10,-0.016287,9838.45
4254,51635.3152,1936.6590,40770.9,0.019089,40,-0.015366,39390.1
4255,51640.1397,1936.4781,3059.15,0.019524,3,-0.015012,2955.3
4256,51642.8901,1936.3750,1019.97,0.019772,1,-0.014810,985.299
4257,51663.8880,1935.5880,30656.6,0.021650,30,-0.013285,29604.1
4258,51671.8396,1935.2901,1022.61,0.022355,1,-0.012714,987.367
4259,51709.9165,1933.8650,10260.2,0.025683,10,-0.010020,9900.3
4260,51712.3227,1933.7751,102623,0.025891,100,-0.009852,99019.6
4261,51719.9187,1933.4911,1026.9,0.026545,1,-0.009324,990.719
4262,51736.4844,1932.8720,8226.84,0.027960,8,-0.008183,7934.8
4263,51754.9866,1932.1810,5149.82,0.029523,5,-0.006924,4965.5
4264,51766.8259,1931.7391,5154.92,0.030514,5,-0.006128,4969.45
4265,51776.7736,1931.3679,1031.84,0.031341,1,-0.005464,994.551
4266,51791.6509,1930.8131,41324.2,0.032568,40,-0.004480,39821.2
4267,51804.1036,1930.3490,10341.6,0.033586,10,-0.003666,9963.41
4268,51813.4417,1930.0011,3104.82,0.034344,3,-0.003059,2990.84
4269,51815.6180,1929.9200,20702.5,0.034520,20,-0.002919,19941.7
4270,51821.3679,1929.7059,31068.1,0.034984,30,-0.002548,29923.6
4271,51860.6027,1928.2460,7271.86,0.038102,7,-0.000064,6999.55
4272,51872.0334,1927.8211,20795.3,0.038996,20,0.000646,20012.9
4273,51873.3005,1927.7740,20797.4,0.039094,20,0.000724,20014.5
4274,51875.8849,1927.6780,4160.31,0.039295,4,0.000884,4003.54
4275,51891.5792,1927.0949,312402,0.040507,300,0.001845,300554
4276,51897.2627,1926.8839,3125.38,0.040943,3,0.002190,3006.58
4277,51932.4296,1925.5791,3133.7,0.043603,3,0.004290,3012.9
4278,51943.0879,1925.1840,10454,0.044396,10,0.004915,10049.3
4279,51962.8734,1924.4509,31407.6,0.045853,30,0.006060,30182.3
4280,51992.2108,1923.3650,314744,0.047976,300,0.007722,302326
4281,51997.9148,1923.1540,2099.15,0.048384,2,0.008041,2016.15
4282,52010.4921,1922.6890,210102,0.049277,200,0.008738,201755
4283,52016.7131,1922.4590,3152.92,0.049716,3,0.009079,3027.36
4284,52018.4747,1922.3939,1051.1,0.049840,1,0.009176,1009.22
4285,52024.3170,1922.1780,21030.7,0.050249,20,0.009495,20190.8
4286,52027.8665,1922.0469,10517.9,0.050497,10,0.009688,10097.3
4287,52027.8665,1922.0469,10517.9,0.050497,10,0.009688,10097.3
4288,52033.7933,1921.8280,2104.46,0.050910,2,0.010008,2020.12
4289,52035.5560,1921.7629,52617.8,0.051032,50,0.010103,50507.7
4290,52059.7729,1920.8689,1054.11,0.052698,1,0.011394,1011.46
4291,52093.1260,1919.6391,1056.48,0.054942,1,0.013127,1013.21
4292,52106.0771,1919.1619,31721.5,0.055799,30,0.013785,30416.4
4293,52122.3728,1918.5619,105851,0.056864,100,0.014602,101471
4294,52159.3739,1917.2009,1061.02,0.059233,1,0.016410,1016.55
4295,52171.8904,1916.7410,4247.42,0.060018,4,0.017007,4068.61
4296,52178.2625,1916.5069,1062.28,0.060415,1,0.017308,1017.46
4297,52189.1809,1916.1059,53149.7,0.061090,50,0.017820,50899
4298,52211.2474,1915.2961,1064.43,0.062437,1,0.018836,1019.01
4299,52228.0198,1914.6811,2131,0.063444,2,0.019593,2039.57
4300,52247.5876,1913.9640,74671.3,0.064601,70,0.020460,71447
4301,52256.9226,1913.6221,1067.32,0.065146,1,0.020867,1021.09
4302,52264.6499,1913.3391,2135.59,0.065594,2,0.021201,2042.86
4303,52266.1590,1913.2839,106789,0.065681,100,0.021266,102149
4304,52282.1711,1912.6979,5344.33,0.066599,5,0.021948,5110.95
4305,52283.4500,1912.6511,21378.9,0.066672,20,0.022002,20444.9
4306,52321.7549,1911.2509,3213.71,0.068813,3,0.023583,3071.59
4307,52349.3890,1910.2420,2145.69,0.070312,2,0.024681,2049.98
4308,52353.4738,1910.0929,1073.08,0.070530,1,0.024841,1025.15
4309,52358.8994,1909.8950,3220.16,0.070819,3,0.025051,3076.1
4310,52370.5239,1909.4711,214809,0.071433,200,0.025497,205165
4311,52376.3704,1909.2579,322313,0.071739,300,0.025720,307816
4312,52412.1094,1907.9560,4305.4,0.073575,4,0.027043,4109.65
4313,52436.9001,1907.0540,10776.8,0.074811,10,0.027926,10283.2
4314,52445.2631,1906.7499,10781.2,0.075221,10,0.028218,10286.2
4315,52462.4270,1906.1261,2158.04,0.076052,2,0.028807,2058.45
4316,52464.7964,1906.0400,43165.7,0.076166,40,0.028887,41172.3
4317,52470.8814,1905.8189,21589.1,0.076457,20,0.029092,20590.4
4318,52474.4878,1905.6880,10796.4,0.076628,10,0.029212,10296.4
4319,52493.9646,1904.9809,1080.63,0.077542,1,0.029853,1030.3
4320,52497.2384,1904.8621,3242.38,0.077694,3,0.029959,3091.24
4321,52503.7756,1904.6249,1081.12,0.077996,1,0.030169,1030.63
4322,52515.1639,1904.2119,4326.72,0.078516,4,0.030531,4124.01
4323,52538.7804,1903.3559,64969.7,0.079576,60,0.031262,61905.4
4324,52545.4298,1903.1151,10831.5,0.079869,10,0.031463,10319.6
4325,52546.3145,1903.0830,10831.9,0.079908,10,0.031490,10319.9
4326,52570.2935,1902.2150,2168.63,0.080948,2,0.032198,2065.44
4327,52576.8149,1901.9790,4338.46,0.081225,4,0.032387,4131.67
4328,52584.1138,1901.7150,7594.65,0.081534,7,0.032595,7231.92
4329,52609.1215,1900.8111,5430.38,0.082572,5,0.033290,5169.25
4330,52616.0403,1900.5611,1086.38,0.082853,1,0.033478,1034.04
4331,52641.9124,1899.6270,1087.51,0.083887,1,0.034160,1034.75
4332,52645.6837,1899.4910,5438.33,0.084035,5,0.034257,5174.25
4333,52681.4886,1898.2000,87132.7,0.085405,80,0.035145,82861.6
4334,52686.4850,1898.0200,5446.81,0.085592,5,0.035264,5179.47
4335,52686.4850,1898.0200,5446.81,0.085592,5,0.035264,5179.47
4336,52712.5318,1897.0821,1090.4,0.086544,1,0.035869,1036.52
4337,52730.6530,1896.4301,6546.61,0.087188,6,0.036272,6221.62
4338,52731.2381,1896.4091,2182.25,0.087208,2,0.036284,2073.9
4339,52734.5537,1896.2899,1091.25,0.087324,1,0.036356,1037.03
4340,52757.2485,1895.4741,2184.2,0.088104,2,0.036836,2075.05
4341,52766.3844,1895.1460,1092.44,0.088411,1,0.037023,1037.72
4342,52779.5852,1894.6720,2185.83,0.088848,2,0.037286,2075.98
4343,52783.8173,1894.5200,1093.07,0.088986,1,0.037369,1038.08
4344,52788.3302,1894.3581,3279.68,0.089133,3,0.037457,3114.5
4345,52802.1018,1893.8640,3281.13,0.089574,3,0.037718,3115.31
4346,52805.2488,1893.7511,1093.82,0.089674,1,0.037776,1038.5
4347,52810.3260,1893.5691,3281.98,0.089833,3,0.037870,3115.79
4348,52816.8841,1893.3340,1094.22,0.090038,1,0.037989,1038.72
4349,52821.1548,1893.1809,10943.6,0.090170,10,0.038066,10388
4350,52839.9916,1892.5060,65699.2,0.090742,60,0.038394,62348.4
4351,52846.6933,1892.2660,1095.2,0.090941,1,0.038507,1039.26
4352,52849.0101,1892.1830,5476.4,0.091010,5,0.038545,5196.49
4353,52852.7240,1892.0501,4381.6,0.091119,4,0.038607,4157.45
4354,52865.0442,1891.6091,2191.58,0.091477,2,0.038806,2079.14
4355,52883.5252,1890.9481,5481.83,0.092001,5,0.039092,5199.33
4356,52886.9106,1890.8270,219294,0.092095,200,0.039143,207984
4357,52891.4398,1890.6651,2193.21,0.092220,2,0.039211,2079.98
4358,52914.7596,1889.8319,2194.59,0.092849,2,0.039543,2080.67
4359,52919.1822,1889.6740,65845.4,0.092966,60,0.039603,62423.9
4360,52957.8511,1888.2941,32955,0.093945,30,0.040095,31227.3
4361,52980.4122,1887.4900,1099.09,0.094485,1,0.040352,1041.18
4362,52989.1149,1887.1800,10993.1,0.094687,10,0.040445,10412.7
4363,53000.0118,1886.7920,4398.35,0.094935,4,0.040557,4165.56
4364,53004.7299,1886.6241,10997,0.095041,10,0.040604,10414.4
4365,53008.4714,1886.4909,7698.56,0.095124,7,0.040640,7290.34
4366,53010.6899,1886.4120,5499.24,0.095173,5,0.040662,5207.5
4367,53018.5616,1886.1319,1100.04,0.095344,1,0.040736,1041.58
4368,53023.9594,1885.9399,3300.5,0.095461,3,0.040785,3124.89
4369,53025.9560,1885.8689,4400.85,0.095503,4,0.040803,4166.59
4370,53041.1707,1885.3279,3301.69,0.095822,3,0.040934,3125.35
4371,53049.9775,1885.0149,5503.8,0.096002,5,0.041006,5209.29
4372,53060.1680,1884.6529,3302.95,0.096205,3,0.041084,3125.82
4373,53067.3162,1884.3990,22022.8,0.096345,20,0.041137,20839.9
4374,53074.2762,1884.1519,11012.9,0.096479,10,0.041185,10420.5
4375,53075.5984,1884.1050,1101.31,0.096504,1,0.041194,1042.05
4376,53084.5014,1883.7890,3304.5,0.096672,3,0.041253,3126.35
4377,53087.0089,1883.7000,55077.5,0.096719,50,0.041270,52106.6
4378,53088.5031,1883.6470,55079,0.096746,50,0.041279,52107.1
4379,53097.8648,1883.3149,2203.54,0.096917,2,0.041336,2084.4
4380,53101.5589,1883.1839,55092.1,0.096983,50,0.041357,52111.2
4381,53106.5437,1883.0071,1101.94,0.097071,1,0.041385,1042.25
4382,53108.6652,1882.9319,2203.96,0.097109,2,0.041397,2084.53
4383,53111.1748,1882.8429,3306.09,0.097153,3,0.041410,3126.84
4384,53134.0885,1882.0310,22049.1,0.097540,20,0.041520,20847.9
4385,53156.8823,1881.2239,551427,0.097901,500,0.041608,521243
4386,53165.5004,1880.9190,11030,0.098032,10,0.041636,10425.1
4387,53175.3359,1880.5711,11031.6,0.098176,10,0.041663,10425.4
4388,53195.8770,1879.8449,4413.9,0.098465,4,0.041707,4170.36
4389,53197.5415,1879.7861,4414,0.098487,4,0.041710,4170.37
4390,53200.7397,1879.6731,1103.55,0.098530,1,0.041715,1042.6
4391,53203.6278,1879.5711,2207.18,0.098569,2,0.041719,2085.2
4392,53204.4471,1879.5421,5518.01,0.098580,5,0.041721,5213.02
4393,53213.1394,1879.2351,22074.5,0.098693,20,0.041731,20852.3
4394,53224.8106,1878.8230,11038.9,0.098839,10,0.041740,10426.2
4395,53235.1233,1878.4591,22080.5,0.098963,20,0.041743,20852.5
4396,53256.8129,1877.6940,11043,0.099209,10,0.041734,10426.2
4397,53268.5544,1877.2802,5522.17,0.099333,5,0.041722,5213.02
4398,53278.4063,1876.9330,110454,0.099433,100,0.041707,104259
4399,53285.7291,1876.6751,2209.25,0.099504,2,0.041693,2085.15
4400,53289.3086,1876.5490,22093.2,0.099538,20,0.041685,20851.3
4401,53311.8952,1875.7540,8839.06,0.099739,8,0.041625,8340.03
4402,53322.2992,1875.3880,11049.8,0.099823,10,0.041590,10424.7
4403,53324.5495,1875.3089,22099.9,0.099841,20,0.041582,20849.2
4404,53333.8757,1874.9809,22101.5,0.099912,20,0.041546,20848.4
4405,53359.5403,1874.0791,66316.1,0.100088,60,0.041429,62537.9
4406,53361.8800,1873.9969,22105.7,0.100102,20,0.041417,20845.7
4407,53364.2388,1873.9141,5526.5,0.100117,5,0.041404,5211.37
4408,53376.8897,1873.4700,5526.91,0.100190,5,0.041334,5211
4409,53377.9135,1873.4340,7737.71,0.100196,7,0.041328,7295.36
4410,53386.1199,1873.1461,2210.87,0.100239,2,0.041279,2084.29
4411,53397.7823,1872.7369,221100,0.100296,200,0.041204,208413
4412,53422.2861,1871.8780,22112.1,0.100395,20,0.041028,20837.6
4413,53452.3234,1870.8261,5528.51,0.100481,5,0.040778,5208.11
4414,53465.8134,1870.3540,1105.73,0.100506,1,0.040654,1041.49
4415,53481.5723,1869.8029,2211.5,0.100526,2,0.040500,2082.66
4416,53526.1385,1868.2461,1105.75,0.100524,1,0.040009,1040.82
4417,53533.7059,1867.9820,5528.7,0.100515,5,0.039918,5203.63
4418,53545.6628,1867.5649,221144,0.100495,200,0.039769,208114
4419,53555.4355,1867.2241,5528.48,0.100475,5,0.039642,5202.19
4420,53563.0978,1866.9570,5528.38,0.100456,5,0.039541,5201.66
4421,53571.1031,1866.6780,1105.65,0.100434,1,0.039432,1040.22
4422,53585.4256,1866.1791,33168,0.100387,30,0.039231,31200.3
4423,53595.1057,1865.8420,4422.23,0.100350,4,0.039091,4159.46
4424,53599.2395,1865.6981,5527.7,0.100333,5,0.039029,5199.01
4425,53604.0719,1865.5299,11055.2,0.100313,10,0.038957,10397.3
4426,53604.8420,1865.5031,11055.1,0.100309,10,0.038946,10397.1
4427,53612.6311,1865.2321,22109.5,0.100273,20,0.038827,20791.8
4428,53615.3064,1865.1390,44218.4,0.100261,40,0.038785,41581.9
4429,53617.5531,1865.0609,2210.89,0.100250,2,0.038750,2079.02
4430,53644.0100,1864.1410,55264.2,0.100103,50,0.038323,51953.4
4431,53657.5706,1863.6699,22103.8,0.100016,20,0.038094,20776.6
4432,53665.5411,1863.3931,22102.6,0.099962,20,0.037955,20773.7
4433,53666.8717,1863.3469,5525.59,0.099952,5,0.037932,5193.3
4434,53668.5368,1863.2891,11051.1,0.099940,10,0.037902,10386.3
4435,53675.5978,1863.0440,110505,0.099889,100,0.037777,103850
4436,53704.8863,1862.0280,4419.15,0.099652,4,0.037235,4151.75
4437,53721.0728,1861.4669,66277.5,0.099506,60,0.036920,62256.6
4438,53733.3967,1861.0400,11044.9,0.099387,10,0.036674,10373.5
4439,53738.1295,1860.8761,33133.2,0.099340,30,0.036578,31117.7
4440,53756.0123,1860.2570,11042.3,0.099152,10,0.036206,10368.7
4441,53758.6131,1860.1670,110420,0.099123,100,0.036151,103681
4442,53758.6131,1860.1670,110420,0.099123,100,0.036151,103681
4443,53772.7194,1859.6791,44161.1,0.098964,40,0.035848,41459.9
4444,53782.8742,1859.3279,5519.47,0.098845,5,0.035625,5181.33
4445,53784.5537,1859.2699,5519.36,0.098824,5,0.035587,5181.14
4446,53815.5800,1858.1979,11034.4,0.098429,10,0.034878,10354.9
4447,53827.3706,1857.7909,5516.3,0.098269,5,0.034599,5176.02
4448,53832.4705,1857.6149,5515.9,0.098197,5,0.034476,5175.39
4449,53844.1454,1857.2121,11030,0.098030,10,0.034192,10347.8
4450,53849.0187,1857.0441,1102.92,0.097959,1,0.034072,1034.66
4451,53852.2974,1856.9310,1102.86,0.097910,1,0.033990,1034.57
4452,53875.1280,1856.1441,11024.8,0.097558,10,0.033411,10339.8
4453,53877.7740,1856.0529,11024.3,0.097516,10,0.033343,10339.1
4454,53882.8482,1855.8781,11023.4,0.097435,10,0.033211,10337.7
4455,53890.8961,1855.6010,2204.39,0.097303,2,0.033000,2067.1
4456,53893.5089,1855.5110,11021.5,0.097259,10,0.032931,10334.8
4457,53904.9593,1855.1169,3305.8,0.097066,3,0.032624,3099.49
4458,53908.2365,1855.0041,33056.1,0.097010,30,0.032536,30992.1
4459,53932.1699,1854.1809,5507.02,0.096585,5,0.031877,5161.95
4460,53938.6502,1853.9581,11012.7,0.096466,10,0.031694,10322
4461,53944.5910,1853.7540,1101.15,0.096355,1,0.031526,1032.03
4462,53957.0443,1853.3261,4403.56,0.096118,4,0.031168,4126.63
4463,53958.1579,1853.2879,4403.46,0.096097,4,0.031135,4126.5
4464,53964.2716,1853.0779,4402.94,0.095978,4,0.030957,4125.77
4465,53981.6634,1852.4809,2200.71,0.095631,2,0.030443,2061.82
4466,53983.7617,1852.4089,2200.61,0.095589,2,0.030380,2061.69
4467,53998.8539,1851.8912,1099.96,0.095276,1,0.029923,1030.37
4468,54051.1646,1850.0989,8789.54,0.094121,8,0.028270,8229.39
4469,54072.1427,1849.3811,10981.5,0.093627,10,0.027578,10279.6
4470,54075.1882,1849.2770,2196.14,0.093553,2,0.027476,2055.71
4471,54102.0754,1848.3579,4389.36,0.092890,4,0.026561,4107.67
4472,54107.8370,1848.1611,2194.36,0.092744,2,0.026362,2053.42
4473,54127.6702,1847.4839,10966.2,0.092231,10,0.025665,10260
4474,54132.8227,1847.3081,10964.7,0.092095,10,0.025482,10258.1
4475,54136.1063,1847.1960,21927.5,0.092008,20,0.025364,20513.8
4476,54136.9602,1847.1669,2192.7,0.091985,2,0.025334,2051.31
4477,54141.4380,1847.0141,10962.2,0.091865,10,0.025173,10254.9
4478,54143.7605,1846.9349,21923,0.091803,20,0.025089,20508.1
4479,54146.6548,1846.8362,43842.5,0.091725,40,0.024984,41012
4480,54160.0915,1846.3780,21913.2,0.091358,20,0.024494,20495.9
4481,54165.6944,1846.1870,6572.95,0.091203,6,0.024288,6147.51
4482,54174.2304,1845.8961,1095.23,0.090964,1,0.023971,1024.26
4483,54201.9830,1844.9510,2188.71,0.090167,2,0.022922,2046.37
4484,54204.5966,1844.8620,3282.82,0.090091,3,0.022822,3069.25
4485,54212.5901,1844.5900,1094.02,0.089855,1,0.022514,1022.77
4486,54232.5833,1843.9100,21867.1,0.089253,20,0.021733,20439.4
4487,54242.4687,1843.5739,4372.1,0.088949,4,0.021341,4086.28
4488,54248.8824,1843.3559,10928.1,0.088750,10,0.021085,10213.1
4489,54260.8293,1842.9501,10924,0.088375,10,0.020603,10208.2
4490,54265.5747,1842.7889,218447,0.088225,200,0.020411,204124
4491,54265.5747,1842.7889,218447,0.088225,200,0.020411,204124
4492,54278.0642,1842.3649,65507.8,0.087824,60,0.019900,61205.9
4493,54281.8920,1842.2350,5458.31,0.087700,5,0.019742,5099.69
4494,54290.9978,1841.9260,1091.34,0.087403,1,0.019364,1019.55
4495,54296.8044,1841.7290,2182.26,0.087212,2,0.019122,2038.61
4496,54303.1405,1841.5141,6545.39,0.087002,6,0.018856,6114.21
4497,54304.6441,1841.4631,2181.69,0.086951,2,0.018793,2037.94
4498,54309.1284,1841.3111,2181.36,0.086801,2,0.018603,2037.55
4499,54319.6655,1840.9539,10902.9,0.086446,10,0.018155,10183.2
4500,54330.5563,1840.5849,1089.89,0.086073,1,0.017688,1017.85
4501,54343.8086,1840.1360,3268.16,0.085614,3,0.017114,3051.78
4502,54361.2088,1839.5470,2177.43,0.085000,2,0.016350,2032.97
4503,54393.4718,1838.4559,217489,0.083830,200,0.014903,203003
4504,54401.1034,1838.1980,54356.9,0.083548,50,0.014555,50733.1
4505,54407.4347,1837.9841,21737.6,0.083311,20,0.014265,20287.4
4506,54426.1563,1837.3519,3258.33,0.082604,3,0.013399,3040.47
4507,54427.3696,1837.3109,1086.06,0.082557,1,0.013342,1013.43
4508,54430.9828,1837.1889,2171.82,0.082419,2,0.013173,2026.52
4509,54434.3895,1837.0740,6514.61,0.082288,6,0.013014,6078.59
4510,54439.9277,1836.8871,3256.61,0.082074,3,0.012753,3038.5
4511,54445.3227,1836.7051,3255.93,0.081865,3,0.012499,3037.73
4512,54447.3998,1836.6350,5426.11,0.081784,5,0.012400,5062.39
4513,54452.2650,1836.4709,7595.1,0.081594,7,0.012169,7085.7
4514,54475.2467,1835.6961,2168.05,0.080682,2,0.011066,2022.25
4515,54476.4075,1835.6570,1083.98,0.080636,1,0.011010,1011.07
4516,54489.4089,1835.2190,1083.41,0.080111,1,0.010377,1010.43
4517,54513.7971,1834.3980,8658.57,0.079108,8,0.009172,8073.72
4518,54548.2290,1833.2401,108075,0.077653,100,0.007436,100746
4519,54551.8022,1833.1200,108058,0.077499,100,0.007253,100728
4520,54571.2740,1832.4659,2159.33,0.076653,2,0.006249,2012.54
4521,54575.2930,1832.3310,16192.2,0.076477,15,0.006040,15090.9
4522,54607.0918,1831.2640,4311.79,0.075059,4,0.004367,4017.51
4523,54608.6383,1831.2121,8622.98,0.074989,8,0.004285,8034.35
4524,54618.7842,1830.8720,53868.8,0.074528,50,0.003743,50187.5
4525,54623.1080,1830.7270,1077.16,0.074330,1,0.003511,1003.52
4526,54627.1066,1830.5930,107696,0.074146,100,0.003296,100330
4527,54635.5218,1830.3111,21530.9,0.073758,20,0.002841,20056.9
4528,54652.5127,1829.7420,10756.9,0.072966,10,0.001915,10019.2
4529,54665.3281,1829.3131,107504,0.072361,100,0.001209,100121
4530,54679.1999,1828.8490,5371.66,0.071700,5,0.000439,5002.2
4531,54686.9766,1828.5889,1073.93,0.071326,1,0.000004,1000
4532,54698.7278,1828.1961,2146.64,0.070756,2,-0.000657,1998.69
4533,54703.2446,1828.0451,2146.17,0.070535,2,-0.000912,1998.18
4534,54711.8351,1827.7581,4290.52,0.070114,4,-0.001400,3994.41
4535,54735.5597,1826.9659,10713.7,0.068936,10,-0.002760,9972.44
4536,54764.8390,1825.9891,2139.56,0.067453,2,-0.004466,1991.09
4537,54770.7555,1825.7919,1069.46,0.067149,1,-0.004815,995.197
4538,54788.0689,1825.2149,2136.99,0.066253,2,-0.005842,1988.35
4539,54825.7667,1823.9599,3199.12,0.064263,3,-0.008114,2975.76
4540,54828.9184,1823.8551,15992.9,0.064094,15,-0.008306,14875.9
4541,54833.4907,1823.7030,63955.8,0.063848,60,-0.008586,59487.1
4542,54837.7631,1823.5609,31970.6,0.063618,30,-0.008848,29735.7
4543,54865.4724,1822.6399,2128.16,0.062109,2,-0.010561,1978.99
4544,54869.2661,1822.5139,21277.1,0.061900,20,-0.010798,19785.2
4545,54891.3089,1821.7820,4250.22,0.060676,4,-0.012183,3951.56
4546,54901.2860,1821.4510,8495.67,0.060115,8,-0.012816,7898.13
4547,54904.8382,1821.3331,1061.75,0.059915,1,-0.013042,987.043
4548,54919.1038,1820.8600,53044.4,0.059106,50,-0.013954,49307.2
4549,54936.1186,1820.2961,4239.41,0.058131,4,-0.015051,3940.25
4550,54957.2858,1819.5950,31756.6,0.056903,30,-0.016430,29511.1
4551,54966.4344,1819.2921,15869.8,0.056367,15,-0.017031,14746.7
4552,54967.4317,1819.2591,10579.2,0.056309,10,-0.017096,9830.49
4553,54977.8914,1818.9130,10572.7,0.055692,10,-0.017787,9823.7
4554,55004.5658,1818.0309,10555.9,0.054100,10,-0.019566,9806.24
4555,55023.6274,1817.4011,3163.12,0.052947,3,-0.020852,2938.09
4556,55025.3594,1817.3439,7379.84,0.052842,7,-0.020969,6854.74
4557,55035.0786,1817.0229,1053.64,0.052248,1,-0.021630,978.602
4558,55046.5896,1816.6430,421157,0.051541,400,-0.022417,391133
4559,55051.4064,1816.4840,2105.16,0.051243,2,-0.022748,1955.02
4560,55074.5372,1815.7211,31531.9,0.049802,30,-0.024347,29278.4
4561,55095.6632,1815.0249,4198.65,0.048469,4,-0.025824,3898.03
4562,55117.8258,1814.2951,41927.1,0.047054,40,-0.027389,38919.3
4563,55176.2174,1812.3751,20883.7,0.043238,20,-0.031592,19378
4564,55190.8694,1811.8939,208633,0.042262,200,-0.032665,193573
4565,55224.9751,1810.7749,52038.4,0.039958,50,-0.035190,48271.1
4566,55229.9770,1810.6109,3121.24,0.039617,3,-0.035564,2895.18
4567,55262.1770,1809.5559,4152.43,0.037398,4,-0.037989,3850.9
4568,55293.9491,1808.5162,15537,0.035173,15,-0.040415,14405.9
4569,55306.4927,1808.1060,31046.4,0.034284,30,-0.041383,28783.9
4570,55312.3964,1807.9130,4137.78,0.033864,4,-0.041840,3836.09
4571,55316.5889,1807.7760,1034.13,0.033565,1,-0.042165,958.712
4572,55386.9022,1805.4810,5144.32,0.028456,5,-0.047707,4767.07
4573,55408.5716,1804.7749,41088.4,0.026846,40,-0.049448,38070.2
4574,55421.4974,1804.3540,10262.2,0.025878,10,-0.050493,9507.6
4575,55450.8419,1803.3991,2047.88,0.023659,2,-0.052888,1896.97
4576,55456.0110,1803.2310,3070.61,0.023265,3,-0.053312,2844.25
4577,55460.0375,1803.1001,3069.67,0.022957,3,-0.053644,2843.31
4578,55480.6518,1802.4302,20432.1,0.021373,20,-0.055349,18923.1
4579,55484.9044,1802.2920,20425.4,0.021045,20,-0.055702,18916.4
4580,55488.1710,1802.1859,5105.05,0.020792,5,-0.055974,4727.82
4581,55495.0040,1801.9640,1020.47,0.020262,1,-0.056544,945.025
4582,55519.4057,1801.1720,101853,0.018356,100,-0.058591,94309.2
4583,55519.4057,1801.1720,101853,0.018356,100,-0.058591,94309.2
4584,55527.7274,1800.9021,20357.2,0.017701,20,-0.059294,18848.6
4585,55529.6749,1800.8389,10177,0.017547,10,-0.059459,9422.74
4586,55572.4396,1799.4531,1014.24,0.014142,1,-0.063108,938.842
4587,55606.6191,1798.3471,20228.8,0.011375,20,-0.066066,18721.4
4588,55639.8456,1797.2731,20173.7,0.008646,20,-0.068978,18666.9
4589,55645.6732,1797.0849,20163.9,0.008164,20,-0.069493,18657.3
4590,55647.9654,1797.0109,1008.01,0.007974,1,-0.069695,932.678
4591,55687.9348,1795.7211,2009.28,0.004631,2,-0.073255,1858.73
4592,55689.7707,1795.6619,10044.9,0.004476,10,-0.073420,9292.1
4593,55715.8287,1794.8221,10022.7,0.002265,10,-0.075770,9270.29
4594,55722.2900,1794.6140,40068.6,0.001713,40,-0.076356,37059.5
4595,55736.2680,1794.1639,1000.52,0.000515,1,-0.077628,925.308
4596,55742.1991,1793.9730,40000.2,0.000004,40,-0.078170,36992.3
4597,55750.8350,1793.6951,99925.9,-0.000741,100,-0.078961,92407.6
4598,55756.8344,1793.5021,39949.6,-0.001260,40,-0.079511,36942.7
4599,55772.9792,1792.9829,9973.4,-0.002664,10,-0.080999,9221.95
4600,55778.8519,1792.7942,2990.49,-0.003177,3,-0.081542,2765.08
4601,55785.8619,1792.5689,996.217,-0.003790,1,-0.082192,921.095
4602,55800.4241,1792.1011,994.943,-0.005070,1,-0.083546,919.848
4603,55805.5020,1791.9380,29834.9,-0.005518,30,-0.084020,27582.4
4604,55813.2243,1791.6901,79505.5,-0.006201,80,-0.084743,73499.9
4605,55826.1895,1791.2740,1985.35,-0.007352,2,-0.085960,1835.26
4606,55863.7054,1790.0710,1978.69,-0.010714,2,-0.089510,1828.76
4607,55865.0810,1790.0269,2967.66,-0.010839,3,-0.089641,2742.78
4608,55867.3239,1789.9551,989.02,-0.011041,1,-0.089855,914.063
4609,55876.6636,1789.6559,4940.92,-0.011887,5,-0.090747,4566.24
4610,55889.4299,1789.2471,987.038,-0.013047,1,-0.091971,912.132
4611,55893.1173,1789.1291,986.706,-0.013383,1,-0.092325,911.809
4612,55913.9673,1788.4619,1969.65,-0.015293,2,-0.094336,1819.95
4613,55935.6063,1787.7700,2948.58,-0.017290,3,-0.096438,2724.2
4614,55939.8283,1787.6351,982.474,-0.017681,1,-0.096850,907.692
4615,55954.8881,1787.1540,14716.5,-0.019082,15,-0.098323,13595.3
4616,55960.8331,1786.9641,3922.22,-0.019637,4,-0.098907,3623.31
4617,55969.3881,1786.6910,9797.69,-0.020438,10,-0.099748,9050.65
4618,55986.6195,1786.1411,68472.8,-0.022059,70,-0.101450,63246.8
4619,55994.6427,1785.8851,9774.42,-0.022817,10,-0.102246,9028.08
4620,56012.0490,1785.3302,975.829,-0.024468,1,-0.103978,901.245
4621,56149.3980,1780.9630,9628.6,-0.037847,10,-0.117975,8887.18
4622,56160.9735,1780.5959,4808.74,-0.039002,5,-0.119181,4438.24
4623,56173.1438,1780.2101,9605.76,-0.040222,10,-0.120453,8865.19
4624,56196.8216,1779.4601,3833.15,-0.042608,4,-0.122941,3537.26
4625,56210.5680,1779.0249,1913.9,-0.044002,2,-0.124392,1766.07
4626,56219.8218,1778.7321,956.051,-0.044944,1,-0.125373,882.168
4627,56229.6216,1778.4221,955.096,-0.045944,1,-0.126414,881.25
4628,56251.9498,1777.7162,3811.64,-0.048234,4,-0.128797,3516.61
4629,56260.3088,1777.4520,1904.18,-0.049096,2,-0.129693,1756.73
4630,56278.4475,1776.8792,19006.1,-0.050973,20,-0.131645,17533
4631,56289.9850,1776.5150,14237.5,-0.052172,15,-0.132891,13133.4
4632,56354.1894,1774.4910,4713.89,-0.058924,5,-0.139898,4347.23
4633,56361.6188,1774.2571,942.034,-0.059714,1,-0.140717,868.735
4634,56400.8432,1773.0231,6566.61,-0.063912,7,-0.145067,6054.75
4635,56420.9917,1772.3900,936.049,-0.066088,1,-0.147318,863.019
4636,56429.3005,1772.1290,2805.62,-0.066989,3,-0.148250,2586.65
4637,56434.7419,1771.9581,3738.61,-0.067580,4,-0.148862,3446.75
4638,56443.6014,1771.6800,933.752,-0.068544,1,-0.149859,860.829
4639,56447.9026,1771.5450,13999.7,-0.069013,15,-0.150344,12906.2
4640,56449.8804,1771.4829,9331.13,-0.069229,10,-0.150567,8602.2
4641,56454.8164,1771.3281,3730.44,-0.069768,4,-0.151125,3438.96
4642,56516.3974,1769.3980,92629.7,-0.076561,100,-0.158141,85372.9
4643,56527.0704,1769.0639,18503.9,-0.077750,20,-0.159368,17053.6
4644,56541.3200,1768.6181,6466.06,-0.079343,7,-0.161012,5958.97
4645,56545.7693,1768.4789,9232.62,-0.079842,10,-0.161526,8508.44
4646,56557.4355,1768.1141,4610.27,-0.081153,5,-0.162878,4248.48
4647,56611.2939,1766.4320,2749.32,-0.087258,3,-0.169167,2533.1
4648,56639.7988,1765.5430,1826.9,-0.090525,2,-0.172530,1683.07
4649,56647.6248,1765.2991,912.628,-0.091426,1,-0.173457,840.753
4650,56654.4283,1765.0871,3647.65,-0.092212,4,-0.174264,3360.3
4651,56661.7456,1764.8591,9111.41,-0.093058,10,-0.175134,8393.44
4652,56717.5752,1763.1219,18104.6,-0.099566,20,-0.181822,16675
4653,56721.3332,1763.0051,904.831,-0.100008,1,-0.182275,833.372
4654,56732.2797,1762.6649,6325.66,-0.101296,7,-0.183598,5825.89
4655,56764.3861,1761.6680,18004.8,-0.105096,20,-0.187497,16580.6
4656,56784.2365,1761.0521,1796.22,-0.107461,2,-0.189922,1654.05
4657,56790.4676,1760.8589,8974.43,-0.108206,10,-0.190686,8263.92
4658,56801.4675,1760.5179,8962.61,-0.109523,10,-0.192037,8252.77
4659,56820.8943,1759.9160,894.17,-0.111860,1,-0.194430,823.304
4660,56840.2067,1759.3180,26762.6,-0.114193,30,-0.196820,24640.2
4661,56841.4998,1759.2780,8919.46,-0.114350,10,-0.196980,8212.07
4662,56871.4697,1758.3509,4443.51,-0.117994,5,-0.200711,4090.75
4663,56873.8638,1758.2769,888.442,-0.118286,1,-0.201010,817.904
4664,56876.4821,1758.1959,6217.1,-0.118606,7,-0.201337,5723.46
4665,56963.1128,1755.5220,17574.1,-0.129304,20,-0.212272,16174.9
4666,56965.6115,1755.4450,3513.73,-0.129616,4,-0.212591,3233.95
4667,56982.1999,1754.9340,8766.12,-0.131691,10,-0.214709,8067.76
4668,56993.5991,1754.5830,175072,-0.133121,200,-0.216169,161120
4669,57035.4022,1753.2970,8707.5,-0.138400,10,-0.221555,8012.72
4670,57126.9929,1750.4860,4302.92,-0.150144,5,-0.233521,3958.71
4671,57127.7778,1750.4619,4302.48,-0.150246,5,-0.233624,3958.3
4672,57170.2990,1749.1600,1711.49,-0.155782,2,-0.239257,1574.42
4673,57197.4360,1748.3301,4263.52,-0.159342,5,-0.242877,3921.84
4674,57209.9065,1747.9490,85130.5,-0.160985,100,-0.244548,78305.9
4675,57266.3900,1746.2250,844.945,-0.168483,1,-0.252165,777.116
4676,57277.7343,1745.8791,2530.99,-0.170000,3,-0.253705,2327.76
4677,57291.0254,1745.4741,8421.63,-0.171782,10,-0.255514,7745.18
4678,57295.7890,1745.3290,1683.25,-0.172422,2,-0.256164,1548.03
4679,57320.6840,1744.5709,3355.22,-0.175776,4,-0.259567,3085.54
4680,57340.8669,1743.9569,2509.55,-0.178509,3,-0.262339,2307.75
4681,57347.4065,1743.7580,835.774,-0.179397,1,-0.263239,768.558
4682,57359.9360,1743.3771,333740,-0.181101,400,-0.264967,306892
4683,57386.3748,1742.5739,1662.69,-0.184712,2,-0.268627,1528.86
4684,57402.8781,1742.0729,8294.64,-0.186976,10,-0.270921,7626.77
4685,57419.6871,1741.5630,827.547,-0.189290,1,-0.273265,760.891
4686,57455.7106,1740.4710,823.431,-0.194275,1,-0.278312,757.061
4687,57469.4133,1740.0560,821.864,-0.196181,1,-0.280241,755.602
4688,57476.5545,1739.8398,164209,-0.197176,200,-0.281248,150968
4689,57505.2746,1738.9709,24532.6,-0.201193,30,-0.285312,22553.4
4690,57538.3237,1737.9721,4069.8,-0.205844,5,-0.290015,3741.26
4691,57570.6509,1736.9962,8102.42,-0.210423,10,-0.294642,7447.98
4692,57578.9094,1736.7470,4046.45,-0.211597,5,-0.295828,3719.58
4693,57582.2533,1736.6462,161781,-0.212073,200,-0.296309,148712
4694,57610.2915,1735.8010,3222.69,-0.216076,4,-0.300353,2962.23
4695,57611.7558,1735.7569,805.505,-0.216286,1,-0.300564,740.4
4696,57669.1661,1734.0289,1597.75,-0.224553,2,-0.308908,1468.5
4697,57723.9904,1732.3820,15850.5,-0.232530,20,-0.316954,14567.3
4698,57752.5232,1731.5261,1578.43,-0.236715,2,-0.321171,1450.6
4699,57755.3249,1731.4421,1577.78,-0.237127,2,-0.321587,1450
4700,57813.4241,1729.7021,2346.43,-0.245719,3,-0.330241,2156.25
4701,57860.2624,1728.3019,776.692,-0.252711,1,-0.337280,713.709
4702,57894.4535,1727.2812,772.709,-0.257853,1,-0.342453,710.027
4703,57897.3782,1727.1939,772.368,-0.258294,1,-0.342896,709.712
4704,57952.4325,1725.5531,2297.84,-0.266642,3,-0.351290,2111.34
4705,58000.7339,1724.1161,760.308,-0.274032,1,-0.358715,698.574
4706,58016.7194,1723.6411,7584.4,-0.276491,10,-0.361185,6968.5
4707,58048.6433,1722.6931,1509.42,-0.281422,2,-0.366136,1386.82
4708,58071.6344,1722.0111,11280.3,-0.284990,15,-0.369717,10363.9
4709,58078.7594,1721.7999,751.189,-0.286098,1,-0.370829,690.162
4710,58089.7884,1721.4730,749.899,-0.287817,1,-0.372554,688.973
4711,58102.3080,1721.1020,3742.17,-0.289771,5,-0.374514,3438.12
4712,58138.3871,1720.0340,1488.43,-0.295426,2,-0.380187,1367.47
4713,58141.5669,1719.9399,2975.37,-0.295926,4,-0.380688,2733.56
4714,58215.0102,1717.7700,147050,-0.307548,200,-0.392336,135095
4715,58235.9666,1717.1519,732.795,-0.310889,1,-0.395684,673.219
4716,58293.0256,1715.4711,3630.59,-0.320043,5,-0.404851,3335.38
4717,58372.1063,1713.1470,2867.46,-0.332867,4,-0.417683,2634.29
4718,58382.2970,1712.8480,42940.4,-0.334531,60,-0.419347,39448.6
4719,58398.2167,1712.3811,713.812,-0.337136,1,-0.421951,655.766
4720,58409.2324,1712.0581,712.524,-0.338942,1,-0.423757,654.583
4721,58431.4181,1711.4081,1419.86,-0.342589,2,-0.427403,1304.4
4722,58474.7812,1710.1389,1409.73,-0.349751,2,-0.434561,1295.1
4723,58500.8408,1709.3771,3509.1,-0.354078,5,-0.438884,3223.78
4724,58564.6763,1707.5139,694.371,-0.364749,1,-0.449538,637.923
4725,58591.1263,1706.7431,6912.87,-0.369200,10,-0.453981,6350.95
4726,58626.7864,1705.7050,34356.7,-0.375227,50,-0.459995,31564.3
4727,58745.2228,1702.2661,673.365,-0.395468,1,-0.480176,618.674
4728,58790.6060,1700.9520,13362,-0.403314,20,-0.487993,12277.1
4729,58819.1006,1700.1280,664.802,-0.408265,1,-0.492925,610.837
4730,58843.7393,1699.4161,1985.86,-0.412562,3,-0.497203,1824.69
4731,58868.9248,1698.6891,6590.41,-0.416970,10,-0.501591,6055.67
4732,58908.1439,1697.5582,1963.54,-0.423862,3,-0.508451,1804.28
4733,58959.5159,1696.0791,9728.93,-0.432946,15,-0.517488,8940.24
4734,59000.6735,1694.8959,643.863,-0.440269,1,-0.524769,591.692
4735,59012.8194,1694.5471,64246.9,-0.442437,100,-0.526925,59041.7
4736,59074.9094,1692.7660,19060.6,-0.453576,30,-0.537997,17517.5
4737,59111.2243,1691.7261,6312,-0.460133,10,-0.544510,5801.26
4738,59178.6009,1689.8000,1247.04,-0.472377,2,-0.556671,1146.23
4739,59273.8323,1687.0851,612.711,-0.489862,1,-0.574023,563.255
4740,59315.3207,1685.9051,608.023,-0.497543,1,-0.581643,558.979
4741,59346.0167,1685.0331,1209.12,-0.503251,2,-0.587304,1111.65
4742,59361.8749,1684.5829,602.777,-0.506209,1,-0.590236,554.196
4743,59386.4069,1683.8870,3000.09,-0.510795,5,-0.594783,2758.41
4744,59485.8147,1681.0731,588.89,-0.529515,1,-0.613333,541.543
4745,59494.0241,1680.8411,4703.8,-0.531071,8,-0.614874,4325.67
4746,59528.3400,1679.8721,584.154,-0.537591,1,-0.621331,537.229
4747,59619.1259,1677.3141,11481.9,-0.554963,20,-0.638529,10561.4
4748,59633.8428,1676.9002,17174.1,-0.557796,30,-0.641332,15797.7
4749,59652.9566,1676.3628,1711.09,-0.561483,3,-0.644980,1574.02
4750,59734.5141,1674.0741,2245.64,-0.577302,4,-0.660628,2066.11
4751,59749.1866,1673.6630,559.807,-0.580163,1,-0.663457,515.068
4752,59775.9318,1672.9141,2227.55,-0.585390,4,-0.668625,2049.65
4753,59829.1143,1671.4271,11022.1,-0.595830,20,-0.678944,10143
4754,59959.3748,1667.7959,2148.22,-0.621653,4,-0.704454,1977.51
4755,60016.8794,1666.1979,3716.36,-0.633166,7,-0.715820,3421.54
4756,60019.7633,1666.1179,530.601,-0.633745,1,-0.716392,488.512
4757,60055.4063,1665.1290,4214.47,-0.640918,8,-0.723472,3880.52
4758,60109.1950,1663.6390,521.111,-0.651792,1,-0.734202,479.888
4759,60205.3864,1660.9810,1533,-0.671387,3,-0.753528,1412.11
4760,60342.5250,1657.2061,993.521,-0.699648,2,-0.781383,915.545
4761,60452.8354,1654.1821,1456.39,-0.722653,3,-0.804044,1342.55
4762,60483.2218,1653.3511,964.751,-0.729033,2,-0.810325,889.427
4763,60635.9331,1649.1871,186811,-0.761368,400,-0.842148,172314
4764,60677.1514,1648.0668,1388.8,-0.770173,3,-0.850809,1281.21
4765,60788.6864,1645.0429,451.959,-0.794163,1,-0.874399,417.113
4766,61344.1658,1630.1469,1998.38,-0.917102,5,-0.995095,1848.44
4767,61446.4212,1627.4341,78098.8,-0.940342,200,-1.017879,72272.1
4768,61539.6311,1624.9691,382.247,-0.961687,1,-1.038796,353.88
4769,61628.6419,1622.6222,374.482,-0.982211,1,-1.058903,346.836
4770,61680.8807,1621.2479,36997.5,-0.994320,100,-1.070761,34274.7
4771,61938.6035,1614.5020,696.567,-1.054738,2,-1.129897,646.133
4772,62042.0918,1611.8090,33983,-1.079311,100,-1.153932,31539.4
4773,62314.3835,1604.7659,318.289,-1.144797,1,-1.217944,295.838
4774,62712.7459,1594.5722,2886.01,-1.242711,10,-1.313548,2688.64
4775,62910.7723,1589.5529,549.286,-1.292284,2,-1.361907,512.344
4776,63286.9288,1580.1051,748.698,-1.388032,3,-1.455232,700.039
4777,63296.9070,1579.8560,248.926,-1.390599,1,-1.457733,232.763
4778,63499.1163,1574.8251,236.235,-1.442928,1,-1.508697,221.198
4779,63557.1118,1573.3880,2326.92,-1.458041,10,-1.523410,2179.67
4780,63721.0121,1569.3410,222.908,-1.500998,1,-1.565220,209.042
4781,65309.4931,1531.1710,722.207,-1.934882,5,-1.986669,685.758
4782,65365.8362,1529.8512,142.158,-1.950813,1,-2.002118,135.049
4783,65681.9165,1522.4891,259.844,-2.040821,2,-2.089372,247.53
4784,65692.6171,1522.2411,12952.4,-2.043887,100,-2.092343,12339.8
4785,65728.1995,1521.4170,384.629,-2.054089,3,-2.102230,366.551
4786,65736.0168,1521.2361,1279.22,-2.056333,10,-2.104404,1219.18
4787,65783.9286,1520.1281,126.174,-2.070095,1,-2.117740,120.303
4788,65788.1791,1520.0299,378.059,-2.071317,3,-2.118924,360.483
4789,65822.0845,1519.2469,12479.6,-2.081072,100,-2.128376,11903
4790,65834.2491,1518.9662,497.44,-2.084575,4,-2.131770,474.509
4791,65847.7339,1518.6551,247.756,-2.088460,2,-2.135533,236.363
4792,65851.8660,1518.5599,247.461,-2.089650,2,-2.136687,236.091
4793,65859.9223,1518.3741,123.443,-2.091972,1,-2.138937,117.78
4794,65866.9613,1518.2118,123.193,-2.094002,1,-2.140903,117.549
4795,65869.9925,1518.1420,4923.42,-2.094876,40,-2.141750,4697.97
4796,65892.5671,1517.6219,2445.73,-2.101388,20,-2.148059,2334.21
4797,65900.4173,1517.4411,1220.1,-2.103654,10,-2.150254,1164.55
4798,65904.7694,1517.3409,12185.7,-2.104911,100,-2.151471,11631.3
4799,65930.3109,1516.7530,604.804,-2.112289,5,-2.158618,577.423
4800,65939.8809,1516.5329,4825.07,-2.115055,40,-2.161298,4607.02
4801,65947.1856,1516.3649,120.372,-2.117167,1,-2.163344,114.94
4802,65976.3814,1515.6939,1790.4,-2.125613,15,-2.171525,1710.05
4803,66011.2688,1514.8929,5907.99,-2.135717,50,-2.181313,5644.66
4804,66061.2841,1513.7459,1164.58,-2.150224,10,-2.195363,1113.18
4805,66067.5714,1513.6019,581.228,-2.152050,5,-2.197131,555.608
4806,66070.7075,1513.5300,580.699,-2.152960,5,-2.198013,555.118
4807,66107.9189,1512.6781,114.891,-2.163773,1,-2.208485,109.867
4808,66109.9276,1512.6321,114.824,-2.164357,1,-2.209050,109.805
4809,66128.5635,1512.2058,11420.3,-2.169778,100,-2.214300,10923
4810,66138.0925,1511.9880,1138.87,-2.172551,10,-2.216985,1089.37
4811,66169.3318,1511.2741,451.422,-2.181648,4,-2.225794,431.926
4812,66194.7883,1510.6929,1120.21,-2.189068,10,-2.232980,1072.09
4813,66225.7300,1509.9871,444.057,-2.198096,4,-2.241721,425.102
4814,66244.2412,1509.5652,5520.79,-2.203501,50,-2.246954,5286.04
4815,66262.2386,1509.1552,219.674,-2.208760,2,-2.252046,210.368
4816,66274.8947,1508.8670,766.018,-2.212459,7,-2.255628,733.654
4817,66298.6175,1508.3271,326.023,-2.219398,3,-2.262346,312.318
4818,66309.7364,1508.0742,2166.43,-2.222653,20,-2.265496,2075.57
4819,66363.0282,1506.8631,319.93,-2.238266,3,-2.280611,306.665
4820,66365.5900,1506.8050,106.563,-2.239017,1,-2.281338,102.147
4821,66382.3243,1506.4251,212.083,-2.243926,2,-2.286090,203.326
4822,66411.0238,1505.7741,315.455,-2.252351,3,-2.294245,302.512
4823,66416.3179,1505.6541,31496.5,-2.253906,300,-2.295750,30205.7
4824,66427.1255,1505.4091,523.278,-2.257081,5,-2.298824,501.884
4825,66430.6671,1505.3289,2090.93,-2.258122,20,-2.299831,2005.52
4826,66454.7704,1504.7829,3114.25,-2.265208,30,-2.306690,2987.71
4827,66455.7303,1504.7611,41511.6,-2.265491,400,-2.306963,39825.3
4828,66460.1072,1504.6620,207.291,-2.266778,2,-2.308209,198.878
4829,66471.7761,1504.3979,41316.2,-2.270211,400,-2.311532,39643.7
4830,66477.4764,1504.2689,103.117,-2.271889,1,-2.313156,98.9485
4831,66485.5665,1504.0859,822.976,-2.274270,8,-2.315461,789.766
4832,66506.7336,1503.6071,2044.65,-2.280504,20,-2.321494,1962.54
4833,66514.9200,1503.4221,10198.6,-2.282916,100,-2.323828,9789.81
4834,66535.0668,1502.9669,1013.83,-2.288854,10,-2.329575,973.371
4835,66542.1369,1502.8072,202.343,-2.290939,2,-2.331593,194.282
4836,66547.4115,1502.6881,1010.14,-2.292495,10,-2.333099,969.947
4837,66558.6166,1502.4351,302.042,-2.295801,3,-2.336298,290.055
4838,66564.3828,1502.3049,1005.1,-2.297502,10,-2.337945,965.258
4839,66592.2673,1501.6759,996.854,-2.305736,10,-2.345912,957.598
4840,66619.8460,1501.0542,1977.53,-2.313886,20,-2.353799,1900.15
4841,66626.6386,1500.9012,296.034,-2.315894,3,-2.355742,284.469
4842,66636.6834,1500.6749,983.852,-2.318865,10,-2.358617,945.509
4843,66646.8956,1500.4450,1961.77,-2.321886,20,-2.361540,1885.5
4844,66663.1094,1500.0800,4880.94,-2.326685,50,-2.366183,4691.91
4845,66677.5108,1499.7560,4860.17,-2.330949,50,-2.370309,4672.59
4846,66685.0764,1499.5859,290.958,-2.333190,3,-2.372478,279.748
4847,66706.1639,1499.1118,192.763,-2.339439,2,-2.378524,185.375
4848,66730.4674,1498.5659,382.758,-2.346647,4,-2.385497,368.173
4849,66736.6964,1498.4260,95.5128,-2.348495,1,-2.387285,91.8788
4850,66767.9799,1497.7239,94.6299,-2.357781,1,-2.396270,91.057
4851,66784.5697,1497.3519,282.494,-2.362710,3,-2.401037,271.872
4852,66805.6186,1496.8801,655.042,-2.368966,7,-2.407090,630.539
4853,66807.8078,1496.8310,748.132,-2.369617,8,-2.407720,720.163
4854,66833.8875,1496.2469,1855.88,-2.377376,20,-2.415225,1786.95
4855,66844.9704,1495.9989,18497.6,-2.380674,200,-2.418416,17812.5
4856,66865.1725,1495.5469,2758,-2.386690,30,-2.424235,2656.38
4857,66867.0002,1495.5060,643.184,-2.387234,7,-2.424761,619.495
4858,66879.7919,1495.2200,18306.8,-2.391046,200,-2.428448,17634.7
4859,66887.5244,1495.0471,182.646,-2.393350,2,-2.430677,175.954
4860,66892.1315,1494.9441,1823.96,-2.394724,20,-2.432005,1757.21
4861,66900.9615,1494.7468,909.581,-2.397356,10,-2.434552,876.37
4862,66925.4375,1494.2002,3611.86,-2.404658,40,-2.441614,3480.81
4863,66946.7767,1493.7239,358.892,-2.411027,4,-2.447775,345.943
4864,66948.1138,1493.6941,896.873,-2.411427,10,-2.448161,864.524
4865,66952.7819,1493.5899,447.812,-2.412821,5,-2.449509,431.68
4866,66981.4289,1492.9511,355.196,-2.421380,4,-2.457787,342.497
4867,66984.8913,1492.8740,5322.43,-2.422415,60,-2.458788,5132.31
4868,67008.3164,1492.3521,8808.79,-2.429420,100,-2.465563,8496.1
4869,67031.7720,1491.8299,262.415,-2.436439,3,-2.472350,253.159
4870,67037.0199,1491.7131,873.345,-2.438010,10,-2.473870,842.582
4871,67075.0704,1490.8669,604.413,-2.449408,7,-2.484892,583.342
4872,67091.8416,1490.4942,4295.58,-2.454436,50,-2.489754,4146.52
4873,67094.6884,1490.4309,171.677,-2.455289,2,-2.490580,165.724
4874,67113.4695,1490.0139,256.068,-2.460923,3,-2.496027,247.235
4875,67116.9264,1489.9371,4263.38,-2.461960,50,-2.497030,4116.46
4876,67128.1044,1489.6890,254.946,-2.465315,3,-2.500274,246.187
4877,67133.6027,1489.5670,16968.4,-2.466966,200,-2.501870,16386.3
4878,67144.7853,1489.3189,3382.3,-2.470324,40,-2.505117,3266.64
4879,67150.7282,1489.1871,337.627,-2.472109,4,-2.506843,326.101
4880,67155.8791,1489.0729,842.762,-2.473656,10,-2.508339,814.033
4881,67159.8908,1488.9840,8417.47,-2.474861,100,-2.509504,8130.85
4882,67195.1827,1488.2019,83.2864,-2.485470,1,-2.519762,80.4788
4883,67201.0955,1488.0710,2494.15,-2.487249,30,-2.521481,2410.22
4884,67211.3939,1487.8430,1657.62,-2.490347,20,-2.524477,1602
4885,67216.8115,1487.7231,661.97,-2.491977,8,-2.526053,639.793
4886,67224.1282,1487.5611,1238.46,-2.494179,15,-2.528182,1197.06
4887,67243.3003,1487.1370,8208.9,-2.499952,100,-2.533762,7935.99
4888,67257.3170,1486.8271,81.7431,-2.504174,1,-2.537844,79.0366
4889,67266.2274,1486.6301,1630.48,-2.506859,20,-2.540440,1576.63
4890,67270.3967,1486.5380,407.108,-2.508115,5,-2.541655,393.68
4891,67320.8004,1485.4250,16038.6,-2.523317,200,-2.556351,15517.5
4892,67343.1594,1484.9318,1593.07,-2.530068,20,-2.562876,1541.65
4893,67355.4360,1484.6612,3967.94,-2.533776,50,-2.566460,3840.35
4894,67371.9132,1484.2981,23689.4,-2.538755,300,-2.571273,22931.4
4895,67375.8710,1484.2109,236.611,-2.539951,3,-2.572430,229.049
4896,67383.3636,1484.0458,236.075,-2.542216,3,-2.574619,228.549
4897,67393.3934,1483.8250,549.175,-2.545249,7,-2.577550,531.719
4898,67403.7031,1483.5980,782.093,-2.548367,10,-2.580565,757.312
4899,67407.7941,1483.5080,390.563,-2.549605,5,-2.581761,378.203
4900,67409.5162,1483.4701,624.575,-2.550126,8,-2.582264,604.821
4901,67412.7005,1483.4000,779.966,-2.551089,10,-2.583196,755.322
4902,67446.2459,1482.6622,231.626,-2.561244,3,-2.593011,224.384
4903,67449.7655,1482.5848,771.263,-2.562310,10,-2.594041,747.175
4904,67451.4346,1482.5482,77.0874,-2.562816,1,-2.594530,74.681
4905,67457.4019,1482.4170,1538.96,-2.564624,20,-2.596277,1491.01
4906,67470.6011,1482.1270,766.41,-2.568623,10,-2.600142,742.63
4907,67489.8694,1481.7039,228.584,-2.574464,3,-2.605787,221.535
4908,67494.1921,1481.6090,76.0948,-2.575775,1,-2.607054,73.7515
4909,67500.2961,1481.4750,531.679,-2.577626,7,-2.608843,515.338
4910,67513.1385,1481.1932,378.294,-2.581522,5,-2.612608,366.715
4911,67516.3309,1481.1231,377.928,-2.582491,5,-2.613544,366.372
4912,67520.3405,1481.0352,3019.74,-2.583707,40,-2.614720,2927.53
4913,67524.0897,1480.9530,226.223,-2.584845,3,-2.615820,219.323
4914,67543.5137,1480.5271,149.929,-2.590742,2,-2.621519,145.385
4915,67563.3182,1480.0931,745.148,-2.596757,10,-2.627332,722.711
4916,67569.7111,1479.9531,743.702,-2.598700,10,-2.629209,721.355
4917,67572.7222,1479.8871,2972.09,-2.599615,40,-2.630093,2882.87
4918,67574.4685,1479.8489,148.526,-2.600146,2,-2.630606,144.07
4919,67581.4957,1479.6950,1482.09,-2.602281,20,-2.632670,1437.73
4920,67588.1700,1479.5489,739.541,-2.604310,10,-2.634630,717.455
4921,67599.5334,1479.3002,147.398,-2.607766,2,-2.637969,143.013
4922,67607.0293,1479.1361,735.312,-2.610045,10,-2.640172,713.49
4923,67609.4480,1479.0832,1469.54,-2.610781,20,-2.640883,1425.97
4924,67614.4338,1478.9742,146.732,-2.612298,2,-2.642349,142.388
4925,67620.7968,1478.8350,366.119,-2.614234,5,-2.644220,355.304
4926,67630.7166,1478.6181,219.009,-2.617253,3,-2.647137,212.561
4927,67632.8199,1478.5721,583.651,-2.617893,8,-2.647755,566.48
4928,67634.8856,1478.5269,1458.21,-2.618522,20,-2.648363,1415.34
4929,67639.0377,1478.4362,728.185,-2.619786,10,-2.649584,706.806
4930,67644.1752,1478.3239,1454.09,-2.621350,20,-2.651095,1411.48
4931,67647.4157,1478.2531,726.33,-2.622336,10,-2.652049,705.066
4932,67653.5048,1478.1200,7249.84,-2.624191,100,-2.653840,7038.04
4933,67656.8012,1478.0480,1448.51,-2.625195,20,-2.654811,1406.24
4934,67660.0426,1477.9772,1447.08,-2.626182,20,-2.655764,1404.9
4935,67675.0203,1477.6501,576.198,-2.630745,8,-2.660173,559.489
4936,67679.1938,1477.5590,431.599,-2.632017,6,-2.661402,419.101
4937,67681.6167,1477.5061,215.64,-2.632755,3,-2.662116,209.401
4938,67699.8090,1477.1090,1072.24,-2.638301,15,-2.667474,1041.41
4939,67702.6988,1477.0460,499.938,-2.639182,7,-2.668326,485.578
4940,67712.0038,1476.8430,2136.52,-2.642020,30,-2.671067,2075.35
4941,67724.7059,1476.5660,141.884,-2.645895,2,-2.674811,137.84
4942,67727.0005,1476.5160,708.922,-2.646595,10,-2.675488,688.732
4943,67738.1023,1476.2740,14130.5,-2.649983,200,-2.678761,13729.6
4944,67759.8109,1475.8010,280.743,-2.656611,4,-2.685164,272.84
4945,67764.4419,1475.7002,700.865,-2.658025,10,-2.686531,681.169
4946,67770.7904,1475.5620,699.507,-2.659964,10,-2.688404,679.894
4947,67773.2741,1475.5079,1397.95,-2.660723,20,-2.689137,1358.79
4948,67777.7201,1475.4111,13960.6,-2.662081,200,-2.690449,13570.1
4949,67838.2826,1474.0939,3426.1,-2.680600,50,-2.708339,3332.37
4950,67842.0056,1474.0130,6844.4,-2.681739,100,-2.709440,6657.41
4951,67850.9859,1473.8179,13651.2,-2.684488,200,-2.712095,13279.5
4952,67855.4958,1473.7200,272.648,-2.685868,4,-2.713429,265.236
4953,67871.8921,1473.3640,135.641,-2.690889,2,-2.718278,131.977
4954,67881.5162,1473.1551,135.242,-2.693837,2,-2.721126,131.601
4955,67888.8943,1472.9950,67.4683,-2.696097,1,-2.723310,65.6571
4956,67913.7364,1472.4562,66.9565,-2.703712,1,-2.730664,65.176
4957,67919.4702,1472.3319,1336.78,-2.705470,20,-2.732362,1301.31
4958,67928.2245,1472.1421,66.6597,-2.708154,1,-2.734956,64.8969
4959,67930.0798,1472.1019,133.244,-2.708723,2,-2.735505,129.722
4960,67939.6238,1471.8951,199.281,-2.711651,3,-2.738333,194.034
4961,67945.5310,1471.7671,1989.2,-2.713464,30,-2.740084,1936.95
4962,67957.0287,1471.5181,198.22,-2.716992,3,-2.743492,193.036
4963,67969.1858,1471.2549,329.135,-2.720724,5,-2.747096,320.569
4964,67985.2143,1470.9081,196.512,-2.725646,3,-2.751850,191.429
4965,67989.9821,1470.8049,5232.64,-2.727111,80,-2.753265,5097.56
4966,68012.2168,1470.3241,649.627,-2.733943,10,-2.759863,633.004
4967,68015.1286,1470.2611,1298.09,-2.734838,20,-2.760728,1264.91
4968,68025.1235,1470.0451,194.116,-2.737910,3,-2.763695,189.175
4969,68032.4334,1469.8872,129.12,-2.740158,2,-2.765866,125.843
4970,68043.4478,1469.6492,128.684,-2.743545,2,-2.769137,125.432
4971,68049.8394,1469.5112,449.508,-2.745511,7,-2.771036,438.18
4972,68056.4199,1469.3691,192.257,-2.747536,3,-2.772991,187.424
4973,68078.0679,1468.9019,3819.6,-2.754198,60,-2.779426,3724.45
4974,68083.7688,1468.7789,635.484,-2.755954,10,-2.781121,619.69
4975,68093.3102,1468.5730,316.81,-2.758892,5,-2.783958,308.967
4976,68101.3845,1468.3989,12640.9,-2.761379,200,-2.786360,12329
4977,68109.3486,1468.2272,1260.99,-2.763832,20,-2.788729,1229.99
4978,68133.9063,1467.6980,6257.43,-2.771400,100,-2.796037,6105.15
4979,68136.3179,1467.6461,187.583,-2.772144,3,-2.796755,183.023
4980,68138.6914,1467.5950,624.821,-2.772875,10,-2.797462,609.646
4981,68147.3217,1467.4091,249.264,-2.775536,4,-2.800032,243.233
4982,68154.8416,1467.2472,186.515,-2.777856,3,-2.802271,182.016
4983,68159.2142,1467.1531,434.615,-2.779204,7,-2.803573,424.152
4984,68162.5690,1467.0809,620.237,-2.780239,10,-2.804573,605.326
4985,68167.6781,1466.9709,123.852,-2.781815,2,-2.806095,120.881
4986,68197.9310,1466.3201,61.3505,-2.791153,1,-2.815111,59.8981
4987,68212.3100,1466.0110,61.0787,-2.795593,1,-2.819398,59.6418
4988,68213.5741,1465.9839,61.0548,-2.795983,1,-2.819775,59.6194
4989,68217.5196,1465.8991,121.961,-2.797202,2,-2.820952,119.098
4990,68249.3189,1465.2161,120.768,-2.807028,2,-2.830440,117.974
4991,68253.6070,1465.1240,12060.8,-2.808354,200,-2.831720,11782.3
4992,68258.4059,1465.0210,12043,-2.809838,200,-2.833152,11765.4
4993,68266.2292,1464.8531,180.208,-2.812257,3,-2.835488,176.07
4994,68271.4073,1464.7420,299.866,-2.813858,5,-2.837034,292.996
4995,68282.5976,1464.5020,3585.95,-2.817320,60,-2.840376,3504.22
4996,68287.3437,1464.4002,59.6782,-2.818788,1,-2.841794,58.321
4997,68305.4036,1464.0130,2373.82,-2.824377,40,-2.847190,2320.28
4998,68314.1810,1463.8249,5918.46,-2.827095,100,-2.849813,5785.51
4999,68317.3977,1463.7560,591.256,-2.828091,10,-2.850775,577.995
5000,68326.8216,1463.5541,23581.3,-2.831009,400,-2.853592,23054.8
5001,68337.1935,1463.3320,11752.9,-2.834221,200,-2.856694,11491.7
5002,68341.8129,1463.2331,23472.1,-2.835652,400,-2.858075,22951.6
5003,68366.7157,1462.7001,1746.87,-2.843370,30,-2.865526,1708.6
5004,68372.0956,1462.5850,1162.64,-2.845038,20,-2.867136,1137.23
5005,68392.2016,1462.1550,2888.54,-2.851272,50,-2.873155,2826.02
5006,68398.5704,1462.0189,57.6567,-2.853248,1,-2.875062,56.4126
5007,68417.4188,1461.6161,5732.05,-2.859096,100,-2.880708,5609.51
5008,68422.6721,1461.5039,57.2271,-2.860727,1,-2.882282,56.0068
5009,68427.3009,1461.4050,228.58,-2.862164,4,-2.883669,223.717
5010,68436.0477,1461.2182,113.98,-2.864879,2,-2.886290,111.566
5011,68463.5118,1460.6321,113.012,-2.873409,2,-2.894524,110.651
5012,68472.5124,1460.4401,112.696,-2.876206,2,-2.897223,110.352
5013,68482.6923,1460.2230,56.1702,-2.879370,1,-2.900277,55.008
5014,68490.8042,1460.0500,2241.15,-2.881891,40,-2.902711,2194.97
5015,68508.4392,1459.6742,2228.89,-2.887375,40,-2.908004,2183.38
5016,68521.0798,1459.4049,166.511,-2.891307,3,-2.911799,163.133
5017,68524.1789,1459.3389,5545.02,-2.892271,100,-2.912730,5432.72
5018,68528.0204,1459.2571,110.768,-2.893466,2,-2.913884,108.529
5019,68538.5375,1459.0332,55.203,-2.896739,1,-2.917042,54.0934
5020,68550.8454,1458.7712,439.935,-2.900570,8,-2.920740,431.15
5021,68554.1369,1458.7012,109.871,-2.901594,2,-2.921729,107.681
5022,68558.2279,1458.6141,1645.97,-2.902868,30,-2.922958,1613.23
5023,68577.6037,1458.2020,545.356,-2.908902,10,-2.928782,534.621
5024,68580.9924,1458.1300,5447.8,-2.909958,100,-2.929801,5340.77
5025,68592.0938,1457.8940,108.58,-2.913417,2,-2.933139,106.459
5026,68597.2740,1457.7839,542.024,-2.915031,10,-2.934697,531.468
5027,68610.0752,1457.5119,1619.6,-2.919021,30,-2.938548,1588.28
5028,68613.7908,1457.4330,215.696,-2.920179,4,-2.939666,211.534
5029,68617.3729,1457.3569,161.592,-2.921296,3,-2.940744,158.479
5030,68622.0800,1457.2569,268.924,-2.922763,5,-2.942160,263.758
5031,68636.5855,1456.9489,2141.68,-2.927287,40,-2.946526,2100.87
5032,68644.2123,1456.7871,53.4149,-2.929666,1,-2.948822,52.4014
5033,68646.5196,1456.7381,53.3764,-2.930386,1,-2.949517,52.365
5034,68654.2434,1456.5742,106.496,-2.932796,2,-2.951842,104.487
5035,68700.9957,1455.5830,1574.29,-2.947391,30,-2.965928,1545.38
5036,68730.5620,1454.9568,20797.5,-2.956630,400,-2.974843,20422.2
5037,68736.4482,1454.8322,207.593,-2.958470,4,-2.976618,203.86
5038,68739.1608,1454.7748,259.271,-2.959318,5,-2.977436,254.616
5039,68747.3224,1454.6021,258.611,-2.961869,5,-2.979899,253.99
5040,68747.3224,1454.6021,258.611,-2.961869,5,-2.979899,253.99
5041,68763.2477,1454.2652,1029.3,-2.966850,20,-2.984705,1011.09
5042,68774.4157,1454.0291,2051.43,-2.970343,40,-2.988076,2015.37
5043,68778.9106,1453.9341,256.068,-2.971750,5,-2.989433,251.58
5044,68789.7572,1453.7048,357.281,-2.975144,7,-2.992708,351.06
5045,68797.5073,1453.5410,763.747,-2.977570,15,-2.995049,750.513
5046,68803.9381,1453.4052,1524.42,-2.979583,30,-2.996991,1498.11
5047,68818.6775,1453.0939,1011.6,-2.984198,20,-3.001444,994.305
5048,68822.4685,1453.0139,5052.01,-2.985385,100,-3.002590,4965.83
5049,68828.4815,1452.8869,2017,-2.987268,40,-3.004407,1982.73
5050,68843.5555,1452.5688,50.1874,-2.991991,1,-3.008963,49.3428
5051,68847.8479,1452.4782,50.12,-2.993336,1,-3.010261,49.2788
5052,68853.8258,1452.3521,20010.5,-2.995209,400,-3.012069,19675.9
5053,68870.2888,1452.0049,398.149,-3.000369,8,-3.017048,391.564
5054,68880.8144,1451.7831,4960.47,-3.003670,100,-3.020232,4878.99
5055,68900.9901,1451.3580,14787.5,-3.009998,300,-3.026337,14547.9
5056,68908.8179,1451.1931,1475.13,-3.012454,30,-3.028707,1451.35
5057,68919.8898,1450.9600,196.001,-3.015928,4,-3.032059,192.865
5058,68941.7361,1450.5002,97.3309,-3.022786,2,-3.038675,95.7966
5059,68946.3632,1450.4028,194.379,-3.024239,4,-3.040077,191.325
5060,68954.0462,1450.2412,484.777,-3.026652,10,-3.042405,477.2
5061,69021.9775,1448.8139,237.268,-3.048003,5,-3.063002,233.736
5062,69035.7926,1448.5240,472.478,-3.052348,10,-3.067194,465.516
5063,69052.7689,1448.1679,4699.61,-3.057690,100,-3.072347,4631.23
5064,69062.5311,1447.9631,187.408,-3.060763,4,-3.075311,184.701
5065,69079.0941,1447.6160,4660.82,-3.065978,100,-3.080342,4594.36
5066,69094.1225,1447.3011,139.164,-3.070711,3,-3.084907,137.203
5067,69139.0264,1446.3611,45.7363,-3.084862,1,-3.098557,45.1143
5068,69164.8059,1445.8220,2268.3,-3.092992,50,-3.106399,2238.09
5069,69172.6046,1445.6590,181.018,-3.095453,4,-3.108772,178.623
5070,69179.4007,1445.5170,13547.3,-3.097597,300,-3.110840,13369
5071,69190.7942,1445.2790,89.991,-3.101193,2,-3.114308,88.8184
5072,69202.5771,1445.0329,134.485,-3.104912,3,-3.117896,132.751
5073,69225.6695,1444.5509,2225.14,-3.112204,50,-3.124929,2197
5074,69236.2056,1444.3310,88.7098,-3.115532,2,-3.128138,87.5985
5075,69246.9954,1444.1060,884.079,-3.118941,20,-3.131426,873.11
5076,69268.4287,1443.6591,87.811,-3.125715,2,-3.137959,86.7424
5077,69277.5040,1443.4700,17511.9,-3.128584,400,-3.140726,17300.5
5078,69299.8237,1443.0051,43.4718,-3.135643,1,-3.147534,42.9579
5079,69306.5620,1442.8648,130.138,-3.137774,3,-3.149589,128.609
5080,69312.0818,1442.7499,216.518,-3.139521,5,-3.151273,213.988
5081,69334.1869,1442.2899,430.017,-3.146516,10,-3.158020,425.098
5082,69344.0325,1442.0852,300.075,-3.149633,7,-3.161025,296.676
5083,69361.1120,1441.7301,298.456,-3.155041,7,-3.166241,295.133
5084,69377.5774,1441.3879,848.297,-3.160257,20,-3.171270,839.006
5085,69398.7650,1440.9478,842.621,-3.166971,20,-3.177744,833.591
5086,69403.7725,1440.8439,42.0642,-3.168558,1,-3.179275,41.6158
5087,69409.1108,1440.7331,419.931,-3.170250,10,-3.180906,415.48
5088,69433.1688,1440.2338,208.37,-3.177878,5,-3.188262,206.217
5089,69448.2050,1439.9220,1244.27,-3.182648,30,-3.192861,1231.63
5090,69466.6285,1439.5401,4123.39,-3.188494,100,-3.198498,4082.35
5091,69472.4214,1439.4201,411.582,-3.190332,10,-3.200271,407.512
5092,69496.3206,1438.9251,81.6942,-3.197920,2,-3.207586,80.9083
5093,69504.0045,1438.7660,122.243,-3.200360,3,-3.209939,121.077
5094,69506.2806,1438.7189,203.59,-3.201083,5,-3.210636,201.655
5095,69515.3093,1438.5320,812.03,-3.203950,20,-3.213401,804.392
5096,69539.2324,1438.0372,2014.7,-3.211552,50,-3.220730,1996.29
5097,69547.2742,1437.8709,40.1912,-3.214108,1,-3.223194,39.8276
5098,69569.8122,1437.4051,279.33,-3.221273,7,-3.230103,276.874
5099,69638.9987,1435.9770,390.353,-3.243288,10,-3.251328,387.228
5100,69693.9316,1434.8452,1534.33,-3.260789,40,-3.268198,1523
5101,69704.4261,1434.6291,1529.2,-3.264134,40,-3.271423,1518.09
5102,69708.7651,1434.5398,190.886,-3.265517,5,-3.272757,189.509
5103,69725.9116,1434.1871,759.38,-3.270985,20,-3.278028,754.051
5104,69730.6247,1434.0901,379.12,-3.272488,10,-3.279477,376.48
5105,69738.1157,1433.9361,756.43,-3.274878,20,-3.281780,751.227
5106,69785.0862,1432.9709,186.294,-3.289868,5,-3.296230,185.112
5107,69831.6764,1432.0149,183.542,-3.304750,5,-3.310574,182.476
5108,69846.4987,1431.7110,182.675,-3.309487,5,-3.315140,181.645
5109,69854.1472,1431.5542,109.337,-3.311932,3,-3.317497,108.73
5110,69869.2907,1431.2440,725.393,-3.316774,20,-3.322163,721.494
5111,69876.1777,1431.1029,1447.59,-3.318976,40,-3.324286,1439.93
5112,69880.5148,1431.0141,3613.97,-3.320363,100,-3.322437,3606.48
5113,69884.6165,1430.9301,108.277,-3.321675,3,-3.320408,108.414
5114,69903.5211,1430.5431,179.373,-3.327723,5,-3.311073,182.385
5115,69913.9878,1430.3289,715.095,-3.331073,20,-3.305915,733.313
5116,69922.3357,1430.1582,10697.8,-3.333744,300,-3.301806,11045
5117,69948.3123,1429.6271,35.364,-3.342061,1,-3.289050,37.2892
5118,69993.5626,1428.7028,104.565,-3.356557,3,-3.266936,114.369
5119,70027.1230,1428.0181,1379.28,-3.367316,40,-3.250622,1550
5120,70042.2875,1427.7089,686.295,-3.372180,20,-3.243275,780.717
5121,70049.5371,1427.5612,102.705,-3.374505,3,-3.239767,117.519
5122,70076.3978,1427.0140,4178.13,-3.175307,100,-3.226803,3968.42
5123,70122.9262,1426.0671,4269.98,-3.153561,100,-3.204456,4058.1
5124,70186.5166,1424.7751,87.9566,-3.124059,2,-3.174142,83.66
5125,70224.6757,1424.0009,44.7584,-3.106476,1,-3.156076,42.5925
5126,70241.8286,1423.6531,225.561,-3.098601,5,-3.147986,214.693
5127,70254.6728,1423.3929,136.136,-3.092716,3,-3.141940,129.597
5128,70264.8283,1423.1871,182.359,-3.088071,4,-3.137167,173.622
5129,70268.4318,1423.1142,91.3299,-3.086424,2,-3.135475,86.9582
5130,70276.8871,1422.9429,91.6833,-3.082562,2,-3.131509,87.3038
5131,70287.9984,1422.7180,460.745,-3.077495,10,-3.126303,438.797
5132,70296.2398,1422.5512,462.478,-3.073741,10,-3.122446,440.493
5133,70319.5851,1422.0789,140.223,-3.063130,3,-3.111546,133.596
5134,70336.1009,1421.7450,470.924,-3.055643,10,-3.103856,448.758
5135,70341.4951,1421.6360,944.151,-3.053202,20,-3.101348,899.77
5136,70349.2703,1421.4789,47.3738,-3.049685,1,-3.097736,45.1513
5137,70360.0032,1421.2620,4760.4,-3.044838,100,-3.092756,4537.67
5138,70383.1245,1420.7951,721.54,-3.034418,15,-3.082054,687.974
5139,70405.9799,1420.3339,242.996,-3.024150,5,-3.071507,231.756
5140,70419.0114,1420.0711,2444.19,-3.018309,50,-3.065509,2331.51
5141,70421.4950,1420.0210,489.382,-3.017197,10,-3.064367,466.834
5142,70473.8418,1418.9662,350.661,-2.993847,7,-3.040386,334.715
5143,70498.1377,1418.4772,101.275,-2.983064,2,-3.029313,96.6977
5144,70548.8221,1417.4581,51.7835,-2.960685,1,-3.006332,49.4728
5145,70567.5971,1417.0810,1044.25,-2.952433,20,-2.997859,997.875
5146,70582.6308,1416.7792,1051.16,-2.945841,20,-2.991091,1004.65
5147,70613.2326,1416.1652,266.328,-2.932463,5,-2.977355,254.637
5148,70627.7628,1415.8738,53.604,-2.926131,1,-2.970854,51.2595
5149,70633.6322,1415.7562,16122.3,-2.923576,300,-2.968231,15418.2
5150,70701.7059,1414.3930,166.047,-2.894096,3,-2.937967,158.92
5151,70709.8450,1414.2302,111.087,-2.890590,2,-2.934367,106.329
5152,70714.5052,1414.1370,2782.75,-2.888583,50,-2.932308,2663.7
5153,70733.0707,1413.7659,168.303,-2.880604,3,-2.924117,161.136
5154,70737.6732,1413.6739,562.118,-2.878629,10,-2.922090,538.211
5155,70753.4256,1413.3591,282.963,-2.871879,5,-2.915161,270.977
5156,70759.6321,1413.2352,170.229,-2.869223,3,-2.912435,163.03
5157,70780.1796,1412.8249,22897.3,-2.860446,400,-2.903426,21934
5158,70788.6938,1412.6550,287.257,-2.856817,5,-2.899701,275.198
5159,70796.8690,1412.4918,172.955,-2.853336,3,-2.896128,165.71
5160,70806.6290,1412.2971,1157.83,-2.849185,20,-2.891868,1109.45
5161,70817.1731,1412.0869,581.513,-2.844707,10,-2.887272,557.28
5162,70825.3335,1411.9242,1167.06,-2.841245,20,-2.883719,1118.53
5163,70830.6074,1411.8190,1169.67,-2.839010,20,-2.881425,1121.1
5164,70834.9795,1411.7319,5859.19,-2.837159,100,-2.879525,5616.14
5165,70851.6895,1411.3989,590.074,-2.830092,10,-2.872273,565.702
5166,70853.0338,1411.3722,177.123,-2.829524,3,-2.871690,169.81
5167,70862.4852,1411.1839,118.554,-2.825535,2,-2.867596,113.671
5168,70884.5261,1410.7451,598.298,-2.816251,10,-2.858069,573.795
5169,70889.2649,1410.6508,5994.91,-2.814259,100,-2.856024,5749.69
5170,70895.4301,1410.5282,601.046,-2.811669,10,-2.853366,576.499
5171,70906.6985,1410.3040,3623.37,-2.806940,60,-2.848514,3475.82
5172,70931.9974,1409.8010,6103.24,-2.796351,100,-2.837648,5856.33
5173,70936.6810,1409.7079,305.76,-2.794394,5,-2.835640,293.405
5174,70945.3862,1409.5349,184.123,-2.790761,3,-2.831912,176.7
5175,70948.2011,1409.4790,1228.93,-2.789587,20,-2.830708,1179.42
5176,70995.2978,1408.5440,187.984,-2.770013,3,-2.810624,180.502
5177,71011.5851,1408.2209,630.85,-2.763272,10,-2.803708,605.85
5178,71027.5761,1407.9039,127.006,-2.756669,2,-2.796933,121.994
5179,71034.1837,1407.7729,1273.52,-2.753945,20,-2.794139,1223.35
5180,71044.2177,1407.5741,191.82,-2.749812,3,-2.789899,184.282
5181,71048.7116,1407.4851,1921.75,-2.747963,30,-2.788002,1846.32
5182,71055.4230,1407.3521,385.411,-2.745204,6,-2.785172,370.311
5183,71058.9102,1407.2831,643.273,-2.743771,10,-2.783702,618.093
5184,71060.0794,1407.2599,643.582,-2.743291,10,-2.783209,618.397
5185,71062.4984,1407.2120,322.111,-2.742298,5,-2.782190,309.514
5186,71089.3183,1406.6811,977.011,-2.731307,15,-2.770916,939.07
5187,71120.1713,1406.0709,989.394,-2.718713,15,-2.757997,951.28
5188,71146.8239,1405.5441,3333.91,-2.707876,50,-2.746881,3206.38
5189,71152.3988,1405.4340,133.658,-2.705615,2,-2.744561,128.553
5190,71169.3094,1405.1000,67.2886,-2.698764,1,-2.737535,64.7297
5191,71175.6955,1404.9740,2023.88,-2.696181,30,-2.734886,1947.04
5192,71187.1968,1404.7470,20333,-2.691535,300,-2.730121,19563.4
5193,71219.8977,1404.1020,1373.51,-2.678365,20,-2.716613,1321.96
5194,71226.0279,1403.9811,20653.4,-2.675903,300,-2.714088,19879.6
5195,71231.7747,1403.8679,276.015,-2.673596,4,-2.711722,265.689
5196,71245.4766,1403.5979,4163.02,-2.668104,60,-2.706090,4007.85
5197,71260.0938,1403.3100,6979.06,-2.662256,100,-2.700093,6719.92
5198,71267.1613,1403.1708,6998.79,-2.659433,100,-2.697198,6739.41
5199,71280.5701,1402.9068,2814.53,-2.654084,40,-2.691713,2710.59
5200,71288.8969,1402.7430,1411.94,-2.650767,20,-2.688312,1359.91
5201,71296.2120,1402.5991,212.408,-2.647857,3,-2.685327,204.597
5202,71303.3865,1402.4579,568.04,-2.645005,8,-2.682403,547.189
5203,71320.4761,1402.1219,571.906,-2.638223,8,-2.675449,551.007
5204,71324.2882,1402.0469,7159.63,-2.636712,100,-2.673900,6898.27
5205,71325.1602,1402.0298,2148.63,-2.636366,30,-2.673546,2070.21
5206,71338.1808,1401.7739,215.973,-2.631213,3,-2.668262,208.118
5207,71356.9679,1401.4048,290.109,-2.623794,4,-2.660654,279.61
5208,71368.6173,1401.1761,7286.09,-2.619203,100,-2.655947,7023.23
5209,71397.4092,1400.6110,1473.8,-2.607887,20,-2.644346,1421.04
5210,71406.4281,1400.4341,517.658,-2.604351,7,-2.640721,499.169
5211,71410.2681,1400.3588,518.437,-2.602847,7,-2.639179,499.939
5212,71420.4072,1400.1600,223.07,-2.598880,3,-2.635112,215.133
5213,71472.4197,1399.1411,379.395,-2.578614,5,-2.614337,366.082
5214,71488.6173,1398.8241,3054.29,-2.572332,40,-2.607898,2947.57
5215,71495.2120,1398.6951,382.762,-2.569779,5,-2.605280,369.412
5216,71499.1001,1398.6190,3066.71,-2.568274,40,-2.603738,2959.86
5217,71534.9023,1397.9190,155.469,-2.554458,2,-2.589577,150.104
5218,71542.5225,1397.7701,311.85,-2.551526,4,-2.586572,301.111
5219,71560.3968,1397.4210,7849.96,-2.544661,100,-2.579536,7580.92
5220,71564.3311,1397.3442,1572.36,-2.543153,20,-2.577990,1518.53
5221,71570.3252,1397.2271,393.995,-2.540855,5,-2.575635,380.527
5222,71590.0460,1396.8422,555.77,-2.533311,7,-2.567903,536.873
5223,71610.4699,1396.4438,4000.84,-2.525519,50,-2.559918,3865.55
5224,71622.0016,1396.2190,1607.38,-2.521129,20,-2.555419,1553.19
5225,71647.5045,1395.7220,162.302,-2.511445,2,-2.545495,156.868
5226,71650.7931,1395.6580,406.261,-2.510198,5,-2.544218,392.672
5227,71664.9096,1395.3830,653.5,-2.504855,8,-2.538743,631.725
5228,71668.3630,1395.3158,245.383,-2.503549,3,-2.537405,237.214
5229,71674.5138,1395.1961,327.938,-2.501225,4,-2.535024,317.039
5230,71695.6914,1394.7840,826.418,-2.493239,10,-2.526841,799.111
5231,71699.0856,1394.7179,1654.95,-2.491961,20,-2.525532,1600.32
5232,71705.9156,1394.5851,4977.62,-2.489392,60,-2.522899,4813.6
5233,71705.9156,1394.5851,4977.62,-2.489392,60,-2.522899,4813.6
5234,71708.2265,1394.5401,166.065,-2.488523,2,-2.522009,160.596
5235,71713.6262,1394.4351,249.604,-2.486494,3,-2.519930,241.396
5236,71719.3949,1394.3230,1667.63,-2.484328,20,-2.517710,1612.88
5237,71737.8716,1393.9639,1679.22,-2.477401,20,-2.510614,1624.37
5238,71740.9004,1393.9050,336.225,-2.476268,4,-2.509452,325.251
5239,71760.4095,1393.5260,169.343,-2.468977,2,-2.501983,163.845
5240,71764.2181,1393.4521,8479.19,-2.467555,100,-2.500527,8204.18
5241,71796.5226,1392.8251,8581.76,-2.455531,100,-2.488209,8305.86
5242,71805.4992,1392.6510,258.312,-2.452200,3,-2.484796,250.028
5243,71820.1356,1392.3672,86.5722,-2.446776,1,-2.479240,83.8069
5244,71903.0226,1390.7621,267.763,-2.416267,3,-2.447990,259.402
5245,71923.4443,1390.3672,8992.28,-2.408804,100,-2.440346,8713.07
5246,71926.8767,1390.3009,180.071,-2.407551,2,-2.439064,174.485
5247,71937.8315,1390.0892,451.979,-2.403558,5,-2.434974,438
5248,71953.5188,1389.7861,636.392,-2.397850,7,-2.429129,616.795
5249,71963.7813,1389.5879,9125.27,-2.394123,100,-2.425312,8845.05
5250,71981.8024,1389.2400,642.955,-2.387591,7,-2.418622,623.309
5251,72025.1979,1388.4030,186.601,-2.371927,2,-2.402583,180.968
5252,72042.3162,1388.0731,93.8766,-2.365774,1,-2.396283,91.0558
5253,72045.9015,1388.0040,93.9975,-2.364487,1,-2.394965,91.1759
5254,72057.7924,1387.7750,3775.96,-2.360224,40,-2.390600,3662.99
5255,72084.1197,1387.2681,381.168,-2.350809,4,-2.380961,369.847
5256,72090.9879,1387.1359,191.052,-2.348359,2,-2.378452,185.388
5257,72141.5905,1386.1630,291.778,-2.330376,3,-2.360042,283.249
5258,72178.2359,1385.4592,492.632,-2.317431,5,-2.346791,478.378
5259,72219.4202,1384.6691,299.887,-2.302962,3,-2.331981,291.31
5260,72264.9898,1383.7959,1015.66,-2.287047,10,-2.315692,986.978
5261,72272.2991,1383.6560,30547.4,-2.284504,300,-2.313090,29686.5
5262,72274.8048,1383.6080,203.827,-2.283633,2,-2.312198,198.087
5263,72340.5213,1382.3511,208.515,-2.260890,2,-2.288924,202.751
5264,72348.7972,1382.1930,209.11,-2.258040,2,-2.286008,203.343
5265,72356.5346,1382.0452,104.834,-2.255379,1,-2.283285,101.949
5266,72364.8760,1381.8859,210.269,-2.252514,2,-2.280353,204.496
5267,72368.5277,1381.8161,421.066,-2.251260,4,-2.279071,409.517
5268,72387.9143,1381.4461,10596.8,-2.244616,100,-2.272273,10307.8
5269,72400.3307,1381.2092,1064.19,-2.240371,10,-2.267929,1035.26
5270,72458.1608,1380.1068,4341.36,-2.220692,40,-2.247796,4225.27
5271,72465.9793,1379.9579,326.465,-2.218044,3,-2.245087,317.755
5272,72548.6774,1378.3849,111.894,-2.190207,1,-2.216612,108.978
5273,72569.3701,1377.9918,1690.05,-2.183292,15,-2.209539,1646.27
5274,72599.2267,1377.4251,2275.92,-2.173349,20,-2.199371,2217.46
5275,72633.7791,1376.7699,1726.6,-2.161894,15,-2.187656,1682.69
5276,72672.7223,1376.0321,932.759,-2.149050,8,-2.174522,909.3
5277,72674.8322,1375.9922,466.703,-2.148356,4,-2.173812,454.973
5278,72682.5002,1375.8470,116.97,-2.145836,1,-2.171235,114.037
5279,72747.4870,1374.6179,2389.65,-2.124586,20,-2.149508,2330.83
5280,72769.6722,1374.1989,240.694,-2.117375,2,-2.142137,234.807
5281,72783.4274,1373.9391,1208.85,-2.112916,10,-2.137578,1179.4
5282,72879.7083,1372.1240,374.063,-2.081943,3,-2.105917,365.202
5283,72917.1175,1371.4201,12618.3,-2.070020,100,-2.093733,12322.6
5284,72927.7671,1371.2198,253.222,-2.066638,2,-2.090276,247.306
5285,72967.6115,1370.4711,1923.26,-2.054027,15,-2.077389,1878.85
5286,72985.8221,1370.1291,257.911,-2.048287,2,-2.071523,251.988
5287,73064.1090,1368.6610,13215.5,-2.023777,100,-2.046480,12918.9
5288,73113.8354,1367.7302,671.051,-2.008348,5,-2.030718,656.206
5289,73165.6856,1366.7609,409.113,-1.992375,3,-2.014402,400.2
5290,73178.4828,1366.5219,410.722,-1.988451,3,-2.010394,401.808
5291,73185.4312,1366.3922,27439.8,-1.986323,200,-2.008221,26845.5
5292,73279.1242,1364.6451,141.164,-1.957834,1,-1.979126,138.19
5293,73293.2439,1364.3822,283.533,-1.953573,2,-1.974776,277.585
5294,73297.5005,1364.3030,141.949,-1.952291,1,-1.973466,138.974
5295,73366.4961,1363.0200,289.831,-1.931605,2,-1.952346,283.881
5296,73397.0211,1362.4531,5849.53,-1.922518,40,-1.943069,5730.55
5297,73401.4349,1362.3712,2928.6,-1.921207,20,-1.941731,2869.11
5298,73415.3598,1362.1128,147.036,-1.917078,1,-1.937515,144.062
5299,73431.5163,1361.8131,295.482,-1.912296,2,-1.932634,289.533
5300,73579.0827,1359.0819,462.774,-1.869128,3,-1.888577,453.861
5301,73583.3651,1359.0028,4633.48,-1.867889,30,-1.887312,4544.35
5302,73625.0770,1358.2329,312.638,-1.855858,2,-1.875036,306.699
5303,73720.0417,1356.4832,32123.4,-1.828731,200,-1.847362,31530.5
5304,73727.0085,1356.3550,321.87,-1.826756,2,-1.845347,315.941
5305,73779.8874,1355.3829,163.356,-1.811824,1,-1.830117,160.395
5306,73789.0878,1355.2139,491.337,-1.809238,3,-1.827479,482.455
5307,73810.8120,1354.8151,329.56,-1.803144,2,-1.821264,323.642
5308,73855.4057,1353.9970,333.688,-1.790695,2,-1.808569,327.777
5309,73877.0108,1353.6011,1678.49,-1.784692,10,-1.802448,1648.95
5310,73901.5864,1353.1509,506.985,-1.777886,3,-1.795508,498.129
5311,73910.5309,1352.9872,338.826,-1.775415,2,-1.792989,332.924
5312,73926.3889,1352.6969,102093,-1.771042,600,-1.788530,100324
5313,73936.5401,1352.5112,51189.5,-1.768248,300,-1.785681,50304.9
5314,74024.4387,1350.9052,174.781,-1.744222,1,-1.761188,171.841
5315,74056.1930,1350.3260,1762.92,-1.735616,10,-1.752417,1733.54
5316,74064.6943,1350.1710,3533.94,-1.733319,20,-1.750076,3475.21
5317,74088.3330,1349.7402,177.827,-1.726946,1,-1.743581,174.893
5318,74095.0309,1349.6182,1247.03,-1.725145,7,-1.741745,1226.5
5319,74110.6271,1349.3341,1252.27,-1.720956,7,-1.737476,1231.75
5320,74125.7326,1349.0592,898.103,-1.716908,5,-1.733351,883.457
5321,74210.7899,1347.5129,1837.32,-1.694278,10,-1.710293,1808.13
5322,74220.9821,1347.3279,921.137,-1.691585,5,-1.707549,906.548
5323,74230.1171,1347.1621,5540.16,-1.689174,30,-1.705093,5452.66
5324,74339.8193,1345.1741,19004.9,-1.660475,100,-1.675859,18714.7
5325,74344.6256,1345.0871,38057.2,-1.659228,200,-1.674589,37477
5326,74365.8064,1344.7040,956.662,-1.653743,5,-1.669003,942.174
5327,74386.8883,1344.3229,1923.77,-1.648300,10,-1.663460,1894.82
5328,74468.2030,1342.8550,1964.28,-1.627461,10,-1.642242,1935.46
5329,74501.2770,1342.2589,19808.6,-1.619056,100,-1.633684,19520.9
5330,74693.1982,1338.8100,831.292,-1.571068,4,-1.584843,819.92
5331,74706.7011,1338.5680,417.031,-1.567742,2,-1.581459,411.35
5332,74768.1335,1337.4682,8467.09,-1.552693,40,-1.566148,8353.93
5333,74898.8374,1335.1342,21846.7,-1.521120,100,-1.534034,21566.4
5334,74907.3159,1334.9831,2189.1,-1.519093,10,-1.531973,2161.09
5335,74916.9797,1334.8109,438.832,-1.516785,2,-1.529626,433.233
5336,74973.6355,1333.8022,4447.8,-1.503322,20,-1.515936,4392.05
5337,75054.8352,1332.3592,226.679,-1.484220,1,-1.496518,223.909
5338,75103.8236,1331.4901,229.281,-1.472806,1,-1.484916,226.521
5339,75132.3203,1330.9851,13848,-1.466204,60,-1.478206,13682.8
5340,75218.5745,1329.4589,235.419,-1.446389,1,-1.458072,232.685
5341,75275.5878,1328.4519,7154.69,-1.433430,30,-1.444906,7073.05
5342,75289.4767,1328.2069,1196.2,-1.430289,5,-1.441716,1182.61
5343,75462.8776,1325.1549,994.689,-1.391619,4,-1.402444,983.98
5344,75494.7803,1324.5949,12521,-1.384613,50,-1.395331,12387.6
5345,75621.4431,1322.3762,257.401,-1.357119,1,-1.367425,254.762
5346,75670.4302,1321.5202,1300.58,-1.346624,5,-1.356775,1287.45
5347,75766.5226,1319.8441,265.468,-1.326260,1,-1.336115,262.865
5348,75769.2891,1319.7959,265.623,-1.325678,1,-1.335525,263.02
5349,75946.3613,1316.7188,826.7,-1.288926,3,-1.298256,819.023
5350,75972.6009,1316.2640,277.049,-1.283562,1,-1.292819,274.496
5351,76011.1825,1315.5959,279.231,-1.275715,1,-1.284864,276.688
5352,76070.3214,1314.5731,565.171,-1.263773,2,-1.272762,560.114
5353,76095.6186,1314.1361,5680.47,-1.258698,20,-1.267618,5630.03
5354,76127.7134,1313.5821,2858.5,-1.252286,10,-1.261122,2833.36
5355,76130.2761,1313.5379,571.993,-1.251776,2,-1.260605,566.965
5356,76139.6437,1313.3763,1432.65,-1.249911,5,-1.258715,1420.09
5357,76199.9982,1312.3360,2029.83,-1.237960,7,-1.246608,2012.35
5358,76279.2849,1310.9719,294.515,-1.222424,1,-1.230873,292.038
5359,76283.5894,1310.8979,589.524,-1.221586,2,-1.230024,584.571
5360,76317.9945,1310.3070,593.475,-1.214907,2,-1.223261,588.538
5361,76335.8146,1310.0011,297.762,-1.211462,1,-1.219772,295.298
5362,76345.7202,1309.8311,596.663,-1.209550,2,-1.217837,591.739
5363,76418.8915,1308.5770,605.093,-1.195520,2,-1.203633,600.204
5364,76438.9183,1308.2341,607.404,-1.191708,2,-1.199774,602.525
5365,76498.5076,1307.2150,6142.92,-1.180431,20,-1.188362,6094.4
5366,76545.0718,1306.4198,309.843,-1.171691,1,-1.179517,307.427
5367,76576.0081,1305.8920,311.636,-1.165918,1,-1.173677,309.228
5368,76583.1051,1305.7710,312.048,-1.164598,1,-1.172341,309.641
5369,76591.7911,1305.6229,312.552,-1.162984,1,-1.170708,310.147
5370,76716.4804,1303.5009,639.608,-1.140047,2,-1.147509,634.853
5371,76748.2762,1302.9609,964.972,-1.134268,3,-1.141666,957.86
5372,76752.8028,1302.8840,965.764,-1.133448,3,-1.140837,958.655
5373,76763.8855,1302.6959,3225.68,-1.131442,10,-1.138808,3202
5374,76886.5892,1300.6169,16486.9,-1.109456,50,-1.116584,16369.8
5375,76906.2124,1300.2851,992.661,-1.105978,3,-1.113070,985.646
5376,76934.2718,1299.8108,9975.91,-1.101024,30,-1.108064,9905.93
5377,76958.1864,1299.4069,3339.32,-1.096818,10,-1.103814,3316.04
5378,76970.8690,1299.1928,669.351,-1.094594,2,-1.101567,664.7
5379,77000.4941,1298.6930,13456.5,-1.089416,40,-1.096336,13363.7
5380,77004.2204,1298.6301,33663.2,-1.088766,100,-1.095679,33431.2
5381,77017.2815,1298.4099,674.796,-1.086492,2,-1.093382,670.163
5382,77033.3653,1298.1388,3383.42,-1.083698,10,-1.090560,3360.28
5383,77051.8094,1297.8281,1018.27,-1.080502,3,-1.087332,1011.34
5384,77191.8873,1295.4729,10429.8,-1.056529,30,-1.063124,10361.3
5385,77228.4194,1294.8601,699.623,-1.050361,2,-1.056899,695.064
5386,77252.5216,1294.4561,702.461,-1.046312,2,-1.052812,697.91
5387,77273.6014,1294.1030,1057.42,-1.042783,3,-1.049250,1050.6
5388,77277.1888,1294.0429,3526.84,-1.042183,10,-1.048645,3504.12
5389,77334.7967,1293.0790,1780.4,-1.032602,5,-1.038977,1769.08
5390,77372.0801,1292.4559,1074.83,-1.026448,3,-1.032768,1068.06
5391,77395.6755,1292.0619,359.669,-1.022571,1,-1.028857,357.415
5392,77453.0959,1291.1040,7261.13,-1.013197,20,-1.019402,7216.21
5393,77453.0959,1291.1040,7261.13,-1.013197,20,-1.019402,7216.21
5394,77530.3841,1289.8169,367.618,-1.000711,1,-1.006812,365.382
5395,77579.5847,1288.9989,741.045,-0.992842,2,-0.998878,736.585
5396,77655.6769,1287.7359,750.029,-0.980790,2,-0.986732,745.586
5397,77704.0016,1286.9350,113360,-0.973211,300,-0.979095,112695
5398,77728.4732,1286.5298,15172.5,-0.969395,40,-0.975251,15083.9
5399,77746.4084,1286.2331,380.371,-0.966608,1,-0.972443,378.158
5400,77880.2182,1284.0231,3882.68,-0.946060,10,-0.951749,3860.65
5401,78223.1332,1278.3942,1225.39,-0.895355,3,-0.900734,1218.81
5402,78264.0298,1277.7262,821.729,-0.889492,2,-0.894839,817.347
5403,78274.6284,1277.5532,20574.3,-0.887978,50,-0.893318,20464.8
5404,78291.0010,1277.2860,12373.4,-0.885646,30,-0.890973,12307.7
5405,78312.3994,1276.9370,413.703,-0.882606,1,-0.887918,411.511
5406,78319.7704,1276.8168,828.271,-0.881562,2,-0.886869,823.887
5407,78332.3261,1276.6122,829.744,-0.879785,2,-0.885083,825.36
5408,78349.8198,1276.3271,415.898,-0.877316,1,-0.882602,413.705
5409,78388.2814,1275.7009,418.151,-0.871912,1,-0.877172,415.958
5410,78436.0348,1274.9242,8418.94,-0.865248,20,-0.870478,8375.03
5411,78532.3182,1273.3611,2132.87,-0.851968,5,-0.857141,2121.87
5412,78560.7036,1272.9010,8564.62,-0.848092,20,-0.853250,8520.57
5413,78565.7033,1272.8200,428.523,-0.847411,1,-0.852566,426.32
5414,78573.7215,1272.6901,1286.97,-0.846321,3,-0.851471,1280.36
5415,78620.4228,1271.9341,4317.12,-0.839996,10,-0.845123,4295.05
5416,78626.9162,1271.8291,432.09,-0.839121,1,-0.844244,429.882
5417,78771.2230,1269.4991,440.476,-0.819899,1,-0.824958,438.253
5418,78780.7917,1269.3449,441.031,-0.818640,1,-0.823696,438.807
5419,78787.8017,1269.2320,882.875,-0.817719,2,-0.822772,878.425
5420,78813.4345,1268.8192,885.844,-0.814361,2,-0.819405,881.388
5421,78859.1211,1268.0841,445.566,-0.808411,1,-0.813438,443.331
5422,78877.8376,1267.7832,17865.9,-0.805986,40,-0.811007,17776.4
5423,78911.9725,1267.2348,897.237,-0.801582,2,-0.806593,892.753
5424,78943.4153,1266.7301,900.865,-0.797548,2,-0.802549,896.37
5425,79009.1726,1265.6758,9084.37,-0.789177,20,-0.794161,9039.2
5426,79029.7035,1265.3470,2276.99,-0.786582,5,-0.791562,2265.68
5427,79029.7035,1265.3470,2276.99,-0.786582,5,-0.791562,2265.68
5428,79100.0957,1264.2210,4594.38,-0.777751,10,-0.782717,4571.62
5429,79145.9148,1263.4891,9241.22,-0.772058,20,-0.777016,9195.52
5430,79159.3932,1263.2740,9256.64,-0.770392,20,-0.775347,9210.88
5431,79166.5249,1263.1602,463.239,-0.769511,1,-0.774466,460.95
5432,79247.4023,1261.8710,9357.07,-0.759601,20,-0.764546,9310.91
5433,79302.7051,1260.9910,9419.98,-0.752900,20,-0.757841,9373.54
5434,79381.0133,1259.7471,1901.76,-0.743516,4,-0.748455,1892.39
5435,79437.0100,1258.8591,1914.42,-0.736881,4,-0.741820,1904.99
5436,79443.6288,1258.7542,478.978,-0.736101,1,-0.741040,476.618
5437,79447.0347,1258.7002,958.34,-0.735700,2,-0.740639,953.618
5438,79495.3002,1257.9360,481.89,-0.730040,1,-0.734981,479.515
5439,79501.6882,1257.8349,4822.49,-0.729294,10,-0.734235,4798.72
5440,79594.8956,1256.3620,9749.63,-0.718503,20,-0.723453,9701.49
5441,79651.5802,1255.4679,490.651,-0.712023,1,-0.716980,488.224
5442,79670.9934,1255.1620,1475.2,-0.709818,3,-0.714778,1467.9
5443,79686.6800,1254.9149,2463.04,-0.708041,5,-0.713004,2450.85
5444,79812.4805,1252.9369,3497.15,-0.693962,7,-0.698950,3479.75
5445,79812.4805,1252.9369,3497.15,-0.693962,7,-0.698950,3479.75
5446,79978.4268,1250.3372,10174.6,-0.675842,20,-0.680877,10123.5
5447,79987.8297,1250.1902,5092.43,-0.674831,10,-0.679868,5066.84
5448,80062.4345,1249.0252,1539.95,-0.666862,3,-0.671926,1532.17
5449,80201.4760,1246.8598,2604.28,-0.652280,5,-0.657400,2590.99
5450,80287.6907,1245.5209,2627.49,-0.643411,5,-0.648570,2613.96
5451,80342.6320,1244.6692,1056.88,-0.637827,2,-0.643014,1051.41
5452,80472.0869,1242.6669,535.327,-0.624878,1,-0.630134,532.52
5453,80578.4170,1241.0271,2704.67,-0.614457,5,-0.619777,2690.32
5454,80679.8285,1239.4672,3823.69,-0.604695,7,-0.610081,3803.15
5455,80774.9913,1238.0069,2204.72,-0.595692,4,-0.601143,2192.74
5456,80777.0072,1237.9760,1102.57,-0.595502,2,-0.600955,1096.58
5457,80867.1683,1236.5958,555.93,-0.587112,1,-0.592631,552.871
5458,80931.8874,1235.6069,11184.9,-0.581171,20,-0.586739,11122.8
5459,80947.4818,1235.3689,560.039,-0.579749,1,-0.585330,556.922
5460,80994.6856,1234.6489,562.44,-0.575470,1,-0.581089,559.289
5461,81002.2170,1234.5341,1688.47,-0.574791,3,-0.580415,1679
5462,81014.2233,1234.3512,563.431,-0.573710,1,-0.579344,560.266
5463,81027.4194,1234.1501,1692.3,-0.572524,3,-0.578169,1682.77
5464,81045.8866,1233.8689,1695.1,-0.570869,3,-0.576529,1685.53
5465,81045.8866,1233.8689,1695.1,-0.570869,3,-0.576529,1685.53
5466,81065.3196,1233.5731,566.016,-0.569134,1,-0.574810,562.812
5467,81087.0902,1233.2419,567.113,-0.567197,1,-0.572891,563.893
5468,81171.5989,1231.9580,571.353,-0.559748,1,-0.565515,568.067
5469,81301.5279,1229.9892,1733.43,-0.548511,3,-0.554397,1723.26
5470,81318.7970,1229.7280,11573.2,-0.547037,20,-0.552939,11505.1
5471,81392.7955,1228.6100,5822.98,-0.540773,10,-0.546746,5788.31
5472,81428.7875,1228.0669,1168.11,-0.537756,2,-0.543764,1161.12
5473,81698.3313,1224.0152,2985.19,-0.515773,5,-0.522060,2966.49
5474,81749.3801,1223.2509,599.458,-0.511730,1,-0.518072,595.668
5475,81762.4805,1223.0549,600.077,-0.510698,1,-0.517055,596.274
5476,81799.7943,1222.4970,6018.34,-0.507773,10,-0.514172,5979.96
5477,81818.7223,1222.2141,1205.45,-0.506297,2,-0.512717,1197.73
5478,81821.4841,1222.1729,602.853,-0.506082,1,-0.512505,598.993
5479,81940.4874,1220.3979,608.401,-0.496922,1,-0.503482,604.423
5480,81948.4810,1220.2789,2435.08,-0.496313,4,-0.502883,2419.14
5481,81968.8950,1219.9750,1219.43,-0.494764,2,-0.501358,1211.42
5482,82000.8138,1219.5001,611.186,-0.492354,1,-0.498985,607.147
5483,82020.4719,1219.2078,12241.8,-0.490876,20,-0.497531,12160.6
5484,82065.8959,1218.5330,1228.34,-0.487482,2,-0.494192,1220.13
5485,82074.6345,1218.4032,2458.28,-0.486833,4,-0.493553,2441.81
5486,82125.8070,1217.6440,24676,-0.483050,40,-0.489832,24509.2
5487,82137.3310,1217.4732,1852.27,-0.482202,3,-0.488999,1839.72
5488,82157.8724,1217.1688,2473.41,-0.480697,4,-0.487519,2456.59
5489,82165.0105,1217.0631,618.675,-0.480175,1,-0.487006,614.463
5490,82237.1087,1215.9961,1243.84,-0.474944,2,-0.481865,1235.26
5491,82334.2053,1214.5620,626.249,-0.468008,1,-0.475054,621.851
5492,82489.8043,1212.2710,633.084,-0.457152,1,-0.464404,628.509
5493,82504.6293,1212.0532,1267.46,-0.456134,2,-0.463406,1258.27
5494,82508.3911,1211.9979,633.892,-0.455876,1,-0.463154,629.296
5495,82515.4778,1211.8938,38052,-0.455391,60,-0.462678,37775.7
5496,82568.8102,1211.1111,1909.52,-0.451760,3,-0.459120,1895.52
5497,82608.3053,1210.5320,1914.62,-0.449095,3,-0.456508,1900.47
5498,82633.8258,1210.1582,2557.2,-0.447383,4,-0.454832,2538.22
5499,82639.3006,1210.0780,12790.7,-0.447017,20,-0.454473,12695.6
5500,82699.9142,1209.1911,1284.23,-0.442988,2,-0.450530,1274.58
5501,82717.2190,1208.9381,1285.7,-0.441847,2,-0.449412,1276.01
5502,82729.7665,1208.7548,1286.76,-0.441021,2,-0.448605,1277.04
5503,82729.7665,1208.7548,1286.76,-0.441021,2,-0.448605,1277.04
5504,82762.8147,1208.2721,1289.55,-0.438856,2,-0.446487,1279.74
5505,82780.5769,1208.0128,25820.8,-0.437698,40,-0.445354,25623.9
5506,82941.0940,1205.6750,1304.39,-0.427411,2,-0.435300,1294.14
5507,82952.3827,1205.5109,13053.2,-0.426699,20,-0.434605,12950.4
5508,82987.6141,1204.9991,13082.1,-0.424488,20,-0.432446,12978.4
5509,83021.2289,1204.5112,2621.91,-0.422392,4,-0.430400,2601
5510,83051.0987,1204.0780,32834.6,-0.420541,50,-0.428594,32571.2
5511,83056.4854,1203.9999,2627.64,-0.420209,4,-0.428269,2606.54
5512,83060.2025,1203.9460,1314.12,-0.419979,2,-0.428045,1303.56
5513,83094.5830,1203.4479,1316.9,-0.417865,2,-0.425984,1306.25
5514,83107.1294,1203.2662,658.957,-0.417098,1,-0.425235,653.616
5515,83118.1971,1203.1060,6594.02,-0.416422,10,-0.424576,6540.47
5516,83121.7921,1203.0539,1319.09,-0.416203,2,-0.424362,1308.37
5517,83125.7182,1202.9971,659.704,-0.415963,1,-0.424129,654.34
5518,83133.1934,1202.8890,660.005,-0.415508,1,-0.423685,654.63
5519,83159.0310,1202.5152,1322.08,-0.413941,2,-0.422157,1311.26
5520,83162.6284,1202.4632,3305.92,-0.413723,5,-0.421945,3278.85
5521,83167.7731,1202.3888,2645.56,-0.413412,4,-0.421642,2623.88
5522,83194.7626,1201.9987,662.466,-0.411786,1,-0.420057,657.009
5523,83272.3245,1200.8792,665.538,-0.407160,1,-0.415550,659.977
5524,83294.1106,1200.5651,1999.19,-0.405872,3,-0.414297,1982.41
5525,83315.6988,1200.2540,3336.21,-0.404603,5,-0.413061,3308.11
5526,83319.2260,1200.2032,3336.9,-0.404396,5,-0.412860,3308.78
5527,83323.6083,1200.1401,5340.41,-0.404139,8,-0.412610,5295.37
5528,83328.6871,1200.0669,3338.75,-0.403841,5,-0.412320,3310.56
5529,83438.8889,1198.4819,1344.05,-0.397457,2,-0.406111,1332.47
5530,83444.6747,1198.3988,26890,-0.397126,40,-0.405789,26658
5531,83481.5884,1197.8689,2021,-0.395021,3,-0.403742,2003.45
5532,83496.7854,1197.6509,1348.49,-0.394158,2,-0.402904,1336.75
5533,83501.1006,1197.5890,33720.6,-0.393914,50,-0.402667,33426.7
5534,83506.9719,1197.5048,20239.1,-0.393582,30,-0.402344,20062.5
5535,83542.2722,1196.9988,675.979,-0.391593,1,-0.400412,670.044
5536,83549.6713,1196.8928,6762.6,-0.391178,10,-0.400009,6703.14
5537,83576.1945,1196.5130,677.264,-0.389694,1,-0.398569,671.28
5538,83633.5851,1195.6919,2717.69,-0.386511,4,-0.395479,2693.43
5539,83730.3697,1194.3098,13660.5,-0.381225,20,-0.390352,13536.4
5540,83836.7820,1192.7939,2060.78,-0.375528,3,-0.384834,2041.69
5541,83859.4076,1192.4721,687.748,-0.374333,1,-0.383676,681.352
5542,83889.3065,1192.0470,10332.4,-0.372761,15,-0.382155,10235.8
5543,83906.2822,1191.8059,68944.2,-0.371873,100,-0.381296,68297.6
5544,84024.2954,1190.1320,6936.55,-0.365781,10,-0.375405,6870.11
5545,84030.5847,1190.0429,69387.7,-0.365461,100,-0.375096,68722.4
5546,84091.3312,1189.1832,13920.3,-0.362385,20,-0.372125,13785.4
5547,84131.0238,1188.6222,2092.2,-0.360396,3,-0.370204,2071.78
5548,84204.2103,1187.5891,10499,-0.356769,15,-0.366706,10395.2
5549,84212.6358,1187.4703,2800.9,-0.356355,4,-0.366306,2773.16
5550,84216.3277,1187.4182,700.351,-0.356174,1,-0.366132,693.412
5551,84233.5058,1187.1760,1401.88,-0.355333,2,-0.365320,1387.95
5552,84341.0791,1185.6619,704.596,-0.350131,1,-0.360308,697.461
5553,84378.5820,1185.1349,1411.71,-0.348344,2,-0.358588,1397.32
5554,84402.0022,1184.8060,706.639,-0.347235,1,-0.357521,699.408
5555,84474.0093,1183.7961,709.029,-0.343859,1,-0.354274,701.683
5556,84477.2168,1183.7511,709.134,-0.343710,1,-0.354131,701.783
5557,84528.7878,1183.0289,710.828,-0.341325,1,-0.351838,703.394
5558,84545.5841,1182.7939,14227.5,-0.340553,20,-0.351097,14078.3
5559,84555.5085,1182.6551,10675.5,-0.340098,15,-0.350660,10563.3
5560,84571.9736,1182.4248,4273.41,-0.339346,6,-0.349938,4228.39
5561,84602.2170,1182.0021,2139.65,-0.337971,3,-0.348618,2116.99
5562,84612.9758,1181.8518,1427.13,-0.337484,2,-0.348150,1411.99
5563,84616.4000,1181.8040,713.674,-0.337330,1,-0.348002,706.098
5564,84744.6090,1180.0161,57421.2,-0.331613,80,-0.342520,56798.3
5565,84761.1229,1179.7862,2873.14,-0.330888,4,-0.341825,2841.89
5566,84764.5076,1179.7391,2873.57,-0.330739,4,-0.341683,2842.29
5567,84849.8892,1178.5519,2163.18,-0.327032,3,-0.338133,2139.3
5568,84879.5710,1178.1398,28879.2,-0.325759,40,-0.336915,28558.8
5569,84888.7860,1178.0119,3611.32,-0.325365,5,-0.336538,3571.19
5570,84896.0720,1177.9108,3612.44,-0.325054,5,-0.336241,3572.26
5571,84897.8733,1177.8858,14450.9,-0.324977,20,-0.336167,14290.1
5572,84994.4048,1176.5480,3627.45,-0.320907,5,-0.332277,3586.44
5573,85060.1981,1175.6380,7274.72,-0.318179,10,-0.329673,7191.59
5574,85073.2148,1175.4581,727.862,-0.317644,1,-0.329162,719.526
5575,85076.6978,1175.4100,727.966,-0.317501,1,-0.329026,719.624
5576,85092.5678,1175.1908,7284.39,-0.316852,10,-0.328406,7200.71
5577,85263.9142,1172.8291,22004,-0.309973,30,-0.321853,21744.1
5578,85390.7689,1171.0868,2948.37,-0.305042,4,-0.317164,2912.85
5579,85428.9028,1170.5640,7381.67,-0.303586,10,-0.315781,7292.19
5580,85535.5933,1169.1040,7411.33,-0.299575,10,-0.311976,7319.99
5581,85704.1981,1166.8040,7457.06,-0.293423,10,-0.306152,7362.75
5582,85804.0749,1165.4458,2245.05,-0.289886,3,-0.302810,2216.22
5583,85862.0272,1164.6592,749.86,-0.287868,1,-0.300906,740.147
5584,85925.0308,1163.8052,3005.94,-0.285704,4,-0.298866,2966.63
5585,85960.5839,1163.3239,2257.18,-0.284497,3,-0.297728,2227.51
5586,86093.1962,1161.5320,5290.09,-0.280075,7,-0.293570,5219.18
5587,86098.5201,1161.4601,6046.87,-0.279901,8,-0.293405,5965.76
5588,86140.6725,1160.8918,1513.8,-0.278524,2,-0.292113,1493.37
5589,86145.9168,1160.8211,2271.09,-0.278354,3,-0.291953,2240.41
5590,86153.6288,1160.7172,7572.18,-0.278104,10,-0.291718,7469.79
5591,86176.5077,1160.4091,3031.11,-0.277364,4,-0.291024,2989.99
5592,86220.4156,1159.8181,15176.9,-0.275956,20,-0.289703,14969.7
5593,86244.2960,1159.4970,7594.23,-0.275196,10,-0.288991,7490.19
5594,86290.8880,1158.8709,760.542,-0.273725,1,-0.287612,750.052
5595,86339.2217,1158.2222,3808.45,-0.272215,5,-0.286199,3755.57
5596,86358.4811,1157.9639,1524.29,-0.271618,2,-0.285640,1503.07
5597,86362.3313,1157.9122,30489.5,-0.271498,40,-0.285529,30064.7
5598,86409.5914,1157.2789,15266.9,-0.270046,20,-0.284171,15052.8
5599,86474.5130,1156.4101,11472.7,-0.268076,15,-0.282331,11310.4
5600,86514.8286,1155.8712,2297.33,-0.266867,3,-0.281203,2264.63
5601,86524.1172,1155.7471,30639.5,-0.266590,40,-0.280945,30202.8
5602,86532.5080,1155.6351,1532.36,-0.266340,2,-0.280712,1510.49
5603,86602.2037,1154.7050,767.755,-0.264285,1,-0.278797,756.693
5604,86615.6209,1154.5262,768.055,-0.263893,1,-0.278432,756.969
5605,86648.2871,1154.0909,768.785,-0.262944,1,-0.277549,757.638
5606,86670.4217,1153.7962,3846.38,-0.262306,5,-0.276955,3790.44
5607,86779.4104,1152.3471,7716.63,-0.259207,10,-0.274077,7602.74
5608,86811.4213,1151.9222,1544.71,-0.258312,2,-0.273246,1521.81
5609,86815.8873,1151.8629,2317.35,-0.258188,3,-0.273131,2282.98
5610,86826.8064,1151.7180,3863.42,-0.257884,5,-0.272850,3806.04
5611,86840.9907,1151.5299,7729.89,-0.257491,10,-0.272485,7614.85
5612,86845.2056,1151.4740,7730.79,-0.257374,10,-0.272377,7615.67
5613,86884.2965,1150.9560,1547.82,-0.256299,2,-0.271381,1524.65
5614,86917.3816,1150.5179,15492.2,-0.255396,20,-0.270545,15259.3
5615,86959.8311,1149.9562,23265,-0.254248,30,-0.269484,22913.2
5616,86976.1910,1149.7399,15516.8,-0.253809,20,-0.269077,15281.7
5617,87018.5808,1149.1799,3883.59,-0.252679,5,-0.268033,3824.41
5618,87033.7953,1148.9790,7770.31,-0.252276,10,-0.267661,7651.67
5619,87044.6165,1148.8361,77725.3,-0.251990,100,-0.267397,76536.9
5620,87070.6140,1148.4931,15555.7,-0.251306,20,-0.266766,15317
5621,87097.6973,1148.1360,3891.67,-0.250599,5,-0.266114,3831.76
5622,87205.4838,1146.7169,780.494,-0.247828,1,-0.263562,768.31
5623,87209.8908,1146.6589,780.582,-0.247716,1,-0.263459,768.389
5624,87214.3829,1146.5999,780.671,-0.247602,1,-0.263354,768.469
5625,87233.6983,1146.3460,3124.21,-0.247114,4,-0.262906,3075.26
5626,87255.4788,1146.0598,781.48,-0.246566,1,-0.262402,769.201
5627,87270.0068,1145.8691,3127.06,-0.246203,4,-0.262068,3077.83
5628,87301.4851,1145.4559,7823.77,-0.245419,10,-0.261349,7700.12
5629,87319.7823,1145.2159,782.731,-0.244966,1,-0.260933,770.332
5630,87357.1679,1144.7258,7834.51,-0.244047,10,-0.260090,7709.82
5631,87411.8998,1144.0090,784.494,-0.242716,1,-0.258871,771.922
5632,87417.4009,1143.9370,3138.39,-0.242584,4,-0.258750,3088.06
5633,87425.1129,1143.8361,1569.49,-0.242398,2,-0.258580,1544.3
5634,87462.8961,1143.3420,39272.7,-0.241492,50,-0.257751,38639.4
5635,87470.3945,1143.2440,785.595,-0.241314,1,-0.257588,772.914
5636,87487.5208,1143.0202,1571.83,-0.240907,2,-0.257216,1546.4
5637,87496.7119,1142.9001,15721.7,-0.240689,20,-0.257017,15467.1
5638,87505.2963,1142.7880,7862.45,-0.240486,10,-0.256832,7734.98
5639,87512.7992,1142.6900,15727.7,-0.240309,20,-0.256670,15472.5
5640,87564.7711,1142.0118,15746.8,-0.239092,20,-0.255559,15489.7
5641,87575.7980,1141.8680,1575.09,-0.238836,2,-0.255325,1549.33
5642,87581.3975,1141.7950,15752.9,-0.238706,20,-0.255207,15495.1
5643,87588.9086,1141.6971,31511.3,-0.238532,40,-0.255048,30995.2
5644,87606.7100,1141.4651,3152.43,-0.238121,4,-0.254674,3100.68
5645,87610.2293,1141.4192,788.171,-0.238040,1,-0.254600,775.227
5646,87622.2993,1141.2620,2365.17,-0.237763,3,-0.254347,2326.27
5647,87630.3755,1141.1568,1577.07,-0.237578,2,-0.254178,1551.11
5648,87687.5193,1140.4131,157912,-0.236279,200,-0.252996,155294
5649,87705.9073,1140.1741,23696.6,-0.235864,30,-0.252619,23302.9
5650,87733.0836,1139.8209,7903.69,-0.235255,10,-0.252066,7771.94
5651,87743.3077,1139.6881,7905.49,-0.235027,10,-0.251858,7773.55
5652,87777.4198,1139.2452,791.147,-0.234271,1,-0.251172,777.889
5653,87789.3848,1139.0899,2374.07,-0.234007,3,-0.250932,2334.23
5654,87799.5687,1138.9578,2374.6,-0.233783,3,-0.250729,2334.7
5655,87810.0221,1138.8222,1583.43,-0.233554,2,-0.250521,1556.79
5656,87818.5111,1138.7121,63349,-0.233368,80,-0.250353,62282.1
5657,87855.6179,1138.2311,1585,-0.232561,2,-0.249621,1558.19
5658,87882.2786,1137.8858,23788.7,-0.231985,30,-0.249100,23385.1
5659,87888.2083,1137.8091,39653,-0.231858,50,-0.248984,38979.6
5660,87895.5699,1137.7138,79318.4,-0.231700,100,-0.248841,77970.4
5661,87935.5073,1137.1971,15877.2,-0.230847,20,-0.248071,15606.1
5662,87962.1984,1136.8520,2382.93,-0.230282,3,-0.247560,2342.11
5663,87973.2770,1136.7088,39724.7,-0.230049,50,-0.247349,39043.4
5664,87979.5203,1136.6282,6356.79,-0.229918,8,-0.247231,6247.68
5665,87985.4956,1136.5510,794.698,-0.229792,1,-0.247118,781.049
5666,87990.6875,1136.4839,3179.14,-0.229684,4,-0.247019,3124.5
5667,88033.8163,1135.9271,15910,-0.228785,20,-0.246209,15635.2
5668,88040.9729,1135.8348,795.617,-0.228637,1,-0.246075,781.863
5669,88054.9929,1135.6539,795.847,-0.228348,1,-0.245815,782.067
5670,88084.9175,1135.2681,7963.37,-0.227733,10,-0.245261,7825
5671,88105.4102,1135.0041,239001,-0.227315,300,-0.244885,234838
5672,88125.0751,1134.7508,6375.9,-0.226916,8,-0.244526,6264.61
5673,88147.5060,1134.4620,3189.39,-0.226463,4,-0.244119,3133.58
5674,88160.2338,1134.2983,39877.6,-0.226207,50,-0.243889,39178.7
5675,88223.6270,1133.4832,23956.8,-0.224945,30,-0.242756,23533.9
5676,88240.0810,1133.2719,15976.4,-0.224621,20,-0.242465,15693.8
5677,88272.8764,1132.8508,31973.3,-0.223979,40,-0.241890,31405.7
5678,88341.3185,1131.9731,800.39,-0.222656,1,-0.240706,786.073
5679,88361.1732,1131.7188,1601.39,-0.222276,2,-0.240366,1572.68
5680,88373.7180,1131.5581,8008.86,-0.222037,10,-0.240153,7865.07
5681,88395.2071,1131.2831,6409.69,-0.221630,8,-0.239790,6294.35
5682,88418.2801,1130.9878,12023.4,-0.221195,15,-0.239402,11806.5
5683,88436.6270,1130.7532,1603.67,-0.220851,2,-0.239095,1574.68
5684,88444.3920,1130.6539,801.952,-0.220706,1,-0.238966,787.442
5685,88467.1728,1130.3628,2406.88,-0.220282,3,-0.238588,2363.22
5686,88483.5967,1130.1530,2407.61,-0.219978,3,-0.238317,2363.86
5687,88504.5025,1129.8860,2408.54,-0.219593,3,-0.237974,2364.67
5688,88512.4100,1129.7851,8029.62,-0.219447,10,-0.237845,7883.25
5689,88569.7142,1129.0541,803.801,-0.218404,1,-0.236918,789.056
5690,88595.0804,1128.7308,804.168,-0.217947,1,-0.236512,789.376
5691,88702.2749,1127.3668,32227.8,-0.216049,40,-0.234831,31628.2
5692,88722.7130,1127.1071,3223.93,-0.215693,4,-0.234517,3163.81
5693,88728.7893,1127.0299,1612.14,-0.215588,2,-0.234424,1582.05
5694,88746.7224,1126.8022,4031.59,-0.215277,5,-0.234150,3956.22
5695,88760.8226,1126.6232,1613.03,-0.215035,2,-0.233935,1582.83
5696,88787.7064,1126.2821,2420.66,-0.214574,3,-0.233529,2375.2
5697,88799.8322,1126.1283,242116,-0.214367,300,-0.233347,237564
5698,88815.0838,1125.9349,3229.04,-0.214108,4,-0.233118,3168.24
5699,88818.2179,1125.8951,4036.52,-0.214055,5,-0.233072,3960.48
5700,88831.6258,1125.7252,16149.7,-0.213828,20,-0.232872,15845.1
5701,88841.8138,1125.5961,16152.5,-0.213657,20,-0.232721,15847.5
5702,88853.9872,1125.4419,4038.96,-0.213452,5,-0.232541,3962.59
5703,88860.8298,1125.3552,807.884,-0.213337,1,-0.232440,792.597
5704,88915.1177,1124.6681,24258.4,-0.212434,30,-0.231646,23796.8
5705,88939.0067,1124.3661,808.931,-0.212041,1,-0.231301,793.5
5706,88966.8775,1124.0138,809.3,-0.211585,1,-0.230902,793.817
5707,88974.3026,1123.9200,12141,-0.211465,15,-0.230796,11908.5
5708,88991.0940,1123.7080,809.618,-0.211192,1,-0.230557,794.091
5709,88995.9131,1123.6471,2429.04,-0.211114,3,-0.230489,2382.44
5710,89039.0175,1123.1031,1620.49,-0.210422,2,-0.229883,1589.25
5711,89043.9271,1123.0412,810.306,-0.210343,1,-0.229814,794.681
5712,89062.8115,1122.8031,2431.65,-0.210042,3,-0.229552,2384.67
5713,89095.9050,1122.3860,5676.82,-0.209519,7,-0.229095,5566.77
5714,89126.1770,1122.0048,32454.4,-0.209045,40,-0.228681,31823.3
5715,89170.1071,1121.4521,2435.74,-0.208363,3,-0.228087,2388.16
5716,89196.9095,1121.1151,4061.24,-0.207951,5,-0.227729,3981.7
5717,89229.3928,1120.7069,2437.95,-0.207455,3,-0.227298,2390.05
5718,89239.7244,1120.5772,1625.55,-0.207299,2,-0.227162,1593.58
5719,89248.8119,1120.4631,812.889,-0.207161,1,-0.227043,796.887
5720,89261.8030,1120.3000,3252.19,-0.206965,4,-0.226873,3188.09
5721,89265.2190,1120.2572,813.09,-0.206914,1,-0.226828,797.058
5722,89309.7976,1119.6980,1627.26,-0.206247,2,-0.226251,1595.04
5723,89314.7254,1119.6362,24410.7,-0.206174,30,-0.226187,23927.1
5724,89314.7254,1119.6362,24410.7,-0.206174,30,-0.226187,23927.1
5725,89321.2021,1119.5550,813.77,-0.206078,1,-0.226104,797.635
5726,89327.9912,1119.4699,8138.51,-0.205977,10,-0.226017,7977.04
5727,89346.2770,1119.2408,32562.8,-0.205708,40,-0.225784,31915.6
5728,89353.2925,1119.1529,32566.2,-0.205604,40,-0.225695,31918.5
5729,89361.1955,1119.0540,81424.9,-0.205488,100,-0.225595,79804.2
5730,89387.6196,1118.7232,3258.26,-0.205103,4,-0.225261,3193.23
5731,89404.8087,1118.5081,24443,-0.204853,30,-0.225046,23954.4
5732,89413.8290,1118.3952,12223.1,-0.204722,15,-0.224933,11978.5
5733,89443.2867,1118.0269,6521.75,-0.204298,8,-0.224568,6390.89
5734,89447.2869,1117.9769,16305.3,-0.204241,20,-0.224519,15978
5735,89453.1118,1117.9041,4076.67,-0.204158,5,-0.224447,3994.79
5736,89461.2012,1117.8030,8154.28,-0.204042,10,-0.224347,7990.38
5737,89485.4748,1117.4998,4894.26,-0.203697,6,-0.224050,4795.65
5738,89485.4748,1117.4998,4894.26,-0.203697,6,-0.224050,4795.65
5739,89507.0906,1117.2299,2447.88,-0.203392,3,-0.223788,2398.45
5740,89551.0935,1116.6809,24493.8,-0.202775,30,-0.223259,23997.2
5741,89564.3142,1116.5161,2449.84,-0.202592,3,-0.223101,2400.1
5742,89575.0840,1116.3819,24502,-0.202442,30,-0.222973,24004.1
5743,89575.0840,1116.3819,24502,-0.202442,30,-0.222973,24004.1
5744,89584.5260,1116.2642,2450.52,-0.202312,3,-0.222862,2400.68
5745,89594.5852,1116.1389,40847.7,-0.202173,50,-0.222743,40016
5746,89627.8124,1115.7251,12259.9,-0.201718,15,-0.222353,12009.5
5747,89640.1959,1115.5710,24523.9,-0.201550,30,-0.222209,24022.4
5748,89651.6030,1115.4290,8175.89,-0.201395,10,-0.222077,8008.54
5749,89657.7084,1115.3531,817.657,-0.201312,1,-0.222007,800.91
5750,89693.1864,1114.9119,49082.8,-0.200835,60,-0.221599,48074.2
5751,89719.8085,1114.5811,24550.1,-0.200480,30,-0.221297,24044.4
5752,89731.4924,1114.4359,818.465,-0.200325,1,-0.221164,801.585
5753,89748.2232,1114.2282,16372.9,-0.200104,20,-0.220976,16034.7
5754,89786.5089,1113.7531,8190.57,-0.199601,10,-0.220549,8020.78
5755,89807.8014,1113.4890,8192.84,-0.199324,10,-0.220314,8022.67
5756,89850.0910,1112.9649,8197.31,-0.198779,10,-0.219851,8026.38
5757,89881.0094,1112.5821,8200.55,-0.198384,10,-0.219517,8029.06
5758,89883.6888,1112.5489,4100.41,-0.198350,5,-0.219488,4014.65
5759,89895.7127,1112.4001,820.208,-0.198198,1,-0.219359,803.033
5760,89906.3936,1112.2679,24609.6,-0.198062,30,-0.219245,24093.7
5761,89914.9749,1112.1618,8204.07,-0.197954,10,-0.219154,8031.98
5762,89924.0086,1112.0501,4102.5,-0.197841,5,-0.219058,4016.38
5763,89935.9901,1111.9019,8206.24,-0.197690,10,-0.218931,8033.77
5764,89946.8142,1111.7681,32829.4,-0.197555,40,-0.218817,32138.8
5765,89952.8065,1111.6941,82079.6,-0.197480,100,-0.218754,80351.9
5766,89965.3724,1111.5388,16418.5,-0.197324,20,-0.218622,16072.5
5767,89970.5209,1111.4752,8209.77,-0.197260,10,-0.218568,8036.69
5768,89978.7952,1111.3730,2463.18,-0.197158,3,-0.218482,2411.21
5769,89994.9038,1111.1740,41061.2,-0.196959,50,-0.218314,40193.6
5770,89999.5139,1111.1171,821.271,-0.196902,1,-0.218267,803.911
5771,90006.1791,1111.0348,821.338,-0.196820,1,-0.218198,803.966
5772,90017.2791,1110.8978,821.45,-0.196684,1,-0.218083,804.059
5773,90036.8874,1110.6559,821.647,-0.196445,1,-0.217882,804.22
5774,90047.9033,1110.5200,164351,-0.196311,200,-0.217770,160862
5775,90076.1195,1110.1722,24661.1,-0.195970,30,-0.217483,24136.2
5776,90083.4213,1110.0822,822.109,-0.195882,1,-0.217410,804.6
5777,90106.2267,1109.8012,4111.67,-0.195609,5,-0.217181,4023.92
5778,90128.8127,1109.5231,12338.3,-0.195340,15,-0.216956,12074.5
5779,90158.6260,1109.1562,164569,-0.194987,200,-0.216661,161041
5780,90170.4187,1109.0112,16459.2,-0.194849,20,-0.216546,16105.9
5781,90181.1789,1108.8788,8230.63,-0.194723,10,-0.216440,8053.81
5782,90186.2045,1108.8170,411556,-0.194664,500,-0.216391,402710
5783,90194.9955,1108.7090,16463.9,-0.194562,20,-0.216306,16109.8
5784,90199.9731,1108.6478,2469.73,-0.194504,3,-0.216258,2416.58
5785,90243.3248,1108.1152,4941.93,-0.194003,6,-0.215840,4835.18
5786,90252.8823,1107.9979,32949.8,-0.193893,40,-0.215749,32237.5
5787,90259.9746,1107.9108,65905,-0.193812,80,-0.215681,64479.4
5788,90259.9746,1107.9108,65905,-0.193812,80,-0.215681,64479.4
5789,90262.4011,1107.8810,16476.7,-0.193784,20,-0.215658,16120.2
5790,90290.5113,1107.5361,82409.9,-0.193464,100,-0.215393,80622.5
5791,90326.4021,1107.0960,16488.7,-0.193059,20,-0.215057,16129.9
5792,90338.4881,1106.9479,1649.09,-0.192924,2,-0.214945,1613.17
5793,90354.2203,1106.7552,2474.07,-0.192748,3,-0.214799,2420.11
5794,90369.5907,1106.5669,65986.4,-0.192577,80,-0.214658,64545.4
5795,90381.3676,1106.4227,16498.8,-0.192447,20,-0.214550,16138.1
5796,90388.0269,1106.3412,8249.99,-0.192373,10,-0.214489,8069.53
5797,90390.4976,1106.3110,24750.6,-0.192346,30,-0.214467,24209.1
5798,90395.3101,1106.2521,2475.19,-0.192293,3,-0.214423,2421.02
5799,90411.0051,1106.0600,3300.83,-0.192121,4,-0.214281,3228.49
5800,90419.0119,1105.9621,165056,-0.192033,200,-0.214208,161436
5801,90436.0169,1105.7541,4952.6,-0.191848,6,-0.214056,4843.82
5802,90457.4769,1105.4918,1651.25,-0.191615,2,-0.213864,1614.92
5803,90466.1214,1105.3862,66056.1,-0.191522,80,-0.213787,64601.6
5804,90480.2088,1105.2141,16516.5,-0.191370,20,-0.213662,16152.4
5805,90510.5985,1104.8430,1.65219e+06,-0.191045,2000,-0.213395,1.61567e+06
5806,90520.5958,1104.7210,8261.83,-0.190938,10,-0.213308,8079.08
5807,90536.6737,1104.5248,33053,-0.190768,40,-0.213168,32320.8
5808,90547.8031,1104.3890,3305.69,-0.190651,4,-0.213072,3232.39
5809,90565.5109,1104.1731,1653.15,-0.190464,2,-0.212919,1616.44
5810,90597.7785,1103.7798,16537.1,-0.190128,20,-0.212644,16168.9
5811,90607.6088,1103.6601,33077.5,-0.190026,40,-0.212560,32340.5
5812,90612.1181,1103.6051,8269.77,-0.189979,10,-0.212522,8085.42
5813,90616.4000,1103.5530,16540.3,-0.189935,20,-0.212486,16171.4
5814,90632.7259,1103.3542,4135.76,-0.189766,5,-0.212349,4043.41
5815,90646.6165,1103.1851,6618.16,-0.189624,8,-0.212232,6470.22
5816,90649.5022,1103.1500,12409.4,-0.189594,15,-0.212208,12131.9
5817,90658.9729,1103.0348,330950,-0.189497,400,-0.212129,323544
5818,90666.9166,1102.9381,827.442,-0.189416,1,-0.212063,808.914
5819,90698.3244,1102.5562,16554.1,-0.189098,20,-0.211804,16182.5
5820,90711.8202,1102.3922,165564,-0.188962,200,-0.211693,161843
5821,90749.1149,1101.9391,16562.5,-0.188589,20,-0.211391,16189.2
5822,90764.1094,1101.7571,82825,-0.188440,100,-0.211270,80955.5
5823,90772.1045,1101.6600,828.316,-0.188361,1,-0.211206,809.607
5824,90781.8186,1101.5422,828.395,-0.188265,1,-0.211128,809.67
5825,90853.5030,1100.6730,33159,-0.187565,40,-0.210563,32405.1
5826,90863.9937,1100.5459,829.059,-0.187464,1,-0.210482,810.194
5827,90863.9937,1100.5459,829.059,-0.187464,1,-0.210482,810.194
5828,90866.5696,1100.5147,1658.16,-0.187439,2,-0.210462,1620.42
5829,90876.9724,1100.3888,3316.65,-0.187339,4,-0.210381,3241.1
5830,90917.8309,1099.8943,3317.94,-0.186950,4,-0.210068,3242.12
5831,90925.3850,1099.8029,165909,-0.186878,200,-0.210011,162115
5832,90942.4950,1099.5960,3318.72,-0.186717,4,-0.209881,3242.72
5833,90950.0109,1099.5051,16594.7,-0.186646,20,-0.209825,16214.5
5834,90959.6088,1099.3891,5808.68,-0.186556,7,-0.209752,5675.49
5835,90988.0912,1099.0449,33201.3,-0.186290,40,-0.209540,32438.3
5836,90993.3904,1098.9809,2490.22,-0.186241,3,-0.209500,2432.97
5837,91013.7743,1098.7348,830.23,-0.186053,1,-0.209350,811.112
5838,91027.1869,1098.5729,33213.3,-0.185929,40,-0.209251,32447.7
5839,91027.1869,1098.5729,33213.3,-0.185929,40,-0.209251,32447.7
5840,91032.7177,1098.5061,3321.5,-0.185878,4,-0.209211,3244.9
5841,91050.1212,1098.2962,33220.3,-0.185719,40,-0.209084,32453.1
5842,91054.5177,1098.2431,16610.8,-0.185679,20,-0.209052,16227.1
5843,91061.0882,1098.1639,1661.18,-0.185619,2,-0.209004,1622.78
5844,91077.4110,1097.9671,830.713,-0.185471,1,-0.208886,811.488
5845,91108.2922,1097.5949,83094.4,-0.185193,100,-0.208665,81166.7
5846,91145.4036,1097.1480,41561,-0.184861,50,-0.208402,40594
5847,91161.4251,1096.9552,831.337,-0.184720,1,-0.208290,811.972
5848,91180.0772,1096.7308,16629.5,-0.184555,20,-0.208160,16241.5
5849,91180.0772,1096.7308,16629.5,-0.184555,20,-0.208160,16241.5
5850,91210.3200,1096.3672,8316.94,-0.184290,10,-0.207951,8122.47
5851,91230.8023,1096.1210,83184.2,-0.184113,100,-0.207810,81236.1
5852,91234.2097,1096.0801,41593.3,-0.184083,50,-0.207787,40619
5853,91252.8795,1095.8558,24960,-0.183922,30,-0.207660,24374.5
5854,91260.3766,1095.7658,83205.4,-0.183858,100,-0.207609,81252.4
5855,91275.2827,1095.5869,49929.6,-0.183730,60,-0.207509,48756.4
5856,91275.2827,1095.5869,49929.6,-0.183730,60,-0.207509,48756.4
5857,91281.4214,1095.5132,24966.1,-0.183677,30,-0.207468,24379.2
5858,91290.6016,1095.4030,12484,-0.183599,15,-0.207406,12190.3
5859,91330.2036,1094.9280,66603.9,-0.183264,80,-0.207143,65032.3
5860,91334.3864,1094.8779,24977.3,-0.183229,30,-0.207116,24387.8
5861,91338.2085,1094.8321,832.604,-0.183197,1,-0.207091,812.946
5862,91343.6221,1094.7672,12489.6,-0.183151,15,-0.207055,12194.6
5863,91354.4915,1094.6369,832.718,-0.183060,1,-0.206984,813.033
5864,91367.0936,1094.4859,24984.2,-0.182955,30,-0.206902,24393
5865,91386.3865,1094.2549,66635.1,-0.182795,80,-0.206777,65056.1
5866,91402.8191,1094.0582,2499.16,-0.182659,3,-0.206671,2439.86
5867,91418.5244,1093.8702,8331.6,-0.182530,10,-0.206570,8133.69
5868,91441.0167,1093.6011,833.313,-0.182346,1,-0.206427,813.486
5869,91447.7106,1093.5211,66668.7,-0.182292,80,-0.206384,65081.6
5870,91470.1209,1093.2532,66680.8,-0.182110,80,-0.206243,65090.8
5871,91475.8148,1093.1851,50012.9,-0.182064,60,-0.206208,48819.9
5872,91498.8250,1092.9102,16674,-0.181879,20,-0.206064,16275.6
5873,91530.7713,1092.5288,1667.83,-0.181624,2,-0.205867,1627.88
5874,91530.7713,1092.5288,1667.83,-0.181624,2,-0.205867,1627.88
5875,91534.7840,1092.4809,5003.65,-0.181592,6,-0.205842,4883.77
5876,91547.8265,1092.3252,16680.5,-0.181489,20,-0.205762,16280.5
5877,91547.8265,1092.3252,16680.5,-0.181489,20,-0.205762,16280.5
5878,91549.8746,1092.3008,16680.8,-0.181473,20,-0.205750,16280.7
5879,91549.8746,1092.3008,16680.8,-0.181473,20,-0.205750,16280.7
5880,91572.4048,1092.0320,1668.38,-0.181296,2,-0.205613,1628.3
5881,91576.5101,1091.9831,2502.65,-0.181263,3,-0.205588,2442.5
5882,91602.2826,1091.6759,834.384,-0.181062,1,-0.205433,814.295
5883,91612.4144,1091.5551,25033.5,-0.180983,30,-0.205373,24430.3
5884,91618.9832,1091.4769,58414.4,-0.180933,70,-0.205334,57006.3
5885,91622.9098,1091.4301,25035.5,-0.180902,30,-0.205310,24431.8
5886,91634.4111,1091.2931,1669.18,-0.180813,2,-0.205242,1628.9
5887,91634.4111,1091.2931,1669.18,-0.180813,2,-0.205242,1628.9
5888,91650.8882,1091.0969,834.697,-0.180687,1,-0.205145,814.529
5889,91655.0882,1091.0469,1669.45,-0.180655,2,-0.205120,1629.1
5890,91669.4277,1090.8762,1669.63,-0.180545,2,-0.205036,1629.24
5891,91672.5746,1090.8388,1669.67,-0.180521,2,-0.205018,1629.27
5892,91680.9773,1090.7388,4174.44,-0.180457,5,-0.204969,4073.36
5893,91690.4768,1090.6258,41747.4,-0.180385,50,-0.204913,40735.9
5894,91698.0160,1090.5361,166999,-0.180328,200,-0.204870,162951
5895,91712.3141,1090.3661,8350.87,-0.180220,10,-0.204787,8148.21
5896,91712.3141,1090.3661,8350.87,-0.180220,10,-0.204787,8148.21
5897,91742.6083,1090.0061,12529.1,-0.179993,15,-0.204614,12224.4
5898,91749.7819,1089.9208,835.321,-0.179939,1,-0.204573,814.995
5899,91756.2301,1089.8443,3341.44,-0.179891,4,-0.204536,3260.1
5900,91756.2301,1089.8443,3341.44,-0.179891,4,-0.204536,3260.1
5901,91779.2243,1089.5712,16710.1,-0.179721,20,-0.204407,16302.6
5902,91788.2325,1089.4643,12533.4,-0.179654,15,-0.204356,12227.6
5903,91801.0786,1089.3118,6685.1,-0.179560,8,-0.204284,6521.84
5904,91801.0786,1089.3118,6685.1,-0.179560,8,-0.204284,6521.84
5905,91813.2911,1089.1669,835.713,-0.179470,1,-0.204216,815.286
5906,91833.0085,1088.9331,25075,-0.179326,30,-0.204107,24461.2
5907,91837.5817,1088.8788,2507.58,-0.179293,3,-0.204082,2446.19
5908,91856.1161,1088.6591,417987,-0.179159,500,-0.203981,407739
5909,91863.4818,1088.5718,16720.4,-0.179106,20,-0.203940,16310.2
5910,91881.9314,1088.3533,8361.29,-0.178973,10,-0.203840,8155.93
5911,91887.7879,1088.2839,8361.64,-0.178931,10,-0.203808,8156.19
5912,91901.2036,1088.1250,58537.1,-0.178835,70,-0.203736,57097.4
5913,91928.3148,1087.8041,83640.5,-0.178642,100,-0.203591,81579.6
5914,91945.4905,1087.6009,3346.03,-0.178521,4,-0.203500,3263.48
5915,91948.6978,1087.5630,836.525,-0.178498,1,-0.203483,815.884
5916,91956.9898,1087.4649,1673.15,-0.178440,2,-0.203439,1631.84
5917,91960.9750,1087.4178,1673.19,-0.178412,2,-0.203418,1631.87
5918,91965.6960,1087.3620,836.625,-0.178379,1,-0.203393,815.957
5919,91974.9986,1087.2520,3346.72,-0.178314,4,-0.203344,3263.99
5920,91982.4247,1087.1642,3346.89,-0.178262,4,-0.203306,3264.12
5921,91990.9933,1087.0629,836.773,-0.178203,1,-0.203261,816.065
5922,91996.9073,1086.9931,4184.04,-0.178162,5,-0.203230,4080.45
5923,92021.7100,1086.7001,33478,-0.177990,40,-0.203102,32647.8
5924,92030.3740,1086.5978,8370.01,-0.177930,10,-0.203057,8162.32
5925,92035.4217,1086.5382,837.03,-0.177896,1,-0.203031,816.253
5926,92048.1261,1086.3882,1674.2,-0.177809,2,-0.202966,1632.61
5927,92053.8128,1086.3211,2511.41,-0.177770,3,-0.202937,2448.99
5928,92057.2979,1086.2800,1674.31,-0.177746,2,-0.202920,1632.69
5929,92088.2227,1085.9152,33493.2,-0.177536,40,-0.202763,32658.9
5930,92095.6101,1085.8281,16747.4,-0.177486,20,-0.202726,16330
5931,92120.8085,1085.5311,16750.3,-0.177317,20,-0.202600,16332.1
5932,92128.9780,1085.4348,837.56,-0.177262,1,-0.202560,816.638
5933,92133.6178,1085.3802,837.586,-0.177231,1,-0.202537,816.656
5934,92141.8798,1085.2828,1675.26,-0.177176,2,-0.202496,1633.38
5935,92145.8324,1085.2363,8376.54,-0.177150,10,-0.202477,8167.06
5936,92156.3917,1085.1119,6701.7,-0.177080,8,-0.202425,6533.98
5937,92167.9217,1084.9762,12566.7,-0.177003,15,-0.202368,12251.9
5938,92176.6930,1084.8729,8378.25,-0.176946,10,-0.202325,8168.29
5939,92176.6930,1084.8729,8378.25,-0.176946,10,-0.202325,8168.29
5940,92215.4281,1084.4172,419019,-0.176692,500,-0.202138,408491
5941,92228.6180,1084.2622,6704.88,-0.176606,8,-0.202075,6536.27
5942,92233.5796,1084.2038,5866.96,-0.176574,7,-0.202051,5719.37
5943,92237.5788,1084.1568,16763.2,-0.176548,20,-0.202032,16341.4
5944,92244.8888,1084.0709,838.198,-0.176500,1,-0.201997,817.097
5945,92256.3822,1083.9358,16765.2,-0.176426,20,-0.201943,16342.8
5946,92256.3822,1083.9358,16765.2,-0.176426,20,-0.201943,16342.8
5947,92261.4863,1083.8759,33531.5,-0.176393,40,-0.201919,32686.5
5948,92266.6821,1083.8148,8383.16,-0.176360,10,-0.201894,8171.82
5949,92266.6821,1083.8148,8383.16,-0.176360,10,-0.201894,8171.82
5950,92272.4339,1083.7473,16766.9,-0.176323,20,-0.201867,16344.1
5951,92276.7091,1083.6971,1676.74,-0.176296,2,-0.201847,1634.44
5952,92289.4028,1083.5480,4192.19,-0.176215,5,-0.201787,4086.34
5953,92289.4028,1083.5480,4192.19,-0.176215,5,-0.201787,4086.34
5954,92302.6050,1083.3930,8385.09,-0.176130,10,-0.201726,8173.19
5955,92306.4247,1083.3482,16770.6,-0.176106,20,-0.201708,16346.7
5956,92311.8063,1083.2851,838.558,-0.176072,1,-0.201683,817.354
5957,92336.0105,1083.0011,8386.86,-0.175919,10,-0.201571,8174.45
5958,92346.2292,1082.8812,33549.6,-0.175855,40,-0.201524,32699.4
5959,92351.1067,1082.8241,6710.12,-0.175824,8,-0.201502,6540.02
5960,92361.3694,1082.7037,41941,-0.175760,50,-0.201455,40877
5961,92383.4270,1082.4452,6711.48,-0.175622,8,-0.201355,6540.98
5962,92413.6823,1082.0908,16781.8,-0.175435,20,-0.201219,16354.7
5963,92417.5989,1082.0450,8391.12,-0.175411,10,-0.201201,8177.48
5964,92437.9175,1081.8071,2517.65,-0.175286,3,-0.201111,2453.47
5965,92443.1248,1081.7462,8392.43,-0.175254,10,-0.201088,8178.41
5966,92457.8253,1081.5742,2517.96,-0.175165,3,-0.201023,2453.68
5967,92476.4903,1081.3559,16788.3,-0.175051,20,-0.200941,16359.2
5968,92485.3873,1081.2519,4197.29,-0.174998,5,-0.200902,4089.96
5969,92488.9831,1081.2099,4197.39,-0.174976,5,-0.200886,4090.03
5970,92515.6813,1080.8978,83961.2,-0.174816,100,-0.200771,81810
5971,92524.3075,1080.7971,5037.93,-0.174764,6,-0.200733,4908.78
5972,92545.2035,1080.5530,1679.52,-0.174639,2,-0.200644,1636.41
5973,92553.2755,1080.4588,251940,-0.174592,300,-0.200609,245470
5974,92576.5787,1080.1868,41995.8,-0.174454,50,-0.200511,40915.6
5975,92583.1786,1080.1098,16799,-0.174415,20,-0.200483,16366.7
5976,92590.9791,1080.0188,1679.97,-0.174369,2,-0.200450,1636.72
5977,92597.1212,1079.9472,2520.05,-0.174333,3,-0.200424,2455.15
5978,92599.3804,1079.9208,8400.28,-0.174320,10,-0.200415,8183.91
5979,92616.0022,1079.7270,8401.09,-0.174223,10,-0.200345,8184.48
5980,92618.4951,1079.6980,8401.22,-0.174209,10,-0.200335,8184.57
5981,92639.5992,1079.4520,84022.5,-0.174086,100,-0.200248,81852.8
5982,92655.3956,1079.2680,50418.1,-0.173995,60,-0.200183,49114.9
5983,92660.8926,1079.2039,840.328,-0.173963,1,-0.200160,818.6
5984,92671.7039,1079.0780,42019,-0.173901,50,-0.200116,40931.8
5985,92673.4140,1079.0581,42019.4,-0.173891,50,-0.200109,40932.1
5986,92677.2939,1079.0129,8404.07,-0.173869,10,-0.200093,8186.55
5987,92706.5927,1078.6719,840.547,-0.173702,1,-0.199974,818.752
5988,92719.9981,1078.5160,1681.22,-0.173626,2,-0.199920,1637.59
5989,92766.7931,1077.9719,1681.66,-0.173363,2,-0.199734,1637.9
5990,92777.2012,1077.8510,840.881,-0.173305,1,-0.199693,818.982
5991,92783.1239,1077.7822,33636.4,-0.173272,40,-0.199670,32760
5992,92786.5915,1077.7419,3363.7,-0.173253,4,-0.199656,3276.05
5993,92796.8181,1077.6232,1681.95,-0.173196,2,-0.199616,1638.09
5994,92801.3055,1077.5710,25229.8,-0.173171,30,-0.199599,24571.8
5995,92811.6260,1077.4512,8410.42,-0.173114,10,-0.199558,8190.92
5996,92817.5939,1077.3819,16821.4,-0.173081,20,-0.199535,16382.2
5997,92858.9772,1076.9018,33650.4,-0.172854,40,-0.199376,32769.7
5998,92858.9772,1076.9018,33650.4,-0.172854,40,-0.199376,32769.7
5999,92865.0901,1076.8309,2523.86,-0.172821,3,-0.199353,2457.78
6000,92868.6108,1076.7901,8413.04,-0.172802,10,-0.199339,8192.72
6001,92875.6951,1076.7080,1682.67,-0.172764,2,-0.199312,1638.59
6002,92908.7231,1076.3252,25244.6,-0.172585,30,-0.199187,24581.9
6003,92924.9836,1076.1369,4207.8,-0.172498,5,-0.199127,4097.23
6004,92940.1837,1075.9609,84162.8,-0.172417,100,-0.199070,81949.3
6005,92962.1097,1075.7071,1683.45,-0.172300,2,-0.198989,1639.12
6006,92972.5857,1075.5859,8417.73,-0.172245,10,-0.198950,8195.91
6007,92974.3944,1075.5650,42089.1,-0.172235,50,-0.198943,40979.8
6008,92977.2245,1075.5322,8417.94,-0.172220,10,-0.198933,8196.05
6009,92984.5029,1075.4480,841.826,-0.172182,1,-0.198906,819.627
6010,93010.5213,1075.1472,841.941,-0.172045,1,-0.198812,819.704
6011,93035.8028,1074.8550,84205.2,-0.171914,100,-0.198720,81977.9
6012,93046.9840,1074.7259,4210.5,-0.171856,5,-0.198680,4099.06
6013,93051.9041,1074.6690,33684.9,-0.171830,40,-0.198663,32793.1
6014,93058.7703,1074.5897,5895.06,-0.171795,7,-0.198638,5738.93
6015,93065.2248,1074.5152,84218,-0.171761,100,-0.198615,81986.5
6016,93068.7969,1074.4740,4210.98,-0.171743,5,-0.198602,4099.38
6017,93079.2866,1074.3529,5895.69,-0.171689,7,-0.198565,5739.35
6018,93095.0270,1074.1712,4211.55,-0.171608,5,-0.198509,4099.76
6019,93106.3087,1074.0411,4211.79,-0.171551,5,-0.198470,4099.92
6020,93118.4304,1073.9013,168482,-0.171489,200,-0.198427,164004
6021,93127.1143,1073.8011,842.447,-0.171445,1,-0.198397,820.044
6022,93139.2819,1073.6608,84249.9,-0.171383,100,-0.198355,82007.9
6023,93167.1132,1073.3401,16852.3,-0.171243,20,-0.198258,16403.2
6024,93169.9005,1073.3080,2527.89,-0.171229,3,-0.198249,2460.5
6025,93185.7013,1073.1260,168539,-0.171150,200,-0.198195,164042
6026,93231.4002,1072.6000,25286.6,-0.170923,30,-0.198040,24610.1
6027,93237.5841,1072.5289,84291.2,-0.170892,100,-0.198019,82035.5
6028,93243.0280,1072.4662,16858.7,-0.170865,20,-0.198000,16407.4
6029,93246.6080,1072.4251,4214.75,-0.170848,5,-0.197988,4101.9
6030,93253.8178,1072.3422,16859.6,-0.170812,20,-0.197964,16408
6031,93262.9791,1072.2368,6744.14,-0.170767,8,-0.197934,6563.39
6032,93274.1915,1072.1079,42153.2,-0.170713,50,-0.197896,41022.7
6033,93276.9825,1072.0758,8430.75,-0.170699,10,-0.197887,8204.62
6034,93282.7994,1072.0090,84309.9,-0.170671,100,-0.197868,82047.8
6035,93286.3811,1071.9678,8431.14,-0.170653,10,-0.197856,8204.88
6036,93295.3177,1071.8652,168630,-0.170610,200,-0.197826,164102
6037,93328.2249,1071.4872,84328.5,-0.170450,100,-0.197719,82060.1
6038,93333.9033,1071.4220,252992,-0.170423,300,-0.197700,246185
6039,93341.5842,1071.3339,42167,-0.170386,50,-0.197675,41031.8
6040,93352.1090,1071.2131,84338.2,-0.170336,100,-0.197641,82066.4
6041,93392.4897,1070.7499,2530.63,-0.170143,3,-0.197511,2462.31
6042,93404.0908,1070.6169,5905.13,-0.170088,7,-0.197474,5745.61
6043,93409.5889,1070.5539,67489,-0.170062,80,-0.197456,65665.3
6044,93417.6976,1070.4610,50618.7,-0.170024,60,-0.197431,49250.2
6045,93428.6032,1070.3360,8436.88,-0.169973,10,-0.197396,8208.65
6046,93436.4786,1070.2458,84371.9,-0.169936,100,-0.197371,82088.6
6047,93468.3221,1069.8812,421922,-0.169787,500,-0.197272,410484
6048,93478.2069,1069.7681,16877.7,-0.169741,20,-0.197241,16419.9
6049,93483.2890,1069.7099,33756.1,-0.169717,40,-0.197225,32840.2
6050,93490.9839,1069.6219,84393.3,-0.169682,100,-0.197201,82102.6
6051,93499.8931,1069.5199,843.968,-0.169641,1,-0.197174,821.048
6052,93511.6951,1069.3850,50640.8,-0.169586,60,-0.197137,49264.7
6053,93522.1920,1069.2649,4220.27,-0.169538,5,-0.197105,4105.52
6054,93535.9111,1069.1081,16882.2,-0.169475,20,-0.197063,16422.8
6055,93558.3127,1068.8521,422097,-0.169373,500,-0.196995,410598
6056,93561.1133,1068.8201,4221.02,-0.169360,5,-0.196986,4106.01
6057,93566.2935,1068.7609,8442.25,-0.169336,10,-0.196970,8212.15
6058,93576.7973,1068.6410,67541.2,-0.169289,80,-0.196939,65699.3
6059,93598.1809,1068.3968,168869,-0.169192,200,-0.196874,164259
6060,93609.2963,1068.2700,1688.78,-0.169142,2,-0.196841,1642.64
6061,93631.7178,1068.0142,8444.74,-0.169041,10,-0.196774,8213.76
6062,93637.3241,1067.9502,253349,-0.169016,300,-0.196758,246417
6063,93640.8282,1067.9102,4222.54,-0.169001,5,-0.196747,4106.99
6064,93646.2925,1067.8479,8445.29,-0.168976,10,-0.196731,8214.11
6065,93652.3216,1067.7792,16891,-0.168949,20,-0.196713,16428.5
6066,93676.5727,1067.5028,42232.1,-0.168842,50,-0.196642,41074.2
6067,93684.1926,1067.4159,33786.8,-0.168808,40,-0.196620,32860.1
6068,93706.0260,1067.1672,8447.53,-0.168712,10,-0.196556,8215.55
6069,93710.4207,1067.1172,168954,-0.168692,200,-0.196544,164313
6070,93714.7225,1067.0682,16895.7,-0.168673,20,-0.196531,16431.5
6071,93720.7069,1067.0001,8448.07,-0.168647,10,-0.196514,8215.9
6072,93729.8271,1066.8962,168968,-0.168607,200,-0.196487,164322
6073,93758.4982,1066.5700,16898.9,-0.168482,20,-0.196405,16433.6
6074,93762.8957,1066.5200,1689.93,-0.168463,2,-0.196393,1643.38
6075,93767.7158,1066.4651,2534.94,-0.168442,3,-0.196379,2465.1
6076,93778.2887,1066.3449,84501.9,-0.168396,100,-0.196349,82172.6
6077,93789.0058,1066.2231,16901.2,-0.168350,20,-0.196318,16435
6078,93789.0058,1066.2231,17746.2,-0.168350,20,-0.196318,16435
6079,93793.0321,1066.1773,2535.22,-0.168333,3,-0.196307,2465.28
6080,93800.7994,1066.0890,16902,-0.168299,20,-0.196285,16435.6
6081,93805.6217,1066.0342,422559,-0.168278,500,-0.196271,410895
6082,93827.0147,1065.7911,25355.9,-0.168186,30,-0.196211,24655.2
6083,93841.6238,1065.6252,8452.49,-0.168124,10,-0.196170,8218.72
6084,93845.0869,1065.5859,8452.61,-0.168109,10,-0.196161,8218.8
6085,93850.5211,1065.5242,67622.5,-0.168086,80,-0.196145,65751.4
6086,93855.8126,1065.4641,16906,-0.168064,20,-0.196131,16438.1
6087,93867.5224,1065.3312,33813.7,-0.168014,40,-0.196098,32877.3
6088,93876.9823,1065.2238,1690.75,-0.167974,2,-0.196072,1643.91
6089,93885.4167,1065.1281,16908.1,-0.167938,20,-0.196049,16439.4
6090,93899.2834,1064.9709,33818.2,-0.167880,40,-0.196011,32880.1
6091,93907.8134,1064.8741,8454.86,-0.167844,10,-0.195987,8220.23
6092,93914.7950,1064.7950,42275.5,-0.167814,50,-0.195968,41101.9
6093,93928.4798,1064.6398,16911.2,-0.167757,20,-0.195931,16441.4
6094,93933.3094,1064.5851,84557.6,-0.167737,100,-0.195917,82208
6095,93940.9031,1064.4990,33824.1,-0.167705,40,-0.195897,32883.9
6096,93950.5144,1064.3901,84563.7,-0.167665,100,-0.195871,82211.9
6097,93959.4233,1064.2892,42283.4,-0.167628,50,-0.195847,41106.9
6098,93973.7256,1064.1272,8457.19,-0.167568,10,-0.195808,8221.7
6099,93975.9738,1064.1018,4228.63,-0.167559,5,-0.195802,4110.88
6100,93991.4997,1063.9260,16915.6,-0.167495,20,-0.195760,16444.2
6101,93997.5040,1063.8580,50748.1,-0.167470,60,-0.195744,49333.4
6102,93997.5040,1063.8580,50748.1,-0.167470,60,-0.195744,49333.4
6103,94007.4023,1063.7460,8458.37,-0.167429,10,-0.195718,8222.44
6104,94015.6132,1063.6531,16917.3,-0.167395,20,-0.195696,16445.2
6105,94041.3730,1063.3618,16919.1,-0.167290,20,-0.195627,16446.4
6106,94050.8088,1063.2551,84598.7,-0.167251,100,-0.195602,82233.9
6107,94058.9743,1063.1628,59221.1,-0.167218,70,-0.195581,57565
6108,94064.1856,1063.1039,42301.7,-0.167197,50,-0.195567,41118.4
6109,94081.2304,1062.9113,8460.92,-0.167127,10,-0.195522,8224.05
6110,94089.3989,1062.8190,4230.6,-0.167094,5,-0.195501,4112.11
6111,94102.3140,1062.6731,84616.4,-0.167042,100,-0.195467,82245
6112,94127.2083,1062.3921,42312.4,-0.166942,50,-0.195402,41125.2
6113,94130.4025,1062.3560,42313,-0.166929,50,-0.195394,41125.5
6114,94153.5203,1062.0952,67707.1,-0.166836,80,-0.195335,65804.8
6115,94164.1861,1061.9749,33855,-0.166794,40,-0.195307,32903.3
6116,94170.0155,1061.9091,16927.9,-0.166770,20,-0.195292,16451.9
6117,94171.9881,1061.8869,8464.01,-0.166762,10,-0.195287,8225.98
6118,94177.0190,1061.8302,3385.67,-0.166742,4,-0.195274,3290.44
6119,94189.0051,1061.6950,8464.58,-0.166695,10,-0.195244,8226.34
6120,94197.5149,1061.5991,423243,-0.166661,500,-0.195222,411326
6121,94204.6143,1061.5191,4232.55,-0.166633,5,-0.195204,4113.34
6122,94221.5883,1061.3279,169313,-0.166566,200,-0.195161,164540
6123,94236.3102,1061.1621,25398.5,-0.166508,30,-0.195123,24682
6124,94240.0270,1061.1202,25398.9,-0.166493,30,-0.195114,24682.2
6125,94244.3064,1061.0721,4233.21,-0.166476,5,-0.195103,4113.75
6126,94246.1870,1061.0509,4233.25,-0.166469,5,-0.195098,4113.77
6127,94251.3160,1060.9931,84666.6,-0.166449,100,-0.195086,82276.4
6128,94263.4065,1060.8571,84670.6,-0.166401,100,-0.195055,82278.9
6129,94274.3235,1060.7342,16934.8,-0.166359,20,-0.195028,16456.2
6130,94291.0301,1060.5463,169360,-0.166294,200,-0.194986,164569
6131,94296.3937,1060.4859,8468.15,-0.166273,10,-0.194973,8228.57
6132,94317.3877,1060.2499,25406.5,-0.166191,30,-0.194920,24687
6133,94325.3915,1060.1599,33876.4,-0.166160,40,-0.194901,32916.7
6134,94332.7834,1060.0769,16938.7,-0.166131,20,-0.194882,16458.6
6135,94346.2051,1059.9260,8469.79,-0.166080,10,-0.194849,8229.59
6136,94355.4817,1059.8218,16940.2,-0.166044,20,-0.194826,16459.6
6137,94365.0907,1059.7139,8470.4,-0.166007,10,-0.194803,8229.97
6138,94372.4860,1059.6309,84706.4,-0.165979,100,-0.194785,82301.2
6139,94376.3966,1059.5870,84707.7,-0.165964,100,-0.194775,82302
6140,94392.1786,1059.4098,42356.4,-0.165903,50,-0.194736,41152.6
6141,94403.6759,1059.2808,338866,-0.165859,400,-0.194708,329230
6142,94406.4109,1059.2501,84717.4,-0.165849,100,-0.194702,82308
6143,94414.7050,1059.1570,169440,-0.165817,200,-0.194682,164619
6144,94426.7692,1059.0217,50834.4,-0.165771,60,-0.194652,49387.3
6145,94433.3241,1058.9482,8472.61,-0.165746,10,-0.194636,8231.34
6146,94449.3048,1058.7690,50838.8,-0.165686,60,-0.194598,49389.9
6147,94472.4105,1058.5101,84738.7,-0.165598,100,-0.194542,82321.2
6148,94482.8790,1058.3928,2542.26,-0.165559,3,-0.194517,2469.7
6149,94486.8886,1058.3479,2542.3,-0.165544,3,-0.194507,2469.72
6150,94504.5777,1058.1498,3389.96,-0.165477,4,-0.194465,3293.1
6151,94516.3724,1058.0178,16950.5,-0.165433,20,-0.194437,16466
6152,94526.6138,1057.9031,4237.8,-0.165395,5,-0.194412,4116.59
6153,94528.2185,1057.8852,8475.64,-0.165389,10,-0.194409,8233.21
6154,94537.3269,1057.7832,84759.3,-0.165355,100,-0.194387,82333.9
6155,94542.8944,1057.7209,84761.1,-0.165334,100,-0.194374,82335
6156,94563.5233,1057.4902,8476.76,-0.165257,10,-0.194325,8233.9
6157,94566.5902,1057.4559,16953.7,-0.165246,20,-0.194318,16467.9
6158,94566.5902,1057.4559,16953.7,-0.165246,20,-0.194318,16467.9
6159,94579.6227,1057.3102,339091,-0.165197,400,-0.194287,329369
6160,94586.9870,1057.2279,169550,-0.165170,200,-0.194269,164687
6161,94600.2108,1057.0801,33911.6,-0.165121,40,-0.194238,32938.5
6162,94623.9226,1056.8152,8478.65,-0.165033,10,-0.194183,8235.07
6163,94623.9226,1056.8152,8478.65,-0.165033,10,-0.194183,8235.07
6164,94641.4963,1056.6190,6783.36,-0.164969,8,-0.194142,6588.33
6165,94650.5226,1056.5182,84794.8,-0.164936,100,-0.194121,82355.9
6166,94668.8111,1056.3141,16960.1,-0.164869,20,-0.194078,16471.9
6167,94678.0288,1056.2113,42401.7,-0.164835,50,-0.194057,41180.6
6168,94694.2886,1056.0299,67846.7,-0.164776,80,-0.194019,65891.4
6169,94709.7972,1055.8570,16962.6,-0.164719,20,-0.193983,16473.4
6170,94726.7730,1055.6678,16963.7,-0.164657,20,-0.193944,16474.1
6171,94760.0295,1055.2973,16965.7,-0.164537,20,-0.193868,16475.3
6172,94773.8910,1055.1429,254499,-0.164487,300,-0.193836,247138
6173,94780.2787,1055.0718,25450.5,-0.164464,30,-0.193821,24714.2
6174,94821.5070,1054.6131,42423.7,-0.164316,50,-0.193727,41194.1
6175,94826.4768,1054.5578,42424.5,-0.164298,50,-0.193716,41194.6
6176,94829.4141,1054.5251,67879.8,-0.164288,80,-0.193709,65911.8
6177,94836.9889,1054.4409,50911.3,-0.164260,60,-0.193692,49434.7
6178,94841.7260,1054.3882,4242.68,-0.164243,5,-0.193681,4119.6
6179,94852.9956,1054.2630,5939.99,-0.164203,7,-0.193656,5767.59
6180,94887.8130,1053.8761,339470,-0.164079,400,-0.193577,329602
6181,94914.1120,1053.5841,5092.52,-0.163986,6,-0.193518,4944.33
6182,94917.9030,1053.5420,2546.3,-0.163973,3,-0.193509,2472.19
6183,94917.9030,1053.5420,2546.3,-0.163973,3,-0.193509,2472.19
6184,94929.6106,1053.4121,848.8,-0.163931,1,-0.193483,824.084
6185,94935.7710,1053.3437,33952.8,-0.163909,40,-0.193469,32963.8
6186,94943.3104,1053.2601,1697.68,-0.163883,2,-0.193452,1648.22
6187,94950.8007,1053.1770,848.864,-0.163856,1,-0.193436,824.123
6188,94957.2961,1053.1050,848.883,-0.163833,1,-0.193421,824.135
6189,94964.8822,1053.0208,84890.6,-0.163807,100,-0.193404,82414.9
6190,94979.3942,1052.8599,84894.9,-0.163756,100,-0.193372,82417.6
6191,94983.4271,1052.8152,33958.5,-0.163742,40,-0.193363,32967.3
6192,94999.8844,1052.6329,849010,-0.163684,1000,-0.193326,824213
6193,95005.4821,1052.5708,84902.7,-0.163664,100,-0.193314,82422.3
6194,95015.8268,1052.4562,2547.17,-0.163628,3,-0.193291,2472.73
6195,95033.3814,1052.2618,2547.33,-0.163567,3,-0.193251,2472.82
6196,95038.7919,1052.2019,4245.63,-0.163548,5,-0.193239,4121.42
6197,95045.0100,1052.1331,4245.72,-0.163526,5,-0.193226,4121.48
6198,95063.4276,1051.9292,25476,-0.163462,30,-0.193185,24729.9
6199,95070.4997,1051.8510,4246.1,-0.163437,5,-0.193169,4121.71
6200,95075.8179,1051.7922,169847,-0.163419,200,-0.193157,164870
6201,95081.2311,1051.7323,33970.1,-0.163400,40,-0.193145,32974.5
6202,95096.0918,1051.5679,169859,-0.163348,200,-0.193112,164878
6203,95109.1998,1051.4230,25480,-0.163303,30,-0.193084,24732.4
6204,95116.0862,1051.3469,4246.77,-0.163279,5,-0.193068,4122.13
6205,95119.1731,1051.3128,16987.3,-0.163268,20,-0.193062,16488.6
6206,95139.0780,1051.0928,8494.22,-0.163199,10,-0.193018,8244.67
6207,95151.0052,1050.9610,4247.28,-0.163158,5,-0.192991,4122.45
6208,95158.2291,1050.8813,8494.78,-0.163133,10,-0.192975,8245.02
6209,95158.2291,1050.8813,8494.78,-0.163133,10,-0.192975,8245.02
6210,95168.3028,1050.7700,849.508,-0.163098,1,-0.192953,824.521
6211,95178.9965,1050.6520,5946.77,-0.163061,7,-0.192930,5771.78
6212,95184.1767,1050.5948,2548.66,-0.163044,3,-0.192918,2473.65
6213,95198.8203,1050.4332,16991.9,-0.162993,20,-0.192886,16491.5
6214,95208.8039,1050.3230,84962.6,-0.162959,100,-0.192864,82459.4
6215,95228.3951,1050.1070,59477.8,-0.162892,70,-0.192821,57724.1
6216,95233.0089,1050.0561,16993.9,-0.162876,20,-0.192811,16492.8
6217,95245.8980,1049.9140,849.734,-0.162832,1,-0.192783,824.661
6218,95279.2957,1049.5460,16996.6,-0.162718,20,-0.192710,16494.4
6219,95287.4798,1049.4558,84985.5,-0.162690,100,-0.192692,82473.6
6220,95287.4798,1049.4558,84985.5,-0.162690,100,-0.192692,82473.6
6221,95308.1833,1049.2278,16998.3,-0.162619,20,-0.192647,16495.5
6222,95321.0835,1049.0859,1.6999e+06,-0.162575,2000,-0.192618,1.64959e+06
6223,95333.3207,1048.9512,4249.94,-0.162533,5,-0.192592,4124.09
6224,95335.8905,1048.9229,12749.9,-0.162525,15,-0.192586,12372.4
6225,95355.8904,1048.7029,85005.3,-0.162457,100,-0.192542,82485.9
6226,95358.7007,1048.6720,17001.2,-0.162447,20,-0.192536,16497.3
6227,95358.7007,1048.6720,17001.2,-0.162447,20,-0.192536,16497.3
6228,95361.3210,1048.6432,170014,-0.162438,200,-0.192531,164974
6229,95382.2321,1048.4133,2550.39,-0.162367,3,-0.192485,2474.72
6230,95390.9013,1048.3180,3400.62,-0.162338,4,-0.192466,3299.69
6231,95396.6193,1048.2552,34006.8,-0.162319,40,-0.192454,32997.3
6232,95408.7222,1048.1222,5951.44,-0.162278,7,-0.192427,5774.68
6233,95422.9236,1047.9662,2550.74,-0.162229,3,-0.192396,2474.94
6234,95426.7823,1047.9238,6802.06,-0.162216,8,-0.192388,6599.9
6235,95437.0775,1047.8108,85028.7,-0.162182,100,-0.192365,82500.5
6236,95437.0775,1047.8108,85028.7,-0.162182,100,-0.192365,82500.5
6237,95442.4180,1047.7522,850.302,-0.162164,1,-0.192354,825.015
6238,95454.0017,1047.6250,8503.35,-0.162124,10,-0.192328,8250.36
6239,95476.7930,1047.3749,8504.01,-0.162048,10,-0.192279,8250.77
6240,95478.8912,1047.3519,8504.07,-0.162041,10,-0.192274,8250.81
6241,95488.7166,1047.2442,2.5513e+06,-0.162007,3000,-0.192253,2.4753e+06
6242,95501.4034,1047.1050,2551.41,-0.161965,3,-0.192225,2475.36
6243,95506.6029,1047.0480,850.486,-0.161947,1,-0.192214,825.131
6244,95516.3816,1046.9408,2551.54,-0.161914,3,-0.192192,2475.44
6245,95531.1264,1046.7792,255167,-0.161865,300,-0.192160,247552
6246,95538.3774,1046.6998,17011.5,-0.161840,20,-0.192144,16503.8
6247,95548.0190,1046.5942,850.605,-0.161808,1,-0.192123,825.205
6248,95552.6951,1046.5430,850.618,-0.161792,1,-0.192113,825.213
6249,95584.4865,1046.1949,425354,-0.161685,500,-0.192044,412635
6250,95591.9823,1046.1128,8507.3,-0.161660,10,-0.192027,8252.84
6251,95601.0081,1046.0141,25522.7,-0.161630,30,-0.192008,24759
6252,95611.4191,1045.9002,8507.86,-0.161595,10,-0.191985,8253.19
6253,95615.2862,1045.8579,85079.7,-0.161582,100,-0.191976,82532.6
6254,95623.7879,1045.7649,4254.1,-0.161554,5,-0.191958,4126.71
6255,95629.0900,1045.7069,17016.7,-0.161536,20,-0.191946,16507
6256,95647.0049,1045.5110,8508.87,-0.161476,10,-0.191907,8253.83
6257,95652.8806,1045.4468,17018.1,-0.161456,20,-0.191894,16507.9
6258,95656.1772,1045.4108,255274,-0.161445,300,-0.191887,247620
6259,95671.0865,1045.2479,6807.64,-0.161395,8,-0.191854,6603.42
6260,95677.2044,1045.1810,850.973,-0.161375,1,-0.191841,825.438
6261,95689.2962,1045.0490,851.007,-0.161335,1,-0.191815,825.46
6262,95694.4114,1044.9931,3404.09,-0.161317,4,-0.191803,3301.88
6263,95702.1075,1044.9091,25531.3,-0.161292,30,-0.191787,24764.5
6264,95702.1075,1044.9091,25531.3,-0.161292,30,-0.191787,24764.5
6265,95707.4143,1044.8511,8510.59,-0.161274,10,-0.191775,8254.93
6266,95729.6946,1044.6080,25533.7,-0.161200,30,-0.191726,24766
6267,95763.5096,1044.2391,42560.9,-0.161087,50,-0.191652,41279.7
6268,95766.8105,1044.2031,42561.4,-0.161076,50,-0.191644,41280
6269,95774.7039,1044.1170,2553.75,-0.161049,3,-0.191627,2476.84
6270,95782.7891,1044.0289,425636,-0.161022,500,-0.191609,412815
6271,95788.1963,1043.9700,2553.86,-0.161004,3,-0.191597,2476.92
6272,95798.9160,1043.8531,42565.9,-0.160969,50,-0.191574,41282.9
6273,95804.0833,1043.7968,425667,-0.160951,500,-0.191562,412834
6274,95818.5855,1043.6389,8513.75,-0.160903,10,-0.191530,8256.94
6275,95831.2244,1043.5012,42570.5,-0.160861,50,-0.191503,41285.9
6276,95850.2319,1043.2943,4257.32,-0.160798,5,-0.191461,4128.76
6277,95856.7904,1043.2229,170297,-0.160776,200,-0.191446,165153
6278,95867.1818,1043.1098,8515.12,-0.160741,10,-0.191423,8257.83
6279,95880.5927,1042.9639,851551,-0.160696,1000,-0.191393,825808
6280,95893.9099,1042.8191,8515.88,-0.160652,10,-0.191364,8258.32
6281,95909.3835,1042.6508,5961.43,-0.160601,7,-0.191329,5781.02
6282,95925.2923,1042.4779,85167.7,-0.160548,100,-0.191294,82589
6283,95941.1082,1042.3061,1703.44,-0.160495,2,-0.191259,1651.84
6284,95946.2838,1042.2499,17034.7,-0.160478,20,-0.191247,16518.6
6285,95966.4188,1042.0312,2555.38,-0.160410,3,-0.191202,2477.9
6286,95972.6987,1041.9630,51108.7,-0.160390,60,-0.191188,49558.6
6287,95981.0893,1041.8719,85183.6,-0.160362,100,-0.191170,82599.2
6288,95993.2228,1041.7402,85187,-0.160321,100,-0.191143,82601.5
6289,96003.8217,1041.6252,85190,-0.160286,100,-0.191119,82603.4
6290,96009.5756,1041.5628,17038.3,-0.160267,20,-0.191106,16520.9
6291,96019.1229,1041.4592,340777,-0.160235,400,-0.191084,330425
6292,96037.4962,1041.2600,170399,-0.160174,200,-0.191043,165219
6293,96042.5817,1041.2048,17040.2,-0.160157,20,-0.191032,16522.1
6294,96048.1005,1041.1450,85202.6,-0.160138,100,-0.191019,82611.7
6295,96061.2972,1041.0020,51123.8,-0.160094,60,-0.190990,49568.5
6296,96075.4083,1040.8491,8521.04,-0.160047,10,-0.190958,8261.67
6297,96094.1767,1040.6458,42607.8,-0.159985,50,-0.190915,41310.1
6298,96099.2194,1040.5912,85217.1,-0.159968,100,-0.190904,82621.2
6299,96113.4784,1040.4368,5113.27,-0.159920,6,-0.190872,4957.43
6300,96118.0887,1040.3869,2556.67,-0.159905,3,-0.190861,2478.74
6301,96131.0081,1040.2471,17045.2,-0.159862,20,-0.190832,16525.4
6302,96137.2038,1040.1800,85227.9,-0.159841,100,-0.190818,82628.3
6303,96140.9981,1040.1390,42614.5,-0.159828,50,-0.190809,41314.5
6304,96146.2813,1040.0818,4261.53,-0.159811,5,-0.190797,4131.5
6305,96149.1168,1040.0512,4261.57,-0.159801,5,-0.190791,4131.53
6306,96159.1088,1039.9431,8523.42,-0.159768,10,-0.190768,8263.24
6307,96174.3869,1039.7779,42619.3,-0.159717,50,-0.190733,41317.7
6308,96211.2015,1039.3800,8524.9,-0.159593,10,-0.190649,8264.23
6309,96222.9785,1039.2528,51151.4,-0.159554,60,-0.190622,49586.7
6310,96227.8826,1039.1998,42626.9,-0.159538,50,-0.190610,41322.7
6311,96231.9227,1039.1562,85254.9,-0.159524,100,-0.190601,82646.2
6312,96243.3183,1039.0332,4262.91,-0.159486,5,-0.190575,4132.42
6313,96249.9059,1038.9621,8526.01,-0.159464,10,-0.190560,8264.96
6314,96267.4125,1038.7731,2557.95,-0.159405,3,-0.190519,2479.59
6315,96297.2858,1038.4509,8527.36,-0.159305,10,-0.190450,8265.87
6316,96306.0913,1038.3559,5969.33,-0.159275,7,-0.190430,5786.23
6317,96311.9147,1038.2931,852778,-0.159256,1000,-0.190416,826615
6318,96321.8289,1038.1863,341123,-0.159222,400,-0.190393,330654
6319,96332.9938,1038.0659,34113.6,-0.159185,40,-0.190367,33066.2
6320,96351.9126,1037.8621,4264.47,-0.159121,5,-0.190323,4133.46
6321,96363.4197,1037.7382,42646.3,-0.159082,50,-0.190296,41335.7
6322,96366.6929,1037.7029,42646.8,-0.159071,50,-0.190288,41336.1
6323,96377.7210,1037.5842,17059.3,-0.159034,20,-0.190262,16534.9
6324,96387.4963,1037.4790,4264.98,-0.159001,5,-0.190239,4133.81
6325,96391.8785,1037.4318,1706.02,-0.158986,2,-0.190229,1653.54
6326,96391.8785,1037.4318,1706.02,-0.158986,2,-0.190229,1653.54
6327,96395.7798,1037.3898,25590.6,-0.158973,30,-0.190219,24803.3
6328,96410.4248,1037.2322,8530.61,-0.158924,10,-0.190185,8268.06
6329,96448.4880,1036.8229,12797.6,-0.158795,15,-0.190095,12403.2
6330,96455.3796,1036.7488,4265.96,-0.158772,5,-0.190078,4134.47
6331,96467.0925,1036.6229,8532.25,-0.158732,10,-0.190050,8269.18
6332,96486.9062,1036.4101,51196.9,-0.158665,60,-0.190003,49617.4
6333,96486.9062,1036.4101,51196.9,-0.158665,60,-0.190003,49617.4
6334,96508.8933,1036.1739,34133.8,-0.158590,40,-0.189950,33080
6335,96511.0159,1036.1511,34134.1,-0.158583,40,-0.189945,33080.2
6336,96546.9982,1035.7650,6827.65,-0.158460,8,-0.189858,6616.61
6337,96555.3928,1035.6749,25604.4,-0.158432,30,-0.189838,24812.8
6338,96566.6832,1035.5538,8535.14,-0.158393,10,-0.189811,8271.16
6339,96582.3200,1035.3862,17071.2,-0.158340,20,-0.189773,16542.9
6340,96589.2218,1035.3122,8535.8,-0.158316,10,-0.189756,8271.61
6341,96594.0959,1035.2600,8535.94,-0.158300,10,-0.189744,8271.71
6342,96607.9982,1035.1110,42681.7,-0.158252,50,-0.189710,41360
6343,96612.4876,1035.0629,1707.3,-0.158237,2,-0.189699,1654.42
6344,96624.2208,1034.9372,2561.05,-0.158197,3,-0.189670,2481.7
6345,96634.6018,1034.8260,4268.56,-0.158161,5,-0.189645,4136.27
6346,96636.6309,1034.8043,25611.5,-0.158154,30,-0.189640,24817.7
6347,96680.1976,1034.3380,85384.6,-0.158004,100,-0.189532,82734.6
6348,96701.1200,1034.1142,5977.35,-0.157932,7,-0.189480,5791.73
6349,96707.5947,1034.0450,17078.5,-0.157910,20,-0.189464,16548.1
6350,96710.6875,1034.0119,8539.36,-0.157899,10,-0.189456,8274.09
6351,96727.9907,1033.8269,8539.87,-0.157840,10,-0.189413,8274.45
6352,96731.7134,1033.7871,4269.99,-0.157827,5,-0.189404,4137.26
6353,96736.3055,1033.7381,17080.2,-0.157811,20,-0.189392,16549.2
6354,96741.7204,1033.6802,17080.5,-0.157792,20,-0.189378,16549.5
6355,96744.3781,1033.6518,8540.35,-0.157783,10,-0.189372,8274.79
6356,96750.9058,1033.5821,85405.5,-0.157760,100,-0.189355,82749.2
6357,96765.7017,1033.4240,4270.49,-0.157709,5,-0.189318,4137.62
6358,96774.5997,1033.3290,25623.7,-0.157678,30,-0.189296,24826.3
6359,96783.1120,1033.2381,42707.5,-0.157649,50,-0.189274,41378
6360,96786.0141,1033.2071,17083.2,-0.157638,20,-0.189267,16551.3
6361,96798.8796,1033.0698,12813,-0.157594,15,-0.189234,12413.9
6362,96807.5875,1032.9769,1708.45,-0.157563,2,-0.189212,1655.22
6363,96824.3759,1032.7978,59799.1,-0.157505,70,-0.189169,57935.3
6364,96852.6869,1032.4959,1708.71,-0.157406,2,-0.189096,1655.41
6365,96856.9950,1032.4500,170874,-0.157391,200,-0.189085,165543
6366,96871.1779,1032.2988,8544.12,-0.157341,10,-0.189049,8277.46
6367,96878.4886,1032.2209,5981.04,-0.157316,7,-0.189030,5794.33
6368,96885.4129,1032.1471,1708.91,-0.157291,2,-0.189012,1655.55
6369,96891.4171,1032.0832,341789,-0.157270,400,-0.188997,331116
6370,96911.4173,1031.8702,8545.33,-0.157200,10,-0.188945,8278.32
6371,96933.5045,1031.6350,17092,-0.157122,20,-0.188887,16557.6
6372,96942.8061,1031.5361,256388,-0.157089,300,-0.188863,248370
6373,96952.3023,1031.4350,4273.28,-0.157056,5,-0.188838,4139.6
6374,96959.3759,1031.3598,2564.03,-0.157031,3,-0.188819,2483.81
6375,96965.2882,1031.2969,1709.39,-0.157010,2,-0.188804,1655.9
6376,96977.1138,1031.1711,17094.6,-0.156968,20,-0.188772,16559.5
6377,96998.4889,1030.9439,4273.98,-0.156892,5,-0.188716,4140.11
6378,97007.2159,1030.8511,256447,-0.156861,300,-0.188693,248412
6379,97022.6817,1030.6868,42743.5,-0.156806,50,-0.188651,41403.8
6380,97030.8296,1030.6003,4274.47,-0.156777,5,-0.188630,4140.47
6381,97040.2850,1030.4999,17098.5,-0.156744,20,-0.188604,16562.3
6382,97056.3879,1030.3289,17099.4,-0.156686,20,-0.188561,16563
6383,97069.1947,1030.1929,34200.5,-0.156640,40,-0.188527,33127.1
6384,97075.5987,1030.1250,2565.09,-0.156617,3,-0.188509,2484.58
6385,97082.9258,1030.0472,17101.1,-0.156591,20,-0.188490,16564.2
6386,97107.6258,1029.7852,17102.6,-0.156502,20,-0.188423,16565.3
6387,97114.6145,1029.7111,171030,-0.156477,200,-0.188403,165656
6388,97122.1857,1029.6309,42758.7,-0.156450,50,-0.188383,41414.9
6389,97144.6148,1029.3931,4276.22,-0.156369,5,-0.188321,4141.74
6390,97154.9082,1029.2841,8552.75,-0.156332,10,-0.188293,8283.72
6391,97161.7064,1029.2121,85529.6,-0.156307,100,-0.188274,82838.7
6392,97166.8054,1029.1581,25659.4,-0.156289,30,-0.188260,24852
6393,97178.7041,1029.0320,1.7107e+06,-0.156246,2000,-0.188227,1.65685e+06
6394,97191.0897,1028.9009,85538.8,-0.156201,100,-0.188193,82845.5
6395,97209.0166,1028.7112,6843.55,-0.156135,8,-0.188143,6627.97
6396,97250.0789,1028.2768,8555.72,-0.155985,10,-0.188028,8285.91
6397,97260.7727,1028.1637,17112.1,-0.155946,20,-0.187998,16572.3
6398,97273.5108,1028.0291,1711.29,-0.155899,2,-0.187962,1657.29
6399,97317.0820,1027.5688,85578.3,-0.155739,100,-0.187838,82874.9
6400,97324.7198,1027.4882,8558.07,-0.155711,10,-0.187816,8287.67
6401,97349.5794,1027.2258,34235.4,-0.155618,40,-0.187745,33153.1
6402,97357.1226,1027.1462,2567.73,-0.155590,3,-0.187723,2486.53
6403,97378.3891,1026.9219,1711.95,-0.155511,2,-0.187661,1657.79
6404,97398.8820,1026.7058,856.043,-0.155435,1,-0.187602,828.945
6405,97420.5973,1026.4770,17122.2,-0.155353,20,-0.187538,16580
6406,97426.4892,1026.4149,856.131,-0.155331,1,-0.187521,829.012
6407,97434.2808,1026.3328,1712.31,-0.155302,2,-0.187498,1658.06
6408,97442.0257,1026.2512,85618.1,-0.155273,100,-0.187475,82905
6409,97448.5030,1026.1830,428101,-0.155249,500,-0.187456,414533
6410,97463.0195,1026.0302,85624.9,-0.155194,100,-0.187413,82910.2
6411,97465.9905,1025.9989,8562.59,-0.155183,10,-0.187404,8291.09
6412,97471.1063,1025.9451,3425.1,-0.155163,4,-0.187389,3316.49
6413,97494.9813,1025.6938,34254.1,-0.155073,40,-0.187317,33167.2
6414,97537.8273,1025.2433,8564.92,-0.154910,10,-0.187188,8292.88
6415,97547.2850,1025.1439,42826.2,-0.154874,50,-0.187160,41465.6
6416,97566.3032,1024.9440,8565.85,-0.154801,10,-0.187102,8293.59
6417,97588.4952,1024.7110,8566.58,-0.154716,10,-0.187034,8294.16
6418,97622.1107,1024.3581,6854.16,-0.154586,8,-0.186930,6636.01
6419,97626.8925,1024.3079,856.785,-0.154568,1,-0.186916,829.514
6420,97636.2141,1024.2101,4284.08,-0.154532,5,-0.186887,4147.69
6421,97644.5111,1024.1231,856.844,-0.154500,1,-0.186861,829.559
6422,97652.8088,1024.0361,8568.71,-0.154467,10,-0.186835,8295.81
6423,97658.5204,1023.9762,17137.8,-0.154445,20,-0.186817,16591.9
6424,97687.7164,1023.6702,4284.94,-0.154331,5,-0.186726,4148.36
6425,97696.9942,1023.5729,25710.6,-0.154295,30,-0.186696,24890.9
6426,97726.1047,1023.2680,85711.7,-0.154181,100,-0.186604,82977.2
6427,97730.4035,1023.2230,8571.31,-0.154164,10,-0.186590,8297.84
6428,97757.9115,1022.9351,171445,-0.154056,200,-0.186502,165971
6429,97761.2827,1022.8998,8572.36,-0.154042,10,-0.186492,8298.66
6430,97775.0164,1022.7562,42864.1,-0.153988,50,-0.186447,41495.1
6431,97793.7856,1022.5599,1714.69,-0.153914,2,-0.186387,1659.9
6432,97809.5765,1022.3948,1714.8,-0.153851,2,-0.186336,1659.99
6433,97818.5253,1022.3012,3429.72,-0.153815,4,-0.186306,3320.08
6434,97833.3906,1022.1459,3429.93,-0.153756,4,-0.186258,3320.24
6435,97839.9930,1022.0769,3430.02,-0.153729,4,-0.186236,3320.31
6436,97860.2921,1021.8649,4287.87,-0.153648,5,-0.186169,4150.66
6437,97869.9782,1021.7638,857.607,-0.153609,1,-0.186138,830.159
6438,97873.5991,1021.7260,25728.6,-0.153594,30,-0.186126,24905.1
6439,97873.5991,1021.7260,25728.6,-0.153594,30,-0.186126,24905.1
6440,97879.5197,1021.6642,6003.48,-0.153570,7,-0.186106,5811.3
6441,97887.7883,1021.5779,12865,-0.153537,15,-0.186079,12453.1
6442,97909.4196,1021.3522,857744,-0.153450,1000,-0.186006,830268
6443,97928.8030,1021.1500,17156.2,-0.153371,20,-0.185942,16606.4
6444,97939.4270,1021.0393,6004.94,-0.153328,7,-0.185906,5812.46
6445,97944.1751,1020.9898,42893.3,-0.153308,50,-0.185890,41518.3
6446,97980.7080,1020.6091,8579.93,-0.153159,10,-0.185766,8304.68
6447,98015.0001,1020.2520,4290.57,-0.153018,5,-0.185649,4152.83
6448,98021.0275,1020.1893,4290.68,-0.152993,5,-0.185628,4152.91
6449,98034.2093,1020.0521,34327.3,-0.152938,40,-0.185582,33224.8
6450,98040.9238,1019.9822,1716.41,-0.152910,2,-0.185559,1661.28
6451,98049.7946,1019.8899,8582.38,-0.152874,10,-0.185528,8306.65
6452,98068.1768,1019.6988,858.304,-0.152797,1,-0.185464,830.718
6453,98074.6977,1019.6310,51499.6,-0.152770,60,-0.185442,49844.2
6454,98074.6977,1019.6310,51499.6,-0.152770,60,-0.185442,49844.2
6455,98084.0138,1019.5341,51501.6,-0.152731,60,-0.185409,49845.9
6456,98089.7996,1019.4740,858.381,-0.152707,1,-0.185389,830.781
6457,98105.4922,1019.3109,85843.8,-0.152641,100,-0.185334,83082.7
6458,98115.4978,1019.2070,1716.95,-0.152599,2,-0.185298,1661.71
6459,98138.5045,1018.9680,171711,-0.152502,200,-0.185217,166185
6460,98146.0112,1018.8901,2575.75,-0.152470,3,-0.185190,2492.84
6461,98179.3803,1018.5438,858.706,-0.152329,1,-0.185071,831.046
6462,98195.8247,1018.3732,4293.83,-0.152259,5,-0.185011,4155.47
6463,98208.4901,1018.2419,85881.2,-0.152205,100,-0.184965,83113.3
6464,98246.0072,1017.8531,1717.9,-0.152044,2,-0.184829,1662.49
6465,98246.0072,1017.8531,1717.9,-0.152044,2,-0.184829,1662.49
6466,98278.5756,1017.5158,8590.71,-0.151903,10,-0.184709,8313.46
6467,98290.1231,1017.3962,4295.57,-0.151853,5,-0.184666,4156.91
6468,98295.0855,1017.3449,42956.6,-0.151832,50,-0.184648,41569.9
6469,98298.4278,1017.3103,17182.9,-0.151817,20,-0.184635,16628.1
6470,98306.0937,1017.2309,4295.87,-0.151784,5,-0.184607,4157.16
6471,98329.2933,1016.9909,8592.61,-0.151683,10,-0.184520,8315.03
6472,98356.0879,1016.7139,4296.81,-0.151565,5,-0.184419,4157.94
6473,98379.5947,1016.4709,171890,-0.151462,200,-0.184330,166332
6474,98446.0152,1015.7851,17194.1,-0.151167,20,-0.184076,16637.5
6475,98451.3794,1015.7298,8597.25,-0.151143,10,-0.184055,8318.9
6476,98454.3819,1015.6988,1719.47,-0.151129,2,-0.184043,1663.8
6477,98476.6817,1015.4688,4299.11,-0.151029,5,-0.183956,4159.86
6478,98489.1877,1015.3399,859.871,-0.150973,1,-0.183907,832.013
6479,98495.5889,1015.2739,25796.9,-0.150944,30,-0.183882,24961
6480,98505.6840,1015.1698,6879.48,-0.150899,8,-0.183843,6656.53
6481,98517.7014,1015.0460,2579.94,-0.150844,3,-0.183795,2496.32
6482,98540.1144,1014.8151,2580.21,-0.150742,3,-0.183707,2496.54
6483,98546.4206,1014.7502,8600.94,-0.150714,10,-0.183681,8322.01
6484,98558.8857,1014.6219,25804.3,-0.150657,30,-0.183632,24967.3
6485,98596.8835,1014.2308,8602.93,-0.150483,10,-0.183479,8323.69
6486,98599.6934,1014.2019,86030.4,-0.150470,100,-0.183468,83237.9
6487,98634.7978,1013.8410,3441.77,-0.150308,4,-0.183326,3329.99
6488,98640.7158,1013.7802,25814,-0.150280,30,-0.183301,24975.5
6489,98671.6907,1013.4619,86059.1,-0.150136,100,-0.183174,83262.3
6490,98682.1989,1013.3540,4303.17,-0.150087,5,-0.183131,4163.3
6491,98702.8242,1013.1422,68857.3,-0.149990,80,-0.183046,66618.4
6492,98733.0782,1012.8318,4304.2,-0.149847,5,-0.182919,4164.18
6493,98733.0782,1012.8318,4304.2,-0.149847,5,-0.182919,4164.18
6494,98740.0880,1012.7599,860.868,-0.149814,1,-0.182890,832.86
6495,98784.9231,1012.3002,1722.1,-0.149601,2,-0.182701,1666.03
6496,98804.3838,1012.1008,344453,-0.149508,400,-0.182618,333235
6497,98832.8910,1011.8089,43062.5,-0.149371,50,-0.182496,41659.4
6498,98881.9214,1011.3072,8614.54,-0.149133,10,-0.182283,8333.65
6499,98910.7971,1011.0120,51694.5,-0.148992,60,-0.182157,50008.3
6500,98920.3913,1010.9139,8616.16,-0.148945,10,-0.182114,8335.06
6501,98955.0178,1010.5602,43088.2,-0.148775,50,-0.181961,41681.7
6502,98982.2818,1010.2818,17237.6,-0.148640,20,-0.181839,16674.7
6503,98994.9024,1010.1530,17238.7,-0.148577,20,-0.181782,16675.7
6504,99006.5837,1010.0338,17239.7,-0.148519,20,-0.181730,16676.5
6505,99034.4074,1009.7501,862.104,-0.148379,1,-0.181604,833.932
6506,99052.0856,1009.5699,862.181,-0.148291,1,-0.181523,833.999
6507,99105.1895,1009.0289,862.413,-0.148022,1,-0.181279,834.203
6508,99114.1092,1008.9381,862.452,-0.147976,1,-0.181237,834.237
6509,99133.3878,1008.7419,12938.1,-0.147877,15,-0.181148,12514.7
6510,99146.1763,1008.6118,431297,-0.147812,500,-0.181088,417181
6511,99153.6125,1008.5361,2587.88,-0.147774,3,-0.181053,2503.17
6512,99178.3039,1008.2850,1725.47,-0.147646,2,-0.180937,1668.98
6513,99184.7009,1008.2200,17255.3,-0.147613,20,-0.180906,16690.3
6514,99221.4049,1007.8470,34517.2,-0.147422,40,-0.180732,33386.4
6515,99259.6114,1007.4591,34524.1,-0.147222,40,-0.180548,33392.5
6516,99259.6114,1007.4591,34524.1,-0.147222,40,-0.180548,33392.5
6517,99266.2122,1007.3921,863.132,-0.147188,1,-0.180516,834.839
6518,99271.7216,1007.3362,6042.1,-0.147159,7,-0.180489,5844.03
6519,99296.1942,1007.0879,863.269,-0.147029,1,-0.180370,834.961
6520,99321.7162,1006.8292,2590.16,-0.146894,3,-0.180245,2505.2
6521,99336.3172,1006.6812,4317.26,-0.146816,5,-0.180174,4175.63
6522,99365.7245,1006.3832,2590.77,-0.146659,3,-0.180028,2505.74
6523,99381.7234,1006.2212,2590.99,-0.146572,3,-0.179948,2505.94
6524,99417.7053,1005.8571,8638.31,-0.146378,10,-0.179768,8354.64
6525,99417.7053,1005.8571,8638.31,-0.146378,10,-0.179768,8354.64
6526,99435.6018,1005.6760,4319.58,-0.146280,5,-0.179677,4177.7
6527,99444.7004,1005.5840,863.958,-0.146231,1,-0.179631,835.578
6528,99474.7865,1005.2799,2592.3,-0.146066,3,-0.179478,2507.12
6529,99511.2005,1004.9120,25928.2,-0.145865,30,-0.179291,25075.9
6530,99548.7725,1004.5327,1728.91,-0.145656,2,-0.179096,1672.05
6531,99575.9031,1004.2590,864.586,-0.145505,1,-0.178954,836.145
6532,99661.2259,1003.3993,6920.03,-0.145022,8,-0.178500,6692.19
6533,99675.2292,1003.2583,8650.73,-0.144942,10,-0.178425,8365.87
6534,99713.2125,1002.8761,865.262,-0.144723,1,-0.178219,836.759
6535,99728.3201,1002.7242,865.337,-0.144636,1,-0.178137,836.828
6536,99796.9067,1002.0351,17313.7,-0.144236,20,-0.177759,16742.9
6537,99847.4166,1001.5282,3463.76,-0.143938,4,-0.177476,3349.52
6538,99877.7249,1001.2242,43304.9,-0.143758,50,-0.177305,41876.2
6539,99880.4216,1001.1972,17322.2,-0.143742,20,-0.177289,16750.8
6540,99937.0199,1000.6302,69312.5,-0.143402,80,-0.176965,67024.7
6541,99937.0199,1000.6302,69312.5,-0.143402,80,-0.176965,67024.7
6542,99947.5138,1000.5251,6065.23,-0.143338,7,-0.176905,5865.02
6543,99964.9062,1000.3511,2599.66,-0.143233,3,-0.176804,2513.83
6544,99997.7000,1000.0230,4333.63,-0.143033,5,-0.176613,4190.52
6545,100050.1125,999.4991,26010.2,-0.142710,30,-0.176304,25150.9
6546,100088.2890,999.1179,2601.63,-0.142473,3,-0.176076,2515.66
6547,100088.2890,999.1179,2601.63,-0.142473,3,-0.176076,2515.66
6548,100107.0072,998.9311,8673.12,-0.142357,10,-0.175964,8386.48
6549,100117.4188,998.8272,867.368,-0.142291,1,-0.175901,838.701
6550,100296.0871,997.0479,8683.59,-0.141150,10,-0.174799,8396.26
6551,100312.4868,996.8849,868.451,-0.141044,1,-0.174696,839.713
6552,100312.4868,996.8849,868.451,-0.141044,1,-0.174696,839.713
6553,100358.7914,996.4249,4343.58,-0.140740,5,-0.174401,4199.8
6554,100369.2794,996.3208,8687.75,-0.140671,10,-0.174334,8400.17
6555,100405.9204,995.9572,1737.97,-0.140428,2,-0.174097,1680.43
6556,100444.8853,995.5709,1738.42,-0.140168,2,-0.173844,1680.86
6557,100450.0080,995.5201,4346.21,-0.140134,5,-0.173810,4202.28
6558,100464.4234,995.3772,2607.98,-0.140037,3,-0.173716,2521.61
6559,100543.1168,994.5982,60885.3,-0.139503,70,-0.173194,58868.2
6560,100548.4961,994.5450,5218.93,-0.139466,6,-0.173158,5046.03
6561,100565.1883,994.3799,2609.77,-0.139352,3,-0.173046,2523.3
6562,100591.1873,994.1229,870.078,-0.139173,1,-0.172870,841.247
6563,100591.1873,994.1229,870.078,-0.139173,1,-0.172870,841.247
6564,100596.0156,994.0752,1740.21,-0.139140,2,-0.172838,1682.55
6565,100624.3873,993.7949,87027.8,-0.138943,100,-0.172645,84143.6
6566,100639.8843,993.6418,1740.74,-0.138835,2,-0.172539,1683.05
6567,100644.1110,993.6001,870.397,-0.138806,1,-0.172510,841.55
6568,100662.1781,993.4218,3482.03,-0.138679,4,-0.172386,3366.62
6569,100789.2906,992.1689,4356.46,-0.137778,5,-0.171497,4212.01
6570,100797.8072,992.0851,26140.4,-0.137717,30,-0.171437,25273.6
6571,100933.6177,990.7502,4361.04,-0.136726,5,-0.170456,4216.4
6572,101048.1866,989.6269,1745.91,-0.135870,2,-0.169605,1688
6573,101073.2987,989.3810,17462.4,-0.135680,20,-0.169415,16883.2
6574,101178.4123,988.3531,1747.65,-0.134873,2,-0.168610,1689.68
6575,101214.4866,988.0009,52444.3,-0.134593,60,-0.168329,50704.5
6576,101218.6867,987.9599,2622.3,-0.134560,3,-0.168297,2535.31
6577,101281.8111,987.3441,3498.14,-0.134063,4,-0.167799,3382.09
6578,101314.7813,987.0228,1749.53,-0.133802,2,-0.167537,1691.49
6579,101432.2112,985.8801,1751.18,-0.132856,2,-0.166587,1693.1
6580,101510.4883,985.1199,2628.46,-0.132214,3,-0.165939,2541.29
6581,101633.5788,983.9268,2631.17,-0.131185,3,-0.164900,2543.94
6582,101681.7067,983.4611,7019.31,-0.130776,8,-0.164486,6786.64
6583,101750.5077,982.7961,3511.73,-0.130185,4,-0.163886,3395.35
6584,101759.5115,982.7091,17560,-0.130107,20,-0.163807,16978.1
6585,101797.7750,982.3397,878.293,-0.129775,1,-0.163469,849.192
6586,102051.3162,979.8992,880.284,-0.127510,1,-0.161163,851.153
6587,102072.6942,979.6939,1760.91,-0.127315,2,-0.160963,1702.65
6588,102122.3028,979.2180,880.859,-0.126857,1,-0.160496,851.722
6589,102122.3028,979.2180,880.859,-0.126857,1,-0.160496,851.722
6590,102249.3925,978.0009,3527.63,-0.125667,4,-0.159277,3411.04
6591,102257.0081,977.9281,6173.8,-0.125595,7,-0.159203,5969.76
6592,102388.1000,976.6760,8830.83,-0.124337,10,-0.157911,8539.26
6593,102645.0813,974.2308,1770.68,-0.121784,2,-0.155281,1712.35
6594,102764.3817,973.0998,2659.27,-0.120559,3,-0.154015,2571.78
6595,102852.8136,972.2631,887.244,-0.119635,1,-0.153059,858.079
6596,102864.9980,972.1480,1774.72,-0.119507,2,-0.152926,1716.39
6597,102915.0855,971.6748,8878.29,-0.118976,10,-0.152376,8586.66
6598,102948.6261,971.3583,888.147,-0.118618,1,-0.152004,858.985
6599,103015.5882,970.7269,4443.94,-0.117897,5,-0.151256,4298.14
6600,103085.8886,970.0649,8894.68,-0.117132,10,-0.150461,8603.11
6601,103189.5954,969.0900,17809.7,-0.115986,20,-0.149270,17226.7
6602,103290.8217,968.1402,1783,-0.114849,2,-0.148086,1724.71
6603,103462.7983,966.5310,1786.53,-0.112873,2,-0.146024,1728.27
6604,103593.3196,965.3132,8946.38,-0.111336,10,-0.144418,8655.26
6605,103677.3145,964.5312,895.539,-0.110330,1,-0.143365,866.438
6606,103750.6959,963.8490,8963.36,-0.109440,10,-0.142433,8672.46
6607,104727.7107,954.8571,7263.48,-0.096583,8,-0.128899,7032.5
6608,106803.8136,936.2962,4696.21,-0.062683,5,-0.092839,4556.7
6609,106946.6044,935.0461,2825.28,-0.060007,3,-0.089978,2741.85
6610,106955.3015,934.9700,4709.57,-0.059842,5,-0.089802,4570.56
6611,107057.8996,934.0740,1887.51,-0.057889,2,-0.087713,1832.05
6612,107273.5904,932.1959,2843.14,-0.053705,3,-0.083236,2760.4
6613,107393.7157,931.1532,37998.6,-0.051329,40,-0.080693,36899.1
6614,108695.2991,920.0030,976.809,-0.023464,1,-0.050804,950.465
6615,109333.2129,914.6352,991.671,-0.008364,1,-0.034575,966.016
6616,109430.1175,913.8252,59641.9,-0.005986,60,-0.032017,58109.4
6617,109608.2837,912.3398,998.446,-0.001555,1,-0.027252,973.116
6618,109902.9048,909.8941,4023.82,0.005937,4,-0.019190,3923.97
6619,110241.0855,907.1028,1014.9,0.014793,1,-0.009656,990.39
6620,110572.2223,904.3863,2048.03,0.023731,2,-0.000031,1999.94
6621,110648.1041,903.7661,2052.3,0.025816,2,0.002215,2004.43
6622,110742.0975,902.9990,3086.48,0.028419,3,0.005018,3015.09
6623,111585.7088,896.1721,1054.15,0.052733,1,0.031221,1031.71
6624,111775.9115,894.6471,3180.59,0.058454,3,0.037389,3114.29
6625,112324.7067,890.2761,1078.37,0.075455,1,0.055721,1057.3
6626,112448.4995,889.2960,2165.26,0.079391,2,0.059967,2123.6
6627,112580.0116,888.2571,1087.21,0.083614,1,0.064522,1066.65
6628,112693.8128,887.3602,4364.91,0.087302,4,0.068500,4283.6
6629,112837.1165,886.2332,2192.71,0.091992,2,0.073559,2152.66
6630,112920.9937,885.5749,2198.79,0.094760,2,0.076545,2159.1
6631,112958.7151,885.2792,22015.4,0.096011,20,0.077895,21620.2
6632,113101.9836,884.1578,44241.9,0.100792,40,0.083053,43464
6633,113142.9024,883.8380,3322.7,0.102167,3,0.084536,3264.64
6634,113251.5870,882.9898,3334.93,0.105838,3,0.088497,3277.59
6635,113335.5035,882.3360,1114.82,0.108693,1,0.091577,1095.9
6636,113431.2944,881.5909,3355.44,0.111972,3,0.095116,3299.36
6637,113597.2188,880.3032,11249.1,0.117706,10,0.101303,11066.1
6638,113657.0107,879.8401,2254.52,0.119788,2,0.103550,2218.2
6639,113708.5979,879.4410,11292.9,0.121592,10,0.105497,11112.6
6640,113798.1142,878.7492,1132.85,0.124738,1,0.108892,1115.04
6641,113867.3124,878.2152,11356.3,0.127183,10,0.111530,11179.9
6642,114109.0031,876.3550,2290.94,0.135815,2,0.120846,2256.9
6643,114115.5071,876.3051,1145.74,0.136050,1,0.121099,1128.74
6644,114241.4199,875.3393,1150.97,0.140605,1,0.126016,1134.3
6645,114327.5094,874.6801,2309.17,0.143743,2,0.129402,2276.29
6646,114353.5156,874.4812,1155.69,0.144694,1,0.130428,1139.32
6647,114393.8121,874.1732,1157.39,0.146171,1,0.132023,1141.13
6648,114397.2130,874.1472,1157.54,0.146296,1,0.132157,1141.29
6649,114409.8000,874.0510,1158.07,0.146758,1,0.132656,1141.86
6650,114449.3163,873.7492,1159.76,0.148212,1,0.134226,1143.65
6651,114604.1063,872.5691,1166.43,0.153944,1,0.140413,1150.75
6652,114665.2086,872.1041,35072.6,0.156223,30,0.142872,34607.5
6653,114687.8156,871.9322,1170.08,0.157069,1,0.143785,1154.64
6654,114718.4993,871.6990,3514.27,0.158218,3,0.145026,3468.21
6655,114801.4883,871.0688,2350.17,0.161339,2,0.148394,2319.94
6656,114824.6885,870.8928,1176.11,0.162214,1,0.149339,1161.07
6657,114995.6871,869.5978,1183.77,0.168707,1,0.156347,1169.23
6658,115133.3851,868.5578,11900.4,0.173987,10,0.162046,11759.1
6659,115142.3904,868.4899,1190.45,0.174334,1,0.162421,1176.35
6660,115152.4182,868.4142,1190.91,0.174720,1,0.162838,1176.85
6661,115435.4185,866.2852,4816.39,0.185730,4,0.174722,4763.66
6662,115618.9878,864.9098,1212.85,0.192976,1,0.182544,1200.27
6663,115662.8104,864.5821,1214.97,0.194717,1,0.184424,1202.53
6664,115697.8963,864.3200,1216.67,0.196115,1,0.185933,1204.34
6665,115748.6161,863.9412,9753.08,0.198142,8,0.188120,9655.83
6666,115828.0050,863.3491,1223.02,0.201326,1,0.191558,1211.13
6667,115857.2887,863.1308,3673.39,0.202504,3,0.192830,3638.03
6668,115898.6092,862.8231,2453.01,0.204170,2,0.194628,2429.72
6669,115951.8153,862.4272,2458.3,0.206322,2,0.196951,2435.37
6670,115978.7138,862.2272,1230.49,0.207412,1,0.198128,1219.12
6671,116071.8982,861.5350,2470.33,0.211203,2,0.202220,2448.23
6672,116076.8929,861.4979,1235.41,0.211407,1,0.202440,1224.39
6673,116102.6074,861.3071,1236.71,0.212457,1,0.203574,1225.78
6674,116181.6881,860.7208,2481.45,0.215696,2,0.207071,2460.14
6675,116208.5120,860.5222,2484.19,0.216799,2,0.208261,2463.07
6676,116236.7876,860.3128,3730.62,0.217962,3,0.209517,3699.25
6677,116285.0068,859.9561,2492.03,0.219951,2,0.211664,2471.47
6678,116315.5956,859.7299,3742.78,0.221216,3,0.213030,3712.26
6679,116341.1871,859.5408,1248.92,0.222276,1,0.214174,1238.84
6680,116373.9099,859.2991,1250.61,0.223634,1,0.215639,1240.65
6681,116400.6048,859.1021,8764.01,0.224743,7,0.216837,8694.99
6682,116587.7846,857.7228,10094.7,0.232570,8,0.225287,10021.5
6683,116602.5909,857.6139,1262.63,0.233193,1,0.225959,1253.52
6684,116638.7829,857.3478,6322.76,0.234717,5,0.227605,6277.94
6685,116657.5100,857.2101,1265.55,0.235508,1,0.228457,1256.66
6686,116673.7089,857.0911,1266.42,0.236192,1,0.229196,1257.59
6687,116709.8036,856.8260,1268.35,0.237718,1,0.230844,1259.66
6688,116721.5090,856.7401,2537.96,0.238214,2,0.231379,2520.67
6689,116783.5166,856.2852,1272.32,0.240846,1,0.234220,1263.92
6690,116796.2114,856.1922,25460.2,0.241385,20,0.234803,25293.2
6691,116848.6136,855.8082,3827.57,0.243618,3,0.237213,3803.13
6692,116860.9099,855.7181,25530.5,0.244143,20,0.237780,25368.6
6693,116901.3880,855.4218,1278.74,0.245874,1,0.239648,1270.8
6694,116953.8883,855.0378,1281.62,0.248124,1,0.242077,1273.89
6695,117001.2042,854.6921,1284.23,0.250158,1,0.244272,1276.69
6696,117061.2007,854.2540,1287.55,0.252744,1,0.247065,1280.26
6697,117125.9060,853.7821,2582.33,0.255543,2,0.250087,2568.27
6698,117176.5863,853.4128,12940.1,0.257743,10,0.252461,12871.9
6699,117189.6020,853.3180,2589.48,0.258309,2,0.253072,2575.95
6700,117201.8103,853.2291,5181.71,0.258840,4,0.253645,5154.86
6701,117216.8015,853.1200,1296.27,0.259493,1,0.254350,1289.62
6702,117225.8907,853.0539,1296.79,0.259889,1,0.254777,1290.17
6703,117237.6974,852.9680,1297.45,0.260403,1,0.255333,1290.89
6704,117389.2058,851.8671,2612.18,0.267038,2,0.262495,2600.34
6705,117436.5007,851.5240,2617.62,0.269120,2,0.264743,2606.19
6706,117448.3875,851.4378,3928.5,0.269644,3,0.265309,3911.5
6707,117458.9953,851.3609,10480.9,0.270112,8,0.265814,10435.9
6708,117467.2879,851.3008,262118,0.270478,200,0.266209,261002
6709,117485.6068,851.1681,19674.8,0.271288,15,0.267083,19592.2
6710,117522.2030,850.9030,6568.89,0.272907,5,0.268831,6542.17
6711,117601.2875,850.3308,6591.99,0.276417,5,0.272620,6567
6712,117625.4901,850.1559,13198.2,0.277494,10,0.273783,13149.3
6713,117638.6057,850.0611,1320.59,0.278079,1,0.274414,1315.76
6714,117645.5125,850.0112,1321,0.278387,1,0.274746,1316.2
6715,117661.5978,849.8950,26438.9,0.279104,20,0.275520,26344.3
6716,117674.3108,849.8031,26453.9,0.279672,20,0.276133,26360.5
6717,117824.7885,848.7178,1331.65,0.286418,1,0.283416,1327.66
6718,117833.2121,848.6572,13321.5,0.286797,10,0.283825,13282
6719,117863.3907,848.4399,1333.97,0.288157,1,0.285293,1330.15
6720,117962.2089,847.7291,1339.94,0.292626,1,0.290117,1336.58
6721,117997.7069,847.4741,4026.31,0.294237,3,0.291857,4016.73
6722,118124.4069,846.5651,2699.75,0.300012,2,0.298090,2694.57
6723,118174.1052,846.2091,2705.9,0.302287,2,0.300546,2701.19
6724,118243.8144,845.7102,9501.02,0.305489,7,0.304002,9486.91
6725,118310.8177,845.2312,13614.9,0.308577,10,0.307336,13598
6726,118333.9840,845.0658,6814.72,0.309648,5,0.308491,6806.85
6727,118372.8978,844.7880,4096.2,0.311448,3,0.310435,4092.05
6728,118427.9956,844.3949,136890,0.314004,100,0.313194,136779
6729,118483.6977,843.9980,2744.89,0.316595,2,0.315990,2743.23
6730,118499.2925,843.8869,13734.4,0.317322,10,0.316775,13726.9
6731,118547.7144,843.5422,55062.1,0.319582,40,0.319214,55041.8
6732,118576.4064,843.3381,275680,0.320923,200,0.320663,275608
6733,118580.0915,843.3119,13786.4,0.321096,10,0.320849,13783
6734,118694.7949,842.4969,55443.3,0.326481,40,0.326661,55453.3
6735,118710.7023,842.3840,1387.12,0.327230,1,0.327470,1387.45
6736,118746.5040,842.1301,1389.46,0.328918,1,0.329292,1389.98
6737,118766.2188,841.9903,4172.28,0.329849,3,0.330297,4174.15
6738,118796.0087,841.7791,1392.72,0.331258,1,0.331818,1393.5
6739,118817.3133,841.6282,27882.5,0.332267,20,0.332907,27900.3
6740,118845.8880,841.4258,11168.1,0.333621,8,0.334369,11176.5
6741,118903.9145,841.0152,5599.47,0.336378,4,0.337344,5604.88
6742,118921.6063,840.8901,42031.4,0.337220,30,0.338253,42074.9
6743,118924.3020,840.8710,14012.3,0.337348,10,0.338392,14026.9
6744,118982.6012,840.4590,8430.77,0.340129,6,0.341393,8441.43
6745,119007.6888,840.2818,11254.5,0.341328,8,0.342687,11269.8
6746,119039.5138,840.0572,84537.5,0.342851,60,0.344331,84662.7
6747,119048.3092,839.9951,84573.1,0.343272,60,0.344785,84701.2
6748,119101.6133,839.6192,1413.16,0.345829,1,0.347546,1415.59
6749,119114.4027,839.5290,1414.03,0.346444,1,0.348209,1416.53
6750,119122.2041,839.4741,2829.12,0.346819,2,0.348614,2834.2
6751,119138.6917,839.3579,42470.5,0.347612,30,0.349470,42549.5
6752,119199.0100,838.9331,42594.1,0.350519,30,0.352608,42683.2
6753,119216.6170,838.8092,1421.01,0.351370,1,0.353526,1424.08
6754,119372.7894,837.7118,2863.63,0.358943,2,0.361700,2871.54
6755,119442.4968,837.2230,4310.07,0.362342,3,0.365368,4323.13
6756,119510.8888,836.7438,11532,0.365687,8,0.368979,11570.1
6757,119575.0100,836.2951,1446.05,0.368834,1,0.372376,1451.18
6758,119639.6977,835.8430,21759.9,0.372019,15,0.375812,21842.6
6759,119815.4119,834.6172,1463.33,0.380717,1,0.385201,1469.91
6760,119979.1908,833.4779,14753.4,0.388890,10,0.394021,14829.3
6761,120020.6142,833.1902,14784.1,0.390967,10,0.396263,14862.6
6762,120101.2069,832.6311,2968.83,0.395020,2,0.400636,2985.55
6763,120168.6067,832.1641,1489.47,0.398420,1,0.404306,1498.26
6764,120190.4096,832.0131,1491.11,0.399522,1,0.405496,1500.05
6765,120204.0033,831.9190,4476.42,0.400210,3,0.406238,4503.48
6766,120214.5867,831.8458,14929.4,0.400746,10,0.406816,15020.3
6767,120298.4118,831.2662,299860,0.404999,200,0.411406,301788
6768,120317.2170,831.1362,1500.74,0.405955,1,0.412438,1510.5
6769,120347.5050,830.9271,3006.1,0.407497,2,0.414102,3026.02
6770,120425.9072,830.3861,1509.08,0.411499,1,0.418420,1519.56
6771,120473.0915,830.0609,3025.45,0.413914,2,0.421027,3047.05
6772,120579.9967,829.3250,4563.17,0.419404,3,0.426952,4597.74
6773,120719.8926,828.3639,76604.2,0.426629,50,0.434748,77228.7
6774,120748.3004,828.1690,1534.34,0.428102,1,0.436337,1547.03
6775,120753.4015,828.1340,1534.75,0.428366,1,0.436623,1547.47
6776,120868.5877,827.3448,1543.97,0.434357,1,0.443088,1557.51
6777,121066.9961,825.9889,46802.9,0.444749,30,0.454301,47252.2
6778,121152.7978,825.4040,10970.2,0.449270,7,0.459180,11079.4
6779,121229.7856,824.8798,4720.69,0.453342,3,0.463573,4769.23
6780,121279.4157,824.5422,1577.71,0.455974,1,0.466413,1594.27
6781,121489.4036,823.1171,1595.47,0.467171,1,0.478495,1613.64
6782,121547.2991,822.7250,3200.87,0.470276,2,0.481845,3238.12
6783,121585.4079,822.4671,24055.7,0.472324,15,0.484055,24339.6
6784,121663.0955,821.9419,16104.4,0.476509,10,0.488570,16299.8
