wn,lambda,I_reported,I_original,I_corrected,P,dlnI,gA,u_pct_gA,Eup,Elow,used_in_fit,dropped_at_stage
9328.776971,10719.5188,500,500,0.77102,-6.474649,0.283907,327802,97.25,25033.90,15705.10,1,0
9682.960030,10327.4205,500,500,3.12105,-5.076437,0.346668,1.52759e+06,71.25,26447.00,16764.00,1,0
9704.584385,10304.4083,500,500,3.33376,-5.010509,0.324930,1.46374e+06,78.75,25409.70,15705.10,1,0
9764.259343,10241.4322,500,500,3.95919,-4.838569,-0.365284,750606,82.59,23651.90,13887.60,1,0
9839.499106,10163.1190,500,500,4.82101,-4.641624,0.055045,1.01437e+06,69.94,19872.40,10032.90,1,0
9966.266274,10033.8479,500,500,6.41751,-4.355578,-1.074458,677015,84.34,25409.70,15443.50,1,0
10006.108624,9993.8951,500,500,6.94502,-4.276583,-1.130711,729520,70.15,26095.20,16089.10,1,0
10022.193339,9977.8558,25,25,0.358008,-4.246077,1.633680,367080,81.64,20160.40,10138.20,1,0
10063.318691,9937.0797,50,50,0.771393,-4.171581,1.349193,827552,76.00,24250.60,14187.40,1,0
10121.860968,9879.6062,75,75,1.27586,-4.073866,-0.898183,144496,105.24,24309.20,14187.40,1,0
10194.659853,9809.0570,175,175,3.31879,-3.965187,0.882707,2.89827e+06,76.78,27604.30,17409.60,1,0
10198.186369,9805.6651,150,150,2.85871,-3.960266,0.877106,1.46528e+06,86.59,21148.40,10950.20,1,0
10221.751687,9783.0590,25,25,0.491992,-3.928170,0.110993,226871,79.45,29267.90,19046.10,1,0
10273.946045,9733.3585,25,25,0.525749,-3.861807,0.055914,154207,75.51,24461.20,14187.40,1,0
10276.171095,9731.2510,25,25,0.527165,-3.859118,-0.093947,376294,76.54,37197.60,26921.50,1,0
10319.251875,9690.6250,25,25,0.55412,-3.809251,-0.261939,96962.4,78.13,22080.90,11761.70,1,0
10356.816774,9655.4764,50,50,1.15369,-3.769055,0.035707,419921,85.44,27452.40,17095.60,1,0
10435.829851,9582.3716,100,100,2.48745,-3.693911,-0.571557,296176,82.19,21294.90,10859.10,1,0
10468.588137,9552.3865,175,175,4.47498,-3.666285,-0.414538,627780,90.96,21418.80,10950.20,1,0
10491.487532,9531.5368,50,50,1.30198,-3.648137,-0.738284,190610,72.10,25935.00,15443.50,1,0
10573.669348,9457.4548,50,50,1.37926,-3.590476,-1.895636,55838.3,97.54,24461.20,13887.60,1,0
10583.321463,9448.8295,75,75,2.08142,-3.584436,-0.144925,485195,83.83,24470.90,13887.60,1,0
10599.810963,9434.1305,75,75,2.1023,-3.574457,-1.160734,565998,109.22,38701.60,28101.80,1,0
10660.966258,9380.0128,175,175,5.07193,-3.541064,0.343071,1.514e+06,87.17,21611.20,10950.20,1,0
10676.105827,9366.7112,25,25,0.729959,-3.533643,-0.232340,121631,101.93,21535.20,10859.10,1,0
10710.200713,9336.8932,250,250,7.4139,-3.518105,-0.080871,1.35471e+06,82.37,20848.40,10138.20,1,0
10741.828856,9309.4017,75,75,2.2533,-3.505094,-4.252116,10005.2,450.11,26447.00,15705.10,0,2
10766.024019,9288.4801,75,75,2.27384,-3.496018,-0.820523,226255,74.37,22527.70,11761.70,1,0
10789.693811,9268.1036,250,250,7.64164,-3.487849,0.279529,1.87892e+06,80.41,20160.40,9370.70,1,0
10840.283626,9224.8509,200,200,6.20698,-3.472642,-0.647448,1.10366e+06,89.04,27604.30,16764.00,1,0
10922.525094,9155.3921,50,50,1.5809,-3.454027,-0.057796,1.27773e+06,69.60,39024.30,28101.80,1,0
10947.620125,9134.4054,250,250,7.93843,-3.449745,0.456305,3.00083e+06,79.28,23442.30,12494.60,1,0
10986.014847,9102.4818,250,250,7.98119,-3.444373,0.923153,4.53093e+06,80.99,22747.70,11761.70,1,0
11003.532231,9087.9908,75,75,2.39914,-3.442378,-1.100210,243147,82.93,26447.00,15443.50,1,0
11156.713457,8963.2131,50,50,1.60985,-3.435880,-1.665124,60067.8,96.34,21294.90,10138.20,1,0
11221.903723,8911.1440,100,100,3.21167,-3.438379,0.065005,716645,87.72,22080.90,10859.10,1,0
11250.349377,8888.6128,125,125,4.00678,-3.440326,-0.016748,2.69696e+06,96.71,36642.10,25391.70,1,0
11280.661443,8864.7284,25,25,0.79927,-3.442933,1.059321,454313,78.13,21418.80,10138.20,1,0
11291.162253,8856.4842,1000,1000,31.938,-3.443959,0.323076,1.41292e+07,69.21,27380.30,16089.10,1,0
11397.580685,8773.7918,500,500,15.7526,-3.457604,-0.856226,4.52073e+06,67.03,36642.10,25244.60,1,0
11470.472412,8718.0367,5,5,0.155591,-3.469959,1.774759,576573,66.67,35828.50,24358.00,0,2
11473.005051,8716.1123,45,45,1.39967,-3.470427,0.447168,430831,82.58,21611.20,10138.20,1,0
11476.092169,8713.7676,5,5,0.155429,-3.471001,-2.055159,7092.42,94.02,28885.10,17409.60,0,2
11477.773350,8712.4913,40,40,1.24305,-3.471315,0.564245,404017,74.84,20848.40,9370.70,1,0
11502.227522,8693.9682,500,500,15.4655,-3.475999,0.284744,4.01147e+06,80.35,21535.20,10032.90,1,0
11522.136317,8678.9461,40,40,1.23233,-3.479970,0.767374,709342,88.77,25409.70,13887.60,1,0
11523.359439,8678.0249,10,10,0.308007,-3.480218,1.323783,946800,93.26,39120.40,27597.10,1,0
11621.015114,8605.1002,5000,5000,150.753,-3.501550,-1.112088,1.79897e+07,69.39,29263.10,17642.10,1,0
11628.409049,8599.6287,20,20,0.601973,-3.503275,0.730869,967412,88.58,38549.90,26921.50,1,0
11631.217677,8597.5521,45,45,1.35355,-3.503934,0.344862,1.62816e+06,101.35,39733.00,28101.80,1,0
11668.637782,8569.9806,200,200,5.96211,-3.512894,0.607957,2.28378e+06,80.20,22527.70,10859.10,1,0
11680.538266,8561.2493,10,10,0.297237,-3.515811,-0.087548,61132.9,65.96,23442.30,11761.70,1,0
11695.041319,8550.6325,5,5,0.148085,-3.519406,1.040799,127114,67.74,27138.50,15443.50,1,0
11747.594245,8512.3812,15,15,0.438354,-3.532779,0.089427,131137,75.25,25935.00,14187.40,1,0
11753.892429,8507.8199,5,5,0.145879,-3.534414,0.610348,175931,65.39,36640.40,24886.50,1,0
11768.416414,8497.3200,100,100,2.90653,-3.538210,0.236406,3.13521e+06,69.21,39870.20,28101.80,1,0
11840.793368,8445.3800,25,25,0.712701,-3.557570,1.177354,802120,75.93,28936.50,17095.60,1,0
11888.616369,8411.4078,100,100,2.81366,-3.570682,-0.148997,505210,79.07,22747.70,10859.10,1,0
11890.167460,8410.3105,45,45,1.26561,-3.571111,1.041450,804440,77.87,23651.90,11761.70,1,0
11891.834821,8409.1313,30,30,0.843349,-3.571572,0.584017,866156,85.54,35137.80,23246.00,1,0
11899.132706,8403.9738,25,25,0.701372,-3.573592,-0.069657,202469,111.28,27604.30,15705.10,1,0
11915.489146,8392.4377,30,30,0.837834,-3.578133,-0.501524,220649,77.98,31787.90,19872.40,1,0
11942.767671,8373.2685,45,45,1.24723,-3.585741,0.393730,363280,73.17,22080.90,10138.20,1,0
11956.919946,8363.3578,5,5,0.138033,-3.589703,1.585524,227355,67.29,28720.70,16764.00,1,0
11966.799850,8356.4530,5,5,0.137651,-3.592473,-0.783174,6841.19,251.19,14860.00,2893.10,1,0
12046.212961,8301.3641,5,5,0.13461,-3.614811,1.765260,444708,86.11,35137.80,23091.70,1,0
12047.352509,8300.5789,25,25,0.672835,-3.615132,0.732688,373447,82.61,25935.00,13887.60,1,0
12100.361287,8264.2161,40,40,1.06062,-3.630025,0.152616,259308,86.32,23050.60,10950.20,1,0
12125.395949,8247.1534,250,250,6.58263,-3.637027,-0.157509,3.68066e+06,84.63,37011.90,24886.50,1,0
12139.473001,8237.5899,150,150,3.9341,-3.640952,0.739813,1.61928e+06,82.28,22277.70,10138.20,1,0
12160.760460,8223.1700,5,5,0.130364,-3.646866,-0.073990,36664,81.58,27604.30,15443.50,1,0
12199.001818,8197.3920,35,35,0.90297,-3.657414,-0.012616,689028,80.88,39120.40,26921.50,1,0
12208.570362,8190.9672,45,45,1.15792,-3.660035,-0.088224,430789,75.85,31254.70,19046.10,1,0
12240.521610,8169.5865,40,40,1.02035,-3.668730,-0.437284,121562,92.79,21611.20,9370.70,1,0
12284.136136,8140.5806,100,100,2.52121,-3.680433,-0.237582,1.24625e+06,104.41,36642.10,24358.00,1,0
12293.365560,8134.4689,400,400,10.0602,-3.682882,-2.878660,134618,158.65,24788.00,12494.60,0,2
12312.587766,8121.7695,250,250,6.25582,-3.687949,0.030369,4.04254e+06,93.84,36670.60,24358.00,1,0
12337.861857,8105.1321,3000,3000,74.5768,-3.694538,-0.725338,2.68445e+07,72.06,38785.80,26447.90,1,0
12494.776386,8003.3445,250,250,5.97875,-3.733250,0.175137,1.38734e+06,68.99,22527.70,10032.90,1,0
12501.555926,7999.0043,45,45,1.07448,-3.734825,0.259877,1.13798e+06,72.10,40098.70,27597.10,1,0
12539.277933,7974.9409,1000,1000,23.673,-3.743421,-0.108423,5.05783e+06,75.82,25033.90,12494.60,1,0
12559.359542,7962.1894,15,15,0.353515,-3.747879,-1.819135,15295.3,231.69,26447.00,13887.60,1,0
12561.032168,7961.1292,5,5,0.117795,-3.748246,0.181493,15361.9,101.50,15454.20,2893.10,1,0
12564.025359,7959.2326,50,50,1.17718,-3.748902,0.099322,1.00497e+06,76.98,39485.50,26921.50,1,0
12582.629391,7947.4645,50,50,1.17244,-3.752937,-0.138688,214267,83.68,23532.90,10950.20,1,0
12608.640679,7931.0691,50,50,1.16599,-3.758450,0.961669,2.49177e+06,77.49,40205.70,27597.10,1,0
12617.749629,7925.3435,100,100,2.32757,-3.760344,-0.383020,908888,83.85,35863.70,23246.00,1,0
12632.355568,7916.1800,1000,1000,23.2061,-3.763342,-1.079143,858026,83.01,15525.50,2893.10,1,0
12659.409725,7899.2625,400,400,9.23224,-3.768763,-0.767028,529791,86.53,17113.20,4453.80,1,0
12673.810148,7890.2870,1000,1000,23.0158,-3.771576,-3.929535,94278.6,251.85,23532.90,10859.10,0,2
12709.220594,7868.3031,1500,1500,34.293,-3.778278,-0.223814,6.15182e+06,80.08,24470.90,11761.70,1,0
12772.051590,7829.5957,45,45,1.01743,-3.789379,-0.070925,536260,80.02,35863.70,23091.70,1,0
12778.633907,7825.5626,5,5,0.112924,-3.790482,-0.592673,46451.4,40.74,39225.60,26447.00,1,0
12792.817700,7816.8862,200,200,4.50641,-3.792818,0.345222,1.32703e+06,84.75,23651.90,10859.10,1,0
12801.261911,7811.7299,25,25,0.562533,-3.794182,-1.245890,33996.1,127.28,23751.60,10950.20,1,0
12802.186610,7811.1656,40,40,0.899919,-3.794330,-1.059913,245495,125.88,39940.70,27138.50,1,0
12846.656866,7784.1263,3000,3000,67.0333,-3.801177,-0.042124,5.52468e+06,87.34,12846.70,0.00,1,0
12890.561043,7757.6142,100,100,2.22062,-3.807383,0.049082,1.81326e+06,97.29,39870.20,26979.70,1,0
12892.506146,7756.4438,500,500,11.1002,-3.807645,0.946006,5.96294e+06,80.28,23751.60,10859.10,1,0
12907.015497,7747.7245,250,250,5.53946,-3.809564,0.234568,1.29388e+06,79.56,22277.70,9370.70,1,0
12912.446748,7744.4656,500,500,11.0711,-3.810266,-0.248945,1.69764e+06,79.17,23050.60,10138.20,1,0
12985.530728,7700.8789,35,35,0.768363,-3.818842,-0.554281,92109.5,70.52,23844.60,10859.10,1,0
12994.150408,7695.7705,5,5,0.109667,-3.819744,-1.339210,65212,51.59,53092.80,40098.70,1,0
13015.596488,7683.0901,15,15,0.328296,-3.821889,0.690648,203000,60.32,28720.70,15705.10,1,0
13026.331470,7676.7584,200,200,4.37283,-3.822907,-0.517213,585700,92.79,24788.00,11761.70,1,0
13033.110685,7672.7653,100,100,2.18505,-3.823531,-1.503526,318597,67.24,37919.60,24886.50,1,0
13071.126114,7650.4502,100,100,2.17801,-3.826757,0.298682,992461,76.70,29835.10,16764.00,1,0
13081.021735,7644.6628,30,30,0.652906,-3.827519,-1.046658,28374.1,113.91,17534.80,4453.80,1,0
13110.056614,7627.7321,100,100,2.1719,-3.829569,0.419492,1.30751e+06,84.78,31803.70,18693.70,1,0
13115.467424,7624.5853,5,5,0.108557,-3.829921,-0.769314,57956.5,90.59,44903.40,31787.90,1,0
13173.968411,7590.7272,150,150,3.24641,-3.833087,-0.119335,922218,76.00,29263.10,16089.10,1,0
13177.208584,7588.8607,15,15,0.324595,-3.833228,-0.315190,183515,71.11,40098.70,26921.50,1,0
13217.840405,7565.5324,45,45,0.972358,-3.834693,0.476435,915288,88.01,36683.20,23465.40,1,0
13241.843210,7551.8188,25,25,0.539878,-3.835289,-1.475628,35752.3,141.89,28101.80,14860.00,1,0
13242.788786,7551.2795,100,100,2.15947,-3.835308,0.904306,2.17433e+06,86.25,32288.90,19046.10,1,0
13250.987703,7546.6073,15,15,0.32387,-3.835463,-1.594687,17588.6,76.37,27138.50,13887.60,1,0
13272.229691,7534.5290,45,45,0.97133,-3.835752,1.604095,1.08679e+06,80.39,25033.90,11761.70,1,0
13277.232048,7531.6903,5,5,0.107921,-3.835797,0.599579,59723,64.35,28720.70,15443.50,1,0
13278.120860,7531.1862,500,500,10.792,-3.835804,0.598247,1.46423e+07,68.65,39726.00,26447.90,1,0
13284.289184,7527.6892,15,15,0.323746,-3.835845,-1.576728,51872.4,128.65,40205.70,26921.50,1,0
13309.838325,7513.2393,100,100,2.15826,-3.835870,0.026338,1.51665e+06,98.64,38701.60,25391.70,1,0
13341.759207,7495.2634,200,200,4.3178,-3.835571,0.040930,2.12686e+06,84.36,34198.60,20856.90,1,0
13352.099480,7489.4589,250,250,5.3982,-3.835395,0.434024,718140,86.60,13352.10,0.00,1,0
13394.021478,7466.0176,100,100,2.16169,-3.834281,-0.310980,1.08474e+06,103.39,38785.80,25391.70,1,0
13394.649636,7465.6675,50,50,1.08087,-3.834259,2.156990,1.8428e+06,82.15,23532.90,10138.20,0,2
13406.333882,7459.1608,25,25,0.540665,-3.833831,0.079612,336571,82.75,36652.30,23246.00,1,0
13409.338815,7457.4892,10,10,0.216292,-3.833712,-0.138685,36817.9,132.66,23442.30,10032.90,1,0
13426.872646,7447.7507,15,15,0.324683,-3.832955,-0.387434,180742,71.88,41024.00,27597.10,1,0
13456.959474,7431.0991,4000,4000,86.718,-3.831388,-0.477310,3.64239e+07,69.04,38701.60,25244.60,1,0
13461.630805,7428.5205,2000,2000,43.3708,-3.831115,0.343871,5.91428e+06,89.25,14860.00,1398.30,1,0
13510.999149,7401.3771,45,45,0.979161,-3.827721,0.616549,382564,85.17,24461.20,10950.20,1,0
13513.720342,7399.8867,30,30,0.652914,-3.827507,-0.115697,114795,76.45,23651.90,10138.20,1,0
13541.112237,7384.9177,50,50,1.09071,-3.825198,1.571221,3.55571e+06,68.08,38785.80,25244.60,1,0
13564.848778,7371.9952,10,10,0.218629,-3.822965,1.282600,211405,71.63,27452.40,13887.60,1,0
13591.496996,7357.5413,100,100,2.19234,-3.820200,0.632390,2.34564e+06,81.91,36683.20,23091.70,1,0
13595.213681,7355.5298,20,20,0.438647,-3.819793,0.088255,190231,88.65,32288.90,18693.70,1,0
13600.571820,7352.6320,300,300,6.58363,-3.819196,0.079156,1.70598e+06,80.65,26095.20,12494.60,1,0
13602.159599,7351.7738,200,200,4.38987,-3.819018,-0.364926,638460,76.50,24461.20,10859.10,1,0
13611.819634,7346.5564,50,50,1.09869,-3.817908,-1.545128,49094.7,104.83,24470.90,10859.10,1,0
13613.363488,7345.7232,350,350,7.69219,-3.817727,-0.939026,594144,82.83,23751.60,10138.20,1,0
13618.941868,7342.7144,150,150,3.29883,-3.817067,0.991977,1.74226e+06,85.70,23651.90,10032.90,1,0
13648.046300,7327.0560,40,40,0.882898,-3.813425,-3.520403,5893.08,244.66,25409.70,11761.70,0,2
13716.662346,7290.4033,20,20,0.445838,-3.803532,-0.114640,106738,85.15,27604.30,13887.60,1,0
13741.723235,7277.1077,35,35,0.783401,-3.799459,-0.059333,250723,78.39,30505.70,16764.00,1,0
13765.918757,7264.3172,100,100,2.24764,-3.795290,0.414238,1.96088e+06,81.36,37011.90,23246.00,1,0
13807.952643,7242.2033,250,250,5.66305,-3.787498,0.299375,5.03737e+06,82.94,38694.50,24886.50,1,0
13811.662956,7240.2578,100,100,2.26686,-3.786776,0.705559,900566,81.00,23844.60,10032.90,1,0
13815.868035,7238.0541,25,25,0.567181,-3.785952,-2.202564,43139.3,32.50,39225.60,25409.70,0,4
13824.340856,7233.6179,250,250,5.68136,-3.784269,0.094129,1.90472e+06,77.12,29267.90,15443.50,1,0
13920.223757,7183.7926,30,30,0.696258,-3.763232,-0.329201,285616,72.68,37011.90,23091.70,1,0
13928.961145,7179.2863,5,5,0.116287,-3.761132,-0.023240,23871.4,104.74,24788.00,10859.10,1,0
13951.641871,7167.6152,100,100,2.33879,-3.755537,0.807581,3.02904e+06,81.34,37197.60,23246.00,1,0
14005.751878,7139.9237,25,25,0.59305,-3.741352,-0.694522,213107,35.51,39940.70,25935.00,1,0
14018.069337,7133.6500,15,15,0.35704,-3.737958,-0.264184,318145,100.22,45806.00,31787.90,1,0
14055.823468,7114.4889,500,500,12.0304,-3.727173,-0.095391,1.06296e+06,85.00,15454.20,1398.30,1,0
14105.936251,7089.2139,35,35,0.855032,-3.711965,-0.313194,357086,102.66,37197.60,23091.70,1,0
14112.441390,7085.9462,100,100,2.44796,-3.709916,-0.865173,204537,108.34,24250.60,10138.20,1,0
14127.148882,7078.5691,4500,4500,110.677,-3.705221,-0.579241,6.03239e+06,85.99,15525.50,1398.30,1,0
14129.954036,7077.1639,100,100,2.46171,-3.704315,0.246959,985363,71.83,29835.10,15705.10,1,0
14133.052278,7075.6124,20,20,0.492836,-3.703311,-0.713329,59801.7,156.87,26979.70,12846.70,1,0
14162.210803,7061.0445,25,25,0.622011,-3.693673,1.001332,315799,81.29,23532.90,9370.70,1,0
14171.009587,7056.6602,75,75,1.8716,-3.690697,0.587190,668668,79.90,24309.20,10138.20,1,0
14174.851227,7054.7478,5,5,0.124937,-3.689387,1.201819,87536.3,73.63,25033.90,10859.10,1,0
14220.044509,7032.3268,5000,5000,126.933,-3.673534,0.101250,1.54515e+07,86.22,17113.20,2893.10,1,0
14323.046264,6981.7550,100,100,2.64025,-3.634298,-0.275543,398765,82.74,24461.20,10138.20,1,0
14333.519241,6976.6537,5,5,0.132572,-3.630067,-0.732111,14482.3,128.49,26095.20,11761.70,1,0
14334.269368,6976.2886,25,25,0.663062,-3.629762,0.482498,742253,99.47,39726.00,25391.70,1,0
14341.260628,6972.8877,500,500,13.2991,-3.626911,0.865360,2.18339e+07,64.63,39733.00,25391.70,1,0
14343.620703,6971.7404,25,25,0.665599,-3.625944,-0.099268,382791,104.53,38701.60,24358.00,1,0
14416.567613,6936.4638,150,150,4.11936,-3.594938,0.737228,2.78714e+06,71.31,30505.70,16089.10,1,0
14437.563921,6926.3763,20,20,0.554393,-3.585614,0.030674,376475,112.42,39225.60,24788.00,1,0
14437.956245,6926.1880,75,75,2.07934,-3.585438,0.669709,802392,79.04,24470.90,10032.90,1,0
14467.487378,6912.0503,7000,7000,196.694,-3.572015,-0.221418,1.97538e+07,86.16,18921.20,4453.80,1,0
14481.364484,6905.4266,500,500,14.1402,-3.565586,-0.617126,5.21746e+06,84.99,39726.00,25244.60,1,0
14490.732500,6900.9624,1000,1000,28.4047,-3.561201,-0.525583,5.74922e+06,81.33,31254.70,16764.00,1,0
14530.997241,6881.8401,1,1,0.0289567,-3.541952,0.124386,22746.4,111.07,39940.70,25409.70,1,0
14550.670159,6872.5357,60,60,4.56724,-2.575436,0.178691,1.1555e+06,76.65,25409.70,10859.10,1,0
14558.804695,6868.6958,1000,1000,75.6616,-2.581485,-0.411098,4.37521e+06,85.44,14558.80,0.00,1,0
14578.974129,6859.1932,200,200,14.91,-2.596289,-0.062434,1.05821e+07,74.63,41026.90,26447.90,1,0
14641.611627,6829.8492,200,200,14.2651,-2.640501,-0.144159,1.36567e+06,83.89,17534.80,2893.10,1,0
14666.332519,6818.3372,40,40,2.8057,-2.657227,0.303501,2.42374e+06,66.10,39024.30,24358.00,1,0
14708.051914,6798.9969,40,40,2.7301,-2.684540,-0.049626,916422,86.48,31803.70,17095.60,1,0
14800.570150,6756.4965,20,20,1.28998,-2.741102,-0.391778,274901,77.89,30505.70,15705.10,1,0
14819.633484,6747.8052,4,4,0.255179,-2.752083,-1.272105,325198,44.99,63221.30,48401.60,1,0
14833.110116,6741.6745,9,9,0.569791,-2.759710,-0.015373,152601,66.59,28720.70,13887.60,1,0
14859.979904,6729.4842,100,100,6.23757,-2.774580,-0.009617,541106,85.66,14860.00,0.00,1,0
14879.962955,6720.4468,20,20,1.23415,-2.785351,0.863701,551032,82.65,24250.60,9370.70,1,0
14885.670410,6717.8701,50,50,3.07603,-2.788383,0.026616,767398,81.12,27380.30,12494.60,1,0
14906.336417,6708.5565,600,600,36.5154,-2.799195,-0.422566,3.01686e+06,76.61,19360.10,4453.80,1,0
14938.553056,6694.0888,50,50,2.99363,-2.815538,-0.234056,446300,89.52,24309.20,9370.70,1,0
14984.746166,6673.4530,10,10,0.585488,-2.837894,0.539306,215326,82.42,25935.00,10950.20,1,0
15001.002271,6666.2212,10,10,0.581073,-2.845464,1.366824,453719,87.00,25033.90,10032.90,1,0
15080.527708,6631.0677,4,4,0.224472,-2.880297,-0.720169,30558.1,90.42,29267.90,14187.40,1,0
15084.366398,6629.3802,40,40,2.24116,-2.881888,0.282655,1.77353e+06,76.31,38549.90,23465.40,1,0
15090.572968,6626.6536,30,30,1.67658,-2.884441,-0.992116,117388,79.58,24461.20,9370.70,1,0
15109.651485,6618.2863,100,100,5.54565,-2.892156,1.352629,5.22776e+06,73.86,27604.30,12494.60,1,0
15193.281600,6581.8565,60,60,3.22441,-2.923594,0.301456,1.54861e+06,81.28,32288.90,17095.60,1,0
15195.909770,6580.7182,200,200,10.7381,-2.924520,0.266781,1.77539e+06,83.60,19649.70,4453.80,1,0
15271.590456,6548.1065,30,30,1.57082,-2.949601,0.310618,432052,80.65,25409.70,10138.20,1,0
15348.398811,6515.3376,10,10,0.512017,-2.971983,1.104527,172675,81.78,18241.50,2893.10,1,0
15375.052883,6504.0427,10,10,0.508415,-2.979042,0.692636,655070,74.13,39733.00,24358.00,1,0
15376.843053,6503.2855,300,300,15.2454,-2.979503,-0.700325,1.51537e+06,74.92,25409.70,10032.90,1,0
15376.843053,6503.2855,300,300,15.2454,-2.979503,0.185489,4.23155e+06,76.66,27138.50,11761.70,1,0
15380.275987,6501.8339,600,600,30.464,-2.980383,0.056715,8.84298e+06,73.48,29267.90,13887.60,1,0
15458.217565,6469.0511,7,7,0.348935,-2.998779,-1.226077,59600.4,56.06,38549.90,23091.70,1,0
15474.150207,6462.3904,20,20,0.993582,-3.002170,0.069794,445883,66.13,34520.30,19046.10,1,0
15486.223721,6457.3521,6,6,0.297334,-3.004658,-1.600948,203395,46.95,60166.20,44680.00,1,0
15504.946008,6449.5549,5,5,0.246859,-3.008377,0.634505,189432,75.98,34198.60,18693.70,1,0
15512.237910,6446.5231,300,300,14.7908,-3.009780,0.481804,1.54704e+07,62.58,39870.20,24358.00,1,0
15525.516416,6441.0096,50,50,2.459,-3.012268,-0.407816,144761,89.96,15525.50,0.00,1,0
15549.599102,6431.0340,300,300,14.6907,-3.016568,0.679904,9.25056e+06,74.90,31254.70,15705.10,1,0
15573.720311,6421.0733,7,7,0.341404,-3.020599,-1.074598,71166.6,42.25,39225.60,23651.90,1,0
15587.923107,6415.2228,80,80,3.893,-3.022846,-0.347941,590946,80.04,26447.00,10859.10,1,0
15655.096288,6387.6963,15,15,0.723139,-3.032204,0.790290,959732,71.32,39120.40,23465.40,1,0
15714.850072,6363.4078,100,100,4.78921,-3.038805,0.650315,913496,86.67,17113.20,1398.30,1,0
15796.807785,6330.3929,10,10,0.475827,-3.045287,-0.042332,92791.2,88.29,25935.00,10138.20,1,0
15842.572676,6312.1061,200,200,9.49415,-3.047642,0.117520,2.48226e+06,76.85,27604.30,11761.70,1,0
15874.523371,6299.4017,5,5,0.237089,-3.048759,-0.717362,68711.6,52.35,39120.40,23246.00,1,0
16019.617567,6242.3463,1,1,0.0474282,-3.048538,-3.142782,179456,73.21,100430.30,84410.60,0,2
16028.095741,6239.0443,80,80,3.7953,-3.048263,0.600493,782646,87.47,18921.20,2893.10,1,0
16028.781497,6238.7774,40,40,1.8977,-3.048239,0.454779,1.75873e+06,72.27,39120.40,23091.70,1,0
16062.319563,6225.7509,4,4,0.190031,-3.046864,0.348297,54571.9,95.24,26095.20,10032.90,1,0
16091.697526,6214.3848,30,30,1.42746,-3.045299,0.583236,1.08258e+06,77.88,35137.80,19046.10,1,0
16135.949268,6197.3422,2000,2000,95.4485,-3.042316,-0.352411,6.00638e+06,78.90,16136.00,0.00,1,0
16137.447078,6196.7670,100,100,4.77297,-3.042202,0.027447,3.3474e+06,65.78,41024.00,24886.50,1,0
16155.061862,6190.0103,9,9,0.430171,-3.040797,0.156677,247176,58.88,37011.90,20856.90,1,0
16189.188774,6176.9618,1,1,0.0479429,-3.037744,-0.131913,26160.8,53.74,39940.70,23751.60,1,0
16226.050823,6162.9291,1500,1500,72.187,-3.033960,-0.187392,1.48803e+07,73.22,28720.70,12494.60,1,0
16228.632032,6161.9488,5000,5000,240.692,-3.033676,-1.180015,7.43432e+06,78.42,17627.00,1398.30,1,0
16279.506100,6142.6925,7,7,0.339026,-3.027590,-2.884403,4126.51,224.23,27138.50,10859.10,0,2
16288.839823,6139.1727,2,2,0.0969825,-3.026372,0.107502,66823.6,97.19,39940.70,23651.90,1,0
16308.779642,6131.6666,9,9,0.437604,-3.023665,-0.180037,75098.2,80.30,26447.00,10138.20,1,0
16340.773075,6119.6615,80,80,3.90789,-3.019028,-0.792761,872148,73.84,37197.60,20856.90,1,0
16390.528834,6101.0844,80,80,3.93898,-3.011105,0.119009,1.10676e+06,98.70,28885.10,12494.60,1,0
16414.099919,6092.3231,3,3,0.148312,-3.007053,3.066525,649968,115.00,26447.00,10032.90,0,2
16415.773400,6091.7020,9000,9000,445.066,-3.006758,-1.218894,1.49953e+07,79.38,19308.90,2893.10,1,0
16466.958640,6072.7668,900,900,44.9305,-2.997278,-2.439520,447119,85.08,19360.10,2893.10,0,2
16477.920886,6068.7268,2,2,0.10006,-2.995134,-0.237649,45524,146.98,39225.60,22747.70,1,0
16516.141202,6054.6830,1500,1500,75.6318,-2.987344,0.086581,7.43979e+06,80.07,16516.10,0.00,1,0
16593.386522,6026.4974,9,9,0.461664,-2.970143,0.586307,181894,82.59,27452.40,10859.10,1,0
16664.984507,6000.6056,900,900,46.9882,-2.952498,0.518692,8.00667e+06,79.95,18063.40,1398.30,1,0
16745.196831,5971.8617,9,9,0.480169,-2.930842,1.045153,300322,78.94,27604.30,10859.10,1,0
16768.435768,5963.5855,9,9,0.483367,-2.924203,-0.799196,54660.2,383.26,29263.10,12494.60,1,0
16784.994850,5957.7022,7000,7000,377.772,-2.919374,-0.631009,2.62314e+07,79.34,21238.80,4453.80,1,0
16807.765794,5949.6307,200,200,10.8668,-2.912601,1.327903,4.71346e+06,80.88,19700.90,2893.10,1,0
16843.201533,5937.1135,80,80,4.39413,-2.901758,-0.231791,354896,83.02,18241.50,1398.30,1,0
16852.707797,5933.7645,40,40,2.2036,-2.898786,-0.032053,1.29295e+06,66.69,40098.70,23246.00,1,0
16957.548700,5897.0787,80,80,4.56181,-2.864306,-0.276206,4.22026e+06,67.46,48745.50,31787.90,1,0
16959.749344,5896.3136,3,3,0.171198,-2.863549,0.484210,168733,74.91,40205.70,23246.00,1,0
17006.998938,5879.9322,30,30,1.74059,-2.846975,-0.429651,680004,67.92,40098.70,23091.70,1,0
17082.788684,5853.8452,20,20,1.19317,-2.819123,-0.410379,687598,56.49,44680.00,27597.10,1,0
17105.616694,5846.0330,1500,1500,90.2684,-2.810433,-0.045269,1.78816e+07,73.45,27138.50,10032.90,1,0
17144.676134,5832.7144,1,1,0.0610997,-2.795248,0.704927,68572,35.68,39225.60,22080.90,1,0
17314.280560,5775.5793,15,15,0.983384,-2.724806,0.234317,261143,79.21,27452.40,10138.20,1,0
17340.443930,5766.8650,600,600,39.7903,-2.713307,-0.692972,5.07003e+06,70.74,29835.10,12494.60,1,0
17347.391725,5764.5554,15,15,0.997827,-2.710226,0.107787,231671,91.82,27380.30,10032.90,1,0
17367.130583,5758.0036,20,20,1.34222,-2.701408,0.260556,497531,57.13,31254.70,13887.60,1,0
17424.616099,5739.0074,5,5,0.344464,-2.675205,-1.160036,40132.4,62.54,34520.30,17095.60,1,0
17594.276318,5683.6666,9,9,0.672855,-2.593450,-0.262162,226545,62.15,36640.40,19046.10,1,0
17606.204780,5679.8158,2,2,0.150421,-2.587461,0.278548,86995.8,116.68,36652.30,19046.10,1,0
17627.016648,5673.1097,80,80,6.08051,-2.576939,-0.469593,351850,79.54,17627.00,0.00,1,0
17693.032770,5651.9423,4,4,0.314537,-2.542948,-0.644666,83953.2,82.63,38549.90,20856.90,1,0
17704.234027,5648.3664,150,150,11.8645,-2.537089,0.158293,1.27717e+07,56.77,45806.00,28101.80,1,0
17769.072342,5627.7558,8,8,0.654933,-2.502664,-5.859663,7292.94,89.41,63576.30,45807.10,0,2
17778.002052,5624.9290,10,10,0.822612,-2.497855,0.062734,542491,62.75,41024.00,23246.00,1,0
17837.623233,5606.1281,9,9,0.764821,-2.465338,0.018600,397712,59.97,38694.50,20856.90,1,0
17859.792573,5599.1692,8,8,0.688236,-2.453066,-2.605595,28688.2,89.73,39940.70,22080.90,0,2
17910.602993,5583.2849,100,100,8.85156,-2.424576,-0.351146,650970,79.60,19308.90,1398.30,1,0
17961.751908,5567.3857,8,8,0.729094,-2.395394,-0.237548,60149.9,79.66,19360.10,1398.30,1,0
17965.841614,5566.1183,60,60,5.4811,-2.393039,-0.264353,1.85884e+06,71.92,37011.90,19046.10,1,0
17981.914610,5561.1431,10,10,0.922037,-2.383754,0.242498,987570,55.23,44903.40,26921.50,1,0
17989.590236,5558.7703,8,8,0.740921,-2.379303,-0.367332,220394,73.87,36683.20,18693.70,1,0
18011.136742,5552.1204,80,80,7.5028,-2.366750,-0.350789,1.36885e+06,74.83,30505.70,12494.60,1,0
18063.383636,5536.0614,40,40,3.86873,-2.335953,0.777449,787801,79.89,18063.40,0.00,1,0
18241.541506,5481.9928,8,8,0.862575,-2.227274,-0.331742,58207.8,79.22,18241.50,0.00,1,0
18260.553123,5476.2854,20,20,2.1823,-2.215353,0.587475,1.45119e+06,69.02,35024.50,16764.00,1,0
18302.561915,5463.7160,20,20,2.24103,-2.188796,0.978320,629304,80.52,19700.90,1398.30,1,0
18303.952508,5463.3009,2,2,0.224301,-2.187912,0.385278,804130,35.90,58174.10,39870.20,1,0
18345.656950,5450.8814,50,50,5.75905,-2.161250,0.344793,970767,79.01,21238.80,2893.10,1,0
18408.817590,5432.1794,10,10,1.19991,-2.120335,0.113963,308151,74.56,29267.90,10859.10,1,0
18418.890340,5429.2087,100,100,12.0784,-2.113751,0.175627,5.63252e+06,73.42,35828.50,17409.60,1,0
18504.030366,5404.2281,8,8,1.02222,-2.057467,-0.213099,359702,59.52,37197.60,18693.70,1,0
18645.834257,5363.1282,4,4,0.562708,-1.961289,-1.023417,109314,217.19,39940.70,21294.90,1,0
18687.820228,5351.0789,5,5,0.724111,-1.932249,-1.518828,34227.7,68.79,28720.70,10032.90,1,0
18721.331665,5341.5004,1500,1500,222.367,-1.908891,0.411705,4.59964e+07,78.71,23175.10,4453.80,1,0
18798.280455,5319.6355,4,4,0.62602,-1.854667,-0.669609,69994,74.33,28936.50,10138.20,1,0
18862.701067,5301.4677,1500,1500,245.812,-1.808654,0.547602,5.14874e+07,78.24,21755.80,2893.10,1,0
18917.297049,5286.1675,1500,1500,255.696,-1.769229,0.498186,4.51919e+07,78.37,20315.70,1398.30,1,0
18990.077098,5265.9081,1000,1000,179.77,-1.716078,0.795922,3.82566e+07,78.12,18990.10,0.00,1,0
19000.056324,5263.1423,150,150,27.1641,-1.708738,1.061071,3.18112e+07,72.41,36642.10,17642.10,1,0
19064.477185,5245.3576,1,1,0.189938,-1.661058,1.290196,260852,67.78,35828.50,16764.00,1,0
19076.806051,5241.9676,10,10,1.9169,-1.651876,0.117046,731544,84.56,34520.30,15443.50,1,0
19194.003851,5209.9604,150,150,31.4045,-1.563683,0.673574,8.55656e+06,79.44,23647.80,4453.80,1,0
19319.358838,5176.1552,30,30,6.9143,-1.467606,-0.583775,1.34713e+06,81.49,35024.50,15705.10,1,0
19319.358838,5176.1552,30,30,6.9143,-1.467606,-5.539836,164413,128.76,69978.10,50658.70,0,2
19348.908798,5168.2501,15,15,3.53723,-1.444705,0.085961,2.05198e+06,66.21,40205.70,20856.90,1,0
19353.137748,5167.1208,5,5,1.18296,-1.441420,-1.026810,208147,92.50,39225.60,19872.40,1,0
19493.037253,5130.0369,15,15,3.96049,-1.331682,0.227522,1.26546e+06,72.44,31254.70,11761.70,1,0
19581.043975,5106.9800,1,1,0.283193,-1.261627,0.837042,225401,66.00,35024.50,15443.50,1,0
19648.394473,5089.4744,10,10,2.98943,-1.207503,0.253723,1.78533e+06,68.93,38694.50,19046.10,1,0
20123.322317,4969.3584,2,2,0.885839,-0.814367,0.437444,491265,95.69,35828.50,15705.10,1,0
20136.836842,4966.0233,60,60,26.8814,-0.802909,-0.967995,1.13796e+06,73.45,21535.20,1398.30,1,0
20281.951540,4930.4920,80,80,40.569,-0.679023,-0.645128,2.69213e+06,79.92,23175.10,2893.10,1,0
20315.666355,4922.3096,80,80,41.7627,-0.650023,-0.566640,2.36977e+06,77.36,20315.70,0.00,1,0
20357.513615,4912.1912,90,90,48.7104,-0.613917,-0.470639,3.41494e+06,77.98,21755.80,1398.30,1,0
20472.779077,4884.5347,1,1,0.598186,-0.513853,0.426680,208921,75.19,30505.70,10032.90,1,0
20549.139177,4866.3839,60,60,13.6271,-1.482286,-0.243274,1.36337e+06,75.96,23442.30,2893.10,1,0
20553.000255,4865.4697,60,60,13.4787,-1.493233,-0.386945,3.42962e+06,102.26,36642.10,16089.10,1,0
20581.456029,4858.7427,600,600,124.514,-1.572509,-0.325306,3.37283e+07,72.98,36670.60,16089.10,1,0
20632.711333,4846.6728,90,90,16.2908,-1.709209,0.242610,6.51726e+06,75.41,34520.30,13887.60,1,0
20686.662851,4834.0325,2,2,0.31609,-1.844877,0.304079,1.11042e+06,36.96,60419.70,39733.00,1,0
20754.629478,4818.2021,8,8,1.0781,-2.004237,-0.291056,103534,78.82,23647.80,2893.10,1,0
20791.832137,4809.5810,8,8,0.99326,-2.086204,-0.411726,307372,59.52,39485.50,18693.70,1,0
20804.483405,4806.6562,9,9,1.0876,-2.113253,0.382487,1.54083e+06,63.79,48401.60,27597.10,1,0
20935.261085,4776.6302,450,450,42.0961,-2.369293,-0.571996,8.73792e+06,81.79,36640.40,15705.10,1,0
20950.476731,4773.1611,300,300,27.3137,-2.396393,-0.598816,4.87896e+06,77.87,35137.80,14187.40,1,0
20971.747614,4768.3198,3,3,0.26322,-2.433376,1.429662,311557,89.60,33466.40,12494.60,1,0
21052.507566,4750.0280,40,40,3.07841,-2.564467,-0.323870,1.07995e+06,71.17,40098.70,19046.10,1,0
21059.558600,4748.4376,300,300,22.8409,-2.575230,-0.518451,5.88333e+06,75.97,38701.60,17642.10,1,0
21077.580309,4744.3776,3,3,0.222319,-2.602254,0.920246,3.57468e+06,58.32,71736.50,50658.70,1,0
21136.858599,4731.0720,20,20,1.36262,-2.686325,-0.062487,408677,99.59,35024.50,13887.60,1,0
21143.733040,4729.5338,270,270,18.2254,-2.695606,-0.460342,4.98971e+06,119.61,38785.80,17642.10,1,0
21148.327618,4728.5063,60,60,4.02526,-2.701755,-0.435636,2.54591e+06,52.25,48745.50,27597.10,1,0
21155.626891,4726.8748,300,300,19.9324,-2.711438,0.548168,1.39316e+07,75.72,37919.60,16764.00,1,0
21159.558018,4725.9966,8,8,0.528788,-2.716608,0.241285,327638,78.95,40205.70,19046.10,1,0
21196.866768,4717.6784,9,9,0.567265,-2.764153,0.738916,431401,84.85,36640.40,15443.50,1,0
21208.822576,4715.0189,600,600,37.2673,-2.778813,0.257789,1.75247e+07,78.54,36652.30,15443.50,1,0
21221.767152,4712.1429,15,15,0.917296,-2.794375,1.033431,602708,76.76,31254.70,10032.90,1,0
21243.149987,4707.3998,9,9,0.536784,-2.819384,-5.499226,9518.85,630.96,67049.20,45806.00,0,2
21273.147164,4700.7619,2,2,0.115339,-2.853026,-0.419577,472068,64.45,71501.00,50227.80,1,0
21338.643959,4686.3334,9,9,0.485013,-2.920804,0.206699,150861,68.65,32288.90,10950.20,1,0
21447.988706,4662.4418,9,9,0.440303,-3.017517,0.194774,405775,53.36,45806.00,24358.00,1,0
21480.144119,4655.4622,120,120,5.72723,-3.042259,-0.613882,2.90158e+06,56.44,48401.60,26921.50,1,0
21486.801779,4654.0198,15,15,0.71239,-3.047180,-0.499361,1.16468e+06,36.12,61357.00,39870.20,1,0
21505.742968,4649.9207,7,7,0.327949,-3.060809,-1.213914,201930,34.15,58158.10,36652.30,1,0
21512.092153,4648.5483,30,30,1.39926,-3.065255,0.147559,776484,57.28,40205.70,18693.70,1,0
21525.580409,4645.6355,30,30,1.38638,-3.074499,0.403164,310888,87.98,25979.30,4453.80,1,0
21535.146871,4643.5718,30,30,1.37755,-3.080890,0.343096,202314,85.96,21535.20,0.00,1,0
21614.702532,4626.4805,600,600,26.2594,-3.128904,0.944128,2.92094e+07,78.69,39024.30,17409.60,1,0
21676.391504,4613.3140,450,450,19.0898,-3.160091,0.645965,1.21419e+07,79.83,35863.70,14187.40,1,0
21718.103010,4604.4537,9,9,0.374891,-3.178345,0.636911,1.74984e+06,52.24,60419.70,38701.60,1,0
21728.960427,4602.1530,20,20,0.829442,-3.182735,-0.205569,313263,98.72,39940.70,18211.80,1,0
21755.803722,4596.4746,6,6,0.246301,-3.192960,0.213294,32018.8,82.59,21755.80,0.00,1,0
21777.722632,4591.8484,8,8,0.325882,-3.200661,-1.281999,371129,128.92,66681.10,44903.40,1,0
21838.052126,4579.1630,60,60,2.39984,-3.218943,-0.768030,1.50323e+06,143.96,53092.80,31254.70,1,0
21857.561081,4575.0759,1,1,0.0397968,-3.223970,-5.748322,8079.43,92.94,100321.10,78463.60,0,2
21872.002292,4572.0551,7,7,0.277618,-3.227421,0.748518,2.60167e+06,57.16,67679.20,45807.10,1,0
21873.241815,4571.7960,8,8,0.317187,-3.227707,-2.082715,175190,43.05,67679.20,45806.00,0,4
21963.713535,4552.9641,4,4,0.156,-3.244195,-0.888952,264963,42.76,66867.10,44903.40,1,0
21977.802983,4550.0453,3,3,0.116787,-3.246016,-0.070899,54507,54.84,41024.00,19046.10,1,0
22024.837936,4540.3285,30,30,1.1624,-3.250714,0.142023,573436,74.43,39120.40,17095.60,1,0
22043.903026,4536.4017,25,25,0.96739,-3.252029,0.543072,198072,82.77,23442.30,1398.30,1,0
22083.910868,4528.1835,25,25,0.965748,-3.253728,1.106627,1.30984e+06,130.28,39726.00,17642.10,1,0
22120.789134,4520.6344,2,2,0.0772339,-3.254064,0.652098,665236,48.44,67965.50,45844.70,1,0
22172.861889,4510.0177,9,9,0.348052,-3.252627,-0.316277,1.03704e+06,83.16,66852.90,44680.00,1,0
22214.454079,4501.5736,300,300,11.6328,-3.249951,0.149742,5.19855e+06,101.60,37919.60,15705.10,1,0
22260.242363,4492.3141,90,90,3.50534,-3.245523,-0.375956,1.0113e+06,98.03,39024.30,16764.00,1,0
22263.003252,4491.7570,7,7,0.272723,-3.245208,-2.296363,112555,71.33,66943.00,44680.00,0,2
22323.343182,4479.6158,7,7,0.274963,-3.237029,-0.487148,74993.6,110.21,39733.00,17409.60,1,0
22332.733189,4477.7323,5,5,0.196695,-3.235541,-1.084578,172328,49.21,61357.00,39024.30,1,0
22369.177490,4470.4371,60,60,2.37526,-3.229237,-5.455299,41796.8,833.66,67049.20,44680.00,0,2
22389.811576,4466.3172,90,90,3.57692,-3.225309,-0.678960,786850,67.59,39485.50,17095.60,1,0
22433.028999,4457.7128,9,9,0.360936,-3.216279,-1.103193,27698.6,96.21,31803.70,9370.70,1,0
22446.223899,4455.0923,7,7,0.281562,-3.213313,0.741188,71324.9,77.71,23844.60,1398.30,1,0
22460.551354,4452.2505,120,120,4.84286,-3.209987,-0.567680,1.22484e+06,79.34,39870.20,17409.60,1,0
22464.911889,4451.3863,180,180,7.2718,-3.208952,0.013102,2.52761e+06,79.95,36652.30,14187.40,1,0
22476.059166,4449.1785,150,150,6.07615,-3.206263,0.028200,2.3766e+06,80.47,37919.60,15443.50,1,0
22491.901085,4446.0448,25,25,1.01668,-3.202332,-0.557175,2.45322e+06,56.34,67395.30,44903.40,1,0
22527.702740,4438.9790,9,9,0.369442,-3.192985,1.148020,125791,85.62,22527.70,0.00,1,0
22560.421622,4432.5413,9,9,0.37281,-3.183910,-3.742899,36617.3,436.48,67240.40,44680.00,0,2
22612.429861,4422.3465,120,120,5.04798,-3.168504,0.006047,2.04604e+06,158.63,38701.60,16089.10,1,0
22630.662063,4418.7837,1,1,0.0423057,-3.162835,0.966683,114706,39.89,50227.80,27597.10,1,0
22685.233222,4408.1539,3,3,0.129188,-3.145097,-1.446252,138938,486.80,68492.40,45807.10,1,0
22686.398010,4407.9276,5,5,0.215398,-3.144707,-2.575605,74876.7,58.20,68492.40,45806.00,0,2
22696.616744,4405.9430,120,120,5.1874,-3.141260,-0.350827,1.47614e+06,84.77,38785.80,16089.10,1,0
22709.391192,4403.4646,3,3,0.130252,-3.136900,-0.886901,22464.2,78.59,39225.60,16516.10,1,0
22715.367356,4402.3061,4,4,0.174027,-3.134841,-0.553148,417469,37.92,67395.30,44680.00,1,0
22764.697065,4392.7666,30,30,1.32816,-3.117405,1.222222,1.52642e+06,91.76,36652.30,13887.60,1,0
22773.896721,4390.9921,8,8,0.355358,-3.114071,1.343987,2.66724e+06,45.44,58158.10,35384.20,1,0
22775.830850,4390.6192,4,4,0.177804,-3.113366,-0.004857,753317,64.75,67679.20,44903.40,1,0
22790.810371,4387.7334,9,9,0.402262,-3.107875,0.290203,3.13413e+06,47.91,71536.40,48745.50,1,0
22800.971855,4385.7780,1,1,0.0448642,-3.104115,2.476385,141335,31.83,33660.00,10859.10,0,4
22825.573996,4381.0508,90,90,4.07518,-3.094894,-1.366394,2.9069e+06,39.25,62558.70,39733.00,1,0
22952.613106,4356.8024,10,10,0.475951,-3.045025,1.261088,4.71835e+06,51.97,62678.70,39726.00,1,0
22994.537176,4348.8590,9,9,0.43576,-3.027889,1.348549,7.757e+06,57.80,68801.70,45807.10,1,0
22999.260255,4347.9659,4,4,0.194049,-3.025941,-1.660490,155480,278.88,67679.20,44680.00,1,0
23010.281230,4345.8834,5,5,0.243668,-3.021385,1.851040,543232,78.70,37197.60,14187.40,0,2
23063.179047,4335.9157,9,9,0.448399,-2.999297,-3.629924,3423.02,486.89,34825.50,11761.70,0,2
23110.093452,4327.1136,4,4,0.203281,-2.979460,-1.780285,15274.2,256.45,40205.70,17095.60,1,0
23124.276820,4324.4596,10,10,0.511278,-2.973427,0.505507,290908,88.79,37011.90,13887.60,1,0
23133.447876,4322.7452,2,2,0.102656,-2.969518,-3.897139,6076.2,402.57,63232.10,40098.70,0,2
23133.918708,4322.6572,3,3,0.154015,-2.969317,0.335473,1.00388e+06,67.94,68978.50,45844.70,1,0
23134.689396,4322.5132,7,7,0.359487,-2.968989,-0.259615,1.59222e+06,42.02,71536.40,48401.60,1,0
23202.088509,4309.9568,9,9,0.47573,-2.940129,1.524926,306754,78.78,26095.20,2893.10,1,0
23211.607594,4308.1893,9,9,0.477679,-2.936040,-3.818449,33087.3,129.30,64235.60,41024.00,0,2
23232.972464,4304.2275,30,30,1.60695,-2.926859,-0.513201,5.70194e+06,54.02,71978.50,48745.50,1,0
23248.353623,4301.3799,1,1,0.0539204,-2.920246,0.692489,29242.6,71.56,34198.60,10950.20,1,0
23262.771049,4298.7140,6,6,0.325534,-2.914049,1.193224,311408,74.66,35024.50,11761.70,1,0
23319.138246,4288.3231,30,30,1.66753,-2.889854,0.553716,1.16357e+06,68.05,39024.30,15705.10,1,0
23332.263538,4285.9108,2,2,0.111795,-2.884236,-0.174628,439502,52.26,69138.30,45806.00,1,0
23333.821596,4285.6246,40,40,2.23739,-2.883569,2.719321,1.04815e+07,76.02,35828.50,12494.60,0,2
23361.969052,4280.4611,5,5,0.283055,-2.871551,-1.978285,113031,626.72,63232.10,39870.20,1,0
23384.838536,4276.2750,180,180,10.2896,-2.861823,-0.416978,3.19383e+06,75.79,41026.90,17642.10,1,0
23428.294121,4268.3432,20,20,1.16449,-2.843450,-2.442130,442117,119.39,68331.70,44903.40,0,2
23525.807196,4250.6512,30,30,1.81893,-2.802949,-0.872927,1.69624e+06,37.24,60166.20,36640.40,1,0
23529.310921,4250.0182,5,5,0.303589,-2.801517,1.134827,276795,32.70,35291.00,11761.70,1,0
23533.748293,4249.2169,8,8,0.486624,-2.799705,-1.368509,970824,70.38,75560.70,52026.90,1,0
23539.189341,4248.2347,30,30,1.82889,-2.797488,0.166230,5.70749e+06,55.96,62240.80,38701.60,1,0
23580.758695,4240.7457,2,2,0.12399,-2.780702,-0.021637,48126.9,70.84,39024.30,15443.50,1,0
23623.837353,4233.0126,1,1,0.0630633,-2.763616,0.817365,676258,66.83,69431.00,45807.10,1,0
23635.548828,4230.9151,6,6,0.380119,-2.759031,0.407922,72207.7,81.75,25033.90,1398.30,1,0
23636.867920,4230.6790,30,30,1.90157,-2.758516,0.162901,937773,83.55,39726.00,16089.10,1,0
23637.750216,4230.5211,20,20,1.26815,-2.758172,0.289260,3.194e+06,51.93,58158.10,34520.30,1,0
23643.877947,4229.4246,30,30,1.90677,-2.755786,0.326700,1.108e+06,74.77,39733.00,16089.10,1,0
23651.802695,4228.0075,7,7,0.446283,-2.752711,-1.035064,685444,98.76,68331.70,44680.00,1,0
23661.179844,4226.3319,30,30,1.91958,-2.749090,0.535872,897864,77.18,34520.30,10859.10,1,0
23749.139793,4210.6788,15,15,0.992031,-2.716051,-0.570796,1.26559e+06,45.32,60419.70,36670.60,1,0
23777.562063,4205.6456,25,25,1.67048,-2.705766,0.426180,5.76858e+06,61.08,60419.70,36642.10,1,0
23792.497116,4203.0057,1,1,0.0671757,-2.700443,1.476032,768534,82.24,62240.80,38448.40,1,0
23812.489716,4199.4769,7,7,0.473549,-2.693411,-1.761405,354026,46.25,68492.40,44680.00,1,0
23858.959035,4191.2977,5,5,0.343678,-2.677489,-0.591885,164804,92.54,48745.50,24886.50,1,0
23864.203052,4190.3767,1,1,0.0688565,-2.675730,1.464527,1.29871e+06,87.93,68544.20,44680.00,1,0
23892.833593,4185.3554,180,180,12.5119,-2.666274,-0.811725,1.49936e+07,58.83,62678.70,38785.80,1,0
23898.409392,4184.3789,8,8,0.557095,-2.664461,-1.141140,524784,37.13,63768.70,39870.20,1,0
24031.980588,4161.1219,4,4,0.290045,-2.624014,0.961776,269880,93.41,37919.60,13887.60,1,0
24039.481131,4159.8236,2,2,0.145326,-2.621922,-0.430883,28248.9,98.05,35801.10,11761.70,1,0
24075.148426,4153.6608,8,8,0.586952,-2.612254,0.440737,4.08428e+06,63.42,68978.50,44903.40,1,0
24087.288872,4151.5673,6,6,0.441618,-2.609071,0.785224,2.56203e+06,56.37,62535.60,38448.40,1,0
24110.239964,4147.6153,8,8,0.592289,-2.603203,0.573776,2.78383e+06,59.94,62558.70,38448.40,1,0
24121.693183,4145.6460,120,120,8.90971,-2.600350,-0.894453,1.60474e+07,84.62,68801.70,44680.00,1,0
24187.581877,4134.3529,7,7,0.527805,-2.584938,0.906598,367970,63.32,35137.80,10950.20,1,0
24195.250724,4133.0425,8,8,0.60422,-2.583258,-0.347091,1.30963e+06,40.41,64401.00,40205.70,1,0
24259.977167,4122.0154,30,30,2.29594,-2.570056,0.823880,2.37526e+06,81.94,41024.00,16764.00,1,0
24307.110484,4114.0225,20,20,1.54366,-2.561577,-1.251324,1.96043e+06,139.36,68987.10,44680.00,1,0
24364.921906,4104.2611,5,5,0.389419,-2.552537,1.189008,2.75646e+06,77.73,60166.20,35801.10,1,0
24365.416633,4104.1777,8,8,0.623114,-2.552467,-1.362132,479501,63.53,64235.60,39870.20,1,0
24458.291929,4088.5930,8,8,0.630148,-2.541242,0.395087,4.17769e+06,79.05,69138.30,44680.00,1,0
24487.156948,4083.7734,15,15,1.18464,-2.538608,1.131230,542220,84.46,27380.30,2893.10,1,0
24489.399430,4083.3994,5,5,0.394955,-2.538420,0.460488,1.86812e+06,51.48,64215.50,39726.00,1,0
24498.063431,4081.9553,4,4,0.316186,-2.537720,1.926355,3.94968e+06,84.42,58158.10,33660.00,0,2
24669.188604,4053.6396,6,6,0.477068,-2.531855,-5.056266,227832,40.64,103805.40,79136.20,0,4
24671.372636,4053.2808,2,2,0.159019,-2.531881,-0.743035,206618,45.58,63221.30,38549.90,1,0
24686.439504,4050.8069,8,8,0.635915,-2.532133,-0.388365,1.01113e+06,174.43,61357.00,36670.60,1,0
24809.322585,4030.7429,180,180,14.211,-2.538939,-0.155967,2.06657e+06,84.51,29263.10,4453.80,1,0
24878.722809,4019.4989,90,90,7.05105,-2.546634,0.115537,2.44942e+06,74.89,36640.40,11761.70,1,0
24894.949293,4016.8790,2,2,0.156344,-2.548845,0.068348,67778.5,114.04,39940.70,15045.80,1,0
24913.503365,4013.8875,10,10,0.779594,-2.551567,0.395737,335916,65.34,35863.70,10950.20,1,0
24986.918538,4002.0941,8,8,0.615729,-2.564390,-0.768856,879750,53.81,64857.20,39870.20,1,0
24991.690093,4001.3300,200,200,15.3786,-2.565338,0.111388,4.64178e+06,83.77,35024.50,10032.90,1,0
25006.280182,3998.9954,4,4,0.306655,-2.568325,0.108255,1.5609e+06,85.16,69686.30,44680.00,1,0
25115.279919,3981.6399,150,150,11.1982,-2.594881,-0.151917,2.70991e+07,56.09,63816.90,38701.60,1,0
25124.102541,3980.2417,20,20,1.4894,-2.597362,-0.201828,3.73129e+06,36.05,64857.20,39733.00,1,0
25132.138102,3978.9691,8,8,1.12731,-1.959603,-1.100192,1.15049e+06,36.50,64865.10,39733.00,1,0
25155.622802,3975.2544,4,4,0.567545,-1.952729,-0.301769,335460,66.03,48401.60,23246.00,1,0
25318.869172,3949.6235,8,8,1.19811,-1.898698,0.922592,1.31088e+06,79.63,41024.00,15705.10,1,0
25340.662228,3946.2268,3,3,0.452899,-1.890698,0.997936,2.54627e+06,197.03,60166.20,34825.50,1,0
25429.659486,3932.4160,15,15,2.34392,-1.856225,0.005571,6.77439e+06,62.58,64215.50,38785.80,1,0
25495.789071,3922.2163,6,6,0.963623,-1.828815,0.801120,4.55234e+06,32.42,60520.30,35024.50,1,0
25598.708057,3906.4471,10,10,1.68082,-1.783302,-1.235879,1.18693e+06,99.68,62240.80,36642.10,1,0
25640.338480,3900.1045,7,7,1.19956,-1.763958,-0.487058,847576,53.71,53092.80,27452.40,1,0
25691.767428,3892.2974,8,8,1.40507,-1.739356,1.123757,2.23502e+07,60.41,71536.40,45844.70,1,0
25732.983484,3886.0632,10,10,1.79228,-1.719097,0.139531,618714,62.32,36683.20,10950.20,1,0
25787.287882,3877.8797,3,3,0.552619,-1.691698,1.835163,9.8307e+06,62.10,64235.60,38448.40,0,2
25795.562881,3876.6357,1,1,0.18499,-1.687454,1.173967,167160,106.30,35828.50,10032.90,1,0
25895.211978,3861.7178,4,4,0.779816,-1.634992,-1.016771,694225,60.16,62535.60,36640.40,1,0
25916.539806,3858.5398,15,15,2.95826,-1.623450,0.390168,1.07654e+07,71.32,62558.70,36642.10,1,0
26000.069604,3846.1435,5,5,1.03272,-1.577244,0.781395,4.6907e+06,33.76,60520.30,34520.30,1,0
26008.111155,3844.9543,2,2,0.414962,-1.572715,-2.310700,102036,63.89,62678.70,36670.60,0,2
26036.587943,3840.7490,2,2,0.421718,-1.556564,0.211371,1.29007e+06,44.61,62678.70,36642.10,1,0
26130.812557,3826.8997,9,9,2.00426,-1.501950,1.027209,1.65009e+07,60.20,64857.20,38726.50,1,0
26152.887514,3823.6696,1,1,0.225619,-1.488907,0.276722,90295.2,87.10,37011.90,10859.10,1,0
26163.578067,3822.1072,7,7,1.58939,-1.482558,0.152278,5.45184e+06,46.99,64865.10,38701.60,1,0
26172.562485,3820.7952,8,8,1.8262,-1.477205,-0.263901,7.3807e+06,44.47,71978.50,45806.00,1,0
26189.409583,3818.3373,60,60,13.8352,-1.467130,-1.644623,8.56955e+06,37.08,65922.40,39733.00,1,0
26211.107930,3815.1764,2,2,0.467231,-1.454079,0.962808,476680,82.34,40098.70,13887.60,1,0
26221.570218,3813.6541,4,4,0.940388,-1.447757,0.933047,5.38533e+06,45.83,61605.70,35384.20,1,0
26247.400066,3809.9012,10,10,2.38814,-1.432070,0.064146,781704,64.37,37197.60,10950.20,1,0
26252.941133,3809.0970,1,1,0.239623,-1.428690,1.821445,4.38857e+06,67.55,64979.60,38726.50,0,2
26261.630635,3807.8367,3,3,0.722696,-1.423379,0.631364,3.1723e+06,60.30,62062.60,35801.10,1,0
26285.901123,3804.3208,4,4,0.978058,-1.408480,-0.311568,6.29294e+06,63.44,78312.90,52026.90,1,0
26332.547017,3797.5818,6,6,1.5101,-1.379586,0.123536,3.75573e+06,40.84,61357.00,35024.50,1,0
26415.333024,3785.6801,4,4,1.06055,-1.327506,-3.496024,104167,715.29,66148.40,39733.00,0,2
26422.387099,3784.6694,9,9,2.39696,-1.323024,-0.297421,5.76607e+06,178.02,66148.40,39726.00,1,0
26529.698797,3769.3605,4,4,1.14139,-1.254046,0.306571,546766,67.22,39024.30,12494.60,1,0
26564.310045,3764.4494,1,1,0.291854,-1.231502,0.288496,1.01707e+06,47.97,63576.30,37011.90,1,0
26569.019261,3763.7821,6,6,1.75652,-1.228424,-5.178637,25109.3,433.13,63221.30,36652.30,0,2
26581.203090,3762.0570,2,2,0.590195,-1.220450,-1.385001,328298,285.29,61605.70,35024.50,1,0
26633.023303,3754.7371,4,4,1.22132,-1.186358,-1.472111,1.39771e+06,70.80,71536.40,44903.40,1,0
26645.843151,3752.9306,2,2,0.615861,-1.177882,-0.077426,630721,33.46,53092.80,26447.00,1,0
26693.503409,3746.2299,2,2,0.635664,-1.146232,0.003620,1.42469e+06,29.59,61718.00,35024.50,1,0
26730.247934,3741.0802,7,7,2.2801,-1.121690,-0.120521,4.82764e+06,50.58,62558.70,35828.50,1,0
26756.772599,3737.3715,3,3,0.994724,-1.103903,-1.123953,851440,125.21,63768.70,37011.90,1,0
26898.123302,3717.7315,3,3,1.0946,-1.008227,-0.132123,2.99572e+06,68.44,65922.40,39024.30,1,0
26953.478995,3710.0962,9,9,3.41035,-0.970411,1.316391,2.53044e+07,60.97,60419.70,33466.40,1,0
26982.649866,3706.0852,1,1,0.386579,-0.950418,1.806839,7.91014e+06,57.56,66852.90,39870.20,0,2
27009.870100,3702.3503,2,2,0.787747,-0.931725,0.878083,6.30078e+06,58.32,66735.90,39726.00,1,0
27059.467000,3695.5643,4,4,1.63021,-0.897583,0.189245,586576,83.78,37197.60,10138.20,1,0
27059.919667,3695.5025,2,2,0.815361,-0.897271,-2.233322,251209,172.18,64979.60,37919.60,0,2
27075.081256,3693.4331,1,1,0.411966,-0.886815,-1.383635,525281,122.54,71978.50,44903.40,1,0
27085.380438,3692.0286,10,10,4.14904,-0.879708,-0.338737,6.44832e+06,49.83,61605.70,34520.30,1,0
27094.033269,3690.8495,1,1,0.41739,-0.873734,-2.254396,16294.3,410.81,39940.70,12846.70,0,2
27116.360480,3687.8105,9,9,3.81491,-0.858307,-0.055917,9.3752e+06,44.60,63768.70,36652.30,1,0
27138.560776,3684.7938,4,4,1.72175,-0.842954,0.431035,346138,83.99,27138.50,0.00,1,0
27146.337100,3683.7382,3,3,1.29828,-0.837573,-0.249278,2.63705e+06,68.56,63816.90,36670.60,1,0
27150.988388,3683.1072,1,1,0.434155,-0.834353,0.335349,364924,38.42,45844.70,18693.70,1,0
27157.809915,3682.1820,1,1,0.43621,-0.829631,-0.257320,366149,60.64,53092.80,25935.00,1,0
27163.477977,3681.4137,3,3,1.31378,-0.825706,1.601733,1.06981e+07,70.86,58158.10,30994.60,0,2
27174.780681,3679.8825,30,30,13.241,-0.817877,-1.077892,1.17315e+07,46.48,63816.90,36642.10,1,0
27179.819771,3679.2003,30,30,13.2873,-0.814386,0.889958,5.31391e+07,63.41,58174.10,30994.60,1,0
27197.737293,3676.7765,5,5,2.24223,-0.801967,-0.689564,2.46604e+06,41.83,61718.00,34520.30,1,0
27203.441098,3676.0055,1,1,0.450223,-0.798013,-0.821594,540026,107.46,64401.00,37197.60,1,0
27208.707206,3675.2941,4,4,1.80748,-0.794361,0.753199,1.18653e+07,59.69,65935.20,38726.50,1,0
27220.832030,3673.6570,8,8,3.64549,-0.785952,-1.031174,4.01209e+06,69.02,65922.40,38701.60,1,0
27265.561118,3667.6304,1,1,0.470053,-0.754910,0.785245,3.18784e+06,147.12,65967.20,38701.60,1,0
27267.659265,3667.3482,2,2,0.941476,-0.753453,1.292730,8.02991e+06,102.70,62558.70,35291.00,1,0
27298.588666,3663.1930,10,10,4.80958,-0.731975,-1.806519,3.98486e+06,103.23,71978.50,44680.00,1,0
27322.358218,3660.0062,3,3,1.4669,-0.715463,0.058700,229680,72.33,28720.70,1398.30,1,0
27350.512923,3656.2386,4,4,1.9945,-0.695903,-1.714124,1.34802e+06,39.63,68374.50,41024.00,1,0
27357.528336,3655.3010,8,8,4.00848,-0.691029,-1.794545,1.64116e+06,82.49,63221.30,35863.70,1,0
27362.619372,3654.6209,180,180,90.5104,-0.687492,-2.890243,1.57284e+07,229.04,66148.40,38785.80,0,2
27380.319764,3652.2583,1,1,0.509057,-0.675195,-0.301969,49707.8,76.42,27380.30,0.00,1,0
27389.110638,3651.0861,4,4,2.0487,-0.669088,-1.011631,2.01827e+06,72.63,64401.00,37011.90,1,0
27431.013147,3645.5088,9,9,4.74571,-0.639983,0.729311,2.41985e+07,69.24,63232.10,35801.10,1,0
27440.788642,3644.2101,1,1,0.530893,-0.633195,1.591246,4.2403e+06,58.40,58174.10,30733.50,1,0
27446.761263,3643.4171,6,6,3.1986,-0.629048,-1.977505,1.38041e+06,222.35,66148.40,38701.60,1,0
27508.802237,3635.2001,9,9,5.00895,-0.585998,-2.030718,1.73742e+06,203.36,64150.90,36642.10,0,2
27544.803004,3630.4489,1,1,0.570611,-0.561047,-3.495984,45905.2,26.05,64215.50,36670.60,0,4
27544.803004,3630.4489,1,1,0.570611,-0.561047,-0.399973,279208,115.70,48401.60,20856.90,1,0
27659.727580,3615.3646,1,1,0.617791,-0.481605,1.851089,7.62469e+06,65.28,60419.70,32760.10,0,2
27665.802299,3614.5708,1,1,0.620384,-0.477416,-2.830171,125392,330.87,67398.80,39733.00,0,2
27683.040156,3612.3200,1,1,0.627797,-0.465539,-1.486387,151246,120.58,53092.80,25409.70,1,0
27715.441135,3608.0970,4,4,2.56781,-0.443242,0.053707,2.53722e+07,61.36,79742.40,52026.90,1,0
27744.278108,3604.3468,7,7,4.58357,-0.423432,-0.109390,1.34831e+06,63.90,38694.50,10950.20,1,0
27760.662105,3602.2196,7,7,4.63538,-0.412193,-0.758426,5.80363e+06,61.15,64401.00,36640.40,1,0
27807.749822,3596.1198,2,2,1.36778,-0.379957,-0.146382,642120,66.63,44903.40,17095.60,1,0
27835.459878,3592.5399,4,4,2.78781,-0.361037,0.221002,1.1374e+06,79.78,38694.50,10859.10,1,0
27836.783211,3592.3691,30,30,20.9275,-0.360134,0.186024,6.10228e+07,63.36,63221.30,35384.20,1,0
27848.051063,3590.9156,8,8,5.6237,-0.352452,1.984389,9.90904e+07,64.29,63232.10,35384.20,0,2
27888.649758,3585.6881,9,9,6.50385,-0.324830,-0.220292,3.86895e+06,46.30,48745.50,20856.90,1,0
27941.230564,3578.9404,7,7,5.24207,-0.289193,0.701692,2.55266e+07,65.63,63232.10,35291.00,1,0
27945.782718,3578.3575,8,8,6.0094,-0.286116,1.278939,4.5635e+07,70.61,61605.70,33660.00,1,0
27950.080907,3577.8072,9,9,6.78024,-0.283211,-0.104037,1.96274e+07,59.36,66735.90,38785.80,1,0
27967.532101,3575.5747,2,2,1.52458,-0.271430,0.923177,9.67024e+06,57.31,63768.70,35801.10,1,0
27967.532101,3575.5747,2,2,1.52458,-0.271430,-0.903480,1.7181e+06,208.07,64979.60,37011.90,1,0
28015.621883,3569.4371,2,2,1.57473,-0.239066,-1.283140,1.31023e+06,53.33,65935.20,37919.60,1,0
28019.712409,3568.9160,1,1,0.789528,-0.236320,-0.479526,4.22276e+06,72.26,78889.10,50869.30,1,0
28035.838553,3566.8632,9,9,7.18301,-0.225506,0.618152,1.13268e+08,73.26,78694.60,50658.70,1,0
28047.162264,3565.4231,30,30,24.1256,-0.217923,0.826367,4.68307e+08,63.76,78694.60,50647.40,1,0
28058.072218,3564.0367,25,25,20.2519,-0.210626,0.809247,9.66468e+07,68.01,61718.00,33660.00,1,0
28084.999372,3560.6196,2,2,1.64954,-0.192652,0.229490,1.70639e+07,67.82,78312.90,50227.80,1,0
28177.151402,3548.9748,3,3,2.6302,-0.131554,-1.116614,2.34606e+06,113.67,64817.50,36640.40,1,0
28192.232107,3547.0764,6,6,5.31291,-0.121620,1.203935,4.35773e+07,69.15,63576.30,35384.20,1,0
28207.711691,3545.1298,4,4,3.57817,-0.111442,1.109765,2.59569e+07,30.91,63232.10,35024.50,1,0
28216.718187,3543.9983,20,20,17.997,-0.105529,-0.809748,2.18583e+07,36.70,64857.20,36640.40,1,0
28302.363009,3533.2739,2,2,1.90312,-0.049655,1.371715,1.84149e+07,65.88,63593.40,35291.00,1,0
28304.782961,3532.9718,2,2,1.9061,-0.048085,-1.586193,406463,241.55,53092.80,24788.00,1,0
28322.699227,3530.7369,9,9,8.67756,-0.036484,0.896211,6.91466e+07,77.37,67049.20,38726.50,1,0
28339.123026,3528.6907,20,20,19.4891,-0.025875,-4.033112,543956,1167.99,58174.10,29835.10,0,2
28339.123026,3528.6907,20,20,19.4891,-0.025875,-1.327974,1.41777e+07,30.68,64979.60,36640.40,1,0
28379.727725,3523.6420,30,30,30.0073,0.000244,1.409523,2.58045e+08,66.79,61718.00,33338.40,1,0
28384.560465,3523.0420,30,30,30.1004,0.003342,1.657270,3.91965e+08,66.62,63768.70,35384.20,1,0
28434.460256,3516.8594,1,1,1.03582,0.035197,3.597071,9.73173e+07,63.35,64235.60,35801.10,0,2
28461.552588,3513.5118,4,4,4.21514,0.052387,-1.837376,2.41178e+06,86.35,68331.70,39870.20,1,0
28477.567641,3511.5359,20,20,21.2902,0.062514,1.521437,8.45545e+08,63.76,79136.20,50658.70,1,0
28488.847564,3510.1455,3,3,3.21633,0.069630,1.137437,8.69715e+07,71.29,79136.20,50647.40,1,0
28504.369005,3508.2341,2,2,2.16527,0.079400,-1.385747,1.95004e+06,138.39,68374.50,39870.20,1,0
28568.862491,3500.3144,8,8,9.01745,0.119720,-0.822970,9.62892e+06,60.05,63593.40,35024.50,1,0
28596.221829,3496.9655,1,1,1.14647,0.136687,-0.569943,1.39018e+06,68.87,62062.60,33466.40,1,0
28599.497150,3496.5650,4,4,4.59517,0.138712,1.461697,5.14243e+07,61.50,64401.00,35801.10,1,0
28654.972658,3489.7957,4,4,4.75468,0.172835,0.366313,2.32075e+07,93.20,67679.20,39024.30,1,0
28701.018513,3484.1969,4,4,4.88994,0.200886,-0.775180,5.28884e+06,90.85,63221.30,34520.30,1,0
28744.182179,3478.9649,6,6,7.52862,0.226952,-0.169403,1.55814e+07,129.98,63768.70,35024.50,1,0
28767.907348,3476.0957,4,4,5.09102,0.241183,1.390545,4.93857e+07,67.88,63593.40,34825.50,1,0
28774.448028,3475.3056,20,20,25.5548,0.245094,1.728479,3.11166e+08,75.84,62240.80,33466.40,1,0
28870.929541,3463.6917,1,1,1.35278,0.302163,0.879188,3.21916e+07,70.63,80897.90,52026.90,1,0
28873.162259,3463.4239,1,1,1.35455,0.303469,0.769994,2.62966e+07,62.71,79742.40,50869.30,1,0
28943.220192,3455.0406,70,70,98.7539,0.344135,-0.159486,2.05001e+08,66.15,63768.70,34825.50,1,0
28952.640978,3453.9163,30,30,42.553,0.349554,0.057847,1.51002e+08,71.72,67679.20,38726.50,1,0
28982.311153,3450.3805,5,5,7.21368,0.366542,0.368854,3.39297e+06,78.11,39120.40,10138.20,1,0
29016.832588,3446.2755,50,50,73.5658,0.386157,-0.318998,1.36745e+08,62.76,64401.00,35384.20,1,0
29056.177646,3441.6089,150,150,225.642,0.408312,0.354288,8.52395e+08,66.73,64857.20,35801.10,1,0
29092.238625,3437.3429,300,300,460.453,0.428428,-0.389992,6.84164e+08,64.09,62558.70,33466.40,1,0
29144.232278,3431.2106,6,6,9.47698,0.457107,0.544368,5.52004e+07,77.75,67870.80,38726.50,1,0
29151.127585,3430.3990,2,2,3.17094,0.460881,1.477987,3.70977e+07,135.87,64979.60,35828.50,1,0
29171.521878,3428.0008,500,500,801.601,0.472003,-0.764902,6.71628e+08,65.05,60166.20,30994.60,1,0
29177.918331,3427.2493,50,50,80.4392,0.475479,-0.224814,1.71278e+08,71.16,64979.60,35801.10,1,0
29179.192625,3427.0996,5,5,8.04949,0.476171,-0.694946,1.23887e+06,77.25,38549.90,9370.70,1,0
29212.402193,3423.2036,300,300,491.714,0.494115,-0.100642,9.81333e+08,65.59,62678.70,33466.40,1,0
29230.777635,3421.0516,150,150,248.293,0.503973,-0.164975,6.98384e+08,65.66,67679.20,38448.40,1,0
29239.608372,3420.0184,8,8,13.3049,0.508693,0.232051,5.85947e+06,80.61,40098.70,10859.10,1,0
29251.849906,3418.5872,2,2,3.348,0.515217,-2.734446,624350,27.86,65922.40,36670.60,0,4
29262.279014,3417.3688,7,7,11.7831,0.520757,0.502399,7.32784e+06,80.53,41024.00,11761.70,1,0
29268.060466,3416.6938,7,7,11.8193,0.523821,-2.949419,2.31002e+06,85.90,69138.30,39870.20,0,2
29272.878290,3416.1314,300,300,507.833,0.526371,-0.062029,7.26879e+08,66.63,58158.10,28885.10,1,0
29280.240894,3415.2724,2,2,3.39875,0.530261,-0.883090,4.03248e+06,50.82,65922.40,36642.10,1,0
29289.531028,3414.1892,500,500,853.858,0.535157,-0.142754,1.12823e+09,64.91,58174.10,28885.10,1,0
29294.708284,3413.5858,7,7,11.9866,0.537880,0.590788,1.98436e+08,67.21,80164.00,50869.30,1,0
29377.672213,3403.9457,50,50,89.3871,0.580953,-0.445850,5.79075e+08,65.19,81404.50,52026.90,1,0
29410.187690,3400.1823,3,3,5.45295,0.597544,1.166689,4.35896e+07,68.66,64235.60,34825.50,1,0
29415.550604,3399.5624,1,1,1.8226,0.600264,-0.080301,5.67552e+06,52.82,67965.50,38549.90,1,0
29422.478088,3398.7620,35,35,64.0152,0.603772,-0.745479,1.01685e+08,68.59,67870.80,38448.40,1,0
29425.341757,3398.4312,300,300,549.496,0.605219,-0.012990,9.88357e+08,65.66,60419.70,30994.60,1,0
29432.541082,3397.5999,300,300,551.497,0.608853,-0.086632,9.02427e+08,66.44,60166.20,30733.50,1,0
29437.360229,3397.0437,600,600,1105.67,0.611281,-3.513397,4.98914e+07,63.83,58158.10,28720.70,0,2
29453.439586,3395.1892,1000,1000,1857.73,0.619355,-3.409172,9.31057e+07,54.73,58174.10,28720.70,0,2
29480.692129,3392.0506,100,100,188.315,0.632945,0.181849,4.76628e+08,76.90,62240.80,32760.10,1,0
29514.531261,3388.1616,6,6,11.4893,0.649655,0.838759,2.33732e+08,67.27,79742.40,50227.80,1,0
29519.951641,3387.5394,1,1,1.91998,0.652314,-0.938516,2.64769e+06,64.26,68544.20,39024.30,1,0
29561.197678,3382.8129,300,300,587.676,0.672394,-0.653501,6.96968e+08,64.64,63221.30,33660.00,1,0
29564.882841,3382.3912,5,5,9.81206,0.674175,-0.134700,5.28572e+07,92.53,75409.60,45844.70,1,0
29566.291537,3382.2301,150,150,294.562,0.674855,0.009198,7.74408e+08,64.28,64857.20,35291.00,1,0
29575.440935,3381.1837,150,150,295.864,0.679264,-0.041969,7.11798e+08,63.96,64401.00,34825.50,1,0
29584.910808,3380.1015,50,50,99.0709,0.683813,-0.289838,7.1474e+08,66.34,80897.90,51312.80,1,0
29595.061043,3378.9422,5,5,9.95535,0.688672,-0.377792,1.79346e+07,67.70,64979.60,35384.20,1,0
29602.342237,3378.1111,100,100,199.8,0.692147,-0.604130,6.72228e+08,111.86,75409.60,45807.10,1,0
29637.218870,3374.1358,3,3,6.09388,0.708673,-2.661897,1.4681e+06,42.14,68331.70,38694.50,0,4
29648.141627,3372.8927,100,100,204.175,0.713807,0.097234,7.7893e+08,65.81,68374.50,38726.50,1,0
29660.467809,3371.4910,7,7,14.3749,0.719576,0.609591,4.68266e+07,63.40,60166.20,30505.70,1,0
29679.707682,3369.3054,5,5,10.3602,0.728531,-0.703323,1.32631e+07,57.90,64817.50,35137.80,1,0
29686.369194,3368.5494,500,500,1039.22,0.731617,-0.182171,1.56439e+09,66.60,60419.70,30733.50,1,0
29688.412139,3368.3176,200,200,416.081,0.732562,-0.044302,1.04299e+09,63.71,64979.60,35291.00,1,0
29702.050008,3366.7710,50,50,104.677,0.738852,-0.074955,8.92529e+08,68.99,80360.80,50658.70,1,0
29708.008684,3366.0957,5,5,10.4964,0.741590,-0.959838,2.72048e+06,46.79,48401.60,18693.70,1,0
29713.359065,3365.4896,100,100,210.443,0.744044,-0.428900,1.259e+09,64.67,80360.80,50647.40,1,0
29716.130874,3365.1756,6,6,12.6426,0.745313,-1.074772,2.6795e+07,233.81,75560.70,45844.70,1,0
29745.398157,3361.8646,5,5,10.6768,0.758635,-2.529778,2.61142e+06,89.80,66943.00,37197.60,0,2
29749.802656,3361.3668,1,1,2.13962,0.760627,0.165975,800384,79.19,39120.40,9370.70,1,0
29753.592357,3360.9387,3,3,6.42985,0.762338,-2.658113,2.79404e+06,906.57,75560.70,45807.10,0,2
29758.542794,3360.3796,500,500,1074.04,0.764570,-0.612825,8.71776e+08,65.18,58158.10,28399.40,1,0
29765.908757,3359.5480,5,5,10.776,0.767883,-1.722574,6.70002e+06,560.21,68492.40,38726.50,1,0
29770.339786,3359.0480,30,30,64.7847,0.769872,0.568078,7.11702e+08,65.59,75614.80,45844.70,1,0
29774.950071,3358.5279,500,500,1081.98,0.771938,-0.394967,1.09283e+09,65.93,58174.10,28399.40,1,0
29793.031988,3356.4895,7,7,15.2704,0.780003,-0.781760,1.80056e+07,103.55,64817.50,35024.50,1,0
29798.459616,3355.8782,250,250,546.686,0.782413,-0.231343,9.29384e+08,65.72,62558.70,32760.10,1,0
29807.770164,3354.8299,50,50,109.789,0.786536,-0.388533,4.62791e+08,67.58,75614.80,45807.10,1,0
29832.639950,3352.0332,50,50,110.996,0.797474,-3.758543,6.68183e+06,76.33,64857.20,35024.50,0,2
29837.288633,3351.5110,3,3,6.67333,0.799507,-1.278993,623825,69.88,39870.20,10032.90,1,0
29880.780050,3346.6328,7,7,15.8672,0.818341,-2.893772,2.18164e+06,138.04,64401.00,34520.30,0,2
29882.832411,3346.4030,70,70,158.811,0.819222,-1.128474,1.15872e+08,66.86,63221.30,33338.40,1,0
29883.332526,3346.3470,70,70,158.845,0.819436,-0.198848,4.45588e+08,74.03,68331.70,38448.40,1,0
29911.791938,3343.1631,30,30,68.9076,0.831568,0.150509,2.13764e+08,67.48,65295.90,35384.20,1,0
29914.011730,3342.9150,30,30,68.9724,0.832509,-0.128631,1.08704e+08,51.14,60419.70,30505.70,1,0
29916.448846,3342.6427,70,70,161.102,0.833540,0.104833,4.14871e+08,66.76,63576.30,33660.00,1,0
29918.669021,3342.3947,500,500,1151.81,0.834479,-0.138415,2.16124e+09,65.32,62678.70,32760.10,1,0
29926.299227,3341.5425,90,90,207.994,0.837698,-0.115916,6.35216e+08,65.04,68374.50,38448.40,1,0
29936.261856,3340.4304,7,7,16.2452,0.841886,1.380419,5.7966e+08,66.12,80164.00,50227.80,1,0
29951.197779,3338.7646,3,3,7.00584,0.848131,-1.099437,7.67319e+06,66.61,67870.80,37919.60,1,0
29953.231666,3338.5379,3,3,7.01178,0.848979,-0.920023,1.06557e+07,76.77,69686.30,39733.00,1,0
29960.478326,3337.7304,3,3,7.03294,0.851992,-0.638433,1.26578e+06,85.83,40098.70,10138.20,1,0
29992.051107,3334.2168,60,60,142.502,0.865011,-0.943281,1.42017e+08,82.48,64817.50,34825.50,1,0
30004.969454,3332.7813,6,6,14.3256,0.870287,0.931362,9.67272e+07,74.16,65295.90,35291.00,1,0
30031.800932,3329.8036,7,7,16.8957,0.881148,1.068822,1.26175e+08,70.83,64857.20,34825.50,1,0
30040.737533,3328.8131,2,2,4.84469,0.884737,-0.830628,6.28146e+06,30.43,66681.10,36640.40,1,0
30044.049288,3328.4461,20,20,48.5112,0.886063,-3.631821,4.4284e+06,2158.56,68492.40,38448.40,0,2
30067.578889,3325.8414,1,1,2.44839,0.895429,0.588181,1.51028e+06,89.30,40205.70,10138.20,1,0
30091.850331,3323.1589,6,6,14.8314,0.904985,1.332009,5.55041e+08,67.24,81404.50,51312.80,1,0
30108.261473,3321.3475,3,3,7.4633,0.911386,0.599428,3.78845e+07,64.37,65909.40,35801.10,1,0
30108.770255,3321.2914,4,4,9.95304,0.911583,1.225561,7.9347e+07,63.30,63768.70,33660.00,1,0
30134.009368,3318.5096,8,8,20.101,0.921329,0.788085,1.23374e+08,72.19,65935.20,35801.10,1,0
30164.930808,3315.1079,1,1,2.5424,0.933109,0.155673,1.08439e+06,81.21,41024.00,10859.10,1,0
30200.569827,3311.1958,4,4,10.3064,0.946467,-0.861149,1.30746e+07,76.25,66852.90,36652.30,1,0
30238.092069,3307.0870,100,100,261.242,0.960278,-0.076334,5.55307e+08,65.01,63576.30,33338.40,1,0
30251.599432,3305.6103,1,1,2.62527,0.965185,1.067625,2.72117e+07,53.69,68978.50,38726.50,1,0
30260.050209,3304.6872,1,1,2.6333,0.968238,0.356015,1.34034e+07,530.21,68987.10,38726.50,1,0
30271.439648,3303.4438,30,30,79.3231,0.972332,-0.699744,1.039e+08,48.27,65295.90,35024.50,1,0
30297.271433,3300.6273,5,5,13.3426,0.981526,-1.009276,1.23226e+07,40.63,64817.50,34520.30,1,0
30330.198272,3297.0441,90,90,242.954,0.993064,-0.213872,1.8584e+09,65.46,80988.80,50658.70,1,0
30341.461995,3295.8201,5,5,13.5502,0.996963,1.613361,6.44104e+08,68.62,80988.80,50647.40,1,0
30350.552751,3294.8329,4,4,10.8741,1.000094,1.272400,9.04787e+07,65.04,63816.90,33466.40,1,0
30353.319735,3294.5326,5,5,13.6056,1.001043,1.065199,1.38206e+08,70.25,68801.70,38448.40,1,0
30362.548439,3293.5312,90,90,245.675,1.004200,-0.469275,2.92922e+08,66.97,61357.00,30994.60,1,0
30408.788872,3288.5229,3,3,8.3177,1.019774,-3.614919,678193,421.32,67049.20,36640.40,0,2
30411.840259,3288.1930,2,2,5.55076,1.020787,1.439280,8.40847e+07,60.34,69138.30,38726.50,1,0
30454.967665,3283.5366,2,2,5.62976,1.034920,0.191430,2.29738e+07,83.00,68374.50,37919.60,1,0
30470.511742,3281.8615,90,90,254.611,1.039926,-0.423668,4.36662e+08,73.39,65295.90,34825.50,1,0
30525.219004,3275.9798,2,2,5.75647,1.057177,1.320829,5.92946e+07,68.75,65909.40,35384.20,1,0
30611.101561,3266.7887,3,3,8.86137,1.083090,0.844690,3.97935e+07,65.60,61605.70,30994.60,1,0
30623.547692,3265.4610,20,20,59.291,1.086726,0.703082,2.26365e+08,69.67,61357.00,30733.50,1,0
30624.569020,3265.3521,2,2,5.93086,1.087023,-0.061338,1.89534e+07,42.95,68544.20,37919.60,1,0
30631.472205,3264.6162,6,6,17.8283,1.089025,1.455282,2.09562e+08,61.48,65922.40,35291.00,1,0
30644.198113,3263.2605,6,6,17.8938,1.092692,1.324209,1.84609e+08,71.51,65935.20,35291.00,1,0
30661.969474,3261.3691,1,1,2.99744,1.097760,0.716294,2.28556e+07,76.31,69686.30,39024.30,1,0
30684.581784,3258.9657,2,2,6.03313,1.104118,0.950419,3.69781e+07,101.41,64150.90,33466.40,1,0
30689.961000,3258.3945,5,5,15.1054,1.105616,1.226922,1.83366e+08,64.43,69138.30,38448.40,1,0
30704.430072,3256.8590,4,4,12.1328,1.109617,1.052983,1.26699e+08,67.13,69431.00,38726.50,1,0
30775.640324,3249.3231,50,50,154.582,1.128703,-2.113790,4.84272e+07,31.10,65295.90,34520.30,0,4
30793.801649,3247.4068,4,4,12.4249,1.133411,-0.339415,1.28274e+07,72.07,58174.10,27380.30,1,0
30879.978742,3238.3442,3,3,9.52066,1.154852,-0.468332,1.72519e+07,62.05,66681.10,35801.10,1,0
30959.671907,3230.0084,20,20,64.6565,1.173356,-0.000011,2.38544e+08,70.59,69686.30,38726.50,1,0
30982.558236,3227.6224,1,1,3.24928,1.178434,0.980979,3.12906e+07,80.16,69431.00,38448.40,1,0
31015.821815,3224.1609,2,2,6.54547,1.185626,-1.759535,548960,100.62,44903.40,13887.60,1,0
31019.509613,3223.7776,20,20,65.506,1.186410,-2.764169,5.93374e+06,47.83,58158.10,27138.50,0,4
31056.780876,3219.9087,3,3,9.90249,1.194174,1.334079,8.5643e+07,69.88,63816.90,32760.10,1,0
31156.628509,3209.5899,4,4,13.4621,1.213584,-0.546477,1.34134e+07,73.15,60419.70,29263.10,1,0
31157.559626,3209.4940,4,4,13.4644,1.213755,0.584394,5.95128e+07,69.17,64817.50,33660.00,1,0
31177.370694,3207.4546,2,2,6.75652,1.217361,0.488852,1.05028e+08,65.67,81404.50,50227.80,1,0
31237.809067,3201.2488,4,4,13.6557,1.227863,-0.375165,3.43131e+07,132.39,69686.30,38448.40,1,0
31246.281314,3200.3808,4,4,13.675,1.229276,1.252921,9.53068e+07,73.12,62240.80,30994.60,1,0
31248.010616,3200.2037,5,5,17.0987,1.229562,-1.641379,9.76304e+06,997.29,67049.20,35801.10,1,0
31280.969992,3196.8318,7,7,24.0664,1.234905,-5.492892,201792,112.05,62535.60,31254.70,0,2
31319.530577,3192.8959,1,1,3.45862,1.240871,1.374942,3.39742e+07,56.29,64979.60,33660.00,1,0
31391.379589,3185.5879,7,7,24.461,1.251169,1.699174,3.28252e+08,66.79,64857.20,33466.40,0,2
31391.652627,3185.5602,5,5,17.4728,1.251206,1.072307,1.18254e+08,86.07,64150.90,32760.10,1,0
31398.871040,3184.8279,6,6,20.9878,1.252181,-0.421892,3.37834e+07,59.26,64865.10,33466.40,1,0
31418.558908,3182.8322,2,2,7.01418,1.254786,-0.659251,3.10184e+07,88.53,80164.00,48745.50,1,0
31445.538144,3180.1014,9,9,31.6725,1.258225,-1.537723,1.13664e+07,54.23,60166.20,28720.70,1,0
31455.370391,3179.1074,7,7,24.6642,1.259441,0.320710,7.89774e+07,62.84,64215.50,32760.10,1,0
31468.758526,3177.7548,5,5,17.6459,1.261064,1.231213,1.74102e+08,68.11,66852.90,35384.20,1,0
31507.278217,3173.8698,30,30,106.349,1.265526,0.221452,2.62031e+08,61.47,62240.80,30733.50,1,0
31535.171758,3171.0625,10,10,35.5574,1.268564,0.572137,1.07134e+08,62.11,60419.70,28885.10,1,0
31558.079290,3168.7607,4,4,14.2568,1.270937,0.648954,7.89336e+07,66.40,66943.00,35384.20,1,0
31564.078310,3168.1584,6,6,21.3981,1.271541,0.523914,7.30867e+07,68.22,62558.70,30994.60,1,0
31597.677949,3164.7895,3,3,10.7338,1.274782,1.178618,1.04627e+08,54.96,67398.80,35801.10,1,0
31623.101191,3162.2452,7,7,25.103,1.277078,-0.629552,1.37397e+08,61.05,82492.40,50869.30,1,0
31635.250180,3161.0308,20,20,71.7982,1.278127,0.948402,3.1674e+08,69.48,60520.30,28885.10,1,0
31636.660945,3160.8898,10,10,35.9034,1.278247,0.392721,1.3417e+08,68.20,65295.90,33660.00,1,0
31691.308871,3155.4393,8,8,28.8471,1.282569,-2.861176,5.32495e+06,86.42,68331.70,36640.40,0,2
31699.022427,3154.6714,9,9,32.4712,1.283128,-4.730965,484316,456.98,60419.70,28720.70,0,2
31758.232010,3148.7899,9,9,32.5974,1.287008,-2.884754,5.28181e+06,1009.44,67049.20,35291.00,0,2
31766.660050,3147.9545,20,20,72.4743,1.287500,-3.339112,9.24301e+06,55.17,69686.30,37919.60,0,2
31799.630093,3144.6907,20,20,72.6036,1.289282,-1.905640,1.8357e+07,96.17,60520.30,28720.70,1,0
31802.089137,3144.4475,7,7,25.4144,1.289406,1.326331,1.91844e+08,64.69,62535.60,30733.50,1,0
31828.401090,3141.8481,6,6,21.8109,1.290651,-0.347242,4.38919e+07,35.40,66852.90,35024.50,1,0
31852.039915,3139.5163,6,6,21.8326,1.291645,-3.831352,1.53984e+06,382.31,68492.40,36640.40,0,2
31855.908382,3139.1351,10,10,36.3932,1.291796,-1.664709,1.93242e+07,55.53,66681.10,34825.50,1,0
31877.702305,3136.9890,10,10,36.4221,1.292590,0.028040,1.13938e+08,66.31,67679.20,35801.10,1,0
31903.788837,3134.4240,5,5,18.226,1.293409,-1.119592,1.94041e+07,74.59,68544.20,36640.40,1,0
31945.147949,3130.3658,9,9,32.8397,1.294413,-0.312964,4.84677e+07,69.86,62678.70,30733.50,1,0
32010.882126,3123.9377,10,10,36.5196,1.295264,0.282383,1.43357e+08,60.17,67395.30,35384.20,1,0
32014.840572,3123.5514,7,7,25.5643,1.295286,0.237224,2.24612e+08,72.32,77822.00,45807.10,1,0
32024.708398,3122.5889,9,9,32.8697,1.295327,-4.957585,664580,319.04,67049.20,35024.50,0,2
32027.321372,3122.3342,7,7,25.5655,1.295334,-0.025905,7.05039e+07,103.69,66852.90,34825.50,1,0
32052.951194,3119.8375,8,8,29.2176,1.295330,-0.764199,2.71027e+07,34.43,62558.70,30505.70,1,0
32069.609532,3118.2169,7,7,25.5634,1.295252,0.259715,1.01795e+08,59.35,67870.80,35801.10,1,0
32105.408645,3114.7400,8,8,29.2046,1.294886,0.288398,9.35411e+07,70.40,64865.10,32760.10,1,0
32108.312391,3114.4583,4,4,14.6017,1.294844,-2.352367,5.95898e+06,83.14,71978.50,39870.20,0,2
32156.552316,3109.7861,7,7,25.5287,1.293892,-2.195675,2.99754e+07,70.01,83025.90,50869.30,0,2
32161.250589,3109.3318,8,8,29.1722,1.293773,-1.290601,2.65179e+07,150.87,68801.70,36640.40,1,0
32237.589677,3101.9689,7,7,25.4596,1.291182,0.968104,1.40257e+08,70.53,63232.10,30994.60,1,0
32264.588822,3099.3731,3,3,10.898,1.289969,-0.129389,9.6404e+07,70.56,82492.40,50227.80,1,0
32275.231335,3098.3511,9,9,32.677,1.289448,0.589792,1.53575e+08,62.39,65935.20,33660.00,1,0
32294.918487,3096.4624,5,5,18.1353,1.288422,-1.200738,2.15274e+07,82.27,71021.10,38726.50,1,0
32326.277735,3093.4585,5,5,18.1026,1.286617,-2.086346,7.49496e+06,62.00,68978.50,36652.30,1,0
32332.589907,3092.8546,7,7,25.3338,1.286229,-5.178764,400204,576.43,66852.90,34520.30,0,2
32334.701038,3092.6527,3,3,10.8559,1.286097,-1.703634,6.59316e+06,66.27,68987.10,36652.30,1,0
32338.131311,3092.3246,6,6,21.7071,1.285881,-4.191935,1.09402e+06,774.31,68978.50,36640.40,0,2
32346.670239,3091.5083,6,6,21.6952,1.285332,-1.878391,1.10595e+07,79.16,68987.10,36640.40,1,0
32370.831381,3089.2009,9,9,32.4896,1.283694,-1.136841,3.05086e+07,32.35,67395.30,35024.50,1,0
32374.291005,3088.8707,3,3,10.8272,1.283449,-0.903885,1.28364e+07,81.16,67398.80,35024.50,1,0
32382.670312,3088.0715,1,1,3.60689,1.282846,-0.847345,1.81322e+07,141.49,84409.90,52026.90,1,0
32414.850666,3085.0057,8,8,28.7844,1.280391,-4.176556,1.27533e+06,708.56,67240.40,34825.50,0,2
32422.778943,3084.2514,9,9,32.3618,1.279753,-2.770382,5.70881e+06,82.68,66943.00,34520.30,0,2
32455.967873,3081.0975,150,150,537.845,1.276935,0.412676,2.10346e+09,65.26,65922.40,33466.40,1,0
32468.232215,3079.9336,9,9,32.2352,1.275834,0.838513,5.30346e+08,64.79,78312.90,45844.70,1,0
32471.968988,3079.5792,70,70,250.632,1.275492,0.094219,4.90884e+08,61.26,61357.00,28885.10,1,0
32497.860053,3077.1257,8,8,28.5736,1.273043,-2.499480,7.88743e+06,128.69,69138.30,36640.40,0,2
32500.711217,3076.8557,7,7,24.995,1.272765,2.744214,1.00854e+09,618.10,65967.20,33466.40,0,2
32530.388467,3074.0487,9,9,32.0401,1.269764,-2.834821,5.91563e+06,560.20,68331.70,35801.10,0,2
32561.718343,3071.0910,4,4,14.1921,1.266393,-4.679031,212610,246.96,60166.20,27604.30,0,2
32568.059855,3070.4930,4,4,14.1821,1.265686,-0.187788,4.81627e+07,104.31,71592.30,39024.30,1,0
32571.138457,3070.2028,8,8,28.3543,1.265339,-0.929932,2.88279e+07,82.20,65909.40,33338.40,1,0
32572.760166,3070.0499,9,9,31.8928,1.265155,-6.820581,136072,453.56,71021.10,38448.40,0,2
32580.988647,3069.2746,9,9,31.8629,1.264216,2.351876,1.01974e+09,63.87,67965.50,35384.20,0,2
32598.760236,3067.6013,150,150,529.945,1.262139,0.049130,1.18622e+09,63.52,63593.40,30994.60,1,0
32636.348604,3064.0683,9,9,31.6503,1.257523,-0.114072,5.00803e+07,47.62,61357.00,28720.70,1,0
32656.611314,3062.1671,9,9,31.5677,1.254911,2.093879,1.83443e+09,64.76,78463.60,45807.10,0,2
32681.978971,3059.7902,150,150,524.346,1.251517,-0.129313,1.20645e+09,146.62,66148.40,33466.40,1,0
32697.168376,3058.3688,7,7,24.4182,1.249419,0.154883,9.05917e+07,75.65,68525.60,35828.50,1,0
32712.142138,3056.9689,7,7,24.3666,1.247303,0.265461,1.3116e+08,69.46,71736.50,39024.30,1,0
32720.508219,3056.1872,70,70,243.373,1.246101,0.452200,6.90534e+08,67.23,61605.70,28885.10,1,0
32723.538650,3055.9042,5,5,17.3762,1.245661,-0.470700,2.11736e+07,45.05,62558.70,29835.10,1,0
32766.402306,3051.9066,2,2,6.90596,1.239238,-0.344888,1.66696e+07,82.23,69408.50,36642.10,1,0
32774.098114,3051.1900,120,120,413.863,1.238043,0.069084,9.53544e+08,70.20,63768.70,30994.60,1,0
32798.102359,3048.9569,8,8,27.486,1.234236,-0.309837,2.08583e+08,67.83,83025.90,50227.80,1,0
32809.807785,3047.8691,70,70,240.046,1.232335,0.472789,1.55939e+09,65.85,71536.40,38726.50,1,0
32822.419461,3046.6980,100,100,342.21,1.230255,0.424967,1.12825e+09,65.85,63816.90,30994.60,1,0
32846.291767,3044.4837,9,9,30.675,1.226224,1.024915,2.56344e+08,65.99,67870.80,35024.50,1,0
32859.768673,3043.2351,100,100,340.041,1.223895,0.086082,7.83517e+08,64.56,63593.40,30733.50,1,0
32865.911693,3042.6662,60,60,203.805,1.222821,0.359186,1.18517e+09,65.61,71592.30,38726.50,1,0
32875.021978,3041.8231,60,60,203.478,1.221213,-3.979616,1.09618e+07,48.41,67395.30,34520.30,0,4
32884.981687,3040.9018,70,70,236.969,1.219435,-2.133549,5.04024e+07,60.43,61605.70,28720.70,0,2
32888.629709,3040.5645,7,7,23.6814,1.218778,-1.726165,3.05318e+07,50.60,78694.60,45806.00,1,0
32918.591706,3037.7970,8,8,26.916,1.213279,-0.938879,7.09488e+07,47.88,77822.00,44903.40,1,0
32947.148542,3035.1640,10,10,33.4632,1.207861,-4.383396,1.28675e+06,158.40,68238.10,35291.00,0,2
32947.518162,3035.1300,90,90,301.147,1.207790,-6.606837,1.26296e+06,1409.48,68331.70,35384.20,0,2
32948.632027,3035.0274,9,9,30.1083,1.207575,1.672627,1.73159e+09,70.69,83607.30,50658.70,0,2
32957.701854,3034.1921,100,100,333.948,1.205815,0.304405,7.95161e+08,63.30,61357.00,28399.40,1,0
32959.988080,3033.9817,9,9,30.0419,1.205368,1.594094,1.59673e+09,66.06,83607.30,50647.40,0,2
32973.217907,3032.7644,9,9,29.9637,1.202764,-0.167954,8.16392e+07,66.03,68801.70,35828.50,1,0
32985.889876,3031.5993,2,2,6.64179,1.200234,3.178387,4.1968e+08,70.02,66324.80,33338.40,0,2
33000.490384,3030.2580,100,100,331.109,1.197277,0.443560,1.66146e+09,76.77,68801.70,35801.10,1,0
33015.738743,3028.8585,2,2,6.60144,1.194141,-1.690562,4.21188e+06,53.78,69686.30,36670.60,1,0
33021.148208,3028.3623,20,20,65.9402,1.193016,1.405929,7.28094e+08,63.89,66681.10,33660.00,0,2
33034.871090,3027.1043,3,3,9.86259,1.190136,-2.004252,5.43263e+06,83.35,71736.50,38701.60,1,0
33039.448505,3026.6849,7,7,22.9904,1.189167,-1.099159,1.24298e+07,46.48,60419.70,27380.30,1,0
33040.758644,3026.5649,2,2,6.56686,1.188888,-0.361733,1.41565e+07,160.32,68331.70,35291.00,1,0
33045.368066,3026.1427,70,70,229.614,1.187906,0.824936,1.56158e+09,63.84,67870.80,34825.50,1,0
33056.149987,3025.1557,30,30,98.1786,1.185591,1.161925,3.40388e+09,66.56,83703.40,50647.40,0,2
33081.998784,3022.7920,5,5,16.2709,1.179941,-0.043665,1.13974e+08,64.81,78889.10,45807.10,1,0
33083.529984,3022.6521,70,70,227.716,1.179602,-0.444129,4.53066e+08,65.07,68374.50,35291.00,1,0
33087.690319,3022.2720,5,5,16.2504,1.178678,-0.022034,3.33754e+07,73.26,63593.40,30505.70,1,0
33108.248615,3020.3953,20,20,64.7019,1.174059,1.580661,9.83776e+08,64.58,68492.40,35384.20,0,2
33117.187851,3019.5801,20,20,64.5703,1.172022,1.034689,2.08788e+09,71.50,84431.00,51312.80,1,0
33143.998288,3017.1375,90,90,288.768,1.165813,0.370072,1.68338e+09,65.51,71592.30,38448.40,1,0
33156.361048,3016.0125,100,100,319.919,1.162899,0.196257,8.53625e+08,82.13,64150.90,30994.60,1,0
33162.180144,3015.4833,90,90,287.53,1.161516,0.513960,1.21786e+09,66.46,65922.40,32760.10,1,0
33177.001809,3014.1361,40,40,127.337,1.157962,0.457378,6.53766e+08,68.81,68978.50,35801.10,1,0
33177.531124,3014.0880,20,20,63.6606,1.157834,1.316559,4.38876e+08,71.50,62062.60,28885.10,1,0
33185.848778,3013.3326,10,10,31.7662,1.155818,-0.620289,5.55391e+07,1015.13,68987.10,35801.10,1,0
33192.889030,3012.6935,4,4,12.6847,1.154100,3.328202,9.66016e+08,70.15,66852.90,33660.00,0,2
33198.771717,3012.1596,20,20,63.3319,1.152656,0.011523,6.76524e+08,69.91,83426.60,50227.80,1,0
33206.160790,3011.4894,150,150,474.124,1.150833,0.422371,1.28662e+09,65.84,61605.70,28399.40,1,0
33207.650345,3011.3543,10,10,31.5966,1.150464,0.577054,1.53764e+08,66.68,66867.10,33660.00,1,0
33234.551447,3008.9168,150,150,470.763,1.143720,0.564807,2.58895e+09,63.51,68525.60,35291.00,1,0
33241.008453,3008.3323,40,40,125.331,1.142079,0.456354,4.3565e+08,83.58,64235.60,30994.60,1,0
33251.919488,3007.3452,60,60,187.472,1.139285,0.752943,1.64863e+09,68.00,71978.50,38726.50,1,0
33269.311679,3005.7730,20,20,62.2098,1.134780,1.462384,7.24605e+08,82.67,66735.90,33466.40,0,2
33279.227954,3004.8774,10,10,31.0242,1.132183,0.861753,9.01944e+08,67.68,85306.10,52026.90,1,0
33283.028012,3004.5343,9,9,27.8939,1.131182,-2.260898,7.97838e+06,1420.03,66943.00,33660.00,0,2
33288.079543,3004.0784,150,150,464.277,1.129847,0.672350,3.68905e+09,65.39,71736.50,38448.40,1,0
33295.571465,3003.4024,9,9,27.8013,1.127857,-0.244074,4.1764e+07,80.88,62558.70,29263.10,1,0
33300.241017,3002.9813,2,2,6.17036,1.126611,-1.742604,4.47345e+06,86.59,71994.80,38694.50,1,0
33307.209728,3002.3530,20,20,61.5885,1.124742,-1.703852,3.44139e+07,103.05,68331.70,35024.50,1,0
33309.792272,3002.1202,4,4,12.3091,1.124047,-2.542438,3.17559e+06,626.13,69138.30,35828.50,0,2
33311.170583,3001.9960,6,6,18.4568,1.123676,0.608393,7.20294e+07,34.60,63816.90,30505.70,1,0
33318.509744,3001.3347,150,150,460.506,1.121691,0.458398,1.30303e+09,65.93,61718.00,28399.40,1,0
33337.051034,2999.6654,70,70,213.817,1.116626,0.236611,8.87581e+08,70.78,69138.30,35801.10,1,0
33341.910388,2999.2283,9,9,27.454,1.115287,-0.274994,3.83466e+07,59.89,62062.60,28720.70,1,0
33350.061577,2998.4952,7,7,21.3049,1.113029,-2.627293,4.73837e+06,550.04,68374.50,35024.50,0,2
33355.681170,2997.9900,150,150,455.821,1.111464,0.828718,1.9471e+09,63.59,62240.80,28885.10,1,0
33370.031694,2996.7008,3,3,9.07978,1.107438,-3.522963,357982,41.63,58158.10,24788.00,0,4
33381.757981,2995.6481,7,7,21.1159,1.104116,-0.777572,1.57137e+07,47.62,60520.30,27138.50,1,0
33388.152056,2995.0744,20,20,60.2212,1.102292,-0.826490,6.75422e+07,850.58,66148.40,32760.10,1,0
33415.561172,2992.6177,8,8,23.8986,1.094378,-0.898176,1.87814e+07,76.19,62678.70,29263.10,1,0
33417.349882,2992.4575,20,20,59.7153,1.093856,0.664109,2.52401e+08,82.05,64150.90,30733.50,1,0
33445.188283,2989.9667,20,20,59.227,1.085646,-1.725480,3.1303e+07,92.86,67965.50,34520.30,1,0
33467.949120,2987.9333,9,9,26.4707,1.078812,-0.118780,7.27768e+07,214.42,68492.40,35024.50,1,0
33481.890610,2986.6892,500,500,1464.37,1.074573,0.281139,4.23434e+09,65.17,64215.50,30733.50,1,0
33501.998862,2984.8965,9,9,26.1961,1.068387,1.432061,2.39697e+08,76.34,64235.60,30733.50,0,2
33506.108619,2984.5304,40,40,116.279,1.067112,-2.805481,2.14643e+07,1210.18,68331.70,34825.50,0,2
33510.631296,2984.1276,9,9,26.126,1.065705,1.482660,3.64926e+08,79.59,68801.70,35291.00,0,2
33520.080910,2983.2864,150,150,434.149,1.062752,-2.215226,8.79284e+07,89.66,62240.80,28720.70,0,2
33522.107861,2983.1060,9,9,26.0324,1.062116,1.356172,7.58646e+08,68.52,79366.70,45844.70,0,2
33528.649196,2982.5240,100,100,288.654,1.060057,0.075806,8.42784e+08,69.32,66867.10,33338.40,1,0
33530.078362,2982.3968,9,9,25.9671,1.059607,1.635791,5.47532e+08,67.94,71978.50,38448.40,0,2
33540.697954,2981.4526,5,5,14.3777,1.056243,0.167299,1.9249e+08,218.52,84409.90,50869.30,1,0
33541.211320,2981.4069,500,500,1437.54,1.056080,0.360496,5.32576e+09,65.68,66301.30,32760.10,1,0
33549.562091,2980.6648,8,8,22.9395,1.053417,0.346988,9.928e+07,101.97,68374.50,34825.50,1,0
33559.562335,2979.7766,9,9,25.7242,1.050209,1.304438,7.11072e+08,69.77,79366.70,45807.10,0,2
33580.361125,2977.9310,150,150,425.858,1.043471,-0.151878,1.01926e+09,95.10,67240.40,33660.00,1,0
33582.640489,2977.7289,150,150,425.541,1.042727,-1.930375,1.69341e+08,178.64,67049.20,33466.40,1,0
33588.429617,2977.2157,40,40,113.263,1.040833,-0.305814,6.26593e+08,78.46,79395.60,45807.10,1,0
33594.182320,2976.7059,20,20,56.5246,1.038943,1.202501,6.03786e+08,69.37,68978.50,35384.20,1,0
33602.550940,2975.9645,8,8,22.5475,1.036182,-4.035222,1.32728e+06,496.39,69431.00,35828.50,0,2
33604.630169,2975.7804,9,9,25.3485,1.035494,-2.518323,5.55116e+06,1410.22,66943.00,33338.40,0,2
33616.768312,2974.7059,9,9,25.2464,1.031458,-0.518843,5.9381e+07,56.84,71536.40,37919.60,1,0
33629.488949,2973.5807,8,8,22.3458,1.027196,-0.695825,3.7067e+07,79.74,69431.00,35801.10,1,0
33645.139872,2972.1975,8,8,22.2279,1.021905,-0.476411,2.98285e+07,58.93,64150.90,30505.70,1,0
33650.981433,2971.6815,7,7,19.4108,1.019917,1.252130,1.28573e+08,94.14,62535.60,28885.10,1,0
33663.289372,2970.5950,40,40,110.452,1.015706,1.305465,7.42193e+08,75.46,62062.60,28399.40,1,0
33666.870351,2970.2791,80,80,220.633,1.014475,0.484713,1.1026e+09,58.91,68492.40,34825.50,1,0
33673.438441,2969.6997,150,150,412.751,1.012209,0.570786,1.38488e+09,76.41,62558.70,28885.10,1,0
33709.658149,2966.5089,9,9,24.4537,0.999556,1.093090,1.58183e+08,85.56,64215.50,30505.70,1,0
33718.691890,2965.7141,90,90,243.756,0.996358,-0.052465,7.13801e+08,91.06,68544.20,34825.50,1,0
33724.779838,2965.1787,8,8,21.6203,0.994192,-1.274323,1.39448e+07,98.54,64979.60,31254.70,1,0
33735.281457,2964.2557,20,20,53.8484,0.990440,0.568759,2.67087e+08,90.45,67395.30,33660.00,1,0
33739.359625,2963.8974,2,2,5.37696,0.988976,-0.873036,8.04721e+06,56.24,70381.50,36642.10,1,0
33758.179891,2962.2450,9,9,24.0324,0.982177,0.160220,5.80494e+07,35.49,63593.40,29835.10,1,0
33763.118360,2961.8117,30,30,79.9641,0.980381,0.941397,2.30649e+09,80.54,84410.60,50647.40,1,0
33766.831648,2961.4860,3,3,7.98559,0.979027,-2.207570,2.58135e+06,42.02,67965.50,34198.60,0,4
33777.148653,2960.5815,8,8,21.2146,0.975250,-4.938997,478011,540.55,68801.70,35024.50,0,2
33811.418700,2957.5807,20,20,52.3671,0.962546,-2.944470,8.33632e+06,90.33,68331.70,34520.30,0,2
33814.859684,2957.2798,4,4,10.4599,0.961257,0.350966,2.79994e+07,54.89,62535.60,28720.70,1,0
33837.979300,2955.2592,90,90,233.304,0.952532,-1.321606,1.17402e+08,61.48,62558.70,28720.70,1,0
33847.280310,2954.4471,70,70,180.817,0.948991,0.590748,1.05344e+09,67.68,69138.30,35291.00,1,0
33857.769637,2953.5318,9,9,23.1548,0.944975,-0.617377,4.21325e+07,45.15,69686.30,35828.50,1,0
33857.769637,2953.5318,9,9,23.1548,0.944975,-5.109525,8.73652e+06,35.18,105450.20,71592.30,0,4
33862.598779,2953.1106,6,6,15.4079,0.943119,0.714144,7.15756e+07,75.21,64857.20,30994.60,1,0
33870.500678,2952.4217,9,9,23.0415,0.940071,1.489937,2.32613e+08,84.26,64865.10,30994.60,1,0
33884.668960,2951.1872,9,9,22.9152,0.934575,0.814342,1.74396e+08,76.82,69686.30,35801.10,1,0
33932.398118,2947.0360,8,8,19.9892,0.915751,3.649009,2.14588e+09,76.67,67398.80,33466.40,0,2
33933.538210,2946.9370,8,8,19.9801,0.915296,-0.066180,3.88364e+07,37.96,63768.70,29835.10,1,0
33962.598641,2944.4154,2,2,4.93694,0.903598,1.155768,4.98169e+07,69.71,68987.10,35024.50,1,0
33972.140418,2943.5884,9,9,22.1302,0.899719,-0.880491,2.79842e+07,64.10,68492.40,34520.30,1,0
33975.618308,2943.2871,70,70,171.88,0.898300,0.859677,1.07298e+09,75.62,66735.90,32760.10,1,0
33993.301121,2941.7561,7,7,17.0638,0.891049,1.214686,6.91212e+08,68.24,85306.10,51312.80,1,0
34035.992037,2938.0663,5,5,11.9737,0.873279,-2.272080,3.14886e+06,71.45,66324.80,32288.90,0,2
34046.680713,2937.1439,7,7,16.6878,0.868770,-0.711884,2.69071e+07,85.87,69431.00,35384.20,1,0
34056.931883,2936.2598,20,20,47.4728,0.864425,0.697134,2.6519e+08,83.54,67395.30,33338.40,1,0
34075.202199,2934.6854,1,1,2.3552,0.856626,-0.954803,3.66866e+06,77.13,71994.80,37919.60,1,0
34113.739032,2931.3703,7,7,16.2138,0.839952,-2.523224,4.16359e+06,203.21,69138.30,35024.50,0,2
34117.471988,2931.0495,50,50,115.624,0.838321,0.601693,6.9071e+08,81.69,69408.50,35291.00,1,0
34131.520766,2929.8431,20,20,45.9654,0.832156,1.609850,5.19155e+08,80.23,64865.10,30733.50,0,2
34139.960125,2929.1188,4,4,9.15891,0.828433,-0.261296,2.31106e+07,74.07,69431.00,35291.00,1,0
34149.601861,2928.2918,2,2,4.55994,0.824162,1.276398,5.59768e+07,47.51,69978.10,35828.50,1,0
34161.519303,2927.2703,7,7,15.8753,0.818856,0.400917,7.48647e+07,119.96,68987.10,34825.50,1,0
34181.991417,2925.5171,2,2,4.49435,0.809674,-0.292140,3.72928e+07,188.20,84409.90,50227.80,1,0
34218.449500,2922.4001,7,7,15.4718,0.793110,-1.573102,5.42777e+06,37.64,61357.00,27138.50,1,0
34281.361505,2917.0370,9,9,19.3195,0.763889,-0.613736,3.2419e+07,50.42,68801.70,34520.30,1,0
34284.841437,2916.7409,6,6,12.8585,0.762249,-1.162843,7.90104e+06,57.06,63221.30,28936.50,1,0
34301.289232,2915.3423,100,100,212.647,0.754465,0.827990,1.13262e+09,67.11,65295.90,30994.60,1,0
34305.360260,2914.9964,10,10,21.2236,0.752530,0.529104,1.04234e+08,68.99,67965.50,33660.00,1,0
34308.399133,2914.7382,6,6,12.7158,0.751083,-0.882185,1.06416e+07,41.06,63576.30,29267.90,1,0
34333.318796,2912.6226,50,50,104.708,0.739149,1.530052,5.61074e+09,67.02,84992.00,50658.70,0,2
34337.950621,2912.2297,6,6,12.5369,0.736917,-6.715972,755518,62.86,102830.40,68492.40,0,2
34346.978395,2911.4643,70,70,145.627,0.732554,-1.165801,8.91344e+07,61.81,63232.10,28885.10,1,0
34351.400733,2911.0894,8,8,16.6075,0.730410,0.298621,5.01927e+07,36.58,64857.20,30505.70,1,0
34359.440647,2910.4083,6,6,12.407,0.726504,0.515182,4.6584e+07,49.09,64865.10,30505.70,1,0
34400.528168,2906.9321,5,5,10.1327,0.706333,-0.327903,1.55352e+07,73.08,64235.60,29835.10,1,0
34404.230393,2906.6193,5,5,10.1142,0.704499,1.188127,9.49998e+07,98.66,67870.80,33466.40,1,0
34406.491009,2906.4283,2,2,4.04113,0.703377,-0.944157,5.11129e+06,191.29,69431.00,35024.50,1,0
34406.491009,2906.4283,2,2,4.04113,0.703377,-1.014174,1.89915e+06,61.46,58158.10,23751.60,1,0
34458.258386,2902.0619,6,6,11.8127,0.677415,-2.307072,3.67942e+06,985.83,68978.50,34520.30,0,2
34463.291054,2901.6381,2,2,3.92752,0.674862,-0.072713,2.66723e+07,43.77,79366.70,44903.40,1,0
34466.798977,2901.3428,5,5,9.80133,0.673080,-3.385152,1.03922e+06,1488.50,68987.10,34520.30,0,2
34500.779753,2898.4852,4,4,7.70585,0.655685,-1.179852,4.83727e+06,44.57,63768.70,29267.90,1,0
34506.188165,2898.0309,3,3,5.76328,0.652895,-1.547387,1.58452e+06,45.31,58158.10,23651.90,1,0
34524.440366,2896.4988,2,2,3.80601,0.643435,-1.083822,4.95428e+06,117.76,71536.40,37011.90,1,0
34553.841021,2894.0343,3,3,5.6219,0.628057,-0.656381,5.97098e+06,115.02,63816.90,29263.10,1,0
34554.831543,2893.9513,9,9,16.8569,0.627536,0.489611,2.17279e+08,61.62,80360.80,45806.00,1,0
34581.859460,2891.6895,2,2,3.69281,0.613241,-1.764138,2.87774e+06,85.42,73606.20,39024.30,1,0
34605.418332,2889.7209,6,6,10.9399,0.600660,0.540348,6.07086e+07,49.00,69431.00,34825.50,1,0
34625.158135,2888.0735,6,6,10.8243,0.590033,0.101114,1.54194e+07,71.41,58158.10,23532.90,1,0
34626.979314,2887.9216,2,2,3.60455,0.589049,0.259665,1.33959e+07,65.24,67965.50,33338.40,1,0
34636.539825,2887.1244,5,5,8.96482,0.583871,-1.978109,2.22732e+06,103.37,62240.80,27604.30,1,0
34651.870070,2885.8471,6,6,10.6684,0.575529,0.612319,8.76848e+07,86.24,73378.40,38726.50,1,0
34671.699511,2884.1967,6,6,10.5532,0.564669,-0.123385,2.7515e+07,135.82,68331.70,33660.00,1,0
34680.511963,2883.4638,8,8,14.0028,0.559818,0.000067,3.39596e+07,43.39,65935.20,31254.70,1,0
34682.341436,2883.3117,7,7,12.2401,0.558809,-0.180543,1.80638e+07,68.09,62062.60,27380.30,1,0
34686.978490,2882.9262,7,7,12.2088,0.556248,2.126604,3.45287e+08,83.34,69978.10,35291.00,0,2
34708.241158,2881.1601,4,4,6.89465,0.544452,1.213026,4.64182e+07,56.67,63593.40,28885.10,1,0
34715.619493,2880.5478,8,8,13.7327,0.540337,0.664010,1.93869e+08,40.33,79395.60,44680.00,1,0
34756.388938,2877.1689,7,7,11.7437,0.517406,-0.616385,9.58074e+06,76.13,60166.20,25409.70,1,0
34757.548942,2877.0728,1,1,1.67657,0.516749,-4.629221,877464,86.05,103895.80,69138.30,0,2
34832.711629,2870.8646,9,9,14.4517,0.473589,1.665489,1.47992e+08,81.77,63232.10,28399.40,1,0
34861.889804,2868.4618,7,7,11.0501,0.456533,0.104730,4.02044e+07,87.56,69686.30,34825.50,1,0
34883.480270,2866.6864,4,4,6.2345,0.443804,-1.187976,3.83938e+06,75.38,63768.70,28885.10,1,0
34887.811727,2866.3305,3,3,4.6639,0.441239,-0.589011,5.393e+06,66.94,64150.90,29263.10,1,0
34895.999006,2865.6580,5,5,7.73549,0.436381,-6.355627,51148.6,409.90,71536.40,36640.40,0,2
34908.131339,2864.6621,4,4,6.14385,0.429157,0.829458,4.14006e+07,75.36,68374.50,33466.40,1,0
34931.880409,2862.7145,9,9,13.6284,0.414933,2.500226,3.36341e+08,70.02,63816.90,28885.10,0,2
34940.538701,2862.0051,7,7,10.5448,0.409720,1.287298,9.19552e+07,77.81,65935.20,30994.60,1,0
34954.351337,2860.8741,3,3,4.48162,0.401373,-0.808307,3.64766e+06,61.01,62558.70,27604.30,1,0
34966.601257,2859.8719,1,1,1.48281,0.393938,0.153799,6.81132e+06,53.37,71978.50,37011.90,1,0
34982.900244,2858.5394,4,4,5.87259,0.384001,-0.041389,2.22117e+07,50.16,71994.80,37011.90,1,0
34984.788332,2858.3852,3,3,4.39936,0.382846,-0.015356,2.02874e+07,63.46,74105.20,39120.40,1,0
35047.998788,2853.2300,3,3,4.23085,0.343790,1.053727,2.44008e+07,61.69,63768.70,28720.70,1,0
35059.130871,2852.3240,6,6,8.40301,0.336830,0.731429,5.17496e+07,77.59,68525.60,33466.40,1,0
35077.691722,2850.8147,5,5,6.92135,0.325173,1.910021,1.38659e+08,60.49,68544.20,33466.40,1,0
35096.179036,2849.3130,7,7,9.57738,0.313494,-0.478725,1.19619e+07,678.62,63816.90,28720.70,1,0
35102.460843,2848.8031,1,1,1.36276,0.309511,-0.796820,3.50734e+07,49.78,104788.70,69686.30,1,0
35158.729545,2844.2438,1,1,1.31454,0.273487,-0.385998,1.50124e+06,51.79,61605.70,26447.00,1,0
35176.900606,2842.7746,20,20,25.9833,0.261722,2.395542,5.62342e+08,69.45,63576.30,28399.40,0,2
35178.349891,2842.6575,8,8,10.3836,0.260781,0.294308,2.52936e+07,59.03,62558.70,27380.30,1,0
35188.810952,2841.8124,8,8,10.3131,0.253976,1.634836,1.2628e+08,55.38,65922.40,30733.50,1,0
35220.000830,2839.2958,7,7,8.84163,0.233561,0.059642,3.39403e+07,69.00,71021.10,35801.10,1,0
35233.569512,2838.2024,9,9,11.2666,0.224620,2.373993,2.89591e+08,116.65,65967.20,30733.50,0,2
35250.628301,2836.8289,1,1,1.23779,0.213330,0.683672,1.49363e+08,96.57,105632.20,70381.50,1,0
35261.801174,2835.9300,3,3,3.68591,0.205904,-0.394449,4.07815e+06,56.37,61357.00,26095.20,1,0
35310.971062,2831.9810,2,2,2.37759,0.172939,-1.092564,4.11484e+06,96.33,75409.60,40098.70,1,0
35327.769067,2830.6344,2,2,2.35071,0.161571,2.018104,5.40156e+07,80.06,68987.10,33660.00,0,2
35338.108841,2829.8062,3,3,3.50138,0.154546,0.284433,1.81355e+07,119.66,71978.50,36640.40,1,0
35350.461885,2828.8174,9,9,10.4161,0.146126,1.508114,9.74621e+07,89.66,64235.60,28885.10,1,0
35354.429084,2828.4999,3,3,3.46263,0.143416,-0.947402,5.23714e+06,48.87,71994.80,36640.40,1,0
35378.149275,2826.6035,7,7,7.9491,0.127148,-0.527001,6.96677e+06,54.78,60166.20,24788.00,1,0
35410.629103,2824.0108,3,3,3.33112,0.104698,-3.497362,466613,232.88,74105.20,38694.50,0,2
35414.801840,2823.6781,9,9,9.96445,0.101799,0.979700,6.41365e+07,594.68,66148.40,30733.50,1,0
35458.830063,2820.1720,2,2,2.14718,0.071008,0.242335,1.19128e+07,49.80,73378.40,37919.60,1,0
35462.071999,2819.9142,2,2,2.14229,0.068726,-0.427369,7.26918e+06,75.81,75560.70,40098.70,1,0
35514.981688,2815.7131,6,6,6.19017,0.031202,-2.675542,878780,329.60,64235.60,28720.70,0,2
35529.438393,2814.5674,1,1,1.02108,0.020857,1.197541,2.59511e+08,82.34,108559.40,73029.90,1,0
35544.971237,2813.3375,9,9,9.08769,0.009697,2.371111,2.79408e+08,78.14,68305.10,32760.10,0,2
35598.158315,2809.1341,6,6,5.82929,-0.028864,-0.310282,1.08834e+07,34.20,66852.90,31254.70,1,0
35602.110294,2808.8223,4,4,3.87499,-0.031751,0.094217,9.21697e+06,67.52,64865.10,29263.10,1,0
35631.711379,2806.4888,7,7,6.63557,-0.053466,-0.523100,5.91794e+06,57.32,60419.70,24788.00,1,0
35631.711379,2806.4888,7,7,6.63557,-0.053466,-7.911781,113314,718.42,102484.70,66852.90,0,2
35646.450334,2805.3284,2,2,1.87537,-0.064340,1.449519,1.0007e+07,56.77,58174.10,22527.70,1,0
35664.408529,2803.9158,3,3,2.77588,-0.077644,-1.193625,8.96216e+06,521.91,84409.90,48745.50,1,0
35671.788774,2803.3357,9,9,8.28208,-0.083130,1.565654,1.21368e+08,63.54,69138.30,33466.40,1,0
35730.250939,2798.7489,1,1,0.880783,-0.126944,-1.471926,8.78688e+06,77.45,101665.60,65935.20,1,0
35765.379203,2796.0000,9,9,7.71869,-0.153580,2.414148,2.50697e+08,70.31,68525.60,32760.10,0,2
35794.498802,2793.7254,9,9,7.54881,-0.175835,-1.322044,5.17838e+06,168.20,67049.20,31254.70,1,0
35906.959927,2784.9754,1,1,0.768535,-0.263269,0.755090,8.45672e+06,49.05,75640.00,39733.00,1,0
35924.091569,2783.6473,2,2,1.51642,-0.276795,-0.374327,5.29036e+06,67.49,75409.60,39485.50,1,0
35980.630788,2779.2731,3,3,2.17449,-0.321818,2.754219,7.31665e+07,80.49,64865.10,28885.10,0,2
35985.658919,2778.8848,2,2,1.44383,-0.325851,-2.723418,246425,1062.51,67240.40,31254.70,0,2
35989.061501,2778.6221,2,2,1.43989,-0.328583,0.841324,6.44672e+06,57.70,63593.40,27604.30,1,0
36001.169375,2777.6876,7,7,4.99077,-0.338320,-5.421746,80390.4,306.41,71385.60,35384.20,0,2
36002.970153,2777.5486,1,1,0.711934,-0.339770,3.639307,6.75807e+07,94.63,66735.90,30733.50,0,2
36008.299975,2777.1375,4,4,2.83553,-0.344067,-0.226448,2.38516e+07,140.71,84409.90,48401.60,1,0
36028.078417,2775.6129,6,6,4.18582,-0.360057,0.470134,1.48409e+07,59.95,65295.90,29267.90,1,0
36029.190876,2775.5272,4,4,2.78803,-0.360959,0.186200,1.74834e+07,102.47,75762.20,39733.00,1,0
36087.310847,2771.0571,4,4,2.65892,-0.408375,-1.491662,1.39277e+06,39.28,65922.40,29835.10,1,0
36093.171848,2770.6072,5,5,3.30768,-0.413191,0.582270,7.32299e+06,81.43,58174.10,22080.90,1,0
36131.120037,2767.6972,3,3,1.92339,-0.444525,0.328372,1.01948e+07,47.47,71994.80,35863.70,1,0
36144.470020,2766.6750,6,6,3.80436,-0.455611,-0.088540,7.42442e+06,41.89,64865.10,28720.70,1,0
36145.608875,2766.5878,2,2,2.2647,0.124294,-0.619781,2.09722e+06,44.76,62240.80,26095.20,1,0
36150.118543,2766.2427,7,7,7.956,0.128016,0.179097,3.62554e+07,52.27,71978.50,35828.50,1,0
36213.088649,2761.4325,9,9,10.7677,0.179327,0.638221,3.9105e+07,96.84,63593.40,27380.30,1,0
36219.301793,2760.9588,8,8,9.61924,0.184324,1.208878,1.01616e+08,59.95,69686.30,33466.40,1,0
36230.188505,2760.1292,2,2,2.42589,0.193051,-0.197928,4.93202e+06,64.67,66735.90,30505.70,1,0
36245.341340,2758.9753,6,6,7.36617,0.205138,1.544711,8.91064e+07,62.10,67240.40,30994.60,1,0
36258.898723,2757.9437,8,8,9.92776,0.215893,0.682545,4.21497e+07,34.42,64979.60,28720.70,1,0
36287.310070,2755.7843,3,3,3.80709,0.238252,-0.976622,6.535e+07,567.51,102435.70,66148.40,1,0
36321.611179,2753.1818,5,5,6.51663,0.264920,-1.002983,3.45614e+06,39.95,60166.20,23844.60,1,0
36323.158981,2753.0645,3,3,3.91466,0.266115,1.013817,1.71924e+07,55.27,61357.00,25033.90,1,0
36411.220757,2746.4061,4,4,5.58017,0.332925,1.573001,5.89802e+07,96.73,65295.90,28885.10,1,0
36417.908859,2745.9018,5,5,7.01004,0.337905,0.846496,3.44523e+07,79.85,64817.50,28399.40,1,0
36424.540358,2745.4018,4,4,5.63572,0.342830,-1.250319,4.29702e+06,356.78,67679.20,31254.70,1,0
36436.620478,2744.4916,9,9,12.7942,0.351767,-0.072863,2.30968e+07,218.23,63816.90,27380.30,1,0
36437.750040,2744.4066,9,9,12.8049,0.352600,0.483260,3.95269e+07,47.78,63576.30,27138.50,1,0
36440.260096,2744.2175,1,1,1.4254,0.354451,-3.312427,262882,442.28,75560.70,39120.40,0,2
36454.798817,2743.1231,7,7,10.085,0.365135,-1.000839,7.06412e+06,96.60,63593.40,27138.50,1,0
36463.439660,2742.4730,4,4,5.79937,0.371455,-1.827606,1.63278e+06,60.69,62558.70,26095.20,0,2
36468.759803,2742.0730,1,1,1.45548,0.375335,-0.294669,4.98992e+07,119.10,102617.20,66148.40,1,0
36504.259849,2739.4063,6,6,8.96004,0.401015,-0.099816,3.09183e+08,50.11,100321.10,63816.90,1,0
36543.540684,2736.4617,2,2,3.07144,0.429001,0.707495,1.57066e+07,182.81,67049.20,30505.70,1,0
36546.880573,2736.2116,8,8,12.3148,0.431360,-0.850775,6.41559e+06,98.60,58158.10,21611.20,1,0
36560.700372,2735.1774,8,8,12.4351,0.441086,0.357402,1.98725e+08,49.65,85306.10,48745.50,1,0
36569.019686,2734.5551,3,3,4.69044,0.446914,-4.223608,108728,497.19,61357.00,24788.00,0,2
36575.240036,2734.0901,9,9,14.1326,0.451258,0.551518,5.35426e+07,49.72,65295.90,28720.70,1,0
36579.641034,2733.7611,1,1,1.57511,0.454325,-3.534135,2.68374e+06,112.19,105566.60,68987.10,0,2
36583.481605,2733.4741,7,7,11.0553,0.456997,0.000730,1.94975e+07,129.77,62678.70,26095.20,1,0
36615.720497,2731.0674,3,3,4.84463,0.479259,0.546099,4.24177e+07,56.30,75640.00,39024.30,1,0
36622.961577,2730.5274,7,7,11.3603,0.484218,-1.351164,3.58082e+06,38.35,58158.10,21535.20,1,0
36630.129921,2729.9930,9,9,14.6778,0.489113,0.588075,5.08431e+07,45.62,63768.70,27138.50,1,0
36638.938578,2729.3367,8,8,13.1254,0.495107,0.160711,1.87793e+07,96.94,58174.10,21535.20,1,0
36641.620600,2729.1369,1,1,1.64366,0.496927,-0.807924,1.67823e+06,55.77,65909.40,29267.90,1,0
36659.421494,2727.8117,9,9,14.972,0.508959,0.906077,8.49083e+07,83.45,65922.40,29263.10,1,0
36667.318780,2727.2242,6,6,10.0345,0.514268,-0.471245,1.43668e+07,44.23,65935.20,29267.90,1,0
36699.448397,2724.8366,100,100,170.862,0.535684,-0.002059,2.9955e+08,77.87,62678.70,25979.30,1,0
36724.640523,2722.9674,9,9,15.6347,0.552271,0.525176,2.13955e+08,105.18,81404.50,44680.00,1,0
36739.270260,2721.8831,8,8,14.0309,0.561821,0.337248,2.38543e+07,86.64,58158.10,21418.80,1,0
36748.290573,2721.2150,1,1,1.76417,0.567680,1.056570,2.48816e+08,86.74,103484.20,66735.90,1,0
36768.820415,2719.6956,3,3,5.36309,0.580927,-1.502092,1.75574e+06,62.21,60520.30,23751.60,1,0
36770.648881,2719.5604,8,8,14.3184,0.582102,-0.114298,2.5253e+07,77.23,64150.90,27380.30,1,0
36772.010995,2719.4596,20,20,35.8272,0.582976,0.873795,1.25167e+08,76.61,60419.70,23647.80,1,0
36815.278687,2716.2636,1,1,1.8413,0.610471,1.192104,2.56211e+08,80.98,101680.40,64865.10,1,0
36833.560027,2714.9154,4,4,7.45008,0.621931,-1.833371,5.59248e+07,2033.23,102981.90,66148.40,1,0
36833.560027,2714.9154,4,4,7.45008,0.621931,-6.765980,599940,444.98,107854.50,71021.10,0,2
36855.380214,2713.3081,5,5,9.43972,0.635488,-4.622152,184351,605.50,64235.60,27380.30,0,2
36857.010371,2713.1880,2,2,3.77969,0.636496,0.044261,1.47823e+07,46.05,71994.80,35137.80,1,0
36863.209325,2712.7318,9,9,17.0738,0.640320,0.307575,2.80842e+07,54.62,58158.10,21294.90,1,0
36866.251050,2712.5080,5,5,9.50322,0.642193,0.286186,6.3315e+07,56.71,75560.70,38694.50,1,0
36868.400367,2712.3498,2,2,3.80632,0.643515,0.112024,6.24275e+06,69.86,60520.30,23651.90,1,0
36875.868877,2711.8005,4,4,7.6476,0.648098,0.519790,3.43503e+07,62.42,67870.80,30994.60,1,0
36879.291654,2711.5488,9,9,17.2432,0.650193,0.387380,3.07459e+07,65.35,58174.10,21294.90,1,0
36885.349837,2711.1035,40,40,76.9205,0.653894,-0.867670,7.49419e+07,94.45,66148.40,29263.10,1,0
36887.620809,2710.9366,3,3,5.77703,0.655278,0.927124,7.33422e+07,52.39,75614.80,38726.50,1,0
36893.131851,2710.5316,4,4,7.72859,0.658632,-0.899432,8.07638e+06,513.85,67398.80,30505.70,1,0
36895.801360,2710.3355,2,2,3.87057,0.660254,0.248555,1.07369e+07,69.90,65295.90,28399.40,1,0
36914.561065,2708.9581,9,9,17.6162,0.671595,1.248072,2.00974e+08,79.36,70381.50,33466.40,1,0
36924.558825,2708.2246,2,2,3.93829,0.677600,0.006719,2.27147e+08,62.11,105450.20,68525.60,1,0
36929.728596,2707.8455,1,1,1.97525,0.680694,0.199497,9.73658e+07,88.55,101165.30,64235.60,1,0
36935.619993,2707.4136,5,5,9.91104,0.684211,-0.590421,2.3386e+07,56.53,73606.20,36670.60,1,0
36948.629618,2706.4603,4,4,7.99038,0.691944,-0.805055,7.17402e+06,54.09,64401.00,27452.40,1,0
36954.039022,2706.0641,6,6,12.024,0.695146,-1.132887,1.4434e+07,79.95,71978.50,35024.50,1,0
36965.771486,2705.2053,1,1,2.01791,0.702063,-0.723985,4.16273e+06,112.94,73606.20,36640.40,1,0
36977.519578,2704.3458,6,6,12.1912,0.708952,0.158178,2.07068e+07,83.33,60419.70,23442.30,1,0
36987.450249,2703.6197,6,6,12.262,0.714746,0.518285,3.00933e+07,47.98,60520.30,23532.90,1,0
37014.781455,2701.6234,1,1,2.07623,0.730553,1.197620,3.21314e+08,110.50,102981.90,65967.20,1,0
37017.811068,2701.4023,4,4,8.31938,0.732293,1.394969,8.21936e+07,64.63,66852.90,29835.10,1,0
37035.651321,2700.1010,5,5,10.5058,0.742488,-0.115054,4.74196e+07,94.69,75762.20,38726.50,1,0
37125.860173,2693.5403,4,4,8.83767,0.792729,-0.354881,1.06376e+07,51.03,62535.60,25409.70,1,0
37144.428817,2692.1938,5,5,11.1589,0.802802,-0.880779,7.35455e+06,50.23,61605.70,24461.20,1,0
37146.341693,2692.0551,4,4,8.93636,0.803834,-0.917065,6.67985e+06,41.19,63593.40,26447.00,1,0
37188.761689,2688.9844,7,7,15.9968,0.826481,-0.197918,5.86075e+08,62.75,102484.70,65295.90,1,0
37191.600336,2688.7792,6,6,13.7321,0.827979,1.151547,2.16865e+08,85.68,75640.00,38448.40,1,0
37198.171370,2688.3042,1,1,2.29662,0.831440,-0.089091,7.9313e+07,67.80,100430.30,63232.10,1,0
37201.678607,2688.0507,8,8,18.4069,0.833282,-1.629941,8.14502e+06,83.50,65922.40,28720.70,1,0
37206.891875,2687.6741,5,5,11.5358,0.836015,0.787404,4.23882e+07,79.32,62240.80,25033.90,1,0
37212.728600,2687.2526,3,3,6.94261,0.839066,0.059013,2.86181e+08,72.08,100788.90,63576.30,1,0
37214.099052,2687.1536,9,9,20.8427,0.839781,-0.428885,3.35949e+07,56.18,67049.20,29835.10,1,0
37228.561565,2686.1097,6,6,14,0.847298,0.732697,1.17416e+08,86.24,73029.90,35801.10,1,0
37237.700865,2685.4504,3,3,7.03313,0.852019,-1.166125,6.0977e+06,91.02,68492.40,31254.70,1,0
37243.180651,2685.0553,8,8,18.808,0.854840,1.123728,1.5767e+08,79.89,68238.10,30994.60,1,0
37244.668793,2684.9480,9,9,21.1752,0.855605,0.844325,7.09182e+07,82.49,60419.70,23175.10,1,0
37252.869451,2684.3570,4,4,9.45083,0.859808,-0.194640,1.60832e+07,60.92,64857.20,27604.30,1,0
37256.740554,2684.0781,3,3,7.10215,0.861786,-0.987631,4.23241e+06,60.59,61718.00,24461.20,1,0
37260.868505,2683.7807,1,1,2.37237,0.863891,-0.503567,2.96557e+06,101.55,64865.10,27604.30,1,0
37262.530732,2683.6610,7,7,16.6207,0.864737,-0.811269,1.47052e+07,52.87,64401.00,27138.50,1,0
37286.350650,2681.9466,2,2,4.80633,0.876787,-0.889598,3.56884e+06,65.49,63221.30,25935.00,1,0
37297.229870,2681.1643,1,1,2.41631,0.882241,0.499596,7.20182e+06,103.42,63232.10,25935.00,1,0
37309.758837,2680.2639,70,70,170.201,0.888485,-0.415898,1.34173e+08,74.29,58158.10,20848.40,1,0
37321.708910,2679.4057,3,3,7.33762,0.894402,0.197987,1.68885e+07,62.45,63768.70,26447.00,1,0
37336.771306,2678.3248,6,6,14.7843,0.901809,-1.756065,6.99452e+06,196.43,68331.70,30994.60,1,0
37348.449446,2677.4873,4,4,9.91258,0.907510,-0.534474,2.31908e+08,69.22,101165.30,63816.90,1,0
37365.100346,2676.2942,5,5,12.4911,0.915580,-1.383537,6.43368e+06,44.22,64817.50,27452.40,1,0
37375.310719,2675.5630,5,5,12.5526,0.920493,-0.770756,1.20878e+07,106.61,64979.60,27604.30,1,0
37399.260792,2673.8496,5,5,12.6968,0.931912,-4.701145,5.47819e+06,34.40,103308.50,65909.40,0,4
37405.261754,2673.4207,8,8,20.3726,0.934751,-0.343636,3.6136e+07,260.92,67240.40,29835.10,1,0
37408.808727,2673.1672,5,5,12.7542,0.936424,-1.690765,3.74728e+06,103.49,61718.00,24309.20,1,0
37413.329320,2672.8442,2,2,5.11255,0.938552,-0.102827,1.10204e+07,57.73,66681.10,29267.90,1,0
37418.491703,2672.4754,5,5,12.8124,0.940976,-1.172293,5.56861e+06,47.60,60166.20,22747.70,1,0
37452.850781,2670.0237,6,6,15.6222,0.956936,-1.625272,5.10821e+06,134.87,62240.80,24788.00,1,0
37452.850781,2670.0237,6,6,15.6222,0.956936,-2.454305,5.87154e+06,97.33,74105.20,36652.30,0,2
37467.379847,2668.9883,5,5,13.1055,0.963594,0.098833,2.3017e+07,74.99,61718.00,24250.60,1,0
37472.829464,2668.6002,5,5,13.1381,0.966078,-0.674573,1.60338e+07,279.06,66735.90,29263.10,1,0
37476.941409,2668.3074,20,20,52.6507,0.967948,0.726151,2.23665e+08,72.78,64857.20,27380.30,1,0
37495.160000,2667.0109,2,2,5.30859,0.976178,0.542071,3.60259e+08,77.48,101071.40,63576.30,1,0
37498.111109,2666.8010,1,1,2.65781,0.977504,0.603798,9.00615e+06,78.74,63593.40,26095.20,1,0
37501.729402,2666.5437,4,4,10.6485,0.979126,-0.528156,1.06701e+07,53.82,62535.60,25033.90,1,0
37512.461523,2665.7808,5,5,13.3746,0.983918,-0.821451,9.07578e+06,34.59,61357.00,23844.60,1,0
37524.799494,2664.9043,9,9,24.2064,0.989391,1.390742,1.65473e+08,66.19,62558.70,25033.90,1,0
37534.619310,2664.2071,3,3,8.10379,0.993720,0.360153,5.287e+08,69.49,102830.40,65295.90,1,0
37547.038986,2663.3259,2,2,5.432,0.999160,-0.443646,9.86544e+06,72.03,68801.70,31254.70,1,0
37563.780847,2662.1388,4,4,10.9433,1.006433,0.557542,4.82167e+07,95.95,67398.80,29835.10,1,0
37570.500629,2661.6627,1,1,2.74377,1.009333,1.315282,4.50058e+08,50.22,102435.70,64865.10,0,2
37585.009165,2660.6352,1,1,2.7609,1.015555,-2.565367,511966,498.20,66852.90,29267.90,0,2
37619.541318,2658.1930,1,1,2.8015,1.030155,0.240523,1.57297e+08,59.27,102484.70,64865.10,1,0
37638.509329,2656.8534,7,7,19.7659,1.038050,-0.148413,2.37768e+07,92.23,60166.20,22527.70,1,0
37641.311277,2656.6556,1,1,2.82698,1.039209,0.105560,5.79022e+06,72.50,63576.30,25935.00,1,0
37673.469797,2654.3878,3,3,8.59329,1.052369,-0.214519,4.44828e+08,67.72,107081.90,69408.50,1,0
37715.010305,2651.4642,1,1,2.91245,1.068995,0.292513,1.51555e+08,88.68,100947.20,63232.10,1,0
37718.651172,2651.2083,1,1,2.91664,1.070433,0.722740,1.22688e+07,53.29,64857.20,27138.50,1,0
37721.699700,2650.9940,5,5,14.6007,1.071633,-0.558546,1.5665e+07,67.50,63816.90,26095.20,1,0
37723.819960,2650.8450,1,1,2.92258,1.072467,-1.088214,2.81331e+06,481.63,68978.50,31254.70,1,0
37732.449280,2650.2388,1,1,2.93248,1.075850,1.084090,2.33219e+07,48.93,68238.10,30505.70,1,0
37739.469944,2649.7457,8,8,23.5242,1.078589,-2.851805,7.2135e+07,273.58,104788.70,67049.20,0,2
37762.479019,2648.1312,6,6,17.8008,1.087481,0.375595,9.55203e+08,58.25,100321.10,62558.70,1,0
37767.099654,2647.8072,1,1,2.97205,1.089251,0.786807,4.06406e+08,53.93,106745.60,68978.50,1,0
37770.691502,2647.5554,9,9,26.7852,1.090624,-1.390570,1.12706e+07,108.61,62558.70,24788.00,1,0
37801.429298,2645.4026,20,20,60.2183,1.102244,0.733167,1.17982e+09,63.52,83607.30,45806.00,1,0
37804.600379,2645.1807,2,2,6.02897,1.103429,-3.909910,502735,905.78,73606.20,35801.10,0,2
37833.688637,2643.1470,3,3,9.14134,1.114195,0.868399,4.05774e+07,67.49,63768.70,25935.00,1,0
37841.048809,2642.6329,3,3,9.16598,1.116886,-3.256335,1.2362e+06,80.45,71501.00,33660.00,0,2
37841.048809,2642.6329,3,3,9.16598,1.116886,0.481024,3.04827e+07,36.96,64979.60,27138.50,1,0
37842.490993,2642.5322,1,1,3.05693,1.117412,-0.067243,3.36706e+06,40.57,58158.10,20315.70,1,0
37863.348653,2641.0765,4,4,12.3204,1.124964,-5.095393,4.65547e+06,336.71,106665.10,68801.70,0,2
37868.880600,2640.6907,8,8,24.6898,1.126949,0.753614,1.42164e+08,81.57,68374.50,30505.70,1,0
37883.549028,2639.6682,1,1,3.10241,1.132178,-1.989198,1.22373e+06,137.53,69138.30,31254.70,1,0
37914.821234,2637.4910,3,3,9.40997,1.143157,-0.586279,7.9927e+06,47.33,61357.00,23442.30,1,0
37943.571415,2635.4926,5,5,15.8392,1.153047,-0.474474,6.27717e+08,64.68,107081.90,69138.30,1,0
37968.419094,2633.7678,3,3,9.58357,1.161438,1.247366,7.96465e+07,42.26,66852.90,28885.10,1,0
37992.558794,2632.0944,1,1,3.22023,1.169452,0.528178,1.55078e+07,88.97,68987.10,30994.60,1,0
37993.958961,2631.9974,4,4,12.8868,1.169913,0.635890,9.89048e+07,85.84,73378.40,35384.20,1,0
38012.661396,2630.7024,1,1,3.24146,1.176022,1.152704,4.79635e+08,77.92,103308.50,65295.90,1,0
38019.961461,2630.1973,7,7,22.7439,1.178385,0.105173,6.90475e+07,59.05,68525.60,30505.70,1,0
38055.781071,2627.7217,5,5,16.4321,1.189799,-1.118751,1.02557e+07,92.27,64150.90,26095.20,1,0
38066.330632,2626.9934,2,2,6.5946,1.193105,0.502696,4.08635e+08,82.43,100625.00,62558.70,1,0
38072.840270,2626.5443,5,5,16.52,1.195131,0.123063,2.89858e+07,114.34,61605.70,23532.90,1,0
38080.321199,2626.0283,7,7,23.1816,1.197448,0.298578,1.14212e+09,55.24,100321.10,62240.80,1,0
38085.281587,2625.6862,40,40,132.669,1.198978,0.155653,2.13764e+08,75.88,60166.20,22080.90,1,0
38089.331026,2625.4071,1,1,3.32085,1.200222,0.479198,2.18682e+08,83.60,101665.60,63576.30,1,0
38116.779855,2623.5165,1,1,3.34865,1.208557,1.292441,5.53302e+08,77.87,102981.90,64865.10,0,2
38120.938797,2623.2303,5,5,16.7641,1.209805,-0.452291,6.53506e+08,56.56,106665.10,68544.20,1,0
38127.461226,2622.7815,2,2,6.71874,1.211754,-1.021079,6.01392e+06,442.37,67395.30,29267.90,1,0
38132.231187,2622.4534,5,5,16.8207,1.213173,1.421707,1.657e+08,121.01,66852.90,28720.70,1,0
38157.351093,2620.7270,1,1,3.38909,1.220561,-0.331470,5.0897e+06,47.15,65295.90,27138.50,1,0
38160.831396,2620.4880,3,3,10.1776,1.221574,-2.483581,5.47459e+07,1584.87,107299.10,69138.30,0,2
38164.609140,2620.2286,1,1,3.39624,1.222670,-0.225572,6.54135e+06,226.44,67049.20,28885.10,1,0
38168.759963,2619.9436,1,1,3.40032,1.223870,-1.417570,4.36745e+07,331.24,104904.60,66735.90,1,0
38172.709778,2619.6726,2,2,6.80839,1.225008,0.368080,6.02012e+08,59.23,106665.10,68492.40,1,0
38183.611452,2618.9246,6,6,20.4891,1.228132,0.161725,4.38207e+07,87.41,63593.40,25409.70,1,0
38189.490811,2618.5214,3,3,10.2617,1.229806,-1.662934,7.15386e+07,146.09,100430.30,62240.80,1,0
38211.988609,2616.9797,3,3,10.3269,1.236138,-2.992570,2.4702e+06,490.41,75409.60,37197.60,0,2
38214.208639,2616.8277,1,1,3.44442,1.236757,0.495760,2.25776e+08,78.65,101446.30,63232.10,1,0
38220.221485,2616.4160,9,9,31.0516,1.238427,0.562519,2.35852e+09,59.89,102435.70,64215.50,1,0
38236.140962,2615.3267,9,9,31.188,1.242809,0.554217,1.03766e+08,83.02,64215.50,25979.30,1,0
38249.018738,2614.4462,2,2,6.95499,1.246312,0.135082,3.45642e+08,55.97,102484.70,64235.60,1,0
38253.241763,2614.1575,3,3,10.4444,1.247453,-0.065573,6.01242e+08,56.81,106745.60,68492.40,1,0
38280.340764,2612.3069,1,1,3.50671,1.254678,0.300823,2.99091e+08,54.28,107081.90,68801.70,1,0
38283.230037,2612.1098,3,3,10.5281,1.255439,-0.328466,4.04398e+08,137.85,105019.10,66735.90,1,0
38285.619927,2611.9467,7,7,24.5811,1.256067,0.290334,3.8265e+07,58.06,58158.10,19872.40,1,0
38297.589108,2611.1304,8,8,28.1806,1.259192,0.670276,2.83858e+09,60.81,104599.00,66301.30,1,0
38301.739810,2610.8475,6,6,21.1582,1.260268,0.570071,4.36067e+07,66.13,58174.10,19872.40,1,0
38313.890980,2610.0194,4,4,14.1497,1.263397,0.320952,1.04227e+09,77.07,105049.70,66735.90,1,0
38318.150522,2609.7293,7,7,24.7889,1.264486,-4.245662,1.4581e+06,120.86,73609.10,35291.00,0,2
38318.150522,2609.7293,7,7,24.7889,1.264486,0.712861,1.10865e+08,71.79,65922.40,27604.30,1,0
38328.509457,2609.0240,6,6,21.3036,1.267118,-6.668351,65041.7,2259.30,67049.20,28720.70,0,2
38353.948793,2607.2935,5,5,17.8663,1.273480,0.708592,1.46079e+08,49.34,73378.40,35024.50,1,0
38355.859704,2607.1636,6,6,21.4497,1.273952,-2.152753,6.07761e+06,413.66,67240.40,28885.10,0,2
38384.250313,2605.2352,3,3,10.7993,1.280872,0.079726,4.34749e+08,84.21,100625.00,62240.80,1,0
38396.208874,2604.4238,6,6,21.6606,1.283734,-0.067208,3.28133e+07,116.34,62240.80,23844.60,1,0
38397.639010,2604.3268,2,2,7.22265,1.284074,0.144420,3.96033e+07,59.54,75409.60,37011.90,1,0
38401.011349,2604.0981,2,2,7.22843,1.284874,-1.926739,5.79864e+07,174.83,105450.20,67049.20,1,0
38401.851588,2604.0411,1,1,3.61493,1.285073,1.473107,6.89437e+08,66.91,102617.20,64215.50,0,2
38410.309671,2603.4677,4,4,14.4886,1.287068,-0.266543,1.51755e+07,52.29,60166.20,21755.80,1,0
38411.400317,2603.3938,4,4,14.4923,1.287324,-0.742259,1.74156e+07,135.64,67679.20,29267.90,1,0
38413.910002,2603.2237,2,2,7.25042,1.287913,-2.605958,1.55609e+06,141.21,69408.50,30994.60,0,2
38413.910002,2603.2237,2,2,7.25042,1.287913,-6.891481,451081,1519.26,106745.60,68331.70,0,2
38417.189043,2603.0015,1,1,3.62799,1.288679,0.635686,3.30452e+07,51.55,75614.80,37197.60,1,0
38450.639346,2600.7370,1,1,3.65598,1.296365,-2.352370,1.78528e+07,585.22,104599.00,66148.40,0,2
38466.080881,2599.6930,1,1,3.66868,1.299831,-0.955331,2.72246e+06,290.89,64401.00,25935.00,1,0
38469.960243,2599.4308,1,1,3.67184,1.300694,0.902583,4.18964e+08,92.78,103335.10,64865.10,1,0
38471.810384,2599.3058,4,4,14.6934,1.301104,-8.039429,1234.35,131.35,39870.20,1398.30,0,2
38479.158612,2598.8094,4,4,14.7173,1.302726,0.064139,7.26461e+08,89.56,103344.40,64865.10,1,0
38482.781362,2598.5648,1,1,3.68224,1.303521,0.173133,9.5684e+06,48.76,65935.20,27452.40,1,0
38517.479204,2596.2239,1,1,3.70987,1.310996,-1.421151,4.96622e+07,196.73,105566.60,67049.20,1,0
38519.689582,2596.0749,9,9,33.4044,1.311463,-0.390800,5.48863e+07,181.71,67240.40,28720.70,1,0
38532.601502,2595.2050,4,4,14.8867,1.314173,-1.170686,9.32136e+06,179.68,64979.60,26447.00,1,0
38539.450750,2594.7438,6,6,22.3618,1.315595,0.027421,6.12032e+07,72.78,68374.50,29835.10,1,0
38556.338967,2593.6072,5,5,18.6995,1.319060,0.369293,1.6957e+09,64.41,107081.90,68525.60,1,0
38562.401359,2593.1995,2,2,7.48901,1.320289,0.492169,4.5329e+08,84.50,100625.00,62062.60,1,0
38593.159624,2591.1328,9,9,33.9072,1.326403,0.803776,1.221e+08,84.76,62240.80,23647.80,1,0
38594.799262,2591.0227,3,3,11.306,1.326724,-1.539395,1.07342e+08,211.66,102830.40,64235.60,1,0
38599.980996,2590.6749,4,4,15.0899,1.327732,-1.030049,2.35422e+07,60.23,74463.70,35863.70,1,0
38599.980996,2590.6749,4,4,15.0899,1.327732,0.156239,8.5164e+08,82.53,103895.80,65295.90,1,0
38604.690983,2590.3588,2,2,7.55184,1.328644,0.254464,9.58478e+07,63.73,84410.60,45806.00,1,0
38606.678718,2590.2254,5,5,18.8868,1.329027,0.297644,9.82388e+08,82.38,101165.30,62558.70,1,0
38609.389803,2590.0435,6,6,22.676,1.329548,-6.703894,41681.3,601.24,61357.00,22747.70,0,2
38618.751660,2589.4157,2,2,7.57221,1.331337,0.216287,4.02629e+08,65.92,102435.70,63816.90,1,0
38631.068857,2588.5900,9,9,34.1542,1.333662,0.454462,7.3148e+07,63.82,60166.20,21535.20,1,0
38632.661108,2588.4833,20,20,75.921,1.333961,0.676723,4.22319e+08,99.28,69138.30,30505.70,1,0
38640.321035,2587.9702,5,5,19.0074,1.335388,-0.191857,8.13784e+08,88.74,104788.70,66148.40,1,0
38657.370270,2586.8288,1,1,3.8134,1.338520,2.564077,1.32766e+08,84.20,68492.40,29835.10,0,2
38663.859740,2586.3947,3,3,11.4537,1.339696,-0.232721,1.25857e+07,218.05,60419.70,21755.80,1,0
38667.749133,2586.1345,4,4,15.2822,1.340397,-0.147500,5.66324e+08,73.42,102484.70,63816.90,1,0
38676.649307,2585.5394,3,3,11.4799,1.341989,0.150484,6.80882e+08,62.63,104599.00,65922.40,1,0
38683.410595,2585.0875,1,1,3.83123,1.343186,0.264601,3.12376e+07,57.38,78889.10,40205.70,1,0
38697.668871,2584.1350,1,1,3.8408,1.345681,0.820491,2.23789e+07,283.76,67965.50,29267.90,1,0
38707.401509,2583.4852,1,1,3.84725,1.347360,-0.110242,2.15135e+08,75.50,107081.90,68374.50,1,0
38714.131497,2583.0361,5,5,19.2584,1.348509,-0.576220,1.78495e+07,63.36,62558.70,23844.60,1,0
38716.051186,2582.9080,5,5,19.2647,1.348835,-0.453503,5.25053e+08,65.74,102484.70,63768.70,1,0
38717.700967,2582.7980,4,4,15.416,1.349114,0.524336,1.37371e+09,64.34,105019.10,66301.30,1,0
38726.388985,2582.2185,1,1,3.85965,1.350577,-1.966452,2.5418e+06,479.66,75409.60,36683.20,1,0
38726.388985,2582.2185,1,1,3.85965,1.350577,-5.585548,540690,400.71,100788.90,62062.60,0,2
38734.789696,2581.6585,2,2,7.73012,1.351977,-0.529178,8.28472e+06,58.81,63768.70,25033.90,1,0
38748.360136,2580.7544,9,9,34.8632,1.354206,0.942887,4.72939e+09,80.35,105049.70,66301.30,1,0
38757.239403,2580.1631,1,1,3.87926,1.355645,-0.500793,1.10541e+07,699.74,75409.60,36652.30,1,0
38766.510173,2579.5461,9,9,34.9652,1.357129,0.850938,3.65298e+09,79.84,102981.90,64215.50,1,0
38768.119710,2579.4390,2,2,7.77204,1.357385,-1.708806,3.10667e+06,85.03,66148.40,27380.30,1,0
38780.161350,2578.6381,2,2,7.7868,1.359282,0.519766,7.9395e+08,56.59,106745.60,67965.50,1,0
38794.369935,2577.6936,3,3,11.7059,1.361482,0.611882,1.29967e+09,55.46,106665.10,67870.80,1,0
38798.611641,2577.4118,2,2,7.80901,1.362131,0.466406,1.99616e+07,86.76,62240.80,23442.30,1,0
38806.610677,2576.8805,1,1,3.90925,1.363345,0.624106,4.62554e+08,109.32,107299.10,68492.40,1,0
38824.578694,2575.6880,7,7,27.4381,1.366022,-0.946837,3.85043e+08,62.38,100430.30,61605.70,1,0
38842.359906,2574.5089,3,3,11.7896,1.368607,0.013760,5.09002e+08,62.05,102435.70,63593.40,1,0
38858.060159,2573.4687,4,4,15.7546,1.370835,-4.607809,238850,156.80,61605.70,22747.70,0,2
38866.230911,2572.9276,2,2,7.88626,1.371975,1.271841,1.45078e+09,55.59,104788.70,65922.40,0,2
38867.489120,2572.8444,1,1,3.94382,1.372149,-1.346688,6.79342e+07,232.20,107854.50,68987.10,1,0
38871.310126,2572.5914,8,8,31.5672,1.372676,-1.304135,1.15758e+07,74.94,60166.20,21294.90,1,0
38882.559392,2571.8472,1,1,3.95196,1.374211,0.289814,1.04258e+07,39.01,64817.50,25935.00,1,0
38884.569801,2571.7142,9,9,35.5773,1.374483,0.341768,6.90451e+07,64.70,60419.70,21535.20,1,0
38884.569801,2571.7142,9,9,35.5773,1.374483,-0.124691,1.18313e+09,87.02,100947.20,62062.60,1,0
38896.279570,2570.9400,4,4,15.8369,1.376049,0.512919,1.46005e+09,81.66,105632.20,66735.90,1,0
38910.919236,2569.9727,9,9,35.7015,1.377968,1.265137,2.07578e+08,81.76,62558.70,23647.80,1,0
38912.081099,2569.8960,6,6,23.8046,1.378118,-0.862667,1.73994e+07,83.20,63221.30,24309.20,1,0
38924.508952,2569.0754,6,6,23.8425,1.379710,-7.388996,931232,1819.99,107299.10,68374.50,0,2
38924.508952,2569.0754,6,6,23.8425,1.379710,0.258629,1.18296e+09,82.95,101165.30,62240.80,1,0
38962.580654,2566.5651,1,1,3.9924,1.384392,1.000823,5.16573e+07,56.79,75614.80,36652.30,1,0
38964.118744,2566.4638,1,1,3.99313,1.384575,1.089355,4.23982e+08,66.55,100321.10,61357.00,1,0
38966.590380,2566.3010,8,8,31.9544,1.384868,0.151291,1.01379e+08,95.72,68801.70,29835.10,1,0
38969.418894,2566.1147,1,1,3.99563,1.385202,0.722130,3.91981e+07,44.05,75640.00,36670.60,1,0
38982.131298,2565.2779,4,4,16.0062,1.386683,-1.666470,1.56943e+08,163.91,104904.60,65922.40,1,0
38991.330681,2564.6727,2,2,8.01153,1.387734,-0.504800,9.20322e+06,82.17,64401.00,25409.70,1,0
38997.870690,2564.2426,7,7,28.061,1.388472,-1.367120,3.40499e+07,1441.02,75640.00,36642.10,1,0
39023.761490,2562.5413,6,6,24.1206,1.391306,-4.404586,1.2681e+07,216.67,102617.20,63593.40,0,2
39029.008646,2562.1968,4,4,16.0894,1.391865,-0.380296,2.79742e+07,70.33,67965.50,28936.50,1,0
39030.921613,2562.0712,1,1,4.02316,1.392067,-0.705290,3.28271e+06,189.98,62678.70,23647.80,1,0
39030.921613,2562.0712,1,1,4.02316,1.392067,-7.249634,1472.36,322.38,48401.60,9370.70,0,2
39051.991579,2560.6889,1,1,4.03193,1.394245,-0.284800,1.58599e+08,83.07,105019.10,65967.20,1,0
39052.849852,2560.6326,1,1,4.03228,1.394332,-0.177622,2.22523e+08,178.82,107854.50,68801.70,1,0
39061.820425,2560.0445,2,2,8.07182,1.395231,0.801167,7.86505e+08,64.79,102830.40,63768.70,1,0
39071.010363,2559.4424,5,5,20.1978,1.396136,0.349719,1.0605e+09,68.14,100788.90,61718.00,1,0
39082.601153,2558.6833,1,1,4.04408,1.397253,0.770894,4.57966e+08,106.06,105049.70,65967.20,1,0
39091.668757,2558.0898,3,3,12.1426,1.398109,0.665921,1.13384e+08,54.05,75762.20,36670.60,1,0
39093.421117,2557.9752,1,1,4.0482,1.398272,-0.922242,2.62386e+06,85.14,62535.60,23442.30,1,0
39099.460854,2557.5800,4,4,16.2018,1.398831,0.172152,8.76165e+08,85.92,103335.10,64235.60,1,0
39102.641106,2557.3720,6,6,24.3099,1.399122,0.859744,2.19017e+09,80.25,101165.30,62062.60,1,0
39108.688702,2556.9766,4,4,16.2155,1.399671,0.166867,8.72734e+08,90.28,103344.40,64235.60,1,0
39116.441059,2556.4698,9,9,36.5101,1.400364,0.692658,1.19123e+08,84.32,62558.70,23442.30,1,0
39121.800260,2556.1196,7,7,28.4101,1.400835,-4.153152,2.14033e+06,228.84,75762.20,36640.40,0,2
39121.800260,2556.1196,7,7,28.4101,1.400835,1.084231,3.33971e+09,87.74,101680.40,62558.70,1,0
39127.529157,2555.7453,1,1,4.06061,1.401334,0.619316,4.27761e+07,50.56,77822.00,38694.50,1,0
39128.980595,2555.6505,1,1,4.06112,1.401459,0.624215,3.45143e+08,71.90,103344.40,64215.50,1,0
39152.029515,2554.1460,3,3,12.2069,1.403392,-1.997063,4.56579e+06,766.89,68987.10,29835.10,0,2
39168.040586,2553.1019,5,5,20.371,1.404674,-0.555210,1.33077e+07,399.22,58158.10,18990.10,1,0
39180.580837,2552.2848,9,9,36.7033,1.405643,1.081751,3.1564e+08,70.42,69686.30,30505.70,1,0
39183.948749,2552.0654,9,9,36.7127,1.405898,-0.716623,2.04266e+07,52.75,58174.10,18990.10,1,0
39193.451295,2551.4466,5,5,20.4104,1.406606,0.187324,1.11879e+09,82.95,103344.40,64150.90,1,0
39201.739337,2550.9072,4,4,16.3381,1.407208,0.193756,3.70345e+07,44.77,64235.60,25033.90,1,0
39211.130574,2550.2963,1,1,4.08726,1.407876,-4.074857,4.28122e+06,441.24,107081.90,67870.80,0,2
39225.451416,2549.3652,2,2,8.18258,1.408860,0.053682,1.1899e+07,213.09,60520.30,21294.90,1,0
39236.479136,2548.6487,9,9,36.8485,1.409591,0.685209,1.20141e+08,72.93,62678.70,23442.30,1,0
39262.591520,2546.9536,8,8,32.8079,1.411229,0.251783,1.11678e+08,120.79,68525.60,29263.10,1,0
39268.749507,2546.5542,9,9,36.9225,1.411596,1.863934,1.09258e+10,81.97,103484.20,64215.50,0,2
39303.220083,2544.3208,6,6,24.6623,1.413517,-0.023585,6.6942e+07,57.07,69138.30,29835.10,1,0
39341.529956,2541.8432,8,8,32.9446,1.415385,0.770724,2.65121e+09,77.08,100947.20,61605.70,1,0
39353.439556,2541.0739,7,7,28.8416,1.415909,0.320960,1.49493e+09,81.68,101071.40,61718.00,1,0
39360.950837,2540.5890,8,8,32.9723,1.416226,0.735867,1.39576e+08,69.71,65295.90,25935.00,1,0
39361.990335,2540.5219,5,5,20.6086,1.416269,0.317143,1.85063e+09,87.32,107854.50,68492.40,1,0
39383.650815,2539.1247,9,9,37.127,1.417119,1.681833,3.23526e+08,80.65,62558.70,23175.10,0,2
39383.650815,2539.1247,9,9,37.127,1.417119,-1.292140,3.95079e+08,87.32,101446.30,62062.60,1,0
39403.259168,2537.8611,2,2,8.25615,1.417811,0.402987,7.74406e+07,148.87,79136.20,39733.00,1,0
39410.260688,2537.4103,7,7,28.9032,1.418041,0.726010,3.74409e+08,53.85,79136.20,39726.00,1,0
39421.189037,2536.7068,7,7,28.913,1.418381,0.534135,3.41144e+09,82.52,108559.40,69138.30,1,0
39439.630132,2535.5207,9,9,37.1933,1.418905,1.341471,5.60924e+09,85.65,101680.40,62240.80,0,2
39472.379159,2533.4171,3,3,12.4074,1.419678,-0.225370,2.93502e+07,40.57,69978.10,30505.70,1,0
39483.770744,2532.6862,7,7,28.9569,1.419900,-0.242576,1.23547e+09,130.91,105632.20,66148.40,1,0
39488.328931,2532.3938,6,6,24.8223,1.419982,-0.765899,2.45783e+07,44.53,65935.20,26447.00,1,0
39493.130224,2532.0859,9,9,37.2365,1.420064,1.254948,2.05741e+08,70.60,62240.80,22747.70,1,0
39503.588843,2531.4156,4,4,16.5523,1.420229,-0.084297,2.48307e+07,205.01,62678.70,23175.10,1,0
39506.569291,2531.2246,9,9,37.2442,1.420272,-0.219286,2.87599e+08,167.47,84409.90,44903.40,1,0
39517.438851,2530.5284,5,5,20.6942,1.420416,-1.571451,1.10412e+07,79.75,68238.10,28720.70,1,0
39518.090609,2530.4866,4,4,16.5555,1.420423,-0.493525,4.55237e+08,105.95,103335.10,63816.90,1,0
39522.718922,2530.1903,2,2,8.27819,1.420477,-4.004507,9.83035e+06,1386.40,107854.50,68331.70,0,2
39527.719023,2529.8702,9,9,37.2539,1.420531,0.898249,4.8952e+09,79.61,105450.20,65922.40,1,0
39533.731264,2529.4855,7,7,28.9769,1.420590,0.387424,1.14748e+08,73.83,68801.70,29267.90,1,0
39539.910082,2529.0902,2,2,8.27956,1.420643,0.731584,7.73003e+08,82.26,103308.50,63768.70,1,0
39542.581309,2528.9194,3,3,12.4196,1.420664,-0.264328,2.1552e+07,72.94,66681.10,27138.50,1,0
39545.851016,2528.7103,3,3,12.4199,1.420688,-0.899774,2.32739e+07,131.09,75409.60,35863.70,1,0
39566.419510,2527.3957,1,1,4.1404,1.420792,0.100944,2.06055e+08,81.77,103335.10,63768.70,1,0
39590.121179,2525.8826,8,8,33.124,1.420816,0.312738,1.67558e+09,85.06,100947.20,61357.00,1,0
39595.928723,2525.5122,5,5,20.7023,1.420806,-0.278069,4.42909e+07,81.15,69431.00,29835.10,1,0
39601.210328,2525.1753,6,6,24.8424,1.420792,-0.125168,3.20373e+07,131.92,61357.00,21755.80,1,0
39644.220682,2522.4358,1,1,4.13914,1.420487,0.789486,4.91046e+08,77.13,105566.60,65922.40,1,0
39654.539302,2521.7794,7,7,28.9704,1.420364,0.617476,2.50568e+09,83.76,103805.40,64150.90,1,0
39659.099817,2521.4894,4,4,16.5535,1.420303,-3.378818,1.48055e+06,171.51,68544.20,28885.10,0,2
39660.181413,2521.4206,2,2,8.27663,1.420288,0.543012,6.6931e+08,97.23,103895.80,64235.60,1,0
39668.919607,2520.8652,5,5,20.6889,1.420160,-8.467816,10093.7,6837.94,67049.20,27380.30,0,2
39671.909840,2520.6752,8,8,33.1007,1.420113,0.951590,1.16815e+08,45.39,60520.30,20848.40,1,0
39688.479206,2519.6229,1,1,4.13639,1.419823,-1.493922,1.57676e+06,89.44,63221.30,23532.90,1,0
39696.970353,2519.0839,1,1,4.13569,1.419655,-2.059492,2.45098e+06,90.74,75560.70,35863.70,0,2
39709.759562,2518.2726,8,8,33.0764,1.419378,0.949476,4.6219e+09,80.62,105632.20,65922.40,1,0
39710.701386,2518.2129,9,9,37.2101,1.419357,1.213410,3.39941e+08,49.20,68978.50,29267.90,1,0
39728.349133,2517.0943,1,1,4.13267,1.418923,0.507461,2.63632e+08,81.81,101446.30,61718.00,1,0
39741.770154,2516.2442,7,7,28.9181,1.418556,0.759490,2.76817e+09,81.38,103335.10,63593.40,1,0
39748.751252,2515.8023,7,7,28.9122,1.418352,0.418242,7.67707e+07,90.69,63593.40,23844.60,1,0
39751.030054,2515.6581,7,7,28.9102,1.418284,-1.982650,1.85584e+07,49.41,75614.80,35863.70,1,0
39751.030054,2515.6581,7,7,28.9102,1.418284,0.781733,2.83115e+09,78.50,103344.40,63593.40,1,0
39763.011168,2514.9001,1,1,4.12848,1.417909,0.647804,4.58326e+07,59.15,78312.90,38549.90,1,0
39800.849171,2512.5092,1,1,4.12291,1.416559,0.940249,3.69194e+08,51.42,100321.10,60520.30,1,0
39808.261088,2512.0414,8,8,32.9736,1.416264,0.698622,2.48382e+09,90.37,101165.30,61357.00,1,0
39810.971272,2511.8704,9,9,37.0912,1.416154,2.000359,4.3968e+08,68.91,62558.70,22747.70,0,2
39821.881196,2511.1822,7,7,28.8355,1.415698,0.271123,5.49648e+07,145.56,61357.00,21535.20,1,0
39823.230706,2511.0971,7,7,28.8339,1.415640,-0.150786,4.79594e+07,114.41,64857.20,25033.90,1,0
39827.180756,2510.8481,7,7,28.8289,1.415469,0.588601,1.09553e+08,84.19,65922.40,26095.20,1,0
39840.659213,2509.9986,7,7,28.8115,1.414864,0.845018,2.56866e+09,82.78,101446.30,61605.70,1,0
39851.120732,2509.3397,5,5,20.5695,1.414372,-0.109010,5.28688e+07,67.85,69686.30,29835.10,1,0
39871.860866,2508.0344,1,1,4.10966,1.413341,1.216201,2.93268e+07,89.19,65967.20,26095.20,1,0
39902.430843,2506.1130,1,1,4.10285,1.411683,0.492192,3.73224e+07,46.65,77822.00,37919.60,1,0
39910.650667,2505.5968,3,3,12.3027,1.411210,-0.049937,2.70093e+07,114.07,67049.20,27138.50,1,0
39930.191392,2504.3707,5,5,20.4805,1.410037,-0.658673,1.96973e+07,199.26,64401.00,24470.90,1,0
39931.489085,2504.2893,3,3,12.2873,1.409956,-1.375826,1.55804e+08,123.20,104788.70,64857.20,1,0
39932.631443,2504.2176,5,5,20.4774,1.409886,0.230044,2.88117e+07,66.16,58174.10,18241.50,1,0
39933.780998,2504.1456,5,5,20.476,1.409814,0.831443,2.20858e+08,51.59,75762.20,35828.50,1,0
39939.829943,2503.7663,8,8,32.7491,1.409434,0.160263,7.14198e+07,78.92,64401.00,24461.20,1,0
39941.470929,2503.6634,8,8,32.7457,1.409329,-0.323922,4.11956e+07,121.75,63593.40,23651.90,1,0
39942.860450,2503.5763,1,1,4.09285,1.409241,0.143409,1.12053e+07,65.02,67395.30,27452.40,1,0
39945.540768,2503.4083,6,6,24.5529,1.409069,-0.111762,4.27589e+07,206.19,64979.60,25033.90,1,0
39946.309670,2503.3602,7,7,28.6436,1.409019,0.559761,5.59498e+07,59.47,58158.10,18211.80,1,0
39947.588797,2503.2800,5,5,20.458,1.408937,-0.389406,5.38901e+08,80.24,101665.60,61718.00,1,0
39972.309973,2501.7318,5,5,20.4242,1.407283,-1.000647,1.32902e+07,96.59,63816.90,23844.60,1,0
39974.480989,2501.5960,1,1,4.08423,1.407133,-1.017767,3.09889e+06,41.53,65909.40,25935.00,1,0
39981.721481,2501.1429,4,4,16.3286,1.406626,-2.833582,1.47238e+06,698.14,62062.60,22080.90,0,2
39983.819985,2501.0117,1,1,4.08155,1.406478,-3.914812,5.24056e+06,1072.60,107854.50,67870.80,0,2
39988.459385,2500.7215,10,10,40.802,1.406147,0.686945,3.75129e+09,96.35,103805.40,63816.90,1,0
39992.969653,2500.4395,6,6,24.4732,1.405821,0.944673,3.74998e+08,142.62,78694.60,38701.60,1,0
39994.409620,2500.3494,7,7,28.5491,1.405716,-0.749468,1.99273e+07,64.73,61605.70,21611.20,1,0
40000.200340,2499.9875,5,5,20.3836,1.405292,-0.894263,1.75246e+07,52.65,65935.20,25935.00,1,0
40015.200693,2499.0503,1,1,4.07213,1.404165,0.130308,2.71054e+07,86.33,78463.60,38448.40,1,0
40015.200693,2499.0503,1,1,4.07213,1.404165,0.892531,6.77359e+08,106.79,108559.40,68544.20,1,0
40017.041229,2498.9354,9,9,36.644,1.404025,-3.107994,2.88393e+06,153.99,63768.70,23751.60,0,2
40018.420539,2498.8492,1,1,4.07112,1.403919,1.790688,5.77855e+07,131.57,67398.80,27380.30,0,2
40033.690936,2497.8961,2,2,8.13252,1.402724,-0.061639,5.20751e+08,84.92,108559.40,68525.60,1,0
40053.081073,2496.6868,7,7,28.419,1.401149,-3.170440,2.54934e+06,731.33,66148.40,26095.20,0,2
40058.700224,2496.3366,2,2,8.11593,1.400681,-1.809628,8.15944e+07,556.63,107299.10,67240.40,1,0
40059.920193,2496.2606,10,10,40.5755,1.400579,0.332110,2.19301e+09,83.46,101665.60,61605.70,1,0
40062.089382,2496.1254,10,10,40.5681,1.400396,0.218477,7.2923e+07,60.30,61357.00,21294.90,1,0
40070.401451,2495.6076,3,3,12.1618,1.399689,-1.220959,5.28766e+06,147.46,61605.70,21535.20,1,0
40074.931300,2495.3256,3,3,12.1571,1.399298,-0.451691,1.87244e+07,228.30,67679.20,27604.30,1,0
40080.940947,2494.9514,10,10,40.5024,1.398775,1.047275,3.06036e+08,88.95,68801.70,28720.70,1,0
40089.201208,2494.4373,6,6,24.2837,1.398046,-0.758788,4.32742e+08,101.39,101446.30,61357.00,1,0
40091.809631,2494.2750,8,8,32.3707,1.397813,-2.037194,7.8123e+06,113.32,64401.00,24309.20,0,2
40101.711315,2493.6592,6,6,24.2564,1.396919,-1.631607,1.10695e+07,118.34,67240.40,27138.50,1,0
40104.011403,2493.5161,2,2,8.08376,1.396709,0.009484,1.09107e+07,62.19,60419.70,20315.70,1,0
40106.731096,2493.3471,6,6,24.2452,1.396460,-1.310556,9.71778e+06,71.33,61718.00,21611.20,1,0
40110.740154,2493.0978,6,6,24.2362,1.396090,-0.183420,2.24523e+07,47.40,58174.10,18063.40,1,0
40116.741095,2492.7249,10,10,40.3712,1.395531,-0.943939,2.75937e+07,329.46,63768.70,23651.90,1,0
40127.160437,2492.0777,6,6,24.1989,1.394546,-0.263839,8.63128e+08,79.31,103895.80,63768.70,1,0
40145.400397,2490.9454,9,9,36.2342,1.392778,-0.469237,6.30389e+07,47.82,69408.50,29263.10,1,0
40169.190809,2489.4701,10,10,40.1641,1.390388,2.275483,6.88488e+08,98.94,63816.90,23647.80,0,2
40170.629827,2489.3809,8,8,32.1265,1.390240,0.905340,1.33275e+08,71.55,63221.30,23050.60,1,0
40184.839466,2488.5007,6,6,24.0594,1.388764,0.018257,1.66246e+09,80.52,108559.40,68374.50,1,0
40186.779002,2488.3806,8,8,32.0726,1.388560,0.064667,5.02898e+07,75.88,61605.70,21418.80,1,0
40191.491047,2488.0888,6,6,24.0425,1.388062,-1.325180,1.23668e+07,59.73,64979.60,24788.00,1,0
40194.629596,2487.8946,5,5,20.0287,1.387728,-0.348598,8.51216e+07,71.23,78889.10,38694.50,1,0
40204.668976,2487.2733,9,9,36.0127,1.386648,-3.016813,2.37066e+06,311.78,60520.30,20315.70,0,2
40226.779993,2485.9062,10,10,39.9167,1.384211,1.076718,2.82404e+08,71.71,67679.20,27452.40,1,0
40234.129895,2485.4520,1,1,3.98837,1.383383,0.906867,2.19427e+07,126.86,66681.10,26447.00,1,0
40235.749681,2485.3520,10,10,39.8764,1.383199,0.816223,1.57978e+08,55.42,63768.70,23532.90,1,0
40256.760554,2484.0548,10,10,39.7799,1.380777,-0.384358,6.37464e+07,106.94,67395.30,27138.50,1,0
40260.249290,2483.8396,4,4,15.9055,1.380368,1.560277,1.78225e+08,83.60,67398.80,27138.50,1,0
40266.539699,2483.4515,5,5,19.8671,1.379625,-1.675581,9.09712e+06,80.50,67870.80,27604.30,1,0
40268.568959,2483.3264,1,1,3.97245,1.379384,0.197018,1.73714e+08,98.52,100788.90,60520.30,1,0
40271.699118,2483.1334,7,7,27.7968,1.379011,-0.061881,1.18233e+08,70.32,75409.60,35137.80,1,0
40271.699118,2483.1334,7,7,27.7968,1.379011,-5.226252,6.3358e+06,40.05,102830.40,62558.70,0,4
40281.659856,2482.5193,9,9,35.6959,1.377812,0.183215,1.41389e+08,98.43,71536.40,31254.70,1,0
40293.751200,2481.7744,10,10,39.6036,1.376336,1.281021,1.85849e+08,62.89,60166.20,19872.40,1,0
40299.149078,2481.4420,9,9,35.6195,1.375669,-0.458922,3.32974e+07,68.55,61718.00,21418.80,1,0
40302.490873,2481.2362,9,9,35.6047,1.375254,0.384340,2.41766e+09,85.80,103895.80,63593.40,1,0
40306.379041,2480.9969,5,5,19.7708,1.374768,-2.280562,3.64565e+06,213.83,64150.90,23844.60,0,2
40310.780188,2480.7260,10,10,39.5198,1.374216,0.698916,1.16486e+08,50.81,61605.70,21294.90,1,0
40322.049288,2480.0327,5,5,19.7317,1.372786,-0.683376,2.14099e+07,61.95,66301.30,25979.30,1,0
40337.661477,2479.0728,10,10,39.3839,1.370772,0.519563,2.19063e+08,72.85,71592.30,31254.70,1,0
40339.210433,2478.9776,1,1,3.93759,1.370570,-4.334282,309812,107.58,78889.10,38549.90,0,2
40346.631350,2478.5217,1,1,3.93376,1.369597,0.554600,1.30331e+07,65.34,64817.50,24470.90,1,0
40356.309705,2477.9273,9,9,35.3585,1.368314,-0.315825,4.90465e+07,90.87,64817.50,24461.20,1,0
40371.300373,2477.0072,5,5,19.604,1.366297,-0.424164,8.01608e+07,45.89,79395.60,39024.30,1,0
40376.401256,2476.6942,1,1,3.91808,1.365602,-2.525477,1.30355e+07,142.63,102617.20,62240.80,0,2
40380.549132,2476.4398,2,2,7.83171,1.365034,-0.368808,3.98676e+07,72.29,81404.50,41024.00,1,0
40386.239917,2476.0909,5,5,19.5639,1.364250,-3.125075,1.63913e+06,97.48,64857.20,24470.90,0,2
40391.069807,2475.7948,8,8,31.2814,1.363581,-0.645076,2.97447e+07,67.26,64235.60,23844.60,1,0
40391.069807,2475.7948,8,8,31.2814,1.363581,-2.922257,5.46854e+06,61.55,71385.60,30994.60,0,2
40402.938930,2475.0675,1,1,3.90368,1.361920,-0.555228,2.26636e+07,43.29,85306.10,44903.40,1,0
40417.620015,2474.1684,10,10,38.9555,1.359834,0.705645,2.13202e+08,61.84,69138.30,28720.70,1,0
40434.700590,2473.1233,5,5,19.4297,1.357364,-0.685904,5.97772e+07,46.94,79136.20,38701.60,1,0
40454.729641,2471.8989,8,8,30.9957,1.354407,0.954197,1.26777e+08,45.33,62535.60,22080.90,1,0
40476.939480,2470.5425,1,1,3.86149,1.351053,1.102221,5.32265e+07,59.94,75614.80,35137.80,1,0
40484.950871,2470.0536,6,6,23.1405,1.349824,-1.357326,9.15073e+06,347.70,62240.80,21755.80,1,0
40490.529451,2469.7133,10,10,38.5342,1.348962,-0.129507,8.23492e+07,86.75,67870.80,27380.30,1,0
40496.039636,2469.3773,1,1,3.85013,1.348106,-2.670943,600636,402.62,66943.00,26447.00,0,2
40503.159687,2468.9432,10,10,38.4584,1.346992,1.776299,4.07849e+08,83.06,64150.90,23647.80,1,0
40508.609273,2468.6110,9,9,34.5829,1.346135,-0.990782,2.46578e+07,223.40,64979.60,24470.90,1,0
40518.229396,2468.0249,1,1,3.83669,1.344609,-0.891966,3.01898e+06,55.41,64979.60,24461.20,1,0
40527.490368,2467.4610,6,6,22.986,1.343126,0.784375,7.61912e+07,52.15,62062.60,21535.20,1,0
40527.490368,2467.4610,6,6,22.986,1.343126,-5.452474,3.56061e+06,82.73,100947.20,60419.70,0,2
40531.070839,2467.2430,2,2,7.65759,1.342550,-0.004536,8.38456e+06,43.42,58158.10,17627.00,1,0
40536.249913,2466.9278,7,7,26.7791,1.341712,-2.176368,1.38275e+07,548.17,75560.70,35024.50,0,2
40540.689404,2466.6576,6,6,22.937,1.340990,-0.411513,3.63534e+07,81.91,67679.20,27138.50,1,0
40547.180633,2466.2627,2,2,7.63754,1.339929,-0.186922,6.97475e+06,49.53,58174.10,17627.00,1,0
40551.210447,2466.0176,2,2,7.63249,1.339267,-0.137028,2.42854e+08,89.91,101071.40,60520.30,1,0
40567.630864,2465.0195,4,4,15.2235,1.336543,-0.755186,1.28887e+07,134.52,64215.50,23647.80,1,0
40583.751360,2464.0403,8,8,30.3644,1.333828,-0.258127,4.23127e+07,66.84,64235.60,23651.90,1,0
40590.348871,2463.6398,10,10,37.9128,1.332705,1.323949,6.5049e+08,78.32,75614.80,35024.50,1,0
40602.211225,2462.9200,10,10,37.8357,1.330669,-2.219758,9.32421e+06,647.22,67049.20,26447.00,0,2
40626.239203,2461.4634,10,10,37.6774,1.326476,0.780935,8.27616e+08,49.56,85306.10,44680.00,1,0
40627.770644,2461.3706,6,6,22.6003,1.326206,-0.267772,1.16175e+08,50.45,80360.80,39733.00,1,0
40640.689275,2460.5882,7,7,26.3066,1.323911,0.356109,8.29744e+07,51.41,66735.90,26095.20,1,0
40641.879143,2460.5162,10,10,37.5729,1.323699,-0.169075,5.52325e+07,67.52,63816.90,23175.10,1,0
40647.921218,2460.1504,7,7,26.2726,1.322615,0.038056,3.62966e+07,78.94,60520.30,19872.40,1,0
40649.541123,2460.0524,8,8,30.0171,1.322324,-1.141014,1.75066e+07,202.22,64401.00,23751.60,1,0
40672.230748,2458.6800,6,6,22.4201,1.318200,0.010474,1.40206e+08,64.45,79366.70,38694.50,1,0
40692.099420,2457.4795,1,1,3.72298,1.314523,-3.929166,512996,388.71,80897.90,40205.70,0,2
40704.470965,2456.7326,3,3,11.143,1.312203,0.010331,1.8657e+07,174.76,63232.10,22527.70,1,0
40705.730841,2456.6565,1,1,3.71346,1.311965,-1.683183,1.05435e+06,540.10,62240.80,21535.20,1,0
40708.730842,2456.4755,2,2,7.42272,1.311398,0.641644,2.51825e+07,59.22,64150.90,23442.30,1,0
40715.049873,2456.0943,2,2,7.41383,1.310200,0.811784,4.79671e+07,95.76,69978.10,29263.10,1,0
40723.858913,2455.5630,10,10,37.0069,1.308519,1.939015,8.70048e+08,53.46,71978.50,31254.70,1,0
40727.520594,2455.3422,10,10,36.9809,1.307817,-0.967861,3.52777e+07,101.39,68331.70,27604.30,1,0
40741.111304,2454.5231,5,5,18.442,1.305193,-1.088711,2.6355e+08,82.26,102981.90,62240.80,1,0
40749.131421,2454.0400,1,1,3.68264,1.303631,0.487909,1.09235e+07,45.26,64401.00,23651.90,1,0
40756.591071,2453.5909,10,10,36.7726,1.302169,1.119538,2.48153e+08,122.24,66735.90,25979.30,1,0
40757.240536,2453.5518,10,10,36.7679,1.302041,0.226511,6.68316e+07,88.21,61605.70,20848.40,1,0
40767.710631,2452.9216,1,1,3.6692,1.299974,0.602952,1.00845e+07,176.49,62062.60,21294.90,1,0
40767.710631,2452.9216,1,1,3.6692,1.299974,-1.625845,3.02481e+07,112.92,102830.40,62062.60,1,0
40770.308902,2452.7653,10,10,36.6731,1.299459,0.489596,1.50625e+08,108.59,68374.50,27604.30,1,0
40773.180628,2452.5926,6,6,21.9913,1.298888,-1.046362,1.38451e+07,114.90,64215.50,23442.30,1,0
40780.980677,2452.1235,2,2,7.31903,1.297330,0.405786,3.94472e+08,81.63,100947.20,60166.20,1,0
40799.220622,2451.0272,7,7,25.5226,1.293653,-0.693122,8.9208e+07,59.47,80897.90,40098.70,1,0
40801.189229,2450.9090,1,1,3.64462,1.293253,-0.779409,4.68e+06,67.94,69686.30,28885.10,1,0
40803.631316,2450.7623,1,1,3.64281,1.292756,-2.401316,1.36443e+06,55.63,74463.70,33660.00,0,2
40803.631316,2450.7623,1,1,3.64281,1.292756,-0.977381,6.86094e+07,90.05,105019.10,64215.50,1,0
40805.500055,2450.6500,4,4,16.9845,1.446005,-1.303827,2.03611e+08,72.02,103484.20,62678.70,1,0
40805.500055,2450.6500,4,4,16.9845,1.446005,-5.854774,3.07083e+06,1000.68,107854.50,67049.20,0,2
40810.030210,2450.3780,1,1,4.27823,1.453538,0.631632,4.37458e+07,67.93,77822.00,37011.90,1,0
40834.680917,2448.8988,10,10,44.5422,1.493853,1.167347,2.79807e+08,67.91,65295.90,24461.20,1,0
40845.660238,2448.2405,8,8,36.2661,1.511443,0.091441,6.75875e+07,52.15,63593.40,22747.70,1,0
40857.829926,2447.5113,10,10,46.2132,1.530680,0.856789,2.70407e+08,47.96,68238.10,27380.30,1,0
40869.589502,2446.8071,5,5,23.534,1.549010,-0.094003,3.12462e+07,57.16,61718.00,20848.40,1,0
40879.280134,2446.2270,10,10,47.7754,1.563925,0.670036,2.33582e+08,66.05,68331.70,27452.40,1,0
40888.528943,2445.6737,10,10,48.4526,1.578001,-1.703324,1.81268e+07,228.83,65922.40,25033.90,1,0
40889.310517,2445.6270,9,9,43.6589,1.579184,-0.026990,1.89392e+08,102.02,75409.60,34520.30,1,0
40901.359003,2444.9065,4,4,19.7582,1.597273,0.674772,7.97742e+07,49.86,65935.20,25033.90,1,0
40921.341375,2443.7127,7,7,35.6095,1.626701,-0.187680,7.49422e+07,45.78,68525.60,27604.30,1,0
40925.950483,2443.4374,1,1,5.1212,1.633389,1.026658,5.32997e+08,80.92,101446.30,60520.30,1,0
40932.119458,2443.0692,1,1,5.16694,1.642281,-0.424386,7.49368e+06,38.58,66867.10,25935.00,1,0
40939.998902,2442.5990,1,1,5.22545,1.653542,-2.208311,1.45948e+06,1132.47,68544.20,27604.30,0,2
40943.631069,2442.3823,8,8,42.0197,1.658696,-0.349586,4.87588e+07,111.03,63221.30,22277.70,1,0
40948.360813,2442.1002,3,3,15.8629,1.665373,-0.050245,3.49046e+07,50.38,67395.30,26447.00,1,0
40951.869646,2441.8910,4,4,21.2551,1.670302,2.321221,5.01145e+08,68.76,67398.80,26447.00,0,2
40953.930525,2441.7681,7,7,37.3039,1.673187,-4.789698,697600,444.63,67049.20,26095.20,0,2
40965.591233,2441.0730,4,4,21.6643,1.689371,0.253868,7.78642e+07,45.24,69686.30,28720.70,1,0
40975.819926,2440.4637,9,9,49.4321,1.703375,-1.597096,1.77595e+07,83.80,64150.90,23175.10,1,0
40994.250274,2439.3665,10,10,56.3027,1.728157,1.180662,4.59013e+08,85.51,68374.50,27380.30,1,0
40999.109861,2439.0773,5,5,28.3332,1.734596,0.032964,1.06502e+09,84.12,101165.30,60166.20,1,0
41012.511019,2438.2804,3,3,17.3009,1.752146,0.056399,3.43747e+07,63.73,64857.20,23844.60,1,0
41020.540151,2437.8031,8,8,46.6167,1.762518,0.130500,9.97907e+07,48.59,64865.10,23844.60,1,0
41023.488999,2437.6279,10,10,58.4917,1.766300,0.350378,1.29227e+08,58.50,62558.70,21535.20,1,0
41040.020768,2436.6459,10,10,59.7293,1.787238,-2.853047,8.6968e+06,860.45,68492.40,27452.40,0,2
41048.530596,2436.1408,3,3,18.1098,1.797841,-0.961491,1.17014e+07,83.81,63576.30,22527.70,1,0
41059.640486,2435.4816,6,6,36.7179,1.811505,0.359629,6.87e+07,65.15,60419.70,19360.10,1,0
41065.648935,2435.1253,10,10,61.6453,1.818812,0.831004,2.39398e+08,65.45,63593.40,22527.70,1,0
41069.170406,2434.9165,10,10,61.9082,1.823068,-0.006973,1.05907e+08,60.75,63816.90,22747.70,1,0
41078.601146,2434.3575,1,1,6.26116,1.834366,-0.085932,2.31349e+08,63.99,102435.70,61357.00,1,0
41086.659214,2433.8800,3,3,18.9636,1.843907,-0.644658,3.2327e+07,238.54,71592.30,30505.70,1,0
41094.490806,2433.4162,7,7,44.6561,1.853081,0.552434,3.49872e+08,66.55,75614.80,34520.30,1,0
41103.480341,2432.8840,2,2,12.8924,1.863493,-0.000265,5.58595e+08,83.21,103344.40,62240.80,1,0
41110.799951,2432.4508,9,9,58.5043,1.871876,0.206762,9.38287e+07,61.34,60419.70,19308.90,1,0
41118.459775,2431.9977,8,8,52.4573,1.880559,1.079694,4.54021e+08,49.11,70381.50,29263.10,1,0
41134.410654,2431.0546,10,10,66.7486,1.898348,1.653929,7.12654e+08,64.93,65922.40,24788.00,0,2
41145.198995,2430.4172,1,1,6.75416,1.910158,0.758149,5.44207e+08,95.09,101665.60,60520.30,1,0
41147.191116,2430.2995,1,1,6.76877,1.912319,-3.904594,278759,835.33,65935.20,24788.00,0,2
41163.811047,2429.3183,1,1,6.8903,1.930114,-0.012790,1.71967e+07,144.59,68544.20,27380.30,1,0
41193.158918,2427.5876,10,10,71.0304,1.960523,-0.847644,7.55506e+07,82.05,68331.70,27138.50,1,0
41202.081376,2427.0619,2,2,14.3344,1.969514,-0.764578,3.30768e+08,84.84,105019.10,63816.90,1,0
41205.240995,2426.8757,10,10,71.8985,1.972670,0.556639,2.3448e+08,60.61,64857.20,23651.90,1,0
41210.919185,2426.5414,1,1,7.23048,1.978305,0.552552,5.55576e+07,94.00,75409.60,34198.60,1,0
41217.358975,2426.1622,2,2,14.5528,1.984639,-0.103148,2.4544e+07,145.95,64865.10,23647.80,1,0
41227.960544,2425.5384,6,6,44.1103,1.994934,0.467115,1.32784e+08,87.66,64979.60,23751.60,1,0
41230.680645,2425.3783,6,6,44.2258,1.997549,-0.667671,7.42876e+07,122.12,71736.50,30505.70,1,0
41232.249203,2425.2861,5,5,36.9103,1.999053,-0.382178,5.92314e+07,344.22,67679.20,26447.00,1,0
41235.951102,2425.0684,2,2,14.8164,2.002587,-1.420041,8.91278e+06,103.96,68374.50,27138.50,1,0
41240.870042,2424.7791,5,5,37.2142,2.007252,-0.260161,4.90236e+07,55.22,63768.70,22527.70,1,0
41246.708999,2424.4359,3,3,22.4515,2.012745,-0.408568,6.69137e+08,95.01,103805.40,62558.70,1,0
41255.741024,2423.9051,7,7,52.8288,2.021146,-0.051847,3.49334e+08,62.44,80988.80,39733.00,1,0
41260.610898,2423.6190,6,6,45.4852,2.025628,-0.865208,7.217e+08,75.82,101680.40,60419.70,1,0
41262.721312,2423.4950,5,5,37.9777,2.027560,-8.036352,85545.7,9472.88,80988.80,39726.00,0,2
41271.391335,2422.9859,1,1,7.65555,2.035431,-0.416045,1.09366e+07,493.62,66681.10,25409.70,1,0
41290.021341,2421.8927,8,8,62.2669,2.051989,-0.268868,6.80754e+07,127.90,61605.70,20315.70,1,0
41298.589334,2421.3902,1,1,7.8416,2.059442,-0.103404,1.18783e+07,54.44,63576.30,22277.70,1,0
41305.858996,2420.9641,6,6,47.3443,2.065688,-0.158058,2.90884e+08,62.97,81404.50,40098.70,1,0
41327.691161,2419.6851,10,10,80.3664,2.084011,1.014494,4.1721e+08,62.48,64979.60,23651.90,1,0
41349.211044,2418.4258,10,10,81.7799,2.101446,0.465402,3.34738e+08,73.20,68801.70,27452.40,1,0
41369.129948,2417.2614,1,1,8.3065,2.117039,-0.068101,4.38151e+08,63.33,106665.10,65295.90,1,0
41382.791126,2416.4634,4,4,33.5732,2.127433,-0.595087,4.82732e+07,99.46,68987.10,27604.30,1,0
41403.189566,2415.2729,6,6,51.1247,2.142507,0.039607,9.34021e+07,71.85,64150.90,22747.70,1,0
41414.900613,2414.5899,7,7,60.1495,2.150922,0.345949,1.58093e+08,92.84,64857.20,23442.30,1,0
41423.770986,2414.0728,7,7,60.5271,2.157181,-0.260035,1.10963e+08,59.80,67870.80,26447.00,1,0
41439.949476,2413.1304,10,10,87.438,2.168344,0.856845,3.20466e+08,64.84,62678.70,21238.80,1,0
41446.719144,2412.7362,5,5,43.9195,2.172919,-3.330078,2.95029e+06,524.54,64979.60,23532.90,0,2
41448.159993,2412.6523,1,1,8.79238,2.173886,0.854537,4.18418e+07,45.62,65909.40,24461.20,1,0
41464.269263,2411.7150,1,1,8.88637,2.184519,0.287323,2.40235e+07,135.36,65935.20,24470.90,1,0
41475.949236,2411.0358,2,2,17.9068,2.192032,-0.545704,6.3114e+07,44.47,79395.60,37919.60,1,0
41484.569798,2410.5348,10,10,90.0222,2.197472,0.697365,2.52264e+08,67.40,61357.00,19872.40,1,0
41495.260404,2409.9138,1,1,9.06205,2.204095,0.338356,2.12503e+07,64.57,63576.30,22080.90,1,0
41512.370146,2408.9205,10,10,91.5605,2.214415,-0.076979,1.41872e+08,67.25,63593.40,22080.90,1,0
41526.029126,2408.1282,1,1,9.22953,2.222408,0.741678,5.0308e+07,46.17,68978.50,27452.40,1,0
41530.219552,2407.8852,7,7,64.7626,2.224818,0.866512,2.00519e+08,49.99,60520.30,18990.10,1,0
41534.580832,2407.6323,4,4,37.0993,2.227304,-3.418266,3.15789e+06,982.55,68987.10,27452.40,0,2
41544.319368,2407.0680,7,7,65.2801,2.232776,0.181359,1.50375e+08,60.41,65295.90,23751.60,1,0
41557.669057,2406.2947,10,10,93.9431,2.240104,1.502917,6.05688e+08,61.25,61718.00,20160.40,0,2
41610.070857,2403.2644,6,6,57.8998,2.266954,-1.295808,2.56641e+07,59.46,63221.30,21611.20,1,0
41639.410829,2401.5710,7,7,68.4842,2.280692,-5.614528,552096,1207.55,67049.20,25409.70,0,2
41641.890854,2401.4279,8,8,78.3553,2.281812,1.276901,3.0077e+08,66.29,58158.10,16516.10,1,0
41643.940041,2401.3098,4,4,39.2137,2.282732,-1.193627,2.27847e+07,103.73,65295.90,23651.90,1,0
41656.120173,2400.6076,1,1,9.85631,2.288112,-0.211105,1.10888e+07,114.84,61357.00,19700.90,1,0
41659.241259,2400.4278,10,10,98.6967,2.289466,0.827776,1.4798e+09,37.92,80360.80,38701.60,1,0
41687.680225,2398.7902,9,9,89.8884,2.301344,-0.054142,1.43944e+08,56.99,63768.70,22080.90,1,0
41691.450811,2398.5733,6,6,60.0164,2.302858,-0.700655,1.72934e+08,64.11,78889.10,37197.60,1,0
41707.909165,2397.6268,8,8,80.5389,2.309298,0.158504,1.65648e+08,62.25,64235.60,22527.70,1,0
41733.200830,2396.1737,10,10,101.622,2.318677,0.549346,2.49132e+08,64.76,61605.70,19872.40,1,0
41744.219019,2395.5413,6,6,61.2111,2.322570,-0.657881,7.36442e+07,48.60,67679.20,25935.00,1,0
41747.020598,2395.3805,5,5,51.0588,2.323541,-0.884744,3.09562e+07,61.69,62062.60,20315.70,1,0
41757.259396,2394.7932,4,4,40.9897,2.327027,-0.147873,1.1299e+08,105.04,71592.30,29835.10,1,0
41757.970652,2394.7524,7,7,71.7491,2.327266,-0.696075,9.35645e+07,133.64,69138.30,27380.30,1,0
41762.999088,2394.4641,4,4,41.0682,2.328939,-1.830595,1.25846e+07,79.46,65295.90,23532.90,1,0
41777.340340,2393.6421,6,6,61.8888,2.333580,-0.316236,3.0795e+08,62.61,80897.90,39120.40,1,0
41802.479434,2392.2026,5,5,51.9715,2.341258,-0.617465,4.51868e+07,81.44,63221.30,21418.80,1,0
41818.949721,2391.2604,5,5,52.2175,2.345980,0.722781,2.3317e+08,49.91,66852.90,25033.90,1,0
41823.289356,2391.0123,2,2,20.9122,2.347183,0.211611,1.44461e+08,69.57,78463.60,36640.40,1,0
41826.719224,2390.8162,6,6,62.7954,2.348123,-0.119128,1.4909e+08,40.85,69431.00,27604.30,1,0
41837.480323,2390.2013,4,4,41.9844,2.351004,-0.612738,3.77756e+07,294.68,63593.40,21755.80,1,0
41840.000634,2390.0573,5,5,52.5152,2.351664,0.296061,1.81946e+08,50.59,68978.50,27138.50,1,0
41848.479765,2389.5731,4,4,42.1039,2.353845,-0.822041,4.771e+07,99.66,68987.10,27138.50,1,0
41873.311284,2388.1560,3,3,31.7689,2.359877,-0.911596,2.2625e+07,116.55,64401.00,22527.70,1,0
41877.190350,2387.9348,7,7,74.1939,2.360772,-0.022742,4.1924e+08,64.02,78889.10,37011.90,1,0
41884.731322,2387.5049,6,6,63.7032,2.362476,0.661701,3.01457e+08,43.76,68331.70,26447.00,1,0
41920.210221,2385.4842,5,5,53.4798,2.369867,0.180039,3.01427e+09,50.87,104599.00,62678.70,1,0
41924.659599,2385.2311,4,4,42.8205,2.370722,-1.255224,1.52886e+07,99.33,60166.20,18241.50,1,0
41927.540439,2385.0672,5,5,53.5548,2.371267,-0.034551,1.26636e+08,67.18,68374.50,26447.00,1,0
41951.489057,2383.7056,3,3,32.2707,2.375546,-0.376128,9.37984e+08,89.57,103308.50,61357.00,1,0
41958.370032,2383.3147,6,6,64.6154,2.376693,-10.406790,10328.4,839.63,77822.00,35863.70,0,2
41965.060640,2382.9347,7,7,75.4661,2.377774,-0.455760,7.90902e+07,67.62,63576.30,21611.20,1,0
41978.509245,2382.1713,2,2,21.6064,2.379843,-1.371584,1.46081e+07,65.19,69431.00,27452.40,1,0
41985.540200,2381.7724,3,3,32.4429,2.380870,-1.306561,1.98218e+07,98.50,67395.30,25409.70,1,0
42003.090444,2380.7772,4,4,43.3614,2.383274,-0.369795,1.75449e+09,83.92,107299.10,65295.90,1,0
42022.120838,2379.6990,10,10,108.659,2.385628,1.495115,5.14108e+08,68.04,58158.10,16136.00,0,2
42023.998973,2379.5927,6,6,65.2095,2.385846,0.631418,6.95168e+08,46.10,78694.60,36670.60,1,0
42030.441011,2379.2279,5,5,54.3809,2.386575,-1.826798,2.06671e+07,108.74,67965.50,25935.00,1,0
42038.181178,2378.7899,10,10,108.853,2.387412,0.626209,2.16207e+08,79.51,58174.10,16136.00,1,0
42045.450238,2378.3786,7,7,76.254,2.388160,-5.871786,529544,727.04,68492.40,26447.00,0,2
42058.150150,2377.6604,4,4,43.6269,2.389379,0.300857,9.7356e+07,40.98,63593.40,21535.20,1,0
42064.871206,2377.2805,3,3,32.7398,2.389979,-2.514757,5.70613e+06,414.31,66852.90,24788.00,0,2
42064.871206,2377.2805,3,3,32.7398,2.389979,-0.195930,1.06255e+09,64.66,102484.70,60419.70,1,0
42072.879090,2376.8281,8,8,87.365,2.390654,0.391019,2.06901e+08,62.25,63221.30,21148.40,1,0
42074.290654,2376.7483,4,4,43.6875,2.390768,-0.624463,4.82784e+07,59.41,66324.80,24250.60,1,0
42077.760835,2376.5523,5,5,54.6245,2.391044,-0.831280,4.74967e+07,78.25,65922.40,23844.60,1,0
42081.940793,2376.3163,5,5,54.642,2.391365,0.159557,1.73974e+08,50.42,69686.30,27604.30,1,0
42102.800405,2375.1389,6,6,65.6644,2.392797,1.374700,3.23867e+08,65.93,60166.20,18063.40,1,0
42109.891219,2374.7390,4,4,43.7947,2.393219,-0.869319,8.73869e+08,112.82,104788.70,62678.70,1,0
42123.360314,2373.9796,7,7,76.6954,2.393932,0.563067,2.37251e+08,90.87,64401.00,22277.70,1,0
42143.351148,2372.8535,9,9,98.6919,2.394779,0.016630,3.27929e+08,91.73,71978.50,29835.10,1,0
42146.890054,2372.6543,2,2,21.9343,2.394903,0.333021,1.01061e+09,259.57,100321.10,58174.10,1,0
42154.639597,2372.2181,3,3,32.9095,2.395148,-0.283993,4.30229e+07,80.75,64235.60,22080.90,1,0
42157.429771,2372.0611,9,9,98.7362,2.395227,0.233613,2.08483e+08,60.47,63768.70,21611.20,1,0
42157.429771,2372.0611,9,9,98.7362,2.395227,0.124480,1.84016e+08,67.73,63576.30,21418.80,1,0
42178.200530,2370.8930,4,4,43.9022,2.395670,-0.310336,4.09194e+07,59.12,60419.70,18241.50,1,0
42183.680833,2370.5850,6,6,65.8582,2.395744,-0.334090,9.40104e+07,46.21,65935.20,23751.60,1,0
42190.219180,2370.2176,2,2,21.9542,2.395810,1.128524,9.86183e+07,75.67,62062.60,19872.40,1,0
42197.570234,2369.8047,10,10,109.776,2.395854,0.203562,5.35313e+09,86.77,102617.20,60419.70,1,0
42203.000918,2369.4997,10,10,109.777,2.395867,1.623560,3.79004e+09,42.25,80988.80,38785.80,1,0
42206.409223,2369.3084,6,6,65.8662,2.395866,-1.190038,4.44142e+07,165.31,67240.40,25033.90,1,0
42210.220027,2369.0945,5,5,54.8881,2.395858,0.544098,2.00263e+08,73.13,66681.10,24470.90,1,0
42219.970112,2368.5474,5,5,54.8848,2.395799,1.075725,2.42897e+08,47.45,62535.60,20315.70,1,0
42219.970112,2368.5474,5,5,54.8848,2.395799,-0.971091,4.39984e+07,310.22,66681.10,24461.20,1,0
42225.800344,2368.2204,3,3,32.9289,2.395739,0.530647,2.68234e+09,70.74,104904.60,62678.70,1,0
42256.159809,2366.5189,8,8,87.7565,2.395125,0.555449,5.0826e+09,68.97,100430.30,58174.10,1,0
42261.160130,2366.2389,10,10,109.679,2.394976,-1.501791,5.32417e+07,149.98,67049.20,24788.00,1,0
42268.500942,2365.8279,7,7,76.757,2.394735,0.418903,3.66745e+08,59.12,71536.40,29267.90,1,0
42269.399400,2365.7776,6,6,65.7897,2.394703,-0.570759,8.52848e+07,555.30,67679.20,25409.70,1,0
42279.280589,2365.2247,8,8,87.6868,2.394330,0.442796,3.31416e+08,95.81,68374.50,26095.20,1,0
42283.359849,2364.9965,7,7,76.713,2.394161,0.254435,1.9679e+08,61.53,65935.20,23651.90,1,0
42292.460878,2364.4876,1,1,10.9545,2.393754,0.008386,2.92202e+07,110.47,69431.00,27138.50,1,0
42318.381202,2363.0393,2,2,21.8788,2.392370,0.342596,1.20939e+09,50.96,102484.70,60166.20,1,0
42319.999345,2362.9490,4,4,43.7533,2.392273,-0.334669,5.48963e+07,90.48,64401.00,22080.90,1,0
42329.389092,2362.4248,5,5,54.6594,2.391684,-0.330981,7.14287e+07,80.15,64857.20,22527.70,1,0
42340.359324,2361.8127,6,6,65.5428,2.390943,0.640988,6.00156e+09,89.37,105019.10,62678.70,1,0
42345.829249,2361.5077,5,5,54.5977,2.390553,0.200320,3.18727e+09,99.77,104904.60,62558.70,1,0
42354.689746,2361.0136,5,5,54.5616,2.389892,-0.715248,6.69518e+07,103.45,68801.70,26447.00,1,0
42354.689746,2361.0136,5,5,54.5616,2.389892,-0.049410,3.08605e+08,62.26,79366.70,37011.90,1,0
42364.849343,2360.4474,2,2,21.8071,2.389090,1.583147,2.37588e+08,65.01,67398.80,25033.90,1,0
42370.969924,2360.1065,6,6,65.3884,2.388585,0.710659,6.43085e+09,82.64,105049.70,62678.70,1,0
42372.851242,2360.0017,5,5,54.4817,2.388426,0.324573,1.19876e+08,81.41,63221.30,20848.40,1,0
42383.720708,2359.3964,4,4,43.5441,2.387479,0.562990,1.21682e+08,47.68,63232.10,20848.40,1,0
42402.560387,2358.3482,3,3,32.6006,2.385719,-0.783028,1.23182e+08,82.46,83426.60,41024.00,1,0
42405.819282,2358.1669,5,5,54.317,2.385399,0.347033,1.64459e+08,50.66,66867.10,24461.20,1,0
42410.670917,2357.8971,3,3,32.5744,2.384915,0.355899,1.87286e+09,75.71,102830.40,60419.70,1,0
42427.770452,2356.9469,3,3,32.5164,2.383132,0.500675,8.7717e+07,60.38,63576.30,21148.40,1,0
42430.329719,2356.8047,4,4,43.3432,2.382855,-0.146464,9.16756e+07,94.07,68525.60,26095.20,1,0
42449.100182,2355.7625,3,3,32.4389,2.380745,-1.612439,3.51924e+07,64.26,78312.90,35863.70,1,0
42450.900748,2355.6626,6,6,64.8641,2.380536,1.365316,8.53958e+09,81.94,100625.00,58174.10,1,0
42460.310992,2355.1405,4,4,43.1946,2.379420,0.131732,2.37013e+09,74.56,105019.10,62558.70,1,0
42465.580107,2354.8483,2,2,21.5835,2.378782,-0.578150,7.04214e+07,84.68,79136.20,36670.60,1,0
42473.359048,2354.4170,9,9,97.0323,2.377820,1.521204,1.41214e+09,99.96,71736.50,29263.10,1,0
42479.780128,2354.0611,4,4,43.0905,2.377009,0.916611,1.85712e+08,57.63,64235.60,21755.80,1,0
42481.749534,2353.9520,4,4,43.0797,2.376757,0.086039,1.00916e+08,50.05,66943.00,24461.20,1,0
42494.060558,2353.2700,5,5,53.7633,2.375153,0.962540,8.18258e+08,52.59,79136.20,36642.10,1,0
42500.471214,2352.9151,3,3,32.2304,2.374297,-2.542735,7.82647e+06,72.52,71385.60,28885.10,0,2
42539.170848,2350.7745,9,9,96.1642,2.368832,1.705377,6.53406e+08,68.92,60166.20,17627.00,1,0
42562.151108,2349.5053,4,4,42.5915,2.365360,1.269843,6.1616e+09,82.92,102981.90,60419.70,1,0
42599.891089,2347.4238,5,5,52.9186,2.359317,1.512792,7.49088e+08,63.79,71536.40,28936.50,1,0
42614.769068,2346.6043,2,2,21.1148,2.356826,0.672465,1.40363e+09,74.39,100788.90,58174.10,1,0
42616.451240,2346.5117,3,3,31.6631,2.356541,-0.099802,6.10192e+07,47.94,66867.10,24250.60,1,0
42630.849396,2345.7192,4,4,42.1132,2.354068,0.867206,3.40014e+09,88.67,100788.90,58158.10,1,0
42691.320041,2342.3965,2,2,20.8277,2.343135,-0.034528,5.14804e+07,116.73,69138.30,26447.00,1,0
42710.650518,2341.3364,2,2,20.7515,2.339471,0.087128,7.3006e+07,99.34,71978.50,29267.90,1,0
42726.259613,2340.4810,7,7,72.4117,2.336458,0.857999,1.00604e+09,56.10,79366.70,36640.40,1,0
42727.861202,2340.3933,9,9,93.0718,2.336146,1.170964,4.1877e+08,104.82,61718.00,18990.10,1,0
42727.861202,2340.3933,9,9,93.0718,2.336146,0.248614,1.93763e+08,66.05,63576.30,20848.40,1,0
42736.540192,2339.9180,3,3,30.9713,2.334449,-0.086453,5.1027e+07,92.40,64817.50,22080.90,1,0
42768.149972,2338.1886,9,9,92.331,2.328155,1.379885,6.8493e+08,69.64,65295.90,22527.70,1,0
42769.359402,2338.1225,9,9,92.3085,2.327911,-1.021474,7.2703e+07,163.21,67240.40,24470.90,1,0
42771.389627,2338.0115,2,2,20.5046,2.327501,-0.325179,7.32605e+08,87.74,105450.20,62678.70,1,0
42778.230671,2337.6376,2,2,20.4762,2.326114,0.108758,1.08987e+09,80.29,105019.10,62240.80,1,0
42792.699504,2336.8472,10,10,102.079,2.323157,1.083817,3.78067e+08,73.73,60419.70,17627.00,1,0
42797.420906,2336.5894,6,6,61.1877,2.322186,0.011823,3.21001e+08,40.83,77822.00,35024.50,1,0
42820.150719,2335.3491,2,2,20.2999,2.317468,-0.191674,1.32794e+08,71.16,83025.90,40205.70,1,0
42836.790855,2334.4419,5,5,50.5727,2.313974,-0.600886,6.37597e+07,119.32,67870.80,25033.90,1,0
42857.729428,2333.3014,5,5,50.3486,2.309532,-6.993350,68850.7,1956.43,62558.70,19700.90,0,2
42866.121168,2332.8446,1,1,10.0517,2.307740,-0.377554,3.8301e+07,40.60,78694.60,35828.50,1,0
42871.620268,2332.5454,4,4,40.1594,2.306562,-2.290910,1.26475e+07,71.11,71592.30,28720.70,0,2
42891.190115,2331.4811,5,5,49.9881,2.302348,-2.490212,9.36768e+06,533.66,67679.20,24788.00,0,2
42898.051147,2331.1082,6,6,59.8968,2.300863,-0.917516,1.37222e+09,103.95,107299.10,64401.00,1,0
42913.249040,2330.2827,7,7,69.6493,2.297563,0.041385,2.50317e+09,87.24,101071.40,58158.10,1,0
42915.309743,2330.1708,2,2,19.8909,2.297114,-0.036771,7.95242e+08,90.64,103335.10,60419.70,1,0
42916.509156,2330.1056,9,9,89.4856,2.296853,0.438590,2.18072e+08,47.12,63232.10,20315.70,1,0
42920.209887,2329.9047,9,9,89.4134,2.296046,-0.285602,1.10336e+08,72.60,63768.70,20848.40,1,0
42924.359010,2329.6795,6,6,59.555,2.295141,-0.490948,8.04552e+07,66.24,67395.30,24470.90,1,0
42927.249820,2329.5226,6,6,59.5174,2.294510,-0.376719,3.22761e+08,70.70,83025.90,40098.70,1,0
42929.519184,2329.3995,7,7,69.4026,2.294014,0.507263,2.39973e+08,73.64,66681.10,23751.60,1,0
42931.891016,2329.2708,10,10,99.0951,2.293495,1.159604,4.57866e+08,71.42,62240.80,19308.90,1,0
42934.030704,2329.1547,7,7,69.3341,2.293027,-1.220568,4.51455e+07,36.56,67395.30,24461.20,1,0
42940.741218,2328.7907,5,5,49.4517,2.291558,-0.136737,7.35342e+07,49.29,64235.60,21294.90,1,0
42964.719184,2327.4911,1,1,9.83839,2.286292,0.901803,5.79059e+07,99.36,68374.50,25409.70,1,0
42966.379592,2327.4011,1,1,9.8348,2.285927,0.004063,6.1736e+07,71.69,80164.00,37197.60,1,0
42973.269279,2327.0280,8,8,78.5592,2.284410,0.433739,2.41395e+08,58.20,66148.40,23175.10,1,0
42976.680962,2326.8432,7,7,68.6876,2.283659,0.036415,1.21146e+08,79.67,64215.50,21238.80,1,0
42977.719732,2326.7870,6,6,58.8616,2.283430,-1.557762,1.85968e+07,60.86,62678.70,19700.90,1,0
42982.209705,2326.5440,9,9,88.2051,2.282440,0.904594,3.76261e+08,66.16,64401.00,21418.80,1,0
42983.949043,2326.4498,1,1,9.79681,2.282057,-0.213020,2.06051e+07,45.32,69431.00,26447.00,1,0
42997.259027,2325.7296,2,2,19.5362,2.279121,0.195222,1.42167e+09,93.73,107854.50,64857.20,1,0
43001.120185,2325.5208,1,1,9.75978,2.278270,-0.103961,2.47292e+07,52.51,70381.50,27380.30,1,0
43007.949226,2325.1516,7,7,68.2156,2.276763,0.134464,3.87485e+09,88.20,105566.60,62558.70,1,0
43025.451259,2324.2057,1,1,9.70752,2.272900,-5.396296,247600,589.74,78889.10,35863.70,0,2
43029.211050,2324.0026,3,3,29.0984,2.272071,0.107273,6.72876e+07,99.35,66681.10,23651.90,1,0
43058.349231,2322.4300,5,5,48.187,2.265651,-1.917010,2.26939e+07,278.20,71994.80,28936.50,1,0
43059.180247,2322.3851,2,2,19.2713,2.265468,-0.188507,9.6199e+07,66.01,79742.40,36683.20,1,0
43060.889394,2322.2930,5,5,48.1601,2.265092,-0.422333,4.9408e+07,122.18,63221.30,20160.40,1,0
43073.390288,2321.6190,2,2,19.2112,2.262346,-0.510910,5.74522e+08,97.41,105632.20,62558.70,1,0
43082.670430,2321.1189,10,10,95.8607,2.260311,-0.575524,1.29668e+08,220.51,68492.40,25409.70,1,0
43082.670430,2321.1189,10,10,95.8607,2.260311,-0.723625,1.06287e+08,68.60,67870.80,24788.00,1,0
43086.069915,2320.9358,3,3,28.7368,2.259566,-1.769504,1.07689e+07,269.30,67395.30,24309.20,1,0
43101.300208,2320.1156,10,10,95.471,2.256238,1.052596,4.88777e+08,104.71,64857.20,21755.80,1,0
43101.300208,2320.1156,10,10,95.471,2.256238,-3.301043,7.39754e+06,158.43,66852.90,23751.60,0,2
43103.400161,2320.0026,3,3,28.6282,2.255780,-0.013006,1.03142e+08,51.98,73609.10,30505.70,1,0
43109.290533,2319.6856,10,10,95.3049,2.254497,0.789125,3.75086e+08,45.08,64865.10,21755.80,1,0
43112.210207,2319.5285,10,10,95.2444,2.253861,1.665347,5.20758e+08,60.39,58158.10,15045.80,0,2
43115.480705,2319.3525,10,10,95.1767,2.253150,0.357041,1.82595e+08,77.97,61357.00,18241.50,1,0
43115.480705,2319.3525,10,10,95.1767,2.253150,0.098167,2.20986e+08,55.79,66867.10,23751.60,1,0
43120.611250,2319.0766,10,10,95.0707,2.252036,-0.485956,2.47134e+08,100.52,75409.60,32288.90,1,0
43126.199034,2318.7761,5,5,47.4778,2.250825,-0.963298,3.64061e+07,33.15,66301.30,23175.10,1,0
43134.400242,2318.3352,5,5,47.3937,2.249051,-1.495986,2.56139e+07,85.34,68544.20,25409.70,1,0
43142.290697,2317.9112,9,9,85.1636,2.247350,0.026539,3.60049e+09,86.47,103308.50,60166.20,1,0
43144.620072,2317.7861,1,1,9.45788,2.246848,-1.108341,6.85608e+06,119.20,67395.30,24250.60,1,0
43148.210902,2317.5932,7,7,66.1541,2.246076,-3.586044,3.79696e+06,500.92,66681.10,23532.90,0,2
43168.839599,2316.4857,2,2,18.8179,2.241663,-1.064946,2.67503e+08,76.40,103335.10,60166.20,1,0
43174.781129,2316.1669,10,10,93.9709,2.240400,0.305007,2.48071e+08,61.54,65922.40,22747.70,1,0
43178.160003,2315.9857,1,1,9.39035,2.239683,-0.429112,2.5224e+08,102.64,103344.40,60166.20,1,0
43198.609445,2314.8893,10,10,93.4993,2.235369,1.267948,4.9105e+08,80.89,62558.70,19360.10,1,0
43204.521165,2314.5726,6,6,56.0301,2.234130,-1.632767,2.33388e+07,61.28,67049.20,23844.60,1,0
43208.299327,2314.3702,6,6,55.9859,2.233341,-0.322918,9.0968e+07,79.60,67679.20,24470.90,1,0
43214.929367,2314.0151,7,7,65.2268,2.231960,0.306958,1.63774e+08,67.26,65295.90,22080.90,1,0
43217.950765,2313.8533,6,6,55.8736,2.231333,-0.260457,9.66152e+07,64.70,67679.20,24461.20,1,0
43239.220900,2312.7151,6,6,55.6292,2.226949,-1.283563,4.07136e+07,70.22,69686.30,26447.00,1,0
43249.739165,2312.1527,10,10,92.5167,2.224804,0.454137,2.15075e+08,72.53,62558.70,19308.90,1,0
43252.619489,2311.9987,10,10,92.4627,2.224220,0.772932,3.43604e+08,52.70,64401.00,21148.40,1,0
43257.741198,2311.7250,1,1,9.23669,2.223183,0.673007,5.76422e+07,40.64,71978.50,28720.70,1,0
43272.089323,2310.9584,3,3,27.6303,2.220301,-0.493427,5.94791e+08,94.81,101446.30,58174.10,1,0
43277.760562,2310.6556,2,2,18.3994,2.219170,-5.100572,179965,960.47,63593.40,20315.70,0,2
43288.239390,2310.0963,1,1,9.18063,2.217096,-0.024882,3.15629e+08,80.00,101446.30,58158.10,1,0
43291.160294,2309.9404,7,7,64.2274,2.216520,-1.056255,4.71108e+07,95.61,66943.00,23651.90,1,0
43293.639082,2309.8081,9,9,82.5379,2.216034,-0.551085,9.86462e+07,50.33,66735.90,23442.30,1,0
43293.639082,2309.8081,9,9,82.5379,2.216034,-1.488622,2.49035e+07,81.59,61357.00,18063.40,1,0
43301.660283,2309.3803,5,5,45.7826,2.214465,-1.406960,5.74495e+07,45.18,77822.00,34520.30,1,0
43306.559280,2309.1190,10,10,91.4779,2.213513,0.723100,2.33405e+08,111.74,60419.70,17113.20,1,0
43318.620432,2308.4761,10,10,91.2654,2.211186,1.933216,9.38846e+08,63.63,62678.70,19360.10,0,2
43321.960690,2308.2981,10,10,91.207,2.210547,1.043588,4.60403e+08,82.20,64857.20,21535.20,1,0
43325.790654,2308.0941,6,6,54.6842,2.209816,-0.354100,1.89171e+09,93.42,105566.60,62240.80,1,0
43327.800445,2307.9870,2,2,18.2211,2.209434,-4.619910,1.45273e+06,584.70,83426.60,40098.70,0,2
43329.940599,2307.8730,2,2,18.2137,2.209027,0.067431,3.46553e+07,54.56,64865.10,21535.20,1,0
43334.240778,2307.6440,9,9,81.895,2.208214,-0.146904,1.48068e+08,64.67,66867.10,23532.90,1,0
43340.590663,2307.3059,3,3,27.2657,2.207019,0.741569,1.35533e+08,104.53,68374.50,25033.90,1,0
43368.379948,2305.8274,8,8,72.3363,2.201885,1.505646,5.84802e+08,53.71,64979.60,21611.20,1,0
43369.730945,2305.7556,8,8,72.3186,2.201639,1.006431,2.94122e+08,72.70,62678.70,19308.90,1,0
43381.740134,2305.1173,2,2,18.0405,2.199475,-0.989647,1.29728e+07,43.45,65909.40,22527.70,1,0
43385.639451,2304.9101,6,6,54.084,2.198779,0.157028,2.69784e+09,84.16,103805.40,60419.70,1,0
43391.889793,2304.5781,7,7,63.0281,2.197670,0.138517,1.77291e+08,119.98,68801.70,25409.70,1,0
43393.881191,2304.4724,9,9,81.0076,2.197319,1.551188,5.20134e+08,58.81,61605.70,18211.80,1,0
43395.671046,2304.3773,6,6,53.9881,2.197004,-6.366419,199993,1254.80,67240.40,23844.60,0,2
43397.219860,2304.2951,5,5,44.9778,2.196732,-4.818256,771404,679.57,67049.20,23651.90,0,2
43398.650230,2304.2191,6,6,53.9599,2.196481,-2.528168,7.61748e+06,312.19,64817.50,21418.80,0,2
43399.780306,2304.1591,2,2,17.9831,2.196283,0.278334,5.39093e+07,54.52,67870.80,24470.90,1,0
43405.980107,2303.8300,7,7,62.8728,2.195203,-0.179224,4.6073e+08,62.45,84431.00,41024.00,1,0
43407.469844,2303.7510,1,1,8.97951,2.194945,-0.974507,6.5655e+06,115.39,65935.20,22527.70,1,0
43410.160981,2303.6081,5,5,44.8767,2.194481,-1.253157,2.69597e+07,103.48,66943.00,23532.90,1,0
43415.879194,2303.3047,7,7,62.7657,2.193499,-0.087664,9.18744e+07,77.41,63576.30,20160.40,1,0
43444.400346,2301.7926,9,9,80.314,2.188720,0.589761,2.5937e+08,77.73,64979.60,21535.20,1,0
43453.030148,2301.3355,9,9,80.2013,2.187315,1.038609,3.67482e+08,154.39,63768.70,20315.70,1,0
43458.509617,2301.0453,4,4,35.6136,2.186432,-0.943511,3.30538e+07,49.36,68492.40,25033.90,1,0
43484.930723,2299.6472,6,6,53.1996,2.182292,-0.058051,3.43135e+08,75.79,81404.50,37919.60,1,0
43491.669470,2299.2909,6,6,53.1451,2.181266,0.224817,1.58969e+08,79.17,68525.60,25033.90,1,0
43496.039649,2299.0599,1,1,8.85169,2.180608,0.322029,3.14154e+07,58.11,69431.00,25935.00,1,0
43504.211036,2298.6281,3,3,26.5228,2.179392,-0.030347,5.87048e+07,61.33,67965.50,24461.20,1,0
43506.200551,2298.5229,8,8,70.7067,2.179099,0.054306,1.02287e+08,65.96,61718.00,18211.80,1,0
43510.290486,2298.3069,5,5,44.1652,2.178500,-2.557934,8.1822e+06,1872.01,68544.20,25033.90,0,2
43511.750070,2298.2298,8,8,70.6494,2.178287,0.161938,5.12824e+08,68.65,80164.00,36652.30,1,0
43530.338982,2297.2484,2,2,17.6156,2.175635,-0.021448,9.7436e+08,105.93,107299.10,63768.70,1,0
43543.320443,2296.5635,4,4,35.1681,2.173846,1.501685,5.59791e+08,37.11,73378.40,29835.10,1,0
43552.639028,2296.0721,7,7,61.4672,2.172593,-1.869350,1.61512e+07,386.19,64401.00,20848.40,1,0
43560.739627,2295.6451,9,9,78.945,2.171526,0.269062,1.84507e+08,69.72,64979.60,21418.80,1,0
43560.739627,2295.6451,9,9,78.945,2.171526,0.247091,2.08316e+08,51.52,66735.90,23175.10,1,0
43562.259283,2295.5651,8,8,70.1594,2.171328,-0.104339,1.11752e+08,77.86,64857.20,21294.90,1,0
43567.131156,2295.3084,9,9,78.8797,2.170699,0.975121,1.21115e+09,40.89,79395.60,35828.50,1,0
43568.840879,2295.2183,8,8,70.0999,2.170481,0.090586,1.89913e+08,66.27,68978.50,25409.70,1,0
43577.350370,2294.7701,5,5,43.7654,2.169405,0.475676,1.74353e+08,85.15,68987.10,25409.70,1,0
43586.600813,2294.2831,7,7,61.2016,2.168263,-0.664692,7.41313e+07,127.57,68374.50,24788.00,1,0
43588.429572,2294.1868,1,1,8.74114,2.168041,0.843214,4.35978e+07,45.84,67240.40,23651.90,1,0
43591.010581,2294.0510,1,1,8.73841,2.167729,0.438744,3.5509e+07,70.64,69686.30,26095.20,1,0
43599.319967,2293.6138,8,8,69.8382,2.166739,0.407057,1.07286e+08,101.65,58158.10,14558.80,1,0
43605.959232,2293.2645,8,8,69.7842,2.165966,-0.047011,2.78237e+08,82.88,75409.60,31803.70,1,0
43606.909441,2293.2146,8,8,69.7766,2.165857,-1.926186,2.14739e+07,239.91,67049.20,23442.30,1,0
43615.390410,2292.7687,8,8,69.7094,2.164894,-1.030708,2.54528e+07,61.35,58174.10,14558.80,1,0
43630.599981,2291.9694,1,1,8.69919,2.163230,0.671619,3.48827e+07,46.88,66681.10,23050.60,1,0
43631.819683,2291.9053,5,5,43.4903,2.163100,-0.024342,8.16408e+07,44.06,65909.40,22277.70,1,0
43640.809564,2291.4332,1,1,8.68988,2.162159,-1.616197,5.03833e+06,90.65,71021.10,27380.30,1,0
43650.069554,2290.9471,9,9,78.1355,2.161221,0.547906,1.62607e+08,66.00,60166.20,16516.10,1,0
43656.300132,2290.6201,5,5,43.382,2.160607,-6.045044,233722,1285.43,67965.50,24309.20,0,2
43669.130799,2289.9471,5,5,43.3292,2.159389,-2.916720,4.12171e+06,730.01,64817.50,21148.40,0,2
43684.700800,2289.1309,5,5,43.2688,2.157994,-0.411749,5.10455e+07,58.66,64979.60,21294.90,1,0
43684.700800,2289.1309,5,5,43.2688,2.157994,-1.200188,2.38097e+07,61.56,65295.90,21611.20,1,0
43690.319186,2288.8366,9,9,77.8464,2.157513,0.727531,1.00677e+09,82.34,80360.80,36670.60,1,0
43700.249275,2288.3165,3,3,25.9276,2.156694,-0.201726,1.38299e+08,63.22,80897.90,37197.60,1,0
43702.329735,2288.2075,2,2,17.2822,2.156528,0.118133,1.21339e+09,86.81,108559.40,64857.20,1,0
43707.521168,2287.9357,1,1,8.63755,2.156119,-6.644620,24053.5,2830.53,67240.40,23532.90,0,2
43714.959907,2287.5464,8,8,69.0613,2.155553,1.142603,4.91584e+08,63.46,67965.50,24250.60,1,0
43718.780587,2287.3465,7,7,60.4116,2.155270,0.793241,8.33808e+08,54.13,80360.80,36642.10,1,0
43720.920858,2287.2345,7,7,60.4022,2.155115,0.606184,1.75964e+08,58.12,63593.40,19872.40,1,0
43728.531036,2286.8365,6,6,51.7454,2.154576,-1.032549,4.60269e+07,53.04,69138.30,25409.70,1,0
43737.120878,2286.3874,1,1,8.61924,2.153997,-1.320104,1.87279e+07,87.53,83607.30,39870.20,1,0
43743.519062,2286.0529,6,6,51.6942,2.153586,-0.319522,8.13426e+07,48.96,67395.30,23651.90,1,0
43751.380690,2285.6422,1,1,8.61154,2.153103,0.341647,6.70524e+07,66.31,78889.10,35137.80,1,0
43757.549808,2285.3199,10,10,86.0844,2.152743,1.824270,7.86176e+08,109.77,62678.70,18921.20,0,2
43767.839107,2284.7827,7,7,60.225,2.152178,-0.401646,9.78576e+07,69.82,68801.70,25033.90,1,0
43816.480132,2282.2463,9,9,77.2737,2.150129,0.234221,2.02278e+08,52.60,66867.10,23050.60,1,0
43821.129626,2282.0042,7,7,60.0933,2.149988,0.193559,1.02034e+08,69.32,62062.60,18241.50,1,0
43828.429607,2281.6241,1,1,8.58303,2.149788,-0.176856,1.3771e+07,422.75,65909.40,22080.90,1,0
43834.619099,2281.3019,6,6,51.4904,2.149636,-0.469141,7.12496e+07,363.60,67679.20,23844.60,1,0
43854.301017,2280.2780,2,2,17.1573,2.149274,0.231040,4.14551e+07,43.04,65935.20,22080.90,1,0
43860.789646,2279.9407,7,7,60.0456,2.149194,-2.362153,1.31911e+07,2103.87,68331.70,24470.90,0,2
43862.401001,2279.8570,7,7,60.0446,2.149178,0.437689,2.0092e+08,52.15,67395.30,23532.90,1,0
43870.430134,2279.4397,6,6,51.4635,2.149113,-1.021640,4.31897e+07,91.01,68331.70,24461.20,1,0
43874.280219,2279.2397,7,7,60.0395,2.149093,1.108238,1.47473e+09,66.43,83607.30,39733.00,1,0
43878.690122,2279.0106,6,6,51.4617,2.149079,0.348225,4.31178e+08,69.14,79742.40,35863.70,1,0
43885.890869,2278.6367,1,1,8.57693,2.149076,0.646025,1.06346e+08,82.50,80897.90,37011.90,1,0
43892.429051,2278.2972,5,5,42.8855,2.149095,-0.433942,4.39805e+07,59.64,63593.40,19700.90,1,0
43892.429051,2278.2972,5,5,42.8855,2.149095,-1.030311,3.1841e+07,47.00,66943.00,23050.60,1,0
43896.160881,2278.1036,5,5,42.8863,2.149115,0.528791,1.1683e+08,67.51,63768.70,19872.40,1,0
43903.581162,2277.7185,8,8,68.6223,2.149176,0.355734,2.2894e+08,52.99,68374.50,24470.90,1,0
43905.419387,2277.6232,4,4,34.3118,2.149196,-0.868880,1.11212e+08,68.65,83025.90,39120.40,1,0
43919.959964,2276.8691,4,4,34.3191,2.149408,-0.275456,4.34317e+07,66.51,64235.60,20315.70,1,0
43943.391061,2275.6551,1,1,8.58464,2.149974,-0.010107,4.52176e+07,52.92,78463.60,34520.30,1,0
43956.550437,2274.9738,5,5,42.9422,2.150416,0.819742,2.1016e+08,56.78,67398.80,23442.30,1,0
43965.170664,2274.5277,9,9,77.3221,2.150755,2.000901,5.18131e+09,60.01,84992.00,41026.90,0,2
43970.410668,2274.2567,6,6,51.5596,2.150979,-0.021147,4.11676e+08,74.00,83703.40,39733.00,1,0
43977.430852,2273.8936,9,9,77.3645,2.151303,1.873335,4.10659e+09,59.60,83703.40,39726.00,0,2
43978.630722,2273.8316,1,1,8.59655,2.151361,0.395207,1.71421e+07,796.92,61605.70,17627.00,1,0
43988.059294,2273.3442,9,9,77.4063,2.151844,1.429703,9.81005e+08,61.11,71592.30,27604.30,1,0
43999.261114,2272.7654,9,9,77.4555,2.152479,-0.054280,1.02229e+08,59.12,62062.60,18063.40,1,0
43999.261114,2272.7654,9,9,77.4555,2.152479,0.735022,2.28391e+08,71.94,62240.80,18241.50,1,0
44000.930130,2272.6792,6,6,51.6422,2.152579,-0.819600,4.12798e+07,57.17,65295.90,21294.90,1,0
44022.459091,2271.5678,8,8,68.9549,2.154011,0.369931,2.34964e+08,64.89,68492.40,24470.90,1,0
44026.119905,2271.3789,9,9,77.5951,2.154279,1.193356,5.72533e+08,54.50,67870.80,23844.60,1,0
44027.280591,2271.3190,8,8,68.9794,2.154366,0.223073,1.89887e+08,40.41,67679.20,23651.90,1,0
44030.190260,2271.1689,9,9,77.6189,2.154587,1.416786,3.81806e+08,57.44,60166.20,16136.00,1,0
44073.240425,2268.9505,1,1,8.65737,2.158411,-1.589356,4.171e+06,672.33,68544.20,24470.90,1,0
44083.850556,2268.4044,5,5,43.3347,2.159516,-0.062806,1.22635e+08,58.47,71536.40,27452.40,1,0
44104.429525,2267.3460,8,8,69.4974,2.161847,0.999695,4.67718e+08,45.30,69138.30,25033.90,1,0
44110.519658,2267.0329,1,1,8.69358,2.162585,-0.743725,1.44639e+07,51.94,73378.40,29267.90,1,0
44114.251108,2266.8412,5,5,43.488,2.163048,0.165987,2.68784e+08,66.66,78312.90,34198.60,1,0
44116.009418,2266.7508,5,5,43.4976,2.163269,-0.244988,5.46001e+07,70.35,63816.90,19700.90,1,0
44132.110381,2265.9238,6,6,52.3074,2.165378,0.155937,1.8705e+08,71.83,71736.50,27604.30,1,0
44146.359328,2265.1925,6,6,52.4119,2.167375,-0.554739,6.6105e+07,50.95,67679.20,23532.90,1,0
44166.540308,2264.1574,2,2,17.5239,2.170416,-0.594766,1.839e+07,46.65,65922.40,21755.80,1,0
44177.529778,2263.5942,8,8,70.219,2.172178,0.252232,1.27249e+08,77.66,62240.80,18063.40,1,0
44204.170269,2262.2300,6,6,52.9063,2.176763,-4.052515,7.90116e+06,178.07,84409.90,40205.70,0,2
44212.069711,2261.8258,9,9,79.4743,2.178209,0.705437,4.85703e+08,106.85,71592.30,27380.30,1,0
44218.850817,2261.4789,1,1,8.84173,2.179482,-0.406965,1.31098e+07,105.00,67870.80,23651.90,1,0
44242.080132,2260.2916,2,2,17.7647,2.184068,-0.047176,2.58362e+07,84.32,63232.10,18990.10,1,0
44245.549211,2260.1143,1,1,8.88872,2.184783,1.115635,1.74837e+08,66.01,80897.90,36652.30,1,0
44247.070734,2260.0366,2,2,17.7831,2.185099,-1.043633,1.85724e+07,78.87,71385.60,27138.50,1,0
44282.170658,2258.2452,4,4,35.8416,2.192815,0.587240,5.95102e+08,73.59,85306.10,41024.00,1,0
44284.449681,2258.1290,8,8,71.7212,2.193345,0.620795,2.09316e+08,118.30,63593.40,19308.90,1,0
44286.170963,2258.0412,5,5,44.8438,2.193747,-1.169020,3.80307e+07,49.56,70381.50,26095.20,1,0
44298.320174,2257.4219,1,1,8.99476,2.196642,0.917002,4.26325e+07,51.32,65909.40,21611.20,1,0
44300.320609,2257.3200,5,5,44.9956,2.197128,0.078953,2.9525e+08,64.62,80164.00,35863.70,1,0
44301.440383,2257.2629,5,5,45.008,2.197401,0.370010,1.35473e+08,43.01,67049.20,22747.70,1,0
44317.170287,2256.4618,8,8,72.2963,2.201332,0.326457,1.4436e+08,75.65,62558.70,18241.50,1,0
44318.170675,2256.4108,8,8,72.3148,2.201587,-0.581431,2.62123e+08,78.12,80988.80,36670.60,1,0
44324.029657,2256.1126,2,2,18.106,2.203099,-1.257205,9.77216e+06,498.45,65935.20,21611.20,1,0
44330.809746,2255.7675,6,6,54.4148,2.204877,-0.223023,1.04366e+08,75.55,68801.70,24470.90,1,0
44331.419614,2255.7365,7,7,63.4942,2.205039,0.305547,6.59624e+08,64.30,83025.90,38694.50,1,0
44342.110842,2255.1926,1,1,9.0967,2.207912,0.963228,1.35291e+08,42.66,79366.70,35024.50,1,0
44344.670182,2255.0624,1,1,9.10307,2.208612,1.178713,6.32136e+07,52.75,67395.30,23050.60,1,0
44346.659490,2254.9613,8,8,72.8644,2.209159,0.966274,1.24072e+09,75.13,80988.80,36642.10,1,0
44356.100279,2254.4813,1,1,9.13207,2.211792,-0.233403,2.20129e+07,92.79,71736.50,27380.30,1,0
44363.109620,2254.1251,2,2,18.3006,2.213788,-0.165006,2.56061e+07,96.58,64235.60,19872.40,1,0
44368.819499,2253.8350,5,5,45.8272,2.215440,-0.040694,2.40061e+08,69.22,78889.10,34520.30,1,0
44371.040544,2253.7222,5,5,45.8569,2.216088,-0.637362,1.37849e+08,45.01,79395.60,35024.50,1,0
44374.270491,2253.5582,7,7,64.2607,2.217038,0.538480,3.41727e+08,56.49,71978.50,27604.30,1,0
44384.379637,2253.0449,8,8,73.6629,2.220057,0.423781,1.37069e+08,59.10,60520.30,16136.00,1,0
44387.199196,2252.9018,6,6,55.2944,2.220913,-0.641383,5.51092e+07,54.94,65922.40,21535.20,1,0
44400.109502,2252.2467,9,9,83.2731,2.224901,0.807048,3.53526e+08,46.30,65935.20,21535.20,1,0
44402.159657,2252.1427,8,8,74.0683,2.225546,1.688449,1.09122e+09,39.38,70381.50,25979.30,1,0
44428.539856,2250.8055,9,9,84.0435,2.234110,0.753614,3.95861e+08,100.06,67870.80,23442.30,1,0
44435.729384,2250.4413,7,7,65.5257,2.236532,-2.099350,1.10786e+07,94.99,62062.60,17627.00,0,2
44437.149795,2250.3694,8,8,74.9227,2.237015,0.859854,2.56847e+08,67.57,62678.70,18241.50,1,0
44447.520123,2249.8443,8,8,75.1908,2.240587,-0.202100,1.10329e+08,74.64,65295.90,20848.40,1,0
44450.069959,2249.7152,8,8,75.2578,2.241478,-0.282200,9.28284e+07,53.84,64150.90,19700.90,1,0
44453.789068,2249.5270,2,2,18.8391,2.242785,-1.453489,1.32198e+07,72.42,71592.30,27138.50,1,0
44456.809954,2249.3742,8,8,75.4369,2.243855,-0.045955,1.14659e+08,93.57,63816.90,19360.10,1,0
44475.990675,2248.4041,1,1,9.49537,2.250804,-0.791273,3.28335e+07,69.65,83025.90,38549.90,1,0
44487.131073,2247.8411,1,1,9.53499,2.254968,2.590671,2.92379e+08,75.08,68331.70,23844.60,0,2
44492.639807,2247.5628,7,7,66.8848,2.257061,-0.335756,1.00528e+08,109.06,67240.40,22747.70,1,0
44495.270535,2247.4299,2,2,19.1292,2.258069,-1.407465,6.7182e+06,127.74,62558.70,18063.40,1,0
44507.949973,2246.7896,8,8,76.8951,2.263001,-0.161580,1.03994e+08,90.42,63816.90,19308.90,1,0
44514.529803,2246.4575,7,7,67.4589,2.265608,-0.128954,9.73603e+07,86.56,64215.50,19700.90,1,0
44517.220947,2246.3217,1,1,9.64736,2.266685,-0.158860,1.99324e+07,62.56,68978.50,24461.20,1,0
44525.849785,2245.8864,5,5,48.4054,2.270173,-0.536719,6.85746e+07,47.66,68987.10,24461.20,1,0
44528.529213,2245.7512,3,3,29.075,2.271267,-0.294554,3.60896e+07,113.23,64401.00,19872.40,1,0
44529.910894,2245.6816,6,6,58.183,2.271834,0.095609,1.47547e+08,82.00,68374.50,23844.60,1,0
44534.690966,2245.4405,1,1,9.71631,2.273806,-0.264417,1.22611e+07,216.65,64235.60,19700.90,1,0
44540.469650,2245.1492,7,7,68.1781,2.276214,0.508228,9.66648e+08,65.15,84410.60,39870.20,1,0
44541.420151,2245.1013,7,7,68.2053,2.276612,0.094787,1.29662e+08,65.55,64857.20,20315.70,1,0
44559.680884,2244.1812,1,1,9.81985,2.284406,-0.805746,3.74628e+07,686.18,84431.00,39870.20,1,0
44580.129917,2243.1518,9,9,89.1811,2.293445,-0.226336,1.63148e+08,63.58,68331.70,23751.60,1,0
44580.129917,2243.1518,9,9,89.1811,2.293445,-2.019469,2.7154e+07,135.39,68331.70,23751.60,0,2
44586.190654,2242.8469,10,10,99.3623,2.296188,1.505343,6.96588e+08,76.93,63576.30,18990.10,1,0
44589.410930,2242.6849,6,6,59.705,2.297657,0.286189,1.61772e+08,58.15,66867.10,22277.70,1,0
44590.329879,2242.6387,8,8,79.6402,2.298077,1.557241,8.60244e+08,40.04,68238.10,23647.80,1,0
44600.159164,2242.1445,3,3,30.0011,2.302620,0.763016,1.28948e+08,342.36,66681.10,22080.90,1,0
44604.550666,2241.9237,3,3,30.0628,2.304675,-0.738988,8.3542e+07,68.99,79742.40,35137.80,1,0
44613.809735,2241.4584,6,6,60.3896,2.309058,0.745920,1.77541e+08,47.84,62240.80,17627.00,1,0
44640.660212,2240.1102,10,10,101.977,2.322162,0.335178,1.67749e+08,116.69,60166.20,15525.50,1,0
44643.010637,2239.9923,2,2,20.4194,2.323337,-0.383415,3.48726e+07,47.89,69431.00,24788.00,1,0
44647.799578,2239.7520,10,10,102.343,2.325745,0.642485,4.51573e+08,105.33,68492.40,23844.60,1,0
44657.709908,2239.2550,6,6,61.7163,2.330788,0.891145,5.20172e+08,45.68,73378.40,28720.70,1,0
44669.360370,2238.6710,8,8,82.7863,2.336820,0.072444,2.14824e+08,101.86,68978.50,24309.20,1,0
44677.549205,2238.2606,1,1,10.393,2.341128,0.360446,1.2672e+08,56.17,84410.60,39733.00,1,0
44683.659236,2237.9546,10,10,104.268,2.344378,1.289184,7.11602e+08,94.44,65922.40,21238.80,1,0
44699.579677,2237.1575,7,7,73.6191,2.352994,-1.255449,4.88349e+07,312.63,68544.20,23844.60,1,0
44728.371002,2235.7175,6,6,64.1278,2.369119,1.289397,4.38913e+08,177.58,65967.20,21238.80,1,0
44740.841010,2235.0943,6,6,64.5914,2.376321,-1.714124,2.6945e+07,85.95,68492.40,23751.60,1,0
44752.160036,2234.5290,2,2,21.6742,2.382974,-0.147400,1.24228e+08,55.17,81404.50,36652.30,1,0
44764.120473,2233.9320,6,6,65.4891,2.390125,-0.295347,3.23652e+08,80.63,81404.50,36640.40,1,0
44778.599555,2233.2096,6,6,66.0694,2.398946,-0.298518,7.71432e+07,60.42,63768.70,18990.10,1,0
44790.830986,2232.5998,7,7,77.6686,2.406541,0.089247,1.3784e+08,64.70,64150.90,19360.10,1,0
44798.920637,2232.1966,7,7,78.0653,2.411636,-4.213721,2.63598e+06,428.58,68331.70,23532.90,0,2
44822.120067,2231.0413,10,10,113.199,2.426566,2.916716,2.08344e+09,74.87,58174.10,13352.10,0,2
44840.839232,2230.1099,1,1,11.4611,2.438962,-3.105418,662854,1286.51,61357.00,16516.10,0,2
44841.980495,2230.0532,6,6,68.8195,2.439728,-0.471063,6.96636e+07,77.27,64150.90,19308.90,1,0
44855.400281,2229.3860,7,7,81.0228,2.448821,0.118677,1.48656e+08,70.27,64215.50,19360.10,1,0
44856.329438,2229.3398,6,6,69.4923,2.449456,0.449777,3.3499e+08,44.96,71994.80,27138.50,1,0
44862.140809,2229.0510,6,6,69.7703,2.453449,-1.389527,3.53876e+07,118.04,66943.00,22080.90,1,0
44871.160854,2228.6029,1,1,11.7014,2.459706,-0.772475,1.14148e+07,118.04,67398.80,22527.70,1,0
44877.850256,2228.2707,7,7,82.2946,2.464395,-0.493746,1.16286e+08,518.17,68525.60,23647.80,1,0
44885.449418,2227.8935,3,3,35.4592,2.469770,-0.383044,8.47164e+07,81.23,73606.20,28720.70,1,0
44894.230937,2227.4577,7,7,83.2591,2.476047,-1.627075,1.95398e+07,153.47,60419.70,15525.50,1,0
44898.269398,2227.2573,6,6,71.5729,2.478958,0.211004,2.24862e+08,43.62,69686.30,24788.00,1,0
44905.809825,2226.8833,7,7,83.9601,2.484432,0.704419,1.34549e+09,58.03,83607.30,38701.60,1,0
44906.490964,2226.8496,3,3,36.0008,2.484929,-1.811098,9.57858e+06,332.62,64215.50,19308.90,1,0
44906.490964,2226.8496,3,3,36.0008,2.484929,-3.064567,6.94807e+06,118.16,75640.00,30733.50,0,2
44909.660362,2226.6924,8,8,96.225,2.487247,-0.212048,1.48326e+08,266.09,66148.40,21238.80,1,0
44914.869426,2226.4342,6,6,72.4457,2.491078,-0.599883,8.78744e+07,67.64,67965.50,23050.60,1,0
44917.710459,2226.2933,1,1,12.0997,2.493177,-1.550128,2.04991e+07,735.34,83703.40,38785.80,1,0
44926.750969,2225.8454,7,7,85.2697,2.499909,-0.433735,9.00498e+07,87.52,64235.60,19308.90,1,0
44931.680282,2225.6012,7,7,85.5859,2.503611,-0.326406,8.7744e+07,99.42,62558.70,17627.00,1,0
44932.309491,2225.5700,6,6,73.3942,2.504085,-0.916385,6.7048e+07,141.40,68374.50,23442.30,1,0
44945.170846,2224.9331,7,7,86.4674,2.513858,-1.004319,5.40987e+07,40.02,64817.50,19872.40,1,0
44957.059600,2224.3448,5,5,62.3315,2.523029,-0.343905,1.04462e+08,206.25,68801.70,23844.60,1,0
44960.090101,2224.1948,6,6,74.9744,2.525388,0.187043,2.2492e+08,41.51,69431.00,24470.90,1,0
44965.529984,2223.9258,10,10,125.49,2.529644,2.339016,1.55189e+09,77.26,60419.70,15454.20,0,2
44968.179867,2223.7947,5,5,62.876,2.531727,-1.280888,3.57754e+07,65.96,67049.20,22080.90,1,0
44980.259467,2223.1975,8,8,101.57,2.541307,1.163022,5.76742e+08,70.42,65295.90,20315.70,1,0
44984.669858,2222.9795,4,4,50.9647,2.544839,-1.805290,1.43473e+07,118.76,64857.20,19872.40,1,0
45001.860004,2222.1304,7,7,90.4405,2.558782,0.707225,1.46173e+09,69.55,83703.40,38701.60,1,0
45009.499572,2221.7532,1,1,13.0016,2.565069,0.708102,3.95208e+07,68.70,63221.30,18211.80,1,0
45050.060001,2219.7529,1,1,13.4554,2.599384,0.841947,7.36649e+07,54.96,68801.70,23751.60,1,0
45061.020846,2219.2129,1,1,13.5845,2.608930,-0.005885,2.51522e+07,65.02,65909.40,20848.40,1,0
45083.330961,2218.1147,9,9,124.704,2.628721,1.126212,8.86324e+08,47.75,68525.60,23442.30,1,0
45089.491085,2217.8117,10,10,139.332,2.634272,1.344752,7.00386e+08,59.94,61605.70,16516.10,1,0
45089.491085,2217.8117,10,10,139.332,2.634272,-6.726990,491831,560.89,71536.40,26447.00,0,2
45101.960841,2217.1985,8,8,112.738,2.645622,-0.564841,1.47858e+08,128.43,68544.20,23442.30,1,0
45117.599144,2216.4300,1,1,14.2973,2.660073,-0.235227,2.37305e+07,90.80,67395.30,22277.70,1,0
45127.610985,2215.9383,10,10,144.321,2.669452,1.312366,7.39087e+08,117.90,62240.80,17113.20,1,0
45142.469843,2215.2089,2,2,29.2741,2.683555,0.849310,1.63578e+08,70.94,68987.10,23844.60,1,0
45143.919304,2215.1378,10,10,146.574,2.684943,1.263783,7.40779e+08,81.80,62678.70,17534.80,1,0
45145.320573,2215.0690,2,2,29.3541,2.686286,0.181092,1.03997e+08,66.75,71592.30,26447.00,1,0
45149.709267,2214.8537,2,2,29.4783,2.690507,0.603186,1.26827e+08,58.46,68801.70,23651.90,1,0
45151.439879,2214.7688,2,2,29.5275,2.692176,-0.500429,3.8445e+07,104.30,67679.20,22527.70,1,0
45159.310311,2214.3828,1,1,14.8769,2.699807,-1.274048,8.62016e+06,287.36,67240.40,22080.90,1,0
45168.779657,2213.9186,1,1,15.0153,2.709070,-3.465567,1.70218e+06,282.78,74105.20,28936.50,0,2
45168.779657,2213.9186,1,1,15.0153,2.709070,0.111738,2.50736e+07,1103.42,63232.10,18063.40,1,0
45201.799930,2212.3013,6,6,93.1156,2.742082,-0.290734,9.1818e+07,161.38,61718.00,16516.10,1,0
45207.520490,2212.0213,1,1,15.61,2.747914,0.500940,2.32888e+08,69.35,85306.10,40098.70,1,0
45235.520826,2210.6521,1,1,16.0698,2.776942,-3.087638,1.74809e+06,1452.07,68987.10,23751.60,0,2
45256.490392,2209.6278,6,6,98.5901,2.799211,0.329823,5.68211e+08,43.09,75762.20,30505.70,1,0
45262.310146,2209.3437,3,3,49.6046,2.805472,-1.272813,2.74316e+07,58.59,66681.10,21418.80,1,0
45266.060180,2209.1607,1,1,16.602,2.809525,0.778800,3.18333e+08,65.36,84992.00,39726.00,1,0
45293.419440,2207.8262,5,5,85.5394,2.839539,-1.747679,3.02979e+07,224.32,67049.20,21755.80,1,0
45294.259690,2207.7853,9,9,154.115,2.840473,0.434819,3.8414e+08,116.79,64215.50,18921.20,1,0
45306.269190,2207.2001,8,8,138.844,2.853906,1.181751,5.2471e+08,125.36,60166.20,14860.00,1,0
45311.460131,2206.9472,10,10,174.573,2.859760,1.134093,5.33885e+08,117.45,58158.10,12846.70,1,0
45314.419617,2206.8031,6,6,105.095,2.863110,0.181951,2.63587e+08,44.75,67395.30,22080.90,1,0
45317.769232,2206.6399,2,2,35.1653,2.866912,0.064416,7.84332e+07,93.01,67398.80,22080.90,1,0
45317.769232,2206.6399,2,2,35.1653,2.866912,-1.421046,1.69834e+07,669.84,66852.90,21535.20,1,0
45327.500893,2206.1662,10,10,177.792,2.878027,2.000302,1.29415e+09,68.23,58174.10,12846.70,0,2
45331.880434,2205.9531,2,2,35.7378,2.883062,-0.867415,3.02368e+07,59.46,66943.00,21611.20,1,0
45350.550589,2205.0449,8,8,146.086,2.904755,0.794371,7.4069e+08,267.03,68525.60,23175.10,1,0
45351.789499,2204.9847,8,8,146.298,2.906207,0.287860,2.98854e+08,91.89,63593.40,18241.50,1,0
45364.520978,2204.3658,5,5,92.8205,2.921230,0.028426,1.46038e+08,75.56,63576.30,18211.80,1,0
45386.310602,2203.3075,3,3,57.1659,2.947345,-1.873202,7.35101e+07,60.40,84410.60,39024.30,1,0
45386.310602,2203.3075,3,3,57.1659,2.947345,-0.403906,7.51692e+07,78.38,66681.10,21294.90,1,0
45405.729990,2202.3652,7,7,136.587,2.971050,0.466393,1.82482e+09,85.88,84431.00,39024.30,1,0
45448.269980,2200.3038,5,5,102.909,3.024412,-0.894713,8.39852e+07,75.15,66867.10,21418.80,1,0
45486.419843,2198.4584,3,3,64.8818,3.073955,0.305043,2.11376e+08,60.42,69138.30,23651.90,1,0
45497.160404,2197.9394,10,10,219.374,3.088194,0.819223,9.82131e+08,60.92,66735.90,21238.80,1,0
45497.160404,2197.9394,10,10,219.374,3.088194,0.599486,1.17185e+09,58.82,71592.30,26095.20,1,0
45507.060174,2197.4612,7,7,155.608,3.101432,-1.043157,4.22373e+08,80.75,83426.60,37919.60,1,0
45514.080717,2197.1223,2,2,44.8818,3.110886,0.818310,2.05874e+08,47.72,67049.20,21535.20,1,0
45530.020525,2196.3531,9,9,206.392,3.132555,0.730100,6.53542e+08,62.90,63593.40,18063.40,1,0
45556.289505,2195.0866,7,7,166.467,3.168889,0.444966,4.39442e+08,57.79,64865.10,19308.90,1,0
45556.930165,2195.0557,6,6,142.814,3.169785,-1.203092,6.63336e+07,131.67,63768.70,18211.80,1,0
45558.070496,2195.0008,1,1,23.8404,3.171381,1.036074,1.33672e+08,41.35,66852.90,21294.90,1,0
45559.690367,2194.9227,10,10,238.945,3.173650,1.614676,1.41342e+09,68.29,60419.70,14860.00,1,0
45565.549502,2194.6405,8,8,192.737,3.181883,0.610220,5.0202e+08,67.86,62678.70,17113.20,1,0
45575.410675,2194.1656,8,8,195.443,3.195827,0.523656,5.1219e+08,62.76,63816.90,18241.50,1,0
45601.419735,2192.9142,6,6,152.154,3.233135,-0.398978,2.97418e+08,74.30,71536.40,25935.00,1,0
45626.890199,2191.6900,1,1,26.3224,3.270419,0.130315,6.74471e+07,198.24,68374.50,22747.70,1,0
45629.220618,2191.5781,1,1,26.4133,3.273868,-0.601588,2.96742e+07,71.79,67240.40,21611.20,1,0
45641.240422,2191.0009,8,8,215.12,3.291754,0.371883,9.23118e+08,68.41,71736.50,26095.20,1,0
45696.080890,2188.3715,5,5,146.192,3.375483,0.258760,4.52647e+08,47.47,69138.30,23442.30,1,0
45705.230843,2187.9334,6,6,177.959,3.389795,-0.327203,2.62614e+08,62.31,67240.40,21535.20,1,0
45705.230843,2187.9334,6,6,177.959,3.389795,-4.337107,3.58744e+06,537.50,63768.70,18063.40,0,2
45754.300840,2185.5869,4,4,128.319,3.468223,-2.572144,1.97278e+07,185.47,67049.20,21294.90,0,2
45831.611060,2181.9002,9,9,328.593,3.597594,0.174510,4.94098e+08,95.26,61357.00,15525.50,1,0
45832.830800,2181.8421,1,1,36.587,3.599692,-0.513247,4.27063e+07,54.99,66681.10,20848.40,1,0
45909.480690,2178.1993,6,6,251.376,3.735191,-0.480803,2.46134e+08,88.77,64150.90,18241.50,1,0
45927.219975,2177.3580,3,3,129.825,3.767573,-0.177953,4.43733e+08,47.46,75762.20,29835.10,1,0
45966.410026,2175.5016,1,1,94.9721,4.553583,0.217961,1.7849e+08,67.57,63593.40,17627.00,1,0
46043.610606,2171.8540,4,4,233.204,4.065620,-0.626317,3.72879e+08,74.30,71978.50,25935.00,1,0
46054.069914,2171.3608,3,3,166.06,4.013736,-0.515122,2.28922e+08,61.03,68801.70,22747.70,1,0
46087.650863,2169.7786,1,1,47.867,3.868426,0.153418,8.80321e+07,50.06,64150.90,18063.40,1,0
46206.250316,2164.2094,3,3,108.467,3.587834,0.426941,1.43311e+09,68.91,84992.00,38785.80,1,0
46221.549403,2163.4930,8,8,285.534,3.574918,1.020325,1.43974e+09,67.24,65922.40,19700.90,1,0
46225.880884,2163.2903,2,2,71.1841,3.572122,-3.266740,9.23569e+06,597.28,73606.20,27380.30,0,2
46377.030643,2156.2398,5,5,197.629,3.676952,0.909383,1.9646e+09,43.21,75640.00,29263.10,1,0
46390.590101,2155.6096,3,3,121.621,3.702295,0.044034,2.99252e+08,47.86,69138.30,22747.70,1,0
46447.509734,2152.9680,4,4,184.187,3.829655,-0.700998,1.68351e+08,64.88,66148.40,19700.90,1,0
46497.060256,2150.6736,4,4,210.409,3.962757,-0.494599,1.59723e+08,48.82,61357.00,14860.00,1,0
46535.889575,2148.8791,1,1,58.9887,4.077346,-0.117160,1.31887e+08,51.08,69978.10,23442.30,1,0
46537.209806,2148.8181,10,10,592.261,4.081362,-4.679549,1.07088e+07,1026.00,66852.90,20315.70,0,2
46558.400613,2147.8401,1,1,63.2218,4.146649,-0.492154,1.10776e+08,82.67,71592.30,25033.90,1,0
46562.349968,2147.6579,5,5,320.027,4.158968,-0.212896,4.66705e+08,58.70,65922.40,19360.10,1,0
46600.281037,2145.9098,1,1,72.1613,4.278904,-0.531532,2.20305e+08,65.26,78889.10,32288.90,1,0
46651.689870,2143.5451,9,9,764.998,4.442648,1.078980,4.17992e+09,86.70,66301.30,19649.70,1,0
46658.220109,2143.2451,1,1,86.7694,4.463254,0.443077,2.44231e+08,59.68,65967.20,19308.90,1,0
46672.090866,2142.6081,7,7,634.365,4.506714,-0.072517,7.53552e+08,65.53,61718.00,15045.80,1,0
46680.680127,2142.2139,9,9,837.647,4.533372,0.798489,2.91442e+09,83.31,64215.50,17534.80,1,0
46700.910954,2141.2859,1,1,99.0075,4.595196,-1.104847,7.57158e+07,76.95,68978.50,22277.70,1,0
46703.689315,2141.1585,1,1,99.8395,4.603564,-1.313412,4.06691e+07,281.72,63816.90,17113.20,1,0
46715.339844,2140.6245,3,3,310.102,4.638289,-0.594659,2.27848e+08,61.91,62240.80,15525.50,1,0
46786.649913,2137.3618,7,7,879.959,4.833965,-0.146843,1.01024e+09,86.05,62240.80,15454.20,1,0
46788.400191,2137.2819,7,7,883.798,4.838319,0.064119,2.09575e+09,40.79,68544.20,21755.80,1,0
46798.279701,2136.8307,6,6,776.018,4.862417,0.009331,9.68781e+08,49.89,61357.00,14558.80,1,0
46802.989716,2136.6156,2,2,261.585,4.873611,0.892852,1.59662e+09,39.36,69978.10,23175.10,1,0
46919.309989,2131.3186,1,1,160.094,5.075763,0.427603,4.39156e+08,41.32,65909.40,18990.10,1,0
46919.309989,2131.3186,1,1,160.094,5.075763,-5.537916,2.49301e+06,585.04,75640.00,28720.70,0,2
46924.770203,2131.0706,3,3,482.856,5.081106,0.324341,1.3315e+09,38.84,67240.40,20315.70,1,0
47033.220663,2126.1568,4,4,648.921,5.089016,0.081019,9.55207e+08,62.41,62558.70,15525.50,1,0
47046.879898,2125.5395,4,4,640.011,5.075191,-0.248480,6.26742e+08,94.17,61605.70,14558.80,1,0
47102.290140,2123.0390,4,4,582.003,4.980182,0.433541,1.39321e+09,55.10,64215.50,17113.20,1,0
47104.489630,2122.9399,2,2,289.514,4.975057,0.088570,4.28743e+08,95.20,62558.70,15454.20,1,0
47232.440444,2117.1889,1,1,87.9881,4.477202,1.361281,5.80127e+08,67.91,65295.90,18063.40,1,0
47348.289572,2112.0087,1,1,38.0751,3.639561,-1.694938,1.35995e+07,333.60,67049.20,19700.90,1,0
47379.900423,2110.5996,6,6,169.048,3.338420,2.045792,2.39149e+09,56.44,66301.30,18921.20,0,2
47540.830094,2103.4551,3,3,10.5734,1.259726,0.015641,2.96434e+07,72.34,71385.60,23844.60,1,0
47578.766007,2101.7779,100,100,186.946,0.625652,-1.059126,1.73541e+08,48.91,71021.10,23442.30,1,0
47620.225476,2099.9481,5,5,4.36776,-0.135188,0.998225,3.73476e+07,51.86,73029.90,25409.70,1,0
47624.560493,2099.7569,50,50,40.1685,-0.218939,-0.137730,1.51153e+08,51.75,76892.40,29267.90,1,0
47632.611006,2099.4020,200,200,137.236,-0.376613,0.059510,2.15487e+08,67.51,63768.70,16136.00,1,0
47643.934144,2098.9031,20,20,10.942,-0.603126,-1.954928,3.36911e+06,429.98,68492.40,20848.40,0,2
47652.565057,2098.5229,100,100,45.8619,-0.779536,-0.409102,7.13849e+07,56.55,69408.50,21755.80,1,0
47658.195647,2098.2750,5,5,2.04021,-0.896384,0.623794,1.30868e+07,139.66,74105.20,26447.00,1,0
47668.847752,2097.8061,100,100,46.386,-0.768173,-1.306662,2.1029e+07,230.10,65295.90,17627.00,1,0
47673.508489,2097.6010,1000,1000,464.562,-0.766660,0.248601,6.7547e+08,40.74,60520.30,12846.70,1,0
47675.508599,2097.5130,500,500,232.432,-0.766011,0.742591,6.52842e+08,47.04,62535.60,14860.00,1,0
47680.713955,2097.2840,20,20,9.31298,-0.764324,0.230808,2.06696e+07,85.73,65922.40,18241.50,1,0
47681.848901,2097.2341,100,100,46.582,-0.763956,-1.142255,1.9393e+07,80.19,62240.80,14558.80,1,0
47683.532255,2097.1601,40,40,18.643,-0.763411,0.851035,9.87228e+07,62.20,68978.50,21294.90,1,0
47685.468301,2097.0749,5,5,2.33183,-0.762784,-1.019517,2.43289e+06,368.37,71994.80,24309.20,1,0
47689.675046,2096.8899,5,5,2.33501,-0.761424,0.519802,1.48639e+07,152.27,75294.00,27604.30,1,0
47690.993238,2096.8320,200,200,93.44,-0.760998,-0.369314,1.21045e+08,63.41,66681.10,18990.10,1,0
47692.015597,2096.7870,6,6,2.80413,-0.760667,1.835320,3.97554e+07,210.99,68987.10,21294.90,1,0
47698.634419,2096.4961,400,400,187.342,-0.758531,-2.141476,2.94592e+07,188.76,62558.70,14860.00,0,2
47733.769365,2094.9529,20,20,9.47338,-0.747246,1.096461,7.79574e+07,61.58,71385.60,23651.90,1,0
47740.081072,2094.6760,400,400,189.85,-0.745229,-1.293760,1.00448e+08,133.21,67049.20,19308.90,1,0
47751.959347,2094.1549,4000,4000,1905.71,-0.741442,-0.611045,1.66942e+09,40.55,64865.10,17113.20,1,0
47805.122211,2091.8261,30,30,14.5352,-0.724626,0.503683,4.99412e+07,60.40,67965.50,20160.40,1,0
47806.678565,2091.7580,20,20,9.69485,-0.724137,1.311046,7.29542e+07,54.36,67679.20,19872.40,1,0
47814.608906,2091.4110,4000,4000,1943.8,-0.721648,-0.773649,1.68377e+09,42.22,66735.90,18921.20,1,0
47818.566633,2091.2379,100,100,48.6554,-0.720408,-0.970625,2.48527e+07,51.76,62678.70,14860.00,1,0
47843.388162,2090.1530,20,20,9.80678,-0.712658,0.038002,2.32565e+07,68.08,69138.30,21294.90,1,0
47852.748784,2089.7441,1,1,0.491768,-0.709748,2.336351,1.39479e+07,71.98,71385.60,23532.90,0,2
47858.959844,2089.4729,10,10,4.92717,-0.707820,1.105906,2.6138e+07,50.83,65922.40,18063.40,1,0
47862.783985,2089.3060,5,5,2.46651,-0.706635,0.709654,9.4976e+06,895.28,66852.90,18990.10,1,0
47873.278641,2088.8480,2,2,0.989811,-0.703388,-1.039514,816426,410.70,69408.50,21535.20,1,0
47875.088741,2088.7690,10,10,4.95183,-0.702829,0.341231,3.9083e+07,66.69,80164.00,32288.90,1,0
47884.786106,2088.3460,400,400,198.666,-0.699838,-0.223944,2.46089e+08,52.79,64401.00,16516.10,1,0
47891.759117,2088.0419,5,5,2.48867,-0.697691,0.974606,1.85951e+07,80.12,71736.50,23844.60,1,0
47906.785650,2087.3870,4,4,2.00014,-0.693078,-0.636988,1.88965e+06,652.38,66148.40,18241.50,1,0
47922.282484,2086.7120,10,10,5.0241,-0.688339,-0.720695,5.17552e+06,49.05,68238.10,20315.70,1,0
47955.973958,2085.2459,30,30,15.2274,-0.678099,0.629718,1.22587e+08,66.71,76892.40,28936.50,1,0
47968.552854,2084.6991,3,3,1.52854,-0.674299,0.555837,7.35872e+06,84.22,71501.00,23532.90,1,0
47968.552854,2084.6991,3,3,1.52854,-0.674299,1.819623,3.03526e+07,65.16,73378.40,25409.70,1,0
47976.724246,2084.3441,60,60,30.6462,-0.671836,1.266900,1.44497e+08,44.53,62535.60,14558.80,1,0
47996.069766,2083.5039,1,1,0.513746,-0.666026,0.793485,3.55158e+06,915.78,73029.90,25033.90,1,0
47998.188214,2083.4120,1,1,0.514072,-0.665392,-6.595258,1441.86,6045.56,67870.80,19872.40,0,2
48004.844221,2083.1231,400,400,206.039,-0.663400,-2.484517,2.07101e+07,946.02,61357.00,13352.10,0,2
48012.062616,2082.8099,3,3,1.54863,-0.661244,-0.077757,3.33838e+06,85.52,69431.00,21418.80,1,0
48035.629347,2081.7881,2,2,1.03968,-0.654234,-0.189762,3.32437e+06,736.26,75640.00,27604.30,1,0
48070.449416,2080.2801,30,30,15.7564,-0.643952,0.141769,4.31262e+07,57.49,69681.60,21611.20,1,0
48088.554611,2079.4969,100,100,52.8009,-0.638642,-0.691157,7.42781e+07,89.58,71736.50,23647.80,1,0
48089.844826,2079.4411,300,300,158.463,-0.638264,-0.880795,1.29428e+08,53.56,67398.80,19308.90,1,0
48099.586124,2079.0200,1,1,0.529714,-0.635418,-3.014804,39550.2,1032.93,64235.60,16136.00,0,2
48108.264724,2078.6449,20,20,10.6211,-0.632889,0.164403,4.80092e+07,59.36,75560.70,27452.40,1,0
48111.874921,2078.4889,20,20,10.6323,-0.631838,-0.305483,4.09808e+07,189.16,79366.70,31254.70,1,0
48133.760080,2077.5439,60,60,32.0999,-0.625491,0.580403,1.64106e+08,54.76,71978.50,23844.60,1,0
48135.934055,2077.4501,40,40,21.4134,-0.624862,0.532433,8.47536e+07,57.87,69431.00,21294.90,1,0
48138.556641,2077.3369,3,3,1.60722,-0.624104,1.965194,2.57058e+07,55.55,68987.10,20848.40,0,2
48150.048367,2076.8411,200,200,107.504,-0.620790,-0.379167,2.03927e+08,70.28,71592.30,23442.30,1,0
48157.839992,2076.5051,3,3,1.61618,-0.618548,0.806472,1.40989e+07,37.17,75762.20,27604.30,1,0
48161.248943,2076.3581,100,100,53.9254,-0.617568,-0.389669,6.2843e+08,55.17,93967.40,45806.00,1,0
48169.767422,2075.9909,300,300,162.172,-0.615125,-0.649951,1.73117e+08,51.66,67870.80,19700.90,1,0
48175.426503,2075.7471,500,500,270.725,-0.613505,-0.387886,2.56954e+08,59.55,63221.30,15045.80,1,0
48222.077386,2073.7389,20,20,10.9736,-0.600238,1.481664,1.17134e+08,39.52,69978.10,21755.80,1,0
48228.517356,2073.4620,200,200,109.936,-0.598419,-0.117675,2.10867e+08,41.42,68544.20,20315.70,1,0
48241.918706,2072.8860,10,10,5.51759,-0.594644,-5.613704,62603.2,3597.22,73029.90,24788.00,0,2
48250.112471,2072.5340,400,400,221.212,-0.592342,-1.007201,1.56658e+08,44.89,67240.40,18990.10,1,0
48262.760065,2071.9909,80,80,44.3995,-0.588799,0.652269,2.01667e+08,60.49,69681.60,21418.80,1,0
48273.426958,2071.5331,5,5,2.78324,-0.585820,-0.420315,4.82363e+06,67.83,71021.10,22747.70,1,0
48291.263947,2070.7679,50,50,27.9709,-0.580858,0.805737,9.17244e+07,78.94,63816.90,15525.50,1,0
48294.035357,2070.6491,200,200,111.97,-0.580089,-1.108626,1.03315e+08,80.42,71736.50,23442.30,1,0
48301.292286,2070.3380,50,50,28.0488,-0.578078,-2.038881,5.80318e+06,1508.24,64817.50,16516.10,0,2
48308.198651,2070.0420,400,400,224.819,-0.576168,-0.583614,2.18351e+08,44.21,65935.20,17627.00,1,0
48326.501495,2069.2580,50,50,28.2445,-0.571123,-0.043056,7.71001e+07,53.77,71978.50,23651.90,1,0
48342.830242,2068.5591,30,30,17.0228,-0.566642,0.490667,7.93188e+07,39.14,71994.80,23651.90,1,0
48362.632845,2067.7121,200,200,114.101,-0.561235,0.138699,1.9175e+08,116.14,63816.90,15454.20,1,0
48405.172168,2065.8949,300,300,173.134,-0.549715,-1.073827,1.15795e+08,51.07,67395.30,18990.10,1,0
48421.999681,2065.1770,5,5,2.89865,-0.545194,1.773439,6.5061e+07,78.86,75560.70,27138.50,0,2
48432.339767,2064.7361,1000,1000,581.336,-0.542426,-0.374004,6.96307e+08,104.27,65967.20,17534.80,1,0
48442.783446,2064.2910,2,2,1.16592,-0.539639,0.485114,4.57322e+06,233.43,69978.10,21535.20,1,0
48445.482364,2064.1760,10,10,5.83378,-0.538920,-2.718909,1.09369e+06,286.15,71978.50,23532.90,0,2
48450.409971,2063.9660,5,5,2.92072,-0.537608,0.482801,1.29405e+07,92.57,71501.00,23050.60,1,0
48459.191987,2063.5920,1,1,0.585508,-0.535275,3.748235,5.24493e+07,84.55,68331.70,19872.40,0,2
48461.870381,2063.4779,3,3,1.75777,-0.534564,0.772514,1.08304e+07,89.83,71994.80,23532.90,1,0
48469.314030,2063.1610,4,4,2.34832,-0.532593,1.914712,2.9382e+07,335.70,66681.10,18211.80,0,2
48476.154661,2062.8699,200,200,117.629,-0.530784,-0.891280,1.84416e+08,101.49,75614.80,27138.50,1,0
48485.861471,2062.4569,200,200,117.93,-0.528223,-1.154215,8.14976e+07,143.06,68801.70,20315.70,1,0
48485.861471,2062.4569,200,200,117.93,-0.528223,-2.951552,1.68851e+07,110.57,71536.40,23050.60,0,2
48510.225283,2061.4211,80,80,47.4749,-0.521826,-0.630152,3.0164e+07,465.06,61357.00,12846.70,1,0
48528.706321,2060.6360,10,10,5.96306,-0.517002,-7.678224,9592.96,1031.23,74463.70,25935.00,0,2
48530.285406,2060.5690,30,30,17.8965,-0.516591,-2.762805,1.61464e+06,243.46,63576.30,15045.80,0,2
48561.488008,2059.2450,4000,4000,2405.58,-0.508505,-1.698515,8.92643e+08,43.65,67870.80,19308.90,1,0
48575.215204,2058.6630,30,30,18.1057,-0.504969,0.359482,8.40086e+07,66.59,73609.10,25033.90,1,0
48582.106553,2058.3710,10,10,6.04593,-0.503199,-0.304649,3.48607e+07,55.69,84410.60,35828.50,1,0
48601.397710,2057.5540,100,100,60.7585,-0.498263,-0.843006,2.04746e+08,45.08,84431.00,35828.50,1,0
48613.494812,2057.0420,10,10,6.09461,-0.495181,3.469866,3.4474e+08,1007.02,66148.40,17534.80,0,2
48619.899842,2056.7710,5,5,3.05227,-0.493553,1.527166,2.99564e+07,102.98,68492.40,19872.40,1,0
48625.240555,2056.5451,30,30,18.3384,-0.492198,0.836853,6.33139e+07,175.92,64150.90,15525.50,1,0
48628.455533,2056.4091,30,30,18.3534,-0.491383,0.655128,1.69907e+08,71.57,78463.60,29835.10,1,0
48630.420305,2056.3260,100,100,61.2084,-0.490886,-0.470557,1.942e+08,42.78,79136.20,30505.70,1,0
48671.348188,2054.5969,50,50,30.9211,-0.480584,-0.494395,4.18066e+07,76.90,68987.10,20315.70,1,0
48673.428408,2054.5091,1000,1000,618.744,-0.480063,-1.102074,2.84832e+08,57.14,63232.10,14558.80,1,0
48681.509453,2054.1680,200,200,123.999,-0.478044,0.352218,2.78104e+08,43.42,64817.50,16136.00,1,0
48689.878348,2053.8149,10,10,6.2129,-0.475958,-4.541894,99353.7,806.60,64215.50,15525.50,0,2
48696.610284,2053.5310,1000,1000,622.331,-0.474283,0.066249,9.92779e+08,38.60,64150.90,15454.20,1,0
48710.320052,2052.9530,2000,2000,1248.9,-0.470883,-0.324169,1.13674e+09,39.91,62062.60,13352.10,1,0
48710.320052,2052.9530,2000,2000,1248.9,-0.470883,-1.631064,3.67374e+08,45.22,64235.60,15525.50,1,0
48722.636526,2052.4341,2,2,1.25271,-0.467839,2.264758,1.74462e+07,80.08,63768.70,15045.80,0,2
48731.091592,2052.0780,10,10,6.2766,-0.465756,0.530509,1.99912e+07,268.55,66943.00,18211.80,1,0
48733.226940,2051.9881,100,100,62.799,-0.465231,0.605326,1.63989e+08,36.67,63593.40,14860.00,1,0
48739.213263,2051.7360,200,200,125.783,-0.463760,0.862494,7.15189e+08,52.04,69978.10,21238.80,1,0
48758.818799,2050.9110,10,10,6.31941,-0.458960,2.640852,1.07368e+08,43.63,61605.70,12846.70,0,4
48761.175034,2050.8119,400,400,252.922,-0.458384,-0.569854,2.14425e+08,78.19,64215.50,15454.20,1,0
48766.522646,2050.5871,200,200,126.626,-0.457081,-0.605367,1.22821e+08,89.77,66301.30,17534.80,1,0
48779.629516,2050.0361,20,20,12.703,-0.453893,-0.056649,1.9643e+07,78.14,65295.90,16516.10,1,0
48789.434544,2049.6241,20,20,12.7332,-0.451517,1.094412,7.06708e+07,67.99,66852.90,18063.40,1,0
48807.509936,2048.8650,400,400,255.778,-0.447153,-2.492898,3.99036e+07,856.55,67049.20,18241.50,0,2
48809.106253,2048.7980,100,100,63.9692,-0.446769,0.568838,1.94474e+08,47.62,65922.40,17113.20,1,0
48817.994618,2048.4250,10,10,6.4106,-0.444632,-2.466497,1.20172e+06,414.69,68978.50,20160.40,0,2
48824.596840,2048.1480,100,100,64.2076,-0.443049,-0.090360,1.24831e+08,42.72,68525.60,19700.90,1,0
48833.181073,2047.7880,20,20,12.8679,-0.440995,1.202090,1.00103e+08,65.75,69681.60,20848.40,1,0
48843.175257,2047.3689,80,80,51.5946,-0.438609,-0.453193,6.98648e+07,113.35,68544.20,19700.90,1,0
48847.014246,2047.2080,2,2,1.29105,-0.437695,0.944393,1.22679e+07,51.99,75294.00,26447.00,1,0
48853.815319,2046.9230,70,70,45.2597,-0.436078,0.540862,1.34166e+08,287.32,65967.20,17113.20,1,0
48857.847342,2046.7541,10,10,6.47187,-0.435120,1.628865,8.8612e+07,64.52,71385.60,22527.70,0,2
48859.328458,2046.6921,20,20,12.9483,-0.434769,0.486358,1.02693e+08,38.06,78694.60,29835.10,1,0
48877.909294,2045.9140,10,10,6.50266,-0.430373,0.892774,3.29711e+07,43.74,68238.10,19360.10,1,0
48888.636905,2045.4651,200,200,130.382,-0.427846,-0.392603,1.12037e+08,80.13,62240.80,13352.10,1,0
48907.266874,2044.6859,10,10,6.54767,-0.423476,0.049257,2.17134e+07,51.46,73378.40,24470.90,1,0
48929.112266,2043.7730,500,500,329.055,-0.418382,-0.986667,2.66441e+08,82.92,68801.70,19872.40,1,0
48945.160675,2043.1029,50,50,33.0282,-0.414661,-0.360309,4.80286e+07,59.07,68305.10,19360.10,1,0
48956.826395,2042.6161,400,400,264.939,-0.411967,-2.488508,3.17912e+07,427.07,63816.90,14860.00,0,2
49034.487185,2039.3810,200,200,134.835,-0.394267,-1.360830,4.89889e+07,203.90,63593.40,14558.80,1,0
49105.904015,2036.4150,20,20,13.6998,-0.378349,-2.329559,2.92777e+06,259.42,68978.50,19872.40,0,2
49114.439740,2036.0611,100,100,68.628,-0.376469,-2.136508,1.77989e+07,594.42,68987.10,19872.40,0,2
49142.608412,2034.8940,100,100,69.0527,-0.370300,-0.587935,9.43594e+07,55.64,70381.50,21238.80,1,0
49157.199820,2034.2900,1,1,0.692722,-0.367126,5.399323,2.95493e+08,60.24,67398.80,18241.50,0,2
49159.712307,2034.1860,7,7,4.8517,-0.366581,0.254606,1.01625e+07,89.96,65295.90,16136.00,1,0
49165.416105,2033.9500,2000,2000,1387.91,-0.365345,-1.476245,6.70187e+08,73.69,68525.60,19360.10,1,0
49176.827453,2033.4781,40,40,27.8269,-0.362878,0.319767,7.28854e+07,86.24,67240.40,18063.40,1,0
49183.384591,2033.2070,200,200,139.331,-0.361465,-2.671302,1.24854e+07,564.82,62535.60,13352.10,0,2
49183.384591,2033.2070,200,200,139.331,-0.361465,-0.634173,1.42353e+08,51.92,67395.30,18211.80,1,0
49185.272212,2033.1289,50,50,34.8469,-0.361058,-0.757588,4.98408e+07,114.35,73029.90,23844.60,1,0
49188.027035,2033.0151,100,100,69.7352,-0.360466,-0.517388,7.32272e+07,55.79,66301.30,17113.20,1,0
49200.977468,2032.4799,200,200,139.858,-0.357686,0.545942,4.40552e+08,40.36,66735.90,17534.80,1,0
49206.473392,2032.2529,400,400,280.046,-0.356510,-0.558216,2.07922e+08,72.22,62558.70,13352.10,1,0
49209.766928,2032.1169,1000,1000,700.608,-0.355806,-0.451434,6.38822e+08,49.94,63768.70,14558.80,1,0
49215.869944,2031.8649,400,400,280.608,-0.354504,0.165107,4.12326e+08,47.79,62062.60,12846.70,1,0
49223.305160,2031.5580,1,1,0.702633,-0.352921,-0.903625,765948,149.72,71501.00,22277.70,1,0
49225.801144,2031.4550,400,400,281.202,-0.352390,0.031149,5.34175e+08,42.82,66852.90,17627.00,1,0
49230.622490,2031.2561,10,10,7.03726,-0.351366,0.686332,3.91059e+07,78.48,71978.50,22747.70,1,0
49257.904752,2030.1310,100,100,70.7795,-0.345601,-0.190516,8.40254e+07,45.67,63816.90,14558.80,1,0
49265.597861,2029.8140,7,7,4.96258,-0.343984,0.811167,2.47618e+07,51.24,69138.30,19872.40,1,0
49272.246163,2029.5401,20,20,14.1986,-0.342590,-6.705409,134015,901.99,84409.90,35137.80,0,2
49287.162047,2028.9259,5,5,3.56073,-0.339473,0.810733,1.34677e+08,53.82,93967.40,44680.00,1,0
49290.706355,2028.7800,100,100,71.2672,-0.338734,0.522505,1.77257e+08,59.45,64150.90,14860.00,1,0
49304.584423,2028.2090,40,40,28.5892,-0.335850,0.705635,1.54084e+08,63.71,71385.60,22080.90,1,0
49326.324270,2027.3151,3,3,2.15385,-0.331357,0.294871,3.7807e+06,59.27,62678.70,13352.10,1,0
49331.508237,2027.1020,300,300,215.614,-0.330291,0.726666,6.96198e+08,58.06,64857.20,15525.50,1,0
49335.259169,2026.9479,10,10,7.19269,-0.329520,-1.223038,4.06681e+06,370.96,67398.80,18063.40,1,0
49341.437576,2026.6941,10,10,7.20181,-0.328252,-2.393951,1.36237e+06,158.62,68331.70,18990.10,0,2
49375.498766,2025.2960,30,30,21.756,-0.321309,1.357677,1.25389e+08,99.99,64235.60,14860.00,1,0
49383.835730,2024.9541,100,100,72.6425,-0.319621,0.933809,3.81906e+08,115.95,68305.10,18921.20,1,0
49393.129534,2024.5731,20,20,14.5558,-0.317744,1.861354,1.59086e+08,42.86,65909.40,16516.10,1,0
49393.934355,2024.5401,400,400,291.163,-0.317582,-1.263510,1.03653e+08,61.52,62240.80,12846.70,1,0
49410.823895,2023.8481,10,10,7.30382,-0.314187,1.919525,7.76677e+07,62.83,64865.10,15454.20,0,2
49422.009057,2023.3900,10,10,7.32019,-0.311949,-0.523298,8.08394e+06,183.39,67049.20,17627.00,1,0
49431.414294,2023.0050,200,200,146.679,-0.310073,-0.163735,6.00218e+08,42.00,78694.60,29263.10,1,0
49437.258214,2022.7659,70,70,51.3973,-0.308910,-0.019713,1.11342e+08,85.83,69138.30,19700.90,1,0
49455.322449,2022.0271,1,1,0.73688,-0.305331,1.440541,8.35866e+06,43.34,71536.40,22080.90,1,0
49467.137710,2021.5441,50,50,36.9299,-0.303000,-0.372050,7.09686e+07,59.55,71994.80,22527.70,1,0
49485.891582,2020.7780,10,10,7.41322,-0.299320,1.535368,8.85927e+07,59.04,71021.10,21535.20,1,0
49544.563799,2018.3849,10,10,7.49798,-0.287952,-4.072849,478538,1810.50,75640.00,26095.20,0,2
49560.277787,2017.7449,30,30,22.5617,-0.284944,-3.273510,4.34981e+06,396.84,79395.60,29835.10,0,2
49587.505968,2016.6370,2,2,1.51192,-0.279770,-1.331176,1.20866e+06,442.54,73029.90,23442.30,1,0
49591.786063,2016.4630,1,1,0.75657,-0.278961,-0.294168,826495,623.50,64150.90,14558.80,1,0
49613.237703,2015.5911,100,100,75.963,-0.274923,-2.226936,1.54498e+07,1055.27,67240.40,17627.00,0,2
49615.776839,2015.4879,200,200,151.998,-0.274447,-0.515506,1.77401e+08,44.34,67679.20,18063.40,1,0
49621.215504,2015.2670,20,20,15.2153,-0.273429,-0.138000,6.46592e+07,96.90,78889.10,29267.90,1,0
49622.520251,2015.2140,100,100,76.0952,-0.273185,0.123498,1.55774e+08,61.62,66735.90,17113.20,1,0
49629.120340,2014.9461,100,100,76.189,-0.271952,0.339792,2.1239e+08,46.48,67870.80,18241.50,1,0
49676.727041,2013.0151,100,100,76.8632,-0.263143,-0.257435,8.75636e+07,49.75,64235.60,14558.80,1,0
49679.667497,2012.8959,30,30,23.0714,-0.262604,-0.968215,3.26811e+07,73.70,75614.80,25935.00,1,0
49711.842682,2011.5931,100,100,77.3572,-0.256736,-0.519878,5.90723e+07,64.00,62558.70,12846.70,1,0
49716.911218,2011.3880,3,3,2.32285,-0.255818,1.137771,2.01014e+07,42.80,71994.80,22277.70,1,0
49726.306040,2011.0080,1,1,0.775599,-0.254120,1.417328,9.936e+06,75.62,73378.40,23651.90,1,0
49742.851181,2010.3391,80,80,62.2329,-0.251142,-0.006154,2.90726e+08,55.89,78463.60,28720.70,1,0
49753.595589,2009.9050,80,80,62.3528,-0.249218,-0.583694,6.93908e+07,91.64,67965.50,18211.80,1,0
49764.437710,2009.4671,5,5,3.9046,-0.247284,0.991036,3.32552e+07,61.45,73609.10,23844.60,1,0
49771.621584,2009.1771,40,40,31.2767,-0.246006,-1.674071,9.04452e+06,295.03,64817.50,15045.80,1,0
49771.621584,2009.1771,40,40,31.2767,-0.246006,-0.685618,3.00025e+07,81.87,67398.80,17627.00,1,0
49773.359504,2009.1069,40,40,31.2864,-0.245697,0.659364,1.02001e+08,98.77,65909.40,16136.00,1,0
49799.162306,2008.0659,10,10,7.85734,-0.241137,0.440857,2.06214e+07,48.29,65935.20,16136.00,1,0
49807.295830,2007.7380,20,20,15.7371,-0.239708,0.890670,7.58324e+07,45.27,67870.80,18063.40,1,0
49836.411282,2006.5650,30,30,23.726,-0.234627,-0.301396,4.70001e+07,68.29,71592.30,21755.80,1,0
49854.996932,2005.8170,30,30,23.8024,-0.231410,-0.730846,6.27512e+07,58.99,80360.80,30505.70,1,0
49889.840704,2004.4161,10,10,7.98167,-0.225437,0.750184,4.48708e+07,86.46,71501.00,21611.20,1,0
49925.088143,2003.0010,10,10,8.02944,-0.219470,0.083466,2.32247e+07,69.45,71536.40,21611.20,1,0
49961.328175,2001.5481,10,10,8.07822,-0.213414,0.187591,3.06869e+07,46.40,73609.10,23647.80,1,0
49973.789408,2001.0490,5,5,4.04745,-0.211350,-0.106574,1.73464e+07,62.08,78694.60,28720.70,1,0
49980.407229,2000.7840,2,2,1.62075,-0.210258,0.751803,9.28637e+06,61.32,71736.50,21755.80,1,0
49985.327584,2000.5871,200,200,162.206,-0.209447,0.165753,4.37492e+08,53.31,69686.30,19700.90,1,0
49988.449572,2000.4621,20,20,16.229,-0.208934,0.392805,5.18426e+07,66.09,68978.50,18990.10,1,0
49997.100158,2000.1160,400,400,325.041,-0.207514,-0.610482,2.7193e+08,59.13,64857.20,14860.00,1,0
49997.100158,2000.1160,400,400,325.041,-0.207514,-4.606255,7.00647e+06,48.55,68987.10,18990.10,0,4
50002.447171,1999.9021,30,30,24.3994,-0.206639,-1.076214,2.80599e+07,67.56,74463.70,24461.20,1,0
50005.124023,1999.7951,100,100,81.3669,-0.206201,-0.176571,1.05105e+08,39.93,64865.10,14860.00,1,0
50048.444128,1998.0641,400,400,327.761,-0.199181,-0.193005,6.02918e+08,41.45,69408.50,19360.10,1,0
50052.251332,1997.9121,20,20,16.3981,-0.198570,0.042244,3.31386e+07,52.94,67679.20,17627.00,1,0
50082.262473,1996.7149,30,30,24.7152,-0.193779,-0.145649,5.65076e+07,55.00,71501.00,21418.80,1,0
50099.621731,1996.0231,5,5,4.13053,-0.191033,-2.350466,877586,541.52,69408.50,19308.90,0,2
50119.887554,1995.2160,100,100,82.8739,-0.187849,-3.358760,5.88116e+06,375.89,68331.70,18211.80,0,2
50133.049967,1994.6921,400,400,332.178,-0.185795,0.327705,9.43692e+08,47.39,68374.50,18241.50,1,0
50149.773943,1994.0269,20,20,16.652,-0.183199,-0.190293,8.15946e+07,46.18,81404.50,31254.70,1,0
50164.993098,1993.4220,300,300,250.368,-0.180852,-0.929029,1.76176e+08,52.44,66681.10,16516.10,1,0
50166.904979,1993.3460,100,100,83.4804,-0.180558,0.031944,2.70298e+08,66.21,73609.10,23442.30,1,0
50201.229748,1991.9831,10,10,8.3919,-0.175318,0.185439,2.71712e+07,59.46,71736.50,21535.20,1,0
50204.934368,1991.8361,6,6,5.03797,-0.174756,0.894952,4.55065e+07,49.35,75614.80,25409.70,1,0
50213.181248,1991.5090,30,30,25.2213,-0.173509,-4.542818,901824,456.06,74463.70,24250.60,0,2
50260.197218,1989.6460,50,50,42.3321,-0.166477,0.698861,3.0583e+08,59.28,75294.00,25033.90,1,0
50268.461182,1989.3189,300,300,254.303,-0.165255,-1.831767,8.28472e+07,461.42,68331.70,18063.40,1,0
50282.333191,1988.7701,6,6,5.09647,-0.163211,-0.932523,5.98601e+06,227.87,73029.90,22747.70,1,0
50283.926506,1988.7071,2,2,1.69922,-0.162977,-0.455608,2.22623e+06,600.04,68525.60,18241.50,1,0
50298.294392,1988.1390,300,300,255.42,-0.160874,-1.078411,1.33029e+08,56.29,64857.20,14558.80,1,0
50311.152355,1987.6309,40,40,34.1198,-0.159002,-0.633575,3.69358e+07,55.38,68374.50,18063.40,1,0
50352.594400,1985.9950,5,5,4.2905,-0.153035,1.697395,6.1622e+07,53.54,71501.00,21148.40,0,2
50352.594400,1985.9950,5,5,4.2905,-0.153035,-2.889741,888394,458.99,75762.20,25409.70,0,2
50377.247009,1985.0231,1,1,0.861111,-0.149532,3.706390,7.94781e+07,47.49,69686.30,19308.90,0,4
50385.499489,1984.6980,20,20,17.2423,-0.148367,0.634844,4.35504e+07,78.46,63232.10,12846.70,1,0
50396.876885,1984.2499,50,50,43.1747,-0.146768,-0.168497,6.08132e+07,79.47,65922.40,15525.50,1,0
50420.733655,1983.3111,10,10,8.66374,-0.143439,1.154159,4.23909e+07,74.06,64979.60,14558.80,1,0
50426.967232,1983.0659,2,2,1.73425,-0.142574,3.397289,9.38418e+07,112.87,66943.00,16516.10,0,2
50429.125034,1982.9811,300,300,260.215,-0.142276,-0.698547,2.659e+08,49.12,68492.40,18063.40,1,0
50434.110910,1982.7850,2,2,1.73596,-0.141587,0.974372,1.43477e+07,105.32,73609.10,23175.10,1,0
50441.567564,1982.4919,5,5,4.34436,-0.140558,1.729187,4.09308e+07,59.22,65967.20,15525.50,0,2
50443.194272,1982.4280,1,1,0.869067,-0.140335,1.375357,9.38784e+06,167.58,71978.50,21535.20,1,0
50464.781809,1981.5800,100,100,87.1641,-0.137378,-0.512647,7.31863e+07,45.75,63816.90,13352.10,1,0
50468.115983,1981.4490,2,2,1.74407,-0.136924,1.307465,1.0733e+07,48.86,65922.40,15454.20,1,0
50480.828081,1980.9501,10,10,8.73543,-0.135198,-4.331563,236735,1920.60,68544.20,18063.40,0,2
50482.948443,1980.8669,2,2,1.74759,-0.134911,0.428400,1.52657e+07,245.01,80988.80,30505.70,1,0
50500.180304,1980.1909,100,100,87.5826,-0.132588,-0.878960,3.96188e+08,71.64,88948.60,38448.40,1,0
50512.907575,1979.6920,20,20,17.5464,-0.130883,0.964777,7.68634e+07,38.27,65967.20,15454.20,1,0
50545.205504,1978.4270,200,200,176.217,-0.126599,0.195922,3.79052e+08,43.84,66681.10,16136.00,1,0
50611.127578,1975.8501,2,2,1.77733,-0.118037,-0.585484,1.98462e+06,226.03,68238.10,17627.00,1,0
50617.995404,1975.5820,200,200,177.889,-0.117159,-0.898243,1.67434e+08,167.87,69978.10,19360.10,1,0
50669.086182,1973.5900,2,2,1.79039,-0.110712,1.916134,2.80849e+07,47.71,69978.10,19308.90,1,0
50674.810434,1973.3670,10,10,8.95836,-0.109998,-1.320831,1.19044e+07,569.48,79395.60,28720.70,1,0
50687.910304,1972.8570,10,10,8.97293,-0.108373,0.381695,3.44455e+07,49.78,71536.40,20848.40,1,0
50694.079333,1972.6169,5,5,4.48988,-0.107611,-4.874245,57913.4,10329.58,66148.40,15454.20,0,2
50704.796880,1972.2000,30,30,26.9749,-0.106292,-3.124448,2.39181e+06,783.25,68331.70,17627.00,0,2
50712.177911,1971.9129,2,2,1.79995,-0.105387,-1.314009,1.60907e+06,118.58,74463.70,23751.60,1,0
50716.884189,1971.7300,15,15,13.5074,-0.104812,-0.265604,1.85097e+07,61.74,66852.90,16136.00,1,0
50728.281767,1971.2870,4,4,3.60698,-0.103424,-0.577267,7.48698e+06,49.24,75762.20,25033.90,1,0
50746.663422,1970.5729,80,80,72.3001,-0.101201,-1.583213,2.03212e+07,71.25,63593.40,12846.70,1,0
50759.078067,1970.0909,1,1,0.9051,-0.099710,0.749945,2.38206e+07,66.88,90629.20,39870.20,1,0
50766.806789,1969.7910,40,40,36.2375,-0.098786,-0.087171,7.0533e+07,69.21,68978.50,18211.80,1,0
50770.438867,1969.6501,20,20,18.1266,-0.098353,0.395884,5.41302e+07,40.93,68305.10,17534.80,1,0
50775.131115,1969.4681,10,10,9.06835,-0.097795,-1.329606,5.09814e+06,311.76,68987.10,18211.80,1,0
50807.151017,1968.2269,40,40,36.4107,-0.094017,-2.540466,5.15845e+06,685.61,66943.00,16136.00,0,2
50823.129471,1967.6081,10,10,9.11965,-0.092153,0.305452,4.39638e+07,72.25,75294.00,24470.90,1,0
50832.818278,1967.2330,1,1,0.91299,-0.091030,0.326894,4.49586e+06,71.22,75294.00,24461.20,1,0
50846.334948,1966.7101,2,2,1.82883,-0.089471,1.374300,1.96041e+07,43.50,71994.80,21148.40,1,0
50851.714417,1966.5020,3,3,2.74494,-0.088854,-3.474287,310561,614.58,75640.00,24788.00,0,2
50859.317860,1966.2080,40,40,36.631,-0.087984,-0.866401,7.08065e+07,49.39,78463.60,27604.30,1,0
50859.317860,1966.2080,40,40,36.631,-0.087984,-9.879263,18052.6,442.47,87511.60,36652.30,0,2
50865.477576,1965.9699,80,80,73.3136,-0.087281,0.689830,2.9771e+08,50.73,68492.40,17627.00,1,0
50917.172828,1963.9739,2,2,1.84353,-0.081467,1.359984,1.4679e+07,420.10,68544.20,17627.00,1,0
50922.042612,1963.7861,100,100,92.2262,-0.080926,-0.642571,6.71268e+07,71.19,63768.70,12846.70,1,0
50923.473481,1963.7309,20,20,18.4482,-0.080768,-4.874261,298638,692.40,68987.10,18063.40,0,2
50949.001478,1962.7470,4,4,3.70001,-0.077959,-0.076561,1.00946e+07,60.82,73029.90,22080.90,1,0
50957.540466,1962.4181,10,10,9.25865,-0.077027,0.960777,9.76736e+07,68.70,76892.40,25935.00,1,0
50970.241294,1961.9291,200,200,185.428,-0.075649,-1.802619,4.24339e+07,142.89,63816.90,12846.70,1,0
51021.421901,1959.9611,30,30,27.9667,-0.070182,-0.680607,3.3551e+07,48.91,70381.50,19360.10,1,0
51023.689003,1959.8740,10,10,9.32446,-0.069944,-0.741023,9.11816e+07,73.78,96830.50,45807.10,1,0
51054.608935,1958.6870,2,2,1.87093,-0.066713,1.039369,1.69746e+07,66.62,74105.20,23050.60,1,0
51062.428520,1958.3871,100,100,93.622,-0.065904,-1.891127,2.32445e+07,74.74,65922.40,14860.00,1,0
51072.497096,1958.0010,1,1,0.937191,-0.064868,1.352712,8.58057e+06,92.21,70381.50,19308.90,1,0
51074.921371,1957.9081,3,3,2.81227,-0.064619,0.073784,6.47485e+06,50.01,69138.30,18063.40,1,0
51089.796675,1957.3380,1,1,0.93885,-0.063099,0.054868,3.58151e+06,114.03,75560.70,24470.90,1,0
51097.601910,1957.0390,3,3,2.81878,-0.062307,1.325911,5.67034e+07,50.34,80360.80,29263.10,1,0
51099.740369,1956.9571,20,20,18.796,-0.062090,-7.206547,50333.8,784.21,75560.70,24461.20,0,2
51107.186968,1956.6720,5,5,4.70253,-0.061338,0.956779,2.01981e+07,1043.64,65967.20,14860.00,1,0
51124.950057,1955.9921,15,15,14.1328,-0.059555,0.627942,5.25696e+07,39.99,68238.10,17113.20,1,0
51143.885129,1955.2680,3,3,2.83188,-0.057673,0.568864,1.81229e+07,89.16,75614.80,24470.90,1,0
51163.066646,1954.5349,10,10,9.45742,-0.055786,0.260080,2.3248e+07,69.56,67679.20,16516.10,1,0
51166.967217,1954.3859,20,20,18.922,-0.055405,0.809673,9.27956e+07,41.38,69408.50,18241.50,1,0
51174.665580,1954.0919,2,2,1.89362,-0.054654,0.555531,6.85343e+06,523.89,68801.70,17627.00,1,0
51219.140855,1952.3951,1,1,0.950867,-0.050381,2.036157,1.59107e+07,56.35,69431.00,18211.80,0,2
51259.336904,1950.8641,1,1,0.954461,-0.046608,1.946621,1.2358e+07,438.94,67395.30,16136.00,0,2
51288.390648,1949.7590,100,100,95.7017,-0.043934,-1.933358,2.31001e+07,148.77,66148.40,14860.00,1,0
51304.259615,1949.1559,60,60,57.5039,-0.042492,-0.739369,3.89045e+07,53.01,64150.90,12846.70,1,0
51325.110973,1948.3640,10,10,9.60196,-0.040617,0.691566,8.73456e+07,45.06,78463.60,27138.50,1,0
51360.117448,1947.0360,10,10,9.63175,-0.037521,1.875005,1.31935e+08,171.60,68987.10,17627.00,0,2
51363.705988,1946.9000,1,1,0.963477,-0.037207,0.964375,4.13388e+06,127.95,65922.40,14558.80,1,0
51376.448818,1946.4171,80,80,77.1637,-0.036098,-0.174796,1.06057e+08,40.20,65935.20,14558.80,1,0
51412.482045,1945.0530,1,1,0.967532,-0.033007,1.797651,1.18012e+07,91.34,68525.60,17113.20,0,2
51444.695950,1943.8350,8,8,7.76124,-0.030300,-2.866159,980826,584.00,69686.30,18241.50,0,2
51449.592769,1943.6500,4,4,3.8822,-0.029893,1.333728,5.16952e+07,55.48,75294.00,23844.60,1,0
51460.233311,1943.2481,30,30,29.1421,-0.029013,0.261336,8.8909e+07,39.98,70381.50,18921.20,1,0
51494.921837,1941.9391,2,2,1.94831,-0.026186,-1.395266,1.40673e+06,113.20,73029.90,21535.20,1,0
51505.082708,1941.5560,100,100,97.495,-0.025369,-0.780407,6.68035e+07,55.83,64857.20,13352.10,1,0
51513.200241,1941.2500,2,2,1.95116,-0.024721,0.498548,4.80582e+06,83.92,64865.10,13352.10,1,0
51523.734791,1940.8531,5,5,4.882,-0.023884,1.793148,5.24364e+07,44.52,67049.20,15525.50,1,0
51622.838707,1937.1271,10,10,9.83845,-0.016287,0.577488,3.87832e+07,52.35,69686.30,18063.40,1,0
51635.315204,1936.6590,40,40,39.3901,-0.015366,-0.174568,5.72621e+07,41.44,66681.10,15045.80,1,0
51640.139742,1936.4781,3,3,2.9553,-0.015012,0.390896,2.30936e+07,101.61,80360.80,28720.70,1,0
51663.888004,1935.5880,30,30,29.6041,-0.013285,-0.121091,6.74388e+07,39.49,71536.40,19872.40,1,0
51671.839637,1935.2901,1,1,0.987367,-0.012714,1.094629,3.4565e+07,71.05,90119.80,38448.40,1,0
51709.916522,1933.8650,10,10,9.9003,-0.010020,0.105618,1.04114e+08,71.58,87511.60,35801.10,1,0
51712.322715,1933.7751,100,100,99.0196,-0.009852,0.515785,4.08509e+08,53.76,71021.10,19308.90,1,0
51719.918741,1933.4911,1,1,0.990719,-0.009324,-0.015667,2.51655e+06,357.68,71592.30,19872.40,1,0
51736.484441,1932.8720,8,8,7.9348,-0.008183,-0.118682,1.5933e+07,150.65,69978.10,18241.50,1,0
51766.825856,1931.7391,5,5,4.96945,-0.006128,-2.200266,1.64178e+06,73.79,73378.40,21611.20,0,2
51804.103561,1930.3490,10,10,9.96341,-0.003666,-0.217498,1.731e+07,129.00,69431.00,17627.00,1,0
51815.618003,1929.9200,20,20,19.9417,-0.002919,-0.327772,2.83595e+07,116.21,68331.70,16516.10,1,0
51821.367853,1929.7059,30,30,29.9236,-0.002548,-1.238975,1.51796e+07,584.67,66867.10,15045.80,1,0
51873.300467,1927.7740,20,20,20.0145,0.000724,-0.569688,2.06856e+07,154.82,67398.80,15525.50,1,0
51875.884927,1927.6780,4,4,4.00354,0.000884,0.952212,1.79557e+07,62.79,66735.90,14860.00,1,0
51891.579243,1927.0949,300,300,300.554,0.001845,-1.721531,1.38195e+08,83.61,71592.30,19700.90,1,0
51897.262735,1926.8839,3,3,3.00658,0.002190,0.156109,6.18372e+06,335.84,66943.00,15045.80,1,0
51943.087881,1925.1840,10,10,10.0493,0.004915,-1.708211,8.84384e+06,73.70,79395.60,27452.40,1,0
51962.873426,1924.4509,30,30,30.1823,0.006060,-1.424021,2.59124e+07,68.23,75614.80,23651.90,1,0
51992.210779,1923.3650,300,300,302.326,0.007722,-1.452796,2.5257e+08,81.78,75640.00,23647.80,1,0
52010.492132,1922.6890,200,200,201.755,0.008738,-1.484562,6.77003e+07,53.54,64857.20,12846.70,1,0
52016.713055,1922.4590,3,3,3.02736,0.009079,-0.693340,6.80262e+06,65.18,78463.60,26447.00,1,0
52018.474656,1922.3939,1,1,1.00922,0.009176,1.599966,7.40557e+06,64.30,64865.10,12846.70,1,0
52024.317002,1922.1780,20,20,20.1908,0.009495,-0.027337,6.18672e+07,56.85,74105.20,22080.90,1,0
52027.866498,1922.0469,10,10,10.0973,0.009688,-3.372268,692931,336.98,68544.20,16516.10,0,2
52027.866498,1922.0469,10,10,10.0973,0.009688,-0.711151,1.75832e+07,64.03,75560.70,23532.90,1,0
52035.555997,1921.7629,50,50,50.5077,0.010103,-0.560526,7.48259e+07,60.08,71736.50,19700.90,1,0
52106.077149,1919.1619,30,30,30.4164,0.013785,-1.420572,1.94213e+07,53.45,71978.50,19872.40,1,0
52122.372823,1918.5619,100,100,101.471,0.014602,-0.051310,2.55045e+08,60.65,71994.80,19872.40,1,0
52171.890393,1916.7410,4,4,4.06861,0.017007,0.638358,5.17635e+07,59.61,83426.60,31254.70,1,0
52189.180928,1916.1059,50,50,50.899,0.017820,-1.192895,2.72489e+07,46.22,67049.20,14860.00,1,0
52228.019800,1914.6811,2,2,2.03957,0.019593,-3.468915,306183,707.95,79366.70,27138.50,0,2
52256.922617,1913.6221,1,1,1.02109,0.020867,0.076721,5.32278e+06,1043.00,79395.60,27138.50,1,0
52283.449965,1912.6511,20,20,20.4449,0.022002,0.571377,9.24026e+07,104.27,71592.30,19308.90,1,0
52349.389017,1910.2420,2,2,2.04998,0.024681,-6.226246,7334.46,9334.98,67395.30,15045.80,0,2
52358.899359,1909.8950,3,3,3.0761,0.025051,-0.489105,6.56468e+06,282.55,75409.60,23050.60,1,0
52370.523864,1909.4711,200,200,205.165,0.025497,-0.474635,3.83432e+08,57.08,73609.10,21238.80,1,0
52376.370427,1909.2579,300,300,307.816,0.025720,-0.543678,4.60752e+08,48.90,71736.50,19360.10,1,0
52412.109422,1907.9560,4,4,4.10965,0.027043,1.228941,5.94593e+07,43.83,77822.00,25409.70,1,0
52462.426987,1906.1261,2,2,2.05845,0.028807,1.578188,2.05004e+07,78.88,68978.50,16516.10,1,0
52464.796395,1906.0400,40,40,41.1723,0.028887,-0.991976,5.40397e+07,96.46,75640.00,23175.10,1,0
52470.881384,1905.8189,20,20,20.5904,0.029092,-1.184608,1.29495e+07,51.12,68987.10,16516.10,1,0
52493.964572,1904.9809,1,1,1.0303,0.029853,1.893508,2.1359e+07,69.41,74105.20,21611.20,0,2
52538.780368,1903.3559,60,60,61.9054,0.031262,-1.939078,1.60619e+07,116.85,67398.80,14860.00,1,0
52546.314529,1903.0830,10,10,10.3199,0.031490,-4.299502,354176,92.46,71536.40,18990.10,0,2
52570.293546,1902.2150,2,2,2.06544,0.032198,0.452719,5.19082e+06,62.39,65922.40,13352.10,1,0
52641.912431,1899.6270,1,1,1.03475,0.034160,2.036748,3.09906e+07,76.52,76892.40,24250.60,0,2
52681.488603,1898.2000,80,80,82.8616,0.035145,-0.764181,6.85299e+07,70.44,67240.40,14558.80,1,0
52686.484968,1898.0200,5,5,5.17947,0.035264,-2.114954,1.94294e+06,120.83,74105.20,21418.80,0,2
52686.484968,1898.0200,5,5,5.17947,0.035264,0.641431,9.13544e+07,88.73,87511.60,34825.50,1,0
52712.531844,1897.0821,1,1,1.03652,0.035869,2.632660,2.77614e+07,51.22,68238.10,15525.50,0,2
52766.384381,1895.1460,1,1,1.03772,0.037023,2.025877,2.69198e+07,73.49,75294.00,22527.70,0,2
52779.585164,1894.6720,2,2,2.07598,0.037286,-0.050481,4.76326e+06,86.64,71021.10,18241.50,1,0
52783.817253,1894.5200,1,1,1.03808,0.037369,2.105920,1.63963e+07,52.59,68238.10,15454.20,0,2
52810.325989,1893.5691,3,3,3.11579,0.037870,1.666437,5.11634e+07,55.12,74105.20,21294.90,0,2
52839.991647,1892.5060,60,60,62.3484,0.038394,-6.277434,210033,1157.74,67398.80,14558.80,0,2
52846.693322,1892.2660,1,1,1.03926,0.038507,2.412747,2.65429e+07,49.19,70381.50,17534.80,0,4
52849.010115,1892.1830,5,5,5.19649,0.038545,0.465268,1.60694e+07,73.16,68374.50,15525.50,1,0
52852.724006,1892.0501,4,4,4.15745,0.038607,1.010135,3.64376e+07,61.23,74463.70,21611.20,1,0
52865.044237,1891.6091,2,2,2.07914,0.038806,0.285859,6.12301e+06,68.78,69978.10,17113.20,1,0
52914.759610,1889.8319,2,2,2.08067,0.039543,1.634551,2.25534e+07,70.16,69431.00,16516.10,1,0
52957.851063,1888.2941,30,30,31.2273,0.040095,0.277398,9.9117e+07,65.94,71021.10,18063.40,1,0
52980.412182,1887.4900,1,1,1.04118,0.040352,1.454887,2.29811e+07,65.56,80360.80,27380.30,1,0
53000.011790,1886.7920,4,4,4.16556,0.040557,0.786303,1.79268e+07,326.44,68525.60,15525.50,1,0
53004.729902,1886.6241,10,10,10.4144,0.040604,-1.803434,4.46356e+06,44.74,71994.80,18990.10,1,0
53010.689875,1886.4120,5,5,5.2075,0.040662,1.538957,4.50853e+07,88.86,67870.80,14860.00,1,0
53018.561647,1886.1319,1,1,1.04158,0.040736,3.469222,6.56454e+07,45.44,68544.20,15525.50,0,4
53041.170749,1885.3279,3,3,3.12535,0.040934,-3.168460,612280,167.90,79136.20,26095.20,0,2
53075.598359,1884.1050,1,1,1.04205,0.041194,0.333650,2.30275e+06,92.42,65922.40,12846.70,1,0
53087.008902,1883.7000,50,50,52.1066,0.041270,-0.364952,1.2627e+08,46.17,75614.80,22527.70,1,0
53088.503069,1883.6470,50,50,52.1071,0.041279,-0.541558,4.80291e+07,38.83,65935.20,12846.70,1,0
53101.558929,1883.1839,50,50,52.1112,0.041357,-0.745336,1.65696e+08,68.20,83607.30,30505.70,1,0
53156.882256,1881.2239,500,500,521.243,0.041608,-0.287439,1.817e+09,39.44,79136.20,25979.30,1,0
53165.500446,1880.9190,10,10,10.4251,0.041636,1.804569,1.36069e+08,60.38,69681.60,16516.10,0,2
53197.541503,1879.7861,4,4,4.17037,0.041710,0.119554,3.16806e+07,108.86,83703.40,30505.70,1,0
53213.139421,1879.2351,20,20,20.8523,0.041731,0.143954,8.16912e+07,59.22,75294.00,22080.90,1,0
53256.812905,1877.6940,10,10,10.4262,0.041734,0.926622,8.10144e+07,58.97,74105.20,20848.40,1,0
53268.554387,1877.2802,5,5,5.21302,0.041722,-3.325140,425531,499.77,70381.50,17113.20,0,2
53285.729070,1876.6751,2,2,2.08515,0.041693,-2.332855,388262,220.89,68331.70,15045.80,0,2
53289.308568,1876.5490,20,20,20.8513,0.041685,-1.396450,1.28264e+07,486.53,71501.00,18211.80,1,0
53311.895229,1875.7540,8,8,8.34003,0.041625,-0.093346,1.4035e+07,75.37,67870.80,14558.80,1,0
53322.299234,1875.3880,10,10,10.4247,0.041590,1.784304,1.52777e+08,57.09,71385.60,18063.40,0,2
53324.549529,1875.3089,20,20,20.8492,0.041582,-0.377982,3.55911e+07,59.21,71536.40,18211.80,1,0
53359.540276,1874.0791,60,60,62.5379,0.041429,-3.393924,8.09368e+06,63.70,76892.40,23532.90,0,2
53377.913474,1873.4340,7,7,7.29536,0.041328,-0.157406,1.18509e+07,46.35,68238.10,14860.00,1,0
53533.705940,1867.9820,5,5,5.20363,0.039918,-3.082883,825450,388.68,75614.80,22080.90,0,2
53545.662782,1867.5649,200,200,208.114,0.039769,-0.795419,2.0032e+08,57.92,69681.60,16136.00,1,0
53571.103066,1866.6780,1,1,1.04022,0.039432,0.838174,9.96168e+06,51.50,77822.00,24250.60,1,0
53612.631137,1865.2321,20,20,20.7918,0.038827,-0.219999,3.3995e+07,59.87,69138.30,15525.50,1,0
53615.306425,1865.1390,40,40,41.5819,0.038785,-4.687993,1.20431e+06,747.76,74463.70,20848.40,0,2
53657.570571,1863.6699,20,20,20.7766,0.038094,-0.494859,1.29877e+08,81.26,88948.60,35291.00,1,0
53665.541110,1863.3931,20,20,20.7737,0.037955,-0.322669,2.91275e+07,92.45,68525.60,14860.00,1,0
53675.597757,1863.0440,100,100,103.85,0.037777,0.093298,4.9661e+08,39.11,78463.60,24788.00,1,0
53721.072798,1861.4669,60,60,62.2566,0.036920,-2.114709,2.09849e+07,60.51,73029.90,19308.90,0,2
53756.012258,1860.2570,10,10,10.3687,0.036206,-3.770852,472110,85.56,68801.70,15045.80,0,2
53758.613056,1860.1670,100,100,103.681,0.036151,-0.397061,1.70138e+08,57.59,71385.60,17627.00,1,0
53758.613056,1860.1670,100,100,103.681,0.036151,-6.159622,735670,491.44,75294.00,21535.20,0,2
53772.719371,1859.6791,40,40,41.4599,0.035848,-2.988229,3.97228e+06,267.66,68331.70,14558.80,0,2
53782.874246,1859.3279,5,5,5.18133,0.035625,0.613696,2.45417e+07,107.39,71994.80,18211.80,1,0
53815.579996,1858.1979,10,10,10.3549,0.034878,0.594831,3.57959e+07,43.98,68374.50,14558.80,1,0
53875.128017,1856.1441,10,10,10.3398,0.033411,-0.163737,2.94126e+07,52.15,75294.00,21418.80,1,0
53882.848154,1855.8781,10,10,10.3377,0.033211,1.935174,1.48361e+08,49.23,69408.50,15525.50,1,0
53904.959297,1855.1169,3,3,3.09949,0.032624,-5.495939,89631.8,962.50,84410.60,30505.70,0,2
53908.236471,1855.0041,30,30,30.9921,0.032536,0.257426,1.17003e+08,56.47,73609.10,19700.90,1,0
53944.591034,1853.7540,1,1,1.03203,0.031526,1.800109,1.89629e+07,56.92,74105.20,20160.40,0,2
53957.044278,1853.3261,4,4,4.12663,0.031168,-2.498822,1.58198e+06,1785.51,79366.70,25409.70,0,2
53998.853883,1851.8912,1,1,1.03037,0.029923,0.257951,4.45818e+06,65.21,75294.00,21294.90,1,0
54051.164607,1850.0989,8,8,8.22939,0.028270,-0.149874,5.35634e+07,169.06,85306.10,31254.70,1,0
54232.583296,1843.9100,20,20,20.4394,0.021733,0.535778,1.05506e+08,87.92,74105.20,19872.40,1,0
54248.882372,1843.3559,10,10,10.2131,0.021085,0.749616,6.26788e+07,62.56,73609.10,19360.10,1,0
54260.829280,1842.9501,10,10,10.2082,0.020603,-1.423625,8.25668e+06,228.89,75409.60,21148.40,1,0
54265.574654,1842.7889,200,200,204.124,0.020411,-3.366876,2.39402e+07,65.78,75560.70,21294.90,0,2
54265.574654,1842.7889,200,200,204.124,0.020411,-4.328126,1.35457e+07,73.79,80360.80,26095.20,0,2
54278.064187,1842.3649,60,60,61.2059,0.019900,-1.002685,4.519e+07,42.97,69138.30,14860.00,1,0
54290.997769,1841.9260,1,1,1.01955,0.019364,-0.655587,5.90172e+06,115.68,90119.80,35828.50,1,0
54303.140520,1841.5141,6,6,6.11421,0.018856,0.621851,3.53731e+07,58.26,74463.70,20160.40,1,0
54319.665524,1840.9539,10,10,10.1832,0.018155,0.864787,8.2488e+07,52.47,75614.80,21294.90,1,0
54393.471773,1838.4559,200,200,203.003,0.014903,-1.914540,5.14689e+07,76.16,67240.40,12846.70,1,0
54401.103392,1838.1980,50,50,50.7331,0.014555,-1.845921,2.73398e+07,819.76,75640.00,21238.80,1,0
54445.322653,1836.7051,3,3,3.03773,0.012499,0.904265,2.48786e+07,55.28,75294.00,20848.40,1,0
54452.265047,1836.4709,7,7,7.0857,0.012169,0.728933,3.15528e+07,138.07,69978.10,15525.50,1,0
54575.292970,1832.3310,15,15,15.0909,0.006040,-0.353322,7.37781e+07,92.45,84410.60,29835.10,1,0
54618.784154,1830.8720,50,50,50.1875,0.003743,-1.573679,4.45327e+07,39.42,78463.60,23844.60,1,0
54623.108028,1830.7270,1,1,1.00352,0.003511,1.008448,6.80046e+06,48.76,71736.50,17113.20,1,0
54635.521752,1830.3111,20,20,20.0569,0.002841,0.453679,6.59796e+07,57.11,69681.60,15045.80,1,0
54698.727841,1828.1961,2,2,1.99869,-0.000657,-11.978482,4746.85,239.70,133393.20,78694.60,0,2
54711.835076,1827.7581,4,4,3.99441,-0.001400,-7.027937,15137.1,227.25,78463.60,23751.60,0,2
54788.068869,1825.2149,2,2,1.98835,-0.005842,2.306674,5.4683e+07,80.96,73029.90,18241.50,0,2
54828.918399,1823.8551,15,15,14.8759,-0.008306,-0.170149,1.38547e+08,79.39,90119.80,35291.00,1,0
54869.266081,1822.5139,20,20,19.7852,-0.010798,0.364960,6.81554e+07,59.69,71385.60,16516.10,1,0
54957.285751,1819.5950,30,30,29.5111,-0.016430,-0.025425,1.55605e+08,41.18,81404.50,26447.00,1,0
54966.434357,1819.2921,15,15,14.7467,-0.017031,-1.881836,6.13194e+06,96.38,73029.90,18063.40,1,0
55046.589632,1816.6430,400,400,391.133,-0.022417,-0.710338,8.32054e+08,40.05,78694.60,23647.80,1,0
55117.825760,1814.2951,40,40,38.9193,-0.027389,-0.902442,3.35002e+07,135.14,69978.10,14860.00,1,0
55262.176959,1809.5559,4,4,3.8509,-0.037989,-0.339563,1.14601e+07,79.31,78312.90,23050.60,1,0
55293.949125,1808.5162,15,15,14.4059,-0.040415,0.628994,1.08431e+08,54.96,77822.00,22527.70,1,0
55421.497361,1804.3540,10,10,9.5076,-0.050493,0.944952,7.96712e+07,67.24,75294.00,19872.40,1,0
55484.904363,1802.2920,20,20,18.9164,-0.055702,-1.630605,6.82726e+06,98.98,68331.70,12846.70,1,0
55488.171006,1802.1859,5,5,4.72782,-0.055974,0.870605,5.02649e+07,53.68,79136.20,23647.80,1,0
55519.405711,1801.1720,100,100,94.3092,-0.058591,-1.940937,5.81066e+07,44.94,78694.60,23175.10,1,0
55519.405711,1801.1720,100,100,94.3092,-0.058591,-2.440083,1.22685e+08,75.98,93967.40,38448.40,0,2
55527.727389,1800.9021,20,20,18.8486,-0.059294,-0.025381,3.39632e+07,42.10,68374.50,12846.70,1,0
55645.673198,1797.0849,20,20,18.6573,-0.069493,0.549692,6.01989e+07,45.40,68492.40,12846.70,1,0
55689.770713,1795.6619,10,10,9.2921,-0.073420,0.219446,7.89402e+07,51.33,84410.60,28720.70,1,0
55715.828668,1794.8221,10,10,9.27029,-0.075770,-0.202741,3.17638e+07,60.90,78463.60,22747.70,1,0
55742.199105,1793.9730,40,40,36.9923,-0.078170,-1.312195,3.31085e+07,80.93,75614.80,19872.40,1,0
55785.861867,1792.5689,1,1,0.921095,-0.082192,1.195000,5.95793e+06,56.40,69138.30,13352.10,1,0
55889.429900,1789.2471,1,1,0.912132,-0.091971,0.398598,4.55986e+06,94.32,75762.20,19872.40,1,0
55893.117258,1789.1291,1,1,0.911809,-0.092325,2.970019,5.20945e+07,58.83,74105.20,18211.80,0,2
55913.967265,1788.4619,2,2,1.81995,-0.094336,0.699150,4.83613e+07,33.71,92554.80,36640.40,1,0
55935.606311,1787.7700,3,3,2.7242,-0.096438,0.778212,2.47964e+07,39.39,78463.60,22527.70,1,0
55954.888099,1787.1540,15,15,13.5953,-0.098323,-0.161171,2.19766e+07,66.10,68801.70,12846.70,1,0
55960.833120,1786.9641,4,4,3.62331,-0.098907,0.500288,2.63754e+07,40.26,79136.20,23175.10,1,0
55994.642713,1785.8851,10,10,9.02808,-0.102246,-0.958568,1.83761e+07,52.61,81404.50,25409.70,1,0
56160.973461,1780.5959,5,5,4.43824,-0.119181,0.365060,1.45007e+07,42.15,71021.10,14860.00,1,0
56210.567973,1779.0249,2,2,1.76607,-0.124392,0.599927,1.27016e+07,51.06,77822.00,21611.20,1,0
56251.949772,1777.7162,4,4,3.51661,-0.128797,-0.953766,4.06316e+06,68.35,74463.70,18211.80,1,0
56420.991706,1772.3900,1,1,0.863019,-0.147318,1.339452,5.32757e+07,81.83,95147.90,38726.50,1,0
56516.397371,1769.3980,100,100,85.3729,-0.158141,-6.602982,559270,140.57,80360.80,23844.60,0,2
56527.070439,1769.0639,20,20,17.0536,-0.159368,0.916551,1.67394e+08,42.15,77822.00,21294.90,1,0
56611.293900,1766.4320,3,3,2.5331,-0.169167,0.226287,1.35823e+07,73.38,78889.10,22277.70,1,0
56647.624841,1765.2991,1,1,0.840753,-0.173457,-3.075683,172836,807.23,79395.60,22747.70,0,2
56654.428284,1765.0871,4,4,3.3603,-0.174264,-1.585582,9.53122e+06,166.64,93296.50,36642.10,1,0
56732.279653,1762.6649,7,7,5.82589,-0.183598,-0.180986,1.14353e+07,88.11,71592.30,14860.00,1,0
56876.482085,1758.1959,7,7,5.72346,-0.201337,1.075827,3.98455e+07,36.48,71736.50,14860.00,1,0
57127.777777,1750.4619,5,5,3.9583,-0.233624,-7.426488,601521,141.95,129106.10,71978.50,0,2
57170.298994,1749.1600,2,2,1.57442,-0.239257,-0.601367,1.11456e+07,105.99,92554.80,35384.20,1,0
57277.734338,1745.8791,3,3,2.32776,-0.253705,1.166666,3.1592e+07,71.49,78889.10,21611.20,1,0
57340.866913,1743.9569,3,3,2.30775,-0.262339,0.528406,1.96146e+07,914.05,80988.80,23647.80,1,0
57359.936032,1743.3771,400,400,306.892,-0.264967,0.097315,3.56993e+09,74.40,90119.80,32760.10,1,0
57402.878142,1742.0729,10,10,7.62677,-0.270921,-0.286029,1.8496e+07,85.05,75614.80,18211.80,1,0
57419.687057,1741.5630,1,1,0.760891,-0.273265,1.182619,5.95487e+06,72.59,71978.50,14558.80,1,0
57455.710551,1740.4710,1,1,0.757061,-0.278312,2.835014,5.34666e+07,63.47,78694.60,21238.80,0,2
57669.166141,1734.0289,2,2,1.4685,-0.308908,-4.264244,45610.4,285.38,71021.10,13352.10,0,2
57723.990353,1732.3820,20,20,14.5673,-0.316954,-0.357646,6.32831e+07,266.90,83703.40,25979.30,1,0
57752.523223,1731.5261,2,2,1.4506,-0.321171,1.121267,2.29109e+07,47.97,81404.50,23651.90,1,0
57755.324873,1731.4421,2,2,1.45,-0.321587,-0.776304,2.90741e+06,706.41,79366.70,21611.20,1,0
57813.424126,1729.7021,3,3,2.15625,-0.330241,-0.457760,6.78013e+06,453.54,80988.80,23175.10,1,0
57860.262430,1728.3019,1,1,0.713709,-0.337280,-0.495666,1.89573e+06,628.39,79395.60,21535.20,1,0
57897.378194,1727.1939,1,1,0.709712,-0.342896,2.155604,2.61395e+07,59.03,79136.20,21238.80,0,2
58071.634420,1722.0111,15,15,10.3639,-0.369717,0.227625,5.64019e+07,274.58,79366.70,21294.90,1,0
58215.010156,1717.7700,200,200,135.095,-0.392336,0.049188,1.34113e+09,74.01,88948.60,30733.50,1,0
58382.296971,1712.8480,60,60,39.4486,-0.419347,0.303198,9.57864e+08,78.06,96830.50,38448.40,1,0
58564.676338,1707.5139,1,1,0.637923,-0.449538,1.741621,2.10904e+07,61.86,83025.90,24461.20,0,2
58591.126319,1706.7431,10,10,6.35095,-0.453981,0.671906,4.96225e+07,56.05,78463.60,19872.40,1,0
58626.786423,1705.7050,50,50,31.5643,-0.459995,1.142382,8.25664e+08,76.99,87511.60,28885.10,1,0
58745.222770,1702.2661,1,1,0.618674,-0.480176,1.782183,1.6812e+07,77.60,80164.00,21418.80,0,2
58790.605960,1700.9520,20,20,12.2771,-0.487993,-0.586348,5.68473e+07,56.84,87511.60,28720.70,1,0
58819.100607,1700.1280,1,1,0.610837,-0.492925,0.402570,5.52616e+06,77.96,83607.30,24788.00,1,0
59000.673463,1694.8959,1,1,0.591692,-0.524769,2.020584,2.87357e+07,75.13,84410.60,25409.70,0,2
59012.819367,1694.5471,100,100,59.0417,-0.526925,-0.535848,2.33218e+08,202.98,84992.00,25979.30,1,0
59315.320666,1685.9051,1,1,0.558979,-0.581643,2.124872,2.11926e+07,66.97,80164.00,20848.40,0,2
59346.016674,1685.0331,2,2,1.11165,-0.587304,1.803701,1.03787e+08,78.95,95147.90,35801.10,0,2
59386.406900,1683.8870,5,5,2.75841,-0.594783,1.596388,1.38769e+08,73.04,90119.80,30733.50,0,2
59494.024080,1680.8411,8,8,4.32567,-0.614874,0.708114,3.71523e+07,49.58,79366.70,19872.40,1,0
59633.842764,1676.9002,30,30,15.7977,-0.641332,-5.680291,1.56748e+07,120.45,131226.30,71592.30,0,2
59775.931819,1672.9141,4,4,2.04965,-0.668625,2.254431,8.07136e+07,49.99,79136.20,19360.10,0,4
59959.374788,1667.7959,4,4,1.97751,-0.704454,1.086010,3.47611e+07,308.48,83607.30,23647.80,1,0
60055.406299,1665.1290,8,8,3.88052,-0.723472,1.175396,7.50576e+07,210.41,83703.40,23647.80,1,0
60205.386432,1660.9810,3,3,1.41211,-0.753528,-8.987601,50814.7,759.32,131226.30,71021.10,0,2
60452.835406,1654.1821,3,3,1.34255,-0.804044,2.266978,5.10625e+07,51.55,78694.60,18241.50,0,2
60677.151390,1648.0668,3,3,1.28121,-0.850809,2.045416,3.95235e+07,59.04,78889.10,18211.80,0,2
61344.165826,1630.1469,5,5,1.84844,-0.995095,-1.368975,3.05322e+06,192.73,84992.00,23647.80,1,0
61446.421223,1627.4341,200,200,72.2721,-1.017879,-4.011050,2.23035e+07,79.40,96830.50,35384.20,0,2
61539.631069,1624.9691,1,1,0.35388,-1.038796,2.417377,6.75198e+07,81.81,96830.50,35291.00,0,2
61628.641908,1622.6222,1,1,0.346836,-1.058903,1.636429,8.30626e+06,731.46,80988.80,19360.10,1,0
61680.880730,1621.2479,100,100,34.2747,-1.070761,1.814793,3.11322e+09,73.96,95147.90,33466.40,0,2
62712.745913,1594.5722,10,10,2.68864,-1.313548,2.112900,2.93895e+08,50.33,93967.40,31254.70,0,2
63286.928837,1580.1051,3,3,0.700039,-1.455232,2.866964,1.43628e+08,46.67,92554.80,29267.90,0,4
63557.111773,1573.3880,10,10,2.17967,-1.523410,2.817873,4.20081e+08,79.23,92441.70,28885.10,0,2
63721.012111,1569.3410,1,1,0.209042,-1.565220,2.426340,2.71652e+07,112.09,92441.70,28720.70,0,2
65365.836207,1529.8512,1,1,0.135049,-2.002118,3.420328,2.24778e+07,92.42,83607.30,18241.50,0,2
65692.617103,1522.2411,100,100,12.3398,-2.092343,-3.369271,5.07167e+06,62.73,93296.50,27604.30,0,2
65783.928624,1520.1281,1,1,0.120303,-2.117740,-1.133369,145428,429.12,79136.20,13352.10,1,0
65847.733897,1518.6551,2,2,0.236363,-2.135533,0.173947,1.01774e+06,657.46,78694.60,12846.70,1,0
65851.866042,1518.5599,2,2,0.236091,-2.136687,-3.482676,31416.1,87.42,80897.90,15045.80,0,2
65900.417256,1517.4411,10,10,1.16455,-2.150254,-1.543063,1.84797e+06,289.21,87511.60,21611.20,1,0
65930.310915,1516.7530,5,5,0.577423,-2.158618,0.419371,2.30972e+08,98.78,131226.30,65295.90,1,0
65976.381351,1515.6939,15,15,1.71005,-2.171525,-0.348360,8.9516e+06,64.73,87511.60,21535.20,1,0
66070.707452,1513.5300,5,5,0.555118,-2.198013,-0.278469,2.53339e+06,164.56,84992.00,18921.20,1,0
66107.918897,1512.6781,1,1,0.109867,-2.208485,1.474732,5.36299e+06,71.43,92554.80,26447.00,1,0
66128.563533,1512.2058,100,100,10.923,-2.214300,-2.608092,3.49658e+06,36.87,80988.80,14860.00,0,4
66169.331822,1511.2741,4,4,0.431926,-2.225794,0.358298,3.54828e+06,185.25,84410.60,18241.50,1,0
66262.238642,1509.1552,2,2,0.210368,-2.252046,1.004539,7.91063e+06,44.35,95147.90,28885.10,1,0
66274.894701,1508.8670,7,7,0.733654,-2.255628,-0.734106,3.21617e+06,409.17,90119.80,23844.60,1,0
66363.028198,1506.8631,3,3,0.306665,-2.280611,2.154110,3.30103e+07,72.41,93967.40,27604.30,0,2
66365.590046,1506.8050,1,1,0.102147,-2.281338,0.781754,1.144e+07,38.58,111268.60,44903.40,1,0
66427.125474,1505.4091,5,5,0.501884,-2.298824,1.181332,2.24667e+07,64.66,95147.90,28720.70,1,0
66454.770356,1504.7829,30,30,2.98771,-2.306690,-2.930211,5.01173e+07,294.36,133503.90,67049.20,0,2
66460.107237,1504.6620,2,2,0.198878,-2.308209,0.799596,1.686e+08,103.90,135868.80,69408.50,1,0
66471.776099,1504.3979,400,400,39.6437,-2.311532,-11.180914,5032.03,1000.82,90119.80,23647.80,0,2
66506.733560,1503.6071,20,20,1.96254,-2.321494,-1.597929,4.36814e+06,637.04,92441.70,25935.00,1,0
66514.920032,1503.4221,100,100,9.78981,-2.323828,-2.602362,9.03768e+06,72.39,93967.40,27452.40,0,2
66547.411455,1502.6881,10,10,0.969947,-2.333099,0.515045,3.5577e+08,105.03,129106.10,62558.70,1,0
66619.846045,1501.0542,20,20,1.90015,-2.353799,0.620791,3.91846e+07,68.17,92554.80,25935.00,1,0
66663.109437,1500.0800,50,50,4.69191,-2.366183,-4.370864,3.04418e+06,49.17,111342.40,44680.00,0,4
66677.510750,1499.7560,50,50,4.67259,-2.370309,-1.346161,1.10399e+07,402.40,90119.80,23442.30,1,0
66730.467443,1498.5659,4,4,0.368173,-2.385497,0.840385,3.23798e+08,81.08,135868.80,69138.30,1,0
66767.979931,1497.7239,1,1,0.091057,-2.396270,1.939781,1.98121e+08,88.58,133503.90,66735.90,0,2
66784.569709,1497.3519,3,3,0.271872,-2.401037,1.171832,8.2924e+06,49.37,90629.20,23844.60,1,0
66865.172547,1495.5469,30,30,2.65638,-2.424235,-0.194199,4.77112e+08,82.48,129106.10,62240.80,1,0
66900.961516,1494.7468,10,10,0.87637,-2.434552,-0.401435,2.14522e+08,115.82,135445.20,68544.20,1,0
66952.781852,1493.5899,5,5,0.43168,-2.449509,0.641449,2.99591e+08,85.56,135445.20,68492.40,1,0
66984.891300,1492.8740,60,60,5.13231,-2.458788,-0.722978,6.43355e+08,110.33,131200.30,64215.50,1,0
67008.316439,1492.3521,100,100,8.4961,-2.465563,-2.294736,3.48827e+06,201.94,80360.80,13352.10,0,2
67031.772006,1491.8299,3,3,0.253159,-2.472350,-0.556374,1.58415e+06,410.93,92441.70,25409.70,1,0
67075.070372,1490.8669,7,7,0.583342,-2.484892,0.131268,1.71945e+08,112.15,131226.30,64150.90,1,0
67091.841646,1490.4942,50,50,4.14652,-2.489754,0.050566,1.34524e+09,91.54,133393.20,66301.30,1,0
67113.469543,1490.0139,3,3,0.247235,-2.496027,-2.075479,1.13107e+07,404.00,135445.20,68331.70,1,0
67144.785273,1489.3189,40,40,3.26664,-2.505117,-0.846587,1.54079e+07,114.70,92554.80,25409.70,1,0
67201.095491,1488.0710,30,30,2.41022,-2.521481,-0.957989,1.07955e+07,49.36,93296.50,26095.20,1,0
67343.159414,1484.9318,20,20,1.54165,-2.562876,0.233394,7.32196e+08,88.95,135868.80,68525.60,1,0
67355.436018,1484.6612,50,50,3.84035,-2.566460,-1.707274,2.15917e+08,179.52,133503.90,66148.40,1,0
67371.913169,1484.2981,300,300,22.9314,-2.571273,-2.129660,2.44945e+07,690.47,90119.80,22747.70,0,2
67383.363555,1484.0458,3,3,0.228549,-2.574619,1.227543,2.00281e+08,68.90,131200.30,63816.90,0,2
67407.794099,1483.5080,5,5,0.378203,-2.581761,1.741915,2.34334e+07,63.10,92441.70,25033.90,0,2
67409.516223,1483.4701,8,8,0.604821,-2.582264,0.549941,2.69627e+08,78.46,131226.30,63816.90,1,0
67457.401936,1482.4170,20,20,1.49101,-2.596277,-5.302696,43831.4,118.02,84992.00,17534.80,0,2
67470.601137,1482.1270,10,10,0.74263,-2.600142,0.581992,4.07604e+08,78.47,133393.20,65922.40,1,0
67494.192081,1481.6090,1,1,0.0737515,-2.607054,1.419172,1.14397e+08,87.49,135868.80,68374.50,0,2
67500.296119,1481.4750,7,7,0.515338,-2.608843,0.898445,2.7343e+08,73.17,129106.10,61605.70,1,0
67520.340523,1481.0352,40,40,2.92753,-2.614720,-0.406881,2.39196e+07,74.44,93967.40,26447.00,1,0
67543.513740,1480.5271,2,2,0.145385,-2.621519,1.183387,6.41371e+06,265.15,95147.90,27604.30,1,0
67574.468547,1479.8489,2,2,0.14407,-2.630606,2.438785,5.97722e+08,78.54,135445.20,67870.80,0,2
67581.495727,1479.6950,20,20,1.43773,-2.632670,0.242325,5.66028e+08,115.79,133503.90,65922.40,1,0
67607.029331,1479.1361,10,10,0.71349,-2.640172,0.083049,1.9841e+08,81.08,131200.30,63593.40,1,0
67630.716571,1478.6181,3,3,0.212561,-2.647137,-4.428360,949950,141.28,135868.80,68238.10,0,2
67632.819933,1478.5721,8,8,0.56648,-2.647755,1.027757,4.05879e+08,75.06,131226.30,63593.40,1,0
67639.037696,1478.4362,10,10,0.706806,-2.649584,-0.194759,4.20813e+06,250.26,87511.60,19872.40,1,0
67653.504799,1478.1200,100,100,7.03804,-2.653840,-1.667060,1.43708e+07,69.00,92441.70,24788.00,1,0
67712.003796,1476.8430,30,30,2.07535,-2.671067,-7.624121,61382.4,80.30,113556.80,45844.70,0,2
67881.516164,1473.1551,2,2,0.131601,-2.721126,1.814621,7.51036e+06,55.50,90629.20,22747.70,0,2
67945.530974,1471.7671,30,30,1.93695,-2.740084,0.421014,4.5465e+07,45.90,96830.50,28885.10,1,0
68032.433428,1469.8872,2,2,0.125843,-2.765866,1.816045,9.42336e+06,69.24,93967.40,25935.00,0,2
68049.839421,1469.5112,7,7,0.43818,-2.771036,-2.651959,1.11084e+07,76.00,135445.20,67395.30,0,2
68083.768796,1468.7789,10,10,0.61969,-2.781121,-5.141546,39310.6,633.52,92554.80,24470.90,0,2
68093.310166,1468.5730,5,5,0.308967,-2.783958,-3.787275,75916.8,593.40,92554.80,24461.20,0,2
68101.384498,1468.3989,200,200,12.329,-2.786360,-3.599947,3.12182e+06,131.20,90629.20,22527.70,0,2
68109.348644,1468.2272,20,20,1.22999,-2.788729,0.526922,3.20188e+07,56.59,96830.50,28720.70,1,0
68249.318872,1465.2161,2,2,0.117974,-2.830440,0.704851,1.25427e+06,148.35,83703.40,15454.20,1,0
68508.439152,1459.6742,40,40,2.18338,-2.908004,-2.616019,1.82758e+06,663.96,93296.50,24788.00,0,2
68528.020383,1459.2571,2,2,0.108529,-2.913884,-0.118274,2.91164e+07,101.80,133393.20,64865.10,1,0
68592.093801,1457.8940,2,2,0.106459,-2.933139,0.151552,4.4186e+07,83.55,135445.20,66852.90,1,0
68597.273950,1457.7839,10,10,0.531468,-2.934697,0.651682,1.0877e+07,71.13,92441.70,23844.60,1,0
68646.519595,1456.7381,1,1,0.052365,-2.949517,2.353390,1.67585e+08,57.72,133503.90,64857.20,0,2
68700.995683,1455.5830,30,30,1.54538,-2.965928,-0.709117,1.01005e+07,526.78,95147.90,26447.00,1,0
68747.322436,1454.6021,5,5,0.25399,-2.979899,0.777521,2.86034e+06,60.17,83607.30,14860.00,1,0
68789.757167,1453.7048,7,7,0.35106,-2.992708,-4.687417,19210.3,302.12,85306.10,16516.10,0,2
68843.555472,1452.5688,1,1,0.0493428,-3.008963,0.739498,538408,39.28,83703.40,14860.00,1,0
68880.814356,1451.7831,100,100,4.87899,-3.020232,-1.080688,1.45516e+07,376.79,90119.80,21238.80,1,0
68908.817882,1451.1931,30,30,1.45135,-3.028707,-1.297651,4.20968e+06,160.63,92441.70,23532.90,1,0
69021.977550,1448.8139,5,5,0.233736,-3.063002,1.472254,1.09007e+07,83.29,92554.80,23532.90,1,0
69052.768904,1448.1679,100,100,4.63123,-3.072347,-0.176342,5.13059e+07,52.93,95147.90,26095.20,1,0
69094.122494,1447.3011,3,3,0.137203,-3.084907,1.720677,7.00286e+06,44.14,90629.20,21535.20,1,0
69139.026350,1446.3611,1,1,0.0451143,-3.098557,2.565860,4.81796e+07,53.02,117540.50,48401.60,0,2
69179.400704,1445.5170,300,300,13.369,-3.110840,-0.188548,1.32627e+08,49.49,93967.40,24788.00,1,0
69268.428673,1443.6591,2,2,0.0867424,-3.137959,0.478677,4.2202e+07,66.24,133503.90,64235.60,1,0
69299.823708,1443.0051,1,1,0.0429579,-3.147534,0.746821,640062,549.16,87511.60,18211.80,1,0
69334.186868,1442.2899,10,10,0.425098,-3.158020,-1.751629,671260,575.73,90629.20,21294.90,1,0
69377.577408,1441.3879,20,20,0.839006,-3.171270,0.026439,1.29987e+07,135.27,96830.50,27452.40,1,0
69448.205048,1439.9220,30,30,1.23163,-3.192861,0.175591,1.0343e+07,913.99,87511.60,18063.40,1,0
69496.320581,1438.9251,2,2,0.0809083,-3.207586,2.249244,9.14656e+06,50.94,93967.40,24470.90,0,2
69504.004472,1438.7660,3,3,0.121077,-3.209939,2.106627,1.05748e+07,69.17,92554.80,23050.60,0,2
69506.280598,1438.7189,5,5,0.201655,-3.210636,2.221054,2.216e+07,71.49,93967.40,24461.20,0,2
69693.931609,1434.8452,40,40,1.523,-3.268198,-0.243801,8.22663e+07,43.55,115499.70,45806.00,1,0
69738.115700,1433.9361,20,20,0.751227,-3.281780,-1.529521,2.12948e+06,518.57,95147.90,25409.70,1,0
69854.147240,1431.5542,3,3,0.10873,-3.317497,2.072893,9.7055e+06,55.69,93296.50,23442.30,0,2
69869.290741,1431.2440,20,20,0.721494,-3.322163,-1.443819,4.22595e+07,120.92,131226.30,61357.00,1,0
69884.616545,1430.9301,3,3,0.108414,-3.320408,-1.436985,180385,693.69,87511.60,17627.00,1,0
69913.987751,1430.3289,20,20,0.733313,-3.305915,0.085299,8.35768e+06,357.78,92441.70,22527.70,1,0
69993.562576,1428.7028,3,3,0.114369,-3.266936,-2.751379,513563,71.22,115800.20,45807.10,0,2
70027.122983,1428.0181,40,40,1.55,-3.250622,1.086088,4.84254e+07,54.37,92554.80,22527.70,1,0
70122.926182,1426.0671,100,100,4.0581,-3.204456,-0.280213,3.62378e+07,46.17,93967.40,23844.60,1,0
70276.887053,1422.9429,2,2,0.0873038,-3.131509,1.706723,5.0555e+06,135.76,92554.80,22277.70,1,0
70360.003210,1421.2620,100,100,4.53767,-3.092756,-0.288376,4.41066e+07,106.47,95147.90,24788.00,1,0
70383.124547,1420.7951,15,15,0.687974,-3.082054,0.622135,1.90619e+07,64.00,96830.50,26447.00,1,0
70419.011446,1420.0711,50,50,2.33151,-3.065509,-0.941360,7.81874e+06,1023.18,90119.80,19700.90,1,0
70473.841781,1418.9662,7,7,0.334715,-3.040386,1.002297,9.55572e+06,47.54,92554.80,22080.90,1,0
70548.822080,1417.4581,1,1,0.0494728,-3.006332,-0.745275,261109,894.41,93296.50,22747.70,1,0
70627.762845,1415.8738,1,1,0.0512595,-2.970854,1.682307,9.54936e+07,76.72,135445.20,64817.50,0,2
70714.505155,1414.1370,50,50,2.6637,-2.932308,0.373509,1.13244e+09,78.69,133393.20,62678.70,1,0
70759.632075,1413.2352,3,3,0.16303,-2.912435,0.167705,1.64942e+06,671.01,90119.80,19360.10,1,0
70806.628993,1412.2971,20,20,1.10945,-2.891868,0.361175,3.89862e+08,93.86,131226.30,60419.70,1,0
70825.333456,1411.9242,20,20,1.11853,-2.883719,0.248969,4.22994e+08,87.82,133503.90,62678.70,1,0
70830.607435,1411.8190,20,20,1.1211,-2.881425,-0.279837,8.754e+06,274.75,92441.70,21611.20,1,0
70884.526061,1410.7451,10,10,0.573795,-2.858069,-7.063839,54430.6,104.94,121532.50,50647.40,0,2
70889.264947,1410.6508,100,100,5.74969,-2.856024,-1.237461,5.95956e+08,75.84,135868.80,64979.60,1,0
70895.430126,1410.5282,10,10,0.576499,-2.853366,-0.356722,5.95844e+06,455.38,96830.50,25935.00,1,0
70906.698508,1410.3040,60,60,3.47582,-2.848514,-0.034478,3.46508e+07,53.58,92441.70,21535.20,1,0
70931.997435,1409.8010,100,100,5.85633,-2.837648,-0.814110,5.33446e+08,110.71,129106.10,58174.10,1,0
70945.386195,1409.5349,3,3,0.1767,-2.831912,1.721834,2.90969e+08,113.10,133503.90,62558.70,0,2
70948.201139,1409.4790,20,20,1.17942,-2.830708,0.721745,4.98942e+08,65.78,129106.10,58158.10,1,0
70995.297824,1408.5440,3,3,0.180502,-2.810624,0.892287,3.03625e+06,127.08,87511.60,16516.10,1,0
71011.585074,1408.2209,10,10,0.60585,-2.803708,0.739912,4.52843e+08,74.76,135868.80,64857.20,1,0
71034.183673,1407.7729,20,20,1.22335,-2.794139,-0.802295,1.33583e+08,242.45,131200.30,60166.20,1,0
71044.217682,1407.5741,3,3,0.184282,-2.789899,2.072016,5.03939e+08,75.52,135445.20,64401.00,0,2
71058.910210,1407.2831,10,10,0.618093,-2.783702,-2.958722,171450,370.05,84410.60,13352.10,0,2
71060.079431,1407.2599,10,10,0.618397,-2.783209,1.040362,4.27057e+08,74.95,131226.30,60166.20,1,0
71062.498443,1407.2120,5,5,0.309514,-2.782190,-3.788840,335114,54.38,111268.60,40205.70,0,2
71120.171268,1406.0709,15,15,0.95128,-2.757997,0.940510,1.68664e+08,39.36,115800.20,44680.00,1,0
71146.823867,1405.5441,50,50,3.20638,-2.746881,-1.392003,8.19664e+06,119.90,92441.70,21294.90,1,0
71152.398787,1405.4340,2,2,0.128553,-2.744561,1.961246,2.65752e+08,90.92,133393.20,62240.80,0,2
71219.897717,1404.1020,20,20,1.32196,-2.716613,0.269196,2.01337e+07,48.30,93967.40,22747.70,1,0
71260.093807,1403.3100,100,100,6.71992,-2.700093,-0.739093,3.32552e+07,42.76,92554.80,21294.90,1,0
71288.896911,1402.7430,20,20,1.35991,-2.688312,-4.227044,964596,44.10,111494.60,40205.70,0,4
71303.386540,1402.4579,8,8,0.547189,-2.682403,-0.887415,2.88313e+06,173.99,95147.90,23844.60,1,0
71320.476145,1402.1219,8,8,0.551007,-2.675449,0.724768,1.00642e+07,49.07,90629.20,19308.90,1,0
71406.428122,1400.4341,7,7,0.499169,-2.640721,0.276624,6.80724e+06,51.05,92554.80,21148.40,1,0
71420.407218,1400.1600,3,3,0.215133,-2.635112,0.048515,3.30999e+06,38.70,96830.50,25409.70,1,0
71472.419720,1399.1411,5,5,0.366082,-2.614337,-0.610235,9.52056e+06,50.57,111342.40,39870.20,1,0
71695.691364,1394.7840,10,10,0.799111,-2.526841,-5.676566,216643,515.24,117540.50,45844.70,0,2
71705.915567,1394.5851,60,60,4.8136,-2.522899,-2.874075,2.79925e+06,99.42,92554.80,20848.40,0,2
71705.915567,1394.5851,60,60,4.8136,-2.522899,-0.373702,4.21557e+07,55.54,95147.90,23442.30,1,0
71796.522626,1392.8251,100,100,8.30586,-2.488209,-2.626868,8.75632e+06,144.28,96830.50,25033.90,0,2
72042.316182,1388.0731,1,1,0.0910558,-2.396283,2.015637,9.93056e+06,90.55,96830.50,24788.00,0,2
72057.792398,1387.7750,40,40,3.66299,-2.390600,-0.810074,1.77402e+07,46.14,93296.50,21238.80,1,0
72141.590531,1386.1630,3,3,0.283249,-2.360042,1.621073,1.08234e+08,63.48,117044.60,44903.40,1,0
72274.804839,1383.6080,2,2,0.198087,-2.312198,1.237360,5.60195e+07,47.38,118081.10,45806.00,1,0
72356.534618,1382.0452,1,1,0.101949,-2.283285,-3.597536,231138,385.84,118201.40,45844.70,0,2
72364.876033,1381.8859,2,2,0.204496,-2.280353,1.206173,5.14457e+07,51.33,117044.60,44680.00,1,0
72387.914253,1381.4461,100,100,10.3078,-2.272273,-0.621476,4.8269e+07,49.88,90629.20,18241.50,1,0
72400.330691,1381.2092,10,10,1.03526,-2.267929,-0.609461,7.09352e+06,134.32,95147.90,22747.70,1,0
72465.979308,1379.9579,3,3,0.317755,-2.245087,0.792275,5.83294e+07,51.01,118271.60,45806.00,1,0
72548.677361,1378.3849,1,1,0.108978,-2.216612,-0.748904,2.42906e+06,49.09,111334.90,38785.80,1,0
72569.370091,1377.9918,15,15,1.64627,-2.209539,-0.721433,8.06768e+06,138.74,92441.70,19872.40,1,0
72633.779076,1376.7699,15,15,1.68269,-2.187656,0.891181,1.93144e+08,64.10,111334.90,38701.60,1,0
72672.722317,1376.0321,8,8,0.9093,-2.174522,0.478075,1.67246e+07,46.32,93967.40,21294.90,1,0
72682.500240,1375.8470,1,1,0.114037,-2.171235,2.931568,2.17322e+07,58.77,92554.80,19872.40,0,2
72783.427387,1373.9391,10,10,1.1794,-2.137578,-0.449765,5.93479e+07,156.00,117686.40,44903.40,1,0
72967.611518,1370.4711,15,15,1.87885,-2.077389,0.507128,2.4475e+08,52.06,117647.20,44680.00,1,0
72985.822077,1370.1291,2,2,0.251988,-2.071523,-0.914514,1.44826e+06,69.89,96830.50,23844.60,1,0
73178.482838,1366.5219,3,3,0.401808,-2.010394,0.225305,7.20042e+06,56.70,96830.50,23651.90,1,0
73297.500488,1364.3030,1,1,0.138974,-1.973466,1.492923,3.31164e+07,77.98,113023.50,39726.00,1,0
73401.434861,1362.3712,20,20,2.86911,-1.941731,-0.560725,1.32318e+08,72.75,118081.10,44680.00,1,0
73415.359757,1362.1128,1,1,0.144062,-1.937515,2.076557,9.4648e+07,64.27,118318.60,44903.40,0,2
73727.008488,1356.3550,2,2,0.315941,-1.845347,-1.261220,5.0874e+06,44.49,113825.50,40098.70,1,0
73789.087839,1355.2139,3,3,0.482455,-1.827479,1.622905,2.02825e+08,59.95,118468.80,44680.00,0,2
73910.530930,1352.9872,2,2,0.332924,-1.792989,0.399445,2.80396e+07,100.38,113780.30,39870.20,1,0
73936.540103,1352.5112,300,300,50.3049,-1.785681,-2.415835,4.7663e+07,55.59,93296.50,19360.10,0,2
74088.332998,1349.7402,1,1,0.174893,-1.743581,-2.115618,6.96274e+06,59.24,135445.20,61357.00,1,0
74095.030910,1349.6182,7,7,1.2265,-1.741745,-0.345634,9.7088e+06,57.68,93967.40,19872.40,1,0
74110.627135,1349.3341,7,7,1.23175,-1.737476,0.288210,8.61254e+07,50.54,112896.30,38785.80,1,0
74210.789898,1347.5129,10,10,1.80813,-1.710293,0.207684,9.88205e+07,46.72,110880.90,36670.60,1,0
74230.117096,1347.1621,30,30,5.45266,-1.705093,-3.598958,1.47007e+06,336.03,92441.70,18211.80,0,2
74339.819291,1345.1741,100,100,18.7147,-1.675859,-5.555020,4.0804e+06,43.04,113825.50,39485.50,0,4
74468.203012,1342.8550,10,10,1.93546,-1.642242,-0.052105,8.28302e+07,47.93,111109.90,36642.10,1,0
74693.198239,1338.8100,4,4,0.81992,-1.584843,0.892673,9.16544e+07,68.02,111334.90,36642.10,1,0
74898.837350,1335.1342,100,100,21.5664,-1.534034,-1.370378,3.00901e+08,49.50,113600.10,38701.60,1,0
75054.835169,1332.3592,1,1,0.223909,-1.496518,-1.390299,582781,477.76,93296.50,18241.50,1,0
75103.823553,1331.4901,1,1,0.226521,-1.484916,1.032733,5.34602e+06,46.65,90629.20,15525.50,1,0
75132.320332,1330.9851,60,60,13.6828,-1.478206,0.099969,8.43952e+08,65.59,113833.90,38701.60,1,0
75275.587823,1328.4519,30,30,7.07305,-1.444906,-5.839420,1.14599e+06,81.50,113825.50,38549.90,0,2
75289.476680,1328.2069,5,5,1.18261,-1.441716,0.314531,1.63168e+08,52.39,121095.20,45806.00,1,0
75462.877634,1325.1549,4,4,0.98398,-1.402444,-0.155159,5.81513e+07,40.63,116489.80,41026.90,1,0
75670.430198,1321.5202,5,5,1.28745,-1.356775,0.096750,8.93312e+07,52.34,115403.30,39733.00,1,0
75766.522552,1319.8441,1,1,0.262865,-1.336115,0.993314,4.50031e+07,46.01,115499.70,39733.00,1,0
75769.289137,1319.7959,1,1,0.26302,-1.335525,-0.264543,1.68143e+06,142.10,90629.20,14860.00,1,0
75946.361327,1316.7188,3,3,0.819023,-1.298256,1.234915,1.80643e+08,53.01,115672.30,39726.00,1,0
75972.600931,1316.2640,1,1,0.274496,-1.292819,1.321715,5.15513e+07,49.44,112643.10,36670.60,1,0
76011.182519,1315.5959,1,1,0.276688,-1.284864,0.904113,4.0781e+07,51.63,114797.10,38785.80,1,0
76070.321381,1314.5731,2,2,0.560114,-1.272762,-2.913545,252230,757.16,90629.20,14558.80,0,2
76095.618577,1314.1361,20,20,5.63003,-1.267618,-0.595218,1.85074e+08,51.67,114797.10,38701.60,1,0
76127.713437,1313.5821,10,10,2.83336,-1.261122,0.250710,1.83855e+08,47.33,112769.70,36642.10,1,0
76130.276065,1313.5379,2,2,0.566965,-1.260605,-1.519658,5.54172e+06,62.21,111268.60,35137.80,1,0
76199.998176,1312.3360,7,7,2.01235,-1.246608,-0.383861,8.95361e+07,125.60,115933.10,39733.00,1,0
76279.284910,1310.9719,1,1,0.292038,-1.230873,-0.138573,1.33716e+07,59.37,113291.70,37011.90,1,0
76317.994515,1310.3070,2,2,0.588538,-1.223261,0.853644,6.19619e+07,60.94,111342.40,35024.50,1,0
76418.891506,1308.5770,2,2,0.600204,-1.203633,0.218324,7.21506e+06,48.58,92554.80,16136.00,1,0
76438.918291,1308.2341,2,2,0.602525,-1.199774,0.778622,8.81248e+07,68.76,116309.10,39870.20,1,0
76545.071769,1306.4198,1,1,0.307427,-1.179517,0.334548,2.30065e+07,52.28,113556.80,37011.90,1,0
76576.008096,1305.8920,1,1,0.309228,-1.173677,0.924727,5.22487e+07,54.27,116309.10,39733.00,1,0
76583.105088,1305.7710,1,1,0.309641,-1.172341,0.939206,5.37047e+07,48.52,116453.20,39870.20,1,0
76716.480361,1303.5009,2,2,0.634853,-1.147509,0.423682,5.33564e+07,48.66,113914.20,37197.60,1,0
76748.276230,1302.9609,3,3,0.95786,-1.141666,0.346842,6.00472e+07,49.84,111268.60,34520.30,1,0
76763.885485,1302.6959,10,10,3.202,-1.138808,0.805223,4.86027e+08,75.55,116489.80,39726.00,1,0
76886.589156,1300.6169,50,50,16.3698,-1.116584,-0.856020,4.40701e+08,51.30,115672.30,38785.80,1,0
76906.212382,1300.2851,3,3,0.985646,-1.113070,-0.538445,6.82576e+06,81.79,95147.90,18241.50,1,0
76958.186447,1299.4069,10,10,3.31604,-1.103814,-1.167327,5.51657e+07,49.99,113600.10,36642.10,1,0
76970.868959,1299.1928,2,2,0.6647,-1.101567,0.436973,6.51314e+07,64.90,115672.30,38701.60,1,0
77051.809406,1297.8281,3,3,1.01134,-1.087332,-2.238618,6.72198e+06,59.56,115499.70,38448.40,1,0
77191.887314,1295.4729,30,30,10.3613,-1.063124,-0.230250,4.47094e+08,64.93,113833.90,36642.10,1,0
77273.601378,1294.1030,3,3,1.0506,-1.049250,0.305146,7.78626e+07,49.15,113914.20,36640.40,1,0
77277.188767,1294.0429,10,10,3.50412,-1.048645,-1.343234,7.46864e+06,52.40,90629.20,13352.10,1,0
77334.796668,1293.0790,5,5,1.76908,-1.038977,-0.701065,6.43928e+07,55.63,117540.50,40205.70,1,0
77395.675546,1292.0619,1,1,0.357415,-1.028857,-4.561270,35305,704.25,92441.70,15045.80,0,2
77453.095886,1291.1040,20,20,7.21621,-1.019402,-0.775911,2.18821e+08,53.60,116238.70,38785.80,1,0
77453.095886,1291.1040,20,20,7.21621,-1.019402,-3.936396,1.01378e+07,116.20,117323.10,39870.20,0,2
77579.584726,1288.9989,2,2,0.736585,-0.998878,0.030222,4.70105e+07,54.74,115499.70,37919.60,1,0
77704.001572,1286.9350,300,300,112.695,-0.979095,-1.584943,1.54818e+09,66.07,116489.80,38785.80,1,0
77880.218194,1284.0231,10,10,3.86065,-0.951749,-0.315266,1.78058e+08,47.62,115800.20,37919.60,1,0
78349.819812,1276.3271,1,1,0.413705,-0.882602,-3.169480,1.20926e+06,53.86,117044.60,38694.50,0,2
78532.318171,1273.3611,5,5,2.12187,-0.857141,-0.636061,5.8636e+07,60.47,113556.80,35024.50,1,0
78560.703646,1272.9010,20,20,8.52057,-0.853250,-0.058137,1.89283e+08,58.46,103805.40,25244.60,1,0
78565.703258,1272.8200,1,1,0.42632,-0.852566,-4.265095,437822,732.77,117686.40,39120.40,0,2
78573.721474,1272.6901,3,3,1.28036,-0.851471,0.983069,6.7647e+07,46.49,101665.60,23091.70,1,0
78771.222961,1269.4991,1,1,0.438253,-0.824958,0.824227,5.0892e+07,60.35,113291.70,34520.30,1,0
78780.791710,1269.3449,1,1,0.438807,-0.823696,0.372109,3.8571e+07,57.79,115420.80,36640.40,1,0
78787.801723,1269.2320,2,2,0.878425,-0.822772,0.322990,7.58166e+07,58.18,115800.20,37011.90,1,0
78859.121061,1268.0841,1,1,0.443331,-0.813438,0.889654,6.57423e+07,51.76,115499.70,36640.40,1,0
78877.837578,1267.7832,40,40,17.7764,-0.811007,-0.928296,5.51579e+08,63.94,118610.90,39733.00,1,0
79009.172585,1265.6758,20,20,9.0392,-0.794161,-2.490208,6.00282e+07,62.16,118879.30,39870.20,0,2
79029.703521,1265.3470,5,5,2.26568,-0.791562,-2.955938,7.266e+06,214.63,115670.00,36640.40,0,2
79029.703521,1265.3470,5,5,2.26568,-0.791562,-0.226439,1.11373e+08,60.20,115672.30,36642.10,1,0
79145.914753,1263.4891,20,20,9.19552,-0.777016,-1.094834,2.46066e+08,51.25,118879.30,39733.00,1,0
79159.393250,1263.2740,20,20,9.21088,-0.775347,-1.055897,1.99285e+08,48.14,115800.20,36640.40,1,0
79247.402338,1261.8710,20,20,9.31091,-0.764546,-1.765125,1.21135e+08,50.39,118271.60,39024.30,1,0
79381.013292,1259.7471,4,4,1.89239,-0.748455,-0.294328,8.90368e+07,59.97,116021.80,36640.40,1,0
79447.034713,1258.7002,2,2,0.953618,-0.740639,0.379462,3.24482e+07,93.67,103805.40,24358.00,1,0
79495.300170,1257.9360,1,1,0.479515,-0.734981,-0.282103,2.15441e+07,152.66,115324.50,35828.50,1,0
79594.895596,1256.3620,20,20,9.70149,-0.723453,-2.663019,6.21919e+06,116.02,92441.70,12846.70,0,2
79651.580152,1255.4679,1,1,0.488224,-0.716980,-3.208832,1.48322e+06,452.32,118201.40,38549.90,0,2
79670.993354,1255.1620,3,3,1.4679,-0.714778,0.352529,1.2592e+08,58.69,115499.70,35828.50,1,0
79812.480519,1252.9369,7,7,3.47975,-0.698950,-1.143548,7.21494e+07,58.62,116453.20,36640.40,1,0
79812.480519,1252.9369,7,7,3.47975,-0.698950,-3.298160,2.18455e+07,44.64,128214.20,48401.60,0,4
80062.434525,1249.0252,3,3,1.53217,-0.671926,0.621054,6.32534e+07,45.82,103308.50,23246.00,1,0
80287.690703,1245.5209,5,5,2.61396,-0.648570,-2.024659,3.92272e+06,194.20,95147.90,14860.00,1,0
80342.631986,1244.6692,2,2,1.05141,-0.643014,0.387724,1.09432e+08,57.68,117540.50,37197.60,1,0
80679.828523,1239.4672,7,7,3.80315,-0.610081,0.265372,1.31265e+08,45.08,105566.60,24886.50,1,0
80774.991261,1238.0069,4,4,2.19274,-0.601143,-0.187926,1.10749e+08,60.56,115800.20,35024.50,1,0
80994.685640,1234.6489,1,1,0.559289,-0.581089,-0.156872,3.37882e+07,48.31,117647.20,36652.30,1,0
81045.886645,1233.8689,3,3,1.68553,-0.576529,-0.299947,5.07724e+07,68.05,110880.90,29835.10,1,0
81045.886645,1233.8689,3,3,1.68553,-0.576529,-3.787281,2.70592e+06,881.15,117686.40,36640.40,0,2
81065.319636,1233.5731,1,1,0.562812,-0.574810,0.446764,3.42011e+07,51.30,110333.60,29267.90,1,0
81087.090162,1233.2419,1,1,0.563893,-0.572891,0.860324,5.43536e+07,61.13,110922.20,29835.10,1,0
81392.795470,1228.6100,10,10,5.78831,-0.546746,-2.973830,2.762e+07,62.47,121119.20,39726.00,0,2
81428.787483,1228.0669,2,2,1.16112,-0.543764,-0.030243,7.18387e+07,79.25,116453.20,35024.50,1,0
81698.331269,1224.0152,5,5,2.96649,-0.522060,0.358151,4.04958e+08,71.23,121431.20,39733.00,1,0
81799.794293,1222.4970,10,10,5.97996,-0.514172,-0.346705,4.06259e+08,54.82,121532.50,39733.00,1,0
81818.722260,1222.2141,2,2,1.19773,-0.512717,0.295645,1.12621e+08,55.32,117647.20,35828.50,1,0
81940.487394,1220.3979,1,1,0.604423,-0.503482,0.808811,1.0256e+08,78.12,118610.90,36670.60,1,0
81968.895043,1219.9750,2,2,1.21142,-0.501358,0.157296,1.0711e+08,52.72,118610.90,36642.10,1,0
82000.813778,1219.5001,1,1,0.607147,-0.498985,0.882159,6.08444e+07,56.37,111268.60,29267.90,1,0
82020.471900,1219.2078,20,20,12.1606,-0.497531,-1.326065,2.1453e+08,63.58,117044.60,35024.50,1,0
82074.634515,1218.4032,4,4,2.44181,-0.493553,-0.139954,8.85048e+07,53.04,111342.40,29267.90,1,0
82137.331021,1217.4732,3,3,1.83972,-0.488999,0.298999,1.14924e+08,58.95,112643.10,30505.70,1,0
82157.872352,1217.1688,4,4,2.45659,-0.487519,-0.067820,1.00817e+08,60.25,111993.00,29835.10,1,0
82237.108661,1215.9961,2,2,1.23526,-0.481865,-1.797588,1.57541e+07,58.01,118879.30,36642.10,0,2
82489.804321,1212.2710,1,1,0.628509,-0.464404,0.887452,1.11902e+08,60.25,118318.60,35828.50,1,0
82508.391101,1211.9979,1,1,0.629296,-0.463154,0.781069,1.30918e+08,57.22,121532.50,39024.30,1,0
82729.766535,1208.7548,2,2,1.27704,-0.448605,-3.544403,1.40513e+06,50.63,110333.60,27604.30,0,2
82729.766535,1208.7548,2,2,1.27704,-0.448605,0.016594,1.22345e+08,62.91,121431.20,38701.60,1,0
82762.814713,1208.2721,2,2,1.27974,-0.446487,-0.080325,1.9917e+08,53.49,128568.60,45806.00,1,0
83051.098657,1204.0780,50,50,32.5712,-0.428594,-0.987771,9.2447e+08,61.76,118879.30,35828.50,1,0
83056.485368,1203.9999,4,4,2.60654,-0.428269,-0.176530,1.55998e+08,70.45,118081.10,35024.50,1,0
83094.583018,1203.4479,2,2,1.30625,-0.425984,0.429294,9.93489e+07,69.93,113600.10,30505.70,1,0
83167.773069,1202.3888,4,4,2.62388,-0.421642,0.531566,1.46368e+08,52.12,108559.40,25391.70,1,0
83194.762648,1201.9987,1,1,0.657009,-0.420057,0.435282,3.84593e+07,52.58,110333.60,27138.50,1,0
83272.324545,1200.8792,1,1,0.659977,-0.415550,-0.287781,2.14462e+07,76.30,111993.00,28720.70,1,0
83294.110590,1200.5651,3,3,1.98241,-0.414297,0.008135,1.45086e+08,62.55,118318.60,35024.50,1,0
83323.608262,1200.1401,8,8,5.29537,-0.412610,-0.893560,1.03199e+08,61.68,113158.50,29835.10,1,0
83444.674691,1198.3988,40,40,26.658,-0.405789,-1.143815,6.23039e+08,66.28,118468.80,35024.50,1,0
83501.100647,1197.5890,50,50,33.4267,-0.402667,-0.594495,7.27955e+08,59.55,110880.90,27380.30,1,0
83506.971888,1197.5048,30,30,20.0625,-0.402344,-0.724204,4.47693e+08,59.68,112769.70,29263.10,1,0
83542.272160,1196.9988,1,1,0.670044,-0.400412,0.771904,5.73829e+07,57.79,110922.20,27380.30,1,0
83549.671304,1196.8928,10,10,6.70314,-0.400009,-0.960791,4.2442e+08,67.66,128453.20,44903.40,1,0
83633.585145,1195.6919,4,4,2.69343,-0.395479,0.341768,1.76066e+08,69.93,112896.30,29263.10,1,0
83730.369672,1194.3098,20,20,13.5364,-0.390352,-0.189448,4.49107e+08,70.89,111109.90,27380.30,1,0
83889.306510,1192.0470,15,15,10.2358,-0.382155,-0.458781,1.07645e+09,70.15,128568.60,44680.00,1,0
84024.295398,1190.1320,10,10,6.87011,-0.375405,-0.598611,1.8027e+08,63.96,113291.70,29267.90,1,0
84204.210269,1187.5891,15,15,10.3952,-0.366706,-0.654042,2.19633e+08,59.74,111342.40,27138.50,1,0
84477.216804,1183.7511,1,1,0.701783,-0.354131,0.341577,8.88357e+07,49.40,121119.20,36642.10,1,0
84545.584105,1182.7939,20,20,14.0783,-0.351097,-0.387330,5.56536e+08,56.47,115800.20,31254.70,1,0
84612.975791,1181.8518,2,2,1.41199,-0.348150,0.708848,1.22334e+08,53.44,111993.00,27380.30,1,0
84888.785995,1178.0119,5,5,3.57119,-0.336538,-10.102876,7220.96,317.93,113825.50,28936.50,0,2
84896.072037,1177.9108,5,5,3.57226,-0.336241,-1.152837,4.54602e+07,65.86,111342.40,26447.00,1,0
84897.873271,1177.8858,20,20,14.2901,-0.336167,-0.814461,3.55307e+08,62.29,115403.30,30505.70,1,0
84994.404841,1176.5480,5,5,3.58644,-0.332277,0.589751,3.65594e+08,54.67,115499.70,30505.70,1,0
85060.198097,1175.6380,10,10,7.19159,-0.329673,-0.716740,1.72377e+08,70.86,113780.30,28720.70,1,0
85704.198120,1166.8040,10,10,7.36275,-0.306152,0.147852,7.82849e+08,64.97,121532.50,35828.50,1,0
85804.074889,1165.4458,3,3,2.21622,-0.302810,0.513609,2.2154e+08,73.04,116309.10,30505.70,1,0
85862.027225,1164.6592,1,1,0.740147,-0.300906,-2.298446,2.72771e+06,68.19,110333.60,24470.90,0,2
86093.196231,1161.5320,7,7,5.21918,-0.293570,-6.375893,340021,263.72,110880.90,24788.00,0,2
86098.520109,1161.4601,8,8,5.96576,-0.293405,-0.226371,2.74992e+08,130.24,115933.10,29835.10,1,0
86140.672499,1160.8918,2,2,1.49337,-0.292113,0.658126,1.59574e+08,61.04,115403.30,29263.10,1,0
86145.916786,1160.8211,3,3,2.24041,-0.291953,0.673347,2.43158e+08,60.02,115408.40,29263.10,1,0
86153.628813,1160.7172,10,10,7.46979,-0.291718,-1.301436,9.466e+07,87.05,113291.70,27138.50,1,0
86176.507671,1160.4091,4,4,2.98999,-0.291024,-0.555030,8.31555e+07,72.81,113780.30,27604.30,1,0
86220.415611,1159.8181,20,20,14.9697,-0.289703,-0.110651,6.39467e+08,75.76,113600.10,27380.30,1,0
86358.481080,1157.9639,2,2,1.50307,-0.285640,1.047667,3.85288e+08,68.38,121382.60,35024.50,1,0
86409.591413,1157.2789,20,20,15.0528,-0.284171,-0.150846,7.29894e+08,74.27,115672.30,29263.10,1,0
86474.513008,1156.4101,15,15,11.3104,-0.282331,-0.274619,5.10049e+08,78.77,116309.10,29835.10,1,0
86532.507963,1155.6351,2,2,1.51049,-0.280712,0.495083,1.40994e+08,62.25,115800.20,29267.90,1,0
86670.421698,1153.7962,5,5,3.79044,-0.276955,-0.045602,2.07958e+08,173.23,115933.10,29263.10,1,0
86779.410382,1152.3471,10,10,7.60274,-0.274077,-0.681480,2.12907e+08,68.69,115499.70,28720.70,1,0
86826.806399,1151.7180,5,5,3.80604,-0.272850,0.209163,3.20445e+08,65.37,118081.10,31254.70,1,0
86845.205633,1151.4740,10,10,7.61567,-0.272377,-0.613673,1.90452e+08,77.64,113291.70,26447.00,1,0
86884.296463,1150.9560,2,2,1.52465,-0.271381,0.811722,5.84722e+07,56.64,101071.40,14187.40,1,0
86917.381621,1150.5179,20,20,15.2593,-0.270545,-0.145435,5.89642e+08,66.80,112896.30,25979.30,1,0
86959.831109,1149.9562,30,30,22.9132,-0.269484,-2.025125,1.18276e+08,85.84,111268.60,24309.20,0,2
86976.191045,1149.7399,20,20,15.2817,-0.269077,-0.146363,7.74462e+08,73.03,116238.70,29263.10,1,0
87018.580782,1149.1799,5,5,3.82441,-0.268033,0.976848,3.9703e+08,62.34,111268.60,24250.60,1,0
87033.795305,1148.9790,10,10,7.65167,-0.267661,0.059432,3.23236e+08,64.82,111494.60,24461.20,1,0
87205.483787,1146.7169,1,1,0.76831,-0.263562,-0.764470,1.48011e+07,79.66,111993.00,24788.00,1,0
87209.890760,1146.6589,1,1,0.768389,-0.263459,0.995829,1.29974e+08,67.75,117044.60,29835.10,1,0
87214.382851,1146.5999,1,1,0.768469,-0.263354,1.617940,2.71981e+08,59.75,118468.80,31254.70,1,0
87233.698309,1146.3460,4,4,3.07526,-0.262906,0.463009,1.84573e+08,63.28,110880.90,23647.80,1,0
87255.478828,1146.0598,1,1,0.769201,-0.262402,1.179319,5.10714e+07,64.06,103344.40,16089.10,1,0
87270.006832,1145.8691,4,4,3.07783,-0.262068,0.310354,2.78242e+08,72.89,117775.30,30505.70,1,0
87301.485099,1145.4559,10,10,7.70012,-0.261349,-0.567215,2.50751e+08,65.33,116021.80,28720.70,1,0
87357.167910,1144.7258,10,10,7.70982,-0.260090,-0.013815,3.49208e+08,73.33,113291.70,25935.00,1,0
87417.400936,1143.9370,4,4,3.08806,-0.258750,0.294220,2.15062e+08,71.14,114797.10,27380.30,1,0
87462.896131,1143.3420,50,50,38.6394,-0.257751,-0.333278,1.06285e+09,68.96,111109.90,23647.80,1,0
87487.520826,1143.0202,2,2,1.5464,-0.257216,0.502651,1.62892e+08,125.03,117323.10,29835.10,1,0
87505.296262,1142.7880,10,10,7.73498,-0.256832,0.336896,5.09338e+08,64.34,113600.10,26095.20,1,0
87575.798018,1141.8680,2,2,1.54933,-0.255325,0.372561,1.52285e+08,73.34,118081.10,30505.70,1,0
87588.908622,1141.6971,40,40,30.9952,-0.255048,-0.386003,1.23451e+09,71.61,116309.10,28720.70,1,0
87622.299260,1141.2620,3,3,2.32627,-0.254347,0.420121,1.65667e+08,72.81,113556.80,25935.00,1,0
87687.519322,1140.4131,200,200,155.294,-0.252996,-0.628158,3.23141e+09,71.82,111334.90,23647.80,1,0
87705.907259,1140.1741,30,30,23.3029,-0.252619,-2.976846,4.46108e+07,60.07,110880.90,23175.10,0,2
87733.083596,1139.8209,10,10,7.77194,-0.252066,-0.871989,1.92337e+08,68.61,116453.20,28720.70,1,0
87743.307663,1139.6881,10,10,7.77355,-0.251858,-3.922905,6.07224e+06,252.10,111494.60,23751.60,0,2
87777.419794,1139.2452,1,1,0.777889,-0.251172,1.256286,1.69626e+08,70.54,117044.60,29267.90,1,0
87799.568710,1138.9578,3,3,2.3347,-0.250729,0.190657,1.53364e+08,66.02,115403.30,27604.30,1,0
87810.022127,1138.8222,2,2,1.55679,-0.250521,0.998906,1.64722e+08,65.59,111342.40,23532.90,1,0
87855.617924,1138.2311,2,2,1.55819,-0.249621,0.283421,8.9596e+07,64.30,112643.10,24788.00,1,0
87882.278632,1137.8858,30,30,23.3851,-0.249100,0.086235,1.16366e+09,78.99,113291.70,25409.70,1,0
87895.569914,1137.7138,100,100,77.9704,-0.248841,-0.714715,2.08528e+09,70.11,115499.70,27604.30,1,0
87935.507268,1137.1971,20,20,15.6061,-0.248071,-0.459402,3.76375e+08,66.87,111109.90,23175.10,1,0
87962.198352,1136.8520,3,3,2.34211,-0.247560,2.074764,7.34532e+08,62.43,111494.60,23532.90,0,2
87979.520287,1136.6282,8,8,6.24768,-0.247231,0.316540,4.11349e+08,66.96,113914.20,25935.00,1,0
87985.495593,1136.5510,1,1,0.781049,-0.247118,1.004787,1.34343e+08,103.84,117248.20,29263.10,1,0
87990.687513,1136.4839,4,4,3.1245,-0.247019,-0.018671,7.48318e+07,63.43,105632.20,17642.10,1,0
88040.972922,1135.8348,1,1,0.781863,-0.246075,1.564877,8.98384e+07,62.87,105450.20,17409.60,1,0
88105.410214,1135.0041,300,300,234.838,-0.244885,-0.979031,6.20087e+09,67.53,118610.90,30505.70,1,0
88125.075070,1134.7508,8,8,6.26461,-0.244526,1.244664,9.79404e+08,63.73,113158.50,25033.90,1,0
88147.505966,1134.4620,4,4,3.13358,-0.244119,0.831837,3.34832e+08,62.87,113556.80,25409.70,1,0
88160.233779,1134.2983,50,50,39.1787,-0.243889,-0.549730,8.77027e+08,71.83,111334.90,23175.10,1,0
88272.876362,1132.8508,40,40,31.4057,-0.241890,-0.813602,8.94896e+08,63.04,117540.50,29267.90,1,0
88341.318456,1131.9731,1,1,0.786073,-0.240706,0.595744,5.82549e+07,65.32,111993.00,23651.90,1,0
88361.173154,1131.7188,2,2,1.57268,-0.240366,1.874351,5.57181e+08,63.40,115499.70,27138.50,0,2
88373.717991,1131.5581,10,10,7.86507,-0.240153,0.190333,6.81439e+08,71.75,118879.30,30505.70,1,0
88395.207112,1131.2831,8,8,6.29435,-0.239790,-0.607261,1.28276e+08,65.15,110922.20,22527.70,1,0
88418.280090,1130.9878,15,15,11.8065,-0.239402,-5.880826,2.14127e+06,1778.76,117686.40,29267.90,0,2
88436.627019,1130.7532,2,2,1.57468,-0.239095,0.372656,1.55686e+08,86.55,118271.60,29835.10,1,0
88444.391968,1130.6539,1,1,0.787442,-0.238966,1.842091,1.94625e+08,62.19,111494.60,23050.60,0,2
88504.502475,1129.8860,3,3,2.36467,-0.237974,0.882089,2.72453e+08,66.90,113914.20,25409.70,1,0
88512.409964,1129.7851,10,10,7.88325,-0.237845,-0.414935,3.40215e+08,66.06,117775.30,29263.10,1,0
88569.714221,1129.0541,1,1,0.789056,-0.236918,1.151830,1.41306e+08,69.49,116021.80,27452.40,1,0
88595.080364,1128.7308,1,1,0.789376,-0.236512,0.448353,4.7735e+07,62.08,111342.40,22747.70,1,0
88702.274884,1127.3668,40,40,31.6282,-0.234831,-0.388975,1.09624e+09,64.39,114797.10,26095.20,1,0
88722.713022,1127.1071,4,4,3.16381,-0.234517,0.317937,1.54434e+08,69.62,110333.60,21611.20,1,0
88728.789338,1127.0299,2,2,1.58205,-0.234424,-3.588048,6.68568e+06,91.46,128214.20,39485.50,0,2
88746.722427,1126.8022,5,5,3.95622,-0.234150,0.266593,2.42976e+08,79.97,113780.30,25033.90,1,0
88799.832209,1126.1283,300,300,237.564,-0.233347,-1.964101,2.2224e+09,70.33,118063.00,29263.10,1,0
88815.083784,1125.9349,4,4,3.16824,-0.233118,1.097290,3.65699e+08,68.38,111342.40,22527.70,1,0
88818.217909,1125.8951,5,5,3.96048,-0.233072,0.771302,4.37436e+08,71.87,114797.10,25979.30,1,0
88841.813842,1125.5961,20,20,15.8475,-0.232721,0.179091,7.05462e+08,63.63,110922.20,22080.90,1,0
88853.987155,1125.4419,5,5,3.96259,-0.232541,1.127345,7.83503e+08,68.95,117574.50,28720.70,1,0
88915.117680,1124.6681,30,30,23.7968,-0.231646,-0.139188,7.33809e+08,66.15,110333.60,21418.80,1,0
88966.877499,1124.0138,1,1,0.793817,-0.230902,0.444605,4.82192e+07,70.00,111494.60,22527.70,1,0
88974.302595,1123.9200,15,15,11.9085,-0.230796,0.156751,7.47262e+08,69.76,115420.80,26447.00,1,0
88991.093985,1123.7080,1,1,0.794091,-0.230557,1.712461,1.68215e+08,60.64,111268.60,22277.70,1,0
89039.017487,1123.1031,2,2,1.58925,-0.229883,1.154529,1.78446e+08,62.06,110333.60,21294.90,1,0
89043.927063,1123.0412,1,1,0.794681,-0.229814,-0.490541,3.45887e+07,223.83,118879.30,29835.10,1,0
89095.905019,1122.3860,7,7,5.56677,-0.229095,0.469052,4.09436e+08,71.07,113556.80,24461.20,1,0
89229.392799,1120.7069,3,3,2.39005,-0.227298,1.461153,5.46837e+08,76.39,115324.50,26095.20,1,0
89248.811907,1120.4631,1,1,0.796887,-0.227043,1.146171,1.09117e+08,95.49,112896.30,23647.80,1,0
89261.802981,1120.3000,4,4,3.18809,-0.226873,0.719151,2.50861e+08,75.18,111342.40,22080.90,1,0
89265.219024,1120.2572,1,1,0.797058,-0.226828,-0.311670,3.91571e+07,146.46,118201.40,28936.50,1,0
89309.797576,1119.6980,2,2,1.59504,-0.226251,0.887037,1.81035e+08,65.11,113780.30,24470.90,1,0
89314.725408,1119.6362,30,30,23.9271,-0.226187,-0.948213,4.1189e+08,62.93,113158.50,23844.60,1,0
89314.725408,1119.6362,30,30,23.9271,-0.226187,-1.093886,4.65899e+08,73.73,116453.20,27138.50,1,0
89327.991180,1119.4699,10,10,7.97704,-0.226017,0.748328,7.25581e+08,64.23,112769.70,23442.30,1,0
89346.276994,1119.2408,40,40,31.9156,-0.225784,-0.219031,9.45565e+08,64.27,110880.90,21535.20,1,0
89353.292494,1119.1529,40,40,31.9185,-0.225695,-0.175220,1.47599e+09,64.17,115800.20,26447.00,1,0
89387.619622,1118.7232,4,4,3.19323,-0.225261,-2.039750,1.53622e+07,88.33,110922.20,21535.20,0,2
89404.808707,1118.5081,30,30,23.9544,-0.225046,-0.442731,8.26699e+08,83.76,115499.70,26095.20,1,0
89413.828992,1118.3952,15,15,11.9785,-0.224933,0.199644,5.66686e+08,60.86,111494.60,22080.90,1,0
89443.286710,1118.0269,8,8,6.39089,-0.224568,0.014138,3.05882e+08,66.99,113914.20,24470.90,1,0
89447.286850,1117.9769,20,20,15.978,-0.224519,0.411245,1.08117e+09,76.95,113291.70,23844.60,1,0
89453.111833,1117.9041,5,5,3.99479,-0.224447,1.478217,8.26572e+08,65.68,113914.20,24461.20,1,0
89485.474783,1117.4998,6,6,4.79565,-0.224050,0.800751,3.76136e+08,61.35,110333.60,20848.40,1,0
89485.474783,1117.4998,6,6,4.79565,-0.224050,-2.351973,2.4347e+07,81.95,115420.80,25935.00,0,2
89507.090551,1117.2299,3,3,2.39845,-0.223788,-0.002407,1.06083e+08,67.94,113158.50,23651.90,1,0
89551.093515,1116.6809,30,30,23.9972,-0.223259,0.236506,2.0448e+09,69.87,118271.60,28720.70,1,0
89575.084040,1116.3819,30,30,24.0041,-0.222973,-3.262325,4.30076e+07,76.87,113825.50,24250.60,0,2
89575.084040,1116.3819,30,30,24.0041,-0.222973,0.461516,2.13126e+09,64.46,116021.80,26447.00,1,0
89594.585153,1116.1389,50,50,40.016,-0.222743,-0.540605,1.00001e+09,66.48,112769.70,23175.10,1,0
89627.812445,1115.7251,15,15,12.0095,-0.222353,0.043347,4.62657e+08,70.26,110922.20,21294.90,1,0
89640.195885,1115.5710,30,30,24.0224,-0.222209,0.225682,1.3473e+09,73.57,113291.70,23651.90,1,0
89657.708350,1115.3531,1,1,0.80091,-0.222007,1.367670,1.19288e+08,70.73,111268.60,21611.20,1,0
89693.186388,1114.9119,60,60,48.0742,-0.221599,0.089638,2.85626e+09,66.77,115672.30,25979.30,1,0
89731.492415,1114.4359,1,1,0.801585,-0.221164,1.102066,9.20176e+07,73.42,111342.40,21611.20,1,0
89748.223194,1114.2282,20,20,16.0347,-0.220976,0.757499,2.33265e+09,63.71,118468.80,28720.70,1,0
89786.508852,1113.7531,10,10,8.02078,-0.220549,0.015495,3.74192e+08,78.22,113630.90,23844.60,1,0
89807.801407,1113.4890,10,10,8.02267,-0.220314,0.255709,3.94734e+08,65.16,111342.40,21535.20,1,0
89850.090999,1112.9649,10,10,8.02638,-0.219851,0.591813,5.491e+08,66.71,111268.60,21418.80,1,0
89883.688823,1112.5489,5,5,4.01465,-0.219488,0.233407,1.95422e+08,74.28,111494.60,21611.20,1,0
89895.712682,1112.4001,1,1,0.803033,-0.219359,1.344576,1.30402e+08,74.97,112643.10,22747.70,1,0
89906.393630,1112.2679,30,30,24.0937,-0.219245,0.227878,1.83416e+09,68.59,117044.60,27138.50,1,0
89914.974863,1112.1618,10,10,8.03198,-0.219154,-0.001315,4.22482e+08,81.69,115324.50,25409.70,1,0
89924.008591,1112.0501,5,5,4.01638,-0.219058,1.025475,4.2615e+08,68.41,111342.40,21418.80,1,0
89935.990066,1111.9019,10,10,8.03377,-0.218931,0.227455,4.68192e+08,89.47,113780.30,23844.60,1,0
89952.806500,1111.6941,100,100,80.3519,-0.218754,-0.352885,2.58223e+09,69.30,113600.10,23647.80,1,0
89970.520933,1111.4752,10,10,8.03669,-0.218568,0.512661,8.48716e+08,81.34,117574.50,27604.30,1,0
89978.795167,1111.3730,3,3,2.41121,-0.218482,0.072637,1.1885e+08,94.81,113630.90,23651.90,1,0
89994.903797,1111.1740,50,50,40.1936,-0.218314,-1.655239,5.40092e+08,85.84,118879.30,28885.10,1,0
90006.179123,1111.0348,1,1,0.803966,-0.218198,2.195101,4.16562e+08,71.76,116453.20,26447.00,0,2
90017.279060,1110.8978,1,1,0.804059,-0.218083,0.038188,2.92436e+07,71.49,110333.60,20315.70,1,0
90047.903310,1110.5200,200,200,160.862,-0.217770,-1.529589,1.32414e+09,68.98,111342.40,21294.90,1,0
90076.119506,1110.1722,30,30,24.1362,-0.217483,0.173006,1.10366e+09,69.18,111494.60,21418.80,1,0
90128.812726,1109.5231,15,15,12.0745,-0.216956,-0.885024,2.30834e+08,85.12,113780.30,23651.90,1,0
90158.625982,1109.1562,200,200,161.041,-0.216661,-0.271856,8.61487e+09,71.21,118879.30,28720.70,1,0
90186.204491,1108.8170,500,500,402.71,-0.216391,-0.088859,1.71323e+10,71.87,113833.90,23647.80,1,0
90194.995520,1108.7090,20,20,16.1098,-0.216306,-0.651568,5.32906e+08,66.56,117647.20,27452.40,1,0
90199.973080,1108.6478,3,3,2.41658,-0.216258,1.043042,2.63404e+08,68.18,111494.60,21294.90,1,0
90259.974577,1107.9108,80,80,64.4794,-0.215681,-0.487029,2.23978e+09,69.07,116238.70,25979.30,1,0
90259.974577,1107.9108,80,80,64.4794,-0.215681,-7.875456,1.32218e+06,727.89,115670.00,25409.70,0,2
90262.401099,1107.8810,20,20,16.1202,-0.215658,-0.002580,7.51872e+08,68.80,113914.20,23651.90,1,0
90290.511278,1107.5361,100,100,80.6225,-0.215393,-0.765983,1.9658e+09,71.93,115324.50,25033.90,1,0
90338.488126,1106.9479,2,2,1.61317,-0.214945,0.940922,1.9103e+08,60.05,113780.30,23442.30,1,0
90369.590695,1106.5669,80,80,64.5454,-0.214658,-5.113900,2.04685e+07,408.32,115403.30,25033.90,0,2
90381.367620,1106.4227,20,20,16.1381,-0.214550,-1.540444,1.61498e+08,76.91,113914.20,23532.90,1,0
90390.497590,1106.3110,30,30,24.2091,-0.214467,-1.100579,4.38662e+08,72.40,115800.20,25409.70,1,0
90395.310073,1106.2521,3,3,2.42102,-0.214423,0.482719,2.51045e+08,71.15,117775.30,27380.30,1,0
90411.005062,1106.0600,4,4,3.22849,-0.214281,-0.083919,1.30301e+08,57.22,113158.50,22747.70,1,0
90457.476924,1105.4918,2,2,1.61492,-0.213864,1.424875,2.67808e+08,70.68,111993.00,21535.20,1,0
90466.121447,1105.3862,80,80,64.6016,-0.213787,-3.480460,1.05636e+08,532.19,115499.70,25033.90,0,2
90510.598464,1104.8430,2000,2000,1615.67,-0.213395,-1.272885,2.60339e+10,70.68,116489.80,25979.30,1,0
90536.673700,1104.5248,40,40,32.3208,-0.213168,-4.386654,2.10352e+07,469.87,115324.50,24788.00,0,2
90547.803090,1104.3890,4,4,3.23239,-0.213072,-0.421348,1.34512e+08,78.31,117686.40,27138.50,1,0
90565.510920,1104.1731,2,2,1.61644,-0.212919,1.301823,2.16202e+08,83.30,110880.90,20315.70,1,0
90597.778519,1103.7798,20,20,16.1689,-0.212644,-1.010506,3.54048e+08,84.10,117044.60,26447.00,1,0
90612.118067,1103.6051,10,10,8.08542,-0.212522,-0.109199,4.01047e+08,76.34,116021.80,25409.70,1,0
90632.725935,1103.3542,5,5,4.04341,-0.212349,-3.106673,9.52912e+06,696.96,115420.80,24788.00,0,2
90646.616547,1103.1851,8,8,6.47022,-0.212232,0.111112,2.76352e+08,68.70,111494.60,20848.40,1,0
90649.502205,1103.1500,15,15,12.1319,-0.212208,0.104428,2.07367e+09,78.66,128568.60,37919.60,1,0
90658.972911,1103.0348,400,400,323.544,-0.212129,-1.474025,3.42702e+09,72.21,113833.90,23175.10,1,0
90666.916582,1102.9381,1,1,0.808914,-0.212063,1.145249,1.68917e+08,77.50,118271.60,27604.30,1,0
90698.324421,1102.5562,20,20,16.1825,-0.211804,-0.572367,3.63224e+08,64.97,111993.00,21294.90,1,0
90711.820215,1102.3922,200,200,161.843,-0.211693,-0.299152,6.35487e+09,69.12,115499.70,24788.00,1,0
90749.114868,1101.9391,20,20,16.1892,-0.211391,-2.047730,1.37855e+08,434.41,118201.40,27452.40,0,2
90764.109449,1101.7571,100,100,80.9555,-0.211270,-0.050065,3.4035e+09,82.60,113291.70,22527.70,1,0
90853.503023,1100.6730,40,40,32.4051,-0.210563,-0.061464,1.58842e+09,76.07,115324.50,24470.90,1,0
90863.993654,1100.5459,1,1,0.810194,-0.210482,1.099402,1.12996e+08,71.90,113914.20,23050.60,1,0
90863.993654,1100.5459,1,1,0.810194,-0.210482,-1.159297,1.7122e+07,133.81,118468.80,27604.30,1,0
90866.569581,1100.5147,2,2,1.62042,-0.210462,1.192704,3.55404e+08,77.47,118318.60,27452.40,1,0
90876.972363,1100.3888,4,4,3.2411,-0.210381,0.205469,3.40085e+08,70.23,121382.60,30505.70,1,0
90925.385041,1099.8029,200,200,162.115,-0.210011,-0.175410,1.16626e+10,71.33,121431.20,30505.70,1,0
90942.495015,1099.5960,4,4,3.24272,-0.209881,1.611176,1.05916e+09,73.08,118081.10,27138.50,1,0
90950.010935,1099.5051,20,20,16.2145,-0.209825,0.062202,9.0556e+08,68.94,115420.80,24470.90,1,0
90959.608810,1099.3891,7,7,5.67549,-0.209752,0.134845,3.40815e+08,67.75,115420.80,24461.20,1,0
90988.091165,1099.0449,40,40,32.4383,-0.209540,-2.730576,1.16494e+08,263.70,116021.80,25033.90,0,2
91013.774338,1098.7348,1,1,0.811112,-0.209350,1.935778,2.37413e+08,78.43,112769.70,21755.80,0,2
91027.186947,1098.5729,40,40,32.4477,-0.209251,-2.211170,1.33647e+08,68.55,111342.40,20315.70,0,2
91027.186947,1098.5729,40,40,32.4477,-0.209251,-0.140700,2.43409e+09,70.79,121532.50,30505.70,1,0
91032.717731,1098.5061,4,4,3.2449,-0.209211,0.665138,2.89417e+08,74.82,113780.30,22747.70,1,0
91050.121246,1098.2962,40,40,32.4531,-0.209084,0.031421,1.21611e+09,69.98,110922.20,19872.40,1,0
91077.410982,1097.9671,1,1,0.811488,-0.208886,2.005879,2.62801e+08,68.04,113158.50,22080.90,0,2
91108.292158,1097.5949,100,100,81.1667,-0.208665,-0.585369,1.68743e+09,68.69,111268.60,20160.40,1,0
91145.403603,1097.1480,50,50,40.594,-0.208402,-0.196535,1.8211e+09,104.62,115933.10,24788.00,1,0
91180.077219,1096.7308,20,20,16.2415,-0.208160,-0.804733,2.62496e+08,69.19,110880.90,19700.90,1,0
91180.077219,1096.7308,20,20,16.2415,-0.208160,-0.197533,8.84e+08,72.66,118318.60,27138.50,1,0
91210.319955,1096.3672,10,10,8.12247,-0.207951,-0.293878,2.66286e+08,145.10,113291.70,22080.90,1,0
91230.802303,1096.1210,100,100,81.2361,-0.207810,0.358273,7.89001e+09,74.58,118610.90,27380.30,1,0
91234.209735,1096.0801,50,50,40.619,-0.207787,0.835613,5.14729e+09,70.27,116021.80,24788.00,1,0
91252.879532,1095.8558,30,30,24.3745,-0.207660,-0.244994,8.72861e+08,108.94,113780.30,22527.70,1,0
91260.376578,1095.7658,100,100,81.2524,-0.207609,0.008103,6.80773e+09,70.42,121095.20,29835.10,1,0
91275.282704,1095.5869,60,60,48.7564,-0.207509,-2.330600,2.66562e+08,102.72,116309.10,25033.90,0,2
91275.282704,1095.5869,60,60,48.7564,-0.207509,-1.031598,1.20517e+09,71.60,118879.30,27604.30,1,0
91330.203649,1094.9280,80,80,65.0323,-0.207143,-0.245413,3.41011e+09,73.29,118468.80,27138.50,1,0
91334.386426,1094.8779,30,30,24.3878,-0.207116,0.264949,1.20571e+09,72.48,111494.60,20160.40,1,0
91338.208519,1094.8321,1,1,0.812946,-0.207091,0.102849,4.85647e+07,85.94,115800.20,24461.20,1,0
91343.622111,1094.7672,15,15,12.1946,-0.207055,0.470948,6.73764e+08,73.70,110333.60,18990.10,1,0
91354.491483,1094.6369,1,1,0.813033,-0.206984,1.415005,1.66188e+08,68.85,114797.10,23442.30,1,0
91386.386470,1094.2549,80,80,65.0561,-0.206777,-0.211475,2.432e+09,70.44,113914.20,22527.70,1,0
91402.819076,1094.0582,3,3,2.43986,-0.206671,0.788298,2.3301e+08,67.13,113158.50,21755.80,1,0
91441.016661,1093.6011,1,1,0.813486,-0.206427,1.035989,3.46626e+08,77.64,128453.20,37011.90,1,0
91470.120857,1093.2532,80,80,65.0908,-0.206243,0.218712,3.03019e+09,66.77,111342.40,19872.40,1,0
91475.814837,1093.1851,60,60,48.8199,-0.206208,0.209062,2.6966e+09,70.67,113556.80,22080.90,1,0
91498.825010,1092.9102,20,20,16.2756,-0.206064,0.003742,1.13014e+09,75.22,118879.30,27380.30,1,0
91530.771284,1092.5288,2,2,1.62788,-0.205867,0.825098,1.56036e+08,70.33,112769.70,21238.80,1,0
91530.771284,1092.5288,2,2,1.62788,-0.205867,-4.439634,2.8458e+06,76.08,128214.20,36683.20,0,2
91547.826546,1092.3252,20,20,16.2805,-0.205762,-2.466023,6.32844e+07,67.47,113825.50,22277.70,0,2
91547.826546,1092.3252,20,20,16.2805,-0.205762,-0.008669,1.3689e+09,69.46,121382.60,29835.10,1,0
91549.874554,1092.3008,20,20,16.2807,-0.205750,0.473245,1.17734e+09,72.73,113630.90,22080.90,1,0
91549.874554,1092.3008,20,20,16.2807,-0.205750,-1.670541,1.64725e+08,76.26,115800.20,24250.60,1,0
91572.404776,1092.0320,2,2,1.6283,-0.205613,-0.031083,5.68012e+07,86.70,110880.90,19308.90,1,0
91576.510108,1091.9831,3,3,2.4425,-0.205588,1.014976,3.51279e+08,65.35,115420.80,23844.60,1,0
91634.411136,1091.2931,2,2,1.6289,-0.205242,-2.573442,7.38853e+06,178.10,117044.60,25409.70,0,2
91634.411136,1091.2931,2,2,1.6289,-0.205242,-0.874228,4.39804e+07,243.68,118081.10,26447.00,1,0
91655.088238,1091.0469,2,2,1.6291,-0.205120,-0.274730,6.48746e+07,119.28,115499.70,23844.60,1,0
91669.427727,1090.8762,2,2,1.62924,-0.205036,2.713071,1.27889e+09,72.71,115420.80,23751.60,0,2
91672.574581,1090.8388,2,2,1.62927,-0.205018,0.669534,1.64405e+08,160.62,115324.50,23651.90,1,0
91680.977297,1090.7388,5,5,4.07336,-0.204969,0.511100,2.97153e+08,91.32,113291.70,21611.20,1,0
91698.016047,1090.5361,200,200,162.951,-0.204870,-1.417289,3.38537e+09,77.44,121532.50,29835.10,1,0
91712.314125,1090.3661,10,10,8.14821,-0.204787,0.142059,5.86199e+08,70.26,117647.20,25935.00,1,0
91712.314125,1090.3661,10,10,8.14821,-0.204787,-8.383826,278455,6054.44,128352.80,36640.40,0,2
91749.781869,1089.9208,1,1,0.814995,-0.204573,1.398663,1.20777e+08,70.81,111109.90,19360.10,1,0
91756.230052,1089.8443,4,4,3.2601,-0.204536,-0.215266,1.14932e+08,142.89,113291.70,21535.20,1,0
91756.230052,1089.8443,4,4,3.2601,-0.204536,-0.911816,6.80429e+07,72.21,115403.30,23647.80,1,0
91801.078613,1089.3118,8,8,6.52184,-0.204284,-2.319303,2.34566e+07,102.79,111109.90,19308.90,0,2
91801.078613,1089.3118,8,8,6.52184,-0.204284,-0.072200,9.13896e+08,72.03,128453.20,36652.30,1,0
91813.291133,1089.1669,1,1,0.815286,-0.204216,-2.980278,6.23473e+06,202.42,128453.20,36640.40,0,2
91833.008485,1088.9331,30,30,24.4612,-0.204107,-0.316823,8.19e+08,74.22,113914.20,22080.90,1,0
91856.116113,1088.6591,500,500,407.739,-0.203981,-0.470944,2.10632e+10,73.64,121119.20,29263.10,1,0
91863.481800,1088.5718,20,20,16.3102,-0.203940,-0.316122,5.13619e+08,73.84,113158.50,21294.90,1,0
91881.931378,1088.3533,10,10,8.15593,-0.203840,1.271123,1.49855e+09,70.89,115324.50,23442.30,1,0
91887.787911,1088.2839,10,10,8.15619,-0.203808,-1.201275,1.27445e+08,111.43,115420.80,23532.90,1,0
91928.314773,1087.8041,100,100,81.5796,-0.203591,-0.249845,9.6482e+09,71.32,128568.60,36640.40,1,0
91945.490485,1087.6009,4,4,3.26348,-0.203500,0.531666,2.47618e+08,68.23,113556.80,21611.20,1,0
91960.974962,1087.4178,2,2,1.63187,-0.203418,1.747746,4.85624e+08,67.51,115403.30,23442.30,1,0
91965.695988,1087.3620,1,1,0.815957,-0.203393,1.588777,2.07204e+08,80.63,115408.40,23442.30,1,0
91974.998553,1087.2520,4,4,3.26399,-0.203344,1.041968,3.44016e+08,74.03,111334.90,19360.10,1,0
91982.424706,1087.1642,4,4,3.26412,-0.203306,1.421751,7.63684e+08,75.45,116453.20,24470.90,1,0
91996.907332,1086.9931,5,5,4.08045,-0.203230,0.923999,4.4829e+08,121.34,113291.70,21294.90,1,0
92021.709974,1086.7001,40,40,32.6478,-0.203102,-2.077080,2.72104e+08,86.68,118468.80,26447.00,0,2
92048.126114,1086.3882,2,2,1.63261,-0.202966,2.440362,1.00219e+09,74.63,115800.20,23751.60,0,2
92053.812822,1086.3211,3,3,2.44899,-0.202937,0.811921,1.88228e+08,79.89,110295.20,18241.50,1,0
92057.297940,1086.2800,2,2,1.63269,-0.202920,-0.693542,4.25834e+07,2530.84,115499.70,23442.30,1,0
92088.222657,1085.9152,40,40,32.6589,-0.202763,-0.508604,1.06138e+09,80.59,115933.10,23844.60,1,0
92095.610093,1085.8281,20,20,16.33,-0.202726,0.276243,9.64e+08,72.44,113630.90,21535.20,1,0
92120.808491,1085.5311,20,20,16.3321,-0.202600,-0.204578,5.21365e+08,63.74,111993.00,19872.40,1,0
92128.977983,1085.4348,1,1,0.816638,-0.202560,0.499297,6.03985e+07,299.19,113664.60,21535.20,1,0
92167.921698,1084.9762,15,15,12.2519,-0.202368,0.403133,1.55074e+09,78.63,121431.20,29263.10,1,0
92176.693009,1084.8729,10,10,8.16829,-0.202325,0.059436,4.71437e+08,72.76,116021.80,23844.60,1,0
92176.693009,1084.8729,10,10,8.16829,-0.202325,-0.725109,2.58492e+08,72.86,118271.60,26095.20,1,0
92215.428138,1084.4172,500,500,408.491,-0.202138,-0.921515,3.60286e+10,70.55,133242.30,41026.90,1,0
92228.618037,1084.2622,8,8,6.53627,-0.202075,0.238734,4.28872e+08,75.51,115403.30,23175.10,1,0
92233.579637,1084.2038,7,7,5.71937,-0.202051,-0.017798,2.90464e+08,73.67,115408.40,23175.10,1,0
92237.578756,1084.1568,20,20,16.3414,-0.202032,-0.637195,5.36248e+08,71.86,117647.20,25409.70,1,0
92244.888770,1084.0709,1,1,0.817097,-0.201997,1.001341,1.00661e+08,284.84,113780.30,21535.20,1,0
92256.382243,1083.9358,20,20,16.3428,-0.201943,-1.332431,2.4818e+08,71.86,116727.10,24470.90,1,0
92256.382243,1083.9358,20,20,16.3428,-0.201943,-0.550257,5.56817e+08,73.96,117044.60,24788.00,1,0
92261.486318,1083.8759,40,40,32.6865,-0.201919,-1.435095,3.45799e+08,77.03,113556.80,21294.90,1,0
92266.682100,1083.8148,10,10,8.17182,-0.201894,-1.001058,1.60238e+08,85.26,115800.20,23532.90,1,0
92266.682100,1083.8148,10,10,8.17182,-0.201894,-1.688173,9.80548e+07,105.76,118201.40,25935.00,1,0
92276.709115,1083.6971,2,2,1.63444,-0.201847,-0.434960,6.58386e+07,133.83,117686.40,25409.70,1,0
92289.402786,1083.5480,5,5,4.08634,-0.201787,0.265317,1.84881e+08,73.52,110531.00,18241.50,1,0
92289.402786,1083.5480,5,5,4.08634,-0.201787,-1.413043,6.00806e+07,374.44,117323.10,25033.90,1,0
92302.604962,1083.3930,10,10,8.17319,-0.201726,0.709264,7.59636e+08,69.58,113914.20,21611.20,1,0
92336.010514,1083.0011,10,10,8.17445,-0.201571,-0.509555,2.19356e+08,69.26,113630.90,21294.90,1,0
92346.229191,1082.8812,40,40,32.6994,-0.201524,0.023545,7.48955e+09,72.11,133373.00,41026.90,1,0
92361.369408,1082.7037,50,50,40.877,-0.201455,-0.525565,1.07648e+09,71.52,113600.10,21238.80,1,0
92383.427039,1082.4452,8,8,6.54098,-0.201355,0.508074,7.11564e+08,95.61,118318.60,25935.00,1,0
92413.682341,1082.0908,20,20,16.3547,-0.201219,-3.756558,1.41394e+07,70.51,111334.90,18921.20,0,2
92417.598936,1082.0450,10,10,8.17748,-0.201201,-2.593635,3.51208e+07,1417.02,116727.10,24309.20,0,2
92443.124762,1081.7462,10,10,8.17841,-0.201088,0.065114,3.78798e+08,162.34,113291.70,20848.40,1,0
92476.490314,1081.3559,20,20,16.3592,-0.200941,-0.340809,6.6807e+08,82.32,116727.10,24250.60,1,0
92485.387331,1081.2519,5,5,4.08996,-0.200902,0.291662,2.47154e+08,169.61,113780.30,21294.90,1,0
92488.983075,1081.2099,5,5,4.09003,-0.200886,0.834041,5.10457e+08,71.81,116021.80,23532.90,1,0
92515.681258,1080.8978,100,100,81.81,-0.200771,-0.204037,4.46531e+09,69.62,118610.90,26095.20,1,0
92524.307546,1080.7971,6,6,4.90878,-0.200733,0.487747,1.18499e+09,70.15,128352.80,35828.50,1,0
92553.275463,1080.4588,300,300,245.47,-0.200609,-0.898133,1.48506e+10,74.12,128381.60,35828.50,1,0
92576.578745,1080.1868,50,50,40.9156,-0.200511,-0.008279,2.07577e+09,68.64,115324.50,22747.70,1,0
92583.178571,1080.1098,20,20,16.3667,-0.200483,0.061553,1.02451e+09,78.68,117044.60,24461.20,1,0
92639.599200,1079.4520,100,100,81.8528,-0.200248,-0.466776,1.8256e+09,70.17,110880.90,18241.50,1,0
92655.395601,1079.2680,60,60,49.1149,-0.200183,-0.142999,2.18987e+09,74.65,115403.30,22747.70,1,0
92660.892573,1079.2039,1,1,0.8186,-0.200160,-1.434334,1.08028e+07,79.60,116309.10,23647.80,1,0
92671.703897,1079.0780,50,50,40.9318,-0.200116,0.916973,6.55308e+09,71.24,118081.10,25409.70,1,0
92673.414050,1079.0581,50,50,40.9321,-0.200109,0.934662,5.36821e+09,67.12,115420.80,22747.70,1,0
92677.293864,1079.0129,10,10,8.18655,-0.200093,-4.205307,5.52132e+06,69.14,113825.50,21148.40,0,2
92706.592730,1078.6719,1,1,0.818752,-0.199974,0.609433,5.1192e+07,71.13,110333.60,17627.00,1,0
92786.591550,1077.7419,4,4,3.27605,-0.199656,-2.231067,2.15806e+07,216.17,117574.50,24788.00,0,2
92796.818113,1077.6232,2,2,1.63809,-0.199616,0.891883,2.03954e+08,123.44,115324.50,22527.70,1,0
92801.305519,1077.5710,30,30,24.5718,-0.199599,-0.004993,1.36807e+09,72.84,116453.20,23651.90,1,0
92811.625983,1077.4512,10,10,8.19092,-0.199558,0.575491,1.23336e+09,77.23,121532.50,28720.70,1,0
92817.593861,1077.3819,20,20,16.3822,-0.199535,0.766233,1.25141e+09,74.35,110880.90,18063.40,1,0
92858.977195,1076.9018,40,40,32.7697,-0.199376,0.670584,2.28155e+09,73.25,110922.20,18063.40,1,0
92858.977195,1076.9018,40,40,32.7697,-0.199376,-2.627599,1.45952e+08,85.97,117647.20,24788.00,0,2
92868.610761,1076.7901,10,10,8.19272,-0.199339,1.257222,1.04128e+09,76.19,111109.90,18241.50,1,0
92908.723144,1076.3252,30,30,24.5819,-0.199187,0.120017,1.80382e+09,91.11,118318.60,25409.70,1,0
92972.585662,1075.5859,10,10,8.19591,-0.198950,-1.260545,1.20059e+08,94.68,115499.70,22527.70,1,0
92977.224546,1075.5322,10,10,8.19605,-0.198933,1.422947,1.53272e+09,74.09,113825.50,20848.40,1,0
93010.521256,1075.1472,1,1,0.819704,-0.198812,1.665621,2.4204e+08,74.36,116453.20,23442.30,1,0
93046.983980,1074.7259,5,5,4.09906,-0.198680,0.186794,3.14919e+08,70.50,118081.10,25033.90,1,0
93058.770278,1074.5897,7,7,5.73893,-0.198638,-0.564229,2.14717e+08,140.13,118468.80,25409.70,1,0
93065.224791,1074.5152,100,100,81.9865,-0.198615,-1.328860,9.84546e+08,74.86,113914.20,20848.40,1,0
93068.796910,1074.4740,5,5,4.09938,-0.198602,0.771457,3.66258e+08,72.19,112769.70,19700.90,1,0
93079.286605,1074.3529,7,7,5.73935,-0.198565,0.873003,8.37688e+08,73.39,117540.50,24461.20,1,0
93118.430362,1073.9013,200,200,164.004,-0.198427,-0.423988,8.32661e+09,72.23,120498.70,27380.30,1,0
93185.701329,1073.1260,200,200,164.042,-0.198195,-1.462437,2.02973e+09,69.52,115933.10,22747.70,1,0
93231.400191,1072.6000,30,30,24.6101,-0.198040,0.114582,1.67976e+09,74.83,117540.50,24309.20,1,0
93237.584127,1072.5289,100,100,82.0355,-0.198019,0.369542,7.66914e+09,72.42,118271.60,25033.90,1,0
93243.028018,1072.4662,20,20,16.4074,-0.198000,0.385728,1.22554e+09,84.86,115324.50,22080.90,1,0
93246.607963,1072.4251,5,5,4.1019,-0.197988,-1.785752,2.86504e+07,80.85,112896.30,19649.70,1,0
93253.817841,1072.3422,20,20,16.408,-0.197964,-1.024559,2.0812e+08,81.59,110880.90,17627.00,1,0
93274.191498,1072.1079,50,50,41.0227,-0.197896,-0.868472,9.25112e+08,77.52,116021.80,22747.70,1,0
93276.982453,1072.0758,10,10,8.20462,-0.197887,-3.297370,4.54016e+07,84.84,128568.60,35291.00,0,2
93286.381083,1071.9678,10,10,8.20488,-0.197856,1.436639,1.46823e+09,71.89,113158.50,19872.40,1,0
93295.317658,1071.8652,200,200,164.102,-0.197826,-1.026554,2.08343e+09,70.64,110922.20,17627.00,1,0
93328.224924,1071.4872,100,100,82.0601,-0.197719,-0.188433,9.98743e+09,80.76,128352.80,35024.50,1,0
93333.903287,1071.4220,300,300,246.185,-0.197700,-0.493537,6.1267e+09,71.98,112643.10,19308.90,1,0
93392.489723,1070.7499,3,3,2.46231,-0.197511,0.810297,3.23068e+08,78.40,117044.60,23651.90,1,0
93409.588906,1070.5539,80,80,65.6653,-0.197456,-0.359228,1.88698e+09,71.51,112769.70,19360.10,1,0
93417.697582,1070.4610,60,60,49.2502,-0.197431,-3.764883,3.91196e+07,74.56,110531.00,17113.20,0,2
93428.603176,1070.3360,10,10,8.20865,-0.197396,0.427088,1.8621e+09,77.58,128453.20,35024.50,1,0
93468.322120,1069.8812,500,500,410.484,-0.197272,-1.296750,2.44476e+10,74.76,133194.30,39726.00,1,0
93478.206860,1069.7681,20,20,16.4199,-0.197241,1.074003,2.86628e+09,84.31,117323.10,23844.60,1,0
93483.288953,1069.7099,40,40,32.8402,-0.197225,-3.673864,5.37005e+07,625.29,118271.60,24788.00,0,2
93490.983887,1069.6219,100,100,82.1026,-0.197201,-0.329347,4.79161e+09,77.15,121095.20,27604.30,1,0
93511.695069,1069.3850,60,60,49.2647,-0.197137,-0.209101,2.32924e+09,71.90,117044.60,23532.90,1,0
93522.191955,1069.2649,5,5,4.10552,-0.197105,1.085942,6.40206e+08,74.64,115800.20,22277.70,1,0
93535.911138,1069.1081,20,20,16.4228,-0.197063,0.534098,1.16344e+09,76.46,112896.30,19360.10,1,0
93558.312675,1068.8521,500,500,410.598,-0.196995,-0.663806,1.02504e+10,74.09,114797.10,21238.80,1,0
93561.113295,1068.8201,5,5,4.10601,-0.196986,1.923044,1.54091e+09,62.60,116309.10,22747.70,0,2
93652.321575,1067.7792,20,20,16.4285,-0.196713,-0.664975,4.30175e+08,87.64,115408.40,21755.80,1,0
93676.572729,1067.5028,50,50,41.0742,-0.196642,0.491790,3.80735e+09,77.60,116727.10,23050.60,1,0
93684.192577,1067.4159,40,40,32.8601,-0.196620,0.859414,3.39604e+09,70.14,113556.80,19872.40,1,0
93706.025978,1067.1672,10,10,8.21555,-0.196556,0.238897,5.78119e+08,73.18,116453.20,22747.70,1,0
93714.722486,1067.0682,20,20,16.4315,-0.196531,0.463099,2.11309e+09,72.11,121095.20,27380.30,1,0
93729.827138,1066.8962,200,200,164.322,-0.196487,-0.490314,6.10964e+09,81.89,117574.50,23844.60,1,0
93758.498231,1066.5700,20,20,16.4336,-0.196405,1.053944,2.07397e+09,70.26,113630.90,19872.40,1,0
93767.715770,1066.4651,3,3,2.4651,-0.196379,0.633430,1.63216e+08,74.28,110880.90,17113.20,1,0
93778.288729,1066.3449,100,100,82.1726,-0.196349,-0.920892,2.70895e+09,71.40,121382.60,27604.30,1,0
93789.005844,1066.2231,20,20,16.435,-0.196318,-0.136106,7.2426e+08,76.67,115324.50,21535.20,1,0
93789.005844,1066.2231,20,20,16.435,-0.196318,-0.229715,7.90292e+08,72.98,117540.50,23751.60,1,0
93800.799434,1066.0890,20,20,16.4356,-0.196285,-5.548578,2.33261e+06,181.65,111334.90,17534.80,0,2
93805.621681,1066.0342,500,500,410.895,-0.196271,-0.577319,1.36253e+10,79.37,117248.20,23442.30,1,0
93845.086930,1065.5859,10,10,8.2188,-0.196161,0.731976,1.15259e+09,79.10,118879.30,25033.90,1,0
93867.522383,1065.3312,40,40,32.8773,-0.196098,-0.295865,1.24184e+09,75.83,115403.30,21535.20,1,0
93885.416732,1065.1281,20,20,16.4394,-0.196049,-0.096549,7.58854e+08,70.29,115420.80,21535.20,1,0
93899.283401,1064.9709,40,40,32.8801,-0.196011,0.379286,2.10504e+09,76.76,113600.10,19700.90,1,0
93907.813409,1064.8741,10,10,8.22023,-0.195987,-0.073164,3.39673e+08,95.22,113780.30,19872.40,1,0
93928.479803,1064.6398,20,20,16.4414,-0.195931,1.047876,3.92335e+09,74.63,121532.50,27604.30,1,0
93933.309411,1064.5851,100,100,82.208,-0.195917,-0.401592,8.09872e+09,69.92,128453.20,34520.30,1,0
93940.903111,1064.4990,40,40,32.8839,-0.195897,-2.075374,2.20246e+08,78.04,116021.80,22080.90,0,2
93950.514419,1064.3901,100,100,82.2119,-0.195871,-8.358928,1.22788e+06,3479.15,118201.40,24250.60,0,2
93997.504036,1063.8580,60,60,49.3334,-0.195744,-3.305761,6.46185e+07,85.25,111109.90,17113.20,0,2
93997.504036,1063.8580,60,60,49.3334,-0.195744,-3.329135,1.15089e+08,100.15,118468.80,24470.90,0,2
94007.402259,1063.7460,10,10,8.22244,-0.195718,-8.212214,134664,1011.09,117540.50,23532.90,0,2
94015.613202,1063.6531,20,20,16.4452,-0.195696,-1.174890,7.32572e+08,79.97,128214.20,34198.60,1,0
94041.372989,1063.3618,20,20,16.4464,-0.195627,-0.713345,3.61699e+08,81.27,113914.20,19872.40,1,0
94050.808783,1063.2551,100,100,82.2339,-0.195602,-0.422418,4.46757e+09,75.55,121431.20,27380.30,1,0
94058.974349,1063.1628,70,70,57.565,-0.195581,-1.355504,7.68608e+08,95.77,115670.00,21611.20,1,0
94102.314004,1062.6731,100,100,82.245,-0.195467,-0.087212,3.14386e+09,76.77,113023.50,18921.20,1,0
94127.208299,1062.3921,50,50,41.1252,-0.195402,-1.743277,4.42131e+08,80.02,117775.30,23647.80,1,0
94153.520254,1062.0952,80,80,65.8048,-0.195335,-4.183717,6.1173e+07,708.53,117686.40,23532.90,0,2
94164.186138,1061.9749,40,40,32.9033,-0.195307,-0.650044,8.69405e+08,70.94,115403.30,21238.80,1,0
94170.015535,1061.9091,20,20,16.4519,-0.195292,-0.277869,6.30942e+08,76.33,115408.40,21238.80,1,0
94177.019024,1061.8302,4,4,3.29044,-0.195274,0.583294,3.11593e+08,82.20,115933.10,21755.80,1,0
94189.005084,1061.6950,10,10,8.22634,-0.195244,-0.275065,3.26585e+08,82.54,115800.20,21611.20,1,0
94197.514861,1061.5991,500,500,411.326,-0.195222,-1.121497,4.48305e+09,70.94,110333.60,16136.00,1,0
94204.614341,1061.5191,5,5,4.11334,-0.195204,0.865751,4.98551e+08,74.14,115499.70,21294.90,1,0
94221.588258,1061.3279,200,200,164.54,-0.195161,-0.538817,3.48413e+09,77.39,111334.90,17113.20,1,0
94236.310231,1061.1621,30,30,24.682,-0.195123,0.820097,3.52711e+09,76.33,118081.10,23844.60,1,0
94240.026975,1061.1202,30,30,24.6822,-0.195114,0.706774,2.18456e+09,71.84,113600.10,19360.10,1,0
94244.306380,1061.0721,5,5,4.11375,-0.195103,1.464308,1.46568e+09,88.14,121382.60,27138.50,0,2
94251.316046,1060.9931,100,100,82.2764,-0.195086,-0.274822,3.23049e+09,109.80,115670.00,21418.80,1,0
94291.030078,1060.5463,200,200,164.569,-0.194986,-0.575670,4.0377e+09,76.20,113600.10,19308.90,1,0
94296.393654,1060.4859,10,10,8.22857,-0.194973,0.741688,9.98376e+08,75.07,117044.60,22747.70,1,0
94332.783351,1060.0769,20,20,16.4586,-0.194882,-0.026114,9.83205e+08,91.38,117775.30,23442.30,1,0
94355.481724,1059.8218,20,20,16.4596,-0.194826,-0.969680,2.73575e+08,61.27,113664.60,19308.90,1,0
94372.486029,1059.6309,100,100,82.3012,-0.194785,-0.537980,2.64432e+09,76.31,116453.20,22080.90,1,0
94403.675934,1059.2808,400,400,329.23,-0.194708,-1.024437,9.04459e+09,75.75,120498.70,26095.20,1,0
94406.410944,1059.2501,100,100,82.308,-0.194702,0.560092,5.04704e+09,75.36,110922.20,16516.10,1,0
94426.769179,1059.0217,60,60,49.3873,-0.194652,-2.676945,2.16662e+08,88.61,118271.60,23844.60,0,2
94433.324108,1058.9482,10,10,8.23134,-0.194636,-0.794294,1.91912e+08,104.96,115672.30,21238.80,1,0
94449.304780,1058.7690,60,60,49.3899,-0.194598,-5.450561,1.19232e+07,1131.59,116727.10,22277.70,0,2
94486.888621,1058.3479,3,3,2.46972,-0.194507,-1.734812,2.31186e+07,87.33,116021.80,21535.20,1,0
94504.577662,1058.1498,4,4,3.2931,-0.194465,0.434534,2.64919e+08,69.52,115800.20,21294.90,1,0
94516.372405,1058.0178,20,20,16.466,-0.194437,-4.054721,1.64623e+07,151.64,117044.60,22527.70,0,2
94528.218472,1057.8852,10,10,8.23321,-0.194409,1.034516,9.42164e+08,73.89,112769.70,18241.50,1,0
94566.590243,1057.4559,20,20,16.4679,-0.194318,-2.389981,6.5415e+07,59.42,113556.80,18990.10,0,2
94566.590243,1057.4559,20,20,16.4679,-0.194318,-9.043396,424402,23794.38,133352.20,38785.80,0,2
94579.622657,1057.3102,400,400,329.369,-0.194287,-0.864669,5.58097e+09,75.95,112643.10,18063.40,1,0
94586.986952,1057.2279,200,200,164.687,-0.194269,-1.076613,1.22566e+10,97.62,133373.00,38785.80,1,0
94600.210813,1057.0801,40,40,32.9385,-0.194238,0.129569,2.29265e+09,77.32,117775.30,23175.10,1,0
94623.922647,1056.8152,10,10,8.23507,-0.194183,-3.155680,2.23367e+07,73.35,118271.60,23647.80,0,2
94623.922647,1056.8152,10,10,8.23507,-0.194183,-0.720463,2.59184e+08,103.81,118468.80,23844.60,1,0
94650.522600,1056.5182,100,100,82.3559,-0.194121,-0.410320,1.19054e+10,97.31,133352.20,38701.60,1,0
94668.811128,1056.3141,20,20,16.4719,-0.194078,0.395260,1.54723e+09,76.80,118201.40,23532.90,1,0
94694.288647,1056.0299,80,80,65.8914,-0.194019,-0.452659,2.2023e+09,86.09,115933.10,21238.80,1,0
94726.772974,1055.6678,20,20,16.4741,-0.193944,0.154580,1.01757e+09,76.24,116021.80,21294.90,1,0
94773.890995,1055.1429,300,300,247.138,-0.193836,-1.390345,3.3321e+09,83.95,116309.10,21535.20,1,0
94821.507037,1054.6131,50,50,41.1941,-0.193727,0.029476,2.17953e+09,197.42,115670.00,20848.40,1,0
94826.476832,1054.5578,50,50,41.1946,-0.193716,0.339906,2.08821e+09,77.10,111342.40,16516.10,1,0
94829.414138,1054.5251,80,80,65.9118,-0.193709,0.414277,6.33556e+09,75.89,118271.60,23442.30,1,0
94887.813042,1053.8761,400,400,329.602,-0.193577,-0.123144,1.81866e+10,80.14,118063.00,23175.10,1,0
94917.903038,1053.5420,3,3,2.47219,-0.193509,-1.962063,1.45291e+07,111.02,113158.50,18241.50,0,2
94917.903038,1053.5420,3,3,2.47219,-0.193509,0.260396,1.75475e+08,79.55,116453.20,21535.20,1,0
94935.771024,1053.3437,40,40,32.9638,-0.193469,-0.212873,2.17908e+09,76.73,121382.60,26447.00,1,0
94999.884431,1052.6329,1000,1000,824.213,-0.193326,-1.084609,1.49647e+10,78.53,116238.70,21238.80,1,0
95005.482126,1052.5708,100,100,82.4223,-0.193314,0.079683,3.00875e+09,78.60,110531.00,15525.50,1,0
95015.826800,1052.4562,3,3,2.47273,-0.193291,1.930301,6.82409e+08,85.84,112643.10,17627.00,0,2
95070.499741,1051.8510,5,5,4.12171,-0.193169,1.126896,6.86632e+08,86.25,116309.10,21238.80,0,2
95075.817877,1051.7922,200,200,164.87,-0.193157,0.057211,8.28092e+09,76.13,114725.60,19649.70,1,0
95096.091795,1051.5679,200,200,164.878,-0.193112,-0.475758,4.88736e+09,77.99,114797.10,19700.90,1,0
95116.086198,1051.3469,5,5,4.12213,-0.193068,-1.497647,5.14696e+07,270.25,116727.10,21611.20,1,0
95119.173059,1051.3128,20,20,16.4886,-0.193062,0.276183,1.3079e+09,78.63,117647.20,22527.70,1,0
95151.005171,1050.9610,5,5,4.12245,-0.192991,-1.826379,4.17748e+07,187.11,118201.40,23050.60,1,0
95158.229085,1050.8813,10,10,8.24502,-0.192975,0.381605,6.58974e+08,80.63,116453.20,21294.90,1,0
95158.229085,1050.8813,10,10,8.24502,-0.192975,-2.772214,3.11093e+07,107.58,117686.40,22527.70,0,2
95168.302828,1050.7700,1,1,0.824521,-0.192953,1.692585,2.91515e+08,73.29,118610.90,23442.30,0,2
95184.176686,1050.5948,3,3,2.47365,-0.192918,-3.522809,3.68498e+06,899.44,115499.70,20315.70,0,2
95228.395068,1050.1070,70,70,57.7241,-0.192821,-0.303852,1.79459e+09,110.35,113291.70,18063.40,1,0
95287.479840,1049.4558,100,100,82.4736,-0.192692,0.021329,2.7863e+09,75.72,110333.60,15045.80,1,0
95287.479840,1049.4558,100,100,82.4736,-0.192692,-2.428926,5.92277e+08,75.58,121382.60,26095.20,0,2
95308.183253,1049.2278,20,20,16.4955,-0.192647,0.666537,1.78982e+09,74.21,116727.10,21418.80,1,0
95321.083545,1049.0859,2000,2000,1649.59,-0.192618,-0.789010,3.61728e+10,76.89,114971.00,19649.70,1,0
95333.320691,1048.9512,5,5,4.12409,-0.192592,-2.135786,3.03122e+07,170.58,118081.10,22747.70,0,2
95335.890480,1048.9229,15,15,12.3724,-0.192586,0.800315,2.25219e+09,72.29,121431.20,26095.20,1,0
95355.890397,1048.7029,100,100,82.4859,-0.192542,0.311648,3.89285e+09,76.52,110880.90,15525.50,1,0
95358.700707,1048.6720,20,20,16.4973,-0.192536,-0.916836,2.39615e+08,82.51,111494.60,16136.00,1,0
95358.700707,1048.6720,20,20,16.4973,-0.192536,2.331142,7.32355e+09,78.69,113600.10,18241.50,0,2
95361.321027,1048.6432,200,200,164.974,-0.192531,-0.034888,6.4895e+09,76.01,112896.30,17534.80,1,0
95396.619342,1048.2552,40,40,32.9973,-0.192454,-0.514979,6.83349e+08,82.86,110922.20,15525.50,1,0
95408.722195,1048.1222,7,7,5.77468,-0.192427,1.133505,1.07974e+09,86.58,117686.40,22277.70,0,2
95422.923569,1047.9662,3,3,2.47494,-0.192396,0.378793,1.56665e+08,49.56,113664.60,18241.50,1,0
95426.782282,1047.9238,8,8,6.5999,-0.192388,-2.165036,2.61511e+07,80.90,110880.90,15454.20,0,2
95437.077472,1047.8108,100,100,82.5005,-0.192365,-3.074493,1.81217e+08,101.74,114797.10,19360.10,0,2
95437.077472,1047.8108,100,100,82.5005,-0.192365,-1.902985,8.15963e+08,85.15,118879.30,23442.30,1,0
95476.793013,1047.3749,10,10,8.25077,-0.192279,2.222010,2.87678e+09,78.15,111993.00,16516.10,0,2
95488.716610,1047.2442,3000,3000,2475.3,-0.192253,-1.311652,2.7407e+10,76.89,113023.50,17534.80,1,0
95548.019015,1046.5942,1,1,0.825205,-0.192123,2.260844,3.95377e+08,76.97,115420.80,19872.40,0,2
95584.486466,1046.1949,500,500,412.635,-0.192044,-0.081388,1.33609e+10,78.95,111109.90,15525.50,1,0
95601.008119,1046.0141,30,30,24.759,-0.192008,0.257261,1.38532e+09,87.99,113664.60,18063.40,1,0
95623.787914,1045.7649,5,5,4.12671,-0.191958,-0.043989,1.95579e+08,232.17,115324.50,19700.90,1,0
95656.177249,1045.4108,300,300,247.62,-0.191887,-0.795669,3.92214e+09,75.68,111109.90,15454.20,1,0
95671.086500,1045.2479,8,8,6.60342,-0.191854,-4.116880,3.60192e+06,353.14,110531.00,14860.00,0,2
95702.107490,1044.9091,30,30,24.7645,-0.191787,-0.748904,5.1649e+08,77.79,113914.20,18211.80,1,0
95702.107490,1044.9091,30,30,24.7645,-0.191787,-6.396603,2.05626e+06,902.99,115403.30,19700.90,0,2
95707.414261,1044.8511,10,10,8.25493,-0.191775,1.882238,2.70131e+09,81.42,115408.40,19700.90,0,2
95774.703932,1044.1170,3,3,2.47684,-0.191627,-0.159836,6.94574e+07,92.86,110333.60,14558.80,1,0
95782.789130,1044.0289,500,500,412.815,-0.191609,0.006577,1.68517e+10,77.58,112896.30,17113.20,1,0
95788.196280,1043.9700,3,3,2.47692,-0.191597,1.265480,5.10998e+08,181.67,117323.10,21535.20,0,2
95798.916036,1043.8531,50,50,41.2829,-0.191574,0.157532,2.42339e+09,86.69,115499.70,19700.90,1,0
95804.083273,1043.7968,500,500,412.834,-0.191562,0.111298,2.17213e+10,77.45,114725.60,18921.20,1,0
95818.585502,1043.6389,10,10,8.25694,-0.191530,-2.158297,5.66462e+07,573.34,117574.50,21755.80,0,2
95856.790402,1043.2229,200,200,165.153,-0.191446,-0.385288,4.229e+09,71.94,111993.00,16136.00,1,0
95880.592674,1042.9639,1000,1000,825.808,-0.191393,-0.377683,2.01883e+10,76.63,111334.90,15454.20,1,0
95925.292264,1042.4779,100,100,82.589,-0.191294,-1.349194,3.029e+09,75.29,128214.20,32288.90,1,0
95941.108218,1042.3061,2,2,1.65184,-0.191259,1.883504,6.93097e+08,83.51,118468.80,22527.70,0,2
95972.698749,1041.9630,60,60,49.5586,-0.191188,-1.088632,1.34989e+09,75.35,121382.60,25409.70,1,0
95993.222755,1041.7402,100,100,82.6015,-0.191143,-0.014548,4.35226e+09,85.13,116309.10,20315.70,1,0
96003.821711,1041.6252,100,100,82.6034,-0.191119,0.191644,4.29831e+09,75.61,113630.90,17627.00,1,0
96009.575602,1041.5628,20,20,16.5209,-0.191106,-9.126665,103665,5269.17,117248.20,21238.80,0,2
96019.122906,1041.4592,400,400,330.425,-0.191084,-0.136795,1.73604e+10,78.07,117775.30,21755.80,1,0
96037.496238,1041.2600,200,200,165.219,-0.191043,-1.630339,1.39356e+09,130.00,113664.60,17627.00,1,0
96042.581665,1041.2048,20,20,16.5221,-0.191032,0.643702,1.56076e+09,81.59,115403.30,19360.10,1,0
96048.100480,1041.1450,100,100,82.6117,-0.191019,0.177659,4.89857e+09,69.62,115408.40,19360.10,1,0
96061.297187,1041.0020,60,60,49.5685,-0.190990,-0.998619,1.44175e+09,77.21,121095.20,25033.90,1,0
96075.408293,1040.8491,10,10,8.26167,-0.190958,-0.707147,2.43473e+08,140.46,117686.40,21611.20,1,0
96094.176736,1040.6458,50,50,41.3101,-0.190915,0.407029,3.07829e+09,71.38,115403.30,19308.90,1,0
96099.219383,1040.5912,100,100,82.6212,-0.190904,0.121716,4.63012e+09,80.31,115408.40,19308.90,1,0
96131.008111,1040.2471,20,20,16.5254,-0.190832,0.120538,1.2275e+09,80.23,118879.30,22747.70,1,0
96137.203787,1040.1800,100,100,82.6283,-0.190818,-0.566464,2.5329e+09,75.79,116453.20,20315.70,1,0
96149.116795,1040.0512,5,5,4.13153,-0.190791,0.347785,3.05006e+08,76.84,116021.80,19872.40,1,0
96222.978541,1039.2528,60,60,49.5867,-0.190622,0.302129,2.37098e+09,75.87,111268.60,15045.80,1,0
96227.882551,1039.1998,50,50,41.3227,-0.190610,-1.003366,9.01248e+08,73.27,117647.20,21418.80,1,0
96231.922651,1039.1562,100,100,82.6462,-0.190601,0.167072,5.0515e+09,86.66,115933.10,19700.90,1,0
96249.905903,1038.9621,10,10,8.26496,-0.190560,2.029838,2.19478e+09,79.08,111109.90,14860.00,0,2
96267.412481,1038.7731,3,3,2.47959,-0.190519,2.540790,1.87696e+09,79.59,117686.40,21418.80,0,2
96297.285771,1038.4509,10,10,8.26587,-0.190450,0.076852,3.17174e+08,80.89,111342.40,15045.80,1,0
96311.914709,1038.2931,1000,1000,826.615,-0.190416,-0.814044,1.85269e+10,77.34,115672.30,19360.10,1,0
96321.828856,1038.1863,400,400,330.654,-0.190393,-0.100184,1.02335e+10,80.15,110880.90,14558.80,1,0
96351.912607,1037.8621,5,5,4.13346,-0.190323,-0.234926,1.94151e+08,81.91,117647.20,21294.90,1,0
96363.419669,1037.7382,50,50,41.3357,-0.190296,0.792540,3.13299e+09,79.52,110922.20,14558.80,1,0
96387.496320,1037.4790,5,5,4.13381,-0.190239,0.944201,6.74878e+08,81.46,118468.80,22080.90,1,0
96391.878479,1037.4318,2,2,1.65354,-0.190229,0.959350,2.54066e+08,77.44,117540.50,21148.40,1,0
96391.878479,1037.4318,2,2,1.65354,-0.190229,-1.783017,1.65625e+07,446.40,117686.40,21294.90,1,0
96410.424821,1037.2322,10,10,8.26806,-0.190185,0.693047,2.32554e+09,76.42,128214.20,31803.70,1,0
96467.092450,1036.6229,10,10,8.26918,-0.190050,-0.094067,2.81535e+08,79.08,111993.00,15525.50,1,0
96486.906188,1036.4101,60,60,49.6174,-0.190003,-0.239926,1.66431e+09,81.16,113600.10,17113.20,1,0
96486.906188,1036.4101,60,60,49.6174,-0.190003,-1.676260,4.58707e+08,194.36,115408.40,18921.20,1,0
96555.392822,1035.6749,30,30,24.8128,-0.189838,-0.504127,7.0413e+08,99.10,114797.10,18241.50,1,0
96566.683238,1035.5538,10,10,8.27116,-0.189811,0.189947,5.49964e+08,86.10,116727.10,20160.40,1,0
96589.221777,1035.3122,10,10,8.27161,-0.189756,0.187590,5.27136e+08,97.25,116238.70,19649.70,1,0
96594.095886,1035.2600,10,10,8.27171,-0.189744,0.540127,1.14112e+09,80.96,121382.60,24788.00,1,0
96607.998199,1035.1110,50,50,41.36,-0.189710,0.348487,3.11314e+09,83.49,116309.10,19700.90,1,0
96624.220818,1034.9372,3,3,2.4817,-0.189670,2.000104,9.44618e+08,132.76,115933.10,19308.90,0,2
96680.197571,1034.3380,100,100,82.7346,-0.189532,-0.690777,2.08922e+09,130.77,115670.00,18990.10,1,0
96707.594717,1034.0450,20,20,16.5481,-0.189464,-0.281569,7.80757e+08,114.73,118318.60,21611.20,1,0
96736.305524,1033.7381,20,20,16.5492,-0.189392,0.756378,2.19546e+09,76.06,118271.60,21535.20,1,0
96744.378058,1033.6518,10,10,8.27479,-0.189372,0.119647,7.5774e+08,74.50,121532.50,24788.00,1,0
96750.905815,1033.5821,100,100,82.7492,-0.189355,-0.115100,3.71395e+09,77.37,115672.30,18921.20,1,0
96783.112023,1033.2381,50,50,41.378,-0.189274,-3.625638,6.88472e+07,66.04,118318.60,21535.20,0,2
96786.014072,1033.2071,20,20,16.5513,-0.189267,-0.043722,9.7079e+08,95.29,118081.10,21294.90,1,0
96798.879577,1033.0698,15,15,12.4139,-0.189234,0.010463,7.41817e+08,79.92,117647.20,20848.40,1,0
96824.375949,1032.7978,70,70,57.9353,-0.189169,-1.584762,7.26371e+08,96.85,118063.00,21238.80,1,0
96878.488592,1032.2209,7,7,5.79433,-0.189030,-2.581682,2.30864e+07,870.99,116238.70,19360.10,0,2
96911.417344,1031.8702,10,10,8.27832,-0.188945,0.188471,8.00816e+08,77.39,121382.60,24470.90,1,0
96933.504493,1031.6350,20,20,16.5576,-0.188887,0.690979,2.08664e+09,71.57,118468.80,21535.20,1,0
96942.806105,1031.5361,300,300,248.37,-0.188863,-0.338315,5.73826e+09,75.73,110295.20,13352.10,1,0
97007.215883,1030.8511,300,300,248.412,-0.188693,-0.664130,7.34797e+09,113.71,117323.10,20315.70,1,0
97022.681690,1030.6868,50,50,41.4038,-0.188651,-0.558100,9.69175e+08,87.70,113158.50,16136.00,1,0
97040.285008,1030.4999,20,20,16.5623,-0.188604,-1.004155,2.5633e+08,169.59,113556.80,16516.10,1,0
97056.387887,1030.3289,20,20,16.563,-0.188561,0.407604,1.85319e+09,80.46,120498.70,23442.30,1,0
97082.925759,1030.0472,20,20,16.5642,-0.188490,0.425875,1.237e+09,113.27,115324.50,18241.50,1,0
97114.614453,1029.7111,200,200,165.656,-0.188403,-1.519342,1.53971e+09,77.04,113630.90,16516.10,1,0
97144.614784,1029.3931,5,5,4.14174,-0.188321,0.513122,3.69833e+08,77.02,116453.20,19308.90,1,0
97161.706381,1029.2121,100,100,82.8387,-0.188274,0.277026,5.3608e+09,72.29,115403.30,18241.50,1,0
97166.805366,1029.1581,30,30,24.852,-0.188260,0.709125,2.47841e+09,85.81,115408.40,18241.50,1,0
97178.704100,1029.0320,2000,2000,1656.85,-0.188227,-0.855962,2.31983e+10,76.69,110531.00,13352.10,1,0
97191.089737,1028.9009,100,100,82.8455,-0.188193,-0.392445,2.59637e+09,77.38,114725.60,17534.80,1,0
97209.016639,1028.7112,8,8,6.62797,-0.188143,0.632724,6.12722e+08,77.53,115420.80,18211.80,1,0
97260.772708,1028.1637,20,20,16.5723,-0.187998,-0.621735,4.33327e+08,139.16,115324.50,18063.40,1,0
97317.081977,1027.5688,100,100,82.8749,-0.187838,0.632061,8.17568e+09,79.26,116238.70,18921.20,1,0
97357.122649,1027.1462,3,3,2.48653,-0.187723,0.310059,1.6622e+08,70.10,115420.80,18063.40,1,0
97420.597321,1026.4770,20,20,16.58,-0.187538,0.540756,1.19815e+09,75.55,113556.80,16136.00,1,0
97434.280822,1026.3328,2,2,1.65806,-0.187498,-1.146099,1.95186e+07,229.55,111993.00,14558.80,1,0
97442.025652,1026.2512,100,100,82.905,-0.187475,0.033803,3.4185e+09,77.43,112896.30,15454.20,1,0
97448.503036,1026.1830,500,500,414.533,-0.187456,-0.018038,1.31243e+10,77.43,110295.20,12846.70,1,0
97463.019525,1026.0302,100,100,82.9102,-0.187413,-0.195252,3.63383e+09,75.70,116453.20,18990.10,1,0
97471.106307,1025.9451,4,4,3.31649,-0.187389,1.096772,7.74286e+08,80.56,121119.20,23647.80,1,0
97494.981290,1025.6938,40,40,33.1672,-0.187317,0.293620,1.88193e+09,80.13,113630.90,16136.00,1,0
97537.827296,1025.2433,10,10,8.29288,-0.187188,0.785885,1.44861e+09,76.48,121382.60,23844.60,1,0
97547.284994,1025.1439,50,50,41.4656,-0.187160,-0.589765,1.30591e+09,259.93,117248.20,19700.90,1,0
97588.495178,1024.7110,10,10,8.29416,-0.187034,-0.224393,3.34326e+08,77.79,115800.20,18211.80,1,0
97622.110686,1024.3581,8,8,6.63601,-0.186930,0.805996,8.48448e+08,58.69,117323.10,19700.90,1,0
97644.511113,1024.1231,1,1,0.829559,-0.186861,-0.226591,2.82779e+07,748.67,113780.30,16136.00,1,0
97652.808848,1024.0361,10,10,8.29581,-0.186835,-0.528895,3.79669e+08,82.67,121095.20,23442.30,1,0
97687.716433,1023.6702,5,5,4.14836,-0.186726,1.322855,1.25306e+09,74.23,121532.50,23844.60,1,0
97696.994182,1023.5729,30,30,24.8909,-0.186696,0.096341,1.32857e+09,104.50,115324.50,17627.00,1,0
97730.403537,1023.2230,10,10,8.29784,-0.186590,0.238700,8.36979e+08,73.26,121382.60,23651.90,1,0
97757.911529,1022.9351,200,200,165.971,-0.186502,-1.158015,1.79046e+09,80.30,111109.90,13352.10,1,0
97775.016399,1022.7562,50,50,41.4951,-0.186447,-1.240529,7.02635e+08,77.13,117647.20,19872.40,1,0
97793.785633,1022.5599,2,2,1.6599,-0.186387,1.273635,2.89538e+08,78.66,115420.80,17627.00,1,0
97809.576512,1022.3948,2,2,1.65999,-0.186336,1.155331,2.70134e+08,84.94,116021.80,18211.80,1,0
97869.978216,1021.7638,1,1,0.830159,-0.186138,0.872401,1.01007e+08,186.59,115933.10,18063.40,1,0
97873.599064,1021.7260,30,30,24.9051,-0.186126,0.138711,1.39388e+09,57.20,115408.40,17534.80,1,0
97873.599064,1021.7260,30,30,24.9051,-0.186126,-2.127656,1.72477e+08,108.51,117574.50,19700.90,0,2
97887.788289,1021.5779,15,15,12.4531,-0.186079,0.292852,9.44724e+08,98.05,117248.20,19360.10,1,0
97909.419639,1021.3522,1000,1000,830.268,-0.186006,-0.929923,1.28637e+10,79.00,112769.70,14860.00,1,0
97939.427015,1021.0393,7,7,5.81246,-0.185906,1.021032,9.1286e+08,141.54,117248.20,19308.90,1,0
97944.175131,1020.9898,50,50,41.5183,-0.185890,-0.000124,3.22096e+09,84.74,121119.20,23175.10,1,0
98034.209286,1020.0521,40,40,33.2248,-0.185582,-0.978353,4.19834e+08,96.27,110880.90,12846.70,1,0
98040.923816,1019.9822,2,2,1.66128,-0.185559,1.529790,4.68568e+08,127.76,118201.40,20160.40,1,0
98068.176834,1019.6988,1,1,0.830718,-0.185464,1.176589,1.40994e+08,451.96,116309.10,18241.50,1,0
98074.697740,1019.6310,60,60,49.8442,-0.185442,-1.832022,3.34725e+08,82.47,113600.10,15525.50,1,0
98074.697740,1019.6310,60,60,49.8442,-0.185442,-1.171026,9.11474e+08,80.70,117775.30,19700.90,1,0
98084.013827,1019.5341,60,60,49.8459,-0.185409,-0.576149,1.08682e+09,82.45,112643.10,14558.80,1,0
98089.799610,1019.4740,1,1,0.830781,-0.185389,1.801482,4.03332e+08,82.49,121532.50,23442.30,1,0
98138.504547,1018.9680,200,200,166.185,-0.185217,-3.840034,1.50521e+08,274.96,113664.60,15525.50,0,2
98146.011230,1018.8901,3,3,2.49284,-0.185190,0.860895,2.47156e+08,81.65,113600.10,15454.20,1,0
98208.490101,1018.2419,100,100,83.1133,-0.184965,-1.821002,8.12388e+08,92.35,118081.10,19872.40,1,0
98246.007203,1017.8531,2,2,1.66249,-0.184829,-3.416338,2.22887e+06,386.89,113291.70,15045.80,0,2
98246.007203,1017.8531,2,2,1.66249,-0.184829,-0.647203,4.54628e+07,203.21,116309.10,18063.40,1,0
98290.123092,1017.3962,5,5,4.15691,-0.184666,0.603320,3.68519e+08,107.75,115403.30,17113.20,1,0
98295.085507,1017.3449,50,50,41.5699,-0.184648,0.771656,4.36248e+09,108.39,115408.40,17113.20,1,0
98298.427805,1017.3103,20,20,16.6281,-0.184635,1.090792,1.99819e+09,89.12,113158.50,14860.00,1,0
98306.093692,1017.2309,5,5,4.15716,-0.184607,0.791188,4.64284e+08,302.31,115933.10,17627.00,1,0
98379.594721,1016.4709,200,200,166.332,-0.184330,-0.270509,5.40934e+09,78.15,113833.90,15454.20,1,0
98446.015173,1015.7851,20,20,16.6375,-0.184076,-0.517994,6.08749e+08,128.86,118318.60,19872.40,1,0
98517.701362,1015.0460,3,3,2.49632,-0.183795,-0.862604,1.46667e+08,54.32,128352.80,29835.10,1,0
98546.420591,1014.7502,10,10,8.32201,-0.183681,-0.111583,1.03829e+09,82.70,128381.60,29835.10,1,0
98558.885682,1014.6219,30,30,24.9673,-0.183632,0.109323,1.37679e+09,77.22,115672.30,17113.20,1,0
98596.883533,1014.2308,10,10,8.32369,-0.183479,0.521186,8.7024e+08,86.73,118468.80,19872.40,1,0
98599.693441,1014.2019,100,100,83.2379,-0.183468,-0.311720,2.45291e+09,87.99,113158.50,14558.80,1,0
98634.797838,1013.8410,4,4,3.32999,-0.183326,1.003580,7.15115e+08,80.62,121382.60,22747.70,1,0
98640.715786,1013.7802,30,30,24.9755,-0.183301,0.483756,1.48202e+09,55.07,111993.00,13352.10,1,0
98682.198937,1013.3540,5,5,4.1633,-0.183131,0.522156,3.64968e+08,113.52,116309.10,17627.00,1,0
98702.824207,1013.1422,80,80,66.6184,-0.183046,-0.985253,1.4922e+09,83.46,118063.00,19360.10,1,0
98733.078161,1012.8318,5,5,4.16418,-0.182919,0.864964,4.01839e+08,68.67,113291.70,14558.80,1,0
98733.078161,1012.8318,5,5,4.16418,-0.182919,-2.301622,5.89254e+07,125.83,128568.60,29835.10,0,2
98740.088015,1012.7599,1,1,0.83286,-0.182890,2.457654,4.0522e+08,81.80,113600.10,14860.00,0,2
98784.923139,1012.3002,2,2,1.66603,-0.182701,1.143607,4.15991e+08,78.40,121532.50,22747.70,1,0
98804.383789,1012.1008,400,400,333.235,-0.182618,-0.805472,6.23324e+09,62.01,113664.60,14860.00,1,0
98832.891040,1011.8089,50,50,41.6594,-0.182496,-0.561059,1.3107e+09,84.36,117044.60,18211.80,1,0
98920.391285,1010.9139,10,10,8.33506,-0.182114,0.538351,6.02671e+08,96.84,113780.30,14860.00,1,0
98955.017782,1010.5602,50,50,41.6817,-0.181961,0.170207,2.60087e+09,77.21,116489.80,17534.80,1,0
99006.583729,1010.0338,20,20,16.6765,-0.181730,0.388118,1.37585e+09,99.75,117248.20,18241.50,1,0
99105.189482,1009.0289,1,1,0.834203,-0.181279,-2.342150,3.34613e+06,1131.82,113664.60,14558.80,0,2
99146.176264,1008.6118,500,500,417.181,-0.181088,-0.861822,6.41309e+09,96.84,111993.00,12846.70,1,0
99153.612540,1008.5361,3,3,2.50317,-0.181053,1.170553,3.96442e+08,225.49,115670.00,16516.10,1,0
99178.303924,1008.2850,2,2,1.66898,-0.180937,0.980324,2.83902e+08,80.00,118879.30,19700.90,1,0
99221.404874,1007.8470,40,40,33.3864,-0.180732,-0.332946,1.00698e+09,64.60,113780.30,14558.80,1,0
99259.611405,1007.4591,40,40,33.3925,-0.180548,-0.187239,1.5552e+09,119.72,117323.10,18063.40,1,0
99259.611405,1007.4591,40,40,33.3925,-0.180548,-1.994345,3.30771e+08,95.22,120498.70,21238.80,1,0
99271.721559,1007.3362,7,7,5.84403,-0.180489,0.766798,5.74907e+08,85.75,114797.10,15525.50,1,0
99417.705296,1005.8571,10,10,8.35464,-0.179768,-0.908287,1.30267e+08,92.57,112769.70,13352.10,1,0
99417.705296,1005.8571,10,10,8.35464,-0.179768,0.393717,6.78906e+08,83.02,117044.60,17627.00,1,0
99435.601777,1005.6760,5,5,4.1777,-0.179677,1.111038,7.30514e+08,84.59,117647.20,18211.80,1,0
99548.772522,1004.5327,2,2,1.67205,-0.179096,-0.383717,1.67632e+07,344.51,100947.20,1398.30,1,0
99937.019857,1000.6302,80,80,67.0247,-0.176965,-2.517717,2.45342e+08,104.74,114797.10,14860.00,0,2
99937.019857,1000.6302,80,80,67.0247,-0.176965,-0.838452,1.5058e+09,78.68,116453.20,16516.10,1,0
99947.513788,1000.5251,7,7,5.86502,-0.176905,0.801074,7.43939e+08,103.27,117574.50,17627.00,1,0
99997.700026,1000.0230,5,5,4.19052,-0.176613,0.764796,7.07708e+08,78.84,121532.50,21535.20,1,0
100088.288950,999.1179,3,3,2.51566,-0.176076,0.483119,3.16375e+08,86.69,121382.60,21294.90,1,0
100088.288950,999.1179,3,3,2.51566,-0.176076,-1.193255,1.31811e+07,411.15,102981.90,2893.10,1,0
100107.007184,998.9311,10,10,8.38648,-0.175964,0.054545,5.34955e+08,99.13,118318.60,18211.80,1,0
100312.486760,996.8849,1,1,0.839713,-0.174696,-1.278672,9.24854e+06,222.55,113158.50,12846.70,1,0
100312.486760,996.8849,1,1,0.839713,-0.174696,0.461579,5.49275e+07,55.02,113664.60,13352.10,1,0
100369.279404,996.3208,10,10,8.40017,-0.174334,0.292701,6.94509e+08,78.02,118610.90,18241.50,1,0
100405.920443,995.9572,2,2,1.68043,-0.174097,0.526929,1.73517e+08,70.09,118468.80,18063.40,1,0
100444.885297,995.5709,2,2,1.68086,-0.173844,0.201063,8.2084e+07,117.71,113291.70,12846.70,1,0
100464.423351,995.3772,3,3,2.52161,-0.173716,-0.772626,5.48915e+07,229.73,115324.50,14860.00,1,0
100543.116821,994.5982,70,70,58.8682,-0.173194,-0.924754,1.10686e+09,84.65,115403.30,14860.00,1,0
100548.496056,994.5450,6,6,5.04603,-0.173158,-1.126181,7.75964e+07,328.12,115408.40,14860.00,1,0
100565.188279,994.3799,3,3,2.5233,-0.173046,-0.359223,3.5779e+07,713.92,105019.10,4453.80,1,0
100591.187317,994.1229,1,1,0.841247,-0.172870,1.739694,2.52933e+08,123.14,116727.10,16136.00,1,0
100591.187317,994.1229,1,1,0.841247,-0.172870,-0.709604,7.41139e+06,95.92,103484.20,2893.10,1,0
100596.015556,994.0752,2,2,1.68255,-0.172838,-0.088543,3.13426e+07,415.37,105049.70,4453.80,1,0
100624.387281,993.7949,100,100,84.1436,-0.172645,-0.198108,3.3413e+09,124.98,115670.00,15045.80,1,0
100639.884344,993.6418,2,2,1.68305,-0.172539,0.836716,1.85484e+08,116.93,115499.70,14860.00,1,0
100644.111048,993.6001,1,1,0.84155,-0.172510,1.162017,1.60988e+08,83.21,118271.60,17627.00,1,0
100662.178123,993.4218,4,4,3.36662,-0.172386,1.299180,7.09267e+08,87.26,117775.30,17113.20,1,0
100789.290580,992.1689,5,5,4.21201,-0.171497,-0.627647,3.22606e+07,622.94,100788.90,0.00,1,0
100797.807235,992.0851,30,30,25.2736,-0.171437,-0.555513,1.03931e+09,89.15,120498.70,19700.90,1,0
100933.617731,990.7502,5,5,4.2164,-0.170456,-0.138457,1.51855e+08,92.11,113780.30,12846.70,1,0
101073.298701,989.3810,20,20,16.8832,-0.169415,-0.503472,5.02484e+08,102.74,115933.10,14860.00,1,0
101214.486560,988.0009,60,60,50.7045,-0.168329,-0.925594,2.72267e+09,87.98,128352.80,27138.50,1,0
101218.686740,987.9599,3,3,2.53531,-0.168297,-0.947508,1.63025e+07,855.97,102617.20,1398.30,1,0
101314.781332,987.0228,2,2,1.69149,-0.167537,0.789038,5.08161e+08,73.07,128453.20,27138.50,1,0
101432.211167,985.8801,2,2,1.6931,-0.166587,-0.284074,2.14622e+07,500.09,102830.40,1398.30,1,0
101510.488302,985.1199,3,3,2.54129,-0.165939,0.074580,2.09435e+08,82.63,121382.60,19872.40,1,0
101681.706702,983.4611,8,8,6.78664,-0.164486,-1.341966,1.35431e+08,93.10,121382.60,19700.90,1,0
101750.507662,982.7961,4,4,3.39535,-0.163886,0.569764,3.02748e+08,111.82,116309.10,14558.80,1,0
101759.511547,982.7091,20,20,16.9781,-0.163807,-0.166134,1.07385e+09,86.57,121119.20,19360.10,1,0
101797.775039,982.3397,1,1,0.849192,-0.163469,1.431210,1.94564e+08,228.71,117323.10,15525.50,1,0
102051.316244,979.8992,1,1,0.851153,-0.161163,1.040338,1.12508e+08,87.00,115403.30,13352.10,1,0
102122.302758,979.2180,1,1,0.851722,-0.160496,2.016409,4.88348e+08,74.89,121431.20,19308.90,0,2
102122.302758,979.2180,1,1,0.851722,-0.160496,-0.418311,7.66178e+07,81.26,128568.60,26447.00,1,0
102249.392453,978.0009,4,4,3.41104,-0.159277,1.227208,6.58339e+08,80.77,117775.30,15525.50,1,0
102257.008062,977.9281,7,7,5.96976,-0.159203,-0.073985,3.91667e+08,85.29,120498.70,18241.50,1,0
102388.100022,976.6760,10,10,8.53926,-0.157911,-0.064625,4.33188e+08,95.47,117248.20,14860.00,1,0
102764.381713,973.0998,3,3,2.57178,-0.154015,0.331196,1.94292e+08,112.95,117323.10,14558.80,1,0
102915.085550,971.6748,10,10,8.58666,-0.152376,0.205410,5.92663e+08,89.81,117775.30,14860.00,1,0
103015.588206,970.7269,5,5,4.29814,-0.151256,1.271992,8.47098e+08,89.47,117574.50,14558.80,1,0
103189.595423,969.0900,20,20,17.2267,-0.149270,0.339765,1.82794e+09,82.68,121431.20,18241.50,1,0
103290.821683,968.1402,2,2,1.72471,-0.148086,1.120583,4.02481e+08,83.94,121532.50,18241.50,1,0
103462.798290,966.5310,2,2,1.72827,-0.146024,0.731281,1.78118e+08,119.83,116309.10,12846.70,1,0
103593.319642,965.3132,10,10,8.65526,-0.144418,-0.114055,1.02472e+09,85.43,128381.60,24788.00,1,0
103750.695941,963.8490,10,10,8.67246,-0.142433,0.091720,5.67357e+08,98.61,118610.90,14860.00,1,0
104727.710726,954.8571,8,8,7.0325,-0.128899,0.564522,6.71977e+08,100.68,117574.50,12846.70,1,0
107057.899591,934.0740,2,2,1.83205,-0.087713,0.195104,2.85247e+08,102.03,128352.80,21294.90,1,0
107273.590388,932.1959,3,3,2.7604,-0.083236,0.785419,7.87774e+08,85.45,128568.60,21294.90,0,2
107393.715699,931.1532,40,40,36.8991,-0.080693,-0.315972,5.17513e+09,57.22,133373.00,25979.30,1,0
110241.085521,907.1028,1,1,0.99039,-0.009656,1.005380,3.39486e+08,81.64,128453.20,18211.80,0,2
113708.597918,879.4410,10,10,11.1126,0.105497,-9.375551,115636,227.46,128568.60,14860.00,0,2
