row,wn,ref,source,source_row,dwn,Iorig
2,9328.776971086725,Sugar1974,Sugar1974,2,0,500
3,9682.960030085029,Sugar1974,Sugar1974,3,0,500
4,9704.584384783459,Sugar1974,Sugar1974,4,0,500
5,9764.259343349939,Sugar1974,Sugar1974,5,0,500
6,9839.49910620193,Sugar1974,Sugar1974,6,0,500
7,9966.266273748055,Sugar1974,Sugar1974,7,0,500
8,10006.10862402224,Sugar1974,Sugar1974,8,0,500
9,10022.19333877198,Sugar1974,Sugar1974,9,1.81898940355e-12,25
10,10063.31869145661,Sugar1974,Sugar1974,10,3.63797880709e-12,50
11,10095.66949958514,Sugar1974,Sugar1974,11,5.45696821064e-12,25
12,10101.40646661353,Sugar1974,Sugar1974,12,0,75
13,10121.86096761896,Sugar1974,Sugar1974,13,0,75
14,10194.65985348858,Sugar1974,Sugar1974,14,1.81898940355e-12,175
15,10198.18636887015,Sugar1974,Sugar1974,15,1.81898940355e-12,150
16,10221.75168709316,Sugar1974,Sugar1974,16,1.81898940355e-12,25
17,10255.93884893507,Sugar1974,Sugar1974,17,5.45696821064e-12,25
18,10273.94604509893,Sugar1974,Sugar1974,18,0,25
19,10276.17109525531,Sugar1974,Sugar1974,19,3.63797880709e-12,25
20,10282.65020273536,Sugar1974,Sugar1974,20,3.63797880709e-12,25
21,10305.00271088319,Sugar1974,Sugar1974,21,5.45696821064e-12,25
22,10319.25187527425,Sugar1974,Sugar1974,22,3.63797880709e-12,25
23,10356.81677411565,Sugar1974,Sugar1974,23,3.63797880709e-12,50
24,10371.26670459717,Sugar1974,Sugar1974,24,1.81898940355e-12,25
25,10435.82985104365,Sugar1974,Sugar1974,25,1.81898940355e-12,100
26,10468.58813717126,Sugar1974,Sugar1974,26,0,175
27,10491.48753235419,Sugar1974,Sugar1974,27,0,50
28,10511.98760221952,Sugar1974,Sugar1974,28,1.81898940355e-12,25
29,10516.29570973302,Sugar1974,Sugar1974,29,1.81898940355e-12,25
30,10541.27360752632,Sugar1974,Sugar1974,30,3.63797880709e-12,25
31,10573.66934759555,Sugar1974,Sugar1974,31,3.63797880709e-12,50
32,10583.32146321749,Sugar1974,Sugar1974,32,3.63797880709e-12,75
33,10594.08122675241,Sugar1974,Sugar1974,33,1.81898940355e-12,25
34,10599.81096259683,Sugar1974,Sugar1974,34,3.63797880709e-12,75
35,10606.75420437794,Sugar1974,Sugar1974,35,3.63797880709e-12,25
36,10648.33584146358,Sugar1974,Sugar1974,36,0,175
37,10653.20931912343,Sugar1974,Sugar1974,37,0,25
38,10657.46348285668,Sugar1974,Sugar1974,38,3.63797880709e-12,25
39,10660.96625772257,Sugar1974,Sugar1974,39,3.63797880709e-12,175
40,10665.31543213698,Sugar1974,Sugar1974,40,0,25
41,10676.10582728403,Sugar1974,Sugar1974,41,5.45696821064e-12,25
42,10682.64251890472,Sugar1974,Sugar1974,42,3.63797880709e-12,25
43,10686.56735477516,Sugar1974,Sugar1974,43,3.63797880709e-12,25
44,10710.20071275576,Sugar1974,Sugar1974,44,3.63797880709e-12,250
45,10726.05128987144,Sugar1974,Sugar1974,45,3.63797880709e-12,125
46,10729.40809567118,Sugar1974,Sugar1974,46,5.45696821064e-12,25
47,10741.82885646611,Sugar1974,Sugar1974,47,0,75
48,10766.02401921674,Sugar1974,Sugar1974,48,3.63797880709e-12,75
49,10789.69381115438,Sugar1974,Sugar1974,49,1.81898940355e-12,250
50,10800.47262474852,Sugar1974,Sugar1974,50,0,25
51,10834.13616200766,Sugar1974,Sugar1974,51,0,25
52,10840.28362556876,Sugar1974,Sugar1974,52,0,200
53,10851.4240811086,Sugar1974,Sugar1974,53,1.81898940355e-12,25
54,10893.33913500264,Sugar1974,Sugar1974,54,5.45696821064e-12,50
55,10922.52509445405,Sugar1974,Sugar1974,55,1.81898940355e-12,50
56,10947.62012547143,Sugar1974,Sugar1974,56,5.45696821064e-12,250
57,10958.38176262522,Sugar1974,Sugar1974,57,3.63797880709e-12,25
58,10986.01484719005,Sugar1974,Sugar1974,58,3.63797880709e-12,250
59,10986.91314093592,Sugar1974,Sugar1974,59,3.63797880709e-12,25
60,11003.53223125289,Sugar1974,Sugar1974,60,1.81898940355e-12,75
61,11013.34243911075,Sugar1974,Sugar1974,61,3.63797880709e-12,50
62,11025.29524869125,Sugar1974,Sugar1974,62,0,25
63,11055.92595116292,Sugar1974,Sugar1974,63,0,50
64,11064.26954769475,Sugar1974,Sugar1974,64,3.63797880709e-12,50
65,11088.01841112165,Sugar1974,Sugar1974,65,3.63797880709e-12,50
66,11156.7134574766,Sugar1974,Sugar1974,66,3.63797880709e-12,50
67,11174.03801294572,Sugar1974,Sugar1974,67,1.81898940355e-12,50
68,11221.90372323841,Sugar1974,Sugar1974,68,3.63797880709e-12,100
69,11237.55277344418,Sugar1974,Sugar1974,69,1.81898940355e-12,50
70,11250.34937650645,Sugar1974,Sugar1974,70,3.63797880709e-12,125
71,11280.66144323038,Sugar1974,Sugar1974,71,3.63797880709e-12,25
72,11291.16225268472,Sugar1974,Sugar1974,72,3.63797880709e-12,1000
73,11397.58068474617,Sugar1974,Sugar1974,73,0,500
74,11407.79012051243,Sugar1974,Sugar1974,74,5.45696821064e-12,5
75,11429.23332258772,Sugar1974,Sugar1974,75,5.45696821064e-12,5
76,11439.0467832417,Sugar1974,Sugar1974,76,1.81898940355e-12,5
77,11470.47241215272,Sugar1974,Sugar1974,77,0,5
78,11473.00505052383,Sugar1974,Sugar1974,78,1.81898940355e-12,45
79,11476.0921691305,Sugar1974,Sugar1974,79,1.81898940355e-12,5
80,11477.77335029256,Sugar1974,Sugar1974,81,1.81898940355e-12,40
81,11488.46235213806,Sugar1974,Sugar1974,82,3.63797880709e-12,5
82,11502.22752157346,Sugar1974,Sugar1974,83,3.63797880709e-12,500
83,11511.39505931066,Sugar1974,Sugar1974,84,3.63797880709e-12,5
84,11513.79616178328,Sugar1974,Sugar1974,85,1.81898940355e-12,5
85,11516.43819120504,Sugar1974,Sugar1974,86,1.81898940355e-12,5
86,11522.13631736235,Sugar1974,Sugar1974,87,3.63797880709e-12,40
87,11523.35943903575,Sugar1974,Sugar1974,88,0,10
88,11531.21327479761,Sugar1974,Sugar1974,89,1.81898940355e-12,35
89,11558.89270327994,Sugar1974,Sugar1974,90,1.81898940355e-12,5
90,11562.67750070216,Sugar1974,Sugar1974,91,3.63797880709e-12,5
91,11593.96276340443,Sugar1974,Sugar1974,92,1.81898940355e-12,5
92,11618.41001097249,Sugar1974,Sugar1974,93,1.81898940355e-12,10
93,11621.01511408166,Sugar1974,Sugar1974,94,1.81898940355e-12,5000
94,11625.22054889452,Sugar1974,Sugar1974,95,3.63797880709e-12,20
95,11628.4090493343,Sugar1974,Sugar1974,96,0,20
96,11631.21767696034,Sugar1974,Sugar1974,97,3.63797880709e-12,45
97,11632.81607653637,Sugar1974,Sugar1974,98,1.81898940355e-12,5
98,11668.63778219693,Sugar1974,Sugar1974,99,3.63797880709e-12,200
99,11672.13346002127,Sugar1974,Sugar1974,100,1.81898940355e-12,20
100,11680.15333368158,Sugar1974,Sugar1974,101,3.63797880709e-12,5
101,11680.53826605346,Sugar1974,Sugar1974,102,3.63797880709e-12,10
102,11695.04131884773,Sugar1974,Sugar1974,103,3.63797880709e-12,5
103,11698.6323224417,Sugar1974,Sugar1974,104,0,5
104,11710.21564073009,Sugar1974,Sugar1974,105,0,30
105,11711.62991497084,Sugar1974,Sugar1974,106,0,5
106,11734.55552581182,Sugar1974,Sugar1974,107,3.63797880709e-12,45
107,11747.5942454994,Sugar1974,Sugar1974,108,3.63797880709e-12,15
108,11747.73657792776,Sugar1974,Sugar1974,109,1.81898940355e-12,5
109,11749.7205670459,Sugar1974,Sugar1974,110,5.45696821064e-12,20
110,11752.95840641,Sugar1974,Sugar1974,111,1.81898940355e-12,10
111,11753.8924288682,Sugar1974,Sugar1974,112,3.63797880709e-12,5
112,11765.62274396274,Sugar1974,Sugar1974,113,3.63797880709e-12,25
113,11768.41641420418,Sugar1974,Sugar1974,114,3.63797880709e-12,100
114,11772.96194786414,Sugar1974,Sugar1974,115,1.81898940355e-12,5
115,11777.63045328643,Sugar1974,Sugar1974,116,5.45696821064e-12,5
116,11779.34283247716,Sugar1974,Sugar1974,118,3.63797880709e-12,5
117,11782.05692455936,Sugar1974,Sugar1974,119,0,5
118,11793.53044961827,Sugar1974,Sugar1974,120,1.81898940355e-12,5
119,11830.73391657158,Sugar1974,Sugar1974,121,3.63797880709e-12,35
120,11831.80796230783,Sugar1974,Sugar1974,122,3.63797880709e-12,10
121,11835.59836738596,Sugar1974,Sugar1974,123,5.45696821064e-12,5
122,11840.79336830618,Sugar1974,Sugar1974,124,1.81898940355e-12,25
123,11842.93953966657,Sugar1974,Sugar1974,125,1.81898940355e-12,15
124,11860.12499069428,Sugar1974,Sugar1974,126,0,10
125,11866.68249741643,Sugar1974,Sugar1974,127,0,10
126,11874.23019166045,Sugar1974,Sugar1974,128,3.63797880709e-12,10
127,11888.61636928017,Sugar1974,Sugar1974,129,5.45696821064e-12,100
128,11890.16746003981,Sugar1974,Sugar1974,130,0,45
129,11890.65678713296,Sugar1974,Sugar1974,131,1.81898940355e-12,45
130,11891.83482123522,Sugar1974,Sugar1974,132,3.63797880709e-12,30
131,11899.13270598009,Sugar1974,Sugar1974,133,3.63797880709e-12,25
132,11915.48914551836,Sugar1974,Sugar1974,134,3.63797880709e-12,30
133,11934.86765245777,Sugar1974,Sugar1974,135,1.81898940355e-12,25
134,11942.76767109161,Sugar1974,Sugar1974,136,5.45696821064e-12,45
135,11956.91994645793,Sugar1974,Sugar1974,139,3.63797880709e-12,5
136,11960.06257310986,Sugar1974,Sugar1974,140,0,20
137,11966.79984983063,Sugar1974,Sugar1974,141,3.63797880709e-12,5
138,11981.18008140634,Sugar1974,Sugar1974,142,1.81898940355e-12,5
139,12004.66675712951,Sugar1974,Sugar1974,143,3.63797880709e-12,15
140,12046.21296057019,Sugar1974,Sugar1974,144,3.63797880709e-12,5
141,12047.35250905127,Sugar1974,Sugar1974,145,0,25
142,12082.87450454897,Sugar1974,Sugar1974,146,3.63797880709e-12,5
143,12100.36128677839,Sugar1974,Sugar1974,147,1.81898940355e-12,40
144,12112.2139824136,Sugar1974,Sugar1974,148,3.63797880709e-12,5
145,12117.53436262605,Sugar1974,Sugar1974,149,3.63797880709e-12,15
146,12125.39594893411,Sugar1974,Sugar1974,150,5.45696821064e-12,250
147,12139.47300120704,Sugar1974,Sugar1974,151,1.81898940355e-12,150
148,12154.31430583792,Sugar1974,Sugar1974,152,3.63797880709e-12,5
149,12160.76046017668,Sugar1974,Sugar1974,153,3.63797880709e-12,5
150,12172.33169818252,Sugar1974,Sugar1974,154,1.81898940355e-12,5
151,12181.28392435502,Sugar1974,Sugar1974,155,3.63797880709e-12,5
152,12199.00181844889,Sugar1974,Sugar1974,156,1.81898940355e-12,35
153,12208.57036203686,Sugar1974,Sugar1974,157,1.81898940355e-12,45
154,12209.62610147776,Sugar1974,Sugar1974,158,1.81898940355e-12,25
155,12227.7256712195,Sugar1974,Sugar1974,159,0,40
156,12227.95137979132,Sugar1974,Sugar1974,160,0,25
157,12236.79998588096,Sugar1974,Sugar1974,161,0,20
158,12240.52160961509,Sugar1974,Sugar1974,162,5.45696821064e-12,40
159,12284.13613605917,Sugar1974,Sugar1974,163,3.63797880709e-12,100
160,12292.65955595035,Sugar1974,Sugar1974,164,5.45696821064e-12,5
161,12293.36555974818,Sugar1974,Sugar1974,165,1.81898940355e-12,400
162,12312.58776631069,Sugar1974,Sugar1974,166,3.63797880709e-12,250
163,12319.01298439933,Sugar1974,Sugar1974,167,3.63797880709e-12,40
164,12326.2201307067,Sugar1974,Sugar1974,168,1.81898940355e-12,35
165,12332.72055342334,Sugar1974,Sugar1974,169,1.81898940355e-12,5
166,12336.67128061474,Sugar1974,Sugar1974,170,1.81898940355e-12,10
167,12337.86185654672,Sugar1974,Sugar1974,171,1.81898940355e-12,3000
168,12342.99841478021,Sugar1974,Sugar1974,172,3.63797880709e-12,5
169,12345.69636858324,Sugar1974,Sugar1974,173,1.81898940355e-12,5
170,12348.02016833056,Sugar1974,Sugar1974,174,3.63797880709e-12,5
171,12389.43359734224,Sugar1974,Sugar1974,175,0,25
172,12389.59951842004,Sugar1974,Sugar1974,176,0,35
173,12391.05364997144,Sugar1974,Sugar1974,177,1.81898940355e-12,20
174,12407.09901470409,Sugar1974,Sugar1974,178,1.81898940355e-12,25
175,12426.52428522475,Sugar1974,Sugar1974,179,0,15
176,12436.69302290711,Sugar1974,Sugar1974,180,1.81898940355e-12,15
177,12473.52620379498,Sugar1974,Sugar1974,181,1.81898940355e-12,5
178,12480.52246951572,Sugar1974,Sugar1974,182,3.63797880709e-12,15
179,12493.19294813123,Sugar1974,Sugar1974,183,3.63797880709e-12,15
180,12494.77638614455,Sugar1974,Sugar1974,184,1.81898940355e-12,250
181,12499.26280133423,Sugar1974,Sugar1974,185,5.45696821064e-12,5
182,12501.55592611427,Sugar1974,Sugar1974,186,3.63797880709e-12,45
183,12516.33396186681,Sugar1974,Sugar1974,187,0,20
184,12531.29964262416,Sugar1974,Sugar1974,188,1.81898940355e-12,10
185,12539.27793310279,Sugar1974,Sugar1974,189,3.63797880709e-12,1000
186,12559.35954176602,Sugar1974,Sugar1974,190,3.63797880709e-12,15
187,12561.03216831172,Sugar1974,Sugar1974,191,0,5
188,12564.02535889739,Sugar1974,Sugar1974,192,1.81898940355e-12,50
189,12578.06547257848,Sugar1974,Sugar1974,193,1.81898940355e-12,5
190,12582.62939062757,Sugar1974,Sugar1974,194,3.63797880709e-12,50
191,12586.62450382083,Sugar1974,Sugar1974,195,5.45696821064e-12,10
192,12587.71971866492,Sugar1974,Sugar1974,198,3.63797880709e-12,5
193,12593.13936713066,Sugar1974,Sugar1974,199,3.63797880709e-12,20
194,12596.46034378136,Sugar1974,Sugar1974,200,3.63797880709e-12,20
195,12608.64067862534,Sugar1974,Sugar1974,201,5.45696821064e-12,50
196,12609.21956881455,Sugar1974,Sugar1974,202,0,20
197,12614.6164363411,Sugar1974,Sugar1974,203,0,15
198,12617.74962904834,Sugar1974,Sugar1974,204,1.81898940355e-12,100
199,12622.44281589013,Sugar1974,Sugar1974,205,1.81898940355e-12,25
200,12632.35556776719,Sugar1974,Sugar1974,206,0,1000
201,12634.34943156495,Sugar1974,Sugar1974,207,0,25
202,12644.03924453869,Sugar1974,Sugar1974,208,0,15
203,12658.44151722913,Sugar1974,Sugar1974,209,3.63797880709e-12,25
204,12659.40972497637,Sugar1974,Sugar1974,210,3.63797880709e-12,400
205,12665.52493253075,Sugar1974,Sugar1974,211,1.81898940355e-12,10
206,12673.81014816604,Sugar1974,Sugar1974,212,1.81898940355e-12,1000
207,12685.15064030525,Sugar1974,Sugar1974,213,1.81898940355e-12,5
208,12691.5277957611,Sugar1974,Sugar1974,214,1.81898940355e-12,25
209,12692.39449779556,Sugar1974,Sugar1974,215,1.81898940355e-12,15
210,12699.47412804201,Sugar1974,Sugar1974,216,3.63797880709e-12,5
211,12709.2205943719,Sugar1974,Sugar1974,217,0,1500
212,12716.90786636127,Sugar1974,Sugar1974,218,1.81898940355e-12,15
213,12727.37772291131,Sugar1974,Sugar1974,219,5.45696821064e-12,40
214,12728.77124011481,Sugar1974,Sugar1974,220,3.63797880709e-12,15
215,12728.91379219936,Sugar1974,Sugar1974,221,0,20
216,12731.0632053602,Sugar1974,Sugar1974,222,1.81898940355e-12,35
217,12740.59847789325,Sugar1974,Sugar1974,223,1.81898940355e-12,20
218,12741.16024478864,Sugar1974,Sugar1974,224,1.81898940355e-12,35
219,12743.57359506745,Sugar1974,Sugar1974,225,3.63797880709e-12,40
220,12772.05159046954,Sugar1974,Sugar1974,226,1.81898940355e-12,45
221,12772.98489920863,Sugar1974,Sugar1974,227,3.63797880709e-12,5
222,12775.31093138074,Sugar1974,Sugar1974,228,3.63797880709e-12,25
223,12777.02201914013,Sugar1974,Sugar1974,229,1.81898940355e-12,45
224,12778.63390725183,Sugar1974,Sugar1974,230,1.81898940355e-12,5
225,12780.51260035052,Sugar1974,Sugar1974,231,0,45
226,12781.31481488208,Sugar1974,Sugar1974,232,3.63797880709e-12,40
227,12783.09137801739,Sugar1974,Sugar1974,233,1.81898940355e-12,45
228,12786.17472811584,Sugar1974,Sugar1974,234,3.63797880709e-12,30
229,12789.03071409439,Sugar1974,Sugar1974,235,1.81898940355e-12,25
230,12792.81770005143,Sugar1974,Sugar1974,236,3.63797880709e-12,200
231,12796.27257984092,Sugar1974,Sugar1974,237,1.81898940355e-12,35
232,12798.82671434076,Sugar1974,Sugar1974,238,1.81898940355e-12,30
233,12800.88004724631,Sugar1974,Sugar1974,239,1.81898940355e-12,40
234,12801.26191132996,Wyart1974,Sugar1974,240,1.81898940355e-12,25
235,12802.18660991769,Sugar1974,Sugar1974,241,0,40
236,12803.05212462629,Sugar1974,Sugar1974,242,3.63797880709e-12,30
237,12807.49372366784,Sugar1974,Sugar1974,243,1.81898940355e-12,10
238,12811.54784650069,Sugar1974,Sugar1974,244,1.81898940355e-12,10
239,12826.29484878582,Sugar1974,Sugar1974,245,5.45696821064e-12,40
240,12831.72268883695,Sugar1974,Sugar1974,246,3.63797880709e-12,5
241,12835.52015967924,Sugar1974,Sugar1974,247,1.81898940355e-12,20
242,12840.31247755625,Sugar1974,Sugar1974,248,3.63797880709e-12,20
243,12841.30367935673,Sugar1974,Sugar1974,249,1.81898940355e-12,5
244,12846.65686577681,Sugar1974,Sugar1974,250,5.45696821064e-12,3000
245,12849.70477120067,Sugar1974,Sugar1974,251,3.63797880709e-12,45
246,12852.01413317212,Sugar1974,Sugar1974,252,0,5
247,12869.54136504769,Sugar1974,Sugar1974,253,0,25
248,12870.68960748738,Sugar1974,Sugar1974,254,1.81898940355e-12,5
249,12872.37162059882,Sugar1974,Sugar1974,255,1.81898940355e-12,35
250,12876.6823532688,Sugar1974,Sugar1974,256,3.63797880709e-12,5
251,12879.98553535418,Sugar1974,Sugar1974,257,1.81898940355e-12,15
252,12881.35120054987,Sugar1974,Sugar1974,258,3.63797880709e-12,5
253,12882.32380973799,Sugar1974,Sugar1974,259,0,5
254,12888.0118422957,Sugar1974,Sugar1974,260,1.81898940355e-12,15
255,12890.5610433153,Sugar1974,Sugar1974,261,3.63797880709e-12,100
256,12892.50614572689,Wyart1974,Sugar1974,262,1.81898940355e-12,500
257,12897.86534306844,Sugar1974,Sugar1974,263,1.81898940355e-12,5
258,12906.190560648,Sugar1974,Sugar1974,264,1.81898940355e-12,10
259,12907.0154968224,Sugar1974,Sugar1974,265,3.63797880709e-12,250
260,12912.44674813724,Sugar1974,Sugar1974,266,1.81898940355e-12,500
261,12916.60584539564,Sugar1974,Sugar1974,267,3.63797880709e-12,35
262,12923.26111200322,Sugar1974,Sugar1974,268,3.63797880709e-12,10
263,12924.06135194044,Sugar1974,Sugar1974,269,1.81898940355e-12,45
264,12925.89110495864,Sugar1974,Sugar1974,270,0,20
265,12936.27113358916,Sugar1974,Sugar1974,271,1.81898940355e-12,5
266,12938.29185383938,Sugar1974,Sugar1974,272,5.45696821064e-12,10
267,12942.77769123674,Sugar1974,Sugar1974,273,5.45696821064e-12,30
268,12943.51480071484,Sugar1974,Sugar1974,274,1.81898940355e-12,20
269,12948.29944651473,Sugar1974,Sugar1974,275,1.81898940355e-12,20
270,12972.82890790226,Sugar1974,Sugar1974,276,1.81898940355e-12,5
271,12978.80939316158,Sugar1974,Sugar1974,277,0,5
272,12985.53072823392,Sugar1974,Sugar1974,278,0,35
273,12988.1826985064,Sugar1974,Sugar1974,279,1.81898940355e-12,35
274,12994.15040763428,Sugar1974,Sugar1974,280,1.81898940355e-12,5
275,13005.1833628405,Sugar1974,Sugar1974,281,1.81898940355e-12,45
276,13010.6876043347,Sugar1974,Sugar1974,282,3.63797880709e-12,45
277,13013.04673580847,Sugar1974,Sugar1974,283,1.81898940355e-12,5
278,13013.49043376872,Sugar1974,Sugar1974,284,0,5
279,13015.59648804308,Sugar1974,Sugar1974,285,0,15
280,13026.33146985486,Sugar1974,Sugar1974,286,1.81898940355e-12,200
281,13033.11068450156,Sugar1974,Sugar1974,287,3.63797880709e-12,100
282,13044.1198328206,Sugar1974,Sugar1974,288,5.45696821064e-12,15
283,13050.04349882732,Sugar1974,Sugar1974,289,1.81898940355e-12,10
284,13071.12611402218,Sugar1974,Sugar1974,290,0,100
285,13081.02173546432,Sugar1974,Sugar1974,291,5.45696821064e-12,30
286,13087.8014526782,Sugar1974,Sugar1974,292,5.45696821064e-12,5
287,13093.8560264722,Sugar1974,Sugar1974,293,3.63797880709e-12,50
288,13110.05661370956,Sugar1974,Sugar1974,294,3.63797880709e-12,100
289,13115.46742414742,Sugar1974,Sugar1974,295,3.63797880709e-12,5
290,13153.29903959959,Sugar1974,Sugar1974,296,5.45696821064e-12,5
291,13160.48995528411,Sugar1974,Sugar1974,297,1.81898940355e-12,300
292,13172.80548009551,Sugar1974,Sugar1974,298,1.81898940355e-12,5
293,13173.9684109512,Sugar1974,Sugar1974,299,3.63797880709e-12,150
294,13177.20858358673,Sugar1974,Sugar1974,300,0,15
295,13182.42818025576,Sugar1974,Sugar1974,301,1.81898940355e-12,10
296,13217.84040474158,Sugar1974,Sugar1974,302,5.45696821064e-12,45
297,13241.8432097535,Sugar1974,Sugar1974,303,5.45696821064e-12,25
298,13242.78878552486,Sugar1974,Sugar1974,304,5.45696821064e-12,100
299,13250.98770261472,Sugar1974,Sugar1974,305,5.45696821064e-12,15
300,13272.22969134688,Sugar1974,Sugar1974,306,1.81898940355e-12,45
301,13277.23204758109,Sugar1974,Sugar1974,307,3.63797880709e-12,5
302,13278.12085955384,Sugar1974,Sugar1974,308,1.81898940355e-12,500
303,13284.28918362151,Sugar1974,Sugar1974,309,3.63797880709e-12,15
304,13287.55913914386,Sugar1974,Sugar1974,310,1.81898940355e-12,10
305,13300.48329520726,Sugar1974,Sugar1974,311,3.63797880709e-12,30
306,13303.68706725717,Sugar1974,Sugar1974,312,3.63797880709e-12,40
307,13305.92321299699,Sugar1974,Sugar1974,313,3.63797880709e-12,30
308,13309.83832527588,Sugar1974,Sugar1974,314,3.63797880709e-12,100
309,13318.33696726673,Sugar1974,Sugar1974,315,1.81898940355e-12,5
310,13322.80607983492,Sugar1974,Sugar1974,316,0,45
311,13332.70420611865,Sugar1974,Sugar1974,317,1.81898940355e-12,5
312,13341.75920739247,Sugar1974,Sugar1974,318,3.63797880709e-12,200
313,13352.09948026095,Sugar1974,Sugar1974,319,1.81898940355e-12,250
314,13367.09035315105,Sugar1974,Sugar1974,320,3.63797880709e-12,5
315,13394.021478327,Sugar1974,Sugar1974,321,1.81898940355e-12,100
316,13394.64963581903,Sugar1974,Sugar1974,322,3.63797880709e-12,50
317,13406.33388249772,Sugar1974,Sugar1974,323,1.81898940355e-12,25
318,13409.33881450285,Sugar1974,Sugar1974,324,5.45696821064e-12,10
319,13413.64230624826,Sugar1974,Sugar1974,325,0,5
320,13426.87264642264,Sugar1974,Sugar1974,326,3.63797880709e-12,15
321,13451.37560479412,Sugar1974,Sugar1974,327,1.81898940355e-12,5
322,13456.06278929706,Sugar1974,Sugar1974,328,1.81898940355e-12,5
323,13456.95947435869,Sugar1974,Sugar1974,329,0,4000
324,13461.63080473418,Sugar1974,Sugar1974,330,3.63797880709e-12,2000
325,13467.25964185766,Sugar1974,Sugar1974,331,0,5
326,13510.99914893313,Sugar1974,Sugar1974,332,3.63797880709e-12,45
327,13513.72034234682,Sugar1974,Sugar1974,333,3.63797880709e-12,30
328,13539.1408991747,Sugar1974,Sugar1974,334,3.63797880709e-12,20
329,13541.11223715619,Sugar1974,Sugar1974,335,5.45696821064e-12,50
330,13564.8487775956,Sugar1974,Sugar1974,336,3.63797880709e-12,10
331,13574.98467781485,Sugar1974,Sugar1974,337,0,5
332,13591.49699589986,Sugar1974,Sugar1974,338,3.63797880709e-12,100
333,13595.21368128741,Sugar1974,Sugar1974,339,0,20
334,13595.34490528032,Sugar1974,Sugar1974,340,1.81898940355e-12,15
335,13600.57181985435,Sugar1974,Sugar1974,341,3.63797880709e-12,300
336,13602.15959939692,Sugar1974,Sugar1974,342,3.63797880709e-12,200
337,13611.81963362581,Sugar1974,Sugar1974,343,3.63797880709e-12,50
338,13613.36348842644,Wyart1974,Sugar1974,344,0,350
339,13618.94186787958,Sugar1974,Sugar1974,345,1.81898940355e-12,150
340,13648.04630026419,Sugar1974,Sugar1974,346,0,40
341,13716.66234573665,Sugar1974,Sugar1974,347,3.63797880709e-12,20
342,13722.21662426481,Sugar1974,Sugar1974,349,3.63797880709e-12,5
343,13741.72323524356,Sugar1974,Sugar1974,350,3.63797880709e-12,35
344,13765.91875708918,Sugar1974,Sugar1974,351,5.45696821064e-12,100
345,13807.95264291005,Sugar1974,Sugar1974,352,0,250
346,13811.66295607708,Sugar1974,Sugar1974,353,1.81898940355e-12,100
347,13815.86803547206,Sugar1974,Sugar1974,354,3.63797880709e-12,25
348,13824.34085582289,Sugar1974,Sugar1974,355,1.81898940355e-12,250
349,13845.57930382005,Sugar1974,Sugar1974,356,1.81898940355e-12,5
350,13862.37206860023,Sugar1974,Sugar1974,357,3.63797880709e-12,5
351,13876.30069971524,Sugar1974,Sugar1974,358,3.63797880709e-12,5
352,13900.24987948252,Sugar1974,Sugar1974,359,3.63797880709e-12,5
353,13920.22375687563,Sugar1974,Sugar1974,360,1.81898940355e-12,30
354,13928.96114512377,Sugar1974,Sugar1974,361,1.81898940355e-12,5
355,13947.55051281253,Sugar1974,Sugar1974,362,3.63797880709e-12,5
356,13951.64187118094,Sugar1974,Sugar1974,363,1.81898940355e-12,100
357,14005.75187803795,Sugar1974,Sugar1974,364,5.45696821064e-12,25
358,14018.06933732343,Sugar1974,Sugar1974,365,3.63797880709e-12,15
359,14055.82346778137,Sugar1974,Sugar1974,366,1.81898940355e-12,500
360,14077.10175929279,Sugar1974,Sugar1974,367,3.63797880709e-12,15
361,14105.93625117303,Sugar1974,Sugar1974,368,1.81898940355e-12,35
362,14112.44139018908,Sugar1974,Sugar1974,369,3.63797880709e-12,100
363,14121.28014950371,Sugar1974,Sugar1974,370,3.63797880709e-12,20
364,14127.14888218522,Sugar1974,Sugar1974,371,1.81898940355e-12,4500
365,14129.9540364808,Sugar1974,Sugar1974,372,0,100
366,14133.05227831556,Sugar1974,Sugar1974,373,1.81898940355e-12,20
367,14162.21080252439,Sugar1974,Sugar1974,374,0,25
368,14171.00958743707,Sugar1974,Sugar1974,375,1.81898940355e-12,75
369,14174.85122748152,Sugar1974,Sugar1974,376,3.63797880709e-12,5
370,14208.17347530566,Sugar1974,Sugar1974,377,1.81898940355e-12,5
371,14214.12273290042,Sugar1974,Sugar1974,378,3.63797880709e-12,20
372,14220.04450938592,Sugar1974,Sugar1974,379,3.63797880709e-12,5000
373,14225.96324909739,Sugar1974,Sugar1974,380,3.63797880709e-12,20
374,14243.08954353304,Sugar1974,Sugar1974,381,3.63797880709e-12,25
375,14323.04626423935,Sugar1974,Sugar1974,382,0,100
376,14332.72181677877,Sugar1974,Sugar1974,383,1.81898940355e-12,5
377,14333.51924096897,Sugar1974,Sugar1974,384,3.63797880709e-12,5
378,14334.26936845074,Sugar1974,Sugar1974,385,5.45696821064e-12,25
379,14341.26062807488,Sugar1974,Sugar1974,386,5.45696821064e-12,500
380,14343.62070348688,Sugar1974,Sugar1974,387,3.63797880709e-12,25
381,14380.89838819008,Sugar1974,Sugar1974,388,0,35
382,14416.56761272869,Sugar1974,Sugar1974,389,1.81898940355e-12,150
383,14437.56392146423,Sugar1974,Sugar1974,390,3.63797880709e-12,20
384,14437.95624468187,Sugar1974,Sugar1974,391,1.81898940355e-12,75
385,14456.18638291651,Sugar1974,Sugar1974,392,1.81898940355e-12,5
386,14461.42232031221,Sugar1974,Sugar1974,393,3.63797880709e-12,15
387,14467.48737761943,Sugar1974,Sugar1974,394,5.45696821064e-12,7000
388,14473.49013410027,Sugar1974,Sugar1974,395,3.63797880709e-12,15
389,14481.36448364107,Sugar1974,Sugar1974,396,0,500
390,14490.73250026551,Sugar1974,Sugar1974,397,5.45696821064e-12,1000
391,14528.33857577702,Sugar1974,Sugar1974,398,5.45696821064e-12,4
392,14530.99724139321,Sugar1974,Sugar1974,399,1.81898940355e-12,1
393,14550.67015853081,Sugar1974,Sugar1974,400,3.63797880709e-12,60
394,14552.74361520943,Sugar1974,Sugar1974,401,3.63797880709e-12,4
395,14558.8046953864,Sugar1974,Sugar1974,402,3.63797880709e-12,1000
396,14564.89017582448,Sugar1974,Sugar1974,403,3.63797880709e-12,4
397,14578.97412934951,Sugar1974,Sugar1974,404,1.81898940355e-12,200
398,14584.65538264219,Sugar1974,Sugar1974,405,3.63797880709e-12,100
399,14641.61162727583,Sugar1974,Sugar1974,406,1.81898940355e-12,200
400,14666.33251915634,Sugar1974,Sugar1974,407,1.81898940355e-12,40
401,14686.51870624573,Sugar1974,Sugar1974,408,0,1
402,14708.05191409736,Sugar1974,Sugar1974,409,3.63797880709e-12,40
403,14755.10794535194,Sugar1974,Sugar1974,410,1.81898940355e-12,1
404,14800.57014954211,Sugar1974,Sugar1974,411,1.81898940355e-12,20
405,14819.6334842447,Sugar1974,Sugar1974,412,3.63797880709e-12,4
406,14833.11011635437,Sugar1974,Sugar1974,413,0,9
407,14859.97990446398,Sugar1974,Sugar1974,414,3.63797880709e-12,100
408,14869.54798140033,Sugar1974,Sugar1974,415,1.81898940355e-12,1
409,14879.96295548209,Sugar1974,Sugar1974,416,1.81898940355e-12,20
410,14885.67040955743,Sugar1974,Sugar1974,417,0,50
411,14900.10428110677,Sugar1974,Sugar1974,418,0,3
412,14905.35844355083,Sugar1974,Sugar1974,419,1.81898940355e-12,1
413,14906.33641747979,Sugar1974,Sugar1974,420,0,600
414,14912.54196422437,Sugar1974,Sugar1974,421,3.63797880709e-12,2
415,14938.55305645373,Sugar1974,Sugar1974,422,3.63797880709e-12,50
416,14959.70663453744,Sugar1974,Sugar1974,423,3.63797880709e-12,1
417,14984.29431629944,Sugar1974,Sugar1974,424,1.81898940355e-12,2
418,14984.74616587666,Sugar1974,Sugar1974,425,5.45696821064e-12,10
419,14985.75691007017,Sugar1974,Sugar1974,426,0,1
420,14997.60670509249,Sugar1974,Sugar1974,428,1.81898940355e-12,1
421,15001.00227137524,Sugar1974,Sugar1974,429,1.81898940355e-12,10
422,15047.72567892418,Sugar1974,Sugar1974,430,1.81898940355e-12,1
423,15080.52770757992,Sugar1974,Sugar1974,431,1.81898940355e-12,4
424,15084.36639845176,Sugar1974,Sugar1974,432,3.63797880709e-12,40
425,15090.57296750688,Sugar1974,Sugar1974,433,1.81898940355e-12,30
426,15109.65148544203,Sugar1974,Sugar1974,434,0,100
427,15140.00452440052,Sugar1974,Sugar1974,435,3.63797880709e-12,1
428,15162.02727000149,Sugar1974,Sugar1974,436,3.63797880709e-12,7
429,15189.58830780333,Sugar1974,Sugar1974,437,5.45696821064e-12,1
430,15193.28160015447,Sugar1974,Sugar1974,438,1.81898940355e-12,60
431,15195.9097699869,Sugar1974,Sugar1974,439,3.63797880709e-12,200
432,15228.60307771471,Sugar1974,Sugar1974,440,1.81898940355e-12,1
433,15271.5904560401,Sugar1974,Sugar1974,441,5.45696821064e-12,30
434,15346.0025530193,Sugar1974,Sugar1974,442,3.63797880709e-12,1
435,15348.39881139071,Sugar1974,Sugar1974,443,0,10
436,15373.87081131227,Sugar1974,Sugar1974,444,3.63797880709e-12,1
437,15375.05288346789,Sugar1974,Sugar1974,445,3.63797880709e-12,10
438,15376.84305264687,Sugar1974,Sugar1974,447,3.63797880709e-12,300
439,15376.84305264687,Sugar1974,Sugar1974,447,3.63797880709e-12,300
440,15380.27598664266,Sugar1974,Sugar1974,448,0,600
441,15401.90927152207,Sugar1974,Sugar1974,449,3.63797880709e-12,1
442,15458.21756516692,Sugar1974,Sugar1974,450,1.81898940355e-12,7
443,15471.25757399269,Sugar1974,Sugar1974,451,3.63797880709e-12,1
444,15474.15020721627,Sugar1974,Sugar1974,452,1.81898940355e-12,20
445,15486.22372136858,Sugar1974,Sugar1974,453,3.63797880709e-12,6
446,15487.2699205443,Sugar1974,Sugar1974,454,3.63797880709e-12,1
447,15493.57998301521,Sugar1974,Sugar1974,455,1.81898940355e-12,2
448,15504.94600849203,Sugar1974,Sugar1974,456,3.63797880709e-12,5
449,15505.04695117596,Sugar1974,Sugar1974,457,0,4
450,15512.23790972205,Sugar1974,Sugar1974,458,0,300
451,15525.51641627059,Sugar1974,Sugar1974,459,1.81898940355e-12,50
452,15549.59910191231,Sugar1974,Sugar1974,460,3.63797880709e-12,300
453,15556.01821555392,Sugar1974,Sugar1974,461,1.81898940355e-12,1
454,15573.72031086317,Sugar1974,Sugar1974,462,3.63797880709e-12,7
455,15587.92310698768,Sugar1974,Sugar1974,463,3.63797880709e-12,80
456,15655.09628837296,Sugar1974,Sugar1974,464,1.81898940355e-12,15
457,15663.88726327879,Sugar1974,Sugar1974,465,3.63797880709e-12,3
458,15714.85007185795,Sugar1974,Sugar1974,466,1.81898940355e-12,100
459,15736.25150596019,Sugar1974,Sugar1974,467,0,7
460,15783.52979888819,Sugar1974,Sugar1974,468,3.63797880709e-12,9
461,15791.05653600841,Sugar1974,Sugar1974,469,3.63797880709e-12,8
462,15796.80778527301,Sugar1974,Sugar1974,470,5.45696821064e-12,10
463,15800.6923287052,Sugar1974,Sugar1974,471,3.63797880709e-12,3
464,15824.652618769,Sugar1974,Sugar1974,472,3.63797880709e-12,2
465,15842.57267636091,Sugar1974,Sugar1974,473,0,200
466,15870.06067011395,Sugar1974,Sugar1974,474,1.81898940355e-12,2
467,15874.52337050847,Sugar1974,Sugar1974,475,1.81898940355e-12,5
468,15894.27468387381,Sugar1974,Sugar1974,476,1.81898940355e-12,9
469,15910.37564257057,Sugar1974,Sugar1974,477,5.45696821064e-12,1
470,15935.70090409929,Sugar1974,Sugar1974,478,3.63797880709e-12,2
471,15941.57619416777,Sugar1974,Sugar1974,479,3.63797880709e-12,6
472,15970.03351048797,Sugar1974,Sugar1974,480,1.81898940355e-12,4
473,15972.99095428807,Sugar1974,Sugar1974,481,3.63797880709e-12,9
474,15977.04201448544,Sugar1974,Sugar1974,482,3.63797880709e-12,2
475,15981.4864328851,Sugar1974,Sugar1974,483,0,9
476,15995.15832234098,Sugar1974,Sugar1974,484,3.63797880709e-12,2
477,16001.06947906344,Sugar1974,Sugar1974,485,3.63797880709e-12,2
478,16007.80249826947,Sugar1974,Sugar1974,486,1.81898940355e-12,1
479,16016.95856214051,Sugar1974,Sugar1974,487,1.81898940355e-12,8
480,16019.61756747211,Sugar1974,Sugar1974,488,3.63797880709e-12,1
481,16023.96962826915,Sugar1974,Sugar1974,489,0,3
482,16028.09574146565,Sugar1974,Sugar1974,490,1.81898940355e-12,80
483,16028.78149741128,Sugar1974,Sugar1974,491,1.81898940355e-12,40
484,16036.35333013699,Sugar1974,Sugar1974,492,0,5
485,16041.21694343093,Sugar1974,Sugar1974,493,3.63797880709e-12,4
486,16044.26996599969,Sugar1974,Sugar1974,494,0,5
487,16049.88000604785,Sugar1974,Sugar1974,495,0,4
488,16059.26735361288,Sugar1974,Sugar1974,496,5.45696821064e-12,5
489,16062.31956317031,Sugar1974,Sugar1974,497,1.81898940355e-12,4
490,16065.38621194543,Sugar1974,Sugar1974,498,3.63797880709e-12,1
491,16091.6975262696,Sugar1974,Sugar1974,499,0,30
492,16105.06292542731,Sugar1974,Sugar1974,500,1.81898940355e-12,1
493,16106.02292075893,Sugar1974,Sugar1974,501,5.45696821064e-12,9
494,16126.94838085961,Sugar1974,Sugar1974,502,0,1
495,16129.23252543919,Sugar1974,Sugar1974,503,5.45696821064e-12,4
496,16132.01219700889,Sugar1974,Sugar1974,504,1.81898940355e-12,5
497,16135.94926824684,Sugar1974,Sugar1974,505,3.63797880709e-12,2000
498,16137.44707849549,Sugar1974,Sugar1974,506,1.81898940355e-12,100
499,16142.65045360117,Sugar1974,Sugar1974,507,3.63797880709e-12,4
500,16155.06186194153,Sugar1974,Sugar1974,508,1.81898940355e-12,9
501,16178.06224627854,Sugar1974,Sugar1974,509,5.45696821064e-12,1
502,16180.94253806437,Sugar1974,Sugar1974,510,3.63797880709e-12,3
503,16189.18877408804,Sugar1974,Sugar1974,511,0,1
504,16198.87321144339,Sugar1974,Sugar1974,512,3.63797880709e-12,1
505,16221.88594836463,Sugar1974,Sugar1974,513,3.63797880709e-12,3
506,16226.0508229062,Sugar1974,Sugar1974,514,0,1500
507,16228.63203206525,Sugar1974,Sugar1974,515,1.81898940355e-12,5000
508,16252.65109402253,Sugar1974,Sugar1974,516,3.63797880709e-12,5
509,16279.50609960031,Sugar1974,Sugar1974,517,1.81898940355e-12,7
510,16286.45395841169,Sugar1974,Sugar1974,518,1.81898940355e-12,5
511,16288.83982337653,Sugar1974,Sugar1974,519,1.81898940355e-12,2
512,16306.31662620816,Sugar1974,Sugar1974,520,1.81898940355e-12,1
513,16308.77964190994,Sugar1974,Sugar1974,521,1.81898940355e-12,9
514,16340.77307476764,Sugar1974,Sugar1974,522,0,80
515,16390.52883374833,Sugar1974,Sugar1974,527,0,80
516,16408.9595896147,Sugar1974,Sugar1974,528,0,5
517,16414.09991868259,Sugar1974,Sugar1974,529,0,3
518,16415.77339989621,Sugar1974,Sugar1974,530,3.63797880709e-12,9000
519,16422.53125644882,Sugar1974,Sugar1974,531,0,10
520,16423.45694024418,Sugar1974,Sugar1974,532,0,6
521,16423.82089358949,Sugar1974,Sugar1974,533,3.63797880709e-12,2
522,16432.94855307947,Sugar1974,Sugar1974,534,3.63797880709e-12,1
523,16466.95864045283,Sugar1974,Sugar1974,535,0,900
524,16468.97377373471,Sugar1974,Sugar1974,536,3.63797880709e-12,1
525,16477.92088642179,Sugar1974,Sugar1974,537,3.63797880709e-12,2
526,16516.14120189482,Sugar1974,Sugar1974,538,3.63797880709e-12,1500
527,16533.46693555628,Sugar1974,Sugar1974,539,0,9
528,16547.66406910051,Sugar1974,Sugar1974,540,0,1
529,16569.39684177671,Sugar1974,Sugar1974,541,3.63797880709e-12,10
530,16593.38652205396,Sugar1974,Sugar1974,542,0,9
531,16606.3601339941,Sugar1974,Sugar1974,543,0,6
532,16628.13655481838,Sugar1974,Sugar1974,544,0,1
533,16632.74811966308,Sugar1974,Sugar1974,545,0,4
534,16664.9845071252,Sugar1974,Sugar1974,546,0,900
535,16673.38379261994,Sugar1974,Sugar1974,547,0,4
536,16679.40943754118,Sugar1974,Sugar1974,548,3.63797880709e-12,6
537,16681.90032243101,Sugar1974,Sugar1974,549,3.63797880709e-12,1
538,16699.26871416312,Sugar1974,Sugar1974,550,3.63797880709e-12,3
539,16722.82780146686,Sugar1974,Sugar1974,551,3.63797880709e-12,5
540,16734.36293779453,Sugar1974,Sugar1974,552,0,7
541,16744.76764801337,Sugar1974,Sugar1974,553,3.63797880709e-12,8
542,16745.19683075495,Sugar1974,Sugar1974,554,0,9
543,16764.38325958624,Sugar1974,Sugar1974,555,0,1
544,16767.33610372547,Sugar1974,Sugar1974,556,0,50
545,16768.43576829627,Sugar1974,Sugar1974,557,0,9
546,16772.54591133723,Sugar1974,Sugar1974,558,3.63797880709e-12,2
547,16774.55461357276,Sugar1974,Sugar1974,559,0,6
548,16778.01783668882,Sugar1974,Sugar1974,560,0,5
549,16784.99485042989,Sugar1974,Sugar1974,561,3.63797880709e-12,7000
550,16786.89785008081,Sugar1974,Sugar1974,562,3.63797880709e-12,4
551,16791.98728915746,Sugar1974,Sugar1974,563,3.63797880709e-12,5
552,16793.17758572896,Sugar1974,Sugar1974,564,0,5
553,16793.67359426247,Sugar1974,Sugar1974,565,0,6
554,16807.76579373384,Sugar1974,Sugar1974,566,0,200
555,16816.47906098057,Sugar1974,Sugar1974,567,3.63797880709e-12,5
556,16822.7609626971,Sugar1974,Sugar1974,568,3.63797880709e-12,8
557,16841.58737407202,Sugar1974,Sugar1974,569,3.63797880709e-12,4
558,16843.20153266817,Sugar1974,Sugar1974,570,3.63797880709e-12,80
559,16852.70779695421,Sugar1974,Sugar1974,571,0,40
560,16867.18884132833,Sugar1974,Sugar1974,572,0,50
561,16904.19689791525,Sugar1974,Sugar1974,573,3.63797880709e-12,7
562,16906.65209587081,Sugar1974,Sugar1974,574,3.63797880709e-12,8
563,16914.13804322139,Sugar1974,Sugar1974,575,0,1
564,16957.54870000263,Sugar1974,Sugar1974,576,3.63797880709e-12,80
565,16959.74934372833,Sugar1974,Sugar1974,577,3.63797880709e-12,3
566,16965.28347295639,Sugar1974,Sugar1974,578,3.63797880709e-12,9
567,16970.49317077209,Sugar1974,Sugar1974,579,3.63797880709e-12,1
568,16976.06954994774,Sugar1974,Sugar1974,580,3.63797880709e-12,50
569,16983.95398262391,Sugar1974,Sugar1974,581,0,9
570,16986.7365087328,Sugar1974,Sugar1974,582,3.63797880709e-12,10
571,16988.996736061,Sugar1974,Sugar1974,583,3.63797880709e-12,8
572,16990.52964637971,Sugar1974,Sugar1974,584,3.63797880709e-12,2
573,16993.72965798704,Sugar1974,Sugar1974,585,0,8
574,16996.24287922507,Sugar1974,Sugar1974,586,0,3
575,17006.99893764285,Sugar1974,Sugar1974,587,3.63797880709e-12,30
576,17018.94749696647,Sugar1974,Sugar1974,588,0,3
577,17019.54114208836,Sugar1974,Sugar1974,589,0,1
578,17021.92300138355,Sugar1974,Sugar1974,590,3.63797880709e-12,2
579,17023.71152409539,Sugar1974,Sugar1974,591,0,6
580,17031.32149269323,Sugar1974,Sugar1974,592,3.63797880709e-12,15
581,17048.46902536561,Sugar1974,Sugar1974,593,0,15
582,17075.38310254102,Sugar1974,Sugar1974,594,3.63797880709e-12,8
583,17077.43358455617,Sugar1974,Sugar1974,595,3.63797880709e-12,40
584,17082.7886842135,Sugar1974,Sugar1974,596,3.63797880709e-12,20
585,17086.32387954601,Sugar1974,Sugar1974,597,3.63797880709e-12,7
586,17090.52762405749,Sugar1974,Sugar1974,598,0,3
587,17092.1580226369,Sugar1974,Sugar1974,599,3.63797880709e-12,4
588,17093.40606110421,Sugar1974,Sugar1974,600,3.63797880709e-12,4
589,17097.00120933164,Sugar1974,Sugar1974,601,3.63797880709e-12,15
590,17105.61669434419,Sugar1974,Sugar1974,602,3.63797880709e-12,1500
591,17118.33991458055,Sugar1974,Sugar1974,603,0,6
592,17119.71165769022,Sugar1974,Sugar1974,604,3.63797880709e-12,5
593,17144.67613409138,Sugar1974,Sugar1974,605,3.63797880709e-12,1
594,17146.01960443971,Sugar1974,Sugar1974,606,0,1
595,17172.40845294452,Sugar1974,Sugar1974,607,3.63797880709e-12,1
596,17177.31195831886,Sugar1974,Sugar1974,608,3.63797880709e-12,10
597,17192.70867911051,Sugar1974,Sugar1974,609,3.63797880709e-12,2
598,17195.12767449843,Sugar1974,Sugar1974,610,0,2
599,17235.4057380414,Sugar1974,Sugar1974,611,3.63797880709e-12,2
600,17242.43865176603,Sugar1974,Sugar1974,612,3.63797880709e-12,1
601,17256.4117431989,Sugar1974,Sugar1974,613,0,1
602,17258.65823716097,Sugar1974,Sugar1974,614,3.63797880709e-12,8
603,17307.52394642715,Sugar1974,Sugar1974,615,3.63797880709e-12,1
604,17311.56116149786,Sugar1974,Sugar1974,616,0,8
605,17314.28055979555,Sugar1974,Sugar1974,617,0,15
606,17316.97707532658,Sugar1974,Sugar1974,618,3.63797880709e-12,8
607,17317.91883608956,Sugar1974,Sugar1974,619,3.63797880709e-12,7
608,17331.44354164608,Sugar1974,Sugar1974,620,3.63797880709e-12,1
609,17340.44392988141,Sugar1974,Sugar1974,621,3.63797880709e-12,600
610,17345.31195679935,Sugar1974,Sugar1974,622,0,3
611,17347.39172498622,Sugar1974,Sugar1974,623,3.63797880709e-12,15
612,17352.50779269734,Sugar1974,Sugar1974,624,3.63797880709e-12,4
613,17367.13058349414,Sugar1974,Sugar1974,625,3.63797880709e-12,20
614,17371.18670410443,Sugar1974,Sugar1974,626,3.63797880709e-12,2
615,17414.36622191556,Sugar1974,Sugar1974,627,3.63797880709e-12,1
616,17424.61609853828,Sugar1974,Sugar1974,628,3.63797880709e-12,5
617,17425.14383618088,Sugar1974,Sugar1974,629,3.63797880709e-12,1
618,17428.73807920452,Sugar1974,Sugar1974,630,0,5
619,17461.49252753416,Sugar1974,Sugar1974,631,3.63797880709e-12,3
620,17474.56463019426,Sugar1974,Sugar1974,632,0,1
621,17475.64305434956,Sugar1974,Sugar1974,633,3.63797880709e-12,2
622,17490.79918264048,Sugar1974,Sugar1974,634,0,5
623,17519.25202443417,Sugar1974,Sugar1974,635,3.63797880709e-12,2
624,17545.69139547292,Sugar1974,Sugar1974,636,0,1
625,17580.94331373925,Sugar1974,Sugar1974,637,0,3
626,17594.27631841261,Sugar1974,Sugar1974,638,3.63797880709e-12,9
627,17606.2047801854,Sugar1974,Sugar1974,639,0,2
628,17627.01664768548,Sugar1974,Sugar1974,640,3.63797880709e-12,80
629,17693.03276963122,Sugar1974,Sugar1974,641,0,4
630,17701.58219393453,Sugar1974,Sugar1974,642,3.63797880709e-12,1
631,17704.23402701369,Sugar1974,Sugar1974,643,0,150
632,17711.56410202992,Sugar1974,Sugar1974,644,3.63797880709e-12,5
633,17725.56080406303,Sugar1974,Sugar1974,645,0,9
634,17769.07234159451,Sugar1974,Sugar1974,646,3.63797880709e-12,8
635,17778.00205151645,Sugar1974,Sugar1974,647,3.63797880709e-12,10
636,17792.66395584087,Sugar1974,Sugar1974,648,0,1
637,17810.20237698039,Sugar1974,Sugar1974,649,3.63797880709e-12,9
638,17837.62323258508,Sugar1974,Sugar1974,650,3.63797880709e-12,9
639,17848.48946092145,Sugar1974,Sugar1974,651,3.63797880709e-12,6
640,17857.51458806523,Sugar1974,Sugar1974,652,0,9
641,17859.7925726916,Sugar1974,Sugar1974,653,3.63797880709e-12,8
642,17868.60959332137,Sugar1974,Sugar1974,654,0,6
643,17870.40417938309,Sugar1974,Sugar1974,655,0,20
644,17881.67840908482,Sugar1974,Sugar1974,656,3.63797880709e-12,9
645,17887.67077540027,Sugar1974,Sugar1974,657,3.63797880709e-12,4
646,17910.60299342305,Sugar1974,Sugar1974,658,3.63797880709e-12,100
647,17912.25249618517,Sugar1974,Sugar1974,659,3.63797880709e-12,4
648,17917.69384940082,Sugar1974,Sugar1974,660,0,9
649,17929.12372626,Sugar1974,Sugar1974,661,3.63797880709e-12,5
650,17929.64454999502,Sugar1974,Sugar1974,662,3.63797880709e-12,1
651,17933.24068942922,Sugar1974,Sugar1974,663,3.63797880709e-12,10
652,17936.09800374106,Sugar1974,Sugar1974,664,0,9
653,17938.75944881655,Sugar1974,Sugar1974,665,3.63797880709e-12,4
654,17944.63612120647,Sugar1974,Sugar1974,666,3.63797880709e-12,1
655,17961.75190754482,Sugar1974,Sugar1974,667,0,8
656,17965.84161410045,Sugar1974,Sugar1974,668,3.63797880709e-12,60
657,17967.23987781013,Sugar1974,Sugar1974,669,3.63797880709e-12,9
658,17979.68038912008,Sugar1974,Sugar1974,670,3.63797880709e-12,10
659,17981.91461025721,Sugar1974,Sugar1974,671,3.63797880709e-12,10
660,17989.5902364305,Sugar1974,Sugar1974,672,0,8
661,17996.05350320803,Sugar1974,Sugar1974,673,0,3
662,17998.46392820134,Sugar1974,Sugar1974,674,3.63797880709e-12,2
663,18001.36830714202,Sugar1974,Sugar1974,675,3.63797880709e-12,4
664,18011.13674155386,Sugar1974,Sugar1974,676,3.63797880709e-12,80
665,18042.23337806292,Sugar1974,Sugar1974,677,3.63797880709e-12,20
666,18063.38363615275,Sugar1974,Sugar1974,678,0,40
667,18106.34475051273,Sugar1974,Sugar1974,679,3.63797880709e-12,1
668,18128.02775663038,Sugar1974,Sugar1974,680,0,1
669,18142.68712855882,Sugar1974,Sugar1974,681,3.63797880709e-12,15
670,18144.25375200564,Sugar1974,Sugar1974,682,0,3
671,18148.26931189729,Sugar1974,Sugar1974,683,3.63797880709e-12,5
672,18167.27863811022,Sugar1974,Sugar1974,684,3.63797880709e-12,8
673,18171.71300014179,Sugar1974,Sugar1974,685,3.63797880709e-12,1
674,18204.74336864431,Sugar1974,Sugar1974,686,3.63797880709e-12,1
675,18241.54150558681,Sugar1974,Sugar1974,687,0,8
676,18260.55312314265,Sugar1974,Sugar1974,688,0,20
677,18302.56191523578,Sugar1974,Sugar1974,689,3.63797880709e-12,20
678,18303.9525080973,Sugar1974,Sugar1974,690,0,2
679,18328.87672066563,Sugar1974,Sugar1974,691,3.63797880709e-12,2
680,18329.31288370999,Sugar1974,Sugar1974,692,0,2
681,18345.65695010432,Sugar1974,Sugar1974,693,3.63797880709e-12,50
682,18408.81758966823,Sugar1974,Sugar1974,694,3.63797880709e-12,10
683,18418.89034012912,Sugar1974,Sugar1974,695,3.63797880709e-12,100
684,18448.64423222082,Sugar1974,Sugar1974,696,3.63797880709e-12,3
685,18462.59269685833,Sugar1974,Sugar1974,697,0,1
686,18464.12771592821,Sugar1974,Sugar1974,698,0,1
687,18476.58259161715,Sugar1974,Sugar1974,699,3.63797880709e-12,1
688,18478.70741541046,Sugar1974,Sugar1974,701,3.63797880709e-12,5
689,18504.03036560243,Sugar1974,Sugar1974,702,0,8
690,18547.49445935895,Sugar1974,Sugar1974,703,0,6
691,18621.66600978508,Sugar1974,Sugar1974,704,3.63797880709e-12,6
692,18623.25381947447,Sugar1974,Sugar1974,705,0,1
693,18625.96056564572,Sugar1974,Sugar1974,706,3.63797880709e-12,7
694,18645.83425684175,Sugar1974,Sugar1974,707,0,4
695,18687.82022822683,Sugar1974,Sugar1974,708,3.63797880709e-12,5
696,18721.33166546165,Sugar1974,Sugar1974,709,0,1500
697,18746.03432570367,Sugar1974,Sugar1974,710,0,3
698,18768.16019767619,Sugar1974,Sugar1974,711,0,10
699,18798.28045529581,Sugar1974,Sugar1974,712,3.63797880709e-12,4
700,18862.70106735202,Sugar1974,Sugar1974,713,3.63797880709e-12,1500
701,18870.61969847023,Sugar1974,Sugar1974,714,3.63797880709e-12,4
702,18883.71158575628,Sugar1974,Sugar1974,715,3.63797880709e-12,10
703,18909.44671836126,Sugar1974,Sugar1974,716,3.63797880709e-12,3
704,18917.29704918363,Sugar1974,Sugar1974,717,0,1500
705,18921.12788472543,Sugar1974,Sugar1974,718,0,6
706,18925.22576033848,Sugar1974,Sugar1974,719,3.63797880709e-12,4
707,18988.28364142735,Sugar1974,Sugar1974,720,0,10
708,18990.07709757051,Sugar1974,Sugar1974,721,3.63797880709e-12,1000
709,18998.01952985638,Sugar1974,Sugar1974,722,3.63797880709e-12,3
710,19000.05632420677,Sugar1974,Sugar1974,723,0,150
711,19006.40652852673,Sugar1974,Sugar1974,724,0,6
712,19060.98008149874,Sugar1974,Sugar1974,725,3.63797880709e-12,1
713,19064.47718471377,Sugar1974,Sugar1974,726,0,1
714,19076.80605108542,Sugar1974,Sugar1974,727,3.63797880709e-12,10
715,19194.00385083107,Sugar1974,Sugar1974,728,3.63797880709e-12,150
716,19211.00022498638,Sugar1974,Sugar1974,729,3.63797880709e-12,9
717,19251.26345609307,Sugar1974,Sugar1974,730,3.63797880709e-12,2
718,19257.6090044091,Sugar1974,Sugar1974,731,3.63797880709e-12,10
719,19317.42437489595,Sugar1974,Sugar1974,732,3.63797880709e-12,3
720,19319.35883847051,Sugar1974,Sugar1974,733,3.63797880709e-12,30
721,19319.35883847051,Sugar1974,Sugar1974,733,3.63797880709e-12,30
722,19348.90879763235,Sugar1974,Sugar1974,735,3.63797880709e-12,15
723,19353.13774777145,Sugar1974,Sugar1974,736,0,5
724,19403.65088580007,Sugar1974,Sugar1974,737,0,3
725,19493.0372527793,Sugar1974,Sugar1974,738,0,15
726,19499.0210009188,Sugar1974,Sugar1974,739,3.63797880709e-12,10
727,19581.04397522315,Sugar1974,Sugar1974,740,3.63797880709e-12,1
728,19593.03728014743,Sugar1974,Sugar1974,741,3.63797880709e-12,9
729,19643.84756554761,Sugar1974,Sugar1974,742,0,1
730,19648.39447289934,Sugar1974,Sugar1974,743,3.63797880709e-12,10
731,19694.11880758709,Sugar1974,Sugar1974,744,3.63797880709e-12,70
732,19719.22863808646,Sugar1974,Sugar1974,745,0,2
733,19872.49036168287,Sugar1974,Sugar1974,746,0,2
734,20123.32231654368,Sugar1974,Sugar1974,747,3.63797880709e-12,2
735,20136.83684212717,Sugar1974,Sugar1974,748,0,60
736,20281.95154007154,Sugar1974,Sugar1974,749,3.63797880709e-12,80
737,20288.69330693772,Sugar1974,Sugar1974,750,3.63797880709e-12,1
738,20311.45630914799,Sugar1974,Sugar1974,751,3.63797880709e-12,2
739,20315.66635506324,Sugar1974,Sugar1974,752,3.63797880709e-12,80
740,20357.51361531151,Sugar1974,Sugar1974,753,0,90
741,20443.10645409943,Sugar1974,Sugar1974,754,0,6
742,20472.77907742085,Sugar1974,Sugar1974,755,3.63797880709e-12,1
743,20524.99905402952,Sugar1974,Sugar1974,756,3.63797880709e-12,3
744,20543.67415624605,Sugar1974,Sugar1974,757,0,3
745,20549.13917689105,Sugar1974,Sugar1974,758,3.63797880709e-12,60
746,20553.00025541044,Sugar1974,Sugar1974,759,0,60
747,20581.45602887298,Sugar1974,Sugar1974,760,3.63797880709e-12,600
748,20632.71133327099,Sugar1974,Sugar1974,761,3.63797880709e-12,90
749,20686.66285125405,Sugar1974,Sugar1974,762,3.63797880709e-12,2
750,20710.17250736764,Sugar1974,Sugar1974,763,3.63797880709e-12,1
751,20733.35802956214,Sugar1974,Sugar1974,764,0,1
752,20737.66229531431,Sugar1974,Sugar1974,765,3.63797880709e-12,1
753,20754.62947795335,Sugar1974,Sugar1974,766,0,8
754,20783.34284408313,Sugar1974,Sugar1974,767,0,1
755,20791.83213714934,Sugar1974,Sugar1974,768,3.63797880709e-12,8
756,20804.48340461098,Sugar1974,Sugar1974,769,0,9
757,20812.63959886213,Sugar1974,Sugar1974,770,3.63797880709e-12,5
758,20814.4381430375,Sugar1974,Sugar1974,771,3.63797880709e-12,2
759,20819.15317555164,Sugar1974,Sugar1974,772,0,2
760,20833.40638866022,Sugar1974,Sugar1974,773,3.63797880709e-12,1
761,20848.57233289861,Sugar1974,Sugar1974,774,3.63797880709e-12,1
762,20866.00382636895,Sugar1974,Sugar1974,775,3.63797880709e-12,3
763,20897.90674857169,Sugar1974,Sugar1974,776,3.63797880709e-12,3
764,20923.93398594992,Sugar1974,Sugar1974,777,3.63797880709e-12,2
765,20935.26108500755,Sugar1974,Sugar1974,778,0,450
766,20947.31990586921,Sugar1974,Sugar1974,779,0,1
767,20950.47673110177,Sugar1974,Sugar1974,780,0,300
768,20967.35265212274,Sugar1974,Sugar1974,781,0,1
769,20971.74761402589,Sugar1974,Sugar1974,782,0,3
770,20972.09924823734,Sugar1974,Sugar1974,783,0,2
771,20978.92039870224,Sugar1974,Sugar1974,784,3.63797880709e-12,1
772,20979.19286743748,Sugar1974,Sugar1974,785,0,1
773,20981.12687482528,Sugar1974,Sugar1974,786,3.63797880709e-12,1
774,20985.88770100684,Sugar1974,Sugar1974,787,3.63797880709e-12,1
775,21011.15441150803,Sugar1974,Sugar1974,788,3.63797880709e-12,1
776,21048.78318662984,Sugar1974,Sugar1974,791,3.63797880709e-12,2
777,21052.50756627849,Sugar1974,Sugar1974,792,0,40
778,21059.55859961114,Sugar1974,Sugar1974,793,3.63797880709e-12,300
779,21077.58030948721,Sugar1974,Sugar1974,794,3.63797880709e-12,3
780,21136.85859884307,Sugar1974,Sugar1974,800,0,20
781,21143.73303988349,Sugar1974,Sugar1974,801,3.63797880709e-12,270
782,21148.32761848947,Sugar1974,Sugar1974,802,3.63797880709e-12,60
783,21149.76274763657,Sugar1974,Sugar1974,803,0,2
784,21155.62689125659,Sugar1974,Sugar1974,804,3.63797880709e-12,300
785,21159.55801828313,Sugar1974,Sugar1974,805,3.63797880709e-12,8
786,21166.88742717462,Sugar1974,Sugar1974,806,0,4
787,21186.3098845569,Sugar1974,Sugar1974,807,3.63797880709e-12,3
788,21196.86676825302,Sugar1974,Sugar1974,808,0,9
789,21208.82257562504,Sugar1974,Sugar1974,809,3.63797880709e-12,600
790,21211.20291993277,Sugar1974,Sugar1974,810,3.63797880709e-12,4
791,21221.76715171224,Sugar1974,Sugar1974,811,0,15
792,21243.14998729862,Sugar1974,Sugar1974,812,3.63797880709e-12,9
793,21244.62678984773,Sugar1974,Sugar1974,813,0,4
794,21248.40079625767,Sugar1974,Sugar1974,814,3.63797880709e-12,6
795,21269.05061322726,Sugar1974,Sugar1974,815,0,2
796,21273.14716380893,Sugar1974,Sugar1974,816,3.63797880709e-12,2
797,21273.93352851052,Sugar1974,Sugar1974,817,3.63797880709e-12,1
798,21306.80097906641,Sugar1974,Sugar1974,818,3.63797880709e-12,3
799,21317.6042710413,Sugar1974,Sugar1974,819,0,1
800,21336.0584184239,Sugar1974,Sugar1974,820,3.63797880709e-12,2
801,21338.64395876189,Sugar1974,Sugar1974,821,0,9
802,21343.04071048981,Sugar1974,Sugar1974,822,0,8
803,21412.75869135368,Sugar1974,Sugar1974,823,3.63797880709e-12,2
804,21433.91789304091,Sugar1974,Sugar1974,824,0,9
805,21447.98870574084,Sugar1974,Sugar1974,825,3.63797880709e-12,9
806,21480.14411874851,Sugar1974,Sugar1974,826,0,120
807,21486.80177901116,Sugar1974,Sugar1974,827,0,15
808,21496.54116714597,Sugar1974,Sugar1974,828,3.63797880709e-12,9
809,21505.74296764158,Sugar1974,Sugar1974,830,3.63797880709e-12,7
810,21512.09215302539,Sugar1974,Sugar1974,831,0,30
811,21525.58040924973,Sugar1974,Sugar1974,832,3.63797880709e-12,30
812,21535.14687142491,Sugar1974,Sugar1974,833,3.63797880709e-12,30
813,21546.57815392663,Sugar1974,Sugar1974,834,0,1
814,21548.19321773595,Sugar1974,Sugar1974,835,0,1
815,21573.48399398163,Sugar1974,Sugar1974,836,3.63797880709e-12,3
816,21614.70253182798,Sugar1974,Sugar1974,837,0,600
817,21663.89213759434,Sugar1974,Sugar1974,838,3.63797880709e-12,8
818,21676.39150431676,Sugar1974,Sugar1974,839,3.63797880709e-12,450
819,21687.94077463066,Sugar1974,Sugar1974,840,3.63797880709e-12,5
820,21703.95908072332,Sugar1974,Sugar1974,841,0,3
821,21718.10301024679,Sugar1974,Sugar1974,842,3.63797880709e-12,9
822,21718.53815616317,Sugar1974,Sugar1974,843,0,9
823,21728.96042661266,Sugar1974,Sugar1974,844,3.63797880709e-12,20
824,21745.10049777155,Sugar1974,Sugar1974,845,3.63797880709e-12,7
825,21755.80372219361,Sugar1974,Sugar1974,846,0,6
826,21760.90384063905,Sugar1974,Sugar1974,847,3.63797880709e-12,6
827,21762.57173212909,Sugar1974,Sugar1974,848,3.63797880709e-12,5
828,21773.89635280845,Sugar1974,Sugar1974,849,3.63797880709e-12,1
829,21774.25669502631,Sugar1974,Sugar1974,850,0,1
830,21777.72263177698,Sugar1974,Sugar1974,851,0,8
831,21792.43950567833,Sugar1974,Sugar1974,852,0,4
832,21793.44144086149,Sugar1974,Sugar1974,853,3.63797880709e-12,2
833,21794.7141230844,Sugar1974,Sugar1974,854,3.63797880709e-12,1
834,21804.98229029262,Sugar1974,Sugar1974,855,0,8
835,21811.65778179745,Sugar1974,Sugar1974,856,3.63797880709e-12,9
836,21812.30365880359,Sugar1974,Sugar1974,857,3.63797880709e-12,2
837,21813.88374857842,Sugar1974,Sugar1974,858,3.63797880709e-12,2
838,21831.72350500117,Sugar1974,Sugar1974,859,0,7
839,21838.05212620343,Sugar1974,Sugar1974,860,0,60
840,21847.19695927142,Sugar1974,Sugar1974,861,0,2
841,21848.73300198795,Sugar1974,Sugar1974,862,3.63797880709e-12,1
842,21857.56108129107,Sugar1974,Sugar1974,863,3.63797880709e-12,1
843,21862.35059210953,Sugar1974,Sugar1974,864,0,5
844,21863.18789573378,Sugar1974,Sugar1974,865,3.63797880709e-12,2
845,21863.95774017687,Sugar1974,Sugar1974,866,0,4
846,21872.0022918161,Sugar1974,Sugar1974,867,3.63797880709e-12,7
847,21872.73403805794,Sugar1974,Sugar1974,868,3.63797880709e-12,6
848,21873.24181453168,Sugar1974,Sugar1974,869,3.63797880709e-12,8
849,21944.28635748723,Sugar1974,Sugar1974,870,3.63797880709e-12,4
850,21945.57135572483,Sugar1974,Sugar1974,871,3.63797880709e-12,1
851,21946.71279399002,Sugar1974,Sugar1974,872,3.63797880709e-12,9
852,21948.72216840357,Sugar1974,Sugar1974,873,3.63797880709e-12,2
853,21949.55123838231,Sugar1974,Sugar1974,874,0,1
854,21962.92246079127,Sugar1974,Sugar1974,875,3.63797880709e-12,3
855,21963.25092214048,Sugar1974,Sugar1974,876,3.63797880709e-12,1
856,21963.71353488902,Sugar1974,Sugar1974,877,3.63797880709e-12,4
857,21976.22896101054,Sugar1974,Sugar1974,878,0,6
858,21976.86127651162,Sugar1974,Sugar1974,879,3.63797880709e-12,9
859,21977.80298303214,Sugar1974,Sugar1974,880,3.63797880709e-12,3
860,21982.50074188228,Sugar1974,Sugar1974,881,0,8
861,21985.09745020246,Sugar1974,Sugar1974,882,0,5
862,22017.85200428749,Sugar1974,Sugar1974,883,3.63797880709e-12,6
863,22020.3890830282,Sugar1974,Sugar1974,884,3.63797880709e-12,3
864,22024.83793644032,Sugar1974,Sugar1974,885,0,30
865,22043.90302597639,Sugar1974,Sugar1974,886,0,25
866,22061.960924036,Sugar1974,Sugar1974,887,0,4
867,22083.91086765797,Sugar1974,Sugar1974,888,0,25
868,22092.54332978744,Sugar1974,Sugar1974,889,0,5
869,22120.78913350222,Sugar1974,Sugar1974,890,0,2
870,22149.99343784803,Sugar1974,Sugar1974,891,3.63797880709e-12,8
871,22172.86188906454,Sugar1974,Sugar1974,892,0,9
872,22192.38236618031,Sugar1974,Sugar1974,893,3.63797880709e-12,9
873,22194.72848401088,Sugar1974,Sugar1974,894,3.63797880709e-12,7
874,22205.74104565151,Sugar1974,Sugar1974,895,0,7
875,22210.58664432467,Sugar1974,Sugar1974,896,3.63797880709e-12,3
876,22211.84928137497,Sugar1974,Sugar1974,897,3.63797880709e-12,9
877,22214.45407941879,Sugar1974,Sugar1974,898,0,300
878,22215.95065874813,Sugar1974,Sugar1974,899,3.63797880709e-12,20
879,22216.76038749536,Sugar1974,Sugar1974,900,3.63797880709e-12,20
880,22259.23744771114,Sugar1974,Sugar1974,901,3.63797880709e-12,3
881,22260.24236270764,Sugar1974,Sugar1974,902,3.63797880709e-12,90
882,22263.00325221076,Sugar1974,Sugar1974,903,3.63797880709e-12,7
883,22265.34348515239,Sugar1974,Sugar1974,904,0,4
884,22266.64290066939,Sugar1974,Sugar1974,905,3.63797880709e-12,3
885,22267.44763772152,Sugar1974,Sugar1974,906,3.63797880709e-12,6
886,22268.12128113203,Sugar1974,Sugar1974,907,3.63797880709e-12,6
887,22270.2993979007,Sugar1974,Sugar1974,908,3.63797880709e-12,8
888,22275.91718024563,Sugar1974,Sugar1974,909,3.63797880709e-12,9
889,22278.69709416079,Sugar1974,Sugar1974,910,3.63797880709e-12,7
890,22284.61073855085,Sugar1974,Sugar1974,911,3.63797880709e-12,3
891,22300.94646904603,Sugar1974,Sugar1974,912,3.63797880709e-12,6
892,22303.76127736839,Sugar1974,Sugar1974,913,0,9
893,22306.81178860671,Sugar1974,Sugar1974,914,0,7
894,22320.11950489663,Sugar1974,Sugar1974,915,3.63797880709e-12,3
895,22323.3431821582,Sugar1974,Sugar1974,916,0,7
896,22332.73318884013,Sugar1974,Sugar1974,917,3.63797880709e-12,5
897,22343.74380882979,Sugar1974,Sugar1974,918,3.63797880709e-12,20
898,22369.17749008667,Sugar1974,Sugar1974,919,3.63797880709e-12,60
899,22372.69080603888,Sugar1974,Sugar1974,920,0,4
900,22373.18734687507,Sugar1974,Sugar1974,921,3.63797880709e-12,6
901,22386.97335974404,Sugar1974,Sugar1974,922,0,6
902,22389.81157556068,Sugar1974,Sugar1974,923,3.63797880709e-12,90
903,22395.96101025622,Sugar1974,Sugar1974,924,3.63797880709e-12,3
904,22397.96863396693,Sugar1974,Sugar1974,925,3.63797880709e-12,6
905,22401.18624462521,Sugar1974,Sugar1974,926,0,15
906,22402.50640007326,Sugar1974,Sugar1974,927,3.63797880709e-12,25
907,22406.1204068776,Sugar1974,Sugar1974,928,3.63797880709e-12,200
908,22410.11275153462,Sugar1974,Sugar1974,929,3.63797880709e-12,120
909,22412.46975629304,Sugar1974,Sugar1974,930,3.63797880709e-12,25
910,22413.97772464891,Sugar1974,Sugar1974,931,3.63797880709e-12,8
911,22416.00801238482,Sugar1974,Sugar1974,932,0,6
912,22416.51010495117,Sugar1974,Sugar1974,933,3.63797880709e-12,3
913,22419.20967502851,Sugar1974,Sugar1974,934,0,8
914,22419.58733743971,Sugar1974,Sugar1974,935,3.63797880709e-12,8
915,22422.72953721639,Sugar1974,Sugar1974,936,0,3
916,22427.32758442478,Sugar1974,Sugar1974,937,0,30
917,22429.91866612124,Sugar1974,Sugar1974,938,3.63797880709e-12,8
918,22433.02899895993,Sugar1974,Sugar1974,939,0,9
919,22433.75289333754,Sugar1974,Sugar1974,940,0,15
920,22434.6296707572,Sugar1974,Sugar1974,941,3.63797880709e-12,7
921,22441.96775501354,Sugar1974,Sugar1974,942,3.63797880709e-12,20
922,22446.22389899907,Sugar1974,Sugar1974,943,3.63797880709e-12,7
923,22460.55135411864,Sugar1974,Sugar1974,944,3.63797880709e-12,120
924,22464.91188937593,Sugar1974,Sugar1974,945,0,180
925,22476.0591664544,Sugar1974,Sugar1974,946,0,150
926,22479.399622206,Sugar1974,Sugar1974,947,0,7
927,22486.18988789761,Sugar1974,Sugar1974,948,0,6
928,22487.02956651701,Sugar1974,Sugar1974,949,3.63797880709e-12,20
929,22490.75826316991,Sugar1974,Sugar1974,950,0,5
930,22491.90108544784,Sugar1974,Sugar1974,951,3.63797880709e-12,25
931,22512.80940035915,Sugar1974,Sugar1974,952,3.63797880709e-12,8
932,22513.25632475601,Sugar1974,Sugar1974,953,0,7
933,22521.29917344327,Sugar1974,Sugar1974,954,3.63797880709e-12,2
934,22523.00299090956,Sugar1974,Sugar1974,955,3.63797880709e-12,9
935,22524.46011851066,Sugar1974,Sugar1974,956,0,6
936,22527.70273963971,Sugar1974,Sugar1974,957,0,9
937,22531.0797609326,Sugar1974,Sugar1974,958,3.63797880709e-12,8
938,22533.99986667557,Sugar1974,Sugar1974,959,3.63797880709e-12,3
939,22535.53914149174,Sugar1974,Sugar1974,960,3.63797880709e-12,5
940,22540.73136452615,Sugar1974,Sugar1974,961,3.63797880709e-12,3
941,22542.5672466811,Sugar1974,Sugar1974,962,0,9
942,22545.65186446061,Sugar1974,Sugar1974,963,3.63797880709e-12,1
943,22545.98834900205,Sugar1974,Sugar1974,964,0,1
944,22548.30739252913,Sugar1974,Sugar1974,965,3.63797880709e-12,8
945,22549.05953310222,Sugar1974,Sugar1974,966,0,30
946,22551.33242882213,Sugar1974,Sugar1974,967,0,20
947,22554.24862284866,Sugar1974,Sugar1974,968,3.63797880709e-12,4
948,22557.62792857843,Sugar1974,Sugar1974,969,3.63797880709e-12,120
949,22559.39903418761,Sugar1974,Sugar1974,970,0,2
950,22560.42162183567,Sugar1974,Sugar1974,971,3.63797880709e-12,9
951,22561.95972176766,Sugar1974,Sugar1974,972,0,1
952,22566.06956352763,Sugar1974,Sugar1974,973,0,5
953,22568.3106863976,Sugar1974,Sugar1974,974,3.63797880709e-12,6
954,22577.09795634094,Sugar1974,Sugar1974,975,3.63797880709e-12,7
955,22583.41710763338,Sugar1974,Sugar1974,976,3.63797880709e-12,4
956,22584.32353070787,Sugar1974,Sugar1974,977,3.63797880709e-12,8
957,22587.42746737823,Sugar1974,Sugar1974,978,0,8
958,22595.91740234913,Sugar1974,Sugar1974,979,3.63797880709e-12,3
959,22597.25385785898,Sugar1974,Sugar1974,980,3.63797880709e-12,5
960,22601.76672392206,Sugar1974,Sugar1974,981,3.63797880709e-12,7
961,22612.42986148788,Sugar1974,Sugar1974,982,3.63797880709e-12,120
962,22624.14861728865,Sugar1974,Sugar1974,983,0,6
963,22626.86780753827,Sugar1974,Sugar1974,984,0,5
964,22630.66206319157,Sugar1974,Sugar1974,985,0,1
965,22631.7224379157,Sugar1974,Sugar1974,986,3.63797880709e-12,4
966,22633.53752174951,Sugar1974,Sugar1974,987,0,3
967,22634.61236603783,Sugar1974,Sugar1974,988,3.63797880709e-12,7
968,22637.18669985722,Sugar1974,Sugar1974,989,0,1
969,22638.55356092441,Sugar1974,Sugar1974,990,0,5
970,22639.37376075469,Sugar1974,Sugar1974,991,0,5
971,22645.40638160316,Sugar1974,Sugar1974,992,0,1
972,22653.25090650185,Sugar1974,Sugar1974,993,3.63797880709e-12,4
973,22660.78303376416,Sugar1974,Sugar1974,994,0,8
974,22665.34678260041,Sugar1974,Sugar1974,995,3.63797880709e-12,2
975,22677.48356368243,Sugar1974,Sugar1974,996,0,5
976,22680.1864012364,Sugar1974,Sugar1974,997,0,7
977,22682.20819535955,Sugar1974,Sugar1974,998,3.63797880709e-12,7
978,22684.71330813607,Sugar1974,Sugar1974,999,3.63797880709e-12,7
979,22685.23322198707,Sugar1974,Sugar1974,1000,3.63797880709e-12,3
980,22685.949690454,Sugar1974,Sugar1974,1001,0,3
981,22686.16669683706,Sugar1974,Sugar1974,1002,0,4
982,22686.39801014938,Sugar1974,Sugar1974,1003,3.63797880709e-12,5
983,22688.4104439743,Sugar1974,Sugar1974,1004,3.63797880709e-12,5
984,22689.61026973233,Sugar1974,Sugar1974,1005,3.63797880709e-12,6
985,22695.5801813047,Sugar1974,Sugar1974,1006,0,60
986,22696.6167437284,Sugar1974,Sugar1974,1007,3.63797880709e-12,120
987,22698.66750910802,Sugar1974,Sugar1974,1008,3.63797880709e-12,1
988,22699.37230701196,Sugar1974,Sugar1974,1009,3.63797880709e-12,3
989,22700.69807873375,Sugar1974,Sugar1974,1010,3.63797880709e-12,4
990,22703.20851774012,Sugar1974,Sugar1974,1011,0,2
991,22705.24380259447,Sugar1974,Sugar1974,1012,0,3
992,22706.01251124471,Sugar1974,Sugar1974,1013,3.63797880709e-12,7
993,22708.12204061978,Sugar1974,Sugar1974,1014,0,7
994,22709.39119217615,Sugar1974,Sugar1974,1015,3.63797880709e-12,3
995,22709.97968119435,Sugar1974,Sugar1974,1016,3.63797880709e-12,2
996,22715.36735583933,Sugar1974,Sugar1974,1017,3.63797880709e-12,4
997,22715.83710510806,Sugar1974,Sugar1974,1018,0,6
998,22717.993178554,Sugar1974,Sugar1974,1019,3.63797880709e-12,20
999,22727.63095590073,Sugar1974,Sugar1974,1020,3.63797880709e-12,5
1000,22764.69706451991,Sugar1974,Sugar1974,1021,3.63797880709e-12,30
1001,22773.89672135922,Sugar1974,Sugar1974,1023,3.63797880709e-12,8
1002,22775.18818134658,Sugar1974,Sugar1974,1024,0,5
1003,22775.83084991515,Sugar1974,Sugar1974,1025,3.63797880709e-12,4
1004,22777.29967705011,Sugar1974,Sugar1974,1026,3.63797880709e-12,3
1005,22778.87164887334,Sugar1974,Sugar1974,1027,3.63797880709e-12,3
1006,22779.32908167833,Sugar1974,Sugar1974,1028,3.63797880709e-12,2
1007,22780.29958264816,Sugar1974,Sugar1974,1029,0,5
1008,22786.38991482597,Sugar1974,Sugar1974,1030,3.63797880709e-12,5
1009,22789.02262456109,Sugar1974,Sugar1974,1031,3.63797880709e-12,7
1010,22790.49900886295,Sugar1974,Sugar1974,1032,3.63797880709e-12,9
1011,22790.81037149623,Sugar1974,Sugar1974,1033,3.63797880709e-12,9
1012,22791.90747372959,Sugar1974,Sugar1974,1034,3.63797880709e-12,5
1013,22800.42712520166,Sugar1974,Sugar1974,1035,3.63797880709e-12,3
1014,22800.97185536926,Sugar1974,Sugar1974,1036,3.63797880709e-12,1
1015,22814.63708879133,Sugar1974,Sugar1974,1037,0,3
1016,22816.37636993572,Sugar1974,Sugar1974,1038,3.63797880709e-12,7
1017,22816.98988719112,Sugar1974,Sugar1974,1039,0,90
1018,22819.84309550157,Sugar1974,Sugar1974,1040,3.63797880709e-12,3
1019,22820.97961902488,Sugar1974,Sugar1974,1041,0,3
1020,22822.18854274494,Sugar1974,Sugar1974,1042,3.63797880709e-12,4
1021,22825.5739959734,Sugar1974,Sugar1974,1043,0,90
1022,22829.901098634,Sugar1974,Sugar1974,1044,3.63797880709e-12,8
1023,22835.11062030587,Sugar1974,Sugar1974,1045,0,4
1024,22836.38276255507,Sugar1974,Sugar1974,1046,3.63797880709e-12,20
1025,22853.13404535301,Sugar1974,Sugar1974,1047,3.63797880709e-12,7
1026,22855.41864892533,Sugar1974,Sugar1974,1048,3.63797880709e-12,6
1027,22858.13657798429,Sugar1974,Sugar1974,1049,0,1
1028,22866.26643583937,Sugar1974,Sugar1974,1050,0,9
1029,22873.7268037939,Sugar1974,Sugar1974,1051,0,2
1030,22874.44856149148,Sugar1974,Sugar1974,1052,3.63797880709e-12,3
1031,22876.00838364926,Sugar1974,Sugar1974,1053,3.63797880709e-12,2
1032,22878.93971269477,Sugar1974,Sugar1974,1054,0,8
1033,22889.22799339435,Sugar1974,Sugar1974,1055,0,7
1034,22890.94096450366,Sugar1974,Sugar1974,1056,3.63797880709e-12,9
1035,22905.61049325863,Sugar1974,Sugar1974,1057,0,6
1036,22906.2507129236,Sugar1974,Sugar1974,1058,3.63797880709e-12,5
1037,22907.65180563976,Sugar1974,Sugar1974,1059,0,3
1038,22910.18831032157,Sugar1974,Sugar1974,1060,0,2
1039,22916.73737611057,Sugar1974,Sugar1974,1061,3.63797880709e-12,6
1040,22931.42263362123,Sugar1974,Sugar1974,1062,0,4
1041,22937.85214999689,Sugar1974,Sugar1974,1063,0,6
1042,22940.15222031397,Sugar1974,Sugar1974,1064,0,7
1043,22941.29403784337,Sugar1974,Sugar1974,1065,3.63797880709e-12,4
1044,22944.52211219615,Sugar1974,Sugar1974,1066,3.63797880709e-12,7
1045,22945.83941112589,Sugar1974,Sugar1974,1067,3.63797880709e-12,5
1046,22947.87809386628,Sugar1974,Sugar1974,1068,3.63797880709e-12,30
1047,22950.28394210536,Sugar1974,Sugar1974,1069,0,1
1048,22952.61310598618,Sugar1974,Sugar1974,1070,0,10
1049,22957.8420457318,Sugar1974,Sugar1974,1071,3.63797880709e-12,4
1050,22959.46726861597,Sugar1974,Sugar1974,1072,0,60
1051,22960.1995666008,Sugar1974,Sugar1974,1073,3.63797880709e-12,8
1052,22965.73176495286,Sugar1974,Sugar1974,1074,0,5
1053,22970.68146283596,Sugar1974,Sugar1974,1075,3.63797880709e-12,8
1054,22976.01927945951,Sugar1974,Sugar1974,1076,0,5
1055,22981.70168543209,Sugar1974,Sugar1974,1077,3.63797880709e-12,4
1056,22986.1573176858,Sugar1974,Sugar1974,1078,3.63797880709e-12,20
1057,22989.24268661323,Sugar1974,Sugar1974,1079,3.63797880709e-12,2
1058,22992.29322021074,Sugar1974,Sugar1974,1080,3.63797880709e-12,9
1059,22994.53717648577,Sugar1974,Sugar1974,1081,3.63797880709e-12,9
1060,22999.26025454911,Sugar1974,Sugar1974,1082,0,4
1061,23001.36083230144,Sugar1974,Sugar1974,1083,3.63797880709e-12,25
1062,23007.58067864766,Sugar1974,Sugar1974,1084,0,7
1063,23010.28123022566,Sugar1974,Sugar1974,1085,3.63797880709e-12,5
1064,23023.54642168845,Sugar1974,Sugar1974,1086,0,6
1065,23026.67324473469,Sugar1974,Sugar1974,1087,3.63797880709e-12,25
1066,23033.74697627705,Sugar1974,Sugar1974,1088,3.63797880709e-12,6
1067,23034.84367620121,Sugar1974,Sugar1974,1089,3.63797880709e-12,3
1068,23063.17904653662,Sugar1974,Sugar1974,1090,3.63797880709e-12,9
1069,23076.45032783126,Sugar1974,Sugar1974,1091,0,4
1070,23079.98195895636,Sugar1974,Sugar1974,1092,0,20
1071,23081.77865865201,Sugar1974,Sugar1974,1093,3.63797880709e-12,4
1072,23082.91903326653,Sugar1974,Sugar1974,1094,3.63797880709e-12,5
1073,23083.64281043623,Sugar1974,Sugar1974,1095,3.63797880709e-12,3
1074,23085.16213686267,Sugar1974,Sugar1974,1096,3.63797880709e-12,30
1075,23092.53159889544,Sugar1974,Sugar1974,1097,3.63797880709e-12,2
1076,23095.98925121866,Sugar1974,Sugar1974,1098,0,4
1077,23098.53981381823,Sugar1974,Sugar1974,1099,0,9
1078,23102.3085813612,Sugar1974,Sugar1974,1100,0,5
1079,23110.09345159773,Sugar1974,Sugar1974,1101,3.63797880709e-12,4
1080,23111.24238072281,Sugar1974,Sugar1974,1102,0,2
1081,23112.32819489395,Sugar1974,Sugar1974,1103,0,25
1082,23115.67871909988,Sugar1974,Sugar1974,1104,0,4
1083,23116.29872523155,Sugar1974,Sugar1974,1105,0,2
1084,23117.6505715591,Sugar1974,Sugar1974,1106,3.63797880709e-12,4
1085,23122.33348777566,Sugar1974,Sugar1974,1107,0,25
1086,23124.27682036998,Sugar1974,Sugar1974,1108,0,10
1087,23129.2995784079,Sugar1974,Sugar1974,1109,3.63797880709e-12,30
1088,23133.05728474471,Sugar1974,Sugar1974,1110,3.63797880709e-12,1
1089,23133.44787578134,Sugar1974,Sugar1974,1111,3.63797880709e-12,2
1090,23133.91870835383,Sugar1974,Sugar1974,1112,3.63797880709e-12,3
1091,23134.68939626895,Sugar1974,Sugar1974,1113,3.63797880709e-12,7
1092,23137.55928518176,Sugar1974,Sugar1974,1114,3.63797880709e-12,4
1093,23138.29211481611,Sugar1974,Sugar1974,1115,3.63797880709e-12,5
1094,23142.64792551632,Sugar1974,Sugar1974,1116,3.63797880709e-12,3
1095,23145.56157750898,Sugar1974,Sugar1974,1117,3.63797880709e-12,3
1096,23154.43941147668,Sugar1974,Sugar1974,1118,3.63797880709e-12,4
1097,23159.55078819953,Sugar1974,Sugar1974,1119,0,3
1098,23161.24728082714,Sugar1974,Sugar1974,1120,0,90
1099,23166.52820912475,Sugar1974,Sugar1974,1121,0,1
1100,23171.9190006534,Sugar1974,Sugar1974,1122,0,4
1101,23183.76153999291,Sugar1974,Sugar1974,1123,0,3
1102,23185.70872991032,Sugar1974,Sugar1974,1124,0,9
1103,23202.08850907643,Sugar1974,Sugar1974,1125,0,9
1104,23211.60759413572,Sugar1974,Sugar1974,1126,0,9
1105,23214.1188658031,Sugar1974,Sugar1974,1127,3.63797880709e-12,5
1106,23219.52073162562,Sugar1974,Sugar1974,1128,3.63797880709e-12,9
1107,23221.8336564491,Sugar1974,Sugar1974,1129,0,4
1108,23223.37162592054,Sugar1974,Sugar1974,1130,3.63797880709e-12,6
1109,23225.18375585879,Sugar1974,Sugar1974,1131,0,8
1110,23227.40202597859,Sugar1974,Sugar1974,1132,3.63797880709e-12,9
1111,23227.99709644952,Sugar1974,Sugar1974,1133,3.63797880709e-12,2
1112,23232.97246404339,Sugar1974,Sugar1974,1134,3.63797880709e-12,30
1113,23238.02834926279,Sugar1974,Sugar1974,1135,0,1
1114,23238.81729869252,Sugar1974,Sugar1974,1136,3.63797880709e-12,8
1115,23239.90824642383,Sugar1974,Sugar1974,1137,0,90
1116,23245.0621075153,Sugar1974,Sugar1974,1138,0,6
1117,23248.35362331868,Sugar1974,Sugar1974,1139,3.63797880709e-12,1
1118,23249.95390897738,Sugar1974,Sugar1974,1140,3.63797880709e-12,5
1119,23257.78127780675,Sugar1974,Sugar1974,1141,3.63797880709e-12,8
1120,23258.60962358667,Sugar1974,Sugar1974,1142,0,90
1121,23259.57210425175,Sugar1974,Sugar1974,1143,3.63797880709e-12,9
1122,23262.77104935097,Sugar1974,Sugar1974,1144,3.63797880709e-12,6
1123,23263.22695039794,Sugar1974,Sugar1974,1145,0,4
1124,23265.84717029043,Sugar1974,Sugar1974,1146,0,8
1125,23273.77671648781,Sugar1974,Sugar1974,1147,0,9
1126,23280.53316769478,Sugar1974,Sugar1974,1148,3.63797880709e-12,6
1127,23281.41829770401,Sugar1974,Sugar1974,1149,0,8
1128,23292.06644796361,Sugar1974,Sugar1974,1150,3.63797880709e-12,30
1129,23293.23815606069,Sugar1974,Sugar1974,1151,3.63797880709e-12,30
1130,23300.28972879593,Sugar1974,Sugar1974,1152,3.63797880709e-12,9
1131,23302.80973434088,Sugar1974,Sugar1974,1153,0,4
1132,23304.98841416159,Sugar1974,Sugar1974,1154,3.63797880709e-12,8
1133,23310.16723223399,Sugar1974,Sugar1974,1155,3.63797880709e-12,10
1134,23311.93227352573,Sugar1974,Sugar1974,1156,3.63797880709e-12,10
1135,23312.6717367245,Sugar1974,Sugar1974,1157,3.63797880709e-12,4
1136,23314.39665348518,Sugar1974,Sugar1974,1158,3.63797880709e-12,5
1137,23315.75386151939,Sugar1974,Sugar1974,1159,0,4
1138,23319.13824603701,Sugar1974,Sugar1974,1160,0,30
1139,23322.70723947671,Sugar1974,Sugar1974,1161,0,10
1140,23323.46210955374,Sugar1974,Sugar1974,1162,0,120
1141,23332.26353807712,Sugar1974,Sugar1974,1163,3.63797880709e-12,2
1142,23333.8215957173,Sugar1974,Sugar1974,1164,0,40
1143,23342.28875520125,Sugar1974,Sugar1974,1165,3.63797880709e-12,10
1144,23345.33413574017,Sugar1974,Sugar1974,1166,3.63797880709e-12,7
1145,23346.76288293407,Sugar1974,Sugar1974,1167,3.63797880709e-12,6
1146,23350.13281555753,Sugar1974,Sugar1974,1168,3.63797880709e-12,9
1147,23351.58341645451,Sugar1974,Sugar1974,1169,0,4
1148,23359.44108598501,Sugar1974,Sugar1974,1170,3.63797880709e-12,8
1149,23361.96905175943,Sugar1974,Sugar1974,1171,0,5
1150,23363.49154021652,Sugar1974,Sugar1974,1172,0,6
1151,23365.03139448242,Sugar1974,Sugar1974,1173,0,5
1152,23369.66911407248,Sugar1974,Sugar1974,1176,0,10
1153,23375.25247661138,Sugar1974,Sugar1974,1177,0,9
1154,23379.54989100347,Sugar1974,Sugar1974,1178,3.63797880709e-12,6
1155,23380.15750833445,Sugar1974,Sugar1974,1179,3.63797880709e-12,10
1156,23384.83853617821,Sugar1974,Sugar1974,1180,3.63797880709e-12,180
1157,23385.39695652483,Sugar1974,Sugar1974,1181,0,8
1158,23386.17870026697,Sugar1974,Sugar1974,1182,0,30
1159,23388.55213957459,Sugar1974,Sugar1974,1183,3.63797880709e-12,2
1160,23391.01638046268,Sugar1974,Sugar1974,1184,0,4
1161,23391.49111005017,Sugar1974,Sugar1974,1185,3.63797880709e-12,5
1162,23396.86786104551,Sugar1974,Sugar1974,1186,3.63797880709e-12,30
1163,23401.88301512319,Sugar1974,Sugar1974,1187,3.63797880709e-12,2
1164,23412.27359069416,Sugar1974,Sugar1974,1188,3.63797880709e-12,6
1165,23413.70674401446,Sugar1974,Sugar1974,1189,0,20
1166,23419.09788195622,Sugar1974,Sugar1974,1190,3.63797880709e-12,10
1167,23424.22828011921,Sugar1974,Sugar1974,1191,0,20
1168,23426.15333824946,Sugar1974,Sugar1974,1192,0,5
1169,23428.29412059582,Sugar1974,Sugar1974,1193,0,20
1170,23431.87660479846,Sugar1974,Sugar1974,1194,3.63797880709e-12,9
1171,23433.89754202051,Sugar1974,Sugar1974,1195,3.63797880709e-12,6
1172,23438.08242097966,Sugar1974,Sugar1974,1196,3.63797880709e-12,20
1173,23453.9970330039,Sugar1974,Sugar1974,1197,0,4
1174,23462.93643097908,Sugar1974,Sugar1974,1198,3.63797880709e-12,9
1175,23464.64191846025,Sugar1974,Sugar1974,1199,3.63797880709e-12,5
1176,23470.81835448906,Sugar1974,Sugar1974,1200,3.63797880709e-12,7
1177,23471.30867796125,Sugar1974,Sugar1974,1201,0,7
1178,23475.45876884165,Sugar1974,Sugar1974,1202,3.63797880709e-12,9
1179,23480.65171982138,Sugar1974,Sugar1974,1203,0,20
1180,23484.55145347031,Sugar1974,Sugar1974,1204,0,25
1181,23510.32735751537,Sugar1974,Sugar1974,1205,3.63797880709e-12,9
1182,23520.06755953856,Sugar1974,Sugar1974,1206,0,2
1183,23521.13367833676,Sugar1974,Sugar1974,1207,3.63797880709e-12,40
1184,23521.90967476647,Sugar1974,Sugar1974,1208,3.63797880709e-12,10
1185,23523.03235984043,Sugar1974,Sugar1974,1209,0,7
1186,23525.80719617119,Sugar1974,Sugar1974,1210,0,30
1187,23526.72645141105,Sugar1974,Sugar1974,1211,0,30
1188,23529.31092120826,Sugar1974,Sugar1974,1212,3.63797880709e-12,5
1189,23531.33202961219,Sugar1974,Sugar1974,1213,3.63797880709e-12,5
1190,23532.83285666446,Sugar1974,Sugar1974,1214,3.63797880709e-12,10
1191,23533.74829320127,Sugar1974,Sugar1974,1215,3.63797880709e-12,8
1192,23539.18934074369,Sugar1974,Sugar1974,1216,0,30
1193,23540.08114503976,Sugar1974,Sugar1974,1217,0,8
1194,23544.61064559303,Sugar1974,Sugar1974,1218,3.63797880709e-12,10
1195,23546.54049140547,Sugar1974,Sugar1974,1219,3.63797880709e-12,10
1196,23547.72150528497,Sugar1974,Sugar1974,1220,3.63797880709e-12,15
1197,23550.43342160976,Sugar1974,Sugar1974,1221,3.63797880709e-12,5
1198,23553.22640025855,Sugar1974,Sugar1974,1222,3.63797880709e-12,30
1199,23557.73808461452,Sugar1974,Sugar1974,1223,0,4
1200,23565.76122753908,Sugar1974,Sugar1974,1224,3.63797880709e-12,20
1201,23569.92887343902,Sugar1974,Sugar1974,1225,0,2
1202,23570.96164233172,Sugar1974,Sugar1974,1226,0,25
1203,23574.65875853521,Sugar1974,Sugar1974,1227,3.63797880709e-12,8
1204,23580.75869485766,Sugar1974,Sugar1974,1228,3.63797880709e-12,2
1205,23593.97649100459,Sugar1974,Sugar1974,1229,3.63797880709e-12,3
1206,23607.0835871902,Sugar1974,Sugar1974,1230,0,25
1207,23619.62200323652,Sugar1974,Sugar1974,1231,3.63797880709e-12,7
1208,23623.83735339237,Sugar1974,Sugar1974,1232,0,1
1209,23625.8865073791,Sugar1974,Sugar1974,1233,3.63797880709e-12,180
1210,23627.47753289507,Sugar1974,Sugar1974,1234,3.63797880709e-12,4
1211,23635.54882789874,Sugar1974,Sugar1974,1235,0,6
1212,23636.86791982057,Sugar1974,Sugar1974,1236,3.63797880709e-12,30
1213,23637.75021587958,Sugar1974,Sugar1974,1237,0,20
1214,23643.87794713635,Sugar1974,Sugar1974,1238,0,30
1215,23651.80269472016,Sugar1974,Sugar1974,1239,0,7
1216,23661.17984433577,Sugar1974,Sugar1974,1240,3.63797880709e-12,30
1217,23665.59924534123,Sugar1974,Sugar1974,1241,0,6
1218,23693.10934263452,Sugar1974,Sugar1974,1242,3.63797880709e-12,120
1219,23694.87183256052,Sugar1974,Sugar1974,1243,3.63797880709e-12,4
1220,23696.07325628175,Sugar1974,Sugar1974,1244,3.63797880709e-12,3
1221,23697.67387523633,Sugar1974,Sugar1974,1245,0,4
1222,23720.9307116358,Sugar1974,Sugar1974,1246,3.63797880709e-12,5
1223,23732.03631548326,Sugar1974,Sugar1974,1247,0,2
1224,23733.19675051533,Sugar1974,Sugar1974,1248,0,3
1225,23738.45267256932,Sugar1974,Sugar1974,1249,3.63797880709e-12,4
1226,23746.58327223785,Sugar1974,Sugar1974,1250,3.63797880709e-12,1
1227,23746.98363711709,Sugar1974,Sugar1974,1251,3.63797880709e-12,1
1228,23749.13979299853,Sugar1974,Sugar1974,1252,3.63797880709e-12,15
1229,23750.53920387363,Sugar1974,Sugar1974,1253,0,5
1230,23754.56869573973,Sugar1974,Sugar1974,1254,0,5
1231,23767.78245172961,Sugar1974,Sugar1974,1255,3.63797880709e-12,1
1232,23773.16286726864,Sugar1974,Sugar1974,1256,0,10
1233,23774.90384265563,Sugar1974,Sugar1974,1257,3.63797880709e-12,8
1234,23777.56206255138,Sugar1974,Sugar1974,1258,0,25
1235,23780.04668033135,Sugar1974,Sugar1974,1259,0,25
1236,23781.38716536082,Sugar1974,Sugar1974,1260,0,15
1237,23785.30789798264,Sugar1974,Sugar1974,1261,3.63797880709e-12,8
1238,23787.08321894325,Sugar1974,Sugar1974,1262,3.63797880709e-12,3
1239,23788.3075890276,Sugar1974,Sugar1974,1263,0,15
1240,23789.9090875999,Sugar1974,Sugar1974,1264,0,20
1241,23792.4971161829,Sugar1974,Sugar1974,1265,3.63797880709e-12,1
1242,23792.92066082206,Sugar1974,Sugar1974,1266,0,1
1243,23794.78301842391,Sugar1974,Sugar1974,1267,3.63797880709e-12,3
1244,23806.55203840785,Sugar1974,Sugar1974,1268,0,2
1245,23812.48971556047,Sugar1974,Sugar1974,1269,3.63797880709e-12,7
1246,23816.44941226746,Sugar1974,Sugar1974,1270,0,2
1247,23819.77339451783,Sugar1974,Sugar1974,1271,0,240
1248,23856.11156002388,Sugar1974,Sugar1974,1272,3.63797880709e-12,9
1249,23856.82951595373,Sugar1974,Sugar1974,1273,3.63797880709e-12,15
1250,23858.95903517273,Sugar1974,Sugar1974,1274,3.63797880709e-12,5
1251,23864.20305220769,Sugar1974,Sugar1974,1275,0,1
1252,23865.59982335289,Sugar1974,Sugar1974,1276,3.63797880709e-12,25
1253,23875.83717739595,Sugar1974,Sugar1974,1277,3.63797880709e-12,1
1254,23888.77662143485,Sugar1974,Sugar1974,1278,0,5
1255,23891.69209948328,Sugar1974,Sugar1974,1279,3.63797880709e-12,1
1256,23892.83359257902,Sugar1974,Sugar1974,1280,3.63797880709e-12,180
1257,23895.22139868874,Sugar1974,Sugar1974,1281,3.63797880709e-12,1
1258,23897.67170399254,Sugar1974,Sugar1974,1282,3.63797880709e-12,20
1259,23898.4093919231,Sugar1974,Sugar1974,1283,0,8
1260,23905.55179044678,Sugar1974,Sugar1974,1284,3.63797880709e-12,7
1261,23911.86360628181,Sugar1974,Sugar1974,1285,3.63797880709e-12,25
1262,23914.91944833135,Sugar1974,Sugar1974,1286,3.63797880709e-12,9
1263,23918.02700925597,Sugar1974,Sugar1974,1287,3.63797880709e-12,150
1264,23922.92395717211,Sugar1974,Sugar1974,1288,3.63797880709e-12,3
1265,23927.69358989508,Sugar1974,Sugar1974,1289,0,25
1266,23929.04727400274,Sugar1974,Sugar1974,1290,3.63797880709e-12,3
1267,23933.2909080864,Sugar1974,Sugar1974,1291,3.63797880709e-12,3
1268,23934.74743635628,Sugar1974,Sugar1974,1292,0,2
1269,23938.71871936174,Sugar1974,Sugar1974,1293,3.63797880709e-12,1
1270,23946.64204551188,Sugar1974,Sugar1974,1294,3.63797880709e-12,1
1271,23947.12342019905,Sugar1974,Sugar1974,1295,3.63797880709e-12,2
1272,23948.27137759847,Sugar1974,Sugar1974,1296,3.63797880709e-12,2
1273,23953.54377664738,Sugar1974,Sugar1974,1297,0,6
1274,23961.72035423494,Sugar1974,Sugar1974,1298,3.63797880709e-12,90
1275,23990.81705495208,Sugar1974,Sugar1974,1299,3.63797880709e-12,9
1276,23994.29290809487,Sugar1974,Sugar1974,1300,3.63797880709e-12,3
1277,23997.46802920368,Sugar1974,Sugar1974,1301,0,8
1278,24002.27181894762,Sugar1974,Sugar1974,1302,3.63797880709e-12,8
1279,24025.31708925962,Sugar1974,Sugar1974,1303,3.63797880709e-12,5
1280,24026.27343978893,Sugar1974,Sugar1974,1304,3.63797880709e-12,6
1281,24031.98058819071,Sugar1974,Sugar1974,1305,3.63797880709e-12,4
1282,24039.48113122768,Sugar1974,Sugar1974,1306,3.63797880709e-12,2
1283,24053.83108325969,Sugar1974,Sugar1974,1307,3.63797880709e-12,20
1284,24058.45049907883,Sugar1974,Sugar1974,1308,3.63797880709e-12,2
1285,24062.3233980977,Sugar1974,Sugar1974,1309,0,3
1286,24070.86999547826,Sugar1974,Sugar1974,1310,3.63797880709e-12,20
1287,24071.93732717794,Sugar1974,Sugar1974,1311,3.63797880709e-12,25
1288,24075.14842628947,Sugar1974,Sugar1974,1312,0,8
1289,24083.81201965739,Sugar1974,Sugar1974,1313,3.63797880709e-12,10
1290,24087.28887187763,Sugar1974,Sugar1974,1314,3.63797880709e-12,6
1291,24087.70040929101,Sugar1974,Sugar1974,1315,3.63797880709e-12,3
1292,24092.41304325958,Sugar1974,Sugar1974,1316,0,15
1293,24098.95937968912,Sugar1974,Sugar1974,1317,0,6
1294,24100.17249546778,Sugar1974,Sugar1974,1318,3.63797880709e-12,3
1295,24102.07930633913,Sugar1974,Sugar1974,1319,0,90
1296,24106.78745702313,Sugar1974,Sugar1974,1320,3.63797880709e-12,8
1297,24107.7175311914,Sugar1974,Sugar1974,1321,0,10
1298,24110.23996416199,Sugar1974,Sugar1974,1322,0,8
1299,24110.72192076613,Sugar1974,Sugar1974,1323,3.63797880709e-12,4
1300,24111.15214670823,Sugar1974,Sugar1974,1324,3.63797880709e-12,3
1301,24111.57116574059,Sugar1974,Sugar1974,1325,0,6
1302,24121.69318282844,Sugar1974,Sugar1974,1326,3.63797880709e-12,120
1303,24133.42120517244,Sugar1974,Sugar1974,1327,3.63797880709e-12,90
1304,24165.24221241688,Sugar1974,Sugar1974,1328,3.63797880709e-12,6
1305,24170.17289136912,Sugar1974,Sugar1974,1329,3.63797880709e-12,3
1306,24171.99100267676,Sugar1974,Sugar1974,1330,0,2
1307,24187.58187729468,Sugar1974,Sugar1974,1331,3.63797880709e-12,7
1308,24195.25072382745,Sugar1974,Sugar1974,1332,3.63797880709e-12,8
1309,24229.83074932978,Sugar1974,Sugar1974,1333,3.63797880709e-12,1
1310,24259.97716741201,Sugar1974,Sugar1974,1334,0,30
1311,24267.45370353888,Sugar1974,Sugar1974,1335,0,2
1312,24301.45020985673,Sugar1974,Sugar1974,1336,0,6
1313,24307.11048375247,Sugar1974,Sugar1974,1337,3.63797880709e-12,20
1314,24329.76056371188,Sugar1974,Sugar1974,1338,3.63797880709e-12,2
1315,24337.22252601395,Sugar1974,Sugar1974,1339,0,4
1316,24350.62020657185,Sugar1974,Sugar1974,1340,0,5
1317,24364.92190568146,Sugar1974,Sugar1974,1341,3.63797880709e-12,5
1318,24365.41663306093,Sugar1974,Sugar1974,1342,0,8
1319,24368.42043672015,Sugar1974,Sugar1974,1343,0,1
1320,24407.8407893353,Sugar1974,Sugar1974,1344,3.63797880709e-12,5
1321,24414.06985258646,Sugar1974,Sugar1974,1345,3.63797880709e-12,7
1322,24417.83880798303,Sugar1974,Sugar1974,1346,3.63797880709e-12,7
1323,24458.29192853436,Sugar1974,Sugar1974,1347,3.63797880709e-12,8
1324,24477.10125617156,Sugar1974,Sugar1974,1348,0,1
1325,24482.25753338319,Sugar1974,Sugar1974,1349,0,1
1326,24487.15694847206,Sugar1974,Sugar1974,1350,3.63797880709e-12,15
1327,24489.39943012195,Sugar1974,Sugar1974,1351,3.63797880709e-12,5
1328,24496.46142550962,Sugar1974,Sugar1974,1352,3.63797880709e-12,7
1329,24496.71296981725,Sugar1974,Sugar1974,1353,3.63797880709e-12,6
1330,24498.06343137784,Sugar1974,Sugar1974,1354,0,4
1331,24539.69360193093,Sugar1974,Sugar1974,1357,0,2
1332,24540.05022233912,Sugar1974,Sugar1974,1358,3.63797880709e-12,2
1333,24576.36761324894,Sugar1974,Sugar1974,1359,3.63797880709e-12,1
1334,24586.52765705197,Sugar1974,Sugar1974,1360,0,1
1335,24593.41689316924,Sugar1974,Sugar1974,1364,3.63797880709e-12,7
1336,24669.18860368909,Sugar1974,Sugar1974,1365,3.63797880709e-12,6
1337,24670.64221212951,Sugar1974,Sugar1974,1366,3.63797880709e-12,2
1338,24671.37263624886,Sugar1974,Sugar1974,1367,0,2
1339,24686.43950374442,Sugar1974,Sugar1974,1368,3.63797880709e-12,8
1340,24719.22958921008,Sugar1974,Sugar1974,1369,0,7
1341,24760.11928513372,Sugar1974,Sugar1974,1370,3.63797880709e-12,4
1342,24780.1694632789,Sugar1974,Sugar1974,1371,0,5
1343,24784.2721139887,Sugar1974,Sugar1974,1372,3.63797880709e-12,1
1344,24792.52085857561,Sugar1974,Sugar1974,1373,0,7
1345,24803.93831659878,Sugar1974,Sugar1974,1374,3.63797880709e-12,4
1346,24809.3225849165,Sugar1974,Sugar1974,1375,3.63797880709e-12,180
1347,24815.61078408111,Sugar1974,Sugar1974,1376,3.63797880709e-12,4
1348,24866.92217507475,Sugar1974,Sugar1974,1377,3.63797880709e-12,6
1349,24878.72280896546,Sugar1974,Sugar1974,1378,3.63797880709e-12,90
1350,24894.94929280199,Sugar1974,Sugar1974,1379,3.63797880709e-12,2
1351,24906.59752646077,Sugar1974,Sugar1974,1380,3.63797880709e-12,1
1352,24913.50336488183,Sugar1974,Sugar1974,1381,0,10
1353,24925.04661212456,Sugar1974,Sugar1974,1382,3.63797880709e-12,3
1354,24933.30763167943,Sugar1974,Sugar1974,1383,3.63797880709e-12,2
1355,24981.97933540565,Sugar1974,Sugar1974,1384,3.63797880709e-12,2
1356,24982.72871464125,Sugar1974,Sugar1974,1385,3.63797880709e-12,1
1357,24986.91853785613,Sugar1974,Sugar1974,1386,3.63797880709e-12,8
1358,24991.6900927177,Sugar1974,Sugar1974,1387,3.63797880709e-12,200
1359,25006.2801824137,Sugar1974,Sugar1974,1388,0,4
1360,25042.94956420283,Sugar1974,Sugar1974,1390,3.63797880709e-12,4
1361,25044.19110092894,Sugar1974,Sugar1974,1392,3.63797880709e-12,4
1362,25082.63234452147,Sugar1974,Sugar1974,1393,3.63797880709e-12,3
1363,25094.96812193735,Sugar1974,Sugar1974,1394,3.63797880709e-12,2
1364,25095.49015943112,Sugar1974,Sugar1974,1395,3.63797880709e-12,3
1365,25103.83251053248,Sugar1974,Sugar1974,1397,3.63797880709e-12,6
1366,25115.2799185372,Sugar1974,Sugar1974,1398,0,150
1367,25117.55106038257,Sugar1974,Sugar1974,1399,0,4
1368,25124.1025409048,Sugar1974,Sugar1974,1400,3.63797880709e-12,20
1369,25132.13810178451,Sugar1974,Sugar1974,1401,3.63797880709e-12,8
1370,25155.62280169078,Sugar1974,Sugar1974,1402,0,4
1371,25193.21368586461,Sugar1974,Sugar1974,1403,3.63797880709e-12,6
1372,25216.33933680263,Sugar1974,Sugar1974,1404,0,1
1373,25239.80351338035,Sugar1974,Sugar1974,1405,3.63797880709e-12,2
1374,25318.86917193633,Sugar1974,Sugar1974,1406,0,8
1375,25340.66222787011,Sugar1974,Sugar1974,1407,3.63797880709e-12,3
1376,25409.83736771005,Sugar1974,Sugar1974,1408,3.63797880709e-12,1
1377,25414.50750638215,Sugar1974,Sugar1974,1409,3.63797880709e-12,8
1378,25420.61979964938,Sugar1974,Sugar1974,1410,0,1
1379,25429.65948642104,Sugar1974,Sugar1974,1411,3.63797880709e-12,15
1380,25448.02230072218,Sugar1974,Sugar1974,1412,3.63797880709e-12,2
1381,25460.27895092963,Sugar1974,Sugar1974,1413,0,2
1382,25495.78907105626,Sugar1974,Sugar1974,1414,3.63797880709e-12,6
1383,25548.66911644735,Sugar1974,Sugar1974,1415,3.63797880709e-12,8
1384,25555.97020972882,Sugar1974,Sugar1974,1419,3.63797880709e-12,4
1385,25574.76709392362,Sugar1974,Sugar1974,1420,3.63797880709e-12,1
1386,25598.7080571408,Sugar1974,Sugar1974,1421,0,10
1387,25640.33847971532,Sugar1974,Sugar1974,1422,3.63797880709e-12,7
1388,25657.6628479237,Sugar1974,Sugar1974,1423,3.63797880709e-12,2
1389,25691.7674282756,Sugar1974,Sugar1974,1426,3.63797880709e-12,8
1390,25714.27260200106,Sugar1974,Sugar1974,1427,3.63797880709e-12,3
1391,25732.98348425262,Sugar1974,Sugar1974,1428,3.63797880709e-12,10
1392,25739.14751673799,Sugar1974,Sugar1974,1429,3.63797880709e-12,2
1393,25743.76729635348,Sugar1974,Sugar1974,1430,0,2
1394,25755.46362887804,Sugar1974,Sugar1974,1431,3.63797880709e-12,1
1395,25757.32989138097,Sugar1974,Sugar1974,1432,0,2
1396,25763.82111906659,Sugar1974,Sugar1974,1433,0,3
1397,25766.22675645345,Sugar1974,Sugar1974,1434,3.63797880709e-12,2
1398,25774.27749177269,Sugar1974,Sugar1974,1435,3.63797880709e-12,2
1399,25780.37080749333,Sugar1974,Sugar1974,1436,3.63797880709e-12,1
1400,25787.28788218348,Sugar1974,Sugar1974,1437,0,3
1401,25787.77942526012,Sugar1974,Sugar1974,1438,3.63797880709e-12,3
1402,25795.56288139063,Sugar1974,Sugar1974,1439,3.63797880709e-12,1
1403,25823.40927517031,Sugar1974,Sugar1974,1440,3.63797880709e-12,2
1404,25843.21323246601,Sugar1974,Sugar1974,1441,0,1
1405,25853.82833838613,Sugar1974,Sugar1974,1442,0,1
1406,25860.10036786457,Sugar1974,Sugar1974,1443,3.63797880709e-12,2
1407,25876.02269971361,Sugar1974,Sugar1974,1444,3.63797880709e-12,6
1408,25887.32821198707,Sugar1974,Sugar1974,1448,3.63797880709e-12,60
1409,25895.21197837294,Sugar1974,Sugar1974,1449,3.63797880709e-12,4
1410,25911.14720991319,Sugar1974,Sugar1974,1450,3.63797880709e-12,6
1411,25916.53980602547,Sugar1974,Sugar1974,1451,3.63797880709e-12,15
1412,26000.06960408343,Sugar1974,Sugar1974,1452,3.63797880709e-12,5
1413,26008.11115481535,Sugar1974,Sugar1974,1453,0,2
1414,26009.93127508584,Sugar1974,Sugar1974,1454,0,2
1415,26036.58794330647,Sugar1974,Sugar1974,1455,3.63797880709e-12,2
1416,26130.81255749015,Sugar1974,Sugar1974,1459,0,9
1417,26152.88751393262,Sugar1974,Sugar1974,1460,3.63797880709e-12,1
1418,26157.98290824086,Sugar1974,Sugar1974,1461,3.63797880709e-12,8
1419,26163.57806732943,Sugar1974,Sugar1974,1462,0,7
1420,26172.56248456318,Sugar1974,Sugar1974,1463,3.63797880709e-12,8
1421,26189.40958312401,Sugar1974,Sugar1974,1464,0,60
1422,26211.10792973763,Sugar1974,Sugar1974,1465,3.63797880709e-12,2
1423,26221.57021814353,Sugar1974,Sugar1974,1467,3.63797880709e-12,4
1424,26247.40006644482,Sugar1974,Sugar1974,1468,0,10
1425,26252.94113335583,Sugar1974,Sugar1974,1469,0,1
1426,26261.63063477127,Sugar1974,Sugar1974,1472,3.63797880709e-12,3
1427,26285.90112335881,Sugar1974,Sugar1974,1474,0,4
1428,26290.67879778792,Sugar1974,Sugar1974,1475,3.63797880709e-12,1
1429,26311.53197701996,Sugar1974,Sugar1974,1476,3.63797880709e-12,1
1430,26314.72704654229,Sugar1974,Sugar1974,1477,3.63797880709e-12,1
1431,26332.54701743836,Sugar1974,Sugar1974,1478,3.63797880709e-12,6
1432,26409.08953689273,Sugar1974,Sugar1974,1479,0,5
1433,26415.33302364369,Sugar1974,Sugar1974,1480,3.63797880709e-12,4
1434,26422.38709884328,Sugar1974,Sugar1974,1481,3.63797880709e-12,9
1435,26451.1026860638,Sugar1974,Sugar1974,1482,0,2
1436,26487.08186809129,Sugar1974,Sugar1974,1483,3.63797880709e-12,3
1437,26491.17308742545,Sugar1974,Sugar1974,1484,3.63797880709e-12,1
1438,26507.73016818286,Sugar1974,Sugar1974,1485,3.63797880709e-12,7
1439,26525.96029932674,Sugar1974,Sugar1974,1486,3.63797880709e-12,4
1440,26529.6987971021,Sugar1974,Sugar1974,1487,0,4
1441,26564.31004473593,Sugar1974,Sugar1974,1488,0,1
1442,26569.0192606915,Sugar1974,Sugar1974,1489,3.63797880709e-12,6
1443,26579.97330501064,Sugar1974,Sugar1974,1490,0,2
1444,26581.20308955451,Sugar1974,Sugar1974,1491,0,2
1445,26597.80150965416,Sugar1974,Sugar1974,1492,3.63797880709e-12,1
1446,26633.02330321475,Sugar1974,Sugar1974,1493,3.63797880709e-12,4
1447,26645.84315068048,Sugar1974,Sugar1974,1494,3.63797880709e-12,2
1448,26693.50340850986,Sugar1974,Sugar1974,1495,0,2
1449,26705.05756749754,Sugar1974,Sugar1974,1496,0,4
1450,26730.24793382232,Sugar1974,Sugar1974,1497,3.63797880709e-12,7
1451,26740.27851849163,Sugar1974,Sugar1974,1498,3.63797880709e-12,2
1452,26756.77259908601,Sugar1974,Sugar1974,1499,0,3
1453,26784.12097113267,Sugar1974,Sugar1974,1500,3.63797880709e-12,1
1454,26822.5013674636,Sugar1974,Sugar1974,1501,0,1
1455,26890.13036807991,Sugar1974,Sugar1974,1502,3.63797880709e-12,1
1456,26898.12330158161,Sugar1974,Sugar1974,1503,0,3
1457,26937.83321021198,Sugar1974,Sugar1974,1504,0,2
1458,26953.47899504949,Sugar1974,Sugar1974,1508,3.63797880709e-12,9
1459,26976.06047365948,Sugar1974,Sugar1974,1509,3.63797880709e-12,1
1460,26979.03879030931,Sugar1974,Sugar1974,1510,0,1
1461,26982.64986610709,Sugar1974,Sugar1974,1511,0,1
1462,27009.8701003129,Sugar1974,Sugar1974,1512,3.63797880709e-12,2
1463,27057.01959710857,Sugar1974,Sugar1974,1513,3.63797880709e-12,2
1464,27059.46699954299,Sugar1974,Sugar1974,1514,0,4
1465,27059.91966689543,Sugar1974,Sugar1974,1515,3.63797880709e-12,2
1466,27073.2327754384,Sugar1974,Sugar1974,1516,3.63797880709e-12,2
1467,27075.08125561419,Sugar1974,Sugar1974,1517,3.63797880709e-12,1
1468,27076.39293376495,Sugar1974,Sugar1974,1518,0,1
1469,27085.38043794051,Sugar1974,Sugar1974,1519,3.63797880709e-12,10
1470,27094.03326866881,Sugar1974,Sugar1974,1520,3.63797880709e-12,1
1471,27097.18704081302,Sugar1974,Sugar1974,1521,0,1
1472,27105.06065570185,Sugar1974,Sugar1974,1522,3.63797880709e-12,2
1473,27109.58080592008,Sugar1974,Sugar1974,1523,3.63797880709e-12,1
1474,27116.36047955979,Sugar1974,Sugar1974,1524,0,9
1475,27118.54695826157,Sugar1974,Sugar1974,1525,3.63797880709e-12,2
1476,27129.92165307062,Sugar1974,Sugar1974,1526,0,1
1477,27138.56077556812,Sugar1974,Sugar1974,1527,0,4
1478,27146.3371000438,Sugar1974,Sugar1974,1528,0,3
1479,27150.98838832027,Sugar1974,Sugar1974,1529,3.63797880709e-12,1
1480,27157.80991532546,Sugar1974,Sugar1974,1530,3.63797880709e-12,1
1481,27160.49708588191,Sugar1974,Sugar1974,1531,0,1
1482,27163.47797713254,Sugar1974,Sugar1974,1533,3.63797880709e-12,3
1483,27174.78068068921,Sugar1974,Sugar1974,1534,3.63797880709e-12,30
1484,27179.81977089047,Sugar1974,Sugar1974,1537,0,30
1485,27187.26177538798,Sugar1974,Sugar1974,1538,0,1
1486,27197.73729329128,Sugar1974,Sugar1974,1539,3.63797880709e-12,5
1487,27203.44109838538,Sugar1974,Sugar1974,1540,0,1
1488,27208.70720567267,Sugar1974,Sugar1974,1543,0,4
1489,27220.83203033084,Sugar1974,Sugar1974,1544,3.63797880709e-12,8
1490,27237.38743151422,Sugar1974,Sugar1974,1545,3.63797880709e-12,2
1491,27241.83111169583,Sugar1974,Sugar1974,1546,3.63797880709e-12,2
1492,27257.91142202328,Sugar1974,Sugar1974,1547,0,2
1493,27260.16273543152,Sugar1974,Sugar1974,1548,3.63797880709e-12,4
1494,27265.56111828184,Sugar1974,Sugar1974,1549,3.63797880709e-12,1
1495,27267.65926515636,Sugar1974,Sugar1974,1550,0,2
1496,27298.58866608438,Sugar1974,Sugar1974,1554,3.63797880709e-12,10
1497,27312.15230616734,Sugar1974,Sugar1974,1555,3.63797880709e-12,2
1498,27322.35821811005,Sugar1974,Sugar1974,1556,3.63797880709e-12,3
1499,27327.00998962293,Sugar1974,Sugar1974,1557,3.63797880709e-12,1
1500,27333.09939188217,Sugar1974,Sugar1974,1558,0,1
1501,27350.51292258818,Sugar1974,Sugar1974,1559,3.63797880709e-12,4
1502,27350.83763299466,Sugar1974,Sugar1974,1560,3.63797880709e-12,3
1503,27351.47988959783,Sugar1974,Sugar1974,1561,3.63797880709e-12,8
1504,27357.52833571635,Sugar1974,Sugar1974,1562,3.63797880709e-12,8
1505,27362.61937158575,Sugar1974,Sugar1974,1563,3.63797880709e-12,180
1506,27368.62780157895,Sugar1974,Sugar1974,1564,3.63797880709e-12,9
1507,27380.31976443623,Sugar1974,Sugar1974,1565,3.63797880709e-12,1
1508,27389.11063751032,Sugar1974,Sugar1974,1566,3.63797880709e-12,4
1509,27399.03275822014,Sugar1974,Sugar1974,1567,0,1
1510,27423.73074321745,Sugar1974,Sugar1974,1568,0,1
1511,27431.01314691866,Sugar1974,Sugar1974,1569,3.63797880709e-12,9
1512,27440.78864239821,Sugar1974,Sugar1974,1570,3.63797880709e-12,1
1513,27443.33248497776,Sugar1974,Sugar1974,1571,0,9
1514,27446.76126305203,Sugar1974,Sugar1974,1572,3.63797880709e-12,6
1515,27501.43190707946,Sugar1974,Sugar1974,1573,0,2
1516,27508.80223705115,Sugar1974,Sugar1974,1574,3.63797880709e-12,9
1517,27509.0171142727,Sugar1974,Sugar1974,1575,3.63797880709e-12,4
1518,27544.80300363208,Sugar1974,Sugar1974,1577,3.63797880709e-12,1
1519,27544.80300363208,Sugar1974,Sugar1974,1577,3.63797880709e-12,1
1520,27594.48093994683,Sugar1974,Sugar1974,1578,0,1
1521,27604.98915594647,Sugar1974,Sugar1974,1579,3.63797880709e-12,1
1522,27637.39916027125,Sugar1974,Sugar1974,1580,0,1
1523,27659.72758048411,Sugar1974,Sugar1974,1581,3.63797880709e-12,1
1524,27663.42179900786,Sugar1974,Sugar1974,1584,0,1
1525,27664.05886609304,Sugar1974,Sugar1974,1585,3.63797880709e-12,1
1526,27665.80229882263,Sugar1974,Sugar1974,1586,3.63797880709e-12,1
1527,27683.04015649374,Sugar1974,Sugar1974,1587,0,1
1528,27715.4411347555,Sugar1974,Sugar1974,1589,3.63797880709e-12,4
1529,27744.27810800298,Sugar1974,Sugar1974,1590,3.63797880709e-12,7
1530,27760.66210540257,Sugar1974,Sugar1974,1591,3.63797880709e-12,7
1531,27766.27768152787,Sugar1974,Sugar1974,1592,0,2
1532,27807.74982194768,Sugar1974,Sugar1974,1593,3.63797880709e-12,2
1533,27835.45987801644,Sugar1974,Sugar1974,1594,3.63797880709e-12,4
1534,27836.78321054792,Sugar1974,Sugar1974,1595,0,30
1535,27848.05106330368,Sugar1974,Sugar1974,1596,3.63797880709e-12,8
1536,27888.64975824805,Sugar1974,Sugar1974,1597,3.63797880709e-12,9
1537,27941.23056395247,Sugar1974,Sugar1974,1598,0,7
1538,27945.7827176135,Sugar1974,Sugar1974,1601,3.63797880709e-12,8
1539,27950.08090735816,Sugar1974,Sugar1974,1603,3.63797880709e-12,9
1540,27967.5321005303,Sugar1974,Sugar1974,1604,3.63797880709e-12,2
1541,27967.5321005303,Sugar1974,Sugar1974,1604,3.63797880709e-12,2
1542,27990.49973155975,Sugar1974,Sugar1974,1606,0,1
1543,28002.10166516653,Sugar1974,Sugar1974,1607,3.63797880709e-12,1
1544,28015.62188331345,Sugar1974,Sugar1974,1608,3.63797880709e-12,2
1545,28019.71240875707,Sugar1974,Sugar1974,1609,3.63797880709e-12,1
1546,28035.83855336313,Sugar1974,Sugar1974,1610,0,9
1547,28047.16226433096,Sugar1974,Sugar1974,1616,0,30
1548,28058.07221845769,Sugar1974,Sugar1974,1617,3.63797880709e-12,25
1549,28084.999372429,Sugar1974,Sugar1974,1619,3.63797880709e-12,2
1550,28085.74909005818,Sugar1974,Sugar1974,1620,3.63797880709e-12,2
1551,28086.33148208739,Sugar1974,Sugar1974,1621,3.63797880709e-12,1
1552,28177.15140175869,Sugar1974,Sugar1974,1622,0,3
1553,28192.23210743996,Sugar1974,Sugar1974,1624,0,6
1554,28207.71169104826,Sugar1974,Sugar1974,1625,0,4
1555,28208.17268143123,Sugar1974,Sugar1974,1626,0,1
1556,28216.71818670864,Sugar1974,Sugar1974,1627,3.63797880709e-12,20
1557,28243.97989138177,Sugar1974,Sugar1974,1628,3.63797880709e-12,1
1558,28277.88275817669,Sugar1974,Sugar1974,1629,3.63797880709e-12,1
1559,28302.36300927319,Sugar1974,Sugar1974,1630,0,2
1560,28304.78296091396,Sugar1974,Sugar1974,1633,0,2
1561,28322.69922743209,Sugar1974,Sugar1974,1636,3.63797880709e-12,9
1562,28338.39242078645,Sugar1974,Sugar1974,1637,3.63797880709e-12,15
1563,28339.12302577161,Sugar1974,Sugar1974,1638,0,20
1564,28339.12302577161,Sugar1974,Sugar1974,1638,0,20
1565,28369.62843383701,Sugar1974,Sugar1974,1640,3.63797880709e-12,2
1566,28379.72772481769,Sugar1974,Sugar1974,1643,0,30
1567,28384.56046516824,Sugar1974,Sugar1974,1646,3.63797880709e-12,30
1568,28420.9920711542,Sugar1974,Sugar1974,1647,0,2
1569,28434.46025616245,Sugar1974,Sugar1974,1649,3.63797880709e-12,1
1570,28461.5525879236,Sugar1974,Sugar1974,1650,0,4
1571,28470.82805484979,Sugar1974,Sugar1974,1651,3.63797880709e-12,2
1572,28477.56764075092,Sugar1974,Sugar1974,1652,3.63797880709e-12,20
1573,28488.84756434394,Sugar1974,Sugar1974,1659,0,3
1574,28504.36900500337,Sugar1974,Sugar1974,1660,3.63797880709e-12,2
1575,28508.8216150332,Sugar1974,Sugar1974,1661,0,15
1576,28568.86249115762,Sugar1974,Sugar1974,1662,0,8
1577,28596.22182855031,Sugar1974,Sugar1974,1663,3.63797880709e-12,1
1578,28599.49715010944,Sugar1974,Sugar1974,1664,3.63797880709e-12,4
1579,28611.43814824828,Sugar1974,Sugar1974,1665,0,4
1580,28612.00114136663,Sugar1974,Sugar1974,1666,3.63797880709e-12,4
1581,28654.97265789895,Sugar1974,Sugar1974,1667,3.63797880709e-12,4
1582,28658.99075274614,Sugar1974,Sugar1974,1668,0,4
1583,28659.38737890815,Sugar1974,Sugar1974,1669,3.63797880709e-12,4
1584,28701.01851303006,Sugar1974,Sugar1974,1670,3.63797880709e-12,4
1585,28718.48871500768,Sugar1974,Sugar1974,1671,3.63797880709e-12,1
1586,28744.1821785841,Sugar1974,Sugar1974,1675,0,6
1587,28767.9073478415,Sugar1974,Sugar1974,1676,0,4
1588,28774.44802767158,Sugar1974,Sugar1974,1684,3.63797880709e-12,20
1589,28870.92954139602,Sugar1974,Sugar1974,1685,3.63797880709e-12,1
1590,28873.16225925796,Sugar1974,Sugar1974,1686,3.63797880709e-12,1
1591,28943.22019151508,Sugar1974,Sugar1974,1687,3.63797880709e-12,70
1592,28952.6409782112,Sugar1974,Sugar1974,1691,3.63797880709e-12,30
1593,28982.31115279684,Sugar1974,Sugar1974,1692,0,5
1594,29016.83258794754,Sugar1974,Sugar1974,1693,0,50
1595,29056.1776463368,Sugar1974,Sugar1974,1696,3.63797880709e-12,150
1596,29092.23862520488,Sugar1974,Sugar1974,1698,0,300
1597,29144.23227837584,Sugar1974,Sugar1974,1699,0,6
1598,29151.12758490881,Sugar1974,Sugar1974,1701,3.63797880709e-12,2
1599,29164.25758657803,Sugar1974,Sugar1974,1702,0,4
1600,29171.52187845195,Sugar1974,Sugar1974,1703,3.63797880709e-12,500
1601,29177.91833061555,Sugar1974,Sugar1974,1704,0,50
1602,29179.19262504681,Sugar1974,Sugar1974,1705,3.63797880709e-12,5
1603,29212.40219300614,Sugar1974,Sugar1974,1709,3.63797880709e-12,300
1604,29230.77763521812,Sugar1974,Sugar1974,1710,3.63797880709e-12,150
1605,29239.60837203381,Sugar1974,Sugar1974,1715,3.63797880709e-12,8
1606,29251.84990600317,Sugar1974,Sugar1974,1716,0,2
1607,29262.27901370872,Sugar1974,Sugar1974,1717,3.63797880709e-12,7
1608,29268.06046589077,Sugar1974,Sugar1974,1718,3.63797880709e-12,7
1609,29272.878289749,Sugar1974,Sugar1974,1719,3.63797880709e-12,300
1610,29280.24089399736,Sugar1974,Sugar1974,1722,3.63797880709e-12,2
1611,29283.43114774651,Sugar1974,Sugar1974,1723,0,1
1612,29289.53102825968,Sugar1974,Sugar1974,1724,0,500
1613,29294.20951429753,Sugar1974,Sugar1974,1725,3.63797880709e-12,6
1614,29294.70828407613,Sugar1974,Sugar1974,1726,0,7
1615,29377.67221311089,Sugar1974,Sugar1974,1729,0,50
1616,29405.16007065728,Sugar1974,Sugar1974,1730,3.63797880709e-12,7
1617,29410.18769041856,Sugar1974,Sugar1974,1731,3.63797880709e-12,3
1618,29415.55060445593,Sugar1974,Sugar1974,1732,3.63797880709e-12,1
1619,29422.47808808731,Sugar1974,Sugar1974,1733,3.63797880709e-12,35
1620,29425.34175653342,Sugar1974,Sugar1974,1737,3.63797880709e-12,300
1621,29432.54108217329,Sugar1974,Sugar1974,1738,3.63797880709e-12,300
1622,29437.36022906381,Sugar1974,Sugar1974,1743,3.63797880709e-12,600
1623,29447.28907331855,Sugar1974,Sugar1974,1744,0,2
1624,29453.43958624094,Sugar1974,Sugar1974,1745,0,1000
1625,29480.69212946007,Sugar1974,Sugar1974,1746,0,100
1626,29508.60906848113,Sugar1974,Sugar1974,1750,0,1
1627,29514.53126078416,Sugar1974,Sugar1974,1751,3.63797880709e-12,6
1628,29519.95164070604,Sugar1974,Sugar1974,1755,0,1
1629,29533.60029581323,Sugar1974,Sugar1974,1756,3.63797880709e-12,1
1630,29544.60789841415,Sugar1974,Sugar1974,1757,0,5
1631,29561.19767798972,Sugar1974,Sugar1974,1758,3.63797880709e-12,300
1632,29564.88284142405,Sugar1974,Sugar1974,1762,3.63797880709e-12,5
1633,29566.29153734938,Sugar1974,Sugar1974,1763,3.63797880709e-12,150
1634,29569.32838744689,Sugar1974,Sugar1974,1766,3.63797880709e-12,5
1635,29575.44093549632,Sugar1974,Sugar1974,1767,0,150
1636,29584.9108080546,Sugar1974,Sugar1974,1770,3.63797880709e-12,50
1637,29595.0610434126,Sugar1974,Sugar1974,1776,3.63797880709e-12,5
1638,29602.34223667826,Sugar1974,Sugar1974,1777,3.63797880709e-12,100
1639,29609.44745140548,Sugar1974,Sugar1974,1782,0,1
1640,29637.21887018639,Sugar1974,Sugar1974,1783,3.63797880709e-12,3
1641,29640.58190481098,Sugar1974,Sugar1974,1784,3.63797880709e-12,2
1642,29648.14162692535,Sugar1974,Sugar1974,1787,0,100
1643,29660.46780913962,Sugar1974,Sugar1974,1788,0,7
1644,29679.70768204242,Sugar1974,Sugar1974,1789,3.63797880709e-12,5
1645,29686.36919418543,Sugar1974,Sugar1974,1790,0,500
1646,29688.41213892296,Sugar1974,Sugar1974,1792,0,200
1647,29702.0500078707,Sugar1974,Sugar1974,1795,3.63797880709e-12,50
1648,29708.00868396019,Sugar1974,Sugar1974,1801,3.63797880709e-12,5
1649,29710.22203919751,Sugar1974,Sugar1974,1802,0,50
1650,29713.35906470405,Sugar1974,Sugar1974,1805,0,100
1651,29716.13087424561,Sugar1974,Sugar1974,1808,3.63797880709e-12,6
1652,29724.40073014169,Sugar1974,Sugar1974,1809,3.63797880709e-12,7
1653,29724.60256463975,Sugar1974,Sugar1974,1810,3.63797880709e-12,8
1654,29725.81741336428,Sugar1974,Sugar1974,1811,3.63797880709e-12,6
1655,29726.11770079525,Sugar1974,Sugar1974,1812,0,7
1656,29745.39815699394,Sugar1974,Sugar1974,1813,3.63797880709e-12,5
1657,29749.80265635537,Sugar1974,Sugar1974,1814,3.63797880709e-12,1
1658,29751.96278611417,Sugar1974,Sugar1974,1815,3.63797880709e-12,5
1659,29753.59235706151,Sugar1974,Sugar1974,1816,0,3
1660,29758.54279418527,Sugar1974,Sugar1974,1819,0,500
1661,29765.90875709611,Sugar1974,Sugar1974,1822,3.63797880709e-12,5
1662,29770.3397857261,Sugar1974,Sugar1974,1825,3.63797880709e-12,30
1663,29774.95007131333,Sugar1974,Sugar1974,1829,3.63797880709e-12,500
1664,29793.03198762677,Sugar1974,Sugar1974,1830,3.63797880709e-12,7
1665,29798.45961648488,Sugar1974,Sugar1974,1831,3.63797880709e-12,250
1666,29807.77016385438,Sugar1974,Sugar1974,1835,0,50
1667,29811.08755577975,Sugar1974,Sugar1974,1837,0,5
1668,29832.63995045744,Sugar1974,Sugar1974,1838,3.63797880709e-12,50
1669,29837.28863311049,Sugar1974,Sugar1974,1839,3.63797880709e-12,3
1670,29839.80880162463,Sugar1974,Sugar1974,1840,3.63797880709e-12,6
1671,29850.7400125686,Sugar1974,Sugar1974,1841,3.63797880709e-12,1
1672,29874.03932694132,Sugar1974,Sugar1974,1842,0,6
1673,29880.78004951733,Sugar1974,Sugar1974,1843,3.63797880709e-12,7
1674,29882.83241074527,Sugar1974,Sugar1974,1845,3.63797880709e-12,70
1675,29883.33252569954,Sugar1974,Sugar1974,1846,3.63797880709e-12,70
1676,29890.75015810439,Sugar1974,Sugar1974,1852,3.63797880709e-12,4
1677,29901.649040781,Sugar1974,Sugar1974,1853,0,3
1678,29911.79193823831,Sugar1974,Sugar1974,1855,3.63797880709e-12,30
1679,29914.0117295492,Sugar1974,Sugar1974,1856,0,30
1680,29916.44884596406,Sugar1974,Sugar1974,1857,3.63797880709e-12,70
1681,29918.66902117281,Sugar1974,Sugar1974,1861,0,500
1682,29926.29922651892,Sugar1974,Sugar1974,1864,3.63797880709e-12,90
1683,29936.26185642789,Sugar1974,Sugar1974,1869,3.63797880709e-12,7
1684,29951.1977794088,Sugar1974,Sugar1974,1872,3.63797880709e-12,3
1685,29953.23166567798,Sugar1974,Sugar1974,1873,3.63797880709e-12,3
1686,29960.47832646085,Sugar1974,Sugar1974,1874,3.63797880709e-12,3
1687,29992.0511071546,Sugar1974,Sugar1974,1875,3.63797880709e-12,60
1688,30004.96945398204,Sugar1974,Sugar1974,1878,3.63797880709e-12,6
1689,30031.80093208327,Sugar1974,Sugar1974,1881,0,7
1690,30040.73753289755,Sugar1974,Sugar1974,1884,3.63797880709e-12,2
1691,30044.04928806501,Sugar1974,Sugar1974,1885,3.63797880709e-12,20
1692,30067.57888881369,Sugar1974,Sugar1974,1889,0,1
1693,30074.38935255032,Sugar1974,Sugar1974,1890,0,2
1694,30088.58065974822,Sugar1974,Sugar1974,1891,0,4
1695,30090.13935892417,Sugar1974,Sugar1974,1892,0,4
1696,30091.85033144276,Sugar1974,Sugar1974,1893,3.63797880709e-12,6
1697,30108.26147266006,Sugar1974,Sugar1974,1895,0,3
1698,30108.77025547591,Sugar1974,Sugar1974,1896,3.63797880709e-12,4
1699,30126.30918766864,Sugar1974,Sugar1974,1900,0,1
1700,30134.00936799842,Sugar1974,Sugar1974,1901,3.63797880709e-12,8
1701,30147.85865477754,Sugar1974,Sugar1974,1902,3.63797880709e-12,1
1702,30163.29179849779,Sugar1974,Sugar1974,1903,3.63797880709e-12,2
1703,30164.93080815159,Sugar1974,Sugar1974,1904,3.63797880709e-12,1
1704,30200.56982695671,Sugar1974,Sugar1974,1905,0,4
1705,30238.09206933824,Sugar1974,Sugar1974,1908,3.63797880709e-12,100
1706,30251.59943193845,Sugar1974,Sugar1974,1909,0,1
1707,30260.05020948432,Sugar1974,Sugar1974,1910,3.63797880709e-12,1
1708,30265.20880479766,Sugar1974,Sugar1974,1911,0,5
1709,30271.43964780926,Sugar1974,Sugar1974,1912,3.63797880709e-12,30
1710,30297.27143343365,Sugar1974,Sugar1974,1913,0,5
1711,30330.19827172563,Sugar1974,Sugar1974,1914,3.63797880709e-12,90
1712,30341.46199490542,Sugar1974,Sugar1974,1923,3.63797880709e-12,5
1713,30350.55275066974,Sugar1974,Sugar1974,1928,3.63797880709e-12,4
1714,30353.31973453909,Sugar1974,Sugar1974,1929,3.63797880709e-12,5
1715,30362.54843908361,Sugar1974,Sugar1974,1935,0,90
1716,30380.6115859637,Sugar1974,Sugar1974,1936,3.63797880709e-12,1
1717,30408.78887218297,Sugar1974,Sugar1974,1937,3.63797880709e-12,3
1718,30411.84025905879,Sugar1974,Sugar1974,1941,3.63797880709e-12,2
1719,30454.96766509064,Sugar1974,Sugar1974,1942,3.63797880709e-12,2
1720,30470.51174160855,Sugar1974,Sugar1974,1943,0,90
1721,30511.61819408141,Sugar1974,Sugar1974,1944,3.63797880709e-12,1
1722,30514.95999209196,Sugar1974,Sugar1974,1945,0,1
1723,30525.21900411757,Sugar1974,Sugar1974,1948,3.63797880709e-12,2
1724,30553.02846872138,Sugar1974,Sugar1974,1949,0,1
1725,30566.45034702371,Sugar1974,Sugar1974,1952,3.63797880709e-12,3
1726,30611.10156104082,Sugar1974,Sugar1974,1955,3.63797880709e-12,3
1727,30623.54769176726,Sugar1974,Sugar1974,1956,3.63797880709e-12,20
1728,30624.56902020252,Sugar1974,Sugar1974,1959,0,2
1729,30627.3280998374,Sugar1974,Sugar1974,1961,3.63797880709e-12,2
1730,30631.47220502287,Sugar1974,Sugar1974,1962,0,6
1731,30644.19811301751,Sugar1974,Sugar1974,1967,3.63797880709e-12,6
1732,30652.88866440102,Sugar1974,Sugar1974,1972,3.63797880709e-12,3
1733,30661.96947424329,Sugar1974,Sugar1974,1973,0,1
1734,30684.58178381043,Sugar1974,Sugar1974,1976,3.63797880709e-12,2
1735,30689.9609997576,Sugar1974,Sugar1974,1977,3.63797880709e-12,5
1736,30704.43007168728,Sugar1974,Sugar1974,1983,3.63797880709e-12,4
1737,30775.6403241689,Sugar1974,Sugar1974,1984,0,50
1738,30793.80164925008,Sugar1974,Sugar1974,1985,0,4
1739,30803.77267417527,Sugar1974,Sugar1974,1986,3.63797880709e-12,2
1740,30879.97874155331,Sugar1974,Sugar1974,1989,0,3
1741,30959.67190736968,Sugar1974,Sugar1974,1991,0,20
1742,30982.55823626389,Sugar1974,Sugar1974,1992,3.63797880709e-12,1
1743,31015.82181484997,Sugar1974,Sugar1974,1995,3.63797880709e-12,2
1744,31019.50961306162,Sugar1974,Sugar1974,1996,3.63797880709e-12,20
1745,31056.78087573344,Sugar1974,Sugar1974,1997,0,3
1746,31147.58009673209,Sugar1974,Sugar1974,2001,3.63797880709e-12,1
1747,31149.57967847662,Sugar1974,Sugar1974,2002,3.63797880709e-12,1
1748,31156.62850897553,Sugar1974,Sugar1974,2003,0,4
1749,31157.55962572026,Sugar1974,Sugar1974,2004,3.63797880709e-12,4
1750,31177.37069374709,Sugar1974,Sugar1974,2007,3.63797880709e-12,2
1751,31237.80906670606,Sugar1974,Sugar1974,2008,0,4
1752,31240.25910326432,Sugar1974,Sugar1974,2014,3.63797880709e-12,2
1753,31243.94934602741,Sugar1974,Sugar1974,2015,0,2
1754,31246.28131400148,Sugar1974,Sugar1974,2017,0,4
1755,31248.01061629834,Sugar1974,Sugar1974,2019,3.63797880709e-12,5
1756,31280.9699919752,Sugar1974,Sugar1974,2020,0,7
1757,31288.71193219543,Sugar1974,Sugar1974,2022,0,3
1758,31319.53057698276,Sugar1974,Sugar1974,2023,3.63797880709e-12,1
1759,31391.37958938111,Sugar1974,Sugar1974,2027,0,7
1760,31391.65262713295,Sugar1974,Sugar1974,2028,0,5
1761,31398.87104041308,Sugar1974,Sugar1974,2029,3.63797880709e-12,6
1762,31418.55890801203,Sugar1974,Sugar1974,2030,3.63797880709e-12,2
1763,31445.53814417457,Sugar1974,Sugar1974,2031,3.63797880709e-12,9
1764,31455.37039067726,Sugar1974,Sugar1974,2032,0,7
1765,31468.75852555854,Sugar1974,Sugar1974,2037,0,5
1766,31478.92162790565,Sugar1974,Sugar1974,2038,0,2
1767,31507.27821728021,Sugar1974,Sugar1974,2039,3.63797880709e-12,30
1768,31512.91872985571,Sugar1974,Sugar1974,2042,3.63797880709e-12,1
1769,31513.8605806583,Sugar1974,Sugar1974,2043,3.63797880709e-12,1
1770,31520.46923353461,Sugar1974,Sugar1974,2044,3.63797880709e-12,3
1771,31526.00244564416,Sugar1974,Sugar1974,2045,3.63797880709e-12,1
1772,31527.06931023372,Sugar1974,Sugar1974,2046,3.63797880709e-12,1
1773,31535.17175803043,Sugar1974,Sugar1974,2047,3.63797880709e-12,10
1774,31558.07929040345,Sugar1974,Sugar1974,2048,0,4
1775,31564.07830969248,Sugar1974,Sugar1974,2051,3.63797880709e-12,6
1776,31597.6779486994,Sugar1974,Sugar1974,2052,0,3
1777,31623.10119131397,Sugar1974,Sugar1974,2054,3.63797880709e-12,7
1778,31635.2501798898,Sugar1974,Sugar1974,2056,0,20
1779,31636.66094469635,Sugar1974,Sugar1974,2057,0,10
1780,31664.75926658509,Sugar1974,Sugar1974,2058,3.63797880709e-12,6
1781,31691.30887147569,Sugar1974,Sugar1974,2059,0,8
1782,31699.02242709437,Sugar1974,Sugar1974,2060,3.63797880709e-12,9
1783,31734.79793786231,Sugar1974,Sugar1974,2062,3.63797880709e-12,9
1784,31758.23200965993,Sugar1974,Sugar1974,2063,3.63797880709e-12,9
1785,31766.66004981365,Sugar1974,Sugar1974,2066,3.63797880709e-12,20
1786,31799.63009306333,Sugar1974,Sugar1974,2067,0,20
1787,31802.08913679315,Sugar1974,Sugar1974,2068,3.63797880709e-12,7
1788,31828.40108974247,Sugar1974,Sugar1974,2072,3.63797880709e-12,6
1789,31852.03991497066,Sugar1974,Sugar1974,2073,3.63797880709e-12,6
1790,31855.90838209517,Sugar1974,Sugar1974,2074,3.63797880709e-12,10
1791,31877.70230473605,Sugar1974,Sugar1974,2075,0,10
1792,31903.78883703478,Sugar1974,Sugar1974,2076,3.63797880709e-12,5
1793,31945.14794913054,Sugar1974,Sugar1974,2077,0,9
1794,32010.88212601456,Sugar1974,Sugar1974,2081,3.63797880709e-12,10
1795,32014.84057184892,Sugar1974,Sugar1974,2082,0,7
1796,32024.70839788087,Sugar1974,Sugar1974,2086,3.63797880709e-12,9
1797,32027.32137226058,Sugar1974,Sugar1974,2087,3.63797880709e-12,7
1798,32052.95119382149,Sugar1974,Sugar1974,2089,3.63797880709e-12,8
1799,32069.60953247517,Sugar1974,Sugar1974,2091,3.63797880709e-12,7
1800,32105.40864507528,Sugar1974,Sugar1974,2092,3.63797880709e-12,8
1801,32108.31239109345,Sugar1974,Sugar1974,2096,3.63797880709e-12,4
1802,32156.55231580586,Sugar1974,Sugar1974,2097,3.63797880709e-12,7
1803,32161.25058862385,Sugar1974,Sugar1974,2098,3.63797880709e-12,8
1804,32197.44049547818,Sugar1974,Sugar1974,2099,0,4
1805,32206.9919450165,Sugar1974,Sugar1974,2100,3.63797880709e-12,7
1806,32237.58967720913,Sugar1974,Sugar1974,2103,0,7
1807,32243.57908438835,Sugar1974,Sugar1974,2104,3.63797880709e-12,4
1808,32264.58882244054,Sugar1974,Sugar1974,2105,3.63797880709e-12,3
1809,32275.23133522888,Sugar1974,Sugar1974,2108,0,9
1810,32294.91848678423,Sugar1974,Sugar1974,2112,3.63797880709e-12,5
1811,32305.65247806523,Sugar1974,Sugar1974,2113,3.63797880709e-12,1
1812,32324.71900200962,Sugar1974,Sugar1974,2114,3.63797880709e-12,3
1813,32326.27773480881,Sugar1974,Sugar1974,2115,0,5
1814,32332.58990691441,Sugar1974,Sugar1974,2116,0,7
1815,32334.70103820678,Sugar1974,Sugar1974,2117,0,3
1816,32338.13131145633,Sugar1974,Sugar1974,2118,3.63797880709e-12,6
1817,32346.67023908245,Sugar1974,Sugar1974,2119,0,6
1818,32362.91045105503,Sugar1974,Sugar1974,2120,3.63797880709e-12,4
1819,32370.83138093871,Sugar1974,Sugar1974,2121,3.63797880709e-12,9
1820,32374.29100474785,Sugar1974,Sugar1974,2122,3.63797880709e-12,3
1821,32382.67031205355,Sugar1974,Sugar1974,2123,0,1
1822,32405.6385134746,Sugar1974,Sugar1974,2124,0,4
1823,32414.85066599095,Sugar1974,Sugar1974,2125,3.63797880709e-12,8
1824,32422.77894333521,Sugar1974,Sugar1974,2127,0,9
1825,32426.09016091954,Sugar1974,Sugar1974,2128,3.63797880709e-12,7
1826,32426.79237542288,Sugar1974,Sugar1974,2129,3.63797880709e-12,8
1827,32435.44132023526,Sugar1974,Sugar1974,2130,0,3
1828,32436.26171482424,Sugar1974,Sugar1974,2131,3.63797880709e-12,9
1829,32455.96787275179,Sugar1974,Sugar1974,2134,3.63797880709e-12,150
1830,32468.23221493548,Sugar1974,Sugar1974,2136,3.63797880709e-12,9
1831,32471.96898796006,Sugar1974,Sugar1974,2137,3.63797880709e-12,70
1832,32497.86005289993,Sugar1974,Sugar1974,2140,3.63797880709e-12,8
1833,32500.71121742377,Sugar1974,Sugar1974,2144,0,7
1834,32509.04019427514,Sugar1974,Sugar1974,2145,0,1
1835,32530.3884669815,Sugar1974,Sugar1974,2147,0,9
1836,32546.24004036334,Sugar1974,Sugar1974,2148,3.63797880709e-12,7
1837,32556.69015941904,Sugar1974,Sugar1974,2149,0,9
1838,32561.71834333034,Sugar1974,Sugar1974,2151,3.63797880709e-12,4
1839,32565.07939322706,Sugar1974,Sugar1974,2154,3.63797880709e-12,8
1840,32568.05985462402,Sugar1974,Sugar1974,2155,3.63797880709e-12,4
1841,32571.13845730511,Sugar1974,Sugar1974,2158,3.63797880709e-12,8
1842,32572.76016575352,Sugar1974,Sugar1974,2159,3.63797880709e-12,9
1843,32573.92895127736,Sugar1974,Sugar1974,2160,0,9
1844,32580.98864694059,Sugar1974,Sugar1974,2161,3.63797880709e-12,9
1845,32592.70133367621,Sugar1974,Sugar1974,2162,3.63797880709e-12,4
1846,32598.76023588068,Sugar1974,Sugar1974,2164,3.63797880709e-12,150
1847,32629.25141136962,Sugar1974,Sugar1974,2165,0,1
1848,32631.45886439606,Sugar1974,Sugar1974,2166,0,7
1849,32636.3486042229,Sugar1974,Sugar1974,2167,0,9
1850,32656.61131418483,Sugar1974,Sugar1974,2168,3.63797880709e-12,9
1851,32658.92895208032,Sugar1974,Sugar1974,2172,3.63797880709e-12,7
1852,32681.97897066675,Sugar1974,Sugar1974,2175,0,150
1853,32687.40816213834,Sugar1974,Sugar1974,2176,0,1
1854,32688.45161295811,Sugar1974,Sugar1974,2177,3.63797880709e-12,1
1855,32695.14791398392,Sugar1974,Sugar1974,2178,3.63797880709e-12,1
1856,32697.16837551107,Sugar1974,Sugar1974,2179,0,7
1857,32712.14213818634,Sugar1974,Sugar1974,2180,3.63797880709e-12,7
1858,32720.5082187052,Sugar1974,Sugar1974,2181,3.63797880709e-12,70
1859,32723.53865040696,Sugar1974,Sugar1974,2184,3.63797880709e-12,5
1860,32735.52864062296,Sugar1974,Sugar1974,2185,0,1
1861,32740.05048827503,Sugar1974,Sugar1974,2186,3.63797880709e-12,4
1862,32742.21860223292,Sugar1974,Sugar1974,2187,3.63797880709e-12,8
1863,32742.90153237493,Sugar1974,Sugar1974,2188,0,8
1864,32766.40230618228,Sugar1974,Sugar1974,2189,3.63797880709e-12,2
1865,32774.09811420761,Sugar1974,Sugar1974,2191,7.27595761418e-12,120
1866,32777.15920739392,Sugar1974,Sugar1974,2194,7.27595761418e-12,8
1867,32798.10235857089,Sugar1974,Sugar1974,2195,0,8
1868,32801.12948355202,Sugar1974,Sugar1974,2199,7.27595761418e-12,3
1869,32801.29014531865,Sugar1974,Sugar1974,2200,0,5
1870,32806.63993930476,Sugar1974,Sugar1974,2201,0,4
1871,32809.80778470567,Sugar1974,Sugar1974,2204,0,70
1872,32822.41946136412,Sugar1974,Sugar1974,2207,0,100
1873,32832.60237329886,Sugar1974,Sugar1974,2208,0,3
1874,32835.71036296897,Sugar1974,Sugar1974,2209,0,2
1875,32840.13140498292,Sugar1974,Sugar1974,2210,7.27595761418e-12,7
1876,32844.43898027147,Sugar1974,Sugar1974,2211,0,1
1877,32846.2917665347,Sugar1974,Sugar1974,2212,7.27595761418e-12,9
1878,32852.64020542251,Sugar1974,Sugar1974,2213,0,4
1879,32859.76867303757,Sugar1974,Sugar1974,2214,0,100
1880,32865.91169299723,Sugar1974,Sugar1974,2220,0,60
1881,32875.02197782504,Sugar1974,Sugar1974,2221,0,60
1882,32884.98168654357,Sugar1974,Sugar1974,2222,0,70
1883,32888.62970876892,Sugar1974,Sugar1974,2223,0,7
1884,32910.97798673264,Sugar1974,Sugar1974,2224,7.27595761418e-12,2
1885,32918.59170561496,Sugar1974,Sugar1974,2225,7.27595761418e-12,8
1886,32926.18128267708,Sugar1974,Sugar1974,2226,7.27595761418e-12,3
1887,32947.14854234652,Sugar1974,Sugar1974,2227,0,10
1888,32947.51816207381,Sugar1974,Sugar1974,2229,7.27595761418e-12,90
1889,32948.63202699854,Sugar1974,Sugar1974,2230,7.27595761418e-12,9
1890,32957.70185389611,Sugar1974,Sugar1974,2235,7.27595761418e-12,100
1891,32959.98807961064,Sugar1974,Sugar1974,2238,0,9
1892,32973.21790730233,Sugar1974,Sugar1974,2239,0,9
1893,32974.65045837736,Sugar1974,Sugar1974,2240,7.27595761418e-12,3
1894,32981.25185441908,Sugar1974,Sugar1974,2241,0,1
1895,32985.88987629984,Sugar1974,Sugar1974,2242,0,2
1896,32993.73932898156,Sugar1974,Sugar1974,2243,0,6
1897,33000.49038356786,Sugar1974,Sugar1974,2245,0,100
1898,33015.73874257784,Sugar1974,Sugar1974,2246,7.27595761418e-12,2
1899,33021.14820828749,Sugar1974,Sugar1974,2247,0,20
1900,33025.25927342947,Sugar1974,Sugar1974,2249,7.27595761418e-12,2
1901,33025.64011051491,Sugar1974,Sugar1974,2250,0,3
1902,33030.19008854481,Sugar1974,Sugar1974,2251,0,1
1903,33034.87108972526,Sugar1974,Sugar1974,2252,0,3
1904,33039.44850478097,Sugar1974,Sugar1974,2253,0,7
1905,33040.75864405885,Sugar1974,Sugar1974,2254,0,2
1906,33044.22992624505,Sugar1974,Sugar1974,2259,7.27595761418e-12,2
1907,33045.36806616421,Sugar1974,Sugar1974,2260,0,70
1908,33052.33813316334,Sugar1974,Sugar1974,2262,0,1
1909,33056.14998652372,Sugar1974,Sugar1974,2265,0,30
1910,33072.0289483438,Sugar1974,Sugar1974,2266,0,2
1911,33081.99878360786,Sugar1974,Sugar1974,2267,0,5
1912,33083.52998418777,Sugar1974,Sugar1974,2268,0,70
1913,33087.69031938058,Sugar1974,Sugar1974,2272,0,5
1914,33108.24861536092,Sugar1974,Sugar1974,2275,0,20
1915,33117.18785076771,Sugar1974,Sugar1974,2276,0,20
1916,33143.99828759109,Sugar1974,Sugar1974,2279,7.27595761418e-12,90
1917,33156.3610481552,Sugar1974,Sugar1974,2283,0,100
1918,33158.77029657921,Sugar1974,Sugar1974,2284,7.27595761418e-12,6
1919,33162.18014424414,Sugar1974,Sugar1974,2285,7.27595761418e-12,90
1920,33171.77232128441,Sugar1974,Sugar1974,2288,7.27595761418e-12,9
1921,33177.00180946293,Sugar1974,Sugar1974,2289,0,40
1922,33177.53112358134,Sugar1974,Sugar1974,2290,7.27595761418e-12,20
1923,33185.8487776737,Sugar1974,Sugar1974,2294,0,10
1924,33192.88903041465,Sugar1974,Sugar1974,2295,0,4
1925,33198.77171687163,Sugar1974,Sugar1974,2298,7.27595761418e-12,20
1926,33206.16079016102,Sugar1974,Sugar1974,2301,0,150
1927,33207.65034545563,Sugar1974,Sugar1974,2302,0,10
1928,33234.55144724719,Sugar1974,Sugar1974,2303,0,150
1929,33241.0084527003,Sugar1974,Sugar1974,2308,0,40
1930,33251.9194882022,Sugar1974,Sugar1974,2311,0,60
1931,33269.31167947791,Sugar1974,Sugar1974,2313,0,20
1932,33275.85915704714,Sugar1974,Sugar1974,2314,0,9
1933,33279.22795361674,Sugar1974,Sugar1974,2319,0,10
1934,33283.02801209371,Sugar1974,Sugar1974,2320,0,9
1935,33288.07954319312,Sugar1974,Sugar1974,2323,0,150
1936,33292.04884622844,Sugar1974,Sugar1974,2326,0,10
1937,33295.57146472467,Sugar1974,Sugar1974,2327,0,9
1938,33300.24101748052,Sugar1974,Sugar1974,2328,0,2
1939,33302.5917493155,Sugar1974,Sugar1974,2329,0,1
1940,33307.20972779546,Sugar1974,Sugar1974,2330,0,20
1941,33309.79227168651,Sugar1974,Sugar1974,2331,7.27595761418e-12,4
1942,33311.17058345316,Sugar1974,Sugar1974,2332,0,6
1943,33313.87986757774,Sugar1974,Sugar1974,2333,7.27595761418e-12,4
1944,33318.50974367787,Sugar1974,Sugar1974,2335,7.27595761418e-12,150
1945,33337.05103394781,Sugar1974,Sugar1974,2337,7.27595761418e-12,70
1946,33341.91038840249,Sugar1974,Sugar1974,2338,0,9
1947,33350.06157660465,Sugar1974,Sugar1974,2339,0,7
1948,33355.68116982978,Sugar1974,Sugar1974,2340,0,150
1949,33367.51853429498,Sugar1974,Sugar1974,2343,0,1
1950,33370.03169448979,Sugar1974,Sugar1974,2344,0,3
1951,33371.05935648461,Sugar1974,Sugar1974,2345,7.27595761418e-12,4
1952,33372.10806403728,Sugar1974,Sugar1974,2346,0,9
1953,33373.56224526755,Sugar1974,Sugar1974,2347,0,9
1954,33381.75798111852,Sugar1974,Sugar1974,2348,0,7
1955,33388.15205613737,Sugar1974,Sugar1974,2349,0,20
1956,33401.32933528512,Sugar1974,Sugar1974,2352,0,4
1957,33415.56117196987,Sugar1974,Sugar1974,2353,0,8
1958,33417.34988171625,Sugar1974,Sugar1974,2354,0,20
1959,33421.41826498714,Sugar1974,Sugar1974,2357,0,2
1960,33445.18828333864,Sugar1974,Sugar1974,2358,0,20
1961,33446.90967394179,Sugar1974,Sugar1974,2359,0,3
1962,33467.94912024527,Sugar1974,Sugar1974,2360,0,9
1963,33481.89061049968,Sugar1974,Sugar1974,2361,0,500
1964,33487.22986422134,Sugar1974,Sugar1974,2367,0,6
1965,33491.88791316673,Sugar1974,Sugar1974,2368,0,5
1966,33492.34792224718,Sugar1974,Sugar1974,2369,0,5
1967,33499.00008186686,Sugar1974,Sugar1974,2370,7.27595761418e-12,3
1968,33501.99886187989,Sugar1974,Sugar1974,2371,0,9
1969,33506.10861934355,Sugar1974,Sugar1974,2375,7.27595761418e-12,40
1970,33510.63129618652,Sugar1974,Sugar1974,2377,0,9
1971,33515.42993862813,Sugar1974,Sugar1974,2380,7.27595761418e-12,7
1972,33520.08091005468,Sugar1974,Sugar1974,2381,0,150
1973,33522.10786061705,Sugar1974,Sugar1974,2383,0,9
1974,33528.64919575421,Sugar1974,Sugar1974,2384,0,100
1975,33530.07836225224,Sugar1974,Sugar1974,2385,7.27595761418e-12,9
1976,33533.741196655,Sugar1974,Sugar1974,2388,0,6
1977,33540.6979544303,Sugar1974,Sugar1974,2390,7.27595761418e-12,5
1978,33541.21131962623,Sugar1974,Sugar1974,2391,0,500
1979,33549.56209128464,Sugar1974,Sugar1974,2394,7.27595761418e-12,8
1980,33554.48239929385,Sugar1974,Sugar1974,2395,0,6
1981,33555.35115769587,Sugar1974,Sugar1974,2396,0,7
1982,33559.56233525679,Sugar1974,Sugar1974,2397,0,9
1983,33580.3611249551,Sugar1974,Sugar1974,2400,0,150
1984,33582.64048909667,Sugar1974,Sugar1974,2402,0,150
1985,33588.42961716503,Sugar1974,Sugar1974,2403,7.27595761418e-12,40
1986,33594.18232040756,Sugar1974,Sugar1974,2406,0,20
1987,33602.55093966705,Sugar1974,Sugar1974,2407,0,8
1988,33604.63016933139,Sugar1974,Sugar1974,2409,7.27595761418e-12,9
1989,33616.7683115605,Sugar1974,Sugar1974,2410,0,9
1990,33629.48894939949,Sugar1974,Sugar1974,2411,7.27595761418e-12,8
1991,33631.25105532611,Sugar1974,Sugar1974,2412,0,3
1992,33645.13987193092,Sugar1974,Sugar1974,2413,0,8
1993,33650.98143251349,Sugar1974,Sugar1974,2414,0,7
1994,33660.34075608591,Sugar1974,Sugar1974,2415,7.27595761418e-12,6
1995,33663.2893722456,Sugar1974,Sugar1974,2418,0,40
1996,33666.87035105083,Sugar1974,Sugar1974,2419,7.27595761418e-12,80
1997,33673.43844131225,Sugar1974,Sugar1974,2422,7.27595761418e-12,150
1998,33687.44974366891,Sugar1974,Sugar1974,2424,0,6
1999,33709.65814942582,Sugar1974,Sugar1974,2425,0,9
2000,33718.69189034167,Sugar1974,Sugar1974,2426,7.27595761418e-12,90
2001,33722.47016166137,Sugar1974,Sugar1974,2428,7.27595761418e-12,7
2002,33724.77983808576,Sugar1974,Sugar1974,2429,7.27595761418e-12,8
2003,33730.5705346016,Sugar1974,Sugar1974,2430,7.27595761418e-12,3
2004,33735.28145733586,Sugar1974,Sugar1974,2431,0,20
2005,33739.35962484467,Sugar1974,Sugar1974,2433,0,2
2006,33740.69060287521,Sugar1974,Sugar1974,2434,0,2
2007,33758.17989115676,Sugar1974,Sugar1974,2435,0,9
2008,33763.11836033122,Sugar1974,Sugar1974,2436,7.27595761418e-12,30
2009,33766.83164763224,Sugar1974,Sugar1974,2437,7.27595761418e-12,3
2010,33772.32017439877,Sugar1974,Sugar1974,2438,0,5
2011,33777.14865288749,Sugar1974,Sugar1974,2439,0,8
2012,33783.74182368693,Sugar1974,Sugar1974,2440,0,3
2013,33811.41869966254,Sugar1974,Sugar1974,2441,0,20
2014,33814.85968441806,Sugar1974,Sugar1974,2442,7.27595761418e-12,4
2015,33816.25202643451,Sugar1974,Sugar1974,2443,7.27595761418e-12,1
2016,33818.09841170893,Sugar1974,Sugar1974,2444,0,1
2017,33820.17932684819,Sugar1974,Sugar1974,2445,7.27595761418e-12,5
2018,33829.23026253081,Sugar1974,Sugar1974,2446,0,3
2019,33833.29206948442,Sugar1974,Sugar1974,2447,0,4
2020,33837.97930029812,Sugar1974,Sugar1974,2448,7.27595761418e-12,90
2021,33847.28031010478,Sugar1974,Sugar1974,2449,7.27595761418e-12,70
2022,33857.76963662686,Sugar1974,Sugar1974,2451,0,9
2023,33857.76963662686,Sugar1974,Sugar1974,2451,0,9
2024,33862.59877868718,Sugar1974,Sugar1974,2453,0,6
2025,33870.50067794468,Sugar1974,Sugar1974,2455,7.27595761418e-12,9
2026,33874.00077396032,Sugar1974,Sugar1974,2456,7.27595761418e-12,4
2027,33882.80878869638,Sugar1974,Sugar1974,2459,7.27595761418e-12,1
2028,33884.668959508,Sugar1974,Sugar1974,2460,0,9
2029,33914.07024526726,Sugar1974,Sugar1974,2461,0,3
2030,33926.01846960642,Sugar1974,Sugar1974,2462,0,6
2031,33932.39811764036,Sugar1974,Sugar1974,2464,0,8
2032,33933.53820991307,Sugar1974,Sugar1974,2465,0,8
2033,33934.58170978675,Sugar1974,Sugar1974,2466,0,2
2034,33935.68990645639,Sugar1974,Sugar1974,2467,0,4
2035,33952.55029828376,Sugar1974,Sugar1974,2468,7.27595761418e-12,3
2036,33962.59864108637,Sugar1974,Sugar1974,2469,0,2
2037,33963.03225640808,Sugar1974,Sugar1974,2470,0,4
2038,33971.14923991431,Sugar1974,Sugar1974,2471,0,5
2039,33972.14041818788,Sugar1974,Sugar1974,2472,7.27595761418e-12,9
2040,33974.58934157167,Sugar1974,Sugar1974,2473,0,3
2041,33975.61830804793,Sugar1974,Sugar1974,2474,0,70
2042,33993.30112077538,Sugar1974,Sugar1974,2476,0,7
2043,34002.92079283926,Sugar1974,Sugar1974,2479,0,4
2044,34035.99203690175,Sugar1974,Sugar1974,2480,0,5
2045,34038.3217031138,Sugar1974,Sugar1974,2481,0,2
2046,34042.64881233314,Sugar1974,Sugar1974,2483,0,3
2047,34046.6807130967,Sugar1974,Sugar1974,2486,0,7
2048,34056.93188284726,Sugar1974,Sugar1974,2488,0,20
2049,34058.86016847954,Sugar1974,Sugar1974,2489,0,6
2050,34075.2021987746,Sugar1974,Sugar1974,2490,0,1
2051,34090.86920465434,Sugar1974,Sugar1974,2491,0,1
2052,34094.49806039094,Sugar1974,Sugar1974,2492,0,3
2053,34113.73903237883,Sugar1974,Sugar1974,2493,0,7
2054,34114.9386072151,Sugar1974,Sugar1974,2494,7.27595761418e-12,3
2055,34117.47198819012,Sugar1974,Sugar1974,2495,0,50
2056,34123.19097886009,Sugar1974,Sugar1974,2499,0,1
2057,34131.52076559248,Sugar1974,Sugar1974,2500,7.27595761418e-12,20
2058,34139.96012500873,Sugar1974,Sugar1974,2504,0,4
2059,34140.39070179766,Sugar1974,Sugar1974,2505,0,3
2060,34141.49968376211,Sugar1974,Sugar1974,2506,0,4
2061,34144.12118607425,Sugar1974,Sugar1974,2507,0,1
2062,34149.60186143812,Sugar1974,Sugar1974,2508,7.27595761418e-12,2
2063,34154.70113954528,Sugar1974,Sugar1974,2509,0,6
2064,34156.27914797526,Sugar1974,Sugar1974,2510,7.27595761418e-12,7
2065,34157.72213988418,Sugar1974,Sugar1974,2511,0,2
2066,34161.51930267458,Sugar1974,Sugar1974,2512,0,7
2067,34181.99141732266,Sugar1974,Sugar1974,2513,0,2
2068,34185.60211746496,Sugar1974,Sugar1974,2517,0,5
2069,34218.44949998388,Sugar1974,Sugar1974,2518,0,7
2070,34235.74182922045,Sugar1974,Sugar1974,2519,7.27595761418e-12,2
2071,34281.36150450162,Sugar1974,Sugar1974,2520,0,9
2072,34284.84143718691,Sugar1974,Sugar1974,2521,0,6
2073,34301.28923211725,Sugar1974,Sugar1974,2524,7.27595761418e-12,100
2074,34305.36025964274,Sugar1974,Sugar1974,2525,7.27595761418e-12,10
2075,34308.39913336576,Sugar1974,Sugar1974,2528,0,6
2076,34333.31879559582,Sugar1974,Sugar1974,2529,0,50
2077,34337.95062052785,Sugar1974,Sugar1974,2530,0,6
2078,34339.92049002177,Sugar1974,Sugar1974,2531,0,7
2079,34341.67947693023,Sugar1974,Sugar1974,2532,0,6
2080,34343.66027696255,Sugar1974,Sugar1974,2533,0,1
2081,34346.97839506565,Sugar1974,Sugar1974,2534,0,70
2082,34350.05843410036,Sugar1974,Sugar1974,2535,0,5
2083,34351.40073284221,Sugar1974,Sugar1974,2536,0,8
2084,34357.3614016079,Sugar1974,Sugar1974,2537,0,3
2085,34359.44064680861,Sugar1974,Sugar1974,2538,0,6
2086,34360.81058645465,Sugar1974,Sugar1974,2539,0,5
2087,34366.3504116051,Sugar1974,Sugar1974,2542,0,3
2088,34369.9518547215,Sugar1974,Sugar1974,2543,0,1
2089,34370.74838300185,Sugar1974,Sugar1974,2544,7.27595761418e-12,5
2090,34376.18105494676,Sugar1974,Sugar1974,2545,7.27595761418e-12,4
2091,34395.48159394453,Sugar1974,Sugar1974,2546,7.27595761418e-12,2
2092,34396.56029186804,Sugar1974,Sugar1974,2547,0,7
2093,34398.50067133095,Sugar1974,Sugar1974,2548,0,1
2094,34400.52816761901,Sugar1974,Sugar1974,2549,0,5
2095,34404.23039300962,Sugar1974,Sugar1974,2550,0,5
2096,34406.49100931927,Sugar1974,Sugar1974,2551,7.27595761418e-12,2
2097,34406.49100931927,Wyart1974,Sugar1974,2551,7.27595761418e-12,2
2098,34406.94099411413,Sugar1974,Sugar1974,2552,0,2
2099,34430.57006475966,Sugar1974,Sugar1974,2553,0,6
2100,34458.25838560415,Sugar1974,Sugar1974,2554,0,6
2101,34463.29105408626,Sugar1974,Sugar1974,2555,0,2
2102,34466.79897723378,Sugar1974,Sugar1974,2556,0,5
2103,34474.52120630394,Sugar1974,Sugar1974,2557,7.27595761418e-12,5
2104,34476.88948541335,Sugar1974,Sugar1974,2558,0,2
2105,34477.61167045982,Sugar1974,Sugar1974,2559,7.27595761418e-12,4
2106,34489.2210648725,Sugar1974,Sugar1974,2560,0,1
2107,34500.77975274255,Sugar1974,Sugar1974,2561,0,4
2108,34506.18816501914,Sugar1974,Sugar1974,2562,0,3
2109,34521.00900912974,Sugar1974,Sugar1974,2563,0,3
2110,34524.44036559964,Sugar1974,Sugar1974,2564,7.27595761418e-12,2
2111,34553.84102082052,Sugar1974,Sugar1974,2565,7.27595761418e-12,3
2112,34554.8315426278,Sugar1974,Sugar1974,2566,0,9
2113,34559.30046100402,Sugar1974,Sugar1974,2567,0,2
2114,34581.85946018714,Sugar1974,Sugar1974,2568,7.27595761418e-12,2
2115,34596.9605435982,Sugar1974,Sugar1974,2569,0,1
2116,34601.30912408819,Sugar1974,Sugar1974,2570,0,5
2117,34605.4183315038,Sugar1974,Sugar1974,2571,0,6
2118,34614.13931796489,Sugar1974,Sugar1974,2573,0,3
2119,34625.15813467211,Sugar1974,Sugar1974,2574,7.27595761418e-12,6
2120,34626.97931404172,Sugar1974,Sugar1974,2577,0,2
2121,34629.60206826244,Sugar1974,Sugar1974,2578,7.27595761418e-12,4
2122,34636.53982485738,Sugar1974,Sugar1974,2579,7.27595761418e-12,5
2123,34651.87007007292,Sugar1974,Sugar1974,2581,0,6
2124,34671.69951093938,Sugar1974,Sugar1974,2582,0,6
2125,34680.51196327676,Sugar1974,Sugar1974,2585,0,8
2126,34682.34143553778,Sugar1974,Sugar1974,2586,0,7
2127,34686.97849041181,Sugar1974,Sugar1974,2587,0,7
2128,34700.3016227843,Sugar1974,Sugar1974,2591,0,4
2129,34703.252050795,Sugar1974,Sugar1974,2592,7.27595761418e-12,1
2130,34708.24115819159,Sugar1974,Sugar1974,2593,7.27595761418e-12,4
2131,34715.61949272925,Sugar1974,Sugar1974,2595,0,8
2132,34733.42025737836,Sugar1974,Sugar1974,2596,0,1
2133,34756.3889380661,Sugar1974,Sugar1974,2597,0,7
2134,34757.54894241813,Sugar1974,Sugar1974,2598,0,1
2135,34759.77039334097,Sugar1974,Sugar1974,2599,0,4
2136,34826.01844378842,Sugar1974,Sugar1974,2600,0,1
2137,34832.7116290021,Sugar1974,Sugar1974,2603,0,9
2138,34839.56006918177,Sugar1974,Sugar1974,2604,0,2
2139,34854.53853857772,Sugar1974,Sugar1974,2605,0,5
2140,34861.88980384801,Sugar1974,Sugar1974,2608,0,7
2141,34883.480270443,Sugar1974,Sugar1974,2609,7.27595761418e-12,4
2142,34887.81172689302,Sugar1974,Sugar1974,2611,0,3
2143,34895.99900553765,Sugar1974,Sugar1974,2612,0,5
2144,34908.13133929051,Sugar1974,Sugar1974,2613,0,4
2145,34911.49909717007,Sugar1974,Sugar1974,2614,0,7
2146,34926.9116635194,Sugar1974,Sugar1974,2615,0,1
2147,34931.8804085109,Sugar1974,Sugar1974,2616,0,9
2148,34940.53870109903,Sugar1974,Sugar1974,2618,0,7
2149,34952.12969492633,Sugar1974,Sugar1974,2619,0,5
2150,34954.35133653469,Sugar1974,Sugar1974,2620,0,3
2151,34966.60125736937,Sugar1974,Sugar1974,2621,0,1
2152,34974.29890813045,Sugar1974,Sugar1974,2622,0,2
2153,34982.90024379445,Sugar1974,Sugar1974,2623,0,4
2154,34984.78833168646,Sugar1974,Sugar1974,2624,0,3
2155,35009.92207959735,Sugar1974,Sugar1974,2625,0,1
2156,35037.45927896062,Sugar1974,Sugar1974,2626,7.27595761418e-12,3
2157,35047.99878769682,Sugar1974,Sugar1974,2627,0,3
2158,35059.13087117954,Sugar1974,Sugar1974,2629,7.27595761418e-12,6
2159,35066.07997088419,Sugar1974,Sugar1974,2630,0,1
2160,35074.97182560669,Sugar1974,Sugar1974,2631,0,2
2161,35077.69172169605,Sugar1974,Sugar1974,2635,0,5
2162,35094.42926823457,Sugar1974,Sugar1974,2636,0,2
2163,35096.17903617166,Sugar1974,Sugar1974,2637,0,7
2164,35101.43967844392,Sugar1974,Sugar1974,2638,7.27595761418e-12,1
2165,35102.46084275682,Sugar1974,Sugar1974,2639,0,1
2166,35150.32121495183,Sugar1974,Sugar1974,2640,0,2
2167,35158.7295451125,Sugar1974,Sugar1974,2641,0,1
2168,35176.90060597709,Sugar1974,Sugar1974,2643,0,20
2169,35178.34989103673,Sugar1974,Sugar1974,2644,7.27595761418e-12,8
2170,35181.59122831917,Sugar1974,Sugar1974,2645,0,1
2171,35188.81095220476,Sugar1974,Sugar1974,2646,0,8
2172,35193.65835688727,Sugar1974,Sugar1974,2650,7.27595761418e-12,2
2173,35206.61979237102,Sugar1974,Sugar1974,2651,0,5
2174,35220.00083038078,Sugar1974,Sugar1974,2652,7.27595761418e-12,7
2175,35226.35838985106,Sugar1974,Sugar1974,2655,0,2
2176,35233.56951230932,Sugar1974,Sugar1974,2656,7.27595761418e-12,9
2177,35250.62830061156,Sugar1974,Sugar1974,2660,7.27595761418e-12,1
2178,35260.69848138858,Sugar1974,Sugar1974,2661,0,5
2179,35261.8011741024,Sugar1974,Sugar1974,2662,0,3
2180,35266.46901118122,Sugar1974,Sugar1974,2663,0,2
2181,35310.97106237285,Sugar1974,Sugar1974,2664,0,2
2182,35327.76906658654,Sugar1974,Sugar1974,2665,0,2
2183,35338.10884097774,Sugar1974,Sugar1974,2666,7.27595761418e-12,3
2184,35350.46188491322,Sugar1974,Sugar1974,2667,0,9
2185,35354.42908408786,Sugar1974,Sugar1974,2670,0,3
2186,35355.99020422255,Sugar1974,Sugar1974,2671,0,3
2187,35361.80829125426,Sugar1974,Sugar1974,2672,0,2
2188,35378.14927522239,Sugar1974,Sugar1974,2673,0,7
2189,35394.48027654381,Sugar1974,Sugar1974,2674,7.27595761418e-12,1
2190,35410.6291033286,Sugar1974,Sugar1974,2675,7.27595761418e-12,3
2191,35414.80184012539,Sugar1974,Sugar1974,2676,0,9
2192,35436.32007527917,Sugar1974,Sugar1974,2680,7.27595761418e-12,1
2193,35458.83006295181,Sugar1974,Sugar1974,2681,0,2
2194,35462.07199861693,Sugar1974,Sugar1974,2682,0,2
2195,35488.08067298852,Sugar1974,Sugar1974,2683,7.27595761418e-12,1
2196,35514.98168781334,Sugar1974,Sugar1974,2684,7.27595761418e-12,6
2197,35523.0602296141,Sugar1974,Sugar1974,2685,0,1
2198,35529.43839330017,Sugar1974,Sugar1974,2686,0,1
2199,35544.97123677869,Sugar1974,Sugar1974,2687,7.27595761418e-12,9
2200,35553.24003308309,Sugar1974,Sugar1974,2693,7.27595761418e-12,1
2201,35598.15831507815,Sugar1974,Sugar1974,2694,0,6
2202,35602.11029411828,Sugar1974,Sugar1974,2695,7.27595761418e-12,4
2203,35631.71137864961,Sugar1974,Sugar1974,2696,0,7
2204,35631.71137864961,Sugar1974,Sugar1974,2696,0,7
2205,35646.45033408949,Sugar1974,Sugar1974,2698,0,2
2206,35664.40852949877,Sugar1974,Sugar1974,2699,7.27595761418e-12,3
2207,35671.78877383369,Sugar1974,Sugar1974,2701,0,9
2208,35677.78100044257,Sugar1974,Sugar1974,2702,0,7
2209,35730.25093911865,Sugar1974,Sugar1974,2703,7.27595761418e-12,1
2210,35739.99937423627,Sugar1974,Sugar1974,2704,0,2
2211,35765.37920293219,Sugar1974,Sugar1974,2705,0,9
2212,35788.70194050665,Sugar1974,Sugar1974,2707,0,1
2213,35794.49880168497,Sugar1974,Sugar1974,2708,7.27595761418e-12,9
2214,35870.62970028369,Sugar1974,Sugar1974,2709,7.27595761418e-12,7
2215,35906.95992670596,Sugar1974,Sugar1974,2710,0,1
2216,35924.09156881189,Sugar1974,Sugar1974,2711,0,2
2217,35925.17945030121,Sugar1974,Sugar1974,2712,7.27595761418e-12,2
2218,35969.77037380749,Sugar1974,Sugar1974,2715,7.27595761418e-12,5
2219,35972.56871372538,Sugar1974,Sugar1974,2716,7.27595761418e-12,5
2220,35980.63078786134,Sugar1974,Sugar1974,2717,7.27595761418e-12,3
2221,35985.65891889275,Sugar1974,Sugar1974,2718,7.27595761418e-12,2
2222,35989.06150129269,Sugar1974,Sugar1974,2719,7.27595761418e-12,2
2223,35995.71048813363,Sugar1974,Sugar1974,2720,7.27595761418e-12,2
2224,36001.1693746559,Sugar1974,Sugar1974,2721,0,7
2225,36002.97015267071,Sugar1974,Sugar1974,2722,7.27595761418e-12,1
2226,36008.29997549487,Sugar1974,Sugar1974,2723,0,4
2227,36012.69888458104,Sugar1974,Sugar1974,2724,0,4
2228,36022.6783130107,Sugar1974,Sugar1974,2725,0,4
2229,36028.07841692753,Sugar1974,Sugar1974,2726,0,6
2230,36029.19087620945,Sugar1974,Sugar1974,2727,7.27595761418e-12,4
2231,36058.67910185329,Sugar1974,Sugar1974,2728,0,9
2232,36087.31084716952,Sugar1974,Sugar1974,2729,0,4
2233,36093.17184807188,Sugar1974,Sugar1974,2730,7.27595761418e-12,5
2234,36116.56873040715,Sugar1974,Sugar1974,2731,0,2
2235,36131.12003670041,Sugar1974,Sugar1974,2732,0,3
2236,36136.47168919463,Sugar1974,Sugar1974,2733,0,9
2237,36144.47001972962,Sugar1974,Sugar1974,2734,0,6
2238,36145.6088749111,Sugar1974,Sugar1974,2735,0,2
2239,36150.11854311862,Sugar1974,Sugar1974,2736,0,7
2240,36151.07010973044,Sugar1974,Sugar1974,2737,0,1
2241,36190.44901272979,Sugar1974,Sugar1974,2738,0,9
2242,36193.29014221259,Sugar1974,Sugar1974,2739,7.27595761418e-12,6
2243,36194.92937485596,Sugar1974,Sugar1974,2740,7.27595761418e-12,5
2244,36205.32098838848,Sugar1974,Sugar1974,2741,7.27595761418e-12,3
2245,36213.08864893802,Sugar1974,Sugar1974,2742,0,9
2246,36219.30179263129,Sugar1974,Sugar1974,2743,0,8
2247,36230.18850474901,Sugar1974,Sugar1974,2744,7.27595761418e-12,2
2248,36245.34133996938,Sugar1974,Sugar1974,2745,0,6
2249,36258.89872271562,Sugar1974,Sugar1974,2746,0,8
2250,36277.7104227957,Sugar1974,Sugar1974,2747,7.27595761418e-12,2
2251,36279.85890295773,Sugar1974,Sugar1974,2748,0,1
2252,36287.31007007749,Sugar1974,Sugar1974,2749,0,3
2253,36302.2109427586,Sugar1974,Sugar1974,2750,7.27595761418e-12,3
2254,36316.37191789867,Sugar1974,Sugar1974,2751,0,5
2255,36321.61117904488,Sugar1974,Sugar1974,2752,0,5
2256,36323.15898106762,Sugar1974,Sugar1974,2753,7.27595761418e-12,3
2257,36402.53935212049,Sugar1974,Sugar1974,2754,0,7
2258,36411.22075693982,Sugar1974,Sugar1974,2755,0,4
2259,36417.90885948323,Sugar1974,Sugar1974,2756,0,5
2260,36424.5403578577,Sugar1974,Sugar1974,2757,7.27595761418e-12,4
2261,36436.62047765281,Sugar1974,Sugar1974,2758,0,9
2262,36437.75004048417,Sugar1974,Sugar1974,2759,0,9
2263,36440.26009564217,Sugar1974,Sugar1974,2760,0,1
2264,36454.79881728705,Sugar1974,Sugar1974,2761,7.27595761418e-12,7
2265,36463.43966006325,Sugar1974,Sugar1974,2762,0,4
2266,36468.75980271732,Sugar1974,Sugar1974,2763,7.27595761418e-12,1
2267,36504.25984899081,Sugar1974,Sugar1974,2764,0,6
2268,36537.06166966034,Sugar1974,Sugar1974,2765,0,1
2269,36543.54068417457,Sugar1974,Sugar1974,2766,0,2
2270,36546.88057266218,Sugar1974,Sugar1974,2767,0,8
2271,36560.70037228958,Sugar1974,Sugar1974,2768,7.27595761418e-12,8
2272,36567.93845306396,Sugar1974,Sugar1974,2769,0,1
2273,36569.0196855684,Sugar1974,Sugar1974,2770,7.27595761418e-12,3
2274,36575.24003576977,Sugar1974,Sugar1974,2771,0,9
2275,36579.64103415803,Sugar1974,Sugar1974,2772,0,1
2276,36583.48160503311,Sugar1974,Sugar1974,2773,7.27595761418e-12,7
2277,36599.71872123564,Sugar1974,Sugar1974,2774,0,1
2278,36601.31033347466,Sugar1974,Sugar1974,2775,0,1
2279,36613.5384394653,Sugar1974,Sugar1974,2776,0,1
2280,36615.72049697708,Sugar1974,Sugar1974,2777,7.27595761418e-12,3
2281,36622.96157680857,Sugar1974,Sugar1974,2778,0,7
2282,36630.12992132255,Sugar1974,Sugar1974,2779,0,9
2283,36638.93857788228,Sugar1974,Sugar1974,2780,7.27595761418e-12,8
2284,36641.62060040076,Sugar1974,Sugar1974,2781,0,1
2285,36647.54177423523,Sugar1974,Sugar1974,2782,0,1
2286,36659.42149409002,Sugar1974,Sugar1974,2783,0,9
2287,36667.31877979132,Sugar1974,Sugar1974,2784,0,6
2288,36673.38096166994,Sugar1974,Sugar1974,2785,7.27595761418e-12,5
2289,36680.81001920356,Sugar1974,Sugar1974,2786,0,2
2290,36699.4483973777,Sugar1974,Sugar1974,2787,0,100
2291,36704.48163869703,Sugar1974,Sugar1974,2788,0,3
2292,36724.64052284394,Sugar1974,Sugar1974,2789,0,9
2293,36739.27026002496,Sugar1974,Sugar1974,2790,0,8
2294,36744.50995398493,Sugar1974,Sugar1974,2791,0,3
2295,36748.29057284388,Sugar1974,Sugar1974,2792,0,1
2296,36751.50883772087,Sugar1974,Sugar1974,2793,7.27595761418e-12,7
2297,36752.64056301387,Sugar1974,Sugar1974,2794,0,5
2298,36768.82041534586,Wyart1974,Sugar1974,2795,0,3
2299,36770.64888095335,Sugar1974,Sugar1974,2796,7.27595761418e-12,8
2300,36772.0109952274,Sugar1974,Sugar1974,2797,0,20
2301,36773.87977782164,Sugar1974,Sugar1974,2798,0,3
2302,36808.70082571638,Sugar1974,Sugar1974,2799,0,5
2303,36815.27868720024,Sugar1974,Sugar1974,2800,0,1
2304,36833.56002696726,Sugar1974,Sugar1974,2801,0,4
2305,36833.56002696726,Sugar1974,Sugar1974,2801,0,4
2306,36855.38021359967,Sugar1974,Sugar1974,2803,7.27595761418e-12,5
2307,36857.01037115027,Sugar1974,Sugar1974,2804,0,2
2308,36859.78110644138,Sugar1974,Sugar1974,2805,0,1
2309,36863.20932460378,Sugar1974,Sugar1974,2806,0,9
2310,36866.25104983502,Sugar1974,Sugar1974,2807,7.27595761418e-12,5
2311,36868.40036659384,Sugar1974,Sugar1974,2808,0,2
2312,36875.75929355284,Sugar1974,Sugar1974,2809,7.27595761418e-12,3
2313,36875.86887685575,Sugar1974,Sugar1974,2810,0,4
2314,36879.29165384256,Sugar1974,Sugar1974,2811,7.27595761418e-12,9
2315,36885.34983739587,Sugar1974,Sugar1974,2812,0,40
2316,36887.62080911006,Sugar1974,Sugar1974,2813,0,3
2317,36893.13185140822,Sugar1974,Sugar1974,2814,7.27595761418e-12,4
2318,36895.80136039718,Sugar1974,Sugar1974,2815,7.27595761418e-12,2
2319,36907.6803880489,Sugar1974,Sugar1974,2816,7.27595761418e-12,1
2320,36914.56106533579,Sugar1974,Sugar1974,2817,7.27595761418e-12,9
2321,36924.55882522331,Sugar1974,Sugar1974,2818,7.27595761418e-12,2
2322,36929.72859598196,Sugar1974,Sugar1974,2819,0,1
2323,36931.41915643789,Sugar1974,Sugar1974,2820,7.27595761418e-12,1
2324,36935.61999332792,Sugar1974,Sugar1974,2821,0,5
2325,36947.46938562635,Sugar1974,Sugar1974,2823,7.27595761418e-12,2
2326,36948.62961759564,Sugar1974,Sugar1974,2824,0,4
2327,36954.03902179861,Sugar1974,Sugar1974,2825,0,6
2328,36965.77148639856,Sugar1974,Sugar1974,2826,0,1
2329,36967.19853172616,Sugar1974,Sugar1974,2827,7.27595761418e-12,5
2330,36972.18848684691,Sugar1974,Sugar1974,2828,7.27595761418e-12,2
2331,36977.51957787717,Sugar1974,Sugar1974,2829,7.27595761418e-12,6
2332,36982.82864061832,Sugar1974,Sugar1974,2830,0,2
2333,36987.45024867836,Sugar1974,Sugar1974,2831,0,6
2334,36995.41879112556,Sugar1974,Sugar1974,2832,0,6
2335,36998.25019245021,Sugar1974,Sugar1974,2833,7.27595761418e-12,4
2336,37006.72925134021,Sugar1974,Sugar1974,2834,0,1
2337,37014.78145520452,Sugar1974,Sugar1974,2835,0,1
2338,37017.81106790214,Sugar1974,Sugar1974,2836,0,4
2339,37035.65132120386,Sugar1974,Sugar1974,2838,0,5
2340,37037.91920135969,Sugar1974,Sugar1974,2839,0,2
2341,37050.99958063909,Sugar1974,Sugar1974,2840,7.27595761418e-12,1
2342,37068.21062870898,Sugar1974,Sugar1974,2841,7.27595761418e-12,1
2343,37085.90950700575,Sugar1974,Sugar1974,2842,0,2
2344,37086.50004581764,Sugar1974,Sugar1974,2843,7.27595761418e-12,2
2345,37093.42048192568,Sugar1974,Sugar1974,2844,7.27595761418e-12,3
2346,37125.86017298088,Sugar1974,Sugar1974,2845,0,4
2347,37136.18984429412,Sugar1974,Sugar1974,2846,7.27595761418e-12,6
2348,37142.79937559011,Sugar1974,Sugar1974,2847,0,1
2349,37144.42881671512,Sugar1974,Sugar1974,2848,7.27595761418e-12,5
2350,37146.34169296086,Sugar1974,Sugar1974,2849,7.27595761418e-12,4
2351,37179.38940343814,Sugar1974,Sugar1974,2850,0,8
2352,37179.99884417489,Sugar1974,Sugar1974,2851,0,5
2353,37188.76168943691,Sugar1974,Sugar1974,2852,7.27595761418e-12,7
2354,37191.60033617563,Sugar1974,Sugar1974,2853,0,6
2355,37198.17136975718,Sugar1974,Sugar1974,2855,0,1
2356,37201.67860694363,Sugar1974,Sugar1974,2856,0,8
2357,37206.8918752859,Sugar1974,Sugar1974,2857,0,5
2358,37212.72859975979,Sugar1974,Sugar1974,2858,7.27595761418e-12,3
2359,37214.09905187805,Sugar1974,Sugar1974,2859,7.27595761418e-12,9
2360,37223.2293446672,Sugar1974,Sugar1974,2860,7.27595761418e-12,6
2361,37228.56156504605,Sugar1974,Sugar1974,2861,0,6
2362,37237.70086455276,Sugar1974,Sugar1974,2862,0,3
2363,37243.18065114901,Sugar1974,Sugar1974,2863,7.27595761418e-12,8
2364,37244.66879300385,Sugar1974,Sugar1974,2864,7.27595761418e-12,9
2365,37252.86945069204,Sugar1974,Sugar1974,2865,7.27595761418e-12,4
2366,37255.06059258804,Sugar1974,Sugar1974,2866,7.27595761418e-12,1
2367,37256.740553728,Sugar1974,Sugar1974,2867,0,3
2368,37258.93843597243,Sugar1974,Sugar1974,2868,0,3
2369,37260.86850486998,Sugar1974,Sugar1974,2869,0,1
2370,37262.53073154393,Sugar1974,Sugar1974,2870,7.27595761418e-12,7
2371,37266.21099186005,Sugar1974,Sugar1974,2871,0,4
2372,37286.35064976996,Sugar1974,Sugar1974,2872,0,2
2373,37288.42137155714,Sugar1974,Sugar1974,2873,0,5
2374,37290.53935291158,Sugar1974,Sugar1974,2874,0,1
2375,37297.22987021089,Sugar1974,Sugar1974,2875,0,1
2376,37309.75883737853,Sugar1974,Sugar1974,2876,7.27595761418e-12,70
2377,37321.70890966167,Sugar1974,Sugar1974,2877,0,3
2378,37336.77130585851,Sugar1974,Sugar1974,2878,7.27595761418e-12,6
2379,37340.10887467272,Sugar1974,Sugar1974,2879,0,1
2380,37348.44944588915,Sugar1974,Sugar1974,2880,0,4
2381,37365.10034595719,Sugar1974,Sugar1974,2881,7.27595761418e-12,5
2382,37365.10034595719,Sugar1974,Sugar1974,2881,7.27595761418e-12,5
2383,37374.71044558537,Sugar1974,Sugar1974,2883,0,2
2384,37375.31071908202,Sugar1974,Sugar1974,2884,0,5
2385,37399.26079162795,Sugar1974,Sugar1974,2885,0,5
2386,37404.18919304038,Sugar1974,Sugar1974,2886,0,6
2387,37405.26175360865,Sugar1974,Sugar1974,2887,0,8
2388,37408.80872704642,Sugar1974,Sugar1974,2888,0,5
2389,37413.32931992778,Sugar1974,Sugar1974,2889,0,2
2390,37418.49170297616,Sugar1974,Sugar1974,2890,7.27595761418e-12,5
2391,37422.55894535488,Sugar1974,Sugar1974,2891,0,1
2392,37428.88982791623,Sugar1974,Sugar1974,2892,0,4
2393,37452.85078111735,Sugar1974,Sugar1974,2893,0,6
2394,37452.85078111735,Sugar1974,Sugar1974,2893,0,6
2395,37454.01895214024,Sugar1974,Sugar1974,2895,7.27595761418e-12,4
2396,37467.37984731869,Sugar1974,Sugar1974,2896,0,5
2397,37468.75853815527,Sugar1974,Sugar1974,2897,0,1
2398,37472.82946402017,Sugar1974,Sugar1974,2898,0,5
2399,37476.94140861488,Sugar1974,Sugar1974,2899,0,20
2400,37495.16000010804,Sugar1974,Sugar1974,2900,0,2
2401,37498.11110921141,Sugar1974,Sugar1974,2901,0,1
2402,37501.72940160813,Sugar1974,Sugar1974,2902,0,4
2403,37509.34003353855,Sugar1974,Sugar1974,2903,0,1
2404,37512.46152258007,Sugar1974,Sugar1974,2904,7.27595761418e-12,5
2405,37524.79949360889,Sugar1974,Sugar1974,2905,0,9
2406,37534.61931028331,Sugar1974,Sugar1974,2906,7.27595761418e-12,3
2407,37547.03898607948,Sugar1974,Sugar1974,2907,0,2
2408,37563.78084655001,Sugar1974,Sugar1974,2908,0,4
2409,37568.68021575686,Sugar1974,Sugar1974,2909,0,2
2410,37570.50062925296,Sugar1974,Sugar1974,2910,0,1
2411,37577.09883952981,Sugar1974,Sugar1974,2911,0,2
2412,37585.00916494137,Sugar1974,Sugar1974,2912,7.27595761418e-12,1
2413,37589.17874060825,Sugar1974,Sugar1974,2913,0,2
2414,37607.81084981658,Sugar1974,Sugar1974,2914,0,2
2415,37619.54131762365,Sugar1974,Sugar1974,2915,0,1
2416,37622.24929751736,Sugar1974,Sugar1974,2916,0,1
2417,37626.99044082689,Sugar1974,Sugar1974,2917,0,20
2418,37628.08059092743,Sugar1974,Sugar1974,2918,7.27595761418e-12,4
2419,37638.50932889093,Sugar1974,Sugar1974,2919,7.27595761418e-12,7
2420,37641.31127739653,Sugar1974,Sugar1974,2920,0,1
2421,37673.46979650789,Sugar1974,Sugar1974,2921,0,3
2422,37675.25940483944,Sugar1974,Sugar1974,2922,0,1
2423,37682.91075943312,Sugar1974,Sugar1974,2923,0,1
2424,37715.0103054162,Sugar1974,Sugar1974,2924,7.27595761418e-12,1
2425,37718.65117244388,Sugar1974,Sugar1974,2925,0,1
2426,37721.69970001819,Sugar1974,Sugar1974,2926,0,5
2427,37723.81996008849,Sugar1974,Sugar1974,2927,0,1
2428,37726.69179082515,Sugar1974,Sugar1974,2928,0,2
2429,37732.44927989048,Sugar1974,Sugar1974,2929,7.27595761418e-12,1
2430,37739.46994419074,Sugar1974,Sugar1974,2930,7.27595761418e-12,8
2431,37749.33022929967,Sugar1974,Sugar1974,2931,7.27595761418e-12,2
2432,37752.19863860004,Sugar1974,Sugar1974,2932,0,1
2433,37762.4790191891,Sugar1974,Sugar1974,2933,0,6
2434,37767.09965373603,Sugar1974,Sugar1974,2934,7.27595761418e-12,1
2435,37770.69150236305,Sugar1974,Sugar1974,2935,0,9
2436,37793.61041686052,Sugar1974,Sugar1974,2936,7.27595761418e-12,3
2437,37795.71051653237,Sugar1974,Sugar1974,2937,0,1
2438,37801.42929822328,Sugar1974,Sugar1974,2938,0,20
2439,37804.60037889702,Sugar1974,Sugar1974,2939,0,2
2440,37827.57109724636,Sugar1974,Sugar1974,2940,7.27595761418e-12,6
2441,37833.68863724828,Sugar1974,Sugar1974,2941,0,3
2442,37841.04880913816,Sugar1974,Sugar1974,2942,0,3
2443,37841.04880913816,Sugar1974,Sugar1974,2942,0,3
2444,37842.49099307225,Sugar1974,Sugar1974,2944,0,1
2445,37863.34865254375,Sugar1974,Sugar1974,2945,7.27595761418e-12,4
2446,37868.88060025688,Sugar1974,Sugar1974,2946,0,8
2447,37870.33020583017,Sugar1974,Sugar1974,2947,0,4
2448,37871.76169639081,Sugar1974,Sugar1974,2948,0,2
2449,37883.54902822487,Sugar1974,Sugar1974,2949,0,1
2450,37906.55928104523,Sugar1974,Sugar1974,2950,0,1
2451,37911.17062931809,Sugar1974,Sugar1974,2951,0,3
2452,37914.82123406157,Sugar1974,Sugar1974,2952,0,3
2453,37943.57141538574,Sugar1974,Sugar1974,2953,0,5
2454,37968.41909412712,Sugar1974,Sugar1974,2954,0,3
2455,37992.55879374908,Sugar1974,Sugar1974,2955,0,1
2456,37993.95896138252,Sugar1974,Sugar1974,2956,7.27595761418e-12,4
2457,38000.57030457963,Sugar1974,Sugar1974,2957,7.27595761418e-12,1
2458,38006.2790699225,Sugar1974,Sugar1974,2958,0,1
2459,38012.66139593493,Sugar1974,Sugar1974,2959,0,1
2460,38019.96146075876,Sugar1974,Sugar1974,2960,7.27595761418e-12,7
2461,38024.64989840698,Sugar1974,Sugar1974,2961,0,2
2462,38025.71997341498,Sugar1974,Sugar1974,2962,7.27595761418e-12,7
2463,38031.24857325552,Sugar1974,Sugar1974,2963,0,1
2464,38038.6284788638,Sugar1974,Sugar1974,2964,0,5
2465,38052.91849266707,Sugar1974,Sugar1974,2965,0,1
2466,38055.78107072147,Sugar1974,Sugar1974,2966,7.27595761418e-12,5
2467,38066.3306318821,Sugar1974,Sugar1974,2967,0,2
2468,38069.1412849571,Sugar1974,Sugar1974,2968,0,1
2469,38072.84026982637,Sugar1974,Sugar1974,2969,0,5
2470,38080.32119905594,Sugar1974,Sugar1974,2970,0,7
2471,38085.28158747434,Sugar1974,Sugar1974,2971,0,40
2472,38089.33102627469,Sugar1974,Sugar1974,2972,0,1
2473,38098.15941453834,Sugar1974,Sugar1974,2973,7.27595761418e-12,7
2474,38116.77985532019,Sugar1974,Sugar1974,2974,0,1
2475,38120.93879686865,Sugar1974,Sugar1974,2975,0,5
2476,38127.46122637881,Sugar1974,Sugar1974,2976,7.27595761418e-12,2
2477,38132.23118721922,Sugar1974,Sugar1974,2977,0,5
2478,38139.36053147084,Sugar1974,Sugar1974,2978,0,1
2479,38152.37109331463,Sugar1974,Sugar1974,2979,0,2
2480,38157.35109263044,Sugar1974,Sugar1974,2980,0,1
2481,38160.83139555041,Sugar1974,Sugar1974,2981,7.27595761418e-12,3
2482,38164.60913955443,Sugar1974,Sugar1974,2982,0,1
2483,38168.75996280815,Sugar1974,Sugar1974,2983,0,1
2484,38172.70977817413,Sugar1974,Sugar1974,2984,0,2
2485,38174.31084064203,Sugar1974,Sugar1974,2985,0,2
2486,38179.38866787295,Sugar1974,Sugar1974,2986,7.27595761418e-12,1
2487,38183.61145179207,Sugar1974,Sugar1974,2987,0,6
2488,38189.49081057395,Sugar1974,Sugar1974,2988,0,3
2489,38193.06900667782,Sugar1974,Sugar1974,2989,0,8
2490,38201.72033933537,Sugar1974,Sugar1974,2990,0,4
2491,38203.22147917335,Sugar1974,Sugar1974,2991,0,1
2492,38211.98860903391,Sugar1974,Sugar1974,2992,0,3
2493,38214.20863916689,Sugar1974,Sugar1974,2993,0,1
2494,38220.22148486743,Sugar1974,Sugar1974,2994,7.27595761418e-12,9
2495,38236.14096223816,Sugar1974,Sugar1974,2995,0,9
2496,38244.67013484617,Sugar1974,Sugar1974,2996,0,3
2497,38249.01873785275,Sugar1974,Sugar1974,2997,0,2
2498,38253.24176312148,Sugar1974,Sugar1974,2998,0,3
2499,38259.75997802559,Sugar1974,Sugar1974,2999,0,4
2500,38280.34076402903,Sugar1974,Sugar1974,3000,0,1
2501,38282.27913333883,Sugar1974,Sugar1974,3001,0,3
2502,38283.23003721861,Sugar1974,Sugar1974,3002,0,3
2503,38285.61992741974,Sugar1974,Sugar1974,3003,7.27595761418e-12,7
2504,38288.52093407737,Sugar1974,Sugar1974,3004,0,2
2505,38297.58910827682,Sugar1974,Sugar1974,3005,0,8
2506,38301.73981000654,Sugar1974,Sugar1974,3006,0,6
2507,38313.89098044818,Sugar1974,Sugar1974,3007,0,4
2508,38318.15052161468,Sugar1974,Sugar1974,3008,0,7
2509,38318.15052161468,Sugar1974,Sugar1974,3008,0,7
2510,38323.93965839414,Sugar1974,Sugar1974,3010,0,3
2511,38328.50945665251,Sugar1974,Sugar1974,3011,7.27595761418e-12,6
2512,38333.60932328414,Sugar1974,Sugar1974,3012,0,5
2513,38350.26939849672,Sugar1974,Sugar1974,3013,0,2
2514,38353.94879315333,Sugar1974,Sugar1974,3014,0,5
2515,38355.85970378726,Sugar1974,Sugar1974,3015,0,6
2516,38384.25031259971,Sugar1974,Sugar1974,3016,0,3
2517,38396.20887378843,Sugar1974,Sugar1974,3017,0,6
2518,38397.63901036666,Sugar1974,Sugar1974,3018,7.27595761418e-12,2
2519,38401.01134859562,Sugar1974,Sugar1974,3019,7.27595761418e-12,2
2520,38401.85158827258,Sugar1974,Sugar1974,3020,7.27595761418e-12,1
2521,38410.30967131625,Sugar1974,Sugar1974,3021,0,4
2522,38411.40031650527,Sugar1974,Sugar1974,3022,0,4
2523,38413.91000179126,Sugar1974,Sugar1974,3023,7.27595761418e-12,2
2524,38413.91000179126,Sugar1974,Sugar1974,3023,7.27595761418e-12,2
2525,38417.18904316864,Sugar1974,Sugar1974,3025,0,1
2526,38421.54073296472,Sugar1974,Sugar1974,3026,0,3
2527,38425.7686709726,Sugar1974,Sugar1974,3027,0,1
2528,38435.9596904031,Sugar1974,Sugar1974,3028,0,6
2529,38450.63934567606,Sugar1974,Sugar1974,3029,0,1
2530,38466.08088092968,Sugar1974,Sugar1974,3030,0,1
2531,38469.96024328948,Sugar1974,Sugar1974,3031,7.27595761418e-12,1
2532,38471.81038423906,Sugar1974,Sugar1974,3032,0,4
2533,38479.15861191055,Sugar1974,Sugar1974,3033,0,4
2534,38482.78136188401,Sugar1974,Sugar1974,3034,0,1
2535,38496.78921819771,Sugar1974,Sugar1974,3035,0,9
2536,38509.91025132068,Sugar1974,Sugar1974,3036,0,1
2537,38517.47920396324,Sugar1974,Sugar1974,3037,0,1
2538,38519.68958154262,Sugar1974,Sugar1974,3038,0,9
2539,38532.60150223083,Sugar1974,Sugar1974,3039,7.27595761418e-12,4
2540,38536.91066304743,Sugar1974,Sugar1974,3040,7.27595761418e-12,4
2541,38539.45074996456,Sugar1974,Sugar1974,3041,7.27595761418e-12,6
2542,38545.36880484373,Sugar1974,Sugar1974,3042,0,1
2543,38546.65972359178,Sugar1974,Sugar1974,3043,0,1
2544,38556.33896736005,Sugar1974,Sugar1974,3044,0,5
2545,38562.40135930025,Sugar1974,Sugar1974,3045,0,2
2546,38570.05036608765,Sugar1974,Sugar1974,3046,0,6
2547,38580.02104519794,Sugar1974,Sugar1974,3047,0,3
2548,38593.15962415623,Sugar1974,Sugar1974,3048,0,9
2549,38594.79926166511,Sugar1974,Sugar1974,3049,0,3
2550,38598.3412222098,Sugar1974,Sugar1974,3050,7.27595761418e-12,1
2551,38599.98099637504,Sugar1974,Sugar1974,3051,0,4
2552,38599.98099637504,Sugar1974,Sugar1974,3051,0,4
2553,38604.69098325003,Sugar1974,Sugar1974,3053,0,2
2554,38606.6787179587,Sugar1974,Sugar1974,3054,7.27595761418e-12,5
2555,38609.3898034136,Sugar1974,Sugar1974,3055,0,6
2556,38617.06991893192,Sugar1974,Sugar1974,3056,0,1
2557,38618.75166020391,Sugar1974,Sugar1974,3057,0,2
2558,38631.06885665603,Sugar1974,Sugar1974,3058,7.27595761418e-12,9
2559,38632.66110786688,Sugar1974,Sugar1974,3059,0,20
2560,38640.32103497912,Sugar1974,Sugar1974,3060,0,5
2561,38645.87990538562,Sugar1974,Sugar1974,3061,0,1
2562,38647.31119129952,Sugar1974,Sugar1974,3062,7.27595761418e-12,1
2563,38652.36127517683,Sugar1974,Sugar1974,3063,0,2
2564,38653.73968521325,Sugar1974,Sugar1974,3064,0,1
2565,38657.370269994,Sugar1974,Sugar1974,3065,7.27595761418e-12,1
2566,38662.84074710302,Sugar1974,Sugar1974,3066,0,5
2567,38663.85974015988,Sugar1974,Sugar1974,3067,0,3
2568,38667.74913311481,Sugar1974,Sugar1974,3068,0,4
2569,38676.64930684628,Sugar1974,Sugar1974,3069,0,3
2570,38677.47021692881,Sugar1974,Sugar1974,3070,7.27595761418e-12,6
2571,38683.41059507169,Sugar1974,Sugar1974,3071,0,1
2572,38697.6688706459,Sugar1974,Sugar1974,3072,0,1
2573,38701.86024927442,Sugar1974,Sugar1974,3073,7.27595761418e-12,3
2574,38707.40150925214,Sugar1974,Sugar1974,3074,7.27595761418e-12,1
2575,38714.13149687644,Sugar1974,Sugar1974,3075,0,5
2576,38716.05118649182,Sugar1974,Sugar1974,3076,7.27595761418e-12,5
2577,38717.70096661101,Sugar1974,Sugar1974,3077,0,4
2578,38726.38898462799,Sugar1974,Sugar1974,3079,7.27595761418e-12,1
2579,38726.38898462799,Sugar1974,Sugar1974,3079,7.27595761418e-12,1
2580,38734.78969630309,Sugar1974,Sugar1974,3080,7.27595761418e-12,2
2581,38738.87044604029,Sugar1974,Sugar1974,3081,0,2
2582,38746.75110358197,Sugar1974,Sugar1974,3082,0,3
2583,38748.36013558353,Sugar1974,Sugar1974,3083,0,9
2584,38757.23940301639,Sugar1974,Sugar1974,3084,7.27595761418e-12,1
2585,38761.64025073868,Sugar1974,Sugar1974,3085,0,2
2586,38766.51017330286,Sugar1974,Sugar1974,3086,7.27595761418e-12,9
2587,38768.11970950585,Sugar1974,Sugar1974,3087,0,2
2588,38770.68997063652,Sugar1974,Sugar1974,3088,0,1
2589,38780.16134979424,Sugar1974,Sugar1974,3089,0,2
2590,38794.36993458566,Sugar1974,Sugar1974,3090,0,3
2591,38798.61164109851,Sugar1974,Sugar1974,3091,7.27595761418e-12,2
2592,38801.79080293315,Sugar1974,Sugar1974,3092,0,1
2593,38806.61067709075,Sugar1974,Sugar1974,3093,0,1
2594,38809.59150895074,Sugar1974,Sugar1974,3094,0,1
2595,38818.47014851976,Sugar1974,Sugar1974,3095,0,1
2596,38824.57869411111,Sugar1974,Sugar1974,3096,7.27595761418e-12,7
2597,38825.75054055282,Sugar1974,Sugar1974,3097,0,2
2598,38838.84117256339,Sugar1974,Sugar1974,3098,0,1
2599,38842.35990607202,Sugar1974,Sugar1974,3099,0,3
2600,38854.22143993212,Sugar1974,Sugar1974,3100,7.27595761418e-12,2
2601,38858.06015852046,Sugar1974,Sugar1974,3101,7.27595761418e-12,4
2602,38859.72058717054,Sugar1974,Sugar1974,3102,0,7
2603,38866.23091059878,Sugar1974,Sugar1974,3103,0,2
2604,38867.48912009487,Sugar1974,Sugar1974,3104,0,1
2605,38871.31012576368,Sugar1974,Sugar1974,3105,0,8
2606,38873.01948155162,Sugar1974,Sugar1974,3106,7.27595761418e-12,2
2607,38882.55939190235,Sugar1974,Sugar1974,3107,0,1
2608,38884.56980060464,Sugar1974,Sugar1974,3108,7.27595761418e-12,9
2609,38884.56980060464,Sugar1974,Sugar1974,3108,7.27595761418e-12,9
2610,38891.40891848105,Sugar1974,Sugar1974,3110,0,4
2611,38896.27957010386,Sugar1974,Sugar1974,3111,0,4
2612,38908.50991234626,Sugar1974,Sugar1974,3112,7.27595761418e-12,1
2613,38910.91923634552,Sugar1974,Sugar1974,3113,0,9
2614,38912.08109908875,Sugar1974,Sugar1974,3114,7.27595761418e-12,6
2615,38913.41891709422,Sugar1974,Sugar1974,3115,0,1
2616,38924.50895215358,Sugar1974,Sugar1974,3116,7.27595761418e-12,6
2617,38924.50895215358,Sugar1974,Sugar1974,3116,7.27595761418e-12,6
2618,38930.81058825411,Sugar1974,Sugar1974,3118,7.27595761418e-12,7
2619,38940.38001009903,Sugar1974,Sugar1974,3119,0,2
2620,38962.58065380658,Sugar1974,Sugar1974,3120,0,1
2621,38964.11874387085,Sugar1974,Sugar1974,3121,0,1
2622,38966.59038014823,Sugar1974,Sugar1974,3122,7.27595761418e-12,8
2623,38969.41889425119,Sugar1974,Sugar1974,3123,0,1
2624,38974.6592460513,Sugar1974,Sugar1974,3124,0,1
2625,38982.13129832187,Sugar1974,Sugar1974,3125,0,4
2626,38989.23115534039,Sugar1974,Sugar1974,3126,0,2
2627,38991.33068078686,Sugar1974,Sugar1974,3127,0,2
2628,38997.87068955759,Sugar1974,Sugar1974,3128,0,7
2629,39023.76148954994,Sugar1974,Sugar1974,3129,7.27595761418e-12,6
2630,39029.00864586516,Sugar1974,Sugar1974,3130,0,4
2631,39030.92161342155,Sugar1974,Sugar1974,3131,0,1
2632,39030.92161342155,Sugar1974,Sugar1974,3131,0,1
2633,39043.85036827658,Sugar1974,Sugar1974,3133,0,5
2634,39051.99157932858,Sugar1974,Sugar1974,3134,7.27595761418e-12,1
2635,39052.84985188195,Sugar1974,Sugar1974,3135,0,1
2636,39061.820424766,Sugar1974,Sugar1974,3136,7.27595761418e-12,2
2637,39066.1402989292,Sugar1974,Sugar1974,3137,7.27595761418e-12,9
2638,39071.01036310106,Sugar1974,Sugar1974,3138,7.27595761418e-12,5
2639,39073.11953479761,Sugar1974,Sugar1974,3139,0,4
2640,39082.60115266719,Sugar1974,Sugar1974,3140,0,1
2641,39091.6687573845,Sugar1974,Sugar1974,3141,0,3
2642,39093.42111727848,Sugar1974,Sugar1974,3142,0,1
2643,39099.46085365835,Sugar1974,Sugar1974,3143,7.27595761418e-12,4
2644,39102.64110630998,Sugar1974,Sugar1974,3144,0,6
2645,39104.61900876245,Sugar1974,Sugar1974,3145,0,6
2646,39108.68870231786,Sugar1974,Sugar1974,3146,0,4
2647,39116.4410585505,Sugar1974,Sugar1974,3147,0,9
2648,39121.80025963602,Sugar1974,Sugar1974,3148,7.27595761418e-12,7
2649,39121.80025963602,Sugar1974,Sugar1974,3148,7.27595761418e-12,7
2650,39124.09919745355,Sugar1974,Sugar1974,3150,0,2
2651,39124.97001099291,Sugar1974,Sugar1974,3151,0,1
2652,39127.52915696524,Sugar1974,Sugar1974,3152,0,1
2653,39128.98059517262,Sugar1974,Sugar1974,3153,0,1
2654,39138.66091688629,Sugar1974,Sugar1974,3154,7.27595761418e-12,1
2655,39149.51119948381,Sugar1974,Sugar1974,3155,0,1
2656,39152.02951476094,Sugar1974,Sugar1974,3156,7.27595761418e-12,3
2657,39152.96109618325,Sugar1974,Sugar1974,3157,0,5
2658,39168.04058551395,Sugar1974,Sugar1974,3158,7.27595761418e-12,5
2659,39169.2094683546,Sugar1974,Sugar1974,3159,0,2
2660,39171.44965496773,Sugar1974,Sugar1974,3160,0,4
2661,39172.63019229903,Sugar1974,Sugar1974,3161,0,1
2662,39175.04015403704,Sugar1974,Sugar1974,3162,0,7
2663,39180.58083733435,Sugar1974,Sugar1974,3163,0,9
2664,39183.94874930145,Sugar1974,Sugar1974,3164,0,9
2665,39185.75942221021,Sugar1974,Sugar1974,3165,7.27595761418e-12,5
2666,39186.28007940654,Sugar1974,Sugar1974,3166,0,5
2667,39193.45129472817,Sugar1974,Sugar1974,3167,0,5
2668,39196.69899141812,Sugar1974,Sugar1974,3168,0,3
2669,39198.78901555222,Sugar1974,Sugar1974,3169,0,3
2670,39201.73933735467,Sugar1974,Sugar1974,3170,0,4
2671,39211.13057383859,Sugar1974,Sugar1974,3171,0,1
2672,39224.65133767329,Sugar1974,Sugar1974,3172,0,1
2673,39225.45141551568,Sugar1974,Sugar1974,3173,0,2
2674,39229.77994927466,Sugar1974,Sugar1974,3174,0,1
2675,39236.47913646651,Sugar1974,Sugar1974,3175,0,9
2676,39253.7908245571,Sugar1974,Sugar1974,3176,0,3
2677,39262.59152014495,Sugar1974,Sugar1974,3177,0,8
2678,39267.15991972667,Sugar1974,Sugar1974,3178,0,5
2679,39268.74950670852,Sugar1974,Sugar1974,3179,0,9
2680,39271.97065282473,Sugar1974,Sugar1974,3180,0,5
2681,39282.15891676507,Sugar1974,Sugar1974,3181,7.27595761418e-12,3
2682,39282.60116521045,Sugar1974,Sugar1974,3182,0,3
2683,39287.96016708698,Sugar1974,Sugar1974,3183,0,1
2684,39289.36164590673,Sugar1974,Sugar1974,3184,7.27595761418e-12,2
2685,39301.87884465568,Sugar1974,Sugar1974,3185,0,1
2686,39303.22008335606,Sugar1974,Sugar1974,3186,0,6
2687,39307.28127789577,Sugar1974,Sugar1974,3187,0,1
2688,39315.66068420108,Sugar1974,Sugar1974,3188,0,1
2689,39322.52944919944,Sugar1974,Sugar1974,3189,0,1
2690,39337.31982866526,Sugar1974,Sugar1974,3190,0,1
2691,39339.14879060419,Sugar1974,Sugar1974,3191,7.27595761418e-12,1
2692,39341.52995619624,Sugar1974,Sugar1974,3192,0,8
2693,39346.96132403402,Sugar1974,Sugar1974,3193,0,2
2694,39348.65073198397,Sugar1974,Sugar1974,3194,7.27595761418e-12,4
2695,39353.43955578819,Sugar1974,Sugar1974,3195,7.27595761418e-12,7
2696,39358.72043538703,Sugar1974,Sugar1974,3196,0,3
2697,39360.95083702119,Sugar1974,Sugar1974,3197,0,8
2698,39361.99033474576,Sugar1974,Sugar1974,3198,0,5
2699,39368.26957244029,Sugar1974,Sugar1974,3199,7.27595761418e-12,2
2700,39380.73891164318,Sugar1974,Sugar1974,3200,0,6
2701,39383.65081461419,Sugar1974,Sugar1974,3202,7.27595761418e-12,9
2702,39383.65081461419,Sugar1974,Sugar1974,3202,7.27595761418e-12,9
2703,39395.26027417745,Sugar1974,Sugar1974,3203,0,3
2704,39403.25916820947,Sugar1974,Sugar1974,3204,0,2
2705,39408.73998417032,Sugar1974,Sugar1974,3205,0,8
2706,39410.26068816682,Sugar1974,Sugar1974,3206,0,7
2707,39419.84999357718,Sugar1974,Sugar1974,3207,0,4
2708,39421.18903749603,Sugar1974,Sugar1974,3208,7.27595761418e-12,7
2709,39435.83132871448,Sugar1974,Sugar1974,3209,7.27595761418e-12,4
2710,39439.63013155539,Sugar1974,Sugar1974,3210,0,9
2711,39441.79093481838,Sugar1974,Sugar1974,3211,0,5
2712,39447.47101883723,Sugar1974,Sugar1974,3212,0,6
2713,39452.93925399749,Sugar1974,Sugar1974,3213,0,9
2714,39456.84164913341,Sugar1974,Sugar1974,3214,7.27595761418e-12,9
2715,39472.37915897285,Sugar1974,Sugar1974,3215,0,3
2716,39480.76095271153,Sugar1974,Sugar1974,3216,0,3
2717,39483.77074382924,Sugar1974,Sugar1974,3217,0,7
2718,39488.32893123451,Sugar1974,Sugar1974,3218,0,6
2719,39493.13022413167,Sugar1974,Sugar1974,3219,0,9
2720,39496.04951111608,Sugar1974,Sugar1974,3220,0,1
2721,39498.7002951368,Sugar1974,Sugar1974,3221,7.27595761418e-12,1
2722,39503.5888425942,Sugar1974,Sugar1974,3222,7.27595761418e-12,4
2723,39506.569291208,Sugar1974,Sugar1974,3223,0,9
2724,39517.43885072933,Sugar1974,Sugar1974,3224,7.27595761418e-12,5
2725,39518.09060877316,Sugar1974,Sugar1974,3225,0,4
2726,39522.71892159214,Sugar1974,Sugar1974,3226,0,2
2727,39527.71902261883,Sugar1974,Sugar1974,3227,0,9
2728,39533.2802925439,Sugar1974,Sugar1974,3228,7.27595761418e-12,4
2729,39533.73126418232,Sugar1974,Sugar1974,3229,0,7
2730,39539.91008178445,Sugar1974,Sugar1974,3230,0,2
2731,39542.58130855904,Sugar1974,Sugar1974,3231,0,3
2732,39545.85101586914,Sugar1974,Sugar1974,3232,7.27595761418e-12,3
2733,39551.81120507047,Sugar1974,Sugar1974,3233,0,1
2734,39566.41950991539,Sugar1974,Sugar1974,3234,0,1
2735,39590.12117923257,Sugar1974,Sugar1974,3235,0,8
2736,39595.92872298119,Sugar1974,Sugar1974,3236,0,5
2737,39601.21032776179,Sugar1974,Sugar1974,3237,0,6
2738,39611.11046680791,Sugar1974,Sugar1974,3238,7.27595761418e-12,6
2739,39613.48045118555,Sugar1974,Sugar1974,3239,0,3
2740,39622.13055334006,Sugar1974,Sugar1974,3240,0,5
2741,39624.86126742623,Sugar1974,Sugar1974,3241,7.27595761418e-12,1
2742,39638.46987477051,Sugar1974,Sugar1974,3242,0,2
2743,39644.22068151776,Sugar1974,Sugar1974,3243,7.27595761418e-12,1
2744,39654.53930225397,Sugar1974,Sugar1974,3244,0,7
2745,39658.21953546585,Sugar1974,Sugar1974,3245,7.27595761418e-12,6
2746,39659.09981716256,Sugar1974,Sugar1974,3246,0,4
2747,39660.18141277664,Sugar1974,Sugar1974,3247,0,2
2748,39668.91960748765,Sugar1974,Sugar1974,3248,7.27595761418e-12,5
2749,39671.9098397409,Sugar1974,Sugar1974,3249,7.27595761418e-12,8
2750,39682.06879692835,Sugar1974,Sugar1974,3250,0,2
2751,39684.61929092532,Sugar1974,Sugar1974,3251,0,9
2752,39688.47920640356,Sugar1974,Sugar1974,3252,0,1
2753,39689.78142978338,Sugar1974,Sugar1974,3253,0,1
2754,39696.97035302767,Sugar1974,Sugar1974,3254,0,1
2755,39703.43136924474,Sugar1974,Sugar1974,3255,0,1
2756,39709.75956159223,Sugar1974,Sugar1974,3256,7.27595761418e-12,8
2757,39710.70138556168,Sugar1974,Sugar1974,3257,7.27595761418e-12,9
2758,39719.05015664074,Sugar1974,Sugar1974,3258,0,1
2759,39728.34913305518,Sugar1974,Sugar1974,3259,7.27595761418e-12,1
2760,39731.96072894565,Sugar1974,Sugar1974,3260,7.27595761418e-12,4
2761,39741.77015435636,Sugar1974,Sugar1974,3261,0,7
2762,39748.75125225575,Sugar1974,Sugar1974,3262,0,7
2763,39751.03005390253,Sugar1974,Sugar1974,3263,0,7
2764,39751.03005390253,Sugar1974,Sugar1974,3263,0,7
2765,39757.96995769357,Sugar1974,Sugar1974,3265,7.27595761418e-12,2
2766,39763.0111677488,Sugar1974,Sugar1974,3266,0,1
2767,39765.43110766993,Sugar1974,Sugar1974,3267,0,1
2768,39768.83135196245,Sugar1974,Sugar1974,3268,0,1
2769,39772.34912332499,Sugar1974,Sugar1974,3269,0,5
2770,39785.51150016838,Sugar1974,Sugar1974,3270,0,4
2771,39787.27078497176,Sugar1974,Sugar1974,3271,7.27595761418e-12,4
2772,39790.4399423324,Sugar1974,Sugar1974,3272,0,1
2773,39800.84917053385,Sugar1974,Sugar1974,3273,0,1
2774,39808.26108762297,Sugar1974,Sugar1974,3274,7.27595761418e-12,8
2775,39810.97127228734,Sugar1974,Sugar1974,3275,7.27595761418e-12,9
2776,39818.95001182132,Sugar1974,Sugar1974,3276,0,2
2777,39821.88119634651,Sugar1974,Sugar1974,3277,0,7
2778,39823.23070565823,Sugar1974,Sugar1974,3278,0,7
2779,39826.38982600168,Sugar1974,Sugar1974,3279,0,1
2780,39827.18075599154,Sugar1974,Sugar1974,3280,0,7
2781,39840.65921342502,Sugar1974,Sugar1974,3281,7.27595761418e-12,7
2782,39843.59130488923,Sugar1974,Sugar1974,3282,0,1
2783,39849.56884369943,Sugar1974,Sugar1974,3283,0,4
2784,39850.63004378333,Sugar1974,Sugar1974,3284,0,5
2785,39851.12073151663,Sugar1974,Sugar1974,3285,0,5
2786,39870.89087731417,Sugar1974,Sugar1974,3286,7.27595761418e-12,1
2787,39871.8608656875,Sugar1974,Sugar1974,3287,0,1
2788,39884.55897434019,Sugar1974,Sugar1974,3288,7.27595761418e-12,1
2789,39892.62145178044,Sugar1974,Sugar1974,3289,0,3
2790,39902.4308427482,Sugar1974,Sugar1974,3290,0,1
2791,39903.86896786045,Sugar1974,Sugar1974,3291,0,1
2792,39908.83891431302,Sugar1974,Sugar1974,3292,0,1
2793,39910.65066667046,Sugar1974,Sugar1974,3293,0,3
2794,39915.43074137587,Sugar1974,Sugar1974,3294,0,2
2795,39917.56948582049,Sugar1974,Sugar1974,3295,0,2
2796,39924.16930336852,Sugar1974,Sugar1974,3296,0,2
2797,39930.19139243,Sugar1974,Sugar1974,3297,7.27595761418e-12,5
2798,39931.48908501807,Sugar1974,Sugar1974,3298,0,3
2799,39932.63144299792,Sugar1974,Sugar1974,3299,7.27595761418e-12,5
2800,39933.78099804732,Sugar1974,Sugar1974,3300,0,5
2801,39936.36936013724,Sugar1974,Sugar1974,3301,7.27595761418e-12,1
2802,39937.481258455,Sugar1974,Sugar1974,3302,0,1
2803,39939.82994335479,Sugar1974,Sugar1974,3303,7.27595761418e-12,8
2804,39941.47092899181,Sugar1974,Sugar1974,3304,0,8
2805,39942.86044980987,Sugar1974,Sugar1974,3305,0,1
2806,39945.54076814646,Sugar1974,Sugar1974,3306,0,6
2807,39946.30966972454,Sugar1974,Sugar1974,3307,0,7
2808,39947.5887971526,Sugar1974,Sugar1974,3308,7.27595761418e-12,5
2809,39953.85991776511,Sugar1974,Sugar1974,3309,0,1
2810,39955.63059264489,Sugar1974,Sugar1974,3310,0,2
2811,39956.51010603255,Sugar1974,Sugar1974,3311,7.27595761418e-12,1
2812,39960.64908779657,Sugar1974,Sugar1974,3312,0,1
2813,39964.57896396858,Sugar1974,Sugar1974,3313,7.27595761418e-12,1
2814,39972.30997291131,Sugar1974,Sugar1974,3314,0,5
2815,39974.48098892131,Sugar1974,Sugar1974,3315,0,1
2816,39980.65113181576,Sugar1974,Sugar1974,3316,0,3
2817,39981.72148064576,Sugar1974,Sugar1974,3317,0,4
2818,39983.81998549234,Sugar1974,Sugar1974,3318,0,1
2819,39988.4593849587,Sugar1974,Sugar1974,3319,7.27595761418e-12,10
2820,39992.96965308383,Sugar1974,Sugar1974,3320,0,6
2821,39994.40961950216,Sugar1974,Sugar1974,3321,7.27595761418e-12,7
2822,40000.20034009575,Sugar1974,Sugar1974,3322,0,5
2823,40004.9208177101,Sugar1974,Sugar1974,3323,7.27595761418e-12,1
2824,40008.17076665033,Sugar1974,Sugar1974,3324,0,5
2825,40015.20069302116,Sugar1974,Sugar1974,3325,0,1
2826,40015.20069302116,Sugar1974,Sugar1974,3325,0,1
2827,40017.04122902377,Wyart1974,Sugar1974,3327,7.27595761418e-12,9
2828,40018.42053921941,Sugar1974,Sugar1974,3328,0,1
2829,40022.41025729969,Sugar1974,Sugar1974,3329,7.27595761418e-12,1
2830,40025.05130768859,Sugar1974,Sugar1974,3330,0,1
2831,40032.13955932516,Sugar1974,Sugar1974,3331,0,2
2832,40033.69093649074,Sugar1974,Sugar1974,3332,0,2
2833,40047.27886517515,Sugar1974,Sugar1974,3333,0,1
2834,40048.57149797061,Sugar1974,Sugar1974,3334,0,1
2835,40053.08107257772,Sugar1974,Sugar1974,3335,0,7
2836,40058.70022365123,Sugar1974,Sugar1974,3336,7.27595761418e-12,2
2837,40059.92019345682,Sugar1974,Sugar1974,3337,0,10
2838,40062.08938189069,Sugar1974,Sugar1974,3338,0,10
2839,40064.15966157693,Sugar1974,Sugar1974,3339,0,3
2840,40065.28074822919,Sugar1974,Sugar1974,3340,0,2
2841,40070.40145135509,Sugar1974,Sugar1974,3341,0,3
2842,40074.93130033201,Sugar1974,Sugar1974,3342,7.27595761418e-12,3
2843,40075.85008655474,Sugar1974,Sugar1974,3343,0,1
2844,40079.0798682567,Sugar1974,Sugar1974,3344,0,1
2845,40080.94094723793,Sugar1974,Sugar1974,3345,0,10
2846,40084.17095789305,Sugar1974,Sugar1974,3346,0,1
2847,40089.20120815383,Sugar1974,Sugar1974,3347,0,6
2848,40091.80963127167,Sugar1974,Sugar1974,3348,0,8
2849,40101.71131534345,Sugar1974,Sugar1974,3349,0,6
2850,40104.01140340076,Sugar1974,Sugar1974,3350,7.27595761418e-12,2
2851,40106.73109563196,Sugar1974,Sugar1974,3351,7.27595761418e-12,6
2852,40110.74015374107,Sugar1974,Sugar1974,3352,0,6
2853,40116.74109533034,Sugar1974,Sugar1974,3353,0,10
2854,40122.44088390053,Sugar1974,Sugar1974,3354,0,1
2855,40127.16043679538,Sugar1974,Sugar1974,3355,7.27595761418e-12,6
2856,40128.5913970857,Sugar1974,Sugar1974,3356,0,2
2857,40131.01032938534,Sugar1974,Sugar1974,3357,0,1
2858,40138.56933152479,Sugar1974,Sugar1974,3358,0,1
2859,40145.40039653367,Sugar1974,Sugar1974,3359,0,9
2860,40150.60970843113,Sugar1974,Sugar1974,3360,7.27595761418e-12,5
2861,40160.68979569098,Sugar1974,Sugar1974,3361,0,2
2862,40163.20891761727,Sugar1974,Sugar1974,3362,7.27595761418e-12,5
2863,40169.19080945887,Sugar1974,Sugar1974,3363,0,10
2864,40170.62982656416,Sugar1974,Sugar1974,3364,0,8
2865,40172.93933560402,Sugar1974,Sugar1974,3365,0,3
2866,40175.14978749098,Sugar1974,Sugar1974,3366,7.27595761418e-12,3
2867,40177.36030673923,Sugar1974,Sugar1974,3367,7.27595761418e-12,3
2868,40180.83077185911,Sugar1974,Sugar1974,3368,0,2
2869,40184.83946553469,Sugar1974,Sugar1974,3369,0,6
2870,40186.77900248994,Sugar1974,Sugar1974,3370,7.27595761418e-12,8
2871,40191.49104659172,Sugar1974,Sugar1974,3371,0,6
2872,40192.15895868872,Sugar1974,Sugar1974,3372,0,1
2873,40194.62959610178,Sugar1974,Sugar1974,3373,0,5
2874,40199.34938133774,Sugar1974,Sugar1974,3374,7.27595761418e-12,5
2875,40204.6689762883,Sugar1974,Sugar1974,3375,0,9
2876,40226.77999266569,Sugar1974,Sugar1974,3376,0,10
2877,40228.39961536217,Sugar1974,Sugar1974,3377,0,1
2878,40231.29897480034,Sugar1974,Sugar1974,3378,0,9
2879,40234.12989464599,Sugar1974,Sugar1974,3379,0,1
2880,40235.74968083776,Sugar1974,Sugar1974,3380,0,10
2881,40242.210234796,Sugar1974,Sugar1974,3381,7.27595761418e-12,3
2882,40245.69103320023,Sugar1974,Sugar1974,3382,0,10
2883,40247.62048163386,Sugar1974,Sugar1974,3383,7.27595761418e-12,3
2884,40253.77989639465,Sugar1974,Sugar1974,3384,0,5
2885,40256.76055421358,Sugar1974,Sugar1974,3385,0,10
2886,40257.83052019811,Sugar1974,Sugar1974,3386,0,6
2887,40260.2492902165,Sugar1974,Sugar1974,3387,0,4
2888,40266.53969909316,Sugar1974,Sugar1974,3388,0,5
2889,40268.5689594479,Sugar1974,Sugar1974,3389,0,1
2890,40270.59102986285,Sugar1974,Sugar1974,3390,0,6
2891,40271.69911772668,Sugar1974,Sugar1974,3392,7.27595761418e-12,7
2892,40271.69911772668,Sugar1974,Sugar1974,3392,7.27595761418e-12,7
2893,40273.33145070641,Sugar1974,Sugar1974,3393,0,1
2894,40274.81044928393,Sugar1974,Sugar1974,3394,0,6
2895,40276.36978832764,Sugar1974,Sugar1974,3395,0,1
2896,40278.08978524785,Sugar1974,Sugar1974,3396,0,1
2897,40281.65985594711,Sugar1974,Sugar1974,3397,0,9
2898,40283.00906498112,Sugar1974,Sugar1974,3398,7.27595761418e-12,1
2899,40293.75120021845,Sugar1974,Sugar1974,3399,0,10
2900,40299.1490775077,Sugar1974,Sugar1974,3400,0,9
2901,40302.4908733911,Sugar1974,Sugar1974,3401,0,9
2902,40303.76012612975,Sugar1974,Sugar1974,3402,0,3
2903,40306.37904069107,Sugar1974,Sugar1974,3403,0,5
2904,40306.66972693043,Sugar1974,Sugar1974,3404,0,5
2905,40310.78018788303,Sugar1974,Sugar1974,3405,0,10
2906,40322.04928802445,Sugar1974,Sugar1974,3406,0,5
2907,40332.21109408775,Sugar1974,Sugar1974,3407,7.27595761418e-12,2
2908,40333.93965801479,Sugar1974,Sugar1974,3408,7.27595761418e-12,2
2909,40337.66147749824,Sugar1974,Sugar1974,3409,0,10
2910,40339.21043276487,Sugar1974,Sugar1974,3410,0,1
2911,40346.6313504039,Sugar1974,Sugar1974,3411,0,1
2912,40354.74140516769,Sugar1974,Sugar1974,3412,0,1
2913,40356.30970482666,Sugar1974,Sugar1974,3413,0,9
2914,40371.30037339147,Sugar1974,Sugar1974,3414,0,5
2915,40374.48014841247,Sugar1974,Sugar1974,3415,0,5
2916,40376.40125595177,Sugar1974,Sugar1974,3416,0,1
2917,40380.5491322449,Sugar1974,Sugar1974,3417,0,2
2918,40383.09035243365,Sugar1974,Sugar1974,3418,7.27595761418e-12,1
2919,40386.23991698534,Sugar1974,Sugar1974,3419,0,5
2920,40391.06980695497,Sugar1974,Sugar1974,3420,0,8
2921,40391.06980695497,Sugar1974,Sugar1974,3420,0,8
2922,40396.50108334594,Sugar1974,Sugar1974,3422,0,3
2923,40402.93893021723,Sugar1974,Sugar1974,3423,7.27595761418e-12,1
2924,40407.01957099955,Sugar1974,Sugar1974,3424,7.27595761418e-12,1
2925,40417.62001517435,Sugar1974,Sugar1974,3425,0,10
2926,40424.35084384897,Sugar1974,Sugar1974,3426,7.27595761418e-12,2
2927,40434.70059047088,Sugar1974,Sugar1974,3427,0,5
2928,40454.72964129993,Sugar1974,Sugar1974,3428,0,8
2929,40457.5792382852,Sugar1974,Sugar1974,3429,0,6
2930,40476.93948039426,Sugar1974,Sugar1974,3430,7.27595761418e-12,1
2931,40484.95087090052,Sugar1974,Sugar1974,3431,0,6
2932,40490.52945058086,Sugar1974,Sugar1974,3432,0,10
2933,40496.03963610254,Sugar1974,Sugar1974,3433,0,1
2934,40497.54940298499,Sugar1974,Sugar1974,3434,0,2
2935,40503.15968693953,Sugar1974,Sugar1974,3435,0,10
2936,40504.58904251673,Sugar1974,Sugar1974,3436,0,5
2937,40508.60927275751,Sugar1974,Sugar1974,3437,0,9
2938,40512.28114123915,Sugar1974,Sugar1974,3438,7.27595761418e-12,2
2939,40515.51958729726,Sugar1974,Sugar1974,3439,0,9
2940,40518.22939617316,Sugar1974,Sugar1974,3440,7.27595761418e-12,1
2941,40527.49036783986,Sugar1974,Sugar1974,3441,0,6
2942,40527.49036783986,Sugar1974,Sugar1974,3441,0,6
2943,40531.07083898367,Sugar1974,Sugar1974,3443,7.27595761418e-12,2
2944,40535.55983575723,Sugar1974,Sugar1974,3444,0,7
2945,40536.24991308912,Sugar1974,Sugar1974,3445,7.27595761418e-12,7
2946,40540.68940424666,Sugar1974,Sugar1974,3446,0,6
2947,40547.18063269842,Sugar1974,Sugar1974,3447,0,2
2948,40551.21044651667,Sugar1974,Sugar1974,3448,0,2
2949,40556.87013151272,Sugar1974,Sugar1974,3449,0,1
2950,40561.51015979538,Sugar1974,Sugar1974,3450,0,1
2951,40567.63086425878,Sugar1974,Sugar1974,3451,7.27595761418e-12,4
2952,40575.48910629123,Sugar1974,Sugar1974,3452,0,1
2953,40583.75135970089,Sugar1974,Sugar1974,3453,7.27595761418e-12,8
2954,40590.34887089595,Sugar1974,Sugar1974,3454,0,10
2955,40596.54082427762,Sugar1974,Sugar1974,3455,0,1
2956,40598.88107882038,Sugar1974,Sugar1974,3456,0,1
2957,40602.21122502704,Sugar1974,Sugar1974,3457,0,10
2958,40626.23920335759,Sugar1974,Sugar1974,3458,0,10
2959,40627.77064417634,Sugar1974,Sugar1974,3459,0,6
2960,40638.39028966687,Sugar1974,Sugar1974,3460,0,3
2961,40639.54930672954,Sugar1974,Sugar1974,3461,0,6
2962,40640.68927453556,Sugar1974,Sugar1974,3462,0,7
2963,40641.8791426596,Sugar1974,Sugar1974,3463,0,10
2964,40647.92121767924,Sugar1974,Sugar1974,3464,0,7
2965,40649.54112272645,Wyart1974,Sugar1974,3465,0,8
2966,40667.15100965205,Sugar1974,Sugar1974,3466,0,1
2967,40672.23074783605,Sugar1974,Sugar1974,3467,0,6
2968,40692.09942011305,Sugar1974,Sugar1974,3468,0,1
2969,40696.40119573045,Sugar1974,Sugar1974,3469,7.27595761418e-12,1
2970,40704.47096467756,Sugar1974,Sugar1974,3470,0,3
2971,40705.73084127583,Sugar1974,Sugar1974,3471,0,1
2972,40708.73084186192,Sugar1974,Sugar1974,3472,0,2
2973,40715.04987296743,Sugar1974,Sugar1974,3473,0,2
2974,40718.91086797505,Sugar1974,Sugar1974,3474,0,6
2975,40719.54092287578,Sugar1974,Sugar1974,3475,0,3
2976,40723.85891294014,Sugar1974,Sugar1974,3476,0,10
2977,40727.52059423662,Sugar1974,Sugar1974,3477,0,10
2978,40741.11130366698,Sugar1974,Sugar1974,3478,7.27595761418e-12,5
2979,40749.13142053325,Sugar1974,Sugar1974,3479,0,1
2980,40750.4610858753,Sugar1974,Sugar1974,3480,0,1
2981,40756.59107110622,Sugar1974,Sugar1974,3481,0,10
2982,40757.24053617325,Sugar1974,Sugar1974,3482,7.27595761418e-12,10
2983,40767.7106308416,Sugar1974,Sugar1974,3483,7.27595761418e-12,1
2984,40767.7106308416,Sugar1974,Sugar1974,3483,7.27595761418e-12,1
2985,40770.30890174133,Sugar1974,Sugar1974,3485,0,10
2986,40773.18062844055,Sugar1974,Sugar1974,3486,7.27595761418e-12,6
2987,40780.05027340408,Sugar1974,Sugar1974,3487,0,1
2988,40780.98067746469,Sugar1974,Sugar1974,3488,7.27595761418e-12,2
2989,40790.20006991552,Sugar1974,Sugar1974,3489,0,5
2990,40799.22062195656,Sugar1974,Sugar1974,3490,0,7
2991,40801.18922943246,Sugar1974,Sugar1974,3491,0,1
2992,40803.63131568903,Sugar1974,Sugar1974,3492,0,1
2993,40803.63131568903,Sugar1974,Sugar1974,3492,0,1
2994,40805.50005505024,Sugar1974,Sugar1974,3494,7.27595761418e-12,4
2995,40805.50005505024,Sugar1974,Sugar1974,3494,7.27595761418e-12,4
2996,40810.03021005423,Sugar1974,Sugar1974,3496,0,1
2997,40834.680916865,Sugar1974,Sugar1974,3497,0,10
2998,40845.66023760878,Sugar1974,Sugar1974,3498,0,8
2999,40857.82992587634,Sugar1974,Sugar1974,3499,0,10
3000,40869.58950164852,Sugar1974,Sugar1974,3500,0,5
3001,40871.34064019279,Sugar1974,Sugar1974,3501,7.27595761418e-12,1
3002,40879.28013360703,Sugar1974,Sugar1974,3502,0,10
3003,40888.52894321031,Sugar1974,Sugar1974,3503,0,10
3004,40889.31051687199,Sugar1974,Sugar1974,3504,0,9
3005,40901.35900260889,Sugar1974,Sugar1974,3505,0,4
3006,40902.2908634644,Sugar1974,Sugar1974,3506,0,1
3007,40921.34137474621,Sugar1974,Sugar1974,3507,0,7
3008,40925.95048256615,Sugar1974,Sugar1974,3508,0,1
3009,40932.11945785846,Sugar1974,Sugar1974,3509,0,1
3010,40939.99890230108,Sugar1974,Sugar1974,3510,0,1
3011,40943.6310689188,Sugar1974,Sugar1974,3511,7.27595761418e-12,8
3012,40948.36081286144,Sugar1974,Sugar1974,3512,7.27595761418e-12,3
3013,40951.86964586332,Sugar1974,Sugar1974,3513,0,4
3014,40953.93052543959,Sugar1974,Sugar1974,3514,7.27595761418e-12,7
3015,40965.59123298209,Sugar1974,Sugar1974,3515,7.27595761418e-12,4
3016,40970.88075104223,Sugar1974,Sugar1974,3516,7.27595761418e-12,1
3017,40975.81992603365,Sugar1974,Sugar1974,3517,0,9
3018,40994.25027449869,Sugar1974,Sugar1974,3518,7.27595761418e-12,10
3019,40999.10986056531,Sugar1974,Sugar1974,3519,0,5
3020,41010.62991906004,Sugar1974,Sugar1974,3520,0,5
3021,41012.51101916812,Sugar1974,Sugar1974,3521,7.27595761418e-12,3
3022,41020.54015080106,Sugar1974,Sugar1974,3522,0,8
3023,41023.48899900969,Sugar1974,Sugar1974,3523,7.27595761418e-12,10
3024,41040.02076781991,Sugar1974,Sugar1974,3524,7.27595761418e-12,10
3025,41042.22999544339,Sugar1974,Sugar1974,3525,0,2
3026,41048.53059625546,Sugar1974,Sugar1974,3526,0,3
3027,41059.64048628227,Sugar1974,Sugar1974,3527,0,6
3028,41065.64893490632,Sugar1974,Sugar1974,3528,0,10
3029,41069.17040626281,Sugar1974,Sugar1974,3529,0,10
3030,41078.60114567688,Sugar1974,Sugar1974,3530,7.27595761418e-12,1
3031,41086.65921449253,Sugar1974,Sugar1974,3531,0,3
3032,41094.49080623562,Sugar1974,Sugar1974,3532,0,7
3033,41103.48034144865,Sugar1974,Sugar1974,3533,7.27595761418e-12,2
3034,41110.79995104267,Sugar1974,Sugar1974,3534,0,9
3035,41118.45977515553,Sugar1974,Sugar1974,3535,7.27595761418e-12,8
3036,41134.41065380975,Sugar1974,Sugar1974,3536,0,10
3037,41136.10129958257,Sugar1974,Sugar1974,3537,0,3
3038,41145.19899451821,Sugar1974,Sugar1974,3538,7.27595761418e-12,1
3039,41147.19111644942,Sugar1974,Sugar1974,3539,0,1
3040,41148.37994518123,Sugar1974,Sugar1974,3540,0,1
3041,41163.81104660194,Sugar1974,Sugar1974,3541,0,1
3042,41193.15891820665,Sugar1974,Sugar1974,3542,7.27595761418e-12,10
3043,41202.08137587397,Sugar1974,Sugar1974,3543,0,2
3044,41205.24099487418,Sugar1974,Sugar1974,3544,7.27595761418e-12,10
3045,41210.91918514512,Sugar1974,Sugar1974,3545,0,1
3046,41213.88995392239,Sugar1974,Sugar1974,3546,7.27595761418e-12,1
3047,41217.35897538406,Sugar1974,Sugar1974,3547,0,2
3048,41224.08901743242,Sugar1974,Sugar1974,3548,0,3
3049,41227.96054398421,Wyart1974,Sugar1974,3549,7.27595761418e-12,6
3050,41230.68064462797,Sugar1974,Sugar1974,3550,0,6
3051,41232.24920265762,Sugar1974,Sugar1974,3551,0,5
3052,41235.95110194376,Sugar1974,Sugar1974,3552,7.27595761418e-12,2
3053,41240.87004235468,Sugar1974,Sugar1974,3553,7.27595761418e-12,5
3054,41242.38110049552,Sugar1974,Sugar1974,3554,0,1
3055,41242.94890385497,Sugar1974,Sugar1974,3555,0,1
3056,41246.70899855481,Sugar1974,Sugar1974,3556,0,3
3057,41250.92915172584,Sugar1974,Sugar1974,3557,0,3
3058,41255.74102434651,Sugar1974,Sugar1974,3558,0,7
3059,41260.61089822759,Sugar1974,Sugar1974,3559,0,6
3060,41262.7213116403,Sugar1974,Sugar1974,3560,0,5
3061,41271.39133542719,Sugar1974,Sugar1974,3561,7.27595761418e-12,1
3062,41273.43994198379,Sugar1974,Sugar1974,3562,7.27595761418e-12,1
3063,41279.94990843307,Sugar1974,Sugar1974,3563,0,5
3064,41290.02134080375,Sugar1974,Sugar1974,3564,0,8
3065,41296.54008750024,Sugar1974,Sugar1974,3565,0,1
3066,41298.58933397856,Sugar1974,Sugar1974,3566,0,1
3067,41305.85899648908,Sugar1974,Sugar1974,3567,0,6
3068,41327.69116105302,Sugar1974,Sugar1974,3568,7.27595761418e-12,10
3069,41349.21104383302,Sugar1974,Sugar1974,3569,0,10
3070,41367.05965088341,Sugar1974,Sugar1974,3570,7.27595761418e-12,3
3071,41369.12994805884,Sugar1974,Sugar1974,3571,0,1
3072,41382.79112574038,Sugar1974,Sugar1974,3572,7.27595761418e-12,4
3073,41386.71933959334,Sugar1974,Sugar1974,3573,0,4
3074,41403.18956580211,Sugar1974,Sugar1974,3574,0,6
3075,41411.95046215745,Sugar1974,Sugar1974,3575,7.27595761418e-12,1
3076,41414.9006129742,Sugar1974,Sugar1974,3576,7.27595761418e-12,7
3077,41423.770985541,Sugar1974,Sugar1974,3577,0,7
3078,41439.94947640991,Sugar1974,Sugar1974,3578,7.27595761418e-12,10
3079,41443.00888445641,Sugar1974,Sugar1974,3579,0,1
3080,41446.71914414105,Sugar1974,Sugar1974,3580,0,5
3081,41448.1599931684,Sugar1974,Sugar1974,3581,7.27595761418e-12,1
3082,41455.87918068682,Sugar1974,Sugar1974,3582,7.27595761418e-12,1
3083,41457.25050292376,Sugar1974,Sugar1974,3583,0,4
3084,41464.26926280188,Sugar1974,Sugar1974,3584,7.27595761418e-12,1
3085,41473.79906049907,Sugar1974,Sugar1974,3585,0,2
3086,41475.94923613495,Sugar1974,Sugar1974,3586,7.27595761418e-12,2
3087,41484.56979796957,Sugar1974,Sugar1974,3587,0,10
3088,41495.26040447043,Sugar1974,Sugar1974,3588,0,1
3089,41512.37014578126,Sugar1974,Sugar1974,3589,7.27595761418e-12,10
3090,41514.00952885735,Sugar1974,Sugar1974,3590,0,1
3091,41514.57924270102,Sugar1974,Sugar1974,3591,7.27595761418e-12,1
3092,41526.0291256229,Sugar1974,Sugar1974,3592,0,1
3093,41530.21955174534,Sugar1974,Sugar1974,3593,0,7
3094,41531.94086494535,Sugar1974,Sugar1974,3594,0,1
3095,41534.58083155871,Sugar1974,Sugar1974,3595,7.27595761418e-12,4
3096,41537.98071568439,Sugar1974,Sugar1974,3596,0,6
3097,41544.31936806599,Wyart1974,Sugar1974,3597,0,7
3098,41553.24112685519,Sugar1974,Sugar1974,3598,0,2
3099,41557.66905718714,Sugar1974,Sugar1974,3599,0,10
3100,41564.26901682156,Sugar1974,Sugar1974,3600,7.27595761418e-12,1
3101,41610.0708569173,Sugar1974,Sugar1974,3601,0,6
3102,41614.69945591408,Sugar1974,Sugar1974,3602,0,1
3103,41639.41082861531,Sugar1974,Sugar1974,3603,0,7
3104,41641.89085396113,Sugar1974,Sugar1974,3604,0,8
3105,41643.94004082624,Sugar1974,Sugar1974,3605,0,4
3106,41656.12017298867,Sugar1974,Sugar1974,3606,7.27595761418e-12,1
3107,41659.24125938334,Sugar1974,Sugar1974,3607,0,10
3108,41669.50917064152,Sugar1974,Sugar1974,3608,0,1
3109,41687.68022518055,Sugar1974,Sugar1974,3609,0,9
3110,41691.45081121816,Sugar1974,Sugar1974,3610,7.27595761418e-12,6
3111,41707.90916490499,Sugar1974,Sugar1974,3611,0,8
3112,41733.20082964779,Sugar1974,Sugar1974,3612,0,10
3113,41744.21901890622,Sugar1974,Sugar1974,3613,0,6
3114,41747.02059782408,Sugar1974,Sugar1974,3614,0,5
3115,41757.25939550931,Sugar1974,Sugar1974,3615,0,4
3116,41757.97065174941,Sugar1974,Sugar1974,3616,0,7
3117,41762.99908823409,Sugar1974,Sugar1974,3617,0,4
3118,41777.34034040936,Sugar1974,Sugar1974,3618,7.27595761418e-12,6
3119,41802.47943443588,Sugar1974,Sugar1974,3619,0,5
3120,41816.83059589421,Sugar1974,Sugar1974,3620,7.27595761418e-12,6
3121,41818.94972120973,Sugar1974,Sugar1974,3621,7.27595761418e-12,5
3122,41823.28935574186,Sugar1974,Sugar1974,3622,0,2
3123,41826.71922383129,Sugar1974,Sugar1974,3623,0,6
3124,41830.79109276439,Sugar1974,Sugar1974,3624,0,4
3125,41837.48032343225,Sugar1974,Sugar1974,3625,7.27595761418e-12,4
3126,41840.00063356532,Sugar1974,Sugar1974,3626,0,5
3127,41845.44971422325,Sugar1974,Sugar1974,3627,0,1
3128,41848.47976489346,Sugar1974,Sugar1974,3628,0,4
3129,41873.31128400621,Sugar1974,Sugar1974,3629,0,3
3130,41877.19034963757,Sugar1974,Sugar1974,3630,0,7
3131,41881.92951416682,Sugar1974,Sugar1974,3631,0,5
3132,41884.7313221654,Sugar1974,Sugar1974,3632,0,6
3133,41920.21022087555,Sugar1974,Sugar1974,3633,7.27595761418e-12,5
3134,41924.65959863956,Sugar1974,Sugar1974,3634,7.27595761418e-12,4
3135,41927.54043912682,Sugar1974,Sugar1974,3635,0,5
3136,41951.48905736562,Sugar1974,Sugar1974,3636,7.27595761418e-12,3
3137,41954.93918421768,Sugar1974,Sugar1974,3637,7.27595761418e-12,4
3138,41958.3700323891,Sugar1974,Sugar1974,3638,0,6
3139,41965.06064029565,Sugar1974,Sugar1974,3639,0,7
3140,41966.85985309338,Sugar1974,Sugar1974,3640,0,1
3141,41978.5092452995,Sugar1974,Sugar1974,3641,0,2
3142,41985.54020006397,Sugar1974,Sugar1974,3642,0,3
3143,42003.0904439264,Sugar1974,Sugar1974,3643,0,4
3144,42010.5205703842,Sugar1974,Sugar1974,3644,0,5
3145,42015.8197233876,Sugar1974,Sugar1974,3645,0,1
3146,42017.6512860362,Sugar1974,Sugar1974,3646,0,3
3147,42019.35014839049,Sugar1974,Sugar1974,3647,0,4
3148,42022.12083767167,Sugar1974,Sugar1974,3648,0,10
3149,42023.99897271906,Sugar1974,Sugar1974,3649,7.27595761418e-12,6
3150,42026.43086370538,Sugar1974,Sugar1974,3650,0,3
3151,42030.44101089633,Sugar1974,Sugar1974,3651,7.27595761418e-12,5
3152,42035.10986654441,Sugar1974,Sugar1974,3652,0,2
3153,42038.18117841223,Sugar1974,Sugar1974,3653,7.27595761418e-12,10
3154,42045.45023778638,Sugar1974,Sugar1974,3654,0,7
3155,42056.02941532764,Sugar1974,Sugar1974,3655,0,5
3156,42056.8910811784,Sugar1974,Sugar1974,3656,0,4
3157,42058.15015047144,Sugar1974,Sugar1974,3657,0,4
3158,42064.87120604494,Sugar1974,Sugar1974,3658,0,3
3159,42064.87120604494,Sugar1974,Sugar1974,3658,0,3
3160,42072.87909010071,Sugar1974,Sugar1974,3660,0,8
3161,42074.29065413879,Sugar1974,Sugar1974,3661,0,4
3162,42077.76083519258,Sugar1974,Sugar1974,3662,0,5
3163,42081.94079282785,Sugar1974,Sugar1974,3663,0,5
3164,42102.80040522152,Sugar1974,Sugar1974,3664,0,6
3165,42109.89121867573,Sugar1974,Sugar1974,3665,0,4
3166,42117.34895578342,Sugar1974,Sugar1974,3666,0,4
3167,42123.36031363063,Sugar1974,Sugar1974,3667,7.27595761418e-12,7
3168,42143.3511478908,Sugar1974,Sugar1974,3668,0,9
3169,42144.97033995368,Sugar1974,Sugar1974,3669,0,4
3170,42146.89005442092,Sugar1974,Sugar1974,3670,7.27595761418e-12,2
3171,42154.63959673929,Sugar1974,Sugar1974,3671,0,3
3172,42157.42977061783,Sugar1974,Sugar1974,3673,7.27595761418e-12,9
3173,42157.42977061783,Sugar1974,Sugar1974,3673,7.27595761418e-12,9
3174,42162.94011430247,Sugar1974,Sugar1974,3674,0,7
3175,42178.20052988028,Sugar1974,Sugar1974,3675,0,4
3176,42180.7805990072,Sugar1974,Sugar1974,3676,0,6
3177,42183.68083328533,Wyart1974,Sugar1974,3677,7.27595761418e-12,6
3178,42190.21918041941,Sugar1974,Sugar1974,3678,0,2
3179,42193.36955664528,Sugar1974,Sugar1974,3679,0,2
3180,42197.57023354655,Sugar1974,Sugar1974,3680,0,10
3181,42203.00091763246,Sugar1974,Sugar1974,3681,0,10
3182,42206.40922338473,Sugar1974,Sugar1974,3682,7.27595761418e-12,6
3183,42210.22002702898,Sugar1974,Sugar1974,3683,0,5
3184,42212.43000862391,Sugar1974,Sugar1974,3684,0,6
3185,42219.97011166694,Sugar1974,Sugar1974,3685,0,5
3186,42219.97011166694,Sugar1974,Sugar1974,3685,0,5
3187,42221.34080493949,Sugar1974,Sugar1974,3687,7.27595761418e-12,1
3188,42224.67950162978,Sugar1974,Sugar1974,3688,7.27595761418e-12,4
3189,42225.80034446875,Sugar1974,Sugar1974,3689,0,3
3190,42238.41094997709,Sugar1974,Sugar1974,3690,7.27595761418e-12,1
3191,42256.15980870446,Sugar1974,Sugar1974,3691,0,8
3192,42261.16012988309,Sugar1974,Sugar1974,3692,7.27595761418e-12,10
3193,42268.50094192418,Sugar1974,Sugar1974,3693,7.27595761418e-12,7
3194,42269.3993998728,Sugar1974,Sugar1974,3694,0,6
3195,42279.28058899647,Sugar1974,Sugar1974,3695,0,8
3196,42283.35984883455,Sugar1974,Sugar1974,3696,7.27595761418e-12,7
3197,42292.46087779475,Sugar1974,Sugar1974,3697,0,1
3198,42292.96110172027,Sugar1974,Sugar1974,3698,0,1
3199,42308.48042347772,Sugar1974,Sugar1974,3699,0,1
3200,42318.38120209874,Sugar1974,Sugar1974,3700,0,2
3201,42319.99934519344,Sugar1974,Sugar1974,3701,7.27595761418e-12,4
3202,42321.5708835511,Sugar1974,Sugar1974,3702,0,1
3203,42323.75987732288,Sugar1974,Sugar1974,3703,0,6
3204,42329.38909216124,Sugar1974,Sugar1974,3704,0,5
3205,42340.35932405651,Sugar1974,Sugar1974,3705,0,6
3206,42345.82924946112,Sugar1974,Sugar1974,3706,7.27595761418e-12,5
3207,42347.85086927052,Sugar1974,Sugar1974,3707,0,3
3208,42351.02972239091,Sugar1974,Sugar1974,3708,0,5
3209,42354.68974605141,Sugar1974,Sugar1974,3709,0,5
3210,42354.68974605141,Sugar1974,Sugar1974,3709,0,5
3211,42364.8493425557,Sugar1974,Sugar1974,3711,0,2
3212,42365.99909347681,Sugar1974,Sugar1974,3712,0,2
3213,42370.96992412303,Sugar1974,Sugar1974,3713,7.27595761418e-12,6
3214,42372.85124228205,Sugar1974,Sugar1974,3714,0,5
3215,42381.89008411486,Sugar1974,Sugar1974,3715,7.27595761418e-12,4
3216,42383.72070802414,Sugar1974,Sugar1974,3716,0,4
3217,42402.5603872361,Sugar1974,Sugar1974,3717,0,3
3218,42404.10959923686,Sugar1974,Sugar1974,3718,0,3
3219,42405.81928153264,Sugar1974,Sugar1974,3719,0,5
3220,42410.67091651106,Sugar1974,Sugar1974,3720,0,3
3221,42427.77045177265,Sugar1974,Sugar1974,3721,7.27595761418e-12,3
3222,42430.32971882761,Sugar1974,Sugar1974,3722,0,4
3223,42445.15095058401,Sugar1974,Sugar1974,3723,0,2
3224,42449.10018158235,Sugar1974,Sugar1974,3724,0,3
3225,42450.90074765068,Sugar1974,Sugar1974,3725,0,6
3226,42451.62098412093,Sugar1974,Sugar1974,3726,0,5
3227,42460.31099227225,Sugar1974,Sugar1974,3727,0,4
3228,42462.15085732377,Sugar1974,Sugar1974,3728,7.27595761418e-12,3
3229,42465.580106725,Sugar1974,Sugar1974,3729,0,2
3230,42471.47987449954,Sugar1974,Sugar1974,3730,0,3
3231,42473.35904794869,Sugar1974,Sugar1974,3731,0,9
3232,42479.7801279195,Sugar1974,Sugar1974,3732,0,4
3233,42481.74953392486,Sugar1974,Sugar1974,3733,7.27595761418e-12,4
3234,42494.06055841852,Sugar1974,Sugar1974,3734,0,5
3235,42500.47121370544,Sugar1974,Sugar1974,3735,7.27595761418e-12,3
3236,42539.17084812527,Sugar1974,Sugar1974,3736,0,9
3237,42546.84984790716,Sugar1974,Sugar1974,3737,7.27595761418e-12,3
3238,42562.15110825337,Sugar1974,Sugar1974,3738,0,4
3239,42564.36126752386,Sugar1974,Sugar1974,3739,0,2
3240,42588.35079533268,Sugar1974,Sugar1974,3740,7.27595761418e-12,2
3241,42599.89108867432,Sugar1974,Sugar1974,3741,0,5
3242,42614.7690675553,Sugar1974,Sugar1974,3742,0,2
3243,42616.45123963317,Sugar1974,Sugar1974,3743,0,3
3244,42630.84939624957,Sugar1974,Sugar1974,3744,0,4
3245,42635.28076171051,Sugar1974,Sugar1974,3745,0,3
3246,42640.46900217294,Sugar1974,Sugar1974,3746,0,3
3247,42664.12018623808,Sugar1974,Sugar1974,3747,0,5
3248,42678.50968777831,Sugar1974,Sugar1974,3748,0,1
3249,42691.3200407383,Sugar1974,Sugar1974,3749,7.27595761418e-12,2
3250,42698.63034110554,Sugar1974,Sugar1974,3750,0,4
3251,42710.65051819655,Sugar1974,Sugar1974,3751,0,2
3252,42724.77985301322,Sugar1974,Sugar1974,3752,0,3
3253,42726.2596130103,Sugar1974,Sugar1974,3753,7.27595761418e-12,7
3254,42727.86120170393,Sugar1974,Sugar1974,3754,7.27595761418e-12,9
3255,42727.86120170393,Sugar1974,Sugar1974,3754,7.27595761418e-12,9
3256,42733.45086115116,Sugar1974,Sugar1974,3756,7.27595761418e-12,1
3257,42736.5401923489,Sugar1974,Sugar1974,3757,0,3
3258,42741.54928616528,Sugar1974,Sugar1974,3758,0,2
3259,42747.43033282706,Sugar1974,Sugar1974,3759,0,3
3260,42750.90102492946,Sugar1974,Sugar1974,3760,0,1
3261,42755.10985505123,Sugar1974,Sugar1974,3761,0,3
3262,42768.14997233689,Sugar1974,Sugar1974,3762,0,9
3263,42769.35940153767,Sugar1974,Sugar1974,3763,7.27595761418e-12,9
3264,42771.3896269016,Sugar1974,Sugar1974,3764,7.27595761418e-12,2
3265,42775.70934195589,Sugar1974,Sugar1974,3765,0,2
3266,42778.23067070085,Sugar1974,Sugar1974,3766,0,2
3267,42792.69950408766,Sugar1974,Sugar1974,3767,7.27595761418e-12,10
3268,42795.51970701716,Sugar1974,Sugar1974,3768,7.27595761418e-12,2
3269,42797.42090577144,Sugar1974,Sugar1974,3769,0,6
3270,42819.40028003679,Sugar1974,Sugar1974,3770,0,1
3271,42820.15071897453,Sugar1974,Sugar1974,3771,0,2
3272,42836.79085452741,Sugar1974,Sugar1974,3772,0,5
3273,42839.82053884758,Sugar1974,Sugar1974,3773,0,5
3274,42841.62031459835,Sugar1974,Sugar1974,3774,0,3
3275,42857.72942821949,Sugar1974,Sugar1974,3775,0,5
3276,42859.7496583819,Sugar1974,Sugar1974,3776,0,5
3277,42861.67950325456,Sugar1974,Sugar1974,3777,7.27595761418e-12,5
3278,42866.12116758129,Sugar1974,Sugar1974,3778,0,1
3279,42871.62026820072,Sugar1974,Sugar1974,3779,0,4
3280,42891.1901150643,Sugar1974,Sugar1974,3780,7.27595761418e-12,5
3281,42898.05114731708,Sugar1974,Sugar1974,3781,7.27595761418e-12,6
3282,42913.24904041098,Sugar1974,Sugar1974,3782,7.27595761418e-12,7
3283,42915.30974347242,Sugar1974,Sugar1974,3783,0,2
3284,42916.50915620151,Sugar1974,Sugar1974,3784,7.27595761418e-12,9
3285,42920.20988702032,Sugar1974,Sugar1974,3785,0,9
3286,42921.88915648893,Sugar1974,Sugar1974,3786,7.27595761418e-12,5
3287,42922.8291101134,Sugar1974,Sugar1974,3787,0,1
3288,42924.35901006879,Sugar1974,Sugar1974,3788,0,6
3289,42927.24982013692,Sugar1974,Sugar1974,3789,0,6
3290,42929.51918426342,Wyart1974,Sugar1974,3790,7.27595761418e-12,7
3291,42931.8910155023,Sugar1974,Sugar1974,3791,7.27595761418e-12,10
3292,42934.03070431436,Sugar1974,Sugar1974,3792,0,7
3293,42940.7412177019,Sugar1974,Sugar1974,3793,0,5
3294,42964.71918359804,Sugar1974,Sugar1974,3794,0,1
3295,42966.3795923735,Sugar1974,Sugar1974,3795,0,1
3296,42973.26927937893,Sugar1974,Sugar1974,3796,0,8
3297,42975.42955776057,Sugar1974,Sugar1974,3797,0,1
3298,42976.6809621828,Sugar1974,Sugar1974,3798,0,7
3299,42977.71973218252,Sugar1974,Sugar1974,3799,0,6
3300,42982.20970454318,Sugar1974,Sugar1974,3800,0,9
3301,42983.94904256908,Sugar1974,Sugar1974,3801,0,1
3302,42990.80069081193,Sugar1974,Sugar1974,3802,0,4
3303,42997.2590266805,Sugar1974,Sugar1974,3803,0,2
3304,43001.12018483054,Sugar1974,Sugar1974,3804,0,1
3305,43006.41023827594,Sugar1974,Sugar1974,3805,7.27595761418e-12,6
3306,43007.94922594949,Sugar1974,Sugar1974,3806,7.27595761418e-12,7
3307,43025.45125942097,Sugar1974,Sugar1974,3807,0,1
3308,43027.9196266202,Sugar1974,Sugar1974,3808,0,1
3309,43029.21105027461,Sugar1974,Sugar1974,3809,7.27595761418e-12,3
3310,43043.36954828304,Sugar1974,Sugar1974,3810,0,8
3311,43053.22976707438,Sugar1974,Sugar1974,3811,0,6
3312,43058.3492313869,Sugar1974,Sugar1974,3812,0,5
3313,43059.18024728302,Sugar1974,Sugar1974,3813,0,2
3314,43060.88939377526,Sugar1974,Sugar1974,3814,0,5
3315,43065.67063860542,Sugar1974,Sugar1974,3815,0,1
3316,43073.39028752749,Sugar1974,Sugar1974,3816,7.27595761418e-12,2
3317,43082.67042993786,Sugar1974,Sugar1974,3817,0,10
3318,43082.67042993786,Sugar1974,Sugar1974,3817,0,10
3319,43086.0699154469,Sugar1974,Sugar1974,3819,7.27595761418e-12,3
3320,43088.0001804324,Sugar1974,Sugar1974,3820,0,3
3321,43101.30020795669,Sugar1974,Sugar1974,3821,0,10
3322,43101.30020795669,Wyart1974,Sugar1974,3821,0,10
3323,43103.40016121423,Sugar1974,Sugar1974,3822,0,3
3324,43105.94927220916,Sugar1974,Sugar1974,3823,0,1
3325,43109.29053344108,Sugar1974,Sugar1974,3824,0,10
3326,43112.21020737221,Sugar1974,Sugar1974,3825,0,10
3327,43115.48070467229,Sugar1974,Sugar1974,3826,0,10
3328,43115.48070467229,Wyart1974,Sugar1974,3826,0,10
3329,43120.61124968213,Sugar1974,Sugar1974,3827,0,10
3330,43124.54002327159,Sugar1974,Sugar1974,3828,0,10
3331,43126.19903364604,Sugar1974,Sugar1974,3829,7.27595761418e-12,5
3332,43134.40024227797,Sugar1974,Sugar1974,3830,7.27595761418e-12,5
3333,43142.29069651203,Sugar1974,Sugar1974,3831,7.27595761418e-12,9
3334,43144.62007201288,Sugar1974,Sugar1974,3832,0,1
3335,43148.21090151207,Sugar1974,Sugar1974,3833,7.27595761418e-12,7
3336,43152.62951772416,Sugar1974,Sugar1974,3834,7.27595761418e-12,1
3337,43166.8408626309,Sugar1974,Sugar1974,3835,7.27595761418e-12,2
3338,43168.83959873492,Sugar1974,Sugar1974,3836,0,2
3339,43174.78112906075,Sugar1974,Sugar1974,3837,0,10
3340,43178.16000332273,Sugar1974,Sugar1974,3838,0,1
3341,43183.66039544493,Sugar1974,Sugar1974,3839,0,1
3342,43187.80066971279,Sugar1974,Sugar1974,3840,0,1
3343,43189.4410686615,Sugar1974,Sugar1974,3841,0,1
3344,43194.9498710797,Sugar1974,Sugar1974,3842,0,2
3345,43198.6094454561,Sugar1974,Sugar1974,3843,0,10
3346,43200.88107040293,Sugar1974,Sugar1974,3844,0,3
3347,43202.35990333676,Sugar1974,Sugar1974,3845,0,3
3348,43204.52116507824,Sugar1974,Sugar1974,3846,0,6
3349,43208.29932749298,Sugar1974,Sugar1974,3847,7.27595761418e-12,6
3350,43214.92936678456,Sugar1974,Sugar1974,3848,7.27595761418e-12,7
3351,43217.95076469157,Sugar1974,Sugar1974,3849,7.27595761418e-12,6
3352,43220.45932567542,Sugar1974,Sugar1974,3850,0,6
3353,43222.62098980905,Sugar1974,Sugar1974,3851,7.27595761418e-12,1
3354,43239.22089997413,Sugar1974,Sugar1974,3852,0,6
3355,43249.73916473219,Sugar1974,Sugar1974,3853,7.27595761418e-12,10
3356,43252.61948863367,Sugar1974,Sugar1974,3854,0,10
3357,43254.78964461192,Sugar1974,Sugar1974,3855,0,1
3358,43257.74119814746,Sugar1974,Sugar1974,3856,0,1
3359,43262.38946119987,Sugar1974,Sugar1974,3857,0,1
3360,43266.78940723551,Sugar1974,Sugar1974,3858,0,4
3361,43272.08932259545,Sugar1974,Sugar1974,3859,0,3
3362,43274.35072219111,Sugar1974,Sugar1974,3860,0,1
3363,43277.76056182032,Sugar1974,Sugar1974,3861,0,2
3364,43284.93972460651,Sugar1974,Sugar1974,3862,7.27595761418e-12,1
3365,43288.23938972571,Sugar1974,Sugar1974,3863,7.27595761418e-12,1
3366,43291.16029366481,Sugar1974,Sugar1974,3864,0,7
3367,43293.63908224332,Sugar1974,Sugar1974,3865,7.27595761418e-12,9
3368,43293.63908224332,Sugar1974,Sugar1974,3865,7.27595761418e-12,9
3369,43295.60098194634,Sugar1974,Sugar1974,3867,7.27595761418e-12,1
3370,43298.97990185984,Sugar1974,Sugar1974,3868,0,1
3371,43301.66028307557,Sugar1974,Sugar1974,3869,0,5
3372,43306.55928028571,Sugar1974,Sugar1974,3870,0,10
3373,43309.67020263364,Sugar1974,Sugar1974,3871,0,2
3374,43313.38911364914,Sugar1974,Sugar1974,3872,7.27595761418e-12,3
3375,43314.099792008,Sugar1974,Sugar1974,3873,7.27595761418e-12,6
3376,43315.93958670866,Sugar1974,Sugar1974,3874,0,1
3377,43318.62043197623,Sugar1974,Sugar1974,3875,7.27595761418e-12,10
3378,43321.96068992585,Sugar1974,Sugar1974,3876,0,10
3379,43325.79065374376,Sugar1974,Sugar1974,3877,0,6
3380,43327.80044549958,Sugar1974,Sugar1974,3878,7.27595761418e-12,2
3381,43329.9405992848,Sugar1974,Sugar1974,3879,0,2
3382,43331.72929067024,Sugar1974,Sugar1974,3880,0,1
3383,43334.24077803415,Sugar1974,Sugar1974,3881,0,9
3384,43340.59066313095,Sugar1974,Sugar1974,3882,0,3
3385,43359.63083996539,Sugar1974,Sugar1974,3883,0,3
3386,43364.99084066893,Sugar1974,Sugar1974,3884,0,1
3387,43368.3799480755,Sugar1974,Sugar1974,3885,7.27595761418e-12,8
3388,43369.73094532693,Sugar1974,Sugar1974,3886,7.27595761418e-12,8
3389,43381.7401339608,Sugar1974,Sugar1974,3887,0,2
3390,43385.6394507376,Sugar1974,Sugar1974,3888,7.27595761418e-12,6
3391,43391.88979272117,Sugar1974,Sugar1974,3889,0,7
3392,43393.88119062204,Sugar1974,Sugar1974,3890,7.27595761418e-12,9
3393,43395.67104633585,Sugar1974,Sugar1974,3891,0,6
3394,43397.21986035117,Sugar1974,Sugar1974,3892,0,5
3395,43398.65023043937,Sugar1974,Sugar1974,3893,0,6
3396,43399.78030587263,Sugar1974,Sugar1974,3894,7.27595761418e-12,2
3397,43405.98010708662,Sugar1974,Sugar1974,3895,0,7
3398,43407.46984355142,Sugar1974,Sugar1974,3896,0,1
3399,43409.12952086415,Sugar1974,Sugar1974,3897,0,5
3400,43410.16098051088,Sugar1974,Sugar1974,3898,0,5
3401,43415.87919426257,Sugar1974,Sugar1974,3899,0,7
3402,43416.98971812673,Sugar1974,Sugar1974,3900,0,1
3403,43420.32916967294,Sugar1974,Sugar1974,3901,0,1
3404,43422.77952054916,Sugar1974,Sugar1974,3902,7.27595761418e-12,1
3405,43444.40034614431,Sugar1974,Sugar1974,3903,0,9
3406,43453.03014816104,Sugar1974,Sugar1974,3904,0,9
3407,43458.50961677321,Sugar1974,Sugar1974,3905,0,4
3408,43469.12941787425,Sugar1974,Sugar1974,3906,0,1
3409,43472.43110490961,Sugar1974,Sugar1974,3907,0,1
3410,43474.68100286547,Sugar1974,Sugar1974,3908,0,6
3411,43480.71912588198,Sugar1974,Sugar1974,3909,0,1
3412,43484.93072298842,Sugar1974,Sugar1974,3910,0,6
3413,43487.46953515514,Sugar1974,Sugar1974,3911,0,6
3414,43491.66946990442,Sugar1974,Sugar1974,3912,7.27595761418e-12,6
3415,43493.14072810489,Sugar1974,Sugar1974,3913,0,8
3416,43496.03964900336,Sugar1974,Sugar1974,3914,0,1
3417,43504.21103626905,Sugar1974,Sugar1974,3915,0,3
3418,43506.20055054919,Sugar1974,Sugar1974,3916,0,8
3419,43510.29048621727,Sugar1974,Sugar1974,3917,7.27595761418e-12,5
3420,43511.75006979571,Sugar1974,Sugar1974,3918,0,8
3421,43513.89006361503,Sugar1974,Sugar1974,3919,0,1
3422,43514.6693011179,Sugar1974,Sugar1974,3920,0,1
3423,43530.33898208837,Sugar1974,Sugar1974,3921,7.27595761418e-12,2
3424,43543.3204431277,Sugar1974,Sugar1974,3922,7.27595761418e-12,4
3425,43552.6390280929,Sugar1974,Sugar1974,3923,0,7
3426,43560.73962668503,Sugar1974,Sugar1974,3924,7.27595761418e-12,9
3427,43560.73962668503,Sugar1974,Sugar1974,3924,7.27595761418e-12,9
3428,43562.25928250933,Sugar1974,Sugar1974,3926,0,8
3429,43564.68921419263,Sugar1974,Sugar1974,3927,0,8
3430,43567.13115592143,Sugar1974,Sugar1974,3928,0,9
3431,43568.84087927202,Sugar1974,Sugar1974,3929,0,8
3432,43570.95036114117,Sugar1974,Sugar1974,3930,0,1
3433,43573.45962680736,Sugar1974,Sugar1974,3931,0,1
3434,43577.35036994497,Sugar1974,Sugar1974,3932,0,5
3435,43586.60081349446,Sugar1974,Sugar1974,3933,0,7
3436,43588.42957219531,Sugar1974,Sugar1974,3934,0,1
3437,43591.01058070541,Sugar1974,Sugar1974,3935,7.27595761418e-12,1
3438,43594.56936616224,Sugar1974,Sugar1974,3936,7.27595761418e-12,1
3439,43599.31996709797,Sugar1974,Sugar1974,3937,7.27595761418e-12,8
3440,43605.95923169333,Sugar1974,Sugar1974,3938,7.27595761418e-12,8
3441,43606.90944141933,Sugar1974,Sugar1974,3939,0,8
3442,43615.39040964659,Sugar1974,Sugar1974,3940,0,8
3443,43620.89031190893,Sugar1974,Sugar1974,3941,0,1
3444,43630.59998095836,Sugar1974,Sugar1974,3942,0,1
3445,43631.81968331584,Sugar1974,Sugar1974,3943,0,5
3446,43640.80956404434,Sugar1974,Sugar1974,3944,0,1
3447,43647.11091365057,Sugar1974,Sugar1974,3945,0,1
3448,43650.06955442247,Sugar1974,Sugar1974,3946,0,9
3449,43654.5295325406,Sugar1974,Sugar1974,3947,0,5
3450,43656.30013170544,Sugar1974,Sugar1974,3948,0,5
3451,43669.1307986816,Sugar1974,Sugar1974,3949,7.27595761418e-12,5
3452,43683.48046032825,Sugar1974,Sugar1974,3950,7.27595761418e-12,2
3453,43684.70080019545,Sugar1974,Sugar1974,3952,7.27595761418e-12,5
3454,43684.70080019545,Sugar1974,Sugar1974,3952,7.27595761418e-12,5
3455,43690.31918648166,Sugar1974,Sugar1974,3953,0,9
3456,43696.73048989407,Sugar1974,Sugar1974,3954,0,1
3457,43700.2492752368,Sugar1974,Sugar1974,3955,0,3
3458,43702.32973534313,Sugar1974,Sugar1974,3956,0,2
3459,43704.00998000888,Sugar1974,Sugar1974,3957,0,5
3460,43707.52116753736,Sugar1974,Sugar1974,3958,0,1
3461,43714.95990742799,Sugar1974,Sugar1974,3959,0,8
3462,43718.78058694486,Sugar1974,Sugar1974,3960,7.27595761418e-12,7
3463,43720.92085822622,Sugar1974,Sugar1974,3961,0,7
3464,43728.53103594499,Sugar1974,Sugar1974,3962,7.27595761418e-12,6
3465,43737.1208783569,Sugar1974,Sugar1974,3963,0,1
3466,43740.70050559638,Sugar1974,Sugar1974,3964,0,1
3467,43743.51906246869,Sugar1974,Sugar1974,3965,7.27595761418e-12,6
3468,43751.3806904158,Sugar1974,Sugar1974,3966,0,1
3469,43757.54980825226,Sugar1974,Sugar1974,3967,0,10
3470,43767.83910657847,Sugar1974,Sugar1974,3968,0,7
3471,43816.48013244125,Sugar1974,Sugar1974,3969,0,9
3472,43821.12962561843,Sugar1974,Sugar1974,3970,0,7
3473,43828.42960677027,Sugar1974,Sugar1974,3971,7.27595761418e-12,1
3474,43834.6190994046,Sugar1974,Sugar1974,3972,7.27595761418e-12,6
3475,43843.16996990405,Sugar1974,Sugar1974,3973,0,1
3476,43851.76909613473,Sugar1974,Sugar1974,3974,0,1
3477,43854.30101699303,Sugar1974,Sugar1974,3975,7.27595761418e-12,2
3478,43857.32107816963,Sugar1974,Sugar1974,3976,7.27595761418e-12,1
3479,43860.7896455182,Sugar1974,Sugar1974,3977,0,7
3480,43862.40100122942,Sugar1974,Sugar1974,3978,0,7
3481,43870.43013365731,Sugar1974,Sugar1974,3979,0,6
3482,43874.28021944758,Sugar1974,Sugar1974,3980,0,7
3483,43878.69012225549,Sugar1974,Sugar1974,3981,0,6
3484,43882.77075626969,Sugar1974,Sugar1974,3982,0,1
3485,43885.89086865937,Sugar1974,Sugar1974,3983,0,1
3486,43892.42905122904,Sugar1974,Sugar1974,3984,0,5
3487,43892.42905122904,Sugar1974,Sugar1974,3984,0,5
3488,43896.16088130493,Sugar1974,Sugar1974,3986,0,5
3489,43903.58116235764,Sugar1974,Sugar1974,3987,7.27595761418e-12,8
3490,43905.41938671831,Sugar1974,Sugar1974,3988,7.27595761418e-12,4
3491,43912.61002413144,Sugar1974,Sugar1974,3989,0,1
3492,43919.95996368108,Sugar1974,Sugar1974,3990,0,4
3493,43924.8403612518,Sugar1974,Sugar1974,3991,0,1
3494,43940.67039252605,Sugar1974,Sugar1974,3992,0,3
3495,43943.39106103972,Sugar1974,Sugar1974,3993,0,1
3496,43956.55043744392,Sugar1974,Sugar1974,3994,0,5
3497,43965.17066429084,Sugar1974,Sugar1974,3995,0,9
3498,43970.41066796659,Sugar1974,Sugar1974,3996,0,6
3499,43974.39940729199,Sugar1974,Sugar1974,3997,0,1
3500,43977.43085215014,Sugar1974,Sugar1974,3998,0,9
3501,43978.63072176084,Sugar1974,Sugar1974,3999,0,1
3502,43988.05929421459,Sugar1974,Sugar1974,4000,0,9
3503,43999.26111363451,Sugar1974,Sugar1974,4001,7.27595761418e-12,9
3504,43999.26111363451,Sugar1974,Sugar1974,4001,7.27595761418e-12,9
3505,44000.93013014711,Sugar1974,Sugar1974,4003,7.27595761418e-12,6
3506,44003.37015691771,Sugar1974,Sugar1974,4004,7.27595761418e-12,1
3507,44010.09045811312,Sugar1974,Sugar1974,4005,0,9
3508,44022.4590909646,Sugar1974,Sugar1974,4006,0,8
3509,44026.11990524601,Sugar1974,Sugar1974,4007,7.27595761418e-12,9
3510,44027.28059063455,Sugar1974,Sugar1974,4008,7.27595761418e-12,8
3511,44030.19025957061,Sugar1974,Sugar1974,4009,7.27595761418e-12,9
3512,44034.76956634382,Sugar1974,Sugar1974,4010,0,1
3513,44047.06951273168,Sugar1974,Sugar1974,4011,0,1
3514,44073.24042454857,Sugar1974,Sugar1974,4012,7.27595761418e-12,1
3515,44075.37985118175,Sugar1974,Sugar1974,4013,0,1
3516,44081.03090364522,Sugar1974,Sugar1974,4014,0,5
3517,44083.85055598311,Sugar1974,Sugar1974,4015,0,5
3518,44085.67998138013,Sugar1974,Sugar1974,4016,0,1
3519,44091.55030852641,Sugar1974,Sugar1974,4017,0,1
3520,44093.37986772746,Sugar1974,Sugar1974,4018,0,1
3521,44095.05038198862,Sugar1974,Sugar1974,4019,0,1
3522,44104.42952531971,Sugar1974,Sugar1974,4020,0,8
3523,44110.51965823251,Sugar1974,Sugar1974,4021,0,1
3524,44114.25110753805,Sugar1974,Sugar1974,4022,7.27595761418e-12,5
3525,44116.0094183111,Sugar1974,Sugar1974,4023,0,5
3526,44122.93965594248,Sugar1974,Sugar1974,4024,0,5
3527,44132.11038093035,Sugar1974,Sugar1974,4025,7.27595761418e-12,6
3528,44134.04010314571,Sugar1974,Sugar1974,4026,7.27595761418e-12,1
3529,44146.35932771942,Sugar1974,Sugar1974,4027,0,6
3530,44155.4803090836,Sugar1974,Sugar1974,4028,0,1
3531,44166.54030751845,Sugar1974,Sugar1974,4029,0,2
3532,44177.52977766372,Sugar1974,Sugar1974,4030,0,8
3533,44187.91925510549,Sugar1974,Sugar1974,4031,0,1
3534,44190.49093758058,Sugar1974,Sugar1974,4032,0,6
3535,44204.17026880428,Sugar1974,Sugar1974,4033,0,6
3536,44205.61950666231,Sugar1974,Sugar1974,4034,0,6
3537,44212.06971082144,Sugar1974,Sugar1974,4035,0,9
3538,44214.45082730689,Sugar1974,Sugar1974,4036,0,7
3539,44218.85081712426,Sugar1974,Sugar1974,4037,7.27595761418e-12,1
3540,44221.22010394131,Sugar1974,Sugar1974,4038,0,1
3541,44224.80003277922,Sugar1974,Sugar1974,4039,0,1
3542,44240.55074869748,Sugar1974,Sugar1974,4040,0,3
3543,44242.08013181535,Sugar1974,Sugar1974,4041,0,2
3544,44245.54921109445,Sugar1974,Sugar1974,4042,0,1
3545,44247.07073397061,Sugar1974,Sugar1974,4043,7.27595761418e-12,2
3546,44258.21972287857,Sugar1974,Sugar1974,4044,0,2
3547,44282.1706575982,Sugar1974,Sugar1974,4045,7.27595761418e-12,4
3548,44284.44968055709,Sugar1974,Sugar1974,4046,0,8
3549,44286.1709629196,Sugar1974,Sugar1974,4047,0,5
3550,44289.07962005699,Sugar1974,Sugar1974,4048,0,1
3551,44298.3201743465,Sugar1974,Sugar1974,4049,0,1
3552,44300.32060893322,Sugar1974,Sugar1974,4050,0,5
3553,44301.4403832557,Sugar1974,Sugar1974,4051,0,5
3554,44305.89967260385,Sugar1974,Sugar1974,4052,7.27595761418e-12,1
3555,44309.37081598408,Sugar1974,Sugar1974,4053,7.27595761418e-12,1
3556,44314.10940108361,Sugar1974,Sugar1974,4054,0,1
3557,44317.17028723753,Sugar1974,Sugar1974,4055,0,8
3558,44318.17067490669,Sugar1974,Sugar1974,4056,0,8
3559,44324.02965708297,Sugar1974,Sugar1974,4057,7.27595761418e-12,2
3560,44330.80974623816,Sugar1974,Sugar1974,4058,0,6
3561,44331.4196142479,Sugar1974,Sugar1974,4059,7.27595761418e-12,7
3562,44342.1108416759,Sugar1974,Sugar1974,4060,0,1
3563,44344.67018173373,Sugar1974,Sugar1974,4061,0,1
3564,44346.65948983186,Sugar1974,Sugar1974,4062,0,8
3565,44356.10027935795,Sugar1974,Sugar1974,4063,0,1
3566,44363.10961956316,Sugar1974,Sugar1974,4064,0,2
3567,44367.32023647978,Sugar1974,Sugar1974,4065,7.27595761418e-12,5
3568,44368.81949863299,Sugar1974,Sugar1974,4066,0,5
3569,44371.04054385183,Sugar1974,Sugar1974,4067,0,5
3570,44374.27049122947,Sugar1974,Sugar1974,4068,0,7
3571,44384.37963739497,Sugar1974,Sugar1974,4069,7.27595761418e-12,8
3572,44387.19919639635,Sugar1974,Sugar1974,4070,0,6
3573,44400.10950177833,Sugar1974,Sugar1974,4071,0,9
3574,44402.15965718657,Sugar1974,Sugar1974,4072,0,8
3575,44428.53985611545,Sugar1974,Sugar1974,4073,0,9
3576,44435.7293835001,Sugar1974,Sugar1974,4074,7.27595761418e-12,7
3577,44437.14979465075,Sugar1974,Sugar1974,4075,0,8
3578,44447.52012327559,Sugar1974,Sugar1974,4076,0,8
3579,44450.06995896756,Sugar1974,Sugar1974,4077,0,8
3580,44452.1410067038,Sugar1974,Sugar1974,4078,0,1
3581,44453.78906810162,Sugar1974,Sugar1974,4079,0,2
3582,44456.80995392885,Sugar1974,Sugar1974,4080,0,8
3583,44475.99067490855,Sugar1974,Sugar1974,4081,0,1
3584,44487.13107286068,Sugar1974,Sugar1974,4082,7.27595761418e-12,1
3585,44489.92930683629,Sugar1974,Sugar1974,4083,0,5
3586,44492.63980706667,Sugar1974,Sugar1974,4084,0,7
3587,44494.08091666266,Sugar1974,Sugar1974,4085,0,1
3588,44495.27053473672,Sugar1974,Sugar1974,4086,7.27595761418e-12,2
3589,44507.94997281494,Sugar1974,Sugar1974,4087,0,8
3590,44509.73064567568,Sugar1974,Sugar1974,4088,0,1
3591,44514.52980258512,Sugar1974,Sugar1974,4089,7.27595761418e-12,7
3592,44516.29061835862,Sugar1974,Sugar1974,4090,0,2
3593,44517.22094656154,Sugar1974,Sugar1974,4091,0,1
3594,44525.84978532402,Sugar1974,Sugar1974,4092,0,5
3595,44528.52921348414,Sugar1974,Sugar1974,4093,7.27595761418e-12,3
3596,44529.9108942807,Sugar1974,Sugar1974,4094,0,6
3597,44534.69096642306,Sugar1974,Sugar1974,4095,0,1
3598,44540.46964991956,Sugar1974,Sugar1974,4096,7.27595761418e-12,7
3599,44541.42015088203,Sugar1974,Sugar1974,4097,7.27595761418e-12,7
3600,44559.6808836005,Sugar1974,Sugar1974,4098,0,1
3601,44570.62997258958,Sugar1974,Sugar1974,4099,0,1
3602,44575.47971498963,Sugar1974,Sugar1974,4100,0,1
3603,44580.12991650348,Wyart1974,Sugar1974,4101,0,9
3604,44580.12991650348,Wyart1974,Sugar1974,4101,0,9
3605,44580.94092979952,Sugar1974,Sugar1974,4102,7.27595761418e-12,4
3606,44586.19065419081,Sugar1974,Sugar1974,4103,0,10
3607,44589.41092968097,Sugar1974,Sugar1974,4104,0,6
3608,44590.32987906703,Sugar1974,Sugar1974,4105,0,8
3609,44594.96072742618,Sugar1974,Sugar1974,4106,0,1
3610,44598.30911369756,Sugar1974,Sugar1974,4107,7.27595761418e-12,1
3611,44600.15916433513,Sugar1974,Sugar1974,4108,0,3
3612,44600.91038637477,Sugar1974,Sugar1974,4109,7.27595761418e-12,3
3613,44604.55066592133,Sugar1974,Sugar1974,4110,0,3
3614,44609.30997792775,Sugar1974,Sugar1974,4111,0,2
3615,44613.80973492096,Sugar1974,Sugar1974,4112,7.27595761418e-12,6
3616,44616.61917690574,Sugar1974,Sugar1974,4113,0,5
3617,44636.01946634503,Sugar1974,Sugar1974,4114,0,1
3618,44640.66021170912,Sugar1974,Sugar1974,4115,0,10
3619,44643.01063720498,Sugar1974,Sugar1974,4116,0,2
3620,44645.28116358566,Sugar1974,Sugar1974,4117,7.27595761418e-12,1
3621,44647.79957817702,Sugar1974,Sugar1974,4118,7.27595761418e-12,10
3622,44650.98965673445,Sugar1974,Sugar1974,4119,0,2
3623,44652.54075777536,Sugar1974,Sugar1974,4120,0,1
3624,44657.70990824595,Sugar1974,Sugar1974,4121,7.27595761418e-12,6
3625,44667.2692729956,Sugar1974,Sugar1974,4122,0,6
3626,44669.36037032575,Sugar1974,Sugar1974,4123,7.27595761418e-12,8
3627,44677.54920467622,Sugar1974,Sugar1974,4124,0,1
3628,44678.92073539506,Sugar1974,Sugar1974,4125,7.27595761418e-12,1
3629,44680.88009080737,Sugar1974,Sugar1974,4126,0,1
3630,44683.65923577423,Sugar1974,Sugar1974,4127,7.27595761418e-12,10
3631,44690.32946856607,Sugar1974,Sugar1974,4128,7.27595761418e-12,1
3632,44696.46019607626,Sugar1974,Sugar1974,4129,0,3
3633,44699.5796773028,Sugar1974,Sugar1974,4130,0,7
3634,44708.2906909556,Sugar1974,Sugar1974,4131,0,1
3635,44712.53045638285,Sugar1974,Sugar1974,4132,7.27595761418e-12,1
3636,44725.25071746107,Sugar1974,Sugar1974,4133,0,1
3637,44728.37100230122,Sugar1974,Sugar1974,4134,0,6
3638,44734.09975299674,Sugar1974,Sugar1974,4135,0,1
3639,44740.84100972527,Sugar1974,Sugar1974,4136,0,6
3640,44752.16003553016,Sugar1974,Sugar1974,4137,7.27595761418e-12,2
3641,44764.12047312273,Sugar1974,Sugar1974,4138,7.27595761418e-12,6
3642,44778.59955459341,Sugar1974,Sugar1974,4139,0,6
3643,44784.59102672307,Sugar1974,Sugar1974,4140,0,2
3644,44790.83098638438,Sugar1974,Sugar1974,4141,0,7
3645,44798.92063656299,Sugar1974,Sugar1974,4142,7.27595761418e-12,7
3646,44804.78109116666,Sugar1974,Sugar1974,4143,0,6
3647,44808.11977082811,Sugar1974,Sugar1974,4144,0,1
3648,44812.73963662609,Sugar1974,Sugar1974,4145,7.27595761418e-12,1
3649,44817.41974535406,Sugar1974,Sugar1974,4146,0,6
3650,44822.12006680582,Sugar1974,Sugar1974,4147,7.27595761418e-12,10
3651,44826.76052501448,Sugar1974,Sugar1974,4148,0,6
3652,44831.38916991682,Sugar1974,Sugar1974,4149,7.27595761418e-12,1
3653,44840.83923189608,Sugar1974,Sugar1974,4150,7.27595761418e-12,1
3654,44841.98049483595,Sugar1974,Sugar1974,4151,0,6
3655,44855.40028126142,Sugar1974,Sugar1974,4152,0,7
3656,44856.32943765594,Sugar1974,Sugar1974,4153,7.27595761418e-12,6
3657,44862.14080935736,Sugar1974,Sugar1974,4154,0,6
3658,44871.16085441893,Sugar1974,Sugar1974,4155,0,1
3659,44877.85025609326,Sugar1974,Sugar1974,4156,0,7
3660,44885.44941808866,Sugar1974,Sugar1974,4157,0,3
3661,44894.23093716623,Sugar1974,Sugar1974,4158,0,7
3662,44898.26939777429,Sugar1974,Sugar1974,4159,0,6
3663,44905.80982470408,Sugar1974,Sugar1974,4160,7.27595761418e-12,7
3664,44906.49096429888,Sugar1974,Sugar1974,4161,0,3
3665,44906.49096429888,Sugar1974,Sugar1974,4161,0,3
3666,44908.7307679399,Sugar1974,Sugar1974,4163,0,6
3667,44909.66036189463,Sugar1974,Sugar1974,4164,0,8
3668,44914.8694256844,Sugar1974,Sugar1974,4165,7.27595761418e-12,6
3669,44916.78079903709,Sugar1974,Sugar1974,4166,0,1
3670,44917.71045879719,Sugar1974,Sugar1974,4167,0,1
3671,44926.75096862249,Sugar1974,Sugar1974,4168,7.27595761418e-12,7
3672,44931.68028169855,Sugar1974,Sugar1974,4169,0,7
3673,44932.30949146433,Sugar1974,Sugar1974,4170,0,6
3674,44936.91039081305,Sugar1974,Sugar1974,4171,0,2
3675,44945.17084577606,Sugar1974,Sugar1974,4172,0,7
3676,44957.05959953626,Sugar1974,Sugar1974,4173,0,5
3677,44960.09010128034,Sugar1974,Sugar1974,4174,0,6
3678,44960.83972645552,Sugar1974,Sugar1974,4175,7.27595761418e-12,5
3679,44965.52998389834,Sugar1974,Sugar1974,4176,0,10
3680,44968.17986703084,Sugar1974,Sugar1974,4177,0,5
3681,44970.2404780912,Sugar1974,Sugar1974,4178,7.27595761418e-12,5
3682,44975.5605692052,Sugar1974,Sugar1974,4179,0,1
3683,44980.25946679304,Sugar1974,Sugar1974,4180,0,8
3684,44984.66985820269,Sugar1974,Sugar1974,4181,0,4
3685,45001.86000398857,Sugar1974,Sugar1974,4182,0,7
3686,45009.49957192506,Sugar1974,Sugar1974,4183,0,1
3687,45022.40979332232,Sugar1974,Sugar1974,4184,7.27595761418e-12,1
3688,45050.0600011937,Wyart1974,Sugar1974,4185,0,1
3689,45061.02084557997,Sugar1974,Sugar1974,4186,0,1
3690,45062.83037648791,Sugar1974,Sugar1974,4187,0,6
3691,45083.33096077855,Sugar1974,Sugar1974,4188,0,9
3692,45084.71948804757,Sugar1974,Sugar1974,4189,7.27595761418e-12,1
3693,45088.05035800979,Sugar1974,Sugar1974,4190,0,1
3694,45089.49108485116,Sugar1974,Sugar1974,4191,0,10
3695,45089.49108485116,Sugar1974,Sugar1974,4191,0,10
3696,45094.19066720875,Sugar1974,Sugar1974,4193,0,1
3697,45096.65089526201,Sugar1974,Sugar1974,4194,0,1
3698,45101.9608413794,Sugar1974,Sugar1974,4195,7.27595761418e-12,8
3699,45106.50038446977,Sugar1974,Sugar1974,4196,0,1
3700,45117.59914443422,Sugar1974,Sugar1974,4197,0,1
3701,45122.91004931413,Sugar1974,Sugar1974,4198,0,1
3702,45127.61098546534,Sugar1974,Sugar1974,4199,0,10
3703,45132.30009779505,Sugar1974,Sugar1974,4200,0,1
3704,45139.20964925992,Sugar1974,Sugar1974,4201,0,1
3705,45142.46984338972,Sugar1974,Sugar1974,4202,0,2
3706,45143.91930418953,Sugar1974,Sugar1974,4203,7.27595761418e-12,10
3707,45145.32057296132,Sugar1974,Sugar1974,4204,0,2
3708,45148.62108864333,Sugar1974,Sugar1974,4205,7.27595761418e-12,1
3709,45149.7092671182,Sugar1974,Sugar1974,4206,7.27595761418e-12,2
3710,45151.43987852585,Sugar1974,Sugar1974,4207,0,2
3711,45156.35079391517,Sugar1974,Sugar1974,4208,0,5
3712,45159.31031073827,Sugar1974,Sugar1974,4209,0,1
3713,45168.77965723006,Sugar1974,Sugar1974,4210,0,1
3714,45168.77965723006,Sugar1974,Sugar1974,4210,0,1
3715,45179.82016203209,Sugar1974,Sugar1974,4212,0,1
3716,45201.79993027226,Sugar1974,Sugar1974,4213,0,6
3717,45207.52048964782,Sugar1974,Sugar1974,4214,7.27595761418e-12,1
3718,45235.52082638042,Wyart1974,Sugar1974,4215,7.27595761418e-12,1
3719,45256.49039238893,Sugar1974,Sugar1974,4216,0,6
3720,45262.31014562277,Sugar1974,Sugar1974,4217,0,3
3721,45263.66061702642,Sugar1974,Sugar1974,4218,0,1
3722,45266.06017974622,Sugar1974,Sugar1974,4219,0,1
3723,45268.70093734932,Sugar1974,Sugar1974,4220,0,2
3724,45293.41943983183,Sugar1974,Sugar1974,4221,0,5
3725,45294.25969022737,Sugar1974,Sugar1974,4222,7.27595761418e-12,9
3726,45299.12041241647,Sugar1974,Sugar1974,4223,0,1
3727,45301.62928414012,Sugar1974,Sugar1974,4224,7.27595761418e-12,1
3728,45306.2691896567,Sugar1974,Sugar1974,4225,0,8
3729,45311.46013104347,Sugar1974,Sugar1974,4226,7.27595761418e-12,10
3730,45314.41961732305,Sugar1974,Sugar1974,4227,0,6
3731,45316.38995463946,Sugar1974,Sugar1974,4228,0,1
3732,45317.76923172521,Sugar1974,Sugar1974,4229,0,2
3733,45317.76923172521,Sugar1974,Sugar1974,4229,0,2
3734,45322.67112881706,Sugar1974,Sugar1974,4231,7.27595761418e-12,2
3735,45327.50089271909,Sugar1974,Sugar1974,4232,7.27595761418e-12,10
3736,45331.88043366939,Sugar1974,Sugar1974,4233,0,2
3737,45334.94096339974,Sugar1974,Sugar1974,4234,0,1
3738,45350.55058932208,Sugar1974,Sugar1974,4235,7.27595761418e-12,8
3739,45351.78949928982,Sugar1974,Sugar1974,4236,0,8
3740,45364.52097831536,Sugar1974,Sugar1974,4237,0,5
3741,45368.04099503699,Sugar1974,Sugar1974,4238,7.27595761418e-12,1
3742,45386.31060164558,Sugar1974,Sugar1974,4239,0,3
3743,45386.31060164558,Sugar1974,Sugar1974,4239,0,3
3744,45405.72999016976,Sugar1974,Sugar1974,4241,0,7
3745,45448.26998017191,Sugar1974,Sugar1974,4242,7.27595761418e-12,5
3746,45486.41984342083,Sugar1974,Sugar1974,4243,0,3
3747,45492.50078710281,Sugar1974,Sugar1974,4244,0,1
3748,45497.1604044509,Sugar1974,Sugar1974,4245,0,10
3749,45497.1604044509,Sugar1974,Sugar1974,4245,0,10
3750,45507.06017391675,Sugar1974,Sugar1974,4247,0,7
3751,45514.080717164,Sugar1974,Sugar1974,4248,7.27595761418e-12,2
3752,45530.02052521855,Sugar1974,Sugar1974,4249,0,9
3753,45532.84052892886,Sugar1974,Sugar1974,4250,7.27595761418e-12,1
3754,45546.59101877932,Sugar1974,Sugar1974,4251,0,1
3755,45556.28950451547,Sugar1974,Sugar1974,4252,7.27595761418e-12,7
3756,45556.93016548332,Sugar1974,Sugar1974,4253,0,6
3757,45558.07049603599,Sugar1974,Sugar1974,4254,0,1
3758,45559.69036700464,Sugar1974,Sugar1974,4255,7.27595761418e-12,10
3759,45565.54950241964,Sugar1974,Sugar1974,4256,0,8
3760,45568.01975657807,Sugar1974,Sugar1974,4257,0,1
3761,45575.41067518079,Sugar1974,Sugar1974,4258,0,8
3762,45601.41973490681,Sugar1974,Sugar1974,4259,0,6
3763,45604.99931230001,Sugar1974,Sugar1974,4260,0,1
3764,45624.89041087167,Sugar1974,Sugar1974,4261,7.27595761418e-12,2
3765,45626.89019894906,Sugar1974,Sugar1974,4262,0,1
3766,45629.2206177589,Sugar1974,Sugar1974,4263,7.27595761418e-12,1
3767,45641.2404219308,Sugar1974,Sugar1974,4264,0,8
3768,45649.84980649215,Sugar1974,Sugar1974,4265,0,5
3769,45696.0808895201,Sugar1974,Sugar1974,4266,7.27595761418e-12,5
3770,45705.2308426546,Sugar1974,Sugar1974,4267,0,6
3771,45705.2308426546,Sugar1974,Sugar1974,4267,0,6
3772,45718.75943333546,Sugar1974,Sugar1974,4269,0,1
3773,45754.30084049274,Sugar1974,Sugar1974,4270,0,4
3774,45760.85987815142,Sugar1974,Sugar1974,4271,7.27595761418e-12,6
3775,45827.60059731249,Sugar1974,Sugar1974,4272,0,6
3776,45831.61105978994,Sugar1974,Sugar1974,4273,0,9
3777,45832.83080047044,Sugar1974,Sugar1974,4274,0,1
3778,45840.39990488405,Sugar1974,Sugar1974,4275,0,1
3779,45861.02948337328,Sugar1974,Sugar1974,4276,7.27595761418e-12,1
3780,45863.84931576061,Sugar1974,Sugar1974,4277,0,1
3781,45909.48069025455,Sugar1974,Sugar1974,4278,0,6
3782,45927.21997508793,Sugar1974,Sugar1974,4279,0,3
3783,45945.60056761961,Sugar1974,Sugar1974,4280,7.27595761418e-12,1
3784,45964.86953375686,Sugar1974,Sugar1974,4281,7.27595761418e-12,1
3785,45966.41002608019,Sugar1974,Sugar1974,4282,0,1
3786,45994.32059457205,Sugar1974,Sugar1974,4283,0,5
3787,46018.83974437588,Sugar1974,Sugar1974,4284,0,2
3788,46022.14057921053,Sugar1974,Sugar1974,4285,0,1
3789,46024.09041126981,Sugar1974,Sugar1974,4286,0,1
3790,46043.61060572141,Sugar1974,Sugar1974,4287,0,4
3791,46054.06991372063,Sugar1974,Sugar1974,4288,0,3
3792,46087.65086348008,Sugar1974,Sugar1974,4289,7.27595761418e-12,1
3793,46115.03084806017,Sugar1974,Sugar1974,4290,7.27595761418e-12,4
3794,46144.1906255957,Sugar1974,Sugar1974,4291,0,2
3795,46162.90000286522,Sugar1974,Sugar1974,4292,0,1
3796,46172.45016025251,Sugar1974,Sugar1974,4293,0,5
3797,46206.25031575978,Sugar1974,Sugar1974,4294,0,3
3798,46221.54940264471,Sugar1974,Sugar1974,4295,0,8
3799,46225.88088439409,Sugar1974,Sugar1974,4296,0,2
3800,46233.55982009214,Sugar1974,Sugar1974,4297,0,8
3801,46377.03064321934,Sugar1974,Sugar1974,4298,0,5
3802,46390.59010068003,Sugar1974,Sugar1974,4299,7.27595761418e-12,3
3803,46447.50973435536,Sugar1974,Sugar1974,4300,7.27595761418e-12,4
3804,46497.06025599843,Sugar1974,Sugar1974,4301,7.27595761418e-12,4
3805,46535.88957461072,Sugar1974,Sugar1974,4302,7.27595761418e-12,1
3806,46537.209805545,Sugar1974,Sugar1974,4303,0,10
3807,46558.4006130823,Sugar1974,Sugar1974,4304,0,1
3808,46562.34996774291,Sugar1974,Sugar1974,4305,7.27595761418e-12,5
3809,46600.28103659981,Sugar1974,Sugar1974,4306,0,1
3810,46646.81064269224,Sugar1974,Sugar1974,4307,0,1
3811,46651.68987007166,Sugar1974,Sugar1974,4308,0,9
3812,46658.22010930658,Sugar1974,Sugar1974,4309,0,1
3813,46672.09086564924,Sugar1974,Sugar1974,4310,0,7
3814,46680.68012655505,Sugar1974,Sugar1974,4311,0,9
3815,46700.91095365248,Sugar1974,Sugar1974,4312,7.27595761418e-12,1
3816,46703.68931512188,Sugar1974,Sugar1974,4313,0,1
3817,46715.33984407844,Sugar1974,Sugar1974,4314,7.27595761418e-12,3
3818,46716.10053426918,Sugar1974,Sugar1974,4315,0,1
3819,46786.64991314011,Sugar1974,Sugar1974,4316,7.27595761418e-12,7
3820,46788.40019099391,Sugar1974,Sugar1974,4317,0,7
3821,46798.27970056816,Sugar1974,Sugar1974,4318,7.27595761418e-12,6
3822,46802.98971619688,Sugar1974,Sugar1974,4319,7.27595761418e-12,2
3823,46919.30998876524,Sugar1974,Sugar1974,4320,0,1
3824,46919.30998876524,Sugar1974,Sugar1974,4320,0,1
3825,46924.77020312647,Sugar1974,Sugar1974,4322,0,3
3826,47033.22066289324,Sugar1974,Sugar1974,4323,0,4
3827,47046.87989834335,Sugar1974,Sugar1974,4324,0,4
3828,47102.29013986758,Sugar1974,Sugar1974,4325,0,4
3829,47104.48963009213,Sugar1974,Sugar1974,4326,0,2
3830,47232.44044389793,Sugar1974,Sugar1974,4327,0,1
3831,47252.28960743397,Sugar1974,Sugar1974,4328,7.27595761418e-12,1
3832,47267.38984058789,Sugar1974,Sugar1974,4329,7.27595761418e-12,1
3833,47315.77065683813,Sugar1974,Sugar1974,4330,7.27595761418e-12,1
3834,47348.28957245383,Sugar1974,Sugar1974,4331,0,1
3835,47379.90042312283,Sugar1974,Sugar1974,4332,0,6
3836,47385.53982193573,Sugar1974,Sugar1974,4333,0,1
3837,47440.1709137397,Sugar1974,Sugar1974,4334,0,1
3838,47540.83009448607,Sugar1969,Sugar1969,2,0,3
3839,47553.21938420006,Sugar1969,Sugar1969,3,0,20
3840,47562.60633495086,Sugar1969,Sugar1969,4,0,3
3841,47576.52213532667,Sugar1969,Sugar1969,5,0,10
3842,47578.76600726774,Sugar1969,Sugar1969,6,0,100
3843,47581.63746686435,Sugar1969,Sugar1969,7,7.27595761418e-12,2
3844,47620.22547646769,Sugar1969,Sugar1969,8,0,5
3845,47624.56049315512,Sugar1969,Sugar1969,9,0,50
3846,47632.61100570182,Sugar1969,Sugar1969,10,0,200
3847,47642.32310702842,Sugar1969,Sugar1969,11,0,3
3848,47643.93414432568,Sugar1969,Sugar1969,12,0,20
3849,47652.565057001,Sugar1969,Sugar1969,13,7.27595761418e-12,100
3850,47658.19564699411,Sugar1969,Sugar1969,14,0,5
3851,47668.84775215283,Sugar1969,Sugar1969,15,0,100
3852,47673.5084890803,Sugar1969,Sugar1969,16,0,1000
3853,47675.5085990734,Sugar1969,Sugar1969,17,0,500
3854,47680.71395540089,Sugar1969,Sugar1969,18,0,20
3855,47681.84890133388,Sugar1969,Sugar1969,19,0,100
3856,47683.53225457158,Sugar1969,Sugar1969,20,0,40
3857,47685.46830094392,Sugar1969,Sugar1969,21,0,5
3858,47687.51261091334,Sugar1969,Sugar1969,22,0,5
3859,47689.67504569548,Sugar1969,Sugar1969,23,7.27595761418e-12,5
3860,47690.99323811402,Sugar1969,Sugar1969,24,0,200
3861,47692.01559722715,Sugar1969,Sugar1969,25,0,6
3862,47698.63441895025,Sugar1969,Sugar1969,26,0,400
3863,47733.76936473375,Sugar1969,Sugar1969,27,0,20
3864,47740.08107195136,Sugar1969,Sugar1969,28,0,400
3865,47751.95934711296,Sugar1969,Sugar1969,29,7.27595761418e-12,4000
3866,47757.56892257747,Sugar1969,Sugar1969,30,0,5
3867,47768.63010936585,Sugar1969,Sugar1969,31,0,40
3868,47789.51868800873,Sugar1969,Sugar1969,32,0,10
3869,47805.1222106787,Sugar1969,Sugar1969,33,0,30
3870,47806.67856511234,Sugar1969,Sugar1969,34,7.27595761418e-12,20
3871,47814.6089058773,Sugar1969,Sugar1969,35,0,4000
3872,47818.56663299094,Sugar1969,Sugar1969,36,0,100
3873,47843.38816174863,Sugar1969,Sugar1969,37,0,20
3874,47852.74878378148,Sugar1969,Sugar1969,38,0,1
3875,47858.9598439024,Sugar1969,Sugar1969,39,0,10
3876,47862.78398473705,Sugar1969,Sugar1969,40,0,5
3877,47873.2786413557,Sugar1969,Sugar1969,41,7.27595761418e-12,2
3878,47875.08874145962,Sugar1969,Sugar1969,42,0,10
3879,47878.22700965409,Sugar1969,Sugar1969,43,0,10
3880,47884.78610609434,Sugar1969,Sugar1969,44,0,400
3881,47891.75911729261,Sugar1969,Sugar1969,45,0,5
3882,47906.78565007821,Sugar1969,Sugar1969,46,0,4
3883,47908.78259652858,Sugar1969,Sugar1969,47,0,4
3884,47911.07819021183,Sugar1969,Sugar1969,48,0,4
3885,47922.28248444801,Sugar1969,Sugar1969,49,7.27595761418e-12,10
3886,47955.97395804496,Sugar1969,Sugar1969,50,0,30
3887,47958.22513669865,Sugar1969,Sugar1969,51,7.27595761418e-12,2
3888,47962.68942471502,Sugar1969,Sugar1969,52,0,10
3889,47968.5528540378,Sugar1969,Sugar1969,53,0,3
3890,47968.5528540378,Sugar1969,Sugar1969,53,0,3
3891,47976.72424631131,Sugar1969,Sugar1969,55,0,60
3892,47996.06976649284,Sugar1969,Sugar1969,56,0,1
3893,47998.1882139928,Sugar1969,Sugar1969,57,0,1
3894,48004.8442209348,Sugar1969,Sugar1969,58,0,400
3895,48010.47163060622,Sugar1969,Sugar1969,59,0,2
3896,48012.06261612054,Sugar1969,Sugar1969,60,0,3
3897,48015.68100985552,Sugar1969,Sugar1969,61,0,3
3898,48035.6293470891,Sugar1969,Sugar1969,62,0,2
3899,48056.91401764485,Sugar1969,Sugar1969,63,0,1
3900,48070.44941590049,Sugar1969,Sugar1969,64,0,30
3901,48088.55461081391,Sugar1969,Sugar1969,65,0,100
3902,48089.84482595453,Sugar1969,Sugar1969,66,0,300
3903,48099.58612428681,Sugar1969,Sugar1969,67,0,1
3904,48108.26472422262,Sugar1969,Sugar1969,68,0,20
3905,48111.87492113861,Sugar1969,Sugar1969,69,0,20
3906,48113.33029231322,Sugar1969,Sugar1969,70,0,3
3907,48133.76008009468,Sugar1969,Sugar1969,71,0,60
3908,48135.9340546103,Sugar1969,Sugar1969,72,7.27595761418e-12,40
3909,48138.55664093926,Sugar1969,Sugar1969,73,7.27595761418e-12,3
3910,48150.04836705419,Sugar1969,Sugar1969,74,7.27595761418e-12,200
3911,48157.83999238822,Sugar1969,Sugar1969,75,0,3
3912,48161.24894290126,Sugar1969,Sugar1969,76,0,100
3913,48169.76742248872,Sugar1969,Sugar1969,77,0,300
3914,48175.42650272889,Sugar1969,Sugar1969,78,7.27595761418e-12,500
3915,48196.23028793481,Sugar1969,Sugar1969,79,0,5
3916,48222.07738574238,Sugar1969,Sugar1969,80,0,20
3917,48228.51735554953,Sugar1969,Sugar1969,81,0,200
3918,48234.2660138493,Sugar1969,Sugar1969,82,0,3
3919,48241.91870646912,Sugar1969,Sugar1969,83,0,10
3920,48249.04008417531,Sugar1969,Sugar1969,84,0,15
3921,48250.11247061747,Sugar1969,Sugar1969,85,7.27595761418e-12,400
3922,48262.76006481091,Sugar1969,Sugar1969,86,7.27595761418e-12,80
3923,48273.42695838374,Sugar1969,Sugar1969,87,7.27595761418e-12,5
3924,48291.26394663441,Sugar1969,Sugar1969,88,0,50
3925,48294.03535680212,Sugar1969,Sugar1969,89,0,200
3926,48301.2922862107,Sugar1969,Sugar1969,90,0,50
3927,48308.19865107674,Sugar1969,Sugar1969,91,0,400
3928,48326.50149533334,Sugar1969,Sugar1969,92,7.27595761418e-12,50
3929,48342.83024234096,Sugar1969,Sugar1969,93,7.27595761418e-12,30
3930,48349.79738787415,Sugar1969,Sugar1969,94,0,200
3931,48362.63284475235,Sugar1969,Sugar1969,95,0,200
3932,48378.49799611319,Sugar1969,Sugar1969,96,0,200
3933,48396.38649859229,Sugar1969,Sugar1969,97,0,10
3934,48405.17216827276,Sugar1969,Sugar1969,98,0,300
3935,48421.99968146312,Sugar1969,Sugar1969,99,7.27595761418e-12,5
3936,48432.33976747194,Sugar1969,Sugar1969,100,0,1000
3937,48442.7834457002,Sugar1969,Sugar1969,101,0,2
3938,48445.48236446823,Sugar1969,Sugar1969,102,0,10
3939,48450.40997088445,Sugar1969,Sugar1969,103,0,5
3940,48455.12780601261,Sugar1969,Sugar1969,104,7.27595761418e-12,2
3941,48459.19198746547,Sugar1969,Sugar1969,105,0,1
3942,48461.87038148374,Sugar1969,Sugar1969,106,7.27595761418e-12,3
3943,48469.31402953513,Sugar1969,Sugar1969,107,0,4
3944,48476.15466068165,Sugar1969,Sugar1969,108,0,200
3945,48485.86147091583,Sugar1969,Sugar1969,109,0,200
3946,48485.86147091583,Sugar1969,Sugar1969,109,0,200
3947,48510.22528331354,Sugar1969,Sugar1969,111,0,80
3948,48526.11541571372,Sugar1969,Sugar1969,112,0,20
3949,48528.70632059219,Sugar1969,Sugar1969,113,7.27595761418e-12,10
3950,48530.28540568257,Sugar1969,Sugar1969,114,0,30
3951,48542.41596293197,Sugar1969,Sugar1969,115,0,1
3952,48546.25497664184,Sugar1969,Sugar1969,116,0,10
3953,48561.48800812585,Sugar1969,Sugar1969,117,7.27595761418e-12,4000
3954,48572.07920685755,Sugar1969,Sugar1969,118,7.27595761418e-12,60
3955,48575.21520394081,Sugar1969,Sugar1969,119,0,30
3956,48582.10655345949,Sugar1969,Sugar1969,120,0,10
3957,48588.73793121812,Sugar1969,Sugar1969,121,0,5
3958,48601.39770958263,Sugar1969,Sugar1969,122,7.27595761418e-12,100
3959,48613.49481244537,Sugar1969,Sugar1969,123,7.27595761418e-12,10
3960,48619.89984210551,Sugar1969,Sugar1969,124,0,5
3961,48625.24055509606,Sugar1969,Sugar1969,125,0,30
3962,48628.45553297537,Sugar1969,Sugar1969,126,0,30
3963,48630.42030531613,Sugar1969,Sugar1969,127,0,100
3964,48671.34818836383,Sugar1969,Sugar1969,128,0,50
3965,48673.42840759391,Sugar1969,Sugar1969,129,7.27595761418e-12,1000
3966,48681.50945270485,Sugar1969,Sugar1969,130,0,200
3967,48689.87834799068,Sugar1969,Sugar1969,131,0,10
3968,48696.61028368664,Sugar1969,Sugar1969,132,0,1000
3969,48710.3200523613,Sugar1969,Sugar1969,133,0,2000
3970,48710.3200523613,Sugar1969,Sugar1969,133,0,2000
3971,48722.63652586885,Sugar1969,Sugar1969,135,7.27595761418e-12,2
3972,48728.2394005229,Sugar1969,Sugar1969,136,0,3
3973,48729.83081226482,Sugar1969,Sugar1969,137,7.27595761418e-12,3
3974,48731.0915924928,Sugar1969,Sugar1969,138,7.27595761418e-12,10
3975,48731.87613426712,Sugar1969,Sugar1969,139,0,1
3976,48733.22693993922,Sugar1969,Sugar1969,140,0,100
3977,48739.21326347476,Sugar1969,Sugar1969,141,0,200
3978,48757.43880206918,Sugar1969,Sugar1969,142,0,20
3979,48758.81879851074,Sugar1969,Sugar1969,143,0,10
3980,48761.17503430519,Sugar1969,Sugar1969,144,0,400
3981,48766.52264624617,Sugar1969,Sugar1969,145,0,200
3982,48779.62951584062,Sugar1969,Sugar1969,146,0,20
3983,48789.43454413629,Sugar1969,Sugar1969,147,0,20
3984,48807.50993587975,Sugar1969,Sugar1969,148,7.27595761418e-12,400
3985,48809.10625298688,Sugar1969,Sugar1969,149,0,100
3986,48813.10875175214,Sugar1969,Sugar1969,150,7.27595761418e-12,1
3987,48817.9946183607,Sugar1969,Sugar1969,151,0,10
3988,48824.59683960288,Sugar1969,Sugar1969,152,0,100
3989,48833.18107344472,Sugar1969,Sugar1969,153,0,20
3990,48843.17525717684,Sugar1969,Sugar1969,154,7.27595761418e-12,80
3991,48844.08146964714,Sugar1969,Sugar1969,155,0,1
3992,48847.01424558296,Sugar1969,Sugar1969,156,7.27595761418e-12,2
3993,48853.81531881741,Sugar1969,Sugar1969,157,0,70
3994,48857.84734198973,Sugar1969,Sugar1969,158,0,10
3995,48859.32845815723,Sugar1969,Sugar1969,159,0,20
3996,48866.53840125915,Sugar1969,Sugar1969,160,0,10
3997,48877.90929372203,Sugar1969,Sugar1969,161,7.27595761418e-12,10
3998,48886.27439266269,Sugar1969,Sugar1969,162,0,2
3999,48888.63690537932,Sugar1969,Sugar1969,163,7.27595761418e-12,200
4000,48907.26687382857,Sugar1969,Sugar1969,164,0,10
4001,48922.00345185302,Sugar1969,Sugar1969,165,7.27595761418e-12,1
4002,48929.11226597801,Sugar1969,Sugar1969,166,0,500
4003,48945.16067521447,Sugar1969,Sugar1969,167,7.27595761418e-12,50
4004,48956.8263946341,Sugar1969,Sugar1969,168,7.27595761418e-12,400
4005,48973.39546398101,Sugar1969,Sugar1969,169,0,2
4006,49034.48718547554,Sugar1969,Sugar1969,170,0,200
4007,49051.29889340242,Sugar1969,Sugar1969,171,0,1
4008,49058.90289486406,Sugar1969,Sugar1969,172,0,1
4009,49077.87711918875,Sugar1969,Sugar1969,173,0,3
4010,49105.90401493677,Sugar1969,Sugar1969,174,0,20
4011,49113.42734642115,Sugar1969,Sugar1969,175,0,1
4012,49114.43974015659,Sugar1969,Sugar1969,176,0,100
4013,49134.97987310105,Sugar1969,Sugar1969,177,7.27595761418e-12,10
4014,49142.60841188046,Sugar1969,Sugar1969,178,0,100
4015,49157.19981979262,Sugar1969,Sugar1969,179,7.27595761418e-12,1
4016,49159.7123065184,Sugar1969,Sugar1969,180,0,7
4017,49165.41610464951,Sugar1969,Sugar1969,181,7.27595761418e-12,2000
4018,49171.0014173531,Sugar1969,Sugar1969,182,0,10
4019,49176.82745282397,Sugar1969,Sugar1969,183,0,40
4020,49183.38459061505,Sugar1969,Sugar1969,184,0,200
4021,49183.38459061505,Sugar1969,Sugar1969,184,0,200
4022,49185.2722116964,Sugar1969,Sugar1969,186,0,50
4023,49188.02703502157,Sugar1969,Sugar1969,187,0,100
4024,49200.97746774958,Sugar1969,Sugar1969,188,0,200
4025,49206.47339192326,Sugar1969,Sugar1969,189,0,400
4026,49209.76692830247,Sugar1969,Sugar1969,190,7.27595761418e-12,1000
4027,49215.86994364559,Sugar1969,Sugar1969,191,0,400
4028,49223.30516016479,Sugar1969,Sugar1969,192,0,1
4029,49225.80114425842,Sugar1969,Sugar1969,193,0,400
4030,49230.62248999675,Sugar1969,Sugar1969,194,0,10
4031,49257.90475198849,Sugar1969,Sugar1969,195,0,100
4032,49261.49648550367,Sugar1969,Sugar1969,196,7.27595761418e-12,2
4033,49265.59786059882,Sugar1969,Sugar1969,197,0,7
4034,49268.50984558769,Sugar1969,Sugar1969,198,0,2
4035,49272.24616313736,Sugar1969,Sugar1969,199,0,20
4036,49280.69897881425,Sugar1969,Sugar1969,200,0,300
4037,49286.36050715568,Sugar1969,Sugar1969,201,0,2
4038,49287.16204734058,Sugar1969,Sugar1969,202,0,5
4039,49290.70635502685,Sugar1969,Sugar1969,203,0,100
4040,49304.58442254321,Sugar1969,Sugar1969,204,0,40
4041,49326.32426990629,Sugar1969,Sugar1969,205,0,3
4042,49329.27159867558,Sugar1969,Sugar1969,206,0,40
4043,49331.50823741181,Sugar1969,Sugar1969,207,0,300
4044,49335.25916943119,Sugar1969,Sugar1969,208,7.27595761418e-12,10
4045,49341.43757577418,Sugar1969,Sugar1969,209,0,10
4046,49358.1726465861,Sugar1969,Sugar1969,210,0,30
4047,49375.49876588694,Sugar1969,Sugar1969,211,7.27595761418e-12,30
4048,49383.83573001857,Sugar1969,Sugar1969,212,0,100
4049,49387.30107790485,Sugar1969,Sugar1969,213,0,2
4050,49393.12953447318,Sugar1969,Sugar1969,214,7.27595761418e-12,20
4051,49393.93435538883,Sugar1969,Sugar1969,215,0,400
4052,49399.83900486449,Sugar1969,Sugar1969,216,0,70
4053,49410.82389464008,Sugar1969,Sugar1969,217,0,10
4054,49422.00905739248,Sugar1969,Sugar1969,218,7.27595761418e-12,10
4055,49431.41429385175,Sugar1969,Sugar1969,219,7.27595761418e-12,200
4056,49437.2582141751,Sugar1969,Sugar1969,220,7.27595761418e-12,70
4057,49446.93398875692,Sugar1969,Sugar1969,221,0,3
4058,49455.32244853517,Sugar1969,Sugar1969,222,0,1
4059,49467.1377102515,Sugar1969,Sugar1969,223,7.27595761418e-12,50
4060,49474.36194568174,Sugar1969,Sugar1969,224,0,1
4061,49485.89158238932,Sugar1969,Sugar1969,225,0,10
4062,49541.44186861831,Sugar1969,Sugar1969,226,7.27595761418e-12,1
4063,49544.56379860524,Sugar1969,Sugar1969,227,0,10
4064,49560.27778731914,Sugar1969,Sugar1969,228,0,30
4065,49585.6875468372,Sugar1969,Sugar1969,229,0,100
4066,49587.50596777642,Sugar1969,Sugar1969,230,0,2
4067,49591.7860629292,Sugar1969,Sugar1969,231,0,1
4068,49613.23770329296,Sugar1969,Sugar1969,232,0,100
4069,49615.77683863242,Sugar1969,Sugar1969,233,0,200
4070,49621.21550428716,Sugar1969,Sugar1969,234,0,20
4071,49622.52025120075,Sugar1969,Sugar1969,235,7.27595761418e-12,100
4072,49629.12034049571,Sugar1969,Sugar1969,236,7.27595761418e-12,100
4073,49642.44737492299,Sugar1969,Sugar1969,237,0,2
4074,49654.97400445081,Sugar1969,Sugar1969,238,0,5
4075,49676.72704127115,Sugar1969,Sugar1969,239,0,100
4076,49679.66749664865,Sugar1969,Sugar1969,240,0,30
4077,49711.84268212143,Sugar1969,Sugar1969,241,0,100
4078,49716.91121822635,Sugar1969,Sugar1969,242,0,3
4079,49726.30604020733,Sugar1969,Sugar1969,243,0,1
4080,49726.30604020733,Sugar1969,Sugar1969,243,0,1
4081,49734.02115374868,Sugar1969,Sugar1969,245,7.27595761418e-12,20
4082,49742.8511811073,Sugar1969,Sugar1969,246,7.27595761418e-12,80
4083,49753.59558944748,Sugar1969,Sugar1969,247,7.27595761418e-12,80
4084,49761.66843384537,Sugar1969,Sugar1969,248,0,40
4085,49764.43771035905,Sugar1969,Sugar1969,249,0,5
4086,49771.62158377827,Sugar1969,Sugar1969,250,0,40
4087,49771.62158377827,Sugar1969,Sugar1969,250,0,40
4088,49773.35950422569,Sugar1969,Sugar1969,252,7.27595761418e-12,40
4089,49799.16230602184,Sugar1969,Sugar1969,253,0,10
4090,49807.29583005345,Sugar1969,Sugar1969,254,0,20
4091,49831.49510233143,Sugar1969,Sugar1969,255,0,1
4092,49836.41128175642,Sugar1969,Sugar1969,256,0,30
4093,49848.66182691632,Sugar1969,Sugar1969,257,7.27595761418e-12,10
4094,49854.99693153973,Sugar1969,Sugar1969,258,0,30
4095,49889.84070447662,Sugar1969,Sugar1969,259,0,10
4096,49902.49108627255,Sugar1969,Sugar1969,260,0,20
4097,49925.08814297969,Sugar1969,Sugar1969,261,0,10
4098,49942.66782158403,Sugar1969,Sugar1969,262,0,2
4099,49954.06915586424,Sugar1969,Sugar1969,263,0,1
4100,49961.32817513144,Sugar1969,Sugar1969,264,7.27595761418e-12,10
4101,49964.00088233723,Sugar1969,Sugar1969,265,7.27595761418e-12,40
4102,49973.78940839066,Sugar1969,Sugar1969,266,0,5
4103,49980.40722907977,Sugar1969,Sugar1969,267,0,2
4104,49985.32758388069,Sugar1969,Sugar1969,268,7.27595761418e-12,200
4105,49988.44957204845,Sugar1969,Sugar1969,269,0,20
4106,49997.10015829887,Sugar1969,Sugar1969,270,0,400
4107,49997.10015829887,Sugar1969,Sugar1969,270,0,400
4108,50002.44717127894,Sugar1969,Sugar1969,272,0,30
4109,50005.12402329611,Sugar1969,Sugar1969,273,0,100
4110,50027.39058570674,Sugar1969,Sugar1969,274,0,30
4111,50035.07608610398,Sugar1969,Sugar1969,275,0,10
4112,50042.51045737914,Sugar1969,Sugar1969,276,0,1
4113,50048.44412790234,Sugar1969,Sugar1969,277,7.27595761418e-12,400
4114,50052.25133207381,Sugar1969,Sugar1969,278,0,20
4115,50082.26247313982,Sugar1969,Sugar1969,279,7.27595761418e-12,30
4116,50089.58609827375,Sugar1969,Sugar1969,280,0,3
4117,50099.62173146307,Sugar1969,Sugar1969,281,0,5
4118,50100.4778981369,Sugar1969,Sugar1969,282,0,10
4119,50119.88755448411,Sugar1969,Sugar1969,283,7.27595761418e-12,100
4120,50128.92973446201,Sugar1969,Sugar1969,284,7.27595761418e-12,1
4121,50133.04996670217,Sugar1969,Sugar1969,285,0,400
4122,50149.77394311676,Sugar1969,Sugar1969,286,7.27595761418e-12,20
4123,50164.99309796129,Sugar1969,Sugar1969,287,0,300
4124,50166.90497857629,Sugar1969,Sugar1969,288,0,100
4125,50201.22974767748,Sugar1969,Sugar1969,289,7.27595761418e-12,10
4126,50204.93436759659,Sugar1969,Sugar1969,290,7.27595761418e-12,6
4127,50210.3292197269,Sugar1969,Sugar1969,291,0,60
4128,50213.18124804169,Sugar1969,Sugar1969,292,0,30
4129,50224.78214362737,Sugar1969,Sugar1969,293,0,1
4130,50227.04831112987,Sugar1969,Sugar1969,294,0,3
4131,50260.19721762323,Sugar1969,Sugar1969,295,0,50
4132,50268.46118234075,Sugar1969,Sugar1969,296,7.27595761418e-12,300
4133,50282.33319108782,Sugar1969,Sugar1969,297,0,6
4134,50283.92650601011,Sugar1969,Sugar1969,298,0,2
4135,50295.56416259846,Sugar1969,Sugar1969,299,0,10
4136,50298.29439171869,Sugar1969,Sugar1969,300,0,300
4137,50311.15235547039,Sugar1969,Sugar1969,301,0,40
4138,50313.40205077549,Sugar1969,Sugar1969,302,0,2
4139,50352.59439975673,Sugar1969,Sugar1969,303,0,5
4140,50352.59439975673,Sugar1969,Sugar1969,303,0,5
4141,50377.24700915551,Sugar1969,Sugar1969,305,0,1
4142,50381.13125925667,Sugar1969,Sugar1969,306,0,10
4143,50385.49948925775,Sugar1969,Sugar1969,307,0,20
4144,50393.57539807737,Sugar1969,Sugar1969,308,0,4
4145,50394.38728834598,Sugar1969,Sugar1969,309,7.27595761418e-12,2
4146,50396.8768848426,Sugar1969,Sugar1969,310,0,50
4147,50420.73365500203,Sugar1969,Sugar1969,311,0,10
4148,50426.96723244618,Sugar1969,Sugar1969,312,0,2
4149,50429.12503420978,Sugar1969,Sugar1969,313,0,300
4150,50434.11090987485,Sugar1969,Sugar1969,314,0,2
4151,50441.56756389923,Sugar1969,Sugar1969,315,0,5
4152,50443.19427245321,Sugar1969,Sugar1969,316,7.27595761418e-12,1
4153,50464.78180937962,Sugar1969,Sugar1969,317,0,100
4154,50468.11598256665,Sugar1969,Sugar1969,318,7.27595761418e-12,2
4155,50475.98926884053,Sugar1969,Sugar1969,319,0,4
4156,50480.82808127445,Sugar1969,Sugar1969,320,0,10
4157,50482.94844288286,Sugar1969,Sugar1969,321,0,2
4158,50497.72899878802,Sugar1969,Sugar1969,322,0,200
4159,50500.180304129,Sugar1969,Sugar1969,323,7.27595761418e-12,100
4160,50511.55848377289,Sugar1969,Sugar1969,324,0,5
4161,50512.90757534093,Sugar1969,Sugar1969,325,0,20
4162,50545.20550380335,Sugar1969,Sugar1969,326,0,200
4163,50611.12757790911,Sugar1969,Sugar1969,327,0,2
4164,50612.87302799983,Sugar1969,Sugar1969,328,7.27595761418e-12,4
4165,50617.99540392479,Sugar1969,Sugar1969,329,0,200
4166,50622.04098145366,Sugar1969,Sugar1969,330,0,3
4167,50662.4344232037,Sugar1969,Sugar1969,331,0,3
4168,50669.08618180527,Sugar1969,Sugar1969,332,7.27595761418e-12,2
4169,50674.81043424533,Sugar1969,Sugar1969,333,0,10
4170,50687.91030375537,Sugar1969,Sugar1969,334,0,10
4171,50694.07933339805,Sugar1969,Sugar1969,335,0,5
4172,50704.79687999518,Sugar1969,Sugar1969,336,0,30
4173,50712.17791089864,Wyart1974,Sugar1969,337,0,2
4174,50716.88418930153,Sugar1969,Sugar1969,338,0,15
4175,50719.30105855608,Sugar1969,Sugar1969,339,7.27595761418e-12,200
4176,50728.2817672621,Sugar1969,Sugar1969,340,0,4
4177,50729.28517155226,Sugar1969,Sugar1969,341,0,4
4178,50746.6634223264,Sugar1969,Sugar1969,342,7.27595761418e-12,80
4179,50759.07806714518,Sugar1969,Sugar1969,343,0,1
4180,50766.80678900876,Sugar1969,Sugar1969,344,0,40
4181,50770.43886661094,Sugar1969,Sugar1969,345,0,20
4182,50775.13111506082,Sugar1969,Sugar1969,346,0,10
4183,50799.32570511334,Sugar1969,Sugar1969,347,0,60
4184,50807.15101675601,Sugar1969,Sugar1969,348,0,40
4185,50823.12947052545,Sugar1969,Sugar1969,349,7.27595761418e-12,10
4186,50827.29099318387,Sugar1969,Sugar1969,350,7.27595761418e-12,20
4187,50829.20205289407,Sugar1969,Sugar1969,351,0,1
4188,50832.81827785125,Sugar1969,Sugar1969,352,0,1
4189,50846.33494815065,Sugar1969,Sugar1969,353,0,2
4190,50851.7144168786,Sugar1969,Sugar1969,354,7.27595761418e-12,3
4191,50859.31785977667,Sugar1969,Sugar1969,355,0,40
4192,50859.31785977667,Sugar1969,Sugar1969,355,0,40
4193,50865.47757647859,Sugar1969,Sugar1969,357,0,80
4194,50881.62430356179,Sugar1969,Sugar1969,358,0,1
4195,50917.17282760182,Sugar1969,Sugar1969,359,0,2
4196,50918.80409040492,Sugar1969,Sugar1969,360,0,2
4197,50922.04261224667,Sugar1969,Sugar1969,361,7.27595761418e-12,100
4198,50923.47348083113,Sugar1969,Sugar1969,362,7.27595761418e-12,20
4199,50932.02876037318,Sugar1969,Sugar1969,363,7.27595761418e-12,100
4200,50949.00147828131,Sugar1969,Sugar1969,364,0,4
4201,50957.54046568577,Sugar1969,Sugar1969,365,0,10
4202,50970.24129409798,Sugar1969,Sugar1969,366,0,200
4203,50987.50038804701,Sugar1969,Sugar1969,367,0,3
4204,51001.28377970609,Sugar1969,Sugar1969,368,7.27595761418e-12,10
4205,51021.42190130801,Sugar1969,Sugar1969,369,0,30
4206,51023.6890028718,Sugar1969,Sugar1969,370,0,10
4207,51054.60893494452,Sugar1969,Sugar1969,371,7.27595761418e-12,2
4208,51062.42852042572,Sugar1969,Sugar1969,372,0,100
4209,51071.13798270537,Sugar1969,Sugar1969,373,0,2
4210,51072.49709619059,Sugar1969,Sugar1969,374,7.27595761418e-12,1
4211,51074.92137145613,Sugar1969,Sugar1969,375,0,3
4212,51089.79667459217,Sugar1969,Sugar1969,376,7.27595761418e-12,1
4213,51096.7134136178,Sugar1969,Sugar1969,377,0,6
4214,51097.60191039929,Sugar1969,Sugar1969,378,7.27595761418e-12,3
4215,51099.74036911636,Sugar1969,Sugar1969,379,7.27595761418e-12,20
4216,51107.18696827788,Sugar1969,Sugar1969,380,0,5
4217,51124.95005656236,Sugar1969,Sugar1969,381,0,15
4218,51137.26935100256,Sugar1969,Sugar1969,382,7.27595761418e-12,3
4219,51143.8851294729,Sugar1969,Sugar1969,383,0,3
4220,51163.06664603986,Sugar1969,Sugar1969,384,0,10
4221,51165.16123059096,Sugar1969,Sugar1969,385,0,60
4222,51166.96721709125,Sugar1969,Sugar1969,386,0,20
4223,51171.93721284444,Sugar1969,Sugar1969,387,7.27595761418e-12,40
4224,51174.66558017836,Sugar1969,Sugar1969,388,0,2
4225,51189.36178918101,Sugar1969,Sugar1969,389,7.27595761418e-12,20
4226,51194.86490397522,Sugar1969,Sugar1969,390,0,5
4227,51219.14085538014,Sugar1969,Sugar1969,391,7.27595761418e-12,1
4228,51230.34494272844,Sugar1969,Sugar1969,392,7.27595761418e-12,2
4229,51255.29381714588,Sugar1969,Sugar1969,393,0,200
4230,51259.33690386086,Sugar1969,Sugar1969,394,0,1
4231,51288.39064812611,Sugar1969,Sugar1969,395,7.27595761418e-12,100
4232,51304.25961472972,Sugar1969,Sugar1969,396,7.27595761418e-12,60
4233,51325.11097329202,Sugar1969,Sugar1969,397,7.27595761418e-12,10
4234,51360.11744831065,Sugar1969,Sugar1969,398,0,10
4235,51363.70598825613,Sugar1969,Sugar1969,399,0,1
4236,51365.55627640962,Sugar1969,Sugar1969,400,7.27595761418e-12,3
4237,51376.44881838903,Sugar1969,Sugar1969,401,0,80
4238,51396.81040982932,Sugar1969,Sugar1969,402,0,2
4239,51412.48204544957,Sugar1969,Sugar1969,403,0,1
4240,51444.69594973299,Sugar1969,Sugar1969,404,0,8
4241,51449.59276867531,Sugar1969,Sugar1969,405,7.27595761418e-12,4
4242,51459.04112075691,Sugar1969,Sugar1969,406,0,10
4243,51460.23331072341,Sugar1969,Sugar1969,407,0,30
4244,51494.9218374464,Sugar1969,Sugar1969,408,7.27595761418e-12,2
4245,51505.0827082005,Sugar1969,Sugar1969,409,0,100
4246,51513.20024062224,Sugar1969,Sugar1969,410,0,2
4247,51521.69365594616,Sugar1969,Sugar1969,411,0,2
4248,51523.73479147312,Sugar1969,Sugar1969,412,0,5
4249,51525.93805268069,Sugar1969,Sugar1969,413,0,2
4250,51565.02266654963,Sugar1969,Sugar1969,414,0,100
4251,51568.6942875767,Sugar1969,Sugar1969,415,0,10
4252,51606.88462322957,Sugar1969,Sugar1969,416,0,20
4253,51622.83870656018,Sugar1969,Sugar1969,417,0,10
4254,51635.31520361306,Sugar1969,Sugar1969,418,7.27595761418e-12,40
4255,51640.13974193713,Sugar1969,Sugar1969,419,0,3
4256,51642.89012225037,Sugar1969,Sugar1969,420,0,1
4257,51663.88800416944,Sugar1969,Sugar1969,421,0,30
4258,51671.83963723623,Sugar1969,Sugar1969,422,7.27595761418e-12,1
4259,51709.91652234789,Sugar1969,Sugar1969,423,0,10
4260,51712.32271529375,Sugar1969,Sugar1969,424,7.27595761418e-12,100
4261,51719.91874136848,Sugar1969,Sugar1969,425,7.27595761418e-12,1
4262,51736.48444108946,Sugar1969,Sugar1969,426,0,8
4263,51754.98664532798,Sugar1969,Sugar1969,427,7.27595761418e-12,5
4264,51766.82585642855,Sugar1969,Sugar1969,428,0,5
4265,51776.77359525135,Sugar1969,Sugar1969,429,7.27595761418e-12,1
4266,51791.65093844341,Sugar1969,Sugar1969,430,0,40
4267,51804.10356102887,Sugar1969,Sugar1969,431,0,10
4268,51813.44165413212,Sugar1969,Sugar1969,432,0,3
4269,51815.61800257368,Sugar1969,Sugar1969,433,0,20
4270,51821.36785279037,Sugar1969,Sugar1969,434,0,30
4271,51860.60265625107,Sugar1969,Sugar1969,435,7.27595761418e-12,7
4272,51872.03341792756,Sugar1969,Sugar1969,436,0,20
4273,51873.30046716661,Sugar1969,Sugar1969,437,7.27595761418e-12,20
4274,51875.88492696924,Sugar1969,Sugar1969,438,7.27595761418e-12,4
4275,51891.57924256236,Sugar1969,Sugar1969,439,0,300
4276,51897.26273543601,Sugar1969,Sugar1969,440,0,3
4277,51932.42959877663,Sugar1969,Sugar1969,441,0,3
4278,51943.08788068292,Sugar1969,Sugar1969,442,0,10
4279,51962.87342647654,Sugar1969,Sugar1969,443,0,30
4280,51992.21077905651,Sugar1969,Sugar1969,444,7.27595761418e-12,300
4281,51997.91483875182,Sugar1969,Sugar1969,445,0,2
4282,52010.49213209253,Sugar1969,Sugar1969,446,0,200
4283,52016.71305480161,Sugar1969,Sugar1969,447,0,3
4284,52018.47465577006,Sugar1969,Sugar1969,448,7.27595761418e-12,1
4285,52024.31700188296,Sugar1969,Sugar1969,449,0,20
4286,52027.86649768538,Sugar1969,Sugar1969,451,7.27595761418e-12,10
4287,52027.86649768538,Sugar1969,Sugar1969,451,7.27595761418e-12,10
4288,52033.79331636647,Sugar1969,Sugar1969,452,0,2
4289,52035.55599720444,Sugar1969,Sugar1969,453,0,50
4290,52059.77285780032,Sugar1969,Sugar1969,454,0,1
4291,52093.12601116201,Sugar1969,Sugar1969,455,7.27595761418e-12,1
4292,52106.07714866534,Sugar1969,Sugar1969,456,0,30
4293,52122.37282314989,Sugar1969,Sugar1969,457,0,100
4294,52159.37385302094,Sugar1969,Sugar1969,458,7.27595761418e-12,1
4295,52171.89039323918,Sugar1969,Sugar1969,459,0,4
4296,52178.26249909327,Sugar1969,Sugar1969,460,7.27595761418e-12,1
4297,52189.1809279157,Sugar1969,Sugar1969,461,7.27595761418e-12,50
4298,52211.24737735509,Sugar1969,Sugar1969,462,0,1
4299,52228.01980024064,Sugar1969,Sugar1969,463,0,2
4300,52247.58760744773,Sugar1969,Sugar1969,464,0,70
4301,52256.92261715179,Sugar1969,Sugar1969,465,7.27595761418e-12,1
4302,52264.64985184309,Sugar1969,Sugar1969,466,0,2
4303,52266.15904754576,Sugar1969,Sugar1969,467,0,100
4304,52282.17111530384,Sugar1969,Sugar1969,468,0,5
4305,52283.44996500632,Sugar1969,Sugar1969,469,0,20
4306,52321.75494161427,Sugar1969,Sugar1969,470,0,3
4307,52349.38901749876,Sugar1969,Sugar1969,471,0,2
4308,52353.4737651863,Sugar1969,Sugar1969,472,7.27595761418e-12,1
4309,52358.89935936598,Sugar1969,Sugar1969,473,0,3
4310,52370.52386359946,Sugar1969,Sugar1969,474,0,200
4311,52376.37042721274,Sugar1969,Sugar1969,475,0,300
4312,52412.10942155268,Sugar1969,Sugar1969,476,0,4
4313,52436.90005235867,Sugar1969,Sugar1969,477,0,10
4314,52445.26305462887,Sugar1969,Sugar1969,478,0,10
4315,52462.42698712515,Sugar1969,Sugar1969,479,0,2
4316,52464.79639494165,Sugar1969,Sugar1969,480,0,40
4317,52470.88138445942,Sugar1969,Sugar1969,481,0,20
4318,52474.48782741228,Sugar1969,Sugar1969,482,0,10
4319,52493.96457221857,Sugar1969,Sugar1969,483,0,1
4320,52497.23835666536,Sugar1969,Sugar1969,484,0,3
4321,52503.77556553616,Sugar1969,Sugar1969,485,0,1
4322,52515.16387460796,Sugar1969,Sugar1969,486,0,4
4323,52538.78036848758,Sugar1969,Sugar1969,487,0,60
4324,52545.42982090652,Sugar1969,Sugar1969,488,0,10
4325,52546.3145286326,Sugar1969,Sugar1969,489,0,10
4326,52570.29354603231,Sugar1969,Sugar1969,490,0,2
4327,52576.8149037902,Sugar1969,Sugar1969,491,0,4
4328,52584.11380894791,Sugar1969,Sugar1969,492,0,7
4329,52609.12151070603,Sugar1969,Sugar1969,493,0,5
4330,52616.04028099462,Sugar1969,Sugar1969,494,0,1
4331,52641.91243149208,Sugar1969,Sugar1969,495,0,1
4332,52645.68370066272,Sugar1969,Sugar1969,496,0,5
4333,52681.48860306363,Sugar1969,Sugar1969,497,0,80
4334,52686.48496774415,Sugar1969,Sugar1969,498,0,5
4335,52686.48496774415,Sugar1969,Sugar1969,498,0,5
4336,52712.53184410338,Sugar1969,Sugar1969,500,0,1
4337,52730.65298063307,Sugar1969,Sugar1969,501,7.27595761418e-12,6
4338,52731.23805088935,Sugar1969,Sugar1969,502,7.27595761418e-12,2
4339,52734.55367757753,Sugar1969,Sugar1969,503,0,1
4340,52757.24851711303,Sugar1969,Sugar1969,504,0,2
4341,52766.38438128554,Sugar1969,Sugar1969,505,0,1
4342,52779.58516373143,Sugar1969,Sugar1969,506,0,2
4343,52783.81725328222,Sugar1969,Sugar1969,507,0,1
4344,52788.33016892517,Sugar1969,Sugar1969,508,7.27595761418e-12,3
4345,52802.10180571113,Sugar1969,Sugar1969,509,0,3
4346,52805.24884623311,Sugar1969,Sugar1969,510,0,1
4347,52810.32598878755,Sugar1969,Sugar1969,511,0,3
4348,52816.88405202826,Sugar1969,Sugar1969,512,0,1
4349,52821.15479801033,Sugar1969,Sugar1969,513,0,10
4350,52839.99164721737,Sugar1969,Sugar1969,514,0,60
4351,52846.69332197583,Sugar1969,Sugar1969,515,0,1
4352,52849.01011525113,Sugar1969,Sugar1969,516,7.27595761418e-12,5
4353,52852.72400610812,Sugar1969,Sugar1969,517,7.27595761418e-12,4
4354,52865.04423710438,Sugar1969,Sugar1969,518,7.27595761418e-12,2
4355,52883.5252309458,Sugar1969,Sugar1969,519,0,5
4356,52886.91056219184,Sugar1969,Sugar1969,520,0,200
4357,52891.43984001361,Sugar1969,Sugar1969,521,7.27595761418e-12,2
4358,52914.75961044109,Sugar1969,Sugar1969,522,0,2
4359,52919.18216727235,Sugar1969,Sugar1969,523,7.27595761418e-12,60
4360,52957.85106342904,Sugar1969,Sugar1969,524,0,30
4361,52980.41218150305,Sugar1969,Sugar1969,525,0,1
4362,52989.11486371174,Sugar1969,Sugar1969,526,7.27595761418e-12,10
4363,53000.01178973576,Sugar1969,Sugar1969,527,7.27595761418e-12,4
4364,53004.72990222694,Sugar1969,Sugar1969,528,7.27595761418e-12,10
4365,53008.47141968679,Sugar1969,Sugar1969,529,7.27595761418e-12,7
4366,53010.6898749086,Sugar1969,Sugar1969,530,7.27595761418e-12,5
4367,53018.56164675893,Sugar1969,Sugar1969,531,0,1
4368,53023.95943035853,Sugar1969,Sugar1969,532,0,3
4369,53025.95597270878,Sugar1969,Sugar1969,533,0,4
4370,53041.17074855345,Sugar1969,Sugar1969,534,0,3
4371,53049.97751084286,Sugar1969,Sugar1969,535,0,5
4372,53060.16798948353,Sugar1969,Sugar1969,536,7.27595761418e-12,3
4373,53067.31619952244,Sugar1969,Sugar1969,537,0,20
4374,53074.27615447174,Sugar1969,Sugar1969,538,0,10
4375,53075.59835859205,Sugar1969,Sugar1969,539,7.27595761418e-12,1
4376,53084.50139152597,Sugar1969,Sugar1969,540,0,3
4377,53087.00890173545,Sugar1969,Sugar1969,541,7.27595761418e-12,50
4378,53088.50306919237,Sugar1969,Sugar1969,542,7.27595761418e-12,50
4379,53097.86481168136,Sugar1969,Sugar1969,543,0,2
4380,53101.55892880519,Sugar1969,Sugar1969,544,0,50
4381,53106.54366156248,Sugar1969,Sugar1969,545,0,1
4382,53108.66521500067,Sugar1969,Sugar1969,546,0,2
4383,53111.17484004908,Sugar1969,Sugar1969,547,7.27595761418e-12,3
4384,53134.08850559546,Sugar1969,Sugar1969,548,7.27595761418e-12,20
4385,53156.88225602056,Sugar1969,Sugar1969,549,0,500
4386,53165.50044579669,Sugar1969,Sugar1969,550,7.27595761418e-12,10
4387,53175.33589670293,Sugar1969,Sugar1969,551,0,10
4388,53195.8770311343,Sugar1969,Sugar1969,552,7.27595761418e-12,4
4389,53197.5415030304,Sugar1969,Sugar1969,553,0,4
4390,53200.73971382147,Sugar1969,Sugar1969,554,0,1
4391,53203.62775353213,Sugar1969,Sugar1969,555,0,2
4392,53204.44709764366,Sugar1969,Sugar1969,556,0,5
4393,53213.13942110597,Sugar1969,Sugar1969,557,0,20
4394,53224.81063735404,Sugar1969,Sugar1969,558,7.27595761418e-12,10
4395,53235.12330285947,Sugar1969,Sugar1969,559,7.27595761418e-12,20
4396,53256.8129049202,Sugar1969,Sugar1969,560,0,10
4397,53268.55438685554,Sugar1969,Sugar1969,561,0,5
4398,53278.40633714623,Sugar1969,Sugar1969,562,0,100
4399,53285.72906967162,Sugar1969,Sugar1969,563,0,2
4400,53289.30856772749,Sugar1969,Sugar1969,564,7.27595761418e-12,20
4401,53311.89522876737,Sugar1969,Sugar1969,565,0,8
4402,53322.29923413821,Sugar1969,Sugar1969,566,0,10
4403,53324.54952909355,Sugar1969,Sugar1969,567,0,20
4404,53333.87574571691,Sugar1969,Sugar1969,568,0,20
4405,53359.54027603615,Sugar1969,Sugar1969,569,7.27595761418e-12,60
4406,53361.88000226602,Sugar1969,Sugar1969,570,0,20
4407,53364.23875903156,Sugar1969,Sugar1969,571,7.27595761418e-12,5
4408,53376.8897099337,Sugar1969,Sugar1969,572,7.27595761418e-12,5
4409,53377.91347378551,Sugar1969,Sugar1969,573,0,7
4410,53386.11991279826,Sugar1969,Sugar1969,574,0,2
4411,53397.78233148078,Sugar1969,Sugar1969,575,0,200
4412,53422.2861291232,Sugar1969,Sugar1969,576,7.27595761418e-12,20
4413,53452.32342431125,Sugar1969,Sugar1969,577,7.27595761418e-12,5
4414,53465.81339804341,Sugar1969,Sugar1969,578,7.27595761418e-12,1
4415,53481.57225356732,Sugar1969,Sugar1969,579,0,2
4416,53526.13847416521,Sugar1969,Sugar1969,580,0,1
4417,53533.70593973901,Sugar1969,Sugar1969,581,0,5
4418,53545.66278217492,Sugar1969,Sugar1969,582,0,200
4419,53555.43552519297,Sugar1969,Sugar1969,583,7.27595761418e-12,5
4420,53563.09777955372,Sugar1969,Sugar1969,584,0,5
4421,53571.10306579863,Sugar1969,Sugar1969,585,0,1
4422,53585.42564964014,Sugar1969,Sugar1969,586,0,30
4423,53595.10565692348,Sugar1969,Sugar1969,587,0,4
4424,53599.23949057553,Sugar1969,Sugar1969,588,0,5
4425,53604.07193789002,Sugar1969,Sugar1969,589,7.27595761418e-12,10
4426,53604.84198273031,Sugar1969,Sugar1969,590,0,10
4427,53612.63113743526,Sugar1969,Sugar1969,591,0,20
4428,53615.30642477434,Sugar1969,Sugar1969,592,0,40
4429,53617.55311338772,Sugar1969,Sugar1969,593,0,2
4430,53644.01000539393,Sugar1969,Sugar1969,594,0,50
4431,53657.57057117759,Sugar1969,Sugar1969,595,0,20
4432,53665.54111030533,Sugar1969,Sugar1969,596,7.27595761418e-12,20
4433,53666.87169637814,Sugar1969,Sugar1969,597,0,5
4434,53668.53682272206,Sugar1969,Sugar1969,598,0,10
4435,53675.59775663934,Sugar1969,Sugar1969,599,0,100
4436,53704.88634693567,Sugar1969,Sugar1969,600,0,4
4437,53721.07279761964,Sugar1969,Sugar1969,601,0,60
4438,53733.39665903388,Sugar1969,Sugar1969,602,7.27595761418e-12,10
4439,53738.1294755104,Sugar1969,Sugar1969,603,0,30
4440,53756.01225840797,Sugar1969,Sugar1969,604,0,10
4441,53758.61305553227,Sugar1969,Sugar1969,605,7.27595761418e-12,100
4442,53758.61305553227,Sugar1969,Sugar1969,605,7.27595761418e-12,100
4443,53772.7193714851,Sugar1969,Sugar1969,607,0,40
4444,53782.87424626985,Sugar1969,Sugar1969,608,0,5
4445,53784.55372277138,Sugar1969,Sugar1969,609,0,5
4446,53815.57999617,Sugar1969,Sugar1969,610,7.27595761418e-12,10
4447,53827.37056565851,Sugar1969,Sugar1969,611,0,5
4448,53832.47045740784,Sugar1969,Sugar1969,612,7.27595761418e-12,5
4449,53844.1453732986,Sugar1969,Sugar1969,613,7.27595761418e-12,10
4450,53849.01869867474,Sugar1969,Sugar1969,614,0,1
4451,53852.29737157466,Sugar1969,Sugar1969,615,7.27595761418e-12,1
4452,53875.128017439,Sugar1969,Sugar1969,616,7.27595761418e-12,10
4453,53877.77400015334,Sugar1969,Sugar1969,617,0,10
4454,53882.84815419162,Sugar1969,Sugar1969,618,0,10
4455,53890.8960584212,Sugar1969,Sugar1969,619,0,2
4456,53893.50890710605,Sugar1969,Sugar1969,620,0,10
4457,53904.95929665804,Sugar1969,Sugar1969,621,0,3
4458,53908.23647085796,Sugar1969,Sugar1969,622,7.27595761418e-12,30
4459,53932.16990222834,Sugar1969,Sugar1969,623,7.27595761418e-12,5
4460,53938.65023716809,Sugar1969,Sugar1969,624,0,10
4461,53944.59103392019,Sugar1969,Sugar1969,625,0,1
4462,53957.04427843609,Sugar1969,Sugar1969,626,0,4
4463,53958.15793764001,Sugar1969,Sugar1969,627,0,4
4464,53964.27158762664,Sugar1969,Sugar1969,628,0,4
4465,53981.66338030909,Sugar1969,Sugar1969,629,0,2
4466,53983.76169925617,Sugar1969,Sugar1969,630,0,2
4467,53998.85388284123,Sugar1969,Sugar1969,631,0,1
4468,54051.1646073689,Sugar1969,Sugar1969,632,0,8
4469,54072.14265548866,Sugar1969,Sugar1969,633,7.27595761418e-12,10
4470,54075.18822835349,Sugar1969,Sugar1969,634,7.27595761418e-12,2
4471,54102.07540669396,Sugar1969,Sugar1969,635,7.27595761418e-12,4
4472,54107.83700055252,Sugar1969,Sugar1969,636,0,2
4473,54127.67023689633,Sugar1969,Sugar1969,637,0,10
4474,54132.82268147384,Sugar1969,Sugar1969,638,0,10
4475,54136.10629377929,Sugar1969,Sugar1969,639,0,20
4476,54136.96017663276,Sugar1969,Sugar1969,640,0,2
4477,54141.4380015473,Sugar1969,Sugar1969,641,0,10
4478,54143.76048533026,Sugar1969,Sugar1969,642,0,20
4479,54146.65476822916,Sugar1969,Sugar1969,643,7.27595761418e-12,40
4480,54160.09146349417,Sugar1969,Sugar1969,644,0,20
4481,54165.69442128961,Sugar1969,Sugar1969,645,7.27595761418e-12,6
4482,54174.23038412722,Sugar1969,Sugar1969,646,0,1
4483,54201.98298463579,Sugar1969,Sugar1969,647,0,2
4484,54204.59662435824,Sugar1969,Sugar1969,648,7.27595761418e-12,3
4485,54212.59010240485,Sugar1969,Sugar1969,649,0,1
4486,54232.58329554381,Sugar1969,Sugar1969,650,0,20
4487,54242.46870208889,Sugar1969,Sugar1969,651,0,4
4488,54248.88237230653,Sugar1969,Sugar1969,652,0,10
4489,54260.82928037475,Sugar1969,Sugar1969,653,7.27595761418e-12,10
4490,54265.57465359615,Sugar1969,Sugar1969,654,0,200
4491,54265.57465359615,Sugar1969,Sugar1969,654,0,200
4492,54278.0641874734,Sugar1969,Sugar1969,656,0,60
4493,54281.89198547754,Sugar1969,Sugar1969,657,7.27595761418e-12,5
4494,54290.99776917439,Sugar1969,Sugar1969,658,0,1
4495,54296.80441242063,Sugar1969,Sugar1969,659,0,2
4496,54303.14051998125,Sugar1969,Sugar1969,660,0,6
4497,54304.64414962928,Sugar1969,Sugar1969,661,0,2
4498,54309.12836375369,Sugar1969,Sugar1969,662,0,2
4499,54319.66552432349,Sugar1969,Sugar1969,663,0,10
4500,54330.55632043759,Sugar1969,Sugar1969,664,7.27595761418e-12,1
4501,54343.80861889893,Sugar1969,Sugar1969,665,7.27595761418e-12,3
4502,54361.20881095419,Sugar1969,Sugar1969,666,7.27595761418e-12,2
4503,54393.47177335407,Sugar1969,Sugar1969,667,7.27595761418e-12,200
4504,54401.10339246214,Sugar1969,Sugar1969,668,0,50
4505,54407.4346758617,Sugar1969,Sugar1969,669,0,20
4506,54426.15625760644,Sugar1969,Sugar1969,670,0,3
4507,54427.36961717322,Sugar1969,Sugar1969,671,0,1
4508,54430.98275716703,Sugar1969,Sugar1969,672,0,2
4509,54434.38951865114,Sugar1969,Sugar1969,673,0,6
4510,54439.92772887941,Sugar1969,Sugar1969,674,0,3
4511,54445.32265330724,Sugar1969,Sugar1969,675,0,3
4512,54447.39975025592,Sugar1969,Sugar1969,676,0,5
4513,54452.26504708358,Sugar1969,Sugar1969,677,0,7
4514,54475.24669217633,Sugar1969,Sugar1969,678,7.27595761418e-12,2
4515,54476.4075126465,Sugar1969,Sugar1969,679,7.27595761418e-12,1
4516,54489.40892407174,Sugar1969,Sugar1969,680,7.27595761418e-12,1
4517,54513.79714866705,Sugar1969,Sugar1969,681,0,8
4518,54548.22898050195,Sugar1969,Sugar1969,682,7.27595761418e-12,100
4519,54551.80219698646,Sugar1969,Sugar1969,683,0,100
4520,54571.2740219042,Sugar1969,Sugar1969,684,7.27595761418e-12,2
4521,54575.29296985814,Sugar1969,Sugar1969,685,7.27595761418e-12,15
4522,54607.09178857142,Sugar1969,Sugar1969,686,0,4
4523,54608.63830214999,Sugar1969,Sugar1969,687,7.27595761418e-12,8
4524,54618.78415416888,Sugar1969,Sugar1969,688,0,50
4525,54623.10802841928,Sugar1969,Sugar1969,689,0,1
4526,54627.10658590234,Sugar1969,Sugar1969,690,7.27595761418e-12,100
4527,54635.52175152889,Sugar1969,Sugar1969,691,0,20
4528,54652.5127171157,Sugar1969,Sugar1969,692,0,10
4529,54665.32813367208,Sugar1969,Sugar1969,693,7.27595761418e-12,100
4530,54679.19987913647,Sugar1969,Sugar1969,694,0,5
4531,54686.97658647998,Sugar1969,Sugar1969,695,7.27595761418e-12,1
4532,54698.72784082708,Sugar1969,Sugar1969,696,0,2
4533,54703.24456201451,Sugar1969,Sugar1969,697,0,2
4534,54711.83507632402,Wyart1974,Sugar1969,698,0,4
4535,54735.55972300612,Sugar1969,Sugar1969,699,0,10
4536,54764.83899672739,Sugar1969,Sugar1969,700,0,2
4537,54770.75554303848,Sugar1969,Sugar1969,701,0,1
4538,54788.06886852293,Sugar1969,Sugar1969,702,7.27595761418e-12,2
4539,54825.7667290008,Sugar1969,Sugar1969,703,0,3
4540,54828.91839937062,Sugar1969,Sugar1969,704,7.27595761418e-12,15
4541,54833.4907217319,Sugar1969,Sugar1969,705,0,60
4542,54837.76308424841,Sugar1969,Sugar1969,706,0,30
4543,54865.47237142848,Sugar1969,Sugar1969,707,0,2
4544,54869.2660813956,Sugar1969,Sugar1969,708,0,20
4545,54891.30890883895,Sugar1969,Sugar1969,709,0,4
4546,54901.28601547411,Sugar1969,Sugar1969,710,7.27595761418e-12,8
4547,54904.83820206106,Sugar1969,Sugar1969,711,0,1
4548,54919.10381273228,Sugar1969,Sugar1969,712,7.27595761418e-12,50
4549,54936.11858645165,Sugar1969,Sugar1969,713,0,4
4550,54957.28575053093,Sugar1969,Sugar1969,714,0,30
4551,54966.43435705275,Sugar1969,Sugar1969,715,0,15
4552,54967.43165374673,Sugar1969,Sugar1969,716,0,10
4553,54977.89142471047,Sugar1969,Sugar1969,717,0,10
4554,55004.56576246267,Sugar1969,Sugar1969,718,0,10
4555,55023.62738743157,Sugar1969,Sugar1969,719,0,3
4556,55025.35940541788,Sugar1969,Sugar1969,720,7.27595761418e-12,7
4557,55035.07857188945,Sugar1969,Sugar1969,721,7.27595761418e-12,1
4558,55046.58963226144,Sugar1969,Sugar1969,722,0,400
4559,55051.40641467947,Sugar1969,Sugar1969,723,0,2
4560,55074.53721328426,Sugar1969,Sugar1969,724,0,30
4561,55095.66322776167,Sugar1969,Sugar1969,725,7.27595761418e-12,4
4562,55117.82575966758,Sugar1969,Sugar1969,726,0,40
4563,55176.21743374997,Sugar1969,Sugar1969,727,7.27595761418e-12,20
4564,55190.8694119315,Sugar1969,Sugar1969,728,7.27595761418e-12,200
4565,55224.97505305371,Sugar1969,Sugar1969,729,7.27595761418e-12,50
4566,55229.97699438326,Sugar1969,Sugar1969,730,0,3
4567,55262.17695865194,Sugar1969,Sugar1969,731,7.27595761418e-12,4
4568,55293.94912466969,Sugar1969,Sugar1969,732,0,15
4569,55306.49267224939,Sugar1969,Sugar1969,733,0,30
4570,55312.39644880838,Sugar1969,Sugar1969,734,0,4
4571,55316.58893214478,Sugar1969,Sugar1969,735,7.27595761418e-12,1
4572,55386.90222796299,Sugar1969,Sugar1969,736,7.27595761418e-12,5
4573,55408.57161101332,Sugar1969,Sugar1969,737,0,40
4574,55421.49736096244,Sugar1969,Sugar1969,738,0,10
4575,55450.84191238229,Sugar1969,Sugar1969,739,0,2
4576,55456.01097590152,Sugar1969,Sugar1969,740,0,3
4577,55460.03749332522,Sugar1969,Sugar1969,741,7.27595761418e-12,3
4578,55480.65176451925,Sugar1969,Sugar1969,742,0,20
4579,55484.90436327206,Sugar1969,Sugar1969,743,7.27595761418e-12,20
4580,55488.17100643276,Sugar1969,Sugar1969,744,0,5
4581,55495.00396376513,Sugar1969,Sugar1969,745,0,1
4582,55519.40571067795,Sugar1969,Sugar1969,746,0,100
4583,55519.40571067795,Sugar1969,Sugar1969,746,0,100
4584,55527.72738921433,Sugar1969,Sugar1969,748,0,20
4585,55529.67494086648,Sugar1969,Sugar1969,749,0,10
4586,55572.43962443043,Sugar1969,Sugar1969,750,0,1
4587,55606.61913923342,Sugar1969,Sugar1969,751,0,20
4588,55639.84556161011,Sugar1969,Sugar1969,752,0,20
4589,55645.67319752061,Sugar1969,Sugar1969,753,0,20
4590,55647.96540559933,Sugar1969,Sugar1969,754,0,1
4591,55687.93481177642,Sugar1969,Sugar1969,755,0,2
4592,55689.77071311094,Sugar1969,Sugar1969,756,0,10
4593,55715.8286680729,Sugar1969,Sugar1969,757,0,10
4594,55722.28999192073,Sugar1969,Sugar1969,758,7.27595761418e-12,40
4595,55736.2680003768,Sugar1969,Sugar1969,759,7.27595761418e-12,1
4596,55742.19910501088,Sugar1969,Sugar1969,760,7.27595761418e-12,40
4597,55750.83497448004,Sugar1969,Sugar1969,761,7.27595761418e-12,100
4598,55756.83441378025,Sugar1969,Sugar1969,762,0,40
4599,55772.9792221802,Sugar1969,Sugar1969,763,0,10
4600,55778.851889774,Sugar1969,Sugar1969,764,0,3
4601,55785.86186658163,Sugar1969,Sugar1969,765,0,1
4602,55800.42409120635,Sugar1969,Sugar1969,766,7.27595761418e-12,1
4603,55805.50200485264,Sugar1969,Sugar1969,767,0,30
4604,55813.22426389062,Sugar1969,Sugar1969,768,7.27595761418e-12,80
4605,55826.18952871335,Sugar1969,Sugar1969,769,0,2
4606,55863.70543537846,Sugar1969,Sugar1969,770,0,2
4607,55865.0809824169,Sugar1969,Sugar1969,771,0,3
4608,55867.32394129573,Sugar1969,Sugar1969,772,0,1
4609,55876.66364000017,Sugar1969,Sugar1969,773,7.27595761418e-12,5
4610,55889.42989992032,Sugar1969,Sugar1969,774,0,1
4611,55893.1172579253,Sugar1969,Sugar1969,775,7.27595761418e-12,1
4612,55913.96726481908,Sugar1969,Sugar1969,776,7.27595761418e-12,2
4613,55935.60631145349,Sugar1969,Sugar1969,777,0,3
4614,55939.82834229142,Sugar1969,Sugar1969,778,0,1
4615,55954.88809863297,Sugar1969,Sugar1969,779,0,15
4616,55960.83312017966,Sugar1969,Sugar1969,780,0,4
4617,55969.38814721099,Sugar1969,Sugar1969,781,7.27595761418e-12,10
4618,55986.61951916513,Sugar1969,Sugar1969,782,0,70
4619,55994.6427127814,Sugar1969,Sugar1969,783,0,10
4620,56012.04897353707,Sugar1969,Sugar1969,784,0,1
4621,56149.39802235794,Sugar1969,Sugar1969,785,0,10
4622,56160.9734611133,Sugar1969,Sugar1969,786,7.27595761418e-12,5
4623,56173.14375517888,Sugar1969,Sugar1969,787,0,10
4624,56196.82160113637,Sugar1969,Sugar1969,788,0,4
4625,56210.56797298905,Sugar1969,Sugar1969,789,0,2
4626,56219.82182880512,Sugar1969,Sugar1969,790,0,1
4627,56229.62162797676,Sugar1969,Sugar1969,791,0,1
4628,56251.94977193163,Sugar1969,Sugar1969,792,0,4
4629,56260.30881828185,Sugar1969,Sugar1969,793,0,2
4630,56278.44750912918,Sugar1969,Sugar1969,794,0,20
4631,56289.98498624019,Sugar1969,Sugar1969,795,0,15
4632,56354.18939717436,Sugar1969,Sugar1969,796,7.27595761418e-12,5
4633,56361.61877277228,Sugar1969,Sugar1969,797,0,1
4634,56400.84321860478,Sugar1969,Sugar1969,798,0,7
4635,56420.99170592814,Sugar1969,Sugar1969,799,7.27595761418e-12,1
4636,56429.30052274424,Sugar1969,Sugar1969,800,0,3
4637,56434.74194168323,Sugar1969,Sugar1969,801,7.27595761418e-12,4
4638,56443.60141019545,Sugar1969,Sugar1969,802,0,1
4639,56447.90255943316,Sugar1969,Sugar1969,803,0,15
4640,56449.88042309534,Sugar1969,Sugar1969,804,0,10
4641,56454.81641279913,Sugar1969,Sugar1969,805,7.27595761418e-12,4
4642,56516.39737055505,Sugar1969,Sugar1969,806,7.27595761418e-12,100
4643,56527.07043913245,Sugar1969,Sugar1969,807,7.27595761418e-12,20
4644,56541.32004569663,Sugar1969,Sugar1969,808,0,7
4645,56545.7693024089,Sugar1969,Sugar1969,809,0,10
4646,56557.43553384189,Sugar1969,Sugar1969,810,0,5
4647,56611.2939001842,Sugar1969,Sugar1969,811,7.27595761418e-12,3
4648,56639.79876163648,Sugar1969,Sugar1969,812,0,2
4649,56647.62484111532,Sugar1969,Sugar1969,813,0,1
4650,56654.42828409122,Sugar1969,Sugar1969,814,0,4
4651,56661.74561376261,Sugar1969,Sugar1969,815,0,10
4652,56717.57515018655,Sugar1969,Sugar1969,816,0,20
4653,56721.33315017703,Sugar1969,Sugar1969,817,0,1
4654,56732.27965337186,Sugar1969,Sugar1969,818,7.27595761418e-12,7
4655,56764.38610533748,Sugar1969,Sugar1969,819,0,20
4656,56784.23653093212,Sugar1969,Sugar1969,820,0,2
4657,56790.46757256366,Sugar1969,Sugar1969,821,7.27595761418e-12,10
4658,56801.46749791237,Sugar1969,Sugar1969,822,7.27595761418e-12,10
4659,56820.89431687893,Sugar1969,Sugar1969,823,7.27595761418e-12,1
4660,56840.20669927051,Sugar1969,Sugar1969,824,0,30
4661,56841.499775082,Sugar1969,Sugar1969,825,7.27595761418e-12,10
4662,56871.46967683923,Sugar1969,Sugar1969,826,0,5
4663,56873.86382003579,Sugar1969,Sugar1969,827,0,1
4664,56876.48208515148,Sugar1969,Sugar1969,828,0,7
4665,56963.11276147518,Sugar1969,Sugar1969,829,0,20
4666,56965.6114971737,Sugar1969,Sugar1969,830,0,4
4667,56982.19990989475,Sugar1969,Sugar1969,831,0,10
4668,56993.59913966681,Sugar1969,Sugar1969,832,0,200
4669,57035.40221070871,Sugar1969,Sugar1969,833,0,10
4670,57126.9929155552,Sugar1969,Sugar1969,834,0,5
4671,57127.77777710524,Sugar1969,Sugar1969,835,0,5
4672,57170.29899381095,Sugar1969,Sugar1969,836,7.27595761418e-12,2
4673,57197.43599052474,Sugar1969,Sugar1969,837,0,5
4674,57209.90646182788,Sugar1969,Sugar1969,838,0,100
4675,57266.39000013815,Sugar1969,Sugar1969,839,0,1
4676,57277.73433755927,Sugar1969,Sugar1969,840,0,3
4677,57291.02537654195,Sugar1969,Sugar1969,841,7.27595761418e-12,10
4678,57295.78897383974,Sugar1969,Sugar1969,842,0,2
4679,57320.68400352774,Sugar1969,Sugar1969,843,0,4
4680,57340.86691252433,Sugar1969,Sugar1969,844,0,3
4681,57347.40645367019,Sugar1969,Sugar1969,845,0,1
4682,57359.93603213612,Sugar1969,Sugar1969,846,0,400
4683,57386.37484228718,Sugar1969,Sugar1969,847,0,2
4684,57402.87814247869,Sugar1969,Sugar1969,848,7.27595761418e-12,10
4685,57419.68705712457,Sugar1969,Sugar1969,849,7.27595761418e-12,1
4686,57455.71055119615,Sugar1969,Sugar1969,850,0,1
4687,57469.41332406102,Sugar1969,Sugar1969,851,0,1
4688,57476.55453012502,Sugar1969,Sugar1969,852,7.27595761418e-12,200
4689,57505.27457598638,Sugar1969,Sugar1969,853,0,30
4690,57538.32368333387,Sugar1969,Sugar1969,854,0,5
4691,57570.65087771543,Sugar1969,Sugar1969,855,0,10
4692,57578.90942172777,Sugar1969,Sugar1969,856,0,5
4693,57582.2532788383,Sugar1969,Sugar1969,857,7.27595761418e-12,200
4694,57610.29151518163,Sugar1969,Sugar1969,858,0,4
4695,57611.75582065205,Sugar1969,Sugar1969,859,0,1
4696,57669.16614078623,Sugar1969,Sugar1969,860,7.27595761418e-12,2
4697,57723.99035289155,Sugar1969,Sugar1969,861,7.27595761418e-12,20
4698,57752.52322322985,Sugar1969,Sugar1969,862,0,2
4699,57755.32487268063,Sugar1969,Sugar1969,863,0,2
4700,57813.42412621974,Sugar1969,Sugar1969,864,0,3
4701,57860.26242959316,Sugar1969,Sugar1969,865,0,1
4702,57894.45354292644,Sugar1969,Sugar1969,866,0,1
4703,57897.37819382511,Sugar1969,Sugar1969,867,0,1
4704,57952.43245666203,Sugar1969,Sugar1969,868,0,3
4705,58000.73392955709,Sugar1969,Sugar1969,869,7.27595761418e-12,1
4706,58016.71938343853,Sugar1969,Sugar1969,870,0,10
4707,58048.64333022539,Sugar1969,Sugar1969,871,7.27595761418e-12,2
4708,58071.63442006244,Sugar1969,Sugar1969,872,0,15
4709,58078.75940988264,Sugar1969,Sugar1969,873,7.27595761418e-12,1
4710,58089.78838305829,Sugar1969,Sugar1969,874,7.27595761418e-12,1
4711,58102.30796214047,Sugar1969,Sugar1969,875,0,5
4712,58138.38710931032,Sugar1969,Sugar1969,876,7.27595761418e-12,2
4713,58141.5668643271,Sugar1969,Sugar1969,877,0,4
4714,58215.01015634043,Sugar1969,Sugar1969,878,0,200
4715,58235.96664047031,Sugar1969,Sugar1969,879,0,1
4716,58293.02560522148,Sugar1969,Sugar1969,880,0,5
4717,58372.10627670448,Sugar1969,Sugar1969,881,0,4
4718,58382.29697130044,Sugar1969,Sugar1969,882,0,60
4719,58398.21668069244,Sugar1969,Sugar1969,883,7.27595761418e-12,1
4720,58409.23236826358,Sugar1969,Sugar1969,884,7.27595761418e-12,1
4721,58431.41810073127,Sugar1969,Sugar1969,885,0,2
4722,58474.78115410695,Sugar1969,Sugar1969,886,0,2
4723,58500.84084569084,Sugar1969,Sugar1969,887,7.27595761418e-12,5
4724,58564.67633815723,Sugar1969,Sugar1969,888,0,1
4725,58591.1263185635,Sugar1969,Sugar1969,889,7.27595761418e-12,10
4726,58626.7864231084,Sugar1969,Sugar1969,890,0,50
4727,58745.22277002531,Sugar1969,Sugar1969,891,7.27595761418e-12,1
4728,58790.60596002836,Sugar1969,Sugar1969,892,0,20
4729,58819.10060684264,Sugar1969,Sugar1969,893,7.27595761418e-12,1
4730,58843.73926128969,Sugar1969,Sugar1969,894,0,3
4731,58868.9247689331,Sugar1969,Sugar1969,895,7.27595761418e-12,10
4732,58908.14394380907,Sugar1969,Sugar1969,896,7.27595761418e-12,3
4733,58959.51588581666,Sugar1969,Sugar1969,897,0,15
4734,59000.6734633099,Sugar1969,Sugar1969,898,7.27595761418e-12,1
4735,59012.81936696965,Sugar1969,Sugar1969,899,0,100
4736,59074.90938771666,Sugar1969,Sugar1969,900,0,30
4737,59111.22426885283,Sugar1969,Sugar1969,901,0,10
4738,59178.60090667099,Sugar1969,Sugar1969,902,0,2
4739,59273.83225126156,Sugar1969,Sugar1969,903,0,1
4740,59315.32066590098,Sugar1969,Sugar1969,904,0,1
4741,59346.01667435237,Sugar1969,Sugar1969,905,0,2
4742,59361.87487137327,Sugar1969,Sugar1969,906,0,1
4743,59386.40689959804,Sugar1969,Sugar1969,907,0,5
4744,59485.8146632912,Sugar1969,Sugar1969,908,7.27595761418e-12,1
4745,59494.02408029192,Sugar1969,Sugar1969,909,0,8
4746,59528.33999454744,Sugar1969,Sugar1969,910,7.27595761418e-12,1
4747,59619.12588498597,Sugar1969,Sugar1969,911,0,20
4748,59633.84276406185,Sugar1969,Sugar1969,912,0,30
4749,59652.95656179235,Sugar1969,Sugar1969,913,0,3
4750,59734.51411971552,Sugar1969,Sugar1969,914,0,4
4751,59749.18658184344,Sugar1969,Sugar1969,915,0,1
4752,59775.9318194055,Sugar1969,Sugar1969,916,0,4
4753,59829.11425248787,Sugar1969,Sugar1969,917,0,20
4754,59959.37478843257,Sugar1969,Sugar1969,918,0,4
4755,60016.87941638246,Sugar1969,Sugar1969,919,7.27595761418e-12,7
4756,60019.76327087422,Sugar1969,Sugar1969,920,7.27595761418e-12,1
4757,60055.40629921043,Sugar1969,Sugar1969,921,0,8
4758,60109.19501345287,Sugar1969,Sugar1969,922,0,1
4759,60205.38643182905,Sugar1969,Sugar1969,923,0,3
4760,60342.52501163795,Sugar1969,Sugar1969,924,0,2
4761,60452.8354061478,Sugar1969,Sugar1969,925,0,3
4762,60483.22176279921,Sugar1969,Sugar1969,926,0,2
4763,60635.93311029121,Sugar1969,Sugar1969,927,0,400
4764,60677.15138969896,Sugar1969,Sugar1969,928,7.27595761418e-12,3
4765,60788.68640719791,Sugar1969,Sugar1969,929,7.27595761418e-12,1
4766,61344.16582607335,Sugar1969,Sugar1969,930,7.27595761418e-12,5
4767,61446.42122279295,Sugar1969,Sugar1969,931,0,200
4768,61539.63106929875,Sugar1969,Sugar1969,932,0,1
4769,61628.64190827901,Sugar1969,Sugar1969,933,0,1
4770,61680.88073015158,Sugar1969,Sugar1969,934,0,100
4771,61938.6034678049,Sugar1969,Sugar1969,935,7.27595761418e-12,2
4772,62042.09180875753,Sugar1969,Sugar1969,936,0,100
4773,62314.38352208058,Sugar1969,Sugar1969,937,7.27595761418e-12,1
4774,62712.74591297068,Sugar1969,Sugar1969,938,7.27595761418e-12,10
4775,62910.77232999002,Sugar1969,Sugar1969,939,0,2
4776,63286.92883724161,Sugar1969,Sugar1969,940,0,3
4777,63296.90695604782,Sugar1969,Sugar1969,941,7.27595761418e-12,1
4778,63499.1162996987,Sugar1969,Sugar1969,942,0,1
4779,63557.11177251455,Sugar1969,Sugar1969,943,0,10
4780,63721.01211057578,Sugar1969,Sugar1969,944,0,1
4781,65309.49313464002,Sugar1969,Sugar1969,945,0,5
4782,65365.83620739247,Sugar1969,Sugar1969,946,0,1
4783,65681.9164747517,Sugar1969,Sugar1969,947,0,2
4784,65692.61710291782,Sugar1969,Sugar1969,948,0,100
4785,65728.19952397721,Sugar1969,Sugar1969,949,0,3
4786,65736.0167861677,Sugar1969,Sugar1969,950,0,10
4787,65783.92862396457,Sugar1969,Sugar1969,951,0,1
4788,65788.17914079723,Sugar1969,Sugar1969,952,0,3
4789,65822.0845054743,Sugar1969,Sugar1969,953,0,100
4790,65834.24908427097,Sugar1969,Sugar1969,954,0,4
4791,65847.73389738899,Sugar1969,Sugar1969,955,0,2
4792,65851.86604226037,Sugar1969,Sugar1969,956,0,2
4793,65859.92228183926,Sugar1969,Sugar1969,957,0,1
4794,65866.96130541305,Sugar1969,Sugar1969,958,0,1
4795,65869.99249421737,Sugar1969,Sugar1969,959,0,40
4796,65892.56706954978,Sugar1969,Sugar1969,960,0,20
4797,65900.41725601756,Sugar1969,Sugar1969,961,0,10
4798,65904.76942949313,Sugar1969,Sugar1969,962,0,100
4799,65930.31091536203,Sugar1969,Sugar1969,963,0,5
4800,65939.88094173855,Sugar1969,Sugar1969,964,0,40
4801,65947.18562089062,Sugar1969,Sugar1969,965,0,1
4802,65976.3813511881,Sugar1969,Sugar1969,966,0,15
4803,66011.26877128478,Sugar1969,Sugar1969,967,0,50
4804,66061.2841125942,Sugar1969,Sugar1969,968,0,10
4805,66067.5714230244,Sugar1969,Sugar1969,969,0,5
4806,66070.70745247815,Sugar1969,Sugar1969,970,0,5
4807,66107.91889656761,Sugar1969,Sugar1969,971,0,1
4808,66109.92761107857,Sugar1969,Sugar1969,972,0,1
4809,66128.56353273899,Sugar1969,Sugar1969,973,0,100
4810,66138.09248162054,Sugar1969,Sugar1969,974,0,10
4811,66169.33182241734,Sugar1969,Sugar1969,975,0,4
4812,66194.78834014048,Sugar1969,Sugar1969,976,0,10
4813,66225.72995602134,Sugar1969,Sugar1969,977,0,4
4814,66244.2412311694,Sugar1969,Sugar1969,978,0,50
4815,66262.2386419297,Sugar1969,Sugar1969,979,0,2
4816,66274.89470085716,Sugar1969,Sugar1969,980,0,7
4817,66298.61753461586,Sugar1969,Sugar1969,981,0,3
4818,66309.73638635063,Sugar1969,Sugar1969,982,0,20
4819,66363.02819753381,Sugar1969,Sugar1969,983,0,3
4820,66365.59004616251,Sugar1969,Sugar1969,984,0,1
4821,66382.32430450917,Sugar1969,Sugar1969,985,0,2
4822,66411.02384311217,Sugar1969,Sugar1969,986,0,3
4823,66416.31792469557,Sugar1969,Sugar1969,987,0,300
4824,66427.12547429658,Sugar1969,Sugar1969,988,0,5
4825,66430.66708333146,Sugar1969,Sugar1969,989,0,20
4826,66454.77035561901,Sugar1969,Sugar1969,990,0,30
4827,66455.73025841531,Sugar1969,Sugar1969,991,0,400
4828,66460.10723707516,Sugar1969,Sugar1969,992,0,2
4829,66471.77609904038,Sugar1969,Sugar1969,993,0,400
4830,66477.47639248206,Sugar1969,Sugar1969,994,0,1
4831,66485.56653923528,Sugar1969,Sugar1969,995,0,8
4832,66506.73355985958,Sugar1969,Sugar1969,996,0,20
4833,66514.92003238082,Sugar1969,Sugar1969,997,0,100
4834,66535.06681986651,Sugar1969,Sugar1969,998,0,10
4835,66542.13689975158,Sugar1969,Sugar1969,999,0,2
4836,66547.41145478725,Sugar1969,Sugar1969,1000,0,10
4837,66558.61658549988,Sugar1969,Sugar1969,1001,0,3
4838,66564.38278359902,Sugar1969,Sugar1969,1002,0,10
4839,66592.2673370069,Sugar1969,Sugar1969,1003,0,10
4840,66619.84604530451,Sugar1969,Sugar1969,1004,0,20
4841,66626.63864574314,Sugar1969,Sugar1969,1005,0,3
4842,66636.68342816053,Sugar1969,Sugar1969,1006,0,10
4843,66646.89561892721,Sugar1969,Sugar1969,1007,0,20
4844,66663.10943702515,Sugar1969,Sugar1969,1008,0,50
4845,66677.51075049225,Sugar1969,Sugar1969,1009,0,50
4846,66685.07641114686,Sugar1969,Sugar1969,1010,0,3
4847,66706.16386596343,Sugar1969,Sugar1969,1011,0,2
4848,66730.46744303468,Sugar1969,Sugar1969,1012,0,4
4849,66736.69641679904,Sugar1969,Sugar1969,1013,0,1
4850,66767.97993063676,Sugar1969,Sugar1969,1014,0,1
4851,66784.56970895035,Sugar1969,Sugar1969,1015,0,3
4852,66805.61864701402,Sugar1969,Sugar1969,1016,0,7
4853,66807.80775381529,Sugar1969,Sugar1969,1017,0,8
4854,66833.88753422849,Sugar1969,Sugar1969,1018,0,20
4855,66844.97038189466,Sugar1969,Sugar1969,1019,0,200
4856,66865.17254697644,Sugar1969,Sugar1969,1020,0,30
4857,66867.00016606468,Sugar1969,Sugar1969,1021,0,7
4858,66879.79188794768,Sugar1969,Sugar1969,1022,0,200
4859,66887.52440369931,Sugar1969,Sugar1969,1023,0,2
4860,66892.13146573667,Sugar1969,Sugar1969,1024,0,20
4861,66900.96151609281,Sugar1969,Sugar1969,1025,0,10
4862,66925.43752592697,Sugar1969,Sugar1969,1026,0,40
4863,66946.77665075418,Sugar1969,Sugar1969,1027,0,4
4864,66948.11378033752,Sugar1969,Sugar1969,1028,0,10
4865,66952.78185221685,Sugar1969,Sugar1969,1029,0,5
4866,66981.42893205972,Sugar1969,Sugar1969,1030,0,4
4867,66984.89130015207,Sugar1969,Sugar1969,1031,0,60
4868,67008.31643874534,Sugar1969,Sugar1969,1032,0,100
4869,67031.77200590985,Sugar1969,Sugar1969,1033,0,3
4870,67037.01986586914,Sugar1969,Sugar1969,1034,0,10
4871,67075.07037239462,Sugar1969,Sugar1969,1035,0,7
4872,67091.84164630421,Sugar1969,Sugar1969,1036,0,50
4873,67094.68838714865,Sugar1969,Sugar1969,1037,0,2
4874,67113.46954262207,Sugar1969,Sugar1969,1038,0,3
4875,67116.92642710649,Sugar1969,Sugar1969,1039,0,50
4876,67128.10437405731,Sugar1969,Sugar1969,1040,0,3
4877,67133.60270560306,Sugar1969,Sugar1969,1041,0,200
4878,67144.78527306502,Sugar1969,Sugar1969,1042,0,40
4879,67150.72819171066,Sugar1969,Sugar1969,1043,0,4
4880,67155.87908373376,Sugar1969,Sugar1969,1044,0,10
4881,67159.89076870945,Sugar1969,Sugar1969,1045,0,100
4882,67195.18268007538,Sugar1969,Sugar1969,1046,0,1
4883,67201.09549100025,Sugar1969,Sugar1969,1047,0,30
4884,67211.39385406961,Sugar1969,Sugar1969,1048,0,20
4885,67216.81152920908,Sugar1969,Sugar1969,1049,0,8
4886,67224.12823559744,Sugar1969,Sugar1969,1050,0,15
4887,67243.30031705207,Sugar1969,Sugar1969,1051,0,100
4888,67257.31698031115,Sugar1969,Sugar1969,1052,0,1
4889,67266.22741161939,Sugar1969,Sugar1969,1053,0,20
4890,67270.39671951954,Sugar1969,Sugar1969,1054,0,5
4891,67320.80036860617,Sugar1969,Sugar1969,1055,0,200
4892,67343.15941419781,Sugar1969,Sugar1969,1056,0,20
4893,67355.43601793681,Sugar1969,Sugar1969,1057,0,50
4894,67371.91316900482,Sugar1969,Sugar1969,1058,0,300
4895,67375.87099830827,Sugar1969,Sugar1969,1059,0,3
4896,67383.36355511741,Sugar1969,Sugar1969,1060,0,3
4897,67393.39343265655,Sugar1969,Sugar1969,1061,0,7
4898,67403.70306587697,Sugar1969,Sugar1969,1062,0,10
4899,67407.7940985463,Sugar1969,Sugar1969,1063,0,5
4900,67409.51622264973,Sugar1969,Sugar1969,1064,0,8
4901,67412.70045816324,Sugar1969,Sugar1969,1065,0,10
4902,67446.24594399506,Sugar1969,Sugar1969,1066,0,3
4903,67449.76550161382,Sugar1969,Sugar1969,1067,0,10
4904,67451.4345544431,Sugar1969,Sugar1969,1068,0,1
4905,67457.40193597571,Sugar1969,Sugar1969,1069,0,20
4906,67470.60113666329,Sugar1969,Sugar1969,1070,0,10
4907,67489.86937610424,Sugar1969,Sugar1969,1071,0,3
4908,67494.1920809426,Sugar1969,Sugar1969,1072,0,1
4909,67500.2961193967,Sugar1969,Sugar1969,1073,0,7
4910,67513.13849905613,Sugar1969,Sugar1969,1074,0,5
4911,67516.33085433456,Sugar1969,Sugar1969,1075,0,5
4912,67520.34052274292,Sugar1969,Sugar1969,1076,0,40
4913,67524.08967632103,Sugar1969,Sugar1969,1077,0,3
4914,67543.51373954657,Sugar1969,Sugar1969,1078,0,2
4915,67563.3182348282,Sugar1969,Sugar1969,1079,0,10
4916,67569.71105754135,Sugar1969,Sugar1969,1080,0,10
4917,67572.72220669915,Sugar1969,Sugar1969,1081,0,40
4918,67574.46854729169,Sugar1969,Sugar1969,1082,0,2
4919,67581.49572652488,Sugar1969,Sugar1969,1083,0,20
4920,67588.16995933914,Sugar1969,Sugar1969,1084,0,10
4921,67599.53335739642,Sugar1969,Sugar1969,1085,0,2
4922,67607.02933090692,Sugar1969,Sugar1969,1086,0,10
4923,67609.44799421715,Sugar1969,Sugar1969,1087,0,20
4924,67614.43376479215,Sugar1969,Sugar1969,1088,0,2
4925,67620.79677411418,Sugar1969,Sugar1969,1089,0,5
4926,67630.71657055189,Sugar1969,Sugar1969,1090,0,3
4927,67632.81993268483,Sugar1969,Sugar1969,1091,0,8
4928,67634.8855741421,Sugar1969,Sugar1969,1092,0,20
4929,67639.03769589562,Sugar1969,Sugar1969,1093,0,10
4930,67644.17520994517,Sugar1969,Sugar1969,1094,0,20
4931,67647.41566590233,Sugar1969,Sugar1969,1095,0,10
4932,67653.50479927554,Sugar1969,Sugar1969,1096,0,100
4933,67656.80115989818,Sugar1969,Sugar1969,1097,0,20
4934,67660.04261302538,Sugar1969,Sugar1969,1098,0,20
4935,67675.02027863998,Sugar1969,Sugar1969,1099,0,8
4936,67679.1938056407,Sugar1969,Sugar1969,1100,0,6
4937,67681.61673269872,Sugar1969,Sugar1969,1101,0,3
4938,67699.80901971846,Sugar1969,Sugar1969,1102,0,15
4939,67702.6987556031,Sugar1969,Sugar1969,1103,0,7
4940,67712.00379567628,Sugar1969,Sugar1969,1104,0,30
4941,67724.70594216239,Sugar1969,Sugar1969,1105,0,2
4942,67727.00048568241,Sugar1969,Sugar1969,1106,0,10
4943,67738.10232814643,Sugar1969,Sugar1969,1107,0,200
4944,67759.81085682548,Sugar1969,Sugar1969,1108,0,4
4945,67764.4419279398,Sugar1969,Sugar1969,1109,0,10
4946,67770.7903798088,Sugar1969,Sugar1969,1110,0,10
4947,67773.27406746354,Sugar1969,Sugar1969,1111,0,20
4948,67777.72007270735,Sugar1969,Sugar1969,1112,0,200
4949,67838.28264546493,Sugar1969,Sugar1969,1113,0,50
4950,67842.00562852515,Sugar1969,Sugar1969,1114,0,100
4951,67850.98593764668,Sugar1969,Sugar1969,1115,0,200
4952,67855.49582342313,Sugar1969,Sugar1969,1116,0,4
4953,67871.89212126298,Sugar1969,Sugar1969,1117,0,2
4954,67881.5161637015,Sugar1969,Sugar1969,1118,0,2
4955,67888.89425747962,Sugar1969,Sugar1969,1119,0,1
4956,67913.73637401036,Sugar1969,Sugar1969,1120,0,1
4957,67919.4701654602,Sugar1969,Sugar1969,1121,0,20
4958,67928.22452739174,Sugar1969,Sugar1969,1122,0,1
4959,67930.0797990018,Sugar1969,Sugar1969,1123,0,2
4960,67939.6237794666,Sugar1969,Sugar1969,1124,0,3
4961,67945.53097353241,Sugar1969,Sugar1969,1125,0,30
4962,67957.02871923373,Sugar1969,Sugar1969,1126,0,3
4963,67969.18580262703,Sugar1969,Sugar1969,1127,0,5
4964,67985.21425012818,Sugar1969,Sugar1969,1128,0,3
4965,67989.982101825,Sugar1969,Sugar1969,1129,0,80
4966,68012.21683386916,Sugar1969,Sugar1969,1130,0,10
4967,68015.12860598549,Sugar1969,Sugar1969,1131,0,20
4968,68025.12345915679,Sugar1969,Sugar1969,1132,0,3
4969,68032.43342797016,Sugar1969,Sugar1969,1133,0,2
4970,68043.4477582667,Sugar1969,Sugar1969,1134,0,2
4971,68049.83942106795,Sugar1969,Sugar1969,1135,0,7
4972,68056.41994212498,Sugar1969,Sugar1969,1136,0,3
4973,68078.06791884804,Sugar1969,Sugar1969,1137,0,60
4974,68083.76879568005,Sugar1969,Sugar1969,1138,0,10
4975,68093.31016594122,Sugar1969,Sugar1969,1139,0,5
4976,68101.38449838269,Sugar1969,Sugar1969,1140,0,200
4977,68109.3486436352,Sugar1969,Sugar1969,1141,0,20
4978,68133.90629924648,Sugar1969,Sugar1969,1142,0,100
4979,68136.31785352487,Sugar1969,Sugar1969,1143,0,3
4980,68138.69135264025,Sugar1969,Sugar1969,1144,0,10
4981,68147.32166855798,Sugar1969,Sugar1969,1145,0,4
4982,68154.84157589967,Sugar1969,Sugar1969,1146,0,3
4983,68159.21415092428,Sugar1969,Sugar1969,1147,0,7
4984,68162.56895873249,Sugar1969,Sugar1969,1148,0,10
4985,68167.6781151903,Sugar1969,Sugar1969,1149,0,2
4986,68197.93099065399,Sugar1969,Sugar1969,1150,0,1
4987,68212.31001722955,Sugar1969,Sugar1969,1151,0,1
4988,68213.57410412426,Sugar1969,Sugar1969,1152,0,1
4989,68217.51960767347,Sugar1969,Sugar1969,1153,0,2
4990,68249.318872099,Sugar1969,Sugar1969,1154,0,2
4991,68253.60704037391,Sugar1969,Sugar1969,1155,0,200
4992,68258.40593005967,Sugar1969,Sugar1969,1156,0,200
4993,68266.22923815096,Sugar1969,Sugar1969,1157,0,3
4994,68271.40730316115,Sugar1969,Sugar1969,1158,0,5
4995,68282.59760767822,Sugar1969,Sugar1969,1159,0,60
4996,68287.34368324622,Sugar1969,Sugar1969,1160,0,1
4997,68305.40360677504,Sugar1969,Sugar1969,1161,0,40
4998,68314.18103089652,Sugar1969,Sugar1969,1162,0,100
4999,68317.39766948664,Sugar1969,Sugar1969,1163,0,10
5000,68326.821627998,Sugar1969,Sugar1969,1164,0,400
5001,68337.19351998436,Sugar1969,Sugar1969,1165,0,200
5002,68341.81288162504,Sugar1969,Sugar1969,1166,0,400
5003,68366.71566001172,Sugar1969,Sugar1969,1167,0,30
5004,68372.0955793576,Sugar1969,Sugar1969,1168,0,20
5005,68392.20157626651,Sugar1969,Sugar1969,1169,0,50
5006,68398.57038550824,Sugar1969,Sugar1969,1170,0,1
5007,68417.41879010636,Sugar1969,Sugar1969,1171,0,100
5008,68422.672084525,Sugar1969,Sugar1969,1172,0,1
5009,68427.30092238092,Sugar1969,Sugar1969,1173,0,4
5010,68436.04767930644,Sugar1969,Sugar1969,1174,0,2
5011,68463.5118257393,Sugar1969,Sugar1969,1175,0,2
5012,68472.51240546975,Sugar1969,Sugar1969,1176,0,2
5013,68482.69234191613,Sugar1969,Sugar1969,1177,0,1
5014,68490.8041878594,Sugar1969,Sugar1969,1178,0,40
5015,68508.43915222632,Sugar1969,Sugar1969,1179,0,40
5016,68521.07981860999,Sugar1969,Sugar1969,1180,0,3
5017,68524.1789434475,Sugar1969,Sugar1969,1181,0,100
5018,68528.02038324643,Sugar1969,Sugar1969,1182,0,2
5019,68538.53746754765,Sugar1969,Sugar1969,1183,0,1
5020,68550.84544495856,Sugar1969,Sugar1969,1184,0,8
5021,68554.13693444141,Sugar1969,Sugar1969,1185,0,2
5022,68558.22788842936,Sugar1969,Sugar1969,1186,0,30
5023,68577.60366414668,Sugar1969,Sugar1969,1187,0,10
5024,68580.99240182452,Sugar1969,Sugar1969,1188,0,100
5025,68592.09380134229,Sugar1969,Sugar1969,1189,0,2
5026,68597.27395043135,Sugar1969,Sugar1969,1190,0,10
5027,68610.07524761991,Sugar1969,Sugar1969,1191,0,30
5028,68613.7908026967,Sugar1969,Sugar1969,1192,0,4
5029,68617.37292128209,Sugar1969,Sugar1969,1193,0,3
5030,68622.08001587112,Sugar1969,Sugar1969,1194,0,5
5031,68636.58554542734,Sugar1969,Sugar1969,1195,0,40
5032,68644.21225373873,Sugar1969,Sugar1969,1196,0,1
5033,68646.51959472631,Sugar1969,Sugar1969,1197,0,1
5034,68654.24341677917,Sugar1969,Sugar1969,1198,0,2
5035,68700.99568331946,Sugar1969,Sugar1969,1199,0,30
5036,68730.56202351714,Sugar1969,Sugar1969,1200,0,400
5037,68736.44816568366,Sugar1969,Sugar1969,1201,0,4
5038,68739.1608445359,Sugar1969,Sugar1969,1202,0,5
5039,68747.32243611298,Sugar1969,Sugar1969,1203,0,5
5040,68747.32243611298,Sugar1969,Sugar1969,1203,0,5
5041,68763.24774183739,Sugar1969,Sugar1969,1205,0,20
5042,68774.41570392057,Sugar1969,Sugar1969,1206,0,40
5043,68778.91057014036,Sugar1969,Sugar1969,1207,0,5
5044,68789.75716720012,Sugar1969,Sugar1969,1208,0,7
5045,68797.50733630163,Sugar1969,Sugar1969,1209,0,15
5046,68803.93806401557,Sugar1969,Sugar1969,1210,0,30
5047,68818.6774832231,Sugar1969,Sugar1969,1211,0,20
5048,68822.46851310527,Sugar1969,Sugar1969,1212,0,100
5049,68828.48151749355,Sugar1969,Sugar1969,1213,0,40
5050,68843.55547210434,Sugar1969,Sugar1969,1214,0,1
5051,68847.8478697599,Sugar1969,Sugar1969,1215,0,1
5052,68853.82578310254,Sugar1969,Sugar1969,1216,0,400
5053,68870.28878287874,Sugar1969,Sugar1969,1217,0,8
5054,68880.81435607097,Sugar1969,Sugar1969,1218,0,100
5055,68900.9901273856,Sugar1969,Sugar1969,1219,0,300
5056,68908.81788212903,Sugar1969,Sugar1969,1220,0,30
5057,68919.8898196405,Sugar1969,Sugar1969,1221,0,4
5058,68941.73607626927,Sugar1969,Sugar1969,1222,0,2
5059,68946.36322058472,Sugar1969,Sugar1969,1223,0,4
5060,68954.04616517144,Sugar1969,Sugar1969,1224,0,10
5061,69021.9775499747,Sugar1969,Sugar1969,1225,0,5
5062,69035.79259697883,Sugar1969,Sugar1969,1226,0,10
5063,69052.76890434383,Sugar1969,Sugar1969,1227,0,100
5064,69062.53112049516,Sugar1969,Sugar1969,1228,0,4
5065,69079.09413387843,Sugar1969,Sugar1969,1229,0,100
5066,69094.1224943112,Sugar1969,Sugar1969,1230,0,3
5067,69139.02635042342,Sugar1969,Sugar1969,1231,0,1
5068,69164.80592922629,Sugar1969,Sugar1969,1232,0,50
5069,69172.60464731322,Sugar1969,Sugar1969,1233,0,4
5070,69179.40070370567,Sugar1969,Sugar1969,1234,0,300
5071,69190.79423975192,Sugar1969,Sugar1969,1235,0,2
5072,69202.57709705594,Sugar1969,Sugar1969,1236,0,3
5073,69225.66950915869,Sugar1969,Sugar1969,1237,0,50
5074,69236.20563993786,Sugar1969,Sugar1969,1238,0,2
5075,69246.9953934214,Sugar1969,Sugar1969,1239,0,20
5076,69268.4286733797,Sugar1969,Sugar1969,1240,0,2
5077,69277.50398376423,Sugar1969,Sugar1969,1241,0,400
5078,69299.82370799007,Sugar1969,Sugar1969,1242,0,1
5079,69306.5620396179,Sugar1969,Sugar1969,1243,0,3
5080,69312.08182444616,Sugar1969,Sugar1969,1244,0,5
5081,69334.18686750416,Sugar1969,Sugar1969,1245,0,10
5082,69344.03253109344,Sugar1969,Sugar1969,1246,0,7
5083,69361.1119954465,Sugar1969,Sugar1969,1247,0,7
5084,69377.5774075621,Sugar1969,Sugar1969,1248,0,20
5085,69398.76503892793,Sugar1969,Sugar1969,1249,0,20
5086,69403.77250537337,Sugar1969,Sugar1969,1250,0,1
5087,69409.11077656751,Sugar1969,Sugar1969,1251,0,10
5088,69433.16880576749,Sugar1969,Sugar1969,1252,0,5
5089,69448.20504801933,Sugar1969,Sugar1969,1253,0,30
5090,69466.62853120119,Sugar1969,Sugar1969,1254,0,100
5091,69472.42140728782,Sugar1969,Sugar1969,1255,0,10
5092,69496.32058099711,Sugar1969,Sugar1969,1256,0,2
5093,69504.00447217925,Sugar1969,Sugar1969,1257,0,3
5094,69506.28059765775,Sugar1969,Sugar1969,1258,0,5
5095,69515.3092763068,Sugar1969,Sugar1969,1259,0,20
5096,69539.23237859627,Sugar1969,Sugar1969,1260,0,50
5097,69547.27418736643,Sugar1969,Sugar1969,1261,0,1
5098,69569.81219252419,Sugar1969,Sugar1969,1262,0,7
5099,69638.9987015825,Sugar1969,Sugar1969,1263,0,10
5100,69693.93160911302,Sugar1969,Sugar1969,1264,0,40
5101,69704.42612775252,Sugar1969,Sugar1969,1265,0,40
5102,69708.7650635505,Sugar1969,Sugar1969,1266,0,5
5103,69725.91164956466,Sugar1969,Sugar1969,1267,0,20
5104,69730.62472781149,Sugar1969,Sugar1969,1268,0,10
5105,69738.11570040684,Sugar1969,Sugar1969,1269,0,20
5106,69785.08616211561,Sugar1969,Sugar1969,1270,0,5
5107,69831.67637551787,Sugar1969,Sugar1969,1271,0,5
5108,69846.49866767054,Sugar1969,Sugar1969,1272,0,5
5109,69854.14723986547,Sugar1969,Sugar1969,1273,0,3
5110,69869.2907414337,Sugar1969,Sugar1969,1274,0,20
5111,69876.17774140571,Sugar1969,Sugar1969,1275,0,40
5112,69880.51476814553,Sugar1969,Sugar1969,1276,0,100
5113,69884.61654519572,Sugar1969,Sugar1969,1277,0,3
5114,69903.52110430566,Sugar1969,Sugar1969,1278,0,5
5115,69913.98775102249,Sugar1969,Sugar1969,1279,0,20
5116,69922.33570879372,Sugar1969,Sugar1969,1280,0,300
5117,69948.31225593798,Sugar1969,Sugar1969,1281,0,1
5118,69993.56257593456,Sugar1969,Sugar1969,1282,0,3
5119,70027.12298284803,Sugar1969,Sugar1969,1283,0,40
5120,70042.2875287574,Sugar1969,Sugar1969,1284,0,20
5121,70049.53710884305,Sugar1969,Sugar1969,1285,0,3
5122,70076.39781519037,Sugar1969,Sugar1969,1286,0,100
5123,70122.92618233844,Sugar1969,Sugar1969,1287,0,100
5124,70186.51664055423,Sugar1969,Sugar1969,1288,0,2
5125,70224.67569657897,Sugar1969,Sugar1969,1289,0,1
5126,70241.82864310766,Sugar1969,Sugar1969,1290,0,5
5127,70254.67277231609,Sugar1969,Sugar1969,1291,0,3
5128,70264.82829363101,Sugar1969,Sugar1969,1292,0,4
5129,70268.43175142615,Sugar1969,Sugar1969,1293,0,2
5130,70276.88705292746,Sugar1969,Sugar1969,1294,0,2
5131,70287.99842709112,Sugar1969,Sugar1969,1295,0,10
5132,70296.23977221992,Sugar1969,Sugar1969,1296,0,10
5133,70319.58505569994,Sugar1969,Sugar1969,1297,0,3
5134,70336.10085070462,Sugar1969,Sugar1969,1298,0,10
5135,70341.49508724894,Sugar1969,Sugar1969,1299,0,20
5136,70349.27026812005,Sugar1969,Sugar1969,1300,0,1
5137,70360.00320979887,Sugar1969,Sugar1969,1301,0,100
5138,70383.12454735284,Sugar1969,Sugar1969,1302,0,15
5139,70405.9798772055,Sugar1969,Sugar1969,1303,0,5
5140,70419.01144598097,Sugar1969,Sugar1969,1304,0,50
5141,70421.49499704508,Sugar1969,Sugar1969,1305,0,10
5142,70473.84178072575,Sugar1969,Sugar1969,1306,0,7
5143,70498.13765511064,Sugar1969,Sugar1969,1307,0,2
5144,70548.82207952328,Sugar1969,Sugar1969,1308,0,1
5145,70567.59707343974,Sugar1969,Sugar1969,1309,0,20
5146,70582.63084943492,Sugar1969,Sugar1969,1310,0,20
5147,70613.23258686559,Sugar1969,Sugar1969,1311,0,5
5148,70627.76284484738,Sugar1969,Sugar1969,1312,0,1
5149,70633.63223609375,Sugar1969,Sugar1969,1313,0,300
5150,70701.70590102416,Sugar1969,Sugar1969,1314,0,3
5151,70709.84499792253,Sugar1969,Sugar1969,1315,0,2
5152,70714.50515543012,Sugar1969,Sugar1969,1316,0,50
5153,70733.07066476141,Sugar1969,Sugar1969,1317,0,3
5154,70737.67323550316,Sugar1969,Sugar1969,1318,0,10
5155,70753.42564527362,Sugar1969,Sugar1969,1319,0,5
5156,70759.63207539722,Sugar1969,Sugar1969,1320,0,3
5157,70780.17959457467,Sugar1969,Sugar1969,1321,0,400
5158,70788.69377694656,Sugar1969,Sugar1969,1322,0,5
5159,70796.86895062815,Sugar1969,Sugar1969,1323,0,3
5160,70806.6289934084,Sugar1969,Sugar1969,1324,0,20
5161,70817.1731239743,Sugar1969,Sugar1969,1325,0,10
5162,70825.33345564139,Sugar1969,Sugar1969,1326,0,20
5163,70830.607434807,Sugar1969,Sugar1969,1327,0,20
5164,70834.97950375977,Sugar1969,Sugar1969,1328,0,100
5165,70851.68951468797,Sugar1969,Sugar1969,1329,0,10
5166,70853.03377578588,Sugar1969,Sugar1969,1330,0,3
5167,70862.48517277272,Sugar1969,Sugar1969,1331,0,2
5168,70884.52606099921,Sugar1969,Sugar1969,1332,0,10
5169,70889.26494728564,Sugar1969,Sugar1969,1333,0,100
5170,70895.43012621852,Sugar1969,Sugar1969,1334,0,10
5171,70906.69850758929,Sugar1969,Sugar1969,1335,0,60
5172,70931.99743474303,Sugar1969,Sugar1969,1336,0,100
5173,70936.68104697361,Sugar1969,Sugar1969,1337,0,5
5174,70945.3861945475,Sugar1969,Sugar1969,1338,0,3
5175,70948.20113901945,Sugar1969,Sugar1969,1339,0,20
5176,70995.29782425554,Sugar1969,Sugar1969,1340,0,3
5177,71011.58507417192,Sugar1969,Sugar1969,1341,0,10
5178,71027.57613541691,Sugar1969,Sugar1969,1342,0,2
5179,71034.18367309596,Sugar1969,Sugar1969,1343,0,20
5180,71044.21768203714,Sugar1969,Sugar1969,1344,0,3
5181,71048.71159623834,Sugar1969,Sugar1969,1345,0,30
5182,71055.42304465364,Sugar1969,Sugar1969,1346,0,6
5183,71058.91020975457,Sugar1969,Sugar1969,1347,0,10
5184,71060.07943128902,Sugar1969,Sugar1969,1348,0,10
5185,71062.49844286946,Sugar1969,Sugar1969,1349,0,5
5186,71089.31833959314,Sugar1969,Sugar1969,1350,0,15
5187,71120.17126847719,Sugar1969,Sugar1969,1351,0,15
5188,71146.82386661497,Sugar1969,Sugar1969,1352,0,50
5189,71152.3987870788,Sugar1969,Sugar1969,1353,0,2
5190,71169.30938503129,Sugar1969,Sugar1969,1354,0,1
5191,71175.69550745886,Sugar1969,Sugar1969,1355,0,30
5192,71187.19680633744,Sugar1969,Sugar1969,1356,0,300
5193,71219.89771727836,Sugar1969,Sugar1969,1357,0,20
5194,71226.02792353554,Sugar1969,Sugar1969,1358,0,300
5195,71231.77473375294,Sugar1969,Sugar1969,1359,0,4
5196,71245.47659857523,Sugar1969,Sugar1969,1360,0,60
5197,71260.0938073914,Sugar1969,Sugar1969,1361,0,100
5198,71267.16131112353,Sugar1969,Sugar1969,1362,0,100
5199,71280.57014058498,Sugar1969,Sugar1969,1363,0,40
5200,71288.89691072301,Sugar1969,Sugar1969,1364,0,20
5201,71296.21199779114,Sugar1969,Sugar1969,1365,0,3
5202,71303.3865396536,Sugar1969,Sugar1969,1366,0,8
5203,71320.47614541338,Sugar1969,Sugar1969,1367,0,8
5204,71324.28819067363,Sugar1969,Sugar1969,1368,0,100
5205,71325.16024888484,Sugar1969,Sugar1969,1369,0,30
5206,71338.18075343357,Sugar1969,Sugar1969,1370,0,3
5207,71356.96793582104,Sugar1969,Sugar1969,1371,0,4
5208,71368.61729844472,Sugar1969,Sugar1969,1372,0,100
5209,71397.40917426908,Sugar1969,Sugar1969,1373,0,20
5210,71406.42812221998,Sugar1969,Sugar1969,1374,0,7
5211,71410.26809444094,Sugar1969,Sugar1969,1375,0,7
5212,71420.40721804588,Sugar1969,Sugar1969,1376,0,3
5213,71472.41972040293,Sugar1969,Sugar1969,1377,0,5
5214,71488.61734158853,Sugar1969,Sugar1969,1378,0,40
5215,71495.21203754329,Sugar1969,Sugar1969,1379,0,5
5216,71499.10014573747,Sugar1969,Sugar1969,1380,0,40
5217,71534.90233953846,Sugar1969,Sugar1969,1381,0,2
5218,71542.52254884782,Sugar1969,Sugar1969,1382,0,4
5219,71560.39675237569,Sugar1969,Sugar1969,1383,0,100
5220,71564.33105739094,Sugar1969,Sugar1969,1384,0,20
5221,71570.32519621663,Sugar1969,Sugar1969,1385,0,5
5222,71590.04604960448,Sugar1969,Sugar1969,1386,0,7
5223,71610.4699138218,Sugar1969,Sugar1969,1387,0,50
5224,71622.00157743806,Sugar1969,Sugar1969,1388,0,20
5225,71647.50453923053,Sugar1969,Sugar1969,1389,0,2
5226,71650.79306697498,Sugar1969,Sugar1969,1390,0,5
5227,71664.90955136759,Sugar1969,Sugar1969,1391,0,8
5228,71668.36301844471,Sugar1969,Sugar1969,1392,0,3
5229,71674.51377902595,Sugar1969,Sugar1969,1393,0,4
5230,71695.69136356145,Sugar1969,Sugar1969,1394,0,10
5231,71699.08562143933,Sugar1969,Sugar1969,1395,0,20
5232,71705.91556674632,Sugar1969,Sugar1969,1396,0,60
5233,71705.91556674632,Sugar1969,Sugar1969,1396,0,60
5234,71708.22652573949,Sugar1969,Sugar1969,1398,0,2
5235,71713.62619259013,Sugar1969,Sugar1969,1399,0,3
5236,71719.39491488336,Sugar1969,Sugar1969,1400,0,20
5237,71737.87162148028,Sugar1969,Sugar1969,1401,0,20
5238,71740.9004455125,Sugar1969,Sugar1969,1402,0,4
5239,71760.40954567524,Sugar1969,Sugar1969,1403,0,2
5240,71764.2181399799,Sugar1969,Sugar1969,1404,0,100
5241,71796.52262584925,Sugar1969,Sugar1969,1405,0,100
5242,71805.49921690744,Sugar1969,Sugar1969,1406,0,3
5243,71820.13563786588,Sugar1969,Sugar1969,1407,0,1
5244,71903.02264619443,Sugar1969,Sugar1969,1408,0,3
5245,71923.44432085782,Sugar1969,Sugar1969,1409,0,100
5246,71926.87673820126,Sugar1969,Sugar1969,1410,0,2
5247,71937.8315119854,Sugar1969,Sugar1969,1411,0,5
5248,71953.51875321216,Sugar1969,Sugar1969,1412,0,7
5249,71963.7813227595,Sugar1969,Sugar1969,1413,0,100
5250,71981.80236521851,Sugar1969,Sugar1969,1414,0,7
5251,72025.19786861051,Sugar1969,Sugar1969,1415,0,2
5252,72042.31618185826,Sugar1969,Sugar1969,1416,0,1
5253,72045.90148493192,Sugar1969,Sugar1969,1417,0,1
5254,72057.79239750929,Sugar1969,Sugar1969,1418,0,40
5255,72084.11973021641,Sugar1969,Sugar1969,1419,0,4
5256,72090.98786696073,Sugar1969,Sugar1969,1420,0,2
5257,72141.59053097472,Sugar1969,Sugar1969,1421,0,3
5258,72178.23588232834,Sugar1969,Sugar1969,1422,0,5
5259,72219.42022403798,Sugar1969,Sugar1969,1423,0,3
5260,72264.98981364998,Sugar1969,Sugar1969,1424,0,10
5261,72272.29913193322,Sugar1969,Sugar1969,1425,0,300
5262,72274.8048386674,Sugar1969,Sugar1969,1426,0,2
5263,72340.52128688799,Sugar1969,Sugar1969,1427,0,2
5264,72348.7972068699,Sugar1969,Sugar1969,1428,0,2
5265,72356.53461792895,Sugar1969,Sugar1969,1429,0,1
5266,72364.87603333742,Sugar1969,Sugar1969,1430,0,2
5267,72368.52771656154,Sugar1969,Sugar1969,1431,0,4
5268,72387.91425328287,Sugar1969,Sugar1969,1432,0,100
5269,72400.33069050244,Sugar1969,Sugar1969,1433,0,10
5270,72458.16079160674,Sugar1969,Sugar1969,1434,0,40
5271,72465.97930815228,Sugar1969,Sugar1969,1435,0,3
5272,72548.67736121548,Sugar1969,Sugar1969,1436,0,1
5273,72569.37009099127,Sugar1969,Sugar1969,1437,0,15
5274,72599.22666939828,Sugar1969,Sugar1969,1438,0,20
5275,72633.77907568148,Sugar1969,Sugar1969,1439,0,15
5276,72672.72231657383,Sugar1969,Sugar1969,1440,0,8
5277,72674.8321612267,Sugar1969,Sugar1969,1441,0,4
5278,72682.5002400827,Sugar1969,Sugar1969,1442,0,1
5279,72747.48695451146,Sugar1969,Sugar1969,1443,0,20
5280,72769.67216878053,Sugar1969,Sugar1969,1444,0,2
5281,72783.42738692787,Sugar1969,Sugar1969,1445,0,10
5282,72879.70825206164,Sugar1969,Sugar1969,1446,0,3
5283,72917.11746220666,Sugar1969,Sugar1969,1447,0,100
5284,72927.76707603993,Sugar1969,Sugar1969,1448,0,2
5285,72967.61151832959,Sugar1969,Sugar1969,1449,0,15
5286,72985.82207708032,Sugar1969,Sugar1969,1450,0,2
5287,73064.10900089069,Sugar1969,Sugar1969,1451,0,100
5288,73113.83544130811,Sugar1969,Sugar1969,1452,0,5
5289,73165.68561349763,Sugar1969,Sugar1969,1453,0,3
5290,73178.48283837135,Sugar1969,Sugar1969,1454,0,3
5291,73185.431235101,Sugar1969,Sugar1969,1455,0,200
5292,73279.12421904423,Sugar1969,Sugar1969,1456,0,1
5293,73293.24390953674,Sugar1969,Sugar1969,1457,0,2
5294,73297.50048774369,Sugar1969,Sugar1969,1458,0,1
5295,73366.49611473904,Sugar1969,Sugar1969,1459,0,2
5296,73397.02113887244,Sugar1969,Sugar1969,1460,0,40
5297,73401.4348612917,Sugar1969,Sugar1969,1461,0,20
5298,73415.3597565965,Sugar1969,Sugar1969,1462,0,1
5299,73431.51632210724,Sugar1969,Sugar1969,1463,0,2
5300,73579.0827098719,Sugar1969,Sugar1969,1464,0,3
5301,73583.36509078402,Sugar1969,Sugar1969,1465,0,30
5302,73625.07698308228,Sugar1969,Sugar1969,1466,0,2
5303,73720.0416817283,Sugar1969,Sugar1969,1467,0,200
5304,73727.00848836651,Sugar1969,Sugar1969,1468,0,2
5305,73779.88736387216,Sugar1969,Sugar1969,1469,0,1
5306,73789.08783858546,Sugar1969,Sugar1969,1470,0,3
5307,73810.81195146892,Sugar1969,Sugar1969,1471,0,2
5308,73855.40567276598,Sugar1969,Sugar1969,1472,0,2
5309,73877.01077124094,Sugar1969,Sugar1969,1473,0,10
5310,73901.58637173394,Sugar1969,Sugar1969,1474,0,3
5311,73910.53093025535,Sugar1969,Sugar1969,1475,0,2
5312,73926.38889926826,Sugar1969,Sugar1969,1476,0,600
5313,73936.54010290923,Sugar1969,Sugar1969,1477,0,300
5314,74024.43866600074,Sugar1969,Sugar1969,1478,0,1
5315,74056.19298526442,Sugar1969,Sugar1969,1479,0,10
5316,74064.69427046049,Sugar1969,Sugar1969,1480,0,20
5317,74088.33299786698,Sugar1969,Sugar1969,1481,0,1
5318,74095.03090972957,Sugar1969,Sugar1969,1482,0,7
5319,74110.62713516346,Sugar1969,Sugar1969,1483,0,7
5320,74125.73261516394,Sugar1969,Sugar1969,1484,0,5
5321,74210.78989847354,Sugar1969,Sugar1969,1485,0,10
5322,74220.98207031093,Sugar1969,Sugar1969,1486,0,5
5323,74230.11709610329,Sugar1969,Sugar1969,1487,0,30
5324,74339.81929082198,Sugar1969,Sugar1969,1488,0,100
5325,74344.62563771862,Sugar1969,Sugar1969,1489,0,200
5326,74365.80642198797,Sugar1969,Sugar1969,1490,0,5
5327,74386.8882861917,Sugar1969,Sugar1969,1491,0,10
5328,74468.20301226884,Sugar1969,Sugar1969,1492,0,10
5329,74501.2769693038,Sugar1969,Sugar1969,1493,0,100
5330,74693.19823870742,Sugar1969,Sugar1969,1494,0,4
5331,74706.70113607823,Sugar1969,Sugar1969,1495,0,2
5332,74768.1335124711,Sugar1969,Sugar1969,1496,0,40
5333,74898.83735011506,Sugar1969,Sugar1969,1497,0,100
5334,74907.31590848733,Sugar1969,Sugar1969,1498,0,10
5335,74916.97966884926,Sugar1969,Sugar1969,1499,0,2
5336,74973.63553536106,Sugar1969,Sugar1969,1500,0,20
5337,75054.83516876581,Sugar1969,Sugar1969,1501,0,1
5338,75103.8235528159,Sugar1969,Sugar1969,1502,0,1
5339,75132.3203319287,Sugar1969,Sugar1969,1503,0,60
5340,75218.57450908981,Sugar1969,Sugar1969,1504,0,1
5341,75275.58782264178,Sugar1969,Sugar1969,1505,0,30
5342,75289.4766798712,Sugar1969,Sugar1969,1506,0,5
5343,75462.87763420535,Sugar1969,Sugar1969,1507,0,4
5344,75494.78028007477,Sugar1969,Sugar1969,1508,0,50
5345,75621.44305478802,Sugar1969,Sugar1969,1509,0,1
5346,75670.43019814705,Sugar1969,Sugar1969,1510,0,5
5347,75766.52255203122,Sugar1969,Sugar1969,1511,0,1
5348,75769.28913668396,Sugar1969,Sugar1969,1512,0,1
5349,75946.361327278,Sugar1969,Sugar1969,1513,0,3
5350,75972.60093095066,Sugar1969,Sugar1969,1514,0,1
5351,76011.18251892242,Sugar1969,Sugar1969,1515,0,1
5352,76070.32138065565,Sugar1969,Sugar1969,1516,0,2
5353,76095.61857701319,Sugar1969,Sugar1969,1517,0,20
5354,76127.71343682536,Sugar1969,Sugar1969,1518,0,10
5355,76130.27606451687,Sugar1969,Sugar1969,1519,0,2
5356,76139.64371521489,Sugar1969,Sugar1969,1520,0,5
5357,76199.99817641656,Sugar1969,Sugar1969,1521,0,7
5358,76279.28491023564,Sugar1969,Sugar1969,1522,0,1
5359,76283.58935905469,Sugar1969,Sugar1969,1523,0,2
5360,76317.9945145257,Sugar1969,Sugar1969,1524,0,2
5361,76335.81462496241,Sugar1969,Sugar1969,1525,0,1
5362,76345.72018623241,Sugar1969,Sugar1969,1526,0,2
5363,76418.89150623391,Sugar1969,Sugar1969,1527,0,2
5364,76438.91829058208,Sugar1969,Sugar1969,1528,0,2
5365,76498.50759166188,Sugar1969,Sugar1969,1529,0,20
5366,76545.07176947924,Sugar1969,Sugar1969,1530,0,1
5367,76576.00809607327,Sugar1969,Sugar1969,1531,0,1
5368,76583.1050884688,Sugar1969,Sugar1969,1532,0,1
5369,76591.79105869353,Sugar1969,Sugar1969,1533,0,1
5370,76716.48036107804,Sugar1969,Sugar1969,1534,0,2
5371,76748.27623045433,Sugar1969,Sugar1969,1535,0,3
5372,76752.8028060992,Sugar1969,Sugar1969,1536,0,3
5373,76763.8854850217,Sugar1969,Sugar1969,1537,0,10
5374,76886.5891562809,Sugar1969,Sugar1969,1538,0,50
5375,76906.21238240539,Sugar1969,Sugar1969,1539,0,3
5376,76934.27184482051,Sugar1969,Sugar1969,1540,0,30
5377,76958.18644744565,Sugar1969,Sugar1969,1541,0,10
5378,76970.86895884176,Sugar1969,Sugar1969,1542,0,2
5379,77000.4941053472,Sugar1969,Sugar1969,1543,0,40
5380,77004.22036988864,Sugar1969,Sugar1969,1544,0,100
5381,77017.28148811382,Sugar1969,Sugar1969,1545,0,2
5382,77033.36533710688,Sugar1969,Sugar1969,1546,0,10
5383,77051.80940566245,Sugar1969,Sugar1969,1547,0,3
5384,77191.88731437385,Sugar1969,Sugar1969,1548,0,30
5385,77228.41935438555,Sugar1969,Sugar1969,1549,0,2
5386,77252.52156656503,Sugar1969,Sugar1969,1550,0,2
5387,77273.60137805337,Sugar1969,Sugar1969,1551,0,3
5388,77277.18876711607,Sugar1969,Sugar1969,1552,0,10
5389,77334.79666824827,Sugar1969,Sugar1969,1553,0,5
5390,77372.08013396164,Sugar1969,Sugar1969,1554,0,3
5391,77395.6755458509,Sugar1969,Sugar1969,1555,0,1
5392,77453.09588641573,Sugar1969,Sugar1969,1556,0,20
5393,77453.09588641573,Sugar1969,Sugar1969,1556,0,20
5394,77530.38408929449,Sugar1969,Sugar1969,1558,0,1
5395,77579.58472571927,Sugar1969,Sugar1969,1559,0,2
5396,77655.6769393638,Sugar1969,Sugar1969,1560,0,2
5397,77704.0015716601,Sugar1969,Sugar1969,1561,0,300
5398,77728.47317702249,Sugar1969,Sugar1969,1562,0,40
5399,77746.40836410389,Sugar1969,Sugar1969,1563,0,1
5400,77880.21819377536,Sugar1969,Sugar1969,1564,0,10
5401,78223.1331801969,Sugar1969,Sugar1969,1565,0,3
5402,78264.02978521974,Sugar1969,Sugar1969,1566,0,2
5403,78274.62842479532,Sugar1969,Sugar1969,1567,0,50
5404,78291.00100957838,Sugar1969,Sugar1969,1568,0,30
5405,78312.39936331025,Sugar1969,Sugar1969,1569,0,1
5406,78319.77036437532,Sugar1969,Sugar1969,1570,0,2
5407,78332.32608181161,Sugar1969,Sugar1969,1571,0,2
5408,78349.81981195626,Sugar1969,Sugar1969,1572,0,1
5409,78388.28139367414,Sugar1969,Sugar1969,1573,0,1
5410,78436.0347861962,Sugar1969,Sugar1969,1574,0,20
5411,78532.31817135359,Sugar1969,Sugar1969,1575,0,5
5412,78560.70364628707,Sugar1969,Sugar1969,1576,0,20
5413,78565.70325753238,Sugar1969,Sugar1969,1577,0,1
5414,78573.7214741169,Sugar1969,Sugar1969,1578,0,3
5415,78620.42283770358,Sugar1969,Sugar1969,1579,0,10
5416,78626.91615544069,Sugar1969,Sugar1969,1580,0,1
5417,78771.22296079338,Sugar1969,Sugar1969,1581,0,1
5418,78780.79171013323,Sugar1969,Sugar1969,1582,0,1
5419,78787.80172347443,Sugar1969,Sugar1969,1583,0,2
5420,78813.434478126,Sugar1969,Sugar1969,1584,0,2
5421,78859.12106102619,Sugar1969,Sugar1969,1585,0,1
5422,78877.83757814919,Sugar1969,Sugar1969,1586,0,40
5423,78911.97252403539,Sugar1969,Sugar1969,1587,0,2
5424,78943.41530553496,Sugar1969,Sugar1969,1588,0,2
5425,79009.17258539116,Sugar1969,Sugar1969,1589,0,20
5426,79029.70352149126,Sugar1969,Sugar1969,1590,0,5
5427,79029.70352149126,Sugar1969,Sugar1969,1590,0,5
5428,79100.09572398165,Sugar1969,Sugar1969,1592,0,10
5429,79145.91475326457,Sugar1969,Sugar1969,1593,0,20
5430,79159.39324982838,Sugar1969,Sugar1969,1594,0,20
5431,79166.52493004169,Sugar1969,Sugar1969,1595,0,1
5432,79247.40233843001,Sugar1969,Sugar1969,1596,0,20
5433,79302.70512826125,Sugar1969,Sugar1969,1597,0,20
5434,79381.01329182438,Sugar1969,Sugar1969,1598,0,4
5435,79437.01000894606,Sugar1969,Sugar1969,1599,0,4
5436,79443.62881898113,Sugar1969,Sugar1969,1600,0,1
5437,79447.03471283363,Sugar1969,Sugar1969,1601,0,2
5438,79495.30016997036,Sugar1969,Sugar1969,1602,0,1
5439,79501.68817293608,Sugar1969,Sugar1969,1603,0,10
5440,79594.89559599163,Sugar1969,Sugar1969,1604,0,20
5441,79651.58015183525,Sugar1969,Sugar1969,1605,0,1
5442,79670.99335442549,Sugar1969,Sugar1969,1606,0,3
5443,79686.68004995096,Sugar1969,Sugar1969,1607,0,5
5444,79812.48051915156,Sugar1969,Sugar1969,1608,0,7
5445,79812.48051915156,Sugar1969,Sugar1969,1608,0,7
5446,79978.42683386835,Sugar1969,Sugar1969,1610,0,20
5447,79987.82969313541,Sugar1969,Sugar1969,1611,0,10
5448,80062.43452454891,Sugar1969,Sugar1969,1612,0,3
5449,80201.47600891796,Sugar1969,Sugar1969,1613,0,5
5450,80287.69070272322,Sugar1969,Sugar1969,1614,0,5
5451,80342.63198626786,Sugar1969,Sugar1969,1615,0,2
5452,80472.08690843688,Sugar1969,Sugar1969,1616,0,1
5453,80578.41699522753,Sugar1969,Sugar1969,1617,0,5
5454,80679.82852347603,Sugar1969,Sugar1969,1618,0,7
5455,80774.99126077937,Sugar1969,Sugar1969,1619,0,4
5456,80777.00716584396,Sugar1969,Sugar1969,1620,0,2
5457,80867.1682506287,Sugar1969,Sugar1969,1621,0,1
5458,80931.8874479288,Sugar1969,Sugar1969,1622,0,20
5459,80947.48180546162,Sugar1969,Sugar1969,1623,0,1
5460,80994.68563957674,Sugar1969,Sugar1969,1624,0,1
5461,81002.21700163426,Sugar1969,Sugar1969,1625,0,3
5462,81014.2233375567,Sugar1969,Sugar1969,1626,0,1
5463,81027.41941532436,Sugar1969,Sugar1969,1627,0,3
5464,81045.88664538828,Sugar1969,Sugar1969,1628,0,3
5465,81045.88664538828,Sugar1969,Sugar1969,1628,0,3
5466,81065.31963601298,Sugar1969,Sugar1969,1630,0,1
5467,81087.09016179322,Sugar1969,Sugar1969,1631,0,1
5468,81171.59887207474,Sugar1969,Sugar1969,1632,0,1
5469,81301.52790362574,Sugar1969,Sugar1969,1633,0,3
5470,81318.79700905585,Sugar1969,Sugar1969,1634,0,20
5471,81392.79547012702,Sugar1969,Sugar1969,1635,0,10
5472,81428.78748320631,Sugar1969,Sugar1969,1636,0,2
5473,81698.33126936172,Sugar1969,Sugar1969,1637,0,5
5474,81749.38005209302,Sugar1969,Sugar1969,1638,0,1
5475,81762.48053989136,Sugar1969,Sugar1969,1639,0,1
5476,81799.7942929187,Sugar1969,Sugar1969,1640,0,10
5477,81818.72225971126,Sugar1969,Sugar1969,1641,0,2
5478,81821.48411280988,Sugar1969,Sugar1969,1642,0,1
5479,81940.48739443008,Sugar1969,Sugar1969,1643,0,1
5480,81948.48100568367,Sugar1969,Sugar1969,1644,0,4
5481,81968.89504296522,Sugar1969,Sugar1969,1645,0,2
5482,82000.8137784272,Sugar1969,Sugar1969,1646,0,1
5483,82020.4719004522,Sugar1969,Sugar1969,1647,0,20
5484,82065.89586462833,Sugar1969,Sugar1969,1648,0,2
5485,82074.63451531377,Sugar1969,Sugar1969,1649,0,4
5486,82125.80699092594,Sugar1969,Sugar1969,1650,0,40
5487,82137.33102089485,Sugar1969,Sugar1969,1651,0,3
5488,82157.87235179478,Sugar1969,Sugar1969,1652,0,4
5489,82165.01050082124,Sugar1969,Sugar1969,1653,0,1
5490,82237.10866083979,Sugar1969,Sugar1969,1654,0,2
5491,82334.20529114065,Sugar1969,Sugar1969,1655,0,1
5492,82489.80432132006,Sugar1969,Sugar1969,1656,0,1
5493,82504.62934954636,Sugar1969,Sugar1969,1657,0,2
5494,82508.39110146425,Sugar1969,Sugar1969,1658,0,1
5495,82515.47781111569,Sugar1969,Sugar1969,1659,0,60
5496,82568.81018199942,Sugar1969,Sugar1969,1660,0,3
5497,82608.30528918524,Sugar1969,Sugar1969,1661,0,3
5498,82633.82584498006,Sugar1969,Sugar1969,1662,0,4
5499,82639.300639412,Sugar1969,Sugar1969,1663,0,20
5500,82699.91420955776,Sugar1969,Sugar1969,1664,0,2
5501,82717.21896804968,Sugar1969,Sugar1969,1665,0,2
5502,82729.76653531461,Sugar1969,Sugar1969,1666,0,2
5503,82729.76653531461,Sugar1969,Sugar1969,1666,0,2
5504,82762.81471317468,Sugar1969,Sugar1969,1668,0,2
5505,82780.57693442167,Sugar1969,Sugar1969,1669,0,40
5506,82941.09395213112,Sugar1969,Sugar1969,1670,0,2
5507,82952.38273031179,Sugar1969,Sugar1969,1671,0,20
5508,82987.61406539785,Sugar1969,Sugar1969,1672,0,20
5509,83021.22891075783,Sugar1969,Sugar1969,1673,0,4
5510,83051.09865734098,Sugar1969,Sugar1969,1674,0,50
5511,83056.48536823096,Sugar1969,Sugar1969,1675,0,4
5512,83060.2025047017,Sugar1969,Sugar1969,1676,0,2
5513,83094.58301770581,Sugar1969,Sugar1969,1677,0,2
5514,83107.12937731012,Sugar1969,Sugar1969,1678,0,1
5515,83118.19711411321,Sugar1969,Sugar1969,1679,0,10
5516,83121.79213598516,Sugar1969,Sugar1969,1680,0,2
5517,83125.7181598711,Sugar1969,Sugar1969,1681,0,1
5518,83133.1933528866,Sugar1969,Sugar1969,1682,0,1
5519,83159.03100538101,Sugar1969,Sugar1969,1683,0,2
5520,83162.62841792723,Sugar1969,Sugar1969,1684,0,5
5521,83167.77306883688,Sugar1969,Sugar1969,1685,0,4
5522,83194.76264798323,Sugar1969,Sugar1969,1686,0,1
5523,83272.32454478808,Sugar1969,Sugar1969,1687,0,1
5524,83294.11058982855,Sugar1969,Sugar1969,1688,0,3
5525,83315.69876992477,Sugar1969,Sugar1969,1689,0,5
5526,83319.22597665204,Sugar1969,Sugar1969,1690,0,5
5527,83323.60826248789,Sugar1969,Sugar1969,1691,0,8
5528,83328.68705614441,Sugar1969,Sugar1969,1692,0,5
5529,83438.88890078862,Sugar1969,Sugar1969,1693,0,2
5530,83444.67469110375,Sugar1969,Sugar1969,1694,0,40
5531,83481.58836276658,Sugar1969,Sugar1969,1695,0,3
5532,83496.78538190502,Sugar1969,Sugar1969,1696,0,2
5533,83501.1006473218,Sugar1969,Sugar1969,1697,0,50
5534,83506.97188782794,Sugar1969,Sugar1969,1698,0,30
5535,83542.27215964049,Sugar1969,Sugar1969,1699,0,1
5536,83549.67130405718,Sugar1969,Sugar1969,1700,0,10
5537,83576.19450056239,Sugar1969,Sugar1969,1701,0,1
5538,83633.58514539726,Sugar1969,Sugar1969,1702,0,4
5539,83730.3696720153,Sugar1969,Sugar1969,1703,0,20
5540,83836.78203237744,Sugar1969,Sugar1969,1704,0,3
5541,83859.40761034854,Sugar1969,Sugar1969,1705,0,1
5542,83889.30650966638,Sugar1969,Sugar1969,1706,0,15
5543,83906.28217262808,Sugar1969,Sugar1969,1707,0,100
5544,84024.29539765173,Sugar1969,Sugar1969,1708,0,10
5545,84030.58468325702,Sugar1969,Sugar1969,1709,0,100
5546,84091.33116459928,Sugar1969,Sugar1969,1710,0,20
5547,84131.02383157586,Sugar1969,Sugar1969,1711,0,3
5548,84204.21026892956,Sugar1969,Sugar1969,1712,0,15
5549,84212.63579228868,Sugar1969,Sugar1969,1713,0,4
5550,84216.3277280478,Sugar1969,Sugar1969,1714,0,1
5551,84233.50582910521,Sugar1969,Sugar1969,1715,0,2
5552,84341.07910625264,Sugar1969,Sugar1969,1716,0,1
5553,84378.5820196011,Sugar1969,Sugar1969,1717,0,2
5554,84402.00223284728,Sugar1969,Sugar1969,1718,0,1
5555,84474.00934517474,Sugar1969,Sugar1969,1719,0,1
5556,84477.21680430092,Sugar1969,Sugar1969,1720,0,1
5557,84528.78783702572,Sugar1969,Sugar1969,1721,0,1
5558,84545.58410494875,Sugar1969,Sugar1969,1722,0,20
5559,84555.50847556801,Sugar1969,Sugar1969,1723,0,15
5560,84571.97364768786,Sugar1969,Sugar1969,1724,0,6
5561,84602.2170041019,Sugar1969,Sugar1969,1725,0,3
5562,84612.97579136555,Sugar1969,Sugar1969,1726,0,2
5563,84616.40000805525,Sugar1969,Sugar1969,1727,0,1
5564,84744.60899373972,Sugar1969,Sugar1969,1728,0,80
5565,84761.12285140691,Sugar1969,Sugar1969,1729,0,4
5566,84764.50756635655,Sugar1969,Sugar1969,1730,0,4
5567,84849.88918940189,Sugar1969,Sugar1969,1731,0,3
5568,84879.5709754716,Sugar1969,Sugar1969,1732,0,40
5569,84888.78599475692,Sugar1969,Sugar1969,1733,0,5
5570,84896.07203738969,Sugar1969,Sugar1969,1734,0,5
5571,84897.87327109692,Sugar1969,Sugar1969,1735,0,20
5572,84994.40484141289,Sugar1969,Sugar1969,1736,0,5
5573,85060.19809744878,Sugar1969,Sugar1969,1737,0,10
5574,85073.21478049719,Sugar1969,Sugar1969,1738,0,1
5575,85076.697796448,Sugar1969,Sugar1969,1739,0,1
5576,85092.56779668567,Sugar1969,Sugar1969,1740,0,10
5577,85263.91418364139,Sugar1969,Sugar1969,1741,0,30
5578,85390.76889171041,Sugar1969,Sugar1969,1742,0,4
5579,85428.90284298094,Sugar1969,Sugar1969,1743,0,10
5580,85535.59325738292,Sugar1969,Sugar1969,1744,0,10
5581,85704.19812015604,Sugar1969,Sugar1969,1745,0,10
5582,85804.07488900545,Sugar1969,Sugar1969,1746,0,3
5583,85862.02722541911,Sugar1969,Sugar1969,1747,0,1
5584,85925.0307947058,Sugar1969,Sugar1969,1748,0,4
5585,85960.58385637865,Sugar1969,Sugar1969,1749,0,3
5586,86093.19623128421,Sugar1969,Sugar1969,1750,0,7
5587,86098.5201088595,Sugar1969,Sugar1969,1751,0,8
5588,86140.67249869602,Sugar1969,Sugar1969,1752,0,2
5589,86145.91678560396,Sugar1969,Sugar1969,1753,0,3
5590,86153.62881299866,Sugar1969,Sugar1969,1754,0,10
5591,86176.50767139635,Sugar1969,Sugar1969,1755,0,4
5592,86220.41561148361,Sugar1969,Sugar1969,1756,0,20
5593,86244.29604822659,Sugar1969,Sugar1969,1757,0,10
5594,86290.88802383615,Sugar1969,Sugar1969,1758,0,1
5595,86339.22169877849,Sugar1969,Sugar1969,1759,0,5
5596,86358.48107998873,Sugar1969,Sugar1969,1760,0,2
5597,86362.33134357118,Sugar1969,Sugar1969,1761,0,40
5598,86409.59141265575,Sugar1969,Sugar1969,1762,0,20
5599,86474.51300849492,Sugar1969,Sugar1969,1763,0,15
5600,86514.82861743284,Sugar1969,Sugar1969,1764,0,3
5601,86524.11718727442,Sugar1969,Sugar1969,1765,0,40
5602,86532.50796333064,Sugar1969,Sugar1969,1766,0,2
5603,86602.2036852563,Sugar1969,Sugar1969,1767,0,1
5604,86615.62094639432,Sugar1969,Sugar1969,1768,0,1
5605,86648.28714685504,Sugar1969,Sugar1969,1769,0,1
5606,86670.42169806043,Sugar1969,Sugar1969,1770,0,5
5607,86779.41038190442,Sugar1969,Sugar1969,1771,0,10
5608,86811.42131005597,Sugar1969,Sugar1969,1772,0,2
5609,86815.88725402931,Sugar1969,Sugar1969,1773,0,3
5610,86826.80639850815,Sugar1969,Sugar1969,1774,0,5
5611,86840.99073863443,Sugar1969,Sugar1969,1775,0,10
5612,86845.20563264805,Sugar1969,Sugar1969,1776,0,10
5613,86884.29646298687,Sugar1969,Sugar1969,1777,0,2
5614,86917.38162119592,Sugar1969,Sugar1969,1778,0,20
5615,86959.83110912243,Sugar1969,Sugar1969,1779,0,30
5616,86976.19104498722,Sugar1969,Sugar1969,1780,0,20
5617,87018.58078209178,Sugar1969,Sugar1969,1781,0,5
5618,87033.79530474148,Sugar1969,Sugar1969,1782,0,10
5619,87044.61654235047,Sugar1969,Sugar1969,1783,0,100
5620,87070.61404080053,Sugar1969,Sugar1969,1784,0,20
5621,87097.6972981877,Sugar1969,Sugar1969,1785,0,5
5622,87205.48378720006,Sugar1969,Sugar1969,1786,0,1
5623,87209.89075985739,Sugar1969,Sugar1969,1787,0,1
5624,87214.38285066938,Sugar1969,Sugar1969,1788,0,1
5625,87233.69830944043,Sugar1969,Sugar1969,1789,0,4
5626,87255.47882766629,Sugar1969,Sugar1969,1790,0,1
5627,87270.00683228367,Sugar1969,Sugar1969,1791,0,4
5628,87301.48509853556,Sugar1969,Sugar1969,1792,0,10
5629,87319.78228786733,Sugar1969,Sugar1969,1793,0,1
5630,87357.16790986549,Sugar1969,Sugar1969,1794,0,10
5631,87411.89983051027,Sugar1969,Sugar1969,1795,0,1
5632,87417.4009361116,Sugar1969,Sugar1969,1796,0,4
5633,87425.11286749247,Sugar1969,Sugar1969,1797,0,2
5634,87462.89613123296,Sugar1969,Sugar1969,1798,0,50
5635,87470.39449507522,Sugar1969,Sugar1969,1799,0,1
5636,87487.52082580457,Sugar1969,Sugar1969,1800,0,2
5637,87496.71189907317,Sugar1969,Sugar1969,1801,0,20
5638,87505.29626198037,Sugar1969,Sugar1969,1802,0,10
5639,87512.79921010791,Sugar1969,Sugar1969,1803,0,20
5640,87564.77111672238,Sugar1969,Sugar1969,1804,0,20
5641,87575.79801801169,Sugar1969,Sugar1969,1805,0,2
5642,87581.39745642373,Sugar1969,Sugar1969,1806,0,20
5643,87588.90862161285,Sugar1969,Sugar1969,1807,0,40
5644,87606.71002541154,Sugar1969,Sugar1969,1808,0,4
5645,87610.22928877849,Sugar1969,Sugar1969,1809,0,1
5646,87622.29925986643,Sugar1969,Sugar1969,1810,0,3
5647,87630.37553975303,Sugar1969,Sugar1969,1811,0,2
5648,87687.51932189731,Sugar1969,Sugar1969,1812,0,200
5649,87705.90725872606,Sugar1969,Sugar1969,1813,0,30
5650,87733.08359598916,Sugar1969,Sugar1969,1814,0,10
5651,87743.30766278873,Wyart1974,Sugar1969,1815,0,10
5652,87777.41979390512,Sugar1969,Sugar1969,1816,0,1
5653,87789.38477375584,Sugar1969,Sugar1969,1817,0,3
5654,87799.56870950299,Sugar1969,Sugar1969,1818,0,3
5655,87810.02212689442,Sugar1969,Sugar1969,1819,0,2
5656,87818.51113891239,Sugar1969,Sugar1969,1820,0,80
5657,87855.61792403883,Sugar1969,Sugar1969,1821,0,2
5658,87882.27863193692,Sugar1969,Sugar1969,1822,0,30
5659,87888.20828221894,Sugar1969,Sugar1969,1823,0,50
5660,87895.56991440413,Sugar1969,Sugar1969,1824,0,100
5661,87935.50726761253,Sugar1969,Sugar1969,1825,0,20
5662,87962.19835241338,Sugar1969,Sugar1969,1826,0,3
5663,87973.27696379433,Sugar1969,Sugar1969,1827,0,50
5664,87979.52028692284,Sugar1969,Sugar1969,1828,0,8
5665,87985.49559302354,Sugar1969,Sugar1969,1829,0,1
5666,87990.68751262428,Sugar1969,Sugar1969,1830,0,4
5667,88033.81631704375,Sugar1969,Sugar1969,1831,0,20
5668,88040.97292190869,Sugar1969,Sugar1969,1832,0,1
5669,88054.99286737345,Sugar1969,Sugar1969,1833,0,1
5670,88084.91745562576,Sugar1969,Sugar1969,1834,0,10
5671,88105.4102139298,Sugar1969,Sugar1969,1835,0,300
5672,88125.07507048888,Sugar1969,Sugar1969,1836,0,8
5673,88147.50596636233,Sugar1969,Sugar1969,1837,0,4
5674,88160.23377874959,Sugar1969,Sugar1969,1838,0,50
5675,88223.62703120214,Sugar1969,Sugar1969,1839,0,30
5676,88240.08098857518,Sugar1969,Sugar1969,1840,0,20
5677,88272.87636166526,Sugar1969,Sugar1969,1841,0,40
5678,88341.31845558679,Sugar1969,Sugar1969,1842,0,1
5679,88361.17315417454,Sugar1969,Sugar1969,1843,0,2
5680,88373.71799117276,Sugar1969,Sugar1969,1844,0,10
5681,88395.20711227159,Sugar1969,Sugar1969,1845,0,8
5682,88418.28009004338,Sugar1969,Sugar1969,1846,0,15
5683,88436.62701914564,Sugar1969,Sugar1969,1847,0,2
5684,88444.39196840575,Sugar1969,Sugar1969,1848,0,1
5685,88467.17279182628,Sugar1969,Sugar1969,1849,0,3
5686,88483.59671362756,Sugar1969,Sugar1969,1850,0,3
5687,88504.5024753916,Sugar1969,Sugar1969,1851,0,3
5688,88512.4099636324,Sugar1969,Sugar1969,1852,0,10
5689,88569.71422059825,Sugar1969,Sugar1969,1853,0,1
5690,88595.08036419518,Sugar1969,Sugar1969,1854,0,1
5691,88702.27488386843,Sugar1969,Sugar1969,1855,0,40
5692,88722.71302164136,Sugar1969,Sugar1969,1856,0,4
5693,88728.78933814765,Sugar1969,Sugar1969,1857,0,2
5694,88746.72242704022,Sugar1969,Sugar1969,1858,0,5
5695,88760.82257575486,Sugar1969,Sugar1969,1859,0,2
5696,88787.70638948833,Sugar1969,Sugar1969,1860,0,3
5697,88799.83220936608,Sugar1969,Sugar1969,1861,0,300
5698,88815.08378418302,Sugar1969,Sugar1969,1862,0,4
5699,88818.21790859678,Sugar1969,Sugar1969,1863,0,5
5700,88831.62577872373,Sugar1969,Sugar1969,1864,0,20
5701,88841.81384225219,Sugar1969,Sugar1969,1865,0,20
5702,88853.98715452697,Sugar1969,Sugar1969,1866,0,5
5703,88860.82978399147,Sugar1969,Sugar1969,1867,0,1
5704,88915.11768046446,Sugar1969,Sugar1969,1868,0,30
5705,88939.00674330693,Sugar1969,Sugar1969,1869,0,1
5706,88966.87749880762,Sugar1969,Sugar1969,1870,0,1
5707,88974.30259479069,Sugar1969,Sugar1969,1871,0,15
5708,88991.09398468262,Sugar1969,Sugar1969,1872,0,1
5709,88995.91309951023,Sugar1969,Sugar1969,1873,0,3
5710,89039.01748661054,Sugar1969,Sugar1969,1874,0,2
5711,89043.92706322414,Sugar1969,Sugar1969,1875,0,1
5712,89062.81146449206,Sugar1969,Sugar1969,1876,0,3
5713,89095.90501881142,Sugar1969,Sugar1969,1877,0,7
5714,89126.17703194985,Sugar1969,Sugar1969,1878,0,40
5715,89170.10711008294,Sugar1969,Sugar1969,1879,0,3
5716,89196.90953504121,Sugar1969,Sugar1969,1880,0,5
5717,89229.3927991353,Sugar1969,Sugar1969,1881,0,3
5718,89239.72440568627,Sugar1969,Sugar1969,1882,0,2
5719,89248.8119067736,Sugar1969,Sugar1969,1883,0,1
5720,89261.80298114913,Sugar1969,Sugar1969,1884,0,4
5721,89265.2190241365,Sugar1969,Sugar1969,1885,0,1
5722,89309.79757627283,Sugar1969,Sugar1969,1886,0,2
5723,89314.72540829942,Sugar1969,Sugar1969,1887,0,30
5724,89314.72540829942,Sugar1969,Sugar1969,1887,0,30
5725,89321.20214716392,Sugar1969,Sugar1969,1889,0,1
5726,89327.99118030019,Sugar1969,Sugar1969,1890,0,10
5727,89346.27699374092,Sugar1969,Sugar1969,1891,0,40
5728,89353.29249412326,Sugar1969,Sugar1969,1892,0,40
5729,89361.19546839783,Sugar1969,Sugar1969,1893,0,100
5730,89387.61962155979,Sugar1969,Sugar1969,1894,0,4
5731,89404.80870724458,Sugar1969,Sugar1969,1895,0,30
5732,89413.82899178742,Sugar1969,Sugar1969,1896,0,15
5733,89443.28670957006,Sugar1969,Sugar1969,1897,0,8
5734,89447.28685006277,Sugar1969,Sugar1969,1898,0,20
5735,89453.11183271978,Sugar1969,Sugar1969,1899,0,5
5736,89461.2012304582,Sugar1969,Sugar1969,1900,0,10
5737,89485.47478284147,Sugar1969,Sugar1969,1901,0,6
5738,89485.47478284147,Sugar1969,Sugar1969,1901,0,6
5739,89507.09055071088,Sugar1969,Sugar1969,1903,0,3
5740,89551.09351486531,Sugar1969,Sugar1969,1904,0,30
5741,89564.31418064618,Sugar1969,Sugar1969,1905,0,3
5742,89575.08404004469,Sugar1969,Sugar1969,1906,0,30
5743,89575.08404004469,Sugar1969,Sugar1969,1906,0,30
5744,89584.52598715677,Sugar1969,Sugar1969,1908,0,3
5745,89594.58515287608,Sugar1969,Sugar1969,1909,0,50
5746,89627.81244472154,Sugar1969,Sugar1969,1910,0,15
5747,89640.1958852043,Sugar1969,Sugar1969,1911,0,30
5748,89651.60297582405,Sugar1969,Sugar1969,1912,0,10
5749,89657.70835040417,Sugar1969,Sugar1969,1913,0,1
5750,89693.186387887,Sugar1969,Sugar1969,1914,0,60
5751,89719.80849099292,Sugar1969,Sugar1969,1915,0,30
5752,89731.492414521,Sugar1969,Sugar1969,1916,0,1
5753,89748.22319404573,Sugar1969,Sugar1969,1917,0,20
5754,89786.50885160011,Sugar1969,Sugar1969,1918,0,10
5755,89807.80140698655,Sugar1969,Sugar1969,1919,0,10
5756,89850.09099915977,Sugar1969,Sugar1969,1920,0,10
5757,89881.00938600859,Sugar1969,Sugar1969,1921,0,10
5758,89883.68882307892,Sugar1969,Sugar1969,1922,0,5
5759,89895.71268171082,Sugar1969,Sugar1969,1923,0,1
5760,89906.39362956674,Sugar1969,Sugar1969,1924,0,30
5761,89914.9748626788,Sugar1969,Sugar1969,1925,0,10
5762,89924.00859066885,Sugar1969,Sugar1969,1926,0,5
5763,89935.99006604392,Sugar1969,Sugar1969,1927,0,10
5764,89946.8141657718,Sugar1969,Sugar1969,1928,0,40
5765,89952.80649985853,Sugar1969,Sugar1969,1929,0,100
5766,89965.372413627,Sugar1969,Sugar1969,1930,0,20
5767,89970.52093345215,Sugar1969,Sugar1969,1931,0,10
5768,89978.79516680064,Sugar1969,Sugar1969,1932,0,3
5769,89994.90379739655,Sugar1969,Sugar1969,1933,0,50
5770,89999.51388969625,Sugar1969,Sugar1969,1934,0,1
5771,90006.1791232991,Sugar1969,Sugar1969,1935,0,1
5772,90017.27906046889,Sugar1969,Sugar1969,1936,0,1
5773,90036.88739161454,Sugar1969,Sugar1969,1937,0,1
5774,90047.90330963812,Sugar1969,Sugar1969,1938,0,200
5775,90076.11950589369,Sugar1969,Sugar1969,1939,0,30
5776,90083.42127042018,Sugar1969,Sugar1969,1940,0,1
5777,90106.22668306642,Sugar1969,Sugar1969,1941,0,5
5778,90128.81272636204,Sugar1969,Sugar1969,1942,0,15
5779,90158.6259815174,Sugar1969,Sugar1969,1943,0,200
5780,90170.41874191353,Sugar1969,Sugar1969,1944,0,20
5781,90181.17889866185,Sugar1969,Sugar1969,1945,0,10
5782,90186.20449132635,Sugar1969,Sugar1969,1946,0,500
5783,90194.99551957152,Sugar1969,Sugar1969,1947,0,20
5784,90199.97308032373,Sugar1969,Sugar1969,1948,0,3
5785,90243.32475280667,Sugar1969,Sugar1969,1949,0,6
5786,90252.88226188131,Sugar1969,Sugar1969,1950,0,40
5787,90259.97457747013,Sugar1969,Sugar1969,1951,0,80
5788,90259.97457747013,Sugar1969,Sugar1969,1951,0,80
5789,90262.40109891303,Sugar1969,Sugar1969,1953,0,20
5790,90290.51127782367,Sugar1969,Sugar1969,1954,0,100
5791,90326.40209624832,Sugar1969,Sugar1969,1955,0,20
5792,90338.48812604479,Sugar1969,Sugar1969,1956,0,2
5793,90354.22026625239,Sugar1969,Sugar1969,1957,0,3
5794,90369.5906953601,Sugar1969,Sugar1969,1958,0,80
5795,90381.36762008375,Sugar1969,Sugar1969,1959,0,20
5796,90388.02693610036,Sugar1969,Sugar1969,1960,0,10
5797,90390.49759030768,Sugar1969,Sugar1969,1961,0,30
5798,90395.31007339052,Sugar1969,Sugar1969,1962,0,3
5799,90411.00506207535,Sugar1969,Sugar1969,1963,0,4
5800,90419.01188061073,Sugar1969,Sugar1969,1964,0,200
5801,90436.01693724534,Sugar1969,Sugar1969,1965,0,6
5802,90457.47692431323,Sugar1969,Sugar1969,1966,0,2
5803,90466.12144653586,Sugar1969,Sugar1969,1967,0,80
5804,90480.20879614339,Sugar1969,Sugar1969,1968,0,20
5805,90510.5984640808,Sugar1969,Sugar1969,1969,0,2000
5806,90520.5958013368,Sugar1969,Sugar1969,1970,0,10
5807,90536.67369959228,Sugar1969,Sugar1969,1971,0,40
5808,90547.80308959085,Sugar1969,Sugar1969,1972,0,4
5809,90565.51091959153,Sugar1969,Sugar1969,1973,0,2
5810,90597.77851903395,Sugar1969,Sugar1969,1974,0,20
5811,90607.60875982874,Sugar1969,Sugar1969,1975,0,40
5812,90612.11806659952,Sugar1969,Sugar1969,1976,0,10
5813,90616.39996254671,Sugar1969,Sugar1969,1977,0,20
5814,90632.72593529198,Sugar1969,Sugar1969,1978,0,5
5815,90646.61654698156,Sugar1969,Sugar1969,1979,0,8
5816,90649.50220503044,Sugar1969,Sugar1969,1980,0,15
5817,90658.97291098117,Sugar1969,Sugar1969,1981,0,400
5818,90666.91658193599,Sugar1969,Sugar1969,1982,0,1
5819,90698.32442053845,Sugar1969,Sugar1969,1983,0,20
5820,90711.82021520488,Sugar1969,Sugar1969,1984,0,200
5821,90749.11486788797,Sugar1969,Sugar1969,1985,0,20
5822,90764.10944929013,Sugar1969,Sugar1969,1986,0,100
5823,90772.10449506604,Sugar1969,Sugar1969,1987,0,1
5824,90781.81863237146,Sugar1969,Sugar1969,1988,0,1
5825,90853.50302305662,Sugar1969,Sugar1969,1989,0,40
5826,90863.99365444147,Sugar1969,Sugar1969,1990,0,1
5827,90863.99365444147,Sugar1969,Sugar1969,1990,0,1
5828,90866.56958087388,Sugar1969,Sugar1969,1992,0,2
5829,90876.97236329496,Sugar1969,Sugar1969,1993,0,4
5830,90917.8309420011,Sugar1969,Sugar1969,1994,0,4
5831,90925.38504138775,Sugar1969,Sugar1969,1995,0,200
5832,90942.49501549722,Sugar1969,Sugar1969,1996,0,4
5833,90950.01093510138,Sugar1969,Sugar1969,1997,0,20
5834,90959.6088099242,Sugar1969,Sugar1969,1998,0,7
5835,90988.09116540472,Sugar1969,Sugar1969,1999,0,40
5836,90993.39043105395,Sugar1969,Sugar1969,2000,0,3
5837,91013.77433781998,Sugar1969,Sugar1969,2001,0,1
5838,91027.18694659855,Sugar1969,Sugar1969,2002,0,40
5839,91027.18694659855,Sugar1969,Sugar1969,2002,0,40
5840,91032.71773111282,Sugar1969,Sugar1969,2004,0,4
5841,91050.12124555175,Sugar1969,Sugar1969,2005,0,40
5842,91054.51767593781,Sugar1969,Sugar1969,2006,0,20
5843,91061.08822589737,Sugar1969,Sugar1969,2007,0,2
5844,91077.41098171583,Sugar1969,Sugar1969,2008,0,1
5845,91108.29215771244,Sugar1969,Sugar1969,2009,0,100
5846,91145.40360279713,Sugar1969,Sugar1969,2010,0,50
5847,91161.42505360986,Sugar1969,Sugar1969,2011,0,1
5848,91180.07721940528,Sugar1969,Sugar1969,2012,0,20
5849,91180.07721940528,Sugar1969,Sugar1969,2012,0,20
5850,91210.31995493852,Sugar1969,Sugar1969,2014,0,10
5851,91230.80230306515,Sugar1969,Sugar1969,2015,0,100
5852,91234.20973546337,Sugar1969,Sugar1969,2016,0,50
5853,91252.87953233403,Sugar1969,Sugar1969,2017,0,30
5854,91260.37657838642,Sugar1969,Sugar1969,2018,0,100
5855,91275.28270431407,Sugar1969,Sugar1969,2019,0,60
5856,91275.28270431407,Sugar1969,Sugar1969,2019,0,60
5857,91281.42135761499,Sugar1969,Sugar1969,2021,0,30
5858,91290.60155596076,Sugar1969,Sugar1969,2022,0,15
5859,91330.20364856097,Sugar1969,Sugar1969,2023,0,80
5860,91334.38642644434,Sugar1969,Sugar1969,2024,0,30
5861,91338.20851857544,Sugar1969,Sugar1969,2025,0,1
5862,91343.62211139707,Sugar1969,Sugar1969,2026,0,15
5863,91354.49148299299,Sugar1969,Sugar1969,2027,0,1
5864,91367.09364068846,Sugar1969,Sugar1969,2028,0,30
5865,91386.38646973859,Sugar1969,Sugar1969,2029,0,80
5866,91402.81907626316,Sugar1969,Sugar1969,2030,0,3
5867,91418.52443906639,Sugar1969,Sugar1969,2031,0,10
5868,91441.01666091572,Sugar1969,Sugar1969,2032,0,1
5869,91447.7105734413,Sugar1969,Sugar1969,2033,0,80
5870,91470.12085734576,Sugar1969,Sugar1969,2034,0,80
5871,91475.8148372054,Sugar1969,Sugar1969,2035,0,60
5872,91498.82500993721,Sugar1969,Sugar1969,2036,0,20
5873,91530.77128414904,Sugar1969,Sugar1969,2037,0,2
5874,91530.77128414904,Sugar1969,Sugar1969,2037,0,2
5875,91534.78395259625,Sugar1969,Sugar1969,2039,0,6
5876,91547.82654621039,Sugar1969,Sugar1969,2040,0,20
5877,91547.82654621039,Sugar1969,Sugar1969,2040,0,20
5878,91549.87455393362,Sugar1969,Sugar1969,2042,0,20
5879,91549.87455393362,Sugar1969,Sugar1969,2042,0,20
5880,91572.4047761378,Sugar1969,Sugar1969,2044,0,2
5881,91576.51010797471,Sugar1969,Sugar1969,2045,0,3
5882,91602.28255408054,Sugar1969,Sugar1969,2046,0,1
5883,91612.41436109824,Sugar1969,Sugar1969,2047,0,30
5884,91618.98319672726,Sugar1969,Sugar1969,2048,0,70
5885,91622.9098103711,Sugar1969,Sugar1969,2049,0,30
5886,91634.41113581647,Sugar1969,Sugar1969,2050,0,2
5887,91634.41113581647,Sugar1969,Sugar1969,2050,0,2
5888,91650.8881580635,Sugar1969,Sugar1969,2052,0,1
5889,91655.08823773066,Sugar1969,Sugar1969,2053,0,2
5890,91669.42772705882,Wyart1974,Sugar1969,2054,0,2
5891,91672.57458074848,Sugar1969,Sugar1969,2055,0,2
5892,91680.97729664289,Sugar1969,Sugar1969,2056,0,5
5893,91690.47676420324,Sugar1969,Sugar1969,2057,0,50
5894,91698.01604657553,Sugar1969,Sugar1969,2058,0,200
5895,91712.31412536209,Sugar1969,Sugar1969,2059,0,10
5896,91712.31412536209,Sugar1969,Sugar1969,2059,0,10
5897,91742.6083474365,Sugar1969,Sugar1969,2061,0,15
5898,91749.78186850081,Sugar1969,Sugar1969,2062,0,1
5899,91756.23005179048,Sugar1969,Sugar1969,2063,0,4
5900,91756.23005179048,Sugar1969,Sugar1969,2063,0,4
5901,91779.22430752165,Sugar1969,Sugar1969,2065,0,20
5902,91788.23246490666,Sugar1969,Sugar1969,2066,0,15
5903,91801.07861296157,Sugar1969,Sugar1969,2067,0,8
5904,91801.07861296157,Sugar1969,Sugar1969,2067,0,8
5905,91813.29113258068,Sugar1969,Sugar1969,2069,0,1
5906,91833.00848508041,Sugar1969,Sugar1969,2070,0,30
5907,91837.58172722983,Sugar1969,Sugar1969,2071,0,3
5908,91856.11611317033,Sugar1969,Sugar1969,2072,0,500
5909,91863.48179953828,Sugar1969,Sugar1969,2073,0,20
5910,91881.93137759695,Sugar1969,Sugar1969,2074,0,10
5911,91887.78791111964,Sugar1969,Sugar1969,2075,0,10
5912,91901.20362064827,Sugar1969,Sugar1969,2076,0,70
5913,91928.31477299216,Sugar1969,Sugar1969,2077,0,100
5914,91945.49048450605,Sugar1969,Sugar1969,2078,0,4
5915,91948.69784546396,Sugar1969,Sugar1969,2079,0,1
5916,91956.98980998754,Sugar1969,Sugar1969,2080,0,2
5917,91960.97496241212,Sugar1969,Sugar1969,2081,0,2
5918,91965.69598783887,Sugar1969,Sugar1969,2082,0,1
5919,91974.99855251583,Sugar1969,Sugar1969,2083,0,4
5920,91982.42470583414,Sugar1969,Sugar1969,2084,0,4
5921,91990.99333537887,Sugar1969,Sugar1969,2085,0,1
5922,91996.90733184092,Sugar1969,Sugar1969,2086,0,5
5923,92021.70997352926,Sugar1969,Sugar1969,2087,0,40
5924,92030.37396693706,Sugar1969,Sugar1969,2088,0,10
5925,92035.42173208561,Sugar1969,Sugar1969,2089,0,1
5926,92048.12611436666,Wyart1974,Sugar1969,2090,0,2
5927,92053.81282174602,Sugar1969,Sugar1969,2091,0,3
5928,92057.29794044635,Sugar1969,Sugar1969,2092,0,2
5929,92088.22265694196,Sugar1969,Sugar1969,2093,0,40
5930,92095.61009306028,Sugar1969,Sugar1969,2094,0,20
5931,92120.80849101944,Sugar1969,Sugar1969,2095,0,20
5932,92128.97798279028,Sugar1969,Sugar1969,2096,0,1
5933,92133.61779524115,Sugar1969,Sugar1969,2097,0,1
5934,92141.87983609147,Sugar1969,Sugar1969,2098,0,2
5935,92145.83244278519,Sugar1969,Sugar1969,2099,0,10
5936,92156.39169237432,Sugar1969,Sugar1969,2100,0,8
5937,92167.92169753811,Sugar1969,Sugar1969,2101,0,15
5938,92176.69300925775,Sugar1969,Sugar1969,2102,0,10
5939,92176.69300925775,Sugar1969,Sugar1969,2102,0,10
5940,92215.42813793592,Sugar1969,Sugar1969,2104,0,500
5941,92228.61803689723,Sugar1969,Sugar1969,2105,0,8
5942,92233.57963740412,Sugar1969,Sugar1969,2106,0,7
5943,92237.57875577091,Sugar1969,Sugar1969,2107,0,20
5944,92244.88877048237,Sugar1969,Sugar1969,2108,0,1
5945,92256.38224307455,Sugar1969,Sugar1969,2109,0,20
5946,92256.38224307455,Sugar1969,Sugar1969,2109,0,20
5947,92261.48631837714,Sugar1969,Sugar1969,2111,0,40
5948,92266.68209993067,Sugar1969,Sugar1969,2112,0,10
5949,92266.68209993067,Sugar1969,Sugar1969,2112,0,10
5950,92272.43387082595,Sugar1969,Sugar1969,2114,0,20
5951,92276.70911512038,Sugar1969,Sugar1969,2115,0,2
5952,92289.40278603912,Sugar1969,Sugar1969,2116,0,5
5953,92289.40278603912,Sugar1969,Sugar1969,2116,0,5
5954,92302.60496216155,Sugar1969,Sugar1969,2118,0,10
5955,92306.42469341785,Sugar1969,Sugar1969,2119,0,20
5956,92311.8062767486,Sugar1969,Sugar1969,2120,0,1
5957,92336.01051409078,Sugar1969,Sugar1969,2121,0,10
5958,92346.22919054571,Sugar1969,Sugar1969,2122,0,40
5959,92351.10667942183,Sugar1969,Sugar1969,2123,0,8
5960,92361.36940796103,Sugar1969,Sugar1969,2124,0,50
5961,92383.42703872363,Sugar1969,Sugar1969,2125,0,8
5962,92413.68234053464,Sugar1969,Sugar1969,2126,0,20
5963,92417.59893554768,Sugar1969,Sugar1969,2127,0,10
5964,92437.91747890654,Sugar1969,Sugar1969,2128,0,3
5965,92443.12476166776,Sugar1969,Sugar1969,2129,0,10
5966,92457.82533343969,Sugar1969,Sugar1969,2130,0,3
5967,92476.49031409963,Sugar1969,Sugar1969,2131,0,20
5968,92485.3873308674,Sugar1969,Sugar1969,2132,0,5
5969,92488.98307502181,Sugar1969,Sugar1969,2133,0,5
5970,92515.68125829575,Sugar1969,Sugar1969,2134,0,100
5971,92524.30754610233,Sugar1969,Sugar1969,2135,0,6
5972,92545.20347240803,Sugar1969,Sugar1969,2136,0,2
5973,92553.27546299378,Sugar1969,Sugar1969,2137,0,300
5974,92576.57874464287,Sugar1969,Sugar1969,2138,0,50
5975,92583.1785707466,Sugar1969,Sugar1969,2139,0,20
5976,92590.97906457928,Sugar1969,Sugar1969,2140,0,2
5977,92597.12115715639,Sugar1969,Sugar1969,2141,0,3
5978,92599.38044353946,Sugar1969,Sugar1969,2142,0,10
5979,92616.0022239279,Sugar1969,Sugar1969,2143,0,10
5980,92618.49508429396,Sugar1969,Sugar1969,2144,0,10
5981,92639.59920021078,Sugar1969,Sugar1969,2145,0,100
5982,92655.3956008286,Sugar1969,Sugar1969,2146,0,60
5983,92660.89257326526,Sugar1969,Sugar1969,2147,0,1
5984,92671.7038973908,Sugar1969,Sugar1969,2148,0,50
5985,92673.4140497133,Sugar1969,Sugar1969,2149,0,50
5986,92677.29386413787,Sugar1969,Sugar1969,2150,0,10
5987,92706.5927295996,Sugar1969,Sugar1969,2151,0,1
5988,92719.9981232969,Sugar1969,Sugar1969,2152,0,2
5989,92766.79310896619,Sugar1969,Sugar1969,2153,0,2
5990,92777.20117392454,Sugar1969,Sugar1969,2154,0,1
5991,92783.1239356312,Sugar1969,Sugar1969,2155,0,40
5992,92786.59154992239,Sugar1969,Sugar1969,2156,0,4
5993,92796.81811331032,Sugar1969,Sugar1969,2157,0,2
5994,92801.30551885736,Sugar1969,Sugar1969,2158,0,30
5995,92811.62598306988,Sugar1969,Sugar1969,2159,0,10
5996,92817.5938608923,Sugar1969,Sugar1969,2160,0,20
5997,92858.9771954247,Sugar1969,Sugar1969,2161,0,40
5998,92858.9771954247,Sugar1969,Sugar1969,2161,0,40
5999,92865.09014849436,Sugar1969,Sugar1969,2163,0,3
6000,92868.61076079364,Sugar1969,Sugar1969,2164,0,10
6001,92875.69510310766,Sugar1969,Sugar1969,2165,0,2
6002,92908.72314440523,Sugar1969,Sugar1969,2166,0,30
6003,92924.98364429401,Sugar1969,Sugar1969,2167,0,5
6004,92940.18374881077,Sugar1969,Sugar1969,2168,0,100
6005,92962.10973630114,Sugar1969,Sugar1969,2169,0,2
6006,92972.58566244118,Sugar1969,Sugar1969,2170,0,10
6007,92974.39439353149,Sugar1969,Sugar1969,2171,0,50
6008,92977.22454618792,Sugar1969,Sugar1969,2172,0,10
6009,92984.50289666464,Sugar1969,Sugar1969,2173,0,1
6010,93010.52125598108,Sugar1969,Sugar1969,2174,0,1
6011,93035.80276096269,Sugar1969,Sugar1969,2175,0,100
6012,93046.98398024049,Sugar1969,Sugar1969,2176,0,5
6013,93051.90408371003,Sugar1969,Sugar1969,2177,0,40
6014,93058.77027769391,Sugar1969,Sugar1969,2178,0,7
6015,93065.22479148148,Sugar1969,Sugar1969,2179,0,100
6016,93068.79690995101,Sugar1969,Sugar1969,2180,0,5
6017,93079.28660500147,Sugar1969,Sugar1969,2181,0,7
6018,93095.02698304667,Sugar1969,Sugar1969,2182,0,5
6019,93106.30874019477,Sugar1969,Sugar1969,2183,0,5
6020,93118.43036227743,Sugar1969,Sugar1969,2184,0,200
6021,93127.11429362917,Sugar1969,Sugar1969,2185,0,1
6022,93139.28194269676,Sugar1969,Sugar1969,2186,0,100
6023,93167.11322288062,Sugar1969,Sugar1969,2187,0,20
6024,93169.90051581188,Sugar1969,Sugar1969,2188,0,3
6025,93185.70132911086,Sugar1969,Sugar1969,2189,0,200
6026,93231.40019118672,Sugar1969,Sugar1969,2190,0,30
6027,93237.58412674245,Sugar1969,Sugar1969,2191,0,100
6028,93243.02801802248,Sugar1969,Sugar1969,2192,0,20
6029,93246.60796252063,Sugar1969,Sugar1969,2193,0,5
6030,93253.81784121139,Sugar1969,Sugar1969,2194,0,20
6031,93262.97911743328,Sugar1969,Sugar1969,2195,0,8
6032,93274.19149840974,Sugar1969,Sugar1969,2196,0,50
6033,93276.98245313644,Sugar1969,Sugar1969,2197,0,10
6034,93282.799392056,Sugar1969,Sugar1969,2198,0,100
6035,93286.38108312967,Sugar1969,Sugar1969,2199,0,10
6036,93295.31765770215,Sugar1969,Sugar1969,2200,0,200
6037,93328.22492403013,Sugar1969,Sugar1969,2201,0,100
6038,93333.90328696514,Sugar1969,Sugar1969,2202,0,300
6039,93341.5842435492,Sugar1969,Sugar1969,2203,0,50
6040,93352.10896818324,Sugar1969,Sugar1969,2204,0,100
6041,93392.48972330677,Sugar1969,Sugar1969,2205,0,3
6042,93404.0908089859,Sugar1969,Sugar1969,2206,0,7
6043,93409.58890615201,Sugar1969,Sugar1969,2207,0,80
6044,93417.69758196508,Sugar1969,Sugar1969,2208,0,60
6045,93428.60317647296,Sugar1969,Sugar1969,2209,0,10
6046,93436.478589931,Sugar1969,Sugar1969,2210,0,100
6047,93468.32211968859,Sugar1969,Sugar1969,2211,0,500
6048,93478.2068601831,Sugar1969,Sugar1969,2212,0,20
6049,93483.28895250647,Sugar1969,Sugar1969,2213,0,40
6050,93490.98388688582,Sugar1969,Sugar1969,2214,0,100
6051,93499.89308501883,Sugar1969,Sugar1969,2215,0,1
6052,93511.69506939828,Sugar1969,Sugar1969,2216,0,60
6053,93522.19195495079,Sugar1969,Sugar1969,2217,0,5
6054,93535.91113819969,Sugar1969,Sugar1969,2218,0,20
6055,93558.31267540061,Sugar1969,Sugar1969,2219,0,500
6056,93561.11329467097,Sugar1969,Sugar1969,2220,0,5
6057,93566.29345606692,Sugar1969,Sugar1969,2221,0,10
6058,93576.79728355688,Sugar1969,Sugar1969,2222,0,80
6059,93598.18089076842,Sugar1969,Sugar1969,2223,0,200
6060,93609.29634055987,Sugar1969,Sugar1969,2224,0,2
6061,93631.71776519105,Sugar1969,Sugar1969,2225,0,10
6062,93637.32406883835,Sugar1969,Sugar1969,2226,0,300
6063,93640.82820102874,Sugar1969,Sugar1969,2227,0,5
6064,93646.29250306194,Sugar1969,Sugar1969,2228,0,10
6065,93652.32157459218,Sugar1969,Sugar1969,2229,0,20
6066,93676.57272896648,Sugar1969,Sugar1969,2230,0,50
6067,93684.19257685292,Sugar1969,Sugar1969,2231,0,40
6068,93706.02597801965,Sugar1969,Sugar1969,2232,0,10
6069,93710.4206784141,Sugar1969,Sugar1969,2233,0,200
6070,93714.7224856451,Sugar1969,Sugar1969,2234,0,20
6071,93720.70693047474,Sugar1969,Sugar1969,2235,0,10
6072,93729.8271375731,Sugar1969,Sugar1969,2236,0,200
6073,93758.4982308783,Sugar1969,Sugar1969,2237,0,20
6074,93762.89571194675,Sugar1969,Sugar1969,2238,0,2
6075,93767.71576994832,Sugar1969,Sugar1969,2239,0,3
6076,93778.28872937187,Sugar1969,Sugar1969,2240,0,100
6077,93789.00584435568,Sugar1969,Sugar1969,2241,0,20
6078,93789.00584435568,Wyart1974,Sugar1969,2241,0,20
6079,93793.03206230393,Sugar1969,Sugar1969,2242,0,3
6080,93800.79943364816,Sugar1969,Sugar1969,2243,0,20
6081,93805.62168127092,Sugar1969,Sugar1969,2244,0,500
6082,93827.01471774642,Sugar1969,Sugar1969,2245,0,30
6083,93841.62378413422,Sugar1969,Sugar1969,2246,0,10
6084,93845.08693040223,Sugar1969,Sugar1969,2247,0,10
6085,93850.52105433744,Sugar1969,Sugar1969,2248,0,80
6086,93855.81263523974,Sugar1969,Sugar1969,2249,0,20
6087,93867.52238285837,Sugar1969,Sugar1969,2250,0,40
6088,93876.98232650475,Sugar1969,Sugar1969,2251,0,2
6089,93885.41673226906,Sugar1969,Sugar1969,2252,0,20
6090,93899.28340086894,Sugar1969,Sugar1969,2253,0,40
6091,93907.8134086518,Sugar1969,Sugar1969,2254,0,10
6092,93914.79499979527,Sugar1969,Sugar1969,2255,0,50
6093,93928.47980277923,Sugar1969,Sugar1969,2256,0,20
6094,93933.30941136485,Sugar1969,Sugar1969,2257,0,100
6095,93940.90311108838,Sugar1969,Sugar1969,2258,0,40
6096,93950.51441914601,Sugar1969,Sugar1969,2259,0,100
6097,93959.42330417984,Sugar1969,Sugar1969,2260,0,50
6098,93973.72562815734,Sugar1969,Sugar1969,2261,0,10
6099,93975.97383806575,Sugar1969,Sugar1969,2262,0,5
6100,93991.49966794853,Sugar1969,Sugar1969,2263,0,20
6101,93997.50403563012,Sugar1969,Sugar1969,2264,0,60
6102,93997.50403563012,Sugar1969,Sugar1969,2264,0,60
6103,94007.4022589289,Sugar1969,Sugar1969,2266,0,10
6104,94015.61320201062,Sugar1969,Sugar1969,2267,0,20
6105,94041.37298911593,Sugar1969,Sugar1969,2268,0,20
6106,94050.80878330456,Sugar1969,Sugar1969,2269,0,100
6107,94058.97434880823,Sugar1969,Sugar1969,2270,0,70
6108,94064.18560887774,Sugar1969,Sugar1969,2271,0,50
6109,94081.23039949696,Sugar1969,Sugar1969,2272,0,10
6110,94089.39893521123,Sugar1969,Sugar1969,2273,0,5
6111,94102.31400447938,Sugar1969,Sugar1969,2274,0,100
6112,94127.20829887898,Sugar1969,Sugar1969,2275,0,50
6113,94130.40251929776,Sugar1969,Sugar1969,2276,0,50
6114,94153.52025432966,Sugar1969,Sugar1969,2277,0,80
6115,94164.18613804808,Sugar1969,Sugar1969,2278,0,40
6116,94170.01553499178,Sugar1969,Sugar1969,2279,0,20
6117,94171.98810567126,Sugar1969,Sugar1969,2280,0,10
6118,94177.01902362214,Sugar1969,Sugar1969,2281,0,4
6119,94189.00508354198,Sugar1969,Sugar1969,2282,0,10
6120,94197.51486089412,Sugar1969,Sugar1969,2283,0,500
6121,94204.61434099963,Sugar1969,Sugar1969,2284,0,5
6122,94221.58825756043,Sugar1969,Sugar1969,2285,0,200
6123,94236.31023136797,Sugar1969,Sugar1969,2286,0,30
6124,94240.02697458999,Sugar1969,Sugar1969,2287,0,30
6125,94244.30638011082,Sugar1969,Sugar1969,2288,0,5
6126,94246.18695791553,Sugar1969,Sugar1969,2289,0,5
6127,94251.31604582908,Sugar1969,Sugar1969,2290,0,100
6128,94263.40646118986,Sugar1969,Sugar1969,2291,0,100
6129,94274.32352446379,Sugar1969,Sugar1969,2292,0,20
6130,94291.03007791676,Sugar1969,Sugar1969,2293,0,200
6131,94296.39365418289,Sugar1969,Sugar1969,2294,0,10
6132,94317.38770584085,Sugar1969,Sugar1969,2295,0,30
6133,94325.39154259,Sugar1969,Sugar1969,2296,0,40
6134,94332.78335068749,Sugar1969,Sugar1969,2297,0,20
6135,94346.20506326984,Sugar1969,Sugar1969,2298,0,10
6136,94355.48172449083,Sugar1969,Sugar1969,2299,0,20
6137,94365.09074669764,Sugar1969,Sugar1969,2300,0,10
6138,94372.48602857417,Sugar1969,Sugar1969,2301,0,100
6139,94376.39655465771,Sugar1969,Sugar1969,2302,0,100
6140,94392.17863540119,Sugar1969,Sugar1969,2303,0,50
6141,94403.67593422439,Sugar1969,Sugar1969,2304,0,400
6142,94406.41094360343,Sugar1969,Sugar1969,2305,0,100
6143,94414.70504639533,Sugar1969,Sugar1969,2306,0,200
6144,94426.7691791125,Sugar1969,Sugar1969,2307,0,60
6145,94433.3241083011,Sugar1969,Sugar1969,2308,0,10
6146,94449.3047799946,Sugar1969,Sugar1969,2309,0,60
6147,94472.4104518133,Sugar1969,Sugar1969,2310,0,100
6148,94482.87897844629,Sugar1969,Sugar1969,2311,0,3
6149,94486.88862130656,Sugar1969,Sugar1969,2312,0,3
6150,94504.57766248922,Sugar1969,Sugar1969,2313,0,4
6151,94516.37240530459,Sugar1969,Sugar1969,2314,0,20
6152,94526.61381332934,Sugar1969,Sugar1969,2315,0,5
6153,94528.21847152848,Sugar1969,Sugar1969,2316,0,10
6154,94537.326906145,Sugar1969,Sugar1969,2317,0,100
6155,94542.89436040766,Sugar1969,Sugar1969,2318,0,100
6156,94563.52332245724,Sugar1969,Sugar1969,2319,0,10
6157,94566.59024270283,Sugar1969,Sugar1969,2320,0,20
6158,94566.59024270283,Sugar1969,Sugar1969,2320,0,20
6159,94579.6226568548,Sugar1969,Sugar1969,2322,0,400
6160,94586.98695224593,Sugar1969,Sugar1969,2323,0,200
6161,94600.2108127639,Sugar1969,Sugar1969,2324,0,40
6162,94623.92264727903,Sugar1969,Sugar1969,2325,0,10
6163,94623.92264727903,Sugar1969,Sugar1969,2325,0,10
6164,94641.496277682,Sugar1969,Sugar1969,2327,0,8
6165,94650.52260004275,Sugar1969,Sugar1969,2328,0,100
6166,94668.81112837106,Sugar1969,Sugar1969,2329,0,20
6167,94678.02884249172,Sugar1969,Sugar1969,2330,0,50
6168,94694.28864711555,Sugar1969,Sugar1969,2331,0,80
6169,94709.79721916476,Sugar1969,Sugar1969,2332,0,20
6170,94726.77297408097,Sugar1969,Sugar1969,2333,0,20
6171,94760.02952485009,Sugar1969,Sugar1969,2334,0,20
6172,94773.89099475286,Sugar1969,Sugar1969,2335,0,300
6173,94780.27866176583,Sugar1969,Sugar1969,2336,0,30
6174,94821.50703688717,Sugar1969,Sugar1969,2337,0,50
6175,94826.47683201137,Sugar1969,Sugar1969,2338,0,50
6176,94829.41413786403,Sugar1969,Sugar1969,2339,0,80
6177,94836.98892896745,Sugar1969,Sugar1969,2340,0,60
6178,94841.72601352603,Sugar1969,Sugar1969,2341,0,5
6179,94852.99562868528,Sugar1969,Sugar1969,2342,0,7
6180,94887.81304212267,Sugar1969,Sugar1969,2343,0,400
6181,94914.11198007652,Sugar1969,Sugar1969,2344,0,6
6182,94917.9030377806,Sugar1969,Sugar1969,2345,0,3
6183,94917.9030377806,Sugar1969,Sugar1969,2345,0,3
6184,94929.61058462213,Sugar1969,Sugar1969,2347,0,1
6185,94935.77102371062,Sugar1969,Sugar1969,2348,0,40
6186,94943.310393374,Sugar1969,Sugar1969,2349,0,2
6187,94950.80068530583,Sugar1969,Sugar1969,2350,0,1
6188,94957.29611564164,Sugar1969,Sugar1969,2351,0,1
6189,94964.88221321533,Sugar1969,Sugar1969,2352,0,100
6190,94979.39419587796,Sugar1969,Sugar1969,2353,0,100
6191,94983.42708691802,Sugar1969,Sugar1969,2354,0,40
6192,94999.88443108817,Sugar1969,Sugar1969,2355,0,1000
6193,95005.4821262782,Sugar1969,Sugar1969,2356,0,100
6194,95015.82680013134,Sugar1969,Sugar1969,2357,0,3
6195,95033.38139228936,Sugar1969,Sugar1969,2358,0,3
6196,95038.79192014273,Sugar1969,Sugar1969,2359,0,5
6197,95045.00995170887,Sugar1969,Sugar1969,2360,0,5
6198,95063.42757759761,Sugar1969,Sugar1969,2361,0,30
6199,95070.49974073014,Sugar1969,Sugar1969,2362,0,5
6200,95075.8178767375,Sugar1969,Sugar1969,2363,0,200
6201,95081.23105810456,Sugar1969,Sugar1969,2364,0,40
6202,95096.09179471043,Sugar1969,Sugar1969,2365,0,200
6203,95109.19979516235,Sugar1969,Sugar1969,2366,0,30
6204,95116.08619847924,Sugar1969,Sugar1969,2367,0,5
6205,95119.17305869055,Sugar1969,Sugar1969,2368,0,20
6206,95139.07801723859,Sugar1969,Sugar1969,2369,0,10
6207,95151.00517090576,Sugar1969,Sugar1969,2370,0,5
6208,95158.22908467265,Sugar1969,Sugar1969,2371,0,10
6209,95158.22908467265,Sugar1969,Sugar1969,2371,0,10
6210,95168.302827925,Sugar1969,Sugar1969,2373,0,1
6211,95178.9964932504,Sugar1969,Sugar1969,2374,0,7
6212,95184.17668594832,Sugar1969,Sugar1969,2375,0,3
6213,95198.82034264946,Sugar1969,Sugar1969,2376,0,20
6214,95208.80394990236,Sugar1969,Sugar1969,2377,0,100
6215,95228.3950677248,Sugar1969,Sugar1969,2378,0,70
6216,95233.00885797768,Sugar1969,Sugar1969,2379,0,20
6217,95245.89798710942,Sugar1969,Sugar1969,2380,0,1
6218,95279.29571805817,Sugar1969,Sugar1969,2381,0,20
6219,95287.4798395343,Sugar1969,Sugar1969,2382,0,100
6220,95287.4798395343,Sugar1969,Sugar1969,2382,0,100
6221,95308.18325324816,Sugar1969,Sugar1969,2384,0,20
6222,95321.08354487026,Sugar1969,Sugar1969,2385,0,2000
6223,95333.32069127575,Sugar1969,Sugar1969,2386,0,5
6224,95335.8904795518,Sugar1969,Sugar1969,2387,0,15
6225,95355.89039660698,Sugar1969,Sugar1969,2388,0,100
6226,95358.70070654721,Sugar1969,Sugar1969,2389,0,20
6227,95358.70070654721,Sugar1969,Sugar1969,2389,0,20
6228,95361.32102688444,Sugar1969,Sugar1969,2391,0,200
6229,95382.2321219588,Sugar1969,Sugar1969,2392,0,3
6230,95390.90130134826,Sugar1969,Sugar1969,2393,0,4
6231,95396.61934186259,Sugar1969,Sugar1969,2394,0,40
6232,95408.72219470148,Sugar1969,Sugar1969,2395,0,7
6233,95422.9235692818,Sugar1969,Sugar1969,2396,0,3
6234,95426.78228228481,Sugar1969,Sugar1969,2397,0,8
6235,95437.07747187353,Sugar1969,Sugar1969,2398,0,100
6236,95437.07747187353,Sugar1969,Sugar1969,2398,0,100
6237,95442.41800328578,Sugar1969,Sugar1969,2400,0,1
6238,95454.00169504705,Sugar1969,Sugar1969,2401,0,10
6239,95476.7930125508,Sugar1969,Sugar1969,2402,0,10
6240,95478.89120181209,Sugar1969,Sugar1969,2403,0,10
6241,95488.71661029471,Sugar1969,Sugar1969,2404,0,3000
6242,95501.40341635312,Sugar1969,Sugar1969,2405,0,3
6243,95506.60285849455,Sugar1969,Sugar1969,2406,0,1
6244,95516.38158210454,Sugar1969,Sugar1969,2407,0,3
6245,95531.12641129816,Sugar1969,Sugar1969,2408,0,300
6246,95538.37744346686,Sugar1969,Sugar1969,2409,0,20
6247,95548.0190151383,Sugar1969,Sugar1969,2410,0,1
6248,95552.69514525897,Sugar1969,Sugar1969,2411,0,1
6249,95584.48646647611,Sugar1969,Sugar1969,2412,0,500
6250,95591.98234230357,Sugar1969,Sugar1969,2413,0,10
6251,95601.00811870472,Sugar1969,Sugar1969,2414,0,30
6252,95611.41913605711,Sugar1969,Sugar1969,2415,0,10
6253,95615.28623573024,Sugar1969,Sugar1969,2416,0,100
6254,95623.78791390416,Sugar1969,Sugar1969,2417,0,5
6255,95629.08996280523,Sugar1969,Sugar1969,2418,0,20
6256,95647.00488564787,Sugar1969,Sugar1969,2419,0,10
6257,95652.88055508833,Sugar1969,Sugar1969,2420,0,20
6258,95656.17724852217,Sugar1969,Sugar1969,2421,0,300
6259,95671.08649981247,Sugar1969,Sugar1969,2422,0,8
6260,95677.20438662273,Sugar1969,Sugar1969,2423,0,1
6261,95689.29621298412,Sugar1969,Sugar1969,2424,0,1
6262,95694.41137808895,Sugar1969,Sugar1969,2425,0,4
6263,95702.10748976942,Sugar1969,Sugar1969,2426,0,30
6264,95702.10748976942,Sugar1969,Sugar1969,2426,0,30
6265,95707.41426088226,Sugar1969,Sugar1969,2428,0,10
6266,95729.69455869438,Sugar1969,Sugar1969,2429,0,30
6267,95763.50963534857,Sugar1969,Sugar1969,2430,0,50
6268,95766.81047569487,Sugar1969,Sugar1969,2431,0,50
6269,95774.7039321483,Sugar1969,Sugar1969,2432,0,3
6270,95782.78912965943,Sugar1969,Sugar1969,2433,0,500
6271,95788.19627950613,Sugar1969,Sugar1969,2434,0,3
6272,95798.9160362164,Sugar1969,Sugar1969,2435,0,50
6273,95804.08327323607,Sugar1969,Sugar1969,2436,0,500
6274,95818.5855017931,Sugar1969,Sugar1969,2437,0,10
6275,95831.22441740579,Sugar1969,Sugar1969,2438,0,50
6276,95850.23193583301,Sugar1969,Sugar1969,2439,0,5
6277,95856.79040210668,Sugar1969,Sugar1969,2440,0,200
6278,95867.18181458279,Sugar1969,Sugar1969,2441,0,10
6279,95880.59267388309,Sugar1969,Sugar1969,2442,0,1000
6280,95893.9099218811,Sugar1969,Sugar1969,2443,0,10
6281,95909.38346944693,Sugar1969,Sugar1969,2444,0,7
6282,95925.29226377232,Sugar1969,Sugar1969,2445,0,100
6283,95941.10821817776,Sugar1969,Sugar1969,2446,0,2
6284,95946.28380941576,Sugar1969,Sugar1969,2447,0,20
6285,95966.41881860641,Sugar1969,Sugar1969,2448,0,3
6286,95972.69874861393,Sugar1969,Sugar1969,2449,0,60
6287,95981.08929476321,Sugar1969,Sugar1969,2450,0,100
6288,95993.22275464053,Sugar1969,Sugar1969,2451,0,100
6289,96003.82171073381,Sugar1969,Sugar1969,2452,0,100
6290,96009.57560174525,Sugar1969,Sugar1969,2453,0,20
6291,96019.12290577673,Sugar1969,Sugar1969,2454,0,400
6292,96037.49623773985,Sugar1969,Sugar1969,2455,0,200
6293,96042.58166537732,Sugar1969,Sugar1969,2456,0,20
6294,96048.10048022753,Sugar1969,Sugar1969,2457,0,100
6295,96061.297186622,Sugar1969,Sugar1969,2458,0,60
6296,96075.40829259575,Sugar1969,Sugar1969,2459,0,10
6297,96094.17673575458,Sugar1969,Sugar1969,2460,0,50
6298,96099.21938349998,Sugar1969,Sugar1969,2461,0,100
6299,96113.47842701367,Sugar1969,Sugar1969,2462,0,6
6300,96118.08874466427,Sugar1969,Sugar1969,2463,0,3
6301,96131.0081110231,Sugar1969,Sugar1969,2464,0,20
6302,96137.20378697774,Sugar1969,Sugar1969,2465,0,100
6303,96140.99813405276,Sugar1969,Sugar1969,2466,0,50
6304,96146.28133797336,Sugar1969,Sugar1969,2467,0,5
6305,96149.11679487329,Sugar1969,Sugar1969,2468,0,5
6306,96159.10884807972,Sugar1969,Sugar1969,2469,0,10
6307,96174.38689544456,Sugar1969,Sugar1969,2470,0,50
6308,96211.20152541378,Sugar1969,Sugar1969,2471,0,10
6309,96222.97854125136,Sugar1969,Sugar1969,2472,0,60
6310,96227.88255149788,Sugar1969,Sugar1969,2473,0,50
6311,96231.92265096576,Sugar1969,Sugar1969,2474,0,100
6312,96243.31827032375,Sugar1969,Sugar1969,2475,0,5
6313,96249.90590285425,Sugar1969,Sugar1969,2476,0,10
6314,96267.41248097476,Sugar1969,Sugar1969,2477,0,3
6315,96297.28577102367,Sugar1969,Sugar1969,2478,0,10
6316,96306.09131716867,Sugar1969,Sugar1969,2479,0,7
6317,96311.91470910789,Sugar1969,Sugar1969,2480,0,1000
6318,96321.8288558713,Sugar1969,Sugar1969,2481,0,400
6319,96332.99380033748,Sugar1969,Sugar1969,2482,0,40
6320,96351.91260746388,Sugar1969,Sugar1969,2483,0,5
6321,96363.41966862907,Sugar1969,Sugar1969,2484,0,50
6322,96366.69291628613,Sugar1969,Sugar1969,2485,0,50
6323,96377.72096601456,Sugar1969,Sugar1969,2486,0,20
6324,96387.49632043269,Sugar1969,Sugar1969,2487,0,5
6325,96391.87847915941,Sugar1969,Sugar1969,2488,0,2
6326,96391.87847915941,Sugar1969,Sugar1969,2488,0,2
6327,96395.77984495387,Sugar1969,Sugar1969,2490,0,30
6328,96410.42482057509,Sugar1969,Sugar1969,2491,0,10
6329,96448.48804793305,Sugar1969,Sugar1969,2492,0,15
6330,96455.37958022965,Sugar1969,Sugar1969,2493,0,5
6331,96467.09245048504,Sugar1969,Sugar1969,2494,0,10
6332,96486.90618759836,Sugar1969,Sugar1969,2495,0,60
6333,96486.90618759836,Sugar1969,Sugar1969,2495,0,60
6334,96508.89330840611,Sugar1969,Sugar1969,2497,0,40
6335,96511.01593672036,Sugar1969,Sugar1969,2498,0,40
6336,96546.99821512589,Sugar1969,Sugar1969,2499,0,8
6337,96555.39282229515,Sugar1969,Sugar1969,2500,0,30
6338,96566.68323814386,Sugar1969,Sugar1969,2501,0,10
6339,96582.3200029992,Sugar1969,Sugar1969,2502,0,20
6340,96589.22177688275,Sugar1969,Sugar1969,2503,0,10
6341,96594.09588644284,Sugar1969,Sugar1969,2504,0,10
6342,96607.99819905746,Sugar1969,Sugar1969,2505,0,50
6343,96612.48756351485,Sugar1969,Sugar1969,2506,0,2
6344,96624.22081759952,Sugar1969,Sugar1969,2507,0,3
6345,96634.60176561955,Sugar1969,Sugar1969,2508,0,5
6346,96636.63085474054,Sugar1969,Sugar1969,2509,0,30
6347,96680.197570915,Sugar1969,Sugar1969,2510,0,100
6348,96701.11995206018,Sugar1969,Sugar1969,2511,0,7
6349,96707.59471650394,Sugar1969,Sugar1969,2512,0,20
6350,96710.68745016257,Sugar1969,Sugar1969,2513,0,10
6351,96727.99068723233,Sugar1969,Sugar1969,2514,0,10
6352,96731.7134364817,Sugar1969,Sugar1969,2515,0,5
6353,96736.30552380974,Sugar1969,Sugar1969,2516,0,20
6354,96741.72039315804,Sugar1969,Sugar1969,2517,0,20
6355,96744.37805777509,Sugar1969,Sugar1969,2518,0,10
6356,96750.90581474679,Sugar1969,Sugar1969,2519,0,100
6357,96765.70167218405,Sugar1969,Sugar1969,2520,0,5
6358,96774.59966829144,Sugar1969,Sugar1969,2521,0,30
6359,96783.11202297686,Sugar1969,Sugar1969,2522,0,50
6360,96786.01407220043,Sugar1969,Sugar1969,2523,0,20
6361,96798.87957659383,Sugar1969,Sugar1969,2524,0,15
6362,96807.58751426164,Sugar1969,Sugar1969,2525,0,2
6363,96824.37594916277,Sugar1969,Sugar1969,2526,0,70
6364,96852.6869454019,Sugar1969,Sugar1969,2527,0,2
6365,96856.99502857256,Sugar1969,Sugar1969,2528,0,200
6366,96871.17790763991,Sugar1969,Sugar1969,2529,0,10
6367,96878.48859188295,Sugar1969,Sugar1969,2530,0,7
6368,96885.4128998449,Sugar1969,Sugar1969,2531,0,2
6369,96891.41710557647,Sugar1969,Sugar1969,2532,0,400
6370,96911.41734357628,Sugar1969,Sugar1969,2533,0,10
6371,96933.50449307816,Sugar1969,Sugar1969,2534,0,20
6372,96942.80610482222,Sugar1969,Sugar1969,2535,0,300
6373,96952.30229029567,Sugar1969,Sugar1969,2536,0,5
6374,96959.37592037051,Sugar1969,Sugar1969,2537,0,3
6375,96965.28816561478,Sugar1969,Sugar1969,2538,0,2
6376,96977.11379988042,Sugar1969,Sugar1969,2539,0,20
6377,96998.48889468842,Sugar1969,Sugar1969,2540,0,5
6378,97007.21588329613,Sugar1969,Sugar1969,2541,0,300
6379,97022.68168987171,Sugar1969,Sugar1969,2542,0,50
6380,97030.82958629807,Sugar1969,Sugar1969,2543,0,5
6381,97040.28500754062,Sugar1969,Sugar1969,2544,0,20
6382,97056.38788662755,Sugar1969,Sugar1969,2545,0,20
6383,97069.19467529295,Sugar1969,Sugar1969,2546,0,40
6384,97075.5987403169,Sugar1969,Sugar1969,2547,0,3
6385,97082.92575942962,Sugar1969,Sugar1969,2548,0,20
6386,97107.62576922352,Sugar1969,Sugar1969,2549,0,20
6387,97114.61445264654,Sugar1969,Sugar1969,2550,0,200
6388,97122.1856568966,Sugar1969,Sugar1969,2551,0,50
6389,97144.6147841334,Sugar1969,Sugar1969,2552,0,5
6390,97154.90817350958,Sugar1969,Sugar1969,2553,0,10
6391,97161.70638061863,Sugar1969,Sugar1969,2554,0,100
6392,97166.805366219,Sugar1969,Sugar1969,2555,0,30
6393,97178.7040999435,Sugar1969,Sugar1969,2556,0,2000
6394,97191.08973738094,Sugar1969,Sugar1969,2557,0,100
6395,97209.01663896622,Sugar1969,Sugar1969,2558,0,8
6396,97250.07891318174,Sugar1969,Sugar1969,2559,0,10
6397,97260.77270777598,Sugar1969,Sugar1969,2560,0,20
6398,97273.51081298682,Sugar1969,Sugar1969,2561,0,2
6399,97317.08197747383,Sugar1969,Sugar1969,2562,0,100
6400,97324.71982520005,Sugar1969,Sugar1969,2563,0,10
6401,97349.57937760251,Sugar1969,Sugar1969,2564,0,40
6402,97357.12264863585,Sugar1969,Sugar1969,2565,0,3
6403,97378.38908649555,Sugar1969,Sugar1969,2566,0,2
6404,97398.88204558723,Sugar1969,Sugar1969,2567,0,1
6405,97420.59732137245,Sugar1969,Sugar1969,2568,0,20
6406,97426.48923856132,Sugar1969,Sugar1969,2569,0,1
6407,97434.28082226007,Sugar1969,Sugar1969,2570,0,2
6408,97442.02565159323,Sugar1969,Sugar1969,2571,0,100
6409,97448.50303575397,Sugar1969,Sugar1969,2572,0,500
6410,97463.01952521667,Sugar1969,Sugar1969,2573,0,100
6411,97465.99050458251,Sugar1969,Sugar1969,2574,0,10
6412,97471.10630667147,Sugar1969,Sugar1969,2575,0,4
6413,97494.98128979487,Sugar1969,Sugar1969,2576,0,40
6414,97537.82729628842,Sugar1969,Sugar1969,2577,0,10
6415,97547.28499441495,Sugar1969,Sugar1969,2578,0,50
6416,97566.30318002471,Sugar1969,Sugar1969,2579,0,10
6417,97588.49517756669,Sugar1969,Sugar1969,2580,0,10
6418,97622.11068611885,Sugar1969,Sugar1969,2581,0,8
6419,97626.89248758557,Sugar1969,Sugar1969,2582,0,1
6420,97636.21411691782,Sugar1969,Sugar1969,2583,0,5
6421,97644.51111267596,Sugar1969,Sugar1969,2584,0,1
6422,97652.80884751886,Sugar1969,Sugar1969,2585,0,10
6423,97658.52035631926,Sugar1969,Sugar1969,2586,0,20
6424,97687.7164329034,Sugar1969,Sugar1969,2587,0,5
6425,97696.99418167674,Sugar1969,Sugar1969,2588,0,30
6426,97726.1046536053,Sugar1969,Sugar1969,2589,0,100
6427,97730.4035370321,Sugar1969,Sugar1969,2590,0,10
6428,97757.91152864136,Sugar1969,Sugar1969,2591,0,200
6429,97761.28274603252,Sugar1969,Sugar1969,2592,0,10
6430,97775.01639863104,Sugar1969,Sugar1969,2593,0,50
6431,97793.78563302344,Sugar1969,Sugar1969,2594,0,2
6432,97809.57651206177,Sugar1969,Sugar1969,2595,0,2
6433,97818.5253445156,Sugar1969,Sugar1969,2596,0,4
6434,97833.39056626652,Sugar1969,Sugar1969,2597,0,4
6435,97839.99301565622,Sugar1969,Sugar1969,2598,0,4
6436,97860.29210862498,Sugar1969,Sugar1969,2599,0,5
6437,97869.97821576505,Sugar1969,Sugar1969,2600,0,1
6438,97873.59906414642,Sugar1969,Sugar1969,2601,0,30
6439,97873.59906414642,Sugar1969,Sugar1969,2601,0,30
6440,97879.51965510895,Sugar1969,Sugar1969,2603,0,7
6441,97887.78828888878,Sugar1969,Sugar1969,2604,0,15
6442,97909.41963900455,Sugar1969,Sugar1969,2605,0,1000
6443,97928.80299955294,Sugar1969,Sugar1969,2606,0,20
6444,97939.42701543627,Sugar1969,Sugar1969,2607,0,7
6445,97944.17513076201,Sugar1969,Sugar1969,2608,0,50
6446,97980.70803249901,Sugar1969,Sugar1969,2609,0,10
6447,98015.00011213757,Sugar1969,Sugar1969,2610,0,5
6448,98021.0275389228,Sugar1969,Sugar1969,2611,0,5
6449,98034.20928616985,Sugar1969,Sugar1969,2612,0,40
6450,98040.923816404,Sugar1969,Sugar1969,2613,0,2
6451,98049.79463851907,Sugar1969,Sugar1969,2614,0,10
6452,98068.17683386923,Sugar1969,Sugar1969,2615,0,1
6453,98074.69774031977,Sugar1969,Sugar1969,2616,0,60
6454,98074.69774031977,Sugar1969,Sugar1969,2616,0,60
6455,98084.01382676832,Sugar1969,Sugar1969,2618,0,60
6456,98089.79961023926,Sugar1969,Sugar1969,2619,0,1
6457,98105.49220262648,Sugar1969,Sugar1969,2620,0,100
6458,98115.49775503838,Sugar1969,Sugar1969,2621,0,2
6459,98138.50454749986,Sugar1969,Sugar1969,2622,0,200
6460,98146.0112304922,Sugar1969,Sugar1969,2623,0,3
6461,98179.38025684557,Sugar1969,Sugar1969,2624,0,1
6462,98195.82471308364,Sugar1969,Sugar1969,2625,0,5
6463,98208.49010050557,Sugar1969,Sugar1969,2626,0,100
6464,98246.0072029067,Sugar1969,Sugar1969,2627,0,2
6465,98246.0072029067,Sugar1969,Sugar1969,2627,0,2
6466,98278.57561590475,Sugar1969,Sugar1969,2629,0,10
6467,98290.12309153877,Sugar1969,Sugar1969,2630,0,5
6468,98295.08550657798,Sugar1969,Sugar1969,2631,0,50
6469,98298.42780502811,Sugar1969,Sugar1969,2632,0,20
6470,98306.09369222262,Sugar1969,Sugar1969,2633,0,5
6471,98329.2933240419,Sugar1969,Sugar1969,2634,0,10
6472,98356.08787960421,Sugar1969,Sugar1969,2635,0,5
6473,98379.59472143838,Sugar1969,Sugar1969,2636,0,200
6474,98446.01517346683,Sugar1969,Sugar1969,2637,0,20
6475,98451.37943032474,Sugar1969,Sugar1969,2638,0,10
6476,98454.38191633961,Sugar1969,Sugar1969,2639,0,2
6477,98476.68169348336,Sugar1969,Sugar1969,2640,0,5
6478,98489.18765512957,Sugar1969,Sugar1969,2641,0,1
6479,98495.58894144099,Sugar1969,Sugar1969,2642,0,30
6480,98505.68403405156,Sugar1969,Sugar1969,2643,0,8
6481,98517.70136249752,Sugar1969,Sugar1969,2644,0,3
6482,98540.11441352898,Sugar1969,Sugar1969,2645,0,3
6483,98546.42059060339,Sugar1969,Sugar1969,2646,0,10
6484,98558.88568170666,Sugar1969,Sugar1969,2647,0,30
6485,98596.8835334924,Sugar1969,Sugar1969,2648,0,10
6486,98599.69344102708,Sugar1969,Sugar1969,2649,0,100
6487,98634.79783788884,Sugar1969,Sugar1969,2650,0,4
6488,98640.715785742,Sugar1969,Sugar1969,2651,0,30
6489,98671.69066661841,Sugar1969,Sugar1969,2652,0,100
6490,98682.19893696047,Sugar1969,Sugar1969,2653,0,5
6491,98702.82420706726,Sugar1969,Sugar1969,2654,0,80
6492,98733.07816072936,Sugar1969,Sugar1969,2655,0,5
6493,98733.07816072936,Sugar1969,Sugar1969,2655,0,5
6494,98740.08801480367,Sugar1969,Sugar1969,2657,0,1
6495,98784.92313933313,Sugar1969,Sugar1969,2658,0,2
6496,98804.38378861162,Sugar1969,Sugar1969,2659,0,400
6497,98832.89103981678,Sugar1969,Sugar1969,2660,0,50
6498,98881.92141240844,Sugar1969,Sugar1969,2661,0,10
6499,98910.79710434763,Sugar1969,Sugar1969,2662,0,60
6500,98920.39128514602,Sugar1969,Sugar1969,2663,0,10
6501,98955.01778193761,Sugar1969,Sugar1969,2664,0,50
6502,98982.28181439232,Sugar1969,Sugar1969,2665,0,20
6503,98994.90241392462,Sugar1969,Sugar1969,2666,0,20
6504,99006.58372937916,Sugar1969,Sugar1969,2667,0,20
6505,99034.40736978836,Sugar1969,Sugar1969,2668,0,1
6506,99052.08556728605,Sugar1969,Sugar1969,2669,0,1
6507,99105.18948217078,Sugar1969,Sugar1969,2670,0,1
6508,99114.10916687043,Sugar1969,Sugar1969,2671,0,1
6509,99133.38780474775,Sugar1969,Sugar1969,2672,0,15
6510,99146.1762635995,Sugar1969,Sugar1969,2673,0,500
6511,99153.61253953802,Sugar1969,Sugar1969,2674,0,3
6512,99178.30392396332,Sugar1969,Sugar1969,2675,0,2
6513,99184.70089013895,Sugar1969,Sugar1969,2676,0,20
6514,99221.40487446157,Sugar1969,Sugar1969,2677,0,40
6515,99259.61140499216,Sugar1969,Sugar1969,2678,0,40
6516,99259.61140499216,Sugar1969,Sugar1969,2678,0,40
6517,99266.2122131045,Sugar1969,Sugar1969,2680,0,1
6518,99271.72155912816,Sugar1969,Sugar1969,2681,0,7
6519,99296.19422714254,Sugar1969,Sugar1969,2682,0,1
6520,99321.71616349972,Sugar1969,Sugar1969,2683,0,3
6521,99336.31720250756,Sugar1969,Sugar1969,2684,0,5
6522,99365.72452202007,Sugar1969,Sugar1969,2685,0,3
6523,99381.72336482839,Sugar1969,Sugar1969,2686,0,3
6524,99417.70529602963,Sugar1969,Sugar1969,2687,0,10
6525,99417.70529602963,Sugar1969,Sugar1969,2687,0,10
6526,99435.60177711683,Sugar1969,Sugar1969,2689,0,5
6527,99444.70039979539,Sugar1969,Sugar1969,2690,0,1
6528,99474.7864576226,Sugar1969,Sugar1969,2691,0,3
6529,99511.20049519686,Sugar1969,Sugar1969,2692,0,30
6530,99548.77252193794,Sugar1969,Sugar1969,2693,0,2
6531,99575.90313412908,Sugar1969,Sugar1969,2694,0,1
6532,99661.22587767958,Sugar1969,Sugar1969,2695,0,8
6533,99675.22919340433,Sugar1969,Sugar1969,2696,0,10
6534,99713.21245391296,Sugar1969,Sugar1969,2697,0,1
6535,99728.3201097413,Sugar1969,Sugar1969,2698,0,1
6536,99796.90666773717,Sugar1969,Sugar1969,2699,0,20
6537,99847.41661167204,Sugar1969,Sugar1969,2700,0,4
6538,99877.72487795135,Sugar1969,Sugar1969,2701,0,50
6539,99880.42160637943,Sugar1969,Sugar1969,2702,0,20
6540,99937.01985749447,Sugar1969,Sugar1969,2703,0,80
6541,99937.01985749447,Sugar1969,Sugar1969,2703,0,80
6542,99947.51378848136,Sugar1969,Sugar1969,2705,0,7
6543,99964.90616221141,Sugar1969,Sugar1969,2706,0,3
6544,99997.70002645062,Sugar1969,Sugar1969,2707,0,5
6545,100050.1125437593,Sugar1969,Sugar1969,2708,2.91038304567e-11,30
6546,100088.2889500743,Sugar1969,Sugar1969,2709,1.45519152284e-11,3
6547,100088.2889500743,Sugar1969,Sugar1969,2709,1.45519152284e-11,3
6548,100107.0071837969,Sugar1969,Sugar1969,2711,1.45519152284e-11,10
6549,100117.4188329382,Sugar1969,Sugar1969,2712,0,1
6550,100296.0870820765,Sugar1969,Sugar1969,2713,1.45519152284e-11,10
6551,100312.4867603824,Sugar1969,Sugar1969,2715,2.91038304567e-11,1
6552,100312.4867603824,Sugar1969,Sugar1969,2715,2.91038304567e-11,1
6553,100358.7913861284,Sugar1969,Sugar1969,2716,4.36557456851e-11,5
6554,100369.2794039728,Sugar1969,Sugar1969,2717,4.36557456851e-11,10
6555,100405.9204431974,Sugar1969,Sugar1969,2718,4.36557456851e-11,2
6556,100444.8852970455,Sugar1969,Sugar1969,2719,4.36557456851e-11,2
6557,100450.0079638402,Sugar1969,Sugar1969,2720,2.91038304567e-11,5
6558,100464.4233511499,Sugar1969,Sugar1969,2721,4.36557456851e-11,3
6559,100543.1168207541,Sugar1969,Sugar1969,2722,4.36557456851e-11,70
6560,100548.4960556223,Sugar1969,Sugar1969,2723,4.36557456851e-11,6
6561,100565.1882789959,Sugar1969,Sugar1969,2724,2.91038304567e-11,3
6562,100591.187317068,Sugar1969,Sugar1969,2725,4.36557456851e-11,1
6563,100591.187317068,Sugar1969,Sugar1969,2725,4.36557456851e-11,1
6564,100596.0155561799,Sugar1969,Sugar1969,2727,2.91038304567e-11,2
6565,100624.3872814066,Sugar1969,Sugar1969,2728,2.91038304567e-11,100
6566,100639.8843435676,Sugar1969,Sugar1969,2729,4.36557456851e-11,2
6567,100644.1110479236,Sugar1969,Sugar1969,2730,0,1
6568,100662.1781225908,Sugar1969,Sugar1969,2731,2.91038304567e-11,4
6569,100789.2905796784,Sugar1969,Sugar1969,2732,4.36557456851e-11,5
6570,100797.8072348593,Sugar1969,Sugar1969,2733,1.45519152284e-11,30
6571,100933.6177313688,Sugar1969,Sugar1969,2734,0,5
6572,101048.1866323571,Sugar1969,Sugar1969,2735,1.45519152284e-11,2
6573,101073.2987005959,Sugar1969,Sugar1969,2736,1.45519152284e-11,20
6574,101178.4122644692,Sugar1969,Sugar1969,2737,2.91038304567e-11,2
6575,101214.4865599444,Sugar1969,Sugar1969,2738,2.91038304567e-11,60
6576,101218.6867395442,Sugar1969,Sugar1969,2739,1.45519152284e-11,3
6577,101281.811084674,Sugar1969,Sugar1969,2740,1.45519152284e-11,4
6578,101314.7813317052,Sugar1969,Sugar1969,2741,1.45519152284e-11,2
6579,101432.2111674777,Sugar1969,Sugar1969,2742,4.36557456851e-11,2
6580,101510.488302036,Sugar1969,Sugar1969,2743,0,3
6581,101633.5787843035,Sugar1969,Sugar1969,2744,0,3
6582,101681.7067016573,Sugar1969,Sugar1969,2745,2.91038304567e-11,8
6583,101750.5076621774,Sugar1969,Sugar1969,2746,1.45519152284e-11,4
6584,101759.5115469316,Sugar1969,Sugar1969,2747,1.45519152284e-11,20
6585,101797.775038887,Sugar1969,Sugar1969,2748,1.45519152284e-11,1
6586,102051.3162437697,Sugar1969,Sugar1969,2749,0,1
6587,102072.6942472799,Sugar1969,Sugar1969,2750,4.36557456851e-11,2
6588,102122.3027582761,Sugar1969,Sugar1969,2751,0,1
6589,102122.3027582761,Sugar1969,Sugar1969,2751,0,1
6590,102249.3924527073,Sugar1969,Sugar1969,2753,4.36557456851e-11,4
6591,102257.0080618299,Sugar1969,Sugar1969,2754,4.36557456851e-11,7
6592,102388.1000216581,Sugar1969,Sugar1969,2755,2.91038304567e-11,10
6593,102645.0813114364,Sugar1969,Sugar1969,2756,1.45519152284e-11,2
6594,102764.3817134665,Sugar1969,Sugar1969,2757,1.45519152284e-11,3
6595,102852.8136453116,Sugar1969,Sugar1969,2758,4.36557456851e-11,1
6596,102864.9980490967,Sugar1969,Sugar1969,2759,0,2
6597,102915.0855495591,Sugar1969,Sugar1969,2760,4.36557456851e-11,10
6598,102948.6260860564,Sugar1969,Sugar1969,2761,1.45519152284e-11,1
6599,103015.588206499,Sugar1969,Sugar1969,2762,2.91038304567e-11,5
6600,103085.888582338,Sugar1969,Sugar1969,2763,4.36557456851e-11,10
6601,103189.5954232932,Sugar1969,Sugar1969,2764,1.45519152284e-11,20
6602,103290.821683464,Sugar1969,Sugar1969,2765,2.91038304567e-11,2
6603,103462.798289919,Sugar1969,Sugar1969,2766,2.91038304567e-11,2
6604,103593.3196420143,Sugar1969,Sugar1969,2767,2.91038304567e-11,10
6605,103677.3145042454,Sugar1969,Sugar1969,2768,2.91038304567e-11,1
6606,103750.695941495,Sugar1969,Sugar1969,2769,1.45519152284e-11,10
6607,104727.7107255088,Sugar1969,Sugar1969,2770,1.45519152284e-11,8
6608,106803.8135872207,Sugar1969,Sugar1969,2771,0,5
6609,106946.6043815008,Sugar1969,Sugar1969,2772,2.91038304567e-11,3
6610,106955.301463531,Sugar1969,Sugar1969,2773,1.45519152284e-11,5
6611,107057.8995906727,Sugar1969,Sugar1969,2774,0,2
6612,107273.5903881556,Sugar1969,Sugar1969,2775,1.45519152284e-11,3
6613,107393.7156993235,Sugar1969,Sugar1969,2776,0,40
6614,108695.2990536711,Sugar1969,Sugar1969,2777,2.91038304567e-11,1
6615,109333.2128818404,Sugar1969,Sugar1969,2778,4.36557456851e-11,1
6616,109430.1174744678,Sugar1969,Sugar1969,2779,1.45519152284e-11,60
6617,109608.2836611934,Sugar1969,Sugar1969,2780,1.45519152284e-11,1
6618,109902.9047857028,Sugar1969,Sugar1969,2781,2.91038304567e-11,4
6619,110241.0855206369,Sugar1969,Sugar1969,2782,0,1
6620,110572.2223071238,Sugar1969,Sugar1969,2783,2.91038304567e-11,2
6621,110648.1040981548,Sugar1969,Sugar1969,2784,1.45519152284e-11,2
6622,110742.0975419696,Sugar1969,Sugar1969,2785,1.45519152284e-11,3
6623,111585.7087766408,Sugar1969,Sugar1969,2786,2.91038304567e-11,1
6624,111775.9115193669,Sugar1969,Sugar1969,2787,0,3
6625,112324.7066665546,Sugar1969,Sugar1969,2788,1.45519152284e-11,1
6626,112448.4994565522,Sugar1969,Sugar1969,2789,0,2
6627,112580.0116365198,Sugar1969,Sugar1969,2790,4.36557456851e-11,1
6628,112693.8127803488,Sugar1969,Sugar1969,2791,4.36557456851e-11,4
6629,112837.1165119941,Sugar1969,Sugar1969,2792,2.91038304567e-11,2
6630,112920.9937323896,Sugar1969,Sugar1969,2793,4.36557456851e-11,2
6631,112958.7150532001,Sugar1969,Sugar1969,2794,4.36557456851e-11,20
6632,113101.9836479762,Sugar1969,Sugar1969,2795,2.91038304567e-11,40
6633,113142.9023796251,Sugar1969,Sugar1969,2796,2.91038304567e-11,3
6634,113251.5870334393,Sugar1969,Sugar1969,2797,0,3
6635,113335.5035378801,Sugar1969,Sugar1969,2798,1.45519152284e-11,1
6636,113431.2943622854,Sugar1969,Sugar1969,2799,1.45519152284e-11,3
6637,113597.2187743689,Sugar1969,Sugar1969,2800,1.45519152284e-11,10
6638,113657.0106982313,Sugar1969,Sugar1969,2801,2.91038304567e-11,2
6639,113708.5979177349,Sugar1969,Sugar1969,2802,2.91038304567e-11,10
6640,113798.1142078695,Sugar1969,Sugar1969,2803,4.36557456851e-11,1
6641,113867.3123717838,Sugar1969,Sugar1969,2804,1.45519152284e-11,10
6642,114109.0030925179,Sugar1969,Sugar1969,2805,2.91038304567e-11,2
6643,114115.5070999009,Sugar1969,Sugar1969,2806,2.91038304567e-11,1
6644,114241.419932001,Sugar1969,Sugar1969,2807,4.36557456851e-11,1
6645,114327.5094131368,Sugar1969,Sugar1969,2808,4.36557456851e-11,2
6646,114353.5155986627,Sugar1969,Sugar1969,2809,4.36557456851e-11,1
6647,114393.8120924085,Sugar1969,Sugar1969,2810,0,1
6648,114397.2129939231,Sugar1969,Sugar1969,2811,4.36557456851e-11,1
6649,114409.7999579192,Sugar1969,Sugar1969,2812,2.91038304567e-11,1
6650,114449.3162563213,Sugar1969,Sugar1969,2813,1.45519152284e-11,1
6651,114604.1063365959,Sugar1969,Sugar1969,2814,4.36557456851e-11,1
6652,114665.2085804521,Sugar1969,Sugar1969,2815,2.91038304567e-11,30
6653,114687.8156148324,Sugar1969,Sugar1969,2816,1.45519152284e-11,1
6654,114718.4992729167,Sugar1969,Sugar1969,2817,1.45519152284e-11,3
6655,114801.4883378576,Sugar1969,Sugar1969,2818,2.91038304567e-11,2
6656,114824.6884867354,Sugar1969,Sugar1969,2819,0,1
6657,114995.6871444693,Sugar1969,Sugar1969,2820,2.91038304567e-11,1
6658,115133.3851184971,Sugar1969,Sugar1969,2821,2.91038304567e-11,10
6659,115142.3904067661,Sugar1969,Sugar1969,2822,4.36557456851e-11,1
6660,115152.4182463968,Sugar1969,Sugar1969,2823,2.91038304567e-11,1
6661,115435.4185115357,Sugar1969,Sugar1969,2824,4.36557456851e-11,4
6662,115618.987848872,Sugar1969,Sugar1969,2825,1.45519152284e-11,1
6663,115662.8103861435,Sugar1969,Sugar1969,2826,1.45519152284e-11,1
6664,115697.8963001218,Sugar1969,Sugar1969,2827,0,1
6665,115748.6160546744,Sugar1969,Sugar1969,2828,2.91038304567e-11,8
6666,115828.0049757744,Sugar1969,Sugar1969,2829,2.91038304567e-11,1
6667,115857.2887496993,Sugar1969,Sugar1969,2830,2.91038304567e-11,3
6668,115898.6091965316,Sugar1969,Sugar1969,2831,4.36557456851e-11,2
6669,115951.8152728695,Sugar1969,Sugar1969,2832,2.91038304567e-11,2
6670,115978.7138032445,Sugar1969,Sugar1969,2833,1.45519152284e-11,1
6671,116071.8981996303,Sugar1969,Sugar1969,2834,1.45519152284e-11,2
6672,116076.8929102456,Sugar1969,Sugar1969,2835,2.91038304567e-11,1
6673,116102.6073780821,Sugar1969,Sugar1969,2836,2.91038304567e-11,1
6674,116181.6880584014,Sugar1969,Sugar1969,2837,1.45519152284e-11,2
6675,116208.5120019738,Sugar1969,Sugar1969,2838,2.91038304567e-11,2
6676,116236.7876096106,Sugar1969,Sugar1969,2839,1.45519152284e-11,3
6677,116285.0067999092,Sugar1969,Sugar1969,2840,2.91038304567e-11,2
6678,116315.595566698,Sugar1969,Sugar1969,2841,1.45519152284e-11,3
6679,116341.1871051897,Sugar1969,Sugar1969,2842,4.36557456851e-11,1
6680,116373.9098975597,Sugar1969,Sugar1969,2843,1.45519152284e-11,1
6681,116400.6048184373,Sugar1969,Sugar1969,2844,2.91038304567e-11,7
6682,116587.7846141636,Sugar1969,Sugar1969,2845,2.91038304567e-11,8
6683,116602.5909141444,Sugar1969,Sugar1969,2846,4.36557456851e-11,1
6684,116638.7828562031,Sugar1969,Sugar1969,2847,0,5
6685,116657.509990596,Sugar1969,Sugar1969,2848,4.36557456851e-11,1
6686,116673.7089121703,Sugar1969,Sugar1969,2849,2.91038304567e-11,1
6687,116709.8036398995,Sugar1969,Sugar1969,2850,4.36557456851e-11,1
6688,116721.5090275893,Sugar1969,Sugar1969,2851,0,2
6689,116783.5166198855,Sugar1969,Sugar1969,2852,4.36557456851e-11,1
6690,116796.2114023938,Sugar1969,Sugar1969,2853,2.91038304567e-11,20
6691,116848.6135978445,Sugar1969,Sugar1969,2854,0,3
6692,116860.9099418926,Sugar1969,Sugar1969,2855,1.45519152284e-11,20
6693,116901.3880183714,Sugar1969,Sugar1969,2856,1.45519152284e-11,1
6694,116953.8882887849,Sugar1969,Sugar1969,2857,4.36557456851e-11,1
6695,117001.2042215406,Sugar1969,Sugar1969,2858,2.91038304567e-11,1
6696,117061.2006732885,Sugar1969,Sugar1969,2859,2.91038304567e-11,1
6697,117125.9060336398,Sugar1969,Sugar1969,2860,1.45519152284e-11,2
6698,117176.5862990079,Sugar1969,Sugar1969,2861,1.45519152284e-11,10
6699,117189.6019925855,Sugar1969,Sugar1969,2862,1.45519152284e-11,2
6700,117201.8103070708,Sugar1969,Sugar1969,2863,2.91038304567e-11,4
6701,117216.8014547504,Sugar1969,Sugar1969,2864,0,1
6702,117225.8907065922,Sugar1969,Sugar1969,2865,4.36557456851e-11,1
6703,117237.6973649979,Sugar1969,Sugar1969,2866,1.45519152284e-11,1
6704,117389.2058163607,Sugar1969,Sugar1969,2867,2.91038304567e-11,2
6705,117436.5007178903,Sugar1969,Sugar1969,2868,2.91038304567e-11,2
6706,117448.3875384357,Sugar1969,Sugar1969,2869,4.36557456851e-11,3
6707,117458.9952671988,Sugar1969,Sugar1969,2870,1.45519152284e-11,8
6708,117467.2878822378,Sugar1969,Sugar1969,2871,2.91038304567e-11,200
6709,117485.606801665,Sugar1969,Sugar1969,2872,2.91038304567e-11,15
6710,117522.2030126224,Sugar1969,Sugar1969,2873,2.91038304567e-11,5
6711,117601.2874714356,Sugar1969,Sugar1969,2874,4.36557456851e-11,5
6712,117625.4900798904,Sugar1969,Sugar1969,2875,4.36557456851e-11,10
6713,117638.6056679404,Sugar1969,Sugar1969,2876,4.36557456851e-11,1
6714,117645.5124681242,Sugar1969,Sugar1969,2877,1.45519152284e-11,1
6715,117661.5977683036,Sugar1969,Sugar1969,2878,4.36557456851e-11,20
6716,117674.3108246071,Sugar1969,Sugar1969,2879,0,20
6717,117824.7884857844,Sugar1969,Sugar1969,2880,4.36557456851e-11,1
6718,117833.2120687474,Sugar1969,Sugar1969,2881,1.45519152284e-11,10
6719,117863.3907087221,Sugar1969,Sugar1969,2882,1.45519152284e-11,1
6720,117962.2089009932,Sugar1969,Sugar1969,2883,1.45519152284e-11,1
6721,117997.7069025576,Sugar1969,Sugar1969,2884,0,3
6722,118124.4069400375,Sugar1969,Sugar1969,2885,1.45519152284e-11,2
6723,118174.1052124865,Sugar1969,Sugar1969,2886,1.45519152284e-11,2
6724,118243.8143668475,Sugar1969,Sugar1969,2887,1.45519152284e-11,7
6725,118310.8176730265,Sugar1969,Sugar1969,2888,0,10
6726,118333.9839957713,Sugar1969,Sugar1969,2889,1.45519152284e-11,5
6727,118372.8978249181,Sugar1969,Sugar1969,2890,0,3
6728,118427.9955854827,Sugar1969,Sugar1969,2891,4.36557456851e-11,100
6729,118483.6976737693,Sugar1969,Sugar1969,2892,1.45519152284e-11,2
6730,118499.292511914,Sugar1969,Sugar1969,2893,0,10
6731,118547.7143637161,Sugar1969,Sugar1969,2894,2.91038304567e-11,40
6732,118576.4063638253,Sugar1969,Sugar1969,2895,2.91038304567e-11,200
6733,118580.091519798,Sugar1969,Sugar1969,2896,2.91038304567e-11,10
6734,118694.7948640073,Sugar1969,Sugar1969,2897,0,40
6735,118710.7022626483,Sugar1969,Sugar1969,2898,1.45519152284e-11,1
6736,118746.5039558241,Sugar1969,Sugar1969,2899,2.91038304567e-11,1
6737,118766.2187753495,Sugar1969,Sugar1969,2900,2.91038304567e-11,3
6738,118796.0087027423,Sugar1969,Sugar1969,2901,1.45519152284e-11,1
6739,118817.3132731631,Sugar1969,Sugar1969,2902,2.91038304567e-11,20
6740,118845.8879949033,Sugar1969,Sugar1969,2903,2.91038304567e-11,8
6741,118903.9144885485,Sugar1969,Sugar1969,2904,0,4
6742,118921.6062535656,Sugar1969,Sugar1969,2905,4.36557456851e-11,30
6743,118924.3019560284,Sugar1969,Sugar1969,2906,4.36557456851e-11,10
6744,118982.6011828686,Sugar1969,Sugar1969,2907,0,6
6745,119007.6888464009,Sugar1969,Sugar1969,2908,2.91038304567e-11,8
6746,119039.5137514605,Sugar1969,Sugar1969,2909,4.36557456851e-11,60
6747,119048.3091965156,Sugar1969,Sugar1969,2910,1.45519152284e-11,60
6748,119101.6133287018,Sugar1969,Sugar1969,2911,4.36557456851e-11,1
6749,119114.4027207971,Sugar1969,Sugar1969,2912,0,1
6750,119122.2040624075,Sugar1969,Sugar1969,2913,4.36557456851e-11,2
6751,119138.6917189107,Sugar1969,Sugar1969,2914,2.91038304567e-11,30
6752,119199.0100029192,Sugar1969,Sugar1969,2915,0,30
6753,119216.6169630567,Sugar1969,Sugar1969,2916,2.91038304567e-11,1
6754,119372.7893516431,Sugar1969,Sugar1969,2917,2.91038304567e-11,2
6755,119442.4967820962,Sugar1969,Sugar1969,2918,4.36557456851e-11,3
6756,119510.8887920763,Sugar1969,Sugar1969,2919,1.45519152284e-11,8
6757,119575.0099666128,Sugar1969,Sugar1969,2920,1.45519152284e-11,1
6758,119639.6977369053,Sugar1969,Sugar1969,2921,2.91038304567e-11,15
6759,119815.4118599965,Sugar1969,Sugar1969,2922,4.36557456851e-11,1
6760,119979.1907608403,Sugar1969,Sugar1969,2923,0,10
6761,120020.6141627077,Sugar1969,Sugar1969,2924,1.45519152284e-11,10
6762,120101.2069172525,Sugar1969,Sugar1969,2925,1.45519152284e-11,2
6763,120168.6066796028,Sugar1969,Sugar1969,2926,0,1
6764,120190.4096270935,Sugar1969,Sugar1969,2927,4.36557456851e-11,1
6765,120204.0033183495,Sugar1969,Sugar1969,2928,4.36557456851e-11,3
6766,120214.5867069537,Sugar1969,Sugar1969,2929,4.36557456851e-11,10
6767,120298.4117509228,Sugar1969,Sugar1969,2930,2.91038304567e-11,200
6768,120317.2169696476,Sugar1969,Sugar1969,2931,1.45519152284e-11,1
6769,120347.5049990623,Sugar1969,Sugar1969,2932,4.36557456851e-11,2
6770,120425.9072191225,Sugar1969,Sugar1969,2933,1.45519152284e-11,1
6771,120473.0915228123,Sugar1969,Sugar1969,2934,2.91038304567e-11,2
6772,120579.9967086184,Sugar1969,Sugar1969,2935,1.45519152284e-11,3
6773,120719.8925632918,Sugar1969,Sugar1969,2936,4.36557456851e-11,50
6774,120748.3004393329,Sugar1969,Sugar1969,2937,1.45519152284e-11,1
6775,120753.4014849632,Sugar1969,Sugar1969,2938,1.45519152284e-11,1
6776,120868.5877110386,Sugar1969,Sugar1969,2939,1.45519152284e-11,1
6777,121066.9960534426,Sugar1969,Sugar1969,2940,2.91038304567e-11,30
6778,121152.7977988119,Sugar1969,Sugar1969,2941,1.45519152284e-11,7
6779,121229.7856423408,Sugar1969,Sugar1969,2942,1.45519152284e-11,3
6780,121279.4157050814,Sugar1969,Sugar1969,2943,1.45519152284e-11,1
6781,121489.4036465014,Sugar1969,Sugar1969,2944,1.45519152284e-11,1
6782,121547.2990862859,Sugar1969,Sugar1969,2945,1.45519152284e-11,2
6783,121585.4079462858,Sugar1969,Sugar1969,2946,1.45519152284e-11,15
6784,121663.095523771,Sugar1969,Sugar1969,2947,4.36557456851e-11,10
